2025-08-17 14:04:26,647 - VALO360 - DEBUG - 找到指令檔: M:\PYTHON\360-command-toola_HOME\dist\VALO360指令通V1.9.5\Command_TABLE\command.txt
2025-08-17 14:04:26,671 - VALO360 - INFO - 成功載入 94 個指令
2025-08-17 14:04:26,684 - VALO360 - INFO - 運行日誌: main.py 啟動
2025-08-17 14:04:26,684 - VALO360 - INFO - 指令通主程式啟動
2025-08-17 14:04:26,687 - VALO360 - INFO - 運行日誌: 成功 import TabManager
2025-08-17 14:04:26,687 - VALO360 - INFO - UI模組導入成功
2025-08-17 14:04:26,690 - VALO360 - INFO - 日誌系統初始化完成
2025-08-17 14:04:26,690 - VALO360 - DEBUG - ConfigManager: 自動保存已禁用
2025-08-17 14:04:26,690 - VALO360 - INFO - ConfigManager自動保存已禁用
2025-08-17 14:04:26,690 - VALO360 - INFO - 未找到關鍵字高亮設定文件，使用空設定
2025-08-17 14:04:27,023 - VALO360 - DEBUG - 配置已備份至: backup\setup_backup_20250817_140427.json
2025-08-17 14:04:27,023 - VALO360 - DEBUG - 配置載入成功
2025-08-17 14:04:27,024 - VALO360 - INFO - 統一設定管理器已初始化
2025-08-17 14:04:27,055 - VALO360 - DEBUG - 自動保存已禁用，跳過配置保存
2025-08-17 14:04:27,063 - VALO360 - DEBUG - 找到 3 個COM口: ['COM1', 'COM3', 'COM4']
2025-08-17 14:04:27,230 - VALO360 - DEBUG - 自動保存已禁用，跳過配置保存
2025-08-17 14:04:27,761 - VALO360 - DEBUG - 找到 3 個COM口: ['COM1', 'COM3', 'COM4']
2025-08-17 14:04:28,242 - VALO360 - INFO - 應用程式圖示設置成功: M:\PYTHON\360-command-toola_HOME\dist\VALO360指令通V1.9.5\_internal\assets\icon.ico
2025-08-17 14:04:28,242 - VALO360 - INFO - 視窗設置完成: PEGA指令通_1.9.4 (1522x749)
2025-08-17 14:04:28,242 - VALO360 - INFO - 程式啟動時更新標籤頁名稱
2025-08-17 14:04:28,242 - VALO360 - INFO - 應用程式啟動完成，進入主循環
2025-08-17 14:04:28,246 - VALO360 - DEBUG - 找到 3 個COM口: ['COM1', 'COM3', 'COM4']
2025-08-17 14:04:28,247 - VALO360 - DEBUG - 自動保存已禁用，跳過配置保存
2025-08-17 14:04:28,247 - VALO360 - DEBUG - 自動保存已禁用，跳過配置保存
2025-08-17 14:04:28,247 - VALO360 - DEBUG - 自動保存已禁用，跳過配置保存
2025-08-17 14:04:28,247 - VALO360 - DEBUG - 自動保存已禁用，跳過配置保存
2025-08-17 14:04:28,282 - VALO360 - DEBUG - 自動保存已禁用，跳過配置保存
2025-08-17 14:04:28,282 - VALO360 - DEBUG - 自動保存已禁用，跳過配置保存
2025-08-17 14:04:28,282 - VALO360 - DEBUG - 自動保存已禁用，跳過配置保存
2025-08-17 14:04:28,283 - VALO360 - DEBUG - 自動保存已禁用，跳過配置保存
2025-08-17 14:04:28,289 - VALO360 - DEBUG - 自動保存已禁用，跳過配置保存
2025-08-17 14:04:28,289 - VALO360 - DEBUG - 自動保存已禁用，跳過配置保存
2025-08-17 14:04:28,289 - VALO360 - DEBUG - 自動保存已禁用，跳過配置保存
2025-08-17 14:04:28,289 - VALO360 - DEBUG - 自動保存已禁用，跳過配置保存
2025-08-17 14:04:28,290 - VALO360 - DEBUG - 自動保存已禁用，跳過配置保存
2025-08-17 14:04:28,290 - VALO360 - DEBUG - 自動保存已禁用，跳過配置保存
2025-08-17 14:04:28,290 - VALO360 - DEBUG - 自動保存已禁用，跳過配置保存
2025-08-17 14:04:28,290 - VALO360 - DEBUG - 自動保存已禁用，跳過配置保存
2025-08-17 14:04:28,291 - VALO360 - DEBUG - 自動保存已禁用，跳過配置保存
2025-08-17 14:04:28,291 - VALO360 - DEBUG - 自動保存已禁用，跳過配置保存
2025-08-17 14:04:28,291 - VALO360 - DEBUG - 自動保存已禁用，跳過配置保存
2025-08-17 14:04:28,291 - VALO360 - DEBUG - 自動保存已禁用，跳過配置保存
2025-08-17 14:04:28,291 - VALO360 - DEBUG - 自動保存已禁用，跳過配置保存
2025-08-17 14:04:28,291 - VALO360 - DEBUG - 自動保存已禁用，跳過配置保存
2025-08-17 14:04:28,292 - VALO360 - DEBUG - 自動保存已禁用，跳過配置保存
2025-08-17 14:04:28,292 - VALO360 - DEBUG - 自動保存已禁用，跳過配置保存
2025-08-17 14:04:28,292 - VALO360 - DEBUG - 自動保存已禁用，跳過配置保存
2025-08-17 14:04:28,292 - VALO360 - DEBUG - 自動保存已禁用，跳過配置保存
2025-08-17 14:04:28,292 - VALO360 - DEBUG - 自動保存已禁用，跳過配置保存
2025-08-17 14:04:28,292 - VALO360 - DEBUG - 自動保存已禁用，跳過配置保存
2025-08-17 14:04:28,293 - VALO360 - DEBUG - 自動保存已禁用，跳過配置保存
2025-08-17 14:04:28,293 - VALO360 - DEBUG - 自動保存已禁用，跳過配置保存
2025-08-17 14:04:28,293 - VALO360 - DEBUG - 自動保存已禁用，跳過配置保存
2025-08-17 14:04:28,293 - VALO360 - DEBUG - 自動保存已禁用，跳過配置保存
2025-08-17 14:04:28,293 - VALO360 - DEBUG - 自動保存已禁用，跳過配置保存
2025-08-17 14:04:28,294 - VALO360 - DEBUG - 自動保存已禁用，跳過配置保存
2025-08-17 14:04:28,294 - VALO360 - DEBUG - 自動保存已禁用，跳過配置保存
2025-08-17 14:04:28,294 - VALO360 - DEBUG - 自動保存已禁用，跳過配置保存
2025-08-17 14:04:28,294 - VALO360 - DEBUG - 自動保存已禁用，跳過配置保存
2025-08-17 14:04:28,294 - VALO360 - DEBUG - 自動保存已禁用，跳過配置保存
2025-08-17 14:04:28,295 - VALO360 - DEBUG - 自動保存已禁用，跳過配置保存
2025-08-17 14:04:28,295 - VALO360 - DEBUG - 自動保存已禁用，跳過配置保存
2025-08-17 14:04:28,295 - VALO360 - DEBUG - 自動保存已禁用，跳過配置保存
2025-08-17 14:04:28,295 - VALO360 - DEBUG - 自動保存已禁用，跳過配置保存
2025-08-17 14:04:28,295 - VALO360 - DEBUG - 自動保存已禁用，跳過配置保存
2025-08-17 14:04:28,295 - VALO360 - DEBUG - 自動保存已禁用，跳過配置保存
2025-08-17 14:04:28,296 - VALO360 - DEBUG - 自動保存已禁用，跳過配置保存
2025-08-17 14:04:28,296 - VALO360 - DEBUG - 自動保存已禁用，跳過配置保存
2025-08-17 14:04:28,296 - VALO360 - DEBUG - 自動保存已禁用，跳過配置保存
2025-08-17 14:04:28,296 - VALO360 - DEBUG - 自動保存已禁用，跳過配置保存
2025-08-17 14:04:28,297 - VALO360 - DEBUG - 自動保存已禁用，跳過配置保存
2025-08-17 14:04:28,297 - VALO360 - DEBUG - 自動保存已禁用，跳過配置保存
2025-08-17 14:04:28,297 - VALO360 - DEBUG - 自動保存已禁用，跳過配置保存
2025-08-17 14:04:28,297 - VALO360 - DEBUG - 自動保存已禁用，跳過配置保存
2025-08-17 14:04:28,297 - VALO360 - DEBUG - 自動保存已禁用，跳過配置保存
2025-08-17 14:04:28,297 - VALO360 - DEBUG - 自動保存已禁用，跳過配置保存
2025-08-17 14:04:28,298 - VALO360 - DEBUG - 自動保存已禁用，跳過配置保存
2025-08-17 14:04:28,298 - VALO360 - DEBUG - 自動保存已禁用，跳過配置保存
2025-08-17 14:04:28,298 - VALO360 - DEBUG - 自動保存已禁用，跳過配置保存
2025-08-17 14:04:28,298 - VALO360 - DEBUG - 自動保存已禁用，跳過配置保存
2025-08-17 14:04:28,298 - VALO360 - DEBUG - 自動保存已禁用，跳過配置保存
2025-08-17 14:04:28,298 - VALO360 - DEBUG - 自動保存已禁用，跳過配置保存
2025-08-17 14:04:28,299 - VALO360 - DEBUG - 自動保存已禁用，跳過配置保存
2025-08-17 14:04:28,299 - VALO360 - DEBUG - 自動保存已禁用，跳過配置保存
2025-08-17 14:04:28,299 - VALO360 - DEBUG - 自動保存已禁用，跳過配置保存
2025-08-17 14:04:28,299 - VALO360 - DEBUG - 自動保存已禁用，跳過配置保存
2025-08-17 14:04:28,300 - VALO360 - DEBUG - 自動保存已禁用，跳過配置保存
2025-08-17 14:04:28,300 - VALO360 - DEBUG - 自動保存已禁用，跳過配置保存
2025-08-17 14:04:28,300 - VALO360 - DEBUG - 自動保存已禁用，跳過配置保存
2025-08-17 14:04:28,300 - VALO360 - DEBUG - 自動保存已禁用，跳過配置保存
2025-08-17 14:04:28,301 - VALO360 - DEBUG - 自動保存已禁用，跳過配置保存
2025-08-17 14:04:28,301 - VALO360 - DEBUG - 自動保存已禁用，跳過配置保存
2025-08-17 14:04:28,301 - VALO360 - DEBUG - 自動保存已禁用，跳過配置保存
2025-08-17 14:04:28,301 - VALO360 - DEBUG - 自動保存已禁用，跳過配置保存
2025-08-17 14:04:28,302 - VALO360 - DEBUG - 自動保存已禁用，跳過配置保存
2025-08-17 14:04:28,302 - VALO360 - DEBUG - 自動保存已禁用，跳過配置保存
2025-08-17 14:04:28,302 - VALO360 - DEBUG - 自動保存已禁用，跳過配置保存
2025-08-17 14:04:28,302 - VALO360 - DEBUG - 自動保存已禁用，跳過配置保存
2025-08-17 14:04:28,303 - VALO360 - DEBUG - 自動保存已禁用，跳過配置保存
2025-08-17 14:04:28,303 - VALO360 - DEBUG - 自動保存已禁用，跳過配置保存
2025-08-17 14:04:28,303 - VALO360 - DEBUG - 自動保存已禁用，跳過配置保存
2025-08-17 14:04:28,303 - VALO360 - DEBUG - 自動保存已禁用，跳過配置保存
2025-08-17 14:04:28,303 - VALO360 - DEBUG - 自動保存已禁用，跳過配置保存
2025-08-17 14:04:28,304 - VALO360 - DEBUG - 自動保存已禁用，跳過配置保存
2025-08-17 14:04:28,304 - VALO360 - DEBUG - 自動保存已禁用，跳過配置保存
2025-08-17 14:04:28,304 - VALO360 - DEBUG - 自動保存已禁用，跳過配置保存
2025-08-17 14:04:28,304 - VALO360 - DEBUG - 自動保存已禁用，跳過配置保存
2025-08-17 14:04:28,305 - VALO360 - DEBUG - 自動保存已禁用，跳過配置保存
2025-08-17 14:04:28,305 - VALO360 - DEBUG - 自動保存已禁用，跳過配置保存
2025-08-17 14:04:28,305 - VALO360 - DEBUG - 自動保存已禁用，跳過配置保存
2025-08-17 14:04:28,305 - VALO360 - DEBUG - 自動保存已禁用，跳過配置保存
2025-08-17 14:04:28,305 - VALO360 - DEBUG - 自動保存已禁用，跳過配置保存
2025-08-17 14:04:28,305 - VALO360 - DEBUG - 自動保存已禁用，跳過配置保存
2025-08-17 14:04:28,306 - VALO360 - DEBUG - 自動保存已禁用，跳過配置保存
2025-08-17 14:04:28,306 - VALO360 - DEBUG - 自動保存已禁用，跳過配置保存
2025-08-17 14:04:28,306 - VALO360 - DEBUG - 自動保存已禁用，跳過配置保存
2025-08-17 14:04:28,306 - VALO360 - DEBUG - 自動保存已禁用，跳過配置保存
2025-08-17 14:04:28,307 - VALO360 - DEBUG - 自動保存已禁用，跳過配置保存
2025-08-17 14:04:28,307 - VALO360 - DEBUG - 自動保存已禁用，跳過配置保存
2025-08-17 14:04:28,307 - VALO360 - DEBUG - 自動保存已禁用，跳過配置保存
2025-08-17 14:04:28,307 - VALO360 - DEBUG - 自動保存已禁用，跳過配置保存
2025-08-17 14:04:28,307 - VALO360 - DEBUG - 自動保存已禁用，跳過配置保存
2025-08-17 14:04:28,308 - VALO360 - DEBUG - 自動保存已禁用，跳過配置保存
2025-08-17 14:04:28,308 - VALO360 - DEBUG - 自動保存已禁用，跳過配置保存
2025-08-17 14:04:28,308 - VALO360 - DEBUG - 自動保存已禁用，跳過配置保存
2025-08-17 14:04:28,308 - VALO360 - DEBUG - 自動保存已禁用，跳過配置保存
2025-08-17 14:04:28,308 - VALO360 - DEBUG - 自動保存已禁用，跳過配置保存
2025-08-17 14:04:28,309 - VALO360 - DEBUG - 自動保存已禁用，跳過配置保存
2025-08-17 14:04:28,309 - VALO360 - DEBUG - 自動保存已禁用，跳過配置保存
2025-08-17 14:04:28,309 - VALO360 - DEBUG - 自動保存已禁用，跳過配置保存
2025-08-17 14:04:28,309 - VALO360 - DEBUG - 自動保存已禁用，跳過配置保存
2025-08-17 14:04:28,309 - VALO360 - DEBUG - 自動保存已禁用，跳過配置保存
2025-08-17 14:04:28,309 - VALO360 - DEBUG - 自動保存已禁用，跳過配置保存
2025-08-17 14:04:28,310 - VALO360 - DEBUG - 自動保存已禁用，跳過配置保存
2025-08-17 14:04:28,310 - VALO360 - DEBUG - 自動保存已禁用，跳過配置保存
2025-08-17 14:04:28,310 - VALO360 - DEBUG - 自動保存已禁用，跳過配置保存
2025-08-17 14:04:28,310 - VALO360 - DEBUG - 自動保存已禁用，跳過配置保存
2025-08-17 14:04:28,310 - VALO360 - DEBUG - 自動保存已禁用，跳過配置保存
2025-08-17 14:04:28,311 - VALO360 - DEBUG - 自動保存已禁用，跳過配置保存
2025-08-17 14:04:28,311 - VALO360 - DEBUG - 自動保存已禁用，跳過配置保存
2025-08-17 14:04:28,311 - VALO360 - DEBUG - 自動保存已禁用，跳過配置保存
2025-08-17 14:04:28,311 - VALO360 - DEBUG - 自動保存已禁用，跳過配置保存
2025-08-17 14:04:28,311 - VALO360 - DEBUG - 自動保存已禁用，跳過配置保存
2025-08-17 14:04:28,311 - VALO360 - DEBUG - 自動保存已禁用，跳過配置保存
2025-08-17 14:04:28,312 - VALO360 - DEBUG - 自動保存已禁用，跳過配置保存
2025-08-17 14:04:28,312 - VALO360 - DEBUG - 自動保存已禁用，跳過配置保存
2025-08-17 14:04:28,312 - VALO360 - DEBUG - 自動保存已禁用，跳過配置保存
2025-08-17 14:04:28,312 - VALO360 - DEBUG - 自動保存已禁用，跳過配置保存
2025-08-17 14:04:28,312 - VALO360 - DEBUG - 自動保存已禁用，跳過配置保存
2025-08-17 14:04:28,312 - VALO360 - DEBUG - 自動保存已禁用，跳過配置保存
2025-08-17 14:04:28,313 - VALO360 - DEBUG - 自動保存已禁用，跳過配置保存
2025-08-17 14:04:28,313 - VALO360 - DEBUG - 自動保存已禁用，跳過配置保存
2025-08-17 14:04:28,313 - VALO360 - DEBUG - 自動保存已禁用，跳過配置保存
2025-08-17 14:04:28,313 - VALO360 - DEBUG - 自動保存已禁用，跳過配置保存
2025-08-17 14:04:28,313 - VALO360 - DEBUG - 自動保存已禁用，跳過配置保存
2025-08-17 14:04:28,313 - VALO360 - DEBUG - 自動保存已禁用，跳過配置保存
2025-08-17 14:04:28,314 - VALO360 - DEBUG - 自動保存已禁用，跳過配置保存
2025-08-17 14:04:28,314 - VALO360 - DEBUG - 自動保存已禁用，跳過配置保存
2025-08-17 14:04:28,314 - VALO360 - DEBUG - 自動保存已禁用，跳過配置保存
2025-08-17 14:04:28,314 - VALO360 - DEBUG - 自動保存已禁用，跳過配置保存
2025-08-17 14:04:28,314 - VALO360 - DEBUG - 自動保存已禁用，跳過配置保存
2025-08-17 14:04:28,314 - VALO360 - DEBUG - 自動保存已禁用，跳過配置保存
2025-08-17 14:04:28,315 - VALO360 - DEBUG - 自動保存已禁用，跳過配置保存
2025-08-17 14:04:28,315 - VALO360 - DEBUG - 自動保存已禁用，跳過配置保存
2025-08-17 14:04:28,315 - VALO360 - DEBUG - 自動保存已禁用，跳過配置保存
2025-08-17 14:04:28,315 - VALO360 - DEBUG - 自動保存已禁用，跳過配置保存
2025-08-17 14:04:28,315 - VALO360 - DEBUG - 自動保存已禁用，跳過配置保存
2025-08-17 14:04:28,316 - VALO360 - DEBUG - 自動保存已禁用，跳過配置保存
2025-08-17 14:04:28,316 - VALO360 - DEBUG - 自動保存已禁用，跳過配置保存
2025-08-17 14:04:28,316 - VALO360 - DEBUG - 自動保存已禁用，跳過配置保存
2025-08-17 14:04:28,316 - VALO360 - DEBUG - 自動保存已禁用，跳過配置保存
2025-08-17 14:04:28,316 - VALO360 - DEBUG - 自動保存已禁用，跳過配置保存
2025-08-17 14:04:28,316 - VALO360 - DEBUG - 自動保存已禁用，跳過配置保存
2025-08-17 14:04:28,316 - VALO360 - DEBUG - 自動保存已禁用，跳過配置保存
2025-08-17 14:04:28,317 - VALO360 - DEBUG - 自動保存已禁用，跳過配置保存
2025-08-17 14:04:28,317 - VALO360 - DEBUG - 自動保存已禁用，跳過配置保存
2025-08-17 14:04:28,317 - VALO360 - DEBUG - 自動保存已禁用，跳過配置保存
2025-08-17 14:04:28,317 - VALO360 - DEBUG - 自動保存已禁用，跳過配置保存
2025-08-17 14:04:28,317 - VALO360 - DEBUG - 自動保存已禁用，跳過配置保存
2025-08-17 14:04:28,318 - VALO360 - DEBUG - 自動保存已禁用，跳過配置保存
2025-08-17 14:04:28,318 - VALO360 - DEBUG - 自動保存已禁用，跳過配置保存
2025-08-17 14:04:28,318 - VALO360 - DEBUG - 自動保存已禁用，跳過配置保存
2025-08-17 14:04:28,318 - VALO360 - DEBUG - 自動保存已禁用，跳過配置保存
2025-08-17 14:04:28,318 - VALO360 - DEBUG - 自動保存已禁用，跳過配置保存
2025-08-17 14:04:28,318 - VALO360 - DEBUG - 自動保存已禁用，跳過配置保存
2025-08-17 14:04:28,319 - VALO360 - DEBUG - 自動保存已禁用，跳過配置保存
2025-08-17 14:04:28,319 - VALO360 - DEBUG - 自動保存已禁用，跳過配置保存
2025-08-17 14:04:28,319 - VALO360 - DEBUG - 自動保存已禁用，跳過配置保存
2025-08-17 14:04:28,319 - VALO360 - DEBUG - 自動保存已禁用，跳過配置保存
2025-08-17 14:04:28,319 - VALO360 - DEBUG - 自動保存已禁用，跳過配置保存
2025-08-17 14:04:28,320 - VALO360 - DEBUG - 自動保存已禁用，跳過配置保存
2025-08-17 14:04:28,320 - VALO360 - DEBUG - 自動保存已禁用，跳過配置保存
2025-08-17 14:04:28,320 - VALO360 - DEBUG - 自動保存已禁用，跳過配置保存
2025-08-17 14:04:28,320 - VALO360 - DEBUG - 自動保存已禁用，跳過配置保存
2025-08-17 14:04:28,320 - VALO360 - DEBUG - 自動保存已禁用，跳過配置保存
2025-08-17 14:04:28,320 - VALO360 - DEBUG - 自動保存已禁用，跳過配置保存
2025-08-17 14:04:28,320 - VALO360 - DEBUG - 自動保存已禁用，跳過配置保存
2025-08-17 14:04:28,321 - VALO360 - DEBUG - 自動保存已禁用，跳過配置保存
2025-08-17 14:04:28,321 - VALO360 - DEBUG - 自動保存已禁用，跳過配置保存
2025-08-17 14:04:28,321 - VALO360 - DEBUG - 自動保存已禁用，跳過配置保存
2025-08-17 14:04:28,321 - VALO360 - DEBUG - 自動保存已禁用，跳過配置保存
2025-08-17 14:04:28,321 - VALO360 - DEBUG - 自動保存已禁用，跳過配置保存
2025-08-17 14:04:28,322 - VALO360 - DEBUG - 自動保存已禁用，跳過配置保存
2025-08-17 14:04:28,322 - VALO360 - DEBUG - 自動保存已禁用，跳過配置保存
2025-08-17 14:04:28,322 - VALO360 - DEBUG - 自動保存已禁用，跳過配置保存
2025-08-17 14:04:28,322 - VALO360 - DEBUG - 自動保存已禁用，跳過配置保存
2025-08-17 14:04:28,322 - VALO360 - DEBUG - 自動保存已禁用，跳過配置保存
2025-08-17 14:04:28,323 - VALO360 - DEBUG - 自動保存已禁用，跳過配置保存
2025-08-17 14:04:28,323 - VALO360 - DEBUG - 自動保存已禁用，跳過配置保存
2025-08-17 14:04:28,323 - VALO360 - DEBUG - 自動保存已禁用，跳過配置保存
2025-08-17 14:04:28,323 - VALO360 - DEBUG - 自動保存已禁用，跳過配置保存
2025-08-17 14:04:28,323 - VALO360 - DEBUG - 自動保存已禁用，跳過配置保存
2025-08-17 14:04:28,323 - VALO360 - DEBUG - 自動保存已禁用，跳過配置保存
2025-08-17 14:04:28,324 - VALO360 - DEBUG - 自動保存已禁用，跳過配置保存
2025-08-17 14:04:28,324 - VALO360 - DEBUG - 自動保存已禁用，跳過配置保存
2025-08-17 14:04:28,324 - VALO360 - DEBUG - 自動保存已禁用，跳過配置保存
2025-08-17 14:04:28,324 - VALO360 - DEBUG - 自動保存已禁用，跳過配置保存
2025-08-17 14:04:28,325 - VALO360 - DEBUG - 自動保存已禁用，跳過配置保存
2025-08-17 14:04:28,327 - VALO360 - DEBUG - 自動保存已禁用，跳過配置保存
2025-08-17 14:04:28,327 - VALO360 - DEBUG - 自動保存已禁用，跳過配置保存
2025-08-17 14:04:28,327 - VALO360 - DEBUG - 自動保存已禁用，跳過配置保存
2025-08-17 14:04:28,327 - VALO360 - DEBUG - 自動保存已禁用，跳過配置保存
2025-08-17 14:04:28,327 - VALO360 - DEBUG - 自動保存已禁用，跳過配置保存
2025-08-17 14:04:28,328 - VALO360 - DEBUG - 自動保存已禁用，跳過配置保存
2025-08-17 14:04:28,328 - VALO360 - DEBUG - 自動保存已禁用，跳過配置保存
2025-08-17 14:04:28,328 - VALO360 - DEBUG - 自動保存已禁用，跳過配置保存
2025-08-17 14:04:28,328 - VALO360 - DEBUG - 自動保存已禁用，跳過配置保存
2025-08-17 14:04:28,328 - VALO360 - DEBUG - 自動保存已禁用，跳過配置保存
2025-08-17 14:04:28,328 - VALO360 - DEBUG - 自動保存已禁用，跳過配置保存
2025-08-17 14:04:28,329 - VALO360 - DEBUG - 自動保存已禁用，跳過配置保存
2025-08-17 14:04:28,329 - VALO360 - DEBUG - 自動保存已禁用，跳過配置保存
2025-08-17 14:04:28,329 - VALO360 - DEBUG - 自動保存已禁用，跳過配置保存
2025-08-17 14:04:28,329 - VALO360 - DEBUG - 自動保存已禁用，跳過配置保存
2025-08-17 14:04:28,329 - VALO360 - DEBUG - 自動保存已禁用，跳過配置保存
2025-08-17 14:04:28,330 - VALO360 - DEBUG - 自動保存已禁用，跳過配置保存
2025-08-17 14:04:28,330 - VALO360 - DEBUG - 自動保存已禁用，跳過配置保存
2025-08-17 14:04:28,330 - VALO360 - DEBUG - 自動保存已禁用，跳過配置保存
2025-08-17 14:04:28,330 - VALO360 - DEBUG - 自動保存已禁用，跳過配置保存
2025-08-17 14:04:28,330 - VALO360 - DEBUG - 自動保存已禁用，跳過配置保存
2025-08-17 14:04:28,330 - VALO360 - DEBUG - 自動保存已禁用，跳過配置保存
2025-08-17 14:04:28,331 - VALO360 - DEBUG - 自動保存已禁用，跳過配置保存
2025-08-17 14:04:28,331 - VALO360 - DEBUG - 自動保存已禁用，跳過配置保存
2025-08-17 14:04:28,331 - VALO360 - DEBUG - 自動保存已禁用，跳過配置保存
2025-08-17 14:04:28,331 - VALO360 - DEBUG - 自動保存已禁用，跳過配置保存
2025-08-17 14:04:28,331 - VALO360 - DEBUG - 自動保存已禁用，跳過配置保存
2025-08-17 14:04:28,331 - VALO360 - DEBUG - 自動保存已禁用，跳過配置保存
2025-08-17 14:04:28,332 - VALO360 - DEBUG - 自動保存已禁用，跳過配置保存
2025-08-17 14:04:28,332 - VALO360 - DEBUG - 自動保存已禁用，跳過配置保存
2025-08-17 14:04:28,332 - VALO360 - DEBUG - 自動保存已禁用，跳過配置保存
2025-08-17 14:04:28,332 - VALO360 - DEBUG - 自動保存已禁用，跳過配置保存
2025-08-17 14:04:28,343 - VALO360 - DEBUG - 自動保存已禁用，跳過配置保存
2025-08-17 14:04:28,343 - VALO360 - DEBUG - 自動保存已禁用，跳過配置保存
2025-08-17 14:04:28,343 - VALO360 - DEBUG - 自動保存已禁用，跳過配置保存
2025-08-17 14:04:28,343 - VALO360 - DEBUG - 自動保存已禁用，跳過配置保存
2025-08-17 14:04:28,344 - VALO360 - DEBUG - 自動保存已禁用，跳過配置保存
2025-08-17 14:04:28,344 - VALO360 - DEBUG - 自動保存已禁用，跳過配置保存
2025-08-17 14:04:28,344 - VALO360 - DEBUG - 自動保存已禁用，跳過配置保存
2025-08-17 14:04:28,344 - VALO360 - DEBUG - 自動保存已禁用，跳過配置保存
2025-08-17 14:04:28,344 - VALO360 - DEBUG - 自動保存已禁用，跳過配置保存
2025-08-17 14:04:28,344 - VALO360 - DEBUG - 自動保存已禁用，跳過配置保存
2025-08-17 14:04:28,345 - VALO360 - DEBUG - 自動保存已禁用，跳過配置保存
2025-08-17 14:04:28,345 - VALO360 - DEBUG - 自動保存已禁用，跳過配置保存
2025-08-17 14:04:28,345 - VALO360 - DEBUG - 自動保存已禁用，跳過配置保存
2025-08-17 14:04:28,345 - VALO360 - DEBUG - 自動保存已禁用，跳過配置保存
2025-08-17 14:04:28,345 - VALO360 - DEBUG - 自動保存已禁用，跳過配置保存
2025-08-17 14:04:28,345 - VALO360 - DEBUG - 自動保存已禁用，跳過配置保存
2025-08-17 14:04:28,346 - VALO360 - DEBUG - 自動保存已禁用，跳過配置保存
2025-08-17 14:04:28,346 - VALO360 - DEBUG - 自動保存已禁用，跳過配置保存
2025-08-17 14:04:28,346 - VALO360 - DEBUG - 自動保存已禁用，跳過配置保存
2025-08-17 14:04:28,346 - VALO360 - DEBUG - 自動保存已禁用，跳過配置保存
2025-08-17 14:04:28,347 - VALO360 - DEBUG - 自動保存已禁用，跳過配置保存
2025-08-17 14:04:28,347 - VALO360 - DEBUG - 自動保存已禁用，跳過配置保存
2025-08-17 14:04:28,347 - VALO360 - DEBUG - 自動保存已禁用，跳過配置保存
2025-08-17 14:04:28,347 - VALO360 - DEBUG - 自動保存已禁用，跳過配置保存
2025-08-17 14:04:28,347 - VALO360 - DEBUG - 自動保存已禁用，跳過配置保存
2025-08-17 14:04:28,347 - VALO360 - DEBUG - 自動保存已禁用，跳過配置保存
2025-08-17 14:04:28,348 - VALO360 - DEBUG - 自動保存已禁用，跳過配置保存
2025-08-17 14:04:28,348 - VALO360 - DEBUG - 自動保存已禁用，跳過配置保存
2025-08-17 14:04:28,348 - VALO360 - DEBUG - 自動保存已禁用，跳過配置保存
2025-08-17 14:04:28,348 - VALO360 - DEBUG - 自動保存已禁用，跳過配置保存
2025-08-17 14:04:28,348 - VALO360 - DEBUG - 自動保存已禁用，跳過配置保存
2025-08-17 14:04:28,348 - VALO360 - DEBUG - 自動保存已禁用，跳過配置保存
2025-08-17 14:04:28,349 - VALO360 - DEBUG - 自動保存已禁用，跳過配置保存
2025-08-17 14:04:28,349 - VALO360 - DEBUG - 自動保存已禁用，跳過配置保存
2025-08-17 14:04:28,349 - VALO360 - DEBUG - 自動保存已禁用，跳過配置保存
2025-08-17 14:04:28,349 - VALO360 - DEBUG - 自動保存已禁用，跳過配置保存
2025-08-17 14:04:28,349 - VALO360 - DEBUG - 自動保存已禁用，跳過配置保存
2025-08-17 14:04:28,350 - VALO360 - DEBUG - 自動保存已禁用，跳過配置保存
2025-08-17 14:04:28,350 - VALO360 - DEBUG - 自動保存已禁用，跳過配置保存
2025-08-17 14:04:28,350 - VALO360 - DEBUG - 自動保存已禁用，跳過配置保存
2025-08-17 14:04:28,350 - VALO360 - DEBUG - 自動保存已禁用，跳過配置保存
2025-08-17 14:04:28,350 - VALO360 - DEBUG - 自動保存已禁用，跳過配置保存
2025-08-17 14:04:28,351 - VALO360 - DEBUG - 自動保存已禁用，跳過配置保存
2025-08-17 14:04:28,351 - VALO360 - DEBUG - 自動保存已禁用，跳過配置保存
2025-08-17 14:04:28,351 - VALO360 - DEBUG - 自動保存已禁用，跳過配置保存
2025-08-17 14:04:28,351 - VALO360 - DEBUG - 自動保存已禁用，跳過配置保存
2025-08-17 14:04:28,352 - VALO360 - DEBUG - 自動保存已禁用，跳過配置保存
2025-08-17 14:04:28,352 - VALO360 - DEBUG - 自動保存已禁用，跳過配置保存
2025-08-17 14:04:28,352 - VALO360 - DEBUG - 自動保存已禁用，跳過配置保存
2025-08-17 14:04:28,353 - VALO360 - DEBUG - 自動保存已禁用，跳過配置保存
2025-08-17 14:04:28,353 - VALO360 - DEBUG - 自動保存已禁用，跳過配置保存
2025-08-17 14:04:28,353 - VALO360 - DEBUG - 自動保存已禁用，跳過配置保存
2025-08-17 14:04:28,353 - VALO360 - DEBUG - 自動保存已禁用，跳過配置保存
2025-08-17 14:04:28,353 - VALO360 - DEBUG - 自動保存已禁用，跳過配置保存
2025-08-17 14:04:28,354 - VALO360 - DEBUG - 自動保存已禁用，跳過配置保存
2025-08-17 14:04:28,354 - VALO360 - DEBUG - 自動保存已禁用，跳過配置保存
2025-08-17 14:04:28,354 - VALO360 - DEBUG - 自動保存已禁用，跳過配置保存
2025-08-17 14:04:28,354 - VALO360 - DEBUG - 自動保存已禁用，跳過配置保存
2025-08-17 14:04:28,354 - VALO360 - DEBUG - 自動保存已禁用，跳過配置保存
2025-08-17 14:04:28,354 - VALO360 - DEBUG - 自動保存已禁用，跳過配置保存
2025-08-17 14:04:28,355 - VALO360 - DEBUG - 自動保存已禁用，跳過配置保存
2025-08-17 14:04:28,355 - VALO360 - DEBUG - 自動保存已禁用，跳過配置保存
2025-08-17 14:04:28,355 - VALO360 - DEBUG - 自動保存已禁用，跳過配置保存
2025-08-17 14:04:28,355 - VALO360 - DEBUG - 自動保存已禁用，跳過配置保存
2025-08-17 14:04:28,355 - VALO360 - DEBUG - 自動保存已禁用，跳過配置保存
2025-08-17 14:04:28,356 - VALO360 - DEBUG - 自動保存已禁用，跳過配置保存
2025-08-17 14:04:28,356 - VALO360 - DEBUG - 自動保存已禁用，跳過配置保存
2025-08-17 14:04:28,356 - VALO360 - DEBUG - 自動保存已禁用，跳過配置保存
2025-08-17 14:04:28,356 - VALO360 - DEBUG - 自動保存已禁用，跳過配置保存
2025-08-17 14:04:28,356 - VALO360 - DEBUG - 自動保存已禁用，跳過配置保存
2025-08-17 14:04:28,356 - VALO360 - DEBUG - 自動保存已禁用，跳過配置保存
2025-08-17 14:04:28,357 - VALO360 - DEBUG - 自動保存已禁用，跳過配置保存
2025-08-17 14:04:28,357 - VALO360 - DEBUG - 自動保存已禁用，跳過配置保存
2025-08-17 14:04:28,357 - VALO360 - DEBUG - 自動保存已禁用，跳過配置保存
2025-08-17 14:04:28,357 - VALO360 - DEBUG - 自動保存已禁用，跳過配置保存
2025-08-17 14:04:28,357 - VALO360 - DEBUG - 自動保存已禁用，跳過配置保存
2025-08-17 14:04:28,358 - VALO360 - DEBUG - 自動保存已禁用，跳過配置保存
2025-08-17 14:04:28,358 - VALO360 - DEBUG - 自動保存已禁用，跳過配置保存
2025-08-17 14:04:28,358 - VALO360 - DEBUG - 自動保存已禁用，跳過配置保存
2025-08-17 14:04:28,358 - VALO360 - DEBUG - 自動保存已禁用，跳過配置保存
2025-08-17 14:04:28,363 - VALO360 - DEBUG - 自動保存已禁用，跳過配置保存
2025-08-17 14:04:28,363 - VALO360 - DEBUG - 自動保存已禁用，跳過配置保存
2025-08-17 14:04:28,363 - VALO360 - DEBUG - 自動保存已禁用，跳過配置保存
2025-08-17 14:04:28,363 - VALO360 - DEBUG - 自動保存已禁用，跳過配置保存
2025-08-17 14:04:28,363 - VALO360 - DEBUG - 自動保存已禁用，跳過配置保存
2025-08-17 14:04:28,363 - VALO360 - DEBUG - 自動保存已禁用，跳過配置保存
2025-08-17 14:04:28,364 - VALO360 - DEBUG - 自動保存已禁用，跳過配置保存
2025-08-17 14:04:28,364 - VALO360 - DEBUG - 自動保存已禁用，跳過配置保存
2025-08-17 14:04:28,364 - VALO360 - DEBUG - 自動保存已禁用，跳過配置保存
2025-08-17 14:04:28,364 - VALO360 - DEBUG - 自動保存已禁用，跳過配置保存
2025-08-17 14:04:28,364 - VALO360 - DEBUG - 自動保存已禁用，跳過配置保存
2025-08-17 14:04:28,364 - VALO360 - DEBUG - 自動保存已禁用，跳過配置保存
2025-08-17 14:04:28,365 - VALO360 - DEBUG - 自動保存已禁用，跳過配置保存
2025-08-17 14:04:28,365 - VALO360 - DEBUG - 自動保存已禁用，跳過配置保存
2025-08-17 14:04:28,365 - VALO360 - DEBUG - 自動保存已禁用，跳過配置保存
2025-08-17 14:04:28,365 - VALO360 - DEBUG - 自動保存已禁用，跳過配置保存
2025-08-17 14:04:28,365 - VALO360 - DEBUG - 自動保存已禁用，跳過配置保存
2025-08-17 14:04:28,366 - VALO360 - DEBUG - 自動保存已禁用，跳過配置保存
2025-08-17 14:04:28,366 - VALO360 - DEBUG - 自動保存已禁用，跳過配置保存
2025-08-17 14:04:28,366 - VALO360 - DEBUG - 自動保存已禁用，跳過配置保存
2025-08-17 14:04:28,366 - VALO360 - DEBUG - 自動保存已禁用，跳過配置保存
2025-08-17 14:04:28,366 - VALO360 - DEBUG - 自動保存已禁用，跳過配置保存
2025-08-17 14:04:28,366 - VALO360 - DEBUG - 自動保存已禁用，跳過配置保存
2025-08-17 14:04:28,367 - VALO360 - DEBUG - 自動保存已禁用，跳過配置保存
2025-08-17 14:04:28,368 - VALO360 - DEBUG - 自動保存已禁用，跳過配置保存
2025-08-17 14:04:28,368 - VALO360 - DEBUG - 自動保存已禁用，跳過配置保存
2025-08-17 14:04:28,368 - VALO360 - DEBUG - 自動保存已禁用，跳過配置保存
2025-08-17 14:04:28,368 - VALO360 - DEBUG - 自動保存已禁用，跳過配置保存
2025-08-17 14:04:28,368 - VALO360 - DEBUG - 自動保存已禁用，跳過配置保存
2025-08-17 14:04:28,369 - VALO360 - DEBUG - 自動保存已禁用，跳過配置保存
2025-08-17 14:04:28,369 - VALO360 - DEBUG - 自動保存已禁用，跳過配置保存
2025-08-17 14:04:28,369 - VALO360 - DEBUG - 自動保存已禁用，跳過配置保存
2025-08-17 14:04:28,369 - VALO360 - DEBUG - 自動保存已禁用，跳過配置保存
2025-08-17 14:04:28,369 - VALO360 - DEBUG - 自動保存已禁用，跳過配置保存
2025-08-17 14:04:28,369 - VALO360 - DEBUG - 自動保存已禁用，跳過配置保存
2025-08-17 14:04:28,370 - VALO360 - DEBUG - 自動保存已禁用，跳過配置保存
2025-08-17 14:04:28,370 - VALO360 - DEBUG - 自動保存已禁用，跳過配置保存
2025-08-17 14:04:28,370 - VALO360 - DEBUG - 自動保存已禁用，跳過配置保存
2025-08-17 14:04:28,370 - VALO360 - DEBUG - 自動保存已禁用，跳過配置保存
2025-08-17 14:04:28,370 - VALO360 - DEBUG - 自動保存已禁用，跳過配置保存
2025-08-17 14:04:28,371 - VALO360 - DEBUG - 自動保存已禁用，跳過配置保存
2025-08-17 14:04:28,371 - VALO360 - DEBUG - 自動保存已禁用，跳過配置保存
2025-08-17 14:04:28,371 - VALO360 - DEBUG - 自動保存已禁用，跳過配置保存
2025-08-17 14:04:28,371 - VALO360 - DEBUG - 自動保存已禁用，跳過配置保存
2025-08-17 14:04:28,371 - VALO360 - DEBUG - 自動保存已禁用，跳過配置保存
2025-08-17 14:04:28,372 - VALO360 - DEBUG - 自動保存已禁用，跳過配置保存
2025-08-17 14:04:28,372 - VALO360 - DEBUG - 自動保存已禁用，跳過配置保存
2025-08-17 14:04:28,372 - VALO360 - DEBUG - 自動保存已禁用，跳過配置保存
2025-08-17 14:04:28,372 - VALO360 - DEBUG - 自動保存已禁用，跳過配置保存
2025-08-17 14:04:28,372 - VALO360 - DEBUG - 自動保存已禁用，跳過配置保存
2025-08-17 14:04:28,372 - VALO360 - DEBUG - 自動保存已禁用，跳過配置保存
2025-08-17 14:04:28,373 - VALO360 - DEBUG - 自動保存已禁用，跳過配置保存
2025-08-17 14:04:28,373 - VALO360 - DEBUG - 自動保存已禁用，跳過配置保存
2025-08-17 14:04:28,373 - VALO360 - DEBUG - 自動保存已禁用，跳過配置保存
2025-08-17 14:04:28,373 - VALO360 - DEBUG - 自動保存已禁用，跳過配置保存
2025-08-17 14:04:28,373 - VALO360 - DEBUG - 自動保存已禁用，跳過配置保存
2025-08-17 14:04:28,374 - VALO360 - DEBUG - 自動保存已禁用，跳過配置保存
2025-08-17 14:04:28,374 - VALO360 - DEBUG - 自動保存已禁用，跳過配置保存
2025-08-17 14:04:28,374 - VALO360 - DEBUG - 自動保存已禁用，跳過配置保存
2025-08-17 14:04:28,374 - VALO360 - DEBUG - 自動保存已禁用，跳過配置保存
2025-08-17 14:04:28,375 - VALO360 - DEBUG - 自動保存已禁用，跳過配置保存
2025-08-17 14:04:28,375 - VALO360 - DEBUG - 自動保存已禁用，跳過配置保存
2025-08-17 14:04:28,375 - VALO360 - DEBUG - 自動保存已禁用，跳過配置保存
2025-08-17 14:04:28,375 - VALO360 - DEBUG - 自動保存已禁用，跳過配置保存
2025-08-17 14:04:28,376 - VALO360 - DEBUG - 自動保存已禁用，跳過配置保存
2025-08-17 14:04:28,376 - VALO360 - DEBUG - 自動保存已禁用，跳過配置保存
2025-08-17 14:04:28,376 - VALO360 - DEBUG - 自動保存已禁用，跳過配置保存
2025-08-17 14:04:28,376 - VALO360 - DEBUG - 自動保存已禁用，跳過配置保存
2025-08-17 14:04:28,377 - VALO360 - DEBUG - 自動保存已禁用，跳過配置保存
2025-08-17 14:04:28,377 - VALO360 - DEBUG - 自動保存已禁用，跳過配置保存
2025-08-17 14:04:28,377 - VALO360 - DEBUG - 自動保存已禁用，跳過配置保存
2025-08-17 14:04:28,377 - VALO360 - DEBUG - 自動保存已禁用，跳過配置保存
2025-08-17 14:04:28,378 - VALO360 - DEBUG - 自動保存已禁用，跳過配置保存
2025-08-17 14:04:28,378 - VALO360 - DEBUG - 自動保存已禁用，跳過配置保存
2025-08-17 14:04:28,378 - VALO360 - DEBUG - 自動保存已禁用，跳過配置保存
2025-08-17 14:04:28,378 - VALO360 - DEBUG - 自動保存已禁用，跳過配置保存
2025-08-17 14:04:28,379 - VALO360 - DEBUG - 自動保存已禁用，跳過配置保存
2025-08-17 14:04:28,379 - VALO360 - DEBUG - 自動保存已禁用，跳過配置保存
2025-08-17 14:04:28,379 - VALO360 - DEBUG - 自動保存已禁用，跳過配置保存
2025-08-17 14:04:28,379 - VALO360 - DEBUG - 自動保存已禁用，跳過配置保存
2025-08-17 14:04:28,379 - VALO360 - DEBUG - 自動保存已禁用，跳過配置保存
2025-08-17 14:04:28,379 - VALO360 - DEBUG - 自動保存已禁用，跳過配置保存
2025-08-17 14:04:28,380 - VALO360 - DEBUG - 自動保存已禁用，跳過配置保存
2025-08-17 14:04:28,380 - VALO360 - DEBUG - 自動保存已禁用，跳過配置保存
2025-08-17 14:04:28,380 - VALO360 - DEBUG - 自動保存已禁用，跳過配置保存
2025-08-17 14:04:28,380 - VALO360 - DEBUG - 自動保存已禁用，跳過配置保存
2025-08-17 14:04:28,380 - VALO360 - DEBUG - 自動保存已禁用，跳過配置保存
2025-08-17 14:04:28,380 - VALO360 - DEBUG - 自動保存已禁用，跳過配置保存
2025-08-17 14:04:28,381 - VALO360 - DEBUG - 自動保存已禁用，跳過配置保存
2025-08-17 14:04:28,381 - VALO360 - DEBUG - 自動保存已禁用，跳過配置保存
2025-08-17 14:04:28,381 - VALO360 - DEBUG - 自動保存已禁用，跳過配置保存
2025-08-17 14:04:28,381 - VALO360 - DEBUG - 自動保存已禁用，跳過配置保存
2025-08-17 14:04:28,381 - VALO360 - DEBUG - 自動保存已禁用，跳過配置保存
2025-08-17 14:04:28,381 - VALO360 - DEBUG - 自動保存已禁用，跳過配置保存
2025-08-17 14:04:28,382 - VALO360 - DEBUG - 自動保存已禁用，跳過配置保存
2025-08-17 14:04:28,382 - VALO360 - DEBUG - 自動保存已禁用，跳過配置保存
2025-08-17 14:04:28,382 - VALO360 - DEBUG - 自動保存已禁用，跳過配置保存
2025-08-17 14:04:28,382 - VALO360 - DEBUG - 自動保存已禁用，跳過配置保存
2025-08-17 14:04:28,382 - VALO360 - DEBUG - 自動保存已禁用，跳過配置保存
2025-08-17 14:04:28,383 - VALO360 - DEBUG - 自動保存已禁用，跳過配置保存
2025-08-17 14:04:28,383 - VALO360 - DEBUG - 自動保存已禁用，跳過配置保存
2025-08-17 14:04:28,383 - VALO360 - DEBUG - 自動保存已禁用，跳過配置保存
2025-08-17 14:04:28,383 - VALO360 - DEBUG - 自動保存已禁用，跳過配置保存
2025-08-17 14:04:28,383 - VALO360 - DEBUG - 自動保存已禁用，跳過配置保存
2025-08-17 14:04:28,384 - VALO360 - DEBUG - 自動保存已禁用，跳過配置保存
2025-08-17 14:04:28,384 - VALO360 - DEBUG - 自動保存已禁用，跳過配置保存
2025-08-17 14:04:28,384 - VALO360 - DEBUG - 自動保存已禁用，跳過配置保存
2025-08-17 14:04:28,384 - VALO360 - DEBUG - 自動保存已禁用，跳過配置保存
2025-08-17 14:04:28,392 - VALO360 - DEBUG - 自動保存已禁用，跳過配置保存
2025-08-17 14:04:28,392 - VALO360 - DEBUG - 自動保存已禁用，跳過配置保存
2025-08-17 14:04:28,393 - VALO360 - DEBUG - 自動保存已禁用，跳過配置保存
2025-08-17 14:04:28,393 - VALO360 - DEBUG - 自動保存已禁用，跳過配置保存
2025-08-17 14:04:28,393 - VALO360 - DEBUG - 自動保存已禁用，跳過配置保存
2025-08-17 14:04:28,393 - VALO360 - DEBUG - 自動保存已禁用，跳過配置保存
2025-08-17 14:04:28,393 - VALO360 - DEBUG - 自動保存已禁用，跳過配置保存
2025-08-17 14:04:28,393 - VALO360 - DEBUG - 自動保存已禁用，跳過配置保存
2025-08-17 14:04:28,394 - VALO360 - DEBUG - 自動保存已禁用，跳過配置保存
2025-08-17 14:04:28,394 - VALO360 - DEBUG - 自動保存已禁用，跳過配置保存
2025-08-17 14:04:28,394 - VALO360 - DEBUG - 自動保存已禁用，跳過配置保存
2025-08-17 14:04:28,394 - VALO360 - DEBUG - 自動保存已禁用，跳過配置保存
2025-08-17 14:04:28,394 - VALO360 - DEBUG - 自動保存已禁用，跳過配置保存
2025-08-17 14:04:28,395 - VALO360 - DEBUG - 自動保存已禁用，跳過配置保存
2025-08-17 14:04:28,395 - VALO360 - DEBUG - 自動保存已禁用，跳過配置保存
2025-08-17 14:04:28,395 - VALO360 - DEBUG - 自動保存已禁用，跳過配置保存
2025-08-17 14:04:28,395 - VALO360 - DEBUG - 自動保存已禁用，跳過配置保存
2025-08-17 14:04:28,395 - VALO360 - DEBUG - 自動保存已禁用，跳過配置保存
2025-08-17 14:04:28,396 - VALO360 - DEBUG - 自動保存已禁用，跳過配置保存
2025-08-17 14:04:28,396 - VALO360 - DEBUG - 自動保存已禁用，跳過配置保存
2025-08-17 14:04:28,396 - VALO360 - DEBUG - 自動保存已禁用，跳過配置保存
2025-08-17 14:04:28,396 - VALO360 - DEBUG - 自動保存已禁用，跳過配置保存
2025-08-17 14:04:28,396 - VALO360 - DEBUG - 自動保存已禁用，跳過配置保存
2025-08-17 14:04:28,396 - VALO360 - DEBUG - 自動保存已禁用，跳過配置保存
2025-08-17 14:04:28,397 - VALO360 - DEBUG - 自動保存已禁用，跳過配置保存
2025-08-17 14:04:28,397 - VALO360 - DEBUG - 自動保存已禁用，跳過配置保存
2025-08-17 14:04:28,397 - VALO360 - DEBUG - 自動保存已禁用，跳過配置保存
2025-08-17 14:04:28,397 - VALO360 - DEBUG - 自動保存已禁用，跳過配置保存
2025-08-17 14:04:28,398 - VALO360 - DEBUG - 自動保存已禁用，跳過配置保存
2025-08-17 14:04:28,398 - VALO360 - DEBUG - 自動保存已禁用，跳過配置保存
2025-08-17 14:04:28,398 - VALO360 - DEBUG - 自動保存已禁用，跳過配置保存
2025-08-17 14:04:28,399 - VALO360 - DEBUG - 自動保存已禁用，跳過配置保存
2025-08-17 14:04:28,399 - VALO360 - DEBUG - 自動保存已禁用，跳過配置保存
2025-08-17 14:04:28,399 - VALO360 - DEBUG - 自動保存已禁用，跳過配置保存
2025-08-17 14:04:28,399 - VALO360 - DEBUG - 自動保存已禁用，跳過配置保存
2025-08-17 14:04:28,400 - VALO360 - DEBUG - 自動保存已禁用，跳過配置保存
2025-08-17 14:04:28,400 - VALO360 - DEBUG - 自動保存已禁用，跳過配置保存
2025-08-17 14:04:28,400 - VALO360 - DEBUG - 自動保存已禁用，跳過配置保存
2025-08-17 14:04:28,400 - VALO360 - DEBUG - 自動保存已禁用，跳過配置保存
2025-08-17 14:04:28,400 - VALO360 - DEBUG - 自動保存已禁用，跳過配置保存
2025-08-17 14:04:28,404 - VALO360 - DEBUG - 自動保存已禁用，跳過配置保存
2025-08-17 14:04:28,404 - VALO360 - DEBUG - 自動保存已禁用，跳過配置保存
2025-08-17 14:04:28,404 - VALO360 - DEBUG - 自動保存已禁用，跳過配置保存
2025-08-17 14:04:28,405 - VALO360 - DEBUG - 自動保存已禁用，跳過配置保存
2025-08-17 14:04:28,405 - VALO360 - DEBUG - 自動保存已禁用，跳過配置保存
2025-08-17 14:04:28,405 - VALO360 - DEBUG - 自動保存已禁用，跳過配置保存
2025-08-17 14:04:28,405 - VALO360 - DEBUG - 自動保存已禁用，跳過配置保存
2025-08-17 14:04:28,405 - VALO360 - DEBUG - 自動保存已禁用，跳過配置保存
2025-08-17 14:04:28,406 - VALO360 - DEBUG - 自動保存已禁用，跳過配置保存
2025-08-17 14:04:28,406 - VALO360 - DEBUG - 自動保存已禁用，跳過配置保存
2025-08-17 14:04:28,406 - VALO360 - DEBUG - 自動保存已禁用，跳過配置保存
2025-08-17 14:04:28,406 - VALO360 - DEBUG - 自動保存已禁用，跳過配置保存
2025-08-17 14:04:28,407 - VALO360 - DEBUG - 自動保存已禁用，跳過配置保存
2025-08-17 14:04:28,408 - VALO360 - DEBUG - 自動保存已禁用，跳過配置保存
2025-08-17 14:04:28,408 - VALO360 - DEBUG - 自動保存已禁用，跳過配置保存
2025-08-17 14:04:28,408 - VALO360 - DEBUG - 自動保存已禁用，跳過配置保存
2025-08-17 14:04:28,408 - VALO360 - DEBUG - 自動保存已禁用，跳過配置保存
2025-08-17 14:04:28,408 - VALO360 - DEBUG - 自動保存已禁用，跳過配置保存
2025-08-17 14:04:28,409 - VALO360 - DEBUG - 自動保存已禁用，跳過配置保存
2025-08-17 14:04:28,409 - VALO360 - DEBUG - 自動保存已禁用，跳過配置保存
2025-08-17 14:04:28,409 - VALO360 - DEBUG - 自動保存已禁用，跳過配置保存
2025-08-17 14:04:28,409 - VALO360 - DEBUG - 自動保存已禁用，跳過配置保存
2025-08-17 14:04:28,410 - VALO360 - DEBUG - 自動保存已禁用，跳過配置保存
2025-08-17 14:04:28,410 - VALO360 - DEBUG - 自動保存已禁用，跳過配置保存
2025-08-17 14:04:28,412 - VALO360 - DEBUG - 自動保存已禁用，跳過配置保存
2025-08-17 14:04:28,412 - VALO360 - DEBUG - 自動保存已禁用，跳過配置保存
2025-08-17 14:04:28,412 - VALO360 - DEBUG - 自動保存已禁用，跳過配置保存
2025-08-17 14:04:28,412 - VALO360 - DEBUG - 自動保存已禁用，跳過配置保存
2025-08-17 14:04:28,412 - VALO360 - DEBUG - 自動保存已禁用，跳過配置保存
2025-08-17 14:04:28,412 - VALO360 - DEBUG - 自動保存已禁用，跳過配置保存
2025-08-17 14:04:28,412 - VALO360 - DEBUG - 自動保存已禁用，跳過配置保存
2025-08-17 14:04:28,413 - VALO360 - DEBUG - 自動保存已禁用，跳過配置保存
2025-08-17 14:04:28,413 - VALO360 - DEBUG - 自動保存已禁用，跳過配置保存
2025-08-17 14:04:28,413 - VALO360 - DEBUG - 自動保存已禁用，跳過配置保存
2025-08-17 14:04:28,413 - VALO360 - DEBUG - 自動保存已禁用，跳過配置保存
2025-08-17 14:04:28,413 - VALO360 - DEBUG - 自動保存已禁用，跳過配置保存
2025-08-17 14:04:28,419 - VALO360 - DEBUG - 自動保存已禁用，跳過配置保存
2025-08-17 14:04:28,419 - VALO360 - DEBUG - 自動保存已禁用，跳過配置保存
2025-08-17 14:04:28,419 - VALO360 - DEBUG - 自動保存已禁用，跳過配置保存
2025-08-17 14:04:28,419 - VALO360 - DEBUG - 自動保存已禁用，跳過配置保存
2025-08-17 14:04:28,419 - VALO360 - DEBUG - 自動保存已禁用，跳過配置保存
2025-08-17 14:04:28,419 - VALO360 - DEBUG - 自動保存已禁用，跳過配置保存
2025-08-17 14:04:28,420 - VALO360 - DEBUG - 自動保存已禁用，跳過配置保存
2025-08-17 14:04:28,420 - VALO360 - DEBUG - 自動保存已禁用，跳過配置保存
2025-08-17 14:04:28,420 - VALO360 - DEBUG - 自動保存已禁用，跳過配置保存
2025-08-17 14:04:28,420 - VALO360 - DEBUG - 自動保存已禁用，跳過配置保存
2025-08-17 14:04:28,420 - VALO360 - DEBUG - 自動保存已禁用，跳過配置保存
2025-08-17 14:04:28,420 - VALO360 - DEBUG - 自動保存已禁用，跳過配置保存
2025-08-17 14:04:28,434 - VALO360 - DEBUG - 自動保存已禁用，跳過配置保存
2025-08-17 14:04:28,434 - VALO360 - DEBUG - 自動保存已禁用，跳過配置保存
2025-08-17 14:04:28,434 - VALO360 - DEBUG - 自動保存已禁用，跳過配置保存
2025-08-17 14:04:28,434 - VALO360 - DEBUG - 自動保存已禁用，跳過配置保存
2025-08-17 14:04:28,442 - VALO360 - DEBUG - 自動保存已禁用，跳過配置保存
2025-08-17 14:04:28,442 - VALO360 - DEBUG - 自動保存已禁用，跳過配置保存
2025-08-17 14:04:28,442 - VALO360 - DEBUG - 自動保存已禁用，跳過配置保存
2025-08-17 14:04:28,442 - VALO360 - DEBUG - 自動保存已禁用，跳過配置保存
2025-08-17 14:04:28,451 - VALO360 - DEBUG - 自動保存已禁用，跳過配置保存
2025-08-17 14:04:28,451 - VALO360 - DEBUG - 自動保存已禁用，跳過配置保存
2025-08-17 14:04:28,452 - VALO360 - DEBUG - 自動保存已禁用，跳過配置保存
2025-08-17 14:04:28,452 - VALO360 - DEBUG - 自動保存已禁用，跳過配置保存
2025-08-17 14:04:28,454 - VALO360 - DEBUG - 自動保存已禁用，跳過配置保存
2025-08-17 14:04:28,454 - VALO360 - DEBUG - 自動保存已禁用，跳過配置保存
2025-08-17 14:04:28,454 - VALO360 - DEBUG - 自動保存已禁用，跳過配置保存
2025-08-17 14:04:28,454 - VALO360 - DEBUG - 自動保存已禁用，跳過配置保存
2025-08-17 14:04:28,455 - VALO360 - DEBUG - 自動保存已禁用，跳過配置保存
2025-08-17 14:04:28,455 - VALO360 - DEBUG - 自動保存已禁用，跳過配置保存
2025-08-17 14:04:28,455 - VALO360 - DEBUG - 自動保存已禁用，跳過配置保存
2025-08-17 14:04:28,455 - VALO360 - DEBUG - 自動保存已禁用，跳過配置保存
2025-08-17 14:04:28,458 - VALO360 - DEBUG - 自動保存已禁用，跳過配置保存
2025-08-17 14:04:28,458 - VALO360 - DEBUG - 自動保存已禁用，跳過配置保存
2025-08-17 14:04:28,458 - VALO360 - DEBUG - 自動保存已禁用，跳過配置保存
2025-08-17 14:04:28,458 - VALO360 - DEBUG - 自動保存已禁用，跳過配置保存
2025-08-17 14:04:28,519 - VALO360 - DEBUG - 自動保存已禁用，跳過配置保存
2025-08-17 14:04:28,519 - VALO360 - DEBUG - 自動保存已禁用，跳過配置保存
2025-08-17 14:04:28,519 - VALO360 - DEBUG - 自動保存已禁用，跳過配置保存
2025-08-17 14:04:28,520 - VALO360 - DEBUG - 自動保存已禁用，跳過配置保存
2025-08-17 14:04:28,520 - VALO360 - DEBUG - 自動保存已禁用，跳過配置保存
2025-08-17 14:04:28,520 - VALO360 - DEBUG - 自動保存已禁用，跳過配置保存
2025-08-17 14:04:28,520 - VALO360 - DEBUG - 自動保存已禁用，跳過配置保存
2025-08-17 14:04:28,520 - VALO360 - DEBUG - 自動保存已禁用，跳過配置保存
2025-08-17 14:04:28,521 - VALO360 - DEBUG - 自動保存已禁用，跳過配置保存
2025-08-17 14:04:28,521 - VALO360 - DEBUG - 自動保存已禁用，跳過配置保存
2025-08-17 14:04:28,521 - VALO360 - DEBUG - 自動保存已禁用，跳過配置保存
2025-08-17 14:04:28,521 - VALO360 - DEBUG - 自動保存已禁用，跳過配置保存
2025-08-17 14:04:28,522 - VALO360 - DEBUG - 自動保存已禁用，跳過配置保存
2025-08-17 14:04:28,522 - VALO360 - DEBUG - 自動保存已禁用，跳過配置保存
2025-08-17 14:04:28,522 - VALO360 - DEBUG - 自動保存已禁用，跳過配置保存
2025-08-17 14:04:28,522 - VALO360 - DEBUG - 自動保存已禁用，跳過配置保存
2025-08-17 14:04:28,523 - VALO360 - DEBUG - 自動保存已禁用，跳過配置保存
2025-08-17 14:04:28,523 - VALO360 - DEBUG - 自動保存已禁用，跳過配置保存
2025-08-17 14:04:28,523 - VALO360 - DEBUG - 自動保存已禁用，跳過配置保存
2025-08-17 14:04:28,523 - VALO360 - DEBUG - 自動保存已禁用，跳過配置保存
2025-08-17 14:04:28,523 - VALO360 - DEBUG - 自動保存已禁用，跳過配置保存
2025-08-17 14:04:28,524 - VALO360 - DEBUG - 自動保存已禁用，跳過配置保存
2025-08-17 14:04:28,524 - VALO360 - DEBUG - 自動保存已禁用，跳過配置保存
2025-08-17 14:04:28,524 - VALO360 - DEBUG - 自動保存已禁用，跳過配置保存
2025-08-17 14:04:28,530 - VALO360 - DEBUG - 自動保存已禁用，跳過配置保存
2025-08-17 14:04:28,531 - VALO360 - DEBUG - 自動保存已禁用，跳過配置保存
2025-08-17 14:04:28,531 - VALO360 - DEBUG - 自動保存已禁用，跳過配置保存
2025-08-17 14:04:28,531 - VALO360 - DEBUG - 自動保存已禁用，跳過配置保存
2025-08-17 14:04:28,532 - VALO360 - DEBUG - 自動保存已禁用，跳過配置保存
2025-08-17 14:04:28,532 - VALO360 - DEBUG - 自動保存已禁用，跳過配置保存
2025-08-17 14:04:28,532 - VALO360 - DEBUG - 自動保存已禁用，跳過配置保存
2025-08-17 14:04:28,532 - VALO360 - DEBUG - 自動保存已禁用，跳過配置保存
2025-08-17 14:04:28,533 - VALO360 - DEBUG - 自動保存已禁用，跳過配置保存
2025-08-17 14:04:28,533 - VALO360 - DEBUG - 自動保存已禁用，跳過配置保存
2025-08-17 14:04:28,534 - VALO360 - DEBUG - 自動保存已禁用，跳過配置保存
2025-08-17 14:04:28,534 - VALO360 - DEBUG - 自動保存已禁用，跳過配置保存
2025-08-17 14:04:28,534 - VALO360 - DEBUG - 自動保存已禁用，跳過配置保存
2025-08-17 14:04:28,535 - VALO360 - DEBUG - 自動保存已禁用，跳過配置保存
2025-08-17 14:04:28,535 - VALO360 - DEBUG - 自動保存已禁用，跳過配置保存
2025-08-17 14:04:28,535 - VALO360 - DEBUG - 自動保存已禁用，跳過配置保存
2025-08-17 14:04:28,539 - VALO360 - DEBUG - 自動保存已禁用，跳過配置保存
2025-08-17 14:04:28,539 - VALO360 - DEBUG - 自動保存已禁用，跳過配置保存
2025-08-17 14:04:28,539 - VALO360 - DEBUG - 自動保存已禁用，跳過配置保存
2025-08-17 14:04:28,539 - VALO360 - DEBUG - 自動保存已禁用，跳過配置保存
2025-08-17 14:04:28,540 - VALO360 - DEBUG - 自動保存已禁用，跳過配置保存
2025-08-17 14:04:28,540 - VALO360 - DEBUG - 自動保存已禁用，跳過配置保存
2025-08-17 14:04:28,540 - VALO360 - DEBUG - 自動保存已禁用，跳過配置保存
2025-08-17 14:04:28,541 - VALO360 - DEBUG - 自動保存已禁用，跳過配置保存
2025-08-17 14:04:28,542 - VALO360 - DEBUG - 自動保存已禁用，跳過配置保存
2025-08-17 14:04:28,542 - VALO360 - DEBUG - 自動保存已禁用，跳過配置保存
2025-08-17 14:04:28,542 - VALO360 - DEBUG - 自動保存已禁用，跳過配置保存
2025-08-17 14:04:28,542 - VALO360 - DEBUG - 自動保存已禁用，跳過配置保存
2025-08-17 14:04:28,543 - VALO360 - DEBUG - 自動保存已禁用，跳過配置保存
2025-08-17 14:04:28,543 - VALO360 - DEBUG - 自動保存已禁用，跳過配置保存
2025-08-17 14:04:28,543 - VALO360 - DEBUG - 自動保存已禁用，跳過配置保存
2025-08-17 14:04:28,543 - VALO360 - DEBUG - 自動保存已禁用，跳過配置保存
2025-08-17 14:04:28,545 - VALO360 - DEBUG - 自動保存已禁用，跳過配置保存
2025-08-17 14:04:28,545 - VALO360 - DEBUG - 自動保存已禁用，跳過配置保存
2025-08-17 14:04:28,546 - VALO360 - DEBUG - 自動保存已禁用，跳過配置保存
2025-08-17 14:04:28,546 - VALO360 - DEBUG - 自動保存已禁用，跳過配置保存
2025-08-17 14:04:28,548 - VALO360 - DEBUG - 自動保存已禁用，跳過配置保存
2025-08-17 14:04:28,548 - VALO360 - DEBUG - 自動保存已禁用，跳過配置保存
2025-08-17 14:04:28,548 - VALO360 - DEBUG - 自動保存已禁用，跳過配置保存
2025-08-17 14:04:28,549 - VALO360 - DEBUG - 自動保存已禁用，跳過配置保存
2025-08-17 14:04:28,551 - VALO360 - DEBUG - 自動保存已禁用，跳過配置保存
2025-08-17 14:04:28,551 - VALO360 - DEBUG - 自動保存已禁用，跳過配置保存
2025-08-17 14:04:28,551 - VALO360 - DEBUG - 自動保存已禁用，跳過配置保存
2025-08-17 14:04:28,551 - VALO360 - DEBUG - 自動保存已禁用，跳過配置保存
2025-08-17 14:04:28,552 - VALO360 - DEBUG - 自動保存已禁用，跳過配置保存
2025-08-17 14:04:28,552 - VALO360 - DEBUG - 自動保存已禁用，跳過配置保存
2025-08-17 14:04:28,552 - VALO360 - DEBUG - 自動保存已禁用，跳過配置保存
2025-08-17 14:04:28,552 - VALO360 - DEBUG - 自動保存已禁用，跳過配置保存
2025-08-17 14:04:28,553 - VALO360 - DEBUG - 自動保存已禁用，跳過配置保存
2025-08-17 14:04:28,553 - VALO360 - DEBUG - 自動保存已禁用，跳過配置保存
2025-08-17 14:04:28,553 - VALO360 - DEBUG - 自動保存已禁用，跳過配置保存
2025-08-17 14:04:28,553 - VALO360 - DEBUG - 自動保存已禁用，跳過配置保存
2025-08-17 14:04:28,554 - VALO360 - DEBUG - 自動保存已禁用，跳過配置保存
2025-08-17 14:04:28,554 - VALO360 - DEBUG - 自動保存已禁用，跳過配置保存
2025-08-17 14:04:28,554 - VALO360 - DEBUG - 自動保存已禁用，跳過配置保存
2025-08-17 14:04:28,554 - VALO360 - DEBUG - 自動保存已禁用，跳過配置保存
2025-08-17 14:04:28,559 - VALO360 - DEBUG - 自動保存已禁用，跳過配置保存
2025-08-17 14:04:28,559 - VALO360 - DEBUG - 自動保存已禁用，跳過配置保存
2025-08-17 14:04:28,559 - VALO360 - DEBUG - 自動保存已禁用，跳過配置保存
2025-08-17 14:04:28,560 - VALO360 - DEBUG - 自動保存已禁用，跳過配置保存
2025-08-17 14:04:28,567 - VALO360 - DEBUG - 自動保存已禁用，跳過配置保存
2025-08-17 14:04:28,568 - VALO360 - DEBUG - 自動保存已禁用，跳過配置保存
2025-08-17 14:04:28,568 - VALO360 - DEBUG - 自動保存已禁用，跳過配置保存
2025-08-17 14:04:28,568 - VALO360 - DEBUG - 自動保存已禁用，跳過配置保存
2025-08-17 14:04:28,568 - VALO360 - DEBUG - 自動保存已禁用，跳過配置保存
2025-08-17 14:04:28,568 - VALO360 - DEBUG - 自動保存已禁用，跳過配置保存
2025-08-17 14:04:28,569 - VALO360 - DEBUG - 自動保存已禁用，跳過配置保存
2025-08-17 14:04:28,569 - VALO360 - DEBUG - 自動保存已禁用，跳過配置保存
2025-08-17 14:04:28,569 - VALO360 - DEBUG - 自動保存已禁用，跳過配置保存
2025-08-17 14:04:28,569 - VALO360 - DEBUG - 自動保存已禁用，跳過配置保存
2025-08-17 14:04:28,569 - VALO360 - DEBUG - 自動保存已禁用，跳過配置保存
2025-08-17 14:04:28,569 - VALO360 - DEBUG - 自動保存已禁用，跳過配置保存
2025-08-17 14:04:28,570 - VALO360 - DEBUG - 自動保存已禁用，跳過配置保存
2025-08-17 14:04:28,570 - VALO360 - DEBUG - 自動保存已禁用，跳過配置保存
2025-08-17 14:04:28,570 - VALO360 - DEBUG - 自動保存已禁用，跳過配置保存
2025-08-17 14:04:28,570 - VALO360 - DEBUG - 自動保存已禁用，跳過配置保存
2025-08-17 14:04:28,570 - VALO360 - DEBUG - 自動保存已禁用，跳過配置保存
2025-08-17 14:04:28,571 - VALO360 - DEBUG - 自動保存已禁用，跳過配置保存
2025-08-17 14:04:28,571 - VALO360 - DEBUG - 自動保存已禁用，跳過配置保存
2025-08-17 14:04:28,571 - VALO360 - DEBUG - 自動保存已禁用，跳過配置保存
2025-08-17 14:04:28,571 - VALO360 - DEBUG - 自動保存已禁用，跳過配置保存
2025-08-17 14:04:28,571 - VALO360 - DEBUG - 自動保存已禁用，跳過配置保存
2025-08-17 14:04:28,571 - VALO360 - DEBUG - 自動保存已禁用，跳過配置保存
2025-08-17 14:04:28,572 - VALO360 - DEBUG - 自動保存已禁用，跳過配置保存
2025-08-17 14:04:28,572 - VALO360 - DEBUG - 自動保存已禁用，跳過配置保存
2025-08-17 14:04:28,572 - VALO360 - DEBUG - 自動保存已禁用，跳過配置保存
2025-08-17 14:04:28,572 - VALO360 - DEBUG - 自動保存已禁用，跳過配置保存
2025-08-17 14:04:28,572 - VALO360 - DEBUG - 自動保存已禁用，跳過配置保存
2025-08-17 14:04:28,573 - VALO360 - DEBUG - 自動保存已禁用，跳過配置保存
2025-08-17 14:04:28,573 - VALO360 - DEBUG - 自動保存已禁用，跳過配置保存
2025-08-17 14:04:28,573 - VALO360 - DEBUG - 自動保存已禁用，跳過配置保存
2025-08-17 14:04:28,573 - VALO360 - DEBUG - 自動保存已禁用，跳過配置保存
2025-08-17 14:04:28,573 - VALO360 - DEBUG - 自動保存已禁用，跳過配置保存
2025-08-17 14:04:28,573 - VALO360 - DEBUG - 自動保存已禁用，跳過配置保存
2025-08-17 14:04:28,574 - VALO360 - DEBUG - 自動保存已禁用，跳過配置保存
2025-08-17 14:04:28,574 - VALO360 - DEBUG - 自動保存已禁用，跳過配置保存
2025-08-17 14:04:28,574 - VALO360 - DEBUG - 自動保存已禁用，跳過配置保存
2025-08-17 14:04:28,574 - VALO360 - DEBUG - 自動保存已禁用，跳過配置保存
2025-08-17 14:04:28,574 - VALO360 - DEBUG - 自動保存已禁用，跳過配置保存
2025-08-17 14:04:28,574 - VALO360 - DEBUG - 自動保存已禁用，跳過配置保存
2025-08-17 14:04:28,575 - VALO360 - DEBUG - 自動保存已禁用，跳過配置保存
2025-08-17 14:04:28,575 - VALO360 - DEBUG - 自動保存已禁用，跳過配置保存
2025-08-17 14:04:28,575 - VALO360 - DEBUG - 自動保存已禁用，跳過配置保存
2025-08-17 14:04:28,575 - VALO360 - DEBUG - 自動保存已禁用，跳過配置保存
2025-08-17 14:04:28,575 - VALO360 - DEBUG - 自動保存已禁用，跳過配置保存
2025-08-17 14:04:28,575 - VALO360 - DEBUG - 自動保存已禁用，跳過配置保存
2025-08-17 14:04:28,576 - VALO360 - DEBUG - 自動保存已禁用，跳過配置保存
2025-08-17 14:04:28,576 - VALO360 - DEBUG - 自動保存已禁用，跳過配置保存
2025-08-17 14:04:28,576 - VALO360 - DEBUG - 自動保存已禁用，跳過配置保存
2025-08-17 14:04:28,576 - VALO360 - DEBUG - 自動保存已禁用，跳過配置保存
2025-08-17 14:04:28,576 - VALO360 - DEBUG - 自動保存已禁用，跳過配置保存
2025-08-17 14:04:28,576 - VALO360 - DEBUG - 自動保存已禁用，跳過配置保存
2025-08-17 14:04:28,577 - VALO360 - DEBUG - 自動保存已禁用，跳過配置保存
2025-08-17 14:04:28,577 - VALO360 - DEBUG - 自動保存已禁用，跳過配置保存
2025-08-17 14:04:28,577 - VALO360 - DEBUG - 自動保存已禁用，跳過配置保存
2025-08-17 14:04:28,577 - VALO360 - DEBUG - 自動保存已禁用，跳過配置保存
2025-08-17 14:04:28,577 - VALO360 - DEBUG - 自動保存已禁用，跳過配置保存
2025-08-17 14:04:28,577 - VALO360 - DEBUG - 自動保存已禁用，跳過配置保存
2025-08-17 14:04:28,578 - VALO360 - DEBUG - 自動保存已禁用，跳過配置保存
2025-08-17 14:04:28,578 - VALO360 - DEBUG - 自動保存已禁用，跳過配置保存
2025-08-17 14:04:28,578 - VALO360 - DEBUG - 自動保存已禁用，跳過配置保存
2025-08-17 14:04:28,578 - VALO360 - DEBUG - 自動保存已禁用，跳過配置保存
2025-08-17 14:04:28,578 - VALO360 - DEBUG - 自動保存已禁用，跳過配置保存
2025-08-17 14:04:28,578 - VALO360 - DEBUG - 自動保存已禁用，跳過配置保存
2025-08-17 14:04:28,579 - VALO360 - DEBUG - 自動保存已禁用，跳過配置保存
2025-08-17 14:04:28,579 - VALO360 - DEBUG - 自動保存已禁用，跳過配置保存
2025-08-17 14:04:28,579 - VALO360 - DEBUG - 自動保存已禁用，跳過配置保存
2025-08-17 14:04:28,579 - VALO360 - DEBUG - 自動保存已禁用，跳過配置保存
2025-08-17 14:04:28,579 - VALO360 - DEBUG - 自動保存已禁用，跳過配置保存
2025-08-17 14:04:28,580 - VALO360 - DEBUG - 自動保存已禁用，跳過配置保存
2025-08-17 14:04:28,580 - VALO360 - DEBUG - 自動保存已禁用，跳過配置保存
2025-08-17 14:04:28,580 - VALO360 - DEBUG - 自動保存已禁用，跳過配置保存
2025-08-17 14:04:28,580 - VALO360 - DEBUG - 自動保存已禁用，跳過配置保存
2025-08-17 14:04:28,580 - VALO360 - DEBUG - 自動保存已禁用，跳過配置保存
2025-08-17 14:04:28,580 - VALO360 - DEBUG - 自動保存已禁用，跳過配置保存
2025-08-17 14:04:28,580 - VALO360 - DEBUG - 自動保存已禁用，跳過配置保存
2025-08-17 14:04:28,581 - VALO360 - DEBUG - 自動保存已禁用，跳過配置保存
2025-08-17 14:04:28,581 - VALO360 - DEBUG - 自動保存已禁用，跳過配置保存
2025-08-17 14:04:28,581 - VALO360 - DEBUG - 自動保存已禁用，跳過配置保存
2025-08-17 14:04:28,581 - VALO360 - DEBUG - 自動保存已禁用，跳過配置保存
2025-08-17 14:04:28,581 - VALO360 - DEBUG - 自動保存已禁用，跳過配置保存
2025-08-17 14:04:28,582 - VALO360 - DEBUG - 自動保存已禁用，跳過配置保存
2025-08-17 14:04:28,582 - VALO360 - DEBUG - 自動保存已禁用，跳過配置保存
2025-08-17 14:04:28,582 - VALO360 - DEBUG - 自動保存已禁用，跳過配置保存
2025-08-17 14:04:28,582 - VALO360 - DEBUG - 自動保存已禁用，跳過配置保存
2025-08-17 14:04:28,582 - VALO360 - DEBUG - 自動保存已禁用，跳過配置保存
2025-08-17 14:04:28,582 - VALO360 - DEBUG - 自動保存已禁用，跳過配置保存
2025-08-17 14:04:28,583 - VALO360 - DEBUG - 自動保存已禁用，跳過配置保存
2025-08-17 14:04:28,583 - VALO360 - DEBUG - 自動保存已禁用，跳過配置保存
2025-08-17 14:04:28,583 - VALO360 - DEBUG - 自動保存已禁用，跳過配置保存
2025-08-17 14:04:28,583 - VALO360 - DEBUG - 自動保存已禁用，跳過配置保存
2025-08-17 14:04:28,583 - VALO360 - DEBUG - 自動保存已禁用，跳過配置保存
2025-08-17 14:04:28,583 - VALO360 - DEBUG - 自動保存已禁用，跳過配置保存
2025-08-17 14:04:28,584 - VALO360 - DEBUG - 自動保存已禁用，跳過配置保存
2025-08-17 14:04:28,584 - VALO360 - DEBUG - 自動保存已禁用，跳過配置保存
2025-08-17 14:04:28,584 - VALO360 - DEBUG - 自動保存已禁用，跳過配置保存
2025-08-17 14:04:28,584 - VALO360 - DEBUG - 自動保存已禁用，跳過配置保存
2025-08-17 14:04:28,584 - VALO360 - DEBUG - 自動保存已禁用，跳過配置保存
2025-08-17 14:04:28,584 - VALO360 - DEBUG - 自動保存已禁用，跳過配置保存
2025-08-17 14:04:28,585 - VALO360 - DEBUG - 自動保存已禁用，跳過配置保存
2025-08-17 14:04:28,585 - VALO360 - DEBUG - 自動保存已禁用，跳過配置保存
2025-08-17 14:04:28,585 - VALO360 - DEBUG - 自動保存已禁用，跳過配置保存
2025-08-17 14:04:28,585 - VALO360 - DEBUG - 自動保存已禁用，跳過配置保存
2025-08-17 14:04:28,585 - VALO360 - DEBUG - 自動保存已禁用，跳過配置保存
2025-08-17 14:04:28,586 - VALO360 - DEBUG - 自動保存已禁用，跳過配置保存
2025-08-17 14:04:28,586 - VALO360 - DEBUG - 自動保存已禁用，跳過配置保存
2025-08-17 14:04:28,586 - VALO360 - DEBUG - 自動保存已禁用，跳過配置保存
2025-08-17 14:04:28,586 - VALO360 - DEBUG - 自動保存已禁用，跳過配置保存
2025-08-17 14:04:28,586 - VALO360 - DEBUG - 自動保存已禁用，跳過配置保存
2025-08-17 14:04:28,586 - VALO360 - DEBUG - 自動保存已禁用，跳過配置保存
2025-08-17 14:04:28,586 - VALO360 - DEBUG - 自動保存已禁用，跳過配置保存
2025-08-17 14:04:28,587 - VALO360 - DEBUG - 自動保存已禁用，跳過配置保存
2025-08-17 14:04:28,587 - VALO360 - DEBUG - 自動保存已禁用，跳過配置保存
2025-08-17 14:04:28,587 - VALO360 - DEBUG - 自動保存已禁用，跳過配置保存
2025-08-17 14:04:28,587 - VALO360 - DEBUG - 自動保存已禁用，跳過配置保存
2025-08-17 14:04:28,587 - VALO360 - DEBUG - 自動保存已禁用，跳過配置保存
2025-08-17 14:04:28,588 - VALO360 - DEBUG - 自動保存已禁用，跳過配置保存
2025-08-17 14:04:28,588 - VALO360 - DEBUG - 自動保存已禁用，跳過配置保存
2025-08-17 14:04:28,588 - VALO360 - DEBUG - 自動保存已禁用，跳過配置保存
2025-08-17 14:04:28,588 - VALO360 - DEBUG - 自動保存已禁用，跳過配置保存
2025-08-17 14:04:28,677 - VALO360 - DEBUG - 自動保存已禁用，跳過配置保存
2025-08-17 14:04:28,677 - VALO360 - DEBUG - 自動保存已禁用，跳過配置保存
2025-08-17 14:04:28,678 - VALO360 - DEBUG - 自動保存已禁用，跳過配置保存
2025-08-17 14:04:28,678 - VALO360 - DEBUG - 自動保存已禁用，跳過配置保存
2025-08-17 14:04:28,678 - VALO360 - DEBUG - 自動保存已禁用，跳過配置保存
2025-08-17 14:04:28,678 - VALO360 - DEBUG - 自動保存已禁用，跳過配置保存
2025-08-17 14:04:28,678 - VALO360 - DEBUG - 自動保存已禁用，跳過配置保存
2025-08-17 14:04:28,679 - VALO360 - DEBUG - 自動保存已禁用，跳過配置保存
2025-08-17 14:04:28,685 - VALO360 - DEBUG - 自動保存已禁用，跳過配置保存
2025-08-17 14:04:28,686 - VALO360 - DEBUG - 自動保存已禁用，跳過配置保存
2025-08-17 14:04:28,686 - VALO360 - DEBUG - 自動保存已禁用，跳過配置保存
2025-08-17 14:04:28,686 - VALO360 - DEBUG - 自動保存已禁用，跳過配置保存
2025-08-17 14:04:28,686 - VALO360 - DEBUG - 自動保存已禁用，跳過配置保存
2025-08-17 14:04:28,686 - VALO360 - DEBUG - 自動保存已禁用，跳過配置保存
2025-08-17 14:04:28,686 - VALO360 - DEBUG - 自動保存已禁用，跳過配置保存
2025-08-17 14:04:28,687 - VALO360 - DEBUG - 自動保存已禁用，跳過配置保存
2025-08-17 14:04:28,698 - VALO360 - DEBUG - 自動保存已禁用，跳過配置保存
2025-08-17 14:04:28,698 - VALO360 - DEBUG - 自動保存已禁用，跳過配置保存
2025-08-17 14:04:28,698 - VALO360 - DEBUG - 自動保存已禁用，跳過配置保存
2025-08-17 14:04:28,698 - VALO360 - DEBUG - 自動保存已禁用，跳過配置保存
2025-08-17 14:04:28,698 - VALO360 - DEBUG - 自動保存已禁用，跳過配置保存
2025-08-17 14:04:28,699 - VALO360 - DEBUG - 自動保存已禁用，跳過配置保存
2025-08-17 14:04:28,699 - VALO360 - DEBUG - 自動保存已禁用，跳過配置保存
2025-08-17 14:04:28,699 - VALO360 - DEBUG - 自動保存已禁用，跳過配置保存
2025-08-17 14:04:28,705 - VALO360 - DEBUG - 自動保存已禁用，跳過配置保存
2025-08-17 14:04:28,705 - VALO360 - DEBUG - 自動保存已禁用，跳過配置保存
2025-08-17 14:04:28,705 - VALO360 - DEBUG - 自動保存已禁用，跳過配置保存
2025-08-17 14:04:28,705 - VALO360 - DEBUG - 自動保存已禁用，跳過配置保存
2025-08-17 14:04:28,705 - VALO360 - DEBUG - 自動保存已禁用，跳過配置保存
2025-08-17 14:04:28,705 - VALO360 - DEBUG - 自動保存已禁用，跳過配置保存
2025-08-17 14:04:28,706 - VALO360 - DEBUG - 自動保存已禁用，跳過配置保存
2025-08-17 14:04:28,706 - VALO360 - DEBUG - 自動保存已禁用，跳過配置保存
2025-08-17 14:04:28,713 - VALO360 - DEBUG - 自動保存已禁用，跳過配置保存
2025-08-17 14:04:28,713 - VALO360 - DEBUG - 自動保存已禁用，跳過配置保存
2025-08-17 14:04:28,713 - VALO360 - DEBUG - 自動保存已禁用，跳過配置保存
2025-08-17 14:04:28,713 - VALO360 - DEBUG - 自動保存已禁用，跳過配置保存
2025-08-17 14:04:28,714 - VALO360 - DEBUG - 自動保存已禁用，跳過配置保存
2025-08-17 14:04:28,714 - VALO360 - DEBUG - 自動保存已禁用，跳過配置保存
2025-08-17 14:04:28,714 - VALO360 - DEBUG - 自動保存已禁用，跳過配置保存
2025-08-17 14:04:28,714 - VALO360 - DEBUG - 自動保存已禁用，跳過配置保存
2025-08-17 14:04:28,717 - VALO360 - DEBUG - 自動保存已禁用，跳過配置保存
2025-08-17 14:04:28,717 - VALO360 - DEBUG - 自動保存已禁用，跳過配置保存
2025-08-17 14:04:28,717 - VALO360 - DEBUG - 自動保存已禁用，跳過配置保存
2025-08-17 14:04:28,717 - VALO360 - DEBUG - 自動保存已禁用，跳過配置保存
2025-08-17 14:04:28,717 - VALO360 - DEBUG - 自動保存已禁用，跳過配置保存
2025-08-17 14:04:28,717 - VALO360 - DEBUG - 自動保存已禁用，跳過配置保存
2025-08-17 14:04:28,717 - VALO360 - DEBUG - 自動保存已禁用，跳過配置保存
2025-08-17 14:04:28,718 - VALO360 - DEBUG - 自動保存已禁用，跳過配置保存
2025-08-17 14:04:28,718 - VALO360 - DEBUG - 自動保存已禁用，跳過配置保存
2025-08-17 14:04:28,718 - VALO360 - DEBUG - 自動保存已禁用，跳過配置保存
2025-08-17 14:04:28,718 - VALO360 - DEBUG - 自動保存已禁用，跳過配置保存
2025-08-17 14:04:28,718 - VALO360 - DEBUG - 自動保存已禁用，跳過配置保存
2025-08-17 14:04:28,718 - VALO360 - DEBUG - 自動保存已禁用，跳過配置保存
2025-08-17 14:04:28,719 - VALO360 - DEBUG - 自動保存已禁用，跳過配置保存
2025-08-17 14:04:28,719 - VALO360 - DEBUG - 自動保存已禁用，跳過配置保存
2025-08-17 14:04:28,719 - VALO360 - DEBUG - 自動保存已禁用，跳過配置保存
2025-08-17 14:04:28,722 - VALO360 - DEBUG - 自動保存已禁用，跳過配置保存
2025-08-17 14:04:28,722 - VALO360 - DEBUG - 自動保存已禁用，跳過配置保存
2025-08-17 14:04:28,722 - VALO360 - DEBUG - 自動保存已禁用，跳過配置保存
2025-08-17 14:04:28,722 - VALO360 - DEBUG - 自動保存已禁用，跳過配置保存
2025-08-17 14:04:28,722 - VALO360 - DEBUG - 自動保存已禁用，跳過配置保存
2025-08-17 14:04:28,723 - VALO360 - DEBUG - 自動保存已禁用，跳過配置保存
2025-08-17 14:04:28,723 - VALO360 - DEBUG - 自動保存已禁用，跳過配置保存
2025-08-17 14:04:28,723 - VALO360 - DEBUG - 自動保存已禁用，跳過配置保存
2025-08-17 14:04:28,725 - VALO360 - DEBUG - 自動保存已禁用，跳過配置保存
2025-08-17 14:04:28,725 - VALO360 - DEBUG - 自動保存已禁用，跳過配置保存
2025-08-17 14:04:28,725 - VALO360 - DEBUG - 自動保存已禁用，跳過配置保存
2025-08-17 14:04:28,725 - VALO360 - DEBUG - 自動保存已禁用，跳過配置保存
2025-08-17 14:04:28,726 - VALO360 - DEBUG - 自動保存已禁用，跳過配置保存
2025-08-17 14:04:28,726 - VALO360 - DEBUG - 自動保存已禁用，跳過配置保存
2025-08-17 14:04:28,726 - VALO360 - DEBUG - 自動保存已禁用，跳過配置保存
2025-08-17 14:04:28,726 - VALO360 - DEBUG - 自動保存已禁用，跳過配置保存
2025-08-17 14:04:28,736 - VALO360 - DEBUG - 自動保存已禁用，跳過配置保存
2025-08-17 14:04:28,736 - VALO360 - DEBUG - 自動保存已禁用，跳過配置保存
2025-08-17 14:04:28,737 - VALO360 - DEBUG - 自動保存已禁用，跳過配置保存
2025-08-17 14:04:28,737 - VALO360 - DEBUG - 自動保存已禁用，跳過配置保存
2025-08-17 14:04:28,737 - VALO360 - DEBUG - 自動保存已禁用，跳過配置保存
2025-08-17 14:04:28,737 - VALO360 - DEBUG - 自動保存已禁用，跳過配置保存
2025-08-17 14:04:28,737 - VALO360 - DEBUG - 自動保存已禁用，跳過配置保存
2025-08-17 14:04:28,737 - VALO360 - DEBUG - 自動保存已禁用，跳過配置保存
2025-08-17 14:04:28,738 - VALO360 - DEBUG - 自動保存已禁用，跳過配置保存
2025-08-17 14:04:28,738 - VALO360 - DEBUG - 自動保存已禁用，跳過配置保存
2025-08-17 14:04:28,738 - VALO360 - DEBUG - 自動保存已禁用，跳過配置保存
2025-08-17 14:04:28,738 - VALO360 - DEBUG - 自動保存已禁用，跳過配置保存
2025-08-17 14:04:28,738 - VALO360 - DEBUG - 自動保存已禁用，跳過配置保存
2025-08-17 14:04:28,738 - VALO360 - DEBUG - 自動保存已禁用，跳過配置保存
2025-08-17 14:04:28,738 - VALO360 - DEBUG - 自動保存已禁用，跳過配置保存
2025-08-17 14:04:28,739 - VALO360 - DEBUG - 自動保存已禁用，跳過配置保存
2025-08-17 14:04:28,743 - VALO360 - DEBUG - 自動保存已禁用，跳過配置保存
2025-08-17 14:04:28,743 - VALO360 - DEBUG - 自動保存已禁用，跳過配置保存
2025-08-17 14:04:28,743 - VALO360 - DEBUG - 自動保存已禁用，跳過配置保存
2025-08-17 14:04:28,743 - VALO360 - DEBUG - 自動保存已禁用，跳過配置保存
2025-08-17 14:04:28,743 - VALO360 - DEBUG - 自動保存已禁用，跳過配置保存
2025-08-17 14:04:28,744 - VALO360 - DEBUG - 自動保存已禁用，跳過配置保存
2025-08-17 14:04:28,744 - VALO360 - DEBUG - 自動保存已禁用，跳過配置保存
2025-08-17 14:04:28,744 - VALO360 - DEBUG - 自動保存已禁用，跳過配置保存
2025-08-17 14:04:28,750 - VALO360 - DEBUG - 自動保存已禁用，跳過配置保存
2025-08-17 14:04:28,750 - VALO360 - DEBUG - 自動保存已禁用，跳過配置保存
2025-08-17 14:04:28,750 - VALO360 - DEBUG - 自動保存已禁用，跳過配置保存
2025-08-17 14:04:28,750 - VALO360 - DEBUG - 自動保存已禁用，跳過配置保存
2025-08-17 14:04:28,751 - VALO360 - DEBUG - 自動保存已禁用，跳過配置保存
2025-08-17 14:04:28,751 - VALO360 - DEBUG - 自動保存已禁用，跳過配置保存
2025-08-17 14:04:28,751 - VALO360 - DEBUG - 自動保存已禁用，跳過配置保存
2025-08-17 14:04:28,751 - VALO360 - DEBUG - 自動保存已禁用，跳過配置保存
2025-08-17 14:04:28,754 - VALO360 - DEBUG - 自動保存已禁用，跳過配置保存
2025-08-17 14:04:28,754 - VALO360 - DEBUG - 自動保存已禁用，跳過配置保存
2025-08-17 14:04:28,754 - VALO360 - DEBUG - 自動保存已禁用，跳過配置保存
2025-08-17 14:04:28,754 - VALO360 - DEBUG - 自動保存已禁用，跳過配置保存
2025-08-17 14:04:28,754 - VALO360 - DEBUG - 自動保存已禁用，跳過配置保存
2025-08-17 14:04:28,754 - VALO360 - DEBUG - 自動保存已禁用，跳過配置保存
2025-08-17 14:04:28,754 - VALO360 - DEBUG - 自動保存已禁用，跳過配置保存
2025-08-17 14:04:28,755 - VALO360 - DEBUG - 自動保存已禁用，跳過配置保存
2025-08-17 14:04:28,763 - VALO360 - DEBUG - 自動保存已禁用，跳過配置保存
2025-08-17 14:04:28,763 - VALO360 - DEBUG - 自動保存已禁用，跳過配置保存
2025-08-17 14:04:28,763 - VALO360 - DEBUG - 自動保存已禁用，跳過配置保存
2025-08-17 14:04:28,764 - VALO360 - DEBUG - 自動保存已禁用，跳過配置保存
2025-08-17 14:04:28,764 - VALO360 - DEBUG - 自動保存已禁用，跳過配置保存
2025-08-17 14:04:28,764 - VALO360 - DEBUG - 自動保存已禁用，跳過配置保存
2025-08-17 14:04:28,764 - VALO360 - DEBUG - 自動保存已禁用，跳過配置保存
2025-08-17 14:04:28,764 - VALO360 - DEBUG - 自動保存已禁用，跳過配置保存
2025-08-17 14:04:28,764 - VALO360 - DEBUG - 自動保存已禁用，跳過配置保存
2025-08-17 14:04:28,765 - VALO360 - DEBUG - 自動保存已禁用，跳過配置保存
2025-08-17 14:04:28,765 - VALO360 - DEBUG - 自動保存已禁用，跳過配置保存
2025-08-17 14:04:28,765 - VALO360 - DEBUG - 自動保存已禁用，跳過配置保存
2025-08-17 14:04:28,765 - VALO360 - DEBUG - 自動保存已禁用，跳過配置保存
2025-08-17 14:04:28,765 - VALO360 - DEBUG - 自動保存已禁用，跳過配置保存
2025-08-17 14:04:28,765 - VALO360 - DEBUG - 自動保存已禁用，跳過配置保存
2025-08-17 14:04:28,765 - VALO360 - DEBUG - 自動保存已禁用，跳過配置保存
2025-08-17 14:04:28,776 - VALO360 - DEBUG - 自動保存已禁用，跳過配置保存
2025-08-17 14:04:28,776 - VALO360 - DEBUG - 自動保存已禁用，跳過配置保存
2025-08-17 14:04:28,776 - VALO360 - DEBUG - 自動保存已禁用，跳過配置保存
2025-08-17 14:04:28,777 - VALO360 - DEBUG - 自動保存已禁用，跳過配置保存
2025-08-17 14:04:28,777 - VALO360 - DEBUG - 自動保存已禁用，跳過配置保存
2025-08-17 14:04:28,777 - VALO360 - DEBUG - 自動保存已禁用，跳過配置保存
2025-08-17 14:04:28,777 - VALO360 - DEBUG - 自動保存已禁用，跳過配置保存
2025-08-17 14:04:28,777 - VALO360 - DEBUG - 自動保存已禁用，跳過配置保存
2025-08-17 14:04:28,784 - VALO360 - DEBUG - 自動保存已禁用，跳過配置保存
2025-08-17 14:04:28,784 - VALO360 - DEBUG - 自動保存已禁用，跳過配置保存
2025-08-17 14:04:28,784 - VALO360 - DEBUG - 自動保存已禁用，跳過配置保存
2025-08-17 14:04:28,784 - VALO360 - DEBUG - 自動保存已禁用，跳過配置保存
2025-08-17 14:04:28,784 - VALO360 - DEBUG - 自動保存已禁用，跳過配置保存
2025-08-17 14:04:28,784 - VALO360 - DEBUG - 自動保存已禁用，跳過配置保存
2025-08-17 14:04:28,785 - VALO360 - DEBUG - 自動保存已禁用，跳過配置保存
2025-08-17 14:04:28,785 - VALO360 - DEBUG - 自動保存已禁用，跳過配置保存
2025-08-17 14:04:28,785 - VALO360 - DEBUG - 自動保存已禁用，跳過配置保存
2025-08-17 14:04:28,785 - VALO360 - DEBUG - 自動保存已禁用，跳過配置保存
2025-08-17 14:04:28,785 - VALO360 - DEBUG - 自動保存已禁用，跳過配置保存
2025-08-17 14:04:28,785 - VALO360 - DEBUG - 自動保存已禁用，跳過配置保存
2025-08-17 14:04:28,786 - VALO360 - DEBUG - 自動保存已禁用，跳過配置保存
2025-08-17 14:04:28,786 - VALO360 - DEBUG - 自動保存已禁用，跳過配置保存
2025-08-17 14:04:28,786 - VALO360 - DEBUG - 自動保存已禁用，跳過配置保存
2025-08-17 14:04:28,786 - VALO360 - DEBUG - 自動保存已禁用，跳過配置保存
2025-08-17 14:04:28,803 - VALO360 - DEBUG - 自動保存已禁用，跳過配置保存
2025-08-17 14:04:28,803 - VALO360 - DEBUG - 自動保存已禁用，跳過配置保存
2025-08-17 14:04:28,803 - VALO360 - DEBUG - 自動保存已禁用，跳過配置保存
2025-08-17 14:04:28,803 - VALO360 - DEBUG - 自動保存已禁用，跳過配置保存
2025-08-17 14:04:28,803 - VALO360 - DEBUG - 自動保存已禁用，跳過配置保存
2025-08-17 14:04:28,803 - VALO360 - DEBUG - 自動保存已禁用，跳過配置保存
2025-08-17 14:04:28,803 - VALO360 - DEBUG - 自動保存已禁用，跳過配置保存
2025-08-17 14:04:28,804 - VALO360 - DEBUG - 自動保存已禁用，跳過配置保存
2025-08-17 14:04:28,809 - VALO360 - DEBUG - 自動保存已禁用，跳過配置保存
2025-08-17 14:04:28,810 - VALO360 - DEBUG - 自動保存已禁用，跳過配置保存
2025-08-17 14:04:28,810 - VALO360 - DEBUG - 自動保存已禁用，跳過配置保存
2025-08-17 14:04:28,810 - VALO360 - DEBUG - 自動保存已禁用，跳過配置保存
2025-08-17 14:04:28,810 - VALO360 - DEBUG - 自動保存已禁用，跳過配置保存
2025-08-17 14:04:28,810 - VALO360 - DEBUG - 自動保存已禁用，跳過配置保存
2025-08-17 14:04:28,810 - VALO360 - DEBUG - 自動保存已禁用，跳過配置保存
2025-08-17 14:04:28,811 - VALO360 - DEBUG - 自動保存已禁用，跳過配置保存
2025-08-17 14:04:28,818 - VALO360 - DEBUG - 自動保存已禁用，跳過配置保存
2025-08-17 14:04:28,819 - VALO360 - DEBUG - 自動保存已禁用，跳過配置保存
2025-08-17 14:04:28,819 - VALO360 - DEBUG - 自動保存已禁用，跳過配置保存
2025-08-17 14:04:28,819 - VALO360 - DEBUG - 自動保存已禁用，跳過配置保存
2025-08-17 14:04:28,819 - VALO360 - DEBUG - 自動保存已禁用，跳過配置保存
2025-08-17 14:04:28,819 - VALO360 - DEBUG - 自動保存已禁用，跳過配置保存
2025-08-17 14:04:28,819 - VALO360 - DEBUG - 自動保存已禁用，跳過配置保存
2025-08-17 14:04:28,819 - VALO360 - DEBUG - 自動保存已禁用，跳過配置保存
2025-08-17 14:04:28,866 - VALO360 - DEBUG - 自動保存已禁用，跳過配置保存
2025-08-17 14:04:28,866 - VALO360 - DEBUG - 自動保存已禁用，跳過配置保存
2025-08-17 14:04:28,866 - VALO360 - DEBUG - 自動保存已禁用，跳過配置保存
2025-08-17 14:04:28,866 - VALO360 - DEBUG - 自動保存已禁用，跳過配置保存
2025-08-17 14:04:28,866 - VALO360 - DEBUG - 自動保存已禁用，跳過配置保存
2025-08-17 14:04:28,867 - VALO360 - DEBUG - 自動保存已禁用，跳過配置保存
2025-08-17 14:04:28,867 - VALO360 - DEBUG - 自動保存已禁用，跳過配置保存
2025-08-17 14:04:28,867 - VALO360 - DEBUG - 自動保存已禁用，跳過配置保存
2025-08-17 14:04:28,900 - VALO360 - DEBUG - 自動保存已禁用，跳過配置保存
2025-08-17 14:04:28,900 - VALO360 - DEBUG - 自動保存已禁用，跳過配置保存
2025-08-17 14:04:28,900 - VALO360 - DEBUG - 自動保存已禁用，跳過配置保存
2025-08-17 14:04:28,901 - VALO360 - DEBUG - 自動保存已禁用，跳過配置保存
2025-08-17 14:04:28,901 - VALO360 - DEBUG - 自動保存已禁用，跳過配置保存
2025-08-17 14:04:28,901 - VALO360 - DEBUG - 自動保存已禁用，跳過配置保存
2025-08-17 14:04:28,901 - VALO360 - DEBUG - 自動保存已禁用，跳過配置保存
2025-08-17 14:04:28,901 - VALO360 - DEBUG - 自動保存已禁用，跳過配置保存
2025-08-17 14:04:28,902 - VALO360 - DEBUG - 自動保存已禁用，跳過配置保存
2025-08-17 14:04:28,902 - VALO360 - DEBUG - 自動保存已禁用，跳過配置保存
2025-08-17 14:04:28,902 - VALO360 - DEBUG - 自動保存已禁用，跳過配置保存
2025-08-17 14:04:28,902 - VALO360 - DEBUG - 自動保存已禁用，跳過配置保存
2025-08-17 14:04:28,903 - VALO360 - DEBUG - 自動保存已禁用，跳過配置保存
2025-08-17 14:04:28,903 - VALO360 - DEBUG - 自動保存已禁用，跳過配置保存
2025-08-17 14:04:28,903 - VALO360 - DEBUG - 自動保存已禁用，跳過配置保存
2025-08-17 14:04:28,903 - VALO360 - DEBUG - 自動保存已禁用，跳過配置保存
2025-08-17 14:04:28,903 - VALO360 - DEBUG - 自動保存已禁用，跳過配置保存
2025-08-17 14:04:28,904 - VALO360 - DEBUG - 自動保存已禁用，跳過配置保存
2025-08-17 14:04:28,904 - VALO360 - DEBUG - 自動保存已禁用，跳過配置保存
2025-08-17 14:04:28,904 - VALO360 - DEBUG - 自動保存已禁用，跳過配置保存
2025-08-17 14:04:28,904 - VALO360 - DEBUG - 自動保存已禁用，跳過配置保存
2025-08-17 14:04:28,905 - VALO360 - DEBUG - 自動保存已禁用，跳過配置保存
2025-08-17 14:04:28,905 - VALO360 - DEBUG - 自動保存已禁用，跳過配置保存
2025-08-17 14:04:28,905 - VALO360 - DEBUG - 自動保存已禁用，跳過配置保存
2025-08-17 14:04:28,905 - VALO360 - DEBUG - 自動保存已禁用，跳過配置保存
2025-08-17 14:04:28,905 - VALO360 - DEBUG - 自動保存已禁用，跳過配置保存
2025-08-17 14:04:28,905 - VALO360 - DEBUG - 自動保存已禁用，跳過配置保存
2025-08-17 14:04:28,906 - VALO360 - DEBUG - 自動保存已禁用，跳過配置保存
2025-08-17 14:04:28,906 - VALO360 - DEBUG - 自動保存已禁用，跳過配置保存
2025-08-17 14:04:28,906 - VALO360 - DEBUG - 自動保存已禁用，跳過配置保存
2025-08-17 14:04:28,907 - VALO360 - DEBUG - 自動保存已禁用，跳過配置保存
2025-08-17 14:04:28,907 - VALO360 - DEBUG - 自動保存已禁用，跳過配置保存
2025-08-17 14:04:28,907 - VALO360 - DEBUG - 自動保存已禁用，跳過配置保存
2025-08-17 14:04:28,907 - VALO360 - DEBUG - 自動保存已禁用，跳過配置保存
2025-08-17 14:04:28,907 - VALO360 - DEBUG - 自動保存已禁用，跳過配置保存
2025-08-17 14:04:28,907 - VALO360 - DEBUG - 自動保存已禁用，跳過配置保存
2025-08-17 14:04:28,908 - VALO360 - DEBUG - 自動保存已禁用，跳過配置保存
2025-08-17 14:04:28,908 - VALO360 - DEBUG - 自動保存已禁用，跳過配置保存
2025-08-17 14:04:28,908 - VALO360 - DEBUG - 自動保存已禁用，跳過配置保存
2025-08-17 14:04:28,909 - VALO360 - DEBUG - 自動保存已禁用，跳過配置保存
2025-08-17 14:04:28,909 - VALO360 - DEBUG - 自動保存已禁用，跳過配置保存
2025-08-17 14:04:28,909 - VALO360 - DEBUG - 自動保存已禁用，跳過配置保存
2025-08-17 14:04:28,909 - VALO360 - DEBUG - 自動保存已禁用，跳過配置保存
2025-08-17 14:04:28,909 - VALO360 - DEBUG - 自動保存已禁用，跳過配置保存
2025-08-17 14:04:28,910 - VALO360 - DEBUG - 自動保存已禁用，跳過配置保存
2025-08-17 14:04:28,910 - VALO360 - DEBUG - 自動保存已禁用，跳過配置保存
2025-08-17 14:04:28,910 - VALO360 - DEBUG - 自動保存已禁用，跳過配置保存
2025-08-17 14:04:28,910 - VALO360 - DEBUG - 自動保存已禁用，跳過配置保存
2025-08-17 14:04:28,911 - VALO360 - DEBUG - 自動保存已禁用，跳過配置保存
2025-08-17 14:04:28,911 - VALO360 - DEBUG - 自動保存已禁用，跳過配置保存
2025-08-17 14:04:28,911 - VALO360 - DEBUG - 自動保存已禁用，跳過配置保存
2025-08-17 14:04:28,911 - VALO360 - DEBUG - 自動保存已禁用，跳過配置保存
2025-08-17 14:04:28,911 - VALO360 - DEBUG - 自動保存已禁用，跳過配置保存
2025-08-17 14:04:28,912 - VALO360 - DEBUG - 自動保存已禁用，跳過配置保存
2025-08-17 14:04:28,912 - VALO360 - DEBUG - 自動保存已禁用，跳過配置保存
2025-08-17 14:04:28,912 - VALO360 - DEBUG - 自動保存已禁用，跳過配置保存
2025-08-17 14:04:28,912 - VALO360 - DEBUG - 自動保存已禁用，跳過配置保存
2025-08-17 14:04:28,912 - VALO360 - DEBUG - 自動保存已禁用，跳過配置保存
2025-08-17 14:04:28,913 - VALO360 - DEBUG - 自動保存已禁用，跳過配置保存
2025-08-17 14:04:28,913 - VALO360 - DEBUG - 自動保存已禁用，跳過配置保存
2025-08-17 14:04:28,913 - VALO360 - DEBUG - 自動保存已禁用，跳過配置保存
2025-08-17 14:04:28,913 - VALO360 - DEBUG - 自動保存已禁用，跳過配置保存
2025-08-17 14:04:28,913 - VALO360 - DEBUG - 自動保存已禁用，跳過配置保存
2025-08-17 14:04:28,914 - VALO360 - DEBUG - 自動保存已禁用，跳過配置保存
2025-08-17 14:04:28,914 - VALO360 - DEBUG - 自動保存已禁用，跳過配置保存
2025-08-17 14:04:28,914 - VALO360 - DEBUG - 自動保存已禁用，跳過配置保存
2025-08-17 14:04:28,914 - VALO360 - DEBUG - 自動保存已禁用，跳過配置保存
2025-08-17 14:04:28,914 - VALO360 - DEBUG - 自動保存已禁用，跳過配置保存
2025-08-17 14:04:28,956 - VALO360 - DEBUG - 自動保存已禁用，跳過配置保存
2025-08-17 14:04:28,956 - VALO360 - DEBUG - 自動保存已禁用，跳過配置保存
2025-08-17 14:04:28,956 - VALO360 - DEBUG - 自動保存已禁用，跳過配置保存
2025-08-17 14:04:28,956 - VALO360 - DEBUG - 自動保存已禁用，跳過配置保存
2025-08-17 14:04:28,957 - VALO360 - DEBUG - 自動保存已禁用，跳過配置保存
2025-08-17 14:04:28,957 - VALO360 - DEBUG - 自動保存已禁用，跳過配置保存
2025-08-17 14:04:28,957 - VALO360 - DEBUG - 自動保存已禁用，跳過配置保存
2025-08-17 14:04:28,957 - VALO360 - DEBUG - 自動保存已禁用，跳過配置保存
2025-08-17 14:04:28,960 - VALO360 - DEBUG - 自動保存已禁用，跳過配置保存
2025-08-17 14:04:28,960 - VALO360 - DEBUG - 自動保存已禁用，跳過配置保存
2025-08-17 14:04:28,960 - VALO360 - DEBUG - 自動保存已禁用，跳過配置保存
2025-08-17 14:04:28,960 - VALO360 - DEBUG - 自動保存已禁用，跳過配置保存
2025-08-17 14:04:28,961 - VALO360 - DEBUG - 自動保存已禁用，跳過配置保存
2025-08-17 14:04:28,962 - VALO360 - DEBUG - 自動保存已禁用，跳過配置保存
2025-08-17 14:04:28,962 - VALO360 - DEBUG - 自動保存已禁用，跳過配置保存
2025-08-17 14:04:28,962 - VALO360 - DEBUG - 自動保存已禁用，跳過配置保存
2025-08-17 14:04:28,963 - VALO360 - DEBUG - 自動保存已禁用，跳過配置保存
2025-08-17 14:04:28,963 - VALO360 - DEBUG - 自動保存已禁用，跳過配置保存
2025-08-17 14:04:28,963 - VALO360 - DEBUG - 自動保存已禁用，跳過配置保存
2025-08-17 14:04:28,963 - VALO360 - DEBUG - 自動保存已禁用，跳過配置保存
2025-08-17 14:04:28,964 - VALO360 - DEBUG - 自動保存已禁用，跳過配置保存
2025-08-17 14:04:28,964 - VALO360 - DEBUG - 自動保存已禁用，跳過配置保存
2025-08-17 14:04:28,964 - VALO360 - DEBUG - 自動保存已禁用，跳過配置保存
2025-08-17 14:04:28,964 - VALO360 - DEBUG - 自動保存已禁用，跳過配置保存
2025-08-17 14:04:28,965 - VALO360 - DEBUG - 自動保存已禁用，跳過配置保存
2025-08-17 14:04:28,965 - VALO360 - DEBUG - 自動保存已禁用，跳過配置保存
2025-08-17 14:04:28,965 - VALO360 - DEBUG - 自動保存已禁用，跳過配置保存
2025-08-17 14:04:28,965 - VALO360 - DEBUG - 自動保存已禁用，跳過配置保存
2025-08-17 14:04:28,966 - VALO360 - DEBUG - 自動保存已禁用，跳過配置保存
2025-08-17 14:04:28,966 - VALO360 - DEBUG - 自動保存已禁用，跳過配置保存
2025-08-17 14:04:28,966 - VALO360 - DEBUG - 自動保存已禁用，跳過配置保存
2025-08-17 14:04:28,966 - VALO360 - DEBUG - 自動保存已禁用，跳過配置保存
2025-08-17 14:04:28,967 - VALO360 - DEBUG - 自動保存已禁用，跳過配置保存
2025-08-17 14:04:28,967 - VALO360 - DEBUG - 自動保存已禁用，跳過配置保存
2025-08-17 14:04:28,967 - VALO360 - DEBUG - 自動保存已禁用，跳過配置保存
2025-08-17 14:04:28,967 - VALO360 - DEBUG - 自動保存已禁用，跳過配置保存
2025-08-17 14:04:28,968 - VALO360 - DEBUG - 自動保存已禁用，跳過配置保存
2025-08-17 14:04:28,968 - VALO360 - DEBUG - 自動保存已禁用，跳過配置保存
2025-08-17 14:04:28,968 - VALO360 - DEBUG - 自動保存已禁用，跳過配置保存
2025-08-17 14:04:28,968 - VALO360 - DEBUG - 自動保存已禁用，跳過配置保存
2025-08-17 14:04:28,969 - VALO360 - DEBUG - 自動保存已禁用，跳過配置保存
2025-08-17 14:04:28,969 - VALO360 - DEBUG - 自動保存已禁用，跳過配置保存
2025-08-17 14:04:28,969 - VALO360 - DEBUG - 自動保存已禁用，跳過配置保存
2025-08-17 14:04:28,969 - VALO360 - DEBUG - 自動保存已禁用，跳過配置保存
2025-08-17 14:04:28,969 - VALO360 - DEBUG - 自動保存已禁用，跳過配置保存
2025-08-17 14:04:28,970 - VALO360 - DEBUG - 自動保存已禁用，跳過配置保存
2025-08-17 14:04:28,970 - VALO360 - DEBUG - 自動保存已禁用，跳過配置保存
2025-08-17 14:04:28,970 - VALO360 - DEBUG - 自動保存已禁用，跳過配置保存
2025-08-17 14:04:28,970 - VALO360 - DEBUG - 自動保存已禁用，跳過配置保存
2025-08-17 14:04:28,970 - VALO360 - DEBUG - 自動保存已禁用，跳過配置保存
2025-08-17 14:04:28,970 - VALO360 - DEBUG - 自動保存已禁用，跳過配置保存
2025-08-17 14:04:28,971 - VALO360 - DEBUG - 自動保存已禁用，跳過配置保存
2025-08-17 14:04:28,971 - VALO360 - DEBUG - 自動保存已禁用，跳過配置保存
2025-08-17 14:04:28,971 - VALO360 - DEBUG - 自動保存已禁用，跳過配置保存
2025-08-17 14:04:28,972 - VALO360 - DEBUG - 自動保存已禁用，跳過配置保存
2025-08-17 14:04:28,972 - VALO360 - DEBUG - 自動保存已禁用，跳過配置保存
2025-08-17 14:04:28,973 - VALO360 - DEBUG - 自動保存已禁用，跳過配置保存
2025-08-17 14:04:28,973 - VALO360 - DEBUG - 自動保存已禁用，跳過配置保存
2025-08-17 14:04:28,973 - VALO360 - DEBUG - 自動保存已禁用，跳過配置保存
2025-08-17 14:04:28,973 - VALO360 - DEBUG - 自動保存已禁用，跳過配置保存
2025-08-17 14:04:28,975 - VALO360 - DEBUG - 自動保存已禁用，跳過配置保存
2025-08-17 14:04:28,975 - VALO360 - DEBUG - 自動保存已禁用，跳過配置保存
2025-08-17 14:04:28,975 - VALO360 - DEBUG - 自動保存已禁用，跳過配置保存
2025-08-17 14:04:28,975 - VALO360 - DEBUG - 自動保存已禁用，跳過配置保存
2025-08-17 14:04:28,976 - VALO360 - DEBUG - 自動保存已禁用，跳過配置保存
2025-08-17 14:04:28,976 - VALO360 - DEBUG - 自動保存已禁用，跳過配置保存
2025-08-17 14:04:28,976 - VALO360 - DEBUG - 自動保存已禁用，跳過配置保存
2025-08-17 14:04:28,976 - VALO360 - DEBUG - 自動保存已禁用，跳過配置保存
2025-08-17 14:04:28,977 - VALO360 - DEBUG - 自動保存已禁用，跳過配置保存
2025-08-17 14:04:28,977 - VALO360 - DEBUG - 自動保存已禁用，跳過配置保存
2025-08-17 14:04:28,977 - VALO360 - DEBUG - 自動保存已禁用，跳過配置保存
2025-08-17 14:04:28,977 - VALO360 - DEBUG - 自動保存已禁用，跳過配置保存
2025-08-17 14:04:28,978 - VALO360 - DEBUG - 自動保存已禁用，跳過配置保存
2025-08-17 14:04:28,978 - VALO360 - DEBUG - 自動保存已禁用，跳過配置保存
2025-08-17 14:04:28,978 - VALO360 - DEBUG - 自動保存已禁用，跳過配置保存
2025-08-17 14:04:28,978 - VALO360 - DEBUG - 自動保存已禁用，跳過配置保存
2025-08-17 14:04:28,979 - VALO360 - DEBUG - 自動保存已禁用，跳過配置保存
2025-08-17 14:04:28,979 - VALO360 - DEBUG - 自動保存已禁用，跳過配置保存
2025-08-17 14:04:28,980 - VALO360 - DEBUG - 自動保存已禁用，跳過配置保存
2025-08-17 14:04:28,980 - VALO360 - DEBUG - 自動保存已禁用，跳過配置保存
2025-08-17 14:04:28,980 - VALO360 - DEBUG - 自動保存已禁用，跳過配置保存
2025-08-17 14:04:28,980 - VALO360 - DEBUG - 自動保存已禁用，跳過配置保存
2025-08-17 14:04:28,980 - VALO360 - DEBUG - 自動保存已禁用，跳過配置保存
2025-08-17 14:04:28,981 - VALO360 - DEBUG - 自動保存已禁用，跳過配置保存
2025-08-17 14:04:28,981 - VALO360 - DEBUG - 自動保存已禁用，跳過配置保存
2025-08-17 14:04:28,981 - VALO360 - DEBUG - 自動保存已禁用，跳過配置保存
2025-08-17 14:04:28,981 - VALO360 - DEBUG - 自動保存已禁用，跳過配置保存
2025-08-17 14:04:28,981 - VALO360 - DEBUG - 自動保存已禁用，跳過配置保存
2025-08-17 14:04:28,982 - VALO360 - DEBUG - 自動保存已禁用，跳過配置保存
2025-08-17 14:04:28,982 - VALO360 - DEBUG - 自動保存已禁用，跳過配置保存
2025-08-17 14:04:28,982 - VALO360 - DEBUG - 自動保存已禁用，跳過配置保存
2025-08-17 14:04:28,982 - VALO360 - DEBUG - 自動保存已禁用，跳過配置保存
2025-08-17 14:04:28,983 - VALO360 - DEBUG - 自動保存已禁用，跳過配置保存
2025-08-17 14:04:28,983 - VALO360 - DEBUG - 自動保存已禁用，跳過配置保存
2025-08-17 14:04:28,983 - VALO360 - DEBUG - 自動保存已禁用，跳過配置保存
2025-08-17 14:04:28,983 - VALO360 - DEBUG - 自動保存已禁用，跳過配置保存
2025-08-17 14:04:28,984 - VALO360 - DEBUG - 自動保存已禁用，跳過配置保存
2025-08-17 14:04:28,984 - VALO360 - DEBUG - 自動保存已禁用，跳過配置保存
2025-08-17 14:04:28,984 - VALO360 - DEBUG - 自動保存已禁用，跳過配置保存
2025-08-17 14:04:28,984 - VALO360 - DEBUG - 自動保存已禁用，跳過配置保存
2025-08-17 14:04:28,984 - VALO360 - DEBUG - 自動保存已禁用，跳過配置保存
2025-08-17 14:04:28,985 - VALO360 - DEBUG - 自動保存已禁用，跳過配置保存
2025-08-17 14:04:28,985 - VALO360 - DEBUG - 自動保存已禁用，跳過配置保存
2025-08-17 14:04:28,985 - VALO360 - DEBUG - 自動保存已禁用，跳過配置保存
2025-08-17 14:04:28,985 - VALO360 - DEBUG - 自動保存已禁用，跳過配置保存
2025-08-17 14:04:28,985 - VALO360 - DEBUG - 自動保存已禁用，跳過配置保存
2025-08-17 14:04:28,985 - VALO360 - DEBUG - 自動保存已禁用，跳過配置保存
2025-08-17 14:04:28,986 - VALO360 - DEBUG - 自動保存已禁用，跳過配置保存
2025-08-17 14:04:28,986 - VALO360 - DEBUG - 自動保存已禁用，跳過配置保存
2025-08-17 14:04:28,986 - VALO360 - DEBUG - 自動保存已禁用，跳過配置保存
2025-08-17 14:04:28,986 - VALO360 - DEBUG - 自動保存已禁用，跳過配置保存
2025-08-17 14:04:28,986 - VALO360 - DEBUG - 自動保存已禁用，跳過配置保存
2025-08-17 14:04:28,987 - VALO360 - DEBUG - 自動保存已禁用，跳過配置保存
2025-08-17 14:04:28,987 - VALO360 - DEBUG - 自動保存已禁用，跳過配置保存
2025-08-17 14:04:28,987 - VALO360 - DEBUG - 自動保存已禁用，跳過配置保存
2025-08-17 14:04:28,987 - VALO360 - DEBUG - 自動保存已禁用，跳過配置保存
2025-08-17 14:04:28,987 - VALO360 - DEBUG - 自動保存已禁用，跳過配置保存
2025-08-17 14:04:28,987 - VALO360 - DEBUG - 自動保存已禁用，跳過配置保存
2025-08-17 14:04:28,988 - VALO360 - DEBUG - 自動保存已禁用，跳過配置保存
2025-08-17 14:04:28,988 - VALO360 - DEBUG - 自動保存已禁用，跳過配置保存
2025-08-17 14:04:28,988 - VALO360 - DEBUG - 自動保存已禁用，跳過配置保存
2025-08-17 14:04:28,988 - VALO360 - DEBUG - 自動保存已禁用，跳過配置保存
2025-08-17 14:04:28,988 - VALO360 - DEBUG - 自動保存已禁用，跳過配置保存
2025-08-17 14:04:28,988 - VALO360 - DEBUG - 自動保存已禁用，跳過配置保存
2025-08-17 14:04:28,989 - VALO360 - DEBUG - 自動保存已禁用，跳過配置保存
2025-08-17 14:04:28,989 - VALO360 - DEBUG - 自動保存已禁用，跳過配置保存
2025-08-17 14:04:28,989 - VALO360 - DEBUG - 自動保存已禁用，跳過配置保存
2025-08-17 14:04:28,989 - VALO360 - DEBUG - 自動保存已禁用，跳過配置保存
2025-08-17 14:04:28,989 - VALO360 - DEBUG - 自動保存已禁用，跳過配置保存
2025-08-17 14:04:28,989 - VALO360 - DEBUG - 自動保存已禁用，跳過配置保存
2025-08-17 14:04:28,990 - VALO360 - DEBUG - 自動保存已禁用，跳過配置保存
2025-08-17 14:04:28,990 - VALO360 - DEBUG - 自動保存已禁用，跳過配置保存
2025-08-17 14:04:28,990 - VALO360 - DEBUG - 自動保存已禁用，跳過配置保存
2025-08-17 14:04:28,990 - VALO360 - DEBUG - 自動保存已禁用，跳過配置保存
2025-08-17 14:04:28,990 - VALO360 - DEBUG - 自動保存已禁用，跳過配置保存
2025-08-17 14:04:28,990 - VALO360 - DEBUG - 自動保存已禁用，跳過配置保存
2025-08-17 14:04:28,991 - VALO360 - DEBUG - 自動保存已禁用，跳過配置保存
2025-08-17 14:04:28,991 - VALO360 - DEBUG - 自動保存已禁用，跳過配置保存
2025-08-17 14:04:28,991 - VALO360 - DEBUG - 自動保存已禁用，跳過配置保存
2025-08-17 14:04:28,991 - VALO360 - DEBUG - 自動保存已禁用，跳過配置保存
2025-08-17 14:04:28,991 - VALO360 - DEBUG - 自動保存已禁用，跳過配置保存
2025-08-17 14:04:28,992 - VALO360 - DEBUG - 自動保存已禁用，跳過配置保存
2025-08-17 14:04:28,992 - VALO360 - DEBUG - 自動保存已禁用，跳過配置保存
2025-08-17 14:04:28,992 - VALO360 - DEBUG - 自動保存已禁用，跳過配置保存
2025-08-17 14:04:28,992 - VALO360 - DEBUG - 自動保存已禁用，跳過配置保存
2025-08-17 14:04:28,992 - VALO360 - DEBUG - 自動保存已禁用，跳過配置保存
2025-08-17 14:04:28,992 - VALO360 - DEBUG - 自動保存已禁用，跳過配置保存
2025-08-17 14:04:28,992 - VALO360 - DEBUG - 自動保存已禁用，跳過配置保存
2025-08-17 14:04:28,993 - VALO360 - DEBUG - 自動保存已禁用，跳過配置保存
2025-08-17 14:04:28,993 - VALO360 - DEBUG - 自動保存已禁用，跳過配置保存
2025-08-17 14:04:28,993 - VALO360 - DEBUG - 自動保存已禁用，跳過配置保存
2025-08-17 14:04:28,993 - VALO360 - DEBUG - 自動保存已禁用，跳過配置保存
2025-08-17 14:04:28,993 - VALO360 - DEBUG - 自動保存已禁用，跳過配置保存
2025-08-17 14:04:28,994 - VALO360 - DEBUG - 自動保存已禁用，跳過配置保存
2025-08-17 14:04:28,994 - VALO360 - DEBUG - 自動保存已禁用，跳過配置保存
2025-08-17 14:04:28,994 - VALO360 - DEBUG - 自動保存已禁用，跳過配置保存
2025-08-17 14:04:28,994 - VALO360 - DEBUG - 自動保存已禁用，跳過配置保存
2025-08-17 14:04:28,994 - VALO360 - DEBUG - 自動保存已禁用，跳過配置保存
2025-08-17 14:04:28,994 - VALO360 - DEBUG - 自動保存已禁用，跳過配置保存
2025-08-17 14:04:28,995 - VALO360 - DEBUG - 自動保存已禁用，跳過配置保存
2025-08-17 14:04:28,995 - VALO360 - DEBUG - 自動保存已禁用，跳過配置保存
2025-08-17 14:04:28,995 - VALO360 - DEBUG - 自動保存已禁用，跳過配置保存
2025-08-17 14:04:28,995 - VALO360 - DEBUG - 自動保存已禁用，跳過配置保存
2025-08-17 14:04:28,995 - VALO360 - DEBUG - 自動保存已禁用，跳過配置保存
2025-08-17 14:04:28,996 - VALO360 - DEBUG - 自動保存已禁用，跳過配置保存
2025-08-17 14:04:28,996 - VALO360 - DEBUG - 自動保存已禁用，跳過配置保存
2025-08-17 14:04:28,996 - VALO360 - DEBUG - 自動保存已禁用，跳過配置保存
2025-08-17 14:04:28,996 - VALO360 - DEBUG - 自動保存已禁用，跳過配置保存
2025-08-17 14:04:28,996 - VALO360 - DEBUG - 自動保存已禁用，跳過配置保存
2025-08-17 14:04:28,996 - VALO360 - DEBUG - 自動保存已禁用，跳過配置保存
2025-08-17 14:04:28,996 - VALO360 - DEBUG - 自動保存已禁用，跳過配置保存
2025-08-17 14:04:28,997 - VALO360 - DEBUG - 自動保存已禁用，跳過配置保存
2025-08-17 14:04:28,997 - VALO360 - DEBUG - 自動保存已禁用，跳過配置保存
2025-08-17 14:04:28,997 - VALO360 - DEBUG - 自動保存已禁用，跳過配置保存
2025-08-17 14:04:28,997 - VALO360 - DEBUG - 自動保存已禁用，跳過配置保存
2025-08-17 14:04:28,997 - VALO360 - DEBUG - 自動保存已禁用，跳過配置保存
2025-08-17 14:04:28,998 - VALO360 - DEBUG - 自動保存已禁用，跳過配置保存
2025-08-17 14:04:28,998 - VALO360 - DEBUG - 自動保存已禁用，跳過配置保存
2025-08-17 14:04:28,998 - VALO360 - DEBUG - 自動保存已禁用，跳過配置保存
2025-08-17 14:04:28,998 - VALO360 - DEBUG - 自動保存已禁用，跳過配置保存
2025-08-17 14:04:28,998 - VALO360 - DEBUG - 自動保存已禁用，跳過配置保存
2025-08-17 14:04:28,998 - VALO360 - DEBUG - 自動保存已禁用，跳過配置保存
2025-08-17 14:04:28,999 - VALO360 - DEBUG - 自動保存已禁用，跳過配置保存
2025-08-17 14:04:28,999 - VALO360 - DEBUG - 自動保存已禁用，跳過配置保存
2025-08-17 14:04:28,999 - VALO360 - DEBUG - 自動保存已禁用，跳過配置保存
2025-08-17 14:04:28,999 - VALO360 - DEBUG - 自動保存已禁用，跳過配置保存
2025-08-17 14:04:28,999 - VALO360 - DEBUG - 自動保存已禁用，跳過配置保存
2025-08-17 14:04:28,999 - VALO360 - DEBUG - 自動保存已禁用，跳過配置保存
2025-08-17 14:04:29,008 - VALO360 - DEBUG - 自動保存已禁用，跳過配置保存
2025-08-17 14:04:29,008 - VALO360 - DEBUG - 自動保存已禁用，跳過配置保存
2025-08-17 14:04:29,008 - VALO360 - DEBUG - 自動保存已禁用，跳過配置保存
2025-08-17 14:04:29,008 - VALO360 - DEBUG - 自動保存已禁用，跳過配置保存
2025-08-17 14:04:29,009 - VALO360 - DEBUG - 自動保存已禁用，跳過配置保存
2025-08-17 14:04:29,009 - VALO360 - DEBUG - 自動保存已禁用，跳過配置保存
2025-08-17 14:04:29,009 - VALO360 - DEBUG - 自動保存已禁用，跳過配置保存
2025-08-17 14:04:29,009 - VALO360 - DEBUG - 自動保存已禁用，跳過配置保存
2025-08-17 14:04:29,009 - VALO360 - DEBUG - 自動保存已禁用，跳過配置保存
2025-08-17 14:04:29,010 - VALO360 - DEBUG - 自動保存已禁用，跳過配置保存
2025-08-17 14:04:29,010 - VALO360 - DEBUG - 自動保存已禁用，跳過配置保存
2025-08-17 14:04:29,010 - VALO360 - DEBUG - 自動保存已禁用，跳過配置保存
2025-08-17 14:04:29,010 - VALO360 - DEBUG - 自動保存已禁用，跳過配置保存
2025-08-17 14:04:29,010 - VALO360 - DEBUG - 自動保存已禁用，跳過配置保存
2025-08-17 14:04:29,010 - VALO360 - DEBUG - 自動保存已禁用，跳過配置保存
2025-08-17 14:04:29,011 - VALO360 - DEBUG - 自動保存已禁用，跳過配置保存
2025-08-17 14:04:29,012 - VALO360 - DEBUG - 自動保存已禁用，跳過配置保存
2025-08-17 14:04:29,012 - VALO360 - DEBUG - 自動保存已禁用，跳過配置保存
2025-08-17 14:04:29,012 - VALO360 - DEBUG - 自動保存已禁用，跳過配置保存
2025-08-17 14:04:29,013 - VALO360 - DEBUG - 自動保存已禁用，跳過配置保存
2025-08-17 14:04:29,013 - VALO360 - DEBUG - 自動保存已禁用，跳過配置保存
2025-08-17 14:04:29,013 - VALO360 - DEBUG - 自動保存已禁用，跳過配置保存
2025-08-17 14:04:29,013 - VALO360 - DEBUG - 自動保存已禁用，跳過配置保存
2025-08-17 14:04:29,013 - VALO360 - DEBUG - 自動保存已禁用，跳過配置保存
2025-08-17 14:04:29,014 - VALO360 - DEBUG - 自動保存已禁用，跳過配置保存
2025-08-17 14:04:29,014 - VALO360 - DEBUG - 自動保存已禁用，跳過配置保存
2025-08-17 14:04:29,014 - VALO360 - DEBUG - 自動保存已禁用，跳過配置保存
2025-08-17 14:04:29,014 - VALO360 - DEBUG - 自動保存已禁用，跳過配置保存
2025-08-17 14:04:29,014 - VALO360 - DEBUG - 自動保存已禁用，跳過配置保存
2025-08-17 14:04:29,015 - VALO360 - DEBUG - 自動保存已禁用，跳過配置保存
2025-08-17 14:04:29,015 - VALO360 - DEBUG - 自動保存已禁用，跳過配置保存
2025-08-17 14:04:29,015 - VALO360 - DEBUG - 自動保存已禁用，跳過配置保存
2025-08-17 14:04:29,015 - VALO360 - DEBUG - 自動保存已禁用，跳過配置保存
2025-08-17 14:04:29,015 - VALO360 - DEBUG - 自動保存已禁用，跳過配置保存
2025-08-17 14:04:29,015 - VALO360 - DEBUG - 自動保存已禁用，跳過配置保存
2025-08-17 14:04:29,016 - VALO360 - DEBUG - 自動保存已禁用，跳過配置保存
2025-08-17 14:04:29,016 - VALO360 - DEBUG - 自動保存已禁用，跳過配置保存
2025-08-17 14:04:29,016 - VALO360 - DEBUG - 自動保存已禁用，跳過配置保存
2025-08-17 14:04:29,016 - VALO360 - DEBUG - 自動保存已禁用，跳過配置保存
2025-08-17 14:04:29,016 - VALO360 - DEBUG - 自動保存已禁用，跳過配置保存
2025-08-17 14:04:29,016 - VALO360 - DEBUG - 自動保存已禁用，跳過配置保存
2025-08-17 14:04:29,017 - VALO360 - DEBUG - 自動保存已禁用，跳過配置保存
2025-08-17 14:04:29,017 - VALO360 - DEBUG - 自動保存已禁用，跳過配置保存
2025-08-17 14:04:29,017 - VALO360 - DEBUG - 自動保存已禁用，跳過配置保存
2025-08-17 14:04:29,017 - VALO360 - DEBUG - 自動保存已禁用，跳過配置保存
2025-08-17 14:04:29,017 - VALO360 - DEBUG - 自動保存已禁用，跳過配置保存
2025-08-17 14:04:29,018 - VALO360 - DEBUG - 自動保存已禁用，跳過配置保存
2025-08-17 14:04:29,018 - VALO360 - DEBUG - 自動保存已禁用，跳過配置保存
2025-08-17 14:04:29,018 - VALO360 - DEBUG - 自動保存已禁用，跳過配置保存
2025-08-17 14:04:29,018 - VALO360 - DEBUG - 自動保存已禁用，跳過配置保存
2025-08-17 14:04:29,018 - VALO360 - DEBUG - 自動保存已禁用，跳過配置保存
2025-08-17 14:04:29,018 - VALO360 - DEBUG - 自動保存已禁用，跳過配置保存
2025-08-17 14:04:29,019 - VALO360 - DEBUG - 自動保存已禁用，跳過配置保存
2025-08-17 14:04:29,019 - VALO360 - DEBUG - 自動保存已禁用，跳過配置保存
2025-08-17 14:04:29,019 - VALO360 - DEBUG - 自動保存已禁用，跳過配置保存
2025-08-17 14:04:29,019 - VALO360 - DEBUG - 自動保存已禁用，跳過配置保存
2025-08-17 14:04:29,019 - VALO360 - DEBUG - 自動保存已禁用，跳過配置保存
2025-08-17 14:04:29,019 - VALO360 - DEBUG - 自動保存已禁用，跳過配置保存
2025-08-17 14:04:29,020 - VALO360 - DEBUG - 自動保存已禁用，跳過配置保存
2025-08-17 14:04:29,020 - VALO360 - DEBUG - 自動保存已禁用，跳過配置保存
2025-08-17 14:04:29,024 - VALO360 - DEBUG - 自動保存已禁用，跳過配置保存
2025-08-17 14:04:29,024 - VALO360 - DEBUG - 自動保存已禁用，跳過配置保存
2025-08-17 14:04:29,024 - VALO360 - DEBUG - 自動保存已禁用，跳過配置保存
2025-08-17 14:04:29,024 - VALO360 - DEBUG - 自動保存已禁用，跳過配置保存
2025-08-17 14:04:29,025 - VALO360 - DEBUG - 自動保存已禁用，跳過配置保存
2025-08-17 14:04:29,025 - VALO360 - DEBUG - 自動保存已禁用，跳過配置保存
2025-08-17 14:04:29,025 - VALO360 - DEBUG - 自動保存已禁用，跳過配置保存
2025-08-17 14:04:29,025 - VALO360 - DEBUG - 自動保存已禁用，跳過配置保存
2025-08-17 14:04:29,026 - VALO360 - DEBUG - 自動保存已禁用，跳過配置保存
2025-08-17 14:04:29,026 - VALO360 - DEBUG - 自動保存已禁用，跳過配置保存
2025-08-17 14:04:29,026 - VALO360 - DEBUG - 自動保存已禁用，跳過配置保存
2025-08-17 14:04:29,027 - VALO360 - DEBUG - 自動保存已禁用，跳過配置保存
2025-08-17 14:04:29,121 - VALO360 - DEBUG - 自動保存已禁用，跳過配置保存
2025-08-17 14:04:29,122 - VALO360 - DEBUG - 自動保存已禁用，跳過配置保存
2025-08-17 14:04:29,122 - VALO360 - DEBUG - 自動保存已禁用，跳過配置保存
2025-08-17 14:04:29,122 - VALO360 - DEBUG - 自動保存已禁用，跳過配置保存
2025-08-17 14:04:29,122 - VALO360 - DEBUG - 自動保存已禁用，跳過配置保存
2025-08-17 14:04:29,122 - VALO360 - DEBUG - 自動保存已禁用，跳過配置保存
2025-08-17 14:04:29,123 - VALO360 - DEBUG - 自動保存已禁用，跳過配置保存
2025-08-17 14:04:29,123 - VALO360 - DEBUG - 自動保存已禁用，跳過配置保存
2025-08-17 14:04:29,123 - VALO360 - DEBUG - 自動保存已禁用，跳過配置保存
2025-08-17 14:04:29,123 - VALO360 - DEBUG - 自動保存已禁用，跳過配置保存
2025-08-17 14:04:29,123 - VALO360 - DEBUG - 自動保存已禁用，跳過配置保存
2025-08-17 14:04:29,123 - VALO360 - DEBUG - 自動保存已禁用，跳過配置保存
2025-08-17 14:04:29,124 - VALO360 - DEBUG - 自動保存已禁用，跳過配置保存
2025-08-17 14:04:29,124 - VALO360 - DEBUG - 自動保存已禁用，跳過配置保存
2025-08-17 14:04:29,124 - VALO360 - DEBUG - 自動保存已禁用，跳過配置保存
2025-08-17 14:04:29,124 - VALO360 - DEBUG - 自動保存已禁用，跳過配置保存
2025-08-17 14:04:29,124 - VALO360 - DEBUG - 自動保存已禁用，跳過配置保存
2025-08-17 14:04:29,124 - VALO360 - DEBUG - 自動保存已禁用，跳過配置保存
2025-08-17 14:04:29,125 - VALO360 - DEBUG - 自動保存已禁用，跳過配置保存
2025-08-17 14:04:29,125 - VALO360 - DEBUG - 自動保存已禁用，跳過配置保存
2025-08-17 14:04:29,125 - VALO360 - DEBUG - 自動保存已禁用，跳過配置保存
2025-08-17 14:04:29,125 - VALO360 - DEBUG - 自動保存已禁用，跳過配置保存
2025-08-17 14:04:29,125 - VALO360 - DEBUG - 自動保存已禁用，跳過配置保存
2025-08-17 14:04:29,125 - VALO360 - DEBUG - 自動保存已禁用，跳過配置保存
2025-08-17 14:04:29,126 - VALO360 - DEBUG - 自動保存已禁用，跳過配置保存
2025-08-17 14:04:29,126 - VALO360 - DEBUG - 自動保存已禁用，跳過配置保存
2025-08-17 14:04:29,126 - VALO360 - DEBUG - 自動保存已禁用，跳過配置保存
2025-08-17 14:04:29,126 - VALO360 - DEBUG - 自動保存已禁用，跳過配置保存
2025-08-17 14:04:29,126 - VALO360 - DEBUG - 自動保存已禁用，跳過配置保存
2025-08-17 14:04:29,127 - VALO360 - DEBUG - 自動保存已禁用，跳過配置保存
2025-08-17 14:04:29,127 - VALO360 - DEBUG - 自動保存已禁用，跳過配置保存
2025-08-17 14:04:29,127 - VALO360 - DEBUG - 自動保存已禁用，跳過配置保存
2025-08-17 14:04:29,127 - VALO360 - DEBUG - 自動保存已禁用，跳過配置保存
2025-08-17 14:04:29,127 - VALO360 - DEBUG - 自動保存已禁用，跳過配置保存
2025-08-17 14:04:29,127 - VALO360 - DEBUG - 自動保存已禁用，跳過配置保存
2025-08-17 14:04:29,127 - VALO360 - DEBUG - 自動保存已禁用，跳過配置保存
2025-08-17 14:04:29,128 - VALO360 - DEBUG - 自動保存已禁用，跳過配置保存
2025-08-17 14:04:29,129 - VALO360 - DEBUG - 自動保存已禁用，跳過配置保存
2025-08-17 14:04:29,129 - VALO360 - DEBUG - 自動保存已禁用，跳過配置保存
2025-08-17 14:04:29,129 - VALO360 - DEBUG - 自動保存已禁用，跳過配置保存
2025-08-17 14:04:29,131 - VALO360 - DEBUG - 自動保存已禁用，跳過配置保存
2025-08-17 14:04:29,131 - VALO360 - DEBUG - 自動保存已禁用，跳過配置保存
2025-08-17 14:04:29,131 - VALO360 - DEBUG - 自動保存已禁用，跳過配置保存
2025-08-17 14:04:29,132 - VALO360 - DEBUG - 自動保存已禁用，跳過配置保存
2025-08-17 14:04:30,398 - VALO360 - DEBUG - 自動保存已禁用，跳過配置保存
2025-08-17 14:04:30,399 - VALO360 - DEBUG - 自動保存已禁用，跳過配置保存
2025-08-17 14:04:30,399 - VALO360 - DEBUG - 自動保存已禁用，跳過配置保存
2025-08-17 14:04:30,399 - VALO360 - DEBUG - 自動保存已禁用，跳過配置保存
2025-08-17 14:04:30,402 - VALO360 - DEBUG - 自動保存已禁用，跳過配置保存
2025-08-17 14:04:30,402 - VALO360 - DEBUG - 自動保存已禁用，跳過配置保存
2025-08-17 14:04:30,403 - VALO360 - DEBUG - 自動保存已禁用，跳過配置保存
2025-08-17 14:04:30,403 - VALO360 - DEBUG - 自動保存已禁用，跳過配置保存
2025-08-17 14:04:30,417 - VALO360 - DEBUG - 自動保存已禁用，跳過配置保存
2025-08-17 14:04:30,417 - VALO360 - DEBUG - 自動保存已禁用，跳過配置保存
2025-08-17 14:04:30,417 - VALO360 - DEBUG - 自動保存已禁用，跳過配置保存
2025-08-17 14:04:30,417 - VALO360 - DEBUG - 自動保存已禁用，跳過配置保存
2025-08-17 14:04:30,418 - VALO360 - DEBUG - 自動保存已禁用，跳過配置保存
2025-08-17 14:04:30,418 - VALO360 - DEBUG - 自動保存已禁用，跳過配置保存
2025-08-17 14:04:30,418 - VALO360 - DEBUG - 自動保存已禁用，跳過配置保存
2025-08-17 14:04:30,418 - VALO360 - DEBUG - 自動保存已禁用，跳過配置保存
2025-08-17 14:04:30,418 - VALO360 - DEBUG - 自動保存已禁用，跳過配置保存
2025-08-17 14:04:30,419 - VALO360 - DEBUG - 自動保存已禁用，跳過配置保存
2025-08-17 14:04:30,419 - VALO360 - DEBUG - 自動保存已禁用，跳過配置保存
2025-08-17 14:04:30,419 - VALO360 - DEBUG - 自動保存已禁用，跳過配置保存
2025-08-17 14:04:30,422 - VALO360 - DEBUG - 自動保存已禁用，跳過配置保存
2025-08-17 14:04:30,422 - VALO360 - DEBUG - 自動保存已禁用，跳過配置保存
2025-08-17 14:04:30,422 - VALO360 - DEBUG - 自動保存已禁用，跳過配置保存
2025-08-17 14:04:30,422 - VALO360 - DEBUG - 自動保存已禁用，跳過配置保存
2025-08-17 14:04:30,424 - VALO360 - DEBUG - 自動保存已禁用，跳過配置保存
2025-08-17 14:04:30,424 - VALO360 - DEBUG - 自動保存已禁用，跳過配置保存
2025-08-17 14:04:30,425 - VALO360 - DEBUG - 自動保存已禁用，跳過配置保存
2025-08-17 14:04:30,425 - VALO360 - DEBUG - 自動保存已禁用，跳過配置保存
2025-08-17 14:04:30,434 - VALO360 - DEBUG - 自動保存已禁用，跳過配置保存
2025-08-17 14:04:30,434 - VALO360 - DEBUG - 自動保存已禁用，跳過配置保存
2025-08-17 14:04:30,434 - VALO360 - DEBUG - 自動保存已禁用，跳過配置保存
2025-08-17 14:04:30,435 - VALO360 - DEBUG - 自動保存已禁用，跳過配置保存
2025-08-17 14:04:30,435 - VALO360 - DEBUG - 自動保存已禁用，跳過配置保存
2025-08-17 14:04:30,435 - VALO360 - DEBUG - 自動保存已禁用，跳過配置保存
2025-08-17 14:04:30,436 - VALO360 - DEBUG - 自動保存已禁用，跳過配置保存
2025-08-17 14:04:30,436 - VALO360 - DEBUG - 自動保存已禁用，跳過配置保存
2025-08-17 14:04:30,436 - VALO360 - DEBUG - 自動保存已禁用，跳過配置保存
2025-08-17 14:04:30,436 - VALO360 - DEBUG - 自動保存已禁用，跳過配置保存
2025-08-17 14:04:30,437 - VALO360 - DEBUG - 自動保存已禁用，跳過配置保存
2025-08-17 14:04:30,437 - VALO360 - DEBUG - 自動保存已禁用，跳過配置保存
2025-08-17 14:04:30,438 - VALO360 - DEBUG - 自動保存已禁用，跳過配置保存
2025-08-17 14:04:30,438 - VALO360 - DEBUG - 自動保存已禁用，跳過配置保存
2025-08-17 14:04:30,438 - VALO360 - DEBUG - 自動保存已禁用，跳過配置保存
2025-08-17 14:04:30,438 - VALO360 - DEBUG - 自動保存已禁用，跳過配置保存
2025-08-17 14:04:30,439 - VALO360 - DEBUG - 自動保存已禁用，跳過配置保存
2025-08-17 14:04:30,439 - VALO360 - DEBUG - 自動保存已禁用，跳過配置保存
2025-08-17 14:04:30,439 - VALO360 - DEBUG - 自動保存已禁用，跳過配置保存
2025-08-17 14:04:30,439 - VALO360 - DEBUG - 自動保存已禁用，跳過配置保存
2025-08-17 14:04:30,440 - VALO360 - DEBUG - 自動保存已禁用，跳過配置保存
2025-08-17 14:04:30,440 - VALO360 - DEBUG - 自動保存已禁用，跳過配置保存
2025-08-17 14:04:30,440 - VALO360 - DEBUG - 自動保存已禁用，跳過配置保存
2025-08-17 14:04:30,440 - VALO360 - DEBUG - 自動保存已禁用，跳過配置保存
2025-08-17 14:04:30,442 - VALO360 - DEBUG - 自動保存已禁用，跳過配置保存
2025-08-17 14:04:30,442 - VALO360 - DEBUG - 自動保存已禁用，跳過配置保存
2025-08-17 14:04:30,442 - VALO360 - DEBUG - 自動保存已禁用，跳過配置保存
2025-08-17 14:04:30,442 - VALO360 - DEBUG - 自動保存已禁用，跳過配置保存
2025-08-17 14:04:30,443 - VALO360 - DEBUG - 自動保存已禁用，跳過配置保存
2025-08-17 14:04:30,443 - VALO360 - DEBUG - 自動保存已禁用，跳過配置保存
2025-08-17 14:04:30,443 - VALO360 - DEBUG - 自動保存已禁用，跳過配置保存
2025-08-17 14:04:30,443 - VALO360 - DEBUG - 自動保存已禁用，跳過配置保存
2025-08-17 14:04:30,444 - VALO360 - DEBUG - 自動保存已禁用，跳過配置保存
2025-08-17 14:04:30,444 - VALO360 - DEBUG - 自動保存已禁用，跳過配置保存
2025-08-17 14:04:30,444 - VALO360 - DEBUG - 自動保存已禁用，跳過配置保存
2025-08-17 14:04:30,445 - VALO360 - DEBUG - 自動保存已禁用，跳過配置保存
2025-08-17 14:04:30,445 - VALO360 - DEBUG - 自動保存已禁用，跳過配置保存
2025-08-17 14:04:30,445 - VALO360 - DEBUG - 自動保存已禁用，跳過配置保存
2025-08-17 14:04:30,445 - VALO360 - DEBUG - 自動保存已禁用，跳過配置保存
2025-08-17 14:04:30,446 - VALO360 - DEBUG - 自動保存已禁用，跳過配置保存
2025-08-17 14:04:30,447 - VALO360 - DEBUG - 自動保存已禁用，跳過配置保存
2025-08-17 14:04:30,447 - VALO360 - DEBUG - 自動保存已禁用，跳過配置保存
2025-08-17 14:04:30,447 - VALO360 - DEBUG - 自動保存已禁用，跳過配置保存
2025-08-17 14:04:30,447 - VALO360 - DEBUG - 自動保存已禁用，跳過配置保存
2025-08-17 14:04:30,449 - VALO360 - DEBUG - 自動保存已禁用，跳過配置保存
2025-08-17 14:04:30,449 - VALO360 - DEBUG - 自動保存已禁用，跳過配置保存
2025-08-17 14:04:30,449 - VALO360 - DEBUG - 自動保存已禁用，跳過配置保存
2025-08-17 14:04:30,449 - VALO360 - DEBUG - 自動保存已禁用，跳過配置保存
2025-08-17 14:04:30,451 - VALO360 - DEBUG - 自動保存已禁用，跳過配置保存
2025-08-17 14:04:30,451 - VALO360 - DEBUG - 自動保存已禁用，跳過配置保存
2025-08-17 14:04:30,451 - VALO360 - DEBUG - 自動保存已禁用，跳過配置保存
2025-08-17 14:04:30,451 - VALO360 - DEBUG - 自動保存已禁用，跳過配置保存
2025-08-17 14:04:30,453 - VALO360 - DEBUG - 自動保存已禁用，跳過配置保存
2025-08-17 14:04:30,453 - VALO360 - DEBUG - 自動保存已禁用，跳過配置保存
2025-08-17 14:04:30,453 - VALO360 - DEBUG - 自動保存已禁用，跳過配置保存
2025-08-17 14:04:30,453 - VALO360 - DEBUG - 自動保存已禁用，跳過配置保存
2025-08-17 14:04:30,454 - VALO360 - DEBUG - 自動保存已禁用，跳過配置保存
2025-08-17 14:04:30,454 - VALO360 - DEBUG - 自動保存已禁用，跳過配置保存
2025-08-17 14:04:30,454 - VALO360 - DEBUG - 自動保存已禁用，跳過配置保存
2025-08-17 14:04:30,454 - VALO360 - DEBUG - 自動保存已禁用，跳過配置保存
2025-08-17 14:04:30,455 - VALO360 - DEBUG - 自動保存已禁用，跳過配置保存
2025-08-17 14:04:30,455 - VALO360 - DEBUG - 自動保存已禁用，跳過配置保存
2025-08-17 14:04:30,456 - VALO360 - DEBUG - 自動保存已禁用，跳過配置保存
2025-08-17 14:04:30,456 - VALO360 - DEBUG - 自動保存已禁用，跳過配置保存
2025-08-17 14:04:30,457 - VALO360 - DEBUG - 自動保存已禁用，跳過配置保存
2025-08-17 14:04:30,457 - VALO360 - DEBUG - 自動保存已禁用，跳過配置保存
2025-08-17 14:04:30,457 - VALO360 - DEBUG - 自動保存已禁用，跳過配置保存
2025-08-17 14:04:30,457 - VALO360 - DEBUG - 自動保存已禁用，跳過配置保存
2025-08-17 14:04:30,458 - VALO360 - DEBUG - 自動保存已禁用，跳過配置保存
2025-08-17 14:04:30,458 - VALO360 - DEBUG - 自動保存已禁用，跳過配置保存
2025-08-17 14:04:30,458 - VALO360 - DEBUG - 自動保存已禁用，跳過配置保存
2025-08-17 14:04:30,458 - VALO360 - DEBUG - 自動保存已禁用，跳過配置保存
2025-08-17 14:04:30,460 - VALO360 - DEBUG - 自動保存已禁用，跳過配置保存
2025-08-17 14:04:30,460 - VALO360 - DEBUG - 自動保存已禁用，跳過配置保存
2025-08-17 14:04:30,461 - VALO360 - DEBUG - 自動保存已禁用，跳過配置保存
2025-08-17 14:04:30,461 - VALO360 - DEBUG - 自動保存已禁用，跳過配置保存
2025-08-17 14:04:30,461 - VALO360 - DEBUG - 自動保存已禁用，跳過配置保存
2025-08-17 14:04:30,461 - VALO360 - DEBUG - 自動保存已禁用，跳過配置保存
2025-08-17 14:04:30,462 - VALO360 - DEBUG - 自動保存已禁用，跳過配置保存
2025-08-17 14:04:30,462 - VALO360 - DEBUG - 自動保存已禁用，跳過配置保存
2025-08-17 14:04:30,465 - VALO360 - DEBUG - 自動保存已禁用，跳過配置保存
2025-08-17 14:04:30,465 - VALO360 - DEBUG - 自動保存已禁用，跳過配置保存
2025-08-17 14:04:30,465 - VALO360 - DEBUG - 自動保存已禁用，跳過配置保存
2025-08-17 14:04:30,465 - VALO360 - DEBUG - 自動保存已禁用，跳過配置保存
2025-08-17 14:04:30,466 - VALO360 - DEBUG - 自動保存已禁用，跳過配置保存
2025-08-17 14:04:30,466 - VALO360 - DEBUG - 自動保存已禁用，跳過配置保存
2025-08-17 14:04:30,466 - VALO360 - DEBUG - 自動保存已禁用，跳過配置保存
2025-08-17 14:04:30,466 - VALO360 - DEBUG - 自動保存已禁用，跳過配置保存
2025-08-17 14:04:30,467 - VALO360 - DEBUG - 自動保存已禁用，跳過配置保存
2025-08-17 14:04:30,467 - VALO360 - DEBUG - 自動保存已禁用，跳過配置保存
2025-08-17 14:04:30,468 - VALO360 - DEBUG - 自動保存已禁用，跳過配置保存
2025-08-17 14:04:30,468 - VALO360 - DEBUG - 自動保存已禁用，跳過配置保存
2025-08-17 14:04:30,469 - VALO360 - DEBUG - 自動保存已禁用，跳過配置保存
2025-08-17 14:04:30,469 - VALO360 - DEBUG - 自動保存已禁用，跳過配置保存
2025-08-17 14:04:30,469 - VALO360 - DEBUG - 自動保存已禁用，跳過配置保存
2025-08-17 14:04:30,469 - VALO360 - DEBUG - 自動保存已禁用，跳過配置保存
2025-08-17 14:04:30,470 - VALO360 - DEBUG - 自動保存已禁用，跳過配置保存
2025-08-17 14:04:30,470 - VALO360 - DEBUG - 自動保存已禁用，跳過配置保存
2025-08-17 14:04:30,470 - VALO360 - DEBUG - 自動保存已禁用，跳過配置保存
2025-08-17 14:04:30,470 - VALO360 - DEBUG - 自動保存已禁用，跳過配置保存
2025-08-17 14:04:30,471 - VALO360 - DEBUG - 自動保存已禁用，跳過配置保存
2025-08-17 14:04:30,472 - VALO360 - DEBUG - 自動保存已禁用，跳過配置保存
2025-08-17 14:04:30,472 - VALO360 - DEBUG - 自動保存已禁用，跳過配置保存
2025-08-17 14:04:30,472 - VALO360 - DEBUG - 自動保存已禁用，跳過配置保存
2025-08-17 14:04:30,472 - VALO360 - DEBUG - 自動保存已禁用，跳過配置保存
2025-08-17 14:04:30,473 - VALO360 - DEBUG - 自動保存已禁用，跳過配置保存
2025-08-17 14:04:30,473 - VALO360 - DEBUG - 自動保存已禁用，跳過配置保存
2025-08-17 14:04:30,473 - VALO360 - DEBUG - 自動保存已禁用，跳過配置保存
2025-08-17 14:04:30,473 - VALO360 - DEBUG - 自動保存已禁用，跳過配置保存
2025-08-17 14:04:30,474 - VALO360 - DEBUG - 自動保存已禁用，跳過配置保存
2025-08-17 14:04:30,474 - VALO360 - DEBUG - 自動保存已禁用，跳過配置保存
2025-08-17 14:04:30,474 - VALO360 - DEBUG - 自動保存已禁用，跳過配置保存
2025-08-17 14:04:30,474 - VALO360 - DEBUG - 自動保存已禁用，跳過配置保存
2025-08-17 14:04:30,475 - VALO360 - DEBUG - 自動保存已禁用，跳過配置保存
2025-08-17 14:04:30,475 - VALO360 - DEBUG - 自動保存已禁用，跳過配置保存
2025-08-17 14:04:30,475 - VALO360 - DEBUG - 自動保存已禁用，跳過配置保存
2025-08-17 14:04:30,480 - VALO360 - DEBUG - 自動保存已禁用，跳過配置保存
2025-08-17 14:04:30,480 - VALO360 - DEBUG - 自動保存已禁用，跳過配置保存
2025-08-17 14:04:30,480 - VALO360 - DEBUG - 自動保存已禁用，跳過配置保存
2025-08-17 14:04:30,480 - VALO360 - DEBUG - 自動保存已禁用，跳過配置保存
2025-08-17 14:04:30,481 - VALO360 - DEBUG - 自動保存已禁用，跳過配置保存
2025-08-17 14:04:30,481 - VALO360 - DEBUG - 自動保存已禁用，跳過配置保存
2025-08-17 14:04:30,481 - VALO360 - DEBUG - 自動保存已禁用，跳過配置保存
2025-08-17 14:04:30,481 - VALO360 - DEBUG - 自動保存已禁用，跳過配置保存
2025-08-17 14:04:30,482 - VALO360 - DEBUG - 自動保存已禁用，跳過配置保存
2025-08-17 14:04:30,482 - VALO360 - DEBUG - 自動保存已禁用，跳過配置保存
2025-08-17 14:04:30,482 - VALO360 - DEBUG - 自動保存已禁用，跳過配置保存
2025-08-17 14:04:30,483 - VALO360 - DEBUG - 自動保存已禁用，跳過配置保存
2025-08-17 14:04:30,488 - VALO360 - DEBUG - 自動保存已禁用，跳過配置保存
2025-08-17 14:04:30,488 - VALO360 - DEBUG - 自動保存已禁用，跳過配置保存
2025-08-17 14:04:30,488 - VALO360 - DEBUG - 自動保存已禁用，跳過配置保存
2025-08-17 14:04:30,488 - VALO360 - DEBUG - 自動保存已禁用，跳過配置保存
2025-08-17 14:04:30,489 - VALO360 - DEBUG - 自動保存已禁用，跳過配置保存
2025-08-17 14:04:30,489 - VALO360 - DEBUG - 自動保存已禁用，跳過配置保存
2025-08-17 14:04:30,489 - VALO360 - DEBUG - 自動保存已禁用，跳過配置保存
2025-08-17 14:04:30,489 - VALO360 - DEBUG - 自動保存已禁用，跳過配置保存
2025-08-17 14:04:30,490 - VALO360 - DEBUG - 自動保存已禁用，跳過配置保存
2025-08-17 14:04:30,490 - VALO360 - DEBUG - 自動保存已禁用，跳過配置保存
2025-08-17 14:04:30,490 - VALO360 - DEBUG - 自動保存已禁用，跳過配置保存
2025-08-17 14:04:30,490 - VALO360 - DEBUG - 自動保存已禁用，跳過配置保存
2025-08-17 14:04:30,491 - VALO360 - DEBUG - 自動保存已禁用，跳過配置保存
2025-08-17 14:04:30,491 - VALO360 - DEBUG - 自動保存已禁用，跳過配置保存
2025-08-17 14:04:30,491 - VALO360 - DEBUG - 自動保存已禁用，跳過配置保存
2025-08-17 14:04:30,491 - VALO360 - DEBUG - 自動保存已禁用，跳過配置保存
2025-08-17 14:04:30,492 - VALO360 - DEBUG - 自動保存已禁用，跳過配置保存
2025-08-17 14:04:30,492 - VALO360 - DEBUG - 自動保存已禁用，跳過配置保存
2025-08-17 14:04:30,492 - VALO360 - DEBUG - 自動保存已禁用，跳過配置保存
2025-08-17 14:04:30,492 - VALO360 - DEBUG - 自動保存已禁用，跳過配置保存
2025-08-17 14:04:30,493 - VALO360 - DEBUG - 自動保存已禁用，跳過配置保存
2025-08-17 14:04:30,493 - VALO360 - DEBUG - 自動保存已禁用，跳過配置保存
2025-08-17 14:04:30,493 - VALO360 - DEBUG - 自動保存已禁用，跳過配置保存
2025-08-17 14:04:30,493 - VALO360 - DEBUG - 自動保存已禁用，跳過配置保存
2025-08-17 14:04:30,494 - VALO360 - DEBUG - 自動保存已禁用，跳過配置保存
2025-08-17 14:04:30,495 - VALO360 - DEBUG - 自動保存已禁用，跳過配置保存
2025-08-17 14:04:30,495 - VALO360 - DEBUG - 自動保存已禁用，跳過配置保存
2025-08-17 14:04:30,495 - VALO360 - DEBUG - 自動保存已禁用，跳過配置保存
2025-08-17 14:04:30,495 - VALO360 - DEBUG - 自動保存已禁用，跳過配置保存
2025-08-17 14:04:30,496 - VALO360 - DEBUG - 自動保存已禁用，跳過配置保存
2025-08-17 14:04:30,496 - VALO360 - DEBUG - 自動保存已禁用，跳過配置保存
2025-08-17 14:04:30,496 - VALO360 - DEBUG - 自動保存已禁用，跳過配置保存
2025-08-17 14:04:43,223 - VALO360 - DEBUG - 自動保存已禁用，跳過配置保存
2025-08-17 14:04:43,228 - VALO360 - DEBUG - 配置已備份至: backup\setup_backup_20250817_140443.json
2025-08-17 14:04:43,239 - VALO360 - DEBUG - 配置保存成功
2025-08-17 14:04:43,239 - VALO360 - DEBUG - 自動保存已禁用，跳過配置保存
2025-08-17 14:04:43,241 - VALO360 - DEBUG - 自動保存已禁用，跳過配置保存
2025-08-17 14:04:43,252 - VALO360 - DEBUG - 自動保存已禁用，跳過配置保存
2025-08-17 14:04:43,252 - VALO360 - DEBUG - 自動保存已禁用，跳過配置保存
2025-08-17 14:04:43,252 - VALO360 - DEBUG - 自動保存已禁用，跳過配置保存
2025-08-17 14:04:43,252 - VALO360 - DEBUG - 自動保存已禁用，跳過配置保存
2025-08-17 14:04:43,280 - VALO360 - DEBUG - 自動保存已禁用，跳過配置保存
2025-08-17 14:04:43,280 - VALO360 - DEBUG - 自動保存已禁用，跳過配置保存
2025-08-17 14:04:43,280 - VALO360 - DEBUG - 自動保存已禁用，跳過配置保存
2025-08-17 14:04:43,280 - VALO360 - DEBUG - 自動保存已禁用，跳過配置保存
2025-08-17 14:04:43,280 - VALO360 - DEBUG - 自動保存已禁用，跳過配置保存
2025-08-17 14:04:43,281 - VALO360 - DEBUG - 自動保存已禁用，跳過配置保存
2025-08-17 14:04:43,281 - VALO360 - DEBUG - 自動保存已禁用，跳過配置保存
2025-08-17 14:04:43,281 - VALO360 - DEBUG - 自動保存已禁用，跳過配置保存
2025-08-17 14:04:43,287 - VALO360 - DEBUG - 自動保存已禁用，跳過配置保存
2025-08-17 14:04:43,287 - VALO360 - DEBUG - 自動保存已禁用，跳過配置保存
2025-08-17 14:04:43,287 - VALO360 - DEBUG - 自動保存已禁用，跳過配置保存
2025-08-17 14:04:43,287 - VALO360 - DEBUG - 自動保存已禁用，跳過配置保存
2025-08-17 14:04:43,292 - VALO360 - DEBUG - 自動保存已禁用，跳過配置保存
2025-08-17 14:04:43,292 - VALO360 - DEBUG - 自動保存已禁用，跳過配置保存
2025-08-17 14:04:43,292 - VALO360 - DEBUG - 自動保存已禁用，跳過配置保存
2025-08-17 14:04:43,292 - VALO360 - DEBUG - 自動保存已禁用，跳過配置保存
2025-08-17 14:04:43,293 - VALO360 - DEBUG - 自動保存已禁用，跳過配置保存
2025-08-17 14:04:43,293 - VALO360 - DEBUG - 自動保存已禁用，跳過配置保存
2025-08-17 14:04:43,293 - VALO360 - DEBUG - 自動保存已禁用，跳過配置保存
2025-08-17 14:04:43,293 - VALO360 - DEBUG - 自動保存已禁用，跳過配置保存
2025-08-17 14:04:43,293 - VALO360 - DEBUG - 自動保存已禁用，跳過配置保存
2025-08-17 14:04:43,293 - VALO360 - DEBUG - 自動保存已禁用，跳過配置保存
2025-08-17 14:04:43,294 - VALO360 - DEBUG - 自動保存已禁用，跳過配置保存
2025-08-17 14:04:43,294 - VALO360 - DEBUG - 自動保存已禁用，跳過配置保存
2025-08-17 14:04:43,294 - VALO360 - DEBUG - 自動保存已禁用，跳過配置保存
2025-08-17 14:04:43,294 - VALO360 - DEBUG - 自動保存已禁用，跳過配置保存
2025-08-17 14:04:43,294 - VALO360 - DEBUG - 自動保存已禁用，跳過配置保存
2025-08-17 14:04:43,294 - VALO360 - DEBUG - 自動保存已禁用，跳過配置保存
2025-08-17 14:04:43,295 - VALO360 - DEBUG - 自動保存已禁用，跳過配置保存
2025-08-17 14:04:43,295 - VALO360 - DEBUG - 自動保存已禁用，跳過配置保存
2025-08-17 14:04:43,295 - VALO360 - DEBUG - 自動保存已禁用，跳過配置保存
2025-08-17 14:04:43,295 - VALO360 - DEBUG - 自動保存已禁用，跳過配置保存
2025-08-17 14:04:43,296 - VALO360 - DEBUG - 自動保存已禁用，跳過配置保存
2025-08-17 14:04:43,296 - VALO360 - DEBUG - 自動保存已禁用，跳過配置保存
2025-08-17 14:04:43,296 - VALO360 - DEBUG - 自動保存已禁用，跳過配置保存
2025-08-17 14:04:43,296 - VALO360 - DEBUG - 自動保存已禁用，跳過配置保存
2025-08-17 14:04:43,296 - VALO360 - DEBUG - 自動保存已禁用，跳過配置保存
2025-08-17 14:04:43,296 - VALO360 - DEBUG - 自動保存已禁用，跳過配置保存
2025-08-17 14:04:43,297 - VALO360 - DEBUG - 自動保存已禁用，跳過配置保存
2025-08-17 14:04:43,297 - VALO360 - DEBUG - 自動保存已禁用，跳過配置保存
2025-08-17 14:04:43,297 - VALO360 - DEBUG - 自動保存已禁用，跳過配置保存
2025-08-17 14:04:43,297 - VALO360 - DEBUG - 自動保存已禁用，跳過配置保存
2025-08-17 14:04:43,297 - VALO360 - DEBUG - 自動保存已禁用，跳過配置保存
2025-08-17 14:04:43,297 - VALO360 - DEBUG - 自動保存已禁用，跳過配置保存
2025-08-17 14:04:43,297 - VALO360 - DEBUG - 自動保存已禁用，跳過配置保存
2025-08-17 14:04:43,298 - VALO360 - DEBUG - 自動保存已禁用，跳過配置保存
2025-08-17 14:04:43,298 - VALO360 - DEBUG - 自動保存已禁用，跳過配置保存
2025-08-17 14:04:43,298 - VALO360 - DEBUG - 自動保存已禁用，跳過配置保存
2025-08-17 14:04:43,298 - VALO360 - DEBUG - 自動保存已禁用，跳過配置保存
2025-08-17 14:04:43,298 - VALO360 - DEBUG - 自動保存已禁用，跳過配置保存
2025-08-17 14:04:43,298 - VALO360 - DEBUG - 自動保存已禁用，跳過配置保存
2025-08-17 14:04:43,299 - VALO360 - DEBUG - 自動保存已禁用，跳過配置保存
2025-08-17 14:04:43,299 - VALO360 - DEBUG - 自動保存已禁用，跳過配置保存
2025-08-17 14:04:43,299 - VALO360 - DEBUG - 自動保存已禁用，跳過配置保存
2025-08-17 14:04:43,299 - VALO360 - DEBUG - 自動保存已禁用，跳過配置保存
2025-08-17 14:04:43,299 - VALO360 - DEBUG - 自動保存已禁用，跳過配置保存
2025-08-17 14:04:43,299 - VALO360 - DEBUG - 自動保存已禁用，跳過配置保存
2025-08-17 14:04:43,300 - VALO360 - DEBUG - 自動保存已禁用，跳過配置保存
2025-08-17 14:04:43,300 - VALO360 - DEBUG - 自動保存已禁用，跳過配置保存
2025-08-17 14:04:43,300 - VALO360 - DEBUG - 自動保存已禁用，跳過配置保存
2025-08-17 14:04:43,300 - VALO360 - DEBUG - 自動保存已禁用，跳過配置保存
2025-08-17 14:04:43,300 - VALO360 - DEBUG - 自動保存已禁用，跳過配置保存
2025-08-17 14:04:43,300 - VALO360 - DEBUG - 自動保存已禁用，跳過配置保存
2025-08-17 14:04:43,301 - VALO360 - DEBUG - 自動保存已禁用，跳過配置保存
2025-08-17 14:04:43,304 - VALO360 - DEBUG - 自動保存已禁用，跳過配置保存
2025-08-17 14:04:43,304 - VALO360 - DEBUG - 自動保存已禁用，跳過配置保存
2025-08-17 14:04:43,304 - VALO360 - DEBUG - 自動保存已禁用，跳過配置保存
2025-08-17 14:04:43,304 - VALO360 - DEBUG - 自動保存已禁用，跳過配置保存
2025-08-17 14:04:43,520 - VALO360 - DEBUG - 找到 3 個COM口: ['COM1', 'COM3', 'COM4']
2025-08-17 14:04:43,533 - VALO360 - DEBUG - 自動保存已禁用，跳過配置保存
2025-08-17 14:04:43,533 - VALO360 - DEBUG - 自動保存已禁用，跳過配置保存
2025-08-17 14:04:43,533 - VALO360 - DEBUG - 自動保存已禁用，跳過配置保存
2025-08-17 14:04:43,533 - VALO360 - DEBUG - 自動保存已禁用，跳過配置保存
2025-08-17 14:04:43,533 - VALO360 - DEBUG - 自動保存已禁用，跳過配置保存
2025-08-17 14:04:43,534 - VALO360 - DEBUG - 自動保存已禁用，跳過配置保存
2025-08-17 14:04:43,534 - VALO360 - DEBUG - 自動保存已禁用，跳過配置保存
2025-08-17 14:04:43,534 - VALO360 - DEBUG - 自動保存已禁用，跳過配置保存
2025-08-17 14:04:43,537 - VALO360 - DEBUG - 自動保存已禁用，跳過配置保存
2025-08-17 14:04:43,537 - VALO360 - DEBUG - 自動保存已禁用，跳過配置保存
2025-08-17 14:04:43,538 - VALO360 - DEBUG - 自動保存已禁用，跳過配置保存
2025-08-17 14:04:43,538 - VALO360 - DEBUG - 自動保存已禁用，跳過配置保存
2025-08-17 14:04:43,540 - VALO360 - DEBUG - 自動保存已禁用，跳過配置保存
2025-08-17 14:04:43,541 - VALO360 - DEBUG - 自動保存已禁用，跳過配置保存
2025-08-17 14:04:43,541 - VALO360 - DEBUG - 自動保存已禁用，跳過配置保存
2025-08-17 14:04:43,541 - VALO360 - DEBUG - 自動保存已禁用，跳過配置保存
2025-08-17 14:04:43,574 - VALO360 - DEBUG - 自動保存已禁用，跳過配置保存
2025-08-17 14:04:43,574 - VALO360 - DEBUG - 自動保存已禁用，跳過配置保存
2025-08-17 14:04:43,574 - VALO360 - DEBUG - 自動保存已禁用，跳過配置保存
2025-08-17 14:04:43,575 - VALO360 - DEBUG - 自動保存已禁用，跳過配置保存
2025-08-17 14:04:43,576 - VALO360 - DEBUG - 自動保存已禁用，跳過配置保存
2025-08-17 14:04:43,576 - VALO360 - DEBUG - 自動保存已禁用，跳過配置保存
2025-08-17 14:04:43,576 - VALO360 - DEBUG - 自動保存已禁用，跳過配置保存
2025-08-17 14:04:43,576 - VALO360 - DEBUG - 自動保存已禁用，跳過配置保存
2025-08-17 14:04:43,577 - VALO360 - DEBUG - 自動保存已禁用，跳過配置保存
2025-08-17 14:04:43,577 - VALO360 - DEBUG - 自動保存已禁用，跳過配置保存
2025-08-17 14:04:43,577 - VALO360 - DEBUG - 自動保存已禁用，跳過配置保存
2025-08-17 14:04:43,577 - VALO360 - DEBUG - 自動保存已禁用，跳過配置保存
2025-08-17 14:04:43,578 - VALO360 - DEBUG - 自動保存已禁用，跳過配置保存
2025-08-17 14:04:43,578 - VALO360 - DEBUG - 自動保存已禁用，跳過配置保存
2025-08-17 14:04:43,579 - VALO360 - DEBUG - 自動保存已禁用，跳過配置保存
2025-08-17 14:04:43,579 - VALO360 - DEBUG - 自動保存已禁用，跳過配置保存
2025-08-17 14:04:45,307 - VALO360 - DEBUG - 自動保存已禁用，跳過配置保存
2025-08-17 14:04:45,307 - VALO360 - DEBUG - 自動保存已禁用，跳過配置保存
2025-08-17 14:04:45,308 - VALO360 - DEBUG - 自動保存已禁用，跳過配置保存
2025-08-17 14:04:45,308 - VALO360 - DEBUG - 自動保存已禁用，跳過配置保存
2025-08-17 14:04:45,311 - VALO360 - DEBUG - 自動保存已禁用，跳過配置保存
2025-08-17 14:04:45,311 - VALO360 - DEBUG - 自動保存已禁用，跳過配置保存
2025-08-17 14:04:45,311 - VALO360 - DEBUG - 自動保存已禁用，跳過配置保存
2025-08-17 14:04:45,311 - VALO360 - DEBUG - 自動保存已禁用，跳過配置保存
2025-08-17 14:04:45,321 - VALO360 - DEBUG - 自動保存已禁用，跳過配置保存
2025-08-17 14:04:45,321 - VALO360 - DEBUG - 自動保存已禁用，跳過配置保存
2025-08-17 14:04:45,321 - VALO360 - DEBUG - 自動保存已禁用，跳過配置保存
2025-08-17 14:04:45,321 - VALO360 - DEBUG - 自動保存已禁用，跳過配置保存
2025-08-17 14:04:45,325 - VALO360 - DEBUG - 自動保存已禁用，跳過配置保存
2025-08-17 14:04:45,325 - VALO360 - DEBUG - 自動保存已禁用，跳過配置保存
2025-08-17 14:04:45,325 - VALO360 - DEBUG - 自動保存已禁用，跳過配置保存
2025-08-17 14:04:45,325 - VALO360 - DEBUG - 自動保存已禁用，跳過配置保存
2025-08-17 14:04:45,326 - VALO360 - DEBUG - 自動保存已禁用，跳過配置保存
2025-08-17 14:04:45,326 - VALO360 - DEBUG - 自動保存已禁用，跳過配置保存
2025-08-17 14:04:45,326 - VALO360 - DEBUG - 自動保存已禁用，跳過配置保存
2025-08-17 14:04:45,326 - VALO360 - DEBUG - 自動保存已禁用，跳過配置保存
2025-08-17 14:04:45,327 - VALO360 - DEBUG - 自動保存已禁用，跳過配置保存
2025-08-17 14:04:45,327 - VALO360 - DEBUG - 自動保存已禁用，跳過配置保存
2025-08-17 14:04:45,327 - VALO360 - DEBUG - 自動保存已禁用，跳過配置保存
2025-08-17 14:04:45,327 - VALO360 - DEBUG - 自動保存已禁用，跳過配置保存
2025-08-17 14:04:45,328 - VALO360 - DEBUG - 自動保存已禁用，跳過配置保存
2025-08-17 14:04:45,328 - VALO360 - DEBUG - 自動保存已禁用，跳過配置保存
2025-08-17 14:04:45,328 - VALO360 - DEBUG - 自動保存已禁用，跳過配置保存
2025-08-17 14:04:45,328 - VALO360 - DEBUG - 自動保存已禁用，跳過配置保存
2025-08-17 14:04:45,330 - VALO360 - DEBUG - 自動保存已禁用，跳過配置保存
2025-08-17 14:04:45,331 - VALO360 - DEBUG - 自動保存已禁用，跳過配置保存
2025-08-17 14:04:45,331 - VALO360 - DEBUG - 自動保存已禁用，跳過配置保存
2025-08-17 14:04:45,331 - VALO360 - DEBUG - 自動保存已禁用，跳過配置保存
2025-08-17 14:04:45,333 - VALO360 - DEBUG - 自動保存已禁用，跳過配置保存
2025-08-17 14:04:45,333 - VALO360 - DEBUG - 自動保存已禁用，跳過配置保存
2025-08-17 14:04:45,333 - VALO360 - DEBUG - 自動保存已禁用，跳過配置保存
2025-08-17 14:04:45,333 - VALO360 - DEBUG - 自動保存已禁用，跳過配置保存
2025-08-17 14:04:45,334 - VALO360 - DEBUG - 自動保存已禁用，跳過配置保存
2025-08-17 14:04:45,334 - VALO360 - DEBUG - 自動保存已禁用，跳過配置保存
2025-08-17 14:04:45,334 - VALO360 - DEBUG - 自動保存已禁用，跳過配置保存
2025-08-17 14:04:45,334 - VALO360 - DEBUG - 自動保存已禁用，跳過配置保存
2025-08-17 14:04:45,335 - VALO360 - DEBUG - 自動保存已禁用，跳過配置保存
2025-08-17 14:04:45,335 - VALO360 - DEBUG - 自動保存已禁用，跳過配置保存
2025-08-17 14:04:45,336 - VALO360 - DEBUG - 自動保存已禁用，跳過配置保存
2025-08-17 14:04:45,336 - VALO360 - DEBUG - 自動保存已禁用，跳過配置保存
2025-08-17 14:04:45,336 - VALO360 - DEBUG - 自動保存已禁用，跳過配置保存
2025-08-17 14:04:45,337 - VALO360 - DEBUG - 自動保存已禁用，跳過配置保存
2025-08-17 14:04:45,337 - VALO360 - DEBUG - 自動保存已禁用，跳過配置保存
2025-08-17 14:04:45,337 - VALO360 - DEBUG - 自動保存已禁用，跳過配置保存
2025-08-17 14:04:45,339 - VALO360 - DEBUG - 自動保存已禁用，跳過配置保存
2025-08-17 14:04:45,339 - VALO360 - DEBUG - 自動保存已禁用，跳過配置保存
2025-08-17 14:04:45,339 - VALO360 - DEBUG - 自動保存已禁用，跳過配置保存
2025-08-17 14:04:45,339 - VALO360 - DEBUG - 自動保存已禁用，跳過配置保存
2025-08-17 14:04:45,341 - VALO360 - DEBUG - 自動保存已禁用，跳過配置保存
2025-08-17 14:04:45,341 - VALO360 - DEBUG - 自動保存已禁用，跳過配置保存
2025-08-17 14:04:45,341 - VALO360 - DEBUG - 自動保存已禁用，跳過配置保存
2025-08-17 14:04:45,341 - VALO360 - DEBUG - 自動保存已禁用，跳過配置保存
2025-08-17 14:04:45,343 - VALO360 - DEBUG - 自動保存已禁用，跳過配置保存
2025-08-17 14:04:45,343 - VALO360 - DEBUG - 自動保存已禁用，跳過配置保存
2025-08-17 14:04:45,343 - VALO360 - DEBUG - 自動保存已禁用，跳過配置保存
2025-08-17 14:04:45,343 - VALO360 - DEBUG - 自動保存已禁用，跳過配置保存
2025-08-17 14:04:45,344 - VALO360 - DEBUG - 自動保存已禁用，跳過配置保存
2025-08-17 14:04:45,344 - VALO360 - DEBUG - 自動保存已禁用，跳過配置保存
2025-08-17 14:04:45,344 - VALO360 - DEBUG - 自動保存已禁用，跳過配置保存
2025-08-17 14:04:45,344 - VALO360 - DEBUG - 自動保存已禁用，跳過配置保存
2025-08-17 14:04:45,345 - VALO360 - DEBUG - 自動保存已禁用，跳過配置保存
2025-08-17 14:04:45,345 - VALO360 - DEBUG - 自動保存已禁用，跳過配置保存
2025-08-17 14:04:45,345 - VALO360 - DEBUG - 自動保存已禁用，跳過配置保存
2025-08-17 14:04:45,345 - VALO360 - DEBUG - 自動保存已禁用，跳過配置保存
2025-08-17 14:04:45,346 - VALO360 - DEBUG - 自動保存已禁用，跳過配置保存
2025-08-17 14:04:45,346 - VALO360 - DEBUG - 自動保存已禁用，跳過配置保存
2025-08-17 14:04:45,346 - VALO360 - DEBUG - 自動保存已禁用，跳過配置保存
2025-08-17 14:04:45,346 - VALO360 - DEBUG - 自動保存已禁用，跳過配置保存
2025-08-17 14:04:45,348 - VALO360 - DEBUG - 自動保存已禁用，跳過配置保存
2025-08-17 14:04:45,348 - VALO360 - DEBUG - 自動保存已禁用，跳過配置保存
2025-08-17 14:04:45,348 - VALO360 - DEBUG - 自動保存已禁用，跳過配置保存
2025-08-17 14:04:45,348 - VALO360 - DEBUG - 自動保存已禁用，跳過配置保存
2025-08-17 14:04:45,348 - VALO360 - DEBUG - 自動保存已禁用，跳過配置保存
2025-08-17 14:04:45,348 - VALO360 - DEBUG - 自動保存已禁用，跳過配置保存
2025-08-17 14:04:45,349 - VALO360 - DEBUG - 自動保存已禁用，跳過配置保存
2025-08-17 14:04:45,349 - VALO360 - DEBUG - 自動保存已禁用，跳過配置保存
2025-08-17 14:04:45,350 - VALO360 - DEBUG - 自動保存已禁用，跳過配置保存
2025-08-17 14:04:45,350 - VALO360 - DEBUG - 自動保存已禁用，跳過配置保存
2025-08-17 14:04:45,350 - VALO360 - DEBUG - 自動保存已禁用，跳過配置保存
2025-08-17 14:04:45,350 - VALO360 - DEBUG - 自動保存已禁用，跳過配置保存
2025-08-17 14:04:45,351 - VALO360 - DEBUG - 自動保存已禁用，跳過配置保存
2025-08-17 14:04:45,351 - VALO360 - DEBUG - 自動保存已禁用，跳過配置保存
2025-08-17 14:04:45,351 - VALO360 - DEBUG - 自動保存已禁用，跳過配置保存
2025-08-17 14:04:45,351 - VALO360 - DEBUG - 自動保存已禁用，跳過配置保存
2025-08-17 14:04:45,352 - VALO360 - DEBUG - 自動保存已禁用，跳過配置保存
2025-08-17 14:04:45,352 - VALO360 - DEBUG - 自動保存已禁用，跳過配置保存
2025-08-17 14:04:45,352 - VALO360 - DEBUG - 自動保存已禁用，跳過配置保存
2025-08-17 14:04:45,352 - VALO360 - DEBUG - 自動保存已禁用，跳過配置保存
2025-08-17 14:04:45,354 - VALO360 - DEBUG - 自動保存已禁用，跳過配置保存
2025-08-17 14:04:45,354 - VALO360 - DEBUG - 自動保存已禁用，跳過配置保存
2025-08-17 14:04:45,354 - VALO360 - DEBUG - 自動保存已禁用，跳過配置保存
2025-08-17 14:04:45,354 - VALO360 - DEBUG - 自動保存已禁用，跳過配置保存
2025-08-17 14:04:45,356 - VALO360 - DEBUG - 自動保存已禁用，跳過配置保存
2025-08-17 14:04:45,356 - VALO360 - DEBUG - 自動保存已禁用，跳過配置保存
2025-08-17 14:04:45,356 - VALO360 - DEBUG - 自動保存已禁用，跳過配置保存
2025-08-17 14:04:45,356 - VALO360 - DEBUG - 自動保存已禁用，跳過配置保存
2025-08-17 14:04:45,356 - VALO360 - DEBUG - 自動保存已禁用，跳過配置保存
2025-08-17 14:04:45,357 - VALO360 - DEBUG - 自動保存已禁用，跳過配置保存
2025-08-17 14:04:45,357 - VALO360 - DEBUG - 自動保存已禁用，跳過配置保存
2025-08-17 14:04:45,357 - VALO360 - DEBUG - 自動保存已禁用，跳過配置保存
2025-08-17 14:04:45,357 - VALO360 - DEBUG - 自動保存已禁用，跳過配置保存
2025-08-17 14:04:45,358 - VALO360 - DEBUG - 自動保存已禁用，跳過配置保存
2025-08-17 14:04:45,358 - VALO360 - DEBUG - 自動保存已禁用，跳過配置保存
2025-08-17 14:04:45,358 - VALO360 - DEBUG - 自動保存已禁用，跳過配置保存
2025-08-17 14:04:45,360 - VALO360 - DEBUG - 自動保存已禁用，跳過配置保存
2025-08-17 14:04:45,360 - VALO360 - DEBUG - 自動保存已禁用，跳過配置保存
2025-08-17 14:04:45,360 - VALO360 - DEBUG - 自動保存已禁用，跳過配置保存
2025-08-17 14:04:45,360 - VALO360 - DEBUG - 自動保存已禁用，跳過配置保存
2025-08-17 14:04:45,361 - VALO360 - DEBUG - 自動保存已禁用，跳過配置保存
2025-08-17 14:04:45,361 - VALO360 - DEBUG - 自動保存已禁用，跳過配置保存
2025-08-17 14:04:45,361 - VALO360 - DEBUG - 自動保存已禁用，跳過配置保存
2025-08-17 14:04:45,361 - VALO360 - DEBUG - 自動保存已禁用，跳過配置保存
2025-08-17 14:04:45,368 - VALO360 - DEBUG - 自動保存已禁用，跳過配置保存
2025-08-17 14:04:45,368 - VALO360 - DEBUG - 自動保存已禁用，跳過配置保存
2025-08-17 14:04:45,368 - VALO360 - DEBUG - 自動保存已禁用，跳過配置保存
2025-08-17 14:04:45,368 - VALO360 - DEBUG - 自動保存已禁用，跳過配置保存
2025-08-17 14:04:45,369 - VALO360 - DEBUG - 自動保存已禁用，跳過配置保存
2025-08-17 14:04:45,369 - VALO360 - DEBUG - 自動保存已禁用，跳過配置保存
2025-08-17 14:04:45,369 - VALO360 - DEBUG - 自動保存已禁用，跳過配置保存
2025-08-17 14:04:45,370 - VALO360 - DEBUG - 自動保存已禁用，跳過配置保存
2025-08-17 14:04:45,374 - VALO360 - DEBUG - 自動保存已禁用，跳過配置保存
2025-08-17 14:04:45,374 - VALO360 - DEBUG - 自動保存已禁用，跳過配置保存
2025-08-17 14:04:45,374 - VALO360 - DEBUG - 自動保存已禁用，跳過配置保存
2025-08-17 14:04:45,374 - VALO360 - DEBUG - 自動保存已禁用，跳過配置保存
2025-08-17 14:04:45,376 - VALO360 - DEBUG - 自動保存已禁用，跳過配置保存
2025-08-17 14:04:45,376 - VALO360 - DEBUG - 自動保存已禁用，跳過配置保存
2025-08-17 14:04:45,376 - VALO360 - DEBUG - 自動保存已禁用，跳過配置保存
2025-08-17 14:04:45,376 - VALO360 - DEBUG - 自動保存已禁用，跳過配置保存
2025-08-17 14:04:45,376 - VALO360 - DEBUG - 自動保存已禁用，跳過配置保存
2025-08-17 14:04:45,376 - VALO360 - DEBUG - 自動保存已禁用，跳過配置保存
2025-08-17 14:04:45,377 - VALO360 - DEBUG - 自動保存已禁用，跳過配置保存
2025-08-17 14:04:45,377 - VALO360 - DEBUG - 自動保存已禁用，跳過配置保存
2025-08-17 14:04:45,378 - VALO360 - DEBUG - 自動保存已禁用，跳過配置保存
2025-08-17 14:04:45,378 - VALO360 - DEBUG - 自動保存已禁用，跳過配置保存
2025-08-17 14:04:45,378 - VALO360 - DEBUG - 自動保存已禁用，跳過配置保存
2025-08-17 14:04:45,379 - VALO360 - DEBUG - 自動保存已禁用，跳過配置保存
2025-08-17 14:04:45,379 - VALO360 - DEBUG - 自動保存已禁用，跳過配置保存
2025-08-17 14:04:45,379 - VALO360 - DEBUG - 自動保存已禁用，跳過配置保存
2025-08-17 14:04:45,379 - VALO360 - DEBUG - 自動保存已禁用，跳過配置保存
2025-08-17 14:04:45,379 - VALO360 - DEBUG - 自動保存已禁用，跳過配置保存
2025-08-17 14:04:45,380 - VALO360 - DEBUG - 自動保存已禁用，跳過配置保存
2025-08-17 14:04:45,381 - VALO360 - DEBUG - 自動保存已禁用，跳過配置保存
2025-08-17 14:04:45,381 - VALO360 - DEBUG - 自動保存已禁用，跳過配置保存
2025-08-17 14:04:45,381 - VALO360 - DEBUG - 自動保存已禁用，跳過配置保存
2025-08-17 14:04:45,382 - VALO360 - DEBUG - 自動保存已禁用，跳過配置保存
2025-08-17 14:04:45,382 - VALO360 - DEBUG - 自動保存已禁用，跳過配置保存
2025-08-17 14:04:45,382 - VALO360 - DEBUG - 自動保存已禁用，跳過配置保存
2025-08-17 14:04:45,382 - VALO360 - DEBUG - 自動保存已禁用，跳過配置保存
2025-08-17 14:04:45,383 - VALO360 - DEBUG - 自動保存已禁用，跳過配置保存
2025-08-17 14:04:45,383 - VALO360 - DEBUG - 自動保存已禁用，跳過配置保存
2025-08-17 14:04:45,383 - VALO360 - DEBUG - 自動保存已禁用，跳過配置保存
2025-08-17 14:04:45,383 - VALO360 - DEBUG - 自動保存已禁用，跳過配置保存
2025-08-17 14:04:45,386 - VALO360 - DEBUG - 自動保存已禁用，跳過配置保存
2025-08-17 14:04:45,386 - VALO360 - DEBUG - 自動保存已禁用，跳過配置保存
2025-08-17 14:04:45,386 - VALO360 - DEBUG - 自動保存已禁用，跳過配置保存
2025-08-17 14:04:45,387 - VALO360 - DEBUG - 自動保存已禁用，跳過配置保存
2025-08-17 14:04:45,387 - VALO360 - DEBUG - 自動保存已禁用，跳過配置保存
2025-08-17 14:04:45,387 - VALO360 - DEBUG - 自動保存已禁用，跳過配置保存
2025-08-17 14:04:45,387 - VALO360 - DEBUG - 自動保存已禁用，跳過配置保存
2025-08-17 14:04:45,387 - VALO360 - DEBUG - 自動保存已禁用，跳過配置保存
2025-08-17 14:04:45,389 - VALO360 - DEBUG - 自動保存已禁用，跳過配置保存
2025-08-17 14:04:45,389 - VALO360 - DEBUG - 自動保存已禁用，跳過配置保存
2025-08-17 14:04:45,389 - VALO360 - DEBUG - 自動保存已禁用，跳過配置保存
2025-08-17 14:04:45,389 - VALO360 - DEBUG - 自動保存已禁用，跳過配置保存
2025-08-17 14:04:45,389 - VALO360 - DEBUG - 自動保存已禁用，跳過配置保存
2025-08-17 14:04:45,390 - VALO360 - DEBUG - 自動保存已禁用，跳過配置保存
2025-08-17 14:04:45,390 - VALO360 - DEBUG - 自動保存已禁用，跳過配置保存
2025-08-17 14:04:45,390 - VALO360 - DEBUG - 自動保存已禁用，跳過配置保存
2025-08-17 14:04:45,391 - VALO360 - DEBUG - 自動保存已禁用，跳過配置保存
2025-08-17 14:04:45,391 - VALO360 - DEBUG - 自動保存已禁用，跳過配置保存
2025-08-17 14:04:45,392 - VALO360 - DEBUG - 自動保存已禁用，跳過配置保存
2025-08-17 14:04:45,392 - VALO360 - DEBUG - 自動保存已禁用，跳過配置保存
2025-08-17 14:04:45,392 - VALO360 - DEBUG - 自動保存已禁用，跳過配置保存
2025-08-17 14:04:45,392 - VALO360 - DEBUG - 自動保存已禁用，跳過配置保存
2025-08-17 14:04:45,392 - VALO360 - DEBUG - 自動保存已禁用，跳過配置保存
2025-08-17 14:04:45,392 - VALO360 - DEBUG - 自動保存已禁用，跳過配置保存
2025-08-17 14:04:45,394 - VALO360 - DEBUG - 自動保存已禁用，跳過配置保存
2025-08-17 14:04:45,394 - VALO360 - DEBUG - 自動保存已禁用，跳過配置保存
2025-08-17 14:04:45,394 - VALO360 - DEBUG - 自動保存已禁用，跳過配置保存
2025-08-17 14:04:45,394 - VALO360 - DEBUG - 自動保存已禁用，跳過配置保存
2025-08-17 14:04:45,394 - VALO360 - DEBUG - 自動保存已禁用，跳過配置保存
2025-08-17 14:04:45,395 - VALO360 - DEBUG - 自動保存已禁用，跳過配置保存
2025-08-17 14:04:45,395 - VALO360 - DEBUG - 自動保存已禁用，跳過配置保存
2025-08-17 14:04:45,395 - VALO360 - DEBUG - 自動保存已禁用，跳過配置保存
2025-08-17 14:04:45,397 - VALO360 - DEBUG - 自動保存已禁用，跳過配置保存
2025-08-17 14:04:45,397 - VALO360 - DEBUG - 自動保存已禁用，跳過配置保存
2025-08-17 14:04:45,397 - VALO360 - DEBUG - 自動保存已禁用，跳過配置保存
2025-08-17 14:04:45,397 - VALO360 - DEBUG - 自動保存已禁用，跳過配置保存
2025-08-17 14:04:45,398 - VALO360 - DEBUG - 自動保存已禁用，跳過配置保存
2025-08-17 14:04:45,398 - VALO360 - DEBUG - 自動保存已禁用，跳過配置保存
2025-08-17 14:04:45,398 - VALO360 - DEBUG - 自動保存已禁用，跳過配置保存
2025-08-17 14:04:45,398 - VALO360 - DEBUG - 自動保存已禁用，跳過配置保存
2025-08-17 14:04:45,752 - VALO360 - DEBUG - 自動保存已禁用，跳過配置保存
2025-08-17 14:04:45,753 - VALO360 - DEBUG - 自動保存已禁用，跳過配置保存
2025-08-17 14:04:45,753 - VALO360 - DEBUG - 自動保存已禁用，跳過配置保存
2025-08-17 14:04:45,753 - VALO360 - DEBUG - 自動保存已禁用，跳過配置保存
2025-08-17 14:04:45,770 - VALO360 - DEBUG - 找到 3 個COM口: ['COM1', 'COM3', 'COM4']
2025-08-17 14:05:00,291 - VALO360 - DEBUG - SerialWorker 初始化: COM=COM1, 指令數=1, 超時=100s
2025-08-17 14:05:00,292 - VALO360 - INFO - 開始執行序列埠任務: COM1
2025-08-17 14:05:00,294 - VALO360 - DEBUG - 自動保存已禁用，跳過配置保存
2025-08-17 14:05:00,295 - VALO360 - DEBUG - 自動保存已禁用，跳過配置保存
2025-08-17 14:05:00,295 - VALO360 - DEBUG - 自動保存已禁用，跳過配置保存
2025-08-17 14:05:00,295 - VALO360 - DEBUG - 自動保存已禁用，跳過配置保存
2025-08-17 14:05:00,296 - VALO360 - DEBUG - 自動保存已禁用，跳過配置保存
2025-08-17 14:05:00,296 - VALO360 - DEBUG - 自動保存已禁用，跳過配置保存
2025-08-17 14:05:00,296 - VALO360 - DEBUG - 自動保存已禁用，跳過配置保存
2025-08-17 14:05:00,296 - VALO360 - DEBUG - 自動保存已禁用，跳過配置保存
2025-08-17 14:05:00,327 - VALO360 - DEBUG - 自動保存已禁用，跳過配置保存
2025-08-17 14:05:00,328 - VALO360 - DEBUG - 自動保存已禁用，跳過配置保存
2025-08-17 14:05:00,328 - VALO360 - DEBUG - 自動保存已禁用，跳過配置保存
2025-08-17 14:05:00,328 - VALO360 - DEBUG - 自動保存已禁用，跳過配置保存
2025-08-17 14:05:00,328 - VALO360 - DEBUG - 自動保存已禁用，跳過配置保存
2025-08-17 14:05:00,328 - VALO360 - DEBUG - 自動保存已禁用，跳過配置保存
2025-08-17 14:05:00,328 - VALO360 - DEBUG - 自動保存已禁用，跳過配置保存
2025-08-17 14:05:00,329 - VALO360 - DEBUG - 自動保存已禁用，跳過配置保存
2025-08-17 14:05:00,329 - VALO360 - DEBUG - 自動保存已禁用，跳過配置保存
2025-08-17 14:05:00,329 - VALO360 - DEBUG - 自動保存已禁用，跳過配置保存
2025-08-17 14:05:00,330 - VALO360 - DEBUG - 自動保存已禁用，跳過配置保存
2025-08-17 14:05:00,330 - VALO360 - DEBUG - 自動保存已禁用，跳過配置保存
2025-08-17 14:05:00,330 - VALO360 - DEBUG - 自動保存已禁用，跳過配置保存
2025-08-17 14:05:00,330 - VALO360 - DEBUG - 自動保存已禁用，跳過配置保存
2025-08-17 14:05:00,331 - VALO360 - DEBUG - 自動保存已禁用，跳過配置保存
2025-08-17 14:05:00,331 - VALO360 - DEBUG - 自動保存已禁用，跳過配置保存
2025-08-17 14:05:00,339 - VALO360 - DEBUG - 自動保存已禁用，跳過配置保存
2025-08-17 14:05:00,339 - VALO360 - DEBUG - 自動保存已禁用，跳過配置保存
2025-08-17 14:05:00,339 - VALO360 - DEBUG - 自動保存已禁用，跳過配置保存
2025-08-17 14:05:00,339 - VALO360 - DEBUG - 自動保存已禁用，跳過配置保存
2025-08-17 14:05:02,721 - VALO360 - DEBUG - 自動保存已禁用，跳過配置保存
2025-08-17 14:05:02,722 - VALO360 - DEBUG - 自動保存已禁用，跳過配置保存
2025-08-17 14:05:02,722 - VALO360 - DEBUG - 自動保存已禁用，跳過配置保存
2025-08-17 14:05:02,722 - VALO360 - DEBUG - 自動保存已禁用，跳過配置保存
2025-08-17 14:05:02,723 - VALO360 - DEBUG - 自動保存已禁用，跳過配置保存
2025-08-17 14:05:02,723 - VALO360 - DEBUG - 自動保存已禁用，跳過配置保存
2025-08-17 14:05:02,723 - VALO360 - DEBUG - 自動保存已禁用，跳過配置保存
2025-08-17 14:05:02,723 - VALO360 - DEBUG - 自動保存已禁用，跳過配置保存
2025-08-17 14:05:02,723 - VALO360 - DEBUG - 自動保存已禁用，跳過配置保存
2025-08-17 14:05:02,723 - VALO360 - DEBUG - 自動保存已禁用，跳過配置保存
2025-08-17 14:05:02,724 - VALO360 - DEBUG - 自動保存已禁用，跳過配置保存
2025-08-17 14:05:02,724 - VALO360 - DEBUG - 自動保存已禁用，跳過配置保存
2025-08-17 14:05:02,724 - VALO360 - DEBUG - 自動保存已禁用，跳過配置保存
2025-08-17 14:05:02,724 - VALO360 - DEBUG - 自動保存已禁用，跳過配置保存
2025-08-17 14:05:02,724 - VALO360 - DEBUG - 自動保存已禁用，跳過配置保存
2025-08-17 14:05:02,725 - VALO360 - DEBUG - 自動保存已禁用，跳過配置保存
2025-08-17 14:05:02,725 - VALO360 - DEBUG - 自動保存已禁用，跳過配置保存
2025-08-17 14:05:02,725 - VALO360 - DEBUG - 自動保存已禁用，跳過配置保存
2025-08-17 14:05:02,725 - VALO360 - DEBUG - 自動保存已禁用，跳過配置保存
2025-08-17 14:05:02,725 - VALO360 - DEBUG - 自動保存已禁用，跳過配置保存
2025-08-17 14:05:02,732 - VALO360 - DEBUG - 自動保存已禁用，跳過配置保存
2025-08-17 14:05:02,733 - VALO360 - DEBUG - 自動保存已禁用，跳過配置保存
2025-08-17 14:05:02,733 - VALO360 - DEBUG - 自動保存已禁用，跳過配置保存
2025-08-17 14:05:02,733 - VALO360 - DEBUG - 自動保存已禁用，跳過配置保存
2025-08-17 14:05:02,892 - VALO360 - DEBUG - 簡單關閉 COM 口 COM1
2025-08-17 14:05:02,893 - VALO360 - DEBUG - SerialWorker 執行完成
2025-08-17 14:05:02,893 - VALO360 - WARNING - 函數 SerialWorker.run 執行時間過長: 2.601秒
2025-08-17 14:05:03,642 - VALO360 - DEBUG - 自動保存已禁用，跳過配置保存
2025-08-17 14:05:03,643 - VALO360 - DEBUG - 自動保存已禁用，跳過配置保存
2025-08-17 14:05:03,643 - VALO360 - DEBUG - 自動保存已禁用，跳過配置保存
2025-08-17 14:05:03,643 - VALO360 - DEBUG - 自動保存已禁用，跳過配置保存
2025-08-17 14:05:05,219 - VALO360 - DEBUG - 自動保存已禁用，跳過配置保存
2025-08-17 14:05:05,223 - VALO360 - DEBUG - 配置已備份至: backup\setup_backup_20250817_140505.json
2025-08-17 14:05:05,226 - VALO360 - DEBUG - 配置保存成功
2025-08-17 14:05:05,226 - VALO360 - DEBUG - 自動保存已禁用，跳過配置保存
2025-08-17 14:05:05,227 - VALO360 - DEBUG - 自動保存已禁用，跳過配置保存
2025-08-17 14:05:05,233 - VALO360 - DEBUG - 自動保存已禁用，跳過配置保存
2025-08-17 14:05:05,233 - VALO360 - DEBUG - 自動保存已禁用，跳過配置保存
2025-08-17 14:05:05,234 - VALO360 - DEBUG - 自動保存已禁用，跳過配置保存
2025-08-17 14:05:05,234 - VALO360 - DEBUG - 自動保存已禁用，跳過配置保存
2025-08-17 14:05:05,328 - VALO360 - DEBUG - 自動保存已禁用，跳過配置保存
2025-08-17 14:05:05,328 - VALO360 - DEBUG - 自動保存已禁用，跳過配置保存
2025-08-17 14:05:05,328 - VALO360 - DEBUG - 自動保存已禁用，跳過配置保存
2025-08-17 14:05:05,329 - VALO360 - DEBUG - 自動保存已禁用，跳過配置保存
2025-08-17 14:05:05,329 - VALO360 - DEBUG - 自動保存已禁用，跳過配置保存
2025-08-17 14:05:05,329 - VALO360 - DEBUG - 自動保存已禁用，跳過配置保存
2025-08-17 14:05:05,329 - VALO360 - DEBUG - 自動保存已禁用，跳過配置保存
2025-08-17 14:05:05,329 - VALO360 - DEBUG - 自動保存已禁用，跳過配置保存
2025-08-17 14:05:05,330 - VALO360 - DEBUG - 自動保存已禁用，跳過配置保存
2025-08-17 14:05:05,330 - VALO360 - DEBUG - 自動保存已禁用，跳過配置保存
2025-08-17 14:05:05,330 - VALO360 - DEBUG - 自動保存已禁用，跳過配置保存
2025-08-17 14:05:05,330 - VALO360 - DEBUG - 自動保存已禁用，跳過配置保存
2025-08-17 14:05:05,330 - VALO360 - DEBUG - 自動保存已禁用，跳過配置保存
2025-08-17 14:05:05,330 - VALO360 - DEBUG - 自動保存已禁用，跳過配置保存
2025-08-17 14:05:05,331 - VALO360 - DEBUG - 自動保存已禁用，跳過配置保存
2025-08-17 14:05:05,331 - VALO360 - DEBUG - 自動保存已禁用，跳過配置保存
2025-08-17 14:05:05,331 - VALO360 - DEBUG - 自動保存已禁用，跳過配置保存
2025-08-17 14:05:05,331 - VALO360 - DEBUG - 自動保存已禁用，跳過配置保存
2025-08-17 14:05:05,331 - VALO360 - DEBUG - 自動保存已禁用，跳過配置保存
2025-08-17 14:05:05,332 - VALO360 - DEBUG - 自動保存已禁用，跳過配置保存
2025-08-17 14:05:05,332 - VALO360 - DEBUG - 自動保存已禁用，跳過配置保存
2025-08-17 14:05:05,332 - VALO360 - DEBUG - 自動保存已禁用，跳過配置保存
2025-08-17 14:05:05,333 - VALO360 - DEBUG - 自動保存已禁用，跳過配置保存
2025-08-17 14:05:05,333 - VALO360 - DEBUG - 自動保存已禁用，跳過配置保存
2025-08-17 14:05:05,333 - VALO360 - DEBUG - 自動保存已禁用，跳過配置保存
2025-08-17 14:05:05,333 - VALO360 - DEBUG - 自動保存已禁用，跳過配置保存
2025-08-17 14:05:05,333 - VALO360 - DEBUG - 自動保存已禁用，跳過配置保存
2025-08-17 14:05:05,333 - VALO360 - DEBUG - 自動保存已禁用，跳過配置保存
2025-08-17 14:05:05,334 - VALO360 - DEBUG - 自動保存已禁用，跳過配置保存
2025-08-17 14:05:05,334 - VALO360 - DEBUG - 自動保存已禁用，跳過配置保存
2025-08-17 14:05:05,334 - VALO360 - DEBUG - 自動保存已禁用，跳過配置保存
2025-08-17 14:05:05,334 - VALO360 - DEBUG - 自動保存已禁用，跳過配置保存
2025-08-17 14:05:05,334 - VALO360 - DEBUG - 自動保存已禁用，跳過配置保存
2025-08-17 14:05:05,334 - VALO360 - DEBUG - 自動保存已禁用，跳過配置保存
2025-08-17 14:05:05,335 - VALO360 - DEBUG - 自動保存已禁用，跳過配置保存
2025-08-17 14:05:05,335 - VALO360 - DEBUG - 自動保存已禁用，跳過配置保存
2025-08-17 14:05:05,336 - VALO360 - DEBUG - 自動保存已禁用，跳過配置保存
2025-08-17 14:05:05,336 - VALO360 - DEBUG - 自動保存已禁用，跳過配置保存
2025-08-17 14:05:05,336 - VALO360 - DEBUG - 自動保存已禁用，跳過配置保存
2025-08-17 14:05:05,336 - VALO360 - DEBUG - 自動保存已禁用，跳過配置保存
2025-08-17 14:05:05,337 - VALO360 - DEBUG - 自動保存已禁用，跳過配置保存
2025-08-17 14:05:05,337 - VALO360 - DEBUG - 自動保存已禁用，跳過配置保存
2025-08-17 14:05:05,337 - VALO360 - DEBUG - 自動保存已禁用，跳過配置保存
2025-08-17 14:05:05,337 - VALO360 - DEBUG - 自動保存已禁用，跳過配置保存
2025-08-17 14:05:05,337 - VALO360 - DEBUG - 自動保存已禁用，跳過配置保存
2025-08-17 14:05:05,337 - VALO360 - DEBUG - 自動保存已禁用，跳過配置保存
2025-08-17 14:05:05,338 - VALO360 - DEBUG - 自動保存已禁用，跳過配置保存
2025-08-17 14:05:05,338 - VALO360 - DEBUG - 自動保存已禁用，跳過配置保存
2025-08-17 14:05:05,338 - VALO360 - DEBUG - 自動保存已禁用，跳過配置保存
2025-08-17 14:05:05,338 - VALO360 - DEBUG - 自動保存已禁用，跳過配置保存
2025-08-17 14:05:05,338 - VALO360 - DEBUG - 自動保存已禁用，跳過配置保存
2025-08-17 14:05:05,338 - VALO360 - DEBUG - 自動保存已禁用，跳過配置保存
2025-08-17 14:05:05,343 - VALO360 - DEBUG - 自動保存已禁用，跳過配置保存
2025-08-17 14:05:05,343 - VALO360 - DEBUG - 自動保存已禁用，跳過配置保存
2025-08-17 14:05:05,343 - VALO360 - DEBUG - 自動保存已禁用，跳過配置保存
2025-08-17 14:05:05,343 - VALO360 - DEBUG - 自動保存已禁用，跳過配置保存
2025-08-17 14:05:05,348 - VALO360 - DEBUG - 自動保存已禁用，跳過配置保存
2025-08-17 14:05:05,348 - VALO360 - DEBUG - 自動保存已禁用，跳過配置保存
2025-08-17 14:05:05,348 - VALO360 - DEBUG - 自動保存已禁用，跳過配置保存
2025-08-17 14:05:05,348 - VALO360 - DEBUG - 自動保存已禁用，跳過配置保存
2025-08-17 14:05:05,349 - VALO360 - DEBUG - 自動保存已禁用，跳過配置保存
2025-08-17 14:05:05,349 - VALO360 - DEBUG - 自動保存已禁用，跳過配置保存
2025-08-17 14:05:05,349 - VALO360 - DEBUG - 自動保存已禁用，跳過配置保存
2025-08-17 14:05:05,349 - VALO360 - DEBUG - 自動保存已禁用，跳過配置保存
2025-08-17 14:05:05,349 - VALO360 - DEBUG - 自動保存已禁用，跳過配置保存
2025-08-17 14:05:05,349 - VALO360 - DEBUG - 自動保存已禁用，跳過配置保存
2025-08-17 14:05:05,350 - VALO360 - DEBUG - 自動保存已禁用，跳過配置保存
2025-08-17 14:05:05,350 - VALO360 - DEBUG - 自動保存已禁用，跳過配置保存
2025-08-17 14:05:05,350 - VALO360 - DEBUG - 自動保存已禁用，跳過配置保存
2025-08-17 14:05:05,350 - VALO360 - DEBUG - 自動保存已禁用，跳過配置保存
2025-08-17 14:05:05,350 - VALO360 - DEBUG - 自動保存已禁用，跳過配置保存
2025-08-17 14:05:05,351 - VALO360 - DEBUG - 自動保存已禁用，跳過配置保存
2025-08-17 14:05:05,351 - VALO360 - DEBUG - 自動保存已禁用，跳過配置保存
2025-08-17 14:05:05,351 - VALO360 - DEBUG - 自動保存已禁用，跳過配置保存
2025-08-17 14:05:05,351 - VALO360 - DEBUG - 自動保存已禁用，跳過配置保存
2025-08-17 14:05:05,351 - VALO360 - DEBUG - 自動保存已禁用，跳過配置保存
2025-08-17 14:05:05,352 - VALO360 - DEBUG - 自動保存已禁用，跳過配置保存
2025-08-17 14:05:05,352 - VALO360 - DEBUG - 自動保存已禁用，跳過配置保存
2025-08-17 14:05:05,352 - VALO360 - DEBUG - 自動保存已禁用，跳過配置保存
2025-08-17 14:05:05,352 - VALO360 - DEBUG - 自動保存已禁用，跳過配置保存
2025-08-17 14:05:05,353 - VALO360 - DEBUG - 自動保存已禁用，跳過配置保存
2025-08-17 14:05:05,353 - VALO360 - DEBUG - 自動保存已禁用，跳過配置保存
2025-08-17 14:05:05,353 - VALO360 - DEBUG - 自動保存已禁用，跳過配置保存
2025-08-17 14:05:05,353 - VALO360 - DEBUG - 自動保存已禁用，跳過配置保存
2025-08-17 14:05:05,353 - VALO360 - DEBUG - 自動保存已禁用，跳過配置保存
2025-08-17 14:05:05,353 - VALO360 - DEBUG - 自動保存已禁用，跳過配置保存
2025-08-17 14:05:05,353 - VALO360 - DEBUG - 自動保存已禁用，跳過配置保存
2025-08-17 14:05:05,354 - VALO360 - DEBUG - 自動保存已禁用，跳過配置保存
2025-08-17 14:05:05,354 - VALO360 - DEBUG - 自動保存已禁用，跳過配置保存
2025-08-17 14:05:05,354 - VALO360 - DEBUG - 自動保存已禁用，跳過配置保存
2025-08-17 14:05:05,354 - VALO360 - DEBUG - 自動保存已禁用，跳過配置保存
2025-08-17 14:05:05,354 - VALO360 - DEBUG - 自動保存已禁用，跳過配置保存
2025-08-17 14:05:05,355 - VALO360 - DEBUG - 自動保存已禁用，跳過配置保存
2025-08-17 14:05:05,355 - VALO360 - DEBUG - 自動保存已禁用，跳過配置保存
2025-08-17 14:05:05,355 - VALO360 - DEBUG - 自動保存已禁用，跳過配置保存
2025-08-17 14:05:05,355 - VALO360 - DEBUG - 自動保存已禁用，跳過配置保存
2025-08-17 14:05:05,355 - VALO360 - DEBUG - 自動保存已禁用，跳過配置保存
2025-08-17 14:05:05,355 - VALO360 - DEBUG - 自動保存已禁用，跳過配置保存
2025-08-17 14:05:05,356 - VALO360 - DEBUG - 自動保存已禁用，跳過配置保存
2025-08-17 14:05:05,356 - VALO360 - DEBUG - 自動保存已禁用，跳過配置保存
2025-08-17 14:05:05,356 - VALO360 - DEBUG - 自動保存已禁用，跳過配置保存
2025-08-17 14:05:05,356 - VALO360 - DEBUG - 自動保存已禁用，跳過配置保存
2025-08-17 14:05:05,356 - VALO360 - DEBUG - 自動保存已禁用，跳過配置保存
2025-08-17 14:05:05,356 - VALO360 - DEBUG - 自動保存已禁用，跳過配置保存
2025-08-17 14:05:05,357 - VALO360 - DEBUG - 自動保存已禁用，跳過配置保存
2025-08-17 14:05:05,357 - VALO360 - DEBUG - 自動保存已禁用，跳過配置保存
2025-08-17 14:05:05,357 - VALO360 - DEBUG - 自動保存已禁用，跳過配置保存
2025-08-17 14:05:05,357 - VALO360 - DEBUG - 自動保存已禁用，跳過配置保存
2025-08-17 14:05:05,360 - VALO360 - DEBUG - 自動保存已禁用，跳過配置保存
2025-08-17 14:05:05,360 - VALO360 - DEBUG - 自動保存已禁用，跳過配置保存
2025-08-17 14:05:05,360 - VALO360 - DEBUG - 自動保存已禁用，跳過配置保存
2025-08-17 14:05:05,360 - VALO360 - DEBUG - 自動保存已禁用，跳過配置保存
2025-08-17 14:05:05,369 - VALO360 - DEBUG - 找到 3 個COM口: ['COM1', 'COM3', 'COM4']
2025-08-17 14:05:05,404 - VALO360 - DEBUG - 自動保存已禁用，跳過配置保存
2025-08-17 14:05:05,404 - VALO360 - DEBUG - 自動保存已禁用，跳過配置保存
2025-08-17 14:05:05,405 - VALO360 - DEBUG - 自動保存已禁用，跳過配置保存
2025-08-17 14:05:05,405 - VALO360 - DEBUG - 自動保存已禁用，跳過配置保存
2025-08-17 14:05:05,406 - VALO360 - DEBUG - 自動保存已禁用，跳過配置保存
2025-08-17 14:05:05,406 - VALO360 - DEBUG - 自動保存已禁用，跳過配置保存
2025-08-17 14:05:05,406 - VALO360 - DEBUG - 自動保存已禁用，跳過配置保存
2025-08-17 14:05:05,406 - VALO360 - DEBUG - 自動保存已禁用，跳過配置保存
2025-08-17 14:05:05,407 - VALO360 - DEBUG - 自動保存已禁用，跳過配置保存
2025-08-17 14:05:05,407 - VALO360 - DEBUG - 自動保存已禁用，跳過配置保存
2025-08-17 14:05:05,408 - VALO360 - DEBUG - 自動保存已禁用，跳過配置保存
2025-08-17 14:05:05,408 - VALO360 - DEBUG - 自動保存已禁用，跳過配置保存
2025-08-17 14:05:05,409 - VALO360 - DEBUG - 自動保存已禁用，跳過配置保存
2025-08-17 14:05:05,409 - VALO360 - DEBUG - 自動保存已禁用，跳過配置保存
2025-08-17 14:05:05,409 - VALO360 - DEBUG - 自動保存已禁用，跳過配置保存
2025-08-17 14:05:05,409 - VALO360 - DEBUG - 自動保存已禁用，跳過配置保存
2025-08-17 14:05:07,925 - VALO360 - DEBUG - 自動保存已禁用，跳過配置保存
2025-08-17 14:05:07,925 - VALO360 - DEBUG - 自動保存已禁用，跳過配置保存
2025-08-17 14:05:07,925 - VALO360 - DEBUG - 自動保存已禁用，跳過配置保存
2025-08-17 14:05:07,925 - VALO360 - DEBUG - 自動保存已禁用，跳過配置保存
2025-08-17 14:05:08,260 - VALO360 - DEBUG - 自動保存已禁用，跳過配置保存
2025-08-17 14:05:08,260 - VALO360 - DEBUG - 自動保存已禁用，跳過配置保存
2025-08-17 14:05:08,261 - VALO360 - DEBUG - 自動保存已禁用，跳過配置保存
2025-08-17 14:05:08,261 - VALO360 - DEBUG - 自動保存已禁用，跳過配置保存
2025-08-17 14:05:08,264 - VALO360 - DEBUG - 自動保存已禁用，跳過配置保存
2025-08-17 14:05:08,264 - VALO360 - DEBUG - 自動保存已禁用，跳過配置保存
2025-08-17 14:05:08,264 - VALO360 - DEBUG - 自動保存已禁用，跳過配置保存
2025-08-17 14:05:08,264 - VALO360 - DEBUG - 自動保存已禁用，跳過配置保存
2025-08-17 14:05:08,265 - VALO360 - DEBUG - 自動保存已禁用，跳過配置保存
2025-08-17 14:05:08,265 - VALO360 - DEBUG - 自動保存已禁用，跳過配置保存
2025-08-17 14:05:08,265 - VALO360 - DEBUG - 自動保存已禁用，跳過配置保存
2025-08-17 14:05:08,265 - VALO360 - DEBUG - 自動保存已禁用，跳過配置保存
2025-08-17 14:05:08,265 - VALO360 - DEBUG - 自動保存已禁用，跳過配置保存
2025-08-17 14:05:08,266 - VALO360 - DEBUG - 自動保存已禁用，跳過配置保存
2025-08-17 14:05:08,266 - VALO360 - DEBUG - 自動保存已禁用，跳過配置保存
2025-08-17 14:05:08,266 - VALO360 - DEBUG - 自動保存已禁用，跳過配置保存
2025-08-17 14:05:08,274 - VALO360 - DEBUG - 自動保存已禁用，跳過配置保存
2025-08-17 14:05:08,274 - VALO360 - DEBUG - 自動保存已禁用，跳過配置保存
2025-08-17 14:05:08,275 - VALO360 - DEBUG - 自動保存已禁用，跳過配置保存
2025-08-17 14:05:08,275 - VALO360 - DEBUG - 自動保存已禁用，跳過配置保存
2025-08-17 14:05:08,275 - VALO360 - DEBUG - 自動保存已禁用，跳過配置保存
2025-08-17 14:05:08,276 - VALO360 - DEBUG - 自動保存已禁用，跳過配置保存
2025-08-17 14:05:08,276 - VALO360 - DEBUG - 自動保存已禁用，跳過配置保存
2025-08-17 14:05:08,276 - VALO360 - DEBUG - 自動保存已禁用，跳過配置保存
2025-08-17 14:05:08,277 - VALO360 - DEBUG - 自動保存已禁用，跳過配置保存
2025-08-17 14:05:08,277 - VALO360 - DEBUG - 自動保存已禁用，跳過配置保存
2025-08-17 14:05:08,277 - VALO360 - DEBUG - 自動保存已禁用，跳過配置保存
2025-08-17 14:05:08,277 - VALO360 - DEBUG - 自動保存已禁用，跳過配置保存
2025-08-17 14:05:08,279 - VALO360 - DEBUG - 自動保存已禁用，跳過配置保存
2025-08-17 14:05:08,279 - VALO360 - DEBUG - 自動保存已禁用，跳過配置保存
2025-08-17 14:05:08,279 - VALO360 - DEBUG - 自動保存已禁用，跳過配置保存
2025-08-17 14:05:08,280 - VALO360 - DEBUG - 自動保存已禁用，跳過配置保存
2025-08-17 14:05:08,280 - VALO360 - DEBUG - 自動保存已禁用，跳過配置保存
2025-08-17 14:05:08,281 - VALO360 - DEBUG - 自動保存已禁用，跳過配置保存
2025-08-17 14:05:08,281 - VALO360 - DEBUG - 自動保存已禁用，跳過配置保存
2025-08-17 14:05:08,281 - VALO360 - DEBUG - 自動保存已禁用，跳過配置保存
2025-08-17 14:05:08,282 - VALO360 - DEBUG - 自動保存已禁用，跳過配置保存
2025-08-17 14:05:08,282 - VALO360 - DEBUG - 自動保存已禁用，跳過配置保存
2025-08-17 14:05:08,282 - VALO360 - DEBUG - 自動保存已禁用，跳過配置保存
2025-08-17 14:05:08,282 - VALO360 - DEBUG - 自動保存已禁用，跳過配置保存
2025-08-17 14:05:08,286 - VALO360 - DEBUG - 自動保存已禁用，跳過配置保存
2025-08-17 14:05:08,286 - VALO360 - DEBUG - 自動保存已禁用，跳過配置保存
2025-08-17 14:05:08,286 - VALO360 - DEBUG - 自動保存已禁用，跳過配置保存
2025-08-17 14:05:08,287 - VALO360 - DEBUG - 自動保存已禁用，跳過配置保存
2025-08-17 14:05:08,288 - VALO360 - DEBUG - 自動保存已禁用，跳過配置保存
2025-08-17 14:05:08,289 - VALO360 - DEBUG - 自動保存已禁用，跳過配置保存
2025-08-17 14:05:08,289 - VALO360 - DEBUG - 自動保存已禁用，跳過配置保存
2025-08-17 14:05:08,289 - VALO360 - DEBUG - 自動保存已禁用，跳過配置保存
2025-08-17 14:05:08,290 - VALO360 - DEBUG - 自動保存已禁用，跳過配置保存
2025-08-17 14:05:08,290 - VALO360 - DEBUG - 自動保存已禁用，跳過配置保存
2025-08-17 14:05:08,290 - VALO360 - DEBUG - 自動保存已禁用，跳過配置保存
2025-08-17 14:05:08,290 - VALO360 - DEBUG - 自動保存已禁用，跳過配置保存
2025-08-17 14:05:08,292 - VALO360 - DEBUG - 自動保存已禁用，跳過配置保存
2025-08-17 14:05:08,292 - VALO360 - DEBUG - 自動保存已禁用，跳過配置保存
2025-08-17 14:05:08,292 - VALO360 - DEBUG - 自動保存已禁用，跳過配置保存
2025-08-17 14:05:08,292 - VALO360 - DEBUG - 自動保存已禁用，跳過配置保存
2025-08-17 14:05:08,292 - VALO360 - DEBUG - 自動保存已禁用，跳過配置保存
2025-08-17 14:05:08,293 - VALO360 - DEBUG - 自動保存已禁用，跳過配置保存
2025-08-17 14:05:08,293 - VALO360 - DEBUG - 自動保存已禁用，跳過配置保存
2025-08-17 14:05:08,293 - VALO360 - DEBUG - 自動保存已禁用，跳過配置保存
2025-08-17 14:05:08,294 - VALO360 - DEBUG - 自動保存已禁用，跳過配置保存
2025-08-17 14:05:08,295 - VALO360 - DEBUG - 自動保存已禁用，跳過配置保存
2025-08-17 14:05:08,295 - VALO360 - DEBUG - 自動保存已禁用，跳過配置保存
2025-08-17 14:05:08,295 - VALO360 - DEBUG - 自動保存已禁用，跳過配置保存
2025-08-17 14:05:08,296 - VALO360 - DEBUG - 自動保存已禁用，跳過配置保存
2025-08-17 14:05:08,296 - VALO360 - DEBUG - 自動保存已禁用，跳過配置保存
2025-08-17 14:05:08,296 - VALO360 - DEBUG - 自動保存已禁用，跳過配置保存
2025-08-17 14:05:08,296 - VALO360 - DEBUG - 自動保存已禁用，跳過配置保存
2025-08-17 14:05:08,297 - VALO360 - DEBUG - 自動保存已禁用，跳過配置保存
2025-08-17 14:05:08,297 - VALO360 - DEBUG - 自動保存已禁用，跳過配置保存
2025-08-17 14:05:08,298 - VALO360 - DEBUG - 自動保存已禁用，跳過配置保存
2025-08-17 14:05:08,298 - VALO360 - DEBUG - 自動保存已禁用，跳過配置保存
2025-08-17 14:05:08,298 - VALO360 - DEBUG - 自動保存已禁用，跳過配置保存
2025-08-17 14:05:08,298 - VALO360 - DEBUG - 自動保存已禁用，跳過配置保存
2025-08-17 14:05:08,298 - VALO360 - DEBUG - 自動保存已禁用，跳過配置保存
2025-08-17 14:05:08,298 - VALO360 - DEBUG - 自動保存已禁用，跳過配置保存
2025-08-17 14:05:08,299 - VALO360 - DEBUG - 自動保存已禁用，跳過配置保存
2025-08-17 14:05:08,299 - VALO360 - DEBUG - 自動保存已禁用，跳過配置保存
2025-08-17 14:05:08,300 - VALO360 - DEBUG - 自動保存已禁用，跳過配置保存
2025-08-17 14:05:08,300 - VALO360 - DEBUG - 自動保存已禁用，跳過配置保存
2025-08-17 14:05:08,300 - VALO360 - DEBUG - 自動保存已禁用，跳過配置保存
2025-08-17 14:05:08,300 - VALO360 - DEBUG - 自動保存已禁用，跳過配置保存
2025-08-17 14:05:08,301 - VALO360 - DEBUG - 自動保存已禁用，跳過配置保存
2025-08-17 14:05:08,301 - VALO360 - DEBUG - 自動保存已禁用，跳過配置保存
2025-08-17 14:05:08,301 - VALO360 - DEBUG - 自動保存已禁用，跳過配置保存
2025-08-17 14:05:08,302 - VALO360 - DEBUG - 自動保存已禁用，跳過配置保存
2025-08-17 14:05:08,302 - VALO360 - DEBUG - 自動保存已禁用，跳過配置保存
2025-08-17 14:05:08,302 - VALO360 - DEBUG - 自動保存已禁用，跳過配置保存
2025-08-17 14:05:08,303 - VALO360 - DEBUG - 自動保存已禁用，跳過配置保存
2025-08-17 14:05:08,304 - VALO360 - DEBUG - 自動保存已禁用，跳過配置保存
2025-08-17 14:05:08,304 - VALO360 - DEBUG - 自動保存已禁用，跳過配置保存
2025-08-17 14:05:08,304 - VALO360 - DEBUG - 自動保存已禁用，跳過配置保存
2025-08-17 14:05:08,305 - VALO360 - DEBUG - 自動保存已禁用，跳過配置保存
2025-08-17 14:05:08,305 - VALO360 - DEBUG - 自動保存已禁用，跳過配置保存
2025-08-17 14:05:08,305 - VALO360 - DEBUG - 自動保存已禁用，跳過配置保存
2025-08-17 14:05:08,305 - VALO360 - DEBUG - 自動保存已禁用，跳過配置保存
2025-08-17 14:05:08,306 - VALO360 - DEBUG - 自動保存已禁用，跳過配置保存
2025-08-17 14:05:08,306 - VALO360 - DEBUG - 自動保存已禁用，跳過配置保存
2025-08-17 14:05:08,306 - VALO360 - DEBUG - 自動保存已禁用，跳過配置保存
2025-08-17 14:05:08,306 - VALO360 - DEBUG - 自動保存已禁用，跳過配置保存
2025-08-17 14:05:08,308 - VALO360 - DEBUG - 自動保存已禁用，跳過配置保存
2025-08-17 14:05:08,309 - VALO360 - DEBUG - 自動保存已禁用，跳過配置保存
2025-08-17 14:05:08,309 - VALO360 - DEBUG - 自動保存已禁用，跳過配置保存
2025-08-17 14:05:08,309 - VALO360 - DEBUG - 自動保存已禁用，跳過配置保存
2025-08-17 14:05:08,309 - VALO360 - DEBUG - 自動保存已禁用，跳過配置保存
2025-08-17 14:05:08,309 - VALO360 - DEBUG - 自動保存已禁用，跳過配置保存
2025-08-17 14:05:08,310 - VALO360 - DEBUG - 自動保存已禁用，跳過配置保存
2025-08-17 14:05:08,310 - VALO360 - DEBUG - 自動保存已禁用，跳過配置保存
2025-08-17 14:05:08,312 - VALO360 - DEBUG - 自動保存已禁用，跳過配置保存
2025-08-17 14:05:08,312 - VALO360 - DEBUG - 自動保存已禁用，跳過配置保存
2025-08-17 14:05:08,312 - VALO360 - DEBUG - 自動保存已禁用，跳過配置保存
2025-08-17 14:05:08,312 - VALO360 - DEBUG - 自動保存已禁用，跳過配置保存
2025-08-17 14:05:08,313 - VALO360 - DEBUG - 自動保存已禁用，跳過配置保存
2025-08-17 14:05:08,313 - VALO360 - DEBUG - 自動保存已禁用，跳過配置保存
2025-08-17 14:05:08,313 - VALO360 - DEBUG - 自動保存已禁用，跳過配置保存
2025-08-17 14:05:08,313 - VALO360 - DEBUG - 自動保存已禁用，跳過配置保存
2025-08-17 14:05:08,314 - VALO360 - DEBUG - 自動保存已禁用，跳過配置保存
2025-08-17 14:05:08,314 - VALO360 - DEBUG - 自動保存已禁用，跳過配置保存
2025-08-17 14:05:08,314 - VALO360 - DEBUG - 自動保存已禁用，跳過配置保存
2025-08-17 14:05:08,315 - VALO360 - DEBUG - 自動保存已禁用，跳過配置保存
2025-08-17 14:05:08,315 - VALO360 - DEBUG - 自動保存已禁用，跳過配置保存
2025-08-17 14:05:08,315 - VALO360 - DEBUG - 自動保存已禁用，跳過配置保存
2025-08-17 14:05:08,316 - VALO360 - DEBUG - 自動保存已禁用，跳過配置保存
2025-08-17 14:05:08,316 - VALO360 - DEBUG - 自動保存已禁用，跳過配置保存
2025-08-17 14:05:08,316 - VALO360 - DEBUG - 自動保存已禁用，跳過配置保存
2025-08-17 14:05:08,317 - VALO360 - DEBUG - 自動保存已禁用，跳過配置保存
2025-08-17 14:05:08,317 - VALO360 - DEBUG - 自動保存已禁用，跳過配置保存
2025-08-17 14:05:08,317 - VALO360 - DEBUG - 自動保存已禁用，跳過配置保存
2025-08-17 14:05:08,317 - VALO360 - DEBUG - 自動保存已禁用，跳過配置保存
2025-08-17 14:05:08,318 - VALO360 - DEBUG - 自動保存已禁用，跳過配置保存
2025-08-17 14:05:08,318 - VALO360 - DEBUG - 自動保存已禁用，跳過配置保存
2025-08-17 14:05:08,318 - VALO360 - DEBUG - 自動保存已禁用，跳過配置保存
2025-08-17 14:05:08,324 - VALO360 - DEBUG - 自動保存已禁用，跳過配置保存
2025-08-17 14:05:08,324 - VALO360 - DEBUG - 自動保存已禁用，跳過配置保存
2025-08-17 14:05:08,324 - VALO360 - DEBUG - 自動保存已禁用，跳過配置保存
2025-08-17 14:05:08,324 - VALO360 - DEBUG - 自動保存已禁用，跳過配置保存
2025-08-17 14:05:08,325 - VALO360 - DEBUG - 自動保存已禁用，跳過配置保存
2025-08-17 14:05:08,325 - VALO360 - DEBUG - 自動保存已禁用，跳過配置保存
2025-08-17 14:05:08,325 - VALO360 - DEBUG - 自動保存已禁用，跳過配置保存
2025-08-17 14:05:08,325 - VALO360 - DEBUG - 自動保存已禁用，跳過配置保存
2025-08-17 14:05:08,583 - VALO360 - DEBUG - 自動保存已禁用，跳過配置保存
2025-08-17 14:05:08,583 - VALO360 - DEBUG - 自動保存已禁用，跳過配置保存
2025-08-17 14:05:08,583 - VALO360 - DEBUG - 自動保存已禁用，跳過配置保存
2025-08-17 14:05:08,583 - VALO360 - DEBUG - 自動保存已禁用，跳過配置保存
2025-08-17 14:05:08,587 - VALO360 - DEBUG - 自動保存已禁用，跳過配置保存
2025-08-17 14:05:08,587 - VALO360 - DEBUG - 自動保存已禁用，跳過配置保存
2025-08-17 14:05:08,587 - VALO360 - DEBUG - 自動保存已禁用，跳過配置保存
2025-08-17 14:05:08,587 - VALO360 - DEBUG - 自動保存已禁用，跳過配置保存
2025-08-17 14:05:08,596 - VALO360 - DEBUG - 自動保存已禁用，跳過配置保存
2025-08-17 14:05:08,597 - VALO360 - DEBUG - 自動保存已禁用，跳過配置保存
2025-08-17 14:05:08,597 - VALO360 - DEBUG - 自動保存已禁用，跳過配置保存
2025-08-17 14:05:08,597 - VALO360 - DEBUG - 自動保存已禁用，跳過配置保存
2025-08-17 14:05:08,598 - VALO360 - DEBUG - 自動保存已禁用，跳過配置保存
2025-08-17 14:05:08,598 - VALO360 - DEBUG - 自動保存已禁用，跳過配置保存
2025-08-17 14:05:08,598 - VALO360 - DEBUG - 自動保存已禁用，跳過配置保存
2025-08-17 14:05:08,598 - VALO360 - DEBUG - 自動保存已禁用，跳過配置保存
2025-08-17 14:05:08,599 - VALO360 - DEBUG - 自動保存已禁用，跳過配置保存
2025-08-17 14:05:08,599 - VALO360 - DEBUG - 自動保存已禁用，跳過配置保存
2025-08-17 14:05:08,599 - VALO360 - DEBUG - 自動保存已禁用，跳過配置保存
2025-08-17 14:05:08,599 - VALO360 - DEBUG - 自動保存已禁用，跳過配置保存
2025-08-17 14:05:08,600 - VALO360 - DEBUG - 自動保存已禁用，跳過配置保存
2025-08-17 14:05:08,600 - VALO360 - DEBUG - 自動保存已禁用，跳過配置保存
2025-08-17 14:05:08,600 - VALO360 - DEBUG - 自動保存已禁用，跳過配置保存
2025-08-17 14:05:08,601 - VALO360 - DEBUG - 自動保存已禁用，跳過配置保存
2025-08-17 14:05:08,602 - VALO360 - DEBUG - 自動保存已禁用，跳過配置保存
2025-08-17 14:05:08,603 - VALO360 - DEBUG - 自動保存已禁用，跳過配置保存
2025-08-17 14:05:08,603 - VALO360 - DEBUG - 自動保存已禁用，跳過配置保存
2025-08-17 14:05:08,603 - VALO360 - DEBUG - 自動保存已禁用，跳過配置保存
2025-08-17 14:05:08,605 - VALO360 - DEBUG - 自動保存已禁用，跳過配置保存
2025-08-17 14:05:08,605 - VALO360 - DEBUG - 自動保存已禁用，跳過配置保存
2025-08-17 14:05:08,605 - VALO360 - DEBUG - 自動保存已禁用，跳過配置保存
2025-08-17 14:05:08,605 - VALO360 - DEBUG - 自動保存已禁用，跳過配置保存
2025-08-17 14:05:08,606 - VALO360 - DEBUG - 自動保存已禁用，跳過配置保存
2025-08-17 14:05:08,606 - VALO360 - DEBUG - 自動保存已禁用，跳過配置保存
2025-08-17 14:05:08,606 - VALO360 - DEBUG - 自動保存已禁用，跳過配置保存
2025-08-17 14:05:08,606 - VALO360 - DEBUG - 自動保存已禁用，跳過配置保存
2025-08-17 14:05:08,607 - VALO360 - DEBUG - 自動保存已禁用，跳過配置保存
2025-08-17 14:05:08,607 - VALO360 - DEBUG - 自動保存已禁用，跳過配置保存
2025-08-17 14:05:08,607 - VALO360 - DEBUG - 自動保存已禁用，跳過配置保存
2025-08-17 14:05:08,607 - VALO360 - DEBUG - 自動保存已禁用，跳過配置保存
2025-08-17 14:05:08,608 - VALO360 - DEBUG - 自動保存已禁用，跳過配置保存
2025-08-17 14:05:08,608 - VALO360 - DEBUG - 自動保存已禁用，跳過配置保存
2025-08-17 14:05:08,609 - VALO360 - DEBUG - 自動保存已禁用，跳過配置保存
2025-08-17 14:05:08,609 - VALO360 - DEBUG - 自動保存已禁用，跳過配置保存
2025-08-17 14:05:08,610 - VALO360 - DEBUG - 自動保存已禁用，跳過配置保存
2025-08-17 14:05:08,610 - VALO360 - DEBUG - 自動保存已禁用，跳過配置保存
2025-08-17 14:05:08,610 - VALO360 - DEBUG - 自動保存已禁用，跳過配置保存
2025-08-17 14:05:08,610 - VALO360 - DEBUG - 自動保存已禁用，跳過配置保存
2025-08-17 14:05:08,611 - VALO360 - DEBUG - 自動保存已禁用，跳過配置保存
2025-08-17 14:05:08,611 - VALO360 - DEBUG - 自動保存已禁用，跳過配置保存
2025-08-17 14:05:08,611 - VALO360 - DEBUG - 自動保存已禁用，跳過配置保存
2025-08-17 14:05:08,611 - VALO360 - DEBUG - 自動保存已禁用，跳過配置保存
2025-08-17 14:05:08,614 - VALO360 - DEBUG - 自動保存已禁用，跳過配置保存
2025-08-17 14:05:08,614 - VALO360 - DEBUG - 自動保存已禁用，跳過配置保存
2025-08-17 14:05:08,614 - VALO360 - DEBUG - 自動保存已禁用，跳過配置保存
2025-08-17 14:05:08,615 - VALO360 - DEBUG - 自動保存已禁用，跳過配置保存
2025-08-17 14:05:08,618 - VALO360 - DEBUG - 自動保存已禁用，跳過配置保存
2025-08-17 14:05:08,618 - VALO360 - DEBUG - 自動保存已禁用，跳過配置保存
2025-08-17 14:05:08,618 - VALO360 - DEBUG - 自動保存已禁用，跳過配置保存
2025-08-17 14:05:08,618 - VALO360 - DEBUG - 自動保存已禁用，跳過配置保存
2025-08-17 14:05:08,619 - VALO360 - DEBUG - 自動保存已禁用，跳過配置保存
2025-08-17 14:05:08,619 - VALO360 - DEBUG - 自動保存已禁用，跳過配置保存
2025-08-17 14:05:08,619 - VALO360 - DEBUG - 自動保存已禁用，跳過配置保存
2025-08-17 14:05:08,620 - VALO360 - DEBUG - 自動保存已禁用，跳過配置保存
2025-08-17 14:05:08,886 - VALO360 - DEBUG - 自動保存已禁用，跳過配置保存
2025-08-17 14:05:08,886 - VALO360 - DEBUG - 自動保存已禁用，跳過配置保存
2025-08-17 14:05:08,886 - VALO360 - DEBUG - 自動保存已禁用，跳過配置保存
2025-08-17 14:05:08,886 - VALO360 - DEBUG - 自動保存已禁用，跳過配置保存
2025-08-17 14:05:09,399 - VALO360 - DEBUG - 自動保存已禁用，跳過配置保存
2025-08-17 14:05:09,399 - VALO360 - DEBUG - 自動保存已禁用，跳過配置保存
2025-08-17 14:05:09,399 - VALO360 - DEBUG - 自動保存已禁用，跳過配置保存
2025-08-17 14:05:09,399 - VALO360 - DEBUG - 自動保存已禁用，跳過配置保存
2025-08-17 14:05:09,415 - VALO360 - DEBUG - 找到 3 個COM口: ['COM1', 'COM3', 'COM4']
2025-08-17 14:05:13,359 - VALO360 - DEBUG - 自動保存已禁用，跳過配置保存
2025-08-17 14:05:14,860 - VALO360 - DEBUG - 自動保存已禁用，跳過配置保存
2025-08-17 14:05:14,860 - VALO360 - DEBUG - 自動保存已禁用，跳過配置保存
2025-08-17 14:05:14,860 - VALO360 - DEBUG - 自動保存已禁用，跳過配置保存
2025-08-17 14:05:14,860 - VALO360 - DEBUG - 自動保存已禁用，跳過配置保存
2025-08-17 14:05:15,209 - VALO360 - DEBUG - 自動保存已禁用，跳過配置保存
2025-08-17 14:05:15,209 - VALO360 - DEBUG - 自動保存已禁用，跳過配置保存
2025-08-17 14:05:15,209 - VALO360 - DEBUG - 自動保存已禁用，跳過配置保存
2025-08-17 14:05:15,209 - VALO360 - DEBUG - 自動保存已禁用，跳過配置保存
2025-08-17 14:05:15,946 - VALO360 - DEBUG - 自動保存已禁用，跳過配置保存
2025-08-17 14:05:15,946 - VALO360 - DEBUG - 自動保存已禁用，跳過配置保存
2025-08-17 14:05:15,946 - VALO360 - DEBUG - 自動保存已禁用，跳過配置保存
2025-08-17 14:05:15,946 - VALO360 - DEBUG - 自動保存已禁用，跳過配置保存
2025-08-17 14:05:16,761 - VALO360 - DEBUG - 自動保存已禁用，跳過配置保存
2025-08-17 14:05:16,762 - VALO360 - DEBUG - 自動保存已禁用，跳過配置保存
2025-08-17 14:05:16,762 - VALO360 - DEBUG - 自動保存已禁用，跳過配置保存
2025-08-17 14:05:16,762 - VALO360 - DEBUG - 自動保存已禁用，跳過配置保存
2025-08-17 14:05:17,468 - VALO360 - DEBUG - 自動保存已禁用，跳過配置保存
2025-08-17 14:05:17,468 - VALO360 - DEBUG - 自動保存已禁用，跳過配置保存
2025-08-17 14:05:17,468 - VALO360 - DEBUG - 自動保存已禁用，跳過配置保存
2025-08-17 14:05:17,468 - VALO360 - DEBUG - 自動保存已禁用，跳過配置保存
2025-08-17 14:05:21,586 - VALO360 - DEBUG - 自動保存已禁用，跳過配置保存
2025-08-17 14:05:21,587 - VALO360 - DEBUG - 自動保存已禁用，跳過配置保存
2025-08-17 14:05:21,587 - VALO360 - DEBUG - 自動保存已禁用，跳過配置保存
2025-08-17 14:05:21,587 - VALO360 - DEBUG - 自動保存已禁用，跳過配置保存
2025-08-17 14:05:22,820 - VALO360 - DEBUG - 自動保存已禁用，跳過配置保存
2025-08-17 14:05:22,820 - VALO360 - DEBUG - 自動保存已禁用，跳過配置保存
2025-08-17 14:05:22,821 - VALO360 - DEBUG - 自動保存已禁用，跳過配置保存
2025-08-17 14:05:22,821 - VALO360 - DEBUG - 自動保存已禁用，跳過配置保存
2025-08-17 14:05:23,351 - VALO360 - DEBUG - 自動保存已禁用，跳過配置保存
2025-08-17 14:05:23,351 - VALO360 - DEBUG - 自動保存已禁用，跳過配置保存
2025-08-17 14:05:23,351 - VALO360 - DEBUG - 自動保存已禁用，跳過配置保存
2025-08-17 14:05:23,351 - VALO360 - DEBUG - 自動保存已禁用，跳過配置保存
2025-08-17 14:05:24,190 - VALO360 - DEBUG - 自動保存已禁用，跳過配置保存
2025-08-17 14:05:24,191 - VALO360 - DEBUG - 自動保存已禁用，跳過配置保存
2025-08-17 14:05:24,191 - VALO360 - DEBUG - 自動保存已禁用，跳過配置保存
2025-08-17 14:05:24,191 - VALO360 - DEBUG - 自動保存已禁用，跳過配置保存
2025-08-17 14:05:26,107 - VALO360 - DEBUG - 配置已備份至: backup\setup_backup_20250817_140526.json
2025-08-17 14:05:26,119 - VALO360 - DEBUG - 配置保存成功
2025-08-17 14:05:26,123 - VALO360 - DEBUG - 配置已備份至: backup\setup_backup_20250817_140526.json
2025-08-17 14:05:26,134 - VALO360 - DEBUG - 配置保存成功
2025-08-17 14:05:26,135 - VALO360 - DEBUG - 自動保存已禁用，跳過配置保存
2025-08-17 14:05:26,135 - VALO360 - INFO - 程式關閉時已保存所有待保存的設定
2025-08-17 14:05:26,135 - VALO360 - INFO - 程式正常關閉
2025-08-17 14:05:26,177 - VALO360 - INFO - 資源清理完成
2025-08-17 14:05:26,177 - VALO360 - INFO - 應用程式資源清理完成
