2025-08-06 16:57:42,986 - VALO360 - DEBUG - 找到指令檔: D:\((Python TOOL\指令工具-20250428T020034Z-001\CODE_HERE2\dist\Command_TABLE\command.txt
2025-08-06 16:57:43,017 - VALO360 - INFO - 成功載入 94 個指令
2025-08-06 16:57:43,023 - VALO360 - INFO - 運行日誌: main.py 啟動
2025-08-06 16:57:43,023 - VALO360 - INFO - 指令通主程式啟動
2025-08-06 16:57:43,023 - VALO360 - INFO - 運行日誌: 成功 import TabManager
2025-08-06 16:57:43,023 - VALO360 - INFO - UI模組導入成功
2025-08-06 16:57:43,023 - VALO360 - INFO - 日誌系統初始化完成
2025-08-06 16:57:43,023 - VALO360 - DEBUG - ConfigManager: 自動保存已禁用
2025-08-06 16:57:43,023 - VALO360 - INFO - ConfigManager自動保存已禁用
2025-08-06 16:57:43,023 - VALO360 - INFO - 未找到關鍵字高亮設定文件，使用空設定
2025-08-06 16:57:43,200 - VALO360 - DEBUG - 配置已備份至: backup\setup_backup_20250806_165743.json
2025-08-06 16:57:43,202 - VALO360 - DEBUG - 配置載入成功
2025-08-06 16:57:43,202 - VALO360 - INFO - 統一設定管理器已初始化
2025-08-06 16:57:43,260 - VALO360 - DEBUG - 找到 4 個COM口: ['COM9 - AT PORT', 'COM8 - NMEA PORT', 'COM7 - DM PORT', 'COM3']
2025-08-06 16:57:44,395 - VALO360 - DEBUG - 找到 4 個COM口: ['COM9 - AT PORT', 'COM8 - NMEA PORT', 'COM7 - DM PORT', 'COM3']
2025-08-06 16:57:45,153 - VALO360 - INFO - 圖示檔案不存在: C:\Users\PEGA_U~1\AppData\Local\Temp\_MEI82602\assets\icon.ico
2025-08-06 16:57:45,153 - VALO360 - INFO - 視窗設置完成: PEGA指令通_1.9.2 (1522x741)
2025-08-06 16:57:45,153 - VALO360 - INFO - 程式啟動時更新標籤頁名稱
2025-08-06 16:57:45,153 - VALO360 - INFO - 應用程式啟動完成，進入主循環
2025-08-06 16:57:45,161 - VALO360 - DEBUG - 找到 4 個COM口: ['COM9 - AT PORT', 'COM8 - NMEA PORT', 'COM7 - DM PORT', 'COM3']
2025-08-06 16:57:45,204 - VALO360 - DEBUG - 自動保存已禁用，跳過配置保存
2025-08-06 16:57:45,205 - VALO360 - DEBUG - 自動保存已禁用，跳過配置保存
2025-08-06 16:57:45,206 - VALO360 - DEBUG - 自動保存已禁用，跳過配置保存
2025-08-06 16:57:45,206 - VALO360 - DEBUG - 自動保存已禁用，跳過配置保存
2025-08-06 16:57:45,208 - VALO360 - DEBUG - 自動保存已禁用，跳過配置保存
2025-08-06 16:57:45,209 - VALO360 - DEBUG - 自動保存已禁用，跳過配置保存
2025-08-06 16:57:45,209 - VALO360 - DEBUG - 自動保存已禁用，跳過配置保存
2025-08-06 16:57:45,211 - VALO360 - DEBUG - 自動保存已禁用，跳過配置保存
2025-08-06 16:57:45,212 - VALO360 - DEBUG - 自動保存已禁用，跳過配置保存
2025-08-06 16:57:45,213 - VALO360 - DEBUG - 自動保存已禁用，跳過配置保存
2025-08-06 16:57:45,213 - VALO360 - DEBUG - 自動保存已禁用，跳過配置保存
2025-08-06 16:57:45,214 - VALO360 - DEBUG - 自動保存已禁用，跳過配置保存
2025-08-06 16:57:45,215 - VALO360 - DEBUG - 自動保存已禁用，跳過配置保存
2025-08-06 16:57:45,216 - VALO360 - DEBUG - 自動保存已禁用，跳過配置保存
2025-08-06 16:57:45,216 - VALO360 - DEBUG - 自動保存已禁用，跳過配置保存
2025-08-06 16:57:45,216 - VALO360 - DEBUG - 自動保存已禁用，跳過配置保存
2025-08-06 16:57:45,217 - VALO360 - DEBUG - 自動保存已禁用，跳過配置保存
2025-08-06 16:57:45,218 - VALO360 - DEBUG - 自動保存已禁用，跳過配置保存
2025-08-06 16:57:45,218 - VALO360 - DEBUG - 自動保存已禁用，跳過配置保存
2025-08-06 16:57:45,219 - VALO360 - DEBUG - 自動保存已禁用，跳過配置保存
2025-08-06 16:57:45,220 - VALO360 - DEBUG - 自動保存已禁用，跳過配置保存
2025-08-06 16:57:45,221 - VALO360 - DEBUG - 自動保存已禁用，跳過配置保存
2025-08-06 16:57:45,221 - VALO360 - DEBUG - 自動保存已禁用，跳過配置保存
2025-08-06 16:57:45,222 - VALO360 - DEBUG - 自動保存已禁用，跳過配置保存
2025-08-06 16:57:45,223 - VALO360 - DEBUG - 自動保存已禁用，跳過配置保存
2025-08-06 16:57:45,224 - VALO360 - DEBUG - 自動保存已禁用，跳過配置保存
2025-08-06 16:57:45,225 - VALO360 - DEBUG - 自動保存已禁用，跳過配置保存
2025-08-06 16:57:45,225 - VALO360 - DEBUG - 自動保存已禁用，跳過配置保存
2025-08-06 16:57:45,226 - VALO360 - DEBUG - 自動保存已禁用，跳過配置保存
2025-08-06 16:57:45,227 - VALO360 - DEBUG - 自動保存已禁用，跳過配置保存
2025-08-06 16:57:45,228 - VALO360 - DEBUG - 自動保存已禁用，跳過配置保存
2025-08-06 16:57:45,228 - VALO360 - DEBUG - 自動保存已禁用，跳過配置保存
2025-08-06 16:57:45,229 - VALO360 - DEBUG - 自動保存已禁用，跳過配置保存
2025-08-06 16:57:45,230 - VALO360 - DEBUG - 自動保存已禁用，跳過配置保存
2025-08-06 16:57:45,230 - VALO360 - DEBUG - 自動保存已禁用，跳過配置保存
2025-08-06 16:57:45,231 - VALO360 - DEBUG - 自動保存已禁用，跳過配置保存
2025-08-06 16:57:45,232 - VALO360 - DEBUG - 自動保存已禁用，跳過配置保存
2025-08-06 16:57:45,232 - VALO360 - DEBUG - 自動保存已禁用，跳過配置保存
2025-08-06 16:57:45,233 - VALO360 - DEBUG - 自動保存已禁用，跳過配置保存
2025-08-06 16:57:45,233 - VALO360 - DEBUG - 自動保存已禁用，跳過配置保存
2025-08-06 16:57:45,235 - VALO360 - DEBUG - 自動保存已禁用，跳過配置保存
2025-08-06 16:57:45,236 - VALO360 - DEBUG - 自動保存已禁用，跳過配置保存
2025-08-06 16:57:45,236 - VALO360 - DEBUG - 自動保存已禁用，跳過配置保存
2025-08-06 16:57:45,236 - VALO360 - DEBUG - 自動保存已禁用，跳過配置保存
2025-08-06 16:57:45,237 - VALO360 - DEBUG - 自動保存已禁用，跳過配置保存
2025-08-06 16:57:45,238 - VALO360 - DEBUG - 自動保存已禁用，跳過配置保存
2025-08-06 16:57:45,238 - VALO360 - DEBUG - 自動保存已禁用，跳過配置保存
2025-08-06 16:57:45,238 - VALO360 - DEBUG - 自動保存已禁用，跳過配置保存
2025-08-06 16:57:45,239 - VALO360 - DEBUG - 自動保存已禁用，跳過配置保存
2025-08-06 16:57:45,239 - VALO360 - DEBUG - 自動保存已禁用，跳過配置保存
2025-08-06 16:57:45,239 - VALO360 - DEBUG - 自動保存已禁用，跳過配置保存
2025-08-06 16:57:45,240 - VALO360 - DEBUG - 自動保存已禁用，跳過配置保存
2025-08-06 16:57:45,242 - VALO360 - DEBUG - 自動保存已禁用，跳過配置保存
2025-08-06 16:57:45,242 - VALO360 - DEBUG - 自動保存已禁用，跳過配置保存
2025-08-06 16:57:45,242 - VALO360 - DEBUG - 自動保存已禁用，跳過配置保存
2025-08-06 16:57:45,243 - VALO360 - DEBUG - 自動保存已禁用，跳過配置保存
2025-08-06 16:57:45,244 - VALO360 - DEBUG - 自動保存已禁用，跳過配置保存
2025-08-06 16:57:45,244 - VALO360 - DEBUG - 自動保存已禁用，跳過配置保存
2025-08-06 16:57:45,245 - VALO360 - DEBUG - 自動保存已禁用，跳過配置保存
2025-08-06 16:57:45,245 - VALO360 - DEBUG - 自動保存已禁用，跳過配置保存
2025-08-06 16:57:45,247 - VALO360 - DEBUG - 自動保存已禁用，跳過配置保存
2025-08-06 16:57:45,252 - VALO360 - DEBUG - 自動保存已禁用，跳過配置保存
2025-08-06 16:57:45,252 - VALO360 - DEBUG - 自動保存已禁用，跳過配置保存
2025-08-06 16:57:45,253 - VALO360 - DEBUG - 自動保存已禁用，跳過配置保存
2025-08-06 16:57:45,254 - VALO360 - DEBUG - 自動保存已禁用，跳過配置保存
2025-08-06 16:57:45,254 - VALO360 - DEBUG - 自動保存已禁用，跳過配置保存
2025-08-06 16:57:45,255 - VALO360 - DEBUG - 自動保存已禁用，跳過配置保存
2025-08-06 16:57:45,255 - VALO360 - DEBUG - 自動保存已禁用，跳過配置保存
2025-08-06 16:57:45,256 - VALO360 - DEBUG - 自動保存已禁用，跳過配置保存
2025-08-06 16:57:45,256 - VALO360 - DEBUG - 自動保存已禁用，跳過配置保存
2025-08-06 16:57:45,257 - VALO360 - DEBUG - 自動保存已禁用，跳過配置保存
2025-08-06 16:57:45,257 - VALO360 - DEBUG - 自動保存已禁用，跳過配置保存
2025-08-06 16:57:45,258 - VALO360 - DEBUG - 自動保存已禁用，跳過配置保存
2025-08-06 16:57:45,258 - VALO360 - DEBUG - 自動保存已禁用，跳過配置保存
2025-08-06 16:57:45,259 - VALO360 - DEBUG - 自動保存已禁用，跳過配置保存
2025-08-06 16:57:45,259 - VALO360 - DEBUG - 自動保存已禁用，跳過配置保存
2025-08-06 16:57:45,260 - VALO360 - DEBUG - 自動保存已禁用，跳過配置保存
2025-08-06 16:57:45,260 - VALO360 - DEBUG - 自動保存已禁用，跳過配置保存
2025-08-06 16:57:45,260 - VALO360 - DEBUG - 自動保存已禁用，跳過配置保存
2025-08-06 16:57:45,260 - VALO360 - DEBUG - 自動保存已禁用，跳過配置保存
2025-08-06 16:57:45,261 - VALO360 - DEBUG - 自動保存已禁用，跳過配置保存
2025-08-06 16:57:45,261 - VALO360 - DEBUG - 自動保存已禁用，跳過配置保存
2025-08-06 16:57:45,261 - VALO360 - DEBUG - 自動保存已禁用，跳過配置保存
2025-08-06 16:57:45,263 - VALO360 - DEBUG - 自動保存已禁用，跳過配置保存
2025-08-06 16:57:45,263 - VALO360 - DEBUG - 自動保存已禁用，跳過配置保存
2025-08-06 16:57:45,264 - VALO360 - DEBUG - 自動保存已禁用，跳過配置保存
2025-08-06 16:57:45,264 - VALO360 - DEBUG - 自動保存已禁用，跳過配置保存
2025-08-06 16:57:45,264 - VALO360 - DEBUG - 自動保存已禁用，跳過配置保存
2025-08-06 16:57:45,265 - VALO360 - DEBUG - 自動保存已禁用，跳過配置保存
2025-08-06 16:57:45,265 - VALO360 - DEBUG - 自動保存已禁用，跳過配置保存
2025-08-06 16:57:45,265 - VALO360 - DEBUG - 自動保存已禁用，跳過配置保存
2025-08-06 16:57:45,266 - VALO360 - DEBUG - 自動保存已禁用，跳過配置保存
2025-08-06 16:57:45,266 - VALO360 - DEBUG - 自動保存已禁用，跳過配置保存
2025-08-06 16:57:45,267 - VALO360 - DEBUG - 自動保存已禁用，跳過配置保存
2025-08-06 16:57:45,267 - VALO360 - DEBUG - 自動保存已禁用，跳過配置保存
2025-08-06 16:57:45,267 - VALO360 - DEBUG - 自動保存已禁用，跳過配置保存
2025-08-06 16:57:45,267 - VALO360 - DEBUG - 自動保存已禁用，跳過配置保存
2025-08-06 16:57:45,268 - VALO360 - DEBUG - 自動保存已禁用，跳過配置保存
2025-08-06 16:57:45,268 - VALO360 - DEBUG - 自動保存已禁用，跳過配置保存
2025-08-06 16:57:45,268 - VALO360 - DEBUG - 自動保存已禁用，跳過配置保存
2025-08-06 16:57:45,269 - VALO360 - DEBUG - 自動保存已禁用，跳過配置保存
2025-08-06 16:57:45,269 - VALO360 - DEBUG - 自動保存已禁用，跳過配置保存
2025-08-06 16:57:45,269 - VALO360 - DEBUG - 自動保存已禁用，跳過配置保存
2025-08-06 16:57:45,271 - VALO360 - DEBUG - 自動保存已禁用，跳過配置保存
2025-08-06 16:57:45,271 - VALO360 - DEBUG - 自動保存已禁用，跳過配置保存
2025-08-06 16:57:45,272 - VALO360 - DEBUG - 自動保存已禁用，跳過配置保存
2025-08-06 16:57:45,272 - VALO360 - DEBUG - 自動保存已禁用，跳過配置保存
2025-08-06 16:57:45,272 - VALO360 - DEBUG - 自動保存已禁用，跳過配置保存
2025-08-06 16:57:45,273 - VALO360 - DEBUG - 自動保存已禁用，跳過配置保存
2025-08-06 16:57:45,273 - VALO360 - DEBUG - 自動保存已禁用，跳過配置保存
2025-08-06 16:57:45,273 - VALO360 - DEBUG - 自動保存已禁用，跳過配置保存
2025-08-06 16:57:45,274 - VALO360 - DEBUG - 自動保存已禁用，跳過配置保存
2025-08-06 16:57:45,275 - VALO360 - DEBUG - 自動保存已禁用，跳過配置保存
2025-08-06 16:57:45,275 - VALO360 - DEBUG - 自動保存已禁用，跳過配置保存
2025-08-06 16:57:45,275 - VALO360 - DEBUG - 自動保存已禁用，跳過配置保存
2025-08-06 16:57:45,275 - VALO360 - DEBUG - 自動保存已禁用，跳過配置保存
2025-08-06 16:57:45,276 - VALO360 - DEBUG - 自動保存已禁用，跳過配置保存
2025-08-06 16:57:45,276 - VALO360 - DEBUG - 自動保存已禁用，跳過配置保存
2025-08-06 16:57:45,278 - VALO360 - DEBUG - 自動保存已禁用，跳過配置保存
2025-08-06 16:57:45,278 - VALO360 - DEBUG - 自動保存已禁用，跳過配置保存
2025-08-06 16:57:45,279 - VALO360 - DEBUG - 自動保存已禁用，跳過配置保存
2025-08-06 16:57:45,279 - VALO360 - DEBUG - 自動保存已禁用，跳過配置保存
2025-08-06 16:57:45,279 - VALO360 - DEBUG - 自動保存已禁用，跳過配置保存
2025-08-06 16:57:45,279 - VALO360 - DEBUG - 自動保存已禁用，跳過配置保存
2025-08-06 16:57:45,280 - VALO360 - DEBUG - 自動保存已禁用，跳過配置保存
2025-08-06 16:57:45,280 - VALO360 - DEBUG - 自動保存已禁用，跳過配置保存
2025-08-06 16:57:45,280 - VALO360 - DEBUG - 自動保存已禁用，跳過配置保存
2025-08-06 16:57:45,281 - VALO360 - DEBUG - 自動保存已禁用，跳過配置保存
2025-08-06 16:57:45,281 - VALO360 - DEBUG - 自動保存已禁用，跳過配置保存
2025-08-06 16:57:45,282 - VALO360 - DEBUG - 自動保存已禁用，跳過配置保存
2025-08-06 16:57:45,282 - VALO360 - DEBUG - 自動保存已禁用，跳過配置保存
2025-08-06 16:57:45,282 - VALO360 - DEBUG - 自動保存已禁用，跳過配置保存
2025-08-06 16:57:45,283 - VALO360 - DEBUG - 自動保存已禁用，跳過配置保存
2025-08-06 16:57:45,283 - VALO360 - DEBUG - 自動保存已禁用，跳過配置保存
2025-08-06 16:57:45,283 - VALO360 - DEBUG - 自動保存已禁用，跳過配置保存
2025-08-06 16:57:45,284 - VALO360 - DEBUG - 自動保存已禁用，跳過配置保存
2025-08-06 16:57:45,284 - VALO360 - DEBUG - 自動保存已禁用，跳過配置保存
2025-08-06 16:57:45,285 - VALO360 - DEBUG - 自動保存已禁用，跳過配置保存
2025-08-06 16:57:45,285 - VALO360 - DEBUG - 自動保存已禁用，跳過配置保存
2025-08-06 16:57:45,285 - VALO360 - DEBUG - 自動保存已禁用，跳過配置保存
2025-08-06 16:57:45,286 - VALO360 - DEBUG - 自動保存已禁用，跳過配置保存
2025-08-06 16:57:45,286 - VALO360 - DEBUG - 自動保存已禁用，跳過配置保存
2025-08-06 16:57:45,286 - VALO360 - DEBUG - 自動保存已禁用，跳過配置保存
2025-08-06 16:57:45,288 - VALO360 - DEBUG - 自動保存已禁用，跳過配置保存
2025-08-06 16:57:45,288 - VALO360 - DEBUG - 自動保存已禁用，跳過配置保存
2025-08-06 16:57:45,289 - VALO360 - DEBUG - 自動保存已禁用，跳過配置保存
2025-08-06 16:57:45,289 - VALO360 - DEBUG - 自動保存已禁用，跳過配置保存
2025-08-06 16:57:45,289 - VALO360 - DEBUG - 自動保存已禁用，跳過配置保存
2025-08-06 16:57:45,290 - VALO360 - DEBUG - 自動保存已禁用，跳過配置保存
2025-08-06 16:57:45,290 - VALO360 - DEBUG - 自動保存已禁用，跳過配置保存
2025-08-06 16:57:45,290 - VALO360 - DEBUG - 自動保存已禁用，跳過配置保存
2025-08-06 16:57:45,290 - VALO360 - DEBUG - 自動保存已禁用，跳過配置保存
2025-08-06 16:57:45,291 - VALO360 - DEBUG - 自動保存已禁用，跳過配置保存
2025-08-06 16:57:45,293 - VALO360 - DEBUG - 自動保存已禁用，跳過配置保存
2025-08-06 16:57:45,293 - VALO360 - DEBUG - 自動保存已禁用，跳過配置保存
2025-08-06 16:57:45,293 - VALO360 - DEBUG - 自動保存已禁用，跳過配置保存
2025-08-06 16:57:45,294 - VALO360 - DEBUG - 自動保存已禁用，跳過配置保存
2025-08-06 16:57:45,294 - VALO360 - DEBUG - 自動保存已禁用，跳過配置保存
2025-08-06 16:57:45,294 - VALO360 - DEBUG - 自動保存已禁用，跳過配置保存
2025-08-06 16:57:45,295 - VALO360 - DEBUG - 自動保存已禁用，跳過配置保存
2025-08-06 16:57:45,295 - VALO360 - DEBUG - 自動保存已禁用，跳過配置保存
2025-08-06 16:57:45,296 - VALO360 - DEBUG - 自動保存已禁用，跳過配置保存
2025-08-06 16:57:45,296 - VALO360 - DEBUG - 自動保存已禁用，跳過配置保存
2025-08-06 16:57:45,296 - VALO360 - DEBUG - 自動保存已禁用，跳過配置保存
2025-08-06 16:57:45,297 - VALO360 - DEBUG - 自動保存已禁用，跳過配置保存
2025-08-06 16:57:45,297 - VALO360 - DEBUG - 自動保存已禁用，跳過配置保存
2025-08-06 16:57:45,297 - VALO360 - DEBUG - 自動保存已禁用，跳過配置保存
2025-08-06 16:57:45,298 - VALO360 - DEBUG - 自動保存已禁用，跳過配置保存
2025-08-06 16:57:45,299 - VALO360 - DEBUG - 自動保存已禁用，跳過配置保存
2025-08-06 16:57:45,299 - VALO360 - DEBUG - 自動保存已禁用，跳過配置保存
2025-08-06 16:57:45,299 - VALO360 - DEBUG - 自動保存已禁用，跳過配置保存
2025-08-06 16:57:45,299 - VALO360 - DEBUG - 自動保存已禁用，跳過配置保存
2025-08-06 16:57:45,300 - VALO360 - DEBUG - 自動保存已禁用，跳過配置保存
2025-08-06 16:57:45,300 - VALO360 - DEBUG - 自動保存已禁用，跳過配置保存
2025-08-06 16:57:45,300 - VALO360 - DEBUG - 自動保存已禁用，跳過配置保存
2025-08-06 16:57:45,301 - VALO360 - DEBUG - 自動保存已禁用，跳過配置保存
2025-08-06 16:57:45,301 - VALO360 - DEBUG - 自動保存已禁用，跳過配置保存
2025-08-06 16:57:45,302 - VALO360 - DEBUG - 自動保存已禁用，跳過配置保存
2025-08-06 16:57:45,302 - VALO360 - DEBUG - 自動保存已禁用，跳過配置保存
2025-08-06 16:57:45,302 - VALO360 - DEBUG - 自動保存已禁用，跳過配置保存
2025-08-06 16:57:45,303 - VALO360 - DEBUG - 自動保存已禁用，跳過配置保存
2025-08-06 16:57:45,303 - VALO360 - DEBUG - 自動保存已禁用，跳過配置保存
2025-08-06 16:57:45,304 - VALO360 - DEBUG - 自動保存已禁用，跳過配置保存
2025-08-06 16:57:45,304 - VALO360 - DEBUG - 自動保存已禁用，跳過配置保存
2025-08-06 16:57:45,305 - VALO360 - DEBUG - 自動保存已禁用，跳過配置保存
2025-08-06 16:57:45,305 - VALO360 - DEBUG - 自動保存已禁用，跳過配置保存
2025-08-06 16:57:45,306 - VALO360 - DEBUG - 自動保存已禁用，跳過配置保存
2025-08-06 16:57:45,306 - VALO360 - DEBUG - 自動保存已禁用，跳過配置保存
2025-08-06 16:57:45,307 - VALO360 - DEBUG - 自動保存已禁用，跳過配置保存
2025-08-06 16:57:45,307 - VALO360 - DEBUG - 自動保存已禁用，跳過配置保存
2025-08-06 16:57:45,307 - VALO360 - DEBUG - 自動保存已禁用，跳過配置保存
2025-08-06 16:57:45,308 - VALO360 - DEBUG - 自動保存已禁用，跳過配置保存
2025-08-06 16:57:45,308 - VALO360 - DEBUG - 自動保存已禁用，跳過配置保存
2025-08-06 16:57:45,309 - VALO360 - DEBUG - 自動保存已禁用，跳過配置保存
2025-08-06 16:57:45,309 - VALO360 - DEBUG - 自動保存已禁用，跳過配置保存
2025-08-06 16:57:45,309 - VALO360 - DEBUG - 自動保存已禁用，跳過配置保存
2025-08-06 16:57:45,310 - VALO360 - DEBUG - 自動保存已禁用，跳過配置保存
2025-08-06 16:57:45,310 - VALO360 - DEBUG - 自動保存已禁用，跳過配置保存
2025-08-06 16:57:45,311 - VALO360 - DEBUG - 自動保存已禁用，跳過配置保存
2025-08-06 16:57:45,311 - VALO360 - DEBUG - 自動保存已禁用，跳過配置保存
2025-08-06 16:57:45,311 - VALO360 - DEBUG - 自動保存已禁用，跳過配置保存
2025-08-06 16:57:45,312 - VALO360 - DEBUG - 自動保存已禁用，跳過配置保存
2025-08-06 16:57:45,312 - VALO360 - DEBUG - 自動保存已禁用，跳過配置保存
2025-08-06 16:57:45,312 - VALO360 - DEBUG - 自動保存已禁用，跳過配置保存
2025-08-06 16:57:45,314 - VALO360 - DEBUG - 自動保存已禁用，跳過配置保存
2025-08-06 16:57:45,314 - VALO360 - DEBUG - 自動保存已禁用，跳過配置保存
2025-08-06 16:57:45,314 - VALO360 - DEBUG - 自動保存已禁用，跳過配置保存
2025-08-06 16:57:45,315 - VALO360 - DEBUG - 自動保存已禁用，跳過配置保存
2025-08-06 16:57:45,315 - VALO360 - DEBUG - 自動保存已禁用，跳過配置保存
2025-08-06 16:57:45,316 - VALO360 - DEBUG - 自動保存已禁用，跳過配置保存
2025-08-06 16:57:45,316 - VALO360 - DEBUG - 自動保存已禁用，跳過配置保存
2025-08-06 16:57:45,316 - VALO360 - DEBUG - 自動保存已禁用，跳過配置保存
2025-08-06 16:57:45,317 - VALO360 - DEBUG - 自動保存已禁用，跳過配置保存
2025-08-06 16:57:45,317 - VALO360 - DEBUG - 自動保存已禁用，跳過配置保存
2025-08-06 16:57:45,317 - VALO360 - DEBUG - 自動保存已禁用，跳過配置保存
2025-08-06 16:57:45,317 - VALO360 - DEBUG - 自動保存已禁用，跳過配置保存
2025-08-06 16:57:45,318 - VALO360 - DEBUG - 自動保存已禁用，跳過配置保存
2025-08-06 16:57:45,319 - VALO360 - DEBUG - 自動保存已禁用，跳過配置保存
2025-08-06 16:57:45,319 - VALO360 - DEBUG - 自動保存已禁用，跳過配置保存
2025-08-06 16:57:45,319 - VALO360 - DEBUG - 自動保存已禁用，跳過配置保存
2025-08-06 16:57:45,320 - VALO360 - DEBUG - 自動保存已禁用，跳過配置保存
2025-08-06 16:57:45,321 - VALO360 - DEBUG - 自動保存已禁用，跳過配置保存
2025-08-06 16:57:45,321 - VALO360 - DEBUG - 自動保存已禁用，跳過配置保存
2025-08-06 16:57:45,321 - VALO360 - DEBUG - 自動保存已禁用，跳過配置保存
2025-08-06 16:57:45,322 - VALO360 - DEBUG - 自動保存已禁用，跳過配置保存
2025-08-06 16:57:45,322 - VALO360 - DEBUG - 自動保存已禁用，跳過配置保存
2025-08-06 16:57:45,323 - VALO360 - DEBUG - 自動保存已禁用，跳過配置保存
2025-08-06 16:57:45,323 - VALO360 - DEBUG - 自動保存已禁用，跳過配置保存
2025-08-06 16:57:45,324 - VALO360 - DEBUG - 自動保存已禁用，跳過配置保存
2025-08-06 16:57:45,324 - VALO360 - DEBUG - 自動保存已禁用，跳過配置保存
2025-08-06 16:57:45,324 - VALO360 - DEBUG - 自動保存已禁用，跳過配置保存
2025-08-06 16:57:45,325 - VALO360 - DEBUG - 自動保存已禁用，跳過配置保存
2025-08-06 16:57:45,326 - VALO360 - DEBUG - 自動保存已禁用，跳過配置保存
2025-08-06 16:57:45,326 - VALO360 - DEBUG - 自動保存已禁用，跳過配置保存
2025-08-06 16:57:45,326 - VALO360 - DEBUG - 自動保存已禁用，跳過配置保存
2025-08-06 16:57:45,326 - VALO360 - DEBUG - 自動保存已禁用，跳過配置保存
2025-08-06 16:57:45,327 - VALO360 - DEBUG - 自動保存已禁用，跳過配置保存
2025-08-06 16:57:45,327 - VALO360 - DEBUG - 自動保存已禁用，跳過配置保存
2025-08-06 16:57:45,327 - VALO360 - DEBUG - 自動保存已禁用，跳過配置保存
2025-08-06 16:57:45,327 - VALO360 - DEBUG - 自動保存已禁用，跳過配置保存
2025-08-06 16:57:45,329 - VALO360 - DEBUG - 自動保存已禁用，跳過配置保存
2025-08-06 16:57:45,329 - VALO360 - DEBUG - 自動保存已禁用，跳過配置保存
2025-08-06 16:57:45,329 - VALO360 - DEBUG - 自動保存已禁用，跳過配置保存
2025-08-06 16:57:45,330 - VALO360 - DEBUG - 自動保存已禁用，跳過配置保存
2025-08-06 16:57:45,330 - VALO360 - DEBUG - 自動保存已禁用，跳過配置保存
2025-08-06 16:57:45,330 - VALO360 - DEBUG - 自動保存已禁用，跳過配置保存
2025-08-06 16:57:45,330 - VALO360 - DEBUG - 自動保存已禁用，跳過配置保存
2025-08-06 16:57:45,332 - VALO360 - DEBUG - 自動保存已禁用，跳過配置保存
2025-08-06 16:57:45,332 - VALO360 - DEBUG - 自動保存已禁用，跳過配置保存
2025-08-06 16:57:45,332 - VALO360 - DEBUG - 自動保存已禁用，跳過配置保存
2025-08-06 16:57:45,332 - VALO360 - DEBUG - 自動保存已禁用，跳過配置保存
2025-08-06 16:57:45,333 - VALO360 - DEBUG - 自動保存已禁用，跳過配置保存
2025-08-06 16:57:45,333 - VALO360 - DEBUG - 自動保存已禁用，跳過配置保存
2025-08-06 16:57:45,333 - VALO360 - DEBUG - 自動保存已禁用，跳過配置保存
2025-08-06 16:57:45,334 - VALO360 - DEBUG - 自動保存已禁用，跳過配置保存
2025-08-06 16:57:45,335 - VALO360 - DEBUG - 自動保存已禁用，跳過配置保存
2025-08-06 16:57:45,336 - VALO360 - DEBUG - 自動保存已禁用，跳過配置保存
2025-08-06 16:57:45,336 - VALO360 - DEBUG - 自動保存已禁用，跳過配置保存
2025-08-06 16:57:45,336 - VALO360 - DEBUG - 自動保存已禁用，跳過配置保存
2025-08-06 16:57:45,336 - VALO360 - DEBUG - 自動保存已禁用，跳過配置保存
2025-08-06 16:57:45,337 - VALO360 - DEBUG - 自動保存已禁用，跳過配置保存
2025-08-06 16:57:45,338 - VALO360 - DEBUG - 自動保存已禁用，跳過配置保存
2025-08-06 16:57:45,338 - VALO360 - DEBUG - 自動保存已禁用，跳過配置保存
2025-08-06 16:57:45,338 - VALO360 - DEBUG - 自動保存已禁用，跳過配置保存
2025-08-06 16:57:45,339 - VALO360 - DEBUG - 自動保存已禁用，跳過配置保存
2025-08-06 16:57:45,339 - VALO360 - DEBUG - 自動保存已禁用，跳過配置保存
2025-08-06 16:57:45,339 - VALO360 - DEBUG - 自動保存已禁用，跳過配置保存
2025-08-06 16:57:45,340 - VALO360 - DEBUG - 自動保存已禁用，跳過配置保存
2025-08-06 16:57:45,340 - VALO360 - DEBUG - 自動保存已禁用，跳過配置保存
2025-08-06 16:57:45,341 - VALO360 - DEBUG - 自動保存已禁用，跳過配置保存
2025-08-06 16:57:45,341 - VALO360 - DEBUG - 自動保存已禁用，跳過配置保存
2025-08-06 16:57:45,341 - VALO360 - DEBUG - 自動保存已禁用，跳過配置保存
2025-08-06 16:57:45,342 - VALO360 - DEBUG - 自動保存已禁用，跳過配置保存
2025-08-06 16:57:45,342 - VALO360 - DEBUG - 自動保存已禁用，跳過配置保存
2025-08-06 16:57:45,343 - VALO360 - DEBUG - 自動保存已禁用，跳過配置保存
2025-08-06 16:57:45,343 - VALO360 - DEBUG - 自動保存已禁用，跳過配置保存
2025-08-06 16:57:45,344 - VALO360 - DEBUG - 自動保存已禁用，跳過配置保存
2025-08-06 16:57:45,344 - VALO360 - DEBUG - 自動保存已禁用，跳過配置保存
2025-08-06 16:57:45,344 - VALO360 - DEBUG - 自動保存已禁用，跳過配置保存
2025-08-06 16:57:45,344 - VALO360 - DEBUG - 自動保存已禁用，跳過配置保存
2025-08-06 16:57:45,345 - VALO360 - DEBUG - 自動保存已禁用，跳過配置保存
2025-08-06 16:57:45,345 - VALO360 - DEBUG - 自動保存已禁用，跳過配置保存
2025-08-06 16:57:45,346 - VALO360 - DEBUG - 自動保存已禁用，跳過配置保存
2025-08-06 16:57:45,346 - VALO360 - DEBUG - 自動保存已禁用，跳過配置保存
2025-08-06 16:57:45,347 - VALO360 - DEBUG - 自動保存已禁用，跳過配置保存
2025-08-06 16:57:45,347 - VALO360 - DEBUG - 自動保存已禁用，跳過配置保存
2025-08-06 16:57:45,347 - VALO360 - DEBUG - 自動保存已禁用，跳過配置保存
2025-08-06 16:57:45,347 - VALO360 - DEBUG - 自動保存已禁用，跳過配置保存
2025-08-06 16:57:45,348 - VALO360 - DEBUG - 自動保存已禁用，跳過配置保存
2025-08-06 16:57:45,348 - VALO360 - DEBUG - 自動保存已禁用，跳過配置保存
2025-08-06 16:57:45,349 - VALO360 - DEBUG - 自動保存已禁用，跳過配置保存
2025-08-06 16:57:45,349 - VALO360 - DEBUG - 自動保存已禁用，跳過配置保存
2025-08-06 16:57:45,350 - VALO360 - DEBUG - 自動保存已禁用，跳過配置保存
2025-08-06 16:57:45,350 - VALO360 - DEBUG - 自動保存已禁用，跳過配置保存
2025-08-06 16:57:45,350 - VALO360 - DEBUG - 自動保存已禁用，跳過配置保存
2025-08-06 16:57:45,350 - VALO360 - DEBUG - 自動保存已禁用，跳過配置保存
2025-08-06 16:57:45,353 - VALO360 - DEBUG - 自動保存已禁用，跳過配置保存
2025-08-06 16:57:45,353 - VALO360 - DEBUG - 自動保存已禁用，跳過配置保存
2025-08-06 16:57:45,353 - VALO360 - DEBUG - 自動保存已禁用，跳過配置保存
2025-08-06 16:57:45,354 - VALO360 - DEBUG - 自動保存已禁用，跳過配置保存
2025-08-06 16:57:45,384 - VALO360 - DEBUG - 自動保存已禁用，跳過配置保存
2025-08-06 16:57:45,384 - VALO360 - DEBUG - 自動保存已禁用，跳過配置保存
2025-08-06 16:57:45,385 - VALO360 - DEBUG - 自動保存已禁用，跳過配置保存
2025-08-06 16:57:45,385 - VALO360 - DEBUG - 自動保存已禁用，跳過配置保存
2025-08-06 16:57:45,386 - VALO360 - DEBUG - 自動保存已禁用，跳過配置保存
2025-08-06 16:57:45,387 - VALO360 - DEBUG - 自動保存已禁用，跳過配置保存
2025-08-06 16:57:45,387 - VALO360 - DEBUG - 自動保存已禁用，跳過配置保存
2025-08-06 16:57:45,387 - VALO360 - DEBUG - 自動保存已禁用，跳過配置保存
2025-08-06 16:57:45,395 - VALO360 - DEBUG - 自動保存已禁用，跳過配置保存
2025-08-06 16:57:45,395 - VALO360 - DEBUG - 自動保存已禁用，跳過配置保存
2025-08-06 16:57:45,395 - VALO360 - DEBUG - 自動保存已禁用，跳過配置保存
2025-08-06 16:57:45,396 - VALO360 - DEBUG - 自動保存已禁用，跳過配置保存
2025-08-06 16:57:45,397 - VALO360 - DEBUG - 自動保存已禁用，跳過配置保存
2025-08-06 16:57:45,397 - VALO360 - DEBUG - 自動保存已禁用，跳過配置保存
2025-08-06 16:57:45,397 - VALO360 - DEBUG - 自動保存已禁用，跳過配置保存
2025-08-06 16:57:45,398 - VALO360 - DEBUG - 自動保存已禁用，跳過配置保存
2025-08-06 16:57:45,403 - VALO360 - DEBUG - 自動保存已禁用，跳過配置保存
2025-08-06 16:57:45,403 - VALO360 - DEBUG - 自動保存已禁用，跳過配置保存
2025-08-06 16:57:45,404 - VALO360 - DEBUG - 自動保存已禁用，跳過配置保存
2025-08-06 16:57:45,404 - VALO360 - DEBUG - 自動保存已禁用，跳過配置保存
2025-08-06 16:57:45,404 - VALO360 - DEBUG - 自動保存已禁用，跳過配置保存
2025-08-06 16:57:45,405 - VALO360 - DEBUG - 自動保存已禁用，跳過配置保存
2025-08-06 16:57:45,405 - VALO360 - DEBUG - 自動保存已禁用，跳過配置保存
2025-08-06 16:57:45,405 - VALO360 - DEBUG - 自動保存已禁用，跳過配置保存
2025-08-06 16:57:45,422 - VALO360 - DEBUG - 自動保存已禁用，跳過配置保存
2025-08-06 16:57:45,423 - VALO360 - DEBUG - 自動保存已禁用，跳過配置保存
2025-08-06 16:57:45,423 - VALO360 - DEBUG - 自動保存已禁用，跳過配置保存
2025-08-06 16:57:45,423 - VALO360 - DEBUG - 自動保存已禁用，跳過配置保存
2025-08-06 16:57:45,436 - VALO360 - DEBUG - 自動保存已禁用，跳過配置保存
2025-08-06 16:57:45,436 - VALO360 - DEBUG - 自動保存已禁用，跳過配置保存
2025-08-06 16:57:45,436 - VALO360 - DEBUG - 自動保存已禁用，跳過配置保存
2025-08-06 16:57:45,437 - VALO360 - DEBUG - 自動保存已禁用，跳過配置保存
2025-08-06 16:57:45,439 - VALO360 - DEBUG - 自動保存已禁用，跳過配置保存
2025-08-06 16:57:45,440 - VALO360 - DEBUG - 自動保存已禁用，跳過配置保存
2025-08-06 16:57:45,440 - VALO360 - DEBUG - 自動保存已禁用，跳過配置保存
2025-08-06 16:57:45,440 - VALO360 - DEBUG - 自動保存已禁用，跳過配置保存
2025-08-06 16:57:45,897 - VALO360 - DEBUG - 自動保存已禁用，跳過配置保存
2025-08-06 16:57:45,897 - VALO360 - DEBUG - 自動保存已禁用，跳過配置保存
2025-08-06 16:57:45,898 - VALO360 - DEBUG - 自動保存已禁用，跳過配置保存
2025-08-06 16:57:45,898 - VALO360 - DEBUG - 自動保存已禁用，跳過配置保存
2025-08-06 16:57:45,900 - VALO360 - DEBUG - 自動保存已禁用，跳過配置保存
2025-08-06 16:57:45,900 - VALO360 - DEBUG - 自動保存已禁用，跳過配置保存
2025-08-06 16:57:45,901 - VALO360 - DEBUG - 自動保存已禁用，跳過配置保存
2025-08-06 16:57:45,901 - VALO360 - DEBUG - 自動保存已禁用，跳過配置保存
2025-08-06 16:57:45,916 - VALO360 - DEBUG - 自動保存已禁用，跳過配置保存
2025-08-06 16:57:45,916 - VALO360 - DEBUG - 自動保存已禁用，跳過配置保存
2025-08-06 16:57:45,916 - VALO360 - DEBUG - 自動保存已禁用，跳過配置保存
2025-08-06 16:57:45,917 - VALO360 - DEBUG - 自動保存已禁用，跳過配置保存
2025-08-06 16:57:45,932 - VALO360 - DEBUG - 自動保存已禁用，跳過配置保存
2025-08-06 16:57:45,932 - VALO360 - DEBUG - 自動保存已禁用，跳過配置保存
2025-08-06 16:57:45,932 - VALO360 - DEBUG - 自動保存已禁用，跳過配置保存
2025-08-06 16:57:45,933 - VALO360 - DEBUG - 自動保存已禁用，跳過配置保存
2025-08-06 16:57:45,936 - VALO360 - DEBUG - 自動保存已禁用，跳過配置保存
2025-08-06 16:57:45,937 - VALO360 - DEBUG - 自動保存已禁用，跳過配置保存
2025-08-06 16:57:45,937 - VALO360 - DEBUG - 自動保存已禁用，跳過配置保存
2025-08-06 16:57:45,937 - VALO360 - DEBUG - 自動保存已禁用，跳過配置保存
2025-08-06 16:57:45,942 - VALO360 - DEBUG - 自動保存已禁用，跳過配置保存
2025-08-06 16:57:45,943 - VALO360 - DEBUG - 自動保存已禁用，跳過配置保存
2025-08-06 16:57:45,943 - VALO360 - DEBUG - 自動保存已禁用，跳過配置保存
2025-08-06 16:57:45,943 - VALO360 - DEBUG - 自動保存已禁用，跳過配置保存
2025-08-06 16:57:45,946 - VALO360 - DEBUG - 自動保存已禁用，跳過配置保存
2025-08-06 16:57:45,946 - VALO360 - DEBUG - 自動保存已禁用，跳過配置保存
2025-08-06 16:57:45,946 - VALO360 - DEBUG - 自動保存已禁用，跳過配置保存
2025-08-06 16:57:45,947 - VALO360 - DEBUG - 自動保存已禁用，跳過配置保存
2025-08-06 16:57:45,951 - VALO360 - DEBUG - 自動保存已禁用，跳過配置保存
2025-08-06 16:57:45,952 - VALO360 - DEBUG - 自動保存已禁用，跳過配置保存
2025-08-06 16:57:45,952 - VALO360 - DEBUG - 自動保存已禁用，跳過配置保存
2025-08-06 16:57:45,952 - VALO360 - DEBUG - 自動保存已禁用，跳過配置保存
2025-08-06 16:57:45,954 - VALO360 - DEBUG - 自動保存已禁用，跳過配置保存
2025-08-06 16:57:45,954 - VALO360 - DEBUG - 自動保存已禁用，跳過配置保存
2025-08-06 16:57:45,955 - VALO360 - DEBUG - 自動保存已禁用，跳過配置保存
2025-08-06 16:57:45,955 - VALO360 - DEBUG - 自動保存已禁用，跳過配置保存
2025-08-06 16:57:45,959 - VALO360 - DEBUG - 自動保存已禁用，跳過配置保存
2025-08-06 16:57:45,959 - VALO360 - DEBUG - 自動保存已禁用，跳過配置保存
2025-08-06 16:57:45,959 - VALO360 - DEBUG - 自動保存已禁用，跳過配置保存
2025-08-06 16:57:45,959 - VALO360 - DEBUG - 自動保存已禁用，跳過配置保存
2025-08-06 16:57:45,970 - VALO360 - DEBUG - 自動保存已禁用，跳過配置保存
2025-08-06 16:57:45,970 - VALO360 - DEBUG - 自動保存已禁用，跳過配置保存
2025-08-06 16:57:45,971 - VALO360 - DEBUG - 自動保存已禁用，跳過配置保存
2025-08-06 16:57:45,971 - VALO360 - DEBUG - 自動保存已禁用，跳過配置保存
2025-08-06 16:57:45,978 - VALO360 - DEBUG - 自動保存已禁用，跳過配置保存
2025-08-06 16:57:45,978 - VALO360 - DEBUG - 自動保存已禁用，跳過配置保存
2025-08-06 16:57:45,978 - VALO360 - DEBUG - 自動保存已禁用，跳過配置保存
2025-08-06 16:57:45,978 - VALO360 - DEBUG - 自動保存已禁用，跳過配置保存
2025-08-06 16:57:45,982 - VALO360 - DEBUG - 自動保存已禁用，跳過配置保存
2025-08-06 16:57:45,982 - VALO360 - DEBUG - 自動保存已禁用，跳過配置保存
2025-08-06 16:57:45,982 - VALO360 - DEBUG - 自動保存已禁用，跳過配置保存
2025-08-06 16:57:45,982 - VALO360 - DEBUG - 自動保存已禁用，跳過配置保存
2025-08-06 16:57:45,986 - VALO360 - DEBUG - 自動保存已禁用，跳過配置保存
2025-08-06 16:57:45,987 - VALO360 - DEBUG - 自動保存已禁用，跳過配置保存
2025-08-06 16:57:45,987 - VALO360 - DEBUG - 自動保存已禁用，跳過配置保存
2025-08-06 16:57:45,988 - VALO360 - DEBUG - 自動保存已禁用，跳過配置保存
2025-08-06 16:57:45,992 - VALO360 - DEBUG - 自動保存已禁用，跳過配置保存
2025-08-06 16:57:45,994 - VALO360 - DEBUG - 自動保存已禁用，跳過配置保存
2025-08-06 16:57:45,994 - VALO360 - DEBUG - 自動保存已禁用，跳過配置保存
2025-08-06 16:57:45,994 - VALO360 - DEBUG - 自動保存已禁用，跳過配置保存
2025-08-06 16:57:45,997 - VALO360 - DEBUG - 自動保存已禁用，跳過配置保存
2025-08-06 16:57:45,997 - VALO360 - DEBUG - 自動保存已禁用，跳過配置保存
2025-08-06 16:57:45,997 - VALO360 - DEBUG - 自動保存已禁用，跳過配置保存
2025-08-06 16:57:45,998 - VALO360 - DEBUG - 自動保存已禁用，跳過配置保存
2025-08-06 16:57:46,010 - VALO360 - DEBUG - 自動保存已禁用，跳過配置保存
2025-08-06 16:57:46,010 - VALO360 - DEBUG - 自動保存已禁用，跳過配置保存
2025-08-06 16:57:46,010 - VALO360 - DEBUG - 自動保存已禁用，跳過配置保存
2025-08-06 16:57:46,011 - VALO360 - DEBUG - 自動保存已禁用，跳過配置保存
2025-08-06 16:57:46,013 - VALO360 - DEBUG - 自動保存已禁用，跳過配置保存
2025-08-06 16:57:46,014 - VALO360 - DEBUG - 自動保存已禁用，跳過配置保存
2025-08-06 16:57:46,014 - VALO360 - DEBUG - 自動保存已禁用，跳過配置保存
2025-08-06 16:57:46,014 - VALO360 - DEBUG - 自動保存已禁用，跳過配置保存
2025-08-06 16:57:46,019 - VALO360 - DEBUG - 自動保存已禁用，跳過配置保存
2025-08-06 16:57:46,019 - VALO360 - DEBUG - 自動保存已禁用，跳過配置保存
2025-08-06 16:57:46,019 - VALO360 - DEBUG - 自動保存已禁用，跳過配置保存
2025-08-06 16:57:46,020 - VALO360 - DEBUG - 自動保存已禁用，跳過配置保存
2025-08-06 16:57:46,022 - VALO360 - DEBUG - 自動保存已禁用，跳過配置保存
2025-08-06 16:57:46,022 - VALO360 - DEBUG - 自動保存已禁用，跳過配置保存
2025-08-06 16:57:46,023 - VALO360 - DEBUG - 自動保存已禁用，跳過配置保存
2025-08-06 16:57:46,023 - VALO360 - DEBUG - 自動保存已禁用，跳過配置保存
2025-08-06 16:57:46,027 - VALO360 - DEBUG - 自動保存已禁用，跳過配置保存
2025-08-06 16:57:46,027 - VALO360 - DEBUG - 自動保存已禁用，跳過配置保存
2025-08-06 16:57:46,027 - VALO360 - DEBUG - 自動保存已禁用，跳過配置保存
2025-08-06 16:57:46,028 - VALO360 - DEBUG - 自動保存已禁用，跳過配置保存
2025-08-06 16:57:46,032 - VALO360 - DEBUG - 自動保存已禁用，跳過配置保存
2025-08-06 16:57:46,032 - VALO360 - DEBUG - 自動保存已禁用，跳過配置保存
2025-08-06 16:57:46,033 - VALO360 - DEBUG - 自動保存已禁用，跳過配置保存
2025-08-06 16:57:46,033 - VALO360 - DEBUG - 自動保存已禁用，跳過配置保存
2025-08-06 16:57:46,052 - VALO360 - DEBUG - 自動保存已禁用，跳過配置保存
2025-08-06 16:57:46,054 - VALO360 - DEBUG - 自動保存已禁用，跳過配置保存
2025-08-06 16:57:46,054 - VALO360 - DEBUG - 自動保存已禁用，跳過配置保存
2025-08-06 16:57:46,054 - VALO360 - DEBUG - 自動保存已禁用，跳過配置保存
2025-08-06 16:57:46,055 - VALO360 - DEBUG - 自動保存已禁用，跳過配置保存
2025-08-06 16:57:46,056 - VALO360 - DEBUG - 自動保存已禁用，跳過配置保存
2025-08-06 16:57:46,056 - VALO360 - DEBUG - 自動保存已禁用，跳過配置保存
2025-08-06 16:57:46,056 - VALO360 - DEBUG - 自動保存已禁用，跳過配置保存
2025-08-06 16:57:46,058 - VALO360 - DEBUG - 自動保存已禁用，跳過配置保存
2025-08-06 16:57:46,059 - VALO360 - DEBUG - 自動保存已禁用，跳過配置保存
2025-08-06 16:57:46,059 - VALO360 - DEBUG - 自動保存已禁用，跳過配置保存
2025-08-06 16:57:46,059 - VALO360 - DEBUG - 自動保存已禁用，跳過配置保存
2025-08-06 16:57:46,060 - VALO360 - DEBUG - 自動保存已禁用，跳過配置保存
2025-08-06 16:57:46,061 - VALO360 - DEBUG - 自動保存已禁用，跳過配置保存
2025-08-06 16:57:46,061 - VALO360 - DEBUG - 自動保存已禁用，跳過配置保存
2025-08-06 16:57:46,061 - VALO360 - DEBUG - 自動保存已禁用，跳過配置保存
2025-08-06 16:57:46,062 - VALO360 - DEBUG - 自動保存已禁用，跳過配置保存
2025-08-06 16:57:46,063 - VALO360 - DEBUG - 自動保存已禁用，跳過配置保存
2025-08-06 16:57:46,063 - VALO360 - DEBUG - 自動保存已禁用，跳過配置保存
2025-08-06 16:57:46,063 - VALO360 - DEBUG - 自動保存已禁用，跳過配置保存
2025-08-06 16:57:46,064 - VALO360 - DEBUG - 自動保存已禁用，跳過配置保存
2025-08-06 16:57:46,065 - VALO360 - DEBUG - 自動保存已禁用，跳過配置保存
2025-08-06 16:57:46,065 - VALO360 - DEBUG - 自動保存已禁用，跳過配置保存
2025-08-06 16:57:46,065 - VALO360 - DEBUG - 自動保存已禁用，跳過配置保存
2025-08-06 16:57:46,066 - VALO360 - DEBUG - 自動保存已禁用，跳過配置保存
2025-08-06 16:57:46,067 - VALO360 - DEBUG - 自動保存已禁用，跳過配置保存
2025-08-06 16:57:46,067 - VALO360 - DEBUG - 自動保存已禁用，跳過配置保存
2025-08-06 16:57:46,067 - VALO360 - DEBUG - 自動保存已禁用，跳過配置保存
2025-08-06 16:57:46,073 - VALO360 - DEBUG - 自動保存已禁用，跳過配置保存
2025-08-06 16:57:46,074 - VALO360 - DEBUG - 自動保存已禁用，跳過配置保存
2025-08-06 16:57:46,074 - VALO360 - DEBUG - 自動保存已禁用，跳過配置保存
2025-08-06 16:57:46,076 - VALO360 - DEBUG - 自動保存已禁用，跳過配置保存
2025-08-06 16:57:46,077 - VALO360 - DEBUG - 自動保存已禁用，跳過配置保存
2025-08-06 16:57:46,078 - VALO360 - DEBUG - 自動保存已禁用，跳過配置保存
2025-08-06 16:57:46,078 - VALO360 - DEBUG - 自動保存已禁用，跳過配置保存
2025-08-06 16:57:46,079 - VALO360 - DEBUG - 自動保存已禁用，跳過配置保存
2025-08-06 16:57:46,080 - VALO360 - DEBUG - 自動保存已禁用，跳過配置保存
2025-08-06 16:57:46,080 - VALO360 - DEBUG - 自動保存已禁用，跳過配置保存
2025-08-06 16:57:46,081 - VALO360 - DEBUG - 自動保存已禁用，跳過配置保存
2025-08-06 16:57:46,081 - VALO360 - DEBUG - 自動保存已禁用，跳過配置保存
2025-08-06 16:57:46,086 - VALO360 - DEBUG - 自動保存已禁用，跳過配置保存
2025-08-06 16:57:46,086 - VALO360 - DEBUG - 自動保存已禁用，跳過配置保存
2025-08-06 16:57:46,086 - VALO360 - DEBUG - 自動保存已禁用，跳過配置保存
2025-08-06 16:57:46,087 - VALO360 - DEBUG - 自動保存已禁用，跳過配置保存
2025-08-06 16:57:46,088 - VALO360 - DEBUG - 自動保存已禁用，跳過配置保存
2025-08-06 16:57:46,089 - VALO360 - DEBUG - 自動保存已禁用，跳過配置保存
2025-08-06 16:57:46,089 - VALO360 - DEBUG - 自動保存已禁用，跳過配置保存
2025-08-06 16:57:46,090 - VALO360 - DEBUG - 自動保存已禁用，跳過配置保存
2025-08-06 16:57:46,093 - VALO360 - DEBUG - 自動保存已禁用，跳過配置保存
2025-08-06 16:57:46,093 - VALO360 - DEBUG - 自動保存已禁用，跳過配置保存
2025-08-06 16:57:46,095 - VALO360 - DEBUG - 自動保存已禁用，跳過配置保存
2025-08-06 16:57:46,095 - VALO360 - DEBUG - 自動保存已禁用，跳過配置保存
2025-08-06 16:57:46,096 - VALO360 - DEBUG - 自動保存已禁用，跳過配置保存
2025-08-06 16:57:46,096 - VALO360 - DEBUG - 自動保存已禁用，跳過配置保存
2025-08-06 16:57:46,097 - VALO360 - DEBUG - 自動保存已禁用，跳過配置保存
2025-08-06 16:57:46,097 - VALO360 - DEBUG - 自動保存已禁用，跳過配置保存
2025-08-06 16:57:46,100 - VALO360 - DEBUG - 自動保存已禁用，跳過配置保存
2025-08-06 16:57:46,100 - VALO360 - DEBUG - 自動保存已禁用，跳過配置保存
2025-08-06 16:57:46,100 - VALO360 - DEBUG - 自動保存已禁用，跳過配置保存
2025-08-06 16:57:46,101 - VALO360 - DEBUG - 自動保存已禁用，跳過配置保存
2025-08-06 16:57:46,102 - VALO360 - DEBUG - 自動保存已禁用，跳過配置保存
2025-08-06 16:57:46,102 - VALO360 - DEBUG - 自動保存已禁用，跳過配置保存
2025-08-06 16:57:46,104 - VALO360 - DEBUG - 自動保存已禁用，跳過配置保存
2025-08-06 16:57:46,104 - VALO360 - DEBUG - 自動保存已禁用，跳過配置保存
2025-08-06 16:57:46,105 - VALO360 - DEBUG - 自動保存已禁用，跳過配置保存
2025-08-06 16:57:46,105 - VALO360 - DEBUG - 自動保存已禁用，跳過配置保存
2025-08-06 16:57:46,106 - VALO360 - DEBUG - 自動保存已禁用，跳過配置保存
2025-08-06 16:57:46,106 - VALO360 - DEBUG - 自動保存已禁用，跳過配置保存
2025-08-06 16:57:46,107 - VALO360 - DEBUG - 自動保存已禁用，跳過配置保存
2025-08-06 16:57:46,108 - VALO360 - DEBUG - 自動保存已禁用，跳過配置保存
2025-08-06 16:57:46,108 - VALO360 - DEBUG - 自動保存已禁用，跳過配置保存
2025-08-06 16:57:46,109 - VALO360 - DEBUG - 自動保存已禁用，跳過配置保存
2025-08-06 16:57:46,110 - VALO360 - DEBUG - 自動保存已禁用，跳過配置保存
2025-08-06 16:57:46,110 - VALO360 - DEBUG - 自動保存已禁用，跳過配置保存
2025-08-06 16:57:46,110 - VALO360 - DEBUG - 自動保存已禁用，跳過配置保存
2025-08-06 16:57:46,111 - VALO360 - DEBUG - 自動保存已禁用，跳過配置保存
2025-08-06 16:57:46,118 - VALO360 - DEBUG - 自動保存已禁用，跳過配置保存
2025-08-06 16:57:46,119 - VALO360 - DEBUG - 自動保存已禁用，跳過配置保存
2025-08-06 16:57:46,119 - VALO360 - DEBUG - 自動保存已禁用，跳過配置保存
2025-08-06 16:57:46,120 - VALO360 - DEBUG - 自動保存已禁用，跳過配置保存
2025-08-06 16:57:46,129 - VALO360 - DEBUG - 自動保存已禁用，跳過配置保存
2025-08-06 16:57:46,130 - VALO360 - DEBUG - 自動保存已禁用，跳過配置保存
2025-08-06 16:57:46,130 - VALO360 - DEBUG - 自動保存已禁用，跳過配置保存
2025-08-06 16:57:46,130 - VALO360 - DEBUG - 自動保存已禁用，跳過配置保存
2025-08-06 16:57:46,131 - VALO360 - DEBUG - 自動保存已禁用，跳過配置保存
2025-08-06 16:57:46,132 - VALO360 - DEBUG - 自動保存已禁用，跳過配置保存
2025-08-06 16:57:46,132 - VALO360 - DEBUG - 自動保存已禁用，跳過配置保存
2025-08-06 16:57:46,132 - VALO360 - DEBUG - 自動保存已禁用，跳過配置保存
2025-08-06 16:57:46,132 - VALO360 - DEBUG - 自動保存已禁用，跳過配置保存
2025-08-06 16:57:46,132 - VALO360 - DEBUG - 自動保存已禁用，跳過配置保存
2025-08-06 16:57:46,134 - VALO360 - DEBUG - 自動保存已禁用，跳過配置保存
2025-08-06 16:57:46,134 - VALO360 - DEBUG - 自動保存已禁用，跳過配置保存
2025-08-06 16:57:46,135 - VALO360 - DEBUG - 自動保存已禁用，跳過配置保存
2025-08-06 16:57:46,135 - VALO360 - DEBUG - 自動保存已禁用，跳過配置保存
2025-08-06 16:57:46,135 - VALO360 - DEBUG - 自動保存已禁用，跳過配置保存
2025-08-06 16:57:46,136 - VALO360 - DEBUG - 自動保存已禁用，跳過配置保存
2025-08-06 16:57:46,136 - VALO360 - DEBUG - 自動保存已禁用，跳過配置保存
2025-08-06 16:57:46,137 - VALO360 - DEBUG - 自動保存已禁用，跳過配置保存
2025-08-06 16:57:46,137 - VALO360 - DEBUG - 自動保存已禁用，跳過配置保存
2025-08-06 16:57:46,137 - VALO360 - DEBUG - 自動保存已禁用，跳過配置保存
2025-08-06 16:57:46,138 - VALO360 - DEBUG - 自動保存已禁用，跳過配置保存
2025-08-06 16:57:46,138 - VALO360 - DEBUG - 自動保存已禁用，跳過配置保存
2025-08-06 16:57:46,138 - VALO360 - DEBUG - 自動保存已禁用，跳過配置保存
2025-08-06 16:57:46,139 - VALO360 - DEBUG - 自動保存已禁用，跳過配置保存
2025-08-06 16:57:46,140 - VALO360 - DEBUG - 自動保存已禁用，跳過配置保存
2025-08-06 16:57:46,141 - VALO360 - DEBUG - 自動保存已禁用，跳過配置保存
2025-08-06 16:57:46,141 - VALO360 - DEBUG - 自動保存已禁用，跳過配置保存
2025-08-06 16:57:46,141 - VALO360 - DEBUG - 自動保存已禁用，跳過配置保存
2025-08-06 16:57:46,143 - VALO360 - DEBUG - 自動保存已禁用，跳過配置保存
2025-08-06 16:57:46,143 - VALO360 - DEBUG - 自動保存已禁用，跳過配置保存
2025-08-06 16:57:46,144 - VALO360 - DEBUG - 自動保存已禁用，跳過配置保存
2025-08-06 16:57:46,144 - VALO360 - DEBUG - 自動保存已禁用，跳過配置保存
2025-08-06 16:57:46,145 - VALO360 - DEBUG - 自動保存已禁用，跳過配置保存
2025-08-06 16:57:46,145 - VALO360 - DEBUG - 自動保存已禁用，跳過配置保存
2025-08-06 16:57:46,146 - VALO360 - DEBUG - 自動保存已禁用，跳過配置保存
2025-08-06 16:57:46,146 - VALO360 - DEBUG - 自動保存已禁用，跳過配置保存
2025-08-06 16:57:46,147 - VALO360 - DEBUG - 自動保存已禁用，跳過配置保存
2025-08-06 16:57:46,147 - VALO360 - DEBUG - 自動保存已禁用，跳過配置保存
2025-08-06 16:57:46,148 - VALO360 - DEBUG - 自動保存已禁用，跳過配置保存
2025-08-06 16:57:46,148 - VALO360 - DEBUG - 自動保存已禁用，跳過配置保存
2025-08-06 16:57:46,149 - VALO360 - DEBUG - 自動保存已禁用，跳過配置保存
2025-08-06 16:57:46,149 - VALO360 - DEBUG - 自動保存已禁用，跳過配置保存
2025-08-06 16:57:46,149 - VALO360 - DEBUG - 自動保存已禁用，跳過配置保存
2025-08-06 16:57:46,150 - VALO360 - DEBUG - 自動保存已禁用，跳過配置保存
2025-08-06 16:57:46,150 - VALO360 - DEBUG - 自動保存已禁用，跳過配置保存
2025-08-06 16:57:46,151 - VALO360 - DEBUG - 自動保存已禁用，跳過配置保存
2025-08-06 16:57:46,151 - VALO360 - DEBUG - 自動保存已禁用，跳過配置保存
2025-08-06 16:57:46,151 - VALO360 - DEBUG - 自動保存已禁用，跳過配置保存
2025-08-06 16:57:46,152 - VALO360 - DEBUG - 自動保存已禁用，跳過配置保存
2025-08-06 16:57:46,152 - VALO360 - DEBUG - 自動保存已禁用，跳過配置保存
2025-08-06 16:57:46,153 - VALO360 - DEBUG - 自動保存已禁用，跳過配置保存
2025-08-06 16:57:46,153 - VALO360 - DEBUG - 自動保存已禁用，跳過配置保存
2025-08-06 16:57:46,154 - VALO360 - DEBUG - 自動保存已禁用，跳過配置保存
2025-08-06 16:57:46,154 - VALO360 - DEBUG - 自動保存已禁用，跳過配置保存
2025-08-06 16:57:46,154 - VALO360 - DEBUG - 自動保存已禁用，跳過配置保存
2025-08-06 16:57:46,155 - VALO360 - DEBUG - 自動保存已禁用，跳過配置保存
2025-08-06 16:57:46,155 - VALO360 - DEBUG - 自動保存已禁用，跳過配置保存
2025-08-06 16:57:46,156 - VALO360 - DEBUG - 自動保存已禁用，跳過配置保存
2025-08-06 16:57:46,156 - VALO360 - DEBUG - 自動保存已禁用，跳過配置保存
2025-08-06 16:57:46,157 - VALO360 - DEBUG - 自動保存已禁用，跳過配置保存
2025-08-06 16:57:46,158 - VALO360 - DEBUG - 自動保存已禁用，跳過配置保存
2025-08-06 16:57:46,158 - VALO360 - DEBUG - 自動保存已禁用，跳過配置保存
2025-08-06 16:57:46,159 - VALO360 - DEBUG - 自動保存已禁用，跳過配置保存
2025-08-06 16:57:46,159 - VALO360 - DEBUG - 自動保存已禁用，跳過配置保存
2025-08-06 16:57:46,160 - VALO360 - DEBUG - 自動保存已禁用，跳過配置保存
2025-08-06 16:57:46,160 - VALO360 - DEBUG - 自動保存已禁用，跳過配置保存
2025-08-06 16:57:46,160 - VALO360 - DEBUG - 自動保存已禁用，跳過配置保存
2025-08-06 16:57:46,162 - VALO360 - DEBUG - 自動保存已禁用，跳過配置保存
2025-08-06 16:57:46,163 - VALO360 - DEBUG - 自動保存已禁用，跳過配置保存
2025-08-06 16:57:46,163 - VALO360 - DEBUG - 自動保存已禁用，跳過配置保存
2025-08-06 16:57:46,163 - VALO360 - DEBUG - 自動保存已禁用，跳過配置保存
2025-08-06 16:57:46,163 - VALO360 - DEBUG - 自動保存已禁用，跳過配置保存
2025-08-06 16:57:46,164 - VALO360 - DEBUG - 自動保存已禁用，跳過配置保存
2025-08-06 16:57:46,164 - VALO360 - DEBUG - 自動保存已禁用，跳過配置保存
2025-08-06 16:57:46,164 - VALO360 - DEBUG - 自動保存已禁用，跳過配置保存
2025-08-06 16:57:46,165 - VALO360 - DEBUG - 自動保存已禁用，跳過配置保存
2025-08-06 16:57:46,165 - VALO360 - DEBUG - 自動保存已禁用，跳過配置保存
2025-08-06 16:57:46,166 - VALO360 - DEBUG - 自動保存已禁用，跳過配置保存
2025-08-06 16:57:46,166 - VALO360 - DEBUG - 自動保存已禁用，跳過配置保存
2025-08-06 16:57:46,166 - VALO360 - DEBUG - 自動保存已禁用，跳過配置保存
2025-08-06 16:57:46,167 - VALO360 - DEBUG - 自動保存已禁用，跳過配置保存
2025-08-06 16:57:46,167 - VALO360 - DEBUG - 自動保存已禁用，跳過配置保存
2025-08-06 16:57:46,167 - VALO360 - DEBUG - 自動保存已禁用，跳過配置保存
2025-08-06 16:57:46,169 - VALO360 - DEBUG - 自動保存已禁用，跳過配置保存
2025-08-06 16:57:46,169 - VALO360 - DEBUG - 自動保存已禁用，跳過配置保存
2025-08-06 16:57:46,170 - VALO360 - DEBUG - 自動保存已禁用，跳過配置保存
2025-08-06 16:57:46,170 - VALO360 - DEBUG - 自動保存已禁用，跳過配置保存
2025-08-06 16:57:46,170 - VALO360 - DEBUG - 自動保存已禁用，跳過配置保存
2025-08-06 16:57:46,171 - VALO360 - DEBUG - 自動保存已禁用，跳過配置保存
2025-08-06 16:57:46,171 - VALO360 - DEBUG - 自動保存已禁用，跳過配置保存
2025-08-06 16:57:46,172 - VALO360 - DEBUG - 自動保存已禁用，跳過配置保存
2025-08-06 16:57:46,172 - VALO360 - DEBUG - 自動保存已禁用，跳過配置保存
2025-08-06 16:57:46,173 - VALO360 - DEBUG - 自動保存已禁用，跳過配置保存
2025-08-06 16:57:46,173 - VALO360 - DEBUG - 自動保存已禁用，跳過配置保存
2025-08-06 16:57:46,174 - VALO360 - DEBUG - 自動保存已禁用，跳過配置保存
2025-08-06 16:57:46,174 - VALO360 - DEBUG - 自動保存已禁用，跳過配置保存
2025-08-06 16:57:46,175 - VALO360 - DEBUG - 自動保存已禁用，跳過配置保存
2025-08-06 16:57:46,175 - VALO360 - DEBUG - 自動保存已禁用，跳過配置保存
2025-08-06 16:57:46,176 - VALO360 - DEBUG - 自動保存已禁用，跳過配置保存
2025-08-06 16:57:46,176 - VALO360 - DEBUG - 自動保存已禁用，跳過配置保存
2025-08-06 16:57:46,178 - VALO360 - DEBUG - 自動保存已禁用，跳過配置保存
2025-08-06 16:57:46,178 - VALO360 - DEBUG - 自動保存已禁用，跳過配置保存
2025-08-06 16:57:46,179 - VALO360 - DEBUG - 自動保存已禁用，跳過配置保存
2025-08-06 16:57:46,179 - VALO360 - DEBUG - 自動保存已禁用，跳過配置保存
2025-08-06 16:57:46,180 - VALO360 - DEBUG - 自動保存已禁用，跳過配置保存
2025-08-06 16:57:46,180 - VALO360 - DEBUG - 自動保存已禁用，跳過配置保存
2025-08-06 16:57:46,180 - VALO360 - DEBUG - 自動保存已禁用，跳過配置保存
2025-08-06 16:57:46,181 - VALO360 - DEBUG - 自動保存已禁用，跳過配置保存
2025-08-06 16:57:46,182 - VALO360 - DEBUG - 自動保存已禁用，跳過配置保存
2025-08-06 16:57:46,182 - VALO360 - DEBUG - 自動保存已禁用，跳過配置保存
2025-08-06 16:57:46,182 - VALO360 - DEBUG - 自動保存已禁用，跳過配置保存
2025-08-06 16:57:46,183 - VALO360 - DEBUG - 自動保存已禁用，跳過配置保存
2025-08-06 16:57:46,263 - VALO360 - DEBUG - 自動保存已禁用，跳過配置保存
2025-08-06 16:57:46,263 - VALO360 - DEBUG - 自動保存已禁用，跳過配置保存
2025-08-06 16:57:46,263 - VALO360 - DEBUG - 自動保存已禁用，跳過配置保存
2025-08-06 16:57:46,263 - VALO360 - DEBUG - 自動保存已禁用，跳過配置保存
2025-08-06 16:57:46,265 - VALO360 - DEBUG - 自動保存已禁用，跳過配置保存
2025-08-06 16:57:46,265 - VALO360 - DEBUG - 自動保存已禁用，跳過配置保存
2025-08-06 16:57:46,265 - VALO360 - DEBUG - 自動保存已禁用，跳過配置保存
2025-08-06 16:57:46,266 - VALO360 - DEBUG - 自動保存已禁用，跳過配置保存
2025-08-06 16:57:46,270 - VALO360 - DEBUG - 自動保存已禁用，跳過配置保存
2025-08-06 16:57:46,271 - VALO360 - DEBUG - 自動保存已禁用，跳過配置保存
2025-08-06 16:57:46,271 - VALO360 - DEBUG - 自動保存已禁用，跳過配置保存
2025-08-06 16:57:46,271 - VALO360 - DEBUG - 自動保存已禁用，跳過配置保存
2025-08-06 16:57:46,272 - VALO360 - DEBUG - 自動保存已禁用，跳過配置保存
2025-08-06 16:57:46,272 - VALO360 - DEBUG - 自動保存已禁用，跳過配置保存
2025-08-06 16:57:46,272 - VALO360 - DEBUG - 自動保存已禁用，跳過配置保存
2025-08-06 16:57:46,273 - VALO360 - DEBUG - 自動保存已禁用，跳過配置保存
2025-08-06 16:57:46,282 - VALO360 - DEBUG - 自動保存已禁用，跳過配置保存
2025-08-06 16:57:46,283 - VALO360 - DEBUG - 自動保存已禁用，跳過配置保存
2025-08-06 16:57:46,283 - VALO360 - DEBUG - 自動保存已禁用，跳過配置保存
2025-08-06 16:57:46,284 - VALO360 - DEBUG - 自動保存已禁用，跳過配置保存
2025-08-06 16:57:46,284 - VALO360 - DEBUG - 自動保存已禁用，跳過配置保存
2025-08-06 16:57:46,284 - VALO360 - DEBUG - 自動保存已禁用，跳過配置保存
2025-08-06 16:57:46,285 - VALO360 - DEBUG - 自動保存已禁用，跳過配置保存
2025-08-06 16:57:46,285 - VALO360 - DEBUG - 自動保存已禁用，跳過配置保存
2025-08-06 16:57:46,298 - VALO360 - DEBUG - 自動保存已禁用，跳過配置保存
2025-08-06 16:57:46,299 - VALO360 - DEBUG - 自動保存已禁用，跳過配置保存
2025-08-06 16:57:46,299 - VALO360 - DEBUG - 自動保存已禁用，跳過配置保存
2025-08-06 16:57:46,299 - VALO360 - DEBUG - 自動保存已禁用，跳過配置保存
2025-08-06 16:57:46,300 - VALO360 - DEBUG - 自動保存已禁用，跳過配置保存
2025-08-06 16:57:46,300 - VALO360 - DEBUG - 自動保存已禁用，跳過配置保存
2025-08-06 16:57:46,300 - VALO360 - DEBUG - 自動保存已禁用，跳過配置保存
2025-08-06 16:57:46,301 - VALO360 - DEBUG - 自動保存已禁用，跳過配置保存
2025-08-06 16:57:46,315 - VALO360 - DEBUG - 自動保存已禁用，跳過配置保存
2025-08-06 16:57:46,315 - VALO360 - DEBUG - 自動保存已禁用，跳過配置保存
2025-08-06 16:57:46,315 - VALO360 - DEBUG - 自動保存已禁用，跳過配置保存
2025-08-06 16:57:46,316 - VALO360 - DEBUG - 自動保存已禁用，跳過配置保存
2025-08-06 16:57:46,317 - VALO360 - DEBUG - 自動保存已禁用，跳過配置保存
2025-08-06 16:57:46,317 - VALO360 - DEBUG - 自動保存已禁用，跳過配置保存
2025-08-06 16:57:46,317 - VALO360 - DEBUG - 自動保存已禁用，跳過配置保存
2025-08-06 16:57:46,318 - VALO360 - DEBUG - 自動保存已禁用，跳過配置保存
2025-08-06 16:57:46,328 - VALO360 - DEBUG - 自動保存已禁用，跳過配置保存
2025-08-06 16:57:46,329 - VALO360 - DEBUG - 自動保存已禁用，跳過配置保存
2025-08-06 16:57:46,329 - VALO360 - DEBUG - 自動保存已禁用，跳過配置保存
2025-08-06 16:57:46,329 - VALO360 - DEBUG - 自動保存已禁用，跳過配置保存
2025-08-06 16:57:46,330 - VALO360 - DEBUG - 自動保存已禁用，跳過配置保存
2025-08-06 16:57:46,330 - VALO360 - DEBUG - 自動保存已禁用，跳過配置保存
2025-08-06 16:57:46,330 - VALO360 - DEBUG - 自動保存已禁用，跳過配置保存
2025-08-06 16:57:46,331 - VALO360 - DEBUG - 自動保存已禁用，跳過配置保存
2025-08-06 16:57:46,342 - VALO360 - DEBUG - 自動保存已禁用，跳過配置保存
2025-08-06 16:57:46,342 - VALO360 - DEBUG - 自動保存已禁用，跳過配置保存
2025-08-06 16:57:46,342 - VALO360 - DEBUG - 自動保存已禁用，跳過配置保存
2025-08-06 16:57:46,342 - VALO360 - DEBUG - 自動保存已禁用，跳過配置保存
2025-08-06 16:57:46,344 - VALO360 - DEBUG - 自動保存已禁用，跳過配置保存
2025-08-06 16:57:46,344 - VALO360 - DEBUG - 自動保存已禁用，跳過配置保存
2025-08-06 16:57:46,344 - VALO360 - DEBUG - 自動保存已禁用，跳過配置保存
2025-08-06 16:57:46,345 - VALO360 - DEBUG - 自動保存已禁用，跳過配置保存
2025-08-06 16:57:46,349 - VALO360 - DEBUG - 自動保存已禁用，跳過配置保存
2025-08-06 16:57:46,349 - VALO360 - DEBUG - 自動保存已禁用，跳過配置保存
2025-08-06 16:57:46,349 - VALO360 - DEBUG - 自動保存已禁用，跳過配置保存
2025-08-06 16:57:46,350 - VALO360 - DEBUG - 自動保存已禁用，跳過配置保存
2025-08-06 16:57:46,350 - VALO360 - DEBUG - 自動保存已禁用，跳過配置保存
2025-08-06 16:57:46,351 - VALO360 - DEBUG - 自動保存已禁用，跳過配置保存
2025-08-06 16:57:46,351 - VALO360 - DEBUG - 自動保存已禁用，跳過配置保存
2025-08-06 16:57:46,351 - VALO360 - DEBUG - 自動保存已禁用，跳過配置保存
2025-08-06 16:57:46,354 - VALO360 - DEBUG - 自動保存已禁用，跳過配置保存
2025-08-06 16:57:46,355 - VALO360 - DEBUG - 自動保存已禁用，跳過配置保存
2025-08-06 16:57:46,355 - VALO360 - DEBUG - 自動保存已禁用，跳過配置保存
2025-08-06 16:57:46,355 - VALO360 - DEBUG - 自動保存已禁用，跳過配置保存
2025-08-06 16:57:46,355 - VALO360 - DEBUG - 自動保存已禁用，跳過配置保存
2025-08-06 16:57:46,356 - VALO360 - DEBUG - 自動保存已禁用，跳過配置保存
2025-08-06 16:57:46,356 - VALO360 - DEBUG - 自動保存已禁用，跳過配置保存
2025-08-06 16:57:46,356 - VALO360 - DEBUG - 自動保存已禁用，跳過配置保存
2025-08-06 16:57:46,358 - VALO360 - DEBUG - 自動保存已禁用，跳過配置保存
2025-08-06 16:57:46,358 - VALO360 - DEBUG - 自動保存已禁用，跳過配置保存
2025-08-06 16:57:46,359 - VALO360 - DEBUG - 自動保存已禁用，跳過配置保存
2025-08-06 16:57:46,359 - VALO360 - DEBUG - 自動保存已禁用，跳過配置保存
2025-08-06 16:57:46,359 - VALO360 - DEBUG - 自動保存已禁用，跳過配置保存
2025-08-06 16:57:46,360 - VALO360 - DEBUG - 自動保存已禁用，跳過配置保存
2025-08-06 16:57:46,360 - VALO360 - DEBUG - 自動保存已禁用，跳過配置保存
2025-08-06 16:57:46,360 - VALO360 - DEBUG - 自動保存已禁用，跳過配置保存
2025-08-06 16:57:46,372 - VALO360 - DEBUG - 自動保存已禁用，跳過配置保存
2025-08-06 16:57:46,373 - VALO360 - DEBUG - 自動保存已禁用，跳過配置保存
2025-08-06 16:57:46,373 - VALO360 - DEBUG - 自動保存已禁用，跳過配置保存
2025-08-06 16:57:46,373 - VALO360 - DEBUG - 自動保存已禁用，跳過配置保存
2025-08-06 16:57:46,375 - VALO360 - DEBUG - 自動保存已禁用，跳過配置保存
2025-08-06 16:57:46,375 - VALO360 - DEBUG - 自動保存已禁用，跳過配置保存
2025-08-06 16:57:46,375 - VALO360 - DEBUG - 自動保存已禁用，跳過配置保存
2025-08-06 16:57:46,375 - VALO360 - DEBUG - 自動保存已禁用，跳過配置保存
2025-08-06 16:57:46,378 - VALO360 - DEBUG - 自動保存已禁用，跳過配置保存
2025-08-06 16:57:46,379 - VALO360 - DEBUG - 自動保存已禁用，跳過配置保存
2025-08-06 16:57:46,379 - VALO360 - DEBUG - 自動保存已禁用，跳過配置保存
2025-08-06 16:57:46,379 - VALO360 - DEBUG - 自動保存已禁用，跳過配置保存
2025-08-06 16:57:46,380 - VALO360 - DEBUG - 自動保存已禁用，跳過配置保存
2025-08-06 16:57:46,380 - VALO360 - DEBUG - 自動保存已禁用，跳過配置保存
2025-08-06 16:57:46,380 - VALO360 - DEBUG - 自動保存已禁用，跳過配置保存
2025-08-06 16:57:46,381 - VALO360 - DEBUG - 自動保存已禁用，跳過配置保存
2025-08-06 16:57:46,391 - VALO360 - DEBUG - 自動保存已禁用，跳過配置保存
2025-08-06 16:57:46,391 - VALO360 - DEBUG - 自動保存已禁用，跳過配置保存
2025-08-06 16:57:46,392 - VALO360 - DEBUG - 自動保存已禁用，跳過配置保存
2025-08-06 16:57:46,392 - VALO360 - DEBUG - 自動保存已禁用，跳過配置保存
2025-08-06 16:57:46,392 - VALO360 - DEBUG - 自動保存已禁用，跳過配置保存
2025-08-06 16:57:46,393 - VALO360 - DEBUG - 自動保存已禁用，跳過配置保存
2025-08-06 16:57:46,393 - VALO360 - DEBUG - 自動保存已禁用，跳過配置保存
2025-08-06 16:57:46,394 - VALO360 - DEBUG - 自動保存已禁用，跳過配置保存
2025-08-06 16:57:46,394 - VALO360 - DEBUG - 自動保存已禁用，跳過配置保存
2025-08-06 16:57:46,395 - VALO360 - DEBUG - 自動保存已禁用，跳過配置保存
2025-08-06 16:57:46,395 - VALO360 - DEBUG - 自動保存已禁用，跳過配置保存
2025-08-06 16:57:46,395 - VALO360 - DEBUG - 自動保存已禁用，跳過配置保存
2025-08-06 16:57:46,396 - VALO360 - DEBUG - 自動保存已禁用，跳過配置保存
2025-08-06 16:57:46,396 - VALO360 - DEBUG - 自動保存已禁用，跳過配置保存
2025-08-06 16:57:46,396 - VALO360 - DEBUG - 自動保存已禁用，跳過配置保存
2025-08-06 16:57:46,396 - VALO360 - DEBUG - 自動保存已禁用，跳過配置保存
2025-08-06 16:57:46,402 - VALO360 - DEBUG - 自動保存已禁用，跳過配置保存
2025-08-06 16:57:46,402 - VALO360 - DEBUG - 自動保存已禁用，跳過配置保存
2025-08-06 16:57:46,404 - VALO360 - DEBUG - 自動保存已禁用，跳過配置保存
2025-08-06 16:57:46,404 - VALO360 - DEBUG - 自動保存已禁用，跳過配置保存
2025-08-06 16:57:46,404 - VALO360 - DEBUG - 自動保存已禁用，跳過配置保存
2025-08-06 16:57:46,405 - VALO360 - DEBUG - 自動保存已禁用，跳過配置保存
2025-08-06 16:57:46,405 - VALO360 - DEBUG - 自動保存已禁用，跳過配置保存
2025-08-06 16:57:46,405 - VALO360 - DEBUG - 自動保存已禁用，跳過配置保存
2025-08-06 16:57:46,442 - VALO360 - DEBUG - 自動保存已禁用，跳過配置保存
2025-08-06 16:57:46,442 - VALO360 - DEBUG - 自動保存已禁用，跳過配置保存
2025-08-06 16:57:46,442 - VALO360 - DEBUG - 自動保存已禁用，跳過配置保存
2025-08-06 16:57:46,442 - VALO360 - DEBUG - 自動保存已禁用，跳過配置保存
2025-08-06 16:57:46,443 - VALO360 - DEBUG - 自動保存已禁用，跳過配置保存
2025-08-06 16:57:46,443 - VALO360 - DEBUG - 自動保存已禁用，跳過配置保存
2025-08-06 16:57:46,444 - VALO360 - DEBUG - 自動保存已禁用，跳過配置保存
2025-08-06 16:57:46,444 - VALO360 - DEBUG - 自動保存已禁用，跳過配置保存
2025-08-06 16:57:46,452 - VALO360 - DEBUG - 自動保存已禁用，跳過配置保存
2025-08-06 16:57:46,452 - VALO360 - DEBUG - 自動保存已禁用，跳過配置保存
2025-08-06 16:57:46,452 - VALO360 - DEBUG - 自動保存已禁用，跳過配置保存
2025-08-06 16:57:46,453 - VALO360 - DEBUG - 自動保存已禁用，跳過配置保存
2025-08-06 16:57:46,453 - VALO360 - DEBUG - 自動保存已禁用，跳過配置保存
2025-08-06 16:57:46,453 - VALO360 - DEBUG - 自動保存已禁用，跳過配置保存
2025-08-06 16:57:46,454 - VALO360 - DEBUG - 自動保存已禁用，跳過配置保存
2025-08-06 16:57:46,454 - VALO360 - DEBUG - 自動保存已禁用，跳過配置保存
2025-08-06 16:57:46,454 - VALO360 - DEBUG - 自動保存已禁用，跳過配置保存
2025-08-06 16:57:46,455 - VALO360 - DEBUG - 自動保存已禁用，跳過配置保存
2025-08-06 16:57:46,455 - VALO360 - DEBUG - 自動保存已禁用，跳過配置保存
2025-08-06 16:57:46,455 - VALO360 - DEBUG - 自動保存已禁用，跳過配置保存
2025-08-06 16:57:46,456 - VALO360 - DEBUG - 自動保存已禁用，跳過配置保存
2025-08-06 16:57:46,456 - VALO360 - DEBUG - 自動保存已禁用，跳過配置保存
2025-08-06 16:57:46,457 - VALO360 - DEBUG - 自動保存已禁用，跳過配置保存
2025-08-06 16:57:46,457 - VALO360 - DEBUG - 自動保存已禁用，跳過配置保存
2025-08-06 16:57:46,480 - VALO360 - DEBUG - 自動保存已禁用，跳過配置保存
2025-08-06 16:57:46,481 - VALO360 - DEBUG - 自動保存已禁用，跳過配置保存
2025-08-06 16:57:46,481 - VALO360 - DEBUG - 自動保存已禁用，跳過配置保存
2025-08-06 16:57:46,481 - VALO360 - DEBUG - 自動保存已禁用，跳過配置保存
2025-08-06 16:57:46,482 - VALO360 - DEBUG - 自動保存已禁用，跳過配置保存
2025-08-06 16:57:46,482 - VALO360 - DEBUG - 自動保存已禁用，跳過配置保存
2025-08-06 16:57:46,483 - VALO360 - DEBUG - 自動保存已禁用，跳過配置保存
2025-08-06 16:57:46,483 - VALO360 - DEBUG - 自動保存已禁用，跳過配置保存
2025-08-06 16:57:46,491 - VALO360 - DEBUG - 自動保存已禁用，跳過配置保存
2025-08-06 16:57:46,492 - VALO360 - DEBUG - 自動保存已禁用，跳過配置保存
2025-08-06 16:57:46,492 - VALO360 - DEBUG - 自動保存已禁用，跳過配置保存
2025-08-06 16:57:46,492 - VALO360 - DEBUG - 自動保存已禁用，跳過配置保存
2025-08-06 16:57:46,493 - VALO360 - DEBUG - 自動保存已禁用，跳過配置保存
2025-08-06 16:57:46,493 - VALO360 - DEBUG - 自動保存已禁用，跳過配置保存
2025-08-06 16:57:46,493 - VALO360 - DEBUG - 自動保存已禁用，跳過配置保存
2025-08-06 16:57:46,494 - VALO360 - DEBUG - 自動保存已禁用，跳過配置保存
2025-08-06 16:57:46,549 - VALO360 - DEBUG - 自動保存已禁用，跳過配置保存
2025-08-06 16:57:46,549 - VALO360 - DEBUG - 自動保存已禁用，跳過配置保存
2025-08-06 16:57:46,550 - VALO360 - DEBUG - 自動保存已禁用，跳過配置保存
2025-08-06 16:57:46,550 - VALO360 - DEBUG - 自動保存已禁用，跳過配置保存
2025-08-06 16:57:46,550 - VALO360 - DEBUG - 自動保存已禁用，跳過配置保存
2025-08-06 16:57:46,551 - VALO360 - DEBUG - 自動保存已禁用，跳過配置保存
2025-08-06 16:57:46,551 - VALO360 - DEBUG - 自動保存已禁用，跳過配置保存
2025-08-06 16:57:46,552 - VALO360 - DEBUG - 自動保存已禁用，跳過配置保存
2025-08-06 16:57:46,570 - VALO360 - DEBUG - 自動保存已禁用，跳過配置保存
2025-08-06 16:57:46,571 - VALO360 - DEBUG - 自動保存已禁用，跳過配置保存
2025-08-06 16:57:46,571 - VALO360 - DEBUG - 自動保存已禁用，跳過配置保存
2025-08-06 16:57:46,571 - VALO360 - DEBUG - 自動保存已禁用，跳過配置保存
2025-08-06 16:57:46,573 - VALO360 - DEBUG - 自動保存已禁用，跳過配置保存
2025-08-06 16:57:46,574 - VALO360 - DEBUG - 自動保存已禁用，跳過配置保存
2025-08-06 16:57:46,574 - VALO360 - DEBUG - 自動保存已禁用，跳過配置保存
2025-08-06 16:57:46,575 - VALO360 - DEBUG - 自動保存已禁用，跳過配置保存
2025-08-06 16:57:46,577 - VALO360 - DEBUG - 自動保存已禁用，跳過配置保存
2025-08-06 16:57:46,578 - VALO360 - DEBUG - 自動保存已禁用，跳過配置保存
2025-08-06 16:57:46,578 - VALO360 - DEBUG - 自動保存已禁用，跳過配置保存
2025-08-06 16:57:46,578 - VALO360 - DEBUG - 自動保存已禁用，跳過配置保存
2025-08-06 16:57:46,579 - VALO360 - DEBUG - 自動保存已禁用，跳過配置保存
2025-08-06 16:57:46,579 - VALO360 - DEBUG - 自動保存已禁用，跳過配置保存
2025-08-06 16:57:46,579 - VALO360 - DEBUG - 自動保存已禁用，跳過配置保存
2025-08-06 16:57:46,580 - VALO360 - DEBUG - 自動保存已禁用，跳過配置保存
2025-08-06 16:57:46,581 - VALO360 - DEBUG - 自動保存已禁用，跳過配置保存
2025-08-06 16:57:46,581 - VALO360 - DEBUG - 自動保存已禁用，跳過配置保存
2025-08-06 16:57:46,581 - VALO360 - DEBUG - 自動保存已禁用，跳過配置保存
2025-08-06 16:57:46,582 - VALO360 - DEBUG - 自動保存已禁用，跳過配置保存
2025-08-06 16:57:46,583 - VALO360 - DEBUG - 自動保存已禁用，跳過配置保存
2025-08-06 16:57:46,583 - VALO360 - DEBUG - 自動保存已禁用，跳過配置保存
2025-08-06 16:57:46,583 - VALO360 - DEBUG - 自動保存已禁用，跳過配置保存
2025-08-06 16:57:46,583 - VALO360 - DEBUG - 自動保存已禁用，跳過配置保存
2025-08-06 16:57:46,584 - VALO360 - DEBUG - 自動保存已禁用，跳過配置保存
2025-08-06 16:57:46,584 - VALO360 - DEBUG - 自動保存已禁用，跳過配置保存
2025-08-06 16:57:46,584 - VALO360 - DEBUG - 自動保存已禁用，跳過配置保存
2025-08-06 16:57:46,586 - VALO360 - DEBUG - 自動保存已禁用，跳過配置保存
2025-08-06 16:57:46,587 - VALO360 - DEBUG - 自動保存已禁用，跳過配置保存
2025-08-06 16:57:46,587 - VALO360 - DEBUG - 自動保存已禁用，跳過配置保存
2025-08-06 16:57:46,587 - VALO360 - DEBUG - 自動保存已禁用，跳過配置保存
2025-08-06 16:57:46,588 - VALO360 - DEBUG - 自動保存已禁用，跳過配置保存
2025-08-06 16:57:46,589 - VALO360 - DEBUG - 自動保存已禁用，跳過配置保存
2025-08-06 16:57:46,589 - VALO360 - DEBUG - 自動保存已禁用，跳過配置保存
2025-08-06 16:57:46,589 - VALO360 - DEBUG - 自動保存已禁用，跳過配置保存
2025-08-06 16:57:46,589 - VALO360 - DEBUG - 自動保存已禁用，跳過配置保存
2025-08-06 16:57:46,593 - VALO360 - DEBUG - 自動保存已禁用，跳過配置保存
2025-08-06 16:57:46,593 - VALO360 - DEBUG - 自動保存已禁用，跳過配置保存
2025-08-06 16:57:46,593 - VALO360 - DEBUG - 自動保存已禁用，跳過配置保存
2025-08-06 16:57:46,594 - VALO360 - DEBUG - 自動保存已禁用，跳過配置保存
2025-08-06 16:57:46,595 - VALO360 - DEBUG - 自動保存已禁用，跳過配置保存
2025-08-06 16:57:46,595 - VALO360 - DEBUG - 自動保存已禁用，跳過配置保存
2025-08-06 16:57:46,595 - VALO360 - DEBUG - 自動保存已禁用，跳過配置保存
2025-08-06 16:57:46,596 - VALO360 - DEBUG - 自動保存已禁用，跳過配置保存
2025-08-06 16:57:46,597 - VALO360 - DEBUG - 自動保存已禁用，跳過配置保存
2025-08-06 16:57:46,597 - VALO360 - DEBUG - 自動保存已禁用，跳過配置保存
2025-08-06 16:57:46,597 - VALO360 - DEBUG - 自動保存已禁用，跳過配置保存
2025-08-06 16:57:46,598 - VALO360 - DEBUG - 自動保存已禁用，跳過配置保存
2025-08-06 16:57:46,599 - VALO360 - DEBUG - 自動保存已禁用，跳過配置保存
2025-08-06 16:57:46,599 - VALO360 - DEBUG - 自動保存已禁用，跳過配置保存
2025-08-06 16:57:46,599 - VALO360 - DEBUG - 自動保存已禁用，跳過配置保存
2025-08-06 16:57:46,599 - VALO360 - DEBUG - 自動保存已禁用，跳過配置保存
2025-08-06 16:57:46,601 - VALO360 - DEBUG - 自動保存已禁用，跳過配置保存
2025-08-06 16:57:46,601 - VALO360 - DEBUG - 自動保存已禁用，跳過配置保存
2025-08-06 16:57:46,601 - VALO360 - DEBUG - 自動保存已禁用，跳過配置保存
2025-08-06 16:57:46,601 - VALO360 - DEBUG - 自動保存已禁用，跳過配置保存
2025-08-06 16:57:46,602 - VALO360 - DEBUG - 自動保存已禁用，跳過配置保存
2025-08-06 16:57:46,603 - VALO360 - DEBUG - 自動保存已禁用，跳過配置保存
2025-08-06 16:57:46,603 - VALO360 - DEBUG - 自動保存已禁用，跳過配置保存
2025-08-06 16:57:46,603 - VALO360 - DEBUG - 自動保存已禁用，跳過配置保存
2025-08-06 16:57:46,638 - VALO360 - DEBUG - 自動保存已禁用，跳過配置保存
2025-08-06 16:57:46,639 - VALO360 - DEBUG - 自動保存已禁用，跳過配置保存
2025-08-06 16:57:46,640 - VALO360 - DEBUG - 自動保存已禁用，跳過配置保存
2025-08-06 16:57:46,640 - VALO360 - DEBUG - 自動保存已禁用，跳過配置保存
2025-08-06 16:57:46,642 - VALO360 - DEBUG - 自動保存已禁用，跳過配置保存
2025-08-06 16:57:46,642 - VALO360 - DEBUG - 自動保存已禁用，跳過配置保存
2025-08-06 16:57:46,643 - VALO360 - DEBUG - 自動保存已禁用，跳過配置保存
2025-08-06 16:57:46,643 - VALO360 - DEBUG - 自動保存已禁用，跳過配置保存
2025-08-06 16:57:46,644 - VALO360 - DEBUG - 自動保存已禁用，跳過配置保存
2025-08-06 16:57:46,646 - VALO360 - DEBUG - 自動保存已禁用，跳過配置保存
2025-08-06 16:57:46,646 - VALO360 - DEBUG - 自動保存已禁用，跳過配置保存
2025-08-06 16:57:46,646 - VALO360 - DEBUG - 自動保存已禁用，跳過配置保存
2025-08-06 16:57:46,647 - VALO360 - DEBUG - 自動保存已禁用，跳過配置保存
2025-08-06 16:57:46,648 - VALO360 - DEBUG - 自動保存已禁用，跳過配置保存
2025-08-06 16:57:46,648 - VALO360 - DEBUG - 自動保存已禁用，跳過配置保存
2025-08-06 16:57:46,648 - VALO360 - DEBUG - 自動保存已禁用，跳過配置保存
2025-08-06 16:57:46,650 - VALO360 - DEBUG - 自動保存已禁用，跳過配置保存
2025-08-06 16:57:46,650 - VALO360 - DEBUG - 自動保存已禁用，跳過配置保存
2025-08-06 16:57:46,650 - VALO360 - DEBUG - 自動保存已禁用，跳過配置保存
2025-08-06 16:57:46,651 - VALO360 - DEBUG - 自動保存已禁用，跳過配置保存
2025-08-06 16:57:46,653 - VALO360 - DEBUG - 自動保存已禁用，跳過配置保存
2025-08-06 16:57:46,653 - VALO360 - DEBUG - 自動保存已禁用，跳過配置保存
2025-08-06 16:57:46,653 - VALO360 - DEBUG - 自動保存已禁用，跳過配置保存
2025-08-06 16:57:46,654 - VALO360 - DEBUG - 自動保存已禁用，跳過配置保存
2025-08-06 16:57:46,655 - VALO360 - DEBUG - 自動保存已禁用，跳過配置保存
2025-08-06 16:57:46,656 - VALO360 - DEBUG - 自動保存已禁用，跳過配置保存
2025-08-06 16:57:46,656 - VALO360 - DEBUG - 自動保存已禁用，跳過配置保存
2025-08-06 16:57:46,657 - VALO360 - DEBUG - 自動保存已禁用，跳過配置保存
2025-08-06 16:57:46,660 - VALO360 - DEBUG - 自動保存已禁用，跳過配置保存
2025-08-06 16:57:46,660 - VALO360 - DEBUG - 自動保存已禁用，跳過配置保存
2025-08-06 16:57:46,661 - VALO360 - DEBUG - 自動保存已禁用，跳過配置保存
2025-08-06 16:57:46,661 - VALO360 - DEBUG - 自動保存已禁用，跳過配置保存
2025-08-06 16:57:46,663 - VALO360 - DEBUG - 自動保存已禁用，跳過配置保存
2025-08-06 16:57:46,664 - VALO360 - DEBUG - 自動保存已禁用，跳過配置保存
2025-08-06 16:57:46,664 - VALO360 - DEBUG - 自動保存已禁用，跳過配置保存
2025-08-06 16:57:46,664 - VALO360 - DEBUG - 自動保存已禁用，跳過配置保存
2025-08-06 16:57:46,668 - VALO360 - DEBUG - 自動保存已禁用，跳過配置保存
2025-08-06 16:57:46,668 - VALO360 - DEBUG - 自動保存已禁用，跳過配置保存
2025-08-06 16:57:46,669 - VALO360 - DEBUG - 自動保存已禁用，跳過配置保存
2025-08-06 16:57:46,669 - VALO360 - DEBUG - 自動保存已禁用，跳過配置保存
2025-08-06 16:57:46,672 - VALO360 - DEBUG - 自動保存已禁用，跳過配置保存
2025-08-06 16:57:46,672 - VALO360 - DEBUG - 自動保存已禁用，跳過配置保存
2025-08-06 16:57:46,672 - VALO360 - DEBUG - 自動保存已禁用，跳過配置保存
2025-08-06 16:57:46,672 - VALO360 - DEBUG - 自動保存已禁用，跳過配置保存
2025-08-06 16:57:46,674 - VALO360 - DEBUG - 自動保存已禁用，跳過配置保存
2025-08-06 16:57:46,675 - VALO360 - DEBUG - 自動保存已禁用，跳過配置保存
2025-08-06 16:57:46,675 - VALO360 - DEBUG - 自動保存已禁用，跳過配置保存
2025-08-06 16:57:46,675 - VALO360 - DEBUG - 自動保存已禁用，跳過配置保存
2025-08-06 16:57:46,678 - VALO360 - DEBUG - 自動保存已禁用，跳過配置保存
2025-08-06 16:57:46,678 - VALO360 - DEBUG - 自動保存已禁用，跳過配置保存
2025-08-06 16:57:46,678 - VALO360 - DEBUG - 自動保存已禁用，跳過配置保存
2025-08-06 16:57:46,679 - VALO360 - DEBUG - 自動保存已禁用，跳過配置保存
2025-08-06 16:57:46,680 - VALO360 - DEBUG - 自動保存已禁用，跳過配置保存
2025-08-06 16:57:46,680 - VALO360 - DEBUG - 自動保存已禁用，跳過配置保存
2025-08-06 16:57:46,681 - VALO360 - DEBUG - 自動保存已禁用，跳過配置保存
2025-08-06 16:57:46,681 - VALO360 - DEBUG - 自動保存已禁用，跳過配置保存
2025-08-06 16:57:46,682 - VALO360 - DEBUG - 自動保存已禁用，跳過配置保存
2025-08-06 16:57:46,683 - VALO360 - DEBUG - 自動保存已禁用，跳過配置保存
2025-08-06 16:57:46,683 - VALO360 - DEBUG - 自動保存已禁用，跳過配置保存
2025-08-06 16:57:46,683 - VALO360 - DEBUG - 自動保存已禁用，跳過配置保存
2025-08-06 16:57:46,684 - VALO360 - DEBUG - 自動保存已禁用，跳過配置保存
2025-08-06 16:57:46,684 - VALO360 - DEBUG - 自動保存已禁用，跳過配置保存
2025-08-06 16:57:46,684 - VALO360 - DEBUG - 自動保存已禁用，跳過配置保存
2025-08-06 16:57:46,685 - VALO360 - DEBUG - 自動保存已禁用，跳過配置保存
2025-08-06 16:57:46,686 - VALO360 - DEBUG - 自動保存已禁用，跳過配置保存
2025-08-06 16:57:46,686 - VALO360 - DEBUG - 自動保存已禁用，跳過配置保存
2025-08-06 16:57:46,686 - VALO360 - DEBUG - 自動保存已禁用，跳過配置保存
2025-08-06 16:57:46,687 - VALO360 - DEBUG - 自動保存已禁用，跳過配置保存
2025-08-06 16:57:46,687 - VALO360 - DEBUG - 自動保存已禁用，跳過配置保存
2025-08-06 16:57:46,688 - VALO360 - DEBUG - 自動保存已禁用，跳過配置保存
2025-08-06 16:57:46,688 - VALO360 - DEBUG - 自動保存已禁用，跳過配置保存
2025-08-06 16:57:46,689 - VALO360 - DEBUG - 自動保存已禁用，跳過配置保存
2025-08-06 16:57:46,690 - VALO360 - DEBUG - 自動保存已禁用，跳過配置保存
2025-08-06 16:57:46,691 - VALO360 - DEBUG - 自動保存已禁用，跳過配置保存
2025-08-06 16:57:46,691 - VALO360 - DEBUG - 自動保存已禁用，跳過配置保存
2025-08-06 16:57:46,691 - VALO360 - DEBUG - 自動保存已禁用，跳過配置保存
2025-08-06 16:57:46,692 - VALO360 - DEBUG - 自動保存已禁用，跳過配置保存
2025-08-06 16:57:46,692 - VALO360 - DEBUG - 自動保存已禁用，跳過配置保存
2025-08-06 16:57:46,692 - VALO360 - DEBUG - 自動保存已禁用，跳過配置保存
2025-08-06 16:57:46,694 - VALO360 - DEBUG - 自動保存已禁用，跳過配置保存
2025-08-06 16:57:46,695 - VALO360 - DEBUG - 自動保存已禁用，跳過配置保存
2025-08-06 16:57:46,695 - VALO360 - DEBUG - 自動保存已禁用，跳過配置保存
2025-08-06 16:57:46,695 - VALO360 - DEBUG - 自動保存已禁用，跳過配置保存
2025-08-06 16:57:46,696 - VALO360 - DEBUG - 自動保存已禁用，跳過配置保存
2025-08-06 16:57:46,696 - VALO360 - DEBUG - 自動保存已禁用，跳過配置保存
2025-08-06 16:57:46,697 - VALO360 - DEBUG - 自動保存已禁用，跳過配置保存
2025-08-06 16:57:46,697 - VALO360 - DEBUG - 自動保存已禁用，跳過配置保存
2025-08-06 16:57:46,697 - VALO360 - DEBUG - 自動保存已禁用，跳過配置保存
2025-08-06 16:57:46,698 - VALO360 - DEBUG - 自動保存已禁用，跳過配置保存
2025-08-06 16:57:46,698 - VALO360 - DEBUG - 自動保存已禁用，跳過配置保存
2025-08-06 16:57:46,699 - VALO360 - DEBUG - 自動保存已禁用，跳過配置保存
2025-08-06 16:57:46,699 - VALO360 - DEBUG - 自動保存已禁用，跳過配置保存
2025-08-06 16:57:46,700 - VALO360 - DEBUG - 自動保存已禁用，跳過配置保存
2025-08-06 16:57:46,700 - VALO360 - DEBUG - 自動保存已禁用，跳過配置保存
2025-08-06 16:57:46,700 - VALO360 - DEBUG - 自動保存已禁用，跳過配置保存
2025-08-06 16:57:46,700 - VALO360 - DEBUG - 自動保存已禁用，跳過配置保存
2025-08-06 16:57:46,701 - VALO360 - DEBUG - 自動保存已禁用，跳過配置保存
2025-08-06 16:57:46,702 - VALO360 - DEBUG - 自動保存已禁用，跳過配置保存
2025-08-06 16:57:46,702 - VALO360 - DEBUG - 自動保存已禁用，跳過配置保存
2025-08-06 16:57:46,702 - VALO360 - DEBUG - 自動保存已禁用，跳過配置保存
2025-08-06 16:57:46,703 - VALO360 - DEBUG - 自動保存已禁用，跳過配置保存
2025-08-06 16:57:46,704 - VALO360 - DEBUG - 自動保存已禁用，跳過配置保存
2025-08-06 16:57:46,704 - VALO360 - DEBUG - 自動保存已禁用，跳過配置保存
2025-08-06 16:57:46,704 - VALO360 - DEBUG - 自動保存已禁用，跳過配置保存
2025-08-06 16:57:46,706 - VALO360 - DEBUG - 自動保存已禁用，跳過配置保存
2025-08-06 16:57:46,706 - VALO360 - DEBUG - 自動保存已禁用，跳過配置保存
2025-08-06 16:57:46,707 - VALO360 - DEBUG - 自動保存已禁用，跳過配置保存
2025-08-06 16:57:46,707 - VALO360 - DEBUG - 自動保存已禁用，跳過配置保存
2025-08-06 16:57:46,710 - VALO360 - DEBUG - 自動保存已禁用，跳過配置保存
2025-08-06 16:57:46,710 - VALO360 - DEBUG - 自動保存已禁用，跳過配置保存
2025-08-06 16:57:46,710 - VALO360 - DEBUG - 自動保存已禁用，跳過配置保存
2025-08-06 16:57:46,710 - VALO360 - DEBUG - 自動保存已禁用，跳過配置保存
2025-08-06 16:57:46,712 - VALO360 - DEBUG - 自動保存已禁用，跳過配置保存
2025-08-06 16:57:46,713 - VALO360 - DEBUG - 自動保存已禁用，跳過配置保存
2025-08-06 16:57:46,713 - VALO360 - DEBUG - 自動保存已禁用，跳過配置保存
2025-08-06 16:57:46,713 - VALO360 - DEBUG - 自動保存已禁用，跳過配置保存
2025-08-06 16:57:46,715 - VALO360 - DEBUG - 自動保存已禁用，跳過配置保存
2025-08-06 16:57:46,716 - VALO360 - DEBUG - 自動保存已禁用，跳過配置保存
2025-08-06 16:57:46,716 - VALO360 - DEBUG - 自動保存已禁用，跳過配置保存
2025-08-06 16:57:46,717 - VALO360 - DEBUG - 自動保存已禁用，跳過配置保存
2025-08-06 16:57:46,718 - VALO360 - DEBUG - 自動保存已禁用，跳過配置保存
2025-08-06 16:57:46,718 - VALO360 - DEBUG - 自動保存已禁用，跳過配置保存
2025-08-06 16:57:46,719 - VALO360 - DEBUG - 自動保存已禁用，跳過配置保存
2025-08-06 16:57:46,719 - VALO360 - DEBUG - 自動保存已禁用，跳過配置保存
2025-08-06 16:57:46,720 - VALO360 - DEBUG - 自動保存已禁用，跳過配置保存
2025-08-06 16:57:46,720 - VALO360 - DEBUG - 自動保存已禁用，跳過配置保存
2025-08-06 16:57:46,721 - VALO360 - DEBUG - 自動保存已禁用，跳過配置保存
2025-08-06 16:57:46,721 - VALO360 - DEBUG - 自動保存已禁用，跳過配置保存
2025-08-06 16:57:46,723 - VALO360 - DEBUG - 自動保存已禁用，跳過配置保存
2025-08-06 16:57:46,724 - VALO360 - DEBUG - 自動保存已禁用，跳過配置保存
2025-08-06 16:57:46,724 - VALO360 - DEBUG - 自動保存已禁用，跳過配置保存
2025-08-06 16:57:46,726 - VALO360 - DEBUG - 自動保存已禁用，跳過配置保存
2025-08-06 16:57:46,726 - VALO360 - DEBUG - 自動保存已禁用，跳過配置保存
2025-08-06 16:57:46,726 - VALO360 - DEBUG - 自動保存已禁用，跳過配置保存
2025-08-06 16:57:46,726 - VALO360 - DEBUG - 自動保存已禁用，跳過配置保存
2025-08-06 16:57:46,728 - VALO360 - DEBUG - 自動保存已禁用，跳過配置保存
2025-08-06 16:57:46,729 - VALO360 - DEBUG - 自動保存已禁用，跳過配置保存
2025-08-06 16:57:46,729 - VALO360 - DEBUG - 自動保存已禁用，跳過配置保存
2025-08-06 16:57:46,729 - VALO360 - DEBUG - 自動保存已禁用，跳過配置保存
2025-08-06 16:57:46,730 - VALO360 - DEBUG - 自動保存已禁用，跳過配置保存
2025-08-06 16:57:46,731 - VALO360 - DEBUG - 自動保存已禁用，跳過配置保存
2025-08-06 16:57:46,731 - VALO360 - DEBUG - 自動保存已禁用，跳過配置保存
2025-08-06 16:57:46,731 - VALO360 - DEBUG - 自動保存已禁用，跳過配置保存
2025-08-06 16:57:46,732 - VALO360 - DEBUG - 自動保存已禁用，跳過配置保存
2025-08-06 16:57:46,735 - VALO360 - DEBUG - 自動保存已禁用，跳過配置保存
2025-08-06 16:57:46,735 - VALO360 - DEBUG - 自動保存已禁用，跳過配置保存
2025-08-06 16:57:46,735 - VALO360 - DEBUG - 自動保存已禁用，跳過配置保存
2025-08-06 16:57:46,735 - VALO360 - DEBUG - 自動保存已禁用，跳過配置保存
2025-08-06 16:57:46,737 - VALO360 - DEBUG - 自動保存已禁用，跳過配置保存
2025-08-06 16:57:46,737 - VALO360 - DEBUG - 自動保存已禁用，跳過配置保存
2025-08-06 16:57:46,739 - VALO360 - DEBUG - 自動保存已禁用，跳過配置保存
2025-08-06 16:57:46,739 - VALO360 - DEBUG - 自動保存已禁用，跳過配置保存
2025-08-06 16:57:46,740 - VALO360 - DEBUG - 自動保存已禁用，跳過配置保存
2025-08-06 16:57:46,741 - VALO360 - DEBUG - 自動保存已禁用，跳過配置保存
2025-08-06 16:57:46,741 - VALO360 - DEBUG - 自動保存已禁用，跳過配置保存
2025-08-06 16:57:46,742 - VALO360 - DEBUG - 自動保存已禁用，跳過配置保存
2025-08-06 16:57:46,745 - VALO360 - DEBUG - 自動保存已禁用，跳過配置保存
2025-08-06 16:57:46,745 - VALO360 - DEBUG - 自動保存已禁用，跳過配置保存
2025-08-06 16:57:46,745 - VALO360 - DEBUG - 自動保存已禁用，跳過配置保存
2025-08-06 16:57:46,746 - VALO360 - DEBUG - 自動保存已禁用，跳過配置保存
2025-08-06 16:57:46,747 - VALO360 - DEBUG - 自動保存已禁用，跳過配置保存
2025-08-06 16:57:46,747 - VALO360 - DEBUG - 自動保存已禁用，跳過配置保存
2025-08-06 16:57:46,748 - VALO360 - DEBUG - 自動保存已禁用，跳過配置保存
2025-08-06 16:57:46,748 - VALO360 - DEBUG - 自動保存已禁用，跳過配置保存
2025-08-06 16:57:46,749 - VALO360 - DEBUG - 自動保存已禁用，跳過配置保存
2025-08-06 16:57:46,749 - VALO360 - DEBUG - 自動保存已禁用，跳過配置保存
2025-08-06 16:57:46,749 - VALO360 - DEBUG - 自動保存已禁用，跳過配置保存
2025-08-06 16:57:46,751 - VALO360 - DEBUG - 自動保存已禁用，跳過配置保存
2025-08-06 16:57:46,756 - VALO360 - DEBUG - 自動保存已禁用，跳過配置保存
2025-08-06 16:57:46,757 - VALO360 - DEBUG - 自動保存已禁用，跳過配置保存
2025-08-06 16:57:46,758 - VALO360 - DEBUG - 自動保存已禁用，跳過配置保存
2025-08-06 16:57:46,758 - VALO360 - DEBUG - 自動保存已禁用，跳過配置保存
2025-08-06 16:57:46,760 - VALO360 - DEBUG - 自動保存已禁用，跳過配置保存
2025-08-06 16:57:46,761 - VALO360 - DEBUG - 自動保存已禁用，跳過配置保存
2025-08-06 16:57:46,761 - VALO360 - DEBUG - 自動保存已禁用，跳過配置保存
2025-08-06 16:57:46,761 - VALO360 - DEBUG - 自動保存已禁用，跳過配置保存
2025-08-06 16:57:46,762 - VALO360 - DEBUG - 自動保存已禁用，跳過配置保存
2025-08-06 16:57:46,763 - VALO360 - DEBUG - 自動保存已禁用，跳過配置保存
2025-08-06 16:57:46,763 - VALO360 - DEBUG - 自動保存已禁用，跳過配置保存
2025-08-06 16:57:46,763 - VALO360 - DEBUG - 自動保存已禁用，跳過配置保存
2025-08-06 16:57:46,765 - VALO360 - DEBUG - 自動保存已禁用，跳過配置保存
2025-08-06 16:57:46,765 - VALO360 - DEBUG - 自動保存已禁用，跳過配置保存
2025-08-06 16:57:46,766 - VALO360 - DEBUG - 自動保存已禁用，跳過配置保存
2025-08-06 16:57:46,766 - VALO360 - DEBUG - 自動保存已禁用，跳過配置保存
2025-08-06 16:57:46,767 - VALO360 - DEBUG - 自動保存已禁用，跳過配置保存
2025-08-06 16:57:46,767 - VALO360 - DEBUG - 自動保存已禁用，跳過配置保存
2025-08-06 16:57:46,768 - VALO360 - DEBUG - 自動保存已禁用，跳過配置保存
2025-08-06 16:57:46,768 - VALO360 - DEBUG - 自動保存已禁用，跳過配置保存
2025-08-06 16:57:46,770 - VALO360 - DEBUG - 自動保存已禁用，跳過配置保存
2025-08-06 16:57:46,771 - VALO360 - DEBUG - 自動保存已禁用，跳過配置保存
2025-08-06 16:57:46,771 - VALO360 - DEBUG - 自動保存已禁用，跳過配置保存
2025-08-06 16:57:46,771 - VALO360 - DEBUG - 自動保存已禁用，跳過配置保存
2025-08-06 16:57:46,773 - VALO360 - DEBUG - 自動保存已禁用，跳過配置保存
2025-08-06 16:57:46,774 - VALO360 - DEBUG - 自動保存已禁用，跳過配置保存
2025-08-06 16:57:46,774 - VALO360 - DEBUG - 自動保存已禁用，跳過配置保存
2025-08-06 16:57:46,775 - VALO360 - DEBUG - 自動保存已禁用，跳過配置保存
2025-08-06 16:57:46,776 - VALO360 - DEBUG - 自動保存已禁用，跳過配置保存
2025-08-06 16:57:46,776 - VALO360 - DEBUG - 自動保存已禁用，跳過配置保存
2025-08-06 16:57:46,778 - VALO360 - DEBUG - 自動保存已禁用，跳過配置保存
2025-08-06 16:57:46,778 - VALO360 - DEBUG - 自動保存已禁用，跳過配置保存
2025-08-06 16:57:46,779 - VALO360 - DEBUG - 自動保存已禁用，跳過配置保存
2025-08-06 16:57:46,779 - VALO360 - DEBUG - 自動保存已禁用，跳過配置保存
2025-08-06 16:57:46,779 - VALO360 - DEBUG - 自動保存已禁用，跳過配置保存
2025-08-06 16:57:46,780 - VALO360 - DEBUG - 自動保存已禁用，跳過配置保存
2025-08-06 16:57:46,780 - VALO360 - DEBUG - 自動保存已禁用，跳過配置保存
2025-08-06 16:57:46,781 - VALO360 - DEBUG - 自動保存已禁用，跳過配置保存
2025-08-06 16:57:46,781 - VALO360 - DEBUG - 自動保存已禁用，跳過配置保存
2025-08-06 16:57:46,781 - VALO360 - DEBUG - 自動保存已禁用，跳過配置保存
2025-08-06 16:57:46,782 - VALO360 - DEBUG - 自動保存已禁用，跳過配置保存
2025-08-06 16:57:46,782 - VALO360 - DEBUG - 自動保存已禁用，跳過配置保存
2025-08-06 16:57:46,782 - VALO360 - DEBUG - 自動保存已禁用，跳過配置保存
2025-08-06 16:57:46,783 - VALO360 - DEBUG - 自動保存已禁用，跳過配置保存
2025-08-06 16:57:46,783 - VALO360 - DEBUG - 自動保存已禁用，跳過配置保存
2025-08-06 16:57:46,784 - VALO360 - DEBUG - 自動保存已禁用，跳過配置保存
2025-08-06 16:57:46,784 - VALO360 - DEBUG - 自動保存已禁用，跳過配置保存
2025-08-06 16:57:46,784 - VALO360 - DEBUG - 自動保存已禁用，跳過配置保存
2025-08-06 16:57:46,785 - VALO360 - DEBUG - 自動保存已禁用，跳過配置保存
2025-08-06 16:57:46,785 - VALO360 - DEBUG - 自動保存已禁用，跳過配置保存
2025-08-06 16:57:46,785 - VALO360 - DEBUG - 自動保存已禁用，跳過配置保存
2025-08-06 16:57:46,786 - VALO360 - DEBUG - 自動保存已禁用，跳過配置保存
2025-08-06 16:57:46,786 - VALO360 - DEBUG - 自動保存已禁用，跳過配置保存
2025-08-06 16:57:46,787 - VALO360 - DEBUG - 自動保存已禁用，跳過配置保存
2025-08-06 16:57:46,787 - VALO360 - DEBUG - 自動保存已禁用，跳過配置保存
2025-08-06 16:57:46,787 - VALO360 - DEBUG - 自動保存已禁用，跳過配置保存
2025-08-06 16:57:46,788 - VALO360 - DEBUG - 自動保存已禁用，跳過配置保存
2025-08-06 16:57:46,789 - VALO360 - DEBUG - 自動保存已禁用，跳過配置保存
2025-08-06 16:57:46,789 - VALO360 - DEBUG - 自動保存已禁用，跳過配置保存
2025-08-06 16:57:46,789 - VALO360 - DEBUG - 自動保存已禁用，跳過配置保存
2025-08-06 16:57:46,792 - VALO360 - DEBUG - 自動保存已禁用，跳過配置保存
2025-08-06 16:57:46,792 - VALO360 - DEBUG - 自動保存已禁用，跳過配置保存
2025-08-06 16:57:46,793 - VALO360 - DEBUG - 自動保存已禁用，跳過配置保存
2025-08-06 16:57:46,793 - VALO360 - DEBUG - 自動保存已禁用，跳過配置保存
2025-08-06 16:57:46,794 - VALO360 - DEBUG - 自動保存已禁用，跳過配置保存
2025-08-06 16:57:46,794 - VALO360 - DEBUG - 自動保存已禁用，跳過配置保存
2025-08-06 16:57:46,795 - VALO360 - DEBUG - 自動保存已禁用，跳過配置保存
2025-08-06 16:57:46,795 - VALO360 - DEBUG - 自動保存已禁用，跳過配置保存
2025-08-06 16:57:46,796 - VALO360 - DEBUG - 自動保存已禁用，跳過配置保存
2025-08-06 16:57:46,796 - VALO360 - DEBUG - 自動保存已禁用，跳過配置保存
2025-08-06 16:57:46,796 - VALO360 - DEBUG - 自動保存已禁用，跳過配置保存
2025-08-06 16:57:46,797 - VALO360 - DEBUG - 自動保存已禁用，跳過配置保存
2025-08-06 16:57:46,797 - VALO360 - DEBUG - 自動保存已禁用，跳過配置保存
2025-08-06 16:57:46,797 - VALO360 - DEBUG - 自動保存已禁用，跳過配置保存
2025-08-06 16:57:46,798 - VALO360 - DEBUG - 自動保存已禁用，跳過配置保存
2025-08-06 16:57:46,798 - VALO360 - DEBUG - 自動保存已禁用，跳過配置保存
2025-08-06 16:57:46,798 - VALO360 - DEBUG - 自動保存已禁用，跳過配置保存
2025-08-06 16:57:46,799 - VALO360 - DEBUG - 自動保存已禁用，跳過配置保存
2025-08-06 16:57:46,799 - VALO360 - DEBUG - 自動保存已禁用，跳過配置保存
2025-08-06 16:57:46,800 - VALO360 - DEBUG - 自動保存已禁用，跳過配置保存
2025-08-06 16:57:46,811 - VALO360 - DEBUG - 自動保存已禁用，跳過配置保存
2025-08-06 16:57:46,812 - VALO360 - DEBUG - 自動保存已禁用，跳過配置保存
2025-08-06 16:57:46,812 - VALO360 - DEBUG - 自動保存已禁用，跳過配置保存
2025-08-06 16:57:46,812 - VALO360 - DEBUG - 自動保存已禁用，跳過配置保存
2025-08-06 16:57:46,950 - VALO360 - DEBUG - 自動保存已禁用，跳過配置保存
2025-08-06 16:57:46,950 - VALO360 - DEBUG - 自動保存已禁用，跳過配置保存
2025-08-06 16:57:46,950 - VALO360 - DEBUG - 自動保存已禁用，跳過配置保存
2025-08-06 16:57:46,951 - VALO360 - DEBUG - 自動保存已禁用，跳過配置保存
2025-08-06 16:57:46,952 - VALO360 - DEBUG - 自動保存已禁用，跳過配置保存
2025-08-06 16:57:46,952 - VALO360 - DEBUG - 自動保存已禁用，跳過配置保存
2025-08-06 16:57:46,952 - VALO360 - DEBUG - 自動保存已禁用，跳過配置保存
2025-08-06 16:57:46,952 - VALO360 - DEBUG - 自動保存已禁用，跳過配置保存
2025-08-06 16:57:46,953 - VALO360 - DEBUG - 自動保存已禁用，跳過配置保存
2025-08-06 16:57:46,953 - VALO360 - DEBUG - 自動保存已禁用，跳過配置保存
2025-08-06 16:57:46,953 - VALO360 - DEBUG - 自動保存已禁用，跳過配置保存
2025-08-06 16:57:46,953 - VALO360 - DEBUG - 自動保存已禁用，跳過配置保存
2025-08-06 16:57:46,954 - VALO360 - DEBUG - 自動保存已禁用，跳過配置保存
2025-08-06 16:57:46,955 - VALO360 - DEBUG - 自動保存已禁用，跳過配置保存
2025-08-06 16:57:46,955 - VALO360 - DEBUG - 自動保存已禁用，跳過配置保存
2025-08-06 16:57:46,955 - VALO360 - DEBUG - 自動保存已禁用，跳過配置保存
2025-08-06 16:57:46,958 - VALO360 - DEBUG - 自動保存已禁用，跳過配置保存
2025-08-06 16:57:46,958 - VALO360 - DEBUG - 自動保存已禁用，跳過配置保存
2025-08-06 16:57:46,958 - VALO360 - DEBUG - 自動保存已禁用，跳過配置保存
2025-08-06 16:57:46,958 - VALO360 - DEBUG - 自動保存已禁用，跳過配置保存
2025-08-06 16:57:46,959 - VALO360 - DEBUG - 自動保存已禁用，跳過配置保存
2025-08-06 16:57:46,959 - VALO360 - DEBUG - 自動保存已禁用，跳過配置保存
2025-08-06 16:57:46,959 - VALO360 - DEBUG - 自動保存已禁用，跳過配置保存
2025-08-06 16:57:46,961 - VALO360 - DEBUG - 自動保存已禁用，跳過配置保存
2025-08-06 16:57:46,961 - VALO360 - DEBUG - 自動保存已禁用，跳過配置保存
2025-08-06 16:57:46,962 - VALO360 - DEBUG - 自動保存已禁用，跳過配置保存
2025-08-06 16:57:46,962 - VALO360 - DEBUG - 自動保存已禁用，跳過配置保存
2025-08-06 16:57:46,962 - VALO360 - DEBUG - 自動保存已禁用，跳過配置保存
2025-08-06 16:57:46,963 - VALO360 - DEBUG - 自動保存已禁用，跳過配置保存
2025-08-06 16:57:46,964 - VALO360 - DEBUG - 自動保存已禁用，跳過配置保存
2025-08-06 16:57:46,964 - VALO360 - DEBUG - 自動保存已禁用，跳過配置保存
2025-08-06 16:57:46,964 - VALO360 - DEBUG - 自動保存已禁用，跳過配置保存
2025-08-06 16:57:46,965 - VALO360 - DEBUG - 自動保存已禁用，跳過配置保存
2025-08-06 16:57:46,966 - VALO360 - DEBUG - 自動保存已禁用，跳過配置保存
2025-08-06 16:57:46,966 - VALO360 - DEBUG - 自動保存已禁用，跳過配置保存
2025-08-06 16:57:46,966 - VALO360 - DEBUG - 自動保存已禁用，跳過配置保存
2025-08-06 17:03:55,947 - VALO360 - DEBUG - 自動保存已禁用，跳過配置保存
2025-08-06 17:03:55,950 - VALO360 - DEBUG - 自動保存已禁用，跳過配置保存
2025-08-06 17:03:55,950 - VALO360 - DEBUG - 自動保存已禁用，跳過配置保存
2025-08-06 17:03:55,950 - VALO360 - DEBUG - 自動保存已禁用，跳過配置保存
2025-08-06 17:03:58,907 - VALO360 - DEBUG - 自動保存已禁用，跳過配置保存
2025-08-06 17:03:58,907 - VALO360 - DEBUG - 自動保存已禁用，跳過配置保存
2025-08-06 17:03:58,907 - VALO360 - DEBUG - 自動保存已禁用，跳過配置保存
2025-08-06 17:03:58,907 - VALO360 - DEBUG - 自動保存已禁用，跳過配置保存
2025-08-06 17:03:58,909 - VALO360 - DEBUG - 自動保存已禁用，跳過配置保存
2025-08-06 17:03:58,909 - VALO360 - DEBUG - 自動保存已禁用，跳過配置保存
2025-08-06 17:03:58,909 - VALO360 - DEBUG - 自動保存已禁用，跳過配置保存
2025-08-06 17:03:58,909 - VALO360 - DEBUG - 自動保存已禁用，跳過配置保存
2025-08-06 17:03:58,920 - VALO360 - DEBUG - 自動保存已禁用，跳過配置保存
2025-08-06 17:03:58,920 - VALO360 - DEBUG - 自動保存已禁用，跳過配置保存
2025-08-06 17:03:58,920 - VALO360 - DEBUG - 自動保存已禁用，跳過配置保存
2025-08-06 17:03:58,920 - VALO360 - DEBUG - 自動保存已禁用，跳過配置保存
2025-08-06 17:03:58,920 - VALO360 - DEBUG - 自動保存已禁用，跳過配置保存
2025-08-06 17:03:58,922 - VALO360 - DEBUG - 自動保存已禁用，跳過配置保存
2025-08-06 17:03:58,922 - VALO360 - DEBUG - 自動保存已禁用，跳過配置保存
2025-08-06 17:03:58,922 - VALO360 - DEBUG - 自動保存已禁用，跳過配置保存
2025-08-06 17:03:58,924 - VALO360 - DEBUG - 自動保存已禁用，跳過配置保存
2025-08-06 17:03:58,924 - VALO360 - DEBUG - 自動保存已禁用，跳過配置保存
2025-08-06 17:03:58,926 - VALO360 - DEBUG - 自動保存已禁用，跳過配置保存
2025-08-06 17:03:58,926 - VALO360 - DEBUG - 自動保存已禁用，跳過配置保存
2025-08-06 17:03:58,926 - VALO360 - DEBUG - 自動保存已禁用，跳過配置保存
2025-08-06 17:03:58,926 - VALO360 - DEBUG - 自動保存已禁用，跳過配置保存
2025-08-06 17:03:58,926 - VALO360 - DEBUG - 自動保存已禁用，跳過配置保存
2025-08-06 17:03:58,926 - VALO360 - DEBUG - 自動保存已禁用，跳過配置保存
2025-08-06 17:03:58,934 - VALO360 - DEBUG - 自動保存已禁用，跳過配置保存
2025-08-06 17:03:58,934 - VALO360 - DEBUG - 自動保存已禁用，跳過配置保存
2025-08-06 17:03:58,937 - VALO360 - DEBUG - 自動保存已禁用，跳過配置保存
2025-08-06 17:03:58,937 - VALO360 - DEBUG - 自動保存已禁用，跳過配置保存
2025-08-06 17:03:58,938 - VALO360 - DEBUG - 自動保存已禁用，跳過配置保存
2025-08-06 17:03:58,943 - VALO360 - DEBUG - 自動保存已禁用，跳過配置保存
2025-08-06 17:03:58,943 - VALO360 - DEBUG - 自動保存已禁用，跳過配置保存
2025-08-06 17:03:58,943 - VALO360 - DEBUG - 自動保存已禁用，跳過配置保存
2025-08-06 17:03:58,945 - VALO360 - DEBUG - 自動保存已禁用，跳過配置保存
2025-08-06 17:03:58,945 - VALO360 - DEBUG - 自動保存已禁用，跳過配置保存
2025-08-06 17:03:58,945 - VALO360 - DEBUG - 自動保存已禁用，跳過配置保存
2025-08-06 17:03:58,945 - VALO360 - DEBUG - 自動保存已禁用，跳過配置保存
2025-08-06 17:03:58,945 - VALO360 - DEBUG - 自動保存已禁用，跳過配置保存
2025-08-06 17:03:58,948 - VALO360 - DEBUG - 自動保存已禁用，跳過配置保存
2025-08-06 17:03:58,948 - VALO360 - DEBUG - 自動保存已禁用，跳過配置保存
2025-08-06 17:03:58,948 - VALO360 - DEBUG - 自動保存已禁用，跳過配置保存
2025-08-06 17:03:58,950 - VALO360 - DEBUG - 自動保存已禁用，跳過配置保存
2025-08-06 17:03:58,950 - VALO360 - DEBUG - 自動保存已禁用，跳過配置保存
2025-08-06 17:03:58,950 - VALO360 - DEBUG - 自動保存已禁用，跳過配置保存
2025-08-06 17:03:58,950 - VALO360 - DEBUG - 自動保存已禁用，跳過配置保存
2025-08-06 17:03:58,950 - VALO360 - DEBUG - 自動保存已禁用，跳過配置保存
2025-08-06 17:03:58,950 - VALO360 - DEBUG - 自動保存已禁用，跳過配置保存
2025-08-06 17:03:58,954 - VALO360 - DEBUG - 自動保存已禁用，跳過配置保存
2025-08-06 17:03:58,954 - VALO360 - DEBUG - 自動保存已禁用，跳過配置保存
2025-08-06 17:03:58,959 - VALO360 - DEBUG - 自動保存已禁用，跳過配置保存
2025-08-06 17:03:58,959 - VALO360 - DEBUG - 自動保存已禁用，跳過配置保存
2025-08-06 17:03:58,959 - VALO360 - DEBUG - 自動保存已禁用，跳過配置保存
2025-08-06 17:03:58,959 - VALO360 - DEBUG - 自動保存已禁用，跳過配置保存
2025-08-06 17:03:58,962 - VALO360 - DEBUG - 自動保存已禁用，跳過配置保存
2025-08-06 17:03:58,962 - VALO360 - DEBUG - 自動保存已禁用，跳過配置保存
2025-08-06 17:03:58,962 - VALO360 - DEBUG - 自動保存已禁用，跳過配置保存
2025-08-06 17:03:58,962 - VALO360 - DEBUG - 自動保存已禁用，跳過配置保存
2025-08-06 17:03:58,962 - VALO360 - DEBUG - 自動保存已禁用，跳過配置保存
2025-08-06 17:03:58,965 - VALO360 - DEBUG - 自動保存已禁用，跳過配置保存
2025-08-06 17:03:58,965 - VALO360 - DEBUG - 自動保存已禁用，跳過配置保存
2025-08-06 17:03:58,965 - VALO360 - DEBUG - 自動保存已禁用，跳過配置保存
2025-08-06 17:03:58,967 - VALO360 - DEBUG - 自動保存已禁用，跳過配置保存
2025-08-06 17:03:58,967 - VALO360 - DEBUG - 自動保存已禁用，跳過配置保存
2025-08-06 17:03:58,969 - VALO360 - DEBUG - 自動保存已禁用，跳過配置保存
2025-08-06 17:03:58,969 - VALO360 - DEBUG - 自動保存已禁用，跳過配置保存
2025-08-06 17:03:58,969 - VALO360 - DEBUG - 自動保存已禁用，跳過配置保存
2025-08-06 17:03:58,969 - VALO360 - DEBUG - 自動保存已禁用，跳過配置保存
2025-08-06 17:03:58,969 - VALO360 - DEBUG - 自動保存已禁用，跳過配置保存
2025-08-06 17:03:58,969 - VALO360 - DEBUG - 自動保存已禁用，跳過配置保存
2025-08-06 17:03:58,972 - VALO360 - DEBUG - 自動保存已禁用，跳過配置保存
2025-08-06 17:03:58,972 - VALO360 - DEBUG - 自動保存已禁用，跳過配置保存
2025-08-06 17:03:58,972 - VALO360 - DEBUG - 自動保存已禁用，跳過配置保存
2025-08-06 17:03:58,972 - VALO360 - DEBUG - 自動保存已禁用，跳過配置保存
2025-08-06 17:03:58,975 - VALO360 - DEBUG - 自動保存已禁用，跳過配置保存
2025-08-06 17:03:58,975 - VALO360 - DEBUG - 自動保存已禁用，跳過配置保存
2025-08-06 17:03:58,975 - VALO360 - DEBUG - 自動保存已禁用，跳過配置保存
2025-08-06 17:03:58,975 - VALO360 - DEBUG - 自動保存已禁用，跳過配置保存
2025-08-06 17:03:58,975 - VALO360 - DEBUG - 自動保存已禁用，跳過配置保存
2025-08-06 17:03:58,975 - VALO360 - DEBUG - 自動保存已禁用，跳過配置保存
2025-08-06 17:03:58,975 - VALO360 - DEBUG - 自動保存已禁用，跳過配置保存
2025-08-06 17:03:58,975 - VALO360 - DEBUG - 自動保存已禁用，跳過配置保存
2025-08-06 17:03:58,975 - VALO360 - DEBUG - 自動保存已禁用，跳過配置保存
2025-08-06 17:03:58,975 - VALO360 - DEBUG - 自動保存已禁用，跳過配置保存
2025-08-06 17:03:58,975 - VALO360 - DEBUG - 自動保存已禁用，跳過配置保存
2025-08-06 17:03:58,975 - VALO360 - DEBUG - 自動保存已禁用，跳過配置保存
2025-08-06 17:03:58,987 - VALO360 - DEBUG - 自動保存已禁用，跳過配置保存
2025-08-06 17:03:58,987 - VALO360 - DEBUG - 自動保存已禁用，跳過配置保存
2025-08-06 17:03:58,987 - VALO360 - DEBUG - 自動保存已禁用，跳過配置保存
2025-08-06 17:03:58,987 - VALO360 - DEBUG - 自動保存已禁用，跳過配置保存
2025-08-06 17:03:58,993 - VALO360 - DEBUG - 自動保存已禁用，跳過配置保存
2025-08-06 17:03:58,993 - VALO360 - DEBUG - 自動保存已禁用，跳過配置保存
2025-08-06 17:03:58,993 - VALO360 - DEBUG - 自動保存已禁用，跳過配置保存
2025-08-06 17:03:58,993 - VALO360 - DEBUG - 自動保存已禁用，跳過配置保存
2025-08-06 17:03:58,995 - VALO360 - DEBUG - 自動保存已禁用，跳過配置保存
2025-08-06 17:03:58,995 - VALO360 - DEBUG - 自動保存已禁用，跳過配置保存
2025-08-06 17:03:58,995 - VALO360 - DEBUG - 自動保存已禁用，跳過配置保存
2025-08-06 17:03:58,998 - VALO360 - DEBUG - 自動保存已禁用，跳過配置保存
2025-08-06 17:03:58,999 - VALO360 - DEBUG - 自動保存已禁用，跳過配置保存
2025-08-06 17:03:59,001 - VALO360 - DEBUG - 自動保存已禁用，跳過配置保存
2025-08-06 17:03:59,001 - VALO360 - DEBUG - 自動保存已禁用，跳過配置保存
2025-08-06 17:03:59,001 - VALO360 - DEBUG - 自動保存已禁用，跳過配置保存
2025-08-06 17:03:59,003 - VALO360 - DEBUG - 自動保存已禁用，跳過配置保存
2025-08-06 17:03:59,003 - VALO360 - DEBUG - 自動保存已禁用，跳過配置保存
2025-08-06 17:03:59,003 - VALO360 - DEBUG - 自動保存已禁用，跳過配置保存
2025-08-06 17:03:59,003 - VALO360 - DEBUG - 自動保存已禁用，跳過配置保存
2025-08-06 17:03:59,008 - VALO360 - DEBUG - 自動保存已禁用，跳過配置保存
2025-08-06 17:03:59,008 - VALO360 - DEBUG - 自動保存已禁用，跳過配置保存
2025-08-06 17:03:59,008 - VALO360 - DEBUG - 自動保存已禁用，跳過配置保存
2025-08-06 17:03:59,011 - VALO360 - DEBUG - 自動保存已禁用，跳過配置保存
2025-08-06 17:03:59,011 - VALO360 - DEBUG - 自動保存已禁用，跳過配置保存
2025-08-06 17:03:59,011 - VALO360 - DEBUG - 自動保存已禁用，跳過配置保存
2025-08-06 17:03:59,011 - VALO360 - DEBUG - 自動保存已禁用，跳過配置保存
2025-08-06 17:03:59,013 - VALO360 - DEBUG - 自動保存已禁用，跳過配置保存
2025-08-06 17:03:59,014 - VALO360 - DEBUG - 自動保存已禁用，跳過配置保存
2025-08-06 17:03:59,014 - VALO360 - DEBUG - 自動保存已禁用，跳過配置保存
2025-08-06 17:03:59,014 - VALO360 - DEBUG - 自動保存已禁用，跳過配置保存
2025-08-06 17:03:59,014 - VALO360 - DEBUG - 自動保存已禁用，跳過配置保存
2025-08-06 17:03:59,016 - VALO360 - DEBUG - 自動保存已禁用，跳過配置保存
2025-08-06 17:03:59,016 - VALO360 - DEBUG - 自動保存已禁用，跳過配置保存
2025-08-06 17:03:59,016 - VALO360 - DEBUG - 自動保存已禁用，跳過配置保存
2025-08-06 17:03:59,016 - VALO360 - DEBUG - 自動保存已禁用，跳過配置保存
2025-08-06 17:03:59,021 - VALO360 - DEBUG - 自動保存已禁用，跳過配置保存
2025-08-06 17:03:59,021 - VALO360 - DEBUG - 自動保存已禁用，跳過配置保存
2025-08-06 17:03:59,021 - VALO360 - DEBUG - 自動保存已禁用，跳過配置保存
2025-08-06 17:03:59,021 - VALO360 - DEBUG - 自動保存已禁用，跳過配置保存
2025-08-06 17:03:59,023 - VALO360 - DEBUG - 自動保存已禁用，跳過配置保存
2025-08-06 17:03:59,025 - VALO360 - DEBUG - 自動保存已禁用，跳過配置保存
2025-08-06 17:03:59,025 - VALO360 - DEBUG - 自動保存已禁用，跳過配置保存
2025-08-06 17:03:59,026 - VALO360 - DEBUG - 自動保存已禁用，跳過配置保存
2025-08-06 17:03:59,033 - VALO360 - DEBUG - 自動保存已禁用，跳過配置保存
2025-08-06 17:03:59,037 - VALO360 - DEBUG - 自動保存已禁用，跳過配置保存
2025-08-06 17:03:59,037 - VALO360 - DEBUG - 自動保存已禁用，跳過配置保存
2025-08-06 17:03:59,037 - VALO360 - DEBUG - 自動保存已禁用，跳過配置保存
2025-08-06 17:03:59,042 - VALO360 - DEBUG - 自動保存已禁用，跳過配置保存
2025-08-06 17:03:59,042 - VALO360 - DEBUG - 自動保存已禁用，跳過配置保存
2025-08-06 17:03:59,042 - VALO360 - DEBUG - 自動保存已禁用，跳過配置保存
2025-08-06 17:03:59,042 - VALO360 - DEBUG - 自動保存已禁用，跳過配置保存
2025-08-06 17:03:59,047 - VALO360 - DEBUG - 自動保存已禁用，跳過配置保存
2025-08-06 17:03:59,047 - VALO360 - DEBUG - 自動保存已禁用，跳過配置保存
2025-08-06 17:03:59,047 - VALO360 - DEBUG - 自動保存已禁用，跳過配置保存
2025-08-06 17:03:59,047 - VALO360 - DEBUG - 自動保存已禁用，跳過配置保存
2025-08-06 17:03:59,051 - VALO360 - DEBUG - 自動保存已禁用，跳過配置保存
2025-08-06 17:03:59,053 - VALO360 - DEBUG - 自動保存已禁用，跳過配置保存
2025-08-06 17:03:59,053 - VALO360 - DEBUG - 自動保存已禁用，跳過配置保存
2025-08-06 17:03:59,053 - VALO360 - DEBUG - 自動保存已禁用，跳過配置保存
2025-08-06 17:03:59,059 - VALO360 - DEBUG - 自動保存已禁用，跳過配置保存
2025-08-06 17:03:59,059 - VALO360 - DEBUG - 自動保存已禁用，跳過配置保存
2025-08-06 17:03:59,060 - VALO360 - DEBUG - 自動保存已禁用，跳過配置保存
2025-08-06 17:03:59,060 - VALO360 - DEBUG - 自動保存已禁用，跳過配置保存
2025-08-06 17:03:59,066 - VALO360 - DEBUG - 自動保存已禁用，跳過配置保存
2025-08-06 17:03:59,066 - VALO360 - DEBUG - 自動保存已禁用，跳過配置保存
2025-08-06 17:03:59,066 - VALO360 - DEBUG - 自動保存已禁用，跳過配置保存
2025-08-06 17:03:59,066 - VALO360 - DEBUG - 自動保存已禁用，跳過配置保存
2025-08-06 17:03:59,071 - VALO360 - DEBUG - 自動保存已禁用，跳過配置保存
2025-08-06 17:03:59,071 - VALO360 - DEBUG - 自動保存已禁用，跳過配置保存
2025-08-06 17:03:59,071 - VALO360 - DEBUG - 自動保存已禁用，跳過配置保存
2025-08-06 17:03:59,072 - VALO360 - DEBUG - 自動保存已禁用，跳過配置保存
2025-08-06 17:03:59,087 - VALO360 - DEBUG - 自動保存已禁用，跳過配置保存
2025-08-06 17:03:59,087 - VALO360 - DEBUG - 自動保存已禁用，跳過配置保存
2025-08-06 17:03:59,087 - VALO360 - DEBUG - 自動保存已禁用，跳過配置保存
2025-08-06 17:03:59,089 - VALO360 - DEBUG - 自動保存已禁用，跳過配置保存
2025-08-06 17:03:59,094 - VALO360 - DEBUG - 自動保存已禁用，跳過配置保存
2025-08-06 17:03:59,094 - VALO360 - DEBUG - 自動保存已禁用，跳過配置保存
2025-08-06 17:03:59,094 - VALO360 - DEBUG - 自動保存已禁用，跳過配置保存
2025-08-06 17:03:59,094 - VALO360 - DEBUG - 自動保存已禁用，跳過配置保存
2025-08-06 17:03:59,098 - VALO360 - DEBUG - 自動保存已禁用，跳過配置保存
2025-08-06 17:03:59,098 - VALO360 - DEBUG - 自動保存已禁用，跳過配置保存
2025-08-06 17:03:59,099 - VALO360 - DEBUG - 自動保存已禁用，跳過配置保存
2025-08-06 17:03:59,099 - VALO360 - DEBUG - 自動保存已禁用，跳過配置保存
2025-08-06 17:03:59,102 - VALO360 - DEBUG - 自動保存已禁用，跳過配置保存
2025-08-06 17:03:59,102 - VALO360 - DEBUG - 自動保存已禁用，跳過配置保存
2025-08-06 17:03:59,102 - VALO360 - DEBUG - 自動保存已禁用，跳過配置保存
2025-08-06 17:03:59,103 - VALO360 - DEBUG - 自動保存已禁用，跳過配置保存
2025-08-06 17:03:59,104 - VALO360 - DEBUG - 自動保存已禁用，跳過配置保存
2025-08-06 17:03:59,105 - VALO360 - DEBUG - 自動保存已禁用，跳過配置保存
2025-08-06 17:03:59,105 - VALO360 - DEBUG - 自動保存已禁用，跳過配置保存
2025-08-06 17:03:59,105 - VALO360 - DEBUG - 自動保存已禁用，跳過配置保存
2025-08-06 17:03:59,109 - VALO360 - DEBUG - 自動保存已禁用，跳過配置保存
2025-08-06 17:03:59,109 - VALO360 - DEBUG - 自動保存已禁用，跳過配置保存
2025-08-06 17:03:59,111 - VALO360 - DEBUG - 自動保存已禁用，跳過配置保存
2025-08-06 17:03:59,111 - VALO360 - DEBUG - 自動保存已禁用，跳過配置保存
2025-08-06 17:03:59,114 - VALO360 - DEBUG - 自動保存已禁用，跳過配置保存
2025-08-06 17:03:59,114 - VALO360 - DEBUG - 自動保存已禁用，跳過配置保存
2025-08-06 17:03:59,115 - VALO360 - DEBUG - 自動保存已禁用，跳過配置保存
2025-08-06 17:03:59,115 - VALO360 - DEBUG - 自動保存已禁用，跳過配置保存
2025-08-06 17:03:59,116 - VALO360 - DEBUG - 自動保存已禁用，跳過配置保存
2025-08-06 17:03:59,116 - VALO360 - DEBUG - 自動保存已禁用，跳過配置保存
2025-08-06 17:03:59,118 - VALO360 - DEBUG - 自動保存已禁用，跳過配置保存
2025-08-06 17:03:59,118 - VALO360 - DEBUG - 自動保存已禁用，跳過配置保存
2025-08-06 17:04:01,144 - VALO360 - DEBUG - 自動保存已禁用，跳過配置保存
2025-08-06 17:04:01,144 - VALO360 - DEBUG - 自動保存已禁用，跳過配置保存
2025-08-06 17:04:01,144 - VALO360 - DEBUG - 自動保存已禁用，跳過配置保存
2025-08-06 17:04:01,144 - VALO360 - DEBUG - 自動保存已禁用，跳過配置保存
2025-08-06 17:04:01,148 - VALO360 - DEBUG - 自動保存已禁用，跳過配置保存
2025-08-06 17:04:01,148 - VALO360 - DEBUG - 自動保存已禁用，跳過配置保存
2025-08-06 17:04:01,148 - VALO360 - DEBUG - 自動保存已禁用，跳過配置保存
2025-08-06 17:04:01,150 - VALO360 - DEBUG - 自動保存已禁用，跳過配置保存
2025-08-06 17:04:01,158 - VALO360 - DEBUG - 自動保存已禁用，跳過配置保存
2025-08-06 17:04:01,158 - VALO360 - DEBUG - 自動保存已禁用，跳過配置保存
2025-08-06 17:04:01,158 - VALO360 - DEBUG - 自動保存已禁用，跳過配置保存
2025-08-06 17:04:01,158 - VALO360 - DEBUG - 自動保存已禁用，跳過配置保存
2025-08-06 17:04:01,160 - VALO360 - DEBUG - 自動保存已禁用，跳過配置保存
2025-08-06 17:04:01,162 - VALO360 - DEBUG - 自動保存已禁用，跳過配置保存
2025-08-06 17:04:01,162 - VALO360 - DEBUG - 自動保存已禁用，跳過配置保存
2025-08-06 17:04:01,162 - VALO360 - DEBUG - 自動保存已禁用，跳過配置保存
2025-08-06 17:04:01,164 - VALO360 - DEBUG - 自動保存已禁用，跳過配置保存
2025-08-06 17:04:01,164 - VALO360 - DEBUG - 自動保存已禁用，跳過配置保存
2025-08-06 17:04:01,164 - VALO360 - DEBUG - 自動保存已禁用，跳過配置保存
2025-08-06 17:04:01,164 - VALO360 - DEBUG - 自動保存已禁用，跳過配置保存
2025-08-06 17:04:01,166 - VALO360 - DEBUG - 自動保存已禁用，跳過配置保存
2025-08-06 17:04:01,166 - VALO360 - DEBUG - 自動保存已禁用，跳過配置保存
2025-08-06 17:04:01,166 - VALO360 - DEBUG - 自動保存已禁用，跳過配置保存
2025-08-06 17:04:01,166 - VALO360 - DEBUG - 自動保存已禁用，跳過配置保存
2025-08-06 17:04:01,168 - VALO360 - DEBUG - 自動保存已禁用，跳過配置保存
2025-08-06 17:04:01,168 - VALO360 - DEBUG - 自動保存已禁用，跳過配置保存
2025-08-06 17:04:01,170 - VALO360 - DEBUG - 自動保存已禁用，跳過配置保存
2025-08-06 17:04:01,170 - VALO360 - DEBUG - 自動保存已禁用，跳過配置保存
2025-08-06 17:04:01,174 - VALO360 - DEBUG - 自動保存已禁用，跳過配置保存
2025-08-06 17:04:01,174 - VALO360 - DEBUG - 自動保存已禁用，跳過配置保存
2025-08-06 17:04:01,174 - VALO360 - DEBUG - 自動保存已禁用，跳過配置保存
2025-08-06 17:04:01,174 - VALO360 - DEBUG - 自動保存已禁用，跳過配置保存
2025-08-06 17:04:01,178 - VALO360 - DEBUG - 自動保存已禁用，跳過配置保存
2025-08-06 17:04:01,179 - VALO360 - DEBUG - 自動保存已禁用，跳過配置保存
2025-08-06 17:04:01,179 - VALO360 - DEBUG - 自動保存已禁用，跳過配置保存
2025-08-06 17:04:01,179 - VALO360 - DEBUG - 自動保存已禁用，跳過配置保存
2025-08-06 17:04:01,181 - VALO360 - DEBUG - 自動保存已禁用，跳過配置保存
2025-08-06 17:04:01,181 - VALO360 - DEBUG - 自動保存已禁用，跳過配置保存
2025-08-06 17:04:01,181 - VALO360 - DEBUG - 自動保存已禁用，跳過配置保存
2025-08-06 17:04:01,181 - VALO360 - DEBUG - 自動保存已禁用，跳過配置保存
2025-08-06 17:04:01,184 - VALO360 - DEBUG - 自動保存已禁用，跳過配置保存
2025-08-06 17:04:01,184 - VALO360 - DEBUG - 自動保存已禁用，跳過配置保存
2025-08-06 17:04:01,184 - VALO360 - DEBUG - 自動保存已禁用，跳過配置保存
2025-08-06 17:04:01,185 - VALO360 - DEBUG - 自動保存已禁用，跳過配置保存
2025-08-06 17:04:01,190 - VALO360 - DEBUG - 自動保存已禁用，跳過配置保存
2025-08-06 17:04:01,192 - VALO360 - DEBUG - 自動保存已禁用，跳過配置保存
2025-08-06 17:04:01,192 - VALO360 - DEBUG - 自動保存已禁用，跳過配置保存
2025-08-06 17:04:01,192 - VALO360 - DEBUG - 自動保存已禁用，跳過配置保存
2025-08-06 17:04:01,194 - VALO360 - DEBUG - 自動保存已禁用，跳過配置保存
2025-08-06 17:04:01,194 - VALO360 - DEBUG - 自動保存已禁用，跳過配置保存
2025-08-06 17:04:01,194 - VALO360 - DEBUG - 自動保存已禁用，跳過配置保存
2025-08-06 17:04:01,195 - VALO360 - DEBUG - 自動保存已禁用，跳過配置保存
2025-08-06 17:04:01,199 - VALO360 - DEBUG - 自動保存已禁用，跳過配置保存
2025-08-06 17:04:01,199 - VALO360 - DEBUG - 自動保存已禁用，跳過配置保存
2025-08-06 17:04:01,199 - VALO360 - DEBUG - 自動保存已禁用，跳過配置保存
2025-08-06 17:04:01,199 - VALO360 - DEBUG - 自動保存已禁用，跳過配置保存
2025-08-06 17:04:01,203 - VALO360 - DEBUG - 自動保存已禁用，跳過配置保存
2025-08-06 17:04:01,203 - VALO360 - DEBUG - 自動保存已禁用，跳過配置保存
2025-08-06 17:04:01,203 - VALO360 - DEBUG - 自動保存已禁用，跳過配置保存
2025-08-06 17:04:01,203 - VALO360 - DEBUG - 自動保存已禁用，跳過配置保存
2025-08-06 17:04:01,903 - VALO360 - DEBUG - 自動保存已禁用，跳過配置保存
2025-08-06 17:04:01,903 - VALO360 - DEBUG - 自動保存已禁用，跳過配置保存
2025-08-06 17:04:01,903 - VALO360 - DEBUG - 自動保存已禁用，跳過配置保存
2025-08-06 17:04:01,905 - VALO360 - DEBUG - 自動保存已禁用，跳過配置保存
2025-08-06 17:04:01,909 - VALO360 - DEBUG - 自動保存已禁用，跳過配置保存
2025-08-06 17:04:01,909 - VALO360 - DEBUG - 自動保存已禁用，跳過配置保存
2025-08-06 17:04:01,911 - VALO360 - DEBUG - 自動保存已禁用，跳過配置保存
2025-08-06 17:04:01,911 - VALO360 - DEBUG - 自動保存已禁用，跳過配置保存
2025-08-06 17:04:01,911 - VALO360 - DEBUG - 自動保存已禁用，跳過配置保存
2025-08-06 17:04:01,911 - VALO360 - DEBUG - 自動保存已禁用，跳過配置保存
2025-08-06 17:04:01,911 - VALO360 - DEBUG - 自動保存已禁用，跳過配置保存
2025-08-06 17:04:01,911 - VALO360 - DEBUG - 自動保存已禁用，跳過配置保存
2025-08-06 17:04:01,913 - VALO360 - DEBUG - 自動保存已禁用，跳過配置保存
2025-08-06 17:04:01,913 - VALO360 - DEBUG - 自動保存已禁用，跳過配置保存
2025-08-06 17:04:01,913 - VALO360 - DEBUG - 自動保存已禁用，跳過配置保存
2025-08-06 17:04:01,913 - VALO360 - DEBUG - 自動保存已禁用，跳過配置保存
2025-08-06 17:04:01,920 - VALO360 - DEBUG - 自動保存已禁用，跳過配置保存
2025-08-06 17:04:01,922 - VALO360 - DEBUG - 自動保存已禁用，跳過配置保存
2025-08-06 17:04:01,922 - VALO360 - DEBUG - 自動保存已禁用，跳過配置保存
2025-08-06 17:04:01,922 - VALO360 - DEBUG - 自動保存已禁用，跳過配置保存
2025-08-06 17:04:01,924 - VALO360 - DEBUG - 自動保存已禁用，跳過配置保存
2025-08-06 17:04:01,924 - VALO360 - DEBUG - 自動保存已禁用，跳過配置保存
2025-08-06 17:04:01,927 - VALO360 - DEBUG - 自動保存已禁用，跳過配置保存
2025-08-06 17:04:01,927 - VALO360 - DEBUG - 自動保存已禁用，跳過配置保存
2025-08-06 17:04:01,927 - VALO360 - DEBUG - 自動保存已禁用，跳過配置保存
2025-08-06 17:04:01,927 - VALO360 - DEBUG - 自動保存已禁用，跳過配置保存
2025-08-06 17:04:01,927 - VALO360 - DEBUG - 自動保存已禁用，跳過配置保存
2025-08-06 17:04:01,930 - VALO360 - DEBUG - 自動保存已禁用，跳過配置保存
2025-08-06 17:04:01,931 - VALO360 - DEBUG - 自動保存已禁用，跳過配置保存
2025-08-06 17:04:01,931 - VALO360 - DEBUG - 自動保存已禁用，跳過配置保存
2025-08-06 17:04:01,931 - VALO360 - DEBUG - 自動保存已禁用，跳過配置保存
2025-08-06 17:04:01,931 - VALO360 - DEBUG - 自動保存已禁用，跳過配置保存
2025-08-06 17:04:01,931 - VALO360 - DEBUG - 自動保存已禁用，跳過配置保存
2025-08-06 17:04:01,931 - VALO360 - DEBUG - 自動保存已禁用，跳過配置保存
2025-08-06 17:04:01,931 - VALO360 - DEBUG - 自動保存已禁用，跳過配置保存
2025-08-06 17:04:01,931 - VALO360 - DEBUG - 自動保存已禁用，跳過配置保存
2025-08-06 17:04:01,931 - VALO360 - DEBUG - 自動保存已禁用，跳過配置保存
2025-08-06 17:04:01,931 - VALO360 - DEBUG - 自動保存已禁用，跳過配置保存
2025-08-06 17:04:01,931 - VALO360 - DEBUG - 自動保存已禁用，跳過配置保存
2025-08-06 17:04:01,931 - VALO360 - DEBUG - 自動保存已禁用，跳過配置保存
2025-08-06 17:04:01,940 - VALO360 - DEBUG - 自動保存已禁用，跳過配置保存
2025-08-06 17:04:01,940 - VALO360 - DEBUG - 自動保存已禁用，跳過配置保存
2025-08-06 17:04:01,940 - VALO360 - DEBUG - 自動保存已禁用，跳過配置保存
2025-08-06 17:04:01,940 - VALO360 - DEBUG - 自動保存已禁用，跳過配置保存
2025-08-06 17:04:01,940 - VALO360 - DEBUG - 自動保存已禁用，跳過配置保存
2025-08-06 17:04:01,940 - VALO360 - DEBUG - 自動保存已禁用，跳過配置保存
2025-08-06 17:04:01,940 - VALO360 - DEBUG - 自動保存已禁用，跳過配置保存
2025-08-06 17:04:01,940 - VALO360 - DEBUG - 自動保存已禁用，跳過配置保存
2025-08-06 17:04:01,947 - VALO360 - DEBUG - 自動保存已禁用，跳過配置保存
2025-08-06 17:04:01,947 - VALO360 - DEBUG - 自動保存已禁用，跳過配置保存
2025-08-06 17:04:01,947 - VALO360 - DEBUG - 自動保存已禁用，跳過配置保存
2025-08-06 17:04:01,947 - VALO360 - DEBUG - 自動保存已禁用，跳過配置保存
2025-08-06 17:04:01,947 - VALO360 - DEBUG - 自動保存已禁用，跳過配置保存
2025-08-06 17:04:01,947 - VALO360 - DEBUG - 自動保存已禁用，跳過配置保存
2025-08-06 17:04:01,947 - VALO360 - DEBUG - 自動保存已禁用，跳過配置保存
2025-08-06 17:04:01,947 - VALO360 - DEBUG - 自動保存已禁用，跳過配置保存
2025-08-06 17:04:01,950 - VALO360 - DEBUG - 自動保存已禁用，跳過配置保存
2025-08-06 17:04:01,952 - VALO360 - DEBUG - 自動保存已禁用，跳過配置保存
2025-08-06 17:04:01,952 - VALO360 - DEBUG - 自動保存已禁用，跳過配置保存
2025-08-06 17:04:01,952 - VALO360 - DEBUG - 自動保存已禁用，跳過配置保存
2025-08-06 17:04:01,952 - VALO360 - DEBUG - 自動保存已禁用，跳過配置保存
2025-08-06 17:04:01,952 - VALO360 - DEBUG - 自動保存已禁用，跳過配置保存
2025-08-06 17:04:01,952 - VALO360 - DEBUG - 自動保存已禁用，跳過配置保存
2025-08-06 17:04:01,952 - VALO360 - DEBUG - 自動保存已禁用，跳過配置保存
2025-08-06 17:04:01,958 - VALO360 - DEBUG - 自動保存已禁用，跳過配置保存
2025-08-06 17:04:01,958 - VALO360 - DEBUG - 自動保存已禁用，跳過配置保存
2025-08-06 17:04:01,958 - VALO360 - DEBUG - 自動保存已禁用，跳過配置保存
2025-08-06 17:04:01,960 - VALO360 - DEBUG - 自動保存已禁用，跳過配置保存
2025-08-06 17:04:01,962 - VALO360 - DEBUG - 自動保存已禁用，跳過配置保存
2025-08-06 17:04:01,962 - VALO360 - DEBUG - 自動保存已禁用，跳過配置保存
2025-08-06 17:04:01,962 - VALO360 - DEBUG - 自動保存已禁用，跳過配置保存
2025-08-06 17:04:01,964 - VALO360 - DEBUG - 自動保存已禁用，跳過配置保存
2025-08-06 17:04:01,965 - VALO360 - DEBUG - 自動保存已禁用，跳過配置保存
2025-08-06 17:04:01,965 - VALO360 - DEBUG - 自動保存已禁用，跳過配置保存
2025-08-06 17:04:01,965 - VALO360 - DEBUG - 自動保存已禁用，跳過配置保存
2025-08-06 17:04:01,965 - VALO360 - DEBUG - 自動保存已禁用，跳過配置保存
2025-08-06 17:04:01,965 - VALO360 - DEBUG - 自動保存已禁用，跳過配置保存
2025-08-06 17:04:01,968 - VALO360 - DEBUG - 自動保存已禁用，跳過配置保存
2025-08-06 17:04:01,968 - VALO360 - DEBUG - 自動保存已禁用，跳過配置保存
2025-08-06 17:04:01,968 - VALO360 - DEBUG - 自動保存已禁用，跳過配置保存
2025-08-06 17:04:01,970 - VALO360 - DEBUG - 自動保存已禁用，跳過配置保存
2025-08-06 17:04:01,970 - VALO360 - DEBUG - 自動保存已禁用，跳過配置保存
2025-08-06 17:04:01,970 - VALO360 - DEBUG - 自動保存已禁用，跳過配置保存
2025-08-06 17:04:01,970 - VALO360 - DEBUG - 自動保存已禁用，跳過配置保存
2025-08-06 17:04:01,977 - VALO360 - DEBUG - 自動保存已禁用，跳過配置保存
2025-08-06 17:04:01,977 - VALO360 - DEBUG - 自動保存已禁用，跳過配置保存
2025-08-06 17:04:01,977 - VALO360 - DEBUG - 自動保存已禁用，跳過配置保存
2025-08-06 17:04:01,977 - VALO360 - DEBUG - 自動保存已禁用，跳過配置保存
2025-08-06 17:04:01,977 - VALO360 - DEBUG - 自動保存已禁用，跳過配置保存
2025-08-06 17:04:01,977 - VALO360 - DEBUG - 自動保存已禁用，跳過配置保存
2025-08-06 17:04:01,977 - VALO360 - DEBUG - 自動保存已禁用，跳過配置保存
2025-08-06 17:04:01,977 - VALO360 - DEBUG - 自動保存已禁用，跳過配置保存
2025-08-06 17:04:01,981 - VALO360 - DEBUG - 自動保存已禁用，跳過配置保存
2025-08-06 17:04:01,981 - VALO360 - DEBUG - 自動保存已禁用，跳過配置保存
2025-08-06 17:04:01,981 - VALO360 - DEBUG - 自動保存已禁用，跳過配置保存
2025-08-06 17:04:01,981 - VALO360 - DEBUG - 自動保存已禁用，跳過配置保存
2025-08-06 17:04:01,983 - VALO360 - DEBUG - 自動保存已禁用，跳過配置保存
2025-08-06 17:04:01,983 - VALO360 - DEBUG - 自動保存已禁用，跳過配置保存
2025-08-06 17:04:01,983 - VALO360 - DEBUG - 自動保存已禁用，跳過配置保存
2025-08-06 17:04:01,983 - VALO360 - DEBUG - 自動保存已禁用，跳過配置保存
2025-08-06 17:04:01,986 - VALO360 - DEBUG - 自動保存已禁用，跳過配置保存
2025-08-06 17:04:01,986 - VALO360 - DEBUG - 自動保存已禁用，跳過配置保存
2025-08-06 17:04:01,986 - VALO360 - DEBUG - 自動保存已禁用，跳過配置保存
2025-08-06 17:04:01,986 - VALO360 - DEBUG - 自動保存已禁用，跳過配置保存
2025-08-06 17:04:01,990 - VALO360 - DEBUG - 自動保存已禁用，跳過配置保存
2025-08-06 17:04:01,990 - VALO360 - DEBUG - 自動保存已禁用，跳過配置保存
2025-08-06 17:04:01,990 - VALO360 - DEBUG - 自動保存已禁用，跳過配置保存
2025-08-06 17:04:01,990 - VALO360 - DEBUG - 自動保存已禁用，跳過配置保存
2025-08-06 17:04:01,991 - VALO360 - DEBUG - 自動保存已禁用，跳過配置保存
2025-08-06 17:04:01,993 - VALO360 - DEBUG - 自動保存已禁用，跳過配置保存
2025-08-06 17:04:01,993 - VALO360 - DEBUG - 自動保存已禁用，跳過配置保存
2025-08-06 17:04:01,993 - VALO360 - DEBUG - 自動保存已禁用，跳過配置保存
2025-08-06 17:04:01,995 - VALO360 - DEBUG - 自動保存已禁用，跳過配置保存
2025-08-06 17:04:01,995 - VALO360 - DEBUG - 自動保存已禁用，跳過配置保存
2025-08-06 17:04:01,995 - VALO360 - DEBUG - 自動保存已禁用，跳過配置保存
2025-08-06 17:04:01,995 - VALO360 - DEBUG - 自動保存已禁用，跳過配置保存
2025-08-06 17:04:01,995 - VALO360 - DEBUG - 自動保存已禁用，跳過配置保存
2025-08-06 17:04:01,995 - VALO360 - DEBUG - 自動保存已禁用，跳過配置保存
2025-08-06 17:04:01,997 - VALO360 - DEBUG - 自動保存已禁用，跳過配置保存
2025-08-06 17:04:01,997 - VALO360 - DEBUG - 自動保存已禁用，跳過配置保存
2025-08-06 17:04:01,997 - VALO360 - DEBUG - 自動保存已禁用，跳過配置保存
2025-08-06 17:04:01,997 - VALO360 - DEBUG - 自動保存已禁用，跳過配置保存
2025-08-06 17:04:01,997 - VALO360 - DEBUG - 自動保存已禁用，跳過配置保存
2025-08-06 17:04:02,000 - VALO360 - DEBUG - 自動保存已禁用，跳過配置保存
2025-08-06 17:04:02,002 - VALO360 - DEBUG - 自動保存已禁用，跳過配置保存
2025-08-06 17:04:02,002 - VALO360 - DEBUG - 自動保存已禁用，跳過配置保存
2025-08-06 17:04:02,002 - VALO360 - DEBUG - 自動保存已禁用，跳過配置保存
2025-08-06 17:04:02,002 - VALO360 - DEBUG - 自動保存已禁用，跳過配置保存
2025-08-06 17:04:02,002 - VALO360 - DEBUG - 自動保存已禁用，跳過配置保存
2025-08-06 17:04:02,002 - VALO360 - DEBUG - 自動保存已禁用，跳過配置保存
2025-08-06 17:04:02,002 - VALO360 - DEBUG - 自動保存已禁用，跳過配置保存
2025-08-06 17:04:02,005 - VALO360 - DEBUG - 自動保存已禁用，跳過配置保存
2025-08-06 17:04:02,011 - VALO360 - DEBUG - 自動保存已禁用，跳過配置保存
2025-08-06 17:04:02,011 - VALO360 - DEBUG - 自動保存已禁用，跳過配置保存
2025-08-06 17:04:02,011 - VALO360 - DEBUG - 自動保存已禁用，跳過配置保存
2025-08-06 17:04:02,011 - VALO360 - DEBUG - 自動保存已禁用，跳過配置保存
2025-08-06 17:04:02,011 - VALO360 - DEBUG - 自動保存已禁用，跳過配置保存
2025-08-06 17:04:02,011 - VALO360 - DEBUG - 自動保存已禁用，跳過配置保存
2025-08-06 17:04:02,011 - VALO360 - DEBUG - 自動保存已禁用，跳過配置保存
2025-08-06 17:04:02,014 - VALO360 - DEBUG - 自動保存已禁用，跳過配置保存
2025-08-06 17:04:04,230 - VALO360 - DEBUG - 自動保存已禁用，跳過配置保存
2025-08-06 17:04:04,230 - VALO360 - DEBUG - 自動保存已禁用，跳過配置保存
2025-08-06 17:04:04,230 - VALO360 - DEBUG - 自動保存已禁用，跳過配置保存
2025-08-06 17:04:04,230 - VALO360 - DEBUG - 自動保存已禁用，跳過配置保存
2025-08-06 17:04:08,167 - VALO360 - DEBUG - SerialWorker 初始化: COM=COM9 - AT PORT, 指令數=1, 超時=30s
2025-08-06 17:04:08,175 - VALO360 - INFO - 開始執行序列埠任務: COM9 - AT PORT
2025-08-06 17:04:08,177 - VALO360 - DEBUG - 自動保存已禁用，跳過配置保存
2025-08-06 17:04:08,177 - VALO360 - DEBUG - 自動保存已禁用，跳過配置保存
2025-08-06 17:04:08,177 - VALO360 - DEBUG - 自動保存已禁用，跳過配置保存
2025-08-06 17:04:08,177 - VALO360 - DEBUG - 自動保存已禁用，跳過配置保存
2025-08-06 17:04:08,178 - VALO360 - DEBUG - 自動保存已禁用，跳過配置保存
2025-08-06 17:04:08,178 - VALO360 - DEBUG - 自動保存已禁用，跳過配置保存
2025-08-06 17:04:08,178 - VALO360 - DEBUG - 自動保存已禁用，跳過配置保存
2025-08-06 17:04:08,178 - VALO360 - DEBUG - 自動保存已禁用，跳過配置保存
2025-08-06 17:04:08,180 - VALO360 - DEBUG - 自動保存已禁用，跳過配置保存
2025-08-06 17:04:08,180 - VALO360 - DEBUG - 自動保存已禁用，跳過配置保存
2025-08-06 17:04:08,181 - VALO360 - DEBUG - 自動保存已禁用，跳過配置保存
2025-08-06 17:04:08,181 - VALO360 - DEBUG - 自動保存已禁用，跳過配置保存
2025-08-06 17:04:08,181 - VALO360 - DEBUG - 自動保存已禁用，跳過配置保存
2025-08-06 17:04:08,181 - VALO360 - DEBUG - 自動保存已禁用，跳過配置保存
2025-08-06 17:04:08,181 - VALO360 - DEBUG - 自動保存已禁用，跳過配置保存
2025-08-06 17:04:08,181 - VALO360 - DEBUG - 自動保存已禁用，跳過配置保存
2025-08-06 17:04:08,183 - VALO360 - DEBUG - 自動保存已禁用，跳過配置保存
2025-08-06 17:04:08,183 - VALO360 - DEBUG - 自動保存已禁用，跳過配置保存
2025-08-06 17:04:08,183 - VALO360 - DEBUG - 自動保存已禁用，跳過配置保存
2025-08-06 17:04:08,183 - VALO360 - DEBUG - 自動保存已禁用，跳過配置保存
2025-08-06 17:04:08,184 - VALO360 - DEBUG - 自動保存已禁用，跳過配置保存
2025-08-06 17:04:08,184 - VALO360 - DEBUG - 自動保存已禁用，跳過配置保存
2025-08-06 17:04:08,184 - VALO360 - DEBUG - 自動保存已禁用，跳過配置保存
2025-08-06 17:04:08,184 - VALO360 - DEBUG - 自動保存已禁用，跳過配置保存
2025-08-06 17:04:08,184 - VALO360 - DEBUG - 自動保存已禁用，跳過配置保存
2025-08-06 17:04:08,184 - VALO360 - DEBUG - 自動保存已禁用，跳過配置保存
2025-08-06 17:04:08,184 - VALO360 - DEBUG - 自動保存已禁用，跳過配置保存
2025-08-06 17:04:08,184 - VALO360 - DEBUG - 自動保存已禁用，跳過配置保存
2025-08-06 17:04:08,184 - VALO360 - DEBUG - 自動保存已禁用，跳過配置保存
2025-08-06 17:04:08,184 - VALO360 - DEBUG - 自動保存已禁用，跳過配置保存
2025-08-06 17:04:08,184 - VALO360 - DEBUG - 自動保存已禁用，跳過配置保存
2025-08-06 17:04:08,189 - VALO360 - DEBUG - 自動保存已禁用，跳過配置保存
2025-08-06 17:04:08,189 - VALO360 - DEBUG - SerialWorker 執行完成
2025-08-06 17:04:08,191 - VALO360 - DEBUG - 自動保存已禁用，跳過配置保存
2025-08-06 17:04:08,191 - VALO360 - DEBUG - 自動保存已禁用，跳過配置保存
2025-08-06 17:04:08,191 - VALO360 - DEBUG - 自動保存已禁用，跳過配置保存
2025-08-06 17:04:08,191 - VALO360 - DEBUG - 自動保存已禁用，跳過配置保存
2025-08-06 17:04:08,192 - VALO360 - DEBUG - 自動保存已禁用，跳過配置保存
2025-08-06 17:04:08,192 - VALO360 - DEBUG - 自動保存已禁用，跳過配置保存
2025-08-06 17:04:08,192 - VALO360 - DEBUG - 自動保存已禁用，跳過配置保存
2025-08-06 17:04:08,194 - VALO360 - DEBUG - 自動保存已禁用，跳過配置保存
2025-08-06 17:04:08,194 - VALO360 - DEBUG - 自動保存已禁用，跳過配置保存
2025-08-06 17:04:08,194 - VALO360 - DEBUG - 自動保存已禁用，跳過配置保存
2025-08-06 17:04:08,194 - VALO360 - DEBUG - 自動保存已禁用，跳過配置保存
2025-08-06 17:04:08,194 - VALO360 - DEBUG - 自動保存已禁用，跳過配置保存
2025-08-06 17:04:08,197 - VALO360 - DEBUG - 自動保存已禁用，跳過配置保存
2025-08-06 17:04:08,197 - VALO360 - DEBUG - 自動保存已禁用，跳過配置保存
2025-08-06 17:04:08,197 - VALO360 - DEBUG - 自動保存已禁用，跳過配置保存
2025-08-06 17:04:08,197 - VALO360 - DEBUG - 自動保存已禁用，跳過配置保存
2025-08-06 17:04:08,201 - VALO360 - DEBUG - 自動保存已禁用，跳過配置保存
2025-08-06 17:04:08,201 - VALO360 - DEBUG - 自動保存已禁用，跳過配置保存
2025-08-06 17:04:08,201 - VALO360 - DEBUG - 自動保存已禁用，跳過配置保存
2025-08-06 17:04:08,201 - VALO360 - DEBUG - 自動保存已禁用，跳過配置保存
2025-08-06 17:04:08,201 - VALO360 - DEBUG - 自動保存已禁用，跳過配置保存
2025-08-06 17:04:08,201 - VALO360 - DEBUG - 自動保存已禁用，跳過配置保存
2025-08-06 17:04:08,201 - VALO360 - DEBUG - 自動保存已禁用，跳過配置保存
2025-08-06 17:04:08,201 - VALO360 - DEBUG - 自動保存已禁用，跳過配置保存
2025-08-06 17:04:08,201 - VALO360 - DEBUG - 自動保存已禁用，跳過配置保存
2025-08-06 17:04:08,201 - VALO360 - DEBUG - 自動保存已禁用，跳過配置保存
2025-08-06 17:04:08,201 - VALO360 - DEBUG - 自動保存已禁用，跳過配置保存
2025-08-06 17:04:08,201 - VALO360 - DEBUG - 自動保存已禁用，跳過配置保存
2025-08-06 17:04:08,204 - VALO360 - DEBUG - 自動保存已禁用，跳過配置保存
2025-08-06 17:04:08,204 - VALO360 - DEBUG - 自動保存已禁用，跳過配置保存
2025-08-06 17:04:08,204 - VALO360 - DEBUG - 自動保存已禁用，跳過配置保存
2025-08-06 17:04:08,204 - VALO360 - DEBUG - 自動保存已禁用，跳過配置保存
2025-08-06 17:04:23,277 - VALO360 - DEBUG - 自動保存已禁用，跳過配置保存
2025-08-06 17:04:23,285 - VALO360 - DEBUG - 配置已備份至: backup\setup_backup_20250806_170423.json
2025-08-06 17:04:23,288 - VALO360 - DEBUG - 配置保存成功
2025-08-06 17:04:23,288 - VALO360 - DEBUG - 自動保存已禁用，跳過配置保存
2025-08-06 17:04:23,305 - VALO360 - DEBUG - 自動保存已禁用，跳過配置保存
2025-08-06 17:04:23,305 - VALO360 - DEBUG - 自動保存已禁用，跳過配置保存
2025-08-06 17:04:23,305 - VALO360 - DEBUG - 自動保存已禁用，跳過配置保存
2025-08-06 17:04:23,305 - VALO360 - DEBUG - 自動保存已禁用，跳過配置保存
2025-08-06 17:04:23,459 - VALO360 - DEBUG - 自動保存已禁用，跳過配置保存
2025-08-06 17:04:23,461 - VALO360 - DEBUG - 自動保存已禁用，跳過配置保存
2025-08-06 17:04:23,461 - VALO360 - DEBUG - 自動保存已禁用，跳過配置保存
2025-08-06 17:04:23,461 - VALO360 - DEBUG - 自動保存已禁用，跳過配置保存
2025-08-06 17:04:23,464 - VALO360 - DEBUG - 自動保存已禁用，跳過配置保存
2025-08-06 17:04:23,464 - VALO360 - DEBUG - 自動保存已禁用，跳過配置保存
2025-08-06 17:04:23,466 - VALO360 - DEBUG - 自動保存已禁用，跳過配置保存
2025-08-06 17:04:23,466 - VALO360 - DEBUG - 自動保存已禁用，跳過配置保存
2025-08-06 17:04:23,471 - VALO360 - DEBUG - 自動保存已禁用，跳過配置保存
2025-08-06 17:04:23,472 - VALO360 - DEBUG - 自動保存已禁用，跳過配置保存
2025-08-06 17:04:23,472 - VALO360 - DEBUG - 自動保存已禁用，跳過配置保存
2025-08-06 17:04:23,472 - VALO360 - DEBUG - 自動保存已禁用，跳過配置保存
2025-08-06 17:04:23,472 - VALO360 - DEBUG - 自動保存已禁用，跳過配置保存
2025-08-06 17:04:23,472 - VALO360 - DEBUG - 自動保存已禁用，跳過配置保存
2025-08-06 17:04:23,472 - VALO360 - DEBUG - 自動保存已禁用，跳過配置保存
2025-08-06 17:04:23,472 - VALO360 - DEBUG - 自動保存已禁用，跳過配置保存
2025-08-06 17:04:23,500 - VALO360 - DEBUG - 自動保存已禁用，跳過配置保存
2025-08-06 17:04:23,502 - VALO360 - DEBUG - 自動保存已禁用，跳過配置保存
2025-08-06 17:04:23,502 - VALO360 - DEBUG - 自動保存已禁用，跳過配置保存
2025-08-06 17:04:23,502 - VALO360 - DEBUG - 自動保存已禁用，跳過配置保存
2025-08-06 17:04:23,502 - VALO360 - DEBUG - 自動保存已禁用，跳過配置保存
2025-08-06 17:04:23,502 - VALO360 - DEBUG - 自動保存已禁用，跳過配置保存
2025-08-06 17:04:23,502 - VALO360 - DEBUG - 自動保存已禁用，跳過配置保存
2025-08-06 17:04:23,502 - VALO360 - DEBUG - 自動保存已禁用，跳過配置保存
2025-08-06 17:04:23,502 - VALO360 - DEBUG - 自動保存已禁用，跳過配置保存
2025-08-06 17:04:23,502 - VALO360 - DEBUG - 自動保存已禁用，跳過配置保存
2025-08-06 17:04:23,502 - VALO360 - DEBUG - 自動保存已禁用，跳過配置保存
2025-08-06 17:04:23,502 - VALO360 - DEBUG - 自動保存已禁用，跳過配置保存
2025-08-06 17:04:23,502 - VALO360 - DEBUG - 自動保存已禁用，跳過配置保存
2025-08-06 17:04:23,502 - VALO360 - DEBUG - 自動保存已禁用，跳過配置保存
2025-08-06 17:04:23,502 - VALO360 - DEBUG - 自動保存已禁用，跳過配置保存
2025-08-06 17:04:23,502 - VALO360 - DEBUG - 自動保存已禁用，跳過配置保存
2025-08-06 17:04:23,509 - VALO360 - DEBUG - 自動保存已禁用，跳過配置保存
2025-08-06 17:04:23,509 - VALO360 - DEBUG - 自動保存已禁用，跳過配置保存
2025-08-06 17:04:23,510 - VALO360 - DEBUG - 自動保存已禁用，跳過配置保存
2025-08-06 17:04:23,510 - VALO360 - DEBUG - 自動保存已禁用，跳過配置保存
2025-08-06 17:04:23,510 - VALO360 - DEBUG - 自動保存已禁用，跳過配置保存
2025-08-06 17:04:23,510 - VALO360 - DEBUG - 自動保存已禁用，跳過配置保存
2025-08-06 17:04:23,510 - VALO360 - DEBUG - 自動保存已禁用，跳過配置保存
2025-08-06 17:04:23,510 - VALO360 - DEBUG - 自動保存已禁用，跳過配置保存
2025-08-06 17:04:23,510 - VALO360 - DEBUG - 自動保存已禁用，跳過配置保存
2025-08-06 17:04:23,510 - VALO360 - DEBUG - 自動保存已禁用，跳過配置保存
2025-08-06 17:04:23,510 - VALO360 - DEBUG - 自動保存已禁用，跳過配置保存
2025-08-06 17:04:23,510 - VALO360 - DEBUG - 自動保存已禁用，跳過配置保存
2025-08-06 17:04:23,517 - VALO360 - DEBUG - 自動保存已禁用，跳過配置保存
2025-08-06 17:04:23,517 - VALO360 - DEBUG - 自動保存已禁用，跳過配置保存
2025-08-06 17:04:23,517 - VALO360 - DEBUG - 自動保存已禁用，跳過配置保存
2025-08-06 17:04:23,518 - VALO360 - DEBUG - 自動保存已禁用，跳過配置保存
2025-08-06 17:04:23,518 - VALO360 - DEBUG - 自動保存已禁用，跳過配置保存
2025-08-06 17:04:23,518 - VALO360 - DEBUG - 自動保存已禁用，跳過配置保存
2025-08-06 17:04:23,518 - VALO360 - DEBUG - 自動保存已禁用，跳過配置保存
2025-08-06 17:04:23,520 - VALO360 - DEBUG - 自動保存已禁用，跳過配置保存
2025-08-06 17:04:23,520 - VALO360 - DEBUG - 自動保存已禁用，跳過配置保存
2025-08-06 17:04:23,520 - VALO360 - DEBUG - 自動保存已禁用，跳過配置保存
2025-08-06 17:04:23,520 - VALO360 - DEBUG - 自動保存已禁用，跳過配置保存
2025-08-06 17:04:23,520 - VALO360 - DEBUG - 自動保存已禁用，跳過配置保存
2025-08-06 17:04:23,524 - VALO360 - DEBUG - 自動保存已禁用，跳過配置保存
2025-08-06 17:04:23,524 - VALO360 - DEBUG - 自動保存已禁用，跳過配置保存
2025-08-06 17:04:23,524 - VALO360 - DEBUG - 自動保存已禁用，跳過配置保存
2025-08-06 17:04:23,524 - VALO360 - DEBUG - 自動保存已禁用，跳過配置保存
2025-08-06 17:04:23,527 - VALO360 - DEBUG - 自動保存已禁用，跳過配置保存
2025-08-06 17:04:23,527 - VALO360 - DEBUG - 自動保存已禁用，跳過配置保存
2025-08-06 17:04:23,527 - VALO360 - DEBUG - 自動保存已禁用，跳過配置保存
2025-08-06 17:04:23,528 - VALO360 - DEBUG - 自動保存已禁用，跳過配置保存
2025-08-06 17:04:23,641 - VALO360 - DEBUG - 找到 4 個COM口: ['COM9 - AT PORT', 'COM8 - NMEA PORT', 'COM7 - DM PORT', 'COM3']
2025-08-06 17:04:23,763 - VALO360 - DEBUG - 自動保存已禁用，跳過配置保存
2025-08-06 17:04:23,763 - VALO360 - DEBUG - 自動保存已禁用，跳過配置保存
2025-08-06 17:04:23,763 - VALO360 - DEBUG - 自動保存已禁用，跳過配置保存
2025-08-06 17:04:23,765 - VALO360 - DEBUG - 自動保存已禁用，跳過配置保存
2025-08-06 17:04:23,768 - VALO360 - DEBUG - 自動保存已禁用，跳過配置保存
2025-08-06 17:04:23,768 - VALO360 - DEBUG - 自動保存已禁用，跳過配置保存
2025-08-06 17:04:23,770 - VALO360 - DEBUG - 自動保存已禁用，跳過配置保存
2025-08-06 17:04:23,770 - VALO360 - DEBUG - 自動保存已禁用，跳過配置保存
2025-08-06 17:04:23,770 - VALO360 - DEBUG - 自動保存已禁用，跳過配置保存
2025-08-06 17:04:23,770 - VALO360 - DEBUG - 自動保存已禁用，跳過配置保存
2025-08-06 17:04:23,770 - VALO360 - DEBUG - 自動保存已禁用，跳過配置保存
2025-08-06 17:04:23,772 - VALO360 - DEBUG - 自動保存已禁用，跳過配置保存
2025-08-06 17:04:23,774 - VALO360 - DEBUG - 自動保存已禁用，跳過配置保存
2025-08-06 17:04:23,778 - VALO360 - DEBUG - 自動保存已禁用，跳過配置保存
2025-08-06 17:04:23,778 - VALO360 - DEBUG - 自動保存已禁用，跳過配置保存
2025-08-06 17:04:23,778 - VALO360 - DEBUG - 自動保存已禁用，跳過配置保存
2025-08-06 17:04:25,852 - VALO360 - DEBUG - 自動保存已禁用，跳過配置保存
2025-08-06 17:04:25,853 - VALO360 - DEBUG - 自動保存已禁用，跳過配置保存
2025-08-06 17:04:25,853 - VALO360 - DEBUG - 自動保存已禁用，跳過配置保存
2025-08-06 17:04:25,853 - VALO360 - DEBUG - 自動保存已禁用，跳過配置保存
2025-08-06 17:04:27,303 - VALO360 - DEBUG - 自動保存已禁用，跳過配置保存
2025-08-06 17:04:27,309 - VALO360 - DEBUG - 自動保存已禁用，跳過配置保存
2025-08-06 17:04:27,309 - VALO360 - DEBUG - 自動保存已禁用，跳過配置保存
2025-08-06 17:04:27,309 - VALO360 - DEBUG - 自動保存已禁用，跳過配置保存
2025-08-06 17:04:27,312 - VALO360 - DEBUG - 自動保存已禁用，跳過配置保存
2025-08-06 17:04:27,312 - VALO360 - DEBUG - 自動保存已禁用，跳過配置保存
2025-08-06 17:04:27,312 - VALO360 - DEBUG - 自動保存已禁用，跳過配置保存
2025-08-06 17:04:27,312 - VALO360 - DEBUG - 自動保存已禁用，跳過配置保存
2025-08-06 17:04:27,314 - VALO360 - DEBUG - 自動保存已禁用，跳過配置保存
2025-08-06 17:04:27,314 - VALO360 - DEBUG - 自動保存已禁用，跳過配置保存
2025-08-06 17:04:27,314 - VALO360 - DEBUG - 自動保存已禁用，跳過配置保存
2025-08-06 17:04:27,322 - VALO360 - DEBUG - 自動保存已禁用，跳過配置保存
2025-08-06 17:04:27,324 - VALO360 - DEBUG - 自動保存已禁用，跳過配置保存
2025-08-06 17:04:27,324 - VALO360 - DEBUG - 自動保存已禁用，跳過配置保存
2025-08-06 17:04:27,324 - VALO360 - DEBUG - 自動保存已禁用，跳過配置保存
2025-08-06 17:04:27,324 - VALO360 - DEBUG - 自動保存已禁用，跳過配置保存
2025-08-06 17:04:27,324 - VALO360 - DEBUG - 自動保存已禁用，跳過配置保存
2025-08-06 17:04:27,324 - VALO360 - DEBUG - 自動保存已禁用，跳過配置保存
2025-08-06 17:04:27,324 - VALO360 - DEBUG - 自動保存已禁用，跳過配置保存
2025-08-06 17:04:27,324 - VALO360 - DEBUG - 自動保存已禁用，跳過配置保存
2025-08-06 17:04:27,332 - VALO360 - DEBUG - 自動保存已禁用，跳過配置保存
2025-08-06 17:04:27,332 - VALO360 - DEBUG - 自動保存已禁用，跳過配置保存
2025-08-06 17:04:27,332 - VALO360 - DEBUG - 自動保存已禁用，跳過配置保存
2025-08-06 17:04:27,332 - VALO360 - DEBUG - 自動保存已禁用，跳過配置保存
2025-08-06 17:04:27,334 - VALO360 - DEBUG - 自動保存已禁用，跳過配置保存
2025-08-06 17:04:27,334 - VALO360 - DEBUG - 自動保存已禁用，跳過配置保存
2025-08-06 17:04:27,334 - VALO360 - DEBUG - 自動保存已禁用，跳過配置保存
2025-08-06 17:04:27,334 - VALO360 - DEBUG - 自動保存已禁用，跳過配置保存
2025-08-06 17:04:27,338 - VALO360 - DEBUG - 自動保存已禁用，跳過配置保存
2025-08-06 17:04:27,342 - VALO360 - DEBUG - 自動保存已禁用，跳過配置保存
2025-08-06 17:04:27,342 - VALO360 - DEBUG - 自動保存已禁用，跳過配置保存
2025-08-06 17:04:27,342 - VALO360 - DEBUG - 自動保存已禁用，跳過配置保存
2025-08-06 17:04:27,346 - VALO360 - DEBUG - 自動保存已禁用，跳過配置保存
2025-08-06 17:04:27,346 - VALO360 - DEBUG - 自動保存已禁用，跳過配置保存
2025-08-06 17:04:27,346 - VALO360 - DEBUG - 自動保存已禁用，跳過配置保存
2025-08-06 17:04:27,346 - VALO360 - DEBUG - 自動保存已禁用，跳過配置保存
2025-08-06 17:04:27,348 - VALO360 - DEBUG - 自動保存已禁用，跳過配置保存
2025-08-06 17:04:27,348 - VALO360 - DEBUG - 自動保存已禁用，跳過配置保存
2025-08-06 17:04:27,348 - VALO360 - DEBUG - 自動保存已禁用，跳過配置保存
2025-08-06 17:04:27,348 - VALO360 - DEBUG - 自動保存已禁用，跳過配置保存
2025-08-06 17:04:27,348 - VALO360 - DEBUG - 自動保存已禁用，跳過配置保存
2025-08-06 17:04:27,348 - VALO360 - DEBUG - 自動保存已禁用，跳過配置保存
2025-08-06 17:04:27,348 - VALO360 - DEBUG - 自動保存已禁用，跳過配置保存
2025-08-06 17:04:27,352 - VALO360 - DEBUG - 自動保存已禁用，跳過配置保存
2025-08-06 17:04:27,353 - VALO360 - DEBUG - 自動保存已禁用，跳過配置保存
2025-08-06 17:04:27,353 - VALO360 - DEBUG - 自動保存已禁用，跳過配置保存
2025-08-06 17:04:27,353 - VALO360 - DEBUG - 自動保存已禁用，跳過配置保存
2025-08-06 17:04:27,353 - VALO360 - DEBUG - 自動保存已禁用，跳過配置保存
2025-08-06 17:04:27,359 - VALO360 - DEBUG - 自動保存已禁用，跳過配置保存
2025-08-06 17:04:27,359 - VALO360 - DEBUG - 自動保存已禁用，跳過配置保存
2025-08-06 17:04:27,359 - VALO360 - DEBUG - 自動保存已禁用，跳過配置保存
2025-08-06 17:04:27,359 - VALO360 - DEBUG - 自動保存已禁用，跳過配置保存
2025-08-06 17:04:27,361 - VALO360 - DEBUG - 自動保存已禁用，跳過配置保存
2025-08-06 17:04:27,361 - VALO360 - DEBUG - 自動保存已禁用，跳過配置保存
2025-08-06 17:04:27,363 - VALO360 - DEBUG - 自動保存已禁用，跳過配置保存
2025-08-06 17:04:27,363 - VALO360 - DEBUG - 自動保存已禁用，跳過配置保存
2025-08-06 17:04:27,367 - VALO360 - DEBUG - 自動保存已禁用，跳過配置保存
2025-08-06 17:04:27,367 - VALO360 - DEBUG - 自動保存已禁用，跳過配置保存
2025-08-06 17:04:27,367 - VALO360 - DEBUG - 自動保存已禁用，跳過配置保存
2025-08-06 17:04:27,367 - VALO360 - DEBUG - 自動保存已禁用，跳過配置保存
2025-08-06 17:04:27,367 - VALO360 - DEBUG - 自動保存已禁用，跳過配置保存
2025-08-06 17:04:27,367 - VALO360 - DEBUG - 自動保存已禁用，跳過配置保存
2025-08-06 17:04:27,367 - VALO360 - DEBUG - 自動保存已禁用，跳過配置保存
2025-08-06 17:04:27,367 - VALO360 - DEBUG - 自動保存已禁用，跳過配置保存
2025-08-06 17:04:27,371 - VALO360 - DEBUG - 自動保存已禁用，跳過配置保存
2025-08-06 17:04:27,371 - VALO360 - DEBUG - 自動保存已禁用，跳過配置保存
2025-08-06 17:04:27,371 - VALO360 - DEBUG - 自動保存已禁用，跳過配置保存
2025-08-06 17:04:27,371 - VALO360 - DEBUG - 自動保存已禁用，跳過配置保存
2025-08-06 17:04:27,374 - VALO360 - DEBUG - 自動保存已禁用，跳過配置保存
2025-08-06 17:04:27,374 - VALO360 - DEBUG - 自動保存已禁用，跳過配置保存
2025-08-06 17:04:27,374 - VALO360 - DEBUG - 自動保存已禁用，跳過配置保存
2025-08-06 17:04:27,375 - VALO360 - DEBUG - 自動保存已禁用，跳過配置保存
2025-08-06 17:04:27,379 - VALO360 - DEBUG - 自動保存已禁用，跳過配置保存
2025-08-06 17:04:27,380 - VALO360 - DEBUG - 自動保存已禁用，跳過配置保存
2025-08-06 17:04:27,380 - VALO360 - DEBUG - 自動保存已禁用，跳過配置保存
2025-08-06 17:04:27,380 - VALO360 - DEBUG - 自動保存已禁用，跳過配置保存
2025-08-06 17:04:27,380 - VALO360 - DEBUG - 自動保存已禁用，跳過配置保存
2025-08-06 17:04:27,380 - VALO360 - DEBUG - 自動保存已禁用，跳過配置保存
2025-08-06 17:04:27,380 - VALO360 - DEBUG - 自動保存已禁用，跳過配置保存
2025-08-06 17:04:27,382 - VALO360 - DEBUG - 自動保存已禁用，跳過配置保存
2025-08-06 17:04:27,384 - VALO360 - DEBUG - 自動保存已禁用，跳過配置保存
2025-08-06 17:04:27,384 - VALO360 - DEBUG - 自動保存已禁用，跳過配置保存
2025-08-06 17:04:27,385 - VALO360 - DEBUG - 自動保存已禁用，跳過配置保存
2025-08-06 17:04:27,385 - VALO360 - DEBUG - 自動保存已禁用，跳過配置保存
2025-08-06 17:04:27,385 - VALO360 - DEBUG - 自動保存已禁用，跳過配置保存
2025-08-06 17:04:27,385 - VALO360 - DEBUG - 自動保存已禁用，跳過配置保存
2025-08-06 17:04:27,385 - VALO360 - DEBUG - 自動保存已禁用，跳過配置保存
2025-08-06 17:04:27,387 - VALO360 - DEBUG - 自動保存已禁用，跳過配置保存
2025-08-06 17:04:27,388 - VALO360 - DEBUG - 自動保存已禁用，跳過配置保存
2025-08-06 17:04:27,388 - VALO360 - DEBUG - 自動保存已禁用，跳過配置保存
2025-08-06 17:04:27,388 - VALO360 - DEBUG - 自動保存已禁用，跳過配置保存
2025-08-06 17:04:27,388 - VALO360 - DEBUG - 自動保存已禁用，跳過配置保存
2025-08-06 17:04:27,391 - VALO360 - DEBUG - 自動保存已禁用，跳過配置保存
2025-08-06 17:04:27,391 - VALO360 - DEBUG - 自動保存已禁用，跳過配置保存
2025-08-06 17:04:27,391 - VALO360 - DEBUG - 自動保存已禁用，跳過配置保存
2025-08-06 17:04:27,391 - VALO360 - DEBUG - 自動保存已禁用，跳過配置保存
2025-08-06 17:04:27,397 - VALO360 - DEBUG - 自動保存已禁用，跳過配置保存
2025-08-06 17:04:27,398 - VALO360 - DEBUG - 自動保存已禁用，跳過配置保存
2025-08-06 17:04:27,398 - VALO360 - DEBUG - 自動保存已禁用，跳過配置保存
2025-08-06 17:04:27,398 - VALO360 - DEBUG - 自動保存已禁用，跳過配置保存
2025-08-06 17:04:27,398 - VALO360 - DEBUG - 自動保存已禁用，跳過配置保存
2025-08-06 17:04:27,398 - VALO360 - DEBUG - 自動保存已禁用，跳過配置保存
2025-08-06 17:04:27,398 - VALO360 - DEBUG - 自動保存已禁用，跳過配置保存
2025-08-06 17:04:27,400 - VALO360 - DEBUG - 自動保存已禁用，跳過配置保存
2025-08-06 17:04:27,401 - VALO360 - DEBUG - 自動保存已禁用，跳過配置保存
2025-08-06 17:04:27,401 - VALO360 - DEBUG - 自動保存已禁用，跳過配置保存
2025-08-06 17:04:27,401 - VALO360 - DEBUG - 自動保存已禁用，跳過配置保存
2025-08-06 17:04:27,401 - VALO360 - DEBUG - 自動保存已禁用，跳過配置保存
2025-08-06 17:04:27,405 - VALO360 - DEBUG - 自動保存已禁用，跳過配置保存
2025-08-06 17:04:27,406 - VALO360 - DEBUG - 自動保存已禁用，跳過配置保存
2025-08-06 17:04:27,406 - VALO360 - DEBUG - 自動保存已禁用，跳過配置保存
2025-08-06 17:04:27,406 - VALO360 - DEBUG - 自動保存已禁用，跳過配置保存
2025-08-06 17:04:27,406 - VALO360 - DEBUG - 自動保存已禁用，跳過配置保存
2025-08-06 17:04:27,409 - VALO360 - DEBUG - 自動保存已禁用，跳過配置保存
2025-08-06 17:04:27,409 - VALO360 - DEBUG - 自動保存已禁用，跳過配置保存
2025-08-06 17:04:27,409 - VALO360 - DEBUG - 自動保存已禁用，跳過配置保存
2025-08-06 17:04:27,417 - VALO360 - DEBUG - 自動保存已禁用，跳過配置保存
2025-08-06 17:04:27,417 - VALO360 - DEBUG - 自動保存已禁用，跳過配置保存
2025-08-06 17:04:27,417 - VALO360 - DEBUG - 自動保存已禁用，跳過配置保存
2025-08-06 17:04:27,418 - VALO360 - DEBUG - 自動保存已禁用，跳過配置保存
2025-08-06 17:04:27,418 - VALO360 - DEBUG - 自動保存已禁用，跳過配置保存
2025-08-06 17:04:27,418 - VALO360 - DEBUG - 自動保存已禁用，跳過配置保存
2025-08-06 17:04:27,418 - VALO360 - DEBUG - 自動保存已禁用，跳過配置保存
2025-08-06 17:04:27,420 - VALO360 - DEBUG - 自動保存已禁用，跳過配置保存
2025-08-06 17:04:27,428 - VALO360 - DEBUG - 自動保存已禁用，跳過配置保存
2025-08-06 17:04:27,428 - VALO360 - DEBUG - 自動保存已禁用，跳過配置保存
2025-08-06 17:04:27,428 - VALO360 - DEBUG - 自動保存已禁用，跳過配置保存
2025-08-06 17:04:27,428 - VALO360 - DEBUG - 自動保存已禁用，跳過配置保存
2025-08-06 17:04:27,431 - VALO360 - DEBUG - 自動保存已禁用，跳過配置保存
2025-08-06 17:04:27,433 - VALO360 - DEBUG - 自動保存已禁用，跳過配置保存
2025-08-06 17:04:27,433 - VALO360 - DEBUG - 自動保存已禁用，跳過配置保存
2025-08-06 17:04:27,433 - VALO360 - DEBUG - 自動保存已禁用，跳過配置保存
2025-08-06 17:04:27,433 - VALO360 - DEBUG - 自動保存已禁用，跳過配置保存
2025-08-06 17:04:27,433 - VALO360 - DEBUG - 自動保存已禁用，跳過配置保存
2025-08-06 17:04:27,433 - VALO360 - DEBUG - 自動保存已禁用，跳過配置保存
2025-08-06 17:04:27,433 - VALO360 - DEBUG - 自動保存已禁用，跳過配置保存
2025-08-06 17:04:27,435 - VALO360 - DEBUG - 自動保存已禁用，跳過配置保存
2025-08-06 17:04:27,439 - VALO360 - DEBUG - 自動保存已禁用，跳過配置保存
2025-08-06 17:04:27,439 - VALO360 - DEBUG - 自動保存已禁用，跳過配置保存
2025-08-06 17:04:27,439 - VALO360 - DEBUG - 自動保存已禁用，跳過配置保存
2025-08-06 17:04:27,439 - VALO360 - DEBUG - 自動保存已禁用，跳過配置保存
2025-08-06 17:04:27,439 - VALO360 - DEBUG - 自動保存已禁用，跳過配置保存
2025-08-06 17:04:27,442 - VALO360 - DEBUG - 自動保存已禁用，跳過配置保存
2025-08-06 17:04:27,442 - VALO360 - DEBUG - 自動保存已禁用，跳過配置保存
2025-08-06 17:04:27,444 - VALO360 - DEBUG - 自動保存已禁用，跳過配置保存
2025-08-06 17:04:27,444 - VALO360 - DEBUG - 自動保存已禁用，跳過配置保存
2025-08-06 17:04:27,444 - VALO360 - DEBUG - 自動保存已禁用，跳過配置保存
2025-08-06 17:04:27,444 - VALO360 - DEBUG - 自動保存已禁用，跳過配置保存
2025-08-06 17:04:27,446 - VALO360 - DEBUG - 自動保存已禁用，跳過配置保存
2025-08-06 17:04:27,446 - VALO360 - DEBUG - 自動保存已禁用，跳過配置保存
2025-08-06 17:04:27,446 - VALO360 - DEBUG - 自動保存已禁用，跳過配置保存
2025-08-06 17:04:27,448 - VALO360 - DEBUG - 自動保存已禁用，跳過配置保存
2025-08-06 17:04:27,449 - VALO360 - DEBUG - 自動保存已禁用，跳過配置保存
2025-08-06 17:04:27,449 - VALO360 - DEBUG - 自動保存已禁用，跳過配置保存
2025-08-06 17:04:27,449 - VALO360 - DEBUG - 自動保存已禁用，跳過配置保存
2025-08-06 17:04:27,449 - VALO360 - DEBUG - 自動保存已禁用，跳過配置保存
2025-08-06 17:04:27,454 - VALO360 - DEBUG - 自動保存已禁用，跳過配置保存
2025-08-06 17:04:27,454 - VALO360 - DEBUG - 自動保存已禁用，跳過配置保存
2025-08-06 17:04:27,455 - VALO360 - DEBUG - 自動保存已禁用，跳過配置保存
2025-08-06 17:04:27,455 - VALO360 - DEBUG - 自動保存已禁用，跳過配置保存
2025-08-06 17:04:27,456 - VALO360 - DEBUG - 自動保存已禁用，跳過配置保存
2025-08-06 17:04:27,456 - VALO360 - DEBUG - 自動保存已禁用，跳過配置保存
2025-08-06 17:04:27,456 - VALO360 - DEBUG - 自動保存已禁用，跳過配置保存
2025-08-06 17:04:27,456 - VALO360 - DEBUG - 自動保存已禁用，跳過配置保存
2025-08-06 17:04:27,462 - VALO360 - DEBUG - 自動保存已禁用，跳過配置保存
2025-08-06 17:04:27,462 - VALO360 - DEBUG - 自動保存已禁用，跳過配置保存
2025-08-06 17:04:27,462 - VALO360 - DEBUG - 自動保存已禁用，跳過配置保存
2025-08-06 17:04:27,462 - VALO360 - DEBUG - 自動保存已禁用，跳過配置保存
2025-08-06 17:04:27,462 - VALO360 - DEBUG - 自動保存已禁用，跳過配置保存
2025-08-06 17:04:27,462 - VALO360 - DEBUG - 自動保存已禁用，跳過配置保存
2025-08-06 17:04:27,462 - VALO360 - DEBUG - 自動保存已禁用，跳過配置保存
2025-08-06 17:04:27,462 - VALO360 - DEBUG - 自動保存已禁用，跳過配置保存
2025-08-06 17:04:27,468 - VALO360 - DEBUG - 自動保存已禁用，跳過配置保存
2025-08-06 17:04:27,470 - VALO360 - DEBUG - 自動保存已禁用，跳過配置保存
2025-08-06 17:04:27,470 - VALO360 - DEBUG - 自動保存已禁用，跳過配置保存
2025-08-06 17:04:27,470 - VALO360 - DEBUG - 自動保存已禁用，跳過配置保存
2025-08-06 17:04:27,470 - VALO360 - DEBUG - 自動保存已禁用，跳過配置保存
2025-08-06 17:04:27,470 - VALO360 - DEBUG - 自動保存已禁用，跳過配置保存
2025-08-06 17:04:27,470 - VALO360 - DEBUG - 自動保存已禁用，跳過配置保存
2025-08-06 17:04:27,471 - VALO360 - DEBUG - 自動保存已禁用，跳過配置保存
2025-08-06 17:04:27,475 - VALO360 - DEBUG - 自動保存已禁用，跳過配置保存
2025-08-06 17:04:27,476 - VALO360 - DEBUG - 自動保存已禁用，跳過配置保存
2025-08-06 17:04:27,476 - VALO360 - DEBUG - 自動保存已禁用，跳過配置保存
2025-08-06 17:04:27,477 - VALO360 - DEBUG - 自動保存已禁用，跳過配置保存
2025-08-06 17:04:27,477 - VALO360 - DEBUG - 自動保存已禁用，跳過配置保存
2025-08-06 17:04:27,477 - VALO360 - DEBUG - 自動保存已禁用，跳過配置保存
2025-08-06 17:04:27,477 - VALO360 - DEBUG - 自動保存已禁用，跳過配置保存
2025-08-06 17:04:27,477 - VALO360 - DEBUG - 自動保存已禁用，跳過配置保存
2025-08-06 17:04:27,481 - VALO360 - DEBUG - 自動保存已禁用，跳過配置保存
2025-08-06 17:04:27,481 - VALO360 - DEBUG - 自動保存已禁用，跳過配置保存
2025-08-06 17:04:27,481 - VALO360 - DEBUG - 自動保存已禁用，跳過配置保存
2025-08-06 17:04:27,483 - VALO360 - DEBUG - 自動保存已禁用，跳過配置保存
2025-08-06 17:04:27,483 - VALO360 - DEBUG - 自動保存已禁用，跳過配置保存
2025-08-06 17:04:27,483 - VALO360 - DEBUG - 自動保存已禁用，跳過配置保存
2025-08-06 17:04:27,483 - VALO360 - DEBUG - 自動保存已禁用，跳過配置保存
2025-08-06 17:04:27,483 - VALO360 - DEBUG - 自動保存已禁用，跳過配置保存
2025-08-06 17:04:28,262 - VALO360 - DEBUG - 自動保存已禁用，跳過配置保存
2025-08-06 17:04:28,262 - VALO360 - DEBUG - 自動保存已禁用，跳過配置保存
2025-08-06 17:04:28,262 - VALO360 - DEBUG - 自動保存已禁用，跳過配置保存
2025-08-06 17:04:28,262 - VALO360 - DEBUG - 自動保存已禁用，跳過配置保存
2025-08-06 17:04:29,162 - VALO360 - DEBUG - 自動保存已禁用，跳過配置保存
2025-08-06 17:04:29,162 - VALO360 - DEBUG - 自動保存已禁用，跳過配置保存
2025-08-06 17:04:29,163 - VALO360 - DEBUG - 自動保存已禁用，跳過配置保存
2025-08-06 17:04:29,163 - VALO360 - DEBUG - 自動保存已禁用，跳過配置保存
2025-08-06 17:04:32,009 - VALO360 - DEBUG - 自動保存已禁用，跳過配置保存
2025-08-06 17:04:32,009 - VALO360 - DEBUG - 自動保存已禁用，跳過配置保存
2025-08-06 17:04:32,009 - VALO360 - DEBUG - 自動保存已禁用，跳過配置保存
2025-08-06 17:04:32,009 - VALO360 - DEBUG - 自動保存已禁用，跳過配置保存
2025-08-06 17:04:34,623 - VALO360 - DEBUG - 自動保存已禁用，跳過配置保存
2025-08-06 17:04:34,623 - VALO360 - DEBUG - 自動保存已禁用，跳過配置保存
2025-08-06 17:04:34,623 - VALO360 - DEBUG - 自動保存已禁用，跳過配置保存
2025-08-06 17:04:34,623 - VALO360 - DEBUG - 自動保存已禁用，跳過配置保存
2025-08-06 17:04:36,079 - VALO360 - DEBUG - 自動保存已禁用，跳過配置保存
2025-08-06 17:04:36,080 - VALO360 - DEBUG - 自動保存已禁用，跳過配置保存
2025-08-06 17:04:36,080 - VALO360 - DEBUG - 自動保存已禁用，跳過配置保存
2025-08-06 17:04:36,080 - VALO360 - DEBUG - 自動保存已禁用，跳過配置保存
2025-08-06 17:04:36,534 - VALO360 - DEBUG - 自動保存已禁用，跳過配置保存
2025-08-06 17:04:36,534 - VALO360 - DEBUG - 自動保存已禁用，跳過配置保存
2025-08-06 17:04:36,534 - VALO360 - DEBUG - 自動保存已禁用，跳過配置保存
2025-08-06 17:04:36,536 - VALO360 - DEBUG - 自動保存已禁用，跳過配置保存
2025-08-06 17:04:37,044 - VALO360 - DEBUG - 自動保存已禁用，跳過配置保存
2025-08-06 17:04:37,048 - VALO360 - DEBUG - 自動保存已禁用，跳過配置保存
2025-08-06 17:04:37,048 - VALO360 - DEBUG - 自動保存已禁用，跳過配置保存
2025-08-06 17:04:37,048 - VALO360 - DEBUG - 自動保存已禁用，跳過配置保存
2025-08-06 17:04:39,678 - VALO360 - DEBUG - 自動保存已禁用，跳過配置保存
2025-08-06 17:04:39,678 - VALO360 - DEBUG - 自動保存已禁用，跳過配置保存
2025-08-06 17:04:39,678 - VALO360 - DEBUG - 自動保存已禁用，跳過配置保存
2025-08-06 17:04:39,678 - VALO360 - DEBUG - 自動保存已禁用，跳過配置保存
2025-08-06 17:04:40,340 - VALO360 - DEBUG - 自動保存已禁用，跳過配置保存
2025-08-06 17:04:40,340 - VALO360 - DEBUG - 自動保存已禁用，跳過配置保存
2025-08-06 17:04:40,340 - VALO360 - DEBUG - 自動保存已禁用，跳過配置保存
2025-08-06 17:04:40,340 - VALO360 - DEBUG - 自動保存已禁用，跳過配置保存
2025-08-06 17:04:41,495 - VALO360 - DEBUG - 自動保存已禁用，跳過配置保存
2025-08-06 17:04:41,495 - VALO360 - DEBUG - 自動保存已禁用，跳過配置保存
2025-08-06 17:04:41,495 - VALO360 - DEBUG - 自動保存已禁用，跳過配置保存
2025-08-06 17:04:41,495 - VALO360 - DEBUG - 自動保存已禁用，跳過配置保存
2025-08-06 17:04:41,510 - VALO360 - DEBUG - 找到 4 個COM口: ['COM9 - AT PORT', 'COM8 - NMEA PORT', 'COM7 - DM PORT', 'COM3']
2025-08-06 17:04:42,005 - VALO360 - DEBUG - 自動保存已禁用，跳過配置保存
2025-08-06 17:04:42,005 - VALO360 - DEBUG - 自動保存已禁用，跳過配置保存
2025-08-06 17:04:42,007 - VALO360 - DEBUG - 自動保存已禁用，跳過配置保存
2025-08-06 17:04:42,008 - VALO360 - DEBUG - 自動保存已禁用，跳過配置保存
2025-08-06 17:04:42,476 - VALO360 - DEBUG - 自動保存已禁用，跳過配置保存
2025-08-06 17:04:42,476 - VALO360 - DEBUG - 自動保存已禁用，跳過配置保存
2025-08-06 17:04:42,476 - VALO360 - DEBUG - 自動保存已禁用，跳過配置保存
2025-08-06 17:04:42,476 - VALO360 - DEBUG - 自動保存已禁用，跳過配置保存
2025-08-06 17:04:42,963 - VALO360 - DEBUG - 自動保存已禁用，跳過配置保存
2025-08-06 17:04:42,963 - VALO360 - DEBUG - 自動保存已禁用，跳過配置保存
2025-08-06 17:04:42,963 - VALO360 - DEBUG - 自動保存已禁用，跳過配置保存
2025-08-06 17:04:42,963 - VALO360 - DEBUG - 自動保存已禁用，跳過配置保存
2025-08-06 17:04:43,875 - VALO360 - DEBUG - 自動保存已禁用，跳過配置保存
2025-08-06 17:04:43,875 - VALO360 - DEBUG - 自動保存已禁用，跳過配置保存
2025-08-06 17:04:43,875 - VALO360 - DEBUG - 自動保存已禁用，跳過配置保存
2025-08-06 17:04:43,875 - VALO360 - DEBUG - 自動保存已禁用，跳過配置保存
2025-08-06 17:04:44,348 - VALO360 - DEBUG - 自動保存已禁用，跳過配置保存
2025-08-06 17:04:44,348 - VALO360 - DEBUG - 自動保存已禁用，跳過配置保存
2025-08-06 17:04:44,348 - VALO360 - DEBUG - 自動保存已禁用，跳過配置保存
2025-08-06 17:04:44,348 - VALO360 - DEBUG - 自動保存已禁用，跳過配置保存
2025-08-06 17:04:45,071 - VALO360 - DEBUG - 自動保存已禁用，跳過配置保存
2025-08-06 17:04:45,071 - VALO360 - DEBUG - 自動保存已禁用，跳過配置保存
2025-08-06 17:04:45,071 - VALO360 - DEBUG - 自動保存已禁用，跳過配置保存
2025-08-06 17:04:45,071 - VALO360 - DEBUG - 自動保存已禁用，跳過配置保存
2025-08-06 17:04:47,673 - VALO360 - DEBUG - 自動保存已禁用，跳過配置保存
2025-08-06 17:04:47,673 - VALO360 - DEBUG - 自動保存已禁用，跳過配置保存
2025-08-06 17:04:47,673 - VALO360 - DEBUG - 自動保存已禁用，跳過配置保存
2025-08-06 17:04:47,673 - VALO360 - DEBUG - 自動保存已禁用，跳過配置保存
2025-08-06 17:04:57,694 - VALO360 - DEBUG - 自動保存已禁用，跳過配置保存
2025-08-06 17:04:57,694 - VALO360 - DEBUG - 配置已備份至: backup\setup_backup_20250806_170457.json
2025-08-06 17:04:57,697 - VALO360 - DEBUG - 配置保存成功
2025-08-06 17:04:57,697 - VALO360 - DEBUG - 自動保存已禁用，跳過配置保存
2025-08-06 17:04:57,703 - VALO360 - DEBUG - 自動保存已禁用，跳過配置保存
2025-08-06 17:04:57,703 - VALO360 - DEBUG - 自動保存已禁用，跳過配置保存
2025-08-06 17:04:57,705 - VALO360 - DEBUG - 自動保存已禁用，跳過配置保存
2025-08-06 17:04:57,705 - VALO360 - DEBUG - 自動保存已禁用，跳過配置保存
2025-08-06 17:04:57,752 - VALO360 - DEBUG - 自動保存已禁用，跳過配置保存
2025-08-06 17:04:57,752 - VALO360 - DEBUG - 自動保存已禁用，跳過配置保存
2025-08-06 17:04:57,752 - VALO360 - DEBUG - 自動保存已禁用，跳過配置保存
2025-08-06 17:04:57,752 - VALO360 - DEBUG - 自動保存已禁用，跳過配置保存
2025-08-06 17:04:57,752 - VALO360 - DEBUG - 自動保存已禁用，跳過配置保存
2025-08-06 17:04:57,758 - VALO360 - DEBUG - 自動保存已禁用，跳過配置保存
2025-08-06 17:04:57,758 - VALO360 - DEBUG - 自動保存已禁用，跳過配置保存
2025-08-06 17:04:57,758 - VALO360 - DEBUG - 自動保存已禁用，跳過配置保存
2025-08-06 17:04:57,761 - VALO360 - DEBUG - 自動保存已禁用，跳過配置保存
2025-08-06 17:04:57,761 - VALO360 - DEBUG - 自動保存已禁用，跳過配置保存
2025-08-06 17:04:57,761 - VALO360 - DEBUG - 自動保存已禁用，跳過配置保存
2025-08-06 17:04:57,763 - VALO360 - DEBUG - 自動保存已禁用，跳過配置保存
2025-08-06 17:04:57,767 - VALO360 - DEBUG - 自動保存已禁用，跳過配置保存
2025-08-06 17:04:57,767 - VALO360 - DEBUG - 自動保存已禁用，跳過配置保存
2025-08-06 17:04:57,767 - VALO360 - DEBUG - 自動保存已禁用，跳過配置保存
2025-08-06 17:04:57,767 - VALO360 - DEBUG - 自動保存已禁用，跳過配置保存
2025-08-06 17:04:57,769 - VALO360 - DEBUG - 自動保存已禁用，跳過配置保存
2025-08-06 17:04:57,769 - VALO360 - DEBUG - 自動保存已禁用，跳過配置保存
2025-08-06 17:04:57,769 - VALO360 - DEBUG - 自動保存已禁用，跳過配置保存
2025-08-06 17:04:57,769 - VALO360 - DEBUG - 自動保存已禁用，跳過配置保存
2025-08-06 17:04:57,772 - VALO360 - DEBUG - 自動保存已禁用，跳過配置保存
2025-08-06 17:04:57,773 - VALO360 - DEBUG - 自動保存已禁用，跳過配置保存
2025-08-06 17:04:57,773 - VALO360 - DEBUG - 自動保存已禁用，跳過配置保存
2025-08-06 17:04:57,773 - VALO360 - DEBUG - 自動保存已禁用，跳過配置保存
2025-08-06 17:04:57,776 - VALO360 - DEBUG - 自動保存已禁用，跳過配置保存
2025-08-06 17:04:57,776 - VALO360 - DEBUG - 自動保存已禁用，跳過配置保存
2025-08-06 17:04:57,776 - VALO360 - DEBUG - 自動保存已禁用，跳過配置保存
2025-08-06 17:04:57,776 - VALO360 - DEBUG - 自動保存已禁用，跳過配置保存
2025-08-06 17:04:57,784 - VALO360 - DEBUG - 自動保存已禁用，跳過配置保存
2025-08-06 17:04:57,784 - VALO360 - DEBUG - 自動保存已禁用，跳過配置保存
2025-08-06 17:04:57,784 - VALO360 - DEBUG - 自動保存已禁用，跳過配置保存
2025-08-06 17:04:57,784 - VALO360 - DEBUG - 自動保存已禁用，跳過配置保存
2025-08-06 17:04:57,787 - VALO360 - DEBUG - 自動保存已禁用，跳過配置保存
2025-08-06 17:04:57,787 - VALO360 - DEBUG - 自動保存已禁用，跳過配置保存
2025-08-06 17:04:57,789 - VALO360 - DEBUG - 自動保存已禁用，跳過配置保存
2025-08-06 17:04:57,789 - VALO360 - DEBUG - 自動保存已禁用，跳過配置保存
2025-08-06 17:04:57,790 - VALO360 - DEBUG - 自動保存已禁用，跳過配置保存
2025-08-06 17:04:57,790 - VALO360 - DEBUG - 自動保存已禁用，跳過配置保存
2025-08-06 17:04:57,799 - VALO360 - DEBUG - 自動保存已禁用，跳過配置保存
2025-08-06 17:04:57,799 - VALO360 - DEBUG - 自動保存已禁用，跳過配置保存
2025-08-06 17:04:57,801 - VALO360 - DEBUG - 自動保存已禁用，跳過配置保存
2025-08-06 17:04:57,801 - VALO360 - DEBUG - 自動保存已禁用，跳過配置保存
2025-08-06 17:04:57,801 - VALO360 - DEBUG - 自動保存已禁用，跳過配置保存
2025-08-06 17:04:57,801 - VALO360 - DEBUG - 自動保存已禁用，跳過配置保存
2025-08-06 17:04:57,801 - VALO360 - DEBUG - 自動保存已禁用，跳過配置保存
2025-08-06 17:04:57,801 - VALO360 - DEBUG - 自動保存已禁用，跳過配置保存
2025-08-06 17:04:57,803 - VALO360 - DEBUG - 自動保存已禁用，跳過配置保存
2025-08-06 17:04:57,803 - VALO360 - DEBUG - 自動保存已禁用，跳過配置保存
2025-08-06 17:04:57,803 - VALO360 - DEBUG - 自動保存已禁用，跳過配置保存
2025-08-06 17:04:57,803 - VALO360 - DEBUG - 自動保存已禁用，跳過配置保存
2025-08-06 17:04:57,803 - VALO360 - DEBUG - 自動保存已禁用，跳過配置保存
2025-08-06 17:04:57,803 - VALO360 - DEBUG - 自動保存已禁用，跳過配置保存
2025-08-06 17:04:57,814 - VALO360 - DEBUG - 自動保存已禁用，跳過配置保存
2025-08-06 17:04:57,814 - VALO360 - DEBUG - 自動保存已禁用，跳過配置保存
2025-08-06 17:04:57,816 - VALO360 - DEBUG - 自動保存已禁用，跳過配置保存
2025-08-06 17:04:57,816 - VALO360 - DEBUG - 自動保存已禁用，跳過配置保存
2025-08-06 17:04:57,816 - VALO360 - DEBUG - 自動保存已禁用，跳過配置保存
2025-08-06 17:04:57,816 - VALO360 - DEBUG - 自動保存已禁用，跳過配置保存
2025-08-06 17:04:57,816 - VALO360 - DEBUG - 自動保存已禁用，跳過配置保存
2025-08-06 17:04:57,818 - VALO360 - DEBUG - 自動保存已禁用，跳過配置保存
2025-08-06 17:04:57,829 - VALO360 - DEBUG - 自動保存已禁用，跳過配置保存
2025-08-06 17:04:57,829 - VALO360 - DEBUG - 自動保存已禁用，跳過配置保存
2025-08-06 17:04:57,829 - VALO360 - DEBUG - 自動保存已禁用，跳過配置保存
2025-08-06 17:04:57,829 - VALO360 - DEBUG - 自動保存已禁用，跳過配置保存
2025-08-06 17:04:57,829 - VALO360 - DEBUG - 自動保存已禁用，跳過配置保存
2025-08-06 17:04:57,829 - VALO360 - DEBUG - 自動保存已禁用，跳過配置保存
2025-08-06 17:04:57,829 - VALO360 - DEBUG - 自動保存已禁用，跳過配置保存
2025-08-06 17:04:57,829 - VALO360 - DEBUG - 自動保存已禁用，跳過配置保存
2025-08-06 17:04:57,837 - VALO360 - DEBUG - 自動保存已禁用，跳過配置保存
2025-08-06 17:04:57,837 - VALO360 - DEBUG - 自動保存已禁用，跳過配置保存
2025-08-06 17:04:57,837 - VALO360 - DEBUG - 自動保存已禁用，跳過配置保存
2025-08-06 17:04:57,837 - VALO360 - DEBUG - 自動保存已禁用，跳過配置保存
2025-08-06 17:04:57,837 - VALO360 - DEBUG - 自動保存已禁用，跳過配置保存
2025-08-06 17:04:57,837 - VALO360 - DEBUG - 自動保存已禁用，跳過配置保存
2025-08-06 17:04:57,837 - VALO360 - DEBUG - 自動保存已禁用，跳過配置保存
2025-08-06 17:04:57,840 - VALO360 - DEBUG - 自動保存已禁用，跳過配置保存
2025-08-06 17:04:57,840 - VALO360 - DEBUG - 自動保存已禁用，跳過配置保存
2025-08-06 17:04:57,840 - VALO360 - DEBUG - 自動保存已禁用，跳過配置保存
2025-08-06 17:04:57,840 - VALO360 - DEBUG - 自動保存已禁用，跳過配置保存
2025-08-06 17:04:57,840 - VALO360 - DEBUG - 自動保存已禁用，跳過配置保存
2025-08-06 17:04:57,843 - VALO360 - DEBUG - 自動保存已禁用，跳過配置保存
2025-08-06 17:04:57,843 - VALO360 - DEBUG - 自動保存已禁用，跳過配置保存
2025-08-06 17:04:57,843 - VALO360 - DEBUG - 自動保存已禁用，跳過配置保存
2025-08-06 17:04:57,843 - VALO360 - DEBUG - 自動保存已禁用，跳過配置保存
2025-08-06 17:04:57,843 - VALO360 - DEBUG - 自動保存已禁用，跳過配置保存
2025-08-06 17:04:57,843 - VALO360 - DEBUG - 自動保存已禁用，跳過配置保存
2025-08-06 17:04:57,850 - VALO360 - DEBUG - 自動保存已禁用，跳過配置保存
2025-08-06 17:04:57,850 - VALO360 - DEBUG - 自動保存已禁用，跳過配置保存
2025-08-06 17:04:57,850 - VALO360 - DEBUG - 自動保存已禁用，跳過配置保存
2025-08-06 17:04:57,850 - VALO360 - DEBUG - 自動保存已禁用，跳過配置保存
2025-08-06 17:04:57,850 - VALO360 - DEBUG - 自動保存已禁用，跳過配置保存
2025-08-06 17:04:57,853 - VALO360 - DEBUG - 自動保存已禁用，跳過配置保存
2025-08-06 17:04:57,853 - VALO360 - DEBUG - 自動保存已禁用，跳過配置保存
2025-08-06 17:04:57,853 - VALO360 - DEBUG - 自動保存已禁用，跳過配置保存
2025-08-06 17:04:57,853 - VALO360 - DEBUG - 自動保存已禁用，跳過配置保存
2025-08-06 17:04:57,855 - VALO360 - DEBUG - 自動保存已禁用，跳過配置保存
2025-08-06 17:04:57,855 - VALO360 - DEBUG - 自動保存已禁用，跳過配置保存
2025-08-06 17:04:57,855 - VALO360 - DEBUG - 自動保存已禁用，跳過配置保存
2025-08-06 17:04:57,855 - VALO360 - DEBUG - 自動保存已禁用，跳過配置保存
2025-08-06 17:04:57,855 - VALO360 - DEBUG - 自動保存已禁用，跳過配置保存
2025-08-06 17:04:57,858 - VALO360 - DEBUG - 自動保存已禁用，跳過配置保存
2025-08-06 17:04:57,858 - VALO360 - DEBUG - 自動保存已禁用，跳過配置保存
2025-08-06 17:04:57,858 - VALO360 - DEBUG - 自動保存已禁用，跳過配置保存
2025-08-06 17:04:57,858 - VALO360 - DEBUG - 自動保存已禁用，跳過配置保存
2025-08-06 17:04:57,860 - VALO360 - DEBUG - 自動保存已禁用，跳過配置保存
2025-08-06 17:04:57,860 - VALO360 - DEBUG - 自動保存已禁用，跳過配置保存
2025-08-06 17:04:57,860 - VALO360 - DEBUG - 自動保存已禁用，跳過配置保存
2025-08-06 17:04:57,860 - VALO360 - DEBUG - 自動保存已禁用，跳過配置保存
2025-08-06 17:04:57,871 - VALO360 - DEBUG - 找到 4 個COM口: ['COM9 - AT PORT', 'COM8 - NMEA PORT', 'COM7 - DM PORT', 'COM3']
2025-08-06 17:05:00,277 - VALO360 - DEBUG - 自動保存已禁用，跳過配置保存
2025-08-06 17:05:00,277 - VALO360 - DEBUG - 自動保存已禁用，跳過配置保存
2025-08-06 17:05:00,277 - VALO360 - DEBUG - 自動保存已禁用，跳過配置保存
2025-08-06 17:05:00,277 - VALO360 - DEBUG - 自動保存已禁用，跳過配置保存
2025-08-06 17:05:00,643 - VALO360 - DEBUG - 自動保存已禁用，跳過配置保存
2025-08-06 17:05:00,643 - VALO360 - DEBUG - 自動保存已禁用，跳過配置保存
2025-08-06 17:05:00,644 - VALO360 - DEBUG - 自動保存已禁用，跳過配置保存
2025-08-06 17:05:00,644 - VALO360 - DEBUG - 自動保存已禁用，跳過配置保存
2025-08-06 17:05:01,140 - VALO360 - DEBUG - 自動保存已禁用，跳過配置保存
2025-08-06 17:05:01,142 - VALO360 - DEBUG - 自動保存已禁用，跳過配置保存
2025-08-06 17:05:01,142 - VALO360 - DEBUG - 自動保存已禁用，跳過配置保存
2025-08-06 17:05:01,143 - VALO360 - DEBUG - 自動保存已禁用，跳過配置保存
2025-08-06 17:05:03,395 - VALO360 - DEBUG - 自動保存已禁用，跳過配置保存
2025-08-06 17:05:03,395 - VALO360 - DEBUG - 自動保存已禁用，跳過配置保存
2025-08-06 17:05:03,395 - VALO360 - DEBUG - 自動保存已禁用，跳過配置保存
2025-08-06 17:05:03,395 - VALO360 - DEBUG - 自動保存已禁用，跳過配置保存
2025-08-06 17:05:04,395 - VALO360 - DEBUG - 自動保存已禁用，跳過配置保存
2025-08-06 17:05:04,396 - VALO360 - DEBUG - 自動保存已禁用，跳過配置保存
2025-08-06 17:05:04,396 - VALO360 - DEBUG - 自動保存已禁用，跳過配置保存
2025-08-06 17:05:04,396 - VALO360 - DEBUG - 自動保存已禁用，跳過配置保存
2025-08-06 17:05:05,722 - VALO360 - DEBUG - 自動保存已禁用，跳過配置保存
2025-08-06 17:05:05,722 - VALO360 - DEBUG - 自動保存已禁用，跳過配置保存
2025-08-06 17:05:05,724 - VALO360 - DEBUG - 自動保存已禁用，跳過配置保存
2025-08-06 17:05:05,724 - VALO360 - DEBUG - 自動保存已禁用，跳過配置保存
2025-08-06 17:05:11,739 - VALO360 - DEBUG - 自動保存已禁用，跳過配置保存
2025-08-06 17:05:11,743 - VALO360 - DEBUG - 配置已備份至: backup\setup_backup_20250806_170511.json
2025-08-06 17:05:11,746 - VALO360 - DEBUG - 配置保存成功
2025-08-06 17:05:11,746 - VALO360 - DEBUG - 自動保存已禁用，跳過配置保存
2025-08-06 17:05:11,751 - VALO360 - DEBUG - 自動保存已禁用，跳過配置保存
2025-08-06 17:05:11,751 - VALO360 - DEBUG - 自動保存已禁用，跳過配置保存
2025-08-06 17:05:11,751 - VALO360 - DEBUG - 自動保存已禁用，跳過配置保存
2025-08-06 17:05:11,751 - VALO360 - DEBUG - 自動保存已禁用，跳過配置保存
2025-08-06 17:05:11,799 - VALO360 - DEBUG - 自動保存已禁用，跳過配置保存
2025-08-06 17:05:11,799 - VALO360 - DEBUG - 自動保存已禁用，跳過配置保存
2025-08-06 17:05:11,799 - VALO360 - DEBUG - 自動保存已禁用，跳過配置保存
2025-08-06 17:05:11,799 - VALO360 - DEBUG - 自動保存已禁用，跳過配置保存
2025-08-06 17:05:11,799 - VALO360 - DEBUG - 自動保存已禁用，跳過配置保存
2025-08-06 17:05:11,799 - VALO360 - DEBUG - 自動保存已禁用，跳過配置保存
2025-08-06 17:05:11,799 - VALO360 - DEBUG - 自動保存已禁用，跳過配置保存
2025-08-06 17:05:11,799 - VALO360 - DEBUG - 自動保存已禁用，跳過配置保存
2025-08-06 17:05:11,811 - VALO360 - DEBUG - 自動保存已禁用，跳過配置保存
2025-08-06 17:05:11,811 - VALO360 - DEBUG - 自動保存已禁用，跳過配置保存
2025-08-06 17:05:11,811 - VALO360 - DEBUG - 自動保存已禁用，跳過配置保存
2025-08-06 17:05:11,811 - VALO360 - DEBUG - 自動保存已禁用，跳過配置保存
2025-08-06 17:05:11,815 - VALO360 - DEBUG - 自動保存已禁用，跳過配置保存
2025-08-06 17:05:11,815 - VALO360 - DEBUG - 自動保存已禁用，跳過配置保存
2025-08-06 17:05:11,815 - VALO360 - DEBUG - 自動保存已禁用，跳過配置保存
2025-08-06 17:05:11,817 - VALO360 - DEBUG - 自動保存已禁用，跳過配置保存
2025-08-06 17:05:11,817 - VALO360 - DEBUG - 自動保存已禁用，跳過配置保存
2025-08-06 17:05:11,818 - VALO360 - DEBUG - 自動保存已禁用，跳過配置保存
2025-08-06 17:05:11,818 - VALO360 - DEBUG - 自動保存已禁用，跳過配置保存
2025-08-06 17:05:11,818 - VALO360 - DEBUG - 自動保存已禁用，跳過配置保存
2025-08-06 17:05:11,820 - VALO360 - DEBUG - 自動保存已禁用，跳過配置保存
2025-08-06 17:05:11,821 - VALO360 - DEBUG - 自動保存已禁用，跳過配置保存
2025-08-06 17:05:11,821 - VALO360 - DEBUG - 自動保存已禁用，跳過配置保存
2025-08-06 17:05:11,821 - VALO360 - DEBUG - 自動保存已禁用，跳過配置保存
2025-08-06 17:05:11,821 - VALO360 - DEBUG - 自動保存已禁用，跳過配置保存
2025-08-06 17:05:11,826 - VALO360 - DEBUG - 自動保存已禁用，跳過配置保存
2025-08-06 17:05:11,826 - VALO360 - DEBUG - 自動保存已禁用，跳過配置保存
2025-08-06 17:05:11,826 - VALO360 - DEBUG - 自動保存已禁用，跳過配置保存
2025-08-06 17:05:11,834 - VALO360 - DEBUG - 自動保存已禁用，跳過配置保存
2025-08-06 17:05:11,834 - VALO360 - DEBUG - 自動保存已禁用，跳過配置保存
2025-08-06 17:05:11,834 - VALO360 - DEBUG - 自動保存已禁用，跳過配置保存
2025-08-06 17:05:11,834 - VALO360 - DEBUG - 自動保存已禁用，跳過配置保存
2025-08-06 17:05:11,838 - VALO360 - DEBUG - 自動保存已禁用，跳過配置保存
2025-08-06 17:05:11,838 - VALO360 - DEBUG - 自動保存已禁用，跳過配置保存
2025-08-06 17:05:11,838 - VALO360 - DEBUG - 自動保存已禁用，跳過配置保存
2025-08-06 17:05:11,838 - VALO360 - DEBUG - 自動保存已禁用，跳過配置保存
2025-08-06 17:05:11,848 - VALO360 - DEBUG - 自動保存已禁用，跳過配置保存
2025-08-06 17:05:11,848 - VALO360 - DEBUG - 自動保存已禁用，跳過配置保存
2025-08-06 17:05:11,850 - VALO360 - DEBUG - 自動保存已禁用，跳過配置保存
2025-08-06 17:05:11,850 - VALO360 - DEBUG - 自動保存已禁用，跳過配置保存
2025-08-06 17:05:11,851 - VALO360 - DEBUG - 自動保存已禁用，跳過配置保存
2025-08-06 17:05:11,851 - VALO360 - DEBUG - 自動保存已禁用，跳過配置保存
2025-08-06 17:05:11,851 - VALO360 - DEBUG - 自動保存已禁用，跳過配置保存
2025-08-06 17:05:11,851 - VALO360 - DEBUG - 自動保存已禁用，跳過配置保存
2025-08-06 17:05:11,851 - VALO360 - DEBUG - 自動保存已禁用，跳過配置保存
2025-08-06 17:05:11,854 - VALO360 - DEBUG - 自動保存已禁用，跳過配置保存
2025-08-06 17:05:11,854 - VALO360 - DEBUG - 自動保存已禁用，跳過配置保存
2025-08-06 17:05:11,854 - VALO360 - DEBUG - 自動保存已禁用，跳過配置保存
2025-08-06 17:05:11,854 - VALO360 - DEBUG - 自動保存已禁用，跳過配置保存
2025-08-06 17:05:11,854 - VALO360 - DEBUG - 自動保存已禁用，跳過配置保存
2025-08-06 17:05:11,854 - VALO360 - DEBUG - 自動保存已禁用，跳過配置保存
2025-08-06 17:05:11,854 - VALO360 - DEBUG - 自動保存已禁用，跳過配置保存
2025-08-06 17:05:11,865 - VALO360 - DEBUG - 自動保存已禁用，跳過配置保存
2025-08-06 17:05:11,865 - VALO360 - DEBUG - 自動保存已禁用，跳過配置保存
2025-08-06 17:05:11,865 - VALO360 - DEBUG - 自動保存已禁用，跳過配置保存
2025-08-06 17:05:11,865 - VALO360 - DEBUG - 自動保存已禁用，跳過配置保存
2025-08-06 17:05:11,867 - VALO360 - DEBUG - 自動保存已禁用，跳過配置保存
2025-08-06 17:05:11,867 - VALO360 - DEBUG - 自動保存已禁用，跳過配置保存
2025-08-06 17:05:11,867 - VALO360 - DEBUG - 自動保存已禁用，跳過配置保存
2025-08-06 17:05:11,867 - VALO360 - DEBUG - 自動保存已禁用，跳過配置保存
2025-08-06 17:05:11,881 - VALO360 - DEBUG - 自動保存已禁用，跳過配置保存
2025-08-06 17:05:11,881 - VALO360 - DEBUG - 自動保存已禁用，跳過配置保存
2025-08-06 17:05:11,881 - VALO360 - DEBUG - 自動保存已禁用，跳過配置保存
2025-08-06 17:05:11,881 - VALO360 - DEBUG - 自動保存已禁用，跳過配置保存
2025-08-06 17:05:11,883 - VALO360 - DEBUG - 自動保存已禁用，跳過配置保存
2025-08-06 17:05:11,883 - VALO360 - DEBUG - 自動保存已禁用，跳過配置保存
2025-08-06 17:05:11,883 - VALO360 - DEBUG - 自動保存已禁用，跳過配置保存
2025-08-06 17:05:11,883 - VALO360 - DEBUG - 自動保存已禁用，跳過配置保存
2025-08-06 17:05:11,885 - VALO360 - DEBUG - 自動保存已禁用，跳過配置保存
2025-08-06 17:05:11,885 - VALO360 - DEBUG - 自動保存已禁用，跳過配置保存
2025-08-06 17:05:11,885 - VALO360 - DEBUG - 自動保存已禁用，跳過配置保存
2025-08-06 17:05:11,885 - VALO360 - DEBUG - 自動保存已禁用，跳過配置保存
2025-08-06 17:05:11,887 - VALO360 - DEBUG - 自動保存已禁用，跳過配置保存
2025-08-06 17:05:11,887 - VALO360 - DEBUG - 自動保存已禁用，跳過配置保存
2025-08-06 17:05:11,887 - VALO360 - DEBUG - 自動保存已禁用，跳過配置保存
2025-08-06 17:05:11,887 - VALO360 - DEBUG - 自動保存已禁用，跳過配置保存
2025-08-06 17:05:11,889 - VALO360 - DEBUG - 自動保存已禁用，跳過配置保存
2025-08-06 17:05:11,889 - VALO360 - DEBUG - 自動保存已禁用，跳過配置保存
2025-08-06 17:05:11,889 - VALO360 - DEBUG - 自動保存已禁用，跳過配置保存
2025-08-06 17:05:11,889 - VALO360 - DEBUG - 自動保存已禁用，跳過配置保存
2025-08-06 17:05:11,891 - VALO360 - DEBUG - 自動保存已禁用，跳過配置保存
2025-08-06 17:05:11,891 - VALO360 - DEBUG - 自動保存已禁用，跳過配置保存
2025-08-06 17:05:11,891 - VALO360 - DEBUG - 自動保存已禁用，跳過配置保存
2025-08-06 17:05:11,891 - VALO360 - DEBUG - 自動保存已禁用，跳過配置保存
2025-08-06 17:05:11,891 - VALO360 - DEBUG - 自動保存已禁用，跳過配置保存
2025-08-06 17:05:11,891 - VALO360 - DEBUG - 自動保存已禁用，跳過配置保存
2025-08-06 17:05:11,891 - VALO360 - DEBUG - 自動保存已禁用，跳過配置保存
2025-08-06 17:05:11,891 - VALO360 - DEBUG - 自動保存已禁用，跳過配置保存
2025-08-06 17:05:11,900 - VALO360 - DEBUG - 自動保存已禁用，跳過配置保存
2025-08-06 17:05:11,900 - VALO360 - DEBUG - 自動保存已禁用，跳過配置保存
2025-08-06 17:05:11,900 - VALO360 - DEBUG - 自動保存已禁用，跳過配置保存
2025-08-06 17:05:11,900 - VALO360 - DEBUG - 自動保存已禁用，跳過配置保存
2025-08-06 17:05:11,900 - VALO360 - DEBUG - 自動保存已禁用，跳過配置保存
2025-08-06 17:05:11,900 - VALO360 - DEBUG - 自動保存已禁用，跳過配置保存
2025-08-06 17:05:11,900 - VALO360 - DEBUG - 自動保存已禁用，跳過配置保存
2025-08-06 17:05:11,900 - VALO360 - DEBUG - 自動保存已禁用，跳過配置保存
2025-08-06 17:05:11,900 - VALO360 - DEBUG - 自動保存已禁用，跳過配置保存
2025-08-06 17:05:11,900 - VALO360 - DEBUG - 自動保存已禁用，跳過配置保存
2025-08-06 17:05:11,900 - VALO360 - DEBUG - 自動保存已禁用，跳過配置保存
2025-08-06 17:05:11,900 - VALO360 - DEBUG - 自動保存已禁用，跳過配置保存
2025-08-06 17:05:11,908 - VALO360 - DEBUG - 自動保存已禁用，跳過配置保存
2025-08-06 17:05:11,908 - VALO360 - DEBUG - 自動保存已禁用，跳過配置保存
2025-08-06 17:05:11,908 - VALO360 - DEBUG - 自動保存已禁用，跳過配置保存
2025-08-06 17:05:11,908 - VALO360 - DEBUG - 自動保存已禁用，跳過配置保存
2025-08-06 17:05:11,910 - VALO360 - DEBUG - 自動保存已禁用，跳過配置保存
2025-08-06 17:05:11,910 - VALO360 - DEBUG - 自動保存已禁用，跳過配置保存
2025-08-06 17:05:11,910 - VALO360 - DEBUG - 自動保存已禁用，跳過配置保存
2025-08-06 17:05:11,910 - VALO360 - DEBUG - 自動保存已禁用，跳過配置保存
2025-08-06 17:05:11,922 - VALO360 - DEBUG - 找到 4 個COM口: ['COM9 - AT PORT', 'COM8 - NMEA PORT', 'COM7 - DM PORT', 'COM3']
2025-08-06 17:05:13,812 - VALO360 - DEBUG - 自動保存已禁用，跳過配置保存
2025-08-06 17:05:13,812 - VALO360 - DEBUG - 自動保存已禁用，跳過配置保存
2025-08-06 17:05:13,812 - VALO360 - DEBUG - 自動保存已禁用，跳過配置保存
2025-08-06 17:05:13,812 - VALO360 - DEBUG - 自動保存已禁用，跳過配置保存
2025-08-06 17:05:16,570 - VALO360 - DEBUG - 自動保存已禁用，跳過配置保存
2025-08-06 17:05:16,570 - VALO360 - DEBUG - 自動保存已禁用，跳過配置保存
2025-08-06 17:05:16,575 - VALO360 - DEBUG - 自動保存已禁用，跳過配置保存
2025-08-06 17:05:16,575 - VALO360 - DEBUG - 自動保存已禁用，跳過配置保存
2025-08-06 17:05:17,012 - VALO360 - DEBUG - 自動保存已禁用，跳過配置保存
2025-08-06 17:05:17,012 - VALO360 - DEBUG - 自動保存已禁用，跳過配置保存
2025-08-06 17:05:17,012 - VALO360 - DEBUG - 自動保存已禁用，跳過配置保存
2025-08-06 17:05:17,012 - VALO360 - DEBUG - 自動保存已禁用，跳過配置保存
2025-08-06 17:05:20,525 - VALO360 - DEBUG - 自動保存已禁用，跳過配置保存
2025-08-06 17:05:20,525 - VALO360 - DEBUG - 自動保存已禁用，跳過配置保存
2025-08-06 17:05:20,525 - VALO360 - DEBUG - 自動保存已禁用，跳過配置保存
2025-08-06 17:05:20,525 - VALO360 - DEBUG - 自動保存已禁用，跳過配置保存
2025-08-06 17:05:21,051 - VALO360 - DEBUG - 自動保存已禁用，跳過配置保存
2025-08-06 17:05:21,051 - VALO360 - DEBUG - 自動保存已禁用，跳過配置保存
2025-08-06 17:05:21,051 - VALO360 - DEBUG - 自動保存已禁用，跳過配置保存
2025-08-06 17:05:21,051 - VALO360 - DEBUG - 自動保存已禁用，跳過配置保存
2025-08-06 17:05:21,106 - VALO360 - DEBUG - 找到 4 個COM口: ['COM9 - AT PORT', 'COM8 - NMEA PORT', 'COM7 - DM PORT', 'COM3']
2025-08-06 17:05:22,012 - VALO360 - DEBUG - 自動保存已禁用，跳過配置保存
2025-08-06 17:05:22,012 - VALO360 - DEBUG - 自動保存已禁用，跳過配置保存
2025-08-06 17:05:22,012 - VALO360 - DEBUG - 自動保存已禁用，跳過配置保存
2025-08-06 17:05:22,012 - VALO360 - DEBUG - 自動保存已禁用，跳過配置保存
2025-08-06 17:05:26,535 - VALO360 - DEBUG - 自動保存已禁用，跳過配置保存
2025-08-06 17:05:26,538 - VALO360 - DEBUG - 配置已備份至: backup\setup_backup_20250806_170526.json
2025-08-06 17:05:26,545 - VALO360 - DEBUG - 配置保存成功
2025-08-06 17:05:26,545 - VALO360 - DEBUG - 自動保存已禁用，跳過配置保存
2025-08-06 17:05:26,559 - VALO360 - DEBUG - 自動保存已禁用，跳過配置保存
2025-08-06 17:05:26,559 - VALO360 - DEBUG - 自動保存已禁用，跳過配置保存
2025-08-06 17:05:26,559 - VALO360 - DEBUG - 自動保存已禁用，跳過配置保存
2025-08-06 17:05:26,559 - VALO360 - DEBUG - 自動保存已禁用，跳過配置保存
2025-08-06 17:05:26,609 - VALO360 - DEBUG - 自動保存已禁用，跳過配置保存
2025-08-06 17:05:26,611 - VALO360 - DEBUG - 自動保存已禁用，跳過配置保存
2025-08-06 17:05:26,611 - VALO360 - DEBUG - 自動保存已禁用，跳過配置保存
2025-08-06 17:05:26,611 - VALO360 - DEBUG - 自動保存已禁用，跳過配置保存
2025-08-06 17:05:26,613 - VALO360 - DEBUG - 自動保存已禁用，跳過配置保存
2025-08-06 17:05:26,613 - VALO360 - DEBUG - 自動保存已禁用，跳過配置保存
2025-08-06 17:05:26,613 - VALO360 - DEBUG - 自動保存已禁用，跳過配置保存
2025-08-06 17:05:26,614 - VALO360 - DEBUG - 自動保存已禁用，跳過配置保存
2025-08-06 17:05:26,616 - VALO360 - DEBUG - 自動保存已禁用，跳過配置保存
2025-08-06 17:05:26,616 - VALO360 - DEBUG - 自動保存已禁用，跳過配置保存
2025-08-06 17:05:26,616 - VALO360 - DEBUG - 自動保存已禁用，跳過配置保存
2025-08-06 17:05:26,616 - VALO360 - DEBUG - 自動保存已禁用，跳過配置保存
2025-08-06 17:05:26,616 - VALO360 - DEBUG - 自動保存已禁用，跳過配置保存
2025-08-06 17:05:26,616 - VALO360 - DEBUG - 自動保存已禁用，跳過配置保存
2025-08-06 17:05:26,616 - VALO360 - DEBUG - 自動保存已禁用，跳過配置保存
2025-08-06 17:05:26,616 - VALO360 - DEBUG - 自動保存已禁用，跳過配置保存
2025-08-06 17:05:26,616 - VALO360 - DEBUG - 自動保存已禁用，跳過配置保存
2025-08-06 17:05:26,616 - VALO360 - DEBUG - 自動保存已禁用，跳過配置保存
2025-08-06 17:05:26,616 - VALO360 - DEBUG - 自動保存已禁用，跳過配置保存
2025-08-06 17:05:26,616 - VALO360 - DEBUG - 自動保存已禁用，跳過配置保存
2025-08-06 17:05:26,627 - VALO360 - DEBUG - 自動保存已禁用，跳過配置保存
2025-08-06 17:05:26,627 - VALO360 - DEBUG - 自動保存已禁用，跳過配置保存
2025-08-06 17:05:26,627 - VALO360 - DEBUG - 自動保存已禁用，跳過配置保存
2025-08-06 17:05:26,627 - VALO360 - DEBUG - 自動保存已禁用，跳過配置保存
2025-08-06 17:05:26,634 - VALO360 - DEBUG - 自動保存已禁用，跳過配置保存
2025-08-06 17:05:26,634 - VALO360 - DEBUG - 自動保存已禁用，跳過配置保存
2025-08-06 17:05:26,634 - VALO360 - DEBUG - 自動保存已禁用，跳過配置保存
2025-08-06 17:05:26,634 - VALO360 - DEBUG - 自動保存已禁用，跳過配置保存
2025-08-06 17:05:26,638 - VALO360 - DEBUG - 自動保存已禁用，跳過配置保存
2025-08-06 17:05:26,638 - VALO360 - DEBUG - 自動保存已禁用，跳過配置保存
2025-08-06 17:05:26,638 - VALO360 - DEBUG - 自動保存已禁用，跳過配置保存
2025-08-06 17:05:26,640 - VALO360 - DEBUG - 自動保存已禁用，跳過配置保存
2025-08-06 17:05:26,646 - VALO360 - DEBUG - 自動保存已禁用，跳過配置保存
2025-08-06 17:05:26,646 - VALO360 - DEBUG - 自動保存已禁用，跳過配置保存
2025-08-06 17:05:26,646 - VALO360 - DEBUG - 自動保存已禁用，跳過配置保存
2025-08-06 17:05:26,650 - VALO360 - DEBUG - 自動保存已禁用，跳過配置保存
2025-08-06 17:05:26,650 - VALO360 - DEBUG - 自動保存已禁用，跳過配置保存
2025-08-06 17:05:26,650 - VALO360 - DEBUG - 自動保存已禁用，跳過配置保存
2025-08-06 17:05:26,650 - VALO360 - DEBUG - 自動保存已禁用，跳過配置保存
2025-08-06 17:05:26,652 - VALO360 - DEBUG - 自動保存已禁用，跳過配置保存
2025-08-06 17:05:26,652 - VALO360 - DEBUG - 自動保存已禁用，跳過配置保存
2025-08-06 17:05:26,652 - VALO360 - DEBUG - 自動保存已禁用，跳過配置保存
2025-08-06 17:05:26,652 - VALO360 - DEBUG - 自動保存已禁用，跳過配置保存
2025-08-06 17:05:26,652 - VALO360 - DEBUG - 自動保存已禁用，跳過配置保存
2025-08-06 17:05:26,652 - VALO360 - DEBUG - 自動保存已禁用，跳過配置保存
2025-08-06 17:05:26,652 - VALO360 - DEBUG - 自動保存已禁用，跳過配置保存
2025-08-06 17:05:26,652 - VALO360 - DEBUG - 自動保存已禁用，跳過配置保存
2025-08-06 17:05:26,652 - VALO360 - DEBUG - 自動保存已禁用，跳過配置保存
2025-08-06 17:05:26,665 - VALO360 - DEBUG - 自動保存已禁用，跳過配置保存
2025-08-06 17:05:26,665 - VALO360 - DEBUG - 自動保存已禁用，跳過配置保存
2025-08-06 17:05:26,666 - VALO360 - DEBUG - 自動保存已禁用，跳過配置保存
2025-08-06 17:05:26,666 - VALO360 - DEBUG - 自動保存已禁用，跳過配置保存
2025-08-06 17:05:26,666 - VALO360 - DEBUG - 自動保存已禁用，跳過配置保存
2025-08-06 17:05:26,666 - VALO360 - DEBUG - 自動保存已禁用，跳過配置保存
2025-08-06 17:05:26,666 - VALO360 - DEBUG - 自動保存已禁用，跳過配置保存
2025-08-06 17:05:26,669 - VALO360 - DEBUG - 自動保存已禁用，跳過配置保存
2025-08-06 17:05:26,680 - VALO360 - DEBUG - 自動保存已禁用，跳過配置保存
2025-08-06 17:05:26,680 - VALO360 - DEBUG - 自動保存已禁用，跳過配置保存
2025-08-06 17:05:26,680 - VALO360 - DEBUG - 自動保存已禁用，跳過配置保存
2025-08-06 17:05:26,680 - VALO360 - DEBUG - 自動保存已禁用，跳過配置保存
2025-08-06 17:05:26,680 - VALO360 - DEBUG - 自動保存已禁用，跳過配置保存
2025-08-06 17:05:26,680 - VALO360 - DEBUG - 自動保存已禁用，跳過配置保存
2025-08-06 17:05:26,680 - VALO360 - DEBUG - 自動保存已禁用，跳過配置保存
2025-08-06 17:05:26,680 - VALO360 - DEBUG - 自動保存已禁用，跳過配置保存
2025-08-06 17:05:26,689 - VALO360 - DEBUG - 自動保存已禁用，跳過配置保存
2025-08-06 17:05:26,689 - VALO360 - DEBUG - 自動保存已禁用，跳過配置保存
2025-08-06 17:05:26,689 - VALO360 - DEBUG - 自動保存已禁用，跳過配置保存
2025-08-06 17:05:26,689 - VALO360 - DEBUG - 自動保存已禁用，跳過配置保存
2025-08-06 17:05:26,691 - VALO360 - DEBUG - 自動保存已禁用，跳過配置保存
2025-08-06 17:05:26,691 - VALO360 - DEBUG - 自動保存已禁用，跳過配置保存
2025-08-06 17:05:26,691 - VALO360 - DEBUG - 自動保存已禁用，跳過配置保存
2025-08-06 17:05:26,691 - VALO360 - DEBUG - 自動保存已禁用，跳過配置保存
2025-08-06 17:05:26,694 - VALO360 - DEBUG - 自動保存已禁用，跳過配置保存
2025-08-06 17:05:26,694 - VALO360 - DEBUG - 自動保存已禁用，跳過配置保存
2025-08-06 17:05:26,694 - VALO360 - DEBUG - 自動保存已禁用，跳過配置保存
2025-08-06 17:05:26,694 - VALO360 - DEBUG - 自動保存已禁用，跳過配置保存
2025-08-06 17:05:26,694 - VALO360 - DEBUG - 自動保存已禁用，跳過配置保存
2025-08-06 17:05:26,694 - VALO360 - DEBUG - 自動保存已禁用，跳過配置保存
2025-08-06 17:05:26,694 - VALO360 - DEBUG - 自動保存已禁用，跳過配置保存
2025-08-06 17:05:26,694 - VALO360 - DEBUG - 自動保存已禁用，跳過配置保存
2025-08-06 17:05:26,701 - VALO360 - DEBUG - 自動保存已禁用，跳過配置保存
2025-08-06 17:05:26,701 - VALO360 - DEBUG - 自動保存已禁用，跳過配置保存
2025-08-06 17:05:26,701 - VALO360 - DEBUG - 自動保存已禁用，跳過配置保存
2025-08-06 17:05:26,701 - VALO360 - DEBUG - 自動保存已禁用，跳過配置保存
2025-08-06 17:05:26,703 - VALO360 - DEBUG - 自動保存已禁用，跳過配置保存
2025-08-06 17:05:26,703 - VALO360 - DEBUG - 自動保存已禁用，跳過配置保存
2025-08-06 17:05:26,703 - VALO360 - DEBUG - 自動保存已禁用，跳過配置保存
2025-08-06 17:05:26,703 - VALO360 - DEBUG - 自動保存已禁用，跳過配置保存
2025-08-06 17:05:26,705 - VALO360 - DEBUG - 自動保存已禁用，跳過配置保存
2025-08-06 17:05:26,705 - VALO360 - DEBUG - 自動保存已禁用，跳過配置保存
2025-08-06 17:05:26,705 - VALO360 - DEBUG - 自動保存已禁用，跳過配置保存
2025-08-06 17:05:26,705 - VALO360 - DEBUG - 自動保存已禁用，跳過配置保存
2025-08-06 17:05:26,705 - VALO360 - DEBUG - 自動保存已禁用，跳過配置保存
2025-08-06 17:05:26,707 - VALO360 - DEBUG - 自動保存已禁用，跳過配置保存
2025-08-06 17:05:26,707 - VALO360 - DEBUG - 自動保存已禁用，跳過配置保存
2025-08-06 17:05:26,707 - VALO360 - DEBUG - 自動保存已禁用，跳過配置保存
2025-08-06 17:05:26,707 - VALO360 - DEBUG - 自動保存已禁用，跳過配置保存
2025-08-06 17:05:26,707 - VALO360 - DEBUG - 自動保存已禁用，跳過配置保存
2025-08-06 17:05:26,707 - VALO360 - DEBUG - 自動保存已禁用，跳過配置保存
2025-08-06 17:05:26,707 - VALO360 - DEBUG - 自動保存已禁用，跳過配置保存
2025-08-06 17:05:26,707 - VALO360 - DEBUG - 自動保存已禁用，跳過配置保存
2025-08-06 17:05:26,707 - VALO360 - DEBUG - 自動保存已禁用，跳過配置保存
2025-08-06 17:05:26,707 - VALO360 - DEBUG - 自動保存已禁用，跳過配置保存
2025-08-06 17:05:26,707 - VALO360 - DEBUG - 自動保存已禁用，跳過配置保存
2025-08-06 17:05:26,717 - VALO360 - DEBUG - 找到 4 個COM口: ['COM9 - AT PORT', 'COM8 - NMEA PORT', 'COM7 - DM PORT', 'COM3']
2025-08-06 17:05:29,631 - VALO360 - DEBUG - 自動保存已禁用，跳過配置保存
2025-08-06 17:05:29,631 - VALO360 - DEBUG - 自動保存已禁用，跳過配置保存
2025-08-06 17:05:29,631 - VALO360 - DEBUG - 自動保存已禁用，跳過配置保存
2025-08-06 17:05:29,631 - VALO360 - DEBUG - 自動保存已禁用，跳過配置保存
2025-08-06 17:05:30,263 - VALO360 - DEBUG - 自動保存已禁用，跳過配置保存
2025-08-06 17:05:30,263 - VALO360 - DEBUG - 自動保存已禁用，跳過配置保存
2025-08-06 17:05:30,263 - VALO360 - DEBUG - 自動保存已禁用，跳過配置保存
2025-08-06 17:05:30,263 - VALO360 - DEBUG - 自動保存已禁用，跳過配置保存
2025-08-06 17:05:30,657 - VALO360 - DEBUG - 自動保存已禁用，跳過配置保存
2025-08-06 17:05:30,657 - VALO360 - DEBUG - 自動保存已禁用，跳過配置保存
2025-08-06 17:05:30,664 - VALO360 - DEBUG - 自動保存已禁用，跳過配置保存
2025-08-06 17:05:30,664 - VALO360 - DEBUG - 自動保存已禁用，跳過配置保存
2025-08-06 17:05:31,025 - VALO360 - DEBUG - 自動保存已禁用，跳過配置保存
2025-08-06 17:05:31,032 - VALO360 - DEBUG - 自動保存已禁用，跳過配置保存
2025-08-06 17:05:31,032 - VALO360 - DEBUG - 自動保存已禁用，跳過配置保存
2025-08-06 17:05:31,032 - VALO360 - DEBUG - 自動保存已禁用，跳過配置保存
2025-08-06 17:05:31,718 - VALO360 - DEBUG - 自動保存已禁用，跳過配置保存
2025-08-06 17:05:31,718 - VALO360 - DEBUG - 自動保存已禁用，跳過配置保存
2025-08-06 17:05:31,718 - VALO360 - DEBUG - 自動保存已禁用，跳過配置保存
2025-08-06 17:05:31,718 - VALO360 - DEBUG - 自動保存已禁用，跳過配置保存
2025-08-06 17:05:31,773 - VALO360 - DEBUG - 找到 4 個COM口: ['COM9 - AT PORT', 'COM8 - NMEA PORT', 'COM7 - DM PORT', 'COM3']
2025-08-06 17:05:37,436 - VALO360 - DEBUG - SerialWorker 初始化: COM=COM3, 指令數=1, 超時=30s
2025-08-06 17:05:37,436 - VALO360 - INFO - 開始執行序列埠任務: COM3
2025-08-06 17:05:37,445 - VALO360 - DEBUG - 自動保存已禁用，跳過配置保存
2025-08-06 17:05:37,445 - VALO360 - DEBUG - 自動保存已禁用，跳過配置保存
2025-08-06 17:05:37,445 - VALO360 - DEBUG - 自動保存已禁用，跳過配置保存
2025-08-06 17:05:37,445 - VALO360 - DEBUG - 自動保存已禁用，跳過配置保存
2025-08-06 17:05:37,447 - VALO360 - DEBUG - 自動保存已禁用，跳過配置保存
2025-08-06 17:05:37,447 - VALO360 - DEBUG - 自動保存已禁用，跳過配置保存
2025-08-06 17:05:37,447 - VALO360 - DEBUG - 自動保存已禁用，跳過配置保存
2025-08-06 17:05:37,447 - VALO360 - DEBUG - 自動保存已禁用，跳過配置保存
2025-08-06 17:05:37,447 - VALO360 - DEBUG - 自動保存已禁用，跳過配置保存
2025-08-06 17:05:37,447 - VALO360 - DEBUG - 自動保存已禁用，跳過配置保存
2025-08-06 17:05:37,449 - VALO360 - DEBUG - 自動保存已禁用，跳過配置保存
2025-08-06 17:05:37,449 - VALO360 - DEBUG - 自動保存已禁用，跳過配置保存
2025-08-06 17:05:37,449 - VALO360 - DEBUG - 自動保存已禁用，跳過配置保存
2025-08-06 17:05:37,449 - VALO360 - DEBUG - 自動保存已禁用，跳過配置保存
2025-08-06 17:05:37,449 - VALO360 - DEBUG - 自動保存已禁用，跳過配置保存
2025-08-06 17:05:37,449 - VALO360 - DEBUG - 自動保存已禁用，跳過配置保存
2025-08-06 17:05:37,449 - VALO360 - DEBUG - 自動保存已禁用，跳過配置保存
2025-08-06 17:05:37,449 - VALO360 - DEBUG - 自動保存已禁用，跳過配置保存
2025-08-06 17:05:37,449 - VALO360 - DEBUG - 自動保存已禁用，跳過配置保存
2025-08-06 17:05:37,449 - VALO360 - DEBUG - 自動保存已禁用，跳過配置保存
2025-08-06 17:05:38,691 - VALO360 - DEBUG - 簡單關閉 COM 口 COM3
2025-08-06 17:05:38,691 - VALO360 - DEBUG - SerialWorker 執行完成
2025-08-06 17:05:38,691 - VALO360 - WARNING - 函數 SerialWorker.run 執行時間過長: 1.255秒
2025-08-06 17:05:38,697 - VALO360 - DEBUG - 自動保存已禁用，跳過配置保存
2025-08-06 17:05:38,697 - VALO360 - DEBUG - 自動保存已禁用，跳過配置保存
2025-08-06 17:05:38,697 - VALO360 - DEBUG - 自動保存已禁用，跳過配置保存
2025-08-06 17:05:38,697 - VALO360 - DEBUG - 自動保存已禁用，跳過配置保存
2025-08-06 17:05:38,697 - VALO360 - DEBUG - 自動保存已禁用，跳過配置保存
2025-08-06 17:05:38,699 - VALO360 - DEBUG - 自動保存已禁用，跳過配置保存
2025-08-06 17:05:38,699 - VALO360 - DEBUG - 自動保存已禁用，跳過配置保存
2025-08-06 17:05:38,699 - VALO360 - DEBUG - 自動保存已禁用，跳過配置保存
2025-08-06 17:05:38,699 - VALO360 - DEBUG - 自動保存已禁用，跳過配置保存
2025-08-06 17:05:38,699 - VALO360 - DEBUG - 自動保存已禁用，跳過配置保存
2025-08-06 17:05:38,699 - VALO360 - DEBUG - 自動保存已禁用，跳過配置保存
2025-08-06 17:05:38,699 - VALO360 - DEBUG - 自動保存已禁用，跳過配置保存
2025-08-06 17:05:38,701 - VALO360 - DEBUG - 自動保存已禁用，跳過配置保存
2025-08-06 17:05:38,701 - VALO360 - DEBUG - 自動保存已禁用，跳過配置保存
2025-08-06 17:05:38,701 - VALO360 - DEBUG - 自動保存已禁用，跳過配置保存
2025-08-06 17:05:38,701 - VALO360 - DEBUG - 自動保存已禁用，跳過配置保存
2025-08-06 17:05:38,701 - VALO360 - DEBUG - 自動保存已禁用，跳過配置保存
2025-08-06 17:05:38,701 - VALO360 - DEBUG - 自動保存已禁用，跳過配置保存
2025-08-06 17:05:38,701 - VALO360 - DEBUG - 自動保存已禁用，跳過配置保存
2025-08-06 17:05:38,701 - VALO360 - DEBUG - 自動保存已禁用，跳過配置保存
2025-08-06 17:05:47,497 - VALO360 - DEBUG - ADBWorker 初始化: 指令數=1, 超時=30s
2025-08-06 17:05:47,497 - VALO360 - INFO - 開始執行 ADB 任務
2025-08-06 17:05:47,508 - VALO360 - DEBUG - 自動保存已禁用，跳過配置保存
2025-08-06 17:05:47,508 - VALO360 - DEBUG - 自動保存已禁用，跳過配置保存
2025-08-06 17:05:47,508 - VALO360 - DEBUG - 自動保存已禁用，跳過配置保存
2025-08-06 17:05:47,508 - VALO360 - DEBUG - 自動保存已禁用，跳過配置保存
2025-08-06 17:05:47,510 - VALO360 - DEBUG - 自動保存已禁用，跳過配置保存
2025-08-06 17:05:47,510 - VALO360 - DEBUG - 自動保存已禁用，跳過配置保存
2025-08-06 17:05:47,511 - VALO360 - DEBUG - 自動保存已禁用，跳過配置保存
2025-08-06 17:05:47,511 - VALO360 - DEBUG - 自動保存已禁用，跳過配置保存
2025-08-06 17:05:47,511 - VALO360 - DEBUG - 自動保存已禁用，跳過配置保存
2025-08-06 17:05:47,511 - VALO360 - DEBUG - 自動保存已禁用，跳過配置保存
2025-08-06 17:05:47,511 - VALO360 - DEBUG - 自動保存已禁用，跳過配置保存
2025-08-06 17:05:47,511 - VALO360 - DEBUG - 自動保存已禁用，跳過配置保存
2025-08-06 17:05:47,513 - VALO360 - DEBUG - 自動保存已禁用，跳過配置保存
2025-08-06 17:05:47,513 - VALO360 - DEBUG - 自動保存已禁用，跳過配置保存
2025-08-06 17:05:47,513 - VALO360 - DEBUG - 自動保存已禁用，跳過配置保存
2025-08-06 17:05:47,513 - VALO360 - DEBUG - 自動保存已禁用，跳過配置保存
2025-08-06 17:05:47,513 - VALO360 - DEBUG - 自動保存已禁用，跳過配置保存
2025-08-06 17:05:47,513 - VALO360 - DEBUG - 自動保存已禁用，跳過配置保存
2025-08-06 17:05:47,513 - VALO360 - DEBUG - 自動保存已禁用，跳過配置保存
2025-08-06 17:05:47,513 - VALO360 - DEBUG - 自動保存已禁用，跳過配置保存
2025-08-06 17:05:47,708 - VALO360 - DEBUG - ADBWorker 執行完成
2025-08-06 17:05:47,717 - VALO360 - DEBUG - 自動保存已禁用，跳過配置保存
2025-08-06 17:05:47,717 - VALO360 - DEBUG - 自動保存已禁用，跳過配置保存
2025-08-06 17:05:47,717 - VALO360 - DEBUG - 自動保存已禁用，跳過配置保存
2025-08-06 17:05:47,717 - VALO360 - DEBUG - 自動保存已禁用，跳過配置保存
2025-08-06 17:05:47,720 - VALO360 - DEBUG - 自動保存已禁用，跳過配置保存
2025-08-06 17:05:47,720 - VALO360 - DEBUG - 自動保存已禁用，跳過配置保存
2025-08-06 17:05:47,720 - VALO360 - DEBUG - 自動保存已禁用，跳過配置保存
2025-08-06 17:05:47,720 - VALO360 - DEBUG - 自動保存已禁用，跳過配置保存
2025-08-06 17:05:47,720 - VALO360 - DEBUG - 自動保存已禁用，跳過配置保存
2025-08-06 17:05:47,720 - VALO360 - DEBUG - 自動保存已禁用，跳過配置保存
2025-08-06 17:05:47,720 - VALO360 - DEBUG - 自動保存已禁用，跳過配置保存
2025-08-06 17:05:47,720 - VALO360 - DEBUG - 自動保存已禁用，跳過配置保存
2025-08-06 17:05:47,722 - VALO360 - DEBUG - 自動保存已禁用，跳過配置保存
2025-08-06 17:05:47,724 - VALO360 - DEBUG - 自動保存已禁用，跳過配置保存
2025-08-06 17:05:47,724 - VALO360 - DEBUG - 自動保存已禁用，跳過配置保存
2025-08-06 17:05:47,724 - VALO360 - DEBUG - 自動保存已禁用，跳過配置保存
2025-08-06 17:05:47,725 - VALO360 - DEBUG - 自動保存已禁用，跳過配置保存
2025-08-06 17:05:47,727 - VALO360 - DEBUG - 自動保存已禁用，跳過配置保存
2025-08-06 17:05:47,727 - VALO360 - DEBUG - 自動保存已禁用，跳過配置保存
2025-08-06 17:05:47,727 - VALO360 - DEBUG - 自動保存已禁用，跳過配置保存
2025-08-06 17:05:48,480 - VALO360 - DEBUG - ADBWorker 初始化: 指令數=1, 超時=30s
2025-08-06 17:05:48,480 - VALO360 - INFO - 開始執行 ADB 任務
2025-08-06 17:05:48,493 - VALO360 - DEBUG - 自動保存已禁用，跳過配置保存
2025-08-06 17:05:48,496 - VALO360 - DEBUG - 自動保存已禁用，跳過配置保存
2025-08-06 17:05:48,496 - VALO360 - DEBUG - 自動保存已禁用，跳過配置保存
2025-08-06 17:05:48,496 - VALO360 - DEBUG - 自動保存已禁用，跳過配置保存
2025-08-06 17:05:48,498 - VALO360 - DEBUG - 自動保存已禁用，跳過配置保存
2025-08-06 17:05:48,498 - VALO360 - DEBUG - 自動保存已禁用，跳過配置保存
2025-08-06 17:05:48,498 - VALO360 - DEBUG - 自動保存已禁用，跳過配置保存
2025-08-06 17:05:48,498 - VALO360 - DEBUG - 自動保存已禁用，跳過配置保存
2025-08-06 17:05:48,498 - VALO360 - DEBUG - 自動保存已禁用，跳過配置保存
2025-08-06 17:05:48,498 - VALO360 - DEBUG - 自動保存已禁用，跳過配置保存
2025-08-06 17:05:48,498 - VALO360 - DEBUG - 自動保存已禁用，跳過配置保存
2025-08-06 17:05:48,500 - VALO360 - DEBUG - 自動保存已禁用，跳過配置保存
2025-08-06 17:05:48,500 - VALO360 - DEBUG - 自動保存已禁用，跳過配置保存
2025-08-06 17:05:48,500 - VALO360 - DEBUG - 自動保存已禁用，跳過配置保存
2025-08-06 17:05:48,500 - VALO360 - DEBUG - 自動保存已禁用，跳過配置保存
2025-08-06 17:05:48,500 - VALO360 - DEBUG - 自動保存已禁用，跳過配置保存
2025-08-06 17:05:48,500 - VALO360 - DEBUG - 自動保存已禁用，跳過配置保存
2025-08-06 17:05:48,500 - VALO360 - DEBUG - 自動保存已禁用，跳過配置保存
2025-08-06 17:05:48,500 - VALO360 - DEBUG - 自動保存已禁用，跳過配置保存
2025-08-06 17:05:48,500 - VALO360 - DEBUG - 自動保存已禁用，跳過配置保存
2025-08-06 17:05:48,693 - VALO360 - DEBUG - ADBWorker 執行完成
2025-08-06 17:05:48,695 - VALO360 - DEBUG - 自動保存已禁用，跳過配置保存
2025-08-06 17:05:48,695 - VALO360 - DEBUG - 自動保存已禁用，跳過配置保存
2025-08-06 17:05:48,695 - VALO360 - DEBUG - 自動保存已禁用，跳過配置保存
2025-08-06 17:05:48,695 - VALO360 - DEBUG - 自動保存已禁用，跳過配置保存
2025-08-06 17:05:48,700 - VALO360 - DEBUG - 自動保存已禁用，跳過配置保存
2025-08-06 17:05:48,700 - VALO360 - DEBUG - 自動保存已禁用，跳過配置保存
2025-08-06 17:05:48,700 - VALO360 - DEBUG - 自動保存已禁用，跳過配置保存
2025-08-06 17:05:48,700 - VALO360 - DEBUG - 自動保存已禁用，跳過配置保存
2025-08-06 17:05:48,702 - VALO360 - DEBUG - 自動保存已禁用，跳過配置保存
2025-08-06 17:05:48,702 - VALO360 - DEBUG - 自動保存已禁用，跳過配置保存
2025-08-06 17:05:48,702 - VALO360 - DEBUG - 自動保存已禁用，跳過配置保存
2025-08-06 17:05:48,702 - VALO360 - DEBUG - 自動保存已禁用，跳過配置保存
2025-08-06 17:05:48,702 - VALO360 - DEBUG - 自動保存已禁用，跳過配置保存
2025-08-06 17:05:48,702 - VALO360 - DEBUG - 自動保存已禁用，跳過配置保存
2025-08-06 17:05:48,702 - VALO360 - DEBUG - 自動保存已禁用，跳過配置保存
2025-08-06 17:05:48,702 - VALO360 - DEBUG - 自動保存已禁用，跳過配置保存
2025-08-06 17:05:48,705 - VALO360 - DEBUG - 自動保存已禁用，跳過配置保存
2025-08-06 17:05:48,705 - VALO360 - DEBUG - 自動保存已禁用，跳過配置保存
2025-08-06 17:05:48,705 - VALO360 - DEBUG - 自動保存已禁用，跳過配置保存
2025-08-06 17:05:48,705 - VALO360 - DEBUG - 自動保存已禁用，跳過配置保存
2025-08-06 17:05:51,191 - VALO360 - DEBUG - 自動保存已禁用，跳過配置保存
2025-08-06 17:05:51,191 - VALO360 - DEBUG - 自動保存已禁用，跳過配置保存
2025-08-06 17:05:51,191 - VALO360 - DEBUG - 自動保存已禁用，跳過配置保存
2025-08-06 17:05:51,191 - VALO360 - DEBUG - 自動保存已禁用，跳過配置保存
2025-08-06 17:06:00,481 - VALO360 - DEBUG - 自動保存已禁用，跳過配置保存
2025-08-06 17:06:00,481 - VALO360 - DEBUG - 自動保存已禁用，跳過配置保存
2025-08-06 17:06:00,481 - VALO360 - DEBUG - 自動保存已禁用，跳過配置保存
2025-08-06 17:06:00,481 - VALO360 - DEBUG - 自動保存已禁用，跳過配置保存
2025-08-06 17:06:00,534 - VALO360 - DEBUG - 找到 4 個COM口: ['COM9 - AT PORT', 'COM8 - NMEA PORT', 'COM7 - DM PORT', 'COM3']
2025-08-06 17:06:04,152 - VALO360 - DEBUG - 自動保存已禁用，跳過配置保存
2025-08-06 17:06:04,152 - VALO360 - DEBUG - 自動保存已禁用，跳過配置保存
2025-08-06 17:06:04,152 - VALO360 - DEBUG - 自動保存已禁用，跳過配置保存
2025-08-06 17:06:04,152 - VALO360 - DEBUG - 自動保存已禁用，跳過配置保存
2025-08-06 17:06:07,586 - VALO360 - DEBUG - 自動保存已禁用，跳過配置保存
2025-08-06 17:06:07,586 - VALO360 - DEBUG - 自動保存已禁用，跳過配置保存
2025-08-06 17:06:07,588 - VALO360 - DEBUG - 自動保存已禁用，跳過配置保存
2025-08-06 17:06:07,588 - VALO360 - DEBUG - 自動保存已禁用，跳過配置保存
2025-08-06 17:06:10,601 - VALO360 - DEBUG - 自動保存已禁用，跳過配置保存
2025-08-06 17:06:10,602 - VALO360 - DEBUG - 自動保存已禁用，跳過配置保存
2025-08-06 17:06:10,602 - VALO360 - DEBUG - 自動保存已禁用，跳過配置保存
2025-08-06 17:06:10,602 - VALO360 - DEBUG - 自動保存已禁用，跳過配置保存
2025-08-06 17:06:28,879 - VALO360 - DEBUG - 自動保存已禁用，跳過配置保存
2025-08-06 17:06:28,879 - VALO360 - DEBUG - 自動保存已禁用，跳過配置保存
2025-08-06 17:06:28,879 - VALO360 - DEBUG - 自動保存已禁用，跳過配置保存
2025-08-06 17:06:28,879 - VALO360 - DEBUG - 自動保存已禁用，跳過配置保存
2025-08-06 17:06:29,034 - VALO360 - DEBUG - 自動保存已禁用，跳過配置保存
2025-08-06 17:06:29,034 - VALO360 - DEBUG - 自動保存已禁用，跳過配置保存
2025-08-06 17:06:29,034 - VALO360 - DEBUG - 自動保存已禁用，跳過配置保存
2025-08-06 17:06:29,038 - VALO360 - DEBUG - 自動保存已禁用，跳過配置保存
2025-08-06 17:06:32,054 - VALO360 - DEBUG - 自動保存已禁用，跳過配置保存
2025-08-06 17:06:32,054 - VALO360 - DEBUG - 自動保存已禁用，跳過配置保存
2025-08-06 17:06:32,054 - VALO360 - DEBUG - 自動保存已禁用，跳過配置保存
2025-08-06 17:06:32,054 - VALO360 - DEBUG - 自動保存已禁用，跳過配置保存
2025-08-06 17:06:32,140 - VALO360 - DEBUG - 自動保存已禁用，跳過配置保存
2025-08-06 17:06:32,140 - VALO360 - DEBUG - 自動保存已禁用，跳過配置保存
2025-08-06 17:06:32,140 - VALO360 - DEBUG - 自動保存已禁用，跳過配置保存
2025-08-06 17:06:32,144 - VALO360 - DEBUG - 自動保存已禁用，跳過配置保存
2025-08-06 17:06:34,074 - VALO360 - DEBUG - 配置已備份至: backup\setup_backup_20250806_170634.json
2025-08-06 17:06:34,078 - VALO360 - DEBUG - 已刪除舊備份: backup\setup_backup_20250801_140737.json
2025-08-06 17:06:34,078 - VALO360 - DEBUG - 配置保存成功
2025-08-06 17:06:34,081 - VALO360 - DEBUG - 配置已備份至: backup\setup_backup_20250806_170634.json
2025-08-06 17:06:34,082 - VALO360 - DEBUG - 配置保存成功
2025-08-06 17:06:34,082 - VALO360 - DEBUG - 自動保存已禁用，跳過配置保存
2025-08-06 17:06:34,085 - VALO360 - INFO - 程式關閉時已保存所有待保存的設定
2025-08-06 17:06:34,085 - VALO360 - INFO - 程式正常關閉
2025-08-06 17:06:34,160 - VALO360 - INFO - 資源清理完成
2025-08-06 17:06:34,160 - VALO360 - INFO - 應用程式資源清理完成
2025-08-06 17:07:04,522 - VALO360 - DEBUG - 找到指令檔: D:\((Python TOOL\指令工具-20250428T020034Z-001\CODE_HERE2\dist\Command_TABLE\command.txt
2025-08-06 17:07:04,544 - VALO360 - INFO - 成功載入 94 個指令
2025-08-06 17:07:04,544 - VALO360 - INFO - 運行日誌: main.py 啟動
2025-08-06 17:07:04,544 - VALO360 - INFO - 指令通主程式啟動
2025-08-06 17:07:04,544 - VALO360 - INFO - 運行日誌: 成功 import TabManager
2025-08-06 17:07:04,544 - VALO360 - INFO - UI模組導入成功
2025-08-06 17:07:04,544 - VALO360 - INFO - 日誌系統初始化完成
2025-08-06 17:07:04,544 - VALO360 - DEBUG - ConfigManager: 自動保存已禁用
2025-08-06 17:07:04,544 - VALO360 - INFO - ConfigManager自動保存已禁用
2025-08-06 17:07:04,544 - VALO360 - INFO - 未找到關鍵字高亮設定文件，使用空設定
2025-08-06 17:07:04,718 - VALO360 - DEBUG - 配置已備份至: backup\setup_backup_20250806_170704.json
2025-08-06 17:07:04,718 - VALO360 - DEBUG - 已刪除舊備份: backup\setup_backup_20250801_141554.json
2025-08-06 17:07:04,723 - VALO360 - DEBUG - 配置載入成功
2025-08-06 17:07:04,723 - VALO360 - INFO - 統一設定管理器已初始化
2025-08-06 17:07:04,778 - VALO360 - DEBUG - 找到 4 個COM口: ['COM9 - AT PORT', 'COM8 - NMEA PORT', 'COM7 - DM PORT', 'COM3']
2025-08-06 17:07:05,686 - VALO360 - DEBUG - 找到 4 個COM口: ['COM9 - AT PORT', 'COM8 - NMEA PORT', 'COM7 - DM PORT', 'COM3']
2025-08-06 17:07:06,452 - VALO360 - INFO - 圖示檔案不存在: C:\Users\PEGA_U~1\AppData\Local\Temp\_MEI197482\assets\icon.ico
2025-08-06 17:07:06,452 - VALO360 - INFO - 視窗設置完成: PEGA指令通_1.9.3 (1522x741)
2025-08-06 17:07:06,452 - VALO360 - INFO - 程式啟動時更新標籤頁名稱
2025-08-06 17:07:06,452 - VALO360 - INFO - 應用程式啟動完成，進入主循環
2025-08-06 17:07:06,457 - VALO360 - DEBUG - 找到 4 個COM口: ['COM9 - AT PORT', 'COM8 - NMEA PORT', 'COM7 - DM PORT', 'COM3']
2025-08-06 17:07:06,527 - VALO360 - DEBUG - 自動保存已禁用，跳過配置保存
2025-08-06 17:07:06,530 - VALO360 - DEBUG - 自動保存已禁用，跳過配置保存
2025-08-06 17:07:06,530 - VALO360 - DEBUG - 自動保存已禁用，跳過配置保存
2025-08-06 17:07:06,530 - VALO360 - DEBUG - 自動保存已禁用，跳過配置保存
2025-08-06 17:07:06,530 - VALO360 - DEBUG - 自動保存已禁用，跳過配置保存
2025-08-06 17:07:06,530 - VALO360 - DEBUG - 自動保存已禁用，跳過配置保存
2025-08-06 17:07:06,530 - VALO360 - DEBUG - 自動保存已禁用，跳過配置保存
2025-08-06 17:07:06,530 - VALO360 - DEBUG - 自動保存已禁用，跳過配置保存
2025-08-06 17:07:06,530 - VALO360 - DEBUG - 自動保存已禁用，跳過配置保存
2025-08-06 17:07:06,530 - VALO360 - DEBUG - 自動保存已禁用，跳過配置保存
2025-08-06 17:07:06,530 - VALO360 - DEBUG - 自動保存已禁用，跳過配置保存
2025-08-06 17:07:06,530 - VALO360 - DEBUG - 自動保存已禁用，跳過配置保存
2025-08-06 17:07:06,530 - VALO360 - DEBUG - 自動保存已禁用，跳過配置保存
2025-08-06 17:07:06,530 - VALO360 - DEBUG - 自動保存已禁用，跳過配置保存
2025-08-06 17:07:06,537 - VALO360 - DEBUG - 自動保存已禁用，跳過配置保存
2025-08-06 17:07:06,537 - VALO360 - DEBUG - 自動保存已禁用，跳過配置保存
2025-08-06 17:07:06,537 - VALO360 - DEBUG - 自動保存已禁用，跳過配置保存
2025-08-06 17:07:06,537 - VALO360 - DEBUG - 自動保存已禁用，跳過配置保存
2025-08-06 17:07:06,537 - VALO360 - DEBUG - 自動保存已禁用，跳過配置保存
2025-08-06 17:07:06,541 - VALO360 - DEBUG - 自動保存已禁用，跳過配置保存
2025-08-06 17:07:06,541 - VALO360 - DEBUG - 自動保存已禁用，跳過配置保存
2025-08-06 17:07:06,541 - VALO360 - DEBUG - 自動保存已禁用，跳過配置保存
2025-08-06 17:07:06,543 - VALO360 - DEBUG - 自動保存已禁用，跳過配置保存
2025-08-06 17:07:06,543 - VALO360 - DEBUG - 自動保存已禁用，跳過配置保存
2025-08-06 17:07:06,543 - VALO360 - DEBUG - 自動保存已禁用，跳過配置保存
2025-08-06 17:07:06,543 - VALO360 - DEBUG - 自動保存已禁用，跳過配置保存
2025-08-06 17:07:06,545 - VALO360 - DEBUG - 自動保存已禁用，跳過配置保存
2025-08-06 17:07:06,545 - VALO360 - DEBUG - 自動保存已禁用，跳過配置保存
2025-08-06 17:07:06,545 - VALO360 - DEBUG - 自動保存已禁用，跳過配置保存
2025-08-06 17:07:06,547 - VALO360 - DEBUG - 自動保存已禁用，跳過配置保存
2025-08-06 17:07:06,547 - VALO360 - DEBUG - 自動保存已禁用，跳過配置保存
2025-08-06 17:07:06,547 - VALO360 - DEBUG - 自動保存已禁用，跳過配置保存
2025-08-06 17:07:06,548 - VALO360 - DEBUG - 自動保存已禁用，跳過配置保存
2025-08-06 17:07:06,548 - VALO360 - DEBUG - 自動保存已禁用，跳過配置保存
2025-08-06 17:07:06,548 - VALO360 - DEBUG - 自動保存已禁用，跳過配置保存
2025-08-06 17:07:06,550 - VALO360 - DEBUG - 自動保存已禁用，跳過配置保存
2025-08-06 17:07:06,550 - VALO360 - DEBUG - 自動保存已禁用，跳過配置保存
2025-08-06 17:07:06,550 - VALO360 - DEBUG - 自動保存已禁用，跳過配置保存
2025-08-06 17:07:06,552 - VALO360 - DEBUG - 自動保存已禁用，跳過配置保存
2025-08-06 17:07:06,552 - VALO360 - DEBUG - 自動保存已禁用，跳過配置保存
2025-08-06 17:07:06,552 - VALO360 - DEBUG - 自動保存已禁用，跳過配置保存
2025-08-06 17:07:06,554 - VALO360 - DEBUG - 自動保存已禁用，跳過配置保存
2025-08-06 17:07:06,554 - VALO360 - DEBUG - 自動保存已禁用，跳過配置保存
2025-08-06 17:07:06,554 - VALO360 - DEBUG - 自動保存已禁用，跳過配置保存
2025-08-06 17:07:06,554 - VALO360 - DEBUG - 自動保存已禁用，跳過配置保存
2025-08-06 17:07:06,556 - VALO360 - DEBUG - 自動保存已禁用，跳過配置保存
2025-08-06 17:07:06,556 - VALO360 - DEBUG - 自動保存已禁用，跳過配置保存
2025-08-06 17:07:06,556 - VALO360 - DEBUG - 自動保存已禁用，跳過配置保存
2025-08-06 17:07:06,558 - VALO360 - DEBUG - 自動保存已禁用，跳過配置保存
2025-08-06 17:07:06,558 - VALO360 - DEBUG - 自動保存已禁用，跳過配置保存
2025-08-06 17:07:06,559 - VALO360 - DEBUG - 自動保存已禁用，跳過配置保存
2025-08-06 17:07:06,559 - VALO360 - DEBUG - 自動保存已禁用，跳過配置保存
2025-08-06 17:07:06,559 - VALO360 - DEBUG - 自動保存已禁用，跳過配置保存
2025-08-06 17:07:06,561 - VALO360 - DEBUG - 自動保存已禁用，跳過配置保存
2025-08-06 17:07:06,561 - VALO360 - DEBUG - 自動保存已禁用，跳過配置保存
2025-08-06 17:07:06,561 - VALO360 - DEBUG - 自動保存已禁用，跳過配置保存
2025-08-06 17:07:06,563 - VALO360 - DEBUG - 自動保存已禁用，跳過配置保存
2025-08-06 17:07:06,563 - VALO360 - DEBUG - 自動保存已禁用，跳過配置保存
2025-08-06 17:07:06,563 - VALO360 - DEBUG - 自動保存已禁用，跳過配置保存
2025-08-06 17:07:06,563 - VALO360 - DEBUG - 自動保存已禁用，跳過配置保存
2025-08-06 17:07:06,565 - VALO360 - DEBUG - 自動保存已禁用，跳過配置保存
2025-08-06 17:07:06,565 - VALO360 - DEBUG - 自動保存已禁用，跳過配置保存
2025-08-06 17:07:06,565 - VALO360 - DEBUG - 自動保存已禁用，跳過配置保存
2025-08-06 17:07:06,565 - VALO360 - DEBUG - 自動保存已禁用，跳過配置保存
2025-08-06 17:07:06,567 - VALO360 - DEBUG - 自動保存已禁用，跳過配置保存
2025-08-06 17:07:06,568 - VALO360 - DEBUG - 自動保存已禁用，跳過配置保存
2025-08-06 17:07:06,568 - VALO360 - DEBUG - 自動保存已禁用，跳過配置保存
2025-08-06 17:07:06,569 - VALO360 - DEBUG - 自動保存已禁用，跳過配置保存
2025-08-06 17:07:06,569 - VALO360 - DEBUG - 自動保存已禁用，跳過配置保存
2025-08-06 17:07:06,569 - VALO360 - DEBUG - 自動保存已禁用，跳過配置保存
2025-08-06 17:07:06,569 - VALO360 - DEBUG - 自動保存已禁用，跳過配置保存
2025-08-06 17:07:06,569 - VALO360 - DEBUG - 自動保存已禁用，跳過配置保存
2025-08-06 17:07:06,572 - VALO360 - DEBUG - 自動保存已禁用，跳過配置保存
2025-08-06 17:07:06,572 - VALO360 - DEBUG - 自動保存已禁用，跳過配置保存
2025-08-06 17:07:06,574 - VALO360 - DEBUG - 自動保存已禁用，跳過配置保存
2025-08-06 17:07:06,574 - VALO360 - DEBUG - 自動保存已禁用，跳過配置保存
2025-08-06 17:07:06,574 - VALO360 - DEBUG - 自動保存已禁用，跳過配置保存
2025-08-06 17:07:06,574 - VALO360 - DEBUG - 自動保存已禁用，跳過配置保存
2025-08-06 17:07:06,576 - VALO360 - DEBUG - 自動保存已禁用，跳過配置保存
2025-08-06 17:07:06,576 - VALO360 - DEBUG - 自動保存已禁用，跳過配置保存
2025-08-06 17:07:06,578 - VALO360 - DEBUG - 自動保存已禁用，跳過配置保存
2025-08-06 17:07:06,578 - VALO360 - DEBUG - 自動保存已禁用，跳過配置保存
2025-08-06 17:07:06,578 - VALO360 - DEBUG - 自動保存已禁用，跳過配置保存
2025-08-06 17:07:06,578 - VALO360 - DEBUG - 自動保存已禁用，跳過配置保存
2025-08-06 17:07:06,580 - VALO360 - DEBUG - 自動保存已禁用，跳過配置保存
2025-08-06 17:07:06,580 - VALO360 - DEBUG - 自動保存已禁用，跳過配置保存
2025-08-06 17:07:06,580 - VALO360 - DEBUG - 自動保存已禁用，跳過配置保存
2025-08-06 17:07:06,580 - VALO360 - DEBUG - 自動保存已禁用，跳過配置保存
2025-08-06 17:07:06,582 - VALO360 - DEBUG - 自動保存已禁用，跳過配置保存
2025-08-06 17:07:06,582 - VALO360 - DEBUG - 自動保存已禁用，跳過配置保存
2025-08-06 17:07:06,582 - VALO360 - DEBUG - 自動保存已禁用，跳過配置保存
2025-08-06 17:07:06,582 - VALO360 - DEBUG - 自動保存已禁用，跳過配置保存
2025-08-06 17:07:06,584 - VALO360 - DEBUG - 自動保存已禁用，跳過配置保存
2025-08-06 17:07:06,584 - VALO360 - DEBUG - 自動保存已禁用，跳過配置保存
2025-08-06 17:07:06,584 - VALO360 - DEBUG - 自動保存已禁用，跳過配置保存
2025-08-06 17:07:06,584 - VALO360 - DEBUG - 自動保存已禁用，跳過配置保存
2025-08-06 17:07:06,586 - VALO360 - DEBUG - 自動保存已禁用，跳過配置保存
2025-08-06 17:07:06,586 - VALO360 - DEBUG - 自動保存已禁用，跳過配置保存
2025-08-06 17:07:06,586 - VALO360 - DEBUG - 自動保存已禁用，跳過配置保存
2025-08-06 17:07:06,588 - VALO360 - DEBUG - 自動保存已禁用，跳過配置保存
2025-08-06 17:07:06,590 - VALO360 - DEBUG - 自動保存已禁用，跳過配置保存
2025-08-06 17:07:06,590 - VALO360 - DEBUG - 自動保存已禁用，跳過配置保存
2025-08-06 17:07:06,590 - VALO360 - DEBUG - 自動保存已禁用，跳過配置保存
2025-08-06 17:07:06,591 - VALO360 - DEBUG - 自動保存已禁用，跳過配置保存
2025-08-06 17:07:06,592 - VALO360 - DEBUG - 自動保存已禁用，跳過配置保存
2025-08-06 17:07:06,592 - VALO360 - DEBUG - 自動保存已禁用，跳過配置保存
2025-08-06 17:07:06,592 - VALO360 - DEBUG - 自動保存已禁用，跳過配置保存
2025-08-06 17:07:06,594 - VALO360 - DEBUG - 自動保存已禁用，跳過配置保存
2025-08-06 17:07:06,595 - VALO360 - DEBUG - 自動保存已禁用，跳過配置保存
2025-08-06 17:07:06,595 - VALO360 - DEBUG - 自動保存已禁用，跳過配置保存
2025-08-06 17:07:06,595 - VALO360 - DEBUG - 自動保存已禁用，跳過配置保存
2025-08-06 17:07:06,596 - VALO360 - DEBUG - 自動保存已禁用，跳過配置保存
2025-08-06 17:07:06,597 - VALO360 - DEBUG - 自動保存已禁用，跳過配置保存
2025-08-06 17:07:06,597 - VALO360 - DEBUG - 自動保存已禁用，跳過配置保存
2025-08-06 17:07:06,597 - VALO360 - DEBUG - 自動保存已禁用，跳過配置保存
2025-08-06 17:07:06,598 - VALO360 - DEBUG - 自動保存已禁用，跳過配置保存
2025-08-06 17:07:06,598 - VALO360 - DEBUG - 自動保存已禁用，跳過配置保存
2025-08-06 17:07:06,598 - VALO360 - DEBUG - 自動保存已禁用，跳過配置保存
2025-08-06 17:07:06,598 - VALO360 - DEBUG - 自動保存已禁用，跳過配置保存
2025-08-06 17:07:06,600 - VALO360 - DEBUG - 自動保存已禁用，跳過配置保存
2025-08-06 17:07:06,600 - VALO360 - DEBUG - 自動保存已禁用，跳過配置保存
2025-08-06 17:07:06,600 - VALO360 - DEBUG - 自動保存已禁用，跳過配置保存
2025-08-06 17:07:06,600 - VALO360 - DEBUG - 自動保存已禁用，跳過配置保存
2025-08-06 17:07:06,602 - VALO360 - DEBUG - 自動保存已禁用，跳過配置保存
2025-08-06 17:07:06,603 - VALO360 - DEBUG - 自動保存已禁用，跳過配置保存
2025-08-06 17:07:06,603 - VALO360 - DEBUG - 自動保存已禁用，跳過配置保存
2025-08-06 17:07:06,604 - VALO360 - DEBUG - 自動保存已禁用，跳過配置保存
2025-08-06 17:07:06,604 - VALO360 - DEBUG - 自動保存已禁用，跳過配置保存
2025-08-06 17:07:06,606 - VALO360 - DEBUG - 自動保存已禁用，跳過配置保存
2025-08-06 17:07:06,606 - VALO360 - DEBUG - 自動保存已禁用，跳過配置保存
2025-08-06 17:07:06,607 - VALO360 - DEBUG - 自動保存已禁用，跳過配置保存
2025-08-06 17:07:06,607 - VALO360 - DEBUG - 自動保存已禁用，跳過配置保存
2025-08-06 17:07:06,608 - VALO360 - DEBUG - 自動保存已禁用，跳過配置保存
2025-08-06 17:07:06,608 - VALO360 - DEBUG - 自動保存已禁用，跳過配置保存
2025-08-06 17:07:06,608 - VALO360 - DEBUG - 自動保存已禁用，跳過配置保存
2025-08-06 17:07:06,608 - VALO360 - DEBUG - 自動保存已禁用，跳過配置保存
2025-08-06 17:07:06,610 - VALO360 - DEBUG - 自動保存已禁用，跳過配置保存
2025-08-06 17:07:06,611 - VALO360 - DEBUG - 自動保存已禁用，跳過配置保存
2025-08-06 17:07:06,611 - VALO360 - DEBUG - 自動保存已禁用，跳過配置保存
2025-08-06 17:07:06,611 - VALO360 - DEBUG - 自動保存已禁用，跳過配置保存
2025-08-06 17:07:06,612 - VALO360 - DEBUG - 自動保存已禁用，跳過配置保存
2025-08-06 17:07:06,613 - VALO360 - DEBUG - 自動保存已禁用，跳過配置保存
2025-08-06 17:07:06,613 - VALO360 - DEBUG - 自動保存已禁用，跳過配置保存
2025-08-06 17:07:06,613 - VALO360 - DEBUG - 自動保存已禁用，跳過配置保存
2025-08-06 17:07:06,614 - VALO360 - DEBUG - 自動保存已禁用，跳過配置保存
2025-08-06 17:07:06,616 - VALO360 - DEBUG - 自動保存已禁用，跳過配置保存
2025-08-06 17:07:06,616 - VALO360 - DEBUG - 自動保存已禁用，跳過配置保存
2025-08-06 17:07:06,616 - VALO360 - DEBUG - 自動保存已禁用，跳過配置保存
2025-08-06 17:07:06,617 - VALO360 - DEBUG - 自動保存已禁用，跳過配置保存
2025-08-06 17:07:06,618 - VALO360 - DEBUG - 自動保存已禁用，跳過配置保存
2025-08-06 17:07:06,618 - VALO360 - DEBUG - 自動保存已禁用，跳過配置保存
2025-08-06 17:07:06,619 - VALO360 - DEBUG - 自動保存已禁用，跳過配置保存
2025-08-06 17:07:06,619 - VALO360 - DEBUG - 自動保存已禁用，跳過配置保存
2025-08-06 17:07:06,619 - VALO360 - DEBUG - 自動保存已禁用，跳過配置保存
2025-08-06 17:07:06,619 - VALO360 - DEBUG - 自動保存已禁用，跳過配置保存
2025-08-06 17:07:06,619 - VALO360 - DEBUG - 自動保存已禁用，跳過配置保存
2025-08-06 17:07:06,619 - VALO360 - DEBUG - 自動保存已禁用，跳過配置保存
2025-08-06 17:07:06,619 - VALO360 - DEBUG - 自動保存已禁用，跳過配置保存
2025-08-06 17:07:06,619 - VALO360 - DEBUG - 自動保存已禁用，跳過配置保存
2025-08-06 17:07:06,619 - VALO360 - DEBUG - 自動保存已禁用，跳過配置保存
2025-08-06 17:07:06,619 - VALO360 - DEBUG - 自動保存已禁用，跳過配置保存
2025-08-06 17:07:06,619 - VALO360 - DEBUG - 自動保存已禁用，跳過配置保存
2025-08-06 17:07:06,619 - VALO360 - DEBUG - 自動保存已禁用，跳過配置保存
2025-08-06 17:07:06,619 - VALO360 - DEBUG - 自動保存已禁用，跳過配置保存
2025-08-06 17:07:06,619 - VALO360 - DEBUG - 自動保存已禁用，跳過配置保存
2025-08-06 17:07:06,619 - VALO360 - DEBUG - 自動保存已禁用，跳過配置保存
2025-08-06 17:07:06,619 - VALO360 - DEBUG - 自動保存已禁用，跳過配置保存
2025-08-06 17:07:06,619 - VALO360 - DEBUG - 自動保存已禁用，跳過配置保存
2025-08-06 17:07:06,628 - VALO360 - DEBUG - 自動保存已禁用，跳過配置保存
2025-08-06 17:07:06,628 - VALO360 - DEBUG - 自動保存已禁用，跳過配置保存
2025-08-06 17:07:06,631 - VALO360 - DEBUG - 自動保存已禁用，跳過配置保存
2025-08-06 17:07:06,631 - VALO360 - DEBUG - 自動保存已禁用，跳過配置保存
2025-08-06 17:07:06,631 - VALO360 - DEBUG - 自動保存已禁用，跳過配置保存
2025-08-06 17:07:06,631 - VALO360 - DEBUG - 自動保存已禁用，跳過配置保存
2025-08-06 17:07:06,631 - VALO360 - DEBUG - 自動保存已禁用，跳過配置保存
2025-08-06 17:07:06,631 - VALO360 - DEBUG - 自動保存已禁用，跳過配置保存
2025-08-06 17:07:06,631 - VALO360 - DEBUG - 自動保存已禁用，跳過配置保存
2025-08-06 17:07:06,631 - VALO360 - DEBUG - 自動保存已禁用，跳過配置保存
2025-08-06 17:07:06,631 - VALO360 - DEBUG - 自動保存已禁用，跳過配置保存
2025-08-06 17:07:06,631 - VALO360 - DEBUG - 自動保存已禁用，跳過配置保存
2025-08-06 17:07:06,631 - VALO360 - DEBUG - 自動保存已禁用，跳過配置保存
2025-08-06 17:07:06,631 - VALO360 - DEBUG - 自動保存已禁用，跳過配置保存
2025-08-06 17:07:06,631 - VALO360 - DEBUG - 自動保存已禁用，跳過配置保存
2025-08-06 17:07:06,631 - VALO360 - DEBUG - 自動保存已禁用，跳過配置保存
2025-08-06 17:07:06,638 - VALO360 - DEBUG - 自動保存已禁用，跳過配置保存
2025-08-06 17:07:06,638 - VALO360 - DEBUG - 自動保存已禁用，跳過配置保存
2025-08-06 17:07:06,638 - VALO360 - DEBUG - 自動保存已禁用，跳過配置保存
2025-08-06 17:07:06,638 - VALO360 - DEBUG - 自動保存已禁用，跳過配置保存
2025-08-06 17:07:06,638 - VALO360 - DEBUG - 自動保存已禁用，跳過配置保存
2025-08-06 17:07:06,638 - VALO360 - DEBUG - 自動保存已禁用，跳過配置保存
2025-08-06 17:07:06,638 - VALO360 - DEBUG - 自動保存已禁用，跳過配置保存
2025-08-06 17:07:06,638 - VALO360 - DEBUG - 自動保存已禁用，跳過配置保存
2025-08-06 17:07:06,638 - VALO360 - DEBUG - 自動保存已禁用，跳過配置保存
2025-08-06 17:07:06,638 - VALO360 - DEBUG - 自動保存已禁用，跳過配置保存
2025-08-06 17:07:06,638 - VALO360 - DEBUG - 自動保存已禁用，跳過配置保存
2025-08-06 17:07:06,638 - VALO360 - DEBUG - 自動保存已禁用，跳過配置保存
2025-08-06 17:07:06,638 - VALO360 - DEBUG - 自動保存已禁用，跳過配置保存
2025-08-06 17:07:06,638 - VALO360 - DEBUG - 自動保存已禁用，跳過配置保存
2025-08-06 17:07:06,638 - VALO360 - DEBUG - 自動保存已禁用，跳過配置保存
2025-08-06 17:07:06,638 - VALO360 - DEBUG - 自動保存已禁用，跳過配置保存
2025-08-06 17:07:06,638 - VALO360 - DEBUG - 自動保存已禁用，跳過配置保存
2025-08-06 17:07:06,649 - VALO360 - DEBUG - 自動保存已禁用，跳過配置保存
2025-08-06 17:07:06,649 - VALO360 - DEBUG - 自動保存已禁用，跳過配置保存
2025-08-06 17:07:06,649 - VALO360 - DEBUG - 自動保存已禁用，跳過配置保存
2025-08-06 17:07:06,649 - VALO360 - DEBUG - 自動保存已禁用，跳過配置保存
2025-08-06 17:07:06,649 - VALO360 - DEBUG - 自動保存已禁用，跳過配置保存
2025-08-06 17:07:06,649 - VALO360 - DEBUG - 自動保存已禁用，跳過配置保存
2025-08-06 17:07:06,649 - VALO360 - DEBUG - 自動保存已禁用，跳過配置保存
2025-08-06 17:07:06,649 - VALO360 - DEBUG - 自動保存已禁用，跳過配置保存
2025-08-06 17:07:06,649 - VALO360 - DEBUG - 自動保存已禁用，跳過配置保存
2025-08-06 17:07:06,649 - VALO360 - DEBUG - 自動保存已禁用，跳過配置保存
2025-08-06 17:07:06,649 - VALO360 - DEBUG - 自動保存已禁用，跳過配置保存
2025-08-06 17:07:06,649 - VALO360 - DEBUG - 自動保存已禁用，跳過配置保存
2025-08-06 17:07:06,649 - VALO360 - DEBUG - 自動保存已禁用，跳過配置保存
2025-08-06 17:07:06,649 - VALO360 - DEBUG - 自動保存已禁用，跳過配置保存
2025-08-06 17:07:06,649 - VALO360 - DEBUG - 自動保存已禁用，跳過配置保存
2025-08-06 17:07:06,649 - VALO360 - DEBUG - 自動保存已禁用，跳過配置保存
2025-08-06 17:07:06,649 - VALO360 - DEBUG - 自動保存已禁用，跳過配置保存
2025-08-06 17:07:06,649 - VALO360 - DEBUG - 自動保存已禁用，跳過配置保存
2025-08-06 17:07:06,649 - VALO360 - DEBUG - 自動保存已禁用，跳過配置保存
2025-08-06 17:07:06,660 - VALO360 - DEBUG - 自動保存已禁用，跳過配置保存
2025-08-06 17:07:06,660 - VALO360 - DEBUG - 自動保存已禁用，跳過配置保存
2025-08-06 17:07:06,660 - VALO360 - DEBUG - 自動保存已禁用，跳過配置保存
2025-08-06 17:07:06,660 - VALO360 - DEBUG - 自動保存已禁用，跳過配置保存
2025-08-06 17:07:06,660 - VALO360 - DEBUG - 自動保存已禁用，跳過配置保存
2025-08-06 17:07:06,662 - VALO360 - DEBUG - 自動保存已禁用，跳過配置保存
2025-08-06 17:07:06,662 - VALO360 - DEBUG - 自動保存已禁用，跳過配置保存
2025-08-06 17:07:06,662 - VALO360 - DEBUG - 自動保存已禁用，跳過配置保存
2025-08-06 17:07:06,664 - VALO360 - DEBUG - 自動保存已禁用，跳過配置保存
2025-08-06 17:07:06,664 - VALO360 - DEBUG - 自動保存已禁用，跳過配置保存
2025-08-06 17:07:06,664 - VALO360 - DEBUG - 自動保存已禁用，跳過配置保存
2025-08-06 17:07:06,664 - VALO360 - DEBUG - 自動保存已禁用，跳過配置保存
2025-08-06 17:07:06,664 - VALO360 - DEBUG - 自動保存已禁用，跳過配置保存
2025-08-06 17:07:06,664 - VALO360 - DEBUG - 自動保存已禁用，跳過配置保存
2025-08-06 17:07:06,664 - VALO360 - DEBUG - 自動保存已禁用，跳過配置保存
2025-08-06 17:07:06,664 - VALO360 - DEBUG - 自動保存已禁用，跳過配置保存
2025-08-06 17:07:06,668 - VALO360 - DEBUG - 自動保存已禁用，跳過配置保存
2025-08-06 17:07:06,669 - VALO360 - DEBUG - 自動保存已禁用，跳過配置保存
2025-08-06 17:07:06,669 - VALO360 - DEBUG - 自動保存已禁用，跳過配置保存
2025-08-06 17:07:06,669 - VALO360 - DEBUG - 自動保存已禁用，跳過配置保存
2025-08-06 17:07:06,671 - VALO360 - DEBUG - 自動保存已禁用，跳過配置保存
2025-08-06 17:07:06,671 - VALO360 - DEBUG - 自動保存已禁用，跳過配置保存
2025-08-06 17:07:06,671 - VALO360 - DEBUG - 自動保存已禁用，跳過配置保存
2025-08-06 17:07:06,671 - VALO360 - DEBUG - 自動保存已禁用，跳過配置保存
2025-08-06 17:07:06,673 - VALO360 - DEBUG - 自動保存已禁用，跳過配置保存
2025-08-06 17:07:06,673 - VALO360 - DEBUG - 自動保存已禁用，跳過配置保存
2025-08-06 17:07:06,673 - VALO360 - DEBUG - 自動保存已禁用，跳過配置保存
2025-08-06 17:07:06,673 - VALO360 - DEBUG - 自動保存已禁用，跳過配置保存
2025-08-06 17:07:06,675 - VALO360 - DEBUG - 自動保存已禁用，跳過配置保存
2025-08-06 17:07:06,675 - VALO360 - DEBUG - 自動保存已禁用，跳過配置保存
2025-08-06 17:07:06,675 - VALO360 - DEBUG - 自動保存已禁用，跳過配置保存
2025-08-06 17:07:06,675 - VALO360 - DEBUG - 自動保存已禁用，跳過配置保存
2025-08-06 17:07:06,677 - VALO360 - DEBUG - 自動保存已禁用，跳過配置保存
2025-08-06 17:07:06,677 - VALO360 - DEBUG - 自動保存已禁用，跳過配置保存
2025-08-06 17:07:06,677 - VALO360 - DEBUG - 自動保存已禁用，跳過配置保存
2025-08-06 17:07:06,679 - VALO360 - DEBUG - 自動保存已禁用，跳過配置保存
2025-08-06 17:07:06,679 - VALO360 - DEBUG - 自動保存已禁用，跳過配置保存
2025-08-06 17:07:06,679 - VALO360 - DEBUG - 自動保存已禁用，跳過配置保存
2025-08-06 17:07:06,681 - VALO360 - DEBUG - 自動保存已禁用，跳過配置保存
2025-08-06 17:07:06,681 - VALO360 - DEBUG - 自動保存已禁用，跳過配置保存
2025-08-06 17:07:06,681 - VALO360 - DEBUG - 自動保存已禁用，跳過配置保存
2025-08-06 17:07:06,681 - VALO360 - DEBUG - 自動保存已禁用，跳過配置保存
2025-08-06 17:07:06,683 - VALO360 - DEBUG - 自動保存已禁用，跳過配置保存
2025-08-06 17:07:06,683 - VALO360 - DEBUG - 自動保存已禁用，跳過配置保存
2025-08-06 17:07:06,683 - VALO360 - DEBUG - 自動保存已禁用，跳過配置保存
2025-08-06 17:07:06,683 - VALO360 - DEBUG - 自動保存已禁用，跳過配置保存
2025-08-06 17:07:06,683 - VALO360 - DEBUG - 自動保存已禁用，跳過配置保存
2025-08-06 17:07:06,683 - VALO360 - DEBUG - 自動保存已禁用，跳過配置保存
2025-08-06 17:07:06,683 - VALO360 - DEBUG - 自動保存已禁用，跳過配置保存
2025-08-06 17:07:06,683 - VALO360 - DEBUG - 自動保存已禁用，跳過配置保存
2025-08-06 17:07:06,683 - VALO360 - DEBUG - 自動保存已禁用，跳過配置保存
2025-08-06 17:07:06,683 - VALO360 - DEBUG - 自動保存已禁用，跳過配置保存
2025-08-06 17:07:06,689 - VALO360 - DEBUG - 自動保存已禁用，跳過配置保存
2025-08-06 17:07:06,689 - VALO360 - DEBUG - 自動保存已禁用，跳過配置保存
2025-08-06 17:07:06,690 - VALO360 - DEBUG - 自動保存已禁用，跳過配置保存
2025-08-06 17:07:06,690 - VALO360 - DEBUG - 自動保存已禁用，跳過配置保存
2025-08-06 17:07:06,690 - VALO360 - DEBUG - 自動保存已禁用，跳過配置保存
2025-08-06 17:07:06,690 - VALO360 - DEBUG - 自動保存已禁用，跳過配置保存
2025-08-06 17:07:06,690 - VALO360 - DEBUG - 自動保存已禁用，跳過配置保存
2025-08-06 17:07:06,690 - VALO360 - DEBUG - 自動保存已禁用，跳過配置保存
2025-08-06 17:07:06,690 - VALO360 - DEBUG - 自動保存已禁用，跳過配置保存
2025-08-06 17:07:06,690 - VALO360 - DEBUG - 自動保存已禁用，跳過配置保存
2025-08-06 17:07:06,690 - VALO360 - DEBUG - 自動保存已禁用，跳過配置保存
2025-08-06 17:07:06,690 - VALO360 - DEBUG - 自動保存已禁用，跳過配置保存
2025-08-06 17:07:06,690 - VALO360 - DEBUG - 自動保存已禁用，跳過配置保存
2025-08-06 17:07:06,690 - VALO360 - DEBUG - 自動保存已禁用，跳過配置保存
2025-08-06 17:07:06,690 - VALO360 - DEBUG - 自動保存已禁用，跳過配置保存
2025-08-06 17:07:06,690 - VALO360 - DEBUG - 自動保存已禁用，跳過配置保存
2025-08-06 17:07:06,690 - VALO360 - DEBUG - 自動保存已禁用，跳過配置保存
2025-08-06 17:07:06,690 - VALO360 - DEBUG - 自動保存已禁用，跳過配置保存
2025-08-06 17:07:06,700 - VALO360 - DEBUG - 自動保存已禁用，跳過配置保存
2025-08-06 17:07:06,700 - VALO360 - DEBUG - 自動保存已禁用，跳過配置保存
2025-08-06 17:07:06,700 - VALO360 - DEBUG - 自動保存已禁用，跳過配置保存
2025-08-06 17:07:06,702 - VALO360 - DEBUG - 自動保存已禁用，跳過配置保存
2025-08-06 17:07:06,702 - VALO360 - DEBUG - 自動保存已禁用，跳過配置保存
2025-08-06 17:07:06,702 - VALO360 - DEBUG - 自動保存已禁用，跳過配置保存
2025-08-06 17:07:06,702 - VALO360 - DEBUG - 自動保存已禁用，跳過配置保存
2025-08-06 17:07:06,702 - VALO360 - DEBUG - 自動保存已禁用，跳過配置保存
2025-08-06 17:07:06,702 - VALO360 - DEBUG - 自動保存已禁用，跳過配置保存
2025-08-06 17:07:06,702 - VALO360 - DEBUG - 自動保存已禁用，跳過配置保存
2025-08-06 17:07:06,767 - VALO360 - DEBUG - 自動保存已禁用，跳過配置保存
2025-08-06 17:07:06,767 - VALO360 - DEBUG - 自動保存已禁用，跳過配置保存
2025-08-06 17:07:06,767 - VALO360 - DEBUG - 自動保存已禁用，跳過配置保存
2025-08-06 17:07:06,769 - VALO360 - DEBUG - 自動保存已禁用，跳過配置保存
2025-08-06 17:07:06,771 - VALO360 - DEBUG - 自動保存已禁用，跳過配置保存
2025-08-06 17:07:06,771 - VALO360 - DEBUG - 自動保存已禁用，跳過配置保存
2025-08-06 17:07:06,773 - VALO360 - DEBUG - 自動保存已禁用，跳過配置保存
2025-08-06 17:07:06,773 - VALO360 - DEBUG - 自動保存已禁用，跳過配置保存
2025-08-06 17:07:06,783 - VALO360 - DEBUG - 自動保存已禁用，跳過配置保存
2025-08-06 17:07:06,784 - VALO360 - DEBUG - 自動保存已禁用，跳過配置保存
2025-08-06 17:07:06,784 - VALO360 - DEBUG - 自動保存已禁用，跳過配置保存
2025-08-06 17:07:06,784 - VALO360 - DEBUG - 自動保存已禁用，跳過配置保存
2025-08-06 17:07:06,784 - VALO360 - DEBUG - 自動保存已禁用，跳過配置保存
2025-08-06 17:07:06,784 - VALO360 - DEBUG - 自動保存已禁用，跳過配置保存
2025-08-06 17:07:06,786 - VALO360 - DEBUG - 自動保存已禁用，跳過配置保存
2025-08-06 17:07:06,786 - VALO360 - DEBUG - 自動保存已禁用，跳過配置保存
2025-08-06 17:07:06,794 - VALO360 - DEBUG - 自動保存已禁用，跳過配置保存
2025-08-06 17:07:06,796 - VALO360 - DEBUG - 自動保存已禁用，跳過配置保存
2025-08-06 17:07:06,796 - VALO360 - DEBUG - 自動保存已禁用，跳過配置保存
2025-08-06 17:07:06,796 - VALO360 - DEBUG - 自動保存已禁用，跳過配置保存
2025-08-06 17:07:06,796 - VALO360 - DEBUG - 自動保存已禁用，跳過配置保存
2025-08-06 17:07:06,796 - VALO360 - DEBUG - 自動保存已禁用，跳過配置保存
2025-08-06 17:07:06,800 - VALO360 - DEBUG - 自動保存已禁用，跳過配置保存
2025-08-06 17:07:06,800 - VALO360 - DEBUG - 自動保存已禁用，跳過配置保存
2025-08-06 17:07:06,817 - VALO360 - DEBUG - 自動保存已禁用，跳過配置保存
2025-08-06 17:07:06,817 - VALO360 - DEBUG - 自動保存已禁用，跳過配置保存
2025-08-06 17:07:06,820 - VALO360 - DEBUG - 自動保存已禁用，跳過配置保存
2025-08-06 17:07:06,820 - VALO360 - DEBUG - 自動保存已禁用，跳過配置保存
2025-08-06 17:07:06,834 - VALO360 - DEBUG - 自動保存已禁用，跳過配置保存
2025-08-06 17:07:06,834 - VALO360 - DEBUG - 自動保存已禁用，跳過配置保存
2025-08-06 17:07:06,836 - VALO360 - DEBUG - 自動保存已禁用，跳過配置保存
2025-08-06 17:07:06,836 - VALO360 - DEBUG - 自動保存已禁用，跳過配置保存
2025-08-06 17:07:06,840 - VALO360 - DEBUG - 自動保存已禁用，跳過配置保存
2025-08-06 17:07:06,842 - VALO360 - DEBUG - 自動保存已禁用，跳過配置保存
2025-08-06 17:07:06,842 - VALO360 - DEBUG - 自動保存已禁用，跳過配置保存
2025-08-06 17:07:06,844 - VALO360 - DEBUG - 自動保存已禁用，跳過配置保存
2025-08-06 17:07:07,269 - VALO360 - DEBUG - 自動保存已禁用，跳過配置保存
2025-08-06 17:07:07,272 - VALO360 - DEBUG - 自動保存已禁用，跳過配置保存
2025-08-06 17:07:07,272 - VALO360 - DEBUG - 自動保存已禁用，跳過配置保存
2025-08-06 17:07:07,272 - VALO360 - DEBUG - 自動保存已禁用，跳過配置保存
2025-08-06 17:07:07,277 - VALO360 - DEBUG - 自動保存已禁用，跳過配置保存
2025-08-06 17:07:07,277 - VALO360 - DEBUG - 自動保存已禁用，跳過配置保存
2025-08-06 17:07:07,277 - VALO360 - DEBUG - 自動保存已禁用，跳過配置保存
2025-08-06 17:07:07,277 - VALO360 - DEBUG - 自動保存已禁用，跳過配置保存
2025-08-06 17:07:07,311 - VALO360 - DEBUG - 自動保存已禁用，跳過配置保存
2025-08-06 17:07:07,311 - VALO360 - DEBUG - 自動保存已禁用，跳過配置保存
2025-08-06 17:07:07,311 - VALO360 - DEBUG - 自動保存已禁用，跳過配置保存
2025-08-06 17:07:07,311 - VALO360 - DEBUG - 自動保存已禁用，跳過配置保存
2025-08-06 17:07:07,336 - VALO360 - DEBUG - 自動保存已禁用，跳過配置保存
2025-08-06 17:07:07,336 - VALO360 - DEBUG - 自動保存已禁用，跳過配置保存
2025-08-06 17:07:07,336 - VALO360 - DEBUG - 自動保存已禁用，跳過配置保存
2025-08-06 17:07:07,338 - VALO360 - DEBUG - 自動保存已禁用，跳過配置保存
2025-08-06 17:07:07,343 - VALO360 - DEBUG - 自動保存已禁用，跳過配置保存
2025-08-06 17:07:07,343 - VALO360 - DEBUG - 自動保存已禁用，跳過配置保存
2025-08-06 17:07:07,343 - VALO360 - DEBUG - 自動保存已禁用，跳過配置保存
2025-08-06 17:07:07,343 - VALO360 - DEBUG - 自動保存已禁用，跳過配置保存
2025-08-06 17:07:07,351 - VALO360 - DEBUG - 自動保存已禁用，跳過配置保存
2025-08-06 17:07:07,352 - VALO360 - DEBUG - 自動保存已禁用，跳過配置保存
2025-08-06 17:07:07,352 - VALO360 - DEBUG - 自動保存已禁用，跳過配置保存
2025-08-06 17:07:07,352 - VALO360 - DEBUG - 自動保存已禁用，跳過配置保存
2025-08-06 17:07:07,358 - VALO360 - DEBUG - 自動保存已禁用，跳過配置保存
2025-08-06 17:07:07,358 - VALO360 - DEBUG - 自動保存已禁用，跳過配置保存
2025-08-06 17:07:07,358 - VALO360 - DEBUG - 自動保存已禁用，跳過配置保存
2025-08-06 17:07:07,358 - VALO360 - DEBUG - 自動保存已禁用，跳過配置保存
2025-08-06 17:07:07,366 - VALO360 - DEBUG - 自動保存已禁用，跳過配置保存
2025-08-06 17:07:07,366 - VALO360 - DEBUG - 自動保存已禁用，跳過配置保存
2025-08-06 17:07:07,366 - VALO360 - DEBUG - 自動保存已禁用，跳過配置保存
2025-08-06 17:07:07,366 - VALO360 - DEBUG - 自動保存已禁用，跳過配置保存
2025-08-06 17:07:07,370 - VALO360 - DEBUG - 自動保存已禁用，跳過配置保存
2025-08-06 17:07:07,371 - VALO360 - DEBUG - 自動保存已禁用，跳過配置保存
2025-08-06 17:07:07,371 - VALO360 - DEBUG - 自動保存已禁用，跳過配置保存
2025-08-06 17:07:07,371 - VALO360 - DEBUG - 自動保存已禁用，跳過配置保存
2025-08-06 17:07:07,375 - VALO360 - DEBUG - 自動保存已禁用，跳過配置保存
2025-08-06 17:07:07,375 - VALO360 - DEBUG - 自動保存已禁用，跳過配置保存
2025-08-06 17:07:07,375 - VALO360 - DEBUG - 自動保存已禁用，跳過配置保存
2025-08-06 17:07:07,375 - VALO360 - DEBUG - 自動保存已禁用，跳過配置保存
2025-08-06 17:07:07,395 - VALO360 - DEBUG - 自動保存已禁用，跳過配置保存
2025-08-06 17:07:07,395 - VALO360 - DEBUG - 自動保存已禁用，跳過配置保存
2025-08-06 17:07:07,395 - VALO360 - DEBUG - 自動保存已禁用，跳過配置保存
2025-08-06 17:07:07,395 - VALO360 - DEBUG - 自動保存已禁用，跳過配置保存
2025-08-06 17:07:07,403 - VALO360 - DEBUG - 自動保存已禁用，跳過配置保存
2025-08-06 17:07:07,403 - VALO360 - DEBUG - 自動保存已禁用，跳過配置保存
2025-08-06 17:07:07,403 - VALO360 - DEBUG - 自動保存已禁用，跳過配置保存
2025-08-06 17:07:07,405 - VALO360 - DEBUG - 自動保存已禁用，跳過配置保存
2025-08-06 17:07:07,411 - VALO360 - DEBUG - 自動保存已禁用，跳過配置保存
2025-08-06 17:07:07,412 - VALO360 - DEBUG - 自動保存已禁用，跳過配置保存
2025-08-06 17:07:07,412 - VALO360 - DEBUG - 自動保存已禁用，跳過配置保存
2025-08-06 17:07:07,413 - VALO360 - DEBUG - 自動保存已禁用，跳過配置保存
2025-08-06 17:07:07,418 - VALO360 - DEBUG - 自動保存已禁用，跳過配置保存
2025-08-06 17:07:07,418 - VALO360 - DEBUG - 自動保存已禁用，跳過配置保存
2025-08-06 17:07:07,418 - VALO360 - DEBUG - 自動保存已禁用，跳過配置保存
2025-08-06 17:07:07,418 - VALO360 - DEBUG - 自動保存已禁用，跳過配置保存
2025-08-06 17:07:07,423 - VALO360 - DEBUG - 自動保存已禁用，跳過配置保存
2025-08-06 17:07:07,423 - VALO360 - DEBUG - 自動保存已禁用，跳過配置保存
2025-08-06 17:07:07,423 - VALO360 - DEBUG - 自動保存已禁用，跳過配置保存
2025-08-06 17:07:07,423 - VALO360 - DEBUG - 自動保存已禁用，跳過配置保存
2025-08-06 17:07:07,430 - VALO360 - DEBUG - 自動保存已禁用，跳過配置保存
2025-08-06 17:07:07,430 - VALO360 - DEBUG - 自動保存已禁用，跳過配置保存
2025-08-06 17:07:07,430 - VALO360 - DEBUG - 自動保存已禁用，跳過配置保存
2025-08-06 17:07:07,430 - VALO360 - DEBUG - 自動保存已禁用，跳過配置保存
2025-08-06 17:07:07,443 - VALO360 - DEBUG - 自動保存已禁用，跳過配置保存
2025-08-06 17:07:07,443 - VALO360 - DEBUG - 自動保存已禁用，跳過配置保存
2025-08-06 17:07:07,443 - VALO360 - DEBUG - 自動保存已禁用，跳過配置保存
2025-08-06 17:07:07,443 - VALO360 - DEBUG - 自動保存已禁用，跳過配置保存
2025-08-06 17:07:07,447 - VALO360 - DEBUG - 自動保存已禁用，跳過配置保存
2025-08-06 17:07:07,447 - VALO360 - DEBUG - 自動保存已禁用，跳過配置保存
2025-08-06 17:07:07,447 - VALO360 - DEBUG - 自動保存已禁用，跳過配置保存
2025-08-06 17:07:07,447 - VALO360 - DEBUG - 自動保存已禁用，跳過配置保存
2025-08-06 17:07:07,452 - VALO360 - DEBUG - 自動保存已禁用，跳過配置保存
2025-08-06 17:07:07,455 - VALO360 - DEBUG - 自動保存已禁用，跳過配置保存
2025-08-06 17:07:07,455 - VALO360 - DEBUG - 自動保存已禁用，跳過配置保存
2025-08-06 17:07:07,455 - VALO360 - DEBUG - 自動保存已禁用，跳過配置保存
2025-08-06 17:07:07,458 - VALO360 - DEBUG - 自動保存已禁用，跳過配置保存
2025-08-06 17:07:07,459 - VALO360 - DEBUG - 自動保存已禁用，跳過配置保存
2025-08-06 17:07:07,459 - VALO360 - DEBUG - 自動保存已禁用，跳過配置保存
2025-08-06 17:07:07,459 - VALO360 - DEBUG - 自動保存已禁用，跳過配置保存
2025-08-06 17:07:07,462 - VALO360 - DEBUG - 自動保存已禁用，跳過配置保存
2025-08-06 17:07:07,464 - VALO360 - DEBUG - 自動保存已禁用，跳過配置保存
2025-08-06 17:07:07,464 - VALO360 - DEBUG - 自動保存已禁用，跳過配置保存
2025-08-06 17:07:07,464 - VALO360 - DEBUG - 自動保存已禁用，跳過配置保存
2025-08-06 17:07:07,470 - VALO360 - DEBUG - 自動保存已禁用，跳過配置保存
2025-08-06 17:07:07,470 - VALO360 - DEBUG - 自動保存已禁用，跳過配置保存
2025-08-06 17:07:07,470 - VALO360 - DEBUG - 自動保存已禁用，跳過配置保存
2025-08-06 17:07:07,470 - VALO360 - DEBUG - 自動保存已禁用，跳過配置保存
2025-08-06 17:07:07,506 - VALO360 - DEBUG - 自動保存已禁用，跳過配置保存
2025-08-06 17:07:07,506 - VALO360 - DEBUG - 自動保存已禁用，跳過配置保存
2025-08-06 17:07:07,508 - VALO360 - DEBUG - 自動保存已禁用，跳過配置保存
2025-08-06 17:07:07,508 - VALO360 - DEBUG - 自動保存已禁用，跳過配置保存
2025-08-06 17:07:07,510 - VALO360 - DEBUG - 自動保存已禁用，跳過配置保存
2025-08-06 17:07:07,510 - VALO360 - DEBUG - 自動保存已禁用，跳過配置保存
2025-08-06 17:07:07,510 - VALO360 - DEBUG - 自動保存已禁用，跳過配置保存
2025-08-06 17:07:07,510 - VALO360 - DEBUG - 自動保存已禁用，跳過配置保存
2025-08-06 17:07:07,512 - VALO360 - DEBUG - 自動保存已禁用，跳過配置保存
2025-08-06 17:07:07,513 - VALO360 - DEBUG - 自動保存已禁用，跳過配置保存
2025-08-06 17:07:07,513 - VALO360 - DEBUG - 自動保存已禁用，跳過配置保存
2025-08-06 17:07:07,513 - VALO360 - DEBUG - 自動保存已禁用，跳過配置保存
2025-08-06 17:07:07,515 - VALO360 - DEBUG - 自動保存已禁用，跳過配置保存
2025-08-06 17:07:07,515 - VALO360 - DEBUG - 自動保存已禁用，跳過配置保存
2025-08-06 17:07:07,515 - VALO360 - DEBUG - 自動保存已禁用，跳過配置保存
2025-08-06 17:07:07,515 - VALO360 - DEBUG - 自動保存已禁用，跳過配置保存
2025-08-06 17:07:07,517 - VALO360 - DEBUG - 自動保存已禁用，跳過配置保存
2025-08-06 17:07:07,517 - VALO360 - DEBUG - 自動保存已禁用，跳過配置保存
2025-08-06 17:07:07,517 - VALO360 - DEBUG - 自動保存已禁用，跳過配置保存
2025-08-06 17:07:07,517 - VALO360 - DEBUG - 自動保存已禁用，跳過配置保存
2025-08-06 17:07:07,517 - VALO360 - DEBUG - 自動保存已禁用，跳過配置保存
2025-08-06 17:07:07,517 - VALO360 - DEBUG - 自動保存已禁用，跳過配置保存
2025-08-06 17:07:07,517 - VALO360 - DEBUG - 自動保存已禁用，跳過配置保存
2025-08-06 17:07:07,517 - VALO360 - DEBUG - 自動保存已禁用，跳過配置保存
2025-08-06 17:07:07,525 - VALO360 - DEBUG - 自動保存已禁用，跳過配置保存
2025-08-06 17:07:07,525 - VALO360 - DEBUG - 自動保存已禁用，跳過配置保存
2025-08-06 17:07:07,525 - VALO360 - DEBUG - 自動保存已禁用，跳過配置保存
2025-08-06 17:07:07,525 - VALO360 - DEBUG - 自動保存已禁用，跳過配置保存
2025-08-06 17:07:07,530 - VALO360 - DEBUG - 自動保存已禁用，跳過配置保存
2025-08-06 17:07:07,530 - VALO360 - DEBUG - 自動保存已禁用，跳過配置保存
2025-08-06 17:07:07,530 - VALO360 - DEBUG - 自動保存已禁用，跳過配置保存
2025-08-06 17:07:07,530 - VALO360 - DEBUG - 自動保存已禁用，跳過配置保存
2025-08-06 17:07:07,534 - VALO360 - DEBUG - 自動保存已禁用，跳過配置保存
2025-08-06 17:07:07,535 - VALO360 - DEBUG - 自動保存已禁用，跳過配置保存
2025-08-06 17:07:07,535 - VALO360 - DEBUG - 自動保存已禁用，跳過配置保存
2025-08-06 17:07:07,535 - VALO360 - DEBUG - 自動保存已禁用，跳過配置保存
2025-08-06 17:07:07,535 - VALO360 - DEBUG - 自動保存已禁用，跳過配置保存
2025-08-06 17:07:07,538 - VALO360 - DEBUG - 自動保存已禁用，跳過配置保存
2025-08-06 17:07:07,538 - VALO360 - DEBUG - 自動保存已禁用，跳過配置保存
2025-08-06 17:07:07,538 - VALO360 - DEBUG - 自動保存已禁用，跳過配置保存
2025-08-06 17:07:07,544 - VALO360 - DEBUG - 自動保存已禁用，跳過配置保存
2025-08-06 17:07:07,544 - VALO360 - DEBUG - 自動保存已禁用，跳過配置保存
2025-08-06 17:07:07,544 - VALO360 - DEBUG - 自動保存已禁用，跳過配置保存
2025-08-06 17:07:07,544 - VALO360 - DEBUG - 自動保存已禁用，跳過配置保存
2025-08-06 17:07:07,549 - VALO360 - DEBUG - 自動保存已禁用，跳過配置保存
2025-08-06 17:07:07,549 - VALO360 - DEBUG - 自動保存已禁用，跳過配置保存
2025-08-06 17:07:07,550 - VALO360 - DEBUG - 自動保存已禁用，跳過配置保存
2025-08-06 17:07:07,550 - VALO360 - DEBUG - 自動保存已禁用，跳過配置保存
2025-08-06 17:07:07,550 - VALO360 - DEBUG - 自動保存已禁用，跳過配置保存
2025-08-06 17:07:07,550 - VALO360 - DEBUG - 自動保存已禁用，跳過配置保存
2025-08-06 17:07:07,555 - VALO360 - DEBUG - 自動保存已禁用，跳過配置保存
2025-08-06 17:07:07,555 - VALO360 - DEBUG - 自動保存已禁用，跳過配置保存
2025-08-06 17:07:07,556 - VALO360 - DEBUG - 自動保存已禁用，跳過配置保存
2025-08-06 17:07:07,556 - VALO360 - DEBUG - 自動保存已禁用，跳過配置保存
2025-08-06 17:07:07,556 - VALO360 - DEBUG - 自動保存已禁用，跳過配置保存
2025-08-06 17:07:07,556 - VALO360 - DEBUG - 自動保存已禁用，跳過配置保存
2025-08-06 17:07:07,556 - VALO360 - DEBUG - 自動保存已禁用，跳過配置保存
2025-08-06 17:07:07,564 - VALO360 - DEBUG - 自動保存已禁用，跳過配置保存
2025-08-06 17:07:07,564 - VALO360 - DEBUG - 自動保存已禁用，跳過配置保存
2025-08-06 17:07:07,564 - VALO360 - DEBUG - 自動保存已禁用，跳過配置保存
2025-08-06 17:07:07,567 - VALO360 - DEBUG - 自動保存已禁用，跳過配置保存
2025-08-06 17:07:07,569 - VALO360 - DEBUG - 自動保存已禁用，跳過配置保存
2025-08-06 17:07:07,569 - VALO360 - DEBUG - 自動保存已禁用，跳過配置保存
2025-08-06 17:07:07,569 - VALO360 - DEBUG - 自動保存已禁用，跳過配置保存
2025-08-06 17:07:07,571 - VALO360 - DEBUG - 自動保存已禁用，跳過配置保存
2025-08-06 17:07:07,571 - VALO360 - DEBUG - 自動保存已禁用，跳過配置保存
2025-08-06 17:07:07,571 - VALO360 - DEBUG - 自動保存已禁用，跳過配置保存
2025-08-06 17:07:07,571 - VALO360 - DEBUG - 自動保存已禁用，跳過配置保存
2025-08-06 17:07:07,573 - VALO360 - DEBUG - 自動保存已禁用，跳過配置保存
2025-08-06 17:07:07,573 - VALO360 - DEBUG - 自動保存已禁用，跳過配置保存
2025-08-06 17:07:07,575 - VALO360 - DEBUG - 自動保存已禁用，跳過配置保存
2025-08-06 17:07:07,575 - VALO360 - DEBUG - 自動保存已禁用，跳過配置保存
2025-08-06 17:07:07,575 - VALO360 - DEBUG - 自動保存已禁用，跳過配置保存
2025-08-06 17:07:07,575 - VALO360 - DEBUG - 自動保存已禁用，跳過配置保存
2025-08-06 17:07:07,575 - VALO360 - DEBUG - 自動保存已禁用，跳過配置保存
2025-08-06 17:07:07,575 - VALO360 - DEBUG - 自動保存已禁用，跳過配置保存
2025-08-06 17:07:07,587 - VALO360 - DEBUG - 自動保存已禁用，跳過配置保存
2025-08-06 17:07:07,587 - VALO360 - DEBUG - 自動保存已禁用，跳過配置保存
2025-08-06 17:07:07,587 - VALO360 - DEBUG - 自動保存已禁用，跳過配置保存
2025-08-06 17:07:07,587 - VALO360 - DEBUG - 自動保存已禁用，跳過配置保存
2025-08-06 17:07:07,601 - VALO360 - DEBUG - 自動保存已禁用，跳過配置保存
2025-08-06 17:07:07,601 - VALO360 - DEBUG - 自動保存已禁用，跳過配置保存
2025-08-06 17:07:07,601 - VALO360 - DEBUG - 自動保存已禁用，跳過配置保存
2025-08-06 17:07:07,601 - VALO360 - DEBUG - 自動保存已禁用，跳過配置保存
2025-08-06 17:07:07,603 - VALO360 - DEBUG - 自動保存已禁用，跳過配置保存
2025-08-06 17:07:07,603 - VALO360 - DEBUG - 自動保存已禁用，跳過配置保存
2025-08-06 17:07:07,603 - VALO360 - DEBUG - 自動保存已禁用，跳過配置保存
2025-08-06 17:07:07,605 - VALO360 - DEBUG - 自動保存已禁用，跳過配置保存
2025-08-06 17:07:07,606 - VALO360 - DEBUG - 自動保存已禁用，跳過配置保存
2025-08-06 17:07:07,606 - VALO360 - DEBUG - 自動保存已禁用，跳過配置保存
2025-08-06 17:07:07,607 - VALO360 - DEBUG - 自動保存已禁用，跳過配置保存
2025-08-06 17:07:07,608 - VALO360 - DEBUG - 自動保存已禁用，跳過配置保存
2025-08-06 17:07:07,608 - VALO360 - DEBUG - 自動保存已禁用，跳過配置保存
2025-08-06 17:07:07,610 - VALO360 - DEBUG - 自動保存已禁用，跳過配置保存
2025-08-06 17:07:07,610 - VALO360 - DEBUG - 自動保存已禁用，跳過配置保存
2025-08-06 17:07:07,610 - VALO360 - DEBUG - 自動保存已禁用，跳過配置保存
2025-08-06 17:07:07,612 - VALO360 - DEBUG - 自動保存已禁用，跳過配置保存
2025-08-06 17:07:07,612 - VALO360 - DEBUG - 自動保存已禁用，跳過配置保存
2025-08-06 17:07:07,612 - VALO360 - DEBUG - 自動保存已禁用，跳過配置保存
2025-08-06 17:07:07,612 - VALO360 - DEBUG - 自動保存已禁用，跳過配置保存
2025-08-06 17:07:07,614 - VALO360 - DEBUG - 自動保存已禁用，跳過配置保存
2025-08-06 17:07:07,614 - VALO360 - DEBUG - 自動保存已禁用，跳過配置保存
2025-08-06 17:07:07,614 - VALO360 - DEBUG - 自動保存已禁用，跳過配置保存
2025-08-06 17:07:07,616 - VALO360 - DEBUG - 自動保存已禁用，跳過配置保存
2025-08-06 17:07:07,616 - VALO360 - DEBUG - 自動保存已禁用，跳過配置保存
2025-08-06 17:07:07,616 - VALO360 - DEBUG - 自動保存已禁用，跳過配置保存
2025-08-06 17:07:07,616 - VALO360 - DEBUG - 自動保存已禁用，跳過配置保存
2025-08-06 17:07:07,616 - VALO360 - DEBUG - 自動保存已禁用，跳過配置保存
2025-08-06 17:07:07,619 - VALO360 - DEBUG - 自動保存已禁用，跳過配置保存
2025-08-06 17:07:07,619 - VALO360 - DEBUG - 自動保存已禁用，跳過配置保存
2025-08-06 17:07:07,620 - VALO360 - DEBUG - 自動保存已禁用，跳過配置保存
2025-08-06 17:07:07,620 - VALO360 - DEBUG - 自動保存已禁用，跳過配置保存
2025-08-06 17:07:07,620 - VALO360 - DEBUG - 自動保存已禁用，跳過配置保存
2025-08-06 17:07:07,620 - VALO360 - DEBUG - 自動保存已禁用，跳過配置保存
2025-08-06 17:07:07,623 - VALO360 - DEBUG - 自動保存已禁用，跳過配置保存
2025-08-06 17:07:07,623 - VALO360 - DEBUG - 自動保存已禁用，跳過配置保存
2025-08-06 17:07:07,624 - VALO360 - DEBUG - 自動保存已禁用，跳過配置保存
2025-08-06 17:07:07,624 - VALO360 - DEBUG - 自動保存已禁用，跳過配置保存
2025-08-06 17:07:07,626 - VALO360 - DEBUG - 自動保存已禁用，跳過配置保存
2025-08-06 17:07:07,626 - VALO360 - DEBUG - 自動保存已禁用，跳過配置保存
2025-08-06 17:07:07,628 - VALO360 - DEBUG - 自動保存已禁用，跳過配置保存
2025-08-06 17:07:07,628 - VALO360 - DEBUG - 自動保存已禁用，跳過配置保存
2025-08-06 17:07:07,628 - VALO360 - DEBUG - 自動保存已禁用，跳過配置保存
2025-08-06 17:07:07,628 - VALO360 - DEBUG - 自動保存已禁用，跳過配置保存
2025-08-06 17:07:07,630 - VALO360 - DEBUG - 自動保存已禁用，跳過配置保存
2025-08-06 17:07:07,630 - VALO360 - DEBUG - 自動保存已禁用，跳過配置保存
2025-08-06 17:07:07,630 - VALO360 - DEBUG - 自動保存已禁用，跳過配置保存
2025-08-06 17:07:07,630 - VALO360 - DEBUG - 自動保存已禁用，跳過配置保存
2025-08-06 17:07:07,632 - VALO360 - DEBUG - 自動保存已禁用，跳過配置保存
2025-08-06 17:07:07,632 - VALO360 - DEBUG - 自動保存已禁用，跳過配置保存
2025-08-06 17:07:07,632 - VALO360 - DEBUG - 自動保存已禁用，跳過配置保存
2025-08-06 17:07:07,632 - VALO360 - DEBUG - 自動保存已禁用，跳過配置保存
2025-08-06 17:07:07,632 - VALO360 - DEBUG - 自動保存已禁用，跳過配置保存
2025-08-06 17:07:07,632 - VALO360 - DEBUG - 自動保存已禁用，跳過配置保存
2025-08-06 17:07:07,636 - VALO360 - DEBUG - 自動保存已禁用，跳過配置保存
2025-08-06 17:07:07,636 - VALO360 - DEBUG - 自動保存已禁用，跳過配置保存
2025-08-06 17:07:07,636 - VALO360 - DEBUG - 自動保存已禁用，跳過配置保存
2025-08-06 17:07:07,636 - VALO360 - DEBUG - 自動保存已禁用，跳過配置保存
2025-08-06 17:07:07,638 - VALO360 - DEBUG - 自動保存已禁用，跳過配置保存
2025-08-06 17:07:07,638 - VALO360 - DEBUG - 自動保存已禁用，跳過配置保存
2025-08-06 17:07:07,638 - VALO360 - DEBUG - 自動保存已禁用，跳過配置保存
2025-08-06 17:07:07,638 - VALO360 - DEBUG - 自動保存已禁用，跳過配置保存
2025-08-06 17:07:07,641 - VALO360 - DEBUG - 自動保存已禁用，跳過配置保存
2025-08-06 17:07:07,641 - VALO360 - DEBUG - 自動保存已禁用，跳過配置保存
2025-08-06 17:07:07,641 - VALO360 - DEBUG - 自動保存已禁用，跳過配置保存
2025-08-06 17:07:07,641 - VALO360 - DEBUG - 自動保存已禁用，跳過配置保存
2025-08-06 17:07:07,644 - VALO360 - DEBUG - 自動保存已禁用，跳過配置保存
2025-08-06 17:07:07,644 - VALO360 - DEBUG - 自動保存已禁用，跳過配置保存
2025-08-06 17:07:07,646 - VALO360 - DEBUG - 自動保存已禁用，跳過配置保存
2025-08-06 17:07:07,646 - VALO360 - DEBUG - 自動保存已禁用，跳過配置保存
2025-08-06 17:07:07,647 - VALO360 - DEBUG - 自動保存已禁用，跳過配置保存
2025-08-06 17:07:07,647 - VALO360 - DEBUG - 自動保存已禁用，跳過配置保存
2025-08-06 17:07:07,649 - VALO360 - DEBUG - 自動保存已禁用，跳過配置保存
2025-08-06 17:07:07,649 - VALO360 - DEBUG - 自動保存已禁用，跳過配置保存
2025-08-06 17:07:07,649 - VALO360 - DEBUG - 自動保存已禁用，跳過配置保存
2025-08-06 17:07:07,649 - VALO360 - DEBUG - 自動保存已禁用，跳過配置保存
2025-08-06 17:07:07,651 - VALO360 - DEBUG - 自動保存已禁用，跳過配置保存
2025-08-06 17:07:07,651 - VALO360 - DEBUG - 自動保存已禁用，跳過配置保存
2025-08-06 17:07:07,653 - VALO360 - DEBUG - 自動保存已禁用，跳過配置保存
2025-08-06 17:07:07,653 - VALO360 - DEBUG - 自動保存已禁用，跳過配置保存
2025-08-06 17:07:07,653 - VALO360 - DEBUG - 自動保存已禁用，跳過配置保存
2025-08-06 17:07:07,655 - VALO360 - DEBUG - 自動保存已禁用，跳過配置保存
2025-08-06 17:07:07,655 - VALO360 - DEBUG - 自動保存已禁用，跳過配置保存
2025-08-06 17:07:07,656 - VALO360 - DEBUG - 自動保存已禁用，跳過配置保存
2025-08-06 17:07:07,656 - VALO360 - DEBUG - 自動保存已禁用，跳過配置保存
2025-08-06 17:07:07,658 - VALO360 - DEBUG - 自動保存已禁用，跳過配置保存
2025-08-06 17:07:07,658 - VALO360 - DEBUG - 自動保存已禁用，跳過配置保存
2025-08-06 17:07:07,658 - VALO360 - DEBUG - 自動保存已禁用，跳過配置保存
2025-08-06 17:07:07,660 - VALO360 - DEBUG - 自動保存已禁用，跳過配置保存
2025-08-06 17:07:07,660 - VALO360 - DEBUG - 自動保存已禁用，跳過配置保存
2025-08-06 17:07:07,660 - VALO360 - DEBUG - 自動保存已禁用，跳過配置保存
2025-08-06 17:07:07,660 - VALO360 - DEBUG - 自動保存已禁用，跳過配置保存
2025-08-06 17:07:07,662 - VALO360 - DEBUG - 自動保存已禁用，跳過配置保存
2025-08-06 17:07:07,662 - VALO360 - DEBUG - 自動保存已禁用，跳過配置保存
2025-08-06 17:07:07,662 - VALO360 - DEBUG - 自動保存已禁用，跳過配置保存
2025-08-06 17:07:07,664 - VALO360 - DEBUG - 自動保存已禁用，跳過配置保存
2025-08-06 17:07:07,664 - VALO360 - DEBUG - 自動保存已禁用，跳過配置保存
2025-08-06 17:07:07,664 - VALO360 - DEBUG - 自動保存已禁用，跳過配置保存
2025-08-06 17:07:07,666 - VALO360 - DEBUG - 自動保存已禁用，跳過配置保存
2025-08-06 17:07:07,666 - VALO360 - DEBUG - 自動保存已禁用，跳過配置保存
2025-08-06 17:07:07,667 - VALO360 - DEBUG - 自動保存已禁用，跳過配置保存
2025-08-06 17:07:07,667 - VALO360 - DEBUG - 自動保存已禁用，跳過配置保存
2025-08-06 17:07:07,667 - VALO360 - DEBUG - 自動保存已禁用，跳過配置保存
2025-08-06 17:07:07,667 - VALO360 - DEBUG - 自動保存已禁用，跳過配置保存
2025-08-06 17:07:07,672 - VALO360 - DEBUG - 自動保存已禁用，跳過配置保存
2025-08-06 17:07:07,672 - VALO360 - DEBUG - 自動保存已禁用，跳過配置保存
2025-08-06 17:07:07,672 - VALO360 - DEBUG - 自動保存已禁用，跳過配置保存
2025-08-06 17:07:07,672 - VALO360 - DEBUG - 自動保存已禁用，跳過配置保存
2025-08-06 17:07:07,674 - VALO360 - DEBUG - 自動保存已禁用，跳過配置保存
2025-08-06 17:07:07,674 - VALO360 - DEBUG - 自動保存已禁用，跳過配置保存
2025-08-06 17:07:07,676 - VALO360 - DEBUG - 自動保存已禁用，跳過配置保存
2025-08-06 17:07:07,676 - VALO360 - DEBUG - 自動保存已禁用，跳過配置保存
2025-08-06 17:07:07,799 - VALO360 - DEBUG - 自動保存已禁用，跳過配置保存
2025-08-06 17:07:07,799 - VALO360 - DEBUG - 自動保存已禁用，跳過配置保存
2025-08-06 17:07:07,799 - VALO360 - DEBUG - 自動保存已禁用，跳過配置保存
2025-08-06 17:07:07,799 - VALO360 - DEBUG - 自動保存已禁用，跳過配置保存
2025-08-06 17:07:07,799 - VALO360 - DEBUG - 自動保存已禁用，跳過配置保存
2025-08-06 17:07:07,799 - VALO360 - DEBUG - 自動保存已禁用，跳過配置保存
2025-08-06 17:07:07,799 - VALO360 - DEBUG - 自動保存已禁用，跳過配置保存
2025-08-06 17:07:07,799 - VALO360 - DEBUG - 自動保存已禁用，跳過配置保存
2025-08-06 17:07:07,811 - VALO360 - DEBUG - 自動保存已禁用，跳過配置保存
2025-08-06 17:07:07,811 - VALO360 - DEBUG - 自動保存已禁用，跳過配置保存
2025-08-06 17:07:07,811 - VALO360 - DEBUG - 自動保存已禁用，跳過配置保存
2025-08-06 17:07:07,811 - VALO360 - DEBUG - 自動保存已禁用，跳過配置保存
2025-08-06 17:07:07,811 - VALO360 - DEBUG - 自動保存已禁用，跳過配置保存
2025-08-06 17:07:07,811 - VALO360 - DEBUG - 自動保存已禁用，跳過配置保存
2025-08-06 17:07:07,811 - VALO360 - DEBUG - 自動保存已禁用，跳過配置保存
2025-08-06 17:07:07,811 - VALO360 - DEBUG - 自動保存已禁用，跳過配置保存
2025-08-06 17:07:07,829 - VALO360 - DEBUG - 自動保存已禁用，跳過配置保存
2025-08-06 17:07:07,829 - VALO360 - DEBUG - 自動保存已禁用，跳過配置保存
2025-08-06 17:07:07,829 - VALO360 - DEBUG - 自動保存已禁用，跳過配置保存
2025-08-06 17:07:07,830 - VALO360 - DEBUG - 自動保存已禁用，跳過配置保存
2025-08-06 17:07:07,830 - VALO360 - DEBUG - 自動保存已禁用，跳過配置保存
2025-08-06 17:07:07,830 - VALO360 - DEBUG - 自動保存已禁用，跳過配置保存
2025-08-06 17:07:07,830 - VALO360 - DEBUG - 自動保存已禁用，跳過配置保存
2025-08-06 17:07:07,832 - VALO360 - DEBUG - 自動保存已禁用，跳過配置保存
2025-08-06 17:07:07,847 - VALO360 - DEBUG - 自動保存已禁用，跳過配置保存
2025-08-06 17:07:07,849 - VALO360 - DEBUG - 自動保存已禁用，跳過配置保存
2025-08-06 17:07:07,849 - VALO360 - DEBUG - 自動保存已禁用，跳過配置保存
2025-08-06 17:07:07,849 - VALO360 - DEBUG - 自動保存已禁用，跳過配置保存
2025-08-06 17:07:07,849 - VALO360 - DEBUG - 自動保存已禁用，跳過配置保存
2025-08-06 17:07:07,851 - VALO360 - DEBUG - 自動保存已禁用，跳過配置保存
2025-08-06 17:07:07,851 - VALO360 - DEBUG - 自動保存已禁用，跳過配置保存
2025-08-06 17:07:07,852 - VALO360 - DEBUG - 自動保存已禁用，跳過配置保存
2025-08-06 17:07:07,868 - VALO360 - DEBUG - 自動保存已禁用，跳過配置保存
2025-08-06 17:07:07,870 - VALO360 - DEBUG - 自動保存已禁用，跳過配置保存
2025-08-06 17:07:07,870 - VALO360 - DEBUG - 自動保存已禁用，跳過配置保存
2025-08-06 17:07:07,870 - VALO360 - DEBUG - 自動保存已禁用，跳過配置保存
2025-08-06 17:07:07,870 - VALO360 - DEBUG - 自動保存已禁用，跳過配置保存
2025-08-06 17:07:07,872 - VALO360 - DEBUG - 自動保存已禁用，跳過配置保存
2025-08-06 17:07:07,872 - VALO360 - DEBUG - 自動保存已禁用，跳過配置保存
2025-08-06 17:07:07,872 - VALO360 - DEBUG - 自動保存已禁用，跳過配置保存
2025-08-06 17:07:07,886 - VALO360 - DEBUG - 自動保存已禁用，跳過配置保存
2025-08-06 17:07:07,886 - VALO360 - DEBUG - 自動保存已禁用，跳過配置保存
2025-08-06 17:07:07,886 - VALO360 - DEBUG - 自動保存已禁用，跳過配置保存
2025-08-06 17:07:07,888 - VALO360 - DEBUG - 自動保存已禁用，跳過配置保存
2025-08-06 17:07:07,888 - VALO360 - DEBUG - 自動保存已禁用，跳過配置保存
2025-08-06 17:07:07,888 - VALO360 - DEBUG - 自動保存已禁用，跳過配置保存
2025-08-06 17:07:07,888 - VALO360 - DEBUG - 自動保存已禁用，跳過配置保存
2025-08-06 17:07:07,890 - VALO360 - DEBUG - 自動保存已禁用，跳過配置保存
2025-08-06 17:07:07,903 - VALO360 - DEBUG - 自動保存已禁用，跳過配置保存
2025-08-06 17:07:07,903 - VALO360 - DEBUG - 自動保存已禁用，跳過配置保存
2025-08-06 17:07:07,903 - VALO360 - DEBUG - 自動保存已禁用，跳過配置保存
2025-08-06 17:07:07,903 - VALO360 - DEBUG - 自動保存已禁用，跳過配置保存
2025-08-06 17:07:07,903 - VALO360 - DEBUG - 自動保存已禁用，跳過配置保存
2025-08-06 17:07:07,903 - VALO360 - DEBUG - 自動保存已禁用，跳過配置保存
2025-08-06 17:07:07,903 - VALO360 - DEBUG - 自動保存已禁用，跳過配置保存
2025-08-06 17:07:07,903 - VALO360 - DEBUG - 自動保存已禁用，跳過配置保存
2025-08-06 17:07:07,914 - VALO360 - DEBUG - 自動保存已禁用，跳過配置保存
2025-08-06 17:07:07,914 - VALO360 - DEBUG - 自動保存已禁用，跳過配置保存
2025-08-06 17:07:07,914 - VALO360 - DEBUG - 自動保存已禁用，跳過配置保存
2025-08-06 17:07:07,914 - VALO360 - DEBUG - 自動保存已禁用，跳過配置保存
2025-08-06 17:07:07,916 - VALO360 - DEBUG - 自動保存已禁用，跳過配置保存
2025-08-06 17:07:07,916 - VALO360 - DEBUG - 自動保存已禁用，跳過配置保存
2025-08-06 17:07:07,916 - VALO360 - DEBUG - 自動保存已禁用，跳過配置保存
2025-08-06 17:07:07,916 - VALO360 - DEBUG - 自動保存已禁用，跳過配置保存
2025-08-06 17:07:07,920 - VALO360 - DEBUG - 自動保存已禁用，跳過配置保存
2025-08-06 17:07:07,920 - VALO360 - DEBUG - 自動保存已禁用，跳過配置保存
2025-08-06 17:07:07,924 - VALO360 - DEBUG - 自動保存已禁用，跳過配置保存
2025-08-06 17:07:07,924 - VALO360 - DEBUG - 自動保存已禁用，跳過配置保存
2025-08-06 17:07:07,924 - VALO360 - DEBUG - 自動保存已禁用，跳過配置保存
2025-08-06 17:07:07,926 - VALO360 - DEBUG - 自動保存已禁用，跳過配置保存
2025-08-06 17:07:07,926 - VALO360 - DEBUG - 自動保存已禁用，跳過配置保存
2025-08-06 17:07:07,926 - VALO360 - DEBUG - 自動保存已禁用，跳過配置保存
2025-08-06 17:07:07,926 - VALO360 - DEBUG - 自動保存已禁用，跳過配置保存
2025-08-06 17:07:07,928 - VALO360 - DEBUG - 自動保存已禁用，跳過配置保存
2025-08-06 17:07:07,928 - VALO360 - DEBUG - 自動保存已禁用，跳過配置保存
2025-08-06 17:07:07,928 - VALO360 - DEBUG - 自動保存已禁用，跳過配置保存
2025-08-06 17:07:07,928 - VALO360 - DEBUG - 自動保存已禁用，跳過配置保存
2025-08-06 17:07:07,930 - VALO360 - DEBUG - 自動保存已禁用，跳過配置保存
2025-08-06 17:07:07,930 - VALO360 - DEBUG - 自動保存已禁用，跳過配置保存
2025-08-06 17:07:07,930 - VALO360 - DEBUG - 自動保存已禁用，跳過配置保存
2025-08-06 17:07:07,945 - VALO360 - DEBUG - 自動保存已禁用，跳過配置保存
2025-08-06 17:07:07,945 - VALO360 - DEBUG - 自動保存已禁用，跳過配置保存
2025-08-06 17:07:07,945 - VALO360 - DEBUG - 自動保存已禁用，跳過配置保存
2025-08-06 17:07:07,947 - VALO360 - DEBUG - 自動保存已禁用，跳過配置保存
2025-08-06 17:07:07,947 - VALO360 - DEBUG - 自動保存已禁用，跳過配置保存
2025-08-06 17:07:07,947 - VALO360 - DEBUG - 自動保存已禁用，跳過配置保存
2025-08-06 17:07:07,947 - VALO360 - DEBUG - 自動保存已禁用，跳過配置保存
2025-08-06 17:07:07,947 - VALO360 - DEBUG - 自動保存已禁用，跳過配置保存
2025-08-06 17:07:07,953 - VALO360 - DEBUG - 自動保存已禁用，跳過配置保存
2025-08-06 17:07:07,953 - VALO360 - DEBUG - 自動保存已禁用，跳過配置保存
2025-08-06 17:07:07,953 - VALO360 - DEBUG - 自動保存已禁用，跳過配置保存
2025-08-06 17:07:07,955 - VALO360 - DEBUG - 自動保存已禁用，跳過配置保存
2025-08-06 17:07:07,955 - VALO360 - DEBUG - 自動保存已禁用，跳過配置保存
2025-08-06 17:07:07,955 - VALO360 - DEBUG - 自動保存已禁用，跳過配置保存
2025-08-06 17:07:07,955 - VALO360 - DEBUG - 自動保存已禁用，跳過配置保存
2025-08-06 17:07:07,957 - VALO360 - DEBUG - 自動保存已禁用，跳過配置保存
2025-08-06 17:07:07,973 - VALO360 - DEBUG - 自動保存已禁用，跳過配置保存
2025-08-06 17:07:07,973 - VALO360 - DEBUG - 自動保存已禁用，跳過配置保存
2025-08-06 17:07:07,973 - VALO360 - DEBUG - 自動保存已禁用，跳過配置保存
2025-08-06 17:07:07,975 - VALO360 - DEBUG - 自動保存已禁用，跳過配置保存
2025-08-06 17:07:07,975 - VALO360 - DEBUG - 自動保存已禁用，跳過配置保存
2025-08-06 17:07:07,975 - VALO360 - DEBUG - 自動保存已禁用，跳過配置保存
2025-08-06 17:07:07,977 - VALO360 - DEBUG - 自動保存已禁用，跳過配置保存
2025-08-06 17:07:07,977 - VALO360 - DEBUG - 自動保存已禁用，跳過配置保存
2025-08-06 17:07:07,979 - VALO360 - DEBUG - 自動保存已禁用，跳過配置保存
2025-08-06 17:07:07,979 - VALO360 - DEBUG - 自動保存已禁用，跳過配置保存
2025-08-06 17:07:07,981 - VALO360 - DEBUG - 自動保存已禁用，跳過配置保存
2025-08-06 17:07:07,981 - VALO360 - DEBUG - 自動保存已禁用，跳過配置保存
2025-08-06 17:07:07,981 - VALO360 - DEBUG - 自動保存已禁用，跳過配置保存
2025-08-06 17:07:07,982 - VALO360 - DEBUG - 自動保存已禁用，跳過配置保存
2025-08-06 17:07:07,982 - VALO360 - DEBUG - 自動保存已禁用，跳過配置保存
2025-08-06 17:07:07,982 - VALO360 - DEBUG - 自動保存已禁用，跳過配置保存
2025-08-06 17:07:07,994 - VALO360 - DEBUG - 自動保存已禁用，跳過配置保存
2025-08-06 17:07:07,995 - VALO360 - DEBUG - 自動保存已禁用，跳過配置保存
2025-08-06 17:07:07,996 - VALO360 - DEBUG - 自動保存已禁用，跳過配置保存
2025-08-06 17:07:07,996 - VALO360 - DEBUG - 自動保存已禁用，跳過配置保存
2025-08-06 17:07:07,996 - VALO360 - DEBUG - 自動保存已禁用，跳過配置保存
2025-08-06 17:07:07,998 - VALO360 - DEBUG - 自動保存已禁用，跳過配置保存
2025-08-06 17:07:07,998 - VALO360 - DEBUG - 自動保存已禁用，跳過配置保存
2025-08-06 17:07:07,998 - VALO360 - DEBUG - 自動保存已禁用，跳過配置保存
2025-08-06 17:07:08,061 - VALO360 - DEBUG - 自動保存已禁用，跳過配置保存
2025-08-06 17:07:08,061 - VALO360 - DEBUG - 自動保存已禁用，跳過配置保存
2025-08-06 17:07:08,061 - VALO360 - DEBUG - 自動保存已禁用，跳過配置保存
2025-08-06 17:07:08,061 - VALO360 - DEBUG - 自動保存已禁用，跳過配置保存
2025-08-06 17:07:08,063 - VALO360 - DEBUG - 自動保存已禁用，跳過配置保存
2025-08-06 17:07:08,063 - VALO360 - DEBUG - 自動保存已禁用，跳過配置保存
2025-08-06 17:07:08,063 - VALO360 - DEBUG - 自動保存已禁用，跳過配置保存
2025-08-06 17:07:08,063 - VALO360 - DEBUG - 自動保存已禁用，跳過配置保存
2025-08-06 17:07:08,076 - VALO360 - DEBUG - 自動保存已禁用，跳過配置保存
2025-08-06 17:07:08,076 - VALO360 - DEBUG - 自動保存已禁用，跳過配置保存
2025-08-06 17:07:08,078 - VALO360 - DEBUG - 自動保存已禁用，跳過配置保存
2025-08-06 17:07:08,078 - VALO360 - DEBUG - 自動保存已禁用，跳過配置保存
2025-08-06 17:07:08,078 - VALO360 - DEBUG - 自動保存已禁用，跳過配置保存
2025-08-06 17:07:08,078 - VALO360 - DEBUG - 自動保存已禁用，跳過配置保存
2025-08-06 17:07:08,080 - VALO360 - DEBUG - 自動保存已禁用，跳過配置保存
2025-08-06 17:07:08,080 - VALO360 - DEBUG - 自動保存已禁用，跳過配置保存
2025-08-06 17:07:08,080 - VALO360 - DEBUG - 自動保存已禁用，跳過配置保存
2025-08-06 17:07:08,080 - VALO360 - DEBUG - 自動保存已禁用，跳過配置保存
2025-08-06 17:07:08,082 - VALO360 - DEBUG - 自動保存已禁用，跳過配置保存
2025-08-06 17:07:08,082 - VALO360 - DEBUG - 自動保存已禁用，跳過配置保存
2025-08-06 17:07:08,084 - VALO360 - DEBUG - 自動保存已禁用，跳過配置保存
2025-08-06 17:07:08,084 - VALO360 - DEBUG - 自動保存已禁用，跳過配置保存
2025-08-06 17:07:08,084 - VALO360 - DEBUG - 自動保存已禁用，跳過配置保存
2025-08-06 17:07:08,086 - VALO360 - DEBUG - 自動保存已禁用，跳過配置保存
2025-08-06 17:07:08,120 - VALO360 - DEBUG - 自動保存已禁用，跳過配置保存
2025-08-06 17:07:08,120 - VALO360 - DEBUG - 自動保存已禁用，跳過配置保存
2025-08-06 17:07:08,120 - VALO360 - DEBUG - 自動保存已禁用，跳過配置保存
2025-08-06 17:07:08,120 - VALO360 - DEBUG - 自動保存已禁用，跳過配置保存
2025-08-06 17:07:08,122 - VALO360 - DEBUG - 自動保存已禁用，跳過配置保存
2025-08-06 17:07:08,124 - VALO360 - DEBUG - 自動保存已禁用，跳過配置保存
2025-08-06 17:07:08,124 - VALO360 - DEBUG - 自動保存已禁用，跳過配置保存
2025-08-06 17:07:08,126 - VALO360 - DEBUG - 自動保存已禁用，跳過配置保存
2025-08-06 17:07:08,137 - VALO360 - DEBUG - 自動保存已禁用，跳過配置保存
2025-08-06 17:07:08,137 - VALO360 - DEBUG - 自動保存已禁用，跳過配置保存
2025-08-06 17:07:08,137 - VALO360 - DEBUG - 自動保存已禁用，跳過配置保存
2025-08-06 17:07:08,137 - VALO360 - DEBUG - 自動保存已禁用，跳過配置保存
2025-08-06 17:07:08,139 - VALO360 - DEBUG - 自動保存已禁用，跳過配置保存
2025-08-06 17:07:08,139 - VALO360 - DEBUG - 自動保存已禁用，跳過配置保存
2025-08-06 17:07:08,139 - VALO360 - DEBUG - 自動保存已禁用，跳過配置保存
2025-08-06 17:07:08,139 - VALO360 - DEBUG - 自動保存已禁用，跳過配置保存
2025-08-06 17:07:08,214 - VALO360 - DEBUG - 自動保存已禁用，跳過配置保存
2025-08-06 17:07:08,214 - VALO360 - DEBUG - 自動保存已禁用，跳過配置保存
2025-08-06 17:07:08,214 - VALO360 - DEBUG - 自動保存已禁用，跳過配置保存
2025-08-06 17:07:08,214 - VALO360 - DEBUG - 自動保存已禁用，跳過配置保存
2025-08-06 17:07:08,214 - VALO360 - DEBUG - 自動保存已禁用，跳過配置保存
2025-08-06 17:07:08,214 - VALO360 - DEBUG - 自動保存已禁用，跳過配置保存
2025-08-06 17:07:08,214 - VALO360 - DEBUG - 自動保存已禁用，跳過配置保存
2025-08-06 17:07:08,220 - VALO360 - DEBUG - 自動保存已禁用，跳過配置保存
2025-08-06 17:07:08,260 - VALO360 - DEBUG - 自動保存已禁用，跳過配置保存
2025-08-06 17:07:08,260 - VALO360 - DEBUG - 自動保存已禁用，跳過配置保存
2025-08-06 17:07:08,265 - VALO360 - DEBUG - 自動保存已禁用，跳過配置保存
2025-08-06 17:07:08,265 - VALO360 - DEBUG - 自動保存已禁用，跳過配置保存
2025-08-06 17:07:08,267 - VALO360 - DEBUG - 自動保存已禁用，跳過配置保存
2025-08-06 17:07:08,267 - VALO360 - DEBUG - 自動保存已禁用，跳過配置保存
2025-08-06 17:07:08,269 - VALO360 - DEBUG - 自動保存已禁用，跳過配置保存
2025-08-06 17:07:08,269 - VALO360 - DEBUG - 自動保存已禁用，跳過配置保存
2025-08-06 17:07:08,269 - VALO360 - DEBUG - 自動保存已禁用，跳過配置保存
2025-08-06 17:07:08,269 - VALO360 - DEBUG - 自動保存已禁用，跳過配置保存
2025-08-06 17:07:08,272 - VALO360 - DEBUG - 自動保存已禁用，跳過配置保存
2025-08-06 17:07:08,272 - VALO360 - DEBUG - 自動保存已禁用，跳過配置保存
2025-08-06 17:07:08,272 - VALO360 - DEBUG - 自動保存已禁用，跳過配置保存
2025-08-06 17:07:08,272 - VALO360 - DEBUG - 自動保存已禁用，跳過配置保存
2025-08-06 17:07:08,275 - VALO360 - DEBUG - 自動保存已禁用，跳過配置保存
2025-08-06 17:07:08,276 - VALO360 - DEBUG - 自動保存已禁用，跳過配置保存
2025-08-06 17:07:08,278 - VALO360 - DEBUG - 自動保存已禁用，跳過配置保存
2025-08-06 17:07:08,279 - VALO360 - DEBUG - 自動保存已禁用，跳過配置保存
2025-08-06 17:07:08,279 - VALO360 - DEBUG - 自動保存已禁用，跳過配置保存
2025-08-06 17:07:08,279 - VALO360 - DEBUG - 自動保存已禁用，跳過配置保存
2025-08-06 17:07:08,281 - VALO360 - DEBUG - 自動保存已禁用，跳過配置保存
2025-08-06 17:07:08,281 - VALO360 - DEBUG - 自動保存已禁用，跳過配置保存
2025-08-06 17:07:08,283 - VALO360 - DEBUG - 自動保存已禁用，跳過配置保存
2025-08-06 17:07:08,283 - VALO360 - DEBUG - 自動保存已禁用，跳過配置保存
2025-08-06 17:07:08,285 - VALO360 - DEBUG - 自動保存已禁用，跳過配置保存
2025-08-06 17:07:08,285 - VALO360 - DEBUG - 自動保存已禁用，跳過配置保存
2025-08-06 17:07:08,286 - VALO360 - DEBUG - 自動保存已禁用，跳過配置保存
2025-08-06 17:07:08,286 - VALO360 - DEBUG - 自動保存已禁用，跳過配置保存
2025-08-06 17:07:08,290 - VALO360 - DEBUG - 自動保存已禁用，跳過配置保存
2025-08-06 17:07:08,290 - VALO360 - DEBUG - 自動保存已禁用，跳過配置保存
2025-08-06 17:07:08,290 - VALO360 - DEBUG - 自動保存已禁用，跳過配置保存
2025-08-06 17:07:08,290 - VALO360 - DEBUG - 自動保存已禁用，跳過配置保存
2025-08-06 17:07:08,292 - VALO360 - DEBUG - 自動保存已禁用，跳過配置保存
2025-08-06 17:07:08,292 - VALO360 - DEBUG - 自動保存已禁用，跳過配置保存
2025-08-06 17:07:08,294 - VALO360 - DEBUG - 自動保存已禁用，跳過配置保存
2025-08-06 17:07:08,294 - VALO360 - DEBUG - 自動保存已禁用，跳過配置保存
2025-08-06 17:07:08,295 - VALO360 - DEBUG - 自動保存已禁用，跳過配置保存
2025-08-06 17:07:08,298 - VALO360 - DEBUG - 自動保存已禁用，跳過配置保存
2025-08-06 17:07:08,298 - VALO360 - DEBUG - 自動保存已禁用，跳過配置保存
2025-08-06 17:07:08,298 - VALO360 - DEBUG - 自動保存已禁用，跳過配置保存
2025-08-06 17:07:08,298 - VALO360 - DEBUG - 自動保存已禁用，跳過配置保存
2025-08-06 17:07:08,303 - VALO360 - DEBUG - 自動保存已禁用，跳過配置保存
2025-08-06 17:07:08,303 - VALO360 - DEBUG - 自動保存已禁用，跳過配置保存
2025-08-06 17:07:08,303 - VALO360 - DEBUG - 自動保存已禁用，跳過配置保存
2025-08-06 17:07:08,306 - VALO360 - DEBUG - 自動保存已禁用，跳過配置保存
2025-08-06 17:07:08,306 - VALO360 - DEBUG - 自動保存已禁用，跳過配置保存
2025-08-06 17:07:08,306 - VALO360 - DEBUG - 自動保存已禁用，跳過配置保存
2025-08-06 17:07:08,308 - VALO360 - DEBUG - 自動保存已禁用，跳過配置保存
2025-08-06 17:07:08,308 - VALO360 - DEBUG - 自動保存已禁用，跳過配置保存
2025-08-06 17:07:08,308 - VALO360 - DEBUG - 自動保存已禁用，跳過配置保存
2025-08-06 17:07:08,308 - VALO360 - DEBUG - 自動保存已禁用，跳過配置保存
2025-08-06 17:07:08,308 - VALO360 - DEBUG - 自動保存已禁用，跳過配置保存
2025-08-06 17:07:08,308 - VALO360 - DEBUG - 自動保存已禁用，跳過配置保存
2025-08-06 17:07:08,314 - VALO360 - DEBUG - 自動保存已禁用，跳過配置保存
2025-08-06 17:07:08,314 - VALO360 - DEBUG - 自動保存已禁用，跳過配置保存
2025-08-06 17:07:08,314 - VALO360 - DEBUG - 自動保存已禁用，跳過配置保存
2025-08-06 17:07:08,316 - VALO360 - DEBUG - 自動保存已禁用，跳過配置保存
2025-08-06 17:07:08,316 - VALO360 - DEBUG - 自動保存已禁用，跳過配置保存
2025-08-06 17:07:08,319 - VALO360 - DEBUG - 自動保存已禁用，跳過配置保存
2025-08-06 17:07:08,319 - VALO360 - DEBUG - 自動保存已禁用，跳過配置保存
2025-08-06 17:07:08,372 - VALO360 - DEBUG - 自動保存已禁用，跳過配置保存
2025-08-06 17:07:08,372 - VALO360 - DEBUG - 自動保存已禁用，跳過配置保存
2025-08-06 17:07:08,374 - VALO360 - DEBUG - 自動保存已禁用，跳過配置保存
2025-08-06 17:07:08,374 - VALO360 - DEBUG - 自動保存已禁用，跳過配置保存
2025-08-06 17:07:08,376 - VALO360 - DEBUG - 自動保存已禁用，跳過配置保存
2025-08-06 17:07:08,376 - VALO360 - DEBUG - 自動保存已禁用，跳過配置保存
2025-08-06 17:07:08,378 - VALO360 - DEBUG - 自動保存已禁用，跳過配置保存
2025-08-06 17:07:08,378 - VALO360 - DEBUG - 自動保存已禁用，跳過配置保存
2025-08-06 17:07:08,380 - VALO360 - DEBUG - 自動保存已禁用，跳過配置保存
2025-08-06 17:07:08,380 - VALO360 - DEBUG - 自動保存已禁用，跳過配置保存
2025-08-06 17:07:08,380 - VALO360 - DEBUG - 自動保存已禁用，跳過配置保存
2025-08-06 17:07:08,380 - VALO360 - DEBUG - 自動保存已禁用，跳過配置保存
2025-08-06 17:07:08,382 - VALO360 - DEBUG - 自動保存已禁用，跳過配置保存
2025-08-06 17:07:08,382 - VALO360 - DEBUG - 自動保存已禁用，跳過配置保存
2025-08-06 17:07:08,384 - VALO360 - DEBUG - 自動保存已禁用，跳過配置保存
2025-08-06 17:07:08,384 - VALO360 - DEBUG - 自動保存已禁用，跳過配置保存
2025-08-06 17:07:08,386 - VALO360 - DEBUG - 自動保存已禁用，跳過配置保存
2025-08-06 17:07:08,386 - VALO360 - DEBUG - 自動保存已禁用，跳過配置保存
2025-08-06 17:07:08,386 - VALO360 - DEBUG - 自動保存已禁用，跳過配置保存
2025-08-06 17:07:08,388 - VALO360 - DEBUG - 自動保存已禁用，跳過配置保存
2025-08-06 17:07:08,391 - VALO360 - DEBUG - 自動保存已禁用，跳過配置保存
2025-08-06 17:07:08,393 - VALO360 - DEBUG - 自動保存已禁用，跳過配置保存
2025-08-06 17:07:08,393 - VALO360 - DEBUG - 自動保存已禁用，跳過配置保存
2025-08-06 17:07:08,393 - VALO360 - DEBUG - 自動保存已禁用，跳過配置保存
2025-08-06 17:07:08,396 - VALO360 - DEBUG - 自動保存已禁用，跳過配置保存
2025-08-06 17:07:08,396 - VALO360 - DEBUG - 自動保存已禁用，跳過配置保存
2025-08-06 17:07:08,396 - VALO360 - DEBUG - 自動保存已禁用，跳過配置保存
2025-08-06 17:07:08,398 - VALO360 - DEBUG - 自動保存已禁用，跳過配置保存
2025-08-06 17:07:08,398 - VALO360 - DEBUG - 自動保存已禁用，跳過配置保存
2025-08-06 17:07:08,401 - VALO360 - DEBUG - 自動保存已禁用，跳過配置保存
2025-08-06 17:07:08,402 - VALO360 - DEBUG - 自動保存已禁用，跳過配置保存
2025-08-06 17:07:08,402 - VALO360 - DEBUG - 自動保存已禁用，跳過配置保存
2025-08-06 17:07:08,404 - VALO360 - DEBUG - 自動保存已禁用，跳過配置保存
2025-08-06 17:07:08,404 - VALO360 - DEBUG - 自動保存已禁用，跳過配置保存
2025-08-06 17:07:08,404 - VALO360 - DEBUG - 自動保存已禁用，跳過配置保存
2025-08-06 17:07:08,406 - VALO360 - DEBUG - 自動保存已禁用，跳過配置保存
2025-08-06 17:07:08,406 - VALO360 - DEBUG - 自動保存已禁用，跳過配置保存
2025-08-06 17:07:08,406 - VALO360 - DEBUG - 自動保存已禁用，跳過配置保存
2025-08-06 17:07:08,406 - VALO360 - DEBUG - 自動保存已禁用，跳過配置保存
2025-08-06 17:07:08,406 - VALO360 - DEBUG - 自動保存已禁用，跳過配置保存
2025-08-06 17:07:08,406 - VALO360 - DEBUG - 自動保存已禁用，跳過配置保存
2025-08-06 17:07:08,406 - VALO360 - DEBUG - 自動保存已禁用，跳過配置保存
2025-08-06 17:07:08,406 - VALO360 - DEBUG - 自動保存已禁用，跳過配置保存
2025-08-06 17:07:08,406 - VALO360 - DEBUG - 自動保存已禁用，跳過配置保存
2025-08-06 17:07:08,417 - VALO360 - DEBUG - 自動保存已禁用，跳過配置保存
2025-08-06 17:07:08,417 - VALO360 - DEBUG - 自動保存已禁用，跳過配置保存
2025-08-06 17:07:08,417 - VALO360 - DEBUG - 自動保存已禁用，跳過配置保存
2025-08-06 17:07:08,417 - VALO360 - DEBUG - 自動保存已禁用，跳過配置保存
2025-08-06 17:07:08,417 - VALO360 - DEBUG - 自動保存已禁用，跳過配置保存
2025-08-06 17:07:08,417 - VALO360 - DEBUG - 自動保存已禁用，跳過配置保存
2025-08-06 17:07:08,417 - VALO360 - DEBUG - 自動保存已禁用，跳過配置保存
2025-08-06 17:07:08,417 - VALO360 - DEBUG - 自動保存已禁用，跳過配置保存
2025-08-06 17:07:08,423 - VALO360 - DEBUG - 自動保存已禁用，跳過配置保存
2025-08-06 17:07:08,423 - VALO360 - DEBUG - 自動保存已禁用，跳過配置保存
2025-08-06 17:07:08,423 - VALO360 - DEBUG - 自動保存已禁用，跳過配置保存
2025-08-06 17:07:08,423 - VALO360 - DEBUG - 自動保存已禁用，跳過配置保存
2025-08-06 17:07:08,423 - VALO360 - DEBUG - 自動保存已禁用，跳過配置保存
2025-08-06 17:07:08,427 - VALO360 - DEBUG - 自動保存已禁用，跳過配置保存
2025-08-06 17:07:08,427 - VALO360 - DEBUG - 自動保存已禁用，跳過配置保存
2025-08-06 17:07:08,427 - VALO360 - DEBUG - 自動保存已禁用，跳過配置保存
2025-08-06 17:07:08,429 - VALO360 - DEBUG - 自動保存已禁用，跳過配置保存
2025-08-06 17:07:08,429 - VALO360 - DEBUG - 自動保存已禁用，跳過配置保存
2025-08-06 17:07:08,429 - VALO360 - DEBUG - 自動保存已禁用，跳過配置保存
2025-08-06 17:07:08,431 - VALO360 - DEBUG - 自動保存已禁用，跳過配置保存
2025-08-06 17:07:08,431 - VALO360 - DEBUG - 自動保存已禁用，跳過配置保存
2025-08-06 17:07:08,433 - VALO360 - DEBUG - 自動保存已禁用，跳過配置保存
2025-08-06 17:07:08,433 - VALO360 - DEBUG - 自動保存已禁用，跳過配置保存
2025-08-06 17:07:08,433 - VALO360 - DEBUG - 自動保存已禁用，跳過配置保存
2025-08-06 17:07:08,433 - VALO360 - DEBUG - 自動保存已禁用，跳過配置保存
2025-08-06 17:07:08,436 - VALO360 - DEBUG - 自動保存已禁用，跳過配置保存
2025-08-06 17:07:08,436 - VALO360 - DEBUG - 自動保存已禁用，跳過配置保存
2025-08-06 17:07:08,437 - VALO360 - DEBUG - 自動保存已禁用，跳過配置保存
2025-08-06 17:07:08,437 - VALO360 - DEBUG - 自動保存已禁用，跳過配置保存
2025-08-06 17:07:08,440 - VALO360 - DEBUG - 自動保存已禁用，跳過配置保存
2025-08-06 17:07:08,441 - VALO360 - DEBUG - 自動保存已禁用，跳過配置保存
2025-08-06 17:07:08,441 - VALO360 - DEBUG - 自動保存已禁用，跳過配置保存
2025-08-06 17:07:08,443 - VALO360 - DEBUG - 自動保存已禁用，跳過配置保存
2025-08-06 17:07:08,444 - VALO360 - DEBUG - 自動保存已禁用，跳過配置保存
2025-08-06 17:07:08,444 - VALO360 - DEBUG - 自動保存已禁用，跳過配置保存
2025-08-06 17:07:08,444 - VALO360 - DEBUG - 自動保存已禁用，跳過配置保存
2025-08-06 17:07:08,448 - VALO360 - DEBUG - 自動保存已禁用，跳過配置保存
2025-08-06 17:07:08,448 - VALO360 - DEBUG - 自動保存已禁用，跳過配置保存
2025-08-06 17:07:08,449 - VALO360 - DEBUG - 自動保存已禁用，跳過配置保存
2025-08-06 17:07:08,450 - VALO360 - DEBUG - 自動保存已禁用，跳過配置保存
2025-08-06 17:07:08,450 - VALO360 - DEBUG - 自動保存已禁用，跳過配置保存
2025-08-06 17:07:08,450 - VALO360 - DEBUG - 自動保存已禁用，跳過配置保存
2025-08-06 17:07:08,450 - VALO360 - DEBUG - 自動保存已禁用，跳過配置保存
2025-08-06 17:07:08,450 - VALO360 - DEBUG - 自動保存已禁用，跳過配置保存
2025-08-06 17:07:08,454 - VALO360 - DEBUG - 自動保存已禁用，跳過配置保存
2025-08-06 17:07:08,454 - VALO360 - DEBUG - 自動保存已禁用，跳過配置保存
2025-08-06 17:07:08,454 - VALO360 - DEBUG - 自動保存已禁用，跳過配置保存
2025-08-06 17:07:08,456 - VALO360 - DEBUG - 自動保存已禁用，跳過配置保存
2025-08-06 17:07:08,456 - VALO360 - DEBUG - 自動保存已禁用，跳過配置保存
2025-08-06 17:07:08,458 - VALO360 - DEBUG - 自動保存已禁用，跳過配置保存
2025-08-06 17:07:08,458 - VALO360 - DEBUG - 自動保存已禁用，跳過配置保存
2025-08-06 17:07:08,458 - VALO360 - DEBUG - 自動保存已禁用，跳過配置保存
2025-08-06 17:07:08,461 - VALO360 - DEBUG - 自動保存已禁用，跳過配置保存
2025-08-06 17:07:08,461 - VALO360 - DEBUG - 自動保存已禁用，跳過配置保存
2025-08-06 17:07:08,461 - VALO360 - DEBUG - 自動保存已禁用，跳過配置保存
2025-08-06 17:07:08,463 - VALO360 - DEBUG - 自動保存已禁用，跳過配置保存
2025-08-06 17:07:08,463 - VALO360 - DEBUG - 自動保存已禁用，跳過配置保存
2025-08-06 17:07:08,463 - VALO360 - DEBUG - 自動保存已禁用，跳過配置保存
2025-08-06 17:07:08,465 - VALO360 - DEBUG - 自動保存已禁用，跳過配置保存
2025-08-06 17:07:08,465 - VALO360 - DEBUG - 自動保存已禁用，跳過配置保存
2025-08-06 17:07:08,467 - VALO360 - DEBUG - 自動保存已禁用，跳過配置保存
2025-08-06 17:07:08,467 - VALO360 - DEBUG - 自動保存已禁用，跳過配置保存
2025-08-06 17:07:08,467 - VALO360 - DEBUG - 自動保存已禁用，跳過配置保存
2025-08-06 17:07:08,467 - VALO360 - DEBUG - 自動保存已禁用，跳過配置保存
2025-08-06 17:07:08,470 - VALO360 - DEBUG - 自動保存已禁用，跳過配置保存
2025-08-06 17:07:08,470 - VALO360 - DEBUG - 自動保存已禁用，跳過配置保存
2025-08-06 17:07:08,470 - VALO360 - DEBUG - 自動保存已禁用，跳過配置保存
2025-08-06 17:07:08,470 - VALO360 - DEBUG - 自動保存已禁用，跳過配置保存
2025-08-06 17:07:08,474 - VALO360 - DEBUG - 自動保存已禁用，跳過配置保存
2025-08-06 17:07:08,474 - VALO360 - DEBUG - 自動保存已禁用，跳過配置保存
2025-08-06 17:07:08,474 - VALO360 - DEBUG - 自動保存已禁用，跳過配置保存
2025-08-06 17:07:08,476 - VALO360 - DEBUG - 自動保存已禁用，跳過配置保存
2025-08-06 17:07:08,477 - VALO360 - DEBUG - 自動保存已禁用，跳過配置保存
2025-08-06 17:07:08,477 - VALO360 - DEBUG - 自動保存已禁用，跳過配置保存
2025-08-06 17:07:08,477 - VALO360 - DEBUG - 自動保存已禁用，跳過配置保存
2025-08-06 17:07:08,479 - VALO360 - DEBUG - 自動保存已禁用，跳過配置保存
2025-08-06 17:07:08,480 - VALO360 - DEBUG - 自動保存已禁用，跳過配置保存
2025-08-06 17:07:08,481 - VALO360 - DEBUG - 自動保存已禁用，跳過配置保存
2025-08-06 17:07:08,481 - VALO360 - DEBUG - 自動保存已禁用，跳過配置保存
2025-08-06 17:07:08,481 - VALO360 - DEBUG - 自動保存已禁用，跳過配置保存
2025-08-06 17:07:08,483 - VALO360 - DEBUG - 自動保存已禁用，跳過配置保存
2025-08-06 17:07:08,485 - VALO360 - DEBUG - 自動保存已禁用，跳過配置保存
2025-08-06 17:07:08,485 - VALO360 - DEBUG - 自動保存已禁用，跳過配置保存
2025-08-06 17:07:08,485 - VALO360 - DEBUG - 自動保存已禁用，跳過配置保存
2025-08-06 17:07:08,487 - VALO360 - DEBUG - 自動保存已禁用，跳過配置保存
2025-08-06 17:07:08,487 - VALO360 - DEBUG - 自動保存已禁用，跳過配置保存
2025-08-06 17:07:08,487 - VALO360 - DEBUG - 自動保存已禁用，跳過配置保存
2025-08-06 17:07:08,487 - VALO360 - DEBUG - 自動保存已禁用，跳過配置保存
2025-08-06 17:07:08,487 - VALO360 - DEBUG - 自動保存已禁用，跳過配置保存
2025-08-06 17:07:08,493 - VALO360 - DEBUG - 自動保存已禁用，跳過配置保存
2025-08-06 17:07:08,493 - VALO360 - DEBUG - 自動保存已禁用，跳過配置保存
2025-08-06 17:07:08,495 - VALO360 - DEBUG - 自動保存已禁用，跳過配置保存
2025-08-06 17:07:08,497 - VALO360 - DEBUG - 自動保存已禁用，跳過配置保存
2025-08-06 17:07:08,497 - VALO360 - DEBUG - 自動保存已禁用，跳過配置保存
2025-08-06 17:07:08,498 - VALO360 - DEBUG - 自動保存已禁用，跳過配置保存
2025-08-06 17:07:08,498 - VALO360 - DEBUG - 自動保存已禁用，跳過配置保存
2025-08-06 17:07:08,500 - VALO360 - DEBUG - 自動保存已禁用，跳過配置保存
2025-08-06 17:07:08,500 - VALO360 - DEBUG - 自動保存已禁用，跳過配置保存
2025-08-06 17:07:08,502 - VALO360 - DEBUG - 自動保存已禁用，跳過配置保存
2025-08-06 17:07:08,502 - VALO360 - DEBUG - 自動保存已禁用，跳過配置保存
2025-08-06 17:07:08,508 - VALO360 - DEBUG - 自動保存已禁用，跳過配置保存
2025-08-06 17:07:08,509 - VALO360 - DEBUG - 自動保存已禁用，跳過配置保存
2025-08-06 17:07:08,509 - VALO360 - DEBUG - 自動保存已禁用，跳過配置保存
2025-08-06 17:07:08,509 - VALO360 - DEBUG - 自動保存已禁用，跳過配置保存
2025-08-06 17:07:08,511 - VALO360 - DEBUG - 自動保存已禁用，跳過配置保存
2025-08-06 17:07:08,514 - VALO360 - DEBUG - 自動保存已禁用，跳過配置保存
2025-08-06 17:07:08,514 - VALO360 - DEBUG - 自動保存已禁用，跳過配置保存
2025-08-06 17:07:08,514 - VALO360 - DEBUG - 自動保存已禁用，跳過配置保存
2025-08-06 17:07:08,517 - VALO360 - DEBUG - 自動保存已禁用，跳過配置保存
2025-08-06 17:07:08,517 - VALO360 - DEBUG - 自動保存已禁用，跳過配置保存
2025-08-06 17:07:08,519 - VALO360 - DEBUG - 自動保存已禁用，跳過配置保存
2025-08-06 17:07:08,519 - VALO360 - DEBUG - 自動保存已禁用，跳過配置保存
2025-08-06 17:07:08,520 - VALO360 - DEBUG - 自動保存已禁用，跳過配置保存
2025-08-06 17:07:08,520 - VALO360 - DEBUG - 自動保存已禁用，跳過配置保存
2025-08-06 17:07:08,520 - VALO360 - DEBUG - 自動保存已禁用，跳過配置保存
2025-08-06 17:07:08,524 - VALO360 - DEBUG - 自動保存已禁用，跳過配置保存
2025-08-06 17:07:08,524 - VALO360 - DEBUG - 自動保存已禁用，跳過配置保存
2025-08-06 17:07:08,527 - VALO360 - DEBUG - 自動保存已禁用，跳過配置保存
2025-08-06 17:07:08,527 - VALO360 - DEBUG - 自動保存已禁用，跳過配置保存
2025-08-06 17:07:08,527 - VALO360 - DEBUG - 自動保存已禁用，跳過配置保存
2025-08-06 17:07:08,530 - VALO360 - DEBUG - 自動保存已禁用，跳過配置保存
2025-08-06 17:07:08,530 - VALO360 - DEBUG - 自動保存已禁用，跳過配置保存
2025-08-06 17:07:08,532 - VALO360 - DEBUG - 自動保存已禁用，跳過配置保存
2025-08-06 17:07:08,532 - VALO360 - DEBUG - 自動保存已禁用，跳過配置保存
2025-08-06 17:07:08,541 - VALO360 - DEBUG - 自動保存已禁用，跳過配置保存
2025-08-06 17:07:08,541 - VALO360 - DEBUG - 自動保存已禁用，跳過配置保存
2025-08-06 17:07:08,543 - VALO360 - DEBUG - 自動保存已禁用，跳過配置保存
2025-08-06 17:07:08,543 - VALO360 - DEBUG - 自動保存已禁用，跳過配置保存
2025-08-06 17:07:08,546 - VALO360 - DEBUG - 自動保存已禁用，跳過配置保存
2025-08-06 17:07:08,546 - VALO360 - DEBUG - 自動保存已禁用，跳過配置保存
2025-08-06 17:07:08,548 - VALO360 - DEBUG - 自動保存已禁用，跳過配置保存
2025-08-06 17:07:08,548 - VALO360 - DEBUG - 自動保存已禁用，跳過配置保存
2025-08-06 17:07:08,549 - VALO360 - DEBUG - 自動保存已禁用，跳過配置保存
2025-08-06 17:07:08,552 - VALO360 - DEBUG - 自動保存已禁用，跳過配置保存
2025-08-06 17:07:08,552 - VALO360 - DEBUG - 自動保存已禁用，跳過配置保存
2025-08-06 17:07:08,552 - VALO360 - DEBUG - 自動保存已禁用，跳過配置保存
2025-08-06 17:07:08,558 - VALO360 - DEBUG - 自動保存已禁用，跳過配置保存
2025-08-06 17:07:08,558 - VALO360 - DEBUG - 自動保存已禁用，跳過配置保存
2025-08-06 17:07:08,558 - VALO360 - DEBUG - 自動保存已禁用，跳過配置保存
2025-08-06 17:07:08,560 - VALO360 - DEBUG - 自動保存已禁用，跳過配置保存
2025-08-06 17:07:08,560 - VALO360 - DEBUG - 自動保存已禁用，跳過配置保存
2025-08-06 17:07:08,562 - VALO360 - DEBUG - 自動保存已禁用，跳過配置保存
2025-08-06 17:07:08,562 - VALO360 - DEBUG - 自動保存已禁用，跳過配置保存
2025-08-06 17:07:08,564 - VALO360 - DEBUG - 自動保存已禁用，跳過配置保存
2025-08-06 17:07:08,566 - VALO360 - DEBUG - 自動保存已禁用，跳過配置保存
2025-08-06 17:07:08,568 - VALO360 - DEBUG - 自動保存已禁用，跳過配置保存
2025-08-06 17:07:08,568 - VALO360 - DEBUG - 自動保存已禁用，跳過配置保存
2025-08-06 17:07:08,568 - VALO360 - DEBUG - 自動保存已禁用，跳過配置保存
2025-08-06 17:07:08,572 - VALO360 - DEBUG - 自動保存已禁用，跳過配置保存
2025-08-06 17:07:08,572 - VALO360 - DEBUG - 自動保存已禁用，跳過配置保存
2025-08-06 17:07:08,572 - VALO360 - DEBUG - 自動保存已禁用，跳過配置保存
2025-08-06 17:07:08,574 - VALO360 - DEBUG - 自動保存已禁用，跳過配置保存
2025-08-06 17:07:08,574 - VALO360 - DEBUG - 自動保存已禁用，跳過配置保存
2025-08-06 17:07:08,576 - VALO360 - DEBUG - 自動保存已禁用，跳過配置保存
2025-08-06 17:07:08,576 - VALO360 - DEBUG - 自動保存已禁用，跳過配置保存
2025-08-06 17:07:08,576 - VALO360 - DEBUG - 自動保存已禁用，跳過配置保存
2025-08-06 17:07:08,578 - VALO360 - DEBUG - 自動保存已禁用，跳過配置保存
2025-08-06 17:07:08,579 - VALO360 - DEBUG - 自動保存已禁用，跳過配置保存
2025-08-06 17:07:08,579 - VALO360 - DEBUG - 自動保存已禁用，跳過配置保存
2025-08-06 17:07:08,579 - VALO360 - DEBUG - 自動保存已禁用，跳過配置保存
2025-08-06 17:07:08,579 - VALO360 - DEBUG - 自動保存已禁用，跳過配置保存
2025-08-06 17:07:08,579 - VALO360 - DEBUG - 自動保存已禁用，跳過配置保存
2025-08-06 17:07:08,579 - VALO360 - DEBUG - 自動保存已禁用，跳過配置保存
2025-08-06 17:07:08,579 - VALO360 - DEBUG - 自動保存已禁用，跳過配置保存
2025-08-06 17:07:08,584 - VALO360 - DEBUG - 自動保存已禁用，跳過配置保存
2025-08-06 17:07:08,584 - VALO360 - DEBUG - 自動保存已禁用，跳過配置保存
2025-08-06 17:07:08,585 - VALO360 - DEBUG - 自動保存已禁用，跳過配置保存
2025-08-06 17:07:08,585 - VALO360 - DEBUG - 自動保存已禁用，跳過配置保存
2025-08-06 17:07:08,586 - VALO360 - DEBUG - 自動保存已禁用，跳過配置保存
2025-08-06 17:07:08,586 - VALO360 - DEBUG - 自動保存已禁用，跳過配置保存
2025-08-06 17:07:08,586 - VALO360 - DEBUG - 自動保存已禁用，跳過配置保存
2025-08-06 17:07:08,586 - VALO360 - DEBUG - 自動保存已禁用，跳過配置保存
2025-08-06 17:07:08,590 - VALO360 - DEBUG - 自動保存已禁用，跳過配置保存
2025-08-06 17:07:08,590 - VALO360 - DEBUG - 自動保存已禁用，跳過配置保存
2025-08-06 17:07:08,590 - VALO360 - DEBUG - 自動保存已禁用，跳過配置保存
2025-08-06 17:07:08,592 - VALO360 - DEBUG - 自動保存已禁用，跳過配置保存
2025-08-06 17:07:08,592 - VALO360 - DEBUG - 自動保存已禁用，跳過配置保存
2025-08-06 17:07:08,594 - VALO360 - DEBUG - 自動保存已禁用，跳過配置保存
2025-08-06 17:07:08,594 - VALO360 - DEBUG - 自動保存已禁用，跳過配置保存
2025-08-06 17:07:08,594 - VALO360 - DEBUG - 自動保存已禁用，跳過配置保存
2025-08-06 17:07:08,596 - VALO360 - DEBUG - 自動保存已禁用，跳過配置保存
2025-08-06 17:07:08,596 - VALO360 - DEBUG - 自動保存已禁用，跳過配置保存
2025-08-06 17:07:08,596 - VALO360 - DEBUG - 自動保存已禁用，跳過配置保存
2025-08-06 17:07:08,596 - VALO360 - DEBUG - 自動保存已禁用，跳過配置保存
2025-08-06 17:07:08,598 - VALO360 - DEBUG - 自動保存已禁用，跳過配置保存
2025-08-06 17:07:08,599 - VALO360 - DEBUG - 自動保存已禁用，跳過配置保存
2025-08-06 17:07:08,599 - VALO360 - DEBUG - 自動保存已禁用，跳過配置保存
2025-08-06 17:07:08,599 - VALO360 - DEBUG - 自動保存已禁用，跳過配置保存
2025-08-06 17:07:08,601 - VALO360 - DEBUG - 自動保存已禁用，跳過配置保存
2025-08-06 17:07:08,601 - VALO360 - DEBUG - 自動保存已禁用，跳過配置保存
2025-08-06 17:07:08,601 - VALO360 - DEBUG - 自動保存已禁用，跳過配置保存
2025-08-06 17:07:08,603 - VALO360 - DEBUG - 自動保存已禁用，跳過配置保存
2025-08-06 17:07:08,603 - VALO360 - DEBUG - 自動保存已禁用，跳過配置保存
2025-08-06 17:07:08,603 - VALO360 - DEBUG - 自動保存已禁用，跳過配置保存
2025-08-06 17:07:08,605 - VALO360 - DEBUG - 自動保存已禁用，跳過配置保存
2025-08-06 17:07:08,605 - VALO360 - DEBUG - 自動保存已禁用，跳過配置保存
2025-08-06 17:07:08,605 - VALO360 - DEBUG - 自動保存已禁用，跳過配置保存
2025-08-06 17:07:08,607 - VALO360 - DEBUG - 自動保存已禁用，跳過配置保存
2025-08-06 17:07:08,607 - VALO360 - DEBUG - 自動保存已禁用，跳過配置保存
2025-08-06 17:07:08,607 - VALO360 - DEBUG - 自動保存已禁用，跳過配置保存
2025-08-06 17:07:08,607 - VALO360 - DEBUG - 自動保存已禁用，跳過配置保存
2025-08-06 17:07:08,609 - VALO360 - DEBUG - 自動保存已禁用，跳過配置保存
2025-08-06 17:07:08,609 - VALO360 - DEBUG - 自動保存已禁用，跳過配置保存
2025-08-06 17:07:08,609 - VALO360 - DEBUG - 自動保存已禁用，跳過配置保存
2025-08-06 17:07:08,629 - VALO360 - DEBUG - 自動保存已禁用，跳過配置保存
2025-08-06 17:07:08,629 - VALO360 - DEBUG - 自動保存已禁用，跳過配置保存
2025-08-06 17:07:08,629 - VALO360 - DEBUG - 自動保存已禁用，跳過配置保存
2025-08-06 17:07:08,629 - VALO360 - DEBUG - 自動保存已禁用，跳過配置保存
2025-08-06 17:07:08,859 - VALO360 - DEBUG - 自動保存已禁用，跳過配置保存
2025-08-06 17:07:08,859 - VALO360 - DEBUG - 自動保存已禁用，跳過配置保存
2025-08-06 17:07:08,859 - VALO360 - DEBUG - 自動保存已禁用，跳過配置保存
2025-08-06 17:07:08,861 - VALO360 - DEBUG - 自動保存已禁用，跳過配置保存
2025-08-06 17:07:08,862 - VALO360 - DEBUG - 自動保存已禁用，跳過配置保存
2025-08-06 17:07:08,862 - VALO360 - DEBUG - 自動保存已禁用，跳過配置保存
2025-08-06 17:07:08,863 - VALO360 - DEBUG - 自動保存已禁用，跳過配置保存
2025-08-06 17:07:08,863 - VALO360 - DEBUG - 自動保存已禁用，跳過配置保存
2025-08-06 17:07:08,863 - VALO360 - DEBUG - 自動保存已禁用，跳過配置保存
2025-08-06 17:07:08,863 - VALO360 - DEBUG - 自動保存已禁用，跳過配置保存
2025-08-06 17:07:08,863 - VALO360 - DEBUG - 自動保存已禁用，跳過配置保存
2025-08-06 17:07:08,866 - VALO360 - DEBUG - 自動保存已禁用，跳過配置保存
2025-08-06 17:07:08,867 - VALO360 - DEBUG - 自動保存已禁用，跳過配置保存
2025-08-06 17:07:08,867 - VALO360 - DEBUG - 自動保存已禁用，跳過配置保存
2025-08-06 17:07:08,869 - VALO360 - DEBUG - 自動保存已禁用，跳過配置保存
2025-08-06 17:07:08,869 - VALO360 - DEBUG - 自動保存已禁用，跳過配置保存
2025-08-06 17:07:08,869 - VALO360 - DEBUG - 自動保存已禁用，跳過配置保存
2025-08-06 17:07:08,870 - VALO360 - DEBUG - 自動保存已禁用，跳過配置保存
2025-08-06 17:07:08,870 - VALO360 - DEBUG - 自動保存已禁用，跳過配置保存
2025-08-06 17:07:08,870 - VALO360 - DEBUG - 自動保存已禁用，跳過配置保存
2025-08-06 17:07:08,872 - VALO360 - DEBUG - 自動保存已禁用，跳過配置保存
2025-08-06 17:07:08,872 - VALO360 - DEBUG - 自動保存已禁用，跳過配置保存
2025-08-06 17:07:08,872 - VALO360 - DEBUG - 自動保存已禁用，跳過配置保存
2025-08-06 17:07:08,872 - VALO360 - DEBUG - 自動保存已禁用，跳過配置保存
2025-08-06 17:07:08,872 - VALO360 - DEBUG - 自動保存已禁用，跳過配置保存
2025-08-06 17:07:08,872 - VALO360 - DEBUG - 自動保存已禁用，跳過配置保存
2025-08-06 17:07:08,872 - VALO360 - DEBUG - 自動保存已禁用，跳過配置保存
2025-08-06 17:07:08,872 - VALO360 - DEBUG - 自動保存已禁用，跳過配置保存
2025-08-06 17:07:08,872 - VALO360 - DEBUG - 自動保存已禁用，跳過配置保存
2025-08-06 17:07:08,872 - VALO360 - DEBUG - 自動保存已禁用，跳過配置保存
2025-08-06 17:07:08,872 - VALO360 - DEBUG - 自動保存已禁用，跳過配置保存
2025-08-06 17:07:08,872 - VALO360 - DEBUG - 自動保存已禁用，跳過配置保存
2025-08-06 17:07:08,882 - VALO360 - DEBUG - 自動保存已禁用，跳過配置保存
2025-08-06 17:07:08,882 - VALO360 - DEBUG - 自動保存已禁用，跳過配置保存
2025-08-06 17:07:08,886 - VALO360 - DEBUG - 自動保存已禁用，跳過配置保存
2025-08-06 17:07:08,886 - VALO360 - DEBUG - 自動保存已禁用，跳過配置保存
2025-08-06 17:07:11,010 - VALO360 - DEBUG - 自動保存已禁用，跳過配置保存
2025-08-06 17:07:11,010 - VALO360 - DEBUG - 自動保存已禁用，跳過配置保存
2025-08-06 17:07:11,010 - VALO360 - DEBUG - 自動保存已禁用，跳過配置保存
2025-08-06 17:07:11,010 - VALO360 - DEBUG - 自動保存已禁用，跳過配置保存
2025-08-06 17:07:11,014 - VALO360 - DEBUG - 自動保存已禁用，跳過配置保存
2025-08-06 17:07:11,014 - VALO360 - DEBUG - 自動保存已禁用，跳過配置保存
2025-08-06 17:07:11,014 - VALO360 - DEBUG - 自動保存已禁用，跳過配置保存
2025-08-06 17:07:11,014 - VALO360 - DEBUG - 自動保存已禁用，跳過配置保存
2025-08-06 17:07:11,014 - VALO360 - DEBUG - 自動保存已禁用，跳過配置保存
2025-08-06 17:07:11,014 - VALO360 - DEBUG - 自動保存已禁用，跳過配置保存
2025-08-06 17:07:11,016 - VALO360 - DEBUG - 自動保存已禁用，跳過配置保存
2025-08-06 17:07:11,016 - VALO360 - DEBUG - 自動保存已禁用，跳過配置保存
2025-08-06 17:07:11,016 - VALO360 - DEBUG - 自動保存已禁用，跳過配置保存
2025-08-06 17:07:11,016 - VALO360 - DEBUG - 自動保存已禁用，跳過配置保存
2025-08-06 17:07:11,016 - VALO360 - DEBUG - 自動保存已禁用，跳過配置保存
2025-08-06 17:07:11,016 - VALO360 - DEBUG - 自動保存已禁用，跳過配置保存
2025-08-06 17:07:11,018 - VALO360 - DEBUG - 自動保存已禁用，跳過配置保存
2025-08-06 17:07:11,018 - VALO360 - DEBUG - 自動保存已禁用，跳過配置保存
2025-08-06 17:07:11,018 - VALO360 - DEBUG - 自動保存已禁用，跳過配置保存
2025-08-06 17:07:11,018 - VALO360 - DEBUG - 自動保存已禁用，跳過配置保存
2025-08-06 17:07:11,026 - VALO360 - DEBUG - 自動保存已禁用，跳過配置保存
2025-08-06 17:07:11,026 - VALO360 - DEBUG - 自動保存已禁用，跳過配置保存
2025-08-06 17:07:11,026 - VALO360 - DEBUG - 自動保存已禁用，跳過配置保存
2025-08-06 17:07:11,026 - VALO360 - DEBUG - 自動保存已禁用，跳過配置保存
2025-08-06 17:07:11,030 - VALO360 - DEBUG - 自動保存已禁用，跳過配置保存
2025-08-06 17:07:11,030 - VALO360 - DEBUG - 自動保存已禁用，跳過配置保存
2025-08-06 17:07:11,030 - VALO360 - DEBUG - 自動保存已禁用，跳過配置保存
2025-08-06 17:07:11,030 - VALO360 - DEBUG - 自動保存已禁用，跳過配置保存
2025-08-06 17:07:11,032 - VALO360 - DEBUG - 自動保存已禁用，跳過配置保存
2025-08-06 17:07:11,033 - VALO360 - DEBUG - 自動保存已禁用，跳過配置保存
2025-08-06 17:07:11,033 - VALO360 - DEBUG - 自動保存已禁用，跳過配置保存
2025-08-06 17:07:11,033 - VALO360 - DEBUG - 自動保存已禁用，跳過配置保存
2025-08-06 17:07:11,033 - VALO360 - DEBUG - 自動保存已禁用，跳過配置保存
2025-08-06 17:07:11,033 - VALO360 - DEBUG - 自動保存已禁用，跳過配置保存
2025-08-06 17:07:11,033 - VALO360 - DEBUG - 自動保存已禁用，跳過配置保存
2025-08-06 17:07:11,033 - VALO360 - DEBUG - 自動保存已禁用，跳過配置保存
2025-08-06 17:07:11,033 - VALO360 - DEBUG - 自動保存已禁用，跳過配置保存
2025-08-06 17:07:11,033 - VALO360 - DEBUG - 自動保存已禁用，跳過配置保存
2025-08-06 17:07:11,033 - VALO360 - DEBUG - 自動保存已禁用，跳過配置保存
2025-08-06 17:07:11,033 - VALO360 - DEBUG - 自動保存已禁用，跳過配置保存
2025-08-06 17:07:11,041 - VALO360 - DEBUG - 自動保存已禁用，跳過配置保存
2025-08-06 17:07:11,041 - VALO360 - DEBUG - 自動保存已禁用，跳過配置保存
2025-08-06 17:07:11,041 - VALO360 - DEBUG - 自動保存已禁用，跳過配置保存
2025-08-06 17:07:11,041 - VALO360 - DEBUG - 自動保存已禁用，跳過配置保存
2025-08-06 17:07:11,041 - VALO360 - DEBUG - 自動保存已禁用，跳過配置保存
2025-08-06 17:07:11,046 - VALO360 - DEBUG - 自動保存已禁用，跳過配置保存
2025-08-06 17:07:11,046 - VALO360 - DEBUG - 自動保存已禁用，跳過配置保存
2025-08-06 17:07:11,046 - VALO360 - DEBUG - 自動保存已禁用，跳過配置保存
2025-08-06 17:07:11,047 - VALO360 - DEBUG - 自動保存已禁用，跳過配置保存
2025-08-06 17:07:11,047 - VALO360 - DEBUG - 自動保存已禁用，跳過配置保存
2025-08-06 17:07:11,047 - VALO360 - DEBUG - 自動保存已禁用，跳過配置保存
2025-08-06 17:07:11,047 - VALO360 - DEBUG - 自動保存已禁用，跳過配置保存
2025-08-06 17:07:11,049 - VALO360 - DEBUG - 自動保存已禁用，跳過配置保存
2025-08-06 17:07:11,049 - VALO360 - DEBUG - 自動保存已禁用，跳過配置保存
2025-08-06 17:07:11,049 - VALO360 - DEBUG - 自動保存已禁用，跳過配置保存
2025-08-06 17:07:11,049 - VALO360 - DEBUG - 自動保存已禁用，跳過配置保存
2025-08-06 17:07:11,049 - VALO360 - DEBUG - 自動保存已禁用，跳過配置保存
2025-08-06 17:07:11,049 - VALO360 - DEBUG - 自動保存已禁用，跳過配置保存
2025-08-06 17:07:11,049 - VALO360 - DEBUG - 自動保存已禁用，跳過配置保存
2025-08-06 17:07:11,049 - VALO360 - DEBUG - 自動保存已禁用，跳過配置保存
2025-08-06 17:07:11,052 - VALO360 - DEBUG - 自動保存已禁用，跳過配置保存
2025-08-06 17:07:11,052 - VALO360 - DEBUG - 自動保存已禁用，跳過配置保存
2025-08-06 17:07:11,052 - VALO360 - DEBUG - 自動保存已禁用，跳過配置保存
2025-08-06 17:07:11,052 - VALO360 - DEBUG - 自動保存已禁用，跳過配置保存
2025-08-06 17:07:11,052 - VALO360 - DEBUG - 自動保存已禁用，跳過配置保存
2025-08-06 17:07:11,052 - VALO360 - DEBUG - 自動保存已禁用，跳過配置保存
2025-08-06 17:07:11,052 - VALO360 - DEBUG - 自動保存已禁用，跳過配置保存
2025-08-06 17:07:11,052 - VALO360 - DEBUG - 自動保存已禁用，跳過配置保存
2025-08-06 17:07:11,059 - VALO360 - DEBUG - 自動保存已禁用，跳過配置保存
2025-08-06 17:07:11,059 - VALO360 - DEBUG - 自動保存已禁用，跳過配置保存
2025-08-06 17:07:11,059 - VALO360 - DEBUG - 自動保存已禁用，跳過配置保存
2025-08-06 17:07:11,059 - VALO360 - DEBUG - 自動保存已禁用，跳過配置保存
2025-08-06 17:07:11,059 - VALO360 - DEBUG - 自動保存已禁用，跳過配置保存
2025-08-06 17:07:11,059 - VALO360 - DEBUG - 自動保存已禁用，跳過配置保存
2025-08-06 17:07:11,059 - VALO360 - DEBUG - 自動保存已禁用，跳過配置保存
2025-08-06 17:07:11,059 - VALO360 - DEBUG - 自動保存已禁用，跳過配置保存
2025-08-06 17:07:11,059 - VALO360 - DEBUG - 自動保存已禁用，跳過配置保存
2025-08-06 17:07:11,059 - VALO360 - DEBUG - 自動保存已禁用，跳過配置保存
2025-08-06 17:07:11,059 - VALO360 - DEBUG - 自動保存已禁用，跳過配置保存
2025-08-06 17:07:11,066 - VALO360 - DEBUG - 自動保存已禁用，跳過配置保存
2025-08-06 17:07:11,066 - VALO360 - DEBUG - 自動保存已禁用，跳過配置保存
2025-08-06 17:07:11,066 - VALO360 - DEBUG - 自動保存已禁用，跳過配置保存
2025-08-06 17:07:11,066 - VALO360 - DEBUG - 自動保存已禁用，跳過配置保存
2025-08-06 17:07:11,066 - VALO360 - DEBUG - 自動保存已禁用，跳過配置保存
2025-08-06 17:07:11,071 - VALO360 - DEBUG - 自動保存已禁用，跳過配置保存
2025-08-06 17:07:11,071 - VALO360 - DEBUG - 自動保存已禁用，跳過配置保存
2025-08-06 17:07:11,071 - VALO360 - DEBUG - 自動保存已禁用，跳過配置保存
2025-08-06 17:07:11,072 - VALO360 - DEBUG - 自動保存已禁用，跳過配置保存
2025-08-06 17:07:11,072 - VALO360 - DEBUG - 自動保存已禁用，跳過配置保存
2025-08-06 17:07:11,072 - VALO360 - DEBUG - 自動保存已禁用，跳過配置保存
2025-08-06 17:07:11,072 - VALO360 - DEBUG - 自動保存已禁用，跳過配置保存
2025-08-06 17:07:11,072 - VALO360 - DEBUG - 自動保存已禁用，跳過配置保存
2025-08-06 17:07:11,074 - VALO360 - DEBUG - 自動保存已禁用，跳過配置保存
2025-08-06 17:07:11,074 - VALO360 - DEBUG - 自動保存已禁用，跳過配置保存
2025-08-06 17:07:11,077 - VALO360 - DEBUG - 自動保存已禁用，跳過配置保存
2025-08-06 17:07:11,077 - VALO360 - DEBUG - 自動保存已禁用，跳過配置保存
2025-08-06 17:07:11,077 - VALO360 - DEBUG - 自動保存已禁用，跳過配置保存
2025-08-06 17:07:11,077 - VALO360 - DEBUG - 自動保存已禁用，跳過配置保存
2025-08-06 17:07:11,077 - VALO360 - DEBUG - 自動保存已禁用，跳過配置保存
2025-08-06 17:07:11,077 - VALO360 - DEBUG - 自動保存已禁用，跳過配置保存
2025-08-06 17:07:11,080 - VALO360 - DEBUG - 自動保存已禁用，跳過配置保存
2025-08-06 17:07:11,080 - VALO360 - DEBUG - 自動保存已禁用，跳過配置保存
2025-08-06 17:07:11,080 - VALO360 - DEBUG - 自動保存已禁用，跳過配置保存
2025-08-06 17:07:11,080 - VALO360 - DEBUG - 自動保存已禁用，跳過配置保存
2025-08-06 17:07:11,085 - VALO360 - DEBUG - 自動保存已禁用，跳過配置保存
2025-08-06 17:07:11,085 - VALO360 - DEBUG - 自動保存已禁用，跳過配置保存
2025-08-06 17:07:11,085 - VALO360 - DEBUG - 自動保存已禁用，跳過配置保存
2025-08-06 17:07:11,085 - VALO360 - DEBUG - 自動保存已禁用，跳過配置保存
2025-08-06 17:07:11,085 - VALO360 - DEBUG - 自動保存已禁用，跳過配置保存
2025-08-06 17:07:11,085 - VALO360 - DEBUG - 自動保存已禁用，跳過配置保存
2025-08-06 17:07:11,087 - VALO360 - DEBUG - 自動保存已禁用，跳過配置保存
2025-08-06 17:07:11,087 - VALO360 - DEBUG - 自動保存已禁用，跳過配置保存
2025-08-06 17:07:11,087 - VALO360 - DEBUG - 自動保存已禁用，跳過配置保存
2025-08-06 17:07:11,087 - VALO360 - DEBUG - 自動保存已禁用，跳過配置保存
2025-08-06 17:07:11,087 - VALO360 - DEBUG - 自動保存已禁用，跳過配置保存
2025-08-06 17:07:11,087 - VALO360 - DEBUG - 自動保存已禁用，跳過配置保存
2025-08-06 17:07:11,092 - VALO360 - DEBUG - 自動保存已禁用，跳過配置保存
2025-08-06 17:07:11,092 - VALO360 - DEBUG - 自動保存已禁用，跳過配置保存
2025-08-06 17:07:11,092 - VALO360 - DEBUG - 自動保存已禁用，跳過配置保存
2025-08-06 17:07:11,092 - VALO360 - DEBUG - 自動保存已禁用，跳過配置保存
2025-08-06 17:07:11,092 - VALO360 - DEBUG - 自動保存已禁用，跳過配置保存
2025-08-06 17:07:11,092 - VALO360 - DEBUG - 自動保存已禁用，跳過配置保存
2025-08-06 17:07:11,092 - VALO360 - DEBUG - 自動保存已禁用，跳過配置保存
2025-08-06 17:07:11,092 - VALO360 - DEBUG - 自動保存已禁用，跳過配置保存
2025-08-06 17:07:11,092 - VALO360 - DEBUG - 自動保存已禁用，跳過配置保存
2025-08-06 17:07:11,092 - VALO360 - DEBUG - 自動保存已禁用，跳過配置保存
2025-08-06 17:07:11,092 - VALO360 - DEBUG - 自動保存已禁用，跳過配置保存
2025-08-06 17:07:11,092 - VALO360 - DEBUG - 自動保存已禁用，跳過配置保存
2025-08-06 17:07:11,092 - VALO360 - DEBUG - 自動保存已禁用，跳過配置保存
2025-08-06 17:07:11,092 - VALO360 - DEBUG - 自動保存已禁用，跳過配置保存
2025-08-06 17:07:11,092 - VALO360 - DEBUG - 自動保存已禁用，跳過配置保存
2025-08-06 17:07:11,092 - VALO360 - DEBUG - 自動保存已禁用，跳過配置保存
2025-08-06 17:07:11,105 - VALO360 - DEBUG - 自動保存已禁用，跳過配置保存
2025-08-06 17:07:11,107 - VALO360 - DEBUG - 自動保存已禁用，跳過配置保存
2025-08-06 17:07:11,107 - VALO360 - DEBUG - 自動保存已禁用，跳過配置保存
2025-08-06 17:07:11,107 - VALO360 - DEBUG - 自動保存已禁用，跳過配置保存
2025-08-06 17:07:11,107 - VALO360 - DEBUG - 自動保存已禁用，跳過配置保存
2025-08-06 17:07:11,107 - VALO360 - DEBUG - 自動保存已禁用，跳過配置保存
2025-08-06 17:07:11,107 - VALO360 - DEBUG - 自動保存已禁用，跳過配置保存
2025-08-06 17:07:11,107 - VALO360 - DEBUG - 自動保存已禁用，跳過配置保存
2025-08-06 17:07:11,945 - VALO360 - DEBUG - 自動保存已禁用，跳過配置保存
2025-08-06 17:07:11,945 - VALO360 - DEBUG - 自動保存已禁用，跳過配置保存
2025-08-06 17:07:11,948 - VALO360 - DEBUG - 自動保存已禁用，跳過配置保存
2025-08-06 17:07:11,948 - VALO360 - DEBUG - 自動保存已禁用，跳過配置保存
2025-08-06 17:07:11,948 - VALO360 - DEBUG - 自動保存已禁用，跳過配置保存
2025-08-06 17:07:11,948 - VALO360 - DEBUG - 自動保存已禁用，跳過配置保存
2025-08-06 17:07:11,952 - VALO360 - DEBUG - 自動保存已禁用，跳過配置保存
2025-08-06 17:07:11,952 - VALO360 - DEBUG - 自動保存已禁用，跳過配置保存
2025-08-06 17:07:11,959 - VALO360 - DEBUG - 自動保存已禁用，跳過配置保存
2025-08-06 17:07:11,959 - VALO360 - DEBUG - 自動保存已禁用，跳過配置保存
2025-08-06 17:07:11,962 - VALO360 - DEBUG - 自動保存已禁用，跳過配置保存
2025-08-06 17:07:11,962 - VALO360 - DEBUG - 自動保存已禁用，跳過配置保存
2025-08-06 17:07:11,962 - VALO360 - DEBUG - 自動保存已禁用，跳過配置保存
2025-08-06 17:07:11,962 - VALO360 - DEBUG - 自動保存已禁用，跳過配置保存
2025-08-06 17:07:11,962 - VALO360 - DEBUG - 自動保存已禁用，跳過配置保存
2025-08-06 17:07:11,966 - VALO360 - DEBUG - 自動保存已禁用，跳過配置保存
2025-08-06 17:07:11,966 - VALO360 - DEBUG - 自動保存已禁用，跳過配置保存
2025-08-06 17:07:11,966 - VALO360 - DEBUG - 自動保存已禁用，跳過配置保存
2025-08-06 17:07:11,968 - VALO360 - DEBUG - 自動保存已禁用，跳過配置保存
2025-08-06 17:07:11,968 - VALO360 - DEBUG - 自動保存已禁用，跳過配置保存
2025-08-06 17:07:11,968 - VALO360 - DEBUG - 自動保存已禁用，跳過配置保存
2025-08-06 17:07:11,968 - VALO360 - DEBUG - 自動保存已禁用，跳過配置保存
2025-08-06 17:07:11,968 - VALO360 - DEBUG - 自動保存已禁用，跳過配置保存
2025-08-06 17:07:11,968 - VALO360 - DEBUG - 自動保存已禁用，跳過配置保存
2025-08-06 17:07:11,968 - VALO360 - DEBUG - 自動保存已禁用，跳過配置保存
2025-08-06 17:07:11,968 - VALO360 - DEBUG - 自動保存已禁用，跳過配置保存
2025-08-06 17:07:11,968 - VALO360 - DEBUG - 自動保存已禁用，跳過配置保存
2025-08-06 17:07:11,968 - VALO360 - DEBUG - 自動保存已禁用，跳過配置保存
2025-08-06 17:07:11,968 - VALO360 - DEBUG - 自動保存已禁用，跳過配置保存
2025-08-06 17:07:11,968 - VALO360 - DEBUG - 自動保存已禁用，跳過配置保存
2025-08-06 17:07:11,968 - VALO360 - DEBUG - 自動保存已禁用，跳過配置保存
2025-08-06 17:07:11,968 - VALO360 - DEBUG - 自動保存已禁用，跳過配置保存
2025-08-06 17:07:11,980 - VALO360 - DEBUG - 自動保存已禁用，跳過配置保存
2025-08-06 17:07:11,981 - VALO360 - DEBUG - 自動保存已禁用，跳過配置保存
2025-08-06 17:07:11,981 - VALO360 - DEBUG - 自動保存已禁用，跳過配置保存
2025-08-06 17:07:11,981 - VALO360 - DEBUG - 自動保存已禁用，跳過配置保存
2025-08-06 17:07:11,981 - VALO360 - DEBUG - 自動保存已禁用，跳過配置保存
2025-08-06 17:07:11,981 - VALO360 - DEBUG - 自動保存已禁用，跳過配置保存
2025-08-06 17:07:11,981 - VALO360 - DEBUG - 自動保存已禁用，跳過配置保存
2025-08-06 17:07:11,981 - VALO360 - DEBUG - 自動保存已禁用，跳過配置保存
2025-08-06 17:07:11,984 - VALO360 - DEBUG - 自動保存已禁用，跳過配置保存
2025-08-06 17:07:11,984 - VALO360 - DEBUG - 自動保存已禁用，跳過配置保存
2025-08-06 17:07:11,985 - VALO360 - DEBUG - 自動保存已禁用，跳過配置保存
2025-08-06 17:07:11,985 - VALO360 - DEBUG - 自動保存已禁用，跳過配置保存
2025-08-06 17:07:11,985 - VALO360 - DEBUG - 自動保存已禁用，跳過配置保存
2025-08-06 17:07:11,985 - VALO360 - DEBUG - 自動保存已禁用，跳過配置保存
2025-08-06 17:07:11,987 - VALO360 - DEBUG - 自動保存已禁用，跳過配置保存
2025-08-06 17:07:11,987 - VALO360 - DEBUG - 自動保存已禁用，跳過配置保存
2025-08-06 17:07:11,991 - VALO360 - DEBUG - 自動保存已禁用，跳過配置保存
2025-08-06 17:07:11,991 - VALO360 - DEBUG - 自動保存已禁用，跳過配置保存
2025-08-06 17:07:11,991 - VALO360 - DEBUG - 自動保存已禁用，跳過配置保存
2025-08-06 17:07:11,991 - VALO360 - DEBUG - 自動保存已禁用，跳過配置保存
2025-08-06 17:07:11,991 - VALO360 - DEBUG - 自動保存已禁用，跳過配置保存
2025-08-06 17:07:11,991 - VALO360 - DEBUG - 自動保存已禁用，跳過配置保存
2025-08-06 17:07:11,991 - VALO360 - DEBUG - 自動保存已禁用，跳過配置保存
2025-08-06 17:07:11,991 - VALO360 - DEBUG - 自動保存已禁用，跳過配置保存
2025-08-06 17:07:11,999 - VALO360 - DEBUG - 自動保存已禁用，跳過配置保存
2025-08-06 17:07:12,000 - VALO360 - DEBUG - 自動保存已禁用，跳過配置保存
2025-08-06 17:07:12,000 - VALO360 - DEBUG - 自動保存已禁用，跳過配置保存
2025-08-06 17:07:12,000 - VALO360 - DEBUG - 自動保存已禁用，跳過配置保存
2025-08-06 17:07:12,000 - VALO360 - DEBUG - 自動保存已禁用，跳過配置保存
2025-08-06 17:07:12,000 - VALO360 - DEBUG - 自動保存已禁用，跳過配置保存
2025-08-06 17:07:12,000 - VALO360 - DEBUG - 自動保存已禁用，跳過配置保存
2025-08-06 17:07:12,000 - VALO360 - DEBUG - 自動保存已禁用，跳過配置保存
2025-08-06 17:07:12,000 - VALO360 - DEBUG - 自動保存已禁用，跳過配置保存
2025-08-06 17:07:12,000 - VALO360 - DEBUG - 自動保存已禁用，跳過配置保存
2025-08-06 17:07:12,000 - VALO360 - DEBUG - 自動保存已禁用，跳過配置保存
2025-08-06 17:07:12,000 - VALO360 - DEBUG - 自動保存已禁用，跳過配置保存
2025-08-06 17:07:12,000 - VALO360 - DEBUG - 自動保存已禁用，跳過配置保存
2025-08-06 17:07:12,000 - VALO360 - DEBUG - 自動保存已禁用，跳過配置保存
2025-08-06 17:07:12,000 - VALO360 - DEBUG - 自動保存已禁用，跳過配置保存
2025-08-06 17:07:12,000 - VALO360 - DEBUG - 自動保存已禁用，跳過配置保存
2025-08-06 17:07:12,009 - VALO360 - DEBUG - 自動保存已禁用，跳過配置保存
2025-08-06 17:07:12,009 - VALO360 - DEBUG - 自動保存已禁用，跳過配置保存
2025-08-06 17:07:12,011 - VALO360 - DEBUG - 自動保存已禁用，跳過配置保存
2025-08-06 17:07:12,011 - VALO360 - DEBUG - 自動保存已禁用，跳過配置保存
2025-08-06 17:07:12,011 - VALO360 - DEBUG - 自動保存已禁用，跳過配置保存
2025-08-06 17:07:12,011 - VALO360 - DEBUG - 自動保存已禁用，跳過配置保存
2025-08-06 17:07:12,011 - VALO360 - DEBUG - 自動保存已禁用，跳過配置保存
2025-08-06 17:07:12,011 - VALO360 - DEBUG - 自動保存已禁用，跳過配置保存
2025-08-06 17:07:12,015 - VALO360 - DEBUG - 自動保存已禁用，跳過配置保存
2025-08-06 17:07:12,015 - VALO360 - DEBUG - 自動保存已禁用，跳過配置保存
2025-08-06 17:07:12,015 - VALO360 - DEBUG - 自動保存已禁用，跳過配置保存
2025-08-06 17:07:12,015 - VALO360 - DEBUG - 自動保存已禁用，跳過配置保存
2025-08-06 17:07:12,015 - VALO360 - DEBUG - 自動保存已禁用，跳過配置保存
2025-08-06 17:07:12,015 - VALO360 - DEBUG - 自動保存已禁用，跳過配置保存
2025-08-06 17:07:12,017 - VALO360 - DEBUG - 自動保存已禁用，跳過配置保存
2025-08-06 17:07:12,017 - VALO360 - DEBUG - 自動保存已禁用，跳過配置保存
2025-08-06 17:07:12,017 - VALO360 - DEBUG - 自動保存已禁用，跳過配置保存
2025-08-06 17:07:12,017 - VALO360 - DEBUG - 自動保存已禁用，跳過配置保存
2025-08-06 17:07:12,017 - VALO360 - DEBUG - 自動保存已禁用，跳過配置保存
2025-08-06 17:07:12,019 - VALO360 - DEBUG - 自動保存已禁用，跳過配置保存
2025-08-06 17:07:12,019 - VALO360 - DEBUG - 自動保存已禁用，跳過配置保存
2025-08-06 17:07:12,019 - VALO360 - DEBUG - 自動保存已禁用，跳過配置保存
2025-08-06 17:07:12,019 - VALO360 - DEBUG - 自動保存已禁用，跳過配置保存
2025-08-06 17:07:12,019 - VALO360 - DEBUG - 自動保存已禁用，跳過配置保存
2025-08-06 17:07:12,024 - VALO360 - DEBUG - 自動保存已禁用，跳過配置保存
2025-08-06 17:07:12,028 - VALO360 - DEBUG - 自動保存已禁用，跳過配置保存
2025-08-06 17:07:12,028 - VALO360 - DEBUG - 自動保存已禁用，跳過配置保存
2025-08-06 17:07:12,028 - VALO360 - DEBUG - 自動保存已禁用，跳過配置保存
2025-08-06 17:07:12,028 - VALO360 - DEBUG - 自動保存已禁用，跳過配置保存
2025-08-06 17:07:12,028 - VALO360 - DEBUG - 自動保存已禁用，跳過配置保存
2025-08-06 17:07:12,030 - VALO360 - DEBUG - 自動保存已禁用，跳過配置保存
2025-08-06 17:07:12,030 - VALO360 - DEBUG - 自動保存已禁用，跳過配置保存
2025-08-06 17:07:12,031 - VALO360 - DEBUG - 自動保存已禁用，跳過配置保存
2025-08-06 17:07:12,031 - VALO360 - DEBUG - 自動保存已禁用，跳過配置保存
2025-08-06 17:07:12,031 - VALO360 - DEBUG - 自動保存已禁用，跳過配置保存
2025-08-06 17:07:12,031 - VALO360 - DEBUG - 自動保存已禁用，跳過配置保存
2025-08-06 17:07:12,035 - VALO360 - DEBUG - 自動保存已禁用，跳過配置保存
2025-08-06 17:07:12,035 - VALO360 - DEBUG - 自動保存已禁用，跳過配置保存
2025-08-06 17:07:12,035 - VALO360 - DEBUG - 自動保存已禁用，跳過配置保存
2025-08-06 17:07:12,035 - VALO360 - DEBUG - 自動保存已禁用，跳過配置保存
2025-08-06 17:07:12,035 - VALO360 - DEBUG - 自動保存已禁用，跳過配置保存
2025-08-06 17:07:12,035 - VALO360 - DEBUG - 自動保存已禁用，跳過配置保存
2025-08-06 17:07:12,037 - VALO360 - DEBUG - 自動保存已禁用，跳過配置保存
2025-08-06 17:07:12,037 - VALO360 - DEBUG - 自動保存已禁用，跳過配置保存
2025-08-06 17:07:12,045 - VALO360 - DEBUG - 自動保存已禁用，跳過配置保存
2025-08-06 17:07:12,045 - VALO360 - DEBUG - 自動保存已禁用，跳過配置保存
2025-08-06 17:07:12,045 - VALO360 - DEBUG - 自動保存已禁用，跳過配置保存
2025-08-06 17:07:12,045 - VALO360 - DEBUG - 自動保存已禁用，跳過配置保存
2025-08-06 17:07:12,047 - VALO360 - DEBUG - 自動保存已禁用，跳過配置保存
2025-08-06 17:07:12,047 - VALO360 - DEBUG - 自動保存已禁用，跳過配置保存
2025-08-06 17:07:12,047 - VALO360 - DEBUG - 自動保存已禁用，跳過配置保存
2025-08-06 17:07:12,047 - VALO360 - DEBUG - 自動保存已禁用，跳過配置保存
2025-08-06 17:07:12,051 - VALO360 - DEBUG - 自動保存已禁用，跳過配置保存
2025-08-06 17:07:12,051 - VALO360 - DEBUG - 自動保存已禁用，跳過配置保存
2025-08-06 17:07:12,051 - VALO360 - DEBUG - 自動保存已禁用，跳過配置保存
2025-08-06 17:07:12,051 - VALO360 - DEBUG - 自動保存已禁用，跳過配置保存
2025-08-06 17:07:12,061 - VALO360 - DEBUG - 自動保存已禁用，跳過配置保存
2025-08-06 17:07:12,061 - VALO360 - DEBUG - 自動保存已禁用，跳過配置保存
2025-08-06 17:07:12,062 - VALO360 - DEBUG - 自動保存已禁用，跳過配置保存
2025-08-06 17:07:12,062 - VALO360 - DEBUG - 自動保存已禁用，跳過配置保存
2025-08-06 17:07:12,062 - VALO360 - DEBUG - 自動保存已禁用，跳過配置保存
2025-08-06 17:07:12,062 - VALO360 - DEBUG - 自動保存已禁用，跳過配置保存
2025-08-06 17:07:12,062 - VALO360 - DEBUG - 自動保存已禁用，跳過配置保存
2025-08-06 17:07:12,062 - VALO360 - DEBUG - 自動保存已禁用，跳過配置保存
2025-08-06 17:07:12,062 - VALO360 - DEBUG - 自動保存已禁用，跳過配置保存
2025-08-06 17:07:12,062 - VALO360 - DEBUG - 自動保存已禁用，跳過配置保存
2025-08-06 17:07:12,062 - VALO360 - DEBUG - 自動保存已禁用，跳過配置保存
2025-08-06 17:07:12,062 - VALO360 - DEBUG - 自動保存已禁用，跳過配置保存
2025-08-06 17:07:12,062 - VALO360 - DEBUG - 自動保存已禁用，跳過配置保存
2025-08-06 17:07:12,062 - VALO360 - DEBUG - 自動保存已禁用，跳過配置保存
2025-08-06 17:07:12,062 - VALO360 - DEBUG - 自動保存已禁用，跳過配置保存
2025-08-06 17:07:12,062 - VALO360 - DEBUG - 自動保存已禁用，跳過配置保存
2025-08-06 17:07:12,062 - VALO360 - DEBUG - 自動保存已禁用，跳過配置保存
2025-08-06 17:07:12,062 - VALO360 - DEBUG - 自動保存已禁用，跳過配置保存
2025-08-06 17:07:12,062 - VALO360 - DEBUG - 自動保存已禁用，跳過配置保存
2025-08-06 17:07:12,062 - VALO360 - DEBUG - 自動保存已禁用，跳過配置保存
2025-08-06 17:07:12,071 - VALO360 - DEBUG - 自動保存已禁用，跳過配置保存
2025-08-06 17:07:12,071 - VALO360 - DEBUG - 自動保存已禁用，跳過配置保存
2025-08-06 17:07:12,071 - VALO360 - DEBUG - 自動保存已禁用，跳過配置保存
2025-08-06 17:07:12,071 - VALO360 - DEBUG - 自動保存已禁用，跳過配置保存
2025-08-06 17:07:12,071 - VALO360 - DEBUG - 自動保存已禁用，跳過配置保存
2025-08-06 17:07:12,071 - VALO360 - DEBUG - 自動保存已禁用，跳過配置保存
2025-08-06 17:07:12,071 - VALO360 - DEBUG - 自動保存已禁用，跳過配置保存
2025-08-06 17:07:12,071 - VALO360 - DEBUG - 自動保存已禁用，跳過配置保存
2025-08-06 17:07:12,081 - VALO360 - DEBUG - 自動保存已禁用，跳過配置保存
2025-08-06 17:07:12,081 - VALO360 - DEBUG - 自動保存已禁用，跳過配置保存
2025-08-06 17:07:12,081 - VALO360 - DEBUG - 自動保存已禁用，跳過配置保存
2025-08-06 17:07:12,081 - VALO360 - DEBUG - 自動保存已禁用，跳過配置保存
2025-08-06 17:07:12,081 - VALO360 - DEBUG - 自動保存已禁用，跳過配置保存
2025-08-06 17:07:12,081 - VALO360 - DEBUG - 自動保存已禁用，跳過配置保存
2025-08-06 17:07:12,081 - VALO360 - DEBUG - 自動保存已禁用，跳過配置保存
2025-08-06 17:07:12,081 - VALO360 - DEBUG - 自動保存已禁用，跳過配置保存
2025-08-06 17:07:12,081 - VALO360 - DEBUG - 自動保存已禁用，跳過配置保存
2025-08-06 17:07:12,081 - VALO360 - DEBUG - 自動保存已禁用，跳過配置保存
2025-08-06 17:07:12,081 - VALO360 - DEBUG - 自動保存已禁用，跳過配置保存
2025-08-06 17:07:12,081 - VALO360 - DEBUG - 自動保存已禁用，跳過配置保存
2025-08-06 17:07:12,081 - VALO360 - DEBUG - 自動保存已禁用，跳過配置保存
2025-08-06 17:07:12,081 - VALO360 - DEBUG - 自動保存已禁用，跳過配置保存
2025-08-06 17:07:12,081 - VALO360 - DEBUG - 自動保存已禁用，跳過配置保存
2025-08-06 17:07:12,081 - VALO360 - DEBUG - 自動保存已禁用，跳過配置保存
2025-08-06 17:07:12,093 - VALO360 - DEBUG - 自動保存已禁用，跳過配置保存
2025-08-06 17:07:12,093 - VALO360 - DEBUG - 自動保存已禁用，跳過配置保存
2025-08-06 17:07:12,093 - VALO360 - DEBUG - 自動保存已禁用，跳過配置保存
2025-08-06 17:07:12,093 - VALO360 - DEBUG - 自動保存已禁用，跳過配置保存
2025-08-06 17:07:12,094 - VALO360 - DEBUG - 自動保存已禁用，跳過配置保存
2025-08-06 17:07:12,094 - VALO360 - DEBUG - 自動保存已禁用，跳過配置保存
2025-08-06 17:07:12,094 - VALO360 - DEBUG - 自動保存已禁用，跳過配置保存
2025-08-06 17:07:12,094 - VALO360 - DEBUG - 自動保存已禁用，跳過配置保存
2025-08-06 17:07:12,098 - VALO360 - DEBUG - 自動保存已禁用，跳過配置保存
2025-08-06 17:07:12,099 - VALO360 - DEBUG - 自動保存已禁用，跳過配置保存
2025-08-06 17:07:12,099 - VALO360 - DEBUG - 自動保存已禁用，跳過配置保存
2025-08-06 17:07:12,099 - VALO360 - DEBUG - 自動保存已禁用，跳過配置保存
2025-08-06 17:07:12,099 - VALO360 - DEBUG - 自動保存已禁用，跳過配置保存
2025-08-06 17:07:12,099 - VALO360 - DEBUG - 自動保存已禁用，跳過配置保存
2025-08-06 17:07:12,099 - VALO360 - DEBUG - 自動保存已禁用，跳過配置保存
2025-08-06 17:07:12,099 - VALO360 - DEBUG - 自動保存已禁用，跳過配置保存
2025-08-06 17:07:12,102 - VALO360 - DEBUG - 自動保存已禁用，跳過配置保存
2025-08-06 17:07:12,102 - VALO360 - DEBUG - 自動保存已禁用，跳過配置保存
2025-08-06 17:07:12,102 - VALO360 - DEBUG - 自動保存已禁用，跳過配置保存
2025-08-06 17:07:12,102 - VALO360 - DEBUG - 自動保存已禁用，跳過配置保存
2025-08-06 17:07:12,106 - VALO360 - DEBUG - 自動保存已禁用，跳過配置保存
2025-08-06 17:07:12,106 - VALO360 - DEBUG - 自動保存已禁用，跳過配置保存
2025-08-06 17:07:12,106 - VALO360 - DEBUG - 自動保存已禁用，跳過配置保存
2025-08-06 17:07:12,106 - VALO360 - DEBUG - 自動保存已禁用，跳過配置保存
2025-08-06 17:07:12,634 - VALO360 - DEBUG - 自動保存已禁用，跳過配置保存
2025-08-06 17:07:12,634 - VALO360 - DEBUG - 自動保存已禁用，跳過配置保存
2025-08-06 17:07:12,634 - VALO360 - DEBUG - 自動保存已禁用，跳過配置保存
2025-08-06 17:07:12,634 - VALO360 - DEBUG - 自動保存已禁用，跳過配置保存
2025-08-06 17:07:12,677 - VALO360 - DEBUG - 找到 4 個COM口: ['COM9 - AT PORT', 'COM8 - NMEA PORT', 'COM7 - DM PORT', 'COM3']
2025-08-06 17:07:13,023 - VALO360 - DEBUG - 自動保存已禁用，跳過配置保存
2025-08-06 17:07:13,023 - VALO360 - DEBUG - 自動保存已禁用，跳過配置保存
2025-08-06 17:07:13,023 - VALO360 - DEBUG - 自動保存已禁用，跳過配置保存
2025-08-06 17:07:13,023 - VALO360 - DEBUG - 自動保存已禁用，跳過配置保存
2025-08-06 17:07:13,817 - VALO360 - DEBUG - 自動保存已禁用，跳過配置保存
2025-08-06 17:07:13,818 - VALO360 - DEBUG - 自動保存已禁用，跳過配置保存
2025-08-06 17:07:13,818 - VALO360 - DEBUG - 自動保存已禁用，跳過配置保存
2025-08-06 17:07:13,818 - VALO360 - DEBUG - 自動保存已禁用，跳過配置保存
2025-08-06 17:08:35,460 - VALO360 - DEBUG - 自動保存已禁用，跳過配置保存
2025-08-06 17:08:35,460 - VALO360 - DEBUG - 自動保存已禁用，跳過配置保存
2025-08-06 17:08:35,460 - VALO360 - DEBUG - 自動保存已禁用，跳過配置保存
2025-08-06 17:08:35,460 - VALO360 - DEBUG - 自動保存已禁用，跳過配置保存
2025-08-06 17:08:48,128 - VALO360 - DEBUG - 自動保存已禁用，跳過配置保存
2025-08-06 17:08:48,128 - VALO360 - DEBUG - 自動保存已禁用，跳過配置保存
2025-08-06 17:08:48,128 - VALO360 - DEBUG - 自動保存已禁用，跳過配置保存
2025-08-06 17:08:48,128 - VALO360 - DEBUG - 自動保存已禁用，跳過配置保存
2025-08-06 17:08:48,176 - VALO360 - DEBUG - 找到 4 個COM口: ['COM9 - AT PORT', 'COM8 - NMEA PORT', 'COM7 - DM PORT', 'COM3']
2025-08-06 17:08:49,501 - VALO360 - DEBUG - 自動保存已禁用，跳過配置保存
2025-08-06 17:08:49,501 - VALO360 - DEBUG - 自動保存已禁用，跳過配置保存
2025-08-06 17:08:49,503 - VALO360 - DEBUG - 自動保存已禁用，跳過配置保存
2025-08-06 17:08:49,503 - VALO360 - DEBUG - 自動保存已禁用，跳過配置保存
2025-08-06 17:09:29,297 - VALO360 - DEBUG - 自動保存已禁用，跳過配置保存
2025-08-06 17:09:29,297 - VALO360 - DEBUG - 自動保存已禁用，跳過配置保存
2025-08-06 17:09:29,297 - VALO360 - DEBUG - 自動保存已禁用，跳過配置保存
2025-08-06 17:09:29,298 - VALO360 - DEBUG - 自動保存已禁用，跳過配置保存
2025-08-06 17:09:31,075 - VALO360 - DEBUG - 自動保存已禁用，跳過配置保存
2025-08-06 17:09:31,076 - VALO360 - DEBUG - 自動保存已禁用，跳過配置保存
2025-08-06 17:09:31,076 - VALO360 - DEBUG - 自動保存已禁用，跳過配置保存
2025-08-06 17:09:31,076 - VALO360 - DEBUG - 自動保存已禁用，跳過配置保存
2025-08-06 17:09:31,119 - VALO360 - DEBUG - 找到 4 個COM口: ['COM9 - AT PORT', 'COM8 - NMEA PORT', 'COM7 - DM PORT', 'COM3']
2025-08-06 17:10:01,722 - VALO360 - DEBUG - 自動保存已禁用，跳過配置保存
2025-08-06 17:10:01,723 - VALO360 - DEBUG - 自動保存已禁用，跳過配置保存
2025-08-06 17:10:01,723 - VALO360 - DEBUG - 自動保存已禁用，跳過配置保存
2025-08-06 17:10:01,724 - VALO360 - DEBUG - 自動保存已禁用，跳過配置保存
2025-08-06 17:10:03,965 - VALO360 - DEBUG - 自動保存已禁用，跳過配置保存
2025-08-06 17:10:03,965 - VALO360 - DEBUG - 自動保存已禁用，跳過配置保存
2025-08-06 17:10:03,965 - VALO360 - DEBUG - 自動保存已禁用，跳過配置保存
2025-08-06 17:10:03,967 - VALO360 - DEBUG - 自動保存已禁用，跳過配置保存
2025-08-06 17:11:28,532 - VALO360 - DEBUG - 自動保存已禁用，跳過配置保存
2025-08-06 17:11:28,532 - VALO360 - DEBUG - 自動保存已禁用，跳過配置保存
2025-08-06 17:11:28,533 - VALO360 - DEBUG - 自動保存已禁用，跳過配置保存
2025-08-06 17:11:28,533 - VALO360 - DEBUG - 自動保存已禁用，跳過配置保存
2025-08-06 17:11:46,870 - VALO360 - DEBUG - 自動保存已禁用，跳過配置保存
2025-08-06 17:11:46,870 - VALO360 - DEBUG - 自動保存已禁用，跳過配置保存
2025-08-06 17:11:46,870 - VALO360 - DEBUG - 自動保存已禁用，跳過配置保存
2025-08-06 17:11:46,871 - VALO360 - DEBUG - 自動保存已禁用，跳過配置保存
2025-08-06 17:12:07,747 - VALO360 - DEBUG - 自動保存已禁用，跳過配置保存
2025-08-06 17:12:07,747 - VALO360 - DEBUG - 自動保存已禁用，跳過配置保存
2025-08-06 17:12:07,747 - VALO360 - DEBUG - 自動保存已禁用，跳過配置保存
2025-08-06 17:12:07,747 - VALO360 - DEBUG - 自動保存已禁用，跳過配置保存
2025-08-06 17:12:29,193 - VALO360 - DEBUG - 自動保存已禁用，跳過配置保存
2025-08-06 17:12:29,193 - VALO360 - DEBUG - 自動保存已禁用，跳過配置保存
2025-08-06 17:12:29,193 - VALO360 - DEBUG - 自動保存已禁用，跳過配置保存
2025-08-06 17:12:29,193 - VALO360 - DEBUG - 自動保存已禁用，跳過配置保存
2025-08-06 17:12:30,729 - VALO360 - DEBUG - 自動保存已禁用，跳過配置保存
2025-08-06 17:12:30,731 - VALO360 - DEBUG - 自動保存已禁用，跳過配置保存
2025-08-06 17:12:30,731 - VALO360 - DEBUG - 自動保存已禁用，跳過配置保存
2025-08-06 17:12:30,731 - VALO360 - DEBUG - 自動保存已禁用，跳過配置保存
2025-08-06 17:12:30,778 - VALO360 - DEBUG - 找到 4 個COM口: ['COM9 - AT PORT', 'COM8 - NMEA PORT', 'COM7 - DM PORT', 'COM3']
2025-08-06 17:12:50,440 - VALO360 - DEBUG - 自動保存已禁用，跳過配置保存
2025-08-06 17:12:50,441 - VALO360 - DEBUG - 自動保存已禁用，跳過配置保存
2025-08-06 17:12:50,441 - VALO360 - DEBUG - 自動保存已禁用，跳過配置保存
2025-08-06 17:12:50,441 - VALO360 - DEBUG - 自動保存已禁用，跳過配置保存
2025-08-06 17:12:54,326 - VALO360 - DEBUG - SerialWorker 初始化: COM=COM9 - AT PORT, 指令數=1, 超時=30s
2025-08-06 17:12:54,326 - VALO360 - INFO - 開始執行序列埠任務: COM9 - AT PORT
2025-08-06 17:12:54,334 - VALO360 - DEBUG - 自動保存已禁用，跳過配置保存
2025-08-06 17:12:54,334 - VALO360 - DEBUG - 自動保存已禁用，跳過配置保存
2025-08-06 17:12:54,334 - VALO360 - DEBUG - 自動保存已禁用，跳過配置保存
2025-08-06 17:12:54,334 - VALO360 - DEBUG - 自動保存已禁用，跳過配置保存
2025-08-06 17:12:54,339 - VALO360 - DEBUG - 自動保存已禁用，跳過配置保存
2025-08-06 17:12:54,339 - VALO360 - DEBUG - 自動保存已禁用，跳過配置保存
2025-08-06 17:12:54,339 - VALO360 - DEBUG - 自動保存已禁用，跳過配置保存
2025-08-06 17:12:54,339 - VALO360 - DEBUG - 自動保存已禁用，跳過配置保存
2025-08-06 17:12:54,342 - VALO360 - DEBUG - SerialWorker 執行完成
2025-08-06 17:12:54,345 - VALO360 - DEBUG - 自動保存已禁用，跳過配置保存
2025-08-06 17:12:54,345 - VALO360 - DEBUG - 自動保存已禁用，跳過配置保存
2025-08-06 17:12:54,345 - VALO360 - DEBUG - 自動保存已禁用，跳過配置保存
2025-08-06 17:12:54,346 - VALO360 - DEBUG - 自動保存已禁用，跳過配置保存
2025-08-06 17:12:54,346 - VALO360 - DEBUG - 自動保存已禁用，跳過配置保存
2025-08-06 17:12:54,346 - VALO360 - DEBUG - 自動保存已禁用，跳過配置保存
2025-08-06 17:12:54,346 - VALO360 - DEBUG - 自動保存已禁用，跳過配置保存
2025-08-06 17:12:54,346 - VALO360 - DEBUG - 自動保存已禁用，跳過配置保存
2025-08-06 17:12:54,347 - VALO360 - DEBUG - 自動保存已禁用，跳過配置保存
2025-08-06 17:12:54,347 - VALO360 - DEBUG - 自動保存已禁用，跳過配置保存
2025-08-06 17:12:54,347 - VALO360 - DEBUG - 自動保存已禁用，跳過配置保存
2025-08-06 17:12:54,347 - VALO360 - DEBUG - 自動保存已禁用，跳過配置保存
2025-08-06 17:12:54,347 - VALO360 - DEBUG - 自動保存已禁用，跳過配置保存
2025-08-06 17:12:54,347 - VALO360 - DEBUG - 自動保存已禁用，跳過配置保存
2025-08-06 17:12:54,347 - VALO360 - DEBUG - 自動保存已禁用，跳過配置保存
2025-08-06 17:12:54,347 - VALO360 - DEBUG - 自動保存已禁用，跳過配置保存
2025-08-06 17:12:54,358 - VALO360 - DEBUG - 自動保存已禁用，跳過配置保存
2025-08-06 17:12:54,358 - VALO360 - DEBUG - 自動保存已禁用，跳過配置保存
2025-08-06 17:12:54,358 - VALO360 - DEBUG - 自動保存已禁用，跳過配置保存
2025-08-06 17:12:54,358 - VALO360 - DEBUG - 自動保存已禁用，跳過配置保存
2025-08-06 17:12:54,362 - VALO360 - DEBUG - 自動保存已禁用，跳過配置保存
2025-08-06 17:12:54,362 - VALO360 - DEBUG - 自動保存已禁用，跳過配置保存
2025-08-06 17:12:54,362 - VALO360 - DEBUG - 自動保存已禁用，跳過配置保存
2025-08-06 17:12:54,362 - VALO360 - DEBUG - 自動保存已禁用，跳過配置保存
2025-08-06 17:12:54,362 - VALO360 - DEBUG - 自動保存已禁用，跳過配置保存
2025-08-06 17:12:54,362 - VALO360 - DEBUG - 自動保存已禁用，跳過配置保存
2025-08-06 17:12:54,362 - VALO360 - DEBUG - 自動保存已禁用，跳過配置保存
2025-08-06 17:12:54,362 - VALO360 - DEBUG - 自動保存已禁用，跳過配置保存
2025-08-06 17:12:54,364 - VALO360 - DEBUG - 自動保存已禁用，跳過配置保存
2025-08-06 17:12:54,364 - VALO360 - DEBUG - 自動保存已禁用，跳過配置保存
2025-08-06 17:12:54,364 - VALO360 - DEBUG - 自動保存已禁用，跳過配置保存
2025-08-06 17:12:54,364 - VALO360 - DEBUG - 自動保存已禁用，跳過配置保存
2025-08-06 17:12:54,364 - VALO360 - DEBUG - 自動保存已禁用，跳過配置保存
2025-08-06 17:12:54,364 - VALO360 - DEBUG - 自動保存已禁用，跳過配置保存
2025-08-06 17:12:54,364 - VALO360 - DEBUG - 自動保存已禁用，跳過配置保存
2025-08-06 17:12:54,364 - VALO360 - DEBUG - 自動保存已禁用，跳過配置保存
2025-08-06 17:13:10,756 - VALO360 - DEBUG - 自動保存已禁用，跳過配置保存
2025-08-06 17:13:10,756 - VALO360 - DEBUG - 自動保存已禁用，跳過配置保存
2025-08-06 17:13:10,756 - VALO360 - DEBUG - 自動保存已禁用，跳過配置保存
2025-08-06 17:13:10,756 - VALO360 - DEBUG - 自動保存已禁用，跳過配置保存
2025-08-06 17:13:17,246 - VALO360 - DEBUG - SerialWorker 初始化: COM=COM7 - DM PORT, 指令數=1, 超時=30s
2025-08-06 17:13:17,246 - VALO360 - INFO - 開始執行序列埠任務: COM7 - DM PORT
2025-08-06 17:13:17,252 - VALO360 - DEBUG - 自動保存已禁用，跳過配置保存
2025-08-06 17:13:17,252 - VALO360 - DEBUG - 自動保存已禁用，跳過配置保存
2025-08-06 17:13:17,252 - VALO360 - DEBUG - 自動保存已禁用，跳過配置保存
2025-08-06 17:13:17,252 - VALO360 - DEBUG - 自動保存已禁用，跳過配置保存
2025-08-06 17:13:17,259 - VALO360 - DEBUG - SerialWorker 執行完成
2025-08-06 17:13:17,261 - VALO360 - DEBUG - 自動保存已禁用，跳過配置保存
2025-08-06 17:13:17,262 - VALO360 - DEBUG - 自動保存已禁用，跳過配置保存
2025-08-06 17:13:17,262 - VALO360 - DEBUG - 自動保存已禁用，跳過配置保存
2025-08-06 17:13:17,262 - VALO360 - DEBUG - 自動保存已禁用，跳過配置保存
2025-08-06 17:13:17,262 - VALO360 - DEBUG - 自動保存已禁用，跳過配置保存
2025-08-06 17:13:17,262 - VALO360 - DEBUG - 自動保存已禁用，跳過配置保存
2025-08-06 17:13:17,262 - VALO360 - DEBUG - 自動保存已禁用，跳過配置保存
2025-08-06 17:13:17,262 - VALO360 - DEBUG - 自動保存已禁用，跳過配置保存
2025-08-06 17:13:17,262 - VALO360 - DEBUG - 自動保存已禁用，跳過配置保存
2025-08-06 17:13:17,262 - VALO360 - DEBUG - 自動保存已禁用，跳過配置保存
2025-08-06 17:13:17,262 - VALO360 - DEBUG - 自動保存已禁用，跳過配置保存
2025-08-06 17:13:17,262 - VALO360 - DEBUG - 自動保存已禁用，跳過配置保存
2025-08-06 17:13:17,266 - VALO360 - DEBUG - 自動保存已禁用，跳過配置保存
2025-08-06 17:13:17,266 - VALO360 - DEBUG - 自動保存已禁用，跳過配置保存
2025-08-06 17:13:17,266 - VALO360 - DEBUG - 自動保存已禁用，跳過配置保存
2025-08-06 17:13:17,266 - VALO360 - DEBUG - 自動保存已禁用，跳過配置保存
2025-08-06 17:13:17,274 - VALO360 - DEBUG - 自動保存已禁用，跳過配置保存
2025-08-06 17:13:17,274 - VALO360 - DEBUG - 自動保存已禁用，跳過配置保存
2025-08-06 17:13:17,277 - VALO360 - DEBUG - 自動保存已禁用，跳過配置保存
2025-08-06 17:13:17,277 - VALO360 - DEBUG - 自動保存已禁用，跳過配置保存
2025-08-06 17:13:17,279 - VALO360 - DEBUG - 自動保存已禁用，跳過配置保存
2025-08-06 17:13:17,279 - VALO360 - DEBUG - 自動保存已禁用，跳過配置保存
2025-08-06 17:13:17,281 - VALO360 - DEBUG - 自動保存已禁用，跳過配置保存
2025-08-06 17:13:17,281 - VALO360 - DEBUG - 自動保存已禁用，跳過配置保存
2025-08-06 17:13:17,281 - VALO360 - DEBUG - 自動保存已禁用，跳過配置保存
2025-08-06 17:13:17,281 - VALO360 - DEBUG - 自動保存已禁用，跳過配置保存
2025-08-06 17:13:17,281 - VALO360 - DEBUG - 自動保存已禁用，跳過配置保存
2025-08-06 17:13:17,281 - VALO360 - DEBUG - 自動保存已禁用，跳過配置保存
2025-08-06 17:13:17,283 - VALO360 - DEBUG - 自動保存已禁用，跳過配置保存
2025-08-06 17:13:17,283 - VALO360 - DEBUG - 自動保存已禁用，跳過配置保存
2025-08-06 17:13:17,283 - VALO360 - DEBUG - 自動保存已禁用，跳過配置保存
2025-08-06 17:13:17,283 - VALO360 - DEBUG - 自動保存已禁用，跳過配置保存
2025-08-06 17:13:17,285 - VALO360 - DEBUG - 自動保存已禁用，跳過配置保存
2025-08-06 17:13:17,285 - VALO360 - DEBUG - 自動保存已禁用，跳過配置保存
2025-08-06 17:13:17,285 - VALO360 - DEBUG - 自動保存已禁用，跳過配置保存
2025-08-06 17:13:17,285 - VALO360 - DEBUG - 自動保存已禁用，跳過配置保存
2025-08-06 17:13:22,714 - VALO360 - DEBUG - 自動保存已禁用，跳過配置保存
2025-08-06 17:13:22,714 - VALO360 - DEBUG - 自動保存已禁用，跳過配置保存
2025-08-06 17:13:22,714 - VALO360 - DEBUG - 自動保存已禁用，跳過配置保存
2025-08-06 17:13:22,714 - VALO360 - DEBUG - 自動保存已禁用，跳過配置保存
2025-08-06 17:13:27,666 - VALO360 - DEBUG - 自動保存已禁用，跳過配置保存
2025-08-06 17:13:27,666 - VALO360 - DEBUG - 自動保存已禁用，跳過配置保存
2025-08-06 17:13:27,666 - VALO360 - DEBUG - 自動保存已禁用，跳過配置保存
2025-08-06 17:13:27,666 - VALO360 - DEBUG - 自動保存已禁用，跳過配置保存
2025-08-06 17:13:27,710 - VALO360 - DEBUG - 找到 4 個COM口: ['COM9 - AT PORT', 'COM8 - NMEA PORT', 'COM7 - DM PORT', 'COM3']
2025-08-06 17:13:31,967 - VALO360 - DEBUG - 自動保存已禁用，跳過配置保存
2025-08-06 17:13:31,967 - VALO360 - DEBUG - 自動保存已禁用，跳過配置保存
2025-08-06 17:13:31,967 - VALO360 - DEBUG - 自動保存已禁用，跳過配置保存
2025-08-06 17:13:31,967 - VALO360 - DEBUG - 自動保存已禁用，跳過配置保存
2025-08-06 17:13:32,555 - VALO360 - DEBUG - 自動保存已禁用，跳過配置保存
2025-08-06 17:13:32,555 - VALO360 - DEBUG - 自動保存已禁用，跳過配置保存
2025-08-06 17:13:32,555 - VALO360 - DEBUG - 自動保存已禁用，跳過配置保存
2025-08-06 17:13:32,555 - VALO360 - DEBUG - 自動保存已禁用，跳過配置保存
2025-08-06 17:13:33,534 - VALO360 - DEBUG - SerialWorker 初始化: COM=COM3, 指令數=1, 超時=30s
2025-08-06 17:13:33,534 - VALO360 - INFO - 開始執行序列埠任務: COM3
2025-08-06 17:13:33,543 - VALO360 - DEBUG - 自動保存已禁用，跳過配置保存
2025-08-06 17:13:33,544 - VALO360 - DEBUG - 自動保存已禁用，跳過配置保存
2025-08-06 17:13:33,544 - VALO360 - DEBUG - 自動保存已禁用，跳過配置保存
2025-08-06 17:13:33,544 - VALO360 - DEBUG - 自動保存已禁用，跳過配置保存
2025-08-06 17:13:33,545 - VALO360 - DEBUG - 自動保存已禁用，跳過配置保存
2025-08-06 17:13:33,545 - VALO360 - DEBUG - 自動保存已禁用，跳過配置保存
2025-08-06 17:13:33,545 - VALO360 - DEBUG - 自動保存已禁用，跳過配置保存
2025-08-06 17:13:33,545 - VALO360 - DEBUG - 自動保存已禁用，跳過配置保存
2025-08-06 17:13:33,547 - VALO360 - DEBUG - 自動保存已禁用，跳過配置保存
2025-08-06 17:13:33,547 - VALO360 - DEBUG - 自動保存已禁用，跳過配置保存
2025-08-06 17:13:33,547 - VALO360 - DEBUG - 自動保存已禁用，跳過配置保存
2025-08-06 17:13:33,547 - VALO360 - DEBUG - 自動保存已禁用，跳過配置保存
2025-08-06 17:13:33,547 - VALO360 - DEBUG - 自動保存已禁用，跳過配置保存
2025-08-06 17:13:33,547 - VALO360 - DEBUG - 自動保存已禁用，跳過配置保存
2025-08-06 17:13:33,547 - VALO360 - DEBUG - 自動保存已禁用，跳過配置保存
2025-08-06 17:13:33,547 - VALO360 - DEBUG - 自動保存已禁用，跳過配置保存
2025-08-06 17:13:33,549 - VALO360 - DEBUG - 自動保存已禁用，跳過配置保存
2025-08-06 17:13:33,549 - VALO360 - DEBUG - 自動保存已禁用，跳過配置保存
2025-08-06 17:13:33,549 - VALO360 - DEBUG - 自動保存已禁用，跳過配置保存
2025-08-06 17:13:33,549 - VALO360 - DEBUG - 自動保存已禁用，跳過配置保存
2025-08-06 17:13:34,802 - VALO360 - DEBUG - 簡單關閉 COM 口 COM3
2025-08-06 17:13:34,802 - VALO360 - DEBUG - SerialWorker 執行完成
2025-08-06 17:13:34,802 - VALO360 - WARNING - 函數 SerialWorker.run 執行時間過長: 1.268秒
2025-08-06 17:13:34,807 - VALO360 - DEBUG - 自動保存已禁用，跳過配置保存
2025-08-06 17:13:34,807 - VALO360 - DEBUG - 自動保存已禁用，跳過配置保存
2025-08-06 17:13:34,807 - VALO360 - DEBUG - 自動保存已禁用，跳過配置保存
2025-08-06 17:13:34,807 - VALO360 - DEBUG - 自動保存已禁用，跳過配置保存
2025-08-06 17:13:34,811 - VALO360 - DEBUG - 自動保存已禁用，跳過配置保存
2025-08-06 17:13:34,811 - VALO360 - DEBUG - 自動保存已禁用，跳過配置保存
2025-08-06 17:13:34,811 - VALO360 - DEBUG - 自動保存已禁用，跳過配置保存
2025-08-06 17:13:34,811 - VALO360 - DEBUG - 自動保存已禁用，跳過配置保存
2025-08-06 17:13:34,811 - VALO360 - DEBUG - 自動保存已禁用，跳過配置保存
2025-08-06 17:13:34,811 - VALO360 - DEBUG - 自動保存已禁用，跳過配置保存
2025-08-06 17:13:34,812 - VALO360 - DEBUG - 自動保存已禁用，跳過配置保存
2025-08-06 17:13:34,812 - VALO360 - DEBUG - 自動保存已禁用，跳過配置保存
2025-08-06 17:13:34,812 - VALO360 - DEBUG - 自動保存已禁用，跳過配置保存
2025-08-06 17:13:34,812 - VALO360 - DEBUG - 自動保存已禁用，跳過配置保存
2025-08-06 17:13:34,812 - VALO360 - DEBUG - 自動保存已禁用，跳過配置保存
2025-08-06 17:13:34,812 - VALO360 - DEBUG - 自動保存已禁用，跳過配置保存
2025-08-06 17:13:34,814 - VALO360 - DEBUG - 自動保存已禁用，跳過配置保存
2025-08-06 17:13:34,814 - VALO360 - DEBUG - 自動保存已禁用，跳過配置保存
2025-08-06 17:13:34,814 - VALO360 - DEBUG - 自動保存已禁用，跳過配置保存
2025-08-06 17:13:34,814 - VALO360 - DEBUG - 自動保存已禁用，跳過配置保存
2025-08-06 17:13:46,303 - VALO360 - DEBUG - 自動保存已禁用，跳過配置保存
2025-08-06 17:13:46,303 - VALO360 - DEBUG - 自動保存已禁用，跳過配置保存
2025-08-06 17:13:46,303 - VALO360 - DEBUG - 自動保存已禁用，跳過配置保存
2025-08-06 17:13:46,303 - VALO360 - DEBUG - 自動保存已禁用，跳過配置保存
2025-08-06 17:14:12,239 - VALO360 - DEBUG - 自動保存已禁用，跳過配置保存
2025-08-06 17:14:12,239 - VALO360 - DEBUG - 自動保存已禁用，跳過配置保存
2025-08-06 17:14:12,242 - VALO360 - DEBUG - 自動保存已禁用，跳過配置保存
2025-08-06 17:14:12,242 - VALO360 - DEBUG - 自動保存已禁用，跳過配置保存
2025-08-06 17:14:18,714 - VALO360 - DEBUG - 自動保存已禁用，跳過配置保存
2025-08-06 17:14:18,714 - VALO360 - DEBUG - 自動保存已禁用，跳過配置保存
2025-08-06 17:14:18,714 - VALO360 - DEBUG - 自動保存已禁用，跳過配置保存
2025-08-06 17:14:18,714 - VALO360 - DEBUG - 自動保存已禁用，跳過配置保存
2025-08-06 17:14:35,639 - VALO360 - DEBUG - 自動保存已禁用，跳過配置保存
2025-08-06 17:14:35,639 - VALO360 - DEBUG - 自動保存已禁用，跳過配置保存
2025-08-06 17:14:35,639 - VALO360 - DEBUG - 自動保存已禁用，跳過配置保存
2025-08-06 17:14:35,645 - VALO360 - DEBUG - 自動保存已禁用，跳過配置保存
2025-08-06 17:20:35,187 - VALO360 - DEBUG - 自動保存已禁用，跳過配置保存
2025-08-06 17:20:35,187 - VALO360 - DEBUG - 自動保存已禁用，跳過配置保存
2025-08-06 17:20:35,187 - VALO360 - DEBUG - 自動保存已禁用，跳過配置保存
2025-08-06 17:20:35,187 - VALO360 - DEBUG - 自動保存已禁用，跳過配置保存
2025-08-06 17:20:36,712 - VALO360 - DEBUG - 配置已備份至: backup\setup_backup_20250806_172036.json
2025-08-06 17:20:36,716 - VALO360 - DEBUG - 已刪除舊備份: backup\setup_backup_20250801_141607.json
2025-08-06 17:20:36,716 - VALO360 - DEBUG - 配置保存成功
2025-08-06 17:20:36,718 - VALO360 - DEBUG - 配置已備份至: backup\setup_backup_20250806_172036.json
2025-08-06 17:20:36,722 - VALO360 - DEBUG - 配置保存成功
2025-08-06 17:20:36,724 - VALO360 - DEBUG - 自動保存已禁用，跳過配置保存
2025-08-06 17:20:36,724 - VALO360 - INFO - 程式關閉時已保存所有待保存的設定
2025-08-06 17:20:36,724 - VALO360 - INFO - 程式正常關閉
2025-08-06 17:20:36,793 - VALO360 - INFO - 資源清理完成
2025-08-06 17:20:36,793 - VALO360 - INFO - 應用程式資源清理完成
2025-08-06 18:41:17,164 - VALO360 - DEBUG - 找到指令檔: D:\((Python TOOL\指令工具-20250428T020034Z-001\CODE_HERE2\dist\Command_TABLE\command.txt
2025-08-06 18:41:17,204 - VALO360 - INFO - 成功載入 94 個指令
2025-08-06 18:41:17,215 - VALO360 - INFO - 運行日誌: main.py 啟動
2025-08-06 18:41:17,215 - VALO360 - INFO - 指令通主程式啟動
2025-08-06 18:41:17,215 - VALO360 - INFO - 運行日誌: 成功 import TabManager
2025-08-06 18:41:17,215 - VALO360 - INFO - UI模組導入成功
2025-08-06 18:41:17,215 - VALO360 - INFO - 日誌系統初始化完成
2025-08-06 18:41:17,215 - VALO360 - DEBUG - ConfigManager: 自動保存已禁用
2025-08-06 18:41:17,215 - VALO360 - INFO - ConfigManager自動保存已禁用
2025-08-06 18:41:17,215 - VALO360 - INFO - 未找到關鍵字高亮設定文件，使用空設定
2025-08-06 18:41:17,827 - VALO360 - DEBUG - 配置已備份至: backup\setup_backup_20250806_184117.json
2025-08-06 18:41:17,834 - VALO360 - DEBUG - 已刪除舊備份: backup\setup_backup_20250801_160959.json
2025-08-06 18:41:17,836 - VALO360 - DEBUG - 配置載入成功
2025-08-06 18:41:17,837 - VALO360 - INFO - 統一設定管理器已初始化
2025-08-06 18:41:18,065 - VALO360 - DEBUG - 找到 1 個COM口: ['COM3']
2025-08-06 18:41:20,210 - VALO360 - DEBUG - 找到 1 個COM口: ['COM3']
2025-08-06 18:41:21,661 - VALO360 - INFO - 圖示檔案不存在: C:\Users\PEGA_U~1\AppData\Local\Temp\_MEI128162\assets\icon.ico
2025-08-06 18:41:21,661 - VALO360 - INFO - 視窗設置完成: PEGA指令通_1.9.3 (1522x741)
2025-08-06 18:41:21,662 - VALO360 - INFO - 程式啟動時更新標籤頁名稱
2025-08-06 18:41:21,663 - VALO360 - INFO - 應用程式啟動完成，進入主循環
2025-08-06 18:41:21,673 - VALO360 - DEBUG - 找到 1 個COM口: ['COM3']
2025-08-06 18:41:21,788 - VALO360 - DEBUG - 自動保存已禁用，跳過配置保存
2025-08-06 18:41:21,788 - VALO360 - DEBUG - 自動保存已禁用，跳過配置保存
2025-08-06 18:41:21,788 - VALO360 - DEBUG - 自動保存已禁用，跳過配置保存
2025-08-06 18:41:21,788 - VALO360 - DEBUG - 自動保存已禁用，跳過配置保存
2025-08-06 18:41:21,792 - VALO360 - DEBUG - 自動保存已禁用，跳過配置保存
2025-08-06 18:41:21,792 - VALO360 - DEBUG - 自動保存已禁用，跳過配置保存
2025-08-06 18:41:21,794 - VALO360 - DEBUG - 自動保存已禁用，跳過配置保存
2025-08-06 18:41:21,794 - VALO360 - DEBUG - 自動保存已禁用，跳過配置保存
2025-08-06 18:41:21,796 - VALO360 - DEBUG - 自動保存已禁用，跳過配置保存
2025-08-06 18:41:21,798 - VALO360 - DEBUG - 自動保存已禁用，跳過配置保存
2025-08-06 18:41:21,800 - VALO360 - DEBUG - 自動保存已禁用，跳過配置保存
2025-08-06 18:41:21,800 - VALO360 - DEBUG - 自動保存已禁用，跳過配置保存
2025-08-06 18:41:21,802 - VALO360 - DEBUG - 自動保存已禁用，跳過配置保存
2025-08-06 18:41:21,802 - VALO360 - DEBUG - 自動保存已禁用，跳過配置保存
2025-08-06 18:41:21,804 - VALO360 - DEBUG - 自動保存已禁用，跳過配置保存
2025-08-06 18:41:21,804 - VALO360 - DEBUG - 自動保存已禁用，跳過配置保存
2025-08-06 18:41:21,806 - VALO360 - DEBUG - 自動保存已禁用，跳過配置保存
2025-08-06 18:41:21,806 - VALO360 - DEBUG - 自動保存已禁用，跳過配置保存
2025-08-06 18:41:21,806 - VALO360 - DEBUG - 自動保存已禁用，跳過配置保存
2025-08-06 18:41:21,808 - VALO360 - DEBUG - 自動保存已禁用，跳過配置保存
2025-08-06 18:41:21,810 - VALO360 - DEBUG - 自動保存已禁用，跳過配置保存
2025-08-06 18:41:21,810 - VALO360 - DEBUG - 自動保存已禁用，跳過配置保存
2025-08-06 18:41:21,810 - VALO360 - DEBUG - 自動保存已禁用，跳過配置保存
2025-08-06 18:41:21,813 - VALO360 - DEBUG - 自動保存已禁用，跳過配置保存
2025-08-06 18:41:21,815 - VALO360 - DEBUG - 自動保存已禁用，跳過配置保存
2025-08-06 18:41:21,815 - VALO360 - DEBUG - 自動保存已禁用，跳過配置保存
2025-08-06 18:41:21,815 - VALO360 - DEBUG - 自動保存已禁用，跳過配置保存
2025-08-06 18:41:21,817 - VALO360 - DEBUG - 自動保存已禁用，跳過配置保存
2025-08-06 18:41:21,817 - VALO360 - DEBUG - 自動保存已禁用，跳過配置保存
2025-08-06 18:41:21,819 - VALO360 - DEBUG - 自動保存已禁用，跳過配置保存
2025-08-06 18:41:21,819 - VALO360 - DEBUG - 自動保存已禁用，跳過配置保存
2025-08-06 18:41:21,820 - VALO360 - DEBUG - 自動保存已禁用，跳過配置保存
2025-08-06 18:41:21,822 - VALO360 - DEBUG - 自動保存已禁用，跳過配置保存
2025-08-06 18:41:21,822 - VALO360 - DEBUG - 自動保存已禁用，跳過配置保存
2025-08-06 18:41:21,822 - VALO360 - DEBUG - 自動保存已禁用，跳過配置保存
2025-08-06 18:41:21,822 - VALO360 - DEBUG - 自動保存已禁用，跳過配置保存
2025-08-06 18:41:21,826 - VALO360 - DEBUG - 自動保存已禁用，跳過配置保存
2025-08-06 18:41:21,828 - VALO360 - DEBUG - 自動保存已禁用，跳過配置保存
2025-08-06 18:41:21,829 - VALO360 - DEBUG - 自動保存已禁用，跳過配置保存
2025-08-06 18:41:21,830 - VALO360 - DEBUG - 自動保存已禁用，跳過配置保存
2025-08-06 18:41:21,832 - VALO360 - DEBUG - 自動保存已禁用，跳過配置保存
2025-08-06 18:41:21,834 - VALO360 - DEBUG - 自動保存已禁用，跳過配置保存
2025-08-06 18:41:21,834 - VALO360 - DEBUG - 自動保存已禁用，跳過配置保存
2025-08-06 18:41:21,834 - VALO360 - DEBUG - 自動保存已禁用，跳過配置保存
2025-08-06 18:41:21,836 - VALO360 - DEBUG - 自動保存已禁用，跳過配置保存
2025-08-06 18:41:21,836 - VALO360 - DEBUG - 自動保存已禁用，跳過配置保存
2025-08-06 18:41:21,836 - VALO360 - DEBUG - 自動保存已禁用，跳過配置保存
2025-08-06 18:41:21,836 - VALO360 - DEBUG - 自動保存已禁用，跳過配置保存
2025-08-06 18:41:21,841 - VALO360 - DEBUG - 自動保存已禁用，跳過配置保存
2025-08-06 18:41:21,842 - VALO360 - DEBUG - 自動保存已禁用，跳過配置保存
2025-08-06 18:41:21,842 - VALO360 - DEBUG - 自動保存已禁用，跳過配置保存
2025-08-06 18:41:21,844 - VALO360 - DEBUG - 自動保存已禁用，跳過配置保存
2025-08-06 18:41:21,844 - VALO360 - DEBUG - 自動保存已禁用，跳過配置保存
2025-08-06 18:41:21,846 - VALO360 - DEBUG - 自動保存已禁用，跳過配置保存
2025-08-06 18:41:21,846 - VALO360 - DEBUG - 自動保存已禁用，跳過配置保存
2025-08-06 18:41:21,848 - VALO360 - DEBUG - 自動保存已禁用，跳過配置保存
2025-08-06 18:41:21,848 - VALO360 - DEBUG - 自動保存已禁用，跳過配置保存
2025-08-06 18:41:21,850 - VALO360 - DEBUG - 自動保存已禁用，跳過配置保存
2025-08-06 18:41:21,850 - VALO360 - DEBUG - 自動保存已禁用，跳過配置保存
2025-08-06 18:41:21,850 - VALO360 - DEBUG - 自動保存已禁用，跳過配置保存
2025-08-06 18:41:21,852 - VALO360 - DEBUG - 自動保存已禁用，跳過配置保存
2025-08-06 18:41:21,852 - VALO360 - DEBUG - 自動保存已禁用，跳過配置保存
2025-08-06 18:41:21,854 - VALO360 - DEBUG - 自動保存已禁用，跳過配置保存
2025-08-06 18:41:21,854 - VALO360 - DEBUG - 自動保存已禁用，跳過配置保存
2025-08-06 18:41:21,856 - VALO360 - DEBUG - 自動保存已禁用，跳過配置保存
2025-08-06 18:41:21,857 - VALO360 - DEBUG - 自動保存已禁用，跳過配置保存
2025-08-06 18:41:21,859 - VALO360 - DEBUG - 自動保存已禁用，跳過配置保存
2025-08-06 18:41:21,859 - VALO360 - DEBUG - 自動保存已禁用，跳過配置保存
2025-08-06 18:41:21,862 - VALO360 - DEBUG - 自動保存已禁用，跳過配置保存
2025-08-06 18:41:21,863 - VALO360 - DEBUG - 自動保存已禁用，跳過配置保存
2025-08-06 18:41:21,863 - VALO360 - DEBUG - 自動保存已禁用，跳過配置保存
2025-08-06 18:41:21,865 - VALO360 - DEBUG - 自動保存已禁用，跳過配置保存
2025-08-06 18:41:21,866 - VALO360 - DEBUG - 自動保存已禁用，跳過配置保存
2025-08-06 18:41:21,867 - VALO360 - DEBUG - 自動保存已禁用，跳過配置保存
2025-08-06 18:41:21,867 - VALO360 - DEBUG - 自動保存已禁用，跳過配置保存
2025-08-06 18:41:21,867 - VALO360 - DEBUG - 自動保存已禁用，跳過配置保存
2025-08-06 18:41:21,869 - VALO360 - DEBUG - 自動保存已禁用，跳過配置保存
2025-08-06 18:41:21,869 - VALO360 - DEBUG - 自動保存已禁用，跳過配置保存
2025-08-06 18:41:21,869 - VALO360 - DEBUG - 自動保存已禁用，跳過配置保存
2025-08-06 18:41:21,869 - VALO360 - DEBUG - 自動保存已禁用，跳過配置保存
2025-08-06 18:41:21,871 - VALO360 - DEBUG - 自動保存已禁用，跳過配置保存
2025-08-06 18:41:21,871 - VALO360 - DEBUG - 自動保存已禁用，跳過配置保存
2025-08-06 18:41:21,871 - VALO360 - DEBUG - 自動保存已禁用，跳過配置保存
2025-08-06 18:41:21,874 - VALO360 - DEBUG - 自動保存已禁用，跳過配置保存
2025-08-06 18:41:21,875 - VALO360 - DEBUG - 自動保存已禁用，跳過配置保存
2025-08-06 18:41:21,877 - VALO360 - DEBUG - 自動保存已禁用，跳過配置保存
2025-08-06 18:41:21,877 - VALO360 - DEBUG - 自動保存已禁用，跳過配置保存
2025-08-06 18:41:21,879 - VALO360 - DEBUG - 自動保存已禁用，跳過配置保存
2025-08-06 18:41:21,881 - VALO360 - DEBUG - 自動保存已禁用，跳過配置保存
2025-08-06 18:41:21,881 - VALO360 - DEBUG - 自動保存已禁用，跳過配置保存
2025-08-06 18:41:21,881 - VALO360 - DEBUG - 自動保存已禁用，跳過配置保存
2025-08-06 18:41:21,883 - VALO360 - DEBUG - 自動保存已禁用，跳過配置保存
2025-08-06 18:41:21,885 - VALO360 - DEBUG - 自動保存已禁用，跳過配置保存
2025-08-06 18:41:21,885 - VALO360 - DEBUG - 自動保存已禁用，跳過配置保存
2025-08-06 18:41:21,885 - VALO360 - DEBUG - 自動保存已禁用，跳過配置保存
2025-08-06 18:41:21,885 - VALO360 - DEBUG - 自動保存已禁用，跳過配置保存
2025-08-06 18:41:21,885 - VALO360 - DEBUG - 自動保存已禁用，跳過配置保存
2025-08-06 18:41:21,885 - VALO360 - DEBUG - 自動保存已禁用，跳過配置保存
2025-08-06 18:41:21,885 - VALO360 - DEBUG - 自動保存已禁用，跳過配置保存
2025-08-06 18:41:21,885 - VALO360 - DEBUG - 自動保存已禁用，跳過配置保存
2025-08-06 18:41:21,894 - VALO360 - DEBUG - 自動保存已禁用，跳過配置保存
2025-08-06 18:41:21,895 - VALO360 - DEBUG - 自動保存已禁用，跳過配置保存
2025-08-06 18:41:21,897 - VALO360 - DEBUG - 自動保存已禁用，跳過配置保存
2025-08-06 18:41:21,897 - VALO360 - DEBUG - 自動保存已禁用，跳過配置保存
2025-08-06 18:41:21,897 - VALO360 - DEBUG - 自動保存已禁用，跳過配置保存
2025-08-06 18:41:21,901 - VALO360 - DEBUG - 自動保存已禁用，跳過配置保存
2025-08-06 18:41:21,901 - VALO360 - DEBUG - 自動保存已禁用，跳過配置保存
2025-08-06 18:41:21,901 - VALO360 - DEBUG - 自動保存已禁用，跳過配置保存
2025-08-06 18:41:21,901 - VALO360 - DEBUG - 自動保存已禁用，跳過配置保存
2025-08-06 18:41:21,905 - VALO360 - DEBUG - 自動保存已禁用，跳過配置保存
2025-08-06 18:41:21,905 - VALO360 - DEBUG - 自動保存已禁用，跳過配置保存
2025-08-06 18:41:21,905 - VALO360 - DEBUG - 自動保存已禁用，跳過配置保存
2025-08-06 18:41:21,909 - VALO360 - DEBUG - 自動保存已禁用，跳過配置保存
2025-08-06 18:41:21,909 - VALO360 - DEBUG - 自動保存已禁用，跳過配置保存
2025-08-06 18:41:21,910 - VALO360 - DEBUG - 自動保存已禁用，跳過配置保存
2025-08-06 18:41:21,912 - VALO360 - DEBUG - 自動保存已禁用，跳過配置保存
2025-08-06 18:41:21,914 - VALO360 - DEBUG - 自動保存已禁用，跳過配置保存
2025-08-06 18:41:21,916 - VALO360 - DEBUG - 自動保存已禁用，跳過配置保存
2025-08-06 18:41:21,916 - VALO360 - DEBUG - 自動保存已禁用，跳過配置保存
2025-08-06 18:41:21,916 - VALO360 - DEBUG - 自動保存已禁用，跳過配置保存
2025-08-06 18:41:21,918 - VALO360 - DEBUG - 自動保存已禁用，跳過配置保存
2025-08-06 18:41:21,920 - VALO360 - DEBUG - 自動保存已禁用，跳過配置保存
2025-08-06 18:41:21,920 - VALO360 - DEBUG - 自動保存已禁用，跳過配置保存
2025-08-06 18:41:21,920 - VALO360 - DEBUG - 自動保存已禁用，跳過配置保存
2025-08-06 18:41:21,920 - VALO360 - DEBUG - 自動保存已禁用，跳過配置保存
2025-08-06 18:41:21,924 - VALO360 - DEBUG - 自動保存已禁用，跳過配置保存
2025-08-06 18:41:21,924 - VALO360 - DEBUG - 自動保存已禁用，跳過配置保存
2025-08-06 18:41:21,926 - VALO360 - DEBUG - 自動保存已禁用，跳過配置保存
2025-08-06 18:41:21,926 - VALO360 - DEBUG - 自動保存已禁用，跳過配置保存
2025-08-06 18:41:21,929 - VALO360 - DEBUG - 自動保存已禁用，跳過配置保存
2025-08-06 18:41:21,929 - VALO360 - DEBUG - 自動保存已禁用，跳過配置保存
2025-08-06 18:41:21,929 - VALO360 - DEBUG - 自動保存已禁用，跳過配置保存
2025-08-06 18:41:21,930 - VALO360 - DEBUG - 自動保存已禁用，跳過配置保存
2025-08-06 18:41:21,932 - VALO360 - DEBUG - 自動保存已禁用，跳過配置保存
2025-08-06 18:41:21,932 - VALO360 - DEBUG - 自動保存已禁用，跳過配置保存
2025-08-06 18:41:21,932 - VALO360 - DEBUG - 自動保存已禁用，跳過配置保存
2025-08-06 18:41:21,934 - VALO360 - DEBUG - 自動保存已禁用，跳過配置保存
2025-08-06 18:41:21,936 - VALO360 - DEBUG - 自動保存已禁用，跳過配置保存
2025-08-06 18:41:21,936 - VALO360 - DEBUG - 自動保存已禁用，跳過配置保存
2025-08-06 18:41:21,936 - VALO360 - DEBUG - 自動保存已禁用，跳過配置保存
2025-08-06 18:41:21,937 - VALO360 - DEBUG - 自動保存已禁用，跳過配置保存
2025-08-06 18:41:21,937 - VALO360 - DEBUG - 自動保存已禁用，跳過配置保存
2025-08-06 18:41:21,937 - VALO360 - DEBUG - 自動保存已禁用，跳過配置保存
2025-08-06 18:41:21,941 - VALO360 - DEBUG - 自動保存已禁用，跳過配置保存
2025-08-06 18:41:21,943 - VALO360 - DEBUG - 自動保存已禁用，跳過配置保存
2025-08-06 18:41:21,945 - VALO360 - DEBUG - 自動保存已禁用，跳過配置保存
2025-08-06 18:41:21,946 - VALO360 - DEBUG - 自動保存已禁用，跳過配置保存
2025-08-06 18:41:21,946 - VALO360 - DEBUG - 自動保存已禁用，跳過配置保存
2025-08-06 18:41:21,949 - VALO360 - DEBUG - 自動保存已禁用，跳過配置保存
2025-08-06 18:41:21,949 - VALO360 - DEBUG - 自動保存已禁用，跳過配置保存
2025-08-06 18:41:21,949 - VALO360 - DEBUG - 自動保存已禁用，跳過配置保存
2025-08-06 18:41:21,949 - VALO360 - DEBUG - 自動保存已禁用，跳過配置保存
2025-08-06 18:41:21,949 - VALO360 - DEBUG - 自動保存已禁用，跳過配置保存
2025-08-06 18:41:21,949 - VALO360 - DEBUG - 自動保存已禁用，跳過配置保存
2025-08-06 18:41:21,949 - VALO360 - DEBUG - 自動保存已禁用，跳過配置保存
2025-08-06 18:41:21,949 - VALO360 - DEBUG - 自動保存已禁用，跳過配置保存
2025-08-06 18:41:21,949 - VALO360 - DEBUG - 自動保存已禁用，跳過配置保存
2025-08-06 18:41:21,949 - VALO360 - DEBUG - 自動保存已禁用，跳過配置保存
2025-08-06 18:41:21,959 - VALO360 - DEBUG - 自動保存已禁用，跳過配置保存
2025-08-06 18:41:21,960 - VALO360 - DEBUG - 自動保存已禁用，跳過配置保存
2025-08-06 18:41:21,962 - VALO360 - DEBUG - 自動保存已禁用，跳過配置保存
2025-08-06 18:41:21,963 - VALO360 - DEBUG - 自動保存已禁用，跳過配置保存
2025-08-06 18:41:21,963 - VALO360 - DEBUG - 自動保存已禁用，跳過配置保存
2025-08-06 18:41:21,964 - VALO360 - DEBUG - 自動保存已禁用，跳過配置保存
2025-08-06 18:41:21,966 - VALO360 - DEBUG - 自動保存已禁用，跳過配置保存
2025-08-06 18:41:21,966 - VALO360 - DEBUG - 自動保存已禁用，跳過配置保存
2025-08-06 18:41:21,966 - VALO360 - DEBUG - 自動保存已禁用，跳過配置保存
2025-08-06 18:41:21,966 - VALO360 - DEBUG - 自動保存已禁用，跳過配置保存
2025-08-06 18:41:21,968 - VALO360 - DEBUG - 自動保存已禁用，跳過配置保存
2025-08-06 18:41:21,971 - VALO360 - DEBUG - 自動保存已禁用，跳過配置保存
2025-08-06 18:41:21,971 - VALO360 - DEBUG - 自動保存已禁用，跳過配置保存
2025-08-06 18:41:21,971 - VALO360 - DEBUG - 自動保存已禁用，跳過配置保存
2025-08-06 18:41:21,971 - VALO360 - DEBUG - 自動保存已禁用，跳過配置保存
2025-08-06 18:41:21,971 - VALO360 - DEBUG - 自動保存已禁用，跳過配置保存
2025-08-06 18:41:21,973 - VALO360 - DEBUG - 自動保存已禁用，跳過配置保存
2025-08-06 18:41:21,973 - VALO360 - DEBUG - 自動保存已禁用，跳過配置保存
2025-08-06 18:41:21,975 - VALO360 - DEBUG - 自動保存已禁用，跳過配置保存
2025-08-06 18:41:21,977 - VALO360 - DEBUG - 自動保存已禁用，跳過配置保存
2025-08-06 18:41:21,977 - VALO360 - DEBUG - 自動保存已禁用，跳過配置保存
2025-08-06 18:41:21,979 - VALO360 - DEBUG - 自動保存已禁用，跳過配置保存
2025-08-06 18:41:21,981 - VALO360 - DEBUG - 自動保存已禁用，跳過配置保存
2025-08-06 18:41:21,981 - VALO360 - DEBUG - 自動保存已禁用，跳過配置保存
2025-08-06 18:41:21,981 - VALO360 - DEBUG - 自動保存已禁用，跳過配置保存
2025-08-06 18:41:21,981 - VALO360 - DEBUG - 自動保存已禁用，跳過配置保存
2025-08-06 18:41:21,984 - VALO360 - DEBUG - 自動保存已禁用，跳過配置保存
2025-08-06 18:41:21,986 - VALO360 - DEBUG - 自動保存已禁用，跳過配置保存
2025-08-06 18:41:21,986 - VALO360 - DEBUG - 自動保存已禁用，跳過配置保存
2025-08-06 18:41:21,986 - VALO360 - DEBUG - 自動保存已禁用，跳過配置保存
2025-08-06 18:41:21,986 - VALO360 - DEBUG - 自動保存已禁用，跳過配置保存
2025-08-06 18:41:21,988 - VALO360 - DEBUG - 自動保存已禁用，跳過配置保存
2025-08-06 18:41:21,989 - VALO360 - DEBUG - 自動保存已禁用，跳過配置保存
2025-08-06 18:41:21,989 - VALO360 - DEBUG - 自動保存已禁用，跳過配置保存
2025-08-06 18:41:21,992 - VALO360 - DEBUG - 自動保存已禁用，跳過配置保存
2025-08-06 18:41:21,993 - VALO360 - DEBUG - 自動保存已禁用，跳過配置保存
2025-08-06 18:41:21,993 - VALO360 - DEBUG - 自動保存已禁用，跳過配置保存
2025-08-06 18:41:21,994 - VALO360 - DEBUG - 自動保存已禁用，跳過配置保存
2025-08-06 18:41:21,997 - VALO360 - DEBUG - 自動保存已禁用，跳過配置保存
2025-08-06 18:41:21,998 - VALO360 - DEBUG - 自動保存已禁用，跳過配置保存
2025-08-06 18:41:21,999 - VALO360 - DEBUG - 自動保存已禁用，跳過配置保存
2025-08-06 18:41:22,000 - VALO360 - DEBUG - 自動保存已禁用，跳過配置保存
2025-08-06 18:41:22,000 - VALO360 - DEBUG - 自動保存已禁用，跳過配置保存
2025-08-06 18:41:22,002 - VALO360 - DEBUG - 自動保存已禁用，跳過配置保存
2025-08-06 18:41:22,002 - VALO360 - DEBUG - 自動保存已禁用，跳過配置保存
2025-08-06 18:41:22,004 - VALO360 - DEBUG - 自動保存已禁用，跳過配置保存
2025-08-06 18:41:22,004 - VALO360 - DEBUG - 自動保存已禁用，跳過配置保存
2025-08-06 18:41:22,006 - VALO360 - DEBUG - 自動保存已禁用，跳過配置保存
2025-08-06 18:41:22,006 - VALO360 - DEBUG - 自動保存已禁用，跳過配置保存
2025-08-06 18:41:22,006 - VALO360 - DEBUG - 自動保存已禁用，跳過配置保存
2025-08-06 18:41:22,010 - VALO360 - DEBUG - 自動保存已禁用，跳過配置保存
2025-08-06 18:41:22,012 - VALO360 - DEBUG - 自動保存已禁用，跳過配置保存
2025-08-06 18:41:22,012 - VALO360 - DEBUG - 自動保存已禁用，跳過配置保存
2025-08-06 18:41:22,014 - VALO360 - DEBUG - 自動保存已禁用，跳過配置保存
2025-08-06 18:41:22,016 - VALO360 - DEBUG - 自動保存已禁用，跳過配置保存
2025-08-06 18:41:22,016 - VALO360 - DEBUG - 自動保存已禁用，跳過配置保存
2025-08-06 18:41:22,018 - VALO360 - DEBUG - 自動保存已禁用，跳過配置保存
2025-08-06 18:41:22,018 - VALO360 - DEBUG - 自動保存已禁用，跳過配置保存
2025-08-06 18:41:22,020 - VALO360 - DEBUG - 自動保存已禁用，跳過配置保存
2025-08-06 18:41:22,021 - VALO360 - DEBUG - 自動保存已禁用，跳過配置保存
2025-08-06 18:41:22,021 - VALO360 - DEBUG - 自動保存已禁用，跳過配置保存
2025-08-06 18:41:22,021 - VALO360 - DEBUG - 自動保存已禁用，跳過配置保存
2025-08-06 18:41:22,024 - VALO360 - DEBUG - 自動保存已禁用，跳過配置保存
2025-08-06 18:41:22,026 - VALO360 - DEBUG - 自動保存已禁用，跳過配置保存
2025-08-06 18:41:22,026 - VALO360 - DEBUG - 自動保存已禁用，跳過配置保存
2025-08-06 18:41:22,028 - VALO360 - DEBUG - 自動保存已禁用，跳過配置保存
2025-08-06 18:41:22,030 - VALO360 - DEBUG - 自動保存已禁用，跳過配置保存
2025-08-06 18:41:22,030 - VALO360 - DEBUG - 自動保存已禁用，跳過配置保存
2025-08-06 18:41:22,033 - VALO360 - DEBUG - 自動保存已禁用，跳過配置保存
2025-08-06 18:41:22,033 - VALO360 - DEBUG - 自動保存已禁用，跳過配置保存
2025-08-06 18:41:22,033 - VALO360 - DEBUG - 自動保存已禁用，跳過配置保存
2025-08-06 18:41:22,033 - VALO360 - DEBUG - 自動保存已禁用，跳過配置保存
2025-08-06 18:41:22,033 - VALO360 - DEBUG - 自動保存已禁用，跳過配置保存
2025-08-06 18:41:22,033 - VALO360 - DEBUG - 自動保存已禁用，跳過配置保存
2025-08-06 18:41:22,033 - VALO360 - DEBUG - 自動保存已禁用，跳過配置保存
2025-08-06 18:41:22,041 - VALO360 - DEBUG - 自動保存已禁用，跳過配置保存
2025-08-06 18:41:22,041 - VALO360 - DEBUG - 自動保存已禁用，跳過配置保存
2025-08-06 18:41:22,043 - VALO360 - DEBUG - 自動保存已禁用，跳過配置保存
2025-08-06 18:41:22,045 - VALO360 - DEBUG - 自動保存已禁用，跳過配置保存
2025-08-06 18:41:22,047 - VALO360 - DEBUG - 自動保存已禁用，跳過配置保存
2025-08-06 18:41:22,049 - VALO360 - DEBUG - 自動保存已禁用，跳過配置保存
2025-08-06 18:41:22,049 - VALO360 - DEBUG - 自動保存已禁用，跳過配置保存
2025-08-06 18:41:22,050 - VALO360 - DEBUG - 自動保存已禁用，跳過配置保存
2025-08-06 18:41:22,050 - VALO360 - DEBUG - 自動保存已禁用，跳過配置保存
2025-08-06 18:41:22,050 - VALO360 - DEBUG - 自動保存已禁用，跳過配置保存
2025-08-06 18:41:22,052 - VALO360 - DEBUG - 自動保存已禁用，跳過配置保存
2025-08-06 18:41:22,052 - VALO360 - DEBUG - 自動保存已禁用，跳過配置保存
2025-08-06 18:41:22,054 - VALO360 - DEBUG - 自動保存已禁用，跳過配置保存
2025-08-06 18:41:22,054 - VALO360 - DEBUG - 自動保存已禁用，跳過配置保存
2025-08-06 18:41:22,054 - VALO360 - DEBUG - 自動保存已禁用，跳過配置保存
2025-08-06 18:41:22,058 - VALO360 - DEBUG - 自動保存已禁用，跳過配置保存
2025-08-06 18:41:22,058 - VALO360 - DEBUG - 自動保存已禁用，跳過配置保存
2025-08-06 18:41:22,058 - VALO360 - DEBUG - 自動保存已禁用，跳過配置保存
2025-08-06 18:41:22,061 - VALO360 - DEBUG - 自動保存已禁用，跳過配置保存
2025-08-06 18:41:22,063 - VALO360 - DEBUG - 自動保存已禁用，跳過配置保存
2025-08-06 18:41:22,064 - VALO360 - DEBUG - 自動保存已禁用，跳過配置保存
2025-08-06 18:41:22,064 - VALO360 - DEBUG - 自動保存已禁用，跳過配置保存
2025-08-06 18:41:22,064 - VALO360 - DEBUG - 自動保存已禁用，跳過配置保存
2025-08-06 18:41:22,066 - VALO360 - DEBUG - 自動保存已禁用，跳過配置保存
2025-08-06 18:41:22,066 - VALO360 - DEBUG - 自動保存已禁用，跳過配置保存
2025-08-06 18:41:22,068 - VALO360 - DEBUG - 自動保存已禁用，跳過配置保存
2025-08-06 18:41:22,068 - VALO360 - DEBUG - 自動保存已禁用，跳過配置保存
2025-08-06 18:41:22,068 - VALO360 - DEBUG - 自動保存已禁用，跳過配置保存
2025-08-06 18:41:22,071 - VALO360 - DEBUG - 自動保存已禁用，跳過配置保存
2025-08-06 18:41:22,071 - VALO360 - DEBUG - 自動保存已禁用，跳過配置保存
2025-08-06 18:41:22,071 - VALO360 - DEBUG - 自動保存已禁用，跳過配置保存
2025-08-06 18:41:22,071 - VALO360 - DEBUG - 自動保存已禁用，跳過配置保存
2025-08-06 18:41:22,075 - VALO360 - DEBUG - 自動保存已禁用，跳過配置保存
2025-08-06 18:41:22,075 - VALO360 - DEBUG - 自動保存已禁用，跳過配置保存
2025-08-06 18:41:22,075 - VALO360 - DEBUG - 自動保存已禁用，跳過配置保存
2025-08-06 18:41:22,079 - VALO360 - DEBUG - 自動保存已禁用，跳過配置保存
2025-08-06 18:41:22,079 - VALO360 - DEBUG - 自動保存已禁用，跳過配置保存
2025-08-06 18:41:22,081 - VALO360 - DEBUG - 自動保存已禁用，跳過配置保存
2025-08-06 18:41:22,081 - VALO360 - DEBUG - 自動保存已禁用，跳過配置保存
2025-08-06 18:41:22,083 - VALO360 - DEBUG - 自動保存已禁用，跳過配置保存
2025-08-06 18:41:22,085 - VALO360 - DEBUG - 自動保存已禁用，跳過配置保存
2025-08-06 18:41:22,085 - VALO360 - DEBUG - 自動保存已禁用，跳過配置保存
2025-08-06 18:41:22,085 - VALO360 - DEBUG - 自動保存已禁用，跳過配置保存
2025-08-06 18:41:22,085 - VALO360 - DEBUG - 自動保存已禁用，跳過配置保存
2025-08-06 18:41:22,085 - VALO360 - DEBUG - 自動保存已禁用，跳過配置保存
2025-08-06 18:41:22,088 - VALO360 - DEBUG - 自動保存已禁用，跳過配置保存
2025-08-06 18:41:22,088 - VALO360 - DEBUG - 自動保存已禁用，跳過配置保存
2025-08-06 18:41:22,088 - VALO360 - DEBUG - 自動保存已禁用，跳過配置保存
2025-08-06 18:41:22,088 - VALO360 - DEBUG - 自動保存已禁用，跳過配置保存
2025-08-06 18:41:22,091 - VALO360 - DEBUG - 自動保存已禁用，跳過配置保存
2025-08-06 18:41:22,092 - VALO360 - DEBUG - 自動保存已禁用，跳過配置保存
2025-08-06 18:41:22,094 - VALO360 - DEBUG - 自動保存已禁用，跳過配置保存
2025-08-06 18:41:22,095 - VALO360 - DEBUG - 自動保存已禁用，跳過配置保存
2025-08-06 18:41:22,095 - VALO360 - DEBUG - 自動保存已禁用，跳過配置保存
2025-08-06 18:41:22,095 - VALO360 - DEBUG - 自動保存已禁用，跳過配置保存
2025-08-06 18:41:22,099 - VALO360 - DEBUG - 自動保存已禁用，跳過配置保存
2025-08-06 18:41:22,099 - VALO360 - DEBUG - 自動保存已禁用，跳過配置保存
2025-08-06 18:41:22,099 - VALO360 - DEBUG - 自動保存已禁用，跳過配置保存
2025-08-06 18:41:22,099 - VALO360 - DEBUG - 自動保存已禁用，跳過配置保存
2025-08-06 18:41:22,101 - VALO360 - DEBUG - 自動保存已禁用，跳過配置保存
2025-08-06 18:41:22,103 - VALO360 - DEBUG - 自動保存已禁用，跳過配置保存
2025-08-06 18:41:22,103 - VALO360 - DEBUG - 自動保存已禁用，跳過配置保存
2025-08-06 18:41:22,103 - VALO360 - DEBUG - 自動保存已禁用，跳過配置保存
2025-08-06 18:41:22,103 - VALO360 - DEBUG - 自動保存已禁用，跳過配置保存
2025-08-06 18:41:22,107 - VALO360 - DEBUG - 自動保存已禁用，跳過配置保存
2025-08-06 18:41:22,107 - VALO360 - DEBUG - 自動保存已禁用，跳過配置保存
2025-08-06 18:41:22,109 - VALO360 - DEBUG - 自動保存已禁用，跳過配置保存
2025-08-06 18:41:22,167 - VALO360 - DEBUG - 自動保存已禁用，跳過配置保存
2025-08-06 18:41:22,167 - VALO360 - DEBUG - 自動保存已禁用，跳過配置保存
2025-08-06 18:41:22,167 - VALO360 - DEBUG - 自動保存已禁用，跳過配置保存
2025-08-06 18:41:22,167 - VALO360 - DEBUG - 自動保存已禁用，跳過配置保存
2025-08-06 18:41:22,170 - VALO360 - DEBUG - 自動保存已禁用，跳過配置保存
2025-08-06 18:41:22,171 - VALO360 - DEBUG - 自動保存已禁用，跳過配置保存
2025-08-06 18:41:22,171 - VALO360 - DEBUG - 自動保存已禁用，跳過配置保存
2025-08-06 18:41:22,171 - VALO360 - DEBUG - 自動保存已禁用，跳過配置保存
2025-08-06 18:41:22,185 - VALO360 - DEBUG - 自動保存已禁用，跳過配置保存
2025-08-06 18:41:22,185 - VALO360 - DEBUG - 自動保存已禁用，跳過配置保存
2025-08-06 18:41:22,185 - VALO360 - DEBUG - 自動保存已禁用，跳過配置保存
2025-08-06 18:41:22,185 - VALO360 - DEBUG - 自動保存已禁用，跳過配置保存
2025-08-06 18:41:22,191 - VALO360 - DEBUG - 自動保存已禁用，跳過配置保存
2025-08-06 18:41:22,193 - VALO360 - DEBUG - 自動保存已禁用，跳過配置保存
2025-08-06 18:41:22,195 - VALO360 - DEBUG - 自動保存已禁用，跳過配置保存
2025-08-06 18:41:22,196 - VALO360 - DEBUG - 自動保存已禁用，跳過配置保存
2025-08-06 18:41:22,205 - VALO360 - DEBUG - 自動保存已禁用，跳過配置保存
2025-08-06 18:41:22,206 - VALO360 - DEBUG - 自動保存已禁用，跳過配置保存
2025-08-06 18:41:22,206 - VALO360 - DEBUG - 自動保存已禁用，跳過配置保存
2025-08-06 18:41:22,209 - VALO360 - DEBUG - 自動保存已禁用，跳過配置保存
2025-08-06 18:41:22,209 - VALO360 - DEBUG - 自動保存已禁用，跳過配置保存
2025-08-06 18:41:22,211 - VALO360 - DEBUG - 自動保存已禁用，跳過配置保存
2025-08-06 18:41:22,213 - VALO360 - DEBUG - 自動保存已禁用，跳過配置保存
2025-08-06 18:41:22,213 - VALO360 - DEBUG - 自動保存已禁用，跳過配置保存
2025-08-06 18:41:22,243 - VALO360 - DEBUG - 自動保存已禁用，跳過配置保存
2025-08-06 18:41:22,245 - VALO360 - DEBUG - 自動保存已禁用，跳過配置保存
2025-08-06 18:41:22,247 - VALO360 - DEBUG - 自動保存已禁用，跳過配置保存
2025-08-06 18:41:22,248 - VALO360 - DEBUG - 自動保存已禁用，跳過配置保存
2025-08-06 18:41:22,257 - VALO360 - DEBUG - 自動保存已禁用，跳過配置保存
2025-08-06 18:41:22,259 - VALO360 - DEBUG - 自動保存已禁用，跳過配置保存
2025-08-06 18:41:22,261 - VALO360 - DEBUG - 自動保存已禁用，跳過配置保存
2025-08-06 18:41:22,262 - VALO360 - DEBUG - 自動保存已禁用，跳過配置保存
2025-08-06 18:41:22,266 - VALO360 - DEBUG - 自動保存已禁用，跳過配置保存
2025-08-06 18:41:22,266 - VALO360 - DEBUG - 自動保存已禁用，跳過配置保存
2025-08-06 18:41:22,268 - VALO360 - DEBUG - 自動保存已禁用，跳過配置保存
2025-08-06 18:41:22,268 - VALO360 - DEBUG - 自動保存已禁用，跳過配置保存
2025-08-06 18:41:22,672 - VALO360 - DEBUG - 自動保存已禁用，跳過配置保存
2025-08-06 18:41:22,674 - VALO360 - DEBUG - 自動保存已禁用，跳過配置保存
2025-08-06 18:41:22,676 - VALO360 - DEBUG - 自動保存已禁用，跳過配置保存
2025-08-06 18:41:22,676 - VALO360 - DEBUG - 自動保存已禁用，跳過配置保存
2025-08-06 18:41:22,682 - VALO360 - DEBUG - 自動保存已禁用，跳過配置保存
2025-08-06 18:41:22,682 - VALO360 - DEBUG - 自動保存已禁用，跳過配置保存
2025-08-06 18:41:22,682 - VALO360 - DEBUG - 自動保存已禁用，跳過配置保存
2025-08-06 18:41:22,682 - VALO360 - DEBUG - 自動保存已禁用，跳過配置保存
2025-08-06 18:41:22,704 - VALO360 - DEBUG - 自動保存已禁用，跳過配置保存
2025-08-06 18:41:22,704 - VALO360 - DEBUG - 自動保存已禁用，跳過配置保存
2025-08-06 18:41:22,704 - VALO360 - DEBUG - 自動保存已禁用，跳過配置保存
2025-08-06 18:41:22,706 - VALO360 - DEBUG - 自動保存已禁用，跳過配置保存
2025-08-06 18:41:22,731 - VALO360 - DEBUG - 自動保存已禁用，跳過配置保存
2025-08-06 18:41:22,735 - VALO360 - DEBUG - 自動保存已禁用，跳過配置保存
2025-08-06 18:41:22,735 - VALO360 - DEBUG - 自動保存已禁用，跳過配置保存
2025-08-06 18:41:22,735 - VALO360 - DEBUG - 自動保存已禁用，跳過配置保存
2025-08-06 18:41:22,742 - VALO360 - DEBUG - 自動保存已禁用，跳過配置保存
2025-08-06 18:41:22,742 - VALO360 - DEBUG - 自動保存已禁用，跳過配置保存
2025-08-06 18:41:22,744 - VALO360 - DEBUG - 自動保存已禁用，跳過配置保存
2025-08-06 18:41:22,744 - VALO360 - DEBUG - 自動保存已禁用，跳過配置保存
2025-08-06 18:41:22,752 - VALO360 - DEBUG - 自動保存已禁用，跳過配置保存
2025-08-06 18:41:22,754 - VALO360 - DEBUG - 自動保存已禁用，跳過配置保存
2025-08-06 18:41:22,754 - VALO360 - DEBUG - 自動保存已禁用，跳過配置保存
2025-08-06 18:41:22,754 - VALO360 - DEBUG - 自動保存已禁用，跳過配置保存
2025-08-06 18:41:22,761 - VALO360 - DEBUG - 自動保存已禁用，跳過配置保存
2025-08-06 18:41:22,762 - VALO360 - DEBUG - 自動保存已禁用，跳過配置保存
2025-08-06 18:41:22,762 - VALO360 - DEBUG - 自動保存已禁用，跳過配置保存
2025-08-06 18:41:22,764 - VALO360 - DEBUG - 自動保存已禁用，跳過配置保存
2025-08-06 18:41:22,771 - VALO360 - DEBUG - 自動保存已禁用，跳過配置保存
2025-08-06 18:41:22,771 - VALO360 - DEBUG - 自動保存已禁用，跳過配置保存
2025-08-06 18:41:22,773 - VALO360 - DEBUG - 自動保存已禁用，跳過配置保存
2025-08-06 18:41:22,775 - VALO360 - DEBUG - 自動保存已禁用，跳過配置保存
2025-08-06 18:41:22,780 - VALO360 - DEBUG - 自動保存已禁用，跳過配置保存
2025-08-06 18:41:22,780 - VALO360 - DEBUG - 自動保存已禁用，跳過配置保存
2025-08-06 18:41:22,781 - VALO360 - DEBUG - 自動保存已禁用，跳過配置保存
2025-08-06 18:41:22,781 - VALO360 - DEBUG - 自動保存已禁用，跳過配置保存
2025-08-06 18:41:22,784 - VALO360 - DEBUG - 自動保存已禁用，跳過配置保存
2025-08-06 18:41:22,784 - VALO360 - DEBUG - 自動保存已禁用，跳過配置保存
2025-08-06 18:41:22,787 - VALO360 - DEBUG - 自動保存已禁用，跳過配置保存
2025-08-06 18:41:22,787 - VALO360 - DEBUG - 自動保存已禁用，跳過配置保存
2025-08-06 18:41:22,835 - VALO360 - DEBUG - 自動保存已禁用，跳過配置保存
2025-08-06 18:41:22,835 - VALO360 - DEBUG - 自動保存已禁用，跳過配置保存
2025-08-06 18:41:22,835 - VALO360 - DEBUG - 自動保存已禁用，跳過配置保存
2025-08-06 18:41:22,836 - VALO360 - DEBUG - 自動保存已禁用，跳過配置保存
2025-08-06 18:41:22,847 - VALO360 - DEBUG - 自動保存已禁用，跳過配置保存
2025-08-06 18:41:22,847 - VALO360 - DEBUG - 自動保存已禁用，跳過配置保存
2025-08-06 18:41:22,849 - VALO360 - DEBUG - 自動保存已禁用，跳過配置保存
2025-08-06 18:41:22,849 - VALO360 - DEBUG - 自動保存已禁用，跳過配置保存
2025-08-06 18:41:22,855 - VALO360 - DEBUG - 自動保存已禁用，跳過配置保存
2025-08-06 18:41:22,857 - VALO360 - DEBUG - 自動保存已禁用，跳過配置保存
2025-08-06 18:41:22,859 - VALO360 - DEBUG - 自動保存已禁用，跳過配置保存
2025-08-06 18:41:22,861 - VALO360 - DEBUG - 自動保存已禁用，跳過配置保存
2025-08-06 18:41:22,869 - VALO360 - DEBUG - 自動保存已禁用，跳過配置保存
2025-08-06 18:41:22,870 - VALO360 - DEBUG - 自動保存已禁用，跳過配置保存
2025-08-06 18:41:22,870 - VALO360 - DEBUG - 自動保存已禁用，跳過配置保存
2025-08-06 18:41:22,871 - VALO360 - DEBUG - 自動保存已禁用，跳過配置保存
2025-08-06 18:41:22,881 - VALO360 - DEBUG - 自動保存已禁用，跳過配置保存
2025-08-06 18:41:22,882 - VALO360 - DEBUG - 自動保存已禁用，跳過配置保存
2025-08-06 18:41:22,883 - VALO360 - DEBUG - 自動保存已禁用，跳過配置保存
2025-08-06 18:41:22,884 - VALO360 - DEBUG - 自動保存已禁用，跳過配置保存
2025-08-06 18:41:22,887 - VALO360 - DEBUG - 自動保存已禁用，跳過配置保存
2025-08-06 18:41:22,889 - VALO360 - DEBUG - 自動保存已禁用，跳過配置保存
2025-08-06 18:41:22,889 - VALO360 - DEBUG - 自動保存已禁用，跳過配置保存
2025-08-06 18:41:22,890 - VALO360 - DEBUG - 自動保存已禁用，跳過配置保存
2025-08-06 18:41:22,937 - VALO360 - DEBUG - 自動保存已禁用，跳過配置保存
2025-08-06 18:41:22,937 - VALO360 - DEBUG - 自動保存已禁用，跳過配置保存
2025-08-06 18:41:22,937 - VALO360 - DEBUG - 自動保存已禁用，跳過配置保存
2025-08-06 18:41:22,939 - VALO360 - DEBUG - 自動保存已禁用，跳過配置保存
2025-08-06 18:41:22,945 - VALO360 - DEBUG - 自動保存已禁用，跳過配置保存
2025-08-06 18:41:22,947 - VALO360 - DEBUG - 自動保存已禁用，跳過配置保存
2025-08-06 18:41:22,947 - VALO360 - DEBUG - 自動保存已禁用，跳過配置保存
2025-08-06 18:41:22,949 - VALO360 - DEBUG - 自動保存已禁用，跳過配置保存
2025-08-06 18:41:22,956 - VALO360 - DEBUG - 自動保存已禁用，跳過配置保存
2025-08-06 18:41:22,958 - VALO360 - DEBUG - 自動保存已禁用，跳過配置保存
2025-08-06 18:41:22,958 - VALO360 - DEBUG - 自動保存已禁用，跳過配置保存
2025-08-06 18:41:22,960 - VALO360 - DEBUG - 自動保存已禁用，跳過配置保存
2025-08-06 18:41:22,966 - VALO360 - DEBUG - 自動保存已禁用，跳過配置保存
2025-08-06 18:41:22,966 - VALO360 - DEBUG - 自動保存已禁用，跳過配置保存
2025-08-06 18:41:22,968 - VALO360 - DEBUG - 自動保存已禁用，跳過配置保存
2025-08-06 18:41:22,968 - VALO360 - DEBUG - 自動保存已禁用，跳過配置保存
2025-08-06 18:41:22,972 - VALO360 - DEBUG - 自動保存已禁用，跳過配置保存
2025-08-06 18:41:22,974 - VALO360 - DEBUG - 自動保存已禁用，跳過配置保存
2025-08-06 18:41:22,976 - VALO360 - DEBUG - 自動保存已禁用，跳過配置保存
2025-08-06 18:41:22,977 - VALO360 - DEBUG - 自動保存已禁用，跳過配置保存
2025-08-06 18:41:22,985 - VALO360 - DEBUG - 自動保存已禁用，跳過配置保存
2025-08-06 18:41:22,985 - VALO360 - DEBUG - 自動保存已禁用，跳過配置保存
2025-08-06 18:41:22,987 - VALO360 - DEBUG - 自動保存已禁用，跳過配置保存
2025-08-06 18:41:22,987 - VALO360 - DEBUG - 自動保存已禁用，跳過配置保存
2025-08-06 18:41:23,029 - VALO360 - DEBUG - 自動保存已禁用，跳過配置保存
2025-08-06 18:41:23,031 - VALO360 - DEBUG - 自動保存已禁用，跳過配置保存
2025-08-06 18:41:23,032 - VALO360 - DEBUG - 自動保存已禁用，跳過配置保存
2025-08-06 18:41:23,032 - VALO360 - DEBUG - 自動保存已禁用，跳過配置保存
2025-08-06 18:41:23,032 - VALO360 - DEBUG - 自動保存已禁用，跳過配置保存
2025-08-06 18:41:23,036 - VALO360 - DEBUG - 自動保存已禁用，跳過配置保存
2025-08-06 18:41:23,036 - VALO360 - DEBUG - 自動保存已禁用，跳過配置保存
2025-08-06 18:41:23,036 - VALO360 - DEBUG - 自動保存已禁用，跳過配置保存
2025-08-06 18:41:23,038 - VALO360 - DEBUG - 自動保存已禁用，跳過配置保存
2025-08-06 18:41:23,040 - VALO360 - DEBUG - 自動保存已禁用，跳過配置保存
2025-08-06 18:41:23,041 - VALO360 - DEBUG - 自動保存已禁用，跳過配置保存
2025-08-06 18:41:23,042 - VALO360 - DEBUG - 自動保存已禁用，跳過配置保存
2025-08-06 18:41:23,046 - VALO360 - DEBUG - 自動保存已禁用，跳過配置保存
2025-08-06 18:41:23,047 - VALO360 - DEBUG - 自動保存已禁用，跳過配置保存
2025-08-06 18:41:23,049 - VALO360 - DEBUG - 自動保存已禁用，跳過配置保存
2025-08-06 18:41:23,051 - VALO360 - DEBUG - 自動保存已禁用，跳過配置保存
2025-08-06 18:41:23,053 - VALO360 - DEBUG - 自動保存已禁用，跳過配置保存
2025-08-06 18:41:23,053 - VALO360 - DEBUG - 自動保存已禁用，跳過配置保存
2025-08-06 18:41:23,053 - VALO360 - DEBUG - 自動保存已禁用，跳過配置保存
2025-08-06 18:41:23,053 - VALO360 - DEBUG - 自動保存已禁用，跳過配置保存
2025-08-06 18:41:23,058 - VALO360 - DEBUG - 自動保存已禁用，跳過配置保存
2025-08-06 18:41:23,058 - VALO360 - DEBUG - 自動保存已禁用，跳過配置保存
2025-08-06 18:41:23,061 - VALO360 - DEBUG - 自動保存已禁用，跳過配置保存
2025-08-06 18:41:23,063 - VALO360 - DEBUG - 自動保存已禁用，跳過配置保存
2025-08-06 18:41:23,065 - VALO360 - DEBUG - 自動保存已禁用，跳過配置保存
2025-08-06 18:41:23,066 - VALO360 - DEBUG - 自動保存已禁用，跳過配置保存
2025-08-06 18:41:23,067 - VALO360 - DEBUG - 自動保存已禁用，跳過配置保存
2025-08-06 18:41:23,067 - VALO360 - DEBUG - 自動保存已禁用，跳過配置保存
2025-08-06 18:41:23,079 - VALO360 - DEBUG - 自動保存已禁用，跳過配置保存
2025-08-06 18:41:23,079 - VALO360 - DEBUG - 自動保存已禁用，跳過配置保存
2025-08-06 18:41:23,081 - VALO360 - DEBUG - 自動保存已禁用，跳過配置保存
2025-08-06 18:41:23,083 - VALO360 - DEBUG - 自動保存已禁用，跳過配置保存
2025-08-06 18:41:23,085 - VALO360 - DEBUG - 自動保存已禁用，跳過配置保存
2025-08-06 18:41:23,085 - VALO360 - DEBUG - 自動保存已禁用，跳過配置保存
2025-08-06 18:41:23,087 - VALO360 - DEBUG - 自動保存已禁用，跳過配置保存
2025-08-06 18:41:23,087 - VALO360 - DEBUG - 自動保存已禁用，跳過配置保存
2025-08-06 18:41:23,096 - VALO360 - DEBUG - 自動保存已禁用，跳過配置保存
2025-08-06 18:41:23,096 - VALO360 - DEBUG - 自動保存已禁用，跳過配置保存
2025-08-06 18:41:23,098 - VALO360 - DEBUG - 自動保存已禁用，跳過配置保存
2025-08-06 18:41:23,099 - VALO360 - DEBUG - 自動保存已禁用，跳過配置保存
2025-08-06 18:41:23,110 - VALO360 - DEBUG - 自動保存已禁用，跳過配置保存
2025-08-06 18:41:23,110 - VALO360 - DEBUG - 自動保存已禁用，跳過配置保存
2025-08-06 18:41:23,110 - VALO360 - DEBUG - 自動保存已禁用，跳過配置保存
2025-08-06 18:41:23,113 - VALO360 - DEBUG - 自動保存已禁用，跳過配置保存
2025-08-06 18:41:23,117 - VALO360 - DEBUG - 自動保存已禁用，跳過配置保存
2025-08-06 18:41:23,119 - VALO360 - DEBUG - 自動保存已禁用，跳過配置保存
2025-08-06 18:41:23,119 - VALO360 - DEBUG - 自動保存已禁用，跳過配置保存
2025-08-06 18:41:23,119 - VALO360 - DEBUG - 自動保存已禁用，跳過配置保存
2025-08-06 18:41:23,126 - VALO360 - DEBUG - 自動保存已禁用，跳過配置保存
2025-08-06 18:41:23,128 - VALO360 - DEBUG - 自動保存已禁用，跳過配置保存
2025-08-06 18:41:23,130 - VALO360 - DEBUG - 自動保存已禁用，跳過配置保存
2025-08-06 18:41:23,130 - VALO360 - DEBUG - 自動保存已禁用，跳過配置保存
2025-08-06 18:41:23,134 - VALO360 - DEBUG - 自動保存已禁用，跳過配置保存
2025-08-06 18:41:23,135 - VALO360 - DEBUG - 自動保存已禁用，跳過配置保存
2025-08-06 18:41:23,135 - VALO360 - DEBUG - 自動保存已禁用，跳過配置保存
2025-08-06 18:41:23,137 - VALO360 - DEBUG - 自動保存已禁用，跳過配置保存
2025-08-06 18:41:23,150 - VALO360 - DEBUG - 自動保存已禁用，跳過配置保存
2025-08-06 18:41:23,150 - VALO360 - DEBUG - 自動保存已禁用，跳過配置保存
2025-08-06 18:41:23,152 - VALO360 - DEBUG - 自動保存已禁用，跳過配置保存
2025-08-06 18:41:23,152 - VALO360 - DEBUG - 自動保存已禁用，跳過配置保存
2025-08-06 18:41:23,161 - VALO360 - DEBUG - 自動保存已禁用，跳過配置保存
2025-08-06 18:41:23,162 - VALO360 - DEBUG - 自動保存已禁用，跳過配置保存
2025-08-06 18:41:23,163 - VALO360 - DEBUG - 自動保存已禁用，跳過配置保存
2025-08-06 18:41:23,165 - VALO360 - DEBUG - 自動保存已禁用，跳過配置保存
2025-08-06 18:41:23,168 - VALO360 - DEBUG - 自動保存已禁用，跳過配置保存
2025-08-06 18:41:23,169 - VALO360 - DEBUG - 自動保存已禁用，跳過配置保存
2025-08-06 18:41:23,169 - VALO360 - DEBUG - 自動保存已禁用，跳過配置保存
2025-08-06 18:41:23,169 - VALO360 - DEBUG - 自動保存已禁用，跳過配置保存
2025-08-06 18:41:23,171 - VALO360 - DEBUG - 自動保存已禁用，跳過配置保存
2025-08-06 18:41:23,171 - VALO360 - DEBUG - 自動保存已禁用，跳過配置保存
2025-08-06 18:41:23,174 - VALO360 - DEBUG - 自動保存已禁用，跳過配置保存
2025-08-06 18:41:23,176 - VALO360 - DEBUG - 自動保存已禁用，跳過配置保存
2025-08-06 18:41:23,177 - VALO360 - DEBUG - 自動保存已禁用，跳過配置保存
2025-08-06 18:41:23,177 - VALO360 - DEBUG - 自動保存已禁用，跳過配置保存
2025-08-06 18:41:23,177 - VALO360 - DEBUG - 自動保存已禁用，跳過配置保存
2025-08-06 18:41:23,181 - VALO360 - DEBUG - 自動保存已禁用，跳過配置保存
2025-08-06 18:41:23,207 - VALO360 - DEBUG - 自動保存已禁用，跳過配置保存
2025-08-06 18:41:23,208 - VALO360 - DEBUG - 自動保存已禁用，跳過配置保存
2025-08-06 18:41:23,209 - VALO360 - DEBUG - 自動保存已禁用，跳過配置保存
2025-08-06 18:41:23,210 - VALO360 - DEBUG - 自動保存已禁用，跳過配置保存
2025-08-06 18:41:23,237 - VALO360 - DEBUG - 自動保存已禁用，跳過配置保存
2025-08-06 18:41:23,238 - VALO360 - DEBUG - 自動保存已禁用，跳過配置保存
2025-08-06 18:41:23,239 - VALO360 - DEBUG - 自動保存已禁用，跳過配置保存
2025-08-06 18:41:23,239 - VALO360 - DEBUG - 自動保存已禁用，跳過配置保存
2025-08-06 18:41:23,241 - VALO360 - DEBUG - 自動保存已禁用，跳過配置保存
2025-08-06 18:41:23,243 - VALO360 - DEBUG - 自動保存已禁用，跳過配置保存
2025-08-06 18:41:23,243 - VALO360 - DEBUG - 自動保存已禁用，跳過配置保存
2025-08-06 18:41:23,245 - VALO360 - DEBUG - 自動保存已禁用，跳過配置保存
2025-08-06 18:41:23,249 - VALO360 - DEBUG - 自動保存已禁用，跳過配置保存
2025-08-06 18:41:23,249 - VALO360 - DEBUG - 自動保存已禁用，跳過配置保存
2025-08-06 18:41:23,249 - VALO360 - DEBUG - 自動保存已禁用，跳過配置保存
2025-08-06 18:41:23,252 - VALO360 - DEBUG - 自動保存已禁用，跳過配置保存
2025-08-06 18:41:23,252 - VALO360 - DEBUG - 自動保存已禁用，跳過配置保存
2025-08-06 18:41:23,255 - VALO360 - DEBUG - 自動保存已禁用，跳過配置保存
2025-08-06 18:41:23,255 - VALO360 - DEBUG - 自動保存已禁用，跳過配置保存
2025-08-06 18:41:23,255 - VALO360 - DEBUG - 自動保存已禁用，跳過配置保存
2025-08-06 18:41:23,255 - VALO360 - DEBUG - 自動保存已禁用，跳過配置保存
2025-08-06 18:41:23,259 - VALO360 - DEBUG - 自動保存已禁用，跳過配置保存
2025-08-06 18:41:23,259 - VALO360 - DEBUG - 自動保存已禁用，跳過配置保存
2025-08-06 18:41:23,260 - VALO360 - DEBUG - 自動保存已禁用，跳過配置保存
2025-08-06 18:41:23,264 - VALO360 - DEBUG - 自動保存已禁用，跳過配置保存
2025-08-06 18:41:23,265 - VALO360 - DEBUG - 自動保存已禁用，跳過配置保存
2025-08-06 18:41:23,267 - VALO360 - DEBUG - 自動保存已禁用，跳過配置保存
2025-08-06 18:41:23,267 - VALO360 - DEBUG - 自動保存已禁用，跳過配置保存
2025-08-06 18:41:23,270 - VALO360 - DEBUG - 自動保存已禁用，跳過配置保存
2025-08-06 18:41:23,271 - VALO360 - DEBUG - 自動保存已禁用，跳過配置保存
2025-08-06 18:41:23,272 - VALO360 - DEBUG - 自動保存已禁用，跳過配置保存
2025-08-06 18:41:23,272 - VALO360 - DEBUG - 自動保存已禁用，跳過配置保存
2025-08-06 18:41:23,275 - VALO360 - DEBUG - 自動保存已禁用，跳過配置保存
2025-08-06 18:41:23,277 - VALO360 - DEBUG - 自動保存已禁用，跳過配置保存
2025-08-06 18:41:23,279 - VALO360 - DEBUG - 自動保存已禁用，跳過配置保存
2025-08-06 18:41:23,279 - VALO360 - DEBUG - 自動保存已禁用，跳過配置保存
2025-08-06 18:41:23,283 - VALO360 - DEBUG - 自動保存已禁用，跳過配置保存
2025-08-06 18:41:23,283 - VALO360 - DEBUG - 自動保存已禁用，跳過配置保存
2025-08-06 18:41:23,283 - VALO360 - DEBUG - 自動保存已禁用，跳過配置保存
2025-08-06 18:41:23,283 - VALO360 - DEBUG - 自動保存已禁用，跳過配置保存
2025-08-06 18:41:23,285 - VALO360 - DEBUG - 自動保存已禁用，跳過配置保存
2025-08-06 18:41:23,287 - VALO360 - DEBUG - 自動保存已禁用，跳過配置保存
2025-08-06 18:41:23,287 - VALO360 - DEBUG - 自動保存已禁用，跳過配置保存
2025-08-06 18:41:23,287 - VALO360 - DEBUG - 自動保存已禁用，跳過配置保存
2025-08-06 18:41:23,289 - VALO360 - DEBUG - 自動保存已禁用，跳過配置保存
2025-08-06 18:41:23,291 - VALO360 - DEBUG - 自動保存已禁用，跳過配置保存
2025-08-06 18:41:23,293 - VALO360 - DEBUG - 自動保存已禁用，跳過配置保存
2025-08-06 18:41:23,293 - VALO360 - DEBUG - 自動保存已禁用，跳過配置保存
2025-08-06 18:41:23,295 - VALO360 - DEBUG - 自動保存已禁用，跳過配置保存
2025-08-06 18:41:23,295 - VALO360 - DEBUG - 自動保存已禁用，跳過配置保存
2025-08-06 18:41:23,299 - VALO360 - DEBUG - 自動保存已禁用，跳過配置保存
2025-08-06 18:41:23,299 - VALO360 - DEBUG - 自動保存已禁用，跳過配置保存
2025-08-06 18:41:23,301 - VALO360 - DEBUG - 自動保存已禁用，跳過配置保存
2025-08-06 18:41:23,301 - VALO360 - DEBUG - 自動保存已禁用，跳過配置保存
2025-08-06 18:41:23,302 - VALO360 - DEBUG - 自動保存已禁用，跳過配置保存
2025-08-06 18:41:23,302 - VALO360 - DEBUG - 自動保存已禁用，跳過配置保存
2025-08-06 18:41:23,302 - VALO360 - DEBUG - 自動保存已禁用，跳過配置保存
2025-08-06 18:41:23,304 - VALO360 - DEBUG - 自動保存已禁用，跳過配置保存
2025-08-06 18:41:23,304 - VALO360 - DEBUG - 自動保存已禁用，跳過配置保存
2025-08-06 18:41:23,304 - VALO360 - DEBUG - 自動保存已禁用，跳過配置保存
2025-08-06 18:41:23,306 - VALO360 - DEBUG - 自動保存已禁用，跳過配置保存
2025-08-06 18:41:23,306 - VALO360 - DEBUG - 自動保存已禁用，跳過配置保存
2025-08-06 18:41:23,306 - VALO360 - DEBUG - 自動保存已禁用，跳過配置保存
2025-08-06 18:41:23,308 - VALO360 - DEBUG - 自動保存已禁用，跳過配置保存
2025-08-06 18:41:23,312 - VALO360 - DEBUG - 自動保存已禁用，跳過配置保存
2025-08-06 18:41:23,312 - VALO360 - DEBUG - 自動保存已禁用，跳過配置保存
2025-08-06 18:41:23,314 - VALO360 - DEBUG - 自動保存已禁用，跳過配置保存
2025-08-06 18:41:23,314 - VALO360 - DEBUG - 自動保存已禁用，跳過配置保存
2025-08-06 18:41:23,314 - VALO360 - DEBUG - 自動保存已禁用，跳過配置保存
2025-08-06 18:41:23,314 - VALO360 - DEBUG - 自動保存已禁用，跳過配置保存
2025-08-06 18:41:23,314 - VALO360 - DEBUG - 自動保存已禁用，跳過配置保存
2025-08-06 18:41:23,314 - VALO360 - DEBUG - 自動保存已禁用，跳過配置保存
2025-08-06 18:41:23,314 - VALO360 - DEBUG - 自動保存已禁用，跳過配置保存
2025-08-06 18:41:23,314 - VALO360 - DEBUG - 自動保存已禁用，跳過配置保存
2025-08-06 18:41:23,320 - VALO360 - DEBUG - 自動保存已禁用，跳過配置保存
2025-08-06 18:41:23,320 - VALO360 - DEBUG - 自動保存已禁用，跳過配置保存
2025-08-06 18:41:23,321 - VALO360 - DEBUG - 自動保存已禁用，跳過配置保存
2025-08-06 18:41:23,321 - VALO360 - DEBUG - 自動保存已禁用，跳過配置保存
2025-08-06 18:41:23,321 - VALO360 - DEBUG - 自動保存已禁用，跳過配置保存
2025-08-06 18:41:23,321 - VALO360 - DEBUG - 自動保存已禁用，跳過配置保存
2025-08-06 18:41:23,326 - VALO360 - DEBUG - 自動保存已禁用，跳過配置保存
2025-08-06 18:41:23,328 - VALO360 - DEBUG - 自動保存已禁用，跳過配置保存
2025-08-06 18:41:23,328 - VALO360 - DEBUG - 自動保存已禁用，跳過配置保存
2025-08-06 18:41:23,328 - VALO360 - DEBUG - 自動保存已禁用，跳過配置保存
2025-08-06 18:41:23,330 - VALO360 - DEBUG - 自動保存已禁用，跳過配置保存
2025-08-06 18:41:23,332 - VALO360 - DEBUG - 自動保存已禁用，跳過配置保存
2025-08-06 18:41:23,332 - VALO360 - DEBUG - 自動保存已禁用，跳過配置保存
2025-08-06 18:41:23,332 - VALO360 - DEBUG - 自動保存已禁用，跳過配置保存
2025-08-06 18:41:23,335 - VALO360 - DEBUG - 自動保存已禁用，跳過配置保存
2025-08-06 18:41:23,335 - VALO360 - DEBUG - 自動保存已禁用，跳過配置保存
2025-08-06 18:41:23,335 - VALO360 - DEBUG - 自動保存已禁用，跳過配置保存
2025-08-06 18:41:23,335 - VALO360 - DEBUG - 自動保存已禁用，跳過配置保存
2025-08-06 18:41:23,335 - VALO360 - DEBUG - 自動保存已禁用，跳過配置保存
2025-08-06 18:41:23,339 - VALO360 - DEBUG - 自動保存已禁用，跳過配置保存
2025-08-06 18:41:23,339 - VALO360 - DEBUG - 自動保存已禁用，跳過配置保存
2025-08-06 18:41:23,341 - VALO360 - DEBUG - 自動保存已禁用，跳過配置保存
2025-08-06 18:41:23,343 - VALO360 - DEBUG - 自動保存已禁用，跳過配置保存
2025-08-06 18:41:23,344 - VALO360 - DEBUG - 自動保存已禁用，跳過配置保存
2025-08-06 18:41:23,346 - VALO360 - DEBUG - 自動保存已禁用，跳過配置保存
2025-08-06 18:41:23,347 - VALO360 - DEBUG - 自動保存已禁用，跳過配置保存
2025-08-06 18:41:23,349 - VALO360 - DEBUG - 自動保存已禁用，跳過配置保存
2025-08-06 18:41:23,350 - VALO360 - DEBUG - 自動保存已禁用，跳過配置保存
2025-08-06 18:41:23,351 - VALO360 - DEBUG - 自動保存已禁用，跳過配置保存
2025-08-06 18:41:23,351 - VALO360 - DEBUG - 自動保存已禁用，跳過配置保存
2025-08-06 18:41:23,352 - VALO360 - DEBUG - 自動保存已禁用，跳過配置保存
2025-08-06 18:41:23,354 - VALO360 - DEBUG - 自動保存已禁用，跳過配置保存
2025-08-06 18:41:23,355 - VALO360 - DEBUG - 自動保存已禁用，跳過配置保存
2025-08-06 18:41:23,355 - VALO360 - DEBUG - 自動保存已禁用，跳過配置保存
2025-08-06 18:41:23,357 - VALO360 - DEBUG - 自動保存已禁用，跳過配置保存
2025-08-06 18:41:23,358 - VALO360 - DEBUG - 自動保存已禁用，跳過配置保存
2025-08-06 18:41:23,359 - VALO360 - DEBUG - 自動保存已禁用，跳過配置保存
2025-08-06 18:41:23,359 - VALO360 - DEBUG - 自動保存已禁用，跳過配置保存
2025-08-06 18:41:23,364 - VALO360 - DEBUG - 自動保存已禁用，跳過配置保存
2025-08-06 18:41:23,365 - VALO360 - DEBUG - 自動保存已禁用，跳過配置保存
2025-08-06 18:41:23,365 - VALO360 - DEBUG - 自動保存已禁用，跳過配置保存
2025-08-06 18:41:23,366 - VALO360 - DEBUG - 自動保存已禁用，跳過配置保存
2025-08-06 18:41:23,516 - VALO360 - DEBUG - 自動保存已禁用，跳過配置保存
2025-08-06 18:41:23,516 - VALO360 - DEBUG - 自動保存已禁用，跳過配置保存
2025-08-06 18:41:23,516 - VALO360 - DEBUG - 自動保存已禁用，跳過配置保存
2025-08-06 18:41:23,516 - VALO360 - DEBUG - 自動保存已禁用，跳過配置保存
2025-08-06 18:41:23,516 - VALO360 - DEBUG - 自動保存已禁用，跳過配置保存
2025-08-06 18:41:23,516 - VALO360 - DEBUG - 自動保存已禁用，跳過配置保存
2025-08-06 18:41:23,516 - VALO360 - DEBUG - 自動保存已禁用，跳過配置保存
2025-08-06 18:41:23,516 - VALO360 - DEBUG - 自動保存已禁用，跳過配置保存
2025-08-06 18:41:23,532 - VALO360 - DEBUG - 自動保存已禁用，跳過配置保存
2025-08-06 18:41:23,534 - VALO360 - DEBUG - 自動保存已禁用，跳過配置保存
2025-08-06 18:41:23,534 - VALO360 - DEBUG - 自動保存已禁用，跳過配置保存
2025-08-06 18:41:23,534 - VALO360 - DEBUG - 自動保存已禁用，跳過配置保存
2025-08-06 18:41:23,536 - VALO360 - DEBUG - 自動保存已禁用，跳過配置保存
2025-08-06 18:41:23,536 - VALO360 - DEBUG - 自動保存已禁用，跳過配置保存
2025-08-06 18:41:23,536 - VALO360 - DEBUG - 自動保存已禁用，跳過配置保存
2025-08-06 18:41:23,536 - VALO360 - DEBUG - 自動保存已禁用，跳過配置保存
2025-08-06 18:41:23,555 - VALO360 - DEBUG - 自動保存已禁用，跳過配置保存
2025-08-06 18:41:23,557 - VALO360 - DEBUG - 自動保存已禁用，跳過配置保存
2025-08-06 18:41:23,559 - VALO360 - DEBUG - 自動保存已禁用，跳過配置保存
2025-08-06 18:41:23,559 - VALO360 - DEBUG - 自動保存已禁用，跳過配置保存
2025-08-06 18:41:23,561 - VALO360 - DEBUG - 自動保存已禁用，跳過配置保存
2025-08-06 18:41:23,561 - VALO360 - DEBUG - 自動保存已禁用，跳過配置保存
2025-08-06 18:41:23,563 - VALO360 - DEBUG - 自動保存已禁用，跳過配置保存
2025-08-06 18:41:23,564 - VALO360 - DEBUG - 自動保存已禁用，跳過配置保存
2025-08-06 18:41:23,588 - VALO360 - DEBUG - 自動保存已禁用，跳過配置保存
2025-08-06 18:41:23,588 - VALO360 - DEBUG - 自動保存已禁用，跳過配置保存
2025-08-06 18:41:23,588 - VALO360 - DEBUG - 自動保存已禁用，跳過配置保存
2025-08-06 18:41:23,590 - VALO360 - DEBUG - 自動保存已禁用，跳過配置保存
2025-08-06 18:41:23,592 - VALO360 - DEBUG - 自動保存已禁用，跳過配置保存
2025-08-06 18:41:23,592 - VALO360 - DEBUG - 自動保存已禁用，跳過配置保存
2025-08-06 18:41:23,594 - VALO360 - DEBUG - 自動保存已禁用，跳過配置保存
2025-08-06 18:41:23,595 - VALO360 - DEBUG - 自動保存已禁用，跳過配置保存
2025-08-06 18:41:23,618 - VALO360 - DEBUG - 自動保存已禁用，跳過配置保存
2025-08-06 18:41:23,620 - VALO360 - DEBUG - 自動保存已禁用，跳過配置保存
2025-08-06 18:41:23,620 - VALO360 - DEBUG - 自動保存已禁用，跳過配置保存
2025-08-06 18:41:23,620 - VALO360 - DEBUG - 自動保存已禁用，跳過配置保存
2025-08-06 18:41:23,622 - VALO360 - DEBUG - 自動保存已禁用，跳過配置保存
2025-08-06 18:41:23,622 - VALO360 - DEBUG - 自動保存已禁用，跳過配置保存
2025-08-06 18:41:23,624 - VALO360 - DEBUG - 自動保存已禁用，跳過配置保存
2025-08-06 18:41:23,624 - VALO360 - DEBUG - 自動保存已禁用，跳過配置保存
2025-08-06 18:41:23,645 - VALO360 - DEBUG - 自動保存已禁用，跳過配置保存
2025-08-06 18:41:23,645 - VALO360 - DEBUG - 自動保存已禁用，跳過配置保存
2025-08-06 18:41:23,647 - VALO360 - DEBUG - 自動保存已禁用，跳過配置保存
2025-08-06 18:41:23,647 - VALO360 - DEBUG - 自動保存已禁用，跳過配置保存
2025-08-06 18:41:23,647 - VALO360 - DEBUG - 自動保存已禁用，跳過配置保存
2025-08-06 18:41:23,647 - VALO360 - DEBUG - 自動保存已禁用，跳過配置保存
2025-08-06 18:41:23,647 - VALO360 - DEBUG - 自動保存已禁用，跳過配置保存
2025-08-06 18:41:23,647 - VALO360 - DEBUG - 自動保存已禁用，跳過配置保存
2025-08-06 18:41:23,674 - VALO360 - DEBUG - 自動保存已禁用，跳過配置保存
2025-08-06 18:41:23,675 - VALO360 - DEBUG - 自動保存已禁用，跳過配置保存
2025-08-06 18:41:23,675 - VALO360 - DEBUG - 自動保存已禁用，跳過配置保存
2025-08-06 18:41:23,675 - VALO360 - DEBUG - 自動保存已禁用，跳過配置保存
2025-08-06 18:41:23,677 - VALO360 - DEBUG - 自動保存已禁用，跳過配置保存
2025-08-06 18:41:23,677 - VALO360 - DEBUG - 自動保存已禁用，跳過配置保存
2025-08-06 18:41:23,681 - VALO360 - DEBUG - 自動保存已禁用，跳過配置保存
2025-08-06 18:41:23,681 - VALO360 - DEBUG - 自動保存已禁用，跳過配置保存
2025-08-06 18:41:23,691 - VALO360 - DEBUG - 自動保存已禁用，跳過配置保存
2025-08-06 18:41:23,691 - VALO360 - DEBUG - 自動保存已禁用，跳過配置保存
2025-08-06 18:41:23,692 - VALO360 - DEBUG - 自動保存已禁用，跳過配置保存
2025-08-06 18:41:23,693 - VALO360 - DEBUG - 自動保存已禁用，跳過配置保存
2025-08-06 18:41:23,695 - VALO360 - DEBUG - 自動保存已禁用，跳過配置保存
2025-08-06 18:41:23,697 - VALO360 - DEBUG - 自動保存已禁用，跳過配置保存
2025-08-06 18:41:23,698 - VALO360 - DEBUG - 自動保存已禁用，跳過配置保存
2025-08-06 18:41:23,699 - VALO360 - DEBUG - 自動保存已禁用，跳過配置保存
2025-08-06 18:41:23,701 - VALO360 - DEBUG - 自動保存已禁用，跳過配置保存
2025-08-06 18:41:23,701 - VALO360 - DEBUG - 自動保存已禁用，跳過配置保存
2025-08-06 18:41:23,708 - VALO360 - DEBUG - 自動保存已禁用，跳過配置保存
2025-08-06 18:41:23,708 - VALO360 - DEBUG - 自動保存已禁用，跳過配置保存
2025-08-06 18:41:23,711 - VALO360 - DEBUG - 自動保存已禁用，跳過配置保存
2025-08-06 18:41:23,712 - VALO360 - DEBUG - 自動保存已禁用，跳過配置保存
2025-08-06 18:41:23,712 - VALO360 - DEBUG - 自動保存已禁用，跳過配置保存
2025-08-06 18:41:23,712 - VALO360 - DEBUG - 自動保存已禁用，跳過配置保存
2025-08-06 18:41:23,714 - VALO360 - DEBUG - 自動保存已禁用，跳過配置保存
2025-08-06 18:41:23,714 - VALO360 - DEBUG - 自動保存已禁用，跳過配置保存
2025-08-06 18:41:23,714 - VALO360 - DEBUG - 自動保存已禁用，跳過配置保存
2025-08-06 18:41:23,718 - VALO360 - DEBUG - 自動保存已禁用，跳過配置保存
2025-08-06 18:41:23,719 - VALO360 - DEBUG - 自動保存已禁用，跳過配置保存
2025-08-06 18:41:23,719 - VALO360 - DEBUG - 自動保存已禁用，跳過配置保存
2025-08-06 18:41:23,719 - VALO360 - DEBUG - 自動保存已禁用，跳過配置保存
2025-08-06 18:41:23,719 - VALO360 - DEBUG - 自動保存已禁用，跳過配置保存
2025-08-06 18:41:23,743 - VALO360 - DEBUG - 自動保存已禁用，跳過配置保存
2025-08-06 18:41:23,744 - VALO360 - DEBUG - 自動保存已禁用，跳過配置保存
2025-08-06 18:41:23,745 - VALO360 - DEBUG - 自動保存已禁用，跳過配置保存
2025-08-06 18:41:23,746 - VALO360 - DEBUG - 自動保存已禁用，跳過配置保存
2025-08-06 18:41:23,747 - VALO360 - DEBUG - 自動保存已禁用，跳過配置保存
2025-08-06 18:41:23,749 - VALO360 - DEBUG - 自動保存已禁用，跳過配置保存
2025-08-06 18:41:23,749 - VALO360 - DEBUG - 自動保存已禁用，跳過配置保存
2025-08-06 18:41:23,749 - VALO360 - DEBUG - 自動保存已禁用，跳過配置保存
2025-08-06 18:41:23,752 - VALO360 - DEBUG - 自動保存已禁用，跳過配置保存
2025-08-06 18:41:23,752 - VALO360 - DEBUG - 自動保存已禁用，跳過配置保存
2025-08-06 18:41:23,759 - VALO360 - DEBUG - 自動保存已禁用，跳過配置保存
2025-08-06 18:41:23,759 - VALO360 - DEBUG - 自動保存已禁用，跳過配置保存
2025-08-06 18:41:23,761 - VALO360 - DEBUG - 自動保存已禁用，跳過配置保存
2025-08-06 18:41:23,761 - VALO360 - DEBUG - 自動保存已禁用，跳過配置保存
2025-08-06 18:41:23,763 - VALO360 - DEBUG - 自動保存已禁用，跳過配置保存
2025-08-06 18:41:23,764 - VALO360 - DEBUG - 自動保存已禁用，跳過配置保存
2025-08-06 18:41:23,781 - VALO360 - DEBUG - 自動保存已禁用，跳過配置保存
2025-08-06 18:41:23,781 - VALO360 - DEBUG - 自動保存已禁用，跳過配置保存
2025-08-06 18:41:23,781 - VALO360 - DEBUG - 自動保存已禁用，跳過配置保存
2025-08-06 18:41:23,781 - VALO360 - DEBUG - 自動保存已禁用，跳過配置保存
2025-08-06 18:41:23,781 - VALO360 - DEBUG - 自動保存已禁用，跳過配置保存
2025-08-06 18:41:23,781 - VALO360 - DEBUG - 自動保存已禁用，跳過配置保存
2025-08-06 18:41:23,781 - VALO360 - DEBUG - 自動保存已禁用，跳過配置保存
2025-08-06 18:41:23,781 - VALO360 - DEBUG - 自動保存已禁用，跳過配置保存
2025-08-06 18:41:23,790 - VALO360 - DEBUG - 自動保存已禁用，跳過配置保存
2025-08-06 18:41:23,790 - VALO360 - DEBUG - 自動保存已禁用，跳過配置保存
2025-08-06 18:41:23,792 - VALO360 - DEBUG - 自動保存已禁用，跳過配置保存
2025-08-06 18:41:23,792 - VALO360 - DEBUG - 自動保存已禁用，跳過配置保存
2025-08-06 18:41:23,793 - VALO360 - DEBUG - 自動保存已禁用，跳過配置保存
2025-08-06 18:41:23,793 - VALO360 - DEBUG - 自動保存已禁用，跳過配置保存
2025-08-06 18:41:23,795 - VALO360 - DEBUG - 自動保存已禁用，跳過配置保存
2025-08-06 18:41:23,795 - VALO360 - DEBUG - 自動保存已禁用，跳過配置保存
2025-08-06 18:41:23,802 - VALO360 - DEBUG - 自動保存已禁用，跳過配置保存
2025-08-06 18:41:23,802 - VALO360 - DEBUG - 自動保存已禁用，跳過配置保存
2025-08-06 18:41:23,809 - VALO360 - DEBUG - 自動保存已禁用，跳過配置保存
2025-08-06 18:41:23,809 - VALO360 - DEBUG - 自動保存已禁用，跳過配置保存
2025-08-06 18:41:23,811 - VALO360 - DEBUG - 自動保存已禁用，跳過配置保存
2025-08-06 18:41:23,811 - VALO360 - DEBUG - 自動保存已禁用，跳過配置保存
2025-08-06 18:41:23,811 - VALO360 - DEBUG - 自動保存已禁用，跳過配置保存
2025-08-06 18:41:23,814 - VALO360 - DEBUG - 自動保存已禁用，跳過配置保存
2025-08-06 18:41:23,876 - VALO360 - DEBUG - 自動保存已禁用，跳過配置保存
2025-08-06 18:41:23,879 - VALO360 - DEBUG - 自動保存已禁用，跳過配置保存
2025-08-06 18:41:23,881 - VALO360 - DEBUG - 自動保存已禁用，跳過配置保存
2025-08-06 18:41:23,881 - VALO360 - DEBUG - 自動保存已禁用，跳過配置保存
2025-08-06 18:41:23,883 - VALO360 - DEBUG - 自動保存已禁用，跳過配置保存
2025-08-06 18:41:23,883 - VALO360 - DEBUG - 自動保存已禁用，跳過配置保存
2025-08-06 18:41:23,885 - VALO360 - DEBUG - 自動保存已禁用，跳過配置保存
2025-08-06 18:41:23,885 - VALO360 - DEBUG - 自動保存已禁用，跳過配置保存
2025-08-06 18:41:23,902 - VALO360 - DEBUG - 自動保存已禁用，跳過配置保存
2025-08-06 18:41:23,903 - VALO360 - DEBUG - 自動保存已禁用，跳過配置保存
2025-08-06 18:41:23,903 - VALO360 - DEBUG - 自動保存已禁用，跳過配置保存
2025-08-06 18:41:23,903 - VALO360 - DEBUG - 自動保存已禁用，跳過配置保存
2025-08-06 18:41:23,905 - VALO360 - DEBUG - 自動保存已禁用，跳過配置保存
2025-08-06 18:41:23,905 - VALO360 - DEBUG - 自動保存已禁用，跳過配置保存
2025-08-06 18:41:23,911 - VALO360 - DEBUG - 自動保存已禁用，跳過配置保存
2025-08-06 18:41:23,912 - VALO360 - DEBUG - 自動保存已禁用，跳過配置保存
2025-08-06 18:41:23,916 - VALO360 - DEBUG - 自動保存已禁用，跳過配置保存
2025-08-06 18:41:23,916 - VALO360 - DEBUG - 自動保存已禁用，跳過配置保存
2025-08-06 18:41:23,916 - VALO360 - DEBUG - 自動保存已禁用，跳過配置保存
2025-08-06 18:41:23,918 - VALO360 - DEBUG - 自動保存已禁用，跳過配置保存
2025-08-06 18:41:23,918 - VALO360 - DEBUG - 自動保存已禁用，跳過配置保存
2025-08-06 18:41:23,918 - VALO360 - DEBUG - 自動保存已禁用，跳過配置保存
2025-08-06 18:41:23,920 - VALO360 - DEBUG - 自動保存已禁用，跳過配置保存
2025-08-06 18:41:23,920 - VALO360 - DEBUG - 自動保存已禁用，跳過配置保存
2025-08-06 18:41:23,965 - VALO360 - DEBUG - 自動保存已禁用，跳過配置保存
2025-08-06 18:41:23,966 - VALO360 - DEBUG - 自動保存已禁用，跳過配置保存
2025-08-06 18:41:23,966 - VALO360 - DEBUG - 自動保存已禁用，跳過配置保存
2025-08-06 18:41:23,967 - VALO360 - DEBUG - 自動保存已禁用，跳過配置保存
2025-08-06 18:41:23,968 - VALO360 - DEBUG - 自動保存已禁用，跳過配置保存
2025-08-06 18:41:23,968 - VALO360 - DEBUG - 自動保存已禁用，跳過配置保存
2025-08-06 18:41:23,970 - VALO360 - DEBUG - 自動保存已禁用，跳過配置保存
2025-08-06 18:41:23,970 - VALO360 - DEBUG - 自動保存已禁用，跳過配置保存
2025-08-06 18:41:23,982 - VALO360 - DEBUG - 自動保存已禁用，跳過配置保存
2025-08-06 18:41:23,982 - VALO360 - DEBUG - 自動保存已禁用，跳過配置保存
2025-08-06 18:41:23,982 - VALO360 - DEBUG - 自動保存已禁用，跳過配置保存
2025-08-06 18:41:23,982 - VALO360 - DEBUG - 自動保存已禁用，跳過配置保存
2025-08-06 18:41:23,982 - VALO360 - DEBUG - 自動保存已禁用，跳過配置保存
2025-08-06 18:41:23,982 - VALO360 - DEBUG - 自動保存已禁用，跳過配置保存
2025-08-06 18:41:23,982 - VALO360 - DEBUG - 自動保存已禁用，跳過配置保存
2025-08-06 18:41:23,991 - VALO360 - DEBUG - 自動保存已禁用，跳過配置保存
2025-08-06 18:41:24,097 - VALO360 - DEBUG - 自動保存已禁用，跳過配置保存
2025-08-06 18:41:24,098 - VALO360 - DEBUG - 自動保存已禁用，跳過配置保存
2025-08-06 18:41:24,099 - VALO360 - DEBUG - 自動保存已禁用，跳過配置保存
2025-08-06 18:41:24,099 - VALO360 - DEBUG - 自動保存已禁用，跳過配置保存
2025-08-06 18:41:24,099 - VALO360 - DEBUG - 自動保存已禁用，跳過配置保存
2025-08-06 18:41:24,101 - VALO360 - DEBUG - 自動保存已禁用，跳過配置保存
2025-08-06 18:41:24,101 - VALO360 - DEBUG - 自動保存已禁用，跳過配置保存
2025-08-06 18:41:24,103 - VALO360 - DEBUG - 自動保存已禁用，跳過配置保存
2025-08-06 18:41:24,140 - VALO360 - DEBUG - 自動保存已禁用，跳過配置保存
2025-08-06 18:41:24,140 - VALO360 - DEBUG - 自動保存已禁用，跳過配置保存
2025-08-06 18:41:24,143 - VALO360 - DEBUG - 自動保存已禁用，跳過配置保存
2025-08-06 18:41:24,143 - VALO360 - DEBUG - 自動保存已禁用，跳過配置保存
2025-08-06 18:41:24,147 - VALO360 - DEBUG - 自動保存已禁用，跳過配置保存
2025-08-06 18:41:24,147 - VALO360 - DEBUG - 自動保存已禁用，跳過配置保存
2025-08-06 18:41:24,147 - VALO360 - DEBUG - 自動保存已禁用，跳過配置保存
2025-08-06 18:41:24,149 - VALO360 - DEBUG - 自動保存已禁用，跳過配置保存
2025-08-06 18:41:24,151 - VALO360 - DEBUG - 自動保存已禁用，跳過配置保存
2025-08-06 18:41:24,151 - VALO360 - DEBUG - 自動保存已禁用，跳過配置保存
2025-08-06 18:41:24,153 - VALO360 - DEBUG - 自動保存已禁用，跳過配置保存
2025-08-06 18:41:24,153 - VALO360 - DEBUG - 自動保存已禁用，跳過配置保存
2025-08-06 18:41:24,155 - VALO360 - DEBUG - 自動保存已禁用，跳過配置保存
2025-08-06 18:41:24,157 - VALO360 - DEBUG - 自動保存已禁用，跳過配置保存
2025-08-06 18:41:24,160 - VALO360 - DEBUG - 自動保存已禁用，跳過配置保存
2025-08-06 18:41:24,161 - VALO360 - DEBUG - 自動保存已禁用，跳過配置保存
2025-08-06 18:41:24,164 - VALO360 - DEBUG - 自動保存已禁用，跳過配置保存
2025-08-06 18:41:24,165 - VALO360 - DEBUG - 自動保存已禁用，跳過配置保存
2025-08-06 18:41:24,165 - VALO360 - DEBUG - 自動保存已禁用，跳過配置保存
2025-08-06 18:41:24,166 - VALO360 - DEBUG - 自動保存已禁用，跳過配置保存
2025-08-06 18:41:24,168 - VALO360 - DEBUG - 自動保存已禁用，跳過配置保存
2025-08-06 18:41:24,168 - VALO360 - DEBUG - 自動保存已禁用，跳過配置保存
2025-08-06 18:41:24,170 - VALO360 - DEBUG - 自動保存已禁用，跳過配置保存
2025-08-06 18:41:24,170 - VALO360 - DEBUG - 自動保存已禁用，跳過配置保存
2025-08-06 18:41:24,174 - VALO360 - DEBUG - 自動保存已禁用，跳過配置保存
2025-08-06 18:41:24,174 - VALO360 - DEBUG - 自動保存已禁用，跳過配置保存
2025-08-06 18:41:24,176 - VALO360 - DEBUG - 自動保存已禁用，跳過配置保存
2025-08-06 18:41:24,177 - VALO360 - DEBUG - 自動保存已禁用，跳過配置保存
2025-08-06 18:41:24,180 - VALO360 - DEBUG - 自動保存已禁用，跳過配置保存
2025-08-06 18:41:24,180 - VALO360 - DEBUG - 自動保存已禁用，跳過配置保存
2025-08-06 18:41:24,183 - VALO360 - DEBUG - 自動保存已禁用，跳過配置保存
2025-08-06 18:41:24,183 - VALO360 - DEBUG - 自動保存已禁用，跳過配置保存
2025-08-06 18:41:24,183 - VALO360 - DEBUG - 自動保存已禁用，跳過配置保存
2025-08-06 18:41:24,183 - VALO360 - DEBUG - 自動保存已禁用，跳過配置保存
2025-08-06 18:41:24,183 - VALO360 - DEBUG - 自動保存已禁用，跳過配置保存
2025-08-06 18:41:24,183 - VALO360 - DEBUG - 自動保存已禁用，跳過配置保存
2025-08-06 18:41:24,183 - VALO360 - DEBUG - 自動保存已禁用，跳過配置保存
2025-08-06 18:41:24,183 - VALO360 - DEBUG - 自動保存已禁用，跳過配置保存
2025-08-06 18:41:24,183 - VALO360 - DEBUG - 自動保存已禁用，跳過配置保存
2025-08-06 18:41:24,183 - VALO360 - DEBUG - 自動保存已禁用，跳過配置保存
2025-08-06 18:41:24,193 - VALO360 - DEBUG - 自動保存已禁用，跳過配置保存
2025-08-06 18:41:24,193 - VALO360 - DEBUG - 自動保存已禁用，跳過配置保存
2025-08-06 18:41:24,196 - VALO360 - DEBUG - 自動保存已禁用，跳過配置保存
2025-08-06 18:41:24,196 - VALO360 - DEBUG - 自動保存已禁用，跳過配置保存
2025-08-06 18:41:24,200 - VALO360 - DEBUG - 自動保存已禁用，跳過配置保存
2025-08-06 18:41:24,200 - VALO360 - DEBUG - 自動保存已禁用，跳過配置保存
2025-08-06 18:41:24,200 - VALO360 - DEBUG - 自動保存已禁用，跳過配置保存
2025-08-06 18:41:24,200 - VALO360 - DEBUG - 自動保存已禁用，跳過配置保存
2025-08-06 18:41:24,203 - VALO360 - DEBUG - 自動保存已禁用，跳過配置保存
2025-08-06 18:41:24,203 - VALO360 - DEBUG - 自動保存已禁用，跳過配置保存
2025-08-06 18:41:24,203 - VALO360 - DEBUG - 自動保存已禁用，跳過配置保存
2025-08-06 18:41:24,203 - VALO360 - DEBUG - 自動保存已禁用，跳過配置保存
2025-08-06 18:41:24,208 - VALO360 - DEBUG - 自動保存已禁用，跳過配置保存
2025-08-06 18:41:24,209 - VALO360 - DEBUG - 自動保存已禁用，跳過配置保存
2025-08-06 18:41:24,210 - VALO360 - DEBUG - 自動保存已禁用，跳過配置保存
2025-08-06 18:41:24,212 - VALO360 - DEBUG - 自動保存已禁用，跳過配置保存
2025-08-06 18:41:24,215 - VALO360 - DEBUG - 自動保存已禁用，跳過配置保存
2025-08-06 18:41:24,215 - VALO360 - DEBUG - 自動保存已禁用，跳過配置保存
2025-08-06 18:41:24,216 - VALO360 - DEBUG - 自動保存已禁用，跳過配置保存
2025-08-06 18:41:24,217 - VALO360 - DEBUG - 自動保存已禁用，跳過配置保存
2025-08-06 18:41:24,299 - VALO360 - DEBUG - 自動保存已禁用，跳過配置保存
2025-08-06 18:41:24,301 - VALO360 - DEBUG - 自動保存已禁用，跳過配置保存
2025-08-06 18:41:24,302 - VALO360 - DEBUG - 自動保存已禁用，跳過配置保存
2025-08-06 18:41:24,302 - VALO360 - DEBUG - 自動保存已禁用，跳過配置保存
2025-08-06 18:41:24,304 - VALO360 - DEBUG - 自動保存已禁用，跳過配置保存
2025-08-06 18:41:24,304 - VALO360 - DEBUG - 自動保存已禁用，跳過配置保存
2025-08-06 18:41:24,304 - VALO360 - DEBUG - 自動保存已禁用，跳過配置保存
2025-08-06 18:41:24,307 - VALO360 - DEBUG - 自動保存已禁用，跳過配置保存
2025-08-06 18:41:24,310 - VALO360 - DEBUG - 自動保存已禁用，跳過配置保存
2025-08-06 18:41:24,312 - VALO360 - DEBUG - 自動保存已禁用，跳過配置保存
2025-08-06 18:41:24,312 - VALO360 - DEBUG - 自動保存已禁用，跳過配置保存
2025-08-06 18:41:24,312 - VALO360 - DEBUG - 自動保存已禁用，跳過配置保存
2025-08-06 18:41:24,317 - VALO360 - DEBUG - 自動保存已禁用，跳過配置保存
2025-08-06 18:41:24,317 - VALO360 - DEBUG - 自動保存已禁用，跳過配置保存
2025-08-06 18:41:24,317 - VALO360 - DEBUG - 自動保存已禁用，跳過配置保存
2025-08-06 18:41:24,319 - VALO360 - DEBUG - 自動保存已禁用，跳過配置保存
2025-08-06 18:41:24,321 - VALO360 - DEBUG - 自動保存已禁用，跳過配置保存
2025-08-06 18:41:24,321 - VALO360 - DEBUG - 自動保存已禁用，跳過配置保存
2025-08-06 18:41:24,321 - VALO360 - DEBUG - 自動保存已禁用，跳過配置保存
2025-08-06 18:41:24,321 - VALO360 - DEBUG - 自動保存已禁用，跳過配置保存
2025-08-06 18:41:24,332 - VALO360 - DEBUG - 自動保存已禁用，跳過配置保存
2025-08-06 18:41:24,332 - VALO360 - DEBUG - 自動保存已禁用，跳過配置保存
2025-08-06 18:41:24,333 - VALO360 - DEBUG - 自動保存已禁用，跳過配置保存
2025-08-06 18:41:24,333 - VALO360 - DEBUG - 自動保存已禁用，跳過配置保存
2025-08-06 18:41:24,334 - VALO360 - DEBUG - 自動保存已禁用，跳過配置保存
2025-08-06 18:41:24,337 - VALO360 - DEBUG - 自動保存已禁用，跳過配置保存
2025-08-06 18:41:24,337 - VALO360 - DEBUG - 自動保存已禁用，跳過配置保存
2025-08-06 18:41:24,337 - VALO360 - DEBUG - 自動保存已禁用，跳過配置保存
2025-08-06 18:41:24,339 - VALO360 - DEBUG - 自動保存已禁用，跳過配置保存
2025-08-06 18:41:24,341 - VALO360 - DEBUG - 自動保存已禁用，跳過配置保存
2025-08-06 18:41:24,341 - VALO360 - DEBUG - 自動保存已禁用，跳過配置保存
2025-08-06 18:41:24,342 - VALO360 - DEBUG - 自動保存已禁用，跳過配置保存
2025-08-06 18:41:24,347 - VALO360 - DEBUG - 自動保存已禁用，跳過配置保存
2025-08-06 18:41:24,348 - VALO360 - DEBUG - 自動保存已禁用，跳過配置保存
2025-08-06 18:41:24,350 - VALO360 - DEBUG - 自動保存已禁用，跳過配置保存
2025-08-06 18:41:24,350 - VALO360 - DEBUG - 自動保存已禁用，跳過配置保存
2025-08-06 18:41:24,354 - VALO360 - DEBUG - 自動保存已禁用，跳過配置保存
2025-08-06 18:41:24,354 - VALO360 - DEBUG - 自動保存已禁用，跳過配置保存
2025-08-06 18:41:24,356 - VALO360 - DEBUG - 自動保存已禁用，跳過配置保存
2025-08-06 18:41:24,357 - VALO360 - DEBUG - 自動保存已禁用，跳過配置保存
2025-08-06 18:41:24,363 - VALO360 - DEBUG - 自動保存已禁用，跳過配置保存
2025-08-06 18:41:24,365 - VALO360 - DEBUG - 自動保存已禁用，跳過配置保存
2025-08-06 18:41:24,366 - VALO360 - DEBUG - 自動保存已禁用，跳過配置保存
2025-08-06 18:41:24,366 - VALO360 - DEBUG - 自動保存已禁用，跳過配置保存
2025-08-06 18:41:24,369 - VALO360 - DEBUG - 自動保存已禁用，跳過配置保存
2025-08-06 18:41:24,371 - VALO360 - DEBUG - 自動保存已禁用，跳過配置保存
2025-08-06 18:41:24,371 - VALO360 - DEBUG - 自動保存已禁用，跳過配置保存
2025-08-06 18:41:24,371 - VALO360 - DEBUG - 自動保存已禁用，跳過配置保存
2025-08-06 18:41:24,375 - VALO360 - DEBUG - 自動保存已禁用，跳過配置保存
2025-08-06 18:41:24,375 - VALO360 - DEBUG - 自動保存已禁用，跳過配置保存
2025-08-06 18:41:24,377 - VALO360 - DEBUG - 自動保存已禁用，跳過配置保存
2025-08-06 18:41:24,377 - VALO360 - DEBUG - 自動保存已禁用，跳過配置保存
2025-08-06 18:41:24,382 - VALO360 - DEBUG - 自動保存已禁用，跳過配置保存
2025-08-06 18:41:24,382 - VALO360 - DEBUG - 自動保存已禁用，跳過配置保存
2025-08-06 18:41:24,384 - VALO360 - DEBUG - 自動保存已禁用，跳過配置保存
2025-08-06 18:41:24,384 - VALO360 - DEBUG - 自動保存已禁用，跳過配置保存
2025-08-06 18:41:24,387 - VALO360 - DEBUG - 自動保存已禁用，跳過配置保存
2025-08-06 18:41:24,387 - VALO360 - DEBUG - 自動保存已禁用，跳過配置保存
2025-08-06 18:41:24,387 - VALO360 - DEBUG - 自動保存已禁用，跳過配置保存
2025-08-06 18:41:24,387 - VALO360 - DEBUG - 自動保存已禁用，跳過配置保存
2025-08-06 18:41:24,390 - VALO360 - DEBUG - 自動保存已禁用，跳過配置保存
2025-08-06 18:41:24,392 - VALO360 - DEBUG - 自動保存已禁用，跳過配置保存
2025-08-06 18:41:24,393 - VALO360 - DEBUG - 自動保存已禁用，跳過配置保存
2025-08-06 18:41:24,394 - VALO360 - DEBUG - 自動保存已禁用，跳過配置保存
2025-08-06 18:41:24,397 - VALO360 - DEBUG - 自動保存已禁用，跳過配置保存
2025-08-06 18:41:24,398 - VALO360 - DEBUG - 自動保存已禁用，跳過配置保存
2025-08-06 18:41:24,399 - VALO360 - DEBUG - 自動保存已禁用，跳過配置保存
2025-08-06 18:41:24,399 - VALO360 - DEBUG - 自動保存已禁用，跳過配置保存
2025-08-06 18:41:24,401 - VALO360 - DEBUG - 自動保存已禁用，跳過配置保存
2025-08-06 18:41:24,402 - VALO360 - DEBUG - 自動保存已禁用，跳過配置保存
2025-08-06 18:41:24,402 - VALO360 - DEBUG - 自動保存已禁用，跳過配置保存
2025-08-06 18:41:24,402 - VALO360 - DEBUG - 自動保存已禁用，跳過配置保存
2025-08-06 18:41:24,402 - VALO360 - DEBUG - 自動保存已禁用，跳過配置保存
2025-08-06 18:41:24,402 - VALO360 - DEBUG - 自動保存已禁用，跳過配置保存
2025-08-06 18:41:24,408 - VALO360 - DEBUG - 自動保存已禁用，跳過配置保存
2025-08-06 18:41:24,409 - VALO360 - DEBUG - 自動保存已禁用，跳過配置保存
2025-08-06 18:41:24,411 - VALO360 - DEBUG - 自動保存已禁用，跳過配置保存
2025-08-06 18:41:24,412 - VALO360 - DEBUG - 自動保存已禁用，跳過配置保存
2025-08-06 18:41:24,412 - VALO360 - DEBUG - 自動保存已禁用，跳過配置保存
2025-08-06 18:41:24,414 - VALO360 - DEBUG - 自動保存已禁用，跳過配置保存
2025-08-06 18:41:24,416 - VALO360 - DEBUG - 自動保存已禁用，跳過配置保存
2025-08-06 18:41:24,416 - VALO360 - DEBUG - 自動保存已禁用，跳過配置保存
2025-08-06 18:41:24,418 - VALO360 - DEBUG - 自動保存已禁用，跳過配置保存
2025-08-06 18:41:24,418 - VALO360 - DEBUG - 自動保存已禁用，跳過配置保存
2025-08-06 18:41:24,420 - VALO360 - DEBUG - 自動保存已禁用，跳過配置保存
2025-08-06 18:41:24,420 - VALO360 - DEBUG - 自動保存已禁用，跳過配置保存
2025-08-06 18:41:24,422 - VALO360 - DEBUG - 自動保存已禁用，跳過配置保存
2025-08-06 18:41:24,422 - VALO360 - DEBUG - 自動保存已禁用，跳過配置保存
2025-08-06 18:41:24,425 - VALO360 - DEBUG - 自動保存已禁用，跳過配置保存
2025-08-06 18:41:24,425 - VALO360 - DEBUG - 自動保存已禁用，跳過配置保存
2025-08-06 18:41:24,425 - VALO360 - DEBUG - 自動保存已禁用，跳過配置保存
2025-08-06 18:41:24,428 - VALO360 - DEBUG - 自動保存已禁用，跳過配置保存
2025-08-06 18:41:24,429 - VALO360 - DEBUG - 自動保存已禁用，跳過配置保存
2025-08-06 18:41:24,430 - VALO360 - DEBUG - 自動保存已禁用，跳過配置保存
2025-08-06 18:41:24,432 - VALO360 - DEBUG - 自動保存已禁用，跳過配置保存
2025-08-06 18:41:24,432 - VALO360 - DEBUG - 自動保存已禁用，跳過配置保存
2025-08-06 18:41:24,432 - VALO360 - DEBUG - 自動保存已禁用，跳過配置保存
2025-08-06 18:41:24,434 - VALO360 - DEBUG - 自動保存已禁用，跳過配置保存
2025-08-06 18:41:24,434 - VALO360 - DEBUG - 自動保存已禁用，跳過配置保存
2025-08-06 18:41:24,436 - VALO360 - DEBUG - 自動保存已禁用，跳過配置保存
2025-08-06 18:41:24,436 - VALO360 - DEBUG - 自動保存已禁用，跳過配置保存
2025-08-06 18:41:24,436 - VALO360 - DEBUG - 自動保存已禁用，跳過配置保存
2025-08-06 18:41:24,438 - VALO360 - DEBUG - 自動保存已禁用，跳過配置保存
2025-08-06 18:41:24,438 - VALO360 - DEBUG - 自動保存已禁用，跳過配置保存
2025-08-06 18:41:24,438 - VALO360 - DEBUG - 自動保存已禁用，跳過配置保存
2025-08-06 18:41:24,442 - VALO360 - DEBUG - 自動保存已禁用，跳過配置保存
2025-08-06 18:41:24,442 - VALO360 - DEBUG - 自動保存已禁用，跳過配置保存
2025-08-06 18:41:24,443 - VALO360 - DEBUG - 自動保存已禁用，跳過配置保存
2025-08-06 18:41:24,446 - VALO360 - DEBUG - 自動保存已禁用，跳過配置保存
2025-08-06 18:41:24,447 - VALO360 - DEBUG - 自動保存已禁用，跳過配置保存
2025-08-06 18:41:24,448 - VALO360 - DEBUG - 自動保存已禁用，跳過配置保存
2025-08-06 18:41:24,448 - VALO360 - DEBUG - 自動保存已禁用，跳過配置保存
2025-08-06 18:41:24,448 - VALO360 - DEBUG - 自動保存已禁用，跳過配置保存
2025-08-06 18:41:24,448 - VALO360 - DEBUG - 自動保存已禁用，跳過配置保存
2025-08-06 18:41:24,448 - VALO360 - DEBUG - 自動保存已禁用，跳過配置保存
2025-08-06 18:41:24,448 - VALO360 - DEBUG - 自動保存已禁用，跳過配置保存
2025-08-06 18:41:24,448 - VALO360 - DEBUG - 自動保存已禁用，跳過配置保存
2025-08-06 18:41:24,455 - VALO360 - DEBUG - 自動保存已禁用，跳過配置保存
2025-08-06 18:41:24,455 - VALO360 - DEBUG - 自動保存已禁用，跳過配置保存
2025-08-06 18:41:24,455 - VALO360 - DEBUG - 自動保存已禁用，跳過配置保存
2025-08-06 18:41:24,458 - VALO360 - DEBUG - 自動保存已禁用，跳過配置保存
2025-08-06 18:41:24,459 - VALO360 - DEBUG - 自動保存已禁用，跳過配置保存
2025-08-06 18:41:24,460 - VALO360 - DEBUG - 自動保存已禁用，跳過配置保存
2025-08-06 18:41:24,460 - VALO360 - DEBUG - 自動保存已禁用，跳過配置保存
2025-08-06 18:41:24,460 - VALO360 - DEBUG - 自動保存已禁用，跳過配置保存
2025-08-06 18:41:24,464 - VALO360 - DEBUG - 自動保存已禁用，跳過配置保存
2025-08-06 18:41:24,465 - VALO360 - DEBUG - 自動保存已禁用，跳過配置保存
2025-08-06 18:41:24,466 - VALO360 - DEBUG - 自動保存已禁用，跳過配置保存
2025-08-06 18:41:24,467 - VALO360 - DEBUG - 自動保存已禁用，跳過配置保存
2025-08-06 18:41:24,469 - VALO360 - DEBUG - 自動保存已禁用，跳過配置保存
2025-08-06 18:41:24,469 - VALO360 - DEBUG - 自動保存已禁用，跳過配置保存
2025-08-06 18:41:24,469 - VALO360 - DEBUG - 自動保存已禁用，跳過配置保存
2025-08-06 18:41:24,471 - VALO360 - DEBUG - 自動保存已禁用，跳過配置保存
2025-08-06 18:41:24,471 - VALO360 - DEBUG - 自動保存已禁用，跳過配置保存
2025-08-06 18:41:24,473 - VALO360 - DEBUG - 自動保存已禁用，跳過配置保存
2025-08-06 18:41:24,473 - VALO360 - DEBUG - 自動保存已禁用，跳過配置保存
2025-08-06 18:41:24,477 - VALO360 - DEBUG - 自動保存已禁用，跳過配置保存
2025-08-06 18:41:24,477 - VALO360 - DEBUG - 自動保存已禁用，跳過配置保存
2025-08-06 18:41:24,477 - VALO360 - DEBUG - 自動保存已禁用，跳過配置保存
2025-08-06 18:41:24,479 - VALO360 - DEBUG - 自動保存已禁用，跳過配置保存
2025-08-06 18:41:24,481 - VALO360 - DEBUG - 自動保存已禁用，跳過配置保存
2025-08-06 18:41:24,481 - VALO360 - DEBUG - 自動保存已禁用，跳過配置保存
2025-08-06 18:41:24,481 - VALO360 - DEBUG - 自動保存已禁用，跳過配置保存
2025-08-06 18:41:24,481 - VALO360 - DEBUG - 自動保存已禁用，跳過配置保存
2025-08-06 18:41:24,491 - VALO360 - DEBUG - 自動保存已禁用，跳過配置保存
2025-08-06 18:41:24,491 - VALO360 - DEBUG - 自動保存已禁用，跳過配置保存
2025-08-06 18:41:24,491 - VALO360 - DEBUG - 自動保存已禁用，跳過配置保存
2025-08-06 18:41:24,491 - VALO360 - DEBUG - 自動保存已禁用，跳過配置保存
2025-08-06 18:41:24,499 - VALO360 - DEBUG - 自動保存已禁用，跳過配置保存
2025-08-06 18:41:24,499 - VALO360 - DEBUG - 自動保存已禁用，跳過配置保存
2025-08-06 18:41:24,499 - VALO360 - DEBUG - 自動保存已禁用，跳過配置保存
2025-08-06 18:41:24,499 - VALO360 - DEBUG - 自動保存已禁用，跳過配置保存
2025-08-06 18:41:24,503 - VALO360 - DEBUG - 自動保存已禁用，跳過配置保存
2025-08-06 18:41:24,505 - VALO360 - DEBUG - 自動保存已禁用，跳過配置保存
2025-08-06 18:41:24,505 - VALO360 - DEBUG - 自動保存已禁用，跳過配置保存
2025-08-06 18:41:24,505 - VALO360 - DEBUG - 自動保存已禁用，跳過配置保存
2025-08-06 18:41:24,509 - VALO360 - DEBUG - 自動保存已禁用，跳過配置保存
2025-08-06 18:41:24,509 - VALO360 - DEBUG - 自動保存已禁用，跳過配置保存
2025-08-06 18:41:24,511 - VALO360 - DEBUG - 自動保存已禁用，跳過配置保存
2025-08-06 18:41:24,513 - VALO360 - DEBUG - 自動保存已禁用，跳過配置保存
2025-08-06 18:41:24,515 - VALO360 - DEBUG - 自動保存已禁用，跳過配置保存
2025-08-06 18:41:24,515 - VALO360 - DEBUG - 自動保存已禁用，跳過配置保存
2025-08-06 18:41:24,517 - VALO360 - DEBUG - 自動保存已禁用，跳過配置保存
2025-08-06 18:41:24,517 - VALO360 - DEBUG - 自動保存已禁用，跳過配置保存
2025-08-06 18:41:24,520 - VALO360 - DEBUG - 自動保存已禁用，跳過配置保存
2025-08-06 18:41:24,522 - VALO360 - DEBUG - 自動保存已禁用，跳過配置保存
2025-08-06 18:41:24,522 - VALO360 - DEBUG - 自動保存已禁用，跳過配置保存
2025-08-06 18:41:24,522 - VALO360 - DEBUG - 自動保存已禁用，跳過配置保存
2025-08-06 18:41:24,537 - VALO360 - DEBUG - 自動保存已禁用，跳過配置保存
2025-08-06 18:41:24,537 - VALO360 - DEBUG - 自動保存已禁用，跳過配置保存
2025-08-06 18:41:24,539 - VALO360 - DEBUG - 自動保存已禁用，跳過配置保存
2025-08-06 18:41:24,539 - VALO360 - DEBUG - 自動保存已禁用，跳過配置保存
2025-08-06 18:41:24,542 - VALO360 - DEBUG - 自動保存已禁用，跳過配置保存
2025-08-06 18:41:24,544 - VALO360 - DEBUG - 自動保存已禁用，跳過配置保存
2025-08-06 18:41:24,545 - VALO360 - DEBUG - 自動保存已禁用，跳過配置保存
2025-08-06 18:41:24,546 - VALO360 - DEBUG - 自動保存已禁用，跳過配置保存
2025-08-06 18:41:24,549 - VALO360 - DEBUG - 自動保存已禁用，跳過配置保存
2025-08-06 18:41:24,549 - VALO360 - DEBUG - 自動保存已禁用，跳過配置保存
2025-08-06 18:41:24,549 - VALO360 - DEBUG - 自動保存已禁用，跳過配置保存
2025-08-06 18:41:24,551 - VALO360 - DEBUG - 自動保存已禁用，跳過配置保存
2025-08-06 18:41:24,551 - VALO360 - DEBUG - 自動保存已禁用，跳過配置保存
2025-08-06 18:41:24,551 - VALO360 - DEBUG - 自動保存已禁用，跳過配置保存
2025-08-06 18:41:24,551 - VALO360 - DEBUG - 自動保存已禁用，跳過配置保存
2025-08-06 18:41:24,557 - VALO360 - DEBUG - 自動保存已禁用，跳過配置保存
2025-08-06 18:41:24,560 - VALO360 - DEBUG - 自動保存已禁用，跳過配置保存
2025-08-06 18:41:24,561 - VALO360 - DEBUG - 自動保存已禁用，跳過配置保存
2025-08-06 18:41:24,562 - VALO360 - DEBUG - 自動保存已禁用，跳過配置保存
2025-08-06 18:41:24,563 - VALO360 - DEBUG - 自動保存已禁用，跳過配置保存
2025-08-06 18:41:24,568 - VALO360 - DEBUG - 自動保存已禁用，跳過配置保存
2025-08-06 18:41:24,568 - VALO360 - DEBUG - 自動保存已禁用，跳過配置保存
2025-08-06 18:41:24,568 - VALO360 - DEBUG - 自動保存已禁用，跳過配置保存
2025-08-06 18:41:24,568 - VALO360 - DEBUG - 自動保存已禁用，跳過配置保存
2025-08-06 18:41:24,568 - VALO360 - DEBUG - 自動保存已禁用，跳過配置保存
2025-08-06 18:41:24,572 - VALO360 - DEBUG - 自動保存已禁用，跳過配置保存
2025-08-06 18:41:24,572 - VALO360 - DEBUG - 自動保存已禁用，跳過配置保存
2025-08-06 18:41:24,572 - VALO360 - DEBUG - 自動保存已禁用，跳過配置保存
2025-08-06 18:41:24,573 - VALO360 - DEBUG - 自動保存已禁用，跳過配置保存
2025-08-06 18:41:24,573 - VALO360 - DEBUG - 自動保存已禁用，跳過配置保存
2025-08-06 18:41:24,575 - VALO360 - DEBUG - 自動保存已禁用，跳過配置保存
2025-08-06 18:41:24,575 - VALO360 - DEBUG - 自動保存已禁用，跳過配置保存
2025-08-06 18:41:24,577 - VALO360 - DEBUG - 自動保存已禁用，跳過配置保存
2025-08-06 18:41:24,577 - VALO360 - DEBUG - 自動保存已禁用，跳過配置保存
2025-08-06 18:41:24,577 - VALO360 - DEBUG - 自動保存已禁用，跳過配置保存
2025-08-06 18:41:24,577 - VALO360 - DEBUG - 自動保存已禁用，跳過配置保存
2025-08-06 18:41:24,582 - VALO360 - DEBUG - 自動保存已禁用，跳過配置保存
2025-08-06 18:41:24,582 - VALO360 - DEBUG - 自動保存已禁用，跳過配置保存
2025-08-06 18:41:24,584 - VALO360 - DEBUG - 自動保存已禁用，跳過配置保存
2025-08-06 18:41:24,584 - VALO360 - DEBUG - 自動保存已禁用，跳過配置保存
2025-08-06 18:41:24,585 - VALO360 - DEBUG - 自動保存已禁用，跳過配置保存
2025-08-06 18:41:24,585 - VALO360 - DEBUG - 自動保存已禁用，跳過配置保存
2025-08-06 18:41:24,587 - VALO360 - DEBUG - 自動保存已禁用，跳過配置保存
2025-08-06 18:41:24,587 - VALO360 - DEBUG - 自動保存已禁用，跳過配置保存
2025-08-06 18:41:24,589 - VALO360 - DEBUG - 自動保存已禁用，跳過配置保存
2025-08-06 18:41:24,589 - VALO360 - DEBUG - 自動保存已禁用，跳過配置保存
2025-08-06 18:41:24,589 - VALO360 - DEBUG - 自動保存已禁用，跳過配置保存
2025-08-06 18:41:24,589 - VALO360 - DEBUG - 自動保存已禁用，跳過配置保存
2025-08-06 18:41:24,591 - VALO360 - DEBUG - 自動保存已禁用，跳過配置保存
2025-08-06 18:41:24,593 - VALO360 - DEBUG - 自動保存已禁用，跳過配置保存
2025-08-06 18:41:24,593 - VALO360 - DEBUG - 自動保存已禁用，跳過配置保存
2025-08-06 18:41:24,594 - VALO360 - DEBUG - 自動保存已禁用，跳過配置保存
2025-08-06 18:41:24,595 - VALO360 - DEBUG - 自動保存已禁用，跳過配置保存
2025-08-06 18:41:24,597 - VALO360 - DEBUG - 自動保存已禁用，跳過配置保存
2025-08-06 18:41:24,597 - VALO360 - DEBUG - 自動保存已禁用，跳過配置保存
2025-08-06 18:41:24,597 - VALO360 - DEBUG - 自動保存已禁用，跳過配置保存
2025-08-06 18:41:24,597 - VALO360 - DEBUG - 自動保存已禁用，跳過配置保存
2025-08-06 18:41:24,602 - VALO360 - DEBUG - 自動保存已禁用，跳過配置保存
2025-08-06 18:41:24,602 - VALO360 - DEBUG - 自動保存已禁用，跳過配置保存
2025-08-06 18:41:24,604 - VALO360 - DEBUG - 自動保存已禁用，跳過配置保存
2025-08-06 18:41:24,604 - VALO360 - DEBUG - 自動保存已禁用，跳過配置保存
2025-08-06 18:41:24,606 - VALO360 - DEBUG - 自動保存已禁用，跳過配置保存
2025-08-06 18:41:24,606 - VALO360 - DEBUG - 自動保存已禁用，跳過配置保存
2025-08-06 18:41:24,606 - VALO360 - DEBUG - 自動保存已禁用，跳過配置保存
2025-08-06 18:41:24,608 - VALO360 - DEBUG - 自動保存已禁用，跳過配置保存
2025-08-06 18:41:24,608 - VALO360 - DEBUG - 自動保存已禁用，跳過配置保存
2025-08-06 18:41:24,610 - VALO360 - DEBUG - 自動保存已禁用，跳過配置保存
2025-08-06 18:41:24,610 - VALO360 - DEBUG - 自動保存已禁用，跳過配置保存
2025-08-06 18:41:24,612 - VALO360 - DEBUG - 自動保存已禁用，跳過配置保存
2025-08-06 18:41:24,614 - VALO360 - DEBUG - 自動保存已禁用，跳過配置保存
2025-08-06 18:41:24,614 - VALO360 - DEBUG - 自動保存已禁用，跳過配置保存
2025-08-06 18:41:24,616 - VALO360 - DEBUG - 自動保存已禁用，跳過配置保存
2025-08-06 18:41:24,616 - VALO360 - DEBUG - 自動保存已禁用，跳過配置保存
2025-08-06 18:41:24,616 - VALO360 - DEBUG - 自動保存已禁用，跳過配置保存
2025-08-06 18:41:24,616 - VALO360 - DEBUG - 自動保存已禁用，跳過配置保存
2025-08-06 18:41:24,618 - VALO360 - DEBUG - 自動保存已禁用，跳過配置保存
2025-08-06 18:41:24,618 - VALO360 - DEBUG - 自動保存已禁用，跳過配置保存
2025-08-06 18:41:24,618 - VALO360 - DEBUG - 自動保存已禁用，跳過配置保存
2025-08-06 18:41:24,618 - VALO360 - DEBUG - 自動保存已禁用，跳過配置保存
2025-08-06 18:41:24,618 - VALO360 - DEBUG - 自動保存已禁用，跳過配置保存
2025-08-06 18:41:24,643 - VALO360 - DEBUG - 自動保存已禁用，跳過配置保存
2025-08-06 18:41:24,644 - VALO360 - DEBUG - 自動保存已禁用，跳過配置保存
2025-08-06 18:41:24,646 - VALO360 - DEBUG - 自動保存已禁用，跳過配置保存
2025-08-06 18:41:24,646 - VALO360 - DEBUG - 自動保存已禁用，跳過配置保存
2025-08-06 18:41:24,967 - VALO360 - DEBUG - 自動保存已禁用，跳過配置保存
2025-08-06 18:41:24,968 - VALO360 - DEBUG - 自動保存已禁用，跳過配置保存
2025-08-06 18:41:24,969 - VALO360 - DEBUG - 自動保存已禁用，跳過配置保存
2025-08-06 18:41:24,969 - VALO360 - DEBUG - 自動保存已禁用，跳過配置保存
2025-08-06 18:41:24,971 - VALO360 - DEBUG - 自動保存已禁用，跳過配置保存
2025-08-06 18:41:24,972 - VALO360 - DEBUG - 自動保存已禁用，跳過配置保存
2025-08-06 18:41:24,972 - VALO360 - DEBUG - 自動保存已禁用，跳過配置保存
2025-08-06 18:41:24,972 - VALO360 - DEBUG - 自動保存已禁用，跳過配置保存
2025-08-06 18:41:24,975 - VALO360 - DEBUG - 自動保存已禁用，跳過配置保存
2025-08-06 18:41:24,976 - VALO360 - DEBUG - 自動保存已禁用，跳過配置保存
2025-08-06 18:41:24,977 - VALO360 - DEBUG - 自動保存已禁用，跳過配置保存
2025-08-06 18:41:24,978 - VALO360 - DEBUG - 自動保存已禁用，跳過配置保存
2025-08-06 18:41:24,981 - VALO360 - DEBUG - 自動保存已禁用，跳過配置保存
2025-08-06 18:41:24,982 - VALO360 - DEBUG - 自動保存已禁用，跳過配置保存
2025-08-06 18:41:24,983 - VALO360 - DEBUG - 自動保存已禁用，跳過配置保存
2025-08-06 18:41:24,984 - VALO360 - DEBUG - 自動保存已禁用，跳過配置保存
2025-08-06 18:41:24,985 - VALO360 - DEBUG - 自動保存已禁用，跳過配置保存
2025-08-06 18:41:24,986 - VALO360 - DEBUG - 自動保存已禁用，跳過配置保存
2025-08-06 18:41:24,986 - VALO360 - DEBUG - 自動保存已禁用，跳過配置保存
2025-08-06 18:41:24,987 - VALO360 - DEBUG - 自動保存已禁用，跳過配置保存
2025-08-06 18:41:24,989 - VALO360 - DEBUG - 自動保存已禁用，跳過配置保存
2025-08-06 18:41:24,989 - VALO360 - DEBUG - 自動保存已禁用，跳過配置保存
2025-08-06 18:41:24,989 - VALO360 - DEBUG - 自動保存已禁用，跳過配置保存
2025-08-06 18:41:24,991 - VALO360 - DEBUG - 自動保存已禁用，跳過配置保存
2025-08-06 18:41:24,992 - VALO360 - DEBUG - 自動保存已禁用，跳過配置保存
2025-08-06 18:41:24,993 - VALO360 - DEBUG - 自動保存已禁用，跳過配置保存
2025-08-06 18:41:24,995 - VALO360 - DEBUG - 自動保存已禁用，跳過配置保存
2025-08-06 18:41:24,996 - VALO360 - DEBUG - 自動保存已禁用，跳過配置保存
2025-08-06 18:41:25,000 - VALO360 - DEBUG - 自動保存已禁用，跳過配置保存
2025-08-06 18:41:25,001 - VALO360 - DEBUG - 自動保存已禁用，跳過配置保存
2025-08-06 18:41:25,001 - VALO360 - DEBUG - 自動保存已禁用，跳過配置保存
2025-08-06 18:41:25,001 - VALO360 - DEBUG - 自動保存已禁用，跳過配置保存
2025-08-06 18:41:25,005 - VALO360 - DEBUG - 自動保存已禁用，跳過配置保存
2025-08-06 18:41:25,005 - VALO360 - DEBUG - 自動保存已禁用，跳過配置保存
2025-08-06 18:41:25,007 - VALO360 - DEBUG - 自動保存已禁用，跳過配置保存
2025-08-06 18:41:25,008 - VALO360 - DEBUG - 自動保存已禁用，跳過配置保存
2025-08-06 18:41:25,031 - VALO360 - DEBUG - 自動保存已禁用，跳過配置保存
2025-08-06 18:41:25,032 - VALO360 - DEBUG - 自動保存已禁用，跳過配置保存
2025-08-06 18:41:25,035 - VALO360 - DEBUG - 自動保存已禁用，跳過配置保存
2025-08-06 18:41:25,036 - VALO360 - DEBUG - 自動保存已禁用，跳過配置保存
2025-08-06 18:41:26,256 - VALO360 - DEBUG - 自動保存已禁用，跳過配置保存
2025-08-06 18:41:26,256 - VALO360 - DEBUG - 自動保存已禁用，跳過配置保存
2025-08-06 18:41:26,258 - VALO360 - DEBUG - 自動保存已禁用，跳過配置保存
2025-08-06 18:41:26,258 - VALO360 - DEBUG - 自動保存已禁用，跳過配置保存
2025-08-06 18:41:26,266 - VALO360 - DEBUG - 自動保存已禁用，跳過配置保存
2025-08-06 18:41:26,269 - VALO360 - DEBUG - 自動保存已禁用，跳過配置保存
2025-08-06 18:41:26,269 - VALO360 - DEBUG - 自動保存已禁用，跳過配置保存
2025-08-06 18:41:26,270 - VALO360 - DEBUG - 自動保存已禁用，跳過配置保存
2025-08-06 18:41:26,290 - VALO360 - DEBUG - 自動保存已禁用，跳過配置保存
2025-08-06 18:41:26,290 - VALO360 - DEBUG - 自動保存已禁用，跳過配置保存
2025-08-06 18:41:26,292 - VALO360 - DEBUG - 自動保存已禁用，跳過配置保存
2025-08-06 18:41:26,292 - VALO360 - DEBUG - 自動保存已禁用，跳過配置保存
2025-08-06 18:41:26,294 - VALO360 - DEBUG - 自動保存已禁用，跳過配置保存
2025-08-06 18:41:26,294 - VALO360 - DEBUG - 自動保存已禁用，跳過配置保存
2025-08-06 18:41:26,299 - VALO360 - DEBUG - 自動保存已禁用，跳過配置保存
2025-08-06 18:41:26,299 - VALO360 - DEBUG - 自動保存已禁用，跳過配置保存
2025-08-06 18:41:26,302 - VALO360 - DEBUG - 自動保存已禁用，跳過配置保存
2025-08-06 18:41:26,303 - VALO360 - DEBUG - 自動保存已禁用，跳過配置保存
2025-08-06 18:41:26,303 - VALO360 - DEBUG - 自動保存已禁用，跳過配置保存
2025-08-06 18:41:26,303 - VALO360 - DEBUG - 自動保存已禁用，跳過配置保存
2025-08-06 18:41:26,307 - VALO360 - DEBUG - 自動保存已禁用，跳過配置保存
2025-08-06 18:41:26,308 - VALO360 - DEBUG - 自動保存已禁用，跳過配置保存
2025-08-06 18:41:26,310 - VALO360 - DEBUG - 自動保存已禁用，跳過配置保存
2025-08-06 18:41:26,311 - VALO360 - DEBUG - 自動保存已禁用，跳過配置保存
2025-08-06 18:41:26,318 - VALO360 - DEBUG - 自動保存已禁用，跳過配置保存
2025-08-06 18:41:26,318 - VALO360 - DEBUG - 自動保存已禁用，跳過配置保存
2025-08-06 18:41:26,318 - VALO360 - DEBUG - 自動保存已禁用，跳過配置保存
2025-08-06 18:41:26,318 - VALO360 - DEBUG - 自動保存已禁用，跳過配置保存
2025-08-06 18:41:26,327 - VALO360 - DEBUG - 自動保存已禁用，跳過配置保存
2025-08-06 18:41:26,329 - VALO360 - DEBUG - 自動保存已禁用，跳過配置保存
2025-08-06 18:41:26,329 - VALO360 - DEBUG - 自動保存已禁用，跳過配置保存
2025-08-06 18:41:26,331 - VALO360 - DEBUG - 自動保存已禁用，跳過配置保存
2025-08-06 18:41:26,334 - VALO360 - DEBUG - 自動保存已禁用，跳過配置保存
2025-08-06 18:41:26,335 - VALO360 - DEBUG - 自動保存已禁用，跳過配置保存
2025-08-06 18:41:26,336 - VALO360 - DEBUG - 自動保存已禁用，跳過配置保存
2025-08-06 18:41:26,336 - VALO360 - DEBUG - 自動保存已禁用，跳過配置保存
2025-08-06 18:41:26,341 - VALO360 - DEBUG - 自動保存已禁用，跳過配置保存
2025-08-06 18:41:26,343 - VALO360 - DEBUG - 自動保存已禁用，跳過配置保存
2025-08-06 18:41:26,345 - VALO360 - DEBUG - 自動保存已禁用，跳過配置保存
2025-08-06 18:41:26,346 - VALO360 - DEBUG - 自動保存已禁用，跳過配置保存
2025-08-06 18:41:26,353 - VALO360 - DEBUG - 自動保存已禁用，跳過配置保存
2025-08-06 18:41:26,353 - VALO360 - DEBUG - 自動保存已禁用，跳過配置保存
2025-08-06 18:41:26,353 - VALO360 - DEBUG - 自動保存已禁用，跳過配置保存
2025-08-06 18:41:26,356 - VALO360 - DEBUG - 自動保存已禁用，跳過配置保存
2025-08-06 18:41:26,366 - VALO360 - DEBUG - 自動保存已禁用，跳過配置保存
2025-08-06 18:41:26,368 - VALO360 - DEBUG - 自動保存已禁用，跳過配置保存
2025-08-06 18:41:26,368 - VALO360 - DEBUG - 自動保存已禁用，跳過配置保存
2025-08-06 18:41:26,368 - VALO360 - DEBUG - 自動保存已禁用，跳過配置保存
2025-08-06 18:41:26,370 - VALO360 - DEBUG - 自動保存已禁用，跳過配置保存
2025-08-06 18:41:26,370 - VALO360 - DEBUG - 自動保存已禁用，跳過配置保存
2025-08-06 18:41:26,372 - VALO360 - DEBUG - 自動保存已禁用，跳過配置保存
2025-08-06 18:41:26,372 - VALO360 - DEBUG - 自動保存已禁用，跳過配置保存
2025-08-06 18:41:26,388 - VALO360 - DEBUG - 自動保存已禁用，跳過配置保存
2025-08-06 18:41:26,388 - VALO360 - DEBUG - 自動保存已禁用，跳過配置保存
2025-08-06 18:41:26,389 - VALO360 - DEBUG - 自動保存已禁用，跳過配置保存
2025-08-06 18:41:26,389 - VALO360 - DEBUG - 自動保存已禁用，跳過配置保存
2025-08-06 18:41:26,397 - VALO360 - DEBUG - 自動保存已禁用，跳過配置保存
2025-08-06 18:41:26,399 - VALO360 - DEBUG - 自動保存已禁用，跳過配置保存
2025-08-06 18:41:26,399 - VALO360 - DEBUG - 自動保存已禁用，跳過配置保存
2025-08-06 18:41:26,399 - VALO360 - DEBUG - 自動保存已禁用，跳過配置保存
2025-08-06 18:41:26,760 - VALO360 - DEBUG - 自動保存已禁用，跳過配置保存
2025-08-06 18:41:26,762 - VALO360 - DEBUG - 自動保存已禁用，跳過配置保存
2025-08-06 18:41:26,762 - VALO360 - DEBUG - 自動保存已禁用，跳過配置保存
2025-08-06 18:41:26,764 - VALO360 - DEBUG - 自動保存已禁用，跳過配置保存
2025-08-06 18:41:26,772 - VALO360 - DEBUG - 自動保存已禁用，跳過配置保存
2025-08-06 18:41:26,772 - VALO360 - DEBUG - 自動保存已禁用，跳過配置保存
2025-08-06 18:41:26,774 - VALO360 - DEBUG - 自動保存已禁用，跳過配置保存
2025-08-06 18:41:26,774 - VALO360 - DEBUG - 自動保存已禁用，跳過配置保存
2025-08-06 18:41:26,777 - VALO360 - DEBUG - 自動保存已禁用，跳過配置保存
2025-08-06 18:41:26,779 - VALO360 - DEBUG - 自動保存已禁用，跳過配置保存
2025-08-06 18:41:26,779 - VALO360 - DEBUG - 自動保存已禁用，跳過配置保存
2025-08-06 18:41:26,781 - VALO360 - DEBUG - 自動保存已禁用，跳過配置保存
2025-08-06 18:41:26,781 - VALO360 - DEBUG - 自動保存已禁用，跳過配置保存
2025-08-06 18:41:26,783 - VALO360 - DEBUG - 自動保存已禁用，跳過配置保存
2025-08-06 18:41:26,784 - VALO360 - DEBUG - 自動保存已禁用，跳過配置保存
2025-08-06 18:41:26,784 - VALO360 - DEBUG - 自動保存已禁用，跳過配置保存
2025-08-06 18:41:26,814 - VALO360 - DEBUG - 自動保存已禁用，跳過配置保存
2025-08-06 18:41:26,815 - VALO360 - DEBUG - 自動保存已禁用，跳過配置保存
2025-08-06 18:41:26,815 - VALO360 - DEBUG - 自動保存已禁用，跳過配置保存
2025-08-06 18:41:26,817 - VALO360 - DEBUG - 自動保存已禁用，跳過配置保存
2025-08-06 18:41:26,821 - VALO360 - DEBUG - 自動保存已禁用，跳過配置保存
2025-08-06 18:41:26,821 - VALO360 - DEBUG - 自動保存已禁用，跳過配置保存
2025-08-06 18:41:26,822 - VALO360 - DEBUG - 自動保存已禁用，跳過配置保存
2025-08-06 18:41:26,822 - VALO360 - DEBUG - 自動保存已禁用，跳過配置保存
2025-08-06 18:41:26,828 - VALO360 - DEBUG - 自動保存已禁用，跳過配置保存
2025-08-06 18:41:26,829 - VALO360 - DEBUG - 自動保存已禁用，跳過配置保存
2025-08-06 18:41:26,829 - VALO360 - DEBUG - 自動保存已禁用，跳過配置保存
2025-08-06 18:41:26,831 - VALO360 - DEBUG - 自動保存已禁用，跳過配置保存
2025-08-06 18:41:26,836 - VALO360 - DEBUG - 自動保存已禁用，跳過配置保存
2025-08-06 18:41:26,836 - VALO360 - DEBUG - 自動保存已禁用，跳過配置保存
2025-08-06 18:41:26,838 - VALO360 - DEBUG - 自動保存已禁用，跳過配置保存
2025-08-06 18:41:26,839 - VALO360 - DEBUG - 自動保存已禁用，跳過配置保存
2025-08-06 18:41:26,844 - VALO360 - DEBUG - 自動保存已禁用，跳過配置保存
2025-08-06 18:41:26,845 - VALO360 - DEBUG - 自動保存已禁用，跳過配置保存
2025-08-06 18:41:26,846 - VALO360 - DEBUG - 自動保存已禁用，跳過配置保存
2025-08-06 18:41:26,847 - VALO360 - DEBUG - 自動保存已禁用，跳過配置保存
2025-08-06 18:41:26,851 - VALO360 - DEBUG - 自動保存已禁用，跳過配置保存
2025-08-06 18:41:26,851 - VALO360 - DEBUG - 自動保存已禁用，跳過配置保存
2025-08-06 18:41:26,852 - VALO360 - DEBUG - 自動保存已禁用，跳過配置保存
2025-08-06 18:41:26,853 - VALO360 - DEBUG - 自動保存已禁用，跳過配置保存
2025-08-06 18:41:26,865 - VALO360 - DEBUG - 自動保存已禁用，跳過配置保存
2025-08-06 18:41:26,867 - VALO360 - DEBUG - 自動保存已禁用，跳過配置保存
2025-08-06 18:41:26,867 - VALO360 - DEBUG - 自動保存已禁用，跳過配置保存
2025-08-06 18:41:26,868 - VALO360 - DEBUG - 自動保存已禁用，跳過配置保存
2025-08-06 18:41:26,879 - VALO360 - DEBUG - 自動保存已禁用，跳過配置保存
2025-08-06 18:41:26,881 - VALO360 - DEBUG - 自動保存已禁用，跳過配置保存
2025-08-06 18:41:26,881 - VALO360 - DEBUG - 自動保存已禁用，跳過配置保存
2025-08-06 18:41:26,883 - VALO360 - DEBUG - 自動保存已禁用，跳過配置保存
2025-08-06 18:41:26,887 - VALO360 - DEBUG - 自動保存已禁用，跳過配置保存
2025-08-06 18:41:26,887 - VALO360 - DEBUG - 自動保存已禁用，跳過配置保存
2025-08-06 18:41:26,887 - VALO360 - DEBUG - 自動保存已禁用，跳過配置保存
2025-08-06 18:41:26,889 - VALO360 - DEBUG - 自動保存已禁用，跳過配置保存
2025-08-06 18:41:26,900 - VALO360 - DEBUG - 自動保存已禁用，跳過配置保存
2025-08-06 18:41:26,901 - VALO360 - DEBUG - 自動保存已禁用，跳過配置保存
2025-08-06 18:41:26,901 - VALO360 - DEBUG - 自動保存已禁用，跳過配置保存
2025-08-06 18:41:26,901 - VALO360 - DEBUG - 自動保存已禁用，跳過配置保存
2025-08-06 18:41:26,904 - VALO360 - DEBUG - 自動保存已禁用，跳過配置保存
2025-08-06 18:41:26,904 - VALO360 - DEBUG - 自動保存已禁用，跳過配置保存
2025-08-06 18:41:26,906 - VALO360 - DEBUG - 自動保存已禁用，跳過配置保存
2025-08-06 18:41:26,906 - VALO360 - DEBUG - 自動保存已禁用，跳過配置保存
2025-08-06 18:41:26,914 - VALO360 - DEBUG - 自動保存已禁用，跳過配置保存
2025-08-06 18:41:26,914 - VALO360 - DEBUG - 自動保存已禁用，跳過配置保存
2025-08-06 18:41:26,916 - VALO360 - DEBUG - 自動保存已禁用，跳過配置保存
2025-08-06 18:41:26,916 - VALO360 - DEBUG - 自動保存已禁用，跳過配置保存
2025-08-06 18:41:26,921 - VALO360 - DEBUG - 自動保存已禁用，跳過配置保存
2025-08-06 18:41:26,921 - VALO360 - DEBUG - 自動保存已禁用，跳過配置保存
2025-08-06 18:41:26,922 - VALO360 - DEBUG - 自動保存已禁用，跳過配置保存
2025-08-06 18:41:26,922 - VALO360 - DEBUG - 自動保存已禁用，跳過配置保存
2025-08-06 18:41:26,935 - VALO360 - DEBUG - 自動保存已禁用，跳過配置保存
2025-08-06 18:41:26,935 - VALO360 - DEBUG - 自動保存已禁用，跳過配置保存
2025-08-06 18:41:26,935 - VALO360 - DEBUG - 自動保存已禁用，跳過配置保存
2025-08-06 18:41:26,938 - VALO360 - DEBUG - 自動保存已禁用，跳過配置保存
2025-08-06 18:41:26,938 - VALO360 - DEBUG - 自動保存已禁用，跳過配置保存
2025-08-06 18:41:26,940 - VALO360 - DEBUG - 自動保存已禁用，跳過配置保存
2025-08-06 18:41:26,941 - VALO360 - DEBUG - 自動保存已禁用，跳過配置保存
2025-08-06 18:41:26,941 - VALO360 - DEBUG - 自動保存已禁用，跳過配置保存
2025-08-06 18:41:26,945 - VALO360 - DEBUG - 自動保存已禁用，跳過配置保存
2025-08-06 18:41:26,949 - VALO360 - DEBUG - 自動保存已禁用，跳過配置保存
2025-08-06 18:41:26,949 - VALO360 - DEBUG - 自動保存已禁用，跳過配置保存
2025-08-06 18:41:26,949 - VALO360 - DEBUG - 自動保存已禁用，跳過配置保存
2025-08-06 18:41:26,954 - VALO360 - DEBUG - 自動保存已禁用，跳過配置保存
2025-08-06 18:41:26,954 - VALO360 - DEBUG - 自動保存已禁用，跳過配置保存
2025-08-06 18:41:26,956 - VALO360 - DEBUG - 自動保存已禁用，跳過配置保存
2025-08-06 18:41:26,956 - VALO360 - DEBUG - 自動保存已禁用，跳過配置保存
2025-08-06 18:41:26,963 - VALO360 - DEBUG - 自動保存已禁用，跳過配置保存
2025-08-06 18:41:26,964 - VALO360 - DEBUG - 自動保存已禁用，跳過配置保存
2025-08-06 18:41:26,964 - VALO360 - DEBUG - 自動保存已禁用，跳過配置保存
2025-08-06 18:41:26,966 - VALO360 - DEBUG - 自動保存已禁用，跳過配置保存
2025-08-06 18:41:26,973 - VALO360 - DEBUG - 自動保存已禁用，跳過配置保存
2025-08-06 18:41:26,974 - VALO360 - DEBUG - 自動保存已禁用，跳過配置保存
2025-08-06 18:41:26,974 - VALO360 - DEBUG - 自動保存已禁用，跳過配置保存
2025-08-06 18:41:26,976 - VALO360 - DEBUG - 自動保存已禁用，跳過配置保存
2025-08-06 18:41:26,984 - VALO360 - DEBUG - 自動保存已禁用，跳過配置保存
2025-08-06 18:41:26,984 - VALO360 - DEBUG - 自動保存已禁用，跳過配置保存
2025-08-06 18:41:26,986 - VALO360 - DEBUG - 自動保存已禁用，跳過配置保存
2025-08-06 18:41:26,986 - VALO360 - DEBUG - 自動保存已禁用，跳過配置保存
2025-08-06 18:41:26,991 - VALO360 - DEBUG - 自動保存已禁用，跳過配置保存
2025-08-06 18:41:26,993 - VALO360 - DEBUG - 自動保存已禁用，跳過配置保存
2025-08-06 18:41:26,993 - VALO360 - DEBUG - 自動保存已禁用，跳過配置保存
2025-08-06 18:41:26,995 - VALO360 - DEBUG - 自動保存已禁用，跳過配置保存
2025-08-06 18:41:27,015 - VALO360 - DEBUG - 自動保存已禁用，跳過配置保存
2025-08-06 18:41:27,016 - VALO360 - DEBUG - 自動保存已禁用，跳過配置保存
2025-08-06 18:41:27,017 - VALO360 - DEBUG - 自動保存已禁用，跳過配置保存
2025-08-06 18:41:27,017 - VALO360 - DEBUG - 自動保存已禁用，跳過配置保存
2025-08-06 18:41:27,020 - VALO360 - DEBUG - 自動保存已禁用，跳過配置保存
2025-08-06 18:41:27,020 - VALO360 - DEBUG - 自動保存已禁用，跳過配置保存
2025-08-06 18:41:27,020 - VALO360 - DEBUG - 自動保存已禁用，跳過配置保存
2025-08-06 18:41:27,022 - VALO360 - DEBUG - 自動保存已禁用，跳過配置保存
2025-08-06 18:41:27,033 - VALO360 - DEBUG - 自動保存已禁用，跳過配置保存
2025-08-06 18:41:27,035 - VALO360 - DEBUG - 自動保存已禁用，跳過配置保存
2025-08-06 18:41:27,035 - VALO360 - DEBUG - 自動保存已禁用，跳過配置保存
2025-08-06 18:41:27,035 - VALO360 - DEBUG - 自動保存已禁用，跳過配置保存
2025-08-06 18:41:27,040 - VALO360 - DEBUG - 自動保存已禁用，跳過配置保存
2025-08-06 18:41:27,041 - VALO360 - DEBUG - 自動保存已禁用，跳過配置保存
2025-08-06 18:41:27,041 - VALO360 - DEBUG - 自動保存已禁用，跳過配置保存
2025-08-06 18:41:27,043 - VALO360 - DEBUG - 自動保存已禁用，跳過配置保存
2025-08-06 18:41:27,049 - VALO360 - DEBUG - 自動保存已禁用，跳過配置保存
2025-08-06 18:41:27,049 - VALO360 - DEBUG - 自動保存已禁用，跳過配置保存
2025-08-06 18:41:27,051 - VALO360 - DEBUG - 自動保存已禁用，跳過配置保存
2025-08-06 18:41:27,051 - VALO360 - DEBUG - 自動保存已禁用，跳過配置保存
2025-08-06 18:41:27,055 - VALO360 - DEBUG - 自動保存已禁用，跳過配置保存
2025-08-06 18:41:27,055 - VALO360 - DEBUG - 自動保存已禁用，跳過配置保存
2025-08-06 18:41:27,055 - VALO360 - DEBUG - 自動保存已禁用，跳過配置保存
2025-08-06 18:41:27,057 - VALO360 - DEBUG - 自動保存已禁用，跳過配置保存
2025-08-06 18:41:27,064 - VALO360 - DEBUG - 自動保存已禁用，跳過配置保存
2025-08-06 18:41:27,064 - VALO360 - DEBUG - 自動保存已禁用，跳過配置保存
2025-08-06 18:41:27,066 - VALO360 - DEBUG - 自動保存已禁用，跳過配置保存
2025-08-06 18:41:27,066 - VALO360 - DEBUG - 自動保存已禁用，跳過配置保存
2025-08-06 18:41:27,070 - VALO360 - DEBUG - 自動保存已禁用，跳過配置保存
2025-08-06 18:41:27,072 - VALO360 - DEBUG - 自動保存已禁用，跳過配置保存
2025-08-06 18:41:27,072 - VALO360 - DEBUG - 自動保存已禁用，跳過配置保存
2025-08-06 18:41:27,073 - VALO360 - DEBUG - 自動保存已禁用，跳過配置保存
2025-08-06 18:41:27,100 - VALO360 - DEBUG - 自動保存已禁用，跳過配置保存
2025-08-06 18:41:27,104 - VALO360 - DEBUG - 自動保存已禁用，跳過配置保存
2025-08-06 18:41:27,105 - VALO360 - DEBUG - 自動保存已禁用，跳過配置保存
2025-08-06 18:41:27,105 - VALO360 - DEBUG - 自動保存已禁用，跳過配置保存
2025-08-06 18:41:27,110 - VALO360 - DEBUG - 自動保存已禁用，跳過配置保存
2025-08-06 18:41:27,110 - VALO360 - DEBUG - 自動保存已禁用，跳過配置保存
2025-08-06 18:41:27,112 - VALO360 - DEBUG - 自動保存已禁用，跳過配置保存
2025-08-06 18:41:27,112 - VALO360 - DEBUG - 自動保存已禁用，跳過配置保存
2025-08-06 18:41:28,808 - VALO360 - DEBUG - 自動保存已禁用，跳過配置保存
2025-08-06 18:41:28,809 - VALO360 - DEBUG - 自動保存已禁用，跳過配置保存
2025-08-06 18:41:28,809 - VALO360 - DEBUG - 自動保存已禁用，跳過配置保存
2025-08-06 18:41:28,811 - VALO360 - DEBUG - 自動保存已禁用，跳過配置保存
2025-08-06 18:41:28,819 - VALO360 - DEBUG - 自動保存已禁用，跳過配置保存
2025-08-06 18:41:28,820 - VALO360 - DEBUG - 自動保存已禁用，跳過配置保存
2025-08-06 18:41:28,820 - VALO360 - DEBUG - 自動保存已禁用，跳過配置保存
2025-08-06 18:41:28,821 - VALO360 - DEBUG - 自動保存已禁用，跳過配置保存
2025-08-06 18:41:28,843 - VALO360 - DEBUG - 自動保存已禁用，跳過配置保存
2025-08-06 18:41:28,844 - VALO360 - DEBUG - 自動保存已禁用，跳過配置保存
2025-08-06 18:41:28,846 - VALO360 - DEBUG - 自動保存已禁用，跳過配置保存
2025-08-06 18:41:28,846 - VALO360 - DEBUG - 自動保存已禁用，跳過配置保存
2025-08-06 18:41:28,852 - VALO360 - DEBUG - 自動保存已禁用，跳過配置保存
2025-08-06 18:41:28,852 - VALO360 - DEBUG - 自動保存已禁用，跳過配置保存
2025-08-06 18:41:28,853 - VALO360 - DEBUG - 自動保存已禁用，跳過配置保存
2025-08-06 18:41:28,854 - VALO360 - DEBUG - 自動保存已禁用，跳過配置保存
2025-08-06 18:41:28,857 - VALO360 - DEBUG - 自動保存已禁用，跳過配置保存
2025-08-06 18:41:28,858 - VALO360 - DEBUG - 自動保存已禁用，跳過配置保存
2025-08-06 18:41:28,858 - VALO360 - DEBUG - 自動保存已禁用，跳過配置保存
2025-08-06 18:41:28,860 - VALO360 - DEBUG - 自動保存已禁用，跳過配置保存
2025-08-06 18:41:28,864 - VALO360 - DEBUG - 自動保存已禁用，跳過配置保存
2025-08-06 18:41:28,864 - VALO360 - DEBUG - 自動保存已禁用，跳過配置保存
2025-08-06 18:41:28,866 - VALO360 - DEBUG - 自動保存已禁用，跳過配置保存
2025-08-06 18:41:28,867 - VALO360 - DEBUG - 自動保存已禁用，跳過配置保存
2025-08-06 18:41:28,870 - VALO360 - DEBUG - 自動保存已禁用，跳過配置保存
2025-08-06 18:41:28,870 - VALO360 - DEBUG - 自動保存已禁用，跳過配置保存
2025-08-06 18:41:28,870 - VALO360 - DEBUG - 自動保存已禁用，跳過配置保存
2025-08-06 18:41:28,872 - VALO360 - DEBUG - 自動保存已禁用，跳過配置保存
2025-08-06 18:41:28,884 - VALO360 - DEBUG - 自動保存已禁用，跳過配置保存
2025-08-06 18:41:28,886 - VALO360 - DEBUG - 自動保存已禁用，跳過配置保存
2025-08-06 18:41:28,886 - VALO360 - DEBUG - 自動保存已禁用，跳過配置保存
2025-08-06 18:41:28,888 - VALO360 - DEBUG - 自動保存已禁用，跳過配置保存
2025-08-06 18:41:28,895 - VALO360 - DEBUG - 自動保存已禁用，跳過配置保存
2025-08-06 18:41:28,896 - VALO360 - DEBUG - 自動保存已禁用，跳過配置保存
2025-08-06 18:41:28,897 - VALO360 - DEBUG - 自動保存已禁用，跳過配置保存
2025-08-06 18:41:28,897 - VALO360 - DEBUG - 自動保存已禁用，跳過配置保存
2025-08-06 18:41:28,901 - VALO360 - DEBUG - 自動保存已禁用，跳過配置保存
2025-08-06 18:41:28,901 - VALO360 - DEBUG - 自動保存已禁用，跳過配置保存
2025-08-06 18:41:28,902 - VALO360 - DEBUG - 自動保存已禁用，跳過配置保存
2025-08-06 18:41:28,903 - VALO360 - DEBUG - 自動保存已禁用，跳過配置保存
2025-08-06 18:41:28,907 - VALO360 - DEBUG - 自動保存已禁用，跳過配置保存
2025-08-06 18:41:28,907 - VALO360 - DEBUG - 自動保存已禁用，跳過配置保存
2025-08-06 18:41:28,909 - VALO360 - DEBUG - 自動保存已禁用，跳過配置保存
2025-08-06 18:41:28,910 - VALO360 - DEBUG - 自動保存已禁用，跳過配置保存
2025-08-06 18:41:28,914 - VALO360 - DEBUG - 自動保存已禁用，跳過配置保存
2025-08-06 18:41:28,915 - VALO360 - DEBUG - 自動保存已禁用，跳過配置保存
2025-08-06 18:41:28,916 - VALO360 - DEBUG - 自動保存已禁用，跳過配置保存
2025-08-06 18:41:28,916 - VALO360 - DEBUG - 自動保存已禁用，跳過配置保存
2025-08-06 18:41:28,927 - VALO360 - DEBUG - 自動保存已禁用，跳過配置保存
2025-08-06 18:41:28,929 - VALO360 - DEBUG - 自動保存已禁用，跳過配置保存
2025-08-06 18:41:28,929 - VALO360 - DEBUG - 自動保存已禁用，跳過配置保存
2025-08-06 18:41:28,930 - VALO360 - DEBUG - 自動保存已禁用，跳過配置保存
2025-08-06 18:41:28,937 - VALO360 - DEBUG - 自動保存已禁用，跳過配置保存
2025-08-06 18:41:28,937 - VALO360 - DEBUG - 自動保存已禁用，跳過配置保存
2025-08-06 18:41:28,937 - VALO360 - DEBUG - 自動保存已禁用，跳過配置保存
2025-08-06 18:41:28,939 - VALO360 - DEBUG - 自動保存已禁用，跳過配置保存
2025-08-06 18:41:28,954 - VALO360 - DEBUG - 自動保存已禁用，跳過配置保存
2025-08-06 18:41:28,955 - VALO360 - DEBUG - 自動保存已禁用，跳過配置保存
2025-08-06 18:41:28,955 - VALO360 - DEBUG - 自動保存已禁用，跳過配置保存
2025-08-06 18:41:28,957 - VALO360 - DEBUG - 自動保存已禁用，跳過配置保存
2025-08-06 18:41:28,959 - VALO360 - DEBUG - 自動保存已禁用，跳過配置保存
2025-08-06 18:41:28,959 - VALO360 - DEBUG - 自動保存已禁用，跳過配置保存
2025-08-06 18:41:28,961 - VALO360 - DEBUG - 自動保存已禁用，跳過配置保存
2025-08-06 18:41:28,962 - VALO360 - DEBUG - 自動保存已禁用，跳過配置保存
2025-08-06 18:41:28,966 - VALO360 - DEBUG - 自動保存已禁用，跳過配置保存
2025-08-06 18:41:28,967 - VALO360 - DEBUG - 自動保存已禁用，跳過配置保存
2025-08-06 18:41:28,969 - VALO360 - DEBUG - 自動保存已禁用，跳過配置保存
2025-08-06 18:41:28,969 - VALO360 - DEBUG - 自動保存已禁用，跳過配置保存
2025-08-06 18:41:28,972 - VALO360 - DEBUG - 自動保存已禁用，跳過配置保存
2025-08-06 18:41:28,973 - VALO360 - DEBUG - 自動保存已禁用，跳過配置保存
2025-08-06 18:41:28,973 - VALO360 - DEBUG - 自動保存已禁用，跳過配置保存
2025-08-06 18:41:28,975 - VALO360 - DEBUG - 自動保存已禁用，跳過配置保存
2025-08-06 18:41:28,984 - VALO360 - DEBUG - 自動保存已禁用，跳過配置保存
2025-08-06 18:41:28,985 - VALO360 - DEBUG - 自動保存已禁用，跳過配置保存
2025-08-06 18:41:28,986 - VALO360 - DEBUG - 自動保存已禁用，跳過配置保存
2025-08-06 18:41:28,986 - VALO360 - DEBUG - 自動保存已禁用，跳過配置保存
2025-08-06 18:41:28,988 - VALO360 - DEBUG - 自動保存已禁用，跳過配置保存
2025-08-06 18:41:28,988 - VALO360 - DEBUG - 自動保存已禁用，跳過配置保存
2025-08-06 18:41:28,988 - VALO360 - DEBUG - 自動保存已禁用，跳過配置保存
2025-08-06 18:41:28,990 - VALO360 - DEBUG - 自動保存已禁用，跳過配置保存
2025-08-06 18:41:29,004 - VALO360 - DEBUG - 自動保存已禁用，跳過配置保存
2025-08-06 18:41:29,005 - VALO360 - DEBUG - 自動保存已禁用，跳過配置保存
2025-08-06 18:41:29,005 - VALO360 - DEBUG - 自動保存已禁用，跳過配置保存
2025-08-06 18:41:29,005 - VALO360 - DEBUG - 自動保存已禁用，跳過配置保存
2025-08-06 18:41:29,009 - VALO360 - DEBUG - 自動保存已禁用，跳過配置保存
2025-08-06 18:41:29,011 - VALO360 - DEBUG - 自動保存已禁用，跳過配置保存
2025-08-06 18:41:29,012 - VALO360 - DEBUG - 自動保存已禁用，跳過配置保存
2025-08-06 18:41:29,013 - VALO360 - DEBUG - 自動保存已禁用，跳過配置保存
2025-08-06 18:41:29,018 - VALO360 - DEBUG - 自動保存已禁用，跳過配置保存
2025-08-06 18:41:29,019 - VALO360 - DEBUG - 自動保存已禁用，跳過配置保存
2025-08-06 18:41:29,019 - VALO360 - DEBUG - 自動保存已禁用，跳過配置保存
2025-08-06 18:41:29,021 - VALO360 - DEBUG - 自動保存已禁用，跳過配置保存
2025-08-06 18:41:29,027 - VALO360 - DEBUG - 自動保存已禁用，跳過配置保存
2025-08-06 18:41:29,027 - VALO360 - DEBUG - 自動保存已禁用，跳過配置保存
2025-08-06 18:41:29,029 - VALO360 - DEBUG - 自動保存已禁用，跳過配置保存
2025-08-06 18:41:29,029 - VALO360 - DEBUG - 自動保存已禁用，跳過配置保存
2025-08-06 18:41:29,041 - VALO360 - DEBUG - 自動保存已禁用，跳過配置保存
2025-08-06 18:41:29,042 - VALO360 - DEBUG - 自動保存已禁用，跳過配置保存
2025-08-06 18:41:29,042 - VALO360 - DEBUG - 自動保存已禁用，跳過配置保存
2025-08-06 18:41:29,044 - VALO360 - DEBUG - 自動保存已禁用，跳過配置保存
2025-08-06 18:41:29,047 - VALO360 - DEBUG - 自動保存已禁用，跳過配置保存
2025-08-06 18:41:29,048 - VALO360 - DEBUG - 自動保存已禁用，跳過配置保存
2025-08-06 18:41:29,048 - VALO360 - DEBUG - 自動保存已禁用，跳過配置保存
2025-08-06 18:41:29,049 - VALO360 - DEBUG - 自動保存已禁用，跳過配置保存
2025-08-06 18:41:29,053 - VALO360 - DEBUG - 自動保存已禁用，跳過配置保存
2025-08-06 18:41:29,054 - VALO360 - DEBUG - 自動保存已禁用，跳過配置保存
2025-08-06 18:41:29,056 - VALO360 - DEBUG - 自動保存已禁用，跳過配置保存
2025-08-06 18:41:29,057 - VALO360 - DEBUG - 自動保存已禁用，跳過配置保存
2025-08-06 18:41:29,067 - VALO360 - DEBUG - 自動保存已禁用，跳過配置保存
2025-08-06 18:41:29,068 - VALO360 - DEBUG - 自動保存已禁用，跳過配置保存
2025-08-06 18:41:29,070 - VALO360 - DEBUG - 自動保存已禁用，跳過配置保存
2025-08-06 18:41:29,072 - VALO360 - DEBUG - 自動保存已禁用，跳過配置保存
2025-08-06 18:41:29,076 - VALO360 - DEBUG - 自動保存已禁用，跳過配置保存
2025-08-06 18:41:29,077 - VALO360 - DEBUG - 自動保存已禁用，跳過配置保存
2025-08-06 18:41:29,079 - VALO360 - DEBUG - 自動保存已禁用，跳過配置保存
2025-08-06 18:41:29,081 - VALO360 - DEBUG - 自動保存已禁用，跳過配置保存
2025-08-06 18:41:29,104 - VALO360 - DEBUG - 自動保存已禁用，跳過配置保存
2025-08-06 18:41:29,104 - VALO360 - DEBUG - 自動保存已禁用，跳過配置保存
2025-08-06 18:41:29,105 - VALO360 - DEBUG - 自動保存已禁用，跳過配置保存
2025-08-06 18:41:29,106 - VALO360 - DEBUG - 自動保存已禁用，跳過配置保存
2025-08-06 18:41:29,109 - VALO360 - DEBUG - 自動保存已禁用，跳過配置保存
2025-08-06 18:41:29,109 - VALO360 - DEBUG - 自動保存已禁用，跳過配置保存
2025-08-06 18:41:29,111 - VALO360 - DEBUG - 自動保存已禁用，跳過配置保存
2025-08-06 18:41:29,111 - VALO360 - DEBUG - 自動保存已禁用，跳過配置保存
2025-08-06 18:41:29,129 - VALO360 - DEBUG - 自動保存已禁用，跳過配置保存
2025-08-06 18:41:29,129 - VALO360 - DEBUG - 自動保存已禁用，跳過配置保存
2025-08-06 18:41:29,130 - VALO360 - DEBUG - 自動保存已禁用，跳過配置保存
2025-08-06 18:41:29,131 - VALO360 - DEBUG - 自動保存已禁用，跳過配置保存
2025-08-06 18:41:29,140 - VALO360 - DEBUG - 自動保存已禁用，跳過配置保存
2025-08-06 18:41:29,140 - VALO360 - DEBUG - 自動保存已禁用，跳過配置保存
2025-08-06 18:41:29,142 - VALO360 - DEBUG - 自動保存已禁用，跳過配置保存
2025-08-06 18:41:29,143 - VALO360 - DEBUG - 自動保存已禁用，跳過配置保存
2025-08-06 18:41:29,145 - VALO360 - DEBUG - 自動保存已禁用，跳過配置保存
2025-08-06 18:41:29,147 - VALO360 - DEBUG - 自動保存已禁用，跳過配置保存
2025-08-06 18:41:29,147 - VALO360 - DEBUG - 自動保存已禁用，跳過配置保存
2025-08-06 18:41:29,149 - VALO360 - DEBUG - 自動保存已禁用，跳過配置保存
2025-08-06 18:41:29,158 - VALO360 - DEBUG - 自動保存已禁用，跳過配置保存
2025-08-06 18:41:29,159 - VALO360 - DEBUG - 自動保存已禁用，跳過配置保存
2025-08-06 18:41:29,160 - VALO360 - DEBUG - 自動保存已禁用，跳過配置保存
2025-08-06 18:41:29,161 - VALO360 - DEBUG - 自動保存已禁用，跳過配置保存
2025-08-06 18:41:29,161 - VALO360 - DEBUG - 自動保存已禁用，跳過配置保存
2025-08-06 18:41:29,163 - VALO360 - DEBUG - 自動保存已禁用，跳過配置保存
2025-08-06 18:41:29,163 - VALO360 - DEBUG - 自動保存已禁用，跳過配置保存
2025-08-06 18:41:29,165 - VALO360 - DEBUG - 自動保存已禁用，跳過配置保存
2025-08-06 18:41:29,169 - VALO360 - DEBUG - 自動保存已禁用，跳過配置保存
2025-08-06 18:41:29,169 - VALO360 - DEBUG - 自動保存已禁用，跳過配置保存
2025-08-06 18:41:29,170 - VALO360 - DEBUG - 自動保存已禁用，跳過配置保存
2025-08-06 18:41:29,171 - VALO360 - DEBUG - 自動保存已禁用，跳過配置保存
2025-08-06 18:41:29,175 - VALO360 - DEBUG - 自動保存已禁用，跳過配置保存
2025-08-06 18:41:29,175 - VALO360 - DEBUG - 自動保存已禁用，跳過配置保存
2025-08-06 18:41:29,175 - VALO360 - DEBUG - 自動保存已禁用，跳過配置保存
2025-08-06 18:41:29,177 - VALO360 - DEBUG - 自動保存已禁用，跳過配置保存
2025-08-06 18:41:29,183 - VALO360 - DEBUG - 自動保存已禁用，跳過配置保存
2025-08-06 18:41:29,183 - VALO360 - DEBUG - 自動保存已禁用，跳過配置保存
2025-08-06 18:41:29,184 - VALO360 - DEBUG - 自動保存已禁用，跳過配置保存
2025-08-06 18:41:29,184 - VALO360 - DEBUG - 自動保存已禁用，跳過配置保存
2025-08-06 18:41:29,199 - VALO360 - DEBUG - 自動保存已禁用，跳過配置保存
2025-08-06 18:41:29,200 - VALO360 - DEBUG - 自動保存已禁用，跳過配置保存
2025-08-06 18:41:29,202 - VALO360 - DEBUG - 自動保存已禁用，跳過配置保存
2025-08-06 18:41:29,202 - VALO360 - DEBUG - 自動保存已禁用，跳過配置保存
2025-08-06 18:41:29,204 - VALO360 - DEBUG - 自動保存已禁用，跳過配置保存
2025-08-06 18:41:29,205 - VALO360 - DEBUG - 自動保存已禁用，跳過配置保存
2025-08-06 18:41:29,205 - VALO360 - DEBUG - 自動保存已禁用，跳過配置保存
2025-08-06 18:41:29,206 - VALO360 - DEBUG - 自動保存已禁用，跳過配置保存
2025-08-06 18:41:29,216 - VALO360 - DEBUG - 自動保存已禁用，跳過配置保存
2025-08-06 18:41:29,217 - VALO360 - DEBUG - 自動保存已禁用，跳過配置保存
2025-08-06 18:41:29,218 - VALO360 - DEBUG - 自動保存已禁用，跳過配置保存
2025-08-06 18:41:29,218 - VALO360 - DEBUG - 自動保存已禁用，跳過配置保存
2025-08-06 18:41:29,220 - VALO360 - DEBUG - 自動保存已禁用，跳過配置保存
2025-08-06 18:41:29,221 - VALO360 - DEBUG - 自動保存已禁用，跳過配置保存
2025-08-06 18:41:29,221 - VALO360 - DEBUG - 自動保存已禁用，跳過配置保存
2025-08-06 18:41:29,222 - VALO360 - DEBUG - 自動保存已禁用，跳過配置保存
2025-08-06 18:41:29,234 - VALO360 - DEBUG - 自動保存已禁用，跳過配置保存
2025-08-06 18:41:29,235 - VALO360 - DEBUG - 自動保存已禁用，跳過配置保存
2025-08-06 18:41:29,235 - VALO360 - DEBUG - 自動保存已禁用，跳過配置保存
2025-08-06 18:41:29,236 - VALO360 - DEBUG - 自動保存已禁用，跳過配置保存
2025-08-06 18:41:29,238 - VALO360 - DEBUG - 自動保存已禁用，跳過配置保存
2025-08-06 18:41:29,238 - VALO360 - DEBUG - 自動保存已禁用，跳過配置保存
2025-08-06 18:41:29,240 - VALO360 - DEBUG - 自動保存已禁用，跳過配置保存
2025-08-06 18:41:29,240 - VALO360 - DEBUG - 自動保存已禁用，跳過配置保存
2025-08-06 18:41:29,252 - VALO360 - DEBUG - 自動保存已禁用，跳過配置保存
2025-08-06 18:41:29,252 - VALO360 - DEBUG - 自動保存已禁用，跳過配置保存
2025-08-06 18:41:29,253 - VALO360 - DEBUG - 自動保存已禁用，跳過配置保存
2025-08-06 18:41:29,254 - VALO360 - DEBUG - 自動保存已禁用，跳過配置保存
2025-08-06 18:41:29,256 - VALO360 - DEBUG - 自動保存已禁用，跳過配置保存
2025-08-06 18:41:29,256 - VALO360 - DEBUG - 自動保存已禁用，跳過配置保存
2025-08-06 18:41:29,257 - VALO360 - DEBUG - 自動保存已禁用，跳過配置保存
2025-08-06 18:41:29,257 - VALO360 - DEBUG - 自動保存已禁用，跳過配置保存
2025-08-06 18:41:29,268 - VALO360 - DEBUG - 自動保存已禁用，跳過配置保存
2025-08-06 18:41:29,268 - VALO360 - DEBUG - 自動保存已禁用，跳過配置保存
2025-08-06 18:41:29,270 - VALO360 - DEBUG - 自動保存已禁用，跳過配置保存
2025-08-06 18:41:29,270 - VALO360 - DEBUG - 自動保存已禁用，跳過配置保存
2025-08-06 18:41:29,273 - VALO360 - DEBUG - 自動保存已禁用，跳過配置保存
2025-08-06 18:41:29,273 - VALO360 - DEBUG - 自動保存已禁用，跳過配置保存
2025-08-06 18:41:29,274 - VALO360 - DEBUG - 自動保存已禁用，跳過配置保存
2025-08-06 18:41:29,275 - VALO360 - DEBUG - 自動保存已禁用，跳過配置保存
2025-08-06 18:41:29,543 - VALO360 - DEBUG - 自動保存已禁用，跳過配置保存
2025-08-06 18:41:29,545 - VALO360 - DEBUG - 自動保存已禁用，跳過配置保存
2025-08-06 18:41:29,546 - VALO360 - DEBUG - 自動保存已禁用，跳過配置保存
2025-08-06 18:41:29,546 - VALO360 - DEBUG - 自動保存已禁用，跳過配置保存
2025-08-06 18:41:29,665 - VALO360 - DEBUG - 找到 1 個COM口: ['COM3']
2025-08-06 18:41:30,046 - VALO360 - DEBUG - 自動保存已禁用，跳過配置保存
2025-08-06 18:41:30,046 - VALO360 - DEBUG - 自動保存已禁用，跳過配置保存
2025-08-06 18:41:30,046 - VALO360 - DEBUG - 自動保存已禁用，跳過配置保存
2025-08-06 18:41:30,049 - VALO360 - DEBUG - 自動保存已禁用，跳過配置保存
2025-08-06 18:41:33,470 - VALO360 - DEBUG - 自動保存已禁用，跳過配置保存
2025-08-06 18:41:33,470 - VALO360 - DEBUG - 自動保存已禁用，跳過配置保存
2025-08-06 18:41:33,470 - VALO360 - DEBUG - 自動保存已禁用，跳過配置保存
2025-08-06 18:41:33,470 - VALO360 - DEBUG - 自動保存已禁用，跳過配置保存
2025-08-06 18:41:42,136 - VALO360 - DEBUG - 自動保存已禁用，跳過配置保存
2025-08-06 18:41:42,138 - VALO360 - DEBUG - 自動保存已禁用，跳過配置保存
2025-08-06 18:41:42,138 - VALO360 - DEBUG - 自動保存已禁用，跳過配置保存
2025-08-06 18:41:42,138 - VALO360 - DEBUG - 自動保存已禁用，跳過配置保存
2025-08-06 18:41:42,138 - VALO360 - DEBUG - 自動保存已禁用，跳過配置保存
2025-08-06 18:41:42,138 - VALO360 - DEBUG - 自動保存已禁用，跳過配置保存
2025-08-06 18:41:42,143 - VALO360 - DEBUG - 自動保存已禁用，跳過配置保存
2025-08-06 18:41:42,143 - VALO360 - DEBUG - 自動保存已禁用，跳過配置保存
2025-08-06 18:41:42,145 - VALO360 - DEBUG - 自動保存已禁用，跳過配置保存
2025-08-06 18:41:42,145 - VALO360 - DEBUG - 自動保存已禁用，跳過配置保存
2025-08-06 18:41:42,145 - VALO360 - DEBUG - 自動保存已禁用，跳過配置保存
2025-08-06 18:41:42,145 - VALO360 - DEBUG - 自動保存已禁用，跳過配置保存
2025-08-06 18:41:42,145 - VALO360 - DEBUG - 自動保存已禁用，跳過配置保存
2025-08-06 18:41:42,155 - VALO360 - DEBUG - 自動保存已禁用，跳過配置保存
2025-08-06 18:41:42,155 - VALO360 - DEBUG - 自動保存已禁用，跳過配置保存
2025-08-06 18:41:42,155 - VALO360 - DEBUG - 自動保存已禁用，跳過配置保存
2025-08-06 18:41:42,155 - VALO360 - DEBUG - 自動保存已禁用，跳過配置保存
2025-08-06 18:41:42,155 - VALO360 - DEBUG - 自動保存已禁用，跳過配置保存
2025-08-06 18:41:42,155 - VALO360 - DEBUG - 自動保存已禁用，跳過配置保存
2025-08-06 18:41:42,155 - VALO360 - DEBUG - 自動保存已禁用，跳過配置保存
2025-08-06 18:41:42,163 - VALO360 - DEBUG - 自動保存已禁用，跳過配置保存
2025-08-06 18:41:42,164 - VALO360 - DEBUG - 自動保存已禁用，跳過配置保存
2025-08-06 18:41:42,164 - VALO360 - DEBUG - 自動保存已禁用，跳過配置保存
2025-08-06 18:41:42,164 - VALO360 - DEBUG - 自動保存已禁用，跳過配置保存
2025-08-06 18:41:42,168 - VALO360 - DEBUG - 自動保存已禁用，跳過配置保存
2025-08-06 18:41:42,168 - VALO360 - DEBUG - 自動保存已禁用，跳過配置保存
2025-08-06 18:41:42,168 - VALO360 - DEBUG - 自動保存已禁用，跳過配置保存
2025-08-06 18:41:42,170 - VALO360 - DEBUG - 自動保存已禁用，跳過配置保存
2025-08-06 18:41:42,174 - VALO360 - DEBUG - 自動保存已禁用，跳過配置保存
2025-08-06 18:41:42,176 - VALO360 - DEBUG - 自動保存已禁用，跳過配置保存
2025-08-06 18:41:42,176 - VALO360 - DEBUG - 自動保存已禁用，跳過配置保存
2025-08-06 18:41:42,177 - VALO360 - DEBUG - 自動保存已禁用，跳過配置保存
2025-08-06 18:41:42,179 - VALO360 - DEBUG - 自動保存已禁用，跳過配置保存
2025-08-06 18:41:42,179 - VALO360 - DEBUG - 自動保存已禁用，跳過配置保存
2025-08-06 18:41:42,179 - VALO360 - DEBUG - 自動保存已禁用，跳過配置保存
2025-08-06 18:41:42,179 - VALO360 - DEBUG - 自動保存已禁用，跳過配置保存
2025-08-06 18:41:42,182 - VALO360 - DEBUG - 自動保存已禁用，跳過配置保存
2025-08-06 18:41:42,182 - VALO360 - DEBUG - 自動保存已禁用，跳過配置保存
2025-08-06 18:41:42,184 - VALO360 - DEBUG - 自動保存已禁用，跳過配置保存
2025-08-06 18:41:42,184 - VALO360 - DEBUG - 自動保存已禁用，跳過配置保存
2025-08-06 18:41:42,184 - VALO360 - DEBUG - 自動保存已禁用，跳過配置保存
2025-08-06 18:41:42,184 - VALO360 - DEBUG - 自動保存已禁用，跳過配置保存
2025-08-06 18:41:42,184 - VALO360 - DEBUG - 自動保存已禁用，跳過配置保存
2025-08-06 18:41:42,187 - VALO360 - DEBUG - 自動保存已禁用，跳過配置保存
2025-08-06 18:41:42,189 - VALO360 - DEBUG - 自動保存已禁用，跳過配置保存
2025-08-06 18:41:42,189 - VALO360 - DEBUG - 自動保存已禁用，跳過配置保存
2025-08-06 18:41:42,189 - VALO360 - DEBUG - 自動保存已禁用，跳過配置保存
2025-08-06 18:41:42,193 - VALO360 - DEBUG - 自動保存已禁用，跳過配置保存
2025-08-06 18:41:42,193 - VALO360 - DEBUG - 自動保存已禁用，跳過配置保存
2025-08-06 18:41:42,193 - VALO360 - DEBUG - 自動保存已禁用，跳過配置保存
2025-08-06 18:41:42,193 - VALO360 - DEBUG - 自動保存已禁用，跳過配置保存
2025-08-06 18:41:42,197 - VALO360 - DEBUG - 自動保存已禁用，跳過配置保存
2025-08-06 18:41:42,200 - VALO360 - DEBUG - 自動保存已禁用，跳過配置保存
2025-08-06 18:41:42,200 - VALO360 - DEBUG - 自動保存已禁用，跳過配置保存
2025-08-06 18:41:42,200 - VALO360 - DEBUG - 自動保存已禁用，跳過配置保存
2025-08-06 18:41:42,200 - VALO360 - DEBUG - 自動保存已禁用，跳過配置保存
2025-08-06 18:41:42,200 - VALO360 - DEBUG - 自動保存已禁用，跳過配置保存
2025-08-06 18:41:42,200 - VALO360 - DEBUG - 自動保存已禁用，跳過配置保存
2025-08-06 18:41:42,200 - VALO360 - DEBUG - 自動保存已禁用，跳過配置保存
2025-08-06 18:41:42,204 - VALO360 - DEBUG - 自動保存已禁用，跳過配置保存
2025-08-06 18:41:42,207 - VALO360 - DEBUG - 自動保存已禁用，跳過配置保存
2025-08-06 18:41:42,207 - VALO360 - DEBUG - 自動保存已禁用，跳過配置保存
2025-08-06 18:41:42,207 - VALO360 - DEBUG - 自動保存已禁用，跳過配置保存
2025-08-06 18:41:42,207 - VALO360 - DEBUG - 自動保存已禁用，跳過配置保存
2025-08-06 18:41:42,213 - VALO360 - DEBUG - 自動保存已禁用，跳過配置保存
2025-08-06 18:41:42,213 - VALO360 - DEBUG - 自動保存已禁用，跳過配置保存
2025-08-06 18:41:42,213 - VALO360 - DEBUG - 自動保存已禁用，跳過配置保存
2025-08-06 18:41:42,215 - VALO360 - DEBUG - 自動保存已禁用，跳過配置保存
2025-08-06 18:41:42,215 - VALO360 - DEBUG - 自動保存已禁用，跳過配置保存
2025-08-06 18:41:42,215 - VALO360 - DEBUG - 自動保存已禁用，跳過配置保存
2025-08-06 18:41:42,218 - VALO360 - DEBUG - 自動保存已禁用，跳過配置保存
2025-08-06 18:41:42,218 - VALO360 - DEBUG - 自動保存已禁用，跳過配置保存
2025-08-06 18:41:42,220 - VALO360 - DEBUG - 自動保存已禁用，跳過配置保存
2025-08-06 18:41:42,220 - VALO360 - DEBUG - 自動保存已禁用，跳過配置保存
2025-08-06 18:41:42,220 - VALO360 - DEBUG - 自動保存已禁用，跳過配置保存
2025-08-06 18:41:42,220 - VALO360 - DEBUG - 自動保存已禁用，跳過配置保存
2025-08-06 18:41:42,220 - VALO360 - DEBUG - 自動保存已禁用，跳過配置保存
2025-08-06 18:41:42,220 - VALO360 - DEBUG - 自動保存已禁用，跳過配置保存
2025-08-06 18:41:42,220 - VALO360 - DEBUG - 自動保存已禁用，跳過配置保存
2025-08-06 18:41:42,220 - VALO360 - DEBUG - 自動保存已禁用，跳過配置保存
2025-08-06 18:41:42,229 - VALO360 - DEBUG - 自動保存已禁用，跳過配置保存
2025-08-06 18:41:42,229 - VALO360 - DEBUG - 自動保存已禁用，跳過配置保存
2025-08-06 18:41:42,229 - VALO360 - DEBUG - 自動保存已禁用，跳過配置保存
2025-08-06 18:41:42,229 - VALO360 - DEBUG - 自動保存已禁用，跳過配置保存
2025-08-06 18:41:42,233 - VALO360 - DEBUG - 自動保存已禁用，跳過配置保存
2025-08-06 18:41:42,233 - VALO360 - DEBUG - 自動保存已禁用，跳過配置保存
2025-08-06 18:41:42,235 - VALO360 - DEBUG - 自動保存已禁用，跳過配置保存
2025-08-06 18:41:42,235 - VALO360 - DEBUG - 自動保存已禁用，跳過配置保存
2025-08-06 18:41:42,238 - VALO360 - DEBUG - 自動保存已禁用，跳過配置保存
2025-08-06 18:41:42,238 - VALO360 - DEBUG - 自動保存已禁用，跳過配置保存
2025-08-06 18:41:42,238 - VALO360 - DEBUG - 自動保存已禁用，跳過配置保存
2025-08-06 18:41:42,238 - VALO360 - DEBUG - 自動保存已禁用，跳過配置保存
2025-08-06 18:41:42,240 - VALO360 - DEBUG - 自動保存已禁用，跳過配置保存
2025-08-06 18:41:42,240 - VALO360 - DEBUG - 自動保存已禁用，跳過配置保存
2025-08-06 18:41:42,240 - VALO360 - DEBUG - 自動保存已禁用，跳過配置保存
2025-08-06 18:41:42,240 - VALO360 - DEBUG - 自動保存已禁用，跳過配置保存
2025-08-06 18:41:42,246 - VALO360 - DEBUG - 自動保存已禁用，跳過配置保存
2025-08-06 18:41:42,246 - VALO360 - DEBUG - 自動保存已禁用，跳過配置保存
2025-08-06 18:41:42,248 - VALO360 - DEBUG - 自動保存已禁用，跳過配置保存
2025-08-06 18:41:42,248 - VALO360 - DEBUG - 自動保存已禁用，跳過配置保存
2025-08-06 18:41:42,250 - VALO360 - DEBUG - 自動保存已禁用，跳過配置保存
2025-08-06 18:41:42,250 - VALO360 - DEBUG - 自動保存已禁用，跳過配置保存
2025-08-06 18:41:42,250 - VALO360 - DEBUG - 自動保存已禁用，跳過配置保存
2025-08-06 18:41:42,250 - VALO360 - DEBUG - 自動保存已禁用，跳過配置保存
2025-08-06 18:41:42,254 - VALO360 - DEBUG - 自動保存已禁用，跳過配置保存
2025-08-06 18:41:42,254 - VALO360 - DEBUG - 自動保存已禁用，跳過配置保存
2025-08-06 18:41:42,254 - VALO360 - DEBUG - 自動保存已禁用，跳過配置保存
2025-08-06 18:41:42,254 - VALO360 - DEBUG - 自動保存已禁用，跳過配置保存
2025-08-06 18:41:42,261 - VALO360 - DEBUG - 自動保存已禁用，跳過配置保存
2025-08-06 18:41:42,261 - VALO360 - DEBUG - 自動保存已禁用，跳過配置保存
2025-08-06 18:41:42,261 - VALO360 - DEBUG - 自動保存已禁用，跳過配置保存
2025-08-06 18:41:42,261 - VALO360 - DEBUG - 自動保存已禁用，跳過配置保存
2025-08-06 18:41:42,264 - VALO360 - DEBUG - 自動保存已禁用，跳過配置保存
2025-08-06 18:41:42,265 - VALO360 - DEBUG - 自動保存已禁用，跳過配置保存
2025-08-06 18:41:42,265 - VALO360 - DEBUG - 自動保存已禁用，跳過配置保存
2025-08-06 18:41:42,265 - VALO360 - DEBUG - 自動保存已禁用，跳過配置保存
2025-08-06 18:41:42,267 - VALO360 - DEBUG - 自動保存已禁用，跳過配置保存
2025-08-06 18:41:42,267 - VALO360 - DEBUG - 自動保存已禁用，跳過配置保存
2025-08-06 18:41:42,268 - VALO360 - DEBUG - 自動保存已禁用，跳過配置保存
2025-08-06 18:41:42,268 - VALO360 - DEBUG - 自動保存已禁用，跳過配置保存
2025-08-06 18:41:42,270 - VALO360 - DEBUG - 自動保存已禁用，跳過配置保存
2025-08-06 18:41:42,270 - VALO360 - DEBUG - 自動保存已禁用，跳過配置保存
2025-08-06 18:41:42,272 - VALO360 - DEBUG - 自動保存已禁用，跳過配置保存
2025-08-06 18:41:42,272 - VALO360 - DEBUG - 自動保存已禁用，跳過配置保存
2025-08-06 18:41:42,272 - VALO360 - DEBUG - 自動保存已禁用，跳過配置保存
2025-08-06 18:41:42,272 - VALO360 - DEBUG - 自動保存已禁用，跳過配置保存
2025-08-06 18:41:42,275 - VALO360 - DEBUG - 自動保存已禁用，跳過配置保存
2025-08-06 18:41:42,275 - VALO360 - DEBUG - 自動保存已禁用，跳過配置保存
2025-08-06 18:41:42,281 - VALO360 - DEBUG - 自動保存已禁用，跳過配置保存
2025-08-06 18:41:42,281 - VALO360 - DEBUG - 自動保存已禁用，跳過配置保存
2025-08-06 18:41:42,281 - VALO360 - DEBUG - 自動保存已禁用，跳過配置保存
2025-08-06 18:41:42,281 - VALO360 - DEBUG - 自動保存已禁用，跳過配置保存
2025-08-06 18:41:42,287 - VALO360 - DEBUG - 自動保存已禁用，跳過配置保存
2025-08-06 18:41:42,287 - VALO360 - DEBUG - 自動保存已禁用，跳過配置保存
2025-08-06 18:41:42,287 - VALO360 - DEBUG - 自動保存已禁用，跳過配置保存
2025-08-06 18:41:42,287 - VALO360 - DEBUG - 自動保存已禁用，跳過配置保存
2025-08-06 18:41:42,289 - VALO360 - DEBUG - 自動保存已禁用，跳過配置保存
2025-08-06 18:41:42,292 - VALO360 - DEBUG - 自動保存已禁用，跳過配置保存
2025-08-06 18:41:42,292 - VALO360 - DEBUG - 自動保存已禁用，跳過配置保存
2025-08-06 18:41:42,292 - VALO360 - DEBUG - 自動保存已禁用，跳過配置保存
2025-08-06 18:41:42,296 - VALO360 - DEBUG - 自動保存已禁用，跳過配置保存
2025-08-06 18:41:42,296 - VALO360 - DEBUG - 自動保存已禁用，跳過配置保存
2025-08-06 18:41:42,296 - VALO360 - DEBUG - 自動保存已禁用，跳過配置保存
2025-08-06 18:41:42,298 - VALO360 - DEBUG - 自動保存已禁用，跳過配置保存
2025-08-06 18:41:42,299 - VALO360 - DEBUG - 自動保存已禁用，跳過配置保存
2025-08-06 18:41:42,299 - VALO360 - DEBUG - 自動保存已禁用，跳過配置保存
2025-08-06 18:41:42,299 - VALO360 - DEBUG - 自動保存已禁用，跳過配置保存
2025-08-06 18:41:42,299 - VALO360 - DEBUG - 自動保存已禁用，跳過配置保存
2025-08-06 18:41:42,305 - VALO360 - DEBUG - 自動保存已禁用，跳過配置保存
2025-08-06 18:41:42,305 - VALO360 - DEBUG - 自動保存已禁用，跳過配置保存
2025-08-06 18:41:42,305 - VALO360 - DEBUG - 自動保存已禁用，跳過配置保存
2025-08-06 18:41:42,305 - VALO360 - DEBUG - 自動保存已禁用，跳過配置保存
2025-08-06 18:41:42,311 - VALO360 - DEBUG - 自動保存已禁用，跳過配置保存
2025-08-06 18:41:42,311 - VALO360 - DEBUG - 自動保存已禁用，跳過配置保存
2025-08-06 18:41:42,313 - VALO360 - DEBUG - 自動保存已禁用，跳過配置保存
2025-08-06 18:41:42,313 - VALO360 - DEBUG - 自動保存已禁用，跳過配置保存
2025-08-06 18:41:42,330 - VALO360 - DEBUG - 自動保存已禁用，跳過配置保存
2025-08-06 18:41:42,330 - VALO360 - DEBUG - 自動保存已禁用，跳過配置保存
2025-08-06 18:41:42,330 - VALO360 - DEBUG - 自動保存已禁用，跳過配置保存
2025-08-06 18:41:42,330 - VALO360 - DEBUG - 自動保存已禁用，跳過配置保存
2025-08-06 18:41:42,333 - VALO360 - DEBUG - 自動保存已禁用，跳過配置保存
2025-08-06 18:41:42,333 - VALO360 - DEBUG - 自動保存已禁用，跳過配置保存
2025-08-06 18:41:42,333 - VALO360 - DEBUG - 自動保存已禁用，跳過配置保存
2025-08-06 18:41:42,333 - VALO360 - DEBUG - 自動保存已禁用，跳過配置保存
2025-08-06 18:41:42,336 - VALO360 - DEBUG - 自動保存已禁用，跳過配置保存
2025-08-06 18:41:42,336 - VALO360 - DEBUG - 自動保存已禁用，跳過配置保存
2025-08-06 18:41:42,336 - VALO360 - DEBUG - 自動保存已禁用，跳過配置保存
2025-08-06 18:41:42,336 - VALO360 - DEBUG - 自動保存已禁用，跳過配置保存
2025-08-06 18:41:42,339 - VALO360 - DEBUG - 自動保存已禁用，跳過配置保存
2025-08-06 18:41:42,339 - VALO360 - DEBUG - 自動保存已禁用，跳過配置保存
2025-08-06 18:41:42,339 - VALO360 - DEBUG - 自動保存已禁用，跳過配置保存
2025-08-06 18:41:42,339 - VALO360 - DEBUG - 自動保存已禁用，跳過配置保存
2025-08-06 18:41:42,340 - VALO360 - DEBUG - 自動保存已禁用，跳過配置保存
2025-08-06 18:41:42,343 - VALO360 - DEBUG - 自動保存已禁用，跳過配置保存
2025-08-06 18:41:42,343 - VALO360 - DEBUG - 自動保存已禁用，跳過配置保存
2025-08-06 18:41:42,343 - VALO360 - DEBUG - 自動保存已禁用，跳過配置保存
2025-08-06 18:41:42,346 - VALO360 - DEBUG - 自動保存已禁用，跳過配置保存
2025-08-06 18:41:42,346 - VALO360 - DEBUG - 自動保存已禁用，跳過配置保存
2025-08-06 18:41:42,346 - VALO360 - DEBUG - 自動保存已禁用，跳過配置保存
2025-08-06 18:41:42,346 - VALO360 - DEBUG - 自動保存已禁用，跳過配置保存
2025-08-06 18:41:42,349 - VALO360 - DEBUG - 自動保存已禁用，跳過配置保存
2025-08-06 18:41:42,349 - VALO360 - DEBUG - 自動保存已禁用，跳過配置保存
2025-08-06 18:41:42,349 - VALO360 - DEBUG - 自動保存已禁用，跳過配置保存
2025-08-06 18:41:42,351 - VALO360 - DEBUG - 自動保存已禁用，跳過配置保存
2025-08-06 18:41:42,353 - VALO360 - DEBUG - 自動保存已禁用，跳過配置保存
2025-08-06 18:41:42,353 - VALO360 - DEBUG - 自動保存已禁用，跳過配置保存
2025-08-06 18:41:42,353 - VALO360 - DEBUG - 自動保存已禁用，跳過配置保存
2025-08-06 18:41:42,353 - VALO360 - DEBUG - 自動保存已禁用，跳過配置保存
2025-08-06 18:41:42,544 - VALO360 - DEBUG - 自動保存已禁用，跳過配置保存
2025-08-06 18:41:42,544 - VALO360 - DEBUG - 自動保存已禁用，跳過配置保存
2025-08-06 18:41:42,544 - VALO360 - DEBUG - 自動保存已禁用，跳過配置保存
2025-08-06 18:41:42,544 - VALO360 - DEBUG - 自動保存已禁用，跳過配置保存
2025-08-06 18:41:42,944 - VALO360 - DEBUG - 自動保存已禁用，跳過配置保存
2025-08-06 18:41:42,944 - VALO360 - DEBUG - 自動保存已禁用，跳過配置保存
2025-08-06 18:41:42,944 - VALO360 - DEBUG - 自動保存已禁用，跳過配置保存
2025-08-06 18:41:42,944 - VALO360 - DEBUG - 自動保存已禁用，跳過配置保存
2025-08-06 18:41:43,376 - VALO360 - DEBUG - 自動保存已禁用，跳過配置保存
2025-08-06 18:41:43,376 - VALO360 - DEBUG - 自動保存已禁用，跳過配置保存
2025-08-06 18:41:43,376 - VALO360 - DEBUG - 自動保存已禁用，跳過配置保存
2025-08-06 18:41:43,376 - VALO360 - DEBUG - 自動保存已禁用，跳過配置保存
2025-08-06 18:41:43,897 - VALO360 - DEBUG - 自動保存已禁用，跳過配置保存
2025-08-06 18:41:43,897 - VALO360 - DEBUG - 自動保存已禁用，跳過配置保存
2025-08-06 18:41:43,897 - VALO360 - DEBUG - 自動保存已禁用，跳過配置保存
2025-08-06 18:41:43,897 - VALO360 - DEBUG - 自動保存已禁用，跳過配置保存
2025-08-06 18:41:44,461 - VALO360 - DEBUG - 自動保存已禁用，跳過配置保存
2025-08-06 18:41:44,461 - VALO360 - DEBUG - 自動保存已禁用，跳過配置保存
2025-08-06 18:41:44,464 - VALO360 - DEBUG - 自動保存已禁用，跳過配置保存
2025-08-06 18:41:44,464 - VALO360 - DEBUG - 自動保存已禁用，跳過配置保存
2025-08-06 18:41:44,869 - VALO360 - DEBUG - 自動保存已禁用，跳過配置保存
2025-08-06 18:41:44,869 - VALO360 - DEBUG - 自動保存已禁用，跳過配置保存
2025-08-06 18:41:44,869 - VALO360 - DEBUG - 自動保存已禁用，跳過配置保存
2025-08-06 18:41:44,869 - VALO360 - DEBUG - 自動保存已禁用，跳過配置保存
2025-08-06 18:41:44,928 - VALO360 - DEBUG - 找到 1 個COM口: ['COM3']
2025-08-06 18:41:45,349 - VALO360 - DEBUG - 自動保存已禁用，跳過配置保存
2025-08-06 18:41:45,353 - VALO360 - DEBUG - 自動保存已禁用，跳過配置保存
2025-08-06 18:41:45,353 - VALO360 - DEBUG - 自動保存已禁用，跳過配置保存
2025-08-06 18:41:45,353 - VALO360 - DEBUG - 自動保存已禁用，跳過配置保存
2025-08-06 18:41:45,728 - VALO360 - DEBUG - 自動保存已禁用，跳過配置保存
2025-08-06 18:41:45,728 - VALO360 - DEBUG - 自動保存已禁用，跳過配置保存
2025-08-06 18:41:45,728 - VALO360 - DEBUG - 自動保存已禁用，跳過配置保存
2025-08-06 18:41:45,728 - VALO360 - DEBUG - 自動保存已禁用，跳過配置保存
2025-08-06 18:41:54,569 - VALO360 - DEBUG - 配置已備份至: backup\setup_backup_20250806_184154.json
2025-08-06 18:41:54,572 - VALO360 - DEBUG - 已刪除舊備份: backup\setup_backup_20250801_165300.json
2025-08-06 18:41:54,574 - VALO360 - DEBUG - 配置保存成功
2025-08-06 18:41:54,576 - VALO360 - DEBUG - 配置已備份至: backup\setup_backup_20250806_184154.json
2025-08-06 18:41:54,576 - VALO360 - DEBUG - 配置保存成功
2025-08-06 18:41:54,576 - VALO360 - DEBUG - 自動保存已禁用，跳過配置保存
2025-08-06 18:41:54,576 - VALO360 - INFO - 程式關閉時已保存所有待保存的設定
2025-08-06 18:41:54,576 - VALO360 - INFO - 程式正常關閉
2025-08-06 18:41:54,677 - VALO360 - INFO - 資源清理完成
2025-08-06 18:41:54,677 - VALO360 - INFO - 應用程式資源清理完成
