2025-09-09 17:07:34,091 - VALO360 - DEBUG - 找到指令檔: D:\((Python TOOL\指令工具-20250428T020034Z-001\360-command-tool\dist\Command_TABLE\command.txt
2025-09-09 17:07:34,110 - VALO360 - INFO - 成功載入 94 個指令
2025-09-09 17:07:34,123 - VALO360 - INFO - 運行日誌: main.py 啟動
2025-09-09 17:07:34,123 - VALO360 - INFO - 指令通主程式啟動
2025-09-09 17:07:34,123 - VALO360 - INFO - 運行日誌: 成功 import TabManager
2025-09-09 17:07:34,123 - VALO360 - INFO - UI模組導入成功
2025-09-09 17:07:34,123 - VALO360 - INFO - 程式啟動時檢查安全簽名...
2025-09-09 17:07:34,124 - VALO360 - INFO - 安全簽名驗證通過，開始創建GUI...
2025-09-09 17:07:34,124 - VALO360 - INFO - 日誌系統初始化完成
2025-09-09 17:07:34,124 - VALO360 - DEBUG - ConfigManager: 自動保存已禁用
2025-09-09 17:07:34,124 - VALO360 - INFO - ConfigManager自動保存已禁用
2025-09-09 17:07:34,124 - VALO360 - INFO - 未找到關鍵字高亮設定文件，使用空設定
2025-09-09 17:07:34,275 - VALO360 - DEBUG - 配置已備份至: backup\setup_backup_20250909_170734.json
2025-09-09 17:07:34,275 - VALO360 - DEBUG - 配置載入成功
2025-09-09 17:07:34,281 - VALO360 - INFO - 統一設定管理器已初始化
2025-09-09 17:07:34,324 - VALO360 - DEBUG - 自動保存已禁用，跳過配置保存
2025-09-09 17:07:34,335 - VALO360 - DEBUG - 找到 3 個COM口: ['COM5', 'COM6', 'COM3']
2025-09-09 17:07:34,527 - VALO360 - DEBUG - 自動保存已禁用，跳過配置保存
2025-09-09 17:07:35,252 - VALO360 - DEBUG - 找到 3 個COM口: ['COM5', 'COM6', 'COM3']
2025-09-09 17:07:35,989 - VALO360 - INFO - 應用程式圖示設置成功: C:\Users\PEGA_U~1\AppData\Local\Temp\_MEI184403\assets\icon.ico
2025-09-09 17:07:35,991 - VALO360 - INFO - 視窗設置完成: PEGA指令通_2.0.0 (1522x741)
2025-09-09 17:07:35,991 - VALO360 - INFO - 程式啟動時更新標籤頁名稱
2025-09-09 17:07:35,991 - VALO360 - INFO - 應用程式啟動完成，進入主循環
2025-09-09 17:07:35,998 - VALO360 - DEBUG - 找到 3 個COM口: ['COM5', 'COM6', 'COM3']
2025-09-09 17:07:35,999 - VALO360 - DEBUG - 自動保存已禁用，跳過配置保存
2025-09-09 17:07:35,999 - VALO360 - DEBUG - 自動保存已禁用，跳過配置保存
2025-09-09 17:07:35,999 - VALO360 - DEBUG - 自動保存已禁用，跳過配置保存
2025-09-09 17:07:36,000 - VALO360 - DEBUG - 自動保存已禁用，跳過配置保存
2025-09-09 17:07:36,044 - VALO360 - DEBUG - 自動保存已禁用，跳過配置保存
2025-09-09 17:07:36,044 - VALO360 - DEBUG - 自動保存已禁用，跳過配置保存
2025-09-09 17:07:36,044 - VALO360 - DEBUG - 自動保存已禁用，跳過配置保存
2025-09-09 17:07:36,044 - VALO360 - DEBUG - 自動保存已禁用，跳過配置保存
2025-09-09 17:07:36,057 - VALO360 - DEBUG - 自動保存已禁用，跳過配置保存
2025-09-09 17:07:36,058 - VALO360 - DEBUG - 自動保存已禁用，跳過配置保存
2025-09-09 17:07:36,058 - VALO360 - DEBUG - 自動保存已禁用，跳過配置保存
2025-09-09 17:07:36,059 - VALO360 - DEBUG - 自動保存已禁用，跳過配置保存
2025-09-09 17:07:36,061 - VALO360 - DEBUG - 自動保存已禁用，跳過配置保存
2025-09-09 17:07:36,061 - VALO360 - DEBUG - 自動保存已禁用，跳過配置保存
2025-09-09 17:07:36,061 - VALO360 - DEBUG - 自動保存已禁用，跳過配置保存
2025-09-09 17:07:36,061 - VALO360 - DEBUG - 自動保存已禁用，跳過配置保存
2025-09-09 17:07:36,063 - VALO360 - DEBUG - 自動保存已禁用，跳過配置保存
2025-09-09 17:07:36,063 - VALO360 - DEBUG - 自動保存已禁用，跳過配置保存
2025-09-09 17:07:36,063 - VALO360 - DEBUG - 自動保存已禁用，跳過配置保存
2025-09-09 17:07:36,065 - VALO360 - DEBUG - 自動保存已禁用，跳過配置保存
2025-09-09 17:07:36,065 - VALO360 - DEBUG - 自動保存已禁用，跳過配置保存
2025-09-09 17:07:36,065 - VALO360 - DEBUG - 自動保存已禁用，跳過配置保存
2025-09-09 17:07:36,065 - VALO360 - DEBUG - 自動保存已禁用，跳過配置保存
2025-09-09 17:07:36,067 - VALO360 - DEBUG - 自動保存已禁用，跳過配置保存
2025-09-09 17:07:36,067 - VALO360 - DEBUG - 自動保存已禁用，跳過配置保存
2025-09-09 17:07:36,067 - VALO360 - DEBUG - 自動保存已禁用，跳過配置保存
2025-09-09 17:07:36,067 - VALO360 - DEBUG - 自動保存已禁用，跳過配置保存
2025-09-09 17:07:36,069 - VALO360 - DEBUG - 自動保存已禁用，跳過配置保存
2025-09-09 17:07:36,069 - VALO360 - DEBUG - 自動保存已禁用，跳過配置保存
2025-09-09 17:07:36,069 - VALO360 - DEBUG - 自動保存已禁用，跳過配置保存
2025-09-09 17:07:36,069 - VALO360 - DEBUG - 自動保存已禁用，跳過配置保存
2025-09-09 17:07:36,071 - VALO360 - DEBUG - 自動保存已禁用，跳過配置保存
2025-09-09 17:07:36,071 - VALO360 - DEBUG - 自動保存已禁用，跳過配置保存
2025-09-09 17:07:36,071 - VALO360 - DEBUG - 自動保存已禁用，跳過配置保存
2025-09-09 17:07:36,073 - VALO360 - DEBUG - 自動保存已禁用，跳過配置保存
2025-09-09 17:07:36,073 - VALO360 - DEBUG - 自動保存已禁用，跳過配置保存
2025-09-09 17:07:36,075 - VALO360 - DEBUG - 自動保存已禁用，跳過配置保存
2025-09-09 17:07:36,075 - VALO360 - DEBUG - 自動保存已禁用，跳過配置保存
2025-09-09 17:07:36,076 - VALO360 - DEBUG - 自動保存已禁用，跳過配置保存
2025-09-09 17:07:36,076 - VALO360 - DEBUG - 自動保存已禁用，跳過配置保存
2025-09-09 17:07:36,076 - VALO360 - DEBUG - 自動保存已禁用，跳過配置保存
2025-09-09 17:07:36,078 - VALO360 - DEBUG - 自動保存已禁用，跳過配置保存
2025-09-09 17:07:36,078 - VALO360 - DEBUG - 自動保存已禁用，跳過配置保存
2025-09-09 17:07:36,078 - VALO360 - DEBUG - 自動保存已禁用，跳過配置保存
2025-09-09 17:07:36,080 - VALO360 - DEBUG - 自動保存已禁用，跳過配置保存
2025-09-09 17:07:36,080 - VALO360 - DEBUG - 自動保存已禁用，跳過配置保存
2025-09-09 17:07:36,080 - VALO360 - DEBUG - 自動保存已禁用，跳過配置保存
2025-09-09 17:07:36,080 - VALO360 - DEBUG - 自動保存已禁用，跳過配置保存
2025-09-09 17:07:36,082 - VALO360 - DEBUG - 自動保存已禁用，跳過配置保存
2025-09-09 17:07:36,084 - VALO360 - DEBUG - 自動保存已禁用，跳過配置保存
2025-09-09 17:07:36,084 - VALO360 - DEBUG - 自動保存已禁用，跳過配置保存
2025-09-09 17:07:36,084 - VALO360 - DEBUG - 自動保存已禁用，跳過配置保存
2025-09-09 17:07:36,084 - VALO360 - DEBUG - 自動保存已禁用，跳過配置保存
2025-09-09 17:07:36,084 - VALO360 - DEBUG - 自動保存已禁用，跳過配置保存
2025-09-09 17:07:36,087 - VALO360 - DEBUG - 自動保存已禁用，跳過配置保存
2025-09-09 17:07:36,087 - VALO360 - DEBUG - 自動保存已禁用，跳過配置保存
2025-09-09 17:07:36,087 - VALO360 - DEBUG - 自動保存已禁用，跳過配置保存
2025-09-09 17:07:36,087 - VALO360 - DEBUG - 自動保存已禁用，跳過配置保存
2025-09-09 17:07:36,087 - VALO360 - DEBUG - 自動保存已禁用，跳過配置保存
2025-09-09 17:07:36,087 - VALO360 - DEBUG - 自動保存已禁用，跳過配置保存
2025-09-09 17:07:36,091 - VALO360 - DEBUG - 自動保存已禁用，跳過配置保存
2025-09-09 17:07:36,091 - VALO360 - DEBUG - 自動保存已禁用，跳過配置保存
2025-09-09 17:07:36,091 - VALO360 - DEBUG - 自動保存已禁用，跳過配置保存
2025-09-09 17:07:36,092 - VALO360 - DEBUG - 自動保存已禁用，跳過配置保存
2025-09-09 17:07:36,092 - VALO360 - DEBUG - 自動保存已禁用，跳過配置保存
2025-09-09 17:07:36,092 - VALO360 - DEBUG - 自動保存已禁用，跳過配置保存
2025-09-09 17:07:36,092 - VALO360 - DEBUG - 自動保存已禁用，跳過配置保存
2025-09-09 17:07:36,092 - VALO360 - DEBUG - 自動保存已禁用，跳過配置保存
2025-09-09 17:07:36,092 - VALO360 - DEBUG - 自動保存已禁用，跳過配置保存
2025-09-09 17:07:36,092 - VALO360 - DEBUG - 自動保存已禁用，跳過配置保存
2025-09-09 17:07:36,092 - VALO360 - DEBUG - 自動保存已禁用，跳過配置保存
2025-09-09 17:07:36,092 - VALO360 - DEBUG - 自動保存已禁用，跳過配置保存
2025-09-09 17:07:36,103 - VALO360 - DEBUG - 自動保存已禁用，跳過配置保存
2025-09-09 17:07:36,104 - VALO360 - DEBUG - 自動保存已禁用，跳過配置保存
2025-09-09 17:07:36,104 - VALO360 - DEBUG - 自動保存已禁用，跳過配置保存
2025-09-09 17:07:36,104 - VALO360 - DEBUG - 自動保存已禁用，跳過配置保存
2025-09-09 17:07:36,107 - VALO360 - DEBUG - 自動保存已禁用，跳過配置保存
2025-09-09 17:07:36,109 - VALO360 - DEBUG - 自動保存已禁用，跳過配置保存
2025-09-09 17:07:36,109 - VALO360 - DEBUG - 自動保存已禁用，跳過配置保存
2025-09-09 17:07:36,109 - VALO360 - DEBUG - 自動保存已禁用，跳過配置保存
2025-09-09 17:07:36,112 - VALO360 - DEBUG - 自動保存已禁用，跳過配置保存
2025-09-09 17:07:36,112 - VALO360 - DEBUG - 自動保存已禁用，跳過配置保存
2025-09-09 17:07:36,112 - VALO360 - DEBUG - 自動保存已禁用，跳過配置保存
2025-09-09 17:07:36,112 - VALO360 - DEBUG - 自動保存已禁用，跳過配置保存
2025-09-09 17:07:36,112 - VALO360 - DEBUG - 自動保存已禁用，跳過配置保存
2025-09-09 17:07:36,112 - VALO360 - DEBUG - 自動保存已禁用，跳過配置保存
2025-09-09 17:07:36,112 - VALO360 - DEBUG - 自動保存已禁用，跳過配置保存
2025-09-09 17:07:36,112 - VALO360 - DEBUG - 自動保存已禁用，跳過配置保存
2025-09-09 17:07:36,112 - VALO360 - DEBUG - 自動保存已禁用，跳過配置保存
2025-09-09 17:07:36,112 - VALO360 - DEBUG - 自動保存已禁用，跳過配置保存
2025-09-09 17:07:36,120 - VALO360 - DEBUG - 自動保存已禁用，跳過配置保存
2025-09-09 17:07:36,120 - VALO360 - DEBUG - 自動保存已禁用，跳過配置保存
2025-09-09 17:07:36,120 - VALO360 - DEBUG - 自動保存已禁用，跳過配置保存
2025-09-09 17:07:36,120 - VALO360 - DEBUG - 自動保存已禁用，跳過配置保存
2025-09-09 17:07:36,120 - VALO360 - DEBUG - 自動保存已禁用，跳過配置保存
2025-09-09 17:07:36,120 - VALO360 - DEBUG - 自動保存已禁用，跳過配置保存
2025-09-09 17:07:36,125 - VALO360 - DEBUG - 自動保存已禁用，跳過配置保存
2025-09-09 17:07:36,126 - VALO360 - DEBUG - 自動保存已禁用，跳過配置保存
2025-09-09 17:07:36,126 - VALO360 - DEBUG - 自動保存已禁用，跳過配置保存
2025-09-09 17:07:36,126 - VALO360 - DEBUG - 自動保存已禁用，跳過配置保存
2025-09-09 17:07:36,128 - VALO360 - DEBUG - 自動保存已禁用，跳過配置保存
2025-09-09 17:07:36,128 - VALO360 - DEBUG - 自動保存已禁用，跳過配置保存
2025-09-09 17:07:36,128 - VALO360 - DEBUG - 自動保存已禁用，跳過配置保存
2025-09-09 17:07:36,128 - VALO360 - DEBUG - 自動保存已禁用，跳過配置保存
2025-09-09 17:07:36,128 - VALO360 - DEBUG - 自動保存已禁用，跳過配置保存
2025-09-09 17:07:36,128 - VALO360 - DEBUG - 自動保存已禁用，跳過配置保存
2025-09-09 17:07:36,128 - VALO360 - DEBUG - 自動保存已禁用，跳過配置保存
2025-09-09 17:07:36,128 - VALO360 - DEBUG - 自動保存已禁用，跳過配置保存
2025-09-09 17:07:36,128 - VALO360 - DEBUG - 自動保存已禁用，跳過配置保存
2025-09-09 17:07:36,128 - VALO360 - DEBUG - 自動保存已禁用，跳過配置保存
2025-09-09 17:07:36,128 - VALO360 - DEBUG - 自動保存已禁用，跳過配置保存
2025-09-09 17:07:36,128 - VALO360 - DEBUG - 自動保存已禁用，跳過配置保存
2025-09-09 17:07:36,136 - VALO360 - DEBUG - 自動保存已禁用，跳過配置保存
2025-09-09 17:07:36,136 - VALO360 - DEBUG - 自動保存已禁用，跳過配置保存
2025-09-09 17:07:36,136 - VALO360 - DEBUG - 自動保存已禁用，跳過配置保存
2025-09-09 17:07:36,136 - VALO360 - DEBUG - 自動保存已禁用，跳過配置保存
2025-09-09 17:07:36,136 - VALO360 - DEBUG - 自動保存已禁用，跳過配置保存
2025-09-09 17:07:36,139 - VALO360 - DEBUG - 自動保存已禁用，跳過配置保存
2025-09-09 17:07:36,139 - VALO360 - DEBUG - 自動保存已禁用，跳過配置保存
2025-09-09 17:07:36,139 - VALO360 - DEBUG - 自動保存已禁用，跳過配置保存
2025-09-09 17:07:36,141 - VALO360 - DEBUG - 自動保存已禁用，跳過配置保存
2025-09-09 17:07:36,141 - VALO360 - DEBUG - 自動保存已禁用，跳過配置保存
2025-09-09 17:07:36,141 - VALO360 - DEBUG - 自動保存已禁用，跳過配置保存
2025-09-09 17:07:36,141 - VALO360 - DEBUG - 自動保存已禁用，跳過配置保存
2025-09-09 17:07:36,141 - VALO360 - DEBUG - 自動保存已禁用，跳過配置保存
2025-09-09 17:07:36,141 - VALO360 - DEBUG - 自動保存已禁用，跳過配置保存
2025-09-09 17:07:36,141 - VALO360 - DEBUG - 自動保存已禁用，跳過配置保存
2025-09-09 17:07:36,141 - VALO360 - DEBUG - 自動保存已禁用，跳過配置保存
2025-09-09 17:07:36,141 - VALO360 - DEBUG - 自動保存已禁用，跳過配置保存
2025-09-09 17:07:36,141 - VALO360 - DEBUG - 自動保存已禁用，跳過配置保存
2025-09-09 17:07:36,141 - VALO360 - DEBUG - 自動保存已禁用，跳過配置保存
2025-09-09 17:07:36,141 - VALO360 - DEBUG - 自動保存已禁用，跳過配置保存
2025-09-09 17:07:36,141 - VALO360 - DEBUG - 自動保存已禁用，跳過配置保存
2025-09-09 17:07:36,141 - VALO360 - DEBUG - 自動保存已禁用，跳過配置保存
2025-09-09 17:07:36,141 - VALO360 - DEBUG - 自動保存已禁用，跳過配置保存
2025-09-09 17:07:36,141 - VALO360 - DEBUG - 自動保存已禁用，跳過配置保存
2025-09-09 17:07:36,141 - VALO360 - DEBUG - 自動保存已禁用，跳過配置保存
2025-09-09 17:07:36,152 - VALO360 - DEBUG - 自動保存已禁用，跳過配置保存
2025-09-09 17:07:36,152 - VALO360 - DEBUG - 自動保存已禁用，跳過配置保存
2025-09-09 17:07:36,152 - VALO360 - DEBUG - 自動保存已禁用，跳過配置保存
2025-09-09 17:07:36,152 - VALO360 - DEBUG - 自動保存已禁用，跳過配置保存
2025-09-09 17:07:36,152 - VALO360 - DEBUG - 自動保存已禁用，跳過配置保存
2025-09-09 17:07:36,152 - VALO360 - DEBUG - 自動保存已禁用，跳過配置保存
2025-09-09 17:07:36,152 - VALO360 - DEBUG - 自動保存已禁用，跳過配置保存
2025-09-09 17:07:36,152 - VALO360 - DEBUG - 自動保存已禁用，跳過配置保存
2025-09-09 17:07:36,156 - VALO360 - DEBUG - 自動保存已禁用，跳過配置保存
2025-09-09 17:07:36,156 - VALO360 - DEBUG - 自動保存已禁用，跳過配置保存
2025-09-09 17:07:36,156 - VALO360 - DEBUG - 自動保存已禁用，跳過配置保存
2025-09-09 17:07:36,157 - VALO360 - DEBUG - 自動保存已禁用，跳過配置保存
2025-09-09 17:07:36,158 - VALO360 - DEBUG - 自動保存已禁用，跳過配置保存
2025-09-09 17:07:36,158 - VALO360 - DEBUG - 自動保存已禁用，跳過配置保存
2025-09-09 17:07:36,158 - VALO360 - DEBUG - 自動保存已禁用，跳過配置保存
2025-09-09 17:07:36,161 - VALO360 - DEBUG - 自動保存已禁用，跳過配置保存
2025-09-09 17:07:36,161 - VALO360 - DEBUG - 自動保存已禁用，跳過配置保存
2025-09-09 17:07:36,161 - VALO360 - DEBUG - 自動保存已禁用，跳過配置保存
2025-09-09 17:07:36,161 - VALO360 - DEBUG - 自動保存已禁用，跳過配置保存
2025-09-09 17:07:36,161 - VALO360 - DEBUG - 自動保存已禁用，跳過配置保存
2025-09-09 17:07:36,161 - VALO360 - DEBUG - 自動保存已禁用，跳過配置保存
2025-09-09 17:07:36,161 - VALO360 - DEBUG - 自動保存已禁用，跳過配置保存
2025-09-09 17:07:36,161 - VALO360 - DEBUG - 自動保存已禁用，跳過配置保存
2025-09-09 17:07:36,161 - VALO360 - DEBUG - 自動保存已禁用，跳過配置保存
2025-09-09 17:07:36,161 - VALO360 - DEBUG - 自動保存已禁用，跳過配置保存
2025-09-09 17:07:36,161 - VALO360 - DEBUG - 自動保存已禁用，跳過配置保存
2025-09-09 17:07:36,161 - VALO360 - DEBUG - 自動保存已禁用，跳過配置保存
2025-09-09 17:07:36,161 - VALO360 - DEBUG - 自動保存已禁用，跳過配置保存
2025-09-09 17:07:36,161 - VALO360 - DEBUG - 自動保存已禁用，跳過配置保存
2025-09-09 17:07:36,161 - VALO360 - DEBUG - 自動保存已禁用，跳過配置保存
2025-09-09 17:07:36,169 - VALO360 - DEBUG - 自動保存已禁用，跳過配置保存
2025-09-09 17:07:36,169 - VALO360 - DEBUG - 自動保存已禁用，跳過配置保存
2025-09-09 17:07:36,169 - VALO360 - DEBUG - 自動保存已禁用，跳過配置保存
2025-09-09 17:07:36,171 - VALO360 - DEBUG - 自動保存已禁用，跳過配置保存
2025-09-09 17:07:36,171 - VALO360 - DEBUG - 自動保存已禁用，跳過配置保存
2025-09-09 17:07:36,171 - VALO360 - DEBUG - 自動保存已禁用，跳過配置保存
2025-09-09 17:07:36,171 - VALO360 - DEBUG - 自動保存已禁用，跳過配置保存
2025-09-09 17:07:36,171 - VALO360 - DEBUG - 自動保存已禁用，跳過配置保存
2025-09-09 17:07:36,174 - VALO360 - DEBUG - 自動保存已禁用，跳過配置保存
2025-09-09 17:07:36,175 - VALO360 - DEBUG - 自動保存已禁用，跳過配置保存
2025-09-09 17:07:36,176 - VALO360 - DEBUG - 自動保存已禁用，跳過配置保存
2025-09-09 17:07:36,176 - VALO360 - DEBUG - 自動保存已禁用，跳過配置保存
2025-09-09 17:07:36,176 - VALO360 - DEBUG - 自動保存已禁用，跳過配置保存
2025-09-09 17:07:36,178 - VALO360 - DEBUG - 自動保存已禁用，跳過配置保存
2025-09-09 17:07:36,178 - VALO360 - DEBUG - 自動保存已禁用，跳過配置保存
2025-09-09 17:07:36,178 - VALO360 - DEBUG - 自動保存已禁用，跳過配置保存
2025-09-09 17:07:36,178 - VALO360 - DEBUG - 自動保存已禁用，跳過配置保存
2025-09-09 17:07:36,178 - VALO360 - DEBUG - 自動保存已禁用，跳過配置保存
2025-09-09 17:07:36,178 - VALO360 - DEBUG - 自動保存已禁用，跳過配置保存
2025-09-09 17:07:36,178 - VALO360 - DEBUG - 自動保存已禁用，跳過配置保存
2025-09-09 17:07:36,178 - VALO360 - DEBUG - 自動保存已禁用，跳過配置保存
2025-09-09 17:07:36,178 - VALO360 - DEBUG - 自動保存已禁用，跳過配置保存
2025-09-09 17:07:36,178 - VALO360 - DEBUG - 自動保存已禁用，跳過配置保存
2025-09-09 17:07:36,178 - VALO360 - DEBUG - 自動保存已禁用，跳過配置保存
2025-09-09 17:07:36,178 - VALO360 - DEBUG - 自動保存已禁用，跳過配置保存
2025-09-09 17:07:36,178 - VALO360 - DEBUG - 自動保存已禁用，跳過配置保存
2025-09-09 17:07:36,178 - VALO360 - DEBUG - 自動保存已禁用，跳過配置保存
2025-09-09 17:07:36,186 - VALO360 - DEBUG - 自動保存已禁用，跳過配置保存
2025-09-09 17:07:36,186 - VALO360 - DEBUG - 自動保存已禁用，跳過配置保存
2025-09-09 17:07:36,187 - VALO360 - DEBUG - 自動保存已禁用，跳過配置保存
2025-09-09 17:07:36,187 - VALO360 - DEBUG - 自動保存已禁用，跳過配置保存
2025-09-09 17:07:36,187 - VALO360 - DEBUG - 自動保存已禁用，跳過配置保存
2025-09-09 17:07:36,189 - VALO360 - DEBUG - 自動保存已禁用，跳過配置保存
2025-09-09 17:07:36,190 - VALO360 - DEBUG - 自動保存已禁用，跳過配置保存
2025-09-09 17:07:36,190 - VALO360 - DEBUG - 自動保存已禁用，跳過配置保存
2025-09-09 17:07:36,192 - VALO360 - DEBUG - 自動保存已禁用，跳過配置保存
2025-09-09 17:07:36,192 - VALO360 - DEBUG - 自動保存已禁用，跳過配置保存
2025-09-09 17:07:36,192 - VALO360 - DEBUG - 自動保存已禁用，跳過配置保存
2025-09-09 17:07:36,192 - VALO360 - DEBUG - 自動保存已禁用，跳過配置保存
2025-09-09 17:07:36,192 - VALO360 - DEBUG - 自動保存已禁用，跳過配置保存
2025-09-09 17:07:36,192 - VALO360 - DEBUG - 自動保存已禁用，跳過配置保存
2025-09-09 17:07:36,192 - VALO360 - DEBUG - 自動保存已禁用，跳過配置保存
2025-09-09 17:07:36,192 - VALO360 - DEBUG - 自動保存已禁用，跳過配置保存
2025-09-09 17:07:36,192 - VALO360 - DEBUG - 自動保存已禁用，跳過配置保存
2025-09-09 17:07:36,192 - VALO360 - DEBUG - 自動保存已禁用，跳過配置保存
2025-09-09 17:07:36,192 - VALO360 - DEBUG - 自動保存已禁用，跳過配置保存
2025-09-09 17:07:36,192 - VALO360 - DEBUG - 自動保存已禁用，跳過配置保存
2025-09-09 17:07:36,192 - VALO360 - DEBUG - 自動保存已禁用，跳過配置保存
2025-09-09 17:07:36,192 - VALO360 - DEBUG - 自動保存已禁用，跳過配置保存
2025-09-09 17:07:36,192 - VALO360 - DEBUG - 自動保存已禁用，跳過配置保存
2025-09-09 17:07:36,192 - VALO360 - DEBUG - 自動保存已禁用，跳過配置保存
2025-09-09 17:07:36,192 - VALO360 - DEBUG - 自動保存已禁用，跳過配置保存
2025-09-09 17:07:36,202 - VALO360 - DEBUG - 自動保存已禁用，跳過配置保存
2025-09-09 17:07:36,202 - VALO360 - DEBUG - 自動保存已禁用，跳過配置保存
2025-09-09 17:07:36,202 - VALO360 - DEBUG - 自動保存已禁用，跳過配置保存
2025-09-09 17:07:36,202 - VALO360 - DEBUG - 自動保存已禁用，跳過配置保存
2025-09-09 17:07:36,202 - VALO360 - DEBUG - 自動保存已禁用，跳過配置保存
2025-09-09 17:07:36,209 - VALO360 - DEBUG - 自動保存已禁用，跳過配置保存
2025-09-09 17:07:36,212 - VALO360 - DEBUG - 自動保存已禁用，跳過配置保存
2025-09-09 17:07:36,212 - VALO360 - DEBUG - 自動保存已禁用，跳過配置保存
2025-09-09 17:07:36,212 - VALO360 - DEBUG - 自動保存已禁用，跳過配置保存
2025-09-09 17:07:36,212 - VALO360 - DEBUG - 自動保存已禁用，跳過配置保存
2025-09-09 17:07:36,212 - VALO360 - DEBUG - 自動保存已禁用，跳過配置保存
2025-09-09 17:07:36,212 - VALO360 - DEBUG - 自動保存已禁用，跳過配置保存
2025-09-09 17:07:36,212 - VALO360 - DEBUG - 自動保存已禁用，跳過配置保存
2025-09-09 17:07:36,212 - VALO360 - DEBUG - 自動保存已禁用，跳過配置保存
2025-09-09 17:07:36,212 - VALO360 - DEBUG - 自動保存已禁用，跳過配置保存
2025-09-09 17:07:36,212 - VALO360 - DEBUG - 自動保存已禁用，跳過配置保存
2025-09-09 17:07:36,212 - VALO360 - DEBUG - 自動保存已禁用，跳過配置保存
2025-09-09 17:07:36,212 - VALO360 - DEBUG - 自動保存已禁用，跳過配置保存
2025-09-09 17:07:36,212 - VALO360 - DEBUG - 自動保存已禁用，跳過配置保存
2025-09-09 17:07:36,212 - VALO360 - DEBUG - 自動保存已禁用，跳過配置保存
2025-09-09 17:07:36,212 - VALO360 - DEBUG - 自動保存已禁用，跳過配置保存
2025-09-09 17:07:36,212 - VALO360 - DEBUG - 自動保存已禁用，跳過配置保存
2025-09-09 17:07:36,212 - VALO360 - DEBUG - 自動保存已禁用，跳過配置保存
2025-09-09 17:07:36,212 - VALO360 - DEBUG - 自動保存已禁用，跳過配置保存
2025-09-09 17:07:36,220 - VALO360 - DEBUG - 自動保存已禁用，跳過配置保存
2025-09-09 17:07:36,220 - VALO360 - DEBUG - 自動保存已禁用，跳過配置保存
2025-09-09 17:07:36,220 - VALO360 - DEBUG - 自動保存已禁用，跳過配置保存
2025-09-09 17:07:36,220 - VALO360 - DEBUG - 自動保存已禁用，跳過配置保存
2025-09-09 17:07:36,220 - VALO360 - DEBUG - 自動保存已禁用，跳過配置保存
2025-09-09 17:07:36,220 - VALO360 - DEBUG - 自動保存已禁用，跳過配置保存
2025-09-09 17:07:36,220 - VALO360 - DEBUG - 自動保存已禁用，跳過配置保存
2025-09-09 17:07:36,224 - VALO360 - DEBUG - 自動保存已禁用，跳過配置保存
2025-09-09 17:07:36,224 - VALO360 - DEBUG - 自動保存已禁用，跳過配置保存
2025-09-09 17:07:36,226 - VALO360 - DEBUG - 自動保存已禁用，跳過配置保存
2025-09-09 17:07:36,226 - VALO360 - DEBUG - 自動保存已禁用，跳過配置保存
2025-09-09 17:07:36,226 - VALO360 - DEBUG - 自動保存已禁用，跳過配置保存
2025-09-09 17:07:36,226 - VALO360 - DEBUG - 自動保存已禁用，跳過配置保存
2025-09-09 17:07:36,244 - VALO360 - DEBUG - 自動保存已禁用，跳過配置保存
2025-09-09 17:07:36,244 - VALO360 - DEBUG - 自動保存已禁用，跳過配置保存
2025-09-09 17:07:36,244 - VALO360 - DEBUG - 自動保存已禁用，跳過配置保存
2025-09-09 17:07:36,244 - VALO360 - DEBUG - 自動保存已禁用，跳過配置保存
2025-09-09 17:07:36,244 - VALO360 - DEBUG - 自動保存已禁用，跳過配置保存
2025-09-09 17:07:36,244 - VALO360 - DEBUG - 自動保存已禁用，跳過配置保存
2025-09-09 17:07:36,244 - VALO360 - DEBUG - 自動保存已禁用，跳過配置保存
2025-09-09 17:07:36,244 - VALO360 - DEBUG - 自動保存已禁用，跳過配置保存
2025-09-09 17:07:36,244 - VALO360 - DEBUG - 自動保存已禁用，跳過配置保存
2025-09-09 17:07:36,244 - VALO360 - DEBUG - 自動保存已禁用，跳過配置保存
2025-09-09 17:07:36,244 - VALO360 - DEBUG - 自動保存已禁用，跳過配置保存
2025-09-09 17:07:36,244 - VALO360 - DEBUG - 自動保存已禁用，跳過配置保存
2025-09-09 17:07:36,244 - VALO360 - DEBUG - 自動保存已禁用，跳過配置保存
2025-09-09 17:07:36,244 - VALO360 - DEBUG - 自動保存已禁用，跳過配置保存
2025-09-09 17:07:36,252 - VALO360 - DEBUG - 自動保存已禁用，跳過配置保存
2025-09-09 17:07:36,252 - VALO360 - DEBUG - 自動保存已禁用，跳過配置保存
2025-09-09 17:07:36,252 - VALO360 - DEBUG - 自動保存已禁用，跳過配置保存
2025-09-09 17:07:36,252 - VALO360 - DEBUG - 自動保存已禁用，跳過配置保存
2025-09-09 17:07:36,252 - VALO360 - DEBUG - 自動保存已禁用，跳過配置保存
2025-09-09 17:07:36,252 - VALO360 - DEBUG - 自動保存已禁用，跳過配置保存
2025-09-09 17:07:36,252 - VALO360 - DEBUG - 自動保存已禁用，跳過配置保存
2025-09-09 17:07:36,256 - VALO360 - DEBUG - 自動保存已禁用，跳過配置保存
2025-09-09 17:07:36,256 - VALO360 - DEBUG - 自動保存已禁用，跳過配置保存
2025-09-09 17:07:36,257 - VALO360 - DEBUG - 自動保存已禁用，跳過配置保存
2025-09-09 17:07:36,258 - VALO360 - DEBUG - 自動保存已禁用，跳過配置保存
2025-09-09 17:07:36,258 - VALO360 - DEBUG - 自動保存已禁用，跳過配置保存
2025-09-09 17:07:36,259 - VALO360 - DEBUG - 自動保存已禁用，跳過配置保存
2025-09-09 17:07:36,260 - VALO360 - DEBUG - 自動保存已禁用，跳過配置保存
2025-09-09 17:07:36,260 - VALO360 - DEBUG - 自動保存已禁用，跳過配置保存
2025-09-09 17:07:36,260 - VALO360 - DEBUG - 自動保存已禁用，跳過配置保存
2025-09-09 17:07:36,260 - VALO360 - DEBUG - 自動保存已禁用，跳過配置保存
2025-09-09 17:07:36,260 - VALO360 - DEBUG - 自動保存已禁用，跳過配置保存
2025-09-09 17:07:36,260 - VALO360 - DEBUG - 自動保存已禁用，跳過配置保存
2025-09-09 17:07:36,260 - VALO360 - DEBUG - 自動保存已禁用，跳過配置保存
2025-09-09 17:07:36,260 - VALO360 - DEBUG - 自動保存已禁用，跳過配置保存
2025-09-09 17:07:36,260 - VALO360 - DEBUG - 自動保存已禁用，跳過配置保存
2025-09-09 17:07:36,260 - VALO360 - DEBUG - 自動保存已禁用，跳過配置保存
2025-09-09 17:07:36,260 - VALO360 - DEBUG - 自動保存已禁用，跳過配置保存
2025-09-09 17:07:36,260 - VALO360 - DEBUG - 自動保存已禁用，跳過配置保存
2025-09-09 17:07:36,260 - VALO360 - DEBUG - 自動保存已禁用，跳過配置保存
2025-09-09 17:07:36,260 - VALO360 - DEBUG - 自動保存已禁用，跳過配置保存
2025-09-09 17:07:36,260 - VALO360 - DEBUG - 自動保存已禁用，跳過配置保存
2025-09-09 17:07:36,260 - VALO360 - DEBUG - 自動保存已禁用，跳過配置保存
2025-09-09 17:07:36,260 - VALO360 - DEBUG - 自動保存已禁用，跳過配置保存
2025-09-09 17:07:36,260 - VALO360 - DEBUG - 自動保存已禁用，跳過配置保存
2025-09-09 17:07:36,260 - VALO360 - DEBUG - 自動保存已禁用，跳過配置保存
2025-09-09 17:07:36,260 - VALO360 - DEBUG - 自動保存已禁用，跳過配置保存
2025-09-09 17:07:36,260 - VALO360 - DEBUG - 自動保存已禁用，跳過配置保存
2025-09-09 17:07:36,270 - VALO360 - DEBUG - 自動保存已禁用，跳過配置保存
2025-09-09 17:07:36,270 - VALO360 - DEBUG - 自動保存已禁用，跳過配置保存
2025-09-09 17:07:36,271 - VALO360 - DEBUG - 自動保存已禁用，跳過配置保存
2025-09-09 17:07:36,271 - VALO360 - DEBUG - 自動保存已禁用，跳過配置保存
2025-09-09 17:07:36,271 - VALO360 - DEBUG - 自動保存已禁用，跳過配置保存
2025-09-09 17:07:36,271 - VALO360 - DEBUG - 自動保存已禁用，跳過配置保存
2025-09-09 17:07:36,273 - VALO360 - DEBUG - 自動保存已禁用，跳過配置保存
2025-09-09 17:07:36,273 - VALO360 - DEBUG - 自動保存已禁用，跳過配置保存
2025-09-09 17:07:36,274 - VALO360 - DEBUG - 自動保存已禁用，跳過配置保存
2025-09-09 17:07:36,274 - VALO360 - DEBUG - 自動保存已禁用，跳過配置保存
2025-09-09 17:07:36,275 - VALO360 - DEBUG - 自動保存已禁用，跳過配置保存
2025-09-09 17:07:36,275 - VALO360 - DEBUG - 自動保存已禁用，跳過配置保存
2025-09-09 17:07:36,276 - VALO360 - DEBUG - 自動保存已禁用，跳過配置保存
2025-09-09 17:07:36,276 - VALO360 - DEBUG - 自動保存已禁用，跳過配置保存
2025-09-09 17:07:36,276 - VALO360 - DEBUG - 自動保存已禁用，跳過配置保存
2025-09-09 17:07:36,276 - VALO360 - DEBUG - 自動保存已禁用，跳過配置保存
2025-09-09 17:07:36,277 - VALO360 - DEBUG - 自動保存已禁用，跳過配置保存
2025-09-09 17:07:36,277 - VALO360 - DEBUG - 自動保存已禁用，跳過配置保存
2025-09-09 17:07:36,277 - VALO360 - DEBUG - 自動保存已禁用，跳過配置保存
2025-09-09 17:07:36,277 - VALO360 - DEBUG - 自動保存已禁用，跳過配置保存
2025-09-09 17:07:36,277 - VALO360 - DEBUG - 自動保存已禁用，跳過配置保存
2025-09-09 17:07:36,277 - VALO360 - DEBUG - 自動保存已禁用，跳過配置保存
2025-09-09 17:07:36,277 - VALO360 - DEBUG - 自動保存已禁用，跳過配置保存
2025-09-09 17:07:36,277 - VALO360 - DEBUG - 自動保存已禁用，跳過配置保存
2025-09-09 17:07:36,277 - VALO360 - DEBUG - 自動保存已禁用，跳過配置保存
2025-09-09 17:07:36,286 - VALO360 - DEBUG - 自動保存已禁用，跳過配置保存
2025-09-09 17:07:36,286 - VALO360 - DEBUG - 自動保存已禁用，跳過配置保存
2025-09-09 17:07:36,286 - VALO360 - DEBUG - 自動保存已禁用，跳過配置保存
2025-09-09 17:07:36,286 - VALO360 - DEBUG - 自動保存已禁用，跳過配置保存
2025-09-09 17:07:36,288 - VALO360 - DEBUG - 自動保存已禁用，跳過配置保存
2025-09-09 17:07:36,288 - VALO360 - DEBUG - 自動保存已禁用，跳過配置保存
2025-09-09 17:07:36,288 - VALO360 - DEBUG - 自動保存已禁用，跳過配置保存
2025-09-09 17:07:36,288 - VALO360 - DEBUG - 自動保存已禁用，跳過配置保存
2025-09-09 17:07:36,291 - VALO360 - DEBUG - 自動保存已禁用，跳過配置保存
2025-09-09 17:07:36,291 - VALO360 - DEBUG - 自動保存已禁用，跳過配置保存
2025-09-09 17:07:36,292 - VALO360 - DEBUG - 自動保存已禁用，跳過配置保存
2025-09-09 17:07:36,292 - VALO360 - DEBUG - 自動保存已禁用，跳過配置保存
2025-09-09 17:07:36,292 - VALO360 - DEBUG - 自動保存已禁用，跳過配置保存
2025-09-09 17:07:36,292 - VALO360 - DEBUG - 自動保存已禁用，跳過配置保存
2025-09-09 17:07:36,294 - VALO360 - DEBUG - 自動保存已禁用，跳過配置保存
2025-09-09 17:07:36,296 - VALO360 - DEBUG - 自動保存已禁用，跳過配置保存
2025-09-09 17:07:36,296 - VALO360 - DEBUG - 自動保存已禁用，跳過配置保存
2025-09-09 17:07:36,296 - VALO360 - DEBUG - 自動保存已禁用，跳過配置保存
2025-09-09 17:07:36,296 - VALO360 - DEBUG - 自動保存已禁用，跳過配置保存
2025-09-09 17:07:36,296 - VALO360 - DEBUG - 自動保存已禁用，跳過配置保存
2025-09-09 17:07:36,296 - VALO360 - DEBUG - 自動保存已禁用，跳過配置保存
2025-09-09 17:07:36,296 - VALO360 - DEBUG - 自動保存已禁用，跳過配置保存
2025-09-09 17:07:36,296 - VALO360 - DEBUG - 自動保存已禁用，跳過配置保存
2025-09-09 17:07:36,296 - VALO360 - DEBUG - 自動保存已禁用，跳過配置保存
2025-09-09 17:07:36,296 - VALO360 - DEBUG - 自動保存已禁用，跳過配置保存
2025-09-09 17:07:36,296 - VALO360 - DEBUG - 自動保存已禁用，跳過配置保存
2025-09-09 17:07:36,296 - VALO360 - DEBUG - 自動保存已禁用，跳過配置保存
2025-09-09 17:07:36,296 - VALO360 - DEBUG - 自動保存已禁用，跳過配置保存
2025-09-09 17:07:36,296 - VALO360 - DEBUG - 自動保存已禁用，跳過配置保存
2025-09-09 17:07:36,296 - VALO360 - DEBUG - 自動保存已禁用，跳過配置保存
2025-09-09 17:07:36,296 - VALO360 - DEBUG - 自動保存已禁用，跳過配置保存
2025-09-09 17:07:36,303 - VALO360 - DEBUG - 自動保存已禁用，跳過配置保存
2025-09-09 17:07:36,303 - VALO360 - DEBUG - 自動保存已禁用，跳過配置保存
2025-09-09 17:07:36,303 - VALO360 - DEBUG - 自動保存已禁用，跳過配置保存
2025-09-09 17:07:36,304 - VALO360 - DEBUG - 自動保存已禁用，跳過配置保存
2025-09-09 17:07:36,304 - VALO360 - DEBUG - 自動保存已禁用，跳過配置保存
2025-09-09 17:07:36,304 - VALO360 - DEBUG - 自動保存已禁用，跳過配置保存
2025-09-09 17:07:36,304 - VALO360 - DEBUG - 自動保存已禁用，跳過配置保存
2025-09-09 17:07:36,304 - VALO360 - DEBUG - 自動保存已禁用，跳過配置保存
2025-09-09 17:07:36,307 - VALO360 - DEBUG - 自動保存已禁用，跳過配置保存
2025-09-09 17:07:36,307 - VALO360 - DEBUG - 自動保存已禁用，跳過配置保存
2025-09-09 17:07:36,308 - VALO360 - DEBUG - 自動保存已禁用，跳過配置保存
2025-09-09 17:07:36,308 - VALO360 - DEBUG - 自動保存已禁用，跳過配置保存
2025-09-09 17:07:36,310 - VALO360 - DEBUG - 自動保存已禁用，跳過配置保存
2025-09-09 17:07:36,310 - VALO360 - DEBUG - 自動保存已禁用，跳過配置保存
2025-09-09 17:07:36,310 - VALO360 - DEBUG - 自動保存已禁用，跳過配置保存
2025-09-09 17:07:36,310 - VALO360 - DEBUG - 自動保存已禁用，跳過配置保存
2025-09-09 17:07:36,310 - VALO360 - DEBUG - 自動保存已禁用，跳過配置保存
2025-09-09 17:07:36,314 - VALO360 - DEBUG - 自動保存已禁用，跳過配置保存
2025-09-09 17:07:36,314 - VALO360 - DEBUG - 自動保存已禁用，跳過配置保存
2025-09-09 17:07:36,314 - VALO360 - DEBUG - 自動保存已禁用，跳過配置保存
2025-09-09 17:07:36,314 - VALO360 - DEBUG - 自動保存已禁用，跳過配置保存
2025-09-09 17:07:36,314 - VALO360 - DEBUG - 自動保存已禁用，跳過配置保存
2025-09-09 17:07:36,316 - VALO360 - DEBUG - 自動保存已禁用，跳過配置保存
2025-09-09 17:07:36,316 - VALO360 - DEBUG - 自動保存已禁用，跳過配置保存
2025-09-09 17:07:36,316 - VALO360 - DEBUG - 自動保存已禁用，跳過配置保存
2025-09-09 17:07:36,316 - VALO360 - DEBUG - 自動保存已禁用，跳過配置保存
2025-09-09 17:07:36,318 - VALO360 - DEBUG - 自動保存已禁用，跳過配置保存
2025-09-09 17:07:36,318 - VALO360 - DEBUG - 自動保存已禁用，跳過配置保存
2025-09-09 17:07:36,318 - VALO360 - DEBUG - 自動保存已禁用，跳過配置保存
2025-09-09 17:07:36,318 - VALO360 - DEBUG - 自動保存已禁用，跳過配置保存
2025-09-09 17:07:36,318 - VALO360 - DEBUG - 自動保存已禁用，跳過配置保存
2025-09-09 17:07:36,320 - VALO360 - DEBUG - 自動保存已禁用，跳過配置保存
2025-09-09 17:07:36,320 - VALO360 - DEBUG - 自動保存已禁用，跳過配置保存
2025-09-09 17:07:36,320 - VALO360 - DEBUG - 自動保存已禁用，跳過配置保存
2025-09-09 17:07:36,320 - VALO360 - DEBUG - 自動保存已禁用，跳過配置保存
2025-09-09 17:07:36,320 - VALO360 - DEBUG - 自動保存已禁用，跳過配置保存
2025-09-09 17:07:36,323 - VALO360 - DEBUG - 自動保存已禁用，跳過配置保存
2025-09-09 17:07:36,324 - VALO360 - DEBUG - 自動保存已禁用，跳過配置保存
2025-09-09 17:07:36,324 - VALO360 - DEBUG - 自動保存已禁用，跳過配置保存
2025-09-09 17:07:36,325 - VALO360 - DEBUG - 自動保存已禁用，跳過配置保存
2025-09-09 17:07:36,326 - VALO360 - DEBUG - 自動保存已禁用，跳過配置保存
2025-09-09 17:07:36,326 - VALO360 - DEBUG - 自動保存已禁用，跳過配置保存
2025-09-09 17:07:36,326 - VALO360 - DEBUG - 自動保存已禁用，跳過配置保存
2025-09-09 17:07:36,326 - VALO360 - DEBUG - 自動保存已禁用，跳過配置保存
2025-09-09 17:07:36,326 - VALO360 - DEBUG - 自動保存已禁用，跳過配置保存
2025-09-09 17:07:36,326 - VALO360 - DEBUG - 自動保存已禁用，跳過配置保存
2025-09-09 17:07:36,326 - VALO360 - DEBUG - 自動保存已禁用，跳過配置保存
2025-09-09 17:07:36,326 - VALO360 - DEBUG - 自動保存已禁用，跳過配置保存
2025-09-09 17:07:36,326 - VALO360 - DEBUG - 自動保存已禁用，跳過配置保存
2025-09-09 17:07:36,326 - VALO360 - DEBUG - 自動保存已禁用，跳過配置保存
2025-09-09 17:07:36,326 - VALO360 - DEBUG - 自動保存已禁用，跳過配置保存
2025-09-09 17:07:36,326 - VALO360 - DEBUG - 自動保存已禁用，跳過配置保存
2025-09-09 17:07:36,326 - VALO360 - DEBUG - 自動保存已禁用，跳過配置保存
2025-09-09 17:07:36,326 - VALO360 - DEBUG - 自動保存已禁用，跳過配置保存
2025-09-09 17:07:36,326 - VALO360 - DEBUG - 自動保存已禁用，跳過配置保存
2025-09-09 17:07:36,326 - VALO360 - DEBUG - 自動保存已禁用，跳過配置保存
2025-09-09 17:07:36,326 - VALO360 - DEBUG - 自動保存已禁用，跳過配置保存
2025-09-09 17:07:36,326 - VALO360 - DEBUG - 自動保存已禁用，跳過配置保存
2025-09-09 17:07:36,326 - VALO360 - DEBUG - 自動保存已禁用，跳過配置保存
2025-09-09 17:07:36,326 - VALO360 - DEBUG - 自動保存已禁用，跳過配置保存
2025-09-09 17:07:36,335 - VALO360 - DEBUG - 自動保存已禁用，跳過配置保存
2025-09-09 17:07:36,335 - VALO360 - DEBUG - 自動保存已禁用，跳過配置保存
2025-09-09 17:07:36,335 - VALO360 - DEBUG - 自動保存已禁用，跳過配置保存
2025-09-09 17:07:36,335 - VALO360 - DEBUG - 自動保存已禁用，跳過配置保存
2025-09-09 17:07:36,341 - VALO360 - DEBUG - 自動保存已禁用，跳過配置保存
2025-09-09 17:07:36,341 - VALO360 - DEBUG - 自動保存已禁用，跳過配置保存
2025-09-09 17:07:36,341 - VALO360 - DEBUG - 自動保存已禁用，跳過配置保存
2025-09-09 17:07:36,341 - VALO360 - DEBUG - 自動保存已禁用，跳過配置保存
2025-09-09 17:07:36,341 - VALO360 - DEBUG - 自動保存已禁用，跳過配置保存
2025-09-09 17:07:36,341 - VALO360 - DEBUG - 自動保存已禁用，跳過配置保存
2025-09-09 17:07:36,341 - VALO360 - DEBUG - 自動保存已禁用，跳過配置保存
2025-09-09 17:07:36,341 - VALO360 - DEBUG - 自動保存已禁用，跳過配置保存
2025-09-09 17:07:36,352 - VALO360 - DEBUG - 自動保存已禁用，跳過配置保存
2025-09-09 17:07:36,353 - VALO360 - DEBUG - 自動保存已禁用，跳過配置保存
2025-09-09 17:07:36,353 - VALO360 - DEBUG - 自動保存已禁用，跳過配置保存
2025-09-09 17:07:36,353 - VALO360 - DEBUG - 自動保存已禁用，跳過配置保存
2025-09-09 17:07:36,353 - VALO360 - DEBUG - 自動保存已禁用，跳過配置保存
2025-09-09 17:07:36,355 - VALO360 - DEBUG - 自動保存已禁用，跳過配置保存
2025-09-09 17:07:36,355 - VALO360 - DEBUG - 自動保存已禁用，跳過配置保存
2025-09-09 17:07:36,355 - VALO360 - DEBUG - 自動保存已禁用，跳過配置保存
2025-09-09 17:07:36,356 - VALO360 - DEBUG - 自動保存已禁用，跳過配置保存
2025-09-09 17:07:36,357 - VALO360 - DEBUG - 自動保存已禁用，跳過配置保存
2025-09-09 17:07:36,357 - VALO360 - DEBUG - 自動保存已禁用，跳過配置保存
2025-09-09 17:07:36,357 - VALO360 - DEBUG - 自動保存已禁用，跳過配置保存
2025-09-09 17:07:36,359 - VALO360 - DEBUG - 自動保存已禁用，跳過配置保存
2025-09-09 17:07:36,359 - VALO360 - DEBUG - 自動保存已禁用，跳過配置保存
2025-09-09 17:07:36,359 - VALO360 - DEBUG - 自動保存已禁用，跳過配置保存
2025-09-09 17:07:36,359 - VALO360 - DEBUG - 自動保存已禁用，跳過配置保存
2025-09-09 17:07:36,359 - VALO360 - DEBUG - 自動保存已禁用，跳過配置保存
2025-09-09 17:07:36,359 - VALO360 - DEBUG - 自動保存已禁用，跳過配置保存
2025-09-09 17:07:36,359 - VALO360 - DEBUG - 自動保存已禁用，跳過配置保存
2025-09-09 17:07:36,359 - VALO360 - DEBUG - 自動保存已禁用，跳過配置保存
2025-09-09 17:07:36,359 - VALO360 - DEBUG - 自動保存已禁用，跳過配置保存
2025-09-09 17:07:36,359 - VALO360 - DEBUG - 自動保存已禁用，跳過配置保存
2025-09-09 17:07:36,359 - VALO360 - DEBUG - 自動保存已禁用，跳過配置保存
2025-09-09 17:07:36,359 - VALO360 - DEBUG - 自動保存已禁用，跳過配置保存
2025-09-09 17:07:36,359 - VALO360 - DEBUG - 自動保存已禁用，跳過配置保存
2025-09-09 17:07:36,359 - VALO360 - DEBUG - 自動保存已禁用，跳過配置保存
2025-09-09 17:07:36,359 - VALO360 - DEBUG - 自動保存已禁用，跳過配置保存
2025-09-09 17:07:36,359 - VALO360 - DEBUG - 自動保存已禁用，跳過配置保存
2025-09-09 17:07:36,368 - VALO360 - DEBUG - 自動保存已禁用，跳過配置保存
2025-09-09 17:07:36,368 - VALO360 - DEBUG - 自動保存已禁用，跳過配置保存
2025-09-09 17:07:36,368 - VALO360 - DEBUG - 自動保存已禁用，跳過配置保存
2025-09-09 17:07:36,368 - VALO360 - DEBUG - 自動保存已禁用，跳過配置保存
2025-09-09 17:07:36,375 - VALO360 - DEBUG - 自動保存已禁用，跳過配置保存
2025-09-09 17:07:36,376 - VALO360 - DEBUG - 自動保存已禁用，跳過配置保存
2025-09-09 17:07:36,376 - VALO360 - DEBUG - 自動保存已禁用，跳過配置保存
2025-09-09 17:07:36,376 - VALO360 - DEBUG - 自動保存已禁用，跳過配置保存
2025-09-09 17:07:36,376 - VALO360 - DEBUG - 自動保存已禁用，跳過配置保存
2025-09-09 17:07:36,376 - VALO360 - DEBUG - 自動保存已禁用，跳過配置保存
2025-09-09 17:07:36,376 - VALO360 - DEBUG - 自動保存已禁用，跳過配置保存
2025-09-09 17:07:36,376 - VALO360 - DEBUG - 自動保存已禁用，跳過配置保存
2025-09-09 17:07:36,376 - VALO360 - DEBUG - 自動保存已禁用，跳過配置保存
2025-09-09 17:07:36,376 - VALO360 - DEBUG - 自動保存已禁用，跳過配置保存
2025-09-09 17:07:36,376 - VALO360 - DEBUG - 自動保存已禁用，跳過配置保存
2025-09-09 17:07:36,376 - VALO360 - DEBUG - 自動保存已禁用，跳過配置保存
2025-09-09 17:07:36,385 - VALO360 - DEBUG - 自動保存已禁用，跳過配置保存
2025-09-09 17:07:36,385 - VALO360 - DEBUG - 自動保存已禁用，跳過配置保存
2025-09-09 17:07:36,385 - VALO360 - DEBUG - 自動保存已禁用，跳過配置保存
2025-09-09 17:07:36,385 - VALO360 - DEBUG - 自動保存已禁用，跳過配置保存
2025-09-09 17:07:36,389 - VALO360 - DEBUG - 自動保存已禁用，跳過配置保存
2025-09-09 17:07:36,390 - VALO360 - DEBUG - 自動保存已禁用，跳過配置保存
2025-09-09 17:07:36,390 - VALO360 - DEBUG - 自動保存已禁用，跳過配置保存
2025-09-09 17:07:36,390 - VALO360 - DEBUG - 自動保存已禁用，跳過配置保存
2025-09-09 17:07:36,391 - VALO360 - DEBUG - 自動保存已禁用，跳過配置保存
2025-09-09 17:07:36,391 - VALO360 - DEBUG - 自動保存已禁用，跳過配置保存
2025-09-09 17:07:36,391 - VALO360 - DEBUG - 自動保存已禁用，跳過配置保存
2025-09-09 17:07:36,391 - VALO360 - DEBUG - 自動保存已禁用，跳過配置保存
2025-09-09 17:07:36,391 - VALO360 - DEBUG - 自動保存已禁用，跳過配置保存
2025-09-09 17:07:36,391 - VALO360 - DEBUG - 自動保存已禁用，跳過配置保存
2025-09-09 17:07:36,391 - VALO360 - DEBUG - 自動保存已禁用，跳過配置保存
2025-09-09 17:07:36,391 - VALO360 - DEBUG - 自動保存已禁用，跳過配置保存
2025-09-09 17:07:36,391 - VALO360 - DEBUG - 自動保存已禁用，跳過配置保存
2025-09-09 17:07:36,391 - VALO360 - DEBUG - 自動保存已禁用，跳過配置保存
2025-09-09 17:07:36,391 - VALO360 - DEBUG - 自動保存已禁用，跳過配置保存
2025-09-09 17:07:36,391 - VALO360 - DEBUG - 自動保存已禁用，跳過配置保存
2025-09-09 17:07:36,407 - VALO360 - DEBUG - 自動保存已禁用，跳過配置保存
2025-09-09 17:07:36,408 - VALO360 - DEBUG - 自動保存已禁用，跳過配置保存
2025-09-09 17:07:36,408 - VALO360 - DEBUG - 自動保存已禁用，跳過配置保存
2025-09-09 17:07:36,409 - VALO360 - DEBUG - 自動保存已禁用，跳過配置保存
2025-09-09 17:07:36,409 - VALO360 - DEBUG - 自動保存已禁用，跳過配置保存
2025-09-09 17:07:36,410 - VALO360 - DEBUG - 自動保存已禁用，跳過配置保存
2025-09-09 17:07:36,410 - VALO360 - DEBUG - 自動保存已禁用，跳過配置保存
2025-09-09 17:07:36,410 - VALO360 - DEBUG - 自動保存已禁用，跳過配置保存
2025-09-09 17:07:36,410 - VALO360 - DEBUG - 自動保存已禁用，跳過配置保存
2025-09-09 17:07:36,410 - VALO360 - DEBUG - 自動保存已禁用，跳過配置保存
2025-09-09 17:07:36,410 - VALO360 - DEBUG - 自動保存已禁用，跳過配置保存
2025-09-09 17:07:36,410 - VALO360 - DEBUG - 自動保存已禁用，跳過配置保存
2025-09-09 17:07:36,419 - VALO360 - DEBUG - 自動保存已禁用，跳過配置保存
2025-09-09 17:07:36,419 - VALO360 - DEBUG - 自動保存已禁用，跳過配置保存
2025-09-09 17:07:36,419 - VALO360 - DEBUG - 自動保存已禁用，跳過配置保存
2025-09-09 17:07:36,424 - VALO360 - DEBUG - 自動保存已禁用，跳過配置保存
2025-09-09 17:07:36,427 - VALO360 - DEBUG - 自動保存已禁用，跳過配置保存
2025-09-09 17:07:36,427 - VALO360 - DEBUG - 自動保存已禁用，跳過配置保存
2025-09-09 17:07:36,427 - VALO360 - DEBUG - 自動保存已禁用，跳過配置保存
2025-09-09 17:07:36,436 - VALO360 - DEBUG - 自動保存已禁用，跳過配置保存
2025-09-09 17:07:36,444 - VALO360 - DEBUG - 自動保存已禁用，跳過配置保存
2025-09-09 17:07:36,444 - VALO360 - DEBUG - 自動保存已禁用，跳過配置保存
2025-09-09 17:07:36,444 - VALO360 - DEBUG - 自動保存已禁用，跳過配置保存
2025-09-09 17:07:36,444 - VALO360 - DEBUG - 自動保存已禁用，跳過配置保存
2025-09-09 17:07:36,444 - VALO360 - DEBUG - 自動保存已禁用，跳過配置保存
2025-09-09 17:07:36,444 - VALO360 - DEBUG - 自動保存已禁用，跳過配置保存
2025-09-09 17:07:36,444 - VALO360 - DEBUG - 自動保存已禁用，跳過配置保存
2025-09-09 17:07:36,444 - VALO360 - DEBUG - 自動保存已禁用，跳過配置保存
2025-09-09 17:07:36,452 - VALO360 - DEBUG - 自動保存已禁用，跳過配置保存
2025-09-09 17:07:36,452 - VALO360 - DEBUG - 自動保存已禁用，跳過配置保存
2025-09-09 17:07:36,452 - VALO360 - DEBUG - 自動保存已禁用，跳過配置保存
2025-09-09 17:07:36,452 - VALO360 - DEBUG - 自動保存已禁用，跳過配置保存
2025-09-09 17:07:36,459 - VALO360 - DEBUG - 自動保存已禁用，跳過配置保存
2025-09-09 17:07:36,459 - VALO360 - DEBUG - 自動保存已禁用，跳過配置保存
2025-09-09 17:07:36,459 - VALO360 - DEBUG - 自動保存已禁用，跳過配置保存
2025-09-09 17:07:36,461 - VALO360 - DEBUG - 自動保存已禁用，跳過配置保存
2025-09-09 17:07:36,508 - VALO360 - DEBUG - 自動保存已禁用，跳過配置保存
2025-09-09 17:07:36,508 - VALO360 - DEBUG - 自動保存已禁用，跳過配置保存
2025-09-09 17:07:36,508 - VALO360 - DEBUG - 自動保存已禁用，跳過配置保存
2025-09-09 17:07:36,508 - VALO360 - DEBUG - 自動保存已禁用，跳過配置保存
2025-09-09 17:07:36,508 - VALO360 - DEBUG - 自動保存已禁用，跳過配置保存
2025-09-09 17:07:36,508 - VALO360 - DEBUG - 自動保存已禁用，跳過配置保存
2025-09-09 17:07:36,508 - VALO360 - DEBUG - 自動保存已禁用，跳過配置保存
2025-09-09 17:07:36,508 - VALO360 - DEBUG - 自動保存已禁用，跳過配置保存
2025-09-09 17:07:36,508 - VALO360 - DEBUG - 自動保存已禁用，跳過配置保存
2025-09-09 17:07:36,508 - VALO360 - DEBUG - 自動保存已禁用，跳過配置保存
2025-09-09 17:07:36,508 - VALO360 - DEBUG - 自動保存已禁用，跳過配置保存
2025-09-09 17:07:36,508 - VALO360 - DEBUG - 自動保存已禁用，跳過配置保存
2025-09-09 17:07:36,519 - VALO360 - DEBUG - 自動保存已禁用，跳過配置保存
2025-09-09 17:07:36,519 - VALO360 - DEBUG - 自動保存已禁用，跳過配置保存
2025-09-09 17:07:36,519 - VALO360 - DEBUG - 自動保存已禁用，跳過配置保存
2025-09-09 17:07:36,519 - VALO360 - DEBUG - 自動保存已禁用，跳過配置保存
2025-09-09 17:07:36,519 - VALO360 - DEBUG - 自動保存已禁用，跳過配置保存
2025-09-09 17:07:36,519 - VALO360 - DEBUG - 自動保存已禁用，跳過配置保存
2025-09-09 17:07:36,519 - VALO360 - DEBUG - 自動保存已禁用，跳過配置保存
2025-09-09 17:07:36,519 - VALO360 - DEBUG - 自動保存已禁用，跳過配置保存
2025-09-09 17:07:36,528 - VALO360 - DEBUG - 自動保存已禁用，跳過配置保存
2025-09-09 17:07:36,528 - VALO360 - DEBUG - 自動保存已禁用，跳過配置保存
2025-09-09 17:07:36,528 - VALO360 - DEBUG - 自動保存已禁用，跳過配置保存
2025-09-09 17:07:36,528 - VALO360 - DEBUG - 自動保存已禁用，跳過配置保存
2025-09-09 17:07:36,528 - VALO360 - DEBUG - 自動保存已禁用，跳過配置保存
2025-09-09 17:07:36,528 - VALO360 - DEBUG - 自動保存已禁用，跳過配置保存
2025-09-09 17:07:36,528 - VALO360 - DEBUG - 自動保存已禁用，跳過配置保存
2025-09-09 17:07:36,528 - VALO360 - DEBUG - 自動保存已禁用，跳過配置保存
2025-09-09 17:07:36,536 - VALO360 - DEBUG - 自動保存已禁用，跳過配置保存
2025-09-09 17:07:36,536 - VALO360 - DEBUG - 自動保存已禁用，跳過配置保存
2025-09-09 17:07:36,536 - VALO360 - DEBUG - 自動保存已禁用，跳過配置保存
2025-09-09 17:07:36,536 - VALO360 - DEBUG - 自動保存已禁用，跳過配置保存
2025-09-09 17:07:36,536 - VALO360 - DEBUG - 自動保存已禁用，跳過配置保存
2025-09-09 17:07:36,536 - VALO360 - DEBUG - 自動保存已禁用，跳過配置保存
2025-09-09 17:07:36,536 - VALO360 - DEBUG - 自動保存已禁用，跳過配置保存
2025-09-09 17:07:36,536 - VALO360 - DEBUG - 自動保存已禁用，跳過配置保存
2025-09-09 17:07:36,543 - VALO360 - DEBUG - 自動保存已禁用，跳過配置保存
2025-09-09 17:07:36,543 - VALO360 - DEBUG - 自動保存已禁用，跳過配置保存
2025-09-09 17:07:36,543 - VALO360 - DEBUG - 自動保存已禁用，跳過配置保存
2025-09-09 17:07:36,543 - VALO360 - DEBUG - 自動保存已禁用，跳過配置保存
2025-09-09 17:07:36,543 - VALO360 - DEBUG - 自動保存已禁用，跳過配置保存
2025-09-09 17:07:36,543 - VALO360 - DEBUG - 自動保存已禁用，跳過配置保存
2025-09-09 17:07:36,543 - VALO360 - DEBUG - 自動保存已禁用，跳過配置保存
2025-09-09 17:07:36,543 - VALO360 - DEBUG - 自動保存已禁用，跳過配置保存
2025-09-09 17:07:36,543 - VALO360 - DEBUG - 自動保存已禁用，跳過配置保存
2025-09-09 17:07:36,543 - VALO360 - DEBUG - 自動保存已禁用，跳過配置保存
2025-09-09 17:07:36,543 - VALO360 - DEBUG - 自動保存已禁用，跳過配置保存
2025-09-09 17:07:36,543 - VALO360 - DEBUG - 自動保存已禁用，跳過配置保存
2025-09-09 17:07:36,552 - VALO360 - DEBUG - 自動保存已禁用，跳過配置保存
2025-09-09 17:07:36,552 - VALO360 - DEBUG - 自動保存已禁用，跳過配置保存
2025-09-09 17:07:36,552 - VALO360 - DEBUG - 自動保存已禁用，跳過配置保存
2025-09-09 17:07:36,554 - VALO360 - DEBUG - 自動保存已禁用，跳過配置保存
2025-09-09 17:07:36,559 - VALO360 - DEBUG - 自動保存已禁用，跳過配置保存
2025-09-09 17:07:36,561 - VALO360 - DEBUG - 自動保存已禁用，跳過配置保存
2025-09-09 17:07:36,561 - VALO360 - DEBUG - 自動保存已禁用，跳過配置保存
2025-09-09 17:07:36,561 - VALO360 - DEBUG - 自動保存已禁用，跳過配置保存
2025-09-09 17:07:36,569 - VALO360 - DEBUG - 自動保存已禁用，跳過配置保存
2025-09-09 17:07:36,571 - VALO360 - DEBUG - 自動保存已禁用，跳過配置保存
2025-09-09 17:07:36,571 - VALO360 - DEBUG - 自動保存已禁用，跳過配置保存
2025-09-09 17:07:36,571 - VALO360 - DEBUG - 自動保存已禁用，跳過配置保存
2025-09-09 17:07:36,573 - VALO360 - DEBUG - 自動保存已禁用，跳過配置保存
2025-09-09 17:07:36,574 - VALO360 - DEBUG - 自動保存已禁用，跳過配置保存
2025-09-09 17:07:36,574 - VALO360 - DEBUG - 自動保存已禁用，跳過配置保存
2025-09-09 17:07:36,575 - VALO360 - DEBUG - 自動保存已禁用，跳過配置保存
2025-09-09 17:07:36,576 - VALO360 - DEBUG - 自動保存已禁用，跳過配置保存
2025-09-09 17:07:36,576 - VALO360 - DEBUG - 自動保存已禁用，跳過配置保存
2025-09-09 17:07:36,576 - VALO360 - DEBUG - 自動保存已禁用，跳過配置保存
2025-09-09 17:07:36,576 - VALO360 - DEBUG - 自動保存已禁用，跳過配置保存
2025-09-09 17:07:36,576 - VALO360 - DEBUG - 自動保存已禁用，跳過配置保存
2025-09-09 17:07:36,576 - VALO360 - DEBUG - 自動保存已禁用，跳過配置保存
2025-09-09 17:07:36,576 - VALO360 - DEBUG - 自動保存已禁用，跳過配置保存
2025-09-09 17:07:36,576 - VALO360 - DEBUG - 自動保存已禁用，跳過配置保存
2025-09-09 17:07:36,576 - VALO360 - DEBUG - 自動保存已禁用，跳過配置保存
2025-09-09 17:07:36,576 - VALO360 - DEBUG - 自動保存已禁用，跳過配置保存
2025-09-09 17:07:36,576 - VALO360 - DEBUG - 自動保存已禁用，跳過配置保存
2025-09-09 17:07:36,576 - VALO360 - DEBUG - 自動保存已禁用，跳過配置保存
2025-09-09 17:07:36,576 - VALO360 - DEBUG - 自動保存已禁用，跳過配置保存
2025-09-09 17:07:36,576 - VALO360 - DEBUG - 自動保存已禁用，跳過配置保存
2025-09-09 17:07:36,576 - VALO360 - DEBUG - 自動保存已禁用，跳過配置保存
2025-09-09 17:07:36,576 - VALO360 - DEBUG - 自動保存已禁用，跳過配置保存
2025-09-09 17:07:36,576 - VALO360 - DEBUG - 自動保存已禁用，跳過配置保存
2025-09-09 17:07:36,576 - VALO360 - DEBUG - 自動保存已禁用，跳過配置保存
2025-09-09 17:07:36,576 - VALO360 - DEBUG - 自動保存已禁用，跳過配置保存
2025-09-09 17:07:36,576 - VALO360 - DEBUG - 自動保存已禁用，跳過配置保存
2025-09-09 17:07:36,585 - VALO360 - DEBUG - 自動保存已禁用，跳過配置保存
2025-09-09 17:07:36,585 - VALO360 - DEBUG - 自動保存已禁用，跳過配置保存
2025-09-09 17:07:36,585 - VALO360 - DEBUG - 自動保存已禁用，跳過配置保存
2025-09-09 17:07:36,585 - VALO360 - DEBUG - 自動保存已禁用，跳過配置保存
2025-09-09 17:07:36,585 - VALO360 - DEBUG - 自動保存已禁用，跳過配置保存
2025-09-09 17:07:36,585 - VALO360 - DEBUG - 自動保存已禁用，跳過配置保存
2025-09-09 17:07:36,585 - VALO360 - DEBUG - 自動保存已禁用，跳過配置保存
2025-09-09 17:07:36,585 - VALO360 - DEBUG - 自動保存已禁用，跳過配置保存
2025-09-09 17:07:36,589 - VALO360 - DEBUG - 自動保存已禁用，跳過配置保存
2025-09-09 17:07:36,590 - VALO360 - DEBUG - 自動保存已禁用，跳過配置保存
2025-09-09 17:07:36,591 - VALO360 - DEBUG - 自動保存已禁用，跳過配置保存
2025-09-09 17:07:36,592 - VALO360 - DEBUG - 自動保存已禁用，跳過配置保存
2025-09-09 17:07:36,592 - VALO360 - DEBUG - 自動保存已禁用，跳過配置保存
2025-09-09 17:07:36,592 - VALO360 - DEBUG - 自動保存已禁用，跳過配置保存
2025-09-09 17:07:36,594 - VALO360 - DEBUG - 自動保存已禁用，跳過配置保存
2025-09-09 17:07:36,594 - VALO360 - DEBUG - 自動保存已禁用，跳過配置保存
2025-09-09 17:07:36,594 - VALO360 - DEBUG - 自動保存已禁用，跳過配置保存
2025-09-09 17:07:36,594 - VALO360 - DEBUG - 自動保存已禁用，跳過配置保存
2025-09-09 17:07:36,594 - VALO360 - DEBUG - 自動保存已禁用，跳過配置保存
2025-09-09 17:07:36,594 - VALO360 - DEBUG - 自動保存已禁用，跳過配置保存
2025-09-09 17:07:36,594 - VALO360 - DEBUG - 自動保存已禁用，跳過配置保存
2025-09-09 17:07:36,594 - VALO360 - DEBUG - 自動保存已禁用，跳過配置保存
2025-09-09 17:07:36,594 - VALO360 - DEBUG - 自動保存已禁用，跳過配置保存
2025-09-09 17:07:36,594 - VALO360 - DEBUG - 自動保存已禁用，跳過配置保存
2025-09-09 17:07:36,594 - VALO360 - DEBUG - 自動保存已禁用，跳過配置保存
2025-09-09 17:07:36,594 - VALO360 - DEBUG - 自動保存已禁用，跳過配置保存
2025-09-09 17:07:36,594 - VALO360 - DEBUG - 自動保存已禁用，跳過配置保存
2025-09-09 17:07:36,594 - VALO360 - DEBUG - 自動保存已禁用，跳過配置保存
2025-09-09 17:07:36,594 - VALO360 - DEBUG - 自動保存已禁用，跳過配置保存
2025-09-09 17:07:36,594 - VALO360 - DEBUG - 自動保存已禁用，跳過配置保存
2025-09-09 17:07:36,594 - VALO360 - DEBUG - 自動保存已禁用，跳過配置保存
2025-09-09 17:07:36,603 - VALO360 - DEBUG - 自動保存已禁用，跳過配置保存
2025-09-09 17:07:36,603 - VALO360 - DEBUG - 自動保存已禁用，跳過配置保存
2025-09-09 17:07:36,603 - VALO360 - DEBUG - 自動保存已禁用，跳過配置保存
2025-09-09 17:07:36,603 - VALO360 - DEBUG - 自動保存已禁用，跳過配置保存
2025-09-09 17:07:36,603 - VALO360 - DEBUG - 自動保存已禁用，跳過配置保存
2025-09-09 17:07:36,603 - VALO360 - DEBUG - 自動保存已禁用，跳過配置保存
2025-09-09 17:07:36,603 - VALO360 - DEBUG - 自動保存已禁用，跳過配置保存
2025-09-09 17:07:36,607 - VALO360 - DEBUG - 自動保存已禁用，跳過配置保存
2025-09-09 17:07:36,607 - VALO360 - DEBUG - 自動保存已禁用，跳過配置保存
2025-09-09 17:07:36,608 - VALO360 - DEBUG - 自動保存已禁用，跳過配置保存
2025-09-09 17:07:36,608 - VALO360 - DEBUG - 自動保存已禁用，跳過配置保存
2025-09-09 17:07:36,608 - VALO360 - DEBUG - 自動保存已禁用，跳過配置保存
2025-09-09 17:07:36,608 - VALO360 - DEBUG - 自動保存已禁用，跳過配置保存
2025-09-09 17:07:36,610 - VALO360 - DEBUG - 自動保存已禁用，跳過配置保存
2025-09-09 17:07:36,610 - VALO360 - DEBUG - 自動保存已禁用，跳過配置保存
2025-09-09 17:07:36,610 - VALO360 - DEBUG - 自動保存已禁用，跳過配置保存
2025-09-09 17:07:36,610 - VALO360 - DEBUG - 自動保存已禁用，跳過配置保存
2025-09-09 17:07:36,610 - VALO360 - DEBUG - 自動保存已禁用，跳過配置保存
2025-09-09 17:07:36,610 - VALO360 - DEBUG - 自動保存已禁用，跳過配置保存
2025-09-09 17:07:36,610 - VALO360 - DEBUG - 自動保存已禁用，跳過配置保存
2025-09-09 17:07:36,610 - VALO360 - DEBUG - 自動保存已禁用，跳過配置保存
2025-09-09 17:07:36,610 - VALO360 - DEBUG - 自動保存已禁用，跳過配置保存
2025-09-09 17:07:36,610 - VALO360 - DEBUG - 自動保存已禁用，跳過配置保存
2025-09-09 17:07:36,610 - VALO360 - DEBUG - 自動保存已禁用，跳過配置保存
2025-09-09 17:07:36,610 - VALO360 - DEBUG - 自動保存已禁用，跳過配置保存
2025-09-09 17:07:36,610 - VALO360 - DEBUG - 自動保存已禁用，跳過配置保存
2025-09-09 17:07:36,610 - VALO360 - DEBUG - 自動保存已禁用，跳過配置保存
2025-09-09 17:07:36,610 - VALO360 - DEBUG - 自動保存已禁用，跳過配置保存
2025-09-09 17:07:36,610 - VALO360 - DEBUG - 自動保存已禁用，跳過配置保存
2025-09-09 17:07:36,610 - VALO360 - DEBUG - 自動保存已禁用，跳過配置保存
2025-09-09 17:07:36,610 - VALO360 - DEBUG - 自動保存已禁用，跳過配置保存
2025-09-09 17:07:36,619 - VALO360 - DEBUG - 自動保存已禁用，跳過配置保存
2025-09-09 17:07:36,619 - VALO360 - DEBUG - 自動保存已禁用，跳過配置保存
2025-09-09 17:07:36,620 - VALO360 - DEBUG - 自動保存已禁用，跳過配置保存
2025-09-09 17:07:36,620 - VALO360 - DEBUG - 自動保存已禁用，跳過配置保存
2025-09-09 17:07:36,620 - VALO360 - DEBUG - 自動保存已禁用，跳過配置保存
2025-09-09 17:07:36,620 - VALO360 - DEBUG - 自動保存已禁用，跳過配置保存
2025-09-09 17:07:36,620 - VALO360 - DEBUG - 自動保存已禁用，跳過配置保存
2025-09-09 17:07:36,620 - VALO360 - DEBUG - 自動保存已禁用，跳過配置保存
2025-09-09 17:07:36,620 - VALO360 - DEBUG - 自動保存已禁用，跳過配置保存
2025-09-09 17:07:36,623 - VALO360 - DEBUG - 自動保存已禁用，跳過配置保存
2025-09-09 17:07:36,624 - VALO360 - DEBUG - 自動保存已禁用，跳過配置保存
2025-09-09 17:07:36,625 - VALO360 - DEBUG - 自動保存已禁用，跳過配置保存
2025-09-09 17:07:36,625 - VALO360 - DEBUG - 自動保存已禁用，跳過配置保存
2025-09-09 17:07:36,625 - VALO360 - DEBUG - 自動保存已禁用，跳過配置保存
2025-09-09 17:07:36,626 - VALO360 - DEBUG - 自動保存已禁用，跳過配置保存
2025-09-09 17:07:36,626 - VALO360 - DEBUG - 自動保存已禁用，跳過配置保存
2025-09-09 17:07:36,626 - VALO360 - DEBUG - 自動保存已禁用，跳過配置保存
2025-09-09 17:07:36,626 - VALO360 - DEBUG - 自動保存已禁用，跳過配置保存
2025-09-09 17:07:36,626 - VALO360 - DEBUG - 自動保存已禁用，跳過配置保存
2025-09-09 17:07:36,626 - VALO360 - DEBUG - 自動保存已禁用，跳過配置保存
2025-09-09 17:07:36,626 - VALO360 - DEBUG - 自動保存已禁用，跳過配置保存
2025-09-09 17:07:36,626 - VALO360 - DEBUG - 自動保存已禁用，跳過配置保存
2025-09-09 17:07:36,626 - VALO360 - DEBUG - 自動保存已禁用，跳過配置保存
2025-09-09 17:07:36,626 - VALO360 - DEBUG - 自動保存已禁用，跳過配置保存
2025-09-09 17:07:36,626 - VALO360 - DEBUG - 自動保存已禁用，跳過配置保存
2025-09-09 17:07:36,626 - VALO360 - DEBUG - 自動保存已禁用，跳過配置保存
2025-09-09 17:07:36,626 - VALO360 - DEBUG - 自動保存已禁用，跳過配置保存
2025-09-09 17:07:36,626 - VALO360 - DEBUG - 自動保存已禁用，跳過配置保存
2025-09-09 17:07:36,626 - VALO360 - DEBUG - 自動保存已禁用，跳過配置保存
2025-09-09 17:07:36,626 - VALO360 - DEBUG - 自動保存已禁用，跳過配置保存
2025-09-09 17:07:36,626 - VALO360 - DEBUG - 自動保存已禁用，跳過配置保存
2025-09-09 17:07:36,626 - VALO360 - DEBUG - 自動保存已禁用，跳過配置保存
2025-09-09 17:07:36,626 - VALO360 - DEBUG - 自動保存已禁用，跳過配置保存
2025-09-09 17:07:36,634 - VALO360 - DEBUG - 自動保存已禁用，跳過配置保存
2025-09-09 17:07:36,634 - VALO360 - DEBUG - 自動保存已禁用，跳過配置保存
2025-09-09 17:07:36,634 - VALO360 - DEBUG - 自動保存已禁用，跳過配置保存
2025-09-09 17:07:36,634 - VALO360 - DEBUG - 自動保存已禁用，跳過配置保存
2025-09-09 17:07:36,634 - VALO360 - DEBUG - 自動保存已禁用，跳過配置保存
2025-09-09 17:07:36,634 - VALO360 - DEBUG - 自動保存已禁用，跳過配置保存
2025-09-09 17:07:36,634 - VALO360 - DEBUG - 自動保存已禁用，跳過配置保存
2025-09-09 17:07:36,634 - VALO360 - DEBUG - 自動保存已禁用，跳過配置保存
2025-09-09 17:07:36,634 - VALO360 - DEBUG - 自動保存已禁用，跳過配置保存
2025-09-09 17:07:36,634 - VALO360 - DEBUG - 自動保存已禁用，跳過配置保存
2025-09-09 17:07:36,634 - VALO360 - DEBUG - 自動保存已禁用，跳過配置保存
2025-09-09 17:07:36,634 - VALO360 - DEBUG - 自動保存已禁用，跳過配置保存
2025-09-09 17:07:36,640 - VALO360 - DEBUG - 自動保存已禁用，跳過配置保存
2025-09-09 17:07:36,743 - VALO360 - DEBUG - 自動保存已禁用，跳過配置保存
2025-09-09 17:07:36,751 - VALO360 - DEBUG - 自動保存已禁用，跳過配置保存
2025-09-09 17:07:36,751 - VALO360 - DEBUG - 自動保存已禁用，跳過配置保存
2025-09-09 17:07:36,751 - VALO360 - DEBUG - 自動保存已禁用，跳過配置保存
2025-09-09 17:07:36,751 - VALO360 - DEBUG - 自動保存已禁用，跳過配置保存
2025-09-09 17:07:36,751 - VALO360 - DEBUG - 自動保存已禁用，跳過配置保存
2025-09-09 17:07:36,751 - VALO360 - DEBUG - 自動保存已禁用，跳過配置保存
2025-09-09 17:07:36,751 - VALO360 - DEBUG - 自動保存已禁用，跳過配置保存
2025-09-09 17:07:36,759 - VALO360 - DEBUG - 自動保存已禁用，跳過配置保存
2025-09-09 17:07:36,759 - VALO360 - DEBUG - 自動保存已禁用，跳過配置保存
2025-09-09 17:07:36,759 - VALO360 - DEBUG - 自動保存已禁用，跳過配置保存
2025-09-09 17:07:36,759 - VALO360 - DEBUG - 自動保存已禁用，跳過配置保存
2025-09-09 17:07:36,759 - VALO360 - DEBUG - 自動保存已禁用，跳過配置保存
2025-09-09 17:07:36,759 - VALO360 - DEBUG - 自動保存已禁用，跳過配置保存
2025-09-09 17:07:36,759 - VALO360 - DEBUG - 自動保存已禁用，跳過配置保存
2025-09-09 17:07:36,759 - VALO360 - DEBUG - 自動保存已禁用，跳過配置保存
2025-09-09 17:07:36,776 - VALO360 - DEBUG - 自動保存已禁用，跳過配置保存
2025-09-09 17:07:36,776 - VALO360 - DEBUG - 自動保存已禁用，跳過配置保存
2025-09-09 17:07:36,776 - VALO360 - DEBUG - 自動保存已禁用，跳過配置保存
2025-09-09 17:07:36,776 - VALO360 - DEBUG - 自動保存已禁用，跳過配置保存
2025-09-09 17:07:36,776 - VALO360 - DEBUG - 自動保存已禁用，跳過配置保存
2025-09-09 17:07:36,776 - VALO360 - DEBUG - 自動保存已禁用，跳過配置保存
2025-09-09 17:07:36,776 - VALO360 - DEBUG - 自動保存已禁用，跳過配置保存
2025-09-09 17:07:36,776 - VALO360 - DEBUG - 自動保存已禁用，跳過配置保存
2025-09-09 17:07:36,791 - VALO360 - DEBUG - 自動保存已禁用，跳過配置保存
2025-09-09 17:07:36,791 - VALO360 - DEBUG - 自動保存已禁用，跳過配置保存
2025-09-09 17:07:36,791 - VALO360 - DEBUG - 自動保存已禁用，跳過配置保存
2025-09-09 17:07:36,791 - VALO360 - DEBUG - 自動保存已禁用，跳過配置保存
2025-09-09 17:07:36,791 - VALO360 - DEBUG - 自動保存已禁用，跳過配置保存
2025-09-09 17:07:36,791 - VALO360 - DEBUG - 自動保存已禁用，跳過配置保存
2025-09-09 17:07:36,791 - VALO360 - DEBUG - 自動保存已禁用，跳過配置保存
2025-09-09 17:07:36,791 - VALO360 - DEBUG - 自動保存已禁用，跳過配置保存
2025-09-09 17:07:36,803 - VALO360 - DEBUG - 自動保存已禁用，跳過配置保存
2025-09-09 17:07:36,803 - VALO360 - DEBUG - 自動保存已禁用，跳過配置保存
2025-09-09 17:07:36,803 - VALO360 - DEBUG - 自動保存已禁用，跳過配置保存
2025-09-09 17:07:36,803 - VALO360 - DEBUG - 自動保存已禁用，跳過配置保存
2025-09-09 17:07:36,803 - VALO360 - DEBUG - 自動保存已禁用，跳過配置保存
2025-09-09 17:07:36,803 - VALO360 - DEBUG - 自動保存已禁用，跳過配置保存
2025-09-09 17:07:36,806 - VALO360 - DEBUG - 自動保存已禁用，跳過配置保存
2025-09-09 17:07:36,806 - VALO360 - DEBUG - 自動保存已禁用，跳過配置保存
2025-09-09 17:07:36,809 - VALO360 - DEBUG - 自動保存已禁用，跳過配置保存
2025-09-09 17:07:36,809 - VALO360 - DEBUG - 自動保存已禁用，跳過配置保存
2025-09-09 17:07:36,809 - VALO360 - DEBUG - 自動保存已禁用，跳過配置保存
2025-09-09 17:07:36,809 - VALO360 - DEBUG - 自動保存已禁用，跳過配置保存
2025-09-09 17:07:36,809 - VALO360 - DEBUG - 自動保存已禁用，跳過配置保存
2025-09-09 17:07:36,809 - VALO360 - DEBUG - 自動保存已禁用，跳過配置保存
2025-09-09 17:07:36,809 - VALO360 - DEBUG - 自動保存已禁用，跳過配置保存
2025-09-09 17:07:36,809 - VALO360 - DEBUG - 自動保存已禁用，跳過配置保存
2025-09-09 17:07:36,809 - VALO360 - DEBUG - 自動保存已禁用，跳過配置保存
2025-09-09 17:07:36,809 - VALO360 - DEBUG - 自動保存已禁用，跳過配置保存
2025-09-09 17:07:36,809 - VALO360 - DEBUG - 自動保存已禁用，跳過配置保存
2025-09-09 17:07:36,809 - VALO360 - DEBUG - 自動保存已禁用，跳過配置保存
2025-09-09 17:07:36,809 - VALO360 - DEBUG - 自動保存已禁用，跳過配置保存
2025-09-09 17:07:36,809 - VALO360 - DEBUG - 自動保存已禁用，跳過配置保存
2025-09-09 17:07:36,809 - VALO360 - DEBUG - 自動保存已禁用，跳過配置保存
2025-09-09 17:07:36,809 - VALO360 - DEBUG - 自動保存已禁用，跳過配置保存
2025-09-09 17:07:36,818 - VALO360 - DEBUG - 自動保存已禁用，跳過配置保存
2025-09-09 17:07:36,818 - VALO360 - DEBUG - 自動保存已禁用，跳過配置保存
2025-09-09 17:07:36,818 - VALO360 - DEBUG - 自動保存已禁用，跳過配置保存
2025-09-09 17:07:36,818 - VALO360 - DEBUG - 自動保存已禁用，跳過配置保存
2025-09-09 17:07:36,818 - VALO360 - DEBUG - 自動保存已禁用，跳過配置保存
2025-09-09 17:07:36,818 - VALO360 - DEBUG - 自動保存已禁用，跳過配置保存
2025-09-09 17:07:36,818 - VALO360 - DEBUG - 自動保存已禁用，跳過配置保存
2025-09-09 17:07:36,818 - VALO360 - DEBUG - 自動保存已禁用，跳過配置保存
2025-09-09 17:07:36,824 - VALO360 - DEBUG - 自動保存已禁用，跳過配置保存
2025-09-09 17:07:36,825 - VALO360 - DEBUG - 自動保存已禁用，跳過配置保存
2025-09-09 17:07:36,825 - VALO360 - DEBUG - 自動保存已禁用，跳過配置保存
2025-09-09 17:07:36,825 - VALO360 - DEBUG - 自動保存已禁用，跳過配置保存
2025-09-09 17:07:36,825 - VALO360 - DEBUG - 自動保存已禁用，跳過配置保存
2025-09-09 17:07:36,825 - VALO360 - DEBUG - 自動保存已禁用，跳過配置保存
2025-09-09 17:07:36,825 - VALO360 - DEBUG - 自動保存已禁用，跳過配置保存
2025-09-09 17:07:36,827 - VALO360 - DEBUG - 自動保存已禁用，跳過配置保存
2025-09-09 17:07:36,840 - VALO360 - DEBUG - 自動保存已禁用，跳過配置保存
2025-09-09 17:07:36,840 - VALO360 - DEBUG - 自動保存已禁用，跳過配置保存
2025-09-09 17:07:36,841 - VALO360 - DEBUG - 自動保存已禁用，跳過配置保存
2025-09-09 17:07:36,841 - VALO360 - DEBUG - 自動保存已禁用，跳過配置保存
2025-09-09 17:07:36,841 - VALO360 - DEBUG - 自動保存已禁用，跳過配置保存
2025-09-09 17:07:36,841 - VALO360 - DEBUG - 自動保存已禁用，跳過配置保存
2025-09-09 17:07:36,841 - VALO360 - DEBUG - 自動保存已禁用，跳過配置保存
2025-09-09 17:07:36,843 - VALO360 - DEBUG - 自動保存已禁用，跳過配置保存
2025-09-09 17:07:36,843 - VALO360 - DEBUG - 自動保存已禁用，跳過配置保存
2025-09-09 17:07:36,843 - VALO360 - DEBUG - 自動保存已禁用，跳過配置保存
2025-09-09 17:07:36,843 - VALO360 - DEBUG - 自動保存已禁用，跳過配置保存
2025-09-09 17:07:36,843 - VALO360 - DEBUG - 自動保存已禁用，跳過配置保存
2025-09-09 17:07:36,843 - VALO360 - DEBUG - 自動保存已禁用，跳過配置保存
2025-09-09 17:07:36,843 - VALO360 - DEBUG - 自動保存已禁用，跳過配置保存
2025-09-09 17:07:36,843 - VALO360 - DEBUG - 自動保存已禁用，跳過配置保存
2025-09-09 17:07:36,843 - VALO360 - DEBUG - 自動保存已禁用，跳過配置保存
2025-09-09 17:07:36,851 - VALO360 - DEBUG - 自動保存已禁用，跳過配置保存
2025-09-09 17:07:36,851 - VALO360 - DEBUG - 自動保存已禁用，跳過配置保存
2025-09-09 17:07:36,851 - VALO360 - DEBUG - 自動保存已禁用，跳過配置保存
2025-09-09 17:07:36,851 - VALO360 - DEBUG - 自動保存已禁用，跳過配置保存
2025-09-09 17:07:36,851 - VALO360 - DEBUG - 自動保存已禁用，跳過配置保存
2025-09-09 17:07:36,851 - VALO360 - DEBUG - 自動保存已禁用，跳過配置保存
2025-09-09 17:07:36,851 - VALO360 - DEBUG - 自動保存已禁用，跳過配置保存
2025-09-09 17:07:36,851 - VALO360 - DEBUG - 自動保存已禁用，跳過配置保存
2025-09-09 17:07:36,860 - VALO360 - DEBUG - 自動保存已禁用，跳過配置保存
2025-09-09 17:07:36,860 - VALO360 - DEBUG - 自動保存已禁用，跳過配置保存
2025-09-09 17:07:36,860 - VALO360 - DEBUG - 自動保存已禁用，跳過配置保存
2025-09-09 17:07:36,860 - VALO360 - DEBUG - 自動保存已禁用，跳過配置保存
2025-09-09 17:07:36,860 - VALO360 - DEBUG - 自動保存已禁用，跳過配置保存
2025-09-09 17:07:36,860 - VALO360 - DEBUG - 自動保存已禁用，跳過配置保存
2025-09-09 17:07:36,860 - VALO360 - DEBUG - 自動保存已禁用，跳過配置保存
2025-09-09 17:07:36,860 - VALO360 - DEBUG - 自動保存已禁用，跳過配置保存
2025-09-09 17:07:36,860 - VALO360 - DEBUG - 自動保存已禁用，跳過配置保存
2025-09-09 17:07:36,868 - VALO360 - DEBUG - 自動保存已禁用，跳過配置保存
2025-09-09 17:07:36,868 - VALO360 - DEBUG - 自動保存已禁用，跳過配置保存
2025-09-09 17:07:36,868 - VALO360 - DEBUG - 自動保存已禁用，跳過配置保存
2025-09-09 17:07:36,869 - VALO360 - DEBUG - 自動保存已禁用，跳過配置保存
2025-09-09 17:07:36,869 - VALO360 - DEBUG - 自動保存已禁用，跳過配置保存
2025-09-09 17:07:36,869 - VALO360 - DEBUG - 自動保存已禁用，跳過配置保存
2025-09-09 17:07:36,869 - VALO360 - DEBUG - 自動保存已禁用，跳過配置保存
2025-09-09 17:07:36,869 - VALO360 - DEBUG - 自動保存已禁用，跳過配置保存
2025-09-09 17:07:36,869 - VALO360 - DEBUG - 自動保存已禁用，跳過配置保存
2025-09-09 17:07:36,869 - VALO360 - DEBUG - 自動保存已禁用，跳過配置保存
2025-09-09 17:07:36,869 - VALO360 - DEBUG - 自動保存已禁用，跳過配置保存
2025-09-09 17:07:36,869 - VALO360 - DEBUG - 自動保存已禁用，跳過配置保存
2025-09-09 17:07:36,874 - VALO360 - DEBUG - 自動保存已禁用，跳過配置保存
2025-09-09 17:07:36,874 - VALO360 - DEBUG - 自動保存已禁用，跳過配置保存
2025-09-09 17:07:36,874 - VALO360 - DEBUG - 自動保存已禁用，跳過配置保存
2025-09-09 17:07:36,886 - VALO360 - DEBUG - 自動保存已禁用，跳過配置保存
2025-09-09 17:07:36,886 - VALO360 - DEBUG - 自動保存已禁用，跳過配置保存
2025-09-09 17:07:36,886 - VALO360 - DEBUG - 自動保存已禁用，跳過配置保存
2025-09-09 17:07:36,886 - VALO360 - DEBUG - 自動保存已禁用，跳過配置保存
2025-09-09 17:07:36,886 - VALO360 - DEBUG - 自動保存已禁用，跳過配置保存
2025-09-09 17:07:36,889 - VALO360 - DEBUG - 自動保存已禁用，跳過配置保存
2025-09-09 17:07:36,889 - VALO360 - DEBUG - 自動保存已禁用，跳過配置保存
2025-09-09 17:07:36,889 - VALO360 - DEBUG - 自動保存已禁用，跳過配置保存
2025-09-09 17:07:36,893 - VALO360 - DEBUG - 自動保存已禁用，跳過配置保存
2025-09-09 17:07:36,893 - VALO360 - DEBUG - 自動保存已禁用，跳過配置保存
2025-09-09 17:07:36,893 - VALO360 - DEBUG - 自動保存已禁用，跳過配置保存
2025-09-09 17:07:36,893 - VALO360 - DEBUG - 自動保存已禁用，跳過配置保存
2025-09-09 17:07:36,893 - VALO360 - DEBUG - 自動保存已禁用，跳過配置保存
2025-09-09 17:07:36,893 - VALO360 - DEBUG - 自動保存已禁用，跳過配置保存
2025-09-09 17:07:36,893 - VALO360 - DEBUG - 自動保存已禁用，跳過配置保存
2025-09-09 17:07:36,893 - VALO360 - DEBUG - 自動保存已禁用，跳過配置保存
2025-09-09 17:07:36,893 - VALO360 - DEBUG - 自動保存已禁用，跳過配置保存
2025-09-09 17:07:36,893 - VALO360 - DEBUG - 自動保存已禁用，跳過配置保存
2025-09-09 17:07:36,893 - VALO360 - DEBUG - 自動保存已禁用，跳過配置保存
2025-09-09 17:07:36,893 - VALO360 - DEBUG - 自動保存已禁用，跳過配置保存
2025-09-09 17:07:36,901 - VALO360 - DEBUG - 自動保存已禁用，跳過配置保存
2025-09-09 17:07:36,901 - VALO360 - DEBUG - 自動保存已禁用，跳過配置保存
2025-09-09 17:07:36,901 - VALO360 - DEBUG - 自動保存已禁用，跳過配置保存
2025-09-09 17:07:36,901 - VALO360 - DEBUG - 自動保存已禁用，跳過配置保存
2025-09-09 17:07:36,901 - VALO360 - DEBUG - 自動保存已禁用，跳過配置保存
2025-09-09 17:07:36,901 - VALO360 - DEBUG - 自動保存已禁用，跳過配置保存
2025-09-09 17:07:36,901 - VALO360 - DEBUG - 自動保存已禁用，跳過配置保存
2025-09-09 17:07:36,901 - VALO360 - DEBUG - 自動保存已禁用，跳過配置保存
2025-09-09 17:07:36,901 - VALO360 - DEBUG - 自動保存已禁用，跳過配置保存
2025-09-09 17:07:36,901 - VALO360 - DEBUG - 自動保存已禁用，跳過配置保存
2025-09-09 17:07:36,901 - VALO360 - DEBUG - 自動保存已禁用，跳過配置保存
2025-09-09 17:07:36,901 - VALO360 - DEBUG - 自動保存已禁用，跳過配置保存
2025-09-09 17:07:36,925 - VALO360 - DEBUG - 自動保存已禁用，跳過配置保存
2025-09-09 17:07:36,925 - VALO360 - DEBUG - 自動保存已禁用，跳過配置保存
2025-09-09 17:07:36,925 - VALO360 - DEBUG - 自動保存已禁用，跳過配置保存
2025-09-09 17:07:36,925 - VALO360 - DEBUG - 自動保存已禁用，跳過配置保存
2025-09-09 17:07:36,925 - VALO360 - DEBUG - 自動保存已禁用，跳過配置保存
2025-09-09 17:07:36,927 - VALO360 - DEBUG - 自動保存已禁用，跳過配置保存
2025-09-09 17:07:36,927 - VALO360 - DEBUG - 自動保存已禁用，跳過配置保存
2025-09-09 17:07:36,927 - VALO360 - DEBUG - 自動保存已禁用，跳過配置保存
2025-09-09 17:07:36,927 - VALO360 - DEBUG - 自動保存已禁用，跳過配置保存
2025-09-09 17:07:36,927 - VALO360 - DEBUG - 自動保存已禁用，跳過配置保存
2025-09-09 17:07:36,927 - VALO360 - DEBUG - 自動保存已禁用，跳過配置保存
2025-09-09 17:07:36,927 - VALO360 - DEBUG - 自動保存已禁用，跳過配置保存
2025-09-09 17:07:36,935 - VALO360 - DEBUG - 自動保存已禁用，跳過配置保存
2025-09-09 17:07:36,935 - VALO360 - DEBUG - 自動保存已禁用，跳過配置保存
2025-09-09 17:07:36,935 - VALO360 - DEBUG - 自動保存已禁用，跳過配置保存
2025-09-09 17:07:36,936 - VALO360 - DEBUG - 自動保存已禁用，跳過配置保存
2025-09-09 17:07:36,943 - VALO360 - DEBUG - 自動保存已禁用，跳過配置保存
2025-09-09 17:07:36,943 - VALO360 - DEBUG - 自動保存已禁用，跳過配置保存
2025-09-09 17:07:36,943 - VALO360 - DEBUG - 自動保存已禁用，跳過配置保存
2025-09-09 17:07:36,943 - VALO360 - DEBUG - 自動保存已禁用，跳過配置保存
2025-09-09 17:07:36,943 - VALO360 - DEBUG - 自動保存已禁用，跳過配置保存
2025-09-09 17:07:36,943 - VALO360 - DEBUG - 自動保存已禁用，跳過配置保存
2025-09-09 17:07:36,943 - VALO360 - DEBUG - 自動保存已禁用，跳過配置保存
2025-09-09 17:07:36,943 - VALO360 - DEBUG - 自動保存已禁用，跳過配置保存
2025-09-09 17:07:37,008 - VALO360 - DEBUG - 自動保存已禁用，跳過配置保存
2025-09-09 17:07:37,008 - VALO360 - DEBUG - 自動保存已禁用，跳過配置保存
2025-09-09 17:07:37,008 - VALO360 - DEBUG - 自動保存已禁用，跳過配置保存
2025-09-09 17:07:37,010 - VALO360 - DEBUG - 自動保存已禁用，跳過配置保存
2025-09-09 17:07:37,010 - VALO360 - DEBUG - 自動保存已禁用，跳過配置保存
2025-09-09 17:07:37,010 - VALO360 - DEBUG - 自動保存已禁用，跳過配置保存
2025-09-09 17:07:37,010 - VALO360 - DEBUG - 自動保存已禁用，跳過配置保存
2025-09-09 17:07:37,010 - VALO360 - DEBUG - 自動保存已禁用，跳過配置保存
2025-09-09 17:07:37,060 - VALO360 - DEBUG - 自動保存已禁用，跳過配置保存
2025-09-09 17:07:37,060 - VALO360 - DEBUG - 自動保存已禁用，跳過配置保存
2025-09-09 17:07:37,060 - VALO360 - DEBUG - 自動保存已禁用，跳過配置保存
2025-09-09 17:07:37,060 - VALO360 - DEBUG - 自動保存已禁用，跳過配置保存
2025-09-09 17:07:37,060 - VALO360 - DEBUG - 自動保存已禁用，跳過配置保存
2025-09-09 17:07:37,060 - VALO360 - DEBUG - 自動保存已禁用，跳過配置保存
2025-09-09 17:07:37,060 - VALO360 - DEBUG - 自動保存已禁用，跳過配置保存
2025-09-09 17:07:37,060 - VALO360 - DEBUG - 自動保存已禁用，跳過配置保存
2025-09-09 17:07:37,060 - VALO360 - DEBUG - 自動保存已禁用，跳過配置保存
2025-09-09 17:07:37,060 - VALO360 - DEBUG - 自動保存已禁用，跳過配置保存
2025-09-09 17:07:37,060 - VALO360 - DEBUG - 自動保存已禁用，跳過配置保存
2025-09-09 17:07:37,060 - VALO360 - DEBUG - 自動保存已禁用，跳過配置保存
2025-09-09 17:07:37,060 - VALO360 - DEBUG - 自動保存已禁用，跳過配置保存
2025-09-09 17:07:37,060 - VALO360 - DEBUG - 自動保存已禁用，跳過配置保存
2025-09-09 17:07:37,069 - VALO360 - DEBUG - 自動保存已禁用，跳過配置保存
2025-09-09 17:07:37,069 - VALO360 - DEBUG - 自動保存已禁用，跳過配置保存
2025-09-09 17:07:37,069 - VALO360 - DEBUG - 自動保存已禁用，跳過配置保存
2025-09-09 17:07:37,069 - VALO360 - DEBUG - 自動保存已禁用，跳過配置保存
2025-09-09 17:07:37,069 - VALO360 - DEBUG - 自動保存已禁用，跳過配置保存
2025-09-09 17:07:37,069 - VALO360 - DEBUG - 自動保存已禁用，跳過配置保存
2025-09-09 17:07:37,073 - VALO360 - DEBUG - 自動保存已禁用，跳過配置保存
2025-09-09 17:07:37,073 - VALO360 - DEBUG - 自動保存已禁用，跳過配置保存
2025-09-09 17:07:37,073 - VALO360 - DEBUG - 自動保存已禁用，跳過配置保存
2025-09-09 17:07:37,074 - VALO360 - DEBUG - 自動保存已禁用，跳過配置保存
2025-09-09 17:07:37,075 - VALO360 - DEBUG - 自動保存已禁用，跳過配置保存
2025-09-09 17:07:37,075 - VALO360 - DEBUG - 自動保存已禁用，跳過配置保存
2025-09-09 17:07:37,075 - VALO360 - DEBUG - 自動保存已禁用，跳過配置保存
2025-09-09 17:07:37,075 - VALO360 - DEBUG - 自動保存已禁用，跳過配置保存
2025-09-09 17:07:37,077 - VALO360 - DEBUG - 自動保存已禁用，跳過配置保存
2025-09-09 17:07:37,077 - VALO360 - DEBUG - 自動保存已禁用，跳過配置保存
2025-09-09 17:07:37,077 - VALO360 - DEBUG - 自動保存已禁用，跳過配置保存
2025-09-09 17:07:37,077 - VALO360 - DEBUG - 自動保存已禁用，跳過配置保存
2025-09-09 17:07:37,077 - VALO360 - DEBUG - 自動保存已禁用，跳過配置保存
2025-09-09 17:07:37,077 - VALO360 - DEBUG - 自動保存已禁用，跳過配置保存
2025-09-09 17:07:37,077 - VALO360 - DEBUG - 自動保存已禁用，跳過配置保存
2025-09-09 17:07:37,077 - VALO360 - DEBUG - 自動保存已禁用，跳過配置保存
2025-09-09 17:07:37,077 - VALO360 - DEBUG - 自動保存已禁用，跳過配置保存
2025-09-09 17:07:37,077 - VALO360 - DEBUG - 自動保存已禁用，跳過配置保存
2025-09-09 17:07:37,077 - VALO360 - DEBUG - 自動保存已禁用，跳過配置保存
2025-09-09 17:07:37,077 - VALO360 - DEBUG - 自動保存已禁用，跳過配置保存
2025-09-09 17:07:37,077 - VALO360 - DEBUG - 自動保存已禁用，跳過配置保存
2025-09-09 17:07:37,077 - VALO360 - DEBUG - 自動保存已禁用，跳過配置保存
2025-09-09 17:07:37,077 - VALO360 - DEBUG - 自動保存已禁用，跳過配置保存
2025-09-09 17:07:37,077 - VALO360 - DEBUG - 自動保存已禁用，跳過配置保存
2025-09-09 17:07:37,077 - VALO360 - DEBUG - 自動保存已禁用，跳過配置保存
2025-09-09 17:07:37,077 - VALO360 - DEBUG - 自動保存已禁用，跳過配置保存
2025-09-09 17:07:37,077 - VALO360 - DEBUG - 自動保存已禁用，跳過配置保存
2025-09-09 17:07:37,085 - VALO360 - DEBUG - 自動保存已禁用，跳過配置保存
2025-09-09 17:07:37,087 - VALO360 - DEBUG - 自動保存已禁用，跳過配置保存
2025-09-09 17:07:37,087 - VALO360 - DEBUG - 自動保存已禁用，跳過配置保存
2025-09-09 17:07:37,087 - VALO360 - DEBUG - 自動保存已禁用，跳過配置保存
2025-09-09 17:07:37,087 - VALO360 - DEBUG - 自動保存已禁用，跳過配置保存
2025-09-09 17:07:37,089 - VALO360 - DEBUG - 自動保存已禁用，跳過配置保存
2025-09-09 17:07:37,089 - VALO360 - DEBUG - 自動保存已禁用，跳過配置保存
2025-09-09 17:07:37,090 - VALO360 - DEBUG - 自動保存已禁用，跳過配置保存
2025-09-09 17:07:37,090 - VALO360 - DEBUG - 自動保存已禁用，跳過配置保存
2025-09-09 17:07:37,091 - VALO360 - DEBUG - 自動保存已禁用，跳過配置保存
2025-09-09 17:07:37,091 - VALO360 - DEBUG - 自動保存已禁用，跳過配置保存
2025-09-09 17:07:37,091 - VALO360 - DEBUG - 自動保存已禁用，跳過配置保存
2025-09-09 17:07:37,091 - VALO360 - DEBUG - 自動保存已禁用，跳過配置保存
2025-09-09 17:07:37,091 - VALO360 - DEBUG - 自動保存已禁用，跳過配置保存
2025-09-09 17:07:37,091 - VALO360 - DEBUG - 自動保存已禁用，跳過配置保存
2025-09-09 17:07:37,091 - VALO360 - DEBUG - 自動保存已禁用，跳過配置保存
2025-09-09 17:07:37,091 - VALO360 - DEBUG - 自動保存已禁用，跳過配置保存
2025-09-09 17:07:37,128 - VALO360 - DEBUG - 自動保存已禁用，跳過配置保存
2025-09-09 17:07:37,128 - VALO360 - DEBUG - 自動保存已禁用，跳過配置保存
2025-09-09 17:07:37,128 - VALO360 - DEBUG - 自動保存已禁用，跳過配置保存
2025-09-09 17:07:37,128 - VALO360 - DEBUG - 自動保存已禁用，跳過配置保存
2025-09-09 17:07:37,128 - VALO360 - DEBUG - 自動保存已禁用，跳過配置保存
2025-09-09 17:07:37,128 - VALO360 - DEBUG - 自動保存已禁用，跳過配置保存
2025-09-09 17:07:37,128 - VALO360 - DEBUG - 自動保存已禁用，跳過配置保存
2025-09-09 17:07:37,128 - VALO360 - DEBUG - 自動保存已禁用，跳過配置保存
2025-09-09 17:07:37,136 - VALO360 - DEBUG - 自動保存已禁用，跳過配置保存
2025-09-09 17:07:37,136 - VALO360 - DEBUG - 自動保存已禁用，跳過配置保存
2025-09-09 17:07:37,136 - VALO360 - DEBUG - 自動保存已禁用，跳過配置保存
2025-09-09 17:07:37,136 - VALO360 - DEBUG - 自動保存已禁用，跳過配置保存
2025-09-09 17:07:37,136 - VALO360 - DEBUG - 自動保存已禁用，跳過配置保存
2025-09-09 17:07:37,136 - VALO360 - DEBUG - 自動保存已禁用，跳過配置保存
2025-09-09 17:07:37,136 - VALO360 - DEBUG - 自動保存已禁用，跳過配置保存
2025-09-09 17:07:37,136 - VALO360 - DEBUG - 自動保存已禁用，跳過配置保存
2025-09-09 17:07:37,142 - VALO360 - DEBUG - 自動保存已禁用，跳過配置保存
2025-09-09 17:07:37,142 - VALO360 - DEBUG - 自動保存已禁用，跳過配置保存
2025-09-09 17:07:37,142 - VALO360 - DEBUG - 自動保存已禁用，跳過配置保存
2025-09-09 17:07:37,142 - VALO360 - DEBUG - 自動保存已禁用，跳過配置保存
2025-09-09 17:07:37,143 - VALO360 - DEBUG - 自動保存已禁用，跳過配置保存
2025-09-09 17:07:37,143 - VALO360 - DEBUG - 自動保存已禁用，跳過配置保存
2025-09-09 17:07:37,143 - VALO360 - DEBUG - 自動保存已禁用，跳過配置保存
2025-09-09 17:07:37,143 - VALO360 - DEBUG - 自動保存已禁用，跳過配置保存
2025-09-09 17:07:37,143 - VALO360 - DEBUG - 自動保存已禁用，跳過配置保存
2025-09-09 17:07:37,143 - VALO360 - DEBUG - 自動保存已禁用，跳過配置保存
2025-09-09 17:07:37,143 - VALO360 - DEBUG - 自動保存已禁用，跳過配置保存
2025-09-09 17:07:37,143 - VALO360 - DEBUG - 自動保存已禁用，跳過配置保存
2025-09-09 17:07:37,143 - VALO360 - DEBUG - 自動保存已禁用，跳過配置保存
2025-09-09 17:07:37,143 - VALO360 - DEBUG - 自動保存已禁用，跳過配置保存
2025-09-09 17:07:37,143 - VALO360 - DEBUG - 自動保存已禁用，跳過配置保存
2025-09-09 17:07:37,143 - VALO360 - DEBUG - 自動保存已禁用，跳過配置保存
2025-09-09 17:07:37,143 - VALO360 - DEBUG - 自動保存已禁用，跳過配置保存
2025-09-09 17:07:37,151 - VALO360 - DEBUG - 自動保存已禁用，跳過配置保存
2025-09-09 17:07:37,151 - VALO360 - DEBUG - 自動保存已禁用，跳過配置保存
2025-09-09 17:07:37,151 - VALO360 - DEBUG - 自動保存已禁用，跳過配置保存
2025-09-09 17:07:37,153 - VALO360 - DEBUG - 自動保存已禁用，跳過配置保存
2025-09-09 17:07:37,153 - VALO360 - DEBUG - 自動保存已禁用，跳過配置保存
2025-09-09 17:07:37,153 - VALO360 - DEBUG - 自動保存已禁用，跳過配置保存
2025-09-09 17:07:37,153 - VALO360 - DEBUG - 自動保存已禁用，跳過配置保存
2025-09-09 17:07:37,153 - VALO360 - DEBUG - 自動保存已禁用，跳過配置保存
2025-09-09 17:07:37,153 - VALO360 - DEBUG - 自動保存已禁用，跳過配置保存
2025-09-09 17:07:37,156 - VALO360 - DEBUG - 自動保存已禁用，跳過配置保存
2025-09-09 17:07:37,156 - VALO360 - DEBUG - 自動保存已禁用，跳過配置保存
2025-09-09 17:07:37,158 - VALO360 - DEBUG - 自動保存已禁用，跳過配置保存
2025-09-09 17:07:37,158 - VALO360 - DEBUG - 自動保存已禁用，跳過配置保存
2025-09-09 17:07:37,158 - VALO360 - DEBUG - 自動保存已禁用，跳過配置保存
2025-09-09 17:07:37,159 - VALO360 - DEBUG - 自動保存已禁用，跳過配置保存
2025-09-09 17:07:37,159 - VALO360 - DEBUG - 自動保存已禁用，跳過配置保存
2025-09-09 17:07:37,159 - VALO360 - DEBUG - 自動保存已禁用，跳過配置保存
2025-09-09 17:07:37,159 - VALO360 - DEBUG - 自動保存已禁用，跳過配置保存
2025-09-09 17:07:37,159 - VALO360 - DEBUG - 自動保存已禁用，跳過配置保存
2025-09-09 17:07:37,159 - VALO360 - DEBUG - 自動保存已禁用，跳過配置保存
2025-09-09 17:07:37,159 - VALO360 - DEBUG - 自動保存已禁用，跳過配置保存
2025-09-09 17:07:37,159 - VALO360 - DEBUG - 自動保存已禁用，跳過配置保存
2025-09-09 17:07:37,159 - VALO360 - DEBUG - 自動保存已禁用，跳過配置保存
2025-09-09 17:07:37,159 - VALO360 - DEBUG - 自動保存已禁用，跳過配置保存
2025-09-09 17:07:37,159 - VALO360 - DEBUG - 自動保存已禁用，跳過配置保存
2025-09-09 17:07:37,159 - VALO360 - DEBUG - 自動保存已禁用，跳過配置保存
2025-09-09 17:07:37,159 - VALO360 - DEBUG - 自動保存已禁用，跳過配置保存
2025-09-09 17:07:37,168 - VALO360 - DEBUG - 自動保存已禁用，跳過配置保存
2025-09-09 17:07:37,168 - VALO360 - DEBUG - 自動保存已禁用，跳過配置保存
2025-09-09 17:07:37,168 - VALO360 - DEBUG - 自動保存已禁用，跳過配置保存
2025-09-09 17:07:37,169 - VALO360 - DEBUG - 自動保存已禁用，跳過配置保存
2025-09-09 17:07:37,169 - VALO360 - DEBUG - 自動保存已禁用，跳過配置保存
2025-09-09 17:07:37,169 - VALO360 - DEBUG - 自動保存已禁用，跳過配置保存
2025-09-09 17:07:37,169 - VALO360 - DEBUG - 自動保存已禁用，跳過配置保存
2025-09-09 17:07:37,169 - VALO360 - DEBUG - 自動保存已禁用，跳過配置保存
2025-09-09 17:07:37,174 - VALO360 - DEBUG - 自動保存已禁用，跳過配置保存
2025-09-09 17:07:37,174 - VALO360 - DEBUG - 自動保存已禁用，跳過配置保存
2025-09-09 17:07:37,175 - VALO360 - DEBUG - 自動保存已禁用，跳過配置保存
2025-09-09 17:07:37,175 - VALO360 - DEBUG - 自動保存已禁用，跳過配置保存
2025-09-09 17:07:37,175 - VALO360 - DEBUG - 自動保存已禁用，跳過配置保存
2025-09-09 17:07:37,177 - VALO360 - DEBUG - 自動保存已禁用，跳過配置保存
2025-09-09 17:07:37,177 - VALO360 - DEBUG - 自動保存已禁用，跳過配置保存
2025-09-09 17:07:37,177 - VALO360 - DEBUG - 自動保存已禁用，跳過配置保存
2025-09-09 17:07:37,177 - VALO360 - DEBUG - 自動保存已禁用，跳過配置保存
2025-09-09 17:07:37,177 - VALO360 - DEBUG - 自動保存已禁用，跳過配置保存
2025-09-09 17:07:37,177 - VALO360 - DEBUG - 自動保存已禁用，跳過配置保存
2025-09-09 17:07:37,177 - VALO360 - DEBUG - 自動保存已禁用，跳過配置保存
2025-09-09 17:07:37,177 - VALO360 - DEBUG - 自動保存已禁用，跳過配置保存
2025-09-09 17:07:37,177 - VALO360 - DEBUG - 自動保存已禁用，跳過配置保存
2025-09-09 17:07:37,177 - VALO360 - DEBUG - 自動保存已禁用，跳過配置保存
2025-09-09 17:07:37,177 - VALO360 - DEBUG - 自動保存已禁用，跳過配置保存
2025-09-09 17:07:37,177 - VALO360 - DEBUG - 自動保存已禁用，跳過配置保存
2025-09-09 17:07:37,177 - VALO360 - DEBUG - 自動保存已禁用，跳過配置保存
2025-09-09 17:07:37,177 - VALO360 - DEBUG - 自動保存已禁用，跳過配置保存
2025-09-09 17:07:37,177 - VALO360 - DEBUG - 自動保存已禁用，跳過配置保存
2025-09-09 17:07:37,177 - VALO360 - DEBUG - 自動保存已禁用，跳過配置保存
2025-09-09 17:07:37,185 - VALO360 - DEBUG - 自動保存已禁用，跳過配置保存
2025-09-09 17:07:37,185 - VALO360 - DEBUG - 自動保存已禁用，跳過配置保存
2025-09-09 17:07:37,185 - VALO360 - DEBUG - 自動保存已禁用，跳過配置保存
2025-09-09 17:07:37,187 - VALO360 - DEBUG - 自動保存已禁用，跳過配置保存
2025-09-09 17:07:37,187 - VALO360 - DEBUG - 自動保存已禁用，跳過配置保存
2025-09-09 17:07:37,187 - VALO360 - DEBUG - 自動保存已禁用，跳過配置保存
2025-09-09 17:07:37,187 - VALO360 - DEBUG - 自動保存已禁用，跳過配置保存
2025-09-09 17:07:37,187 - VALO360 - DEBUG - 自動保存已禁用，跳過配置保存
2025-09-09 17:07:37,189 - VALO360 - DEBUG - 自動保存已禁用，跳過配置保存
2025-09-09 17:07:37,189 - VALO360 - DEBUG - 自動保存已禁用，跳過配置保存
2025-09-09 17:07:37,189 - VALO360 - DEBUG - 自動保存已禁用，跳過配置保存
2025-09-09 17:07:37,191 - VALO360 - DEBUG - 自動保存已禁用，跳過配置保存
2025-09-09 17:07:37,191 - VALO360 - DEBUG - 自動保存已禁用，跳過配置保存
2025-09-09 17:07:37,191 - VALO360 - DEBUG - 自動保存已禁用，跳過配置保存
2025-09-09 17:07:37,191 - VALO360 - DEBUG - 自動保存已禁用，跳過配置保存
2025-09-09 17:07:37,191 - VALO360 - DEBUG - 自動保存已禁用，跳過配置保存
2025-09-09 17:07:37,191 - VALO360 - DEBUG - 自動保存已禁用，跳過配置保存
2025-09-09 17:07:37,191 - VALO360 - DEBUG - 自動保存已禁用，跳過配置保存
2025-09-09 17:07:37,191 - VALO360 - DEBUG - 自動保存已禁用，跳過配置保存
2025-09-09 17:07:37,191 - VALO360 - DEBUG - 自動保存已禁用，跳過配置保存
2025-09-09 17:07:37,191 - VALO360 - DEBUG - 自動保存已禁用，跳過配置保存
2025-09-09 17:07:37,191 - VALO360 - DEBUG - 自動保存已禁用，跳過配置保存
2025-09-09 17:07:37,191 - VALO360 - DEBUG - 自動保存已禁用，跳過配置保存
2025-09-09 17:07:37,191 - VALO360 - DEBUG - 自動保存已禁用，跳過配置保存
2025-09-09 17:07:37,191 - VALO360 - DEBUG - 自動保存已禁用，跳過配置保存
2025-09-09 17:07:37,191 - VALO360 - DEBUG - 自動保存已禁用，跳過配置保存
2025-09-09 17:07:37,191 - VALO360 - DEBUG - 自動保存已禁用，跳過配置保存
2025-09-09 17:07:37,191 - VALO360 - DEBUG - 自動保存已禁用，跳過配置保存
2025-09-09 17:07:37,191 - VALO360 - DEBUG - 自動保存已禁用，跳過配置保存
2025-09-09 17:07:37,191 - VALO360 - DEBUG - 自動保存已禁用，跳過配置保存
2025-09-09 17:07:37,191 - VALO360 - DEBUG - 自動保存已禁用，跳過配置保存
2025-09-09 17:07:37,191 - VALO360 - DEBUG - 自動保存已禁用，跳過配置保存
2025-09-09 17:07:37,191 - VALO360 - DEBUG - 自動保存已禁用，跳過配置保存
2025-09-09 17:07:37,191 - VALO360 - DEBUG - 自動保存已禁用，跳過配置保存
2025-09-09 17:07:37,191 - VALO360 - DEBUG - 自動保存已禁用，跳過配置保存
2025-09-09 17:07:37,202 - VALO360 - DEBUG - 自動保存已禁用，跳過配置保存
2025-09-09 17:07:37,202 - VALO360 - DEBUG - 自動保存已禁用，跳過配置保存
2025-09-09 17:07:37,202 - VALO360 - DEBUG - 自動保存已禁用，跳過配置保存
2025-09-09 17:07:37,202 - VALO360 - DEBUG - 自動保存已禁用，跳過配置保存
2025-09-09 17:07:37,202 - VALO360 - DEBUG - 自動保存已禁用，跳過配置保存
2025-09-09 17:07:37,202 - VALO360 - DEBUG - 自動保存已禁用，跳過配置保存
2025-09-09 17:07:37,202 - VALO360 - DEBUG - 自動保存已禁用，跳過配置保存
2025-09-09 17:07:37,206 - VALO360 - DEBUG - 自動保存已禁用，跳過配置保存
2025-09-09 17:07:37,207 - VALO360 - DEBUG - 自動保存已禁用，跳過配置保存
2025-09-09 17:07:37,207 - VALO360 - DEBUG - 自動保存已禁用，跳過配置保存
2025-09-09 17:07:37,207 - VALO360 - DEBUG - 自動保存已禁用，跳過配置保存
2025-09-09 17:07:37,207 - VALO360 - DEBUG - 自動保存已禁用，跳過配置保存
2025-09-09 17:07:37,208 - VALO360 - DEBUG - 自動保存已禁用，跳過配置保存
2025-09-09 17:07:37,208 - VALO360 - DEBUG - 自動保存已禁用，跳過配置保存
2025-09-09 17:07:37,208 - VALO360 - DEBUG - 自動保存已禁用，跳過配置保存
2025-09-09 17:07:37,210 - VALO360 - DEBUG - 自動保存已禁用，跳過配置保存
2025-09-09 17:07:37,210 - VALO360 - DEBUG - 自動保存已禁用，跳過配置保存
2025-09-09 17:07:37,210 - VALO360 - DEBUG - 自動保存已禁用，跳過配置保存
2025-09-09 17:07:37,210 - VALO360 - DEBUG - 自動保存已禁用，跳過配置保存
2025-09-09 17:07:37,210 - VALO360 - DEBUG - 自動保存已禁用，跳過配置保存
2025-09-09 17:07:37,210 - VALO360 - DEBUG - 自動保存已禁用，跳過配置保存
2025-09-09 17:07:37,210 - VALO360 - DEBUG - 自動保存已禁用，跳過配置保存
2025-09-09 17:07:37,210 - VALO360 - DEBUG - 自動保存已禁用，跳過配置保存
2025-09-09 17:07:37,210 - VALO360 - DEBUG - 自動保存已禁用，跳過配置保存
2025-09-09 17:07:37,210 - VALO360 - DEBUG - 自動保存已禁用，跳過配置保存
2025-09-09 17:07:37,210 - VALO360 - DEBUG - 自動保存已禁用，跳過配置保存
2025-09-09 17:07:37,210 - VALO360 - DEBUG - 自動保存已禁用，跳過配置保存
2025-09-09 17:07:37,210 - VALO360 - DEBUG - 自動保存已禁用，跳過配置保存
2025-09-09 17:07:37,210 - VALO360 - DEBUG - 自動保存已禁用，跳過配置保存
2025-09-09 17:07:37,210 - VALO360 - DEBUG - 自動保存已禁用，跳過配置保存
2025-09-09 17:07:37,210 - VALO360 - DEBUG - 自動保存已禁用，跳過配置保存
2025-09-09 17:07:37,210 - VALO360 - DEBUG - 自動保存已禁用，跳過配置保存
2025-09-09 17:07:37,210 - VALO360 - DEBUG - 自動保存已禁用，跳過配置保存
2025-09-09 17:07:37,210 - VALO360 - DEBUG - 自動保存已禁用，跳過配置保存
2025-09-09 17:07:37,218 - VALO360 - DEBUG - 自動保存已禁用，跳過配置保存
2025-09-09 17:07:37,218 - VALO360 - DEBUG - 自動保存已禁用，跳過配置保存
2025-09-09 17:07:37,218 - VALO360 - DEBUG - 自動保存已禁用，跳過配置保存
2025-09-09 17:07:37,218 - VALO360 - DEBUG - 自動保存已禁用，跳過配置保存
2025-09-09 17:07:37,218 - VALO360 - DEBUG - 自動保存已禁用，跳過配置保存
2025-09-09 17:07:37,218 - VALO360 - DEBUG - 自動保存已禁用，跳過配置保存
2025-09-09 17:07:37,218 - VALO360 - DEBUG - 自動保存已禁用，跳過配置保存
2025-09-09 17:07:37,223 - VALO360 - DEBUG - 自動保存已禁用，跳過配置保存
2025-09-09 17:07:37,223 - VALO360 - DEBUG - 自動保存已禁用，跳過配置保存
2025-09-09 17:07:37,223 - VALO360 - DEBUG - 自動保存已禁用，跳過配置保存
2025-09-09 17:07:37,225 - VALO360 - DEBUG - 自動保存已禁用，跳過配置保存
2025-09-09 17:07:37,225 - VALO360 - DEBUG - 自動保存已禁用，跳過配置保存
2025-09-09 17:07:37,225 - VALO360 - DEBUG - 自動保存已禁用，跳過配置保存
2025-09-09 17:07:37,226 - VALO360 - DEBUG - 自動保存已禁用，跳過配置保存
2025-09-09 17:07:37,226 - VALO360 - DEBUG - 自動保存已禁用，跳過配置保存
2025-09-09 17:07:37,226 - VALO360 - DEBUG - 自動保存已禁用，跳過配置保存
2025-09-09 17:07:37,226 - VALO360 - DEBUG - 自動保存已禁用，跳過配置保存
2025-09-09 17:07:37,226 - VALO360 - DEBUG - 自動保存已禁用，跳過配置保存
2025-09-09 17:07:37,226 - VALO360 - DEBUG - 自動保存已禁用，跳過配置保存
2025-09-09 17:07:37,226 - VALO360 - DEBUG - 自動保存已禁用，跳過配置保存
2025-09-09 17:07:37,226 - VALO360 - DEBUG - 自動保存已禁用，跳過配置保存
2025-09-09 17:07:37,226 - VALO360 - DEBUG - 自動保存已禁用，跳過配置保存
2025-09-09 17:07:37,226 - VALO360 - DEBUG - 自動保存已禁用，跳過配置保存
2025-09-09 17:07:37,226 - VALO360 - DEBUG - 自動保存已禁用，跳過配置保存
2025-09-09 17:07:37,226 - VALO360 - DEBUG - 自動保存已禁用，跳過配置保存
2025-09-09 17:07:37,226 - VALO360 - DEBUG - 自動保存已禁用，跳過配置保存
2025-09-09 17:07:37,226 - VALO360 - DEBUG - 自動保存已禁用，跳過配置保存
2025-09-09 17:07:37,226 - VALO360 - DEBUG - 自動保存已禁用，跳過配置保存
2025-09-09 17:07:37,226 - VALO360 - DEBUG - 自動保存已禁用，跳過配置保存
2025-09-09 17:07:37,226 - VALO360 - DEBUG - 自動保存已禁用，跳過配置保存
2025-09-09 17:07:37,226 - VALO360 - DEBUG - 自動保存已禁用，跳過配置保存
2025-09-09 17:07:37,226 - VALO360 - DEBUG - 自動保存已禁用，跳過配置保存
2025-09-09 17:07:37,226 - VALO360 - DEBUG - 自動保存已禁用，跳過配置保存
2025-09-09 17:07:37,235 - VALO360 - DEBUG - 自動保存已禁用，跳過配置保存
2025-09-09 17:07:37,235 - VALO360 - DEBUG - 自動保存已禁用，跳過配置保存
2025-09-09 17:07:37,235 - VALO360 - DEBUG - 自動保存已禁用，跳過配置保存
2025-09-09 17:07:37,235 - VALO360 - DEBUG - 自動保存已禁用，跳過配置保存
2025-09-09 17:07:37,238 - VALO360 - DEBUG - 自動保存已禁用，跳過配置保存
2025-09-09 17:07:37,245 - VALO360 - DEBUG - 自動保存已禁用，跳過配置保存
2025-09-09 17:07:37,245 - VALO360 - DEBUG - 自動保存已禁用，跳過配置保存
2025-09-09 17:07:37,245 - VALO360 - DEBUG - 自動保存已禁用，跳過配置保存
2025-09-09 17:07:37,245 - VALO360 - DEBUG - 自動保存已禁用，跳過配置保存
2025-09-09 17:07:37,245 - VALO360 - DEBUG - 自動保存已禁用，跳過配置保存
2025-09-09 17:07:37,245 - VALO360 - DEBUG - 自動保存已禁用，跳過配置保存
2025-09-09 17:07:37,245 - VALO360 - DEBUG - 自動保存已禁用，跳過配置保存
2025-09-09 17:07:37,245 - VALO360 - DEBUG - 自動保存已禁用，跳過配置保存
2025-09-09 17:07:37,252 - VALO360 - DEBUG - 自動保存已禁用，跳過配置保存
2025-09-09 17:07:37,252 - VALO360 - DEBUG - 自動保存已禁用，跳過配置保存
2025-09-09 17:07:37,252 - VALO360 - DEBUG - 自動保存已禁用，跳過配置保存
2025-09-09 17:07:37,252 - VALO360 - DEBUG - 自動保存已禁用，跳過配置保存
2025-09-09 17:07:37,254 - VALO360 - DEBUG - 自動保存已禁用，跳過配置保存
2025-09-09 17:07:37,254 - VALO360 - DEBUG - 自動保存已禁用，跳過配置保存
2025-09-09 17:07:37,254 - VALO360 - DEBUG - 自動保存已禁用，跳過配置保存
2025-09-09 17:07:37,254 - VALO360 - DEBUG - 自動保存已禁用，跳過配置保存
2025-09-09 17:07:37,256 - VALO360 - DEBUG - 自動保存已禁用，跳過配置保存
2025-09-09 17:07:37,257 - VALO360 - DEBUG - 自動保存已禁用，跳過配置保存
2025-09-09 17:07:37,257 - VALO360 - DEBUG - 自動保存已禁用，跳過配置保存
2025-09-09 17:07:37,257 - VALO360 - DEBUG - 自動保存已禁用，跳過配置保存
2025-09-09 17:07:37,259 - VALO360 - DEBUG - 自動保存已禁用，跳過配置保存
2025-09-09 17:07:37,259 - VALO360 - DEBUG - 自動保存已禁用，跳過配置保存
2025-09-09 17:07:37,259 - VALO360 - DEBUG - 自動保存已禁用，跳過配置保存
2025-09-09 17:07:37,259 - VALO360 - DEBUG - 自動保存已禁用，跳過配置保存
2025-09-09 17:07:37,259 - VALO360 - DEBUG - 自動保存已禁用，跳過配置保存
2025-09-09 17:07:37,259 - VALO360 - DEBUG - 自動保存已禁用，跳過配置保存
2025-09-09 17:07:37,259 - VALO360 - DEBUG - 自動保存已禁用，跳過配置保存
2025-09-09 17:07:37,259 - VALO360 - DEBUG - 自動保存已禁用，跳過配置保存
2025-09-09 17:07:37,259 - VALO360 - DEBUG - 自動保存已禁用，跳過配置保存
2025-09-09 17:07:37,259 - VALO360 - DEBUG - 自動保存已禁用，跳過配置保存
2025-09-09 17:07:37,259 - VALO360 - DEBUG - 自動保存已禁用，跳過配置保存
2025-09-09 17:07:37,259 - VALO360 - DEBUG - 自動保存已禁用，跳過配置保存
2025-09-09 17:07:37,259 - VALO360 - DEBUG - 自動保存已禁用，跳過配置保存
2025-09-09 17:07:37,259 - VALO360 - DEBUG - 自動保存已禁用，跳過配置保存
2025-09-09 17:07:37,259 - VALO360 - DEBUG - 自動保存已禁用，跳過配置保存
2025-09-09 17:07:37,259 - VALO360 - DEBUG - 自動保存已禁用，跳過配置保存
2025-09-09 17:07:37,259 - VALO360 - DEBUG - 自動保存已禁用，跳過配置保存
2025-09-09 17:07:37,259 - VALO360 - DEBUG - 自動保存已禁用，跳過配置保存
2025-09-09 17:07:37,259 - VALO360 - DEBUG - 自動保存已禁用，跳過配置保存
2025-09-09 17:07:37,259 - VALO360 - DEBUG - 自動保存已禁用，跳過配置保存
2025-09-09 17:07:37,259 - VALO360 - DEBUG - 自動保存已禁用，跳過配置保存
2025-09-09 17:07:37,259 - VALO360 - DEBUG - 自動保存已禁用，跳過配置保存
2025-09-09 17:07:37,259 - VALO360 - DEBUG - 自動保存已禁用，跳過配置保存
2025-09-09 17:07:37,259 - VALO360 - DEBUG - 自動保存已禁用，跳過配置保存
2025-09-09 17:07:37,273 - VALO360 - DEBUG - 自動保存已禁用，跳過配置保存
2025-09-09 17:07:37,274 - VALO360 - DEBUG - 自動保存已禁用，跳過配置保存
2025-09-09 17:07:37,274 - VALO360 - DEBUG - 自動保存已禁用，跳過配置保存
2025-09-09 17:07:37,274 - VALO360 - DEBUG - 自動保存已禁用，跳過配置保存
2025-09-09 17:07:37,275 - VALO360 - DEBUG - 自動保存已禁用，跳過配置保存
2025-09-09 17:07:37,275 - VALO360 - DEBUG - 自動保存已禁用，跳過配置保存
2025-09-09 17:07:37,275 - VALO360 - DEBUG - 自動保存已禁用，跳過配置保存
2025-09-09 17:07:37,277 - VALO360 - DEBUG - 自動保存已禁用，跳過配置保存
2025-09-09 17:07:37,277 - VALO360 - DEBUG - 自動保存已禁用，跳過配置保存
2025-09-09 17:07:37,277 - VALO360 - DEBUG - 自動保存已禁用，跳過配置保存
2025-09-09 17:07:37,277 - VALO360 - DEBUG - 自動保存已禁用，跳過配置保存
2025-09-09 17:07:37,277 - VALO360 - DEBUG - 自動保存已禁用，跳過配置保存
2025-09-09 17:07:37,392 - VALO360 - DEBUG - 自動保存已禁用，跳過配置保存
2025-09-09 17:07:37,392 - VALO360 - DEBUG - 自動保存已禁用，跳過配置保存
2025-09-09 17:07:37,392 - VALO360 - DEBUG - 自動保存已禁用，跳過配置保存
2025-09-09 17:07:37,392 - VALO360 - DEBUG - 自動保存已禁用，跳過配置保存
2025-09-09 17:07:37,401 - VALO360 - DEBUG - 自動保存已禁用，跳過配置保存
2025-09-09 17:07:37,401 - VALO360 - DEBUG - 自動保存已禁用，跳過配置保存
2025-09-09 17:07:37,401 - VALO360 - DEBUG - 自動保存已禁用，跳過配置保存
2025-09-09 17:07:37,401 - VALO360 - DEBUG - 自動保存已禁用，跳過配置保存
2025-09-09 17:07:37,401 - VALO360 - DEBUG - 自動保存已禁用，跳過配置保存
2025-09-09 17:07:37,401 - VALO360 - DEBUG - 自動保存已禁用，跳過配置保存
2025-09-09 17:07:37,401 - VALO360 - DEBUG - 自動保存已禁用，跳過配置保存
2025-09-09 17:07:37,401 - VALO360 - DEBUG - 自動保存已禁用，跳過配置保存
2025-09-09 17:07:37,401 - VALO360 - DEBUG - 自動保存已禁用，跳過配置保存
2025-09-09 17:07:37,401 - VALO360 - DEBUG - 自動保存已禁用，跳過配置保存
2025-09-09 17:07:37,406 - VALO360 - DEBUG - 自動保存已禁用，跳過配置保存
2025-09-09 17:07:37,406 - VALO360 - DEBUG - 自動保存已禁用，跳過配置保存
2025-09-09 17:07:37,407 - VALO360 - DEBUG - 自動保存已禁用，跳過配置保存
2025-09-09 17:07:37,407 - VALO360 - DEBUG - 自動保存已禁用，跳過配置保存
2025-09-09 17:07:37,407 - VALO360 - DEBUG - 自動保存已禁用，跳過配置保存
2025-09-09 17:07:37,408 - VALO360 - DEBUG - 自動保存已禁用，跳過配置保存
2025-09-09 17:07:37,408 - VALO360 - DEBUG - 自動保存已禁用，跳過配置保存
2025-09-09 17:07:37,408 - VALO360 - DEBUG - 自動保存已禁用，跳過配置保存
2025-09-09 17:07:37,408 - VALO360 - DEBUG - 自動保存已禁用，跳過配置保存
2025-09-09 17:07:37,408 - VALO360 - DEBUG - 自動保存已禁用，跳過配置保存
2025-09-09 17:07:37,408 - VALO360 - DEBUG - 自動保存已禁用，跳過配置保存
2025-09-09 17:07:37,408 - VALO360 - DEBUG - 自動保存已禁用，跳過配置保存
2025-09-09 17:07:37,408 - VALO360 - DEBUG - 自動保存已禁用，跳過配置保存
2025-09-09 17:07:37,408 - VALO360 - DEBUG - 自動保存已禁用，跳過配置保存
2025-09-09 17:07:37,408 - VALO360 - DEBUG - 自動保存已禁用，跳過配置保存
2025-09-09 17:07:37,408 - VALO360 - DEBUG - 自動保存已禁用，跳過配置保存
2025-09-09 17:07:37,408 - VALO360 - DEBUG - 自動保存已禁用，跳過配置保存
2025-09-09 17:07:37,408 - VALO360 - DEBUG - 自動保存已禁用，跳過配置保存
2025-09-09 17:07:37,408 - VALO360 - DEBUG - 自動保存已禁用，跳過配置保存
2025-09-09 17:07:37,408 - VALO360 - DEBUG - 自動保存已禁用，跳過配置保存
2025-09-09 17:07:37,408 - VALO360 - DEBUG - 自動保存已禁用，跳過配置保存
2025-09-09 17:07:37,408 - VALO360 - DEBUG - 自動保存已禁用，跳過配置保存
2025-09-09 17:07:37,408 - VALO360 - DEBUG - 自動保存已禁用，跳過配置保存
2025-09-09 17:07:37,408 - VALO360 - DEBUG - 自動保存已禁用，跳過配置保存
2025-09-09 17:07:37,408 - VALO360 - DEBUG - 自動保存已禁用，跳過配置保存
2025-09-09 17:07:37,408 - VALO360 - DEBUG - 自動保存已禁用，跳過配置保存
2025-09-09 17:07:37,418 - VALO360 - DEBUG - 自動保存已禁用，跳過配置保存
2025-09-09 17:07:37,418 - VALO360 - DEBUG - 自動保存已禁用，跳過配置保存
2025-09-09 17:07:37,418 - VALO360 - DEBUG - 自動保存已禁用，跳過配置保存
2025-09-09 17:07:37,418 - VALO360 - DEBUG - 自動保存已禁用，跳過配置保存
2025-09-09 17:07:38,263 - VALO360 - DEBUG - 自動保存已禁用，跳過配置保存
2025-09-09 17:07:38,263 - VALO360 - DEBUG - 自動保存已禁用，跳過配置保存
2025-09-09 17:07:38,263 - VALO360 - DEBUG - 自動保存已禁用，跳過配置保存
2025-09-09 17:07:38,263 - VALO360 - DEBUG - 自動保存已禁用，跳過配置保存
2025-09-09 17:07:39,585 - VALO360 - DEBUG - 自動保存已禁用，跳過配置保存
2025-09-09 17:07:39,585 - VALO360 - DEBUG - 自動保存已禁用，跳過配置保存
2025-09-09 17:07:39,585 - VALO360 - DEBUG - 自動保存已禁用，跳過配置保存
2025-09-09 17:07:39,587 - VALO360 - DEBUG - 自動保存已禁用，跳過配置保存
2025-09-09 17:07:40,158 - VALO360 - DEBUG - 自動保存已禁用，跳過配置保存
2025-09-09 17:07:40,158 - VALO360 - DEBUG - 自動保存已禁用，跳過配置保存
2025-09-09 17:07:40,158 - VALO360 - DEBUG - 自動保存已禁用，跳過配置保存
2025-09-09 17:07:40,158 - VALO360 - DEBUG - 自動保存已禁用，跳過配置保存
2025-09-09 17:07:42,628 - VALO360 - DEBUG - SSHWorker 初始化: 主機=192.168.11.143:22, 使用者=root, 指令數=2, 超時=30s
2025-09-09 17:07:42,628 - VALO360 - INFO - 開始執行 SSH 任務
2025-09-09 17:07:42,628 - VALO360 - INFO - 正在連線到 SSH 主機 192.168.11.143:22
2025-09-09 17:07:42,639 - VALO360 - DEBUG - 自動保存已禁用，跳過配置保存
2025-09-09 17:07:42,639 - VALO360 - DEBUG - 自動保存已禁用，跳過配置保存
2025-09-09 17:07:42,639 - VALO360 - DEBUG - 自動保存已禁用，跳過配置保存
2025-09-09 17:07:42,639 - VALO360 - DEBUG - 自動保存已禁用，跳過配置保存
2025-09-09 17:07:42,639 - VALO360 - DEBUG - 自動保存已禁用，跳過配置保存
2025-09-09 17:07:42,639 - VALO360 - DEBUG - 自動保存已禁用，跳過配置保存
2025-09-09 17:07:42,639 - VALO360 - DEBUG - 自動保存已禁用，跳過配置保存
2025-09-09 17:07:42,639 - VALO360 - DEBUG - 自動保存已禁用，跳過配置保存
2025-09-09 17:07:42,639 - VALO360 - DEBUG - 自動保存已禁用，跳過配置保存
2025-09-09 17:07:42,639 - VALO360 - DEBUG - 自動保存已禁用，跳過配置保存
2025-09-09 17:07:42,639 - VALO360 - DEBUG - 自動保存已禁用，跳過配置保存
2025-09-09 17:07:42,639 - VALO360 - DEBUG - 自動保存已禁用，跳過配置保存
2025-09-09 17:07:42,639 - VALO360 - DEBUG - 自動保存已禁用，跳過配置保存
2025-09-09 17:07:42,639 - VALO360 - DEBUG - 自動保存已禁用，跳過配置保存
2025-09-09 17:07:42,639 - VALO360 - DEBUG - 自動保存已禁用，跳過配置保存
2025-09-09 17:07:42,639 - VALO360 - DEBUG - 自動保存已禁用，跳過配置保存
2025-09-09 17:07:42,639 - VALO360 - DEBUG - 自動保存已禁用，跳過配置保存
2025-09-09 17:07:42,639 - VALO360 - DEBUG - 自動保存已禁用，跳過配置保存
2025-09-09 17:07:42,639 - VALO360 - DEBUG - 自動保存已禁用，跳過配置保存
2025-09-09 17:07:42,639 - VALO360 - DEBUG - 自動保存已禁用，跳過配置保存
2025-09-09 17:07:42,639 - VALO360 - DEBUG - 自動保存已禁用，跳過配置保存
2025-09-09 17:07:42,649 - VALO360 - DEBUG - 自動保存已禁用，跳過配置保存
2025-09-09 17:07:42,649 - VALO360 - DEBUG - 自動保存已禁用，跳過配置保存
2025-09-09 17:07:42,649 - VALO360 - DEBUG - 自動保存已禁用，跳過配置保存
2025-09-09 17:07:42,649 - VALO360 - DEBUG - 自動保存已禁用，跳過配置保存
2025-09-09 17:07:42,649 - VALO360 - DEBUG - 自動保存已禁用，跳過配置保存
2025-09-09 17:07:42,649 - VALO360 - DEBUG - 自動保存已禁用，跳過配置保存
2025-09-09 17:07:42,649 - VALO360 - DEBUG - 自動保存已禁用，跳過配置保存
2025-09-09 17:07:44,699 - VALO360 - DEBUG - 第一次連線嘗試失敗: No authentication methods available
2025-09-09 17:07:45,001 - VALO360 - DEBUG - 第二次連線嘗試失敗: Authentication failed.
2025-09-09 17:07:45,126 - VALO360 - INFO - 使用 none 認證成功
2025-09-09 17:07:45,126 - VALO360 - INFO - SSH 連線成功: root@192.168.11.143:22
2025-09-09 17:07:45,126 - VALO360 - DEBUG - 已設定 SSH Keep-Alive (30秒)
2025-09-09 17:07:45,126 - VALO360 - DEBUG - 已建立持久 SSH 連線
2025-09-09 17:07:45,396 - VALO360 - DEBUG - 執行 SSH 指令: diag -g sn mb
2025-09-09 17:07:45,396 - VALO360 - DEBUG - 包裝後的指令: bash -l -c 'diag -g sn mb' 2>&1 || sh -l -c 'diag -g sn mb' 2>&1
2025-09-09 17:07:45,474 - VALO360 - DEBUG - SSHWorker 執行完成
2025-09-09 17:07:45,478 - VALO360 - DEBUG - 自動保存已禁用，跳過配置保存
2025-09-09 17:07:45,478 - VALO360 - DEBUG - 自動保存已禁用，跳過配置保存
2025-09-09 17:07:45,478 - VALO360 - DEBUG - 自動保存已禁用，跳過配置保存
2025-09-09 17:07:45,478 - VALO360 - DEBUG - 自動保存已禁用，跳過配置保存
2025-09-09 17:07:45,478 - VALO360 - DEBUG - 自動保存已禁用，跳過配置保存
2025-09-09 17:07:45,478 - VALO360 - DEBUG - 自動保存已禁用，跳過配置保存
2025-09-09 17:07:45,478 - VALO360 - DEBUG - 自動保存已禁用，跳過配置保存
2025-09-09 17:07:45,478 - VALO360 - DEBUG - 自動保存已禁用，跳過配置保存
2025-09-09 17:07:45,478 - VALO360 - DEBUG - 自動保存已禁用，跳過配置保存
2025-09-09 17:07:45,478 - VALO360 - DEBUG - 自動保存已禁用，跳過配置保存
2025-09-09 17:07:45,478 - VALO360 - DEBUG - 自動保存已禁用，跳過配置保存
2025-09-09 17:07:45,478 - VALO360 - DEBUG - 自動保存已禁用，跳過配置保存
2025-09-09 17:07:45,478 - VALO360 - DEBUG - 自動保存已禁用，跳過配置保存
2025-09-09 17:07:45,478 - VALO360 - DEBUG - 自動保存已禁用，跳過配置保存
2025-09-09 17:07:45,478 - VALO360 - DEBUG - 自動保存已禁用，跳過配置保存
2025-09-09 17:07:45,478 - VALO360 - DEBUG - 自動保存已禁用，跳過配置保存
2025-09-09 17:07:45,478 - VALO360 - DEBUG - 自動保存已禁用，跳過配置保存
2025-09-09 17:07:45,478 - VALO360 - DEBUG - 自動保存已禁用，跳過配置保存
2025-09-09 17:07:45,478 - VALO360 - DEBUG - 自動保存已禁用，跳過配置保存
2025-09-09 17:07:45,478 - VALO360 - DEBUG - 自動保存已禁用，跳過配置保存
2025-09-09 17:07:45,490 - VALO360 - DEBUG - 自動保存已禁用，跳過配置保存
2025-09-09 17:07:45,490 - VALO360 - DEBUG - 自動保存已禁用，跳過配置保存
2025-09-09 17:07:45,490 - VALO360 - DEBUG - 自動保存已禁用，跳過配置保存
2025-09-09 17:07:45,490 - VALO360 - DEBUG - 自動保存已禁用，跳過配置保存
2025-09-09 17:07:50,424 - VALO360 - DEBUG - SSHWorker 初始化: 主機=192.168.11.143:22, 使用者=root, 指令數=1, 超時=30s
2025-09-09 17:07:50,427 - VALO360 - INFO - 開始執行 SSH 任務
2025-09-09 17:07:50,427 - VALO360 - INFO - 正在連線到 SSH 主機 192.168.11.143:22
2025-09-09 17:07:50,427 - VALO360 - INFO - 重用持久 SSH 連線
2025-09-09 17:07:50,427 - VALO360 - DEBUG - 自動保存已禁用，跳過配置保存
2025-09-09 17:07:50,427 - VALO360 - DEBUG - 自動保存已禁用，跳過配置保存
2025-09-09 17:07:50,427 - VALO360 - DEBUG - 自動保存已禁用，跳過配置保存
2025-09-09 17:07:50,437 - VALO360 - DEBUG - 自動保存已禁用，跳過配置保存
2025-09-09 17:07:50,437 - VALO360 - DEBUG - 自動保存已禁用，跳過配置保存
2025-09-09 17:07:50,437 - VALO360 - DEBUG - 自動保存已禁用，跳過配置保存
2025-09-09 17:07:50,437 - VALO360 - DEBUG - 自動保存已禁用，跳過配置保存
2025-09-09 17:07:50,437 - VALO360 - DEBUG - 自動保存已禁用，跳過配置保存
2025-09-09 17:07:50,437 - VALO360 - DEBUG - 自動保存已禁用，跳過配置保存
2025-09-09 17:07:50,437 - VALO360 - DEBUG - 自動保存已禁用，跳過配置保存
2025-09-09 17:07:50,437 - VALO360 - DEBUG - 自動保存已禁用，跳過配置保存
2025-09-09 17:07:50,437 - VALO360 - DEBUG - 自動保存已禁用，跳過配置保存
2025-09-09 17:07:50,437 - VALO360 - DEBUG - 自動保存已禁用，跳過配置保存
2025-09-09 17:07:50,437 - VALO360 - DEBUG - 自動保存已禁用，跳過配置保存
2025-09-09 17:07:50,437 - VALO360 - DEBUG - 自動保存已禁用，跳過配置保存
2025-09-09 17:07:50,437 - VALO360 - DEBUG - 自動保存已禁用，跳過配置保存
2025-09-09 17:07:50,437 - VALO360 - DEBUG - 自動保存已禁用，跳過配置保存
2025-09-09 17:07:50,437 - VALO360 - DEBUG - 自動保存已禁用，跳過配置保存
2025-09-09 17:07:50,437 - VALO360 - DEBUG - 自動保存已禁用，跳過配置保存
2025-09-09 17:07:50,437 - VALO360 - DEBUG - 自動保存已禁用，跳過配置保存
2025-09-09 17:07:50,458 - VALO360 - DEBUG - 自動保存已禁用，跳過配置保存
2025-09-09 17:07:50,458 - VALO360 - DEBUG - 自動保存已禁用，跳過配置保存
2025-09-09 17:07:50,458 - VALO360 - DEBUG - 自動保存已禁用，跳過配置保存
2025-09-09 17:07:50,458 - VALO360 - DEBUG - 自動保存已禁用，跳過配置保存
2025-09-09 17:07:50,458 - VALO360 - DEBUG - 執行 SSH 指令: diag -g sn mb
2025-09-09 17:07:50,458 - VALO360 - DEBUG - 包裝後的指令: bash -l -c 'diag -g sn mb' 2>&1 || sh -l -c 'diag -g sn mb' 2>&1
2025-09-09 17:07:50,522 - VALO360 - DEBUG - SSHWorker 執行完成
2025-09-09 17:07:50,523 - VALO360 - DEBUG - 自動保存已禁用，跳過配置保存
2025-09-09 17:07:50,523 - VALO360 - DEBUG - 自動保存已禁用，跳過配置保存
2025-09-09 17:07:50,523 - VALO360 - DEBUG - 自動保存已禁用，跳過配置保存
2025-09-09 17:07:50,523 - VALO360 - DEBUG - 自動保存已禁用，跳過配置保存
2025-09-09 17:07:50,530 - VALO360 - DEBUG - 自動保存已禁用，跳過配置保存
2025-09-09 17:07:50,530 - VALO360 - DEBUG - 自動保存已禁用，跳過配置保存
2025-09-09 17:07:50,530 - VALO360 - DEBUG - 自動保存已禁用，跳過配置保存
2025-09-09 17:07:50,530 - VALO360 - DEBUG - 自動保存已禁用，跳過配置保存
2025-09-09 17:07:50,530 - VALO360 - DEBUG - 自動保存已禁用，跳過配置保存
2025-09-09 17:07:50,530 - VALO360 - DEBUG - 自動保存已禁用，跳過配置保存
2025-09-09 17:07:50,530 - VALO360 - DEBUG - 自動保存已禁用，跳過配置保存
2025-09-09 17:07:50,530 - VALO360 - DEBUG - 自動保存已禁用，跳過配置保存
2025-09-09 17:07:50,530 - VALO360 - DEBUG - 自動保存已禁用，跳過配置保存
2025-09-09 17:07:50,530 - VALO360 - DEBUG - 自動保存已禁用，跳過配置保存
2025-09-09 17:07:50,530 - VALO360 - DEBUG - 自動保存已禁用，跳過配置保存
2025-09-09 17:07:50,530 - VALO360 - DEBUG - 自動保存已禁用，跳過配置保存
2025-09-09 17:07:50,530 - VALO360 - DEBUG - 自動保存已禁用，跳過配置保存
2025-09-09 17:07:50,530 - VALO360 - DEBUG - 自動保存已禁用，跳過配置保存
2025-09-09 17:07:50,530 - VALO360 - DEBUG - 自動保存已禁用，跳過配置保存
2025-09-09 17:07:50,530 - VALO360 - DEBUG - 自動保存已禁用，跳過配置保存
2025-09-09 17:07:50,540 - VALO360 - DEBUG - 自動保存已禁用，跳過配置保存
2025-09-09 17:07:50,540 - VALO360 - DEBUG - 自動保存已禁用，跳過配置保存
2025-09-09 17:07:50,540 - VALO360 - DEBUG - 自動保存已禁用，跳過配置保存
2025-09-09 17:07:50,540 - VALO360 - DEBUG - 自動保存已禁用，跳過配置保存
2025-09-09 17:07:52,013 - VALO360 - DEBUG - 自動保存已禁用，跳過配置保存
2025-09-09 17:07:52,013 - VALO360 - DEBUG - 自動保存已禁用，跳過配置保存
2025-09-09 17:07:52,013 - VALO360 - DEBUG - 自動保存已禁用，跳過配置保存
2025-09-09 17:07:52,013 - VALO360 - DEBUG - 自動保存已禁用，跳過配置保存
2025-09-09 17:07:53,225 - VALO360 - DEBUG - SSHWorker 初始化: 主機=192.168.11.143:22, 使用者=root, 指令數=5, 超時=30s
2025-09-09 17:07:53,225 - VALO360 - INFO - 開始執行 SSH 任務
2025-09-09 17:07:53,225 - VALO360 - INFO - 正在連線到 SSH 主機 192.168.11.143:22
2025-09-09 17:07:53,225 - VALO360 - INFO - 重用持久 SSH 連線
2025-09-09 17:07:53,241 - VALO360 - DEBUG - 自動保存已禁用，跳過配置保存
2025-09-09 17:07:53,241 - VALO360 - DEBUG - 自動保存已禁用，跳過配置保存
2025-09-09 17:07:53,241 - VALO360 - DEBUG - 自動保存已禁用，跳過配置保存
2025-09-09 17:07:53,246 - VALO360 - DEBUG - 自動保存已禁用，跳過配置保存
2025-09-09 17:07:53,259 - VALO360 - DEBUG - 自動保存已禁用，跳過配置保存
2025-09-09 17:07:53,259 - VALO360 - DEBUG - 自動保存已禁用，跳過配置保存
2025-09-09 17:07:53,259 - VALO360 - DEBUG - 自動保存已禁用，跳過配置保存
2025-09-09 17:07:53,259 - VALO360 - DEBUG - 自動保存已禁用，跳過配置保存
2025-09-09 17:07:53,259 - VALO360 - DEBUG - 自動保存已禁用，跳過配置保存
2025-09-09 17:07:53,259 - VALO360 - DEBUG - 自動保存已禁用，跳過配置保存
2025-09-09 17:07:53,259 - VALO360 - DEBUG - 自動保存已禁用，跳過配置保存
2025-09-09 17:07:53,259 - VALO360 - DEBUG - 自動保存已禁用，跳過配置保存
2025-09-09 17:07:53,259 - VALO360 - DEBUG - 自動保存已禁用，跳過配置保存
2025-09-09 17:07:53,259 - VALO360 - DEBUG - 自動保存已禁用，跳過配置保存
2025-09-09 17:07:53,259 - VALO360 - DEBUG - 自動保存已禁用，跳過配置保存
2025-09-09 17:07:53,259 - VALO360 - DEBUG - 自動保存已禁用，跳過配置保存
2025-09-09 17:07:53,266 - VALO360 - DEBUG - 自動保存已禁用，跳過配置保存
2025-09-09 17:07:53,266 - VALO360 - DEBUG - 自動保存已禁用，跳過配置保存
2025-09-09 17:07:53,266 - VALO360 - DEBUG - 自動保存已禁用，跳過配置保存
2025-09-09 17:07:53,266 - VALO360 - DEBUG - 自動保存已禁用，跳過配置保存
2025-09-09 17:07:53,287 - VALO360 - DEBUG - 執行 SSH 指令: diag -g sn dev
2025-09-09 17:07:53,287 - VALO360 - DEBUG - 包裝後的指令: bash -l -c 'diag -g sn dev' 2>&1 || sh -l -c 'diag -g sn dev' 2>&1
2025-09-09 17:07:53,290 - VALO360 - DEBUG - 自動保存已禁用，跳過配置保存
2025-09-09 17:07:53,290 - VALO360 - DEBUG - 自動保存已禁用，跳過配置保存
2025-09-09 17:07:53,291 - VALO360 - DEBUG - 自動保存已禁用，跳過配置保存
2025-09-09 17:07:53,291 - VALO360 - DEBUG - 自動保存已禁用，跳過配置保存
2025-09-09 17:07:53,863 - VALO360 - DEBUG - 執行 SSH 指令: diag -g sn mb
2025-09-09 17:07:53,863 - VALO360 - DEBUG - 包裝後的指令: bash -l -c 'diag -g sn mb' 2>&1 || sh -l -c 'diag -g sn mb' 2>&1
2025-09-09 17:07:54,425 - VALO360 - DEBUG - 執行 SSH 指令: diag -g hwver
2025-09-09 17:07:54,425 - VALO360 - DEBUG - 包裝後的指令: bash -l -c 'diag -g hwver' 2>&1 || sh -l -c 'diag -g hwver' 2>&1
2025-09-09 17:07:55,012 - VALO360 - DEBUG - 執行 SSH 指令: diag -g sku
2025-09-09 17:07:55,012 - VALO360 - DEBUG - 包裝後的指令: bash -l -c 'diag -g sku' 2>&1 || sh -l -c 'diag -g sku' 2>&1
2025-09-09 17:07:55,577 - VALO360 - DEBUG - 執行 SSH 指令: pegacmd version
2025-09-09 17:07:55,577 - VALO360 - DEBUG - 包裝後的指令: bash -l -c 'pegacmd version' 2>&1 || sh -l -c 'pegacmd version' 2>&1
2025-09-09 17:07:55,668 - VALO360 - DEBUG - SSHWorker 執行完成
2025-09-09 17:07:55,668 - VALO360 - DEBUG - 自動保存已禁用，跳過配置保存
2025-09-09 17:07:55,668 - VALO360 - DEBUG - 自動保存已禁用，跳過配置保存
2025-09-09 17:07:55,668 - VALO360 - DEBUG - 自動保存已禁用，跳過配置保存
2025-09-09 17:07:55,676 - VALO360 - DEBUG - 自動保存已禁用，跳過配置保存
2025-09-09 17:07:55,676 - VALO360 - DEBUG - 自動保存已禁用，跳過配置保存
2025-09-09 17:07:55,676 - VALO360 - DEBUG - 自動保存已禁用，跳過配置保存
2025-09-09 17:07:55,676 - VALO360 - DEBUG - 自動保存已禁用，跳過配置保存
2025-09-09 17:07:55,676 - VALO360 - DEBUG - 自動保存已禁用，跳過配置保存
2025-09-09 17:07:55,676 - VALO360 - DEBUG - 自動保存已禁用，跳過配置保存
2025-09-09 17:07:55,676 - VALO360 - DEBUG - 自動保存已禁用，跳過配置保存
2025-09-09 17:07:55,676 - VALO360 - DEBUG - 自動保存已禁用，跳過配置保存
2025-09-09 17:07:55,676 - VALO360 - DEBUG - 自動保存已禁用，跳過配置保存
2025-09-09 17:07:55,679 - VALO360 - DEBUG - 自動保存已禁用，跳過配置保存
2025-09-09 17:07:55,679 - VALO360 - DEBUG - 自動保存已禁用，跳過配置保存
2025-09-09 17:07:55,679 - VALO360 - DEBUG - 自動保存已禁用，跳過配置保存
2025-09-09 17:07:55,681 - VALO360 - DEBUG - 自動保存已禁用，跳過配置保存
2025-09-09 17:07:55,681 - VALO360 - DEBUG - 自動保存已禁用，跳過配置保存
2025-09-09 17:07:55,681 - VALO360 - DEBUG - 自動保存已禁用，跳過配置保存
2025-09-09 17:07:55,681 - VALO360 - DEBUG - 自動保存已禁用，跳過配置保存
2025-09-09 17:07:55,681 - VALO360 - DEBUG - 自動保存已禁用，跳過配置保存
2025-09-09 17:07:55,699 - VALO360 - DEBUG - 自動保存已禁用，跳過配置保存
2025-09-09 17:07:55,699 - VALO360 - DEBUG - 自動保存已禁用，跳過配置保存
2025-09-09 17:07:55,699 - VALO360 - DEBUG - 自動保存已禁用，跳過配置保存
2025-09-09 17:07:55,699 - VALO360 - DEBUG - 自動保存已禁用，跳過配置保存
2025-09-09 17:07:57,428 - VALO360 - DEBUG - 自動保存已禁用，跳過配置保存
2025-09-09 17:07:57,428 - VALO360 - DEBUG - 自動保存已禁用，跳過配置保存
2025-09-09 17:07:57,428 - VALO360 - DEBUG - 自動保存已禁用，跳過配置保存
2025-09-09 17:07:57,428 - VALO360 - DEBUG - 自動保存已禁用，跳過配置保存
2025-09-09 17:08:01,361 - VALO360 - DEBUG - SSHWorker 初始化: 主機=192.168.11.143:22, 使用者=root, 指令數=2, 超時=30s
2025-09-09 17:08:01,363 - VALO360 - INFO - 開始執行 SSH 任務
2025-09-09 17:08:01,363 - VALO360 - INFO - 正在連線到 SSH 主機 192.168.11.143:22
2025-09-09 17:08:01,363 - VALO360 - INFO - 重用持久 SSH 連線
2025-09-09 17:08:01,374 - VALO360 - DEBUG - 自動保存已禁用，跳過配置保存
2025-09-09 17:08:01,374 - VALO360 - DEBUG - 自動保存已禁用，跳過配置保存
2025-09-09 17:08:01,377 - VALO360 - DEBUG - 自動保存已禁用，跳過配置保存
2025-09-09 17:08:01,377 - VALO360 - DEBUG - 自動保存已禁用，跳過配置保存
2025-09-09 17:08:01,399 - VALO360 - DEBUG - 自動保存已禁用，跳過配置保存
2025-09-09 17:08:01,399 - VALO360 - DEBUG - 自動保存已禁用，跳過配置保存
2025-09-09 17:08:01,399 - VALO360 - DEBUG - 自動保存已禁用，跳過配置保存
2025-09-09 17:08:01,399 - VALO360 - DEBUG - 自動保存已禁用，跳過配置保存
2025-09-09 17:08:01,399 - VALO360 - DEBUG - 自動保存已禁用，跳過配置保存
2025-09-09 17:08:01,399 - VALO360 - DEBUG - 自動保存已禁用，跳過配置保存
2025-09-09 17:08:01,399 - VALO360 - DEBUG - 自動保存已禁用，跳過配置保存
2025-09-09 17:08:01,399 - VALO360 - DEBUG - 自動保存已禁用，跳過配置保存
2025-09-09 17:08:01,399 - VALO360 - DEBUG - 自動保存已禁用，跳過配置保存
2025-09-09 17:08:01,399 - VALO360 - DEBUG - 自動保存已禁用，跳過配置保存
2025-09-09 17:08:01,399 - VALO360 - DEBUG - 自動保存已禁用，跳過配置保存
2025-09-09 17:08:01,399 - VALO360 - DEBUG - 自動保存已禁用，跳過配置保存
2025-09-09 17:08:01,399 - VALO360 - DEBUG - 自動保存已禁用，跳過配置保存
2025-09-09 17:08:01,399 - VALO360 - DEBUG - 自動保存已禁用，跳過配置保存
2025-09-09 17:08:01,399 - VALO360 - DEBUG - 自動保存已禁用，跳過配置保存
2025-09-09 17:08:01,399 - VALO360 - DEBUG - 自動保存已禁用，跳過配置保存
2025-09-09 17:08:01,409 - VALO360 - DEBUG - 自動保存已禁用，跳過配置保存
2025-09-09 17:08:01,409 - VALO360 - DEBUG - 自動保存已禁用，跳過配置保存
2025-09-09 17:08:01,409 - VALO360 - DEBUG - 自動保存已禁用，跳過配置保存
2025-09-09 17:08:01,409 - VALO360 - DEBUG - 自動保存已禁用，跳過配置保存
2025-09-09 17:08:01,424 - VALO360 - DEBUG - 執行 SSH 指令: diag -g ivLic FD
2025-09-09 17:08:01,427 - VALO360 - DEBUG - 包裝後的指令: bash -l -c 'diag -g ivLic FD' 2>&1 || sh -l -c 'diag -g ivLic FD' 2>&1
2025-09-09 17:08:02,025 - VALO360 - DEBUG - 執行 SSH 指令: diag -g ivLic LPR
2025-09-09 17:08:02,025 - VALO360 - DEBUG - 包裝後的指令: bash -l -c 'diag -g ivLic LPR' 2>&1 || sh -l -c 'diag -g ivLic LPR' 2>&1
2025-09-09 17:08:02,393 - VALO360 - DEBUG - SSHWorker 執行完成
2025-09-09 17:08:02,404 - VALO360 - DEBUG - 自動保存已禁用，跳過配置保存
2025-09-09 17:08:02,404 - VALO360 - DEBUG - 自動保存已禁用，跳過配置保存
2025-09-09 17:08:02,404 - VALO360 - DEBUG - 自動保存已禁用，跳過配置保存
2025-09-09 17:08:02,404 - VALO360 - DEBUG - 自動保存已禁用，跳過配置保存
2025-09-09 17:08:02,406 - VALO360 - DEBUG - 自動保存已禁用，跳過配置保存
2025-09-09 17:08:02,406 - VALO360 - DEBUG - 自動保存已禁用，跳過配置保存
2025-09-09 17:08:02,406 - VALO360 - DEBUG - 自動保存已禁用，跳過配置保存
2025-09-09 17:08:02,406 - VALO360 - DEBUG - 自動保存已禁用，跳過配置保存
2025-09-09 17:08:02,406 - VALO360 - DEBUG - 自動保存已禁用，跳過配置保存
2025-09-09 17:08:02,406 - VALO360 - DEBUG - 自動保存已禁用，跳過配置保存
2025-09-09 17:08:02,406 - VALO360 - DEBUG - 自動保存已禁用，跳過配置保存
2025-09-09 17:08:02,406 - VALO360 - DEBUG - 自動保存已禁用，跳過配置保存
2025-09-09 17:08:02,406 - VALO360 - DEBUG - 自動保存已禁用，跳過配置保存
2025-09-09 17:08:02,406 - VALO360 - DEBUG - 自動保存已禁用，跳過配置保存
2025-09-09 17:08:02,406 - VALO360 - DEBUG - 自動保存已禁用，跳過配置保存
2025-09-09 17:08:02,406 - VALO360 - DEBUG - 自動保存已禁用，跳過配置保存
2025-09-09 17:08:02,406 - VALO360 - DEBUG - 自動保存已禁用，跳過配置保存
2025-09-09 17:08:02,406 - VALO360 - DEBUG - 自動保存已禁用，跳過配置保存
2025-09-09 17:08:02,406 - VALO360 - DEBUG - 自動保存已禁用，跳過配置保存
2025-09-09 17:08:02,406 - VALO360 - DEBUG - 自動保存已禁用，跳過配置保存
2025-09-09 17:08:02,425 - VALO360 - DEBUG - 自動保存已禁用，跳過配置保存
2025-09-09 17:08:02,425 - VALO360 - DEBUG - 自動保存已禁用，跳過配置保存
2025-09-09 17:08:02,425 - VALO360 - DEBUG - 自動保存已禁用，跳過配置保存
2025-09-09 17:08:02,425 - VALO360 - DEBUG - 自動保存已禁用，跳過配置保存
2025-09-09 17:08:05,116 - VALO360 - DEBUG - 自動保存已禁用，跳過配置保存
2025-09-09 17:08:05,116 - VALO360 - DEBUG - 自動保存已禁用，跳過配置保存
2025-09-09 17:08:05,116 - VALO360 - DEBUG - 自動保存已禁用，跳過配置保存
2025-09-09 17:08:05,122 - VALO360 - DEBUG - 自動保存已禁用，跳過配置保存
2025-09-09 17:08:05,594 - VALO360 - DEBUG - 自動保存已禁用，跳過配置保存
2025-09-09 17:08:05,600 - VALO360 - DEBUG - 自動保存已禁用，跳過配置保存
2025-09-09 17:08:05,600 - VALO360 - DEBUG - 自動保存已禁用，跳過配置保存
2025-09-09 17:08:05,600 - VALO360 - DEBUG - 自動保存已禁用，跳過配置保存
2025-09-09 17:08:06,407 - VALO360 - DEBUG - 自動保存已禁用，跳過配置保存
2025-09-09 17:08:06,407 - VALO360 - DEBUG - 自動保存已禁用，跳過配置保存
2025-09-09 17:08:06,407 - VALO360 - DEBUG - 自動保存已禁用，跳過配置保存
2025-09-09 17:08:06,407 - VALO360 - DEBUG - 自動保存已禁用，跳過配置保存
2025-09-09 17:08:06,984 - VALO360 - DEBUG - 自動保存已禁用，跳過配置保存
2025-09-09 17:08:06,984 - VALO360 - DEBUG - 自動保存已禁用，跳過配置保存
2025-09-09 17:08:06,984 - VALO360 - DEBUG - 自動保存已禁用，跳過配置保存
2025-09-09 17:08:06,984 - VALO360 - DEBUG - 自動保存已禁用，跳過配置保存
2025-09-09 17:08:07,625 - VALO360 - DEBUG - 自動保存已禁用，跳過配置保存
2025-09-09 17:08:07,627 - VALO360 - DEBUG - 自動保存已禁用，跳過配置保存
2025-09-09 17:08:07,627 - VALO360 - DEBUG - 自動保存已禁用，跳過配置保存
2025-09-09 17:08:07,629 - VALO360 - DEBUG - 自動保存已禁用，跳過配置保存
2025-09-09 17:08:07,637 - VALO360 - DEBUG - 自動保存已禁用，跳過配置保存
2025-09-09 17:08:07,637 - VALO360 - DEBUG - 自動保存已禁用，跳過配置保存
2025-09-09 17:08:07,637 - VALO360 - DEBUG - 自動保存已禁用，跳過配置保存
2025-09-09 17:08:07,637 - VALO360 - DEBUG - 自動保存已禁用，跳過配置保存
2025-09-09 17:08:07,657 - VALO360 - DEBUG - 自動保存已禁用，跳過配置保存
2025-09-09 17:08:07,657 - VALO360 - DEBUG - 自動保存已禁用，跳過配置保存
2025-09-09 17:08:07,657 - VALO360 - DEBUG - 自動保存已禁用，跳過配置保存
2025-09-09 17:08:07,657 - VALO360 - DEBUG - 自動保存已禁用，跳過配置保存
2025-09-09 17:08:07,667 - VALO360 - DEBUG - 自動保存已禁用，跳過配置保存
2025-09-09 17:08:07,667 - VALO360 - DEBUG - 自動保存已禁用，跳過配置保存
2025-09-09 17:08:07,667 - VALO360 - DEBUG - 自動保存已禁用，跳過配置保存
2025-09-09 17:08:07,667 - VALO360 - DEBUG - 自動保存已禁用，跳過配置保存
2025-09-09 17:08:07,667 - VALO360 - DEBUG - 自動保存已禁用，跳過配置保存
2025-09-09 17:08:07,667 - VALO360 - DEBUG - 自動保存已禁用，跳過配置保存
2025-09-09 17:08:07,667 - VALO360 - DEBUG - 自動保存已禁用，跳過配置保存
2025-09-09 17:08:07,667 - VALO360 - DEBUG - 自動保存已禁用，跳過配置保存
2025-09-09 17:08:07,678 - VALO360 - DEBUG - 自動保存已禁用，跳過配置保存
2025-09-09 17:08:07,678 - VALO360 - DEBUG - 自動保存已禁用，跳過配置保存
2025-09-09 17:08:07,678 - VALO360 - DEBUG - 自動保存已禁用，跳過配置保存
2025-09-09 17:08:07,678 - VALO360 - DEBUG - 自動保存已禁用，跳過配置保存
2025-09-09 17:08:07,678 - VALO360 - DEBUG - 自動保存已禁用，跳過配置保存
2025-09-09 17:08:07,678 - VALO360 - DEBUG - 自動保存已禁用，跳過配置保存
2025-09-09 17:08:07,678 - VALO360 - DEBUG - 自動保存已禁用，跳過配置保存
2025-09-09 17:08:07,678 - VALO360 - DEBUG - 自動保存已禁用，跳過配置保存
2025-09-09 17:08:07,688 - VALO360 - DEBUG - 自動保存已禁用，跳過配置保存
2025-09-09 17:08:07,688 - VALO360 - DEBUG - 自動保存已禁用，跳過配置保存
2025-09-09 17:08:07,688 - VALO360 - DEBUG - 自動保存已禁用，跳過配置保存
2025-09-09 17:08:07,688 - VALO360 - DEBUG - 自動保存已禁用，跳過配置保存
2025-09-09 17:08:07,692 - VALO360 - DEBUG - 自動保存已禁用，跳過配置保存
2025-09-09 17:08:07,692 - VALO360 - DEBUG - 自動保存已禁用，跳過配置保存
2025-09-09 17:08:07,692 - VALO360 - DEBUG - 自動保存已禁用，跳過配置保存
2025-09-09 17:08:07,692 - VALO360 - DEBUG - 自動保存已禁用，跳過配置保存
2025-09-09 17:08:07,692 - VALO360 - DEBUG - 自動保存已禁用，跳過配置保存
2025-09-09 17:08:07,692 - VALO360 - DEBUG - 自動保存已禁用，跳過配置保存
2025-09-09 17:08:07,692 - VALO360 - DEBUG - 自動保存已禁用，跳過配置保存
2025-09-09 17:08:07,692 - VALO360 - DEBUG - 自動保存已禁用，跳過配置保存
2025-09-09 17:08:07,698 - VALO360 - DEBUG - 自動保存已禁用，跳過配置保存
2025-09-09 17:08:07,698 - VALO360 - DEBUG - 自動保存已禁用，跳過配置保存
2025-09-09 17:08:07,698 - VALO360 - DEBUG - 自動保存已禁用，跳過配置保存
2025-09-09 17:08:07,699 - VALO360 - DEBUG - 自動保存已禁用，跳過配置保存
2025-09-09 17:08:07,699 - VALO360 - DEBUG - 自動保存已禁用，跳過配置保存
2025-09-09 17:08:07,699 - VALO360 - DEBUG - 自動保存已禁用，跳過配置保存
2025-09-09 17:08:07,699 - VALO360 - DEBUG - 自動保存已禁用，跳過配置保存
2025-09-09 17:08:07,699 - VALO360 - DEBUG - 自動保存已禁用，跳過配置保存
2025-09-09 17:08:07,699 - VALO360 - DEBUG - 自動保存已禁用，跳過配置保存
2025-09-09 17:08:07,699 - VALO360 - DEBUG - 自動保存已禁用，跳過配置保存
2025-09-09 17:08:07,699 - VALO360 - DEBUG - 自動保存已禁用，跳過配置保存
2025-09-09 17:08:07,699 - VALO360 - DEBUG - 自動保存已禁用，跳過配置保存
2025-09-09 17:08:07,699 - VALO360 - DEBUG - 自動保存已禁用，跳過配置保存
2025-09-09 17:08:07,699 - VALO360 - DEBUG - 自動保存已禁用，跳過配置保存
2025-09-09 17:08:07,699 - VALO360 - DEBUG - 自動保存已禁用，跳過配置保存
2025-09-09 17:08:07,709 - VALO360 - DEBUG - 自動保存已禁用，跳過配置保存
2025-09-09 17:08:07,709 - VALO360 - DEBUG - 自動保存已禁用，跳過配置保存
2025-09-09 17:08:07,709 - VALO360 - DEBUG - 自動保存已禁用，跳過配置保存
2025-09-09 17:08:07,709 - VALO360 - DEBUG - 自動保存已禁用，跳過配置保存
2025-09-09 17:08:07,709 - VALO360 - DEBUG - 自動保存已禁用，跳過配置保存
2025-09-09 17:08:07,709 - VALO360 - DEBUG - 自動保存已禁用，跳過配置保存
2025-09-09 17:08:07,709 - VALO360 - DEBUG - 自動保存已禁用，跳過配置保存
2025-09-09 17:08:07,709 - VALO360 - DEBUG - 自動保存已禁用，跳過配置保存
2025-09-09 17:08:07,709 - VALO360 - DEBUG - 自動保存已禁用，跳過配置保存
2025-09-09 17:08:07,709 - VALO360 - DEBUG - 自動保存已禁用，跳過配置保存
2025-09-09 17:08:07,709 - VALO360 - DEBUG - 自動保存已禁用，跳過配置保存
2025-09-09 17:08:07,709 - VALO360 - DEBUG - 自動保存已禁用，跳過配置保存
2025-09-09 17:08:07,709 - VALO360 - DEBUG - 自動保存已禁用，跳過配置保存
2025-09-09 17:08:07,709 - VALO360 - DEBUG - 自動保存已禁用，跳過配置保存
2025-09-09 17:08:07,709 - VALO360 - DEBUG - 自動保存已禁用，跳過配置保存
2025-09-09 17:08:07,719 - VALO360 - DEBUG - 自動保存已禁用，跳過配置保存
2025-09-09 17:08:07,719 - VALO360 - DEBUG - 自動保存已禁用，跳過配置保存
2025-09-09 17:08:07,719 - VALO360 - DEBUG - 自動保存已禁用，跳過配置保存
2025-09-09 17:08:07,719 - VALO360 - DEBUG - 自動保存已禁用，跳過配置保存
2025-09-09 17:08:07,719 - VALO360 - DEBUG - 自動保存已禁用，跳過配置保存
2025-09-09 17:08:07,719 - VALO360 - DEBUG - 自動保存已禁用，跳過配置保存
2025-09-09 17:08:07,724 - VALO360 - DEBUG - 自動保存已禁用，跳過配置保存
2025-09-09 17:08:07,724 - VALO360 - DEBUG - 自動保存已禁用，跳過配置保存
2025-09-09 17:08:07,724 - VALO360 - DEBUG - 自動保存已禁用，跳過配置保存
2025-09-09 17:08:07,724 - VALO360 - DEBUG - 自動保存已禁用，跳過配置保存
2025-09-09 17:08:07,724 - VALO360 - DEBUG - 自動保存已禁用，跳過配置保存
2025-09-09 17:08:07,724 - VALO360 - DEBUG - 自動保存已禁用，跳過配置保存
2025-09-09 17:08:07,724 - VALO360 - DEBUG - 自動保存已禁用，跳過配置保存
2025-09-09 17:08:07,724 - VALO360 - DEBUG - 自動保存已禁用，跳過配置保存
2025-09-09 17:08:07,729 - VALO360 - DEBUG - 自動保存已禁用，跳過配置保存
2025-09-09 17:08:07,729 - VALO360 - DEBUG - 自動保存已禁用，跳過配置保存
2025-09-09 17:08:07,729 - VALO360 - DEBUG - 自動保存已禁用，跳過配置保存
2025-09-09 17:08:07,729 - VALO360 - DEBUG - 自動保存已禁用，跳過配置保存
2025-09-09 17:08:07,729 - VALO360 - DEBUG - 自動保存已禁用，跳過配置保存
2025-09-09 17:08:07,729 - VALO360 - DEBUG - 自動保存已禁用，跳過配置保存
2025-09-09 17:08:07,729 - VALO360 - DEBUG - 自動保存已禁用，跳過配置保存
2025-09-09 17:08:07,729 - VALO360 - DEBUG - 自動保存已禁用，跳過配置保存
2025-09-09 17:08:07,729 - VALO360 - DEBUG - 自動保存已禁用，跳過配置保存
2025-09-09 17:08:07,729 - VALO360 - DEBUG - 自動保存已禁用，跳過配置保存
2025-09-09 17:08:07,729 - VALO360 - DEBUG - 自動保存已禁用，跳過配置保存
2025-09-09 17:08:07,729 - VALO360 - DEBUG - 自動保存已禁用，跳過配置保存
2025-09-09 17:08:07,729 - VALO360 - DEBUG - 自動保存已禁用，跳過配置保存
2025-09-09 17:08:07,729 - VALO360 - DEBUG - 自動保存已禁用，跳過配置保存
2025-09-09 17:08:07,729 - VALO360 - DEBUG - 自動保存已禁用，跳過配置保存
2025-09-09 17:08:07,729 - VALO360 - DEBUG - 自動保存已禁用，跳過配置保存
2025-09-09 17:08:07,741 - VALO360 - DEBUG - 自動保存已禁用，跳過配置保存
2025-09-09 17:08:07,741 - VALO360 - DEBUG - 自動保存已禁用，跳過配置保存
2025-09-09 17:08:07,741 - VALO360 - DEBUG - 自動保存已禁用，跳過配置保存
2025-09-09 17:08:07,741 - VALO360 - DEBUG - 自動保存已禁用，跳過配置保存
2025-09-09 17:08:07,741 - VALO360 - DEBUG - 自動保存已禁用，跳過配置保存
2025-09-09 17:08:07,741 - VALO360 - DEBUG - 自動保存已禁用，跳過配置保存
2025-09-09 17:08:07,741 - VALO360 - DEBUG - 自動保存已禁用，跳過配置保存
2025-09-09 17:08:07,741 - VALO360 - DEBUG - 自動保存已禁用，跳過配置保存
2025-09-09 17:08:07,741 - VALO360 - DEBUG - 自動保存已禁用，跳過配置保存
2025-09-09 17:08:07,741 - VALO360 - DEBUG - 自動保存已禁用，跳過配置保存
2025-09-09 17:08:07,741 - VALO360 - DEBUG - 自動保存已禁用，跳過配置保存
2025-09-09 17:08:07,741 - VALO360 - DEBUG - 自動保存已禁用，跳過配置保存
2025-09-09 17:08:07,741 - VALO360 - DEBUG - 自動保存已禁用，跳過配置保存
2025-09-09 17:08:07,741 - VALO360 - DEBUG - 自動保存已禁用，跳過配置保存
2025-09-09 17:08:07,741 - VALO360 - DEBUG - 自動保存已禁用，跳過配置保存
2025-09-09 17:08:07,741 - VALO360 - DEBUG - 自動保存已禁用，跳過配置保存
2025-09-09 17:08:07,750 - VALO360 - DEBUG - 自動保存已禁用，跳過配置保存
2025-09-09 17:08:07,750 - VALO360 - DEBUG - 自動保存已禁用，跳過配置保存
2025-09-09 17:08:07,750 - VALO360 - DEBUG - 自動保存已禁用，跳過配置保存
2025-09-09 17:08:07,750 - VALO360 - DEBUG - 自動保存已禁用，跳過配置保存
2025-09-09 17:08:07,750 - VALO360 - DEBUG - 自動保存已禁用，跳過配置保存
2025-09-09 17:08:07,750 - VALO360 - DEBUG - 自動保存已禁用，跳過配置保存
2025-09-09 17:08:07,750 - VALO360 - DEBUG - 自動保存已禁用，跳過配置保存
2025-09-09 17:08:07,750 - VALO360 - DEBUG - 自動保存已禁用，跳過配置保存
2025-09-09 17:08:07,750 - VALO360 - DEBUG - 自動保存已禁用，跳過配置保存
2025-09-09 17:08:07,750 - VALO360 - DEBUG - 自動保存已禁用，跳過配置保存
2025-09-09 17:08:07,750 - VALO360 - DEBUG - 自動保存已禁用，跳過配置保存
2025-09-09 17:08:07,750 - VALO360 - DEBUG - 自動保存已禁用，跳過配置保存
2025-09-09 17:08:07,750 - VALO360 - DEBUG - 自動保存已禁用，跳過配置保存
2025-09-09 17:08:07,750 - VALO360 - DEBUG - 自動保存已禁用，跳過配置保存
2025-09-09 17:08:07,750 - VALO360 - DEBUG - 自動保存已禁用，跳過配置保存
2025-09-09 17:08:07,750 - VALO360 - DEBUG - 自動保存已禁用，跳過配置保存
2025-09-09 17:08:07,762 - VALO360 - DEBUG - 自動保存已禁用，跳過配置保存
2025-09-09 17:08:07,762 - VALO360 - DEBUG - 自動保存已禁用，跳過配置保存
2025-09-09 17:08:07,762 - VALO360 - DEBUG - 自動保存已禁用，跳過配置保存
2025-09-09 17:08:07,762 - VALO360 - DEBUG - 自動保存已禁用，跳過配置保存
2025-09-09 17:08:07,762 - VALO360 - DEBUG - 自動保存已禁用，跳過配置保存
2025-09-09 17:08:07,762 - VALO360 - DEBUG - 自動保存已禁用，跳過配置保存
2025-09-09 17:08:07,762 - VALO360 - DEBUG - 自動保存已禁用，跳過配置保存
2025-09-09 17:08:07,762 - VALO360 - DEBUG - 自動保存已禁用，跳過配置保存
2025-09-09 17:08:07,762 - VALO360 - DEBUG - 自動保存已禁用，跳過配置保存
2025-09-09 17:08:07,762 - VALO360 - DEBUG - 自動保存已禁用，跳過配置保存
2025-09-09 17:08:07,762 - VALO360 - DEBUG - 自動保存已禁用，跳過配置保存
2025-09-09 17:08:07,762 - VALO360 - DEBUG - 自動保存已禁用，跳過配置保存
2025-09-09 17:08:07,762 - VALO360 - DEBUG - 自動保存已禁用，跳過配置保存
2025-09-09 17:08:07,762 - VALO360 - DEBUG - 自動保存已禁用，跳過配置保存
2025-09-09 17:08:07,762 - VALO360 - DEBUG - 自動保存已禁用，跳過配置保存
2025-09-09 17:08:07,762 - VALO360 - DEBUG - 自動保存已禁用，跳過配置保存
2025-09-09 17:08:07,769 - VALO360 - DEBUG - 自動保存已禁用，跳過配置保存
2025-09-09 17:08:07,769 - VALO360 - DEBUG - 自動保存已禁用，跳過配置保存
2025-09-09 17:08:07,769 - VALO360 - DEBUG - 自動保存已禁用，跳過配置保存
2025-09-09 17:08:07,769 - VALO360 - DEBUG - 自動保存已禁用，跳過配置保存
2025-09-09 17:08:07,769 - VALO360 - DEBUG - 自動保存已禁用，跳過配置保存
2025-09-09 17:08:07,769 - VALO360 - DEBUG - 自動保存已禁用，跳過配置保存
2025-09-09 17:08:07,771 - VALO360 - DEBUG - 自動保存已禁用，跳過配置保存
2025-09-09 17:08:07,771 - VALO360 - DEBUG - 自動保存已禁用，跳過配置保存
2025-09-09 17:08:07,771 - VALO360 - DEBUG - 自動保存已禁用，跳過配置保存
2025-09-09 17:08:07,771 - VALO360 - DEBUG - 自動保存已禁用，跳過配置保存
2025-09-09 17:08:07,771 - VALO360 - DEBUG - 自動保存已禁用，跳過配置保存
2025-09-09 17:08:07,771 - VALO360 - DEBUG - 自動保存已禁用，跳過配置保存
2025-09-09 17:08:07,773 - VALO360 - DEBUG - 自動保存已禁用，跳過配置保存
2025-09-09 17:08:07,773 - VALO360 - DEBUG - 自動保存已禁用，跳過配置保存
2025-09-09 17:08:07,773 - VALO360 - DEBUG - 自動保存已禁用，跳過配置保存
2025-09-09 17:08:07,773 - VALO360 - DEBUG - 自動保存已禁用，跳過配置保存
2025-09-09 17:08:07,781 - VALO360 - DEBUG - 自動保存已禁用，跳過配置保存
2025-09-09 17:08:07,781 - VALO360 - DEBUG - 自動保存已禁用，跳過配置保存
2025-09-09 17:08:07,781 - VALO360 - DEBUG - 自動保存已禁用，跳過配置保存
2025-09-09 17:08:07,783 - VALO360 - DEBUG - 自動保存已禁用，跳過配置保存
2025-09-09 17:08:07,784 - VALO360 - DEBUG - 自動保存已禁用，跳過配置保存
2025-09-09 17:08:07,784 - VALO360 - DEBUG - 自動保存已禁用，跳過配置保存
2025-09-09 17:08:07,784 - VALO360 - DEBUG - 自動保存已禁用，跳過配置保存
2025-09-09 17:08:07,784 - VALO360 - DEBUG - 自動保存已禁用，跳過配置保存
2025-09-09 17:08:07,784 - VALO360 - DEBUG - 自動保存已禁用，跳過配置保存
2025-09-09 17:08:07,784 - VALO360 - DEBUG - 自動保存已禁用，跳過配置保存
2025-09-09 17:08:07,784 - VALO360 - DEBUG - 自動保存已禁用，跳過配置保存
2025-09-09 17:08:07,784 - VALO360 - DEBUG - 自動保存已禁用，跳過配置保存
2025-09-09 17:08:07,793 - VALO360 - DEBUG - 自動保存已禁用，跳過配置保存
2025-09-09 17:08:07,793 - VALO360 - DEBUG - 自動保存已禁用，跳過配置保存
2025-09-09 17:08:07,793 - VALO360 - DEBUG - 自動保存已禁用，跳過配置保存
2025-09-09 17:08:07,793 - VALO360 - DEBUG - 自動保存已禁用，跳過配置保存
2025-09-09 17:08:07,793 - VALO360 - DEBUG - 自動保存已禁用，跳過配置保存
2025-09-09 17:08:07,798 - VALO360 - DEBUG - 自動保存已禁用，跳過配置保存
2025-09-09 17:08:07,798 - VALO360 - DEBUG - 自動保存已禁用，跳過配置保存
2025-09-09 17:08:07,798 - VALO360 - DEBUG - 自動保存已禁用，跳過配置保存
2025-09-09 17:08:07,798 - VALO360 - DEBUG - 自動保存已禁用，跳過配置保存
2025-09-09 17:08:07,798 - VALO360 - DEBUG - 自動保存已禁用，跳過配置保存
2025-09-09 17:08:07,798 - VALO360 - DEBUG - 自動保存已禁用，跳過配置保存
2025-09-09 17:08:07,798 - VALO360 - DEBUG - 自動保存已禁用，跳過配置保存
2025-09-09 17:08:07,798 - VALO360 - DEBUG - 自動保存已禁用，跳過配置保存
2025-09-09 17:08:07,798 - VALO360 - DEBUG - 自動保存已禁用，跳過配置保存
2025-09-09 17:08:07,802 - VALO360 - DEBUG - 自動保存已禁用，跳過配置保存
2025-09-09 17:08:07,802 - VALO360 - DEBUG - 自動保存已禁用，跳過配置保存
2025-09-09 17:08:07,802 - VALO360 - DEBUG - 自動保存已禁用，跳過配置保存
2025-09-09 17:08:07,802 - VALO360 - DEBUG - 自動保存已禁用，跳過配置保存
2025-09-09 17:08:07,802 - VALO360 - DEBUG - 自動保存已禁用，跳過配置保存
2025-09-09 17:08:07,802 - VALO360 - DEBUG - 自動保存已禁用，跳過配置保存
2025-09-09 17:08:07,804 - VALO360 - DEBUG - 自動保存已禁用，跳過配置保存
2025-09-09 17:08:07,804 - VALO360 - DEBUG - 自動保存已禁用，跳過配置保存
2025-09-09 17:08:07,805 - VALO360 - DEBUG - 自動保存已禁用，跳過配置保存
2025-09-09 17:08:07,805 - VALO360 - DEBUG - 自動保存已禁用，跳過配置保存
2025-09-09 17:08:07,805 - VALO360 - DEBUG - 自動保存已禁用，跳過配置保存
2025-09-09 17:08:07,805 - VALO360 - DEBUG - 自動保存已禁用，跳過配置保存
2025-09-09 17:08:07,808 - VALO360 - DEBUG - 自動保存已禁用，跳過配置保存
2025-09-09 17:08:07,808 - VALO360 - DEBUG - 自動保存已禁用，跳過配置保存
2025-09-09 17:08:07,810 - VALO360 - DEBUG - 自動保存已禁用，跳過配置保存
2025-09-09 17:08:07,810 - VALO360 - DEBUG - 自動保存已禁用，跳過配置保存
2025-09-09 17:08:07,810 - VALO360 - DEBUG - 自動保存已禁用，跳過配置保存
2025-09-09 17:08:07,810 - VALO360 - DEBUG - 自動保存已禁用，跳過配置保存
2025-09-09 17:08:11,344 - VALO360 - DEBUG - 自動保存已禁用，跳過配置保存
2025-09-09 17:08:11,350 - VALO360 - DEBUG - 自動保存已禁用，跳過配置保存
2025-09-09 17:08:11,350 - VALO360 - DEBUG - 自動保存已禁用，跳過配置保存
2025-09-09 17:08:11,350 - VALO360 - DEBUG - 自動保存已禁用，跳過配置保存
2025-09-09 17:08:11,381 - VALO360 - DEBUG - 找到 3 個COM口: ['COM5', 'COM6', 'COM3']
2025-09-09 17:08:14,878 - VALO360 - DEBUG - SSHWorker 初始化: 主機=192.168.11.143:22, 使用者=root, 指令數=1, 超時=30s
2025-09-09 17:08:14,878 - VALO360 - INFO - 開始執行 SSH 任務
2025-09-09 17:08:14,878 - VALO360 - INFO - 正在連線到 SSH 主機 192.168.11.143:22
2025-09-09 17:08:14,878 - VALO360 - INFO - 重用持久 SSH 連線
2025-09-09 17:08:14,899 - VALO360 - DEBUG - 自動保存已禁用，跳過配置保存
2025-09-09 17:08:14,899 - VALO360 - DEBUG - 自動保存已禁用，跳過配置保存
2025-09-09 17:08:14,899 - VALO360 - DEBUG - 自動保存已禁用，跳過配置保存
2025-09-09 17:08:14,899 - VALO360 - DEBUG - 自動保存已禁用，跳過配置保存
2025-09-09 17:08:14,899 - VALO360 - DEBUG - 自動保存已禁用，跳過配置保存
2025-09-09 17:08:14,899 - VALO360 - DEBUG - 自動保存已禁用，跳過配置保存
2025-09-09 17:08:14,899 - VALO360 - DEBUG - 自動保存已禁用，跳過配置保存
2025-09-09 17:08:14,899 - VALO360 - DEBUG - 自動保存已禁用，跳過配置保存
2025-09-09 17:08:14,899 - VALO360 - DEBUG - 自動保存已禁用，跳過配置保存
2025-09-09 17:08:14,899 - VALO360 - DEBUG - 自動保存已禁用，跳過配置保存
2025-09-09 17:08:14,899 - VALO360 - DEBUG - 自動保存已禁用，跳過配置保存
2025-09-09 17:08:14,899 - VALO360 - DEBUG - 自動保存已禁用，跳過配置保存
2025-09-09 17:08:14,899 - VALO360 - DEBUG - 自動保存已禁用，跳過配置保存
2025-09-09 17:08:14,899 - VALO360 - DEBUG - 自動保存已禁用，跳過配置保存
2025-09-09 17:08:14,899 - VALO360 - DEBUG - 自動保存已禁用，跳過配置保存
2025-09-09 17:08:14,899 - VALO360 - DEBUG - 自動保存已禁用，跳過配置保存
2025-09-09 17:08:14,909 - VALO360 - DEBUG - 自動保存已禁用，跳過配置保存
2025-09-09 17:08:14,909 - VALO360 - DEBUG - 自動保存已禁用，跳過配置保存
2025-09-09 17:08:14,909 - VALO360 - DEBUG - 自動保存已禁用，跳過配置保存
2025-09-09 17:08:14,909 - VALO360 - DEBUG - 自動保存已禁用，跳過配置保存
2025-09-09 17:08:14,919 - VALO360 - DEBUG - 自動保存已禁用，跳過配置保存
2025-09-09 17:08:14,919 - VALO360 - DEBUG - 自動保存已禁用，跳過配置保存
2025-09-09 17:08:14,919 - VALO360 - DEBUG - 自動保存已禁用，跳過配置保存
2025-09-09 17:08:14,919 - VALO360 - DEBUG - 自動保存已禁用，跳過配置保存
2025-09-09 17:08:14,957 - VALO360 - DEBUG - 執行 SSH 指令: diag -g sn mb
2025-09-09 17:08:14,957 - VALO360 - DEBUG - 包裝後的指令: bash -l -c 'diag -g sn mb' 2>&1 || sh -l -c 'diag -g sn mb' 2>&1
2025-09-09 17:08:15,030 - VALO360 - DEBUG - SSHWorker 執行完成
2025-09-09 17:08:15,033 - VALO360 - DEBUG - 自動保存已禁用，跳過配置保存
2025-09-09 17:08:15,033 - VALO360 - DEBUG - 自動保存已禁用，跳過配置保存
2025-09-09 17:08:15,033 - VALO360 - DEBUG - 自動保存已禁用，跳過配置保存
2025-09-09 17:08:15,036 - VALO360 - DEBUG - 自動保存已禁用，跳過配置保存
2025-09-09 17:08:15,036 - VALO360 - DEBUG - 自動保存已禁用，跳過配置保存
2025-09-09 17:08:15,036 - VALO360 - DEBUG - 自動保存已禁用，跳過配置保存
2025-09-09 17:08:15,036 - VALO360 - DEBUG - 自動保存已禁用，跳過配置保存
2025-09-09 17:08:15,036 - VALO360 - DEBUG - 自動保存已禁用，跳過配置保存
2025-09-09 17:08:15,036 - VALO360 - DEBUG - 自動保存已禁用，跳過配置保存
2025-09-09 17:08:15,036 - VALO360 - DEBUG - 自動保存已禁用，跳過配置保存
2025-09-09 17:08:15,036 - VALO360 - DEBUG - 自動保存已禁用，跳過配置保存
2025-09-09 17:08:15,036 - VALO360 - DEBUG - 自動保存已禁用，跳過配置保存
2025-09-09 17:08:15,036 - VALO360 - DEBUG - 自動保存已禁用，跳過配置保存
2025-09-09 17:08:15,041 - VALO360 - DEBUG - 自動保存已禁用，跳過配置保存
2025-09-09 17:08:15,041 - VALO360 - DEBUG - 自動保存已禁用，跳過配置保存
2025-09-09 17:08:15,041 - VALO360 - DEBUG - 自動保存已禁用，跳過配置保存
2025-09-09 17:08:15,042 - VALO360 - DEBUG - 自動保存已禁用，跳過配置保存
2025-09-09 17:08:15,042 - VALO360 - DEBUG - 自動保存已禁用，跳過配置保存
2025-09-09 17:08:15,042 - VALO360 - DEBUG - 自動保存已禁用，跳過配置保存
2025-09-09 17:08:15,042 - VALO360 - DEBUG - 自動保存已禁用，跳過配置保存
2025-09-09 17:08:15,053 - VALO360 - DEBUG - 自動保存已禁用，跳過配置保存
2025-09-09 17:08:15,053 - VALO360 - DEBUG - 自動保存已禁用，跳過配置保存
2025-09-09 17:08:15,057 - VALO360 - DEBUG - 自動保存已禁用，跳過配置保存
2025-09-09 17:08:15,057 - VALO360 - DEBUG - 自動保存已禁用，跳過配置保存
2025-09-09 17:08:15,983 - VALO360 - DEBUG - SSHWorker 初始化: 主機=192.168.11.143:22, 使用者=root, 指令數=1, 超時=30s
2025-09-09 17:08:15,983 - VALO360 - INFO - 開始執行 SSH 任務
2025-09-09 17:08:15,983 - VALO360 - INFO - 正在連線到 SSH 主機 192.168.11.143:22
2025-09-09 17:08:15,983 - VALO360 - INFO - 重用持久 SSH 連線
2025-09-09 17:08:16,007 - VALO360 - DEBUG - 自動保存已禁用，跳過配置保存
2025-09-09 17:08:16,007 - VALO360 - DEBUG - 自動保存已禁用，跳過配置保存
2025-09-09 17:08:16,007 - VALO360 - DEBUG - 自動保存已禁用，跳過配置保存
2025-09-09 17:08:16,007 - VALO360 - DEBUG - 自動保存已禁用，跳過配置保存
2025-09-09 17:08:16,031 - VALO360 - DEBUG - 自動保存已禁用，跳過配置保存
2025-09-09 17:08:16,031 - VALO360 - DEBUG - 自動保存已禁用，跳過配置保存
2025-09-09 17:08:16,031 - VALO360 - DEBUG - 自動保存已禁用，跳過配置保存
2025-09-09 17:08:16,031 - VALO360 - DEBUG - 自動保存已禁用，跳過配置保存
2025-09-09 17:08:16,031 - VALO360 - DEBUG - 自動保存已禁用，跳過配置保存
2025-09-09 17:08:16,031 - VALO360 - DEBUG - 自動保存已禁用，跳過配置保存
2025-09-09 17:08:16,031 - VALO360 - DEBUG - 自動保存已禁用，跳過配置保存
2025-09-09 17:08:16,031 - VALO360 - DEBUG - 自動保存已禁用，跳過配置保存
2025-09-09 17:08:16,033 - VALO360 - DEBUG - 自動保存已禁用，跳過配置保存
2025-09-09 17:08:16,034 - VALO360 - DEBUG - 自動保存已禁用，跳過配置保存
2025-09-09 17:08:16,034 - VALO360 - DEBUG - 自動保存已禁用，跳過配置保存
2025-09-09 17:08:16,034 - VALO360 - DEBUG - 自動保存已禁用，跳過配置保存
2025-09-09 17:08:16,034 - VALO360 - DEBUG - 自動保存已禁用，跳過配置保存
2025-09-09 17:08:16,034 - VALO360 - DEBUG - 自動保存已禁用，跳過配置保存
2025-09-09 17:08:16,036 - VALO360 - DEBUG - 自動保存已禁用，跳過配置保存
2025-09-09 17:08:16,036 - VALO360 - DEBUG - 自動保存已禁用，跳過配置保存
2025-09-09 17:08:16,057 - VALO360 - DEBUG - 執行 SSH 指令: diag -g sn mb
2025-09-09 17:08:16,057 - VALO360 - DEBUG - 包裝後的指令: bash -l -c 'diag -g sn mb' 2>&1 || sh -l -c 'diag -g sn mb' 2>&1
2025-09-09 17:08:16,057 - VALO360 - DEBUG - 自動保存已禁用，跳過配置保存
2025-09-09 17:08:16,062 - VALO360 - DEBUG - 自動保存已禁用，跳過配置保存
2025-09-09 17:08:16,062 - VALO360 - DEBUG - 自動保存已禁用，跳過配置保存
2025-09-09 17:08:16,062 - VALO360 - DEBUG - 自動保存已禁用，跳過配置保存
2025-09-09 17:08:16,116 - VALO360 - DEBUG - SSHWorker 執行完成
2025-09-09 17:08:16,130 - VALO360 - DEBUG - 自動保存已禁用，跳過配置保存
2025-09-09 17:08:16,130 - VALO360 - DEBUG - 自動保存已禁用，跳過配置保存
2025-09-09 17:08:16,130 - VALO360 - DEBUG - 自動保存已禁用，跳過配置保存
2025-09-09 17:08:16,130 - VALO360 - DEBUG - 自動保存已禁用，跳過配置保存
2025-09-09 17:08:16,130 - VALO360 - DEBUG - 自動保存已禁用，跳過配置保存
2025-09-09 17:08:16,130 - VALO360 - DEBUG - 自動保存已禁用，跳過配置保存
2025-09-09 17:08:16,132 - VALO360 - DEBUG - 自動保存已禁用，跳過配置保存
2025-09-09 17:08:16,132 - VALO360 - DEBUG - 自動保存已禁用，跳過配置保存
2025-09-09 17:08:16,132 - VALO360 - DEBUG - 自動保存已禁用，跳過配置保存
2025-09-09 17:08:16,132 - VALO360 - DEBUG - 自動保存已禁用，跳過配置保存
2025-09-09 17:08:16,132 - VALO360 - DEBUG - 自動保存已禁用，跳過配置保存
2025-09-09 17:08:16,132 - VALO360 - DEBUG - 自動保存已禁用，跳過配置保存
2025-09-09 17:08:16,132 - VALO360 - DEBUG - 自動保存已禁用，跳過配置保存
2025-09-09 17:08:16,134 - VALO360 - DEBUG - 自動保存已禁用，跳過配置保存
2025-09-09 17:08:16,134 - VALO360 - DEBUG - 自動保存已禁用，跳過配置保存
2025-09-09 17:08:16,134 - VALO360 - DEBUG - 自動保存已禁用，跳過配置保存
2025-09-09 17:08:16,134 - VALO360 - DEBUG - 自動保存已禁用，跳過配置保存
2025-09-09 17:08:16,134 - VALO360 - DEBUG - 自動保存已禁用，跳過配置保存
2025-09-09 17:08:16,134 - VALO360 - DEBUG - 自動保存已禁用，跳過配置保存
2025-09-09 17:08:16,134 - VALO360 - DEBUG - 自動保存已禁用，跳過配置保存
2025-09-09 17:08:16,141 - VALO360 - DEBUG - 自動保存已禁用，跳過配置保存
2025-09-09 17:08:16,141 - VALO360 - DEBUG - 自動保存已禁用，跳過配置保存
2025-09-09 17:08:16,141 - VALO360 - DEBUG - 自動保存已禁用，跳過配置保存
2025-09-09 17:08:16,141 - VALO360 - DEBUG - 自動保存已禁用，跳過配置保存
2025-09-09 17:08:16,606 - VALO360 - DEBUG - SSHWorker 初始化: 主機=192.168.11.143:22, 使用者=root, 指令數=1, 超時=30s
2025-09-09 17:08:16,614 - VALO360 - INFO - 開始執行 SSH 任務
2025-09-09 17:08:16,614 - VALO360 - INFO - 正在連線到 SSH 主機 192.168.11.143:22
2025-09-09 17:08:16,614 - VALO360 - INFO - 重用持久 SSH 連線
2025-09-09 17:08:16,631 - VALO360 - DEBUG - 自動保存已禁用，跳過配置保存
2025-09-09 17:08:16,631 - VALO360 - DEBUG - 自動保存已禁用，跳過配置保存
2025-09-09 17:08:16,631 - VALO360 - DEBUG - 自動保存已禁用，跳過配置保存
2025-09-09 17:08:16,631 - VALO360 - DEBUG - 自動保存已禁用，跳過配置保存
2025-09-09 17:08:16,650 - VALO360 - DEBUG - 執行 SSH 指令: diag -g sn mb
2025-09-09 17:08:16,650 - VALO360 - DEBUG - 包裝後的指令: bash -l -c 'diag -g sn mb' 2>&1 || sh -l -c 'diag -g sn mb' 2>&1
2025-09-09 17:08:16,650 - VALO360 - DEBUG - 自動保存已禁用，跳過配置保存
2025-09-09 17:08:16,650 - VALO360 - DEBUG - 自動保存已禁用，跳過配置保存
2025-09-09 17:08:16,653 - VALO360 - DEBUG - 自動保存已禁用，跳過配置保存
2025-09-09 17:08:16,653 - VALO360 - DEBUG - 自動保存已禁用，跳過配置保存
2025-09-09 17:08:16,653 - VALO360 - DEBUG - 自動保存已禁用，跳過配置保存
2025-09-09 17:08:16,653 - VALO360 - DEBUG - 自動保存已禁用，跳過配置保存
2025-09-09 17:08:16,653 - VALO360 - DEBUG - 自動保存已禁用，跳過配置保存
2025-09-09 17:08:16,653 - VALO360 - DEBUG - 自動保存已禁用，跳過配置保存
2025-09-09 17:08:16,655 - VALO360 - DEBUG - 自動保存已禁用，跳過配置保存
2025-09-09 17:08:16,655 - VALO360 - DEBUG - 自動保存已禁用，跳過配置保存
2025-09-09 17:08:16,655 - VALO360 - DEBUG - 自動保存已禁用，跳過配置保存
2025-09-09 17:08:16,655 - VALO360 - DEBUG - 自動保存已禁用，跳過配置保存
2025-09-09 17:08:16,655 - VALO360 - DEBUG - 自動保存已禁用，跳過配置保存
2025-09-09 17:08:16,655 - VALO360 - DEBUG - 自動保存已禁用，跳過配置保存
2025-09-09 17:08:16,659 - VALO360 - DEBUG - 自動保存已禁用，跳過配置保存
2025-09-09 17:08:16,659 - VALO360 - DEBUG - 自動保存已禁用，跳過配置保存
2025-09-09 17:08:16,684 - VALO360 - DEBUG - 自動保存已禁用，跳過配置保存
2025-09-09 17:08:16,684 - VALO360 - DEBUG - 自動保存已禁用，跳過配置保存
2025-09-09 17:08:16,684 - VALO360 - DEBUG - 自動保存已禁用，跳過配置保存
2025-09-09 17:08:16,685 - VALO360 - DEBUG - 自動保存已禁用，跳過配置保存
2025-09-09 17:08:16,722 - VALO360 - DEBUG - SSHWorker 執行完成
2025-09-09 17:08:16,728 - VALO360 - DEBUG - 自動保存已禁用，跳過配置保存
2025-09-09 17:08:16,728 - VALO360 - DEBUG - 自動保存已禁用，跳過配置保存
2025-09-09 17:08:16,728 - VALO360 - DEBUG - 自動保存已禁用，跳過配置保存
2025-09-09 17:08:16,728 - VALO360 - DEBUG - 自動保存已禁用，跳過配置保存
2025-09-09 17:08:16,730 - VALO360 - DEBUG - 自動保存已禁用，跳過配置保存
2025-09-09 17:08:16,730 - VALO360 - DEBUG - 自動保存已禁用，跳過配置保存
2025-09-09 17:08:16,730 - VALO360 - DEBUG - 自動保存已禁用，跳過配置保存
2025-09-09 17:08:16,730 - VALO360 - DEBUG - 自動保存已禁用，跳過配置保存
2025-09-09 17:08:16,730 - VALO360 - DEBUG - 自動保存已禁用，跳過配置保存
2025-09-09 17:08:16,730 - VALO360 - DEBUG - 自動保存已禁用，跳過配置保存
2025-09-09 17:08:16,732 - VALO360 - DEBUG - 自動保存已禁用，跳過配置保存
2025-09-09 17:08:16,732 - VALO360 - DEBUG - 自動保存已禁用，跳過配置保存
2025-09-09 17:08:16,732 - VALO360 - DEBUG - 自動保存已禁用，跳過配置保存
2025-09-09 17:08:16,732 - VALO360 - DEBUG - 自動保存已禁用，跳過配置保存
2025-09-09 17:08:16,732 - VALO360 - DEBUG - 自動保存已禁用，跳過配置保存
2025-09-09 17:08:16,732 - VALO360 - DEBUG - 自動保存已禁用，跳過配置保存
2025-09-09 17:08:16,734 - VALO360 - DEBUG - 自動保存已禁用，跳過配置保存
2025-09-09 17:08:16,734 - VALO360 - DEBUG - 自動保存已禁用，跳過配置保存
2025-09-09 17:08:16,734 - VALO360 - DEBUG - 自動保存已禁用，跳過配置保存
2025-09-09 17:08:16,734 - VALO360 - DEBUG - 自動保存已禁用，跳過配置保存
2025-09-09 17:08:16,746 - VALO360 - DEBUG - 自動保存已禁用，跳過配置保存
2025-09-09 17:08:16,746 - VALO360 - DEBUG - 自動保存已禁用，跳過配置保存
2025-09-09 17:08:16,746 - VALO360 - DEBUG - 自動保存已禁用，跳過配置保存
2025-09-09 17:08:16,746 - VALO360 - DEBUG - 自動保存已禁用，跳過配置保存
2025-09-09 17:08:17,402 - VALO360 - DEBUG - 自動保存已禁用，跳過配置保存
2025-09-09 17:08:17,402 - VALO360 - DEBUG - 自動保存已禁用，跳過配置保存
2025-09-09 17:08:17,402 - VALO360 - DEBUG - 自動保存已禁用，跳過配置保存
2025-09-09 17:08:17,402 - VALO360 - DEBUG - 自動保存已禁用，跳過配置保存
2025-09-09 17:08:22,352 - VALO360 - DEBUG - 自動保存已禁用，跳過配置保存
2025-09-09 17:08:22,352 - VALO360 - DEBUG - 自動保存已禁用，跳過配置保存
2025-09-09 17:08:22,352 - VALO360 - DEBUG - 自動保存已禁用，跳過配置保存
2025-09-09 17:08:22,352 - VALO360 - DEBUG - 自動保存已禁用，跳過配置保存
2025-09-09 17:08:22,362 - VALO360 - DEBUG - 自動保存已禁用，跳過配置保存
2025-09-09 17:08:22,362 - VALO360 - DEBUG - 自動保存已禁用，跳過配置保存
2025-09-09 17:08:22,362 - VALO360 - DEBUG - 自動保存已禁用，跳過配置保存
2025-09-09 17:08:22,362 - VALO360 - DEBUG - 自動保存已禁用，跳過配置保存
2025-09-09 17:08:22,393 - VALO360 - DEBUG - 自動保存已禁用，跳過配置保存
2025-09-09 17:08:22,393 - VALO360 - DEBUG - 自動保存已禁用，跳過配置保存
2025-09-09 17:08:22,393 - VALO360 - DEBUG - 自動保存已禁用，跳過配置保存
2025-09-09 17:08:22,395 - VALO360 - DEBUG - 自動保存已禁用，跳過配置保存
2025-09-09 17:08:22,395 - VALO360 - DEBUG - 自動保存已禁用，跳過配置保存
2025-09-09 17:08:22,395 - VALO360 - DEBUG - 自動保存已禁用，跳過配置保存
2025-09-09 17:08:22,395 - VALO360 - DEBUG - 自動保存已禁用，跳過配置保存
2025-09-09 17:08:22,395 - VALO360 - DEBUG - 自動保存已禁用，跳過配置保存
2025-09-09 17:08:22,395 - VALO360 - DEBUG - 自動保存已禁用，跳過配置保存
2025-09-09 17:08:22,395 - VALO360 - DEBUG - 自動保存已禁用，跳過配置保存
2025-09-09 17:08:22,403 - VALO360 - DEBUG - 自動保存已禁用，跳過配置保存
2025-09-09 17:08:22,403 - VALO360 - DEBUG - 自動保存已禁用，跳過配置保存
2025-09-09 17:08:22,404 - VALO360 - DEBUG - 自動保存已禁用，跳過配置保存
2025-09-09 17:08:22,404 - VALO360 - DEBUG - 自動保存已禁用，跳過配置保存
2025-09-09 17:08:22,404 - VALO360 - DEBUG - 自動保存已禁用，跳過配置保存
2025-09-09 17:08:22,404 - VALO360 - DEBUG - 自動保存已禁用，跳過配置保存
2025-09-09 17:08:22,408 - VALO360 - DEBUG - 自動保存已禁用，跳過配置保存
2025-09-09 17:08:22,408 - VALO360 - DEBUG - 自動保存已禁用，跳過配置保存
2025-09-09 17:08:22,410 - VALO360 - DEBUG - 自動保存已禁用，跳過配置保存
2025-09-09 17:08:22,410 - VALO360 - DEBUG - 自動保存已禁用，跳過配置保存
2025-09-09 17:08:22,414 - VALO360 - DEBUG - 自動保存已禁用，跳過配置保存
2025-09-09 17:08:22,414 - VALO360 - DEBUG - 自動保存已禁用，跳過配置保存
2025-09-09 17:08:22,414 - VALO360 - DEBUG - 自動保存已禁用，跳過配置保存
2025-09-09 17:08:22,414 - VALO360 - DEBUG - 自動保存已禁用，跳過配置保存
2025-09-09 17:08:22,414 - VALO360 - DEBUG - 自動保存已禁用，跳過配置保存
2025-09-09 17:08:22,414 - VALO360 - DEBUG - 自動保存已禁用，跳過配置保存
2025-09-09 17:08:22,414 - VALO360 - DEBUG - 自動保存已禁用，跳過配置保存
2025-09-09 17:08:22,414 - VALO360 - DEBUG - 自動保存已禁用，跳過配置保存
2025-09-09 17:08:22,414 - VALO360 - DEBUG - 自動保存已禁用，跳過配置保存
2025-09-09 17:08:22,414 - VALO360 - DEBUG - 自動保存已禁用，跳過配置保存
2025-09-09 17:08:22,414 - VALO360 - DEBUG - 自動保存已禁用，跳過配置保存
2025-09-09 17:08:22,414 - VALO360 - DEBUG - 自動保存已禁用，跳過配置保存
2025-09-09 17:08:22,424 - VALO360 - DEBUG - 自動保存已禁用，跳過配置保存
2025-09-09 17:08:22,424 - VALO360 - DEBUG - 自動保存已禁用，跳過配置保存
2025-09-09 17:08:22,424 - VALO360 - DEBUG - 自動保存已禁用，跳過配置保存
2025-09-09 17:08:22,424 - VALO360 - DEBUG - 自動保存已禁用，跳過配置保存
2025-09-09 17:08:22,424 - VALO360 - DEBUG - 自動保存已禁用，跳過配置保存
2025-09-09 17:08:22,424 - VALO360 - DEBUG - 自動保存已禁用，跳過配置保存
2025-09-09 17:08:22,424 - VALO360 - DEBUG - 自動保存已禁用，跳過配置保存
2025-09-09 17:08:22,424 - VALO360 - DEBUG - 自動保存已禁用，跳過配置保存
2025-09-09 17:08:22,429 - VALO360 - DEBUG - 自動保存已禁用，跳過配置保存
2025-09-09 17:08:22,429 - VALO360 - DEBUG - 自動保存已禁用，跳過配置保存
2025-09-09 17:08:22,429 - VALO360 - DEBUG - 自動保存已禁用，跳過配置保存
2025-09-09 17:08:22,429 - VALO360 - DEBUG - 自動保存已禁用，跳過配置保存
2025-09-09 17:08:22,434 - VALO360 - DEBUG - 自動保存已禁用，跳過配置保存
2025-09-09 17:08:22,434 - VALO360 - DEBUG - 自動保存已禁用，跳過配置保存
2025-09-09 17:08:22,434 - VALO360 - DEBUG - 自動保存已禁用，跳過配置保存
2025-09-09 17:08:22,436 - VALO360 - DEBUG - 自動保存已禁用，跳過配置保存
2025-09-09 17:08:22,440 - VALO360 - DEBUG - 自動保存已禁用，跳過配置保存
2025-09-09 17:08:22,441 - VALO360 - DEBUG - 自動保存已禁用，跳過配置保存
2025-09-09 17:08:22,441 - VALO360 - DEBUG - 自動保存已禁用，跳過配置保存
2025-09-09 17:08:22,441 - VALO360 - DEBUG - 自動保存已禁用，跳過配置保存
2025-09-09 17:08:22,441 - VALO360 - DEBUG - 自動保存已禁用，跳過配置保存
2025-09-09 17:08:22,441 - VALO360 - DEBUG - 自動保存已禁用，跳過配置保存
2025-09-09 17:08:22,443 - VALO360 - DEBUG - 自動保存已禁用，跳過配置保存
2025-09-09 17:08:22,443 - VALO360 - DEBUG - 自動保存已禁用，跳過配置保存
2025-09-09 17:08:22,443 - VALO360 - DEBUG - 自動保存已禁用，跳過配置保存
2025-09-09 17:08:22,443 - VALO360 - DEBUG - 自動保存已禁用，跳過配置保存
2025-09-09 17:08:22,443 - VALO360 - DEBUG - 自動保存已禁用，跳過配置保存
2025-09-09 17:08:22,446 - VALO360 - DEBUG - 自動保存已禁用，跳過配置保存
2025-09-09 17:08:22,446 - VALO360 - DEBUG - 自動保存已禁用，跳過配置保存
2025-09-09 17:08:22,446 - VALO360 - DEBUG - 自動保存已禁用，跳過配置保存
2025-09-09 17:08:22,446 - VALO360 - DEBUG - 自動保存已禁用，跳過配置保存
2025-09-09 17:08:22,446 - VALO360 - DEBUG - 自動保存已禁用，跳過配置保存
2025-09-09 17:08:22,452 - VALO360 - DEBUG - 自動保存已禁用，跳過配置保存
2025-09-09 17:08:22,452 - VALO360 - DEBUG - 自動保存已禁用，跳過配置保存
2025-09-09 17:08:22,452 - VALO360 - DEBUG - 自動保存已禁用，跳過配置保存
2025-09-09 17:08:22,452 - VALO360 - DEBUG - 自動保存已禁用，跳過配置保存
2025-09-09 17:08:22,452 - VALO360 - DEBUG - 自動保存已禁用，跳過配置保存
2025-09-09 17:08:22,452 - VALO360 - DEBUG - 自動保存已禁用，跳過配置保存
2025-09-09 17:08:22,452 - VALO360 - DEBUG - 自動保存已禁用，跳過配置保存
2025-09-09 17:08:22,454 - VALO360 - DEBUG - 自動保存已禁用，跳過配置保存
2025-09-09 17:08:22,456 - VALO360 - DEBUG - 自動保存已禁用，跳過配置保存
2025-09-09 17:08:22,456 - VALO360 - DEBUG - 自動保存已禁用，跳過配置保存
2025-09-09 17:08:22,456 - VALO360 - DEBUG - 自動保存已禁用，跳過配置保存
2025-09-09 17:08:22,456 - VALO360 - DEBUG - 自動保存已禁用，跳過配置保存
2025-09-09 17:08:22,456 - VALO360 - DEBUG - 自動保存已禁用，跳過配置保存
2025-09-09 17:08:22,456 - VALO360 - DEBUG - 自動保存已禁用，跳過配置保存
2025-09-09 17:08:22,456 - VALO360 - DEBUG - 自動保存已禁用，跳過配置保存
2025-09-09 17:08:22,456 - VALO360 - DEBUG - 自動保存已禁用，跳過配置保存
2025-09-09 17:08:22,456 - VALO360 - DEBUG - 自動保存已禁用，跳過配置保存
2025-09-09 17:08:22,456 - VALO360 - DEBUG - 自動保存已禁用，跳過配置保存
2025-09-09 17:08:22,456 - VALO360 - DEBUG - 自動保存已禁用，跳過配置保存
2025-09-09 17:08:22,456 - VALO360 - DEBUG - 自動保存已禁用，跳過配置保存
2025-09-09 17:08:22,464 - VALO360 - DEBUG - 自動保存已禁用，跳過配置保存
2025-09-09 17:08:22,464 - VALO360 - DEBUG - 自動保存已禁用，跳過配置保存
2025-09-09 17:08:22,464 - VALO360 - DEBUG - 自動保存已禁用，跳過配置保存
2025-09-09 17:08:22,464 - VALO360 - DEBUG - 自動保存已禁用，跳過配置保存
2025-09-09 17:08:22,464 - VALO360 - DEBUG - 自動保存已禁用，跳過配置保存
2025-09-09 17:08:22,468 - VALO360 - DEBUG - 自動保存已禁用，跳過配置保存
2025-09-09 17:08:22,468 - VALO360 - DEBUG - 自動保存已禁用，跳過配置保存
2025-09-09 17:08:22,468 - VALO360 - DEBUG - 自動保存已禁用，跳過配置保存
2025-09-09 17:08:22,468 - VALO360 - DEBUG - 自動保存已禁用，跳過配置保存
2025-09-09 17:08:22,468 - VALO360 - DEBUG - 自動保存已禁用，跳過配置保存
2025-09-09 17:08:22,468 - VALO360 - DEBUG - 自動保存已禁用，跳過配置保存
2025-09-09 17:08:22,468 - VALO360 - DEBUG - 自動保存已禁用，跳過配置保存
2025-09-09 17:08:22,470 - VALO360 - DEBUG - 自動保存已禁用，跳過配置保存
2025-09-09 17:08:22,470 - VALO360 - DEBUG - 自動保存已禁用，跳過配置保存
2025-09-09 17:08:22,472 - VALO360 - DEBUG - 自動保存已禁用，跳過配置保存
2025-09-09 17:08:22,472 - VALO360 - DEBUG - 自動保存已禁用，跳過配置保存
2025-09-09 17:08:22,476 - VALO360 - DEBUG - 自動保存已禁用，跳過配置保存
2025-09-09 17:08:22,477 - VALO360 - DEBUG - 自動保存已禁用，跳過配置保存
2025-09-09 17:08:22,477 - VALO360 - DEBUG - 自動保存已禁用，跳過配置保存
2025-09-09 17:08:22,477 - VALO360 - DEBUG - 自動保存已禁用，跳過配置保存
2025-09-09 17:08:22,477 - VALO360 - DEBUG - 自動保存已禁用，跳過配置保存
2025-09-09 17:08:22,477 - VALO360 - DEBUG - 自動保存已禁用，跳過配置保存
2025-09-09 17:08:22,477 - VALO360 - DEBUG - 自動保存已禁用，跳過配置保存
2025-09-09 17:08:22,478 - VALO360 - DEBUG - 自動保存已禁用，跳過配置保存
2025-09-09 17:08:22,484 - VALO360 - DEBUG - 自動保存已禁用，跳過配置保存
2025-09-09 17:08:22,484 - VALO360 - DEBUG - 自動保存已禁用，跳過配置保存
2025-09-09 17:08:22,484 - VALO360 - DEBUG - 自動保存已禁用，跳過配置保存
2025-09-09 17:08:22,484 - VALO360 - DEBUG - 自動保存已禁用，跳過配置保存
2025-09-09 17:08:22,486 - VALO360 - DEBUG - 自動保存已禁用，跳過配置保存
2025-09-09 17:08:22,486 - VALO360 - DEBUG - 自動保存已禁用，跳過配置保存
2025-09-09 17:08:22,487 - VALO360 - DEBUG - 自動保存已禁用，跳過配置保存
2025-09-09 17:08:22,487 - VALO360 - DEBUG - 自動保存已禁用，跳過配置保存
2025-09-09 17:08:22,487 - VALO360 - DEBUG - 自動保存已禁用，跳過配置保存
2025-09-09 17:08:22,487 - VALO360 - DEBUG - 自動保存已禁用，跳過配置保存
2025-09-09 17:08:22,487 - VALO360 - DEBUG - 自動保存已禁用，跳過配置保存
2025-09-09 17:08:22,487 - VALO360 - DEBUG - 自動保存已禁用，跳過配置保存
2025-09-09 17:08:22,497 - VALO360 - DEBUG - 自動保存已禁用，跳過配置保存
2025-09-09 17:08:22,497 - VALO360 - DEBUG - 自動保存已禁用，跳過配置保存
2025-09-09 17:08:22,498 - VALO360 - DEBUG - 自動保存已禁用，跳過配置保存
2025-09-09 17:08:22,498 - VALO360 - DEBUG - 自動保存已禁用，跳過配置保存
2025-09-09 17:08:22,498 - VALO360 - DEBUG - 自動保存已禁用，跳過配置保存
2025-09-09 17:08:22,498 - VALO360 - DEBUG - 自動保存已禁用，跳過配置保存
2025-09-09 17:08:22,498 - VALO360 - DEBUG - 自動保存已禁用，跳過配置保存
2025-09-09 17:08:22,498 - VALO360 - DEBUG - 自動保存已禁用，跳過配置保存
2025-09-09 17:08:22,502 - VALO360 - DEBUG - 自動保存已禁用，跳過配置保存
2025-09-09 17:08:22,503 - VALO360 - DEBUG - 自動保存已禁用，跳過配置保存
2025-09-09 17:08:22,503 - VALO360 - DEBUG - 自動保存已禁用，跳過配置保存
2025-09-09 17:08:22,503 - VALO360 - DEBUG - 自動保存已禁用，跳過配置保存
2025-09-09 17:08:22,503 - VALO360 - DEBUG - 自動保存已禁用，跳過配置保存
2025-09-09 17:08:22,503 - VALO360 - DEBUG - 自動保存已禁用，跳過配置保存
2025-09-09 17:08:22,503 - VALO360 - DEBUG - 自動保存已禁用，跳過配置保存
2025-09-09 17:08:22,503 - VALO360 - DEBUG - 自動保存已禁用，跳過配置保存
2025-09-09 17:08:22,506 - VALO360 - DEBUG - 自動保存已禁用，跳過配置保存
2025-09-09 17:08:22,508 - VALO360 - DEBUG - 自動保存已禁用，跳過配置保存
2025-09-09 17:08:22,508 - VALO360 - DEBUG - 自動保存已禁用，跳過配置保存
2025-09-09 17:08:22,508 - VALO360 - DEBUG - 自動保存已禁用，跳過配置保存
2025-09-09 17:08:22,510 - VALO360 - DEBUG - 自動保存已禁用，跳過配置保存
2025-09-09 17:08:22,510 - VALO360 - DEBUG - 自動保存已禁用，跳過配置保存
2025-09-09 17:08:22,510 - VALO360 - DEBUG - 自動保存已禁用，跳過配置保存
2025-09-09 17:08:22,510 - VALO360 - DEBUG - 自動保存已禁用，跳過配置保存
2025-09-09 17:08:22,510 - VALO360 - DEBUG - 自動保存已禁用，跳過配置保存
2025-09-09 17:08:22,510 - VALO360 - DEBUG - 自動保存已禁用，跳過配置保存
2025-09-09 17:08:22,510 - VALO360 - DEBUG - 自動保存已禁用，跳過配置保存
2025-09-09 17:08:22,510 - VALO360 - DEBUG - 自動保存已禁用，跳過配置保存
2025-09-09 17:08:22,517 - VALO360 - DEBUG - 自動保存已禁用，跳過配置保存
2025-09-09 17:08:22,517 - VALO360 - DEBUG - 自動保存已禁用，跳過配置保存
2025-09-09 17:08:22,517 - VALO360 - DEBUG - 自動保存已禁用，跳過配置保存
2025-09-09 17:08:22,517 - VALO360 - DEBUG - 自動保存已禁用，跳過配置保存
2025-09-09 17:08:22,517 - VALO360 - DEBUG - 自動保存已禁用，跳過配置保存
2025-09-09 17:08:22,517 - VALO360 - DEBUG - 自動保存已禁用，跳過配置保存
2025-09-09 17:08:22,517 - VALO360 - DEBUG - 自動保存已禁用，跳過配置保存
2025-09-09 17:08:22,517 - VALO360 - DEBUG - 自動保存已禁用，跳過配置保存
2025-09-09 17:08:22,519 - VALO360 - DEBUG - 自動保存已禁用，跳過配置保存
2025-09-09 17:08:22,519 - VALO360 - DEBUG - 自動保存已禁用，跳過配置保存
2025-09-09 17:08:22,519 - VALO360 - DEBUG - 自動保存已禁用，跳過配置保存
2025-09-09 17:08:22,519 - VALO360 - DEBUG - 自動保存已禁用，跳過配置保存
2025-09-09 17:08:22,519 - VALO360 - DEBUG - 自動保存已禁用，跳過配置保存
2025-09-09 17:08:22,519 - VALO360 - DEBUG - 自動保存已禁用，跳過配置保存
2025-09-09 17:08:22,519 - VALO360 - DEBUG - 自動保存已禁用，跳過配置保存
2025-09-09 17:08:22,519 - VALO360 - DEBUG - 自動保存已禁用，跳過配置保存
2025-09-09 17:08:22,525 - VALO360 - DEBUG - 自動保存已禁用，跳過配置保存
2025-09-09 17:08:22,527 - VALO360 - DEBUG - 自動保存已禁用，跳過配置保存
2025-09-09 17:08:22,527 - VALO360 - DEBUG - 自動保存已禁用，跳過配置保存
2025-09-09 17:08:22,527 - VALO360 - DEBUG - 自動保存已禁用，跳過配置保存
2025-09-09 17:08:22,527 - VALO360 - DEBUG - 自動保存已禁用，跳過配置保存
2025-09-09 17:08:22,527 - VALO360 - DEBUG - 自動保存已禁用，跳過配置保存
2025-09-09 17:08:22,527 - VALO360 - DEBUG - 自動保存已禁用，跳過配置保存
2025-09-09 17:08:22,527 - VALO360 - DEBUG - 自動保存已禁用，跳過配置保存
2025-09-09 17:08:22,529 - VALO360 - DEBUG - 自動保存已禁用，跳過配置保存
2025-09-09 17:08:22,529 - VALO360 - DEBUG - 自動保存已禁用，跳過配置保存
2025-09-09 17:08:22,529 - VALO360 - DEBUG - 自動保存已禁用，跳過配置保存
2025-09-09 17:08:22,529 - VALO360 - DEBUG - 自動保存已禁用，跳過配置保存
2025-09-09 17:08:22,529 - VALO360 - DEBUG - 自動保存已禁用，跳過配置保存
2025-09-09 17:08:22,529 - VALO360 - DEBUG - 自動保存已禁用，跳過配置保存
2025-09-09 17:08:22,529 - VALO360 - DEBUG - 自動保存已禁用，跳過配置保存
2025-09-09 17:08:22,529 - VALO360 - DEBUG - 自動保存已禁用，跳過配置保存
2025-09-09 17:08:22,537 - VALO360 - DEBUG - 自動保存已禁用，跳過配置保存
2025-09-09 17:08:22,537 - VALO360 - DEBUG - 自動保存已禁用，跳過配置保存
2025-09-09 17:08:22,537 - VALO360 - DEBUG - 自動保存已禁用，跳過配置保存
2025-09-09 17:08:22,538 - VALO360 - DEBUG - 自動保存已禁用，跳過配置保存
2025-09-09 17:08:22,538 - VALO360 - DEBUG - 自動保存已禁用，跳過配置保存
2025-09-09 17:08:22,538 - VALO360 - DEBUG - 自動保存已禁用，跳過配置保存
2025-09-09 17:08:22,538 - VALO360 - DEBUG - 自動保存已禁用，跳過配置保存
2025-09-09 17:08:22,538 - VALO360 - DEBUG - 自動保存已禁用，跳過配置保存
2025-09-09 17:08:22,801 - VALO360 - DEBUG - 自動保存已禁用，跳過配置保存
2025-09-09 17:08:22,801 - VALO360 - DEBUG - 自動保存已禁用，跳過配置保存
2025-09-09 17:08:22,803 - VALO360 - DEBUG - 自動保存已禁用，跳過配置保存
2025-09-09 17:08:22,805 - VALO360 - DEBUG - 自動保存已禁用，跳過配置保存
2025-09-09 17:08:22,836 - VALO360 - DEBUG - 找到 3 個COM口: ['COM5', 'COM6', 'COM3']
2025-09-09 17:08:26,413 - VALO360 - DEBUG - 自動保存已禁用，跳過配置保存
2025-09-09 17:08:26,413 - VALO360 - DEBUG - 自動保存已禁用，跳過配置保存
2025-09-09 17:08:26,413 - VALO360 - DEBUG - 自動保存已禁用，跳過配置保存
2025-09-09 17:08:26,413 - VALO360 - DEBUG - 自動保存已禁用，跳過配置保存
2025-09-09 17:08:28,263 - VALO360 - DEBUG - 配置已備份至: backup\setup_backup_20250909_170828.json
2025-09-09 17:08:28,266 - VALO360 - DEBUG - 配置保存成功
2025-09-09 17:08:28,266 - VALO360 - DEBUG - 配置已備份至: backup\setup_backup_20250909_170828.json
2025-09-09 17:08:28,266 - VALO360 - DEBUG - 配置保存成功
2025-09-09 17:08:28,266 - VALO360 - DEBUG - 自動保存已禁用，跳過配置保存
2025-09-09 17:08:28,266 - VALO360 - INFO - 程式關閉時已保存所有待保存的設定
2025-09-09 17:08:28,266 - VALO360 - INFO - 程式正常關閉
2025-09-09 17:08:28,350 - VALO360 - INFO - 資源清理完成
2025-09-09 17:08:28,350 - VALO360 - INFO - 應用程式資源清理完成
