2026-02-04 11:16:25,751 - VALO360 - DEBUG - 找到指令檔: D:\((Python TOOL\指令工具-20250428T020034Z-001\360-command-tool\dist\Command_TABLE\command.txt
2026-02-04 11:16:25,772 - VALO360 - INFO - 成功載入 94 個指令
2026-02-04 11:16:25,779 - VALO360 - INFO - 運行日誌: main.py 啟動
2026-02-04 11:16:25,779 - VALO360 - INFO - 指令通主程式啟動
2026-02-04 11:16:25,781 - VALO360 - INFO - 運行日誌: 成功 import TabManager
2026-02-04 11:16:25,781 - VALO360 - INFO - UI模組導入成功
2026-02-04 11:16:25,781 - VALO360 - INFO - 程式啟動時檢查安全簽名...
2026-02-04 11:16:25,781 - VALO360 - INFO - 安全簽名驗證通過，開始創建GUI...
2026-02-04 11:16:25,782 - VALO360 - INFO - 日誌系統初始化完成
2026-02-04 11:16:25,782 - VALO360 - DEBUG - ConfigManager: 自動保存已禁用
2026-02-04 11:16:25,782 - VALO360 - INFO - ConfigManager自動保存已禁用
2026-02-04 11:16:25,782 - VALO360 - INFO - 未找到關鍵字高亮設定文件，使用空設定
2026-02-04 11:16:26,029 - VALO360 - DEBUG - 配置已備份至: backup\setup_backup_20260204_111626.json
2026-02-04 11:16:26,031 - VALO360 - DEBUG - 配置載入成功
2026-02-04 11:16:26,032 - VALO360 - INFO - 統一設定管理器已初始化
2026-02-04 11:16:26,066 - VALO360 - DEBUG - 自動保存已禁用，跳過配置保存
2026-02-04 11:16:26,081 - VALO360 - DEBUG - 找到 2 個COM口: ['COM4', 'COM7']
2026-02-04 11:16:26,274 - VALO360 - DEBUG - 自動保存已禁用，跳過配置保存
2026-02-04 11:16:27,276 - VALO360 - DEBUG - 找到 2 個COM口: ['COM4', 'COM7']
2026-02-04 11:16:28,293 - VALO360 - INFO - 應用程式圖示設置成功: C:\Users\PEGA_U~1\AppData\Local\Temp\_MEI21482\assets\icon.ico
2026-02-04 11:16:28,294 - VALO360 - INFO - 視窗設置完成: PEGA指令通_2.5.1 (1271x686)
2026-02-04 11:16:28,294 - VALO360 - INFO - 程式啟動時更新標籤頁名稱
2026-02-04 11:16:28,294 - VALO360 - INFO - 應用程式啟動完成，進入主循環
2026-02-04 11:16:28,299 - VALO360 - DEBUG - 找到 2 個COM口: ['COM4', 'COM7']
2026-02-04 11:16:28,300 - VALO360 - DEBUG - 自動保存已禁用，跳過配置保存
2026-02-04 11:16:28,301 - VALO360 - DEBUG - 自動保存已禁用，跳過配置保存
2026-02-04 11:16:28,301 - VALO360 - DEBUG - 自動保存已禁用，跳過配置保存
2026-02-04 11:16:28,301 - VALO360 - DEBUG - 自動保存已禁用，跳過配置保存
2026-02-04 11:16:28,345 - VALO360 - DEBUG - 自動保存已禁用，跳過配置保存
2026-02-04 11:16:28,346 - VALO360 - DEBUG - 自動保存已禁用，跳過配置保存
2026-02-04 11:16:28,346 - VALO360 - DEBUG - 自動保存已禁用，跳過配置保存
2026-02-04 11:16:28,346 - VALO360 - DEBUG - 自動保存已禁用，跳過配置保存
2026-02-04 11:16:28,355 - VALO360 - DEBUG - 自動保存已禁用，跳過配置保存
2026-02-04 11:16:28,356 - VALO360 - DEBUG - 自動保存已禁用，跳過配置保存
2026-02-04 11:16:28,356 - VALO360 - DEBUG - 自動保存已禁用，跳過配置保存
2026-02-04 11:16:28,357 - VALO360 - DEBUG - 自動保存已禁用，跳過配置保存
2026-02-04 11:16:28,357 - VALO360 - DEBUG - 自動保存已禁用，跳過配置保存
2026-02-04 11:16:28,357 - VALO360 - DEBUG - 自動保存已禁用，跳過配置保存
2026-02-04 11:16:28,359 - VALO360 - DEBUG - 自動保存已禁用，跳過配置保存
2026-02-04 11:16:28,359 - VALO360 - DEBUG - 自動保存已禁用，跳過配置保存
2026-02-04 11:16:28,359 - VALO360 - DEBUG - 自動保存已禁用，跳過配置保存
2026-02-04 11:16:28,360 - VALO360 - DEBUG - 自動保存已禁用，跳過配置保存
2026-02-04 11:16:28,361 - VALO360 - DEBUG - 自動保存已禁用，跳過配置保存
2026-02-04 11:16:28,361 - VALO360 - DEBUG - 自動保存已禁用，跳過配置保存
2026-02-04 11:16:28,362 - VALO360 - DEBUG - 自動保存已禁用，跳過配置保存
2026-02-04 11:16:28,362 - VALO360 - DEBUG - 自動保存已禁用，跳過配置保存
2026-02-04 11:16:28,362 - VALO360 - DEBUG - 自動保存已禁用，跳過配置保存
2026-02-04 11:16:28,363 - VALO360 - DEBUG - 自動保存已禁用，跳過配置保存
2026-02-04 11:16:28,364 - VALO360 - DEBUG - 自動保存已禁用，跳過配置保存
2026-02-04 11:16:28,365 - VALO360 - DEBUG - 自動保存已禁用，跳過配置保存
2026-02-04 11:16:28,365 - VALO360 - DEBUG - 自動保存已禁用，跳過配置保存
2026-02-04 11:16:28,367 - VALO360 - DEBUG - 自動保存已禁用，跳過配置保存
2026-02-04 11:16:28,368 - VALO360 - DEBUG - 自動保存已禁用，跳過配置保存
2026-02-04 11:16:28,369 - VALO360 - DEBUG - 自動保存已禁用，跳過配置保存
2026-02-04 11:16:28,370 - VALO360 - DEBUG - 自動保存已禁用，跳過配置保存
2026-02-04 11:16:28,370 - VALO360 - DEBUG - 自動保存已禁用，跳過配置保存
2026-02-04 11:16:28,370 - VALO360 - DEBUG - 自動保存已禁用，跳過配置保存
2026-02-04 11:16:28,371 - VALO360 - DEBUG - 自動保存已禁用，跳過配置保存
2026-02-04 11:16:28,371 - VALO360 - DEBUG - 自動保存已禁用，跳過配置保存
2026-02-04 11:16:28,372 - VALO360 - DEBUG - 自動保存已禁用，跳過配置保存
2026-02-04 11:16:28,372 - VALO360 - DEBUG - 自動保存已禁用，跳過配置保存
2026-02-04 11:16:28,373 - VALO360 - DEBUG - 自動保存已禁用，跳過配置保存
2026-02-04 11:16:28,375 - VALO360 - DEBUG - 自動保存已禁用，跳過配置保存
2026-02-04 11:16:28,376 - VALO360 - DEBUG - 自動保存已禁用，跳過配置保存
2026-02-04 11:16:28,377 - VALO360 - DEBUG - 自動保存已禁用，跳過配置保存
2026-02-04 11:16:28,378 - VALO360 - DEBUG - 自動保存已禁用，跳過配置保存
2026-02-04 11:16:28,378 - VALO360 - DEBUG - 自動保存已禁用，跳過配置保存
2026-02-04 11:16:28,379 - VALO360 - DEBUG - 自動保存已禁用，跳過配置保存
2026-02-04 11:16:28,379 - VALO360 - DEBUG - 自動保存已禁用，跳過配置保存
2026-02-04 11:16:28,379 - VALO360 - DEBUG - 自動保存已禁用，跳過配置保存
2026-02-04 11:16:28,379 - VALO360 - DEBUG - 自動保存已禁用，跳過配置保存
2026-02-04 11:16:28,379 - VALO360 - DEBUG - 自動保存已禁用，跳過配置保存
2026-02-04 11:16:28,381 - VALO360 - DEBUG - 自動保存已禁用，跳過配置保存
2026-02-04 11:16:28,381 - VALO360 - DEBUG - 自動保存已禁用，跳過配置保存
2026-02-04 11:16:28,381 - VALO360 - DEBUG - 自動保存已禁用，跳過配置保存
2026-02-04 11:16:28,381 - VALO360 - DEBUG - 自動保存已禁用，跳過配置保存
2026-02-04 11:16:28,384 - VALO360 - DEBUG - 自動保存已禁用，跳過配置保存
2026-02-04 11:16:28,384 - VALO360 - DEBUG - 自動保存已禁用，跳過配置保存
2026-02-04 11:16:28,385 - VALO360 - DEBUG - 自動保存已禁用，跳過配置保存
2026-02-04 11:16:28,385 - VALO360 - DEBUG - 自動保存已禁用，跳過配置保存
2026-02-04 11:16:28,387 - VALO360 - DEBUG - 自動保存已禁用，跳過配置保存
2026-02-04 11:16:28,387 - VALO360 - DEBUG - 自動保存已禁用，跳過配置保存
2026-02-04 11:16:28,387 - VALO360 - DEBUG - 自動保存已禁用，跳過配置保存
2026-02-04 11:16:28,388 - VALO360 - DEBUG - 自動保存已禁用，跳過配置保存
2026-02-04 11:16:28,391 - VALO360 - DEBUG - 自動保存已禁用，跳過配置保存
2026-02-04 11:16:28,391 - VALO360 - DEBUG - 自動保存已禁用，跳過配置保存
2026-02-04 11:16:28,392 - VALO360 - DEBUG - 自動保存已禁用，跳過配置保存
2026-02-04 11:16:28,392 - VALO360 - DEBUG - 自動保存已禁用，跳過配置保存
2026-02-04 11:16:28,396 - VALO360 - DEBUG - 自動保存已禁用，跳過配置保存
2026-02-04 11:16:28,396 - VALO360 - DEBUG - 自動保存已禁用，跳過配置保存
2026-02-04 11:16:28,396 - VALO360 - DEBUG - 自動保存已禁用，跳過配置保存
2026-02-04 11:16:28,397 - VALO360 - DEBUG - 自動保存已禁用，跳過配置保存
2026-02-04 11:16:28,399 - VALO360 - DEBUG - 自動保存已禁用，跳過配置保存
2026-02-04 11:16:28,400 - VALO360 - DEBUG - 自動保存已禁用，跳過配置保存
2026-02-04 11:16:28,400 - VALO360 - DEBUG - 自動保存已禁用，跳過配置保存
2026-02-04 11:16:28,401 - VALO360 - DEBUG - 自動保存已禁用，跳過配置保存
2026-02-04 11:16:28,401 - VALO360 - DEBUG - 自動保存已禁用，跳過配置保存
2026-02-04 11:16:28,401 - VALO360 - DEBUG - 自動保存已禁用，跳過配置保存
2026-02-04 11:16:28,401 - VALO360 - DEBUG - 自動保存已禁用，跳過配置保存
2026-02-04 11:16:28,403 - VALO360 - DEBUG - 自動保存已禁用，跳過配置保存
2026-02-04 11:16:28,403 - VALO360 - DEBUG - 自動保存已禁用，跳過配置保存
2026-02-04 11:16:28,404 - VALO360 - DEBUG - 自動保存已禁用，跳過配置保存
2026-02-04 11:16:28,404 - VALO360 - DEBUG - 自動保存已禁用，跳過配置保存
2026-02-04 11:16:28,405 - VALO360 - DEBUG - 自動保存已禁用，跳過配置保存
2026-02-04 11:16:28,407 - VALO360 - DEBUG - 自動保存已禁用，跳過配置保存
2026-02-04 11:16:28,407 - VALO360 - DEBUG - 自動保存已禁用，跳過配置保存
2026-02-04 11:16:28,407 - VALO360 - DEBUG - 自動保存已禁用，跳過配置保存
2026-02-04 11:16:28,407 - VALO360 - DEBUG - 自動保存已禁用，跳過配置保存
2026-02-04 11:16:28,413 - VALO360 - DEBUG - 自動保存已禁用，跳過配置保存
2026-02-04 11:16:28,413 - VALO360 - DEBUG - 自動保存已禁用，跳過配置保存
2026-02-04 11:16:28,414 - VALO360 - DEBUG - 自動保存已禁用，跳過配置保存
2026-02-04 11:16:28,414 - VALO360 - DEBUG - 自動保存已禁用，跳過配置保存
2026-02-04 11:16:28,415 - VALO360 - DEBUG - 自動保存已禁用，跳過配置保存
2026-02-04 11:16:28,415 - VALO360 - DEBUG - 自動保存已禁用，跳過配置保存
2026-02-04 11:16:28,415 - VALO360 - DEBUG - 自動保存已禁用，跳過配置保存
2026-02-04 11:16:28,415 - VALO360 - DEBUG - 自動保存已禁用，跳過配置保存
2026-02-04 11:16:28,417 - VALO360 - DEBUG - 自動保存已禁用，跳過配置保存
2026-02-04 11:16:28,417 - VALO360 - DEBUG - 自動保存已禁用，跳過配置保存
2026-02-04 11:16:28,417 - VALO360 - DEBUG - 自動保存已禁用，跳過配置保存
2026-02-04 11:16:28,417 - VALO360 - DEBUG - 自動保存已禁用，跳過配置保存
2026-02-04 11:16:28,418 - VALO360 - DEBUG - 自動保存已禁用，跳過配置保存
2026-02-04 11:16:28,419 - VALO360 - DEBUG - 自動保存已禁用，跳過配置保存
2026-02-04 11:16:28,420 - VALO360 - DEBUG - 自動保存已禁用，跳過配置保存
2026-02-04 11:16:28,420 - VALO360 - DEBUG - 自動保存已禁用，跳過配置保存
2026-02-04 11:16:28,420 - VALO360 - DEBUG - 自動保存已禁用，跳過配置保存
2026-02-04 11:16:28,420 - VALO360 - DEBUG - 自動保存已禁用，跳過配置保存
2026-02-04 11:16:28,420 - VALO360 - DEBUG - 自動保存已禁用，跳過配置保存
2026-02-04 11:16:28,422 - VALO360 - DEBUG - 自動保存已禁用，跳過配置保存
2026-02-04 11:16:28,422 - VALO360 - DEBUG - 自動保存已禁用，跳過配置保存
2026-02-04 11:16:28,422 - VALO360 - DEBUG - 自動保存已禁用，跳過配置保存
2026-02-04 11:16:28,422 - VALO360 - DEBUG - 自動保存已禁用，跳過配置保存
2026-02-04 11:16:28,424 - VALO360 - DEBUG - 自動保存已禁用，跳過配置保存
2026-02-04 11:16:28,426 - VALO360 - DEBUG - 自動保存已禁用，跳過配置保存
2026-02-04 11:16:28,426 - VALO360 - DEBUG - 自動保存已禁用，跳過配置保存
2026-02-04 11:16:28,427 - VALO360 - DEBUG - 自動保存已禁用，跳過配置保存
2026-02-04 11:16:28,427 - VALO360 - DEBUG - 自動保存已禁用，跳過配置保存
2026-02-04 11:16:28,428 - VALO360 - DEBUG - 自動保存已禁用，跳過配置保存
2026-02-04 11:16:28,429 - VALO360 - DEBUG - 自動保存已禁用，跳過配置保存
2026-02-04 11:16:28,429 - VALO360 - DEBUG - 自動保存已禁用，跳過配置保存
2026-02-04 11:16:28,429 - VALO360 - DEBUG - 自動保存已禁用，跳過配置保存
2026-02-04 11:16:28,429 - VALO360 - DEBUG - 自動保存已禁用，跳過配置保存
2026-02-04 11:16:28,431 - VALO360 - DEBUG - 自動保存已禁用，跳過配置保存
2026-02-04 11:16:28,431 - VALO360 - DEBUG - 自動保存已禁用，跳過配置保存
2026-02-04 11:16:28,431 - VALO360 - DEBUG - 自動保存已禁用，跳過配置保存
2026-02-04 11:16:28,432 - VALO360 - DEBUG - 自動保存已禁用，跳過配置保存
2026-02-04 11:16:28,432 - VALO360 - DEBUG - 自動保存已禁用，跳過配置保存
2026-02-04 11:16:28,432 - VALO360 - DEBUG - 自動保存已禁用，跳過配置保存
2026-02-04 11:16:28,432 - VALO360 - DEBUG - 自動保存已禁用，跳過配置保存
2026-02-04 11:16:28,434 - VALO360 - DEBUG - 自動保存已禁用，跳過配置保存
2026-02-04 11:16:28,434 - VALO360 - DEBUG - 自動保存已禁用，跳過配置保存
2026-02-04 11:16:28,435 - VALO360 - DEBUG - 自動保存已禁用，跳過配置保存
2026-02-04 11:16:28,435 - VALO360 - DEBUG - 自動保存已禁用，跳過配置保存
2026-02-04 11:16:28,435 - VALO360 - DEBUG - 自動保存已禁用，跳過配置保存
2026-02-04 11:16:28,437 - VALO360 - DEBUG - 自動保存已禁用，跳過配置保存
2026-02-04 11:16:28,437 - VALO360 - DEBUG - 自動保存已禁用，跳過配置保存
2026-02-04 11:16:28,437 - VALO360 - DEBUG - 自動保存已禁用，跳過配置保存
2026-02-04 11:16:28,438 - VALO360 - DEBUG - 自動保存已禁用，跳過配置保存
2026-02-04 11:16:28,438 - VALO360 - DEBUG - 自動保存已禁用，跳過配置保存
2026-02-04 11:16:28,438 - VALO360 - DEBUG - 自動保存已禁用，跳過配置保存
2026-02-04 11:16:28,438 - VALO360 - DEBUG - 自動保存已禁用，跳過配置保存
2026-02-04 11:16:28,440 - VALO360 - DEBUG - 自動保存已禁用，跳過配置保存
2026-02-04 11:16:28,440 - VALO360 - DEBUG - 自動保存已禁用，跳過配置保存
2026-02-04 11:16:28,441 - VALO360 - DEBUG - 自動保存已禁用，跳過配置保存
2026-02-04 11:16:28,441 - VALO360 - DEBUG - 自動保存已禁用，跳過配置保存
2026-02-04 11:16:28,443 - VALO360 - DEBUG - 自動保存已禁用，跳過配置保存
2026-02-04 11:16:28,443 - VALO360 - DEBUG - 自動保存已禁用，跳過配置保存
2026-02-04 11:16:28,443 - VALO360 - DEBUG - 自動保存已禁用，跳過配置保存
2026-02-04 11:16:28,443 - VALO360 - DEBUG - 自動保存已禁用，跳過配置保存
2026-02-04 11:16:28,445 - VALO360 - DEBUG - 自動保存已禁用，跳過配置保存
2026-02-04 11:16:28,446 - VALO360 - DEBUG - 自動保存已禁用，跳過配置保存
2026-02-04 11:16:28,446 - VALO360 - DEBUG - 自動保存已禁用，跳過配置保存
2026-02-04 11:16:28,446 - VALO360 - DEBUG - 自動保存已禁用，跳過配置保存
2026-02-04 11:16:28,447 - VALO360 - DEBUG - 自動保存已禁用，跳過配置保存
2026-02-04 11:16:28,447 - VALO360 - DEBUG - 自動保存已禁用，跳過配置保存
2026-02-04 11:16:28,447 - VALO360 - DEBUG - 自動保存已禁用，跳過配置保存
2026-02-04 11:16:28,447 - VALO360 - DEBUG - 自動保存已禁用，跳過配置保存
2026-02-04 11:16:28,449 - VALO360 - DEBUG - 自動保存已禁用，跳過配置保存
2026-02-04 11:16:28,449 - VALO360 - DEBUG - 自動保存已禁用，跳過配置保存
2026-02-04 11:16:28,449 - VALO360 - DEBUG - 自動保存已禁用，跳過配置保存
2026-02-04 11:16:28,449 - VALO360 - DEBUG - 自動保存已禁用，跳過配置保存
2026-02-04 11:16:28,449 - VALO360 - DEBUG - 自動保存已禁用，跳過配置保存
2026-02-04 11:16:28,451 - VALO360 - DEBUG - 自動保存已禁用，跳過配置保存
2026-02-04 11:16:28,451 - VALO360 - DEBUG - 自動保存已禁用，跳過配置保存
2026-02-04 11:16:28,451 - VALO360 - DEBUG - 自動保存已禁用，跳過配置保存
2026-02-04 11:16:28,451 - VALO360 - DEBUG - 自動保存已禁用，跳過配置保存
2026-02-04 11:16:28,451 - VALO360 - DEBUG - 自動保存已禁用，跳過配置保存
2026-02-04 11:16:28,451 - VALO360 - DEBUG - 自動保存已禁用，跳過配置保存
2026-02-04 11:16:28,453 - VALO360 - DEBUG - 自動保存已禁用，跳過配置保存
2026-02-04 11:16:28,453 - VALO360 - DEBUG - 自動保存已禁用，跳過配置保存
2026-02-04 11:16:28,453 - VALO360 - DEBUG - 自動保存已禁用，跳過配置保存
2026-02-04 11:16:28,455 - VALO360 - DEBUG - 自動保存已禁用，跳過配置保存
2026-02-04 11:16:28,455 - VALO360 - DEBUG - 自動保存已禁用，跳過配置保存
2026-02-04 11:16:28,455 - VALO360 - DEBUG - 自動保存已禁用，跳過配置保存
2026-02-04 11:16:28,456 - VALO360 - DEBUG - 自動保存已禁用，跳過配置保存
2026-02-04 11:16:28,456 - VALO360 - DEBUG - 自動保存已禁用，跳過配置保存
2026-02-04 11:16:28,457 - VALO360 - DEBUG - 自動保存已禁用，跳過配置保存
2026-02-04 11:16:28,457 - VALO360 - DEBUG - 自動保存已禁用，跳過配置保存
2026-02-04 11:16:28,457 - VALO360 - DEBUG - 自動保存已禁用，跳過配置保存
2026-02-04 11:16:28,457 - VALO360 - DEBUG - 自動保存已禁用，跳過配置保存
2026-02-04 11:16:28,457 - VALO360 - DEBUG - 自動保存已禁用，跳過配置保存
2026-02-04 11:16:28,461 - VALO360 - DEBUG - 自動保存已禁用，跳過配置保存
2026-02-04 11:16:28,461 - VALO360 - DEBUG - 自動保存已禁用，跳過配置保存
2026-02-04 11:16:28,461 - VALO360 - DEBUG - 自動保存已禁用，跳過配置保存
2026-02-04 11:16:28,462 - VALO360 - DEBUG - 自動保存已禁用，跳過配置保存
2026-02-04 11:16:28,463 - VALO360 - DEBUG - 自動保存已禁用，跳過配置保存
2026-02-04 11:16:28,463 - VALO360 - DEBUG - 自動保存已禁用，跳過配置保存
2026-02-04 11:16:28,463 - VALO360 - DEBUG - 自動保存已禁用，跳過配置保存
2026-02-04 11:16:28,463 - VALO360 - DEBUG - 自動保存已禁用，跳過配置保存
2026-02-04 11:16:28,465 - VALO360 - DEBUG - 自動保存已禁用，跳過配置保存
2026-02-04 11:16:28,465 - VALO360 - DEBUG - 自動保存已禁用，跳過配置保存
2026-02-04 11:16:28,465 - VALO360 - DEBUG - 自動保存已禁用，跳過配置保存
2026-02-04 11:16:28,465 - VALO360 - DEBUG - 自動保存已禁用，跳過配置保存
2026-02-04 11:16:28,467 - VALO360 - DEBUG - 自動保存已禁用，跳過配置保存
2026-02-04 11:16:28,467 - VALO360 - DEBUG - 自動保存已禁用，跳過配置保存
2026-02-04 11:16:28,467 - VALO360 - DEBUG - 自動保存已禁用，跳過配置保存
2026-02-04 11:16:28,467 - VALO360 - DEBUG - 自動保存已禁用，跳過配置保存
2026-02-04 11:16:28,468 - VALO360 - DEBUG - 自動保存已禁用，跳過配置保存
2026-02-04 11:16:28,468 - VALO360 - DEBUG - 自動保存已禁用，跳過配置保存
2026-02-04 11:16:28,469 - VALO360 - DEBUG - 自動保存已禁用，跳過配置保存
2026-02-04 11:16:28,469 - VALO360 - DEBUG - 自動保存已禁用，跳過配置保存
2026-02-04 11:16:28,470 - VALO360 - DEBUG - 自動保存已禁用，跳過配置保存
2026-02-04 11:16:28,470 - VALO360 - DEBUG - 自動保存已禁用，跳過配置保存
2026-02-04 11:16:28,470 - VALO360 - DEBUG - 自動保存已禁用，跳過配置保存
2026-02-04 11:16:28,470 - VALO360 - DEBUG - 自動保存已禁用，跳過配置保存
2026-02-04 11:16:28,472 - VALO360 - DEBUG - 自動保存已禁用，跳過配置保存
2026-02-04 11:16:28,472 - VALO360 - DEBUG - 自動保存已禁用，跳過配置保存
2026-02-04 11:16:28,472 - VALO360 - DEBUG - 自動保存已禁用，跳過配置保存
2026-02-04 11:16:28,472 - VALO360 - DEBUG - 自動保存已禁用，跳過配置保存
2026-02-04 11:16:28,475 - VALO360 - DEBUG - 自動保存已禁用，跳過配置保存
2026-02-04 11:16:28,475 - VALO360 - DEBUG - 自動保存已禁用，跳過配置保存
2026-02-04 11:16:28,476 - VALO360 - DEBUG - 自動保存已禁用，跳過配置保存
2026-02-04 11:16:28,476 - VALO360 - DEBUG - 自動保存已禁用，跳過配置保存
2026-02-04 11:16:28,479 - VALO360 - DEBUG - 自動保存已禁用，跳過配置保存
2026-02-04 11:16:28,481 - VALO360 - DEBUG - 自動保存已禁用，跳過配置保存
2026-02-04 11:16:28,481 - VALO360 - DEBUG - 自動保存已禁用，跳過配置保存
2026-02-04 11:16:28,481 - VALO360 - DEBUG - 自動保存已禁用，跳過配置保存
2026-02-04 11:16:28,482 - VALO360 - DEBUG - 自動保存已禁用，跳過配置保存
2026-02-04 11:16:28,482 - VALO360 - DEBUG - 自動保存已禁用，跳過配置保存
2026-02-04 11:16:28,482 - VALO360 - DEBUG - 自動保存已禁用，跳過配置保存
2026-02-04 11:16:28,482 - VALO360 - DEBUG - 自動保存已禁用，跳過配置保存
2026-02-04 11:16:28,484 - VALO360 - DEBUG - 自動保存已禁用，跳過配置保存
2026-02-04 11:16:28,484 - VALO360 - DEBUG - 自動保存已禁用，跳過配置保存
2026-02-04 11:16:28,484 - VALO360 - DEBUG - 自動保存已禁用，跳過配置保存
2026-02-04 11:16:28,484 - VALO360 - DEBUG - 自動保存已禁用，跳過配置保存
2026-02-04 11:16:28,485 - VALO360 - DEBUG - 自動保存已禁用，跳過配置保存
2026-02-04 11:16:28,485 - VALO360 - DEBUG - 自動保存已禁用，跳過配置保存
2026-02-04 11:16:28,485 - VALO360 - DEBUG - 自動保存已禁用，跳過配置保存
2026-02-04 11:16:28,487 - VALO360 - DEBUG - 自動保存已禁用，跳過配置保存
2026-02-04 11:16:28,488 - VALO360 - DEBUG - 自動保存已禁用，跳過配置保存
2026-02-04 11:16:28,488 - VALO360 - DEBUG - 自動保存已禁用，跳過配置保存
2026-02-04 11:16:28,488 - VALO360 - DEBUG - 自動保存已禁用，跳過配置保存
2026-02-04 11:16:28,488 - VALO360 - DEBUG - 自動保存已禁用，跳過配置保存
2026-02-04 11:16:28,489 - VALO360 - DEBUG - 自動保存已禁用，跳過配置保存
2026-02-04 11:16:28,490 - VALO360 - DEBUG - 自動保存已禁用，跳過配置保存
2026-02-04 11:16:28,491 - VALO360 - DEBUG - 自動保存已禁用，跳過配置保存
2026-02-04 11:16:28,491 - VALO360 - DEBUG - 自動保存已禁用，跳過配置保存
2026-02-04 11:16:28,493 - VALO360 - DEBUG - 自動保存已禁用，跳過配置保存
2026-02-04 11:16:28,493 - VALO360 - DEBUG - 自動保存已禁用，跳過配置保存
2026-02-04 11:16:28,493 - VALO360 - DEBUG - 自動保存已禁用，跳過配置保存
2026-02-04 11:16:28,494 - VALO360 - DEBUG - 自動保存已禁用，跳過配置保存
2026-02-04 11:16:28,495 - VALO360 - DEBUG - 自動保存已禁用，跳過配置保存
2026-02-04 11:16:28,496 - VALO360 - DEBUG - 自動保存已禁用，跳過配置保存
2026-02-04 11:16:28,496 - VALO360 - DEBUG - 自動保存已禁用，跳過配置保存
2026-02-04 11:16:28,496 - VALO360 - DEBUG - 自動保存已禁用，跳過配置保存
2026-02-04 11:16:28,512 - VALO360 - DEBUG - 自動保存已禁用，跳過配置保存
2026-02-04 11:16:28,512 - VALO360 - DEBUG - 自動保存已禁用，跳過配置保存
2026-02-04 11:16:28,512 - VALO360 - DEBUG - 自動保存已禁用，跳過配置保存
2026-02-04 11:16:28,512 - VALO360 - DEBUG - 自動保存已禁用，跳過配置保存
2026-02-04 11:16:28,514 - VALO360 - DEBUG - 自動保存已禁用，跳過配置保存
2026-02-04 11:16:28,514 - VALO360 - DEBUG - 自動保存已禁用，跳過配置保存
2026-02-04 11:16:28,514 - VALO360 - DEBUG - 自動保存已禁用，跳過配置保存
2026-02-04 11:16:28,514 - VALO360 - DEBUG - 自動保存已禁用，跳過配置保存
2026-02-04 11:16:28,515 - VALO360 - DEBUG - 自動保存已禁用，跳過配置保存
2026-02-04 11:16:28,516 - VALO360 - DEBUG - 自動保存已禁用，跳過配置保存
2026-02-04 11:16:28,516 - VALO360 - DEBUG - 自動保存已禁用，跳過配置保存
2026-02-04 11:16:28,516 - VALO360 - DEBUG - 自動保存已禁用，跳過配置保存
2026-02-04 11:16:28,516 - VALO360 - DEBUG - 自動保存已禁用，跳過配置保存
2026-02-04 11:16:28,518 - VALO360 - DEBUG - 自動保存已禁用，跳過配置保存
2026-02-04 11:16:28,518 - VALO360 - DEBUG - 自動保存已禁用，跳過配置保存
2026-02-04 11:16:28,519 - VALO360 - DEBUG - 自動保存已禁用，跳過配置保存
2026-02-04 11:16:28,520 - VALO360 - DEBUG - 自動保存已禁用，跳過配置保存
2026-02-04 11:16:28,520 - VALO360 - DEBUG - 自動保存已禁用，跳過配置保存
2026-02-04 11:16:28,520 - VALO360 - DEBUG - 自動保存已禁用，跳過配置保存
2026-02-04 11:16:28,520 - VALO360 - DEBUG - 自動保存已禁用，跳過配置保存
2026-02-04 11:16:28,522 - VALO360 - DEBUG - 自動保存已禁用，跳過配置保存
2026-02-04 11:16:28,522 - VALO360 - DEBUG - 自動保存已禁用，跳過配置保存
2026-02-04 11:16:28,522 - VALO360 - DEBUG - 自動保存已禁用，跳過配置保存
2026-02-04 11:16:28,522 - VALO360 - DEBUG - 自動保存已禁用，跳過配置保存
2026-02-04 11:16:28,522 - VALO360 - DEBUG - 自動保存已禁用，跳過配置保存
2026-02-04 11:16:28,525 - VALO360 - DEBUG - 自動保存已禁用，跳過配置保存
2026-02-04 11:16:28,525 - VALO360 - DEBUG - 自動保存已禁用，跳過配置保存
2026-02-04 11:16:28,526 - VALO360 - DEBUG - 自動保存已禁用，跳過配置保存
2026-02-04 11:16:28,527 - VALO360 - DEBUG - 自動保存已禁用，跳過配置保存
2026-02-04 11:16:28,527 - VALO360 - DEBUG - 自動保存已禁用，跳過配置保存
2026-02-04 11:16:28,528 - VALO360 - DEBUG - 自動保存已禁用，跳過配置保存
2026-02-04 11:16:28,528 - VALO360 - DEBUG - 自動保存已禁用，跳過配置保存
2026-02-04 11:16:28,529 - VALO360 - DEBUG - 自動保存已禁用，跳過配置保存
2026-02-04 11:16:28,529 - VALO360 - DEBUG - 自動保存已禁用，跳過配置保存
2026-02-04 11:16:28,529 - VALO360 - DEBUG - 自動保存已禁用，跳過配置保存
2026-02-04 11:16:28,529 - VALO360 - DEBUG - 自動保存已禁用，跳過配置保存
2026-02-04 11:16:28,531 - VALO360 - DEBUG - 自動保存已禁用，跳過配置保存
2026-02-04 11:16:28,531 - VALO360 - DEBUG - 自動保存已禁用，跳過配置保存
2026-02-04 11:16:28,531 - VALO360 - DEBUG - 自動保存已禁用，跳過配置保存
2026-02-04 11:16:28,531 - VALO360 - DEBUG - 自動保存已禁用，跳過配置保存
2026-02-04 11:16:28,531 - VALO360 - DEBUG - 自動保存已禁用，跳過配置保存
2026-02-04 11:16:28,531 - VALO360 - DEBUG - 自動保存已禁用，跳過配置保存
2026-02-04 11:16:28,531 - VALO360 - DEBUG - 自動保存已禁用，跳過配置保存
2026-02-04 11:16:28,534 - VALO360 - DEBUG - 自動保存已禁用，跳過配置保存
2026-02-04 11:16:28,535 - VALO360 - DEBUG - 自動保存已禁用，跳過配置保存
2026-02-04 11:16:28,535 - VALO360 - DEBUG - 自動保存已禁用，跳過配置保存
2026-02-04 11:16:28,535 - VALO360 - DEBUG - 自動保存已禁用，跳過配置保存
2026-02-04 11:16:28,535 - VALO360 - DEBUG - 自動保存已禁用，跳過配置保存
2026-02-04 11:16:28,537 - VALO360 - DEBUG - 自動保存已禁用，跳過配置保存
2026-02-04 11:16:28,537 - VALO360 - DEBUG - 自動保存已禁用，跳過配置保存
2026-02-04 11:16:28,537 - VALO360 - DEBUG - 自動保存已禁用，跳過配置保存
2026-02-04 11:16:28,538 - VALO360 - DEBUG - 自動保存已禁用，跳過配置保存
2026-02-04 11:16:28,538 - VALO360 - DEBUG - 自動保存已禁用，跳過配置保存
2026-02-04 11:16:28,538 - VALO360 - DEBUG - 自動保存已禁用，跳過配置保存
2026-02-04 11:16:28,539 - VALO360 - DEBUG - 自動保存已禁用，跳過配置保存
2026-02-04 11:16:28,539 - VALO360 - DEBUG - 自動保存已禁用，跳過配置保存
2026-02-04 11:16:28,541 - VALO360 - DEBUG - 自動保存已禁用，跳過配置保存
2026-02-04 11:16:28,542 - VALO360 - DEBUG - 自動保存已禁用，跳過配置保存
2026-02-04 11:16:28,542 - VALO360 - DEBUG - 自動保存已禁用，跳過配置保存
2026-02-04 11:16:28,542 - VALO360 - DEBUG - 自動保存已禁用，跳過配置保存
2026-02-04 11:16:28,543 - VALO360 - DEBUG - 自動保存已禁用，跳過配置保存
2026-02-04 11:16:28,543 - VALO360 - DEBUG - 自動保存已禁用，跳過配置保存
2026-02-04 11:16:28,545 - VALO360 - DEBUG - 自動保存已禁用，跳過配置保存
2026-02-04 11:16:28,545 - VALO360 - DEBUG - 自動保存已禁用，跳過配置保存
2026-02-04 11:16:28,546 - VALO360 - DEBUG - 自動保存已禁用，跳過配置保存
2026-02-04 11:16:28,546 - VALO360 - DEBUG - 自動保存已禁用，跳過配置保存
2026-02-04 11:16:28,546 - VALO360 - DEBUG - 自動保存已禁用，跳過配置保存
2026-02-04 11:16:28,547 - VALO360 - DEBUG - 自動保存已禁用，跳過配置保存
2026-02-04 11:16:28,547 - VALO360 - DEBUG - 自動保存已禁用，跳過配置保存
2026-02-04 11:16:28,547 - VALO360 - DEBUG - 自動保存已禁用，跳過配置保存
2026-02-04 11:16:28,547 - VALO360 - DEBUG - 自動保存已禁用，跳過配置保存
2026-02-04 11:16:28,549 - VALO360 - DEBUG - 自動保存已禁用，跳過配置保存
2026-02-04 11:16:28,549 - VALO360 - DEBUG - 自動保存已禁用，跳過配置保存
2026-02-04 11:16:28,549 - VALO360 - DEBUG - 自動保存已禁用，跳過配置保存
2026-02-04 11:16:28,549 - VALO360 - DEBUG - 自動保存已禁用，跳過配置保存
2026-02-04 11:16:28,549 - VALO360 - DEBUG - 自動保存已禁用，跳過配置保存
2026-02-04 11:16:28,555 - VALO360 - DEBUG - 自動保存已禁用，跳過配置保存
2026-02-04 11:16:28,555 - VALO360 - DEBUG - 自動保存已禁用，跳過配置保存
2026-02-04 11:16:28,555 - VALO360 - DEBUG - 自動保存已禁用，跳過配置保存
2026-02-04 11:16:28,556 - VALO360 - DEBUG - 自動保存已禁用，跳過配置保存
2026-02-04 11:16:28,557 - VALO360 - DEBUG - 自動保存已禁用，跳過配置保存
2026-02-04 11:16:28,557 - VALO360 - DEBUG - 自動保存已禁用，跳過配置保存
2026-02-04 11:16:28,557 - VALO360 - DEBUG - 自動保存已禁用，跳過配置保存
2026-02-04 11:16:28,557 - VALO360 - DEBUG - 自動保存已禁用，跳過配置保存
2026-02-04 11:16:28,560 - VALO360 - DEBUG - 自動保存已禁用，跳過配置保存
2026-02-04 11:16:28,561 - VALO360 - DEBUG - 自動保存已禁用，跳過配置保存
2026-02-04 11:16:28,561 - VALO360 - DEBUG - 自動保存已禁用，跳過配置保存
2026-02-04 11:16:28,562 - VALO360 - DEBUG - 自動保存已禁用，跳過配置保存
2026-02-04 11:16:28,563 - VALO360 - DEBUG - 自動保存已禁用，跳過配置保存
2026-02-04 11:16:28,563 - VALO360 - DEBUG - 自動保存已禁用，跳過配置保存
2026-02-04 11:16:28,563 - VALO360 - DEBUG - 自動保存已禁用，跳過配置保存
2026-02-04 11:16:28,564 - VALO360 - DEBUG - 自動保存已禁用，跳過配置保存
2026-02-04 11:16:28,564 - VALO360 - DEBUG - 自動保存已禁用，跳過配置保存
2026-02-04 11:16:28,565 - VALO360 - DEBUG - 自動保存已禁用，跳過配置保存
2026-02-04 11:16:28,565 - VALO360 - DEBUG - 自動保存已禁用，跳過配置保存
2026-02-04 11:16:28,565 - VALO360 - DEBUG - 自動保存已禁用，跳過配置保存
2026-02-04 11:16:28,565 - VALO360 - DEBUG - 自動保存已禁用，跳過配置保存
2026-02-04 11:16:28,567 - VALO360 - DEBUG - 自動保存已禁用，跳過配置保存
2026-02-04 11:16:28,567 - VALO360 - DEBUG - 自動保存已禁用，跳過配置保存
2026-02-04 11:16:28,567 - VALO360 - DEBUG - 自動保存已禁用，跳過配置保存
2026-02-04 11:16:28,567 - VALO360 - DEBUG - 自動保存已禁用，跳過配置保存
2026-02-04 11:16:28,567 - VALO360 - DEBUG - 自動保存已禁用，跳過配置保存
2026-02-04 11:16:28,569 - VALO360 - DEBUG - 自動保存已禁用，跳過配置保存
2026-02-04 11:16:28,569 - VALO360 - DEBUG - 自動保存已禁用，跳過配置保存
2026-02-04 11:16:28,570 - VALO360 - DEBUG - 自動保存已禁用，跳過配置保存
2026-02-04 11:16:28,570 - VALO360 - DEBUG - 自動保存已禁用，跳過配置保存
2026-02-04 11:16:28,570 - VALO360 - DEBUG - 自動保存已禁用，跳過配置保存
2026-02-04 11:16:28,570 - VALO360 - DEBUG - 自動保存已禁用，跳過配置保存
2026-02-04 11:16:28,572 - VALO360 - DEBUG - 自動保存已禁用，跳過配置保存
2026-02-04 11:16:28,572 - VALO360 - DEBUG - 自動保存已禁用，跳過配置保存
2026-02-04 11:16:28,572 - VALO360 - DEBUG - 自動保存已禁用，跳過配置保存
2026-02-04 11:16:28,572 - VALO360 - DEBUG - 自動保存已禁用，跳過配置保存
2026-02-04 11:16:28,574 - VALO360 - DEBUG - 自動保存已禁用，跳過配置保存
2026-02-04 11:16:28,575 - VALO360 - DEBUG - 自動保存已禁用，跳過配置保存
2026-02-04 11:16:28,576 - VALO360 - DEBUG - 自動保存已禁用，跳過配置保存
2026-02-04 11:16:28,576 - VALO360 - DEBUG - 自動保存已禁用，跳過配置保存
2026-02-04 11:16:28,578 - VALO360 - DEBUG - 自動保存已禁用，跳過配置保存
2026-02-04 11:16:28,579 - VALO360 - DEBUG - 自動保存已禁用，跳過配置保存
2026-02-04 11:16:28,579 - VALO360 - DEBUG - 自動保存已禁用，跳過配置保存
2026-02-04 11:16:28,579 - VALO360 - DEBUG - 自動保存已禁用，跳過配置保存
2026-02-04 11:16:28,581 - VALO360 - DEBUG - 自動保存已禁用，跳過配置保存
2026-02-04 11:16:28,581 - VALO360 - DEBUG - 自動保存已禁用，跳過配置保存
2026-02-04 11:16:28,581 - VALO360 - DEBUG - 自動保存已禁用，跳過配置保存
2026-02-04 11:16:28,582 - VALO360 - DEBUG - 自動保存已禁用，跳過配置保存
2026-02-04 11:16:28,582 - VALO360 - DEBUG - 自動保存已禁用，跳過配置保存
2026-02-04 11:16:28,582 - VALO360 - DEBUG - 自動保存已禁用，跳過配置保存
2026-02-04 11:16:28,582 - VALO360 - DEBUG - 自動保存已禁用，跳過配置保存
2026-02-04 11:16:28,582 - VALO360 - DEBUG - 自動保存已禁用，跳過配置保存
2026-02-04 11:16:28,584 - VALO360 - DEBUG - 自動保存已禁用，跳過配置保存
2026-02-04 11:16:28,585 - VALO360 - DEBUG - 自動保存已禁用，跳過配置保存
2026-02-04 11:16:28,585 - VALO360 - DEBUG - 自動保存已禁用，跳過配置保存
2026-02-04 11:16:28,585 - VALO360 - DEBUG - 自動保存已禁用，跳過配置保存
2026-02-04 11:16:28,587 - VALO360 - DEBUG - 自動保存已禁用，跳過配置保存
2026-02-04 11:16:28,587 - VALO360 - DEBUG - 自動保存已禁用，跳過配置保存
2026-02-04 11:16:28,587 - VALO360 - DEBUG - 自動保存已禁用，跳過配置保存
2026-02-04 11:16:28,587 - VALO360 - DEBUG - 自動保存已禁用，跳過配置保存
2026-02-04 11:16:28,588 - VALO360 - DEBUG - 自動保存已禁用，跳過配置保存
2026-02-04 11:16:28,588 - VALO360 - DEBUG - 自動保存已禁用，跳過配置保存
2026-02-04 11:16:28,589 - VALO360 - DEBUG - 自動保存已禁用，跳過配置保存
2026-02-04 11:16:28,589 - VALO360 - DEBUG - 自動保存已禁用，跳過配置保存
2026-02-04 11:16:28,591 - VALO360 - DEBUG - 自動保存已禁用，跳過配置保存
2026-02-04 11:16:28,591 - VALO360 - DEBUG - 自動保存已禁用，跳過配置保存
2026-02-04 11:16:28,591 - VALO360 - DEBUG - 自動保存已禁用，跳過配置保存
2026-02-04 11:16:28,592 - VALO360 - DEBUG - 自動保存已禁用，跳過配置保存
2026-02-04 11:16:28,593 - VALO360 - DEBUG - 自動保存已禁用，跳過配置保存
2026-02-04 11:16:28,593 - VALO360 - DEBUG - 自動保存已禁用，跳過配置保存
2026-02-04 11:16:28,593 - VALO360 - DEBUG - 自動保存已禁用，跳過配置保存
2026-02-04 11:16:28,595 - VALO360 - DEBUG - 自動保存已禁用，跳過配置保存
2026-02-04 11:16:28,596 - VALO360 - DEBUG - 自動保存已禁用，跳過配置保存
2026-02-04 11:16:28,596 - VALO360 - DEBUG - 自動保存已禁用，跳過配置保存
2026-02-04 11:16:28,596 - VALO360 - DEBUG - 自動保存已禁用，跳過配置保存
2026-02-04 11:16:28,596 - VALO360 - DEBUG - 自動保存已禁用，跳過配置保存
2026-02-04 11:16:28,599 - VALO360 - DEBUG - 自動保存已禁用，跳過配置保存
2026-02-04 11:16:28,599 - VALO360 - DEBUG - 自動保存已禁用，跳過配置保存
2026-02-04 11:16:28,599 - VALO360 - DEBUG - 自動保存已禁用，跳過配置保存
2026-02-04 11:16:28,599 - VALO360 - DEBUG - 自動保存已禁用，跳過配置保存
2026-02-04 11:16:28,601 - VALO360 - DEBUG - 自動保存已禁用，跳過配置保存
2026-02-04 11:16:28,601 - VALO360 - DEBUG - 自動保存已禁用，跳過配置保存
2026-02-04 11:16:28,601 - VALO360 - DEBUG - 自動保存已禁用，跳過配置保存
2026-02-04 11:16:28,602 - VALO360 - DEBUG - 自動保存已禁用，跳過配置保存
2026-02-04 11:16:28,603 - VALO360 - DEBUG - 自動保存已禁用，跳過配置保存
2026-02-04 11:16:28,603 - VALO360 - DEBUG - 自動保存已禁用，跳過配置保存
2026-02-04 11:16:28,603 - VALO360 - DEBUG - 自動保存已禁用，跳過配置保存
2026-02-04 11:16:28,604 - VALO360 - DEBUG - 自動保存已禁用，跳過配置保存
2026-02-04 11:16:28,605 - VALO360 - DEBUG - 自動保存已禁用，跳過配置保存
2026-02-04 11:16:28,605 - VALO360 - DEBUG - 自動保存已禁用，跳過配置保存
2026-02-04 11:16:28,605 - VALO360 - DEBUG - 自動保存已禁用，跳過配置保存
2026-02-04 11:16:28,606 - VALO360 - DEBUG - 自動保存已禁用，跳過配置保存
2026-02-04 11:16:28,615 - VALO360 - DEBUG - 自動保存已禁用，跳過配置保存
2026-02-04 11:16:28,615 - VALO360 - DEBUG - 自動保存已禁用，跳過配置保存
2026-02-04 11:16:28,615 - VALO360 - DEBUG - 自動保存已禁用，跳過配置保存
2026-02-04 11:16:28,615 - VALO360 - DEBUG - 自動保存已禁用，跳過配置保存
2026-02-04 11:16:28,616 - VALO360 - DEBUG - 自動保存已禁用，跳過配置保存
2026-02-04 11:16:28,616 - VALO360 - DEBUG - 自動保存已禁用，跳過配置保存
2026-02-04 11:16:28,616 - VALO360 - DEBUG - 自動保存已禁用，跳過配置保存
2026-02-04 11:16:28,616 - VALO360 - DEBUG - 自動保存已禁用，跳過配置保存
2026-02-04 11:16:28,616 - VALO360 - DEBUG - 自動保存已禁用，跳過配置保存
2026-02-04 11:16:28,619 - VALO360 - DEBUG - 自動保存已禁用，跳過配置保存
2026-02-04 11:16:28,619 - VALO360 - DEBUG - 自動保存已禁用，跳過配置保存
2026-02-04 11:16:28,620 - VALO360 - DEBUG - 自動保存已禁用，跳過配置保存
2026-02-04 11:16:28,621 - VALO360 - DEBUG - 自動保存已禁用，跳過配置保存
2026-02-04 11:16:28,621 - VALO360 - DEBUG - 自動保存已禁用，跳過配置保存
2026-02-04 11:16:28,621 - VALO360 - DEBUG - 自動保存已禁用，跳過配置保存
2026-02-04 11:16:28,622 - VALO360 - DEBUG - 自動保存已禁用，跳過配置保存
2026-02-04 11:16:28,622 - VALO360 - DEBUG - 自動保存已禁用，跳過配置保存
2026-02-04 11:16:28,625 - VALO360 - DEBUG - 自動保存已禁用，跳過配置保存
2026-02-04 11:16:28,625 - VALO360 - DEBUG - 自動保存已禁用，跳過配置保存
2026-02-04 11:16:28,625 - VALO360 - DEBUG - 自動保存已禁用，跳過配置保存
2026-02-04 11:16:28,626 - VALO360 - DEBUG - 自動保存已禁用，跳過配置保存
2026-02-04 11:16:28,626 - VALO360 - DEBUG - 自動保存已禁用，跳過配置保存
2026-02-04 11:16:28,627 - VALO360 - DEBUG - 自動保存已禁用，跳過配置保存
2026-02-04 11:16:28,627 - VALO360 - DEBUG - 自動保存已禁用，跳過配置保存
2026-02-04 11:16:28,627 - VALO360 - DEBUG - 自動保存已禁用，跳過配置保存
2026-02-04 11:16:28,627 - VALO360 - DEBUG - 自動保存已禁用，跳過配置保存
2026-02-04 11:16:28,628 - VALO360 - DEBUG - 自動保存已禁用，跳過配置保存
2026-02-04 11:16:28,628 - VALO360 - DEBUG - 自動保存已禁用，跳過配置保存
2026-02-04 11:16:28,628 - VALO360 - DEBUG - 自動保存已禁用，跳過配置保存
2026-02-04 11:16:28,631 - VALO360 - DEBUG - 自動保存已禁用，跳過配置保存
2026-02-04 11:16:28,632 - VALO360 - DEBUG - 自動保存已禁用，跳過配置保存
2026-02-04 11:16:28,632 - VALO360 - DEBUG - 自動保存已禁用，跳過配置保存
2026-02-04 11:16:28,634 - VALO360 - DEBUG - 自動保存已禁用，跳過配置保存
2026-02-04 11:16:28,634 - VALO360 - DEBUG - 自動保存已禁用，跳過配置保存
2026-02-04 11:16:28,634 - VALO360 - DEBUG - 自動保存已禁用，跳過配置保存
2026-02-04 11:16:28,635 - VALO360 - DEBUG - 自動保存已禁用，跳過配置保存
2026-02-04 11:16:28,635 - VALO360 - DEBUG - 自動保存已禁用，跳過配置保存
2026-02-04 11:16:28,635 - VALO360 - DEBUG - 自動保存已禁用，跳過配置保存
2026-02-04 11:16:28,637 - VALO360 - DEBUG - 自動保存已禁用，跳過配置保存
2026-02-04 11:16:28,637 - VALO360 - DEBUG - 自動保存已禁用，跳過配置保存
2026-02-04 11:16:28,644 - VALO360 - DEBUG - 自動保存已禁用，跳過配置保存
2026-02-04 11:16:28,644 - VALO360 - DEBUG - 自動保存已禁用，跳過配置保存
2026-02-04 11:16:28,645 - VALO360 - DEBUG - 自動保存已禁用，跳過配置保存
2026-02-04 11:16:28,645 - VALO360 - DEBUG - 自動保存已禁用，跳過配置保存
2026-02-04 11:16:28,647 - VALO360 - DEBUG - 自動保存已禁用，跳過配置保存
2026-02-04 11:16:28,647 - VALO360 - DEBUG - 自動保存已禁用，跳過配置保存
2026-02-04 11:16:28,647 - VALO360 - DEBUG - 自動保存已禁用，跳過配置保存
2026-02-04 11:16:28,647 - VALO360 - DEBUG - 自動保存已禁用，跳過配置保存
2026-02-04 11:16:28,649 - VALO360 - DEBUG - 自動保存已禁用，跳過配置保存
2026-02-04 11:16:28,649 - VALO360 - DEBUG - 自動保存已禁用，跳過配置保存
2026-02-04 11:16:28,650 - VALO360 - DEBUG - 自動保存已禁用，跳過配置保存
2026-02-04 11:16:28,650 - VALO360 - DEBUG - 自動保存已禁用，跳過配置保存
2026-02-04 11:16:28,653 - VALO360 - DEBUG - 自動保存已禁用，跳過配置保存
2026-02-04 11:16:28,653 - VALO360 - DEBUG - 自動保存已禁用，跳過配置保存
2026-02-04 11:16:28,654 - VALO360 - DEBUG - 自動保存已禁用，跳過配置保存
2026-02-04 11:16:28,654 - VALO360 - DEBUG - 自動保存已禁用，跳過配置保存
2026-02-04 11:16:28,656 - VALO360 - DEBUG - 自動保存已禁用，跳過配置保存
2026-02-04 11:16:28,657 - VALO360 - DEBUG - 自動保存已禁用，跳過配置保存
2026-02-04 11:16:28,657 - VALO360 - DEBUG - 自動保存已禁用，跳過配置保存
2026-02-04 11:16:28,657 - VALO360 - DEBUG - 自動保存已禁用，跳過配置保存
2026-02-04 11:16:28,657 - VALO360 - DEBUG - 自動保存已禁用，跳過配置保存
2026-02-04 11:16:28,657 - VALO360 - DEBUG - 自動保存已禁用，跳過配置保存
2026-02-04 11:16:28,660 - VALO360 - DEBUG - 自動保存已禁用，跳過配置保存
2026-02-04 11:16:28,661 - VALO360 - DEBUG - 自動保存已禁用，跳過配置保存
2026-02-04 11:16:28,664 - VALO360 - DEBUG - 自動保存已禁用，跳過配置保存
2026-02-04 11:16:28,664 - VALO360 - DEBUG - 自動保存已禁用，跳過配置保存
2026-02-04 11:16:28,665 - VALO360 - DEBUG - 自動保存已禁用，跳過配置保存
2026-02-04 11:16:28,665 - VALO360 - DEBUG - 自動保存已禁用，跳過配置保存
2026-02-04 11:16:28,665 - VALO360 - DEBUG - 自動保存已禁用，跳過配置保存
2026-02-04 11:16:28,665 - VALO360 - DEBUG - 自動保存已禁用，跳過配置保存
2026-02-04 11:16:28,665 - VALO360 - DEBUG - 自動保存已禁用，跳過配置保存
2026-02-04 11:16:28,666 - VALO360 - DEBUG - 自動保存已禁用，跳過配置保存
2026-02-04 11:16:28,670 - VALO360 - DEBUG - 自動保存已禁用，跳過配置保存
2026-02-04 11:16:28,671 - VALO360 - DEBUG - 自動保存已禁用，跳過配置保存
2026-02-04 11:16:28,671 - VALO360 - DEBUG - 自動保存已禁用，跳過配置保存
2026-02-04 11:16:28,672 - VALO360 - DEBUG - 自動保存已禁用，跳過配置保存
2026-02-04 11:16:28,673 - VALO360 - DEBUG - 自動保存已禁用，跳過配置保存
2026-02-04 11:16:28,673 - VALO360 - DEBUG - 自動保存已禁用，跳過配置保存
2026-02-04 11:16:28,673 - VALO360 - DEBUG - 自動保存已禁用，跳過配置保存
2026-02-04 11:16:28,674 - VALO360 - DEBUG - 自動保存已禁用，跳過配置保存
2026-02-04 11:16:28,675 - VALO360 - DEBUG - 自動保存已禁用，跳過配置保存
2026-02-04 11:16:28,675 - VALO360 - DEBUG - 自動保存已禁用，跳過配置保存
2026-02-04 11:16:28,676 - VALO360 - DEBUG - 自動保存已禁用，跳過配置保存
2026-02-04 11:16:28,676 - VALO360 - DEBUG - 自動保存已禁用，跳過配置保存
2026-02-04 11:16:28,685 - VALO360 - DEBUG - 自動保存已禁用，跳過配置保存
2026-02-04 11:16:28,685 - VALO360 - DEBUG - 自動保存已禁用，跳過配置保存
2026-02-04 11:16:28,685 - VALO360 - DEBUG - 自動保存已禁用，跳過配置保存
2026-02-04 11:16:28,685 - VALO360 - DEBUG - 自動保存已禁用，跳過配置保存
2026-02-04 11:16:28,696 - VALO360 - DEBUG - 自動保存已禁用，跳過配置保存
2026-02-04 11:16:28,697 - VALO360 - DEBUG - 自動保存已禁用，跳過配置保存
2026-02-04 11:16:28,697 - VALO360 - DEBUG - 自動保存已禁用，跳過配置保存
2026-02-04 11:16:28,698 - VALO360 - DEBUG - 自動保存已禁用，跳過配置保存
2026-02-04 11:16:28,709 - VALO360 - DEBUG - 自動保存已禁用，跳過配置保存
2026-02-04 11:16:28,710 - VALO360 - DEBUG - 自動保存已禁用，跳過配置保存
2026-02-04 11:16:28,710 - VALO360 - DEBUG - 自動保存已禁用，跳過配置保存
2026-02-04 11:16:28,711 - VALO360 - DEBUG - 自動保存已禁用，跳過配置保存
2026-02-04 11:16:28,714 - VALO360 - DEBUG - 自動保存已禁用，跳過配置保存
2026-02-04 11:16:28,714 - VALO360 - DEBUG - 自動保存已禁用，跳過配置保存
2026-02-04 11:16:28,715 - VALO360 - DEBUG - 自動保存已禁用，跳過配置保存
2026-02-04 11:16:28,715 - VALO360 - DEBUG - 自動保存已禁用，跳過配置保存
2026-02-04 11:16:28,717 - VALO360 - DEBUG - 自動保存已禁用，跳過配置保存
2026-02-04 11:16:28,717 - VALO360 - DEBUG - 自動保存已禁用，跳過配置保存
2026-02-04 11:16:28,717 - VALO360 - DEBUG - 自動保存已禁用，跳過配置保存
2026-02-04 11:16:28,717 - VALO360 - DEBUG - 自動保存已禁用，跳過配置保存
2026-02-04 11:16:28,722 - VALO360 - DEBUG - 自動保存已禁用，跳過配置保存
2026-02-04 11:16:28,722 - VALO360 - DEBUG - 自動保存已禁用，跳過配置保存
2026-02-04 11:16:28,722 - VALO360 - DEBUG - 自動保存已禁用，跳過配置保存
2026-02-04 11:16:28,722 - VALO360 - DEBUG - 自動保存已禁用，跳過配置保存
2026-02-04 11:16:28,769 - VALO360 - DEBUG - 自動保存已禁用，跳過配置保存
2026-02-04 11:16:28,770 - VALO360 - DEBUG - 自動保存已禁用，跳過配置保存
2026-02-04 11:16:28,770 - VALO360 - DEBUG - 自動保存已禁用，跳過配置保存
2026-02-04 11:16:28,770 - VALO360 - DEBUG - 自動保存已禁用，跳過配置保存
2026-02-04 11:16:28,772 - VALO360 - DEBUG - 自動保存已禁用，跳過配置保存
2026-02-04 11:16:28,772 - VALO360 - DEBUG - 自動保存已禁用，跳過配置保存
2026-02-04 11:16:28,772 - VALO360 - DEBUG - 自動保存已禁用，跳過配置保存
2026-02-04 11:16:28,772 - VALO360 - DEBUG - 自動保存已禁用，跳過配置保存
2026-02-04 11:16:28,775 - VALO360 - DEBUG - 自動保存已禁用，跳過配置保存
2026-02-04 11:16:28,776 - VALO360 - DEBUG - 自動保存已禁用，跳過配置保存
2026-02-04 11:16:28,776 - VALO360 - DEBUG - 自動保存已禁用，跳過配置保存
2026-02-04 11:16:28,776 - VALO360 - DEBUG - 自動保存已禁用，跳過配置保存
2026-02-04 11:16:28,777 - VALO360 - DEBUG - 自動保存已禁用，跳過配置保存
2026-02-04 11:16:28,778 - VALO360 - DEBUG - 自動保存已禁用，跳過配置保存
2026-02-04 11:16:28,778 - VALO360 - DEBUG - 自動保存已禁用，跳過配置保存
2026-02-04 11:16:28,779 - VALO360 - DEBUG - 自動保存已禁用，跳過配置保存
2026-02-04 11:16:28,779 - VALO360 - DEBUG - 自動保存已禁用，跳過配置保存
2026-02-04 11:16:28,779 - VALO360 - DEBUG - 自動保存已禁用，跳過配置保存
2026-02-04 11:16:28,779 - VALO360 - DEBUG - 自動保存已禁用，跳過配置保存
2026-02-04 11:16:28,779 - VALO360 - DEBUG - 自動保存已禁用，跳過配置保存
2026-02-04 11:16:28,786 - VALO360 - DEBUG - 自動保存已禁用，跳過配置保存
2026-02-04 11:16:28,786 - VALO360 - DEBUG - 自動保存已禁用，跳過配置保存
2026-02-04 11:16:28,787 - VALO360 - DEBUG - 自動保存已禁用，跳過配置保存
2026-02-04 11:16:28,787 - VALO360 - DEBUG - 自動保存已禁用，跳過配置保存
2026-02-04 11:16:28,792 - VALO360 - DEBUG - 自動保存已禁用，跳過配置保存
2026-02-04 11:16:28,792 - VALO360 - DEBUG - 自動保存已禁用，跳過配置保存
2026-02-04 11:16:28,793 - VALO360 - DEBUG - 自動保存已禁用，跳過配置保存
2026-02-04 11:16:28,793 - VALO360 - DEBUG - 自動保存已禁用，跳過配置保存
2026-02-04 11:16:28,796 - VALO360 - DEBUG - 自動保存已禁用，跳過配置保存
2026-02-04 11:16:28,796 - VALO360 - DEBUG - 自動保存已禁用，跳過配置保存
2026-02-04 11:16:28,796 - VALO360 - DEBUG - 自動保存已禁用，跳過配置保存
2026-02-04 11:16:28,797 - VALO360 - DEBUG - 自動保存已禁用，跳過配置保存
2026-02-04 11:16:28,797 - VALO360 - DEBUG - 自動保存已禁用，跳過配置保存
2026-02-04 11:16:28,799 - VALO360 - DEBUG - 自動保存已禁用，跳過配置保存
2026-02-04 11:16:28,799 - VALO360 - DEBUG - 自動保存已禁用，跳過配置保存
2026-02-04 11:16:28,799 - VALO360 - DEBUG - 自動保存已禁用，跳過配置保存
2026-02-04 11:16:28,803 - VALO360 - DEBUG - 自動保存已禁用，跳過配置保存
2026-02-04 11:16:28,803 - VALO360 - DEBUG - 自動保存已禁用，跳過配置保存
2026-02-04 11:16:28,804 - VALO360 - DEBUG - 自動保存已禁用，跳過配置保存
2026-02-04 11:16:28,804 - VALO360 - DEBUG - 自動保存已禁用，跳過配置保存
2026-02-04 11:16:28,805 - VALO360 - DEBUG - 自動保存已禁用，跳過配置保存
2026-02-04 11:16:28,805 - VALO360 - DEBUG - 自動保存已禁用，跳過配置保存
2026-02-04 11:16:28,806 - VALO360 - DEBUG - 自動保存已禁用，跳過配置保存
2026-02-04 11:16:28,806 - VALO360 - DEBUG - 自動保存已禁用，跳過配置保存
2026-02-04 11:16:28,807 - VALO360 - DEBUG - 自動保存已禁用，跳過配置保存
2026-02-04 11:16:28,807 - VALO360 - DEBUG - 自動保存已禁用，跳過配置保存
2026-02-04 11:16:28,807 - VALO360 - DEBUG - 自動保存已禁用，跳過配置保存
2026-02-04 11:16:28,807 - VALO360 - DEBUG - 自動保存已禁用，跳過配置保存
2026-02-04 11:16:28,812 - VALO360 - DEBUG - 自動保存已禁用，跳過配置保存
2026-02-04 11:16:28,813 - VALO360 - DEBUG - 自動保存已禁用，跳過配置保存
2026-02-04 11:16:28,813 - VALO360 - DEBUG - 自動保存已禁用，跳過配置保存
2026-02-04 11:16:28,814 - VALO360 - DEBUG - 自動保存已禁用，跳過配置保存
2026-02-04 11:16:28,815 - VALO360 - DEBUG - 自動保存已禁用，跳過配置保存
2026-02-04 11:16:28,815 - VALO360 - DEBUG - 自動保存已禁用，跳過配置保存
2026-02-04 11:16:28,815 - VALO360 - DEBUG - 自動保存已禁用，跳過配置保存
2026-02-04 11:16:28,816 - VALO360 - DEBUG - 自動保存已禁用，跳過配置保存
2026-02-04 11:16:28,816 - VALO360 - DEBUG - 自動保存已禁用，跳過配置保存
2026-02-04 11:16:28,816 - VALO360 - DEBUG - 自動保存已禁用，跳過配置保存
2026-02-04 11:16:28,816 - VALO360 - DEBUG - 自動保存已禁用，跳過配置保存
2026-02-04 11:16:28,816 - VALO360 - DEBUG - 自動保存已禁用，跳過配置保存
2026-02-04 11:16:28,819 - VALO360 - DEBUG - 自動保存已禁用，跳過配置保存
2026-02-04 11:16:28,820 - VALO360 - DEBUG - 自動保存已禁用，跳過配置保存
2026-02-04 11:16:28,820 - VALO360 - DEBUG - 自動保存已禁用，跳過配置保存
2026-02-04 11:16:28,820 - VALO360 - DEBUG - 自動保存已禁用，跳過配置保存
2026-02-04 11:16:28,820 - VALO360 - DEBUG - 自動保存已禁用，跳過配置保存
2026-02-04 11:16:28,822 - VALO360 - DEBUG - 自動保存已禁用，跳過配置保存
2026-02-04 11:16:28,822 - VALO360 - DEBUG - 自動保存已禁用，跳過配置保存
2026-02-04 11:16:28,822 - VALO360 - DEBUG - 自動保存已禁用，跳過配置保存
2026-02-04 11:16:28,824 - VALO360 - DEBUG - 自動保存已禁用，跳過配置保存
2026-02-04 11:16:28,824 - VALO360 - DEBUG - 自動保存已禁用，跳過配置保存
2026-02-04 11:16:28,825 - VALO360 - DEBUG - 自動保存已禁用，跳過配置保存
2026-02-04 11:16:28,825 - VALO360 - DEBUG - 自動保存已禁用，跳過配置保存
2026-02-04 11:16:28,828 - VALO360 - DEBUG - 自動保存已禁用，跳過配置保存
2026-02-04 11:16:28,828 - VALO360 - DEBUG - 自動保存已禁用，跳過配置保存
2026-02-04 11:16:28,828 - VALO360 - DEBUG - 自動保存已禁用，跳過配置保存
2026-02-04 11:16:28,828 - VALO360 - DEBUG - 自動保存已禁用，跳過配置保存
2026-02-04 11:16:28,832 - VALO360 - DEBUG - 自動保存已禁用，跳過配置保存
2026-02-04 11:16:28,832 - VALO360 - DEBUG - 自動保存已禁用，跳過配置保存
2026-02-04 11:16:28,832 - VALO360 - DEBUG - 自動保存已禁用，跳過配置保存
2026-02-04 11:16:28,832 - VALO360 - DEBUG - 自動保存已禁用，跳過配置保存
2026-02-04 11:16:28,834 - VALO360 - DEBUG - 自動保存已禁用，跳過配置保存
2026-02-04 11:16:28,834 - VALO360 - DEBUG - 自動保存已禁用，跳過配置保存
2026-02-04 11:16:28,834 - VALO360 - DEBUG - 自動保存已禁用，跳過配置保存
2026-02-04 11:16:28,835 - VALO360 - DEBUG - 自動保存已禁用，跳過配置保存
2026-02-04 11:16:28,836 - VALO360 - DEBUG - 自動保存已禁用，跳過配置保存
2026-02-04 11:16:28,836 - VALO360 - DEBUG - 自動保存已禁用，跳過配置保存
2026-02-04 11:16:28,837 - VALO360 - DEBUG - 自動保存已禁用，跳過配置保存
2026-02-04 11:16:28,837 - VALO360 - DEBUG - 自動保存已禁用，跳過配置保存
2026-02-04 11:16:28,838 - VALO360 - DEBUG - 自動保存已禁用，跳過配置保存
2026-02-04 11:16:28,840 - VALO360 - DEBUG - 自動保存已禁用，跳過配置保存
2026-02-04 11:16:28,840 - VALO360 - DEBUG - 自動保存已禁用，跳過配置保存
2026-02-04 11:16:28,840 - VALO360 - DEBUG - 自動保存已禁用，跳過配置保存
2026-02-04 11:16:28,841 - VALO360 - DEBUG - 自動保存已禁用，跳過配置保存
2026-02-04 11:16:28,841 - VALO360 - DEBUG - 自動保存已禁用，跳過配置保存
2026-02-04 11:16:28,842 - VALO360 - DEBUG - 自動保存已禁用，跳過配置保存
2026-02-04 11:16:28,842 - VALO360 - DEBUG - 自動保存已禁用，跳過配置保存
2026-02-04 11:16:28,843 - VALO360 - DEBUG - 自動保存已禁用，跳過配置保存
2026-02-04 11:16:28,843 - VALO360 - DEBUG - 自動保存已禁用，跳過配置保存
2026-02-04 11:16:28,844 - VALO360 - DEBUG - 自動保存已禁用，跳過配置保存
2026-02-04 11:16:28,844 - VALO360 - DEBUG - 自動保存已禁用，跳過配置保存
2026-02-04 11:16:28,845 - VALO360 - DEBUG - 自動保存已禁用，跳過配置保存
2026-02-04 11:16:28,847 - VALO360 - DEBUG - 自動保存已禁用，跳過配置保存
2026-02-04 11:16:28,847 - VALO360 - DEBUG - 自動保存已禁用，跳過配置保存
2026-02-04 11:16:28,847 - VALO360 - DEBUG - 自動保存已禁用，跳過配置保存
2026-02-04 11:16:28,849 - VALO360 - DEBUG - 自動保存已禁用，跳過配置保存
2026-02-04 11:16:28,849 - VALO360 - DEBUG - 自動保存已禁用，跳過配置保存
2026-02-04 11:16:28,849 - VALO360 - DEBUG - 自動保存已禁用，跳過配置保存
2026-02-04 11:16:28,849 - VALO360 - DEBUG - 自動保存已禁用，跳過配置保存
2026-02-04 11:16:28,851 - VALO360 - DEBUG - 自動保存已禁用，跳過配置保存
2026-02-04 11:16:28,851 - VALO360 - DEBUG - 自動保存已禁用，跳過配置保存
2026-02-04 11:16:28,852 - VALO360 - DEBUG - 自動保存已禁用，跳過配置保存
2026-02-04 11:16:28,852 - VALO360 - DEBUG - 自動保存已禁用，跳過配置保存
2026-02-04 11:16:28,853 - VALO360 - DEBUG - 自動保存已禁用，跳過配置保存
2026-02-04 11:16:28,854 - VALO360 - DEBUG - 自動保存已禁用，跳過配置保存
2026-02-04 11:16:28,854 - VALO360 - DEBUG - 自動保存已禁用，跳過配置保存
2026-02-04 11:16:28,855 - VALO360 - DEBUG - 自動保存已禁用，跳過配置保存
2026-02-04 11:16:28,857 - VALO360 - DEBUG - 自動保存已禁用，跳過配置保存
2026-02-04 11:16:28,857 - VALO360 - DEBUG - 自動保存已禁用，跳過配置保存
2026-02-04 11:16:28,857 - VALO360 - DEBUG - 自動保存已禁用，跳過配置保存
2026-02-04 11:16:28,857 - VALO360 - DEBUG - 自動保存已禁用，跳過配置保存
2026-02-04 11:16:28,859 - VALO360 - DEBUG - 自動保存已禁用，跳過配置保存
2026-02-04 11:16:28,859 - VALO360 - DEBUG - 自動保存已禁用，跳過配置保存
2026-02-04 11:16:28,859 - VALO360 - DEBUG - 自動保存已禁用，跳過配置保存
2026-02-04 11:16:28,859 - VALO360 - DEBUG - 自動保存已禁用，跳過配置保存
2026-02-04 11:16:28,865 - VALO360 - DEBUG - 自動保存已禁用，跳過配置保存
2026-02-04 11:16:28,865 - VALO360 - DEBUG - 自動保存已禁用，跳過配置保存
2026-02-04 11:16:28,865 - VALO360 - DEBUG - 自動保存已禁用，跳過配置保存
2026-02-04 11:16:28,865 - VALO360 - DEBUG - 自動保存已禁用，跳過配置保存
2026-02-04 11:16:28,867 - VALO360 - DEBUG - 自動保存已禁用，跳過配置保存
2026-02-04 11:16:28,867 - VALO360 - DEBUG - 自動保存已禁用，跳過配置保存
2026-02-04 11:16:28,867 - VALO360 - DEBUG - 自動保存已禁用，跳過配置保存
2026-02-04 11:16:28,867 - VALO360 - DEBUG - 自動保存已禁用，跳過配置保存
2026-02-04 11:16:28,882 - VALO360 - DEBUG - 自動保存已禁用，跳過配置保存
2026-02-04 11:16:28,882 - VALO360 - DEBUG - 自動保存已禁用，跳過配置保存
2026-02-04 11:16:28,882 - VALO360 - DEBUG - 自動保存已禁用，跳過配置保存
2026-02-04 11:16:28,884 - VALO360 - DEBUG - 自動保存已禁用，跳過配置保存
2026-02-04 11:16:28,885 - VALO360 - DEBUG - 自動保存已禁用，跳過配置保存
2026-02-04 11:16:28,885 - VALO360 - DEBUG - 自動保存已禁用，跳過配置保存
2026-02-04 11:16:28,885 - VALO360 - DEBUG - 自動保存已禁用，跳過配置保存
2026-02-04 11:16:28,885 - VALO360 - DEBUG - 自動保存已禁用，跳過配置保存
2026-02-04 11:16:28,886 - VALO360 - DEBUG - 自動保存已禁用，跳過配置保存
2026-02-04 11:16:28,887 - VALO360 - DEBUG - 自動保存已禁用，跳過配置保存
2026-02-04 11:16:28,887 - VALO360 - DEBUG - 自動保存已禁用，跳過配置保存
2026-02-04 11:16:28,888 - VALO360 - DEBUG - 自動保存已禁用，跳過配置保存
2026-02-04 11:16:28,888 - VALO360 - DEBUG - 自動保存已禁用，跳過配置保存
2026-02-04 11:16:28,889 - VALO360 - DEBUG - 自動保存已禁用，跳過配置保存
2026-02-04 11:16:28,889 - VALO360 - DEBUG - 自動保存已禁用，跳過配置保存
2026-02-04 11:16:28,890 - VALO360 - DEBUG - 自動保存已禁用，跳過配置保存
2026-02-04 11:16:28,890 - VALO360 - DEBUG - 自動保存已禁用，跳過配置保存
2026-02-04 11:16:28,891 - VALO360 - DEBUG - 自動保存已禁用，跳過配置保存
2026-02-04 11:16:28,891 - VALO360 - DEBUG - 自動保存已禁用，跳過配置保存
2026-02-04 11:16:28,891 - VALO360 - DEBUG - 自動保存已禁用，跳過配置保存
2026-02-04 11:16:28,893 - VALO360 - DEBUG - 自動保存已禁用，跳過配置保存
2026-02-04 11:16:28,893 - VALO360 - DEBUG - 自動保存已禁用，跳過配置保存
2026-02-04 11:16:28,893 - VALO360 - DEBUG - 自動保存已禁用，跳過配置保存
2026-02-04 11:16:28,893 - VALO360 - DEBUG - 自動保存已禁用，跳過配置保存
2026-02-04 11:16:28,895 - VALO360 - DEBUG - 自動保存已禁用，跳過配置保存
2026-02-04 11:16:28,895 - VALO360 - DEBUG - 自動保存已禁用，跳過配置保存
2026-02-04 11:16:28,896 - VALO360 - DEBUG - 自動保存已禁用，跳過配置保存
2026-02-04 11:16:28,896 - VALO360 - DEBUG - 自動保存已禁用，跳過配置保存
2026-02-04 11:16:28,896 - VALO360 - DEBUG - 自動保存已禁用，跳過配置保存
2026-02-04 11:16:28,897 - VALO360 - DEBUG - 自動保存已禁用，跳過配置保存
2026-02-04 11:16:28,897 - VALO360 - DEBUG - 自動保存已禁用，跳過配置保存
2026-02-04 11:16:28,897 - VALO360 - DEBUG - 自動保存已禁用，跳過配置保存
2026-02-04 11:16:28,898 - VALO360 - DEBUG - 自動保存已禁用，跳過配置保存
2026-02-04 11:16:28,899 - VALO360 - DEBUG - 自動保存已禁用，跳過配置保存
2026-02-04 11:16:28,899 - VALO360 - DEBUG - 自動保存已禁用，跳過配置保存
2026-02-04 11:16:28,900 - VALO360 - DEBUG - 自動保存已禁用，跳過配置保存
2026-02-04 11:16:28,900 - VALO360 - DEBUG - 自動保存已禁用，跳過配置保存
2026-02-04 11:16:28,901 - VALO360 - DEBUG - 自動保存已禁用，跳過配置保存
2026-02-04 11:16:28,901 - VALO360 - DEBUG - 自動保存已禁用，跳過配置保存
2026-02-04 11:16:28,901 - VALO360 - DEBUG - 自動保存已禁用，跳過配置保存
2026-02-04 11:16:28,902 - VALO360 - DEBUG - 自動保存已禁用，跳過配置保存
2026-02-04 11:16:28,903 - VALO360 - DEBUG - 自動保存已禁用，跳過配置保存
2026-02-04 11:16:28,903 - VALO360 - DEBUG - 自動保存已禁用，跳過配置保存
2026-02-04 11:16:28,903 - VALO360 - DEBUG - 自動保存已禁用，跳過配置保存
2026-02-04 11:16:28,904 - VALO360 - DEBUG - 自動保存已禁用，跳過配置保存
2026-02-04 11:16:28,904 - VALO360 - DEBUG - 自動保存已禁用，跳過配置保存
2026-02-04 11:16:28,904 - VALO360 - DEBUG - 自動保存已禁用，跳過配置保存
2026-02-04 11:16:28,905 - VALO360 - DEBUG - 自動保存已禁用，跳過配置保存
2026-02-04 11:16:28,906 - VALO360 - DEBUG - 自動保存已禁用，跳過配置保存
2026-02-04 11:16:28,907 - VALO360 - DEBUG - 自動保存已禁用，跳過配置保存
2026-02-04 11:16:28,907 - VALO360 - DEBUG - 自動保存已禁用，跳過配置保存
2026-02-04 11:16:28,907 - VALO360 - DEBUG - 自動保存已禁用，跳過配置保存
2026-02-04 11:16:28,907 - VALO360 - DEBUG - 自動保存已禁用，跳過配置保存
2026-02-04 11:16:28,907 - VALO360 - DEBUG - 自動保存已禁用，跳過配置保存
2026-02-04 11:16:28,907 - VALO360 - DEBUG - 自動保存已禁用，跳過配置保存
2026-02-04 11:16:28,907 - VALO360 - DEBUG - 自動保存已禁用，跳過配置保存
2026-02-04 11:16:28,910 - VALO360 - DEBUG - 自動保存已禁用，跳過配置保存
2026-02-04 11:16:28,910 - VALO360 - DEBUG - 自動保存已禁用，跳過配置保存
2026-02-04 11:16:28,911 - VALO360 - DEBUG - 自動保存已禁用，跳過配置保存
2026-02-04 11:16:28,912 - VALO360 - DEBUG - 自動保存已禁用，跳過配置保存
2026-02-04 11:16:28,912 - VALO360 - DEBUG - 自動保存已禁用，跳過配置保存
2026-02-04 11:16:28,912 - VALO360 - DEBUG - 自動保存已禁用，跳過配置保存
2026-02-04 11:16:28,913 - VALO360 - DEBUG - 自動保存已禁用，跳過配置保存
2026-02-04 11:16:28,913 - VALO360 - DEBUG - 自動保存已禁用，跳過配置保存
2026-02-04 11:16:28,914 - VALO360 - DEBUG - 自動保存已禁用，跳過配置保存
2026-02-04 11:16:28,914 - VALO360 - DEBUG - 自動保存已禁用，跳過配置保存
2026-02-04 11:16:28,915 - VALO360 - DEBUG - 自動保存已禁用，跳過配置保存
2026-02-04 11:16:28,915 - VALO360 - DEBUG - 自動保存已禁用，跳過配置保存
2026-02-04 11:16:28,915 - VALO360 - DEBUG - 自動保存已禁用，跳過配置保存
2026-02-04 11:16:28,915 - VALO360 - DEBUG - 自動保存已禁用，跳過配置保存
2026-02-04 11:16:28,917 - VALO360 - DEBUG - 自動保存已禁用，跳過配置保存
2026-02-04 11:16:28,917 - VALO360 - DEBUG - 自動保存已禁用，跳過配置保存
2026-02-04 11:16:28,917 - VALO360 - DEBUG - 自動保存已禁用，跳過配置保存
2026-02-04 11:16:28,919 - VALO360 - DEBUG - 自動保存已禁用，跳過配置保存
2026-02-04 11:16:28,919 - VALO360 - DEBUG - 自動保存已禁用，跳過配置保存
2026-02-04 11:16:28,919 - VALO360 - DEBUG - 自動保存已禁用，跳過配置保存
2026-02-04 11:16:28,920 - VALO360 - DEBUG - 自動保存已禁用，跳過配置保存
2026-02-04 11:16:28,920 - VALO360 - DEBUG - 自動保存已禁用，跳過配置保存
2026-02-04 11:16:28,920 - VALO360 - DEBUG - 自動保存已禁用，跳過配置保存
2026-02-04 11:16:28,921 - VALO360 - DEBUG - 自動保存已禁用，跳過配置保存
2026-02-04 11:16:28,921 - VALO360 - DEBUG - 自動保存已禁用，跳過配置保存
2026-02-04 11:16:28,922 - VALO360 - DEBUG - 自動保存已禁用，跳過配置保存
2026-02-04 11:16:28,922 - VALO360 - DEBUG - 自動保存已禁用，跳過配置保存
2026-02-04 11:16:28,922 - VALO360 - DEBUG - 自動保存已禁用，跳過配置保存
2026-02-04 11:16:28,922 - VALO360 - DEBUG - 自動保存已禁用，跳過配置保存
2026-02-04 11:16:28,922 - VALO360 - DEBUG - 自動保存已禁用，跳過配置保存
2026-02-04 11:16:28,922 - VALO360 - DEBUG - 自動保存已禁用，跳過配置保存
2026-02-04 11:16:28,925 - VALO360 - DEBUG - 自動保存已禁用，跳過配置保存
2026-02-04 11:16:28,926 - VALO360 - DEBUG - 自動保存已禁用，跳過配置保存
2026-02-04 11:16:28,926 - VALO360 - DEBUG - 自動保存已禁用，跳過配置保存
2026-02-04 11:16:28,926 - VALO360 - DEBUG - 自動保存已禁用，跳過配置保存
2026-02-04 11:16:28,926 - VALO360 - DEBUG - 自動保存已禁用，跳過配置保存
2026-02-04 11:16:28,928 - VALO360 - DEBUG - 自動保存已禁用，跳過配置保存
2026-02-04 11:16:28,928 - VALO360 - DEBUG - 自動保存已禁用，跳過配置保存
2026-02-04 11:16:28,928 - VALO360 - DEBUG - 自動保存已禁用，跳過配置保存
2026-02-04 11:16:28,929 - VALO360 - DEBUG - 自動保存已禁用，跳過配置保存
2026-02-04 11:16:28,929 - VALO360 - DEBUG - 自動保存已禁用，跳過配置保存
2026-02-04 11:16:28,929 - VALO360 - DEBUG - 自動保存已禁用，跳過配置保存
2026-02-04 11:16:28,929 - VALO360 - DEBUG - 自動保存已禁用，跳過配置保存
2026-02-04 11:16:28,929 - VALO360 - DEBUG - 自動保存已禁用，跳過配置保存
2026-02-04 11:16:28,932 - VALO360 - DEBUG - 自動保存已禁用，跳過配置保存
2026-02-04 11:16:28,932 - VALO360 - DEBUG - 自動保存已禁用，跳過配置保存
2026-02-04 11:16:28,932 - VALO360 - DEBUG - 自動保存已禁用，跳過配置保存
2026-02-04 11:16:28,932 - VALO360 - DEBUG - 自動保存已禁用，跳過配置保存
2026-02-04 11:16:28,932 - VALO360 - DEBUG - 自動保存已禁用，跳過配置保存
2026-02-04 11:16:28,932 - VALO360 - DEBUG - 自動保存已禁用，跳過配置保存
2026-02-04 11:16:28,934 - VALO360 - DEBUG - 自動保存已禁用，跳過配置保存
2026-02-04 11:16:28,934 - VALO360 - DEBUG - 自動保存已禁用，跳過配置保存
2026-02-04 11:16:28,935 - VALO360 - DEBUG - 自動保存已禁用，跳過配置保存
2026-02-04 11:16:28,935 - VALO360 - DEBUG - 自動保存已禁用，跳過配置保存
2026-02-04 11:16:28,935 - VALO360 - DEBUG - 自動保存已禁用，跳過配置保存
2026-02-04 11:16:28,935 - VALO360 - DEBUG - 自動保存已禁用，跳過配置保存
2026-02-04 11:16:28,937 - VALO360 - DEBUG - 自動保存已禁用，跳過配置保存
2026-02-04 11:16:28,937 - VALO360 - DEBUG - 自動保存已禁用，跳過配置保存
2026-02-04 11:16:28,938 - VALO360 - DEBUG - 自動保存已禁用，跳過配置保存
2026-02-04 11:16:28,938 - VALO360 - DEBUG - 自動保存已禁用，跳過配置保存
2026-02-04 11:16:28,938 - VALO360 - DEBUG - 自動保存已禁用，跳過配置保存
2026-02-04 11:16:28,940 - VALO360 - DEBUG - 自動保存已禁用，跳過配置保存
2026-02-04 11:16:28,940 - VALO360 - DEBUG - 自動保存已禁用，跳過配置保存
2026-02-04 11:16:28,940 - VALO360 - DEBUG - 自動保存已禁用，跳過配置保存
2026-02-04 11:16:28,941 - VALO360 - DEBUG - 自動保存已禁用，跳過配置保存
2026-02-04 11:16:28,941 - VALO360 - DEBUG - 自動保存已禁用，跳過配置保存
2026-02-04 11:16:28,941 - VALO360 - DEBUG - 自動保存已禁用，跳過配置保存
2026-02-04 11:16:28,941 - VALO360 - DEBUG - 自動保存已禁用，跳過配置保存
2026-02-04 11:16:28,943 - VALO360 - DEBUG - 自動保存已禁用，跳過配置保存
2026-02-04 11:16:28,943 - VALO360 - DEBUG - 自動保存已禁用，跳過配置保存
2026-02-04 11:16:28,943 - VALO360 - DEBUG - 自動保存已禁用，跳過配置保存
2026-02-04 11:16:28,943 - VALO360 - DEBUG - 自動保存已禁用，跳過配置保存
2026-02-04 11:16:28,944 - VALO360 - DEBUG - 自動保存已禁用，跳過配置保存
2026-02-04 11:16:28,944 - VALO360 - DEBUG - 自動保存已禁用，跳過配置保存
2026-02-04 11:16:28,945 - VALO360 - DEBUG - 自動保存已禁用，跳過配置保存
2026-02-04 11:16:28,945 - VALO360 - DEBUG - 自動保存已禁用，跳過配置保存
2026-02-04 11:16:28,946 - VALO360 - DEBUG - 自動保存已禁用，跳過配置保存
2026-02-04 11:16:28,946 - VALO360 - DEBUG - 自動保存已禁用，跳過配置保存
2026-02-04 11:16:28,946 - VALO360 - DEBUG - 自動保存已禁用，跳過配置保存
2026-02-04 11:16:28,947 - VALO360 - DEBUG - 自動保存已禁用，跳過配置保存
2026-02-04 11:16:29,032 - VALO360 - DEBUG - 自動保存已禁用，跳過配置保存
2026-02-04 11:16:29,032 - VALO360 - DEBUG - 自動保存已禁用，跳過配置保存
2026-02-04 11:16:29,032 - VALO360 - DEBUG - 自動保存已禁用，跳過配置保存
2026-02-04 11:16:29,032 - VALO360 - DEBUG - 自動保存已禁用，跳過配置保存
2026-02-04 11:16:29,032 - VALO360 - DEBUG - 自動保存已禁用，跳過配置保存
2026-02-04 11:16:29,034 - VALO360 - DEBUG - 自動保存已禁用，跳過配置保存
2026-02-04 11:16:29,034 - VALO360 - DEBUG - 自動保存已禁用，跳過配置保存
2026-02-04 11:16:29,034 - VALO360 - DEBUG - 自動保存已禁用，跳過配置保存
2026-02-04 11:16:29,043 - VALO360 - DEBUG - 自動保存已禁用，跳過配置保存
2026-02-04 11:16:29,043 - VALO360 - DEBUG - 自動保存已禁用，跳過配置保存
2026-02-04 11:16:29,043 - VALO360 - DEBUG - 自動保存已禁用，跳過配置保存
2026-02-04 11:16:29,043 - VALO360 - DEBUG - 自動保存已禁用，跳過配置保存
2026-02-04 11:16:29,044 - VALO360 - DEBUG - 自動保存已禁用，跳過配置保存
2026-02-04 11:16:29,044 - VALO360 - DEBUG - 自動保存已禁用，跳過配置保存
2026-02-04 11:16:29,044 - VALO360 - DEBUG - 自動保存已禁用，跳過配置保存
2026-02-04 11:16:29,046 - VALO360 - DEBUG - 自動保存已禁用，跳過配置保存
2026-02-04 11:16:29,061 - VALO360 - DEBUG - 自動保存已禁用，跳過配置保存
2026-02-04 11:16:29,062 - VALO360 - DEBUG - 自動保存已禁用，跳過配置保存
2026-02-04 11:16:29,062 - VALO360 - DEBUG - 自動保存已禁用，跳過配置保存
2026-02-04 11:16:29,062 - VALO360 - DEBUG - 自動保存已禁用，跳過配置保存
2026-02-04 11:16:29,062 - VALO360 - DEBUG - 自動保存已禁用，跳過配置保存
2026-02-04 11:16:29,063 - VALO360 - DEBUG - 自動保存已禁用，跳過配置保存
2026-02-04 11:16:29,063 - VALO360 - DEBUG - 自動保存已禁用，跳過配置保存
2026-02-04 11:16:29,064 - VALO360 - DEBUG - 自動保存已禁用，跳過配置保存
2026-02-04 11:16:29,078 - VALO360 - DEBUG - 自動保存已禁用，跳過配置保存
2026-02-04 11:16:29,078 - VALO360 - DEBUG - 自動保存已禁用，跳過配置保存
2026-02-04 11:16:29,079 - VALO360 - DEBUG - 自動保存已禁用，跳過配置保存
2026-02-04 11:16:29,079 - VALO360 - DEBUG - 自動保存已禁用，跳過配置保存
2026-02-04 11:16:29,079 - VALO360 - DEBUG - 自動保存已禁用，跳過配置保存
2026-02-04 11:16:29,079 - VALO360 - DEBUG - 自動保存已禁用，跳過配置保存
2026-02-04 11:16:29,079 - VALO360 - DEBUG - 自動保存已禁用，跳過配置保存
2026-02-04 11:16:29,079 - VALO360 - DEBUG - 自動保存已禁用，跳過配置保存
2026-02-04 11:16:29,090 - VALO360 - DEBUG - 自動保存已禁用，跳過配置保存
2026-02-04 11:16:29,090 - VALO360 - DEBUG - 自動保存已禁用，跳過配置保存
2026-02-04 11:16:29,090 - VALO360 - DEBUG - 自動保存已禁用，跳過配置保存
2026-02-04 11:16:29,091 - VALO360 - DEBUG - 自動保存已禁用，跳過配置保存
2026-02-04 11:16:29,091 - VALO360 - DEBUG - 自動保存已禁用，跳過配置保存
2026-02-04 11:16:29,092 - VALO360 - DEBUG - 自動保存已禁用，跳過配置保存
2026-02-04 11:16:29,092 - VALO360 - DEBUG - 自動保存已禁用，跳過配置保存
2026-02-04 11:16:29,093 - VALO360 - DEBUG - 自動保存已禁用，跳過配置保存
2026-02-04 11:16:29,096 - VALO360 - DEBUG - 自動保存已禁用，跳過配置保存
2026-02-04 11:16:29,096 - VALO360 - DEBUG - 自動保存已禁用，跳過配置保存
2026-02-04 11:16:29,097 - VALO360 - DEBUG - 自動保存已禁用，跳過配置保存
2026-02-04 11:16:29,098 - VALO360 - DEBUG - 自動保存已禁用，跳過配置保存
2026-02-04 11:16:29,098 - VALO360 - DEBUG - 自動保存已禁用，跳過配置保存
2026-02-04 11:16:29,098 - VALO360 - DEBUG - 自動保存已禁用，跳過配置保存
2026-02-04 11:16:29,099 - VALO360 - DEBUG - 自動保存已禁用，跳過配置保存
2026-02-04 11:16:29,099 - VALO360 - DEBUG - 自動保存已禁用，跳過配置保存
2026-02-04 11:16:29,099 - VALO360 - DEBUG - 自動保存已禁用，跳過配置保存
2026-02-04 11:16:29,099 - VALO360 - DEBUG - 自動保存已禁用，跳過配置保存
2026-02-04 11:16:29,099 - VALO360 - DEBUG - 自動保存已禁用，跳過配置保存
2026-02-04 11:16:29,100 - VALO360 - DEBUG - 自動保存已禁用，跳過配置保存
2026-02-04 11:16:29,101 - VALO360 - DEBUG - 自動保存已禁用，跳過配置保存
2026-02-04 11:16:29,102 - VALO360 - DEBUG - 自動保存已禁用，跳過配置保存
2026-02-04 11:16:29,102 - VALO360 - DEBUG - 自動保存已禁用，跳過配置保存
2026-02-04 11:16:29,103 - VALO360 - DEBUG - 自動保存已禁用，跳過配置保存
2026-02-04 11:16:29,114 - VALO360 - DEBUG - 自動保存已禁用，跳過配置保存
2026-02-04 11:16:29,114 - VALO360 - DEBUG - 自動保存已禁用，跳過配置保存
2026-02-04 11:16:29,115 - VALO360 - DEBUG - 自動保存已禁用，跳過配置保存
2026-02-04 11:16:29,115 - VALO360 - DEBUG - 自動保存已禁用，跳過配置保存
2026-02-04 11:16:29,115 - VALO360 - DEBUG - 自動保存已禁用，跳過配置保存
2026-02-04 11:16:29,115 - VALO360 - DEBUG - 自動保存已禁用，跳過配置保存
2026-02-04 11:16:29,115 - VALO360 - DEBUG - 自動保存已禁用，跳過配置保存
2026-02-04 11:16:29,115 - VALO360 - DEBUG - 自動保存已禁用，跳過配置保存
2026-02-04 11:16:29,119 - VALO360 - DEBUG - 自動保存已禁用，跳過配置保存
2026-02-04 11:16:29,120 - VALO360 - DEBUG - 自動保存已禁用，跳過配置保存
2026-02-04 11:16:29,120 - VALO360 - DEBUG - 自動保存已禁用，跳過配置保存
2026-02-04 11:16:29,120 - VALO360 - DEBUG - 自動保存已禁用，跳過配置保存
2026-02-04 11:16:29,120 - VALO360 - DEBUG - 自動保存已禁用，跳過配置保存
2026-02-04 11:16:29,121 - VALO360 - DEBUG - 自動保存已禁用，跳過配置保存
2026-02-04 11:16:29,121 - VALO360 - DEBUG - 自動保存已禁用，跳過配置保存
2026-02-04 11:16:29,122 - VALO360 - DEBUG - 自動保存已禁用，跳過配置保存
2026-02-04 11:16:29,135 - VALO360 - DEBUG - 自動保存已禁用，跳過配置保存
2026-02-04 11:16:29,135 - VALO360 - DEBUG - 自動保存已禁用，跳過配置保存
2026-02-04 11:16:29,135 - VALO360 - DEBUG - 自動保存已禁用，跳過配置保存
2026-02-04 11:16:29,136 - VALO360 - DEBUG - 自動保存已禁用，跳過配置保存
2026-02-04 11:16:29,136 - VALO360 - DEBUG - 自動保存已禁用，跳過配置保存
2026-02-04 11:16:29,137 - VALO360 - DEBUG - 自動保存已禁用，跳過配置保存
2026-02-04 11:16:29,137 - VALO360 - DEBUG - 自動保存已禁用，跳過配置保存
2026-02-04 11:16:29,138 - VALO360 - DEBUG - 自動保存已禁用，跳過配置保存
2026-02-04 11:16:29,138 - VALO360 - DEBUG - 自動保存已禁用，跳過配置保存
2026-02-04 11:16:29,138 - VALO360 - DEBUG - 自動保存已禁用，跳過配置保存
2026-02-04 11:16:29,139 - VALO360 - DEBUG - 自動保存已禁用，跳過配置保存
2026-02-04 11:16:29,139 - VALO360 - DEBUG - 自動保存已禁用，跳過配置保存
2026-02-04 11:16:29,140 - VALO360 - DEBUG - 自動保存已禁用，跳過配置保存
2026-02-04 11:16:29,140 - VALO360 - DEBUG - 自動保存已禁用，跳過配置保存
2026-02-04 11:16:29,140 - VALO360 - DEBUG - 自動保存已禁用，跳過配置保存
2026-02-04 11:16:29,141 - VALO360 - DEBUG - 自動保存已禁用，跳過配置保存
2026-02-04 11:16:29,146 - VALO360 - DEBUG - 自動保存已禁用，跳過配置保存
2026-02-04 11:16:29,147 - VALO360 - DEBUG - 自動保存已禁用，跳過配置保存
2026-02-04 11:16:29,147 - VALO360 - DEBUG - 自動保存已禁用，跳過配置保存
2026-02-04 11:16:29,147 - VALO360 - DEBUG - 自動保存已禁用，跳過配置保存
2026-02-04 11:16:29,148 - VALO360 - DEBUG - 自動保存已禁用，跳過配置保存
2026-02-04 11:16:29,148 - VALO360 - DEBUG - 自動保存已禁用，跳過配置保存
2026-02-04 11:16:29,149 - VALO360 - DEBUG - 自動保存已禁用，跳過配置保存
2026-02-04 11:16:29,149 - VALO360 - DEBUG - 自動保存已禁用，跳過配置保存
2026-02-04 11:16:29,157 - VALO360 - DEBUG - 自動保存已禁用，跳過配置保存
2026-02-04 11:16:29,157 - VALO360 - DEBUG - 自動保存已禁用，跳過配置保存
2026-02-04 11:16:29,157 - VALO360 - DEBUG - 自動保存已禁用，跳過配置保存
2026-02-04 11:16:29,158 - VALO360 - DEBUG - 自動保存已禁用，跳過配置保存
2026-02-04 11:16:29,159 - VALO360 - DEBUG - 自動保存已禁用，跳過配置保存
2026-02-04 11:16:29,159 - VALO360 - DEBUG - 自動保存已禁用，跳過配置保存
2026-02-04 11:16:29,160 - VALO360 - DEBUG - 自動保存已禁用，跳過配置保存
2026-02-04 11:16:29,160 - VALO360 - DEBUG - 自動保存已禁用，跳過配置保存
2026-02-04 11:16:29,164 - VALO360 - DEBUG - 自動保存已禁用，跳過配置保存
2026-02-04 11:16:29,164 - VALO360 - DEBUG - 自動保存已禁用，跳過配置保存
2026-02-04 11:16:29,164 - VALO360 - DEBUG - 自動保存已禁用，跳過配置保存
2026-02-04 11:16:29,164 - VALO360 - DEBUG - 自動保存已禁用，跳過配置保存
2026-02-04 11:16:29,165 - VALO360 - DEBUG - 自動保存已禁用，跳過配置保存
2026-02-04 11:16:29,165 - VALO360 - DEBUG - 自動保存已禁用，跳過配置保存
2026-02-04 11:16:29,165 - VALO360 - DEBUG - 自動保存已禁用，跳過配置保存
2026-02-04 11:16:29,166 - VALO360 - DEBUG - 自動保存已禁用，跳過配置保存
2026-02-04 11:16:29,166 - VALO360 - DEBUG - 自動保存已禁用，跳過配置保存
2026-02-04 11:16:29,166 - VALO360 - DEBUG - 自動保存已禁用，跳過配置保存
2026-02-04 11:16:29,166 - VALO360 - DEBUG - 自動保存已禁用，跳過配置保存
2026-02-04 11:16:29,166 - VALO360 - DEBUG - 自動保存已禁用，跳過配置保存
2026-02-04 11:16:29,169 - VALO360 - DEBUG - 自動保存已禁用，跳過配置保存
2026-02-04 11:16:29,169 - VALO360 - DEBUG - 自動保存已禁用，跳過配置保存
2026-02-04 11:16:29,169 - VALO360 - DEBUG - 自動保存已禁用，跳過配置保存
2026-02-04 11:16:29,170 - VALO360 - DEBUG - 自動保存已禁用，跳過配置保存
2026-02-04 11:16:29,182 - VALO360 - DEBUG - 自動保存已禁用，跳過配置保存
2026-02-04 11:16:29,184 - VALO360 - DEBUG - 自動保存已禁用，跳過配置保存
2026-02-04 11:16:29,184 - VALO360 - DEBUG - 自動保存已禁用，跳過配置保存
2026-02-04 11:16:29,185 - VALO360 - DEBUG - 自動保存已禁用，跳過配置保存
2026-02-04 11:16:29,185 - VALO360 - DEBUG - 自動保存已禁用，跳過配置保存
2026-02-04 11:16:29,185 - VALO360 - DEBUG - 自動保存已禁用，跳過配置保存
2026-02-04 11:16:29,185 - VALO360 - DEBUG - 自動保存已禁用，跳過配置保存
2026-02-04 11:16:29,185 - VALO360 - DEBUG - 自動保存已禁用，跳過配置保存
2026-02-04 11:16:29,195 - VALO360 - DEBUG - 自動保存已禁用，跳過配置保存
2026-02-04 11:16:29,195 - VALO360 - DEBUG - 自動保存已禁用，跳過配置保存
2026-02-04 11:16:29,196 - VALO360 - DEBUG - 自動保存已禁用，跳過配置保存
2026-02-04 11:16:29,196 - VALO360 - DEBUG - 自動保存已禁用，跳過配置保存
2026-02-04 11:16:29,196 - VALO360 - DEBUG - 自動保存已禁用，跳過配置保存
2026-02-04 11:16:29,196 - VALO360 - DEBUG - 自動保存已禁用，跳過配置保存
2026-02-04 11:16:29,197 - VALO360 - DEBUG - 自動保存已禁用，跳過配置保存
2026-02-04 11:16:29,197 - VALO360 - DEBUG - 自動保存已禁用，跳過配置保存
2026-02-04 11:16:29,197 - VALO360 - DEBUG - 自動保存已禁用，跳過配置保存
2026-02-04 11:16:29,198 - VALO360 - DEBUG - 自動保存已禁用，跳過配置保存
2026-02-04 11:16:29,198 - VALO360 - DEBUG - 自動保存已禁用，跳過配置保存
2026-02-04 11:16:29,199 - VALO360 - DEBUG - 自動保存已禁用，跳過配置保存
2026-02-04 11:16:29,199 - VALO360 - DEBUG - 自動保存已禁用，跳過配置保存
2026-02-04 11:16:29,199 - VALO360 - DEBUG - 自動保存已禁用，跳過配置保存
2026-02-04 11:16:29,199 - VALO360 - DEBUG - 自動保存已禁用，跳過配置保存
2026-02-04 11:16:29,201 - VALO360 - DEBUG - 自動保存已禁用，跳過配置保存
2026-02-04 11:16:29,201 - VALO360 - DEBUG - 自動保存已禁用，跳過配置保存
2026-02-04 11:16:29,201 - VALO360 - DEBUG - 自動保存已禁用，跳過配置保存
2026-02-04 11:16:29,201 - VALO360 - DEBUG - 自動保存已禁用，跳過配置保存
2026-02-04 11:16:29,202 - VALO360 - DEBUG - 自動保存已禁用，跳過配置保存
2026-02-04 11:16:29,202 - VALO360 - DEBUG - 自動保存已禁用，跳過配置保存
2026-02-04 11:16:29,203 - VALO360 - DEBUG - 自動保存已禁用，跳過配置保存
2026-02-04 11:16:29,203 - VALO360 - DEBUG - 自動保存已禁用，跳過配置保存
2026-02-04 11:16:29,203 - VALO360 - DEBUG - 自動保存已禁用，跳過配置保存
2026-02-04 11:16:29,226 - VALO360 - DEBUG - 自動保存已禁用，跳過配置保存
2026-02-04 11:16:29,226 - VALO360 - DEBUG - 自動保存已禁用，跳過配置保存
2026-02-04 11:16:29,226 - VALO360 - DEBUG - 自動保存已禁用，跳過配置保存
2026-02-04 11:16:29,226 - VALO360 - DEBUG - 自動保存已禁用，跳過配置保存
2026-02-04 11:16:29,226 - VALO360 - DEBUG - 自動保存已禁用，跳過配置保存
2026-02-04 11:16:29,227 - VALO360 - DEBUG - 自動保存已禁用，跳過配置保存
2026-02-04 11:16:29,227 - VALO360 - DEBUG - 自動保存已禁用，跳過配置保存
2026-02-04 11:16:29,228 - VALO360 - DEBUG - 自動保存已禁用，跳過配置保存
2026-02-04 11:16:29,235 - VALO360 - DEBUG - 自動保存已禁用，跳過配置保存
2026-02-04 11:16:29,235 - VALO360 - DEBUG - 自動保存已禁用，跳過配置保存
2026-02-04 11:16:29,237 - VALO360 - DEBUG - 自動保存已禁用，跳過配置保存
2026-02-04 11:16:29,237 - VALO360 - DEBUG - 自動保存已禁用，跳過配置保存
2026-02-04 11:16:29,237 - VALO360 - DEBUG - 自動保存已禁用，跳過配置保存
2026-02-04 11:16:29,237 - VALO360 - DEBUG - 自動保存已禁用，跳過配置保存
2026-02-04 11:16:29,237 - VALO360 - DEBUG - 自動保存已禁用，跳過配置保存
2026-02-04 11:16:29,238 - VALO360 - DEBUG - 自動保存已禁用，跳過配置保存
2026-02-04 11:16:29,253 - VALO360 - DEBUG - 自動保存已禁用，跳過配置保存
2026-02-04 11:16:29,253 - VALO360 - DEBUG - 自動保存已禁用，跳過配置保存
2026-02-04 11:16:29,253 - VALO360 - DEBUG - 自動保存已禁用，跳過配置保存
2026-02-04 11:16:29,255 - VALO360 - DEBUG - 自動保存已禁用，跳過配置保存
2026-02-04 11:16:29,255 - VALO360 - DEBUG - 自動保存已禁用，跳過配置保存
2026-02-04 11:16:29,255 - VALO360 - DEBUG - 自動保存已禁用，跳過配置保存
2026-02-04 11:16:29,255 - VALO360 - DEBUG - 自動保存已禁用，跳過配置保存
2026-02-04 11:16:29,256 - VALO360 - DEBUG - 自動保存已禁用，跳過配置保存
2026-02-04 11:16:29,306 - VALO360 - DEBUG - 自動保存已禁用，跳過配置保存
2026-02-04 11:16:29,306 - VALO360 - DEBUG - 自動保存已禁用，跳過配置保存
2026-02-04 11:16:29,307 - VALO360 - DEBUG - 自動保存已禁用，跳過配置保存
2026-02-04 11:16:29,307 - VALO360 - DEBUG - 自動保存已禁用，跳過配置保存
2026-02-04 11:16:29,307 - VALO360 - DEBUG - 自動保存已禁用，跳過配置保存
2026-02-04 11:16:29,307 - VALO360 - DEBUG - 自動保存已禁用，跳過配置保存
2026-02-04 11:16:29,307 - VALO360 - DEBUG - 自動保存已禁用，跳過配置保存
2026-02-04 11:16:29,307 - VALO360 - DEBUG - 自動保存已禁用，跳過配置保存
2026-02-04 11:16:29,362 - VALO360 - DEBUG - 自動保存已禁用，跳過配置保存
2026-02-04 11:16:29,362 - VALO360 - DEBUG - 自動保存已禁用，跳過配置保存
2026-02-04 11:16:29,362 - VALO360 - DEBUG - 自動保存已禁用，跳過配置保存
2026-02-04 11:16:29,363 - VALO360 - DEBUG - 自動保存已禁用，跳過配置保存
2026-02-04 11:16:29,364 - VALO360 - DEBUG - 自動保存已禁用，跳過配置保存
2026-02-04 11:16:29,364 - VALO360 - DEBUG - 自動保存已禁用，跳過配置保存
2026-02-04 11:16:29,364 - VALO360 - DEBUG - 自動保存已禁用，跳過配置保存
2026-02-04 11:16:29,365 - VALO360 - DEBUG - 自動保存已禁用，跳過配置保存
2026-02-04 11:16:29,365 - VALO360 - DEBUG - 自動保存已禁用，跳過配置保存
2026-02-04 11:16:29,365 - VALO360 - DEBUG - 自動保存已禁用，跳過配置保存
2026-02-04 11:16:29,367 - VALO360 - DEBUG - 自動保存已禁用，跳過配置保存
2026-02-04 11:16:29,367 - VALO360 - DEBUG - 自動保存已禁用，跳過配置保存
2026-02-04 11:16:29,368 - VALO360 - DEBUG - 自動保存已禁用，跳過配置保存
2026-02-04 11:16:29,368 - VALO360 - DEBUG - 自動保存已禁用，跳過配置保存
2026-02-04 11:16:29,368 - VALO360 - DEBUG - 自動保存已禁用，跳過配置保存
2026-02-04 11:16:29,369 - VALO360 - DEBUG - 自動保存已禁用，跳過配置保存
2026-02-04 11:16:29,370 - VALO360 - DEBUG - 自動保存已禁用，跳過配置保存
2026-02-04 11:16:29,370 - VALO360 - DEBUG - 自動保存已禁用，跳過配置保存
2026-02-04 11:16:29,370 - VALO360 - DEBUG - 自動保存已禁用，跳過配置保存
2026-02-04 11:16:29,370 - VALO360 - DEBUG - 自動保存已禁用，跳過配置保存
2026-02-04 11:16:29,372 - VALO360 - DEBUG - 自動保存已禁用，跳過配置保存
2026-02-04 11:16:29,373 - VALO360 - DEBUG - 自動保存已禁用，跳過配置保存
2026-02-04 11:16:29,373 - VALO360 - DEBUG - 自動保存已禁用，跳過配置保存
2026-02-04 11:16:29,373 - VALO360 - DEBUG - 自動保存已禁用，跳過配置保存
2026-02-04 11:16:29,375 - VALO360 - DEBUG - 自動保存已禁用，跳過配置保存
2026-02-04 11:16:29,375 - VALO360 - DEBUG - 自動保存已禁用，跳過配置保存
2026-02-04 11:16:29,375 - VALO360 - DEBUG - 自動保存已禁用，跳過配置保存
2026-02-04 11:16:29,375 - VALO360 - DEBUG - 自動保存已禁用，跳過配置保存
2026-02-04 11:16:29,377 - VALO360 - DEBUG - 自動保存已禁用，跳過配置保存
2026-02-04 11:16:29,377 - VALO360 - DEBUG - 自動保存已禁用，跳過配置保存
2026-02-04 11:16:29,377 - VALO360 - DEBUG - 自動保存已禁用，跳過配置保存
2026-02-04 11:16:29,377 - VALO360 - DEBUG - 自動保存已禁用，跳過配置保存
2026-02-04 11:16:29,379 - VALO360 - DEBUG - 自動保存已禁用，跳過配置保存
2026-02-04 11:16:29,379 - VALO360 - DEBUG - 自動保存已禁用，跳過配置保存
2026-02-04 11:16:29,379 - VALO360 - DEBUG - 自動保存已禁用，跳過配置保存
2026-02-04 11:16:29,379 - VALO360 - DEBUG - 自動保存已禁用，跳過配置保存
2026-02-04 11:16:29,382 - VALO360 - DEBUG - 自動保存已禁用，跳過配置保存
2026-02-04 11:16:29,382 - VALO360 - DEBUG - 自動保存已禁用，跳過配置保存
2026-02-04 11:16:29,382 - VALO360 - DEBUG - 自動保存已禁用，跳過配置保存
2026-02-04 11:16:29,382 - VALO360 - DEBUG - 自動保存已禁用，跳過配置保存
2026-02-04 11:16:29,384 - VALO360 - DEBUG - 自動保存已禁用，跳過配置保存
2026-02-04 11:16:29,384 - VALO360 - DEBUG - 自動保存已禁用，跳過配置保存
2026-02-04 11:16:29,384 - VALO360 - DEBUG - 自動保存已禁用，跳過配置保存
2026-02-04 11:16:29,384 - VALO360 - DEBUG - 自動保存已禁用，跳過配置保存
2026-02-04 11:16:29,385 - VALO360 - DEBUG - 自動保存已禁用，跳過配置保存
2026-02-04 11:16:29,385 - VALO360 - DEBUG - 自動保存已禁用，跳過配置保存
2026-02-04 11:16:29,385 - VALO360 - DEBUG - 自動保存已禁用，跳過配置保存
2026-02-04 11:16:29,387 - VALO360 - DEBUG - 自動保存已禁用，跳過配置保存
2026-02-04 11:16:29,387 - VALO360 - DEBUG - 自動保存已禁用，跳過配置保存
2026-02-04 11:16:29,387 - VALO360 - DEBUG - 自動保存已禁用，跳過配置保存
2026-02-04 11:16:29,389 - VALO360 - DEBUG - 自動保存已禁用，跳過配置保存
2026-02-04 11:16:29,389 - VALO360 - DEBUG - 自動保存已禁用，跳過配置保存
2026-02-04 11:16:29,390 - VALO360 - DEBUG - 自動保存已禁用，跳過配置保存
2026-02-04 11:16:29,390 - VALO360 - DEBUG - 自動保存已禁用，跳過配置保存
2026-02-04 11:16:29,391 - VALO360 - DEBUG - 自動保存已禁用，跳過配置保存
2026-02-04 11:16:29,391 - VALO360 - DEBUG - 自動保存已禁用，跳過配置保存
2026-02-04 11:16:29,393 - VALO360 - DEBUG - 自動保存已禁用，跳過配置保存
2026-02-04 11:16:29,393 - VALO360 - DEBUG - 自動保存已禁用，跳過配置保存
2026-02-04 11:16:29,394 - VALO360 - DEBUG - 自動保存已禁用，跳過配置保存
2026-02-04 11:16:29,394 - VALO360 - DEBUG - 自動保存已禁用，跳過配置保存
2026-02-04 11:16:29,396 - VALO360 - DEBUG - 自動保存已禁用，跳過配置保存
2026-02-04 11:16:29,396 - VALO360 - DEBUG - 自動保存已禁用，跳過配置保存
2026-02-04 11:16:29,396 - VALO360 - DEBUG - 自動保存已禁用，跳過配置保存
2026-02-04 11:16:29,396 - VALO360 - DEBUG - 自動保存已禁用，跳過配置保存
2026-02-04 11:16:29,397 - VALO360 - DEBUG - 自動保存已禁用，跳過配置保存
2026-02-04 11:16:29,397 - VALO360 - DEBUG - 自動保存已禁用，跳過配置保存
2026-02-04 11:16:29,397 - VALO360 - DEBUG - 自動保存已禁用，跳過配置保存
2026-02-04 11:16:29,398 - VALO360 - DEBUG - 自動保存已禁用，跳過配置保存
2026-02-04 11:16:29,400 - VALO360 - DEBUG - 自動保存已禁用，跳過配置保存
2026-02-04 11:16:29,400 - VALO360 - DEBUG - 自動保存已禁用，跳過配置保存
2026-02-04 11:16:29,400 - VALO360 - DEBUG - 自動保存已禁用，跳過配置保存
2026-02-04 11:16:29,400 - VALO360 - DEBUG - 自動保存已禁用，跳過配置保存
2026-02-04 11:16:29,437 - VALO360 - DEBUG - 自動保存已禁用，跳過配置保存
2026-02-04 11:16:29,437 - VALO360 - DEBUG - 自動保存已禁用，跳過配置保存
2026-02-04 11:16:29,438 - VALO360 - DEBUG - 自動保存已禁用，跳過配置保存
2026-02-04 11:16:29,438 - VALO360 - DEBUG - 自動保存已禁用，跳過配置保存
2026-02-04 11:16:29,440 - VALO360 - DEBUG - 自動保存已禁用，跳過配置保存
2026-02-04 11:16:29,440 - VALO360 - DEBUG - 自動保存已禁用，跳過配置保存
2026-02-04 11:16:29,440 - VALO360 - DEBUG - 自動保存已禁用，跳過配置保存
2026-02-04 11:16:29,441 - VALO360 - DEBUG - 自動保存已禁用，跳過配置保存
2026-02-04 11:16:29,444 - VALO360 - DEBUG - 自動保存已禁用，跳過配置保存
2026-02-04 11:16:29,444 - VALO360 - DEBUG - 自動保存已禁用，跳過配置保存
2026-02-04 11:16:29,445 - VALO360 - DEBUG - 自動保存已禁用，跳過配置保存
2026-02-04 11:16:29,445 - VALO360 - DEBUG - 自動保存已禁用，跳過配置保存
2026-02-04 11:16:29,446 - VALO360 - DEBUG - 自動保存已禁用，跳過配置保存
2026-02-04 11:16:29,447 - VALO360 - DEBUG - 自動保存已禁用，跳過配置保存
2026-02-04 11:16:29,447 - VALO360 - DEBUG - 自動保存已禁用，跳過配置保存
2026-02-04 11:16:29,447 - VALO360 - DEBUG - 自動保存已禁用，跳過配置保存
2026-02-04 11:16:29,449 - VALO360 - DEBUG - 自動保存已禁用，跳過配置保存
2026-02-04 11:16:29,449 - VALO360 - DEBUG - 自動保存已禁用，跳過配置保存
2026-02-04 11:16:29,449 - VALO360 - DEBUG - 自動保存已禁用，跳過配置保存
2026-02-04 11:16:29,449 - VALO360 - DEBUG - 自動保存已禁用，跳過配置保存
2026-02-04 11:16:29,451 - VALO360 - DEBUG - 自動保存已禁用，跳過配置保存
2026-02-04 11:16:29,451 - VALO360 - DEBUG - 自動保存已禁用，跳過配置保存
2026-02-04 11:16:29,452 - VALO360 - DEBUG - 自動保存已禁用，跳過配置保存
2026-02-04 11:16:29,452 - VALO360 - DEBUG - 自動保存已禁用，跳過配置保存
2026-02-04 11:16:29,453 - VALO360 - DEBUG - 自動保存已禁用，跳過配置保存
2026-02-04 11:16:29,454 - VALO360 - DEBUG - 自動保存已禁用，跳過配置保存
2026-02-04 11:16:29,454 - VALO360 - DEBUG - 自動保存已禁用，跳過配置保存
2026-02-04 11:16:29,454 - VALO360 - DEBUG - 自動保存已禁用，跳過配置保存
2026-02-04 11:16:29,457 - VALO360 - DEBUG - 自動保存已禁用，跳過配置保存
2026-02-04 11:16:29,457 - VALO360 - DEBUG - 自動保存已禁用，跳過配置保存
2026-02-04 11:16:29,457 - VALO360 - DEBUG - 自動保存已禁用，跳過配置保存
2026-02-04 11:16:29,457 - VALO360 - DEBUG - 自動保存已禁用，跳過配置保存
2026-02-04 11:16:29,457 - VALO360 - DEBUG - 自動保存已禁用，跳過配置保存
2026-02-04 11:16:29,457 - VALO360 - DEBUG - 自動保存已禁用，跳過配置保存
2026-02-04 11:16:29,457 - VALO360 - DEBUG - 自動保存已禁用，跳過配置保存
2026-02-04 11:16:29,460 - VALO360 - DEBUG - 自動保存已禁用，跳過配置保存
2026-02-04 11:16:29,462 - VALO360 - DEBUG - 自動保存已禁用，跳過配置保存
2026-02-04 11:16:29,462 - VALO360 - DEBUG - 自動保存已禁用，跳過配置保存
2026-02-04 11:16:29,462 - VALO360 - DEBUG - 自動保存已禁用，跳過配置保存
2026-02-04 11:16:29,462 - VALO360 - DEBUG - 自動保存已禁用，跳過配置保存
2026-02-04 11:16:29,464 - VALO360 - DEBUG - 自動保存已禁用，跳過配置保存
2026-02-04 11:16:29,464 - VALO360 - DEBUG - 自動保存已禁用，跳過配置保存
2026-02-04 11:16:29,464 - VALO360 - DEBUG - 自動保存已禁用，跳過配置保存
2026-02-04 11:16:29,465 - VALO360 - DEBUG - 自動保存已禁用，跳過配置保存
2026-02-04 11:16:29,465 - VALO360 - DEBUG - 自動保存已禁用，跳過配置保存
2026-02-04 11:16:29,466 - VALO360 - DEBUG - 自動保存已禁用，跳過配置保存
2026-02-04 11:16:29,466 - VALO360 - DEBUG - 自動保存已禁用，跳過配置保存
2026-02-04 11:16:29,466 - VALO360 - DEBUG - 自動保存已禁用，跳過配置保存
2026-02-04 11:16:29,466 - VALO360 - DEBUG - 自動保存已禁用，跳過配置保存
2026-02-04 11:16:29,466 - VALO360 - DEBUG - 自動保存已禁用，跳過配置保存
2026-02-04 11:16:29,469 - VALO360 - DEBUG - 自動保存已禁用，跳過配置保存
2026-02-04 11:16:29,469 - VALO360 - DEBUG - 自動保存已禁用，跳過配置保存
2026-02-04 11:16:29,470 - VALO360 - DEBUG - 自動保存已禁用，跳過配置保存
2026-02-04 11:16:29,471 - VALO360 - DEBUG - 自動保存已禁用，跳過配置保存
2026-02-04 11:16:29,471 - VALO360 - DEBUG - 自動保存已禁用，跳過配置保存
2026-02-04 11:16:29,471 - VALO360 - DEBUG - 自動保存已禁用，跳過配置保存
2026-02-04 11:16:29,474 - VALO360 - DEBUG - 自動保存已禁用，跳過配置保存
2026-02-04 11:16:29,475 - VALO360 - DEBUG - 自動保存已禁用，跳過配置保存
2026-02-04 11:16:29,475 - VALO360 - DEBUG - 自動保存已禁用，跳過配置保存
2026-02-04 11:16:29,475 - VALO360 - DEBUG - 自動保存已禁用，跳過配置保存
2026-02-04 11:16:29,476 - VALO360 - DEBUG - 自動保存已禁用，跳過配置保存
2026-02-04 11:16:29,477 - VALO360 - DEBUG - 自動保存已禁用，跳過配置保存
2026-02-04 11:16:29,477 - VALO360 - DEBUG - 自動保存已禁用，跳過配置保存
2026-02-04 11:16:29,478 - VALO360 - DEBUG - 自動保存已禁用，跳過配置保存
2026-02-04 11:16:29,479 - VALO360 - DEBUG - 自動保存已禁用，跳過配置保存
2026-02-04 11:16:29,479 - VALO360 - DEBUG - 自動保存已禁用，跳過配置保存
2026-02-04 11:16:29,479 - VALO360 - DEBUG - 自動保存已禁用，跳過配置保存
2026-02-04 11:16:29,479 - VALO360 - DEBUG - 自動保存已禁用，跳過配置保存
2026-02-04 11:16:29,481 - VALO360 - DEBUG - 自動保存已禁用，跳過配置保存
2026-02-04 11:16:29,482 - VALO360 - DEBUG - 自動保存已禁用，跳過配置保存
2026-02-04 11:16:29,482 - VALO360 - DEBUG - 自動保存已禁用，跳過配置保存
2026-02-04 11:16:29,482 - VALO360 - DEBUG - 自動保存已禁用，跳過配置保存
2026-02-04 11:16:29,484 - VALO360 - DEBUG - 自動保存已禁用，跳過配置保存
2026-02-04 11:16:29,484 - VALO360 - DEBUG - 自動保存已禁用，跳過配置保存
2026-02-04 11:16:29,485 - VALO360 - DEBUG - 自動保存已禁用，跳過配置保存
2026-02-04 11:16:29,485 - VALO360 - DEBUG - 自動保存已禁用，跳過配置保存
2026-02-04 11:16:29,485 - VALO360 - DEBUG - 自動保存已禁用，跳過配置保存
2026-02-04 11:16:29,485 - VALO360 - DEBUG - 自動保存已禁用，跳過配置保存
2026-02-04 11:16:29,486 - VALO360 - DEBUG - 自動保存已禁用，跳過配置保存
2026-02-04 11:16:29,486 - VALO360 - DEBUG - 自動保存已禁用，跳過配置保存
2026-02-04 11:16:29,488 - VALO360 - DEBUG - 自動保存已禁用，跳過配置保存
2026-02-04 11:16:29,488 - VALO360 - DEBUG - 自動保存已禁用，跳過配置保存
2026-02-04 11:16:29,488 - VALO360 - DEBUG - 自動保存已禁用，跳過配置保存
2026-02-04 11:16:29,488 - VALO360 - DEBUG - 自動保存已禁用，跳過配置保存
2026-02-04 11:16:29,489 - VALO360 - DEBUG - 自動保存已禁用，跳過配置保存
2026-02-04 11:16:29,489 - VALO360 - DEBUG - 自動保存已禁用，跳過配置保存
2026-02-04 11:16:29,490 - VALO360 - DEBUG - 自動保存已禁用，跳過配置保存
2026-02-04 11:16:29,490 - VALO360 - DEBUG - 自動保存已禁用，跳過配置保存
2026-02-04 11:16:29,491 - VALO360 - DEBUG - 自動保存已禁用，跳過配置保存
2026-02-04 11:16:29,491 - VALO360 - DEBUG - 自動保存已禁用，跳過配置保存
2026-02-04 11:16:29,491 - VALO360 - DEBUG - 自動保存已禁用，跳過配置保存
2026-02-04 11:16:29,491 - VALO360 - DEBUG - 自動保存已禁用，跳過配置保存
2026-02-04 11:16:29,493 - VALO360 - DEBUG - 自動保存已禁用，跳過配置保存
2026-02-04 11:16:29,493 - VALO360 - DEBUG - 自動保存已禁用，跳過配置保存
2026-02-04 11:16:29,493 - VALO360 - DEBUG - 自動保存已禁用，跳過配置保存
2026-02-04 11:16:29,493 - VALO360 - DEBUG - 自動保存已禁用，跳過配置保存
2026-02-04 11:16:29,494 - VALO360 - DEBUG - 自動保存已禁用，跳過配置保存
2026-02-04 11:16:29,495 - VALO360 - DEBUG - 自動保存已禁用，跳過配置保存
2026-02-04 11:16:29,495 - VALO360 - DEBUG - 自動保存已禁用，跳過配置保存
2026-02-04 11:16:29,495 - VALO360 - DEBUG - 自動保存已禁用，跳過配置保存
2026-02-04 11:16:29,496 - VALO360 - DEBUG - 自動保存已禁用，跳過配置保存
2026-02-04 11:16:29,496 - VALO360 - DEBUG - 自動保存已禁用，跳過配置保存
2026-02-04 11:16:29,496 - VALO360 - DEBUG - 自動保存已禁用，跳過配置保存
2026-02-04 11:16:29,496 - VALO360 - DEBUG - 自動保存已禁用，跳過配置保存
2026-02-04 11:16:29,497 - VALO360 - DEBUG - 自動保存已禁用，跳過配置保存
2026-02-04 11:16:29,497 - VALO360 - DEBUG - 自動保存已禁用，跳過配置保存
2026-02-04 11:16:29,498 - VALO360 - DEBUG - 自動保存已禁用，跳過配置保存
2026-02-04 11:16:29,498 - VALO360 - DEBUG - 自動保存已禁用，跳過配置保存
2026-02-04 11:16:29,500 - VALO360 - DEBUG - 自動保存已禁用，跳過配置保存
2026-02-04 11:16:29,500 - VALO360 - DEBUG - 自動保存已禁用，跳過配置保存
2026-02-04 11:16:29,500 - VALO360 - DEBUG - 自動保存已禁用，跳過配置保存
2026-02-04 11:16:29,500 - VALO360 - DEBUG - 自動保存已禁用，跳過配置保存
2026-02-04 11:16:29,501 - VALO360 - DEBUG - 自動保存已禁用，跳過配置保存
2026-02-04 11:16:29,501 - VALO360 - DEBUG - 自動保存已禁用，跳過配置保存
2026-02-04 11:16:29,501 - VALO360 - DEBUG - 自動保存已禁用，跳過配置保存
2026-02-04 11:16:29,501 - VALO360 - DEBUG - 自動保存已禁用，跳過配置保存
2026-02-04 11:16:29,503 - VALO360 - DEBUG - 自動保存已禁用，跳過配置保存
2026-02-04 11:16:29,503 - VALO360 - DEBUG - 自動保存已禁用，跳過配置保存
2026-02-04 11:16:29,503 - VALO360 - DEBUG - 自動保存已禁用，跳過配置保存
2026-02-04 11:16:29,503 - VALO360 - DEBUG - 自動保存已禁用，跳過配置保存
2026-02-04 11:16:29,504 - VALO360 - DEBUG - 自動保存已禁用，跳過配置保存
2026-02-04 11:16:29,505 - VALO360 - DEBUG - 自動保存已禁用，跳過配置保存
2026-02-04 11:16:29,505 - VALO360 - DEBUG - 自動保存已禁用，跳過配置保存
2026-02-04 11:16:29,505 - VALO360 - DEBUG - 自動保存已禁用，跳過配置保存
2026-02-04 11:16:29,506 - VALO360 - DEBUG - 自動保存已禁用，跳過配置保存
2026-02-04 11:16:29,506 - VALO360 - DEBUG - 自動保存已禁用，跳過配置保存
2026-02-04 11:16:29,507 - VALO360 - DEBUG - 自動保存已禁用，跳過配置保存
2026-02-04 11:16:29,507 - VALO360 - DEBUG - 自動保存已禁用，跳過配置保存
2026-02-04 11:16:29,507 - VALO360 - DEBUG - 自動保存已禁用，跳過配置保存
2026-02-04 11:16:29,507 - VALO360 - DEBUG - 自動保存已禁用，跳過配置保存
2026-02-04 11:16:29,507 - VALO360 - DEBUG - 自動保存已禁用，跳過配置保存
2026-02-04 11:16:29,509 - VALO360 - DEBUG - 自動保存已禁用，跳過配置保存
2026-02-04 11:16:29,509 - VALO360 - DEBUG - 自動保存已禁用，跳過配置保存
2026-02-04 11:16:29,510 - VALO360 - DEBUG - 自動保存已禁用，跳過配置保存
2026-02-04 11:16:29,510 - VALO360 - DEBUG - 自動保存已禁用，跳過配置保存
2026-02-04 11:16:29,511 - VALO360 - DEBUG - 自動保存已禁用，跳過配置保存
2026-02-04 11:16:29,511 - VALO360 - DEBUG - 自動保存已禁用，跳過配置保存
2026-02-04 11:16:29,512 - VALO360 - DEBUG - 自動保存已禁用，跳過配置保存
2026-02-04 11:16:29,512 - VALO360 - DEBUG - 自動保存已禁用，跳過配置保存
2026-02-04 11:16:29,512 - VALO360 - DEBUG - 自動保存已禁用，跳過配置保存
2026-02-04 11:16:29,514 - VALO360 - DEBUG - 自動保存已禁用，跳過配置保存
2026-02-04 11:16:29,514 - VALO360 - DEBUG - 自動保存已禁用，跳過配置保存
2026-02-04 11:16:29,514 - VALO360 - DEBUG - 自動保存已禁用，跳過配置保存
2026-02-04 11:16:29,514 - VALO360 - DEBUG - 自動保存已禁用，跳過配置保存
2026-02-04 11:16:29,515 - VALO360 - DEBUG - 自動保存已禁用，跳過配置保存
2026-02-04 11:16:29,515 - VALO360 - DEBUG - 自動保存已禁用，跳過配置保存
2026-02-04 11:16:29,515 - VALO360 - DEBUG - 自動保存已禁用，跳過配置保存
2026-02-04 11:16:29,515 - VALO360 - DEBUG - 自動保存已禁用，跳過配置保存
2026-02-04 11:16:29,517 - VALO360 - DEBUG - 自動保存已禁用，跳過配置保存
2026-02-04 11:16:29,517 - VALO360 - DEBUG - 自動保存已禁用，跳過配置保存
2026-02-04 11:16:29,517 - VALO360 - DEBUG - 自動保存已禁用，跳過配置保存
2026-02-04 11:16:29,517 - VALO360 - DEBUG - 自動保存已禁用，跳過配置保存
2026-02-04 11:16:29,518 - VALO360 - DEBUG - 自動保存已禁用，跳過配置保存
2026-02-04 11:16:29,518 - VALO360 - DEBUG - 自動保存已禁用，跳過配置保存
2026-02-04 11:16:29,519 - VALO360 - DEBUG - 自動保存已禁用，跳過配置保存
2026-02-04 11:16:29,519 - VALO360 - DEBUG - 自動保存已禁用，跳過配置保存
2026-02-04 11:16:29,520 - VALO360 - DEBUG - 自動保存已禁用，跳過配置保存
2026-02-04 11:16:29,520 - VALO360 - DEBUG - 自動保存已禁用，跳過配置保存
2026-02-04 11:16:29,521 - VALO360 - DEBUG - 自動保存已禁用，跳過配置保存
2026-02-04 11:16:29,521 - VALO360 - DEBUG - 自動保存已禁用，跳過配置保存
2026-02-04 11:16:29,522 - VALO360 - DEBUG - 自動保存已禁用，跳過配置保存
2026-02-04 11:16:29,522 - VALO360 - DEBUG - 自動保存已禁用，跳過配置保存
2026-02-04 11:16:29,522 - VALO360 - DEBUG - 自動保存已禁用，跳過配置保存
2026-02-04 11:16:29,522 - VALO360 - DEBUG - 自動保存已禁用，跳過配置保存
2026-02-04 11:16:29,522 - VALO360 - DEBUG - 自動保存已禁用，跳過配置保存
2026-02-04 11:16:29,522 - VALO360 - DEBUG - 自動保存已禁用，跳過配置保存
2026-02-04 11:16:29,525 - VALO360 - DEBUG - 自動保存已禁用，跳過配置保存
2026-02-04 11:16:29,525 - VALO360 - DEBUG - 自動保存已禁用，跳過配置保存
2026-02-04 11:16:29,526 - VALO360 - DEBUG - 自動保存已禁用，跳過配置保存
2026-02-04 11:16:29,526 - VALO360 - DEBUG - 自動保存已禁用，跳過配置保存
2026-02-04 11:16:29,526 - VALO360 - DEBUG - 自動保存已禁用，跳過配置保存
2026-02-04 11:16:29,526 - VALO360 - DEBUG - 自動保存已禁用，跳過配置保存
2026-02-04 11:16:29,527 - VALO360 - DEBUG - 自動保存已禁用，跳過配置保存
2026-02-04 11:16:29,527 - VALO360 - DEBUG - 自動保存已禁用，跳過配置保存
2026-02-04 11:16:29,528 - VALO360 - DEBUG - 自動保存已禁用，跳過配置保存
2026-02-04 11:16:29,528 - VALO360 - DEBUG - 自動保存已禁用，跳過配置保存
2026-02-04 11:16:29,529 - VALO360 - DEBUG - 自動保存已禁用，跳過配置保存
2026-02-04 11:16:29,529 - VALO360 - DEBUG - 自動保存已禁用，跳過配置保存
2026-02-04 11:16:29,529 - VALO360 - DEBUG - 自動保存已禁用，跳過配置保存
2026-02-04 11:16:29,529 - VALO360 - DEBUG - 自動保存已禁用，跳過配置保存
2026-02-04 11:16:29,532 - VALO360 - DEBUG - 自動保存已禁用，跳過配置保存
2026-02-04 11:16:29,532 - VALO360 - DEBUG - 自動保存已禁用，跳過配置保存
2026-02-04 11:16:29,532 - VALO360 - DEBUG - 自動保存已禁用，跳過配置保存
2026-02-04 11:16:29,532 - VALO360 - DEBUG - 自動保存已禁用，跳過配置保存
2026-02-04 11:16:29,535 - VALO360 - DEBUG - 自動保存已禁用，跳過配置保存
2026-02-04 11:16:29,535 - VALO360 - DEBUG - 自動保存已禁用，跳過配置保存
2026-02-04 11:16:29,535 - VALO360 - DEBUG - 自動保存已禁用，跳過配置保存
2026-02-04 11:16:29,536 - VALO360 - DEBUG - 自動保存已禁用，跳過配置保存
2026-02-04 11:16:29,537 - VALO360 - DEBUG - 自動保存已禁用，跳過配置保存
2026-02-04 11:16:29,538 - VALO360 - DEBUG - 自動保存已禁用，跳過配置保存
2026-02-04 11:16:29,538 - VALO360 - DEBUG - 自動保存已禁用，跳過配置保存
2026-02-04 11:16:29,538 - VALO360 - DEBUG - 自動保存已禁用，跳過配置保存
2026-02-04 11:16:29,540 - VALO360 - DEBUG - 自動保存已禁用，跳過配置保存
2026-02-04 11:16:29,540 - VALO360 - DEBUG - 自動保存已禁用，跳過配置保存
2026-02-04 11:16:29,540 - VALO360 - DEBUG - 自動保存已禁用，跳過配置保存
2026-02-04 11:16:29,540 - VALO360 - DEBUG - 自動保存已禁用，跳過配置保存
2026-02-04 11:16:29,542 - VALO360 - DEBUG - 自動保存已禁用，跳過配置保存
2026-02-04 11:16:29,542 - VALO360 - DEBUG - 自動保存已禁用，跳過配置保存
2026-02-04 11:16:29,542 - VALO360 - DEBUG - 自動保存已禁用，跳過配置保存
2026-02-04 11:16:29,543 - VALO360 - DEBUG - 自動保存已禁用，跳過配置保存
2026-02-04 11:16:29,543 - VALO360 - DEBUG - 自動保存已禁用，跳過配置保存
2026-02-04 11:16:29,543 - VALO360 - DEBUG - 自動保存已禁用，跳過配置保存
2026-02-04 11:16:29,545 - VALO360 - DEBUG - 自動保存已禁用，跳過配置保存
2026-02-04 11:16:29,545 - VALO360 - DEBUG - 自動保存已禁用，跳過配置保存
2026-02-04 11:16:29,546 - VALO360 - DEBUG - 自動保存已禁用，跳過配置保存
2026-02-04 11:16:29,546 - VALO360 - DEBUG - 自動保存已禁用，跳過配置保存
2026-02-04 11:16:29,546 - VALO360 - DEBUG - 自動保存已禁用，跳過配置保存
2026-02-04 11:16:29,546 - VALO360 - DEBUG - 自動保存已禁用，跳過配置保存
2026-02-04 11:16:29,547 - VALO360 - DEBUG - 自動保存已禁用，跳過配置保存
2026-02-04 11:16:29,548 - VALO360 - DEBUG - 自動保存已禁用，跳過配置保存
2026-02-04 11:16:29,548 - VALO360 - DEBUG - 自動保存已禁用，跳過配置保存
2026-02-04 11:16:29,549 - VALO360 - DEBUG - 自動保存已禁用，跳過配置保存
2026-02-04 11:16:29,554 - VALO360 - DEBUG - 自動保存已禁用，跳過配置保存
2026-02-04 11:16:29,554 - VALO360 - DEBUG - 自動保存已禁用，跳過配置保存
2026-02-04 11:16:29,554 - VALO360 - DEBUG - 自動保存已禁用，跳過配置保存
2026-02-04 11:16:29,555 - VALO360 - DEBUG - 自動保存已禁用，跳過配置保存
2026-02-04 11:16:29,556 - VALO360 - DEBUG - 自動保存已禁用，跳過配置保存
2026-02-04 11:16:29,556 - VALO360 - DEBUG - 自動保存已禁用，跳過配置保存
2026-02-04 11:16:29,557 - VALO360 - DEBUG - 自動保存已禁用，跳過配置保存
2026-02-04 11:16:29,557 - VALO360 - DEBUG - 自動保存已禁用，跳過配置保存
2026-02-04 11:16:29,557 - VALO360 - DEBUG - 自動保存已禁用，跳過配置保存
2026-02-04 11:16:29,557 - VALO360 - DEBUG - 自動保存已禁用，跳過配置保存
2026-02-04 11:16:29,557 - VALO360 - DEBUG - 自動保存已禁用，跳過配置保存
2026-02-04 11:16:29,557 - VALO360 - DEBUG - 自動保存已禁用，跳過配置保存
2026-02-04 11:16:29,560 - VALO360 - DEBUG - 自動保存已禁用，跳過配置保存
2026-02-04 11:16:29,560 - VALO360 - DEBUG - 自動保存已禁用，跳過配置保存
2026-02-04 11:16:29,560 - VALO360 - DEBUG - 自動保存已禁用，跳過配置保存
2026-02-04 11:16:29,561 - VALO360 - DEBUG - 自動保存已禁用，跳過配置保存
2026-02-04 11:16:29,561 - VALO360 - DEBUG - 自動保存已禁用，跳過配置保存
2026-02-04 11:16:29,562 - VALO360 - DEBUG - 自動保存已禁用，跳過配置保存
2026-02-04 11:16:29,562 - VALO360 - DEBUG - 自動保存已禁用，跳過配置保存
2026-02-04 11:16:29,562 - VALO360 - DEBUG - 自動保存已禁用，跳過配置保存
2026-02-04 11:16:29,563 - VALO360 - DEBUG - 自動保存已禁用，跳過配置保存
2026-02-04 11:16:29,563 - VALO360 - DEBUG - 自動保存已禁用，跳過配置保存
2026-02-04 11:16:29,564 - VALO360 - DEBUG - 自動保存已禁用，跳過配置保存
2026-02-04 11:16:29,564 - VALO360 - DEBUG - 自動保存已禁用，跳過配置保存
2026-02-04 11:16:29,565 - VALO360 - DEBUG - 自動保存已禁用，跳過配置保存
2026-02-04 11:16:29,565 - VALO360 - DEBUG - 自動保存已禁用，跳過配置保存
2026-02-04 11:16:29,565 - VALO360 - DEBUG - 自動保存已禁用，跳過配置保存
2026-02-04 11:16:29,565 - VALO360 - DEBUG - 自動保存已禁用，跳過配置保存
2026-02-04 11:16:29,567 - VALO360 - DEBUG - 自動保存已禁用，跳過配置保存
2026-02-04 11:16:29,567 - VALO360 - DEBUG - 自動保存已禁用，跳過配置保存
2026-02-04 11:16:29,567 - VALO360 - DEBUG - 自動保存已禁用，跳過配置保存
2026-02-04 11:16:29,567 - VALO360 - DEBUG - 自動保存已禁用，跳過配置保存
2026-02-04 11:16:29,567 - VALO360 - DEBUG - 自動保存已禁用，跳過配置保存
2026-02-04 11:16:29,569 - VALO360 - DEBUG - 自動保存已禁用，跳過配置保存
2026-02-04 11:16:29,569 - VALO360 - DEBUG - 自動保存已禁用，跳過配置保存
2026-02-04 11:16:29,569 - VALO360 - DEBUG - 自動保存已禁用，跳過配置保存
2026-02-04 11:16:29,570 - VALO360 - DEBUG - 自動保存已禁用，跳過配置保存
2026-02-04 11:16:29,570 - VALO360 - DEBUG - 自動保存已禁用，跳過配置保存
2026-02-04 11:16:29,570 - VALO360 - DEBUG - 自動保存已禁用，跳過配置保存
2026-02-04 11:16:29,571 - VALO360 - DEBUG - 自動保存已禁用，跳過配置保存
2026-02-04 11:16:29,572 - VALO360 - DEBUG - 自動保存已禁用，跳過配置保存
2026-02-04 11:16:29,572 - VALO360 - DEBUG - 自動保存已禁用，跳過配置保存
2026-02-04 11:16:29,572 - VALO360 - DEBUG - 自動保存已禁用，跳過配置保存
2026-02-04 11:16:29,572 - VALO360 - DEBUG - 自動保存已禁用，跳過配置保存
2026-02-04 11:16:29,572 - VALO360 - DEBUG - 自動保存已禁用，跳過配置保存
2026-02-04 11:16:29,572 - VALO360 - DEBUG - 自動保存已禁用，跳過配置保存
2026-02-04 11:16:29,572 - VALO360 - DEBUG - 自動保存已禁用，跳過配置保存
2026-02-04 11:16:29,575 - VALO360 - DEBUG - 自動保存已禁用，跳過配置保存
2026-02-04 11:16:29,575 - VALO360 - DEBUG - 自動保存已禁用，跳過配置保存
2026-02-04 11:16:29,576 - VALO360 - DEBUG - 自動保存已禁用，跳過配置保存
2026-02-04 11:16:29,576 - VALO360 - DEBUG - 自動保存已禁用，跳過配置保存
2026-02-04 11:16:29,576 - VALO360 - DEBUG - 自動保存已禁用，跳過配置保存
2026-02-04 11:16:29,582 - VALO360 - DEBUG - 自動保存已禁用，跳過配置保存
2026-02-04 11:16:29,582 - VALO360 - DEBUG - 自動保存已禁用，跳過配置保存
2026-02-04 11:16:29,582 - VALO360 - DEBUG - 自動保存已禁用，跳過配置保存
2026-02-04 11:16:29,584 - VALO360 - DEBUG - 自動保存已禁用，跳過配置保存
2026-02-04 11:16:29,584 - VALO360 - DEBUG - 自動保存已禁用，跳過配置保存
2026-02-04 11:16:29,585 - VALO360 - DEBUG - 自動保存已禁用，跳過配置保存
2026-02-04 11:16:29,585 - VALO360 - DEBUG - 自動保存已禁用，跳過配置保存
2026-02-04 11:16:29,585 - VALO360 - DEBUG - 自動保存已禁用，跳過配置保存
2026-02-04 11:16:29,587 - VALO360 - DEBUG - 自動保存已禁用，跳過配置保存
2026-02-04 11:16:29,588 - VALO360 - DEBUG - 自動保存已禁用，跳過配置保存
2026-02-04 11:16:29,589 - VALO360 - DEBUG - 自動保存已禁用，跳過配置保存
2026-02-04 11:16:29,589 - VALO360 - DEBUG - 自動保存已禁用，跳過配置保存
2026-02-04 11:16:29,720 - VALO360 - DEBUG - 自動保存已禁用，跳過配置保存
2026-02-04 11:16:29,720 - VALO360 - DEBUG - 自動保存已禁用，跳過配置保存
2026-02-04 11:16:29,721 - VALO360 - DEBUG - 自動保存已禁用，跳過配置保存
2026-02-04 11:16:29,721 - VALO360 - DEBUG - 自動保存已禁用，跳過配置保存
2026-02-04 11:16:29,722 - VALO360 - DEBUG - 自動保存已禁用，跳過配置保存
2026-02-04 11:16:29,722 - VALO360 - DEBUG - 自動保存已禁用，跳過配置保存
2026-02-04 11:16:29,722 - VALO360 - DEBUG - 自動保存已禁用，跳過配置保存
2026-02-04 11:16:29,722 - VALO360 - DEBUG - 自動保存已禁用，跳過配置保存
2026-02-04 11:16:29,724 - VALO360 - DEBUG - 自動保存已禁用，跳過配置保存
2026-02-04 11:16:29,724 - VALO360 - DEBUG - 自動保存已禁用，跳過配置保存
2026-02-04 11:16:29,725 - VALO360 - DEBUG - 自動保存已禁用，跳過配置保存
2026-02-04 11:16:29,725 - VALO360 - DEBUG - 自動保存已禁用，跳過配置保存
2026-02-04 11:16:29,726 - VALO360 - DEBUG - 自動保存已禁用，跳過配置保存
2026-02-04 11:16:29,726 - VALO360 - DEBUG - 自動保存已禁用，跳過配置保存
2026-02-04 11:16:29,726 - VALO360 - DEBUG - 自動保存已禁用，跳過配置保存
2026-02-04 11:16:29,726 - VALO360 - DEBUG - 自動保存已禁用，跳過配置保存
2026-02-04 11:16:29,727 - VALO360 - DEBUG - 自動保存已禁用，跳過配置保存
2026-02-04 11:16:29,727 - VALO360 - DEBUG - 自動保存已禁用，跳過配置保存
2026-02-04 11:16:29,728 - VALO360 - DEBUG - 自動保存已禁用，跳過配置保存
2026-02-04 11:16:29,728 - VALO360 - DEBUG - 自動保存已禁用，跳過配置保存
2026-02-04 11:16:29,728 - VALO360 - DEBUG - 自動保存已禁用，跳過配置保存
2026-02-04 11:16:29,728 - VALO360 - DEBUG - 自動保存已禁用，跳過配置保存
2026-02-04 11:16:29,728 - VALO360 - DEBUG - 自動保存已禁用，跳過配置保存
2026-02-04 11:16:29,728 - VALO360 - DEBUG - 自動保存已禁用，跳過配置保存
2026-02-04 11:16:29,728 - VALO360 - DEBUG - 自動保存已禁用，跳過配置保存
2026-02-04 11:16:29,731 - VALO360 - DEBUG - 自動保存已禁用，跳過配置保存
2026-02-04 11:16:29,731 - VALO360 - DEBUG - 自動保存已禁用，跳過配置保存
2026-02-04 11:16:29,732 - VALO360 - DEBUG - 自動保存已禁用，跳過配置保存
2026-02-04 11:16:29,732 - VALO360 - DEBUG - 自動保存已禁用，跳過配置保存
2026-02-04 11:16:29,732 - VALO360 - DEBUG - 自動保存已禁用，跳過配置保存
2026-02-04 11:16:29,732 - VALO360 - DEBUG - 自動保存已禁用，跳過配置保存
2026-02-04 11:16:29,732 - VALO360 - DEBUG - 自動保存已禁用，跳過配置保存
2026-02-04 11:16:29,732 - VALO360 - DEBUG - 自動保存已禁用，跳過配置保存
2026-02-04 11:16:29,734 - VALO360 - DEBUG - 自動保存已禁用，跳過配置保存
2026-02-04 11:16:29,734 - VALO360 - DEBUG - 自動保存已禁用，跳過配置保存
2026-02-04 11:16:29,734 - VALO360 - DEBUG - 自動保存已禁用，跳過配置保存
2026-02-04 11:16:29,735 - VALO360 - DEBUG - 自動保存已禁用，跳過配置保存
2026-02-04 11:16:29,735 - VALO360 - DEBUG - 自動保存已禁用，跳過配置保存
2026-02-04 11:16:29,735 - VALO360 - DEBUG - 自動保存已禁用，跳過配置保存
2026-02-04 11:16:29,735 - VALO360 - DEBUG - 自動保存已禁用，跳過配置保存
2026-02-04 11:16:29,738 - VALO360 - DEBUG - 自動保存已禁用，跳過配置保存
2026-02-04 11:16:29,740 - VALO360 - DEBUG - 自動保存已禁用，跳過配置保存
2026-02-04 11:16:29,740 - VALO360 - DEBUG - 自動保存已禁用，跳過配置保存
2026-02-04 11:16:29,740 - VALO360 - DEBUG - 自動保存已禁用，跳過配置保存
2026-02-04 11:16:46,987 - VALO360 - DEBUG - 自動保存已禁用，跳過配置保存
2026-02-04 11:16:46,987 - VALO360 - DEBUG - 自動保存已禁用，跳過配置保存
2026-02-04 11:16:46,987 - VALO360 - DEBUG - 自動保存已禁用，跳過配置保存
2026-02-04 11:16:46,988 - VALO360 - DEBUG - 自動保存已禁用，跳過配置保存
2026-02-04 11:16:46,995 - VALO360 - DEBUG - 自動保存已禁用，跳過配置保存
2026-02-04 11:16:46,995 - VALO360 - DEBUG - 自動保存已禁用，跳過配置保存
2026-02-04 11:16:46,995 - VALO360 - DEBUG - 自動保存已禁用，跳過配置保存
2026-02-04 11:16:46,996 - VALO360 - DEBUG - 自動保存已禁用，跳過配置保存
2026-02-04 11:16:46,999 - VALO360 - DEBUG - 自動保存已禁用，跳過配置保存
2026-02-04 11:16:46,999 - VALO360 - DEBUG - 自動保存已禁用，跳過配置保存
2026-02-04 11:16:46,999 - VALO360 - DEBUG - 自動保存已禁用，跳過配置保存
2026-02-04 11:16:47,000 - VALO360 - DEBUG - 自動保存已禁用，跳過配置保存
2026-02-04 11:16:47,007 - VALO360 - DEBUG - 自動保存已禁用，跳過配置保存
2026-02-04 11:16:47,007 - VALO360 - DEBUG - 自動保存已禁用，跳過配置保存
2026-02-04 11:16:47,007 - VALO360 - DEBUG - 自動保存已禁用，跳過配置保存
2026-02-04 11:16:47,007 - VALO360 - DEBUG - 自動保存已禁用，跳過配置保存
2026-02-04 11:16:47,011 - VALO360 - DEBUG - 自動保存已禁用，跳過配置保存
2026-02-04 11:16:47,011 - VALO360 - DEBUG - 自動保存已禁用，跳過配置保存
2026-02-04 11:16:47,011 - VALO360 - DEBUG - 自動保存已禁用，跳過配置保存
2026-02-04 11:16:47,011 - VALO360 - DEBUG - 自動保存已禁用，跳過配置保存
2026-02-04 11:16:47,012 - VALO360 - DEBUG - 自動保存已禁用，跳過配置保存
2026-02-04 11:16:47,012 - VALO360 - DEBUG - 自動保存已禁用，跳過配置保存
2026-02-04 11:16:47,012 - VALO360 - DEBUG - 自動保存已禁用，跳過配置保存
2026-02-04 11:16:47,012 - VALO360 - DEBUG - 自動保存已禁用，跳過配置保存
2026-02-04 11:16:47,016 - VALO360 - DEBUG - 自動保存已禁用，跳過配置保存
2026-02-04 11:16:47,016 - VALO360 - DEBUG - 自動保存已禁用，跳過配置保存
2026-02-04 11:16:47,017 - VALO360 - DEBUG - 自動保存已禁用，跳過配置保存
2026-02-04 11:16:47,017 - VALO360 - DEBUG - 自動保存已禁用，跳過配置保存
2026-02-04 11:16:47,019 - VALO360 - DEBUG - 自動保存已禁用，跳過配置保存
2026-02-04 11:16:47,019 - VALO360 - DEBUG - 自動保存已禁用，跳過配置保存
2026-02-04 11:16:47,019 - VALO360 - DEBUG - 自動保存已禁用，跳過配置保存
2026-02-04 11:16:47,019 - VALO360 - DEBUG - 自動保存已禁用，跳過配置保存
2026-02-04 11:16:47,022 - VALO360 - DEBUG - 自動保存已禁用，跳過配置保存
2026-02-04 11:16:47,024 - VALO360 - DEBUG - 自動保存已禁用，跳過配置保存
2026-02-04 11:16:47,024 - VALO360 - DEBUG - 自動保存已禁用，跳過配置保存
2026-02-04 11:16:47,024 - VALO360 - DEBUG - 自動保存已禁用，跳過配置保存
2026-02-04 11:16:47,026 - VALO360 - DEBUG - 自動保存已禁用，跳過配置保存
2026-02-04 11:16:47,026 - VALO360 - DEBUG - 自動保存已禁用，跳過配置保存
2026-02-04 11:16:47,027 - VALO360 - DEBUG - 自動保存已禁用，跳過配置保存
2026-02-04 11:16:47,027 - VALO360 - DEBUG - 自動保存已禁用，跳過配置保存
2026-02-04 11:16:47,028 - VALO360 - DEBUG - 自動保存已禁用，跳過配置保存
2026-02-04 11:16:47,028 - VALO360 - DEBUG - 自動保存已禁用，跳過配置保存
2026-02-04 11:16:47,029 - VALO360 - DEBUG - 自動保存已禁用，跳過配置保存
2026-02-04 11:16:47,029 - VALO360 - DEBUG - 自動保存已禁用，跳過配置保存
2026-02-04 11:16:47,029 - VALO360 - DEBUG - 自動保存已禁用，跳過配置保存
2026-02-04 11:16:47,029 - VALO360 - DEBUG - 自動保存已禁用，跳過配置保存
2026-02-04 11:16:47,029 - VALO360 - DEBUG - 自動保存已禁用，跳過配置保存
2026-02-04 11:16:47,030 - VALO360 - DEBUG - 自動保存已禁用，跳過配置保存
2026-02-04 11:16:47,032 - VALO360 - DEBUG - 自動保存已禁用，跳過配置保存
2026-02-04 11:16:47,032 - VALO360 - DEBUG - 自動保存已禁用，跳過配置保存
2026-02-04 11:16:47,032 - VALO360 - DEBUG - 自動保存已禁用，跳過配置保存
2026-02-04 11:16:47,033 - VALO360 - DEBUG - 自動保存已禁用，跳過配置保存
2026-02-04 11:16:47,034 - VALO360 - DEBUG - 自動保存已禁用，跳過配置保存
2026-02-04 11:16:47,034 - VALO360 - DEBUG - 自動保存已禁用，跳過配置保存
2026-02-04 11:16:47,035 - VALO360 - DEBUG - 自動保存已禁用，跳過配置保存
2026-02-04 11:16:47,035 - VALO360 - DEBUG - 自動保存已禁用，跳過配置保存
2026-02-04 11:16:47,035 - VALO360 - DEBUG - 自動保存已禁用，跳過配置保存
2026-02-04 11:16:47,036 - VALO360 - DEBUG - 自動保存已禁用，跳過配置保存
2026-02-04 11:16:47,036 - VALO360 - DEBUG - 自動保存已禁用，跳過配置保存
2026-02-04 11:16:47,036 - VALO360 - DEBUG - 自動保存已禁用，跳過配置保存
2026-02-04 11:16:47,039 - VALO360 - DEBUG - 自動保存已禁用，跳過配置保存
2026-02-04 11:16:47,039 - VALO360 - DEBUG - 自動保存已禁用，跳過配置保存
2026-02-04 11:16:47,039 - VALO360 - DEBUG - 自動保存已禁用，跳過配置保存
2026-02-04 11:16:47,040 - VALO360 - DEBUG - 自動保存已禁用，跳過配置保存
2026-02-04 11:16:47,042 - VALO360 - DEBUG - 自動保存已禁用，跳過配置保存
2026-02-04 11:16:47,042 - VALO360 - DEBUG - 自動保存已禁用，跳過配置保存
2026-02-04 11:16:47,043 - VALO360 - DEBUG - 自動保存已禁用，跳過配置保存
2026-02-04 11:16:47,043 - VALO360 - DEBUG - 自動保存已禁用，跳過配置保存
2026-02-04 11:16:47,045 - VALO360 - DEBUG - 自動保存已禁用，跳過配置保存
2026-02-04 11:16:47,045 - VALO360 - DEBUG - 自動保存已禁用，跳過配置保存
2026-02-04 11:16:47,045 - VALO360 - DEBUG - 自動保存已禁用，跳過配置保存
2026-02-04 11:16:47,045 - VALO360 - DEBUG - 自動保存已禁用，跳過配置保存
2026-02-04 11:16:47,046 - VALO360 - DEBUG - 自動保存已禁用，跳過配置保存
2026-02-04 11:16:47,046 - VALO360 - DEBUG - 自動保存已禁用，跳過配置保存
2026-02-04 11:16:47,046 - VALO360 - DEBUG - 自動保存已禁用，跳過配置保存
2026-02-04 11:16:47,047 - VALO360 - DEBUG - 自動保存已禁用，跳過配置保存
2026-02-04 11:16:47,048 - VALO360 - DEBUG - 自動保存已禁用，跳過配置保存
2026-02-04 11:16:47,050 - VALO360 - DEBUG - 自動保存已禁用，跳過配置保存
2026-02-04 11:16:47,050 - VALO360 - DEBUG - 自動保存已禁用，跳過配置保存
2026-02-04 11:16:47,050 - VALO360 - DEBUG - 自動保存已禁用，跳過配置保存
2026-02-04 11:16:47,053 - VALO360 - DEBUG - 自動保存已禁用，跳過配置保存
2026-02-04 11:16:47,053 - VALO360 - DEBUG - 自動保存已禁用，跳過配置保存
2026-02-04 11:16:47,053 - VALO360 - DEBUG - 自動保存已禁用，跳過配置保存
2026-02-04 11:16:47,054 - VALO360 - DEBUG - 自動保存已禁用，跳過配置保存
2026-02-04 11:16:47,056 - VALO360 - DEBUG - 自動保存已禁用，跳過配置保存
2026-02-04 11:16:47,056 - VALO360 - DEBUG - 自動保存已禁用，跳過配置保存
2026-02-04 11:16:47,057 - VALO360 - DEBUG - 自動保存已禁用，跳過配置保存
2026-02-04 11:16:47,057 - VALO360 - DEBUG - 自動保存已禁用，跳過配置保存
2026-02-04 11:16:47,060 - VALO360 - DEBUG - 自動保存已禁用，跳過配置保存
2026-02-04 11:16:47,060 - VALO360 - DEBUG - 自動保存已禁用，跳過配置保存
2026-02-04 11:16:47,060 - VALO360 - DEBUG - 自動保存已禁用，跳過配置保存
2026-02-04 11:16:47,061 - VALO360 - DEBUG - 自動保存已禁用，跳過配置保存
2026-02-04 11:16:47,062 - VALO360 - DEBUG - 自動保存已禁用，跳過配置保存
2026-02-04 11:16:47,062 - VALO360 - DEBUG - 自動保存已禁用，跳過配置保存
2026-02-04 11:16:47,062 - VALO360 - DEBUG - 自動保存已禁用，跳過配置保存
2026-02-04 11:16:47,062 - VALO360 - DEBUG - 自動保存已禁用，跳過配置保存
2026-02-04 11:16:47,064 - VALO360 - DEBUG - 自動保存已禁用，跳過配置保存
2026-02-04 11:16:47,065 - VALO360 - DEBUG - 自動保存已禁用，跳過配置保存
2026-02-04 11:16:47,065 - VALO360 - DEBUG - 自動保存已禁用，跳過配置保存
2026-02-04 11:16:47,065 - VALO360 - DEBUG - 自動保存已禁用，跳過配置保存
2026-02-04 11:16:47,067 - VALO360 - DEBUG - 自動保存已禁用，跳過配置保存
2026-02-04 11:16:47,067 - VALO360 - DEBUG - 自動保存已禁用，跳過配置保存
2026-02-04 11:16:47,067 - VALO360 - DEBUG - 自動保存已禁用，跳過配置保存
2026-02-04 11:16:47,067 - VALO360 - DEBUG - 自動保存已禁用，跳過配置保存
2026-02-04 11:16:47,069 - VALO360 - DEBUG - 自動保存已禁用，跳過配置保存
2026-02-04 11:16:47,070 - VALO360 - DEBUG - 自動保存已禁用，跳過配置保存
2026-02-04 11:16:47,070 - VALO360 - DEBUG - 自動保存已禁用，跳過配置保存
2026-02-04 11:16:47,070 - VALO360 - DEBUG - 自動保存已禁用，跳過配置保存
2026-02-04 11:16:47,071 - VALO360 - DEBUG - 自動保存已禁用，跳過配置保存
2026-02-04 11:16:47,072 - VALO360 - DEBUG - 自動保存已禁用，跳過配置保存
2026-02-04 11:16:47,072 - VALO360 - DEBUG - 自動保存已禁用，跳過配置保存
2026-02-04 11:16:47,072 - VALO360 - DEBUG - 自動保存已禁用，跳過配置保存
2026-02-04 11:16:47,075 - VALO360 - DEBUG - 自動保存已禁用，跳過配置保存
2026-02-04 11:16:47,076 - VALO360 - DEBUG - 自動保存已禁用，跳過配置保存
2026-02-04 11:16:47,076 - VALO360 - DEBUG - 自動保存已禁用，跳過配置保存
2026-02-04 11:16:47,076 - VALO360 - DEBUG - 自動保存已禁用，跳過配置保存
2026-02-04 11:16:47,078 - VALO360 - DEBUG - 自動保存已禁用，跳過配置保存
2026-02-04 11:16:47,078 - VALO360 - DEBUG - 自動保存已禁用，跳過配置保存
2026-02-04 11:16:47,078 - VALO360 - DEBUG - 自動保存已禁用，跳過配置保存
2026-02-04 11:16:47,079 - VALO360 - DEBUG - 自動保存已禁用，跳過配置保存
2026-02-04 11:16:47,079 - VALO360 - DEBUG - 自動保存已禁用，跳過配置保存
2026-02-04 11:16:47,079 - VALO360 - DEBUG - 自動保存已禁用，跳過配置保存
2026-02-04 11:16:47,080 - VALO360 - DEBUG - 自動保存已禁用，跳過配置保存
2026-02-04 11:16:47,080 - VALO360 - DEBUG - 自動保存已禁用，跳過配置保存
2026-02-04 11:16:47,082 - VALO360 - DEBUG - 自動保存已禁用，跳過配置保存
2026-02-04 11:16:47,082 - VALO360 - DEBUG - 自動保存已禁用，跳過配置保存
2026-02-04 11:16:47,084 - VALO360 - DEBUG - 自動保存已禁用，跳過配置保存
2026-02-04 11:16:47,084 - VALO360 - DEBUG - 自動保存已禁用，跳過配置保存
2026-02-04 11:16:47,085 - VALO360 - DEBUG - 自動保存已禁用，跳過配置保存
2026-02-04 11:16:47,085 - VALO360 - DEBUG - 自動保存已禁用，跳過配置保存
2026-02-04 11:16:47,085 - VALO360 - DEBUG - 自動保存已禁用，跳過配置保存
2026-02-04 11:16:47,085 - VALO360 - DEBUG - 自動保存已禁用，跳過配置保存
2026-02-04 11:16:47,090 - VALO360 - DEBUG - 自動保存已禁用，跳過配置保存
2026-02-04 11:16:47,090 - VALO360 - DEBUG - 自動保存已禁用，跳過配置保存
2026-02-04 11:16:47,090 - VALO360 - DEBUG - 自動保存已禁用，跳過配置保存
2026-02-04 11:16:47,091 - VALO360 - DEBUG - 自動保存已禁用，跳過配置保存
2026-02-04 11:16:47,093 - VALO360 - DEBUG - 自動保存已禁用，跳過配置保存
2026-02-04 11:16:47,093 - VALO360 - DEBUG - 自動保存已禁用，跳過配置保存
2026-02-04 11:16:47,094 - VALO360 - DEBUG - 自動保存已禁用，跳過配置保存
2026-02-04 11:16:47,094 - VALO360 - DEBUG - 自動保存已禁用，跳過配置保存
2026-02-04 11:16:47,096 - VALO360 - DEBUG - 自動保存已禁用，跳過配置保存
2026-02-04 11:16:47,096 - VALO360 - DEBUG - 自動保存已禁用，跳過配置保存
2026-02-04 11:16:47,096 - VALO360 - DEBUG - 自動保存已禁用，跳過配置保存
2026-02-04 11:16:47,096 - VALO360 - DEBUG - 自動保存已禁用，跳過配置保存
2026-02-04 11:16:47,098 - VALO360 - DEBUG - 自動保存已禁用，跳過配置保存
2026-02-04 11:16:47,098 - VALO360 - DEBUG - 自動保存已禁用，跳過配置保存
2026-02-04 11:16:47,098 - VALO360 - DEBUG - 自動保存已禁用，跳過配置保存
2026-02-04 11:16:47,098 - VALO360 - DEBUG - 自動保存已禁用，跳過配置保存
2026-02-04 11:16:47,100 - VALO360 - DEBUG - 自動保存已禁用，跳過配置保存
2026-02-04 11:16:47,101 - VALO360 - DEBUG - 自動保存已禁用，跳過配置保存
2026-02-04 11:16:47,101 - VALO360 - DEBUG - 自動保存已禁用，跳過配置保存
2026-02-04 11:16:47,101 - VALO360 - DEBUG - 自動保存已禁用，跳過配置保存
2026-02-04 11:16:47,103 - VALO360 - DEBUG - 自動保存已禁用，跳過配置保存
2026-02-04 11:16:47,103 - VALO360 - DEBUG - 自動保存已禁用，跳過配置保存
2026-02-04 11:16:47,104 - VALO360 - DEBUG - 自動保存已禁用，跳過配置保存
2026-02-04 11:16:47,104 - VALO360 - DEBUG - 自動保存已禁用，跳過配置保存
2026-02-04 11:16:47,106 - VALO360 - DEBUG - 自動保存已禁用，跳過配置保存
2026-02-04 11:16:47,107 - VALO360 - DEBUG - 自動保存已禁用，跳過配置保存
2026-02-04 11:16:47,107 - VALO360 - DEBUG - 自動保存已禁用，跳過配置保存
2026-02-04 11:16:47,107 - VALO360 - DEBUG - 自動保存已禁用，跳過配置保存
2026-02-04 11:16:47,109 - VALO360 - DEBUG - 自動保存已禁用，跳過配置保存
2026-02-04 11:16:47,109 - VALO360 - DEBUG - 自動保存已禁用，跳過配置保存
2026-02-04 11:16:47,109 - VALO360 - DEBUG - 自動保存已禁用，跳過配置保存
2026-02-04 11:16:47,109 - VALO360 - DEBUG - 自動保存已禁用，跳過配置保存
2026-02-04 11:16:47,111 - VALO360 - DEBUG - 自動保存已禁用，跳過配置保存
2026-02-04 11:16:47,112 - VALO360 - DEBUG - 自動保存已禁用，跳過配置保存
2026-02-04 11:16:47,112 - VALO360 - DEBUG - 自動保存已禁用，跳過配置保存
2026-02-04 11:16:47,112 - VALO360 - DEBUG - 自動保存已禁用，跳過配置保存
2026-02-04 11:16:47,117 - VALO360 - DEBUG - 自動保存已禁用，跳過配置保存
2026-02-04 11:16:47,117 - VALO360 - DEBUG - 自動保存已禁用，跳過配置保存
2026-02-04 11:16:47,117 - VALO360 - DEBUG - 自動保存已禁用，跳過配置保存
2026-02-04 11:16:47,117 - VALO360 - DEBUG - 自動保存已禁用，跳過配置保存
2026-02-04 11:16:47,119 - VALO360 - DEBUG - 自動保存已禁用，跳過配置保存
2026-02-04 11:16:47,119 - VALO360 - DEBUG - 自動保存已禁用，跳過配置保存
2026-02-04 11:16:47,119 - VALO360 - DEBUG - 自動保存已禁用，跳過配置保存
2026-02-04 11:16:47,119 - VALO360 - DEBUG - 自動保存已禁用，跳過配置保存
2026-02-04 11:16:47,122 - VALO360 - DEBUG - 自動保存已禁用，跳過配置保存
2026-02-04 11:16:47,122 - VALO360 - DEBUG - 自動保存已禁用，跳過配置保存
2026-02-04 11:16:47,122 - VALO360 - DEBUG - 自動保存已禁用，跳過配置保存
2026-02-04 11:16:47,122 - VALO360 - DEBUG - 自動保存已禁用，跳過配置保存
2026-02-04 11:16:47,131 - VALO360 - DEBUG - 自動保存已禁用，跳過配置保存
2026-02-04 11:16:47,131 - VALO360 - DEBUG - 自動保存已禁用，跳過配置保存
2026-02-04 11:16:47,131 - VALO360 - DEBUG - 自動保存已禁用，跳過配置保存
2026-02-04 11:16:47,133 - VALO360 - DEBUG - 自動保存已禁用，跳過配置保存
2026-02-04 11:16:47,134 - VALO360 - DEBUG - 自動保存已禁用，跳過配置保存
2026-02-04 11:16:47,134 - VALO360 - DEBUG - 自動保存已禁用，跳過配置保存
2026-02-04 11:16:47,135 - VALO360 - DEBUG - 自動保存已禁用，跳過配置保存
2026-02-04 11:16:47,135 - VALO360 - DEBUG - 自動保存已禁用，跳過配置保存
2026-02-04 11:16:47,135 - VALO360 - DEBUG - 自動保存已禁用，跳過配置保存
2026-02-04 11:16:47,135 - VALO360 - DEBUG - 自動保存已禁用，跳過配置保存
2026-02-04 11:16:47,137 - VALO360 - DEBUG - 自動保存已禁用，跳過配置保存
2026-02-04 11:16:47,137 - VALO360 - DEBUG - 自動保存已禁用，跳過配置保存
2026-02-04 11:16:47,138 - VALO360 - DEBUG - 自動保存已禁用，跳過配置保存
2026-02-04 11:16:47,138 - VALO360 - DEBUG - 自動保存已禁用，跳過配置保存
2026-02-04 11:16:47,138 - VALO360 - DEBUG - 自動保存已禁用，跳過配置保存
2026-02-04 11:16:47,139 - VALO360 - DEBUG - 自動保存已禁用，跳過配置保存
2026-02-04 11:16:47,141 - VALO360 - DEBUG - 自動保存已禁用，跳過配置保存
2026-02-04 11:16:47,142 - VALO360 - DEBUG - 自動保存已禁用，跳過配置保存
2026-02-04 11:16:47,142 - VALO360 - DEBUG - 自動保存已禁用，跳過配置保存
2026-02-04 11:16:47,143 - VALO360 - DEBUG - 自動保存已禁用，跳過配置保存
2026-02-04 11:16:47,144 - VALO360 - DEBUG - 自動保存已禁用，跳過配置保存
2026-02-04 11:16:47,144 - VALO360 - DEBUG - 自動保存已禁用，跳過配置保存
2026-02-04 11:16:47,145 - VALO360 - DEBUG - 自動保存已禁用，跳過配置保存
2026-02-04 11:16:47,145 - VALO360 - DEBUG - 自動保存已禁用，跳過配置保存
2026-02-04 11:16:47,146 - VALO360 - DEBUG - 自動保存已禁用，跳過配置保存
2026-02-04 11:16:47,146 - VALO360 - DEBUG - 自動保存已禁用，跳過配置保存
2026-02-04 11:16:47,146 - VALO360 - DEBUG - 自動保存已禁用，跳過配置保存
2026-02-04 11:16:47,147 - VALO360 - DEBUG - 自動保存已禁用，跳過配置保存
2026-02-04 11:16:47,147 - VALO360 - DEBUG - 自動保存已禁用，跳過配置保存
2026-02-04 11:16:47,147 - VALO360 - DEBUG - 自動保存已禁用，跳過配置保存
2026-02-04 11:16:47,148 - VALO360 - DEBUG - 自動保存已禁用，跳過配置保存
2026-02-04 11:16:47,148 - VALO360 - DEBUG - 自動保存已禁用，跳過配置保存
2026-02-04 11:16:55,325 - VALO360 - DEBUG - 自動保存已禁用，跳過配置保存
2026-02-04 11:16:55,326 - VALO360 - DEBUG - 配置已備份至: backup\setup_backup_20260204_111655.json
2026-02-04 11:16:55,329 - VALO360 - DEBUG - 配置保存成功
2026-02-04 11:16:55,329 - VALO360 - DEBUG - 自動保存已禁用，跳過配置保存
2026-02-04 11:16:55,332 - VALO360 - DEBUG - 自動保存已禁用，跳過配置保存
2026-02-04 11:16:55,518 - VALO360 - DEBUG - 自動保存已禁用，跳過配置保存
2026-02-04 11:16:55,518 - VALO360 - DEBUG - 自動保存已禁用，跳過配置保存
2026-02-04 11:16:55,519 - VALO360 - DEBUG - 自動保存已禁用，跳過配置保存
2026-02-04 11:16:55,519 - VALO360 - DEBUG - 自動保存已禁用，跳過配置保存
2026-02-04 11:16:55,520 - VALO360 - DEBUG - 自動保存已禁用，跳過配置保存
2026-02-04 11:16:55,520 - VALO360 - DEBUG - 自動保存已禁用，跳過配置保存
2026-02-04 11:16:55,520 - VALO360 - DEBUG - 自動保存已禁用，跳過配置保存
2026-02-04 11:16:55,520 - VALO360 - DEBUG - 自動保存已禁用，跳過配置保存
2026-02-04 11:16:55,522 - VALO360 - DEBUG - 自動保存已禁用，跳過配置保存
2026-02-04 11:16:55,524 - VALO360 - DEBUG - 自動保存已禁用，跳過配置保存
2026-02-04 11:16:55,524 - VALO360 - DEBUG - 自動保存已禁用，跳過配置保存
2026-02-04 11:16:55,525 - VALO360 - DEBUG - 自動保存已禁用，跳過配置保存
2026-02-04 11:16:55,525 - VALO360 - DEBUG - 自動保存已禁用，跳過配置保存
2026-02-04 11:16:55,526 - VALO360 - DEBUG - 自動保存已禁用，跳過配置保存
2026-02-04 11:16:55,526 - VALO360 - DEBUG - 自動保存已禁用，跳過配置保存
2026-02-04 11:16:55,526 - VALO360 - DEBUG - 自動保存已禁用，跳過配置保存
2026-02-04 11:16:56,712 - VALO360 - DEBUG - 找到指令檔: D:\((Python TOOL\指令工具-20250428T020034Z-001\360-command-tool\dist\Command_TABLE\command.txt
2026-02-04 11:16:56,738 - VALO360 - INFO - 成功載入 94 個指令
2026-02-04 11:16:56,748 - VALO360 - INFO - 運行日誌: main.py 啟動
2026-02-04 11:16:56,748 - VALO360 - INFO - 指令通主程式啟動
2026-02-04 11:16:56,748 - VALO360 - INFO - 運行日誌: 成功 import TabManager
2026-02-04 11:16:56,748 - VALO360 - INFO - UI模組導入成功
2026-02-04 11:16:56,748 - VALO360 - INFO - 程式啟動時檢查安全簽名...
2026-02-04 11:16:56,749 - VALO360 - INFO - 安全簽名驗證通過，開始創建GUI...
2026-02-04 11:16:56,749 - VALO360 - INFO - 日誌系統初始化完成
2026-02-04 11:16:56,749 - VALO360 - DEBUG - ConfigManager: 自動保存已禁用
2026-02-04 11:16:56,749 - VALO360 - INFO - ConfigManager自動保存已禁用
2026-02-04 11:16:56,749 - VALO360 - INFO - 未找到關鍵字高亮設定文件，使用空設定
2026-02-04 11:16:56,872 - VALO360 - DEBUG - 配置已備份至: backup\setup_backup_20260204_111656.json
2026-02-04 11:16:56,872 - VALO360 - DEBUG - 配置載入成功
2026-02-04 11:16:56,874 - VALO360 - INFO - 統一設定管理器已初始化
2026-02-04 11:16:56,936 - VALO360 - DEBUG - 自動保存已禁用，跳過配置保存
2026-02-04 11:16:56,953 - VALO360 - DEBUG - 找到 2 個COM口: ['COM4', 'COM7']
2026-02-04 11:16:57,185 - VALO360 - DEBUG - 自動保存已禁用，跳過配置保存
2026-02-04 11:16:58,132 - VALO360 - DEBUG - 找到 2 個COM口: ['COM4', 'COM7']
2026-02-04 11:16:58,988 - VALO360 - INFO - 圖示檔案不存在: C:\Users\PEGA_U~1\AppData\Local\Temp\_MEI21482\assets\icon.ico
2026-02-04 11:16:58,988 - VALO360 - INFO - 視窗設置完成: PEGA指令通_2.5.1 (1522x741)
2026-02-04 11:16:58,988 - VALO360 - INFO - 程式啟動時更新標籤頁名稱
2026-02-04 11:16:58,988 - VALO360 - INFO - 應用程式啟動完成，進入主循環
2026-02-04 11:16:58,993 - VALO360 - DEBUG - 找到 2 個COM口: ['COM4', 'COM7']
2026-02-04 11:16:59,040 - VALO360 - DEBUG - 自動保存已禁用，跳過配置保存
2026-02-04 11:16:59,040 - VALO360 - DEBUG - 自動保存已禁用，跳過配置保存
2026-02-04 11:16:59,041 - VALO360 - DEBUG - 自動保存已禁用，跳過配置保存
2026-02-04 11:16:59,041 - VALO360 - DEBUG - 自動保存已禁用，跳過配置保存
2026-02-04 11:16:59,053 - VALO360 - DEBUG - 自動保存已禁用，跳過配置保存
2026-02-04 11:16:59,054 - VALO360 - DEBUG - 自動保存已禁用，跳過配置保存
2026-02-04 11:16:59,054 - VALO360 - DEBUG - 自動保存已禁用，跳過配置保存
2026-02-04 11:16:59,054 - VALO360 - DEBUG - 自動保存已禁用，跳過配置保存
2026-02-04 11:16:59,055 - VALO360 - DEBUG - 自動保存已禁用，跳過配置保存
2026-02-04 11:16:59,055 - VALO360 - DEBUG - 自動保存已禁用，跳過配置保存
2026-02-04 11:16:59,056 - VALO360 - DEBUG - 自動保存已禁用，跳過配置保存
2026-02-04 11:16:59,057 - VALO360 - DEBUG - 自動保存已禁用，跳過配置保存
2026-02-04 11:16:59,057 - VALO360 - DEBUG - 自動保存已禁用，跳過配置保存
2026-02-04 11:16:59,057 - VALO360 - DEBUG - 自動保存已禁用，跳過配置保存
2026-02-04 11:16:59,057 - VALO360 - DEBUG - 自動保存已禁用，跳過配置保存
2026-02-04 11:16:59,059 - VALO360 - DEBUG - 自動保存已禁用，跳過配置保存
2026-02-04 11:16:59,059 - VALO360 - DEBUG - 自動保存已禁用，跳過配置保存
2026-02-04 11:16:59,061 - VALO360 - DEBUG - 自動保存已禁用，跳過配置保存
2026-02-04 11:16:59,061 - VALO360 - DEBUG - 自動保存已禁用，跳過配置保存
2026-02-04 11:16:59,061 - VALO360 - DEBUG - 自動保存已禁用，跳過配置保存
2026-02-04 11:16:59,062 - VALO360 - DEBUG - 自動保存已禁用，跳過配置保存
2026-02-04 11:16:59,062 - VALO360 - DEBUG - 自動保存已禁用，跳過配置保存
2026-02-04 11:16:59,062 - VALO360 - DEBUG - 自動保存已禁用，跳過配置保存
2026-02-04 11:16:59,062 - VALO360 - DEBUG - 自動保存已禁用，跳過配置保存
2026-02-04 11:16:59,063 - VALO360 - DEBUG - 自動保存已禁用，跳過配置保存
2026-02-04 11:16:59,064 - VALO360 - DEBUG - 自動保存已禁用，跳過配置保存
2026-02-04 11:16:59,064 - VALO360 - DEBUG - 自動保存已禁用，跳過配置保存
2026-02-04 11:16:59,064 - VALO360 - DEBUG - 自動保存已禁用，跳過配置保存
2026-02-04 11:16:59,065 - VALO360 - DEBUG - 自動保存已禁用，跳過配置保存
2026-02-04 11:16:59,065 - VALO360 - DEBUG - 自動保存已禁用，跳過配置保存
2026-02-04 11:16:59,065 - VALO360 - DEBUG - 自動保存已禁用，跳過配置保存
2026-02-04 11:16:59,065 - VALO360 - DEBUG - 自動保存已禁用，跳過配置保存
2026-02-04 11:16:59,066 - VALO360 - DEBUG - 自動保存已禁用，跳過配置保存
2026-02-04 11:16:59,066 - VALO360 - DEBUG - 自動保存已禁用，跳過配置保存
2026-02-04 11:16:59,066 - VALO360 - DEBUG - 自動保存已禁用，跳過配置保存
2026-02-04 11:16:59,066 - VALO360 - DEBUG - 自動保存已禁用，跳過配置保存
2026-02-04 11:16:59,068 - VALO360 - DEBUG - 自動保存已禁用，跳過配置保存
2026-02-04 11:16:59,068 - VALO360 - DEBUG - 自動保存已禁用，跳過配置保存
2026-02-04 11:16:59,069 - VALO360 - DEBUG - 自動保存已禁用，跳過配置保存
2026-02-04 11:16:59,069 - VALO360 - DEBUG - 自動保存已禁用，跳過配置保存
2026-02-04 11:16:59,070 - VALO360 - DEBUG - 自動保存已禁用，跳過配置保存
2026-02-04 11:16:59,070 - VALO360 - DEBUG - 自動保存已禁用，跳過配置保存
2026-02-04 11:16:59,070 - VALO360 - DEBUG - 自動保存已禁用，跳過配置保存
2026-02-04 11:16:59,070 - VALO360 - DEBUG - 自動保存已禁用，跳過配置保存
2026-02-04 11:16:59,072 - VALO360 - DEBUG - 自動保存已禁用，跳過配置保存
2026-02-04 11:16:59,072 - VALO360 - DEBUG - 自動保存已禁用，跳過配置保存
2026-02-04 11:16:59,072 - VALO360 - DEBUG - 自動保存已禁用，跳過配置保存
2026-02-04 11:16:59,074 - VALO360 - DEBUG - 自動保存已禁用，跳過配置保存
2026-02-04 11:16:59,074 - VALO360 - DEBUG - 自動保存已禁用，跳過配置保存
2026-02-04 11:16:59,074 - VALO360 - DEBUG - 自動保存已禁用，跳過配置保存
2026-02-04 11:16:59,075 - VALO360 - DEBUG - 自動保存已禁用，跳過配置保存
2026-02-04 11:16:59,075 - VALO360 - DEBUG - 自動保存已禁用，跳過配置保存
2026-02-04 11:16:59,076 - VALO360 - DEBUG - 自動保存已禁用，跳過配置保存
2026-02-04 11:16:59,076 - VALO360 - DEBUG - 自動保存已禁用，跳過配置保存
2026-02-04 11:16:59,076 - VALO360 - DEBUG - 自動保存已禁用，跳過配置保存
2026-02-04 11:16:59,077 - VALO360 - DEBUG - 自動保存已禁用，跳過配置保存
2026-02-04 11:16:59,077 - VALO360 - DEBUG - 自動保存已禁用，跳過配置保存
2026-02-04 11:16:59,077 - VALO360 - DEBUG - 自動保存已禁用，跳過配置保存
2026-02-04 11:16:59,079 - VALO360 - DEBUG - 自動保存已禁用，跳過配置保存
2026-02-04 11:16:59,079 - VALO360 - DEBUG - 自動保存已禁用，跳過配置保存
2026-02-04 11:16:59,079 - VALO360 - DEBUG - 自動保存已禁用，跳過配置保存
2026-02-04 11:16:59,081 - VALO360 - DEBUG - 自動保存已禁用，跳過配置保存
2026-02-04 11:16:59,081 - VALO360 - DEBUG - 自動保存已禁用，跳過配置保存
2026-02-04 11:16:59,081 - VALO360 - DEBUG - 自動保存已禁用，跳過配置保存
2026-02-04 11:16:59,082 - VALO360 - DEBUG - 自動保存已禁用，跳過配置保存
2026-02-04 11:16:59,082 - VALO360 - DEBUG - 自動保存已禁用，跳過配置保存
2026-02-04 11:16:59,082 - VALO360 - DEBUG - 自動保存已禁用，跳過配置保存
2026-02-04 11:16:59,084 - VALO360 - DEBUG - 自動保存已禁用，跳過配置保存
2026-02-04 11:16:59,084 - VALO360 - DEBUG - 自動保存已禁用，跳過配置保存
2026-02-04 11:16:59,084 - VALO360 - DEBUG - 自動保存已禁用，跳過配置保存
2026-02-04 11:16:59,084 - VALO360 - DEBUG - 自動保存已禁用，跳過配置保存
2026-02-04 11:16:59,084 - VALO360 - DEBUG - 自動保存已禁用，跳過配置保存
2026-02-04 11:16:59,084 - VALO360 - DEBUG - 自動保存已禁用，跳過配置保存
2026-02-04 11:16:59,086 - VALO360 - DEBUG - 自動保存已禁用，跳過配置保存
2026-02-04 11:16:59,086 - VALO360 - DEBUG - 自動保存已禁用，跳過配置保存
2026-02-04 11:16:59,086 - VALO360 - DEBUG - 自動保存已禁用，跳過配置保存
2026-02-04 11:16:59,087 - VALO360 - DEBUG - 自動保存已禁用，跳過配置保存
2026-02-04 11:16:59,087 - VALO360 - DEBUG - 自動保存已禁用，跳過配置保存
2026-02-04 11:16:59,088 - VALO360 - DEBUG - 自動保存已禁用，跳過配置保存
2026-02-04 11:16:59,088 - VALO360 - DEBUG - 自動保存已禁用，跳過配置保存
2026-02-04 11:16:59,090 - VALO360 - DEBUG - 自動保存已禁用，跳過配置保存
2026-02-04 11:16:59,090 - VALO360 - DEBUG - 自動保存已禁用，跳過配置保存
2026-02-04 11:16:59,091 - VALO360 - DEBUG - 自動保存已禁用，跳過配置保存
2026-02-04 11:16:59,091 - VALO360 - DEBUG - 自動保存已禁用，跳過配置保存
2026-02-04 11:16:59,091 - VALO360 - DEBUG - 自動保存已禁用，跳過配置保存
2026-02-04 11:16:59,092 - VALO360 - DEBUG - 自動保存已禁用，跳過配置保存
2026-02-04 11:16:59,092 - VALO360 - DEBUG - 自動保存已禁用，跳過配置保存
2026-02-04 11:16:59,092 - VALO360 - DEBUG - 自動保存已禁用，跳過配置保存
2026-02-04 11:16:59,092 - VALO360 - DEBUG - 自動保存已禁用，跳過配置保存
2026-02-04 11:16:59,093 - VALO360 - DEBUG - 自動保存已禁用，跳過配置保存
2026-02-04 11:16:59,093 - VALO360 - DEBUG - 自動保存已禁用，跳過配置保存
2026-02-04 11:16:59,093 - VALO360 - DEBUG - 自動保存已禁用，跳過配置保存
2026-02-04 11:16:59,093 - VALO360 - DEBUG - 自動保存已禁用，跳過配置保存
2026-02-04 11:16:59,094 - VALO360 - DEBUG - 自動保存已禁用，跳過配置保存
2026-02-04 11:16:59,094 - VALO360 - DEBUG - 自動保存已禁用，跳過配置保存
2026-02-04 11:16:59,095 - VALO360 - DEBUG - 自動保存已禁用，跳過配置保存
2026-02-04 11:16:59,095 - VALO360 - DEBUG - 自動保存已禁用，跳過配置保存
2026-02-04 11:16:59,096 - VALO360 - DEBUG - 自動保存已禁用，跳過配置保存
2026-02-04 11:16:59,096 - VALO360 - DEBUG - 自動保存已禁用，跳過配置保存
2026-02-04 11:16:59,096 - VALO360 - DEBUG - 自動保存已禁用，跳過配置保存
2026-02-04 11:16:59,096 - VALO360 - DEBUG - 自動保存已禁用，跳過配置保存
2026-02-04 11:16:59,096 - VALO360 - DEBUG - 自動保存已禁用，跳過配置保存
2026-02-04 11:16:59,097 - VALO360 - DEBUG - 自動保存已禁用，跳過配置保存
2026-02-04 11:16:59,097 - VALO360 - DEBUG - 自動保存已禁用，跳過配置保存
2026-02-04 11:16:59,097 - VALO360 - DEBUG - 自動保存已禁用，跳過配置保存
2026-02-04 11:16:59,097 - VALO360 - DEBUG - 自動保存已禁用，跳過配置保存
2026-02-04 11:16:59,097 - VALO360 - DEBUG - 自動保存已禁用，跳過配置保存
2026-02-04 11:16:59,097 - VALO360 - DEBUG - 自動保存已禁用，跳過配置保存
2026-02-04 11:16:59,098 - VALO360 - DEBUG - 自動保存已禁用，跳過配置保存
2026-02-04 11:16:59,099 - VALO360 - DEBUG - 自動保存已禁用，跳過配置保存
2026-02-04 11:16:59,099 - VALO360 - DEBUG - 自動保存已禁用，跳過配置保存
2026-02-04 11:16:59,099 - VALO360 - DEBUG - 自動保存已禁用，跳過配置保存
2026-02-04 11:16:59,099 - VALO360 - DEBUG - 自動保存已禁用，跳過配置保存
2026-02-04 11:16:59,100 - VALO360 - DEBUG - 自動保存已禁用，跳過配置保存
2026-02-04 11:16:59,100 - VALO360 - DEBUG - 自動保存已禁用，跳過配置保存
2026-02-04 11:16:59,101 - VALO360 - DEBUG - 自動保存已禁用，跳過配置保存
2026-02-04 11:16:59,101 - VALO360 - DEBUG - 自動保存已禁用，跳過配置保存
2026-02-04 11:16:59,101 - VALO360 - DEBUG - 自動保存已禁用，跳過配置保存
2026-02-04 11:16:59,101 - VALO360 - DEBUG - 自動保存已禁用，跳過配置保存
2026-02-04 11:16:59,101 - VALO360 - DEBUG - 自動保存已禁用，跳過配置保存
2026-02-04 11:16:59,102 - VALO360 - DEBUG - 自動保存已禁用，跳過配置保存
2026-02-04 11:16:59,102 - VALO360 - DEBUG - 自動保存已禁用，跳過配置保存
2026-02-04 11:16:59,103 - VALO360 - DEBUG - 自動保存已禁用，跳過配置保存
2026-02-04 11:16:59,103 - VALO360 - DEBUG - 自動保存已禁用，跳過配置保存
2026-02-04 11:16:59,103 - VALO360 - DEBUG - 自動保存已禁用，跳過配置保存
2026-02-04 11:16:59,103 - VALO360 - DEBUG - 自動保存已禁用，跳過配置保存
2026-02-04 11:16:59,104 - VALO360 - DEBUG - 自動保存已禁用，跳過配置保存
2026-02-04 11:16:59,104 - VALO360 - DEBUG - 自動保存已禁用，跳過配置保存
2026-02-04 11:16:59,104 - VALO360 - DEBUG - 自動保存已禁用，跳過配置保存
2026-02-04 11:16:59,105 - VALO360 - DEBUG - 自動保存已禁用，跳過配置保存
2026-02-04 11:16:59,105 - VALO360 - DEBUG - 自動保存已禁用，跳過配置保存
2026-02-04 11:16:59,105 - VALO360 - DEBUG - 自動保存已禁用，跳過配置保存
2026-02-04 11:16:59,105 - VALO360 - DEBUG - 自動保存已禁用，跳過配置保存
2026-02-04 11:16:59,105 - VALO360 - DEBUG - 自動保存已禁用，跳過配置保存
2026-02-04 11:16:59,106 - VALO360 - DEBUG - 自動保存已禁用，跳過配置保存
2026-02-04 11:16:59,106 - VALO360 - DEBUG - 自動保存已禁用，跳過配置保存
2026-02-04 11:16:59,107 - VALO360 - DEBUG - 自動保存已禁用，跳過配置保存
2026-02-04 11:16:59,107 - VALO360 - DEBUG - 自動保存已禁用，跳過配置保存
2026-02-04 11:16:59,107 - VALO360 - DEBUG - 自動保存已禁用，跳過配置保存
2026-02-04 11:16:59,107 - VALO360 - DEBUG - 自動保存已禁用，跳過配置保存
2026-02-04 11:16:59,108 - VALO360 - DEBUG - 自動保存已禁用，跳過配置保存
2026-02-04 11:16:59,108 - VALO360 - DEBUG - 自動保存已禁用，跳過配置保存
2026-02-04 11:16:59,108 - VALO360 - DEBUG - 自動保存已禁用，跳過配置保存
2026-02-04 11:16:59,108 - VALO360 - DEBUG - 自動保存已禁用，跳過配置保存
2026-02-04 11:16:59,109 - VALO360 - DEBUG - 自動保存已禁用，跳過配置保存
2026-02-04 11:16:59,109 - VALO360 - DEBUG - 自動保存已禁用，跳過配置保存
2026-02-04 11:16:59,109 - VALO360 - DEBUG - 自動保存已禁用，跳過配置保存
2026-02-04 11:16:59,109 - VALO360 - DEBUG - 自動保存已禁用，跳過配置保存
2026-02-04 11:16:59,110 - VALO360 - DEBUG - 自動保存已禁用，跳過配置保存
2026-02-04 11:16:59,110 - VALO360 - DEBUG - 自動保存已禁用，跳過配置保存
2026-02-04 11:16:59,111 - VALO360 - DEBUG - 自動保存已禁用，跳過配置保存
2026-02-04 11:16:59,111 - VALO360 - DEBUG - 自動保存已禁用，跳過配置保存
2026-02-04 11:16:59,111 - VALO360 - DEBUG - 自動保存已禁用，跳過配置保存
2026-02-04 11:16:59,111 - VALO360 - DEBUG - 自動保存已禁用，跳過配置保存
2026-02-04 11:16:59,111 - VALO360 - DEBUG - 自動保存已禁用，跳過配置保存
2026-02-04 11:16:59,112 - VALO360 - DEBUG - 自動保存已禁用，跳過配置保存
2026-02-04 11:16:59,112 - VALO360 - DEBUG - 自動保存已禁用，跳過配置保存
2026-02-04 11:16:59,112 - VALO360 - DEBUG - 自動保存已禁用，跳過配置保存
2026-02-04 11:16:59,112 - VALO360 - DEBUG - 自動保存已禁用，跳過配置保存
2026-02-04 11:16:59,113 - VALO360 - DEBUG - 自動保存已禁用，跳過配置保存
2026-02-04 11:16:59,114 - VALO360 - DEBUG - 自動保存已禁用，跳過配置保存
2026-02-04 11:16:59,114 - VALO360 - DEBUG - 自動保存已禁用，跳過配置保存
2026-02-04 11:16:59,114 - VALO360 - DEBUG - 自動保存已禁用，跳過配置保存
2026-02-04 11:16:59,114 - VALO360 - DEBUG - 自動保存已禁用，跳過配置保存
2026-02-04 11:16:59,115 - VALO360 - DEBUG - 自動保存已禁用，跳過配置保存
2026-02-04 11:16:59,115 - VALO360 - DEBUG - 自動保存已禁用，跳過配置保存
2026-02-04 11:16:59,115 - VALO360 - DEBUG - 自動保存已禁用，跳過配置保存
2026-02-04 11:16:59,115 - VALO360 - DEBUG - 自動保存已禁用，跳過配置保存
2026-02-04 11:16:59,115 - VALO360 - DEBUG - 自動保存已禁用，跳過配置保存
2026-02-04 11:16:59,115 - VALO360 - DEBUG - 自動保存已禁用，跳過配置保存
2026-02-04 11:16:59,117 - VALO360 - DEBUG - 自動保存已禁用，跳過配置保存
2026-02-04 11:16:59,117 - VALO360 - DEBUG - 自動保存已禁用，跳過配置保存
2026-02-04 11:16:59,117 - VALO360 - DEBUG - 自動保存已禁用，跳過配置保存
2026-02-04 11:16:59,117 - VALO360 - DEBUG - 自動保存已禁用，跳過配置保存
2026-02-04 11:16:59,117 - VALO360 - DEBUG - 自動保存已禁用，跳過配置保存
2026-02-04 11:16:59,117 - VALO360 - DEBUG - 自動保存已禁用，跳過配置保存
2026-02-04 11:16:59,118 - VALO360 - DEBUG - 自動保存已禁用，跳過配置保存
2026-02-04 11:16:59,118 - VALO360 - DEBUG - 自動保存已禁用，跳過配置保存
2026-02-04 11:16:59,118 - VALO360 - DEBUG - 自動保存已禁用，跳過配置保存
2026-02-04 11:16:59,118 - VALO360 - DEBUG - 自動保存已禁用，跳過配置保存
2026-02-04 11:16:59,119 - VALO360 - DEBUG - 自動保存已禁用，跳過配置保存
2026-02-04 11:16:59,119 - VALO360 - DEBUG - 自動保存已禁用，跳過配置保存
2026-02-04 11:16:59,120 - VALO360 - DEBUG - 自動保存已禁用，跳過配置保存
2026-02-04 11:16:59,120 - VALO360 - DEBUG - 自動保存已禁用，跳過配置保存
2026-02-04 11:16:59,120 - VALO360 - DEBUG - 自動保存已禁用，跳過配置保存
2026-02-04 11:16:59,120 - VALO360 - DEBUG - 自動保存已禁用，跳過配置保存
2026-02-04 11:16:59,120 - VALO360 - DEBUG - 自動保存已禁用，跳過配置保存
2026-02-04 11:16:59,120 - VALO360 - DEBUG - 自動保存已禁用，跳過配置保存
2026-02-04 11:16:59,121 - VALO360 - DEBUG - 自動保存已禁用，跳過配置保存
2026-02-04 11:16:59,121 - VALO360 - DEBUG - 自動保存已禁用，跳過配置保存
2026-02-04 11:16:59,122 - VALO360 - DEBUG - 自動保存已禁用，跳過配置保存
2026-02-04 11:16:59,122 - VALO360 - DEBUG - 自動保存已禁用，跳過配置保存
2026-02-04 11:16:59,122 - VALO360 - DEBUG - 自動保存已禁用，跳過配置保存
2026-02-04 11:16:59,122 - VALO360 - DEBUG - 自動保存已禁用，跳過配置保存
2026-02-04 11:16:59,123 - VALO360 - DEBUG - 自動保存已禁用，跳過配置保存
2026-02-04 11:16:59,123 - VALO360 - DEBUG - 自動保存已禁用，跳過配置保存
2026-02-04 11:16:59,124 - VALO360 - DEBUG - 自動保存已禁用，跳過配置保存
2026-02-04 11:16:59,124 - VALO360 - DEBUG - 自動保存已禁用，跳過配置保存
2026-02-04 11:16:59,124 - VALO360 - DEBUG - 自動保存已禁用，跳過配置保存
2026-02-04 11:16:59,124 - VALO360 - DEBUG - 自動保存已禁用，跳過配置保存
2026-02-04 11:16:59,126 - VALO360 - DEBUG - 自動保存已禁用，跳過配置保存
2026-02-04 11:16:59,126 - VALO360 - DEBUG - 自動保存已禁用，跳過配置保存
2026-02-04 11:16:59,126 - VALO360 - DEBUG - 自動保存已禁用，跳過配置保存
2026-02-04 11:16:59,127 - VALO360 - DEBUG - 自動保存已禁用，跳過配置保存
2026-02-04 11:16:59,127 - VALO360 - DEBUG - 自動保存已禁用，跳過配置保存
2026-02-04 11:16:59,127 - VALO360 - DEBUG - 自動保存已禁用，跳過配置保存
2026-02-04 11:16:59,127 - VALO360 - DEBUG - 自動保存已禁用，跳過配置保存
2026-02-04 11:16:59,129 - VALO360 - DEBUG - 自動保存已禁用，跳過配置保存
2026-02-04 11:16:59,129 - VALO360 - DEBUG - 自動保存已禁用，跳過配置保存
2026-02-04 11:16:59,129 - VALO360 - DEBUG - 自動保存已禁用，跳過配置保存
2026-02-04 11:16:59,129 - VALO360 - DEBUG - 自動保存已禁用，跳過配置保存
2026-02-04 11:16:59,129 - VALO360 - DEBUG - 自動保存已禁用，跳過配置保存
2026-02-04 11:16:59,129 - VALO360 - DEBUG - 自動保存已禁用，跳過配置保存
2026-02-04 11:16:59,129 - VALO360 - DEBUG - 自動保存已禁用，跳過配置保存
2026-02-04 11:16:59,129 - VALO360 - DEBUG - 自動保存已禁用，跳過配置保存
2026-02-04 11:16:59,129 - VALO360 - DEBUG - 自動保存已禁用，跳過配置保存
2026-02-04 11:16:59,131 - VALO360 - DEBUG - 自動保存已禁用，跳過配置保存
2026-02-04 11:16:59,132 - VALO360 - DEBUG - 自動保存已禁用，跳過配置保存
2026-02-04 11:16:59,132 - VALO360 - DEBUG - 自動保存已禁用，跳過配置保存
2026-02-04 11:16:59,132 - VALO360 - DEBUG - 自動保存已禁用，跳過配置保存
2026-02-04 11:16:59,132 - VALO360 - DEBUG - 自動保存已禁用，跳過配置保存
2026-02-04 11:16:59,132 - VALO360 - DEBUG - 自動保存已禁用，跳過配置保存
2026-02-04 11:16:59,132 - VALO360 - DEBUG - 自動保存已禁用，跳過配置保存
2026-02-04 11:16:59,132 - VALO360 - DEBUG - 自動保存已禁用，跳過配置保存
2026-02-04 11:16:59,134 - VALO360 - DEBUG - 自動保存已禁用，跳過配置保存
2026-02-04 11:16:59,134 - VALO360 - DEBUG - 自動保存已禁用，跳過配置保存
2026-02-04 11:16:59,134 - VALO360 - DEBUG - 自動保存已禁用，跳過配置保存
2026-02-04 11:16:59,134 - VALO360 - DEBUG - 自動保存已禁用，跳過配置保存
2026-02-04 11:16:59,134 - VALO360 - DEBUG - 自動保存已禁用，跳過配置保存
2026-02-04 11:16:59,135 - VALO360 - DEBUG - 自動保存已禁用，跳過配置保存
2026-02-04 11:16:59,135 - VALO360 - DEBUG - 自動保存已禁用，跳過配置保存
2026-02-04 11:16:59,135 - VALO360 - DEBUG - 自動保存已禁用，跳過配置保存
2026-02-04 11:16:59,146 - VALO360 - DEBUG - 自動保存已禁用，跳過配置保存
2026-02-04 11:16:59,147 - VALO360 - DEBUG - 自動保存已禁用，跳過配置保存
2026-02-04 11:16:59,147 - VALO360 - DEBUG - 自動保存已禁用，跳過配置保存
2026-02-04 11:16:59,147 - VALO360 - DEBUG - 自動保存已禁用，跳過配置保存
2026-02-04 11:16:59,148 - VALO360 - DEBUG - 自動保存已禁用，跳過配置保存
2026-02-04 11:16:59,148 - VALO360 - DEBUG - 自動保存已禁用，跳過配置保存
2026-02-04 11:16:59,148 - VALO360 - DEBUG - 自動保存已禁用，跳過配置保存
2026-02-04 11:16:59,148 - VALO360 - DEBUG - 自動保存已禁用，跳過配置保存
2026-02-04 11:16:59,149 - VALO360 - DEBUG - 自動保存已禁用，跳過配置保存
2026-02-04 11:16:59,149 - VALO360 - DEBUG - 自動保存已禁用，跳過配置保存
2026-02-04 11:16:59,151 - VALO360 - DEBUG - 自動保存已禁用，跳過配置保存
2026-02-04 11:16:59,151 - VALO360 - DEBUG - 自動保存已禁用，跳過配置保存
2026-02-04 11:16:59,151 - VALO360 - DEBUG - 自動保存已禁用，跳過配置保存
2026-02-04 11:16:59,151 - VALO360 - DEBUG - 自動保存已禁用，跳過配置保存
2026-02-04 11:16:59,152 - VALO360 - DEBUG - 自動保存已禁用，跳過配置保存
2026-02-04 11:16:59,152 - VALO360 - DEBUG - 自動保存已禁用，跳過配置保存
2026-02-04 11:16:59,152 - VALO360 - DEBUG - 自動保存已禁用，跳過配置保存
2026-02-04 11:16:59,153 - VALO360 - DEBUG - 自動保存已禁用，跳過配置保存
2026-02-04 11:16:59,153 - VALO360 - DEBUG - 自動保存已禁用，跳過配置保存
2026-02-04 11:16:59,154 - VALO360 - DEBUG - 自動保存已禁用，跳過配置保存
2026-02-04 11:16:59,154 - VALO360 - DEBUG - 自動保存已禁用，跳過配置保存
2026-02-04 11:16:59,155 - VALO360 - DEBUG - 自動保存已禁用，跳過配置保存
2026-02-04 11:16:59,155 - VALO360 - DEBUG - 自動保存已禁用，跳過配置保存
2026-02-04 11:16:59,155 - VALO360 - DEBUG - 自動保存已禁用，跳過配置保存
2026-02-04 11:16:59,156 - VALO360 - DEBUG - 自動保存已禁用，跳過配置保存
2026-02-04 11:16:59,157 - VALO360 - DEBUG - 自動保存已禁用，跳過配置保存
2026-02-04 11:16:59,157 - VALO360 - DEBUG - 自動保存已禁用，跳過配置保存
2026-02-04 11:16:59,157 - VALO360 - DEBUG - 自動保存已禁用，跳過配置保存
2026-02-04 11:16:59,157 - VALO360 - DEBUG - 自動保存已禁用，跳過配置保存
2026-02-04 11:16:59,157 - VALO360 - DEBUG - 自動保存已禁用，跳過配置保存
2026-02-04 11:16:59,157 - VALO360 - DEBUG - 自動保存已禁用，跳過配置保存
2026-02-04 11:16:59,159 - VALO360 - DEBUG - 自動保存已禁用，跳過配置保存
2026-02-04 11:16:59,159 - VALO360 - DEBUG - 自動保存已禁用，跳過配置保存
2026-02-04 11:16:59,159 - VALO360 - DEBUG - 自動保存已禁用，跳過配置保存
2026-02-04 11:16:59,160 - VALO360 - DEBUG - 自動保存已禁用，跳過配置保存
2026-02-04 11:16:59,160 - VALO360 - DEBUG - 自動保存已禁用，跳過配置保存
2026-02-04 11:16:59,161 - VALO360 - DEBUG - 自動保存已禁用，跳過配置保存
2026-02-04 11:16:59,161 - VALO360 - DEBUG - 自動保存已禁用，跳過配置保存
2026-02-04 11:16:59,162 - VALO360 - DEBUG - 自動保存已禁用，跳過配置保存
2026-02-04 11:16:59,162 - VALO360 - DEBUG - 自動保存已禁用，跳過配置保存
2026-02-04 11:16:59,163 - VALO360 - DEBUG - 自動保存已禁用，跳過配置保存
2026-02-04 11:16:59,163 - VALO360 - DEBUG - 自動保存已禁用，跳過配置保存
2026-02-04 11:16:59,164 - VALO360 - DEBUG - 自動保存已禁用，跳過配置保存
2026-02-04 11:16:59,164 - VALO360 - DEBUG - 自動保存已禁用，跳過配置保存
2026-02-04 11:16:59,165 - VALO360 - DEBUG - 自動保存已禁用，跳過配置保存
2026-02-04 11:16:59,165 - VALO360 - DEBUG - 自動保存已禁用，跳過配置保存
2026-02-04 11:16:59,165 - VALO360 - DEBUG - 自動保存已禁用，跳過配置保存
2026-02-04 11:16:59,165 - VALO360 - DEBUG - 自動保存已禁用，跳過配置保存
2026-02-04 11:16:59,165 - VALO360 - DEBUG - 自動保存已禁用，跳過配置保存
2026-02-04 11:16:59,167 - VALO360 - DEBUG - 自動保存已禁用，跳過配置保存
2026-02-04 11:16:59,167 - VALO360 - DEBUG - 自動保存已禁用，跳過配置保存
2026-02-04 11:16:59,167 - VALO360 - DEBUG - 自動保存已禁用，跳過配置保存
2026-02-04 11:16:59,167 - VALO360 - DEBUG - 自動保存已禁用，跳過配置保存
2026-02-04 11:16:59,168 - VALO360 - DEBUG - 自動保存已禁用，跳過配置保存
2026-02-04 11:16:59,168 - VALO360 - DEBUG - 自動保存已禁用，跳過配置保存
2026-02-04 11:16:59,169 - VALO360 - DEBUG - 自動保存已禁用，跳過配置保存
2026-02-04 11:16:59,169 - VALO360 - DEBUG - 自動保存已禁用，跳過配置保存
2026-02-04 11:16:59,170 - VALO360 - DEBUG - 自動保存已禁用，跳過配置保存
2026-02-04 11:16:59,170 - VALO360 - DEBUG - 自動保存已禁用，跳過配置保存
2026-02-04 11:16:59,170 - VALO360 - DEBUG - 自動保存已禁用，跳過配置保存
2026-02-04 11:16:59,170 - VALO360 - DEBUG - 自動保存已禁用，跳過配置保存
2026-02-04 11:16:59,172 - VALO360 - DEBUG - 自動保存已禁用，跳過配置保存
2026-02-04 11:16:59,172 - VALO360 - DEBUG - 自動保存已禁用，跳過配置保存
2026-02-04 11:16:59,172 - VALO360 - DEBUG - 自動保存已禁用，跳過配置保存
2026-02-04 11:16:59,172 - VALO360 - DEBUG - 自動保存已禁用，跳過配置保存
2026-02-04 11:16:59,173 - VALO360 - DEBUG - 自動保存已禁用，跳過配置保存
2026-02-04 11:16:59,173 - VALO360 - DEBUG - 自動保存已禁用，跳過配置保存
2026-02-04 11:16:59,174 - VALO360 - DEBUG - 自動保存已禁用，跳過配置保存
2026-02-04 11:16:59,174 - VALO360 - DEBUG - 自動保存已禁用，跳過配置保存
2026-02-04 11:16:59,175 - VALO360 - DEBUG - 自動保存已禁用，跳過配置保存
2026-02-04 11:16:59,175 - VALO360 - DEBUG - 自動保存已禁用，跳過配置保存
2026-02-04 11:16:59,176 - VALO360 - DEBUG - 自動保存已禁用，跳過配置保存
2026-02-04 11:16:59,176 - VALO360 - DEBUG - 自動保存已禁用，跳過配置保存
2026-02-04 11:16:59,176 - VALO360 - DEBUG - 自動保存已禁用，跳過配置保存
2026-02-04 11:16:59,176 - VALO360 - DEBUG - 自動保存已禁用，跳過配置保存
2026-02-04 11:16:59,176 - VALO360 - DEBUG - 自動保存已禁用，跳過配置保存
2026-02-04 11:16:59,179 - VALO360 - DEBUG - 自動保存已禁用，跳過配置保存
2026-02-04 11:16:59,179 - VALO360 - DEBUG - 自動保存已禁用，跳過配置保存
2026-02-04 11:16:59,180 - VALO360 - DEBUG - 自動保存已禁用，跳過配置保存
2026-02-04 11:16:59,180 - VALO360 - DEBUG - 自動保存已禁用，跳過配置保存
2026-02-04 11:16:59,181 - VALO360 - DEBUG - 自動保存已禁用，跳過配置保存
2026-02-04 11:16:59,181 - VALO360 - DEBUG - 自動保存已禁用，跳過配置保存
2026-02-04 11:16:59,181 - VALO360 - DEBUG - 自動保存已禁用，跳過配置保存
2026-02-04 11:16:59,182 - VALO360 - DEBUG - 自動保存已禁用，跳過配置保存
2026-02-04 11:16:59,182 - VALO360 - DEBUG - 自動保存已禁用，跳過配置保存
2026-02-04 11:16:59,182 - VALO360 - DEBUG - 自動保存已禁用，跳過配置保存
2026-02-04 11:16:59,182 - VALO360 - DEBUG - 自動保存已禁用，跳過配置保存
2026-02-04 11:16:59,182 - VALO360 - DEBUG - 自動保存已禁用，跳過配置保存
2026-02-04 11:16:59,184 - VALO360 - DEBUG - 自動保存已禁用，跳過配置保存
2026-02-04 11:16:59,184 - VALO360 - DEBUG - 自動保存已禁用，跳過配置保存
2026-02-04 11:16:59,184 - VALO360 - DEBUG - 自動保存已禁用，跳過配置保存
2026-02-04 11:16:59,185 - VALO360 - DEBUG - 自動保存已禁用，跳過配置保存
2026-02-04 11:16:59,185 - VALO360 - DEBUG - 自動保存已禁用，跳過配置保存
2026-02-04 11:16:59,185 - VALO360 - DEBUG - 自動保存已禁用，跳過配置保存
2026-02-04 11:16:59,185 - VALO360 - DEBUG - 自動保存已禁用，跳過配置保存
2026-02-04 11:16:59,187 - VALO360 - DEBUG - 自動保存已禁用，跳過配置保存
2026-02-04 11:16:59,188 - VALO360 - DEBUG - 自動保存已禁用，跳過配置保存
2026-02-04 11:16:59,188 - VALO360 - DEBUG - 自動保存已禁用，跳過配置保存
2026-02-04 11:16:59,188 - VALO360 - DEBUG - 自動保存已禁用，跳過配置保存
2026-02-04 11:16:59,188 - VALO360 - DEBUG - 自動保存已禁用，跳過配置保存
2026-02-04 11:16:59,189 - VALO360 - DEBUG - 自動保存已禁用，跳過配置保存
2026-02-04 11:16:59,190 - VALO360 - DEBUG - 自動保存已禁用，跳過配置保存
2026-02-04 11:16:59,190 - VALO360 - DEBUG - 自動保存已禁用，跳過配置保存
2026-02-04 11:16:59,190 - VALO360 - DEBUG - 自動保存已禁用，跳過配置保存
2026-02-04 11:16:59,191 - VALO360 - DEBUG - 自動保存已禁用，跳過配置保存
2026-02-04 11:16:59,191 - VALO360 - DEBUG - 自動保存已禁用，跳過配置保存
2026-02-04 11:16:59,191 - VALO360 - DEBUG - 自動保存已禁用，跳過配置保存
2026-02-04 11:16:59,192 - VALO360 - DEBUG - 自動保存已禁用，跳過配置保存
2026-02-04 11:16:59,193 - VALO360 - DEBUG - 自動保存已禁用，跳過配置保存
2026-02-04 11:16:59,193 - VALO360 - DEBUG - 自動保存已禁用，跳過配置保存
2026-02-04 11:16:59,193 - VALO360 - DEBUG - 自動保存已禁用，跳過配置保存
2026-02-04 11:16:59,193 - VALO360 - DEBUG - 自動保存已禁用，跳過配置保存
2026-02-04 11:16:59,194 - VALO360 - DEBUG - 自動保存已禁用，跳過配置保存
2026-02-04 11:16:59,194 - VALO360 - DEBUG - 自動保存已禁用，跳過配置保存
2026-02-04 11:16:59,195 - VALO360 - DEBUG - 自動保存已禁用，跳過配置保存
2026-02-04 11:16:59,195 - VALO360 - DEBUG - 自動保存已禁用，跳過配置保存
2026-02-04 11:16:59,196 - VALO360 - DEBUG - 自動保存已禁用，跳過配置保存
2026-02-04 11:16:59,196 - VALO360 - DEBUG - 自動保存已禁用，跳過配置保存
2026-02-04 11:16:59,196 - VALO360 - DEBUG - 自動保存已禁用，跳過配置保存
2026-02-04 11:16:59,196 - VALO360 - DEBUG - 自動保存已禁用，跳過配置保存
2026-02-04 11:16:59,197 - VALO360 - DEBUG - 自動保存已禁用，跳過配置保存
2026-02-04 11:16:59,197 - VALO360 - DEBUG - 自動保存已禁用，跳過配置保存
2026-02-04 11:16:59,197 - VALO360 - DEBUG - 自動保存已禁用，跳過配置保存
2026-02-04 11:16:59,197 - VALO360 - DEBUG - 自動保存已禁用，跳過配置保存
2026-02-04 11:16:59,199 - VALO360 - DEBUG - 自動保存已禁用，跳過配置保存
2026-02-04 11:16:59,199 - VALO360 - DEBUG - 自動保存已禁用，跳過配置保存
2026-02-04 11:16:59,199 - VALO360 - DEBUG - 自動保存已禁用，跳過配置保存
2026-02-04 11:16:59,199 - VALO360 - DEBUG - 自動保存已禁用，跳過配置保存
2026-02-04 11:16:59,201 - VALO360 - DEBUG - 自動保存已禁用，跳過配置保存
2026-02-04 11:16:59,201 - VALO360 - DEBUG - 自動保存已禁用，跳過配置保存
2026-02-04 11:16:59,201 - VALO360 - DEBUG - 自動保存已禁用，跳過配置保存
2026-02-04 11:16:59,202 - VALO360 - DEBUG - 自動保存已禁用，跳過配置保存
2026-02-04 11:16:59,202 - VALO360 - DEBUG - 自動保存已禁用，跳過配置保存
2026-02-04 11:16:59,203 - VALO360 - DEBUG - 自動保存已禁用，跳過配置保存
2026-02-04 11:16:59,203 - VALO360 - DEBUG - 自動保存已禁用，跳過配置保存
2026-02-04 11:16:59,203 - VALO360 - DEBUG - 自動保存已禁用，跳過配置保存
2026-02-04 11:16:59,203 - VALO360 - DEBUG - 自動保存已禁用，跳過配置保存
2026-02-04 11:16:59,205 - VALO360 - DEBUG - 自動保存已禁用，跳過配置保存
2026-02-04 11:16:59,205 - VALO360 - DEBUG - 自動保存已禁用，跳過配置保存
2026-02-04 11:16:59,205 - VALO360 - DEBUG - 自動保存已禁用，跳過配置保存
2026-02-04 11:16:59,205 - VALO360 - DEBUG - 自動保存已禁用，跳過配置保存
2026-02-04 11:16:59,205 - VALO360 - DEBUG - 自動保存已禁用，跳過配置保存
2026-02-04 11:16:59,206 - VALO360 - DEBUG - 自動保存已禁用，跳過配置保存
2026-02-04 11:16:59,206 - VALO360 - DEBUG - 自動保存已禁用，跳過配置保存
2026-02-04 11:16:59,207 - VALO360 - DEBUG - 自動保存已禁用，跳過配置保存
2026-02-04 11:16:59,207 - VALO360 - DEBUG - 自動保存已禁用，跳過配置保存
2026-02-04 11:16:59,207 - VALO360 - DEBUG - 自動保存已禁用，跳過配置保存
2026-02-04 11:16:59,207 - VALO360 - DEBUG - 自動保存已禁用，跳過配置保存
2026-02-04 11:16:59,207 - VALO360 - DEBUG - 自動保存已禁用，跳過配置保存
2026-02-04 11:16:59,207 - VALO360 - DEBUG - 自動保存已禁用，跳過配置保存
2026-02-04 11:16:59,207 - VALO360 - DEBUG - 自動保存已禁用，跳過配置保存
2026-02-04 11:16:59,210 - VALO360 - DEBUG - 自動保存已禁用，跳過配置保存
2026-02-04 11:16:59,212 - VALO360 - DEBUG - 自動保存已禁用，跳過配置保存
2026-02-04 11:16:59,212 - VALO360 - DEBUG - 自動保存已禁用，跳過配置保存
2026-02-04 11:16:59,212 - VALO360 - DEBUG - 自動保存已禁用，跳過配置保存
2026-02-04 11:16:59,213 - VALO360 - DEBUG - 自動保存已禁用，跳過配置保存
2026-02-04 11:16:59,214 - VALO360 - DEBUG - 自動保存已禁用，跳過配置保存
2026-02-04 11:16:59,214 - VALO360 - DEBUG - 自動保存已禁用，跳過配置保存
2026-02-04 11:16:59,214 - VALO360 - DEBUG - 自動保存已禁用，跳過配置保存
2026-02-04 11:16:59,214 - VALO360 - DEBUG - 自動保存已禁用，跳過配置保存
2026-02-04 11:16:59,214 - VALO360 - DEBUG - 自動保存已禁用，跳過配置保存
2026-02-04 11:16:59,214 - VALO360 - DEBUG - 自動保存已禁用，跳過配置保存
2026-02-04 11:16:59,214 - VALO360 - DEBUG - 自動保存已禁用，跳過配置保存
2026-02-04 11:16:59,216 - VALO360 - DEBUG - 自動保存已禁用，跳過配置保存
2026-02-04 11:16:59,217 - VALO360 - DEBUG - 自動保存已禁用，跳過配置保存
2026-02-04 11:16:59,217 - VALO360 - DEBUG - 自動保存已禁用，跳過配置保存
2026-02-04 11:16:59,217 - VALO360 - DEBUG - 自動保存已禁用，跳過配置保存
2026-02-04 11:16:59,217 - VALO360 - DEBUG - 自動保存已禁用，跳過配置保存
2026-02-04 11:16:59,228 - VALO360 - DEBUG - 自動保存已禁用，跳過配置保存
2026-02-04 11:16:59,229 - VALO360 - DEBUG - 自動保存已禁用，跳過配置保存
2026-02-04 11:16:59,229 - VALO360 - DEBUG - 自動保存已禁用，跳過配置保存
2026-02-04 11:16:59,229 - VALO360 - DEBUG - 自動保存已禁用，跳過配置保存
2026-02-04 11:16:59,229 - VALO360 - DEBUG - 自動保存已禁用，跳過配置保存
2026-02-04 11:16:59,229 - VALO360 - DEBUG - 自動保存已禁用，跳過配置保存
2026-02-04 11:16:59,229 - VALO360 - DEBUG - 自動保存已禁用，跳過配置保存
2026-02-04 11:16:59,229 - VALO360 - DEBUG - 自動保存已禁用，跳過配置保存
2026-02-04 11:16:59,232 - VALO360 - DEBUG - 自動保存已禁用，跳過配置保存
2026-02-04 11:16:59,232 - VALO360 - DEBUG - 自動保存已禁用，跳過配置保存
2026-02-04 11:16:59,232 - VALO360 - DEBUG - 自動保存已禁用，跳過配置保存
2026-02-04 11:16:59,232 - VALO360 - DEBUG - 自動保存已禁用，跳過配置保存
2026-02-04 11:16:59,232 - VALO360 - DEBUG - 自動保存已禁用，跳過配置保存
2026-02-04 11:16:59,232 - VALO360 - DEBUG - 自動保存已禁用，跳過配置保存
2026-02-04 11:16:59,232 - VALO360 - DEBUG - 自動保存已禁用，跳過配置保存
2026-02-04 11:16:59,234 - VALO360 - DEBUG - 自動保存已禁用，跳過配置保存
2026-02-04 11:16:59,235 - VALO360 - DEBUG - 自動保存已禁用，跳過配置保存
2026-02-04 11:16:59,235 - VALO360 - DEBUG - 自動保存已禁用，跳過配置保存
2026-02-04 11:16:59,235 - VALO360 - DEBUG - 自動保存已禁用，跳過配置保存
2026-02-04 11:16:59,235 - VALO360 - DEBUG - 自動保存已禁用，跳過配置保存
2026-02-04 11:16:59,237 - VALO360 - DEBUG - 自動保存已禁用，跳過配置保存
2026-02-04 11:16:59,237 - VALO360 - DEBUG - 自動保存已禁用，跳過配置保存
2026-02-04 11:16:59,238 - VALO360 - DEBUG - 自動保存已禁用，跳過配置保存
2026-02-04 11:16:59,238 - VALO360 - DEBUG - 自動保存已禁用，跳過配置保存
2026-02-04 11:16:59,238 - VALO360 - DEBUG - 自動保存已禁用，跳過配置保存
2026-02-04 11:16:59,239 - VALO360 - DEBUG - 自動保存已禁用，跳過配置保存
2026-02-04 11:16:59,240 - VALO360 - DEBUG - 自動保存已禁用，跳過配置保存
2026-02-04 11:16:59,240 - VALO360 - DEBUG - 自動保存已禁用，跳過配置保存
2026-02-04 11:16:59,242 - VALO360 - DEBUG - 自動保存已禁用，跳過配置保存
2026-02-04 11:16:59,243 - VALO360 - DEBUG - 自動保存已禁用，跳過配置保存
2026-02-04 11:16:59,243 - VALO360 - DEBUG - 自動保存已禁用，跳過配置保存
2026-02-04 11:16:59,243 - VALO360 - DEBUG - 自動保存已禁用，跳過配置保存
2026-02-04 11:16:59,245 - VALO360 - DEBUG - 自動保存已禁用，跳過配置保存
2026-02-04 11:16:59,246 - VALO360 - DEBUG - 自動保存已禁用，跳過配置保存
2026-02-04 11:16:59,247 - VALO360 - DEBUG - 自動保存已禁用，跳過配置保存
2026-02-04 11:16:59,247 - VALO360 - DEBUG - 自動保存已禁用，跳過配置保存
2026-02-04 11:16:59,247 - VALO360 - DEBUG - 自動保存已禁用，跳過配置保存
2026-02-04 11:16:59,247 - VALO360 - DEBUG - 自動保存已禁用，跳過配置保存
2026-02-04 11:16:59,247 - VALO360 - DEBUG - 自動保存已禁用，跳過配置保存
2026-02-04 11:16:59,248 - VALO360 - DEBUG - 自動保存已禁用，跳過配置保存
2026-02-04 11:16:59,252 - VALO360 - DEBUG - 自動保存已禁用，跳過配置保存
2026-02-04 11:16:59,254 - VALO360 - DEBUG - 自動保存已禁用，跳過配置保存
2026-02-04 11:16:59,254 - VALO360 - DEBUG - 自動保存已禁用，跳過配置保存
2026-02-04 11:16:59,254 - VALO360 - DEBUG - 自動保存已禁用，跳過配置保存
2026-02-04 11:16:59,256 - VALO360 - DEBUG - 自動保存已禁用，跳過配置保存
2026-02-04 11:16:59,257 - VALO360 - DEBUG - 自動保存已禁用，跳過配置保存
2026-02-04 11:16:59,257 - VALO360 - DEBUG - 自動保存已禁用，跳過配置保存
2026-02-04 11:16:59,257 - VALO360 - DEBUG - 自動保存已禁用，跳過配置保存
2026-02-04 11:16:59,257 - VALO360 - DEBUG - 自動保存已禁用，跳過配置保存
2026-02-04 11:16:59,257 - VALO360 - DEBUG - 自動保存已禁用，跳過配置保存
2026-02-04 11:16:59,260 - VALO360 - DEBUG - 自動保存已禁用，跳過配置保存
2026-02-04 11:16:59,260 - VALO360 - DEBUG - 自動保存已禁用，跳過配置保存
2026-02-04 11:16:59,262 - VALO360 - DEBUG - 自動保存已禁用，跳過配置保存
2026-02-04 11:16:59,262 - VALO360 - DEBUG - 自動保存已禁用，跳過配置保存
2026-02-04 11:16:59,262 - VALO360 - DEBUG - 自動保存已禁用，跳過配置保存
2026-02-04 11:16:59,262 - VALO360 - DEBUG - 自動保存已禁用，跳過配置保存
2026-02-04 11:16:59,264 - VALO360 - DEBUG - 自動保存已禁用，跳過配置保存
2026-02-04 11:16:59,265 - VALO360 - DEBUG - 自動保存已禁用，跳過配置保存
2026-02-04 11:16:59,265 - VALO360 - DEBUG - 自動保存已禁用，跳過配置保存
2026-02-04 11:16:59,265 - VALO360 - DEBUG - 自動保存已禁用，跳過配置保存
2026-02-04 11:16:59,266 - VALO360 - DEBUG - 自動保存已禁用，跳過配置保存
2026-02-04 11:16:59,266 - VALO360 - DEBUG - 自動保存已禁用，跳過配置保存
2026-02-04 11:16:59,268 - VALO360 - DEBUG - 自動保存已禁用，跳過配置保存
2026-02-04 11:16:59,268 - VALO360 - DEBUG - 自動保存已禁用，跳過配置保存
2026-02-04 11:16:59,271 - VALO360 - DEBUG - 自動保存已禁用，跳過配置保存
2026-02-04 11:16:59,272 - VALO360 - DEBUG - 自動保存已禁用，跳過配置保存
2026-02-04 11:16:59,272 - VALO360 - DEBUG - 自動保存已禁用，跳過配置保存
2026-02-04 11:16:59,272 - VALO360 - DEBUG - 自動保存已禁用，跳過配置保存
2026-02-04 11:16:59,295 - VALO360 - DEBUG - 自動保存已禁用，跳過配置保存
2026-02-04 11:16:59,295 - VALO360 - DEBUG - 自動保存已禁用，跳過配置保存
2026-02-04 11:16:59,296 - VALO360 - DEBUG - 自動保存已禁用，跳過配置保存
2026-02-04 11:16:59,296 - VALO360 - DEBUG - 自動保存已禁用，跳過配置保存
2026-02-04 11:16:59,296 - VALO360 - DEBUG - 自動保存已禁用，跳過配置保存
2026-02-04 11:16:59,296 - VALO360 - DEBUG - 自動保存已禁用，跳過配置保存
2026-02-04 11:16:59,298 - VALO360 - DEBUG - 自動保存已禁用，跳過配置保存
2026-02-04 11:16:59,298 - VALO360 - DEBUG - 自動保存已禁用，跳過配置保存
2026-02-04 11:16:59,303 - VALO360 - DEBUG - 自動保存已禁用，跳過配置保存
2026-02-04 11:16:59,303 - VALO360 - DEBUG - 自動保存已禁用，跳過配置保存
2026-02-04 11:16:59,303 - VALO360 - DEBUG - 自動保存已禁用，跳過配置保存
2026-02-04 11:16:59,304 - VALO360 - DEBUG - 自動保存已禁用，跳過配置保存
2026-02-04 11:16:59,304 - VALO360 - DEBUG - 自動保存已禁用，跳過配置保存
2026-02-04 11:16:59,305 - VALO360 - DEBUG - 自動保存已禁用，跳過配置保存
2026-02-04 11:16:59,305 - VALO360 - DEBUG - 自動保存已禁用，跳過配置保存
2026-02-04 11:16:59,305 - VALO360 - DEBUG - 自動保存已禁用，跳過配置保存
2026-02-04 11:16:59,308 - VALO360 - DEBUG - 自動保存已禁用，跳過配置保存
2026-02-04 11:16:59,308 - VALO360 - DEBUG - 自動保存已禁用，跳過配置保存
2026-02-04 11:16:59,308 - VALO360 - DEBUG - 自動保存已禁用，跳過配置保存
2026-02-04 11:16:59,308 - VALO360 - DEBUG - 自動保存已禁用，跳過配置保存
2026-02-04 11:16:59,320 - VALO360 - DEBUG - 自動保存已禁用，跳過配置保存
2026-02-04 11:16:59,321 - VALO360 - DEBUG - 自動保存已禁用，跳過配置保存
2026-02-04 11:16:59,321 - VALO360 - DEBUG - 自動保存已禁用，跳過配置保存
2026-02-04 11:16:59,321 - VALO360 - DEBUG - 自動保存已禁用，跳過配置保存
2026-02-04 11:16:59,322 - VALO360 - DEBUG - 自動保存已禁用，跳過配置保存
2026-02-04 11:16:59,322 - VALO360 - DEBUG - 自動保存已禁用，跳過配置保存
2026-02-04 11:16:59,322 - VALO360 - DEBUG - 自動保存已禁用，跳過配置保存
2026-02-04 11:16:59,322 - VALO360 - DEBUG - 自動保存已禁用，跳過配置保存
2026-02-04 11:16:59,322 - VALO360 - DEBUG - 自動保存已禁用，跳過配置保存
2026-02-04 11:16:59,322 - VALO360 - DEBUG - 自動保存已禁用，跳過配置保存
2026-02-04 11:16:59,322 - VALO360 - DEBUG - 自動保存已禁用，跳過配置保存
2026-02-04 11:16:59,324 - VALO360 - DEBUG - 自動保存已禁用，跳過配置保存
2026-02-04 11:16:59,327 - VALO360 - DEBUG - 自動保存已禁用，跳過配置保存
2026-02-04 11:16:59,327 - VALO360 - DEBUG - 自動保存已禁用，跳過配置保存
2026-02-04 11:16:59,328 - VALO360 - DEBUG - 自動保存已禁用，跳過配置保存
2026-02-04 11:16:59,328 - VALO360 - DEBUG - 自動保存已禁用，跳過配置保存
2026-02-04 11:16:59,329 - VALO360 - DEBUG - 自動保存已禁用，跳過配置保存
2026-02-04 11:16:59,329 - VALO360 - DEBUG - 自動保存已禁用，跳過配置保存
2026-02-04 11:16:59,329 - VALO360 - DEBUG - 自動保存已禁用，跳過配置保存
2026-02-04 11:16:59,329 - VALO360 - DEBUG - 自動保存已禁用，跳過配置保存
2026-02-04 11:16:59,331 - VALO360 - DEBUG - 自動保存已禁用，跳過配置保存
2026-02-04 11:16:59,331 - VALO360 - DEBUG - 自動保存已禁用，跳過配置保存
2026-02-04 11:16:59,331 - VALO360 - DEBUG - 自動保存已禁用，跳過配置保存
2026-02-04 11:16:59,331 - VALO360 - DEBUG - 自動保存已禁用，跳過配置保存
2026-02-04 11:16:59,339 - VALO360 - DEBUG - 自動保存已禁用，跳過配置保存
2026-02-04 11:16:59,339 - VALO360 - DEBUG - 自動保存已禁用，跳過配置保存
2026-02-04 11:16:59,339 - VALO360 - DEBUG - 自動保存已禁用，跳過配置保存
2026-02-04 11:16:59,339 - VALO360 - DEBUG - 自動保存已禁用，跳過配置保存
2026-02-04 11:16:59,351 - VALO360 - DEBUG - 自動保存已禁用，跳過配置保存
2026-02-04 11:16:59,351 - VALO360 - DEBUG - 自動保存已禁用，跳過配置保存
2026-02-04 11:16:59,351 - VALO360 - DEBUG - 自動保存已禁用，跳過配置保存
2026-02-04 11:16:59,351 - VALO360 - DEBUG - 自動保存已禁用，跳過配置保存
2026-02-04 11:16:59,354 - VALO360 - DEBUG - 自動保存已禁用，跳過配置保存
2026-02-04 11:16:59,354 - VALO360 - DEBUG - 自動保存已禁用，跳過配置保存
2026-02-04 11:16:59,354 - VALO360 - DEBUG - 自動保存已禁用，跳過配置保存
2026-02-04 11:16:59,354 - VALO360 - DEBUG - 自動保存已禁用，跳過配置保存
2026-02-04 11:16:59,356 - VALO360 - DEBUG - 自動保存已禁用，跳過配置保存
2026-02-04 11:16:59,357 - VALO360 - DEBUG - 自動保存已禁用，跳過配置保存
2026-02-04 11:16:59,357 - VALO360 - DEBUG - 自動保存已禁用，跳過配置保存
2026-02-04 11:16:59,357 - VALO360 - DEBUG - 自動保存已禁用，跳過配置保存
2026-02-04 11:16:59,382 - VALO360 - DEBUG - 自動保存已禁用，跳過配置保存
2026-02-04 11:16:59,382 - VALO360 - DEBUG - 自動保存已禁用，跳過配置保存
2026-02-04 11:16:59,382 - VALO360 - DEBUG - 自動保存已禁用，跳過配置保存
2026-02-04 11:16:59,383 - VALO360 - DEBUG - 自動保存已禁用，跳過配置保存
2026-02-04 11:16:59,384 - VALO360 - DEBUG - 自動保存已禁用，跳過配置保存
2026-02-04 11:16:59,385 - VALO360 - DEBUG - 自動保存已禁用，跳過配置保存
2026-02-04 11:16:59,385 - VALO360 - DEBUG - 自動保存已禁用，跳過配置保存
2026-02-04 11:16:59,385 - VALO360 - DEBUG - 自動保存已禁用，跳過配置保存
2026-02-04 11:16:59,385 - VALO360 - DEBUG - 自動保存已禁用，跳過配置保存
2026-02-04 11:16:59,386 - VALO360 - DEBUG - 自動保存已禁用，跳過配置保存
2026-02-04 11:16:59,386 - VALO360 - DEBUG - 自動保存已禁用，跳過配置保存
2026-02-04 11:16:59,386 - VALO360 - DEBUG - 自動保存已禁用，跳過配置保存
2026-02-04 11:16:59,387 - VALO360 - DEBUG - 自動保存已禁用，跳過配置保存
2026-02-04 11:16:59,387 - VALO360 - DEBUG - 自動保存已禁用，跳過配置保存
2026-02-04 11:16:59,387 - VALO360 - DEBUG - 自動保存已禁用，跳過配置保存
2026-02-04 11:16:59,387 - VALO360 - DEBUG - 自動保存已禁用，跳過配置保存
2026-02-04 11:16:59,388 - VALO360 - DEBUG - 自動保存已禁用，跳過配置保存
2026-02-04 11:16:59,388 - VALO360 - DEBUG - 自動保存已禁用，跳過配置保存
2026-02-04 11:16:59,389 - VALO360 - DEBUG - 自動保存已禁用，跳過配置保存
2026-02-04 11:16:59,389 - VALO360 - DEBUG - 自動保存已禁用，跳過配置保存
2026-02-04 11:16:59,396 - VALO360 - DEBUG - 自動保存已禁用，跳過配置保存
2026-02-04 11:16:59,396 - VALO360 - DEBUG - 自動保存已禁用，跳過配置保存
2026-02-04 11:16:59,396 - VALO360 - DEBUG - 自動保存已禁用，跳過配置保存
2026-02-04 11:16:59,396 - VALO360 - DEBUG - 自動保存已禁用，跳過配置保存
2026-02-04 11:16:59,399 - VALO360 - DEBUG - 自動保存已禁用，跳過配置保存
2026-02-04 11:16:59,399 - VALO360 - DEBUG - 自動保存已禁用，跳過配置保存
2026-02-04 11:16:59,399 - VALO360 - DEBUG - 自動保存已禁用，跳過配置保存
2026-02-04 11:16:59,399 - VALO360 - DEBUG - 自動保存已禁用，跳過配置保存
2026-02-04 11:16:59,401 - VALO360 - DEBUG - 自動保存已禁用，跳過配置保存
2026-02-04 11:16:59,402 - VALO360 - DEBUG - 自動保存已禁用，跳過配置保存
2026-02-04 11:16:59,402 - VALO360 - DEBUG - 自動保存已禁用，跳過配置保存
2026-02-04 11:16:59,402 - VALO360 - DEBUG - 自動保存已禁用，跳過配置保存
2026-02-04 11:16:59,403 - VALO360 - DEBUG - 自動保存已禁用，跳過配置保存
2026-02-04 11:16:59,403 - VALO360 - DEBUG - 自動保存已禁用，跳過配置保存
2026-02-04 11:16:59,403 - VALO360 - DEBUG - 自動保存已禁用，跳過配置保存
2026-02-04 11:16:59,403 - VALO360 - DEBUG - 自動保存已禁用，跳過配置保存
2026-02-04 11:16:59,406 - VALO360 - DEBUG - 自動保存已禁用，跳過配置保存
2026-02-04 11:16:59,407 - VALO360 - DEBUG - 自動保存已禁用，跳過配置保存
2026-02-04 11:16:59,407 - VALO360 - DEBUG - 自動保存已禁用，跳過配置保存
2026-02-04 11:16:59,408 - VALO360 - DEBUG - 自動保存已禁用，跳過配置保存
2026-02-04 11:16:59,408 - VALO360 - DEBUG - 自動保存已禁用，跳過配置保存
2026-02-04 11:16:59,408 - VALO360 - DEBUG - 自動保存已禁用，跳過配置保存
2026-02-04 11:16:59,408 - VALO360 - DEBUG - 自動保存已禁用，跳過配置保存
2026-02-04 11:16:59,408 - VALO360 - DEBUG - 自動保存已禁用，跳過配置保存
2026-02-04 11:16:59,412 - VALO360 - DEBUG - 自動保存已禁用，跳過配置保存
2026-02-04 11:16:59,412 - VALO360 - DEBUG - 自動保存已禁用，跳過配置保存
2026-02-04 11:16:59,412 - VALO360 - DEBUG - 自動保存已禁用，跳過配置保存
2026-02-04 11:16:59,413 - VALO360 - DEBUG - 自動保存已禁用，跳過配置保存
2026-02-04 11:16:59,415 - VALO360 - DEBUG - 自動保存已禁用，跳過配置保存
2026-02-04 11:16:59,415 - VALO360 - DEBUG - 自動保存已禁用，跳過配置保存
2026-02-04 11:16:59,415 - VALO360 - DEBUG - 自動保存已禁用，跳過配置保存
2026-02-04 11:16:59,415 - VALO360 - DEBUG - 自動保存已禁用，跳過配置保存
2026-02-04 11:16:59,416 - VALO360 - DEBUG - 自動保存已禁用，跳過配置保存
2026-02-04 11:16:59,417 - VALO360 - DEBUG - 自動保存已禁用，跳過配置保存
2026-02-04 11:16:59,417 - VALO360 - DEBUG - 自動保存已禁用，跳過配置保存
2026-02-04 11:16:59,417 - VALO360 - DEBUG - 自動保存已禁用，跳過配置保存
2026-02-04 11:16:59,419 - VALO360 - DEBUG - 自動保存已禁用，跳過配置保存
2026-02-04 11:16:59,419 - VALO360 - DEBUG - 自動保存已禁用，跳過配置保存
2026-02-04 11:16:59,419 - VALO360 - DEBUG - 自動保存已禁用，跳過配置保存
2026-02-04 11:16:59,419 - VALO360 - DEBUG - 自動保存已禁用，跳過配置保存
2026-02-04 11:16:59,420 - VALO360 - DEBUG - 自動保存已禁用，跳過配置保存
2026-02-04 11:16:59,420 - VALO360 - DEBUG - 自動保存已禁用，跳過配置保存
2026-02-04 11:16:59,420 - VALO360 - DEBUG - 自動保存已禁用，跳過配置保存
2026-02-04 11:16:59,421 - VALO360 - DEBUG - 自動保存已禁用，跳過配置保存
2026-02-04 11:16:59,422 - VALO360 - DEBUG - 自動保存已禁用，跳過配置保存
2026-02-04 11:16:59,422 - VALO360 - DEBUG - 自動保存已禁用，跳過配置保存
2026-02-04 11:16:59,422 - VALO360 - DEBUG - 自動保存已禁用，跳過配置保存
2026-02-04 11:16:59,423 - VALO360 - DEBUG - 自動保存已禁用，跳過配置保存
2026-02-04 11:16:59,425 - VALO360 - DEBUG - 自動保存已禁用，跳過配置保存
2026-02-04 11:16:59,426 - VALO360 - DEBUG - 自動保存已禁用，跳過配置保存
2026-02-04 11:16:59,426 - VALO360 - DEBUG - 自動保存已禁用，跳過配置保存
2026-02-04 11:16:59,427 - VALO360 - DEBUG - 自動保存已禁用，跳過配置保存
2026-02-04 11:16:59,430 - VALO360 - DEBUG - 自動保存已禁用，跳過配置保存
2026-02-04 11:16:59,430 - VALO360 - DEBUG - 自動保存已禁用，跳過配置保存
2026-02-04 11:16:59,431 - VALO360 - DEBUG - 自動保存已禁用，跳過配置保存
2026-02-04 11:16:59,431 - VALO360 - DEBUG - 自動保存已禁用，跳過配置保存
2026-02-04 11:16:59,432 - VALO360 - DEBUG - 自動保存已禁用，跳過配置保存
2026-02-04 11:16:59,432 - VALO360 - DEBUG - 自動保存已禁用，跳過配置保存
2026-02-04 11:16:59,432 - VALO360 - DEBUG - 自動保存已禁用，跳過配置保存
2026-02-04 11:16:59,432 - VALO360 - DEBUG - 自動保存已禁用，跳過配置保存
2026-02-04 11:16:59,434 - VALO360 - DEBUG - 自動保存已禁用，跳過配置保存
2026-02-04 11:16:59,434 - VALO360 - DEBUG - 自動保存已禁用，跳過配置保存
2026-02-04 11:16:59,434 - VALO360 - DEBUG - 自動保存已禁用，跳過配置保存
2026-02-04 11:16:59,434 - VALO360 - DEBUG - 自動保存已禁用，跳過配置保存
2026-02-04 11:16:59,435 - VALO360 - DEBUG - 自動保存已禁用，跳過配置保存
2026-02-04 11:16:59,435 - VALO360 - DEBUG - 自動保存已禁用，跳過配置保存
2026-02-04 11:16:59,436 - VALO360 - DEBUG - 自動保存已禁用，跳過配置保存
2026-02-04 11:16:59,436 - VALO360 - DEBUG - 自動保存已禁用，跳過配置保存
2026-02-04 11:16:59,437 - VALO360 - DEBUG - 自動保存已禁用，跳過配置保存
2026-02-04 11:16:59,437 - VALO360 - DEBUG - 自動保存已禁用，跳過配置保存
2026-02-04 11:16:59,437 - VALO360 - DEBUG - 自動保存已禁用，跳過配置保存
2026-02-04 11:16:59,437 - VALO360 - DEBUG - 自動保存已禁用，跳過配置保存
2026-02-04 11:16:59,438 - VALO360 - DEBUG - 自動保存已禁用，跳過配置保存
2026-02-04 11:16:59,439 - VALO360 - DEBUG - 自動保存已禁用，跳過配置保存
2026-02-04 11:16:59,439 - VALO360 - DEBUG - 自動保存已禁用，跳過配置保存
2026-02-04 11:16:59,439 - VALO360 - DEBUG - 自動保存已禁用，跳過配置保存
2026-02-04 11:16:59,440 - VALO360 - DEBUG - 自動保存已禁用，跳過配置保存
2026-02-04 11:16:59,441 - VALO360 - DEBUG - 自動保存已禁用，跳過配置保存
2026-02-04 11:16:59,442 - VALO360 - DEBUG - 自動保存已禁用，跳過配置保存
2026-02-04 11:16:59,442 - VALO360 - DEBUG - 自動保存已禁用，跳過配置保存
2026-02-04 11:16:59,443 - VALO360 - DEBUG - 自動保存已禁用，跳過配置保存
2026-02-04 11:16:59,443 - VALO360 - DEBUG - 自動保存已禁用，跳過配置保存
2026-02-04 11:16:59,444 - VALO360 - DEBUG - 自動保存已禁用，跳過配置保存
2026-02-04 11:16:59,444 - VALO360 - DEBUG - 自動保存已禁用，跳過配置保存
2026-02-04 11:16:59,446 - VALO360 - DEBUG - 自動保存已禁用，跳過配置保存
2026-02-04 11:16:59,446 - VALO360 - DEBUG - 自動保存已禁用，跳過配置保存
2026-02-04 11:16:59,446 - VALO360 - DEBUG - 自動保存已禁用，跳過配置保存
2026-02-04 11:16:59,446 - VALO360 - DEBUG - 自動保存已禁用，跳過配置保存
2026-02-04 11:16:59,447 - VALO360 - DEBUG - 自動保存已禁用，跳過配置保存
2026-02-04 11:16:59,447 - VALO360 - DEBUG - 自動保存已禁用，跳過配置保存
2026-02-04 11:16:59,448 - VALO360 - DEBUG - 自動保存已禁用，跳過配置保存
2026-02-04 11:16:59,448 - VALO360 - DEBUG - 自動保存已禁用，跳過配置保存
2026-02-04 11:16:59,449 - VALO360 - DEBUG - 自動保存已禁用，跳過配置保存
2026-02-04 11:16:59,450 - VALO360 - DEBUG - 自動保存已禁用，跳過配置保存
2026-02-04 11:16:59,450 - VALO360 - DEBUG - 自動保存已禁用，跳過配置保存
2026-02-04 11:16:59,450 - VALO360 - DEBUG - 自動保存已禁用，跳過配置保存
2026-02-04 11:16:59,450 - VALO360 - DEBUG - 自動保存已禁用，跳過配置保存
2026-02-04 11:16:59,451 - VALO360 - DEBUG - 自動保存已禁用，跳過配置保存
2026-02-04 11:16:59,451 - VALO360 - DEBUG - 自動保存已禁用，跳過配置保存
2026-02-04 11:16:59,451 - VALO360 - DEBUG - 自動保存已禁用，跳過配置保存
2026-02-04 11:16:59,453 - VALO360 - DEBUG - 自動保存已禁用，跳過配置保存
2026-02-04 11:16:59,453 - VALO360 - DEBUG - 自動保存已禁用，跳過配置保存
2026-02-04 11:16:59,453 - VALO360 - DEBUG - 自動保存已禁用，跳過配置保存
2026-02-04 11:16:59,454 - VALO360 - DEBUG - 自動保存已禁用，跳過配置保存
2026-02-04 11:16:59,458 - VALO360 - DEBUG - 自動保存已禁用，跳過配置保存
2026-02-04 11:16:59,458 - VALO360 - DEBUG - 自動保存已禁用，跳過配置保存
2026-02-04 11:16:59,458 - VALO360 - DEBUG - 自動保存已禁用，跳過配置保存
2026-02-04 11:16:59,458 - VALO360 - DEBUG - 自動保存已禁用，跳過配置保存
2026-02-04 11:16:59,461 - VALO360 - DEBUG - 自動保存已禁用，跳過配置保存
2026-02-04 11:16:59,461 - VALO360 - DEBUG - 自動保存已禁用，跳過配置保存
2026-02-04 11:16:59,462 - VALO360 - DEBUG - 自動保存已禁用，跳過配置保存
2026-02-04 11:16:59,462 - VALO360 - DEBUG - 自動保存已禁用，跳過配置保存
2026-02-04 11:16:59,472 - VALO360 - DEBUG - 自動保存已禁用，跳過配置保存
2026-02-04 11:16:59,472 - VALO360 - DEBUG - 自動保存已禁用，跳過配置保存
2026-02-04 11:16:59,472 - VALO360 - DEBUG - 自動保存已禁用，跳過配置保存
2026-02-04 11:16:59,472 - VALO360 - DEBUG - 自動保存已禁用，跳過配置保存
2026-02-04 11:16:59,475 - VALO360 - DEBUG - 自動保存已禁用，跳過配置保存
2026-02-04 11:16:59,475 - VALO360 - DEBUG - 自動保存已禁用，跳過配置保存
2026-02-04 11:16:59,475 - VALO360 - DEBUG - 自動保存已禁用，跳過配置保存
2026-02-04 11:16:59,476 - VALO360 - DEBUG - 自動保存已禁用，跳過配置保存
2026-02-04 11:16:59,476 - VALO360 - DEBUG - 自動保存已禁用，跳過配置保存
2026-02-04 11:16:59,477 - VALO360 - DEBUG - 自動保存已禁用，跳過配置保存
2026-02-04 11:16:59,477 - VALO360 - DEBUG - 自動保存已禁用，跳過配置保存
2026-02-04 11:16:59,477 - VALO360 - DEBUG - 自動保存已禁用，跳過配置保存
2026-02-04 11:16:59,478 - VALO360 - DEBUG - 自動保存已禁用，跳過配置保存
2026-02-04 11:16:59,478 - VALO360 - DEBUG - 自動保存已禁用，跳過配置保存
2026-02-04 11:16:59,478 - VALO360 - DEBUG - 自動保存已禁用，跳過配置保存
2026-02-04 11:16:59,478 - VALO360 - DEBUG - 自動保存已禁用，跳過配置保存
2026-02-04 11:16:59,478 - VALO360 - DEBUG - 自動保存已禁用，跳過配置保存
2026-02-04 11:16:59,478 - VALO360 - DEBUG - 自動保存已禁用，跳過配置保存
2026-02-04 11:16:59,478 - VALO360 - DEBUG - 自動保存已禁用，跳過配置保存
2026-02-04 11:16:59,481 - VALO360 - DEBUG - 自動保存已禁用，跳過配置保存
2026-02-04 11:16:59,482 - VALO360 - DEBUG - 自動保存已禁用，跳過配置保存
2026-02-04 11:16:59,482 - VALO360 - DEBUG - 自動保存已禁用，跳過配置保存
2026-02-04 11:16:59,482 - VALO360 - DEBUG - 自動保存已禁用，跳過配置保存
2026-02-04 11:16:59,482 - VALO360 - DEBUG - 自動保存已禁用，跳過配置保存
2026-02-04 11:16:59,482 - VALO360 - DEBUG - 自動保存已禁用，跳過配置保存
2026-02-04 11:16:59,482 - VALO360 - DEBUG - 自動保存已禁用，跳過配置保存
2026-02-04 11:16:59,482 - VALO360 - DEBUG - 自動保存已禁用，跳過配置保存
2026-02-04 11:16:59,482 - VALO360 - DEBUG - 自動保存已禁用，跳過配置保存
2026-02-04 11:16:59,482 - VALO360 - DEBUG - 自動保存已禁用，跳過配置保存
2026-02-04 11:16:59,484 - VALO360 - DEBUG - 自動保存已禁用，跳過配置保存
2026-02-04 11:16:59,484 - VALO360 - DEBUG - 自動保存已禁用，跳過配置保存
2026-02-04 11:16:59,484 - VALO360 - DEBUG - 自動保存已禁用，跳過配置保存
2026-02-04 11:16:59,485 - VALO360 - DEBUG - 自動保存已禁用，跳過配置保存
2026-02-04 11:16:59,485 - VALO360 - DEBUG - 自動保存已禁用，跳過配置保存
2026-02-04 11:16:59,485 - VALO360 - DEBUG - 自動保存已禁用，跳過配置保存
2026-02-04 11:16:59,485 - VALO360 - DEBUG - 自動保存已禁用，跳過配置保存
2026-02-04 11:16:59,485 - VALO360 - DEBUG - 自動保存已禁用，跳過配置保存
2026-02-04 11:16:59,485 - VALO360 - DEBUG - 自動保存已禁用，跳過配置保存
2026-02-04 11:16:59,487 - VALO360 - DEBUG - 自動保存已禁用，跳過配置保存
2026-02-04 11:16:59,487 - VALO360 - DEBUG - 自動保存已禁用，跳過配置保存
2026-02-04 11:16:59,487 - VALO360 - DEBUG - 自動保存已禁用，跳過配置保存
2026-02-04 11:16:59,487 - VALO360 - DEBUG - 自動保存已禁用，跳過配置保存
2026-02-04 11:16:59,487 - VALO360 - DEBUG - 自動保存已禁用，跳過配置保存
2026-02-04 11:16:59,488 - VALO360 - DEBUG - 自動保存已禁用，跳過配置保存
2026-02-04 11:16:59,488 - VALO360 - DEBUG - 自動保存已禁用，跳過配置保存
2026-02-04 11:16:59,489 - VALO360 - DEBUG - 自動保存已禁用，跳過配置保存
2026-02-04 11:16:59,489 - VALO360 - DEBUG - 自動保存已禁用，跳過配置保存
2026-02-04 11:16:59,490 - VALO360 - DEBUG - 自動保存已禁用，跳過配置保存
2026-02-04 11:16:59,491 - VALO360 - DEBUG - 自動保存已禁用，跳過配置保存
2026-02-04 11:16:59,491 - VALO360 - DEBUG - 自動保存已禁用，跳過配置保存
2026-02-04 11:16:59,492 - VALO360 - DEBUG - 自動保存已禁用，跳過配置保存
2026-02-04 11:16:59,492 - VALO360 - DEBUG - 自動保存已禁用，跳過配置保存
2026-02-04 11:16:59,493 - VALO360 - DEBUG - 自動保存已禁用，跳過配置保存
2026-02-04 11:16:59,493 - VALO360 - DEBUG - 自動保存已禁用，跳過配置保存
2026-02-04 11:16:59,493 - VALO360 - DEBUG - 自動保存已禁用，跳過配置保存
2026-02-04 11:16:59,493 - VALO360 - DEBUG - 自動保存已禁用，跳過配置保存
2026-02-04 11:16:59,495 - VALO360 - DEBUG - 自動保存已禁用，跳過配置保存
2026-02-04 11:16:59,495 - VALO360 - DEBUG - 自動保存已禁用，跳過配置保存
2026-02-04 11:16:59,496 - VALO360 - DEBUG - 自動保存已禁用，跳過配置保存
2026-02-04 11:16:59,496 - VALO360 - DEBUG - 自動保存已禁用，跳過配置保存
2026-02-04 11:16:59,496 - VALO360 - DEBUG - 自動保存已禁用，跳過配置保存
2026-02-04 11:16:59,496 - VALO360 - DEBUG - 自動保存已禁用，跳過配置保存
2026-02-04 11:16:59,496 - VALO360 - DEBUG - 自動保存已禁用，跳過配置保存
2026-02-04 11:16:59,497 - VALO360 - DEBUG - 自動保存已禁用，跳過配置保存
2026-02-04 11:16:59,497 - VALO360 - DEBUG - 自動保存已禁用，跳過配置保存
2026-02-04 11:16:59,497 - VALO360 - DEBUG - 自動保存已禁用，跳過配置保存
2026-02-04 11:16:59,497 - VALO360 - DEBUG - 自動保存已禁用，跳過配置保存
2026-02-04 11:16:59,498 - VALO360 - DEBUG - 自動保存已禁用，跳過配置保存
2026-02-04 11:16:59,499 - VALO360 - DEBUG - 自動保存已禁用，跳過配置保存
2026-02-04 11:16:59,499 - VALO360 - DEBUG - 自動保存已禁用，跳過配置保存
2026-02-04 11:16:59,499 - VALO360 - DEBUG - 自動保存已禁用，跳過配置保存
2026-02-04 11:16:59,500 - VALO360 - DEBUG - 自動保存已禁用，跳過配置保存
2026-02-04 11:16:59,500 - VALO360 - DEBUG - 自動保存已禁用，跳過配置保存
2026-02-04 11:16:59,500 - VALO360 - DEBUG - 自動保存已禁用，跳過配置保存
2026-02-04 11:16:59,500 - VALO360 - DEBUG - 自動保存已禁用，跳過配置保存
2026-02-04 11:16:59,501 - VALO360 - DEBUG - 自動保存已禁用，跳過配置保存
2026-02-04 11:16:59,501 - VALO360 - DEBUG - 自動保存已禁用，跳過配置保存
2026-02-04 11:16:59,501 - VALO360 - DEBUG - 自動保存已禁用，跳過配置保存
2026-02-04 11:16:59,501 - VALO360 - DEBUG - 自動保存已禁用，跳過配置保存
2026-02-04 11:16:59,501 - VALO360 - DEBUG - 自動保存已禁用，跳過配置保存
2026-02-04 11:16:59,502 - VALO360 - DEBUG - 自動保存已禁用，跳過配置保存
2026-02-04 11:16:59,502 - VALO360 - DEBUG - 自動保存已禁用，跳過配置保存
2026-02-04 11:16:59,502 - VALO360 - DEBUG - 自動保存已禁用，跳過配置保存
2026-02-04 11:16:59,502 - VALO360 - DEBUG - 自動保存已禁用，跳過配置保存
2026-02-04 11:16:59,503 - VALO360 - DEBUG - 自動保存已禁用，跳過配置保存
2026-02-04 11:16:59,503 - VALO360 - DEBUG - 自動保存已禁用，跳過配置保存
2026-02-04 11:16:59,503 - VALO360 - DEBUG - 自動保存已禁用，跳過配置保存
2026-02-04 11:16:59,503 - VALO360 - DEBUG - 自動保存已禁用，跳過配置保存
2026-02-04 11:16:59,505 - VALO360 - DEBUG - 自動保存已禁用，跳過配置保存
2026-02-04 11:16:59,505 - VALO360 - DEBUG - 自動保存已禁用，跳過配置保存
2026-02-04 11:16:59,505 - VALO360 - DEBUG - 自動保存已禁用，跳過配置保存
2026-02-04 11:16:59,505 - VALO360 - DEBUG - 自動保存已禁用，跳過配置保存
2026-02-04 11:16:59,506 - VALO360 - DEBUG - 自動保存已禁用，跳過配置保存
2026-02-04 11:16:59,506 - VALO360 - DEBUG - 自動保存已禁用，跳過配置保存
2026-02-04 11:16:59,507 - VALO360 - DEBUG - 自動保存已禁用，跳過配置保存
2026-02-04 11:16:59,507 - VALO360 - DEBUG - 自動保存已禁用，跳過配置保存
2026-02-04 11:16:59,509 - VALO360 - DEBUG - 自動保存已禁用，跳過配置保存
2026-02-04 11:16:59,509 - VALO360 - DEBUG - 自動保存已禁用，跳過配置保存
2026-02-04 11:16:59,509 - VALO360 - DEBUG - 自動保存已禁用，跳過配置保存
2026-02-04 11:16:59,509 - VALO360 - DEBUG - 自動保存已禁用，跳過配置保存
2026-02-04 11:16:59,511 - VALO360 - DEBUG - 自動保存已禁用，跳過配置保存
2026-02-04 11:16:59,512 - VALO360 - DEBUG - 自動保存已禁用，跳過配置保存
2026-02-04 11:16:59,512 - VALO360 - DEBUG - 自動保存已禁用，跳過配置保存
2026-02-04 11:16:59,512 - VALO360 - DEBUG - 自動保存已禁用，跳過配置保存
2026-02-04 11:16:59,513 - VALO360 - DEBUG - 自動保存已禁用，跳過配置保存
2026-02-04 11:16:59,513 - VALO360 - DEBUG - 自動保存已禁用，跳過配置保存
2026-02-04 11:16:59,514 - VALO360 - DEBUG - 自動保存已禁用，跳過配置保存
2026-02-04 11:16:59,514 - VALO360 - DEBUG - 自動保存已禁用，跳過配置保存
2026-02-04 11:16:59,514 - VALO360 - DEBUG - 自動保存已禁用，跳過配置保存
2026-02-04 11:16:59,514 - VALO360 - DEBUG - 自動保存已禁用，跳過配置保存
2026-02-04 11:16:59,515 - VALO360 - DEBUG - 自動保存已禁用，跳過配置保存
2026-02-04 11:16:59,515 - VALO360 - DEBUG - 自動保存已禁用，跳過配置保存
2026-02-04 11:16:59,515 - VALO360 - DEBUG - 自動保存已禁用，跳過配置保存
2026-02-04 11:16:59,515 - VALO360 - DEBUG - 自動保存已禁用，跳過配置保存
2026-02-04 11:16:59,515 - VALO360 - DEBUG - 自動保存已禁用，跳過配置保存
2026-02-04 11:16:59,515 - VALO360 - DEBUG - 自動保存已禁用，跳過配置保存
2026-02-04 11:16:59,517 - VALO360 - DEBUG - 自動保存已禁用，跳過配置保存
2026-02-04 11:16:59,517 - VALO360 - DEBUG - 自動保存已禁用，跳過配置保存
2026-02-04 11:16:59,517 - VALO360 - DEBUG - 自動保存已禁用，跳過配置保存
2026-02-04 11:16:59,517 - VALO360 - DEBUG - 自動保存已禁用，跳過配置保存
2026-02-04 11:16:59,518 - VALO360 - DEBUG - 自動保存已禁用，跳過配置保存
2026-02-04 11:16:59,518 - VALO360 - DEBUG - 自動保存已禁用，跳過配置保存
2026-02-04 11:16:59,519 - VALO360 - DEBUG - 自動保存已禁用，跳過配置保存
2026-02-04 11:16:59,519 - VALO360 - DEBUG - 自動保存已禁用，跳過配置保存
2026-02-04 11:16:59,519 - VALO360 - DEBUG - 自動保存已禁用，跳過配置保存
2026-02-04 11:16:59,519 - VALO360 - DEBUG - 自動保存已禁用，跳過配置保存
2026-02-04 11:16:59,520 - VALO360 - DEBUG - 自動保存已禁用，跳過配置保存
2026-02-04 11:16:59,520 - VALO360 - DEBUG - 自動保存已禁用，跳過配置保存
2026-02-04 11:16:59,520 - VALO360 - DEBUG - 自動保存已禁用，跳過配置保存
2026-02-04 11:16:59,520 - VALO360 - DEBUG - 自動保存已禁用，跳過配置保存
2026-02-04 11:16:59,520 - VALO360 - DEBUG - 自動保存已禁用，跳過配置保存
2026-02-04 11:16:59,520 - VALO360 - DEBUG - 自動保存已禁用，跳過配置保存
2026-02-04 11:16:59,522 - VALO360 - DEBUG - 自動保存已禁用，跳過配置保存
2026-02-04 11:16:59,522 - VALO360 - DEBUG - 自動保存已禁用，跳過配置保存
2026-02-04 11:16:59,522 - VALO360 - DEBUG - 自動保存已禁用，跳過配置保存
2026-02-04 11:16:59,522 - VALO360 - DEBUG - 自動保存已禁用，跳過配置保存
2026-02-04 11:16:59,601 - VALO360 - DEBUG - 自動保存已禁用，跳過配置保存
2026-02-04 11:16:59,602 - VALO360 - DEBUG - 自動保存已禁用，跳過配置保存
2026-02-04 11:16:59,602 - VALO360 - DEBUG - 自動保存已禁用，跳過配置保存
2026-02-04 11:16:59,602 - VALO360 - DEBUG - 自動保存已禁用，跳過配置保存
2026-02-04 11:16:59,603 - VALO360 - DEBUG - 自動保存已禁用，跳過配置保存
2026-02-04 11:16:59,603 - VALO360 - DEBUG - 自動保存已禁用，跳過配置保存
2026-02-04 11:16:59,603 - VALO360 - DEBUG - 自動保存已禁用，跳過配置保存
2026-02-04 11:16:59,603 - VALO360 - DEBUG - 自動保存已禁用，跳過配置保存
2026-02-04 11:16:59,612 - VALO360 - DEBUG - 自動保存已禁用，跳過配置保存
2026-02-04 11:16:59,612 - VALO360 - DEBUG - 自動保存已禁用，跳過配置保存
2026-02-04 11:16:59,612 - VALO360 - DEBUG - 自動保存已禁用，跳過配置保存
2026-02-04 11:16:59,612 - VALO360 - DEBUG - 自動保存已禁用，跳過配置保存
2026-02-04 11:16:59,612 - VALO360 - DEBUG - 自動保存已禁用，跳過配置保存
2026-02-04 11:16:59,613 - VALO360 - DEBUG - 自動保存已禁用，跳過配置保存
2026-02-04 11:16:59,613 - VALO360 - DEBUG - 自動保存已禁用，跳過配置保存
2026-02-04 11:16:59,614 - VALO360 - DEBUG - 自動保存已禁用，跳過配置保存
2026-02-04 11:16:59,626 - VALO360 - DEBUG - 自動保存已禁用，跳過配置保存
2026-02-04 11:16:59,626 - VALO360 - DEBUG - 自動保存已禁用，跳過配置保存
2026-02-04 11:16:59,626 - VALO360 - DEBUG - 自動保存已禁用，跳過配置保存
2026-02-04 11:16:59,626 - VALO360 - DEBUG - 自動保存已禁用，跳過配置保存
2026-02-04 11:16:59,627 - VALO360 - DEBUG - 自動保存已禁用，跳過配置保存
2026-02-04 11:16:59,627 - VALO360 - DEBUG - 自動保存已禁用，跳過配置保存
2026-02-04 11:16:59,628 - VALO360 - DEBUG - 自動保存已禁用，跳過配置保存
2026-02-04 11:16:59,628 - VALO360 - DEBUG - 自動保存已禁用，跳過配置保存
2026-02-04 11:16:59,639 - VALO360 - DEBUG - 自動保存已禁用，跳過配置保存
2026-02-04 11:16:59,639 - VALO360 - DEBUG - 自動保存已禁用，跳過配置保存
2026-02-04 11:16:59,639 - VALO360 - DEBUG - 自動保存已禁用，跳過配置保存
2026-02-04 11:16:59,639 - VALO360 - DEBUG - 自動保存已禁用，跳過配置保存
2026-02-04 11:16:59,640 - VALO360 - DEBUG - 自動保存已禁用，跳過配置保存
2026-02-04 11:16:59,640 - VALO360 - DEBUG - 自動保存已禁用，跳過配置保存
2026-02-04 11:16:59,640 - VALO360 - DEBUG - 自動保存已禁用，跳過配置保存
2026-02-04 11:16:59,640 - VALO360 - DEBUG - 自動保存已禁用，跳過配置保存
2026-02-04 11:16:59,649 - VALO360 - DEBUG - 自動保存已禁用，跳過配置保存
2026-02-04 11:16:59,649 - VALO360 - DEBUG - 自動保存已禁用，跳過配置保存
2026-02-04 11:16:59,649 - VALO360 - DEBUG - 自動保存已禁用，跳過配置保存
2026-02-04 11:16:59,649 - VALO360 - DEBUG - 自動保存已禁用，跳過配置保存
2026-02-04 11:16:59,649 - VALO360 - DEBUG - 自動保存已禁用，跳過配置保存
2026-02-04 11:16:59,649 - VALO360 - DEBUG - 自動保存已禁用，跳過配置保存
2026-02-04 11:16:59,649 - VALO360 - DEBUG - 自動保存已禁用，跳過配置保存
2026-02-04 11:16:59,649 - VALO360 - DEBUG - 自動保存已禁用，跳過配置保存
2026-02-04 11:16:59,653 - VALO360 - DEBUG - 自動保存已禁用，跳過配置保存
2026-02-04 11:16:59,653 - VALO360 - DEBUG - 自動保存已禁用，跳過配置保存
2026-02-04 11:16:59,653 - VALO360 - DEBUG - 自動保存已禁用，跳過配置保存
2026-02-04 11:16:59,654 - VALO360 - DEBUG - 自動保存已禁用，跳過配置保存
2026-02-04 11:16:59,654 - VALO360 - DEBUG - 自動保存已禁用，跳過配置保存
2026-02-04 11:16:59,654 - VALO360 - DEBUG - 自動保存已禁用，跳過配置保存
2026-02-04 11:16:59,654 - VALO360 - DEBUG - 自動保存已禁用，跳過配置保存
2026-02-04 11:16:59,654 - VALO360 - DEBUG - 自動保存已禁用，跳過配置保存
2026-02-04 11:16:59,655 - VALO360 - DEBUG - 自動保存已禁用，跳過配置保存
2026-02-04 11:16:59,655 - VALO360 - DEBUG - 自動保存已禁用，跳過配置保存
2026-02-04 11:16:59,655 - VALO360 - DEBUG - 自動保存已禁用，跳過配置保存
2026-02-04 11:16:59,655 - VALO360 - DEBUG - 自動保存已禁用，跳過配置保存
2026-02-04 11:16:59,656 - VALO360 - DEBUG - 自動保存已禁用，跳過配置保存
2026-02-04 11:16:59,656 - VALO360 - DEBUG - 自動保存已禁用，跳過配置保存
2026-02-04 11:16:59,656 - VALO360 - DEBUG - 自動保存已禁用，跳過配置保存
2026-02-04 11:16:59,657 - VALO360 - DEBUG - 自動保存已禁用，跳過配置保存
2026-02-04 11:16:59,665 - VALO360 - DEBUG - 自動保存已禁用，跳過配置保存
2026-02-04 11:16:59,665 - VALO360 - DEBUG - 自動保存已禁用，跳過配置保存
2026-02-04 11:16:59,667 - VALO360 - DEBUG - 自動保存已禁用，跳過配置保存
2026-02-04 11:16:59,667 - VALO360 - DEBUG - 自動保存已禁用，跳過配置保存
2026-02-04 11:16:59,667 - VALO360 - DEBUG - 自動保存已禁用，跳過配置保存
2026-02-04 11:16:59,667 - VALO360 - DEBUG - 自動保存已禁用，跳過配置保存
2026-02-04 11:16:59,667 - VALO360 - DEBUG - 自動保存已禁用，跳過配置保存
2026-02-04 11:16:59,667 - VALO360 - DEBUG - 自動保存已禁用，跳過配置保存
2026-02-04 11:16:59,670 - VALO360 - DEBUG - 自動保存已禁用，跳過配置保存
2026-02-04 11:16:59,670 - VALO360 - DEBUG - 自動保存已禁用，跳過配置保存
2026-02-04 11:16:59,670 - VALO360 - DEBUG - 自動保存已禁用，跳過配置保存
2026-02-04 11:16:59,670 - VALO360 - DEBUG - 自動保存已禁用，跳過配置保存
2026-02-04 11:16:59,672 - VALO360 - DEBUG - 自動保存已禁用，跳過配置保存
2026-02-04 11:16:59,672 - VALO360 - DEBUG - 自動保存已禁用，跳過配置保存
2026-02-04 11:16:59,672 - VALO360 - DEBUG - 自動保存已禁用，跳過配置保存
2026-02-04 11:16:59,672 - VALO360 - DEBUG - 自動保存已禁用，跳過配置保存
2026-02-04 11:16:59,685 - VALO360 - DEBUG - 自動保存已禁用，跳過配置保存
2026-02-04 11:16:59,685 - VALO360 - DEBUG - 自動保存已禁用，跳過配置保存
2026-02-04 11:16:59,685 - VALO360 - DEBUG - 自動保存已禁用，跳過配置保存
2026-02-04 11:16:59,685 - VALO360 - DEBUG - 自動保存已禁用，跳過配置保存
2026-02-04 11:16:59,686 - VALO360 - DEBUG - 自動保存已禁用，跳過配置保存
2026-02-04 11:16:59,687 - VALO360 - DEBUG - 自動保存已禁用，跳過配置保存
2026-02-04 11:16:59,687 - VALO360 - DEBUG - 自動保存已禁用，跳過配置保存
2026-02-04 11:16:59,687 - VALO360 - DEBUG - 自動保存已禁用，跳過配置保存
2026-02-04 11:16:59,688 - VALO360 - DEBUG - 自動保存已禁用，跳過配置保存
2026-02-04 11:16:59,688 - VALO360 - DEBUG - 自動保存已禁用，跳過配置保存
2026-02-04 11:16:59,688 - VALO360 - DEBUG - 自動保存已禁用，跳過配置保存
2026-02-04 11:16:59,689 - VALO360 - DEBUG - 自動保存已禁用，跳過配置保存
2026-02-04 11:16:59,689 - VALO360 - DEBUG - 自動保存已禁用，跳過配置保存
2026-02-04 11:16:59,689 - VALO360 - DEBUG - 自動保存已禁用，跳過配置保存
2026-02-04 11:16:59,689 - VALO360 - DEBUG - 自動保存已禁用，跳過配置保存
2026-02-04 11:16:59,689 - VALO360 - DEBUG - 自動保存已禁用，跳過配置保存
2026-02-04 11:16:59,695 - VALO360 - DEBUG - 自動保存已禁用，跳過配置保存
2026-02-04 11:16:59,695 - VALO360 - DEBUG - 自動保存已禁用，跳過配置保存
2026-02-04 11:16:59,695 - VALO360 - DEBUG - 自動保存已禁用，跳過配置保存
2026-02-04 11:16:59,696 - VALO360 - DEBUG - 自動保存已禁用，跳過配置保存
2026-02-04 11:16:59,696 - VALO360 - DEBUG - 自動保存已禁用，跳過配置保存
2026-02-04 11:16:59,696 - VALO360 - DEBUG - 自動保存已禁用，跳過配置保存
2026-02-04 11:16:59,696 - VALO360 - DEBUG - 自動保存已禁用，跳過配置保存
2026-02-04 11:16:59,696 - VALO360 - DEBUG - 自動保存已禁用，跳過配置保存
2026-02-04 11:16:59,703 - VALO360 - DEBUG - 自動保存已禁用，跳過配置保存
2026-02-04 11:16:59,703 - VALO360 - DEBUG - 自動保存已禁用，跳過配置保存
2026-02-04 11:16:59,703 - VALO360 - DEBUG - 自動保存已禁用，跳過配置保存
2026-02-04 11:16:59,704 - VALO360 - DEBUG - 自動保存已禁用，跳過配置保存
2026-02-04 11:16:59,704 - VALO360 - DEBUG - 自動保存已禁用，跳過配置保存
2026-02-04 11:16:59,705 - VALO360 - DEBUG - 自動保存已禁用，跳過配置保存
2026-02-04 11:16:59,705 - VALO360 - DEBUG - 自動保存已禁用，跳過配置保存
2026-02-04 11:16:59,705 - VALO360 - DEBUG - 自動保存已禁用，跳過配置保存
2026-02-04 11:16:59,707 - VALO360 - DEBUG - 自動保存已禁用，跳過配置保存
2026-02-04 11:16:59,707 - VALO360 - DEBUG - 自動保存已禁用，跳過配置保存
2026-02-04 11:16:59,707 - VALO360 - DEBUG - 自動保存已禁用，跳過配置保存
2026-02-04 11:16:59,707 - VALO360 - DEBUG - 自動保存已禁用，跳過配置保存
2026-02-04 11:16:59,707 - VALO360 - DEBUG - 自動保存已禁用，跳過配置保存
2026-02-04 11:16:59,707 - VALO360 - DEBUG - 自動保存已禁用，跳過配置保存
2026-02-04 11:16:59,707 - VALO360 - DEBUG - 自動保存已禁用，跳過配置保存
2026-02-04 11:16:59,707 - VALO360 - DEBUG - 自動保存已禁用，跳過配置保存
2026-02-04 11:16:59,710 - VALO360 - DEBUG - 自動保存已禁用，跳過配置保存
2026-02-04 11:16:59,711 - VALO360 - DEBUG - 自動保存已禁用，跳過配置保存
2026-02-04 11:16:59,711 - VALO360 - DEBUG - 自動保存已禁用，跳過配置保存
2026-02-04 11:16:59,711 - VALO360 - DEBUG - 自動保存已禁用，跳過配置保存
2026-02-04 11:16:59,711 - VALO360 - DEBUG - 自動保存已禁用，跳過配置保存
2026-02-04 11:16:59,711 - VALO360 - DEBUG - 自動保存已禁用，跳過配置保存
2026-02-04 11:16:59,712 - VALO360 - DEBUG - 自動保存已禁用，跳過配置保存
2026-02-04 11:16:59,712 - VALO360 - DEBUG - 自動保存已禁用，跳過配置保存
2026-02-04 11:16:59,722 - VALO360 - DEBUG - 自動保存已禁用，跳過配置保存
2026-02-04 11:16:59,722 - VALO360 - DEBUG - 自動保存已禁用，跳過配置保存
2026-02-04 11:16:59,725 - VALO360 - DEBUG - 自動保存已禁用，跳過配置保存
2026-02-04 11:16:59,725 - VALO360 - DEBUG - 自動保存已禁用，跳過配置保存
2026-02-04 11:16:59,725 - VALO360 - DEBUG - 自動保存已禁用，跳過配置保存
2026-02-04 11:16:59,725 - VALO360 - DEBUG - 自動保存已禁用，跳過配置保存
2026-02-04 11:16:59,725 - VALO360 - DEBUG - 自動保存已禁用，跳過配置保存
2026-02-04 11:16:59,725 - VALO360 - DEBUG - 自動保存已禁用，跳過配置保存
2026-02-04 11:16:59,732 - VALO360 - DEBUG - 自動保存已禁用，跳過配置保存
2026-02-04 11:16:59,732 - VALO360 - DEBUG - 自動保存已禁用，跳過配置保存
2026-02-04 11:16:59,732 - VALO360 - DEBUG - 自動保存已禁用，跳過配置保存
2026-02-04 11:16:59,732 - VALO360 - DEBUG - 自動保存已禁用，跳過配置保存
2026-02-04 11:16:59,732 - VALO360 - DEBUG - 自動保存已禁用，跳過配置保存
2026-02-04 11:16:59,732 - VALO360 - DEBUG - 自動保存已禁用，跳過配置保存
2026-02-04 11:16:59,732 - VALO360 - DEBUG - 自動保存已禁用，跳過配置保存
2026-02-04 11:16:59,734 - VALO360 - DEBUG - 自動保存已禁用，跳過配置保存
2026-02-04 11:16:59,734 - VALO360 - DEBUG - 自動保存已禁用，跳過配置保存
2026-02-04 11:16:59,734 - VALO360 - DEBUG - 自動保存已禁用，跳過配置保存
2026-02-04 11:16:59,734 - VALO360 - DEBUG - 自動保存已禁用，跳過配置保存
2026-02-04 11:16:59,735 - VALO360 - DEBUG - 自動保存已禁用，跳過配置保存
2026-02-04 11:16:59,735 - VALO360 - DEBUG - 自動保存已禁用，跳過配置保存
2026-02-04 11:16:59,735 - VALO360 - DEBUG - 自動保存已禁用，跳過配置保存
2026-02-04 11:16:59,735 - VALO360 - DEBUG - 自動保存已禁用，跳過配置保存
2026-02-04 11:16:59,735 - VALO360 - DEBUG - 自動保存已禁用，跳過配置保存
2026-02-04 11:16:59,736 - VALO360 - DEBUG - 自動保存已禁用，跳過配置保存
2026-02-04 11:16:59,736 - VALO360 - DEBUG - 自動保存已禁用，跳過配置保存
2026-02-04 11:16:59,736 - VALO360 - DEBUG - 自動保存已禁用，跳過配置保存
2026-02-04 11:16:59,737 - VALO360 - DEBUG - 自動保存已禁用，跳過配置保存
2026-02-04 11:16:59,737 - VALO360 - DEBUG - 自動保存已禁用，跳過配置保存
2026-02-04 11:16:59,738 - VALO360 - DEBUG - 自動保存已禁用，跳過配置保存
2026-02-04 11:16:59,738 - VALO360 - DEBUG - 自動保存已禁用，跳過配置保存
2026-02-04 11:16:59,738 - VALO360 - DEBUG - 自動保存已禁用，跳過配置保存
2026-02-04 11:16:59,757 - VALO360 - DEBUG - 自動保存已禁用，跳過配置保存
2026-02-04 11:16:59,757 - VALO360 - DEBUG - 自動保存已禁用，跳過配置保存
2026-02-04 11:16:59,757 - VALO360 - DEBUG - 自動保存已禁用，跳過配置保存
2026-02-04 11:16:59,757 - VALO360 - DEBUG - 自動保存已禁用，跳過配置保存
2026-02-04 11:16:59,757 - VALO360 - DEBUG - 自動保存已禁用，跳過配置保存
2026-02-04 11:16:59,758 - VALO360 - DEBUG - 自動保存已禁用，跳過配置保存
2026-02-04 11:16:59,758 - VALO360 - DEBUG - 自動保存已禁用，跳過配置保存
2026-02-04 11:16:59,758 - VALO360 - DEBUG - 自動保存已禁用，跳過配置保存
2026-02-04 11:16:59,764 - VALO360 - DEBUG - 自動保存已禁用，跳過配置保存
2026-02-04 11:16:59,765 - VALO360 - DEBUG - 自動保存已禁用，跳過配置保存
2026-02-04 11:16:59,765 - VALO360 - DEBUG - 自動保存已禁用，跳過配置保存
2026-02-04 11:16:59,765 - VALO360 - DEBUG - 自動保存已禁用，跳過配置保存
2026-02-04 11:16:59,765 - VALO360 - DEBUG - 自動保存已禁用，跳過配置保存
2026-02-04 11:16:59,765 - VALO360 - DEBUG - 自動保存已禁用，跳過配置保存
2026-02-04 11:16:59,765 - VALO360 - DEBUG - 自動保存已禁用，跳過配置保存
2026-02-04 11:16:59,765 - VALO360 - DEBUG - 自動保存已禁用，跳過配置保存
2026-02-04 11:16:59,778 - VALO360 - DEBUG - 自動保存已禁用，跳過配置保存
2026-02-04 11:16:59,779 - VALO360 - DEBUG - 自動保存已禁用，跳過配置保存
2026-02-04 11:16:59,779 - VALO360 - DEBUG - 自動保存已禁用，跳過配置保存
2026-02-04 11:16:59,779 - VALO360 - DEBUG - 自動保存已禁用，跳過配置保存
2026-02-04 11:16:59,779 - VALO360 - DEBUG - 自動保存已禁用，跳過配置保存
2026-02-04 11:16:59,779 - VALO360 - DEBUG - 自動保存已禁用，跳過配置保存
2026-02-04 11:16:59,779 - VALO360 - DEBUG - 自動保存已禁用，跳過配置保存
2026-02-04 11:16:59,779 - VALO360 - DEBUG - 自動保存已禁用，跳過配置保存
2026-02-04 11:16:59,822 - VALO360 - DEBUG - 自動保存已禁用，跳過配置保存
2026-02-04 11:16:59,822 - VALO360 - DEBUG - 自動保存已禁用，跳過配置保存
2026-02-04 11:16:59,822 - VALO360 - DEBUG - 自動保存已禁用，跳過配置保存
2026-02-04 11:16:59,822 - VALO360 - DEBUG - 自動保存已禁用，跳過配置保存
2026-02-04 11:16:59,822 - VALO360 - DEBUG - 自動保存已禁用，跳過配置保存
2026-02-04 11:16:59,822 - VALO360 - DEBUG - 自動保存已禁用，跳過配置保存
2026-02-04 11:16:59,822 - VALO360 - DEBUG - 自動保存已禁用，跳過配置保存
2026-02-04 11:16:59,822 - VALO360 - DEBUG - 自動保存已禁用，跳過配置保存
2026-02-04 11:16:59,869 - VALO360 - DEBUG - 自動保存已禁用，跳過配置保存
2026-02-04 11:16:59,869 - VALO360 - DEBUG - 自動保存已禁用，跳過配置保存
2026-02-04 11:16:59,870 - VALO360 - DEBUG - 自動保存已禁用，跳過配置保存
2026-02-04 11:16:59,870 - VALO360 - DEBUG - 自動保存已禁用，跳過配置保存
2026-02-04 11:16:59,870 - VALO360 - DEBUG - 自動保存已禁用，跳過配置保存
2026-02-04 11:16:59,870 - VALO360 - DEBUG - 自動保存已禁用，跳過配置保存
2026-02-04 11:16:59,871 - VALO360 - DEBUG - 自動保存已禁用，跳過配置保存
2026-02-04 11:16:59,871 - VALO360 - DEBUG - 自動保存已禁用，跳過配置保存
2026-02-04 11:16:59,872 - VALO360 - DEBUG - 自動保存已禁用，跳過配置保存
2026-02-04 11:16:59,872 - VALO360 - DEBUG - 自動保存已禁用，跳過配置保存
2026-02-04 11:16:59,872 - VALO360 - DEBUG - 自動保存已禁用，跳過配置保存
2026-02-04 11:16:59,872 - VALO360 - DEBUG - 自動保存已禁用，跳過配置保存
2026-02-04 11:16:59,875 - VALO360 - DEBUG - 自動保存已禁用，跳過配置保存
2026-02-04 11:16:59,875 - VALO360 - DEBUG - 自動保存已禁用，跳過配置保存
2026-02-04 11:16:59,875 - VALO360 - DEBUG - 自動保存已禁用，跳過配置保存
2026-02-04 11:16:59,875 - VALO360 - DEBUG - 自動保存已禁用，跳過配置保存
2026-02-04 11:16:59,875 - VALO360 - DEBUG - 自動保存已禁用，跳過配置保存
2026-02-04 11:16:59,876 - VALO360 - DEBUG - 自動保存已禁用，跳過配置保存
2026-02-04 11:16:59,876 - VALO360 - DEBUG - 自動保存已禁用，跳過配置保存
2026-02-04 11:16:59,876 - VALO360 - DEBUG - 自動保存已禁用，跳過配置保存
2026-02-04 11:16:59,877 - VALO360 - DEBUG - 自動保存已禁用，跳過配置保存
2026-02-04 11:16:59,877 - VALO360 - DEBUG - 自動保存已禁用，跳過配置保存
2026-02-04 11:16:59,877 - VALO360 - DEBUG - 自動保存已禁用，跳過配置保存
2026-02-04 11:16:59,877 - VALO360 - DEBUG - 自動保存已禁用，跳過配置保存
2026-02-04 11:16:59,877 - VALO360 - DEBUG - 自動保存已禁用，跳過配置保存
2026-02-04 11:16:59,879 - VALO360 - DEBUG - 自動保存已禁用，跳過配置保存
2026-02-04 11:16:59,879 - VALO360 - DEBUG - 自動保存已禁用，跳過配置保存
2026-02-04 11:16:59,879 - VALO360 - DEBUG - 自動保存已禁用，跳過配置保存
2026-02-04 11:16:59,879 - VALO360 - DEBUG - 自動保存已禁用，跳過配置保存
2026-02-04 11:16:59,879 - VALO360 - DEBUG - 自動保存已禁用，跳過配置保存
2026-02-04 11:16:59,879 - VALO360 - DEBUG - 自動保存已禁用，跳過配置保存
2026-02-04 11:16:59,879 - VALO360 - DEBUG - 自動保存已禁用，跳過配置保存
2026-02-04 11:16:59,881 - VALO360 - DEBUG - 自動保存已禁用，跳過配置保存
2026-02-04 11:16:59,881 - VALO360 - DEBUG - 自動保存已禁用，跳過配置保存
2026-02-04 11:16:59,881 - VALO360 - DEBUG - 自動保存已禁用，跳過配置保存
2026-02-04 11:16:59,881 - VALO360 - DEBUG - 自動保存已禁用，跳過配置保存
2026-02-04 11:16:59,882 - VALO360 - DEBUG - 自動保存已禁用，跳過配置保存
2026-02-04 11:16:59,882 - VALO360 - DEBUG - 自動保存已禁用，跳過配置保存
2026-02-04 11:16:59,882 - VALO360 - DEBUG - 自動保存已禁用，跳過配置保存
2026-02-04 11:16:59,882 - VALO360 - DEBUG - 自動保存已禁用，跳過配置保存
2026-02-04 11:16:59,882 - VALO360 - DEBUG - 自動保存已禁用，跳過配置保存
2026-02-04 11:16:59,882 - VALO360 - DEBUG - 自動保存已禁用，跳過配置保存
2026-02-04 11:16:59,884 - VALO360 - DEBUG - 自動保存已禁用，跳過配置保存
2026-02-04 11:16:59,884 - VALO360 - DEBUG - 自動保存已禁用，跳過配置保存
2026-02-04 11:16:59,885 - VALO360 - DEBUG - 自動保存已禁用，跳過配置保存
2026-02-04 11:16:59,885 - VALO360 - DEBUG - 自動保存已禁用，跳過配置保存
2026-02-04 11:16:59,885 - VALO360 - DEBUG - 自動保存已禁用，跳過配置保存
2026-02-04 11:16:59,885 - VALO360 - DEBUG - 自動保存已禁用，跳過配置保存
2026-02-04 11:16:59,886 - VALO360 - DEBUG - 自動保存已禁用，跳過配置保存
2026-02-04 11:16:59,886 - VALO360 - DEBUG - 自動保存已禁用，跳過配置保存
2026-02-04 11:16:59,886 - VALO360 - DEBUG - 自動保存已禁用，跳過配置保存
2026-02-04 11:16:59,887 - VALO360 - DEBUG - 自動保存已禁用，跳過配置保存
2026-02-04 11:16:59,888 - VALO360 - DEBUG - 自動保存已禁用，跳過配置保存
2026-02-04 11:16:59,888 - VALO360 - DEBUG - 自動保存已禁用，跳過配置保存
2026-02-04 11:16:59,888 - VALO360 - DEBUG - 自動保存已禁用，跳過配置保存
2026-02-04 11:16:59,888 - VALO360 - DEBUG - 自動保存已禁用，跳過配置保存
2026-02-04 11:16:59,890 - VALO360 - DEBUG - 自動保存已禁用，跳過配置保存
2026-02-04 11:16:59,890 - VALO360 - DEBUG - 自動保存已禁用，跳過配置保存
2026-02-04 11:16:59,890 - VALO360 - DEBUG - 自動保存已禁用，跳過配置保存
2026-02-04 11:16:59,891 - VALO360 - DEBUG - 自動保存已禁用，跳過配置保存
2026-02-04 11:16:59,892 - VALO360 - DEBUG - 自動保存已禁用，跳過配置保存
2026-02-04 11:16:59,892 - VALO360 - DEBUG - 自動保存已禁用，跳過配置保存
2026-02-04 11:16:59,893 - VALO360 - DEBUG - 自動保存已禁用，跳過配置保存
2026-02-04 11:16:59,893 - VALO360 - DEBUG - 自動保存已禁用，跳過配置保存
2026-02-04 11:16:59,893 - VALO360 - DEBUG - 自動保存已禁用，跳過配置保存
2026-02-04 11:16:59,893 - VALO360 - DEBUG - 自動保存已禁用，跳過配置保存
2026-02-04 11:16:59,893 - VALO360 - DEBUG - 自動保存已禁用，跳過配置保存
2026-02-04 11:16:59,893 - VALO360 - DEBUG - 自動保存已禁用，跳過配置保存
2026-02-04 11:16:59,894 - VALO360 - DEBUG - 自動保存已禁用，跳過配置保存
2026-02-04 11:16:59,895 - VALO360 - DEBUG - 自動保存已禁用，跳過配置保存
2026-02-04 11:16:59,895 - VALO360 - DEBUG - 自動保存已禁用，跳過配置保存
2026-02-04 11:16:59,895 - VALO360 - DEBUG - 自動保存已禁用，跳過配置保存
2026-02-04 11:16:59,922 - VALO360 - DEBUG - 自動保存已禁用，跳過配置保存
2026-02-04 11:16:59,922 - VALO360 - DEBUG - 自動保存已禁用，跳過配置保存
2026-02-04 11:16:59,925 - VALO360 - DEBUG - 自動保存已禁用，跳過配置保存
2026-02-04 11:16:59,925 - VALO360 - DEBUG - 自動保存已禁用，跳過配置保存
2026-02-04 11:16:59,926 - VALO360 - DEBUG - 自動保存已禁用，跳過配置保存
2026-02-04 11:16:59,926 - VALO360 - DEBUG - 自動保存已禁用，跳過配置保存
2026-02-04 11:16:59,926 - VALO360 - DEBUG - 自動保存已禁用，跳過配置保存
2026-02-04 11:16:59,926 - VALO360 - DEBUG - 自動保存已禁用，跳過配置保存
2026-02-04 11:16:59,929 - VALO360 - DEBUG - 自動保存已禁用，跳過配置保存
2026-02-04 11:16:59,929 - VALO360 - DEBUG - 自動保存已禁用，跳過配置保存
2026-02-04 11:16:59,929 - VALO360 - DEBUG - 自動保存已禁用，跳過配置保存
2026-02-04 11:16:59,929 - VALO360 - DEBUG - 自動保存已禁用，跳過配置保存
2026-02-04 11:16:59,929 - VALO360 - DEBUG - 自動保存已禁用，跳過配置保存
2026-02-04 11:16:59,931 - VALO360 - DEBUG - 自動保存已禁用，跳過配置保存
2026-02-04 11:16:59,931 - VALO360 - DEBUG - 自動保存已禁用，跳過配置保存
2026-02-04 11:16:59,931 - VALO360 - DEBUG - 自動保存已禁用，跳過配置保存
2026-02-04 11:16:59,931 - VALO360 - DEBUG - 自動保存已禁用，跳過配置保存
2026-02-04 11:16:59,931 - VALO360 - DEBUG - 自動保存已禁用，跳過配置保存
2026-02-04 11:16:59,931 - VALO360 - DEBUG - 自動保存已禁用，跳過配置保存
2026-02-04 11:16:59,931 - VALO360 - DEBUG - 自動保存已禁用，跳過配置保存
2026-02-04 11:16:59,931 - VALO360 - DEBUG - 自動保存已禁用，跳過配置保存
2026-02-04 11:16:59,931 - VALO360 - DEBUG - 自動保存已禁用，跳過配置保存
2026-02-04 11:16:59,931 - VALO360 - DEBUG - 自動保存已禁用，跳過配置保存
2026-02-04 11:16:59,934 - VALO360 - DEBUG - 自動保存已禁用，跳過配置保存
2026-02-04 11:16:59,934 - VALO360 - DEBUG - 自動保存已禁用，跳過配置保存
2026-02-04 11:16:59,935 - VALO360 - DEBUG - 自動保存已禁用，跳過配置保存
2026-02-04 11:16:59,935 - VALO360 - DEBUG - 自動保存已禁用，跳過配置保存
2026-02-04 11:16:59,935 - VALO360 - DEBUG - 自動保存已禁用，跳過配置保存
2026-02-04 11:16:59,936 - VALO360 - DEBUG - 自動保存已禁用，跳過配置保存
2026-02-04 11:16:59,936 - VALO360 - DEBUG - 自動保存已禁用，跳過配置保存
2026-02-04 11:16:59,936 - VALO360 - DEBUG - 自動保存已禁用，跳過配置保存
2026-02-04 11:16:59,936 - VALO360 - DEBUG - 自動保存已禁用，跳過配置保存
2026-02-04 11:16:59,938 - VALO360 - DEBUG - 自動保存已禁用，跳過配置保存
2026-02-04 11:16:59,938 - VALO360 - DEBUG - 自動保存已禁用，跳過配置保存
2026-02-04 11:16:59,939 - VALO360 - DEBUG - 自動保存已禁用，跳過配置保存
2026-02-04 11:16:59,939 - VALO360 - DEBUG - 自動保存已禁用，跳過配置保存
2026-02-04 11:16:59,939 - VALO360 - DEBUG - 自動保存已禁用，跳過配置保存
2026-02-04 11:16:59,940 - VALO360 - DEBUG - 自動保存已禁用，跳過配置保存
2026-02-04 11:16:59,940 - VALO360 - DEBUG - 自動保存已禁用，跳過配置保存
2026-02-04 11:16:59,941 - VALO360 - DEBUG - 自動保存已禁用，跳過配置保存
2026-02-04 11:16:59,941 - VALO360 - DEBUG - 自動保存已禁用，跳過配置保存
2026-02-04 11:16:59,942 - VALO360 - DEBUG - 自動保存已禁用，跳過配置保存
2026-02-04 11:16:59,942 - VALO360 - DEBUG - 自動保存已禁用，跳過配置保存
2026-02-04 11:16:59,942 - VALO360 - DEBUG - 自動保存已禁用，跳過配置保存
2026-02-04 11:16:59,943 - VALO360 - DEBUG - 自動保存已禁用，跳過配置保存
2026-02-04 11:16:59,943 - VALO360 - DEBUG - 自動保存已禁用，跳過配置保存
2026-02-04 11:16:59,943 - VALO360 - DEBUG - 自動保存已禁用，跳過配置保存
2026-02-04 11:16:59,943 - VALO360 - DEBUG - 自動保存已禁用，跳過配置保存
2026-02-04 11:16:59,945 - VALO360 - DEBUG - 自動保存已禁用，跳過配置保存
2026-02-04 11:16:59,945 - VALO360 - DEBUG - 自動保存已禁用，跳過配置保存
2026-02-04 11:16:59,945 - VALO360 - DEBUG - 自動保存已禁用，跳過配置保存
2026-02-04 11:16:59,945 - VALO360 - DEBUG - 自動保存已禁用，跳過配置保存
2026-02-04 11:16:59,946 - VALO360 - DEBUG - 自動保存已禁用，跳過配置保存
2026-02-04 11:16:59,946 - VALO360 - DEBUG - 自動保存已禁用，跳過配置保存
2026-02-04 11:16:59,946 - VALO360 - DEBUG - 自動保存已禁用，跳過配置保存
2026-02-04 11:16:59,947 - VALO360 - DEBUG - 自動保存已禁用，跳過配置保存
2026-02-04 11:16:59,948 - VALO360 - DEBUG - 自動保存已禁用，跳過配置保存
2026-02-04 11:16:59,948 - VALO360 - DEBUG - 自動保存已禁用，跳過配置保存
2026-02-04 11:16:59,948 - VALO360 - DEBUG - 自動保存已禁用，跳過配置保存
2026-02-04 11:16:59,949 - VALO360 - DEBUG - 自動保存已禁用，跳過配置保存
2026-02-04 11:16:59,949 - VALO360 - DEBUG - 自動保存已禁用，跳過配置保存
2026-02-04 11:16:59,949 - VALO360 - DEBUG - 自動保存已禁用，跳過配置保存
2026-02-04 11:16:59,949 - VALO360 - DEBUG - 自動保存已禁用，跳過配置保存
2026-02-04 11:16:59,949 - VALO360 - DEBUG - 自動保存已禁用，跳過配置保存
2026-02-04 11:16:59,951 - VALO360 - DEBUG - 自動保存已禁用，跳過配置保存
2026-02-04 11:16:59,951 - VALO360 - DEBUG - 自動保存已禁用，跳過配置保存
2026-02-04 11:16:59,951 - VALO360 - DEBUG - 自動保存已禁用，跳過配置保存
2026-02-04 11:16:59,951 - VALO360 - DEBUG - 自動保存已禁用，跳過配置保存
2026-02-04 11:16:59,953 - VALO360 - DEBUG - 自動保存已禁用，跳過配置保存
2026-02-04 11:16:59,953 - VALO360 - DEBUG - 自動保存已禁用，跳過配置保存
2026-02-04 11:16:59,953 - VALO360 - DEBUG - 自動保存已禁用，跳過配置保存
2026-02-04 11:16:59,953 - VALO360 - DEBUG - 自動保存已禁用，跳過配置保存
2026-02-04 11:16:59,956 - VALO360 - DEBUG - 自動保存已禁用，跳過配置保存
2026-02-04 11:16:59,956 - VALO360 - DEBUG - 自動保存已禁用，跳過配置保存
2026-02-04 11:16:59,957 - VALO360 - DEBUG - 自動保存已禁用，跳過配置保存
2026-02-04 11:16:59,957 - VALO360 - DEBUG - 自動保存已禁用，跳過配置保存
2026-02-04 11:16:59,957 - VALO360 - DEBUG - 自動保存已禁用，跳過配置保存
2026-02-04 11:16:59,957 - VALO360 - DEBUG - 自動保存已禁用，跳過配置保存
2026-02-04 11:16:59,957 - VALO360 - DEBUG - 自動保存已禁用，跳過配置保存
2026-02-04 11:16:59,957 - VALO360 - DEBUG - 自動保存已禁用，跳過配置保存
2026-02-04 11:16:59,959 - VALO360 - DEBUG - 自動保存已禁用，跳過配置保存
2026-02-04 11:16:59,959 - VALO360 - DEBUG - 自動保存已禁用，跳過配置保存
2026-02-04 11:16:59,959 - VALO360 - DEBUG - 自動保存已禁用，跳過配置保存
2026-02-04 11:16:59,959 - VALO360 - DEBUG - 自動保存已禁用，跳過配置保存
2026-02-04 11:16:59,959 - VALO360 - DEBUG - 自動保存已禁用，跳過配置保存
2026-02-04 11:16:59,960 - VALO360 - DEBUG - 自動保存已禁用，跳過配置保存
2026-02-04 11:16:59,960 - VALO360 - DEBUG - 自動保存已禁用，跳過配置保存
2026-02-04 11:16:59,960 - VALO360 - DEBUG - 自動保存已禁用，跳過配置保存
2026-02-04 11:16:59,961 - VALO360 - DEBUG - 自動保存已禁用，跳過配置保存
2026-02-04 11:16:59,961 - VALO360 - DEBUG - 自動保存已禁用，跳過配置保存
2026-02-04 11:16:59,961 - VALO360 - DEBUG - 自動保存已禁用，跳過配置保存
2026-02-04 11:16:59,962 - VALO360 - DEBUG - 自動保存已禁用，跳過配置保存
2026-02-04 11:16:59,963 - VALO360 - DEBUG - 自動保存已禁用，跳過配置保存
2026-02-04 11:16:59,964 - VALO360 - DEBUG - 自動保存已禁用，跳過配置保存
2026-02-04 11:16:59,964 - VALO360 - DEBUG - 自動保存已禁用，跳過配置保存
2026-02-04 11:16:59,964 - VALO360 - DEBUG - 自動保存已禁用，跳過配置保存
2026-02-04 11:16:59,965 - VALO360 - DEBUG - 自動保存已禁用，跳過配置保存
2026-02-04 11:16:59,965 - VALO360 - DEBUG - 自動保存已禁用，跳過配置保存
2026-02-04 11:16:59,965 - VALO360 - DEBUG - 自動保存已禁用，跳過配置保存
2026-02-04 11:16:59,965 - VALO360 - DEBUG - 自動保存已禁用，跳過配置保存
2026-02-04 11:16:59,965 - VALO360 - DEBUG - 自動保存已禁用，跳過配置保存
2026-02-04 11:16:59,965 - VALO360 - DEBUG - 自動保存已禁用，跳過配置保存
2026-02-04 11:16:59,967 - VALO360 - DEBUG - 自動保存已禁用，跳過配置保存
2026-02-04 11:16:59,967 - VALO360 - DEBUG - 自動保存已禁用，跳過配置保存
2026-02-04 11:16:59,967 - VALO360 - DEBUG - 自動保存已禁用，跳過配置保存
2026-02-04 11:16:59,967 - VALO360 - DEBUG - 自動保存已禁用，跳過配置保存
2026-02-04 11:16:59,967 - VALO360 - DEBUG - 自動保存已禁用，跳過配置保存
2026-02-04 11:16:59,967 - VALO360 - DEBUG - 自動保存已禁用，跳過配置保存
2026-02-04 11:16:59,967 - VALO360 - DEBUG - 自動保存已禁用，跳過配置保存
2026-02-04 11:16:59,967 - VALO360 - DEBUG - 自動保存已禁用，跳過配置保存
2026-02-04 11:16:59,967 - VALO360 - DEBUG - 自動保存已禁用，跳過配置保存
2026-02-04 11:16:59,969 - VALO360 - DEBUG - 自動保存已禁用，跳過配置保存
2026-02-04 11:16:59,969 - VALO360 - DEBUG - 自動保存已禁用，跳過配置保存
2026-02-04 11:16:59,970 - VALO360 - DEBUG - 自動保存已禁用，跳過配置保存
2026-02-04 11:16:59,970 - VALO360 - DEBUG - 自動保存已禁用，跳過配置保存
2026-02-04 11:16:59,970 - VALO360 - DEBUG - 自動保存已禁用，跳過配置保存
2026-02-04 11:16:59,970 - VALO360 - DEBUG - 自動保存已禁用，跳過配置保存
2026-02-04 11:16:59,970 - VALO360 - DEBUG - 自動保存已禁用，跳過配置保存
2026-02-04 11:16:59,970 - VALO360 - DEBUG - 自動保存已禁用，跳過配置保存
2026-02-04 11:16:59,972 - VALO360 - DEBUG - 自動保存已禁用，跳過配置保存
2026-02-04 11:16:59,972 - VALO360 - DEBUG - 自動保存已禁用，跳過配置保存
2026-02-04 11:16:59,972 - VALO360 - DEBUG - 自動保存已禁用，跳過配置保存
2026-02-04 11:16:59,972 - VALO360 - DEBUG - 自動保存已禁用，跳過配置保存
2026-02-04 11:16:59,972 - VALO360 - DEBUG - 自動保存已禁用，跳過配置保存
2026-02-04 11:16:59,972 - VALO360 - DEBUG - 自動保存已禁用，跳過配置保存
2026-02-04 11:16:59,972 - VALO360 - DEBUG - 自動保存已禁用，跳過配置保存
2026-02-04 11:16:59,972 - VALO360 - DEBUG - 自動保存已禁用，跳過配置保存
2026-02-04 11:16:59,972 - VALO360 - DEBUG - 自動保存已禁用，跳過配置保存
2026-02-04 11:16:59,975 - VALO360 - DEBUG - 自動保存已禁用，跳過配置保存
2026-02-04 11:16:59,975 - VALO360 - DEBUG - 自動保存已禁用，跳過配置保存
2026-02-04 11:16:59,975 - VALO360 - DEBUG - 自動保存已禁用，跳過配置保存
2026-02-04 11:16:59,975 - VALO360 - DEBUG - 自動保存已禁用，跳過配置保存
2026-02-04 11:16:59,976 - VALO360 - DEBUG - 自動保存已禁用，跳過配置保存
2026-02-04 11:16:59,976 - VALO360 - DEBUG - 自動保存已禁用，跳過配置保存
2026-02-04 11:16:59,976 - VALO360 - DEBUG - 自動保存已禁用，跳過配置保存
2026-02-04 11:16:59,976 - VALO360 - DEBUG - 自動保存已禁用，跳過配置保存
2026-02-04 11:16:59,977 - VALO360 - DEBUG - 自動保存已禁用，跳過配置保存
2026-02-04 11:16:59,977 - VALO360 - DEBUG - 自動保存已禁用，跳過配置保存
2026-02-04 11:16:59,977 - VALO360 - DEBUG - 自動保存已禁用，跳過配置保存
2026-02-04 11:16:59,977 - VALO360 - DEBUG - 自動保存已禁用，跳過配置保存
2026-02-04 11:16:59,978 - VALO360 - DEBUG - 自動保存已禁用，跳過配置保存
2026-02-04 11:16:59,978 - VALO360 - DEBUG - 自動保存已禁用，跳過配置保存
2026-02-04 11:16:59,978 - VALO360 - DEBUG - 自動保存已禁用，跳過配置保存
2026-02-04 11:16:59,978 - VALO360 - DEBUG - 自動保存已禁用，跳過配置保存
2026-02-04 11:16:59,979 - VALO360 - DEBUG - 自動保存已禁用，跳過配置保存
2026-02-04 11:16:59,979 - VALO360 - DEBUG - 自動保存已禁用，跳過配置保存
2026-02-04 11:16:59,979 - VALO360 - DEBUG - 自動保存已禁用，跳過配置保存
2026-02-04 11:16:59,979 - VALO360 - DEBUG - 自動保存已禁用，跳過配置保存
2026-02-04 11:16:59,979 - VALO360 - DEBUG - 自動保存已禁用，跳過配置保存
2026-02-04 11:16:59,981 - VALO360 - DEBUG - 自動保存已禁用，跳過配置保存
2026-02-04 11:16:59,981 - VALO360 - DEBUG - 自動保存已禁用，跳過配置保存
2026-02-04 11:16:59,982 - VALO360 - DEBUG - 自動保存已禁用，跳過配置保存
2026-02-04 11:16:59,982 - VALO360 - DEBUG - 自動保存已禁用，跳過配置保存
2026-02-04 11:16:59,982 - VALO360 - DEBUG - 自動保存已禁用，跳過配置保存
2026-02-04 11:16:59,982 - VALO360 - DEBUG - 自動保存已禁用，跳過配置保存
2026-02-04 11:16:59,982 - VALO360 - DEBUG - 自動保存已禁用，跳過配置保存
2026-02-04 11:16:59,982 - VALO360 - DEBUG - 自動保存已禁用，跳過配置保存
2026-02-04 11:16:59,982 - VALO360 - DEBUG - 自動保存已禁用，跳過配置保存
2026-02-04 11:16:59,982 - VALO360 - DEBUG - 自動保存已禁用，跳過配置保存
2026-02-04 11:16:59,982 - VALO360 - DEBUG - 自動保存已禁用，跳過配置保存
2026-02-04 11:16:59,984 - VALO360 - DEBUG - 自動保存已禁用，跳過配置保存
2026-02-04 11:16:59,984 - VALO360 - DEBUG - 自動保存已禁用，跳過配置保存
2026-02-04 11:16:59,984 - VALO360 - DEBUG - 自動保存已禁用，跳過配置保存
2026-02-04 11:16:59,985 - VALO360 - DEBUG - 自動保存已禁用，跳過配置保存
2026-02-04 11:16:59,985 - VALO360 - DEBUG - 自動保存已禁用，跳過配置保存
2026-02-04 11:16:59,985 - VALO360 - DEBUG - 自動保存已禁用，跳過配置保存
2026-02-04 11:16:59,985 - VALO360 - DEBUG - 自動保存已禁用，跳過配置保存
2026-02-04 11:16:59,985 - VALO360 - DEBUG - 自動保存已禁用，跳過配置保存
2026-02-04 11:16:59,987 - VALO360 - DEBUG - 自動保存已禁用，跳過配置保存
2026-02-04 11:16:59,987 - VALO360 - DEBUG - 自動保存已禁用，跳過配置保存
2026-02-04 11:16:59,987 - VALO360 - DEBUG - 自動保存已禁用，跳過配置保存
2026-02-04 11:16:59,987 - VALO360 - DEBUG - 自動保存已禁用，跳過配置保存
2026-02-04 11:16:59,987 - VALO360 - DEBUG - 自動保存已禁用，跳過配置保存
2026-02-04 11:16:59,987 - VALO360 - DEBUG - 自動保存已禁用，跳過配置保存
2026-02-04 11:16:59,989 - VALO360 - DEBUG - 自動保存已禁用，跳過配置保存
2026-02-04 11:16:59,989 - VALO360 - DEBUG - 自動保存已禁用，跳過配置保存
2026-02-04 11:16:59,989 - VALO360 - DEBUG - 自動保存已禁用，跳過配置保存
2026-02-04 11:16:59,990 - VALO360 - DEBUG - 自動保存已禁用，跳過配置保存
2026-02-04 11:16:59,990 - VALO360 - DEBUG - 自動保存已禁用，跳過配置保存
2026-02-04 11:16:59,990 - VALO360 - DEBUG - 自動保存已禁用，跳過配置保存
2026-02-04 11:16:59,992 - VALO360 - DEBUG - 自動保存已禁用，跳過配置保存
2026-02-04 11:16:59,993 - VALO360 - DEBUG - 自動保存已禁用，跳過配置保存
2026-02-04 11:16:59,993 - VALO360 - DEBUG - 自動保存已禁用，跳過配置保存
2026-02-04 11:16:59,993 - VALO360 - DEBUG - 自動保存已禁用，跳過配置保存
2026-02-04 11:16:59,995 - VALO360 - DEBUG - 自動保存已禁用，跳過配置保存
2026-02-04 11:16:59,996 - VALO360 - DEBUG - 自動保存已禁用，跳過配置保存
2026-02-04 11:16:59,996 - VALO360 - DEBUG - 自動保存已禁用，跳過配置保存
2026-02-04 11:16:59,996 - VALO360 - DEBUG - 自動保存已禁用，跳過配置保存
2026-02-04 11:16:59,996 - VALO360 - DEBUG - 自動保存已禁用，跳過配置保存
2026-02-04 11:16:59,996 - VALO360 - DEBUG - 自動保存已禁用，跳過配置保存
2026-02-04 11:16:59,997 - VALO360 - DEBUG - 自動保存已禁用，跳過配置保存
2026-02-04 11:16:59,997 - VALO360 - DEBUG - 自動保存已禁用，跳過配置保存
2026-02-04 11:16:59,997 - VALO360 - DEBUG - 自動保存已禁用，跳過配置保存
2026-02-04 11:16:59,997 - VALO360 - DEBUG - 自動保存已禁用，跳過配置保存
2026-02-04 11:16:59,997 - VALO360 - DEBUG - 自動保存已禁用，跳過配置保存
2026-02-04 11:16:59,997 - VALO360 - DEBUG - 自動保存已禁用，跳過配置保存
2026-02-04 11:16:59,999 - VALO360 - DEBUG - 自動保存已禁用，跳過配置保存
2026-02-04 11:17:00,000 - VALO360 - DEBUG - 自動保存已禁用，跳過配置保存
2026-02-04 11:17:00,000 - VALO360 - DEBUG - 自動保存已禁用，跳過配置保存
2026-02-04 11:17:00,000 - VALO360 - DEBUG - 自動保存已禁用，跳過配置保存
2026-02-04 11:17:00,001 - VALO360 - DEBUG - 自動保存已禁用，跳過配置保存
2026-02-04 11:17:00,001 - VALO360 - DEBUG - 自動保存已禁用，跳過配置保存
2026-02-04 11:17:00,001 - VALO360 - DEBUG - 自動保存已禁用，跳過配置保存
2026-02-04 11:17:00,001 - VALO360 - DEBUG - 自動保存已禁用，跳過配置保存
2026-02-04 11:17:00,003 - VALO360 - DEBUG - 自動保存已禁用，跳過配置保存
2026-02-04 11:17:00,003 - VALO360 - DEBUG - 自動保存已禁用，跳過配置保存
2026-02-04 11:17:00,003 - VALO360 - DEBUG - 自動保存已禁用，跳過配置保存
2026-02-04 11:17:00,003 - VALO360 - DEBUG - 自動保存已禁用，跳過配置保存
2026-02-04 11:17:00,004 - VALO360 - DEBUG - 自動保存已禁用，跳過配置保存
2026-02-04 11:17:00,004 - VALO360 - DEBUG - 自動保存已禁用，跳過配置保存
2026-02-04 11:17:00,004 - VALO360 - DEBUG - 自動保存已禁用，跳過配置保存
2026-02-04 11:17:00,005 - VALO360 - DEBUG - 自動保存已禁用，跳過配置保存
2026-02-04 11:17:00,009 - VALO360 - DEBUG - 自動保存已禁用，跳過配置保存
2026-02-04 11:17:00,010 - VALO360 - DEBUG - 自動保存已禁用，跳過配置保存
2026-02-04 11:17:00,010 - VALO360 - DEBUG - 自動保存已禁用，跳過配置保存
2026-02-04 11:17:00,011 - VALO360 - DEBUG - 自動保存已禁用，跳過配置保存
2026-02-04 11:17:00,012 - VALO360 - DEBUG - 自動保存已禁用，跳過配置保存
2026-02-04 11:17:00,012 - VALO360 - DEBUG - 自動保存已禁用，跳過配置保存
2026-02-04 11:17:00,012 - VALO360 - DEBUG - 自動保存已禁用，跳過配置保存
2026-02-04 11:17:00,013 - VALO360 - DEBUG - 自動保存已禁用，跳過配置保存
2026-02-04 11:17:00,014 - VALO360 - DEBUG - 自動保存已禁用，跳過配置保存
2026-02-04 11:17:00,014 - VALO360 - DEBUG - 自動保存已禁用，跳過配置保存
2026-02-04 11:17:00,014 - VALO360 - DEBUG - 自動保存已禁用，跳過配置保存
2026-02-04 11:17:00,014 - VALO360 - DEBUG - 自動保存已禁用，跳過配置保存
2026-02-04 11:17:00,015 - VALO360 - DEBUG - 自動保存已禁用，跳過配置保存
2026-02-04 11:17:00,015 - VALO360 - DEBUG - 自動保存已禁用，跳過配置保存
2026-02-04 11:17:00,015 - VALO360 - DEBUG - 自動保存已禁用，跳過配置保存
2026-02-04 11:17:00,015 - VALO360 - DEBUG - 自動保存已禁用，跳過配置保存
2026-02-04 11:17:00,016 - VALO360 - DEBUG - 自動保存已禁用，跳過配置保存
2026-02-04 11:17:00,016 - VALO360 - DEBUG - 自動保存已禁用，跳過配置保存
2026-02-04 11:17:00,016 - VALO360 - DEBUG - 自動保存已禁用，跳過配置保存
2026-02-04 11:17:00,016 - VALO360 - DEBUG - 自動保存已禁用，跳過配置保存
2026-02-04 11:17:00,016 - VALO360 - DEBUG - 自動保存已禁用，跳過配置保存
2026-02-04 11:17:00,019 - VALO360 - DEBUG - 自動保存已禁用，跳過配置保存
2026-02-04 11:17:00,019 - VALO360 - DEBUG - 自動保存已禁用，跳過配置保存
2026-02-04 11:17:00,019 - VALO360 - DEBUG - 自動保存已禁用，跳過配置保存
2026-02-04 11:17:00,020 - VALO360 - DEBUG - 自動保存已禁用，跳過配置保存
2026-02-04 11:17:00,020 - VALO360 - DEBUG - 自動保存已禁用，跳過配置保存
2026-02-04 11:17:00,020 - VALO360 - DEBUG - 自動保存已禁用，跳過配置保存
2026-02-04 11:17:00,020 - VALO360 - DEBUG - 自動保存已禁用，跳過配置保存
2026-02-04 11:17:00,021 - VALO360 - DEBUG - 自動保存已禁用，跳過配置保存
2026-02-04 11:17:00,021 - VALO360 - DEBUG - 自動保存已禁用，跳過配置保存
2026-02-04 11:17:00,021 - VALO360 - DEBUG - 自動保存已禁用，跳過配置保存
2026-02-04 11:17:00,022 - VALO360 - DEBUG - 自動保存已禁用，跳過配置保存
2026-02-04 11:17:00,022 - VALO360 - DEBUG - 自動保存已禁用，跳過配置保存
2026-02-04 11:17:00,022 - VALO360 - DEBUG - 自動保存已禁用，跳過配置保存
2026-02-04 11:17:00,022 - VALO360 - DEBUG - 自動保存已禁用，跳過配置保存
2026-02-04 11:17:00,022 - VALO360 - DEBUG - 自動保存已禁用，跳過配置保存
2026-02-04 11:17:00,022 - VALO360 - DEBUG - 自動保存已禁用，跳過配置保存
2026-02-04 11:17:00,022 - VALO360 - DEBUG - 自動保存已禁用，跳過配置保存
2026-02-04 11:17:00,025 - VALO360 - DEBUG - 自動保存已禁用，跳過配置保存
2026-02-04 11:17:00,025 - VALO360 - DEBUG - 自動保存已禁用，跳過配置保存
2026-02-04 11:17:00,025 - VALO360 - DEBUG - 自動保存已禁用，跳過配置保存
2026-02-04 11:17:00,025 - VALO360 - DEBUG - 自動保存已禁用，跳過配置保存
2026-02-04 11:17:00,025 - VALO360 - DEBUG - 自動保存已禁用，跳過配置保存
2026-02-04 11:17:00,026 - VALO360 - DEBUG - 自動保存已禁用，跳過配置保存
2026-02-04 11:17:00,026 - VALO360 - DEBUG - 自動保存已禁用，跳過配置保存
2026-02-04 11:17:00,026 - VALO360 - DEBUG - 自動保存已禁用，跳過配置保存
2026-02-04 11:17:00,026 - VALO360 - DEBUG - 自動保存已禁用，跳過配置保存
2026-02-04 11:17:00,027 - VALO360 - DEBUG - 自動保存已禁用，跳過配置保存
2026-02-04 11:17:00,028 - VALO360 - DEBUG - 自動保存已禁用，跳過配置保存
2026-02-04 11:17:00,028 - VALO360 - DEBUG - 自動保存已禁用，跳過配置保存
2026-02-04 11:17:00,028 - VALO360 - DEBUG - 自動保存已禁用，跳過配置保存
2026-02-04 11:17:00,028 - VALO360 - DEBUG - 自動保存已禁用，跳過配置保存
2026-02-04 11:17:00,035 - VALO360 - DEBUG - 自動保存已禁用，跳過配置保存
2026-02-04 11:17:00,035 - VALO360 - DEBUG - 自動保存已禁用，跳過配置保存
2026-02-04 11:17:00,035 - VALO360 - DEBUG - 自動保存已禁用，跳過配置保存
2026-02-04 11:17:00,037 - VALO360 - DEBUG - 自動保存已禁用，跳過配置保存
2026-02-04 11:17:00,037 - VALO360 - DEBUG - 自動保存已禁用，跳過配置保存
2026-02-04 11:17:00,037 - VALO360 - DEBUG - 自動保存已禁用，跳過配置保存
2026-02-04 11:17:00,037 - VALO360 - DEBUG - 自動保存已禁用，跳過配置保存
2026-02-04 11:17:00,038 - VALO360 - DEBUG - 自動保存已禁用，跳過配置保存
2026-02-04 11:17:00,040 - VALO360 - DEBUG - 自動保存已禁用，跳過配置保存
2026-02-04 11:17:00,041 - VALO360 - DEBUG - 自動保存已禁用，跳過配置保存
2026-02-04 11:17:00,041 - VALO360 - DEBUG - 自動保存已禁用，跳過配置保存
2026-02-04 11:17:00,041 - VALO360 - DEBUG - 自動保存已禁用，跳過配置保存
2026-02-04 11:17:00,158 - VALO360 - DEBUG - 自動保存已禁用，跳過配置保存
2026-02-04 11:17:00,158 - VALO360 - DEBUG - 自動保存已禁用，跳過配置保存
2026-02-04 11:17:00,158 - VALO360 - DEBUG - 自動保存已禁用，跳過配置保存
2026-02-04 11:17:00,158 - VALO360 - DEBUG - 自動保存已禁用，跳過配置保存
2026-02-04 11:17:00,159 - VALO360 - DEBUG - 自動保存已禁用，跳過配置保存
2026-02-04 11:17:00,159 - VALO360 - DEBUG - 自動保存已禁用，跳過配置保存
2026-02-04 11:17:00,159 - VALO360 - DEBUG - 自動保存已禁用，跳過配置保存
2026-02-04 11:17:00,160 - VALO360 - DEBUG - 自動保存已禁用，跳過配置保存
2026-02-04 11:17:00,161 - VALO360 - DEBUG - 自動保存已禁用，跳過配置保存
2026-02-04 11:17:00,161 - VALO360 - DEBUG - 自動保存已禁用，跳過配置保存
2026-02-04 11:17:00,162 - VALO360 - DEBUG - 自動保存已禁用，跳過配置保存
2026-02-04 11:17:00,162 - VALO360 - DEBUG - 自動保存已禁用，跳過配置保存
2026-02-04 11:17:00,162 - VALO360 - DEBUG - 自動保存已禁用，跳過配置保存
2026-02-04 11:17:00,162 - VALO360 - DEBUG - 自動保存已禁用，跳過配置保存
2026-02-04 11:17:00,162 - VALO360 - DEBUG - 自動保存已禁用，跳過配置保存
2026-02-04 11:17:00,162 - VALO360 - DEBUG - 自動保存已禁用，跳過配置保存
2026-02-04 11:17:00,163 - VALO360 - DEBUG - 自動保存已禁用，跳過配置保存
2026-02-04 11:17:00,163 - VALO360 - DEBUG - 自動保存已禁用，跳過配置保存
2026-02-04 11:17:00,164 - VALO360 - DEBUG - 自動保存已禁用，跳過配置保存
2026-02-04 11:17:00,164 - VALO360 - DEBUG - 自動保存已禁用，跳過配置保存
2026-02-04 11:17:00,165 - VALO360 - DEBUG - 自動保存已禁用，跳過配置保存
2026-02-04 11:17:00,165 - VALO360 - DEBUG - 自動保存已禁用，跳過配置保存
2026-02-04 11:17:00,165 - VALO360 - DEBUG - 自動保存已禁用，跳過配置保存
2026-02-04 11:17:00,165 - VALO360 - DEBUG - 自動保存已禁用，跳過配置保存
2026-02-04 11:17:00,166 - VALO360 - DEBUG - 自動保存已禁用，跳過配置保存
2026-02-04 11:17:00,166 - VALO360 - DEBUG - 自動保存已禁用，跳過配置保存
2026-02-04 11:17:00,166 - VALO360 - DEBUG - 自動保存已禁用，跳過配置保存
2026-02-04 11:17:00,166 - VALO360 - DEBUG - 自動保存已禁用，跳過配置保存
2026-02-04 11:17:00,167 - VALO360 - DEBUG - 自動保存已禁用，跳過配置保存
2026-02-04 11:17:00,167 - VALO360 - DEBUG - 自動保存已禁用，跳過配置保存
2026-02-04 11:17:00,167 - VALO360 - DEBUG - 自動保存已禁用，跳過配置保存
2026-02-04 11:17:00,167 - VALO360 - DEBUG - 自動保存已禁用，跳過配置保存
2026-02-04 11:17:00,167 - VALO360 - DEBUG - 自動保存已禁用，跳過配置保存
2026-02-04 11:17:00,167 - VALO360 - DEBUG - 自動保存已禁用，跳過配置保存
2026-02-04 11:17:00,168 - VALO360 - DEBUG - 自動保存已禁用，跳過配置保存
2026-02-04 11:17:00,168 - VALO360 - DEBUG - 自動保存已禁用，跳過配置保存
2026-02-04 11:17:00,170 - VALO360 - DEBUG - 自動保存已禁用，跳過配置保存
2026-02-04 11:17:00,170 - VALO360 - DEBUG - 自動保存已禁用，跳過配置保存
2026-02-04 11:17:00,170 - VALO360 - DEBUG - 自動保存已禁用，跳過配置保存
2026-02-04 11:17:00,170 - VALO360 - DEBUG - 自動保存已禁用，跳過配置保存
2026-02-04 11:17:00,172 - VALO360 - DEBUG - 自動保存已禁用，跳過配置保存
2026-02-04 11:17:00,172 - VALO360 - DEBUG - 自動保存已禁用，跳過配置保存
2026-02-04 11:17:00,172 - VALO360 - DEBUG - 自動保存已禁用，跳過配置保存
2026-02-04 11:17:00,172 - VALO360 - DEBUG - 自動保存已禁用，跳過配置保存
2026-02-04 11:17:00,588 - VALO360 - DEBUG - 自動保存已禁用，跳過配置保存
2026-02-04 11:17:00,588 - VALO360 - DEBUG - 自動保存已禁用，跳過配置保存
2026-02-04 11:17:00,588 - VALO360 - DEBUG - 自動保存已禁用，跳過配置保存
2026-02-04 11:17:00,589 - VALO360 - DEBUG - 自動保存已禁用，跳過配置保存
2026-02-04 11:17:00,592 - VALO360 - DEBUG - 自動保存已禁用，跳過配置保存
2026-02-04 11:17:00,592 - VALO360 - DEBUG - 自動保存已禁用，跳過配置保存
2026-02-04 11:17:00,593 - VALO360 - DEBUG - 自動保存已禁用，跳過配置保存
2026-02-04 11:17:00,593 - VALO360 - DEBUG - 自動保存已禁用，跳過配置保存
2026-02-04 11:17:00,595 - VALO360 - DEBUG - 自動保存已禁用，跳過配置保存
2026-02-04 11:17:00,596 - VALO360 - DEBUG - 自動保存已禁用，跳過配置保存
2026-02-04 11:17:00,596 - VALO360 - DEBUG - 自動保存已禁用，跳過配置保存
2026-02-04 11:17:00,596 - VALO360 - DEBUG - 自動保存已禁用，跳過配置保存
2026-02-04 11:17:00,605 - VALO360 - DEBUG - 自動保存已禁用，跳過配置保存
2026-02-04 11:17:00,606 - VALO360 - DEBUG - 自動保存已禁用，跳過配置保存
2026-02-04 11:17:00,606 - VALO360 - DEBUG - 自動保存已禁用，跳過配置保存
2026-02-04 11:17:00,606 - VALO360 - DEBUG - 自動保存已禁用，跳過配置保存
2026-02-04 11:17:00,611 - VALO360 - DEBUG - 自動保存已禁用，跳過配置保存
2026-02-04 11:17:00,611 - VALO360 - DEBUG - 自動保存已禁用，跳過配置保存
2026-02-04 11:17:00,611 - VALO360 - DEBUG - 自動保存已禁用，跳過配置保存
2026-02-04 11:17:00,611 - VALO360 - DEBUG - 自動保存已禁用，跳過配置保存
2026-02-04 11:17:00,612 - VALO360 - DEBUG - 自動保存已禁用，跳過配置保存
2026-02-04 11:17:00,613 - VALO360 - DEBUG - 自動保存已禁用，跳過配置保存
2026-02-04 11:17:00,613 - VALO360 - DEBUG - 自動保存已禁用，跳過配置保存
2026-02-04 11:17:00,613 - VALO360 - DEBUG - 自動保存已禁用，跳過配置保存
2026-02-04 11:17:00,614 - VALO360 - DEBUG - 自動保存已禁用，跳過配置保存
2026-02-04 11:17:00,614 - VALO360 - DEBUG - 自動保存已禁用，跳過配置保存
2026-02-04 11:17:00,614 - VALO360 - DEBUG - 自動保存已禁用，跳過配置保存
2026-02-04 11:17:00,614 - VALO360 - DEBUG - 自動保存已禁用，跳過配置保存
2026-02-04 11:17:00,616 - VALO360 - DEBUG - 自動保存已禁用，跳過配置保存
2026-02-04 11:17:00,616 - VALO360 - DEBUG - 自動保存已禁用，跳過配置保存
2026-02-04 11:17:00,616 - VALO360 - DEBUG - 自動保存已禁用，跳過配置保存
2026-02-04 11:17:00,616 - VALO360 - DEBUG - 自動保存已禁用，跳過配置保存
2026-02-04 11:17:00,619 - VALO360 - DEBUG - 自動保存已禁用，跳過配置保存
2026-02-04 11:17:00,619 - VALO360 - DEBUG - 自動保存已禁用，跳過配置保存
2026-02-04 11:17:00,619 - VALO360 - DEBUG - 自動保存已禁用，跳過配置保存
2026-02-04 11:17:00,620 - VALO360 - DEBUG - 自動保存已禁用，跳過配置保存
2026-02-04 11:17:00,622 - VALO360 - DEBUG - 自動保存已禁用，跳過配置保存
2026-02-04 11:17:00,622 - VALO360 - DEBUG - 自動保存已禁用，跳過配置保存
2026-02-04 11:17:00,622 - VALO360 - DEBUG - 自動保存已禁用，跳過配置保存
2026-02-04 11:17:00,622 - VALO360 - DEBUG - 自動保存已禁用，跳過配置保存
2026-02-04 11:17:00,626 - VALO360 - DEBUG - 自動保存已禁用，跳過配置保存
2026-02-04 11:17:00,626 - VALO360 - DEBUG - 自動保存已禁用，跳過配置保存
2026-02-04 11:17:00,626 - VALO360 - DEBUG - 自動保存已禁用，跳過配置保存
2026-02-04 11:17:00,626 - VALO360 - DEBUG - 自動保存已禁用，跳過配置保存
2026-02-04 11:17:00,628 - VALO360 - DEBUG - 自動保存已禁用，跳過配置保存
2026-02-04 11:17:00,629 - VALO360 - DEBUG - 自動保存已禁用，跳過配置保存
2026-02-04 11:17:00,629 - VALO360 - DEBUG - 自動保存已禁用，跳過配置保存
2026-02-04 11:17:00,629 - VALO360 - DEBUG - 自動保存已禁用，跳過配置保存
2026-02-04 11:17:00,630 - VALO360 - DEBUG - 自動保存已禁用，跳過配置保存
2026-02-04 11:17:00,630 - VALO360 - DEBUG - 自動保存已禁用，跳過配置保存
2026-02-04 11:17:00,630 - VALO360 - DEBUG - 自動保存已禁用，跳過配置保存
2026-02-04 11:17:00,631 - VALO360 - DEBUG - 自動保存已禁用，跳過配置保存
2026-02-04 11:17:00,633 - VALO360 - DEBUG - 自動保存已禁用，跳過配置保存
2026-02-04 11:17:00,634 - VALO360 - DEBUG - 自動保存已禁用，跳過配置保存
2026-02-04 11:17:00,634 - VALO360 - DEBUG - 自動保存已禁用，跳過配置保存
2026-02-04 11:17:00,634 - VALO360 - DEBUG - 自動保存已禁用，跳過配置保存
2026-02-04 11:17:00,635 - VALO360 - DEBUG - 自動保存已禁用，跳過配置保存
2026-02-04 11:17:00,636 - VALO360 - DEBUG - 自動保存已禁用，跳過配置保存
2026-02-04 11:17:00,636 - VALO360 - DEBUG - 自動保存已禁用，跳過配置保存
2026-02-04 11:17:00,637 - VALO360 - DEBUG - 自動保存已禁用，跳過配置保存
2026-02-04 11:17:00,641 - VALO360 - DEBUG - 自動保存已禁用，跳過配置保存
2026-02-04 11:17:00,641 - VALO360 - DEBUG - 自動保存已禁用，跳過配置保存
2026-02-04 11:17:00,642 - VALO360 - DEBUG - 自動保存已禁用，跳過配置保存
2026-02-04 11:17:00,642 - VALO360 - DEBUG - 自動保存已禁用，跳過配置保存
2026-02-04 11:17:00,643 - VALO360 - DEBUG - 自動保存已禁用，跳過配置保存
2026-02-04 11:17:00,644 - VALO360 - DEBUG - 自動保存已禁用，跳過配置保存
2026-02-04 11:17:00,644 - VALO360 - DEBUG - 自動保存已禁用，跳過配置保存
2026-02-04 11:17:00,644 - VALO360 - DEBUG - 自動保存已禁用，跳過配置保存
2026-02-04 11:17:00,645 - VALO360 - DEBUG - 自動保存已禁用，跳過配置保存
2026-02-04 11:17:00,645 - VALO360 - DEBUG - 自動保存已禁用，跳過配置保存
2026-02-04 11:17:00,646 - VALO360 - DEBUG - 自動保存已禁用，跳過配置保存
2026-02-04 11:17:00,646 - VALO360 - DEBUG - 自動保存已禁用，跳過配置保存
2026-02-04 11:17:00,647 - VALO360 - DEBUG - 自動保存已禁用，跳過配置保存
2026-02-04 11:17:00,647 - VALO360 - DEBUG - 自動保存已禁用，跳過配置保存
2026-02-04 11:17:00,647 - VALO360 - DEBUG - 自動保存已禁用，跳過配置保存
2026-02-04 11:17:00,648 - VALO360 - DEBUG - 自動保存已禁用，跳過配置保存
2026-02-04 11:17:00,649 - VALO360 - DEBUG - 自動保存已禁用，跳過配置保存
2026-02-04 11:17:00,649 - VALO360 - DEBUG - 自動保存已禁用，跳過配置保存
2026-02-04 11:17:00,650 - VALO360 - DEBUG - 自動保存已禁用，跳過配置保存
2026-02-04 11:17:00,650 - VALO360 - DEBUG - 自動保存已禁用，跳過配置保存
2026-02-04 11:17:00,651 - VALO360 - DEBUG - 自動保存已禁用，跳過配置保存
2026-02-04 11:17:00,651 - VALO360 - DEBUG - 自動保存已禁用，跳過配置保存
2026-02-04 11:17:00,651 - VALO360 - DEBUG - 自動保存已禁用，跳過配置保存
2026-02-04 11:17:00,651 - VALO360 - DEBUG - 自動保存已禁用，跳過配置保存
2026-02-04 11:17:00,654 - VALO360 - DEBUG - 自動保存已禁用，跳過配置保存
2026-02-04 11:17:00,655 - VALO360 - DEBUG - 自動保存已禁用，跳過配置保存
2026-02-04 11:17:00,655 - VALO360 - DEBUG - 自動保存已禁用，跳過配置保存
2026-02-04 11:17:00,655 - VALO360 - DEBUG - 自動保存已禁用，跳過配置保存
2026-02-04 11:17:00,657 - VALO360 - DEBUG - 自動保存已禁用，跳過配置保存
2026-02-04 11:17:00,657 - VALO360 - DEBUG - 自動保存已禁用，跳過配置保存
2026-02-04 11:17:00,657 - VALO360 - DEBUG - 自動保存已禁用，跳過配置保存
2026-02-04 11:17:00,657 - VALO360 - DEBUG - 自動保存已禁用，跳過配置保存
2026-02-04 11:17:00,662 - VALO360 - DEBUG - 自動保存已禁用，跳過配置保存
2026-02-04 11:17:00,662 - VALO360 - DEBUG - 自動保存已禁用，跳過配置保存
2026-02-04 11:17:00,662 - VALO360 - DEBUG - 自動保存已禁用，跳過配置保存
2026-02-04 11:17:00,663 - VALO360 - DEBUG - 自動保存已禁用，跳過配置保存
2026-02-04 11:17:00,663 - VALO360 - DEBUG - 自動保存已禁用，跳過配置保存
2026-02-04 11:17:00,663 - VALO360 - DEBUG - 自動保存已禁用，跳過配置保存
2026-02-04 11:17:00,664 - VALO360 - DEBUG - 自動保存已禁用，跳過配置保存
2026-02-04 11:17:00,664 - VALO360 - DEBUG - 自動保存已禁用，跳過配置保存
2026-02-04 11:17:00,665 - VALO360 - DEBUG - 自動保存已禁用，跳過配置保存
2026-02-04 11:17:00,665 - VALO360 - DEBUG - 自動保存已禁用，跳過配置保存
2026-02-04 11:17:00,665 - VALO360 - DEBUG - 自動保存已禁用，跳過配置保存
2026-02-04 11:17:00,665 - VALO360 - DEBUG - 自動保存已禁用，跳過配置保存
2026-02-04 11:17:00,668 - VALO360 - DEBUG - 自動保存已禁用，跳過配置保存
2026-02-04 11:17:00,669 - VALO360 - DEBUG - 自動保存已禁用，跳過配置保存
2026-02-04 11:17:00,669 - VALO360 - DEBUG - 自動保存已禁用，跳過配置保存
2026-02-04 11:17:00,669 - VALO360 - DEBUG - 自動保存已禁用，跳過配置保存
2026-02-04 11:17:00,672 - VALO360 - DEBUG - 自動保存已禁用，跳過配置保存
2026-02-04 11:17:00,672 - VALO360 - DEBUG - 自動保存已禁用，跳過配置保存
2026-02-04 11:17:00,672 - VALO360 - DEBUG - 自動保存已禁用，跳過配置保存
2026-02-04 11:17:00,672 - VALO360 - DEBUG - 自動保存已禁用，跳過配置保存
2026-02-04 11:17:00,672 - VALO360 - DEBUG - 自動保存已禁用，跳過配置保存
2026-02-04 11:17:00,674 - VALO360 - DEBUG - 自動保存已禁用，跳過配置保存
2026-02-04 11:17:00,674 - VALO360 - DEBUG - 自動保存已禁用，跳過配置保存
2026-02-04 11:17:00,674 - VALO360 - DEBUG - 自動保存已禁用，跳過配置保存
2026-02-04 11:17:00,676 - VALO360 - DEBUG - 自動保存已禁用，跳過配置保存
2026-02-04 11:17:00,677 - VALO360 - DEBUG - 自動保存已禁用，跳過配置保存
2026-02-04 11:17:00,677 - VALO360 - DEBUG - 自動保存已禁用，跳過配置保存
2026-02-04 11:17:00,677 - VALO360 - DEBUG - 自動保存已禁用，跳過配置保存
2026-02-04 11:17:00,681 - VALO360 - DEBUG - 自動保存已禁用，跳過配置保存
2026-02-04 11:17:00,681 - VALO360 - DEBUG - 自動保存已禁用，跳過配置保存
2026-02-04 11:17:00,681 - VALO360 - DEBUG - 自動保存已禁用，跳過配置保存
2026-02-04 11:17:00,681 - VALO360 - DEBUG - 自動保存已禁用，跳過配置保存
2026-02-04 11:17:00,682 - VALO360 - DEBUG - 自動保存已禁用，跳過配置保存
2026-02-04 11:17:00,682 - VALO360 - DEBUG - 自動保存已禁用，跳過配置保存
2026-02-04 11:17:00,682 - VALO360 - DEBUG - 自動保存已禁用，跳過配置保存
2026-02-04 11:17:00,682 - VALO360 - DEBUG - 自動保存已禁用，跳過配置保存
2026-02-04 11:17:00,694 - VALO360 - DEBUG - 自動保存已禁用，跳過配置保存
2026-02-04 11:17:00,694 - VALO360 - DEBUG - 自動保存已禁用，跳過配置保存
2026-02-04 11:17:00,695 - VALO360 - DEBUG - 自動保存已禁用，跳過配置保存
2026-02-04 11:17:00,695 - VALO360 - DEBUG - 自動保存已禁用，跳過配置保存
2026-02-04 11:17:00,696 - VALO360 - DEBUG - 自動保存已禁用，跳過配置保存
2026-02-04 11:17:00,696 - VALO360 - DEBUG - 自動保存已禁用，跳過配置保存
2026-02-04 11:17:00,696 - VALO360 - DEBUG - 自動保存已禁用，跳過配置保存
2026-02-04 11:17:00,696 - VALO360 - DEBUG - 自動保存已禁用，跳過配置保存
2026-02-04 11:17:00,701 - VALO360 - DEBUG - 自動保存已禁用，跳過配置保存
2026-02-04 11:17:00,701 - VALO360 - DEBUG - 自動保存已禁用，跳過配置保存
2026-02-04 11:17:00,701 - VALO360 - DEBUG - 自動保存已禁用，跳過配置保存
2026-02-04 11:17:00,701 - VALO360 - DEBUG - 自動保存已禁用，跳過配置保存
2026-02-04 11:17:00,706 - VALO360 - DEBUG - 自動保存已禁用，跳過配置保存
2026-02-04 11:17:00,707 - VALO360 - DEBUG - 自動保存已禁用，跳過配置保存
2026-02-04 11:17:00,707 - VALO360 - DEBUG - 自動保存已禁用，跳過配置保存
2026-02-04 11:17:00,707 - VALO360 - DEBUG - 自動保存已禁用，跳過配置保存
2026-02-04 11:17:00,708 - VALO360 - DEBUG - 自動保存已禁用，跳過配置保存
2026-02-04 11:17:00,708 - VALO360 - DEBUG - 自動保存已禁用，跳過配置保存
2026-02-04 11:17:00,708 - VALO360 - DEBUG - 自動保存已禁用，跳過配置保存
2026-02-04 11:17:00,708 - VALO360 - DEBUG - 自動保存已禁用，跳過配置保存
2026-02-04 11:17:00,713 - VALO360 - DEBUG - 自動保存已禁用，跳過配置保存
2026-02-04 11:17:00,713 - VALO360 - DEBUG - 自動保存已禁用，跳過配置保存
2026-02-04 11:17:00,714 - VALO360 - DEBUG - 自動保存已禁用，跳過配置保存
2026-02-04 11:17:00,714 - VALO360 - DEBUG - 自動保存已禁用，跳過配置保存
2026-02-04 11:17:00,715 - VALO360 - DEBUG - 自動保存已禁用，跳過配置保存
2026-02-04 11:17:00,715 - VALO360 - DEBUG - 自動保存已禁用，跳過配置保存
2026-02-04 11:17:00,715 - VALO360 - DEBUG - 自動保存已禁用，跳過配置保存
2026-02-04 11:17:00,715 - VALO360 - DEBUG - 自動保存已禁用，跳過配置保存
2026-02-04 11:17:00,717 - VALO360 - DEBUG - 自動保存已禁用，跳過配置保存
2026-02-04 11:17:00,717 - VALO360 - DEBUG - 自動保存已禁用，跳過配置保存
2026-02-04 11:17:00,717 - VALO360 - DEBUG - 自動保存已禁用，跳過配置保存
2026-02-04 11:17:00,717 - VALO360 - DEBUG - 自動保存已禁用，跳過配置保存
2026-02-04 11:17:00,720 - VALO360 - DEBUG - 自動保存已禁用，跳過配置保存
2026-02-04 11:17:00,720 - VALO360 - DEBUG - 自動保存已禁用，跳過配置保存
2026-02-04 11:17:00,720 - VALO360 - DEBUG - 自動保存已禁用，跳過配置保存
2026-02-04 11:17:00,720 - VALO360 - DEBUG - 自動保存已禁用，跳過配置保存
2026-02-04 11:17:00,721 - VALO360 - DEBUG - 自動保存已禁用，跳過配置保存
2026-02-04 11:17:00,722 - VALO360 - DEBUG - 自動保存已禁用，跳過配置保存
2026-02-04 11:17:00,722 - VALO360 - DEBUG - 自動保存已禁用，跳過配置保存
2026-02-04 11:17:00,722 - VALO360 - DEBUG - 自動保存已禁用，跳過配置保存
2026-02-04 11:17:00,729 - VALO360 - DEBUG - 自動保存已禁用，跳過配置保存
2026-02-04 11:17:00,729 - VALO360 - DEBUG - 自動保存已禁用，跳過配置保存
2026-02-04 11:17:00,729 - VALO360 - DEBUG - 自動保存已禁用，跳過配置保存
2026-02-04 11:17:00,729 - VALO360 - DEBUG - 自動保存已禁用，跳過配置保存
2026-02-04 11:17:00,731 - VALO360 - DEBUG - 自動保存已禁用，跳過配置保存
2026-02-04 11:17:00,731 - VALO360 - DEBUG - 自動保存已禁用，跳過配置保存
2026-02-04 11:17:00,732 - VALO360 - DEBUG - 自動保存已禁用，跳過配置保存
2026-02-04 11:17:00,732 - VALO360 - DEBUG - 自動保存已禁用，跳過配置保存
2026-02-04 11:17:00,734 - VALO360 - DEBUG - 自動保存已禁用，跳過配置保存
2026-02-04 11:17:00,735 - VALO360 - DEBUG - 自動保存已禁用，跳過配置保存
2026-02-04 11:17:00,735 - VALO360 - DEBUG - 自動保存已禁用，跳過配置保存
2026-02-04 11:17:00,735 - VALO360 - DEBUG - 自動保存已禁用，跳過配置保存
2026-02-04 11:17:00,737 - VALO360 - DEBUG - 自動保存已禁用，跳過配置保存
2026-02-04 11:17:00,737 - VALO360 - DEBUG - 自動保存已禁用，跳過配置保存
2026-02-04 11:17:00,737 - VALO360 - DEBUG - 自動保存已禁用，跳過配置保存
2026-02-04 11:17:00,737 - VALO360 - DEBUG - 自動保存已禁用，跳過配置保存
2026-02-04 11:17:00,743 - VALO360 - DEBUG - 自動保存已禁用，跳過配置保存
2026-02-04 11:17:00,743 - VALO360 - DEBUG - 自動保存已禁用，跳過配置保存
2026-02-04 11:17:00,743 - VALO360 - DEBUG - 自動保存已禁用，跳過配置保存
2026-02-04 11:17:00,743 - VALO360 - DEBUG - 自動保存已禁用，跳過配置保存
2026-02-04 11:17:00,745 - VALO360 - DEBUG - 自動保存已禁用，跳過配置保存
2026-02-04 11:17:00,745 - VALO360 - DEBUG - 自動保存已禁用，跳過配置保存
2026-02-04 11:17:00,745 - VALO360 - DEBUG - 自動保存已禁用，跳過配置保存
2026-02-04 11:17:00,745 - VALO360 - DEBUG - 自動保存已禁用，跳過配置保存
2026-02-04 11:17:00,748 - VALO360 - DEBUG - 自動保存已禁用，跳過配置保存
2026-02-04 11:17:00,748 - VALO360 - DEBUG - 自動保存已禁用，跳過配置保存
2026-02-04 11:17:00,749 - VALO360 - DEBUG - 自動保存已禁用，跳過配置保存
2026-02-04 11:17:00,749 - VALO360 - DEBUG - 自動保存已禁用，跳過配置保存
2026-02-04 11:17:00,750 - VALO360 - DEBUG - 自動保存已禁用，跳過配置保存
2026-02-04 11:17:00,750 - VALO360 - DEBUG - 自動保存已禁用，跳過配置保存
2026-02-04 11:17:00,751 - VALO360 - DEBUG - 自動保存已禁用，跳過配置保存
2026-02-04 11:17:00,751 - VALO360 - DEBUG - 自動保存已禁用，跳過配置保存
2026-02-04 11:17:00,754 - VALO360 - DEBUG - 自動保存已禁用，跳過配置保存
2026-02-04 11:17:00,754 - VALO360 - DEBUG - 自動保存已禁用，跳過配置保存
2026-02-04 11:17:00,754 - VALO360 - DEBUG - 自動保存已禁用，跳過配置保存
2026-02-04 11:17:00,755 - VALO360 - DEBUG - 自動保存已禁用，跳過配置保存
2026-02-04 11:17:00,755 - VALO360 - DEBUG - 自動保存已禁用，跳過配置保存
2026-02-04 11:17:00,755 - VALO360 - DEBUG - 自動保存已禁用，跳過配置保存
2026-02-04 11:17:00,756 - VALO360 - DEBUG - 自動保存已禁用，跳過配置保存
2026-02-04 11:17:00,756 - VALO360 - DEBUG - 自動保存已禁用，跳過配置保存
2026-02-04 11:17:01,034 - VALO360 - DEBUG - 自動保存已禁用，跳過配置保存
2026-02-04 11:17:01,034 - VALO360 - DEBUG - 自動保存已禁用，跳過配置保存
2026-02-04 11:17:01,035 - VALO360 - DEBUG - 自動保存已禁用，跳過配置保存
2026-02-04 11:17:01,035 - VALO360 - DEBUG - 自動保存已禁用，跳過配置保存
2026-02-04 11:17:01,038 - VALO360 - DEBUG - 自動保存已禁用，跳過配置保存
2026-02-04 11:17:01,038 - VALO360 - DEBUG - 自動保存已禁用，跳過配置保存
2026-02-04 11:17:01,038 - VALO360 - DEBUG - 自動保存已禁用，跳過配置保存
2026-02-04 11:17:01,039 - VALO360 - DEBUG - 自動保存已禁用，跳過配置保存
2026-02-04 11:17:01,041 - VALO360 - DEBUG - 自動保存已禁用，跳過配置保存
2026-02-04 11:17:01,041 - VALO360 - DEBUG - 自動保存已禁用，跳過配置保存
2026-02-04 11:17:01,041 - VALO360 - DEBUG - 自動保存已禁用，跳過配置保存
2026-02-04 11:17:01,041 - VALO360 - DEBUG - 自動保存已禁用，跳過配置保存
2026-02-04 11:17:01,041 - VALO360 - DEBUG - 自動保存已禁用，跳過配置保存
2026-02-04 11:17:01,042 - VALO360 - DEBUG - 自動保存已禁用，跳過配置保存
2026-02-04 11:17:01,042 - VALO360 - DEBUG - 自動保存已禁用，跳過配置保存
2026-02-04 11:17:01,043 - VALO360 - DEBUG - 自動保存已禁用，跳過配置保存
2026-02-04 11:17:01,050 - VALO360 - DEBUG - 自動保存已禁用，跳過配置保存
2026-02-04 11:17:01,050 - VALO360 - DEBUG - 自動保存已禁用，跳過配置保存
2026-02-04 11:17:01,051 - VALO360 - DEBUG - 自動保存已禁用，跳過配置保存
2026-02-04 11:17:01,051 - VALO360 - DEBUG - 自動保存已禁用，跳過配置保存
2026-02-04 11:17:01,052 - VALO360 - DEBUG - 自動保存已禁用，跳過配置保存
2026-02-04 11:17:01,052 - VALO360 - DEBUG - 自動保存已禁用，跳過配置保存
2026-02-04 11:17:01,053 - VALO360 - DEBUG - 自動保存已禁用，跳過配置保存
2026-02-04 11:17:01,053 - VALO360 - DEBUG - 自動保存已禁用，跳過配置保存
2026-02-04 11:17:01,054 - VALO360 - DEBUG - 自動保存已禁用，跳過配置保存
2026-02-04 11:17:01,054 - VALO360 - DEBUG - 自動保存已禁用，跳過配置保存
2026-02-04 11:17:01,055 - VALO360 - DEBUG - 自動保存已禁用，跳過配置保存
2026-02-04 11:17:01,055 - VALO360 - DEBUG - 自動保存已禁用，跳過配置保存
2026-02-04 11:17:01,058 - VALO360 - DEBUG - 自動保存已禁用，跳過配置保存
2026-02-04 11:17:01,058 - VALO360 - DEBUG - 自動保存已禁用，跳過配置保存
2026-02-04 11:17:01,058 - VALO360 - DEBUG - 自動保存已禁用，跳過配置保存
2026-02-04 11:17:01,058 - VALO360 - DEBUG - 自動保存已禁用，跳過配置保存
2026-02-04 11:17:01,061 - VALO360 - DEBUG - 自動保存已禁用，跳過配置保存
2026-02-04 11:17:01,061 - VALO360 - DEBUG - 自動保存已禁用，跳過配置保存
2026-02-04 11:17:01,062 - VALO360 - DEBUG - 自動保存已禁用，跳過配置保存
2026-02-04 11:17:01,062 - VALO360 - DEBUG - 自動保存已禁用，跳過配置保存
2026-02-04 11:17:01,063 - VALO360 - DEBUG - 自動保存已禁用，跳過配置保存
2026-02-04 11:17:01,063 - VALO360 - DEBUG - 自動保存已禁用，跳過配置保存
2026-02-04 11:17:01,064 - VALO360 - DEBUG - 自動保存已禁用，跳過配置保存
2026-02-04 11:17:01,064 - VALO360 - DEBUG - 自動保存已禁用，跳過配置保存
2026-02-04 11:17:01,067 - VALO360 - DEBUG - 自動保存已禁用，跳過配置保存
2026-02-04 11:17:01,067 - VALO360 - DEBUG - 自動保存已禁用，跳過配置保存
2026-02-04 11:17:01,068 - VALO360 - DEBUG - 自動保存已禁用，跳過配置保存
2026-02-04 11:17:01,068 - VALO360 - DEBUG - 自動保存已禁用，跳過配置保存
2026-02-04 11:17:01,072 - VALO360 - DEBUG - 自動保存已禁用，跳過配置保存
2026-02-04 11:17:01,072 - VALO360 - DEBUG - 自動保存已禁用，跳過配置保存
2026-02-04 11:17:01,072 - VALO360 - DEBUG - 自動保存已禁用，跳過配置保存
2026-02-04 11:17:01,072 - VALO360 - DEBUG - 自動保存已禁用，跳過配置保存
2026-02-04 11:17:01,075 - VALO360 - DEBUG - 自動保存已禁用，跳過配置保存
2026-02-04 11:17:01,075 - VALO360 - DEBUG - 自動保存已禁用，跳過配置保存
2026-02-04 11:17:01,076 - VALO360 - DEBUG - 自動保存已禁用，跳過配置保存
2026-02-04 11:17:01,076 - VALO360 - DEBUG - 自動保存已禁用，跳過配置保存
2026-02-04 11:17:01,079 - VALO360 - DEBUG - 自動保存已禁用，跳過配置保存
2026-02-04 11:17:01,081 - VALO360 - DEBUG - 自動保存已禁用，跳過配置保存
2026-02-04 11:17:01,081 - VALO360 - DEBUG - 自動保存已禁用，跳過配置保存
2026-02-04 11:17:01,081 - VALO360 - DEBUG - 自動保存已禁用，跳過配置保存
2026-02-04 11:17:01,082 - VALO360 - DEBUG - 自動保存已禁用，跳過配置保存
2026-02-04 11:17:01,082 - VALO360 - DEBUG - 自動保存已禁用，跳過配置保存
2026-02-04 11:17:01,082 - VALO360 - DEBUG - 自動保存已禁用，跳過配置保存
2026-02-04 11:17:01,082 - VALO360 - DEBUG - 自動保存已禁用，跳過配置保存
2026-02-04 11:17:01,084 - VALO360 - DEBUG - 自動保存已禁用，跳過配置保存
2026-02-04 11:17:01,085 - VALO360 - DEBUG - 自動保存已禁用，跳過配置保存
2026-02-04 11:17:01,085 - VALO360 - DEBUG - 自動保存已禁用，跳過配置保存
2026-02-04 11:17:01,085 - VALO360 - DEBUG - 自動保存已禁用，跳過配置保存
2026-02-04 11:17:01,087 - VALO360 - DEBUG - 自動保存已禁用，跳過配置保存
2026-02-04 11:17:01,087 - VALO360 - DEBUG - 自動保存已禁用，跳過配置保存
2026-02-04 11:17:01,087 - VALO360 - DEBUG - 自動保存已禁用，跳過配置保存
2026-02-04 11:17:01,087 - VALO360 - DEBUG - 自動保存已禁用，跳過配置保存
2026-02-04 11:17:01,091 - VALO360 - DEBUG - 自動保存已禁用，跳過配置保存
2026-02-04 11:17:01,091 - VALO360 - DEBUG - 自動保存已禁用，跳過配置保存
2026-02-04 11:17:01,091 - VALO360 - DEBUG - 自動保存已禁用，跳過配置保存
2026-02-04 11:17:01,091 - VALO360 - DEBUG - 自動保存已禁用，跳過配置保存
2026-02-04 11:17:01,091 - VALO360 - DEBUG - 自動保存已禁用，跳過配置保存
2026-02-04 11:17:01,093 - VALO360 - DEBUG - 自動保存已禁用，跳過配置保存
2026-02-04 11:17:01,093 - VALO360 - DEBUG - 自動保存已禁用，跳過配置保存
2026-02-04 11:17:01,093 - VALO360 - DEBUG - 自動保存已禁用，跳過配置保存
2026-02-04 11:17:01,094 - VALO360 - DEBUG - 自動保存已禁用，跳過配置保存
2026-02-04 11:17:01,094 - VALO360 - DEBUG - 自動保存已禁用，跳過配置保存
2026-02-04 11:17:01,094 - VALO360 - DEBUG - 自動保存已禁用，跳過配置保存
2026-02-04 11:17:01,095 - VALO360 - DEBUG - 自動保存已禁用，跳過配置保存
2026-02-04 11:17:01,095 - VALO360 - DEBUG - 自動保存已禁用，跳過配置保存
2026-02-04 11:17:01,097 - VALO360 - DEBUG - 自動保存已禁用，跳過配置保存
2026-02-04 11:17:01,097 - VALO360 - DEBUG - 自動保存已禁用，跳過配置保存
2026-02-04 11:17:01,097 - VALO360 - DEBUG - 自動保存已禁用，跳過配置保存
2026-02-04 11:17:01,099 - VALO360 - DEBUG - 自動保存已禁用，跳過配置保存
2026-02-04 11:17:01,099 - VALO360 - DEBUG - 自動保存已禁用，跳過配置保存
2026-02-04 11:17:01,099 - VALO360 - DEBUG - 自動保存已禁用，跳過配置保存
2026-02-04 11:17:01,099 - VALO360 - DEBUG - 自動保存已禁用，跳過配置保存
2026-02-04 11:17:01,101 - VALO360 - DEBUG - 自動保存已禁用，跳過配置保存
2026-02-04 11:17:01,101 - VALO360 - DEBUG - 自動保存已禁用，跳過配置保存
2026-02-04 11:17:01,101 - VALO360 - DEBUG - 自動保存已禁用，跳過配置保存
2026-02-04 11:17:01,101 - VALO360 - DEBUG - 自動保存已禁用，跳過配置保存
2026-02-04 11:17:01,103 - VALO360 - DEBUG - 自動保存已禁用，跳過配置保存
2026-02-04 11:17:01,103 - VALO360 - DEBUG - 自動保存已禁用，跳過配置保存
2026-02-04 11:17:01,103 - VALO360 - DEBUG - 自動保存已禁用，跳過配置保存
2026-02-04 11:17:01,104 - VALO360 - DEBUG - 自動保存已禁用，跳過配置保存
2026-02-04 11:17:01,105 - VALO360 - DEBUG - 自動保存已禁用，跳過配置保存
2026-02-04 11:17:01,105 - VALO360 - DEBUG - 自動保存已禁用，跳過配置保存
2026-02-04 11:17:01,105 - VALO360 - DEBUG - 自動保存已禁用，跳過配置保存
2026-02-04 11:17:01,105 - VALO360 - DEBUG - 自動保存已禁用，跳過配置保存
2026-02-04 11:17:01,111 - VALO360 - DEBUG - 自動保存已禁用，跳過配置保存
2026-02-04 11:17:01,112 - VALO360 - DEBUG - 自動保存已禁用，跳過配置保存
2026-02-04 11:17:01,112 - VALO360 - DEBUG - 自動保存已禁用，跳過配置保存
2026-02-04 11:17:01,112 - VALO360 - DEBUG - 自動保存已禁用，跳過配置保存
2026-02-04 11:17:01,113 - VALO360 - DEBUG - 自動保存已禁用，跳過配置保存
2026-02-04 11:17:01,113 - VALO360 - DEBUG - 自動保存已禁用，跳過配置保存
2026-02-04 11:17:01,113 - VALO360 - DEBUG - 自動保存已禁用，跳過配置保存
2026-02-04 11:17:01,114 - VALO360 - DEBUG - 自動保存已禁用，跳過配置保存
2026-02-04 11:17:01,116 - VALO360 - DEBUG - 自動保存已禁用，跳過配置保存
2026-02-04 11:17:01,116 - VALO360 - DEBUG - 自動保存已禁用，跳過配置保存
2026-02-04 11:17:01,118 - VALO360 - DEBUG - 自動保存已禁用，跳過配置保存
2026-02-04 11:17:01,118 - VALO360 - DEBUG - 自動保存已禁用，跳過配置保存
2026-02-04 11:17:01,119 - VALO360 - DEBUG - 自動保存已禁用，跳過配置保存
2026-02-04 11:17:01,119 - VALO360 - DEBUG - 自動保存已禁用，跳過配置保存
2026-02-04 11:17:01,119 - VALO360 - DEBUG - 自動保存已禁用，跳過配置保存
2026-02-04 11:17:01,119 - VALO360 - DEBUG - 自動保存已禁用，跳過配置保存
2026-02-04 11:17:01,120 - VALO360 - DEBUG - 自動保存已禁用，跳過配置保存
2026-02-04 11:17:01,120 - VALO360 - DEBUG - 自動保存已禁用，跳過配置保存
2026-02-04 11:17:01,121 - VALO360 - DEBUG - 自動保存已禁用，跳過配置保存
2026-02-04 11:17:01,121 - VALO360 - DEBUG - 自動保存已禁用，跳過配置保存
2026-02-04 11:17:01,122 - VALO360 - DEBUG - 自動保存已禁用，跳過配置保存
2026-02-04 11:17:01,122 - VALO360 - DEBUG - 自動保存已禁用，跳過配置保存
2026-02-04 11:17:01,122 - VALO360 - DEBUG - 自動保存已禁用，跳過配置保存
2026-02-04 11:17:01,122 - VALO360 - DEBUG - 自動保存已禁用，跳過配置保存
2026-02-04 11:17:01,125 - VALO360 - DEBUG - 自動保存已禁用，跳過配置保存
2026-02-04 11:17:01,125 - VALO360 - DEBUG - 自動保存已禁用，跳過配置保存
2026-02-04 11:17:01,126 - VALO360 - DEBUG - 自動保存已禁用，跳過配置保存
2026-02-04 11:17:01,126 - VALO360 - DEBUG - 自動保存已禁用，跳過配置保存
2026-02-04 11:17:01,127 - VALO360 - DEBUG - 自動保存已禁用，跳過配置保存
2026-02-04 11:17:01,127 - VALO360 - DEBUG - 自動保存已禁用，跳過配置保存
2026-02-04 11:17:01,127 - VALO360 - DEBUG - 自動保存已禁用，跳過配置保存
2026-02-04 11:17:01,128 - VALO360 - DEBUG - 自動保存已禁用，跳過配置保存
2026-02-04 11:17:01,134 - VALO360 - DEBUG - 自動保存已禁用，跳過配置保存
2026-02-04 11:17:01,134 - VALO360 - DEBUG - 自動保存已禁用，跳過配置保存
2026-02-04 11:17:01,134 - VALO360 - DEBUG - 自動保存已禁用，跳過配置保存
2026-02-04 11:17:01,135 - VALO360 - DEBUG - 自動保存已禁用，跳過配置保存
2026-02-04 11:17:01,135 - VALO360 - DEBUG - 自動保存已禁用，跳過配置保存
2026-02-04 11:17:01,135 - VALO360 - DEBUG - 自動保存已禁用，跳過配置保存
2026-02-04 11:17:01,136 - VALO360 - DEBUG - 自動保存已禁用，跳過配置保存
2026-02-04 11:17:01,136 - VALO360 - DEBUG - 自動保存已禁用，跳過配置保存
2026-02-04 11:17:01,428 - VALO360 - DEBUG - 自動保存已禁用，跳過配置保存
2026-02-04 11:17:01,428 - VALO360 - DEBUG - 自動保存已禁用，跳過配置保存
2026-02-04 11:17:01,429 - VALO360 - DEBUG - 自動保存已禁用，跳過配置保存
2026-02-04 11:17:01,429 - VALO360 - DEBUG - 自動保存已禁用，跳過配置保存
2026-02-04 11:17:01,432 - VALO360 - DEBUG - 自動保存已禁用，跳過配置保存
2026-02-04 11:17:01,432 - VALO360 - DEBUG - 自動保存已禁用，跳過配置保存
2026-02-04 11:17:01,432 - VALO360 - DEBUG - 自動保存已禁用，跳過配置保存
2026-02-04 11:17:01,434 - VALO360 - DEBUG - 自動保存已禁用，跳過配置保存
2026-02-04 11:17:01,445 - VALO360 - DEBUG - 自動保存已禁用，跳過配置保存
2026-02-04 11:17:01,447 - VALO360 - DEBUG - 自動保存已禁用，跳過配置保存
2026-02-04 11:17:01,447 - VALO360 - DEBUG - 自動保存已禁用，跳過配置保存
2026-02-04 11:17:01,447 - VALO360 - DEBUG - 自動保存已禁用，跳過配置保存
2026-02-04 11:17:01,449 - VALO360 - DEBUG - 自動保存已禁用，跳過配置保存
2026-02-04 11:17:01,449 - VALO360 - DEBUG - 自動保存已禁用，跳過配置保存
2026-02-04 11:17:01,450 - VALO360 - DEBUG - 自動保存已禁用，跳過配置保存
2026-02-04 11:17:01,450 - VALO360 - DEBUG - 自動保存已禁用，跳過配置保存
2026-02-04 11:17:01,451 - VALO360 - DEBUG - 自動保存已禁用，跳過配置保存
2026-02-04 11:17:01,452 - VALO360 - DEBUG - 自動保存已禁用，跳過配置保存
2026-02-04 11:17:01,452 - VALO360 - DEBUG - 自動保存已禁用，跳過配置保存
2026-02-04 11:17:01,453 - VALO360 - DEBUG - 自動保存已禁用，跳過配置保存
2026-02-04 11:17:01,454 - VALO360 - DEBUG - 自動保存已禁用，跳過配置保存
2026-02-04 11:17:01,455 - VALO360 - DEBUG - 自動保存已禁用，跳過配置保存
2026-02-04 11:17:01,455 - VALO360 - DEBUG - 自動保存已禁用，跳過配置保存
2026-02-04 11:17:01,455 - VALO360 - DEBUG - 自動保存已禁用，跳過配置保存
2026-02-04 11:17:01,459 - VALO360 - DEBUG - 自動保存已禁用，跳過配置保存
2026-02-04 11:17:01,459 - VALO360 - DEBUG - 自動保存已禁用，跳過配置保存
2026-02-04 11:17:01,460 - VALO360 - DEBUG - 自動保存已禁用，跳過配置保存
2026-02-04 11:17:01,460 - VALO360 - DEBUG - 自動保存已禁用，跳過配置保存
2026-02-04 11:17:01,463 - VALO360 - DEBUG - 自動保存已禁用，跳過配置保存
2026-02-04 11:17:01,464 - VALO360 - DEBUG - 自動保存已禁用，跳過配置保存
2026-02-04 11:17:01,464 - VALO360 - DEBUG - 自動保存已禁用，跳過配置保存
2026-02-04 11:17:01,464 - VALO360 - DEBUG - 自動保存已禁用，跳過配置保存
2026-02-04 11:17:01,465 - VALO360 - DEBUG - 自動保存已禁用，跳過配置保存
2026-02-04 11:17:01,465 - VALO360 - DEBUG - 自動保存已禁用，跳過配置保存
2026-02-04 11:17:01,465 - VALO360 - DEBUG - 自動保存已禁用，跳過配置保存
2026-02-04 11:17:01,466 - VALO360 - DEBUG - 自動保存已禁用，跳過配置保存
2026-02-04 11:17:01,466 - VALO360 - DEBUG - 自動保存已禁用，跳過配置保存
2026-02-04 11:17:01,468 - VALO360 - DEBUG - 自動保存已禁用，跳過配置保存
2026-02-04 11:17:01,468 - VALO360 - DEBUG - 自動保存已禁用，跳過配置保存
2026-02-04 11:17:01,468 - VALO360 - DEBUG - 自動保存已禁用，跳過配置保存
2026-02-04 11:17:01,470 - VALO360 - DEBUG - 自動保存已禁用，跳過配置保存
2026-02-04 11:17:01,470 - VALO360 - DEBUG - 自動保存已禁用，跳過配置保存
2026-02-04 11:17:01,470 - VALO360 - DEBUG - 自動保存已禁用，跳過配置保存
2026-02-04 11:17:01,470 - VALO360 - DEBUG - 自動保存已禁用，跳過配置保存
2026-02-04 11:17:01,472 - VALO360 - DEBUG - 自動保存已禁用，跳過配置保存
2026-02-04 11:17:01,472 - VALO360 - DEBUG - 自動保存已禁用，跳過配置保存
2026-02-04 11:17:01,475 - VALO360 - DEBUG - 自動保存已禁用，跳過配置保存
2026-02-04 11:17:01,475 - VALO360 - DEBUG - 自動保存已禁用，跳過配置保存
2026-02-04 11:17:01,476 - VALO360 - DEBUG - 自動保存已禁用，跳過配置保存
2026-02-04 11:17:01,476 - VALO360 - DEBUG - 自動保存已禁用，跳過配置保存
2026-02-04 11:17:01,476 - VALO360 - DEBUG - 自動保存已禁用，跳過配置保存
2026-02-04 11:17:01,477 - VALO360 - DEBUG - 自動保存已禁用，跳過配置保存
2026-02-04 11:17:01,481 - VALO360 - DEBUG - 自動保存已禁用，跳過配置保存
2026-02-04 11:17:01,482 - VALO360 - DEBUG - 自動保存已禁用，跳過配置保存
2026-02-04 11:17:01,482 - VALO360 - DEBUG - 自動保存已禁用，跳過配置保存
2026-02-04 11:17:01,482 - VALO360 - DEBUG - 自動保存已禁用，跳過配置保存
2026-02-04 11:17:01,488 - VALO360 - DEBUG - 自動保存已禁用，跳過配置保存
2026-02-04 11:17:01,488 - VALO360 - DEBUG - 自動保存已禁用，跳過配置保存
2026-02-04 11:17:01,488 - VALO360 - DEBUG - 自動保存已禁用，跳過配置保存
2026-02-04 11:17:01,488 - VALO360 - DEBUG - 自動保存已禁用，跳過配置保存
2026-02-04 11:17:01,492 - VALO360 - DEBUG - 自動保存已禁用，跳過配置保存
2026-02-04 11:17:01,493 - VALO360 - DEBUG - 自動保存已禁用，跳過配置保存
2026-02-04 11:17:01,493 - VALO360 - DEBUG - 自動保存已禁用，跳過配置保存
2026-02-04 11:17:01,493 - VALO360 - DEBUG - 自動保存已禁用，跳過配置保存
2026-02-04 11:17:01,858 - VALO360 - DEBUG - 自動保存已禁用，跳過配置保存
2026-02-04 11:17:01,858 - VALO360 - DEBUG - 自動保存已禁用，跳過配置保存
2026-02-04 11:17:01,858 - VALO360 - DEBUG - 自動保存已禁用，跳過配置保存
2026-02-04 11:17:01,858 - VALO360 - DEBUG - 自動保存已禁用，跳過配置保存
2026-02-04 11:17:01,863 - VALO360 - DEBUG - 自動保存已禁用，跳過配置保存
2026-02-04 11:17:01,863 - VALO360 - DEBUG - 自動保存已禁用，跳過配置保存
2026-02-04 11:17:01,863 - VALO360 - DEBUG - 自動保存已禁用，跳過配置保存
2026-02-04 11:17:01,863 - VALO360 - DEBUG - 自動保存已禁用，跳過配置保存
2026-02-04 11:17:01,872 - VALO360 - DEBUG - 自動保存已禁用，跳過配置保存
2026-02-04 11:17:01,872 - VALO360 - DEBUG - 自動保存已禁用，跳過配置保存
2026-02-04 11:17:01,873 - VALO360 - DEBUG - 自動保存已禁用，跳過配置保存
2026-02-04 11:17:01,873 - VALO360 - DEBUG - 自動保存已禁用，跳過配置保存
2026-02-04 11:17:01,874 - VALO360 - DEBUG - 自動保存已禁用，跳過配置保存
2026-02-04 11:17:01,874 - VALO360 - DEBUG - 自動保存已禁用，跳過配置保存
2026-02-04 11:17:01,874 - VALO360 - DEBUG - 自動保存已禁用，跳過配置保存
2026-02-04 11:17:01,874 - VALO360 - DEBUG - 自動保存已禁用，跳過配置保存
2026-02-04 11:17:01,875 - VALO360 - DEBUG - 自動保存已禁用，跳過配置保存
2026-02-04 11:17:01,875 - VALO360 - DEBUG - 自動保存已禁用，跳過配置保存
2026-02-04 11:17:01,876 - VALO360 - DEBUG - 自動保存已禁用，跳過配置保存
2026-02-04 11:17:01,876 - VALO360 - DEBUG - 自動保存已禁用，跳過配置保存
2026-02-04 11:17:01,879 - VALO360 - DEBUG - 自動保存已禁用，跳過配置保存
2026-02-04 11:17:01,879 - VALO360 - DEBUG - 自動保存已禁用，跳過配置保存
2026-02-04 11:17:01,879 - VALO360 - DEBUG - 自動保存已禁用，跳過配置保存
2026-02-04 11:17:01,879 - VALO360 - DEBUG - 自動保存已禁用，跳過配置保存
2026-02-04 11:17:01,882 - VALO360 - DEBUG - 自動保存已禁用，跳過配置保存
2026-02-04 11:17:01,884 - VALO360 - DEBUG - 自動保存已禁用，跳過配置保存
2026-02-04 11:17:01,884 - VALO360 - DEBUG - 自動保存已禁用，跳過配置保存
2026-02-04 11:17:01,885 - VALO360 - DEBUG - 自動保存已禁用，跳過配置保存
2026-02-04 11:17:01,888 - VALO360 - DEBUG - 自動保存已禁用，跳過配置保存
2026-02-04 11:17:01,888 - VALO360 - DEBUG - 自動保存已禁用，跳過配置保存
2026-02-04 11:17:01,889 - VALO360 - DEBUG - 自動保存已禁用，跳過配置保存
2026-02-04 11:17:01,889 - VALO360 - DEBUG - 自動保存已禁用，跳過配置保存
2026-02-04 11:17:01,892 - VALO360 - DEBUG - 自動保存已禁用，跳過配置保存
2026-02-04 11:17:01,892 - VALO360 - DEBUG - 自動保存已禁用，跳過配置保存
2026-02-04 11:17:01,892 - VALO360 - DEBUG - 自動保存已禁用，跳過配置保存
2026-02-04 11:17:01,892 - VALO360 - DEBUG - 自動保存已禁用，跳過配置保存
2026-02-04 11:17:01,893 - VALO360 - DEBUG - 自動保存已禁用，跳過配置保存
2026-02-04 11:17:01,894 - VALO360 - DEBUG - 自動保存已禁用，跳過配置保存
2026-02-04 11:17:01,894 - VALO360 - DEBUG - 自動保存已禁用，跳過配置保存
2026-02-04 11:17:01,894 - VALO360 - DEBUG - 自動保存已禁用，跳過配置保存
2026-02-04 11:17:01,895 - VALO360 - DEBUG - 自動保存已禁用，跳過配置保存
2026-02-04 11:17:01,895 - VALO360 - DEBUG - 自動保存已禁用，跳過配置保存
2026-02-04 11:17:01,895 - VALO360 - DEBUG - 自動保存已禁用，跳過配置保存
2026-02-04 11:17:01,895 - VALO360 - DEBUG - 自動保存已禁用，跳過配置保存
2026-02-04 11:17:01,899 - VALO360 - DEBUG - 自動保存已禁用，跳過配置保存
2026-02-04 11:17:01,899 - VALO360 - DEBUG - 自動保存已禁用，跳過配置保存
2026-02-04 11:17:01,899 - VALO360 - DEBUG - 自動保存已禁用，跳過配置保存
2026-02-04 11:17:01,899 - VALO360 - DEBUG - 自動保存已禁用，跳過配置保存
2026-02-04 11:17:01,901 - VALO360 - DEBUG - 自動保存已禁用，跳過配置保存
2026-02-04 11:17:01,902 - VALO360 - DEBUG - 自動保存已禁用，跳過配置保存
2026-02-04 11:17:01,902 - VALO360 - DEBUG - 自動保存已禁用，跳過配置保存
2026-02-04 11:17:01,902 - VALO360 - DEBUG - 自動保存已禁用，跳過配置保存
2026-02-04 11:17:01,904 - VALO360 - DEBUG - 自動保存已禁用，跳過配置保存
2026-02-04 11:17:01,905 - VALO360 - DEBUG - 自動保存已禁用，跳過配置保存
2026-02-04 11:17:01,905 - VALO360 - DEBUG - 自動保存已禁用，跳過配置保存
2026-02-04 11:17:01,905 - VALO360 - DEBUG - 自動保存已禁用，跳過配置保存
2026-02-04 11:17:01,907 - VALO360 - DEBUG - 自動保存已禁用，跳過配置保存
2026-02-04 11:17:01,910 - VALO360 - DEBUG - 自動保存已禁用，跳過配置保存
2026-02-04 11:17:01,911 - VALO360 - DEBUG - 自動保存已禁用，跳過配置保存
2026-02-04 11:17:01,911 - VALO360 - DEBUG - 自動保存已禁用，跳過配置保存
2026-02-04 11:17:01,912 - VALO360 - DEBUG - 自動保存已禁用，跳過配置保存
2026-02-04 11:17:01,913 - VALO360 - DEBUG - 自動保存已禁用，跳過配置保存
2026-02-04 11:17:01,913 - VALO360 - DEBUG - 自動保存已禁用，跳過配置保存
2026-02-04 11:17:01,913 - VALO360 - DEBUG - 自動保存已禁用，跳過配置保存
2026-02-04 11:17:01,915 - VALO360 - DEBUG - 自動保存已禁用，跳過配置保存
2026-02-04 11:17:01,915 - VALO360 - DEBUG - 自動保存已禁用，跳過配置保存
2026-02-04 11:17:01,915 - VALO360 - DEBUG - 自動保存已禁用，跳過配置保存
2026-02-04 11:17:01,915 - VALO360 - DEBUG - 自動保存已禁用，跳過配置保存
2026-02-04 11:17:01,917 - VALO360 - DEBUG - 自動保存已禁用，跳過配置保存
2026-02-04 11:17:01,917 - VALO360 - DEBUG - 自動保存已禁用，跳過配置保存
2026-02-04 11:17:01,918 - VALO360 - DEBUG - 自動保存已禁用，跳過配置保存
2026-02-04 11:17:01,918 - VALO360 - DEBUG - 自動保存已禁用，跳過配置保存
2026-02-04 11:17:01,920 - VALO360 - DEBUG - 自動保存已禁用，跳過配置保存
2026-02-04 11:17:01,921 - VALO360 - DEBUG - 自動保存已禁用，跳過配置保存
2026-02-04 11:17:01,921 - VALO360 - DEBUG - 自動保存已禁用，跳過配置保存
2026-02-04 11:17:01,922 - VALO360 - DEBUG - 自動保存已禁用，跳過配置保存
2026-02-04 11:17:01,925 - VALO360 - DEBUG - 自動保存已禁用，跳過配置保存
2026-02-04 11:17:01,926 - VALO360 - DEBUG - 自動保存已禁用，跳過配置保存
2026-02-04 11:17:01,926 - VALO360 - DEBUG - 自動保存已禁用，跳過配置保存
2026-02-04 11:17:01,926 - VALO360 - DEBUG - 自動保存已禁用，跳過配置保存
2026-02-04 11:17:01,928 - VALO360 - DEBUG - 自動保存已禁用，跳過配置保存
2026-02-04 11:17:01,928 - VALO360 - DEBUG - 自動保存已禁用，跳過配置保存
2026-02-04 11:17:01,928 - VALO360 - DEBUG - 自動保存已禁用，跳過配置保存
2026-02-04 11:17:01,929 - VALO360 - DEBUG - 自動保存已禁用，跳過配置保存
2026-02-04 11:17:01,930 - VALO360 - DEBUG - 自動保存已禁用，跳過配置保存
2026-02-04 11:17:01,931 - VALO360 - DEBUG - 自動保存已禁用，跳過配置保存
2026-02-04 11:17:01,931 - VALO360 - DEBUG - 自動保存已禁用，跳過配置保存
2026-02-04 11:17:01,931 - VALO360 - DEBUG - 自動保存已禁用，跳過配置保存
2026-02-04 11:17:01,933 - VALO360 - DEBUG - 自動保存已禁用，跳過配置保存
2026-02-04 11:17:01,933 - VALO360 - DEBUG - 自動保存已禁用，跳過配置保存
2026-02-04 11:17:01,933 - VALO360 - DEBUG - 自動保存已禁用，跳過配置保存
2026-02-04 11:17:01,933 - VALO360 - DEBUG - 自動保存已禁用，跳過配置保存
2026-02-04 11:17:01,935 - VALO360 - DEBUG - 自動保存已禁用，跳過配置保存
2026-02-04 11:17:01,935 - VALO360 - DEBUG - 自動保存已禁用，跳過配置保存
2026-02-04 11:17:01,935 - VALO360 - DEBUG - 自動保存已禁用，跳過配置保存
2026-02-04 11:17:01,935 - VALO360 - DEBUG - 自動保存已禁用，跳過配置保存
2026-02-04 11:17:01,937 - VALO360 - DEBUG - 自動保存已禁用，跳過配置保存
2026-02-04 11:17:01,937 - VALO360 - DEBUG - 自動保存已禁用，跳過配置保存
2026-02-04 11:17:01,938 - VALO360 - DEBUG - 自動保存已禁用，跳過配置保存
2026-02-04 11:17:01,938 - VALO360 - DEBUG - 自動保存已禁用，跳過配置保存
2026-02-04 11:17:01,941 - VALO360 - DEBUG - 自動保存已禁用，跳過配置保存
2026-02-04 11:17:01,941 - VALO360 - DEBUG - 自動保存已禁用，跳過配置保存
2026-02-04 11:17:01,941 - VALO360 - DEBUG - 自動保存已禁用，跳過配置保存
2026-02-04 11:17:01,942 - VALO360 - DEBUG - 自動保存已禁用，跳過配置保存
2026-02-04 11:17:01,943 - VALO360 - DEBUG - 自動保存已禁用，跳過配置保存
2026-02-04 11:17:01,943 - VALO360 - DEBUG - 自動保存已禁用，跳過配置保存
2026-02-04 11:17:01,943 - VALO360 - DEBUG - 自動保存已禁用，跳過配置保存
2026-02-04 11:17:01,943 - VALO360 - DEBUG - 自動保存已禁用，跳過配置保存
2026-02-04 11:17:01,945 - VALO360 - DEBUG - 自動保存已禁用，跳過配置保存
2026-02-04 11:17:01,945 - VALO360 - DEBUG - 自動保存已禁用，跳過配置保存
2026-02-04 11:17:01,945 - VALO360 - DEBUG - 自動保存已禁用，跳過配置保存
2026-02-04 11:17:01,946 - VALO360 - DEBUG - 自動保存已禁用，跳過配置保存
2026-02-04 11:17:01,947 - VALO360 - DEBUG - 自動保存已禁用，跳過配置保存
2026-02-04 11:17:01,948 - VALO360 - DEBUG - 自動保存已禁用，跳過配置保存
2026-02-04 11:17:01,948 - VALO360 - DEBUG - 自動保存已禁用，跳過配置保存
2026-02-04 11:17:01,948 - VALO360 - DEBUG - 自動保存已禁用，跳過配置保存
2026-02-04 11:17:01,949 - VALO360 - DEBUG - 自動保存已禁用，跳過配置保存
2026-02-04 11:17:01,949 - VALO360 - DEBUG - 自動保存已禁用，跳過配置保存
2026-02-04 11:17:01,949 - VALO360 - DEBUG - 自動保存已禁用，跳過配置保存
2026-02-04 11:17:01,949 - VALO360 - DEBUG - 自動保存已禁用，跳過配置保存
2026-02-04 11:17:01,951 - VALO360 - DEBUG - 自動保存已禁用，跳過配置保存
2026-02-04 11:17:01,952 - VALO360 - DEBUG - 自動保存已禁用，跳過配置保存
2026-02-04 11:17:01,952 - VALO360 - DEBUG - 自動保存已禁用，跳過配置保存
2026-02-04 11:17:01,952 - VALO360 - DEBUG - 自動保存已禁用，跳過配置保存
2026-02-04 11:17:01,953 - VALO360 - DEBUG - 自動保存已禁用，跳過配置保存
2026-02-04 11:17:01,953 - VALO360 - DEBUG - 自動保存已禁用，跳過配置保存
2026-02-04 11:17:01,954 - VALO360 - DEBUG - 自動保存已禁用，跳過配置保存
2026-02-04 11:17:01,954 - VALO360 - DEBUG - 自動保存已禁用，跳過配置保存
2026-02-04 11:17:01,957 - VALO360 - DEBUG - 自動保存已禁用，跳過配置保存
2026-02-04 11:17:01,957 - VALO360 - DEBUG - 自動保存已禁用，跳過配置保存
2026-02-04 11:17:01,957 - VALO360 - DEBUG - 自動保存已禁用，跳過配置保存
2026-02-04 11:17:01,958 - VALO360 - DEBUG - 自動保存已禁用，跳過配置保存
2026-02-04 11:17:01,958 - VALO360 - DEBUG - 自動保存已禁用，跳過配置保存
2026-02-04 11:17:01,959 - VALO360 - DEBUG - 自動保存已禁用，跳過配置保存
2026-02-04 11:17:01,959 - VALO360 - DEBUG - 自動保存已禁用，跳過配置保存
2026-02-04 11:17:01,959 - VALO360 - DEBUG - 自動保存已禁用，跳過配置保存
2026-02-04 11:17:01,961 - VALO360 - DEBUG - 自動保存已禁用，跳過配置保存
2026-02-04 11:17:01,961 - VALO360 - DEBUG - 自動保存已禁用，跳過配置保存
2026-02-04 11:17:01,961 - VALO360 - DEBUG - 自動保存已禁用，跳過配置保存
2026-02-04 11:17:01,961 - VALO360 - DEBUG - 自動保存已禁用，跳過配置保存
2026-02-04 11:17:01,962 - VALO360 - DEBUG - 自動保存已禁用，跳過配置保存
2026-02-04 11:17:01,962 - VALO360 - DEBUG - 自動保存已禁用，跳過配置保存
2026-02-04 11:17:01,963 - VALO360 - DEBUG - 自動保存已禁用，跳過配置保存
2026-02-04 11:17:01,963 - VALO360 - DEBUG - 自動保存已禁用，跳過配置保存
2026-02-04 11:17:01,964 - VALO360 - DEBUG - 自動保存已禁用，跳過配置保存
2026-02-04 11:17:01,965 - VALO360 - DEBUG - 自動保存已禁用，跳過配置保存
2026-02-04 11:17:01,965 - VALO360 - DEBUG - 自動保存已禁用，跳過配置保存
2026-02-04 11:17:01,965 - VALO360 - DEBUG - 自動保存已禁用，跳過配置保存
2026-02-04 11:17:01,967 - VALO360 - DEBUG - 自動保存已禁用，跳過配置保存
2026-02-04 11:17:01,967 - VALO360 - DEBUG - 自動保存已禁用，跳過配置保存
2026-02-04 11:17:01,967 - VALO360 - DEBUG - 自動保存已禁用，跳過配置保存
2026-02-04 11:17:01,967 - VALO360 - DEBUG - 自動保存已禁用，跳過配置保存
2026-02-04 11:17:01,967 - VALO360 - DEBUG - 自動保存已禁用，跳過配置保存
2026-02-04 11:17:01,967 - VALO360 - DEBUG - 自動保存已禁用，跳過配置保存
2026-02-04 11:17:01,967 - VALO360 - DEBUG - 自動保存已禁用，跳過配置保存
2026-02-04 11:17:01,969 - VALO360 - DEBUG - 自動保存已禁用，跳過配置保存
2026-02-04 11:17:01,970 - VALO360 - DEBUG - 自動保存已禁用，跳過配置保存
2026-02-04 11:17:01,970 - VALO360 - DEBUG - 自動保存已禁用，跳過配置保存
2026-02-04 11:17:01,970 - VALO360 - DEBUG - 自動保存已禁用，跳過配置保存
2026-02-04 11:17:01,971 - VALO360 - DEBUG - 自動保存已禁用，跳過配置保存
2026-02-04 11:17:01,972 - VALO360 - DEBUG - 自動保存已禁用，跳過配置保存
2026-02-04 11:17:01,972 - VALO360 - DEBUG - 自動保存已禁用，跳過配置保存
2026-02-04 11:17:01,972 - VALO360 - DEBUG - 自動保存已禁用，跳過配置保存
2026-02-04 11:17:01,972 - VALO360 - DEBUG - 自動保存已禁用，跳過配置保存
2026-02-04 11:17:01,979 - VALO360 - DEBUG - 自動保存已禁用，跳過配置保存
2026-02-04 11:17:01,979 - VALO360 - DEBUG - 自動保存已禁用，跳過配置保存
2026-02-04 11:17:01,979 - VALO360 - DEBUG - 自動保存已禁用，跳過配置保存
2026-02-04 11:17:01,979 - VALO360 - DEBUG - 自動保存已禁用，跳過配置保存
2026-02-04 11:17:01,981 - VALO360 - DEBUG - 自動保存已禁用，跳過配置保存
2026-02-04 11:17:01,981 - VALO360 - DEBUG - 自動保存已禁用，跳過配置保存
2026-02-04 11:17:01,982 - VALO360 - DEBUG - 自動保存已禁用，跳過配置保存
2026-02-04 11:17:01,982 - VALO360 - DEBUG - 自動保存已禁用，跳過配置保存
2026-02-04 11:17:01,982 - VALO360 - DEBUG - 自動保存已禁用，跳過配置保存
2026-02-04 11:17:01,983 - VALO360 - DEBUG - 自動保存已禁用，跳過配置保存
2026-02-04 11:17:01,983 - VALO360 - DEBUG - 自動保存已禁用，跳過配置保存
2026-02-04 11:17:01,984 - VALO360 - DEBUG - 自動保存已禁用，跳過配置保存
2026-02-04 11:17:01,992 - VALO360 - DEBUG - 自動保存已禁用，跳過配置保存
2026-02-04 11:17:01,992 - VALO360 - DEBUG - 自動保存已禁用，跳過配置保存
2026-02-04 11:17:01,993 - VALO360 - DEBUG - 自動保存已禁用，跳過配置保存
2026-02-04 11:17:01,993 - VALO360 - DEBUG - 自動保存已禁用，跳過配置保存
2026-02-04 11:17:01,993 - VALO360 - DEBUG - 自動保存已禁用，跳過配置保存
2026-02-04 11:17:01,994 - VALO360 - DEBUG - 自動保存已禁用，跳過配置保存
2026-02-04 11:17:01,994 - VALO360 - DEBUG - 自動保存已禁用，跳過配置保存
2026-02-04 11:17:01,995 - VALO360 - DEBUG - 自動保存已禁用，跳過配置保存
2026-02-04 11:17:01,996 - VALO360 - DEBUG - 自動保存已禁用，跳過配置保存
2026-02-04 11:17:01,996 - VALO360 - DEBUG - 自動保存已禁用，跳過配置保存
2026-02-04 11:17:01,996 - VALO360 - DEBUG - 自動保存已禁用，跳過配置保存
2026-02-04 11:17:01,996 - VALO360 - DEBUG - 自動保存已禁用，跳過配置保存
2026-02-04 11:17:01,997 - VALO360 - DEBUG - 自動保存已禁用，跳過配置保存
2026-02-04 11:17:01,997 - VALO360 - DEBUG - 自動保存已禁用，跳過配置保存
2026-02-04 11:17:01,997 - VALO360 - DEBUG - 自動保存已禁用，跳過配置保存
2026-02-04 11:17:01,997 - VALO360 - DEBUG - 自動保存已禁用，跳過配置保存
2026-02-04 11:17:01,999 - VALO360 - DEBUG - 自動保存已禁用，跳過配置保存
2026-02-04 11:17:01,999 - VALO360 - DEBUG - 自動保存已禁用，跳過配置保存
2026-02-04 11:17:02,000 - VALO360 - DEBUG - 自動保存已禁用，跳過配置保存
2026-02-04 11:17:02,000 - VALO360 - DEBUG - 自動保存已禁用，跳過配置保存
2026-02-04 11:17:02,001 - VALO360 - DEBUG - 自動保存已禁用，跳過配置保存
2026-02-04 11:17:02,001 - VALO360 - DEBUG - 自動保存已禁用，跳過配置保存
2026-02-04 11:17:02,001 - VALO360 - DEBUG - 自動保存已禁用，跳過配置保存
2026-02-04 11:17:02,001 - VALO360 - DEBUG - 自動保存已禁用，跳過配置保存
2026-02-04 11:17:02,002 - VALO360 - DEBUG - 自動保存已禁用，跳過配置保存
2026-02-04 11:17:02,003 - VALO360 - DEBUG - 自動保存已禁用，跳過配置保存
2026-02-04 11:17:02,003 - VALO360 - DEBUG - 自動保存已禁用，跳過配置保存
2026-02-04 11:17:02,003 - VALO360 - DEBUG - 自動保存已禁用，跳過配置保存
2026-02-04 11:17:02,004 - VALO360 - DEBUG - 自動保存已禁用，跳過配置保存
2026-02-04 11:17:02,004 - VALO360 - DEBUG - 自動保存已禁用，跳過配置保存
2026-02-04 11:17:02,004 - VALO360 - DEBUG - 自動保存已禁用，跳過配置保存
2026-02-04 11:17:02,005 - VALO360 - DEBUG - 自動保存已禁用，跳過配置保存
2026-02-04 11:17:02,511 - VALO360 - DEBUG - 自動保存已禁用，跳過配置保存
2026-02-04 11:17:02,512 - VALO360 - DEBUG - 自動保存已禁用，跳過配置保存
2026-02-04 11:17:02,514 - VALO360 - DEBUG - 自動保存已禁用，跳過配置保存
2026-02-04 11:17:02,514 - VALO360 - DEBUG - 自動保存已禁用，跳過配置保存
2026-02-04 11:17:02,550 - VALO360 - DEBUG - 找到 2 個COM口: ['COM4', 'COM7']
2026-02-04 11:17:06,157 - VALO360 - DEBUG - SerialWorker 初始化: COM=COM4, 指令數=1, 超時=30s
2026-02-04 11:17:06,160 - VALO360 - INFO - 開始執行序列埠任務: COM4
2026-02-04 11:17:06,167 - VALO360 - DEBUG - 自動保存已禁用，跳過配置保存
2026-02-04 11:17:06,167 - VALO360 - DEBUG - 自動保存已禁用，跳過配置保存
2026-02-04 11:17:06,167 - VALO360 - DEBUG - 自動保存已禁用，跳過配置保存
2026-02-04 11:17:06,168 - VALO360 - DEBUG - 自動保存已禁用，跳過配置保存
2026-02-04 11:17:06,170 - VALO360 - DEBUG - 自動保存已禁用，跳過配置保存
2026-02-04 11:17:06,171 - VALO360 - DEBUG - 自動保存已禁用，跳過配置保存
2026-02-04 11:17:06,172 - VALO360 - DEBUG - 自動保存已禁用，跳過配置保存
2026-02-04 11:17:06,172 - VALO360 - DEBUG - 自動保存已禁用，跳過配置保存
2026-02-04 11:17:06,172 - VALO360 - DEBUG - 自動保存已禁用，跳過配置保存
2026-02-04 11:17:06,172 - VALO360 - DEBUG - 自動保存已禁用，跳過配置保存
2026-02-04 11:17:06,172 - VALO360 - DEBUG - 自動保存已禁用，跳過配置保存
2026-02-04 11:17:06,174 - VALO360 - DEBUG - 自動保存已禁用，跳過配置保存
2026-02-04 11:17:06,174 - VALO360 - DEBUG - 自動保存已禁用，跳過配置保存
2026-02-04 11:17:06,175 - VALO360 - DEBUG - 自動保存已禁用，跳過配置保存
2026-02-04 11:17:06,175 - VALO360 - DEBUG - 自動保存已禁用，跳過配置保存
2026-02-04 11:17:06,176 - VALO360 - DEBUG - 自動保存已禁用，跳過配置保存
2026-02-04 11:17:06,177 - VALO360 - DEBUG - 自動保存已禁用，跳過配置保存
2026-02-04 11:17:06,177 - VALO360 - DEBUG - 自動保存已禁用，跳過配置保存
2026-02-04 11:17:06,177 - VALO360 - DEBUG - 自動保存已禁用，跳過配置保存
2026-02-04 11:17:06,178 - VALO360 - DEBUG - 自動保存已禁用，跳過配置保存
2026-02-04 11:17:06,178 - VALO360 - DEBUG - 自動保存已禁用，跳過配置保存
2026-02-04 11:17:06,178 - VALO360 - DEBUG - 自動保存已禁用，跳過配置保存
2026-02-04 11:17:06,178 - VALO360 - DEBUG - 自動保存已禁用，跳過配置保存
2026-02-04 11:17:06,178 - VALO360 - DEBUG - 自動保存已禁用，跳過配置保存
2026-02-04 11:17:06,185 - VALO360 - DEBUG - 自動保存已禁用，跳過配置保存
2026-02-04 11:17:06,185 - VALO360 - DEBUG - 自動保存已禁用，跳過配置保存
2026-02-04 11:17:06,185 - VALO360 - DEBUG - 自動保存已禁用，跳過配置保存
2026-02-04 11:17:06,187 - VALO360 - DEBUG - 自動保存已禁用，跳過配置保存
2026-02-04 11:17:07,439 - VALO360 - DEBUG - 簡單關閉 COM 口 COM4
2026-02-04 11:17:07,440 - VALO360 - DEBUG - SerialWorker 執行完成
2026-02-04 11:17:07,440 - VALO360 - WARNING - 函數 SerialWorker.run 執行時間過長: 1.280秒
2026-02-04 11:17:07,447 - VALO360 - DEBUG - 自動保存已禁用，跳過配置保存
2026-02-04 11:17:07,447 - VALO360 - DEBUG - 自動保存已禁用，跳過配置保存
2026-02-04 11:17:07,448 - VALO360 - DEBUG - 自動保存已禁用，跳過配置保存
2026-02-04 11:17:07,448 - VALO360 - DEBUG - 自動保存已禁用，跳過配置保存
2026-02-04 11:17:07,449 - VALO360 - DEBUG - 自動保存已禁用，跳過配置保存
2026-02-04 11:17:07,449 - VALO360 - DEBUG - 自動保存已禁用，跳過配置保存
2026-02-04 11:17:07,450 - VALO360 - DEBUG - 自動保存已禁用，跳過配置保存
2026-02-04 11:17:07,450 - VALO360 - DEBUG - 自動保存已禁用，跳過配置保存
2026-02-04 11:17:07,451 - VALO360 - DEBUG - 自動保存已禁用，跳過配置保存
2026-02-04 11:17:07,451 - VALO360 - DEBUG - 自動保存已禁用，跳過配置保存
2026-02-04 11:17:07,451 - VALO360 - DEBUG - 自動保存已禁用，跳過配置保存
2026-02-04 11:17:07,452 - VALO360 - DEBUG - 自動保存已禁用，跳過配置保存
2026-02-04 11:17:07,453 - VALO360 - DEBUG - 自動保存已禁用，跳過配置保存
2026-02-04 11:17:07,453 - VALO360 - DEBUG - 自動保存已禁用，跳過配置保存
2026-02-04 11:17:07,454 - VALO360 - DEBUG - 自動保存已禁用，跳過配置保存
2026-02-04 11:17:07,454 - VALO360 - DEBUG - 自動保存已禁用，跳過配置保存
2026-02-04 11:17:07,455 - VALO360 - DEBUG - 自動保存已禁用，跳過配置保存
2026-02-04 11:17:07,455 - VALO360 - DEBUG - 自動保存已禁用，跳過配置保存
2026-02-04 11:17:07,456 - VALO360 - DEBUG - 自動保存已禁用，跳過配置保存
2026-02-04 11:17:07,456 - VALO360 - DEBUG - 自動保存已禁用，跳過配置保存
2026-02-04 11:17:07,464 - VALO360 - DEBUG - 自動保存已禁用，跳過配置保存
2026-02-04 11:17:07,465 - VALO360 - DEBUG - 自動保存已禁用，跳過配置保存
2026-02-04 11:17:07,465 - VALO360 - DEBUG - 自動保存已禁用，跳過配置保存
2026-02-04 11:17:07,465 - VALO360 - DEBUG - 自動保存已禁用，跳過配置保存
2026-02-04 11:17:17,817 - VALO360 - DEBUG - 自動保存已禁用，跳過配置保存
2026-02-04 11:17:17,817 - VALO360 - DEBUG - 自動保存已禁用，跳過配置保存
2026-02-04 11:17:17,817 - VALO360 - DEBUG - 自動保存已禁用，跳過配置保存
2026-02-04 11:17:17,817 - VALO360 - DEBUG - 自動保存已禁用，跳過配置保存
2026-02-04 11:17:18,767 - VALO360 - DEBUG - SerialWorker 初始化: COM=COM4, 指令數=6, 超時=30s
2026-02-04 11:17:18,767 - VALO360 - INFO - 開始執行序列埠任務: COM4
2026-02-04 11:17:18,780 - VALO360 - DEBUG - 自動保存已禁用，跳過配置保存
2026-02-04 11:17:18,780 - VALO360 - DEBUG - 自動保存已禁用，跳過配置保存
2026-02-04 11:17:18,780 - VALO360 - DEBUG - 自動保存已禁用，跳過配置保存
2026-02-04 11:17:18,780 - VALO360 - DEBUG - 自動保存已禁用，跳過配置保存
2026-02-04 11:17:18,791 - VALO360 - DEBUG - 自動保存已禁用，跳過配置保存
2026-02-04 11:17:18,791 - VALO360 - DEBUG - 自動保存已禁用，跳過配置保存
2026-02-04 11:17:18,791 - VALO360 - DEBUG - 自動保存已禁用，跳過配置保存
2026-02-04 11:17:18,791 - VALO360 - DEBUG - 自動保存已禁用，跳過配置保存
2026-02-04 11:17:18,792 - VALO360 - DEBUG - 自動保存已禁用，跳過配置保存
2026-02-04 11:17:18,792 - VALO360 - DEBUG - 自動保存已禁用，跳過配置保存
2026-02-04 11:17:18,793 - VALO360 - DEBUG - 自動保存已禁用，跳過配置保存
2026-02-04 11:17:18,793 - VALO360 - DEBUG - 自動保存已禁用，跳過配置保存
2026-02-04 11:17:18,793 - VALO360 - DEBUG - 自動保存已禁用，跳過配置保存
2026-02-04 11:17:18,794 - VALO360 - DEBUG - 自動保存已禁用，跳過配置保存
2026-02-04 11:17:18,794 - VALO360 - DEBUG - 自動保存已禁用，跳過配置保存
2026-02-04 11:17:18,794 - VALO360 - DEBUG - 自動保存已禁用，跳過配置保存
2026-02-04 11:17:18,795 - VALO360 - DEBUG - 自動保存已禁用，跳過配置保存
2026-02-04 11:17:18,795 - VALO360 - DEBUG - 自動保存已禁用，跳過配置保存
2026-02-04 11:17:18,796 - VALO360 - DEBUG - 自動保存已禁用，跳過配置保存
2026-02-04 11:17:18,796 - VALO360 - DEBUG - 自動保存已禁用，跳過配置保存
2026-02-04 11:17:18,802 - VALO360 - DEBUG - 自動保存已禁用，跳過配置保存
2026-02-04 11:17:18,803 - VALO360 - DEBUG - 自動保存已禁用，跳過配置保存
2026-02-04 11:17:18,803 - VALO360 - DEBUG - 自動保存已禁用，跳過配置保存
2026-02-04 11:17:18,804 - VALO360 - DEBUG - 自動保存已禁用，跳過配置保存
2026-02-04 11:17:29,243 - VALO360 - DEBUG - 簡單關閉 COM 口 COM4
2026-02-04 11:17:29,247 - VALO360 - DEBUG - SerialWorker 執行完成
2026-02-04 11:17:29,247 - VALO360 - WARNING - 函數 SerialWorker.run 執行時間過長: 10.480秒
2026-02-04 11:17:29,249 - VALO360 - DEBUG - 自動保存已禁用，跳過配置保存
2026-02-04 11:17:29,249 - VALO360 - DEBUG - 自動保存已禁用，跳過配置保存
2026-02-04 11:17:29,249 - VALO360 - DEBUG - 自動保存已禁用，跳過配置保存
2026-02-04 11:17:29,250 - VALO360 - DEBUG - 自動保存已禁用，跳過配置保存
2026-02-04 11:17:29,253 - VALO360 - DEBUG - 自動保存已禁用，跳過配置保存
2026-02-04 11:17:29,254 - VALO360 - DEBUG - 自動保存已禁用，跳過配置保存
2026-02-04 11:17:29,254 - VALO360 - DEBUG - 自動保存已禁用，跳過配置保存
2026-02-04 11:17:29,254 - VALO360 - DEBUG - 自動保存已禁用，跳過配置保存
2026-02-04 11:17:29,254 - VALO360 - DEBUG - 自動保存已禁用，跳過配置保存
2026-02-04 11:17:29,255 - VALO360 - DEBUG - 自動保存已禁用，跳過配置保存
2026-02-04 11:17:29,255 - VALO360 - DEBUG - 自動保存已禁用，跳過配置保存
2026-02-04 11:17:29,255 - VALO360 - DEBUG - 自動保存已禁用，跳過配置保存
2026-02-04 11:17:29,256 - VALO360 - DEBUG - 自動保存已禁用，跳過配置保存
2026-02-04 11:17:29,256 - VALO360 - DEBUG - 自動保存已禁用，跳過配置保存
2026-02-04 11:17:29,256 - VALO360 - DEBUG - 自動保存已禁用，跳過配置保存
2026-02-04 11:17:29,256 - VALO360 - DEBUG - 自動保存已禁用，跳過配置保存
2026-02-04 11:17:29,257 - VALO360 - DEBUG - 自動保存已禁用，跳過配置保存
2026-02-04 11:17:29,257 - VALO360 - DEBUG - 自動保存已禁用，跳過配置保存
2026-02-04 11:17:29,257 - VALO360 - DEBUG - 自動保存已禁用，跳過配置保存
2026-02-04 11:17:29,257 - VALO360 - DEBUG - 自動保存已禁用，跳過配置保存
2026-02-04 11:17:29,269 - VALO360 - DEBUG - 自動保存已禁用，跳過配置保存
2026-02-04 11:17:29,269 - VALO360 - DEBUG - 自動保存已禁用，跳過配置保存
2026-02-04 11:17:29,270 - VALO360 - DEBUG - 自動保存已禁用，跳過配置保存
2026-02-04 11:17:29,270 - VALO360 - DEBUG - 自動保存已禁用，跳過配置保存
2026-02-04 11:18:57,826 - VALO360 - DEBUG - 自動保存已禁用，跳過配置保存
2026-02-04 11:18:57,828 - VALO360 - DEBUG - 自動保存已禁用，跳過配置保存
2026-02-04 11:18:57,829 - VALO360 - DEBUG - 自動保存已禁用，跳過配置保存
2026-02-04 11:18:57,829 - VALO360 - DEBUG - 自動保存已禁用，跳過配置保存
2026-02-04 11:18:58,946 - VALO360 - DEBUG - 自動保存已禁用，跳過配置保存
2026-02-04 11:18:58,946 - VALO360 - DEBUG - 自動保存已禁用，跳過配置保存
2026-02-04 11:18:58,947 - VALO360 - DEBUG - 自動保存已禁用，跳過配置保存
2026-02-04 11:18:58,947 - VALO360 - DEBUG - 自動保存已禁用，跳過配置保存
2026-02-04 11:18:59,443 - VALO360 - DEBUG - 自動保存已禁用，跳過配置保存
2026-02-04 11:18:59,444 - VALO360 - DEBUG - 自動保存已禁用，跳過配置保存
2026-02-04 11:18:59,444 - VALO360 - DEBUG - 自動保存已禁用，跳過配置保存
2026-02-04 11:18:59,446 - VALO360 - DEBUG - 自動保存已禁用，跳過配置保存
2026-02-04 11:18:59,866 - VALO360 - DEBUG - 自動保存已禁用，跳過配置保存
2026-02-04 11:18:59,867 - VALO360 - DEBUG - 自動保存已禁用，跳過配置保存
2026-02-04 11:18:59,867 - VALO360 - DEBUG - 自動保存已禁用，跳過配置保存
2026-02-04 11:18:59,868 - VALO360 - DEBUG - 自動保存已禁用，跳過配置保存
2026-02-04 11:19:01,083 - VALO360 - DEBUG - 自動保存已禁用，跳過配置保存
2026-02-04 11:19:01,085 - VALO360 - DEBUG - 自動保存已禁用，跳過配置保存
2026-02-04 11:19:01,085 - VALO360 - DEBUG - 自動保存已禁用，跳過配置保存
2026-02-04 11:19:01,087 - VALO360 - DEBUG - 自動保存已禁用，跳過配置保存
2026-02-04 11:19:01,107 - VALO360 - DEBUG - 找到 2 個COM口: ['COM4', 'COM7']
2026-02-04 11:19:02,611 - VALO360 - DEBUG - 自動保存已禁用，跳過配置保存
2026-02-04 11:19:02,612 - VALO360 - DEBUG - 自動保存已禁用，跳過配置保存
2026-02-04 11:19:02,614 - VALO360 - DEBUG - 自動保存已禁用，跳過配置保存
2026-02-04 11:19:02,615 - VALO360 - DEBUG - 自動保存已禁用，跳過配置保存
2026-02-04 14:21:09,279 - VALO360 - DEBUG - 自動保存已禁用，跳過配置保存
2026-02-04 14:21:09,281 - VALO360 - DEBUG - 自動保存已禁用，跳過配置保存
2026-02-04 14:21:09,282 - VALO360 - DEBUG - 自動保存已禁用，跳過配置保存
2026-02-04 14:21:09,282 - VALO360 - DEBUG - 自動保存已禁用，跳過配置保存
2026-02-04 14:35:18,955 - VALO360 - DEBUG - 自動保存已禁用，跳過配置保存
2026-02-04 14:35:18,956 - VALO360 - DEBUG - 自動保存已禁用，跳過配置保存
2026-02-04 14:35:18,956 - VALO360 - DEBUG - 自動保存已禁用，跳過配置保存
2026-02-04 14:35:18,957 - VALO360 - DEBUG - 自動保存已禁用，跳過配置保存
2026-02-04 14:37:03,097 - VALO360 - DEBUG - 自動保存已禁用，跳過配置保存
2026-02-04 14:37:03,097 - VALO360 - DEBUG - 自動保存已禁用，跳過配置保存
2026-02-04 14:37:03,097 - VALO360 - DEBUG - 自動保存已禁用，跳過配置保存
2026-02-04 14:37:03,097 - VALO360 - DEBUG - 自動保存已禁用，跳過配置保存
2026-02-04 14:37:04,552 - VALO360 - DEBUG - 配置已備份至: backup\setup_backup_20260204_143704.json
2026-02-04 14:37:04,553 - VALO360 - DEBUG - 配置保存成功
2026-02-04 14:37:04,555 - VALO360 - DEBUG - 配置已備份至: backup\setup_backup_20260204_143704.json
2026-02-04 14:37:04,557 - VALO360 - DEBUG - 配置保存成功
2026-02-04 14:37:04,557 - VALO360 - DEBUG - 自動保存已禁用，跳過配置保存
2026-02-04 14:37:04,557 - VALO360 - INFO - 程式關閉時已保存所有待保存的設定
2026-02-04 14:37:04,557 - VALO360 - INFO - 程式正常關閉
2026-02-04 14:37:04,641 - VALO360 - INFO - 資源清理完成
2026-02-04 14:37:04,641 - VALO360 - INFO - 應用程式資源清理完成
