2025-07-30 14:42:17,214 - VALO360 - DEBUG - 找到指令檔: D:\((Python TOOL\指令工具-20250428T020034Z-001\CODE_HERE2\Command_TABLE\command.txt
2025-07-30 14:42:17,214 - VALO360 - INFO - 設定檔不存在，將由配置管理器創建
2025-07-30 14:42:17,248 - VALO360 - INFO - 成功載入 94 個指令
2025-07-30 14:42:17,254 - VALO360 - INFO - 運行日誌: main.py 啟動
2025-07-30 14:42:17,254 - VALO360 - INFO - VALO360 指令通主程式啟動
2025-07-30 14:42:17,254 - VALO360 - INFO - 運行日誌: 成功 import TabManager
2025-07-30 14:42:17,254 - VALO360 - INFO - UI模組導入成功
2025-07-30 14:42:17,254 - VALO360 - INFO - 日誌系統初始化完成
2025-07-30 14:42:17,254 - VALO360 - INFO - 未找到關鍵字高亮設定文件，使用空設定
2025-07-30 14:42:17,425 - VALO360 - INFO - 配置文件不存在，創建預設配置
2025-07-30 14:42:17,425 - VALO360 - DEBUG - 配置保存成功
2025-07-30 14:42:17,425 - VALO360 - INFO - 統一設定管理器已初始化
2025-07-30 14:42:17,882 - VALO360 - DEBUG - 找到 2 個COM口: ['COM5', 'COM6']
2025-07-30 14:42:18,917 - VALO360 - INFO - 視窗設置完成: 指令通_1.6.3.3 (1536x793)
2025-07-30 14:42:18,920 - VALO360 - INFO - 程式啟動時更新標籤頁名稱
2025-07-30 14:42:18,920 - VALO360 - INFO - 應用程式啟動完成，進入主循環
2025-07-30 14:42:18,926 - VALO360 - DEBUG - 找到 2 個COM口: ['COM5', 'COM6']
2025-07-30 14:42:18,926 - VALO360 - DEBUG - 配置已備份至: backup\setup_backup_20250730_144218.json
2025-07-30 14:42:18,928 - VALO360 - DEBUG - 配置保存成功
2025-07-30 14:42:18,931 - VALO360 - DEBUG - 配置已備份至: backup\setup_backup_20250730_144218.json
2025-07-30 14:42:18,931 - VALO360 - DEBUG - 配置保存成功
2025-07-30 14:42:18,941 - VALO360 - DEBUG - 配置已備份至: backup\setup_backup_20250730_144218.json
2025-07-30 14:42:18,941 - VALO360 - DEBUG - 配置保存成功
2025-07-30 14:42:18,986 - VALO360 - DEBUG - 配置已備份至: backup\setup_backup_20250730_144218.json
2025-07-30 14:42:18,988 - VALO360 - DEBUG - 配置保存成功
2025-07-30 14:42:18,990 - VALO360 - DEBUG - 配置已備份至: backup\setup_backup_20250730_144218.json
2025-07-30 14:42:18,992 - VALO360 - DEBUG - 配置保存成功
2025-07-30 14:42:18,992 - VALO360 - DEBUG - 配置已備份至: backup\setup_backup_20250730_144218.json
2025-07-30 14:42:18,992 - VALO360 - DEBUG - 配置保存成功
2025-07-30 14:42:18,994 - VALO360 - DEBUG - 配置已備份至: backup\setup_backup_20250730_144218.json
2025-07-30 14:42:18,996 - VALO360 - DEBUG - 配置保存成功
2025-07-30 14:42:18,996 - VALO360 - DEBUG - 配置已備份至: backup\setup_backup_20250730_144218.json
2025-07-30 14:42:18,996 - VALO360 - DEBUG - 配置保存成功
2025-07-30 14:42:18,999 - VALO360 - DEBUG - 配置已備份至: backup\setup_backup_20250730_144218.json
2025-07-30 14:42:18,999 - VALO360 - DEBUG - 配置保存成功
2025-07-30 14:42:19,001 - VALO360 - DEBUG - 配置已備份至: backup\setup_backup_20250730_144219.json
2025-07-30 14:42:19,001 - VALO360 - DEBUG - 配置保存成功
2025-07-30 14:42:19,005 - VALO360 - DEBUG - 配置已備份至: backup\setup_backup_20250730_144219.json
2025-07-30 14:42:19,005 - VALO360 - DEBUG - 配置保存成功
2025-07-30 14:42:19,005 - VALO360 - DEBUG - 配置已備份至: backup\setup_backup_20250730_144219.json
2025-07-30 14:42:19,005 - VALO360 - DEBUG - 配置保存成功
2025-07-30 14:42:19,011 - VALO360 - DEBUG - 配置已備份至: backup\setup_backup_20250730_144219.json
2025-07-30 14:42:19,011 - VALO360 - DEBUG - 配置保存成功
2025-07-30 14:42:19,017 - VALO360 - DEBUG - 配置已備份至: backup\setup_backup_20250730_144219.json
2025-07-30 14:42:19,017 - VALO360 - DEBUG - 配置保存成功
2025-07-30 14:42:19,021 - VALO360 - DEBUG - 配置已備份至: backup\setup_backup_20250730_144219.json
2025-07-30 14:42:19,024 - VALO360 - DEBUG - 配置保存成功
2025-07-30 14:42:19,026 - VALO360 - DEBUG - 配置已備份至: backup\setup_backup_20250730_144219.json
2025-07-30 14:42:19,026 - VALO360 - DEBUG - 配置保存成功
2025-07-30 14:42:19,026 - VALO360 - DEBUG - 配置已備份至: backup\setup_backup_20250730_144219.json
2025-07-30 14:42:19,031 - VALO360 - DEBUG - 配置保存成功
2025-07-30 14:42:19,031 - VALO360 - DEBUG - 配置已備份至: backup\setup_backup_20250730_144219.json
2025-07-30 14:42:19,034 - VALO360 - DEBUG - 配置保存成功
2025-07-30 14:42:19,034 - VALO360 - DEBUG - 配置已備份至: backup\setup_backup_20250730_144219.json
2025-07-30 14:42:19,034 - VALO360 - DEBUG - 配置保存成功
2025-07-30 14:42:19,040 - VALO360 - DEBUG - 配置已備份至: backup\setup_backup_20250730_144219.json
2025-07-30 14:42:19,042 - VALO360 - DEBUG - 配置保存成功
2025-07-30 14:42:19,043 - VALO360 - DEBUG - 配置已備份至: backup\setup_backup_20250730_144219.json
2025-07-30 14:42:19,043 - VALO360 - DEBUG - 配置保存成功
2025-07-30 14:42:19,045 - VALO360 - DEBUG - 配置已備份至: backup\setup_backup_20250730_144219.json
2025-07-30 14:42:19,045 - VALO360 - DEBUG - 配置保存成功
2025-07-30 14:42:19,047 - VALO360 - DEBUG - 配置已備份至: backup\setup_backup_20250730_144219.json
2025-07-30 14:42:19,048 - VALO360 - DEBUG - 配置保存成功
2025-07-30 14:42:19,050 - VALO360 - DEBUG - 配置已備份至: backup\setup_backup_20250730_144219.json
2025-07-30 14:42:19,050 - VALO360 - DEBUG - 配置保存成功
2025-07-30 14:42:19,052 - VALO360 - DEBUG - 配置已備份至: backup\setup_backup_20250730_144219.json
2025-07-30 14:42:19,052 - VALO360 - DEBUG - 配置保存成功
2025-07-30 14:42:19,052 - VALO360 - DEBUG - 配置已備份至: backup\setup_backup_20250730_144219.json
2025-07-30 14:42:19,055 - VALO360 - DEBUG - 配置保存成功
2025-07-30 14:42:19,056 - VALO360 - DEBUG - 配置已備份至: backup\setup_backup_20250730_144219.json
2025-07-30 14:42:19,056 - VALO360 - DEBUG - 配置保存成功
2025-07-30 14:42:19,059 - VALO360 - DEBUG - 配置已備份至: backup\setup_backup_20250730_144219.json
2025-07-30 14:42:19,059 - VALO360 - DEBUG - 配置保存成功
2025-07-30 14:42:19,062 - VALO360 - DEBUG - 配置已備份至: backup\setup_backup_20250730_144219.json
2025-07-30 14:42:19,062 - VALO360 - DEBUG - 配置保存成功
2025-07-30 14:42:19,062 - VALO360 - DEBUG - 配置已備份至: backup\setup_backup_20250730_144219.json
2025-07-30 14:42:19,065 - VALO360 - DEBUG - 配置保存成功
2025-07-30 14:42:19,065 - VALO360 - DEBUG - 配置已備份至: backup\setup_backup_20250730_144219.json
2025-07-30 14:42:19,065 - VALO360 - DEBUG - 配置保存成功
2025-07-30 14:42:19,065 - VALO360 - DEBUG - 配置已備份至: backup\setup_backup_20250730_144219.json
2025-07-30 14:42:19,070 - VALO360 - DEBUG - 配置保存成功
2025-07-30 14:42:19,070 - VALO360 - DEBUG - 配置已備份至: backup\setup_backup_20250730_144219.json
2025-07-30 14:42:19,072 - VALO360 - DEBUG - 配置保存成功
2025-07-30 14:42:19,074 - VALO360 - DEBUG - 配置已備份至: backup\setup_backup_20250730_144219.json
2025-07-30 14:42:19,074 - VALO360 - DEBUG - 配置保存成功
2025-07-30 14:42:19,076 - VALO360 - DEBUG - 配置已備份至: backup\setup_backup_20250730_144219.json
2025-07-30 14:42:19,076 - VALO360 - DEBUG - 配置保存成功
2025-07-30 14:42:19,076 - VALO360 - DEBUG - 配置已備份至: backup\setup_backup_20250730_144219.json
2025-07-30 14:42:19,076 - VALO360 - DEBUG - 配置保存成功
2025-07-30 14:42:19,076 - VALO360 - DEBUG - 配置已備份至: backup\setup_backup_20250730_144219.json
2025-07-30 14:42:19,076 - VALO360 - DEBUG - 配置保存成功
2025-07-30 14:42:19,082 - VALO360 - DEBUG - 配置已備份至: backup\setup_backup_20250730_144219.json
2025-07-30 14:42:19,082 - VALO360 - DEBUG - 配置保存成功
2025-07-30 14:42:19,085 - VALO360 - DEBUG - 配置已備份至: backup\setup_backup_20250730_144219.json
2025-07-30 14:42:19,086 - VALO360 - DEBUG - 配置保存成功
2025-07-30 14:42:19,087 - VALO360 - DEBUG - 配置已備份至: backup\setup_backup_20250730_144219.json
2025-07-30 14:42:19,087 - VALO360 - DEBUG - 配置保存成功
2025-07-30 14:42:19,091 - VALO360 - DEBUG - 配置已備份至: backup\setup_backup_20250730_144219.json
2025-07-30 14:42:19,093 - VALO360 - DEBUG - 配置保存成功
2025-07-30 14:42:19,093 - VALO360 - DEBUG - 配置已備份至: backup\setup_backup_20250730_144219.json
2025-07-30 14:42:19,093 - VALO360 - DEBUG - 配置保存成功
2025-07-30 14:42:19,093 - VALO360 - DEBUG - 配置已備份至: backup\setup_backup_20250730_144219.json
2025-07-30 14:42:19,097 - VALO360 - DEBUG - 配置保存成功
2025-07-30 14:42:19,099 - VALO360 - DEBUG - 配置已備份至: backup\setup_backup_20250730_144219.json
2025-07-30 14:42:19,099 - VALO360 - DEBUG - 配置保存成功
2025-07-30 14:42:19,099 - VALO360 - DEBUG - 配置已備份至: backup\setup_backup_20250730_144219.json
2025-07-30 14:42:19,099 - VALO360 - DEBUG - 配置保存成功
2025-07-30 14:42:19,103 - VALO360 - DEBUG - 配置已備份至: backup\setup_backup_20250730_144219.json
2025-07-30 14:42:19,104 - VALO360 - DEBUG - 配置保存成功
2025-07-30 14:42:19,104 - VALO360 - DEBUG - 配置已備份至: backup\setup_backup_20250730_144219.json
2025-07-30 14:42:19,104 - VALO360 - DEBUG - 配置保存成功
2025-07-30 14:42:19,107 - VALO360 - DEBUG - 配置已備份至: backup\setup_backup_20250730_144219.json
2025-07-30 14:42:19,109 - VALO360 - DEBUG - 配置保存成功
2025-07-30 14:42:19,109 - VALO360 - DEBUG - 配置已備份至: backup\setup_backup_20250730_144219.json
2025-07-30 14:42:19,111 - VALO360 - DEBUG - 配置保存成功
2025-07-30 14:42:19,111 - VALO360 - DEBUG - 配置已備份至: backup\setup_backup_20250730_144219.json
2025-07-30 14:42:19,113 - VALO360 - DEBUG - 配置保存成功
2025-07-30 14:42:19,113 - VALO360 - DEBUG - 配置已備份至: backup\setup_backup_20250730_144219.json
2025-07-30 14:42:19,116 - VALO360 - DEBUG - 配置保存成功
2025-07-30 14:42:19,117 - VALO360 - DEBUG - 配置已備份至: backup\setup_backup_20250730_144219.json
2025-07-30 14:42:19,119 - VALO360 - DEBUG - 配置保存成功
2025-07-30 14:42:19,119 - VALO360 - DEBUG - 配置已備份至: backup\setup_backup_20250730_144219.json
2025-07-30 14:42:19,119 - VALO360 - DEBUG - 配置保存成功
2025-07-30 14:42:19,123 - VALO360 - DEBUG - 配置已備份至: backup\setup_backup_20250730_144219.json
2025-07-30 14:42:19,124 - VALO360 - DEBUG - 配置保存成功
2025-07-30 14:42:19,124 - VALO360 - DEBUG - 配置已備份至: backup\setup_backup_20250730_144219.json
2025-07-30 14:42:19,124 - VALO360 - DEBUG - 配置保存成功
2025-07-30 14:42:19,129 - VALO360 - DEBUG - 配置已備份至: backup\setup_backup_20250730_144219.json
2025-07-30 14:42:19,129 - VALO360 - DEBUG - 配置保存成功
2025-07-30 14:42:19,129 - VALO360 - DEBUG - 配置已備份至: backup\setup_backup_20250730_144219.json
2025-07-30 14:42:19,129 - VALO360 - DEBUG - 配置保存成功
2025-07-30 14:42:19,129 - VALO360 - DEBUG - 配置已備份至: backup\setup_backup_20250730_144219.json
2025-07-30 14:42:19,134 - VALO360 - DEBUG - 配置保存成功
2025-07-30 14:42:19,134 - VALO360 - DEBUG - 配置已備份至: backup\setup_backup_20250730_144219.json
2025-07-30 14:42:19,134 - VALO360 - DEBUG - 配置保存成功
2025-07-30 14:42:19,136 - VALO360 - DEBUG - 配置已備份至: backup\setup_backup_20250730_144219.json
2025-07-30 14:42:19,138 - VALO360 - DEBUG - 配置保存成功
2025-07-30 14:42:19,140 - VALO360 - DEBUG - 配置已備份至: backup\setup_backup_20250730_144219.json
2025-07-30 14:42:19,140 - VALO360 - DEBUG - 配置保存成功
2025-07-30 14:42:19,142 - VALO360 - DEBUG - 配置已備份至: backup\setup_backup_20250730_144219.json
2025-07-30 14:42:19,144 - VALO360 - DEBUG - 配置保存成功
2025-07-30 14:42:19,146 - VALO360 - DEBUG - 配置已備份至: backup\setup_backup_20250730_144219.json
2025-07-30 14:42:19,146 - VALO360 - DEBUG - 配置保存成功
2025-07-30 14:42:19,148 - VALO360 - DEBUG - 配置已備份至: backup\setup_backup_20250730_144219.json
2025-07-30 14:42:19,151 - VALO360 - DEBUG - 配置保存成功
2025-07-30 14:42:19,151 - VALO360 - DEBUG - 配置已備份至: backup\setup_backup_20250730_144219.json
2025-07-30 14:42:19,151 - VALO360 - DEBUG - 配置保存成功
2025-07-30 14:42:19,151 - VALO360 - DEBUG - 配置已備份至: backup\setup_backup_20250730_144219.json
2025-07-30 14:42:19,154 - VALO360 - DEBUG - 配置保存成功
2025-07-30 14:42:19,156 - VALO360 - DEBUG - 配置已備份至: backup\setup_backup_20250730_144219.json
2025-07-30 14:42:19,156 - VALO360 - DEBUG - 配置保存成功
2025-07-30 14:42:19,158 - VALO360 - DEBUG - 配置已備份至: backup\setup_backup_20250730_144219.json
2025-07-30 14:42:19,160 - VALO360 - DEBUG - 配置保存成功
2025-07-30 14:42:19,160 - VALO360 - DEBUG - 配置已備份至: backup\setup_backup_20250730_144219.json
2025-07-30 14:42:19,160 - VALO360 - DEBUG - 配置保存成功
2025-07-30 14:42:19,163 - VALO360 - DEBUG - 配置已備份至: backup\setup_backup_20250730_144219.json
2025-07-30 14:42:19,163 - VALO360 - DEBUG - 配置保存成功
2025-07-30 14:42:19,164 - VALO360 - DEBUG - 配置已備份至: backup\setup_backup_20250730_144219.json
2025-07-30 14:42:19,166 - VALO360 - DEBUG - 配置保存成功
2025-07-30 14:42:19,168 - VALO360 - DEBUG - 配置已備份至: backup\setup_backup_20250730_144219.json
2025-07-30 14:42:19,168 - VALO360 - DEBUG - 配置保存成功
2025-07-30 14:42:19,168 - VALO360 - DEBUG - 配置已備份至: backup\setup_backup_20250730_144219.json
2025-07-30 14:42:19,171 - VALO360 - DEBUG - 配置保存成功
2025-07-30 14:42:19,172 - VALO360 - DEBUG - 配置已備份至: backup\setup_backup_20250730_144219.json
2025-07-30 14:42:19,172 - VALO360 - DEBUG - 配置保存成功
2025-07-30 14:42:19,174 - VALO360 - DEBUG - 配置已備份至: backup\setup_backup_20250730_144219.json
2025-07-30 14:42:19,174 - VALO360 - DEBUG - 配置保存成功
2025-07-30 14:42:19,177 - VALO360 - DEBUG - 配置已備份至: backup\setup_backup_20250730_144219.json
2025-07-30 14:42:19,177 - VALO360 - DEBUG - 配置保存成功
2025-07-30 14:42:19,177 - VALO360 - DEBUG - 配置已備份至: backup\setup_backup_20250730_144219.json
2025-07-30 14:42:19,177 - VALO360 - DEBUG - 配置保存成功
2025-07-30 14:42:19,181 - VALO360 - DEBUG - 配置已備份至: backup\setup_backup_20250730_144219.json
2025-07-30 14:42:19,181 - VALO360 - DEBUG - 配置保存成功
2025-07-30 14:42:19,181 - VALO360 - DEBUG - 配置已備份至: backup\setup_backup_20250730_144219.json
2025-07-30 14:42:19,181 - VALO360 - DEBUG - 配置保存成功
2025-07-30 14:42:19,186 - VALO360 - DEBUG - 配置已備份至: backup\setup_backup_20250730_144219.json
2025-07-30 14:42:19,186 - VALO360 - DEBUG - 配置保存成功
2025-07-30 14:42:19,188 - VALO360 - DEBUG - 配置已備份至: backup\setup_backup_20250730_144219.json
2025-07-30 14:42:19,188 - VALO360 - DEBUG - 配置保存成功
2025-07-30 14:42:19,191 - VALO360 - DEBUG - 配置已備份至: backup\setup_backup_20250730_144219.json
2025-07-30 14:42:19,191 - VALO360 - DEBUG - 配置保存成功
2025-07-30 14:42:19,191 - VALO360 - DEBUG - 配置已備份至: backup\setup_backup_20250730_144219.json
2025-07-30 14:42:19,191 - VALO360 - DEBUG - 配置保存成功
2025-07-30 14:42:19,196 - VALO360 - DEBUG - 配置已備份至: backup\setup_backup_20250730_144219.json
2025-07-30 14:42:19,197 - VALO360 - DEBUG - 配置保存成功
2025-07-30 14:42:19,197 - VALO360 - DEBUG - 配置已備份至: backup\setup_backup_20250730_144219.json
2025-07-30 14:42:19,197 - VALO360 - DEBUG - 配置保存成功
2025-07-30 14:42:19,199 - VALO360 - DEBUG - 配置已備份至: backup\setup_backup_20250730_144219.json
2025-07-30 14:42:19,199 - VALO360 - DEBUG - 配置保存成功
2025-07-30 14:42:19,202 - VALO360 - DEBUG - 配置已備份至: backup\setup_backup_20250730_144219.json
2025-07-30 14:42:19,202 - VALO360 - DEBUG - 配置保存成功
2025-07-30 14:42:19,204 - VALO360 - DEBUG - 配置已備份至: backup\setup_backup_20250730_144219.json
2025-07-30 14:42:19,206 - VALO360 - DEBUG - 配置保存成功
2025-07-30 14:42:19,206 - VALO360 - DEBUG - 配置已備份至: backup\setup_backup_20250730_144219.json
2025-07-30 14:42:19,209 - VALO360 - DEBUG - 配置保存成功
2025-07-30 14:42:19,209 - VALO360 - DEBUG - 配置已備份至: backup\setup_backup_20250730_144219.json
2025-07-30 14:42:19,211 - VALO360 - DEBUG - 配置保存成功
2025-07-30 14:42:19,211 - VALO360 - DEBUG - 配置已備份至: backup\setup_backup_20250730_144219.json
2025-07-30 14:42:19,211 - VALO360 - DEBUG - 配置保存成功
2025-07-30 14:42:19,211 - VALO360 - DEBUG - 配置已備份至: backup\setup_backup_20250730_144219.json
2025-07-30 14:42:19,216 - VALO360 - DEBUG - 配置保存成功
2025-07-30 14:42:19,216 - VALO360 - DEBUG - 配置已備份至: backup\setup_backup_20250730_144219.json
2025-07-30 14:42:19,216 - VALO360 - DEBUG - 配置保存成功
2025-07-30 14:42:19,218 - VALO360 - DEBUG - 配置已備份至: backup\setup_backup_20250730_144219.json
2025-07-30 14:42:19,220 - VALO360 - DEBUG - 配置保存成功
2025-07-30 14:42:19,220 - VALO360 - DEBUG - 配置已備份至: backup\setup_backup_20250730_144219.json
2025-07-30 14:42:19,222 - VALO360 - DEBUG - 配置保存成功
2025-07-30 14:42:19,222 - VALO360 - DEBUG - 配置已備份至: backup\setup_backup_20250730_144219.json
2025-07-30 14:42:19,222 - VALO360 - DEBUG - 配置保存成功
2025-07-30 14:42:19,226 - VALO360 - DEBUG - 配置已備份至: backup\setup_backup_20250730_144219.json
2025-07-30 14:42:19,227 - VALO360 - DEBUG - 配置保存成功
2025-07-30 14:42:19,227 - VALO360 - DEBUG - 配置已備份至: backup\setup_backup_20250730_144219.json
2025-07-30 14:42:19,227 - VALO360 - DEBUG - 配置保存成功
2025-07-30 14:42:19,230 - VALO360 - DEBUG - 配置已備份至: backup\setup_backup_20250730_144219.json
2025-07-30 14:42:19,232 - VALO360 - DEBUG - 配置保存成功
2025-07-30 14:42:19,234 - VALO360 - DEBUG - 配置已備份至: backup\setup_backup_20250730_144219.json
2025-07-30 14:42:19,234 - VALO360 - DEBUG - 配置保存成功
2025-07-30 14:42:19,234 - VALO360 - DEBUG - 配置已備份至: backup\setup_backup_20250730_144219.json
2025-07-30 14:42:19,237 - VALO360 - DEBUG - 配置保存成功
2025-07-30 14:42:19,238 - VALO360 - DEBUG - 配置已備份至: backup\setup_backup_20250730_144219.json
2025-07-30 14:42:19,239 - VALO360 - DEBUG - 配置保存成功
2025-07-30 14:42:19,241 - VALO360 - DEBUG - 配置已備份至: backup\setup_backup_20250730_144219.json
2025-07-30 14:42:19,241 - VALO360 - DEBUG - 配置保存成功
2025-07-30 14:42:19,243 - VALO360 - DEBUG - 配置已備份至: backup\setup_backup_20250730_144219.json
2025-07-30 14:42:19,243 - VALO360 - DEBUG - 配置保存成功
2025-07-30 14:42:19,245 - VALO360 - DEBUG - 配置已備份至: backup\setup_backup_20250730_144219.json
2025-07-30 14:42:19,247 - VALO360 - DEBUG - 配置保存成功
2025-07-30 14:42:19,248 - VALO360 - DEBUG - 配置已備份至: backup\setup_backup_20250730_144219.json
2025-07-30 14:42:19,248 - VALO360 - DEBUG - 配置保存成功
2025-07-30 14:42:19,250 - VALO360 - DEBUG - 配置已備份至: backup\setup_backup_20250730_144219.json
2025-07-30 14:42:19,250 - VALO360 - DEBUG - 配置保存成功
2025-07-30 14:42:19,252 - VALO360 - DEBUG - 配置已備份至: backup\setup_backup_20250730_144219.json
2025-07-30 14:42:19,252 - VALO360 - DEBUG - 配置保存成功
2025-07-30 14:42:19,254 - VALO360 - DEBUG - 配置已備份至: backup\setup_backup_20250730_144219.json
2025-07-30 14:42:19,256 - VALO360 - DEBUG - 配置保存成功
2025-07-30 14:42:19,257 - VALO360 - DEBUG - 配置已備份至: backup\setup_backup_20250730_144219.json
2025-07-30 14:42:19,257 - VALO360 - DEBUG - 配置保存成功
2025-07-30 14:42:19,259 - VALO360 - DEBUG - 配置已備份至: backup\setup_backup_20250730_144219.json
2025-07-30 14:42:19,259 - VALO360 - DEBUG - 配置保存成功
2025-07-30 14:42:19,261 - VALO360 - DEBUG - 配置已備份至: backup\setup_backup_20250730_144219.json
2025-07-30 14:42:19,263 - VALO360 - DEBUG - 配置保存成功
2025-07-30 14:42:19,263 - VALO360 - DEBUG - 配置已備份至: backup\setup_backup_20250730_144219.json
2025-07-30 14:42:19,263 - VALO360 - DEBUG - 配置保存成功
2025-07-30 14:42:19,266 - VALO360 - DEBUG - 配置已備份至: backup\setup_backup_20250730_144219.json
2025-07-30 14:42:19,266 - VALO360 - DEBUG - 配置保存成功
2025-07-30 14:42:19,268 - VALO360 - DEBUG - 配置已備份至: backup\setup_backup_20250730_144219.json
2025-07-30 14:42:19,268 - VALO360 - DEBUG - 配置保存成功
2025-07-30 14:42:19,272 - VALO360 - DEBUG - 配置已備份至: backup\setup_backup_20250730_144219.json
2025-07-30 14:42:19,274 - VALO360 - DEBUG - 配置保存成功
2025-07-30 14:42:19,274 - VALO360 - DEBUG - 配置已備份至: backup\setup_backup_20250730_144219.json
2025-07-30 14:42:19,276 - VALO360 - DEBUG - 配置保存成功
2025-07-30 14:42:19,276 - VALO360 - DEBUG - 配置已備份至: backup\setup_backup_20250730_144219.json
2025-07-30 14:42:19,278 - VALO360 - DEBUG - 配置保存成功
2025-07-30 14:42:19,280 - VALO360 - DEBUG - 配置已備份至: backup\setup_backup_20250730_144219.json
2025-07-30 14:42:19,280 - VALO360 - DEBUG - 配置保存成功
2025-07-30 14:42:19,280 - VALO360 - DEBUG - 配置已備份至: backup\setup_backup_20250730_144219.json
2025-07-30 14:42:19,280 - VALO360 - DEBUG - 配置保存成功
2025-07-30 14:42:19,285 - VALO360 - DEBUG - 配置已備份至: backup\setup_backup_20250730_144219.json
2025-07-30 14:42:19,285 - VALO360 - DEBUG - 配置保存成功
2025-07-30 14:42:19,287 - VALO360 - DEBUG - 配置已備份至: backup\setup_backup_20250730_144219.json
2025-07-30 14:42:19,287 - VALO360 - DEBUG - 配置保存成功
2025-07-30 14:42:19,290 - VALO360 - DEBUG - 配置已備份至: backup\setup_backup_20250730_144219.json
2025-07-30 14:42:19,290 - VALO360 - DEBUG - 配置保存成功
2025-07-30 14:42:19,293 - VALO360 - DEBUG - 配置已備份至: backup\setup_backup_20250730_144219.json
2025-07-30 14:42:19,293 - VALO360 - DEBUG - 配置保存成功
2025-07-30 14:42:19,293 - VALO360 - DEBUG - 配置已備份至: backup\setup_backup_20250730_144219.json
2025-07-30 14:42:19,293 - VALO360 - DEBUG - 配置保存成功
2025-07-30 14:42:19,297 - VALO360 - DEBUG - 配置已備份至: backup\setup_backup_20250730_144219.json
2025-07-30 14:42:19,299 - VALO360 - DEBUG - 配置保存成功
2025-07-30 14:42:19,299 - VALO360 - DEBUG - 配置已備份至: backup\setup_backup_20250730_144219.json
2025-07-30 14:42:19,299 - VALO360 - DEBUG - 配置保存成功
2025-07-30 14:42:19,299 - VALO360 - DEBUG - 配置已備份至: backup\setup_backup_20250730_144219.json
2025-07-30 14:42:19,303 - VALO360 - DEBUG - 配置保存成功
2025-07-30 14:42:19,303 - VALO360 - DEBUG - 配置已備份至: backup\setup_backup_20250730_144219.json
2025-07-30 14:42:19,305 - VALO360 - DEBUG - 配置保存成功
2025-07-30 14:42:19,306 - VALO360 - DEBUG - 配置已備份至: backup\setup_backup_20250730_144219.json
2025-07-30 14:42:19,308 - VALO360 - DEBUG - 配置保存成功
2025-07-30 14:42:19,309 - VALO360 - DEBUG - 配置已備份至: backup\setup_backup_20250730_144219.json
2025-07-30 14:42:19,311 - VALO360 - DEBUG - 配置保存成功
2025-07-30 14:42:19,313 - VALO360 - DEBUG - 配置已備份至: backup\setup_backup_20250730_144219.json
2025-07-30 14:42:19,313 - VALO360 - DEBUG - 配置保存成功
2025-07-30 14:42:19,314 - VALO360 - DEBUG - 配置已備份至: backup\setup_backup_20250730_144219.json
2025-07-30 14:42:19,314 - VALO360 - DEBUG - 配置保存成功
2025-07-30 14:42:19,316 - VALO360 - DEBUG - 配置已備份至: backup\setup_backup_20250730_144219.json
2025-07-30 14:42:19,317 - VALO360 - DEBUG - 配置保存成功
2025-07-30 14:42:19,318 - VALO360 - DEBUG - 配置已備份至: backup\setup_backup_20250730_144219.json
2025-07-30 14:42:19,318 - VALO360 - DEBUG - 配置保存成功
2025-07-30 14:42:19,320 - VALO360 - DEBUG - 配置已備份至: backup\setup_backup_20250730_144219.json
2025-07-30 14:42:19,320 - VALO360 - DEBUG - 配置保存成功
2025-07-30 14:42:19,320 - VALO360 - DEBUG - 配置已備份至: backup\setup_backup_20250730_144219.json
2025-07-30 14:42:19,324 - VALO360 - DEBUG - 配置保存成功
2025-07-30 14:42:19,324 - VALO360 - DEBUG - 配置已備份至: backup\setup_backup_20250730_144219.json
2025-07-30 14:42:19,324 - VALO360 - DEBUG - 配置保存成功
2025-07-30 14:42:19,327 - VALO360 - DEBUG - 配置已備份至: backup\setup_backup_20250730_144219.json
2025-07-30 14:42:19,327 - VALO360 - DEBUG - 配置保存成功
2025-07-30 14:42:19,329 - VALO360 - DEBUG - 配置已備份至: backup\setup_backup_20250730_144219.json
2025-07-30 14:42:19,331 - VALO360 - DEBUG - 配置保存成功
2025-07-30 14:42:19,332 - VALO360 - DEBUG - 配置已備份至: backup\setup_backup_20250730_144219.json
2025-07-30 14:42:19,333 - VALO360 - DEBUG - 配置保存成功
2025-07-30 14:42:19,333 - VALO360 - DEBUG - 配置已備份至: backup\setup_backup_20250730_144219.json
2025-07-30 14:42:19,335 - VALO360 - DEBUG - 配置保存成功
2025-07-30 14:42:19,335 - VALO360 - DEBUG - 配置已備份至: backup\setup_backup_20250730_144219.json
2025-07-30 14:42:19,337 - VALO360 - DEBUG - 配置保存成功
2025-07-30 14:42:19,337 - VALO360 - DEBUG - 配置已備份至: backup\setup_backup_20250730_144219.json
2025-07-30 14:42:19,337 - VALO360 - DEBUG - 配置保存成功
2025-07-30 14:42:19,341 - VALO360 - DEBUG - 配置已備份至: backup\setup_backup_20250730_144219.json
2025-07-30 14:42:19,341 - VALO360 - DEBUG - 配置保存成功
2025-07-30 14:42:19,344 - VALO360 - DEBUG - 配置已備份至: backup\setup_backup_20250730_144219.json
2025-07-30 14:42:19,344 - VALO360 - DEBUG - 配置保存成功
2025-07-30 14:42:19,346 - VALO360 - DEBUG - 配置已備份至: backup\setup_backup_20250730_144219.json
2025-07-30 14:42:19,346 - VALO360 - DEBUG - 配置保存成功
2025-07-30 14:42:19,347 - VALO360 - DEBUG - 配置已備份至: backup\setup_backup_20250730_144219.json
2025-07-30 14:42:19,347 - VALO360 - DEBUG - 配置保存成功
2025-07-30 14:42:19,351 - VALO360 - DEBUG - 配置已備份至: backup\setup_backup_20250730_144219.json
2025-07-30 14:42:19,351 - VALO360 - DEBUG - 配置保存成功
2025-07-30 14:42:19,353 - VALO360 - DEBUG - 配置已備份至: backup\setup_backup_20250730_144219.json
2025-07-30 14:42:19,353 - VALO360 - DEBUG - 配置保存成功
2025-07-30 14:42:19,355 - VALO360 - DEBUG - 配置已備份至: backup\setup_backup_20250730_144219.json
2025-07-30 14:42:19,356 - VALO360 - DEBUG - 配置保存成功
2025-07-30 14:42:19,358 - VALO360 - DEBUG - 配置已備份至: backup\setup_backup_20250730_144219.json
2025-07-30 14:42:19,358 - VALO360 - DEBUG - 配置保存成功
2025-07-30 14:42:19,358 - VALO360 - DEBUG - 配置已備份至: backup\setup_backup_20250730_144219.json
2025-07-30 14:42:19,358 - VALO360 - DEBUG - 配置保存成功
2025-07-30 14:42:19,363 - VALO360 - DEBUG - 配置已備份至: backup\setup_backup_20250730_144219.json
2025-07-30 14:42:19,365 - VALO360 - DEBUG - 配置保存成功
2025-07-30 14:42:19,365 - VALO360 - DEBUG - 配置已備份至: backup\setup_backup_20250730_144219.json
2025-07-30 14:42:19,367 - VALO360 - DEBUG - 配置保存成功
2025-07-30 14:42:19,369 - VALO360 - DEBUG - 配置已備份至: backup\setup_backup_20250730_144219.json
2025-07-30 14:42:19,371 - VALO360 - DEBUG - 配置保存成功
2025-07-30 14:42:19,371 - VALO360 - DEBUG - 配置已備份至: backup\setup_backup_20250730_144219.json
2025-07-30 14:42:19,371 - VALO360 - DEBUG - 配置保存成功
2025-07-30 14:42:19,374 - VALO360 - DEBUG - 配置已備份至: backup\setup_backup_20250730_144219.json
2025-07-30 14:42:19,374 - VALO360 - DEBUG - 配置保存成功
2025-07-30 14:42:19,376 - VALO360 - DEBUG - 配置已備份至: backup\setup_backup_20250730_144219.json
2025-07-30 14:42:19,378 - VALO360 - DEBUG - 配置保存成功
2025-07-30 14:42:19,378 - VALO360 - DEBUG - 配置已備份至: backup\setup_backup_20250730_144219.json
2025-07-30 14:42:19,378 - VALO360 - DEBUG - 配置保存成功
2025-07-30 14:42:19,378 - VALO360 - DEBUG - 配置已備份至: backup\setup_backup_20250730_144219.json
2025-07-30 14:42:19,383 - VALO360 - DEBUG - 配置保存成功
2025-07-30 14:42:19,383 - VALO360 - DEBUG - 配置已備份至: backup\setup_backup_20250730_144219.json
2025-07-30 14:42:19,383 - VALO360 - DEBUG - 配置保存成功
2025-07-30 14:42:19,383 - VALO360 - DEBUG - 配置已備份至: backup\setup_backup_20250730_144219.json
2025-07-30 14:42:19,387 - VALO360 - DEBUG - 配置保存成功
2025-07-30 14:42:19,388 - VALO360 - DEBUG - 配置已備份至: backup\setup_backup_20250730_144219.json
2025-07-30 14:42:19,388 - VALO360 - DEBUG - 配置保存成功
2025-07-30 14:42:19,388 - VALO360 - DEBUG - 配置已備份至: backup\setup_backup_20250730_144219.json
2025-07-30 14:42:19,392 - VALO360 - DEBUG - 配置保存成功
2025-07-30 14:42:19,392 - VALO360 - DEBUG - 配置已備份至: backup\setup_backup_20250730_144219.json
2025-07-30 14:42:19,392 - VALO360 - DEBUG - 配置保存成功
2025-07-30 14:42:19,394 - VALO360 - DEBUG - 配置已備份至: backup\setup_backup_20250730_144219.json
2025-07-30 14:42:19,396 - VALO360 - DEBUG - 配置保存成功
2025-07-30 14:42:19,396 - VALO360 - DEBUG - 配置已備份至: backup\setup_backup_20250730_144219.json
2025-07-30 14:42:19,399 - VALO360 - DEBUG - 配置保存成功
2025-07-30 14:42:19,399 - VALO360 - DEBUG - 配置已備份至: backup\setup_backup_20250730_144219.json
2025-07-30 14:42:19,399 - VALO360 - DEBUG - 配置保存成功
2025-07-30 14:42:19,403 - VALO360 - DEBUG - 配置已備份至: backup\setup_backup_20250730_144219.json
2025-07-30 14:42:19,405 - VALO360 - DEBUG - 配置保存成功
2025-07-30 14:42:19,407 - VALO360 - DEBUG - 配置已備份至: backup\setup_backup_20250730_144219.json
2025-07-30 14:42:19,408 - VALO360 - DEBUG - 配置保存成功
2025-07-30 14:42:19,409 - VALO360 - DEBUG - 配置已備份至: backup\setup_backup_20250730_144219.json
2025-07-30 14:42:19,409 - VALO360 - DEBUG - 配置保存成功
2025-07-30 14:42:19,412 - VALO360 - DEBUG - 配置已備份至: backup\setup_backup_20250730_144219.json
2025-07-30 14:42:19,412 - VALO360 - DEBUG - 配置保存成功
2025-07-30 14:42:19,412 - VALO360 - DEBUG - 配置已備份至: backup\setup_backup_20250730_144219.json
2025-07-30 14:42:19,412 - VALO360 - DEBUG - 配置保存成功
2025-07-30 14:42:19,412 - VALO360 - DEBUG - 配置已備份至: backup\setup_backup_20250730_144219.json
2025-07-30 14:42:19,417 - VALO360 - DEBUG - 配置保存成功
2025-07-30 14:42:19,419 - VALO360 - DEBUG - 配置已備份至: backup\setup_backup_20250730_144219.json
2025-07-30 14:42:19,419 - VALO360 - DEBUG - 配置保存成功
2025-07-30 14:42:19,421 - VALO360 - DEBUG - 配置已備份至: backup\setup_backup_20250730_144219.json
2025-07-30 14:42:19,422 - VALO360 - DEBUG - 配置保存成功
2025-07-30 14:42:19,422 - VALO360 - DEBUG - 配置已備份至: backup\setup_backup_20250730_144219.json
2025-07-30 14:42:19,424 - VALO360 - DEBUG - 配置保存成功
2025-07-30 14:42:19,424 - VALO360 - DEBUG - 配置已備份至: backup\setup_backup_20250730_144219.json
2025-07-30 14:42:19,426 - VALO360 - DEBUG - 配置保存成功
2025-07-30 14:42:19,429 - VALO360 - DEBUG - 配置已備份至: backup\setup_backup_20250730_144219.json
2025-07-30 14:42:19,430 - VALO360 - DEBUG - 配置保存成功
2025-07-30 14:42:19,430 - VALO360 - DEBUG - 配置已備份至: backup\setup_backup_20250730_144219.json
2025-07-30 14:42:19,430 - VALO360 - DEBUG - 配置保存成功
2025-07-30 14:42:19,430 - VALO360 - DEBUG - 配置已備份至: backup\setup_backup_20250730_144219.json
2025-07-30 14:42:19,430 - VALO360 - DEBUG - 配置保存成功
2025-07-30 14:42:19,430 - VALO360 - DEBUG - 配置已備份至: backup\setup_backup_20250730_144219.json
2025-07-30 14:42:19,430 - VALO360 - DEBUG - 配置保存成功
2025-07-30 14:42:19,437 - VALO360 - DEBUG - 配置已備份至: backup\setup_backup_20250730_144219.json
2025-07-30 14:42:19,439 - VALO360 - DEBUG - 配置保存成功
2025-07-30 14:42:19,441 - VALO360 - DEBUG - 配置已備份至: backup\setup_backup_20250730_144219.json
2025-07-30 14:42:19,442 - VALO360 - DEBUG - 配置保存成功
2025-07-30 14:42:19,442 - VALO360 - DEBUG - 配置已備份至: backup\setup_backup_20250730_144219.json
2025-07-30 14:42:19,442 - VALO360 - DEBUG - 配置保存成功
2025-07-30 14:42:19,445 - VALO360 - DEBUG - 配置已備份至: backup\setup_backup_20250730_144219.json
2025-07-30 14:42:19,445 - VALO360 - DEBUG - 配置保存成功
2025-07-30 14:42:19,445 - VALO360 - DEBUG - 配置已備份至: backup\setup_backup_20250730_144219.json
2025-07-30 14:42:19,445 - VALO360 - DEBUG - 配置保存成功
2025-07-30 14:42:19,449 - VALO360 - DEBUG - 配置已備份至: backup\setup_backup_20250730_144219.json
2025-07-30 14:42:19,449 - VALO360 - DEBUG - 配置保存成功
2025-07-30 14:42:19,452 - VALO360 - DEBUG - 配置已備份至: backup\setup_backup_20250730_144219.json
2025-07-30 14:42:19,452 - VALO360 - DEBUG - 配置保存成功
2025-07-30 14:42:19,454 - VALO360 - DEBUG - 配置已備份至: backup\setup_backup_20250730_144219.json
2025-07-30 14:42:19,455 - VALO360 - DEBUG - 配置保存成功
2025-07-30 14:42:19,457 - VALO360 - DEBUG - 配置已備份至: backup\setup_backup_20250730_144219.json
2025-07-30 14:42:19,459 - VALO360 - DEBUG - 配置保存成功
2025-07-30 14:42:19,459 - VALO360 - DEBUG - 配置已備份至: backup\setup_backup_20250730_144219.json
2025-07-30 14:42:19,459 - VALO360 - DEBUG - 配置保存成功
2025-07-30 14:42:19,462 - VALO360 - DEBUG - 配置已備份至: backup\setup_backup_20250730_144219.json
2025-07-30 14:42:19,462 - VALO360 - DEBUG - 配置保存成功
2025-07-30 14:42:19,464 - VALO360 - DEBUG - 配置已備份至: backup\setup_backup_20250730_144219.json
2025-07-30 14:42:19,464 - VALO360 - DEBUG - 配置保存成功
2025-07-30 14:42:19,467 - VALO360 - DEBUG - 配置已備份至: backup\setup_backup_20250730_144219.json
2025-07-30 14:42:19,468 - VALO360 - DEBUG - 配置保存成功
2025-07-30 14:42:19,468 - VALO360 - DEBUG - 配置已備份至: backup\setup_backup_20250730_144219.json
2025-07-30 14:42:19,470 - VALO360 - DEBUG - 配置保存成功
2025-07-30 14:42:19,471 - VALO360 - DEBUG - 配置已備份至: backup\setup_backup_20250730_144219.json
2025-07-30 14:42:19,471 - VALO360 - DEBUG - 配置保存成功
2025-07-30 14:42:19,474 - VALO360 - DEBUG - 配置已備份至: backup\setup_backup_20250730_144219.json
2025-07-30 14:42:19,475 - VALO360 - DEBUG - 配置保存成功
2025-07-30 14:42:19,475 - VALO360 - DEBUG - 配置已備份至: backup\setup_backup_20250730_144219.json
2025-07-30 14:42:19,477 - VALO360 - DEBUG - 配置保存成功
2025-07-30 14:42:19,479 - VALO360 - DEBUG - 配置已備份至: backup\setup_backup_20250730_144219.json
2025-07-30 14:42:19,479 - VALO360 - DEBUG - 配置保存成功
2025-07-30 14:42:19,480 - VALO360 - DEBUG - 配置已備份至: backup\setup_backup_20250730_144219.json
2025-07-30 14:42:19,480 - VALO360 - DEBUG - 配置保存成功
2025-07-30 14:42:19,482 - VALO360 - DEBUG - 配置已備份至: backup\setup_backup_20250730_144219.json
2025-07-30 14:42:19,482 - VALO360 - DEBUG - 配置保存成功
2025-07-30 14:42:19,484 - VALO360 - DEBUG - 配置已備份至: backup\setup_backup_20250730_144219.json
2025-07-30 14:42:19,484 - VALO360 - DEBUG - 配置保存成功
2025-07-30 14:42:19,488 - VALO360 - DEBUG - 配置已備份至: backup\setup_backup_20250730_144219.json
2025-07-30 14:42:19,488 - VALO360 - DEBUG - 配置保存成功
2025-07-30 14:42:19,491 - VALO360 - DEBUG - 配置已備份至: backup\setup_backup_20250730_144219.json
2025-07-30 14:42:19,491 - VALO360 - DEBUG - 配置保存成功
2025-07-30 14:42:19,491 - VALO360 - DEBUG - 配置已備份至: backup\setup_backup_20250730_144219.json
2025-07-30 14:42:19,491 - VALO360 - DEBUG - 配置保存成功
2025-07-30 14:42:19,496 - VALO360 - DEBUG - 配置已備份至: backup\setup_backup_20250730_144219.json
2025-07-30 14:42:19,496 - VALO360 - DEBUG - 配置保存成功
2025-07-30 14:42:19,498 - VALO360 - DEBUG - 配置已備份至: backup\setup_backup_20250730_144219.json
2025-07-30 14:42:19,498 - VALO360 - DEBUG - 配置保存成功
2025-07-30 14:42:19,499 - VALO360 - DEBUG - 配置已備份至: backup\setup_backup_20250730_144219.json
2025-07-30 14:42:19,501 - VALO360 - DEBUG - 配置保存成功
2025-07-30 14:42:19,502 - VALO360 - DEBUG - 配置已備份至: backup\setup_backup_20250730_144219.json
2025-07-30 14:42:19,504 - VALO360 - DEBUG - 配置保存成功
2025-07-30 14:42:19,504 - VALO360 - DEBUG - 配置已備份至: backup\setup_backup_20250730_144219.json
2025-07-30 14:42:19,507 - VALO360 - DEBUG - 配置保存成功
2025-07-30 14:42:19,507 - VALO360 - DEBUG - 配置已備份至: backup\setup_backup_20250730_144219.json
2025-07-30 14:42:19,507 - VALO360 - DEBUG - 配置保存成功
2025-07-30 14:42:19,511 - VALO360 - DEBUG - 配置已備份至: backup\setup_backup_20250730_144219.json
2025-07-30 14:42:19,511 - VALO360 - DEBUG - 配置保存成功
2025-07-30 14:42:19,513 - VALO360 - DEBUG - 配置已備份至: backup\setup_backup_20250730_144219.json
2025-07-30 14:42:19,513 - VALO360 - DEBUG - 配置保存成功
2025-07-30 14:42:19,517 - VALO360 - DEBUG - 配置已備份至: backup\setup_backup_20250730_144219.json
2025-07-30 14:42:19,517 - VALO360 - DEBUG - 配置保存成功
2025-07-30 14:42:19,517 - VALO360 - DEBUG - 配置已備份至: backup\setup_backup_20250730_144219.json
2025-07-30 14:42:19,517 - VALO360 - DEBUG - 配置保存成功
2025-07-30 14:42:19,522 - VALO360 - DEBUG - 配置已備份至: backup\setup_backup_20250730_144219.json
2025-07-30 14:42:19,522 - VALO360 - DEBUG - 配置保存成功
2025-07-30 14:42:19,524 - VALO360 - DEBUG - 配置已備份至: backup\setup_backup_20250730_144219.json
2025-07-30 14:42:19,524 - VALO360 - DEBUG - 配置保存成功
2025-07-30 14:42:19,527 - VALO360 - DEBUG - 配置已備份至: backup\setup_backup_20250730_144219.json
2025-07-30 14:42:19,528 - VALO360 - DEBUG - 配置保存成功
2025-07-30 14:42:19,528 - VALO360 - DEBUG - 配置已備份至: backup\setup_backup_20250730_144219.json
2025-07-30 14:42:19,530 - VALO360 - DEBUG - 配置保存成功
2025-07-30 14:42:19,531 - VALO360 - DEBUG - 配置已備份至: backup\setup_backup_20250730_144219.json
2025-07-30 14:42:19,531 - VALO360 - DEBUG - 配置保存成功
2025-07-30 14:42:19,534 - VALO360 - DEBUG - 配置已備份至: backup\setup_backup_20250730_144219.json
2025-07-30 14:42:19,534 - VALO360 - DEBUG - 配置保存成功
2025-07-30 14:42:19,536 - VALO360 - DEBUG - 配置已備份至: backup\setup_backup_20250730_144219.json
2025-07-30 14:42:19,536 - VALO360 - DEBUG - 配置保存成功
2025-07-30 14:42:19,539 - VALO360 - DEBUG - 配置已備份至: backup\setup_backup_20250730_144219.json
2025-07-30 14:42:19,540 - VALO360 - DEBUG - 配置保存成功
2025-07-30 14:42:19,540 - VALO360 - DEBUG - 配置已備份至: backup\setup_backup_20250730_144219.json
2025-07-30 14:42:19,542 - VALO360 - DEBUG - 配置保存成功
2025-07-30 14:42:19,544 - VALO360 - DEBUG - 配置已備份至: backup\setup_backup_20250730_144219.json
2025-07-30 14:42:19,544 - VALO360 - DEBUG - 配置保存成功
2025-07-30 14:42:19,546 - VALO360 - DEBUG - 配置已備份至: backup\setup_backup_20250730_144219.json
2025-07-30 14:42:19,546 - VALO360 - DEBUG - 配置保存成功
2025-07-30 14:42:19,546 - VALO360 - DEBUG - 配置已備份至: backup\setup_backup_20250730_144219.json
2025-07-30 14:42:19,546 - VALO360 - DEBUG - 配置保存成功
2025-07-30 14:42:19,551 - VALO360 - DEBUG - 配置已備份至: backup\setup_backup_20250730_144219.json
2025-07-30 14:42:19,551 - VALO360 - DEBUG - 配置保存成功
2025-07-30 14:42:19,552 - VALO360 - DEBUG - 配置已備份至: backup\setup_backup_20250730_144219.json
2025-07-30 14:42:19,552 - VALO360 - DEBUG - 配置保存成功
2025-07-30 14:42:19,554 - VALO360 - DEBUG - 配置已備份至: backup\setup_backup_20250730_144219.json
2025-07-30 14:42:19,557 - VALO360 - DEBUG - 配置保存成功
2025-07-30 14:42:19,557 - VALO360 - DEBUG - 配置已備份至: backup\setup_backup_20250730_144219.json
2025-07-30 14:42:19,559 - VALO360 - DEBUG - 配置保存成功
2025-07-30 14:42:19,559 - VALO360 - DEBUG - 配置已備份至: backup\setup_backup_20250730_144219.json
2025-07-30 14:42:19,561 - VALO360 - DEBUG - 配置保存成功
2025-07-30 14:42:19,562 - VALO360 - DEBUG - 配置已備份至: backup\setup_backup_20250730_144219.json
2025-07-30 14:42:19,562 - VALO360 - DEBUG - 配置保存成功
2025-07-30 14:42:19,564 - VALO360 - DEBUG - 配置已備份至: backup\setup_backup_20250730_144219.json
2025-07-30 14:42:19,566 - VALO360 - DEBUG - 配置保存成功
2025-07-30 14:42:19,566 - VALO360 - DEBUG - 配置已備份至: backup\setup_backup_20250730_144219.json
2025-07-30 14:42:19,566 - VALO360 - DEBUG - 配置保存成功
2025-07-30 14:42:19,569 - VALO360 - DEBUG - 配置已備份至: backup\setup_backup_20250730_144219.json
2025-07-30 14:42:19,570 - VALO360 - DEBUG - 配置保存成功
2025-07-30 14:42:19,570 - VALO360 - DEBUG - 配置已備份至: backup\setup_backup_20250730_144219.json
2025-07-30 14:42:19,572 - VALO360 - DEBUG - 配置保存成功
2025-07-30 14:42:19,575 - VALO360 - DEBUG - 配置已備份至: backup\setup_backup_20250730_144219.json
2025-07-30 14:42:19,575 - VALO360 - DEBUG - 配置保存成功
2025-07-30 14:42:19,575 - VALO360 - DEBUG - 配置已備份至: backup\setup_backup_20250730_144219.json
2025-07-30 14:42:19,575 - VALO360 - DEBUG - 配置保存成功
2025-07-30 14:42:19,575 - VALO360 - DEBUG - 配置已備份至: backup\setup_backup_20250730_144219.json
2025-07-30 14:42:19,575 - VALO360 - DEBUG - 配置保存成功
2025-07-30 14:42:19,580 - VALO360 - DEBUG - 配置已備份至: backup\setup_backup_20250730_144219.json
2025-07-30 14:42:19,580 - VALO360 - DEBUG - 配置保存成功
2025-07-30 14:42:19,583 - VALO360 - DEBUG - 配置已備份至: backup\setup_backup_20250730_144219.json
2025-07-30 14:42:19,583 - VALO360 - DEBUG - 配置保存成功
2025-07-30 14:42:19,583 - VALO360 - DEBUG - 配置已備份至: backup\setup_backup_20250730_144219.json
2025-07-30 14:42:19,587 - VALO360 - DEBUG - 配置保存成功
2025-07-30 14:42:19,587 - VALO360 - DEBUG - 配置已備份至: backup\setup_backup_20250730_144219.json
2025-07-30 14:42:19,587 - VALO360 - DEBUG - 配置保存成功
2025-07-30 14:42:19,587 - VALO360 - DEBUG - 配置已備份至: backup\setup_backup_20250730_144219.json
2025-07-30 14:42:19,591 - VALO360 - DEBUG - 配置保存成功
2025-07-30 14:42:19,593 - VALO360 - DEBUG - 配置已備份至: backup\setup_backup_20250730_144219.json
2025-07-30 14:42:19,595 - VALO360 - DEBUG - 配置保存成功
2025-07-30 14:42:19,595 - VALO360 - DEBUG - 配置已備份至: backup\setup_backup_20250730_144219.json
2025-07-30 14:42:19,597 - VALO360 - DEBUG - 配置保存成功
2025-07-30 14:42:19,597 - VALO360 - DEBUG - 配置已備份至: backup\setup_backup_20250730_144219.json
2025-07-30 14:42:19,597 - VALO360 - DEBUG - 配置保存成功
2025-07-30 14:42:19,600 - VALO360 - DEBUG - 配置已備份至: backup\setup_backup_20250730_144219.json
2025-07-30 14:42:19,600 - VALO360 - DEBUG - 配置保存成功
2025-07-30 14:42:19,602 - VALO360 - DEBUG - 配置已備份至: backup\setup_backup_20250730_144219.json
2025-07-30 14:42:19,602 - VALO360 - DEBUG - 配置保存成功
2025-07-30 14:42:19,602 - VALO360 - DEBUG - 配置已備份至: backup\setup_backup_20250730_144219.json
2025-07-30 14:42:19,602 - VALO360 - DEBUG - 配置保存成功
2025-07-30 14:42:19,607 - VALO360 - DEBUG - 配置已備份至: backup\setup_backup_20250730_144219.json
2025-07-30 14:42:19,609 - VALO360 - DEBUG - 配置保存成功
2025-07-30 14:42:19,610 - VALO360 - DEBUG - 配置已備份至: backup\setup_backup_20250730_144219.json
2025-07-30 14:42:19,610 - VALO360 - DEBUG - 配置保存成功
2025-07-30 14:42:19,667 - VALO360 - DEBUG - 配置已備份至: backup\setup_backup_20250730_144219.json
2025-07-30 14:42:19,668 - VALO360 - DEBUG - 配置保存成功
2025-07-30 14:42:19,669 - VALO360 - DEBUG - 配置已備份至: backup\setup_backup_20250730_144219.json
2025-07-30 14:42:19,670 - VALO360 - DEBUG - 配置保存成功
2025-07-30 14:42:19,672 - VALO360 - DEBUG - 配置已備份至: backup\setup_backup_20250730_144219.json
2025-07-30 14:42:19,673 - VALO360 - DEBUG - 配置保存成功
2025-07-30 14:42:19,675 - VALO360 - DEBUG - 配置已備份至: backup\setup_backup_20250730_144219.json
2025-07-30 14:42:19,676 - VALO360 - DEBUG - 配置保存成功
2025-07-30 14:42:19,681 - VALO360 - DEBUG - 配置已備份至: backup\setup_backup_20250730_144219.json
2025-07-30 14:42:19,682 - VALO360 - DEBUG - 配置保存成功
2025-07-30 14:42:19,683 - VALO360 - DEBUG - 配置已備份至: backup\setup_backup_20250730_144219.json
2025-07-30 14:42:19,684 - VALO360 - DEBUG - 配置保存成功
2025-07-30 14:42:19,685 - VALO360 - DEBUG - 配置已備份至: backup\setup_backup_20250730_144219.json
2025-07-30 14:42:19,686 - VALO360 - DEBUG - 配置保存成功
2025-07-30 14:42:19,687 - VALO360 - DEBUG - 配置已備份至: backup\setup_backup_20250730_144219.json
2025-07-30 14:42:19,688 - VALO360 - DEBUG - 配置保存成功
2025-07-30 14:42:19,694 - VALO360 - DEBUG - 配置已備份至: backup\setup_backup_20250730_144219.json
2025-07-30 14:42:19,695 - VALO360 - DEBUG - 配置保存成功
2025-07-30 14:42:19,695 - VALO360 - DEBUG - 配置已備份至: backup\setup_backup_20250730_144219.json
2025-07-30 14:42:19,695 - VALO360 - DEBUG - 配置保存成功
2025-07-30 14:42:19,698 - VALO360 - DEBUG - 配置已備份至: backup\setup_backup_20250730_144219.json
2025-07-30 14:42:19,698 - VALO360 - DEBUG - 配置保存成功
2025-07-30 14:42:19,700 - VALO360 - DEBUG - 配置已備份至: backup\setup_backup_20250730_144219.json
2025-07-30 14:42:19,700 - VALO360 - DEBUG - 配置保存成功
2025-07-30 14:42:19,704 - VALO360 - DEBUG - 配置已備份至: backup\setup_backup_20250730_144219.json
2025-07-30 14:42:19,707 - VALO360 - DEBUG - 配置保存成功
2025-07-30 14:42:19,708 - VALO360 - DEBUG - 配置已備份至: backup\setup_backup_20250730_144219.json
2025-07-30 14:42:19,708 - VALO360 - DEBUG - 配置保存成功
2025-07-30 14:42:19,708 - VALO360 - DEBUG - 配置已備份至: backup\setup_backup_20250730_144219.json
2025-07-30 14:42:19,708 - VALO360 - DEBUG - 配置保存成功
2025-07-30 14:42:19,715 - VALO360 - DEBUG - 配置已備份至: backup\setup_backup_20250730_144219.json
2025-07-30 14:42:19,716 - VALO360 - DEBUG - 配置保存成功
2025-07-30 14:42:19,721 - VALO360 - DEBUG - 配置已備份至: backup\setup_backup_20250730_144219.json
2025-07-30 14:42:19,723 - VALO360 - DEBUG - 配置保存成功
2025-07-30 14:42:19,726 - VALO360 - DEBUG - 配置已備份至: backup\setup_backup_20250730_144219.json
2025-07-30 14:42:19,729 - VALO360 - DEBUG - 配置保存成功
2025-07-30 14:42:19,730 - VALO360 - DEBUG - 配置已備份至: backup\setup_backup_20250730_144219.json
2025-07-30 14:42:19,730 - VALO360 - DEBUG - 配置保存成功
2025-07-30 14:42:19,732 - VALO360 - DEBUG - 配置已備份至: backup\setup_backup_20250730_144219.json
2025-07-30 14:42:19,732 - VALO360 - DEBUG - 配置保存成功
2025-07-30 14:42:19,734 - VALO360 - DEBUG - 配置已備份至: backup\setup_backup_20250730_144219.json
2025-07-30 14:42:19,734 - VALO360 - DEBUG - 配置保存成功
2025-07-30 14:42:19,736 - VALO360 - DEBUG - 配置已備份至: backup\setup_backup_20250730_144219.json
2025-07-30 14:42:19,736 - VALO360 - DEBUG - 配置保存成功
2025-07-30 14:42:19,738 - VALO360 - DEBUG - 配置已備份至: backup\setup_backup_20250730_144219.json
2025-07-30 14:42:19,740 - VALO360 - DEBUG - 配置保存成功
2025-07-30 14:42:19,741 - VALO360 - DEBUG - 配置已備份至: backup\setup_backup_20250730_144219.json
2025-07-30 14:42:19,743 - VALO360 - DEBUG - 配置保存成功
2025-07-30 14:42:19,748 - VALO360 - DEBUG - 配置已備份至: backup\setup_backup_20250730_144219.json
2025-07-30 14:42:19,750 - VALO360 - DEBUG - 配置保存成功
2025-07-30 14:42:19,751 - VALO360 - DEBUG - 配置已備份至: backup\setup_backup_20250730_144219.json
2025-07-30 14:42:19,753 - VALO360 - DEBUG - 配置保存成功
2025-07-30 14:42:19,755 - VALO360 - DEBUG - 配置已備份至: backup\setup_backup_20250730_144219.json
2025-07-30 14:42:19,757 - VALO360 - DEBUG - 配置保存成功
2025-07-30 14:42:19,760 - VALO360 - DEBUG - 配置已備份至: backup\setup_backup_20250730_144219.json
2025-07-30 14:42:19,760 - VALO360 - DEBUG - 配置保存成功
2025-07-30 14:42:19,766 - VALO360 - DEBUG - 配置已備份至: backup\setup_backup_20250730_144219.json
2025-07-30 14:42:19,768 - VALO360 - DEBUG - 配置保存成功
2025-07-30 14:42:19,768 - VALO360 - DEBUG - 配置已備份至: backup\setup_backup_20250730_144219.json
2025-07-30 14:42:19,770 - VALO360 - DEBUG - 配置保存成功
2025-07-30 14:42:19,773 - VALO360 - DEBUG - 配置已備份至: backup\setup_backup_20250730_144219.json
2025-07-30 14:42:19,773 - VALO360 - DEBUG - 配置保存成功
2025-07-30 14:42:19,776 - VALO360 - DEBUG - 配置已備份至: backup\setup_backup_20250730_144219.json
2025-07-30 14:42:19,778 - VALO360 - DEBUG - 配置保存成功
2025-07-30 14:42:19,780 - VALO360 - DEBUG - 配置已備份至: backup\setup_backup_20250730_144219.json
2025-07-30 14:42:19,783 - VALO360 - DEBUG - 配置保存成功
2025-07-30 14:42:19,783 - VALO360 - DEBUG - 配置已備份至: backup\setup_backup_20250730_144219.json
2025-07-30 14:42:19,785 - VALO360 - DEBUG - 配置保存成功
2025-07-30 14:42:19,786 - VALO360 - DEBUG - 配置已備份至: backup\setup_backup_20250730_144219.json
2025-07-30 14:42:19,787 - VALO360 - DEBUG - 配置保存成功
2025-07-30 14:42:19,787 - VALO360 - DEBUG - 配置已備份至: backup\setup_backup_20250730_144219.json
2025-07-30 14:42:19,792 - VALO360 - DEBUG - 配置保存成功
2025-07-30 14:42:19,793 - VALO360 - DEBUG - 配置已備份至: backup\setup_backup_20250730_144219.json
2025-07-30 14:42:19,793 - VALO360 - DEBUG - 配置保存成功
2025-07-30 14:42:19,793 - VALO360 - DEBUG - 配置已備份至: backup\setup_backup_20250730_144219.json
2025-07-30 14:42:19,793 - VALO360 - DEBUG - 配置保存成功
2025-07-30 14:42:19,799 - VALO360 - DEBUG - 配置已備份至: backup\setup_backup_20250730_144219.json
2025-07-30 14:42:19,799 - VALO360 - DEBUG - 配置保存成功
2025-07-30 14:42:19,801 - VALO360 - DEBUG - 配置已備份至: backup\setup_backup_20250730_144219.json
2025-07-30 14:42:19,801 - VALO360 - DEBUG - 配置保存成功
2025-07-30 14:42:19,832 - VALO360 - DEBUG - 配置已備份至: backup\setup_backup_20250730_144219.json
2025-07-30 14:42:19,832 - VALO360 - DEBUG - 配置保存成功
2025-07-30 14:42:19,832 - VALO360 - DEBUG - 配置已備份至: backup\setup_backup_20250730_144219.json
2025-07-30 14:42:19,832 - VALO360 - DEBUG - 配置保存成功
2025-07-30 14:42:19,837 - VALO360 - DEBUG - 配置已備份至: backup\setup_backup_20250730_144219.json
2025-07-30 14:42:19,837 - VALO360 - DEBUG - 配置保存成功
2025-07-30 14:42:19,837 - VALO360 - DEBUG - 配置已備份至: backup\setup_backup_20250730_144219.json
2025-07-30 14:42:19,842 - VALO360 - DEBUG - 配置保存成功
2025-07-30 14:42:19,854 - VALO360 - DEBUG - 配置已備份至: backup\setup_backup_20250730_144219.json
2025-07-30 14:42:19,856 - VALO360 - DEBUG - 配置保存成功
2025-07-30 14:42:19,858 - VALO360 - DEBUG - 配置已備份至: backup\setup_backup_20250730_144219.json
2025-07-30 14:42:19,859 - VALO360 - DEBUG - 配置保存成功
2025-07-30 14:42:19,862 - VALO360 - DEBUG - 配置已備份至: backup\setup_backup_20250730_144219.json
2025-07-30 14:42:19,863 - VALO360 - DEBUG - 配置保存成功
2025-07-30 14:42:19,864 - VALO360 - DEBUG - 配置已備份至: backup\setup_backup_20250730_144219.json
2025-07-30 14:42:19,864 - VALO360 - DEBUG - 配置保存成功
2025-07-30 14:42:19,870 - VALO360 - DEBUG - 配置已備份至: backup\setup_backup_20250730_144219.json
2025-07-30 14:42:19,870 - VALO360 - DEBUG - 配置保存成功
2025-07-30 14:42:19,872 - VALO360 - DEBUG - 配置已備份至: backup\setup_backup_20250730_144219.json
2025-07-30 14:42:19,874 - VALO360 - DEBUG - 配置保存成功
2025-07-30 14:42:19,874 - VALO360 - DEBUG - 配置已備份至: backup\setup_backup_20250730_144219.json
2025-07-30 14:42:19,874 - VALO360 - DEBUG - 配置保存成功
2025-07-30 14:42:19,880 - VALO360 - DEBUG - 配置已備份至: backup\setup_backup_20250730_144219.json
2025-07-30 14:42:19,880 - VALO360 - DEBUG - 配置保存成功
2025-07-30 14:42:19,884 - VALO360 - DEBUG - 配置已備份至: backup\setup_backup_20250730_144219.json
2025-07-30 14:42:19,886 - VALO360 - DEBUG - 配置保存成功
2025-07-30 14:42:19,886 - VALO360 - DEBUG - 配置已備份至: backup\setup_backup_20250730_144219.json
2025-07-30 14:42:19,888 - VALO360 - DEBUG - 配置保存成功
2025-07-30 14:42:19,890 - VALO360 - DEBUG - 配置已備份至: backup\setup_backup_20250730_144219.json
2025-07-30 14:42:19,893 - VALO360 - DEBUG - 配置保存成功
2025-07-30 14:42:19,894 - VALO360 - DEBUG - 配置已備份至: backup\setup_backup_20250730_144219.json
2025-07-30 14:42:19,896 - VALO360 - DEBUG - 配置保存成功
2025-07-30 14:42:19,900 - VALO360 - DEBUG - 配置已備份至: backup\setup_backup_20250730_144219.json
2025-07-30 14:42:19,900 - VALO360 - DEBUG - 配置保存成功
2025-07-30 14:42:19,902 - VALO360 - DEBUG - 配置已備份至: backup\setup_backup_20250730_144219.json
2025-07-30 14:42:19,902 - VALO360 - DEBUG - 配置保存成功
2025-07-30 14:42:19,905 - VALO360 - DEBUG - 配置已備份至: backup\setup_backup_20250730_144219.json
2025-07-30 14:42:19,907 - VALO360 - DEBUG - 配置保存成功
2025-07-30 14:42:19,909 - VALO360 - DEBUG - 配置已備份至: backup\setup_backup_20250730_144219.json
2025-07-30 14:42:19,909 - VALO360 - DEBUG - 配置保存成功
2025-07-30 14:42:19,916 - VALO360 - DEBUG - 配置已備份至: backup\setup_backup_20250730_144219.json
2025-07-30 14:42:19,916 - VALO360 - DEBUG - 配置保存成功
2025-07-30 14:42:19,918 - VALO360 - DEBUG - 配置已備份至: backup\setup_backup_20250730_144219.json
2025-07-30 14:42:19,918 - VALO360 - DEBUG - 配置保存成功
2025-07-30 14:42:19,920 - VALO360 - DEBUG - 配置已備份至: backup\setup_backup_20250730_144219.json
2025-07-30 14:42:19,920 - VALO360 - DEBUG - 配置保存成功
2025-07-30 14:42:19,922 - VALO360 - DEBUG - 配置已備份至: backup\setup_backup_20250730_144219.json
2025-07-30 14:42:19,924 - VALO360 - DEBUG - 配置保存成功
2025-07-30 14:42:19,928 - VALO360 - DEBUG - 配置已備份至: backup\setup_backup_20250730_144219.json
2025-07-30 14:42:19,928 - VALO360 - DEBUG - 配置保存成功
2025-07-30 14:42:19,930 - VALO360 - DEBUG - 配置已備份至: backup\setup_backup_20250730_144219.json
2025-07-30 14:42:19,932 - VALO360 - DEBUG - 配置保存成功
2025-07-30 14:42:19,932 - VALO360 - DEBUG - 配置已備份至: backup\setup_backup_20250730_144219.json
2025-07-30 14:42:19,934 - VALO360 - DEBUG - 配置保存成功
2025-07-30 14:42:19,934 - VALO360 - DEBUG - 配置已備份至: backup\setup_backup_20250730_144219.json
2025-07-30 14:42:19,936 - VALO360 - DEBUG - 配置保存成功
2025-07-30 14:42:19,942 - VALO360 - DEBUG - 配置已備份至: backup\setup_backup_20250730_144219.json
2025-07-30 14:42:19,942 - VALO360 - DEBUG - 配置保存成功
2025-07-30 14:42:19,944 - VALO360 - DEBUG - 配置已備份至: backup\setup_backup_20250730_144219.json
2025-07-30 14:42:19,944 - VALO360 - DEBUG - 配置保存成功
2025-07-30 14:42:19,944 - VALO360 - DEBUG - 配置已備份至: backup\setup_backup_20250730_144219.json
2025-07-30 14:42:19,944 - VALO360 - DEBUG - 配置保存成功
2025-07-30 14:42:19,949 - VALO360 - DEBUG - 配置已備份至: backup\setup_backup_20250730_144219.json
2025-07-30 14:42:19,949 - VALO360 - DEBUG - 配置保存成功
2025-07-30 14:42:19,955 - VALO360 - DEBUG - 配置已備份至: backup\setup_backup_20250730_144219.json
2025-07-30 14:42:19,955 - VALO360 - DEBUG - 配置保存成功
2025-07-30 14:42:19,955 - VALO360 - DEBUG - 配置已備份至: backup\setup_backup_20250730_144219.json
2025-07-30 14:42:19,955 - VALO360 - DEBUG - 配置保存成功
2025-07-30 14:42:19,955 - VALO360 - DEBUG - 配置已備份至: backup\setup_backup_20250730_144219.json
2025-07-30 14:42:19,955 - VALO360 - DEBUG - 配置保存成功
2025-07-30 14:42:19,962 - VALO360 - DEBUG - 配置已備份至: backup\setup_backup_20250730_144219.json
2025-07-30 14:42:19,962 - VALO360 - DEBUG - 配置保存成功
2025-07-30 14:42:19,967 - VALO360 - DEBUG - 配置已備份至: backup\setup_backup_20250730_144219.json
2025-07-30 14:42:19,967 - VALO360 - DEBUG - 配置保存成功
2025-07-30 14:42:19,967 - VALO360 - DEBUG - 配置已備份至: backup\setup_backup_20250730_144219.json
2025-07-30 14:42:19,967 - VALO360 - DEBUG - 配置保存成功
2025-07-30 14:42:19,971 - VALO360 - DEBUG - 配置已備份至: backup\setup_backup_20250730_144219.json
2025-07-30 14:42:19,972 - VALO360 - DEBUG - 配置保存成功
2025-07-30 14:42:19,973 - VALO360 - DEBUG - 配置已備份至: backup\setup_backup_20250730_144219.json
2025-07-30 14:42:19,975 - VALO360 - DEBUG - 配置保存成功
2025-07-30 14:42:19,985 - VALO360 - DEBUG - 配置已備份至: backup\setup_backup_20250730_144219.json
2025-07-30 14:42:19,985 - VALO360 - DEBUG - 配置保存成功
2025-07-30 14:42:19,985 - VALO360 - DEBUG - 配置已備份至: backup\setup_backup_20250730_144219.json
2025-07-30 14:42:19,989 - VALO360 - DEBUG - 配置保存成功
2025-07-30 14:42:19,991 - VALO360 - DEBUG - 配置已備份至: backup\setup_backup_20250730_144219.json
2025-07-30 14:42:19,993 - VALO360 - DEBUG - 配置保存成功
2025-07-30 14:42:19,995 - VALO360 - DEBUG - 配置已備份至: backup\setup_backup_20250730_144219.json
2025-07-30 14:42:19,995 - VALO360 - DEBUG - 配置保存成功
2025-07-30 14:42:20,001 - VALO360 - DEBUG - 配置已備份至: backup\setup_backup_20250730_144220.json
2025-07-30 14:42:20,001 - VALO360 - DEBUG - 配置保存成功
2025-07-30 14:42:20,003 - VALO360 - DEBUG - 配置已備份至: backup\setup_backup_20250730_144220.json
2025-07-30 14:42:20,003 - VALO360 - DEBUG - 配置保存成功
2025-07-30 14:42:20,008 - VALO360 - DEBUG - 配置已備份至: backup\setup_backup_20250730_144220.json
2025-07-30 14:42:20,008 - VALO360 - DEBUG - 配置保存成功
2025-07-30 14:42:20,008 - VALO360 - DEBUG - 配置已備份至: backup\setup_backup_20250730_144220.json
2025-07-30 14:42:20,008 - VALO360 - DEBUG - 配置保存成功
2025-07-30 14:42:20,015 - VALO360 - DEBUG - 配置已備份至: backup\setup_backup_20250730_144220.json
2025-07-30 14:42:20,015 - VALO360 - DEBUG - 配置保存成功
2025-07-30 14:42:20,015 - VALO360 - DEBUG - 配置已備份至: backup\setup_backup_20250730_144220.json
2025-07-30 14:42:20,019 - VALO360 - DEBUG - 配置保存成功
2025-07-30 14:42:20,019 - VALO360 - DEBUG - 配置已備份至: backup\setup_backup_20250730_144220.json
2025-07-30 14:42:20,021 - VALO360 - DEBUG - 配置保存成功
2025-07-30 14:42:20,022 - VALO360 - DEBUG - 配置已備份至: backup\setup_backup_20250730_144220.json
2025-07-30 14:42:20,024 - VALO360 - DEBUG - 配置保存成功
2025-07-30 14:42:20,029 - VALO360 - DEBUG - 配置已備份至: backup\setup_backup_20250730_144220.json
2025-07-30 14:42:20,029 - VALO360 - DEBUG - 配置保存成功
2025-07-30 14:42:20,031 - VALO360 - DEBUG - 配置已備份至: backup\setup_backup_20250730_144220.json
2025-07-30 14:42:20,031 - VALO360 - DEBUG - 配置保存成功
2025-07-30 14:42:20,034 - VALO360 - DEBUG - 配置已備份至: backup\setup_backup_20250730_144220.json
2025-07-30 14:42:20,035 - VALO360 - DEBUG - 配置保存成功
2025-07-30 14:42:20,035 - VALO360 - DEBUG - 配置已備份至: backup\setup_backup_20250730_144220.json
2025-07-30 14:42:20,037 - VALO360 - DEBUG - 配置保存成功
2025-07-30 14:42:20,043 - VALO360 - DEBUG - 配置已備份至: backup\setup_backup_20250730_144220.json
2025-07-30 14:42:20,043 - VALO360 - DEBUG - 配置保存成功
2025-07-30 14:42:20,045 - VALO360 - DEBUG - 配置已備份至: backup\setup_backup_20250730_144220.json
2025-07-30 14:42:20,045 - VALO360 - DEBUG - 配置保存成功
2025-07-30 14:42:20,048 - VALO360 - DEBUG - 配置已備份至: backup\setup_backup_20250730_144220.json
2025-07-30 14:42:20,049 - VALO360 - DEBUG - 配置保存成功
2025-07-30 14:42:20,049 - VALO360 - DEBUG - 配置已備份至: backup\setup_backup_20250730_144220.json
2025-07-30 14:42:20,051 - VALO360 - DEBUG - 配置保存成功
2025-07-30 14:42:20,055 - VALO360 - DEBUG - 配置已備份至: backup\setup_backup_20250730_144220.json
2025-07-30 14:42:20,057 - VALO360 - DEBUG - 配置保存成功
2025-07-30 14:42:20,059 - VALO360 - DEBUG - 配置已備份至: backup\setup_backup_20250730_144220.json
2025-07-30 14:42:20,060 - VALO360 - DEBUG - 配置保存成功
2025-07-30 14:42:20,060 - VALO360 - DEBUG - 配置已備份至: backup\setup_backup_20250730_144220.json
2025-07-30 14:42:20,062 - VALO360 - DEBUG - 配置保存成功
2025-07-30 14:42:20,062 - VALO360 - DEBUG - 配置已備份至: backup\setup_backup_20250730_144220.json
2025-07-30 14:42:20,062 - VALO360 - DEBUG - 配置保存成功
2025-07-30 14:42:20,078 - VALO360 - DEBUG - 配置已備份至: backup\setup_backup_20250730_144220.json
2025-07-30 14:42:20,078 - VALO360 - DEBUG - 配置保存成功
2025-07-30 14:42:20,080 - VALO360 - DEBUG - 配置已備份至: backup\setup_backup_20250730_144220.json
2025-07-30 14:42:20,082 - VALO360 - DEBUG - 配置保存成功
2025-07-30 14:42:20,082 - VALO360 - DEBUG - 配置已備份至: backup\setup_backup_20250730_144220.json
2025-07-30 14:42:20,082 - VALO360 - DEBUG - 配置保存成功
2025-07-30 14:42:20,085 - VALO360 - DEBUG - 配置已備份至: backup\setup_backup_20250730_144220.json
2025-07-30 14:42:20,085 - VALO360 - DEBUG - 配置保存成功
2025-07-30 14:42:20,090 - VALO360 - DEBUG - 配置已備份至: backup\setup_backup_20250730_144220.json
2025-07-30 14:42:20,090 - VALO360 - DEBUG - 配置保存成功
2025-07-30 14:42:20,092 - VALO360 - DEBUG - 配置已備份至: backup\setup_backup_20250730_144220.json
2025-07-30 14:42:20,092 - VALO360 - DEBUG - 配置保存成功
2025-07-30 14:42:20,092 - VALO360 - DEBUG - 配置已備份至: backup\setup_backup_20250730_144220.json
2025-07-30 14:42:20,095 - VALO360 - DEBUG - 配置保存成功
2025-07-30 14:42:20,095 - VALO360 - DEBUG - 配置已備份至: backup\setup_backup_20250730_144220.json
2025-07-30 14:42:20,098 - VALO360 - DEBUG - 配置保存成功
2025-07-30 14:42:20,102 - VALO360 - DEBUG - 配置已備份至: backup\setup_backup_20250730_144220.json
2025-07-30 14:42:20,102 - VALO360 - DEBUG - 配置保存成功
2025-07-30 14:42:20,106 - VALO360 - DEBUG - 配置已備份至: backup\setup_backup_20250730_144220.json
2025-07-30 14:42:20,106 - VALO360 - DEBUG - 配置保存成功
2025-07-30 14:42:20,108 - VALO360 - DEBUG - 配置已備份至: backup\setup_backup_20250730_144220.json
2025-07-30 14:42:20,108 - VALO360 - DEBUG - 配置保存成功
2025-07-30 14:42:20,110 - VALO360 - DEBUG - 配置已備份至: backup\setup_backup_20250730_144220.json
2025-07-30 14:42:20,110 - VALO360 - DEBUG - 配置保存成功
2025-07-30 14:42:20,115 - VALO360 - DEBUG - 配置已備份至: backup\setup_backup_20250730_144220.json
2025-07-30 14:42:20,116 - VALO360 - DEBUG - 配置保存成功
2025-07-30 14:42:20,116 - VALO360 - DEBUG - 配置已備份至: backup\setup_backup_20250730_144220.json
2025-07-30 14:42:20,118 - VALO360 - DEBUG - 配置保存成功
2025-07-30 14:42:20,118 - VALO360 - DEBUG - 配置已備份至: backup\setup_backup_20250730_144220.json
2025-07-30 14:42:20,120 - VALO360 - DEBUG - 配置保存成功
2025-07-30 14:42:20,120 - VALO360 - DEBUG - 配置已備份至: backup\setup_backup_20250730_144220.json
2025-07-30 14:42:20,122 - VALO360 - DEBUG - 配置保存成功
2025-07-30 14:42:20,126 - VALO360 - DEBUG - 配置已備份至: backup\setup_backup_20250730_144220.json
2025-07-30 14:42:20,126 - VALO360 - DEBUG - 配置保存成功
2025-07-30 14:42:20,128 - VALO360 - DEBUG - 配置已備份至: backup\setup_backup_20250730_144220.json
2025-07-30 14:42:20,128 - VALO360 - DEBUG - 配置保存成功
2025-07-30 14:42:20,130 - VALO360 - DEBUG - 配置已備份至: backup\setup_backup_20250730_144220.json
2025-07-30 14:42:20,130 - VALO360 - DEBUG - 配置保存成功
2025-07-30 14:42:20,132 - VALO360 - DEBUG - 配置已備份至: backup\setup_backup_20250730_144220.json
2025-07-30 14:42:20,132 - VALO360 - DEBUG - 配置保存成功
2025-07-30 14:42:20,137 - VALO360 - DEBUG - 配置已備份至: backup\setup_backup_20250730_144220.json
2025-07-30 14:42:20,137 - VALO360 - DEBUG - 配置保存成功
2025-07-30 14:42:20,141 - VALO360 - DEBUG - 配置已備份至: backup\setup_backup_20250730_144220.json
2025-07-30 14:42:20,143 - VALO360 - DEBUG - 配置保存成功
2025-07-30 14:42:20,144 - VALO360 - DEBUG - 配置已備份至: backup\setup_backup_20250730_144220.json
2025-07-30 14:42:20,144 - VALO360 - DEBUG - 配置保存成功
2025-07-30 14:42:20,145 - VALO360 - DEBUG - 配置已備份至: backup\setup_backup_20250730_144220.json
2025-07-30 14:42:20,147 - VALO360 - DEBUG - 配置保存成功
2025-07-30 14:42:20,190 - VALO360 - DEBUG - 配置已備份至: backup\setup_backup_20250730_144220.json
2025-07-30 14:42:20,192 - VALO360 - DEBUG - 配置保存成功
2025-07-30 14:42:20,192 - VALO360 - DEBUG - 配置已備份至: backup\setup_backup_20250730_144220.json
2025-07-30 14:42:20,194 - VALO360 - DEBUG - 配置保存成功
2025-07-30 14:42:20,194 - VALO360 - DEBUG - 配置已備份至: backup\setup_backup_20250730_144220.json
2025-07-30 14:42:20,194 - VALO360 - DEBUG - 配置保存成功
2025-07-30 14:42:20,197 - VALO360 - DEBUG - 配置已備份至: backup\setup_backup_20250730_144220.json
2025-07-30 14:42:20,199 - VALO360 - DEBUG - 配置保存成功
2025-07-30 14:42:20,201 - VALO360 - DEBUG - 配置已備份至: backup\setup_backup_20250730_144220.json
2025-07-30 14:42:20,202 - VALO360 - DEBUG - 配置保存成功
2025-07-30 14:42:20,202 - VALO360 - DEBUG - 配置已備份至: backup\setup_backup_20250730_144220.json
2025-07-30 14:42:20,202 - VALO360 - DEBUG - 配置保存成功
2025-07-30 14:42:20,206 - VALO360 - DEBUG - 配置已備份至: backup\setup_backup_20250730_144220.json
2025-07-30 14:42:20,208 - VALO360 - DEBUG - 配置保存成功
2025-07-30 14:42:20,208 - VALO360 - DEBUG - 配置已備份至: backup\setup_backup_20250730_144220.json
2025-07-30 14:42:20,211 - VALO360 - DEBUG - 配置保存成功
2025-07-30 14:42:20,213 - VALO360 - DEBUG - 配置已備份至: backup\setup_backup_20250730_144220.json
2025-07-30 14:42:20,213 - VALO360 - DEBUG - 配置保存成功
2025-07-30 14:42:20,214 - VALO360 - DEBUG - 配置已備份至: backup\setup_backup_20250730_144220.json
2025-07-30 14:42:20,214 - VALO360 - DEBUG - 配置保存成功
2025-07-30 14:42:20,214 - VALO360 - DEBUG - 配置已備份至: backup\setup_backup_20250730_144220.json
2025-07-30 14:42:20,214 - VALO360 - DEBUG - 配置保存成功
2025-07-30 14:42:20,218 - VALO360 - DEBUG - 配置已備份至: backup\setup_backup_20250730_144220.json
2025-07-30 14:42:20,219 - VALO360 - DEBUG - 配置保存成功
2025-07-30 14:42:20,221 - VALO360 - DEBUG - 配置已備份至: backup\setup_backup_20250730_144220.json
2025-07-30 14:42:20,223 - VALO360 - DEBUG - 配置保存成功
2025-07-30 14:42:20,223 - VALO360 - DEBUG - 配置已備份至: backup\setup_backup_20250730_144220.json
2025-07-30 14:42:20,223 - VALO360 - DEBUG - 配置保存成功
2025-07-30 14:42:20,227 - VALO360 - DEBUG - 配置已備份至: backup\setup_backup_20250730_144220.json
2025-07-30 14:42:20,227 - VALO360 - DEBUG - 配置保存成功
2025-07-30 14:42:20,228 - VALO360 - DEBUG - 配置已備份至: backup\setup_backup_20250730_144220.json
2025-07-30 14:42:20,228 - VALO360 - DEBUG - 配置保存成功
2025-07-30 14:42:20,228 - VALO360 - DEBUG - 配置已備份至: backup\setup_backup_20250730_144220.json
2025-07-30 14:42:20,228 - VALO360 - DEBUG - 配置保存成功
2025-07-30 14:42:20,234 - VALO360 - DEBUG - 配置已備份至: backup\setup_backup_20250730_144220.json
2025-07-30 14:42:20,234 - VALO360 - DEBUG - 配置保存成功
2025-07-30 14:42:20,236 - VALO360 - DEBUG - 配置已備份至: backup\setup_backup_20250730_144220.json
2025-07-30 14:42:20,236 - VALO360 - DEBUG - 配置保存成功
2025-07-30 14:42:20,237 - VALO360 - DEBUG - 配置已備份至: backup\setup_backup_20250730_144220.json
2025-07-30 14:42:20,239 - VALO360 - DEBUG - 配置保存成功
2025-07-30 14:42:20,242 - VALO360 - DEBUG - 配置已備份至: backup\setup_backup_20250730_144220.json
2025-07-30 14:42:20,244 - VALO360 - DEBUG - 配置保存成功
2025-07-30 14:42:20,244 - VALO360 - DEBUG - 配置已備份至: backup\setup_backup_20250730_144220.json
2025-07-30 14:42:20,246 - VALO360 - DEBUG - 配置保存成功
2025-07-30 14:42:20,246 - VALO360 - DEBUG - 配置已備份至: backup\setup_backup_20250730_144220.json
2025-07-30 14:42:20,246 - VALO360 - DEBUG - 配置保存成功
2025-07-30 14:42:20,249 - VALO360 - DEBUG - 配置已備份至: backup\setup_backup_20250730_144220.json
2025-07-30 14:42:20,249 - VALO360 - DEBUG - 配置保存成功
2025-07-30 14:42:20,251 - VALO360 - DEBUG - 配置已備份至: backup\setup_backup_20250730_144220.json
2025-07-30 14:42:20,253 - VALO360 - DEBUG - 配置保存成功
2025-07-30 14:42:20,253 - VALO360 - DEBUG - 配置已備份至: backup\setup_backup_20250730_144220.json
2025-07-30 14:42:20,255 - VALO360 - DEBUG - 配置保存成功
2025-07-30 14:42:20,257 - VALO360 - DEBUG - 配置已備份至: backup\setup_backup_20250730_144220.json
2025-07-30 14:42:20,257 - VALO360 - DEBUG - 配置保存成功
2025-07-30 14:42:20,259 - VALO360 - DEBUG - 配置已備份至: backup\setup_backup_20250730_144220.json
2025-07-30 14:42:20,261 - VALO360 - DEBUG - 配置保存成功
2025-07-30 14:42:20,262 - VALO360 - DEBUG - 配置已備份至: backup\setup_backup_20250730_144220.json
2025-07-30 14:42:20,266 - VALO360 - DEBUG - 配置保存成功
2025-07-30 14:42:20,267 - VALO360 - DEBUG - 配置已備份至: backup\setup_backup_20250730_144220.json
2025-07-30 14:42:20,267 - VALO360 - DEBUG - 配置保存成功
2025-07-30 14:42:20,269 - VALO360 - DEBUG - 配置已備份至: backup\setup_backup_20250730_144220.json
2025-07-30 14:42:20,271 - VALO360 - DEBUG - 配置保存成功
2025-07-30 14:42:20,273 - VALO360 - DEBUG - 配置已備份至: backup\setup_backup_20250730_144220.json
2025-07-30 14:42:20,275 - VALO360 - DEBUG - 配置保存成功
2025-07-30 14:42:20,278 - VALO360 - DEBUG - 配置已備份至: backup\setup_backup_20250730_144220.json
2025-07-30 14:42:20,278 - VALO360 - DEBUG - 配置保存成功
2025-07-30 14:42:20,280 - VALO360 - DEBUG - 配置已備份至: backup\setup_backup_20250730_144220.json
2025-07-30 14:42:20,282 - VALO360 - DEBUG - 配置保存成功
2025-07-30 14:42:20,284 - VALO360 - DEBUG - 配置已備份至: backup\setup_backup_20250730_144220.json
2025-07-30 14:42:20,285 - VALO360 - DEBUG - 配置保存成功
2025-07-30 14:42:20,285 - VALO360 - DEBUG - 配置已備份至: backup\setup_backup_20250730_144220.json
2025-07-30 14:42:20,285 - VALO360 - DEBUG - 配置保存成功
2025-07-30 14:42:20,291 - VALO360 - DEBUG - 配置已備份至: backup\setup_backup_20250730_144220.json
2025-07-30 14:42:20,291 - VALO360 - DEBUG - 配置保存成功
2025-07-30 14:42:20,291 - VALO360 - DEBUG - 配置已備份至: backup\setup_backup_20250730_144220.json
2025-07-30 14:42:20,295 - VALO360 - DEBUG - 配置保存成功
2025-07-30 14:42:20,295 - VALO360 - DEBUG - 配置已備份至: backup\setup_backup_20250730_144220.json
2025-07-30 14:42:20,295 - VALO360 - DEBUG - 配置保存成功
2025-07-30 14:42:20,299 - VALO360 - DEBUG - 配置已備份至: backup\setup_backup_20250730_144220.json
2025-07-30 14:42:20,300 - VALO360 - DEBUG - 配置保存成功
2025-07-30 14:42:20,301 - VALO360 - DEBUG - 配置已備份至: backup\setup_backup_20250730_144220.json
2025-07-30 14:42:20,306 - VALO360 - DEBUG - 配置保存成功
2025-07-30 14:42:20,306 - VALO360 - DEBUG - 配置已備份至: backup\setup_backup_20250730_144220.json
2025-07-30 14:42:20,306 - VALO360 - DEBUG - 配置保存成功
2025-07-30 14:42:20,310 - VALO360 - DEBUG - 配置已備份至: backup\setup_backup_20250730_144220.json
2025-07-30 14:42:20,311 - VALO360 - DEBUG - 配置保存成功
2025-07-30 14:42:20,311 - VALO360 - DEBUG - 配置已備份至: backup\setup_backup_20250730_144220.json
2025-07-30 14:42:20,311 - VALO360 - DEBUG - 配置保存成功
2025-07-30 14:42:20,314 - VALO360 - DEBUG - 配置已備份至: backup\setup_backup_20250730_144220.json
2025-07-30 14:42:20,316 - VALO360 - DEBUG - 配置保存成功
2025-07-30 14:42:20,316 - VALO360 - DEBUG - 配置已備份至: backup\setup_backup_20250730_144220.json
2025-07-30 14:42:20,318 - VALO360 - DEBUG - 配置保存成功
2025-07-30 14:42:20,318 - VALO360 - DEBUG - 配置已備份至: backup\setup_backup_20250730_144220.json
2025-07-30 14:42:20,320 - VALO360 - DEBUG - 配置保存成功
2025-07-30 14:42:20,320 - VALO360 - DEBUG - 配置已備份至: backup\setup_backup_20250730_144220.json
2025-07-30 14:42:20,322 - VALO360 - DEBUG - 配置保存成功
2025-07-30 14:42:20,326 - VALO360 - DEBUG - 配置已備份至: backup\setup_backup_20250730_144220.json
2025-07-30 14:42:20,326 - VALO360 - DEBUG - 配置保存成功
2025-07-30 14:42:20,328 - VALO360 - DEBUG - 配置已備份至: backup\setup_backup_20250730_144220.json
2025-07-30 14:42:20,330 - VALO360 - DEBUG - 配置保存成功
2025-07-30 14:42:20,330 - VALO360 - DEBUG - 配置已備份至: backup\setup_backup_20250730_144220.json
2025-07-30 14:42:20,332 - VALO360 - DEBUG - 配置保存成功
2025-07-30 14:42:20,334 - VALO360 - DEBUG - 配置已備份至: backup\setup_backup_20250730_144220.json
2025-07-30 14:42:20,334 - VALO360 - DEBUG - 配置保存成功
2025-07-30 14:42:20,336 - VALO360 - DEBUG - 配置已備份至: backup\setup_backup_20250730_144220.json
2025-07-30 14:42:20,338 - VALO360 - DEBUG - 配置保存成功
2025-07-30 14:42:20,340 - VALO360 - DEBUG - 配置已備份至: backup\setup_backup_20250730_144220.json
2025-07-30 14:42:20,340 - VALO360 - DEBUG - 配置保存成功
2025-07-30 14:42:20,343 - VALO360 - DEBUG - 配置已備份至: backup\setup_backup_20250730_144220.json
2025-07-30 14:42:20,344 - VALO360 - DEBUG - 配置保存成功
2025-07-30 14:42:20,345 - VALO360 - DEBUG - 配置已備份至: backup\setup_backup_20250730_144220.json
2025-07-30 14:42:20,345 - VALO360 - DEBUG - 配置保存成功
2025-07-30 14:42:20,350 - VALO360 - DEBUG - 配置已備份至: backup\setup_backup_20250730_144220.json
2025-07-30 14:42:20,352 - VALO360 - DEBUG - 配置保存成功
2025-07-30 14:42:20,352 - VALO360 - DEBUG - 配置已備份至: backup\setup_backup_20250730_144220.json
2025-07-30 14:42:20,354 - VALO360 - DEBUG - 配置保存成功
2025-07-30 14:42:20,357 - VALO360 - DEBUG - 配置已備份至: backup\setup_backup_20250730_144220.json
2025-07-30 14:42:20,357 - VALO360 - DEBUG - 配置保存成功
2025-07-30 14:42:20,359 - VALO360 - DEBUG - 配置已備份至: backup\setup_backup_20250730_144220.json
2025-07-30 14:42:20,360 - VALO360 - DEBUG - 配置保存成功
2025-07-30 14:42:20,362 - VALO360 - DEBUG - 配置已備份至: backup\setup_backup_20250730_144220.json
2025-07-30 14:42:20,364 - VALO360 - DEBUG - 配置保存成功
2025-07-30 14:42:20,366 - VALO360 - DEBUG - 配置已備份至: backup\setup_backup_20250730_144220.json
2025-07-30 14:42:20,366 - VALO360 - DEBUG - 配置保存成功
2025-07-30 14:42:20,366 - VALO360 - DEBUG - 配置已備份至: backup\setup_backup_20250730_144220.json
2025-07-30 14:42:20,366 - VALO360 - DEBUG - 配置保存成功
2025-07-30 14:42:20,371 - VALO360 - DEBUG - 配置已備份至: backup\setup_backup_20250730_144220.json
2025-07-30 14:42:20,373 - VALO360 - DEBUG - 配置保存成功
2025-07-30 14:42:20,375 - VALO360 - DEBUG - 配置已備份至: backup\setup_backup_20250730_144220.json
2025-07-30 14:42:20,375 - VALO360 - DEBUG - 配置保存成功
2025-07-30 14:42:20,377 - VALO360 - DEBUG - 配置已備份至: backup\setup_backup_20250730_144220.json
2025-07-30 14:42:20,377 - VALO360 - DEBUG - 配置保存成功
2025-07-30 14:42:20,380 - VALO360 - DEBUG - 配置已備份至: backup\setup_backup_20250730_144220.json
2025-07-30 14:42:20,381 - VALO360 - DEBUG - 配置保存成功
2025-07-30 14:42:20,383 - VALO360 - DEBUG - 配置已備份至: backup\setup_backup_20250730_144220.json
2025-07-30 14:42:20,383 - VALO360 - DEBUG - 配置保存成功
2025-07-30 14:42:20,387 - VALO360 - DEBUG - 配置已備份至: backup\setup_backup_20250730_144220.json
2025-07-30 14:42:20,387 - VALO360 - DEBUG - 配置保存成功
2025-07-30 14:42:20,389 - VALO360 - DEBUG - 配置已備份至: backup\setup_backup_20250730_144220.json
2025-07-30 14:42:20,389 - VALO360 - DEBUG - 配置保存成功
2025-07-30 14:42:20,391 - VALO360 - DEBUG - 配置已備份至: backup\setup_backup_20250730_144220.json
2025-07-30 14:42:20,393 - VALO360 - DEBUG - 配置保存成功
2025-07-30 14:42:20,393 - VALO360 - DEBUG - 配置已備份至: backup\setup_backup_20250730_144220.json
2025-07-30 14:42:20,393 - VALO360 - DEBUG - 配置保存成功
2025-07-30 14:42:20,396 - VALO360 - DEBUG - 配置已備份至: backup\setup_backup_20250730_144220.json
2025-07-30 14:42:20,396 - VALO360 - DEBUG - 配置保存成功
2025-07-30 14:42:20,399 - VALO360 - DEBUG - 配置已備份至: backup\setup_backup_20250730_144220.json
2025-07-30 14:42:20,399 - VALO360 - DEBUG - 配置保存成功
2025-07-30 14:42:20,401 - VALO360 - DEBUG - 配置已備份至: backup\setup_backup_20250730_144220.json
2025-07-30 14:42:20,403 - VALO360 - DEBUG - 配置保存成功
2025-07-30 14:42:20,403 - VALO360 - DEBUG - 配置已備份至: backup\setup_backup_20250730_144220.json
2025-07-30 14:42:20,405 - VALO360 - DEBUG - 配置保存成功
2025-07-30 14:42:20,409 - VALO360 - DEBUG - 配置已備份至: backup\setup_backup_20250730_144220.json
2025-07-30 14:42:20,409 - VALO360 - DEBUG - 配置保存成功
2025-07-30 14:42:20,411 - VALO360 - DEBUG - 配置已備份至: backup\setup_backup_20250730_144220.json
2025-07-30 14:42:20,413 - VALO360 - DEBUG - 配置保存成功
2025-07-30 14:42:20,413 - VALO360 - DEBUG - 配置已備份至: backup\setup_backup_20250730_144220.json
2025-07-30 14:42:20,413 - VALO360 - DEBUG - 配置保存成功
2025-07-30 14:42:20,413 - VALO360 - DEBUG - 配置已備份至: backup\setup_backup_20250730_144220.json
2025-07-30 14:42:20,413 - VALO360 - DEBUG - 配置保存成功
2025-07-30 14:42:20,419 - VALO360 - DEBUG - 配置已備份至: backup\setup_backup_20250730_144220.json
2025-07-30 14:42:20,419 - VALO360 - DEBUG - 配置保存成功
2025-07-30 14:42:20,419 - VALO360 - DEBUG - 配置已備份至: backup\setup_backup_20250730_144220.json
2025-07-30 14:42:20,422 - VALO360 - DEBUG - 配置保存成功
2025-07-30 14:42:20,424 - VALO360 - DEBUG - 配置已備份至: backup\setup_backup_20250730_144220.json
2025-07-30 14:42:20,424 - VALO360 - DEBUG - 配置保存成功
2025-07-30 14:42:20,427 - VALO360 - DEBUG - 配置已備份至: backup\setup_backup_20250730_144220.json
2025-07-30 14:42:20,427 - VALO360 - DEBUG - 配置保存成功
2025-07-30 14:42:20,429 - VALO360 - DEBUG - 配置已備份至: backup\setup_backup_20250730_144220.json
2025-07-30 14:42:20,429 - VALO360 - DEBUG - 配置保存成功
2025-07-30 14:42:20,429 - VALO360 - DEBUG - 配置已備份至: backup\setup_backup_20250730_144220.json
2025-07-30 14:42:20,432 - VALO360 - DEBUG - 配置保存成功
2025-07-30 14:42:20,434 - VALO360 - DEBUG - 配置已備份至: backup\setup_backup_20250730_144220.json
2025-07-30 14:42:20,434 - VALO360 - DEBUG - 配置保存成功
2025-07-30 14:42:20,436 - VALO360 - DEBUG - 配置已備份至: backup\setup_backup_20250730_144220.json
2025-07-30 14:42:20,436 - VALO360 - DEBUG - 配置保存成功
2025-07-30 14:42:20,436 - VALO360 - DEBUG - 配置已備份至: backup\setup_backup_20250730_144220.json
2025-07-30 14:42:20,440 - VALO360 - DEBUG - 配置保存成功
2025-07-30 14:42:20,442 - VALO360 - DEBUG - 配置已備份至: backup\setup_backup_20250730_144220.json
2025-07-30 14:42:20,443 - VALO360 - DEBUG - 配置保存成功
2025-07-30 14:42:20,443 - VALO360 - DEBUG - 配置已備份至: backup\setup_backup_20250730_144220.json
2025-07-30 14:42:20,445 - VALO360 - DEBUG - 配置保存成功
2025-07-30 14:42:20,445 - VALO360 - DEBUG - 配置已備份至: backup\setup_backup_20250730_144220.json
2025-07-30 14:42:20,447 - VALO360 - DEBUG - 配置保存成功
2025-07-30 14:42:20,449 - VALO360 - DEBUG - 配置已備份至: backup\setup_backup_20250730_144220.json
2025-07-30 14:42:20,449 - VALO360 - DEBUG - 配置保存成功
2025-07-30 14:42:20,451 - VALO360 - DEBUG - 配置已備份至: backup\setup_backup_20250730_144220.json
2025-07-30 14:42:20,451 - VALO360 - DEBUG - 配置保存成功
2025-07-30 14:42:20,453 - VALO360 - DEBUG - 配置已備份至: backup\setup_backup_20250730_144220.json
2025-07-30 14:42:20,453 - VALO360 - DEBUG - 配置保存成功
2025-07-30 14:42:20,453 - VALO360 - DEBUG - 配置已備份至: backup\setup_backup_20250730_144220.json
2025-07-30 14:42:20,453 - VALO360 - DEBUG - 配置保存成功
2025-07-30 14:42:20,459 - VALO360 - DEBUG - 配置已備份至: backup\setup_backup_20250730_144220.json
2025-07-30 14:42:20,459 - VALO360 - DEBUG - 配置保存成功
2025-07-30 14:42:20,462 - VALO360 - DEBUG - 配置已備份至: backup\setup_backup_20250730_144220.json
2025-07-30 14:42:20,462 - VALO360 - DEBUG - 配置保存成功
2025-07-30 14:42:20,463 - VALO360 - DEBUG - 配置已備份至: backup\setup_backup_20250730_144220.json
2025-07-30 14:42:20,465 - VALO360 - DEBUG - 配置保存成功
2025-07-30 14:42:20,466 - VALO360 - DEBUG - 配置已備份至: backup\setup_backup_20250730_144220.json
2025-07-30 14:42:20,466 - VALO360 - DEBUG - 配置保存成功
2025-07-30 14:42:20,466 - VALO360 - DEBUG - 配置已備份至: backup\setup_backup_20250730_144220.json
2025-07-30 14:42:20,466 - VALO360 - DEBUG - 配置保存成功
2025-07-30 14:42:20,473 - VALO360 - DEBUG - 配置已備份至: backup\setup_backup_20250730_144220.json
2025-07-30 14:42:20,474 - VALO360 - DEBUG - 配置保存成功
2025-07-30 14:42:20,475 - VALO360 - DEBUG - 配置已備份至: backup\setup_backup_20250730_144220.json
2025-07-30 14:42:20,475 - VALO360 - DEBUG - 配置保存成功
2025-07-30 14:42:20,475 - VALO360 - DEBUG - 配置已備份至: backup\setup_backup_20250730_144220.json
2025-07-30 14:42:20,479 - VALO360 - DEBUG - 配置保存成功
2025-07-30 14:42:20,482 - VALO360 - DEBUG - 配置已備份至: backup\setup_backup_20250730_144220.json
2025-07-30 14:42:20,484 - VALO360 - DEBUG - 配置保存成功
2025-07-30 14:42:20,484 - VALO360 - DEBUG - 配置已備份至: backup\setup_backup_20250730_144220.json
2025-07-30 14:42:20,484 - VALO360 - DEBUG - 配置保存成功
2025-07-30 14:42:20,487 - VALO360 - DEBUG - 配置已備份至: backup\setup_backup_20250730_144220.json
2025-07-30 14:42:20,489 - VALO360 - DEBUG - 配置保存成功
2025-07-30 14:42:20,491 - VALO360 - DEBUG - 配置已備份至: backup\setup_backup_20250730_144220.json
2025-07-30 14:42:20,491 - VALO360 - DEBUG - 配置保存成功
2025-07-30 14:42:20,497 - VALO360 - DEBUG - 配置已備份至: backup\setup_backup_20250730_144220.json
2025-07-30 14:42:20,497 - VALO360 - DEBUG - 配置保存成功
2025-07-30 14:42:20,499 - VALO360 - DEBUG - 配置已備份至: backup\setup_backup_20250730_144220.json
2025-07-30 14:42:20,499 - VALO360 - DEBUG - 配置保存成功
2025-07-30 14:42:20,501 - VALO360 - DEBUG - 配置已備份至: backup\setup_backup_20250730_144220.json
2025-07-30 14:42:20,501 - VALO360 - DEBUG - 配置保存成功
2025-07-30 14:42:20,504 - VALO360 - DEBUG - 配置已備份至: backup\setup_backup_20250730_144220.json
2025-07-30 14:42:20,504 - VALO360 - DEBUG - 配置保存成功
2025-07-30 14:42:20,508 - VALO360 - DEBUG - 配置已備份至: backup\setup_backup_20250730_144220.json
2025-07-30 14:42:20,508 - VALO360 - DEBUG - 配置保存成功
2025-07-30 14:42:20,508 - VALO360 - DEBUG - 配置已備份至: backup\setup_backup_20250730_144220.json
2025-07-30 14:42:20,508 - VALO360 - DEBUG - 配置保存成功
2025-07-30 14:42:20,508 - VALO360 - DEBUG - 配置已備份至: backup\setup_backup_20250730_144220.json
2025-07-30 14:42:20,514 - VALO360 - DEBUG - 配置保存成功
2025-07-30 14:42:20,515 - VALO360 - DEBUG - 配置已備份至: backup\setup_backup_20250730_144220.json
2025-07-30 14:42:20,516 - VALO360 - DEBUG - 配置保存成功
2025-07-30 14:42:20,516 - VALO360 - DEBUG - 配置已備份至: backup\setup_backup_20250730_144220.json
2025-07-30 14:42:20,516 - VALO360 - DEBUG - 配置保存成功
2025-07-30 14:42:20,520 - VALO360 - DEBUG - 配置已備份至: backup\setup_backup_20250730_144220.json
2025-07-30 14:42:20,522 - VALO360 - DEBUG - 配置保存成功
2025-07-30 14:42:20,524 - VALO360 - DEBUG - 配置已備份至: backup\setup_backup_20250730_144220.json
2025-07-30 14:42:20,524 - VALO360 - DEBUG - 配置保存成功
2025-07-30 14:42:20,527 - VALO360 - DEBUG - 配置已備份至: backup\setup_backup_20250730_144220.json
2025-07-30 14:42:20,528 - VALO360 - DEBUG - 配置保存成功
2025-07-30 14:42:20,528 - VALO360 - DEBUG - 配置已備份至: backup\setup_backup_20250730_144220.json
2025-07-30 14:42:20,528 - VALO360 - DEBUG - 配置保存成功
2025-07-30 14:42:20,528 - VALO360 - DEBUG - 配置已備份至: backup\setup_backup_20250730_144220.json
2025-07-30 14:42:20,528 - VALO360 - DEBUG - 配置保存成功
2025-07-30 14:42:20,534 - VALO360 - DEBUG - 配置已備份至: backup\setup_backup_20250730_144220.json
2025-07-30 14:42:20,534 - VALO360 - DEBUG - 配置保存成功
2025-07-30 14:42:20,536 - VALO360 - DEBUG - 配置已備份至: backup\setup_backup_20250730_144220.json
2025-07-30 14:42:20,536 - VALO360 - DEBUG - 配置保存成功
2025-07-30 14:42:20,538 - VALO360 - DEBUG - 配置已備份至: backup\setup_backup_20250730_144220.json
2025-07-30 14:42:20,538 - VALO360 - DEBUG - 配置保存成功
2025-07-30 14:42:20,542 - VALO360 - DEBUG - 配置已備份至: backup\setup_backup_20250730_144220.json
2025-07-30 14:42:20,543 - VALO360 - DEBUG - 配置保存成功
2025-07-30 14:42:20,544 - VALO360 - DEBUG - 配置已備份至: backup\setup_backup_20250730_144220.json
2025-07-30 14:42:20,544 - VALO360 - DEBUG - 配置保存成功
2025-07-30 14:42:20,544 - VALO360 - DEBUG - 配置已備份至: backup\setup_backup_20250730_144220.json
2025-07-30 14:42:20,544 - VALO360 - DEBUG - 配置保存成功
2025-07-30 14:42:20,548 - VALO360 - DEBUG - 配置已備份至: backup\setup_backup_20250730_144220.json
2025-07-30 14:42:20,550 - VALO360 - DEBUG - 配置保存成功
2025-07-30 14:42:20,550 - VALO360 - DEBUG - 配置已備份至: backup\setup_backup_20250730_144220.json
2025-07-30 14:42:20,550 - VALO360 - DEBUG - 配置保存成功
2025-07-30 14:42:20,553 - VALO360 - DEBUG - 配置已備份至: backup\setup_backup_20250730_144220.json
2025-07-30 14:42:20,553 - VALO360 - DEBUG - 配置保存成功
2025-07-30 14:42:20,555 - VALO360 - DEBUG - 配置已備份至: backup\setup_backup_20250730_144220.json
2025-07-30 14:42:20,557 - VALO360 - DEBUG - 配置保存成功
2025-07-30 14:42:20,557 - VALO360 - DEBUG - 配置已備份至: backup\setup_backup_20250730_144220.json
2025-07-30 14:42:20,557 - VALO360 - DEBUG - 配置保存成功
2025-07-30 14:42:20,557 - VALO360 - DEBUG - 配置已備份至: backup\setup_backup_20250730_144220.json
2025-07-30 14:42:20,557 - VALO360 - DEBUG - 配置保存成功
2025-07-30 14:42:20,557 - VALO360 - DEBUG - 配置已備份至: backup\setup_backup_20250730_144220.json
2025-07-30 14:42:20,565 - VALO360 - DEBUG - 配置保存成功
2025-07-30 14:42:20,566 - VALO360 - DEBUG - 配置已備份至: backup\setup_backup_20250730_144220.json
2025-07-30 14:42:20,567 - VALO360 - DEBUG - 配置保存成功
2025-07-30 14:42:20,567 - VALO360 - DEBUG - 配置已備份至: backup\setup_backup_20250730_144220.json
2025-07-30 14:42:20,567 - VALO360 - DEBUG - 配置保存成功
2025-07-30 14:42:20,572 - VALO360 - DEBUG - 配置已備份至: backup\setup_backup_20250730_144220.json
2025-07-30 14:42:20,572 - VALO360 - DEBUG - 配置保存成功
2025-07-30 14:42:20,574 - VALO360 - DEBUG - 配置已備份至: backup\setup_backup_20250730_144220.json
2025-07-30 14:42:20,575 - VALO360 - DEBUG - 配置保存成功
2025-07-30 14:42:20,577 - VALO360 - DEBUG - 配置已備份至: backup\setup_backup_20250730_144220.json
2025-07-30 14:42:20,577 - VALO360 - DEBUG - 配置保存成功
2025-07-30 14:42:20,579 - VALO360 - DEBUG - 配置已備份至: backup\setup_backup_20250730_144220.json
2025-07-30 14:42:20,579 - VALO360 - DEBUG - 配置保存成功
2025-07-30 14:42:20,582 - VALO360 - DEBUG - 配置已備份至: backup\setup_backup_20250730_144220.json
2025-07-30 14:42:20,582 - VALO360 - DEBUG - 配置保存成功
2025-07-30 14:42:20,584 - VALO360 - DEBUG - 配置已備份至: backup\setup_backup_20250730_144220.json
2025-07-30 14:42:20,586 - VALO360 - DEBUG - 配置保存成功
2025-07-30 14:42:20,586 - VALO360 - DEBUG - 配置已備份至: backup\setup_backup_20250730_144220.json
2025-07-30 14:42:20,586 - VALO360 - DEBUG - 配置保存成功
2025-07-30 14:42:20,596 - VALO360 - DEBUG - 配置已備份至: backup\setup_backup_20250730_144220.json
2025-07-30 14:42:20,596 - VALO360 - DEBUG - 配置保存成功
2025-07-30 14:42:20,603 - VALO360 - DEBUG - 配置已備份至: backup\setup_backup_20250730_144220.json
2025-07-30 14:42:20,603 - VALO360 - DEBUG - 配置保存成功
2025-07-30 14:42:20,605 - VALO360 - DEBUG - 配置已備份至: backup\setup_backup_20250730_144220.json
2025-07-30 14:42:20,606 - VALO360 - DEBUG - 配置保存成功
2025-07-30 14:42:20,608 - VALO360 - DEBUG - 配置已備份至: backup\setup_backup_20250730_144220.json
2025-07-30 14:42:20,610 - VALO360 - DEBUG - 配置保存成功
2025-07-30 14:42:20,610 - VALO360 - DEBUG - 配置已備份至: backup\setup_backup_20250730_144220.json
2025-07-30 14:42:20,610 - VALO360 - DEBUG - 配置保存成功
2025-07-30 14:42:20,750 - VALO360 - DEBUG - 配置已備份至: backup\setup_backup_20250730_144220.json
2025-07-30 14:42:20,750 - VALO360 - DEBUG - 配置保存成功
2025-07-30 14:42:20,753 - VALO360 - DEBUG - 配置已備份至: backup\setup_backup_20250730_144220.json
2025-07-30 14:42:20,753 - VALO360 - DEBUG - 配置保存成功
2025-07-30 14:42:20,753 - VALO360 - DEBUG - 配置已備份至: backup\setup_backup_20250730_144220.json
2025-07-30 14:42:20,757 - VALO360 - DEBUG - 配置保存成功
2025-07-30 14:42:20,762 - VALO360 - DEBUG - 配置已備份至: backup\setup_backup_20250730_144220.json
2025-07-30 14:42:20,764 - VALO360 - DEBUG - 配置保存成功
2025-07-30 14:42:20,765 - VALO360 - DEBUG - 配置已備份至: backup\setup_backup_20250730_144220.json
2025-07-30 14:42:20,765 - VALO360 - DEBUG - 配置保存成功
2025-07-30 14:42:20,768 - VALO360 - DEBUG - 配置已備份至: backup\setup_backup_20250730_144220.json
2025-07-30 14:42:20,768 - VALO360 - DEBUG - 配置保存成功
2025-07-30 14:42:20,768 - VALO360 - DEBUG - 配置已備份至: backup\setup_backup_20250730_144220.json
2025-07-30 14:42:20,768 - VALO360 - DEBUG - 配置保存成功
2025-07-30 14:42:20,772 - VALO360 - DEBUG - 配置已備份至: backup\setup_backup_20250730_144220.json
2025-07-30 14:42:20,772 - VALO360 - DEBUG - 配置保存成功
2025-07-30 14:42:20,778 - VALO360 - DEBUG - 配置已備份至: backup\setup_backup_20250730_144220.json
2025-07-30 14:42:20,779 - VALO360 - DEBUG - 配置保存成功
2025-07-30 14:42:20,779 - VALO360 - DEBUG - 配置已備份至: backup\setup_backup_20250730_144220.json
2025-07-30 14:42:20,781 - VALO360 - DEBUG - 配置保存成功
2025-07-30 14:42:20,784 - VALO360 - DEBUG - 配置已備份至: backup\setup_backup_20250730_144220.json
2025-07-30 14:42:20,784 - VALO360 - DEBUG - 配置保存成功
2025-07-30 14:42:20,786 - VALO360 - DEBUG - 配置已備份至: backup\setup_backup_20250730_144220.json
2025-07-30 14:42:20,786 - VALO360 - DEBUG - 配置保存成功
2025-07-30 14:42:20,786 - VALO360 - DEBUG - 配置已備份至: backup\setup_backup_20250730_144220.json
2025-07-30 14:42:20,788 - VALO360 - DEBUG - 配置保存成功
2025-07-30 14:42:20,790 - VALO360 - DEBUG - 配置已備份至: backup\setup_backup_20250730_144220.json
2025-07-30 14:42:20,790 - VALO360 - DEBUG - 配置保存成功
2025-07-30 14:42:20,793 - VALO360 - DEBUG - 配置已備份至: backup\setup_backup_20250730_144220.json
2025-07-30 14:42:20,794 - VALO360 - DEBUG - 配置保存成功
2025-07-30 14:42:20,794 - VALO360 - DEBUG - 配置已備份至: backup\setup_backup_20250730_144220.json
2025-07-30 14:42:20,794 - VALO360 - DEBUG - 配置保存成功
2025-07-30 14:42:20,800 - VALO360 - DEBUG - 配置已備份至: backup\setup_backup_20250730_144220.json
2025-07-30 14:42:20,806 - VALO360 - DEBUG - 配置保存成功
2025-07-30 14:42:20,806 - VALO360 - DEBUG - 配置已備份至: backup\setup_backup_20250730_144220.json
2025-07-30 14:42:20,808 - VALO360 - DEBUG - 配置保存成功
2025-07-30 14:42:20,809 - VALO360 - DEBUG - 配置已備份至: backup\setup_backup_20250730_144220.json
2025-07-30 14:42:20,809 - VALO360 - DEBUG - 配置保存成功
2025-07-30 14:42:20,811 - VALO360 - DEBUG - 配置已備份至: backup\setup_backup_20250730_144220.json
2025-07-30 14:42:20,811 - VALO360 - DEBUG - 配置保存成功
2025-07-30 14:42:20,811 - VALO360 - DEBUG - 配置已備份至: backup\setup_backup_20250730_144220.json
2025-07-30 14:42:20,811 - VALO360 - DEBUG - 配置保存成功
2025-07-30 14:42:20,816 - VALO360 - DEBUG - 配置已備份至: backup\setup_backup_20250730_144220.json
2025-07-30 14:42:20,816 - VALO360 - DEBUG - 配置保存成功
2025-07-30 14:42:20,818 - VALO360 - DEBUG - 配置已備份至: backup\setup_backup_20250730_144220.json
2025-07-30 14:42:20,818 - VALO360 - DEBUG - 配置保存成功
2025-07-30 14:42:20,820 - VALO360 - DEBUG - 配置已備份至: backup\setup_backup_20250730_144220.json
2025-07-30 14:42:20,820 - VALO360 - DEBUG - 配置保存成功
2025-07-30 14:42:20,830 - VALO360 - DEBUG - 配置已備份至: backup\setup_backup_20250730_144220.json
2025-07-30 14:42:20,830 - VALO360 - DEBUG - 配置保存成功
2025-07-30 14:42:20,835 - VALO360 - DEBUG - 配置已備份至: backup\setup_backup_20250730_144220.json
2025-07-30 14:42:20,835 - VALO360 - DEBUG - 配置保存成功
2025-07-30 14:42:20,835 - VALO360 - DEBUG - 配置已備份至: backup\setup_backup_20250730_144220.json
2025-07-30 14:42:20,835 - VALO360 - DEBUG - 配置保存成功
2025-07-30 14:42:20,838 - VALO360 - DEBUG - 配置已備份至: backup\setup_backup_20250730_144220.json
2025-07-30 14:42:20,840 - VALO360 - DEBUG - 配置保存成功
2025-07-30 14:42:20,840 - VALO360 - DEBUG - 配置已備份至: backup\setup_backup_20250730_144220.json
2025-07-30 14:42:20,840 - VALO360 - DEBUG - 配置保存成功
2025-07-30 14:42:20,840 - VALO360 - DEBUG - 配置已備份至: backup\setup_backup_20250730_144220.json
2025-07-30 14:42:20,840 - VALO360 - DEBUG - 配置保存成功
2025-07-30 14:42:20,846 - VALO360 - DEBUG - 配置已備份至: backup\setup_backup_20250730_144220.json
2025-07-30 14:42:20,847 - VALO360 - DEBUG - 配置保存成功
2025-07-30 14:42:20,847 - VALO360 - DEBUG - 配置已備份至: backup\setup_backup_20250730_144220.json
2025-07-30 14:42:20,849 - VALO360 - DEBUG - 配置保存成功
2025-07-30 14:42:20,852 - VALO360 - DEBUG - 配置已備份至: backup\setup_backup_20250730_144220.json
2025-07-30 14:42:20,854 - VALO360 - DEBUG - 配置保存成功
2025-07-30 14:42:20,854 - VALO360 - DEBUG - 配置已備份至: backup\setup_backup_20250730_144220.json
2025-07-30 14:42:20,854 - VALO360 - DEBUG - 配置保存成功
2025-07-30 14:42:20,854 - VALO360 - DEBUG - 配置已備份至: backup\setup_backup_20250730_144220.json
2025-07-30 14:42:20,854 - VALO360 - DEBUG - 配置保存成功
2025-07-30 14:42:20,861 - VALO360 - DEBUG - 配置已備份至: backup\setup_backup_20250730_144220.json
2025-07-30 14:42:20,861 - VALO360 - DEBUG - 配置保存成功
2025-07-30 14:42:20,862 - VALO360 - DEBUG - 配置已備份至: backup\setup_backup_20250730_144220.json
2025-07-30 14:42:20,862 - VALO360 - DEBUG - 配置保存成功
2025-07-30 14:42:20,865 - VALO360 - DEBUG - 配置已備份至: backup\setup_backup_20250730_144220.json
2025-07-30 14:42:20,865 - VALO360 - DEBUG - 配置保存成功
2025-07-30 14:42:20,865 - VALO360 - DEBUG - 配置已備份至: backup\setup_backup_20250730_144220.json
2025-07-30 14:42:20,865 - VALO360 - DEBUG - 配置保存成功
2025-07-30 14:42:20,868 - VALO360 - DEBUG - 配置已備份至: backup\setup_backup_20250730_144220.json
2025-07-30 14:42:20,868 - VALO360 - DEBUG - 配置保存成功
2025-07-30 14:42:20,871 - VALO360 - DEBUG - 配置已備份至: backup\setup_backup_20250730_144220.json
2025-07-30 14:42:20,871 - VALO360 - DEBUG - 配置保存成功
2025-07-30 14:42:20,871 - VALO360 - DEBUG - 配置已備份至: backup\setup_backup_20250730_144220.json
2025-07-30 14:42:20,871 - VALO360 - DEBUG - 配置保存成功
2025-07-30 14:42:20,871 - VALO360 - DEBUG - 配置已備份至: backup\setup_backup_20250730_144220.json
2025-07-30 14:42:20,871 - VALO360 - DEBUG - 配置保存成功
2025-07-30 14:42:20,878 - VALO360 - DEBUG - 配置已備份至: backup\setup_backup_20250730_144220.json
2025-07-30 14:42:20,880 - VALO360 - DEBUG - 配置保存成功
2025-07-30 14:42:20,880 - VALO360 - DEBUG - 配置已備份至: backup\setup_backup_20250730_144220.json
2025-07-30 14:42:20,882 - VALO360 - DEBUG - 配置保存成功
2025-07-30 14:42:20,883 - VALO360 - DEBUG - 配置已備份至: backup\setup_backup_20250730_144220.json
2025-07-30 14:42:20,883 - VALO360 - DEBUG - 配置保存成功
2025-07-30 14:42:20,885 - VALO360 - DEBUG - 配置已備份至: backup\setup_backup_20250730_144220.json
2025-07-30 14:42:20,885 - VALO360 - DEBUG - 配置保存成功
2025-07-30 14:42:20,887 - VALO360 - DEBUG - 配置已備份至: backup\setup_backup_20250730_144220.json
2025-07-30 14:42:20,887 - VALO360 - DEBUG - 配置保存成功
2025-07-30 14:42:20,890 - VALO360 - DEBUG - 配置已備份至: backup\setup_backup_20250730_144220.json
2025-07-30 14:42:20,892 - VALO360 - DEBUG - 配置保存成功
2025-07-30 14:42:20,893 - VALO360 - DEBUG - 配置已備份至: backup\setup_backup_20250730_144220.json
2025-07-30 14:42:20,893 - VALO360 - DEBUG - 配置保存成功
2025-07-30 14:42:20,895 - VALO360 - DEBUG - 配置已備份至: backup\setup_backup_20250730_144220.json
2025-07-30 14:42:20,895 - VALO360 - DEBUG - 配置保存成功
2025-07-30 14:42:20,898 - VALO360 - DEBUG - 配置已備份至: backup\setup_backup_20250730_144220.json
2025-07-30 14:42:20,898 - VALO360 - DEBUG - 配置保存成功
2025-07-30 14:42:20,900 - VALO360 - DEBUG - 配置已備份至: backup\setup_backup_20250730_144220.json
2025-07-30 14:42:20,900 - VALO360 - DEBUG - 配置保存成功
2025-07-30 14:42:20,902 - VALO360 - DEBUG - 配置已備份至: backup\setup_backup_20250730_144220.json
2025-07-30 14:42:20,902 - VALO360 - DEBUG - 配置保存成功
2025-07-30 14:42:20,905 - VALO360 - DEBUG - 配置已備份至: backup\setup_backup_20250730_144220.json
2025-07-30 14:42:20,905 - VALO360 - DEBUG - 配置保存成功
2025-07-30 14:42:20,907 - VALO360 - DEBUG - 配置已備份至: backup\setup_backup_20250730_144220.json
2025-07-30 14:42:20,907 - VALO360 - DEBUG - 配置保存成功
2025-07-30 14:42:20,913 - VALO360 - DEBUG - 配置已備份至: backup\setup_backup_20250730_144220.json
2025-07-30 14:42:20,914 - VALO360 - DEBUG - 配置保存成功
2025-07-30 14:42:20,914 - VALO360 - DEBUG - 配置已備份至: backup\setup_backup_20250730_144220.json
2025-07-30 14:42:20,914 - VALO360 - DEBUG - 配置保存成功
2025-07-30 14:42:20,917 - VALO360 - DEBUG - 配置已備份至: backup\setup_backup_20250730_144220.json
2025-07-30 14:42:20,917 - VALO360 - DEBUG - 配置保存成功
2025-07-30 14:42:20,919 - VALO360 - DEBUG - 配置已備份至: backup\setup_backup_20250730_144220.json
2025-07-30 14:42:20,919 - VALO360 - DEBUG - 配置保存成功
2025-07-30 14:42:20,921 - VALO360 - DEBUG - 配置已備份至: backup\setup_backup_20250730_144220.json
2025-07-30 14:42:20,922 - VALO360 - DEBUG - 配置保存成功
2025-07-30 14:42:20,924 - VALO360 - DEBUG - 配置已備份至: backup\setup_backup_20250730_144220.json
2025-07-30 14:42:20,926 - VALO360 - DEBUG - 配置保存成功
2025-07-30 14:42:20,926 - VALO360 - DEBUG - 配置已備份至: backup\setup_backup_20250730_144220.json
2025-07-30 14:42:20,928 - VALO360 - DEBUG - 配置保存成功
2025-07-30 14:42:20,928 - VALO360 - DEBUG - 配置已備份至: backup\setup_backup_20250730_144220.json
2025-07-30 14:42:20,930 - VALO360 - DEBUG - 配置保存成功
2025-07-30 14:42:20,944 - VALO360 - DEBUG - 配置已備份至: backup\setup_backup_20250730_144220.json
2025-07-30 14:42:20,944 - VALO360 - DEBUG - 配置保存成功
2025-07-30 14:42:20,946 - VALO360 - DEBUG - 配置已備份至: backup\setup_backup_20250730_144220.json
2025-07-30 14:42:20,946 - VALO360 - DEBUG - 配置保存成功
2025-07-30 14:42:20,949 - VALO360 - DEBUG - 配置已備份至: backup\setup_backup_20250730_144220.json
2025-07-30 14:42:20,949 - VALO360 - DEBUG - 配置保存成功
2025-07-30 14:42:20,949 - VALO360 - DEBUG - 配置已備份至: backup\setup_backup_20250730_144220.json
2025-07-30 14:42:20,952 - VALO360 - DEBUG - 配置保存成功
2025-07-30 14:42:20,954 - VALO360 - DEBUG - 配置已備份至: backup\setup_backup_20250730_144220.json
2025-07-30 14:42:20,954 - VALO360 - DEBUG - 配置保存成功
2025-07-30 14:42:20,956 - VALO360 - DEBUG - 配置已備份至: backup\setup_backup_20250730_144220.json
2025-07-30 14:42:20,957 - VALO360 - DEBUG - 配置保存成功
2025-07-30 14:42:20,959 - VALO360 - DEBUG - 配置已備份至: backup\setup_backup_20250730_144220.json
2025-07-30 14:42:20,959 - VALO360 - DEBUG - 配置保存成功
2025-07-30 14:42:20,961 - VALO360 - DEBUG - 配置已備份至: backup\setup_backup_20250730_144220.json
2025-07-30 14:42:20,962 - VALO360 - DEBUG - 配置保存成功
2025-07-30 14:42:20,993 - VALO360 - DEBUG - 配置已備份至: backup\setup_backup_20250730_144220.json
2025-07-30 14:42:20,993 - VALO360 - DEBUG - 配置保存成功
2025-07-30 14:42:20,996 - VALO360 - DEBUG - 配置已備份至: backup\setup_backup_20250730_144220.json
2025-07-30 14:42:20,996 - VALO360 - DEBUG - 配置保存成功
2025-07-30 14:42:20,998 - VALO360 - DEBUG - 配置已備份至: backup\setup_backup_20250730_144220.json
2025-07-30 14:42:21,000 - VALO360 - DEBUG - 配置保存成功
2025-07-30 14:42:21,000 - VALO360 - DEBUG - 配置已備份至: backup\setup_backup_20250730_144221.json
2025-07-30 14:42:21,002 - VALO360 - DEBUG - 配置保存成功
2025-07-30 14:42:21,002 - VALO360 - DEBUG - 配置已備份至: backup\setup_backup_20250730_144221.json
2025-07-30 14:42:21,002 - VALO360 - DEBUG - 配置保存成功
2025-07-30 14:42:21,007 - VALO360 - DEBUG - 配置已備份至: backup\setup_backup_20250730_144221.json
2025-07-30 14:42:21,009 - VALO360 - DEBUG - 配置保存成功
2025-07-30 14:42:21,010 - VALO360 - DEBUG - 配置已備份至: backup\setup_backup_20250730_144221.json
2025-07-30 14:42:21,010 - VALO360 - DEBUG - 配置保存成功
2025-07-30 14:42:21,012 - VALO360 - DEBUG - 配置已備份至: backup\setup_backup_20250730_144221.json
2025-07-30 14:42:21,013 - VALO360 - DEBUG - 配置保存成功
2025-07-30 14:42:21,024 - VALO360 - DEBUG - 配置已備份至: backup\setup_backup_20250730_144221.json
2025-07-30 14:42:21,024 - VALO360 - DEBUG - 配置保存成功
2025-07-30 14:42:21,027 - VALO360 - DEBUG - 配置已備份至: backup\setup_backup_20250730_144221.json
2025-07-30 14:42:21,028 - VALO360 - DEBUG - 配置保存成功
2025-07-30 14:42:21,029 - VALO360 - DEBUG - 配置已備份至: backup\setup_backup_20250730_144221.json
2025-07-30 14:42:21,031 - VALO360 - DEBUG - 配置保存成功
2025-07-30 14:42:21,031 - VALO360 - DEBUG - 配置已備份至: backup\setup_backup_20250730_144221.json
2025-07-30 14:42:21,033 - VALO360 - DEBUG - 配置保存成功
2025-07-30 14:42:21,033 - VALO360 - DEBUG - 配置已備份至: backup\setup_backup_20250730_144221.json
2025-07-30 14:42:21,033 - VALO360 - DEBUG - 配置保存成功
2025-07-30 14:42:21,037 - VALO360 - DEBUG - 配置已備份至: backup\setup_backup_20250730_144221.json
2025-07-30 14:42:21,037 - VALO360 - DEBUG - 配置保存成功
2025-07-30 14:42:21,040 - VALO360 - DEBUG - 配置已備份至: backup\setup_backup_20250730_144221.json
2025-07-30 14:42:21,042 - VALO360 - DEBUG - 配置保存成功
2025-07-30 14:42:21,044 - VALO360 - DEBUG - 配置已備份至: backup\setup_backup_20250730_144221.json
2025-07-30 14:42:21,044 - VALO360 - DEBUG - 配置保存成功
2025-07-30 14:42:21,046 - VALO360 - DEBUG - 配置已備份至: backup\setup_backup_20250730_144221.json
2025-07-30 14:42:21,046 - VALO360 - DEBUG - 配置保存成功
2025-07-30 14:42:21,049 - VALO360 - DEBUG - 配置已備份至: backup\setup_backup_20250730_144221.json
2025-07-30 14:42:21,049 - VALO360 - DEBUG - 配置保存成功
2025-07-30 14:42:21,049 - VALO360 - DEBUG - 配置已備份至: backup\setup_backup_20250730_144221.json
2025-07-30 14:42:21,049 - VALO360 - DEBUG - 配置保存成功
2025-07-30 14:42:21,053 - VALO360 - DEBUG - 配置已備份至: backup\setup_backup_20250730_144221.json
2025-07-30 14:42:21,054 - VALO360 - DEBUG - 配置保存成功
2025-07-30 14:42:21,055 - VALO360 - DEBUG - 配置已備份至: backup\setup_backup_20250730_144221.json
2025-07-30 14:42:21,055 - VALO360 - DEBUG - 配置保存成功
2025-07-30 14:42:21,058 - VALO360 - DEBUG - 配置已備份至: backup\setup_backup_20250730_144221.json
2025-07-30 14:42:21,059 - VALO360 - DEBUG - 配置保存成功
2025-07-30 14:42:21,059 - VALO360 - DEBUG - 配置已備份至: backup\setup_backup_20250730_144221.json
2025-07-30 14:42:21,062 - VALO360 - DEBUG - 配置保存成功
2025-07-30 14:42:21,062 - VALO360 - DEBUG - 配置已備份至: backup\setup_backup_20250730_144221.json
2025-07-30 14:42:21,062 - VALO360 - DEBUG - 配置保存成功
2025-07-30 14:42:21,085 - VALO360 - DEBUG - 配置已備份至: backup\setup_backup_20250730_144221.json
2025-07-30 14:42:21,085 - VALO360 - DEBUG - 配置保存成功
2025-07-30 14:42:21,085 - VALO360 - DEBUG - 配置已備份至: backup\setup_backup_20250730_144221.json
2025-07-30 14:42:21,085 - VALO360 - DEBUG - 配置保存成功
2025-07-30 14:42:21,085 - VALO360 - DEBUG - 配置已備份至: backup\setup_backup_20250730_144221.json
2025-07-30 14:42:21,085 - VALO360 - DEBUG - 配置保存成功
2025-07-30 14:42:21,092 - VALO360 - DEBUG - 配置已備份至: backup\setup_backup_20250730_144221.json
2025-07-30 14:42:21,092 - VALO360 - DEBUG - 配置保存成功
2025-07-30 14:42:21,095 - VALO360 - DEBUG - 配置已備份至: backup\setup_backup_20250730_144221.json
2025-07-30 14:42:21,096 - VALO360 - DEBUG - 配置保存成功
2025-07-30 14:42:21,097 - VALO360 - DEBUG - 配置已備份至: backup\setup_backup_20250730_144221.json
2025-07-30 14:42:21,097 - VALO360 - DEBUG - 配置保存成功
2025-07-30 14:42:21,097 - VALO360 - DEBUG - 配置已備份至: backup\setup_backup_20250730_144221.json
2025-07-30 14:42:21,097 - VALO360 - DEBUG - 配置保存成功
2025-07-30 14:42:21,097 - VALO360 - DEBUG - 配置已備份至: backup\setup_backup_20250730_144221.json
2025-07-30 14:42:21,097 - VALO360 - DEBUG - 配置保存成功
2025-07-30 14:42:21,167 - VALO360 - DEBUG - 配置已備份至: backup\setup_backup_20250730_144221.json
2025-07-30 14:42:21,173 - VALO360 - DEBUG - 配置保存成功
2025-07-30 14:42:21,175 - VALO360 - DEBUG - 配置已備份至: backup\setup_backup_20250730_144221.json
2025-07-30 14:42:21,175 - VALO360 - DEBUG - 配置保存成功
2025-07-30 14:42:21,177 - VALO360 - DEBUG - 配置已備份至: backup\setup_backup_20250730_144221.json
2025-07-30 14:42:21,177 - VALO360 - DEBUG - 配置保存成功
2025-07-30 14:42:21,180 - VALO360 - DEBUG - 配置已備份至: backup\setup_backup_20250730_144221.json
2025-07-30 14:42:21,180 - VALO360 - DEBUG - 配置保存成功
2025-07-30 14:42:21,182 - VALO360 - DEBUG - 配置已備份至: backup\setup_backup_20250730_144221.json
2025-07-30 14:42:21,184 - VALO360 - DEBUG - 配置保存成功
2025-07-30 14:42:21,184 - VALO360 - DEBUG - 配置已備份至: backup\setup_backup_20250730_144221.json
2025-07-30 14:42:21,186 - VALO360 - DEBUG - 配置保存成功
2025-07-30 14:42:21,188 - VALO360 - DEBUG - 配置已備份至: backup\setup_backup_20250730_144221.json
2025-07-30 14:42:21,188 - VALO360 - DEBUG - 配置保存成功
2025-07-30 14:42:21,191 - VALO360 - DEBUG - 配置已備份至: backup\setup_backup_20250730_144221.json
2025-07-30 14:42:21,191 - VALO360 - DEBUG - 配置保存成功
2025-07-30 14:42:21,193 - VALO360 - DEBUG - 配置已備份至: backup\setup_backup_20250730_144221.json
2025-07-30 14:42:21,195 - VALO360 - DEBUG - 配置保存成功
2025-07-30 14:42:21,195 - VALO360 - DEBUG - 配置已備份至: backup\setup_backup_20250730_144221.json
2025-07-30 14:42:21,197 - VALO360 - DEBUG - 配置保存成功
2025-07-30 14:42:21,198 - VALO360 - DEBUG - 配置已備份至: backup\setup_backup_20250730_144221.json
2025-07-30 14:42:21,198 - VALO360 - DEBUG - 配置保存成功
2025-07-30 14:42:21,201 - VALO360 - DEBUG - 配置已備份至: backup\setup_backup_20250730_144221.json
2025-07-30 14:42:21,202 - VALO360 - DEBUG - 配置保存成功
2025-07-30 14:42:21,202 - VALO360 - DEBUG - 配置已備份至: backup\setup_backup_20250730_144221.json
2025-07-30 14:42:21,202 - VALO360 - DEBUG - 配置保存成功
2025-07-30 14:42:21,207 - VALO360 - DEBUG - 配置已備份至: backup\setup_backup_20250730_144221.json
2025-07-30 14:42:21,208 - VALO360 - DEBUG - 配置保存成功
2025-07-30 14:42:21,208 - VALO360 - DEBUG - 配置已備份至: backup\setup_backup_20250730_144221.json
2025-07-30 14:42:21,210 - VALO360 - DEBUG - 配置保存成功
2025-07-30 14:42:21,210 - VALO360 - DEBUG - 配置已備份至: backup\setup_backup_20250730_144221.json
2025-07-30 14:42:21,210 - VALO360 - DEBUG - 配置保存成功
2025-07-30 14:42:21,214 - VALO360 - DEBUG - 配置已備份至: backup\setup_backup_20250730_144221.json
2025-07-30 14:42:21,214 - VALO360 - DEBUG - 配置保存成功
2025-07-30 14:42:21,217 - VALO360 - DEBUG - 配置已備份至: backup\setup_backup_20250730_144221.json
2025-07-30 14:42:21,217 - VALO360 - DEBUG - 配置保存成功
2025-07-30 14:42:21,218 - VALO360 - DEBUG - 配置已備份至: backup\setup_backup_20250730_144221.json
2025-07-30 14:42:21,220 - VALO360 - DEBUG - 配置保存成功
2025-07-30 14:42:21,220 - VALO360 - DEBUG - 配置已備份至: backup\setup_backup_20250730_144221.json
2025-07-30 14:42:21,222 - VALO360 - DEBUG - 配置保存成功
2025-07-30 14:42:21,224 - VALO360 - DEBUG - 配置已備份至: backup\setup_backup_20250730_144221.json
2025-07-30 14:42:21,226 - VALO360 - DEBUG - 配置保存成功
2025-07-30 14:42:21,226 - VALO360 - DEBUG - 配置已備份至: backup\setup_backup_20250730_144221.json
2025-07-30 14:42:21,228 - VALO360 - DEBUG - 配置保存成功
2025-07-30 14:42:21,228 - VALO360 - DEBUG - 配置已備份至: backup\setup_backup_20250730_144221.json
2025-07-30 14:42:21,231 - VALO360 - DEBUG - 配置保存成功
2025-07-30 14:42:21,231 - VALO360 - DEBUG - 配置已備份至: backup\setup_backup_20250730_144221.json
2025-07-30 14:42:21,231 - VALO360 - DEBUG - 配置保存成功
2025-07-30 14:42:21,233 - VALO360 - DEBUG - 配置已備份至: backup\setup_backup_20250730_144221.json
2025-07-30 14:42:21,236 - VALO360 - DEBUG - 配置保存成功
2025-07-30 14:42:21,236 - VALO360 - DEBUG - 配置已備份至: backup\setup_backup_20250730_144221.json
2025-07-30 14:42:21,238 - VALO360 - DEBUG - 配置保存成功
2025-07-30 14:42:21,239 - VALO360 - DEBUG - 配置已備份至: backup\setup_backup_20250730_144221.json
2025-07-30 14:42:21,242 - VALO360 - DEBUG - 配置保存成功
2025-07-30 14:42:21,242 - VALO360 - DEBUG - 配置已備份至: backup\setup_backup_20250730_144221.json
2025-07-30 14:42:21,242 - VALO360 - DEBUG - 配置保存成功
2025-07-30 14:42:21,245 - VALO360 - DEBUG - 配置已備份至: backup\setup_backup_20250730_144221.json
2025-07-30 14:42:21,245 - VALO360 - DEBUG - 配置保存成功
2025-07-30 14:42:21,249 - VALO360 - DEBUG - 配置已備份至: backup\setup_backup_20250730_144221.json
2025-07-30 14:42:21,251 - VALO360 - DEBUG - 配置保存成功
2025-07-30 14:42:21,251 - VALO360 - DEBUG - 配置已備份至: backup\setup_backup_20250730_144221.json
2025-07-30 14:42:21,251 - VALO360 - DEBUG - 配置保存成功
2025-07-30 14:42:21,254 - VALO360 - DEBUG - 配置已備份至: backup\setup_backup_20250730_144221.json
2025-07-30 14:42:21,256 - VALO360 - DEBUG - 配置保存成功
2025-07-30 14:42:21,258 - VALO360 - DEBUG - 配置已備份至: backup\setup_backup_20250730_144221.json
2025-07-30 14:42:21,260 - VALO360 - DEBUG - 配置保存成功
2025-07-30 14:42:21,261 - VALO360 - DEBUG - 配置已備份至: backup\setup_backup_20250730_144221.json
2025-07-30 14:42:21,263 - VALO360 - DEBUG - 配置保存成功
2025-07-30 14:42:21,263 - VALO360 - DEBUG - 配置已備份至: backup\setup_backup_20250730_144221.json
2025-07-30 14:42:21,265 - VALO360 - DEBUG - 配置保存成功
2025-07-30 14:42:21,265 - VALO360 - DEBUG - 配置已備份至: backup\setup_backup_20250730_144221.json
2025-07-30 14:42:21,267 - VALO360 - DEBUG - 配置保存成功
2025-07-30 14:42:21,270 - VALO360 - DEBUG - 配置已備份至: backup\setup_backup_20250730_144221.json
2025-07-30 14:42:21,270 - VALO360 - DEBUG - 配置保存成功
2025-07-30 14:42:21,270 - VALO360 - DEBUG - 配置已備份至: backup\setup_backup_20250730_144221.json
2025-07-30 14:42:21,274 - VALO360 - DEBUG - 配置保存成功
2025-07-30 14:42:21,274 - VALO360 - DEBUG - 配置已備份至: backup\setup_backup_20250730_144221.json
2025-07-30 14:42:21,274 - VALO360 - DEBUG - 配置保存成功
2025-07-30 14:42:21,274 - VALO360 - DEBUG - 配置已備份至: backup\setup_backup_20250730_144221.json
2025-07-30 14:42:21,278 - VALO360 - DEBUG - 配置保存成功
2025-07-30 14:42:21,280 - VALO360 - DEBUG - 配置已備份至: backup\setup_backup_20250730_144221.json
2025-07-30 14:42:21,280 - VALO360 - DEBUG - 配置保存成功
2025-07-30 14:42:21,280 - VALO360 - DEBUG - 配置已備份至: backup\setup_backup_20250730_144221.json
2025-07-30 14:42:21,280 - VALO360 - DEBUG - 配置保存成功
2025-07-30 14:42:21,280 - VALO360 - DEBUG - 配置已備份至: backup\setup_backup_20250730_144221.json
2025-07-30 14:42:21,286 - VALO360 - DEBUG - 配置保存成功
2025-07-30 14:42:21,286 - VALO360 - DEBUG - 配置已備份至: backup\setup_backup_20250730_144221.json
2025-07-30 14:42:21,286 - VALO360 - DEBUG - 配置保存成功
2025-07-30 14:42:21,290 - VALO360 - DEBUG - 配置已備份至: backup\setup_backup_20250730_144221.json
2025-07-30 14:42:21,292 - VALO360 - DEBUG - 配置保存成功
2025-07-30 14:42:21,292 - VALO360 - DEBUG - 配置已備份至: backup\setup_backup_20250730_144221.json
2025-07-30 14:42:21,292 - VALO360 - DEBUG - 配置保存成功
2025-07-30 14:42:21,295 - VALO360 - DEBUG - 配置已備份至: backup\setup_backup_20250730_144221.json
2025-07-30 14:42:21,295 - VALO360 - DEBUG - 配置保存成功
2025-07-30 14:42:21,297 - VALO360 - DEBUG - 配置已備份至: backup\setup_backup_20250730_144221.json
2025-07-30 14:42:21,297 - VALO360 - DEBUG - 配置保存成功
2025-07-30 14:42:21,300 - VALO360 - DEBUG - 配置已備份至: backup\setup_backup_20250730_144221.json
2025-07-30 14:42:21,300 - VALO360 - DEBUG - 配置保存成功
2025-07-30 14:42:21,304 - VALO360 - DEBUG - 配置已備份至: backup\setup_backup_20250730_144221.json
2025-07-30 14:42:21,304 - VALO360 - DEBUG - 配置保存成功
2025-07-30 14:42:21,307 - VALO360 - DEBUG - 配置已備份至: backup\setup_backup_20250730_144221.json
2025-07-30 14:42:21,307 - VALO360 - DEBUG - 配置保存成功
2025-07-30 14:42:21,310 - VALO360 - DEBUG - 配置已備份至: backup\setup_backup_20250730_144221.json
2025-07-30 14:42:21,311 - VALO360 - DEBUG - 配置保存成功
2025-07-30 14:42:21,313 - VALO360 - DEBUG - 配置已備份至: backup\setup_backup_20250730_144221.json
2025-07-30 14:42:21,313 - VALO360 - DEBUG - 配置保存成功
2025-07-30 14:42:21,315 - VALO360 - DEBUG - 配置已備份至: backup\setup_backup_20250730_144221.json
2025-07-30 14:42:21,315 - VALO360 - DEBUG - 配置保存成功
2025-07-30 14:42:21,317 - VALO360 - DEBUG - 配置已備份至: backup\setup_backup_20250730_144221.json
2025-07-30 14:42:21,317 - VALO360 - DEBUG - 配置保存成功
2025-07-30 14:42:21,319 - VALO360 - DEBUG - 配置已備份至: backup\setup_backup_20250730_144221.json
2025-07-30 14:42:21,319 - VALO360 - DEBUG - 配置保存成功
2025-07-30 14:42:21,322 - VALO360 - DEBUG - 配置已備份至: backup\setup_backup_20250730_144221.json
2025-07-30 14:42:21,322 - VALO360 - DEBUG - 配置保存成功
2025-07-30 14:42:21,324 - VALO360 - DEBUG - 配置已備份至: backup\setup_backup_20250730_144221.json
2025-07-30 14:42:21,326 - VALO360 - DEBUG - 配置保存成功
2025-07-30 14:42:21,326 - VALO360 - DEBUG - 配置已備份至: backup\setup_backup_20250730_144221.json
2025-07-30 14:42:21,326 - VALO360 - DEBUG - 配置保存成功
2025-07-30 14:42:21,329 - VALO360 - DEBUG - 配置已備份至: backup\setup_backup_20250730_144221.json
2025-07-30 14:42:21,329 - VALO360 - DEBUG - 配置保存成功
2025-07-30 14:42:21,331 - VALO360 - DEBUG - 配置已備份至: backup\setup_backup_20250730_144221.json
2025-07-30 14:42:21,333 - VALO360 - DEBUG - 配置保存成功
2025-07-30 14:42:21,333 - VALO360 - DEBUG - 配置已備份至: backup\setup_backup_20250730_144221.json
2025-07-30 14:42:21,336 - VALO360 - DEBUG - 配置保存成功
2025-07-30 14:42:21,336 - VALO360 - DEBUG - 配置已備份至: backup\setup_backup_20250730_144221.json
2025-07-30 14:42:21,338 - VALO360 - DEBUG - 配置保存成功
2025-07-30 14:42:21,338 - VALO360 - DEBUG - 配置已備份至: backup\setup_backup_20250730_144221.json
2025-07-30 14:42:21,341 - VALO360 - DEBUG - 配置保存成功
2025-07-30 14:42:21,342 - VALO360 - DEBUG - 配置已備份至: backup\setup_backup_20250730_144221.json
2025-07-30 14:42:21,344 - VALO360 - DEBUG - 配置保存成功
2025-07-30 14:42:21,345 - VALO360 - DEBUG - 配置已備份至: backup\setup_backup_20250730_144221.json
2025-07-30 14:42:21,346 - VALO360 - DEBUG - 配置保存成功
2025-07-30 14:42:21,347 - VALO360 - DEBUG - 配置已備份至: backup\setup_backup_20250730_144221.json
2025-07-30 14:42:21,347 - VALO360 - DEBUG - 配置保存成功
2025-07-30 14:42:21,347 - VALO360 - DEBUG - 配置已備份至: backup\setup_backup_20250730_144221.json
2025-07-30 14:42:21,350 - VALO360 - DEBUG - 配置保存成功
2025-07-30 14:42:21,352 - VALO360 - DEBUG - 配置已備份至: backup\setup_backup_20250730_144221.json
2025-07-30 14:42:21,352 - VALO360 - DEBUG - 配置保存成功
2025-07-30 14:42:21,354 - VALO360 - DEBUG - 配置已備份至: backup\setup_backup_20250730_144221.json
2025-07-30 14:42:21,356 - VALO360 - DEBUG - 配置保存成功
2025-07-30 14:42:21,356 - VALO360 - DEBUG - 配置已備份至: backup\setup_backup_20250730_144221.json
2025-07-30 14:42:21,358 - VALO360 - DEBUG - 配置保存成功
2025-07-30 14:42:21,358 - VALO360 - DEBUG - 配置已備份至: backup\setup_backup_20250730_144221.json
2025-07-30 14:42:21,358 - VALO360 - DEBUG - 配置保存成功
2025-07-30 14:42:21,396 - VALO360 - DEBUG - 配置已備份至: backup\setup_backup_20250730_144221.json
2025-07-30 14:42:21,396 - VALO360 - DEBUG - 配置保存成功
2025-07-30 14:42:21,400 - VALO360 - DEBUG - 配置已備份至: backup\setup_backup_20250730_144221.json
2025-07-30 14:42:21,400 - VALO360 - DEBUG - 配置保存成功
2025-07-30 14:42:21,402 - VALO360 - DEBUG - 配置已備份至: backup\setup_backup_20250730_144221.json
2025-07-30 14:42:21,402 - VALO360 - DEBUG - 配置保存成功
2025-07-30 14:42:21,402 - VALO360 - DEBUG - 配置已備份至: backup\setup_backup_20250730_144221.json
2025-07-30 14:42:21,402 - VALO360 - DEBUG - 配置保存成功
2025-07-30 14:42:21,407 - VALO360 - DEBUG - 配置已備份至: backup\setup_backup_20250730_144221.json
2025-07-30 14:42:21,407 - VALO360 - DEBUG - 配置保存成功
2025-07-30 14:42:21,410 - VALO360 - DEBUG - 配置已備份至: backup\setup_backup_20250730_144221.json
2025-07-30 14:42:21,410 - VALO360 - DEBUG - 配置保存成功
2025-07-30 14:42:21,410 - VALO360 - DEBUG - 配置已備份至: backup\setup_backup_20250730_144221.json
2025-07-30 14:42:21,413 - VALO360 - DEBUG - 配置保存成功
2025-07-30 14:42:21,414 - VALO360 - DEBUG - 配置已備份至: backup\setup_backup_20250730_144221.json
2025-07-30 14:42:21,414 - VALO360 - DEBUG - 配置保存成功
2025-07-30 14:42:21,416 - VALO360 - DEBUG - 配置已備份至: backup\setup_backup_20250730_144221.json
2025-07-30 14:42:21,418 - VALO360 - DEBUG - 配置保存成功
2025-07-30 14:42:21,418 - VALO360 - DEBUG - 配置已備份至: backup\setup_backup_20250730_144221.json
2025-07-30 14:42:21,418 - VALO360 - DEBUG - 配置保存成功
2025-07-30 14:42:21,421 - VALO360 - DEBUG - 配置已備份至: backup\setup_backup_20250730_144221.json
2025-07-30 14:42:21,421 - VALO360 - DEBUG - 配置保存成功
2025-07-30 14:42:21,424 - VALO360 - DEBUG - 配置已備份至: backup\setup_backup_20250730_144221.json
2025-07-30 14:42:21,424 - VALO360 - DEBUG - 配置保存成功
2025-07-30 14:42:21,426 - VALO360 - DEBUG - 配置已備份至: backup\setup_backup_20250730_144221.json
2025-07-30 14:42:21,428 - VALO360 - DEBUG - 配置保存成功
2025-07-30 14:42:21,429 - VALO360 - DEBUG - 配置已備份至: backup\setup_backup_20250730_144221.json
2025-07-30 14:42:21,429 - VALO360 - DEBUG - 配置保存成功
2025-07-30 14:42:21,429 - VALO360 - DEBUG - 配置已備份至: backup\setup_backup_20250730_144221.json
2025-07-30 14:42:21,429 - VALO360 - DEBUG - 配置保存成功
2025-07-30 14:42:21,433 - VALO360 - DEBUG - 配置已備份至: backup\setup_backup_20250730_144221.json
2025-07-30 14:42:21,433 - VALO360 - DEBUG - 配置保存成功
2025-07-30 14:42:21,435 - VALO360 - DEBUG - 配置已備份至: backup\setup_backup_20250730_144221.json
2025-07-30 14:42:21,435 - VALO360 - DEBUG - 配置保存成功
2025-07-30 14:42:21,438 - VALO360 - DEBUG - 配置已備份至: backup\setup_backup_20250730_144221.json
2025-07-30 14:42:21,438 - VALO360 - DEBUG - 配置保存成功
2025-07-30 14:42:21,441 - VALO360 - DEBUG - 配置已備份至: backup\setup_backup_20250730_144221.json
2025-07-30 14:42:21,441 - VALO360 - DEBUG - 配置保存成功
2025-07-30 14:42:21,442 - VALO360 - DEBUG - 配置已備份至: backup\setup_backup_20250730_144221.json
2025-07-30 14:42:21,443 - VALO360 - DEBUG - 配置保存成功
2025-07-30 14:42:21,443 - VALO360 - DEBUG - 配置已備份至: backup\setup_backup_20250730_144221.json
2025-07-30 14:42:21,443 - VALO360 - DEBUG - 配置保存成功
2025-07-30 14:42:21,447 - VALO360 - DEBUG - 配置已備份至: backup\setup_backup_20250730_144221.json
2025-07-30 14:42:21,449 - VALO360 - DEBUG - 配置保存成功
2025-07-30 14:42:21,449 - VALO360 - DEBUG - 配置已備份至: backup\setup_backup_20250730_144221.json
2025-07-30 14:42:21,449 - VALO360 - DEBUG - 配置保存成功
2025-07-30 14:42:21,449 - VALO360 - DEBUG - 配置已備份至: backup\setup_backup_20250730_144221.json
2025-07-30 14:42:21,449 - VALO360 - DEBUG - 配置保存成功
2025-07-30 14:42:21,454 - VALO360 - DEBUG - 配置已備份至: backup\setup_backup_20250730_144221.json
2025-07-30 14:42:21,454 - VALO360 - DEBUG - 配置保存成功
2025-07-30 14:42:21,454 - VALO360 - DEBUG - 配置已備份至: backup\setup_backup_20250730_144221.json
2025-07-30 14:42:21,458 - VALO360 - DEBUG - 配置保存成功
2025-07-30 14:42:21,458 - VALO360 - DEBUG - 配置已備份至: backup\setup_backup_20250730_144221.json
2025-07-30 14:42:21,458 - VALO360 - DEBUG - 配置保存成功
2025-07-30 14:42:21,460 - VALO360 - DEBUG - 配置已備份至: backup\setup_backup_20250730_144221.json
2025-07-30 14:42:21,461 - VALO360 - DEBUG - 配置保存成功
2025-07-30 14:42:21,461 - VALO360 - DEBUG - 配置已備份至: backup\setup_backup_20250730_144221.json
2025-07-30 14:42:21,464 - VALO360 - DEBUG - 配置保存成功
2025-07-30 14:42:21,464 - VALO360 - DEBUG - 配置已備份至: backup\setup_backup_20250730_144221.json
2025-07-30 14:42:21,465 - VALO360 - DEBUG - 配置保存成功
2025-07-30 14:42:21,465 - VALO360 - DEBUG - 配置已備份至: backup\setup_backup_20250730_144221.json
2025-07-30 14:42:21,465 - VALO360 - DEBUG - 配置保存成功
2025-07-30 14:42:21,465 - VALO360 - DEBUG - 配置已備份至: backup\setup_backup_20250730_144221.json
2025-07-30 14:42:21,465 - VALO360 - DEBUG - 配置保存成功
2025-07-30 14:42:21,472 - VALO360 - DEBUG - 配置已備份至: backup\setup_backup_20250730_144221.json
2025-07-30 14:42:21,472 - VALO360 - DEBUG - 配置保存成功
2025-07-30 14:42:21,474 - VALO360 - DEBUG - 配置已備份至: backup\setup_backup_20250730_144221.json
2025-07-30 14:42:21,474 - VALO360 - DEBUG - 配置保存成功
2025-07-30 14:42:21,476 - VALO360 - DEBUG - 配置已備份至: backup\setup_backup_20250730_144221.json
2025-07-30 14:42:21,476 - VALO360 - DEBUG - 配置保存成功
2025-07-30 14:42:21,476 - VALO360 - DEBUG - 配置已備份至: backup\setup_backup_20250730_144221.json
2025-07-30 14:42:21,476 - VALO360 - DEBUG - 配置保存成功
2025-07-30 14:42:21,476 - VALO360 - DEBUG - 配置已備份至: backup\setup_backup_20250730_144221.json
2025-07-30 14:42:21,476 - VALO360 - DEBUG - 配置保存成功
2025-07-30 14:42:21,476 - VALO360 - DEBUG - 配置已備份至: backup\setup_backup_20250730_144221.json
2025-07-30 14:42:21,485 - VALO360 - DEBUG - 配置保存成功
2025-07-30 14:42:21,485 - VALO360 - DEBUG - 配置已備份至: backup\setup_backup_20250730_144221.json
2025-07-30 14:42:21,487 - VALO360 - DEBUG - 配置保存成功
2025-07-30 14:42:21,487 - VALO360 - DEBUG - 配置已備份至: backup\setup_backup_20250730_144221.json
2025-07-30 14:42:21,489 - VALO360 - DEBUG - 配置保存成功
2025-07-30 14:42:21,490 - VALO360 - DEBUG - 配置已備份至: backup\setup_backup_20250730_144221.json
2025-07-30 14:42:21,492 - VALO360 - DEBUG - 配置保存成功
2025-07-30 14:42:21,492 - VALO360 - DEBUG - 配置已備份至: backup\setup_backup_20250730_144221.json
2025-07-30 14:42:21,492 - VALO360 - DEBUG - 配置保存成功
2025-07-30 14:42:21,495 - VALO360 - DEBUG - 配置已備份至: backup\setup_backup_20250730_144221.json
2025-07-30 14:42:21,495 - VALO360 - DEBUG - 配置保存成功
2025-07-30 14:42:21,498 - VALO360 - DEBUG - 配置已備份至: backup\setup_backup_20250730_144221.json
2025-07-30 14:42:21,498 - VALO360 - DEBUG - 配置保存成功
2025-07-30 14:42:21,500 - VALO360 - DEBUG - 配置已備份至: backup\setup_backup_20250730_144221.json
2025-07-30 14:42:21,500 - VALO360 - DEBUG - 配置保存成功
2025-07-30 14:42:21,502 - VALO360 - DEBUG - 配置已備份至: backup\setup_backup_20250730_144221.json
2025-07-30 14:42:21,502 - VALO360 - DEBUG - 配置保存成功
2025-07-30 14:42:21,504 - VALO360 - DEBUG - 配置已備份至: backup\setup_backup_20250730_144221.json
2025-07-30 14:42:21,504 - VALO360 - DEBUG - 配置保存成功
2025-07-30 14:42:21,505 - VALO360 - DEBUG - 配置已備份至: backup\setup_backup_20250730_144221.json
2025-07-30 14:42:21,505 - VALO360 - DEBUG - 配置保存成功
2025-07-30 14:42:21,510 - VALO360 - DEBUG - 配置已備份至: backup\setup_backup_20250730_144221.json
2025-07-30 14:42:21,510 - VALO360 - DEBUG - 配置保存成功
2025-07-30 14:42:21,510 - VALO360 - DEBUG - 配置已備份至: backup\setup_backup_20250730_144221.json
2025-07-30 14:42:21,510 - VALO360 - DEBUG - 配置保存成功
2025-07-30 14:42:21,514 - VALO360 - DEBUG - 配置已備份至: backup\setup_backup_20250730_144221.json
2025-07-30 14:42:21,514 - VALO360 - DEBUG - 配置保存成功
2025-07-30 14:42:21,516 - VALO360 - DEBUG - 配置已備份至: backup\setup_backup_20250730_144221.json
2025-07-30 14:42:21,517 - VALO360 - DEBUG - 配置保存成功
2025-07-30 14:42:21,517 - VALO360 - DEBUG - 配置已備份至: backup\setup_backup_20250730_144221.json
2025-07-30 14:42:21,517 - VALO360 - DEBUG - 配置保存成功
2025-07-30 14:42:21,517 - VALO360 - DEBUG - 配置已備份至: backup\setup_backup_20250730_144221.json
2025-07-30 14:42:21,517 - VALO360 - DEBUG - 配置保存成功
2025-07-30 14:42:21,517 - VALO360 - DEBUG - 配置已備份至: backup\setup_backup_20250730_144221.json
2025-07-30 14:42:21,517 - VALO360 - DEBUG - 配置保存成功
2025-07-30 14:42:21,525 - VALO360 - DEBUG - 配置已備份至: backup\setup_backup_20250730_144221.json
2025-07-30 14:42:21,526 - VALO360 - DEBUG - 配置保存成功
2025-07-30 14:42:21,526 - VALO360 - DEBUG - 配置已備份至: backup\setup_backup_20250730_144221.json
2025-07-30 14:42:21,526 - VALO360 - DEBUG - 配置保存成功
2025-07-30 14:42:21,526 - VALO360 - DEBUG - 配置已備份至: backup\setup_backup_20250730_144221.json
2025-07-30 14:42:21,526 - VALO360 - DEBUG - 配置保存成功
2025-07-30 14:42:21,531 - VALO360 - DEBUG - 配置已備份至: backup\setup_backup_20250730_144221.json
2025-07-30 14:42:21,531 - VALO360 - DEBUG - 配置保存成功
2025-07-30 14:42:21,531 - VALO360 - DEBUG - 配置已備份至: backup\setup_backup_20250730_144221.json
2025-07-30 14:42:21,531 - VALO360 - DEBUG - 配置保存成功
2025-07-30 14:42:21,535 - VALO360 - DEBUG - 配置已備份至: backup\setup_backup_20250730_144221.json
2025-07-30 14:42:21,536 - VALO360 - DEBUG - 配置保存成功
2025-07-30 14:42:21,536 - VALO360 - DEBUG - 配置已備份至: backup\setup_backup_20250730_144221.json
2025-07-30 14:42:21,538 - VALO360 - DEBUG - 配置保存成功
2025-07-30 14:42:21,538 - VALO360 - DEBUG - 配置已備份至: backup\setup_backup_20250730_144221.json
2025-07-30 14:42:21,538 - VALO360 - DEBUG - 配置保存成功
2025-07-30 14:42:21,538 - VALO360 - DEBUG - 配置已備份至: backup\setup_backup_20250730_144221.json
2025-07-30 14:42:21,538 - VALO360 - DEBUG - 配置保存成功
2025-07-30 14:42:21,543 - VALO360 - DEBUG - 配置已備份至: backup\setup_backup_20250730_144221.json
2025-07-30 14:42:21,543 - VALO360 - DEBUG - 配置保存成功
2025-07-30 14:42:21,546 - VALO360 - DEBUG - 配置已備份至: backup\setup_backup_20250730_144221.json
2025-07-30 14:42:21,547 - VALO360 - DEBUG - 配置保存成功
2025-07-30 14:42:21,548 - VALO360 - DEBUG - 配置已備份至: backup\setup_backup_20250730_144221.json
2025-07-30 14:42:21,550 - VALO360 - DEBUG - 配置保存成功
2025-07-30 14:42:21,550 - VALO360 - DEBUG - 配置已備份至: backup\setup_backup_20250730_144221.json
2025-07-30 14:42:21,550 - VALO360 - DEBUG - 配置保存成功
2025-07-30 14:42:21,550 - VALO360 - DEBUG - 配置已備份至: backup\setup_backup_20250730_144221.json
2025-07-30 14:42:21,554 - VALO360 - DEBUG - 配置保存成功
2025-07-30 14:42:21,554 - VALO360 - DEBUG - 配置已備份至: backup\setup_backup_20250730_144221.json
2025-07-30 14:42:21,554 - VALO360 - DEBUG - 配置保存成功
2025-07-30 14:42:21,556 - VALO360 - DEBUG - 配置已備份至: backup\setup_backup_20250730_144221.json
2025-07-30 14:42:21,556 - VALO360 - DEBUG - 配置保存成功
2025-07-30 14:42:21,556 - VALO360 - DEBUG - 配置已備份至: backup\setup_backup_20250730_144221.json
2025-07-30 14:42:21,556 - VALO360 - DEBUG - 配置保存成功
2025-07-30 14:42:21,560 - VALO360 - DEBUG - 配置已備份至: backup\setup_backup_20250730_144221.json
2025-07-30 14:42:21,562 - VALO360 - DEBUG - 配置保存成功
2025-07-30 14:42:21,562 - VALO360 - DEBUG - 配置已備份至: backup\setup_backup_20250730_144221.json
2025-07-30 14:42:21,562 - VALO360 - DEBUG - 配置保存成功
2025-07-30 14:42:21,562 - VALO360 - DEBUG - 配置已備份至: backup\setup_backup_20250730_144221.json
2025-07-30 14:42:21,562 - VALO360 - DEBUG - 配置保存成功
2025-07-30 14:42:21,567 - VALO360 - DEBUG - 配置已備份至: backup\setup_backup_20250730_144221.json
2025-07-30 14:42:21,567 - VALO360 - DEBUG - 配置保存成功
2025-07-30 14:42:21,569 - VALO360 - DEBUG - 配置已備份至: backup\setup_backup_20250730_144221.json
2025-07-30 14:42:21,569 - VALO360 - DEBUG - 配置保存成功
2025-07-30 14:42:21,569 - VALO360 - DEBUG - 配置已備份至: backup\setup_backup_20250730_144221.json
2025-07-30 14:42:21,572 - VALO360 - DEBUG - 配置保存成功
2025-07-30 14:42:21,572 - VALO360 - DEBUG - 配置已備份至: backup\setup_backup_20250730_144221.json
2025-07-30 14:42:21,572 - VALO360 - DEBUG - 配置保存成功
2025-07-30 14:42:21,572 - VALO360 - DEBUG - 配置已備份至: backup\setup_backup_20250730_144221.json
2025-07-30 14:42:21,575 - VALO360 - DEBUG - 配置保存成功
2025-07-30 14:42:21,577 - VALO360 - DEBUG - 配置已備份至: backup\setup_backup_20250730_144221.json
2025-07-30 14:42:21,578 - VALO360 - DEBUG - 配置保存成功
2025-07-30 14:42:21,578 - VALO360 - DEBUG - 配置已備份至: backup\setup_backup_20250730_144221.json
2025-07-30 14:42:21,580 - VALO360 - DEBUG - 配置保存成功
2025-07-30 14:42:21,580 - VALO360 - DEBUG - 配置已備份至: backup\setup_backup_20250730_144221.json
2025-07-30 14:42:21,580 - VALO360 - DEBUG - 配置保存成功
2025-07-30 14:42:21,582 - VALO360 - DEBUG - 配置已備份至: backup\setup_backup_20250730_144221.json
2025-07-30 14:42:21,582 - VALO360 - DEBUG - 配置保存成功
2025-07-30 14:42:21,582 - VALO360 - DEBUG - 配置已備份至: backup\setup_backup_20250730_144221.json
2025-07-30 14:42:21,582 - VALO360 - DEBUG - 配置保存成功
2025-07-30 14:42:21,587 - VALO360 - DEBUG - 配置已備份至: backup\setup_backup_20250730_144221.json
2025-07-30 14:42:21,587 - VALO360 - DEBUG - 配置保存成功
2025-07-30 14:42:21,587 - VALO360 - DEBUG - 配置已備份至: backup\setup_backup_20250730_144221.json
2025-07-30 14:42:21,587 - VALO360 - DEBUG - 配置保存成功
2025-07-30 14:42:21,587 - VALO360 - DEBUG - 配置已備份至: backup\setup_backup_20250730_144221.json
2025-07-30 14:42:21,587 - VALO360 - DEBUG - 配置保存成功
2025-07-30 14:42:21,593 - VALO360 - DEBUG - 配置已備份至: backup\setup_backup_20250730_144221.json
2025-07-30 14:42:21,595 - VALO360 - DEBUG - 配置保存成功
2025-07-30 14:42:21,595 - VALO360 - DEBUG - 配置已備份至: backup\setup_backup_20250730_144221.json
2025-07-30 14:42:21,595 - VALO360 - DEBUG - 配置保存成功
2025-07-30 14:42:21,597 - VALO360 - DEBUG - 配置已備份至: backup\setup_backup_20250730_144221.json
2025-07-30 14:42:21,597 - VALO360 - DEBUG - 配置保存成功
2025-07-30 14:42:21,597 - VALO360 - DEBUG - 配置已備份至: backup\setup_backup_20250730_144221.json
2025-07-30 14:42:21,597 - VALO360 - DEBUG - 配置保存成功
2025-07-30 14:42:21,601 - VALO360 - DEBUG - 配置已備份至: backup\setup_backup_20250730_144221.json
2025-07-30 14:42:21,601 - VALO360 - DEBUG - 配置保存成功
2025-07-30 14:42:21,601 - VALO360 - DEBUG - 配置已備份至: backup\setup_backup_20250730_144221.json
2025-07-30 14:42:21,605 - VALO360 - DEBUG - 配置保存成功
2025-07-30 14:42:21,605 - VALO360 - DEBUG - 配置已備份至: backup\setup_backup_20250730_144221.json
2025-07-30 14:42:21,607 - VALO360 - DEBUG - 配置保存成功
2025-07-30 14:42:21,607 - VALO360 - DEBUG - 配置已備份至: backup\setup_backup_20250730_144221.json
2025-07-30 14:42:21,609 - VALO360 - DEBUG - 配置保存成功
2025-07-30 14:42:21,611 - VALO360 - DEBUG - 配置已備份至: backup\setup_backup_20250730_144221.json
2025-07-30 14:42:21,613 - VALO360 - DEBUG - 配置保存成功
2025-07-30 14:42:21,613 - VALO360 - DEBUG - 配置已備份至: backup\setup_backup_20250730_144221.json
2025-07-30 14:42:21,616 - VALO360 - DEBUG - 配置保存成功
2025-07-30 14:42:21,616 - VALO360 - DEBUG - 配置已備份至: backup\setup_backup_20250730_144221.json
2025-07-30 14:42:21,617 - VALO360 - DEBUG - 配置保存成功
2025-07-30 14:42:21,618 - VALO360 - DEBUG - 配置已備份至: backup\setup_backup_20250730_144221.json
2025-07-30 14:42:21,618 - VALO360 - DEBUG - 配置保存成功
2025-07-30 14:42:21,621 - VALO360 - DEBUG - 配置已備份至: backup\setup_backup_20250730_144221.json
2025-07-30 14:42:21,621 - VALO360 - DEBUG - 配置保存成功
2025-07-30 14:42:21,621 - VALO360 - DEBUG - 配置已備份至: backup\setup_backup_20250730_144221.json
2025-07-30 14:42:21,624 - VALO360 - DEBUG - 配置保存成功
2025-07-30 14:42:21,624 - VALO360 - DEBUG - 配置已備份至: backup\setup_backup_20250730_144221.json
2025-07-30 14:42:21,624 - VALO360 - DEBUG - 配置保存成功
2025-07-30 14:42:21,624 - VALO360 - DEBUG - 配置已備份至: backup\setup_backup_20250730_144221.json
2025-07-30 14:42:21,628 - VALO360 - DEBUG - 配置保存成功
2025-07-30 14:42:21,628 - VALO360 - DEBUG - 配置已備份至: backup\setup_backup_20250730_144221.json
2025-07-30 14:42:21,632 - VALO360 - DEBUG - 配置保存成功
2025-07-30 14:42:21,632 - VALO360 - DEBUG - 配置已備份至: backup\setup_backup_20250730_144221.json
2025-07-30 14:42:21,633 - VALO360 - DEBUG - 配置保存成功
2025-07-30 14:42:21,633 - VALO360 - DEBUG - 配置已備份至: backup\setup_backup_20250730_144221.json
2025-07-30 14:42:21,635 - VALO360 - DEBUG - 配置保存成功
2025-07-30 14:42:21,635 - VALO360 - DEBUG - 配置已備份至: backup\setup_backup_20250730_144221.json
2025-07-30 14:42:21,635 - VALO360 - DEBUG - 配置保存成功
2025-07-30 14:42:21,639 - VALO360 - DEBUG - 配置已備份至: backup\setup_backup_20250730_144221.json
2025-07-30 14:42:21,639 - VALO360 - DEBUG - 配置保存成功
2025-07-30 14:42:21,641 - VALO360 - DEBUG - 配置已備份至: backup\setup_backup_20250730_144221.json
2025-07-30 14:42:21,641 - VALO360 - DEBUG - 配置保存成功
2025-07-30 14:42:21,641 - VALO360 - DEBUG - 配置已備份至: backup\setup_backup_20250730_144221.json
2025-07-30 14:42:21,641 - VALO360 - DEBUG - 配置保存成功
2025-07-30 14:42:21,645 - VALO360 - DEBUG - 配置已備份至: backup\setup_backup_20250730_144221.json
2025-07-30 14:42:21,645 - VALO360 - DEBUG - 配置保存成功
2025-07-30 14:42:21,646 - VALO360 - DEBUG - 配置已備份至: backup\setup_backup_20250730_144221.json
2025-07-30 14:42:21,648 - VALO360 - DEBUG - 配置保存成功
2025-07-30 14:42:21,648 - VALO360 - DEBUG - 配置已備份至: backup\setup_backup_20250730_144221.json
2025-07-30 14:42:21,651 - VALO360 - DEBUG - 配置保存成功
2025-07-30 14:42:21,651 - VALO360 - DEBUG - 配置已備份至: backup\setup_backup_20250730_144221.json
2025-07-30 14:42:21,652 - VALO360 - DEBUG - 配置保存成功
2025-07-30 14:42:21,652 - VALO360 - DEBUG - 配置已備份至: backup\setup_backup_20250730_144221.json
2025-07-30 14:42:21,654 - VALO360 - DEBUG - 配置保存成功
2025-07-30 14:42:21,657 - VALO360 - DEBUG - 配置已備份至: backup\setup_backup_20250730_144221.json
2025-07-30 14:42:21,658 - VALO360 - DEBUG - 配置保存成功
2025-07-30 14:42:21,658 - VALO360 - DEBUG - 配置已備份至: backup\setup_backup_20250730_144221.json
2025-07-30 14:42:21,658 - VALO360 - DEBUG - 配置保存成功
2025-07-30 14:42:21,658 - VALO360 - DEBUG - 配置已備份至: backup\setup_backup_20250730_144221.json
2025-07-30 14:42:21,658 - VALO360 - DEBUG - 配置保存成功
2025-07-30 14:42:21,662 - VALO360 - DEBUG - 配置已備份至: backup\setup_backup_20250730_144221.json
2025-07-30 14:42:21,662 - VALO360 - DEBUG - 配置保存成功
2025-07-30 14:42:21,662 - VALO360 - DEBUG - 配置已備份至: backup\setup_backup_20250730_144221.json
2025-07-30 14:42:21,666 - VALO360 - DEBUG - 配置保存成功
2025-07-30 14:42:21,666 - VALO360 - DEBUG - 配置已備份至: backup\setup_backup_20250730_144221.json
2025-07-30 14:42:21,666 - VALO360 - DEBUG - 配置保存成功
2025-07-30 14:42:21,668 - VALO360 - DEBUG - 配置已備份至: backup\setup_backup_20250730_144221.json
2025-07-30 14:42:21,670 - VALO360 - DEBUG - 配置保存成功
2025-07-30 14:42:21,670 - VALO360 - DEBUG - 配置已備份至: backup\setup_backup_20250730_144221.json
2025-07-30 14:42:21,672 - VALO360 - DEBUG - 配置保存成功
2025-07-30 14:42:21,672 - VALO360 - DEBUG - 配置已備份至: backup\setup_backup_20250730_144221.json
2025-07-30 14:42:21,672 - VALO360 - DEBUG - 配置保存成功
2025-07-30 14:42:21,676 - VALO360 - DEBUG - 配置已備份至: backup\setup_backup_20250730_144221.json
2025-07-30 14:42:21,677 - VALO360 - DEBUG - 配置保存成功
2025-07-30 14:42:21,677 - VALO360 - DEBUG - 配置已備份至: backup\setup_backup_20250730_144221.json
2025-07-30 14:42:21,678 - VALO360 - DEBUG - 配置保存成功
2025-07-30 14:42:21,678 - VALO360 - DEBUG - 配置已備份至: backup\setup_backup_20250730_144221.json
2025-07-30 14:42:21,681 - VALO360 - DEBUG - 配置保存成功
2025-07-30 14:42:21,683 - VALO360 - DEBUG - 配置已備份至: backup\setup_backup_20250730_144221.json
2025-07-30 14:42:21,683 - VALO360 - DEBUG - 配置保存成功
2025-07-30 14:42:21,685 - VALO360 - DEBUG - 配置已備份至: backup\setup_backup_20250730_144221.json
2025-07-30 14:42:21,686 - VALO360 - DEBUG - 配置保存成功
2025-07-30 14:42:21,686 - VALO360 - DEBUG - 配置已備份至: backup\setup_backup_20250730_144221.json
2025-07-30 14:42:21,688 - VALO360 - DEBUG - 配置保存成功
2025-07-30 14:42:21,688 - VALO360 - DEBUG - 配置已備份至: backup\setup_backup_20250730_144221.json
2025-07-30 14:42:21,690 - VALO360 - DEBUG - 配置保存成功
2025-07-30 14:42:21,691 - VALO360 - DEBUG - 配置已備份至: backup\setup_backup_20250730_144221.json
2025-07-30 14:42:21,693 - VALO360 - DEBUG - 配置保存成功
2025-07-30 14:42:21,693 - VALO360 - DEBUG - 配置已備份至: backup\setup_backup_20250730_144221.json
2025-07-30 14:42:21,694 - VALO360 - DEBUG - 配置保存成功
2025-07-30 14:42:21,695 - VALO360 - DEBUG - 配置已備份至: backup\setup_backup_20250730_144221.json
2025-07-30 14:42:21,697 - VALO360 - DEBUG - 配置保存成功
2025-07-30 14:42:21,697 - VALO360 - DEBUG - 配置已備份至: backup\setup_backup_20250730_144221.json
2025-07-30 14:42:21,699 - VALO360 - DEBUG - 配置保存成功
2025-07-30 14:42:21,699 - VALO360 - DEBUG - 配置已備份至: backup\setup_backup_20250730_144221.json
2025-07-30 14:42:21,699 - VALO360 - DEBUG - 配置保存成功
2025-07-30 14:42:21,704 - VALO360 - DEBUG - 配置已備份至: backup\setup_backup_20250730_144221.json
2025-07-30 14:42:21,704 - VALO360 - DEBUG - 配置保存成功
2025-07-30 14:42:21,704 - VALO360 - DEBUG - 配置已備份至: backup\setup_backup_20250730_144221.json
2025-07-30 14:42:21,708 - VALO360 - DEBUG - 配置保存成功
2025-07-30 14:42:21,709 - VALO360 - DEBUG - 配置已備份至: backup\setup_backup_20250730_144221.json
2025-07-30 14:42:21,709 - VALO360 - DEBUG - 配置保存成功
2025-07-30 14:42:21,709 - VALO360 - DEBUG - 配置已備份至: backup\setup_backup_20250730_144221.json
2025-07-30 14:42:21,709 - VALO360 - DEBUG - 配置保存成功
2025-07-30 14:42:21,713 - VALO360 - DEBUG - 配置已備份至: backup\setup_backup_20250730_144221.json
2025-07-30 14:42:21,713 - VALO360 - DEBUG - 配置保存成功
2025-07-30 14:42:21,713 - VALO360 - DEBUG - 配置已備份至: backup\setup_backup_20250730_144221.json
2025-07-30 14:42:21,713 - VALO360 - DEBUG - 配置保存成功
2025-07-30 14:42:21,716 - VALO360 - DEBUG - 配置已備份至: backup\setup_backup_20250730_144221.json
2025-07-30 14:42:21,716 - VALO360 - DEBUG - 配置保存成功
2025-07-30 14:42:21,719 - VALO360 - DEBUG - 配置已備份至: backup\setup_backup_20250730_144221.json
2025-07-30 14:42:21,721 - VALO360 - DEBUG - 配置保存成功
2025-07-30 14:42:21,722 - VALO360 - DEBUG - 配置已備份至: backup\setup_backup_20250730_144221.json
2025-07-30 14:42:21,723 - VALO360 - DEBUG - 配置保存成功
2025-07-30 14:42:21,724 - VALO360 - DEBUG - 配置已備份至: backup\setup_backup_20250730_144221.json
2025-07-30 14:42:21,725 - VALO360 - DEBUG - 配置保存成功
2025-07-30 14:42:21,727 - VALO360 - DEBUG - 配置已備份至: backup\setup_backup_20250730_144221.json
2025-07-30 14:42:21,728 - VALO360 - DEBUG - 配置保存成功
2025-07-30 14:42:21,728 - VALO360 - DEBUG - 配置已備份至: backup\setup_backup_20250730_144221.json
2025-07-30 14:42:21,728 - VALO360 - DEBUG - 配置保存成功
2025-07-30 14:42:21,731 - VALO360 - DEBUG - 配置已備份至: backup\setup_backup_20250730_144221.json
2025-07-30 14:42:21,731 - VALO360 - DEBUG - 配置保存成功
2025-07-30 14:42:21,733 - VALO360 - DEBUG - 配置已備份至: backup\setup_backup_20250730_144221.json
2025-07-30 14:42:21,733 - VALO360 - DEBUG - 配置保存成功
2025-07-30 14:42:21,734 - VALO360 - DEBUG - 配置已備份至: backup\setup_backup_20250730_144221.json
2025-07-30 14:42:21,734 - VALO360 - DEBUG - 配置保存成功
2025-07-30 14:42:21,738 - VALO360 - DEBUG - 配置已備份至: backup\setup_backup_20250730_144221.json
2025-07-30 14:42:21,738 - VALO360 - DEBUG - 配置保存成功
2025-07-30 14:42:21,739 - VALO360 - DEBUG - 配置已備份至: backup\setup_backup_20250730_144221.json
2025-07-30 14:42:21,741 - VALO360 - DEBUG - 配置保存成功
2025-07-30 14:42:21,743 - VALO360 - DEBUG - 配置已備份至: backup\setup_backup_20250730_144221.json
2025-07-30 14:42:21,744 - VALO360 - DEBUG - 配置保存成功
2025-07-30 14:42:21,744 - VALO360 - DEBUG - 配置已備份至: backup\setup_backup_20250730_144221.json
2025-07-30 14:42:21,745 - VALO360 - DEBUG - 配置保存成功
2025-07-30 14:42:21,746 - VALO360 - DEBUG - 配置已備份至: backup\setup_backup_20250730_144221.json
2025-07-30 14:42:21,748 - VALO360 - DEBUG - 配置保存成功
2025-07-30 14:42:21,749 - VALO360 - DEBUG - 配置已備份至: backup\setup_backup_20250730_144221.json
2025-07-30 14:42:21,749 - VALO360 - DEBUG - 配置保存成功
2025-07-30 14:42:21,749 - VALO360 - DEBUG - 配置已備份至: backup\setup_backup_20250730_144221.json
2025-07-30 14:42:21,749 - VALO360 - DEBUG - 配置保存成功
2025-07-30 14:42:21,753 - VALO360 - DEBUG - 配置已備份至: backup\setup_backup_20250730_144221.json
2025-07-30 14:42:21,753 - VALO360 - DEBUG - 配置保存成功
2025-07-30 14:42:21,753 - VALO360 - DEBUG - 配置已備份至: backup\setup_backup_20250730_144221.json
2025-07-30 14:42:21,758 - VALO360 - DEBUG - 配置保存成功
2025-07-30 14:42:21,758 - VALO360 - DEBUG - 配置已備份至: backup\setup_backup_20250730_144221.json
2025-07-30 14:42:21,758 - VALO360 - DEBUG - 配置保存成功
2025-07-30 14:42:21,758 - VALO360 - DEBUG - 配置已備份至: backup\setup_backup_20250730_144221.json
2025-07-30 14:42:21,758 - VALO360 - DEBUG - 配置保存成功
2025-07-30 14:42:21,762 - VALO360 - DEBUG - 配置已備份至: backup\setup_backup_20250730_144221.json
2025-07-30 14:42:21,762 - VALO360 - DEBUG - 配置保存成功
2025-07-30 14:42:21,764 - VALO360 - DEBUG - 配置已備份至: backup\setup_backup_20250730_144221.json
2025-07-30 14:42:21,764 - VALO360 - DEBUG - 配置保存成功
2025-07-30 14:42:21,764 - VALO360 - DEBUG - 配置已備份至: backup\setup_backup_20250730_144221.json
2025-07-30 14:42:21,768 - VALO360 - DEBUG - 配置保存成功
2025-07-30 14:42:21,768 - VALO360 - DEBUG - 配置已備份至: backup\setup_backup_20250730_144221.json
2025-07-30 14:42:21,768 - VALO360 - DEBUG - 配置保存成功
2025-07-30 14:42:21,768 - VALO360 - DEBUG - 配置已備份至: backup\setup_backup_20250730_144221.json
2025-07-30 14:42:21,768 - VALO360 - DEBUG - 配置保存成功
2025-07-30 14:42:21,772 - VALO360 - DEBUG - 配置已備份至: backup\setup_backup_20250730_144221.json
2025-07-30 14:42:21,772 - VALO360 - DEBUG - 配置保存成功
2025-07-30 14:42:21,775 - VALO360 - DEBUG - 配置已備份至: backup\setup_backup_20250730_144221.json
2025-07-30 14:42:21,775 - VALO360 - DEBUG - 配置保存成功
2025-07-30 14:42:21,776 - VALO360 - DEBUG - 配置已備份至: backup\setup_backup_20250730_144221.json
2025-07-30 14:42:21,776 - VALO360 - DEBUG - 配置保存成功
2025-07-30 14:42:21,778 - VALO360 - DEBUG - 配置已備份至: backup\setup_backup_20250730_144221.json
2025-07-30 14:42:21,779 - VALO360 - DEBUG - 配置保存成功
2025-07-30 14:42:21,781 - VALO360 - DEBUG - 配置已備份至: backup\setup_backup_20250730_144221.json
2025-07-30 14:42:21,781 - VALO360 - DEBUG - 配置保存成功
2025-07-30 14:42:21,781 - VALO360 - DEBUG - 配置已備份至: backup\setup_backup_20250730_144221.json
2025-07-30 14:42:21,783 - VALO360 - DEBUG - 配置保存成功
2025-07-30 14:42:21,783 - VALO360 - DEBUG - 配置已備份至: backup\setup_backup_20250730_144221.json
2025-07-30 14:42:21,783 - VALO360 - DEBUG - 配置保存成功
2025-07-30 14:42:21,783 - VALO360 - DEBUG - 配置已備份至: backup\setup_backup_20250730_144221.json
2025-07-30 14:42:21,783 - VALO360 - DEBUG - 配置保存成功
2025-07-30 14:42:21,788 - VALO360 - DEBUG - 配置已備份至: backup\setup_backup_20250730_144221.json
2025-07-30 14:42:21,788 - VALO360 - DEBUG - 配置保存成功
2025-07-30 14:42:21,788 - VALO360 - DEBUG - 配置已備份至: backup\setup_backup_20250730_144221.json
2025-07-30 14:42:21,788 - VALO360 - DEBUG - 配置保存成功
2025-07-30 14:42:21,788 - VALO360 - DEBUG - 配置已備份至: backup\setup_backup_20250730_144221.json
2025-07-30 14:42:21,788 - VALO360 - DEBUG - 配置保存成功
2025-07-30 14:42:21,788 - VALO360 - DEBUG - 配置已備份至: backup\setup_backup_20250730_144221.json
2025-07-30 14:42:21,788 - VALO360 - DEBUG - 配置保存成功
2025-07-30 14:42:21,788 - VALO360 - DEBUG - 配置已備份至: backup\setup_backup_20250730_144221.json
2025-07-30 14:42:21,788 - VALO360 - DEBUG - 配置保存成功
2025-07-30 14:42:21,798 - VALO360 - DEBUG - 配置已備份至: backup\setup_backup_20250730_144221.json
2025-07-30 14:42:21,800 - VALO360 - DEBUG - 配置保存成功
2025-07-30 14:42:21,801 - VALO360 - DEBUG - 配置已備份至: backup\setup_backup_20250730_144221.json
2025-07-30 14:42:21,801 - VALO360 - DEBUG - 配置保存成功
2025-07-30 14:42:21,803 - VALO360 - DEBUG - 配置已備份至: backup\setup_backup_20250730_144221.json
2025-07-30 14:42:21,803 - VALO360 - DEBUG - 配置保存成功
2025-07-30 14:42:21,804 - VALO360 - DEBUG - 配置已備份至: backup\setup_backup_20250730_144221.json
2025-07-30 14:42:21,804 - VALO360 - DEBUG - 配置保存成功
2025-07-30 14:42:21,804 - VALO360 - DEBUG - 配置已備份至: backup\setup_backup_20250730_144221.json
2025-07-30 14:42:21,804 - VALO360 - DEBUG - 配置保存成功
2025-07-30 14:42:21,809 - VALO360 - DEBUG - 配置已備份至: backup\setup_backup_20250730_144221.json
2025-07-30 14:42:21,809 - VALO360 - DEBUG - 配置保存成功
2025-07-30 14:42:21,811 - VALO360 - DEBUG - 配置已備份至: backup\setup_backup_20250730_144221.json
2025-07-30 14:42:21,811 - VALO360 - DEBUG - 配置保存成功
2025-07-30 14:42:21,813 - VALO360 - DEBUG - 配置已備份至: backup\setup_backup_20250730_144221.json
2025-07-30 14:42:21,813 - VALO360 - DEBUG - 配置保存成功
2025-07-30 14:42:21,814 - VALO360 - DEBUG - 配置已備份至: backup\setup_backup_20250730_144221.json
2025-07-30 14:42:21,814 - VALO360 - DEBUG - 配置保存成功
2025-07-30 14:42:21,816 - VALO360 - DEBUG - 配置已備份至: backup\setup_backup_20250730_144221.json
2025-07-30 14:42:21,816 - VALO360 - DEBUG - 配置保存成功
2025-07-30 14:42:21,817 - VALO360 - DEBUG - 配置已備份至: backup\setup_backup_20250730_144221.json
2025-07-30 14:42:21,817 - VALO360 - DEBUG - 配置保存成功
2025-07-30 14:42:21,819 - VALO360 - DEBUG - 配置已備份至: backup\setup_backup_20250730_144221.json
2025-07-30 14:42:21,819 - VALO360 - DEBUG - 配置保存成功
2025-07-30 14:42:21,819 - VALO360 - DEBUG - 配置已備份至: backup\setup_backup_20250730_144221.json
2025-07-30 14:42:21,819 - VALO360 - DEBUG - 配置保存成功
2025-07-30 14:42:21,824 - VALO360 - DEBUG - 配置已備份至: backup\setup_backup_20250730_144221.json
2025-07-30 14:42:21,824 - VALO360 - DEBUG - 配置保存成功
2025-07-30 14:42:21,824 - VALO360 - DEBUG - 配置已備份至: backup\setup_backup_20250730_144221.json
2025-07-30 14:42:21,824 - VALO360 - DEBUG - 配置保存成功
2025-07-30 14:42:21,827 - VALO360 - DEBUG - 配置已備份至: backup\setup_backup_20250730_144221.json
2025-07-30 14:42:21,829 - VALO360 - DEBUG - 配置保存成功
2025-07-30 14:42:21,829 - VALO360 - DEBUG - 配置已備份至: backup\setup_backup_20250730_144221.json
2025-07-30 14:42:21,829 - VALO360 - DEBUG - 配置保存成功
2025-07-30 14:42:21,832 - VALO360 - DEBUG - 配置已備份至: backup\setup_backup_20250730_144221.json
2025-07-30 14:42:21,832 - VALO360 - DEBUG - 配置保存成功
2025-07-30 14:42:21,832 - VALO360 - DEBUG - 配置已備份至: backup\setup_backup_20250730_144221.json
2025-07-30 14:42:21,832 - VALO360 - DEBUG - 配置保存成功
2025-07-30 14:42:21,835 - VALO360 - DEBUG - 配置已備份至: backup\setup_backup_20250730_144221.json
2025-07-30 14:42:21,835 - VALO360 - DEBUG - 配置保存成功
2025-07-30 14:42:21,839 - VALO360 - DEBUG - 配置已備份至: backup\setup_backup_20250730_144221.json
2025-07-30 14:42:21,840 - VALO360 - DEBUG - 配置保存成功
2025-07-30 14:42:21,840 - VALO360 - DEBUG - 配置已備份至: backup\setup_backup_20250730_144221.json
2025-07-30 14:42:21,840 - VALO360 - DEBUG - 配置保存成功
2025-07-30 14:42:21,842 - VALO360 - DEBUG - 配置已備份至: backup\setup_backup_20250730_144221.json
2025-07-30 14:42:21,842 - VALO360 - DEBUG - 配置保存成功
2025-07-30 14:42:21,844 - VALO360 - DEBUG - 配置已備份至: backup\setup_backup_20250730_144221.json
2025-07-30 14:42:21,844 - VALO360 - DEBUG - 配置保存成功
2025-07-30 14:42:21,844 - VALO360 - DEBUG - 配置已備份至: backup\setup_backup_20250730_144221.json
2025-07-30 14:42:21,844 - VALO360 - DEBUG - 配置保存成功
2025-07-30 14:42:21,849 - VALO360 - DEBUG - 配置已備份至: backup\setup_backup_20250730_144221.json
2025-07-30 14:42:21,849 - VALO360 - DEBUG - 配置保存成功
2025-07-30 14:42:21,850 - VALO360 - DEBUG - 配置已備份至: backup\setup_backup_20250730_144221.json
2025-07-30 14:42:21,850 - VALO360 - DEBUG - 配置保存成功
2025-07-30 14:42:21,850 - VALO360 - DEBUG - 配置已備份至: backup\setup_backup_20250730_144221.json
2025-07-30 14:42:21,850 - VALO360 - DEBUG - 配置保存成功
2025-07-30 14:42:21,855 - VALO360 - DEBUG - 配置已備份至: backup\setup_backup_20250730_144221.json
2025-07-30 14:42:21,855 - VALO360 - DEBUG - 配置保存成功
2025-07-30 14:42:21,857 - VALO360 - DEBUG - 配置已備份至: backup\setup_backup_20250730_144221.json
2025-07-30 14:42:21,859 - VALO360 - DEBUG - 配置保存成功
2025-07-30 14:42:21,859 - VALO360 - DEBUG - 配置已備份至: backup\setup_backup_20250730_144221.json
2025-07-30 14:42:21,860 - VALO360 - DEBUG - 配置保存成功
2025-07-30 14:42:21,861 - VALO360 - DEBUG - 配置已備份至: backup\setup_backup_20250730_144221.json
2025-07-30 14:42:21,861 - VALO360 - DEBUG - 配置保存成功
2025-07-30 14:42:21,865 - VALO360 - DEBUG - 配置已備份至: backup\setup_backup_20250730_144221.json
2025-07-30 14:42:21,865 - VALO360 - DEBUG - 配置保存成功
2025-07-30 14:42:21,865 - VALO360 - DEBUG - 配置已備份至: backup\setup_backup_20250730_144221.json
2025-07-30 14:42:21,865 - VALO360 - DEBUG - 配置保存成功
2025-07-30 14:42:21,869 - VALO360 - DEBUG - 配置已備份至: backup\setup_backup_20250730_144221.json
2025-07-30 14:42:21,869 - VALO360 - DEBUG - 配置保存成功
2025-07-30 14:42:21,871 - VALO360 - DEBUG - 配置已備份至: backup\setup_backup_20250730_144221.json
2025-07-30 14:42:21,871 - VALO360 - DEBUG - 配置保存成功
2025-07-30 14:42:21,874 - VALO360 - DEBUG - 配置已備份至: backup\setup_backup_20250730_144221.json
2025-07-30 14:42:21,874 - VALO360 - DEBUG - 配置保存成功
2025-07-30 14:42:21,874 - VALO360 - DEBUG - 配置已備份至: backup\setup_backup_20250730_144221.json
2025-07-30 14:42:21,874 - VALO360 - DEBUG - 配置保存成功
2025-07-30 14:42:21,874 - VALO360 - DEBUG - 配置已備份至: backup\setup_backup_20250730_144221.json
2025-07-30 14:42:21,874 - VALO360 - DEBUG - 配置保存成功
2025-07-30 14:42:21,881 - VALO360 - DEBUG - 配置已備份至: backup\setup_backup_20250730_144221.json
2025-07-30 14:42:21,881 - VALO360 - DEBUG - 配置保存成功
2025-07-30 14:42:21,881 - VALO360 - DEBUG - 配置已備份至: backup\setup_backup_20250730_144221.json
2025-07-30 14:42:21,881 - VALO360 - DEBUG - 配置保存成功
2025-07-30 14:42:21,881 - VALO360 - DEBUG - 配置已備份至: backup\setup_backup_20250730_144221.json
2025-07-30 14:42:21,881 - VALO360 - DEBUG - 配置保存成功
2025-07-30 14:42:21,881 - VALO360 - DEBUG - 配置已備份至: backup\setup_backup_20250730_144221.json
2025-07-30 14:42:21,881 - VALO360 - DEBUG - 配置保存成功
2025-07-30 14:42:21,881 - VALO360 - DEBUG - 配置已備份至: backup\setup_backup_20250730_144221.json
2025-07-30 14:42:21,881 - VALO360 - DEBUG - 配置保存成功
2025-07-30 14:42:21,891 - VALO360 - DEBUG - 配置已備份至: backup\setup_backup_20250730_144221.json
2025-07-30 14:42:21,891 - VALO360 - DEBUG - 配置保存成功
2025-07-30 14:42:21,892 - VALO360 - DEBUG - 配置已備份至: backup\setup_backup_20250730_144221.json
2025-07-30 14:42:21,892 - VALO360 - DEBUG - 配置保存成功
2025-07-30 14:42:21,892 - VALO360 - DEBUG - 配置已備份至: backup\setup_backup_20250730_144221.json
2025-07-30 14:42:21,892 - VALO360 - DEBUG - 配置保存成功
2025-07-30 14:42:21,892 - VALO360 - DEBUG - 配置已備份至: backup\setup_backup_20250730_144221.json
2025-07-30 14:42:21,892 - VALO360 - DEBUG - 配置保存成功
2025-07-30 14:42:21,892 - VALO360 - DEBUG - 配置已備份至: backup\setup_backup_20250730_144221.json
2025-07-30 14:42:21,900 - VALO360 - DEBUG - 配置保存成功
2025-07-30 14:42:21,901 - VALO360 - DEBUG - 配置已備份至: backup\setup_backup_20250730_144221.json
2025-07-30 14:42:21,901 - VALO360 - DEBUG - 配置保存成功
2025-07-30 14:42:21,901 - VALO360 - DEBUG - 配置已備份至: backup\setup_backup_20250730_144221.json
2025-07-30 14:42:21,903 - VALO360 - DEBUG - 配置保存成功
2025-07-30 14:42:21,905 - VALO360 - DEBUG - 配置已備份至: backup\setup_backup_20250730_144221.json
2025-07-30 14:42:21,907 - VALO360 - DEBUG - 配置保存成功
2025-07-30 14:42:21,907 - VALO360 - DEBUG - 配置已備份至: backup\setup_backup_20250730_144221.json
2025-07-30 14:42:21,907 - VALO360 - DEBUG - 配置保存成功
2025-07-30 14:42:21,909 - VALO360 - DEBUG - 配置已備份至: backup\setup_backup_20250730_144221.json
2025-07-30 14:42:21,909 - VALO360 - DEBUG - 配置保存成功
2025-07-30 14:42:21,911 - VALO360 - DEBUG - 配置已備份至: backup\setup_backup_20250730_144221.json
2025-07-30 14:42:21,911 - VALO360 - DEBUG - 配置保存成功
2025-07-30 14:42:21,911 - VALO360 - DEBUG - 配置已備份至: backup\setup_backup_20250730_144221.json
2025-07-30 14:42:21,911 - VALO360 - DEBUG - 配置保存成功
2025-07-30 14:42:21,911 - VALO360 - DEBUG - 配置已備份至: backup\setup_backup_20250730_144221.json
2025-07-30 14:42:21,911 - VALO360 - DEBUG - 配置保存成功
2025-07-30 14:42:21,911 - VALO360 - DEBUG - 配置已備份至: backup\setup_backup_20250730_144221.json
2025-07-30 14:42:21,911 - VALO360 - DEBUG - 配置保存成功
2025-07-30 14:42:21,920 - VALO360 - DEBUG - 配置已備份至: backup\setup_backup_20250730_144221.json
2025-07-30 14:42:21,921 - VALO360 - DEBUG - 配置保存成功
2025-07-30 14:42:21,924 - VALO360 - DEBUG - 配置已備份至: backup\setup_backup_20250730_144221.json
2025-07-30 14:42:21,924 - VALO360 - DEBUG - 配置保存成功
2025-07-30 14:42:21,924 - VALO360 - DEBUG - 配置已備份至: backup\setup_backup_20250730_144221.json
2025-07-30 14:42:21,924 - VALO360 - DEBUG - 配置保存成功
2025-07-30 14:42:21,927 - VALO360 - DEBUG - 配置已備份至: backup\setup_backup_20250730_144221.json
2025-07-30 14:42:21,931 - VALO360 - DEBUG - 配置保存成功
2025-07-30 14:42:21,932 - VALO360 - DEBUG - 配置已備份至: backup\setup_backup_20250730_144221.json
2025-07-30 14:42:21,932 - VALO360 - DEBUG - 配置保存成功
2025-07-30 14:42:21,934 - VALO360 - DEBUG - 配置已備份至: backup\setup_backup_20250730_144221.json
2025-07-30 14:42:21,934 - VALO360 - DEBUG - 配置保存成功
2025-07-30 14:42:21,934 - VALO360 - DEBUG - 配置已備份至: backup\setup_backup_20250730_144221.json
2025-07-30 14:42:21,934 - VALO360 - DEBUG - 配置保存成功
2025-07-30 14:42:21,938 - VALO360 - DEBUG - 配置已備份至: backup\setup_backup_20250730_144221.json
2025-07-30 14:42:21,938 - VALO360 - DEBUG - 配置保存成功
2025-07-30 14:42:21,938 - VALO360 - DEBUG - 配置已備份至: backup\setup_backup_20250730_144221.json
2025-07-30 14:42:21,941 - VALO360 - DEBUG - 配置保存成功
2025-07-30 14:42:21,943 - VALO360 - DEBUG - 配置已備份至: backup\setup_backup_20250730_144221.json
2025-07-30 14:42:21,943 - VALO360 - DEBUG - 配置保存成功
2025-07-30 14:42:21,948 - VALO360 - DEBUG - 配置已備份至: backup\setup_backup_20250730_144221.json
2025-07-30 14:42:21,948 - VALO360 - DEBUG - 配置保存成功
2025-07-30 14:42:21,950 - VALO360 - DEBUG - 配置已備份至: backup\setup_backup_20250730_144221.json
2025-07-30 14:42:21,950 - VALO360 - DEBUG - 配置保存成功
2025-07-30 14:42:21,952 - VALO360 - DEBUG - 配置已備份至: backup\setup_backup_20250730_144221.json
2025-07-30 14:42:21,952 - VALO360 - DEBUG - 配置保存成功
2025-07-30 14:42:21,952 - VALO360 - DEBUG - 配置已備份至: backup\setup_backup_20250730_144221.json
2025-07-30 14:42:21,952 - VALO360 - DEBUG - 配置保存成功
2025-07-30 14:42:21,952 - VALO360 - DEBUG - 配置已備份至: backup\setup_backup_20250730_144221.json
2025-07-30 14:42:21,952 - VALO360 - DEBUG - 配置保存成功
2025-07-30 14:42:21,952 - VALO360 - DEBUG - 配置已備份至: backup\setup_backup_20250730_144221.json
2025-07-30 14:42:21,952 - VALO360 - DEBUG - 配置保存成功
2025-07-30 14:42:21,952 - VALO360 - DEBUG - 配置已備份至: backup\setup_backup_20250730_144221.json
2025-07-30 14:42:21,952 - VALO360 - DEBUG - 配置保存成功
2025-07-30 14:42:21,962 - VALO360 - DEBUG - 配置已備份至: backup\setup_backup_20250730_144221.json
2025-07-30 14:42:21,965 - VALO360 - DEBUG - 配置保存成功
2025-07-30 14:42:21,965 - VALO360 - DEBUG - 配置已備份至: backup\setup_backup_20250730_144221.json
2025-07-30 14:42:21,965 - VALO360 - DEBUG - 配置保存成功
2025-07-30 14:42:21,968 - VALO360 - DEBUG - 配置已備份至: backup\setup_backup_20250730_144221.json
2025-07-30 14:42:21,969 - VALO360 - DEBUG - 配置保存成功
2025-07-30 14:42:21,969 - VALO360 - DEBUG - 配置已備份至: backup\setup_backup_20250730_144221.json
2025-07-30 14:42:21,969 - VALO360 - DEBUG - 配置保存成功
2025-07-30 14:42:21,983 - VALO360 - DEBUG - 配置已備份至: backup\setup_backup_20250730_144221.json
2025-07-30 14:42:21,983 - VALO360 - DEBUG - 配置保存成功
2025-07-30 14:42:21,983 - VALO360 - DEBUG - 配置已備份至: backup\setup_backup_20250730_144221.json
2025-07-30 14:42:21,983 - VALO360 - DEBUG - 配置保存成功
2025-07-30 14:42:21,990 - VALO360 - DEBUG - 配置已備份至: backup\setup_backup_20250730_144221.json
2025-07-30 14:42:21,992 - VALO360 - DEBUG - 配置保存成功
2025-07-30 14:42:21,993 - VALO360 - DEBUG - 配置已備份至: backup\setup_backup_20250730_144221.json
2025-07-30 14:42:21,994 - VALO360 - DEBUG - 配置保存成功
2025-07-30 14:42:21,996 - VALO360 - DEBUG - 配置已備份至: backup\setup_backup_20250730_144221.json
2025-07-30 14:42:21,997 - VALO360 - DEBUG - 配置保存成功
2025-07-30 14:42:22,026 - VALO360 - DEBUG - 配置已備份至: backup\setup_backup_20250730_144222.json
2025-07-30 14:42:22,027 - VALO360 - DEBUG - 配置保存成功
2025-07-30 14:42:22,038 - VALO360 - DEBUG - 配置已備份至: backup\setup_backup_20250730_144222.json
2025-07-30 14:42:22,040 - VALO360 - DEBUG - 配置保存成功
2025-07-30 14:42:22,041 - VALO360 - DEBUG - 配置已備份至: backup\setup_backup_20250730_144222.json
2025-07-30 14:42:22,042 - VALO360 - DEBUG - 配置保存成功
2025-07-30 14:42:22,042 - VALO360 - DEBUG - 配置已備份至: backup\setup_backup_20250730_144222.json
2025-07-30 14:42:22,044 - VALO360 - DEBUG - 配置保存成功
2025-07-30 14:42:22,045 - VALO360 - DEBUG - 配置已備份至: backup\setup_backup_20250730_144222.json
2025-07-30 14:42:22,046 - VALO360 - DEBUG - 配置保存成功
2025-07-30 14:42:22,048 - VALO360 - DEBUG - 配置已備份至: backup\setup_backup_20250730_144222.json
2025-07-30 14:42:22,049 - VALO360 - DEBUG - 配置保存成功
2025-07-30 14:42:22,049 - VALO360 - DEBUG - 配置已備份至: backup\setup_backup_20250730_144222.json
2025-07-30 14:42:22,049 - VALO360 - DEBUG - 配置保存成功
2025-07-30 14:42:22,049 - VALO360 - DEBUG - 配置已備份至: backup\setup_backup_20250730_144222.json
2025-07-30 14:42:22,052 - VALO360 - DEBUG - 配置保存成功
2025-07-30 14:42:22,054 - VALO360 - DEBUG - 配置已備份至: backup\setup_backup_20250730_144222.json
2025-07-30 14:42:22,054 - VALO360 - DEBUG - 配置保存成功
2025-07-30 14:42:22,056 - VALO360 - DEBUG - 配置已備份至: backup\setup_backup_20250730_144222.json
2025-07-30 14:42:22,058 - VALO360 - DEBUG - 配置保存成功
2025-07-30 14:42:22,060 - VALO360 - DEBUG - 配置已備份至: backup\setup_backup_20250730_144222.json
2025-07-30 14:42:22,060 - VALO360 - DEBUG - 配置保存成功
2025-07-30 14:42:22,060 - VALO360 - DEBUG - 配置已備份至: backup\setup_backup_20250730_144222.json
2025-07-30 14:42:22,062 - VALO360 - DEBUG - 配置保存成功
2025-07-30 14:42:22,062 - VALO360 - DEBUG - 配置已備份至: backup\setup_backup_20250730_144222.json
2025-07-30 14:42:22,064 - VALO360 - DEBUG - 配置保存成功
2025-07-30 14:42:22,066 - VALO360 - DEBUG - 配置已備份至: backup\setup_backup_20250730_144222.json
2025-07-30 14:42:22,068 - VALO360 - DEBUG - 配置保存成功
2025-07-30 14:42:22,068 - VALO360 - DEBUG - 配置已備份至: backup\setup_backup_20250730_144222.json
2025-07-30 14:42:22,068 - VALO360 - DEBUG - 配置保存成功
2025-07-30 14:42:22,068 - VALO360 - DEBUG - 配置已備份至: backup\setup_backup_20250730_144222.json
2025-07-30 14:42:22,074 - VALO360 - DEBUG - 配置保存成功
2025-07-30 14:42:22,074 - VALO360 - DEBUG - 配置已備份至: backup\setup_backup_20250730_144222.json
2025-07-30 14:42:22,074 - VALO360 - DEBUG - 配置保存成功
2025-07-30 14:42:22,076 - VALO360 - DEBUG - 配置已備份至: backup\setup_backup_20250730_144222.json
2025-07-30 14:42:22,083 - VALO360 - DEBUG - 配置保存成功
2025-07-30 14:42:22,085 - VALO360 - DEBUG - 配置已備份至: backup\setup_backup_20250730_144222.json
2025-07-30 14:42:22,085 - VALO360 - DEBUG - 配置保存成功
2025-07-30 14:42:22,085 - VALO360 - DEBUG - 配置已備份至: backup\setup_backup_20250730_144222.json
2025-07-30 14:42:22,085 - VALO360 - DEBUG - 配置保存成功
2025-07-30 14:42:22,085 - VALO360 - DEBUG - 配置已備份至: backup\setup_backup_20250730_144222.json
2025-07-30 14:42:22,085 - VALO360 - DEBUG - 配置保存成功
2025-07-30 14:42:22,105 - VALO360 - DEBUG - 配置已備份至: backup\setup_backup_20250730_144222.json
2025-07-30 14:42:22,107 - VALO360 - DEBUG - 配置保存成功
2025-07-30 14:42:22,108 - VALO360 - DEBUG - 配置已備份至: backup\setup_backup_20250730_144222.json
2025-07-30 14:42:22,108 - VALO360 - DEBUG - 配置保存成功
2025-07-30 14:42:22,108 - VALO360 - DEBUG - 配置已備份至: backup\setup_backup_20250730_144222.json
2025-07-30 14:42:22,108 - VALO360 - DEBUG - 配置保存成功
2025-07-30 14:42:22,108 - VALO360 - DEBUG - 配置已備份至: backup\setup_backup_20250730_144222.json
2025-07-30 14:42:22,108 - VALO360 - DEBUG - 配置保存成功
2025-07-30 14:42:22,124 - VALO360 - DEBUG - 配置已備份至: backup\setup_backup_20250730_144222.json
2025-07-30 14:42:22,127 - VALO360 - DEBUG - 配置保存成功
2025-07-30 14:42:22,127 - VALO360 - DEBUG - 配置已備份至: backup\setup_backup_20250730_144222.json
2025-07-30 14:42:22,127 - VALO360 - DEBUG - 配置保存成功
2025-07-30 14:42:22,130 - VALO360 - DEBUG - 配置已備份至: backup\setup_backup_20250730_144222.json
2025-07-30 14:42:22,130 - VALO360 - DEBUG - 配置保存成功
2025-07-30 14:42:22,130 - VALO360 - DEBUG - 配置已備份至: backup\setup_backup_20250730_144222.json
2025-07-30 14:42:22,130 - VALO360 - DEBUG - 配置保存成功
2025-07-30 14:42:22,148 - VALO360 - DEBUG - 配置已備份至: backup\setup_backup_20250730_144222.json
2025-07-30 14:42:22,149 - VALO360 - DEBUG - 配置保存成功
2025-07-30 14:42:22,149 - VALO360 - DEBUG - 配置已備份至: backup\setup_backup_20250730_144222.json
2025-07-30 14:42:22,151 - VALO360 - DEBUG - 配置保存成功
2025-07-30 14:42:22,151 - VALO360 - DEBUG - 配置已備份至: backup\setup_backup_20250730_144222.json
2025-07-30 14:42:22,152 - VALO360 - DEBUG - 配置保存成功
2025-07-30 14:42:22,152 - VALO360 - DEBUG - 配置已備份至: backup\setup_backup_20250730_144222.json
2025-07-30 14:42:22,155 - VALO360 - DEBUG - 配置保存成功
2025-07-30 14:42:22,155 - VALO360 - DEBUG - 配置已備份至: backup\setup_backup_20250730_144222.json
2025-07-30 14:42:22,155 - VALO360 - DEBUG - 配置保存成功
2025-07-30 14:42:22,155 - VALO360 - DEBUG - 配置已備份至: backup\setup_backup_20250730_144222.json
2025-07-30 14:42:22,160 - VALO360 - DEBUG - 配置保存成功
2025-07-30 14:42:22,160 - VALO360 - DEBUG - 配置已備份至: backup\setup_backup_20250730_144222.json
2025-07-30 14:42:22,160 - VALO360 - DEBUG - 配置保存成功
2025-07-30 14:42:22,160 - VALO360 - DEBUG - 配置已備份至: backup\setup_backup_20250730_144222.json
2025-07-30 14:42:22,164 - VALO360 - DEBUG - 配置保存成功
2025-07-30 14:42:22,165 - VALO360 - DEBUG - 配置已備份至: backup\setup_backup_20250730_144222.json
2025-07-30 14:42:22,165 - VALO360 - DEBUG - 配置保存成功
2025-07-30 14:42:22,165 - VALO360 - DEBUG - 配置已備份至: backup\setup_backup_20250730_144222.json
2025-07-30 14:42:22,168 - VALO360 - DEBUG - 配置保存成功
2025-07-30 14:42:22,169 - VALO360 - DEBUG - 配置已備份至: backup\setup_backup_20250730_144222.json
2025-07-30 14:42:22,169 - VALO360 - DEBUG - 配置保存成功
2025-07-30 14:42:22,169 - VALO360 - DEBUG - 配置已備份至: backup\setup_backup_20250730_144222.json
2025-07-30 14:42:22,172 - VALO360 - DEBUG - 配置保存成功
2025-07-30 14:42:22,179 - VALO360 - DEBUG - 配置已備份至: backup\setup_backup_20250730_144222.json
2025-07-30 14:42:22,179 - VALO360 - DEBUG - 配置保存成功
2025-07-30 14:42:22,182 - VALO360 - DEBUG - 配置已備份至: backup\setup_backup_20250730_144222.json
2025-07-30 14:42:22,182 - VALO360 - DEBUG - 配置保存成功
2025-07-30 14:42:22,183 - VALO360 - DEBUG - 配置已備份至: backup\setup_backup_20250730_144222.json
2025-07-30 14:42:22,183 - VALO360 - DEBUG - 配置保存成功
2025-07-30 14:42:22,185 - VALO360 - DEBUG - 配置已備份至: backup\setup_backup_20250730_144222.json
2025-07-30 14:42:22,185 - VALO360 - DEBUG - 配置保存成功
2025-07-30 14:42:22,192 - VALO360 - DEBUG - 配置已備份至: backup\setup_backup_20250730_144222.json
2025-07-30 14:42:22,192 - VALO360 - DEBUG - 配置保存成功
2025-07-30 14:42:22,192 - VALO360 - DEBUG - 配置已備份至: backup\setup_backup_20250730_144222.json
2025-07-30 14:42:22,192 - VALO360 - DEBUG - 配置保存成功
2025-07-30 14:42:22,195 - VALO360 - DEBUG - 配置已備份至: backup\setup_backup_20250730_144222.json
2025-07-30 14:42:22,195 - VALO360 - DEBUG - 配置保存成功
2025-07-30 14:42:22,195 - VALO360 - DEBUG - 配置已備份至: backup\setup_backup_20250730_144222.json
2025-07-30 14:42:22,198 - VALO360 - DEBUG - 配置保存成功
2025-07-30 14:42:22,201 - VALO360 - DEBUG - 配置已備份至: backup\setup_backup_20250730_144222.json
2025-07-30 14:42:22,202 - VALO360 - DEBUG - 配置保存成功
2025-07-30 14:42:22,202 - VALO360 - DEBUG - 配置已備份至: backup\setup_backup_20250730_144222.json
2025-07-30 14:42:22,202 - VALO360 - DEBUG - 配置保存成功
2025-07-30 14:42:22,205 - VALO360 - DEBUG - 配置已備份至: backup\setup_backup_20250730_144222.json
2025-07-30 14:42:22,205 - VALO360 - DEBUG - 配置保存成功
2025-07-30 14:42:22,207 - VALO360 - DEBUG - 配置已備份至: backup\setup_backup_20250730_144222.json
2025-07-30 14:42:22,207 - VALO360 - DEBUG - 配置保存成功
2025-07-30 14:42:23,880 - VALO360 - DEBUG - 配置已備份至: backup\setup_backup_20250730_144223.json
2025-07-30 14:42:23,883 - VALO360 - DEBUG - 配置保存成功
2025-07-30 14:42:23,883 - VALO360 - DEBUG - 配置已備份至: backup\setup_backup_20250730_144223.json
2025-07-30 14:42:23,883 - VALO360 - DEBUG - 配置保存成功
2025-07-30 14:42:23,891 - VALO360 - DEBUG - 配置已備份至: backup\setup_backup_20250730_144223.json
2025-07-30 14:42:23,891 - VALO360 - DEBUG - 配置保存成功
2025-07-30 14:42:23,893 - VALO360 - DEBUG - 配置已備份至: backup\setup_backup_20250730_144223.json
2025-07-30 14:42:23,893 - VALO360 - DEBUG - 配置保存成功
2025-07-30 14:42:23,893 - VALO360 - DEBUG - 配置已備份至: backup\setup_backup_20250730_144223.json
2025-07-30 14:42:23,893 - VALO360 - DEBUG - 配置保存成功
2025-07-30 14:42:23,893 - VALO360 - DEBUG - 配置已備份至: backup\setup_backup_20250730_144223.json
2025-07-30 14:42:23,893 - VALO360 - DEBUG - 配置保存成功
2025-07-30 14:42:23,893 - VALO360 - DEBUG - 配置已備份至: backup\setup_backup_20250730_144223.json
2025-07-30 14:42:23,901 - VALO360 - DEBUG - 配置保存成功
2025-07-30 14:42:23,902 - VALO360 - DEBUG - 配置已備份至: backup\setup_backup_20250730_144223.json
2025-07-30 14:42:23,902 - VALO360 - DEBUG - 配置保存成功
2025-07-30 14:42:23,902 - VALO360 - DEBUG - 配置已備份至: backup\setup_backup_20250730_144223.json
2025-07-30 14:42:23,902 - VALO360 - DEBUG - 配置保存成功
2025-07-30 14:42:23,902 - VALO360 - DEBUG - 配置已備份至: backup\setup_backup_20250730_144223.json
2025-07-30 14:42:23,902 - VALO360 - DEBUG - 配置保存成功
2025-07-30 14:42:23,902 - VALO360 - DEBUG - 配置已備份至: backup\setup_backup_20250730_144223.json
2025-07-30 14:42:23,911 - VALO360 - DEBUG - 配置保存成功
2025-07-30 14:42:23,913 - VALO360 - DEBUG - 配置已備份至: backup\setup_backup_20250730_144223.json
2025-07-30 14:42:23,913 - VALO360 - DEBUG - 配置保存成功
2025-07-30 14:42:23,914 - VALO360 - DEBUG - 配置已備份至: backup\setup_backup_20250730_144223.json
2025-07-30 14:42:23,914 - VALO360 - DEBUG - 配置保存成功
2025-07-30 14:42:23,917 - VALO360 - DEBUG - 配置已備份至: backup\setup_backup_20250730_144223.json
2025-07-30 14:42:23,917 - VALO360 - DEBUG - 配置保存成功
2025-07-30 14:42:23,921 - VALO360 - DEBUG - 配置已備份至: backup\setup_backup_20250730_144223.json
2025-07-30 14:42:23,921 - VALO360 - DEBUG - 配置保存成功
2025-07-30 14:42:23,924 - VALO360 - DEBUG - 配置已備份至: backup\setup_backup_20250730_144223.json
2025-07-30 14:42:23,924 - VALO360 - DEBUG - 配置保存成功
2025-07-30 14:42:23,926 - VALO360 - DEBUG - 配置已備份至: backup\setup_backup_20250730_144223.json
2025-07-30 14:42:23,927 - VALO360 - DEBUG - 配置保存成功
2025-07-30 14:42:23,935 - VALO360 - DEBUG - 配置已備份至: backup\setup_backup_20250730_144223.json
2025-07-30 14:42:23,935 - VALO360 - DEBUG - 配置保存成功
2025-07-30 14:42:23,935 - VALO360 - DEBUG - 配置已備份至: backup\setup_backup_20250730_144223.json
2025-07-30 14:42:23,937 - VALO360 - DEBUG - 配置保存成功
2025-07-30 14:42:23,939 - VALO360 - DEBUG - 配置已備份至: backup\setup_backup_20250730_144223.json
2025-07-30 14:42:23,939 - VALO360 - DEBUG - 配置保存成功
2025-07-30 14:42:23,941 - VALO360 - DEBUG - 配置已備份至: backup\setup_backup_20250730_144223.json
2025-07-30 14:42:23,942 - VALO360 - DEBUG - 配置保存成功
2025-07-30 14:42:23,958 - VALO360 - DEBUG - 配置已備份至: backup\setup_backup_20250730_144223.json
2025-07-30 14:42:23,958 - VALO360 - DEBUG - 配置保存成功
2025-07-30 14:42:23,958 - VALO360 - DEBUG - 配置已備份至: backup\setup_backup_20250730_144223.json
2025-07-30 14:42:23,963 - VALO360 - DEBUG - 配置保存成功
2025-07-30 14:42:23,964 - VALO360 - DEBUG - 配置已備份至: backup\setup_backup_20250730_144223.json
2025-07-30 14:42:23,964 - VALO360 - DEBUG - 配置保存成功
2025-07-30 14:42:23,964 - VALO360 - DEBUG - 配置已備份至: backup\setup_backup_20250730_144223.json
2025-07-30 14:42:23,964 - VALO360 - DEBUG - 配置保存成功
2025-07-30 14:42:23,969 - VALO360 - DEBUG - 配置已備份至: backup\setup_backup_20250730_144223.json
2025-07-30 14:42:23,969 - VALO360 - DEBUG - 配置保存成功
2025-07-30 14:42:23,971 - VALO360 - DEBUG - 配置已備份至: backup\setup_backup_20250730_144223.json
2025-07-30 14:42:23,971 - VALO360 - DEBUG - 配置保存成功
2025-07-30 14:42:23,973 - VALO360 - DEBUG - 配置已備份至: backup\setup_backup_20250730_144223.json
2025-07-30 14:42:23,973 - VALO360 - DEBUG - 配置保存成功
2025-07-30 14:42:23,973 - VALO360 - DEBUG - 配置已備份至: backup\setup_backup_20250730_144223.json
2025-07-30 14:42:23,973 - VALO360 - DEBUG - 配置保存成功
2025-07-30 14:42:23,983 - VALO360 - DEBUG - 配置已備份至: backup\setup_backup_20250730_144223.json
2025-07-30 14:42:23,983 - VALO360 - DEBUG - 配置保存成功
2025-07-30 14:42:23,983 - VALO360 - DEBUG - 配置已備份至: backup\setup_backup_20250730_144223.json
2025-07-30 14:42:23,983 - VALO360 - DEBUG - 配置保存成功
2025-07-30 14:42:23,993 - VALO360 - DEBUG - 配置已備份至: backup\setup_backup_20250730_144223.json
2025-07-30 14:42:23,995 - VALO360 - DEBUG - 配置保存成功
2025-07-30 14:42:23,995 - VALO360 - DEBUG - 配置已備份至: backup\setup_backup_20250730_144223.json
2025-07-30 14:42:23,995 - VALO360 - DEBUG - 配置保存成功
2025-07-30 14:42:23,995 - VALO360 - DEBUG - 配置已備份至: backup\setup_backup_20250730_144223.json
2025-07-30 14:42:23,995 - VALO360 - DEBUG - 配置保存成功
2025-07-30 14:42:23,995 - VALO360 - DEBUG - 配置已備份至: backup\setup_backup_20250730_144223.json
2025-07-30 14:42:23,995 - VALO360 - DEBUG - 配置保存成功
2025-07-30 14:42:23,995 - VALO360 - DEBUG - 配置已備份至: backup\setup_backup_20250730_144223.json
2025-07-30 14:42:24,003 - VALO360 - DEBUG - 配置保存成功
2025-07-30 14:42:24,005 - VALO360 - DEBUG - 配置已備份至: backup\setup_backup_20250730_144224.json
2025-07-30 14:42:24,005 - VALO360 - DEBUG - 配置保存成功
2025-07-30 14:42:24,007 - VALO360 - DEBUG - 配置已備份至: backup\setup_backup_20250730_144224.json
2025-07-30 14:42:24,007 - VALO360 - DEBUG - 配置保存成功
2025-07-30 14:42:24,007 - VALO360 - DEBUG - 配置已備份至: backup\setup_backup_20250730_144224.json
2025-07-30 14:42:24,007 - VALO360 - DEBUG - 配置保存成功
2025-07-30 14:42:24,007 - VALO360 - DEBUG - 配置已備份至: backup\setup_backup_20250730_144224.json
2025-07-30 14:42:24,007 - VALO360 - DEBUG - 配置保存成功
2025-07-30 14:42:24,007 - VALO360 - DEBUG - 配置已備份至: backup\setup_backup_20250730_144224.json
2025-07-30 14:42:24,014 - VALO360 - DEBUG - 配置保存成功
2025-07-30 14:42:24,024 - VALO360 - DEBUG - 配置已備份至: backup\setup_backup_20250730_144224.json
2025-07-30 14:42:24,024 - VALO360 - DEBUG - 配置保存成功
2025-07-30 14:42:24,024 - VALO360 - DEBUG - 配置已備份至: backup\setup_backup_20250730_144224.json
2025-07-30 14:42:24,024 - VALO360 - DEBUG - 配置保存成功
2025-07-30 14:42:24,024 - VALO360 - DEBUG - 配置已備份至: backup\setup_backup_20250730_144224.json
2025-07-30 14:42:24,024 - VALO360 - DEBUG - 配置保存成功
2025-07-30 14:42:24,024 - VALO360 - DEBUG - 配置已備份至: backup\setup_backup_20250730_144224.json
2025-07-30 14:42:24,024 - VALO360 - DEBUG - 配置保存成功
2025-07-30 14:42:24,039 - VALO360 - DEBUG - 配置已備份至: backup\setup_backup_20250730_144224.json
2025-07-30 14:42:24,044 - VALO360 - DEBUG - 配置保存成功
2025-07-30 14:42:24,044 - VALO360 - DEBUG - 配置已備份至: backup\setup_backup_20250730_144224.json
2025-07-30 14:42:24,044 - VALO360 - DEBUG - 配置保存成功
2025-07-30 14:42:24,044 - VALO360 - DEBUG - 配置已備份至: backup\setup_backup_20250730_144224.json
2025-07-30 14:42:24,044 - VALO360 - DEBUG - 配置保存成功
2025-07-30 14:42:24,044 - VALO360 - DEBUG - 配置已備份至: backup\setup_backup_20250730_144224.json
2025-07-30 14:42:24,044 - VALO360 - DEBUG - 配置保存成功
2025-07-30 14:42:24,044 - VALO360 - DEBUG - 配置已備份至: backup\setup_backup_20250730_144224.json
2025-07-30 14:42:24,044 - VALO360 - DEBUG - 配置保存成功
2025-07-30 14:42:24,044 - VALO360 - DEBUG - 配置已備份至: backup\setup_backup_20250730_144224.json
2025-07-30 14:42:24,054 - VALO360 - DEBUG - 配置保存成功
2025-07-30 14:42:24,055 - VALO360 - DEBUG - 配置已備份至: backup\setup_backup_20250730_144224.json
2025-07-30 14:42:24,056 - VALO360 - DEBUG - 配置保存成功
2025-07-30 14:42:24,056 - VALO360 - DEBUG - 配置已備份至: backup\setup_backup_20250730_144224.json
2025-07-30 14:42:24,056 - VALO360 - DEBUG - 配置保存成功
2025-07-30 14:42:24,137 - VALO360 - DEBUG - 配置已備份至: backup\setup_backup_20250730_144224.json
2025-07-30 14:42:24,138 - VALO360 - DEBUG - 配置保存成功
2025-07-30 14:42:24,140 - VALO360 - DEBUG - 配置已備份至: backup\setup_backup_20250730_144224.json
2025-07-30 14:42:24,141 - VALO360 - DEBUG - 配置保存成功
2025-07-30 14:42:24,142 - VALO360 - DEBUG - 配置已備份至: backup\setup_backup_20250730_144224.json
2025-07-30 14:42:24,142 - VALO360 - DEBUG - 配置保存成功
2025-07-30 14:42:24,145 - VALO360 - DEBUG - 配置已備份至: backup\setup_backup_20250730_144224.json
2025-07-30 14:42:24,147 - VALO360 - DEBUG - 配置保存成功
2025-07-30 14:42:24,148 - VALO360 - DEBUG - 配置已備份至: backup\setup_backup_20250730_144224.json
2025-07-30 14:42:24,152 - VALO360 - DEBUG - 配置保存成功
2025-07-30 14:42:24,152 - VALO360 - DEBUG - 配置已備份至: backup\setup_backup_20250730_144224.json
2025-07-30 14:42:24,155 - VALO360 - DEBUG - 配置保存成功
2025-07-30 14:42:24,155 - VALO360 - DEBUG - 配置已備份至: backup\setup_backup_20250730_144224.json
2025-07-30 14:42:24,155 - VALO360 - DEBUG - 配置保存成功
2025-07-30 14:42:24,160 - VALO360 - DEBUG - 配置已備份至: backup\setup_backup_20250730_144224.json
2025-07-30 14:42:24,160 - VALO360 - DEBUG - 配置保存成功
2025-07-30 14:42:24,166 - VALO360 - DEBUG - 配置已備份至: backup\setup_backup_20250730_144224.json
2025-07-30 14:42:24,166 - VALO360 - DEBUG - 配置保存成功
2025-07-30 14:42:24,170 - VALO360 - DEBUG - 配置已備份至: backup\setup_backup_20250730_144224.json
2025-07-30 14:42:24,170 - VALO360 - DEBUG - 配置保存成功
2025-07-30 14:42:24,170 - VALO360 - DEBUG - 配置已備份至: backup\setup_backup_20250730_144224.json
2025-07-30 14:42:24,170 - VALO360 - DEBUG - 配置保存成功
2025-07-30 14:42:24,176 - VALO360 - DEBUG - 配置已備份至: backup\setup_backup_20250730_144224.json
2025-07-30 14:42:24,178 - VALO360 - DEBUG - 配置保存成功
2025-07-30 14:42:24,180 - VALO360 - DEBUG - 配置已備份至: backup\setup_backup_20250730_144224.json
2025-07-30 14:42:24,182 - VALO360 - DEBUG - 配置保存成功
2025-07-30 14:42:24,182 - VALO360 - DEBUG - 配置已備份至: backup\setup_backup_20250730_144224.json
2025-07-30 14:42:24,184 - VALO360 - DEBUG - 配置保存成功
2025-07-30 14:42:24,184 - VALO360 - DEBUG - 配置已備份至: backup\setup_backup_20250730_144224.json
2025-07-30 14:42:24,186 - VALO360 - DEBUG - 配置保存成功
2025-07-30 14:42:24,186 - VALO360 - DEBUG - 配置已備份至: backup\setup_backup_20250730_144224.json
2025-07-30 14:42:24,188 - VALO360 - DEBUG - 配置保存成功
2025-07-30 14:42:24,192 - VALO360 - DEBUG - 配置已備份至: backup\setup_backup_20250730_144224.json
2025-07-30 14:42:24,194 - VALO360 - DEBUG - 配置保存成功
2025-07-30 14:42:24,194 - VALO360 - DEBUG - 配置已備份至: backup\setup_backup_20250730_144224.json
2025-07-30 14:42:24,196 - VALO360 - DEBUG - 配置保存成功
2025-07-30 14:42:24,197 - VALO360 - DEBUG - 配置已備份至: backup\setup_backup_20250730_144224.json
2025-07-30 14:42:24,197 - VALO360 - DEBUG - 配置保存成功
2025-07-30 14:42:24,199 - VALO360 - DEBUG - 配置已備份至: backup\setup_backup_20250730_144224.json
2025-07-30 14:42:24,201 - VALO360 - DEBUG - 配置保存成功
2025-07-30 14:42:24,204 - VALO360 - DEBUG - 配置已備份至: backup\setup_backup_20250730_144224.json
2025-07-30 14:42:24,206 - VALO360 - DEBUG - 配置保存成功
2025-07-30 14:42:24,207 - VALO360 - DEBUG - 配置已備份至: backup\setup_backup_20250730_144224.json
2025-07-30 14:42:24,207 - VALO360 - DEBUG - 配置保存成功
2025-07-30 14:42:24,209 - VALO360 - DEBUG - 配置已備份至: backup\setup_backup_20250730_144224.json
2025-07-30 14:42:24,211 - VALO360 - DEBUG - 配置保存成功
2025-07-30 14:42:24,211 - VALO360 - DEBUG - 配置已備份至: backup\setup_backup_20250730_144224.json
2025-07-30 14:42:24,213 - VALO360 - DEBUG - 配置保存成功
2025-07-30 14:42:24,213 - VALO360 - DEBUG - 配置已備份至: backup\setup_backup_20250730_144224.json
2025-07-30 14:42:24,218 - VALO360 - DEBUG - 配置保存成功
2025-07-30 14:42:24,218 - VALO360 - DEBUG - 配置已備份至: backup\setup_backup_20250730_144224.json
2025-07-30 14:42:24,219 - VALO360 - DEBUG - 配置保存成功
2025-07-30 14:42:24,219 - VALO360 - DEBUG - 配置已備份至: backup\setup_backup_20250730_144224.json
2025-07-30 14:42:24,221 - VALO360 - DEBUG - 配置保存成功
2025-07-30 14:42:24,223 - VALO360 - DEBUG - 配置已備份至: backup\setup_backup_20250730_144224.json
2025-07-30 14:42:24,223 - VALO360 - DEBUG - 配置保存成功
2025-07-30 14:42:24,229 - VALO360 - DEBUG - 配置已備份至: backup\setup_backup_20250730_144224.json
2025-07-30 14:42:24,230 - VALO360 - DEBUG - 配置保存成功
2025-07-30 14:42:24,230 - VALO360 - DEBUG - 配置已備份至: backup\setup_backup_20250730_144224.json
2025-07-30 14:42:24,232 - VALO360 - DEBUG - 配置保存成功
2025-07-30 14:42:24,232 - VALO360 - DEBUG - 配置已備份至: backup\setup_backup_20250730_144224.json
2025-07-30 14:42:24,234 - VALO360 - DEBUG - 配置保存成功
2025-07-30 14:42:24,234 - VALO360 - DEBUG - 配置已備份至: backup\setup_backup_20250730_144224.json
2025-07-30 14:42:24,236 - VALO360 - DEBUG - 配置保存成功
2025-07-30 14:42:24,240 - VALO360 - DEBUG - 配置已備份至: backup\setup_backup_20250730_144224.json
2025-07-30 14:42:24,240 - VALO360 - DEBUG - 配置保存成功
2025-07-30 14:42:24,240 - VALO360 - DEBUG - 配置已備份至: backup\setup_backup_20250730_144224.json
2025-07-30 14:42:24,243 - VALO360 - DEBUG - 配置保存成功
2025-07-30 14:42:24,243 - VALO360 - DEBUG - 配置已備份至: backup\setup_backup_20250730_144224.json
2025-07-30 14:42:24,245 - VALO360 - DEBUG - 配置保存成功
2025-07-30 14:42:24,245 - VALO360 - DEBUG - 配置已備份至: backup\setup_backup_20250730_144224.json
2025-07-30 14:42:24,245 - VALO360 - DEBUG - 配置保存成功
2025-07-30 14:42:24,250 - VALO360 - DEBUG - 配置已備份至: backup\setup_backup_20250730_144224.json
2025-07-30 14:42:24,250 - VALO360 - DEBUG - 配置保存成功
2025-07-30 14:42:24,250 - VALO360 - DEBUG - 配置已備份至: backup\setup_backup_20250730_144224.json
2025-07-30 14:42:24,253 - VALO360 - DEBUG - 配置保存成功
2025-07-30 14:42:24,253 - VALO360 - DEBUG - 配置已備份至: backup\setup_backup_20250730_144224.json
2025-07-30 14:42:24,255 - VALO360 - DEBUG - 配置保存成功
2025-07-30 14:42:24,255 - VALO360 - DEBUG - 配置已備份至: backup\setup_backup_20250730_144224.json
2025-07-30 14:42:24,255 - VALO360 - DEBUG - 配置保存成功
2025-07-30 14:42:24,259 - VALO360 - DEBUG - 配置已備份至: backup\setup_backup_20250730_144224.json
2025-07-30 14:42:24,262 - VALO360 - DEBUG - 配置保存成功
2025-07-30 14:42:24,262 - VALO360 - DEBUG - 配置已備份至: backup\setup_backup_20250730_144224.json
2025-07-30 14:42:24,264 - VALO360 - DEBUG - 配置保存成功
2025-07-30 14:42:24,264 - VALO360 - DEBUG - 配置已備份至: backup\setup_backup_20250730_144224.json
2025-07-30 14:42:24,266 - VALO360 - DEBUG - 配置保存成功
2025-07-30 14:42:24,266 - VALO360 - DEBUG - 配置已備份至: backup\setup_backup_20250730_144224.json
2025-07-30 14:42:24,268 - VALO360 - DEBUG - 配置保存成功
2025-07-30 14:42:24,270 - VALO360 - DEBUG - 配置已備份至: backup\setup_backup_20250730_144224.json
2025-07-30 14:42:24,270 - VALO360 - DEBUG - 配置保存成功
2025-07-30 14:42:24,270 - VALO360 - DEBUG - 配置已備份至: backup\setup_backup_20250730_144224.json
2025-07-30 14:42:24,270 - VALO360 - DEBUG - 配置保存成功
2025-07-30 14:42:24,270 - VALO360 - DEBUG - 配置已備份至: backup\setup_backup_20250730_144224.json
2025-07-30 14:42:24,270 - VALO360 - DEBUG - 配置保存成功
2025-07-30 14:42:24,277 - VALO360 - DEBUG - 配置已備份至: backup\setup_backup_20250730_144224.json
2025-07-30 14:42:24,279 - VALO360 - DEBUG - 配置保存成功
2025-07-30 14:42:24,284 - VALO360 - DEBUG - 配置已備份至: backup\setup_backup_20250730_144224.json
2025-07-30 14:42:24,284 - VALO360 - DEBUG - 配置保存成功
2025-07-30 14:42:24,284 - VALO360 - DEBUG - 配置已備份至: backup\setup_backup_20250730_144224.json
2025-07-30 14:42:24,287 - VALO360 - DEBUG - 配置保存成功
2025-07-30 14:42:24,287 - VALO360 - DEBUG - 配置已備份至: backup\setup_backup_20250730_144224.json
2025-07-30 14:42:24,289 - VALO360 - DEBUG - 配置保存成功
2025-07-30 14:42:24,290 - VALO360 - DEBUG - 配置已備份至: backup\setup_backup_20250730_144224.json
2025-07-30 14:42:24,290 - VALO360 - DEBUG - 配置保存成功
2025-07-30 14:42:24,293 - VALO360 - DEBUG - 配置已備份至: backup\setup_backup_20250730_144224.json
2025-07-30 14:42:24,293 - VALO360 - DEBUG - 配置保存成功
2025-07-30 14:42:24,293 - VALO360 - DEBUG - 配置已備份至: backup\setup_backup_20250730_144224.json
2025-07-30 14:42:24,297 - VALO360 - DEBUG - 配置保存成功
2025-07-30 14:42:24,298 - VALO360 - DEBUG - 配置已備份至: backup\setup_backup_20250730_144224.json
2025-07-30 14:42:24,298 - VALO360 - DEBUG - 配置保存成功
2025-07-30 14:42:24,300 - VALO360 - DEBUG - 配置已備份至: backup\setup_backup_20250730_144224.json
2025-07-30 14:42:24,300 - VALO360 - DEBUG - 配置保存成功
2025-07-30 14:42:24,311 - VALO360 - DEBUG - 配置已備份至: backup\setup_backup_20250730_144224.json
2025-07-30 14:42:24,311 - VALO360 - DEBUG - 配置保存成功
2025-07-30 14:42:24,313 - VALO360 - DEBUG - 配置已備份至: backup\setup_backup_20250730_144224.json
2025-07-30 14:42:24,313 - VALO360 - DEBUG - 配置保存成功
2025-07-30 14:42:24,315 - VALO360 - DEBUG - 配置已備份至: backup\setup_backup_20250730_144224.json
2025-07-30 14:42:24,315 - VALO360 - DEBUG - 配置保存成功
2025-07-30 14:42:24,317 - VALO360 - DEBUG - 配置已備份至: backup\setup_backup_20250730_144224.json
2025-07-30 14:42:24,317 - VALO360 - DEBUG - 配置保存成功
2025-07-30 14:42:24,319 - VALO360 - DEBUG - 配置已備份至: backup\setup_backup_20250730_144224.json
2025-07-30 14:42:24,319 - VALO360 - DEBUG - 配置保存成功
2025-07-30 14:42:24,321 - VALO360 - DEBUG - 配置已備份至: backup\setup_backup_20250730_144224.json
2025-07-30 14:42:24,321 - VALO360 - DEBUG - 配置保存成功
2025-07-30 14:42:24,323 - VALO360 - DEBUG - 配置已備份至: backup\setup_backup_20250730_144224.json
2025-07-30 14:42:24,325 - VALO360 - DEBUG - 配置保存成功
2025-07-30 14:42:24,325 - VALO360 - DEBUG - 配置已備份至: backup\setup_backup_20250730_144224.json
2025-07-30 14:42:24,327 - VALO360 - DEBUG - 配置保存成功
2025-07-30 14:42:24,329 - VALO360 - DEBUG - 配置已備份至: backup\setup_backup_20250730_144224.json
2025-07-30 14:42:24,329 - VALO360 - DEBUG - 配置保存成功
2025-07-30 14:42:24,331 - VALO360 - DEBUG - 配置已備份至: backup\setup_backup_20250730_144224.json
2025-07-30 14:42:24,331 - VALO360 - DEBUG - 配置保存成功
2025-07-30 14:42:24,333 - VALO360 - DEBUG - 配置已備份至: backup\setup_backup_20250730_144224.json
2025-07-30 14:42:24,333 - VALO360 - DEBUG - 配置保存成功
2025-07-30 14:42:24,333 - VALO360 - DEBUG - 配置已備份至: backup\setup_backup_20250730_144224.json
2025-07-30 14:42:24,336 - VALO360 - DEBUG - 配置保存成功
2025-07-30 14:42:24,337 - VALO360 - DEBUG - 配置已備份至: backup\setup_backup_20250730_144224.json
2025-07-30 14:42:24,339 - VALO360 - DEBUG - 配置保存成功
2025-07-30 14:42:24,341 - VALO360 - DEBUG - 配置已備份至: backup\setup_backup_20250730_144224.json
2025-07-30 14:42:24,341 - VALO360 - DEBUG - 配置保存成功
2025-07-30 14:42:24,343 - VALO360 - DEBUG - 配置已備份至: backup\setup_backup_20250730_144224.json
2025-07-30 14:42:24,343 - VALO360 - DEBUG - 配置保存成功
2025-07-30 14:42:24,345 - VALO360 - DEBUG - 配置已備份至: backup\setup_backup_20250730_144224.json
2025-07-30 14:42:24,345 - VALO360 - DEBUG - 配置保存成功
2025-07-30 14:42:24,349 - VALO360 - DEBUG - 配置已備份至: backup\setup_backup_20250730_144224.json
2025-07-30 14:42:24,351 - VALO360 - DEBUG - 配置保存成功
2025-07-30 14:42:24,351 - VALO360 - DEBUG - 配置已備份至: backup\setup_backup_20250730_144224.json
2025-07-30 14:42:24,353 - VALO360 - DEBUG - 配置保存成功
2025-07-30 14:42:24,353 - VALO360 - DEBUG - 配置已備份至: backup\setup_backup_20250730_144224.json
2025-07-30 14:42:24,355 - VALO360 - DEBUG - 配置保存成功
2025-07-30 14:42:24,355 - VALO360 - DEBUG - 配置已備份至: backup\setup_backup_20250730_144224.json
2025-07-30 14:42:24,357 - VALO360 - DEBUG - 配置保存成功
2025-07-30 14:42:24,359 - VALO360 - DEBUG - 配置已備份至: backup\setup_backup_20250730_144224.json
2025-07-30 14:42:24,359 - VALO360 - DEBUG - 配置保存成功
2025-07-30 14:42:24,361 - VALO360 - DEBUG - 配置已備份至: backup\setup_backup_20250730_144224.json
2025-07-30 14:42:24,361 - VALO360 - DEBUG - 配置保存成功
2025-07-30 14:42:24,363 - VALO360 - DEBUG - 配置已備份至: backup\setup_backup_20250730_144224.json
2025-07-30 14:42:24,363 - VALO360 - DEBUG - 配置保存成功
2025-07-30 14:42:24,365 - VALO360 - DEBUG - 配置已備份至: backup\setup_backup_20250730_144224.json
2025-07-30 14:42:24,365 - VALO360 - DEBUG - 配置保存成功
2025-07-30 14:42:24,369 - VALO360 - DEBUG - 配置已備份至: backup\setup_backup_20250730_144224.json
2025-07-30 14:42:24,371 - VALO360 - DEBUG - 配置保存成功
2025-07-30 14:42:24,373 - VALO360 - DEBUG - 配置已備份至: backup\setup_backup_20250730_144224.json
2025-07-30 14:42:24,373 - VALO360 - DEBUG - 配置保存成功
2025-07-30 14:42:24,373 - VALO360 - DEBUG - 配置已備份至: backup\setup_backup_20250730_144224.json
2025-07-30 14:42:24,376 - VALO360 - DEBUG - 配置保存成功
2025-07-30 14:42:24,376 - VALO360 - DEBUG - 配置已備份至: backup\setup_backup_20250730_144224.json
2025-07-30 14:42:24,377 - VALO360 - DEBUG - 配置保存成功
2025-07-30 14:42:24,377 - VALO360 - DEBUG - 配置已備份至: backup\setup_backup_20250730_144224.json
2025-07-30 14:42:24,377 - VALO360 - DEBUG - 配置保存成功
2025-07-30 14:42:24,382 - VALO360 - DEBUG - 配置已備份至: backup\setup_backup_20250730_144224.json
2025-07-30 14:42:24,382 - VALO360 - DEBUG - 配置保存成功
2025-07-30 14:42:24,382 - VALO360 - DEBUG - 配置已備份至: backup\setup_backup_20250730_144224.json
2025-07-30 14:42:24,382 - VALO360 - DEBUG - 配置保存成功
2025-07-30 14:42:24,386 - VALO360 - DEBUG - 配置已備份至: backup\setup_backup_20250730_144224.json
2025-07-30 14:42:24,386 - VALO360 - DEBUG - 配置保存成功
2025-07-30 14:42:24,389 - VALO360 - DEBUG - 配置已備份至: backup\setup_backup_20250730_144224.json
2025-07-30 14:42:24,391 - VALO360 - DEBUG - 配置保存成功
2025-07-30 14:42:24,392 - VALO360 - DEBUG - 配置已備份至: backup\setup_backup_20250730_144224.json
2025-07-30 14:42:24,392 - VALO360 - DEBUG - 配置保存成功
2025-07-30 14:42:24,394 - VALO360 - DEBUG - 配置已備份至: backup\setup_backup_20250730_144224.json
2025-07-30 14:42:24,394 - VALO360 - DEBUG - 配置保存成功
2025-07-30 14:42:24,394 - VALO360 - DEBUG - 配置已備份至: backup\setup_backup_20250730_144224.json
2025-07-30 14:42:24,394 - VALO360 - DEBUG - 配置保存成功
2025-07-30 14:42:24,399 - VALO360 - DEBUG - 配置已備份至: backup\setup_backup_20250730_144224.json
2025-07-30 14:42:24,401 - VALO360 - DEBUG - 配置保存成功
2025-07-30 14:42:24,402 - VALO360 - DEBUG - 配置已備份至: backup\setup_backup_20250730_144224.json
2025-07-30 14:42:24,402 - VALO360 - DEBUG - 配置保存成功
2025-07-30 14:42:24,404 - VALO360 - DEBUG - 配置已備份至: backup\setup_backup_20250730_144224.json
2025-07-30 14:42:24,404 - VALO360 - DEBUG - 配置保存成功
2025-07-30 14:42:24,406 - VALO360 - DEBUG - 配置已備份至: backup\setup_backup_20250730_144224.json
2025-07-30 14:42:24,408 - VALO360 - DEBUG - 配置保存成功
2025-07-30 14:42:24,413 - VALO360 - DEBUG - 配置已備份至: backup\setup_backup_20250730_144224.json
2025-07-30 14:42:24,413 - VALO360 - DEBUG - 配置保存成功
2025-07-30 14:42:24,415 - VALO360 - DEBUG - 配置已備份至: backup\setup_backup_20250730_144224.json
2025-07-30 14:42:24,415 - VALO360 - DEBUG - 配置保存成功
2025-07-30 14:42:24,416 - VALO360 - DEBUG - 配置已備份至: backup\setup_backup_20250730_144224.json
2025-07-30 14:42:24,418 - VALO360 - DEBUG - 配置保存成功
2025-07-30 14:42:24,419 - VALO360 - DEBUG - 配置已備份至: backup\setup_backup_20250730_144224.json
2025-07-30 14:42:24,420 - VALO360 - DEBUG - 配置保存成功
2025-07-30 14:42:24,420 - VALO360 - DEBUG - 配置已備份至: backup\setup_backup_20250730_144224.json
2025-07-30 14:42:24,422 - VALO360 - DEBUG - 配置保存成功
2025-07-30 14:42:24,423 - VALO360 - DEBUG - 配置已備份至: backup\setup_backup_20250730_144224.json
2025-07-30 14:42:24,423 - VALO360 - DEBUG - 配置保存成功
2025-07-30 14:42:24,427 - VALO360 - DEBUG - 配置已備份至: backup\setup_backup_20250730_144224.json
2025-07-30 14:42:24,428 - VALO360 - DEBUG - 配置保存成功
2025-07-30 14:42:24,428 - VALO360 - DEBUG - 配置已備份至: backup\setup_backup_20250730_144224.json
2025-07-30 14:42:24,429 - VALO360 - DEBUG - 配置保存成功
2025-07-30 14:42:24,431 - VALO360 - DEBUG - 配置已備份至: backup\setup_backup_20250730_144224.json
2025-07-30 14:42:24,433 - VALO360 - DEBUG - 配置保存成功
2025-07-30 14:42:24,433 - VALO360 - DEBUG - 配置已備份至: backup\setup_backup_20250730_144224.json
2025-07-30 14:42:24,435 - VALO360 - DEBUG - 配置保存成功
2025-07-30 14:42:24,435 - VALO360 - DEBUG - 配置已備份至: backup\setup_backup_20250730_144224.json
2025-07-30 14:42:24,437 - VALO360 - DEBUG - 配置保存成功
2025-07-30 14:42:24,437 - VALO360 - DEBUG - 配置已備份至: backup\setup_backup_20250730_144224.json
2025-07-30 14:42:24,439 - VALO360 - DEBUG - 配置保存成功
2025-07-30 14:42:24,443 - VALO360 - DEBUG - 配置已備份至: backup\setup_backup_20250730_144224.json
2025-07-30 14:42:24,443 - VALO360 - DEBUG - 配置保存成功
2025-07-30 14:42:24,443 - VALO360 - DEBUG - 配置已備份至: backup\setup_backup_20250730_144224.json
2025-07-30 14:42:24,447 - VALO360 - DEBUG - 配置保存成功
2025-07-30 14:42:24,447 - VALO360 - DEBUG - 配置已備份至: backup\setup_backup_20250730_144224.json
2025-07-30 14:42:24,449 - VALO360 - DEBUG - 配置保存成功
2025-07-30 14:42:24,449 - VALO360 - DEBUG - 配置已備份至: backup\setup_backup_20250730_144224.json
2025-07-30 14:42:24,451 - VALO360 - DEBUG - 配置保存成功
2025-07-30 14:42:24,453 - VALO360 - DEBUG - 配置已備份至: backup\setup_backup_20250730_144224.json
2025-07-30 14:42:24,454 - VALO360 - DEBUG - 配置保存成功
2025-07-30 14:42:24,454 - VALO360 - DEBUG - 配置已備份至: backup\setup_backup_20250730_144224.json
2025-07-30 14:42:24,454 - VALO360 - DEBUG - 配置保存成功
2025-07-30 14:42:24,454 - VALO360 - DEBUG - 配置已備份至: backup\setup_backup_20250730_144224.json
2025-07-30 14:42:24,454 - VALO360 - DEBUG - 配置保存成功
2025-07-30 14:42:24,454 - VALO360 - DEBUG - 配置已備份至: backup\setup_backup_20250730_144224.json
2025-07-30 14:42:24,454 - VALO360 - DEBUG - 配置保存成功
2025-07-30 14:42:24,468 - VALO360 - DEBUG - 配置已備份至: backup\setup_backup_20250730_144224.json
2025-07-30 14:42:24,470 - VALO360 - DEBUG - 配置保存成功
2025-07-30 14:42:24,470 - VALO360 - DEBUG - 配置已備份至: backup\setup_backup_20250730_144224.json
2025-07-30 14:42:24,473 - VALO360 - DEBUG - 配置保存成功
2025-07-30 14:42:24,473 - VALO360 - DEBUG - 配置已備份至: backup\setup_backup_20250730_144224.json
2025-07-30 14:42:24,473 - VALO360 - DEBUG - 配置保存成功
2025-07-30 14:42:24,477 - VALO360 - DEBUG - 配置已備份至: backup\setup_backup_20250730_144224.json
2025-07-30 14:42:24,477 - VALO360 - DEBUG - 配置保存成功
2025-07-30 14:42:24,480 - VALO360 - DEBUG - 配置已備份至: backup\setup_backup_20250730_144224.json
2025-07-30 14:42:24,480 - VALO360 - DEBUG - 配置保存成功
2025-07-30 14:42:24,482 - VALO360 - DEBUG - 配置已備份至: backup\setup_backup_20250730_144224.json
2025-07-30 14:42:24,482 - VALO360 - DEBUG - 配置保存成功
2025-07-30 14:42:24,484 - VALO360 - DEBUG - 配置已備份至: backup\setup_backup_20250730_144224.json
2025-07-30 14:42:24,484 - VALO360 - DEBUG - 配置保存成功
2025-07-30 14:42:24,486 - VALO360 - DEBUG - 配置已備份至: backup\setup_backup_20250730_144224.json
2025-07-30 14:42:24,486 - VALO360 - DEBUG - 配置保存成功
2025-07-30 14:42:24,494 - VALO360 - DEBUG - 配置已備份至: backup\setup_backup_20250730_144224.json
2025-07-30 14:42:24,494 - VALO360 - DEBUG - 配置保存成功
2025-07-30 14:42:24,494 - VALO360 - DEBUG - 配置已備份至: backup\setup_backup_20250730_144224.json
2025-07-30 14:42:24,498 - VALO360 - DEBUG - 配置保存成功
2025-07-30 14:42:24,498 - VALO360 - DEBUG - 配置已備份至: backup\setup_backup_20250730_144224.json
2025-07-30 14:42:24,498 - VALO360 - DEBUG - 配置保存成功
2025-07-30 14:42:24,500 - VALO360 - DEBUG - 配置已備份至: backup\setup_backup_20250730_144224.json
2025-07-30 14:42:24,502 - VALO360 - DEBUG - 配置保存成功
2025-07-30 14:42:24,507 - VALO360 - DEBUG - 配置已備份至: backup\setup_backup_20250730_144224.json
2025-07-30 14:42:24,508 - VALO360 - DEBUG - 配置保存成功
2025-07-30 14:42:24,508 - VALO360 - DEBUG - 配置已備份至: backup\setup_backup_20250730_144224.json
2025-07-30 14:42:24,510 - VALO360 - DEBUG - 配置保存成功
2025-07-30 14:42:24,510 - VALO360 - DEBUG - 配置已備份至: backup\setup_backup_20250730_144224.json
2025-07-30 14:42:24,512 - VALO360 - DEBUG - 配置保存成功
2025-07-30 14:42:24,512 - VALO360 - DEBUG - 配置已備份至: backup\setup_backup_20250730_144224.json
2025-07-30 14:42:24,513 - VALO360 - DEBUG - 配置保存成功
2025-07-30 14:42:24,514 - VALO360 - DEBUG - 配置已備份至: backup\setup_backup_20250730_144224.json
2025-07-30 14:42:24,517 - VALO360 - DEBUG - 配置保存成功
2025-07-30 14:42:24,517 - VALO360 - DEBUG - 配置已備份至: backup\setup_backup_20250730_144224.json
2025-07-30 14:42:24,518 - VALO360 - DEBUG - 配置保存成功
2025-07-30 14:42:24,520 - VALO360 - DEBUG - 配置已備份至: backup\setup_backup_20250730_144224.json
2025-07-30 14:42:24,520 - VALO360 - DEBUG - 配置保存成功
2025-07-30 14:42:24,521 - VALO360 - DEBUG - 配置已備份至: backup\setup_backup_20250730_144224.json
2025-07-30 14:42:24,521 - VALO360 - DEBUG - 配置保存成功
2025-07-30 14:42:24,527 - VALO360 - DEBUG - 配置已備份至: backup\setup_backup_20250730_144224.json
2025-07-30 14:42:24,529 - VALO360 - DEBUG - 配置保存成功
2025-07-30 14:42:24,529 - VALO360 - DEBUG - 配置已備份至: backup\setup_backup_20250730_144224.json
2025-07-30 14:42:24,531 - VALO360 - DEBUG - 配置保存成功
2025-07-30 14:42:24,531 - VALO360 - DEBUG - 配置已備份至: backup\setup_backup_20250730_144224.json
2025-07-30 14:42:24,533 - VALO360 - DEBUG - 配置保存成功
2025-07-30 14:42:24,533 - VALO360 - DEBUG - 配置已備份至: backup\setup_backup_20250730_144224.json
2025-07-30 14:42:24,535 - VALO360 - DEBUG - 配置保存成功
2025-07-30 14:42:24,535 - VALO360 - DEBUG - 配置已備份至: backup\setup_backup_20250730_144224.json
2025-07-30 14:42:24,538 - VALO360 - DEBUG - 配置保存成功
2025-07-30 14:42:24,538 - VALO360 - DEBUG - 配置已備份至: backup\setup_backup_20250730_144224.json
2025-07-30 14:42:24,540 - VALO360 - DEBUG - 配置保存成功
2025-07-30 14:42:24,542 - VALO360 - DEBUG - 配置已備份至: backup\setup_backup_20250730_144224.json
2025-07-30 14:42:24,543 - VALO360 - DEBUG - 配置保存成功
2025-07-30 14:42:24,544 - VALO360 - DEBUG - 配置已備份至: backup\setup_backup_20250730_144224.json
2025-07-30 14:42:24,544 - VALO360 - DEBUG - 配置保存成功
2025-07-30 14:42:24,545 - VALO360 - DEBUG - 配置已備份至: backup\setup_backup_20250730_144224.json
2025-07-30 14:42:24,545 - VALO360 - DEBUG - 配置保存成功
2025-07-30 14:42:24,545 - VALO360 - DEBUG - 配置已備份至: backup\setup_backup_20250730_144224.json
2025-07-30 14:42:24,545 - VALO360 - DEBUG - 配置保存成功
2025-07-30 14:42:24,545 - VALO360 - DEBUG - 配置已備份至: backup\setup_backup_20250730_144224.json
2025-07-30 14:42:24,545 - VALO360 - DEBUG - 配置保存成功
2025-07-30 14:42:24,545 - VALO360 - DEBUG - 配置已備份至: backup\setup_backup_20250730_144224.json
2025-07-30 14:42:24,545 - VALO360 - DEBUG - 配置保存成功
2025-07-30 14:42:24,557 - VALO360 - DEBUG - 配置已備份至: backup\setup_backup_20250730_144224.json
2025-07-30 14:42:24,557 - VALO360 - DEBUG - 配置保存成功
2025-07-30 14:42:24,557 - VALO360 - DEBUG - 配置已備份至: backup\setup_backup_20250730_144224.json
2025-07-30 14:42:24,557 - VALO360 - DEBUG - 配置保存成功
2025-07-30 14:42:24,557 - VALO360 - DEBUG - 配置已備份至: backup\setup_backup_20250730_144224.json
2025-07-30 14:42:24,564 - VALO360 - DEBUG - 配置保存成功
2025-07-30 14:42:24,564 - VALO360 - DEBUG - 配置已備份至: backup\setup_backup_20250730_144224.json
2025-07-30 14:42:24,564 - VALO360 - DEBUG - 配置保存成功
2025-07-30 14:42:24,566 - VALO360 - DEBUG - 配置已備份至: backup\setup_backup_20250730_144224.json
2025-07-30 14:42:24,566 - VALO360 - DEBUG - 配置保存成功
2025-07-30 14:42:24,566 - VALO360 - DEBUG - 配置已備份至: backup\setup_backup_20250730_144224.json
2025-07-30 14:42:24,571 - VALO360 - DEBUG - 配置保存成功
2025-07-30 14:42:24,571 - VALO360 - DEBUG - 配置已備份至: backup\setup_backup_20250730_144224.json
2025-07-30 14:42:24,571 - VALO360 - DEBUG - 配置保存成功
2025-07-30 14:42:24,571 - VALO360 - DEBUG - 配置已備份至: backup\setup_backup_20250730_144224.json
2025-07-30 14:42:24,571 - VALO360 - DEBUG - 配置保存成功
2025-07-30 14:42:24,581 - VALO360 - DEBUG - 配置已備份至: backup\setup_backup_20250730_144224.json
2025-07-30 14:42:24,581 - VALO360 - DEBUG - 配置保存成功
2025-07-30 14:42:24,581 - VALO360 - DEBUG - 配置已備份至: backup\setup_backup_20250730_144224.json
2025-07-30 14:42:24,581 - VALO360 - DEBUG - 配置保存成功
2025-07-30 14:42:24,587 - VALO360 - DEBUG - 配置已備份至: backup\setup_backup_20250730_144224.json
2025-07-30 14:42:24,587 - VALO360 - DEBUG - 配置保存成功
2025-07-30 14:42:24,587 - VALO360 - DEBUG - 配置已備份至: backup\setup_backup_20250730_144224.json
2025-07-30 14:42:24,590 - VALO360 - DEBUG - 配置保存成功
2025-07-30 14:42:24,592 - VALO360 - DEBUG - 配置已備份至: backup\setup_backup_20250730_144224.json
2025-07-30 14:42:24,592 - VALO360 - DEBUG - 配置保存成功
2025-07-30 14:42:24,594 - VALO360 - DEBUG - 配置已備份至: backup\setup_backup_20250730_144224.json
2025-07-30 14:42:24,596 - VALO360 - DEBUG - 配置保存成功
2025-07-30 14:42:24,597 - VALO360 - DEBUG - 配置已備份至: backup\setup_backup_20250730_144224.json
2025-07-30 14:42:24,597 - VALO360 - DEBUG - 配置保存成功
2025-07-30 14:42:24,600 - VALO360 - DEBUG - 配置已備份至: backup\setup_backup_20250730_144224.json
2025-07-30 14:42:24,600 - VALO360 - DEBUG - 配置保存成功
2025-07-30 14:42:24,606 - VALO360 - DEBUG - 配置已備份至: backup\setup_backup_20250730_144224.json
2025-07-30 14:42:24,606 - VALO360 - DEBUG - 配置保存成功
2025-07-30 14:42:24,608 - VALO360 - DEBUG - 配置已備份至: backup\setup_backup_20250730_144224.json
2025-07-30 14:42:24,608 - VALO360 - DEBUG - 配置保存成功
2025-07-30 14:42:24,608 - VALO360 - DEBUG - 配置已備份至: backup\setup_backup_20250730_144224.json
2025-07-30 14:42:24,608 - VALO360 - DEBUG - 配置保存成功
2025-07-30 14:42:24,613 - VALO360 - DEBUG - 配置已備份至: backup\setup_backup_20250730_144224.json
2025-07-30 14:42:24,614 - VALO360 - DEBUG - 配置保存成功
2025-07-30 14:42:24,616 - VALO360 - DEBUG - 配置已備份至: backup\setup_backup_20250730_144224.json
2025-07-30 14:42:24,616 - VALO360 - DEBUG - 配置保存成功
2025-07-30 14:42:24,619 - VALO360 - DEBUG - 配置已備份至: backup\setup_backup_20250730_144224.json
2025-07-30 14:42:24,619 - VALO360 - DEBUG - 配置保存成功
2025-07-30 14:42:24,621 - VALO360 - DEBUG - 配置已備份至: backup\setup_backup_20250730_144224.json
2025-07-30 14:42:24,621 - VALO360 - DEBUG - 配置保存成功
2025-07-30 14:42:24,621 - VALO360 - DEBUG - 配置已備份至: backup\setup_backup_20250730_144224.json
2025-07-30 14:42:24,621 - VALO360 - DEBUG - 配置保存成功
2025-07-30 14:42:24,629 - VALO360 - DEBUG - 配置已備份至: backup\setup_backup_20250730_144224.json
2025-07-30 14:42:24,629 - VALO360 - DEBUG - 配置保存成功
2025-07-30 14:42:24,631 - VALO360 - DEBUG - 配置已備份至: backup\setup_backup_20250730_144224.json
2025-07-30 14:42:24,631 - VALO360 - DEBUG - 配置保存成功
2025-07-30 14:42:24,631 - VALO360 - DEBUG - 配置已備份至: backup\setup_backup_20250730_144224.json
2025-07-30 14:42:24,631 - VALO360 - DEBUG - 配置保存成功
2025-07-30 14:42:24,631 - VALO360 - DEBUG - 配置已備份至: backup\setup_backup_20250730_144224.json
2025-07-30 14:42:24,635 - VALO360 - DEBUG - 配置保存成功
2025-07-30 14:42:24,635 - VALO360 - DEBUG - 配置已備份至: backup\setup_backup_20250730_144224.json
2025-07-30 14:42:24,635 - VALO360 - DEBUG - 配置保存成功
2025-07-30 14:42:24,639 - VALO360 - DEBUG - 配置已備份至: backup\setup_backup_20250730_144224.json
2025-07-30 14:42:24,640 - VALO360 - DEBUG - 配置保存成功
2025-07-30 14:42:24,642 - VALO360 - DEBUG - 配置已備份至: backup\setup_backup_20250730_144224.json
2025-07-30 14:42:24,642 - VALO360 - DEBUG - 配置保存成功
2025-07-30 14:42:24,642 - VALO360 - DEBUG - 配置已備份至: backup\setup_backup_20250730_144224.json
2025-07-30 14:42:24,642 - VALO360 - DEBUG - 配置保存成功
2025-07-30 14:42:24,650 - VALO360 - DEBUG - 配置已備份至: backup\setup_backup_20250730_144224.json
2025-07-30 14:42:24,650 - VALO360 - DEBUG - 配置保存成功
2025-07-30 14:42:24,652 - VALO360 - DEBUG - 配置已備份至: backup\setup_backup_20250730_144224.json
2025-07-30 14:42:24,652 - VALO360 - DEBUG - 配置保存成功
2025-07-30 14:42:24,654 - VALO360 - DEBUG - 配置已備份至: backup\setup_backup_20250730_144224.json
2025-07-30 14:42:24,654 - VALO360 - DEBUG - 配置保存成功
2025-07-30 14:42:24,656 - VALO360 - DEBUG - 配置已備份至: backup\setup_backup_20250730_144224.json
2025-07-30 14:42:24,658 - VALO360 - DEBUG - 配置保存成功
2025-07-30 14:42:24,659 - VALO360 - DEBUG - 配置已備份至: backup\setup_backup_20250730_144224.json
2025-07-30 14:42:24,660 - VALO360 - DEBUG - 配置保存成功
2025-07-30 14:42:24,660 - VALO360 - DEBUG - 配置已備份至: backup\setup_backup_20250730_144224.json
2025-07-30 14:42:24,662 - VALO360 - DEBUG - 配置保存成功
2025-07-30 14:42:24,662 - VALO360 - DEBUG - 配置已備份至: backup\setup_backup_20250730_144224.json
2025-07-30 14:42:24,662 - VALO360 - DEBUG - 配置保存成功
2025-07-30 14:42:24,662 - VALO360 - DEBUG - 配置已備份至: backup\setup_backup_20250730_144224.json
2025-07-30 14:42:24,662 - VALO360 - DEBUG - 配置保存成功
2025-07-30 14:42:24,670 - VALO360 - DEBUG - 配置已備份至: backup\setup_backup_20250730_144224.json
2025-07-30 14:42:24,670 - VALO360 - DEBUG - 配置保存成功
2025-07-30 14:42:24,672 - VALO360 - DEBUG - 配置已備份至: backup\setup_backup_20250730_144224.json
2025-07-30 14:42:24,674 - VALO360 - DEBUG - 配置保存成功
2025-07-30 14:42:24,674 - VALO360 - DEBUG - 配置已備份至: backup\setup_backup_20250730_144224.json
2025-07-30 14:42:24,676 - VALO360 - DEBUG - 配置保存成功
2025-07-30 14:42:24,676 - VALO360 - DEBUG - 配置已備份至: backup\setup_backup_20250730_144224.json
2025-07-30 14:42:24,678 - VALO360 - DEBUG - 配置保存成功
2025-07-30 14:42:24,678 - VALO360 - DEBUG - 配置已備份至: backup\setup_backup_20250730_144224.json
2025-07-30 14:42:24,680 - VALO360 - DEBUG - 配置保存成功
2025-07-30 14:42:24,682 - VALO360 - DEBUG - 配置已備份至: backup\setup_backup_20250730_144224.json
2025-07-30 14:42:24,682 - VALO360 - DEBUG - 配置保存成功
2025-07-30 14:42:24,684 - VALO360 - DEBUG - 配置已備份至: backup\setup_backup_20250730_144224.json
2025-07-30 14:42:24,684 - VALO360 - DEBUG - 配置保存成功
2025-07-30 14:42:24,686 - VALO360 - DEBUG - 配置已備份至: backup\setup_backup_20250730_144224.json
2025-07-30 14:42:24,686 - VALO360 - DEBUG - 配置保存成功
2025-07-30 14:42:24,701 - VALO360 - DEBUG - 配置已備份至: backup\setup_backup_20250730_144224.json
2025-07-30 14:42:24,703 - VALO360 - DEBUG - 配置保存成功
2025-07-30 14:42:25,766 - VALO360 - DEBUG - 配置已備份至: backup\setup_backup_20250730_144225.json
2025-07-30 14:42:25,766 - VALO360 - DEBUG - 配置保存成功
2025-07-30 14:42:25,777 - VALO360 - DEBUG - 配置已備份至: backup\setup_backup_20250730_144225.json
2025-07-30 14:42:25,777 - VALO360 - DEBUG - 配置保存成功
2025-07-30 14:42:25,777 - VALO360 - DEBUG - 配置已備份至: backup\setup_backup_20250730_144225.json
2025-07-30 14:42:25,785 - VALO360 - DEBUG - 配置保存成功
2025-07-30 14:42:25,786 - VALO360 - DEBUG - 配置已備份至: backup\setup_backup_20250730_144225.json
2025-07-30 14:42:25,786 - VALO360 - DEBUG - 配置保存成功
2025-07-30 14:42:25,796 - VALO360 - DEBUG - 配置已備份至: backup\setup_backup_20250730_144225.json
2025-07-30 14:42:25,797 - VALO360 - DEBUG - 配置保存成功
2025-07-30 14:42:25,799 - VALO360 - DEBUG - 配置已備份至: backup\setup_backup_20250730_144225.json
2025-07-30 14:42:25,799 - VALO360 - DEBUG - 配置保存成功
2025-07-30 14:42:25,799 - VALO360 - DEBUG - 配置已備份至: backup\setup_backup_20250730_144225.json
2025-07-30 14:42:25,799 - VALO360 - DEBUG - 配置保存成功
2025-07-30 14:42:25,806 - VALO360 - DEBUG - 配置已備份至: backup\setup_backup_20250730_144225.json
2025-07-30 14:42:25,806 - VALO360 - DEBUG - 配置保存成功
2025-07-30 14:42:25,816 - VALO360 - DEBUG - 配置已備份至: backup\setup_backup_20250730_144225.json
2025-07-30 14:42:25,816 - VALO360 - DEBUG - 配置保存成功
2025-07-30 14:42:25,821 - VALO360 - DEBUG - 配置已備份至: backup\setup_backup_20250730_144225.json
2025-07-30 14:42:25,823 - VALO360 - DEBUG - 配置保存成功
2025-07-30 14:42:25,823 - VALO360 - DEBUG - 配置已備份至: backup\setup_backup_20250730_144225.json
2025-07-30 14:42:25,823 - VALO360 - DEBUG - 配置保存成功
2025-07-30 14:42:25,826 - VALO360 - DEBUG - 配置已備份至: backup\setup_backup_20250730_144225.json
2025-07-30 14:42:25,826 - VALO360 - DEBUG - 配置保存成功
2025-07-30 14:42:25,832 - VALO360 - DEBUG - 配置已備份至: backup\setup_backup_20250730_144225.json
2025-07-30 14:42:25,832 - VALO360 - DEBUG - 配置保存成功
2025-07-30 14:42:25,835 - VALO360 - DEBUG - 配置已備份至: backup\setup_backup_20250730_144225.json
2025-07-30 14:42:25,836 - VALO360 - DEBUG - 配置保存成功
2025-07-30 14:42:25,837 - VALO360 - DEBUG - 配置已備份至: backup\setup_backup_20250730_144225.json
2025-07-30 14:42:25,837 - VALO360 - DEBUG - 配置保存成功
2025-07-30 14:42:25,840 - VALO360 - DEBUG - 配置已備份至: backup\setup_backup_20250730_144225.json
2025-07-30 14:42:25,842 - VALO360 - DEBUG - 配置保存成功
2025-07-30 14:42:26,161 - VALO360 - DEBUG - 配置已備份至: backup\setup_backup_20250730_144226.json
2025-07-30 14:42:26,170 - VALO360 - DEBUG - 配置保存成功
2025-07-30 14:42:26,761 - VALO360 - DEBUG - 配置已備份至: backup\setup_backup_20250730_144226.json
2025-07-30 14:42:26,765 - VALO360 - DEBUG - 配置保存成功
2025-07-30 14:42:26,769 - VALO360 - DEBUG - 配置已備份至: backup\setup_backup_20250730_144226.json
2025-07-30 14:42:26,771 - VALO360 - DEBUG - 配置保存成功
2025-07-30 14:42:26,773 - VALO360 - DEBUG - 配置已備份至: backup\setup_backup_20250730_144226.json
2025-07-30 14:42:26,773 - VALO360 - DEBUG - 配置保存成功
2025-07-30 14:42:26,779 - VALO360 - DEBUG - 配置已備份至: backup\setup_backup_20250730_144226.json
2025-07-30 14:42:26,779 - VALO360 - DEBUG - 配置保存成功
2025-07-30 14:42:26,784 - VALO360 - DEBUG - 配置已備份至: backup\setup_backup_20250730_144226.json
2025-07-30 14:42:26,786 - VALO360 - DEBUG - 配置保存成功
2025-07-30 14:42:26,786 - VALO360 - DEBUG - 配置已備份至: backup\setup_backup_20250730_144226.json
2025-07-30 14:42:26,786 - VALO360 - DEBUG - 配置保存成功
2025-07-30 14:42:26,786 - VALO360 - DEBUG - 配置已備份至: backup\setup_backup_20250730_144226.json
2025-07-30 14:42:26,786 - VALO360 - DEBUG - 配置保存成功
2025-07-30 14:42:26,786 - VALO360 - DEBUG - 配置已備份至: backup\setup_backup_20250730_144226.json
2025-07-30 14:42:26,786 - VALO360 - DEBUG - 配置保存成功
2025-07-30 14:42:26,794 - VALO360 - DEBUG - 配置已備份至: backup\setup_backup_20250730_144226.json
2025-07-30 14:42:26,803 - VALO360 - DEBUG - 配置保存成功
2025-07-30 14:42:26,803 - VALO360 - DEBUG - 配置已備份至: backup\setup_backup_20250730_144226.json
2025-07-30 14:42:26,805 - VALO360 - DEBUG - 配置保存成功
2025-07-30 14:42:26,806 - VALO360 - DEBUG - 配置已備份至: backup\setup_backup_20250730_144226.json
2025-07-30 14:42:26,808 - VALO360 - DEBUG - 配置保存成功
2025-07-30 14:42:26,808 - VALO360 - DEBUG - 配置已備份至: backup\setup_backup_20250730_144226.json
2025-07-30 14:42:26,811 - VALO360 - DEBUG - 配置保存成功
2025-07-30 14:42:26,811 - VALO360 - DEBUG - 配置已備份至: backup\setup_backup_20250730_144226.json
2025-07-30 14:42:26,811 - VALO360 - DEBUG - 配置保存成功
2025-07-30 14:42:26,811 - VALO360 - DEBUG - 配置已備份至: backup\setup_backup_20250730_144226.json
2025-07-30 14:42:26,815 - VALO360 - DEBUG - 配置保存成功
2025-07-30 14:42:26,816 - VALO360 - DEBUG - 配置已備份至: backup\setup_backup_20250730_144226.json
2025-07-30 14:42:26,816 - VALO360 - DEBUG - 配置保存成功
2025-07-30 14:42:26,819 - VALO360 - DEBUG - 配置已備份至: backup\setup_backup_20250730_144226.json
2025-07-30 14:42:26,819 - VALO360 - DEBUG - 配置保存成功
2025-07-30 14:42:26,822 - VALO360 - DEBUG - 配置已備份至: backup\setup_backup_20250730_144226.json
2025-07-30 14:42:26,824 - VALO360 - DEBUG - 配置保存成功
2025-07-30 14:42:26,826 - VALO360 - DEBUG - 配置已備份至: backup\setup_backup_20250730_144226.json
2025-07-30 14:42:26,826 - VALO360 - DEBUG - 配置保存成功
2025-07-30 14:42:26,829 - VALO360 - DEBUG - 配置已備份至: backup\setup_backup_20250730_144226.json
2025-07-30 14:42:26,829 - VALO360 - DEBUG - 配置保存成功
2025-07-30 14:42:26,831 - VALO360 - DEBUG - 配置已備份至: backup\setup_backup_20250730_144226.json
2025-07-30 14:42:26,831 - VALO360 - DEBUG - 配置保存成功
2025-07-30 14:42:26,836 - VALO360 - DEBUG - 配置已備份至: backup\setup_backup_20250730_144226.json
2025-07-30 14:42:26,836 - VALO360 - DEBUG - 配置保存成功
2025-07-30 14:42:26,836 - VALO360 - DEBUG - 配置已備份至: backup\setup_backup_20250730_144226.json
2025-07-30 14:42:26,836 - VALO360 - DEBUG - 配置保存成功
2025-07-30 14:42:26,836 - VALO360 - DEBUG - 配置已備份至: backup\setup_backup_20250730_144226.json
2025-07-30 14:42:26,836 - VALO360 - DEBUG - 配置保存成功
2025-07-30 14:42:26,845 - VALO360 - DEBUG - 配置已備份至: backup\setup_backup_20250730_144226.json
2025-07-30 14:42:26,846 - VALO360 - DEBUG - 配置保存成功
2025-07-30 14:42:26,847 - VALO360 - DEBUG - 配置已備份至: backup\setup_backup_20250730_144226.json
2025-07-30 14:42:26,847 - VALO360 - DEBUG - 配置保存成功
2025-07-30 14:42:26,847 - VALO360 - DEBUG - 配置已備份至: backup\setup_backup_20250730_144226.json
2025-07-30 14:42:26,847 - VALO360 - DEBUG - 配置保存成功
2025-07-30 14:42:26,847 - VALO360 - DEBUG - 配置已備份至: backup\setup_backup_20250730_144226.json
2025-07-30 14:42:26,856 - VALO360 - DEBUG - 配置保存成功
2025-07-30 14:42:26,856 - VALO360 - DEBUG - 配置已備份至: backup\setup_backup_20250730_144226.json
2025-07-30 14:42:26,859 - VALO360 - DEBUG - 配置保存成功
2025-07-30 14:42:26,861 - VALO360 - DEBUG - 配置已備份至: backup\setup_backup_20250730_144226.json
2025-07-30 14:42:26,861 - VALO360 - DEBUG - 配置保存成功
2025-07-30 14:42:26,866 - VALO360 - DEBUG - 配置已備份至: backup\setup_backup_20250730_144226.json
2025-07-30 14:42:26,866 - VALO360 - DEBUG - 配置保存成功
2025-07-30 14:42:26,866 - VALO360 - DEBUG - 配置已備份至: backup\setup_backup_20250730_144226.json
2025-07-30 14:42:26,866 - VALO360 - DEBUG - 配置保存成功
2025-07-30 14:42:26,866 - VALO360 - DEBUG - 配置已備份至: backup\setup_backup_20250730_144226.json
2025-07-30 14:42:26,866 - VALO360 - DEBUG - 配置保存成功
2025-07-30 14:42:26,866 - VALO360 - DEBUG - 配置已備份至: backup\setup_backup_20250730_144226.json
2025-07-30 14:42:26,875 - VALO360 - DEBUG - 配置保存成功
2025-07-30 14:42:26,876 - VALO360 - DEBUG - 配置已備份至: backup\setup_backup_20250730_144226.json
2025-07-30 14:42:26,877 - VALO360 - DEBUG - 配置保存成功
2025-07-30 14:42:26,878 - VALO360 - DEBUG - 配置已備份至: backup\setup_backup_20250730_144226.json
2025-07-30 14:42:26,880 - VALO360 - DEBUG - 配置保存成功
2025-07-30 14:42:26,880 - VALO360 - DEBUG - 配置已備份至: backup\setup_backup_20250730_144226.json
2025-07-30 14:42:26,881 - VALO360 - DEBUG - 配置保存成功
2025-07-30 14:42:26,884 - VALO360 - DEBUG - 配置已備份至: backup\setup_backup_20250730_144226.json
2025-07-30 14:42:26,886 - VALO360 - DEBUG - 配置保存成功
2025-07-30 14:42:26,886 - VALO360 - DEBUG - 配置已備份至: backup\setup_backup_20250730_144226.json
2025-07-30 14:42:26,886 - VALO360 - DEBUG - 配置保存成功
2025-07-30 14:42:26,886 - VALO360 - DEBUG - 配置已備份至: backup\setup_backup_20250730_144226.json
2025-07-30 14:42:26,892 - VALO360 - DEBUG - 配置保存成功
2025-07-30 14:42:26,893 - VALO360 - DEBUG - 配置已備份至: backup\setup_backup_20250730_144226.json
2025-07-30 14:42:26,894 - VALO360 - DEBUG - 配置保存成功
2025-07-30 14:42:26,897 - VALO360 - DEBUG - 配置已備份至: backup\setup_backup_20250730_144226.json
2025-07-30 14:42:26,898 - VALO360 - DEBUG - 配置保存成功
2025-07-30 14:42:26,900 - VALO360 - DEBUG - 配置已備份至: backup\setup_backup_20250730_144226.json
2025-07-30 14:42:26,901 - VALO360 - DEBUG - 配置保存成功
2025-07-30 14:42:26,902 - VALO360 - DEBUG - 配置已備份至: backup\setup_backup_20250730_144226.json
2025-07-30 14:42:26,903 - VALO360 - DEBUG - 配置保存成功
2025-07-30 14:42:26,904 - VALO360 - DEBUG - 配置已備份至: backup\setup_backup_20250730_144226.json
2025-07-30 14:42:26,905 - VALO360 - DEBUG - 配置保存成功
2025-07-30 14:42:26,908 - VALO360 - DEBUG - 配置已備份至: backup\setup_backup_20250730_144226.json
2025-07-30 14:42:26,909 - VALO360 - DEBUG - 配置保存成功
2025-07-30 14:42:26,910 - VALO360 - DEBUG - 配置已備份至: backup\setup_backup_20250730_144226.json
2025-07-30 14:42:26,911 - VALO360 - DEBUG - 配置保存成功
2025-07-30 14:42:26,912 - VALO360 - DEBUG - 配置已備份至: backup\setup_backup_20250730_144226.json
2025-07-30 14:42:26,913 - VALO360 - DEBUG - 配置保存成功
2025-07-30 14:42:26,913 - VALO360 - DEBUG - 配置已備份至: backup\setup_backup_20250730_144226.json
2025-07-30 14:42:26,916 - VALO360 - DEBUG - 配置保存成功
2025-07-30 14:42:26,918 - VALO360 - DEBUG - 配置已備份至: backup\setup_backup_20250730_144226.json
2025-07-30 14:42:26,918 - VALO360 - DEBUG - 配置保存成功
2025-07-30 14:42:26,918 - VALO360 - DEBUG - 配置已備份至: backup\setup_backup_20250730_144226.json
2025-07-30 14:42:26,918 - VALO360 - DEBUG - 配置保存成功
2025-07-30 14:42:26,918 - VALO360 - DEBUG - 配置已備份至: backup\setup_backup_20250730_144226.json
2025-07-30 14:42:26,923 - VALO360 - DEBUG - 配置保存成功
2025-07-30 14:42:26,923 - VALO360 - DEBUG - 配置已備份至: backup\setup_backup_20250730_144226.json
2025-07-30 14:42:26,926 - VALO360 - DEBUG - 配置保存成功
2025-07-30 14:42:26,928 - VALO360 - DEBUG - 配置已備份至: backup\setup_backup_20250730_144226.json
2025-07-30 14:42:26,928 - VALO360 - DEBUG - 配置保存成功
2025-07-30 14:42:26,931 - VALO360 - DEBUG - 配置已備份至: backup\setup_backup_20250730_144226.json
2025-07-30 14:42:26,931 - VALO360 - DEBUG - 配置保存成功
2025-07-30 14:42:26,931 - VALO360 - DEBUG - 配置已備份至: backup\setup_backup_20250730_144226.json
2025-07-30 14:42:26,931 - VALO360 - DEBUG - 配置保存成功
2025-07-30 14:42:26,936 - VALO360 - DEBUG - 配置已備份至: backup\setup_backup_20250730_144226.json
2025-07-30 14:42:26,936 - VALO360 - DEBUG - 配置保存成功
2025-07-30 14:42:26,938 - VALO360 - DEBUG - 配置已備份至: backup\setup_backup_20250730_144226.json
2025-07-30 14:42:26,938 - VALO360 - DEBUG - 配置保存成功
2025-07-30 14:42:26,938 - VALO360 - DEBUG - 配置已備份至: backup\setup_backup_20250730_144226.json
2025-07-30 14:42:26,938 - VALO360 - DEBUG - 配置保存成功
2025-07-30 14:42:26,946 - VALO360 - DEBUG - 配置已備份至: backup\setup_backup_20250730_144226.json
2025-07-30 14:42:26,948 - VALO360 - DEBUG - 配置保存成功
2025-07-30 14:42:26,949 - VALO360 - DEBUG - 配置已備份至: backup\setup_backup_20250730_144226.json
2025-07-30 14:42:26,949 - VALO360 - DEBUG - 配置保存成功
2025-07-30 14:42:26,953 - VALO360 - DEBUG - 配置已備份至: backup\setup_backup_20250730_144226.json
2025-07-30 14:42:26,953 - VALO360 - DEBUG - 配置保存成功
2025-07-30 14:42:26,955 - VALO360 - DEBUG - 配置已備份至: backup\setup_backup_20250730_144226.json
2025-07-30 14:42:26,956 - VALO360 - DEBUG - 配置保存成功
2025-07-30 14:42:26,959 - VALO360 - DEBUG - 配置已備份至: backup\setup_backup_20250730_144226.json
2025-07-30 14:42:26,960 - VALO360 - DEBUG - 配置保存成功
2025-07-30 14:42:26,960 - VALO360 - DEBUG - 配置已備份至: backup\setup_backup_20250730_144226.json
2025-07-30 14:42:26,960 - VALO360 - DEBUG - 配置保存成功
2025-07-30 14:42:26,960 - VALO360 - DEBUG - 配置已備份至: backup\setup_backup_20250730_144226.json
2025-07-30 14:42:26,960 - VALO360 - DEBUG - 配置保存成功
2025-07-30 14:42:26,967 - VALO360 - DEBUG - 配置已備份至: backup\setup_backup_20250730_144226.json
2025-07-30 14:42:26,968 - VALO360 - DEBUG - 配置保存成功
2025-07-30 14:42:26,968 - VALO360 - DEBUG - 配置已備份至: backup\setup_backup_20250730_144226.json
2025-07-30 14:42:26,971 - VALO360 - DEBUG - 配置保存成功
2025-07-30 14:42:26,972 - VALO360 - DEBUG - 配置已備份至: backup\setup_backup_20250730_144226.json
2025-07-30 14:42:26,974 - VALO360 - DEBUG - 配置保存成功
2025-07-30 14:42:26,978 - VALO360 - DEBUG - 配置已備份至: backup\setup_backup_20250730_144226.json
2025-07-30 14:42:26,978 - VALO360 - DEBUG - 配置保存成功
2025-07-30 14:42:26,980 - VALO360 - DEBUG - 配置已備份至: backup\setup_backup_20250730_144226.json
2025-07-30 14:42:26,980 - VALO360 - DEBUG - 配置保存成功
2025-07-30 14:42:26,982 - VALO360 - DEBUG - 配置已備份至: backup\setup_backup_20250730_144226.json
2025-07-30 14:42:26,984 - VALO360 - DEBUG - 配置保存成功
2025-07-30 14:42:26,984 - VALO360 - DEBUG - 配置已備份至: backup\setup_backup_20250730_144226.json
2025-07-30 14:42:26,986 - VALO360 - DEBUG - 配置保存成功
2025-07-30 14:42:26,988 - VALO360 - DEBUG - 配置已備份至: backup\setup_backup_20250730_144226.json
2025-07-30 14:42:26,990 - VALO360 - DEBUG - 配置保存成功
2025-07-30 14:42:26,991 - VALO360 - DEBUG - 配置已備份至: backup\setup_backup_20250730_144226.json
2025-07-30 14:42:26,991 - VALO360 - DEBUG - 配置保存成功
2025-07-30 14:42:26,991 - VALO360 - DEBUG - 配置已備份至: backup\setup_backup_20250730_144226.json
2025-07-30 14:42:26,991 - VALO360 - DEBUG - 配置保存成功
2025-07-30 14:42:26,991 - VALO360 - DEBUG - 配置已備份至: backup\setup_backup_20250730_144226.json
2025-07-30 14:42:26,997 - VALO360 - DEBUG - 配置保存成功
2025-07-30 14:42:26,999 - VALO360 - DEBUG - 配置已備份至: backup\setup_backup_20250730_144226.json
2025-07-30 14:42:27,001 - VALO360 - DEBUG - 配置保存成功
2025-07-30 14:42:27,001 - VALO360 - DEBUG - 配置已備份至: backup\setup_backup_20250730_144227.json
2025-07-30 14:42:27,001 - VALO360 - DEBUG - 配置保存成功
2025-07-30 14:42:27,001 - VALO360 - DEBUG - 配置已備份至: backup\setup_backup_20250730_144227.json
2025-07-30 14:42:27,001 - VALO360 - DEBUG - 配置保存成功
2025-07-30 14:42:27,007 - VALO360 - DEBUG - 配置已備份至: backup\setup_backup_20250730_144227.json
2025-07-30 14:42:27,009 - VALO360 - DEBUG - 配置保存成功
2025-07-30 14:42:27,012 - VALO360 - DEBUG - 配置已備份至: backup\setup_backup_20250730_144227.json
2025-07-30 14:42:27,012 - VALO360 - DEBUG - 配置保存成功
2025-07-30 14:42:27,012 - VALO360 - DEBUG - 配置已備份至: backup\setup_backup_20250730_144227.json
2025-07-30 14:42:27,015 - VALO360 - DEBUG - 配置保存成功
2025-07-30 14:42:27,015 - VALO360 - DEBUG - 配置已備份至: backup\setup_backup_20250730_144227.json
2025-07-30 14:42:27,017 - VALO360 - DEBUG - 配置保存成功
2025-07-30 14:42:27,017 - VALO360 - DEBUG - 配置已備份至: backup\setup_backup_20250730_144227.json
2025-07-30 14:42:27,019 - VALO360 - DEBUG - 配置保存成功
2025-07-30 14:42:27,019 - VALO360 - DEBUG - 配置已備份至: backup\setup_backup_20250730_144227.json
2025-07-30 14:42:27,019 - VALO360 - DEBUG - 配置保存成功
2025-07-30 14:42:27,019 - VALO360 - DEBUG - 配置已備份至: backup\setup_backup_20250730_144227.json
2025-07-30 14:42:27,028 - VALO360 - DEBUG - 配置保存成功
2025-07-30 14:42:27,029 - VALO360 - DEBUG - 配置已備份至: backup\setup_backup_20250730_144227.json
2025-07-30 14:42:27,029 - VALO360 - DEBUG - 配置保存成功
2025-07-30 14:42:27,029 - VALO360 - DEBUG - 配置已備份至: backup\setup_backup_20250730_144227.json
2025-07-30 14:42:27,029 - VALO360 - DEBUG - 配置保存成功
2025-07-30 14:42:27,029 - VALO360 - DEBUG - 配置已備份至: backup\setup_backup_20250730_144227.json
2025-07-30 14:42:27,029 - VALO360 - DEBUG - 配置保存成功
2025-07-30 14:42:27,029 - VALO360 - DEBUG - 配置已備份至: backup\setup_backup_20250730_144227.json
2025-07-30 14:42:27,038 - VALO360 - DEBUG - 配置保存成功
2025-07-30 14:42:27,040 - VALO360 - DEBUG - 配置已備份至: backup\setup_backup_20250730_144227.json
2025-07-30 14:42:27,040 - VALO360 - DEBUG - 配置保存成功
2025-07-30 14:42:27,040 - VALO360 - DEBUG - 配置已備份至: backup\setup_backup_20250730_144227.json
2025-07-30 14:42:27,040 - VALO360 - DEBUG - 配置保存成功
2025-07-30 14:42:27,040 - VALO360 - DEBUG - 配置已備份至: backup\setup_backup_20250730_144227.json
2025-07-30 14:42:27,040 - VALO360 - DEBUG - 配置保存成功
2025-07-30 14:42:27,049 - VALO360 - DEBUG - 配置已備份至: backup\setup_backup_20250730_144227.json
2025-07-30 14:42:27,049 - VALO360 - DEBUG - 配置保存成功
2025-07-30 14:42:27,051 - VALO360 - DEBUG - 配置已備份至: backup\setup_backup_20250730_144227.json
2025-07-30 14:42:27,052 - VALO360 - DEBUG - 配置保存成功
2025-07-30 14:42:27,053 - VALO360 - DEBUG - 配置已備份至: backup\setup_backup_20250730_144227.json
2025-07-30 14:42:27,055 - VALO360 - DEBUG - 配置保存成功
2025-07-30 14:42:27,059 - VALO360 - DEBUG - 配置已備份至: backup\setup_backup_20250730_144227.json
2025-07-30 14:42:27,060 - VALO360 - DEBUG - 配置保存成功
2025-07-30 14:42:27,061 - VALO360 - DEBUG - 配置已備份至: backup\setup_backup_20250730_144227.json
2025-07-30 14:42:27,061 - VALO360 - DEBUG - 配置保存成功
2025-07-30 14:42:27,061 - VALO360 - DEBUG - 配置已備份至: backup\setup_backup_20250730_144227.json
2025-07-30 14:42:27,061 - VALO360 - DEBUG - 配置保存成功
2025-07-30 14:42:27,061 - VALO360 - DEBUG - 配置已備份至: backup\setup_backup_20250730_144227.json
2025-07-30 14:42:27,061 - VALO360 - DEBUG - 配置保存成功
2025-07-30 14:42:27,071 - VALO360 - DEBUG - 配置已備份至: backup\setup_backup_20250730_144227.json
2025-07-30 14:42:27,071 - VALO360 - DEBUG - 配置保存成功
2025-07-30 14:42:27,071 - VALO360 - DEBUG - 配置已備份至: backup\setup_backup_20250730_144227.json
2025-07-30 14:42:27,071 - VALO360 - DEBUG - 配置保存成功
2025-07-30 14:42:27,071 - VALO360 - DEBUG - 配置已備份至: backup\setup_backup_20250730_144227.json
2025-07-30 14:42:27,071 - VALO360 - DEBUG - 配置保存成功
2025-07-30 14:42:27,079 - VALO360 - DEBUG - 配置已備份至: backup\setup_backup_20250730_144227.json
2025-07-30 14:42:27,079 - VALO360 - DEBUG - 配置保存成功
2025-07-30 14:42:27,079 - VALO360 - DEBUG - 配置已備份至: backup\setup_backup_20250730_144227.json
2025-07-30 14:42:27,079 - VALO360 - DEBUG - 配置保存成功
2025-07-30 14:42:27,079 - VALO360 - DEBUG - 配置已備份至: backup\setup_backup_20250730_144227.json
2025-07-30 14:42:27,079 - VALO360 - DEBUG - 配置保存成功
2025-07-30 14:42:27,079 - VALO360 - DEBUG - 配置已備份至: backup\setup_backup_20250730_144227.json
2025-07-30 14:42:27,079 - VALO360 - DEBUG - 配置保存成功
2025-07-30 14:42:27,090 - VALO360 - DEBUG - 配置已備份至: backup\setup_backup_20250730_144227.json
2025-07-30 14:42:27,090 - VALO360 - DEBUG - 配置保存成功
2025-07-30 14:42:27,090 - VALO360 - DEBUG - 配置已備份至: backup\setup_backup_20250730_144227.json
2025-07-30 14:42:27,090 - VALO360 - DEBUG - 配置保存成功
2025-07-30 14:42:27,090 - VALO360 - DEBUG - 配置已備份至: backup\setup_backup_20250730_144227.json
2025-07-30 14:42:27,090 - VALO360 - DEBUG - 配置保存成功
2025-07-30 14:42:27,090 - VALO360 - DEBUG - 配置已備份至: backup\setup_backup_20250730_144227.json
2025-07-30 14:42:27,101 - VALO360 - DEBUG - 配置保存成功
2025-07-30 14:42:27,101 - VALO360 - DEBUG - 配置已備份至: backup\setup_backup_20250730_144227.json
2025-07-30 14:42:27,101 - VALO360 - DEBUG - 配置保存成功
2025-07-30 14:42:27,107 - VALO360 - DEBUG - 配置已備份至: backup\setup_backup_20250730_144227.json
2025-07-30 14:42:27,107 - VALO360 - DEBUG - 配置保存成功
2025-07-30 14:42:27,110 - VALO360 - DEBUG - 配置已備份至: backup\setup_backup_20250730_144227.json
2025-07-30 14:42:27,110 - VALO360 - DEBUG - 配置保存成功
2025-07-30 14:42:27,110 - VALO360 - DEBUG - 配置已備份至: backup\setup_backup_20250730_144227.json
2025-07-30 14:42:27,110 - VALO360 - DEBUG - 配置保存成功
2025-07-30 14:42:27,110 - VALO360 - DEBUG - 配置已備份至: backup\setup_backup_20250730_144227.json
2025-07-30 14:42:27,110 - VALO360 - DEBUG - 配置保存成功
2025-07-30 14:42:27,110 - VALO360 - DEBUG - 配置已備份至: backup\setup_backup_20250730_144227.json
2025-07-30 14:42:27,121 - VALO360 - DEBUG - 配置保存成功
2025-07-30 14:42:27,122 - VALO360 - DEBUG - 配置已備份至: backup\setup_backup_20250730_144227.json
2025-07-30 14:42:27,122 - VALO360 - DEBUG - 配置保存成功
2025-07-30 14:42:27,122 - VALO360 - DEBUG - 配置已備份至: backup\setup_backup_20250730_144227.json
2025-07-30 14:42:27,122 - VALO360 - DEBUG - 配置保存成功
2025-07-30 14:42:27,122 - VALO360 - DEBUG - 配置已備份至: backup\setup_backup_20250730_144227.json
2025-07-30 14:42:27,122 - VALO360 - DEBUG - 配置保存成功
2025-07-30 14:42:27,131 - VALO360 - DEBUG - 配置已備份至: backup\setup_backup_20250730_144227.json
2025-07-30 14:42:27,131 - VALO360 - DEBUG - 配置保存成功
2025-07-30 14:42:27,131 - VALO360 - DEBUG - 配置已備份至: backup\setup_backup_20250730_144227.json
2025-07-30 14:42:27,131 - VALO360 - DEBUG - 配置保存成功
2025-07-30 14:42:27,131 - VALO360 - DEBUG - 配置已備份至: backup\setup_backup_20250730_144227.json
2025-07-30 14:42:27,131 - VALO360 - DEBUG - 配置保存成功
2025-07-30 14:42:27,137 - VALO360 - DEBUG - 配置已備份至: backup\setup_backup_20250730_144227.json
2025-07-30 14:42:27,137 - VALO360 - DEBUG - 配置保存成功
2025-07-30 14:42:27,141 - VALO360 - DEBUG - 配置已備份至: backup\setup_backup_20250730_144227.json
2025-07-30 14:42:27,141 - VALO360 - DEBUG - 配置保存成功
2025-07-30 14:42:27,141 - VALO360 - DEBUG - 配置已備份至: backup\setup_backup_20250730_144227.json
2025-07-30 14:42:27,141 - VALO360 - DEBUG - 配置保存成功
2025-07-30 14:42:27,141 - VALO360 - DEBUG - 配置已備份至: backup\setup_backup_20250730_144227.json
2025-07-30 14:42:27,141 - VALO360 - DEBUG - 配置保存成功
2025-07-30 14:42:27,141 - VALO360 - DEBUG - 配置已備份至: backup\setup_backup_20250730_144227.json
2025-07-30 14:42:27,141 - VALO360 - DEBUG - 配置保存成功
2025-07-30 14:42:27,151 - VALO360 - DEBUG - 配置已備份至: backup\setup_backup_20250730_144227.json
2025-07-30 14:42:27,151 - VALO360 - DEBUG - 配置保存成功
2025-07-30 14:42:27,151 - VALO360 - DEBUG - 配置已備份至: backup\setup_backup_20250730_144227.json
2025-07-30 14:42:27,151 - VALO360 - DEBUG - 配置保存成功
2025-07-30 14:42:27,151 - VALO360 - DEBUG - 配置已備份至: backup\setup_backup_20250730_144227.json
2025-07-30 14:42:27,157 - VALO360 - DEBUG - 配置保存成功
2025-07-30 14:42:27,157 - VALO360 - DEBUG - 配置已備份至: backup\setup_backup_20250730_144227.json
2025-07-30 14:42:27,157 - VALO360 - DEBUG - 配置保存成功
2025-07-30 14:42:27,161 - VALO360 - DEBUG - 配置已備份至: backup\setup_backup_20250730_144227.json
2025-07-30 14:42:27,161 - VALO360 - DEBUG - 配置保存成功
2025-07-30 14:42:27,161 - VALO360 - DEBUG - 配置已備份至: backup\setup_backup_20250730_144227.json
2025-07-30 14:42:27,161 - VALO360 - DEBUG - 配置保存成功
2025-07-30 14:42:27,161 - VALO360 - DEBUG - 配置已備份至: backup\setup_backup_20250730_144227.json
2025-07-30 14:42:27,161 - VALO360 - DEBUG - 配置保存成功
2025-07-30 14:42:27,161 - VALO360 - DEBUG - 配置已備份至: backup\setup_backup_20250730_144227.json
2025-07-30 14:42:27,161 - VALO360 - DEBUG - 配置保存成功
2025-07-30 14:42:27,182 - VALO360 - DEBUG - 配置已備份至: backup\setup_backup_20250730_144227.json
2025-07-30 14:42:27,185 - VALO360 - DEBUG - 配置保存成功
2025-07-30 14:42:27,185 - VALO360 - DEBUG - 配置已備份至: backup\setup_backup_20250730_144227.json
2025-07-30 14:42:27,187 - VALO360 - DEBUG - 配置保存成功
2025-07-30 14:42:27,188 - VALO360 - DEBUG - 配置已備份至: backup\setup_backup_20250730_144227.json
2025-07-30 14:42:27,188 - VALO360 - DEBUG - 配置保存成功
2025-07-30 14:42:27,188 - VALO360 - DEBUG - 配置已備份至: backup\setup_backup_20250730_144227.json
2025-07-30 14:42:27,192 - VALO360 - DEBUG - 配置保存成功
2025-07-30 14:42:28,138 - VALO360 - DEBUG - 配置已備份至: backup\setup_backup_20250730_144228.json
2025-07-30 14:42:28,138 - VALO360 - DEBUG - 配置保存成功
2025-07-30 14:42:28,149 - VALO360 - DEBUG - 配置已備份至: backup\setup_backup_20250730_144228.json
2025-07-30 14:42:28,149 - VALO360 - DEBUG - 配置保存成功
2025-07-30 14:42:28,154 - VALO360 - DEBUG - 配置已備份至: backup\setup_backup_20250730_144228.json
2025-07-30 14:42:28,154 - VALO360 - DEBUG - 配置保存成功
2025-07-30 14:42:28,159 - VALO360 - DEBUG - 配置已備份至: backup\setup_backup_20250730_144228.json
2025-07-30 14:42:28,159 - VALO360 - DEBUG - 配置保存成功
2025-07-30 14:42:28,199 - VALO360 - DEBUG - 找到 2 個COM口: ['COM5', 'COM6']
2025-07-30 14:42:28,199 - VALO360 - DEBUG - 配置已備份至: backup\setup_backup_20250730_144228.json
2025-07-30 14:42:28,207 - VALO360 - DEBUG - 配置保存成功
2025-07-30 14:42:29,665 - VALO360 - DEBUG - 配置已備份至: backup\setup_backup_20250730_144229.json
2025-07-30 14:42:29,673 - VALO360 - DEBUG - 配置保存成功
2025-07-30 14:42:29,675 - VALO360 - DEBUG - 配置已備份至: backup\setup_backup_20250730_144229.json
2025-07-30 14:42:29,675 - VALO360 - DEBUG - 配置保存成功
2025-07-30 14:42:29,675 - VALO360 - DEBUG - 配置已備份至: backup\setup_backup_20250730_144229.json
2025-07-30 14:42:29,675 - VALO360 - DEBUG - 配置保存成功
2025-07-30 14:42:29,675 - VALO360 - DEBUG - 配置已備份至: backup\setup_backup_20250730_144229.json
2025-07-30 14:42:29,675 - VALO360 - DEBUG - 配置保存成功
2025-07-30 14:42:31,126 - VALO360 - DEBUG - 配置已備份至: backup\setup_backup_20250730_144231.json
2025-07-30 14:42:31,129 - VALO360 - DEBUG - 配置保存成功
2025-07-30 14:42:31,131 - VALO360 - DEBUG - 配置已備份至: backup\setup_backup_20250730_144231.json
2025-07-30 14:42:31,131 - VALO360 - DEBUG - 配置保存成功
2025-07-30 14:42:31,131 - VALO360 - DEBUG - 配置已備份至: backup\setup_backup_20250730_144231.json
2025-07-30 14:42:31,138 - VALO360 - DEBUG - 配置保存成功
2025-07-30 14:42:31,141 - VALO360 - DEBUG - 配置已備份至: backup\setup_backup_20250730_144231.json
2025-07-30 14:42:31,141 - VALO360 - DEBUG - 配置保存成功
2025-07-30 14:42:32,153 - VALO360 - DEBUG - 配置已備份至: backup\setup_backup_20250730_144232.json
2025-07-30 14:42:32,159 - VALO360 - DEBUG - 配置保存成功
2025-07-30 14:42:32,163 - VALO360 - DEBUG - 配置已備份至: backup\setup_backup_20250730_144232.json
2025-07-30 14:42:32,165 - VALO360 - DEBUG - 配置保存成功
2025-07-30 14:42:32,165 - VALO360 - DEBUG - 配置已備份至: backup\setup_backup_20250730_144232.json
2025-07-30 14:42:32,165 - VALO360 - DEBUG - 配置保存成功
2025-07-30 14:42:32,174 - VALO360 - DEBUG - 配置已備份至: backup\setup_backup_20250730_144232.json
2025-07-30 14:42:32,174 - VALO360 - DEBUG - 配置保存成功
2025-07-30 14:42:32,861 - VALO360 - DEBUG - 配置已備份至: backup\setup_backup_20250730_144232.json
2025-07-30 14:42:32,870 - VALO360 - DEBUG - 配置保存成功
2025-07-30 14:42:33,324 - VALO360 - DEBUG - 配置已備份至: backup\setup_backup_20250730_144233.json
2025-07-30 14:42:33,328 - VALO360 - DEBUG - 配置保存成功
2025-07-30 14:42:33,328 - VALO360 - DEBUG - 配置已備份至: backup\setup_backup_20250730_144233.json
2025-07-30 14:42:33,338 - VALO360 - DEBUG - 配置保存成功
2025-07-30 14:42:33,342 - VALO360 - DEBUG - 配置已備份至: backup\setup_backup_20250730_144233.json
2025-07-30 14:42:33,344 - VALO360 - DEBUG - 配置保存成功
2025-07-30 14:42:33,347 - VALO360 - DEBUG - 配置已備份至: backup\setup_backup_20250730_144233.json
2025-07-30 14:42:33,349 - VALO360 - DEBUG - 配置保存成功
2025-07-30 14:42:33,390 - VALO360 - DEBUG - 找到 2 個COM口: ['COM5', 'COM6']
2025-07-30 14:42:33,390 - VALO360 - DEBUG - 配置已備份至: backup\setup_backup_20250730_144233.json
2025-07-30 14:42:33,390 - VALO360 - DEBUG - 配置保存成功
2025-07-30 14:42:34,316 - VALO360 - DEBUG - 配置已備份至: backup\setup_backup_20250730_144234.json
2025-07-30 14:42:34,318 - VALO360 - DEBUG - 配置保存成功
2025-07-30 14:42:34,323 - VALO360 - DEBUG - 配置已備份至: backup\setup_backup_20250730_144234.json
2025-07-30 14:42:34,326 - VALO360 - DEBUG - 配置保存成功
2025-07-30 14:42:34,328 - VALO360 - DEBUG - 配置已備份至: backup\setup_backup_20250730_144234.json
2025-07-30 14:42:34,330 - VALO360 - DEBUG - 配置保存成功
2025-07-30 14:42:34,331 - VALO360 - DEBUG - 配置已備份至: backup\setup_backup_20250730_144234.json
2025-07-30 14:42:34,333 - VALO360 - DEBUG - 配置保存成功
2025-07-30 14:42:35,952 - VALO360 - DEBUG - SerialWorker 初始化: COM=COM5, 指令數=1, 超時=30s
2025-07-30 14:42:35,952 - VALO360 - INFO - 開始執行序列埠任務: COM5
2025-07-30 14:42:35,952 - VALO360 - DEBUG - 配置已備份至: backup\setup_backup_20250730_144235.json
2025-07-30 14:42:35,966 - VALO360 - DEBUG - 配置保存成功
2025-07-30 14:42:35,968 - VALO360 - DEBUG - 配置已備份至: backup\setup_backup_20250730_144235.json
2025-07-30 14:42:35,970 - VALO360 - DEBUG - 配置保存成功
2025-07-30 14:42:35,972 - VALO360 - DEBUG - 配置已備份至: backup\setup_backup_20250730_144235.json
2025-07-30 14:42:35,975 - VALO360 - DEBUG - 配置保存成功
2025-07-30 14:42:35,977 - VALO360 - DEBUG - 配置已備份至: backup\setup_backup_20250730_144235.json
2025-07-30 14:42:35,979 - VALO360 - DEBUG - 配置保存成功
2025-07-30 14:42:35,979 - VALO360 - DEBUG - 配置已備份至: backup\setup_backup_20250730_144235.json
2025-07-30 14:42:35,984 - VALO360 - DEBUG - 配置保存成功
2025-07-30 14:42:35,985 - VALO360 - DEBUG - 配置已備份至: backup\setup_backup_20250730_144235.json
2025-07-30 14:42:35,987 - VALO360 - DEBUG - 配置保存成功
2025-07-30 14:42:35,987 - VALO360 - DEBUG - 配置已備份至: backup\setup_backup_20250730_144235.json
2025-07-30 14:42:35,989 - VALO360 - DEBUG - 配置保存成功
2025-07-30 14:42:35,989 - VALO360 - DEBUG - 配置已備份至: backup\setup_backup_20250730_144235.json
2025-07-30 14:42:35,991 - VALO360 - DEBUG - 配置保存成功
2025-07-30 14:42:35,993 - VALO360 - DEBUG - 配置已備份至: backup\setup_backup_20250730_144235.json
2025-07-30 14:42:35,993 - VALO360 - DEBUG - 配置保存成功
2025-07-30 14:42:35,993 - VALO360 - DEBUG - 配置已備份至: backup\setup_backup_20250730_144235.json
2025-07-30 14:42:35,993 - VALO360 - DEBUG - 配置保存成功
2025-07-30 14:42:35,993 - VALO360 - DEBUG - 配置已備份至: backup\setup_backup_20250730_144235.json
2025-07-30 14:42:35,993 - VALO360 - DEBUG - 配置保存成功
2025-07-30 14:42:35,993 - VALO360 - DEBUG - 配置已備份至: backup\setup_backup_20250730_144235.json
2025-07-30 14:42:36,002 - VALO360 - DEBUG - 配置保存成功
2025-07-30 14:42:36,004 - VALO360 - DEBUG - 配置已備份至: backup\setup_backup_20250730_144236.json
2025-07-30 14:42:36,005 - VALO360 - DEBUG - 配置保存成功
2025-07-30 14:42:36,007 - VALO360 - DEBUG - 配置已備份至: backup\setup_backup_20250730_144236.json
2025-07-30 14:42:36,007 - VALO360 - DEBUG - 配置保存成功
2025-07-30 14:42:36,007 - VALO360 - DEBUG - 配置已備份至: backup\setup_backup_20250730_144236.json
2025-07-30 14:42:36,007 - VALO360 - DEBUG - 配置保存成功
2025-07-30 14:42:36,007 - VALO360 - DEBUG - 配置已備份至: backup\setup_backup_20250730_144236.json
2025-07-30 14:42:36,007 - VALO360 - DEBUG - 配置保存成功
2025-07-30 14:42:36,014 - VALO360 - DEBUG - 配置已備份至: backup\setup_backup_20250730_144236.json
2025-07-30 14:42:36,014 - VALO360 - DEBUG - 配置保存成功
2025-07-30 14:42:36,014 - VALO360 - DEBUG - 配置已備份至: backup\setup_backup_20250730_144236.json
2025-07-30 14:42:36,014 - VALO360 - DEBUG - 配置保存成功
2025-07-30 14:42:36,014 - VALO360 - DEBUG - 配置已備份至: backup\setup_backup_20250730_144236.json
2025-07-30 14:42:36,014 - VALO360 - DEBUG - 配置保存成功
2025-07-30 14:42:36,024 - VALO360 - DEBUG - 配置已備份至: backup\setup_backup_20250730_144236.json
2025-07-30 14:42:36,025 - VALO360 - DEBUG - 配置保存成功
2025-07-30 14:42:36,025 - VALO360 - DEBUG - 配置已備份至: backup\setup_backup_20250730_144236.json
2025-07-30 14:42:36,025 - VALO360 - DEBUG - 配置保存成功
2025-07-30 14:42:36,030 - VALO360 - DEBUG - 配置已備份至: backup\setup_backup_20250730_144236.json
2025-07-30 14:42:36,030 - VALO360 - DEBUG - 配置保存成功
2025-07-30 14:42:36,030 - VALO360 - DEBUG - 配置已備份至: backup\setup_backup_20250730_144236.json
2025-07-30 14:42:36,030 - VALO360 - DEBUG - 配置保存成功
2025-07-30 14:42:36,035 - VALO360 - DEBUG - 配置已備份至: backup\setup_backup_20250730_144236.json
2025-07-30 14:42:36,037 - VALO360 - DEBUG - 配置保存成功
2025-07-30 14:42:36,037 - VALO360 - DEBUG - 配置已備份至: backup\setup_backup_20250730_144236.json
2025-07-30 14:42:36,037 - VALO360 - DEBUG - 配置保存成功
2025-07-30 14:42:37,229 - VALO360 - DEBUG - 配置已備份至: backup\setup_backup_20250730_144237.json
2025-07-30 14:42:37,229 - VALO360 - DEBUG - 配置保存成功
2025-07-30 14:42:37,229 - VALO360 - WARNING - 函數 SerialWorker.run 執行時間過長: 1.276秒
2025-07-30 14:42:38,819 - VALO360 - DEBUG - 配置已備份至: backup\setup_backup_20250730_144238.json
2025-07-30 14:42:38,823 - VALO360 - DEBUG - 配置保存成功
2025-07-30 14:42:38,825 - VALO360 - DEBUG - 配置已備份至: backup\setup_backup_20250730_144238.json
2025-07-30 14:42:38,829 - VALO360 - DEBUG - 配置保存成功
2025-07-30 14:42:38,831 - VALO360 - DEBUG - 配置已備份至: backup\setup_backup_20250730_144238.json
2025-07-30 14:42:38,833 - VALO360 - DEBUG - 配置保存成功
2025-07-30 14:42:38,835 - VALO360 - DEBUG - 配置已備份至: backup\setup_backup_20250730_144238.json
2025-07-30 14:42:38,837 - VALO360 - DEBUG - 配置保存成功
2025-07-30 14:42:39,515 - VALO360 - DEBUG - 配置已備份至: backup\setup_backup_20250730_144239.json
2025-07-30 14:42:39,525 - VALO360 - DEBUG - 配置保存成功
2025-07-30 14:42:39,525 - VALO360 - DEBUG - 配置已備份至: backup\setup_backup_20250730_144239.json
2025-07-30 14:42:39,533 - VALO360 - DEBUG - 配置保存成功
2025-07-30 14:42:39,533 - VALO360 - DEBUG - 配置已備份至: backup\setup_backup_20250730_144239.json
2025-07-30 14:42:39,533 - VALO360 - DEBUG - 配置保存成功
2025-07-30 14:42:39,533 - VALO360 - DEBUG - 配置已備份至: backup\setup_backup_20250730_144239.json
2025-07-30 14:42:39,533 - VALO360 - DEBUG - 配置保存成功
2025-07-30 14:42:40,418 - VALO360 - DEBUG - 配置已備份至: backup\setup_backup_20250730_144240.json
2025-07-30 14:42:40,422 - VALO360 - DEBUG - 配置保存成功
2025-07-30 14:42:40,427 - VALO360 - DEBUG - 配置已備份至: backup\setup_backup_20250730_144240.json
2025-07-30 14:42:40,427 - VALO360 - DEBUG - 配置保存成功
2025-07-30 14:42:40,427 - VALO360 - DEBUG - 配置已備份至: backup\setup_backup_20250730_144240.json
2025-07-30 14:42:40,434 - VALO360 - DEBUG - 配置保存成功
2025-07-30 14:42:40,438 - VALO360 - DEBUG - 配置已備份至: backup\setup_backup_20250730_144240.json
2025-07-30 14:42:40,440 - VALO360 - DEBUG - 配置保存成功
2025-07-30 14:42:41,601 - VALO360 - DEBUG - 配置已備份至: backup\setup_backup_20250730_144241.json
2025-07-30 14:42:41,601 - VALO360 - DEBUG - 配置保存成功
2025-07-30 14:42:41,608 - VALO360 - DEBUG - 配置已備份至: backup\setup_backup_20250730_144241.json
2025-07-30 14:42:41,610 - VALO360 - DEBUG - 配置保存成功
2025-07-30 14:42:41,613 - VALO360 - DEBUG - 配置已備份至: backup\setup_backup_20250730_144241.json
2025-07-30 14:42:41,613 - VALO360 - DEBUG - 配置保存成功
2025-07-30 14:42:41,613 - VALO360 - DEBUG - 配置已備份至: backup\setup_backup_20250730_144241.json
2025-07-30 14:42:41,619 - VALO360 - DEBUG - 配置保存成功
2025-07-30 14:42:42,092 - VALO360 - DEBUG - 配置已備份至: backup\setup_backup_20250730_144242.json
2025-07-30 14:42:42,100 - VALO360 - DEBUG - 配置保存成功
2025-07-30 14:42:42,100 - VALO360 - DEBUG - 配置已備份至: backup\setup_backup_20250730_144242.json
2025-07-30 14:42:42,111 - VALO360 - DEBUG - 配置保存成功
2025-07-30 14:42:42,111 - VALO360 - DEBUG - 配置已備份至: backup\setup_backup_20250730_144242.json
2025-07-30 14:42:42,111 - VALO360 - DEBUG - 配置保存成功
2025-07-30 14:42:42,111 - VALO360 - DEBUG - 配置已備份至: backup\setup_backup_20250730_144242.json
2025-07-30 14:42:42,122 - VALO360 - DEBUG - 配置保存成功
2025-07-30 14:42:42,162 - VALO360 - DEBUG - 找到 2 個COM口: ['COM5', 'COM6']
2025-07-30 14:42:42,162 - VALO360 - DEBUG - 配置已備份至: backup\setup_backup_20250730_144242.json
2025-07-30 14:42:42,171 - VALO360 - DEBUG - 配置保存成功
2025-07-30 14:42:42,549 - VALO360 - DEBUG - 配置已備份至: backup\setup_backup_20250730_144242.json
2025-07-30 14:42:42,551 - VALO360 - DEBUG - 配置保存成功
2025-07-30 14:42:42,551 - VALO360 - DEBUG - 配置已備份至: backup\setup_backup_20250730_144242.json
2025-07-30 14:42:42,554 - VALO360 - DEBUG - 配置保存成功
2025-07-30 14:42:42,554 - VALO360 - DEBUG - 配置已備份至: backup\setup_backup_20250730_144242.json
2025-07-30 14:42:42,556 - VALO360 - DEBUG - 配置保存成功
2025-07-30 14:42:42,556 - VALO360 - DEBUG - 配置已備份至: backup\setup_backup_20250730_144242.json
2025-07-30 14:42:42,559 - VALO360 - DEBUG - 配置保存成功
2025-07-30 14:42:42,875 - VALO360 - DEBUG - 配置已備份至: backup\setup_backup_20250730_144242.json
2025-07-30 14:42:42,887 - VALO360 - DEBUG - 配置保存成功
2025-07-30 14:42:42,931 - VALO360 - DEBUG - 配置已備份至: backup\setup_backup_20250730_144242.json
2025-07-30 14:42:42,933 - VALO360 - DEBUG - 配置保存成功
2025-07-30 14:42:42,935 - VALO360 - DEBUG - 配置已備份至: backup\setup_backup_20250730_144242.json
2025-07-30 14:42:42,939 - VALO360 - DEBUG - 配置保存成功
2025-07-30 14:42:42,939 - VALO360 - DEBUG - 配置已備份至: backup\setup_backup_20250730_144242.json
2025-07-30 14:42:42,943 - VALO360 - DEBUG - 配置保存成功
2025-07-30 14:42:42,944 - VALO360 - DEBUG - 配置已備份至: backup\setup_backup_20250730_144242.json
2025-07-30 14:42:42,947 - VALO360 - DEBUG - 配置保存成功
2025-07-30 14:42:43,377 - VALO360 - DEBUG - 配置已備份至: backup\setup_backup_20250730_144243.json
2025-07-30 14:42:43,381 - VALO360 - DEBUG - 配置保存成功
2025-07-30 14:42:43,381 - VALO360 - DEBUG - 配置已備份至: backup\setup_backup_20250730_144243.json
2025-07-30 14:42:43,384 - VALO360 - DEBUG - 配置保存成功
2025-07-30 14:42:43,386 - VALO360 - DEBUG - 配置已備份至: backup\setup_backup_20250730_144243.json
2025-07-30 14:42:43,388 - VALO360 - DEBUG - 配置保存成功
2025-07-30 14:42:43,389 - VALO360 - DEBUG - 配置已備份至: backup\setup_backup_20250730_144243.json
2025-07-30 14:42:43,392 - VALO360 - DEBUG - 配置保存成功
2025-07-30 14:42:43,918 - VALO360 - DEBUG - 配置已備份至: backup\setup_backup_20250730_144243.json
2025-07-30 14:42:43,932 - VALO360 - DEBUG - 配置保存成功
2025-07-30 14:42:43,932 - VALO360 - DEBUG - 配置已備份至: backup\setup_backup_20250730_144243.json
2025-07-30 14:42:43,938 - VALO360 - DEBUG - 配置保存成功
2025-07-30 14:42:43,944 - VALO360 - DEBUG - 配置已備份至: backup\setup_backup_20250730_144243.json
2025-07-30 14:42:43,948 - VALO360 - DEBUG - 配置保存成功
2025-07-30 14:42:43,949 - VALO360 - DEBUG - 配置已備份至: backup\setup_backup_20250730_144243.json
2025-07-30 14:42:43,951 - VALO360 - DEBUG - 配置保存成功
2025-07-30 14:42:44,327 - VALO360 - DEBUG - 配置已備份至: backup\setup_backup_20250730_144244.json
2025-07-30 14:42:44,330 - VALO360 - DEBUG - 配置保存成功
2025-07-30 14:42:44,340 - VALO360 - DEBUG - 配置已備份至: backup\setup_backup_20250730_144244.json
2025-07-30 14:42:44,340 - VALO360 - DEBUG - 配置保存成功
2025-07-30 14:42:44,340 - VALO360 - DEBUG - 配置已備份至: backup\setup_backup_20250730_144244.json
2025-07-30 14:42:44,352 - VALO360 - DEBUG - 配置保存成功
2025-07-30 14:42:44,352 - VALO360 - DEBUG - 配置已備份至: backup\setup_backup_20250730_144244.json
2025-07-30 14:42:44,360 - VALO360 - DEBUG - 配置保存成功
2025-07-30 14:42:44,731 - VALO360 - DEBUG - 配置已備份至: backup\setup_backup_20250730_144244.json
2025-07-30 14:42:44,735 - VALO360 - DEBUG - 配置保存成功
2025-07-30 14:42:44,740 - VALO360 - DEBUG - 配置已備份至: backup\setup_backup_20250730_144244.json
2025-07-30 14:42:44,748 - VALO360 - DEBUG - 配置保存成功
2025-07-30 14:42:44,752 - VALO360 - DEBUG - 配置已備份至: backup\setup_backup_20250730_144244.json
2025-07-30 14:42:44,752 - VALO360 - DEBUG - 配置保存成功
2025-07-30 14:42:44,758 - VALO360 - DEBUG - 配置已備份至: backup\setup_backup_20250730_144244.json
2025-07-30 14:42:44,761 - VALO360 - DEBUG - 配置保存成功
2025-07-30 14:42:44,797 - VALO360 - DEBUG - 找到 2 個COM口: ['COM5', 'COM6']
2025-07-30 14:42:44,797 - VALO360 - DEBUG - 配置已備份至: backup\setup_backup_20250730_144244.json
2025-07-30 14:42:44,805 - VALO360 - DEBUG - 配置保存成功
2025-07-30 14:42:45,159 - VALO360 - DEBUG - 配置已備份至: backup\setup_backup_20250730_144245.json
2025-07-30 14:42:45,169 - VALO360 - DEBUG - 配置保存成功
2025-07-30 14:42:45,169 - VALO360 - DEBUG - 配置已備份至: backup\setup_backup_20250730_144245.json
2025-07-30 14:42:45,179 - VALO360 - DEBUG - 配置保存成功
2025-07-30 14:42:45,179 - VALO360 - DEBUG - 配置已備份至: backup\setup_backup_20250730_144245.json
2025-07-30 14:42:45,179 - VALO360 - DEBUG - 配置保存成功
2025-07-30 14:42:45,189 - VALO360 - DEBUG - 配置已備份至: backup\setup_backup_20250730_144245.json
2025-07-30 14:42:45,191 - VALO360 - DEBUG - 配置保存成功
2025-07-30 14:42:45,552 - VALO360 - DEBUG - 配置已備份至: backup\setup_backup_20250730_144245.json
2025-07-30 14:42:45,552 - VALO360 - DEBUG - 配置保存成功
2025-07-30 14:42:45,557 - VALO360 - DEBUG - 配置已備份至: backup\setup_backup_20250730_144245.json
2025-07-30 14:42:45,559 - VALO360 - DEBUG - 配置保存成功
2025-07-30 14:42:45,561 - VALO360 - DEBUG - 配置已備份至: backup\setup_backup_20250730_144245.json
2025-07-30 14:42:45,561 - VALO360 - DEBUG - 配置保存成功
2025-07-30 14:42:45,566 - VALO360 - DEBUG - 配置已備份至: backup\setup_backup_20250730_144245.json
2025-07-30 14:42:45,566 - VALO360 - DEBUG - 配置保存成功
2025-07-30 14:42:45,980 - VALO360 - DEBUG - 配置已備份至: backup\setup_backup_20250730_144245.json
2025-07-30 14:42:45,986 - VALO360 - DEBUG - 配置保存成功
2025-07-30 14:42:45,988 - VALO360 - DEBUG - 配置已備份至: backup\setup_backup_20250730_144245.json
2025-07-30 14:42:45,990 - VALO360 - DEBUG - 配置保存成功
2025-07-30 14:42:45,992 - VALO360 - DEBUG - 配置已備份至: backup\setup_backup_20250730_144245.json
2025-07-30 14:42:45,992 - VALO360 - DEBUG - 配置保存成功
2025-07-30 14:42:45,992 - VALO360 - DEBUG - 配置已備份至: backup\setup_backup_20250730_144245.json
2025-07-30 14:42:45,997 - VALO360 - DEBUG - 配置保存成功
2025-07-30 14:42:46,609 - VALO360 - DEBUG - 配置已備份至: backup\setup_backup_20250730_144246.json
2025-07-30 14:42:46,620 - VALO360 - DEBUG - 配置保存成功
2025-07-30 14:42:46,622 - VALO360 - DEBUG - 配置已備份至: backup\setup_backup_20250730_144246.json
2025-07-30 14:42:46,632 - VALO360 - DEBUG - 配置保存成功
2025-07-30 14:42:46,632 - VALO360 - DEBUG - 配置已備份至: backup\setup_backup_20250730_144246.json
2025-07-30 14:42:46,632 - VALO360 - DEBUG - 配置保存成功
2025-07-30 14:42:46,638 - VALO360 - DEBUG - 配置已備份至: backup\setup_backup_20250730_144246.json
2025-07-30 14:42:46,641 - VALO360 - DEBUG - 配置保存成功
2025-07-30 14:42:47,642 - VALO360 - DEBUG - 配置已備份至: backup\setup_backup_20250730_144247.json
2025-07-30 14:42:47,653 - VALO360 - DEBUG - 配置保存成功
2025-07-30 14:42:47,662 - VALO360 - DEBUG - 配置已備份至: backup\setup_backup_20250730_144247.json
2025-07-30 14:42:47,665 - VALO360 - DEBUG - 配置保存成功
2025-07-30 14:42:47,670 - VALO360 - DEBUG - 配置已備份至: backup\setup_backup_20250730_144247.json
2025-07-30 14:42:47,674 - VALO360 - DEBUG - 配置保存成功
2025-07-30 14:42:47,674 - VALO360 - DEBUG - 配置已備份至: backup\setup_backup_20250730_144247.json
2025-07-30 14:42:47,683 - VALO360 - DEBUG - 配置保存成功
2025-07-30 14:42:58,451 - VALO360 - DEBUG - 配置已備份至: backup\setup_backup_20250730_144258.json
2025-07-30 14:42:58,451 - VALO360 - DEBUG - 配置保存成功
2025-07-30 14:42:58,459 - VALO360 - DEBUG - 配置已備份至: backup\setup_backup_20250730_144258.json
2025-07-30 14:42:58,461 - VALO360 - DEBUG - 配置保存成功
2025-07-30 14:42:58,533 - VALO360 - INFO - 資源清理完成
2025-07-30 14:42:58,533 - VALO360 - INFO - 應用程式資源清理完成
2025-07-30 14:45:50,384 - VALO360 - DEBUG - 找到指令檔: D:\((Python TOOL\指令工具-20250428T020034Z-001\CODE_HERE2\Command_TABLE\command.txt
2025-07-30 14:45:50,403 - VALO360 - INFO - 成功載入 94 個指令
2025-07-30 14:45:50,411 - VALO360 - INFO - 運行日誌: main.py 啟動
2025-07-30 14:45:50,411 - VALO360 - INFO - VALO360 指令通主程式啟動
2025-07-30 14:45:50,411 - VALO360 - INFO - 運行日誌: 成功 import TabManager
2025-07-30 14:45:50,411 - VALO360 - INFO - UI模組導入成功
2025-07-30 14:45:50,411 - VALO360 - INFO - 日誌系統初始化完成
2025-07-30 14:45:50,411 - VALO360 - INFO - 未找到關鍵字高亮設定文件，使用空設定
2025-07-30 14:45:50,585 - VALO360 - DEBUG - 配置已備份至: backup\setup_backup_20250730_144550.json
2025-07-30 14:45:50,585 - VALO360 - DEBUG - 已刪除舊備份: backup\setup_backup_20250730_144218.json
2025-07-30 14:45:50,585 - VALO360 - DEBUG - 配置載入成功
2025-07-30 14:45:50,585 - VALO360 - INFO - 統一設定管理器已初始化
2025-07-30 14:45:50,988 - VALO360 - DEBUG - 找到 2 個COM口: ['COM5', 'COM6']
2025-07-30 14:45:51,949 - VALO360 - INFO - 視窗設置完成: 指令通_1.6.3.3 (1536x793)
2025-07-30 14:45:51,949 - VALO360 - INFO - 程式啟動時更新標籤頁名稱
2025-07-30 14:45:51,949 - VALO360 - INFO - 應用程式啟動完成，進入主循環
2025-07-30 14:45:51,953 - VALO360 - DEBUG - 找到 2 個COM口: ['COM5', 'COM6']
2025-07-30 14:45:51,953 - VALO360 - DEBUG - 配置已備份至: backup\setup_backup_20250730_144551.json
2025-07-30 14:45:51,960 - VALO360 - DEBUG - 已刪除舊備份: backup\setup_backup_20250730_144219.json
2025-07-30 14:45:51,962 - VALO360 - DEBUG - 配置保存成功
2025-07-30 14:45:51,972 - VALO360 - DEBUG - 配置已備份至: backup\setup_backup_20250730_144551.json
2025-07-30 14:45:51,974 - VALO360 - DEBUG - 配置保存成功
2025-07-30 14:45:52,014 - VALO360 - DEBUG - 配置已備份至: backup\setup_backup_20250730_144552.json
2025-07-30 14:45:52,021 - VALO360 - DEBUG - 已刪除舊備份: backup\setup_backup_20250730_144220.json
2025-07-30 14:45:52,023 - VALO360 - DEBUG - 配置保存成功
2025-07-30 14:45:52,024 - VALO360 - DEBUG - 配置已備份至: backup\setup_backup_20250730_144552.json
2025-07-30 14:45:52,026 - VALO360 - DEBUG - 配置保存成功
2025-07-30 14:45:52,028 - VALO360 - DEBUG - 配置已備份至: backup\setup_backup_20250730_144552.json
2025-07-30 14:45:52,030 - VALO360 - DEBUG - 配置保存成功
2025-07-30 14:45:52,033 - VALO360 - DEBUG - 配置已備份至: backup\setup_backup_20250730_144552.json
2025-07-30 14:45:52,035 - VALO360 - DEBUG - 配置保存成功
2025-07-30 14:45:52,037 - VALO360 - DEBUG - 配置已備份至: backup\setup_backup_20250730_144552.json
2025-07-30 14:45:52,041 - VALO360 - DEBUG - 配置保存成功
2025-07-30 14:45:52,041 - VALO360 - DEBUG - 配置已備份至: backup\setup_backup_20250730_144552.json
2025-07-30 14:45:52,063 - VALO360 - DEBUG - 配置保存成功
2025-07-30 14:45:52,065 - VALO360 - DEBUG - 配置已備份至: backup\setup_backup_20250730_144552.json
2025-07-30 14:45:52,069 - VALO360 - DEBUG - 配置保存成功
2025-07-30 14:45:52,071 - VALO360 - DEBUG - 配置已備份至: backup\setup_backup_20250730_144552.json
2025-07-30 14:45:52,077 - VALO360 - DEBUG - 配置保存成功
2025-07-30 14:45:52,079 - VALO360 - DEBUG - 配置已備份至: backup\setup_backup_20250730_144552.json
2025-07-30 14:45:52,085 - VALO360 - DEBUG - 配置保存成功
2025-07-30 14:45:52,087 - VALO360 - DEBUG - 配置已備份至: backup\setup_backup_20250730_144552.json
2025-07-30 14:45:52,087 - VALO360 - DEBUG - 配置保存成功
2025-07-30 14:45:52,091 - VALO360 - DEBUG - 配置已備份至: backup\setup_backup_20250730_144552.json
2025-07-30 14:45:52,099 - VALO360 - DEBUG - 配置保存成功
2025-07-30 14:45:52,101 - VALO360 - DEBUG - 配置已備份至: backup\setup_backup_20250730_144552.json
2025-07-30 14:45:52,104 - VALO360 - DEBUG - 配置保存成功
2025-07-30 14:45:52,104 - VALO360 - DEBUG - 配置已備份至: backup\setup_backup_20250730_144552.json
2025-07-30 14:45:52,108 - VALO360 - DEBUG - 配置保存成功
2025-07-30 14:45:52,108 - VALO360 - DEBUG - 配置已備份至: backup\setup_backup_20250730_144552.json
2025-07-30 14:45:52,114 - VALO360 - DEBUG - 配置保存成功
2025-07-30 14:45:52,114 - VALO360 - DEBUG - 配置已備份至: backup\setup_backup_20250730_144552.json
2025-07-30 14:45:52,118 - VALO360 - DEBUG - 配置保存成功
2025-07-30 14:45:52,119 - VALO360 - DEBUG - 配置已備份至: backup\setup_backup_20250730_144552.json
2025-07-30 14:45:52,122 - VALO360 - DEBUG - 配置保存成功
2025-07-30 14:45:52,126 - VALO360 - DEBUG - 配置已備份至: backup\setup_backup_20250730_144552.json
2025-07-30 14:45:52,128 - VALO360 - DEBUG - 配置保存成功
2025-07-30 14:45:52,130 - VALO360 - DEBUG - 配置已備份至: backup\setup_backup_20250730_144552.json
2025-07-30 14:45:52,130 - VALO360 - DEBUG - 配置保存成功
2025-07-30 14:45:52,134 - VALO360 - DEBUG - 配置已備份至: backup\setup_backup_20250730_144552.json
2025-07-30 14:45:52,136 - VALO360 - DEBUG - 配置保存成功
2025-07-30 14:45:52,139 - VALO360 - DEBUG - 配置已備份至: backup\setup_backup_20250730_144552.json
2025-07-30 14:45:52,140 - VALO360 - DEBUG - 配置保存成功
2025-07-30 14:45:52,144 - VALO360 - DEBUG - 配置已備份至: backup\setup_backup_20250730_144552.json
2025-07-30 14:45:52,146 - VALO360 - DEBUG - 配置保存成功
2025-07-30 14:45:52,148 - VALO360 - DEBUG - 配置已備份至: backup\setup_backup_20250730_144552.json
2025-07-30 14:45:52,150 - VALO360 - DEBUG - 配置保存成功
2025-07-30 14:45:52,152 - VALO360 - DEBUG - 配置已備份至: backup\setup_backup_20250730_144552.json
2025-07-30 14:45:52,155 - VALO360 - DEBUG - 配置保存成功
2025-07-30 14:45:52,157 - VALO360 - DEBUG - 配置已備份至: backup\setup_backup_20250730_144552.json
2025-07-30 14:45:52,159 - VALO360 - DEBUG - 配置保存成功
2025-07-30 14:45:52,161 - VALO360 - DEBUG - 配置已備份至: backup\setup_backup_20250730_144552.json
2025-07-30 14:45:52,165 - VALO360 - DEBUG - 配置保存成功
2025-07-30 14:45:52,167 - VALO360 - DEBUG - 配置已備份至: backup\setup_backup_20250730_144552.json
2025-07-30 14:45:52,168 - VALO360 - DEBUG - 配置保存成功
2025-07-30 14:45:52,170 - VALO360 - DEBUG - 配置已備份至: backup\setup_backup_20250730_144552.json
2025-07-30 14:45:52,172 - VALO360 - DEBUG - 配置保存成功
2025-07-30 14:45:52,175 - VALO360 - DEBUG - 配置已備份至: backup\setup_backup_20250730_144552.json
2025-07-30 14:45:52,176 - VALO360 - DEBUG - 配置保存成功
2025-07-30 14:45:52,179 - VALO360 - DEBUG - 配置已備份至: backup\setup_backup_20250730_144552.json
2025-07-30 14:45:52,182 - VALO360 - DEBUG - 配置保存成功
2025-07-30 14:45:52,184 - VALO360 - DEBUG - 配置已備份至: backup\setup_backup_20250730_144552.json
2025-07-30 14:45:52,186 - VALO360 - DEBUG - 配置保存成功
2025-07-30 14:45:52,188 - VALO360 - DEBUG - 配置已備份至: backup\setup_backup_20250730_144552.json
2025-07-30 14:45:52,192 - VALO360 - DEBUG - 配置保存成功
2025-07-30 14:45:52,192 - VALO360 - DEBUG - 配置已備份至: backup\setup_backup_20250730_144552.json
2025-07-30 14:45:52,196 - VALO360 - DEBUG - 配置保存成功
2025-07-30 14:45:52,196 - VALO360 - DEBUG - 配置已備份至: backup\setup_backup_20250730_144552.json
2025-07-30 14:45:52,201 - VALO360 - DEBUG - 配置保存成功
2025-07-30 14:45:52,201 - VALO360 - DEBUG - 配置已備份至: backup\setup_backup_20250730_144552.json
2025-07-30 14:45:52,207 - VALO360 - DEBUG - 配置保存成功
2025-07-30 14:45:52,208 - VALO360 - DEBUG - 配置已備份至: backup\setup_backup_20250730_144552.json
2025-07-30 14:45:52,210 - VALO360 - DEBUG - 配置保存成功
2025-07-30 14:45:52,212 - VALO360 - DEBUG - 配置已備份至: backup\setup_backup_20250730_144552.json
2025-07-30 14:45:52,214 - VALO360 - DEBUG - 配置保存成功
2025-07-30 14:45:52,217 - VALO360 - DEBUG - 配置已備份至: backup\setup_backup_20250730_144552.json
2025-07-30 14:45:52,221 - VALO360 - DEBUG - 配置保存成功
2025-07-30 14:45:52,221 - VALO360 - DEBUG - 配置已備份至: backup\setup_backup_20250730_144552.json
2025-07-30 14:45:52,225 - VALO360 - DEBUG - 配置保存成功
2025-07-30 14:45:52,225 - VALO360 - DEBUG - 配置已備份至: backup\setup_backup_20250730_144552.json
2025-07-30 14:45:52,228 - VALO360 - DEBUG - 配置保存成功
2025-07-30 14:45:52,231 - VALO360 - DEBUG - 配置已備份至: backup\setup_backup_20250730_144552.json
2025-07-30 14:45:52,232 - VALO360 - DEBUG - 配置保存成功
2025-07-30 14:45:52,235 - VALO360 - DEBUG - 配置已備份至: backup\setup_backup_20250730_144552.json
2025-07-30 14:45:52,239 - VALO360 - DEBUG - 配置保存成功
2025-07-30 14:45:52,241 - VALO360 - DEBUG - 配置已備份至: backup\setup_backup_20250730_144552.json
2025-07-30 14:45:52,243 - VALO360 - DEBUG - 配置保存成功
2025-07-30 14:45:52,246 - VALO360 - DEBUG - 配置已備份至: backup\setup_backup_20250730_144552.json
2025-07-30 14:45:52,250 - VALO360 - DEBUG - 配置保存成功
2025-07-30 14:45:52,251 - VALO360 - DEBUG - 配置已備份至: backup\setup_backup_20250730_144552.json
2025-07-30 14:45:52,253 - VALO360 - DEBUG - 配置保存成功
2025-07-30 14:45:52,255 - VALO360 - DEBUG - 配置已備份至: backup\setup_backup_20250730_144552.json
2025-07-30 14:45:52,258 - VALO360 - DEBUG - 配置保存成功
2025-07-30 14:45:52,261 - VALO360 - DEBUG - 配置已備份至: backup\setup_backup_20250730_144552.json
2025-07-30 14:45:52,262 - VALO360 - DEBUG - 配置保存成功
2025-07-30 14:45:52,264 - VALO360 - DEBUG - 配置已備份至: backup\setup_backup_20250730_144552.json
2025-07-30 14:45:52,266 - VALO360 - DEBUG - 配置保存成功
2025-07-30 14:45:52,268 - VALO360 - DEBUG - 配置已備份至: backup\setup_backup_20250730_144552.json
2025-07-30 14:45:52,271 - VALO360 - DEBUG - 配置保存成功
2025-07-30 14:45:52,274 - VALO360 - DEBUG - 配置已備份至: backup\setup_backup_20250730_144552.json
2025-07-30 14:45:52,276 - VALO360 - DEBUG - 配置保存成功
2025-07-30 14:45:52,278 - VALO360 - DEBUG - 配置已備份至: backup\setup_backup_20250730_144552.json
2025-07-30 14:45:52,280 - VALO360 - DEBUG - 配置保存成功
2025-07-30 14:45:52,282 - VALO360 - DEBUG - 配置已備份至: backup\setup_backup_20250730_144552.json
2025-07-30 14:45:52,284 - VALO360 - DEBUG - 配置保存成功
2025-07-30 14:45:52,286 - VALO360 - DEBUG - 配置已備份至: backup\setup_backup_20250730_144552.json
2025-07-30 14:45:52,290 - VALO360 - DEBUG - 配置保存成功
2025-07-30 14:45:52,290 - VALO360 - DEBUG - 配置已備份至: backup\setup_backup_20250730_144552.json
2025-07-30 14:45:52,294 - VALO360 - DEBUG - 配置保存成功
2025-07-30 14:45:52,296 - VALO360 - DEBUG - 配置已備份至: backup\setup_backup_20250730_144552.json
2025-07-30 14:45:52,299 - VALO360 - DEBUG - 配置保存成功
2025-07-30 14:45:52,302 - VALO360 - DEBUG - 配置已備份至: backup\setup_backup_20250730_144552.json
2025-07-30 14:45:52,302 - VALO360 - DEBUG - 配置保存成功
2025-07-30 14:45:52,306 - VALO360 - DEBUG - 配置已備份至: backup\setup_backup_20250730_144552.json
2025-07-30 14:45:52,309 - VALO360 - DEBUG - 配置保存成功
2025-07-30 14:45:52,311 - VALO360 - DEBUG - 配置已備份至: backup\setup_backup_20250730_144552.json
2025-07-30 14:45:52,313 - VALO360 - DEBUG - 配置保存成功
2025-07-30 14:45:52,313 - VALO360 - DEBUG - 配置已備份至: backup\setup_backup_20250730_144552.json
2025-07-30 14:45:52,320 - VALO360 - DEBUG - 配置保存成功
2025-07-30 14:45:52,321 - VALO360 - DEBUG - 配置已備份至: backup\setup_backup_20250730_144552.json
2025-07-30 14:45:52,323 - VALO360 - DEBUG - 配置保存成功
2025-07-30 14:45:52,325 - VALO360 - DEBUG - 配置已備份至: backup\setup_backup_20250730_144552.json
2025-07-30 14:45:52,327 - VALO360 - DEBUG - 配置保存成功
2025-07-30 14:45:52,332 - VALO360 - DEBUG - 配置已備份至: backup\setup_backup_20250730_144552.json
2025-07-30 14:45:52,333 - VALO360 - DEBUG - 配置保存成功
2025-07-30 14:45:52,335 - VALO360 - DEBUG - 配置已備份至: backup\setup_backup_20250730_144552.json
2025-07-30 14:45:52,337 - VALO360 - DEBUG - 配置保存成功
2025-07-30 14:45:52,340 - VALO360 - DEBUG - 配置已備份至: backup\setup_backup_20250730_144552.json
2025-07-30 14:45:52,342 - VALO360 - DEBUG - 配置保存成功
2025-07-30 14:45:52,344 - VALO360 - DEBUG - 配置已備份至: backup\setup_backup_20250730_144552.json
2025-07-30 14:45:52,346 - VALO360 - DEBUG - 配置保存成功
2025-07-30 14:45:52,348 - VALO360 - DEBUG - 配置已備份至: backup\setup_backup_20250730_144552.json
2025-07-30 14:45:52,351 - VALO360 - DEBUG - 配置保存成功
2025-07-30 14:45:52,353 - VALO360 - DEBUG - 配置已備份至: backup\setup_backup_20250730_144552.json
2025-07-30 14:45:52,355 - VALO360 - DEBUG - 配置保存成功
2025-07-30 14:45:52,357 - VALO360 - DEBUG - 配置已備份至: backup\setup_backup_20250730_144552.json
2025-07-30 14:45:52,360 - VALO360 - DEBUG - 配置保存成功
2025-07-30 14:45:52,360 - VALO360 - DEBUG - 配置已備份至: backup\setup_backup_20250730_144552.json
2025-07-30 14:45:52,364 - VALO360 - DEBUG - 配置保存成功
2025-07-30 14:45:52,367 - VALO360 - DEBUG - 配置已備份至: backup\setup_backup_20250730_144552.json
2025-07-30 14:45:52,370 - VALO360 - DEBUG - 配置保存成功
2025-07-30 14:45:52,372 - VALO360 - DEBUG - 配置已備份至: backup\setup_backup_20250730_144552.json
2025-07-30 14:45:52,376 - VALO360 - DEBUG - 配置保存成功
2025-07-30 14:45:52,376 - VALO360 - DEBUG - 配置已備份至: backup\setup_backup_20250730_144552.json
2025-07-30 14:45:52,380 - VALO360 - DEBUG - 配置保存成功
2025-07-30 14:45:52,382 - VALO360 - DEBUG - 配置已備份至: backup\setup_backup_20250730_144552.json
2025-07-30 14:45:52,382 - VALO360 - DEBUG - 配置保存成功
2025-07-30 14:45:52,387 - VALO360 - DEBUG - 配置已備份至: backup\setup_backup_20250730_144552.json
2025-07-30 14:45:52,387 - VALO360 - DEBUG - 配置保存成功
2025-07-30 14:45:52,392 - VALO360 - DEBUG - 配置已備份至: backup\setup_backup_20250730_144552.json
2025-07-30 14:45:52,394 - VALO360 - DEBUG - 配置保存成功
2025-07-30 14:45:52,396 - VALO360 - DEBUG - 配置已備份至: backup\setup_backup_20250730_144552.json
2025-07-30 14:45:52,400 - VALO360 - DEBUG - 配置保存成功
2025-07-30 14:45:52,401 - VALO360 - DEBUG - 配置已備份至: backup\setup_backup_20250730_144552.json
2025-07-30 14:45:52,401 - VALO360 - DEBUG - 配置保存成功
2025-07-30 14:45:52,407 - VALO360 - DEBUG - 配置已備份至: backup\setup_backup_20250730_144552.json
2025-07-30 14:45:52,411 - VALO360 - DEBUG - 配置保存成功
2025-07-30 14:45:52,411 - VALO360 - DEBUG - 配置已備份至: backup\setup_backup_20250730_144552.json
2025-07-30 14:45:52,411 - VALO360 - DEBUG - 配置保存成功
2025-07-30 14:45:52,416 - VALO360 - DEBUG - 配置已備份至: backup\setup_backup_20250730_144552.json
2025-07-30 14:45:52,419 - VALO360 - DEBUG - 配置保存成功
2025-07-30 14:45:52,421 - VALO360 - DEBUG - 配置已備份至: backup\setup_backup_20250730_144552.json
2025-07-30 14:45:52,421 - VALO360 - DEBUG - 配置保存成功
2025-07-30 14:45:52,427 - VALO360 - DEBUG - 配置已備份至: backup\setup_backup_20250730_144552.json
2025-07-30 14:45:52,428 - VALO360 - DEBUG - 配置保存成功
2025-07-30 14:45:52,431 - VALO360 - DEBUG - 配置已備份至: backup\setup_backup_20250730_144552.json
2025-07-30 14:45:52,436 - VALO360 - DEBUG - 配置保存成功
2025-07-30 14:45:52,436 - VALO360 - DEBUG - 配置已備份至: backup\setup_backup_20250730_144552.json
2025-07-30 14:45:52,438 - VALO360 - DEBUG - 配置保存成功
2025-07-30 14:45:52,442 - VALO360 - DEBUG - 配置已備份至: backup\setup_backup_20250730_144552.json
2025-07-30 14:45:52,442 - VALO360 - DEBUG - 配置保存成功
2025-07-30 14:45:52,442 - VALO360 - DEBUG - 配置已備份至: backup\setup_backup_20250730_144552.json
2025-07-30 14:45:52,452 - VALO360 - DEBUG - 配置保存成功
2025-07-30 14:45:52,452 - VALO360 - DEBUG - 配置已備份至: backup\setup_backup_20250730_144552.json
2025-07-30 14:45:52,455 - VALO360 - DEBUG - 配置保存成功
2025-07-30 14:45:52,458 - VALO360 - DEBUG - 配置已備份至: backup\setup_backup_20250730_144552.json
2025-07-30 14:45:52,459 - VALO360 - DEBUG - 配置保存成功
2025-07-30 14:45:52,462 - VALO360 - DEBUG - 配置已備份至: backup\setup_backup_20250730_144552.json
2025-07-30 14:45:52,464 - VALO360 - DEBUG - 配置保存成功
2025-07-30 14:45:52,466 - VALO360 - DEBUG - 配置已備份至: backup\setup_backup_20250730_144552.json
2025-07-30 14:45:52,470 - VALO360 - DEBUG - 配置保存成功
2025-07-30 14:45:52,470 - VALO360 - DEBUG - 配置已備份至: backup\setup_backup_20250730_144552.json
2025-07-30 14:45:52,472 - VALO360 - DEBUG - 配置保存成功
2025-07-30 14:45:52,472 - VALO360 - DEBUG - 配置已備份至: backup\setup_backup_20250730_144552.json
2025-07-30 14:45:52,472 - VALO360 - DEBUG - 配置保存成功
2025-07-30 14:45:52,481 - VALO360 - DEBUG - 配置已備份至: backup\setup_backup_20250730_144552.json
2025-07-30 14:45:52,485 - VALO360 - DEBUG - 配置保存成功
2025-07-30 14:45:52,485 - VALO360 - DEBUG - 配置已備份至: backup\setup_backup_20250730_144552.json
2025-07-30 14:45:52,489 - VALO360 - DEBUG - 配置保存成功
2025-07-30 14:45:52,491 - VALO360 - DEBUG - 配置已備份至: backup\setup_backup_20250730_144552.json
2025-07-30 14:45:52,494 - VALO360 - DEBUG - 配置保存成功
2025-07-30 14:45:52,494 - VALO360 - DEBUG - 配置已備份至: backup\setup_backup_20250730_144552.json
2025-07-30 14:45:52,501 - VALO360 - DEBUG - 配置保存成功
2025-07-30 14:45:52,501 - VALO360 - DEBUG - 配置已備份至: backup\setup_backup_20250730_144552.json
2025-07-30 14:45:52,504 - VALO360 - DEBUG - 配置保存成功
2025-07-30 14:45:52,509 - VALO360 - DEBUG - 配置已備份至: backup\setup_backup_20250730_144552.json
2025-07-30 14:45:52,511 - VALO360 - DEBUG - 配置保存成功
2025-07-30 14:45:52,514 - VALO360 - DEBUG - 配置已備份至: backup\setup_backup_20250730_144552.json
2025-07-30 14:45:52,516 - VALO360 - DEBUG - 配置保存成功
2025-07-30 14:45:52,516 - VALO360 - DEBUG - 配置已備份至: backup\setup_backup_20250730_144552.json
2025-07-30 14:45:52,520 - VALO360 - DEBUG - 配置保存成功
2025-07-30 14:45:52,522 - VALO360 - DEBUG - 配置已備份至: backup\setup_backup_20250730_144552.json
2025-07-30 14:45:52,524 - VALO360 - DEBUG - 配置保存成功
2025-07-30 14:45:52,524 - VALO360 - DEBUG - 配置已備份至: backup\setup_backup_20250730_144552.json
2025-07-30 14:45:52,524 - VALO360 - DEBUG - 配置保存成功
2025-07-30 14:45:52,534 - VALO360 - DEBUG - 配置已備份至: backup\setup_backup_20250730_144552.json
2025-07-30 14:45:52,535 - VALO360 - DEBUG - 配置保存成功
2025-07-30 14:45:52,538 - VALO360 - DEBUG - 配置已備份至: backup\setup_backup_20250730_144552.json
2025-07-30 14:45:52,540 - VALO360 - DEBUG - 配置保存成功
2025-07-30 14:45:52,542 - VALO360 - DEBUG - 配置已備份至: backup\setup_backup_20250730_144552.json
2025-07-30 14:45:52,545 - VALO360 - DEBUG - 配置保存成功
2025-07-30 14:45:52,545 - VALO360 - DEBUG - 配置已備份至: backup\setup_backup_20250730_144552.json
2025-07-30 14:45:52,551 - VALO360 - DEBUG - 配置保存成功
2025-07-30 14:45:52,551 - VALO360 - DEBUG - 配置已備份至: backup\setup_backup_20250730_144552.json
2025-07-30 14:45:52,555 - VALO360 - DEBUG - 配置保存成功
2025-07-30 14:45:52,555 - VALO360 - DEBUG - 配置已備份至: backup\setup_backup_20250730_144552.json
2025-07-30 14:45:52,559 - VALO360 - DEBUG - 配置保存成功
2025-07-30 14:45:52,559 - VALO360 - DEBUG - 配置已備份至: backup\setup_backup_20250730_144552.json
2025-07-30 14:45:52,564 - VALO360 - DEBUG - 配置保存成功
2025-07-30 14:45:52,567 - VALO360 - DEBUG - 配置已備份至: backup\setup_backup_20250730_144552.json
2025-07-30 14:45:52,568 - VALO360 - DEBUG - 配置保存成功
2025-07-30 14:45:52,570 - VALO360 - DEBUG - 配置已備份至: backup\setup_backup_20250730_144552.json
2025-07-30 14:45:52,572 - VALO360 - DEBUG - 配置保存成功
2025-07-30 14:45:52,576 - VALO360 - DEBUG - 配置已備份至: backup\setup_backup_20250730_144552.json
2025-07-30 14:45:52,578 - VALO360 - DEBUG - 配置保存成功
2025-07-30 14:45:52,580 - VALO360 - DEBUG - 配置已備份至: backup\setup_backup_20250730_144552.json
2025-07-30 14:45:52,582 - VALO360 - DEBUG - 配置保存成功
2025-07-30 14:45:52,584 - VALO360 - DEBUG - 配置已備份至: backup\setup_backup_20250730_144552.json
2025-07-30 14:45:52,587 - VALO360 - DEBUG - 配置保存成功
2025-07-30 14:45:52,589 - VALO360 - DEBUG - 配置已備份至: backup\setup_backup_20250730_144552.json
2025-07-30 14:45:52,591 - VALO360 - DEBUG - 配置保存成功
2025-07-30 14:45:52,593 - VALO360 - DEBUG - 配置已備份至: backup\setup_backup_20250730_144552.json
2025-07-30 14:45:52,596 - VALO360 - DEBUG - 配置保存成功
2025-07-30 14:45:52,598 - VALO360 - DEBUG - 配置已備份至: backup\setup_backup_20250730_144552.json
2025-07-30 14:45:52,599 - VALO360 - DEBUG - 配置保存成功
2025-07-30 14:45:52,601 - VALO360 - DEBUG - 配置已備份至: backup\setup_backup_20250730_144552.json
2025-07-30 14:45:52,605 - VALO360 - DEBUG - 配置保存成功
2025-07-30 14:45:52,605 - VALO360 - DEBUG - 配置已備份至: backup\setup_backup_20250730_144552.json
2025-07-30 14:45:52,609 - VALO360 - DEBUG - 配置保存成功
2025-07-30 14:45:52,611 - VALO360 - DEBUG - 配置已備份至: backup\setup_backup_20250730_144552.json
2025-07-30 14:45:52,613 - VALO360 - DEBUG - 配置保存成功
2025-07-30 14:45:52,615 - VALO360 - DEBUG - 配置已備份至: backup\setup_backup_20250730_144552.json
2025-07-30 14:45:52,615 - VALO360 - DEBUG - 配置保存成功
2025-07-30 14:45:52,622 - VALO360 - DEBUG - 配置已備份至: backup\setup_backup_20250730_144552.json
2025-07-30 14:45:52,623 - VALO360 - DEBUG - 配置保存成功
2025-07-30 14:45:52,625 - VALO360 - DEBUG - 配置已備份至: backup\setup_backup_20250730_144552.json
2025-07-30 14:45:52,625 - VALO360 - DEBUG - 配置保存成功
2025-07-30 14:45:52,630 - VALO360 - DEBUG - 配置已備份至: backup\setup_backup_20250730_144552.json
2025-07-30 14:45:52,632 - VALO360 - DEBUG - 配置保存成功
2025-07-30 14:45:52,635 - VALO360 - DEBUG - 配置已備份至: backup\setup_backup_20250730_144552.json
2025-07-30 14:45:52,637 - VALO360 - DEBUG - 配置保存成功
2025-07-30 14:45:52,639 - VALO360 - DEBUG - 配置已備份至: backup\setup_backup_20250730_144552.json
2025-07-30 14:45:52,643 - VALO360 - DEBUG - 配置保存成功
2025-07-30 14:45:52,645 - VALO360 - DEBUG - 配置已備份至: backup\setup_backup_20250730_144552.json
2025-07-30 14:45:52,646 - VALO360 - DEBUG - 配置保存成功
2025-07-30 14:45:52,649 - VALO360 - DEBUG - 配置已備份至: backup\setup_backup_20250730_144552.json
2025-07-30 14:45:52,651 - VALO360 - DEBUG - 配置保存成功
2025-07-30 14:45:52,653 - VALO360 - DEBUG - 配置已備份至: backup\setup_backup_20250730_144552.json
2025-07-30 14:45:52,656 - VALO360 - DEBUG - 配置保存成功
2025-07-30 14:45:52,656 - VALO360 - DEBUG - 配置已備份至: backup\setup_backup_20250730_144552.json
2025-07-30 14:45:52,656 - VALO360 - DEBUG - 配置保存成功
2025-07-30 14:45:52,656 - VALO360 - DEBUG - 配置已備份至: backup\setup_backup_20250730_144552.json
2025-07-30 14:45:52,667 - VALO360 - DEBUG - 配置保存成功
2025-07-30 14:45:52,668 - VALO360 - DEBUG - 配置已備份至: backup\setup_backup_20250730_144552.json
2025-07-30 14:45:52,670 - VALO360 - DEBUG - 配置保存成功
2025-07-30 14:45:52,672 - VALO360 - DEBUG - 配置已備份至: backup\setup_backup_20250730_144552.json
2025-07-30 14:45:52,674 - VALO360 - DEBUG - 配置保存成功
2025-07-30 14:45:52,678 - VALO360 - DEBUG - 配置已備份至: backup\setup_backup_20250730_144552.json
2025-07-30 14:45:52,679 - VALO360 - DEBUG - 配置保存成功
2025-07-30 14:45:52,682 - VALO360 - DEBUG - 配置已備份至: backup\setup_backup_20250730_144552.json
2025-07-30 14:45:52,683 - VALO360 - DEBUG - 配置保存成功
2025-07-30 14:45:52,686 - VALO360 - DEBUG - 配置已備份至: backup\setup_backup_20250730_144552.json
2025-07-30 14:45:52,688 - VALO360 - DEBUG - 配置保存成功
2025-07-30 14:45:52,690 - VALO360 - DEBUG - 配置已備份至: backup\setup_backup_20250730_144552.json
2025-07-30 14:45:52,692 - VALO360 - DEBUG - 配置保存成功
2025-07-30 14:45:52,695 - VALO360 - DEBUG - 配置已備份至: backup\setup_backup_20250730_144552.json
2025-07-30 14:45:52,698 - VALO360 - DEBUG - 配置保存成功
2025-07-30 14:45:52,698 - VALO360 - DEBUG - 配置已備份至: backup\setup_backup_20250730_144552.json
2025-07-30 14:45:52,701 - VALO360 - DEBUG - 配置保存成功
2025-07-30 14:45:52,704 - VALO360 - DEBUG - 配置已備份至: backup\setup_backup_20250730_144552.json
2025-07-30 14:45:52,706 - VALO360 - DEBUG - 配置保存成功
2025-07-30 14:45:52,708 - VALO360 - DEBUG - 配置已備份至: backup\setup_backup_20250730_144552.json
2025-07-30 14:45:52,711 - VALO360 - DEBUG - 配置保存成功
2025-07-30 14:45:52,714 - VALO360 - DEBUG - 配置已備份至: backup\setup_backup_20250730_144552.json
2025-07-30 14:45:52,716 - VALO360 - DEBUG - 配置保存成功
2025-07-30 14:45:52,719 - VALO360 - DEBUG - 配置已備份至: backup\setup_backup_20250730_144552.json
2025-07-30 14:45:52,720 - VALO360 - DEBUG - 配置保存成功
2025-07-30 14:45:52,722 - VALO360 - DEBUG - 配置已備份至: backup\setup_backup_20250730_144552.json
2025-07-30 14:45:52,724 - VALO360 - DEBUG - 配置保存成功
2025-07-30 14:45:52,726 - VALO360 - DEBUG - 配置已備份至: backup\setup_backup_20250730_144552.json
2025-07-30 14:45:52,728 - VALO360 - DEBUG - 配置保存成功
2025-07-30 14:45:52,728 - VALO360 - DEBUG - 配置已備份至: backup\setup_backup_20250730_144552.json
2025-07-30 14:45:52,728 - VALO360 - DEBUG - 配置保存成功
2025-07-30 14:45:52,728 - VALO360 - DEBUG - 配置已備份至: backup\setup_backup_20250730_144552.json
2025-07-30 14:45:52,739 - VALO360 - DEBUG - 配置保存成功
2025-07-30 14:45:52,741 - VALO360 - DEBUG - 配置已備份至: backup\setup_backup_20250730_144552.json
2025-07-30 14:45:52,743 - VALO360 - DEBUG - 配置保存成功
2025-07-30 14:45:52,745 - VALO360 - DEBUG - 配置已備份至: backup\setup_backup_20250730_144552.json
2025-07-30 14:45:52,745 - VALO360 - DEBUG - 配置保存成功
2025-07-30 14:45:52,750 - VALO360 - DEBUG - 配置已備份至: backup\setup_backup_20250730_144552.json
2025-07-30 14:45:52,752 - VALO360 - DEBUG - 配置保存成功
2025-07-30 14:45:52,754 - VALO360 - DEBUG - 配置已備份至: backup\setup_backup_20250730_144552.json
2025-07-30 14:45:52,754 - VALO360 - DEBUG - 配置保存成功
2025-07-30 14:45:52,758 - VALO360 - DEBUG - 配置已備份至: backup\setup_backup_20250730_144552.json
2025-07-30 14:45:52,760 - VALO360 - DEBUG - 配置保存成功
2025-07-30 14:45:52,763 - VALO360 - DEBUG - 配置已備份至: backup\setup_backup_20250730_144552.json
2025-07-30 14:45:52,765 - VALO360 - DEBUG - 配置保存成功
2025-07-30 14:45:52,769 - VALO360 - DEBUG - 配置已備份至: backup\setup_backup_20250730_144552.json
2025-07-30 14:45:52,771 - VALO360 - DEBUG - 配置保存成功
2025-07-30 14:45:52,773 - VALO360 - DEBUG - 配置已備份至: backup\setup_backup_20250730_144552.json
2025-07-30 14:45:52,775 - VALO360 - DEBUG - 配置保存成功
2025-07-30 14:45:52,778 - VALO360 - DEBUG - 配置已備份至: backup\setup_backup_20250730_144552.json
2025-07-30 14:45:52,780 - VALO360 - DEBUG - 配置保存成功
2025-07-30 14:45:52,782 - VALO360 - DEBUG - 配置已備份至: backup\setup_backup_20250730_144552.json
2025-07-30 14:45:52,784 - VALO360 - DEBUG - 配置保存成功
2025-07-30 14:45:52,787 - VALO360 - DEBUG - 配置已備份至: backup\setup_backup_20250730_144552.json
2025-07-30 14:45:52,790 - VALO360 - DEBUG - 配置保存成功
2025-07-30 14:45:52,792 - VALO360 - DEBUG - 配置已備份至: backup\setup_backup_20250730_144552.json
2025-07-30 14:45:52,794 - VALO360 - DEBUG - 配置保存成功
2025-07-30 14:45:52,794 - VALO360 - DEBUG - 配置已備份至: backup\setup_backup_20250730_144552.json
2025-07-30 14:45:52,800 - VALO360 - DEBUG - 配置保存成功
2025-07-30 14:45:52,803 - VALO360 - DEBUG - 配置已備份至: backup\setup_backup_20250730_144552.json
2025-07-30 14:45:52,804 - VALO360 - DEBUG - 配置保存成功
2025-07-30 14:45:52,806 - VALO360 - DEBUG - 配置已備份至: backup\setup_backup_20250730_144552.json
2025-07-30 14:45:52,810 - VALO360 - DEBUG - 配置保存成功
2025-07-30 14:45:52,812 - VALO360 - DEBUG - 配置已備份至: backup\setup_backup_20250730_144552.json
2025-07-30 14:45:52,814 - VALO360 - DEBUG - 配置保存成功
2025-07-30 14:45:52,816 - VALO360 - DEBUG - 配置已備份至: backup\setup_backup_20250730_144552.json
2025-07-30 14:45:52,818 - VALO360 - DEBUG - 配置保存成功
2025-07-30 14:45:52,820 - VALO360 - DEBUG - 配置已備份至: backup\setup_backup_20250730_144552.json
2025-07-30 14:45:52,822 - VALO360 - DEBUG - 配置保存成功
2025-07-30 14:45:52,826 - VALO360 - DEBUG - 配置已備份至: backup\setup_backup_20250730_144552.json
2025-07-30 14:45:52,828 - VALO360 - DEBUG - 配置保存成功
2025-07-30 14:45:52,830 - VALO360 - DEBUG - 配置已備份至: backup\setup_backup_20250730_144552.json
2025-07-30 14:45:52,832 - VALO360 - DEBUG - 配置保存成功
2025-07-30 14:45:52,834 - VALO360 - DEBUG - 配置已備份至: backup\setup_backup_20250730_144552.json
2025-07-30 14:45:52,838 - VALO360 - DEBUG - 配置保存成功
2025-07-30 14:45:52,838 - VALO360 - DEBUG - 配置已備份至: backup\setup_backup_20250730_144552.json
2025-07-30 14:45:52,840 - VALO360 - DEBUG - 配置保存成功
2025-07-30 14:45:52,844 - VALO360 - DEBUG - 配置已備份至: backup\setup_backup_20250730_144552.json
2025-07-30 14:45:52,845 - VALO360 - DEBUG - 配置保存成功
2025-07-30 14:45:52,847 - VALO360 - DEBUG - 配置已備份至: backup\setup_backup_20250730_144552.json
2025-07-30 14:45:52,851 - VALO360 - DEBUG - 配置保存成功
2025-07-30 14:45:52,853 - VALO360 - DEBUG - 配置已備份至: backup\setup_backup_20250730_144552.json
2025-07-30 14:45:52,855 - VALO360 - DEBUG - 配置保存成功
2025-07-30 14:45:52,857 - VALO360 - DEBUG - 配置已備份至: backup\setup_backup_20250730_144552.json
2025-07-30 14:45:52,859 - VALO360 - DEBUG - 配置保存成功
2025-07-30 14:45:52,861 - VALO360 - DEBUG - 配置已備份至: backup\setup_backup_20250730_144552.json
2025-07-30 14:45:52,865 - VALO360 - DEBUG - 配置保存成功
2025-07-30 14:45:52,865 - VALO360 - DEBUG - 配置已備份至: backup\setup_backup_20250730_144552.json
2025-07-30 14:45:52,869 - VALO360 - DEBUG - 配置保存成功
2025-07-30 14:45:52,870 - VALO360 - DEBUG - 配置已備份至: backup\setup_backup_20250730_144552.json
2025-07-30 14:45:52,872 - VALO360 - DEBUG - 配置保存成功
2025-07-30 14:45:52,874 - VALO360 - DEBUG - 配置已備份至: backup\setup_backup_20250730_144552.json
2025-07-30 14:45:52,876 - VALO360 - DEBUG - 配置保存成功
2025-07-30 14:45:52,878 - VALO360 - DEBUG - 配置已備份至: backup\setup_backup_20250730_144552.json
2025-07-30 14:45:52,881 - VALO360 - DEBUG - 配置保存成功
2025-07-30 14:45:52,883 - VALO360 - DEBUG - 配置已備份至: backup\setup_backup_20250730_144552.json
2025-07-30 14:45:52,883 - VALO360 - DEBUG - 配置保存成功
2025-07-30 14:45:52,888 - VALO360 - DEBUG - 配置已備份至: backup\setup_backup_20250730_144552.json
2025-07-30 14:45:52,891 - VALO360 - DEBUG - 配置保存成功
2025-07-30 14:45:52,892 - VALO360 - DEBUG - 配置已備份至: backup\setup_backup_20250730_144552.json
2025-07-30 14:45:52,892 - VALO360 - DEBUG - 配置保存成功
2025-07-30 14:45:52,898 - VALO360 - DEBUG - 配置已備份至: backup\setup_backup_20250730_144552.json
2025-07-30 14:45:52,901 - VALO360 - DEBUG - 配置保存成功
2025-07-30 14:45:52,903 - VALO360 - DEBUG - 配置已備份至: backup\setup_backup_20250730_144552.json
2025-07-30 14:45:52,907 - VALO360 - DEBUG - 配置保存成功
2025-07-30 14:45:52,907 - VALO360 - DEBUG - 配置已備份至: backup\setup_backup_20250730_144552.json
2025-07-30 14:45:52,911 - VALO360 - DEBUG - 配置保存成功
2025-07-30 14:45:52,913 - VALO360 - DEBUG - 配置已備份至: backup\setup_backup_20250730_144552.json
2025-07-30 14:45:52,916 - VALO360 - DEBUG - 配置保存成功
2025-07-30 14:45:52,918 - VALO360 - DEBUG - 配置已備份至: backup\setup_backup_20250730_144552.json
2025-07-30 14:45:52,921 - VALO360 - DEBUG - 配置保存成功
2025-07-30 14:45:52,924 - VALO360 - DEBUG - 配置已備份至: backup\setup_backup_20250730_144552.json
2025-07-30 14:45:52,928 - VALO360 - DEBUG - 配置保存成功
2025-07-30 14:45:52,930 - VALO360 - DEBUG - 配置已備份至: backup\setup_backup_20250730_144552.json
2025-07-30 14:45:52,934 - VALO360 - DEBUG - 配置保存成功
2025-07-30 14:45:52,936 - VALO360 - DEBUG - 配置已備份至: backup\setup_backup_20250730_144552.json
2025-07-30 14:45:52,938 - VALO360 - DEBUG - 配置保存成功
2025-07-30 14:45:52,940 - VALO360 - DEBUG - 配置已備份至: backup\setup_backup_20250730_144552.json
2025-07-30 14:45:52,944 - VALO360 - DEBUG - 配置保存成功
2025-07-30 14:45:52,946 - VALO360 - DEBUG - 配置已備份至: backup\setup_backup_20250730_144552.json
2025-07-30 14:45:52,950 - VALO360 - DEBUG - 配置保存成功
2025-07-30 14:45:52,952 - VALO360 - DEBUG - 配置已備份至: backup\setup_backup_20250730_144552.json
2025-07-30 14:45:52,953 - VALO360 - DEBUG - 配置保存成功
2025-07-30 14:45:52,956 - VALO360 - DEBUG - 配置已備份至: backup\setup_backup_20250730_144552.json
2025-07-30 14:45:52,956 - VALO360 - DEBUG - 配置保存成功
2025-07-30 14:45:52,960 - VALO360 - DEBUG - 配置已備份至: backup\setup_backup_20250730_144552.json
2025-07-30 14:45:52,963 - VALO360 - DEBUG - 配置保存成功
2025-07-30 14:45:52,966 - VALO360 - DEBUG - 配置已備份至: backup\setup_backup_20250730_144552.json
2025-07-30 14:45:52,966 - VALO360 - DEBUG - 配置保存成功
2025-07-30 14:45:52,971 - VALO360 - DEBUG - 配置已備份至: backup\setup_backup_20250730_144552.json
2025-07-30 14:45:52,975 - VALO360 - DEBUG - 配置保存成功
2025-07-30 14:45:52,976 - VALO360 - DEBUG - 配置已備份至: backup\setup_backup_20250730_144552.json
2025-07-30 14:45:52,979 - VALO360 - DEBUG - 配置保存成功
2025-07-30 14:45:52,981 - VALO360 - DEBUG - 配置已備份至: backup\setup_backup_20250730_144552.json
2025-07-30 14:45:52,984 - VALO360 - DEBUG - 配置保存成功
2025-07-30 14:45:52,986 - VALO360 - DEBUG - 配置已備份至: backup\setup_backup_20250730_144552.json
2025-07-30 14:45:52,988 - VALO360 - DEBUG - 配置保存成功
2025-07-30 14:45:52,991 - VALO360 - DEBUG - 配置已備份至: backup\setup_backup_20250730_144552.json
2025-07-30 14:45:52,994 - VALO360 - DEBUG - 配置保存成功
2025-07-30 14:45:52,997 - VALO360 - DEBUG - 配置已備份至: backup\setup_backup_20250730_144552.json
2025-07-30 14:45:52,999 - VALO360 - DEBUG - 配置保存成功
2025-07-30 14:45:53,003 - VALO360 - DEBUG - 配置已備份至: backup\setup_backup_20250730_144553.json
2025-07-30 14:45:53,005 - VALO360 - DEBUG - 已刪除舊備份: backup\setup_backup_20250730_144221.json
2025-07-30 14:45:53,005 - VALO360 - DEBUG - 配置保存成功
2025-07-30 14:45:53,008 - VALO360 - DEBUG - 配置已備份至: backup\setup_backup_20250730_144553.json
2025-07-30 14:45:53,008 - VALO360 - DEBUG - 配置保存成功
2025-07-30 14:45:53,012 - VALO360 - DEBUG - 配置已備份至: backup\setup_backup_20250730_144553.json
2025-07-30 14:45:53,017 - VALO360 - DEBUG - 配置保存成功
2025-07-30 14:45:53,017 - VALO360 - DEBUG - 配置已備份至: backup\setup_backup_20250730_144553.json
2025-07-30 14:45:53,021 - VALO360 - DEBUG - 配置保存成功
2025-07-30 14:45:53,028 - VALO360 - DEBUG - 配置已備份至: backup\setup_backup_20250730_144553.json
2025-07-30 14:45:53,030 - VALO360 - DEBUG - 配置保存成功
2025-07-30 14:45:53,032 - VALO360 - DEBUG - 配置已備份至: backup\setup_backup_20250730_144553.json
2025-07-30 14:45:53,034 - VALO360 - DEBUG - 配置保存成功
2025-07-30 14:45:53,036 - VALO360 - DEBUG - 配置已備份至: backup\setup_backup_20250730_144553.json
2025-07-30 14:45:53,039 - VALO360 - DEBUG - 配置保存成功
2025-07-30 14:45:53,041 - VALO360 - DEBUG - 配置已備份至: backup\setup_backup_20250730_144553.json
2025-07-30 14:45:53,044 - VALO360 - DEBUG - 配置保存成功
2025-07-30 14:45:53,045 - VALO360 - DEBUG - 配置已備份至: backup\setup_backup_20250730_144553.json
2025-07-30 14:45:53,048 - VALO360 - DEBUG - 配置保存成功
2025-07-30 14:45:53,051 - VALO360 - DEBUG - 配置已備份至: backup\setup_backup_20250730_144553.json
2025-07-30 14:45:53,054 - VALO360 - DEBUG - 配置保存成功
2025-07-30 14:45:53,056 - VALO360 - DEBUG - 配置已備份至: backup\setup_backup_20250730_144553.json
2025-07-30 14:45:53,057 - VALO360 - DEBUG - 配置保存成功
2025-07-30 14:45:53,059 - VALO360 - DEBUG - 配置已備份至: backup\setup_backup_20250730_144553.json
2025-07-30 14:45:53,061 - VALO360 - DEBUG - 配置保存成功
2025-07-30 14:45:53,066 - VALO360 - DEBUG - 配置已備份至: backup\setup_backup_20250730_144553.json
2025-07-30 14:45:53,066 - VALO360 - DEBUG - 配置保存成功
2025-07-30 14:45:53,070 - VALO360 - DEBUG - 配置已備份至: backup\setup_backup_20250730_144553.json
2025-07-30 14:45:53,070 - VALO360 - DEBUG - 配置保存成功
2025-07-30 14:45:53,075 - VALO360 - DEBUG - 配置已備份至: backup\setup_backup_20250730_144553.json
2025-07-30 14:45:53,078 - VALO360 - DEBUG - 配置保存成功
2025-07-30 14:45:53,080 - VALO360 - DEBUG - 配置已備份至: backup\setup_backup_20250730_144553.json
2025-07-30 14:45:53,082 - VALO360 - DEBUG - 配置保存成功
2025-07-30 14:45:53,085 - VALO360 - DEBUG - 配置已備份至: backup\setup_backup_20250730_144553.json
2025-07-30 14:45:53,087 - VALO360 - DEBUG - 配置保存成功
2025-07-30 14:45:53,089 - VALO360 - DEBUG - 配置已備份至: backup\setup_backup_20250730_144553.json
2025-07-30 14:45:53,091 - VALO360 - DEBUG - 配置保存成功
2025-07-30 14:45:53,093 - VALO360 - DEBUG - 配置已備份至: backup\setup_backup_20250730_144553.json
2025-07-30 14:45:53,095 - VALO360 - DEBUG - 配置保存成功
2025-07-30 14:45:53,095 - VALO360 - DEBUG - 配置已備份至: backup\setup_backup_20250730_144553.json
2025-07-30 14:45:53,101 - VALO360 - DEBUG - 配置保存成功
2025-07-30 14:45:53,104 - VALO360 - DEBUG - 配置已備份至: backup\setup_backup_20250730_144553.json
2025-07-30 14:45:53,106 - VALO360 - DEBUG - 配置保存成功
2025-07-30 14:45:53,108 - VALO360 - DEBUG - 配置已備份至: backup\setup_backup_20250730_144553.json
2025-07-30 14:45:53,108 - VALO360 - DEBUG - 配置保存成功
2025-07-30 14:45:53,112 - VALO360 - DEBUG - 配置已備份至: backup\setup_backup_20250730_144553.json
2025-07-30 14:45:53,116 - VALO360 - DEBUG - 配置保存成功
2025-07-30 14:45:53,117 - VALO360 - DEBUG - 配置已備份至: backup\setup_backup_20250730_144553.json
2025-07-30 14:45:53,119 - VALO360 - DEBUG - 配置保存成功
2025-07-30 14:45:53,121 - VALO360 - DEBUG - 配置已備份至: backup\setup_backup_20250730_144553.json
2025-07-30 14:45:53,125 - VALO360 - DEBUG - 配置保存成功
2025-07-30 14:45:53,126 - VALO360 - DEBUG - 配置已備份至: backup\setup_backup_20250730_144553.json
2025-07-30 14:45:53,129 - VALO360 - DEBUG - 配置保存成功
2025-07-30 14:45:53,129 - VALO360 - DEBUG - 配置已備份至: backup\setup_backup_20250730_144553.json
2025-07-30 14:45:53,129 - VALO360 - DEBUG - 配置保存成功
2025-07-30 14:45:53,136 - VALO360 - DEBUG - 配置已備份至: backup\setup_backup_20250730_144553.json
2025-07-30 14:45:53,138 - VALO360 - DEBUG - 配置保存成功
2025-07-30 14:45:53,140 - VALO360 - DEBUG - 配置已備份至: backup\setup_backup_20250730_144553.json
2025-07-30 14:45:53,144 - VALO360 - DEBUG - 配置保存成功
2025-07-30 14:45:53,144 - VALO360 - DEBUG - 配置已備份至: backup\setup_backup_20250730_144553.json
2025-07-30 14:45:53,146 - VALO360 - DEBUG - 配置保存成功
2025-07-30 14:45:53,150 - VALO360 - DEBUG - 配置已備份至: backup\setup_backup_20250730_144553.json
2025-07-30 14:45:53,154 - VALO360 - DEBUG - 配置保存成功
2025-07-30 14:45:53,154 - VALO360 - DEBUG - 配置已備份至: backup\setup_backup_20250730_144553.json
2025-07-30 14:45:53,158 - VALO360 - DEBUG - 配置保存成功
2025-07-30 14:45:53,160 - VALO360 - DEBUG - 配置已備份至: backup\setup_backup_20250730_144553.json
2025-07-30 14:45:53,162 - VALO360 - DEBUG - 配置保存成功
2025-07-30 14:45:53,164 - VALO360 - DEBUG - 配置已備份至: backup\setup_backup_20250730_144553.json
2025-07-30 14:45:53,167 - VALO360 - DEBUG - 配置保存成功
2025-07-30 14:45:53,168 - VALO360 - DEBUG - 配置已備份至: backup\setup_backup_20250730_144553.json
2025-07-30 14:45:53,170 - VALO360 - DEBUG - 配置保存成功
2025-07-30 14:45:53,172 - VALO360 - DEBUG - 配置已備份至: backup\setup_backup_20250730_144553.json
2025-07-30 14:45:53,176 - VALO360 - DEBUG - 配置保存成功
2025-07-30 14:45:53,177 - VALO360 - DEBUG - 配置已備份至: backup\setup_backup_20250730_144553.json
2025-07-30 14:45:53,181 - VALO360 - DEBUG - 配置保存成功
2025-07-30 14:45:53,183 - VALO360 - DEBUG - 配置已備份至: backup\setup_backup_20250730_144553.json
2025-07-30 14:45:53,186 - VALO360 - DEBUG - 配置保存成功
2025-07-30 14:45:53,187 - VALO360 - DEBUG - 配置已備份至: backup\setup_backup_20250730_144553.json
2025-07-30 14:45:53,189 - VALO360 - DEBUG - 配置保存成功
2025-07-30 14:45:53,189 - VALO360 - DEBUG - 配置已備份至: backup\setup_backup_20250730_144553.json
2025-07-30 14:45:53,193 - VALO360 - DEBUG - 配置保存成功
2025-07-30 14:45:53,197 - VALO360 - DEBUG - 配置已備份至: backup\setup_backup_20250730_144553.json
2025-07-30 14:45:53,201 - VALO360 - DEBUG - 配置保存成功
2025-07-30 14:45:53,201 - VALO360 - DEBUG - 配置已備份至: backup\setup_backup_20250730_144553.json
2025-07-30 14:45:53,205 - VALO360 - DEBUG - 配置保存成功
2025-07-30 14:45:53,207 - VALO360 - DEBUG - 配置已備份至: backup\setup_backup_20250730_144553.json
2025-07-30 14:45:53,208 - VALO360 - DEBUG - 配置保存成功
2025-07-30 14:45:53,208 - VALO360 - DEBUG - 配置已備份至: backup\setup_backup_20250730_144553.json
2025-07-30 14:45:53,208 - VALO360 - DEBUG - 配置保存成功
2025-07-30 14:45:53,217 - VALO360 - DEBUG - 配置已備份至: backup\setup_backup_20250730_144553.json
2025-07-30 14:45:53,219 - VALO360 - DEBUG - 配置保存成功
2025-07-30 14:45:53,221 - VALO360 - DEBUG - 配置已備份至: backup\setup_backup_20250730_144553.json
2025-07-30 14:45:53,225 - VALO360 - DEBUG - 配置保存成功
2025-07-30 14:45:53,225 - VALO360 - DEBUG - 配置已備份至: backup\setup_backup_20250730_144553.json
2025-07-30 14:45:53,229 - VALO360 - DEBUG - 配置保存成功
2025-07-30 14:45:53,229 - VALO360 - DEBUG - 配置已備份至: backup\setup_backup_20250730_144553.json
2025-07-30 14:45:53,233 - VALO360 - DEBUG - 配置保存成功
2025-07-30 14:45:53,235 - VALO360 - DEBUG - 配置已備份至: backup\setup_backup_20250730_144553.json
2025-07-30 14:45:53,239 - VALO360 - DEBUG - 配置保存成功
2025-07-30 14:45:53,239 - VALO360 - DEBUG - 配置已備份至: backup\setup_backup_20250730_144553.json
2025-07-30 14:45:53,239 - VALO360 - DEBUG - 配置保存成功
2025-07-30 14:45:53,244 - VALO360 - DEBUG - 配置已備份至: backup\setup_backup_20250730_144553.json
2025-07-30 14:45:53,248 - VALO360 - DEBUG - 配置保存成功
2025-07-30 14:45:53,250 - VALO360 - DEBUG - 配置已備份至: backup\setup_backup_20250730_144553.json
2025-07-30 14:45:53,252 - VALO360 - DEBUG - 配置保存成功
2025-07-30 14:45:53,307 - VALO360 - DEBUG - 配置已備份至: backup\setup_backup_20250730_144553.json
2025-07-30 14:45:53,307 - VALO360 - DEBUG - 配置保存成功
2025-07-30 14:45:53,313 - VALO360 - DEBUG - 配置已備份至: backup\setup_backup_20250730_144553.json
2025-07-30 14:45:53,318 - VALO360 - DEBUG - 配置保存成功
2025-07-30 14:45:53,320 - VALO360 - DEBUG - 配置已備份至: backup\setup_backup_20250730_144553.json
2025-07-30 14:45:53,320 - VALO360 - DEBUG - 配置保存成功
2025-07-30 14:45:53,324 - VALO360 - DEBUG - 配置已備份至: backup\setup_backup_20250730_144553.json
2025-07-30 14:45:53,328 - VALO360 - DEBUG - 配置保存成功
2025-07-30 14:45:53,332 - VALO360 - DEBUG - 配置已備份至: backup\setup_backup_20250730_144553.json
2025-07-30 14:45:53,332 - VALO360 - DEBUG - 配置保存成功
2025-07-30 14:45:53,332 - VALO360 - DEBUG - 配置已備份至: backup\setup_backup_20250730_144553.json
2025-07-30 14:45:53,338 - VALO360 - DEBUG - 配置保存成功
2025-07-30 14:45:53,342 - VALO360 - DEBUG - 配置已備份至: backup\setup_backup_20250730_144553.json
2025-07-30 14:45:53,343 - VALO360 - DEBUG - 配置保存成功
2025-07-30 14:45:53,346 - VALO360 - DEBUG - 配置已備份至: backup\setup_backup_20250730_144553.json
2025-07-30 14:45:53,351 - VALO360 - DEBUG - 配置保存成功
2025-07-30 14:45:53,355 - VALO360 - DEBUG - 配置已備份至: backup\setup_backup_20250730_144553.json
2025-07-30 14:45:53,355 - VALO360 - DEBUG - 配置保存成功
2025-07-30 14:45:53,360 - VALO360 - DEBUG - 配置已備份至: backup\setup_backup_20250730_144553.json
2025-07-30 14:45:53,362 - VALO360 - DEBUG - 配置保存成功
2025-07-30 14:45:53,364 - VALO360 - DEBUG - 配置已備份至: backup\setup_backup_20250730_144553.json
2025-07-30 14:45:53,370 - VALO360 - DEBUG - 配置保存成功
2025-07-30 14:45:53,372 - VALO360 - DEBUG - 配置已備份至: backup\setup_backup_20250730_144553.json
2025-07-30 14:45:53,374 - VALO360 - DEBUG - 配置保存成功
2025-07-30 14:45:53,382 - VALO360 - DEBUG - 配置已備份至: backup\setup_backup_20250730_144553.json
2025-07-30 14:45:53,384 - VALO360 - DEBUG - 配置保存成功
2025-07-30 14:45:53,387 - VALO360 - DEBUG - 配置已備份至: backup\setup_backup_20250730_144553.json
2025-07-30 14:45:53,390 - VALO360 - DEBUG - 配置保存成功
2025-07-30 14:45:53,390 - VALO360 - DEBUG - 配置已備份至: backup\setup_backup_20250730_144553.json
2025-07-30 14:45:53,397 - VALO360 - DEBUG - 配置保存成功
2025-07-30 14:45:53,401 - VALO360 - DEBUG - 配置已備份至: backup\setup_backup_20250730_144553.json
2025-07-30 14:45:53,405 - VALO360 - DEBUG - 配置保存成功
2025-07-30 14:45:53,412 - VALO360 - DEBUG - 配置已備份至: backup\setup_backup_20250730_144553.json
2025-07-30 14:45:53,416 - VALO360 - DEBUG - 配置保存成功
2025-07-30 14:45:53,418 - VALO360 - DEBUG - 配置已備份至: backup\setup_backup_20250730_144553.json
2025-07-30 14:45:53,421 - VALO360 - DEBUG - 配置保存成功
2025-07-30 14:45:53,421 - VALO360 - DEBUG - 配置已備份至: backup\setup_backup_20250730_144553.json
2025-07-30 14:45:53,421 - VALO360 - DEBUG - 配置保存成功
2025-07-30 14:45:53,431 - VALO360 - DEBUG - 配置已備份至: backup\setup_backup_20250730_144553.json
2025-07-30 14:45:53,435 - VALO360 - DEBUG - 配置保存成功
2025-07-30 14:45:53,437 - VALO360 - DEBUG - 配置已備份至: backup\setup_backup_20250730_144553.json
2025-07-30 14:45:53,439 - VALO360 - DEBUG - 配置保存成功
2025-07-30 14:45:53,442 - VALO360 - DEBUG - 配置已備份至: backup\setup_backup_20250730_144553.json
2025-07-30 14:45:53,444 - VALO360 - DEBUG - 配置保存成功
2025-07-30 14:45:53,447 - VALO360 - DEBUG - 配置已備份至: backup\setup_backup_20250730_144553.json
2025-07-30 14:45:53,449 - VALO360 - DEBUG - 配置保存成功
2025-07-30 14:45:53,455 - VALO360 - DEBUG - 配置已備份至: backup\setup_backup_20250730_144553.json
2025-07-30 14:45:53,458 - VALO360 - DEBUG - 配置保存成功
2025-07-30 14:45:53,465 - VALO360 - DEBUG - 配置已備份至: backup\setup_backup_20250730_144553.json
2025-07-30 14:45:53,469 - VALO360 - DEBUG - 配置保存成功
2025-07-30 14:45:53,472 - VALO360 - DEBUG - 配置已備份至: backup\setup_backup_20250730_144553.json
2025-07-30 14:45:53,474 - VALO360 - DEBUG - 配置保存成功
2025-07-30 14:45:53,476 - VALO360 - DEBUG - 配置已備份至: backup\setup_backup_20250730_144553.json
2025-07-30 14:45:53,480 - VALO360 - DEBUG - 配置保存成功
2025-07-30 14:45:53,482 - VALO360 - DEBUG - 配置已備份至: backup\setup_backup_20250730_144553.json
2025-07-30 14:45:53,486 - VALO360 - DEBUG - 配置保存成功
2025-07-30 14:45:53,493 - VALO360 - DEBUG - 配置已備份至: backup\setup_backup_20250730_144553.json
2025-07-30 14:45:53,496 - VALO360 - DEBUG - 配置保存成功
2025-07-30 14:45:53,500 - VALO360 - DEBUG - 配置已備份至: backup\setup_backup_20250730_144553.json
2025-07-30 14:45:53,502 - VALO360 - DEBUG - 配置保存成功
2025-07-30 14:45:53,502 - VALO360 - DEBUG - 配置已備份至: backup\setup_backup_20250730_144553.json
2025-07-30 14:45:53,511 - VALO360 - DEBUG - 配置保存成功
2025-07-30 14:45:53,512 - VALO360 - DEBUG - 配置已備份至: backup\setup_backup_20250730_144553.json
2025-07-30 14:45:53,516 - VALO360 - DEBUG - 配置保存成功
2025-07-30 14:45:53,517 - VALO360 - DEBUG - 配置已備份至: backup\setup_backup_20250730_144553.json
2025-07-30 14:45:53,521 - VALO360 - DEBUG - 配置保存成功
2025-07-30 14:45:53,523 - VALO360 - DEBUG - 配置已備份至: backup\setup_backup_20250730_144553.json
2025-07-30 14:45:53,527 - VALO360 - DEBUG - 配置保存成功
2025-07-30 14:45:53,527 - VALO360 - DEBUG - 配置已備份至: backup\setup_backup_20250730_144553.json
2025-07-30 14:45:53,531 - VALO360 - DEBUG - 配置保存成功
2025-07-30 14:45:53,533 - VALO360 - DEBUG - 配置已備份至: backup\setup_backup_20250730_144553.json
2025-07-30 14:45:53,537 - VALO360 - DEBUG - 配置保存成功
2025-07-30 14:45:53,537 - VALO360 - DEBUG - 配置已備份至: backup\setup_backup_20250730_144553.json
2025-07-30 14:45:53,541 - VALO360 - DEBUG - 配置保存成功
2025-07-30 14:45:53,543 - VALO360 - DEBUG - 配置已備份至: backup\setup_backup_20250730_144553.json
2025-07-30 14:45:53,545 - VALO360 - DEBUG - 配置保存成功
2025-07-30 14:45:53,545 - VALO360 - DEBUG - 配置已備份至: backup\setup_backup_20250730_144553.json
2025-07-30 14:45:53,551 - VALO360 - DEBUG - 配置保存成功
2025-07-30 14:45:53,553 - VALO360 - DEBUG - 配置已備份至: backup\setup_backup_20250730_144553.json
2025-07-30 14:45:53,555 - VALO360 - DEBUG - 配置保存成功
2025-07-30 14:45:53,582 - VALO360 - DEBUG - 配置已備份至: backup\setup_backup_20250730_144553.json
2025-07-30 14:45:53,586 - VALO360 - DEBUG - 配置保存成功
2025-07-30 14:45:53,587 - VALO360 - DEBUG - 配置已備份至: backup\setup_backup_20250730_144553.json
2025-07-30 14:45:53,590 - VALO360 - DEBUG - 配置保存成功
2025-07-30 14:45:53,593 - VALO360 - DEBUG - 配置已備份至: backup\setup_backup_20250730_144553.json
2025-07-30 14:45:53,594 - VALO360 - DEBUG - 配置保存成功
2025-07-30 14:45:53,596 - VALO360 - DEBUG - 配置已備份至: backup\setup_backup_20250730_144553.json
2025-07-30 14:45:53,600 - VALO360 - DEBUG - 配置保存成功
2025-07-30 14:45:53,613 - VALO360 - DEBUG - 配置已備份至: backup\setup_backup_20250730_144553.json
2025-07-30 14:45:53,618 - VALO360 - DEBUG - 配置保存成功
2025-07-30 14:45:53,618 - VALO360 - DEBUG - 配置已備份至: backup\setup_backup_20250730_144553.json
2025-07-30 14:45:53,622 - VALO360 - DEBUG - 配置保存成功
2025-07-30 14:45:53,624 - VALO360 - DEBUG - 配置已備份至: backup\setup_backup_20250730_144553.json
2025-07-30 14:45:53,624 - VALO360 - DEBUG - 配置保存成功
2025-07-30 14:45:53,629 - VALO360 - DEBUG - 配置已備份至: backup\setup_backup_20250730_144553.json
2025-07-30 14:45:53,632 - VALO360 - DEBUG - 配置保存成功
2025-07-30 14:45:53,638 - VALO360 - DEBUG - 配置已備份至: backup\setup_backup_20250730_144553.json
2025-07-30 14:45:53,638 - VALO360 - DEBUG - 配置保存成功
2025-07-30 14:45:53,643 - VALO360 - DEBUG - 配置已備份至: backup\setup_backup_20250730_144553.json
2025-07-30 14:45:53,645 - VALO360 - DEBUG - 配置保存成功
2025-07-30 14:45:53,648 - VALO360 - DEBUG - 配置已備份至: backup\setup_backup_20250730_144553.json
2025-07-30 14:45:53,648 - VALO360 - DEBUG - 配置保存成功
2025-07-30 14:45:53,653 - VALO360 - DEBUG - 配置已備份至: backup\setup_backup_20250730_144553.json
2025-07-30 14:45:53,655 - VALO360 - DEBUG - 配置保存成功
2025-07-30 14:45:53,660 - VALO360 - DEBUG - 配置已備份至: backup\setup_backup_20250730_144553.json
2025-07-30 14:45:53,663 - VALO360 - DEBUG - 配置保存成功
2025-07-30 14:45:53,665 - VALO360 - DEBUG - 配置已備份至: backup\setup_backup_20250730_144553.json
2025-07-30 14:45:53,667 - VALO360 - DEBUG - 配置保存成功
2025-07-30 14:45:53,667 - VALO360 - DEBUG - 配置已備份至: backup\setup_backup_20250730_144553.json
2025-07-30 14:45:53,673 - VALO360 - DEBUG - 配置保存成功
2025-07-30 14:45:53,673 - VALO360 - DEBUG - 配置已備份至: backup\setup_backup_20250730_144553.json
2025-07-30 14:45:53,673 - VALO360 - DEBUG - 配置保存成功
2025-07-30 14:45:53,684 - VALO360 - DEBUG - 配置已備份至: backup\setup_backup_20250730_144553.json
2025-07-30 14:45:53,685 - VALO360 - DEBUG - 配置保存成功
2025-07-30 14:45:53,690 - VALO360 - DEBUG - 配置已備份至: backup\setup_backup_20250730_144553.json
2025-07-30 14:45:53,694 - VALO360 - DEBUG - 配置保存成功
2025-07-30 14:45:53,695 - VALO360 - DEBUG - 配置已備份至: backup\setup_backup_20250730_144553.json
2025-07-30 14:45:53,695 - VALO360 - DEBUG - 配置保存成功
2025-07-30 14:45:53,695 - VALO360 - DEBUG - 配置已備份至: backup\setup_backup_20250730_144553.json
2025-07-30 14:45:53,707 - VALO360 - DEBUG - 配置保存成功
2025-07-30 14:45:53,711 - VALO360 - DEBUG - 配置已備份至: backup\setup_backup_20250730_144553.json
2025-07-30 14:45:53,715 - VALO360 - DEBUG - 配置保存成功
2025-07-30 14:45:53,716 - VALO360 - DEBUG - 配置已備份至: backup\setup_backup_20250730_144553.json
2025-07-30 14:45:53,718 - VALO360 - DEBUG - 配置保存成功
2025-07-30 14:45:53,722 - VALO360 - DEBUG - 配置已備份至: backup\setup_backup_20250730_144553.json
2025-07-30 14:45:53,723 - VALO360 - DEBUG - 配置保存成功
2025-07-30 14:45:53,725 - VALO360 - DEBUG - 配置已備份至: backup\setup_backup_20250730_144553.json
2025-07-30 14:45:53,730 - VALO360 - DEBUG - 配置保存成功
2025-07-30 14:45:53,734 - VALO360 - DEBUG - 配置已備份至: backup\setup_backup_20250730_144553.json
2025-07-30 14:45:53,737 - VALO360 - DEBUG - 配置保存成功
2025-07-30 14:45:53,738 - VALO360 - DEBUG - 配置已備份至: backup\setup_backup_20250730_144553.json
2025-07-30 14:45:53,740 - VALO360 - DEBUG - 配置保存成功
2025-07-30 14:45:53,740 - VALO360 - DEBUG - 配置已備份至: backup\setup_backup_20250730_144553.json
2025-07-30 14:45:53,746 - VALO360 - DEBUG - 配置保存成功
2025-07-30 14:45:53,746 - VALO360 - DEBUG - 配置已備份至: backup\setup_backup_20250730_144553.json
2025-07-30 14:45:53,746 - VALO360 - DEBUG - 配置保存成功
2025-07-30 14:45:53,755 - VALO360 - DEBUG - 配置已備份至: backup\setup_backup_20250730_144553.json
2025-07-30 14:45:53,758 - VALO360 - DEBUG - 配置保存成功
2025-07-30 14:45:53,760 - VALO360 - DEBUG - 配置已備份至: backup\setup_backup_20250730_144553.json
2025-07-30 14:45:53,764 - VALO360 - DEBUG - 配置保存成功
2025-07-30 14:45:53,764 - VALO360 - DEBUG - 配置已備份至: backup\setup_backup_20250730_144553.json
2025-07-30 14:45:53,768 - VALO360 - DEBUG - 配置保存成功
2025-07-30 14:45:53,770 - VALO360 - DEBUG - 配置已備份至: backup\setup_backup_20250730_144553.json
2025-07-30 14:45:53,772 - VALO360 - DEBUG - 配置保存成功
2025-07-30 14:45:53,779 - VALO360 - DEBUG - 配置已備份至: backup\setup_backup_20250730_144553.json
2025-07-30 14:45:53,783 - VALO360 - DEBUG - 配置保存成功
2025-07-30 14:45:53,785 - VALO360 - DEBUG - 配置已備份至: backup\setup_backup_20250730_144553.json
2025-07-30 14:45:53,787 - VALO360 - DEBUG - 配置保存成功
2025-07-30 14:45:53,789 - VALO360 - DEBUG - 配置已備份至: backup\setup_backup_20250730_144553.json
2025-07-30 14:45:53,793 - VALO360 - DEBUG - 配置保存成功
2025-07-30 14:45:53,793 - VALO360 - DEBUG - 配置已備份至: backup\setup_backup_20250730_144553.json
2025-07-30 14:45:53,797 - VALO360 - DEBUG - 配置保存成功
2025-07-30 14:45:53,800 - VALO360 - DEBUG - 配置已備份至: backup\setup_backup_20250730_144553.json
2025-07-30 14:45:53,803 - VALO360 - DEBUG - 配置保存成功
2025-07-30 14:45:53,805 - VALO360 - DEBUG - 配置已備份至: backup\setup_backup_20250730_144553.json
2025-07-30 14:45:53,809 - VALO360 - DEBUG - 配置保存成功
2025-07-30 14:45:53,810 - VALO360 - DEBUG - 配置已備份至: backup\setup_backup_20250730_144553.json
2025-07-30 14:45:53,815 - VALO360 - DEBUG - 配置保存成功
2025-07-30 14:45:53,817 - VALO360 - DEBUG - 配置已備份至: backup\setup_backup_20250730_144553.json
2025-07-30 14:45:53,819 - VALO360 - DEBUG - 配置保存成功
2025-07-30 14:45:53,828 - VALO360 - DEBUG - 配置已備份至: backup\setup_backup_20250730_144553.json
2025-07-30 14:45:53,831 - VALO360 - DEBUG - 配置保存成功
2025-07-30 14:45:53,833 - VALO360 - DEBUG - 配置已備份至: backup\setup_backup_20250730_144553.json
2025-07-30 14:45:53,835 - VALO360 - DEBUG - 配置保存成功
2025-07-30 14:45:53,838 - VALO360 - DEBUG - 配置已備份至: backup\setup_backup_20250730_144553.json
2025-07-30 14:45:53,841 - VALO360 - DEBUG - 配置保存成功
2025-07-30 14:45:53,841 - VALO360 - DEBUG - 配置已備份至: backup\setup_backup_20250730_144553.json
2025-07-30 14:45:53,845 - VALO360 - DEBUG - 配置保存成功
2025-07-30 14:45:53,852 - VALO360 - DEBUG - 配置已備份至: backup\setup_backup_20250730_144553.json
2025-07-30 14:45:53,856 - VALO360 - DEBUG - 配置保存成功
2025-07-30 14:45:53,857 - VALO360 - DEBUG - 配置已備份至: backup\setup_backup_20250730_144553.json
2025-07-30 14:45:53,860 - VALO360 - DEBUG - 配置保存成功
2025-07-30 14:45:53,860 - VALO360 - DEBUG - 配置已備份至: backup\setup_backup_20250730_144553.json
2025-07-30 14:45:53,866 - VALO360 - DEBUG - 配置保存成功
2025-07-30 14:45:53,866 - VALO360 - DEBUG - 配置已備份至: backup\setup_backup_20250730_144553.json
2025-07-30 14:45:53,870 - VALO360 - DEBUG - 配置保存成功
2025-07-30 14:45:53,888 - VALO360 - DEBUG - 配置已備份至: backup\setup_backup_20250730_144553.json
2025-07-30 14:45:53,893 - VALO360 - DEBUG - 配置保存成功
2025-07-30 14:45:53,893 - VALO360 - DEBUG - 配置已備份至: backup\setup_backup_20250730_144553.json
2025-07-30 14:45:53,899 - VALO360 - DEBUG - 配置保存成功
2025-07-30 14:45:53,901 - VALO360 - DEBUG - 配置已備份至: backup\setup_backup_20250730_144553.json
2025-07-30 14:45:53,904 - VALO360 - DEBUG - 配置保存成功
2025-07-30 14:45:53,906 - VALO360 - DEBUG - 配置已備份至: backup\setup_backup_20250730_144553.json
2025-07-30 14:45:53,909 - VALO360 - DEBUG - 配置保存成功
2025-07-30 14:45:53,916 - VALO360 - DEBUG - 配置已備份至: backup\setup_backup_20250730_144553.json
2025-07-30 14:45:53,920 - VALO360 - DEBUG - 配置保存成功
2025-07-30 14:45:53,921 - VALO360 - DEBUG - 配置已備份至: backup\setup_backup_20250730_144553.json
2025-07-30 14:45:53,923 - VALO360 - DEBUG - 配置保存成功
2025-07-30 14:45:53,925 - VALO360 - DEBUG - 配置已備份至: backup\setup_backup_20250730_144553.json
2025-07-30 14:45:53,929 - VALO360 - DEBUG - 配置保存成功
2025-07-30 14:45:53,930 - VALO360 - DEBUG - 配置已備份至: backup\setup_backup_20250730_144553.json
2025-07-30 14:45:53,935 - VALO360 - DEBUG - 配置保存成功
2025-07-30 14:45:53,939 - VALO360 - DEBUG - 配置已備份至: backup\setup_backup_20250730_144553.json
2025-07-30 14:45:53,942 - VALO360 - DEBUG - 配置保存成功
2025-07-30 14:45:53,944 - VALO360 - DEBUG - 配置已備份至: backup\setup_backup_20250730_144553.json
2025-07-30 14:45:53,947 - VALO360 - DEBUG - 配置保存成功
2025-07-30 14:45:53,947 - VALO360 - DEBUG - 配置已備份至: backup\setup_backup_20250730_144553.json
2025-07-30 14:45:53,951 - VALO360 - DEBUG - 配置保存成功
2025-07-30 14:45:53,953 - VALO360 - DEBUG - 配置已備份至: backup\setup_backup_20250730_144553.json
2025-07-30 14:45:53,953 - VALO360 - DEBUG - 配置保存成功
2025-07-30 14:45:53,964 - VALO360 - DEBUG - 配置已備份至: backup\setup_backup_20250730_144553.json
2025-07-30 14:45:53,968 - VALO360 - DEBUG - 配置保存成功
2025-07-30 14:45:53,970 - VALO360 - DEBUG - 配置已備份至: backup\setup_backup_20250730_144553.json
2025-07-30 14:45:53,972 - VALO360 - DEBUG - 配置保存成功
2025-07-30 14:45:53,975 - VALO360 - DEBUG - 配置已備份至: backup\setup_backup_20250730_144553.json
2025-07-30 14:45:53,975 - VALO360 - DEBUG - 配置保存成功
2025-07-30 14:45:53,979 - VALO360 - DEBUG - 配置已備份至: backup\setup_backup_20250730_144553.json
2025-07-30 14:45:53,979 - VALO360 - DEBUG - 配置保存成功
2025-07-30 14:45:53,995 - VALO360 - DEBUG - 配置已備份至: backup\setup_backup_20250730_144553.json
2025-07-30 14:45:54,000 - VALO360 - DEBUG - 配置保存成功
2025-07-30 14:45:54,002 - VALO360 - DEBUG - 配置已備份至: backup\setup_backup_20250730_144554.json
2025-07-30 14:45:54,004 - VALO360 - DEBUG - 已刪除舊備份: backup\setup_backup_20250730_144222.json
2025-07-30 14:45:54,004 - VALO360 - DEBUG - 配置保存成功
2025-07-30 14:45:54,004 - VALO360 - DEBUG - 配置已備份至: backup\setup_backup_20250730_144554.json
2025-07-30 14:45:54,008 - VALO360 - DEBUG - 配置保存成功
2025-07-30 14:45:54,011 - VALO360 - DEBUG - 配置已備份至: backup\setup_backup_20250730_144554.json
2025-07-30 14:45:54,016 - VALO360 - DEBUG - 配置保存成功
2025-07-30 14:45:54,020 - VALO360 - DEBUG - 配置已備份至: backup\setup_backup_20250730_144554.json
2025-07-30 14:45:54,021 - VALO360 - DEBUG - 配置保存成功
2025-07-30 14:45:54,024 - VALO360 - DEBUG - 配置已備份至: backup\setup_backup_20250730_144554.json
2025-07-30 14:45:54,024 - VALO360 - DEBUG - 配置保存成功
2025-07-30 14:45:54,029 - VALO360 - DEBUG - 配置已備份至: backup\setup_backup_20250730_144554.json
2025-07-30 14:45:54,029 - VALO360 - DEBUG - 配置保存成功
2025-07-30 14:45:54,035 - VALO360 - DEBUG - 配置已備份至: backup\setup_backup_20250730_144554.json
2025-07-30 14:45:54,035 - VALO360 - DEBUG - 配置保存成功
2025-07-30 14:45:54,044 - VALO360 - DEBUG - 配置已備份至: backup\setup_backup_20250730_144554.json
2025-07-30 14:45:54,046 - VALO360 - DEBUG - 配置保存成功
2025-07-30 14:45:54,049 - VALO360 - DEBUG - 配置已備份至: backup\setup_backup_20250730_144554.json
2025-07-30 14:45:54,051 - VALO360 - DEBUG - 配置保存成功
2025-07-30 14:45:54,051 - VALO360 - DEBUG - 配置已備份至: backup\setup_backup_20250730_144554.json
2025-07-30 14:45:54,057 - VALO360 - DEBUG - 配置保存成功
2025-07-30 14:45:54,059 - VALO360 - DEBUG - 配置已備份至: backup\setup_backup_20250730_144554.json
2025-07-30 14:45:54,061 - VALO360 - DEBUG - 配置保存成功
2025-07-30 14:45:54,066 - VALO360 - DEBUG - 配置已備份至: backup\setup_backup_20250730_144554.json
2025-07-30 14:45:54,069 - VALO360 - DEBUG - 配置保存成功
2025-07-30 14:45:54,071 - VALO360 - DEBUG - 配置已備份至: backup\setup_backup_20250730_144554.json
2025-07-30 14:45:54,073 - VALO360 - DEBUG - 配置保存成功
2025-07-30 14:45:54,075 - VALO360 - DEBUG - 配置已備份至: backup\setup_backup_20250730_144554.json
2025-07-30 14:45:54,077 - VALO360 - DEBUG - 配置保存成功
2025-07-30 14:45:54,080 - VALO360 - DEBUG - 配置已備份至: backup\setup_backup_20250730_144554.json
2025-07-30 14:45:54,082 - VALO360 - DEBUG - 配置保存成功
2025-07-30 14:45:54,086 - VALO360 - DEBUG - 配置已備份至: backup\setup_backup_20250730_144554.json
2025-07-30 14:45:54,088 - VALO360 - DEBUG - 配置保存成功
2025-07-30 14:45:54,090 - VALO360 - DEBUG - 配置已備份至: backup\setup_backup_20250730_144554.json
2025-07-30 14:45:54,093 - VALO360 - DEBUG - 配置保存成功
2025-07-30 14:45:54,096 - VALO360 - DEBUG - 配置已備份至: backup\setup_backup_20250730_144554.json
2025-07-30 14:45:54,099 - VALO360 - DEBUG - 配置保存成功
2025-07-30 14:45:54,100 - VALO360 - DEBUG - 配置已備份至: backup\setup_backup_20250730_144554.json
2025-07-30 14:45:54,102 - VALO360 - DEBUG - 配置保存成功
2025-07-30 14:45:54,108 - VALO360 - DEBUG - 配置已備份至: backup\setup_backup_20250730_144554.json
2025-07-30 14:45:54,112 - VALO360 - DEBUG - 配置保存成功
2025-07-30 14:45:54,114 - VALO360 - DEBUG - 配置已備份至: backup\setup_backup_20250730_144554.json
2025-07-30 14:45:54,118 - VALO360 - DEBUG - 配置保存成功
2025-07-30 14:45:54,118 - VALO360 - DEBUG - 配置已備份至: backup\setup_backup_20250730_144554.json
2025-07-30 14:45:54,122 - VALO360 - DEBUG - 配置保存成功
2025-07-30 14:45:54,124 - VALO360 - DEBUG - 配置已備份至: backup\setup_backup_20250730_144554.json
2025-07-30 14:45:54,125 - VALO360 - DEBUG - 配置保存成功
2025-07-30 14:45:54,174 - VALO360 - DEBUG - 配置已備份至: backup\setup_backup_20250730_144554.json
2025-07-30 14:45:54,178 - VALO360 - DEBUG - 配置保存成功
2025-07-30 14:45:54,178 - VALO360 - DEBUG - 配置已備份至: backup\setup_backup_20250730_144554.json
2025-07-30 14:45:54,186 - VALO360 - DEBUG - 配置保存成功
2025-07-30 14:45:54,186 - VALO360 - DEBUG - 配置已備份至: backup\setup_backup_20250730_144554.json
2025-07-30 14:45:54,190 - VALO360 - DEBUG - 配置保存成功
2025-07-30 14:45:54,190 - VALO360 - DEBUG - 配置已備份至: backup\setup_backup_20250730_144554.json
2025-07-30 14:45:54,194 - VALO360 - DEBUG - 配置保存成功
2025-07-30 14:45:54,196 - VALO360 - DEBUG - 配置已備份至: backup\setup_backup_20250730_144554.json
2025-07-30 14:45:54,200 - VALO360 - DEBUG - 配置保存成功
2025-07-30 14:45:54,200 - VALO360 - DEBUG - 配置已備份至: backup\setup_backup_20250730_144554.json
2025-07-30 14:45:54,203 - VALO360 - DEBUG - 配置保存成功
2025-07-30 14:45:54,205 - VALO360 - DEBUG - 配置已備份至: backup\setup_backup_20250730_144554.json
2025-07-30 14:45:54,209 - VALO360 - DEBUG - 配置保存成功
2025-07-30 14:45:54,209 - VALO360 - DEBUG - 配置已備份至: backup\setup_backup_20250730_144554.json
2025-07-30 14:45:54,213 - VALO360 - DEBUG - 配置保存成功
2025-07-30 14:45:54,215 - VALO360 - DEBUG - 配置已備份至: backup\setup_backup_20250730_144554.json
2025-07-30 14:45:54,219 - VALO360 - DEBUG - 配置保存成功
2025-07-30 14:45:54,221 - VALO360 - DEBUG - 配置已備份至: backup\setup_backup_20250730_144554.json
2025-07-30 14:45:54,224 - VALO360 - DEBUG - 配置保存成功
2025-07-30 14:45:54,227 - VALO360 - DEBUG - 配置已備份至: backup\setup_backup_20250730_144554.json
2025-07-30 14:45:54,229 - VALO360 - DEBUG - 配置保存成功
2025-07-30 14:45:54,232 - VALO360 - DEBUG - 配置已備份至: backup\setup_backup_20250730_144554.json
2025-07-30 14:45:54,234 - VALO360 - DEBUG - 配置保存成功
2025-07-30 14:45:54,236 - VALO360 - DEBUG - 配置已備份至: backup\setup_backup_20250730_144554.json
2025-07-30 14:45:54,240 - VALO360 - DEBUG - 配置保存成功
2025-07-30 14:45:54,242 - VALO360 - DEBUG - 配置已備份至: backup\setup_backup_20250730_144554.json
2025-07-30 14:45:54,245 - VALO360 - DEBUG - 配置保存成功
2025-07-30 14:45:54,245 - VALO360 - DEBUG - 配置已備份至: backup\setup_backup_20250730_144554.json
2025-07-30 14:45:54,249 - VALO360 - DEBUG - 配置保存成功
2025-07-30 14:45:54,252 - VALO360 - DEBUG - 配置已備份至: backup\setup_backup_20250730_144554.json
2025-07-30 14:45:54,254 - VALO360 - DEBUG - 配置保存成功
2025-07-30 14:45:54,257 - VALO360 - DEBUG - 配置已備份至: backup\setup_backup_20250730_144554.json
2025-07-30 14:45:54,259 - VALO360 - DEBUG - 配置保存成功
2025-07-30 14:45:54,261 - VALO360 - DEBUG - 配置已備份至: backup\setup_backup_20250730_144554.json
2025-07-30 14:45:54,264 - VALO360 - DEBUG - 配置保存成功
2025-07-30 14:45:54,266 - VALO360 - DEBUG - 配置已備份至: backup\setup_backup_20250730_144554.json
2025-07-30 14:45:54,270 - VALO360 - DEBUG - 配置保存成功
2025-07-30 14:45:54,270 - VALO360 - DEBUG - 配置已備份至: backup\setup_backup_20250730_144554.json
2025-07-30 14:45:54,274 - VALO360 - DEBUG - 配置保存成功
2025-07-30 14:45:54,276 - VALO360 - DEBUG - 配置已備份至: backup\setup_backup_20250730_144554.json
2025-07-30 14:45:54,280 - VALO360 - DEBUG - 配置保存成功
2025-07-30 14:45:54,282 - VALO360 - DEBUG - 配置已備份至: backup\setup_backup_20250730_144554.json
2025-07-30 14:45:54,286 - VALO360 - DEBUG - 配置保存成功
2025-07-30 14:45:54,286 - VALO360 - DEBUG - 配置已備份至: backup\setup_backup_20250730_144554.json
2025-07-30 14:45:54,288 - VALO360 - DEBUG - 配置保存成功
2025-07-30 14:45:54,290 - VALO360 - DEBUG - 配置已備份至: backup\setup_backup_20250730_144554.json
2025-07-30 14:45:54,294 - VALO360 - DEBUG - 配置保存成功
2025-07-30 14:45:54,297 - VALO360 - DEBUG - 配置已備份至: backup\setup_backup_20250730_144554.json
2025-07-30 14:45:54,297 - VALO360 - DEBUG - 配置保存成功
2025-07-30 14:45:54,302 - VALO360 - DEBUG - 配置已備份至: backup\setup_backup_20250730_144554.json
2025-07-30 14:45:54,304 - VALO360 - DEBUG - 配置保存成功
2025-07-30 14:45:54,306 - VALO360 - DEBUG - 配置已備份至: backup\setup_backup_20250730_144554.json
2025-07-30 14:45:54,308 - VALO360 - DEBUG - 配置保存成功
2025-07-30 14:45:54,312 - VALO360 - DEBUG - 配置已備份至: backup\setup_backup_20250730_144554.json
2025-07-30 14:45:54,314 - VALO360 - DEBUG - 配置保存成功
2025-07-30 14:45:54,319 - VALO360 - DEBUG - 配置已備份至: backup\setup_backup_20250730_144554.json
2025-07-30 14:45:54,323 - VALO360 - DEBUG - 配置保存成功
2025-07-30 14:45:54,325 - VALO360 - DEBUG - 配置已備份至: backup\setup_backup_20250730_144554.json
2025-07-30 14:45:54,327 - VALO360 - DEBUG - 配置保存成功
2025-07-30 14:45:54,329 - VALO360 - DEBUG - 配置已備份至: backup\setup_backup_20250730_144554.json
2025-07-30 14:45:54,333 - VALO360 - DEBUG - 配置保存成功
2025-07-30 14:45:54,335 - VALO360 - DEBUG - 配置已備份至: backup\setup_backup_20250730_144554.json
2025-07-30 14:45:54,339 - VALO360 - DEBUG - 配置保存成功
2025-07-30 14:45:54,341 - VALO360 - DEBUG - 配置已備份至: backup\setup_backup_20250730_144554.json
2025-07-30 14:45:54,343 - VALO360 - DEBUG - 配置保存成功
2025-07-30 14:45:54,345 - VALO360 - DEBUG - 配置已備份至: backup\setup_backup_20250730_144554.json
2025-07-30 14:45:54,349 - VALO360 - DEBUG - 配置保存成功
2025-07-30 14:45:54,351 - VALO360 - DEBUG - 配置已備份至: backup\setup_backup_20250730_144554.json
2025-07-30 14:45:54,353 - VALO360 - DEBUG - 配置保存成功
2025-07-30 14:45:54,355 - VALO360 - DEBUG - 配置已備份至: backup\setup_backup_20250730_144554.json
2025-07-30 14:45:54,357 - VALO360 - DEBUG - 配置保存成功
2025-07-30 14:45:54,359 - VALO360 - DEBUG - 配置已備份至: backup\setup_backup_20250730_144554.json
2025-07-30 14:45:54,363 - VALO360 - DEBUG - 配置保存成功
2025-07-30 14:45:54,365 - VALO360 - DEBUG - 配置已備份至: backup\setup_backup_20250730_144554.json
2025-07-30 14:45:54,369 - VALO360 - DEBUG - 配置保存成功
2025-07-30 14:45:54,369 - VALO360 - DEBUG - 配置已備份至: backup\setup_backup_20250730_144554.json
2025-07-30 14:45:54,373 - VALO360 - DEBUG - 配置保存成功
2025-07-30 14:45:54,373 - VALO360 - DEBUG - 配置已備份至: backup\setup_backup_20250730_144554.json
2025-07-30 14:45:54,377 - VALO360 - DEBUG - 配置保存成功
2025-07-30 14:45:54,384 - VALO360 - DEBUG - 配置已備份至: backup\setup_backup_20250730_144554.json
2025-07-30 14:45:54,385 - VALO360 - DEBUG - 配置保存成功
2025-07-30 14:45:54,385 - VALO360 - DEBUG - 配置已備份至: backup\setup_backup_20250730_144554.json
2025-07-30 14:45:54,391 - VALO360 - DEBUG - 配置保存成功
2025-07-30 14:45:54,394 - VALO360 - DEBUG - 配置已備份至: backup\setup_backup_20250730_144554.json
2025-07-30 14:45:54,397 - VALO360 - DEBUG - 配置保存成功
2025-07-30 14:45:54,399 - VALO360 - DEBUG - 配置已備份至: backup\setup_backup_20250730_144554.json
2025-07-30 14:45:54,401 - VALO360 - DEBUG - 配置保存成功
2025-07-30 14:45:54,401 - VALO360 - DEBUG - 配置已備份至: backup\setup_backup_20250730_144554.json
2025-07-30 14:45:54,407 - VALO360 - DEBUG - 配置保存成功
2025-07-30 14:45:54,410 - VALO360 - DEBUG - 配置已備份至: backup\setup_backup_20250730_144554.json
2025-07-30 14:45:54,411 - VALO360 - DEBUG - 配置保存成功
2025-07-30 14:45:54,414 - VALO360 - DEBUG - 配置已備份至: backup\setup_backup_20250730_144554.json
2025-07-30 14:45:54,416 - VALO360 - DEBUG - 配置保存成功
2025-07-30 14:45:54,418 - VALO360 - DEBUG - 配置已備份至: backup\setup_backup_20250730_144554.json
2025-07-30 14:45:54,420 - VALO360 - DEBUG - 配置保存成功
2025-07-30 14:45:54,425 - VALO360 - DEBUG - 配置已備份至: backup\setup_backup_20250730_144554.json
2025-07-30 14:45:54,426 - VALO360 - DEBUG - 配置保存成功
2025-07-30 14:45:54,426 - VALO360 - DEBUG - 配置已備份至: backup\setup_backup_20250730_144554.json
2025-07-30 14:45:54,433 - VALO360 - DEBUG - 配置保存成功
2025-07-30 14:45:54,435 - VALO360 - DEBUG - 配置已備份至: backup\setup_backup_20250730_144554.json
2025-07-30 14:45:54,438 - VALO360 - DEBUG - 配置保存成功
2025-07-30 14:45:54,438 - VALO360 - DEBUG - 配置已備份至: backup\setup_backup_20250730_144554.json
2025-07-30 14:45:54,441 - VALO360 - DEBUG - 配置保存成功
2025-07-30 14:45:54,443 - VALO360 - DEBUG - 配置已備份至: backup\setup_backup_20250730_144554.json
2025-07-30 14:45:54,448 - VALO360 - DEBUG - 配置保存成功
2025-07-30 14:45:54,448 - VALO360 - DEBUG - 配置已備份至: backup\setup_backup_20250730_144554.json
2025-07-30 14:45:54,452 - VALO360 - DEBUG - 配置保存成功
2025-07-30 14:45:54,452 - VALO360 - DEBUG - 配置已備份至: backup\setup_backup_20250730_144554.json
2025-07-30 14:45:54,456 - VALO360 - DEBUG - 配置保存成功
2025-07-30 14:45:54,456 - VALO360 - DEBUG - 配置已備份至: backup\setup_backup_20250730_144554.json
2025-07-30 14:45:54,460 - VALO360 - DEBUG - 配置保存成功
2025-07-30 14:45:54,469 - VALO360 - DEBUG - 配置已備份至: backup\setup_backup_20250730_144554.json
2025-07-30 14:45:54,472 - VALO360 - DEBUG - 配置保存成功
2025-07-30 14:45:54,474 - VALO360 - DEBUG - 配置已備份至: backup\setup_backup_20250730_144554.json
2025-07-30 14:45:54,476 - VALO360 - DEBUG - 配置保存成功
2025-07-30 14:45:54,479 - VALO360 - DEBUG - 配置已備份至: backup\setup_backup_20250730_144554.json
2025-07-30 14:45:54,481 - VALO360 - DEBUG - 配置保存成功
2025-07-30 14:45:54,482 - VALO360 - DEBUG - 配置已備份至: backup\setup_backup_20250730_144554.json
2025-07-30 14:45:54,486 - VALO360 - DEBUG - 配置保存成功
2025-07-30 14:45:54,487 - VALO360 - DEBUG - 配置已備份至: backup\setup_backup_20250730_144554.json
2025-07-30 14:45:54,491 - VALO360 - DEBUG - 配置保存成功
2025-07-30 14:45:54,493 - VALO360 - DEBUG - 配置已備份至: backup\setup_backup_20250730_144554.json
2025-07-30 14:45:54,496 - VALO360 - DEBUG - 配置保存成功
2025-07-30 14:45:54,498 - VALO360 - DEBUG - 配置已備份至: backup\setup_backup_20250730_144554.json
2025-07-30 14:45:54,500 - VALO360 - DEBUG - 配置保存成功
2025-07-30 14:45:54,502 - VALO360 - DEBUG - 配置已備份至: backup\setup_backup_20250730_144554.json
2025-07-30 14:45:54,504 - VALO360 - DEBUG - 配置保存成功
2025-07-30 14:45:54,508 - VALO360 - DEBUG - 配置已備份至: backup\setup_backup_20250730_144554.json
2025-07-30 14:45:54,512 - VALO360 - DEBUG - 配置保存成功
2025-07-30 14:45:54,512 - VALO360 - DEBUG - 配置已備份至: backup\setup_backup_20250730_144554.json
2025-07-30 14:45:54,516 - VALO360 - DEBUG - 配置保存成功
2025-07-30 14:45:54,518 - VALO360 - DEBUG - 配置已備份至: backup\setup_backup_20250730_144554.json
2025-07-30 14:45:54,524 - VALO360 - DEBUG - 配置保存成功
2025-07-30 14:45:54,525 - VALO360 - DEBUG - 配置已備份至: backup\setup_backup_20250730_144554.json
2025-07-30 14:45:54,527 - VALO360 - DEBUG - 配置保存成功
2025-07-30 14:45:54,532 - VALO360 - DEBUG - 配置已備份至: backup\setup_backup_20250730_144554.json
2025-07-30 14:45:54,532 - VALO360 - DEBUG - 配置保存成功
2025-07-30 14:45:54,536 - VALO360 - DEBUG - 配置已備份至: backup\setup_backup_20250730_144554.json
2025-07-30 14:45:54,539 - VALO360 - DEBUG - 配置保存成功
2025-07-30 14:45:54,541 - VALO360 - DEBUG - 配置已備份至: backup\setup_backup_20250730_144554.json
2025-07-30 14:45:54,543 - VALO360 - DEBUG - 配置保存成功
2025-07-30 14:45:54,545 - VALO360 - DEBUG - 配置已備份至: backup\setup_backup_20250730_144554.json
2025-07-30 14:45:54,548 - VALO360 - DEBUG - 配置保存成功
2025-07-30 14:45:54,551 - VALO360 - DEBUG - 配置已備份至: backup\setup_backup_20250730_144554.json
2025-07-30 14:45:54,553 - VALO360 - DEBUG - 配置保存成功
2025-07-30 14:45:54,555 - VALO360 - DEBUG - 配置已備份至: backup\setup_backup_20250730_144554.json
2025-07-30 14:45:54,559 - VALO360 - DEBUG - 配置保存成功
2025-07-30 14:45:54,559 - VALO360 - DEBUG - 配置已備份至: backup\setup_backup_20250730_144554.json
2025-07-30 14:45:54,563 - VALO360 - DEBUG - 配置保存成功
2025-07-30 14:45:54,563 - VALO360 - DEBUG - 配置已備份至: backup\setup_backup_20250730_144554.json
2025-07-30 14:45:54,567 - VALO360 - DEBUG - 配置保存成功
2025-07-30 14:45:54,569 - VALO360 - DEBUG - 配置已備份至: backup\setup_backup_20250730_144554.json
2025-07-30 14:45:54,569 - VALO360 - DEBUG - 配置保存成功
2025-07-30 14:45:54,569 - VALO360 - DEBUG - 配置已備份至: backup\setup_backup_20250730_144554.json
2025-07-30 14:45:54,576 - VALO360 - DEBUG - 配置保存成功
2025-07-30 14:45:54,578 - VALO360 - DEBUG - 配置已備份至: backup\setup_backup_20250730_144554.json
2025-07-30 14:45:54,581 - VALO360 - DEBUG - 配置保存成功
2025-07-30 14:45:54,583 - VALO360 - DEBUG - 配置已備份至: backup\setup_backup_20250730_144554.json
2025-07-30 14:45:54,583 - VALO360 - DEBUG - 配置保存成功
2025-07-30 14:45:54,589 - VALO360 - DEBUG - 配置已備份至: backup\setup_backup_20250730_144554.json
2025-07-30 14:45:54,590 - VALO360 - DEBUG - 配置保存成功
2025-07-30 14:45:54,592 - VALO360 - DEBUG - 配置已備份至: backup\setup_backup_20250730_144554.json
2025-07-30 14:45:54,592 - VALO360 - DEBUG - 配置保存成功
2025-07-30 14:45:54,597 - VALO360 - DEBUG - 配置已備份至: backup\setup_backup_20250730_144554.json
2025-07-30 14:45:54,600 - VALO360 - DEBUG - 配置保存成功
2025-07-30 14:45:54,602 - VALO360 - DEBUG - 配置已備份至: backup\setup_backup_20250730_144554.json
2025-07-30 14:45:54,604 - VALO360 - DEBUG - 配置保存成功
2025-07-30 14:45:54,606 - VALO360 - DEBUG - 配置已備份至: backup\setup_backup_20250730_144554.json
2025-07-30 14:45:54,609 - VALO360 - DEBUG - 配置保存成功
2025-07-30 14:45:54,611 - VALO360 - DEBUG - 配置已備份至: backup\setup_backup_20250730_144554.json
2025-07-30 14:45:54,613 - VALO360 - DEBUG - 配置保存成功
2025-07-30 14:45:54,615 - VALO360 - DEBUG - 配置已備份至: backup\setup_backup_20250730_144554.json
2025-07-30 14:45:54,619 - VALO360 - DEBUG - 配置保存成功
2025-07-30 14:45:54,620 - VALO360 - DEBUG - 配置已備份至: backup\setup_backup_20250730_144554.json
2025-07-30 14:45:54,620 - VALO360 - DEBUG - 配置保存成功
2025-07-30 14:45:54,624 - VALO360 - DEBUG - 配置已備份至: backup\setup_backup_20250730_144554.json
2025-07-30 14:45:54,624 - VALO360 - DEBUG - 配置保存成功
2025-07-30 14:45:54,629 - VALO360 - DEBUG - 配置已備份至: backup\setup_backup_20250730_144554.json
2025-07-30 14:45:54,630 - VALO360 - DEBUG - 配置保存成功
2025-07-30 14:45:54,633 - VALO360 - DEBUG - 配置已備份至: backup\setup_backup_20250730_144554.json
2025-07-30 14:45:54,633 - VALO360 - DEBUG - 配置保存成功
2025-07-30 14:45:54,637 - VALO360 - DEBUG - 配置已備份至: backup\setup_backup_20250730_144554.json
2025-07-30 14:45:54,641 - VALO360 - DEBUG - 配置保存成功
2025-07-30 14:45:54,644 - VALO360 - DEBUG - 配置已備份至: backup\setup_backup_20250730_144554.json
2025-07-30 14:45:54,647 - VALO360 - DEBUG - 配置保存成功
2025-07-30 14:45:54,647 - VALO360 - DEBUG - 配置已備份至: backup\setup_backup_20250730_144554.json
2025-07-30 14:45:54,651 - VALO360 - DEBUG - 配置保存成功
2025-07-30 14:45:54,652 - VALO360 - DEBUG - 配置已備份至: backup\setup_backup_20250730_144554.json
2025-07-30 14:45:54,654 - VALO360 - DEBUG - 配置保存成功
2025-07-30 14:45:54,657 - VALO360 - DEBUG - 配置已備份至: backup\setup_backup_20250730_144554.json
2025-07-30 14:45:54,660 - VALO360 - DEBUG - 配置保存成功
2025-07-30 14:45:54,663 - VALO360 - DEBUG - 配置已備份至: backup\setup_backup_20250730_144554.json
2025-07-30 14:45:54,668 - VALO360 - DEBUG - 配置保存成功
2025-07-30 14:45:54,668 - VALO360 - DEBUG - 配置已備份至: backup\setup_backup_20250730_144554.json
2025-07-30 14:45:54,670 - VALO360 - DEBUG - 配置保存成功
2025-07-30 14:45:54,674 - VALO360 - DEBUG - 配置已備份至: backup\setup_backup_20250730_144554.json
2025-07-30 14:45:54,676 - VALO360 - DEBUG - 配置保存成功
2025-07-30 14:45:54,676 - VALO360 - DEBUG - 配置已備份至: backup\setup_backup_20250730_144554.json
2025-07-30 14:45:54,681 - VALO360 - DEBUG - 配置保存成功
2025-07-30 14:45:54,681 - VALO360 - DEBUG - 配置已備份至: backup\setup_backup_20250730_144554.json
2025-07-30 14:45:54,685 - VALO360 - DEBUG - 配置保存成功
2025-07-30 14:45:54,688 - VALO360 - DEBUG - 配置已備份至: backup\setup_backup_20250730_144554.json
2025-07-30 14:45:54,691 - VALO360 - DEBUG - 配置保存成功
2025-07-30 14:45:54,692 - VALO360 - DEBUG - 配置已備份至: backup\setup_backup_20250730_144554.json
2025-07-30 14:45:54,695 - VALO360 - DEBUG - 配置保存成功
2025-07-30 14:45:54,695 - VALO360 - DEBUG - 配置已備份至: backup\setup_backup_20250730_144554.json
2025-07-30 14:45:54,698 - VALO360 - DEBUG - 配置保存成功
2025-07-30 14:45:54,701 - VALO360 - DEBUG - 配置已備份至: backup\setup_backup_20250730_144554.json
2025-07-30 14:45:54,703 - VALO360 - DEBUG - 配置保存成功
2025-07-30 14:45:54,705 - VALO360 - DEBUG - 配置已備份至: backup\setup_backup_20250730_144554.json
2025-07-30 14:45:54,706 - VALO360 - DEBUG - 配置保存成功
2025-07-30 14:45:54,708 - VALO360 - DEBUG - 配置已備份至: backup\setup_backup_20250730_144554.json
2025-07-30 14:45:54,708 - VALO360 - DEBUG - 配置保存成功
2025-07-30 14:45:54,708 - VALO360 - DEBUG - 配置已備份至: backup\setup_backup_20250730_144554.json
2025-07-30 14:45:54,712 - VALO360 - DEBUG - 配置保存成功
2025-07-30 14:45:54,712 - VALO360 - DEBUG - 配置已備份至: backup\setup_backup_20250730_144554.json
2025-07-30 14:45:54,719 - VALO360 - DEBUG - 配置保存成功
2025-07-30 14:45:54,720 - VALO360 - DEBUG - 配置已備份至: backup\setup_backup_20250730_144554.json
2025-07-30 14:45:54,723 - VALO360 - DEBUG - 配置保存成功
2025-07-30 14:45:54,723 - VALO360 - DEBUG - 配置已備份至: backup\setup_backup_20250730_144554.json
2025-07-30 14:45:54,725 - VALO360 - DEBUG - 配置保存成功
2025-07-30 14:45:54,726 - VALO360 - DEBUG - 配置已備份至: backup\setup_backup_20250730_144554.json
2025-07-30 14:45:54,726 - VALO360 - DEBUG - 配置保存成功
2025-07-30 14:45:54,731 - VALO360 - DEBUG - 配置已備份至: backup\setup_backup_20250730_144554.json
2025-07-30 14:45:54,732 - VALO360 - DEBUG - 配置保存成功
2025-07-30 14:45:54,734 - VALO360 - DEBUG - 配置已備份至: backup\setup_backup_20250730_144554.json
2025-07-30 14:45:54,734 - VALO360 - DEBUG - 配置保存成功
2025-07-30 14:45:54,737 - VALO360 - DEBUG - 配置已備份至: backup\setup_backup_20250730_144554.json
2025-07-30 14:45:54,738 - VALO360 - DEBUG - 配置保存成功
2025-07-30 14:45:54,740 - VALO360 - DEBUG - 配置已備份至: backup\setup_backup_20250730_144554.json
2025-07-30 14:45:54,740 - VALO360 - DEBUG - 配置保存成功
2025-07-30 14:45:54,745 - VALO360 - DEBUG - 配置已備份至: backup\setup_backup_20250730_144554.json
2025-07-30 14:45:54,746 - VALO360 - DEBUG - 配置保存成功
2025-07-30 14:45:54,748 - VALO360 - DEBUG - 配置已備份至: backup\setup_backup_20250730_144554.json
2025-07-30 14:45:54,750 - VALO360 - DEBUG - 配置保存成功
2025-07-30 14:45:54,751 - VALO360 - DEBUG - 配置已備份至: backup\setup_backup_20250730_144554.json
2025-07-30 14:45:54,753 - VALO360 - DEBUG - 配置保存成功
2025-07-30 14:45:54,754 - VALO360 - DEBUG - 配置已備份至: backup\setup_backup_20250730_144554.json
2025-07-30 14:45:54,754 - VALO360 - DEBUG - 配置保存成功
2025-07-30 14:45:54,758 - VALO360 - DEBUG - 配置已備份至: backup\setup_backup_20250730_144554.json
2025-07-30 14:45:54,760 - VALO360 - DEBUG - 配置保存成功
2025-07-30 14:45:54,762 - VALO360 - DEBUG - 配置已備份至: backup\setup_backup_20250730_144554.json
2025-07-30 14:45:54,765 - VALO360 - DEBUG - 配置保存成功
2025-07-30 14:45:54,766 - VALO360 - DEBUG - 配置已備份至: backup\setup_backup_20250730_144554.json
2025-07-30 14:45:54,767 - VALO360 - DEBUG - 配置保存成功
2025-07-30 14:45:54,768 - VALO360 - DEBUG - 配置已備份至: backup\setup_backup_20250730_144554.json
2025-07-30 14:45:54,768 - VALO360 - DEBUG - 配置保存成功
2025-07-30 14:45:54,773 - VALO360 - DEBUG - 配置已備份至: backup\setup_backup_20250730_144554.json
2025-07-30 14:45:54,775 - VALO360 - DEBUG - 配置保存成功
2025-07-30 14:45:54,775 - VALO360 - DEBUG - 配置已備份至: backup\setup_backup_20250730_144554.json
2025-07-30 14:45:54,775 - VALO360 - DEBUG - 配置保存成功
2025-07-30 14:45:54,779 - VALO360 - DEBUG - 配置已備份至: backup\setup_backup_20250730_144554.json
2025-07-30 14:45:54,780 - VALO360 - DEBUG - 配置保存成功
2025-07-30 14:45:54,782 - VALO360 - DEBUG - 配置已備份至: backup\setup_backup_20250730_144554.json
2025-07-30 14:45:54,784 - VALO360 - DEBUG - 配置保存成功
2025-07-30 14:45:54,785 - VALO360 - DEBUG - 配置已備份至: backup\setup_backup_20250730_144554.json
2025-07-30 14:45:54,787 - VALO360 - DEBUG - 配置保存成功
2025-07-30 14:45:54,789 - VALO360 - DEBUG - 配置已備份至: backup\setup_backup_20250730_144554.json
2025-07-30 14:45:54,790 - VALO360 - DEBUG - 配置保存成功
2025-07-30 14:45:54,792 - VALO360 - DEBUG - 配置已備份至: backup\setup_backup_20250730_144554.json
2025-07-30 14:45:54,794 - VALO360 - DEBUG - 配置保存成功
2025-07-30 14:45:54,795 - VALO360 - DEBUG - 配置已備份至: backup\setup_backup_20250730_144554.json
2025-07-30 14:45:54,795 - VALO360 - DEBUG - 配置保存成功
2025-07-30 14:45:54,800 - VALO360 - DEBUG - 配置已備份至: backup\setup_backup_20250730_144554.json
2025-07-30 14:45:54,801 - VALO360 - DEBUG - 配置保存成功
2025-07-30 14:45:54,803 - VALO360 - DEBUG - 配置已備份至: backup\setup_backup_20250730_144554.json
2025-07-30 14:45:54,805 - VALO360 - DEBUG - 配置保存成功
2025-07-30 14:45:54,805 - VALO360 - DEBUG - 配置已備份至: backup\setup_backup_20250730_144554.json
2025-07-30 14:45:54,808 - VALO360 - DEBUG - 配置保存成功
2025-07-30 14:45:54,809 - VALO360 - DEBUG - 配置已備份至: backup\setup_backup_20250730_144554.json
2025-07-30 14:45:54,811 - VALO360 - DEBUG - 配置保存成功
2025-07-30 14:45:54,814 - VALO360 - DEBUG - 配置已備份至: backup\setup_backup_20250730_144554.json
2025-07-30 14:45:54,815 - VALO360 - DEBUG - 配置保存成功
2025-07-30 14:45:54,817 - VALO360 - DEBUG - 配置已備份至: backup\setup_backup_20250730_144554.json
2025-07-30 14:45:54,818 - VALO360 - DEBUG - 配置保存成功
2025-07-30 14:45:54,820 - VALO360 - DEBUG - 配置已備份至: backup\setup_backup_20250730_144554.json
2025-07-30 14:45:54,821 - VALO360 - DEBUG - 配置保存成功
2025-07-30 14:45:54,823 - VALO360 - DEBUG - 配置已備份至: backup\setup_backup_20250730_144554.json
2025-07-30 14:45:54,824 - VALO360 - DEBUG - 配置保存成功
2025-07-30 14:45:54,827 - VALO360 - DEBUG - 配置已備份至: backup\setup_backup_20250730_144554.json
2025-07-30 14:45:54,828 - VALO360 - DEBUG - 配置保存成功
2025-07-30 14:45:54,830 - VALO360 - DEBUG - 配置已備份至: backup\setup_backup_20250730_144554.json
2025-07-30 14:45:54,832 - VALO360 - DEBUG - 配置保存成功
2025-07-30 14:45:54,833 - VALO360 - DEBUG - 配置已備份至: backup\setup_backup_20250730_144554.json
2025-07-30 14:45:54,835 - VALO360 - DEBUG - 配置保存成功
2025-07-30 14:45:54,837 - VALO360 - DEBUG - 配置已備份至: backup\setup_backup_20250730_144554.json
2025-07-30 14:45:54,839 - VALO360 - DEBUG - 配置保存成功
2025-07-30 14:45:54,847 - VALO360 - DEBUG - 配置已備份至: backup\setup_backup_20250730_144554.json
2025-07-30 14:45:54,847 - VALO360 - DEBUG - 配置保存成功
2025-07-30 14:45:54,854 - VALO360 - DEBUG - 配置已備份至: backup\setup_backup_20250730_144554.json
2025-07-30 14:45:54,856 - VALO360 - DEBUG - 配置保存成功
2025-07-30 14:45:54,858 - VALO360 - DEBUG - 配置已備份至: backup\setup_backup_20250730_144554.json
2025-07-30 14:45:54,859 - VALO360 - DEBUG - 配置保存成功
2025-07-30 14:45:54,861 - VALO360 - DEBUG - 配置已備份至: backup\setup_backup_20250730_144554.json
2025-07-30 14:45:54,863 - VALO360 - DEBUG - 配置保存成功
2025-07-30 14:45:54,866 - VALO360 - DEBUG - 配置已備份至: backup\setup_backup_20250730_144554.json
2025-07-30 14:45:54,868 - VALO360 - DEBUG - 配置保存成功
2025-07-30 14:45:54,885 - VALO360 - DEBUG - 配置已備份至: backup\setup_backup_20250730_144554.json
2025-07-30 14:45:54,896 - VALO360 - DEBUG - 配置保存成功
2025-07-30 14:45:54,902 - VALO360 - DEBUG - 配置已備份至: backup\setup_backup_20250730_144554.json
2025-07-30 14:45:54,904 - VALO360 - DEBUG - 配置保存成功
2025-07-30 14:45:54,906 - VALO360 - DEBUG - 配置已備份至: backup\setup_backup_20250730_144554.json
2025-07-30 14:45:54,908 - VALO360 - DEBUG - 配置保存成功
2025-07-30 14:45:54,910 - VALO360 - DEBUG - 配置已備份至: backup\setup_backup_20250730_144554.json
2025-07-30 14:45:54,912 - VALO360 - DEBUG - 配置保存成功
2025-07-30 14:45:54,912 - VALO360 - DEBUG - 配置已備份至: backup\setup_backup_20250730_144554.json
2025-07-30 14:45:54,914 - VALO360 - DEBUG - 配置保存成功
2025-07-30 14:45:54,917 - VALO360 - DEBUG - 配置已備份至: backup\setup_backup_20250730_144554.json
2025-07-30 14:45:54,919 - VALO360 - DEBUG - 配置保存成功
2025-07-30 14:45:54,919 - VALO360 - DEBUG - 配置已備份至: backup\setup_backup_20250730_144554.json
2025-07-30 14:45:54,921 - VALO360 - DEBUG - 配置保存成功
2025-07-30 14:45:54,923 - VALO360 - DEBUG - 配置已備份至: backup\setup_backup_20250730_144554.json
2025-07-30 14:45:54,925 - VALO360 - DEBUG - 配置保存成功
2025-07-30 14:45:54,926 - VALO360 - DEBUG - 配置已備份至: backup\setup_backup_20250730_144554.json
2025-07-30 14:45:54,928 - VALO360 - DEBUG - 配置保存成功
2025-07-30 14:45:54,936 - VALO360 - DEBUG - 配置已備份至: backup\setup_backup_20250730_144554.json
2025-07-30 14:45:54,938 - VALO360 - DEBUG - 配置保存成功
2025-07-30 14:45:54,939 - VALO360 - DEBUG - 配置已備份至: backup\setup_backup_20250730_144554.json
2025-07-30 14:45:54,941 - VALO360 - DEBUG - 配置保存成功
2025-07-30 14:45:54,942 - VALO360 - DEBUG - 配置已備份至: backup\setup_backup_20250730_144554.json
2025-07-30 14:45:54,944 - VALO360 - DEBUG - 配置保存成功
2025-07-30 14:45:54,945 - VALO360 - DEBUG - 配置已備份至: backup\setup_backup_20250730_144554.json
2025-07-30 14:45:54,947 - VALO360 - DEBUG - 配置保存成功
2025-07-30 14:45:54,951 - VALO360 - DEBUG - 配置已備份至: backup\setup_backup_20250730_144554.json
2025-07-30 14:45:54,953 - VALO360 - DEBUG - 配置保存成功
2025-07-30 14:45:54,954 - VALO360 - DEBUG - 配置已備份至: backup\setup_backup_20250730_144554.json
2025-07-30 14:45:54,957 - VALO360 - DEBUG - 配置保存成功
2025-07-30 14:45:54,958 - VALO360 - DEBUG - 配置已備份至: backup\setup_backup_20250730_144554.json
2025-07-30 14:45:54,958 - VALO360 - DEBUG - 配置保存成功
2025-07-30 14:45:54,958 - VALO360 - DEBUG - 配置已備份至: backup\setup_backup_20250730_144554.json
2025-07-30 14:45:54,963 - VALO360 - DEBUG - 配置保存成功
2025-07-30 14:45:54,968 - VALO360 - DEBUG - 配置已備份至: backup\setup_backup_20250730_144554.json
2025-07-30 14:45:54,972 - VALO360 - DEBUG - 配置保存成功
2025-07-30 14:45:54,974 - VALO360 - DEBUG - 配置已備份至: backup\setup_backup_20250730_144554.json
2025-07-30 14:45:54,974 - VALO360 - DEBUG - 配置保存成功
2025-07-30 14:45:54,977 - VALO360 - DEBUG - 配置已備份至: backup\setup_backup_20250730_144554.json
2025-07-30 14:45:54,977 - VALO360 - DEBUG - 配置保存成功
2025-07-30 14:45:54,980 - VALO360 - DEBUG - 配置已備份至: backup\setup_backup_20250730_144554.json
2025-07-30 14:45:54,980 - VALO360 - DEBUG - 配置保存成功
2025-07-30 14:45:54,997 - VALO360 - DEBUG - 配置已備份至: backup\setup_backup_20250730_144554.json
2025-07-30 14:45:54,999 - VALO360 - DEBUG - 配置保存成功
2025-07-30 14:45:54,999 - VALO360 - DEBUG - 配置已備份至: backup\setup_backup_20250730_144554.json
2025-07-30 14:45:55,004 - VALO360 - DEBUG - 配置保存成功
2025-07-30 14:45:55,006 - VALO360 - DEBUG - 配置已備份至: backup\setup_backup_20250730_144555.json
2025-07-30 14:45:55,008 - VALO360 - DEBUG - 已刪除舊備份: backup\setup_backup_20250730_144223.json
2025-07-30 14:45:55,009 - VALO360 - DEBUG - 配置保存成功
2025-07-30 14:45:55,009 - VALO360 - DEBUG - 配置已備份至: backup\setup_backup_20250730_144555.json
2025-07-30 14:45:55,013 - VALO360 - DEBUG - 配置保存成功
2025-07-30 14:45:55,015 - VALO360 - DEBUG - 配置已備份至: backup\setup_backup_20250730_144555.json
2025-07-30 14:45:55,016 - VALO360 - DEBUG - 配置保存成功
2025-07-30 14:45:55,018 - VALO360 - DEBUG - 配置已備份至: backup\setup_backup_20250730_144555.json
2025-07-30 14:45:55,018 - VALO360 - DEBUG - 配置保存成功
2025-07-30 14:45:55,021 - VALO360 - DEBUG - 配置已備份至: backup\setup_backup_20250730_144555.json
2025-07-30 14:45:55,022 - VALO360 - DEBUG - 配置保存成功
2025-07-30 14:45:55,024 - VALO360 - DEBUG - 配置已備份至: backup\setup_backup_20250730_144555.json
2025-07-30 14:45:55,024 - VALO360 - DEBUG - 配置保存成功
2025-07-30 14:45:55,039 - VALO360 - DEBUG - 配置已備份至: backup\setup_backup_20250730_144555.json
2025-07-30 14:45:55,040 - VALO360 - DEBUG - 配置保存成功
2025-07-30 14:45:55,042 - VALO360 - DEBUG - 配置已備份至: backup\setup_backup_20250730_144555.json
2025-07-30 14:45:55,043 - VALO360 - DEBUG - 配置保存成功
2025-07-30 14:45:55,045 - VALO360 - DEBUG - 配置已備份至: backup\setup_backup_20250730_144555.json
2025-07-30 14:45:55,046 - VALO360 - DEBUG - 配置保存成功
2025-07-30 14:45:55,049 - VALO360 - DEBUG - 配置已備份至: backup\setup_backup_20250730_144555.json
2025-07-30 14:45:55,050 - VALO360 - DEBUG - 配置保存成功
2025-07-30 14:45:55,051 - VALO360 - DEBUG - 配置已備份至: backup\setup_backup_20250730_144555.json
2025-07-30 14:45:55,054 - VALO360 - DEBUG - 配置保存成功
2025-07-30 14:45:55,056 - VALO360 - DEBUG - 配置已備份至: backup\setup_backup_20250730_144555.json
2025-07-30 14:45:55,056 - VALO360 - DEBUG - 配置保存成功
2025-07-30 14:45:55,059 - VALO360 - DEBUG - 配置已備份至: backup\setup_backup_20250730_144555.json
2025-07-30 14:45:55,061 - VALO360 - DEBUG - 配置保存成功
2025-07-30 14:45:55,062 - VALO360 - DEBUG - 配置已備份至: backup\setup_backup_20250730_144555.json
2025-07-30 14:45:55,064 - VALO360 - DEBUG - 配置保存成功
2025-07-30 14:45:55,065 - VALO360 - DEBUG - 配置已備份至: backup\setup_backup_20250730_144555.json
2025-07-30 14:45:55,065 - VALO360 - DEBUG - 配置保存成功
2025-07-30 14:45:55,069 - VALO360 - DEBUG - 配置已備份至: backup\setup_backup_20250730_144555.json
2025-07-30 14:45:55,070 - VALO360 - DEBUG - 配置保存成功
2025-07-30 14:45:55,072 - VALO360 - DEBUG - 配置已備份至: backup\setup_backup_20250730_144555.json
2025-07-30 14:45:55,073 - VALO360 - DEBUG - 配置保存成功
2025-07-30 14:45:55,075 - VALO360 - DEBUG - 配置已備份至: backup\setup_backup_20250730_144555.json
2025-07-30 14:45:55,075 - VALO360 - DEBUG - 配置保存成功
2025-07-30 14:45:55,083 - VALO360 - DEBUG - 配置已備份至: backup\setup_backup_20250730_144555.json
2025-07-30 14:45:55,083 - VALO360 - DEBUG - 配置保存成功
2025-07-30 14:45:55,089 - VALO360 - DEBUG - 配置已備份至: backup\setup_backup_20250730_144555.json
2025-07-30 14:45:55,090 - VALO360 - DEBUG - 配置保存成功
2025-07-30 14:45:55,091 - VALO360 - DEBUG - 配置已備份至: backup\setup_backup_20250730_144555.json
2025-07-30 14:45:55,093 - VALO360 - DEBUG - 配置保存成功
2025-07-30 14:45:55,095 - VALO360 - DEBUG - 配置已備份至: backup\setup_backup_20250730_144555.json
2025-07-30 14:45:55,096 - VALO360 - DEBUG - 配置保存成功
2025-07-30 14:45:55,099 - VALO360 - DEBUG - 配置已備份至: backup\setup_backup_20250730_144555.json
2025-07-30 14:45:55,099 - VALO360 - DEBUG - 配置保存成功
2025-07-30 14:45:55,099 - VALO360 - DEBUG - 配置已備份至: backup\setup_backup_20250730_144555.json
2025-07-30 14:45:55,105 - VALO360 - DEBUG - 配置保存成功
2025-07-30 14:45:55,107 - VALO360 - DEBUG - 配置已備份至: backup\setup_backup_20250730_144555.json
2025-07-30 14:45:55,110 - VALO360 - DEBUG - 配置保存成功
2025-07-30 14:45:55,110 - VALO360 - DEBUG - 配置已備份至: backup\setup_backup_20250730_144555.json
2025-07-30 14:45:55,112 - VALO360 - DEBUG - 配置保存成功
2025-07-30 14:45:55,115 - VALO360 - DEBUG - 配置已備份至: backup\setup_backup_20250730_144555.json
2025-07-30 14:45:55,117 - VALO360 - DEBUG - 配置保存成功
2025-07-30 14:45:55,118 - VALO360 - DEBUG - 配置已備份至: backup\setup_backup_20250730_144555.json
2025-07-30 14:45:55,120 - VALO360 - DEBUG - 配置保存成功
2025-07-30 14:45:55,121 - VALO360 - DEBUG - 配置已備份至: backup\setup_backup_20250730_144555.json
2025-07-30 14:45:55,123 - VALO360 - DEBUG - 配置保存成功
2025-07-30 14:45:55,125 - VALO360 - DEBUG - 配置已備份至: backup\setup_backup_20250730_144555.json
2025-07-30 14:45:55,126 - VALO360 - DEBUG - 配置保存成功
2025-07-30 14:45:55,249 - VALO360 - DEBUG - 配置已備份至: backup\setup_backup_20250730_144555.json
2025-07-30 14:45:55,250 - VALO360 - DEBUG - 配置保存成功
2025-07-30 14:45:55,250 - VALO360 - DEBUG - 配置已備份至: backup\setup_backup_20250730_144555.json
2025-07-30 14:45:55,253 - VALO360 - DEBUG - 配置保存成功
2025-07-30 14:45:55,253 - VALO360 - DEBUG - 配置已備份至: backup\setup_backup_20250730_144555.json
2025-07-30 14:45:55,253 - VALO360 - DEBUG - 配置保存成功
2025-07-30 14:45:55,253 - VALO360 - DEBUG - 配置已備份至: backup\setup_backup_20250730_144555.json
2025-07-30 14:45:55,259 - VALO360 - DEBUG - 配置保存成功
2025-07-30 14:45:55,261 - VALO360 - DEBUG - 配置已備份至: backup\setup_backup_20250730_144555.json
2025-07-30 14:45:55,263 - VALO360 - DEBUG - 配置保存成功
2025-07-30 14:45:55,265 - VALO360 - DEBUG - 配置已備份至: backup\setup_backup_20250730_144555.json
2025-07-30 14:45:55,265 - VALO360 - DEBUG - 配置保存成功
2025-07-30 14:45:55,270 - VALO360 - DEBUG - 配置已備份至: backup\setup_backup_20250730_144555.json
2025-07-30 14:45:55,272 - VALO360 - DEBUG - 配置保存成功
2025-07-30 14:45:55,272 - VALO360 - DEBUG - 配置已備份至: backup\setup_backup_20250730_144555.json
2025-07-30 14:45:55,275 - VALO360 - DEBUG - 配置保存成功
2025-07-30 14:45:55,282 - VALO360 - DEBUG - 配置已備份至: backup\setup_backup_20250730_144555.json
2025-07-30 14:45:55,284 - VALO360 - DEBUG - 配置保存成功
2025-07-30 14:45:55,286 - VALO360 - DEBUG - 配置已備份至: backup\setup_backup_20250730_144555.json
2025-07-30 14:45:55,288 - VALO360 - DEBUG - 配置保存成功
2025-07-30 14:45:55,289 - VALO360 - DEBUG - 配置已備份至: backup\setup_backup_20250730_144555.json
2025-07-30 14:45:55,290 - VALO360 - DEBUG - 配置保存成功
2025-07-30 14:45:55,292 - VALO360 - DEBUG - 配置已備份至: backup\setup_backup_20250730_144555.json
2025-07-30 14:45:55,293 - VALO360 - DEBUG - 配置保存成功
2025-07-30 14:45:55,295 - VALO360 - DEBUG - 配置已備份至: backup\setup_backup_20250730_144555.json
2025-07-30 14:45:55,297 - VALO360 - DEBUG - 配置保存成功
2025-07-30 14:45:55,298 - VALO360 - DEBUG - 配置已備份至: backup\setup_backup_20250730_144555.json
2025-07-30 14:45:55,300 - VALO360 - DEBUG - 配置保存成功
2025-07-30 14:45:55,301 - VALO360 - DEBUG - 配置已備份至: backup\setup_backup_20250730_144555.json
2025-07-30 14:45:55,304 - VALO360 - DEBUG - 配置保存成功
2025-07-30 14:45:55,305 - VALO360 - DEBUG - 配置已備份至: backup\setup_backup_20250730_144555.json
2025-07-30 14:45:55,307 - VALO360 - DEBUG - 配置保存成功
2025-07-30 14:45:55,316 - VALO360 - DEBUG - 配置已備份至: backup\setup_backup_20250730_144555.json
2025-07-30 14:45:55,316 - VALO360 - DEBUG - 配置保存成功
2025-07-30 14:45:55,316 - VALO360 - DEBUG - 配置已備份至: backup\setup_backup_20250730_144555.json
2025-07-30 14:45:55,320 - VALO360 - DEBUG - 配置保存成功
2025-07-30 14:45:55,321 - VALO360 - DEBUG - 配置已備份至: backup\setup_backup_20250730_144555.json
2025-07-30 14:45:55,323 - VALO360 - DEBUG - 配置保存成功
2025-07-30 14:45:55,325 - VALO360 - DEBUG - 配置已備份至: backup\setup_backup_20250730_144555.json
2025-07-30 14:45:55,325 - VALO360 - DEBUG - 配置保存成功
2025-07-30 14:45:55,328 - VALO360 - DEBUG - 配置已備份至: backup\setup_backup_20250730_144555.json
2025-07-30 14:45:55,328 - VALO360 - DEBUG - 配置保存成功
2025-07-30 14:45:55,328 - VALO360 - DEBUG - 配置已備份至: backup\setup_backup_20250730_144555.json
2025-07-30 14:45:55,333 - VALO360 - DEBUG - 配置保存成功
2025-07-30 14:45:55,335 - VALO360 - DEBUG - 配置已備份至: backup\setup_backup_20250730_144555.json
2025-07-30 14:45:55,336 - VALO360 - DEBUG - 配置保存成功
2025-07-30 14:45:55,338 - VALO360 - DEBUG - 配置已備份至: backup\setup_backup_20250730_144555.json
2025-07-30 14:45:55,340 - VALO360 - DEBUG - 配置保存成功
2025-07-30 14:45:55,349 - VALO360 - DEBUG - 配置已備份至: backup\setup_backup_20250730_144555.json
2025-07-30 14:45:55,351 - VALO360 - DEBUG - 配置保存成功
2025-07-30 14:45:55,353 - VALO360 - DEBUG - 配置已備份至: backup\setup_backup_20250730_144555.json
2025-07-30 14:45:55,355 - VALO360 - DEBUG - 配置保存成功
2025-07-30 14:45:55,355 - VALO360 - DEBUG - 配置已備份至: backup\setup_backup_20250730_144555.json
2025-07-30 14:45:55,357 - VALO360 - DEBUG - 配置保存成功
2025-07-30 14:45:55,359 - VALO360 - DEBUG - 配置已備份至: backup\setup_backup_20250730_144555.json
2025-07-30 14:45:55,361 - VALO360 - DEBUG - 配置保存成功
2025-07-30 14:45:55,362 - VALO360 - DEBUG - 配置已備份至: backup\setup_backup_20250730_144555.json
2025-07-30 14:45:55,364 - VALO360 - DEBUG - 配置保存成功
2025-07-30 14:45:55,365 - VALO360 - DEBUG - 配置已備份至: backup\setup_backup_20250730_144555.json
2025-07-30 14:45:55,367 - VALO360 - DEBUG - 配置保存成功
2025-07-30 14:45:55,368 - VALO360 - DEBUG - 配置已備份至: backup\setup_backup_20250730_144555.json
2025-07-30 14:45:55,370 - VALO360 - DEBUG - 配置保存成功
2025-07-30 14:45:55,372 - VALO360 - DEBUG - 配置已備份至: backup\setup_backup_20250730_144555.json
2025-07-30 14:45:55,373 - VALO360 - DEBUG - 配置保存成功
2025-07-30 14:45:55,375 - VALO360 - DEBUG - 配置已備份至: backup\setup_backup_20250730_144555.json
2025-07-30 14:45:55,379 - VALO360 - DEBUG - 配置保存成功
2025-07-30 14:45:55,381 - VALO360 - DEBUG - 配置已備份至: backup\setup_backup_20250730_144555.json
2025-07-30 14:45:55,383 - VALO360 - DEBUG - 配置保存成功
2025-07-30 14:45:55,385 - VALO360 - DEBUG - 配置已備份至: backup\setup_backup_20250730_144555.json
2025-07-30 14:45:55,386 - VALO360 - DEBUG - 配置保存成功
2025-07-30 14:45:55,386 - VALO360 - DEBUG - 配置已備份至: backup\setup_backup_20250730_144555.json
2025-07-30 14:45:55,386 - VALO360 - DEBUG - 配置保存成功
2025-07-30 14:45:55,386 - VALO360 - DEBUG - 配置已備份至: backup\setup_backup_20250730_144555.json
2025-07-30 14:45:55,393 - VALO360 - DEBUG - 配置保存成功
2025-07-30 14:45:55,395 - VALO360 - DEBUG - 配置已備份至: backup\setup_backup_20250730_144555.json
2025-07-30 14:45:55,395 - VALO360 - DEBUG - 配置保存成功
2025-07-30 14:45:55,398 - VALO360 - DEBUG - 配置已備份至: backup\setup_backup_20250730_144555.json
2025-07-30 14:45:55,400 - VALO360 - DEBUG - 配置保存成功
2025-07-30 14:45:55,401 - VALO360 - DEBUG - 配置已備份至: backup\setup_backup_20250730_144555.json
2025-07-30 14:45:55,403 - VALO360 - DEBUG - 配置保存成功
2025-07-30 14:45:55,404 - VALO360 - DEBUG - 配置已備份至: backup\setup_backup_20250730_144555.json
2025-07-30 14:45:55,405 - VALO360 - DEBUG - 配置保存成功
2025-07-30 14:45:55,408 - VALO360 - DEBUG - 配置已備份至: backup\setup_backup_20250730_144555.json
2025-07-30 14:45:55,408 - VALO360 - DEBUG - 配置保存成功
2025-07-30 14:45:55,411 - VALO360 - DEBUG - 配置已備份至: backup\setup_backup_20250730_144555.json
2025-07-30 14:45:55,412 - VALO360 - DEBUG - 配置保存成功
2025-07-30 14:45:55,412 - VALO360 - DEBUG - 配置已備份至: backup\setup_backup_20250730_144555.json
2025-07-30 14:45:55,416 - VALO360 - DEBUG - 配置保存成功
2025-07-30 14:45:55,417 - VALO360 - DEBUG - 配置已備份至: backup\setup_backup_20250730_144555.json
2025-07-30 14:45:55,419 - VALO360 - DEBUG - 配置保存成功
2025-07-30 14:45:55,421 - VALO360 - DEBUG - 配置已備份至: backup\setup_backup_20250730_144555.json
2025-07-30 14:45:55,422 - VALO360 - DEBUG - 配置保存成功
2025-07-30 14:45:55,424 - VALO360 - DEBUG - 配置已備份至: backup\setup_backup_20250730_144555.json
2025-07-30 14:45:55,426 - VALO360 - DEBUG - 配置保存成功
2025-07-30 14:45:55,426 - VALO360 - DEBUG - 配置已備份至: backup\setup_backup_20250730_144555.json
2025-07-30 14:45:55,426 - VALO360 - DEBUG - 配置保存成功
2025-07-30 14:45:55,426 - VALO360 - DEBUG - 配置已備份至: backup\setup_backup_20250730_144555.json
2025-07-30 14:45:55,432 - VALO360 - DEBUG - 配置保存成功
2025-07-30 14:45:55,434 - VALO360 - DEBUG - 配置已備份至: backup\setup_backup_20250730_144555.json
2025-07-30 14:45:55,436 - VALO360 - DEBUG - 配置保存成功
2025-07-30 14:45:55,437 - VALO360 - DEBUG - 配置已備份至: backup\setup_backup_20250730_144555.json
2025-07-30 14:45:55,439 - VALO360 - DEBUG - 配置保存成功
2025-07-30 14:45:55,440 - VALO360 - DEBUG - 配置已備份至: backup\setup_backup_20250730_144555.json
2025-07-30 14:45:55,441 - VALO360 - DEBUG - 配置保存成功
2025-07-30 14:45:55,443 - VALO360 - DEBUG - 配置已備份至: backup\setup_backup_20250730_144555.json
2025-07-30 14:45:55,445 - VALO360 - DEBUG - 配置保存成功
2025-07-30 14:45:55,446 - VALO360 - DEBUG - 配置已備份至: backup\setup_backup_20250730_144555.json
2025-07-30 14:45:55,448 - VALO360 - DEBUG - 配置保存成功
2025-07-30 14:45:55,450 - VALO360 - DEBUG - 配置已備份至: backup\setup_backup_20250730_144555.json
2025-07-30 14:45:55,451 - VALO360 - DEBUG - 配置保存成功
2025-07-30 14:45:55,453 - VALO360 - DEBUG - 配置已備份至: backup\setup_backup_20250730_144555.json
2025-07-30 14:45:55,453 - VALO360 - DEBUG - 配置保存成功
2025-07-30 14:45:55,457 - VALO360 - DEBUG - 配置已備份至: backup\setup_backup_20250730_144555.json
2025-07-30 14:45:55,461 - VALO360 - DEBUG - 配置保存成功
2025-07-30 14:45:55,461 - VALO360 - DEBUG - 配置已備份至: backup\setup_backup_20250730_144555.json
2025-07-30 14:45:55,464 - VALO360 - DEBUG - 配置保存成功
2025-07-30 14:45:55,466 - VALO360 - DEBUG - 配置已備份至: backup\setup_backup_20250730_144555.json
2025-07-30 14:45:55,467 - VALO360 - DEBUG - 配置保存成功
2025-07-30 14:45:55,469 - VALO360 - DEBUG - 配置已備份至: backup\setup_backup_20250730_144555.json
2025-07-30 14:45:55,469 - VALO360 - DEBUG - 配置保存成功
2025-07-30 14:45:55,473 - VALO360 - DEBUG - 配置已備份至: backup\setup_backup_20250730_144555.json
2025-07-30 14:45:55,473 - VALO360 - DEBUG - 配置保存成功
2025-07-30 14:45:55,476 - VALO360 - DEBUG - 配置已備份至: backup\setup_backup_20250730_144555.json
2025-07-30 14:45:55,478 - VALO360 - DEBUG - 配置保存成功
2025-07-30 14:45:55,479 - VALO360 - DEBUG - 配置已備份至: backup\setup_backup_20250730_144555.json
2025-07-30 14:45:55,480 - VALO360 - DEBUG - 配置保存成功
2025-07-30 14:45:55,482 - VALO360 - DEBUG - 配置已備份至: backup\setup_backup_20250730_144555.json
2025-07-30 14:45:55,484 - VALO360 - DEBUG - 配置保存成功
2025-07-30 14:45:55,496 - VALO360 - DEBUG - 配置已備份至: backup\setup_backup_20250730_144555.json
2025-07-30 14:45:55,496 - VALO360 - DEBUG - 配置保存成功
2025-07-30 14:45:55,500 - VALO360 - DEBUG - 配置已備份至: backup\setup_backup_20250730_144555.json
2025-07-30 14:45:55,501 - VALO360 - DEBUG - 配置保存成功
2025-07-30 14:45:55,501 - VALO360 - DEBUG - 配置已備份至: backup\setup_backup_20250730_144555.json
2025-07-30 14:45:55,504 - VALO360 - DEBUG - 配置保存成功
2025-07-30 14:45:55,506 - VALO360 - DEBUG - 配置已備份至: backup\setup_backup_20250730_144555.json
2025-07-30 14:45:55,507 - VALO360 - DEBUG - 配置保存成功
2025-07-30 14:45:55,509 - VALO360 - DEBUG - 配置已備份至: backup\setup_backup_20250730_144555.json
2025-07-30 14:45:55,512 - VALO360 - DEBUG - 配置保存成功
2025-07-30 14:45:55,515 - VALO360 - DEBUG - 配置已備份至: backup\setup_backup_20250730_144555.json
2025-07-30 14:45:55,518 - VALO360 - DEBUG - 配置保存成功
2025-07-30 14:45:55,520 - VALO360 - DEBUG - 配置已備份至: backup\setup_backup_20250730_144555.json
2025-07-30 14:45:55,520 - VALO360 - DEBUG - 配置保存成功
2025-07-30 14:45:55,520 - VALO360 - DEBUG - 配置已備份至: backup\setup_backup_20250730_144555.json
2025-07-30 14:45:55,525 - VALO360 - DEBUG - 配置保存成功
2025-07-30 14:45:55,550 - VALO360 - DEBUG - 配置已備份至: backup\setup_backup_20250730_144555.json
2025-07-30 14:45:55,553 - VALO360 - DEBUG - 配置保存成功
2025-07-30 14:45:55,553 - VALO360 - DEBUG - 配置已備份至: backup\setup_backup_20250730_144555.json
2025-07-30 14:45:55,556 - VALO360 - DEBUG - 配置保存成功
2025-07-30 14:45:55,557 - VALO360 - DEBUG - 配置已備份至: backup\setup_backup_20250730_144555.json
2025-07-30 14:45:55,557 - VALO360 - DEBUG - 配置保存成功
2025-07-30 14:45:55,560 - VALO360 - DEBUG - 配置已備份至: backup\setup_backup_20250730_144555.json
2025-07-30 14:45:55,562 - VALO360 - DEBUG - 配置保存成功
2025-07-30 14:45:55,562 - VALO360 - DEBUG - 配置已備份至: backup\setup_backup_20250730_144555.json
2025-07-30 14:45:55,565 - VALO360 - DEBUG - 配置保存成功
2025-07-30 14:45:55,565 - VALO360 - DEBUG - 配置已備份至: backup\setup_backup_20250730_144555.json
2025-07-30 14:45:55,568 - VALO360 - DEBUG - 配置保存成功
2025-07-30 14:45:55,568 - VALO360 - DEBUG - 配置已備份至: backup\setup_backup_20250730_144555.json
2025-07-30 14:45:55,572 - VALO360 - DEBUG - 配置保存成功
2025-07-30 14:45:55,573 - VALO360 - DEBUG - 配置已備份至: backup\setup_backup_20250730_144555.json
2025-07-30 14:45:55,575 - VALO360 - DEBUG - 配置保存成功
2025-07-30 14:45:55,583 - VALO360 - DEBUG - 配置已備份至: backup\setup_backup_20250730_144555.json
2025-07-30 14:45:55,587 - VALO360 - DEBUG - 配置保存成功
2025-07-30 14:45:55,589 - VALO360 - DEBUG - 配置已備份至: backup\setup_backup_20250730_144555.json
2025-07-30 14:45:55,589 - VALO360 - DEBUG - 配置保存成功
2025-07-30 14:45:55,592 - VALO360 - DEBUG - 配置已備份至: backup\setup_backup_20250730_144555.json
2025-07-30 14:45:55,594 - VALO360 - DEBUG - 配置保存成功
2025-07-30 14:45:55,595 - VALO360 - DEBUG - 配置已備份至: backup\setup_backup_20250730_144555.json
2025-07-30 14:45:55,595 - VALO360 - DEBUG - 配置保存成功
2025-07-30 14:45:55,598 - VALO360 - DEBUG - 配置已備份至: backup\setup_backup_20250730_144555.json
2025-07-30 14:45:55,598 - VALO360 - DEBUG - 配置保存成功
2025-07-30 14:45:55,603 - VALO360 - DEBUG - 配置已備份至: backup\setup_backup_20250730_144555.json
2025-07-30 14:45:55,604 - VALO360 - DEBUG - 配置保存成功
2025-07-30 14:45:55,604 - VALO360 - DEBUG - 配置已備份至: backup\setup_backup_20250730_144555.json
2025-07-30 14:45:55,607 - VALO360 - DEBUG - 配置保存成功
2025-07-30 14:45:55,608 - VALO360 - DEBUG - 配置已備份至: backup\setup_backup_20250730_144555.json
2025-07-30 14:45:55,608 - VALO360 - DEBUG - 配置保存成功
2025-07-30 14:45:55,611 - VALO360 - DEBUG - 配置已備份至: backup\setup_backup_20250730_144555.json
2025-07-30 14:45:55,611 - VALO360 - DEBUG - 配置保存成功
2025-07-30 14:45:55,611 - VALO360 - DEBUG - 配置已備份至: backup\setup_backup_20250730_144555.json
2025-07-30 14:45:55,617 - VALO360 - DEBUG - 配置保存成功
2025-07-30 14:45:55,618 - VALO360 - DEBUG - 配置已備份至: backup\setup_backup_20250730_144555.json
2025-07-30 14:45:55,620 - VALO360 - DEBUG - 配置保存成功
2025-07-30 14:45:55,621 - VALO360 - DEBUG - 配置已備份至: backup\setup_backup_20250730_144555.json
2025-07-30 14:45:55,623 - VALO360 - DEBUG - 配置保存成功
2025-07-30 14:45:55,624 - VALO360 - DEBUG - 配置已備份至: backup\setup_backup_20250730_144555.json
2025-07-30 14:45:55,627 - VALO360 - DEBUG - 配置保存成功
2025-07-30 14:45:55,628 - VALO360 - DEBUG - 配置已備份至: backup\setup_backup_20250730_144555.json
2025-07-30 14:45:55,628 - VALO360 - DEBUG - 配置保存成功
2025-07-30 14:45:55,628 - VALO360 - DEBUG - 配置已備份至: backup\setup_backup_20250730_144555.json
2025-07-30 14:45:55,628 - VALO360 - DEBUG - 配置保存成功
2025-07-30 14:45:55,628 - VALO360 - DEBUG - 配置已備份至: backup\setup_backup_20250730_144555.json
2025-07-30 14:45:55,636 - VALO360 - DEBUG - 配置保存成功
2025-07-30 14:45:55,655 - VALO360 - DEBUG - 配置已備份至: backup\setup_backup_20250730_144555.json
2025-07-30 14:45:55,657 - VALO360 - DEBUG - 配置保存成功
2025-07-30 14:45:55,659 - VALO360 - DEBUG - 配置已備份至: backup\setup_backup_20250730_144555.json
2025-07-30 14:45:55,660 - VALO360 - DEBUG - 配置保存成功
2025-07-30 14:45:55,660 - VALO360 - DEBUG - 配置已備份至: backup\setup_backup_20250730_144555.json
2025-07-30 14:45:55,664 - VALO360 - DEBUG - 配置保存成功
2025-07-30 14:45:55,666 - VALO360 - DEBUG - 配置已備份至: backup\setup_backup_20250730_144555.json
2025-07-30 14:45:55,668 - VALO360 - DEBUG - 配置保存成功
2025-07-30 14:45:55,669 - VALO360 - DEBUG - 配置已備份至: backup\setup_backup_20250730_144555.json
2025-07-30 14:45:55,669 - VALO360 - DEBUG - 配置保存成功
2025-07-30 14:45:55,673 - VALO360 - DEBUG - 配置已備份至: backup\setup_backup_20250730_144555.json
2025-07-30 14:45:55,673 - VALO360 - DEBUG - 配置保存成功
2025-07-30 14:45:55,673 - VALO360 - DEBUG - 配置已備份至: backup\setup_backup_20250730_144555.json
2025-07-30 14:45:55,673 - VALO360 - DEBUG - 配置保存成功
2025-07-30 14:45:55,680 - VALO360 - DEBUG - 配置已備份至: backup\setup_backup_20250730_144555.json
2025-07-30 14:45:55,681 - VALO360 - DEBUG - 配置保存成功
2025-07-30 14:45:55,746 - VALO360 - DEBUG - 配置已備份至: backup\setup_backup_20250730_144555.json
2025-07-30 14:45:55,748 - VALO360 - DEBUG - 配置保存成功
2025-07-30 14:45:55,749 - VALO360 - DEBUG - 配置已備份至: backup\setup_backup_20250730_144555.json
2025-07-30 14:45:55,751 - VALO360 - DEBUG - 配置保存成功
2025-07-30 14:45:55,752 - VALO360 - DEBUG - 配置已備份至: backup\setup_backup_20250730_144555.json
2025-07-30 14:45:55,752 - VALO360 - DEBUG - 配置保存成功
2025-07-30 14:45:55,755 - VALO360 - DEBUG - 配置已備份至: backup\setup_backup_20250730_144555.json
2025-07-30 14:45:55,757 - VALO360 - DEBUG - 配置保存成功
2025-07-30 14:45:55,760 - VALO360 - DEBUG - 配置已備份至: backup\setup_backup_20250730_144555.json
2025-07-30 14:45:55,761 - VALO360 - DEBUG - 配置保存成功
2025-07-30 14:45:55,764 - VALO360 - DEBUG - 配置已備份至: backup\setup_backup_20250730_144555.json
2025-07-30 14:45:55,766 - VALO360 - DEBUG - 配置保存成功
2025-07-30 14:45:55,766 - VALO360 - DEBUG - 配置已備份至: backup\setup_backup_20250730_144555.json
2025-07-30 14:45:55,770 - VALO360 - DEBUG - 配置保存成功
2025-07-30 14:45:55,771 - VALO360 - DEBUG - 配置已備份至: backup\setup_backup_20250730_144555.json
2025-07-30 14:45:55,771 - VALO360 - DEBUG - 配置保存成功
2025-07-30 14:45:55,776 - VALO360 - DEBUG - 配置已備份至: backup\setup_backup_20250730_144555.json
2025-07-30 14:45:55,777 - VALO360 - DEBUG - 配置保存成功
2025-07-30 14:45:55,778 - VALO360 - DEBUG - 配置已備份至: backup\setup_backup_20250730_144555.json
2025-07-30 14:45:55,780 - VALO360 - DEBUG - 配置保存成功
2025-07-30 14:45:55,782 - VALO360 - DEBUG - 配置已備份至: backup\setup_backup_20250730_144555.json
2025-07-30 14:45:55,784 - VALO360 - DEBUG - 配置保存成功
2025-07-30 14:45:55,785 - VALO360 - DEBUG - 配置已備份至: backup\setup_backup_20250730_144555.json
2025-07-30 14:45:55,785 - VALO360 - DEBUG - 配置保存成功
2025-07-30 14:45:55,790 - VALO360 - DEBUG - 配置已備份至: backup\setup_backup_20250730_144555.json
2025-07-30 14:45:55,792 - VALO360 - DEBUG - 配置保存成功
2025-07-30 14:45:55,792 - VALO360 - DEBUG - 配置已備份至: backup\setup_backup_20250730_144555.json
2025-07-30 14:45:55,796 - VALO360 - DEBUG - 配置保存成功
2025-07-30 14:45:55,796 - VALO360 - DEBUG - 配置已備份至: backup\setup_backup_20250730_144555.json
2025-07-30 14:45:55,798 - VALO360 - DEBUG - 配置保存成功
2025-07-30 14:45:55,800 - VALO360 - DEBUG - 配置已備份至: backup\setup_backup_20250730_144555.json
2025-07-30 14:45:55,802 - VALO360 - DEBUG - 配置保存成功
2025-07-30 14:45:55,804 - VALO360 - DEBUG - 配置已備份至: backup\setup_backup_20250730_144555.json
2025-07-30 14:45:55,806 - VALO360 - DEBUG - 配置保存成功
2025-07-30 14:45:55,808 - VALO360 - DEBUG - 配置已備份至: backup\setup_backup_20250730_144555.json
2025-07-30 14:45:55,810 - VALO360 - DEBUG - 配置保存成功
2025-07-30 14:45:55,810 - VALO360 - DEBUG - 配置已備份至: backup\setup_backup_20250730_144555.json
2025-07-30 14:45:55,814 - VALO360 - DEBUG - 配置保存成功
2025-07-30 14:45:55,814 - VALO360 - DEBUG - 配置已備份至: backup\setup_backup_20250730_144555.json
2025-07-30 14:45:55,816 - VALO360 - DEBUG - 配置保存成功
2025-07-30 14:45:55,818 - VALO360 - DEBUG - 配置已備份至: backup\setup_backup_20250730_144555.json
2025-07-30 14:45:55,820 - VALO360 - DEBUG - 配置保存成功
2025-07-30 14:45:55,822 - VALO360 - DEBUG - 配置已備份至: backup\setup_backup_20250730_144555.json
2025-07-30 14:45:55,823 - VALO360 - DEBUG - 配置保存成功
2025-07-30 14:45:55,825 - VALO360 - DEBUG - 配置已備份至: backup\setup_backup_20250730_144555.json
2025-07-30 14:45:55,827 - VALO360 - DEBUG - 配置保存成功
2025-07-30 14:45:55,829 - VALO360 - DEBUG - 配置已備份至: backup\setup_backup_20250730_144555.json
2025-07-30 14:45:55,831 - VALO360 - DEBUG - 配置保存成功
2025-07-30 14:45:55,832 - VALO360 - DEBUG - 配置已備份至: backup\setup_backup_20250730_144555.json
2025-07-30 14:45:55,836 - VALO360 - DEBUG - 配置保存成功
2025-07-30 14:45:55,837 - VALO360 - DEBUG - 配置已備份至: backup\setup_backup_20250730_144555.json
2025-07-30 14:45:55,837 - VALO360 - DEBUG - 配置保存成功
2025-07-30 14:45:55,840 - VALO360 - DEBUG - 配置已備份至: backup\setup_backup_20250730_144555.json
2025-07-30 14:45:55,843 - VALO360 - DEBUG - 配置保存成功
2025-07-30 14:45:55,843 - VALO360 - DEBUG - 配置已備份至: backup\setup_backup_20250730_144555.json
2025-07-30 14:45:55,845 - VALO360 - DEBUG - 配置保存成功
2025-07-30 14:45:55,847 - VALO360 - DEBUG - 配置已備份至: backup\setup_backup_20250730_144555.json
2025-07-30 14:45:55,849 - VALO360 - DEBUG - 配置保存成功
2025-07-30 14:45:55,851 - VALO360 - DEBUG - 配置已備份至: backup\setup_backup_20250730_144555.json
2025-07-30 14:45:55,852 - VALO360 - DEBUG - 配置保存成功
2025-07-30 14:45:55,854 - VALO360 - DEBUG - 配置已備份至: backup\setup_backup_20250730_144555.json
2025-07-30 14:45:55,854 - VALO360 - DEBUG - 配置保存成功
2025-07-30 14:45:55,857 - VALO360 - DEBUG - 配置已備份至: backup\setup_backup_20250730_144555.json
2025-07-30 14:45:55,857 - VALO360 - DEBUG - 配置保存成功
2025-07-30 14:45:55,861 - VALO360 - DEBUG - 配置已備份至: backup\setup_backup_20250730_144555.json
2025-07-30 14:45:55,863 - VALO360 - DEBUG - 配置保存成功
2025-07-30 14:45:55,863 - VALO360 - DEBUG - 配置已備份至: backup\setup_backup_20250730_144555.json
2025-07-30 14:45:55,867 - VALO360 - DEBUG - 配置保存成功
2025-07-30 14:45:55,867 - VALO360 - DEBUG - 配置已備份至: backup\setup_backup_20250730_144555.json
2025-07-30 14:45:55,870 - VALO360 - DEBUG - 配置保存成功
2025-07-30 14:45:55,871 - VALO360 - DEBUG - 配置已備份至: backup\setup_backup_20250730_144555.json
2025-07-30 14:45:55,873 - VALO360 - DEBUG - 配置保存成功
2025-07-30 14:45:55,875 - VALO360 - DEBUG - 配置已備份至: backup\setup_backup_20250730_144555.json
2025-07-30 14:45:55,877 - VALO360 - DEBUG - 配置保存成功
2025-07-30 14:45:55,879 - VALO360 - DEBUG - 配置已備份至: backup\setup_backup_20250730_144555.json
2025-07-30 14:45:55,881 - VALO360 - DEBUG - 配置保存成功
2025-07-30 14:45:55,881 - VALO360 - DEBUG - 配置已備份至: backup\setup_backup_20250730_144555.json
2025-07-30 14:45:55,885 - VALO360 - DEBUG - 配置保存成功
2025-07-30 14:45:55,885 - VALO360 - DEBUG - 配置已備份至: backup\setup_backup_20250730_144555.json
2025-07-30 14:45:55,887 - VALO360 - DEBUG - 配置保存成功
2025-07-30 14:45:55,889 - VALO360 - DEBUG - 配置已備份至: backup\setup_backup_20250730_144555.json
2025-07-30 14:45:55,893 - VALO360 - DEBUG - 配置保存成功
2025-07-30 14:45:55,893 - VALO360 - DEBUG - 配置已備份至: backup\setup_backup_20250730_144555.json
2025-07-30 14:45:55,896 - VALO360 - DEBUG - 配置保存成功
2025-07-30 14:45:55,896 - VALO360 - DEBUG - 配置已備份至: backup\setup_backup_20250730_144555.json
2025-07-30 14:45:55,899 - VALO360 - DEBUG - 配置保存成功
2025-07-30 14:45:55,901 - VALO360 - DEBUG - 配置已備份至: backup\setup_backup_20250730_144555.json
2025-07-30 14:45:55,904 - VALO360 - DEBUG - 配置保存成功
2025-07-30 14:45:55,906 - VALO360 - DEBUG - 配置已備份至: backup\setup_backup_20250730_144555.json
2025-07-30 14:45:55,908 - VALO360 - DEBUG - 配置保存成功
2025-07-30 14:45:55,909 - VALO360 - DEBUG - 配置已備份至: backup\setup_backup_20250730_144555.json
2025-07-30 14:45:55,909 - VALO360 - DEBUG - 配置保存成功
2025-07-30 14:45:55,912 - VALO360 - DEBUG - 配置已備份至: backup\setup_backup_20250730_144555.json
2025-07-30 14:45:55,914 - VALO360 - DEBUG - 配置保存成功
2025-07-30 14:45:55,916 - VALO360 - DEBUG - 配置已備份至: backup\setup_backup_20250730_144555.json
2025-07-30 14:45:55,918 - VALO360 - DEBUG - 配置保存成功
2025-07-30 14:45:55,918 - VALO360 - DEBUG - 配置已備份至: backup\setup_backup_20250730_144555.json
2025-07-30 14:45:55,918 - VALO360 - DEBUG - 配置保存成功
2025-07-30 14:45:55,924 - VALO360 - DEBUG - 配置已備份至: backup\setup_backup_20250730_144555.json
2025-07-30 14:45:55,925 - VALO360 - DEBUG - 配置保存成功
2025-07-30 14:45:55,928 - VALO360 - DEBUG - 配置已備份至: backup\setup_backup_20250730_144555.json
2025-07-30 14:45:55,929 - VALO360 - DEBUG - 配置保存成功
2025-07-30 14:45:55,929 - VALO360 - DEBUG - 配置已備份至: backup\setup_backup_20250730_144555.json
2025-07-30 14:45:55,933 - VALO360 - DEBUG - 配置保存成功
2025-07-30 14:45:55,935 - VALO360 - DEBUG - 配置已備份至: backup\setup_backup_20250730_144555.json
2025-07-30 14:45:55,937 - VALO360 - DEBUG - 配置保存成功
2025-07-30 14:45:55,939 - VALO360 - DEBUG - 配置已備份至: backup\setup_backup_20250730_144555.json
2025-07-30 14:45:55,940 - VALO360 - DEBUG - 配置保存成功
2025-07-30 14:45:55,940 - VALO360 - DEBUG - 配置已備份至: backup\setup_backup_20250730_144555.json
2025-07-30 14:45:55,944 - VALO360 - DEBUG - 配置保存成功
2025-07-30 14:45:55,946 - VALO360 - DEBUG - 配置已備份至: backup\setup_backup_20250730_144555.json
2025-07-30 14:45:55,946 - VALO360 - DEBUG - 配置保存成功
2025-07-30 14:45:55,946 - VALO360 - DEBUG - 配置已備份至: backup\setup_backup_20250730_144555.json
2025-07-30 14:45:55,952 - VALO360 - DEBUG - 配置保存成功
2025-07-30 14:45:55,954 - VALO360 - DEBUG - 配置已備份至: backup\setup_backup_20250730_144555.json
2025-07-30 14:45:55,957 - VALO360 - DEBUG - 配置保存成功
2025-07-30 14:45:55,958 - VALO360 - DEBUG - 配置已備份至: backup\setup_backup_20250730_144555.json
2025-07-30 14:45:55,958 - VALO360 - DEBUG - 配置保存成功
2025-07-30 14:45:55,961 - VALO360 - DEBUG - 配置已備份至: backup\setup_backup_20250730_144555.json
2025-07-30 14:45:55,963 - VALO360 - DEBUG - 配置保存成功
2025-07-30 14:45:55,966 - VALO360 - DEBUG - 配置已備份至: backup\setup_backup_20250730_144555.json
2025-07-30 14:45:55,968 - VALO360 - DEBUG - 配置保存成功
2025-07-30 14:45:55,968 - VALO360 - DEBUG - 配置已備份至: backup\setup_backup_20250730_144555.json
2025-07-30 14:45:55,971 - VALO360 - DEBUG - 配置保存成功
2025-07-30 14:45:55,973 - VALO360 - DEBUG - 配置已備份至: backup\setup_backup_20250730_144555.json
2025-07-30 14:45:55,975 - VALO360 - DEBUG - 配置保存成功
2025-07-30 14:45:55,976 - VALO360 - DEBUG - 配置已備份至: backup\setup_backup_20250730_144555.json
2025-07-30 14:45:55,977 - VALO360 - DEBUG - 配置保存成功
2025-07-30 14:45:55,980 - VALO360 - DEBUG - 配置已備份至: backup\setup_backup_20250730_144555.json
2025-07-30 14:45:55,982 - VALO360 - DEBUG - 配置保存成功
2025-07-30 14:45:55,984 - VALO360 - DEBUG - 配置已備份至: backup\setup_backup_20250730_144555.json
2025-07-30 14:45:55,987 - VALO360 - DEBUG - 配置保存成功
2025-07-30 14:45:55,988 - VALO360 - DEBUG - 配置已備份至: backup\setup_backup_20250730_144555.json
2025-07-30 14:45:55,991 - VALO360 - DEBUG - 配置保存成功
2025-07-30 14:45:55,992 - VALO360 - DEBUG - 配置已備份至: backup\setup_backup_20250730_144555.json
2025-07-30 14:45:55,994 - VALO360 - DEBUG - 配置保存成功
2025-07-30 14:45:55,995 - VALO360 - DEBUG - 配置已備份至: backup\setup_backup_20250730_144555.json
2025-07-30 14:45:55,999 - VALO360 - DEBUG - 配置保存成功
2025-07-30 14:45:55,999 - VALO360 - DEBUG - 配置已備份至: backup\setup_backup_20250730_144555.json
2025-07-30 14:45:56,002 - VALO360 - DEBUG - 配置保存成功
2025-07-30 14:45:56,003 - VALO360 - DEBUG - 配置已備份至: backup\setup_backup_20250730_144556.json
2025-07-30 14:45:56,005 - VALO360 - DEBUG - 已刪除舊備份: backup\setup_backup_20250730_144224.json
2025-07-30 14:45:56,005 - VALO360 - DEBUG - 配置保存成功
2025-07-30 14:45:56,007 - VALO360 - DEBUG - 配置已備份至: backup\setup_backup_20250730_144556.json
2025-07-30 14:45:56,010 - VALO360 - DEBUG - 配置保存成功
2025-07-30 14:45:56,045 - VALO360 - DEBUG - 配置已備份至: backup\setup_backup_20250730_144556.json
2025-07-30 14:45:56,045 - VALO360 - DEBUG - 配置保存成功
2025-07-30 14:45:56,052 - VALO360 - DEBUG - 配置已備份至: backup\setup_backup_20250730_144556.json
2025-07-30 14:45:56,054 - VALO360 - DEBUG - 配置保存成功
2025-07-30 14:45:56,055 - VALO360 - DEBUG - 配置已備份至: backup\setup_backup_20250730_144556.json
2025-07-30 14:45:56,057 - VALO360 - DEBUG - 配置保存成功
2025-07-30 14:45:56,058 - VALO360 - DEBUG - 配置已備份至: backup\setup_backup_20250730_144556.json
2025-07-30 14:45:56,060 - VALO360 - DEBUG - 配置保存成功
2025-07-30 14:45:56,063 - VALO360 - DEBUG - 配置已備份至: backup\setup_backup_20250730_144556.json
2025-07-30 14:45:56,066 - VALO360 - DEBUG - 配置保存成功
2025-07-30 14:45:56,067 - VALO360 - DEBUG - 配置已備份至: backup\setup_backup_20250730_144556.json
2025-07-30 14:45:56,068 - VALO360 - DEBUG - 配置保存成功
2025-07-30 14:45:56,070 - VALO360 - DEBUG - 配置已備份至: backup\setup_backup_20250730_144556.json
2025-07-30 14:45:56,071 - VALO360 - DEBUG - 配置保存成功
2025-07-30 14:45:56,073 - VALO360 - DEBUG - 配置已備份至: backup\setup_backup_20250730_144556.json
2025-07-30 14:45:56,075 - VALO360 - DEBUG - 配置保存成功
2025-07-30 14:45:56,078 - VALO360 - DEBUG - 配置已備份至: backup\setup_backup_20250730_144556.json
2025-07-30 14:45:56,078 - VALO360 - DEBUG - 配置保存成功
2025-07-30 14:45:56,082 - VALO360 - DEBUG - 配置已備份至: backup\setup_backup_20250730_144556.json
2025-07-30 14:45:56,082 - VALO360 - DEBUG - 配置保存成功
2025-07-30 14:45:56,082 - VALO360 - DEBUG - 配置已備份至: backup\setup_backup_20250730_144556.json
2025-07-30 14:45:56,088 - VALO360 - DEBUG - 配置保存成功
2025-07-30 14:45:56,088 - VALO360 - DEBUG - 配置已備份至: backup\setup_backup_20250730_144556.json
2025-07-30 14:45:56,090 - VALO360 - DEBUG - 配置保存成功
2025-07-30 14:45:56,095 - VALO360 - DEBUG - 配置已備份至: backup\setup_backup_20250730_144556.json
2025-07-30 14:45:56,098 - VALO360 - DEBUG - 配置保存成功
2025-07-30 14:45:56,098 - VALO360 - DEBUG - 配置已備份至: backup\setup_backup_20250730_144556.json
2025-07-30 14:45:56,098 - VALO360 - DEBUG - 配置保存成功
2025-07-30 14:45:56,098 - VALO360 - DEBUG - 配置已備份至: backup\setup_backup_20250730_144556.json
2025-07-30 14:45:56,105 - VALO360 - DEBUG - 配置保存成功
2025-07-30 14:45:56,106 - VALO360 - DEBUG - 配置已備份至: backup\setup_backup_20250730_144556.json
2025-07-30 14:45:56,109 - VALO360 - DEBUG - 配置保存成功
2025-07-30 14:45:56,109 - VALO360 - DEBUG - 配置已備份至: backup\setup_backup_20250730_144556.json
2025-07-30 14:45:56,113 - VALO360 - DEBUG - 配置保存成功
2025-07-30 14:45:56,115 - VALO360 - DEBUG - 配置已備份至: backup\setup_backup_20250730_144556.json
2025-07-30 14:45:56,117 - VALO360 - DEBUG - 配置保存成功
2025-07-30 14:45:56,118 - VALO360 - DEBUG - 配置已備份至: backup\setup_backup_20250730_144556.json
2025-07-30 14:45:56,120 - VALO360 - DEBUG - 配置保存成功
2025-07-30 14:45:56,122 - VALO360 - DEBUG - 配置已備份至: backup\setup_backup_20250730_144556.json
2025-07-30 14:45:56,124 - VALO360 - DEBUG - 配置保存成功
2025-07-30 14:45:56,127 - VALO360 - DEBUG - 配置已備份至: backup\setup_backup_20250730_144556.json
2025-07-30 14:45:56,129 - VALO360 - DEBUG - 配置保存成功
2025-07-30 14:45:56,129 - VALO360 - DEBUG - 配置已備份至: backup\setup_backup_20250730_144556.json
2025-07-30 14:45:56,133 - VALO360 - DEBUG - 配置保存成功
2025-07-30 14:45:56,134 - VALO360 - DEBUG - 配置已備份至: backup\setup_backup_20250730_144556.json
2025-07-30 14:45:56,135 - VALO360 - DEBUG - 配置保存成功
2025-07-30 14:45:56,137 - VALO360 - DEBUG - 配置已備份至: backup\setup_backup_20250730_144556.json
2025-07-30 14:45:56,140 - VALO360 - DEBUG - 配置保存成功
2025-07-30 14:45:56,142 - VALO360 - DEBUG - 配置已備份至: backup\setup_backup_20250730_144556.json
2025-07-30 14:45:56,144 - VALO360 - DEBUG - 配置保存成功
2025-07-30 14:45:56,144 - VALO360 - DEBUG - 配置已備份至: backup\setup_backup_20250730_144556.json
2025-07-30 14:45:56,147 - VALO360 - DEBUG - 配置保存成功
2025-07-30 14:45:56,149 - VALO360 - DEBUG - 配置已備份至: backup\setup_backup_20250730_144556.json
2025-07-30 14:45:56,151 - VALO360 - DEBUG - 配置保存成功
2025-07-30 14:45:56,151 - VALO360 - DEBUG - 配置已備份至: backup\setup_backup_20250730_144556.json
2025-07-30 14:45:56,153 - VALO360 - DEBUG - 配置保存成功
2025-07-30 14:45:56,155 - VALO360 - DEBUG - 配置已備份至: backup\setup_backup_20250730_144556.json
2025-07-30 14:45:56,160 - VALO360 - DEBUG - 配置保存成功
2025-07-30 14:45:56,161 - VALO360 - DEBUG - 配置已備份至: backup\setup_backup_20250730_144556.json
2025-07-30 14:45:56,163 - VALO360 - DEBUG - 配置保存成功
2025-07-30 14:45:56,164 - VALO360 - DEBUG - 配置已備份至: backup\setup_backup_20250730_144556.json
2025-07-30 14:45:56,166 - VALO360 - DEBUG - 配置保存成功
2025-07-30 14:45:56,168 - VALO360 - DEBUG - 配置已備份至: backup\setup_backup_20250730_144556.json
2025-07-30 14:45:56,169 - VALO360 - DEBUG - 配置保存成功
2025-07-30 14:45:56,171 - VALO360 - DEBUG - 配置已備份至: backup\setup_backup_20250730_144556.json
2025-07-30 14:45:56,174 - VALO360 - DEBUG - 配置保存成功
2025-07-30 14:45:56,175 - VALO360 - DEBUG - 配置已備份至: backup\setup_backup_20250730_144556.json
2025-07-30 14:45:56,178 - VALO360 - DEBUG - 配置保存成功
2025-07-30 14:45:56,179 - VALO360 - DEBUG - 配置已備份至: backup\setup_backup_20250730_144556.json
2025-07-30 14:45:56,179 - VALO360 - DEBUG - 配置保存成功
2025-07-30 14:45:56,182 - VALO360 - DEBUG - 配置已備份至: backup\setup_backup_20250730_144556.json
2025-07-30 14:45:56,185 - VALO360 - DEBUG - 配置保存成功
2025-07-30 14:45:56,186 - VALO360 - DEBUG - 配置已備份至: backup\setup_backup_20250730_144556.json
2025-07-30 14:45:56,188 - VALO360 - DEBUG - 配置保存成功
2025-07-30 14:45:56,188 - VALO360 - DEBUG - 配置已備份至: backup\setup_backup_20250730_144556.json
2025-07-30 14:45:56,188 - VALO360 - DEBUG - 配置保存成功
2025-07-30 14:45:56,193 - VALO360 - DEBUG - 配置已備份至: backup\setup_backup_20250730_144556.json
2025-07-30 14:45:56,193 - VALO360 - DEBUG - 配置保存成功
2025-07-30 14:45:56,193 - VALO360 - DEBUG - 配置已備份至: backup\setup_backup_20250730_144556.json
2025-07-30 14:45:56,199 - VALO360 - DEBUG - 配置保存成功
2025-07-30 14:45:56,201 - VALO360 - DEBUG - 配置已備份至: backup\setup_backup_20250730_144556.json
2025-07-30 14:45:56,204 - VALO360 - DEBUG - 配置保存成功
2025-07-30 14:45:56,204 - VALO360 - DEBUG - 配置已備份至: backup\setup_backup_20250730_144556.json
2025-07-30 14:45:56,206 - VALO360 - DEBUG - 配置保存成功
2025-07-30 14:45:56,208 - VALO360 - DEBUG - 配置已備份至: backup\setup_backup_20250730_144556.json
2025-07-30 14:45:56,210 - VALO360 - DEBUG - 配置保存成功
2025-07-30 14:45:56,211 - VALO360 - DEBUG - 配置已備份至: backup\setup_backup_20250730_144556.json
2025-07-30 14:45:56,211 - VALO360 - DEBUG - 配置保存成功
2025-07-30 14:45:56,215 - VALO360 - DEBUG - 配置已備份至: backup\setup_backup_20250730_144556.json
2025-07-30 14:45:56,215 - VALO360 - DEBUG - 配置保存成功
2025-07-30 14:45:56,219 - VALO360 - DEBUG - 配置已備份至: backup\setup_backup_20250730_144556.json
2025-07-30 14:45:56,221 - VALO360 - DEBUG - 配置保存成功
2025-07-30 14:45:56,221 - VALO360 - DEBUG - 配置已備份至: backup\setup_backup_20250730_144556.json
2025-07-30 14:45:56,225 - VALO360 - DEBUG - 配置保存成功
2025-07-30 14:45:56,226 - VALO360 - DEBUG - 配置已備份至: backup\setup_backup_20250730_144556.json
2025-07-30 14:45:56,227 - VALO360 - DEBUG - 配置保存成功
2025-07-30 14:45:56,230 - VALO360 - DEBUG - 配置已備份至: backup\setup_backup_20250730_144556.json
2025-07-30 14:45:56,231 - VALO360 - DEBUG - 配置保存成功
2025-07-30 14:45:56,233 - VALO360 - DEBUG - 配置已備份至: backup\setup_backup_20250730_144556.json
2025-07-30 14:45:56,235 - VALO360 - DEBUG - 配置保存成功
2025-07-30 14:45:56,236 - VALO360 - DEBUG - 配置已備份至: backup\setup_backup_20250730_144556.json
2025-07-30 14:45:56,239 - VALO360 - DEBUG - 配置保存成功
2025-07-30 14:45:56,240 - VALO360 - DEBUG - 配置已備份至: backup\setup_backup_20250730_144556.json
2025-07-30 14:45:56,241 - VALO360 - DEBUG - 配置保存成功
2025-07-30 14:45:56,245 - VALO360 - DEBUG - 配置已備份至: backup\setup_backup_20250730_144556.json
2025-07-30 14:45:56,247 - VALO360 - DEBUG - 配置保存成功
2025-07-30 14:45:56,249 - VALO360 - DEBUG - 配置已備份至: backup\setup_backup_20250730_144556.json
2025-07-30 14:45:56,249 - VALO360 - DEBUG - 配置保存成功
2025-07-30 14:45:56,252 - VALO360 - DEBUG - 配置已備份至: backup\setup_backup_20250730_144556.json
2025-07-30 14:45:56,253 - VALO360 - DEBUG - 配置保存成功
2025-07-30 14:45:56,255 - VALO360 - DEBUG - 配置已備份至: backup\setup_backup_20250730_144556.json
2025-07-30 14:45:56,257 - VALO360 - DEBUG - 配置保存成功
2025-07-30 14:45:56,259 - VALO360 - DEBUG - 配置已備份至: backup\setup_backup_20250730_144556.json
2025-07-30 14:45:56,262 - VALO360 - DEBUG - 配置保存成功
2025-07-30 14:45:56,262 - VALO360 - DEBUG - 配置已備份至: backup\setup_backup_20250730_144556.json
2025-07-30 14:45:56,265 - VALO360 - DEBUG - 配置保存成功
2025-07-30 14:45:56,267 - VALO360 - DEBUG - 配置已備份至: backup\setup_backup_20250730_144556.json
2025-07-30 14:45:56,269 - VALO360 - DEBUG - 配置保存成功
2025-07-30 14:45:56,271 - VALO360 - DEBUG - 配置已備份至: backup\setup_backup_20250730_144556.json
2025-07-30 14:45:56,271 - VALO360 - DEBUG - 配置保存成功
2025-07-30 14:45:56,271 - VALO360 - DEBUG - 配置已備份至: backup\setup_backup_20250730_144556.json
2025-07-30 14:45:56,278 - VALO360 - DEBUG - 配置保存成功
2025-07-30 14:45:56,280 - VALO360 - DEBUG - 配置已備份至: backup\setup_backup_20250730_144556.json
2025-07-30 14:45:56,282 - VALO360 - DEBUG - 配置保存成功
2025-07-30 14:45:56,283 - VALO360 - DEBUG - 配置已備份至: backup\setup_backup_20250730_144556.json
2025-07-30 14:45:56,286 - VALO360 - DEBUG - 配置保存成功
2025-07-30 14:45:56,287 - VALO360 - DEBUG - 配置已備份至: backup\setup_backup_20250730_144556.json
2025-07-30 14:45:56,290 - VALO360 - DEBUG - 配置保存成功
2025-07-30 14:45:56,290 - VALO360 - DEBUG - 配置已備份至: backup\setup_backup_20250730_144556.json
2025-07-30 14:45:56,290 - VALO360 - DEBUG - 配置保存成功
2025-07-30 14:45:56,295 - VALO360 - DEBUG - 配置已備份至: backup\setup_backup_20250730_144556.json
2025-07-30 14:45:56,296 - VALO360 - DEBUG - 配置保存成功
2025-07-30 14:45:56,298 - VALO360 - DEBUG - 配置已備份至: backup\setup_backup_20250730_144556.json
2025-07-30 14:45:56,300 - VALO360 - DEBUG - 配置保存成功
2025-07-30 14:45:56,300 - VALO360 - DEBUG - 配置已備份至: backup\setup_backup_20250730_144556.json
2025-07-30 14:45:56,303 - VALO360 - DEBUG - 配置保存成功
2025-07-30 14:45:56,305 - VALO360 - DEBUG - 配置已備份至: backup\setup_backup_20250730_144556.json
2025-07-30 14:45:56,305 - VALO360 - DEBUG - 配置保存成功
2025-07-30 14:45:56,305 - VALO360 - DEBUG - 配置已備份至: backup\setup_backup_20250730_144556.json
2025-07-30 14:45:56,310 - VALO360 - DEBUG - 配置保存成功
2025-07-30 14:45:56,312 - VALO360 - DEBUG - 配置已備份至: backup\setup_backup_20250730_144556.json
2025-07-30 14:45:56,313 - VALO360 - DEBUG - 配置保存成功
2025-07-30 14:45:56,316 - VALO360 - DEBUG - 配置已備份至: backup\setup_backup_20250730_144556.json
2025-07-30 14:45:56,317 - VALO360 - DEBUG - 配置保存成功
2025-07-30 14:45:56,319 - VALO360 - DEBUG - 配置已備份至: backup\setup_backup_20250730_144556.json
2025-07-30 14:45:56,322 - VALO360 - DEBUG - 配置保存成功
2025-07-30 14:45:56,323 - VALO360 - DEBUG - 配置已備份至: backup\setup_backup_20250730_144556.json
2025-07-30 14:45:56,326 - VALO360 - DEBUG - 配置保存成功
2025-07-30 14:45:56,327 - VALO360 - DEBUG - 配置已備份至: backup\setup_backup_20250730_144556.json
2025-07-30 14:45:56,329 - VALO360 - DEBUG - 配置保存成功
2025-07-30 14:45:56,330 - VALO360 - DEBUG - 配置已備份至: backup\setup_backup_20250730_144556.json
2025-07-30 14:45:56,332 - VALO360 - DEBUG - 配置保存成功
2025-07-30 14:45:56,335 - VALO360 - DEBUG - 配置已備份至: backup\setup_backup_20250730_144556.json
2025-07-30 14:45:56,335 - VALO360 - DEBUG - 配置保存成功
2025-07-30 14:45:56,335 - VALO360 - DEBUG - 配置已備份至: backup\setup_backup_20250730_144556.json
2025-07-30 14:45:56,339 - VALO360 - DEBUG - 配置保存成功
2025-07-30 14:45:56,341 - VALO360 - DEBUG - 配置已備份至: backup\setup_backup_20250730_144556.json
2025-07-30 14:45:56,343 - VALO360 - DEBUG - 配置保存成功
2025-07-30 14:45:56,344 - VALO360 - DEBUG - 配置已備份至: backup\setup_backup_20250730_144556.json
2025-07-30 14:45:56,346 - VALO360 - DEBUG - 配置保存成功
2025-07-30 14:45:56,348 - VALO360 - DEBUG - 配置已備份至: backup\setup_backup_20250730_144556.json
2025-07-30 14:45:56,351 - VALO360 - DEBUG - 配置保存成功
2025-07-30 14:45:56,352 - VALO360 - DEBUG - 配置已備份至: backup\setup_backup_20250730_144556.json
2025-07-30 14:45:56,354 - VALO360 - DEBUG - 配置保存成功
2025-07-30 14:45:56,354 - VALO360 - DEBUG - 配置已備份至: backup\setup_backup_20250730_144556.json
2025-07-30 14:45:56,356 - VALO360 - DEBUG - 配置保存成功
2025-07-30 14:45:56,358 - VALO360 - DEBUG - 配置已備份至: backup\setup_backup_20250730_144556.json
2025-07-30 14:45:56,361 - VALO360 - DEBUG - 配置保存成功
2025-07-30 14:45:56,363 - VALO360 - DEBUG - 配置已備份至: backup\setup_backup_20250730_144556.json
2025-07-30 14:45:56,365 - VALO360 - DEBUG - 配置保存成功
2025-07-30 14:45:56,365 - VALO360 - DEBUG - 配置已備份至: backup\setup_backup_20250730_144556.json
2025-07-30 14:45:56,367 - VALO360 - DEBUG - 配置保存成功
2025-07-30 14:45:56,369 - VALO360 - DEBUG - 配置已備份至: backup\setup_backup_20250730_144556.json
2025-07-30 14:45:56,371 - VALO360 - DEBUG - 配置保存成功
2025-07-30 14:45:56,373 - VALO360 - DEBUG - 配置已備份至: backup\setup_backup_20250730_144556.json
2025-07-30 14:45:56,375 - VALO360 - DEBUG - 配置保存成功
2025-07-30 14:45:56,377 - VALO360 - DEBUG - 配置已備份至: backup\setup_backup_20250730_144556.json
2025-07-30 14:45:56,379 - VALO360 - DEBUG - 配置保存成功
2025-07-30 14:45:56,381 - VALO360 - DEBUG - 配置已備份至: backup\setup_backup_20250730_144556.json
2025-07-30 14:45:56,383 - VALO360 - DEBUG - 配置保存成功
2025-07-30 14:45:56,383 - VALO360 - DEBUG - 配置已備份至: backup\setup_backup_20250730_144556.json
2025-07-30 14:45:56,385 - VALO360 - DEBUG - 配置保存成功
2025-07-30 14:45:56,387 - VALO360 - DEBUG - 配置已備份至: backup\setup_backup_20250730_144556.json
2025-07-30 14:45:56,389 - VALO360 - DEBUG - 配置保存成功
2025-07-30 14:45:56,392 - VALO360 - DEBUG - 配置已備份至: backup\setup_backup_20250730_144556.json
2025-07-30 14:45:56,394 - VALO360 - DEBUG - 配置保存成功
2025-07-30 14:45:56,396 - VALO360 - DEBUG - 配置已備份至: backup\setup_backup_20250730_144556.json
2025-07-30 14:45:56,398 - VALO360 - DEBUG - 配置保存成功
2025-07-30 14:45:56,398 - VALO360 - DEBUG - 配置已備份至: backup\setup_backup_20250730_144556.json
2025-07-30 14:45:56,401 - VALO360 - DEBUG - 配置保存成功
2025-07-30 14:45:56,403 - VALO360 - DEBUG - 配置已備份至: backup\setup_backup_20250730_144556.json
2025-07-30 14:45:56,405 - VALO360 - DEBUG - 配置保存成功
2025-07-30 14:45:56,409 - VALO360 - DEBUG - 配置已備份至: backup\setup_backup_20250730_144556.json
2025-07-30 14:45:56,411 - VALO360 - DEBUG - 配置保存成功
2025-07-30 14:45:56,413 - VALO360 - DEBUG - 配置已備份至: backup\setup_backup_20250730_144556.json
2025-07-30 14:45:56,416 - VALO360 - DEBUG - 配置保存成功
2025-07-30 14:45:56,416 - VALO360 - DEBUG - 配置已備份至: backup\setup_backup_20250730_144556.json
2025-07-30 14:45:56,420 - VALO360 - DEBUG - 配置保存成功
2025-07-30 14:45:56,420 - VALO360 - DEBUG - 配置已備份至: backup\setup_backup_20250730_144556.json
2025-07-30 14:45:56,422 - VALO360 - DEBUG - 配置保存成功
2025-07-30 14:45:56,426 - VALO360 - DEBUG - 配置已備份至: backup\setup_backup_20250730_144556.json
2025-07-30 14:45:56,428 - VALO360 - DEBUG - 配置保存成功
2025-07-30 14:45:56,428 - VALO360 - DEBUG - 配置已備份至: backup\setup_backup_20250730_144556.json
2025-07-30 14:45:56,432 - VALO360 - DEBUG - 配置保存成功
2025-07-30 14:45:56,432 - VALO360 - DEBUG - 配置已備份至: backup\setup_backup_20250730_144556.json
2025-07-30 14:45:56,434 - VALO360 - DEBUG - 配置保存成功
2025-07-30 14:45:56,436 - VALO360 - DEBUG - 配置已備份至: backup\setup_backup_20250730_144556.json
2025-07-30 14:45:56,438 - VALO360 - DEBUG - 配置保存成功
2025-07-30 14:45:56,440 - VALO360 - DEBUG - 配置已備份至: backup\setup_backup_20250730_144556.json
2025-07-30 14:45:56,444 - VALO360 - DEBUG - 配置保存成功
2025-07-30 14:45:56,444 - VALO360 - DEBUG - 配置已備份至: backup\setup_backup_20250730_144556.json
2025-07-30 14:45:56,446 - VALO360 - DEBUG - 配置保存成功
2025-07-30 14:45:56,448 - VALO360 - DEBUG - 配置已備份至: backup\setup_backup_20250730_144556.json
2025-07-30 14:45:56,450 - VALO360 - DEBUG - 配置保存成功
2025-07-30 14:45:56,452 - VALO360 - DEBUG - 配置已備份至: backup\setup_backup_20250730_144556.json
2025-07-30 14:45:56,454 - VALO360 - DEBUG - 配置保存成功
2025-07-30 14:45:56,456 - VALO360 - DEBUG - 配置已備份至: backup\setup_backup_20250730_144556.json
2025-07-30 14:45:56,458 - VALO360 - DEBUG - 配置保存成功
2025-07-30 14:45:56,460 - VALO360 - DEBUG - 配置已備份至: backup\setup_backup_20250730_144556.json
2025-07-30 14:45:56,465 - VALO360 - DEBUG - 配置保存成功
2025-07-30 14:45:56,465 - VALO360 - DEBUG - 配置已備份至: backup\setup_backup_20250730_144556.json
2025-07-30 14:45:56,467 - VALO360 - DEBUG - 配置保存成功
2025-07-30 14:45:56,469 - VALO360 - DEBUG - 配置已備份至: backup\setup_backup_20250730_144556.json
2025-07-30 14:45:56,472 - VALO360 - DEBUG - 配置保存成功
2025-07-30 14:45:56,474 - VALO360 - DEBUG - 配置已備份至: backup\setup_backup_20250730_144556.json
2025-07-30 14:45:56,476 - VALO360 - DEBUG - 配置保存成功
2025-07-30 14:45:56,478 - VALO360 - DEBUG - 配置已備份至: backup\setup_backup_20250730_144556.json
2025-07-30 14:45:56,480 - VALO360 - DEBUG - 配置保存成功
2025-07-30 14:45:56,481 - VALO360 - DEBUG - 配置已備份至: backup\setup_backup_20250730_144556.json
2025-07-30 14:45:56,483 - VALO360 - DEBUG - 配置保存成功
2025-07-30 14:45:56,485 - VALO360 - DEBUG - 配置已備份至: backup\setup_backup_20250730_144556.json
2025-07-30 14:45:56,487 - VALO360 - DEBUG - 配置保存成功
2025-07-30 14:45:56,489 - VALO360 - DEBUG - 配置已備份至: backup\setup_backup_20250730_144556.json
2025-07-30 14:45:56,492 - VALO360 - DEBUG - 配置保存成功
2025-07-30 14:45:56,493 - VALO360 - DEBUG - 配置已備份至: backup\setup_backup_20250730_144556.json
2025-07-30 14:45:56,495 - VALO360 - DEBUG - 配置保存成功
2025-07-30 14:45:56,495 - VALO360 - DEBUG - 配置已備份至: backup\setup_backup_20250730_144556.json
2025-07-30 14:45:56,499 - VALO360 - DEBUG - 配置保存成功
2025-07-30 14:45:56,500 - VALO360 - DEBUG - 配置已備份至: backup\setup_backup_20250730_144556.json
2025-07-30 14:45:56,502 - VALO360 - DEBUG - 配置保存成功
2025-07-30 14:45:56,502 - VALO360 - DEBUG - 配置已備份至: backup\setup_backup_20250730_144556.json
2025-07-30 14:45:56,507 - VALO360 - DEBUG - 配置保存成功
2025-07-30 14:45:56,508 - VALO360 - DEBUG - 配置已備份至: backup\setup_backup_20250730_144556.json
2025-07-30 14:45:56,510 - VALO360 - DEBUG - 配置保存成功
2025-07-30 14:45:56,511 - VALO360 - DEBUG - 配置已備份至: backup\setup_backup_20250730_144556.json
2025-07-30 14:45:56,512 - VALO360 - DEBUG - 配置保存成功
2025-07-30 14:45:56,512 - VALO360 - DEBUG - 配置已備份至: backup\setup_backup_20250730_144556.json
2025-07-30 14:45:56,516 - VALO360 - DEBUG - 配置保存成功
2025-07-30 14:45:56,518 - VALO360 - DEBUG - 配置已備份至: backup\setup_backup_20250730_144556.json
2025-07-30 14:45:56,522 - VALO360 - DEBUG - 配置保存成功
2025-07-30 14:45:56,525 - VALO360 - DEBUG - 配置已備份至: backup\setup_backup_20250730_144556.json
2025-07-30 14:45:56,526 - VALO360 - DEBUG - 配置保存成功
2025-07-30 14:45:56,528 - VALO360 - DEBUG - 配置已備份至: backup\setup_backup_20250730_144556.json
2025-07-30 14:45:56,530 - VALO360 - DEBUG - 配置保存成功
2025-07-30 14:45:56,530 - VALO360 - DEBUG - 配置已備份至: backup\setup_backup_20250730_144556.json
2025-07-30 14:45:56,535 - VALO360 - DEBUG - 配置保存成功
2025-07-30 14:45:56,537 - VALO360 - DEBUG - 配置已備份至: backup\setup_backup_20250730_144556.json
2025-07-30 14:45:56,539 - VALO360 - DEBUG - 配置保存成功
2025-07-30 14:45:56,541 - VALO360 - DEBUG - 配置已備份至: backup\setup_backup_20250730_144556.json
2025-07-30 14:45:56,543 - VALO360 - DEBUG - 配置保存成功
2025-07-30 14:45:56,545 - VALO360 - DEBUG - 配置已備份至: backup\setup_backup_20250730_144556.json
2025-07-30 14:45:56,546 - VALO360 - DEBUG - 配置保存成功
2025-07-30 14:45:56,546 - VALO360 - DEBUG - 配置已備份至: backup\setup_backup_20250730_144556.json
2025-07-30 14:45:56,549 - VALO360 - DEBUG - 配置保存成功
2025-07-30 14:45:56,551 - VALO360 - DEBUG - 配置已備份至: backup\setup_backup_20250730_144556.json
2025-07-30 14:45:56,554 - VALO360 - DEBUG - 配置保存成功
2025-07-30 14:45:56,555 - VALO360 - DEBUG - 配置已備份至: backup\setup_backup_20250730_144556.json
2025-07-30 14:45:56,555 - VALO360 - DEBUG - 配置保存成功
2025-07-30 14:45:56,555 - VALO360 - DEBUG - 配置已備份至: backup\setup_backup_20250730_144556.json
2025-07-30 14:45:56,555 - VALO360 - DEBUG - 配置保存成功
2025-07-30 14:45:56,562 - VALO360 - DEBUG - 配置已備份至: backup\setup_backup_20250730_144556.json
2025-07-30 14:45:56,564 - VALO360 - DEBUG - 配置保存成功
2025-07-30 14:45:56,566 - VALO360 - DEBUG - 配置已備份至: backup\setup_backup_20250730_144556.json
2025-07-30 14:45:56,566 - VALO360 - DEBUG - 配置保存成功
2025-07-30 14:45:56,571 - VALO360 - DEBUG - 配置已備份至: backup\setup_backup_20250730_144556.json
2025-07-30 14:45:56,574 - VALO360 - DEBUG - 配置保存成功
2025-07-30 14:45:56,575 - VALO360 - DEBUG - 配置已備份至: backup\setup_backup_20250730_144556.json
2025-07-30 14:45:56,576 - VALO360 - DEBUG - 配置保存成功
2025-07-30 14:45:56,578 - VALO360 - DEBUG - 配置已備份至: backup\setup_backup_20250730_144556.json
2025-07-30 14:45:56,579 - VALO360 - DEBUG - 配置保存成功
2025-07-30 14:45:56,579 - VALO360 - DEBUG - 配置已備份至: backup\setup_backup_20250730_144556.json
2025-07-30 14:45:56,584 - VALO360 - DEBUG - 配置保存成功
2025-07-30 14:45:56,585 - VALO360 - DEBUG - 配置已備份至: backup\setup_backup_20250730_144556.json
2025-07-30 14:45:56,587 - VALO360 - DEBUG - 配置保存成功
2025-07-30 14:45:56,588 - VALO360 - DEBUG - 配置已備份至: backup\setup_backup_20250730_144556.json
2025-07-30 14:45:56,590 - VALO360 - DEBUG - 配置保存成功
2025-07-30 14:45:56,592 - VALO360 - DEBUG - 配置已備份至: backup\setup_backup_20250730_144556.json
2025-07-30 14:45:56,594 - VALO360 - DEBUG - 配置保存成功
2025-07-30 14:45:56,594 - VALO360 - DEBUG - 配置已備份至: backup\setup_backup_20250730_144556.json
2025-07-30 14:45:56,597 - VALO360 - DEBUG - 配置保存成功
2025-07-30 14:45:56,597 - VALO360 - DEBUG - 配置已備份至: backup\setup_backup_20250730_144556.json
2025-07-30 14:45:56,600 - VALO360 - DEBUG - 配置保存成功
2025-07-30 14:45:56,602 - VALO360 - DEBUG - 配置已備份至: backup\setup_backup_20250730_144556.json
2025-07-30 14:45:56,606 - VALO360 - DEBUG - 配置保存成功
2025-07-30 14:45:56,606 - VALO360 - DEBUG - 配置已備份至: backup\setup_backup_20250730_144556.json
2025-07-30 14:45:56,610 - VALO360 - DEBUG - 配置保存成功
2025-07-30 14:45:56,611 - VALO360 - DEBUG - 配置已備份至: backup\setup_backup_20250730_144556.json
2025-07-30 14:45:56,611 - VALO360 - DEBUG - 配置保存成功
2025-07-30 14:45:56,614 - VALO360 - DEBUG - 配置已備份至: backup\setup_backup_20250730_144556.json
2025-07-30 14:45:56,614 - VALO360 - DEBUG - 配置保存成功
2025-07-30 14:45:56,618 - VALO360 - DEBUG - 配置已備份至: backup\setup_backup_20250730_144556.json
2025-07-30 14:45:56,619 - VALO360 - DEBUG - 配置保存成功
2025-07-30 14:45:56,621 - VALO360 - DEBUG - 配置已備份至: backup\setup_backup_20250730_144556.json
2025-07-30 14:45:56,621 - VALO360 - DEBUG - 配置保存成功
2025-07-30 14:45:56,624 - VALO360 - DEBUG - 配置已備份至: backup\setup_backup_20250730_144556.json
2025-07-30 14:45:56,626 - VALO360 - DEBUG - 配置保存成功
2025-07-30 14:45:56,628 - VALO360 - DEBUG - 配置已備份至: backup\setup_backup_20250730_144556.json
2025-07-30 14:45:56,629 - VALO360 - DEBUG - 配置保存成功
2025-07-30 14:45:56,631 - VALO360 - DEBUG - 配置已備份至: backup\setup_backup_20250730_144556.json
2025-07-30 14:45:56,632 - VALO360 - DEBUG - 配置保存成功
2025-07-30 14:45:56,634 - VALO360 - DEBUG - 配置已備份至: backup\setup_backup_20250730_144556.json
2025-07-30 14:45:56,636 - VALO360 - DEBUG - 配置保存成功
2025-07-30 14:45:56,638 - VALO360 - DEBUG - 配置已備份至: backup\setup_backup_20250730_144556.json
2025-07-30 14:45:56,640 - VALO360 - DEBUG - 配置保存成功
2025-07-30 14:45:56,641 - VALO360 - DEBUG - 配置已備份至: backup\setup_backup_20250730_144556.json
2025-07-30 14:45:56,642 - VALO360 - DEBUG - 配置保存成功
2025-07-30 14:45:56,644 - VALO360 - DEBUG - 配置已備份至: backup\setup_backup_20250730_144556.json
2025-07-30 14:45:56,646 - VALO360 - DEBUG - 配置保存成功
2025-07-30 14:45:56,647 - VALO360 - DEBUG - 配置已備份至: backup\setup_backup_20250730_144556.json
2025-07-30 14:45:56,649 - VALO360 - DEBUG - 配置保存成功
2025-07-30 14:45:56,650 - VALO360 - DEBUG - 配置已備份至: backup\setup_backup_20250730_144556.json
2025-07-30 14:45:56,653 - VALO360 - DEBUG - 配置保存成功
2025-07-30 14:45:56,654 - VALO360 - DEBUG - 配置已備份至: backup\setup_backup_20250730_144556.json
2025-07-30 14:45:56,654 - VALO360 - DEBUG - 配置保存成功
2025-07-30 14:45:56,657 - VALO360 - DEBUG - 配置已備份至: backup\setup_backup_20250730_144556.json
2025-07-30 14:45:56,659 - VALO360 - DEBUG - 配置保存成功
2025-07-30 14:45:56,660 - VALO360 - DEBUG - 配置已備份至: backup\setup_backup_20250730_144556.json
2025-07-30 14:45:56,662 - VALO360 - DEBUG - 配置保存成功
2025-07-30 14:45:56,664 - VALO360 - DEBUG - 配置已備份至: backup\setup_backup_20250730_144556.json
2025-07-30 14:45:56,666 - VALO360 - DEBUG - 配置保存成功
2025-07-30 14:45:56,667 - VALO360 - DEBUG - 配置已備份至: backup\setup_backup_20250730_144556.json
2025-07-30 14:45:56,669 - VALO360 - DEBUG - 配置保存成功
2025-07-30 14:45:56,671 - VALO360 - DEBUG - 配置已備份至: backup\setup_backup_20250730_144556.json
2025-07-30 14:45:56,672 - VALO360 - DEBUG - 配置保存成功
2025-07-30 14:45:56,674 - VALO360 - DEBUG - 配置已備份至: backup\setup_backup_20250730_144556.json
2025-07-30 14:45:56,676 - VALO360 - DEBUG - 配置保存成功
2025-07-30 14:45:56,678 - VALO360 - DEBUG - 配置已備份至: backup\setup_backup_20250730_144556.json
2025-07-30 14:45:56,680 - VALO360 - DEBUG - 配置保存成功
2025-07-30 14:45:56,681 - VALO360 - DEBUG - 配置已備份至: backup\setup_backup_20250730_144556.json
2025-07-30 14:45:56,681 - VALO360 - DEBUG - 配置保存成功
2025-07-30 14:45:56,685 - VALO360 - DEBUG - 配置已備份至: backup\setup_backup_20250730_144556.json
2025-07-30 14:45:56,686 - VALO360 - DEBUG - 配置保存成功
2025-07-30 14:45:56,688 - VALO360 - DEBUG - 配置已備份至: backup\setup_backup_20250730_144556.json
2025-07-30 14:45:56,688 - VALO360 - DEBUG - 配置保存成功
2025-07-30 14:45:56,692 - VALO360 - DEBUG - 配置已備份至: backup\setup_backup_20250730_144556.json
2025-07-30 14:45:56,693 - VALO360 - DEBUG - 配置保存成功
2025-07-30 14:45:56,695 - VALO360 - DEBUG - 配置已備份至: backup\setup_backup_20250730_144556.json
2025-07-30 14:45:56,696 - VALO360 - DEBUG - 配置保存成功
2025-07-30 14:45:56,698 - VALO360 - DEBUG - 配置已備份至: backup\setup_backup_20250730_144556.json
2025-07-30 14:45:56,699 - VALO360 - DEBUG - 配置保存成功
2025-07-30 14:45:56,701 - VALO360 - DEBUG - 配置已備份至: backup\setup_backup_20250730_144556.json
2025-07-30 14:45:56,703 - VALO360 - DEBUG - 配置保存成功
2025-07-30 14:45:56,705 - VALO360 - DEBUG - 配置已備份至: backup\setup_backup_20250730_144556.json
2025-07-30 14:45:56,706 - VALO360 - DEBUG - 配置保存成功
2025-07-30 14:45:56,708 - VALO360 - DEBUG - 配置已備份至: backup\setup_backup_20250730_144556.json
2025-07-30 14:45:56,709 - VALO360 - DEBUG - 配置保存成功
2025-07-30 14:45:56,711 - VALO360 - DEBUG - 配置已備份至: backup\setup_backup_20250730_144556.json
2025-07-30 14:45:56,711 - VALO360 - DEBUG - 配置保存成功
2025-07-30 14:45:56,711 - VALO360 - DEBUG - 配置已備份至: backup\setup_backup_20250730_144556.json
2025-07-30 14:45:56,716 - VALO360 - DEBUG - 配置保存成功
2025-07-30 14:45:56,719 - VALO360 - DEBUG - 配置已備份至: backup\setup_backup_20250730_144556.json
2025-07-30 14:45:56,720 - VALO360 - DEBUG - 配置保存成功
2025-07-30 14:45:56,721 - VALO360 - DEBUG - 配置已備份至: backup\setup_backup_20250730_144556.json
2025-07-30 14:45:56,721 - VALO360 - DEBUG - 配置保存成功
2025-07-30 14:45:56,725 - VALO360 - DEBUG - 配置已備份至: backup\setup_backup_20250730_144556.json
2025-07-30 14:45:56,727 - VALO360 - DEBUG - 配置保存成功
2025-07-30 14:45:56,727 - VALO360 - DEBUG - 配置已備份至: backup\setup_backup_20250730_144556.json
2025-07-30 14:45:56,727 - VALO360 - DEBUG - 配置保存成功
2025-07-30 14:45:56,733 - VALO360 - DEBUG - 配置已備份至: backup\setup_backup_20250730_144556.json
2025-07-30 14:45:56,735 - VALO360 - DEBUG - 配置保存成功
2025-07-30 14:45:56,737 - VALO360 - DEBUG - 配置已備份至: backup\setup_backup_20250730_144556.json
2025-07-30 14:45:56,739 - VALO360 - DEBUG - 配置保存成功
2025-07-30 14:45:56,743 - VALO360 - DEBUG - 配置已備份至: backup\setup_backup_20250730_144556.json
2025-07-30 14:45:56,745 - VALO360 - DEBUG - 配置保存成功
2025-07-30 14:45:56,747 - VALO360 - DEBUG - 配置已備份至: backup\setup_backup_20250730_144556.json
2025-07-30 14:45:56,749 - VALO360 - DEBUG - 配置保存成功
2025-07-30 14:45:56,749 - VALO360 - DEBUG - 配置已備份至: backup\setup_backup_20250730_144556.json
2025-07-30 14:45:56,751 - VALO360 - DEBUG - 配置保存成功
2025-07-30 14:45:56,753 - VALO360 - DEBUG - 配置已備份至: backup\setup_backup_20250730_144556.json
2025-07-30 14:45:56,753 - VALO360 - DEBUG - 配置保存成功
2025-07-30 14:45:56,757 - VALO360 - DEBUG - 配置已備份至: backup\setup_backup_20250730_144556.json
2025-07-30 14:45:56,758 - VALO360 - DEBUG - 配置保存成功
2025-07-30 14:45:56,759 - VALO360 - DEBUG - 配置已備份至: backup\setup_backup_20250730_144556.json
2025-07-30 14:45:56,761 - VALO360 - DEBUG - 配置保存成功
2025-07-30 14:45:56,762 - VALO360 - DEBUG - 配置已備份至: backup\setup_backup_20250730_144556.json
2025-07-30 14:45:56,765 - VALO360 - DEBUG - 配置保存成功
2025-07-30 14:45:56,766 - VALO360 - DEBUG - 配置已備份至: backup\setup_backup_20250730_144556.json
2025-07-30 14:45:56,768 - VALO360 - DEBUG - 配置保存成功
2025-07-30 14:45:56,768 - VALO360 - DEBUG - 配置已備份至: backup\setup_backup_20250730_144556.json
2025-07-30 14:45:56,772 - VALO360 - DEBUG - 配置保存成功
2025-07-30 14:45:56,773 - VALO360 - DEBUG - 配置已備份至: backup\setup_backup_20250730_144556.json
2025-07-30 14:45:56,775 - VALO360 - DEBUG - 配置保存成功
2025-07-30 14:45:56,777 - VALO360 - DEBUG - 配置已備份至: backup\setup_backup_20250730_144556.json
2025-07-30 14:45:56,780 - VALO360 - DEBUG - 配置保存成功
2025-07-30 14:45:56,781 - VALO360 - DEBUG - 配置已備份至: backup\setup_backup_20250730_144556.json
2025-07-30 14:45:56,783 - VALO360 - DEBUG - 配置保存成功
2025-07-30 14:45:56,784 - VALO360 - DEBUG - 配置已備份至: backup\setup_backup_20250730_144556.json
2025-07-30 14:45:56,787 - VALO360 - DEBUG - 配置保存成功
2025-07-30 14:45:56,787 - VALO360 - DEBUG - 配置已備份至: backup\setup_backup_20250730_144556.json
2025-07-30 14:45:56,790 - VALO360 - DEBUG - 配置保存成功
2025-07-30 14:45:56,790 - VALO360 - DEBUG - 配置已備份至: backup\setup_backup_20250730_144556.json
2025-07-30 14:45:56,790 - VALO360 - DEBUG - 配置保存成功
2025-07-30 14:45:56,795 - VALO360 - DEBUG - 配置已備份至: backup\setup_backup_20250730_144556.json
2025-07-30 14:45:56,797 - VALO360 - DEBUG - 配置保存成功
2025-07-30 14:45:56,799 - VALO360 - DEBUG - 配置已備份至: backup\setup_backup_20250730_144556.json
2025-07-30 14:45:56,801 - VALO360 - DEBUG - 配置保存成功
2025-07-30 14:45:56,802 - VALO360 - DEBUG - 配置已備份至: backup\setup_backup_20250730_144556.json
2025-07-30 14:45:56,803 - VALO360 - DEBUG - 配置保存成功
2025-07-30 14:45:56,805 - VALO360 - DEBUG - 配置已備份至: backup\setup_backup_20250730_144556.json
2025-07-30 14:45:56,808 - VALO360 - DEBUG - 配置保存成功
2025-07-30 14:45:56,808 - VALO360 - DEBUG - 配置已備份至: backup\setup_backup_20250730_144556.json
2025-07-30 14:45:56,808 - VALO360 - DEBUG - 配置保存成功
2025-07-30 14:45:56,812 - VALO360 - DEBUG - 配置已備份至: backup\setup_backup_20250730_144556.json
2025-07-30 14:45:56,813 - VALO360 - DEBUG - 配置保存成功
2025-07-30 14:45:56,816 - VALO360 - DEBUG - 配置已備份至: backup\setup_backup_20250730_144556.json
2025-07-30 14:45:56,818 - VALO360 - DEBUG - 配置保存成功
2025-07-30 14:45:56,819 - VALO360 - DEBUG - 配置已備份至: backup\setup_backup_20250730_144556.json
2025-07-30 14:45:56,821 - VALO360 - DEBUG - 配置保存成功
2025-07-30 14:45:56,823 - VALO360 - DEBUG - 配置已備份至: backup\setup_backup_20250730_144556.json
2025-07-30 14:45:56,824 - VALO360 - DEBUG - 配置保存成功
2025-07-30 14:45:56,826 - VALO360 - DEBUG - 配置已備份至: backup\setup_backup_20250730_144556.json
2025-07-30 14:45:56,828 - VALO360 - DEBUG - 配置保存成功
2025-07-30 14:45:56,829 - VALO360 - DEBUG - 配置已備份至: backup\setup_backup_20250730_144556.json
2025-07-30 14:45:56,829 - VALO360 - DEBUG - 配置保存成功
2025-07-30 14:45:56,835 - VALO360 - DEBUG - 配置已備份至: backup\setup_backup_20250730_144556.json
2025-07-30 14:45:56,838 - VALO360 - DEBUG - 配置保存成功
2025-07-30 14:45:56,838 - VALO360 - DEBUG - 配置已備份至: backup\setup_backup_20250730_144556.json
2025-07-30 14:45:56,842 - VALO360 - DEBUG - 配置保存成功
2025-07-30 14:45:56,842 - VALO360 - DEBUG - 配置已備份至: backup\setup_backup_20250730_144556.json
2025-07-30 14:45:56,842 - VALO360 - DEBUG - 配置保存成功
2025-07-30 14:45:56,847 - VALO360 - DEBUG - 配置已備份至: backup\setup_backup_20250730_144556.json
2025-07-30 14:45:56,848 - VALO360 - DEBUG - 配置保存成功
2025-07-30 14:45:56,850 - VALO360 - DEBUG - 配置已備份至: backup\setup_backup_20250730_144556.json
2025-07-30 14:45:56,852 - VALO360 - DEBUG - 配置保存成功
2025-07-30 14:45:56,854 - VALO360 - DEBUG - 配置已備份至: backup\setup_backup_20250730_144556.json
2025-07-30 14:45:56,854 - VALO360 - DEBUG - 配置保存成功
2025-07-30 14:45:56,857 - VALO360 - DEBUG - 配置已備份至: backup\setup_backup_20250730_144556.json
2025-07-30 14:45:56,859 - VALO360 - DEBUG - 配置保存成功
2025-07-30 14:45:56,860 - VALO360 - DEBUG - 配置已備份至: backup\setup_backup_20250730_144556.json
2025-07-30 14:45:56,861 - VALO360 - DEBUG - 配置保存成功
2025-07-30 14:45:56,864 - VALO360 - DEBUG - 配置已備份至: backup\setup_backup_20250730_144556.json
2025-07-30 14:45:56,865 - VALO360 - DEBUG - 配置保存成功
2025-07-30 14:45:56,868 - VALO360 - DEBUG - 配置已備份至: backup\setup_backup_20250730_144556.json
2025-07-30 14:45:56,869 - VALO360 - DEBUG - 配置保存成功
2025-07-30 14:45:56,871 - VALO360 - DEBUG - 配置已備份至: backup\setup_backup_20250730_144556.json
2025-07-30 14:45:56,871 - VALO360 - DEBUG - 配置保存成功
2025-07-30 14:45:56,874 - VALO360 - DEBUG - 配置已備份至: backup\setup_backup_20250730_144556.json
2025-07-30 14:45:56,876 - VALO360 - DEBUG - 配置保存成功
2025-07-30 14:45:56,877 - VALO360 - DEBUG - 配置已備份至: backup\setup_backup_20250730_144556.json
2025-07-30 14:45:56,880 - VALO360 - DEBUG - 配置保存成功
2025-07-30 14:45:56,881 - VALO360 - DEBUG - 配置已備份至: backup\setup_backup_20250730_144556.json
2025-07-30 14:45:56,883 - VALO360 - DEBUG - 配置保存成功
2025-07-30 14:45:56,885 - VALO360 - DEBUG - 配置已備份至: backup\setup_backup_20250730_144556.json
2025-07-30 14:45:56,886 - VALO360 - DEBUG - 配置保存成功
2025-07-30 14:45:56,888 - VALO360 - DEBUG - 配置已備份至: backup\setup_backup_20250730_144556.json
2025-07-30 14:45:56,891 - VALO360 - DEBUG - 配置保存成功
2025-07-30 14:45:56,891 - VALO360 - DEBUG - 配置已備份至: backup\setup_backup_20250730_144556.json
2025-07-30 14:45:56,894 - VALO360 - DEBUG - 配置保存成功
2025-07-30 14:45:56,895 - VALO360 - DEBUG - 配置已備份至: backup\setup_backup_20250730_144556.json
2025-07-30 14:45:56,895 - VALO360 - DEBUG - 配置保存成功
2025-07-30 14:45:56,895 - VALO360 - DEBUG - 配置已備份至: backup\setup_backup_20250730_144556.json
2025-07-30 14:45:56,901 - VALO360 - DEBUG - 配置保存成功
2025-07-30 14:45:56,902 - VALO360 - DEBUG - 配置已備份至: backup\setup_backup_20250730_144556.json
2025-07-30 14:45:56,902 - VALO360 - DEBUG - 配置保存成功
2025-07-30 14:45:56,905 - VALO360 - DEBUG - 配置已備份至: backup\setup_backup_20250730_144556.json
2025-07-30 14:45:56,907 - VALO360 - DEBUG - 配置保存成功
2025-07-30 14:45:56,909 - VALO360 - DEBUG - 配置已備份至: backup\setup_backup_20250730_144556.json
2025-07-30 14:45:56,909 - VALO360 - DEBUG - 配置保存成功
2025-07-30 14:45:56,913 - VALO360 - DEBUG - 配置已備份至: backup\setup_backup_20250730_144556.json
2025-07-30 14:45:56,914 - VALO360 - DEBUG - 配置保存成功
2025-07-30 14:45:56,916 - VALO360 - DEBUG - 配置已備份至: backup\setup_backup_20250730_144556.json
2025-07-30 14:45:56,916 - VALO360 - DEBUG - 配置保存成功
2025-07-30 14:45:56,919 - VALO360 - DEBUG - 配置已備份至: backup\setup_backup_20250730_144556.json
2025-07-30 14:45:56,923 - VALO360 - DEBUG - 配置保存成功
2025-07-30 14:45:56,923 - VALO360 - DEBUG - 配置已備份至: backup\setup_backup_20250730_144556.json
2025-07-30 14:45:56,925 - VALO360 - DEBUG - 配置保存成功
2025-07-30 14:45:56,925 - VALO360 - DEBUG - 配置已備份至: backup\setup_backup_20250730_144556.json
2025-07-30 14:45:56,927 - VALO360 - DEBUG - 配置保存成功
2025-07-30 14:45:56,929 - VALO360 - DEBUG - 配置已備份至: backup\setup_backup_20250730_144556.json
2025-07-30 14:45:56,931 - VALO360 - DEBUG - 配置保存成功
2025-07-30 14:45:56,933 - VALO360 - DEBUG - 配置已備份至: backup\setup_backup_20250730_144556.json
2025-07-30 14:45:56,935 - VALO360 - DEBUG - 配置保存成功
2025-07-30 14:45:56,937 - VALO360 - DEBUG - 配置已備份至: backup\setup_backup_20250730_144556.json
2025-07-30 14:45:56,939 - VALO360 - DEBUG - 配置保存成功
2025-07-30 14:45:56,939 - VALO360 - DEBUG - 配置已備份至: backup\setup_backup_20250730_144556.json
2025-07-30 14:45:56,941 - VALO360 - DEBUG - 配置保存成功
2025-07-30 14:45:56,943 - VALO360 - DEBUG - 配置已備份至: backup\setup_backup_20250730_144556.json
2025-07-30 14:45:56,945 - VALO360 - DEBUG - 配置保存成功
2025-07-30 14:45:56,947 - VALO360 - DEBUG - 配置已備份至: backup\setup_backup_20250730_144556.json
2025-07-30 14:45:56,949 - VALO360 - DEBUG - 配置保存成功
2025-07-30 14:45:56,949 - VALO360 - DEBUG - 配置已備份至: backup\setup_backup_20250730_144556.json
2025-07-30 14:45:56,951 - VALO360 - DEBUG - 配置保存成功
2025-07-30 14:45:56,953 - VALO360 - DEBUG - 配置已備份至: backup\setup_backup_20250730_144556.json
2025-07-30 14:45:56,955 - VALO360 - DEBUG - 配置保存成功
2025-07-30 14:45:56,957 - VALO360 - DEBUG - 配置已備份至: backup\setup_backup_20250730_144556.json
2025-07-30 14:45:56,959 - VALO360 - DEBUG - 配置保存成功
2025-07-30 14:45:56,963 - VALO360 - DEBUG - 配置已備份至: backup\setup_backup_20250730_144556.json
2025-07-30 14:45:56,965 - VALO360 - DEBUG - 配置保存成功
2025-07-30 14:45:56,965 - VALO360 - DEBUG - 配置已備份至: backup\setup_backup_20250730_144556.json
2025-07-30 14:45:56,967 - VALO360 - DEBUG - 配置保存成功
2025-07-30 14:45:56,969 - VALO360 - DEBUG - 配置已備份至: backup\setup_backup_20250730_144556.json
2025-07-30 14:45:56,971 - VALO360 - DEBUG - 配置保存成功
2025-07-30 14:45:56,973 - VALO360 - DEBUG - 配置已備份至: backup\setup_backup_20250730_144556.json
2025-07-30 14:45:56,975 - VALO360 - DEBUG - 配置保存成功
2025-07-30 14:45:56,977 - VALO360 - DEBUG - 配置已備份至: backup\setup_backup_20250730_144556.json
2025-07-30 14:45:56,979 - VALO360 - DEBUG - 配置保存成功
2025-07-30 14:45:56,981 - VALO360 - DEBUG - 配置已備份至: backup\setup_backup_20250730_144556.json
2025-07-30 14:45:56,983 - VALO360 - DEBUG - 配置保存成功
2025-07-30 14:45:56,986 - VALO360 - DEBUG - 配置已備份至: backup\setup_backup_20250730_144556.json
2025-07-30 14:45:56,988 - VALO360 - DEBUG - 配置保存成功
2025-07-30 14:45:56,988 - VALO360 - DEBUG - 配置已備份至: backup\setup_backup_20250730_144556.json
2025-07-30 14:45:56,990 - VALO360 - DEBUG - 配置保存成功
2025-07-30 14:45:56,992 - VALO360 - DEBUG - 配置已備份至: backup\setup_backup_20250730_144556.json
2025-07-30 14:45:56,994 - VALO360 - DEBUG - 配置保存成功
2025-07-30 14:45:56,996 - VALO360 - DEBUG - 配置已備份至: backup\setup_backup_20250730_144556.json
2025-07-30 14:45:56,998 - VALO360 - DEBUG - 配置保存成功
2025-07-30 14:45:56,998 - VALO360 - DEBUG - 配置已備份至: backup\setup_backup_20250730_144556.json
2025-07-30 14:45:57,000 - VALO360 - DEBUG - 配置保存成功
2025-07-30 14:45:57,002 - VALO360 - DEBUG - 配置已備份至: backup\setup_backup_20250730_144557.json
2025-07-30 14:45:57,003 - VALO360 - DEBUG - 已刪除舊備份: backup\setup_backup_20250730_144225.json
2025-07-30 14:45:57,003 - VALO360 - DEBUG - 配置保存成功
2025-07-30 14:45:57,020 - VALO360 - DEBUG - 配置已備份至: backup\setup_backup_20250730_144557.json
2025-07-30 14:45:57,022 - VALO360 - DEBUG - 配置保存成功
2025-07-30 14:45:57,024 - VALO360 - DEBUG - 配置已備份至: backup\setup_backup_20250730_144557.json
2025-07-30 14:45:57,024 - VALO360 - DEBUG - 配置保存成功
2025-07-30 14:45:57,028 - VALO360 - DEBUG - 配置已備份至: backup\setup_backup_20250730_144557.json
2025-07-30 14:45:57,030 - VALO360 - DEBUG - 配置保存成功
2025-07-30 14:45:57,031 - VALO360 - DEBUG - 配置已備份至: backup\setup_backup_20250730_144557.json
2025-07-30 14:45:57,033 - VALO360 - DEBUG - 配置保存成功
2025-07-30 14:45:57,035 - VALO360 - DEBUG - 配置已備份至: backup\setup_backup_20250730_144557.json
2025-07-30 14:45:57,037 - VALO360 - DEBUG - 配置保存成功
2025-07-30 14:45:57,054 - VALO360 - DEBUG - 配置已備份至: backup\setup_backup_20250730_144557.json
2025-07-30 14:45:57,057 - VALO360 - DEBUG - 配置保存成功
2025-07-30 14:45:57,064 - VALO360 - DEBUG - 配置已備份至: backup\setup_backup_20250730_144557.json
2025-07-30 14:45:57,067 - VALO360 - DEBUG - 配置保存成功
2025-07-30 14:45:57,068 - VALO360 - DEBUG - 配置已備份至: backup\setup_backup_20250730_144557.json
2025-07-30 14:45:57,071 - VALO360 - DEBUG - 配置保存成功
2025-07-30 14:45:57,072 - VALO360 - DEBUG - 配置已備份至: backup\setup_backup_20250730_144557.json
2025-07-30 14:45:57,074 - VALO360 - DEBUG - 配置保存成功
2025-07-30 14:45:57,075 - VALO360 - DEBUG - 配置已備份至: backup\setup_backup_20250730_144557.json
2025-07-30 14:45:57,075 - VALO360 - DEBUG - 配置保存成功
2025-07-30 14:45:57,082 - VALO360 - DEBUG - 配置已備份至: backup\setup_backup_20250730_144557.json
2025-07-30 14:45:57,083 - VALO360 - DEBUG - 配置保存成功
2025-07-30 14:45:57,087 - VALO360 - DEBUG - 配置已備份至: backup\setup_backup_20250730_144557.json
2025-07-30 14:45:57,087 - VALO360 - DEBUG - 配置保存成功
2025-07-30 14:45:57,090 - VALO360 - DEBUG - 配置已備份至: backup\setup_backup_20250730_144557.json
2025-07-30 14:45:57,092 - VALO360 - DEBUG - 配置保存成功
2025-07-30 14:45:57,094 - VALO360 - DEBUG - 配置已備份至: backup\setup_backup_20250730_144557.json
2025-07-30 14:45:57,096 - VALO360 - DEBUG - 配置保存成功
2025-07-30 14:45:57,101 - VALO360 - DEBUG - 配置已備份至: backup\setup_backup_20250730_144557.json
2025-07-30 14:45:57,103 - VALO360 - DEBUG - 配置保存成功
2025-07-30 14:45:57,105 - VALO360 - DEBUG - 配置已備份至: backup\setup_backup_20250730_144557.json
2025-07-30 14:45:57,107 - VALO360 - DEBUG - 配置保存成功
2025-07-30 14:45:57,109 - VALO360 - DEBUG - 配置已備份至: backup\setup_backup_20250730_144557.json
2025-07-30 14:45:57,111 - VALO360 - DEBUG - 配置保存成功
2025-07-30 14:45:57,111 - VALO360 - DEBUG - 配置已備份至: backup\setup_backup_20250730_144557.json
2025-07-30 14:45:57,113 - VALO360 - DEBUG - 配置保存成功
2025-07-30 14:45:57,117 - VALO360 - DEBUG - 配置已備份至: backup\setup_backup_20250730_144557.json
2025-07-30 14:45:57,121 - VALO360 - DEBUG - 配置保存成功
2025-07-30 14:45:57,123 - VALO360 - DEBUG - 配置已備份至: backup\setup_backup_20250730_144557.json
2025-07-30 14:45:57,123 - VALO360 - DEBUG - 配置保存成功
2025-07-30 14:45:57,127 - VALO360 - DEBUG - 配置已備份至: backup\setup_backup_20250730_144557.json
2025-07-30 14:45:57,127 - VALO360 - DEBUG - 配置保存成功
2025-07-30 14:45:57,130 - VALO360 - DEBUG - 配置已備份至: backup\setup_backup_20250730_144557.json
2025-07-30 14:45:57,133 - VALO360 - DEBUG - 配置保存成功
2025-07-30 14:45:57,134 - VALO360 - DEBUG - 配置已備份至: backup\setup_backup_20250730_144557.json
2025-07-30 14:45:57,142 - VALO360 - DEBUG - 配置保存成功
2025-07-30 14:45:57,142 - VALO360 - DEBUG - 配置已備份至: backup\setup_backup_20250730_144557.json
2025-07-30 14:45:57,142 - VALO360 - DEBUG - 配置保存成功
2025-07-30 14:45:57,142 - VALO360 - DEBUG - 配置已備份至: backup\setup_backup_20250730_144557.json
2025-07-30 14:45:57,142 - VALO360 - DEBUG - 配置保存成功
2025-07-30 14:45:57,142 - VALO360 - DEBUG - 配置已備份至: backup\setup_backup_20250730_144557.json
2025-07-30 14:45:57,152 - VALO360 - DEBUG - 配置保存成功
2025-07-30 14:45:57,168 - VALO360 - DEBUG - 配置已備份至: backup\setup_backup_20250730_144557.json
2025-07-30 14:45:57,172 - VALO360 - DEBUG - 配置保存成功
2025-07-30 14:45:57,172 - VALO360 - DEBUG - 配置已備份至: backup\setup_backup_20250730_144557.json
2025-07-30 14:45:57,174 - VALO360 - DEBUG - 配置保存成功
2025-07-30 14:45:57,176 - VALO360 - DEBUG - 配置已備份至: backup\setup_backup_20250730_144557.json
2025-07-30 14:45:57,178 - VALO360 - DEBUG - 配置保存成功
2025-07-30 14:45:57,178 - VALO360 - DEBUG - 配置已備份至: backup\setup_backup_20250730_144557.json
2025-07-30 14:45:57,182 - VALO360 - DEBUG - 配置保存成功
2025-07-30 14:45:57,184 - VALO360 - DEBUG - 配置已備份至: backup\setup_backup_20250730_144557.json
2025-07-30 14:45:57,186 - VALO360 - DEBUG - 配置保存成功
2025-07-30 14:45:57,186 - VALO360 - DEBUG - 配置已備份至: backup\setup_backup_20250730_144557.json
2025-07-30 14:45:57,188 - VALO360 - DEBUG - 配置保存成功
2025-07-30 14:45:57,190 - VALO360 - DEBUG - 配置已備份至: backup\setup_backup_20250730_144557.json
2025-07-30 14:45:57,192 - VALO360 - DEBUG - 配置保存成功
2025-07-30 14:45:57,194 - VALO360 - DEBUG - 配置已備份至: backup\setup_backup_20250730_144557.json
2025-07-30 14:45:57,196 - VALO360 - DEBUG - 配置保存成功
2025-07-30 14:45:57,212 - VALO360 - DEBUG - 配置已備份至: backup\setup_backup_20250730_144557.json
2025-07-30 14:45:57,216 - VALO360 - DEBUG - 配置保存成功
2025-07-30 14:45:57,216 - VALO360 - DEBUG - 配置已備份至: backup\setup_backup_20250730_144557.json
2025-07-30 14:45:57,218 - VALO360 - DEBUG - 配置保存成功
2025-07-30 14:45:57,220 - VALO360 - DEBUG - 配置已備份至: backup\setup_backup_20250730_144557.json
2025-07-30 14:45:57,222 - VALO360 - DEBUG - 配置保存成功
2025-07-30 14:45:57,224 - VALO360 - DEBUG - 配置已備份至: backup\setup_backup_20250730_144557.json
2025-07-30 14:45:57,226 - VALO360 - DEBUG - 配置保存成功
2025-07-30 14:45:57,228 - VALO360 - DEBUG - 配置已備份至: backup\setup_backup_20250730_144557.json
2025-07-30 14:45:57,230 - VALO360 - DEBUG - 配置保存成功
2025-07-30 14:45:57,232 - VALO360 - DEBUG - 配置已備份至: backup\setup_backup_20250730_144557.json
2025-07-30 14:45:57,234 - VALO360 - DEBUG - 配置保存成功
2025-07-30 14:45:57,236 - VALO360 - DEBUG - 配置已備份至: backup\setup_backup_20250730_144557.json
2025-07-30 14:45:57,238 - VALO360 - DEBUG - 配置保存成功
2025-07-30 14:45:57,238 - VALO360 - DEBUG - 配置已備份至: backup\setup_backup_20250730_144557.json
2025-07-30 14:45:57,240 - VALO360 - DEBUG - 配置保存成功
2025-07-30 14:45:57,242 - VALO360 - DEBUG - 配置已備份至: backup\setup_backup_20250730_144557.json
2025-07-30 14:45:57,244 - VALO360 - DEBUG - 配置保存成功
2025-07-30 14:45:57,244 - VALO360 - DEBUG - 配置已備份至: backup\setup_backup_20250730_144557.json
2025-07-30 14:45:57,248 - VALO360 - DEBUG - 配置保存成功
2025-07-30 14:45:57,248 - VALO360 - DEBUG - 配置已備份至: backup\setup_backup_20250730_144557.json
2025-07-30 14:45:57,250 - VALO360 - DEBUG - 配置保存成功
2025-07-30 14:45:57,252 - VALO360 - DEBUG - 配置已備份至: backup\setup_backup_20250730_144557.json
2025-07-30 14:45:57,254 - VALO360 - DEBUG - 配置保存成功
2025-07-30 14:45:57,264 - VALO360 - DEBUG - 配置已備份至: backup\setup_backup_20250730_144557.json
2025-07-30 14:45:57,264 - VALO360 - DEBUG - 配置保存成功
2025-07-30 14:45:57,269 - VALO360 - DEBUG - 配置已備份至: backup\setup_backup_20250730_144557.json
2025-07-30 14:45:57,271 - VALO360 - DEBUG - 配置保存成功
2025-07-30 14:45:57,273 - VALO360 - DEBUG - 配置已備份至: backup\setup_backup_20250730_144557.json
2025-07-30 14:45:57,275 - VALO360 - DEBUG - 配置保存成功
2025-07-30 14:45:57,275 - VALO360 - DEBUG - 配置已備份至: backup\setup_backup_20250730_144557.json
2025-07-30 14:45:57,278 - VALO360 - DEBUG - 配置保存成功
2025-07-30 14:45:57,283 - VALO360 - DEBUG - 配置已備份至: backup\setup_backup_20250730_144557.json
2025-07-30 14:45:57,285 - VALO360 - DEBUG - 配置保存成功
2025-07-30 14:45:57,285 - VALO360 - DEBUG - 配置已備份至: backup\setup_backup_20250730_144557.json
2025-07-30 14:45:57,287 - VALO360 - DEBUG - 配置保存成功
2025-07-30 14:45:57,289 - VALO360 - DEBUG - 配置已備份至: backup\setup_backup_20250730_144557.json
2025-07-30 14:45:57,291 - VALO360 - DEBUG - 配置保存成功
2025-07-30 14:45:57,291 - VALO360 - DEBUG - 配置已備份至: backup\setup_backup_20250730_144557.json
2025-07-30 14:45:57,295 - VALO360 - DEBUG - 配置保存成功
2025-07-30 14:45:57,297 - VALO360 - DEBUG - 配置已備份至: backup\setup_backup_20250730_144557.json
2025-07-30 14:45:57,299 - VALO360 - DEBUG - 配置保存成功
2025-07-30 14:45:57,299 - VALO360 - DEBUG - 配置已備份至: backup\setup_backup_20250730_144557.json
2025-07-30 14:45:57,301 - VALO360 - DEBUG - 配置保存成功
2025-07-30 14:45:57,303 - VALO360 - DEBUG - 配置已備份至: backup\setup_backup_20250730_144557.json
2025-07-30 14:45:57,305 - VALO360 - DEBUG - 配置保存成功
2025-07-30 14:45:57,307 - VALO360 - DEBUG - 配置已備份至: backup\setup_backup_20250730_144557.json
2025-07-30 14:45:57,308 - VALO360 - DEBUG - 配置保存成功
2025-07-30 14:45:57,310 - VALO360 - DEBUG - 配置已備份至: backup\setup_backup_20250730_144557.json
2025-07-30 14:45:57,311 - VALO360 - DEBUG - 配置保存成功
2025-07-30 14:45:57,313 - VALO360 - DEBUG - 配置已備份至: backup\setup_backup_20250730_144557.json
2025-07-30 14:45:57,315 - VALO360 - DEBUG - 配置保存成功
2025-07-30 14:45:57,317 - VALO360 - DEBUG - 配置已備份至: backup\setup_backup_20250730_144557.json
2025-07-30 14:45:57,318 - VALO360 - DEBUG - 配置保存成功
2025-07-30 14:45:57,318 - VALO360 - DEBUG - 配置已備份至: backup\setup_backup_20250730_144557.json
2025-07-30 14:45:57,322 - VALO360 - DEBUG - 配置保存成功
2025-07-30 14:45:57,330 - VALO360 - DEBUG - 配置已備份至: backup\setup_backup_20250730_144557.json
2025-07-30 14:45:57,334 - VALO360 - DEBUG - 配置保存成功
2025-07-30 14:45:57,336 - VALO360 - DEBUG - 配置已備份至: backup\setup_backup_20250730_144557.json
2025-07-30 14:45:57,338 - VALO360 - DEBUG - 配置保存成功
2025-07-30 14:45:57,340 - VALO360 - DEBUG - 配置已備份至: backup\setup_backup_20250730_144557.json
2025-07-30 14:45:57,342 - VALO360 - DEBUG - 配置保存成功
2025-07-30 14:45:57,344 - VALO360 - DEBUG - 配置已備份至: backup\setup_backup_20250730_144557.json
2025-07-30 14:45:57,346 - VALO360 - DEBUG - 配置保存成功
2025-07-30 14:45:57,385 - VALO360 - DEBUG - 配置已備份至: backup\setup_backup_20250730_144557.json
2025-07-30 14:45:57,392 - VALO360 - DEBUG - 配置保存成功
2025-07-30 14:45:57,393 - VALO360 - DEBUG - 配置已備份至: backup\setup_backup_20250730_144557.json
2025-07-30 14:45:57,395 - VALO360 - DEBUG - 配置保存成功
2025-07-30 14:45:57,397 - VALO360 - DEBUG - 配置已備份至: backup\setup_backup_20250730_144557.json
2025-07-30 14:45:57,398 - VALO360 - DEBUG - 配置保存成功
2025-07-30 14:45:57,400 - VALO360 - DEBUG - 配置已備份至: backup\setup_backup_20250730_144557.json
2025-07-30 14:45:57,402 - VALO360 - DEBUG - 配置保存成功
2025-07-30 14:45:57,405 - VALO360 - DEBUG - 配置已備份至: backup\setup_backup_20250730_144557.json
2025-07-30 14:45:57,407 - VALO360 - DEBUG - 配置保存成功
2025-07-30 14:45:57,408 - VALO360 - DEBUG - 配置已備份至: backup\setup_backup_20250730_144557.json
2025-07-30 14:45:57,409 - VALO360 - DEBUG - 配置保存成功
2025-07-30 14:45:57,411 - VALO360 - DEBUG - 配置已備份至: backup\setup_backup_20250730_144557.json
2025-07-30 14:45:57,413 - VALO360 - DEBUG - 配置保存成功
2025-07-30 14:45:57,415 - VALO360 - DEBUG - 配置已備份至: backup\setup_backup_20250730_144557.json
2025-07-30 14:45:57,416 - VALO360 - DEBUG - 配置保存成功
2025-07-30 14:45:57,425 - VALO360 - DEBUG - 配置已備份至: backup\setup_backup_20250730_144557.json
2025-07-30 14:45:57,426 - VALO360 - DEBUG - 配置保存成功
2025-07-30 14:45:57,428 - VALO360 - DEBUG - 配置已備份至: backup\setup_backup_20250730_144557.json
2025-07-30 14:45:57,429 - VALO360 - DEBUG - 配置保存成功
2025-07-30 14:45:57,431 - VALO360 - DEBUG - 配置已備份至: backup\setup_backup_20250730_144557.json
2025-07-30 14:45:57,433 - VALO360 - DEBUG - 配置保存成功
2025-07-30 14:45:57,435 - VALO360 - DEBUG - 配置已備份至: backup\setup_backup_20250730_144557.json
2025-07-30 14:45:57,437 - VALO360 - DEBUG - 配置保存成功
2025-07-30 14:45:57,447 - VALO360 - DEBUG - 配置已備份至: backup\setup_backup_20250730_144557.json
2025-07-30 14:45:57,447 - VALO360 - DEBUG - 配置保存成功
2025-07-30 14:45:57,455 - VALO360 - DEBUG - 配置已備份至: backup\setup_backup_20250730_144557.json
2025-07-30 14:45:57,457 - VALO360 - DEBUG - 配置保存成功
2025-07-30 14:45:57,457 - VALO360 - DEBUG - 配置已備份至: backup\setup_backup_20250730_144557.json
2025-07-30 14:45:57,457 - VALO360 - DEBUG - 配置保存成功
2025-07-30 14:45:57,457 - VALO360 - DEBUG - 配置已備份至: backup\setup_backup_20250730_144557.json
2025-07-30 14:45:57,457 - VALO360 - DEBUG - 配置保存成功
2025-07-30 14:45:57,466 - VALO360 - DEBUG - 配置已備份至: backup\setup_backup_20250730_144557.json
2025-07-30 14:45:57,467 - VALO360 - DEBUG - 配置保存成功
2025-07-30 14:45:57,469 - VALO360 - DEBUG - 配置已備份至: backup\setup_backup_20250730_144557.json
2025-07-30 14:45:57,470 - VALO360 - DEBUG - 配置保存成功
2025-07-30 14:45:57,472 - VALO360 - DEBUG - 配置已備份至: backup\setup_backup_20250730_144557.json
2025-07-30 14:45:57,474 - VALO360 - DEBUG - 配置保存成功
2025-07-30 14:45:57,475 - VALO360 - DEBUG - 配置已備份至: backup\setup_backup_20250730_144557.json
2025-07-30 14:45:57,475 - VALO360 - DEBUG - 配置保存成功
2025-07-30 14:45:57,491 - VALO360 - DEBUG - 配置已備份至: backup\setup_backup_20250730_144557.json
2025-07-30 14:45:57,496 - VALO360 - DEBUG - 配置保存成功
2025-07-30 14:45:57,496 - VALO360 - DEBUG - 配置已備份至: backup\setup_backup_20250730_144557.json
2025-07-30 14:45:57,496 - VALO360 - DEBUG - 配置保存成功
2025-07-30 14:45:57,496 - VALO360 - DEBUG - 配置已備份至: backup\setup_backup_20250730_144557.json
2025-07-30 14:45:57,502 - VALO360 - DEBUG - 配置保存成功
2025-07-30 14:45:57,502 - VALO360 - DEBUG - 配置已備份至: backup\setup_backup_20250730_144557.json
2025-07-30 14:45:57,506 - VALO360 - DEBUG - 配置保存成功
2025-07-30 14:45:57,507 - VALO360 - DEBUG - 配置已備份至: backup\setup_backup_20250730_144557.json
2025-07-30 14:45:57,507 - VALO360 - DEBUG - 配置保存成功
2025-07-30 14:45:57,507 - VALO360 - DEBUG - 配置已備份至: backup\setup_backup_20250730_144557.json
2025-07-30 14:45:57,507 - VALO360 - DEBUG - 配置保存成功
2025-07-30 14:45:57,507 - VALO360 - DEBUG - 配置已備份至: backup\setup_backup_20250730_144557.json
2025-07-30 14:45:57,517 - VALO360 - DEBUG - 配置保存成功
2025-07-30 14:45:57,519 - VALO360 - DEBUG - 配置已備份至: backup\setup_backup_20250730_144557.json
2025-07-30 14:45:57,521 - VALO360 - DEBUG - 配置保存成功
2025-07-30 14:45:57,521 - VALO360 - DEBUG - 配置已備份至: backup\setup_backup_20250730_144557.json
2025-07-30 14:45:57,523 - VALO360 - DEBUG - 配置保存成功
2025-07-30 14:45:57,525 - VALO360 - DEBUG - 配置已備份至: backup\setup_backup_20250730_144557.json
2025-07-30 14:45:57,526 - VALO360 - DEBUG - 配置保存成功
2025-07-30 14:45:57,528 - VALO360 - DEBUG - 配置已備份至: backup\setup_backup_20250730_144557.json
2025-07-30 14:45:57,530 - VALO360 - DEBUG - 配置保存成功
2025-07-30 14:45:57,532 - VALO360 - DEBUG - 配置已備份至: backup\setup_backup_20250730_144557.json
2025-07-30 14:45:57,536 - VALO360 - DEBUG - 配置保存成功
2025-07-30 14:45:57,547 - VALO360 - DEBUG - 配置已備份至: backup\setup_backup_20250730_144557.json
2025-07-30 14:45:57,547 - VALO360 - DEBUG - 配置保存成功
2025-07-30 14:45:57,552 - VALO360 - DEBUG - 配置已備份至: backup\setup_backup_20250730_144557.json
2025-07-30 14:45:57,553 - VALO360 - DEBUG - 配置保存成功
2025-07-30 14:45:57,555 - VALO360 - DEBUG - 配置已備份至: backup\setup_backup_20250730_144557.json
2025-07-30 14:45:57,557 - VALO360 - DEBUG - 配置保存成功
2025-07-30 14:45:57,557 - VALO360 - DEBUG - 配置已備份至: backup\setup_backup_20250730_144557.json
2025-07-30 14:45:57,560 - VALO360 - DEBUG - 配置保存成功
2025-07-30 14:45:57,564 - VALO360 - DEBUG - 配置已備份至: backup\setup_backup_20250730_144557.json
2025-07-30 14:45:57,567 - VALO360 - DEBUG - 配置保存成功
2025-07-30 14:45:57,568 - VALO360 - DEBUG - 配置已備份至: backup\setup_backup_20250730_144557.json
2025-07-30 14:45:57,570 - VALO360 - DEBUG - 配置保存成功
2025-07-30 14:45:57,571 - VALO360 - DEBUG - 配置已備份至: backup\setup_backup_20250730_144557.json
2025-07-30 14:45:57,572 - VALO360 - DEBUG - 配置保存成功
2025-07-30 14:45:57,574 - VALO360 - DEBUG - 配置已備份至: backup\setup_backup_20250730_144557.json
2025-07-30 14:45:57,576 - VALO360 - DEBUG - 配置保存成功
2025-07-30 14:45:57,579 - VALO360 - DEBUG - 配置已備份至: backup\setup_backup_20250730_144557.json
2025-07-30 14:45:57,581 - VALO360 - DEBUG - 配置保存成功
2025-07-30 14:45:57,583 - VALO360 - DEBUG - 配置已備份至: backup\setup_backup_20250730_144557.json
2025-07-30 14:45:57,585 - VALO360 - DEBUG - 配置保存成功
2025-07-30 14:45:57,585 - VALO360 - DEBUG - 配置已備份至: backup\setup_backup_20250730_144557.json
2025-07-30 14:45:57,588 - VALO360 - DEBUG - 配置保存成功
2025-07-30 14:45:57,588 - VALO360 - DEBUG - 配置已備份至: backup\setup_backup_20250730_144557.json
2025-07-30 14:45:57,590 - VALO360 - DEBUG - 配置保存成功
2025-07-30 14:45:58,359 - VALO360 - DEBUG - 配置已備份至: backup\setup_backup_20250730_144558.json
2025-07-30 14:45:58,361 - VALO360 - DEBUG - 已刪除舊備份: backup\setup_backup_20250730_144226.json
2025-07-30 14:45:58,361 - VALO360 - DEBUG - 配置保存成功
2025-07-30 14:45:58,362 - VALO360 - DEBUG - 配置已備份至: backup\setup_backup_20250730_144558.json
2025-07-30 14:45:58,365 - VALO360 - DEBUG - 配置保存成功
2025-07-30 14:45:58,367 - VALO360 - DEBUG - 配置已備份至: backup\setup_backup_20250730_144558.json
2025-07-30 14:45:58,369 - VALO360 - DEBUG - 配置保存成功
2025-07-30 14:45:58,369 - VALO360 - DEBUG - 配置已備份至: backup\setup_backup_20250730_144558.json
2025-07-30 14:45:58,372 - VALO360 - DEBUG - 配置保存成功
2025-07-30 14:45:58,378 - VALO360 - DEBUG - 配置已備份至: backup\setup_backup_20250730_144558.json
2025-07-30 14:45:58,381 - VALO360 - DEBUG - 配置保存成功
2025-07-30 14:45:58,381 - VALO360 - DEBUG - 配置已備份至: backup\setup_backup_20250730_144558.json
2025-07-30 14:45:58,386 - VALO360 - DEBUG - 配置保存成功
2025-07-30 14:45:58,387 - VALO360 - DEBUG - 配置已備份至: backup\setup_backup_20250730_144558.json
2025-07-30 14:45:58,389 - VALO360 - DEBUG - 配置保存成功
2025-07-30 14:45:58,391 - VALO360 - DEBUG - 配置已備份至: backup\setup_backup_20250730_144558.json
2025-07-30 14:45:58,392 - VALO360 - DEBUG - 配置保存成功
2025-07-30 14:45:58,402 - VALO360 - DEBUG - 配置已備份至: backup\setup_backup_20250730_144558.json
2025-07-30 14:45:58,403 - VALO360 - DEBUG - 配置保存成功
2025-07-30 14:45:58,405 - VALO360 - DEBUG - 配置已備份至: backup\setup_backup_20250730_144558.json
2025-07-30 14:45:58,407 - VALO360 - DEBUG - 配置保存成功
2025-07-30 14:45:58,409 - VALO360 - DEBUG - 配置已備份至: backup\setup_backup_20250730_144558.json
2025-07-30 14:45:58,411 - VALO360 - DEBUG - 配置保存成功
2025-07-30 14:45:58,412 - VALO360 - DEBUG - 配置已備份至: backup\setup_backup_20250730_144558.json
2025-07-30 14:45:58,412 - VALO360 - DEBUG - 配置保存成功
2025-07-30 14:45:58,420 - VALO360 - DEBUG - 配置已備份至: backup\setup_backup_20250730_144558.json
2025-07-30 14:45:58,420 - VALO360 - DEBUG - 配置保存成功
2025-07-30 14:45:58,424 - VALO360 - DEBUG - 配置已備份至: backup\setup_backup_20250730_144558.json
2025-07-30 14:45:58,424 - VALO360 - DEBUG - 配置保存成功
2025-07-30 14:45:58,427 - VALO360 - DEBUG - 配置已備份至: backup\setup_backup_20250730_144558.json
2025-07-30 14:45:58,427 - VALO360 - DEBUG - 配置保存成功
2025-07-30 14:45:58,430 - VALO360 - DEBUG - 配置已備份至: backup\setup_backup_20250730_144558.json
2025-07-30 14:45:58,432 - VALO360 - DEBUG - 配置保存成功
2025-07-30 14:45:58,432 - VALO360 - DEBUG - 配置已備份至: backup\setup_backup_20250730_144558.json
2025-07-30 14:45:58,438 - VALO360 - DEBUG - 配置保存成功
2025-07-30 14:45:58,440 - VALO360 - DEBUG - 配置已備份至: backup\setup_backup_20250730_144558.json
2025-07-30 14:45:58,440 - VALO360 - DEBUG - 配置保存成功
2025-07-30 14:45:58,440 - VALO360 - DEBUG - 配置已備份至: backup\setup_backup_20250730_144558.json
2025-07-30 14:45:58,440 - VALO360 - DEBUG - 配置保存成功
2025-07-30 14:45:58,448 - VALO360 - DEBUG - 配置已備份至: backup\setup_backup_20250730_144558.json
2025-07-30 14:45:58,452 - VALO360 - DEBUG - 配置保存成功
2025-07-30 14:45:58,454 - VALO360 - DEBUG - 配置已備份至: backup\setup_backup_20250730_144558.json
2025-07-30 14:45:58,458 - VALO360 - DEBUG - 配置保存成功
2025-07-30 14:45:58,460 - VALO360 - DEBUG - 配置已備份至: backup\setup_backup_20250730_144558.json
2025-07-30 14:45:58,461 - VALO360 - DEBUG - 配置保存成功
2025-07-30 14:45:58,463 - VALO360 - DEBUG - 配置已備份至: backup\setup_backup_20250730_144558.json
2025-07-30 14:45:58,464 - VALO360 - DEBUG - 配置保存成功
2025-07-30 14:45:58,467 - VALO360 - DEBUG - 配置已備份至: backup\setup_backup_20250730_144558.json
2025-07-30 14:45:58,471 - VALO360 - DEBUG - 配置保存成功
2025-07-30 14:45:58,477 - VALO360 - DEBUG - 配置已備份至: backup\setup_backup_20250730_144558.json
2025-07-30 14:45:58,479 - VALO360 - DEBUG - 配置保存成功
2025-07-30 14:45:58,482 - VALO360 - DEBUG - 配置已備份至: backup\setup_backup_20250730_144558.json
2025-07-30 14:45:58,485 - VALO360 - DEBUG - 配置保存成功
2025-07-30 14:45:58,487 - VALO360 - DEBUG - 配置已備份至: backup\setup_backup_20250730_144558.json
2025-07-30 14:45:58,489 - VALO360 - DEBUG - 配置保存成功
2025-07-30 14:45:58,491 - VALO360 - DEBUG - 配置已備份至: backup\setup_backup_20250730_144558.json
2025-07-30 14:45:58,493 - VALO360 - DEBUG - 配置保存成功
2025-07-30 14:45:58,502 - VALO360 - DEBUG - 配置已備份至: backup\setup_backup_20250730_144558.json
2025-07-30 14:45:58,504 - VALO360 - DEBUG - 配置保存成功
2025-07-30 14:45:58,504 - VALO360 - DEBUG - 配置已備份至: backup\setup_backup_20250730_144558.json
2025-07-30 14:45:58,509 - VALO360 - DEBUG - 配置保存成功
2025-07-30 14:45:58,510 - VALO360 - DEBUG - 配置已備份至: backup\setup_backup_20250730_144558.json
2025-07-30 14:45:58,513 - VALO360 - DEBUG - 配置保存成功
2025-07-30 14:45:58,515 - VALO360 - DEBUG - 配置已備份至: backup\setup_backup_20250730_144558.json
2025-07-30 14:45:58,515 - VALO360 - DEBUG - 配置保存成功
2025-07-30 14:45:58,523 - VALO360 - DEBUG - 配置已備份至: backup\setup_backup_20250730_144558.json
2025-07-30 14:45:58,527 - VALO360 - DEBUG - 配置保存成功
2025-07-30 14:45:58,528 - VALO360 - DEBUG - 配置已備份至: backup\setup_backup_20250730_144558.json
2025-07-30 14:45:58,532 - VALO360 - DEBUG - 配置保存成功
2025-07-30 14:45:58,533 - VALO360 - DEBUG - 配置已備份至: backup\setup_backup_20250730_144558.json
2025-07-30 14:45:58,535 - VALO360 - DEBUG - 配置保存成功
2025-07-30 14:45:58,535 - VALO360 - DEBUG - 配置已備份至: backup\setup_backup_20250730_144558.json
2025-07-30 14:45:58,540 - VALO360 - DEBUG - 配置保存成功
2025-07-30 14:45:58,544 - VALO360 - DEBUG - 配置已備份至: backup\setup_backup_20250730_144558.json
2025-07-30 14:45:58,552 - VALO360 - DEBUG - 配置保存成功
2025-07-30 14:45:58,553 - VALO360 - DEBUG - 配置已備份至: backup\setup_backup_20250730_144558.json
2025-07-30 14:45:58,557 - VALO360 - DEBUG - 配置保存成功
2025-07-30 14:45:58,557 - VALO360 - DEBUG - 配置已備份至: backup\setup_backup_20250730_144558.json
2025-07-30 14:45:58,561 - VALO360 - DEBUG - 配置保存成功
2025-07-30 14:45:58,561 - VALO360 - DEBUG - 配置已備份至: backup\setup_backup_20250730_144558.json
2025-07-30 14:45:58,565 - VALO360 - DEBUG - 配置保存成功
2025-07-30 14:45:58,586 - VALO360 - DEBUG - 配置已備份至: backup\setup_backup_20250730_144558.json
2025-07-30 14:45:58,592 - VALO360 - DEBUG - 配置保存成功
2025-07-30 14:45:58,592 - VALO360 - DEBUG - 配置已備份至: backup\setup_backup_20250730_144558.json
2025-07-30 14:45:58,595 - VALO360 - DEBUG - 配置保存成功
2025-07-30 14:45:58,597 - VALO360 - DEBUG - 配置已備份至: backup\setup_backup_20250730_144558.json
2025-07-30 14:45:58,597 - VALO360 - DEBUG - 配置保存成功
2025-07-30 14:45:58,597 - VALO360 - DEBUG - 配置已備份至: backup\setup_backup_20250730_144558.json
2025-07-30 14:45:58,606 - VALO360 - DEBUG - 配置保存成功
2025-07-30 14:45:58,624 - VALO360 - DEBUG - 配置已備份至: backup\setup_backup_20250730_144558.json
2025-07-30 14:45:58,626 - VALO360 - DEBUG - 配置保存成功
2025-07-30 14:45:58,627 - VALO360 - DEBUG - 配置已備份至: backup\setup_backup_20250730_144558.json
2025-07-30 14:45:58,630 - VALO360 - DEBUG - 配置保存成功
2025-07-30 14:45:58,631 - VALO360 - DEBUG - 配置已備份至: backup\setup_backup_20250730_144558.json
2025-07-30 14:45:58,634 - VALO360 - DEBUG - 配置保存成功
2025-07-30 14:45:58,636 - VALO360 - DEBUG - 配置已備份至: backup\setup_backup_20250730_144558.json
2025-07-30 14:45:58,639 - VALO360 - DEBUG - 配置保存成功
2025-07-30 14:45:58,660 - VALO360 - DEBUG - 配置已備份至: backup\setup_backup_20250730_144558.json
2025-07-30 14:45:58,662 - VALO360 - DEBUG - 配置保存成功
2025-07-30 14:45:58,664 - VALO360 - DEBUG - 配置已備份至: backup\setup_backup_20250730_144558.json
2025-07-30 14:45:58,666 - VALO360 - DEBUG - 配置保存成功
2025-07-30 14:45:58,668 - VALO360 - DEBUG - 配置已備份至: backup\setup_backup_20250730_144558.json
2025-07-30 14:45:58,670 - VALO360 - DEBUG - 配置保存成功
2025-07-30 14:45:58,672 - VALO360 - DEBUG - 配置已備份至: backup\setup_backup_20250730_144558.json
2025-07-30 14:45:58,674 - VALO360 - DEBUG - 配置保存成功
2025-07-30 14:45:58,679 - VALO360 - DEBUG - 配置已備份至: backup\setup_backup_20250730_144558.json
2025-07-30 14:45:58,681 - VALO360 - DEBUG - 配置保存成功
2025-07-30 14:45:58,682 - VALO360 - DEBUG - 配置已備份至: backup\setup_backup_20250730_144558.json
2025-07-30 14:45:58,682 - VALO360 - DEBUG - 配置保存成功
2025-07-30 14:45:58,685 - VALO360 - DEBUG - 配置已備份至: backup\setup_backup_20250730_144558.json
2025-07-30 14:45:58,685 - VALO360 - DEBUG - 配置保存成功
2025-07-30 14:45:58,685 - VALO360 - DEBUG - 配置已備份至: backup\setup_backup_20250730_144558.json
2025-07-30 14:45:58,685 - VALO360 - DEBUG - 配置保存成功
2025-07-30 14:45:58,696 - VALO360 - DEBUG - 配置已備份至: backup\setup_backup_20250730_144558.json
2025-07-30 14:45:58,698 - VALO360 - DEBUG - 配置保存成功
2025-07-30 14:45:58,700 - VALO360 - DEBUG - 配置已備份至: backup\setup_backup_20250730_144558.json
2025-07-30 14:45:58,702 - VALO360 - DEBUG - 配置保存成功
2025-07-30 14:45:58,704 - VALO360 - DEBUG - 配置已備份至: backup\setup_backup_20250730_144558.json
2025-07-30 14:45:58,706 - VALO360 - DEBUG - 配置保存成功
2025-07-30 14:45:58,708 - VALO360 - DEBUG - 配置已備份至: backup\setup_backup_20250730_144558.json
2025-07-30 14:45:58,710 - VALO360 - DEBUG - 配置保存成功
2025-07-30 14:45:58,710 - VALO360 - DEBUG - 配置已備份至: backup\setup_backup_20250730_144558.json
2025-07-30 14:45:58,717 - VALO360 - DEBUG - 配置保存成功
2025-07-30 14:45:58,717 - VALO360 - DEBUG - 配置已備份至: backup\setup_backup_20250730_144558.json
2025-07-30 14:45:58,717 - VALO360 - DEBUG - 配置保存成功
2025-07-30 14:45:58,717 - VALO360 - DEBUG - 配置已備份至: backup\setup_backup_20250730_144558.json
2025-07-30 14:45:58,717 - VALO360 - DEBUG - 配置保存成功
2025-07-30 14:45:58,717 - VALO360 - DEBUG - 配置已備份至: backup\setup_backup_20250730_144558.json
2025-07-30 14:45:58,726 - VALO360 - DEBUG - 配置保存成功
2025-07-30 14:45:58,734 - VALO360 - DEBUG - 配置已備份至: backup\setup_backup_20250730_144558.json
2025-07-30 14:45:58,736 - VALO360 - DEBUG - 配置保存成功
2025-07-30 14:45:58,736 - VALO360 - DEBUG - 配置已備份至: backup\setup_backup_20250730_144558.json
2025-07-30 14:45:58,738 - VALO360 - DEBUG - 配置保存成功
2025-07-30 14:45:58,740 - VALO360 - DEBUG - 配置已備份至: backup\setup_backup_20250730_144558.json
2025-07-30 14:45:58,742 - VALO360 - DEBUG - 配置保存成功
2025-07-30 14:45:58,742 - VALO360 - DEBUG - 配置已備份至: backup\setup_backup_20250730_144558.json
2025-07-30 14:45:58,744 - VALO360 - DEBUG - 配置保存成功
2025-07-30 14:45:58,749 - VALO360 - DEBUG - 配置已備份至: backup\setup_backup_20250730_144558.json
2025-07-30 14:45:58,757 - VALO360 - DEBUG - 配置保存成功
2025-07-30 14:45:58,759 - VALO360 - DEBUG - 配置已備份至: backup\setup_backup_20250730_144558.json
2025-07-30 14:45:58,759 - VALO360 - DEBUG - 配置保存成功
2025-07-30 14:45:58,762 - VALO360 - DEBUG - 配置已備份至: backup\setup_backup_20250730_144558.json
2025-07-30 14:45:58,762 - VALO360 - DEBUG - 配置保存成功
2025-07-30 14:45:58,762 - VALO360 - DEBUG - 配置已備份至: backup\setup_backup_20250730_144558.json
2025-07-30 14:45:58,768 - VALO360 - DEBUG - 配置保存成功
2025-07-30 14:45:58,777 - VALO360 - DEBUG - 配置已備份至: backup\setup_backup_20250730_144558.json
2025-07-30 14:45:58,779 - VALO360 - DEBUG - 配置保存成功
2025-07-30 14:45:58,781 - VALO360 - DEBUG - 配置已備份至: backup\setup_backup_20250730_144558.json
2025-07-30 14:45:58,783 - VALO360 - DEBUG - 配置保存成功
2025-07-30 14:45:58,785 - VALO360 - DEBUG - 配置已備份至: backup\setup_backup_20250730_144558.json
2025-07-30 14:45:58,787 - VALO360 - DEBUG - 配置保存成功
2025-07-30 14:45:58,787 - VALO360 - DEBUG - 配置已備份至: backup\setup_backup_20250730_144558.json
2025-07-30 14:45:58,789 - VALO360 - DEBUG - 配置保存成功
2025-07-30 14:45:58,797 - VALO360 - DEBUG - 配置已備份至: backup\setup_backup_20250730_144558.json
2025-07-30 14:45:58,797 - VALO360 - DEBUG - 配置保存成功
2025-07-30 14:45:58,797 - VALO360 - DEBUG - 配置已備份至: backup\setup_backup_20250730_144558.json
2025-07-30 14:45:58,797 - VALO360 - DEBUG - 配置保存成功
2025-07-30 14:45:58,805 - VALO360 - DEBUG - 配置已備份至: backup\setup_backup_20250730_144558.json
2025-07-30 14:45:58,807 - VALO360 - DEBUG - 配置保存成功
2025-07-30 14:45:58,810 - VALO360 - DEBUG - 配置已備份至: backup\setup_backup_20250730_144558.json
2025-07-30 14:45:58,810 - VALO360 - DEBUG - 配置保存成功
2025-07-30 14:45:58,821 - VALO360 - DEBUG - 配置已備份至: backup\setup_backup_20250730_144558.json
2025-07-30 14:45:58,821 - VALO360 - DEBUG - 配置保存成功
2025-07-30 14:45:58,824 - VALO360 - DEBUG - 配置已備份至: backup\setup_backup_20250730_144558.json
2025-07-30 14:45:58,824 - VALO360 - DEBUG - 配置保存成功
2025-07-30 14:45:58,824 - VALO360 - DEBUG - 配置已備份至: backup\setup_backup_20250730_144558.json
2025-07-30 14:45:58,829 - VALO360 - DEBUG - 配置保存成功
2025-07-30 14:45:58,829 - VALO360 - DEBUG - 配置已備份至: backup\setup_backup_20250730_144558.json
2025-07-30 14:45:58,833 - VALO360 - DEBUG - 配置保存成功
2025-07-30 14:45:58,842 - VALO360 - DEBUG - 配置已備份至: backup\setup_backup_20250730_144558.json
2025-07-30 14:45:58,842 - VALO360 - DEBUG - 配置保存成功
2025-07-30 14:45:58,842 - VALO360 - DEBUG - 配置已備份至: backup\setup_backup_20250730_144558.json
2025-07-30 14:45:58,842 - VALO360 - DEBUG - 配置保存成功
2025-07-30 14:45:58,849 - VALO360 - DEBUG - 配置已備份至: backup\setup_backup_20250730_144558.json
2025-07-30 14:45:58,849 - VALO360 - DEBUG - 配置保存成功
2025-07-30 14:45:58,849 - VALO360 - DEBUG - 配置已備份至: backup\setup_backup_20250730_144558.json
2025-07-30 14:45:58,849 - VALO360 - DEBUG - 配置保存成功
2025-07-30 14:45:58,859 - VALO360 - DEBUG - 配置已備份至: backup\setup_backup_20250730_144558.json
2025-07-30 14:45:58,859 - VALO360 - DEBUG - 配置保存成功
2025-07-30 14:45:58,868 - VALO360 - DEBUG - 配置已備份至: backup\setup_backup_20250730_144558.json
2025-07-30 14:45:58,870 - VALO360 - DEBUG - 配置保存成功
2025-07-30 14:45:58,871 - VALO360 - DEBUG - 配置已備份至: backup\setup_backup_20250730_144558.json
2025-07-30 14:45:58,873 - VALO360 - DEBUG - 配置保存成功
2025-07-30 14:45:58,873 - VALO360 - DEBUG - 配置已備份至: backup\setup_backup_20250730_144558.json
2025-07-30 14:45:58,873 - VALO360 - DEBUG - 配置保存成功
2025-07-30 14:45:58,886 - VALO360 - DEBUG - 配置已備份至: backup\setup_backup_20250730_144558.json
2025-07-30 14:45:58,886 - VALO360 - DEBUG - 配置保存成功
2025-07-30 14:45:58,890 - VALO360 - DEBUG - 配置已備份至: backup\setup_backup_20250730_144558.json
2025-07-30 14:45:58,891 - VALO360 - DEBUG - 配置保存成功
2025-07-30 14:45:58,891 - VALO360 - DEBUG - 配置已備份至: backup\setup_backup_20250730_144558.json
2025-07-30 14:45:58,891 - VALO360 - DEBUG - 配置保存成功
2025-07-30 14:45:58,891 - VALO360 - DEBUG - 配置已備份至: backup\setup_backup_20250730_144558.json
2025-07-30 14:45:58,891 - VALO360 - DEBUG - 配置保存成功
2025-07-30 14:45:58,901 - VALO360 - DEBUG - 配置已備份至: backup\setup_backup_20250730_144558.json
2025-07-30 14:45:58,909 - VALO360 - DEBUG - 配置保存成功
2025-07-30 14:45:58,912 - VALO360 - DEBUG - 配置已備份至: backup\setup_backup_20250730_144558.json
2025-07-30 14:45:58,912 - VALO360 - DEBUG - 配置保存成功
2025-07-30 14:45:58,915 - VALO360 - DEBUG - 配置已備份至: backup\setup_backup_20250730_144558.json
2025-07-30 14:45:58,916 - VALO360 - DEBUG - 配置保存成功
2025-07-30 14:45:58,916 - VALO360 - DEBUG - 配置已備份至: backup\setup_backup_20250730_144558.json
2025-07-30 14:45:58,920 - VALO360 - DEBUG - 配置保存成功
2025-07-30 14:45:58,920 - VALO360 - DEBUG - 配置已備份至: backup\setup_backup_20250730_144558.json
2025-07-30 14:45:58,930 - VALO360 - DEBUG - 配置保存成功
2025-07-30 14:45:58,933 - VALO360 - DEBUG - 配置已備份至: backup\setup_backup_20250730_144558.json
2025-07-30 14:45:58,933 - VALO360 - DEBUG - 配置保存成功
2025-07-30 14:45:58,933 - VALO360 - DEBUG - 配置已備份至: backup\setup_backup_20250730_144558.json
2025-07-30 14:45:58,933 - VALO360 - DEBUG - 配置保存成功
2025-07-30 14:45:58,933 - VALO360 - DEBUG - 配置已備份至: backup\setup_backup_20250730_144558.json
2025-07-30 14:45:58,941 - VALO360 - DEBUG - 配置保存成功
2025-07-30 14:45:58,952 - VALO360 - DEBUG - 配置已備份至: backup\setup_backup_20250730_144558.json
2025-07-30 14:45:58,954 - VALO360 - DEBUG - 配置保存成功
2025-07-30 14:45:58,954 - VALO360 - DEBUG - 配置已備份至: backup\setup_backup_20250730_144558.json
2025-07-30 14:45:58,954 - VALO360 - DEBUG - 配置保存成功
2025-07-30 14:45:58,954 - VALO360 - DEBUG - 配置已備份至: backup\setup_backup_20250730_144558.json
2025-07-30 14:45:58,954 - VALO360 - DEBUG - 配置保存成功
2025-07-30 14:45:58,961 - VALO360 - DEBUG - 配置已備份至: backup\setup_backup_20250730_144558.json
2025-07-30 14:45:58,961 - VALO360 - DEBUG - 配置保存成功
2025-07-30 14:45:58,974 - VALO360 - DEBUG - 配置已備份至: backup\setup_backup_20250730_144558.json
2025-07-30 14:45:58,976 - VALO360 - DEBUG - 配置保存成功
2025-07-30 14:45:58,978 - VALO360 - DEBUG - 配置已備份至: backup\setup_backup_20250730_144558.json
2025-07-30 14:45:58,979 - VALO360 - DEBUG - 配置保存成功
2025-07-30 14:45:58,979 - VALO360 - DEBUG - 配置已備份至: backup\setup_backup_20250730_144558.json
2025-07-30 14:45:58,982 - VALO360 - DEBUG - 配置保存成功
2025-07-30 14:45:58,985 - VALO360 - DEBUG - 配置已備份至: backup\setup_backup_20250730_144558.json
2025-07-30 14:45:58,987 - VALO360 - DEBUG - 配置保存成功
2025-07-30 14:45:58,997 - VALO360 - DEBUG - 配置已備份至: backup\setup_backup_20250730_144558.json
2025-07-30 14:45:58,997 - VALO360 - DEBUG - 配置保存成功
2025-07-30 14:45:59,000 - VALO360 - DEBUG - 配置已備份至: backup\setup_backup_20250730_144559.json
2025-07-30 14:45:59,002 - VALO360 - DEBUG - 已刪除舊備份: backup\setup_backup_20250730_144227.json
2025-07-30 14:45:59,002 - VALO360 - DEBUG - 配置保存成功
2025-07-30 14:45:59,005 - VALO360 - DEBUG - 配置已備份至: backup\setup_backup_20250730_144559.json
2025-07-30 14:45:59,007 - VALO360 - DEBUG - 配置保存成功
2025-07-30 14:45:59,007 - VALO360 - DEBUG - 配置已備份至: backup\setup_backup_20250730_144559.json
2025-07-30 14:45:59,009 - VALO360 - DEBUG - 配置保存成功
2025-07-30 14:45:59,018 - VALO360 - DEBUG - 配置已備份至: backup\setup_backup_20250730_144559.json
2025-07-30 14:45:59,024 - VALO360 - DEBUG - 配置保存成功
2025-07-30 14:45:59,026 - VALO360 - DEBUG - 配置已備份至: backup\setup_backup_20250730_144559.json
2025-07-30 14:45:59,028 - VALO360 - DEBUG - 配置保存成功
2025-07-30 14:45:59,028 - VALO360 - DEBUG - 配置已備份至: backup\setup_backup_20250730_144559.json
2025-07-30 14:45:59,032 - VALO360 - DEBUG - 配置保存成功
2025-07-30 14:45:59,032 - VALO360 - DEBUG - 配置已備份至: backup\setup_backup_20250730_144559.json
2025-07-30 14:45:59,036 - VALO360 - DEBUG - 配置保存成功
2025-07-30 14:45:59,044 - VALO360 - DEBUG - 配置已備份至: backup\setup_backup_20250730_144559.json
2025-07-30 14:45:59,046 - VALO360 - DEBUG - 配置保存成功
2025-07-30 14:45:59,046 - VALO360 - DEBUG - 配置已備份至: backup\setup_backup_20250730_144559.json
2025-07-30 14:45:59,050 - VALO360 - DEBUG - 配置保存成功
2025-07-30 14:45:59,051 - VALO360 - DEBUG - 配置已備份至: backup\setup_backup_20250730_144559.json
2025-07-30 14:45:59,053 - VALO360 - DEBUG - 配置保存成功
2025-07-30 14:45:59,056 - VALO360 - DEBUG - 配置已備份至: backup\setup_backup_20250730_144559.json
2025-07-30 14:45:59,058 - VALO360 - DEBUG - 配置保存成功
2025-07-30 14:45:59,069 - VALO360 - DEBUG - 配置已備份至: backup\setup_backup_20250730_144559.json
2025-07-30 14:45:59,071 - VALO360 - DEBUG - 配置保存成功
2025-07-30 14:45:59,071 - VALO360 - DEBUG - 配置已備份至: backup\setup_backup_20250730_144559.json
2025-07-30 14:45:59,073 - VALO360 - DEBUG - 配置保存成功
2025-07-30 14:45:59,075 - VALO360 - DEBUG - 配置已備份至: backup\setup_backup_20250730_144559.json
2025-07-30 14:45:59,077 - VALO360 - DEBUG - 配置保存成功
2025-07-30 14:45:59,079 - VALO360 - DEBUG - 配置已備份至: backup\setup_backup_20250730_144559.json
2025-07-30 14:45:59,081 - VALO360 - DEBUG - 配置保存成功
2025-07-30 14:45:59,089 - VALO360 - DEBUG - 配置已備份至: backup\setup_backup_20250730_144559.json
2025-07-30 14:45:59,091 - VALO360 - DEBUG - 配置保存成功
2025-07-30 14:45:59,093 - VALO360 - DEBUG - 配置已備份至: backup\setup_backup_20250730_144559.json
2025-07-30 14:45:59,095 - VALO360 - DEBUG - 配置保存成功
2025-07-30 14:45:59,095 - VALO360 - DEBUG - 配置已備份至: backup\setup_backup_20250730_144559.json
2025-07-30 14:45:59,097 - VALO360 - DEBUG - 配置保存成功
2025-07-30 14:45:59,099 - VALO360 - DEBUG - 配置已備份至: backup\setup_backup_20250730_144559.json
2025-07-30 14:45:59,101 - VALO360 - DEBUG - 配置保存成功
2025-07-30 14:45:59,104 - VALO360 - DEBUG - 配置已備份至: backup\setup_backup_20250730_144559.json
2025-07-30 14:45:59,104 - VALO360 - DEBUG - 配置保存成功
2025-07-30 14:45:59,109 - VALO360 - DEBUG - 配置已備份至: backup\setup_backup_20250730_144559.json
2025-07-30 14:45:59,111 - VALO360 - DEBUG - 配置保存成功
2025-07-30 14:45:59,113 - VALO360 - DEBUG - 配置已備份至: backup\setup_backup_20250730_144559.json
2025-07-30 14:45:59,114 - VALO360 - DEBUG - 配置保存成功
2025-07-30 14:45:59,117 - VALO360 - DEBUG - 配置已備份至: backup\setup_backup_20250730_144559.json
2025-07-30 14:45:59,118 - VALO360 - DEBUG - 配置保存成功
2025-07-30 14:45:59,122 - VALO360 - DEBUG - 配置已備份至: backup\setup_backup_20250730_144559.json
2025-07-30 14:45:59,125 - VALO360 - DEBUG - 配置保存成功
2025-07-30 14:45:59,127 - VALO360 - DEBUG - 配置已備份至: backup\setup_backup_20250730_144559.json
2025-07-30 14:45:59,128 - VALO360 - DEBUG - 配置保存成功
2025-07-30 14:45:59,130 - VALO360 - DEBUG - 配置已備份至: backup\setup_backup_20250730_144559.json
2025-07-30 14:45:59,131 - VALO360 - DEBUG - 配置保存成功
2025-07-30 14:45:59,134 - VALO360 - DEBUG - 配置已備份至: backup\setup_backup_20250730_144559.json
2025-07-30 14:45:59,135 - VALO360 - DEBUG - 配置保存成功
2025-07-30 14:45:59,141 - VALO360 - DEBUG - 配置已備份至: backup\setup_backup_20250730_144559.json
2025-07-30 14:45:59,143 - VALO360 - DEBUG - 配置保存成功
2025-07-30 14:45:59,144 - VALO360 - DEBUG - 配置已備份至: backup\setup_backup_20250730_144559.json
2025-07-30 14:45:59,146 - VALO360 - DEBUG - 配置保存成功
2025-07-30 14:45:59,148 - VALO360 - DEBUG - 配置已備份至: backup\setup_backup_20250730_144559.json
2025-07-30 14:45:59,150 - VALO360 - DEBUG - 配置保存成功
2025-07-30 14:45:59,150 - VALO360 - DEBUG - 配置已備份至: backup\setup_backup_20250730_144559.json
2025-07-30 14:45:59,154 - VALO360 - DEBUG - 配置保存成功
2025-07-30 14:45:59,154 - VALO360 - DEBUG - 配置已備份至: backup\setup_backup_20250730_144559.json
2025-07-30 14:45:59,154 - VALO360 - DEBUG - 配置保存成功
2025-07-30 14:45:59,162 - VALO360 - DEBUG - 配置已備份至: backup\setup_backup_20250730_144559.json
2025-07-30 14:45:59,163 - VALO360 - DEBUG - 配置保存成功
2025-07-30 14:45:59,165 - VALO360 - DEBUG - 配置已備份至: backup\setup_backup_20250730_144559.json
2025-07-30 14:45:59,167 - VALO360 - DEBUG - 配置保存成功
2025-07-30 14:45:59,169 - VALO360 - DEBUG - 配置已備份至: backup\setup_backup_20250730_144559.json
2025-07-30 14:45:59,170 - VALO360 - DEBUG - 配置保存成功
2025-07-30 14:45:59,175 - VALO360 - DEBUG - 配置已備份至: backup\setup_backup_20250730_144559.json
2025-07-30 14:45:59,177 - VALO360 - DEBUG - 配置保存成功
2025-07-30 14:45:59,179 - VALO360 - DEBUG - 配置已備份至: backup\setup_backup_20250730_144559.json
2025-07-30 14:45:59,181 - VALO360 - DEBUG - 配置保存成功
2025-07-30 14:45:59,183 - VALO360 - DEBUG - 配置已備份至: backup\setup_backup_20250730_144559.json
2025-07-30 14:45:59,185 - VALO360 - DEBUG - 配置保存成功
2025-07-30 14:45:59,185 - VALO360 - DEBUG - 配置已備份至: backup\setup_backup_20250730_144559.json
2025-07-30 14:45:59,187 - VALO360 - DEBUG - 配置保存成功
2025-07-30 14:45:59,193 - VALO360 - DEBUG - 配置已備份至: backup\setup_backup_20250730_144559.json
2025-07-30 14:45:59,195 - VALO360 - DEBUG - 配置保存成功
2025-07-30 14:45:59,196 - VALO360 - DEBUG - 配置已備份至: backup\setup_backup_20250730_144559.json
2025-07-30 14:45:59,198 - VALO360 - DEBUG - 配置保存成功
2025-07-30 14:45:59,200 - VALO360 - DEBUG - 配置已備份至: backup\setup_backup_20250730_144559.json
2025-07-30 14:45:59,202 - VALO360 - DEBUG - 配置保存成功
2025-07-30 14:45:59,204 - VALO360 - DEBUG - 配置已備份至: backup\setup_backup_20250730_144559.json
2025-07-30 14:45:59,206 - VALO360 - DEBUG - 配置保存成功
2025-07-30 14:45:59,206 - VALO360 - DEBUG - 配置已備份至: backup\setup_backup_20250730_144559.json
2025-07-30 14:45:59,211 - VALO360 - DEBUG - 配置保存成功
2025-07-30 14:45:59,213 - VALO360 - DEBUG - 配置已備份至: backup\setup_backup_20250730_144559.json
2025-07-30 14:45:59,214 - VALO360 - DEBUG - 配置保存成功
2025-07-30 14:45:59,216 - VALO360 - DEBUG - 配置已備份至: backup\setup_backup_20250730_144559.json
2025-07-30 14:45:59,218 - VALO360 - DEBUG - 配置保存成功
2025-07-30 14:45:59,220 - VALO360 - DEBUG - 配置已備份至: backup\setup_backup_20250730_144559.json
2025-07-30 14:45:59,221 - VALO360 - DEBUG - 配置保存成功
2025-07-30 14:45:59,226 - VALO360 - DEBUG - 配置已備份至: backup\setup_backup_20250730_144559.json
2025-07-30 14:45:59,227 - VALO360 - DEBUG - 配置保存成功
2025-07-30 14:45:59,229 - VALO360 - DEBUG - 配置已備份至: backup\setup_backup_20250730_144559.json
2025-07-30 14:45:59,230 - VALO360 - DEBUG - 配置保存成功
2025-07-30 14:45:59,233 - VALO360 - DEBUG - 配置已備份至: backup\setup_backup_20250730_144559.json
2025-07-30 14:45:59,234 - VALO360 - DEBUG - 配置保存成功
2025-07-30 14:45:59,236 - VALO360 - DEBUG - 配置已備份至: backup\setup_backup_20250730_144559.json
2025-07-30 14:45:59,238 - VALO360 - DEBUG - 配置保存成功
2025-07-30 14:45:59,240 - VALO360 - DEBUG - 配置已備份至: backup\setup_backup_20250730_144559.json
2025-07-30 14:45:59,242 - VALO360 - DEBUG - 配置保存成功
2025-07-30 14:45:59,298 - VALO360 - DEBUG - 配置已備份至: backup\setup_backup_20250730_144559.json
2025-07-30 14:45:59,305 - VALO360 - DEBUG - 配置保存成功
2025-07-30 14:45:59,308 - VALO360 - DEBUG - 配置已備份至: backup\setup_backup_20250730_144559.json
2025-07-30 14:45:59,310 - VALO360 - DEBUG - 配置保存成功
2025-07-30 14:45:59,312 - VALO360 - DEBUG - 配置已備份至: backup\setup_backup_20250730_144559.json
2025-07-30 14:45:59,315 - VALO360 - DEBUG - 配置保存成功
2025-07-30 14:45:59,315 - VALO360 - DEBUG - 配置已備份至: backup\setup_backup_20250730_144559.json
2025-07-30 14:45:59,318 - VALO360 - DEBUG - 配置保存成功
2025-07-30 14:45:59,321 - VALO360 - DEBUG - 配置已備份至: backup\setup_backup_20250730_144559.json
2025-07-30 14:45:59,326 - VALO360 - DEBUG - 配置保存成功
2025-07-30 14:45:59,326 - VALO360 - DEBUG - 配置已備份至: backup\setup_backup_20250730_144559.json
2025-07-30 14:45:59,331 - VALO360 - DEBUG - 配置保存成功
2025-07-30 14:45:59,333 - VALO360 - DEBUG - 配置已備份至: backup\setup_backup_20250730_144559.json
2025-07-30 14:45:59,335 - VALO360 - DEBUG - 配置保存成功
2025-07-30 14:45:59,337 - VALO360 - DEBUG - 配置已備份至: backup\setup_backup_20250730_144559.json
2025-07-30 14:45:59,340 - VALO360 - DEBUG - 配置保存成功
2025-07-30 14:45:59,341 - VALO360 - DEBUG - 配置已備份至: backup\setup_backup_20250730_144559.json
2025-07-30 14:45:59,341 - VALO360 - DEBUG - 配置保存成功
2025-07-30 14:45:59,346 - VALO360 - DEBUG - 配置已備份至: backup\setup_backup_20250730_144559.json
2025-07-30 14:45:59,348 - VALO360 - DEBUG - 配置保存成功
2025-07-30 14:45:59,350 - VALO360 - DEBUG - 配置已備份至: backup\setup_backup_20250730_144559.json
2025-07-30 14:45:59,351 - VALO360 - DEBUG - 配置保存成功
2025-07-30 14:45:59,354 - VALO360 - DEBUG - 配置已備份至: backup\setup_backup_20250730_144559.json
2025-07-30 14:45:59,355 - VALO360 - DEBUG - 配置保存成功
2025-07-30 14:45:59,486 - VALO360 - DEBUG - 配置已備份至: backup\setup_backup_20250730_144559.json
2025-07-30 14:45:59,488 - VALO360 - DEBUG - 配置保存成功
2025-07-30 14:45:59,488 - VALO360 - DEBUG - 配置已備份至: backup\setup_backup_20250730_144559.json
2025-07-30 14:45:59,488 - VALO360 - DEBUG - 配置保存成功
2025-07-30 14:45:59,494 - VALO360 - DEBUG - 配置已備份至: backup\setup_backup_20250730_144559.json
2025-07-30 14:45:59,495 - VALO360 - DEBUG - 配置保存成功
2025-07-30 14:45:59,497 - VALO360 - DEBUG - 配置已備份至: backup\setup_backup_20250730_144559.json
2025-07-30 14:45:59,497 - VALO360 - DEBUG - 配置保存成功
2025-07-30 14:45:59,504 - VALO360 - DEBUG - 配置已備份至: backup\setup_backup_20250730_144559.json
2025-07-30 14:45:59,506 - VALO360 - DEBUG - 配置保存成功
2025-07-30 14:45:59,508 - VALO360 - DEBUG - 配置已備份至: backup\setup_backup_20250730_144559.json
2025-07-30 14:45:59,509 - VALO360 - DEBUG - 配置保存成功
2025-07-30 14:45:59,511 - VALO360 - DEBUG - 配置已備份至: backup\setup_backup_20250730_144559.json
2025-07-30 14:45:59,512 - VALO360 - DEBUG - 配置保存成功
2025-07-30 14:45:59,514 - VALO360 - DEBUG - 配置已備份至: backup\setup_backup_20250730_144559.json
2025-07-30 14:45:59,516 - VALO360 - DEBUG - 配置保存成功
2025-07-30 14:45:59,521 - VALO360 - DEBUG - 配置已備份至: backup\setup_backup_20250730_144559.json
2025-07-30 14:45:59,523 - VALO360 - DEBUG - 配置保存成功
2025-07-30 14:45:59,524 - VALO360 - DEBUG - 配置已備份至: backup\setup_backup_20250730_144559.json
2025-07-30 14:45:59,526 - VALO360 - DEBUG - 配置保存成功
2025-07-30 14:45:59,528 - VALO360 - DEBUG - 配置已備份至: backup\setup_backup_20250730_144559.json
2025-07-30 14:45:59,530 - VALO360 - DEBUG - 配置保存成功
2025-07-30 14:45:59,532 - VALO360 - DEBUG - 配置已備份至: backup\setup_backup_20250730_144559.json
2025-07-30 14:45:59,536 - VALO360 - DEBUG - 配置保存成功
2025-07-30 14:45:59,541 - VALO360 - DEBUG - 配置已備份至: backup\setup_backup_20250730_144559.json
2025-07-30 14:45:59,542 - VALO360 - DEBUG - 配置保存成功
2025-07-30 14:45:59,544 - VALO360 - DEBUG - 配置已備份至: backup\setup_backup_20250730_144559.json
2025-07-30 14:45:59,545 - VALO360 - DEBUG - 配置保存成功
2025-07-30 14:45:59,545 - VALO360 - DEBUG - 配置已備份至: backup\setup_backup_20250730_144559.json
2025-07-30 14:45:59,549 - VALO360 - DEBUG - 配置保存成功
2025-07-30 14:45:59,552 - VALO360 - DEBUG - 配置已備份至: backup\setup_backup_20250730_144559.json
2025-07-30 14:45:59,554 - VALO360 - DEBUG - 配置保存成功
2025-07-30 14:45:59,559 - VALO360 - DEBUG - 配置已備份至: backup\setup_backup_20250730_144559.json
2025-07-30 14:45:59,559 - VALO360 - DEBUG - 配置保存成功
2025-07-30 14:45:59,561 - VALO360 - DEBUG - 配置已備份至: backup\setup_backup_20250730_144559.json
2025-07-30 14:45:59,563 - VALO360 - DEBUG - 配置保存成功
2025-07-30 14:45:59,565 - VALO360 - DEBUG - 配置已備份至: backup\setup_backup_20250730_144559.json
2025-07-30 14:45:59,567 - VALO360 - DEBUG - 配置保存成功
2025-07-30 14:45:59,569 - VALO360 - DEBUG - 配置已備份至: backup\setup_backup_20250730_144559.json
2025-07-30 14:45:59,571 - VALO360 - DEBUG - 配置保存成功
2025-07-30 14:45:59,575 - VALO360 - DEBUG - 配置已備份至: backup\setup_backup_20250730_144559.json
2025-07-30 14:45:59,576 - VALO360 - DEBUG - 配置保存成功
2025-07-30 14:45:59,579 - VALO360 - DEBUG - 配置已備份至: backup\setup_backup_20250730_144559.json
2025-07-30 14:45:59,581 - VALO360 - DEBUG - 配置保存成功
2025-07-30 14:45:59,581 - VALO360 - DEBUG - 配置已備份至: backup\setup_backup_20250730_144559.json
2025-07-30 14:45:59,585 - VALO360 - DEBUG - 配置保存成功
2025-07-30 14:45:59,587 - VALO360 - DEBUG - 配置已備份至: backup\setup_backup_20250730_144559.json
2025-07-30 14:45:59,587 - VALO360 - DEBUG - 配置保存成功
2025-07-30 14:45:59,595 - VALO360 - DEBUG - 配置已備份至: backup\setup_backup_20250730_144559.json
2025-07-30 14:45:59,595 - VALO360 - DEBUG - 配置保存成功
2025-07-30 14:45:59,599 - VALO360 - DEBUG - 配置已備份至: backup\setup_backup_20250730_144559.json
2025-07-30 14:45:59,599 - VALO360 - DEBUG - 配置保存成功
2025-07-30 14:45:59,602 - VALO360 - DEBUG - 配置已備份至: backup\setup_backup_20250730_144559.json
2025-07-30 14:45:59,604 - VALO360 - DEBUG - 配置保存成功
2025-07-30 14:45:59,605 - VALO360 - DEBUG - 配置已備份至: backup\setup_backup_20250730_144559.json
2025-07-30 14:45:59,607 - VALO360 - DEBUG - 配置保存成功
2025-07-30 14:45:59,659 - VALO360 - DEBUG - 配置已備份至: backup\setup_backup_20250730_144559.json
2025-07-30 14:45:59,665 - VALO360 - DEBUG - 配置保存成功
2025-07-30 14:45:59,668 - VALO360 - DEBUG - 配置已備份至: backup\setup_backup_20250730_144559.json
2025-07-30 14:45:59,670 - VALO360 - DEBUG - 配置保存成功
2025-07-30 14:45:59,673 - VALO360 - DEBUG - 配置已備份至: backup\setup_backup_20250730_144559.json
2025-07-30 14:45:59,675 - VALO360 - DEBUG - 配置保存成功
2025-07-30 14:45:59,678 - VALO360 - DEBUG - 配置已備份至: backup\setup_backup_20250730_144559.json
2025-07-30 14:45:59,681 - VALO360 - DEBUG - 配置保存成功
2025-07-30 14:45:59,686 - VALO360 - DEBUG - 配置已備份至: backup\setup_backup_20250730_144559.json
2025-07-30 14:45:59,690 - VALO360 - DEBUG - 配置保存成功
2025-07-30 14:45:59,690 - VALO360 - DEBUG - 配置已備份至: backup\setup_backup_20250730_144559.json
2025-07-30 14:45:59,692 - VALO360 - DEBUG - 配置保存成功
2025-07-30 14:45:59,693 - VALO360 - DEBUG - 配置已備份至: backup\setup_backup_20250730_144559.json
2025-07-30 14:45:59,695 - VALO360 - DEBUG - 配置保存成功
2025-07-30 14:45:59,697 - VALO360 - DEBUG - 配置已備份至: backup\setup_backup_20250730_144559.json
2025-07-30 14:45:59,698 - VALO360 - DEBUG - 配置保存成功
2025-07-30 14:45:59,704 - VALO360 - DEBUG - 配置已備份至: backup\setup_backup_20250730_144559.json
2025-07-30 14:45:59,705 - VALO360 - DEBUG - 配置保存成功
2025-07-30 14:45:59,707 - VALO360 - DEBUG - 配置已備份至: backup\setup_backup_20250730_144559.json
2025-07-30 14:45:59,709 - VALO360 - DEBUG - 配置保存成功
2025-07-30 14:45:59,710 - VALO360 - DEBUG - 配置已備份至: backup\setup_backup_20250730_144559.json
2025-07-30 14:45:59,712 - VALO360 - DEBUG - 配置保存成功
2025-07-30 14:45:59,713 - VALO360 - DEBUG - 配置已備份至: backup\setup_backup_20250730_144559.json
2025-07-30 14:45:59,716 - VALO360 - DEBUG - 配置保存成功
2025-07-30 14:45:59,720 - VALO360 - DEBUG - 配置已備份至: backup\setup_backup_20250730_144559.json
2025-07-30 14:45:59,722 - VALO360 - DEBUG - 配置保存成功
2025-07-30 14:45:59,724 - VALO360 - DEBUG - 配置已備份至: backup\setup_backup_20250730_144559.json
2025-07-30 14:45:59,725 - VALO360 - DEBUG - 配置保存成功
2025-07-30 14:45:59,727 - VALO360 - DEBUG - 配置已備份至: backup\setup_backup_20250730_144559.json
2025-07-30 14:45:59,729 - VALO360 - DEBUG - 配置保存成功
2025-07-30 14:45:59,729 - VALO360 - DEBUG - 配置已備份至: backup\setup_backup_20250730_144559.json
2025-07-30 14:45:59,733 - VALO360 - DEBUG - 配置保存成功
2025-07-30 14:45:59,952 - VALO360 - DEBUG - 配置已備份至: backup\setup_backup_20250730_144559.json
2025-07-30 14:45:59,961 - VALO360 - DEBUG - 配置保存成功
2025-07-30 14:45:59,961 - VALO360 - DEBUG - 配置已備份至: backup\setup_backup_20250730_144559.json
2025-07-30 14:45:59,961 - VALO360 - DEBUG - 配置保存成功
2025-07-30 14:45:59,972 - VALO360 - DEBUG - 配置已備份至: backup\setup_backup_20250730_144559.json
2025-07-30 14:45:59,975 - VALO360 - DEBUG - 配置保存成功
2025-07-30 14:45:59,975 - VALO360 - DEBUG - 配置已備份至: backup\setup_backup_20250730_144559.json
2025-07-30 14:45:59,983 - VALO360 - DEBUG - 配置保存成功
2025-07-30 14:45:59,989 - VALO360 - DEBUG - 配置已備份至: backup\setup_backup_20250730_144559.json
2025-07-30 14:45:59,991 - VALO360 - DEBUG - 配置保存成功
2025-07-30 14:45:59,991 - VALO360 - DEBUG - 配置已備份至: backup\setup_backup_20250730_144559.json
2025-07-30 14:45:59,994 - VALO360 - DEBUG - 配置保存成功
2025-07-30 14:45:59,994 - VALO360 - DEBUG - 配置已備份至: backup\setup_backup_20250730_144559.json
2025-07-30 14:45:59,994 - VALO360 - DEBUG - 配置保存成功
2025-07-30 14:46:00,002 - VALO360 - DEBUG - 配置已備份至: backup\setup_backup_20250730_144600.json
2025-07-30 14:46:00,004 - VALO360 - DEBUG - 已刪除舊備份: backup\setup_backup_20250730_144228.json
2025-07-30 14:46:00,004 - VALO360 - DEBUG - 配置保存成功
2025-07-30 14:46:00,009 - VALO360 - DEBUG - 配置已備份至: backup\setup_backup_20250730_144600.json
2025-07-30 14:46:00,014 - VALO360 - DEBUG - 配置保存成功
2025-07-30 14:46:00,017 - VALO360 - DEBUG - 配置已備份至: backup\setup_backup_20250730_144600.json
2025-07-30 14:46:00,019 - VALO360 - DEBUG - 配置保存成功
2025-07-30 14:46:00,019 - VALO360 - DEBUG - 配置已備份至: backup\setup_backup_20250730_144600.json
2025-07-30 14:46:00,023 - VALO360 - DEBUG - 配置保存成功
2025-07-30 14:46:00,025 - VALO360 - DEBUG - 配置已備份至: backup\setup_backup_20250730_144600.json
2025-07-30 14:46:00,027 - VALO360 - DEBUG - 配置保存成功
2025-07-30 14:46:00,032 - VALO360 - DEBUG - 配置已備份至: backup\setup_backup_20250730_144600.json
2025-07-30 14:46:00,036 - VALO360 - DEBUG - 配置保存成功
2025-07-30 14:46:00,036 - VALO360 - DEBUG - 配置已備份至: backup\setup_backup_20250730_144600.json
2025-07-30 14:46:00,040 - VALO360 - DEBUG - 配置保存成功
2025-07-30 14:46:00,040 - VALO360 - DEBUG - 配置已備份至: backup\setup_backup_20250730_144600.json
2025-07-30 14:46:00,043 - VALO360 - DEBUG - 配置保存成功
2025-07-30 14:46:00,045 - VALO360 - DEBUG - 配置已備份至: backup\setup_backup_20250730_144600.json
2025-07-30 14:46:00,047 - VALO360 - DEBUG - 配置保存成功
2025-07-30 14:46:00,051 - VALO360 - DEBUG - 配置已備份至: backup\setup_backup_20250730_144600.json
2025-07-30 14:46:00,054 - VALO360 - DEBUG - 配置保存成功
2025-07-30 14:46:00,056 - VALO360 - DEBUG - 配置已備份至: backup\setup_backup_20250730_144600.json
2025-07-30 14:46:00,056 - VALO360 - DEBUG - 配置保存成功
2025-07-30 14:46:00,056 - VALO360 - DEBUG - 配置已備份至: backup\setup_backup_20250730_144600.json
2025-07-30 14:46:00,056 - VALO360 - DEBUG - 配置保存成功
2025-07-30 14:46:00,056 - VALO360 - DEBUG - 配置已備份至: backup\setup_backup_20250730_144600.json
2025-07-30 14:46:00,063 - VALO360 - DEBUG - 配置保存成功
2025-07-30 14:46:00,147 - VALO360 - DEBUG - 配置已備份至: backup\setup_backup_20250730_144600.json
2025-07-30 14:46:00,156 - VALO360 - DEBUG - 配置保存成功
2025-07-30 14:46:00,159 - VALO360 - DEBUG - 配置已備份至: backup\setup_backup_20250730_144600.json
2025-07-30 14:46:00,159 - VALO360 - DEBUG - 配置保存成功
2025-07-30 14:46:00,163 - VALO360 - DEBUG - 配置已備份至: backup\setup_backup_20250730_144600.json
2025-07-30 14:46:00,165 - VALO360 - DEBUG - 配置保存成功
2025-07-30 14:46:00,167 - VALO360 - DEBUG - 配置已備份至: backup\setup_backup_20250730_144600.json
2025-07-30 14:46:00,170 - VALO360 - DEBUG - 配置保存成功
2025-07-30 14:46:00,172 - VALO360 - DEBUG - 配置已備份至: backup\setup_backup_20250730_144600.json
2025-07-30 14:46:00,179 - VALO360 - DEBUG - 配置保存成功
2025-07-30 14:46:00,180 - VALO360 - DEBUG - 配置已備份至: backup\setup_backup_20250730_144600.json
2025-07-30 14:46:00,180 - VALO360 - DEBUG - 配置保存成功
2025-07-30 14:46:00,184 - VALO360 - DEBUG - 配置已備份至: backup\setup_backup_20250730_144600.json
2025-07-30 14:46:00,186 - VALO360 - DEBUG - 配置保存成功
2025-07-30 14:46:00,188 - VALO360 - DEBUG - 配置已備份至: backup\setup_backup_20250730_144600.json
2025-07-30 14:46:00,189 - VALO360 - DEBUG - 配置保存成功
2025-07-30 14:46:00,193 - VALO360 - DEBUG - 配置已備份至: backup\setup_backup_20250730_144600.json
2025-07-30 14:46:00,195 - VALO360 - DEBUG - 配置保存成功
2025-07-30 14:46:00,196 - VALO360 - DEBUG - 配置已備份至: backup\setup_backup_20250730_144600.json
2025-07-30 14:46:00,200 - VALO360 - DEBUG - 配置保存成功
2025-07-30 14:46:00,203 - VALO360 - DEBUG - 配置已備份至: backup\setup_backup_20250730_144600.json
2025-07-30 14:46:00,206 - VALO360 - DEBUG - 配置保存成功
2025-07-30 14:46:00,207 - VALO360 - DEBUG - 配置已備份至: backup\setup_backup_20250730_144600.json
2025-07-30 14:46:00,207 - VALO360 - DEBUG - 配置保存成功
2025-07-30 14:46:00,216 - VALO360 - DEBUG - 配置已備份至: backup\setup_backup_20250730_144600.json
2025-07-30 14:46:00,219 - VALO360 - DEBUG - 配置保存成功
2025-07-30 14:46:00,220 - VALO360 - DEBUG - 配置已備份至: backup\setup_backup_20250730_144600.json
2025-07-30 14:46:00,222 - VALO360 - DEBUG - 配置保存成功
2025-07-30 14:46:00,223 - VALO360 - DEBUG - 配置已備份至: backup\setup_backup_20250730_144600.json
2025-07-30 14:46:00,226 - VALO360 - DEBUG - 配置保存成功
2025-07-30 14:46:00,227 - VALO360 - DEBUG - 配置已備份至: backup\setup_backup_20250730_144600.json
2025-07-30 14:46:00,229 - VALO360 - DEBUG - 配置保存成功
2025-07-30 14:46:03,839 - VALO360 - DEBUG - 配置已備份至: backup\setup_backup_20250730_144603.json
2025-07-30 14:46:03,849 - VALO360 - DEBUG - 已刪除舊備份: backup\setup_backup_20250730_144229.json
2025-07-30 14:46:03,849 - VALO360 - DEBUG - 配置保存成功
2025-07-30 14:46:03,851 - VALO360 - DEBUG - 配置已備份至: backup\setup_backup_20250730_144603.json
2025-07-30 14:46:03,851 - VALO360 - DEBUG - 配置保存成功
2025-07-30 14:46:03,851 - VALO360 - DEBUG - 配置已備份至: backup\setup_backup_20250730_144603.json
2025-07-30 14:46:03,857 - VALO360 - DEBUG - 配置保存成功
2025-07-30 14:46:03,858 - VALO360 - DEBUG - 配置已備份至: backup\setup_backup_20250730_144603.json
2025-07-30 14:46:03,858 - VALO360 - DEBUG - 配置保存成功
2025-07-30 14:46:03,861 - VALO360 - DEBUG - 配置已備份至: backup\setup_backup_20250730_144603.json
2025-07-30 14:46:03,861 - VALO360 - DEBUG - 配置保存成功
2025-07-30 14:46:03,861 - VALO360 - DEBUG - 配置已備份至: backup\setup_backup_20250730_144603.json
2025-07-30 14:46:03,868 - VALO360 - DEBUG - 配置保存成功
2025-07-30 14:46:03,869 - VALO360 - DEBUG - 配置已備份至: backup\setup_backup_20250730_144603.json
2025-07-30 14:46:03,869 - VALO360 - DEBUG - 配置保存成功
2025-07-30 14:46:03,872 - VALO360 - DEBUG - 配置已備份至: backup\setup_backup_20250730_144603.json
2025-07-30 14:46:03,872 - VALO360 - DEBUG - 配置保存成功
2025-07-30 14:46:03,880 - VALO360 - DEBUG - 配置已備份至: backup\setup_backup_20250730_144603.json
2025-07-30 14:46:03,880 - VALO360 - DEBUG - 配置保存成功
2025-07-30 14:46:03,880 - VALO360 - DEBUG - 配置已備份至: backup\setup_backup_20250730_144603.json
2025-07-30 14:46:03,880 - VALO360 - DEBUG - 配置保存成功
2025-07-30 14:46:03,880 - VALO360 - DEBUG - 配置已備份至: backup\setup_backup_20250730_144603.json
2025-07-30 14:46:03,889 - VALO360 - DEBUG - 配置保存成功
2025-07-30 14:46:03,889 - VALO360 - DEBUG - 配置已備份至: backup\setup_backup_20250730_144603.json
2025-07-30 14:46:03,889 - VALO360 - DEBUG - 配置保存成功
2025-07-30 14:46:03,889 - VALO360 - DEBUG - 配置已備份至: backup\setup_backup_20250730_144603.json
2025-07-30 14:46:03,897 - VALO360 - DEBUG - 配置保存成功
2025-07-30 14:46:03,898 - VALO360 - DEBUG - 配置已備份至: backup\setup_backup_20250730_144603.json
2025-07-30 14:46:03,898 - VALO360 - DEBUG - 配置保存成功
2025-07-30 14:46:03,898 - VALO360 - DEBUG - 配置已備份至: backup\setup_backup_20250730_144603.json
2025-07-30 14:46:03,898 - VALO360 - DEBUG - 配置保存成功
2025-07-30 14:46:03,898 - VALO360 - DEBUG - 配置已備份至: backup\setup_backup_20250730_144603.json
2025-07-30 14:46:03,898 - VALO360 - DEBUG - 配置保存成功
2025-07-30 14:46:03,919 - VALO360 - DEBUG - 配置已備份至: backup\setup_backup_20250730_144603.json
2025-07-30 14:46:03,920 - VALO360 - DEBUG - 配置保存成功
2025-07-30 14:46:03,922 - VALO360 - DEBUG - 配置已備份至: backup\setup_backup_20250730_144603.json
2025-07-30 14:46:03,922 - VALO360 - DEBUG - 配置保存成功
2025-07-30 14:46:03,926 - VALO360 - DEBUG - 配置已備份至: backup\setup_backup_20250730_144603.json
2025-07-30 14:46:03,926 - VALO360 - DEBUG - 配置保存成功
2025-07-30 14:46:03,929 - VALO360 - DEBUG - 配置已備份至: backup\setup_backup_20250730_144603.json
2025-07-30 14:46:03,931 - VALO360 - DEBUG - 配置保存成功
2025-07-30 14:46:03,933 - VALO360 - DEBUG - 配置已備份至: backup\setup_backup_20250730_144603.json
2025-07-30 14:46:03,935 - VALO360 - DEBUG - 配置保存成功
2025-07-30 14:46:03,937 - VALO360 - DEBUG - 配置已備份至: backup\setup_backup_20250730_144603.json
2025-07-30 14:46:03,939 - VALO360 - DEBUG - 配置保存成功
2025-07-30 14:46:03,941 - VALO360 - DEBUG - 配置已備份至: backup\setup_backup_20250730_144603.json
2025-07-30 14:46:03,943 - VALO360 - DEBUG - 配置保存成功
2025-07-30 14:46:03,945 - VALO360 - DEBUG - 配置已備份至: backup\setup_backup_20250730_144603.json
2025-07-30 14:46:03,946 - VALO360 - DEBUG - 配置保存成功
2025-07-30 14:46:03,950 - VALO360 - DEBUG - 配置已備份至: backup\setup_backup_20250730_144603.json
2025-07-30 14:46:03,952 - VALO360 - DEBUG - 配置保存成功
2025-07-30 14:46:03,953 - VALO360 - DEBUG - 配置已備份至: backup\setup_backup_20250730_144603.json
2025-07-30 14:46:03,953 - VALO360 - DEBUG - 配置保存成功
2025-07-30 14:46:03,957 - VALO360 - DEBUG - 配置已備份至: backup\setup_backup_20250730_144603.json
2025-07-30 14:46:03,957 - VALO360 - DEBUG - 配置保存成功
2025-07-30 14:46:03,960 - VALO360 - DEBUG - 配置已備份至: backup\setup_backup_20250730_144603.json
2025-07-30 14:46:03,960 - VALO360 - DEBUG - 配置保存成功
2025-07-30 14:46:03,964 - VALO360 - DEBUG - 配置已備份至: backup\setup_backup_20250730_144603.json
2025-07-30 14:46:03,970 - VALO360 - DEBUG - 配置保存成功
2025-07-30 14:46:03,972 - VALO360 - DEBUG - 配置已備份至: backup\setup_backup_20250730_144603.json
2025-07-30 14:46:03,972 - VALO360 - DEBUG - 配置保存成功
2025-07-30 14:46:03,972 - VALO360 - DEBUG - 配置已備份至: backup\setup_backup_20250730_144603.json
2025-07-30 14:46:03,972 - VALO360 - DEBUG - 配置保存成功
2025-07-30 14:46:03,972 - VALO360 - DEBUG - 配置已備份至: backup\setup_backup_20250730_144603.json
2025-07-30 14:46:03,980 - VALO360 - DEBUG - 配置保存成功
2025-07-30 14:46:03,983 - VALO360 - DEBUG - 配置已備份至: backup\setup_backup_20250730_144603.json
2025-07-30 14:46:03,983 - VALO360 - DEBUG - 配置保存成功
2025-07-30 14:46:03,983 - VALO360 - DEBUG - 配置已備份至: backup\setup_backup_20250730_144603.json
2025-07-30 14:46:03,983 - VALO360 - DEBUG - 配置保存成功
2025-07-30 14:46:03,990 - VALO360 - DEBUG - 配置已備份至: backup\setup_backup_20250730_144603.json
2025-07-30 14:46:03,992 - VALO360 - DEBUG - 配置保存成功
2025-07-30 14:46:03,992 - VALO360 - DEBUG - 配置已備份至: backup\setup_backup_20250730_144603.json
2025-07-30 14:46:03,992 - VALO360 - DEBUG - 配置保存成功
2025-07-30 14:46:03,992 - VALO360 - DEBUG - 配置已備份至: backup\setup_backup_20250730_144603.json
2025-07-30 14:46:03,992 - VALO360 - DEBUG - 配置保存成功
2025-07-30 14:46:04,000 - VALO360 - DEBUG - 配置已備份至: backup\setup_backup_20250730_144604.json
2025-07-30 14:46:04,000 - VALO360 - DEBUG - 已刪除舊備份: backup\setup_backup_20250730_144231.json
2025-07-30 14:46:04,000 - VALO360 - DEBUG - 配置保存成功
2025-07-30 14:46:04,000 - VALO360 - DEBUG - 配置已備份至: backup\setup_backup_20250730_144604.json
2025-07-30 14:46:04,000 - VALO360 - DEBUG - 配置保存成功
2025-07-30 14:46:04,000 - VALO360 - DEBUG - 配置已備份至: backup\setup_backup_20250730_144604.json
2025-07-30 14:46:04,000 - VALO360 - DEBUG - 配置保存成功
2025-07-30 14:46:04,012 - VALO360 - DEBUG - 配置已備份至: backup\setup_backup_20250730_144604.json
2025-07-30 14:46:04,021 - VALO360 - DEBUG - 配置保存成功
2025-07-30 14:46:04,021 - VALO360 - DEBUG - 配置已備份至: backup\setup_backup_20250730_144604.json
2025-07-30 14:46:04,021 - VALO360 - DEBUG - 配置保存成功
2025-07-30 14:46:04,025 - VALO360 - DEBUG - 配置已備份至: backup\setup_backup_20250730_144604.json
2025-07-30 14:46:04,026 - VALO360 - DEBUG - 配置保存成功
2025-07-30 14:46:04,028 - VALO360 - DEBUG - 配置已備份至: backup\setup_backup_20250730_144604.json
2025-07-30 14:46:04,028 - VALO360 - DEBUG - 配置保存成功
2025-07-30 14:46:04,033 - VALO360 - DEBUG - 配置已備份至: backup\setup_backup_20250730_144604.json
2025-07-30 14:46:04,033 - VALO360 - DEBUG - 配置保存成功
2025-07-30 14:46:04,038 - VALO360 - DEBUG - 配置已備份至: backup\setup_backup_20250730_144604.json
2025-07-30 14:46:04,038 - VALO360 - DEBUG - 配置保存成功
2025-07-30 14:46:04,041 - VALO360 - DEBUG - 配置已備份至: backup\setup_backup_20250730_144604.json
2025-07-30 14:46:04,041 - VALO360 - DEBUG - 配置保存成功
2025-07-30 14:46:04,044 - VALO360 - DEBUG - 配置已備份至: backup\setup_backup_20250730_144604.json
2025-07-30 14:46:04,044 - VALO360 - DEBUG - 配置保存成功
2025-07-30 14:46:04,047 - VALO360 - DEBUG - 配置已備份至: backup\setup_backup_20250730_144604.json
2025-07-30 14:46:04,051 - VALO360 - DEBUG - 配置保存成功
2025-07-30 14:46:04,051 - VALO360 - DEBUG - 配置已備份至: backup\setup_backup_20250730_144604.json
2025-07-30 14:46:04,054 - VALO360 - DEBUG - 配置保存成功
2025-07-30 14:46:04,055 - VALO360 - DEBUG - 配置已備份至: backup\setup_backup_20250730_144604.json
2025-07-30 14:46:04,055 - VALO360 - DEBUG - 配置保存成功
2025-07-30 14:46:04,058 - VALO360 - DEBUG - 配置已備份至: backup\setup_backup_20250730_144604.json
2025-07-30 14:46:04,058 - VALO360 - DEBUG - 配置保存成功
2025-07-30 14:46:04,102 - VALO360 - DEBUG - 配置已備份至: backup\setup_backup_20250730_144604.json
2025-07-30 14:46:04,102 - VALO360 - DEBUG - 配置保存成功
2025-07-30 14:46:04,109 - VALO360 - DEBUG - 配置已備份至: backup\setup_backup_20250730_144604.json
2025-07-30 14:46:04,109 - VALO360 - DEBUG - 配置保存成功
2025-07-30 14:46:04,113 - VALO360 - DEBUG - 配置已備份至: backup\setup_backup_20250730_144604.json
2025-07-30 14:46:04,113 - VALO360 - DEBUG - 配置保存成功
2025-07-30 14:46:04,113 - VALO360 - DEBUG - 配置已備份至: backup\setup_backup_20250730_144604.json
2025-07-30 14:46:04,118 - VALO360 - DEBUG - 配置保存成功
2025-07-30 14:46:04,119 - VALO360 - DEBUG - 配置已備份至: backup\setup_backup_20250730_144604.json
2025-07-30 14:46:04,123 - VALO360 - DEBUG - 配置保存成功
2025-07-30 14:46:04,124 - VALO360 - DEBUG - 配置已備份至: backup\setup_backup_20250730_144604.json
2025-07-30 14:46:04,126 - VALO360 - DEBUG - 配置保存成功
2025-07-30 14:46:04,127 - VALO360 - DEBUG - 配置已備份至: backup\setup_backup_20250730_144604.json
2025-07-30 14:46:04,129 - VALO360 - DEBUG - 配置保存成功
2025-07-30 14:46:04,130 - VALO360 - DEBUG - 配置已備份至: backup\setup_backup_20250730_144604.json
2025-07-30 14:46:04,133 - VALO360 - DEBUG - 配置保存成功
2025-07-30 14:46:04,135 - VALO360 - DEBUG - 配置已備份至: backup\setup_backup_20250730_144604.json
2025-07-30 14:46:04,141 - VALO360 - DEBUG - 配置保存成功
2025-07-30 14:46:04,142 - VALO360 - DEBUG - 配置已備份至: backup\setup_backup_20250730_144604.json
2025-07-30 14:46:04,144 - VALO360 - DEBUG - 配置保存成功
2025-07-30 14:46:04,144 - VALO360 - DEBUG - 配置已備份至: backup\setup_backup_20250730_144604.json
2025-07-30 14:46:04,144 - VALO360 - DEBUG - 配置保存成功
2025-07-30 14:46:04,144 - VALO360 - DEBUG - 配置已備份至: backup\setup_backup_20250730_144604.json
2025-07-30 14:46:04,144 - VALO360 - DEBUG - 配置保存成功
2025-07-30 14:46:04,154 - VALO360 - DEBUG - 配置已備份至: backup\setup_backup_20250730_144604.json
2025-07-30 14:46:04,154 - VALO360 - DEBUG - 配置保存成功
2025-07-30 14:46:04,157 - VALO360 - DEBUG - 配置已備份至: backup\setup_backup_20250730_144604.json
2025-07-30 14:46:04,158 - VALO360 - DEBUG - 配置保存成功
2025-07-30 14:46:04,160 - VALO360 - DEBUG - 配置已備份至: backup\setup_backup_20250730_144604.json
2025-07-30 14:46:04,162 - VALO360 - DEBUG - 配置保存成功
2025-07-30 14:46:04,164 - VALO360 - DEBUG - 配置已備份至: backup\setup_backup_20250730_144604.json
2025-07-30 14:46:04,166 - VALO360 - DEBUG - 配置保存成功
2025-07-30 14:46:04,177 - VALO360 - DEBUG - 配置已備份至: backup\setup_backup_20250730_144604.json
2025-07-30 14:46:04,178 - VALO360 - DEBUG - 配置保存成功
2025-07-30 14:46:04,180 - VALO360 - DEBUG - 配置已備份至: backup\setup_backup_20250730_144604.json
2025-07-30 14:46:04,180 - VALO360 - DEBUG - 配置保存成功
2025-07-30 14:46:04,180 - VALO360 - DEBUG - 配置已備份至: backup\setup_backup_20250730_144604.json
2025-07-30 14:46:04,185 - VALO360 - DEBUG - 配置保存成功
2025-07-30 14:46:04,185 - VALO360 - DEBUG - 配置已備份至: backup\setup_backup_20250730_144604.json
2025-07-30 14:46:04,188 - VALO360 - DEBUG - 配置保存成功
2025-07-30 14:46:04,190 - VALO360 - DEBUG - 配置已備份至: backup\setup_backup_20250730_144604.json
2025-07-30 14:46:04,190 - VALO360 - DEBUG - 配置保存成功
2025-07-30 14:46:04,194 - VALO360 - DEBUG - 配置已備份至: backup\setup_backup_20250730_144604.json
2025-07-30 14:46:04,195 - VALO360 - DEBUG - 配置保存成功
2025-07-30 14:46:04,195 - VALO360 - DEBUG - 配置已備份至: backup\setup_backup_20250730_144604.json
2025-07-30 14:46:04,199 - VALO360 - DEBUG - 配置保存成功
2025-07-30 14:46:04,200 - VALO360 - DEBUG - 配置已備份至: backup\setup_backup_20250730_144604.json
2025-07-30 14:46:04,200 - VALO360 - DEBUG - 配置保存成功
2025-07-30 14:46:04,203 - VALO360 - DEBUG - 配置已備份至: backup\setup_backup_20250730_144604.json
2025-07-30 14:46:04,205 - VALO360 - DEBUG - 配置保存成功
2025-07-30 14:46:04,208 - VALO360 - DEBUG - 配置已備份至: backup\setup_backup_20250730_144604.json
2025-07-30 14:46:04,209 - VALO360 - DEBUG - 配置保存成功
2025-07-30 14:46:04,211 - VALO360 - DEBUG - 配置已備份至: backup\setup_backup_20250730_144604.json
2025-07-30 14:46:04,212 - VALO360 - DEBUG - 配置保存成功
2025-07-30 14:46:04,214 - VALO360 - DEBUG - 配置已備份至: backup\setup_backup_20250730_144604.json
2025-07-30 14:46:04,215 - VALO360 - DEBUG - 配置保存成功
2025-07-30 14:46:04,227 - VALO360 - DEBUG - 配置已備份至: backup\setup_backup_20250730_144604.json
2025-07-30 14:46:04,227 - VALO360 - DEBUG - 配置保存成功
2025-07-30 14:46:04,230 - VALO360 - DEBUG - 配置已備份至: backup\setup_backup_20250730_144604.json
2025-07-30 14:46:04,232 - VALO360 - DEBUG - 配置保存成功
2025-07-30 14:46:04,233 - VALO360 - DEBUG - 配置已備份至: backup\setup_backup_20250730_144604.json
2025-07-30 14:46:04,233 - VALO360 - DEBUG - 配置保存成功
2025-07-30 14:46:04,236 - VALO360 - DEBUG - 配置已備份至: backup\setup_backup_20250730_144604.json
2025-07-30 14:46:04,237 - VALO360 - DEBUG - 配置保存成功
2025-07-30 14:46:04,241 - VALO360 - DEBUG - 配置已備份至: backup\setup_backup_20250730_144604.json
2025-07-30 14:46:04,242 - VALO360 - DEBUG - 配置保存成功
2025-07-30 14:46:04,244 - VALO360 - DEBUG - 配置已備份至: backup\setup_backup_20250730_144604.json
2025-07-30 14:46:04,246 - VALO360 - DEBUG - 配置保存成功
2025-07-30 14:46:04,246 - VALO360 - DEBUG - 配置已備份至: backup\setup_backup_20250730_144604.json
2025-07-30 14:46:04,249 - VALO360 - DEBUG - 配置保存成功
2025-07-30 14:46:04,250 - VALO360 - DEBUG - 配置已備份至: backup\setup_backup_20250730_144604.json
2025-07-30 14:46:04,252 - VALO360 - DEBUG - 配置保存成功
2025-07-30 14:46:04,253 - VALO360 - DEBUG - 配置已備份至: backup\setup_backup_20250730_144604.json
2025-07-30 14:46:04,253 - VALO360 - DEBUG - 配置保存成功
2025-07-30 14:46:04,257 - VALO360 - DEBUG - 配置已備份至: backup\setup_backup_20250730_144604.json
2025-07-30 14:46:04,259 - VALO360 - DEBUG - 配置保存成功
2025-07-30 14:46:04,260 - VALO360 - DEBUG - 配置已備份至: backup\setup_backup_20250730_144604.json
2025-07-30 14:46:04,262 - VALO360 - DEBUG - 配置保存成功
2025-07-30 14:46:04,263 - VALO360 - DEBUG - 配置已備份至: backup\setup_backup_20250730_144604.json
2025-07-30 14:46:04,264 - VALO360 - DEBUG - 配置保存成功
2025-07-30 14:46:04,273 - VALO360 - DEBUG - 配置已備份至: backup\setup_backup_20250730_144604.json
2025-07-30 14:46:04,275 - VALO360 - DEBUG - 配置保存成功
2025-07-30 14:46:04,277 - VALO360 - DEBUG - 配置已備份至: backup\setup_backup_20250730_144604.json
2025-07-30 14:46:04,277 - VALO360 - DEBUG - 配置保存成功
2025-07-30 14:46:04,280 - VALO360 - DEBUG - 配置已備份至: backup\setup_backup_20250730_144604.json
2025-07-30 14:46:04,280 - VALO360 - DEBUG - 配置保存成功
2025-07-30 14:46:04,280 - VALO360 - DEBUG - 配置已備份至: backup\setup_backup_20250730_144604.json
2025-07-30 14:46:04,285 - VALO360 - DEBUG - 配置保存成功
2025-07-30 14:46:04,290 - VALO360 - DEBUG - 配置已備份至: backup\setup_backup_20250730_144604.json
2025-07-30 14:46:04,291 - VALO360 - DEBUG - 配置保存成功
2025-07-30 14:46:04,293 - VALO360 - DEBUG - 配置已備份至: backup\setup_backup_20250730_144604.json
2025-07-30 14:46:04,294 - VALO360 - DEBUG - 配置保存成功
2025-07-30 14:46:04,296 - VALO360 - DEBUG - 配置已備份至: backup\setup_backup_20250730_144604.json
2025-07-30 14:46:04,297 - VALO360 - DEBUG - 配置保存成功
2025-07-30 14:46:04,297 - VALO360 - DEBUG - 配置已備份至: backup\setup_backup_20250730_144604.json
2025-07-30 14:46:04,301 - VALO360 - DEBUG - 配置保存成功
2025-07-30 14:46:04,304 - VALO360 - DEBUG - 配置已備份至: backup\setup_backup_20250730_144604.json
2025-07-30 14:46:04,305 - VALO360 - DEBUG - 配置保存成功
2025-07-30 14:46:04,306 - VALO360 - DEBUG - 配置已備份至: backup\setup_backup_20250730_144604.json
2025-07-30 14:46:04,308 - VALO360 - DEBUG - 配置保存成功
2025-07-30 14:46:04,310 - VALO360 - DEBUG - 配置已備份至: backup\setup_backup_20250730_144604.json
2025-07-30 14:46:04,311 - VALO360 - DEBUG - 配置保存成功
2025-07-30 14:46:04,311 - VALO360 - DEBUG - 配置已備份至: backup\setup_backup_20250730_144604.json
2025-07-30 14:46:04,314 - VALO360 - DEBUG - 配置保存成功
2025-07-30 14:46:05,261 - VALO360 - DEBUG - 配置已備份至: backup\setup_backup_20250730_144605.json
2025-07-30 14:46:05,267 - VALO360 - DEBUG - 已刪除舊備份: backup\setup_backup_20250730_144232.json
2025-07-30 14:46:05,269 - VALO360 - DEBUG - 配置保存成功
2025-07-30 14:46:05,269 - VALO360 - DEBUG - 配置已備份至: backup\setup_backup_20250730_144605.json
2025-07-30 14:46:05,272 - VALO360 - DEBUG - 配置保存成功
2025-07-30 14:46:05,274 - VALO360 - DEBUG - 配置已備份至: backup\setup_backup_20250730_144605.json
2025-07-30 14:46:05,274 - VALO360 - DEBUG - 配置保存成功
2025-07-30 14:46:05,277 - VALO360 - DEBUG - 配置已備份至: backup\setup_backup_20250730_144605.json
2025-07-30 14:46:05,279 - VALO360 - DEBUG - 配置保存成功
2025-07-30 14:46:05,282 - VALO360 - DEBUG - 配置已備份至: backup\setup_backup_20250730_144605.json
2025-07-30 14:46:05,282 - VALO360 - DEBUG - 配置保存成功
2025-07-30 14:46:05,282 - VALO360 - DEBUG - 配置已備份至: backup\setup_backup_20250730_144605.json
2025-07-30 14:46:05,282 - VALO360 - DEBUG - 配置保存成功
2025-07-30 14:46:05,282 - VALO360 - DEBUG - 配置已備份至: backup\setup_backup_20250730_144605.json
2025-07-30 14:46:05,289 - VALO360 - DEBUG - 配置保存成功
2025-07-30 14:46:05,292 - VALO360 - DEBUG - 配置已備份至: backup\setup_backup_20250730_144605.json
2025-07-30 14:46:05,292 - VALO360 - DEBUG - 配置保存成功
2025-07-30 14:46:05,292 - VALO360 - DEBUG - 配置已備份至: backup\setup_backup_20250730_144605.json
2025-07-30 14:46:05,300 - VALO360 - DEBUG - 配置保存成功
2025-07-30 14:46:05,303 - VALO360 - DEBUG - 配置已備份至: backup\setup_backup_20250730_144605.json
2025-07-30 14:46:05,303 - VALO360 - DEBUG - 配置保存成功
2025-07-30 14:46:05,303 - VALO360 - DEBUG - 配置已備份至: backup\setup_backup_20250730_144605.json
2025-07-30 14:46:05,303 - VALO360 - DEBUG - 配置保存成功
2025-07-30 14:46:05,303 - VALO360 - DEBUG - 配置已備份至: backup\setup_backup_20250730_144605.json
2025-07-30 14:46:05,310 - VALO360 - DEBUG - 配置保存成功
2025-07-30 14:46:05,313 - VALO360 - DEBUG - 配置已備份至: backup\setup_backup_20250730_144605.json
2025-07-30 14:46:05,315 - VALO360 - DEBUG - 配置保存成功
2025-07-30 14:46:05,317 - VALO360 - DEBUG - 配置已備份至: backup\setup_backup_20250730_144605.json
2025-07-30 14:46:05,319 - VALO360 - DEBUG - 配置保存成功
2025-07-30 14:46:05,319 - VALO360 - DEBUG - 配置已備份至: backup\setup_backup_20250730_144605.json
2025-07-30 14:46:05,322 - VALO360 - DEBUG - 配置保存成功
2025-07-30 14:46:05,324 - VALO360 - DEBUG - 配置已備份至: backup\setup_backup_20250730_144605.json
2025-07-30 14:46:05,326 - VALO360 - DEBUG - 配置保存成功
2025-07-30 14:46:05,341 - VALO360 - DEBUG - 配置已備份至: backup\setup_backup_20250730_144605.json
2025-07-30 14:46:05,342 - VALO360 - DEBUG - 配置保存成功
2025-07-30 14:46:05,342 - VALO360 - DEBUG - 配置已備份至: backup\setup_backup_20250730_144605.json
2025-07-30 14:46:05,342 - VALO360 - DEBUG - 配置保存成功
2025-07-30 14:46:05,348 - VALO360 - DEBUG - 配置已備份至: backup\setup_backup_20250730_144605.json
2025-07-30 14:46:05,351 - VALO360 - DEBUG - 配置保存成功
2025-07-30 14:46:05,351 - VALO360 - DEBUG - 配置已備份至: backup\setup_backup_20250730_144605.json
2025-07-30 14:46:05,353 - VALO360 - DEBUG - 配置保存成功
2025-07-30 14:46:05,355 - VALO360 - DEBUG - 配置已備份至: backup\setup_backup_20250730_144605.json
2025-07-30 14:46:05,355 - VALO360 - DEBUG - 配置保存成功
2025-07-30 14:46:05,355 - VALO360 - DEBUG - 配置已備份至: backup\setup_backup_20250730_144605.json
2025-07-30 14:46:05,360 - VALO360 - DEBUG - 配置保存成功
2025-07-30 14:46:05,361 - VALO360 - DEBUG - 配置已備份至: backup\setup_backup_20250730_144605.json
2025-07-30 14:46:05,361 - VALO360 - DEBUG - 配置保存成功
2025-07-30 14:46:05,365 - VALO360 - DEBUG - 配置已備份至: backup\setup_backup_20250730_144605.json
2025-07-30 14:46:05,365 - VALO360 - DEBUG - 配置保存成功
2025-07-30 14:46:05,371 - VALO360 - DEBUG - 配置已備份至: backup\setup_backup_20250730_144605.json
2025-07-30 14:46:05,371 - VALO360 - DEBUG - 配置保存成功
2025-07-30 14:46:05,371 - VALO360 - DEBUG - 配置已備份至: backup\setup_backup_20250730_144605.json
2025-07-30 14:46:05,371 - VALO360 - DEBUG - 配置保存成功
2025-07-30 14:46:05,371 - VALO360 - DEBUG - 配置已備份至: backup\setup_backup_20250730_144605.json
2025-07-30 14:46:05,380 - VALO360 - DEBUG - 配置保存成功
2025-07-30 14:46:05,381 - VALO360 - DEBUG - 配置已備份至: backup\setup_backup_20250730_144605.json
2025-07-30 14:46:05,382 - VALO360 - DEBUG - 配置保存成功
2025-07-30 14:46:05,393 - VALO360 - DEBUG - 配置已備份至: backup\setup_backup_20250730_144605.json
2025-07-30 14:46:05,396 - VALO360 - DEBUG - 配置保存成功
2025-07-30 14:46:05,396 - VALO360 - DEBUG - 配置已備份至: backup\setup_backup_20250730_144605.json
2025-07-30 14:46:05,399 - VALO360 - DEBUG - 配置保存成功
2025-07-30 14:46:05,400 - VALO360 - DEBUG - 配置已備份至: backup\setup_backup_20250730_144605.json
2025-07-30 14:46:05,403 - VALO360 - DEBUG - 配置保存成功
2025-07-30 14:46:05,403 - VALO360 - DEBUG - 配置已備份至: backup\setup_backup_20250730_144605.json
2025-07-30 14:46:05,403 - VALO360 - DEBUG - 配置保存成功
2025-07-30 14:46:05,407 - VALO360 - DEBUG - 配置已備份至: backup\setup_backup_20250730_144605.json
2025-07-30 14:46:05,412 - VALO360 - DEBUG - 配置保存成功
2025-07-30 14:46:05,413 - VALO360 - DEBUG - 配置已備份至: backup\setup_backup_20250730_144605.json
2025-07-30 14:46:05,415 - VALO360 - DEBUG - 配置保存成功
2025-07-30 14:46:05,415 - VALO360 - DEBUG - 配置已備份至: backup\setup_backup_20250730_144605.json
2025-07-30 14:46:05,420 - VALO360 - DEBUG - 配置保存成功
2025-07-30 14:46:05,420 - VALO360 - DEBUG - 配置已備份至: backup\setup_backup_20250730_144605.json
2025-07-30 14:46:05,423 - VALO360 - DEBUG - 配置保存成功
2025-07-30 14:46:05,425 - VALO360 - DEBUG - 配置已備份至: backup\setup_backup_20250730_144605.json
2025-07-30 14:46:05,427 - VALO360 - DEBUG - 配置保存成功
2025-07-30 14:46:05,427 - VALO360 - DEBUG - 配置已備份至: backup\setup_backup_20250730_144605.json
2025-07-30 14:46:05,431 - VALO360 - DEBUG - 配置保存成功
2025-07-30 14:46:05,433 - VALO360 - DEBUG - 配置已備份至: backup\setup_backup_20250730_144605.json
2025-07-30 14:46:05,434 - VALO360 - DEBUG - 配置保存成功
2025-07-30 14:46:05,434 - VALO360 - DEBUG - 配置已備份至: backup\setup_backup_20250730_144605.json
2025-07-30 14:46:05,437 - VALO360 - DEBUG - 配置保存成功
2025-07-30 14:46:05,443 - VALO360 - DEBUG - 配置已備份至: backup\setup_backup_20250730_144605.json
2025-07-30 14:46:05,447 - VALO360 - DEBUG - 配置保存成功
2025-07-30 14:46:05,447 - VALO360 - DEBUG - 配置已備份至: backup\setup_backup_20250730_144605.json
2025-07-30 14:46:05,451 - VALO360 - DEBUG - 配置保存成功
2025-07-30 14:46:05,451 - VALO360 - DEBUG - 配置已備份至: backup\setup_backup_20250730_144605.json
2025-07-30 14:46:05,453 - VALO360 - DEBUG - 配置保存成功
2025-07-30 14:46:05,453 - VALO360 - DEBUG - 配置已備份至: backup\setup_backup_20250730_144605.json
2025-07-30 14:46:05,457 - VALO360 - DEBUG - 配置保存成功
2025-07-30 14:46:05,459 - VALO360 - DEBUG - 配置已備份至: backup\setup_backup_20250730_144605.json
2025-07-30 14:46:05,463 - VALO360 - DEBUG - 配置保存成功
2025-07-30 14:46:05,464 - VALO360 - DEBUG - 配置已備份至: backup\setup_backup_20250730_144605.json
2025-07-30 14:46:05,464 - VALO360 - DEBUG - 配置保存成功
2025-07-30 14:46:05,464 - VALO360 - DEBUG - 配置已備份至: backup\setup_backup_20250730_144605.json
2025-07-30 14:46:05,469 - VALO360 - DEBUG - 配置保存成功
2025-07-30 14:46:05,469 - VALO360 - DEBUG - 配置已備份至: backup\setup_backup_20250730_144605.json
2025-07-30 14:46:05,472 - VALO360 - DEBUG - 配置保存成功
2025-07-30 14:46:05,474 - VALO360 - DEBUG - 配置已備份至: backup\setup_backup_20250730_144605.json
2025-07-30 14:46:05,476 - VALO360 - DEBUG - 配置保存成功
2025-07-30 14:46:05,476 - VALO360 - DEBUG - 配置已備份至: backup\setup_backup_20250730_144605.json
2025-07-30 14:46:05,479 - VALO360 - DEBUG - 配置保存成功
2025-07-30 14:46:05,479 - VALO360 - DEBUG - 配置已備份至: backup\setup_backup_20250730_144605.json
2025-07-30 14:46:05,482 - VALO360 - DEBUG - 配置保存成功
2025-07-30 14:46:05,484 - VALO360 - DEBUG - 配置已備份至: backup\setup_backup_20250730_144605.json
2025-07-30 14:46:05,485 - VALO360 - DEBUG - 配置保存成功
2025-07-30 14:46:05,980 - VALO360 - DEBUG - 配置已備份至: backup\setup_backup_20250730_144605.json
2025-07-30 14:46:05,980 - VALO360 - DEBUG - 配置保存成功
2025-07-30 14:46:13,224 - VALO360 - DEBUG - 配置已備份至: backup\setup_backup_20250730_144613.json
2025-07-30 14:46:13,226 - VALO360 - DEBUG - 已刪除舊備份: backup\setup_backup_20250730_144233.json
2025-07-30 14:46:13,227 - VALO360 - DEBUG - 配置保存成功
2025-07-30 14:46:13,228 - VALO360 - DEBUG - 配置已備份至: backup\setup_backup_20250730_144613.json
2025-07-30 14:46:13,231 - VALO360 - DEBUG - 配置保存成功
2025-07-30 14:46:13,233 - VALO360 - DEBUG - 配置已備份至: backup\setup_backup_20250730_144613.json
2025-07-30 14:46:13,237 - VALO360 - DEBUG - 配置保存成功
2025-07-30 14:46:13,239 - VALO360 - DEBUG - 配置已備份至: backup\setup_backup_20250730_144613.json
2025-07-30 14:46:13,242 - VALO360 - DEBUG - 配置保存成功
2025-07-30 14:46:15,989 - VALO360 - DEBUG - 配置已備份至: backup\setup_backup_20250730_144615.json
2025-07-30 14:46:15,989 - VALO360 - DEBUG - 已刪除舊備份: backup\setup_backup_20250730_144234.json
2025-07-30 14:46:15,992 - VALO360 - DEBUG - 配置保存成功
2025-07-30 14:46:39,800 - VALO360 - DEBUG - 配置已備份至: backup\setup_backup_20250730_144639.json
2025-07-30 14:46:39,803 - VALO360 - DEBUG - 已刪除舊備份: backup\setup_backup_20250730_144235.json
2025-07-30 14:46:39,805 - VALO360 - DEBUG - 配置保存成功
2025-07-30 14:46:39,808 - VALO360 - DEBUG - 配置已備份至: backup\setup_backup_20250730_144639.json
2025-07-30 14:46:39,811 - VALO360 - DEBUG - 配置保存成功
2025-07-30 14:46:39,812 - VALO360 - DEBUG - 配置已備份至: backup\setup_backup_20250730_144639.json
2025-07-30 14:46:39,815 - VALO360 - DEBUG - 配置保存成功
2025-07-30 14:46:39,815 - VALO360 - DEBUG - 配置已備份至: backup\setup_backup_20250730_144639.json
2025-07-30 14:46:39,819 - VALO360 - DEBUG - 配置保存成功
2025-07-30 14:46:41,028 - VALO360 - DEBUG - 配置已備份至: backup\setup_backup_20250730_144641.json
2025-07-30 14:46:41,029 - VALO360 - DEBUG - 已刪除舊備份: backup\setup_backup_20250730_144236.json
2025-07-30 14:46:41,029 - VALO360 - DEBUG - 配置保存成功
2025-07-30 14:46:41,040 - VALO360 - DEBUG - 配置已備份至: backup\setup_backup_20250730_144641.json
2025-07-30 14:46:41,046 - VALO360 - DEBUG - 配置保存成功
2025-07-30 14:46:41,048 - VALO360 - DEBUG - 配置已備份至: backup\setup_backup_20250730_144641.json
2025-07-30 14:46:41,054 - VALO360 - DEBUG - 配置保存成功
2025-07-30 14:46:41,056 - VALO360 - DEBUG - 配置已備份至: backup\setup_backup_20250730_144641.json
2025-07-30 14:46:41,058 - VALO360 - DEBUG - 配置保存成功
2025-07-30 14:46:41,060 - VALO360 - DEBUG - 配置已備份至: backup\setup_backup_20250730_144641.json
2025-07-30 14:46:41,060 - VALO360 - DEBUG - 配置保存成功
2025-07-30 14:46:41,071 - VALO360 - DEBUG - 配置已備份至: backup\setup_backup_20250730_144641.json
2025-07-30 14:46:41,071 - VALO360 - DEBUG - 配置保存成功
2025-07-30 14:46:41,071 - VALO360 - DEBUG - 配置已備份至: backup\setup_backup_20250730_144641.json
2025-07-30 14:46:41,071 - VALO360 - DEBUG - 配置保存成功
2025-07-30 14:46:41,081 - VALO360 - DEBUG - 配置已備份至: backup\setup_backup_20250730_144641.json
2025-07-30 14:46:41,082 - VALO360 - DEBUG - 配置保存成功
2025-07-30 14:46:41,094 - VALO360 - DEBUG - 配置已備份至: backup\setup_backup_20250730_144641.json
2025-07-30 14:46:41,094 - VALO360 - DEBUG - 配置保存成功
2025-07-30 14:46:41,094 - VALO360 - DEBUG - 配置已備份至: backup\setup_backup_20250730_144641.json
2025-07-30 14:46:41,094 - VALO360 - DEBUG - 配置保存成功
2025-07-30 14:46:41,101 - VALO360 - DEBUG - 配置已備份至: backup\setup_backup_20250730_144641.json
2025-07-30 14:46:41,104 - VALO360 - DEBUG - 配置保存成功
2025-07-30 14:46:41,104 - VALO360 - DEBUG - 配置已備份至: backup\setup_backup_20250730_144641.json
2025-07-30 14:46:41,104 - VALO360 - DEBUG - 配置保存成功
2025-07-30 14:46:41,112 - VALO360 - DEBUG - 配置已備份至: backup\setup_backup_20250730_144641.json
2025-07-30 14:46:41,114 - VALO360 - DEBUG - 配置保存成功
2025-07-30 14:46:41,116 - VALO360 - DEBUG - 配置已備份至: backup\setup_backup_20250730_144641.json
2025-07-30 14:46:41,116 - VALO360 - DEBUG - 配置保存成功
2025-07-30 14:46:41,116 - VALO360 - DEBUG - 配置已備份至: backup\setup_backup_20250730_144641.json
2025-07-30 14:46:41,122 - VALO360 - DEBUG - 配置保存成功
2025-07-30 14:46:41,123 - VALO360 - DEBUG - 配置已備份至: backup\setup_backup_20250730_144641.json
2025-07-30 14:46:41,123 - VALO360 - DEBUG - 配置保存成功
2025-07-30 14:46:44,479 - VALO360 - DEBUG - 配置已備份至: backup\setup_backup_20250730_144644.json
2025-07-30 14:46:44,481 - VALO360 - DEBUG - 已刪除舊備份: backup\setup_backup_20250730_144237.json
2025-07-30 14:46:44,482 - VALO360 - DEBUG - 配置保存成功
2025-07-30 14:46:44,483 - VALO360 - DEBUG - 配置已備份至: backup\setup_backup_20250730_144644.json
2025-07-30 14:46:44,485 - VALO360 - DEBUG - 配置保存成功
2025-07-30 14:46:44,487 - VALO360 - DEBUG - 配置已備份至: backup\setup_backup_20250730_144644.json
2025-07-30 14:46:44,489 - VALO360 - DEBUG - 配置保存成功
2025-07-30 14:46:44,489 - VALO360 - DEBUG - 配置已備份至: backup\setup_backup_20250730_144644.json
2025-07-30 14:46:44,493 - VALO360 - DEBUG - 配置保存成功
2025-07-30 14:46:44,525 - VALO360 - DEBUG - 找到 2 個COM口: ['COM5', 'COM6']
2025-07-30 14:46:44,525 - VALO360 - DEBUG - 配置已備份至: backup\setup_backup_20250730_144644.json
2025-07-30 14:46:44,531 - VALO360 - DEBUG - 配置保存成功
2025-07-30 14:48:02,493 - VALO360 - DEBUG - 配置已備份至: backup\setup_backup_20250730_144802.json
2025-07-30 14:48:02,496 - VALO360 - DEBUG - 已刪除舊備份: backup\setup_backup_20250730_144238.json
2025-07-30 14:48:02,497 - VALO360 - DEBUG - 配置保存成功
2025-07-30 14:48:02,499 - VALO360 - DEBUG - 配置已備份至: backup\setup_backup_20250730_144802.json
2025-07-30 14:48:02,502 - VALO360 - DEBUG - 配置保存成功
2025-07-30 14:48:02,503 - VALO360 - DEBUG - 配置已備份至: backup\setup_backup_20250730_144802.json
2025-07-30 14:48:02,505 - VALO360 - DEBUG - 配置保存成功
2025-07-30 14:48:02,506 - VALO360 - DEBUG - 配置已備份至: backup\setup_backup_20250730_144802.json
2025-07-30 14:48:02,509 - VALO360 - DEBUG - 配置保存成功
2025-07-30 14:48:04,528 - VALO360 - DEBUG - 配置已備份至: backup\setup_backup_20250730_144804.json
2025-07-30 14:48:04,529 - VALO360 - DEBUG - 已刪除舊備份: backup\setup_backup_20250730_144239.json
2025-07-30 14:48:04,529 - VALO360 - DEBUG - 配置保存成功
2025-07-30 14:48:04,533 - VALO360 - DEBUG - 配置已備份至: backup\setup_backup_20250730_144804.json
2025-07-30 14:48:04,534 - VALO360 - DEBUG - 配置保存成功
2025-07-30 14:48:04,538 - VALO360 - DEBUG - 配置已備份至: backup\setup_backup_20250730_144804.json
2025-07-30 14:48:04,539 - VALO360 - DEBUG - 配置保存成功
2025-07-30 14:48:04,539 - VALO360 - DEBUG - 配置已備份至: backup\setup_backup_20250730_144804.json
2025-07-30 14:48:04,544 - VALO360 - DEBUG - 配置保存成功
2025-07-30 14:48:05,553 - VALO360 - DEBUG - 配置已備份至: backup\setup_backup_20250730_144805.json
2025-07-30 14:48:05,554 - VALO360 - DEBUG - 已刪除舊備份: backup\setup_backup_20250730_144240.json
2025-07-30 14:48:05,556 - VALO360 - DEBUG - 配置保存成功
2025-07-30 14:48:05,556 - VALO360 - DEBUG - 配置已備份至: backup\setup_backup_20250730_144805.json
2025-07-30 14:48:05,556 - VALO360 - DEBUG - 配置保存成功
2025-07-30 14:48:05,556 - VALO360 - DEBUG - 配置已備份至: backup\setup_backup_20250730_144805.json
2025-07-30 14:48:05,556 - VALO360 - DEBUG - 配置保存成功
2025-07-30 14:48:05,563 - VALO360 - DEBUG - 配置已備份至: backup\setup_backup_20250730_144805.json
2025-07-30 14:48:05,564 - VALO360 - DEBUG - 配置保存成功
2025-07-30 14:48:08,400 - VALO360 - DEBUG - 配置已備份至: backup\setup_backup_20250730_144808.json
2025-07-30 14:48:08,411 - VALO360 - DEBUG - 已刪除舊備份: backup\setup_backup_20250730_144241.json
2025-07-30 14:48:08,411 - VALO360 - DEBUG - 配置保存成功
2025-07-30 14:48:08,419 - VALO360 - DEBUG - 配置已備份至: backup\setup_backup_20250730_144808.json
2025-07-30 14:48:08,427 - VALO360 - DEBUG - 配置保存成功
2025-07-30 14:48:08,433 - VALO360 - DEBUG - 配置已備份至: backup\setup_backup_20250730_144808.json
2025-07-30 14:48:08,439 - VALO360 - DEBUG - 配置保存成功
2025-07-30 14:48:08,441 - VALO360 - DEBUG - 配置已備份至: backup\setup_backup_20250730_144808.json
2025-07-30 14:48:08,447 - VALO360 - DEBUG - 配置保存成功
2025-07-30 14:48:08,451 - VALO360 - DEBUG - 配置已備份至: backup\setup_backup_20250730_144808.json
2025-07-30 14:48:08,451 - VALO360 - DEBUG - 配置保存成功
2025-07-30 14:48:08,459 - VALO360 - DEBUG - 配置已備份至: backup\setup_backup_20250730_144808.json
2025-07-30 14:48:08,462 - VALO360 - DEBUG - 配置保存成功
2025-07-30 14:48:08,464 - VALO360 - DEBUG - 配置已備份至: backup\setup_backup_20250730_144808.json
2025-07-30 14:48:08,464 - VALO360 - DEBUG - 配置保存成功
2025-07-30 14:48:08,469 - VALO360 - DEBUG - 配置已備份至: backup\setup_backup_20250730_144808.json
2025-07-30 14:48:08,472 - VALO360 - DEBUG - 配置保存成功
2025-07-30 14:48:08,482 - VALO360 - DEBUG - 配置已備份至: backup\setup_backup_20250730_144808.json
2025-07-30 14:48:08,484 - VALO360 - DEBUG - 配置保存成功
2025-07-30 14:48:08,486 - VALO360 - DEBUG - 配置已備份至: backup\setup_backup_20250730_144808.json
2025-07-30 14:48:08,488 - VALO360 - DEBUG - 配置保存成功
2025-07-30 14:48:08,490 - VALO360 - DEBUG - 配置已備份至: backup\setup_backup_20250730_144808.json
2025-07-30 14:48:08,492 - VALO360 - DEBUG - 配置保存成功
2025-07-30 14:48:08,492 - VALO360 - DEBUG - 配置已備份至: backup\setup_backup_20250730_144808.json
2025-07-30 14:48:08,496 - VALO360 - DEBUG - 配置保存成功
2025-07-30 14:48:08,496 - VALO360 - DEBUG - 配置已備份至: backup\setup_backup_20250730_144808.json
2025-07-30 14:48:08,501 - VALO360 - DEBUG - 配置保存成功
2025-07-30 14:48:08,501 - VALO360 - DEBUG - 配置已備份至: backup\setup_backup_20250730_144808.json
2025-07-30 14:48:08,504 - VALO360 - DEBUG - 配置保存成功
2025-07-30 14:48:08,504 - VALO360 - DEBUG - 配置已備份至: backup\setup_backup_20250730_144808.json
2025-07-30 14:48:08,506 - VALO360 - DEBUG - 配置保存成功
2025-07-30 14:48:08,508 - VALO360 - DEBUG - 配置已備份至: backup\setup_backup_20250730_144808.json
2025-07-30 14:48:08,510 - VALO360 - DEBUG - 配置保存成功
2025-07-30 14:48:08,510 - VALO360 - DEBUG - 配置已備份至: backup\setup_backup_20250730_144808.json
2025-07-30 14:48:08,514 - VALO360 - DEBUG - 配置保存成功
2025-07-30 14:48:08,514 - VALO360 - DEBUG - 配置已備份至: backup\setup_backup_20250730_144808.json
2025-07-30 14:48:08,516 - VALO360 - DEBUG - 配置保存成功
2025-07-30 14:48:08,518 - VALO360 - DEBUG - 配置已備份至: backup\setup_backup_20250730_144808.json
2025-07-30 14:48:08,520 - VALO360 - DEBUG - 配置保存成功
2025-07-30 14:48:08,520 - VALO360 - DEBUG - 配置已備份至: backup\setup_backup_20250730_144808.json
2025-07-30 14:48:08,522 - VALO360 - DEBUG - 配置保存成功
2025-07-30 14:48:08,529 - VALO360 - DEBUG - 配置已備份至: backup\setup_backup_20250730_144808.json
2025-07-30 14:48:08,530 - VALO360 - DEBUG - 配置保存成功
2025-07-30 14:48:08,532 - VALO360 - DEBUG - 配置已備份至: backup\setup_backup_20250730_144808.json
2025-07-30 14:48:08,532 - VALO360 - DEBUG - 配置保存成功
2025-07-30 14:48:08,535 - VALO360 - DEBUG - 配置已備份至: backup\setup_backup_20250730_144808.json
2025-07-30 14:48:08,537 - VALO360 - DEBUG - 配置保存成功
2025-07-30 14:48:08,539 - VALO360 - DEBUG - 配置已備份至: backup\setup_backup_20250730_144808.json
2025-07-30 14:48:08,539 - VALO360 - DEBUG - 配置保存成功
2025-07-30 14:48:08,545 - VALO360 - DEBUG - 配置已備份至: backup\setup_backup_20250730_144808.json
2025-07-30 14:48:08,545 - VALO360 - DEBUG - 配置保存成功
2025-07-30 14:48:08,548 - VALO360 - DEBUG - 配置已備份至: backup\setup_backup_20250730_144808.json
2025-07-30 14:48:08,548 - VALO360 - DEBUG - 配置保存成功
2025-07-30 14:48:08,551 - VALO360 - DEBUG - 配置已備份至: backup\setup_backup_20250730_144808.json
2025-07-30 14:48:08,553 - VALO360 - DEBUG - 配置保存成功
2025-07-30 14:48:08,555 - VALO360 - DEBUG - 配置已備份至: backup\setup_backup_20250730_144808.json
2025-07-30 14:48:08,555 - VALO360 - DEBUG - 配置保存成功
2025-07-30 14:48:08,560 - VALO360 - DEBUG - 配置已備份至: backup\setup_backup_20250730_144808.json
2025-07-30 14:48:08,563 - VALO360 - DEBUG - 配置保存成功
2025-07-30 14:48:08,565 - VALO360 - DEBUG - 配置已備份至: backup\setup_backup_20250730_144808.json
2025-07-30 14:48:08,565 - VALO360 - DEBUG - 配置保存成功
2025-07-30 14:48:08,568 - VALO360 - DEBUG - 配置已備份至: backup\setup_backup_20250730_144808.json
2025-07-30 14:48:08,568 - VALO360 - DEBUG - 配置保存成功
2025-07-30 14:48:08,571 - VALO360 - DEBUG - 配置已備份至: backup\setup_backup_20250730_144808.json
2025-07-30 14:48:08,573 - VALO360 - DEBUG - 配置保存成功
2025-07-30 14:48:08,576 - VALO360 - DEBUG - 配置已備份至: backup\setup_backup_20250730_144808.json
2025-07-30 14:48:08,576 - VALO360 - DEBUG - 配置保存成功
2025-07-30 14:48:08,580 - VALO360 - DEBUG - 配置已備份至: backup\setup_backup_20250730_144808.json
2025-07-30 14:48:08,581 - VALO360 - DEBUG - 配置保存成功
2025-07-30 14:48:08,583 - VALO360 - DEBUG - 配置已備份至: backup\setup_backup_20250730_144808.json
2025-07-30 14:48:08,586 - VALO360 - DEBUG - 配置保存成功
2025-07-30 14:48:08,587 - VALO360 - DEBUG - 配置已備份至: backup\setup_backup_20250730_144808.json
2025-07-30 14:48:08,587 - VALO360 - DEBUG - 配置保存成功
2025-07-30 14:48:08,593 - VALO360 - DEBUG - 配置已備份至: backup\setup_backup_20250730_144808.json
2025-07-30 14:48:08,594 - VALO360 - DEBUG - 配置保存成功
2025-07-30 14:48:08,594 - VALO360 - DEBUG - 配置已備份至: backup\setup_backup_20250730_144808.json
2025-07-30 14:48:08,597 - VALO360 - DEBUG - 配置保存成功
2025-07-30 14:48:08,599 - VALO360 - DEBUG - 配置已備份至: backup\setup_backup_20250730_144808.json
2025-07-30 14:48:08,599 - VALO360 - DEBUG - 配置保存成功
2025-07-30 14:48:08,602 - VALO360 - DEBUG - 配置已備份至: backup\setup_backup_20250730_144808.json
2025-07-30 14:48:08,604 - VALO360 - DEBUG - 配置保存成功
2025-07-30 14:48:08,607 - VALO360 - DEBUG - 配置已備份至: backup\setup_backup_20250730_144808.json
2025-07-30 14:48:08,607 - VALO360 - DEBUG - 配置保存成功
2025-07-30 14:48:08,607 - VALO360 - DEBUG - 配置已備份至: backup\setup_backup_20250730_144808.json
2025-07-30 14:48:08,614 - VALO360 - DEBUG - 配置保存成功
2025-07-30 14:48:08,615 - VALO360 - DEBUG - 配置已備份至: backup\setup_backup_20250730_144808.json
2025-07-30 14:48:08,615 - VALO360 - DEBUG - 配置保存成功
2025-07-30 14:48:08,619 - VALO360 - DEBUG - 配置已備份至: backup\setup_backup_20250730_144808.json
2025-07-30 14:48:08,619 - VALO360 - DEBUG - 配置保存成功
2025-07-30 14:48:08,623 - VALO360 - DEBUG - 配置已備份至: backup\setup_backup_20250730_144808.json
2025-07-30 14:48:08,626 - VALO360 - DEBUG - 配置保存成功
2025-07-30 14:48:08,626 - VALO360 - DEBUG - 配置已備份至: backup\setup_backup_20250730_144808.json
2025-07-30 14:48:08,630 - VALO360 - DEBUG - 配置保存成功
2025-07-30 14:48:08,630 - VALO360 - DEBUG - 配置已備份至: backup\setup_backup_20250730_144808.json
2025-07-30 14:48:08,632 - VALO360 - DEBUG - 配置保存成功
2025-07-30 14:48:08,635 - VALO360 - DEBUG - 配置已備份至: backup\setup_backup_20250730_144808.json
2025-07-30 14:48:08,637 - VALO360 - DEBUG - 配置保存成功
2025-07-30 14:48:08,639 - VALO360 - DEBUG - 配置已備份至: backup\setup_backup_20250730_144808.json
2025-07-30 14:48:08,641 - VALO360 - DEBUG - 配置保存成功
2025-07-30 14:48:08,643 - VALO360 - DEBUG - 配置已備份至: backup\setup_backup_20250730_144808.json
2025-07-30 14:48:08,645 - VALO360 - DEBUG - 配置保存成功
2025-07-30 14:48:08,645 - VALO360 - DEBUG - 配置已備份至: backup\setup_backup_20250730_144808.json
2025-07-30 14:48:08,647 - VALO360 - DEBUG - 配置保存成功
2025-07-30 14:48:08,649 - VALO360 - DEBUG - 配置已備份至: backup\setup_backup_20250730_144808.json
2025-07-30 14:48:08,651 - VALO360 - DEBUG - 配置保存成功
2025-07-30 14:48:08,656 - VALO360 - DEBUG - 配置已備份至: backup\setup_backup_20250730_144808.json
2025-07-30 14:48:08,656 - VALO360 - DEBUG - 配置保存成功
2025-07-30 14:48:08,658 - VALO360 - DEBUG - 配置已備份至: backup\setup_backup_20250730_144808.json
2025-07-30 14:48:08,658 - VALO360 - DEBUG - 配置保存成功
2025-07-30 14:48:08,662 - VALO360 - DEBUG - 配置已備份至: backup\setup_backup_20250730_144808.json
2025-07-30 14:48:08,662 - VALO360 - DEBUG - 配置保存成功
2025-07-30 14:48:08,662 - VALO360 - DEBUG - 配置已備份至: backup\setup_backup_20250730_144808.json
2025-07-30 14:48:08,666 - VALO360 - DEBUG - 配置保存成功
2025-07-30 14:48:08,672 - VALO360 - DEBUG - 配置已備份至: backup\setup_backup_20250730_144808.json
2025-07-30 14:48:08,672 - VALO360 - DEBUG - 配置保存成功
2025-07-30 14:48:08,674 - VALO360 - DEBUG - 配置已備份至: backup\setup_backup_20250730_144808.json
2025-07-30 14:48:08,677 - VALO360 - DEBUG - 配置保存成功
2025-07-30 14:48:08,678 - VALO360 - DEBUG - 配置已備份至: backup\setup_backup_20250730_144808.json
2025-07-30 14:48:08,678 - VALO360 - DEBUG - 配置保存成功
2025-07-30 14:48:08,681 - VALO360 - DEBUG - 配置已備份至: backup\setup_backup_20250730_144808.json
2025-07-30 14:48:08,681 - VALO360 - DEBUG - 配置保存成功
2025-07-30 14:48:08,686 - VALO360 - DEBUG - 配置已備份至: backup\setup_backup_20250730_144808.json
2025-07-30 14:48:08,686 - VALO360 - DEBUG - 配置保存成功
2025-07-30 14:48:08,690 - VALO360 - DEBUG - 配置已備份至: backup\setup_backup_20250730_144808.json
2025-07-30 14:48:08,690 - VALO360 - DEBUG - 配置保存成功
2025-07-30 14:48:08,693 - VALO360 - DEBUG - 配置已備份至: backup\setup_backup_20250730_144808.json
2025-07-30 14:48:08,693 - VALO360 - DEBUG - 配置保存成功
2025-07-30 14:48:08,696 - VALO360 - DEBUG - 配置已備份至: backup\setup_backup_20250730_144808.json
2025-07-30 14:48:08,697 - VALO360 - DEBUG - 配置保存成功
2025-07-30 14:48:08,701 - VALO360 - DEBUG - 配置已備份至: backup\setup_backup_20250730_144808.json
2025-07-30 14:48:08,703 - VALO360 - DEBUG - 配置保存成功
2025-07-30 14:48:08,703 - VALO360 - DEBUG - 配置已備份至: backup\setup_backup_20250730_144808.json
2025-07-30 14:48:08,707 - VALO360 - DEBUG - 配置保存成功
2025-07-30 14:48:08,707 - VALO360 - DEBUG - 配置已備份至: backup\setup_backup_20250730_144808.json
2025-07-30 14:48:08,709 - VALO360 - DEBUG - 配置保存成功
2025-07-30 14:48:08,711 - VALO360 - DEBUG - 配置已備份至: backup\setup_backup_20250730_144808.json
2025-07-30 14:48:08,713 - VALO360 - DEBUG - 配置保存成功
2025-07-30 14:48:08,717 - VALO360 - DEBUG - 配置已備份至: backup\setup_backup_20250730_144808.json
2025-07-30 14:48:08,718 - VALO360 - DEBUG - 配置保存成功
2025-07-30 14:48:08,720 - VALO360 - DEBUG - 配置已備份至: backup\setup_backup_20250730_144808.json
2025-07-30 14:48:08,720 - VALO360 - DEBUG - 配置保存成功
2025-07-30 14:48:08,723 - VALO360 - DEBUG - 配置已備份至: backup\setup_backup_20250730_144808.json
2025-07-30 14:48:08,723 - VALO360 - DEBUG - 配置保存成功
2025-07-30 14:48:08,726 - VALO360 - DEBUG - 配置已備份至: backup\setup_backup_20250730_144808.json
2025-07-30 14:48:08,728 - VALO360 - DEBUG - 配置保存成功
2025-07-30 14:48:08,731 - VALO360 - DEBUG - 配置已備份至: backup\setup_backup_20250730_144808.json
2025-07-30 14:48:08,733 - VALO360 - DEBUG - 配置保存成功
2025-07-30 14:48:08,735 - VALO360 - DEBUG - 配置已備份至: backup\setup_backup_20250730_144808.json
2025-07-30 14:48:08,737 - VALO360 - DEBUG - 配置保存成功
2025-07-30 14:48:08,738 - VALO360 - DEBUG - 配置已備份至: backup\setup_backup_20250730_144808.json
2025-07-30 14:48:08,740 - VALO360 - DEBUG - 配置保存成功
2025-07-30 14:48:08,742 - VALO360 - DEBUG - 配置已備份至: backup\setup_backup_20250730_144808.json
2025-07-30 14:48:08,742 - VALO360 - DEBUG - 配置保存成功
2025-07-30 14:48:08,746 - VALO360 - DEBUG - 配置已備份至: backup\setup_backup_20250730_144808.json
2025-07-30 14:48:08,748 - VALO360 - DEBUG - 配置保存成功
2025-07-30 14:48:08,748 - VALO360 - DEBUG - 配置已備份至: backup\setup_backup_20250730_144808.json
2025-07-30 14:48:08,748 - VALO360 - DEBUG - 配置保存成功
2025-07-30 14:48:08,753 - VALO360 - DEBUG - 配置已備份至: backup\setup_backup_20250730_144808.json
2025-07-30 14:48:08,753 - VALO360 - DEBUG - 配置保存成功
2025-07-30 14:48:08,756 - VALO360 - DEBUG - 配置已備份至: backup\setup_backup_20250730_144808.json
2025-07-30 14:48:08,758 - VALO360 - DEBUG - 配置保存成功
2025-07-30 14:48:08,761 - VALO360 - DEBUG - 配置已備份至: backup\setup_backup_20250730_144808.json
2025-07-30 14:48:08,763 - VALO360 - DEBUG - 配置保存成功
2025-07-30 14:48:08,763 - VALO360 - DEBUG - 配置已備份至: backup\setup_backup_20250730_144808.json
2025-07-30 14:48:08,763 - VALO360 - DEBUG - 配置保存成功
2025-07-30 14:48:08,768 - VALO360 - DEBUG - 配置已備份至: backup\setup_backup_20250730_144808.json
2025-07-30 14:48:08,769 - VALO360 - DEBUG - 配置保存成功
2025-07-30 14:48:08,771 - VALO360 - DEBUG - 配置已備份至: backup\setup_backup_20250730_144808.json
2025-07-30 14:48:08,771 - VALO360 - DEBUG - 配置保存成功
2025-07-30 14:48:08,778 - VALO360 - DEBUG - 配置已備份至: backup\setup_backup_20250730_144808.json
2025-07-30 14:48:08,782 - VALO360 - DEBUG - 配置保存成功
2025-07-30 14:48:08,784 - VALO360 - DEBUG - 配置已備份至: backup\setup_backup_20250730_144808.json
2025-07-30 14:48:08,786 - VALO360 - DEBUG - 配置保存成功
2025-07-30 14:48:08,788 - VALO360 - DEBUG - 配置已備份至: backup\setup_backup_20250730_144808.json
2025-07-30 14:48:08,790 - VALO360 - DEBUG - 配置保存成功
2025-07-30 14:48:08,790 - VALO360 - DEBUG - 配置已備份至: backup\setup_backup_20250730_144808.json
2025-07-30 14:48:08,792 - VALO360 - DEBUG - 配置保存成功
2025-07-30 14:48:08,796 - VALO360 - DEBUG - 配置已備份至: backup\setup_backup_20250730_144808.json
2025-07-30 14:48:08,798 - VALO360 - DEBUG - 配置保存成功
2025-07-30 14:48:08,800 - VALO360 - DEBUG - 配置已備份至: backup\setup_backup_20250730_144808.json
2025-07-30 14:48:08,800 - VALO360 - DEBUG - 配置保存成功
2025-07-30 14:48:08,803 - VALO360 - DEBUG - 配置已備份至: backup\setup_backup_20250730_144808.json
2025-07-30 14:48:08,803 - VALO360 - DEBUG - 配置保存成功
2025-07-30 14:48:08,806 - VALO360 - DEBUG - 配置已備份至: backup\setup_backup_20250730_144808.json
2025-07-30 14:48:08,809 - VALO360 - DEBUG - 配置保存成功
2025-07-30 14:48:08,812 - VALO360 - DEBUG - 配置已備份至: backup\setup_backup_20250730_144808.json
2025-07-30 14:48:08,813 - VALO360 - DEBUG - 配置保存成功
2025-07-30 14:48:08,815 - VALO360 - DEBUG - 配置已備份至: backup\setup_backup_20250730_144808.json
2025-07-30 14:48:08,815 - VALO360 - DEBUG - 配置保存成功
2025-07-30 14:48:08,819 - VALO360 - DEBUG - 配置已備份至: backup\setup_backup_20250730_144808.json
2025-07-30 14:48:08,819 - VALO360 - DEBUG - 配置保存成功
2025-07-30 14:48:08,822 - VALO360 - DEBUG - 配置已備份至: backup\setup_backup_20250730_144808.json
2025-07-30 14:48:08,822 - VALO360 - DEBUG - 配置保存成功
2025-07-30 14:48:08,826 - VALO360 - DEBUG - 配置已備份至: backup\setup_backup_20250730_144808.json
2025-07-30 14:48:08,828 - VALO360 - DEBUG - 配置保存成功
2025-07-30 14:48:08,828 - VALO360 - DEBUG - 配置已備份至: backup\setup_backup_20250730_144808.json
2025-07-30 14:48:08,828 - VALO360 - DEBUG - 配置保存成功
2025-07-30 14:48:08,834 - VALO360 - DEBUG - 配置已備份至: backup\setup_backup_20250730_144808.json
2025-07-30 14:48:08,834 - VALO360 - DEBUG - 配置保存成功
2025-07-30 14:48:08,837 - VALO360 - DEBUG - 配置已備份至: backup\setup_backup_20250730_144808.json
2025-07-30 14:48:08,839 - VALO360 - DEBUG - 配置保存成功
2025-07-30 14:48:08,843 - VALO360 - DEBUG - 配置已備份至: backup\setup_backup_20250730_144808.json
2025-07-30 14:48:08,843 - VALO360 - DEBUG - 配置保存成功
2025-07-30 14:48:08,845 - VALO360 - DEBUG - 配置已備份至: backup\setup_backup_20250730_144808.json
2025-07-30 14:48:08,845 - VALO360 - DEBUG - 配置保存成功
2025-07-30 14:48:08,849 - VALO360 - DEBUG - 配置已備份至: backup\setup_backup_20250730_144808.json
2025-07-30 14:48:08,849 - VALO360 - DEBUG - 配置保存成功
2025-07-30 14:48:08,849 - VALO360 - DEBUG - 配置已備份至: backup\setup_backup_20250730_144808.json
2025-07-30 14:48:08,849 - VALO360 - DEBUG - 配置保存成功
2025-07-30 14:48:08,857 - VALO360 - DEBUG - 配置已備份至: backup\setup_backup_20250730_144808.json
2025-07-30 14:48:08,859 - VALO360 - DEBUG - 配置保存成功
2025-07-30 14:48:08,860 - VALO360 - DEBUG - 配置已備份至: backup\setup_backup_20250730_144808.json
2025-07-30 14:48:08,860 - VALO360 - DEBUG - 配置保存成功
2025-07-30 14:48:08,864 - VALO360 - DEBUG - 配置已備份至: backup\setup_backup_20250730_144808.json
2025-07-30 14:48:08,864 - VALO360 - DEBUG - 配置保存成功
2025-07-30 14:48:08,867 - VALO360 - DEBUG - 配置已備份至: backup\setup_backup_20250730_144808.json
2025-07-30 14:48:08,869 - VALO360 - DEBUG - 配置保存成功
2025-07-30 14:48:08,872 - VALO360 - DEBUG - 配置已備份至: backup\setup_backup_20250730_144808.json
2025-07-30 14:48:08,874 - VALO360 - DEBUG - 配置保存成功
2025-07-30 14:48:08,874 - VALO360 - DEBUG - 配置已備份至: backup\setup_backup_20250730_144808.json
2025-07-30 14:48:08,874 - VALO360 - DEBUG - 配置保存成功
2025-07-30 14:48:08,879 - VALO360 - DEBUG - 配置已備份至: backup\setup_backup_20250730_144808.json
2025-07-30 14:48:08,880 - VALO360 - DEBUG - 配置保存成功
2025-07-30 14:48:08,880 - VALO360 - DEBUG - 配置已備份至: backup\setup_backup_20250730_144808.json
2025-07-30 14:48:08,884 - VALO360 - DEBUG - 配置保存成功
2025-07-30 14:48:08,889 - VALO360 - DEBUG - 配置已備份至: backup\setup_backup_20250730_144808.json
2025-07-30 14:48:08,891 - VALO360 - DEBUG - 配置保存成功
2025-07-30 14:48:08,891 - VALO360 - DEBUG - 配置已備份至: backup\setup_backup_20250730_144808.json
2025-07-30 14:48:08,893 - VALO360 - DEBUG - 配置保存成功
2025-07-30 14:48:08,895 - VALO360 - DEBUG - 配置已備份至: backup\setup_backup_20250730_144808.json
2025-07-30 14:48:08,897 - VALO360 - DEBUG - 配置保存成功
2025-07-30 14:48:08,897 - VALO360 - DEBUG - 配置已備份至: backup\setup_backup_20250730_144808.json
2025-07-30 14:48:08,901 - VALO360 - DEBUG - 配置保存成功
2025-07-30 14:48:08,905 - VALO360 - DEBUG - 配置已備份至: backup\setup_backup_20250730_144808.json
2025-07-30 14:48:08,907 - VALO360 - DEBUG - 配置保存成功
2025-07-30 14:48:08,909 - VALO360 - DEBUG - 配置已備份至: backup\setup_backup_20250730_144808.json
2025-07-30 14:48:08,911 - VALO360 - DEBUG - 配置保存成功
2025-07-30 14:48:08,911 - VALO360 - DEBUG - 配置已備份至: backup\setup_backup_20250730_144808.json
2025-07-30 14:48:08,913 - VALO360 - DEBUG - 配置保存成功
2025-07-30 14:48:08,915 - VALO360 - DEBUG - 配置已備份至: backup\setup_backup_20250730_144808.json
2025-07-30 14:48:08,917 - VALO360 - DEBUG - 配置保存成功
2025-07-30 14:48:08,919 - VALO360 - DEBUG - 配置已備份至: backup\setup_backup_20250730_144808.json
2025-07-30 14:48:08,922 - VALO360 - DEBUG - 配置保存成功
2025-07-30 14:48:08,924 - VALO360 - DEBUG - 配置已備份至: backup\setup_backup_20250730_144808.json
2025-07-30 14:48:08,925 - VALO360 - DEBUG - 配置保存成功
2025-07-30 14:48:08,927 - VALO360 - DEBUG - 配置已備份至: backup\setup_backup_20250730_144808.json
2025-07-30 14:48:08,928 - VALO360 - DEBUG - 配置保存成功
2025-07-30 14:48:08,930 - VALO360 - DEBUG - 配置已備份至: backup\setup_backup_20250730_144808.json
2025-07-30 14:48:08,932 - VALO360 - DEBUG - 配置保存成功
2025-07-30 14:48:08,933 - VALO360 - DEBUG - 配置已備份至: backup\setup_backup_20250730_144808.json
2025-07-30 14:48:08,937 - VALO360 - DEBUG - 配置保存成功
2025-07-30 14:48:08,938 - VALO360 - DEBUG - 配置已備份至: backup\setup_backup_20250730_144808.json
2025-07-30 14:48:08,940 - VALO360 - DEBUG - 配置保存成功
2025-07-30 14:48:08,941 - VALO360 - DEBUG - 配置已備份至: backup\setup_backup_20250730_144808.json
2025-07-30 14:48:08,941 - VALO360 - DEBUG - 配置保存成功
2025-07-30 14:48:08,941 - VALO360 - DEBUG - 配置已備份至: backup\setup_backup_20250730_144808.json
2025-07-30 14:48:08,941 - VALO360 - DEBUG - 配置保存成功
2025-07-30 14:48:08,941 - VALO360 - DEBUG - 配置已備份至: backup\setup_backup_20250730_144808.json
2025-07-30 14:48:08,951 - VALO360 - DEBUG - 配置保存成功
2025-07-30 14:48:08,953 - VALO360 - DEBUG - 配置已備份至: backup\setup_backup_20250730_144808.json
2025-07-30 14:48:08,954 - VALO360 - DEBUG - 配置保存成功
2025-07-30 14:48:08,956 - VALO360 - DEBUG - 配置已備份至: backup\setup_backup_20250730_144808.json
2025-07-30 14:48:08,957 - VALO360 - DEBUG - 配置保存成功
2025-07-30 14:48:08,959 - VALO360 - DEBUG - 配置已備份至: backup\setup_backup_20250730_144808.json
2025-07-30 14:48:08,960 - VALO360 - DEBUG - 配置保存成功
2025-07-30 14:48:08,964 - VALO360 - DEBUG - 配置已備份至: backup\setup_backup_20250730_144808.json
2025-07-30 14:48:08,966 - VALO360 - DEBUG - 配置保存成功
2025-07-30 14:48:08,966 - VALO360 - DEBUG - 配置已備份至: backup\setup_backup_20250730_144808.json
2025-07-30 14:48:08,968 - VALO360 - DEBUG - 配置保存成功
2025-07-30 14:48:08,970 - VALO360 - DEBUG - 配置已備份至: backup\setup_backup_20250730_144808.json
2025-07-30 14:48:08,973 - VALO360 - DEBUG - 配置保存成功
2025-07-30 14:48:08,973 - VALO360 - DEBUG - 配置已備份至: backup\setup_backup_20250730_144808.json
2025-07-30 14:48:08,975 - VALO360 - DEBUG - 配置保存成功
2025-07-30 14:48:08,990 - VALO360 - DEBUG - 配置已備份至: backup\setup_backup_20250730_144808.json
2025-07-30 14:48:08,991 - VALO360 - DEBUG - 配置保存成功
2025-07-30 14:48:08,991 - VALO360 - DEBUG - 配置已備份至: backup\setup_backup_20250730_144808.json
2025-07-30 14:48:08,995 - VALO360 - DEBUG - 配置保存成功
2025-07-30 14:48:08,997 - VALO360 - DEBUG - 配置已備份至: backup\setup_backup_20250730_144808.json
2025-07-30 14:48:08,999 - VALO360 - DEBUG - 配置保存成功
2025-07-30 14:48:09,000 - VALO360 - DEBUG - 配置已備份至: backup\setup_backup_20250730_144808.json
2025-07-30 14:48:09,002 - VALO360 - DEBUG - 配置保存成功
2025-07-30 14:48:10,633 - VALO360 - DEBUG - 配置已備份至: backup\setup_backup_20250730_144810.json
2025-07-30 14:48:10,633 - VALO360 - DEBUG - 已刪除舊備份: backup\setup_backup_20250730_144242.json
2025-07-30 14:48:10,637 - VALO360 - DEBUG - 配置保存成功
2025-07-30 14:48:10,638 - VALO360 - DEBUG - 配置已備份至: backup\setup_backup_20250730_144810.json
2025-07-30 14:48:10,638 - VALO360 - DEBUG - 配置保存成功
2025-07-30 14:48:10,641 - VALO360 - DEBUG - 配置已備份至: backup\setup_backup_20250730_144810.json
2025-07-30 14:48:10,644 - VALO360 - DEBUG - 配置保存成功
2025-07-30 14:48:10,645 - VALO360 - DEBUG - 配置已備份至: backup\setup_backup_20250730_144810.json
2025-07-30 14:48:10,645 - VALO360 - DEBUG - 配置保存成功
2025-07-30 14:48:15,533 - VALO360 - DEBUG - 配置已備份至: backup\setup_backup_20250730_144815.json
2025-07-30 14:48:15,537 - VALO360 - DEBUG - 已刪除舊備份: backup\setup_backup_20250730_144243.json
2025-07-30 14:48:15,538 - VALO360 - DEBUG - 配置保存成功
2025-07-30 14:48:15,540 - VALO360 - DEBUG - 配置已備份至: backup\setup_backup_20250730_144815.json
2025-07-30 14:48:15,540 - VALO360 - DEBUG - 配置保存成功
2025-07-30 14:48:15,540 - VALO360 - DEBUG - 配置已備份至: backup\setup_backup_20250730_144815.json
2025-07-30 14:48:15,540 - VALO360 - DEBUG - 配置保存成功
2025-07-30 14:48:15,540 - VALO360 - DEBUG - 配置已備份至: backup\setup_backup_20250730_144815.json
2025-07-30 14:48:15,549 - VALO360 - DEBUG - 配置保存成功
2025-07-30 14:48:15,900 - VALO360 - DEBUG - 配置已備份至: backup\setup_backup_20250730_144815.json
2025-07-30 14:48:15,900 - VALO360 - DEBUG - 配置保存成功
2025-07-30 14:48:17,138 - VALO360 - DEBUG - 配置已備份至: backup\setup_backup_20250730_144817.json
2025-07-30 14:48:17,138 - VALO360 - DEBUG - 已刪除舊備份: backup\setup_backup_20250730_144244.json
2025-07-30 14:48:17,138 - VALO360 - DEBUG - 配置保存成功
2025-07-30 14:48:17,169 - VALO360 - DEBUG - 配置已備份至: backup\setup_backup_20250730_144817.json
2025-07-30 14:48:17,181 - VALO360 - DEBUG - 配置保存成功
2025-07-30 14:48:17,184 - VALO360 - DEBUG - 配置已備份至: backup\setup_backup_20250730_144817.json
2025-07-30 14:48:17,186 - VALO360 - DEBUG - 配置保存成功
2025-07-30 14:48:17,188 - VALO360 - DEBUG - 配置已備份至: backup\setup_backup_20250730_144817.json
2025-07-30 14:48:17,190 - VALO360 - DEBUG - 配置保存成功
2025-07-30 14:48:17,192 - VALO360 - DEBUG - 配置已備份至: backup\setup_backup_20250730_144817.json
2025-07-30 14:48:17,194 - VALO360 - DEBUG - 配置保存成功
2025-07-30 14:48:17,194 - VALO360 - DEBUG - 配置已備份至: backup\setup_backup_20250730_144817.json
2025-07-30 14:48:17,196 - VALO360 - DEBUG - 配置保存成功
2025-07-30 14:48:17,204 - VALO360 - DEBUG - 配置已備份至: backup\setup_backup_20250730_144817.json
2025-07-30 14:48:17,206 - VALO360 - DEBUG - 配置保存成功
2025-07-30 14:48:17,210 - VALO360 - DEBUG - 配置已備份至: backup\setup_backup_20250730_144817.json
2025-07-30 14:48:17,214 - VALO360 - DEBUG - 配置保存成功
2025-07-30 14:48:17,216 - VALO360 - DEBUG - 配置已備份至: backup\setup_backup_20250730_144817.json
2025-07-30 14:48:17,218 - VALO360 - DEBUG - 配置保存成功
2025-07-30 14:48:17,220 - VALO360 - DEBUG - 配置已備份至: backup\setup_backup_20250730_144817.json
2025-07-30 14:48:17,222 - VALO360 - DEBUG - 配置保存成功
2025-07-30 14:48:17,224 - VALO360 - DEBUG - 配置已備份至: backup\setup_backup_20250730_144817.json
2025-07-30 14:48:17,226 - VALO360 - DEBUG - 配置保存成功
2025-07-30 14:48:17,251 - VALO360 - DEBUG - 配置已備份至: backup\setup_backup_20250730_144817.json
2025-07-30 14:48:17,251 - VALO360 - DEBUG - 配置保存成功
2025-07-30 14:48:17,251 - VALO360 - DEBUG - 配置已備份至: backup\setup_backup_20250730_144817.json
2025-07-30 14:48:17,261 - VALO360 - DEBUG - 配置保存成功
2025-07-30 14:48:17,261 - VALO360 - DEBUG - 配置已備份至: backup\setup_backup_20250730_144817.json
2025-07-30 14:48:17,261 - VALO360 - DEBUG - 配置保存成功
2025-07-30 14:48:17,261 - VALO360 - DEBUG - 配置已備份至: backup\setup_backup_20250730_144817.json
2025-07-30 14:48:17,261 - VALO360 - DEBUG - 配置保存成功
2025-07-30 14:48:17,271 - VALO360 - DEBUG - 配置已備份至: backup\setup_backup_20250730_144817.json
2025-07-30 14:48:17,271 - VALO360 - DEBUG - 配置保存成功
2025-07-30 14:48:17,271 - VALO360 - DEBUG - 配置已備份至: backup\setup_backup_20250730_144817.json
2025-07-30 14:48:17,271 - VALO360 - DEBUG - 配置保存成功
2025-07-30 14:48:17,271 - VALO360 - DEBUG - 配置已備份至: backup\setup_backup_20250730_144817.json
2025-07-30 14:48:17,281 - VALO360 - DEBUG - 配置保存成功
2025-07-30 14:48:17,281 - VALO360 - DEBUG - 配置已備份至: backup\setup_backup_20250730_144817.json
2025-07-30 14:48:17,284 - VALO360 - DEBUG - 配置保存成功
2025-07-30 14:48:17,284 - VALO360 - DEBUG - 配置已備份至: backup\setup_backup_20250730_144817.json
2025-07-30 14:48:17,291 - VALO360 - DEBUG - 配置保存成功
2025-07-30 14:48:17,291 - VALO360 - DEBUG - 配置已備份至: backup\setup_backup_20250730_144817.json
2025-07-30 14:48:17,294 - VALO360 - DEBUG - 配置保存成功
2025-07-30 14:48:17,294 - VALO360 - DEBUG - 配置已備份至: backup\setup_backup_20250730_144817.json
2025-07-30 14:48:17,297 - VALO360 - DEBUG - 配置保存成功
2025-07-30 14:48:17,297 - VALO360 - DEBUG - 配置已備份至: backup\setup_backup_20250730_144817.json
2025-07-30 14:48:17,302 - VALO360 - DEBUG - 配置保存成功
2025-07-30 14:48:17,304 - VALO360 - DEBUG - 配置已備份至: backup\setup_backup_20250730_144817.json
2025-07-30 14:48:17,304 - VALO360 - DEBUG - 配置保存成功
2025-07-30 14:48:17,304 - VALO360 - DEBUG - 配置已備份至: backup\setup_backup_20250730_144817.json
2025-07-30 14:48:17,304 - VALO360 - DEBUG - 配置保存成功
2025-07-30 14:48:17,312 - VALO360 - DEBUG - 配置已備份至: backup\setup_backup_20250730_144817.json
2025-07-30 14:48:17,313 - VALO360 - DEBUG - 配置保存成功
2025-07-30 14:48:17,313 - VALO360 - DEBUG - 配置已備份至: backup\setup_backup_20250730_144817.json
2025-07-30 14:48:17,313 - VALO360 - DEBUG - 配置保存成功
2025-07-30 14:48:17,322 - VALO360 - DEBUG - 配置已備份至: backup\setup_backup_20250730_144817.json
2025-07-30 14:48:17,322 - VALO360 - DEBUG - 配置保存成功
2025-07-30 14:48:17,322 - VALO360 - DEBUG - 配置已備份至: backup\setup_backup_20250730_144817.json
2025-07-30 14:48:17,322 - VALO360 - DEBUG - 配置保存成功
2025-07-30 14:48:17,322 - VALO360 - DEBUG - 配置已備份至: backup\setup_backup_20250730_144817.json
2025-07-30 14:48:17,322 - VALO360 - DEBUG - 配置保存成功
2025-07-30 14:48:17,332 - VALO360 - DEBUG - 配置已備份至: backup\setup_backup_20250730_144817.json
2025-07-30 14:48:17,333 - VALO360 - DEBUG - 配置保存成功
2025-07-30 14:48:17,333 - VALO360 - DEBUG - 配置已備份至: backup\setup_backup_20250730_144817.json
2025-07-30 14:48:17,333 - VALO360 - DEBUG - 配置保存成功
2025-07-30 14:48:17,333 - VALO360 - DEBUG - 配置已備份至: backup\setup_backup_20250730_144817.json
2025-07-30 14:48:17,333 - VALO360 - DEBUG - 配置保存成功
2025-07-30 14:48:17,342 - VALO360 - DEBUG - 配置已備份至: backup\setup_backup_20250730_144817.json
2025-07-30 14:48:17,342 - VALO360 - DEBUG - 配置保存成功
2025-07-30 14:48:17,342 - VALO360 - DEBUG - 配置已備份至: backup\setup_backup_20250730_144817.json
2025-07-30 14:48:17,342 - VALO360 - DEBUG - 配置保存成功
2025-07-30 14:48:17,370 - VALO360 - DEBUG - 配置已備份至: backup\setup_backup_20250730_144817.json
2025-07-30 14:48:17,372 - VALO360 - DEBUG - 配置保存成功
2025-07-30 14:48:17,372 - VALO360 - DEBUG - 配置已備份至: backup\setup_backup_20250730_144817.json
2025-07-30 14:48:17,372 - VALO360 - DEBUG - 配置保存成功
2025-07-30 14:48:17,372 - VALO360 - DEBUG - 配置已備份至: backup\setup_backup_20250730_144817.json
2025-07-30 14:48:17,372 - VALO360 - DEBUG - 配置保存成功
2025-07-30 14:48:17,372 - VALO360 - DEBUG - 配置已備份至: backup\setup_backup_20250730_144817.json
2025-07-30 14:48:17,382 - VALO360 - DEBUG - 配置保存成功
2025-07-30 14:48:17,384 - VALO360 - DEBUG - 配置已備份至: backup\setup_backup_20250730_144817.json
2025-07-30 14:48:17,384 - VALO360 - DEBUG - 配置保存成功
2025-07-30 14:48:17,387 - VALO360 - DEBUG - 配置已備份至: backup\setup_backup_20250730_144817.json
2025-07-30 14:48:17,387 - VALO360 - DEBUG - 配置保存成功
2025-07-30 14:48:17,391 - VALO360 - DEBUG - 配置已備份至: backup\setup_backup_20250730_144817.json
2025-07-30 14:48:17,393 - VALO360 - DEBUG - 配置保存成功
2025-07-30 14:48:17,394 - VALO360 - DEBUG - 配置已備份至: backup\setup_backup_20250730_144817.json
2025-07-30 14:48:17,394 - VALO360 - DEBUG - 配置保存成功
2025-07-30 14:48:17,398 - VALO360 - DEBUG - 配置已備份至: backup\setup_backup_20250730_144817.json
2025-07-30 14:48:17,398 - VALO360 - DEBUG - 配置保存成功
2025-07-30 14:48:17,403 - VALO360 - DEBUG - 配置已備份至: backup\setup_backup_20250730_144817.json
2025-07-30 14:48:17,404 - VALO360 - DEBUG - 配置保存成功
2025-07-30 14:48:17,405 - VALO360 - DEBUG - 配置已備份至: backup\setup_backup_20250730_144817.json
2025-07-30 14:48:17,405 - VALO360 - DEBUG - 配置保存成功
2025-07-30 14:48:17,405 - VALO360 - DEBUG - 配置已備份至: backup\setup_backup_20250730_144817.json
2025-07-30 14:48:17,405 - VALO360 - DEBUG - 配置保存成功
2025-07-30 14:48:17,413 - VALO360 - DEBUG - 配置已備份至: backup\setup_backup_20250730_144817.json
2025-07-30 14:48:17,414 - VALO360 - DEBUG - 配置保存成功
2025-07-30 14:48:17,414 - VALO360 - DEBUG - 配置已備份至: backup\setup_backup_20250730_144817.json
2025-07-30 14:48:17,414 - VALO360 - DEBUG - 配置保存成功
2025-07-30 14:48:17,414 - VALO360 - DEBUG - 配置已備份至: backup\setup_backup_20250730_144817.json
2025-07-30 14:48:17,414 - VALO360 - DEBUG - 配置保存成功
2025-07-30 14:48:17,423 - VALO360 - DEBUG - 配置已備份至: backup\setup_backup_20250730_144817.json
2025-07-30 14:48:17,424 - VALO360 - DEBUG - 配置保存成功
2025-07-30 14:48:17,427 - VALO360 - DEBUG - 配置已備份至: backup\setup_backup_20250730_144817.json
2025-07-30 14:48:17,429 - VALO360 - DEBUG - 配置保存成功
2025-07-30 14:48:17,429 - VALO360 - DEBUG - 配置已備份至: backup\setup_backup_20250730_144817.json
2025-07-30 14:48:17,431 - VALO360 - DEBUG - 配置保存成功
2025-07-30 14:48:17,433 - VALO360 - DEBUG - 配置已備份至: backup\setup_backup_20250730_144817.json
2025-07-30 14:48:17,435 - VALO360 - DEBUG - 配置保存成功
2025-07-30 14:48:17,435 - VALO360 - DEBUG - 配置已備份至: backup\setup_backup_20250730_144817.json
2025-07-30 14:48:17,437 - VALO360 - DEBUG - 配置保存成功
2025-07-30 14:48:17,439 - VALO360 - DEBUG - 配置已備份至: backup\setup_backup_20250730_144817.json
2025-07-30 14:48:17,441 - VALO360 - DEBUG - 配置保存成功
2025-07-30 14:48:17,443 - VALO360 - DEBUG - 配置已備份至: backup\setup_backup_20250730_144817.json
2025-07-30 14:48:17,445 - VALO360 - DEBUG - 配置保存成功
2025-07-30 14:48:17,447 - VALO360 - DEBUG - 配置已備份至: backup\setup_backup_20250730_144817.json
2025-07-30 14:48:17,449 - VALO360 - DEBUG - 配置保存成功
2025-07-30 14:48:17,449 - VALO360 - DEBUG - 配置已備份至: backup\setup_backup_20250730_144817.json
2025-07-30 14:48:17,451 - VALO360 - DEBUG - 配置保存成功
2025-07-30 14:48:17,453 - VALO360 - DEBUG - 配置已備份至: backup\setup_backup_20250730_144817.json
2025-07-30 14:48:17,457 - VALO360 - DEBUG - 配置保存成功
2025-07-30 14:48:17,457 - VALO360 - DEBUG - 配置已備份至: backup\setup_backup_20250730_144817.json
2025-07-30 14:48:17,457 - VALO360 - DEBUG - 配置保存成功
2025-07-30 14:48:17,457 - VALO360 - DEBUG - 配置已備份至: backup\setup_backup_20250730_144817.json
2025-07-30 14:48:17,463 - VALO360 - DEBUG - 配置保存成功
2025-07-30 14:48:17,464 - VALO360 - DEBUG - 配置已備份至: backup\setup_backup_20250730_144817.json
2025-07-30 14:48:17,466 - VALO360 - DEBUG - 配置保存成功
2025-07-30 14:48:17,469 - VALO360 - DEBUG - 配置已備份至: backup\setup_backup_20250730_144817.json
2025-07-30 14:48:17,471 - VALO360 - DEBUG - 配置保存成功
2025-07-30 14:48:17,471 - VALO360 - DEBUG - 配置已備份至: backup\setup_backup_20250730_144817.json
2025-07-30 14:48:17,474 - VALO360 - DEBUG - 配置保存成功
2025-07-30 14:48:17,476 - VALO360 - DEBUG - 配置已備份至: backup\setup_backup_20250730_144817.json
2025-07-30 14:48:17,478 - VALO360 - DEBUG - 配置保存成功
2025-07-30 14:48:17,478 - VALO360 - DEBUG - 配置已備份至: backup\setup_backup_20250730_144817.json
2025-07-30 14:48:17,480 - VALO360 - DEBUG - 配置保存成功
2025-07-30 14:48:17,480 - VALO360 - DEBUG - 配置已備份至: backup\setup_backup_20250730_144817.json
2025-07-30 14:48:17,485 - VALO360 - DEBUG - 配置保存成功
2025-07-30 14:48:17,485 - VALO360 - DEBUG - 配置已備份至: backup\setup_backup_20250730_144817.json
2025-07-30 14:48:17,485 - VALO360 - DEBUG - 配置保存成功
2025-07-30 14:48:17,485 - VALO360 - DEBUG - 配置已備份至: backup\setup_backup_20250730_144817.json
2025-07-30 14:48:17,485 - VALO360 - DEBUG - 配置保存成功
2025-07-30 14:48:17,485 - VALO360 - DEBUG - 配置已備份至: backup\setup_backup_20250730_144817.json
2025-07-30 14:48:17,494 - VALO360 - DEBUG - 配置保存成功
2025-07-30 14:48:17,494 - VALO360 - DEBUG - 配置已備份至: backup\setup_backup_20250730_144817.json
2025-07-30 14:48:17,494 - VALO360 - DEBUG - 配置保存成功
2025-07-30 14:48:17,494 - VALO360 - DEBUG - 配置已備份至: backup\setup_backup_20250730_144817.json
2025-07-30 14:48:17,494 - VALO360 - DEBUG - 配置保存成功
2025-07-30 14:48:17,504 - VALO360 - DEBUG - 配置已備份至: backup\setup_backup_20250730_144817.json
2025-07-30 14:48:17,504 - VALO360 - DEBUG - 配置保存成功
2025-07-30 14:48:17,508 - VALO360 - DEBUG - 配置已備份至: backup\setup_backup_20250730_144817.json
2025-07-30 14:48:17,508 - VALO360 - DEBUG - 配置保存成功
2025-07-30 14:48:17,512 - VALO360 - DEBUG - 配置已備份至: backup\setup_backup_20250730_144817.json
2025-07-30 14:48:17,513 - VALO360 - DEBUG - 配置保存成功
2025-07-30 14:48:17,514 - VALO360 - DEBUG - 配置已備份至: backup\setup_backup_20250730_144817.json
2025-07-30 14:48:17,514 - VALO360 - DEBUG - 配置保存成功
2025-07-30 14:48:17,514 - VALO360 - DEBUG - 配置已備份至: backup\setup_backup_20250730_144817.json
2025-07-30 14:48:17,520 - VALO360 - DEBUG - 配置保存成功
2025-07-30 14:48:17,521 - VALO360 - DEBUG - 配置已備份至: backup\setup_backup_20250730_144817.json
2025-07-30 14:48:17,521 - VALO360 - DEBUG - 配置保存成功
2025-07-30 14:48:17,524 - VALO360 - DEBUG - 配置已備份至: backup\setup_backup_20250730_144817.json
2025-07-30 14:48:17,524 - VALO360 - DEBUG - 配置保存成功
2025-07-30 14:48:17,524 - VALO360 - DEBUG - 配置已備份至: backup\setup_backup_20250730_144817.json
2025-07-30 14:48:17,524 - VALO360 - DEBUG - 配置保存成功
2025-07-30 14:48:17,524 - VALO360 - DEBUG - 配置已備份至: backup\setup_backup_20250730_144817.json
2025-07-30 14:48:17,535 - VALO360 - DEBUG - 配置保存成功
2025-07-30 14:48:17,536 - VALO360 - DEBUG - 配置已備份至: backup\setup_backup_20250730_144817.json
2025-07-30 14:48:17,536 - VALO360 - DEBUG - 配置保存成功
2025-07-30 14:48:17,540 - VALO360 - DEBUG - 配置已備份至: backup\setup_backup_20250730_144817.json
2025-07-30 14:48:17,542 - VALO360 - DEBUG - 配置保存成功
2025-07-30 14:48:17,542 - VALO360 - DEBUG - 配置已備份至: backup\setup_backup_20250730_144817.json
2025-07-30 14:48:17,544 - VALO360 - DEBUG - 配置保存成功
2025-07-30 14:48:17,546 - VALO360 - DEBUG - 配置已備份至: backup\setup_backup_20250730_144817.json
2025-07-30 14:48:17,548 - VALO360 - DEBUG - 配置保存成功
2025-07-30 14:48:17,548 - VALO360 - DEBUG - 配置已備份至: backup\setup_backup_20250730_144817.json
2025-07-30 14:48:17,550 - VALO360 - DEBUG - 配置保存成功
2025-07-30 14:48:17,557 - VALO360 - DEBUG - 配置已備份至: backup\setup_backup_20250730_144817.json
2025-07-30 14:48:17,559 - VALO360 - DEBUG - 配置保存成功
2025-07-30 14:48:17,559 - VALO360 - DEBUG - 配置已備份至: backup\setup_backup_20250730_144817.json
2025-07-30 14:48:17,561 - VALO360 - DEBUG - 配置保存成功
2025-07-30 14:48:17,563 - VALO360 - DEBUG - 配置已備份至: backup\setup_backup_20250730_144817.json
2025-07-30 14:48:17,565 - VALO360 - DEBUG - 配置保存成功
2025-07-30 14:48:17,567 - VALO360 - DEBUG - 配置已備份至: backup\setup_backup_20250730_144817.json
2025-07-30 14:48:17,569 - VALO360 - DEBUG - 配置保存成功
2025-07-30 14:48:17,569 - VALO360 - DEBUG - 配置已備份至: backup\setup_backup_20250730_144817.json
2025-07-30 14:48:17,573 - VALO360 - DEBUG - 配置保存成功
2025-07-30 14:48:17,575 - VALO360 - DEBUG - 配置已備份至: backup\setup_backup_20250730_144817.json
2025-07-30 14:48:17,576 - VALO360 - DEBUG - 配置保存成功
2025-07-30 14:48:17,576 - VALO360 - DEBUG - 配置已備份至: backup\setup_backup_20250730_144817.json
2025-07-30 14:48:17,576 - VALO360 - DEBUG - 配置保存成功
2025-07-30 14:48:17,576 - VALO360 - DEBUG - 配置已備份至: backup\setup_backup_20250730_144817.json
2025-07-30 14:48:17,576 - VALO360 - DEBUG - 配置保存成功
2025-07-30 14:48:17,586 - VALO360 - DEBUG - 配置已備份至: backup\setup_backup_20250730_144817.json
2025-07-30 14:48:17,588 - VALO360 - DEBUG - 配置保存成功
2025-07-30 14:48:17,590 - VALO360 - DEBUG - 配置已備份至: backup\setup_backup_20250730_144817.json
2025-07-30 14:48:17,592 - VALO360 - DEBUG - 配置保存成功
2025-07-30 14:48:17,592 - VALO360 - DEBUG - 配置已備份至: backup\setup_backup_20250730_144817.json
2025-07-30 14:48:17,595 - VALO360 - DEBUG - 配置保存成功
2025-07-30 14:48:17,597 - VALO360 - DEBUG - 配置已備份至: backup\setup_backup_20250730_144817.json
2025-07-30 14:48:17,599 - VALO360 - DEBUG - 配置保存成功
2025-07-30 14:48:17,601 - VALO360 - DEBUG - 配置已備份至: backup\setup_backup_20250730_144817.json
2025-07-30 14:48:17,603 - VALO360 - DEBUG - 配置保存成功
2025-07-30 14:48:17,603 - VALO360 - DEBUG - 配置已備份至: backup\setup_backup_20250730_144817.json
2025-07-30 14:48:17,605 - VALO360 - DEBUG - 配置保存成功
2025-07-30 14:48:17,605 - VALO360 - DEBUG - 配置已備份至: backup\setup_backup_20250730_144817.json
2025-07-30 14:48:17,605 - VALO360 - DEBUG - 配置保存成功
2025-07-30 14:48:17,605 - VALO360 - DEBUG - 配置已備份至: backup\setup_backup_20250730_144817.json
2025-07-30 14:48:17,605 - VALO360 - DEBUG - 配置保存成功
2025-07-30 14:48:17,605 - VALO360 - DEBUG - 配置已備份至: backup\setup_backup_20250730_144817.json
2025-07-30 14:48:17,615 - VALO360 - DEBUG - 配置保存成功
2025-07-30 14:48:17,615 - VALO360 - DEBUG - 配置已備份至: backup\setup_backup_20250730_144817.json
2025-07-30 14:48:17,620 - VALO360 - DEBUG - 配置保存成功
2025-07-30 14:48:17,620 - VALO360 - DEBUG - 配置已備份至: backup\setup_backup_20250730_144817.json
2025-07-30 14:48:17,623 - VALO360 - DEBUG - 配置保存成功
2025-07-30 14:48:17,623 - VALO360 - DEBUG - 配置已備份至: backup\setup_backup_20250730_144817.json
2025-07-30 14:48:17,626 - VALO360 - DEBUG - 配置保存成功
2025-07-30 14:48:17,628 - VALO360 - DEBUG - 配置已備份至: backup\setup_backup_20250730_144817.json
2025-07-30 14:48:17,628 - VALO360 - DEBUG - 配置保存成功
2025-07-30 14:48:17,628 - VALO360 - DEBUG - 配置已備份至: backup\setup_backup_20250730_144817.json
2025-07-30 14:48:17,635 - VALO360 - DEBUG - 配置保存成功
2025-07-30 14:48:17,636 - VALO360 - DEBUG - 配置已備份至: backup\setup_backup_20250730_144817.json
2025-07-30 14:48:17,637 - VALO360 - DEBUG - 配置保存成功
2025-07-30 14:48:17,640 - VALO360 - DEBUG - 配置已備份至: backup\setup_backup_20250730_144817.json
2025-07-30 14:48:17,640 - VALO360 - DEBUG - 配置保存成功
2025-07-30 14:48:17,640 - VALO360 - DEBUG - 配置已備份至: backup\setup_backup_20250730_144817.json
2025-07-30 14:48:17,646 - VALO360 - DEBUG - 配置保存成功
2025-07-30 14:48:17,646 - VALO360 - DEBUG - 配置已備份至: backup\setup_backup_20250730_144817.json
2025-07-30 14:48:17,646 - VALO360 - DEBUG - 配置保存成功
2025-07-30 14:48:17,646 - VALO360 - DEBUG - 配置已備份至: backup\setup_backup_20250730_144817.json
2025-07-30 14:48:17,653 - VALO360 - DEBUG - 配置保存成功
2025-07-30 14:48:17,653 - VALO360 - DEBUG - 配置已備份至: backup\setup_backup_20250730_144817.json
2025-07-30 14:48:17,655 - VALO360 - DEBUG - 配置保存成功
2025-07-30 14:48:17,658 - VALO360 - DEBUG - 配置已備份至: backup\setup_backup_20250730_144817.json
2025-07-30 14:48:17,660 - VALO360 - DEBUG - 配置保存成功
2025-07-30 14:48:17,662 - VALO360 - DEBUG - 配置已備份至: backup\setup_backup_20250730_144817.json
2025-07-30 14:48:17,664 - VALO360 - DEBUG - 配置保存成功
2025-07-30 14:48:17,664 - VALO360 - DEBUG - 配置已備份至: backup\setup_backup_20250730_144817.json
2025-07-30 14:48:17,667 - VALO360 - DEBUG - 配置保存成功
2025-07-30 14:48:17,667 - VALO360 - DEBUG - 配置已備份至: backup\setup_backup_20250730_144817.json
2025-07-30 14:48:17,669 - VALO360 - DEBUG - 配置保存成功
2025-07-30 14:48:17,673 - VALO360 - DEBUG - 配置已備份至: backup\setup_backup_20250730_144817.json
2025-07-30 14:48:17,673 - VALO360 - DEBUG - 配置保存成功
2025-07-30 14:48:17,677 - VALO360 - DEBUG - 配置已備份至: backup\setup_backup_20250730_144817.json
2025-07-30 14:48:17,677 - VALO360 - DEBUG - 配置保存成功
2025-07-30 14:48:17,677 - VALO360 - DEBUG - 配置已備份至: backup\setup_backup_20250730_144817.json
2025-07-30 14:48:17,677 - VALO360 - DEBUG - 配置保存成功
2025-07-30 14:48:17,677 - VALO360 - DEBUG - 配置已備份至: backup\setup_backup_20250730_144817.json
2025-07-30 14:48:17,677 - VALO360 - DEBUG - 配置保存成功
2025-07-30 14:48:17,688 - VALO360 - DEBUG - 配置已備份至: backup\setup_backup_20250730_144817.json
2025-07-30 14:48:17,690 - VALO360 - DEBUG - 配置保存成功
2025-07-30 14:48:17,690 - VALO360 - DEBUG - 配置已備份至: backup\setup_backup_20250730_144817.json
2025-07-30 14:48:17,693 - VALO360 - DEBUG - 配置保存成功
2025-07-30 14:48:17,695 - VALO360 - DEBUG - 配置已備份至: backup\setup_backup_20250730_144817.json
2025-07-30 14:48:17,697 - VALO360 - DEBUG - 配置保存成功
2025-07-30 14:48:17,698 - VALO360 - DEBUG - 配置已備份至: backup\setup_backup_20250730_144817.json
2025-07-30 14:48:17,700 - VALO360 - DEBUG - 配置保存成功
2025-07-30 14:48:17,702 - VALO360 - DEBUG - 配置已備份至: backup\setup_backup_20250730_144817.json
2025-07-30 14:48:17,704 - VALO360 - DEBUG - 配置保存成功
2025-07-30 14:48:17,706 - VALO360 - DEBUG - 配置已備份至: backup\setup_backup_20250730_144817.json
2025-07-30 14:48:17,708 - VALO360 - DEBUG - 配置保存成功
2025-07-30 14:48:17,710 - VALO360 - DEBUG - 配置已備份至: backup\setup_backup_20250730_144817.json
2025-07-30 14:48:17,712 - VALO360 - DEBUG - 配置保存成功
2025-07-30 14:48:17,712 - VALO360 - DEBUG - 配置已備份至: backup\setup_backup_20250730_144817.json
2025-07-30 14:48:17,714 - VALO360 - DEBUG - 配置保存成功
2025-07-30 14:48:17,716 - VALO360 - DEBUG - 配置已備份至: backup\setup_backup_20250730_144817.json
2025-07-30 14:48:17,719 - VALO360 - DEBUG - 配置保存成功
2025-07-30 14:48:17,719 - VALO360 - DEBUG - 配置已備份至: backup\setup_backup_20250730_144817.json
2025-07-30 14:48:17,719 - VALO360 - DEBUG - 配置保存成功
2025-07-30 14:48:17,719 - VALO360 - DEBUG - 配置已備份至: backup\setup_backup_20250730_144817.json
2025-07-30 14:48:17,719 - VALO360 - DEBUG - 配置保存成功
2025-07-30 14:48:17,728 - VALO360 - DEBUG - 配置已備份至: backup\setup_backup_20250730_144817.json
2025-07-30 14:48:17,730 - VALO360 - DEBUG - 配置保存成功
2025-07-30 14:48:17,730 - VALO360 - DEBUG - 配置已備份至: backup\setup_backup_20250730_144817.json
2025-07-30 14:48:17,730 - VALO360 - DEBUG - 配置保存成功
2025-07-30 14:48:17,736 - VALO360 - DEBUG - 配置已備份至: backup\setup_backup_20250730_144817.json
2025-07-30 14:48:17,738 - VALO360 - DEBUG - 配置保存成功
2025-07-30 14:48:17,738 - VALO360 - DEBUG - 配置已備份至: backup\setup_backup_20250730_144817.json
2025-07-30 14:48:17,738 - VALO360 - DEBUG - 配置保存成功
2025-07-30 14:48:17,743 - VALO360 - DEBUG - 配置已備份至: backup\setup_backup_20250730_144817.json
2025-07-30 14:48:17,743 - VALO360 - DEBUG - 配置保存成功
2025-07-30 14:48:17,746 - VALO360 - DEBUG - 配置已備份至: backup\setup_backup_20250730_144817.json
2025-07-30 14:48:17,749 - VALO360 - DEBUG - 配置保存成功
2025-07-30 14:48:17,749 - VALO360 - DEBUG - 配置已備份至: backup\setup_backup_20250730_144817.json
2025-07-30 14:48:17,752 - VALO360 - DEBUG - 配置保存成功
2025-07-30 14:48:17,754 - VALO360 - DEBUG - 配置已備份至: backup\setup_backup_20250730_144817.json
2025-07-30 14:48:17,754 - VALO360 - DEBUG - 配置保存成功
2025-07-30 14:48:17,754 - VALO360 - DEBUG - 配置已備份至: backup\setup_backup_20250730_144817.json
2025-07-30 14:48:17,759 - VALO360 - DEBUG - 配置保存成功
2025-07-30 14:48:17,759 - VALO360 - DEBUG - 配置已備份至: backup\setup_backup_20250730_144817.json
2025-07-30 14:48:17,759 - VALO360 - DEBUG - 配置保存成功
2025-07-30 14:48:17,765 - VALO360 - DEBUG - 配置已備份至: backup\setup_backup_20250730_144817.json
2025-07-30 14:48:17,767 - VALO360 - DEBUG - 配置保存成功
2025-07-30 14:48:17,769 - VALO360 - DEBUG - 配置已備份至: backup\setup_backup_20250730_144817.json
2025-07-30 14:48:17,769 - VALO360 - DEBUG - 配置保存成功
2025-07-30 14:48:17,769 - VALO360 - DEBUG - 配置已備份至: backup\setup_backup_20250730_144817.json
2025-07-30 14:48:17,769 - VALO360 - DEBUG - 配置保存成功
2025-07-30 14:48:17,769 - VALO360 - DEBUG - 配置已備份至: backup\setup_backup_20250730_144817.json
2025-07-30 14:48:17,769 - VALO360 - DEBUG - 配置保存成功
2025-07-30 14:48:17,779 - VALO360 - DEBUG - 配置已備份至: backup\setup_backup_20250730_144817.json
2025-07-30 14:48:17,779 - VALO360 - DEBUG - 配置保存成功
2025-07-30 14:48:17,779 - VALO360 - DEBUG - 配置已備份至: backup\setup_backup_20250730_144817.json
2025-07-30 14:48:17,779 - VALO360 - DEBUG - 配置保存成功
2025-07-30 14:48:17,779 - VALO360 - DEBUG - 配置已備份至: backup\setup_backup_20250730_144817.json
2025-07-30 14:48:17,789 - VALO360 - DEBUG - 配置保存成功
2025-07-30 14:48:17,789 - VALO360 - DEBUG - 配置已備份至: backup\setup_backup_20250730_144817.json
2025-07-30 14:48:17,789 - VALO360 - DEBUG - 配置保存成功
2025-07-30 14:48:17,794 - VALO360 - DEBUG - 配置已備份至: backup\setup_backup_20250730_144817.json
2025-07-30 14:48:17,794 - VALO360 - DEBUG - 配置保存成功
2025-07-30 14:48:17,797 - VALO360 - DEBUG - 配置已備份至: backup\setup_backup_20250730_144817.json
2025-07-30 14:48:17,799 - VALO360 - DEBUG - 配置保存成功
2025-07-30 14:48:17,799 - VALO360 - DEBUG - 配置已備份至: backup\setup_backup_20250730_144817.json
2025-07-30 14:48:17,799 - VALO360 - DEBUG - 配置保存成功
2025-07-30 14:48:17,804 - VALO360 - DEBUG - 配置已備份至: backup\setup_backup_20250730_144817.json
2025-07-30 14:48:17,804 - VALO360 - DEBUG - 配置保存成功
2025-07-30 14:48:17,808 - VALO360 - DEBUG - 配置已備份至: backup\setup_backup_20250730_144817.json
2025-07-30 14:48:17,810 - VALO360 - DEBUG - 配置保存成功
2025-07-30 14:48:17,811 - VALO360 - DEBUG - 配置已備份至: backup\setup_backup_20250730_144817.json
2025-07-30 14:48:17,813 - VALO360 - DEBUG - 配置保存成功
2025-07-30 14:48:17,815 - VALO360 - DEBUG - 配置已備份至: backup\setup_backup_20250730_144817.json
2025-07-30 14:48:17,815 - VALO360 - DEBUG - 配置保存成功
2025-07-30 14:48:17,818 - VALO360 - DEBUG - 配置已備份至: backup\setup_backup_20250730_144817.json
2025-07-30 14:48:17,820 - VALO360 - DEBUG - 配置保存成功
2025-07-30 14:48:17,822 - VALO360 - DEBUG - 配置已備份至: backup\setup_backup_20250730_144817.json
2025-07-30 14:48:17,822 - VALO360 - DEBUG - 配置保存成功
2025-07-30 14:48:17,826 - VALO360 - DEBUG - 配置已備份至: backup\setup_backup_20250730_144817.json
2025-07-30 14:48:17,826 - VALO360 - DEBUG - 配置保存成功
2025-07-30 14:48:17,829 - VALO360 - DEBUG - 配置已備份至: backup\setup_backup_20250730_144817.json
2025-07-30 14:48:17,830 - VALO360 - DEBUG - 配置保存成功
2025-07-30 14:48:18,050 - VALO360 - DEBUG - 配置已備份至: backup\setup_backup_20250730_144818.json
2025-07-30 14:48:18,050 - VALO360 - DEBUG - 已刪除舊備份: backup\setup_backup_20250730_144245.json
2025-07-30 14:48:18,054 - VALO360 - DEBUG - 配置保存成功
2025-07-30 14:48:18,064 - VALO360 - DEBUG - 配置已備份至: backup\setup_backup_20250730_144818.json
2025-07-30 14:48:18,065 - VALO360 - DEBUG - 配置保存成功
2025-07-30 14:48:18,065 - VALO360 - DEBUG - 找到 2 個COM口: ['COM5', 'COM6']
2025-07-30 14:48:18,065 - VALO360 - DEBUG - 配置已備份至: backup\setup_backup_20250730_144818.json
2025-07-30 14:48:18,075 - VALO360 - DEBUG - 配置保存成功
2025-07-30 14:48:18,136 - VALO360 - DEBUG - 配置已備份至: backup\setup_backup_20250730_144818.json
2025-07-30 14:48:18,136 - VALO360 - DEBUG - 配置保存成功
2025-07-30 14:48:18,139 - VALO360 - DEBUG - 配置已備份至: backup\setup_backup_20250730_144818.json
2025-07-30 14:48:18,141 - VALO360 - DEBUG - 配置保存成功
2025-07-30 14:48:18,143 - VALO360 - DEBUG - 配置已備份至: backup\setup_backup_20250730_144818.json
2025-07-30 14:48:18,146 - VALO360 - DEBUG - 配置保存成功
2025-07-30 14:48:18,147 - VALO360 - DEBUG - 配置已備份至: backup\setup_backup_20250730_144818.json
2025-07-30 14:48:18,151 - VALO360 - DEBUG - 配置保存成功
2025-07-30 14:48:18,158 - VALO360 - DEBUG - 配置已備份至: backup\setup_backup_20250730_144818.json
2025-07-30 14:48:18,161 - VALO360 - DEBUG - 配置保存成功
2025-07-30 14:48:18,163 - VALO360 - DEBUG - 配置已備份至: backup\setup_backup_20250730_144818.json
2025-07-30 14:48:18,167 - VALO360 - DEBUG - 配置保存成功
2025-07-30 14:48:18,169 - VALO360 - DEBUG - 配置已備份至: backup\setup_backup_20250730_144818.json
2025-07-30 14:48:18,173 - VALO360 - DEBUG - 配置保存成功
2025-07-30 14:48:18,175 - VALO360 - DEBUG - 配置已備份至: backup\setup_backup_20250730_144818.json
2025-07-30 14:48:18,179 - VALO360 - DEBUG - 配置保存成功
2025-07-30 14:48:18,184 - VALO360 - DEBUG - 配置已備份至: backup\setup_backup_20250730_144818.json
2025-07-30 14:48:18,188 - VALO360 - DEBUG - 配置保存成功
2025-07-30 14:48:18,190 - VALO360 - DEBUG - 配置已備份至: backup\setup_backup_20250730_144818.json
2025-07-30 14:48:18,190 - VALO360 - DEBUG - 配置保存成功
2025-07-30 14:48:18,190 - VALO360 - DEBUG - 配置已備份至: backup\setup_backup_20250730_144818.json
2025-07-30 14:48:18,199 - VALO360 - DEBUG - 配置保存成功
2025-07-30 14:48:18,201 - VALO360 - DEBUG - 配置已備份至: backup\setup_backup_20250730_144818.json
2025-07-30 14:48:18,206 - VALO360 - DEBUG - 配置保存成功
2025-07-30 14:48:20,232 - VALO360 - DEBUG - 配置已備份至: backup\setup_backup_20250730_144820.json
2025-07-30 14:48:20,232 - VALO360 - DEBUG - 已刪除舊備份: backup\setup_backup_20250730_144246.json
2025-07-30 14:48:20,232 - VALO360 - DEBUG - 配置保存成功
2025-07-30 14:48:20,239 - VALO360 - DEBUG - 配置已備份至: backup\setup_backup_20250730_144820.json
2025-07-30 14:48:20,241 - VALO360 - DEBUG - 配置保存成功
2025-07-30 14:48:20,243 - VALO360 - DEBUG - 配置已備份至: backup\setup_backup_20250730_144820.json
2025-07-30 14:48:20,247 - VALO360 - DEBUG - 配置保存成功
2025-07-30 14:48:20,248 - VALO360 - DEBUG - 配置已備份至: backup\setup_backup_20250730_144820.json
2025-07-30 14:48:20,248 - VALO360 - DEBUG - 配置保存成功
2025-07-30 14:54:03,583 - VALO360 - DEBUG - 配置已備份至: backup\setup_backup_20250730_145403.json
2025-07-30 14:54:03,583 - VALO360 - DEBUG - 已刪除舊備份: backup\setup_backup_20250730_144247.json
2025-07-30 14:54:03,583 - VALO360 - DEBUG - 配置保存成功
2025-07-30 14:54:03,588 - VALO360 - DEBUG - 配置已備份至: backup\setup_backup_20250730_145403.json
2025-07-30 14:54:03,588 - VALO360 - DEBUG - 配置保存成功
2025-07-30 14:54:03,592 - VALO360 - DEBUG - 配置已備份至: backup\setup_backup_20250730_145403.json
2025-07-30 14:54:03,594 - VALO360 - DEBUG - 配置保存成功
2025-07-30 14:54:03,596 - VALO360 - DEBUG - 配置已備份至: backup\setup_backup_20250730_145403.json
2025-07-30 14:54:03,599 - VALO360 - DEBUG - 配置保存成功
2025-07-30 14:55:44,210 - VALO360 - DEBUG - 配置已備份至: backup\setup_backup_20250730_145544.json
2025-07-30 14:55:44,214 - VALO360 - DEBUG - 已刪除舊備份: backup\setup_backup_20250730_144258.json
2025-07-30 14:55:44,214 - VALO360 - DEBUG - 配置保存成功
2025-07-30 14:55:44,218 - VALO360 - DEBUG - 配置已備份至: backup\setup_backup_20250730_145544.json
2025-07-30 14:55:44,218 - VALO360 - DEBUG - 配置保存成功
2025-07-30 14:55:44,218 - VALO360 - DEBUG - 配置已備份至: backup\setup_backup_20250730_145544.json
2025-07-30 14:55:44,218 - VALO360 - DEBUG - 配置保存成功
2025-07-30 14:55:44,218 - VALO360 - DEBUG - 配置已備份至: backup\setup_backup_20250730_145544.json
2025-07-30 14:55:44,229 - VALO360 - DEBUG - 配置保存成功
2025-07-30 14:57:15,485 - VALO360 - DEBUG - 配置已備份至: backup\setup_backup_20250730_145715.json
2025-07-30 14:57:15,489 - VALO360 - DEBUG - 已刪除舊備份: backup\setup_backup_20250730_144550.json
2025-07-30 14:57:15,490 - VALO360 - DEBUG - 配置保存成功
2025-07-30 14:57:15,490 - VALO360 - DEBUG - 配置已備份至: backup\setup_backup_20250730_145715.json
2025-07-30 14:57:15,496 - VALO360 - DEBUG - 配置保存成功
2025-07-30 14:57:15,498 - VALO360 - DEBUG - 配置已備份至: backup\setup_backup_20250730_145715.json
2025-07-30 14:57:15,498 - VALO360 - DEBUG - 配置保存成功
2025-07-30 14:57:15,501 - VALO360 - DEBUG - 配置已備份至: backup\setup_backup_20250730_145715.json
2025-07-30 14:57:15,503 - VALO360 - DEBUG - 配置保存成功
2025-07-30 14:57:16,877 - VALO360 - DEBUG - 配置已備份至: backup\setup_backup_20250730_145716.json
2025-07-30 14:57:16,879 - VALO360 - DEBUG - 已刪除舊備份: backup\setup_backup_20250730_144551.json
2025-07-30 14:57:16,881 - VALO360 - DEBUG - 配置保存成功
2025-07-30 14:57:16,883 - VALO360 - DEBUG - 配置已備份至: backup\setup_backup_20250730_145716.json
2025-07-30 14:57:16,887 - VALO360 - DEBUG - 配置保存成功
2025-07-30 14:57:16,889 - VALO360 - DEBUG - 配置已備份至: backup\setup_backup_20250730_145716.json
2025-07-30 14:57:16,894 - VALO360 - DEBUG - 配置保存成功
2025-07-30 14:57:16,897 - VALO360 - DEBUG - 配置已備份至: backup\setup_backup_20250730_145716.json
2025-07-30 14:57:16,901 - VALO360 - DEBUG - 配置保存成功
2025-07-30 15:26:04,864 - VALO360 - DEBUG - 配置已備份至: backup\setup_backup_20250730_152604.json
2025-07-30 15:26:04,868 - VALO360 - DEBUG - 已刪除舊備份: backup\setup_backup_20250730_144552.json
2025-07-30 15:26:04,869 - VALO360 - DEBUG - 配置保存成功
2025-07-30 15:26:04,870 - VALO360 - DEBUG - 配置已備份至: backup\setup_backup_20250730_152604.json
2025-07-30 15:26:04,874 - VALO360 - DEBUG - 配置保存成功
2025-07-30 15:26:04,876 - VALO360 - DEBUG - 配置已備份至: backup\setup_backup_20250730_152604.json
2025-07-30 15:26:04,879 - VALO360 - DEBUG - 配置保存成功
2025-07-30 15:26:04,881 - VALO360 - DEBUG - 配置已備份至: backup\setup_backup_20250730_152604.json
2025-07-30 15:26:04,883 - VALO360 - DEBUG - 配置保存成功
2025-07-30 15:54:39,200 - VALO360 - DEBUG - 配置已備份至: backup\setup_backup_20250730_155439.json
2025-07-30 15:54:39,204 - VALO360 - DEBUG - 已刪除舊備份: backup\setup_backup_20250730_144553.json
2025-07-30 15:54:39,204 - VALO360 - DEBUG - 配置保存成功
2025-07-30 15:54:39,206 - VALO360 - DEBUG - 配置已備份至: backup\setup_backup_20250730_155439.json
2025-07-30 15:54:39,209 - VALO360 - DEBUG - 配置保存成功
2025-07-30 15:54:39,211 - VALO360 - DEBUG - 配置已備份至: backup\setup_backup_20250730_155439.json
2025-07-30 15:54:39,211 - VALO360 - DEBUG - 配置保存成功
2025-07-30 15:54:39,211 - VALO360 - DEBUG - 配置已備份至: backup\setup_backup_20250730_155439.json
2025-07-30 15:54:39,217 - VALO360 - DEBUG - 配置保存成功
2025-07-30 15:54:39,219 - VALO360 - DEBUG - 配置已備份至: backup\setup_backup_20250730_155439.json
2025-07-30 15:54:39,219 - VALO360 - DEBUG - 配置保存成功
2025-07-30 15:54:39,219 - VALO360 - DEBUG - 配置已備份至: backup\setup_backup_20250730_155439.json
2025-07-30 15:54:39,219 - VALO360 - DEBUG - 配置保存成功
2025-07-30 15:54:39,219 - VALO360 - DEBUG - 配置已備份至: backup\setup_backup_20250730_155439.json
2025-07-30 15:54:39,230 - VALO360 - DEBUG - 配置保存成功
2025-07-30 15:54:39,230 - VALO360 - DEBUG - 配置已備份至: backup\setup_backup_20250730_155439.json
2025-07-30 15:54:39,230 - VALO360 - DEBUG - 配置保存成功
2025-07-30 15:55:04,469 - VALO360 - DEBUG - 配置已備份至: backup\setup_backup_20250730_155504.json
2025-07-30 15:55:04,473 - VALO360 - DEBUG - 已刪除舊備份: backup\setup_backup_20250730_144554.json
2025-07-30 15:55:04,475 - VALO360 - DEBUG - 配置保存成功
2025-07-30 15:55:04,475 - VALO360 - DEBUG - 配置已備份至: backup\setup_backup_20250730_155504.json
2025-07-30 15:55:04,478 - VALO360 - DEBUG - 配置保存成功
2025-07-30 15:55:04,478 - VALO360 - DEBUG - 配置已備份至: backup\setup_backup_20250730_155504.json
2025-07-30 15:55:04,478 - VALO360 - DEBUG - 配置保存成功
2025-07-30 15:55:04,483 - VALO360 - DEBUG - 配置已備份至: backup\setup_backup_20250730_155504.json
2025-07-30 15:55:04,485 - VALO360 - DEBUG - 配置保存成功
2025-07-30 15:55:04,486 - VALO360 - DEBUG - 配置已備份至: backup\setup_backup_20250730_155504.json
2025-07-30 15:55:04,490 - VALO360 - DEBUG - 配置保存成功
2025-07-30 15:55:04,491 - VALO360 - DEBUG - 配置已備份至: backup\setup_backup_20250730_155504.json
2025-07-30 15:55:04,493 - VALO360 - DEBUG - 配置保存成功
2025-07-30 15:55:04,495 - VALO360 - DEBUG - 配置已備份至: backup\setup_backup_20250730_155504.json
2025-07-30 15:55:04,495 - VALO360 - DEBUG - 配置保存成功
2025-07-30 15:55:04,495 - VALO360 - DEBUG - 配置已備份至: backup\setup_backup_20250730_155504.json
2025-07-30 15:55:04,495 - VALO360 - DEBUG - 配置保存成功
2025-07-30 15:55:04,505 - VALO360 - DEBUG - 配置已備份至: backup\setup_backup_20250730_155504.json
2025-07-30 15:55:04,509 - VALO360 - DEBUG - 配置保存成功
2025-07-30 15:55:04,511 - VALO360 - DEBUG - 配置已備份至: backup\setup_backup_20250730_155504.json
2025-07-30 15:55:04,513 - VALO360 - DEBUG - 配置保存成功
2025-07-30 15:55:04,513 - VALO360 - DEBUG - 配置已備份至: backup\setup_backup_20250730_155504.json
2025-07-30 15:55:04,515 - VALO360 - DEBUG - 配置保存成功
2025-07-30 15:55:04,517 - VALO360 - DEBUG - 配置已備份至: backup\setup_backup_20250730_155504.json
2025-07-30 15:55:04,519 - VALO360 - DEBUG - 配置保存成功
2025-07-30 15:55:04,526 - VALO360 - DEBUG - 配置已備份至: backup\setup_backup_20250730_155504.json
2025-07-30 15:55:04,526 - VALO360 - DEBUG - 配置保存成功
2025-07-30 15:55:04,526 - VALO360 - DEBUG - 配置已備份至: backup\setup_backup_20250730_155504.json
2025-07-30 15:55:04,526 - VALO360 - DEBUG - 配置保存成功
2025-07-30 15:55:04,535 - VALO360 - DEBUG - 配置已備份至: backup\setup_backup_20250730_155504.json
2025-07-30 15:55:04,535 - VALO360 - DEBUG - 配置保存成功
2025-07-30 15:55:04,535 - VALO360 - DEBUG - 配置已備份至: backup\setup_backup_20250730_155504.json
2025-07-30 15:55:04,535 - VALO360 - DEBUG - 配置保存成功
2025-07-30 15:55:04,546 - VALO360 - DEBUG - 配置已備份至: backup\setup_backup_20250730_155504.json
2025-07-30 15:55:04,548 - VALO360 - DEBUG - 配置保存成功
2025-07-30 15:55:04,549 - VALO360 - DEBUG - 配置已備份至: backup\setup_backup_20250730_155504.json
2025-07-30 15:55:04,551 - VALO360 - DEBUG - 配置保存成功
2025-07-30 15:55:04,552 - VALO360 - DEBUG - 配置已備份至: backup\setup_backup_20250730_155504.json
2025-07-30 15:55:04,555 - VALO360 - DEBUG - 配置保存成功
2025-07-30 15:55:04,557 - VALO360 - DEBUG - 配置已備份至: backup\setup_backup_20250730_155504.json
2025-07-30 15:55:04,559 - VALO360 - DEBUG - 配置保存成功
2025-07-30 15:55:04,562 - VALO360 - DEBUG - 配置已備份至: backup\setup_backup_20250730_155504.json
2025-07-30 15:55:04,564 - VALO360 - DEBUG - 配置保存成功
2025-07-30 15:55:04,566 - VALO360 - DEBUG - 配置已備份至: backup\setup_backup_20250730_155504.json
2025-07-30 15:55:04,567 - VALO360 - DEBUG - 配置保存成功
2025-07-30 15:55:04,567 - VALO360 - DEBUG - 配置已備份至: backup\setup_backup_20250730_155504.json
2025-07-30 15:55:04,567 - VALO360 - DEBUG - 配置保存成功
2025-07-30 15:55:04,567 - VALO360 - DEBUG - 配置已備份至: backup\setup_backup_20250730_155504.json
2025-07-30 15:55:04,576 - VALO360 - DEBUG - 配置保存成功
2025-07-30 15:55:04,579 - VALO360 - DEBUG - 配置已備份至: backup\setup_backup_20250730_155504.json
2025-07-30 15:55:04,579 - VALO360 - DEBUG - 配置保存成功
2025-07-30 15:55:04,579 - VALO360 - DEBUG - 配置已備份至: backup\setup_backup_20250730_155504.json
2025-07-30 15:55:04,579 - VALO360 - DEBUG - 配置保存成功
2025-07-30 15:55:04,585 - VALO360 - DEBUG - 配置已備份至: backup\setup_backup_20250730_155504.json
2025-07-30 15:55:04,585 - VALO360 - DEBUG - 配置保存成功
2025-07-30 15:55:04,588 - VALO360 - DEBUG - 配置已備份至: backup\setup_backup_20250730_155504.json
2025-07-30 15:55:04,588 - VALO360 - DEBUG - 配置保存成功
2025-07-30 15:55:04,588 - VALO360 - DEBUG - 配置已備份至: backup\setup_backup_20250730_155504.json
2025-07-30 15:55:04,595 - VALO360 - DEBUG - 配置保存成功
2025-07-30 15:55:04,595 - VALO360 - DEBUG - 配置已備份至: backup\setup_backup_20250730_155504.json
2025-07-30 15:55:04,595 - VALO360 - DEBUG - 配置保存成功
2025-07-30 15:55:04,595 - VALO360 - DEBUG - 配置已備份至: backup\setup_backup_20250730_155504.json
2025-07-30 15:55:04,595 - VALO360 - DEBUG - 配置保存成功
2025-07-30 15:55:04,595 - VALO360 - DEBUG - 配置已備份至: backup\setup_backup_20250730_155504.json
2025-07-30 15:55:04,595 - VALO360 - DEBUG - 配置保存成功
2025-07-30 15:55:04,610 - VALO360 - DEBUG - 配置已備份至: backup\setup_backup_20250730_155504.json
2025-07-30 15:55:04,610 - VALO360 - DEBUG - 配置保存成功
2025-07-30 15:55:04,610 - VALO360 - DEBUG - 配置已備份至: backup\setup_backup_20250730_155504.json
2025-07-30 15:55:04,616 - VALO360 - DEBUG - 配置保存成功
2025-07-30 15:55:04,616 - VALO360 - DEBUG - 配置已備份至: backup\setup_backup_20250730_155504.json
2025-07-30 15:55:04,616 - VALO360 - DEBUG - 配置保存成功
2025-07-30 15:55:04,616 - VALO360 - DEBUG - 配置已備份至: backup\setup_backup_20250730_155504.json
2025-07-30 15:55:04,622 - VALO360 - DEBUG - 配置保存成功
2025-07-30 15:55:04,626 - VALO360 - DEBUG - 配置已備份至: backup\setup_backup_20250730_155504.json
2025-07-30 15:55:04,626 - VALO360 - DEBUG - 配置保存成功
2025-07-30 15:55:04,626 - VALO360 - DEBUG - 配置已備份至: backup\setup_backup_20250730_155504.json
2025-07-30 15:55:04,626 - VALO360 - DEBUG - 配置保存成功
2025-07-30 15:55:04,626 - VALO360 - DEBUG - 配置已備份至: backup\setup_backup_20250730_155504.json
2025-07-30 15:55:04,626 - VALO360 - DEBUG - 配置保存成功
2025-07-30 15:55:04,626 - VALO360 - DEBUG - 配置已備份至: backup\setup_backup_20250730_155504.json
2025-07-30 15:55:04,636 - VALO360 - DEBUG - 配置保存成功
2025-07-30 15:55:04,636 - VALO360 - DEBUG - 配置已備份至: backup\setup_backup_20250730_155504.json
2025-07-30 15:55:04,644 - VALO360 - DEBUG - 配置保存成功
2025-07-30 15:55:04,645 - VALO360 - DEBUG - 配置已備份至: backup\setup_backup_20250730_155504.json
2025-07-30 15:55:04,646 - VALO360 - DEBUG - 配置保存成功
2025-07-30 15:55:04,648 - VALO360 - DEBUG - 配置已備份至: backup\setup_backup_20250730_155504.json
2025-07-30 15:55:04,650 - VALO360 - DEBUG - 配置保存成功
2025-07-30 15:55:04,652 - VALO360 - DEBUG - 配置已備份至: backup\setup_backup_20250730_155504.json
2025-07-30 15:55:04,654 - VALO360 - DEBUG - 配置保存成功
2025-07-30 15:55:04,658 - VALO360 - DEBUG - 配置已備份至: backup\setup_backup_20250730_155504.json
2025-07-30 15:55:04,660 - VALO360 - DEBUG - 配置保存成功
2025-07-30 15:55:04,661 - VALO360 - DEBUG - 配置已備份至: backup\setup_backup_20250730_155504.json
2025-07-30 15:55:04,663 - VALO360 - DEBUG - 配置保存成功
2025-07-30 15:55:04,664 - VALO360 - DEBUG - 配置已備份至: backup\setup_backup_20250730_155504.json
2025-07-30 15:55:04,666 - VALO360 - DEBUG - 配置保存成功
2025-07-30 15:55:04,667 - VALO360 - DEBUG - 配置已備份至: backup\setup_backup_20250730_155504.json
2025-07-30 15:55:04,668 - VALO360 - DEBUG - 配置保存成功
2025-07-30 15:55:04,671 - VALO360 - DEBUG - 配置已備份至: backup\setup_backup_20250730_155504.json
2025-07-30 15:55:04,673 - VALO360 - DEBUG - 配置保存成功
2025-07-30 15:55:04,673 - VALO360 - DEBUG - 配置已備份至: backup\setup_backup_20250730_155504.json
2025-07-30 15:55:04,677 - VALO360 - DEBUG - 配置保存成功
2025-07-30 15:55:04,677 - VALO360 - DEBUG - 配置已備份至: backup\setup_backup_20250730_155504.json
2025-07-30 15:55:04,677 - VALO360 - DEBUG - 配置保存成功
2025-07-30 15:55:04,677 - VALO360 - DEBUG - 配置已備份至: backup\setup_backup_20250730_155504.json
2025-07-30 15:55:04,677 - VALO360 - DEBUG - 配置保存成功
2025-07-30 15:55:04,690 - VALO360 - DEBUG - 配置已備份至: backup\setup_backup_20250730_155504.json
2025-07-30 15:55:04,690 - VALO360 - DEBUG - 配置保存成功
2025-07-30 15:55:04,690 - VALO360 - DEBUG - 配置已備份至: backup\setup_backup_20250730_155504.json
2025-07-30 15:55:04,690 - VALO360 - DEBUG - 配置保存成功
2025-07-30 15:55:04,690 - VALO360 - DEBUG - 配置已備份至: backup\setup_backup_20250730_155504.json
2025-07-30 15:55:04,697 - VALO360 - DEBUG - 配置保存成功
2025-07-30 15:55:04,697 - VALO360 - DEBUG - 配置已備份至: backup\setup_backup_20250730_155504.json
2025-07-30 15:55:04,697 - VALO360 - DEBUG - 配置保存成功
2025-07-30 15:55:04,697 - VALO360 - DEBUG - 配置已備份至: backup\setup_backup_20250730_155504.json
2025-07-30 15:55:04,708 - VALO360 - DEBUG - 配置保存成功
2025-07-30 15:55:04,709 - VALO360 - DEBUG - 配置已備份至: backup\setup_backup_20250730_155504.json
2025-07-30 15:55:04,711 - VALO360 - DEBUG - 配置保存成功
2025-07-30 15:55:04,712 - VALO360 - DEBUG - 配置已備份至: backup\setup_backup_20250730_155504.json
2025-07-30 15:55:04,714 - VALO360 - DEBUG - 配置保存成功
2025-07-30 15:55:04,715 - VALO360 - DEBUG - 配置已備份至: backup\setup_backup_20250730_155504.json
2025-07-30 15:55:04,717 - VALO360 - DEBUG - 配置保存成功
2025-07-30 15:55:04,726 - VALO360 - DEBUG - 配置已備份至: backup\setup_backup_20250730_155504.json
2025-07-30 15:55:04,728 - VALO360 - DEBUG - 配置保存成功
2025-07-30 15:55:04,730 - VALO360 - DEBUG - 配置已備份至: backup\setup_backup_20250730_155504.json
2025-07-30 15:55:04,732 - VALO360 - DEBUG - 配置保存成功
2025-07-30 15:55:04,733 - VALO360 - DEBUG - 配置已備份至: backup\setup_backup_20250730_155504.json
2025-07-30 15:55:04,733 - VALO360 - DEBUG - 配置保存成功
2025-07-30 15:55:04,733 - VALO360 - DEBUG - 配置已備份至: backup\setup_backup_20250730_155504.json
2025-07-30 15:55:04,739 - VALO360 - DEBUG - 配置保存成功
2025-07-30 15:55:04,739 - VALO360 - DEBUG - 配置已備份至: backup\setup_backup_20250730_155504.json
2025-07-30 15:55:04,744 - VALO360 - DEBUG - 配置保存成功
2025-07-30 15:55:04,745 - VALO360 - DEBUG - 配置已備份至: backup\setup_backup_20250730_155504.json
2025-07-30 15:55:04,747 - VALO360 - DEBUG - 配置保存成功
2025-07-30 15:55:04,748 - VALO360 - DEBUG - 配置已備份至: backup\setup_backup_20250730_155504.json
2025-07-30 15:55:04,750 - VALO360 - DEBUG - 配置保存成功
2025-07-30 15:55:04,751 - VALO360 - DEBUG - 配置已備份至: backup\setup_backup_20250730_155504.json
2025-07-30 15:55:04,753 - VALO360 - DEBUG - 配置保存成功
2025-07-30 15:55:04,756 - VALO360 - DEBUG - 配置已備份至: backup\setup_backup_20250730_155504.json
2025-07-30 15:55:04,758 - VALO360 - DEBUG - 配置保存成功
2025-07-30 15:55:04,760 - VALO360 - DEBUG - 配置已備份至: backup\setup_backup_20250730_155504.json
2025-07-30 15:55:04,762 - VALO360 - DEBUG - 配置保存成功
2025-07-30 15:55:04,763 - VALO360 - DEBUG - 配置已備份至: backup\setup_backup_20250730_155504.json
2025-07-30 15:55:04,765 - VALO360 - DEBUG - 配置保存成功
2025-07-30 15:55:04,766 - VALO360 - DEBUG - 配置已備份至: backup\setup_backup_20250730_155504.json
2025-07-30 15:55:04,768 - VALO360 - DEBUG - 配置保存成功
2025-07-30 15:55:04,770 - VALO360 - DEBUG - 配置已備份至: backup\setup_backup_20250730_155504.json
2025-07-30 15:55:04,772 - VALO360 - DEBUG - 配置保存成功
2025-07-30 15:55:04,774 - VALO360 - DEBUG - 配置已備份至: backup\setup_backup_20250730_155504.json
2025-07-30 15:55:04,776 - VALO360 - DEBUG - 配置保存成功
2025-07-30 15:55:04,776 - VALO360 - DEBUG - 配置已備份至: backup\setup_backup_20250730_155504.json
2025-07-30 15:55:04,778 - VALO360 - DEBUG - 配置保存成功
2025-07-30 15:55:04,780 - VALO360 - DEBUG - 配置已備份至: backup\setup_backup_20250730_155504.json
2025-07-30 15:55:04,782 - VALO360 - DEBUG - 配置保存成功
2025-07-30 15:55:04,788 - VALO360 - DEBUG - 配置已備份至: backup\setup_backup_20250730_155504.json
2025-07-30 15:55:04,788 - VALO360 - DEBUG - 配置保存成功
2025-07-30 15:55:04,788 - VALO360 - DEBUG - 配置已備份至: backup\setup_backup_20250730_155504.json
2025-07-30 15:55:04,788 - VALO360 - DEBUG - 配置保存成功
2025-07-30 15:55:04,788 - VALO360 - DEBUG - 配置已備份至: backup\setup_backup_20250730_155504.json
2025-07-30 15:55:04,788 - VALO360 - DEBUG - 配置保存成功
2025-07-30 15:55:04,799 - VALO360 - DEBUG - 配置已備份至: backup\setup_backup_20250730_155504.json
2025-07-30 15:55:04,799 - VALO360 - DEBUG - 配置保存成功
2025-07-30 15:55:04,799 - VALO360 - DEBUG - 配置已備份至: backup\setup_backup_20250730_155504.json
2025-07-30 15:55:04,799 - VALO360 - DEBUG - 配置保存成功
2025-07-30 15:55:04,799 - VALO360 - DEBUG - 配置已備份至: backup\setup_backup_20250730_155504.json
2025-07-30 15:55:04,799 - VALO360 - DEBUG - 配置保存成功
2025-07-30 15:55:04,809 - VALO360 - DEBUG - 配置已備份至: backup\setup_backup_20250730_155504.json
2025-07-30 15:55:04,809 - VALO360 - DEBUG - 配置保存成功
2025-07-30 15:55:04,809 - VALO360 - DEBUG - 配置已備份至: backup\setup_backup_20250730_155504.json
2025-07-30 15:55:04,809 - VALO360 - DEBUG - 配置保存成功
2025-07-30 15:55:04,819 - VALO360 - DEBUG - 配置已備份至: backup\setup_backup_20250730_155504.json
2025-07-30 15:55:04,819 - VALO360 - DEBUG - 配置保存成功
2025-07-30 15:55:04,819 - VALO360 - DEBUG - 配置已備份至: backup\setup_backup_20250730_155504.json
2025-07-30 15:55:04,819 - VALO360 - DEBUG - 配置保存成功
2025-07-30 15:55:04,819 - VALO360 - DEBUG - 配置已備份至: backup\setup_backup_20250730_155504.json
2025-07-30 15:55:04,819 - VALO360 - DEBUG - 配置保存成功
2025-07-30 15:55:04,829 - VALO360 - DEBUG - 配置已備份至: backup\setup_backup_20250730_155504.json
2025-07-30 15:55:04,829 - VALO360 - DEBUG - 配置保存成功
2025-07-30 15:55:04,829 - VALO360 - DEBUG - 配置已備份至: backup\setup_backup_20250730_155504.json
2025-07-30 15:55:04,829 - VALO360 - DEBUG - 配置保存成功
2025-07-30 15:55:04,829 - VALO360 - DEBUG - 配置已備份至: backup\setup_backup_20250730_155504.json
2025-07-30 15:55:04,829 - VALO360 - DEBUG - 配置保存成功
2025-07-30 15:55:04,840 - VALO360 - DEBUG - 配置已備份至: backup\setup_backup_20250730_155504.json
2025-07-30 15:55:04,840 - VALO360 - DEBUG - 配置保存成功
2025-07-30 15:55:04,840 - VALO360 - DEBUG - 配置已備份至: backup\setup_backup_20250730_155504.json
2025-07-30 15:55:04,846 - VALO360 - DEBUG - 配置保存成功
2025-07-30 15:55:04,850 - VALO360 - DEBUG - 配置已備份至: backup\setup_backup_20250730_155504.json
2025-07-30 15:55:04,850 - VALO360 - DEBUG - 配置保存成功
2025-07-30 15:55:04,855 - VALO360 - DEBUG - 配置已備份至: backup\setup_backup_20250730_155504.json
2025-07-30 15:55:04,858 - VALO360 - DEBUG - 配置保存成功
2025-07-30 15:55:04,860 - VALO360 - DEBUG - 配置已備份至: backup\setup_backup_20250730_155504.json
2025-07-30 15:55:04,863 - VALO360 - DEBUG - 配置保存成功
2025-07-30 15:55:04,865 - VALO360 - DEBUG - 配置已備份至: backup\setup_backup_20250730_155504.json
2025-07-30 15:55:04,870 - VALO360 - DEBUG - 配置保存成功
2025-07-30 15:55:04,875 - VALO360 - DEBUG - 配置已備份至: backup\setup_backup_20250730_155504.json
2025-07-30 15:55:04,879 - VALO360 - DEBUG - 配置保存成功
2025-07-30 15:55:04,882 - VALO360 - DEBUG - 配置已備份至: backup\setup_backup_20250730_155504.json
2025-07-30 15:55:04,886 - VALO360 - DEBUG - 配置保存成功
2025-07-30 15:55:04,888 - VALO360 - DEBUG - 配置已備份至: backup\setup_backup_20250730_155504.json
2025-07-30 15:55:04,893 - VALO360 - DEBUG - 配置保存成功
2025-07-30 15:55:04,896 - VALO360 - DEBUG - 配置已備份至: backup\setup_backup_20250730_155504.json
2025-07-30 15:55:04,900 - VALO360 - DEBUG - 配置保存成功
2025-07-30 15:55:04,909 - VALO360 - DEBUG - 配置已備份至: backup\setup_backup_20250730_155504.json
2025-07-30 15:55:04,911 - VALO360 - DEBUG - 配置保存成功
2025-07-30 15:55:04,915 - VALO360 - DEBUG - 配置已備份至: backup\setup_backup_20250730_155504.json
2025-07-30 15:55:04,917 - VALO360 - DEBUG - 配置保存成功
2025-07-30 15:55:04,919 - VALO360 - DEBUG - 配置已備份至: backup\setup_backup_20250730_155504.json
2025-07-30 15:55:04,923 - VALO360 - DEBUG - 配置保存成功
2025-07-30 15:55:04,925 - VALO360 - DEBUG - 配置已備份至: backup\setup_backup_20250730_155504.json
2025-07-30 15:55:04,927 - VALO360 - DEBUG - 配置保存成功
2025-07-30 15:55:04,931 - VALO360 - DEBUG - 配置已備份至: backup\setup_backup_20250730_155504.json
2025-07-30 15:55:04,931 - VALO360 - DEBUG - 配置保存成功
2025-07-30 15:55:04,931 - VALO360 - DEBUG - 配置已備份至: backup\setup_backup_20250730_155504.json
2025-07-30 15:55:04,939 - VALO360 - DEBUG - 配置保存成功
2025-07-30 15:55:04,941 - VALO360 - DEBUG - 配置已備份至: backup\setup_backup_20250730_155504.json
2025-07-30 15:55:04,943 - VALO360 - DEBUG - 配置保存成功
2025-07-30 15:55:04,945 - VALO360 - DEBUG - 配置已備份至: backup\setup_backup_20250730_155504.json
2025-07-30 15:55:04,947 - VALO360 - DEBUG - 配置保存成功
2025-07-30 15:55:04,951 - VALO360 - DEBUG - 配置已備份至: backup\setup_backup_20250730_155504.json
2025-07-30 15:55:04,951 - VALO360 - DEBUG - 配置保存成功
2025-07-30 15:55:04,951 - VALO360 - DEBUG - 配置已備份至: backup\setup_backup_20250730_155504.json
2025-07-30 15:55:04,951 - VALO360 - DEBUG - 配置保存成功
2025-07-30 15:55:04,951 - VALO360 - DEBUG - 配置已備份至: backup\setup_backup_20250730_155504.json
2025-07-30 15:55:04,961 - VALO360 - DEBUG - 配置保存成功
2025-07-30 15:55:04,961 - VALO360 - DEBUG - 配置已備份至: backup\setup_backup_20250730_155504.json
2025-07-30 15:55:04,961 - VALO360 - DEBUG - 配置保存成功
2025-07-30 15:55:04,961 - VALO360 - DEBUG - 配置已備份至: backup\setup_backup_20250730_155504.json
2025-07-30 15:55:04,974 - VALO360 - DEBUG - 配置保存成功
2025-07-30 15:55:04,974 - VALO360 - DEBUG - 配置已備份至: backup\setup_backup_20250730_155504.json
2025-07-30 15:55:04,976 - VALO360 - DEBUG - 配置保存成功
2025-07-30 15:55:04,976 - VALO360 - DEBUG - 配置已備份至: backup\setup_backup_20250730_155504.json
2025-07-30 15:55:04,976 - VALO360 - DEBUG - 配置保存成功
2025-07-30 15:55:04,976 - VALO360 - DEBUG - 配置已備份至: backup\setup_backup_20250730_155504.json
2025-07-30 15:55:04,982 - VALO360 - DEBUG - 配置保存成功
2025-07-30 15:55:04,985 - VALO360 - DEBUG - 配置已備份至: backup\setup_backup_20250730_155504.json
2025-07-30 15:55:04,987 - VALO360 - DEBUG - 配置保存成功
2025-07-30 15:55:04,987 - VALO360 - DEBUG - 配置已備份至: backup\setup_backup_20250730_155504.json
2025-07-30 15:55:04,987 - VALO360 - DEBUG - 配置保存成功
2025-07-30 15:55:04,992 - VALO360 - DEBUG - 配置已備份至: backup\setup_backup_20250730_155504.json
2025-07-30 15:55:04,994 - VALO360 - DEBUG - 配置保存成功
2025-07-30 15:55:04,994 - VALO360 - DEBUG - 配置已備份至: backup\setup_backup_20250730_155504.json
2025-07-30 15:55:04,994 - VALO360 - DEBUG - 配置保存成功
2025-07-30 15:55:05,003 - VALO360 - DEBUG - 配置已備份至: backup\setup_backup_20250730_155505.json
2025-07-30 15:55:05,003 - VALO360 - DEBUG - 已刪除舊備份: backup\setup_backup_20250730_144555.json
2025-07-30 15:55:05,003 - VALO360 - DEBUG - 配置保存成功
2025-07-30 15:55:05,003 - VALO360 - DEBUG - 配置已備份至: backup\setup_backup_20250730_155505.json
2025-07-30 15:55:05,013 - VALO360 - DEBUG - 配置保存成功
2025-07-30 15:55:05,013 - VALO360 - DEBUG - 配置已備份至: backup\setup_backup_20250730_155505.json
2025-07-30 15:55:05,013 - VALO360 - DEBUG - 配置保存成功
2025-07-30 15:55:05,013 - VALO360 - DEBUG - 配置已備份至: backup\setup_backup_20250730_155505.json
2025-07-30 15:55:05,013 - VALO360 - DEBUG - 配置保存成功
2025-07-30 15:55:05,021 - VALO360 - DEBUG - 配置已備份至: backup\setup_backup_20250730_155505.json
2025-07-30 15:55:05,025 - VALO360 - DEBUG - 配置保存成功
2025-07-30 15:55:05,025 - VALO360 - DEBUG - 配置已備份至: backup\setup_backup_20250730_155505.json
2025-07-30 15:55:05,027 - VALO360 - DEBUG - 配置保存成功
2025-07-30 15:55:05,029 - VALO360 - DEBUG - 配置已備份至: backup\setup_backup_20250730_155505.json
2025-07-30 15:55:05,031 - VALO360 - DEBUG - 配置保存成功
2025-07-30 15:55:05,033 - VALO360 - DEBUG - 配置已備份至: backup\setup_backup_20250730_155505.json
2025-07-30 15:55:05,035 - VALO360 - DEBUG - 配置保存成功
2025-07-30 15:55:05,042 - VALO360 - DEBUG - 配置已備份至: backup\setup_backup_20250730_155505.json
2025-07-30 15:55:05,044 - VALO360 - DEBUG - 配置保存成功
2025-07-30 15:55:05,044 - VALO360 - DEBUG - 配置已備份至: backup\setup_backup_20250730_155505.json
2025-07-30 15:55:05,044 - VALO360 - DEBUG - 配置保存成功
2025-07-30 15:55:05,044 - VALO360 - DEBUG - 配置已備份至: backup\setup_backup_20250730_155505.json
2025-07-30 15:55:05,044 - VALO360 - DEBUG - 配置保存成功
2025-07-30 15:55:05,044 - VALO360 - DEBUG - 配置已備份至: backup\setup_backup_20250730_155505.json
2025-07-30 15:55:05,054 - VALO360 - DEBUG - 配置保存成功
2025-07-30 15:55:05,062 - VALO360 - DEBUG - 配置已備份至: backup\setup_backup_20250730_155505.json
2025-07-30 15:55:05,065 - VALO360 - DEBUG - 配置保存成功
2025-07-30 15:55:05,065 - VALO360 - DEBUG - 配置已備份至: backup\setup_backup_20250730_155505.json
2025-07-30 15:55:05,065 - VALO360 - DEBUG - 配置保存成功
2025-07-30 15:55:05,065 - VALO360 - DEBUG - 配置已備份至: backup\setup_backup_20250730_155505.json
2025-07-30 15:55:05,065 - VALO360 - DEBUG - 配置保存成功
2025-07-30 15:55:05,065 - VALO360 - DEBUG - 配置已備份至: backup\setup_backup_20250730_155505.json
2025-07-30 15:55:05,074 - VALO360 - DEBUG - 配置保存成功
2025-07-30 15:55:05,075 - VALO360 - DEBUG - 配置已備份至: backup\setup_backup_20250730_155505.json
2025-07-30 15:55:05,075 - VALO360 - DEBUG - 配置保存成功
2025-07-30 15:55:05,075 - VALO360 - DEBUG - 配置已備份至: backup\setup_backup_20250730_155505.json
2025-07-30 15:55:05,075 - VALO360 - DEBUG - 配置保存成功
2025-07-30 15:55:05,075 - VALO360 - DEBUG - 配置已備份至: backup\setup_backup_20250730_155505.json
2025-07-30 15:55:05,084 - VALO360 - DEBUG - 配置保存成功
2025-07-30 15:55:05,085 - VALO360 - DEBUG - 配置已備份至: backup\setup_backup_20250730_155505.json
2025-07-30 15:55:05,085 - VALO360 - DEBUG - 配置保存成功
2025-07-30 15:55:05,092 - VALO360 - DEBUG - 配置已備份至: backup\setup_backup_20250730_155505.json
2025-07-30 15:55:05,094 - VALO360 - DEBUG - 配置保存成功
2025-07-30 15:55:05,094 - VALO360 - DEBUG - 配置已備份至: backup\setup_backup_20250730_155505.json
2025-07-30 15:55:05,094 - VALO360 - DEBUG - 配置保存成功
2025-07-30 15:55:05,094 - VALO360 - DEBUG - 配置已備份至: backup\setup_backup_20250730_155505.json
2025-07-30 15:55:05,094 - VALO360 - DEBUG - 配置保存成功
2025-07-30 15:55:05,094 - VALO360 - DEBUG - 配置已備份至: backup\setup_backup_20250730_155505.json
2025-07-30 15:55:05,094 - VALO360 - DEBUG - 配置保存成功
2025-07-30 15:55:05,106 - VALO360 - DEBUG - 配置已備份至: backup\setup_backup_20250730_155505.json
2025-07-30 15:55:05,106 - VALO360 - DEBUG - 配置保存成功
2025-07-30 15:55:05,106 - VALO360 - DEBUG - 配置已備份至: backup\setup_backup_20250730_155505.json
2025-07-30 15:55:05,106 - VALO360 - DEBUG - 配置保存成功
2025-07-30 15:55:05,106 - VALO360 - DEBUG - 配置已備份至: backup\setup_backup_20250730_155505.json
2025-07-30 15:55:05,106 - VALO360 - DEBUG - 配置保存成功
2025-07-30 15:55:05,115 - VALO360 - DEBUG - 配置已備份至: backup\setup_backup_20250730_155505.json
2025-07-30 15:55:05,117 - VALO360 - DEBUG - 配置保存成功
2025-07-30 15:55:05,121 - VALO360 - DEBUG - 配置已備份至: backup\setup_backup_20250730_155505.json
2025-07-30 15:55:05,123 - VALO360 - DEBUG - 配置保存成功
2025-07-30 15:55:05,123 - VALO360 - DEBUG - 配置已備份至: backup\setup_backup_20250730_155505.json
2025-07-30 15:55:05,125 - VALO360 - DEBUG - 配置保存成功
2025-07-30 15:55:05,127 - VALO360 - DEBUG - 配置已備份至: backup\setup_backup_20250730_155505.json
2025-07-30 15:55:05,129 - VALO360 - DEBUG - 配置保存成功
2025-07-30 15:55:05,131 - VALO360 - DEBUG - 配置已備份至: backup\setup_backup_20250730_155505.json
2025-07-30 15:55:05,133 - VALO360 - DEBUG - 配置保存成功
2025-07-30 15:55:05,135 - VALO360 - DEBUG - 配置已備份至: backup\setup_backup_20250730_155505.json
2025-07-30 15:55:05,137 - VALO360 - DEBUG - 配置保存成功
2025-07-30 15:55:05,137 - VALO360 - DEBUG - 配置已備份至: backup\setup_backup_20250730_155505.json
2025-07-30 15:55:05,137 - VALO360 - DEBUG - 配置保存成功
2025-07-30 15:55:05,137 - VALO360 - DEBUG - 配置已備份至: backup\setup_backup_20250730_155505.json
2025-07-30 15:55:05,137 - VALO360 - DEBUG - 配置保存成功
2025-07-30 15:55:05,146 - VALO360 - DEBUG - 配置已備份至: backup\setup_backup_20250730_155505.json
2025-07-30 15:55:05,146 - VALO360 - DEBUG - 配置保存成功
2025-07-30 15:55:05,150 - VALO360 - DEBUG - 配置已備份至: backup\setup_backup_20250730_155505.json
2025-07-30 15:55:05,150 - VALO360 - DEBUG - 配置保存成功
2025-07-30 15:55:05,150 - VALO360 - DEBUG - 配置已備份至: backup\setup_backup_20250730_155505.json
2025-07-30 15:55:05,150 - VALO360 - DEBUG - 配置保存成功
2025-07-30 15:55:05,156 - VALO360 - DEBUG - 配置已備份至: backup\setup_backup_20250730_155505.json
2025-07-30 15:55:05,156 - VALO360 - DEBUG - 配置保存成功
2025-07-30 15:55:05,156 - VALO360 - DEBUG - 配置已備份至: backup\setup_backup_20250730_155505.json
2025-07-30 15:55:05,156 - VALO360 - DEBUG - 配置保存成功
2025-07-30 15:55:05,169 - VALO360 - DEBUG - 配置已備份至: backup\setup_backup_20250730_155505.json
2025-07-30 15:55:05,171 - VALO360 - DEBUG - 配置保存成功
2025-07-30 15:55:05,171 - VALO360 - DEBUG - 配置已備份至: backup\setup_backup_20250730_155505.json
2025-07-30 15:55:05,174 - VALO360 - DEBUG - 配置保存成功
2025-07-30 15:55:05,176 - VALO360 - DEBUG - 配置已備份至: backup\setup_backup_20250730_155505.json
2025-07-30 15:55:05,176 - VALO360 - DEBUG - 配置保存成功
2025-07-30 15:55:05,176 - VALO360 - DEBUG - 配置已備份至: backup\setup_backup_20250730_155505.json
2025-07-30 15:55:05,176 - VALO360 - DEBUG - 配置保存成功
2025-07-30 15:55:05,176 - VALO360 - DEBUG - 配置已備份至: backup\setup_backup_20250730_155505.json
2025-07-30 15:55:05,176 - VALO360 - DEBUG - 配置保存成功
2025-07-30 15:55:05,176 - VALO360 - DEBUG - 配置已備份至: backup\setup_backup_20250730_155505.json
2025-07-30 15:55:05,186 - VALO360 - DEBUG - 配置保存成功
2025-07-30 15:55:05,186 - VALO360 - DEBUG - 配置已備份至: backup\setup_backup_20250730_155505.json
2025-07-30 15:55:05,186 - VALO360 - DEBUG - 配置保存成功
2025-07-30 15:55:05,186 - VALO360 - DEBUG - 配置已備份至: backup\setup_backup_20250730_155505.json
2025-07-30 15:55:05,186 - VALO360 - DEBUG - 配置保存成功
2025-07-30 15:55:05,196 - VALO360 - DEBUG - 配置已備份至: backup\setup_backup_20250730_155505.json
2025-07-30 15:55:05,196 - VALO360 - DEBUG - 配置保存成功
2025-07-30 15:55:05,196 - VALO360 - DEBUG - 配置已備份至: backup\setup_backup_20250730_155505.json
2025-07-30 15:55:05,196 - VALO360 - DEBUG - 配置保存成功
2025-07-30 15:55:05,196 - VALO360 - DEBUG - 配置已備份至: backup\setup_backup_20250730_155505.json
2025-07-30 15:55:05,207 - VALO360 - DEBUG - 配置保存成功
2025-07-30 15:55:05,207 - VALO360 - DEBUG - 配置已備份至: backup\setup_backup_20250730_155505.json
2025-07-30 15:55:05,207 - VALO360 - DEBUG - 配置保存成功
2025-07-30 15:55:05,212 - VALO360 - DEBUG - 配置已備份至: backup\setup_backup_20250730_155505.json
2025-07-30 15:55:05,212 - VALO360 - DEBUG - 配置保存成功
2025-07-30 15:55:05,212 - VALO360 - DEBUG - 配置已備份至: backup\setup_backup_20250730_155505.json
2025-07-30 15:55:05,217 - VALO360 - DEBUG - 配置保存成功
2025-07-30 15:55:05,217 - VALO360 - DEBUG - 配置已備份至: backup\setup_backup_20250730_155505.json
2025-07-30 15:55:05,217 - VALO360 - DEBUG - 配置保存成功
2025-07-30 15:55:05,217 - VALO360 - DEBUG - 配置已備份至: backup\setup_backup_20250730_155505.json
2025-07-30 15:55:05,223 - VALO360 - DEBUG - 配置保存成功
2025-07-30 15:55:05,228 - VALO360 - DEBUG - 配置已備份至: backup\setup_backup_20250730_155505.json
2025-07-30 15:55:05,230 - VALO360 - DEBUG - 配置保存成功
2025-07-30 15:55:05,230 - VALO360 - DEBUG - 配置已備份至: backup\setup_backup_20250730_155505.json
2025-07-30 15:55:05,232 - VALO360 - DEBUG - 配置保存成功
2025-07-30 15:55:05,234 - VALO360 - DEBUG - 配置已備份至: backup\setup_backup_20250730_155505.json
2025-07-30 15:55:05,236 - VALO360 - DEBUG - 配置保存成功
2025-07-30 15:55:05,237 - VALO360 - DEBUG - 配置已備份至: backup\setup_backup_20250730_155505.json
2025-07-30 15:55:05,239 - VALO360 - DEBUG - 配置保存成功
2025-07-30 15:55:05,241 - VALO360 - DEBUG - 配置已備份至: backup\setup_backup_20250730_155505.json
2025-07-30 15:55:05,243 - VALO360 - DEBUG - 配置保存成功
2025-07-30 15:55:05,245 - VALO360 - DEBUG - 配置已備份至: backup\setup_backup_20250730_155505.json
2025-07-30 15:55:05,247 - VALO360 - DEBUG - 配置保存成功
2025-07-30 15:55:05,247 - VALO360 - DEBUG - 配置已備份至: backup\setup_backup_20250730_155505.json
2025-07-30 15:55:05,249 - VALO360 - DEBUG - 配置保存成功
2025-07-30 15:55:05,251 - VALO360 - DEBUG - 配置已備份至: backup\setup_backup_20250730_155505.json
2025-07-30 15:55:05,253 - VALO360 - DEBUG - 配置保存成功
2025-07-30 15:55:05,258 - VALO360 - DEBUG - 配置已備份至: backup\setup_backup_20250730_155505.json
2025-07-30 15:55:05,260 - VALO360 - DEBUG - 配置保存成功
2025-07-30 15:55:05,260 - VALO360 - DEBUG - 配置已備份至: backup\setup_backup_20250730_155505.json
2025-07-30 15:55:05,260 - VALO360 - DEBUG - 配置保存成功
2025-07-30 15:55:05,260 - VALO360 - DEBUG - 配置已備份至: backup\setup_backup_20250730_155505.json
2025-07-30 15:55:05,260 - VALO360 - DEBUG - 配置保存成功
2025-07-30 15:55:05,267 - VALO360 - DEBUG - 配置已備份至: backup\setup_backup_20250730_155505.json
2025-07-30 15:55:05,269 - VALO360 - DEBUG - 配置保存成功
2025-07-30 15:55:05,272 - VALO360 - DEBUG - 配置已備份至: backup\setup_backup_20250730_155505.json
2025-07-30 15:55:05,272 - VALO360 - DEBUG - 配置保存成功
2025-07-30 15:55:05,272 - VALO360 - DEBUG - 配置已備份至: backup\setup_backup_20250730_155505.json
2025-07-30 15:55:05,278 - VALO360 - DEBUG - 配置保存成功
2025-07-30 15:55:05,278 - VALO360 - DEBUG - 配置已備份至: backup\setup_backup_20250730_155505.json
2025-07-30 15:55:05,278 - VALO360 - DEBUG - 配置保存成功
2025-07-30 15:55:05,278 - VALO360 - DEBUG - 配置已備份至: backup\setup_backup_20250730_155505.json
2025-07-30 15:55:05,278 - VALO360 - DEBUG - 配置保存成功
2025-07-30 15:55:05,289 - VALO360 - DEBUG - 配置已備份至: backup\setup_backup_20250730_155505.json
2025-07-30 15:55:05,289 - VALO360 - DEBUG - 配置保存成功
2025-07-30 15:55:05,289 - VALO360 - DEBUG - 配置已備份至: backup\setup_backup_20250730_155505.json
2025-07-30 15:55:05,289 - VALO360 - DEBUG - 配置保存成功
2025-07-30 15:55:05,289 - VALO360 - DEBUG - 配置已備份至: backup\setup_backup_20250730_155505.json
2025-07-30 15:55:05,298 - VALO360 - DEBUG - 配置保存成功
2025-07-30 15:55:05,298 - VALO360 - DEBUG - 配置已備份至: backup\setup_backup_20250730_155505.json
2025-07-30 15:55:05,301 - VALO360 - DEBUG - 配置保存成功
2025-07-30 15:55:05,302 - VALO360 - DEBUG - 配置已備份至: backup\setup_backup_20250730_155505.json
2025-07-30 15:55:05,305 - VALO360 - DEBUG - 配置保存成功
2025-07-30 15:55:05,306 - VALO360 - DEBUG - 配置已備份至: backup\setup_backup_20250730_155505.json
2025-07-30 15:55:05,308 - VALO360 - DEBUG - 配置保存成功
2025-07-30 15:55:05,310 - VALO360 - DEBUG - 配置已備份至: backup\setup_backup_20250730_155505.json
2025-07-30 15:55:05,312 - VALO360 - DEBUG - 配置保存成功
2025-07-30 15:55:05,312 - VALO360 - DEBUG - 配置已備份至: backup\setup_backup_20250730_155505.json
2025-07-30 15:55:05,314 - VALO360 - DEBUG - 配置保存成功
2025-07-30 15:55:08,394 - VALO360 - DEBUG - 配置已備份至: backup\setup_backup_20250730_155508.json
2025-07-30 15:55:08,399 - VALO360 - DEBUG - 已刪除舊備份: backup\setup_backup_20250730_144556.json
2025-07-30 15:55:08,399 - VALO360 - DEBUG - 配置保存成功
2025-07-30 15:55:12,621 - VALO360 - DEBUG - 配置已備份至: backup\setup_backup_20250730_155512.json
2025-07-30 15:55:12,622 - VALO360 - DEBUG - 已刪除舊備份: backup\setup_backup_20250730_144557.json
2025-07-30 15:55:12,622 - VALO360 - DEBUG - 配置保存成功
2025-07-30 15:55:12,633 - VALO360 - DEBUG - 配置已備份至: backup\setup_backup_20250730_155512.json
2025-07-30 15:55:12,643 - VALO360 - DEBUG - 配置保存成功
2025-07-30 15:55:12,644 - VALO360 - DEBUG - 配置已備份至: backup\setup_backup_20250730_155512.json
2025-07-30 15:55:12,646 - VALO360 - DEBUG - 配置保存成功
2025-07-30 15:55:12,650 - VALO360 - DEBUG - 配置已備份至: backup\setup_backup_20250730_155512.json
2025-07-30 15:55:12,655 - VALO360 - DEBUG - 配置保存成功
2025-07-30 15:55:12,696 - VALO360 - DEBUG - 找到 2 個COM口: ['COM5', 'COM6']
2025-07-30 15:55:12,698 - VALO360 - DEBUG - 配置已備份至: backup\setup_backup_20250730_155512.json
2025-07-30 15:55:12,700 - VALO360 - DEBUG - 配置保存成功
2025-07-30 15:56:41,832 - VALO360 - DEBUG - 配置已備份至: backup\setup_backup_20250730_155641.json
2025-07-30 15:56:41,836 - VALO360 - DEBUG - 已刪除舊備份: backup\setup_backup_20250730_144558.json
2025-07-30 15:56:41,836 - VALO360 - DEBUG - 配置保存成功
2025-07-30 15:56:41,836 - VALO360 - DEBUG - 配置已備份至: backup\setup_backup_20250730_155641.json
2025-07-30 15:56:41,842 - VALO360 - DEBUG - 配置保存成功
2025-07-30 15:56:41,842 - VALO360 - DEBUG - 配置已備份至: backup\setup_backup_20250730_155641.json
2025-07-30 15:56:41,847 - VALO360 - DEBUG - 配置保存成功
2025-07-30 15:56:41,847 - VALO360 - DEBUG - 配置已備份至: backup\setup_backup_20250730_155641.json
2025-07-30 15:56:41,847 - VALO360 - DEBUG - 配置保存成功
2025-07-30 15:58:15,010 - VALO360 - DEBUG - 配置已備份至: backup\setup_backup_20250730_155815.json
2025-07-30 15:58:15,012 - VALO360 - DEBUG - 已刪除舊備份: backup\setup_backup_20250730_144559.json
2025-07-30 15:58:15,013 - VALO360 - DEBUG - 配置保存成功
2025-07-30 15:58:15,016 - VALO360 - DEBUG - 配置已備份至: backup\setup_backup_20250730_155815.json
2025-07-30 15:58:15,019 - VALO360 - DEBUG - 配置保存成功
2025-07-30 15:58:15,021 - VALO360 - DEBUG - 配置已備份至: backup\setup_backup_20250730_155815.json
2025-07-30 15:58:15,025 - VALO360 - DEBUG - 配置保存成功
2025-07-30 15:58:15,026 - VALO360 - DEBUG - 配置已備份至: backup\setup_backup_20250730_155815.json
2025-07-30 15:58:15,030 - VALO360 - DEBUG - 配置保存成功
2025-07-30 15:58:15,033 - VALO360 - DEBUG - 配置已備份至: backup\setup_backup_20250730_155815.json
2025-07-30 15:58:15,037 - VALO360 - DEBUG - 配置保存成功
2025-07-30 15:58:15,038 - VALO360 - DEBUG - 配置已備份至: backup\setup_backup_20250730_155815.json
2025-07-30 15:58:15,040 - VALO360 - DEBUG - 配置保存成功
2025-07-30 15:58:15,041 - VALO360 - DEBUG - 配置已備份至: backup\setup_backup_20250730_155815.json
2025-07-30 15:58:15,043 - VALO360 - DEBUG - 配置保存成功
2025-07-30 15:58:15,045 - VALO360 - DEBUG - 配置已備份至: backup\setup_backup_20250730_155815.json
2025-07-30 15:58:15,047 - VALO360 - DEBUG - 配置保存成功
2025-07-30 15:58:21,439 - VALO360 - DEBUG - 配置已備份至: backup\setup_backup_20250730_155821.json
2025-07-30 15:58:21,442 - VALO360 - DEBUG - 已刪除舊備份: backup\setup_backup_20250730_144600.json
2025-07-30 15:58:21,444 - VALO360 - DEBUG - 配置保存成功
2025-07-30 15:58:21,446 - VALO360 - DEBUG - 配置已備份至: backup\setup_backup_20250730_155821.json
2025-07-30 15:58:21,450 - VALO360 - DEBUG - 配置保存成功
2025-07-30 15:58:21,451 - VALO360 - DEBUG - 配置已備份至: backup\setup_backup_20250730_155821.json
2025-07-30 15:58:21,454 - VALO360 - DEBUG - 配置保存成功
2025-07-30 15:58:21,458 - VALO360 - DEBUG - 配置已備份至: backup\setup_backup_20250730_155821.json
2025-07-30 15:58:21,462 - VALO360 - DEBUG - 配置保存成功
2025-07-30 15:58:24,525 - VALO360 - DEBUG - 配置已備份至: backup\setup_backup_20250730_155824.json
2025-07-30 15:58:24,525 - VALO360 - DEBUG - 已刪除舊備份: backup\setup_backup_20250730_144603.json
2025-07-30 15:58:24,529 - VALO360 - DEBUG - 配置保存成功
2025-07-30 15:58:24,531 - VALO360 - DEBUG - 配置已備份至: backup\setup_backup_20250730_155824.json
2025-07-30 15:58:24,534 - VALO360 - DEBUG - 配置保存成功
2025-07-30 15:58:24,536 - VALO360 - DEBUG - 配置已備份至: backup\setup_backup_20250730_155824.json
2025-07-30 15:58:24,538 - VALO360 - DEBUG - 配置保存成功
2025-07-30 15:58:24,539 - VALO360 - DEBUG - 配置已備份至: backup\setup_backup_20250730_155824.json
2025-07-30 15:58:24,541 - VALO360 - DEBUG - 配置保存成功
2025-07-30 15:58:24,544 - VALO360 - DEBUG - 配置已備份至: backup\setup_backup_20250730_155824.json
2025-07-30 15:58:24,547 - VALO360 - DEBUG - 配置保存成功
2025-07-30 15:58:24,548 - VALO360 - DEBUG - 配置已備份至: backup\setup_backup_20250730_155824.json
2025-07-30 15:58:24,551 - VALO360 - DEBUG - 配置保存成功
2025-07-30 15:58:24,552 - VALO360 - DEBUG - 配置已備份至: backup\setup_backup_20250730_155824.json
2025-07-30 15:58:24,554 - VALO360 - DEBUG - 配置保存成功
2025-07-30 15:58:24,555 - VALO360 - DEBUG - 配置已備份至: backup\setup_backup_20250730_155824.json
2025-07-30 15:58:24,558 - VALO360 - DEBUG - 配置保存成功
2025-07-30 15:58:24,604 - VALO360 - DEBUG - 找到 2 個COM口: ['COM5', 'COM6']
2025-07-30 15:58:24,604 - VALO360 - DEBUG - 配置已備份至: backup\setup_backup_20250730_155824.json
2025-07-30 15:58:24,604 - VALO360 - DEBUG - 配置保存成功
2025-07-30 15:58:31,474 - VALO360 - DEBUG - 配置已備份至: backup\setup_backup_20250730_155831.json
2025-07-30 15:58:31,478 - VALO360 - DEBUG - 已刪除舊備份: backup\setup_backup_20250730_144604.json
2025-07-30 15:58:31,480 - VALO360 - DEBUG - 配置保存成功
2025-07-30 15:58:31,482 - VALO360 - DEBUG - 配置已備份至: backup\setup_backup_20250730_155831.json
2025-07-30 15:58:31,484 - VALO360 - DEBUG - 配置保存成功
2025-07-30 15:58:31,484 - VALO360 - DEBUG - 配置已備份至: backup\setup_backup_20250730_155831.json
2025-07-30 15:58:31,490 - VALO360 - DEBUG - 配置保存成功
2025-07-30 15:58:31,491 - VALO360 - DEBUG - 配置已備份至: backup\setup_backup_20250730_155831.json
2025-07-30 15:58:31,493 - VALO360 - DEBUG - 配置保存成功
2025-07-30 15:58:36,690 - VALO360 - DEBUG - 配置已備份至: backup\setup_backup_20250730_155836.json
2025-07-30 15:58:36,693 - VALO360 - DEBUG - 已刪除舊備份: backup\setup_backup_20250730_144605.json
2025-07-30 15:58:36,693 - VALO360 - DEBUG - 配置保存成功
2025-07-30 15:58:36,698 - VALO360 - DEBUG - 配置已備份至: backup\setup_backup_20250730_155836.json
2025-07-30 15:58:36,702 - VALO360 - DEBUG - 配置保存成功
2025-07-30 15:58:36,705 - VALO360 - DEBUG - 配置已備份至: backup\setup_backup_20250730_155836.json
2025-07-30 15:58:36,707 - VALO360 - DEBUG - 配置保存成功
2025-07-30 15:58:36,709 - VALO360 - DEBUG - 配置已備份至: backup\setup_backup_20250730_155836.json
2025-07-30 15:58:36,713 - VALO360 - DEBUG - 配置保存成功
2025-07-30 15:58:38,255 - VALO360 - DEBUG - 配置已備份至: backup\setup_backup_20250730_155838.json
2025-07-30 15:58:38,255 - VALO360 - DEBUG - 已刪除舊備份: backup\setup_backup_20250730_144613.json
2025-07-30 15:58:38,255 - VALO360 - DEBUG - 配置保存成功
2025-07-30 15:58:38,255 - VALO360 - DEBUG - 配置已備份至: backup\setup_backup_20250730_155838.json
2025-07-30 15:58:38,265 - VALO360 - DEBUG - 配置保存成功
2025-07-30 15:58:38,265 - VALO360 - DEBUG - 配置已備份至: backup\setup_backup_20250730_155838.json
2025-07-30 15:58:38,265 - VALO360 - DEBUG - 配置保存成功
2025-07-30 15:58:38,265 - VALO360 - DEBUG - 配置已備份至: backup\setup_backup_20250730_155838.json
2025-07-30 15:58:38,275 - VALO360 - DEBUG - 配置保存成功
2025-07-30 15:58:39,374 - VALO360 - DEBUG - 配置已備份至: backup\setup_backup_20250730_155839.json
2025-07-30 15:58:39,376 - VALO360 - DEBUG - 已刪除舊備份: backup\setup_backup_20250730_144615.json
2025-07-30 15:58:39,376 - VALO360 - DEBUG - 配置保存成功
2025-07-30 15:58:39,379 - VALO360 - DEBUG - 配置已備份至: backup\setup_backup_20250730_155839.json
2025-07-30 15:58:39,379 - VALO360 - DEBUG - 配置保存成功
2025-07-30 15:58:39,379 - VALO360 - DEBUG - 配置已備份至: backup\setup_backup_20250730_155839.json
2025-07-30 15:58:39,386 - VALO360 - DEBUG - 配置保存成功
2025-07-30 15:58:39,386 - VALO360 - DEBUG - 配置已備份至: backup\setup_backup_20250730_155839.json
2025-07-30 15:58:39,386 - VALO360 - DEBUG - 配置保存成功
2025-07-30 15:58:40,293 - VALO360 - DEBUG - 配置已備份至: backup\setup_backup_20250730_155840.json
2025-07-30 15:58:40,296 - VALO360 - DEBUG - 已刪除舊備份: backup\setup_backup_20250730_144639.json
2025-07-30 15:58:40,299 - VALO360 - DEBUG - 配置保存成功
2025-07-30 15:58:40,301 - VALO360 - DEBUG - 配置已備份至: backup\setup_backup_20250730_155840.json
2025-07-30 15:58:40,303 - VALO360 - DEBUG - 配置保存成功
2025-07-30 15:58:40,305 - VALO360 - DEBUG - 配置已備份至: backup\setup_backup_20250730_155840.json
2025-07-30 15:58:40,306 - VALO360 - DEBUG - 配置保存成功
2025-07-30 15:58:40,308 - VALO360 - DEBUG - 配置已備份至: backup\setup_backup_20250730_155840.json
2025-07-30 15:58:40,310 - VALO360 - DEBUG - 配置保存成功
2025-07-30 16:06:46,184 - VALO360 - DEBUG - 配置已備份至: backup\setup_backup_20250730_160646.json
2025-07-30 16:06:46,188 - VALO360 - DEBUG - 已刪除舊備份: backup\setup_backup_20250730_144641.json
2025-07-30 16:06:46,190 - VALO360 - DEBUG - 配置保存成功
2025-07-30 16:06:46,193 - VALO360 - DEBUG - 配置已備份至: backup\setup_backup_20250730_160646.json
2025-07-30 16:06:46,198 - VALO360 - DEBUG - 配置保存成功
2025-07-30 16:06:46,202 - VALO360 - DEBUG - 配置已備份至: backup\setup_backup_20250730_160646.json
2025-07-30 16:06:46,206 - VALO360 - DEBUG - 配置保存成功
2025-07-30 16:06:46,208 - VALO360 - DEBUG - 配置已備份至: backup\setup_backup_20250730_160646.json
2025-07-30 16:06:46,212 - VALO360 - DEBUG - 配置保存成功
2025-07-30 16:06:46,243 - VALO360 - DEBUG - 配置已備份至: backup\setup_backup_20250730_160646.json
2025-07-30 16:06:46,247 - VALO360 - DEBUG - 配置保存成功
2025-07-30 16:06:46,249 - VALO360 - DEBUG - 配置已備份至: backup\setup_backup_20250730_160646.json
2025-07-30 16:06:46,253 - VALO360 - DEBUG - 配置保存成功
2025-07-30 16:06:46,256 - VALO360 - DEBUG - 配置已備份至: backup\setup_backup_20250730_160646.json
2025-07-30 16:06:46,260 - VALO360 - DEBUG - 配置保存成功
2025-07-30 16:06:46,262 - VALO360 - DEBUG - 配置已備份至: backup\setup_backup_20250730_160646.json
2025-07-30 16:06:46,267 - VALO360 - DEBUG - 配置保存成功
2025-07-30 16:06:46,704 - VALO360 - DEBUG - 配置已備份至: backup\setup_backup_20250730_160646.json
2025-07-30 16:06:46,708 - VALO360 - DEBUG - 配置保存成功
2025-07-30 16:06:46,710 - VALO360 - DEBUG - 配置已備份至: backup\setup_backup_20250730_160646.json
2025-07-30 16:06:46,711 - VALO360 - DEBUG - 配置保存成功
2025-07-30 16:06:46,714 - VALO360 - DEBUG - 配置已備份至: backup\setup_backup_20250730_160646.json
2025-07-30 16:06:46,718 - VALO360 - DEBUG - 配置保存成功
2025-07-30 16:06:46,718 - VALO360 - DEBUG - 配置已備份至: backup\setup_backup_20250730_160646.json
2025-07-30 16:06:46,720 - VALO360 - DEBUG - 配置保存成功
2025-07-30 16:06:47,578 - VALO360 - DEBUG - 配置已備份至: backup\setup_backup_20250730_160647.json
2025-07-30 16:06:47,579 - VALO360 - DEBUG - 已刪除舊備份: backup\setup_backup_20250730_144644.json
2025-07-30 16:06:47,579 - VALO360 - DEBUG - 配置保存成功
2025-07-30 16:06:47,588 - VALO360 - DEBUG - 配置已備份至: backup\setup_backup_20250730_160647.json
2025-07-30 16:06:47,592 - VALO360 - DEBUG - 配置保存成功
2025-07-30 16:06:47,594 - VALO360 - DEBUG - 配置已備份至: backup\setup_backup_20250730_160647.json
2025-07-30 16:06:47,598 - VALO360 - DEBUG - 配置保存成功
2025-07-30 16:06:47,600 - VALO360 - DEBUG - 配置已備份至: backup\setup_backup_20250730_160647.json
2025-07-30 16:06:47,604 - VALO360 - DEBUG - 配置保存成功
2025-07-30 16:06:48,679 - VALO360 - DEBUG - 配置已備份至: backup\setup_backup_20250730_160648.json
2025-07-30 16:06:48,681 - VALO360 - DEBUG - 已刪除舊備份: backup\setup_backup_20250730_144802.json
2025-07-30 16:06:48,683 - VALO360 - DEBUG - 配置保存成功
2025-07-30 16:06:48,684 - VALO360 - DEBUG - 配置已備份至: backup\setup_backup_20250730_160648.json
2025-07-30 16:06:48,687 - VALO360 - DEBUG - 配置保存成功
2025-07-30 16:06:48,688 - VALO360 - DEBUG - 配置已備份至: backup\setup_backup_20250730_160648.json
2025-07-30 16:06:48,690 - VALO360 - DEBUG - 配置保存成功
2025-07-30 16:06:48,692 - VALO360 - DEBUG - 配置已備份至: backup\setup_backup_20250730_160648.json
2025-07-30 16:06:48,694 - VALO360 - DEBUG - 配置保存成功
2025-07-30 16:06:50,705 - VALO360 - DEBUG - 配置已備份至: backup\setup_backup_20250730_160650.json
2025-07-30 16:06:50,706 - VALO360 - DEBUG - 已刪除舊備份: backup\setup_backup_20250730_144804.json
2025-07-30 16:06:50,708 - VALO360 - DEBUG - 配置保存成功
2025-07-30 16:06:50,709 - VALO360 - DEBUG - 配置已備份至: backup\setup_backup_20250730_160650.json
2025-07-30 16:06:50,709 - VALO360 - DEBUG - 配置保存成功
2025-07-30 16:06:50,812 - VALO360 - INFO - 資源清理完成
2025-07-30 16:06:50,814 - VALO360 - INFO - 應用程式資源清理完成
2025-07-30 16:33:30,209 - VALO360 - DEBUG - 找到指令檔: D:\((Python TOOL\指令工具-20250428T020034Z-001\CODE_HERE2\dist\Command_TABLE\command.txt
2025-07-30 16:33:30,236 - VALO360 - INFO - 成功載入 94 個指令
2025-07-30 16:33:30,241 - VALO360 - INFO - 運行日誌: main.py 啟動
2025-07-30 16:33:30,241 - VALO360 - INFO - VALO360 指令通主程式啟動
2025-07-30 16:33:30,241 - VALO360 - INFO - 運行日誌: 成功 import TabManager
2025-07-30 16:33:30,241 - VALO360 - INFO - UI模組導入成功
2025-07-30 16:33:30,241 - VALO360 - INFO - 日誌系統初始化完成
2025-07-30 16:33:30,241 - VALO360 - INFO - 未找到關鍵字高亮設定文件，使用空設定
2025-07-30 16:33:30,430 - VALO360 - DEBUG - 配置已備份至: backup\setup_backup_20250730_163330.json
2025-07-30 16:33:30,431 - VALO360 - DEBUG - 已刪除舊備份: backup\setup_backup_20250730_144805.json
2025-07-30 16:33:30,431 - VALO360 - DEBUG - 配置載入成功
2025-07-30 16:33:30,431 - VALO360 - INFO - 統一設定管理器已初始化
2025-07-30 16:33:30,888 - VALO360 - DEBUG - 找到 2 個COM口: ['COM5', 'COM6']
2025-07-30 16:33:31,968 - VALO360 - INFO - 視窗設置完成: 指令通_1.6.3.3 (1222x776)
2025-07-30 16:33:31,971 - VALO360 - INFO - 程式啟動時更新標籤頁名稱
2025-07-30 16:33:31,971 - VALO360 - INFO - 應用程式啟動完成，進入主循環
2025-07-30 16:33:31,974 - VALO360 - DEBUG - 找到 2 個COM口: ['COM5', 'COM6']
2025-07-30 16:33:31,974 - VALO360 - DEBUG - 配置已備份至: backup\setup_backup_20250730_163331.json
2025-07-30 16:33:31,983 - VALO360 - DEBUG - 已刪除舊備份: backup\setup_backup_20250730_144808.json
2025-07-30 16:33:31,983 - VALO360 - DEBUG - 配置保存成功
2025-07-30 16:33:31,991 - VALO360 - DEBUG - 配置已備份至: backup\setup_backup_20250730_163331.json
2025-07-30 16:33:31,994 - VALO360 - DEBUG - 配置保存成功
2025-07-30 16:33:32,043 - VALO360 - DEBUG - 配置已備份至: backup\setup_backup_20250730_163332.json
2025-07-30 16:33:32,045 - VALO360 - DEBUG - 已刪除舊備份: backup\setup_backup_20250730_144810.json
2025-07-30 16:33:32,047 - VALO360 - DEBUG - 配置保存成功
2025-07-30 16:33:32,048 - VALO360 - DEBUG - 配置已備份至: backup\setup_backup_20250730_163332.json
2025-07-30 16:33:32,052 - VALO360 - DEBUG - 配置保存成功
2025-07-30 16:33:32,054 - VALO360 - DEBUG - 配置已備份至: backup\setup_backup_20250730_163332.json
2025-07-30 16:33:32,058 - VALO360 - DEBUG - 配置保存成功
2025-07-30 16:33:32,060 - VALO360 - DEBUG - 配置已備份至: backup\setup_backup_20250730_163332.json
2025-07-30 16:33:32,066 - VALO360 - DEBUG - 配置保存成功
2025-07-30 16:33:32,068 - VALO360 - DEBUG - 配置已備份至: backup\setup_backup_20250730_163332.json
2025-07-30 16:33:32,070 - VALO360 - DEBUG - 配置保存成功
2025-07-30 16:33:32,072 - VALO360 - DEBUG - 配置已備份至: backup\setup_backup_20250730_163332.json
2025-07-30 16:33:32,074 - VALO360 - DEBUG - 配置保存成功
2025-07-30 16:33:32,077 - VALO360 - DEBUG - 配置已備份至: backup\setup_backup_20250730_163332.json
2025-07-30 16:33:32,081 - VALO360 - DEBUG - 配置保存成功
2025-07-30 16:33:32,083 - VALO360 - DEBUG - 配置已備份至: backup\setup_backup_20250730_163332.json
2025-07-30 16:33:32,086 - VALO360 - DEBUG - 配置保存成功
2025-07-30 16:33:32,089 - VALO360 - DEBUG - 配置已備份至: backup\setup_backup_20250730_163332.json
2025-07-30 16:33:32,091 - VALO360 - DEBUG - 配置保存成功
2025-07-30 16:33:32,094 - VALO360 - DEBUG - 配置已備份至: backup\setup_backup_20250730_163332.json
2025-07-30 16:33:32,096 - VALO360 - DEBUG - 配置保存成功
2025-07-30 16:33:32,098 - VALO360 - DEBUG - 配置已備份至: backup\setup_backup_20250730_163332.json
2025-07-30 16:33:32,098 - VALO360 - DEBUG - 配置保存成功
2025-07-30 16:33:32,104 - VALO360 - DEBUG - 配置已備份至: backup\setup_backup_20250730_163332.json
2025-07-30 16:33:32,106 - VALO360 - DEBUG - 配置保存成功
2025-07-30 16:33:32,110 - VALO360 - DEBUG - 配置已備份至: backup\setup_backup_20250730_163332.json
2025-07-30 16:33:32,111 - VALO360 - DEBUG - 配置保存成功
2025-07-30 16:33:32,114 - VALO360 - DEBUG - 配置已備份至: backup\setup_backup_20250730_163332.json
2025-07-30 16:33:32,114 - VALO360 - DEBUG - 配置保存成功
2025-07-30 16:33:32,114 - VALO360 - DEBUG - 配置已備份至: backup\setup_backup_20250730_163332.json
2025-07-30 16:33:32,124 - VALO360 - DEBUG - 配置保存成功
2025-07-30 16:33:32,124 - VALO360 - DEBUG - 配置已備份至: backup\setup_backup_20250730_163332.json
2025-07-30 16:33:32,131 - VALO360 - DEBUG - 配置保存成功
2025-07-30 16:33:32,135 - VALO360 - DEBUG - 配置已備份至: backup\setup_backup_20250730_163332.json
2025-07-30 16:33:32,135 - VALO360 - DEBUG - 配置保存成功
2025-07-30 16:33:32,141 - VALO360 - DEBUG - 配置已備份至: backup\setup_backup_20250730_163332.json
2025-07-30 16:33:32,142 - VALO360 - DEBUG - 配置保存成功
2025-07-30 16:33:32,145 - VALO360 - DEBUG - 配置已備份至: backup\setup_backup_20250730_163332.json
2025-07-30 16:33:32,148 - VALO360 - DEBUG - 配置保存成功
2025-07-30 16:33:32,151 - VALO360 - DEBUG - 配置已備份至: backup\setup_backup_20250730_163332.json
2025-07-30 16:33:32,153 - VALO360 - DEBUG - 配置保存成功
2025-07-30 16:33:32,157 - VALO360 - DEBUG - 配置已備份至: backup\setup_backup_20250730_163332.json
2025-07-30 16:33:32,158 - VALO360 - DEBUG - 配置保存成功
2025-07-30 16:33:32,163 - VALO360 - DEBUG - 配置已備份至: backup\setup_backup_20250730_163332.json
2025-07-30 16:33:32,164 - VALO360 - DEBUG - 配置保存成功
2025-07-30 16:33:32,168 - VALO360 - DEBUG - 配置已備份至: backup\setup_backup_20250730_163332.json
2025-07-30 16:33:32,168 - VALO360 - DEBUG - 配置保存成功
2025-07-30 16:33:32,172 - VALO360 - DEBUG - 配置已備份至: backup\setup_backup_20250730_163332.json
2025-07-30 16:33:32,174 - VALO360 - DEBUG - 配置保存成功
2025-07-30 16:33:32,178 - VALO360 - DEBUG - 配置已備份至: backup\setup_backup_20250730_163332.json
2025-07-30 16:33:32,181 - VALO360 - DEBUG - 配置保存成功
2025-07-30 16:33:32,184 - VALO360 - DEBUG - 配置已備份至: backup\setup_backup_20250730_163332.json
2025-07-30 16:33:32,185 - VALO360 - DEBUG - 配置保存成功
2025-07-30 16:33:32,188 - VALO360 - DEBUG - 配置已備份至: backup\setup_backup_20250730_163332.json
2025-07-30 16:33:32,191 - VALO360 - DEBUG - 配置保存成功
2025-07-30 16:33:32,193 - VALO360 - DEBUG - 配置已備份至: backup\setup_backup_20250730_163332.json
2025-07-30 16:33:32,198 - VALO360 - DEBUG - 配置保存成功
2025-07-30 16:33:32,200 - VALO360 - DEBUG - 配置已備份至: backup\setup_backup_20250730_163332.json
2025-07-30 16:33:32,202 - VALO360 - DEBUG - 配置保存成功
2025-07-30 16:33:32,206 - VALO360 - DEBUG - 配置已備份至: backup\setup_backup_20250730_163332.json
2025-07-30 16:33:32,208 - VALO360 - DEBUG - 配置保存成功
2025-07-30 16:33:32,211 - VALO360 - DEBUG - 配置已備份至: backup\setup_backup_20250730_163332.json
2025-07-30 16:33:32,214 - VALO360 - DEBUG - 配置保存成功
2025-07-30 16:33:32,216 - VALO360 - DEBUG - 配置已備份至: backup\setup_backup_20250730_163332.json
2025-07-30 16:33:32,218 - VALO360 - DEBUG - 配置保存成功
2025-07-30 16:33:32,218 - VALO360 - DEBUG - 配置已備份至: backup\setup_backup_20250730_163332.json
2025-07-30 16:33:32,227 - VALO360 - DEBUG - 配置保存成功
2025-07-30 16:33:32,227 - VALO360 - DEBUG - 配置已備份至: backup\setup_backup_20250730_163332.json
2025-07-30 16:33:32,231 - VALO360 - DEBUG - 配置保存成功
2025-07-30 16:33:32,231 - VALO360 - DEBUG - 配置已備份至: backup\setup_backup_20250730_163332.json
2025-07-30 16:33:32,236 - VALO360 - DEBUG - 配置保存成功
2025-07-30 16:33:32,238 - VALO360 - DEBUG - 配置已備份至: backup\setup_backup_20250730_163332.json
2025-07-30 16:33:32,241 - VALO360 - DEBUG - 配置保存成功
2025-07-30 16:33:32,241 - VALO360 - DEBUG - 配置已備份至: backup\setup_backup_20250730_163332.json
2025-07-30 16:33:32,247 - VALO360 - DEBUG - 配置保存成功
2025-07-30 16:33:32,248 - VALO360 - DEBUG - 配置已備份至: backup\setup_backup_20250730_163332.json
2025-07-30 16:33:32,252 - VALO360 - DEBUG - 配置保存成功
2025-07-30 16:33:32,254 - VALO360 - DEBUG - 配置已備份至: backup\setup_backup_20250730_163332.json
2025-07-30 16:33:32,257 - VALO360 - DEBUG - 配置保存成功
2025-07-30 16:33:32,258 - VALO360 - DEBUG - 配置已備份至: backup\setup_backup_20250730_163332.json
2025-07-30 16:33:32,260 - VALO360 - DEBUG - 配置保存成功
2025-07-30 16:33:32,264 - VALO360 - DEBUG - 配置已備份至: backup\setup_backup_20250730_163332.json
2025-07-30 16:33:32,266 - VALO360 - DEBUG - 配置保存成功
2025-07-30 16:33:32,266 - VALO360 - DEBUG - 配置已備份至: backup\setup_backup_20250730_163332.json
2025-07-30 16:33:32,274 - VALO360 - DEBUG - 配置保存成功
2025-07-30 16:33:32,275 - VALO360 - DEBUG - 配置已備份至: backup\setup_backup_20250730_163332.json
2025-07-30 16:33:32,277 - VALO360 - DEBUG - 配置保存成功
2025-07-30 16:33:32,279 - VALO360 - DEBUG - 配置已備份至: backup\setup_backup_20250730_163332.json
2025-07-30 16:33:32,281 - VALO360 - DEBUG - 配置保存成功
2025-07-30 16:33:32,281 - VALO360 - DEBUG - 配置已備份至: backup\setup_backup_20250730_163332.json
2025-07-30 16:33:32,287 - VALO360 - DEBUG - 配置保存成功
2025-07-30 16:33:32,290 - VALO360 - DEBUG - 配置已備份至: backup\setup_backup_20250730_163332.json
2025-07-30 16:33:32,290 - VALO360 - DEBUG - 配置保存成功
2025-07-30 16:33:32,295 - VALO360 - DEBUG - 配置已備份至: backup\setup_backup_20250730_163332.json
2025-07-30 16:33:32,300 - VALO360 - DEBUG - 配置保存成功
2025-07-30 16:33:32,300 - VALO360 - DEBUG - 配置已備份至: backup\setup_backup_20250730_163332.json
2025-07-30 16:33:32,304 - VALO360 - DEBUG - 配置保存成功
2025-07-30 16:33:32,306 - VALO360 - DEBUG - 配置已備份至: backup\setup_backup_20250730_163332.json
2025-07-30 16:33:32,307 - VALO360 - DEBUG - 配置保存成功
2025-07-30 16:33:32,312 - VALO360 - DEBUG - 配置已備份至: backup\setup_backup_20250730_163332.json
2025-07-30 16:33:32,315 - VALO360 - DEBUG - 配置保存成功
2025-07-30 16:33:32,318 - VALO360 - DEBUG - 配置已備份至: backup\setup_backup_20250730_163332.json
2025-07-30 16:33:32,320 - VALO360 - DEBUG - 配置保存成功
2025-07-30 16:33:32,324 - VALO360 - DEBUG - 配置已備份至: backup\setup_backup_20250730_163332.json
2025-07-30 16:33:32,324 - VALO360 - DEBUG - 配置保存成功
2025-07-30 16:33:32,329 - VALO360 - DEBUG - 配置已備份至: backup\setup_backup_20250730_163332.json
2025-07-30 16:33:32,332 - VALO360 - DEBUG - 配置保存成功
2025-07-30 16:33:32,334 - VALO360 - DEBUG - 配置已備份至: backup\setup_backup_20250730_163332.json
2025-07-30 16:33:32,338 - VALO360 - DEBUG - 配置保存成功
2025-07-30 16:33:32,338 - VALO360 - DEBUG - 配置已備份至: backup\setup_backup_20250730_163332.json
2025-07-30 16:33:32,342 - VALO360 - DEBUG - 配置保存成功
2025-07-30 16:33:32,345 - VALO360 - DEBUG - 配置已備份至: backup\setup_backup_20250730_163332.json
2025-07-30 16:33:32,348 - VALO360 - DEBUG - 配置保存成功
2025-07-30 16:33:32,351 - VALO360 - DEBUG - 配置已備份至: backup\setup_backup_20250730_163332.json
2025-07-30 16:33:32,354 - VALO360 - DEBUG - 配置保存成功
2025-07-30 16:33:32,354 - VALO360 - DEBUG - 配置已備份至: backup\setup_backup_20250730_163332.json
2025-07-30 16:33:32,358 - VALO360 - DEBUG - 配置保存成功
2025-07-30 16:33:32,358 - VALO360 - DEBUG - 配置已備份至: backup\setup_backup_20250730_163332.json
2025-07-30 16:33:32,364 - VALO360 - DEBUG - 配置保存成功
2025-07-30 16:33:32,364 - VALO360 - DEBUG - 配置已備份至: backup\setup_backup_20250730_163332.json
2025-07-30 16:33:32,364 - VALO360 - DEBUG - 配置保存成功
2025-07-30 16:33:32,374 - VALO360 - DEBUG - 配置已備份至: backup\setup_backup_20250730_163332.json
2025-07-30 16:33:32,376 - VALO360 - DEBUG - 配置保存成功
2025-07-30 16:33:32,378 - VALO360 - DEBUG - 配置已備份至: backup\setup_backup_20250730_163332.json
2025-07-30 16:33:32,384 - VALO360 - DEBUG - 配置保存成功
2025-07-30 16:33:32,386 - VALO360 - DEBUG - 配置已備份至: backup\setup_backup_20250730_163332.json
2025-07-30 16:33:32,387 - VALO360 - DEBUG - 配置保存成功
2025-07-30 16:33:32,391 - VALO360 - DEBUG - 配置已備份至: backup\setup_backup_20250730_163332.json
2025-07-30 16:33:32,392 - VALO360 - DEBUG - 配置保存成功
2025-07-30 16:33:32,392 - VALO360 - DEBUG - 配置已備份至: backup\setup_backup_20250730_163332.json
2025-07-30 16:33:32,398 - VALO360 - DEBUG - 配置保存成功
2025-07-30 16:33:32,401 - VALO360 - DEBUG - 配置已備份至: backup\setup_backup_20250730_163332.json
2025-07-30 16:33:32,403 - VALO360 - DEBUG - 配置保存成功
2025-07-30 16:33:32,406 - VALO360 - DEBUG - 配置已備份至: backup\setup_backup_20250730_163332.json
2025-07-30 16:33:32,409 - VALO360 - DEBUG - 配置保存成功
2025-07-30 16:33:32,411 - VALO360 - DEBUG - 配置已備份至: backup\setup_backup_20250730_163332.json
2025-07-30 16:33:32,416 - VALO360 - DEBUG - 配置保存成功
2025-07-30 16:33:32,418 - VALO360 - DEBUG - 配置已備份至: backup\setup_backup_20250730_163332.json
2025-07-30 16:33:32,420 - VALO360 - DEBUG - 配置保存成功
2025-07-30 16:33:32,423 - VALO360 - DEBUG - 配置已備份至: backup\setup_backup_20250730_163332.json
2025-07-30 16:33:32,427 - VALO360 - DEBUG - 配置保存成功
2025-07-30 16:33:32,427 - VALO360 - DEBUG - 配置已備份至: backup\setup_backup_20250730_163332.json
2025-07-30 16:33:32,432 - VALO360 - DEBUG - 配置保存成功
2025-07-30 16:33:32,434 - VALO360 - DEBUG - 配置已備份至: backup\setup_backup_20250730_163332.json
2025-07-30 16:33:32,436 - VALO360 - DEBUG - 配置保存成功
2025-07-30 16:33:32,438 - VALO360 - DEBUG - 配置已備份至: backup\setup_backup_20250730_163332.json
2025-07-30 16:33:32,442 - VALO360 - DEBUG - 配置保存成功
2025-07-30 16:33:32,444 - VALO360 - DEBUG - 配置已備份至: backup\setup_backup_20250730_163332.json
2025-07-30 16:33:32,448 - VALO360 - DEBUG - 配置保存成功
2025-07-30 16:33:32,448 - VALO360 - DEBUG - 配置已備份至: backup\setup_backup_20250730_163332.json
2025-07-30 16:33:32,454 - VALO360 - DEBUG - 配置保存成功
2025-07-30 16:33:32,455 - VALO360 - DEBUG - 配置已備份至: backup\setup_backup_20250730_163332.json
2025-07-30 16:33:32,457 - VALO360 - DEBUG - 配置保存成功
2025-07-30 16:33:32,460 - VALO360 - DEBUG - 配置已備份至: backup\setup_backup_20250730_163332.json
2025-07-30 16:33:32,464 - VALO360 - DEBUG - 配置保存成功
2025-07-30 16:33:32,467 - VALO360 - DEBUG - 配置已備份至: backup\setup_backup_20250730_163332.json
2025-07-30 16:33:32,471 - VALO360 - DEBUG - 配置保存成功
2025-07-30 16:33:32,473 - VALO360 - DEBUG - 配置已備份至: backup\setup_backup_20250730_163332.json
2025-07-30 16:33:32,475 - VALO360 - DEBUG - 配置保存成功
2025-07-30 16:33:32,478 - VALO360 - DEBUG - 配置已備份至: backup\setup_backup_20250730_163332.json
2025-07-30 16:33:32,481 - VALO360 - DEBUG - 配置保存成功
2025-07-30 16:33:32,484 - VALO360 - DEBUG - 配置已備份至: backup\setup_backup_20250730_163332.json
2025-07-30 16:33:32,485 - VALO360 - DEBUG - 配置保存成功
2025-07-30 16:33:32,489 - VALO360 - DEBUG - 配置已備份至: backup\setup_backup_20250730_163332.json
2025-07-30 16:33:32,491 - VALO360 - DEBUG - 配置保存成功
2025-07-30 16:33:32,491 - VALO360 - DEBUG - 配置已備份至: backup\setup_backup_20250730_163332.json
2025-07-30 16:33:32,491 - VALO360 - DEBUG - 配置保存成功
2025-07-30 16:33:32,498 - VALO360 - DEBUG - 配置已備份至: backup\setup_backup_20250730_163332.json
2025-07-30 16:33:32,498 - VALO360 - DEBUG - 配置保存成功
2025-07-30 16:33:32,502 - VALO360 - DEBUG - 配置已備份至: backup\setup_backup_20250730_163332.json
2025-07-30 16:33:32,506 - VALO360 - DEBUG - 配置保存成功
2025-07-30 16:33:32,507 - VALO360 - DEBUG - 配置已備份至: backup\setup_backup_20250730_163332.json
2025-07-30 16:33:32,507 - VALO360 - DEBUG - 配置保存成功
2025-07-30 16:33:32,513 - VALO360 - DEBUG - 配置已備份至: backup\setup_backup_20250730_163332.json
2025-07-30 16:33:32,517 - VALO360 - DEBUG - 配置保存成功
2025-07-30 16:33:32,517 - VALO360 - DEBUG - 配置已備份至: backup\setup_backup_20250730_163332.json
2025-07-30 16:33:32,517 - VALO360 - DEBUG - 配置保存成功
2025-07-30 16:33:32,524 - VALO360 - DEBUG - 配置已備份至: backup\setup_backup_20250730_163332.json
2025-07-30 16:33:32,525 - VALO360 - DEBUG - 配置保存成功
2025-07-30 16:33:32,528 - VALO360 - DEBUG - 配置已備份至: backup\setup_backup_20250730_163332.json
2025-07-30 16:33:32,531 - VALO360 - DEBUG - 配置保存成功
2025-07-30 16:33:32,531 - VALO360 - DEBUG - 配置已備份至: backup\setup_backup_20250730_163332.json
2025-07-30 16:33:32,531 - VALO360 - DEBUG - 配置保存成功
2025-07-30 16:33:32,539 - VALO360 - DEBUG - 配置已備份至: backup\setup_backup_20250730_163332.json
2025-07-30 16:33:32,542 - VALO360 - DEBUG - 配置保存成功
2025-07-30 16:33:32,545 - VALO360 - DEBUG - 配置已備份至: backup\setup_backup_20250730_163332.json
2025-07-30 16:33:32,548 - VALO360 - DEBUG - 配置保存成功
2025-07-30 16:33:32,548 - VALO360 - DEBUG - 配置已備份至: backup\setup_backup_20250730_163332.json
2025-07-30 16:33:32,553 - VALO360 - DEBUG - 配置保存成功
2025-07-30 16:33:32,555 - VALO360 - DEBUG - 配置已備份至: backup\setup_backup_20250730_163332.json
2025-07-30 16:33:32,558 - VALO360 - DEBUG - 配置保存成功
2025-07-30 16:33:32,562 - VALO360 - DEBUG - 配置已備份至: backup\setup_backup_20250730_163332.json
2025-07-30 16:33:32,565 - VALO360 - DEBUG - 配置保存成功
2025-07-30 16:33:32,568 - VALO360 - DEBUG - 配置已備份至: backup\setup_backup_20250730_163332.json
2025-07-30 16:33:32,571 - VALO360 - DEBUG - 配置保存成功
2025-07-30 16:33:32,574 - VALO360 - DEBUG - 配置已備份至: backup\setup_backup_20250730_163332.json
2025-07-30 16:33:32,575 - VALO360 - DEBUG - 配置保存成功
2025-07-30 16:33:32,578 - VALO360 - DEBUG - 配置已備份至: backup\setup_backup_20250730_163332.json
2025-07-30 16:33:32,581 - VALO360 - DEBUG - 配置保存成功
2025-07-30 16:33:32,584 - VALO360 - DEBUG - 配置已備份至: backup\setup_backup_20250730_163332.json
2025-07-30 16:33:32,585 - VALO360 - DEBUG - 配置保存成功
2025-07-30 16:33:32,589 - VALO360 - DEBUG - 配置已備份至: backup\setup_backup_20250730_163332.json
2025-07-30 16:33:32,591 - VALO360 - DEBUG - 配置保存成功
2025-07-30 16:33:32,595 - VALO360 - DEBUG - 配置已備份至: backup\setup_backup_20250730_163332.json
2025-07-30 16:33:32,598 - VALO360 - DEBUG - 配置保存成功
2025-07-30 16:33:32,600 - VALO360 - DEBUG - 配置已備份至: backup\setup_backup_20250730_163332.json
2025-07-30 16:33:32,603 - VALO360 - DEBUG - 配置保存成功
2025-07-30 16:33:32,605 - VALO360 - DEBUG - 配置已備份至: backup\setup_backup_20250730_163332.json
2025-07-30 16:33:32,611 - VALO360 - DEBUG - 配置保存成功
2025-07-30 16:33:32,612 - VALO360 - DEBUG - 配置已備份至: backup\setup_backup_20250730_163332.json
2025-07-30 16:33:32,617 - VALO360 - DEBUG - 配置保存成功
2025-07-30 16:33:32,619 - VALO360 - DEBUG - 配置已備份至: backup\setup_backup_20250730_163332.json
2025-07-30 16:33:32,619 - VALO360 - DEBUG - 配置保存成功
2025-07-30 16:33:32,624 - VALO360 - DEBUG - 配置已備份至: backup\setup_backup_20250730_163332.json
2025-07-30 16:33:32,627 - VALO360 - DEBUG - 配置保存成功
2025-07-30 16:33:32,630 - VALO360 - DEBUG - 配置已備份至: backup\setup_backup_20250730_163332.json
2025-07-30 16:33:32,634 - VALO360 - DEBUG - 配置保存成功
2025-07-30 16:33:32,636 - VALO360 - DEBUG - 配置已備份至: backup\setup_backup_20250730_163332.json
2025-07-30 16:33:32,641 - VALO360 - DEBUG - 配置保存成功
2025-07-30 16:33:32,642 - VALO360 - DEBUG - 配置已備份至: backup\setup_backup_20250730_163332.json
2025-07-30 16:33:32,643 - VALO360 - DEBUG - 配置保存成功
2025-07-30 16:33:32,646 - VALO360 - DEBUG - 配置已備份至: backup\setup_backup_20250730_163332.json
2025-07-30 16:33:32,648 - VALO360 - DEBUG - 配置保存成功
2025-07-30 16:33:32,648 - VALO360 - DEBUG - 配置已備份至: backup\setup_backup_20250730_163332.json
2025-07-30 16:33:32,654 - VALO360 - DEBUG - 配置保存成功
2025-07-30 16:33:32,658 - VALO360 - DEBUG - 配置已備份至: backup\setup_backup_20250730_163332.json
2025-07-30 16:33:32,658 - VALO360 - DEBUG - 配置保存成功
2025-07-30 16:33:32,661 - VALO360 - DEBUG - 配置已備份至: backup\setup_backup_20250730_163332.json
2025-07-30 16:33:32,664 - VALO360 - DEBUG - 配置保存成功
2025-07-30 16:33:32,667 - VALO360 - DEBUG - 配置已備份至: backup\setup_backup_20250730_163332.json
2025-07-30 16:33:32,669 - VALO360 - DEBUG - 配置保存成功
2025-07-30 16:33:32,673 - VALO360 - DEBUG - 配置已備份至: backup\setup_backup_20250730_163332.json
2025-07-30 16:33:32,675 - VALO360 - DEBUG - 配置保存成功
2025-07-30 16:33:32,679 - VALO360 - DEBUG - 配置已備份至: backup\setup_backup_20250730_163332.json
2025-07-30 16:33:32,681 - VALO360 - DEBUG - 配置保存成功
2025-07-30 16:33:32,681 - VALO360 - DEBUG - 配置已備份至: backup\setup_backup_20250730_163332.json
2025-07-30 16:33:32,690 - VALO360 - DEBUG - 配置保存成功
2025-07-30 16:33:32,691 - VALO360 - DEBUG - 配置已備份至: backup\setup_backup_20250730_163332.json
2025-07-30 16:33:32,691 - VALO360 - DEBUG - 配置保存成功
2025-07-30 16:33:32,695 - VALO360 - DEBUG - 配置已備份至: backup\setup_backup_20250730_163332.json
2025-07-30 16:33:32,698 - VALO360 - DEBUG - 配置保存成功
2025-07-30 16:33:32,703 - VALO360 - DEBUG - 配置已備份至: backup\setup_backup_20250730_163332.json
2025-07-30 16:33:32,704 - VALO360 - DEBUG - 配置保存成功
2025-07-30 16:33:32,707 - VALO360 - DEBUG - 配置已備份至: backup\setup_backup_20250730_163332.json
2025-07-30 16:33:32,711 - VALO360 - DEBUG - 配置保存成功
2025-07-30 16:33:32,711 - VALO360 - DEBUG - 配置已備份至: backup\setup_backup_20250730_163332.json
2025-07-30 16:33:32,714 - VALO360 - DEBUG - 配置保存成功
2025-07-30 16:33:32,714 - VALO360 - DEBUG - 配置已備份至: backup\setup_backup_20250730_163332.json
2025-07-30 16:33:32,720 - VALO360 - DEBUG - 配置保存成功
2025-07-30 16:33:32,724 - VALO360 - DEBUG - 配置已備份至: backup\setup_backup_20250730_163332.json
2025-07-30 16:33:32,726 - VALO360 - DEBUG - 配置保存成功
2025-07-30 16:33:32,729 - VALO360 - DEBUG - 配置已備份至: backup\setup_backup_20250730_163332.json
2025-07-30 16:33:32,734 - VALO360 - DEBUG - 配置保存成功
2025-07-30 16:33:32,734 - VALO360 - DEBUG - 配置已備份至: backup\setup_backup_20250730_163332.json
2025-07-30 16:33:32,737 - VALO360 - DEBUG - 配置保存成功
2025-07-30 16:33:32,740 - VALO360 - DEBUG - 配置已備份至: backup\setup_backup_20250730_163332.json
2025-07-30 16:33:32,742 - VALO360 - DEBUG - 配置保存成功
2025-07-30 16:33:32,745 - VALO360 - DEBUG - 配置已備份至: backup\setup_backup_20250730_163332.json
2025-07-30 16:33:32,750 - VALO360 - DEBUG - 配置保存成功
2025-07-30 16:33:32,750 - VALO360 - DEBUG - 配置已備份至: backup\setup_backup_20250730_163332.json
2025-07-30 16:33:32,750 - VALO360 - DEBUG - 配置保存成功
2025-07-30 16:33:32,757 - VALO360 - DEBUG - 配置已備份至: backup\setup_backup_20250730_163332.json
2025-07-30 16:33:32,759 - VALO360 - DEBUG - 配置保存成功
2025-07-30 16:33:32,761 - VALO360 - DEBUG - 配置已備份至: backup\setup_backup_20250730_163332.json
2025-07-30 16:33:32,764 - VALO360 - DEBUG - 配置保存成功
2025-07-30 16:33:32,768 - VALO360 - DEBUG - 配置已備份至: backup\setup_backup_20250730_163332.json
2025-07-30 16:33:32,770 - VALO360 - DEBUG - 配置保存成功
2025-07-30 16:33:32,775 - VALO360 - DEBUG - 配置已備份至: backup\setup_backup_20250730_163332.json
2025-07-30 16:33:32,775 - VALO360 - DEBUG - 配置保存成功
2025-07-30 16:33:32,779 - VALO360 - DEBUG - 配置已備份至: backup\setup_backup_20250730_163332.json
2025-07-30 16:33:32,784 - VALO360 - DEBUG - 配置保存成功
2025-07-30 16:33:32,784 - VALO360 - DEBUG - 配置已備份至: backup\setup_backup_20250730_163332.json
2025-07-30 16:33:32,784 - VALO360 - DEBUG - 配置保存成功
2025-07-30 16:33:32,790 - VALO360 - DEBUG - 配置已備份至: backup\setup_backup_20250730_163332.json
2025-07-30 16:33:32,792 - VALO360 - DEBUG - 配置保存成功
2025-07-30 16:33:32,795 - VALO360 - DEBUG - 配置已備份至: backup\setup_backup_20250730_163332.json
2025-07-30 16:33:32,800 - VALO360 - DEBUG - 配置保存成功
2025-07-30 16:33:32,802 - VALO360 - DEBUG - 配置已備份至: backup\setup_backup_20250730_163332.json
2025-07-30 16:33:32,806 - VALO360 - DEBUG - 配置保存成功
2025-07-30 16:33:32,808 - VALO360 - DEBUG - 配置已備份至: backup\setup_backup_20250730_163332.json
2025-07-30 16:33:32,810 - VALO360 - DEBUG - 配置保存成功
2025-07-30 16:33:32,812 - VALO360 - DEBUG - 配置已備份至: backup\setup_backup_20250730_163332.json
2025-07-30 16:33:32,814 - VALO360 - DEBUG - 配置保存成功
2025-07-30 16:33:32,818 - VALO360 - DEBUG - 配置已備份至: backup\setup_backup_20250730_163332.json
2025-07-30 16:33:32,820 - VALO360 - DEBUG - 配置保存成功
2025-07-30 16:33:32,824 - VALO360 - DEBUG - 配置已備份至: backup\setup_backup_20250730_163332.json
2025-07-30 16:33:32,824 - VALO360 - DEBUG - 配置保存成功
2025-07-30 16:33:32,828 - VALO360 - DEBUG - 配置已備份至: backup\setup_backup_20250730_163332.json
2025-07-30 16:33:32,831 - VALO360 - DEBUG - 配置保存成功
2025-07-30 16:33:32,835 - VALO360 - DEBUG - 配置已備份至: backup\setup_backup_20250730_163332.json
2025-07-30 16:33:32,837 - VALO360 - DEBUG - 配置保存成功
2025-07-30 16:33:32,840 - VALO360 - DEBUG - 配置已備份至: backup\setup_backup_20250730_163332.json
2025-07-30 16:33:32,842 - VALO360 - DEBUG - 配置保存成功
2025-07-30 16:33:32,844 - VALO360 - DEBUG - 配置已備份至: backup\setup_backup_20250730_163332.json
2025-07-30 16:33:32,848 - VALO360 - DEBUG - 配置保存成功
2025-07-30 16:33:32,850 - VALO360 - DEBUG - 配置已備份至: backup\setup_backup_20250730_163332.json
2025-07-30 16:33:32,854 - VALO360 - DEBUG - 配置保存成功
2025-07-30 16:33:32,856 - VALO360 - DEBUG - 配置已備份至: backup\setup_backup_20250730_163332.json
2025-07-30 16:33:32,857 - VALO360 - DEBUG - 配置保存成功
2025-07-30 16:33:32,860 - VALO360 - DEBUG - 配置已備份至: backup\setup_backup_20250730_163332.json
2025-07-30 16:33:32,864 - VALO360 - DEBUG - 配置保存成功
2025-07-30 16:33:32,864 - VALO360 - DEBUG - 配置已備份至: backup\setup_backup_20250730_163332.json
2025-07-30 16:33:32,868 - VALO360 - DEBUG - 配置保存成功
2025-07-30 16:33:32,870 - VALO360 - DEBUG - 配置已備份至: backup\setup_backup_20250730_163332.json
2025-07-30 16:33:32,874 - VALO360 - DEBUG - 配置保存成功
2025-07-30 16:33:32,874 - VALO360 - DEBUG - 配置已備份至: backup\setup_backup_20250730_163332.json
2025-07-30 16:33:32,878 - VALO360 - DEBUG - 配置保存成功
2025-07-30 16:33:32,880 - VALO360 - DEBUG - 配置已備份至: backup\setup_backup_20250730_163332.json
2025-07-30 16:33:32,881 - VALO360 - DEBUG - 配置保存成功
2025-07-30 16:33:32,886 - VALO360 - DEBUG - 配置已備份至: backup\setup_backup_20250730_163332.json
2025-07-30 16:33:32,891 - VALO360 - DEBUG - 配置保存成功
2025-07-30 16:33:32,892 - VALO360 - DEBUG - 配置已備份至: backup\setup_backup_20250730_163332.json
2025-07-30 16:33:32,892 - VALO360 - DEBUG - 配置保存成功
2025-07-30 16:33:32,898 - VALO360 - DEBUG - 配置已備份至: backup\setup_backup_20250730_163332.json
2025-07-30 16:33:32,902 - VALO360 - DEBUG - 配置保存成功
2025-07-30 16:33:32,904 - VALO360 - DEBUG - 配置已備份至: backup\setup_backup_20250730_163332.json
2025-07-30 16:33:32,906 - VALO360 - DEBUG - 配置保存成功
2025-07-30 16:33:32,908 - VALO360 - DEBUG - 配置已備份至: backup\setup_backup_20250730_163332.json
2025-07-30 16:33:32,908 - VALO360 - DEBUG - 配置保存成功
2025-07-30 16:33:32,912 - VALO360 - DEBUG - 配置已備份至: backup\setup_backup_20250730_163332.json
2025-07-30 16:33:32,915 - VALO360 - DEBUG - 配置保存成功
2025-07-30 16:33:32,919 - VALO360 - DEBUG - 配置已備份至: backup\setup_backup_20250730_163332.json
2025-07-30 16:33:32,919 - VALO360 - DEBUG - 配置保存成功
2025-07-30 16:33:32,923 - VALO360 - DEBUG - 配置已備份至: backup\setup_backup_20250730_163332.json
2025-07-30 16:33:32,925 - VALO360 - DEBUG - 配置保存成功
2025-07-30 16:33:32,925 - VALO360 - DEBUG - 配置已備份至: backup\setup_backup_20250730_163332.json
2025-07-30 16:33:32,931 - VALO360 - DEBUG - 配置保存成功
2025-07-30 16:33:32,933 - VALO360 - DEBUG - 配置已備份至: backup\setup_backup_20250730_163332.json
2025-07-30 16:33:32,933 - VALO360 - DEBUG - 配置保存成功
2025-07-30 16:33:32,933 - VALO360 - DEBUG - 配置已備份至: backup\setup_backup_20250730_163332.json
2025-07-30 16:33:32,941 - VALO360 - DEBUG - 配置保存成功
2025-07-30 16:33:32,944 - VALO360 - DEBUG - 配置已備份至: backup\setup_backup_20250730_163332.json
2025-07-30 16:33:32,948 - VALO360 - DEBUG - 配置保存成功
2025-07-30 16:33:32,948 - VALO360 - DEBUG - 配置已備份至: backup\setup_backup_20250730_163332.json
2025-07-30 16:33:32,951 - VALO360 - DEBUG - 配置保存成功
2025-07-30 16:33:32,951 - VALO360 - DEBUG - 配置已備份至: backup\setup_backup_20250730_163332.json
2025-07-30 16:33:32,956 - VALO360 - DEBUG - 配置保存成功
2025-07-30 16:33:32,959 - VALO360 - DEBUG - 配置已備份至: backup\setup_backup_20250730_163332.json
2025-07-30 16:33:32,961 - VALO360 - DEBUG - 配置保存成功
2025-07-30 16:33:32,965 - VALO360 - DEBUG - 配置已備份至: backup\setup_backup_20250730_163332.json
2025-07-30 16:33:32,969 - VALO360 - DEBUG - 配置保存成功
2025-07-30 16:33:32,969 - VALO360 - DEBUG - 配置已備份至: backup\setup_backup_20250730_163332.json
2025-07-30 16:33:32,973 - VALO360 - DEBUG - 配置保存成功
2025-07-30 16:33:32,975 - VALO360 - DEBUG - 配置已備份至: backup\setup_backup_20250730_163332.json
2025-07-30 16:33:32,977 - VALO360 - DEBUG - 配置保存成功
2025-07-30 16:33:32,981 - VALO360 - DEBUG - 配置已備份至: backup\setup_backup_20250730_163332.json
2025-07-30 16:33:32,986 - VALO360 - DEBUG - 配置保存成功
2025-07-30 16:33:32,988 - VALO360 - DEBUG - 配置已備份至: backup\setup_backup_20250730_163332.json
2025-07-30 16:33:32,992 - VALO360 - DEBUG - 配置保存成功
2025-07-30 16:33:32,993 - VALO360 - DEBUG - 配置已備份至: backup\setup_backup_20250730_163332.json
2025-07-30 16:33:32,995 - VALO360 - DEBUG - 配置保存成功
2025-07-30 16:33:32,998 - VALO360 - DEBUG - 配置已備份至: backup\setup_backup_20250730_163332.json
2025-07-30 16:33:33,003 - VALO360 - DEBUG - 配置保存成功
2025-07-30 16:33:33,005 - VALO360 - DEBUG - 配置已備份至: backup\setup_backup_20250730_163333.json
2025-07-30 16:33:33,007 - VALO360 - DEBUG - 已刪除舊備份: backup\setup_backup_20250730_144815.json
2025-07-30 16:33:33,008 - VALO360 - DEBUG - 配置保存成功
2025-07-30 16:33:33,010 - VALO360 - DEBUG - 配置已備份至: backup\setup_backup_20250730_163333.json
2025-07-30 16:33:33,014 - VALO360 - DEBUG - 配置保存成功
2025-07-30 16:33:33,014 - VALO360 - DEBUG - 配置已備份至: backup\setup_backup_20250730_163333.json
2025-07-30 16:33:33,019 - VALO360 - DEBUG - 配置保存成功
2025-07-30 16:33:33,022 - VALO360 - DEBUG - 配置已備份至: backup\setup_backup_20250730_163333.json
2025-07-30 16:33:33,026 - VALO360 - DEBUG - 配置保存成功
2025-07-30 16:33:33,031 - VALO360 - DEBUG - 配置已備份至: backup\setup_backup_20250730_163333.json
2025-07-30 16:33:33,035 - VALO360 - DEBUG - 配置保存成功
2025-07-30 16:33:33,037 - VALO360 - DEBUG - 配置已備份至: backup\setup_backup_20250730_163333.json
2025-07-30 16:33:33,041 - VALO360 - DEBUG - 配置保存成功
2025-07-30 16:33:33,042 - VALO360 - DEBUG - 配置已備份至: backup\setup_backup_20250730_163333.json
2025-07-30 16:33:33,044 - VALO360 - DEBUG - 配置保存成功
2025-07-30 16:33:33,048 - VALO360 - DEBUG - 配置已備份至: backup\setup_backup_20250730_163333.json
2025-07-30 16:33:33,050 - VALO360 - DEBUG - 配置保存成功
2025-07-30 16:33:33,054 - VALO360 - DEBUG - 配置已備份至: backup\setup_backup_20250730_163333.json
2025-07-30 16:33:33,058 - VALO360 - DEBUG - 配置保存成功
2025-07-30 16:33:33,061 - VALO360 - DEBUG - 配置已備份至: backup\setup_backup_20250730_163333.json
2025-07-30 16:33:33,064 - VALO360 - DEBUG - 配置保存成功
2025-07-30 16:33:33,067 - VALO360 - DEBUG - 配置已備份至: backup\setup_backup_20250730_163333.json
2025-07-30 16:33:33,069 - VALO360 - DEBUG - 配置保存成功
2025-07-30 16:33:33,075 - VALO360 - DEBUG - 配置已備份至: backup\setup_backup_20250730_163333.json
2025-07-30 16:33:33,078 - VALO360 - DEBUG - 配置保存成功
2025-07-30 16:33:33,082 - VALO360 - DEBUG - 配置已備份至: backup\setup_backup_20250730_163333.json
2025-07-30 16:33:33,084 - VALO360 - DEBUG - 配置保存成功
2025-07-30 16:33:33,086 - VALO360 - DEBUG - 配置已備份至: backup\setup_backup_20250730_163333.json
2025-07-30 16:33:33,091 - VALO360 - DEBUG - 配置保存成功
2025-07-30 16:33:33,093 - VALO360 - DEBUG - 配置已備份至: backup\setup_backup_20250730_163333.json
2025-07-30 16:33:33,095 - VALO360 - DEBUG - 配置保存成功
2025-07-30 16:33:33,098 - VALO360 - DEBUG - 配置已備份至: backup\setup_backup_20250730_163333.json
2025-07-30 16:33:33,098 - VALO360 - DEBUG - 配置保存成功
2025-07-30 16:33:33,104 - VALO360 - DEBUG - 配置已備份至: backup\setup_backup_20250730_163333.json
2025-07-30 16:33:33,107 - VALO360 - DEBUG - 配置保存成功
2025-07-30 16:33:33,107 - VALO360 - DEBUG - 配置已備份至: backup\setup_backup_20250730_163333.json
2025-07-30 16:33:33,116 - VALO360 - DEBUG - 配置保存成功
2025-07-30 16:33:33,118 - VALO360 - DEBUG - 配置已備份至: backup\setup_backup_20250730_163333.json
2025-07-30 16:33:33,118 - VALO360 - DEBUG - 配置保存成功
2025-07-30 16:33:33,122 - VALO360 - DEBUG - 配置已備份至: backup\setup_backup_20250730_163333.json
2025-07-30 16:33:33,124 - VALO360 - DEBUG - 配置保存成功
2025-07-30 16:33:33,128 - VALO360 - DEBUG - 配置已備份至: backup\setup_backup_20250730_163333.json
2025-07-30 16:33:33,131 - VALO360 - DEBUG - 配置保存成功
2025-07-30 16:33:33,136 - VALO360 - DEBUG - 配置已備份至: backup\setup_backup_20250730_163333.json
2025-07-30 16:33:33,138 - VALO360 - DEBUG - 配置保存成功
2025-07-30 16:33:33,141 - VALO360 - DEBUG - 配置已備份至: backup\setup_backup_20250730_163333.json
2025-07-30 16:33:33,144 - VALO360 - DEBUG - 配置保存成功
2025-07-30 16:33:33,146 - VALO360 - DEBUG - 配置已備份至: backup\setup_backup_20250730_163333.json
2025-07-30 16:33:33,148 - VALO360 - DEBUG - 配置保存成功
2025-07-30 16:33:33,153 - VALO360 - DEBUG - 配置已備份至: backup\setup_backup_20250730_163333.json
2025-07-30 16:33:33,157 - VALO360 - DEBUG - 配置保存成功
2025-07-30 16:33:33,159 - VALO360 - DEBUG - 配置已備份至: backup\setup_backup_20250730_163333.json
2025-07-30 16:33:33,161 - VALO360 - DEBUG - 配置保存成功
2025-07-30 16:33:33,166 - VALO360 - DEBUG - 配置已備份至: backup\setup_backup_20250730_163333.json
2025-07-30 16:33:33,166 - VALO360 - DEBUG - 配置保存成功
2025-07-30 16:33:33,170 - VALO360 - DEBUG - 配置已備份至: backup\setup_backup_20250730_163333.json
2025-07-30 16:33:33,174 - VALO360 - DEBUG - 配置保存成功
2025-07-30 16:33:33,177 - VALO360 - DEBUG - 配置已備份至: backup\setup_backup_20250730_163333.json
2025-07-30 16:33:33,182 - VALO360 - DEBUG - 配置保存成功
2025-07-30 16:33:33,182 - VALO360 - DEBUG - 配置已備份至: backup\setup_backup_20250730_163333.json
2025-07-30 16:33:33,188 - VALO360 - DEBUG - 配置保存成功
2025-07-30 16:33:33,188 - VALO360 - DEBUG - 配置已備份至: backup\setup_backup_20250730_163333.json
2025-07-30 16:33:33,192 - VALO360 - DEBUG - 配置保存成功
2025-07-30 16:33:33,194 - VALO360 - DEBUG - 配置已備份至: backup\setup_backup_20250730_163333.json
2025-07-30 16:33:33,198 - VALO360 - DEBUG - 配置保存成功
2025-07-30 16:33:33,200 - VALO360 - DEBUG - 配置已備份至: backup\setup_backup_20250730_163333.json
2025-07-30 16:33:33,202 - VALO360 - DEBUG - 配置保存成功
2025-07-30 16:33:33,205 - VALO360 - DEBUG - 配置已備份至: backup\setup_backup_20250730_163333.json
2025-07-30 16:33:33,207 - VALO360 - DEBUG - 配置保存成功
2025-07-30 16:33:33,209 - VALO360 - DEBUG - 配置已備份至: backup\setup_backup_20250730_163333.json
2025-07-30 16:33:33,214 - VALO360 - DEBUG - 配置保存成功
2025-07-30 16:33:33,215 - VALO360 - DEBUG - 配置已備份至: backup\setup_backup_20250730_163333.json
2025-07-30 16:33:33,215 - VALO360 - DEBUG - 配置保存成功
2025-07-30 16:33:33,215 - VALO360 - DEBUG - 配置已備份至: backup\setup_backup_20250730_163333.json
2025-07-30 16:33:33,225 - VALO360 - DEBUG - 配置保存成功
2025-07-30 16:33:33,227 - VALO360 - DEBUG - 配置已備份至: backup\setup_backup_20250730_163333.json
2025-07-30 16:33:33,231 - VALO360 - DEBUG - 配置保存成功
2025-07-30 16:33:33,234 - VALO360 - DEBUG - 配置已備份至: backup\setup_backup_20250730_163333.json
2025-07-30 16:33:33,236 - VALO360 - DEBUG - 配置保存成功
2025-07-30 16:33:33,238 - VALO360 - DEBUG - 配置已備份至: backup\setup_backup_20250730_163333.json
2025-07-30 16:33:33,243 - VALO360 - DEBUG - 配置保存成功
2025-07-30 16:33:33,243 - VALO360 - DEBUG - 配置已備份至: backup\setup_backup_20250730_163333.json
2025-07-30 16:33:33,250 - VALO360 - DEBUG - 配置保存成功
2025-07-30 16:33:33,250 - VALO360 - DEBUG - 配置已備份至: backup\setup_backup_20250730_163333.json
2025-07-30 16:33:33,254 - VALO360 - DEBUG - 配置保存成功
2025-07-30 16:33:33,257 - VALO360 - DEBUG - 配置已備份至: backup\setup_backup_20250730_163333.json
2025-07-30 16:33:33,259 - VALO360 - DEBUG - 配置保存成功
2025-07-30 16:33:33,263 - VALO360 - DEBUG - 配置已備份至: backup\setup_backup_20250730_163333.json
2025-07-30 16:33:33,268 - VALO360 - DEBUG - 配置保存成功
2025-07-30 16:33:33,268 - VALO360 - DEBUG - 配置已備份至: backup\setup_backup_20250730_163333.json
2025-07-30 16:33:33,275 - VALO360 - DEBUG - 配置保存成功
2025-07-30 16:33:33,278 - VALO360 - DEBUG - 配置已備份至: backup\setup_backup_20250730_163333.json
2025-07-30 16:33:33,281 - VALO360 - DEBUG - 配置保存成功
2025-07-30 16:33:33,283 - VALO360 - DEBUG - 配置已備份至: backup\setup_backup_20250730_163333.json
2025-07-30 16:33:33,287 - VALO360 - DEBUG - 配置保存成功
2025-07-30 16:33:33,289 - VALO360 - DEBUG - 配置已備份至: backup\setup_backup_20250730_163333.json
2025-07-30 16:33:33,292 - VALO360 - DEBUG - 配置保存成功
2025-07-30 16:33:33,292 - VALO360 - DEBUG - 配置已備份至: backup\setup_backup_20250730_163333.json
2025-07-30 16:33:33,301 - VALO360 - DEBUG - 配置保存成功
2025-07-30 16:33:33,301 - VALO360 - DEBUG - 配置已備份至: backup\setup_backup_20250730_163333.json
2025-07-30 16:33:33,303 - VALO360 - DEBUG - 配置保存成功
2025-07-30 16:33:33,306 - VALO360 - DEBUG - 配置已備份至: backup\setup_backup_20250730_163333.json
2025-07-30 16:33:33,308 - VALO360 - DEBUG - 配置保存成功
2025-07-30 16:33:33,311 - VALO360 - DEBUG - 配置已備份至: backup\setup_backup_20250730_163333.json
2025-07-30 16:33:33,314 - VALO360 - DEBUG - 配置保存成功
2025-07-30 16:33:33,318 - VALO360 - DEBUG - 配置已備份至: backup\setup_backup_20250730_163333.json
2025-07-30 16:33:33,318 - VALO360 - DEBUG - 配置保存成功
2025-07-30 16:33:33,326 - VALO360 - DEBUG - 配置已備份至: backup\setup_backup_20250730_163333.json
2025-07-30 16:33:33,326 - VALO360 - DEBUG - 配置保存成功
2025-07-30 16:33:33,331 - VALO360 - DEBUG - 配置已備份至: backup\setup_backup_20250730_163333.json
2025-07-30 16:33:33,334 - VALO360 - DEBUG - 配置保存成功
2025-07-30 16:33:33,336 - VALO360 - DEBUG - 配置已備份至: backup\setup_backup_20250730_163333.json
2025-07-30 16:33:33,340 - VALO360 - DEBUG - 配置保存成功
2025-07-30 16:33:33,342 - VALO360 - DEBUG - 配置已備份至: backup\setup_backup_20250730_163333.json
2025-07-30 16:33:33,344 - VALO360 - DEBUG - 配置保存成功
2025-07-30 16:33:33,346 - VALO360 - DEBUG - 配置已備份至: backup\setup_backup_20250730_163333.json
2025-07-30 16:33:33,351 - VALO360 - DEBUG - 配置保存成功
2025-07-30 16:33:33,352 - VALO360 - DEBUG - 配置已備份至: backup\setup_backup_20250730_163333.json
2025-07-30 16:33:33,354 - VALO360 - DEBUG - 配置保存成功
2025-07-30 16:33:33,357 - VALO360 - DEBUG - 配置已備份至: backup\setup_backup_20250730_163333.json
2025-07-30 16:33:33,361 - VALO360 - DEBUG - 配置保存成功
2025-07-30 16:33:33,363 - VALO360 - DEBUG - 配置已備份至: backup\setup_backup_20250730_163333.json
2025-07-30 16:33:33,364 - VALO360 - DEBUG - 配置保存成功
2025-07-30 16:33:33,370 - VALO360 - DEBUG - 配置已備份至: backup\setup_backup_20250730_163333.json
2025-07-30 16:33:33,374 - VALO360 - DEBUG - 配置保存成功
2025-07-30 16:33:33,376 - VALO360 - DEBUG - 配置已備份至: backup\setup_backup_20250730_163333.json
2025-07-30 16:33:33,381 - VALO360 - DEBUG - 配置保存成功
2025-07-30 16:33:33,383 - VALO360 - DEBUG - 配置已備份至: backup\setup_backup_20250730_163333.json
2025-07-30 16:33:33,385 - VALO360 - DEBUG - 配置保存成功
2025-07-30 16:33:33,392 - VALO360 - DEBUG - 配置已備份至: backup\setup_backup_20250730_163333.json
2025-07-30 16:33:33,398 - VALO360 - DEBUG - 配置保存成功
2025-07-30 16:33:33,398 - VALO360 - DEBUG - 配置已備份至: backup\setup_backup_20250730_163333.json
2025-07-30 16:33:33,398 - VALO360 - DEBUG - 配置保存成功
2025-07-30 16:33:33,406 - VALO360 - DEBUG - 配置已備份至: backup\setup_backup_20250730_163333.json
2025-07-30 16:33:33,409 - VALO360 - DEBUG - 配置保存成功
2025-07-30 16:33:33,411 - VALO360 - DEBUG - 配置已備份至: backup\setup_backup_20250730_163333.json
2025-07-30 16:33:33,415 - VALO360 - DEBUG - 配置保存成功
2025-07-30 16:33:33,420 - VALO360 - DEBUG - 配置已備份至: backup\setup_backup_20250730_163333.json
2025-07-30 16:33:33,423 - VALO360 - DEBUG - 配置保存成功
2025-07-30 16:33:33,424 - VALO360 - DEBUG - 配置已備份至: backup\setup_backup_20250730_163333.json
2025-07-30 16:33:33,427 - VALO360 - DEBUG - 配置保存成功
2025-07-30 16:33:33,429 - VALO360 - DEBUG - 配置已備份至: backup\setup_backup_20250730_163333.json
2025-07-30 16:33:33,431 - VALO360 - DEBUG - 配置保存成功
2025-07-30 16:33:33,435 - VALO360 - DEBUG - 配置已備份至: backup\setup_backup_20250730_163333.json
2025-07-30 16:33:33,438 - VALO360 - DEBUG - 配置保存成功
2025-07-30 16:33:33,442 - VALO360 - DEBUG - 配置已備份至: backup\setup_backup_20250730_163333.json
2025-07-30 16:33:33,443 - VALO360 - DEBUG - 配置保存成功
2025-07-30 16:33:33,446 - VALO360 - DEBUG - 配置已備份至: backup\setup_backup_20250730_163333.json
2025-07-30 16:33:33,452 - VALO360 - DEBUG - 配置保存成功
2025-07-30 16:33:33,454 - VALO360 - DEBUG - 配置已備份至: backup\setup_backup_20250730_163333.json
2025-07-30 16:33:33,456 - VALO360 - DEBUG - 配置保存成功
2025-07-30 16:33:33,458 - VALO360 - DEBUG - 配置已備份至: backup\setup_backup_20250730_163333.json
2025-07-30 16:33:33,462 - VALO360 - DEBUG - 配置保存成功
2025-07-30 16:33:33,464 - VALO360 - DEBUG - 配置已備份至: backup\setup_backup_20250730_163333.json
2025-07-30 16:33:33,467 - VALO360 - DEBUG - 配置保存成功
2025-07-30 16:33:33,470 - VALO360 - DEBUG - 配置已備份至: backup\setup_backup_20250730_163333.json
2025-07-30 16:33:33,474 - VALO360 - DEBUG - 配置保存成功
2025-07-30 16:33:33,475 - VALO360 - DEBUG - 配置已備份至: backup\setup_backup_20250730_163333.json
2025-07-30 16:33:33,476 - VALO360 - DEBUG - 配置保存成功
2025-07-30 16:33:33,479 - VALO360 - DEBUG - 配置已備份至: backup\setup_backup_20250730_163333.json
2025-07-30 16:33:33,481 - VALO360 - DEBUG - 配置保存成功
2025-07-30 16:33:33,487 - VALO360 - DEBUG - 配置已備份至: backup\setup_backup_20250730_163333.json
2025-07-30 16:33:33,491 - VALO360 - DEBUG - 配置保存成功
2025-07-30 16:33:33,494 - VALO360 - DEBUG - 配置已備份至: backup\setup_backup_20250730_163333.json
2025-07-30 16:33:33,498 - VALO360 - DEBUG - 配置保存成功
2025-07-30 16:33:33,501 - VALO360 - DEBUG - 配置已備份至: backup\setup_backup_20250730_163333.json
2025-07-30 16:33:33,503 - VALO360 - DEBUG - 配置保存成功
2025-07-30 16:33:33,507 - VALO360 - DEBUG - 配置已備份至: backup\setup_backup_20250730_163333.json
2025-07-30 16:33:33,509 - VALO360 - DEBUG - 配置保存成功
2025-07-30 16:33:33,511 - VALO360 - DEBUG - 配置已備份至: backup\setup_backup_20250730_163333.json
2025-07-30 16:33:33,517 - VALO360 - DEBUG - 配置保存成功
2025-07-30 16:33:33,517 - VALO360 - DEBUG - 配置已備份至: backup\setup_backup_20250730_163333.json
2025-07-30 16:33:33,520 - VALO360 - DEBUG - 配置保存成功
2025-07-30 16:33:33,524 - VALO360 - DEBUG - 配置已備份至: backup\setup_backup_20250730_163333.json
2025-07-30 16:33:33,530 - VALO360 - DEBUG - 配置保存成功
2025-07-30 16:33:33,531 - VALO360 - DEBUG - 配置已備份至: backup\setup_backup_20250730_163333.json
2025-07-30 16:33:33,536 - VALO360 - DEBUG - 配置保存成功
2025-07-30 16:33:33,538 - VALO360 - DEBUG - 配置已備份至: backup\setup_backup_20250730_163333.json
2025-07-30 16:33:33,545 - VALO360 - DEBUG - 配置保存成功
2025-07-30 16:33:33,545 - VALO360 - DEBUG - 配置已備份至: backup\setup_backup_20250730_163333.json
2025-07-30 16:33:33,548 - VALO360 - DEBUG - 配置保存成功
2025-07-30 16:33:33,548 - VALO360 - DEBUG - 配置已備份至: backup\setup_backup_20250730_163333.json
2025-07-30 16:33:33,558 - VALO360 - DEBUG - 配置保存成功
2025-07-30 16:33:33,560 - VALO360 - DEBUG - 配置已備份至: backup\setup_backup_20250730_163333.json
2025-07-30 16:33:33,564 - VALO360 - DEBUG - 配置保存成功
2025-07-30 16:33:33,566 - VALO360 - DEBUG - 配置已備份至: backup\setup_backup_20250730_163333.json
2025-07-30 16:33:33,574 - VALO360 - DEBUG - 配置保存成功
2025-07-30 16:33:33,574 - VALO360 - DEBUG - 配置已備份至: backup\setup_backup_20250730_163333.json
2025-07-30 16:33:33,579 - VALO360 - DEBUG - 配置保存成功
2025-07-30 16:33:33,581 - VALO360 - DEBUG - 配置已備份至: backup\setup_backup_20250730_163333.json
2025-07-30 16:33:33,586 - VALO360 - DEBUG - 配置保存成功
2025-07-30 16:33:33,588 - VALO360 - DEBUG - 配置已備份至: backup\setup_backup_20250730_163333.json
2025-07-30 16:33:33,591 - VALO360 - DEBUG - 配置保存成功
2025-07-30 16:33:33,650 - VALO360 - DEBUG - 配置已備份至: backup\setup_backup_20250730_163333.json
2025-07-30 16:33:33,652 - VALO360 - DEBUG - 配置保存成功
2025-07-30 16:33:33,657 - VALO360 - DEBUG - 配置已備份至: backup\setup_backup_20250730_163333.json
2025-07-30 16:33:33,658 - VALO360 - DEBUG - 配置保存成功
2025-07-30 16:33:33,662 - VALO360 - DEBUG - 配置已備份至: backup\setup_backup_20250730_163333.json
2025-07-30 16:33:33,666 - VALO360 - DEBUG - 配置保存成功
2025-07-30 16:33:33,670 - VALO360 - DEBUG - 配置已備份至: backup\setup_backup_20250730_163333.json
2025-07-30 16:33:33,672 - VALO360 - DEBUG - 配置保存成功
2025-07-30 16:33:33,676 - VALO360 - DEBUG - 配置已備份至: backup\setup_backup_20250730_163333.json
2025-07-30 16:33:33,678 - VALO360 - DEBUG - 配置保存成功
2025-07-30 16:33:33,682 - VALO360 - DEBUG - 配置已備份至: backup\setup_backup_20250730_163333.json
2025-07-30 16:33:33,687 - VALO360 - DEBUG - 配置保存成功
2025-07-30 16:33:33,689 - VALO360 - DEBUG - 配置已備份至: backup\setup_backup_20250730_163333.json
2025-07-30 16:33:33,692 - VALO360 - DEBUG - 配置保存成功
2025-07-30 16:33:33,694 - VALO360 - DEBUG - 配置已備份至: backup\setup_backup_20250730_163333.json
2025-07-30 16:33:33,697 - VALO360 - DEBUG - 配置保存成功
2025-07-30 16:33:33,703 - VALO360 - DEBUG - 配置已備份至: backup\setup_backup_20250730_163333.json
2025-07-30 16:33:33,706 - VALO360 - DEBUG - 配置保存成功
2025-07-30 16:33:33,707 - VALO360 - DEBUG - 配置已備份至: backup\setup_backup_20250730_163333.json
2025-07-30 16:33:33,711 - VALO360 - DEBUG - 配置保存成功
2025-07-30 16:33:33,712 - VALO360 - DEBUG - 配置已備份至: backup\setup_backup_20250730_163333.json
2025-07-30 16:33:33,716 - VALO360 - DEBUG - 配置保存成功
2025-07-30 16:33:33,720 - VALO360 - DEBUG - 配置已備份至: backup\setup_backup_20250730_163333.json
2025-07-30 16:33:33,723 - VALO360 - DEBUG - 配置保存成功
2025-07-30 16:33:33,727 - VALO360 - DEBUG - 配置已備份至: backup\setup_backup_20250730_163333.json
2025-07-30 16:33:33,730 - VALO360 - DEBUG - 配置保存成功
2025-07-30 16:33:33,733 - VALO360 - DEBUG - 配置已備份至: backup\setup_backup_20250730_163333.json
2025-07-30 16:33:33,738 - VALO360 - DEBUG - 配置保存成功
2025-07-30 16:33:33,739 - VALO360 - DEBUG - 配置已備份至: backup\setup_backup_20250730_163333.json
2025-07-30 16:33:33,742 - VALO360 - DEBUG - 配置保存成功
2025-07-30 16:33:33,744 - VALO360 - DEBUG - 配置已備份至: backup\setup_backup_20250730_163333.json
2025-07-30 16:33:33,748 - VALO360 - DEBUG - 配置保存成功
2025-07-30 16:33:33,758 - VALO360 - DEBUG - 配置已備份至: backup\setup_backup_20250730_163333.json
2025-07-30 16:33:33,762 - VALO360 - DEBUG - 配置保存成功
2025-07-30 16:33:33,763 - VALO360 - DEBUG - 配置已備份至: backup\setup_backup_20250730_163333.json
2025-07-30 16:33:33,768 - VALO360 - DEBUG - 配置保存成功
2025-07-30 16:33:33,770 - VALO360 - DEBUG - 配置已備份至: backup\setup_backup_20250730_163333.json
2025-07-30 16:33:33,774 - VALO360 - DEBUG - 配置保存成功
2025-07-30 16:33:33,776 - VALO360 - DEBUG - 配置已備份至: backup\setup_backup_20250730_163333.json
2025-07-30 16:33:33,779 - VALO360 - DEBUG - 配置保存成功
2025-07-30 16:33:33,781 - VALO360 - DEBUG - 配置已備份至: backup\setup_backup_20250730_163333.json
2025-07-30 16:33:33,787 - VALO360 - DEBUG - 配置保存成功
2025-07-30 16:33:33,788 - VALO360 - DEBUG - 配置已備份至: backup\setup_backup_20250730_163333.json
2025-07-30 16:33:33,793 - VALO360 - DEBUG - 配置保存成功
2025-07-30 16:33:33,794 - VALO360 - DEBUG - 配置已備份至: backup\setup_backup_20250730_163333.json
2025-07-30 16:33:33,798 - VALO360 - DEBUG - 配置保存成功
2025-07-30 16:33:33,800 - VALO360 - DEBUG - 配置已備份至: backup\setup_backup_20250730_163333.json
2025-07-30 16:33:33,805 - VALO360 - DEBUG - 配置保存成功
2025-07-30 16:33:33,809 - VALO360 - DEBUG - 配置已備份至: backup\setup_backup_20250730_163333.json
2025-07-30 16:33:33,812 - VALO360 - DEBUG - 配置保存成功
2025-07-30 16:33:33,814 - VALO360 - DEBUG - 配置已備份至: backup\setup_backup_20250730_163333.json
2025-07-30 16:33:33,822 - VALO360 - DEBUG - 配置保存成功
2025-07-30 16:33:33,823 - VALO360 - DEBUG - 配置已備份至: backup\setup_backup_20250730_163333.json
2025-07-30 16:33:33,827 - VALO360 - DEBUG - 配置保存成功
2025-07-30 16:33:33,828 - VALO360 - DEBUG - 配置已備份至: backup\setup_backup_20250730_163333.json
2025-07-30 16:33:33,833 - VALO360 - DEBUG - 配置保存成功
2025-07-30 16:33:33,841 - VALO360 - DEBUG - 配置已備份至: backup\setup_backup_20250730_163333.json
2025-07-30 16:33:33,845 - VALO360 - DEBUG - 配置保存成功
2025-07-30 16:33:33,846 - VALO360 - DEBUG - 配置已備份至: backup\setup_backup_20250730_163333.json
2025-07-30 16:33:33,852 - VALO360 - DEBUG - 配置保存成功
2025-07-30 16:33:33,854 - VALO360 - DEBUG - 配置已備份至: backup\setup_backup_20250730_163333.json
2025-07-30 16:33:33,858 - VALO360 - DEBUG - 配置保存成功
2025-07-30 16:33:33,859 - VALO360 - DEBUG - 配置已備份至: backup\setup_backup_20250730_163333.json
2025-07-30 16:33:33,862 - VALO360 - DEBUG - 配置保存成功
2025-07-30 16:33:33,865 - VALO360 - DEBUG - 配置已備份至: backup\setup_backup_20250730_163333.json
2025-07-30 16:33:33,870 - VALO360 - DEBUG - 配置保存成功
2025-07-30 16:33:33,872 - VALO360 - DEBUG - 配置已備份至: backup\setup_backup_20250730_163333.json
2025-07-30 16:33:33,875 - VALO360 - DEBUG - 配置保存成功
2025-07-30 16:33:33,877 - VALO360 - DEBUG - 配置已備份至: backup\setup_backup_20250730_163333.json
2025-07-30 16:33:33,880 - VALO360 - DEBUG - 配置保存成功
2025-07-30 16:33:33,883 - VALO360 - DEBUG - 配置已備份至: backup\setup_backup_20250730_163333.json
2025-07-30 16:33:33,886 - VALO360 - DEBUG - 配置保存成功
2025-07-30 16:33:33,888 - VALO360 - DEBUG - 配置已備份至: backup\setup_backup_20250730_163333.json
2025-07-30 16:33:33,891 - VALO360 - DEBUG - 配置保存成功
2025-07-30 16:33:33,892 - VALO360 - DEBUG - 配置已備份至: backup\setup_backup_20250730_163333.json
2025-07-30 16:33:33,895 - VALO360 - DEBUG - 配置保存成功
2025-07-30 16:33:33,897 - VALO360 - DEBUG - 配置已備份至: backup\setup_backup_20250730_163333.json
2025-07-30 16:33:33,902 - VALO360 - DEBUG - 配置保存成功
2025-07-30 16:33:33,904 - VALO360 - DEBUG - 配置已備份至: backup\setup_backup_20250730_163333.json
2025-07-30 16:33:33,908 - VALO360 - DEBUG - 配置保存成功
2025-07-30 16:33:33,935 - VALO360 - DEBUG - 配置已備份至: backup\setup_backup_20250730_163333.json
2025-07-30 16:33:33,939 - VALO360 - DEBUG - 配置保存成功
2025-07-30 16:33:33,941 - VALO360 - DEBUG - 配置已備份至: backup\setup_backup_20250730_163333.json
2025-07-30 16:33:33,943 - VALO360 - DEBUG - 配置保存成功
2025-07-30 16:33:33,945 - VALO360 - DEBUG - 配置已備份至: backup\setup_backup_20250730_163333.json
2025-07-30 16:33:33,949 - VALO360 - DEBUG - 配置保存成功
2025-07-30 16:33:33,949 - VALO360 - DEBUG - 配置已備份至: backup\setup_backup_20250730_163333.json
2025-07-30 16:33:33,953 - VALO360 - DEBUG - 配置保存成功
2025-07-30 16:33:33,969 - VALO360 - DEBUG - 配置已備份至: backup\setup_backup_20250730_163333.json
2025-07-30 16:33:33,971 - VALO360 - DEBUG - 配置保存成功
2025-07-30 16:33:33,974 - VALO360 - DEBUG - 配置已備份至: backup\setup_backup_20250730_163333.json
2025-07-30 16:33:33,975 - VALO360 - DEBUG - 配置保存成功
2025-07-30 16:33:33,978 - VALO360 - DEBUG - 配置已備份至: backup\setup_backup_20250730_163333.json
2025-07-30 16:33:33,982 - VALO360 - DEBUG - 配置保存成功
2025-07-30 16:33:33,983 - VALO360 - DEBUG - 配置已備份至: backup\setup_backup_20250730_163333.json
2025-07-30 16:33:33,988 - VALO360 - DEBUG - 配置保存成功
2025-07-30 16:33:33,993 - VALO360 - DEBUG - 配置已備份至: backup\setup_backup_20250730_163333.json
2025-07-30 16:33:33,998 - VALO360 - DEBUG - 配置保存成功
2025-07-30 16:33:33,998 - VALO360 - DEBUG - 配置已備份至: backup\setup_backup_20250730_163333.json
2025-07-30 16:33:33,998 - VALO360 - DEBUG - 配置保存成功
2025-07-30 16:33:34,005 - VALO360 - DEBUG - 配置已備份至: backup\setup_backup_20250730_163333.json
2025-07-30 16:33:34,008 - VALO360 - DEBUG - 配置保存成功
2025-07-30 16:33:34,009 - VALO360 - DEBUG - 配置已備份至: backup\setup_backup_20250730_163334.json
2025-07-30 16:33:34,011 - VALO360 - DEBUG - 已刪除舊備份: backup\setup_backup_20250730_144817.json
2025-07-30 16:33:34,013 - VALO360 - DEBUG - 配置保存成功
2025-07-30 16:33:34,019 - VALO360 - DEBUG - 配置已備份至: backup\setup_backup_20250730_163334.json
2025-07-30 16:33:34,024 - VALO360 - DEBUG - 配置保存成功
2025-07-30 16:33:34,026 - VALO360 - DEBUG - 配置已備份至: backup\setup_backup_20250730_163334.json
2025-07-30 16:33:34,031 - VALO360 - DEBUG - 配置保存成功
2025-07-30 16:33:34,031 - VALO360 - DEBUG - 配置已備份至: backup\setup_backup_20250730_163334.json
2025-07-30 16:33:34,037 - VALO360 - DEBUG - 配置保存成功
2025-07-30 16:33:34,039 - VALO360 - DEBUG - 配置已備份至: backup\setup_backup_20250730_163334.json
2025-07-30 16:33:34,041 - VALO360 - DEBUG - 配置保存成功
2025-07-30 16:33:34,047 - VALO360 - DEBUG - 配置已備份至: backup\setup_backup_20250730_163334.json
2025-07-30 16:33:34,052 - VALO360 - DEBUG - 配置保存成功
2025-07-30 16:33:34,052 - VALO360 - DEBUG - 配置已備份至: backup\setup_backup_20250730_163334.json
2025-07-30 16:33:34,056 - VALO360 - DEBUG - 配置保存成功
2025-07-30 16:33:34,057 - VALO360 - DEBUG - 配置已備份至: backup\setup_backup_20250730_163334.json
2025-07-30 16:33:34,061 - VALO360 - DEBUG - 配置保存成功
2025-07-30 16:33:34,061 - VALO360 - DEBUG - 配置已備份至: backup\setup_backup_20250730_163334.json
2025-07-30 16:33:34,067 - VALO360 - DEBUG - 配置保存成功
2025-07-30 16:33:34,073 - VALO360 - DEBUG - 配置已備份至: backup\setup_backup_20250730_163334.json
2025-07-30 16:33:34,076 - VALO360 - DEBUG - 配置保存成功
2025-07-30 16:33:34,078 - VALO360 - DEBUG - 配置已備份至: backup\setup_backup_20250730_163334.json
2025-07-30 16:33:34,081 - VALO360 - DEBUG - 配置保存成功
2025-07-30 16:33:34,085 - VALO360 - DEBUG - 配置已備份至: backup\setup_backup_20250730_163334.json
2025-07-30 16:33:34,087 - VALO360 - DEBUG - 配置保存成功
2025-07-30 16:33:34,091 - VALO360 - DEBUG - 配置已備份至: backup\setup_backup_20250730_163334.json
2025-07-30 16:33:34,094 - VALO360 - DEBUG - 配置保存成功
2025-07-30 16:33:34,098 - VALO360 - DEBUG - 配置已備份至: backup\setup_backup_20250730_163334.json
2025-07-30 16:33:34,104 - VALO360 - DEBUG - 配置保存成功
2025-07-30 16:33:34,104 - VALO360 - DEBUG - 配置已備份至: backup\setup_backup_20250730_163334.json
2025-07-30 16:33:34,107 - VALO360 - DEBUG - 配置保存成功
2025-07-30 16:33:34,110 - VALO360 - DEBUG - 配置已備份至: backup\setup_backup_20250730_163334.json
2025-07-30 16:33:34,114 - VALO360 - DEBUG - 配置保存成功
2025-07-30 16:33:34,114 - VALO360 - DEBUG - 配置已備份至: backup\setup_backup_20250730_163334.json
2025-07-30 16:33:34,120 - VALO360 - DEBUG - 配置保存成功
2025-07-30 16:33:34,126 - VALO360 - DEBUG - 配置已備份至: backup\setup_backup_20250730_163334.json
2025-07-30 16:33:34,130 - VALO360 - DEBUG - 配置保存成功
2025-07-30 16:33:34,132 - VALO360 - DEBUG - 配置已備份至: backup\setup_backup_20250730_163334.json
2025-07-30 16:33:34,136 - VALO360 - DEBUG - 配置保存成功
2025-07-30 16:33:34,137 - VALO360 - DEBUG - 配置已備份至: backup\setup_backup_20250730_163334.json
2025-07-30 16:33:34,141 - VALO360 - DEBUG - 配置保存成功
2025-07-30 16:33:34,141 - VALO360 - DEBUG - 配置已備份至: backup\setup_backup_20250730_163334.json
2025-07-30 16:33:34,145 - VALO360 - DEBUG - 配置保存成功
2025-07-30 16:33:34,152 - VALO360 - DEBUG - 配置已備份至: backup\setup_backup_20250730_163334.json
2025-07-30 16:33:34,159 - VALO360 - DEBUG - 配置保存成功
2025-07-30 16:33:34,159 - VALO360 - DEBUG - 配置已備份至: backup\setup_backup_20250730_163334.json
2025-07-30 16:33:34,165 - VALO360 - DEBUG - 配置保存成功
2025-07-30 16:33:34,166 - VALO360 - DEBUG - 配置已備份至: backup\setup_backup_20250730_163334.json
2025-07-30 16:33:34,170 - VALO360 - DEBUG - 配置保存成功
2025-07-30 16:33:34,174 - VALO360 - DEBUG - 配置已備份至: backup\setup_backup_20250730_163334.json
2025-07-30 16:33:34,175 - VALO360 - DEBUG - 配置保存成功
2025-07-30 16:33:34,179 - VALO360 - DEBUG - 配置已備份至: backup\setup_backup_20250730_163334.json
2025-07-30 16:33:34,183 - VALO360 - DEBUG - 配置保存成功
2025-07-30 16:33:34,186 - VALO360 - DEBUG - 配置已備份至: backup\setup_backup_20250730_163334.json
2025-07-30 16:33:34,188 - VALO360 - DEBUG - 配置保存成功
2025-07-30 16:33:34,190 - VALO360 - DEBUG - 配置已備份至: backup\setup_backup_20250730_163334.json
2025-07-30 16:33:34,192 - VALO360 - DEBUG - 配置保存成功
2025-07-30 16:33:34,195 - VALO360 - DEBUG - 配置已備份至: backup\setup_backup_20250730_163334.json
2025-07-30 16:33:34,200 - VALO360 - DEBUG - 配置保存成功
2025-07-30 16:33:34,218 - VALO360 - DEBUG - 配置已備份至: backup\setup_backup_20250730_163334.json
2025-07-30 16:33:34,225 - VALO360 - DEBUG - 配置保存成功
2025-07-30 16:33:34,231 - VALO360 - DEBUG - 配置已備份至: backup\setup_backup_20250730_163334.json
2025-07-30 16:33:34,236 - VALO360 - DEBUG - 配置保存成功
2025-07-30 16:33:34,238 - VALO360 - DEBUG - 配置已備份至: backup\setup_backup_20250730_163334.json
2025-07-30 16:33:34,240 - VALO360 - DEBUG - 配置保存成功
2025-07-30 16:33:34,244 - VALO360 - DEBUG - 配置已備份至: backup\setup_backup_20250730_163334.json
2025-07-30 16:33:34,248 - VALO360 - DEBUG - 配置保存成功
2025-07-30 16:33:34,250 - VALO360 - DEBUG - 配置已備份至: backup\setup_backup_20250730_163334.json
2025-07-30 16:33:34,250 - VALO360 - DEBUG - 配置保存成功
2025-07-30 16:33:34,258 - VALO360 - DEBUG - 配置已備份至: backup\setup_backup_20250730_163334.json
2025-07-30 16:33:34,261 - VALO360 - DEBUG - 配置保存成功
2025-07-30 16:33:34,266 - VALO360 - DEBUG - 配置已備份至: backup\setup_backup_20250730_163334.json
2025-07-30 16:33:34,266 - VALO360 - DEBUG - 配置保存成功
2025-07-30 16:33:34,270 - VALO360 - DEBUG - 配置已備份至: backup\setup_backup_20250730_163334.json
2025-07-30 16:33:34,274 - VALO360 - DEBUG - 配置保存成功
2025-07-30 16:33:34,276 - VALO360 - DEBUG - 配置已備份至: backup\setup_backup_20250730_163334.json
2025-07-30 16:33:34,278 - VALO360 - DEBUG - 配置保存成功
2025-07-30 16:33:34,286 - VALO360 - DEBUG - 配置已備份至: backup\setup_backup_20250730_163334.json
2025-07-30 16:33:34,291 - VALO360 - DEBUG - 配置保存成功
2025-07-30 16:33:34,291 - VALO360 - DEBUG - 配置已備份至: backup\setup_backup_20250730_163334.json
2025-07-30 16:33:34,295 - VALO360 - DEBUG - 配置保存成功
2025-07-30 16:33:34,297 - VALO360 - DEBUG - 配置已備份至: backup\setup_backup_20250730_163334.json
2025-07-30 16:33:34,298 - VALO360 - DEBUG - 配置保存成功
2025-07-30 16:33:34,303 - VALO360 - DEBUG - 配置已備份至: backup\setup_backup_20250730_163334.json
2025-07-30 16:33:34,305 - VALO360 - DEBUG - 配置保存成功
2025-07-30 16:33:34,310 - VALO360 - DEBUG - 配置已備份至: backup\setup_backup_20250730_163334.json
2025-07-30 16:33:34,314 - VALO360 - DEBUG - 配置保存成功
2025-07-30 16:33:34,317 - VALO360 - DEBUG - 配置已備份至: backup\setup_backup_20250730_163334.json
2025-07-30 16:33:34,321 - VALO360 - DEBUG - 配置保存成功
2025-07-30 16:33:34,324 - VALO360 - DEBUG - 配置已備份至: backup\setup_backup_20250730_163334.json
2025-07-30 16:33:34,328 - VALO360 - DEBUG - 配置保存成功
2025-07-30 16:33:34,330 - VALO360 - DEBUG - 配置已備份至: backup\setup_backup_20250730_163334.json
2025-07-30 16:33:34,332 - VALO360 - DEBUG - 配置保存成功
2025-07-30 16:33:34,342 - VALO360 - DEBUG - 配置已備份至: backup\setup_backup_20250730_163334.json
2025-07-30 16:33:34,343 - VALO360 - DEBUG - 配置保存成功
2025-07-30 16:33:34,346 - VALO360 - DEBUG - 配置已備份至: backup\setup_backup_20250730_163334.json
2025-07-30 16:33:34,350 - VALO360 - DEBUG - 配置保存成功
2025-07-30 16:33:34,352 - VALO360 - DEBUG - 配置已備份至: backup\setup_backup_20250730_163334.json
2025-07-30 16:33:34,355 - VALO360 - DEBUG - 配置保存成功
2025-07-30 16:33:34,358 - VALO360 - DEBUG - 配置已備份至: backup\setup_backup_20250730_163334.json
2025-07-30 16:33:34,359 - VALO360 - DEBUG - 配置保存成功
2025-07-30 16:33:34,365 - VALO360 - DEBUG - 配置已備份至: backup\setup_backup_20250730_163334.json
2025-07-30 16:33:34,368 - VALO360 - DEBUG - 配置保存成功
2025-07-30 16:33:34,368 - VALO360 - DEBUG - 配置已備份至: backup\setup_backup_20250730_163334.json
2025-07-30 16:33:34,375 - VALO360 - DEBUG - 配置保存成功
2025-07-30 16:33:34,377 - VALO360 - DEBUG - 配置已備份至: backup\setup_backup_20250730_163334.json
2025-07-30 16:33:34,381 - VALO360 - DEBUG - 配置保存成功
2025-07-30 16:33:34,381 - VALO360 - DEBUG - 配置已備份至: backup\setup_backup_20250730_163334.json
2025-07-30 16:33:34,385 - VALO360 - DEBUG - 配置保存成功
2025-07-30 16:33:34,404 - VALO360 - DEBUG - 配置已備份至: backup\setup_backup_20250730_163334.json
2025-07-30 16:33:34,408 - VALO360 - DEBUG - 配置保存成功
2025-07-30 16:33:34,410 - VALO360 - DEBUG - 配置已備份至: backup\setup_backup_20250730_163334.json
2025-07-30 16:33:34,412 - VALO360 - DEBUG - 配置保存成功
2025-07-30 16:33:34,415 - VALO360 - DEBUG - 配置已備份至: backup\setup_backup_20250730_163334.json
2025-07-30 16:33:34,417 - VALO360 - DEBUG - 配置保存成功
2025-07-30 16:33:34,421 - VALO360 - DEBUG - 配置已備份至: backup\setup_backup_20250730_163334.json
2025-07-30 16:33:34,424 - VALO360 - DEBUG - 配置保存成功
2025-07-30 16:33:34,429 - VALO360 - DEBUG - 配置已備份至: backup\setup_backup_20250730_163334.json
2025-07-30 16:33:34,434 - VALO360 - DEBUG - 配置保存成功
2025-07-30 16:33:34,436 - VALO360 - DEBUG - 配置已備份至: backup\setup_backup_20250730_163334.json
2025-07-30 16:33:34,438 - VALO360 - DEBUG - 配置保存成功
2025-07-30 16:33:34,440 - VALO360 - DEBUG - 配置已備份至: backup\setup_backup_20250730_163334.json
2025-07-30 16:33:34,444 - VALO360 - DEBUG - 配置保存成功
2025-07-30 16:33:34,447 - VALO360 - DEBUG - 配置已備份至: backup\setup_backup_20250730_163334.json
2025-07-30 16:33:34,451 - VALO360 - DEBUG - 配置保存成功
2025-07-30 16:33:34,459 - VALO360 - DEBUG - 配置已備份至: backup\setup_backup_20250730_163334.json
2025-07-30 16:33:34,463 - VALO360 - DEBUG - 配置保存成功
2025-07-30 16:33:34,466 - VALO360 - DEBUG - 配置已備份至: backup\setup_backup_20250730_163334.json
2025-07-30 16:33:34,470 - VALO360 - DEBUG - 配置保存成功
2025-07-30 16:33:34,470 - VALO360 - DEBUG - 配置已備份至: backup\setup_backup_20250730_163334.json
2025-07-30 16:33:34,474 - VALO360 - DEBUG - 配置保存成功
2025-07-30 16:33:34,476 - VALO360 - DEBUG - 配置已備份至: backup\setup_backup_20250730_163334.json
2025-07-30 16:33:34,478 - VALO360 - DEBUG - 配置保存成功
2025-07-30 16:33:34,484 - VALO360 - DEBUG - 配置已備份至: backup\setup_backup_20250730_163334.json
2025-07-30 16:33:34,488 - VALO360 - DEBUG - 配置保存成功
2025-07-30 16:33:34,488 - VALO360 - DEBUG - 配置已備份至: backup\setup_backup_20250730_163334.json
2025-07-30 16:33:34,492 - VALO360 - DEBUG - 配置保存成功
2025-07-30 16:33:34,494 - VALO360 - DEBUG - 配置已備份至: backup\setup_backup_20250730_163334.json
2025-07-30 16:33:34,498 - VALO360 - DEBUG - 配置保存成功
2025-07-30 16:33:34,500 - VALO360 - DEBUG - 配置已備份至: backup\setup_backup_20250730_163334.json
2025-07-30 16:33:34,504 - VALO360 - DEBUG - 配置保存成功
2025-07-30 16:33:34,508 - VALO360 - DEBUG - 配置已備份至: backup\setup_backup_20250730_163334.json
2025-07-30 16:33:34,509 - VALO360 - DEBUG - 配置保存成功
2025-07-30 16:33:34,511 - VALO360 - DEBUG - 配置已備份至: backup\setup_backup_20250730_163334.json
2025-07-30 16:33:34,514 - VALO360 - DEBUG - 配置保存成功
2025-07-30 16:33:34,514 - VALO360 - DEBUG - 配置已備份至: backup\setup_backup_20250730_163334.json
2025-07-30 16:33:34,517 - VALO360 - DEBUG - 配置保存成功
2025-07-30 16:33:34,519 - VALO360 - DEBUG - 配置已備份至: backup\setup_backup_20250730_163334.json
2025-07-30 16:33:34,521 - VALO360 - DEBUG - 配置保存成功
2025-07-30 16:33:34,526 - VALO360 - DEBUG - 配置已備份至: backup\setup_backup_20250730_163334.json
2025-07-30 16:33:34,527 - VALO360 - DEBUG - 配置保存成功
2025-07-30 16:33:34,529 - VALO360 - DEBUG - 配置已備份至: backup\setup_backup_20250730_163334.json
2025-07-30 16:33:34,531 - VALO360 - DEBUG - 配置保存成功
2025-07-30 16:33:34,533 - VALO360 - DEBUG - 配置已備份至: backup\setup_backup_20250730_163334.json
2025-07-30 16:33:34,533 - VALO360 - DEBUG - 配置保存成功
2025-07-30 16:33:34,539 - VALO360 - DEBUG - 配置已備份至: backup\setup_backup_20250730_163334.json
2025-07-30 16:33:34,541 - VALO360 - DEBUG - 配置保存成功
2025-07-30 16:33:34,551 - VALO360 - DEBUG - 配置已備份至: backup\setup_backup_20250730_163334.json
2025-07-30 16:33:34,553 - VALO360 - DEBUG - 配置保存成功
2025-07-30 16:33:34,555 - VALO360 - DEBUG - 配置已備份至: backup\setup_backup_20250730_163334.json
2025-07-30 16:33:34,559 - VALO360 - DEBUG - 配置保存成功
2025-07-30 16:33:34,559 - VALO360 - DEBUG - 配置已備份至: backup\setup_backup_20250730_163334.json
2025-07-30 16:33:34,563 - VALO360 - DEBUG - 配置保存成功
2025-07-30 16:33:34,565 - VALO360 - DEBUG - 配置已備份至: backup\setup_backup_20250730_163334.json
2025-07-30 16:33:34,565 - VALO360 - DEBUG - 配置保存成功
2025-07-30 16:33:34,571 - VALO360 - DEBUG - 配置已備份至: backup\setup_backup_20250730_163334.json
2025-07-30 16:33:34,572 - VALO360 - DEBUG - 配置保存成功
2025-07-30 16:33:34,573 - VALO360 - DEBUG - 配置已備份至: backup\setup_backup_20250730_163334.json
2025-07-30 16:33:34,573 - VALO360 - DEBUG - 配置保存成功
2025-07-30 16:33:34,573 - VALO360 - DEBUG - 配置已備份至: backup\setup_backup_20250730_163334.json
2025-07-30 16:33:34,581 - VALO360 - DEBUG - 配置保存成功
2025-07-30 16:33:34,581 - VALO360 - DEBUG - 配置已備份至: backup\setup_backup_20250730_163334.json
2025-07-30 16:33:34,585 - VALO360 - DEBUG - 配置保存成功
2025-07-30 16:33:34,591 - VALO360 - DEBUG - 配置已備份至: backup\setup_backup_20250730_163334.json
2025-07-30 16:33:34,593 - VALO360 - DEBUG - 配置保存成功
2025-07-30 16:33:34,595 - VALO360 - DEBUG - 配置已備份至: backup\setup_backup_20250730_163334.json
2025-07-30 16:33:34,598 - VALO360 - DEBUG - 配置保存成功
2025-07-30 16:33:34,600 - VALO360 - DEBUG - 配置已備份至: backup\setup_backup_20250730_163334.json
2025-07-30 16:33:34,603 - VALO360 - DEBUG - 配置保存成功
2025-07-30 16:33:34,604 - VALO360 - DEBUG - 配置已備份至: backup\setup_backup_20250730_163334.json
2025-07-30 16:33:34,604 - VALO360 - DEBUG - 配置保存成功
2025-07-30 16:33:34,611 - VALO360 - DEBUG - 配置已備份至: backup\setup_backup_20250730_163334.json
2025-07-30 16:33:34,614 - VALO360 - DEBUG - 配置保存成功
2025-07-30 16:33:34,614 - VALO360 - DEBUG - 配置已備份至: backup\setup_backup_20250730_163334.json
2025-07-30 16:33:34,614 - VALO360 - DEBUG - 配置保存成功
2025-07-30 16:33:34,621 - VALO360 - DEBUG - 配置已備份至: backup\setup_backup_20250730_163334.json
2025-07-30 16:33:34,623 - VALO360 - DEBUG - 配置保存成功
2025-07-30 16:33:34,624 - VALO360 - DEBUG - 配置已備份至: backup\setup_backup_20250730_163334.json
2025-07-30 16:33:34,627 - VALO360 - DEBUG - 配置保存成功
2025-07-30 16:33:34,639 - VALO360 - DEBUG - 配置已備份至: backup\setup_backup_20250730_163334.json
2025-07-30 16:33:34,641 - VALO360 - DEBUG - 配置保存成功
2025-07-30 16:33:34,642 - VALO360 - DEBUG - 配置已備份至: backup\setup_backup_20250730_163334.json
2025-07-30 16:33:34,645 - VALO360 - DEBUG - 配置保存成功
2025-07-30 16:33:34,646 - VALO360 - DEBUG - 配置已備份至: backup\setup_backup_20250730_163334.json
2025-07-30 16:33:34,648 - VALO360 - DEBUG - 配置保存成功
2025-07-30 16:33:34,650 - VALO360 - DEBUG - 配置已備份至: backup\setup_backup_20250730_163334.json
2025-07-30 16:33:34,653 - VALO360 - DEBUG - 配置保存成功
2025-07-30 16:33:34,664 - VALO360 - DEBUG - 配置已備份至: backup\setup_backup_20250730_163334.json
2025-07-30 16:33:34,673 - VALO360 - DEBUG - 配置保存成功
2025-07-30 16:33:34,674 - VALO360 - DEBUG - 配置已備份至: backup\setup_backup_20250730_163334.json
2025-07-30 16:33:34,676 - VALO360 - DEBUG - 配置保存成功
2025-07-30 16:33:34,678 - VALO360 - DEBUG - 配置已備份至: backup\setup_backup_20250730_163334.json
2025-07-30 16:33:34,681 - VALO360 - DEBUG - 配置保存成功
2025-07-30 16:33:34,681 - VALO360 - DEBUG - 配置已備份至: backup\setup_backup_20250730_163334.json
2025-07-30 16:33:34,683 - VALO360 - DEBUG - 配置保存成功
2025-07-30 16:33:34,686 - VALO360 - DEBUG - 配置已備份至: backup\setup_backup_20250730_163334.json
2025-07-30 16:33:34,687 - VALO360 - DEBUG - 配置保存成功
2025-07-30 16:33:34,690 - VALO360 - DEBUG - 配置已備份至: backup\setup_backup_20250730_163334.json
2025-07-30 16:33:34,691 - VALO360 - DEBUG - 配置保存成功
2025-07-30 16:33:34,693 - VALO360 - DEBUG - 配置已備份至: backup\setup_backup_20250730_163334.json
2025-07-30 16:33:34,694 - VALO360 - DEBUG - 配置保存成功
2025-07-30 16:33:34,696 - VALO360 - DEBUG - 配置已備份至: backup\setup_backup_20250730_163334.json
2025-07-30 16:33:34,698 - VALO360 - DEBUG - 配置保存成功
2025-07-30 16:33:34,718 - VALO360 - DEBUG - 配置已備份至: backup\setup_backup_20250730_163334.json
2025-07-30 16:33:34,720 - VALO360 - DEBUG - 配置保存成功
2025-07-30 16:33:34,721 - VALO360 - DEBUG - 配置已備份至: backup\setup_backup_20250730_163334.json
2025-07-30 16:33:34,724 - VALO360 - DEBUG - 配置保存成功
2025-07-30 16:33:34,725 - VALO360 - DEBUG - 配置已備份至: backup\setup_backup_20250730_163334.json
2025-07-30 16:33:34,725 - VALO360 - DEBUG - 配置保存成功
2025-07-30 16:33:34,728 - VALO360 - DEBUG - 配置已備份至: backup\setup_backup_20250730_163334.json
2025-07-30 16:33:34,731 - VALO360 - DEBUG - 配置保存成功
2025-07-30 16:33:34,734 - VALO360 - DEBUG - 配置已備份至: backup\setup_backup_20250730_163334.json
2025-07-30 16:33:34,737 - VALO360 - DEBUG - 配置保存成功
2025-07-30 16:33:34,739 - VALO360 - DEBUG - 配置已備份至: backup\setup_backup_20250730_163334.json
2025-07-30 16:33:34,741 - VALO360 - DEBUG - 配置保存成功
2025-07-30 16:33:34,742 - VALO360 - DEBUG - 配置已備份至: backup\setup_backup_20250730_163334.json
2025-07-30 16:33:34,744 - VALO360 - DEBUG - 配置保存成功
2025-07-30 16:33:34,745 - VALO360 - DEBUG - 配置已備份至: backup\setup_backup_20250730_163334.json
2025-07-30 16:33:34,748 - VALO360 - DEBUG - 配置保存成功
2025-07-30 16:33:34,748 - VALO360 - DEBUG - 配置已備份至: backup\setup_backup_20250730_163334.json
2025-07-30 16:33:34,752 - VALO360 - DEBUG - 配置保存成功
2025-07-30 16:33:34,759 - VALO360 - DEBUG - 配置已備份至: backup\setup_backup_20250730_163334.json
2025-07-30 16:33:34,760 - VALO360 - DEBUG - 配置保存成功
2025-07-30 16:33:34,761 - VALO360 - DEBUG - 配置已備份至: backup\setup_backup_20250730_163334.json
2025-07-30 16:33:34,763 - VALO360 - DEBUG - 配置保存成功
2025-07-30 16:33:34,765 - VALO360 - DEBUG - 配置已備份至: backup\setup_backup_20250730_163334.json
2025-07-30 16:33:34,765 - VALO360 - DEBUG - 配置保存成功
2025-07-30 16:33:34,777 - VALO360 - DEBUG - 配置已備份至: backup\setup_backup_20250730_163334.json
2025-07-30 16:33:34,779 - VALO360 - DEBUG - 配置保存成功
2025-07-30 16:33:34,781 - VALO360 - DEBUG - 配置已備份至: backup\setup_backup_20250730_163334.json
2025-07-30 16:33:34,781 - VALO360 - DEBUG - 配置保存成功
2025-07-30 16:33:34,787 - VALO360 - DEBUG - 配置已備份至: backup\setup_backup_20250730_163334.json
2025-07-30 16:33:34,787 - VALO360 - DEBUG - 配置保存成功
2025-07-30 16:33:34,787 - VALO360 - DEBUG - 配置已備份至: backup\setup_backup_20250730_163334.json
2025-07-30 16:33:34,792 - VALO360 - DEBUG - 配置保存成功
2025-07-30 16:33:34,797 - VALO360 - DEBUG - 配置已備份至: backup\setup_backup_20250730_163334.json
2025-07-30 16:33:34,798 - VALO360 - DEBUG - 配置保存成功
2025-07-30 16:33:34,801 - VALO360 - DEBUG - 配置已備份至: backup\setup_backup_20250730_163334.json
2025-07-30 16:33:34,801 - VALO360 - DEBUG - 配置保存成功
2025-07-30 16:33:34,801 - VALO360 - DEBUG - 配置已備份至: backup\setup_backup_20250730_163334.json
2025-07-30 16:33:34,807 - VALO360 - DEBUG - 配置保存成功
2025-07-30 16:33:34,809 - VALO360 - DEBUG - 配置已備份至: backup\setup_backup_20250730_163334.json
2025-07-30 16:33:34,811 - VALO360 - DEBUG - 配置保存成功
2025-07-30 16:33:34,814 - VALO360 - DEBUG - 配置已備份至: backup\setup_backup_20250730_163334.json
2025-07-30 16:33:34,816 - VALO360 - DEBUG - 配置保存成功
2025-07-30 16:33:34,816 - VALO360 - DEBUG - 配置已備份至: backup\setup_backup_20250730_163334.json
2025-07-30 16:33:34,820 - VALO360 - DEBUG - 配置保存成功
2025-07-30 16:33:34,820 - VALO360 - DEBUG - 配置已備份至: backup\setup_backup_20250730_163334.json
2025-07-30 16:33:34,824 - VALO360 - DEBUG - 配置保存成功
2025-07-30 16:33:34,824 - VALO360 - DEBUG - 配置已備份至: backup\setup_backup_20250730_163334.json
2025-07-30 16:33:34,827 - VALO360 - DEBUG - 配置保存成功
2025-07-30 16:33:34,865 - VALO360 - DEBUG - 配置已備份至: backup\setup_backup_20250730_163334.json
2025-07-30 16:33:34,869 - VALO360 - DEBUG - 配置保存成功
2025-07-30 16:33:34,869 - VALO360 - DEBUG - 配置已備份至: backup\setup_backup_20250730_163334.json
2025-07-30 16:33:34,869 - VALO360 - DEBUG - 配置保存成功
2025-07-30 16:33:34,874 - VALO360 - DEBUG - 配置已備份至: backup\setup_backup_20250730_163334.json
2025-07-30 16:33:34,876 - VALO360 - DEBUG - 配置保存成功
2025-07-30 16:33:34,876 - VALO360 - DEBUG - 配置已備份至: backup\setup_backup_20250730_163334.json
2025-07-30 16:33:34,879 - VALO360 - DEBUG - 配置保存成功
2025-07-30 16:33:34,881 - VALO360 - DEBUG - 配置已備份至: backup\setup_backup_20250730_163334.json
2025-07-30 16:33:34,881 - VALO360 - DEBUG - 配置保存成功
2025-07-30 16:33:34,887 - VALO360 - DEBUG - 配置已備份至: backup\setup_backup_20250730_163334.json
2025-07-30 16:33:34,887 - VALO360 - DEBUG - 配置保存成功
2025-07-30 16:33:34,891 - VALO360 - DEBUG - 配置已備份至: backup\setup_backup_20250730_163334.json
2025-07-30 16:33:34,891 - VALO360 - DEBUG - 配置保存成功
2025-07-30 16:33:34,891 - VALO360 - DEBUG - 配置已備份至: backup\setup_backup_20250730_163334.json
2025-07-30 16:33:34,896 - VALO360 - DEBUG - 配置保存成功
2025-07-30 16:33:34,898 - VALO360 - DEBUG - 配置已備份至: backup\setup_backup_20250730_163334.json
2025-07-30 16:33:34,902 - VALO360 - DEBUG - 配置保存成功
2025-07-30 16:33:34,903 - VALO360 - DEBUG - 配置已備份至: backup\setup_backup_20250730_163334.json
2025-07-30 16:33:34,903 - VALO360 - DEBUG - 配置保存成功
2025-07-30 16:33:34,903 - VALO360 - DEBUG - 配置已備份至: backup\setup_backup_20250730_163334.json
2025-07-30 16:33:34,909 - VALO360 - DEBUG - 配置保存成功
2025-07-30 16:33:34,909 - VALO360 - DEBUG - 配置已備份至: backup\setup_backup_20250730_163334.json
2025-07-30 16:33:34,911 - VALO360 - DEBUG - 配置保存成功
2025-07-30 16:33:34,915 - VALO360 - DEBUG - 配置已備份至: backup\setup_backup_20250730_163334.json
2025-07-30 16:33:34,917 - VALO360 - DEBUG - 配置保存成功
2025-07-30 16:33:34,919 - VALO360 - DEBUG - 配置已備份至: backup\setup_backup_20250730_163334.json
2025-07-30 16:33:34,921 - VALO360 - DEBUG - 配置保存成功
2025-07-30 16:33:34,921 - VALO360 - DEBUG - 配置已備份至: backup\setup_backup_20250730_163334.json
2025-07-30 16:33:34,924 - VALO360 - DEBUG - 配置保存成功
2025-07-30 16:33:34,927 - VALO360 - DEBUG - 配置已備份至: backup\setup_backup_20250730_163334.json
2025-07-30 16:33:34,928 - VALO360 - DEBUG - 配置保存成功
2025-07-30 16:33:34,931 - VALO360 - DEBUG - 配置已備份至: backup\setup_backup_20250730_163334.json
2025-07-30 16:33:34,931 - VALO360 - DEBUG - 配置保存成功
2025-07-30 16:33:34,935 - VALO360 - DEBUG - 配置已備份至: backup\setup_backup_20250730_163334.json
2025-07-30 16:33:34,937 - VALO360 - DEBUG - 配置保存成功
2025-07-30 16:33:34,937 - VALO360 - DEBUG - 配置已備份至: backup\setup_backup_20250730_163334.json
2025-07-30 16:33:34,941 - VALO360 - DEBUG - 配置保存成功
2025-07-30 16:33:34,941 - VALO360 - DEBUG - 配置已備份至: backup\setup_backup_20250730_163334.json
2025-07-30 16:33:34,941 - VALO360 - DEBUG - 配置保存成功
2025-07-30 16:33:34,947 - VALO360 - DEBUG - 配置已備份至: backup\setup_backup_20250730_163334.json
2025-07-30 16:33:34,948 - VALO360 - DEBUG - 配置保存成功
2025-07-30 16:33:34,948 - VALO360 - DEBUG - 配置已備份至: backup\setup_backup_20250730_163334.json
2025-07-30 16:33:34,948 - VALO360 - DEBUG - 配置保存成功
2025-07-30 16:33:34,955 - VALO360 - DEBUG - 配置已備份至: backup\setup_backup_20250730_163334.json
2025-07-30 16:33:34,957 - VALO360 - DEBUG - 配置保存成功
2025-07-30 16:33:34,958 - VALO360 - DEBUG - 配置已備份至: backup\setup_backup_20250730_163334.json
2025-07-30 16:33:34,960 - VALO360 - DEBUG - 配置保存成功
2025-07-30 16:33:34,960 - VALO360 - DEBUG - 配置已備份至: backup\setup_backup_20250730_163334.json
2025-07-30 16:33:34,965 - VALO360 - DEBUG - 配置保存成功
2025-07-30 16:33:34,965 - VALO360 - DEBUG - 配置已備份至: backup\setup_backup_20250730_163334.json
2025-07-30 16:33:34,969 - VALO360 - DEBUG - 配置保存成功
2025-07-30 16:33:34,970 - VALO360 - DEBUG - 配置已備份至: backup\setup_backup_20250730_163334.json
2025-07-30 16:33:34,972 - VALO360 - DEBUG - 配置保存成功
2025-07-30 16:33:34,974 - VALO360 - DEBUG - 配置已備份至: backup\setup_backup_20250730_163334.json
2025-07-30 16:33:34,975 - VALO360 - DEBUG - 配置保存成功
2025-07-30 16:33:34,977 - VALO360 - DEBUG - 配置已備份至: backup\setup_backup_20250730_163334.json
2025-07-30 16:33:34,983 - VALO360 - DEBUG - 配置保存成功
2025-07-30 16:33:34,986 - VALO360 - DEBUG - 配置已備份至: backup\setup_backup_20250730_163334.json
2025-07-30 16:33:34,986 - VALO360 - DEBUG - 配置保存成功
2025-07-30 16:33:34,986 - VALO360 - DEBUG - 配置已備份至: backup\setup_backup_20250730_163334.json
2025-07-30 16:33:34,991 - VALO360 - DEBUG - 配置保存成功
2025-07-30 16:33:34,991 - VALO360 - DEBUG - 配置已備份至: backup\setup_backup_20250730_163334.json
2025-07-30 16:33:34,991 - VALO360 - DEBUG - 配置保存成功
2025-07-30 16:33:34,998 - VALO360 - DEBUG - 配置已備份至: backup\setup_backup_20250730_163334.json
2025-07-30 16:33:34,998 - VALO360 - DEBUG - 配置保存成功
2025-07-30 16:33:35,003 - VALO360 - DEBUG - 配置已備份至: backup\setup_backup_20250730_163334.json
2025-07-30 16:33:35,004 - VALO360 - DEBUG - 配置保存成功
2025-07-30 16:33:35,004 - VALO360 - DEBUG - 配置已備份至: backup\setup_backup_20250730_163335.json
2025-07-30 16:33:35,008 - VALO360 - DEBUG - 已刪除舊備份: backup\setup_backup_20250730_144818.json
2025-07-30 16:33:35,008 - VALO360 - DEBUG - 配置保存成功
2025-07-30 16:33:35,008 - VALO360 - DEBUG - 配置已備份至: backup\setup_backup_20250730_163335.json
2025-07-30 16:33:35,008 - VALO360 - DEBUG - 配置保存成功
2025-07-30 16:33:35,014 - VALO360 - DEBUG - 配置已備份至: backup\setup_backup_20250730_163335.json
2025-07-30 16:33:35,017 - VALO360 - DEBUG - 配置保存成功
2025-07-30 16:33:35,020 - VALO360 - DEBUG - 配置已備份至: backup\setup_backup_20250730_163335.json
2025-07-30 16:33:35,021 - VALO360 - DEBUG - 配置保存成功
2025-07-30 16:33:35,021 - VALO360 - DEBUG - 配置已備份至: backup\setup_backup_20250730_163335.json
2025-07-30 16:33:35,024 - VALO360 - DEBUG - 配置保存成功
2025-07-30 16:33:35,024 - VALO360 - DEBUG - 配置已備份至: backup\setup_backup_20250730_163335.json
2025-07-30 16:33:35,031 - VALO360 - DEBUG - 配置保存成功
2025-07-30 16:33:35,036 - VALO360 - DEBUG - 配置已備份至: backup\setup_backup_20250730_163335.json
2025-07-30 16:33:35,041 - VALO360 - DEBUG - 配置保存成功
2025-07-30 16:33:35,042 - VALO360 - DEBUG - 配置已備份至: backup\setup_backup_20250730_163335.json
2025-07-30 16:33:35,042 - VALO360 - DEBUG - 配置保存成功
2025-07-30 16:33:35,042 - VALO360 - DEBUG - 配置已備份至: backup\setup_backup_20250730_163335.json
2025-07-30 16:33:35,048 - VALO360 - DEBUG - 配置保存成功
2025-07-30 16:33:35,050 - VALO360 - DEBUG - 配置已備份至: backup\setup_backup_20250730_163335.json
2025-07-30 16:33:35,052 - VALO360 - DEBUG - 配置保存成功
2025-07-30 16:33:35,054 - VALO360 - DEBUG - 配置已備份至: backup\setup_backup_20250730_163335.json
2025-07-30 16:33:35,057 - VALO360 - DEBUG - 配置保存成功
2025-07-30 16:33:35,057 - VALO360 - DEBUG - 配置已備份至: backup\setup_backup_20250730_163335.json
2025-07-30 16:33:35,057 - VALO360 - DEBUG - 配置保存成功
2025-07-30 16:33:35,057 - VALO360 - DEBUG - 配置已備份至: backup\setup_backup_20250730_163335.json
2025-07-30 16:33:35,064 - VALO360 - DEBUG - 配置保存成功
2025-07-30 16:33:35,064 - VALO360 - DEBUG - 配置已備份至: backup\setup_backup_20250730_163335.json
2025-07-30 16:33:35,069 - VALO360 - DEBUG - 配置保存成功
2025-07-30 16:33:35,072 - VALO360 - DEBUG - 配置已備份至: backup\setup_backup_20250730_163335.json
2025-07-30 16:33:35,075 - VALO360 - DEBUG - 配置保存成功
2025-07-30 16:33:35,076 - VALO360 - DEBUG - 配置已備份至: backup\setup_backup_20250730_163335.json
2025-07-30 16:33:35,078 - VALO360 - DEBUG - 配置保存成功
2025-07-30 16:33:35,080 - VALO360 - DEBUG - 配置已備份至: backup\setup_backup_20250730_163335.json
2025-07-30 16:33:35,083 - VALO360 - DEBUG - 配置保存成功
2025-07-30 16:33:35,085 - VALO360 - DEBUG - 配置已備份至: backup\setup_backup_20250730_163335.json
2025-07-30 16:33:35,087 - VALO360 - DEBUG - 配置保存成功
2025-07-30 16:33:35,091 - VALO360 - DEBUG - 配置已備份至: backup\setup_backup_20250730_163335.json
2025-07-30 16:33:35,093 - VALO360 - DEBUG - 配置保存成功
2025-07-30 16:33:35,095 - VALO360 - DEBUG - 配置已備份至: backup\setup_backup_20250730_163335.json
2025-07-30 16:33:35,097 - VALO360 - DEBUG - 配置保存成功
2025-07-30 16:33:35,098 - VALO360 - DEBUG - 配置已備份至: backup\setup_backup_20250730_163335.json
2025-07-30 16:33:35,098 - VALO360 - DEBUG - 配置保存成功
2025-07-30 16:33:35,103 - VALO360 - DEBUG - 配置已備份至: backup\setup_backup_20250730_163335.json
2025-07-30 16:33:35,104 - VALO360 - DEBUG - 配置保存成功
2025-07-30 16:33:35,108 - VALO360 - DEBUG - 配置已備份至: backup\setup_backup_20250730_163335.json
2025-07-30 16:33:35,108 - VALO360 - DEBUG - 配置保存成功
2025-07-30 16:33:35,108 - VALO360 - DEBUG - 配置已備份至: backup\setup_backup_20250730_163335.json
2025-07-30 16:33:35,114 - VALO360 - DEBUG - 配置保存成功
2025-07-30 16:33:35,117 - VALO360 - DEBUG - 配置已備份至: backup\setup_backup_20250730_163335.json
2025-07-30 16:33:35,119 - VALO360 - DEBUG - 配置保存成功
2025-07-30 16:33:35,121 - VALO360 - DEBUG - 配置已備份至: backup\setup_backup_20250730_163335.json
2025-07-30 16:33:35,125 - VALO360 - DEBUG - 配置保存成功
2025-07-30 16:33:35,126 - VALO360 - DEBUG - 配置已備份至: backup\setup_backup_20250730_163335.json
2025-07-30 16:33:35,129 - VALO360 - DEBUG - 配置保存成功
2025-07-30 16:33:35,131 - VALO360 - DEBUG - 配置已備份至: backup\setup_backup_20250730_163335.json
2025-07-30 16:33:35,133 - VALO360 - DEBUG - 配置保存成功
2025-07-30 16:33:35,133 - VALO360 - DEBUG - 配置已備份至: backup\setup_backup_20250730_163335.json
2025-07-30 16:33:35,139 - VALO360 - DEBUG - 配置保存成功
2025-07-30 16:33:35,139 - VALO360 - DEBUG - 配置已備份至: backup\setup_backup_20250730_163335.json
2025-07-30 16:33:35,141 - VALO360 - DEBUG - 配置保存成功
2025-07-30 16:33:35,141 - VALO360 - DEBUG - 配置已備份至: backup\setup_backup_20250730_163335.json
2025-07-30 16:33:35,141 - VALO360 - DEBUG - 配置保存成功
2025-07-30 16:33:35,148 - VALO360 - DEBUG - 配置已備份至: backup\setup_backup_20250730_163335.json
2025-07-30 16:33:35,151 - VALO360 - DEBUG - 配置保存成功
2025-07-30 16:33:35,154 - VALO360 - DEBUG - 配置已備份至: backup\setup_backup_20250730_163335.json
2025-07-30 16:33:35,156 - VALO360 - DEBUG - 配置保存成功
2025-07-30 16:33:35,158 - VALO360 - DEBUG - 配置已備份至: backup\setup_backup_20250730_163335.json
2025-07-30 16:33:35,159 - VALO360 - DEBUG - 配置保存成功
2025-07-30 16:33:35,164 - VALO360 - DEBUG - 配置已備份至: backup\setup_backup_20250730_163335.json
2025-07-30 16:33:35,164 - VALO360 - DEBUG - 配置保存成功
2025-07-30 16:33:35,164 - VALO360 - DEBUG - 配置已備份至: backup\setup_backup_20250730_163335.json
2025-07-30 16:33:35,169 - VALO360 - DEBUG - 配置保存成功
2025-07-30 16:33:35,171 - VALO360 - DEBUG - 配置已備份至: backup\setup_backup_20250730_163335.json
2025-07-30 16:33:35,174 - VALO360 - DEBUG - 配置保存成功
2025-07-30 16:33:35,174 - VALO360 - DEBUG - 配置已備份至: backup\setup_backup_20250730_163335.json
2025-07-30 16:33:35,174 - VALO360 - DEBUG - 配置保存成功
2025-07-30 16:33:35,174 - VALO360 - DEBUG - 配置已備份至: backup\setup_backup_20250730_163335.json
2025-07-30 16:33:35,181 - VALO360 - DEBUG - 配置保存成功
2025-07-30 16:33:35,181 - VALO360 - DEBUG - 配置已備份至: backup\setup_backup_20250730_163335.json
2025-07-30 16:33:35,186 - VALO360 - DEBUG - 配置保存成功
2025-07-30 16:33:35,188 - VALO360 - DEBUG - 配置已備份至: backup\setup_backup_20250730_163335.json
2025-07-30 16:33:35,190 - VALO360 - DEBUG - 配置保存成功
2025-07-30 16:33:35,190 - VALO360 - DEBUG - 配置已備份至: backup\setup_backup_20250730_163335.json
2025-07-30 16:33:35,194 - VALO360 - DEBUG - 配置保存成功
2025-07-30 16:33:35,198 - VALO360 - DEBUG - 配置已備份至: backup\setup_backup_20250730_163335.json
2025-07-30 16:33:35,202 - VALO360 - DEBUG - 配置保存成功
2025-07-30 16:33:35,202 - VALO360 - DEBUG - 配置已備份至: backup\setup_backup_20250730_163335.json
2025-07-30 16:33:35,202 - VALO360 - DEBUG - 配置保存成功
2025-07-30 16:33:35,208 - VALO360 - DEBUG - 配置已備份至: backup\setup_backup_20250730_163335.json
2025-07-30 16:33:35,208 - VALO360 - DEBUG - 配置保存成功
2025-07-30 16:33:35,211 - VALO360 - DEBUG - 配置已備份至: backup\setup_backup_20250730_163335.json
2025-07-30 16:33:35,214 - VALO360 - DEBUG - 配置保存成功
2025-07-30 16:33:35,214 - VALO360 - DEBUG - 配置已備份至: backup\setup_backup_20250730_163335.json
2025-07-30 16:33:35,218 - VALO360 - DEBUG - 配置保存成功
2025-07-30 16:33:35,220 - VALO360 - DEBUG - 配置已備份至: backup\setup_backup_20250730_163335.json
2025-07-30 16:33:35,222 - VALO360 - DEBUG - 配置保存成功
2025-07-30 16:33:35,224 - VALO360 - DEBUG - 配置已備份至: backup\setup_backup_20250730_163335.json
2025-07-30 16:33:35,226 - VALO360 - DEBUG - 配置保存成功
2025-07-30 16:33:35,226 - VALO360 - DEBUG - 配置已備份至: backup\setup_backup_20250730_163335.json
2025-07-30 16:33:35,230 - VALO360 - DEBUG - 配置保存成功
2025-07-30 16:33:35,231 - VALO360 - DEBUG - 配置已備份至: backup\setup_backup_20250730_163335.json
2025-07-30 16:33:35,231 - VALO360 - DEBUG - 配置保存成功
2025-07-30 16:33:35,231 - VALO360 - DEBUG - 配置已備份至: backup\setup_backup_20250730_163335.json
2025-07-30 16:33:35,238 - VALO360 - DEBUG - 配置保存成功
2025-07-30 16:33:35,240 - VALO360 - DEBUG - 配置已備份至: backup\setup_backup_20250730_163335.json
2025-07-30 16:33:35,241 - VALO360 - DEBUG - 配置保存成功
2025-07-30 16:33:35,241 - VALO360 - DEBUG - 配置已備份至: backup\setup_backup_20250730_163335.json
2025-07-30 16:33:35,241 - VALO360 - DEBUG - 配置保存成功
2025-07-30 16:33:35,247 - VALO360 - DEBUG - 配置已備份至: backup\setup_backup_20250730_163335.json
2025-07-30 16:33:35,247 - VALO360 - DEBUG - 配置保存成功
2025-07-30 16:33:35,252 - VALO360 - DEBUG - 配置已備份至: backup\setup_backup_20250730_163335.json
2025-07-30 16:33:35,253 - VALO360 - DEBUG - 配置保存成功
2025-07-30 16:33:35,255 - VALO360 - DEBUG - 配置已備份至: backup\setup_backup_20250730_163335.json
2025-07-30 16:33:35,258 - VALO360 - DEBUG - 配置保存成功
2025-07-30 16:33:35,258 - VALO360 - DEBUG - 配置已備份至: backup\setup_backup_20250730_163335.json
2025-07-30 16:33:35,260 - VALO360 - DEBUG - 配置保存成功
2025-07-30 16:33:35,264 - VALO360 - DEBUG - 配置已備份至: backup\setup_backup_20250730_163335.json
2025-07-30 16:33:35,264 - VALO360 - DEBUG - 配置保存成功
2025-07-30 16:33:35,268 - VALO360 - DEBUG - 配置已備份至: backup\setup_backup_20250730_163335.json
2025-07-30 16:33:35,270 - VALO360 - DEBUG - 配置保存成功
2025-07-30 16:33:35,272 - VALO360 - DEBUG - 配置已備份至: backup\setup_backup_20250730_163335.json
2025-07-30 16:33:35,274 - VALO360 - DEBUG - 配置保存成功
2025-07-30 16:33:35,275 - VALO360 - DEBUG - 配置已備份至: backup\setup_backup_20250730_163335.json
2025-07-30 16:33:35,277 - VALO360 - DEBUG - 配置保存成功
2025-07-30 16:33:35,281 - VALO360 - DEBUG - 配置已備份至: backup\setup_backup_20250730_163335.json
2025-07-30 16:33:35,283 - VALO360 - DEBUG - 配置保存成功
2025-07-30 16:33:35,286 - VALO360 - DEBUG - 配置已備份至: backup\setup_backup_20250730_163335.json
2025-07-30 16:33:35,288 - VALO360 - DEBUG - 配置保存成功
2025-07-30 16:33:35,288 - VALO360 - DEBUG - 配置已備份至: backup\setup_backup_20250730_163335.json
2025-07-30 16:33:35,292 - VALO360 - DEBUG - 配置保存成功
2025-07-30 16:33:35,293 - VALO360 - DEBUG - 配置已備份至: backup\setup_backup_20250730_163335.json
2025-07-30 16:33:35,293 - VALO360 - DEBUG - 配置保存成功
2025-07-30 16:33:35,298 - VALO360 - DEBUG - 配置已備份至: backup\setup_backup_20250730_163335.json
2025-07-30 16:33:35,300 - VALO360 - DEBUG - 配置保存成功
2025-07-30 16:33:35,302 - VALO360 - DEBUG - 配置已備份至: backup\setup_backup_20250730_163335.json
2025-07-30 16:33:35,302 - VALO360 - DEBUG - 配置保存成功
2025-07-30 16:33:35,306 - VALO360 - DEBUG - 配置已備份至: backup\setup_backup_20250730_163335.json
2025-07-30 16:33:35,308 - VALO360 - DEBUG - 配置保存成功
2025-07-30 16:33:35,308 - VALO360 - DEBUG - 配置已備份至: backup\setup_backup_20250730_163335.json
2025-07-30 16:33:35,312 - VALO360 - DEBUG - 配置保存成功
2025-07-30 16:33:35,315 - VALO360 - DEBUG - 配置已備份至: backup\setup_backup_20250730_163335.json
2025-07-30 16:33:35,317 - VALO360 - DEBUG - 配置保存成功
2025-07-30 16:33:35,320 - VALO360 - DEBUG - 配置已備份至: backup\setup_backup_20250730_163335.json
2025-07-30 16:33:35,322 - VALO360 - DEBUG - 配置保存成功
2025-07-30 16:33:35,324 - VALO360 - DEBUG - 配置已備份至: backup\setup_backup_20250730_163335.json
2025-07-30 16:33:35,325 - VALO360 - DEBUG - 配置保存成功
2025-07-30 16:33:35,327 - VALO360 - DEBUG - 配置已備份至: backup\setup_backup_20250730_163335.json
2025-07-30 16:33:35,327 - VALO360 - DEBUG - 配置保存成功
2025-07-30 16:33:35,336 - VALO360 - DEBUG - 配置已備份至: backup\setup_backup_20250730_163335.json
2025-07-30 16:33:35,338 - VALO360 - DEBUG - 配置保存成功
2025-07-30 16:33:35,338 - VALO360 - DEBUG - 配置已備份至: backup\setup_backup_20250730_163335.json
2025-07-30 16:33:35,341 - VALO360 - DEBUG - 配置保存成功
2025-07-30 16:33:35,343 - VALO360 - DEBUG - 配置已備份至: backup\setup_backup_20250730_163335.json
2025-07-30 16:33:35,343 - VALO360 - DEBUG - 配置保存成功
2025-07-30 16:33:35,347 - VALO360 - DEBUG - 配置已備份至: backup\setup_backup_20250730_163335.json
2025-07-30 16:33:35,348 - VALO360 - DEBUG - 配置保存成功
2025-07-30 16:33:35,352 - VALO360 - DEBUG - 配置已備份至: backup\setup_backup_20250730_163335.json
2025-07-30 16:33:35,352 - VALO360 - DEBUG - 配置保存成功
2025-07-30 16:33:35,355 - VALO360 - DEBUG - 配置已備份至: backup\setup_backup_20250730_163335.json
2025-07-30 16:33:35,358 - VALO360 - DEBUG - 配置保存成功
2025-07-30 16:33:35,358 - VALO360 - DEBUG - 配置已備份至: backup\setup_backup_20250730_163335.json
2025-07-30 16:33:35,358 - VALO360 - DEBUG - 配置保存成功
2025-07-30 16:33:35,358 - VALO360 - DEBUG - 配置已備份至: backup\setup_backup_20250730_163335.json
2025-07-30 16:33:35,364 - VALO360 - DEBUG - 配置保存成功
2025-07-30 16:33:35,368 - VALO360 - DEBUG - 配置已備份至: backup\setup_backup_20250730_163335.json
2025-07-30 16:33:35,371 - VALO360 - DEBUG - 配置保存成功
2025-07-30 16:33:35,374 - VALO360 - DEBUG - 配置已備份至: backup\setup_backup_20250730_163335.json
2025-07-30 16:33:35,374 - VALO360 - DEBUG - 配置保存成功
2025-07-30 16:33:35,377 - VALO360 - DEBUG - 配置已備份至: backup\setup_backup_20250730_163335.json
2025-07-30 16:33:35,377 - VALO360 - DEBUG - 配置保存成功
2025-07-30 16:33:35,381 - VALO360 - DEBUG - 配置已備份至: backup\setup_backup_20250730_163335.json
2025-07-30 16:33:35,384 - VALO360 - DEBUG - 配置保存成功
2025-07-30 16:33:35,384 - VALO360 - DEBUG - 配置已備份至: backup\setup_backup_20250730_163335.json
2025-07-30 16:33:35,389 - VALO360 - DEBUG - 配置保存成功
2025-07-30 16:33:35,391 - VALO360 - DEBUG - 配置已備份至: backup\setup_backup_20250730_163335.json
2025-07-30 16:33:35,393 - VALO360 - DEBUG - 配置保存成功
2025-07-30 16:33:35,393 - VALO360 - DEBUG - 配置已備份至: backup\setup_backup_20250730_163335.json
2025-07-30 16:33:35,398 - VALO360 - DEBUG - 配置保存成功
2025-07-30 16:33:35,400 - VALO360 - DEBUG - 配置已備份至: backup\setup_backup_20250730_163335.json
2025-07-30 16:33:35,402 - VALO360 - DEBUG - 配置保存成功
2025-07-30 16:33:35,404 - VALO360 - DEBUG - 配置已備份至: backup\setup_backup_20250730_163335.json
2025-07-30 16:33:35,408 - VALO360 - DEBUG - 配置保存成功
2025-07-30 16:33:35,408 - VALO360 - DEBUG - 配置已備份至: backup\setup_backup_20250730_163335.json
2025-07-30 16:33:35,412 - VALO360 - DEBUG - 配置保存成功
2025-07-30 16:33:35,412 - VALO360 - DEBUG - 配置已備份至: backup\setup_backup_20250730_163335.json
2025-07-30 16:33:35,414 - VALO360 - DEBUG - 配置保存成功
2025-07-30 16:33:35,417 - VALO360 - DEBUG - 配置已備份至: backup\setup_backup_20250730_163335.json
2025-07-30 16:33:35,420 - VALO360 - DEBUG - 配置保存成功
2025-07-30 16:33:35,422 - VALO360 - DEBUG - 配置已備份至: backup\setup_backup_20250730_163335.json
2025-07-30 16:33:35,425 - VALO360 - DEBUG - 配置保存成功
2025-07-30 16:33:35,427 - VALO360 - DEBUG - 配置已備份至: backup\setup_backup_20250730_163335.json
2025-07-30 16:33:35,427 - VALO360 - DEBUG - 配置保存成功
2025-07-30 16:33:35,431 - VALO360 - DEBUG - 配置已備份至: backup\setup_backup_20250730_163335.json
2025-07-30 16:33:35,431 - VALO360 - DEBUG - 配置保存成功
2025-07-30 16:33:35,435 - VALO360 - DEBUG - 配置已備份至: backup\setup_backup_20250730_163335.json
2025-07-30 16:33:35,437 - VALO360 - DEBUG - 配置保存成功
2025-07-30 16:33:35,439 - VALO360 - DEBUG - 配置已備份至: backup\setup_backup_20250730_163335.json
2025-07-30 16:33:35,443 - VALO360 - DEBUG - 配置保存成功
2025-07-30 16:33:35,443 - VALO360 - DEBUG - 配置已備份至: backup\setup_backup_20250730_163335.json
2025-07-30 16:33:35,445 - VALO360 - DEBUG - 配置保存成功
2025-07-30 16:33:35,448 - VALO360 - DEBUG - 配置已備份至: backup\setup_backup_20250730_163335.json
2025-07-30 16:33:35,451 - VALO360 - DEBUG - 配置保存成功
2025-07-30 16:33:35,451 - VALO360 - DEBUG - 配置已備份至: backup\setup_backup_20250730_163335.json
2025-07-30 16:33:35,451 - VALO360 - DEBUG - 配置保存成功
2025-07-30 16:33:35,451 - VALO360 - DEBUG - 配置已備份至: backup\setup_backup_20250730_163335.json
2025-07-30 16:33:35,457 - VALO360 - DEBUG - 配置保存成功
2025-07-30 16:33:35,460 - VALO360 - DEBUG - 配置已備份至: backup\setup_backup_20250730_163335.json
2025-07-30 16:33:35,460 - VALO360 - DEBUG - 配置保存成功
2025-07-30 16:33:35,464 - VALO360 - DEBUG - 配置已備份至: backup\setup_backup_20250730_163335.json
2025-07-30 16:33:35,464 - VALO360 - DEBUG - 配置保存成功
2025-07-30 16:33:35,468 - VALO360 - DEBUG - 配置已備份至: backup\setup_backup_20250730_163335.json
2025-07-30 16:33:35,470 - VALO360 - DEBUG - 配置保存成功
2025-07-30 16:33:35,471 - VALO360 - DEBUG - 配置已備份至: backup\setup_backup_20250730_163335.json
2025-07-30 16:33:35,475 - VALO360 - DEBUG - 配置保存成功
2025-07-30 16:33:35,477 - VALO360 - DEBUG - 配置已備份至: backup\setup_backup_20250730_163335.json
2025-07-30 16:33:35,477 - VALO360 - DEBUG - 配置保存成功
2025-07-30 16:33:35,481 - VALO360 - DEBUG - 配置已備份至: backup\setup_backup_20250730_163335.json
2025-07-30 16:33:35,481 - VALO360 - DEBUG - 配置保存成功
2025-07-30 16:33:35,484 - VALO360 - DEBUG - 配置已備份至: backup\setup_backup_20250730_163335.json
2025-07-30 16:33:35,484 - VALO360 - DEBUG - 配置保存成功
2025-07-30 16:33:35,498 - VALO360 - DEBUG - 配置已備份至: backup\setup_backup_20250730_163335.json
2025-07-30 16:33:35,498 - VALO360 - DEBUG - 配置保存成功
2025-07-30 16:33:35,508 - VALO360 - DEBUG - 配置已備份至: backup\setup_backup_20250730_163335.json
2025-07-30 16:33:35,510 - VALO360 - DEBUG - 配置保存成功
2025-07-30 16:33:35,512 - VALO360 - DEBUG - 配置已備份至: backup\setup_backup_20250730_163335.json
2025-07-30 16:33:35,514 - VALO360 - DEBUG - 配置保存成功
2025-07-30 16:33:35,514 - VALO360 - DEBUG - 配置已備份至: backup\setup_backup_20250730_163335.json
2025-07-30 16:33:35,518 - VALO360 - DEBUG - 配置保存成功
2025-07-30 16:33:35,520 - VALO360 - DEBUG - 配置已備份至: backup\setup_backup_20250730_163335.json
2025-07-30 16:33:35,524 - VALO360 - DEBUG - 配置保存成功
2025-07-30 16:33:35,576 - VALO360 - DEBUG - 配置已備份至: backup\setup_backup_20250730_163335.json
2025-07-30 16:33:35,580 - VALO360 - DEBUG - 配置保存成功
2025-07-30 16:33:35,583 - VALO360 - DEBUG - 配置已備份至: backup\setup_backup_20250730_163335.json
2025-07-30 16:33:35,588 - VALO360 - DEBUG - 配置保存成功
2025-07-30 16:33:35,591 - VALO360 - DEBUG - 配置已備份至: backup\setup_backup_20250730_163335.json
2025-07-30 16:33:35,594 - VALO360 - DEBUG - 配置保存成功
2025-07-30 16:33:35,596 - VALO360 - DEBUG - 配置已備份至: backup\setup_backup_20250730_163335.json
2025-07-30 16:33:35,602 - VALO360 - DEBUG - 配置保存成功
2025-07-30 16:33:35,613 - VALO360 - DEBUG - 配置已備份至: backup\setup_backup_20250730_163335.json
2025-07-30 16:33:35,617 - VALO360 - DEBUG - 配置保存成功
2025-07-30 16:33:35,619 - VALO360 - DEBUG - 配置已備份至: backup\setup_backup_20250730_163335.json
2025-07-30 16:33:35,621 - VALO360 - DEBUG - 配置保存成功
2025-07-30 16:33:35,622 - VALO360 - DEBUG - 配置已備份至: backup\setup_backup_20250730_163335.json
2025-07-30 16:33:35,627 - VALO360 - DEBUG - 配置保存成功
2025-07-30 16:33:35,628 - VALO360 - DEBUG - 配置已備份至: backup\setup_backup_20250730_163335.json
2025-07-30 16:33:35,631 - VALO360 - DEBUG - 配置保存成功
2025-07-30 16:33:35,634 - VALO360 - DEBUG - 配置已備份至: backup\setup_backup_20250730_163335.json
2025-07-30 16:33:35,636 - VALO360 - DEBUG - 配置保存成功
2025-07-30 16:33:35,638 - VALO360 - DEBUG - 配置已備份至: backup\setup_backup_20250730_163335.json
2025-07-30 16:33:35,640 - VALO360 - DEBUG - 配置保存成功
2025-07-30 16:33:35,643 - VALO360 - DEBUG - 配置已備份至: backup\setup_backup_20250730_163335.json
2025-07-30 16:33:35,644 - VALO360 - DEBUG - 配置保存成功
2025-07-30 16:33:35,647 - VALO360 - DEBUG - 配置已備份至: backup\setup_backup_20250730_163335.json
2025-07-30 16:33:35,650 - VALO360 - DEBUG - 配置保存成功
2025-07-30 16:33:35,665 - VALO360 - DEBUG - 配置已備份至: backup\setup_backup_20250730_163335.json
2025-07-30 16:33:35,672 - VALO360 - DEBUG - 配置保存成功
2025-07-30 16:33:35,673 - VALO360 - DEBUG - 配置已備份至: backup\setup_backup_20250730_163335.json
2025-07-30 16:33:35,675 - VALO360 - DEBUG - 配置保存成功
2025-07-30 16:33:35,677 - VALO360 - DEBUG - 配置已備份至: backup\setup_backup_20250730_163335.json
2025-07-30 16:33:35,679 - VALO360 - DEBUG - 配置保存成功
2025-07-30 16:33:35,681 - VALO360 - DEBUG - 配置已備份至: backup\setup_backup_20250730_163335.json
2025-07-30 16:33:35,681 - VALO360 - DEBUG - 配置保存成功
2025-07-30 16:33:35,687 - VALO360 - DEBUG - 配置已備份至: backup\setup_backup_20250730_163335.json
2025-07-30 16:33:35,687 - VALO360 - DEBUG - 配置保存成功
2025-07-30 16:33:35,687 - VALO360 - DEBUG - 配置已備份至: backup\setup_backup_20250730_163335.json
2025-07-30 16:33:35,691 - VALO360 - DEBUG - 配置保存成功
2025-07-30 16:33:35,691 - VALO360 - DEBUG - 配置已備份至: backup\setup_backup_20250730_163335.json
2025-07-30 16:33:35,691 - VALO360 - DEBUG - 配置保存成功
2025-07-30 16:33:35,691 - VALO360 - DEBUG - 配置已備份至: backup\setup_backup_20250730_163335.json
2025-07-30 16:33:35,700 - VALO360 - DEBUG - 配置保存成功
2025-07-30 16:33:35,702 - VALO360 - DEBUG - 配置已備份至: backup\setup_backup_20250730_163335.json
2025-07-30 16:33:35,702 - VALO360 - DEBUG - 配置保存成功
2025-07-30 16:33:35,707 - VALO360 - DEBUG - 配置已備份至: backup\setup_backup_20250730_163335.json
2025-07-30 16:33:35,707 - VALO360 - DEBUG - 配置保存成功
2025-07-30 16:33:35,711 - VALO360 - DEBUG - 配置已備份至: backup\setup_backup_20250730_163335.json
2025-07-30 16:33:35,711 - VALO360 - DEBUG - 配置保存成功
2025-07-30 16:33:35,715 - VALO360 - DEBUG - 配置已備份至: backup\setup_backup_20250730_163335.json
2025-07-30 16:33:35,715 - VALO360 - DEBUG - 配置保存成功
2025-07-30 16:33:35,733 - VALO360 - DEBUG - 配置已備份至: backup\setup_backup_20250730_163335.json
2025-07-30 16:33:35,735 - VALO360 - DEBUG - 配置保存成功
2025-07-30 16:33:35,737 - VALO360 - DEBUG - 配置已備份至: backup\setup_backup_20250730_163335.json
2025-07-30 16:33:35,739 - VALO360 - DEBUG - 配置保存成功
2025-07-30 16:33:35,741 - VALO360 - DEBUG - 配置已備份至: backup\setup_backup_20250730_163335.json
2025-07-30 16:33:35,741 - VALO360 - DEBUG - 配置保存成功
2025-07-30 16:33:35,741 - VALO360 - DEBUG - 配置已備份至: backup\setup_backup_20250730_163335.json
2025-07-30 16:33:35,747 - VALO360 - DEBUG - 配置保存成功
2025-07-30 16:33:35,748 - VALO360 - DEBUG - 配置已備份至: backup\setup_backup_20250730_163335.json
2025-07-30 16:33:35,752 - VALO360 - DEBUG - 配置保存成功
2025-07-30 16:33:35,752 - VALO360 - DEBUG - 配置已備份至: backup\setup_backup_20250730_163335.json
2025-07-30 16:33:35,755 - VALO360 - DEBUG - 配置保存成功
2025-07-30 16:33:35,757 - VALO360 - DEBUG - 配置已備份至: backup\setup_backup_20250730_163335.json
2025-07-30 16:33:35,759 - VALO360 - DEBUG - 配置保存成功
2025-07-30 16:33:35,759 - VALO360 - DEBUG - 配置已備份至: backup\setup_backup_20250730_163335.json
2025-07-30 16:33:35,759 - VALO360 - DEBUG - 配置保存成功
2025-07-30 16:33:35,765 - VALO360 - DEBUG - 配置已備份至: backup\setup_backup_20250730_163335.json
2025-07-30 16:33:35,767 - VALO360 - DEBUG - 配置保存成功
2025-07-30 16:33:35,769 - VALO360 - DEBUG - 配置已備份至: backup\setup_backup_20250730_163335.json
2025-07-30 16:33:35,771 - VALO360 - DEBUG - 配置保存成功
2025-07-30 16:33:35,771 - VALO360 - DEBUG - 配置已備份至: backup\setup_backup_20250730_163335.json
2025-07-30 16:33:35,774 - VALO360 - DEBUG - 配置保存成功
2025-07-30 16:33:35,775 - VALO360 - DEBUG - 配置已備份至: backup\setup_backup_20250730_163335.json
2025-07-30 16:33:35,775 - VALO360 - DEBUG - 配置保存成功
2025-07-30 16:33:35,788 - VALO360 - DEBUG - 配置已備份至: backup\setup_backup_20250730_163335.json
2025-07-30 16:33:35,791 - VALO360 - DEBUG - 配置保存成功
2025-07-30 16:33:35,791 - VALO360 - DEBUG - 配置已備份至: backup\setup_backup_20250730_163335.json
2025-07-30 16:33:35,795 - VALO360 - DEBUG - 配置保存成功
2025-07-30 16:33:35,795 - VALO360 - DEBUG - 配置已備份至: backup\setup_backup_20250730_163335.json
2025-07-30 16:33:35,798 - VALO360 - DEBUG - 配置保存成功
2025-07-30 16:33:35,801 - VALO360 - DEBUG - 配置已備份至: backup\setup_backup_20250730_163335.json
2025-07-30 16:33:35,804 - VALO360 - DEBUG - 配置保存成功
2025-07-30 16:33:35,807 - VALO360 - DEBUG - 配置已備份至: backup\setup_backup_20250730_163335.json
2025-07-30 16:33:35,809 - VALO360 - DEBUG - 配置保存成功
2025-07-30 16:33:35,810 - VALO360 - DEBUG - 配置已備份至: backup\setup_backup_20250730_163335.json
2025-07-30 16:33:35,813 - VALO360 - DEBUG - 配置保存成功
2025-07-30 16:33:35,815 - VALO360 - DEBUG - 配置已備份至: backup\setup_backup_20250730_163335.json
2025-07-30 16:33:35,818 - VALO360 - DEBUG - 配置保存成功
2025-07-30 16:33:35,819 - VALO360 - DEBUG - 配置已備份至: backup\setup_backup_20250730_163335.json
2025-07-30 16:33:35,821 - VALO360 - DEBUG - 配置保存成功
2025-07-30 16:33:35,824 - VALO360 - DEBUG - 配置已備份至: backup\setup_backup_20250730_163335.json
2025-07-30 16:33:35,825 - VALO360 - DEBUG - 配置保存成功
2025-07-30 16:33:35,828 - VALO360 - DEBUG - 配置已備份至: backup\setup_backup_20250730_163335.json
2025-07-30 16:33:35,831 - VALO360 - DEBUG - 配置保存成功
2025-07-30 16:33:35,831 - VALO360 - DEBUG - 配置已備份至: backup\setup_backup_20250730_163335.json
2025-07-30 16:33:35,831 - VALO360 - DEBUG - 配置保存成功
2025-07-30 16:33:35,837 - VALO360 - DEBUG - 配置已備份至: backup\setup_backup_20250730_163335.json
2025-07-30 16:33:35,839 - VALO360 - DEBUG - 配置保存成功
2025-07-30 16:33:35,841 - VALO360 - DEBUG - 配置已備份至: backup\setup_backup_20250730_163335.json
2025-07-30 16:33:35,841 - VALO360 - DEBUG - 配置保存成功
2025-07-30 16:33:35,848 - VALO360 - DEBUG - 配置已備份至: backup\setup_backup_20250730_163335.json
2025-07-30 16:33:35,848 - VALO360 - DEBUG - 配置保存成功
2025-07-30 16:33:35,853 - VALO360 - DEBUG - 配置已備份至: backup\setup_backup_20250730_163335.json
2025-07-30 16:33:35,855 - VALO360 - DEBUG - 配置保存成功
2025-07-30 16:33:35,857 - VALO360 - DEBUG - 配置已備份至: backup\setup_backup_20250730_163335.json
2025-07-30 16:33:35,857 - VALO360 - DEBUG - 配置保存成功
2025-07-30 16:33:36,008 - VALO360 - DEBUG - 配置已備份至: backup\setup_backup_20250730_163336.json
2025-07-30 16:33:36,011 - VALO360 - DEBUG - 已刪除舊備份: backup\setup_backup_20250730_144820.json
2025-07-30 16:33:36,011 - VALO360 - DEBUG - 配置保存成功
2025-07-30 16:33:36,011 - VALO360 - DEBUG - 配置已備份至: backup\setup_backup_20250730_163336.json
2025-07-30 16:33:36,016 - VALO360 - DEBUG - 配置保存成功
2025-07-30 16:33:36,018 - VALO360 - DEBUG - 配置已備份至: backup\setup_backup_20250730_163336.json
2025-07-30 16:33:36,021 - VALO360 - DEBUG - 配置保存成功
2025-07-30 16:33:36,023 - VALO360 - DEBUG - 配置已備份至: backup\setup_backup_20250730_163336.json
2025-07-30 16:33:36,024 - VALO360 - DEBUG - 配置保存成功
2025-07-30 16:33:36,024 - VALO360 - DEBUG - 配置已備份至: backup\setup_backup_20250730_163336.json
2025-07-30 16:33:36,031 - VALO360 - DEBUG - 配置保存成功
2025-07-30 16:33:36,032 - VALO360 - DEBUG - 配置已備份至: backup\setup_backup_20250730_163336.json
2025-07-30 16:33:36,036 - VALO360 - DEBUG - 配置保存成功
2025-07-30 16:33:36,036 - VALO360 - DEBUG - 配置已備份至: backup\setup_backup_20250730_163336.json
2025-07-30 16:33:36,036 - VALO360 - DEBUG - 配置保存成功
2025-07-30 16:33:36,041 - VALO360 - DEBUG - 配置已備份至: backup\setup_backup_20250730_163336.json
2025-07-30 16:33:36,043 - VALO360 - DEBUG - 配置保存成功
2025-07-30 16:33:36,048 - VALO360 - DEBUG - 配置已備份至: backup\setup_backup_20250730_163336.json
2025-07-30 16:33:36,048 - VALO360 - DEBUG - 配置保存成功
2025-07-30 16:33:36,058 - VALO360 - DEBUG - 配置已備份至: backup\setup_backup_20250730_163336.json
2025-07-30 16:33:36,058 - VALO360 - DEBUG - 配置保存成功
2025-07-30 16:33:36,058 - VALO360 - DEBUG - 配置已備份至: backup\setup_backup_20250730_163336.json
2025-07-30 16:33:36,058 - VALO360 - DEBUG - 配置保存成功
2025-07-30 16:33:36,065 - VALO360 - DEBUG - 配置已備份至: backup\setup_backup_20250730_163336.json
2025-07-30 16:33:36,067 - VALO360 - DEBUG - 配置保存成功
2025-07-30 16:33:36,069 - VALO360 - DEBUG - 配置已備份至: backup\setup_backup_20250730_163336.json
2025-07-30 16:33:36,071 - VALO360 - DEBUG - 配置保存成功
2025-07-30 16:33:36,073 - VALO360 - DEBUG - 配置已備份至: backup\setup_backup_20250730_163336.json
2025-07-30 16:33:36,075 - VALO360 - DEBUG - 配置保存成功
2025-07-30 16:33:36,077 - VALO360 - DEBUG - 配置已備份至: backup\setup_backup_20250730_163336.json
2025-07-30 16:33:36,079 - VALO360 - DEBUG - 配置保存成功
2025-07-30 16:33:36,081 - VALO360 - DEBUG - 配置已備份至: backup\setup_backup_20250730_163336.json
2025-07-30 16:33:36,085 - VALO360 - DEBUG - 配置保存成功
2025-07-30 16:33:36,098 - VALO360 - DEBUG - 配置已備份至: backup\setup_backup_20250730_163336.json
2025-07-30 16:33:36,098 - VALO360 - DEBUG - 配置保存成功
2025-07-30 16:33:36,102 - VALO360 - DEBUG - 配置已備份至: backup\setup_backup_20250730_163336.json
2025-07-30 16:33:36,104 - VALO360 - DEBUG - 配置保存成功
2025-07-30 16:33:36,105 - VALO360 - DEBUG - 配置已備份至: backup\setup_backup_20250730_163336.json
2025-07-30 16:33:36,107 - VALO360 - DEBUG - 配置保存成功
2025-07-30 16:33:36,109 - VALO360 - DEBUG - 配置已備份至: backup\setup_backup_20250730_163336.json
2025-07-30 16:33:36,111 - VALO360 - DEBUG - 配置保存成功
2025-07-30 16:33:36,113 - VALO360 - DEBUG - 配置已備份至: backup\setup_backup_20250730_163336.json
2025-07-30 16:33:36,116 - VALO360 - DEBUG - 配置保存成功
2025-07-30 16:33:36,118 - VALO360 - DEBUG - 配置已備份至: backup\setup_backup_20250730_163336.json
2025-07-30 16:33:36,120 - VALO360 - DEBUG - 配置保存成功
2025-07-30 16:33:36,122 - VALO360 - DEBUG - 配置已備份至: backup\setup_backup_20250730_163336.json
2025-07-30 16:33:36,124 - VALO360 - DEBUG - 配置保存成功
2025-07-30 16:33:36,128 - VALO360 - DEBUG - 配置已備份至: backup\setup_backup_20250730_163336.json
2025-07-30 16:33:36,131 - VALO360 - DEBUG - 配置保存成功
2025-07-30 16:33:36,142 - VALO360 - DEBUG - 配置已備份至: backup\setup_backup_20250730_163336.json
2025-07-30 16:33:36,145 - VALO360 - DEBUG - 配置保存成功
2025-07-30 16:33:36,148 - VALO360 - DEBUG - 配置已備份至: backup\setup_backup_20250730_163336.json
2025-07-30 16:33:36,150 - VALO360 - DEBUG - 配置保存成功
2025-07-30 16:33:36,152 - VALO360 - DEBUG - 配置已備份至: backup\setup_backup_20250730_163336.json
2025-07-30 16:33:36,154 - VALO360 - DEBUG - 配置保存成功
2025-07-30 16:33:36,154 - VALO360 - DEBUG - 配置已備份至: backup\setup_backup_20250730_163336.json
2025-07-30 16:33:36,157 - VALO360 - DEBUG - 配置保存成功
2025-07-30 16:33:36,159 - VALO360 - DEBUG - 配置已備份至: backup\setup_backup_20250730_163336.json
2025-07-30 16:33:36,161 - VALO360 - DEBUG - 配置保存成功
2025-07-30 16:33:36,161 - VALO360 - DEBUG - 配置已備份至: backup\setup_backup_20250730_163336.json
2025-07-30 16:33:36,164 - VALO360 - DEBUG - 配置保存成功
2025-07-30 16:33:36,167 - VALO360 - DEBUG - 配置已備份至: backup\setup_backup_20250730_163336.json
2025-07-30 16:33:36,169 - VALO360 - DEBUG - 配置保存成功
2025-07-30 16:33:36,169 - VALO360 - DEBUG - 配置已備份至: backup\setup_backup_20250730_163336.json
2025-07-30 16:33:36,169 - VALO360 - DEBUG - 配置保存成功
2025-07-30 16:33:36,175 - VALO360 - DEBUG - 配置已備份至: backup\setup_backup_20250730_163336.json
2025-07-30 16:33:36,179 - VALO360 - DEBUG - 配置保存成功
2025-07-30 16:33:36,181 - VALO360 - DEBUG - 配置已備份至: backup\setup_backup_20250730_163336.json
2025-07-30 16:33:36,184 - VALO360 - DEBUG - 配置保存成功
2025-07-30 16:33:36,185 - VALO360 - DEBUG - 配置已備份至: backup\setup_backup_20250730_163336.json
2025-07-30 16:33:36,185 - VALO360 - DEBUG - 配置保存成功
2025-07-30 16:33:36,185 - VALO360 - DEBUG - 配置已備份至: backup\setup_backup_20250730_163336.json
2025-07-30 16:33:36,191 - VALO360 - DEBUG - 配置保存成功
2025-07-30 16:33:36,192 - VALO360 - DEBUG - 配置已備份至: backup\setup_backup_20250730_163336.json
2025-07-30 16:33:36,194 - VALO360 - DEBUG - 配置保存成功
2025-07-30 16:33:36,194 - VALO360 - DEBUG - 配置已備份至: backup\setup_backup_20250730_163336.json
2025-07-30 16:33:36,198 - VALO360 - DEBUG - 配置保存成功
2025-07-30 16:33:36,200 - VALO360 - DEBUG - 配置已備份至: backup\setup_backup_20250730_163336.json
2025-07-30 16:33:36,202 - VALO360 - DEBUG - 配置保存成功
2025-07-30 16:33:36,204 - VALO360 - DEBUG - 配置已備份至: backup\setup_backup_20250730_163336.json
2025-07-30 16:33:36,206 - VALO360 - DEBUG - 配置保存成功
2025-07-30 16:33:36,208 - VALO360 - DEBUG - 配置已備份至: backup\setup_backup_20250730_163336.json
2025-07-30 16:33:36,210 - VALO360 - DEBUG - 配置保存成功
2025-07-30 16:33:36,212 - VALO360 - DEBUG - 配置已備份至: backup\setup_backup_20250730_163336.json
2025-07-30 16:33:36,214 - VALO360 - DEBUG - 配置保存成功
2025-07-30 16:33:36,216 - VALO360 - DEBUG - 配置已備份至: backup\setup_backup_20250730_163336.json
2025-07-30 16:33:36,218 - VALO360 - DEBUG - 配置保存成功
2025-07-30 16:33:36,218 - VALO360 - DEBUG - 配置已備份至: backup\setup_backup_20250730_163336.json
2025-07-30 16:33:36,218 - VALO360 - DEBUG - 配置保存成功
2025-07-30 16:33:36,224 - VALO360 - DEBUG - 配置已備份至: backup\setup_backup_20250730_163336.json
2025-07-30 16:33:36,226 - VALO360 - DEBUG - 配置保存成功
2025-07-30 16:33:36,228 - VALO360 - DEBUG - 配置已備份至: backup\setup_backup_20250730_163336.json
2025-07-30 16:33:36,231 - VALO360 - DEBUG - 配置保存成功
2025-07-30 16:33:36,233 - VALO360 - DEBUG - 配置已備份至: backup\setup_backup_20250730_163336.json
2025-07-30 16:33:36,235 - VALO360 - DEBUG - 配置保存成功
2025-07-30 16:33:36,237 - VALO360 - DEBUG - 配置已備份至: backup\setup_backup_20250730_163336.json
2025-07-30 16:33:36,239 - VALO360 - DEBUG - 配置保存成功
2025-07-30 16:33:36,241 - VALO360 - DEBUG - 配置已備份至: backup\setup_backup_20250730_163336.json
2025-07-30 16:33:36,243 - VALO360 - DEBUG - 配置保存成功
2025-07-30 16:33:36,245 - VALO360 - DEBUG - 配置已備份至: backup\setup_backup_20250730_163336.json
2025-07-30 16:33:36,247 - VALO360 - DEBUG - 配置保存成功
2025-07-30 16:33:36,248 - VALO360 - DEBUG - 配置已備份至: backup\setup_backup_20250730_163336.json
2025-07-30 16:33:36,248 - VALO360 - DEBUG - 配置保存成功
2025-07-30 16:33:36,248 - VALO360 - DEBUG - 配置已備份至: backup\setup_backup_20250730_163336.json
2025-07-30 16:33:36,254 - VALO360 - DEBUG - 配置保存成功
2025-07-30 16:33:36,254 - VALO360 - DEBUG - 配置已備份至: backup\setup_backup_20250730_163336.json
2025-07-30 16:33:36,259 - VALO360 - DEBUG - 配置保存成功
2025-07-30 16:33:36,260 - VALO360 - DEBUG - 配置已備份至: backup\setup_backup_20250730_163336.json
2025-07-30 16:33:36,261 - VALO360 - DEBUG - 配置保存成功
2025-07-30 16:33:36,263 - VALO360 - DEBUG - 配置已備份至: backup\setup_backup_20250730_163336.json
2025-07-30 16:33:36,264 - VALO360 - DEBUG - 配置保存成功
2025-07-30 16:33:36,267 - VALO360 - DEBUG - 配置已備份至: backup\setup_backup_20250730_163336.json
2025-07-30 16:33:36,269 - VALO360 - DEBUG - 配置保存成功
2025-07-30 16:33:36,274 - VALO360 - DEBUG - 配置已備份至: backup\setup_backup_20250730_163336.json
2025-07-30 16:33:36,274 - VALO360 - DEBUG - 配置保存成功
2025-07-30 16:33:36,278 - VALO360 - DEBUG - 配置已備份至: backup\setup_backup_20250730_163336.json
2025-07-30 16:33:36,281 - VALO360 - DEBUG - 配置保存成功
2025-07-30 16:33:36,281 - VALO360 - DEBUG - 配置已備份至: backup\setup_backup_20250730_163336.json
2025-07-30 16:33:36,284 - VALO360 - DEBUG - 配置保存成功
2025-07-30 16:33:36,284 - VALO360 - DEBUG - 配置已備份至: backup\setup_backup_20250730_163336.json
2025-07-30 16:33:36,288 - VALO360 - DEBUG - 配置保存成功
2025-07-30 16:33:36,291 - VALO360 - DEBUG - 配置已備份至: backup\setup_backup_20250730_163336.json
2025-07-30 16:33:36,292 - VALO360 - DEBUG - 配置保存成功
2025-07-30 16:33:36,294 - VALO360 - DEBUG - 配置已備份至: backup\setup_backup_20250730_163336.json
2025-07-30 16:33:36,294 - VALO360 - DEBUG - 配置保存成功
2025-07-30 16:33:36,294 - VALO360 - DEBUG - 配置已備份至: backup\setup_backup_20250730_163336.json
2025-07-30 16:33:36,299 - VALO360 - DEBUG - 配置保存成功
2025-07-30 16:33:36,302 - VALO360 - DEBUG - 配置已備份至: backup\setup_backup_20250730_163336.json
2025-07-30 16:33:36,303 - VALO360 - DEBUG - 配置保存成功
2025-07-30 16:33:36,317 - VALO360 - DEBUG - 配置已備份至: backup\setup_backup_20250730_163336.json
2025-07-30 16:33:36,319 - VALO360 - DEBUG - 配置保存成功
2025-07-30 16:33:36,321 - VALO360 - DEBUG - 配置已備份至: backup\setup_backup_20250730_163336.json
2025-07-30 16:33:36,323 - VALO360 - DEBUG - 配置保存成功
2025-07-30 16:33:36,324 - VALO360 - DEBUG - 配置已備份至: backup\setup_backup_20250730_163336.json
2025-07-30 16:33:36,326 - VALO360 - DEBUG - 配置保存成功
2025-07-30 16:33:36,328 - VALO360 - DEBUG - 配置已備份至: backup\setup_backup_20250730_163336.json
2025-07-30 16:33:36,331 - VALO360 - DEBUG - 配置保存成功
2025-07-30 16:33:36,331 - VALO360 - DEBUG - 配置已備份至: backup\setup_backup_20250730_163336.json
2025-07-30 16:33:36,336 - VALO360 - DEBUG - 配置保存成功
2025-07-30 16:33:36,336 - VALO360 - DEBUG - 配置已備份至: backup\setup_backup_20250730_163336.json
2025-07-30 16:33:36,339 - VALO360 - DEBUG - 配置保存成功
2025-07-30 16:33:36,341 - VALO360 - DEBUG - 配置已備份至: backup\setup_backup_20250730_163336.json
2025-07-30 16:33:36,343 - VALO360 - DEBUG - 配置保存成功
2025-07-30 16:33:36,344 - VALO360 - DEBUG - 配置已備份至: backup\setup_backup_20250730_163336.json
2025-07-30 16:33:36,344 - VALO360 - DEBUG - 配置保存成功
2025-07-30 16:33:36,375 - VALO360 - DEBUG - 配置已備份至: backup\setup_backup_20250730_163336.json
2025-07-30 16:33:36,379 - VALO360 - DEBUG - 配置保存成功
2025-07-30 16:33:36,381 - VALO360 - DEBUG - 配置已備份至: backup\setup_backup_20250730_163336.json
2025-07-30 16:33:36,381 - VALO360 - DEBUG - 配置保存成功
2025-07-30 16:33:36,385 - VALO360 - DEBUG - 配置已備份至: backup\setup_backup_20250730_163336.json
2025-07-30 16:33:36,385 - VALO360 - DEBUG - 配置保存成功
2025-07-30 16:33:36,385 - VALO360 - DEBUG - 配置已備份至: backup\setup_backup_20250730_163336.json
2025-07-30 16:33:36,392 - VALO360 - DEBUG - 配置保存成功
2025-07-30 16:33:36,392 - VALO360 - DEBUG - 配置已備份至: backup\setup_backup_20250730_163336.json
2025-07-30 16:33:36,395 - VALO360 - DEBUG - 配置保存成功
2025-07-30 16:33:36,397 - VALO360 - DEBUG - 配置已備份至: backup\setup_backup_20250730_163336.json
2025-07-30 16:33:36,400 - VALO360 - DEBUG - 配置保存成功
2025-07-30 16:33:36,402 - VALO360 - DEBUG - 配置已備份至: backup\setup_backup_20250730_163336.json
2025-07-30 16:33:36,404 - VALO360 - DEBUG - 配置保存成功
2025-07-30 16:33:36,407 - VALO360 - DEBUG - 配置已備份至: backup\setup_backup_20250730_163336.json
2025-07-30 16:33:36,408 - VALO360 - DEBUG - 配置保存成功
2025-07-30 16:33:36,418 - VALO360 - DEBUG - 配置已備份至: backup\setup_backup_20250730_163336.json
2025-07-30 16:33:36,424 - VALO360 - DEBUG - 配置保存成功
2025-07-30 16:33:36,426 - VALO360 - DEBUG - 配置已備份至: backup\setup_backup_20250730_163336.json
2025-07-30 16:33:36,426 - VALO360 - DEBUG - 配置保存成功
2025-07-30 16:33:36,426 - VALO360 - DEBUG - 配置已備份至: backup\setup_backup_20250730_163336.json
2025-07-30 16:33:36,431 - VALO360 - DEBUG - 配置保存成功
2025-07-30 16:33:36,431 - VALO360 - DEBUG - 配置已備份至: backup\setup_backup_20250730_163336.json
2025-07-30 16:33:36,435 - VALO360 - DEBUG - 配置保存成功
2025-07-30 16:33:36,437 - VALO360 - DEBUG - 配置已備份至: backup\setup_backup_20250730_163336.json
2025-07-30 16:33:36,437 - VALO360 - DEBUG - 配置保存成功
2025-07-30 16:33:36,441 - VALO360 - DEBUG - 配置已備份至: backup\setup_backup_20250730_163336.json
2025-07-30 16:33:36,442 - VALO360 - DEBUG - 配置保存成功
2025-07-30 16:33:36,442 - VALO360 - DEBUG - 配置已備份至: backup\setup_backup_20250730_163336.json
2025-07-30 16:33:36,447 - VALO360 - DEBUG - 配置保存成功
2025-07-30 16:33:36,448 - VALO360 - DEBUG - 配置已備份至: backup\setup_backup_20250730_163336.json
2025-07-30 16:33:36,452 - VALO360 - DEBUG - 配置保存成功
2025-07-30 16:33:36,454 - VALO360 - DEBUG - 配置已備份至: backup\setup_backup_20250730_163336.json
2025-07-30 16:33:36,456 - VALO360 - DEBUG - 配置保存成功
2025-07-30 16:33:36,458 - VALO360 - DEBUG - 配置已備份至: backup\setup_backup_20250730_163336.json
2025-07-30 16:33:36,460 - VALO360 - DEBUG - 配置保存成功
2025-07-30 16:33:36,462 - VALO360 - DEBUG - 配置已備份至: backup\setup_backup_20250730_163336.json
2025-07-30 16:33:36,464 - VALO360 - DEBUG - 配置保存成功
2025-07-30 16:33:36,465 - VALO360 - DEBUG - 配置已備份至: backup\setup_backup_20250730_163336.json
2025-07-30 16:33:36,467 - VALO360 - DEBUG - 配置保存成功
2025-07-30 16:33:36,469 - VALO360 - DEBUG - 配置已備份至: backup\setup_backup_20250730_163336.json
2025-07-30 16:33:36,472 - VALO360 - DEBUG - 配置保存成功
2025-07-30 16:33:36,474 - VALO360 - DEBUG - 配置已備份至: backup\setup_backup_20250730_163336.json
2025-07-30 16:33:36,474 - VALO360 - DEBUG - 配置保存成功
2025-07-30 16:33:36,474 - VALO360 - DEBUG - 配置已備份至: backup\setup_backup_20250730_163336.json
2025-07-30 16:33:36,474 - VALO360 - DEBUG - 配置保存成功
2025-07-30 16:33:36,481 - VALO360 - DEBUG - 配置已備份至: backup\setup_backup_20250730_163336.json
2025-07-30 16:33:36,483 - VALO360 - DEBUG - 配置保存成功
2025-07-30 16:33:36,498 - VALO360 - DEBUG - 配置已備份至: backup\setup_backup_20250730_163336.json
2025-07-30 16:33:36,507 - VALO360 - DEBUG - 配置保存成功
2025-07-30 16:33:36,507 - VALO360 - DEBUG - 配置已備份至: backup\setup_backup_20250730_163336.json
2025-07-30 16:33:36,513 - VALO360 - DEBUG - 配置保存成功
2025-07-30 16:33:36,514 - VALO360 - DEBUG - 配置已備份至: backup\setup_backup_20250730_163336.json
2025-07-30 16:33:36,518 - VALO360 - DEBUG - 配置保存成功
2025-07-30 16:33:36,518 - VALO360 - DEBUG - 配置已備份至: backup\setup_backup_20250730_163336.json
2025-07-30 16:33:36,523 - VALO360 - DEBUG - 配置保存成功
2025-07-30 16:33:36,525 - VALO360 - DEBUG - 配置已備份至: backup\setup_backup_20250730_163336.json
2025-07-30 16:33:36,525 - VALO360 - DEBUG - 配置保存成功
2025-07-30 16:33:36,528 - VALO360 - DEBUG - 配置已備份至: backup\setup_backup_20250730_163336.json
2025-07-30 16:33:36,531 - VALO360 - DEBUG - 配置保存成功
2025-07-30 16:33:36,533 - VALO360 - DEBUG - 配置已備份至: backup\setup_backup_20250730_163336.json
2025-07-30 16:33:36,536 - VALO360 - DEBUG - 配置保存成功
2025-07-30 16:33:36,538 - VALO360 - DEBUG - 配置已備份至: backup\setup_backup_20250730_163336.json
2025-07-30 16:33:36,540 - VALO360 - DEBUG - 配置保存成功
2025-07-30 16:33:36,607 - VALO360 - DEBUG - 配置已備份至: backup\setup_backup_20250730_163336.json
2025-07-30 16:33:36,610 - VALO360 - DEBUG - 配置保存成功
2025-07-30 16:33:36,611 - VALO360 - DEBUG - 配置已備份至: backup\setup_backup_20250730_163336.json
2025-07-30 16:33:36,613 - VALO360 - DEBUG - 配置保存成功
2025-07-30 16:33:36,615 - VALO360 - DEBUG - 配置已備份至: backup\setup_backup_20250730_163336.json
2025-07-30 16:33:36,618 - VALO360 - DEBUG - 配置保存成功
2025-07-30 16:33:36,619 - VALO360 - DEBUG - 配置已備份至: backup\setup_backup_20250730_163336.json
2025-07-30 16:33:36,621 - VALO360 - DEBUG - 配置保存成功
2025-07-30 16:33:36,622 - VALO360 - DEBUG - 配置已備份至: backup\setup_backup_20250730_163336.json
2025-07-30 16:33:36,626 - VALO360 - DEBUG - 配置保存成功
2025-07-30 16:33:36,627 - VALO360 - DEBUG - 配置已備份至: backup\setup_backup_20250730_163336.json
2025-07-30 16:33:36,628 - VALO360 - DEBUG - 配置保存成功
2025-07-30 16:33:36,631 - VALO360 - DEBUG - 配置已備份至: backup\setup_backup_20250730_163336.json
2025-07-30 16:33:36,633 - VALO360 - DEBUG - 配置保存成功
2025-07-30 16:33:36,634 - VALO360 - DEBUG - 配置已備份至: backup\setup_backup_20250730_163336.json
2025-07-30 16:33:36,637 - VALO360 - DEBUG - 配置保存成功
2025-07-30 16:33:36,655 - VALO360 - DEBUG - 配置已備份至: backup\setup_backup_20250730_163336.json
2025-07-30 16:33:36,657 - VALO360 - DEBUG - 配置保存成功
2025-07-30 16:33:36,659 - VALO360 - DEBUG - 配置已備份至: backup\setup_backup_20250730_163336.json
2025-07-30 16:33:36,661 - VALO360 - DEBUG - 配置保存成功
2025-07-30 16:33:36,661 - VALO360 - DEBUG - 配置已備份至: backup\setup_backup_20250730_163336.json
2025-07-30 16:33:36,665 - VALO360 - DEBUG - 配置保存成功
2025-07-30 16:33:36,667 - VALO360 - DEBUG - 配置已備份至: backup\setup_backup_20250730_163336.json
2025-07-30 16:33:36,669 - VALO360 - DEBUG - 配置保存成功
2025-07-30 16:33:36,670 - VALO360 - DEBUG - 配置已備份至: backup\setup_backup_20250730_163336.json
2025-07-30 16:33:36,674 - VALO360 - DEBUG - 配置保存成功
2025-07-30 16:33:36,675 - VALO360 - DEBUG - 配置已備份至: backup\setup_backup_20250730_163336.json
2025-07-30 16:33:36,675 - VALO360 - DEBUG - 配置保存成功
2025-07-30 16:33:36,675 - VALO360 - DEBUG - 配置已備份至: backup\setup_backup_20250730_163336.json
2025-07-30 16:33:36,680 - VALO360 - DEBUG - 配置保存成功
2025-07-30 16:33:36,684 - VALO360 - DEBUG - 配置已備份至: backup\setup_backup_20250730_163336.json
2025-07-30 16:33:36,684 - VALO360 - DEBUG - 配置保存成功
2025-07-30 16:33:36,687 - VALO360 - DEBUG - 配置已備份至: backup\setup_backup_20250730_163336.json
2025-07-30 16:33:36,690 - VALO360 - DEBUG - 配置保存成功
2025-07-30 16:33:36,692 - VALO360 - DEBUG - 配置已備份至: backup\setup_backup_20250730_163336.json
2025-07-30 16:33:36,692 - VALO360 - DEBUG - 配置保存成功
2025-07-30 16:33:36,695 - VALO360 - DEBUG - 配置已備份至: backup\setup_backup_20250730_163336.json
2025-07-30 16:33:36,700 - VALO360 - DEBUG - 配置保存成功
2025-07-30 16:33:36,700 - VALO360 - DEBUG - 配置已備份至: backup\setup_backup_20250730_163336.json
2025-07-30 16:33:36,703 - VALO360 - DEBUG - 配置保存成功
2025-07-30 16:33:36,703 - VALO360 - DEBUG - 配置已備份至: backup\setup_backup_20250730_163336.json
2025-07-30 16:33:36,709 - VALO360 - DEBUG - 配置保存成功
2025-07-30 16:33:36,710 - VALO360 - DEBUG - 配置已備份至: backup\setup_backup_20250730_163336.json
2025-07-30 16:33:36,712 - VALO360 - DEBUG - 配置保存成功
2025-07-30 16:33:36,712 - VALO360 - DEBUG - 配置已備份至: backup\setup_backup_20250730_163336.json
2025-07-30 16:33:36,714 - VALO360 - DEBUG - 配置保存成功
2025-07-30 16:33:36,718 - VALO360 - DEBUG - 配置已備份至: backup\setup_backup_20250730_163336.json
2025-07-30 16:33:36,719 - VALO360 - DEBUG - 配置保存成功
2025-07-30 16:33:36,719 - VALO360 - DEBUG - 配置已備份至: backup\setup_backup_20250730_163336.json
2025-07-30 16:33:36,724 - VALO360 - DEBUG - 配置保存成功
2025-07-30 16:33:36,726 - VALO360 - DEBUG - 配置已備份至: backup\setup_backup_20250730_163336.json
2025-07-30 16:33:36,726 - VALO360 - DEBUG - 配置保存成功
2025-07-30 16:33:36,726 - VALO360 - DEBUG - 配置已備份至: backup\setup_backup_20250730_163336.json
2025-07-30 16:33:36,731 - VALO360 - DEBUG - 配置保存成功
2025-07-30 16:33:36,733 - VALO360 - DEBUG - 配置已備份至: backup\setup_backup_20250730_163336.json
2025-07-30 16:33:36,733 - VALO360 - DEBUG - 配置保存成功
2025-07-30 16:33:36,733 - VALO360 - DEBUG - 配置已備份至: backup\setup_backup_20250730_163336.json
2025-07-30 16:33:36,741 - VALO360 - DEBUG - 配置保存成功
2025-07-30 16:33:36,741 - VALO360 - DEBUG - 配置已備份至: backup\setup_backup_20250730_163336.json
2025-07-30 16:33:36,743 - VALO360 - DEBUG - 配置保存成功
2025-07-30 16:33:36,743 - VALO360 - DEBUG - 配置已備份至: backup\setup_backup_20250730_163336.json
2025-07-30 16:33:36,748 - VALO360 - DEBUG - 配置保存成功
2025-07-30 16:33:36,748 - VALO360 - DEBUG - 配置已備份至: backup\setup_backup_20250730_163336.json
2025-07-30 16:33:36,748 - VALO360 - DEBUG - 配置保存成功
2025-07-30 16:33:36,748 - VALO360 - DEBUG - 配置已備份至: backup\setup_backup_20250730_163336.json
2025-07-30 16:33:36,756 - VALO360 - DEBUG - 配置保存成功
2025-07-30 16:33:36,757 - VALO360 - DEBUG - 配置已備份至: backup\setup_backup_20250730_163336.json
2025-07-30 16:33:36,757 - VALO360 - DEBUG - 配置保存成功
2025-07-30 16:33:36,757 - VALO360 - DEBUG - 配置已備份至: backup\setup_backup_20250730_163336.json
2025-07-30 16:33:36,757 - VALO360 - DEBUG - 配置保存成功
2025-07-30 16:33:36,765 - VALO360 - DEBUG - 配置已備份至: backup\setup_backup_20250730_163336.json
2025-07-30 16:33:36,767 - VALO360 - DEBUG - 配置保存成功
2025-07-30 16:33:36,770 - VALO360 - DEBUG - 配置已備份至: backup\setup_backup_20250730_163336.json
2025-07-30 16:33:36,770 - VALO360 - DEBUG - 配置保存成功
2025-07-30 16:33:36,770 - VALO360 - DEBUG - 配置已備份至: backup\setup_backup_20250730_163336.json
2025-07-30 16:33:36,775 - VALO360 - DEBUG - 配置保存成功
2025-07-30 16:33:36,778 - VALO360 - DEBUG - 配置已備份至: backup\setup_backup_20250730_163336.json
2025-07-30 16:33:36,781 - VALO360 - DEBUG - 配置保存成功
2025-07-30 16:33:36,781 - VALO360 - DEBUG - 配置已備份至: backup\setup_backup_20250730_163336.json
2025-07-30 16:33:36,785 - VALO360 - DEBUG - 配置保存成功
2025-07-30 16:33:36,787 - VALO360 - DEBUG - 配置已備份至: backup\setup_backup_20250730_163336.json
2025-07-30 16:33:36,789 - VALO360 - DEBUG - 配置保存成功
2025-07-30 16:33:36,789 - VALO360 - DEBUG - 配置已備份至: backup\setup_backup_20250730_163336.json
2025-07-30 16:33:36,793 - VALO360 - DEBUG - 配置保存成功
2025-07-30 16:33:36,793 - VALO360 - DEBUG - 配置已備份至: backup\setup_backup_20250730_163336.json
2025-07-30 16:33:36,795 - VALO360 - DEBUG - 配置保存成功
2025-07-30 16:33:36,797 - VALO360 - DEBUG - 配置已備份至: backup\setup_backup_20250730_163336.json
2025-07-30 16:33:36,798 - VALO360 - DEBUG - 配置保存成功
2025-07-30 16:33:36,798 - VALO360 - DEBUG - 配置已備份至: backup\setup_backup_20250730_163336.json
2025-07-30 16:33:36,798 - VALO360 - DEBUG - 配置保存成功
2025-07-30 16:33:36,798 - VALO360 - DEBUG - 配置已備份至: backup\setup_backup_20250730_163336.json
2025-07-30 16:33:36,807 - VALO360 - DEBUG - 配置保存成功
2025-07-30 16:33:36,807 - VALO360 - DEBUG - 配置已備份至: backup\setup_backup_20250730_163336.json
2025-07-30 16:33:36,811 - VALO360 - DEBUG - 配置保存成功
2025-07-30 16:33:36,811 - VALO360 - DEBUG - 配置已備份至: backup\setup_backup_20250730_163336.json
2025-07-30 16:33:36,815 - VALO360 - DEBUG - 配置保存成功
2025-07-30 16:33:36,817 - VALO360 - DEBUG - 配置已備份至: backup\setup_backup_20250730_163336.json
2025-07-30 16:33:36,819 - VALO360 - DEBUG - 配置保存成功
2025-07-30 16:33:36,819 - VALO360 - DEBUG - 配置已備份至: backup\setup_backup_20250730_163336.json
2025-07-30 16:33:36,819 - VALO360 - DEBUG - 配置保存成功
2025-07-30 16:33:36,825 - VALO360 - DEBUG - 配置已備份至: backup\setup_backup_20250730_163336.json
2025-07-30 16:33:36,827 - VALO360 - DEBUG - 配置保存成功
2025-07-30 16:33:36,827 - VALO360 - DEBUG - 配置已備份至: backup\setup_backup_20250730_163336.json
2025-07-30 16:33:36,831 - VALO360 - DEBUG - 配置保存成功
2025-07-30 16:33:36,831 - VALO360 - DEBUG - 配置已備份至: backup\setup_backup_20250730_163336.json
2025-07-30 16:33:36,831 - VALO360 - DEBUG - 配置保存成功
2025-07-30 16:33:36,831 - VALO360 - DEBUG - 配置已備份至: backup\setup_backup_20250730_163336.json
2025-07-30 16:33:36,831 - VALO360 - DEBUG - 配置保存成功
2025-07-30 16:33:36,841 - VALO360 - DEBUG - 配置已備份至: backup\setup_backup_20250730_163336.json
2025-07-30 16:33:36,841 - VALO360 - DEBUG - 配置保存成功
2025-07-30 16:33:36,841 - VALO360 - DEBUG - 配置已備份至: backup\setup_backup_20250730_163336.json
2025-07-30 16:33:36,847 - VALO360 - DEBUG - 配置保存成功
2025-07-30 16:33:36,850 - VALO360 - DEBUG - 配置已備份至: backup\setup_backup_20250730_163336.json
2025-07-30 16:33:36,850 - VALO360 - DEBUG - 配置保存成功
2025-07-30 16:33:36,850 - VALO360 - DEBUG - 配置已備份至: backup\setup_backup_20250730_163336.json
2025-07-30 16:33:36,850 - VALO360 - DEBUG - 配置保存成功
2025-07-30 16:33:36,850 - VALO360 - DEBUG - 配置已備份至: backup\setup_backup_20250730_163336.json
2025-07-30 16:33:36,858 - VALO360 - DEBUG - 配置保存成功
2025-07-30 16:33:36,860 - VALO360 - DEBUG - 配置已備份至: backup\setup_backup_20250730_163336.json
2025-07-30 16:33:36,860 - VALO360 - DEBUG - 配置保存成功
2025-07-30 16:33:36,864 - VALO360 - DEBUG - 配置已備份至: backup\setup_backup_20250730_163336.json
2025-07-30 16:33:36,867 - VALO360 - DEBUG - 配置保存成功
2025-07-30 16:33:36,867 - VALO360 - DEBUG - 配置已備份至: backup\setup_backup_20250730_163336.json
2025-07-30 16:33:36,871 - VALO360 - DEBUG - 配置保存成功
2025-07-30 16:33:36,871 - VALO360 - DEBUG - 配置已備份至: backup\setup_backup_20250730_163336.json
2025-07-30 16:33:36,875 - VALO360 - DEBUG - 配置保存成功
2025-07-30 16:33:36,875 - VALO360 - DEBUG - 配置已備份至: backup\setup_backup_20250730_163336.json
2025-07-30 16:33:36,878 - VALO360 - DEBUG - 配置保存成功
2025-07-30 16:33:36,881 - VALO360 - DEBUG - 配置已備份至: backup\setup_backup_20250730_163336.json
2025-07-30 16:33:36,883 - VALO360 - DEBUG - 配置保存成功
2025-07-30 16:33:36,885 - VALO360 - DEBUG - 配置已備份至: backup\setup_backup_20250730_163336.json
2025-07-30 16:33:36,885 - VALO360 - DEBUG - 配置保存成功
2025-07-30 16:33:36,889 - VALO360 - DEBUG - 配置已備份至: backup\setup_backup_20250730_163336.json
2025-07-30 16:33:36,891 - VALO360 - DEBUG - 配置保存成功
2025-07-30 16:33:36,892 - VALO360 - DEBUG - 配置已備份至: backup\setup_backup_20250730_163336.json
2025-07-30 16:33:36,893 - VALO360 - DEBUG - 配置保存成功
2025-07-30 16:33:36,893 - VALO360 - DEBUG - 配置已備份至: backup\setup_backup_20250730_163336.json
2025-07-30 16:33:36,898 - VALO360 - DEBUG - 配置保存成功
2025-07-30 16:33:36,898 - VALO360 - DEBUG - 配置已備份至: backup\setup_backup_20250730_163336.json
2025-07-30 16:33:36,898 - VALO360 - DEBUG - 配置保存成功
2025-07-30 16:33:36,904 - VALO360 - DEBUG - 配置已備份至: backup\setup_backup_20250730_163336.json
2025-07-30 16:33:36,904 - VALO360 - DEBUG - 配置保存成功
2025-07-30 16:33:36,908 - VALO360 - DEBUG - 配置已備份至: backup\setup_backup_20250730_163336.json
2025-07-30 16:33:36,909 - VALO360 - DEBUG - 配置保存成功
2025-07-30 16:33:36,909 - VALO360 - DEBUG - 配置已備份至: backup\setup_backup_20250730_163336.json
2025-07-30 16:33:36,915 - VALO360 - DEBUG - 配置保存成功
2025-07-30 16:33:36,915 - VALO360 - DEBUG - 配置已備份至: backup\setup_backup_20250730_163336.json
2025-07-30 16:33:36,918 - VALO360 - DEBUG - 配置保存成功
2025-07-30 16:33:36,920 - VALO360 - DEBUG - 配置已備份至: backup\setup_backup_20250730_163336.json
2025-07-30 16:33:36,922 - VALO360 - DEBUG - 配置保存成功
2025-07-30 16:33:36,922 - VALO360 - DEBUG - 配置已備份至: backup\setup_backup_20250730_163336.json
2025-07-30 16:33:36,926 - VALO360 - DEBUG - 配置保存成功
2025-07-30 16:33:36,927 - VALO360 - DEBUG - 配置已備份至: backup\setup_backup_20250730_163336.json
2025-07-30 16:33:36,931 - VALO360 - DEBUG - 配置保存成功
2025-07-30 16:33:36,931 - VALO360 - DEBUG - 配置已備份至: backup\setup_backup_20250730_163336.json
2025-07-30 16:33:36,935 - VALO360 - DEBUG - 配置保存成功
2025-07-30 16:33:36,937 - VALO360 - DEBUG - 配置已備份至: backup\setup_backup_20250730_163336.json
2025-07-30 16:33:36,939 - VALO360 - DEBUG - 配置保存成功
2025-07-30 16:33:36,939 - VALO360 - DEBUG - 配置已備份至: backup\setup_backup_20250730_163336.json
2025-07-30 16:33:36,941 - VALO360 - DEBUG - 配置保存成功
2025-07-30 16:33:36,974 - VALO360 - DEBUG - 配置已備份至: backup\setup_backup_20250730_163336.json
2025-07-30 16:33:36,974 - VALO360 - DEBUG - 配置保存成功
2025-07-30 16:33:36,978 - VALO360 - DEBUG - 配置已備份至: backup\setup_backup_20250730_163336.json
2025-07-30 16:33:36,978 - VALO360 - DEBUG - 配置保存成功
2025-07-30 16:33:36,981 - VALO360 - DEBUG - 配置已備份至: backup\setup_backup_20250730_163336.json
2025-07-30 16:33:36,981 - VALO360 - DEBUG - 配置保存成功
2025-07-30 16:33:36,981 - VALO360 - DEBUG - 配置已備份至: backup\setup_backup_20250730_163336.json
2025-07-30 16:33:36,988 - VALO360 - DEBUG - 配置保存成功
2025-07-30 16:33:36,989 - VALO360 - DEBUG - 配置已備份至: backup\setup_backup_20250730_163336.json
2025-07-30 16:33:36,992 - VALO360 - DEBUG - 配置保存成功
2025-07-30 16:33:36,994 - VALO360 - DEBUG - 配置已備份至: backup\setup_backup_20250730_163336.json
2025-07-30 16:33:36,995 - VALO360 - DEBUG - 配置保存成功
2025-07-30 16:33:36,997 - VALO360 - DEBUG - 配置已備份至: backup\setup_backup_20250730_163336.json
2025-07-30 16:33:36,998 - VALO360 - DEBUG - 配置保存成功
2025-07-30 16:33:36,998 - VALO360 - DEBUG - 配置已備份至: backup\setup_backup_20250730_163336.json
2025-07-30 16:33:37,003 - VALO360 - DEBUG - 配置保存成功
2025-07-30 16:33:37,003 - VALO360 - DEBUG - 配置已備份至: backup\setup_backup_20250730_163337.json
2025-07-30 16:33:37,007 - VALO360 - DEBUG - 已刪除舊備份: backup\setup_backup_20250730_145403.json
2025-07-30 16:33:37,007 - VALO360 - DEBUG - 配置保存成功
2025-07-30 16:33:37,007 - VALO360 - DEBUG - 配置已備份至: backup\setup_backup_20250730_163337.json
2025-07-30 16:33:37,007 - VALO360 - DEBUG - 配置保存成功
2025-07-30 16:33:37,014 - VALO360 - DEBUG - 配置已備份至: backup\setup_backup_20250730_163337.json
2025-07-30 16:33:37,017 - VALO360 - DEBUG - 配置保存成功
2025-07-30 16:33:37,020 - VALO360 - DEBUG - 配置已備份至: backup\setup_backup_20250730_163337.json
2025-07-30 16:33:37,022 - VALO360 - DEBUG - 配置保存成功
2025-07-30 16:33:37,024 - VALO360 - DEBUG - 配置已備份至: backup\setup_backup_20250730_163337.json
2025-07-30 16:33:37,028 - VALO360 - DEBUG - 配置保存成功
2025-07-30 16:33:37,029 - VALO360 - DEBUG - 配置已備份至: backup\setup_backup_20250730_163337.json
2025-07-30 16:33:37,031 - VALO360 - DEBUG - 配置保存成功
2025-07-30 16:33:37,034 - VALO360 - DEBUG - 配置已備份至: backup\setup_backup_20250730_163337.json
2025-07-30 16:33:37,034 - VALO360 - DEBUG - 配置保存成功
2025-07-30 16:33:37,034 - VALO360 - DEBUG - 配置已備份至: backup\setup_backup_20250730_163337.json
2025-07-30 16:33:37,034 - VALO360 - DEBUG - 配置保存成功
2025-07-30 16:33:37,043 - VALO360 - DEBUG - 配置已備份至: backup\setup_backup_20250730_163337.json
2025-07-30 16:33:37,045 - VALO360 - DEBUG - 配置保存成功
2025-07-30 16:33:37,047 - VALO360 - DEBUG - 配置已備份至: backup\setup_backup_20250730_163337.json
2025-07-30 16:33:37,050 - VALO360 - DEBUG - 配置保存成功
2025-07-30 16:33:37,051 - VALO360 - DEBUG - 配置已備份至: backup\setup_backup_20250730_163337.json
2025-07-30 16:33:37,053 - VALO360 - DEBUG - 配置保存成功
2025-07-30 16:33:37,053 - VALO360 - DEBUG - 配置已備份至: backup\setup_backup_20250730_163337.json
2025-07-30 16:33:37,057 - VALO360 - DEBUG - 配置保存成功
2025-07-30 16:33:37,060 - VALO360 - DEBUG - 配置已備份至: backup\setup_backup_20250730_163337.json
2025-07-30 16:33:37,062 - VALO360 - DEBUG - 配置保存成功
2025-07-30 16:33:37,064 - VALO360 - DEBUG - 配置已備份至: backup\setup_backup_20250730_163337.json
2025-07-30 16:33:37,065 - VALO360 - DEBUG - 配置保存成功
2025-07-30 16:33:37,065 - VALO360 - DEBUG - 配置已備份至: backup\setup_backup_20250730_163337.json
2025-07-30 16:33:37,071 - VALO360 - DEBUG - 配置保存成功
2025-07-30 16:33:37,073 - VALO360 - DEBUG - 配置已備份至: backup\setup_backup_20250730_163337.json
2025-07-30 16:33:37,074 - VALO360 - DEBUG - 配置保存成功
2025-07-30 16:33:37,082 - VALO360 - DEBUG - 配置已備份至: backup\setup_backup_20250730_163337.json
2025-07-30 16:33:37,084 - VALO360 - DEBUG - 配置保存成功
2025-07-30 16:33:37,087 - VALO360 - DEBUG - 配置已備份至: backup\setup_backup_20250730_163337.json
2025-07-30 16:33:37,088 - VALO360 - DEBUG - 配置保存成功
2025-07-30 16:33:37,091 - VALO360 - DEBUG - 配置已備份至: backup\setup_backup_20250730_163337.json
2025-07-30 16:33:37,099 - VALO360 - DEBUG - 配置保存成功
2025-07-30 16:33:37,099 - VALO360 - DEBUG - 配置已備份至: backup\setup_backup_20250730_163337.json
2025-07-30 16:33:37,099 - VALO360 - DEBUG - 配置保存成功
2025-07-30 16:33:37,099 - VALO360 - DEBUG - 配置已備份至: backup\setup_backup_20250730_163337.json
2025-07-30 16:33:37,099 - VALO360 - DEBUG - 配置保存成功
2025-07-30 16:33:37,099 - VALO360 - DEBUG - 配置已備份至: backup\setup_backup_20250730_163337.json
2025-07-30 16:33:37,109 - VALO360 - DEBUG - 配置保存成功
2025-07-30 16:33:37,112 - VALO360 - DEBUG - 配置已備份至: backup\setup_backup_20250730_163337.json
2025-07-30 16:33:37,114 - VALO360 - DEBUG - 配置保存成功
2025-07-30 16:33:37,117 - VALO360 - DEBUG - 配置已備份至: backup\setup_backup_20250730_163337.json
2025-07-30 16:33:37,119 - VALO360 - DEBUG - 配置保存成功
2025-07-30 16:33:37,121 - VALO360 - DEBUG - 配置已備份至: backup\setup_backup_20250730_163337.json
2025-07-30 16:33:37,123 - VALO360 - DEBUG - 配置保存成功
2025-07-30 16:33:37,124 - VALO360 - DEBUG - 配置已備份至: backup\setup_backup_20250730_163337.json
2025-07-30 16:33:37,127 - VALO360 - DEBUG - 配置保存成功
2025-07-30 16:33:37,128 - VALO360 - DEBUG - 配置已備份至: backup\setup_backup_20250730_163337.json
2025-07-30 16:33:37,130 - VALO360 - DEBUG - 配置保存成功
2025-07-30 16:33:37,132 - VALO360 - DEBUG - 配置已備份至: backup\setup_backup_20250730_163337.json
2025-07-30 16:33:37,134 - VALO360 - DEBUG - 配置保存成功
2025-07-30 16:33:37,136 - VALO360 - DEBUG - 配置已備份至: backup\setup_backup_20250730_163337.json
2025-07-30 16:33:37,139 - VALO360 - DEBUG - 配置保存成功
2025-07-30 16:33:37,139 - VALO360 - DEBUG - 配置已備份至: backup\setup_backup_20250730_163337.json
2025-07-30 16:33:37,141 - VALO360 - DEBUG - 配置保存成功
2025-07-30 16:33:37,144 - VALO360 - DEBUG - 配置已備份至: backup\setup_backup_20250730_163337.json
2025-07-30 16:33:37,144 - VALO360 - DEBUG - 配置保存成功
2025-07-30 16:33:37,148 - VALO360 - DEBUG - 配置已備份至: backup\setup_backup_20250730_163337.json
2025-07-30 16:33:37,148 - VALO360 - DEBUG - 配置保存成功
2025-07-30 16:33:37,153 - VALO360 - DEBUG - 配置已備份至: backup\setup_backup_20250730_163337.json
2025-07-30 16:33:37,154 - VALO360 - DEBUG - 配置保存成功
2025-07-30 16:33:37,154 - VALO360 - DEBUG - 配置已備份至: backup\setup_backup_20250730_163337.json
2025-07-30 16:33:37,157 - VALO360 - DEBUG - 配置保存成功
2025-07-30 16:33:37,157 - VALO360 - DEBUG - 配置已備份至: backup\setup_backup_20250730_163337.json
2025-07-30 16:33:37,161 - VALO360 - DEBUG - 配置保存成功
2025-07-30 16:33:37,161 - VALO360 - DEBUG - 配置已備份至: backup\setup_backup_20250730_163337.json
2025-07-30 16:33:37,166 - VALO360 - DEBUG - 配置保存成功
2025-07-30 16:33:37,169 - VALO360 - DEBUG - 配置已備份至: backup\setup_backup_20250730_163337.json
2025-07-30 16:33:37,171 - VALO360 - DEBUG - 配置保存成功
2025-07-30 16:33:37,172 - VALO360 - DEBUG - 配置已備份至: backup\setup_backup_20250730_163337.json
2025-07-30 16:33:37,175 - VALO360 - DEBUG - 配置保存成功
2025-07-30 16:33:37,176 - VALO360 - DEBUG - 配置已備份至: backup\setup_backup_20250730_163337.json
2025-07-30 16:33:37,179 - VALO360 - DEBUG - 配置保存成功
2025-07-30 16:33:37,180 - VALO360 - DEBUG - 配置已備份至: backup\setup_backup_20250730_163337.json
2025-07-30 16:33:37,182 - VALO360 - DEBUG - 配置保存成功
2025-07-30 16:33:37,185 - VALO360 - DEBUG - 配置已備份至: backup\setup_backup_20250730_163337.json
2025-07-30 16:33:37,187 - VALO360 - DEBUG - 配置保存成功
2025-07-30 16:33:37,188 - VALO360 - DEBUG - 配置已備份至: backup\setup_backup_20250730_163337.json
2025-07-30 16:33:37,190 - VALO360 - DEBUG - 配置保存成功
2025-07-30 16:33:37,193 - VALO360 - DEBUG - 配置已備份至: backup\setup_backup_20250730_163337.json
2025-07-30 16:33:37,193 - VALO360 - DEBUG - 配置保存成功
2025-07-30 16:33:37,196 - VALO360 - DEBUG - 配置已備份至: backup\setup_backup_20250730_163337.json
2025-07-30 16:33:37,198 - VALO360 - DEBUG - 配置保存成功
2025-07-30 16:33:37,202 - VALO360 - DEBUG - 配置已備份至: backup\setup_backup_20250730_163337.json
2025-07-30 16:33:37,202 - VALO360 - DEBUG - 配置保存成功
2025-07-30 16:33:37,206 - VALO360 - DEBUG - 配置已備份至: backup\setup_backup_20250730_163337.json
2025-07-30 16:33:37,208 - VALO360 - DEBUG - 配置保存成功
2025-07-30 16:33:37,208 - VALO360 - DEBUG - 配置已備份至: backup\setup_backup_20250730_163337.json
2025-07-30 16:33:37,208 - VALO360 - DEBUG - 配置保存成功
2025-07-30 16:33:37,208 - VALO360 - DEBUG - 配置已備份至: backup\setup_backup_20250730_163337.json
2025-07-30 16:33:37,215 - VALO360 - DEBUG - 配置保存成功
2025-07-30 16:33:37,215 - VALO360 - DEBUG - 配置已備份至: backup\setup_backup_20250730_163337.json
2025-07-30 16:33:37,220 - VALO360 - DEBUG - 配置保存成功
2025-07-30 16:33:37,221 - VALO360 - DEBUG - 配置已備份至: backup\setup_backup_20250730_163337.json
2025-07-30 16:33:37,224 - VALO360 - DEBUG - 配置保存成功
2025-07-30 16:33:37,225 - VALO360 - DEBUG - 配置已備份至: backup\setup_backup_20250730_163337.json
2025-07-30 16:33:37,225 - VALO360 - DEBUG - 配置保存成功
2025-07-30 16:33:37,225 - VALO360 - DEBUG - 配置已備份至: backup\setup_backup_20250730_163337.json
2025-07-30 16:33:37,231 - VALO360 - DEBUG - 配置保存成功
2025-07-30 16:33:37,231 - VALO360 - DEBUG - 配置已備份至: backup\setup_backup_20250730_163337.json
2025-07-30 16:33:37,235 - VALO360 - DEBUG - 配置保存成功
2025-07-30 16:33:37,237 - VALO360 - DEBUG - 配置已備份至: backup\setup_backup_20250730_163337.json
2025-07-30 16:33:37,237 - VALO360 - DEBUG - 配置保存成功
2025-07-30 16:33:37,241 - VALO360 - DEBUG - 配置已備份至: backup\setup_backup_20250730_163337.json
2025-07-30 16:33:37,243 - VALO360 - DEBUG - 配置保存成功
2025-07-30 16:33:37,245 - VALO360 - DEBUG - 配置已備份至: backup\setup_backup_20250730_163337.json
2025-07-30 16:33:37,248 - VALO360 - DEBUG - 配置保存成功
2025-07-30 16:33:37,248 - VALO360 - DEBUG - 配置已備份至: backup\setup_backup_20250730_163337.json
2025-07-30 16:33:37,248 - VALO360 - DEBUG - 配置保存成功
2025-07-30 16:33:37,248 - VALO360 - DEBUG - 配置已備份至: backup\setup_backup_20250730_163337.json
2025-07-30 16:33:37,257 - VALO360 - DEBUG - 配置保存成功
2025-07-30 16:33:37,258 - VALO360 - DEBUG - 配置已備份至: backup\setup_backup_20250730_163337.json
2025-07-30 16:33:37,258 - VALO360 - DEBUG - 配置保存成功
2025-07-30 16:33:37,258 - VALO360 - DEBUG - 配置已備份至: backup\setup_backup_20250730_163337.json
2025-07-30 16:33:37,258 - VALO360 - DEBUG - 配置保存成功
2025-07-30 16:33:37,265 - VALO360 - DEBUG - 配置已備份至: backup\setup_backup_20250730_163337.json
2025-07-30 16:33:37,267 - VALO360 - DEBUG - 配置保存成功
2025-07-30 16:33:37,269 - VALO360 - DEBUG - 配置已備份至: backup\setup_backup_20250730_163337.json
2025-07-30 16:33:37,271 - VALO360 - DEBUG - 配置保存成功
2025-07-30 16:33:37,274 - VALO360 - DEBUG - 配置已備份至: backup\setup_backup_20250730_163337.json
2025-07-30 16:33:37,275 - VALO360 - DEBUG - 配置保存成功
2025-07-30 16:33:37,275 - VALO360 - DEBUG - 配置已備份至: backup\setup_backup_20250730_163337.json
2025-07-30 16:33:37,278 - VALO360 - DEBUG - 配置保存成功
2025-07-30 16:33:37,281 - VALO360 - DEBUG - 配置已備份至: backup\setup_backup_20250730_163337.json
2025-07-30 16:33:37,281 - VALO360 - DEBUG - 配置保存成功
2025-07-30 16:33:37,285 - VALO360 - DEBUG - 配置已備份至: backup\setup_backup_20250730_163337.json
2025-07-30 16:33:37,285 - VALO360 - DEBUG - 配置保存成功
2025-07-30 16:33:37,285 - VALO360 - DEBUG - 配置已備份至: backup\setup_backup_20250730_163337.json
2025-07-30 16:33:37,291 - VALO360 - DEBUG - 配置保存成功
2025-07-30 16:33:37,291 - VALO360 - DEBUG - 配置已備份至: backup\setup_backup_20250730_163337.json
2025-07-30 16:33:37,291 - VALO360 - DEBUG - 配置保存成功
2025-07-30 16:33:37,291 - VALO360 - DEBUG - 配置已備份至: backup\setup_backup_20250730_163337.json
2025-07-30 16:33:37,298 - VALO360 - DEBUG - 配置保存成功
2025-07-30 16:33:37,298 - VALO360 - DEBUG - 配置已備份至: backup\setup_backup_20250730_163337.json
2025-07-30 16:33:37,298 - VALO360 - DEBUG - 配置保存成功
2025-07-30 16:33:37,305 - VALO360 - DEBUG - 配置已備份至: backup\setup_backup_20250730_163337.json
2025-07-30 16:33:37,305 - VALO360 - DEBUG - 配置保存成功
2025-07-30 16:33:37,308 - VALO360 - DEBUG - 配置已備份至: backup\setup_backup_20250730_163337.json
2025-07-30 16:33:37,308 - VALO360 - DEBUG - 配置保存成功
2025-07-30 16:33:37,308 - VALO360 - DEBUG - 配置已備份至: backup\setup_backup_20250730_163337.json
2025-07-30 16:33:37,315 - VALO360 - DEBUG - 配置保存成功
2025-07-30 16:33:37,318 - VALO360 - DEBUG - 配置已備份至: backup\setup_backup_20250730_163337.json
2025-07-30 16:33:37,318 - VALO360 - DEBUG - 配置保存成功
2025-07-30 16:33:37,318 - VALO360 - DEBUG - 配置已備份至: backup\setup_backup_20250730_163337.json
2025-07-30 16:33:37,324 - VALO360 - DEBUG - 配置保存成功
2025-07-30 16:33:37,326 - VALO360 - DEBUG - 配置已備份至: backup\setup_backup_20250730_163337.json
2025-07-30 16:33:37,328 - VALO360 - DEBUG - 配置保存成功
2025-07-30 16:33:37,331 - VALO360 - DEBUG - 配置已備份至: backup\setup_backup_20250730_163337.json
2025-07-30 16:33:37,332 - VALO360 - DEBUG - 配置保存成功
2025-07-30 16:33:37,335 - VALO360 - DEBUG - 配置已備份至: backup\setup_backup_20250730_163337.json
2025-07-30 16:33:37,335 - VALO360 - DEBUG - 配置保存成功
2025-07-30 16:33:37,335 - VALO360 - DEBUG - 配置已備份至: backup\setup_backup_20250730_163337.json
2025-07-30 16:33:37,341 - VALO360 - DEBUG - 配置保存成功
2025-07-30 16:33:37,342 - VALO360 - DEBUG - 配置已備份至: backup\setup_backup_20250730_163337.json
2025-07-30 16:33:37,342 - VALO360 - DEBUG - 配置保存成功
2025-07-30 16:33:37,342 - VALO360 - DEBUG - 配置已備份至: backup\setup_backup_20250730_163337.json
2025-07-30 16:33:37,348 - VALO360 - DEBUG - 配置保存成功
2025-07-30 16:33:37,351 - VALO360 - DEBUG - 配置已備份至: backup\setup_backup_20250730_163337.json
2025-07-30 16:33:37,351 - VALO360 - DEBUG - 配置保存成功
2025-07-30 16:33:37,351 - VALO360 - DEBUG - 配置已備份至: backup\setup_backup_20250730_163337.json
2025-07-30 16:33:37,351 - VALO360 - DEBUG - 配置保存成功
2025-07-30 16:33:37,359 - VALO360 - DEBUG - 配置已備份至: backup\setup_backup_20250730_163337.json
2025-07-30 16:33:37,359 - VALO360 - DEBUG - 配置保存成功
2025-07-30 16:33:37,362 - VALO360 - DEBUG - 配置已備份至: backup\setup_backup_20250730_163337.json
2025-07-30 16:33:37,364 - VALO360 - DEBUG - 配置保存成功
2025-07-30 16:33:37,367 - VALO360 - DEBUG - 配置已備份至: backup\setup_backup_20250730_163337.json
2025-07-30 16:33:37,367 - VALO360 - DEBUG - 配置保存成功
2025-07-30 16:33:37,371 - VALO360 - DEBUG - 配置已備份至: backup\setup_backup_20250730_163337.json
2025-07-30 16:33:37,371 - VALO360 - DEBUG - 配置保存成功
2025-07-30 16:33:37,374 - VALO360 - DEBUG - 配置已備份至: backup\setup_backup_20250730_163337.json
2025-07-30 16:33:37,375 - VALO360 - DEBUG - 配置保存成功
2025-07-30 16:33:37,375 - VALO360 - DEBUG - 配置已備份至: backup\setup_backup_20250730_163337.json
2025-07-30 16:33:37,381 - VALO360 - DEBUG - 配置保存成功
2025-07-30 16:33:37,384 - VALO360 - DEBUG - 配置已備份至: backup\setup_backup_20250730_163337.json
2025-07-30 16:33:37,384 - VALO360 - DEBUG - 配置保存成功
2025-07-30 16:33:37,388 - VALO360 - DEBUG - 配置已備份至: backup\setup_backup_20250730_163337.json
2025-07-30 16:33:37,388 - VALO360 - DEBUG - 配置保存成功
2025-07-30 16:33:37,391 - VALO360 - DEBUG - 配置已備份至: backup\setup_backup_20250730_163337.json
2025-07-30 16:33:37,391 - VALO360 - DEBUG - 配置保存成功
2025-07-30 16:33:37,398 - VALO360 - DEBUG - 配置已備份至: backup\setup_backup_20250730_163337.json
2025-07-30 16:33:37,398 - VALO360 - DEBUG - 配置保存成功
2025-07-30 16:33:37,401 - VALO360 - DEBUG - 配置已備份至: backup\setup_backup_20250730_163337.json
2025-07-30 16:33:37,401 - VALO360 - DEBUG - 配置保存成功
2025-07-30 16:33:37,401 - VALO360 - DEBUG - 配置已備份至: backup\setup_backup_20250730_163337.json
2025-07-30 16:33:37,408 - VALO360 - DEBUG - 配置保存成功
2025-07-30 16:33:37,408 - VALO360 - DEBUG - 配置已備份至: backup\setup_backup_20250730_163337.json
2025-07-30 16:33:37,408 - VALO360 - DEBUG - 配置保存成功
2025-07-30 16:33:37,414 - VALO360 - DEBUG - 配置已備份至: backup\setup_backup_20250730_163337.json
2025-07-30 16:33:37,415 - VALO360 - DEBUG - 配置保存成功
2025-07-30 16:33:37,418 - VALO360 - DEBUG - 配置已備份至: backup\setup_backup_20250730_163337.json
2025-07-30 16:33:37,418 - VALO360 - DEBUG - 配置保存成功
2025-07-30 16:33:37,418 - VALO360 - DEBUG - 配置已備份至: backup\setup_backup_20250730_163337.json
2025-07-30 16:33:37,418 - VALO360 - DEBUG - 配置保存成功
2025-07-30 16:33:37,424 - VALO360 - DEBUG - 配置已備份至: backup\setup_backup_20250730_163337.json
2025-07-30 16:33:37,424 - VALO360 - DEBUG - 配置保存成功
2025-07-30 16:33:37,424 - VALO360 - DEBUG - 配置已備份至: backup\setup_backup_20250730_163337.json
2025-07-30 16:33:37,431 - VALO360 - DEBUG - 配置保存成功
2025-07-30 16:33:37,434 - VALO360 - DEBUG - 配置已備份至: backup\setup_backup_20250730_163337.json
2025-07-30 16:33:37,434 - VALO360 - DEBUG - 配置保存成功
2025-07-30 16:33:37,437 - VALO360 - DEBUG - 配置已備份至: backup\setup_backup_20250730_163337.json
2025-07-30 16:33:37,437 - VALO360 - DEBUG - 配置保存成功
2025-07-30 16:33:37,441 - VALO360 - DEBUG - 配置已備份至: backup\setup_backup_20250730_163337.json
2025-07-30 16:33:37,443 - VALO360 - DEBUG - 配置保存成功
2025-07-30 16:33:37,443 - VALO360 - DEBUG - 配置已備份至: backup\setup_backup_20250730_163337.json
2025-07-30 16:33:37,448 - VALO360 - DEBUG - 配置保存成功
2025-07-30 16:33:37,448 - VALO360 - DEBUG - 配置已備份至: backup\setup_backup_20250730_163337.json
2025-07-30 16:33:37,448 - VALO360 - DEBUG - 配置保存成功
2025-07-30 16:33:37,454 - VALO360 - DEBUG - 配置已備份至: backup\setup_backup_20250730_163337.json
2025-07-30 16:33:37,454 - VALO360 - DEBUG - 配置保存成功
2025-07-30 16:33:37,458 - VALO360 - DEBUG - 配置已備份至: backup\setup_backup_20250730_163337.json
2025-07-30 16:33:37,459 - VALO360 - DEBUG - 配置保存成功
2025-07-30 16:33:37,459 - VALO360 - DEBUG - 配置已備份至: backup\setup_backup_20250730_163337.json
2025-07-30 16:33:37,464 - VALO360 - DEBUG - 配置保存成功
2025-07-30 16:33:37,464 - VALO360 - DEBUG - 配置已備份至: backup\setup_backup_20250730_163337.json
2025-07-30 16:33:37,467 - VALO360 - DEBUG - 配置保存成功
2025-07-30 16:33:37,469 - VALO360 - DEBUG - 配置已備份至: backup\setup_backup_20250730_163337.json
2025-07-30 16:33:37,469 - VALO360 - DEBUG - 配置保存成功
2025-07-30 16:33:37,469 - VALO360 - DEBUG - 配置已備份至: backup\setup_backup_20250730_163337.json
2025-07-30 16:33:37,479 - VALO360 - DEBUG - 配置保存成功
2025-07-30 16:33:37,481 - VALO360 - DEBUG - 配置已備份至: backup\setup_backup_20250730_163337.json
2025-07-30 16:33:37,483 - VALO360 - DEBUG - 配置保存成功
2025-07-30 16:33:37,486 - VALO360 - DEBUG - 配置已備份至: backup\setup_backup_20250730_163337.json
2025-07-30 16:33:37,486 - VALO360 - DEBUG - 配置保存成功
2025-07-30 16:33:37,486 - VALO360 - DEBUG - 配置已備份至: backup\setup_backup_20250730_163337.json
2025-07-30 16:33:37,491 - VALO360 - DEBUG - 配置保存成功
2025-07-30 16:33:37,491 - VALO360 - DEBUG - 配置已備份至: backup\setup_backup_20250730_163337.json
2025-07-30 16:33:37,494 - VALO360 - DEBUG - 配置保存成功
2025-07-30 16:33:37,497 - VALO360 - DEBUG - 配置已備份至: backup\setup_backup_20250730_163337.json
2025-07-30 16:33:37,501 - VALO360 - DEBUG - 配置保存成功
2025-07-30 16:33:37,501 - VALO360 - DEBUG - 配置已備份至: backup\setup_backup_20250730_163337.json
2025-07-30 16:33:37,503 - VALO360 - DEBUG - 配置保存成功
2025-07-30 16:33:37,505 - VALO360 - DEBUG - 配置已備份至: backup\setup_backup_20250730_163337.json
2025-07-30 16:33:37,507 - VALO360 - DEBUG - 配置保存成功
2025-07-30 16:33:37,509 - VALO360 - DEBUG - 配置已備份至: backup\setup_backup_20250730_163337.json
2025-07-30 16:33:37,511 - VALO360 - DEBUG - 配置保存成功
2025-07-30 16:33:37,516 - VALO360 - DEBUG - 配置已備份至: backup\setup_backup_20250730_163337.json
2025-07-30 16:33:37,518 - VALO360 - DEBUG - 配置保存成功
2025-07-30 16:33:37,521 - VALO360 - DEBUG - 配置已備份至: backup\setup_backup_20250730_163337.json
2025-07-30 16:33:37,522 - VALO360 - DEBUG - 配置保存成功
2025-07-30 16:33:37,524 - VALO360 - DEBUG - 配置已備份至: backup\setup_backup_20250730_163337.json
2025-07-30 16:33:37,525 - VALO360 - DEBUG - 配置保存成功
2025-07-30 16:33:37,527 - VALO360 - DEBUG - 配置已備份至: backup\setup_backup_20250730_163337.json
2025-07-30 16:33:37,529 - VALO360 - DEBUG - 配置保存成功
2025-07-30 16:33:37,533 - VALO360 - DEBUG - 配置已備份至: backup\setup_backup_20250730_163337.json
2025-07-30 16:33:37,535 - VALO360 - DEBUG - 配置保存成功
2025-07-30 16:33:37,537 - VALO360 - DEBUG - 配置已備份至: backup\setup_backup_20250730_163337.json
2025-07-30 16:33:37,541 - VALO360 - DEBUG - 配置保存成功
2025-07-30 16:33:37,541 - VALO360 - DEBUG - 配置已備份至: backup\setup_backup_20250730_163337.json
2025-07-30 16:33:37,543 - VALO360 - DEBUG - 配置保存成功
2025-07-30 16:33:37,543 - VALO360 - DEBUG - 配置已備份至: backup\setup_backup_20250730_163337.json
2025-07-30 16:33:37,548 - VALO360 - DEBUG - 配置保存成功
2025-07-30 16:33:37,551 - VALO360 - DEBUG - 配置已備份至: backup\setup_backup_20250730_163337.json
2025-07-30 16:33:37,554 - VALO360 - DEBUG - 配置保存成功
2025-07-30 16:33:37,554 - VALO360 - DEBUG - 配置已備份至: backup\setup_backup_20250730_163337.json
2025-07-30 16:33:37,557 - VALO360 - DEBUG - 配置保存成功
2025-07-30 16:33:37,559 - VALO360 - DEBUG - 配置已備份至: backup\setup_backup_20250730_163337.json
2025-07-30 16:33:37,559 - VALO360 - DEBUG - 配置保存成功
2025-07-30 16:33:37,562 - VALO360 - DEBUG - 配置已備份至: backup\setup_backup_20250730_163337.json
2025-07-30 16:33:37,567 - VALO360 - DEBUG - 配置保存成功
2025-07-30 16:33:37,573 - VALO360 - DEBUG - 配置已備份至: backup\setup_backup_20250730_163337.json
2025-07-30 16:33:37,575 - VALO360 - DEBUG - 配置保存成功
2025-07-30 16:33:37,577 - VALO360 - DEBUG - 配置已備份至: backup\setup_backup_20250730_163337.json
2025-07-30 16:33:37,581 - VALO360 - DEBUG - 配置保存成功
2025-07-30 16:33:37,581 - VALO360 - DEBUG - 配置已備份至: backup\setup_backup_20250730_163337.json
2025-07-30 16:33:37,581 - VALO360 - DEBUG - 配置保存成功
2025-07-30 16:33:37,587 - VALO360 - DEBUG - 配置已備份至: backup\setup_backup_20250730_163337.json
2025-07-30 16:33:37,590 - VALO360 - DEBUG - 配置保存成功
2025-07-30 16:33:37,591 - VALO360 - DEBUG - 配置已備份至: backup\setup_backup_20250730_163337.json
2025-07-30 16:33:37,593 - VALO360 - DEBUG - 配置保存成功
2025-07-30 16:33:37,595 - VALO360 - DEBUG - 配置已備份至: backup\setup_backup_20250730_163337.json
2025-07-30 16:33:37,598 - VALO360 - DEBUG - 配置保存成功
2025-07-30 16:33:37,600 - VALO360 - DEBUG - 配置已備份至: backup\setup_backup_20250730_163337.json
2025-07-30 16:33:37,602 - VALO360 - DEBUG - 配置保存成功
2025-07-30 16:33:37,603 - VALO360 - DEBUG - 配置已備份至: backup\setup_backup_20250730_163337.json
2025-07-30 16:33:37,607 - VALO360 - DEBUG - 配置保存成功
2025-07-30 16:33:37,609 - VALO360 - DEBUG - 配置已備份至: backup\setup_backup_20250730_163337.json
2025-07-30 16:33:37,611 - VALO360 - DEBUG - 配置保存成功
2025-07-30 16:33:37,612 - VALO360 - DEBUG - 配置已備份至: backup\setup_backup_20250730_163337.json
2025-07-30 16:33:37,614 - VALO360 - DEBUG - 配置保存成功
2025-07-30 16:33:37,616 - VALO360 - DEBUG - 配置已備份至: backup\setup_backup_20250730_163337.json
2025-07-30 16:33:37,618 - VALO360 - DEBUG - 配置保存成功
2025-07-30 16:33:37,620 - VALO360 - DEBUG - 配置已備份至: backup\setup_backup_20250730_163337.json
2025-07-30 16:33:37,622 - VALO360 - DEBUG - 配置保存成功
2025-07-30 16:33:37,624 - VALO360 - DEBUG - 配置已備份至: backup\setup_backup_20250730_163337.json
2025-07-30 16:33:37,624 - VALO360 - DEBUG - 配置保存成功
2025-07-30 16:33:37,627 - VALO360 - DEBUG - 配置已備份至: backup\setup_backup_20250730_163337.json
2025-07-30 16:33:37,628 - VALO360 - DEBUG - 配置保存成功
2025-07-30 16:33:37,631 - VALO360 - DEBUG - 配置已備份至: backup\setup_backup_20250730_163337.json
2025-07-30 16:33:37,631 - VALO360 - DEBUG - 配置保存成功
2025-07-30 16:33:37,636 - VALO360 - DEBUG - 配置已備份至: backup\setup_backup_20250730_163337.json
2025-07-30 16:33:37,637 - VALO360 - DEBUG - 配置保存成功
2025-07-30 16:33:37,639 - VALO360 - DEBUG - 配置已備份至: backup\setup_backup_20250730_163337.json
2025-07-30 16:33:37,641 - VALO360 - DEBUG - 配置保存成功
2025-07-30 16:33:37,643 - VALO360 - DEBUG - 配置已備份至: backup\setup_backup_20250730_163337.json
2025-07-30 16:33:37,644 - VALO360 - DEBUG - 配置保存成功
2025-07-30 16:33:37,647 - VALO360 - DEBUG - 配置已備份至: backup\setup_backup_20250730_163337.json
2025-07-30 16:33:37,649 - VALO360 - DEBUG - 配置保存成功
2025-07-30 16:33:37,652 - VALO360 - DEBUG - 配置已備份至: backup\setup_backup_20250730_163337.json
2025-07-30 16:33:37,655 - VALO360 - DEBUG - 配置保存成功
2025-07-30 16:33:37,655 - VALO360 - DEBUG - 配置已備份至: backup\setup_backup_20250730_163337.json
2025-07-30 16:33:37,655 - VALO360 - DEBUG - 配置保存成功
2025-07-30 16:33:37,659 - VALO360 - DEBUG - 配置已備份至: backup\setup_backup_20250730_163337.json
2025-07-30 16:33:37,659 - VALO360 - DEBUG - 配置保存成功
2025-07-30 16:33:37,659 - VALO360 - DEBUG - 配置已備份至: backup\setup_backup_20250730_163337.json
2025-07-30 16:33:37,665 - VALO360 - DEBUG - 配置保存成功
2025-07-30 16:33:37,667 - VALO360 - DEBUG - 配置已備份至: backup\setup_backup_20250730_163337.json
2025-07-30 16:33:37,667 - VALO360 - DEBUG - 配置保存成功
2025-07-30 16:33:37,671 - VALO360 - DEBUG - 配置已備份至: backup\setup_backup_20250730_163337.json
2025-07-30 16:33:37,674 - VALO360 - DEBUG - 配置保存成功
2025-07-30 16:33:37,675 - VALO360 - DEBUG - 配置已備份至: backup\setup_backup_20250730_163337.json
2025-07-30 16:33:37,675 - VALO360 - DEBUG - 配置保存成功
2025-07-30 16:33:37,675 - VALO360 - DEBUG - 配置已備份至: backup\setup_backup_20250730_163337.json
2025-07-30 16:33:37,675 - VALO360 - DEBUG - 配置保存成功
2025-07-30 16:33:37,682 - VALO360 - DEBUG - 配置已備份至: backup\setup_backup_20250730_163337.json
2025-07-30 16:33:37,682 - VALO360 - DEBUG - 配置保存成功
2025-07-30 16:33:37,682 - VALO360 - DEBUG - 配置已備份至: backup\setup_backup_20250730_163337.json
2025-07-30 16:33:37,689 - VALO360 - DEBUG - 配置保存成功
2025-07-30 16:33:37,690 - VALO360 - DEBUG - 配置已備份至: backup\setup_backup_20250730_163337.json
2025-07-30 16:33:37,692 - VALO360 - DEBUG - 配置保存成功
2025-07-30 16:33:37,694 - VALO360 - DEBUG - 配置已備份至: backup\setup_backup_20250730_163337.json
2025-07-30 16:33:37,697 - VALO360 - DEBUG - 配置保存成功
2025-07-30 16:33:37,698 - VALO360 - DEBUG - 配置已備份至: backup\setup_backup_20250730_163337.json
2025-07-30 16:33:37,698 - VALO360 - DEBUG - 配置保存成功
2025-07-30 16:33:37,698 - VALO360 - DEBUG - 配置已備份至: backup\setup_backup_20250730_163337.json
2025-07-30 16:33:37,706 - VALO360 - DEBUG - 配置保存成功
2025-07-30 16:33:37,707 - VALO360 - DEBUG - 配置已備份至: backup\setup_backup_20250730_163337.json
2025-07-30 16:33:37,708 - VALO360 - DEBUG - 配置保存成功
2025-07-30 16:33:37,710 - VALO360 - DEBUG - 配置已備份至: backup\setup_backup_20250730_163337.json
2025-07-30 16:33:37,711 - VALO360 - DEBUG - 配置保存成功
2025-07-30 16:33:37,711 - VALO360 - DEBUG - 配置已備份至: backup\setup_backup_20250730_163337.json
2025-07-30 16:33:37,715 - VALO360 - DEBUG - 配置保存成功
2025-07-30 16:33:37,715 - VALO360 - DEBUG - 配置已備份至: backup\setup_backup_20250730_163337.json
2025-07-30 16:33:37,715 - VALO360 - DEBUG - 配置保存成功
2025-07-30 16:33:37,715 - VALO360 - DEBUG - 配置已備份至: backup\setup_backup_20250730_163337.json
2025-07-30 16:33:37,724 - VALO360 - DEBUG - 配置保存成功
2025-07-30 16:33:37,726 - VALO360 - DEBUG - 配置已備份至: backup\setup_backup_20250730_163337.json
2025-07-30 16:33:37,727 - VALO360 - DEBUG - 配置保存成功
2025-07-30 16:33:37,727 - VALO360 - DEBUG - 配置已備份至: backup\setup_backup_20250730_163337.json
2025-07-30 16:33:37,732 - VALO360 - DEBUG - 配置保存成功
2025-07-30 16:33:37,732 - VALO360 - DEBUG - 配置已備份至: backup\setup_backup_20250730_163337.json
2025-07-30 16:33:37,736 - VALO360 - DEBUG - 配置保存成功
2025-07-30 16:33:37,738 - VALO360 - DEBUG - 配置已備份至: backup\setup_backup_20250730_163337.json
2025-07-30 16:33:37,739 - VALO360 - DEBUG - 配置保存成功
2025-07-30 16:33:37,742 - VALO360 - DEBUG - 配置已備份至: backup\setup_backup_20250730_163337.json
2025-07-30 16:33:37,742 - VALO360 - DEBUG - 配置保存成功
2025-07-30 16:33:37,744 - VALO360 - DEBUG - 配置已備份至: backup\setup_backup_20250730_163337.json
2025-07-30 16:33:37,747 - VALO360 - DEBUG - 配置保存成功
2025-07-30 16:33:37,750 - VALO360 - DEBUG - 配置已備份至: backup\setup_backup_20250730_163337.json
2025-07-30 16:33:37,750 - VALO360 - DEBUG - 配置保存成功
2025-07-30 16:33:37,753 - VALO360 - DEBUG - 配置已備份至: backup\setup_backup_20250730_163337.json
2025-07-30 16:33:37,753 - VALO360 - DEBUG - 配置保存成功
2025-07-30 16:33:37,753 - VALO360 - DEBUG - 配置已備份至: backup\setup_backup_20250730_163337.json
2025-07-30 16:33:37,759 - VALO360 - DEBUG - 配置保存成功
2025-07-30 16:33:37,760 - VALO360 - DEBUG - 配置已備份至: backup\setup_backup_20250730_163337.json
2025-07-30 16:33:37,761 - VALO360 - DEBUG - 配置保存成功
2025-07-30 16:33:37,764 - VALO360 - DEBUG - 配置已備份至: backup\setup_backup_20250730_163337.json
2025-07-30 16:33:37,765 - VALO360 - DEBUG - 配置保存成功
2025-07-30 16:33:37,768 - VALO360 - DEBUG - 配置已備份至: backup\setup_backup_20250730_163337.json
2025-07-30 16:33:37,770 - VALO360 - DEBUG - 配置保存成功
2025-07-30 16:33:37,771 - VALO360 - DEBUG - 配置已備份至: backup\setup_backup_20250730_163337.json
2025-07-30 16:33:37,773 - VALO360 - DEBUG - 配置保存成功
2025-07-30 16:33:37,773 - VALO360 - DEBUG - 配置已備份至: backup\setup_backup_20250730_163337.json
2025-07-30 16:33:37,777 - VALO360 - DEBUG - 配置保存成功
2025-07-30 16:33:37,778 - VALO360 - DEBUG - 配置已備份至: backup\setup_backup_20250730_163337.json
2025-07-30 16:33:37,781 - VALO360 - DEBUG - 配置保存成功
2025-07-30 16:33:37,781 - VALO360 - DEBUG - 配置已備份至: backup\setup_backup_20250730_163337.json
2025-07-30 16:33:37,781 - VALO360 - DEBUG - 配置保存成功
2025-07-30 16:33:37,781 - VALO360 - DEBUG - 配置已備份至: backup\setup_backup_20250730_163337.json
2025-07-30 16:33:37,781 - VALO360 - DEBUG - 配置保存成功
2025-07-30 16:33:37,781 - VALO360 - DEBUG - 配置已備份至: backup\setup_backup_20250730_163337.json
2025-07-30 16:33:37,792 - VALO360 - DEBUG - 配置保存成功
2025-07-30 16:33:37,793 - VALO360 - DEBUG - 配置已備份至: backup\setup_backup_20250730_163337.json
2025-07-30 16:33:37,796 - VALO360 - DEBUG - 配置保存成功
2025-07-30 16:33:37,799 - VALO360 - DEBUG - 配置已備份至: backup\setup_backup_20250730_163337.json
2025-07-30 16:33:37,799 - VALO360 - DEBUG - 配置保存成功
2025-07-30 16:33:37,799 - VALO360 - DEBUG - 配置已備份至: backup\setup_backup_20250730_163337.json
2025-07-30 16:33:37,799 - VALO360 - DEBUG - 配置保存成功
2025-07-30 16:33:37,807 - VALO360 - DEBUG - 配置已備份至: backup\setup_backup_20250730_163337.json
2025-07-30 16:33:37,809 - VALO360 - DEBUG - 配置保存成功
2025-07-30 16:33:37,810 - VALO360 - DEBUG - 配置已備份至: backup\setup_backup_20250730_163337.json
2025-07-30 16:33:37,814 - VALO360 - DEBUG - 配置保存成功
2025-07-30 16:33:37,815 - VALO360 - DEBUG - 配置已備份至: backup\setup_backup_20250730_163337.json
2025-07-30 16:33:37,818 - VALO360 - DEBUG - 配置保存成功
2025-07-30 16:33:37,820 - VALO360 - DEBUG - 配置已備份至: backup\setup_backup_20250730_163337.json
2025-07-30 16:33:37,822 - VALO360 - DEBUG - 配置保存成功
2025-07-30 16:33:37,823 - VALO360 - DEBUG - 配置已備份至: backup\setup_backup_20250730_163337.json
2025-07-30 16:33:37,824 - VALO360 - DEBUG - 配置保存成功
2025-07-30 16:33:37,827 - VALO360 - DEBUG - 配置已備份至: backup\setup_backup_20250730_163337.json
2025-07-30 16:33:37,831 - VALO360 - DEBUG - 配置保存成功
2025-07-30 16:33:37,832 - VALO360 - DEBUG - 配置已備份至: backup\setup_backup_20250730_163337.json
2025-07-30 16:33:37,835 - VALO360 - DEBUG - 配置保存成功
2025-07-30 16:33:37,836 - VALO360 - DEBUG - 配置已備份至: backup\setup_backup_20250730_163337.json
2025-07-30 16:33:37,838 - VALO360 - DEBUG - 配置保存成功
2025-07-30 16:33:37,839 - VALO360 - DEBUG - 配置已備份至: backup\setup_backup_20250730_163337.json
2025-07-30 16:33:37,841 - VALO360 - DEBUG - 配置保存成功
2025-07-30 16:33:37,843 - VALO360 - DEBUG - 配置已備份至: backup\setup_backup_20250730_163337.json
2025-07-30 16:33:37,846 - VALO360 - DEBUG - 配置保存成功
2025-07-30 16:33:37,847 - VALO360 - DEBUG - 配置已備份至: backup\setup_backup_20250730_163337.json
2025-07-30 16:33:37,850 - VALO360 - DEBUG - 配置保存成功
2025-07-30 16:33:37,852 - VALO360 - DEBUG - 配置已備份至: backup\setup_backup_20250730_163337.json
2025-07-30 16:33:37,854 - VALO360 - DEBUG - 配置保存成功
2025-07-30 16:33:37,855 - VALO360 - DEBUG - 配置已備份至: backup\setup_backup_20250730_163337.json
2025-07-30 16:33:37,858 - VALO360 - DEBUG - 配置保存成功
2025-07-30 16:33:37,859 - VALO360 - DEBUG - 配置已備份至: backup\setup_backup_20250730_163337.json
2025-07-30 16:33:37,865 - VALO360 - DEBUG - 配置保存成功
2025-07-30 16:33:37,865 - VALO360 - DEBUG - 配置已備份至: backup\setup_backup_20250730_163337.json
2025-07-30 16:33:37,865 - VALO360 - DEBUG - 配置保存成功
2025-07-30 16:33:37,870 - VALO360 - DEBUG - 配置已備份至: backup\setup_backup_20250730_163337.json
2025-07-30 16:33:37,872 - VALO360 - DEBUG - 配置保存成功
2025-07-30 16:33:37,874 - VALO360 - DEBUG - 配置已備份至: backup\setup_backup_20250730_163337.json
2025-07-30 16:33:37,875 - VALO360 - DEBUG - 配置保存成功
2025-07-30 16:33:37,877 - VALO360 - DEBUG - 配置已備份至: backup\setup_backup_20250730_163337.json
2025-07-30 16:33:37,879 - VALO360 - DEBUG - 配置保存成功
2025-07-30 16:33:37,881 - VALO360 - DEBUG - 配置已備份至: backup\setup_backup_20250730_163337.json
2025-07-30 16:33:37,886 - VALO360 - DEBUG - 配置保存成功
2025-07-30 16:33:37,887 - VALO360 - DEBUG - 配置已備份至: backup\setup_backup_20250730_163337.json
2025-07-30 16:33:37,889 - VALO360 - DEBUG - 配置保存成功
2025-07-30 16:33:37,891 - VALO360 - DEBUG - 配置已備份至: backup\setup_backup_20250730_163337.json
2025-07-30 16:33:37,893 - VALO360 - DEBUG - 配置保存成功
2025-07-30 16:33:37,895 - VALO360 - DEBUG - 配置已備份至: backup\setup_backup_20250730_163337.json
2025-07-30 16:33:37,899 - VALO360 - DEBUG - 配置保存成功
2025-07-30 16:33:37,900 - VALO360 - DEBUG - 配置已備份至: backup\setup_backup_20250730_163337.json
2025-07-30 16:33:37,902 - VALO360 - DEBUG - 配置保存成功
2025-07-30 16:33:37,903 - VALO360 - DEBUG - 配置已備份至: backup\setup_backup_20250730_163337.json
2025-07-30 16:33:37,906 - VALO360 - DEBUG - 配置保存成功
2025-07-30 16:33:37,907 - VALO360 - DEBUG - 配置已備份至: backup\setup_backup_20250730_163337.json
2025-07-30 16:33:37,909 - VALO360 - DEBUG - 配置保存成功
2025-07-30 16:33:37,910 - VALO360 - DEBUG - 配置已備份至: backup\setup_backup_20250730_163337.json
2025-07-30 16:33:37,914 - VALO360 - DEBUG - 配置保存成功
2025-07-30 16:33:37,916 - VALO360 - DEBUG - 配置已備份至: backup\setup_backup_20250730_163337.json
2025-07-30 16:33:37,919 - VALO360 - DEBUG - 配置保存成功
2025-07-30 16:33:37,920 - VALO360 - DEBUG - 配置已備份至: backup\setup_backup_20250730_163337.json
2025-07-30 16:33:37,922 - VALO360 - DEBUG - 配置保存成功
2025-07-30 16:33:37,923 - VALO360 - DEBUG - 配置已備份至: backup\setup_backup_20250730_163337.json
2025-07-30 16:33:37,926 - VALO360 - DEBUG - 配置保存成功
2025-07-30 16:33:37,928 - VALO360 - DEBUG - 配置已備份至: backup\setup_backup_20250730_163337.json
2025-07-30 16:33:37,930 - VALO360 - DEBUG - 配置保存成功
2025-07-30 16:33:37,931 - VALO360 - DEBUG - 配置已備份至: backup\setup_backup_20250730_163337.json
2025-07-30 16:33:37,934 - VALO360 - DEBUG - 配置保存成功
2025-07-30 16:33:37,936 - VALO360 - DEBUG - 配置已備份至: backup\setup_backup_20250730_163337.json
2025-07-30 16:33:37,938 - VALO360 - DEBUG - 配置保存成功
2025-07-30 16:33:37,939 - VALO360 - DEBUG - 配置已備份至: backup\setup_backup_20250730_163337.json
2025-07-30 16:33:37,941 - VALO360 - DEBUG - 配置保存成功
2025-07-30 16:33:37,942 - VALO360 - DEBUG - 配置已備份至: backup\setup_backup_20250730_163337.json
2025-07-30 16:33:37,945 - VALO360 - DEBUG - 配置保存成功
2025-07-30 16:33:37,945 - VALO360 - DEBUG - 配置已備份至: backup\setup_backup_20250730_163337.json
2025-07-30 16:33:37,948 - VALO360 - DEBUG - 配置保存成功
2025-07-30 16:33:37,951 - VALO360 - DEBUG - 配置已備份至: backup\setup_backup_20250730_163337.json
2025-07-30 16:33:37,953 - VALO360 - DEBUG - 配置保存成功
2025-07-30 16:33:37,955 - VALO360 - DEBUG - 配置已備份至: backup\setup_backup_20250730_163337.json
2025-07-30 16:33:37,957 - VALO360 - DEBUG - 配置保存成功
2025-07-30 16:33:37,959 - VALO360 - DEBUG - 配置已備份至: backup\setup_backup_20250730_163337.json
2025-07-30 16:33:37,961 - VALO360 - DEBUG - 配置保存成功
2025-07-30 16:33:37,963 - VALO360 - DEBUG - 配置已備份至: backup\setup_backup_20250730_163337.json
2025-07-30 16:33:37,965 - VALO360 - DEBUG - 配置保存成功
2025-07-30 16:33:37,968 - VALO360 - DEBUG - 配置已備份至: backup\setup_backup_20250730_163337.json
2025-07-30 16:33:37,970 - VALO360 - DEBUG - 配置保存成功
2025-07-30 16:33:37,970 - VALO360 - DEBUG - 配置已備份至: backup\setup_backup_20250730_163337.json
2025-07-30 16:33:37,974 - VALO360 - DEBUG - 配置保存成功
2025-07-30 16:33:37,975 - VALO360 - DEBUG - 配置已備份至: backup\setup_backup_20250730_163337.json
2025-07-30 16:33:37,977 - VALO360 - DEBUG - 配置保存成功
2025-07-30 16:33:37,979 - VALO360 - DEBUG - 配置已備份至: backup\setup_backup_20250730_163337.json
2025-07-30 16:33:37,980 - VALO360 - DEBUG - 配置保存成功
2025-07-30 16:33:37,982 - VALO360 - DEBUG - 配置已備份至: backup\setup_backup_20250730_163337.json
2025-07-30 16:33:37,982 - VALO360 - DEBUG - 配置保存成功
2025-07-30 16:33:37,987 - VALO360 - DEBUG - 配置已備份至: backup\setup_backup_20250730_163337.json
2025-07-30 16:33:37,989 - VALO360 - DEBUG - 配置保存成功
2025-07-30 16:33:37,989 - VALO360 - DEBUG - 配置已備份至: backup\setup_backup_20250730_163337.json
2025-07-30 16:33:37,992 - VALO360 - DEBUG - 配置保存成功
2025-07-30 16:33:37,992 - VALO360 - DEBUG - 配置已備份至: backup\setup_backup_20250730_163337.json
2025-07-30 16:33:37,996 - VALO360 - DEBUG - 配置保存成功
2025-07-30 16:33:37,998 - VALO360 - DEBUG - 配置已備份至: backup\setup_backup_20250730_163337.json
2025-07-30 16:33:38,000 - VALO360 - DEBUG - 配置保存成功
2025-07-30 16:33:38,002 - VALO360 - DEBUG - 配置已備份至: backup\setup_backup_20250730_163338.json
2025-07-30 16:33:38,002 - VALO360 - DEBUG - 已刪除舊備份: backup\setup_backup_20250730_145544.json
2025-07-30 16:33:38,002 - VALO360 - DEBUG - 配置保存成功
2025-07-30 16:33:38,010 - VALO360 - DEBUG - 配置已備份至: backup\setup_backup_20250730_163338.json
2025-07-30 16:33:38,014 - VALO360 - DEBUG - 配置保存成功
2025-07-30 16:33:38,015 - VALO360 - DEBUG - 配置已備份至: backup\setup_backup_20250730_163338.json
2025-07-30 16:33:38,015 - VALO360 - DEBUG - 配置保存成功
2025-07-30 16:33:38,015 - VALO360 - DEBUG - 配置已備份至: backup\setup_backup_20250730_163338.json
2025-07-30 16:33:38,023 - VALO360 - DEBUG - 配置保存成功
2025-07-30 16:33:38,024 - VALO360 - DEBUG - 配置已備份至: backup\setup_backup_20250730_163338.json
2025-07-30 16:33:38,026 - VALO360 - DEBUG - 配置保存成功
2025-07-30 16:33:38,026 - VALO360 - DEBUG - 配置已備份至: backup\setup_backup_20250730_163338.json
2025-07-30 16:33:38,031 - VALO360 - DEBUG - 配置保存成功
2025-07-30 16:33:38,033 - VALO360 - DEBUG - 配置已備份至: backup\setup_backup_20250730_163338.json
2025-07-30 16:33:38,035 - VALO360 - DEBUG - 配置保存成功
2025-07-30 16:33:38,037 - VALO360 - DEBUG - 配置已備份至: backup\setup_backup_20250730_163338.json
2025-07-30 16:33:38,039 - VALO360 - DEBUG - 配置保存成功
2025-07-30 16:33:38,040 - VALO360 - DEBUG - 配置已備份至: backup\setup_backup_20250730_163338.json
2025-07-30 16:33:38,042 - VALO360 - DEBUG - 配置保存成功
2025-07-30 16:33:38,044 - VALO360 - DEBUG - 配置已備份至: backup\setup_backup_20250730_163338.json
2025-07-30 16:33:38,046 - VALO360 - DEBUG - 配置保存成功
2025-07-30 16:33:38,048 - VALO360 - DEBUG - 配置已備份至: backup\setup_backup_20250730_163338.json
2025-07-30 16:33:38,050 - VALO360 - DEBUG - 配置保存成功
2025-07-30 16:33:38,052 - VALO360 - DEBUG - 配置已備份至: backup\setup_backup_20250730_163338.json
2025-07-30 16:33:38,053 - VALO360 - DEBUG - 配置保存成功
2025-07-30 16:33:38,055 - VALO360 - DEBUG - 配置已備份至: backup\setup_backup_20250730_163338.json
2025-07-30 16:33:38,057 - VALO360 - DEBUG - 配置保存成功
2025-07-30 16:33:38,070 - VALO360 - DEBUG - 配置已備份至: backup\setup_backup_20250730_163338.json
2025-07-30 16:33:38,073 - VALO360 - DEBUG - 配置保存成功
2025-07-30 16:33:38,075 - VALO360 - DEBUG - 配置已備份至: backup\setup_backup_20250730_163338.json
2025-07-30 16:33:38,077 - VALO360 - DEBUG - 配置保存成功
2025-07-30 16:33:38,079 - VALO360 - DEBUG - 配置已備份至: backup\setup_backup_20250730_163338.json
2025-07-30 16:33:38,083 - VALO360 - DEBUG - 配置保存成功
2025-07-30 16:33:38,085 - VALO360 - DEBUG - 配置已備份至: backup\setup_backup_20250730_163338.json
2025-07-30 16:33:38,087 - VALO360 - DEBUG - 配置保存成功
2025-07-30 16:33:38,089 - VALO360 - DEBUG - 配置已備份至: backup\setup_backup_20250730_163338.json
2025-07-30 16:33:38,092 - VALO360 - DEBUG - 配置保存成功
2025-07-30 16:33:38,103 - VALO360 - DEBUG - 配置已備份至: backup\setup_backup_20250730_163338.json
2025-07-30 16:33:38,106 - VALO360 - DEBUG - 配置保存成功
2025-07-30 16:33:38,109 - VALO360 - DEBUG - 配置已備份至: backup\setup_backup_20250730_163338.json
2025-07-30 16:33:38,111 - VALO360 - DEBUG - 配置保存成功
2025-07-30 16:33:38,113 - VALO360 - DEBUG - 配置已備份至: backup\setup_backup_20250730_163338.json
2025-07-30 16:33:38,117 - VALO360 - DEBUG - 配置保存成功
2025-07-30 16:33:38,118 - VALO360 - DEBUG - 配置已備份至: backup\setup_backup_20250730_163338.json
2025-07-30 16:33:38,120 - VALO360 - DEBUG - 配置保存成功
2025-07-30 16:33:38,121 - VALO360 - DEBUG - 配置已備份至: backup\setup_backup_20250730_163338.json
2025-07-30 16:33:38,123 - VALO360 - DEBUG - 配置保存成功
2025-07-30 16:33:38,127 - VALO360 - DEBUG - 配置已備份至: backup\setup_backup_20250730_163338.json
2025-07-30 16:33:38,129 - VALO360 - DEBUG - 配置保存成功
2025-07-30 16:33:38,130 - VALO360 - DEBUG - 配置已備份至: backup\setup_backup_20250730_163338.json
2025-07-30 16:33:38,133 - VALO360 - DEBUG - 配置保存成功
2025-07-30 16:33:38,134 - VALO360 - DEBUG - 配置已備份至: backup\setup_backup_20250730_163338.json
2025-07-30 16:33:38,137 - VALO360 - DEBUG - 配置保存成功
2025-07-30 16:33:38,138 - VALO360 - DEBUG - 配置已備份至: backup\setup_backup_20250730_163338.json
2025-07-30 16:33:38,141 - VALO360 - DEBUG - 配置保存成功
2025-07-30 16:33:38,142 - VALO360 - DEBUG - 配置已備份至: backup\setup_backup_20250730_163338.json
2025-07-30 16:33:38,142 - VALO360 - DEBUG - 配置保存成功
2025-07-30 16:33:38,148 - VALO360 - DEBUG - 配置已備份至: backup\setup_backup_20250730_163338.json
2025-07-30 16:33:38,150 - VALO360 - DEBUG - 配置保存成功
2025-07-30 16:33:38,150 - VALO360 - DEBUG - 配置已備份至: backup\setup_backup_20250730_163338.json
2025-07-30 16:33:38,150 - VALO360 - DEBUG - 配置保存成功
2025-07-30 16:33:38,155 - VALO360 - DEBUG - 配置已備份至: backup\setup_backup_20250730_163338.json
2025-07-30 16:33:38,157 - VALO360 - DEBUG - 配置保存成功
2025-07-30 16:33:38,162 - VALO360 - DEBUG - 配置已備份至: backup\setup_backup_20250730_163338.json
2025-07-30 16:33:38,165 - VALO360 - DEBUG - 配置保存成功
2025-07-30 16:33:38,165 - VALO360 - DEBUG - 配置已備份至: backup\setup_backup_20250730_163338.json
2025-07-30 16:33:38,167 - VALO360 - DEBUG - 配置保存成功
2025-07-30 16:33:38,170 - VALO360 - DEBUG - 配置已備份至: backup\setup_backup_20250730_163338.json
2025-07-30 16:33:38,170 - VALO360 - DEBUG - 配置保存成功
2025-07-30 16:33:38,170 - VALO360 - DEBUG - 配置已備份至: backup\setup_backup_20250730_163338.json
2025-07-30 16:33:38,176 - VALO360 - DEBUG - 配置保存成功
2025-07-30 16:33:38,183 - VALO360 - DEBUG - 配置已備份至: backup\setup_backup_20250730_163338.json
2025-07-30 16:33:38,188 - VALO360 - DEBUG - 配置保存成功
2025-07-30 16:33:38,190 - VALO360 - DEBUG - 配置已備份至: backup\setup_backup_20250730_163338.json
2025-07-30 16:33:38,191 - VALO360 - DEBUG - 配置保存成功
2025-07-30 16:33:38,191 - VALO360 - DEBUG - 配置已備份至: backup\setup_backup_20250730_163338.json
2025-07-30 16:33:38,197 - VALO360 - DEBUG - 配置保存成功
2025-07-30 16:33:38,200 - VALO360 - DEBUG - 配置已備份至: backup\setup_backup_20250730_163338.json
2025-07-30 16:33:38,202 - VALO360 - DEBUG - 配置保存成功
2025-07-30 16:33:38,219 - VALO360 - DEBUG - 配置已備份至: backup\setup_backup_20250730_163338.json
2025-07-30 16:33:38,224 - VALO360 - DEBUG - 配置保存成功
2025-07-30 16:33:38,226 - VALO360 - DEBUG - 配置已備份至: backup\setup_backup_20250730_163338.json
2025-07-30 16:33:38,227 - VALO360 - DEBUG - 配置保存成功
2025-07-30 16:33:38,229 - VALO360 - DEBUG - 配置已備份至: backup\setup_backup_20250730_163338.json
2025-07-30 16:33:38,232 - VALO360 - DEBUG - 配置保存成功
2025-07-30 16:33:38,232 - VALO360 - DEBUG - 配置已備份至: backup\setup_backup_20250730_163338.json
2025-07-30 16:33:38,232 - VALO360 - DEBUG - 配置保存成功
2025-07-30 16:33:38,232 - VALO360 - DEBUG - 配置已備份至: backup\setup_backup_20250730_163338.json
2025-07-30 16:33:38,239 - VALO360 - DEBUG - 配置保存成功
2025-07-30 16:33:38,242 - VALO360 - DEBUG - 配置已備份至: backup\setup_backup_20250730_163338.json
2025-07-30 16:33:38,242 - VALO360 - DEBUG - 配置保存成功
2025-07-30 16:33:38,245 - VALO360 - DEBUG - 配置已備份至: backup\setup_backup_20250730_163338.json
2025-07-30 16:33:38,248 - VALO360 - DEBUG - 配置保存成功
2025-07-30 16:33:38,250 - VALO360 - DEBUG - 配置已備份至: backup\setup_backup_20250730_163338.json
2025-07-30 16:33:38,252 - VALO360 - DEBUG - 配置保存成功
2025-07-30 16:33:38,271 - VALO360 - DEBUG - 配置已備份至: backup\setup_backup_20250730_163338.json
2025-07-30 16:33:38,274 - VALO360 - DEBUG - 配置保存成功
2025-07-30 16:33:38,274 - VALO360 - DEBUG - 配置已備份至: backup\setup_backup_20250730_163338.json
2025-07-30 16:33:38,276 - VALO360 - DEBUG - 配置保存成功
2025-07-30 16:33:38,278 - VALO360 - DEBUG - 配置已備份至: backup\setup_backup_20250730_163338.json
2025-07-30 16:33:38,281 - VALO360 - DEBUG - 配置保存成功
2025-07-30 16:33:38,281 - VALO360 - DEBUG - 配置已備份至: backup\setup_backup_20250730_163338.json
2025-07-30 16:33:38,284 - VALO360 - DEBUG - 配置保存成功
2025-07-30 16:33:38,284 - VALO360 - DEBUG - 配置已備份至: backup\setup_backup_20250730_163338.json
2025-07-30 16:33:38,290 - VALO360 - DEBUG - 配置保存成功
2025-07-30 16:33:38,291 - VALO360 - DEBUG - 配置已備份至: backup\setup_backup_20250730_163338.json
2025-07-30 16:33:38,291 - VALO360 - DEBUG - 配置保存成功
2025-07-30 16:33:38,296 - VALO360 - DEBUG - 配置已備份至: backup\setup_backup_20250730_163338.json
2025-07-30 16:33:38,298 - VALO360 - DEBUG - 配置保存成功
2025-07-30 16:33:38,301 - VALO360 - DEBUG - 配置已備份至: backup\setup_backup_20250730_163338.json
2025-07-30 16:33:38,303 - VALO360 - DEBUG - 配置保存成功
2025-07-30 16:33:38,303 - VALO360 - DEBUG - 配置已備份至: backup\setup_backup_20250730_163338.json
2025-07-30 16:33:38,308 - VALO360 - DEBUG - 配置保存成功
2025-07-30 16:33:38,309 - VALO360 - DEBUG - 配置已備份至: backup\setup_backup_20250730_163338.json
2025-07-30 16:33:38,309 - VALO360 - DEBUG - 配置保存成功
2025-07-30 16:33:38,314 - VALO360 - DEBUG - 配置已備份至: backup\setup_backup_20250730_163338.json
2025-07-30 16:33:38,315 - VALO360 - DEBUG - 配置保存成功
2025-07-30 16:33:38,319 - VALO360 - DEBUG - 配置已備份至: backup\setup_backup_20250730_163338.json
2025-07-30 16:33:38,320 - VALO360 - DEBUG - 配置保存成功
2025-07-30 16:33:38,331 - VALO360 - DEBUG - 配置已備份至: backup\setup_backup_20250730_163338.json
2025-07-30 16:33:38,333 - VALO360 - DEBUG - 配置保存成功
2025-07-30 16:33:38,335 - VALO360 - DEBUG - 配置已備份至: backup\setup_backup_20250730_163338.json
2025-07-30 16:33:38,335 - VALO360 - DEBUG - 配置保存成功
2025-07-30 16:33:38,335 - VALO360 - DEBUG - 配置已備份至: backup\setup_backup_20250730_163338.json
2025-07-30 16:33:38,340 - VALO360 - DEBUG - 配置保存成功
2025-07-30 16:33:38,342 - VALO360 - DEBUG - 配置已備份至: backup\setup_backup_20250730_163338.json
2025-07-30 16:33:38,344 - VALO360 - DEBUG - 配置保存成功
2025-07-30 16:33:38,348 - VALO360 - DEBUG - 配置已備份至: backup\setup_backup_20250730_163338.json
2025-07-30 16:33:38,351 - VALO360 - DEBUG - 配置保存成功
2025-07-30 16:33:38,354 - VALO360 - DEBUG - 配置已備份至: backup\setup_backup_20250730_163338.json
2025-07-30 16:33:38,356 - VALO360 - DEBUG - 配置保存成功
2025-07-30 16:33:38,358 - VALO360 - DEBUG - 配置已備份至: backup\setup_backup_20250730_163338.json
2025-07-30 16:33:38,359 - VALO360 - DEBUG - 配置保存成功
2025-07-30 16:33:38,361 - VALO360 - DEBUG - 配置已備份至: backup\setup_backup_20250730_163338.json
2025-07-30 16:33:38,364 - VALO360 - DEBUG - 配置保存成功
2025-07-30 16:33:38,365 - VALO360 - DEBUG - 配置已備份至: backup\setup_backup_20250730_163338.json
2025-07-30 16:33:38,365 - VALO360 - DEBUG - 配置保存成功
2025-07-30 16:33:38,365 - VALO360 - DEBUG - 配置已備份至: backup\setup_backup_20250730_163338.json
2025-07-30 16:33:38,373 - VALO360 - DEBUG - 配置保存成功
2025-07-30 16:33:38,374 - VALO360 - DEBUG - 配置已備份至: backup\setup_backup_20250730_163338.json
2025-07-30 16:33:38,378 - VALO360 - DEBUG - 配置保存成功
2025-07-30 16:33:38,379 - VALO360 - DEBUG - 配置已備份至: backup\setup_backup_20250730_163338.json
2025-07-30 16:33:38,382 - VALO360 - DEBUG - 配置保存成功
2025-07-30 16:33:38,401 - VALO360 - DEBUG - 配置已備份至: backup\setup_backup_20250730_163338.json
2025-07-30 16:33:38,404 - VALO360 - DEBUG - 配置保存成功
2025-07-30 16:33:38,406 - VALO360 - DEBUG - 配置已備份至: backup\setup_backup_20250730_163338.json
2025-07-30 16:33:38,407 - VALO360 - DEBUG - 配置保存成功
2025-07-30 16:33:38,410 - VALO360 - DEBUG - 配置已備份至: backup\setup_backup_20250730_163338.json
2025-07-30 16:33:38,411 - VALO360 - DEBUG - 配置保存成功
2025-07-30 16:33:38,414 - VALO360 - DEBUG - 配置已備份至: backup\setup_backup_20250730_163338.json
2025-07-30 16:33:38,418 - VALO360 - DEBUG - 配置保存成功
2025-07-30 16:33:39,175 - VALO360 - DEBUG - 配置已備份至: backup\setup_backup_20250730_163339.json
2025-07-30 16:33:39,178 - VALO360 - DEBUG - 已刪除舊備份: backup\setup_backup_20250730_145715.json
2025-07-30 16:33:39,181 - VALO360 - DEBUG - 配置保存成功
2025-07-30 16:33:44,941 - VALO360 - DEBUG - 配置已備份至: backup\setup_backup_20250730_163344.json
2025-07-30 16:33:44,941 - VALO360 - DEBUG - 已刪除舊備份: backup\setup_backup_20250730_145716.json
2025-07-30 16:33:44,947 - VALO360 - DEBUG - 配置保存成功
2025-07-30 16:33:44,950 - VALO360 - DEBUG - 配置已備份至: backup\setup_backup_20250730_163344.json
2025-07-30 16:33:44,953 - VALO360 - DEBUG - 配置保存成功
2025-07-30 16:33:44,954 - VALO360 - DEBUG - 配置已備份至: backup\setup_backup_20250730_163344.json
2025-07-30 16:33:44,957 - VALO360 - DEBUG - 配置保存成功
2025-07-30 16:33:44,958 - VALO360 - DEBUG - 配置已備份至: backup\setup_backup_20250730_163344.json
2025-07-30 16:33:44,961 - VALO360 - DEBUG - 配置保存成功
2025-07-30 16:33:44,970 - VALO360 - DEBUG - 配置已備份至: backup\setup_backup_20250730_163344.json
2025-07-30 16:33:44,973 - VALO360 - DEBUG - 配置保存成功
2025-07-30 16:33:44,975 - VALO360 - DEBUG - 配置已備份至: backup\setup_backup_20250730_163344.json
2025-07-30 16:33:44,977 - VALO360 - DEBUG - 配置保存成功
2025-07-30 16:33:44,979 - VALO360 - DEBUG - 配置已備份至: backup\setup_backup_20250730_163344.json
2025-07-30 16:33:44,981 - VALO360 - DEBUG - 配置保存成功
2025-07-30 16:33:44,984 - VALO360 - DEBUG - 配置已備份至: backup\setup_backup_20250730_163344.json
2025-07-30 16:33:44,988 - VALO360 - DEBUG - 配置保存成功
2025-07-30 16:33:44,999 - VALO360 - DEBUG - 配置已備份至: backup\setup_backup_20250730_163344.json
2025-07-30 16:33:45,003 - VALO360 - DEBUG - 配置保存成功
2025-07-30 16:33:45,005 - VALO360 - DEBUG - 配置已備份至: backup\setup_backup_20250730_163345.json
2025-07-30 16:33:45,007 - VALO360 - DEBUG - 已刪除舊備份: backup\setup_backup_20250730_152604.json
2025-07-30 16:33:45,008 - VALO360 - DEBUG - 配置保存成功
2025-07-30 16:33:45,009 - VALO360 - DEBUG - 配置已備份至: backup\setup_backup_20250730_163345.json
2025-07-30 16:33:45,011 - VALO360 - DEBUG - 配置保存成功
2025-07-30 16:33:45,014 - VALO360 - DEBUG - 配置已備份至: backup\setup_backup_20250730_163345.json
2025-07-30 16:33:45,015 - VALO360 - DEBUG - 配置保存成功
2025-07-30 16:33:45,026 - VALO360 - DEBUG - 配置已備份至: backup\setup_backup_20250730_163345.json
2025-07-30 16:33:45,031 - VALO360 - DEBUG - 配置保存成功
2025-07-30 16:33:45,037 - VALO360 - DEBUG - 配置已備份至: backup\setup_backup_20250730_163345.json
2025-07-30 16:33:45,039 - VALO360 - DEBUG - 配置保存成功
2025-07-30 16:33:45,041 - VALO360 - DEBUG - 配置已備份至: backup\setup_backup_20250730_163345.json
2025-07-30 16:33:45,043 - VALO360 - DEBUG - 配置保存成功
2025-07-30 16:33:45,044 - VALO360 - DEBUG - 配置已備份至: backup\setup_backup_20250730_163345.json
2025-07-30 16:33:45,047 - VALO360 - DEBUG - 配置保存成功
2025-07-30 16:33:45,062 - VALO360 - DEBUG - 配置已備份至: backup\setup_backup_20250730_163345.json
2025-07-30 16:33:45,065 - VALO360 - DEBUG - 配置保存成功
2025-07-30 16:33:45,067 - VALO360 - DEBUG - 配置已備份至: backup\setup_backup_20250730_163345.json
2025-07-30 16:33:45,071 - VALO360 - DEBUG - 配置保存成功
2025-07-30 16:33:45,072 - VALO360 - DEBUG - 配置已備份至: backup\setup_backup_20250730_163345.json
2025-07-30 16:33:45,074 - VALO360 - DEBUG - 配置保存成功
2025-07-30 16:33:45,075 - VALO360 - DEBUG - 配置已備份至: backup\setup_backup_20250730_163345.json
2025-07-30 16:33:45,077 - VALO360 - DEBUG - 配置保存成功
2025-07-30 16:33:45,083 - VALO360 - DEBUG - 配置已備份至: backup\setup_backup_20250730_163345.json
2025-07-30 16:33:45,087 - VALO360 - DEBUG - 配置保存成功
2025-07-30 16:33:45,088 - VALO360 - DEBUG - 配置已備份至: backup\setup_backup_20250730_163345.json
2025-07-30 16:33:45,090 - VALO360 - DEBUG - 配置保存成功
2025-07-30 16:33:45,092 - VALO360 - DEBUG - 配置已備份至: backup\setup_backup_20250730_163345.json
2025-07-30 16:33:45,094 - VALO360 - DEBUG - 配置保存成功
2025-07-30 16:33:45,095 - VALO360 - DEBUG - 配置已備份至: backup\setup_backup_20250730_163345.json
2025-07-30 16:33:45,098 - VALO360 - DEBUG - 配置保存成功
2025-07-30 16:33:45,105 - VALO360 - DEBUG - 配置已備份至: backup\setup_backup_20250730_163345.json
2025-07-30 16:33:45,107 - VALO360 - DEBUG - 配置保存成功
2025-07-30 16:33:45,109 - VALO360 - DEBUG - 配置已備份至: backup\setup_backup_20250730_163345.json
2025-07-30 16:33:45,110 - VALO360 - DEBUG - 配置保存成功
2025-07-30 16:33:45,112 - VALO360 - DEBUG - 配置已備份至: backup\setup_backup_20250730_163345.json
2025-07-30 16:33:45,115 - VALO360 - DEBUG - 配置保存成功
2025-07-30 16:33:45,115 - VALO360 - DEBUG - 配置已備份至: backup\setup_backup_20250730_163345.json
2025-07-30 16:33:45,121 - VALO360 - DEBUG - 配置保存成功
2025-07-30 16:33:45,128 - VALO360 - DEBUG - 配置已備份至: backup\setup_backup_20250730_163345.json
2025-07-30 16:33:45,131 - VALO360 - DEBUG - 配置保存成功
2025-07-30 16:33:45,135 - VALO360 - DEBUG - 配置已備份至: backup\setup_backup_20250730_163345.json
2025-07-30 16:33:45,135 - VALO360 - DEBUG - 配置保存成功
2025-07-30 16:33:45,139 - VALO360 - DEBUG - 配置已備份至: backup\setup_backup_20250730_163345.json
2025-07-30 16:33:45,141 - VALO360 - DEBUG - 配置保存成功
2025-07-30 16:33:45,142 - VALO360 - DEBUG - 配置已備份至: backup\setup_backup_20250730_163345.json
2025-07-30 16:33:45,144 - VALO360 - DEBUG - 配置保存成功
2025-07-30 16:33:45,151 - VALO360 - DEBUG - 配置已備份至: backup\setup_backup_20250730_163345.json
2025-07-30 16:33:45,155 - VALO360 - DEBUG - 配置保存成功
2025-07-30 16:33:45,156 - VALO360 - DEBUG - 配置已備份至: backup\setup_backup_20250730_163345.json
2025-07-30 16:33:45,158 - VALO360 - DEBUG - 配置保存成功
2025-07-30 16:33:45,159 - VALO360 - DEBUG - 配置已備份至: backup\setup_backup_20250730_163345.json
2025-07-30 16:33:45,161 - VALO360 - DEBUG - 配置保存成功
2025-07-30 16:33:45,162 - VALO360 - DEBUG - 配置已備份至: backup\setup_backup_20250730_163345.json
2025-07-30 16:33:45,167 - VALO360 - DEBUG - 配置保存成功
2025-07-30 16:33:45,175 - VALO360 - DEBUG - 配置已備份至: backup\setup_backup_20250730_163345.json
2025-07-30 16:33:45,178 - VALO360 - DEBUG - 配置保存成功
2025-07-30 16:33:45,179 - VALO360 - DEBUG - 配置已備份至: backup\setup_backup_20250730_163345.json
2025-07-30 16:33:45,182 - VALO360 - DEBUG - 配置保存成功
2025-07-30 16:33:45,186 - VALO360 - DEBUG - 配置已備份至: backup\setup_backup_20250730_163345.json
2025-07-30 16:33:45,188 - VALO360 - DEBUG - 配置保存成功
2025-07-30 16:33:45,189 - VALO360 - DEBUG - 配置已備份至: backup\setup_backup_20250730_163345.json
2025-07-30 16:33:45,192 - VALO360 - DEBUG - 配置保存成功
2025-07-30 16:33:45,201 - VALO360 - DEBUG - 配置已備份至: backup\setup_backup_20250730_163345.json
2025-07-30 16:33:45,204 - VALO360 - DEBUG - 配置保存成功
2025-07-30 16:33:45,206 - VALO360 - DEBUG - 配置已備份至: backup\setup_backup_20250730_163345.json
2025-07-30 16:33:45,208 - VALO360 - DEBUG - 配置保存成功
2025-07-30 16:33:45,209 - VALO360 - DEBUG - 配置已備份至: backup\setup_backup_20250730_163345.json
2025-07-30 16:33:45,211 - VALO360 - DEBUG - 配置保存成功
2025-07-30 16:33:45,213 - VALO360 - DEBUG - 配置已備份至: backup\setup_backup_20250730_163345.json
2025-07-30 16:33:45,216 - VALO360 - DEBUG - 配置保存成功
2025-07-30 16:33:45,225 - VALO360 - DEBUG - 配置已備份至: backup\setup_backup_20250730_163345.json
2025-07-30 16:33:45,227 - VALO360 - DEBUG - 配置保存成功
2025-07-30 16:33:45,229 - VALO360 - DEBUG - 配置已備份至: backup\setup_backup_20250730_163345.json
2025-07-30 16:33:45,231 - VALO360 - DEBUG - 配置保存成功
2025-07-30 16:33:45,233 - VALO360 - DEBUG - 配置已備份至: backup\setup_backup_20250730_163345.json
2025-07-30 16:33:45,236 - VALO360 - DEBUG - 配置保存成功
2025-07-30 16:33:45,238 - VALO360 - DEBUG - 配置已備份至: backup\setup_backup_20250730_163345.json
2025-07-30 16:33:45,240 - VALO360 - DEBUG - 配置保存成功
2025-07-30 16:33:45,245 - VALO360 - DEBUG - 配置已備份至: backup\setup_backup_20250730_163345.json
2025-07-30 16:33:45,248 - VALO360 - DEBUG - 配置保存成功
2025-07-30 16:33:45,250 - VALO360 - DEBUG - 配置已備份至: backup\setup_backup_20250730_163345.json
2025-07-30 16:33:45,254 - VALO360 - DEBUG - 配置保存成功
2025-07-30 16:33:45,255 - VALO360 - DEBUG - 配置已備份至: backup\setup_backup_20250730_163345.json
2025-07-30 16:33:45,257 - VALO360 - DEBUG - 配置保存成功
2025-07-30 16:33:45,258 - VALO360 - DEBUG - 配置已備份至: backup\setup_backup_20250730_163345.json
2025-07-30 16:33:45,261 - VALO360 - DEBUG - 配置保存成功
2025-07-30 16:33:45,268 - VALO360 - DEBUG - 配置已備份至: backup\setup_backup_20250730_163345.json
2025-07-30 16:33:45,270 - VALO360 - DEBUG - 配置保存成功
2025-07-30 16:33:45,271 - VALO360 - DEBUG - 配置已備份至: backup\setup_backup_20250730_163345.json
2025-07-30 16:33:45,274 - VALO360 - DEBUG - 配置保存成功
2025-07-30 16:33:45,276 - VALO360 - DEBUG - 配置已備份至: backup\setup_backup_20250730_163345.json
2025-07-30 16:33:45,277 - VALO360 - DEBUG - 配置保存成功
2025-07-30 16:33:45,279 - VALO360 - DEBUG - 配置已備份至: backup\setup_backup_20250730_163345.json
2025-07-30 16:33:45,281 - VALO360 - DEBUG - 配置保存成功
2025-07-30 16:33:45,289 - VALO360 - DEBUG - 配置已備份至: backup\setup_backup_20250730_163345.json
2025-07-30 16:33:45,291 - VALO360 - DEBUG - 配置保存成功
2025-07-30 16:33:45,293 - VALO360 - DEBUG - 配置已備份至: backup\setup_backup_20250730_163345.json
2025-07-30 16:33:45,295 - VALO360 - DEBUG - 配置保存成功
2025-07-30 16:33:45,296 - VALO360 - DEBUG - 配置已備份至: backup\setup_backup_20250730_163345.json
2025-07-30 16:33:45,299 - VALO360 - DEBUG - 配置保存成功
2025-07-30 16:33:45,301 - VALO360 - DEBUG - 配置已備份至: backup\setup_backup_20250730_163345.json
2025-07-30 16:33:45,304 - VALO360 - DEBUG - 配置保存成功
2025-07-30 16:33:45,310 - VALO360 - DEBUG - 配置已備份至: backup\setup_backup_20250730_163345.json
2025-07-30 16:33:45,312 - VALO360 - DEBUG - 配置保存成功
2025-07-30 16:33:45,312 - VALO360 - DEBUG - 配置已備份至: backup\setup_backup_20250730_163345.json
2025-07-30 16:33:45,316 - VALO360 - DEBUG - 配置保存成功
2025-07-30 16:33:45,320 - VALO360 - DEBUG - 配置已備份至: backup\setup_backup_20250730_163345.json
2025-07-30 16:33:45,320 - VALO360 - DEBUG - 配置保存成功
2025-07-30 16:33:45,320 - VALO360 - DEBUG - 配置已備份至: backup\setup_backup_20250730_163345.json
2025-07-30 16:33:45,320 - VALO360 - DEBUG - 配置保存成功
2025-07-30 16:33:45,331 - VALO360 - DEBUG - 配置已備份至: backup\setup_backup_20250730_163345.json
2025-07-30 16:33:45,337 - VALO360 - DEBUG - 配置保存成功
2025-07-30 16:33:45,338 - VALO360 - DEBUG - 配置已備份至: backup\setup_backup_20250730_163345.json
2025-07-30 16:33:45,340 - VALO360 - DEBUG - 配置保存成功
2025-07-30 16:33:45,342 - VALO360 - DEBUG - 配置已備份至: backup\setup_backup_20250730_163345.json
2025-07-30 16:33:45,344 - VALO360 - DEBUG - 配置保存成功
2025-07-30 16:33:45,345 - VALO360 - DEBUG - 配置已備份至: backup\setup_backup_20250730_163345.json
2025-07-30 16:33:45,348 - VALO360 - DEBUG - 配置保存成功
2025-07-30 16:33:45,355 - VALO360 - DEBUG - 配置已備份至: backup\setup_backup_20250730_163345.json
2025-07-30 16:33:45,358 - VALO360 - DEBUG - 配置保存成功
2025-07-30 16:33:45,360 - VALO360 - DEBUG - 配置已備份至: backup\setup_backup_20250730_163345.json
2025-07-30 16:33:45,362 - VALO360 - DEBUG - 配置保存成功
2025-07-30 16:33:45,363 - VALO360 - DEBUG - 配置已備份至: backup\setup_backup_20250730_163345.json
2025-07-30 16:33:45,366 - VALO360 - DEBUG - 配置保存成功
2025-07-30 16:33:45,369 - VALO360 - DEBUG - 配置已備份至: backup\setup_backup_20250730_163345.json
2025-07-30 16:33:45,371 - VALO360 - DEBUG - 配置保存成功
2025-07-30 16:33:45,377 - VALO360 - DEBUG - 配置已備份至: backup\setup_backup_20250730_163345.json
2025-07-30 16:33:45,377 - VALO360 - DEBUG - 配置保存成功
2025-07-30 16:33:45,381 - VALO360 - DEBUG - 配置已備份至: backup\setup_backup_20250730_163345.json
2025-07-30 16:33:45,381 - VALO360 - DEBUG - 配置保存成功
2025-07-30 16:33:45,385 - VALO360 - DEBUG - 配置已備份至: backup\setup_backup_20250730_163345.json
2025-07-30 16:33:45,389 - VALO360 - DEBUG - 配置保存成功
2025-07-30 16:33:45,389 - VALO360 - DEBUG - 配置已備份至: backup\setup_backup_20250730_163345.json
2025-07-30 16:33:45,391 - VALO360 - DEBUG - 配置保存成功
2025-07-30 16:33:45,398 - VALO360 - DEBUG - 配置已備份至: backup\setup_backup_20250730_163345.json
2025-07-30 16:33:45,398 - VALO360 - DEBUG - 配置保存成功
2025-07-30 16:33:45,404 - VALO360 - DEBUG - 配置已備份至: backup\setup_backup_20250730_163345.json
2025-07-30 16:33:45,406 - VALO360 - DEBUG - 配置保存成功
2025-07-30 16:33:45,407 - VALO360 - DEBUG - 配置已備份至: backup\setup_backup_20250730_163345.json
2025-07-30 16:33:45,409 - VALO360 - DEBUG - 配置保存成功
2025-07-30 16:33:45,409 - VALO360 - DEBUG - 配置已備份至: backup\setup_backup_20250730_163345.json
2025-07-30 16:33:45,414 - VALO360 - DEBUG - 配置保存成功
2025-07-30 16:33:45,420 - VALO360 - DEBUG - 配置已備份至: backup\setup_backup_20250730_163345.json
2025-07-30 16:33:45,422 - VALO360 - DEBUG - 配置保存成功
2025-07-30 16:33:45,423 - VALO360 - DEBUG - 配置已備份至: backup\setup_backup_20250730_163345.json
2025-07-30 16:33:45,426 - VALO360 - DEBUG - 配置保存成功
2025-07-30 16:33:45,427 - VALO360 - DEBUG - 配置已備份至: backup\setup_backup_20250730_163345.json
2025-07-30 16:33:45,429 - VALO360 - DEBUG - 配置保存成功
2025-07-30 16:33:45,431 - VALO360 - DEBUG - 配置已備份至: backup\setup_backup_20250730_163345.json
2025-07-30 16:33:45,434 - VALO360 - DEBUG - 配置保存成功
2025-07-30 16:33:45,441 - VALO360 - DEBUG - 配置已備份至: backup\setup_backup_20250730_163345.json
2025-07-30 16:33:45,443 - VALO360 - DEBUG - 配置保存成功
2025-07-30 16:33:45,445 - VALO360 - DEBUG - 配置已備份至: backup\setup_backup_20250730_163345.json
2025-07-30 16:33:45,447 - VALO360 - DEBUG - 配置保存成功
2025-07-30 16:33:45,449 - VALO360 - DEBUG - 配置已備份至: backup\setup_backup_20250730_163345.json
2025-07-30 16:33:45,452 - VALO360 - DEBUG - 配置保存成功
2025-07-30 16:33:45,453 - VALO360 - DEBUG - 配置已備份至: backup\setup_backup_20250730_163345.json
2025-07-30 16:33:45,456 - VALO360 - DEBUG - 配置保存成功
2025-07-30 16:33:45,460 - VALO360 - DEBUG - 配置已備份至: backup\setup_backup_20250730_163345.json
2025-07-30 16:33:45,463 - VALO360 - DEBUG - 配置保存成功
2025-07-30 16:33:45,464 - VALO360 - DEBUG - 配置已備份至: backup\setup_backup_20250730_163345.json
2025-07-30 16:33:45,468 - VALO360 - DEBUG - 配置保存成功
2025-07-30 16:33:45,470 - VALO360 - DEBUG - 配置已備份至: backup\setup_backup_20250730_163345.json
2025-07-30 16:33:45,472 - VALO360 - DEBUG - 配置保存成功
2025-07-30 16:33:45,474 - VALO360 - DEBUG - 配置已備份至: backup\setup_backup_20250730_163345.json
2025-07-30 16:33:45,475 - VALO360 - DEBUG - 配置保存成功
2025-07-30 16:33:45,481 - VALO360 - DEBUG - 配置已備份至: backup\setup_backup_20250730_163345.json
2025-07-30 16:33:45,484 - VALO360 - DEBUG - 配置保存成功
2025-07-30 16:33:45,486 - VALO360 - DEBUG - 配置已備份至: backup\setup_backup_20250730_163345.json
2025-07-30 16:33:45,488 - VALO360 - DEBUG - 配置保存成功
2025-07-30 16:33:45,490 - VALO360 - DEBUG - 配置已備份至: backup\setup_backup_20250730_163345.json
2025-07-30 16:33:45,492 - VALO360 - DEBUG - 配置保存成功
2025-07-30 16:33:45,494 - VALO360 - DEBUG - 配置已備份至: backup\setup_backup_20250730_163345.json
2025-07-30 16:33:45,496 - VALO360 - DEBUG - 配置保存成功
2025-07-30 16:33:45,503 - VALO360 - DEBUG - 配置已備份至: backup\setup_backup_20250730_163345.json
2025-07-30 16:33:45,505 - VALO360 - DEBUG - 配置保存成功
2025-07-30 16:33:45,507 - VALO360 - DEBUG - 配置已備份至: backup\setup_backup_20250730_163345.json
2025-07-30 16:33:45,509 - VALO360 - DEBUG - 配置保存成功
2025-07-30 16:33:45,510 - VALO360 - DEBUG - 配置已備份至: backup\setup_backup_20250730_163345.json
2025-07-30 16:33:45,512 - VALO360 - DEBUG - 配置保存成功
2025-07-30 16:33:45,514 - VALO360 - DEBUG - 配置已備份至: backup\setup_backup_20250730_163345.json
2025-07-30 16:33:45,519 - VALO360 - DEBUG - 配置保存成功
2025-07-30 16:33:45,523 - VALO360 - DEBUG - 配置已備份至: backup\setup_backup_20250730_163345.json
2025-07-30 16:33:45,526 - VALO360 - DEBUG - 配置保存成功
2025-07-30 16:33:45,526 - VALO360 - DEBUG - 配置已備份至: backup\setup_backup_20250730_163345.json
2025-07-30 16:33:45,529 - VALO360 - DEBUG - 配置保存成功
2025-07-30 16:33:45,531 - VALO360 - DEBUG - 配置已備份至: backup\setup_backup_20250730_163345.json
2025-07-30 16:33:45,535 - VALO360 - DEBUG - 配置保存成功
2025-07-30 16:33:45,537 - VALO360 - DEBUG - 配置已備份至: backup\setup_backup_20250730_163345.json
2025-07-30 16:33:45,541 - VALO360 - DEBUG - 配置保存成功
2025-07-30 16:33:45,548 - VALO360 - DEBUG - 配置已備份至: backup\setup_backup_20250730_163345.json
2025-07-30 16:33:45,551 - VALO360 - DEBUG - 配置保存成功
2025-07-30 16:33:45,552 - VALO360 - DEBUG - 配置已備份至: backup\setup_backup_20250730_163345.json
2025-07-30 16:33:45,554 - VALO360 - DEBUG - 配置保存成功
2025-07-30 16:33:45,556 - VALO360 - DEBUG - 配置已備份至: backup\setup_backup_20250730_163345.json
2025-07-30 16:33:45,558 - VALO360 - DEBUG - 配置保存成功
2025-07-30 16:33:45,560 - VALO360 - DEBUG - 配置已備份至: backup\setup_backup_20250730_163345.json
2025-07-30 16:33:45,562 - VALO360 - DEBUG - 配置保存成功
2025-07-30 16:33:45,568 - VALO360 - DEBUG - 配置已備份至: backup\setup_backup_20250730_163345.json
2025-07-30 16:33:45,571 - VALO360 - DEBUG - 配置保存成功
2025-07-30 16:33:45,572 - VALO360 - DEBUG - 配置已備份至: backup\setup_backup_20250730_163345.json
2025-07-30 16:33:45,575 - VALO360 - DEBUG - 配置保存成功
2025-07-30 16:33:45,576 - VALO360 - DEBUG - 配置已備份至: backup\setup_backup_20250730_163345.json
2025-07-30 16:33:45,578 - VALO360 - DEBUG - 配置保存成功
2025-07-30 16:33:45,579 - VALO360 - DEBUG - 配置已備份至: backup\setup_backup_20250730_163345.json
2025-07-30 16:33:45,583 - VALO360 - DEBUG - 配置保存成功
2025-07-30 16:33:45,589 - VALO360 - DEBUG - 配置已備份至: backup\setup_backup_20250730_163345.json
2025-07-30 16:33:45,591 - VALO360 - DEBUG - 配置保存成功
2025-07-30 16:33:45,592 - VALO360 - DEBUG - 配置已備份至: backup\setup_backup_20250730_163345.json
2025-07-30 16:33:45,594 - VALO360 - DEBUG - 配置保存成功
2025-07-30 16:33:45,596 - VALO360 - DEBUG - 配置已備份至: backup\setup_backup_20250730_163345.json
2025-07-30 16:33:45,599 - VALO360 - DEBUG - 配置保存成功
2025-07-30 16:33:45,601 - VALO360 - DEBUG - 配置已備份至: backup\setup_backup_20250730_163345.json
2025-07-30 16:33:45,604 - VALO360 - DEBUG - 配置保存成功
2025-07-30 16:33:45,608 - VALO360 - DEBUG - 配置已備份至: backup\setup_backup_20250730_163345.json
2025-07-30 16:33:45,611 - VALO360 - DEBUG - 配置保存成功
2025-07-30 16:33:45,612 - VALO360 - DEBUG - 配置已備份至: backup\setup_backup_20250730_163345.json
2025-07-30 16:33:45,615 - VALO360 - DEBUG - 配置保存成功
2025-07-30 16:33:45,617 - VALO360 - DEBUG - 配置已備份至: backup\setup_backup_20250730_163345.json
2025-07-30 16:33:45,620 - VALO360 - DEBUG - 配置保存成功
2025-07-30 16:33:45,621 - VALO360 - DEBUG - 配置已備份至: backup\setup_backup_20250730_163345.json
2025-07-30 16:33:45,623 - VALO360 - DEBUG - 配置保存成功
2025-07-30 16:33:45,627 - VALO360 - DEBUG - 配置已備份至: backup\setup_backup_20250730_163345.json
2025-07-30 16:33:45,630 - VALO360 - DEBUG - 配置保存成功
2025-07-30 16:33:45,632 - VALO360 - DEBUG - 配置已備份至: backup\setup_backup_20250730_163345.json
2025-07-30 16:33:45,636 - VALO360 - DEBUG - 配置保存成功
2025-07-30 16:33:45,637 - VALO360 - DEBUG - 配置已備份至: backup\setup_backup_20250730_163345.json
2025-07-30 16:33:45,639 - VALO360 - DEBUG - 配置保存成功
2025-07-30 16:33:45,641 - VALO360 - DEBUG - 配置已備份至: backup\setup_backup_20250730_163345.json
2025-07-30 16:33:45,643 - VALO360 - DEBUG - 配置保存成功
2025-07-30 16:33:45,647 - VALO360 - DEBUG - 配置已備份至: backup\setup_backup_20250730_163345.json
2025-07-30 16:33:45,651 - VALO360 - DEBUG - 配置保存成功
2025-07-30 16:33:45,652 - VALO360 - DEBUG - 配置已備份至: backup\setup_backup_20250730_163345.json
2025-07-30 16:33:45,654 - VALO360 - DEBUG - 配置保存成功
2025-07-30 16:33:45,658 - VALO360 - DEBUG - 配置已備份至: backup\setup_backup_20250730_163345.json
2025-07-30 16:33:45,660 - VALO360 - DEBUG - 配置保存成功
2025-07-30 16:33:45,662 - VALO360 - DEBUG - 配置已備份至: backup\setup_backup_20250730_163345.json
2025-07-30 16:33:45,665 - VALO360 - DEBUG - 配置保存成功
2025-07-30 16:33:45,671 - VALO360 - DEBUG - 配置已備份至: backup\setup_backup_20250730_163345.json
2025-07-30 16:33:45,673 - VALO360 - DEBUG - 配置保存成功
2025-07-30 16:33:45,675 - VALO360 - DEBUG - 配置已備份至: backup\setup_backup_20250730_163345.json
2025-07-30 16:33:45,677 - VALO360 - DEBUG - 配置保存成功
2025-07-30 16:33:45,677 - VALO360 - DEBUG - 配置已備份至: backup\setup_backup_20250730_163345.json
2025-07-30 16:33:45,681 - VALO360 - DEBUG - 配置保存成功
2025-07-30 16:33:45,681 - VALO360 - DEBUG - 配置已備份至: backup\setup_backup_20250730_163345.json
2025-07-30 16:33:45,687 - VALO360 - DEBUG - 配置保存成功
2025-07-30 16:33:45,692 - VALO360 - DEBUG - 配置已備份至: backup\setup_backup_20250730_163345.json
2025-07-30 16:33:45,694 - VALO360 - DEBUG - 配置保存成功
2025-07-30 16:33:45,695 - VALO360 - DEBUG - 配置已備份至: backup\setup_backup_20250730_163345.json
2025-07-30 16:33:45,699 - VALO360 - DEBUG - 配置保存成功
2025-07-30 16:33:45,702 - VALO360 - DEBUG - 配置已備份至: backup\setup_backup_20250730_163345.json
2025-07-30 16:33:45,704 - VALO360 - DEBUG - 配置保存成功
2025-07-30 16:33:45,706 - VALO360 - DEBUG - 配置已備份至: backup\setup_backup_20250730_163345.json
2025-07-30 16:33:45,708 - VALO360 - DEBUG - 配置保存成功
2025-07-30 16:33:45,712 - VALO360 - DEBUG - 配置已備份至: backup\setup_backup_20250730_163345.json
2025-07-30 16:33:45,716 - VALO360 - DEBUG - 配置保存成功
2025-07-30 16:33:45,718 - VALO360 - DEBUG - 配置已備份至: backup\setup_backup_20250730_163345.json
2025-07-30 16:33:45,720 - VALO360 - DEBUG - 配置保存成功
2025-07-30 16:33:45,722 - VALO360 - DEBUG - 配置已備份至: backup\setup_backup_20250730_163345.json
2025-07-30 16:33:45,724 - VALO360 - DEBUG - 配置保存成功
2025-07-30 16:33:45,725 - VALO360 - DEBUG - 配置已備份至: backup\setup_backup_20250730_163345.json
2025-07-30 16:33:45,727 - VALO360 - DEBUG - 配置保存成功
2025-07-30 16:33:45,733 - VALO360 - DEBUG - 配置已備份至: backup\setup_backup_20250730_163345.json
2025-07-30 16:33:45,737 - VALO360 - DEBUG - 配置保存成功
2025-07-30 16:33:45,738 - VALO360 - DEBUG - 配置已備份至: backup\setup_backup_20250730_163345.json
2025-07-30 16:33:45,741 - VALO360 - DEBUG - 配置保存成功
2025-07-30 16:33:45,742 - VALO360 - DEBUG - 配置已備份至: backup\setup_backup_20250730_163345.json
2025-07-30 16:33:45,744 - VALO360 - DEBUG - 配置保存成功
2025-07-30 16:33:45,746 - VALO360 - DEBUG - 配置已備份至: backup\setup_backup_20250730_163345.json
2025-07-30 16:33:45,748 - VALO360 - DEBUG - 配置保存成功
2025-07-30 16:33:45,754 - VALO360 - DEBUG - 配置已備份至: backup\setup_backup_20250730_163345.json
2025-07-30 16:33:45,757 - VALO360 - DEBUG - 配置保存成功
2025-07-30 16:33:45,758 - VALO360 - DEBUG - 配置已備份至: backup\setup_backup_20250730_163345.json
2025-07-30 16:33:45,761 - VALO360 - DEBUG - 配置保存成功
2025-07-30 16:33:45,762 - VALO360 - DEBUG - 配置已備份至: backup\setup_backup_20250730_163345.json
2025-07-30 16:33:45,766 - VALO360 - DEBUG - 配置保存成功
2025-07-30 16:33:45,768 - VALO360 - DEBUG - 配置已備份至: backup\setup_backup_20250730_163345.json
2025-07-30 16:33:45,771 - VALO360 - DEBUG - 配置保存成功
2025-07-30 16:33:45,777 - VALO360 - DEBUG - 配置已備份至: backup\setup_backup_20250730_163345.json
2025-07-30 16:33:45,779 - VALO360 - DEBUG - 配置保存成功
2025-07-30 16:33:45,781 - VALO360 - DEBUG - 配置已備份至: backup\setup_backup_20250730_163345.json
2025-07-30 16:33:45,784 - VALO360 - DEBUG - 配置保存成功
2025-07-30 16:33:45,785 - VALO360 - DEBUG - 配置已備份至: backup\setup_backup_20250730_163345.json
2025-07-30 16:33:45,788 - VALO360 - DEBUG - 配置保存成功
2025-07-30 16:33:45,789 - VALO360 - DEBUG - 配置已備份至: backup\setup_backup_20250730_163345.json
2025-07-30 16:33:45,793 - VALO360 - DEBUG - 配置保存成功
2025-07-30 16:33:45,797 - VALO360 - DEBUG - 配置已備份至: backup\setup_backup_20250730_163345.json
2025-07-30 16:33:45,799 - VALO360 - DEBUG - 配置保存成功
2025-07-30 16:33:45,801 - VALO360 - DEBUG - 配置已備份至: backup\setup_backup_20250730_163345.json
2025-07-30 16:33:45,804 - VALO360 - DEBUG - 配置保存成功
2025-07-30 16:33:45,806 - VALO360 - DEBUG - 配置已備份至: backup\setup_backup_20250730_163345.json
2025-07-30 16:33:45,808 - VALO360 - DEBUG - 配置保存成功
2025-07-30 16:33:45,809 - VALO360 - DEBUG - 配置已備份至: backup\setup_backup_20250730_163345.json
2025-07-30 16:33:45,812 - VALO360 - DEBUG - 配置保存成功
2025-07-30 16:33:45,819 - VALO360 - DEBUG - 配置已備份至: backup\setup_backup_20250730_163345.json
2025-07-30 16:33:45,821 - VALO360 - DEBUG - 配置保存成功
2025-07-30 16:33:45,823 - VALO360 - DEBUG - 配置已備份至: backup\setup_backup_20250730_163345.json
2025-07-30 16:33:45,825 - VALO360 - DEBUG - 配置保存成功
2025-07-30 16:33:45,826 - VALO360 - DEBUG - 配置已備份至: backup\setup_backup_20250730_163345.json
2025-07-30 16:33:45,828 - VALO360 - DEBUG - 配置保存成功
2025-07-30 16:33:45,830 - VALO360 - DEBUG - 配置已備份至: backup\setup_backup_20250730_163345.json
2025-07-30 16:33:45,832 - VALO360 - DEBUG - 配置保存成功
2025-07-30 16:33:45,838 - VALO360 - DEBUG - 配置已備份至: backup\setup_backup_20250730_163345.json
2025-07-30 16:33:45,841 - VALO360 - DEBUG - 配置保存成功
2025-07-30 16:33:45,842 - VALO360 - DEBUG - 配置已備份至: backup\setup_backup_20250730_163345.json
2025-07-30 16:33:45,844 - VALO360 - DEBUG - 配置保存成功
2025-07-30 16:33:45,845 - VALO360 - DEBUG - 配置已備份至: backup\setup_backup_20250730_163345.json
2025-07-30 16:33:45,848 - VALO360 - DEBUG - 配置保存成功
2025-07-30 16:33:45,851 - VALO360 - DEBUG - 配置已備份至: backup\setup_backup_20250730_163345.json
2025-07-30 16:33:45,854 - VALO360 - DEBUG - 配置保存成功
2025-07-30 16:33:45,858 - VALO360 - DEBUG - 配置已備份至: backup\setup_backup_20250730_163345.json
2025-07-30 16:33:45,861 - VALO360 - DEBUG - 配置保存成功
2025-07-30 16:33:45,862 - VALO360 - DEBUG - 配置已備份至: backup\setup_backup_20250730_163345.json
2025-07-30 16:33:45,865 - VALO360 - DEBUG - 配置保存成功
2025-07-30 16:33:45,868 - VALO360 - DEBUG - 配置已備份至: backup\setup_backup_20250730_163345.json
2025-07-30 16:33:45,870 - VALO360 - DEBUG - 配置保存成功
2025-07-30 16:33:45,871 - VALO360 - DEBUG - 配置已備份至: backup\setup_backup_20250730_163345.json
2025-07-30 16:33:45,873 - VALO360 - DEBUG - 配置保存成功
2025-07-30 16:33:45,876 - VALO360 - DEBUG - 配置已備份至: backup\setup_backup_20250730_163345.json
2025-07-30 16:33:45,876 - VALO360 - DEBUG - 配置保存成功
2025-07-30 16:33:47,817 - VALO360 - DEBUG - 配置已備份至: backup\setup_backup_20250730_163347.json
2025-07-30 16:33:47,820 - VALO360 - DEBUG - 已刪除舊備份: backup\setup_backup_20250730_155439.json
2025-07-30 16:33:47,820 - VALO360 - DEBUG - 配置保存成功
2025-07-30 16:33:47,822 - VALO360 - DEBUG - 配置已備份至: backup\setup_backup_20250730_163347.json
2025-07-30 16:33:47,824 - VALO360 - DEBUG - 配置保存成功
2025-07-30 16:33:47,826 - VALO360 - DEBUG - 配置已備份至: backup\setup_backup_20250730_163347.json
2025-07-30 16:33:47,828 - VALO360 - DEBUG - 配置保存成功
2025-07-30 16:33:47,830 - VALO360 - DEBUG - 配置已備份至: backup\setup_backup_20250730_163347.json
2025-07-30 16:33:47,831 - VALO360 - DEBUG - 配置保存成功
2025-07-30 16:33:47,831 - VALO360 - DEBUG - 配置已備份至: backup\setup_backup_20250730_163347.json
2025-07-30 16:33:47,831 - VALO360 - DEBUG - 配置保存成功
2025-07-30 16:33:47,841 - VALO360 - DEBUG - 配置已備份至: backup\setup_backup_20250730_163347.json
2025-07-30 16:33:47,844 - VALO360 - DEBUG - 配置保存成功
2025-07-30 16:33:47,845 - VALO360 - DEBUG - 配置已備份至: backup\setup_backup_20250730_163347.json
2025-07-30 16:33:47,848 - VALO360 - DEBUG - 配置保存成功
2025-07-30 16:33:47,848 - VALO360 - DEBUG - 配置已備份至: backup\setup_backup_20250730_163347.json
2025-07-30 16:33:47,853 - VALO360 - DEBUG - 配置保存成功
2025-07-30 16:33:47,860 - VALO360 - DEBUG - 配置已備份至: backup\setup_backup_20250730_163347.json
2025-07-30 16:33:47,862 - VALO360 - DEBUG - 配置保存成功
2025-07-30 16:33:47,864 - VALO360 - DEBUG - 配置已備份至: backup\setup_backup_20250730_163347.json
2025-07-30 16:33:47,867 - VALO360 - DEBUG - 配置保存成功
2025-07-30 16:33:47,869 - VALO360 - DEBUG - 配置已備份至: backup\setup_backup_20250730_163347.json
2025-07-30 16:33:47,872 - VALO360 - DEBUG - 配置保存成功
2025-07-30 16:33:47,874 - VALO360 - DEBUG - 配置已備份至: backup\setup_backup_20250730_163347.json
2025-07-30 16:33:47,876 - VALO360 - DEBUG - 配置保存成功
2025-07-30 16:33:47,880 - VALO360 - DEBUG - 配置已備份至: backup\setup_backup_20250730_163347.json
2025-07-30 16:33:47,883 - VALO360 - DEBUG - 配置保存成功
2025-07-30 16:33:47,885 - VALO360 - DEBUG - 配置已備份至: backup\setup_backup_20250730_163347.json
2025-07-30 16:33:47,887 - VALO360 - DEBUG - 配置保存成功
2025-07-30 16:33:47,888 - VALO360 - DEBUG - 配置已備份至: backup\setup_backup_20250730_163347.json
2025-07-30 16:33:47,890 - VALO360 - DEBUG - 配置保存成功
2025-07-30 16:33:47,891 - VALO360 - DEBUG - 配置已備份至: backup\setup_backup_20250730_163347.json
2025-07-30 16:33:47,894 - VALO360 - DEBUG - 配置保存成功
2025-07-30 16:33:47,897 - VALO360 - DEBUG - 配置已備份至: backup\setup_backup_20250730_163347.json
2025-07-30 16:33:47,901 - VALO360 - DEBUG - 配置保存成功
2025-07-30 16:33:47,903 - VALO360 - DEBUG - 配置已備份至: backup\setup_backup_20250730_163347.json
2025-07-30 16:33:47,905 - VALO360 - DEBUG - 配置保存成功
2025-07-30 16:33:47,907 - VALO360 - DEBUG - 配置已備份至: backup\setup_backup_20250730_163347.json
2025-07-30 16:33:47,908 - VALO360 - DEBUG - 配置保存成功
2025-07-30 16:33:47,910 - VALO360 - DEBUG - 配置已備份至: backup\setup_backup_20250730_163347.json
2025-07-30 16:33:47,912 - VALO360 - DEBUG - 配置保存成功
2025-07-30 16:33:47,917 - VALO360 - DEBUG - 配置已備份至: backup\setup_backup_20250730_163347.json
2025-07-30 16:33:47,918 - VALO360 - DEBUG - 配置保存成功
2025-07-30 16:33:47,918 - VALO360 - DEBUG - 配置已備份至: backup\setup_backup_20250730_163347.json
2025-07-30 16:33:47,923 - VALO360 - DEBUG - 配置保存成功
2025-07-30 16:33:47,925 - VALO360 - DEBUG - 配置已備份至: backup\setup_backup_20250730_163347.json
2025-07-30 16:33:47,926 - VALO360 - DEBUG - 配置保存成功
2025-07-30 16:33:47,926 - VALO360 - DEBUG - 配置已備份至: backup\setup_backup_20250730_163347.json
2025-07-30 16:33:47,931 - VALO360 - DEBUG - 配置保存成功
2025-07-30 16:33:47,931 - VALO360 - DEBUG - 配置已備份至: backup\setup_backup_20250730_163347.json
2025-07-30 16:33:47,936 - VALO360 - DEBUG - 配置保存成功
2025-07-30 16:33:47,938 - VALO360 - DEBUG - 配置已備份至: backup\setup_backup_20250730_163347.json
2025-07-30 16:33:47,940 - VALO360 - DEBUG - 配置保存成功
2025-07-30 16:33:47,941 - VALO360 - DEBUG - 配置已備份至: backup\setup_backup_20250730_163347.json
2025-07-30 16:33:47,941 - VALO360 - DEBUG - 配置保存成功
2025-07-30 16:33:47,946 - VALO360 - DEBUG - 配置已備份至: backup\setup_backup_20250730_163347.json
2025-07-30 16:33:47,948 - VALO360 - DEBUG - 配置保存成功
2025-07-30 16:33:47,953 - VALO360 - DEBUG - 配置已備份至: backup\setup_backup_20250730_163347.json
2025-07-30 16:33:47,957 - VALO360 - DEBUG - 配置保存成功
2025-07-30 16:33:47,957 - VALO360 - DEBUG - 配置已備份至: backup\setup_backup_20250730_163347.json
2025-07-30 16:33:47,960 - VALO360 - DEBUG - 配置保存成功
2025-07-30 16:33:47,962 - VALO360 - DEBUG - 配置已備份至: backup\setup_backup_20250730_163347.json
2025-07-30 16:33:47,965 - VALO360 - DEBUG - 配置保存成功
2025-07-30 16:33:47,965 - VALO360 - DEBUG - 配置已備份至: backup\setup_backup_20250730_163347.json
2025-07-30 16:33:47,968 - VALO360 - DEBUG - 配置保存成功
2025-07-30 16:33:47,972 - VALO360 - DEBUG - 配置已備份至: backup\setup_backup_20250730_163347.json
2025-07-30 16:33:47,974 - VALO360 - DEBUG - 配置保存成功
2025-07-30 16:33:47,976 - VALO360 - DEBUG - 配置已備份至: backup\setup_backup_20250730_163347.json
2025-07-30 16:33:47,978 - VALO360 - DEBUG - 配置保存成功
2025-07-30 16:33:47,978 - VALO360 - DEBUG - 配置已備份至: backup\setup_backup_20250730_163347.json
2025-07-30 16:33:47,983 - VALO360 - DEBUG - 配置保存成功
2025-07-30 16:33:47,984 - VALO360 - DEBUG - 配置已備份至: backup\setup_backup_20250730_163347.json
2025-07-30 16:33:47,987 - VALO360 - DEBUG - 配置保存成功
2025-07-30 16:33:47,989 - VALO360 - DEBUG - 配置已備份至: backup\setup_backup_20250730_163347.json
2025-07-30 16:33:47,992 - VALO360 - DEBUG - 配置保存成功
2025-07-30 16:33:47,993 - VALO360 - DEBUG - 配置已備份至: backup\setup_backup_20250730_163347.json
2025-07-30 16:33:47,996 - VALO360 - DEBUG - 配置保存成功
2025-07-30 16:33:47,997 - VALO360 - DEBUG - 配置已備份至: backup\setup_backup_20250730_163347.json
2025-07-30 16:33:48,000 - VALO360 - DEBUG - 配置保存成功
2025-07-30 16:33:48,002 - VALO360 - DEBUG - 配置已備份至: backup\setup_backup_20250730_163348.json
2025-07-30 16:33:48,003 - VALO360 - DEBUG - 已刪除舊備份: backup\setup_backup_20250730_155504.json
2025-07-30 16:33:48,005 - VALO360 - DEBUG - 配置保存成功
2025-07-30 16:33:48,008 - VALO360 - DEBUG - 配置已備份至: backup\setup_backup_20250730_163348.json
2025-07-30 16:33:48,011 - VALO360 - DEBUG - 配置保存成功
2025-07-30 16:33:48,012 - VALO360 - DEBUG - 配置已備份至: backup\setup_backup_20250730_163348.json
2025-07-30 16:33:48,014 - VALO360 - DEBUG - 配置保存成功
2025-07-30 16:33:48,017 - VALO360 - DEBUG - 配置已備份至: backup\setup_backup_20250730_163348.json
2025-07-30 16:33:48,019 - VALO360 - DEBUG - 配置保存成功
2025-07-30 16:33:48,020 - VALO360 - DEBUG - 配置已備份至: backup\setup_backup_20250730_163348.json
2025-07-30 16:33:48,022 - VALO360 - DEBUG - 配置保存成功
2025-07-30 16:33:48,025 - VALO360 - DEBUG - 配置已備份至: backup\setup_backup_20250730_163348.json
2025-07-30 16:33:48,026 - VALO360 - DEBUG - 配置保存成功
2025-07-30 16:33:48,028 - VALO360 - DEBUG - 配置已備份至: backup\setup_backup_20250730_163348.json
2025-07-30 16:33:48,031 - VALO360 - DEBUG - 配置保存成功
2025-07-30 16:33:48,031 - VALO360 - DEBUG - 配置已備份至: backup\setup_backup_20250730_163348.json
2025-07-30 16:33:48,031 - VALO360 - DEBUG - 配置保存成功
2025-07-30 16:33:48,036 - VALO360 - DEBUG - 配置已備份至: backup\setup_backup_20250730_163348.json
2025-07-30 16:33:48,039 - VALO360 - DEBUG - 配置保存成功
2025-07-30 16:33:48,045 - VALO360 - DEBUG - 配置已備份至: backup\setup_backup_20250730_163348.json
2025-07-30 16:33:48,047 - VALO360 - DEBUG - 配置保存成功
2025-07-30 16:33:48,048 - VALO360 - DEBUG - 配置已備份至: backup\setup_backup_20250730_163348.json
2025-07-30 16:33:48,051 - VALO360 - DEBUG - 配置保存成功
2025-07-30 16:33:48,052 - VALO360 - DEBUG - 配置已備份至: backup\setup_backup_20250730_163348.json
2025-07-30 16:33:48,055 - VALO360 - DEBUG - 配置保存成功
2025-07-30 16:33:48,057 - VALO360 - DEBUG - 配置已備份至: backup\setup_backup_20250730_163348.json
2025-07-30 16:33:48,059 - VALO360 - DEBUG - 配置保存成功
2025-07-30 16:33:48,062 - VALO360 - DEBUG - 配置已備份至: backup\setup_backup_20250730_163348.json
2025-07-30 16:33:48,066 - VALO360 - DEBUG - 配置保存成功
2025-07-30 16:33:48,067 - VALO360 - DEBUG - 配置已備份至: backup\setup_backup_20250730_163348.json
2025-07-30 16:33:48,069 - VALO360 - DEBUG - 配置保存成功
2025-07-30 16:33:48,072 - VALO360 - DEBUG - 配置已備份至: backup\setup_backup_20250730_163348.json
2025-07-30 16:33:48,074 - VALO360 - DEBUG - 配置保存成功
2025-07-30 16:33:48,074 - VALO360 - DEBUG - 配置已備份至: backup\setup_backup_20250730_163348.json
2025-07-30 16:33:48,076 - VALO360 - DEBUG - 配置保存成功
2025-07-30 16:33:48,087 - VALO360 - DEBUG - 配置已備份至: backup\setup_backup_20250730_163348.json
2025-07-30 16:33:48,089 - VALO360 - DEBUG - 配置保存成功
2025-07-30 16:33:48,090 - VALO360 - DEBUG - 配置已備份至: backup\setup_backup_20250730_163348.json
2025-07-30 16:33:48,093 - VALO360 - DEBUG - 配置保存成功
2025-07-30 16:33:48,094 - VALO360 - DEBUG - 配置已備份至: backup\setup_backup_20250730_163348.json
2025-07-30 16:33:48,096 - VALO360 - DEBUG - 配置保存成功
2025-07-30 16:33:48,097 - VALO360 - DEBUG - 配置已備份至: backup\setup_backup_20250730_163348.json
2025-07-30 16:33:48,100 - VALO360 - DEBUG - 配置保存成功
2025-07-30 16:33:48,104 - VALO360 - DEBUG - 配置已備份至: backup\setup_backup_20250730_163348.json
2025-07-30 16:33:48,106 - VALO360 - DEBUG - 配置保存成功
2025-07-30 16:33:48,107 - VALO360 - DEBUG - 配置已備份至: backup\setup_backup_20250730_163348.json
2025-07-30 16:33:48,110 - VALO360 - DEBUG - 配置保存成功
2025-07-30 16:33:48,110 - VALO360 - DEBUG - 配置已備份至: backup\setup_backup_20250730_163348.json
2025-07-30 16:33:48,114 - VALO360 - DEBUG - 配置保存成功
2025-07-30 16:33:48,116 - VALO360 - DEBUG - 配置已備份至: backup\setup_backup_20250730_163348.json
2025-07-30 16:33:48,118 - VALO360 - DEBUG - 配置保存成功
2025-07-30 16:33:48,121 - VALO360 - DEBUG - 配置已備份至: backup\setup_backup_20250730_163348.json
2025-07-30 16:33:48,125 - VALO360 - DEBUG - 配置保存成功
2025-07-30 16:33:48,126 - VALO360 - DEBUG - 配置已備份至: backup\setup_backup_20250730_163348.json
2025-07-30 16:33:48,128 - VALO360 - DEBUG - 配置保存成功
2025-07-30 16:33:48,130 - VALO360 - DEBUG - 配置已備份至: backup\setup_backup_20250730_163348.json
2025-07-30 16:33:48,133 - VALO360 - DEBUG - 配置保存成功
2025-07-30 16:33:48,135 - VALO360 - DEBUG - 配置已備份至: backup\setup_backup_20250730_163348.json
2025-07-30 16:33:48,138 - VALO360 - DEBUG - 配置保存成功
2025-07-30 16:33:48,141 - VALO360 - DEBUG - 配置已備份至: backup\setup_backup_20250730_163348.json
2025-07-30 16:33:48,142 - VALO360 - DEBUG - 配置保存成功
2025-07-30 16:33:48,142 - VALO360 - DEBUG - 配置已備份至: backup\setup_backup_20250730_163348.json
2025-07-30 16:33:48,145 - VALO360 - DEBUG - 配置保存成功
2025-07-30 16:33:48,148 - VALO360 - DEBUG - 配置已備份至: backup\setup_backup_20250730_163348.json
2025-07-30 16:33:48,150 - VALO360 - DEBUG - 配置保存成功
2025-07-30 16:33:48,153 - VALO360 - DEBUG - 配置已備份至: backup\setup_backup_20250730_163348.json
2025-07-30 16:33:48,154 - VALO360 - DEBUG - 配置保存成功
2025-07-30 16:33:48,157 - VALO360 - DEBUG - 配置已備份至: backup\setup_backup_20250730_163348.json
2025-07-30 16:33:48,157 - VALO360 - DEBUG - 配置保存成功
2025-07-30 16:33:48,165 - VALO360 - DEBUG - 配置已備份至: backup\setup_backup_20250730_163348.json
2025-07-30 16:33:48,167 - VALO360 - DEBUG - 配置保存成功
2025-07-30 16:33:48,169 - VALO360 - DEBUG - 配置已備份至: backup\setup_backup_20250730_163348.json
2025-07-30 16:33:48,169 - VALO360 - DEBUG - 配置保存成功
2025-07-30 16:33:48,169 - VALO360 - DEBUG - 配置已備份至: backup\setup_backup_20250730_163348.json
2025-07-30 16:33:48,174 - VALO360 - DEBUG - 配置保存成功
2025-07-30 16:33:48,178 - VALO360 - DEBUG - 配置已備份至: backup\setup_backup_20250730_163348.json
2025-07-30 16:33:48,181 - VALO360 - DEBUG - 配置保存成功
2025-07-30 16:33:48,181 - VALO360 - DEBUG - 配置已備份至: backup\setup_backup_20250730_163348.json
2025-07-30 16:33:48,181 - VALO360 - DEBUG - 配置保存成功
2025-07-30 16:33:48,186 - VALO360 - DEBUG - 配置已備份至: backup\setup_backup_20250730_163348.json
2025-07-30 16:33:48,188 - VALO360 - DEBUG - 配置保存成功
2025-07-30 16:33:48,188 - VALO360 - DEBUG - 配置已備份至: backup\setup_backup_20250730_163348.json
2025-07-30 16:33:48,191 - VALO360 - DEBUG - 配置保存成功
2025-07-30 16:33:48,198 - VALO360 - DEBUG - 配置已備份至: backup\setup_backup_20250730_163348.json
2025-07-30 16:33:48,203 - VALO360 - DEBUG - 配置保存成功
2025-07-30 16:33:48,203 - VALO360 - DEBUG - 配置已備份至: backup\setup_backup_20250730_163348.json
2025-07-30 16:33:48,205 - VALO360 - DEBUG - 配置保存成功
2025-07-30 16:33:48,207 - VALO360 - DEBUG - 配置已備份至: backup\setup_backup_20250730_163348.json
2025-07-30 16:33:48,207 - VALO360 - DEBUG - 配置保存成功
2025-07-30 16:33:48,211 - VALO360 - DEBUG - 配置已備份至: backup\setup_backup_20250730_163348.json
2025-07-30 16:33:48,215 - VALO360 - DEBUG - 配置保存成功
2025-07-30 16:33:48,217 - VALO360 - DEBUG - 配置已備份至: backup\setup_backup_20250730_163348.json
2025-07-30 16:33:48,219 - VALO360 - DEBUG - 配置保存成功
2025-07-30 16:33:48,221 - VALO360 - DEBUG - 配置已備份至: backup\setup_backup_20250730_163348.json
2025-07-30 16:33:48,225 - VALO360 - DEBUG - 配置保存成功
2025-07-30 16:33:48,225 - VALO360 - DEBUG - 配置已備份至: backup\setup_backup_20250730_163348.json
2025-07-30 16:33:48,227 - VALO360 - DEBUG - 配置保存成功
2025-07-30 16:33:48,229 - VALO360 - DEBUG - 配置已備份至: backup\setup_backup_20250730_163348.json
2025-07-30 16:33:48,231 - VALO360 - DEBUG - 配置保存成功
2025-07-30 16:33:48,235 - VALO360 - DEBUG - 配置已備份至: backup\setup_backup_20250730_163348.json
2025-07-30 16:33:48,237 - VALO360 - DEBUG - 配置保存成功
2025-07-30 16:33:48,241 - VALO360 - DEBUG - 配置已備份至: backup\setup_backup_20250730_163348.json
2025-07-30 16:33:48,242 - VALO360 - DEBUG - 配置保存成功
2025-07-30 16:33:48,242 - VALO360 - DEBUG - 配置已備份至: backup\setup_backup_20250730_163348.json
2025-07-30 16:33:48,245 - VALO360 - DEBUG - 配置保存成功
2025-07-30 16:33:48,248 - VALO360 - DEBUG - 配置已備份至: backup\setup_backup_20250730_163348.json
2025-07-30 16:33:48,251 - VALO360 - DEBUG - 配置保存成功
2025-07-30 16:33:48,253 - VALO360 - DEBUG - 配置已備份至: backup\setup_backup_20250730_163348.json
2025-07-30 16:33:48,258 - VALO360 - DEBUG - 配置保存成功
2025-07-30 16:33:48,260 - VALO360 - DEBUG - 配置已備份至: backup\setup_backup_20250730_163348.json
2025-07-30 16:33:48,262 - VALO360 - DEBUG - 配置保存成功
2025-07-30 16:33:48,262 - VALO360 - DEBUG - 配置已備份至: backup\setup_backup_20250730_163348.json
2025-07-30 16:33:48,266 - VALO360 - DEBUG - 配置保存成功
2025-07-30 16:33:48,266 - VALO360 - DEBUG - 配置已備份至: backup\setup_backup_20250730_163348.json
2025-07-30 16:33:48,268 - VALO360 - DEBUG - 配置保存成功
2025-07-30 16:33:48,273 - VALO360 - DEBUG - 配置已備份至: backup\setup_backup_20250730_163348.json
2025-07-30 16:33:48,273 - VALO360 - DEBUG - 配置保存成功
2025-07-30 16:33:48,279 - VALO360 - DEBUG - 配置已備份至: backup\setup_backup_20250730_163348.json
2025-07-30 16:33:48,282 - VALO360 - DEBUG - 配置保存成功
2025-07-30 16:33:48,284 - VALO360 - DEBUG - 配置已備份至: backup\setup_backup_20250730_163348.json
2025-07-30 16:33:48,286 - VALO360 - DEBUG - 配置保存成功
2025-07-30 16:33:48,289 - VALO360 - DEBUG - 配置已備份至: backup\setup_backup_20250730_163348.json
2025-07-30 16:33:48,291 - VALO360 - DEBUG - 配置保存成功
2025-07-30 16:33:48,293 - VALO360 - DEBUG - 配置已備份至: backup\setup_backup_20250730_163348.json
2025-07-30 16:33:48,295 - VALO360 - DEBUG - 配置保存成功
2025-07-30 16:33:48,296 - VALO360 - DEBUG - 配置已備份至: backup\setup_backup_20250730_163348.json
2025-07-30 16:33:48,299 - VALO360 - DEBUG - 配置保存成功
2025-07-30 16:33:48,301 - VALO360 - DEBUG - 配置已備份至: backup\setup_backup_20250730_163348.json
2025-07-30 16:33:48,304 - VALO360 - DEBUG - 配置保存成功
2025-07-30 16:33:48,306 - VALO360 - DEBUG - 配置已備份至: backup\setup_backup_20250730_163348.json
2025-07-30 16:33:48,307 - VALO360 - DEBUG - 配置保存成功
2025-07-30 16:33:48,311 - VALO360 - DEBUG - 配置已備份至: backup\setup_backup_20250730_163348.json
2025-07-30 16:33:48,312 - VALO360 - DEBUG - 配置保存成功
2025-07-30 16:33:48,315 - VALO360 - DEBUG - 配置已備份至: backup\setup_backup_20250730_163348.json
2025-07-30 16:33:48,317 - VALO360 - DEBUG - 配置保存成功
2025-07-30 16:33:48,320 - VALO360 - DEBUG - 配置已備份至: backup\setup_backup_20250730_163348.json
2025-07-30 16:33:48,320 - VALO360 - DEBUG - 配置保存成功
2025-07-30 16:33:48,323 - VALO360 - DEBUG - 配置已備份至: backup\setup_backup_20250730_163348.json
2025-07-30 16:33:48,324 - VALO360 - DEBUG - 配置保存成功
2025-07-30 16:33:48,334 - VALO360 - DEBUG - 配置已備份至: backup\setup_backup_20250730_163348.json
2025-07-30 16:33:48,335 - VALO360 - DEBUG - 配置保存成功
2025-07-30 16:33:48,336 - VALO360 - DEBUG - 配置已備份至: backup\setup_backup_20250730_163348.json
2025-07-30 16:33:48,338 - VALO360 - DEBUG - 配置保存成功
2025-07-30 16:33:48,341 - VALO360 - DEBUG - 配置已備份至: backup\setup_backup_20250730_163348.json
2025-07-30 16:33:48,341 - VALO360 - DEBUG - 配置保存成功
2025-07-30 16:33:48,344 - VALO360 - DEBUG - 配置已備份至: backup\setup_backup_20250730_163348.json
2025-07-30 16:33:48,347 - VALO360 - DEBUG - 配置保存成功
2025-07-30 16:33:48,352 - VALO360 - DEBUG - 配置已備份至: backup\setup_backup_20250730_163348.json
2025-07-30 16:33:48,355 - VALO360 - DEBUG - 配置保存成功
2025-07-30 16:33:48,356 - VALO360 - DEBUG - 配置已備份至: backup\setup_backup_20250730_163348.json
2025-07-30 16:33:48,360 - VALO360 - DEBUG - 配置保存成功
2025-07-30 16:33:48,361 - VALO360 - DEBUG - 配置已備份至: backup\setup_backup_20250730_163348.json
2025-07-30 16:33:48,363 - VALO360 - DEBUG - 配置保存成功
2025-07-30 16:33:48,365 - VALO360 - DEBUG - 配置已備份至: backup\setup_backup_20250730_163348.json
2025-07-30 16:33:48,368 - VALO360 - DEBUG - 配置保存成功
2025-07-30 16:33:48,377 - VALO360 - DEBUG - 配置已備份至: backup\setup_backup_20250730_163348.json
2025-07-30 16:33:48,381 - VALO360 - DEBUG - 配置保存成功
2025-07-30 16:33:48,381 - VALO360 - DEBUG - 配置已備份至: backup\setup_backup_20250730_163348.json
2025-07-30 16:33:48,381 - VALO360 - DEBUG - 配置保存成功
2025-07-30 16:33:48,387 - VALO360 - DEBUG - 配置已備份至: backup\setup_backup_20250730_163348.json
2025-07-30 16:33:48,387 - VALO360 - DEBUG - 配置保存成功
2025-07-30 16:33:48,387 - VALO360 - DEBUG - 配置已備份至: backup\setup_backup_20250730_163348.json
2025-07-30 16:33:48,391 - VALO360 - DEBUG - 配置保存成功
2025-07-30 16:33:48,396 - VALO360 - DEBUG - 配置已備份至: backup\setup_backup_20250730_163348.json
2025-07-30 16:33:48,399 - VALO360 - DEBUG - 配置保存成功
2025-07-30 16:33:48,401 - VALO360 - DEBUG - 配置已備份至: backup\setup_backup_20250730_163348.json
2025-07-30 16:33:48,403 - VALO360 - DEBUG - 配置保存成功
2025-07-30 16:33:48,405 - VALO360 - DEBUG - 配置已備份至: backup\setup_backup_20250730_163348.json
2025-07-30 16:33:48,408 - VALO360 - DEBUG - 配置保存成功
2025-07-30 16:33:48,410 - VALO360 - DEBUG - 配置已備份至: backup\setup_backup_20250730_163348.json
2025-07-30 16:33:48,412 - VALO360 - DEBUG - 配置保存成功
2025-07-30 16:33:48,421 - VALO360 - DEBUG - 配置已備份至: backup\setup_backup_20250730_163348.json
2025-07-30 16:33:48,424 - VALO360 - DEBUG - 配置保存成功
2025-07-30 16:33:48,425 - VALO360 - DEBUG - 配置已備份至: backup\setup_backup_20250730_163348.json
2025-07-30 16:33:48,427 - VALO360 - DEBUG - 配置保存成功
2025-07-30 16:33:48,428 - VALO360 - DEBUG - 配置已備份至: backup\setup_backup_20250730_163348.json
2025-07-30 16:33:48,432 - VALO360 - DEBUG - 配置保存成功
2025-07-30 16:33:48,434 - VALO360 - DEBUG - 配置已備份至: backup\setup_backup_20250730_163348.json
2025-07-30 16:33:48,435 - VALO360 - DEBUG - 配置保存成功
2025-07-30 16:33:48,442 - VALO360 - DEBUG - 配置已備份至: backup\setup_backup_20250730_163348.json
2025-07-30 16:33:48,444 - VALO360 - DEBUG - 配置保存成功
2025-07-30 16:33:48,446 - VALO360 - DEBUG - 配置已備份至: backup\setup_backup_20250730_163348.json
2025-07-30 16:33:48,450 - VALO360 - DEBUG - 配置保存成功
2025-07-30 16:33:48,452 - VALO360 - DEBUG - 配置已備份至: backup\setup_backup_20250730_163348.json
2025-07-30 16:33:48,454 - VALO360 - DEBUG - 配置保存成功
2025-07-30 16:33:48,456 - VALO360 - DEBUG - 配置已備份至: backup\setup_backup_20250730_163348.json
2025-07-30 16:33:48,458 - VALO360 - DEBUG - 配置保存成功
2025-07-30 16:33:48,460 - VALO360 - DEBUG - 配置已備份至: backup\setup_backup_20250730_163348.json
2025-07-30 16:33:48,463 - VALO360 - DEBUG - 配置保存成功
2025-07-30 16:33:48,464 - VALO360 - DEBUG - 配置已備份至: backup\setup_backup_20250730_163348.json
2025-07-30 16:33:48,468 - VALO360 - DEBUG - 配置保存成功
2025-07-30 16:33:48,469 - VALO360 - DEBUG - 配置已備份至: backup\setup_backup_20250730_163348.json
2025-07-30 16:33:48,471 - VALO360 - DEBUG - 配置保存成功
2025-07-30 16:33:48,472 - VALO360 - DEBUG - 配置已備份至: backup\setup_backup_20250730_163348.json
2025-07-30 16:33:48,475 - VALO360 - DEBUG - 配置保存成功
2025-07-30 16:33:48,481 - VALO360 - DEBUG - 配置已備份至: backup\setup_backup_20250730_163348.json
2025-07-30 16:33:48,484 - VALO360 - DEBUG - 配置保存成功
2025-07-30 16:33:48,485 - VALO360 - DEBUG - 配置已備份至: backup\setup_backup_20250730_163348.json
2025-07-30 16:33:48,487 - VALO360 - DEBUG - 配置保存成功
2025-07-30 16:33:48,488 - VALO360 - DEBUG - 配置已備份至: backup\setup_backup_20250730_163348.json
2025-07-30 16:33:48,491 - VALO360 - DEBUG - 配置保存成功
2025-07-30 16:33:48,492 - VALO360 - DEBUG - 配置已備份至: backup\setup_backup_20250730_163348.json
2025-07-30 16:33:48,495 - VALO360 - DEBUG - 配置保存成功
2025-07-30 16:33:48,498 - VALO360 - DEBUG - 配置已備份至: backup\setup_backup_20250730_163348.json
2025-07-30 16:33:48,500 - VALO360 - DEBUG - 配置保存成功
2025-07-30 16:33:48,502 - VALO360 - DEBUG - 配置已備份至: backup\setup_backup_20250730_163348.json
2025-07-30 16:33:48,504 - VALO360 - DEBUG - 配置保存成功
2025-07-30 16:33:48,506 - VALO360 - DEBUG - 配置已備份至: backup\setup_backup_20250730_163348.json
2025-07-30 16:33:48,508 - VALO360 - DEBUG - 配置保存成功
2025-07-30 16:33:48,510 - VALO360 - DEBUG - 配置已備份至: backup\setup_backup_20250730_163348.json
2025-07-30 16:33:48,512 - VALO360 - DEBUG - 配置保存成功
2025-07-30 16:33:48,517 - VALO360 - DEBUG - 配置已備份至: backup\setup_backup_20250730_163348.json
2025-07-30 16:33:48,521 - VALO360 - DEBUG - 配置保存成功
2025-07-30 16:33:48,521 - VALO360 - DEBUG - 配置已備份至: backup\setup_backup_20250730_163348.json
2025-07-30 16:33:48,524 - VALO360 - DEBUG - 配置保存成功
2025-07-30 16:33:48,525 - VALO360 - DEBUG - 配置已備份至: backup\setup_backup_20250730_163348.json
2025-07-30 16:33:48,526 - VALO360 - DEBUG - 配置保存成功
2025-07-30 16:33:48,528 - VALO360 - DEBUG - 配置已備份至: backup\setup_backup_20250730_163348.json
2025-07-30 16:33:48,531 - VALO360 - DEBUG - 配置保存成功
2025-07-30 16:33:48,536 - VALO360 - DEBUG - 配置已備份至: backup\setup_backup_20250730_163348.json
2025-07-30 16:33:48,536 - VALO360 - DEBUG - 配置保存成功
2025-07-30 16:33:48,540 - VALO360 - DEBUG - 配置已備份至: backup\setup_backup_20250730_163348.json
2025-07-30 16:33:48,541 - VALO360 - DEBUG - 配置保存成功
2025-07-30 16:33:48,541 - VALO360 - DEBUG - 配置已備份至: backup\setup_backup_20250730_163348.json
2025-07-30 16:33:48,545 - VALO360 - DEBUG - 配置保存成功
2025-07-30 16:33:48,547 - VALO360 - DEBUG - 配置已備份至: backup\setup_backup_20250730_163348.json
2025-07-30 16:33:48,549 - VALO360 - DEBUG - 配置保存成功
2025-07-30 16:33:48,553 - VALO360 - DEBUG - 配置已備份至: backup\setup_backup_20250730_163348.json
2025-07-30 16:33:48,555 - VALO360 - DEBUG - 配置保存成功
2025-07-30 16:33:48,557 - VALO360 - DEBUG - 配置已備份至: backup\setup_backup_20250730_163348.json
2025-07-30 16:33:48,559 - VALO360 - DEBUG - 配置保存成功
2025-07-30 16:33:48,561 - VALO360 - DEBUG - 配置已備份至: backup\setup_backup_20250730_163348.json
2025-07-30 16:33:48,563 - VALO360 - DEBUG - 配置保存成功
2025-07-30 16:33:48,565 - VALO360 - DEBUG - 配置已備份至: backup\setup_backup_20250730_163348.json
2025-07-30 16:33:48,565 - VALO360 - DEBUG - 配置保存成功
2025-07-30 16:33:48,574 - VALO360 - DEBUG - 配置已備份至: backup\setup_backup_20250730_163348.json
2025-07-30 16:33:48,577 - VALO360 - DEBUG - 配置保存成功
2025-07-30 16:33:48,578 - VALO360 - DEBUG - 配置已備份至: backup\setup_backup_20250730_163348.json
2025-07-30 16:33:48,581 - VALO360 - DEBUG - 配置保存成功
2025-07-30 16:33:48,581 - VALO360 - DEBUG - 配置已備份至: backup\setup_backup_20250730_163348.json
2025-07-30 16:33:48,585 - VALO360 - DEBUG - 配置保存成功
2025-07-30 16:33:48,588 - VALO360 - DEBUG - 配置已備份至: backup\setup_backup_20250730_163348.json
2025-07-30 16:33:48,589 - VALO360 - DEBUG - 配置保存成功
2025-07-30 16:33:48,592 - VALO360 - DEBUG - 配置已備份至: backup\setup_backup_20250730_163348.json
2025-07-30 16:33:48,594 - VALO360 - DEBUG - 配置保存成功
2025-07-30 16:33:48,596 - VALO360 - DEBUG - 配置已備份至: backup\setup_backup_20250730_163348.json
2025-07-30 16:33:48,599 - VALO360 - DEBUG - 配置保存成功
2025-07-30 16:33:48,601 - VALO360 - DEBUG - 配置已備份至: backup\setup_backup_20250730_163348.json
2025-07-30 16:33:48,604 - VALO360 - DEBUG - 配置保存成功
2025-07-30 16:33:48,605 - VALO360 - DEBUG - 配置已備份至: backup\setup_backup_20250730_163348.json
2025-07-30 16:33:48,607 - VALO360 - DEBUG - 配置保存成功
2025-07-30 16:33:48,612 - VALO360 - DEBUG - 配置已備份至: backup\setup_backup_20250730_163348.json
2025-07-30 16:33:48,615 - VALO360 - DEBUG - 配置保存成功
2025-07-30 16:33:48,618 - VALO360 - DEBUG - 配置已備份至: backup\setup_backup_20250730_163348.json
2025-07-30 16:33:48,620 - VALO360 - DEBUG - 配置保存成功
2025-07-30 16:33:48,622 - VALO360 - DEBUG - 配置已備份至: backup\setup_backup_20250730_163348.json
2025-07-30 16:33:48,624 - VALO360 - DEBUG - 配置保存成功
2025-07-30 16:33:48,624 - VALO360 - DEBUG - 配置已備份至: backup\setup_backup_20250730_163348.json
2025-07-30 16:33:48,628 - VALO360 - DEBUG - 配置保存成功
2025-07-30 16:33:48,631 - VALO360 - DEBUG - 配置已備份至: backup\setup_backup_20250730_163348.json
2025-07-30 16:33:48,631 - VALO360 - DEBUG - 配置保存成功
2025-07-30 16:33:48,636 - VALO360 - DEBUG - 配置已備份至: backup\setup_backup_20250730_163348.json
2025-07-30 16:33:48,637 - VALO360 - DEBUG - 配置保存成功
2025-07-30 16:33:48,640 - VALO360 - DEBUG - 配置已備份至: backup\setup_backup_20250730_163348.json
2025-07-30 16:33:48,641 - VALO360 - DEBUG - 配置保存成功
2025-07-30 16:33:48,641 - VALO360 - DEBUG - 配置已備份至: backup\setup_backup_20250730_163348.json
2025-07-30 16:33:48,644 - VALO360 - DEBUG - 配置保存成功
2025-07-30 16:33:48,652 - VALO360 - DEBUG - 配置已備份至: backup\setup_backup_20250730_163348.json
2025-07-30 16:33:48,654 - VALO360 - DEBUG - 配置保存成功
2025-07-30 16:33:48,656 - VALO360 - DEBUG - 配置已備份至: backup\setup_backup_20250730_163348.json
2025-07-30 16:33:48,658 - VALO360 - DEBUG - 配置保存成功
2025-07-30 16:33:48,658 - VALO360 - DEBUG - 配置已備份至: backup\setup_backup_20250730_163348.json
2025-07-30 16:33:48,660 - VALO360 - DEBUG - 配置保存成功
2025-07-30 16:33:48,662 - VALO360 - DEBUG - 配置已備份至: backup\setup_backup_20250730_163348.json
2025-07-30 16:33:48,666 - VALO360 - DEBUG - 配置保存成功
2025-07-30 16:33:48,668 - VALO360 - DEBUG - 配置已備份至: backup\setup_backup_20250730_163348.json
2025-07-30 16:33:48,671 - VALO360 - DEBUG - 配置保存成功
2025-07-30 16:33:48,673 - VALO360 - DEBUG - 配置已備份至: backup\setup_backup_20250730_163348.json
2025-07-30 16:33:48,675 - VALO360 - DEBUG - 配置保存成功
2025-07-30 16:33:48,676 - VALO360 - DEBUG - 配置已備份至: backup\setup_backup_20250730_163348.json
2025-07-30 16:33:48,679 - VALO360 - DEBUG - 配置保存成功
2025-07-30 16:33:48,680 - VALO360 - DEBUG - 配置已備份至: backup\setup_backup_20250730_163348.json
2025-07-30 16:33:48,683 - VALO360 - DEBUG - 配置保存成功
2025-07-30 16:33:48,689 - VALO360 - DEBUG - 配置已備份至: backup\setup_backup_20250730_163348.json
2025-07-30 16:33:48,691 - VALO360 - DEBUG - 配置保存成功
2025-07-30 16:33:48,693 - VALO360 - DEBUG - 配置已備份至: backup\setup_backup_20250730_163348.json
2025-07-30 16:33:48,695 - VALO360 - DEBUG - 配置保存成功
2025-07-30 16:33:48,695 - VALO360 - DEBUG - 配置已備份至: backup\setup_backup_20250730_163348.json
2025-07-30 16:33:48,700 - VALO360 - DEBUG - 配置保存成功
2025-07-30 16:33:48,700 - VALO360 - DEBUG - 配置已備份至: backup\setup_backup_20250730_163348.json
2025-07-30 16:33:48,704 - VALO360 - DEBUG - 配置保存成功
2025-07-30 16:33:48,704 - VALO360 - DEBUG - 配置已備份至: backup\setup_backup_20250730_163348.json
2025-07-30 16:33:48,708 - VALO360 - DEBUG - 配置保存成功
2025-07-30 16:33:48,710 - VALO360 - DEBUG - 配置已備份至: backup\setup_backup_20250730_163348.json
2025-07-30 16:33:48,712 - VALO360 - DEBUG - 配置保存成功
2025-07-30 16:33:48,714 - VALO360 - DEBUG - 配置已備份至: backup\setup_backup_20250730_163348.json
2025-07-30 16:33:48,717 - VALO360 - DEBUG - 配置保存成功
2025-07-30 16:33:48,717 - VALO360 - DEBUG - 配置已備份至: backup\setup_backup_20250730_163348.json
2025-07-30 16:33:48,722 - VALO360 - DEBUG - 配置保存成功
2025-07-30 16:33:48,725 - VALO360 - DEBUG - 配置已備份至: backup\setup_backup_20250730_163348.json
2025-07-30 16:33:48,729 - VALO360 - DEBUG - 配置保存成功
2025-07-30 16:33:48,731 - VALO360 - DEBUG - 配置已備份至: backup\setup_backup_20250730_163348.json
2025-07-30 16:33:48,735 - VALO360 - DEBUG - 配置保存成功
2025-07-30 16:33:48,736 - VALO360 - DEBUG - 配置已備份至: backup\setup_backup_20250730_163348.json
2025-07-30 16:33:48,738 - VALO360 - DEBUG - 配置保存成功
2025-07-30 16:33:48,740 - VALO360 - DEBUG - 配置已備份至: backup\setup_backup_20250730_163348.json
2025-07-30 16:33:48,742 - VALO360 - DEBUG - 配置保存成功
2025-07-30 16:33:48,742 - VALO360 - DEBUG - 配置已備份至: backup\setup_backup_20250730_163348.json
2025-07-30 16:33:48,746 - VALO360 - DEBUG - 配置保存成功
2025-07-30 16:33:48,748 - VALO360 - DEBUG - 配置已備份至: backup\setup_backup_20250730_163348.json
2025-07-30 16:33:48,751 - VALO360 - DEBUG - 配置保存成功
2025-07-30 16:33:48,753 - VALO360 - DEBUG - 配置已備份至: backup\setup_backup_20250730_163348.json
2025-07-30 16:33:48,755 - VALO360 - DEBUG - 配置保存成功
2025-07-30 16:33:48,755 - VALO360 - DEBUG - 配置已備份至: backup\setup_backup_20250730_163348.json
2025-07-30 16:33:48,759 - VALO360 - DEBUG - 配置保存成功
2025-07-30 16:33:49,528 - VALO360 - DEBUG - 配置已備份至: backup\setup_backup_20250730_163349.json
2025-07-30 16:33:49,529 - VALO360 - DEBUG - 已刪除舊備份: backup\setup_backup_20250730_155505.json
2025-07-30 16:33:49,531 - VALO360 - DEBUG - 配置保存成功
2025-07-30 16:33:49,531 - VALO360 - DEBUG - 配置已備份至: backup\setup_backup_20250730_163349.json
2025-07-30 16:33:49,538 - VALO360 - DEBUG - 配置保存成功
2025-07-30 16:33:49,538 - VALO360 - DEBUG - 配置已備份至: backup\setup_backup_20250730_163349.json
2025-07-30 16:33:49,542 - VALO360 - DEBUG - 配置保存成功
2025-07-30 16:33:49,542 - VALO360 - DEBUG - 配置已備份至: backup\setup_backup_20250730_163349.json
2025-07-30 16:33:49,542 - VALO360 - DEBUG - 配置保存成功
2025-07-30 16:33:49,548 - VALO360 - DEBUG - 配置已備份至: backup\setup_backup_20250730_163349.json
2025-07-30 16:33:49,555 - VALO360 - DEBUG - 配置保存成功
2025-07-30 16:33:49,555 - VALO360 - DEBUG - 配置已備份至: backup\setup_backup_20250730_163349.json
2025-07-30 16:33:49,558 - VALO360 - DEBUG - 配置保存成功
2025-07-30 16:33:49,560 - VALO360 - DEBUG - 配置已備份至: backup\setup_backup_20250730_163349.json
2025-07-30 16:33:49,562 - VALO360 - DEBUG - 配置保存成功
2025-07-30 16:33:49,562 - VALO360 - DEBUG - 配置已備份至: backup\setup_backup_20250730_163349.json
2025-07-30 16:33:49,565 - VALO360 - DEBUG - 配置保存成功
2025-07-30 16:33:49,575 - VALO360 - DEBUG - 配置已備份至: backup\setup_backup_20250730_163349.json
2025-07-30 16:33:49,575 - VALO360 - DEBUG - 配置保存成功
2025-07-30 16:33:49,579 - VALO360 - DEBUG - 配置已備份至: backup\setup_backup_20250730_163349.json
2025-07-30 16:33:49,583 - VALO360 - DEBUG - 配置保存成功
2025-07-30 16:33:49,584 - VALO360 - DEBUG - 配置已備份至: backup\setup_backup_20250730_163349.json
2025-07-30 16:33:49,587 - VALO360 - DEBUG - 配置保存成功
2025-07-30 16:33:49,588 - VALO360 - DEBUG - 配置已備份至: backup\setup_backup_20250730_163349.json
2025-07-30 16:33:49,590 - VALO360 - DEBUG - 配置保存成功
2025-07-30 16:33:49,593 - VALO360 - DEBUG - 配置已備份至: backup\setup_backup_20250730_163349.json
2025-07-30 16:33:49,595 - VALO360 - DEBUG - 配置保存成功
2025-07-30 16:33:49,597 - VALO360 - DEBUG - 配置已備份至: backup\setup_backup_20250730_163349.json
2025-07-30 16:33:49,601 - VALO360 - DEBUG - 配置保存成功
2025-07-30 16:33:49,603 - VALO360 - DEBUG - 配置已備份至: backup\setup_backup_20250730_163349.json
2025-07-30 16:33:49,605 - VALO360 - DEBUG - 配置保存成功
2025-07-30 16:33:49,606 - VALO360 - DEBUG - 配置已備份至: backup\setup_backup_20250730_163349.json
2025-07-30 16:33:49,609 - VALO360 - DEBUG - 配置保存成功
2025-07-30 16:33:49,612 - VALO360 - DEBUG - 配置已備份至: backup\setup_backup_20250730_163349.json
2025-07-30 16:33:49,615 - VALO360 - DEBUG - 配置保存成功
2025-07-30 16:33:49,617 - VALO360 - DEBUG - 配置已備份至: backup\setup_backup_20250730_163349.json
2025-07-30 16:33:49,619 - VALO360 - DEBUG - 配置保存成功
2025-07-30 16:33:49,622 - VALO360 - DEBUG - 配置已備份至: backup\setup_backup_20250730_163349.json
2025-07-30 16:33:49,624 - VALO360 - DEBUG - 配置保存成功
2025-07-30 16:33:49,626 - VALO360 - DEBUG - 配置已備份至: backup\setup_backup_20250730_163349.json
2025-07-30 16:33:49,628 - VALO360 - DEBUG - 配置保存成功
2025-07-30 16:33:49,631 - VALO360 - DEBUG - 配置已備份至: backup\setup_backup_20250730_163349.json
2025-07-30 16:33:49,633 - VALO360 - DEBUG - 配置保存成功
2025-07-30 16:33:49,633 - VALO360 - DEBUG - 配置已備份至: backup\setup_backup_20250730_163349.json
2025-07-30 16:33:49,638 - VALO360 - DEBUG - 配置保存成功
2025-07-30 16:33:49,639 - VALO360 - DEBUG - 配置已備份至: backup\setup_backup_20250730_163349.json
2025-07-30 16:33:49,641 - VALO360 - DEBUG - 配置保存成功
2025-07-30 16:33:49,643 - VALO360 - DEBUG - 配置已備份至: backup\setup_backup_20250730_163349.json
2025-07-30 16:33:49,645 - VALO360 - DEBUG - 配置保存成功
2025-07-30 16:33:49,648 - VALO360 - DEBUG - 配置已備份至: backup\setup_backup_20250730_163349.json
2025-07-30 16:33:49,653 - VALO360 - DEBUG - 配置保存成功
2025-07-30 16:33:49,654 - VALO360 - DEBUG - 配置已備份至: backup\setup_backup_20250730_163349.json
2025-07-30 16:33:49,657 - VALO360 - DEBUG - 配置保存成功
2025-07-30 16:33:49,658 - VALO360 - DEBUG - 配置已備份至: backup\setup_backup_20250730_163349.json
2025-07-30 16:33:49,661 - VALO360 - DEBUG - 配置保存成功
2025-07-30 16:33:49,662 - VALO360 - DEBUG - 配置已備份至: backup\setup_backup_20250730_163349.json
2025-07-30 16:33:49,664 - VALO360 - DEBUG - 配置保存成功
2025-07-30 16:33:49,668 - VALO360 - DEBUG - 配置已備份至: backup\setup_backup_20250730_163349.json
2025-07-30 16:33:49,672 - VALO360 - DEBUG - 配置保存成功
2025-07-30 16:33:49,674 - VALO360 - DEBUG - 配置已備份至: backup\setup_backup_20250730_163349.json
2025-07-30 16:33:49,675 - VALO360 - DEBUG - 配置保存成功
2025-07-30 16:33:49,677 - VALO360 - DEBUG - 配置已備份至: backup\setup_backup_20250730_163349.json
2025-07-30 16:33:49,681 - VALO360 - DEBUG - 配置保存成功
2025-07-30 16:33:49,681 - VALO360 - DEBUG - 配置已備份至: backup\setup_backup_20250730_163349.json
2025-07-30 16:33:49,686 - VALO360 - DEBUG - 配置保存成功
2025-07-30 16:33:49,690 - VALO360 - DEBUG - 配置已備份至: backup\setup_backup_20250730_163349.json
2025-07-30 16:33:49,692 - VALO360 - DEBUG - 配置保存成功
2025-07-30 16:33:49,694 - VALO360 - DEBUG - 配置已備份至: backup\setup_backup_20250730_163349.json
2025-07-30 16:33:49,696 - VALO360 - DEBUG - 配置保存成功
2025-07-30 16:33:49,698 - VALO360 - DEBUG - 配置已備份至: backup\setup_backup_20250730_163349.json
2025-07-30 16:33:49,702 - VALO360 - DEBUG - 配置保存成功
2025-07-30 16:33:49,704 - VALO360 - DEBUG - 配置已備份至: backup\setup_backup_20250730_163349.json
2025-07-30 16:33:49,705 - VALO360 - DEBUG - 配置保存成功
2025-07-30 16:33:49,710 - VALO360 - DEBUG - 配置已備份至: backup\setup_backup_20250730_163349.json
2025-07-30 16:33:49,711 - VALO360 - DEBUG - 配置保存成功
2025-07-30 16:33:49,711 - VALO360 - DEBUG - 配置已備份至: backup\setup_backup_20250730_163349.json
2025-07-30 16:33:49,716 - VALO360 - DEBUG - 配置保存成功
2025-07-30 16:33:49,719 - VALO360 - DEBUG - 配置已備份至: backup\setup_backup_20250730_163349.json
2025-07-30 16:33:49,721 - VALO360 - DEBUG - 配置保存成功
2025-07-30 16:33:49,723 - VALO360 - DEBUG - 配置已備份至: backup\setup_backup_20250730_163349.json
2025-07-30 16:33:49,725 - VALO360 - DEBUG - 配置保存成功
2025-07-30 16:33:49,737 - VALO360 - DEBUG - 配置已備份至: backup\setup_backup_20250730_163349.json
2025-07-30 16:33:49,742 - VALO360 - DEBUG - 配置保存成功
2025-07-30 16:33:49,743 - VALO360 - DEBUG - 配置已備份至: backup\setup_backup_20250730_163349.json
2025-07-30 16:33:49,745 - VALO360 - DEBUG - 配置保存成功
2025-07-30 16:33:49,747 - VALO360 - DEBUG - 配置已備份至: backup\setup_backup_20250730_163349.json
2025-07-30 16:33:49,750 - VALO360 - DEBUG - 配置保存成功
2025-07-30 16:33:49,751 - VALO360 - DEBUG - 配置已備份至: backup\setup_backup_20250730_163349.json
2025-07-30 16:33:49,754 - VALO360 - DEBUG - 配置保存成功
2025-07-30 16:33:49,757 - VALO360 - DEBUG - 配置已備份至: backup\setup_backup_20250730_163349.json
2025-07-30 16:33:49,759 - VALO360 - DEBUG - 配置保存成功
2025-07-30 16:33:49,760 - VALO360 - DEBUG - 配置已備份至: backup\setup_backup_20250730_163349.json
2025-07-30 16:33:49,763 - VALO360 - DEBUG - 配置保存成功
2025-07-30 16:33:49,765 - VALO360 - DEBUG - 配置已備份至: backup\setup_backup_20250730_163349.json
2025-07-30 16:33:49,768 - VALO360 - DEBUG - 配置保存成功
2025-07-30 16:33:49,769 - VALO360 - DEBUG - 配置已備份至: backup\setup_backup_20250730_163349.json
2025-07-30 16:33:49,772 - VALO360 - DEBUG - 配置保存成功
2025-07-30 16:33:53,901 - VALO360 - DEBUG - 配置已備份至: backup\setup_backup_20250730_163353.json
2025-07-30 16:33:53,901 - VALO360 - DEBUG - 已刪除舊備份: backup\setup_backup_20250730_155508.json
2025-07-30 16:33:53,901 - VALO360 - DEBUG - 配置保存成功
2025-07-30 16:33:53,908 - VALO360 - DEBUG - 配置已備份至: backup\setup_backup_20250730_163353.json
2025-07-30 16:33:53,909 - VALO360 - DEBUG - 配置保存成功
2025-07-30 16:33:53,909 - VALO360 - DEBUG - 配置已備份至: backup\setup_backup_20250730_163353.json
2025-07-30 16:33:53,914 - VALO360 - DEBUG - 配置保存成功
2025-07-30 16:33:53,915 - VALO360 - DEBUG - 配置已備份至: backup\setup_backup_20250730_163353.json
2025-07-30 16:33:53,918 - VALO360 - DEBUG - 配置保存成功
2025-07-30 16:33:53,926 - VALO360 - DEBUG - 配置已備份至: backup\setup_backup_20250730_163353.json
2025-07-30 16:33:53,928 - VALO360 - DEBUG - 配置保存成功
2025-07-30 16:33:53,930 - VALO360 - DEBUG - 配置已備份至: backup\setup_backup_20250730_163353.json
2025-07-30 16:33:53,933 - VALO360 - DEBUG - 配置保存成功
2025-07-30 16:33:53,935 - VALO360 - DEBUG - 配置已備份至: backup\setup_backup_20250730_163353.json
2025-07-30 16:33:53,935 - VALO360 - DEBUG - 配置保存成功
2025-07-30 16:33:53,935 - VALO360 - DEBUG - 配置已備份至: backup\setup_backup_20250730_163353.json
2025-07-30 16:33:53,935 - VALO360 - DEBUG - 配置保存成功
2025-07-30 16:33:53,943 - VALO360 - DEBUG - 配置已備份至: backup\setup_backup_20250730_163353.json
2025-07-30 16:33:53,947 - VALO360 - DEBUG - 配置保存成功
2025-07-30 16:33:53,949 - VALO360 - DEBUG - 配置已備份至: backup\setup_backup_20250730_163353.json
2025-07-30 16:33:53,949 - VALO360 - DEBUG - 配置保存成功
2025-07-30 16:33:53,953 - VALO360 - DEBUG - 配置已備份至: backup\setup_backup_20250730_163353.json
2025-07-30 16:33:53,955 - VALO360 - DEBUG - 配置保存成功
2025-07-30 16:33:53,955 - VALO360 - DEBUG - 配置已備份至: backup\setup_backup_20250730_163353.json
2025-07-30 16:33:53,960 - VALO360 - DEBUG - 配置保存成功
2025-07-30 16:33:53,963 - VALO360 - DEBUG - 配置已備份至: backup\setup_backup_20250730_163353.json
2025-07-30 16:33:53,967 - VALO360 - DEBUG - 配置保存成功
2025-07-30 16:33:53,970 - VALO360 - DEBUG - 配置已備份至: backup\setup_backup_20250730_163353.json
2025-07-30 16:33:53,971 - VALO360 - DEBUG - 配置保存成功
2025-07-30 16:33:53,971 - VALO360 - DEBUG - 配置已備份至: backup\setup_backup_20250730_163353.json
2025-07-30 16:33:53,976 - VALO360 - DEBUG - 配置保存成功
2025-07-30 16:33:53,977 - VALO360 - DEBUG - 配置已備份至: backup\setup_backup_20250730_163353.json
2025-07-30 16:33:53,977 - VALO360 - DEBUG - 配置保存成功
2025-07-30 16:33:53,981 - VALO360 - DEBUG - 配置已備份至: backup\setup_backup_20250730_163353.json
2025-07-30 16:33:53,984 - VALO360 - DEBUG - 配置保存成功
2025-07-30 16:33:53,986 - VALO360 - DEBUG - 配置已備份至: backup\setup_backup_20250730_163353.json
2025-07-30 16:33:53,987 - VALO360 - DEBUG - 配置保存成功
2025-07-30 16:33:53,989 - VALO360 - DEBUG - 配置已備份至: backup\setup_backup_20250730_163353.json
2025-07-30 16:33:53,991 - VALO360 - DEBUG - 配置保存成功
2025-07-30 16:33:53,991 - VALO360 - DEBUG - 配置已備份至: backup\setup_backup_20250730_163353.json
2025-07-30 16:33:53,996 - VALO360 - DEBUG - 配置保存成功
2025-07-30 16:33:53,998 - VALO360 - DEBUG - 配置已備份至: backup\setup_backup_20250730_163353.json
2025-07-30 16:33:53,998 - VALO360 - DEBUG - 配置保存成功
2025-07-30 16:33:54,006 - VALO360 - DEBUG - 配置已備份至: backup\setup_backup_20250730_163354.json
2025-07-30 16:33:54,008 - VALO360 - DEBUG - 已刪除舊備份: backup\setup_backup_20250730_155512.json
2025-07-30 16:33:54,008 - VALO360 - DEBUG - 配置保存成功
2025-07-30 16:33:54,008 - VALO360 - DEBUG - 配置已備份至: backup\setup_backup_20250730_163354.json
2025-07-30 16:33:54,008 - VALO360 - DEBUG - 配置保存成功
2025-07-30 16:33:54,015 - VALO360 - DEBUG - 配置已備份至: backup\setup_backup_20250730_163354.json
2025-07-30 16:33:54,015 - VALO360 - DEBUG - 配置保存成功
2025-07-30 16:33:54,019 - VALO360 - DEBUG - 配置已備份至: backup\setup_backup_20250730_163354.json
2025-07-30 16:33:54,019 - VALO360 - DEBUG - 配置保存成功
2025-07-30 16:33:54,025 - VALO360 - DEBUG - 配置已備份至: backup\setup_backup_20250730_163354.json
2025-07-30 16:33:54,026 - VALO360 - DEBUG - 配置保存成功
2025-07-30 16:33:54,026 - VALO360 - DEBUG - 配置已備份至: backup\setup_backup_20250730_163354.json
2025-07-30 16:33:54,032 - VALO360 - DEBUG - 配置保存成功
2025-07-30 16:33:54,033 - VALO360 - DEBUG - 配置已備份至: backup\setup_backup_20250730_163354.json
2025-07-30 16:33:54,033 - VALO360 - DEBUG - 配置保存成功
2025-07-30 16:33:54,033 - VALO360 - DEBUG - 配置已備份至: backup\setup_backup_20250730_163354.json
2025-07-30 16:33:54,043 - VALO360 - DEBUG - 配置保存成功
2025-07-30 16:33:54,044 - VALO360 - DEBUG - 配置已備份至: backup\setup_backup_20250730_163354.json
2025-07-30 16:33:54,045 - VALO360 - DEBUG - 配置保存成功
2025-07-30 16:33:54,047 - VALO360 - DEBUG - 配置已備份至: backup\setup_backup_20250730_163354.json
2025-07-30 16:33:54,049 - VALO360 - DEBUG - 配置保存成功
2025-07-30 16:33:54,049 - VALO360 - DEBUG - 配置已備份至: backup\setup_backup_20250730_163354.json
2025-07-30 16:33:54,053 - VALO360 - DEBUG - 配置保存成功
2025-07-30 16:33:54,055 - VALO360 - DEBUG - 配置已備份至: backup\setup_backup_20250730_163354.json
2025-07-30 16:33:54,059 - VALO360 - DEBUG - 配置保存成功
2025-07-30 16:33:54,060 - VALO360 - DEBUG - 配置已備份至: backup\setup_backup_20250730_163354.json
2025-07-30 16:33:54,062 - VALO360 - DEBUG - 配置保存成功
2025-07-30 16:33:54,064 - VALO360 - DEBUG - 配置已備份至: backup\setup_backup_20250730_163354.json
2025-07-30 16:33:54,067 - VALO360 - DEBUG - 配置保存成功
2025-07-30 16:33:54,069 - VALO360 - DEBUG - 配置已備份至: backup\setup_backup_20250730_163354.json
2025-07-30 16:33:54,071 - VALO360 - DEBUG - 配置保存成功
2025-07-30 16:33:54,075 - VALO360 - DEBUG - 配置已備份至: backup\setup_backup_20250730_163354.json
2025-07-30 16:33:54,077 - VALO360 - DEBUG - 配置保存成功
2025-07-30 16:33:54,078 - VALO360 - DEBUG - 配置已備份至: backup\setup_backup_20250730_163354.json
2025-07-30 16:33:54,081 - VALO360 - DEBUG - 配置保存成功
2025-07-30 16:33:54,084 - VALO360 - DEBUG - 配置已備份至: backup\setup_backup_20250730_163354.json
2025-07-30 16:33:54,086 - VALO360 - DEBUG - 配置保存成功
2025-07-30 16:33:54,087 - VALO360 - DEBUG - 配置已備份至: backup\setup_backup_20250730_163354.json
2025-07-30 16:33:54,090 - VALO360 - DEBUG - 配置保存成功
2025-07-30 16:33:54,091 - VALO360 - DEBUG - 配置已備份至: backup\setup_backup_20250730_163354.json
2025-07-30 16:33:54,095 - VALO360 - DEBUG - 配置保存成功
2025-07-30 16:33:54,096 - VALO360 - DEBUG - 配置已備份至: backup\setup_backup_20250730_163354.json
2025-07-30 16:33:54,101 - VALO360 - DEBUG - 配置保存成功
2025-07-30 16:33:54,102 - VALO360 - DEBUG - 配置已備份至: backup\setup_backup_20250730_163354.json
2025-07-30 16:33:54,105 - VALO360 - DEBUG - 配置保存成功
2025-07-30 16:33:54,106 - VALO360 - DEBUG - 配置已備份至: backup\setup_backup_20250730_163354.json
2025-07-30 16:33:54,108 - VALO360 - DEBUG - 配置保存成功
2025-07-30 16:33:54,111 - VALO360 - DEBUG - 配置已備份至: backup\setup_backup_20250730_163354.json
2025-07-30 16:33:54,113 - VALO360 - DEBUG - 配置保存成功
2025-07-30 16:33:54,116 - VALO360 - DEBUG - 配置已備份至: backup\setup_backup_20250730_163354.json
2025-07-30 16:33:54,118 - VALO360 - DEBUG - 配置保存成功
2025-07-30 16:33:54,120 - VALO360 - DEBUG - 配置已備份至: backup\setup_backup_20250730_163354.json
2025-07-30 16:33:54,123 - VALO360 - DEBUG - 配置保存成功
2025-07-30 16:33:54,126 - VALO360 - DEBUG - 配置已備份至: backup\setup_backup_20250730_163354.json
2025-07-30 16:33:54,129 - VALO360 - DEBUG - 配置保存成功
2025-07-30 16:33:54,133 - VALO360 - DEBUG - 配置已備份至: backup\setup_backup_20250730_163354.json
2025-07-30 16:33:54,135 - VALO360 - DEBUG - 配置保存成功
2025-07-30 16:33:54,137 - VALO360 - DEBUG - 配置已備份至: backup\setup_backup_20250730_163354.json
2025-07-30 16:33:54,139 - VALO360 - DEBUG - 配置保存成功
2025-07-30 16:33:54,140 - VALO360 - DEBUG - 配置已備份至: backup\setup_backup_20250730_163354.json
2025-07-30 16:33:54,141 - VALO360 - DEBUG - 配置保存成功
2025-07-30 16:33:54,144 - VALO360 - DEBUG - 配置已備份至: backup\setup_backup_20250730_163354.json
2025-07-30 16:33:54,144 - VALO360 - DEBUG - 配置保存成功
2025-07-30 16:33:54,152 - VALO360 - DEBUG - 配置已備份至: backup\setup_backup_20250730_163354.json
2025-07-30 16:33:54,152 - VALO360 - DEBUG - 配置保存成功
2025-07-30 16:33:54,155 - VALO360 - DEBUG - 配置已備份至: backup\setup_backup_20250730_163354.json
2025-07-30 16:33:54,155 - VALO360 - DEBUG - 配置保存成功
2025-07-30 16:33:54,159 - VALO360 - DEBUG - 配置已備份至: backup\setup_backup_20250730_163354.json
2025-07-30 16:33:54,161 - VALO360 - DEBUG - 配置保存成功
2025-07-30 16:33:54,162 - VALO360 - DEBUG - 配置已備份至: backup\setup_backup_20250730_163354.json
2025-07-30 16:33:54,165 - VALO360 - DEBUG - 配置保存成功
2025-07-30 16:33:54,168 - VALO360 - DEBUG - 配置已備份至: backup\setup_backup_20250730_163354.json
2025-07-30 16:33:54,168 - VALO360 - DEBUG - 配置保存成功
2025-07-30 16:33:54,173 - VALO360 - DEBUG - 配置已備份至: backup\setup_backup_20250730_163354.json
2025-07-30 16:33:54,174 - VALO360 - DEBUG - 配置保存成功
2025-07-30 16:33:54,177 - VALO360 - DEBUG - 配置已備份至: backup\setup_backup_20250730_163354.json
2025-07-30 16:33:54,178 - VALO360 - DEBUG - 配置保存成功
2025-07-30 16:33:54,181 - VALO360 - DEBUG - 配置已備份至: backup\setup_backup_20250730_163354.json
2025-07-30 16:33:54,184 - VALO360 - DEBUG - 配置保存成功
2025-07-30 16:33:54,187 - VALO360 - DEBUG - 配置已備份至: backup\setup_backup_20250730_163354.json
2025-07-30 16:33:54,189 - VALO360 - DEBUG - 配置保存成功
2025-07-30 16:33:54,191 - VALO360 - DEBUG - 配置已備份至: backup\setup_backup_20250730_163354.json
2025-07-30 16:33:54,193 - VALO360 - DEBUG - 配置保存成功
2025-07-30 16:33:54,194 - VALO360 - DEBUG - 配置已備份至: backup\setup_backup_20250730_163354.json
2025-07-30 16:33:54,198 - VALO360 - DEBUG - 配置保存成功
2025-07-30 16:33:54,199 - VALO360 - DEBUG - 配置已備份至: backup\setup_backup_20250730_163354.json
2025-07-30 16:33:54,202 - VALO360 - DEBUG - 配置保存成功
2025-07-30 16:33:54,206 - VALO360 - DEBUG - 配置已備份至: backup\setup_backup_20250730_163354.json
2025-07-30 16:33:54,208 - VALO360 - DEBUG - 配置保存成功
2025-07-30 16:33:54,209 - VALO360 - DEBUG - 配置已備份至: backup\setup_backup_20250730_163354.json
2025-07-30 16:33:54,210 - VALO360 - DEBUG - 配置保存成功
2025-07-30 16:33:54,212 - VALO360 - DEBUG - 配置已備份至: backup\setup_backup_20250730_163354.json
2025-07-30 16:33:54,215 - VALO360 - DEBUG - 配置保存成功
2025-07-30 16:33:54,215 - VALO360 - DEBUG - 配置已備份至: backup\setup_backup_20250730_163354.json
2025-07-30 16:33:54,219 - VALO360 - DEBUG - 配置保存成功
2025-07-30 16:33:54,224 - VALO360 - DEBUG - 配置已備份至: backup\setup_backup_20250730_163354.json
2025-07-30 16:33:54,226 - VALO360 - DEBUG - 配置保存成功
2025-07-30 16:33:54,228 - VALO360 - DEBUG - 配置已備份至: backup\setup_backup_20250730_163354.json
2025-07-30 16:33:54,231 - VALO360 - DEBUG - 配置保存成功
2025-07-30 16:33:54,231 - VALO360 - DEBUG - 配置已備份至: backup\setup_backup_20250730_163354.json
2025-07-30 16:33:54,235 - VALO360 - DEBUG - 配置保存成功
2025-07-30 16:33:54,235 - VALO360 - DEBUG - 配置已備份至: backup\setup_backup_20250730_163354.json
2025-07-30 16:33:54,241 - VALO360 - DEBUG - 配置保存成功
2025-07-30 16:33:54,245 - VALO360 - DEBUG - 配置已備份至: backup\setup_backup_20250730_163354.json
2025-07-30 16:33:54,248 - VALO360 - DEBUG - 配置保存成功
2025-07-30 16:33:54,249 - VALO360 - DEBUG - 配置已備份至: backup\setup_backup_20250730_163354.json
2025-07-30 16:33:54,249 - VALO360 - DEBUG - 配置保存成功
2025-07-30 16:33:54,253 - VALO360 - DEBUG - 配置已備份至: backup\setup_backup_20250730_163354.json
2025-07-30 16:33:54,255 - VALO360 - DEBUG - 配置保存成功
2025-07-30 16:33:54,257 - VALO360 - DEBUG - 配置已備份至: backup\setup_backup_20250730_163354.json
2025-07-30 16:33:54,258 - VALO360 - DEBUG - 配置保存成功
2025-07-30 16:33:54,262 - VALO360 - DEBUG - 配置已備份至: backup\setup_backup_20250730_163354.json
2025-07-30 16:33:54,265 - VALO360 - DEBUG - 配置保存成功
2025-07-30 16:33:54,265 - VALO360 - DEBUG - 配置已備份至: backup\setup_backup_20250730_163354.json
2025-07-30 16:33:54,269 - VALO360 - DEBUG - 配置保存成功
2025-07-30 16:33:54,272 - VALO360 - DEBUG - 配置已備份至: backup\setup_backup_20250730_163354.json
2025-07-30 16:33:54,274 - VALO360 - DEBUG - 配置保存成功
2025-07-30 16:33:54,275 - VALO360 - DEBUG - 配置已備份至: backup\setup_backup_20250730_163354.json
2025-07-30 16:33:54,276 - VALO360 - DEBUG - 配置保存成功
2025-07-30 16:33:54,283 - VALO360 - DEBUG - 配置已備份至: backup\setup_backup_20250730_163354.json
2025-07-30 16:33:54,287 - VALO360 - DEBUG - 配置保存成功
2025-07-30 16:33:54,287 - VALO360 - DEBUG - 配置已備份至: backup\setup_backup_20250730_163354.json
2025-07-30 16:33:54,289 - VALO360 - DEBUG - 配置保存成功
2025-07-30 16:33:54,291 - VALO360 - DEBUG - 配置已備份至: backup\setup_backup_20250730_163354.json
2025-07-30 16:33:54,291 - VALO360 - DEBUG - 配置保存成功
2025-07-30 16:33:54,291 - VALO360 - DEBUG - 配置已備份至: backup\setup_backup_20250730_163354.json
2025-07-30 16:33:54,298 - VALO360 - DEBUG - 配置保存成功
2025-07-30 16:33:54,302 - VALO360 - DEBUG - 配置已備份至: backup\setup_backup_20250730_163354.json
2025-07-30 16:33:54,304 - VALO360 - DEBUG - 配置保存成功
2025-07-30 16:33:54,307 - VALO360 - DEBUG - 配置已備份至: backup\setup_backup_20250730_163354.json
2025-07-30 16:33:54,309 - VALO360 - DEBUG - 配置保存成功
2025-07-30 16:33:54,310 - VALO360 - DEBUG - 配置已備份至: backup\setup_backup_20250730_163354.json
2025-07-30 16:33:54,312 - VALO360 - DEBUG - 配置保存成功
2025-07-30 16:33:54,314 - VALO360 - DEBUG - 配置已備份至: backup\setup_backup_20250730_163354.json
2025-07-30 16:33:54,316 - VALO360 - DEBUG - 配置保存成功
2025-07-30 16:33:54,320 - VALO360 - DEBUG - 配置已備份至: backup\setup_backup_20250730_163354.json
2025-07-30 16:33:54,322 - VALO360 - DEBUG - 配置保存成功
2025-07-30 16:33:54,324 - VALO360 - DEBUG - 配置已備份至: backup\setup_backup_20250730_163354.json
2025-07-30 16:33:54,325 - VALO360 - DEBUG - 配置保存成功
2025-07-30 16:33:54,325 - VALO360 - DEBUG - 配置已備份至: backup\setup_backup_20250730_163354.json
2025-07-30 16:33:54,328 - VALO360 - DEBUG - 配置保存成功
2025-07-30 16:33:54,331 - VALO360 - DEBUG - 配置已備份至: backup\setup_backup_20250730_163354.json
2025-07-30 16:33:54,331 - VALO360 - DEBUG - 配置保存成功
2025-07-30 16:33:54,335 - VALO360 - DEBUG - 配置已備份至: backup\setup_backup_20250730_163354.json
2025-07-30 16:33:54,335 - VALO360 - DEBUG - 配置保存成功
2025-07-30 16:33:54,341 - VALO360 - DEBUG - 配置已備份至: backup\setup_backup_20250730_163354.json
2025-07-30 16:33:54,343 - VALO360 - DEBUG - 配置保存成功
2025-07-30 16:33:54,345 - VALO360 - DEBUG - 配置已備份至: backup\setup_backup_20250730_163354.json
2025-07-30 16:33:54,348 - VALO360 - DEBUG - 配置保存成功
2025-07-30 16:33:54,348 - VALO360 - DEBUG - 配置已備份至: backup\setup_backup_20250730_163354.json
2025-07-30 16:33:54,351 - VALO360 - DEBUG - 配置保存成功
2025-07-30 16:33:54,354 - VALO360 - DEBUG - 配置已備份至: backup\setup_backup_20250730_163354.json
2025-07-30 16:33:54,357 - VALO360 - DEBUG - 配置保存成功
2025-07-30 16:33:54,357 - VALO360 - DEBUG - 配置已備份至: backup\setup_backup_20250730_163354.json
2025-07-30 16:33:54,361 - VALO360 - DEBUG - 配置保存成功
2025-07-30 16:33:54,363 - VALO360 - DEBUG - 配置已備份至: backup\setup_backup_20250730_163354.json
2025-07-30 16:33:54,365 - VALO360 - DEBUG - 配置保存成功
2025-07-30 16:33:54,367 - VALO360 - DEBUG - 配置已備份至: backup\setup_backup_20250730_163354.json
2025-07-30 16:33:54,369 - VALO360 - DEBUG - 配置保存成功
2025-07-30 16:33:54,373 - VALO360 - DEBUG - 配置已備份至: backup\setup_backup_20250730_163354.json
2025-07-30 16:33:54,375 - VALO360 - DEBUG - 配置保存成功
2025-07-30 16:33:54,377 - VALO360 - DEBUG - 配置已備份至: backup\setup_backup_20250730_163354.json
2025-07-30 16:33:54,379 - VALO360 - DEBUG - 配置保存成功
2025-07-30 16:33:54,381 - VALO360 - DEBUG - 配置已備份至: backup\setup_backup_20250730_163354.json
2025-07-30 16:33:54,384 - VALO360 - DEBUG - 配置保存成功
2025-07-30 16:33:54,385 - VALO360 - DEBUG - 配置已備份至: backup\setup_backup_20250730_163354.json
2025-07-30 16:33:54,388 - VALO360 - DEBUG - 配置保存成功
2025-07-30 16:33:54,392 - VALO360 - DEBUG - 配置已備份至: backup\setup_backup_20250730_163354.json
2025-07-30 16:33:54,394 - VALO360 - DEBUG - 配置保存成功
2025-07-30 16:33:54,396 - VALO360 - DEBUG - 配置已備份至: backup\setup_backup_20250730_163354.json
2025-07-30 16:33:54,399 - VALO360 - DEBUG - 配置保存成功
2025-07-30 16:33:54,401 - VALO360 - DEBUG - 配置已備份至: backup\setup_backup_20250730_163354.json
2025-07-30 16:33:54,403 - VALO360 - DEBUG - 配置保存成功
2025-07-30 16:33:54,406 - VALO360 - DEBUG - 配置已備份至: backup\setup_backup_20250730_163354.json
2025-07-30 16:33:54,408 - VALO360 - DEBUG - 配置保存成功
2025-07-30 16:33:54,409 - VALO360 - DEBUG - 配置已備份至: backup\setup_backup_20250730_163354.json
2025-07-30 16:33:54,415 - VALO360 - DEBUG - 配置保存成功
2025-07-30 16:33:54,417 - VALO360 - DEBUG - 配置已備份至: backup\setup_backup_20250730_163354.json
2025-07-30 16:33:54,419 - VALO360 - DEBUG - 配置保存成功
2025-07-30 16:33:54,421 - VALO360 - DEBUG - 配置已備份至: backup\setup_backup_20250730_163354.json
2025-07-30 16:33:54,424 - VALO360 - DEBUG - 配置保存成功
2025-07-30 16:33:54,425 - VALO360 - DEBUG - 配置已備份至: backup\setup_backup_20250730_163354.json
2025-07-30 16:33:54,425 - VALO360 - DEBUG - 配置保存成功
2025-07-30 16:33:54,431 - VALO360 - DEBUG - 配置已備份至: backup\setup_backup_20250730_163354.json
2025-07-30 16:33:54,431 - VALO360 - DEBUG - 配置保存成功
2025-07-30 16:33:54,431 - VALO360 - DEBUG - 配置已備份至: backup\setup_backup_20250730_163354.json
2025-07-30 16:33:54,437 - VALO360 - DEBUG - 配置保存成功
2025-07-30 16:33:54,438 - VALO360 - DEBUG - 配置已備份至: backup\setup_backup_20250730_163354.json
2025-07-30 16:33:54,441 - VALO360 - DEBUG - 配置保存成功
2025-07-30 16:33:54,442 - VALO360 - DEBUG - 配置已備份至: backup\setup_backup_20250730_163354.json
2025-07-30 16:33:54,444 - VALO360 - DEBUG - 配置保存成功
2025-07-30 16:33:54,448 - VALO360 - DEBUG - 配置已備份至: backup\setup_backup_20250730_163354.json
2025-07-30 16:33:54,450 - VALO360 - DEBUG - 配置保存成功
2025-07-30 16:33:54,452 - VALO360 - DEBUG - 配置已備份至: backup\setup_backup_20250730_163354.json
2025-07-30 16:33:54,452 - VALO360 - DEBUG - 配置保存成功
2025-07-30 16:33:54,457 - VALO360 - DEBUG - 配置已備份至: backup\setup_backup_20250730_163354.json
2025-07-30 16:33:54,458 - VALO360 - DEBUG - 配置保存成功
2025-07-30 16:33:54,460 - VALO360 - DEBUG - 配置已備份至: backup\setup_backup_20250730_163354.json
2025-07-30 16:33:54,460 - VALO360 - DEBUG - 配置保存成功
2025-07-30 16:33:54,465 - VALO360 - DEBUG - 配置已備份至: backup\setup_backup_20250730_163354.json
2025-07-30 16:33:54,469 - VALO360 - DEBUG - 配置保存成功
2025-07-30 16:33:54,469 - VALO360 - DEBUG - 配置已備份至: backup\setup_backup_20250730_163354.json
2025-07-30 16:33:54,473 - VALO360 - DEBUG - 配置保存成功
2025-07-30 16:33:54,474 - VALO360 - DEBUG - 配置已備份至: backup\setup_backup_20250730_163354.json
2025-07-30 16:33:54,476 - VALO360 - DEBUG - 配置保存成功
2025-07-30 16:33:54,478 - VALO360 - DEBUG - 配置已備份至: backup\setup_backup_20250730_163354.json
2025-07-30 16:33:54,478 - VALO360 - DEBUG - 配置保存成功
2025-07-30 16:33:54,484 - VALO360 - DEBUG - 配置已備份至: backup\setup_backup_20250730_163354.json
2025-07-30 16:33:54,485 - VALO360 - DEBUG - 配置保存成功
2025-07-30 16:33:54,488 - VALO360 - DEBUG - 配置已備份至: backup\setup_backup_20250730_163354.json
2025-07-30 16:33:54,490 - VALO360 - DEBUG - 配置保存成功
2025-07-30 16:33:54,491 - VALO360 - DEBUG - 配置已備份至: backup\setup_backup_20250730_163354.json
2025-07-30 16:33:54,491 - VALO360 - DEBUG - 配置保存成功
2025-07-30 16:33:54,496 - VALO360 - DEBUG - 配置已備份至: backup\setup_backup_20250730_163354.json
2025-07-30 16:33:54,500 - VALO360 - DEBUG - 配置保存成功
2025-07-30 16:33:54,503 - VALO360 - DEBUG - 配置已備份至: backup\setup_backup_20250730_163354.json
2025-07-30 16:33:54,506 - VALO360 - DEBUG - 配置保存成功
2025-07-30 16:33:54,507 - VALO360 - DEBUG - 配置已備份至: backup\setup_backup_20250730_163354.json
2025-07-30 16:33:54,510 - VALO360 - DEBUG - 配置保存成功
2025-07-30 16:33:54,511 - VALO360 - DEBUG - 配置已備份至: backup\setup_backup_20250730_163354.json
2025-07-30 16:33:54,513 - VALO360 - DEBUG - 配置保存成功
2025-07-30 16:33:54,514 - VALO360 - DEBUG - 配置已備份至: backup\setup_backup_20250730_163354.json
2025-07-30 16:33:54,517 - VALO360 - DEBUG - 配置保存成功
2025-07-30 16:33:54,521 - VALO360 - DEBUG - 配置已備份至: backup\setup_backup_20250730_163354.json
2025-07-30 16:33:54,523 - VALO360 - DEBUG - 配置保存成功
2025-07-30 16:33:54,524 - VALO360 - DEBUG - 配置已備份至: backup\setup_backup_20250730_163354.json
2025-07-30 16:33:54,526 - VALO360 - DEBUG - 配置保存成功
2025-07-30 16:33:54,528 - VALO360 - DEBUG - 配置已備份至: backup\setup_backup_20250730_163354.json
2025-07-30 16:33:54,528 - VALO360 - DEBUG - 配置保存成功
2025-07-30 16:33:54,532 - VALO360 - DEBUG - 配置已備份至: backup\setup_backup_20250730_163354.json
2025-07-30 16:33:54,532 - VALO360 - DEBUG - 配置保存成功
2025-07-30 16:33:54,541 - VALO360 - DEBUG - 配置已備份至: backup\setup_backup_20250730_163354.json
2025-07-30 16:33:54,543 - VALO360 - DEBUG - 配置保存成功
2025-07-30 16:33:54,545 - VALO360 - DEBUG - 配置已備份至: backup\setup_backup_20250730_163354.json
2025-07-30 16:33:54,548 - VALO360 - DEBUG - 配置保存成功
2025-07-30 16:33:54,550 - VALO360 - DEBUG - 配置已備份至: backup\setup_backup_20250730_163354.json
2025-07-30 16:33:54,550 - VALO360 - DEBUG - 配置保存成功
2025-07-30 16:33:54,554 - VALO360 - DEBUG - 配置已備份至: backup\setup_backup_20250730_163354.json
2025-07-30 16:33:54,557 - VALO360 - DEBUG - 配置保存成功
2025-07-30 16:33:54,558 - VALO360 - DEBUG - 配置已備份至: backup\setup_backup_20250730_163354.json
2025-07-30 16:33:54,558 - VALO360 - DEBUG - 配置保存成功
2025-07-30 16:33:54,565 - VALO360 - DEBUG - 配置已備份至: backup\setup_backup_20250730_163354.json
2025-07-30 16:33:54,565 - VALO360 - DEBUG - 配置保存成功
2025-07-30 16:33:54,565 - VALO360 - DEBUG - 配置已備份至: backup\setup_backup_20250730_163354.json
2025-07-30 16:33:54,571 - VALO360 - DEBUG - 配置保存成功
2025-07-30 16:33:54,572 - VALO360 - DEBUG - 配置已備份至: backup\setup_backup_20250730_163354.json
2025-07-30 16:33:54,574 - VALO360 - DEBUG - 配置保存成功
2025-07-30 16:33:54,581 - VALO360 - DEBUG - 配置已備份至: backup\setup_backup_20250730_163354.json
2025-07-30 16:33:54,588 - VALO360 - DEBUG - 配置保存成功
2025-07-30 16:33:54,588 - VALO360 - DEBUG - 配置已備份至: backup\setup_backup_20250730_163354.json
2025-07-30 16:33:54,591 - VALO360 - DEBUG - 配置保存成功
2025-07-30 16:33:54,593 - VALO360 - DEBUG - 配置已備份至: backup\setup_backup_20250730_163354.json
2025-07-30 16:33:54,595 - VALO360 - DEBUG - 配置保存成功
2025-07-30 16:33:54,595 - VALO360 - DEBUG - 配置已備份至: backup\setup_backup_20250730_163354.json
2025-07-30 16:33:54,598 - VALO360 - DEBUG - 配置保存成功
2025-07-30 16:33:54,601 - VALO360 - DEBUG - 配置已備份至: backup\setup_backup_20250730_163354.json
2025-07-30 16:33:54,605 - VALO360 - DEBUG - 配置保存成功
2025-07-30 16:33:54,607 - VALO360 - DEBUG - 配置已備份至: backup\setup_backup_20250730_163354.json
2025-07-30 16:33:54,608 - VALO360 - DEBUG - 配置保存成功
2025-07-30 16:33:54,610 - VALO360 - DEBUG - 配置已備份至: backup\setup_backup_20250730_163354.json
2025-07-30 16:33:54,611 - VALO360 - DEBUG - 配置保存成功
2025-07-30 16:33:54,613 - VALO360 - DEBUG - 配置已備份至: backup\setup_backup_20250730_163354.json
2025-07-30 16:33:54,615 - VALO360 - DEBUG - 配置保存成功
2025-07-30 16:33:54,618 - VALO360 - DEBUG - 配置已備份至: backup\setup_backup_20250730_163354.json
2025-07-30 16:33:54,622 - VALO360 - DEBUG - 配置保存成功
2025-07-30 16:33:54,622 - VALO360 - DEBUG - 配置已備份至: backup\setup_backup_20250730_163354.json
2025-07-30 16:33:54,625 - VALO360 - DEBUG - 配置保存成功
2025-07-30 16:33:54,626 - VALO360 - DEBUG - 配置已備份至: backup\setup_backup_20250730_163354.json
2025-07-30 16:33:54,628 - VALO360 - DEBUG - 配置保存成功
2025-07-30 16:33:54,630 - VALO360 - DEBUG - 配置已備份至: backup\setup_backup_20250730_163354.json
2025-07-30 16:33:54,632 - VALO360 - DEBUG - 配置保存成功
2025-07-30 16:33:54,636 - VALO360 - DEBUG - 配置已備份至: backup\setup_backup_20250730_163354.json
2025-07-30 16:33:54,638 - VALO360 - DEBUG - 配置保存成功
2025-07-30 16:33:54,641 - VALO360 - DEBUG - 配置已備份至: backup\setup_backup_20250730_163354.json
2025-07-30 16:33:54,642 - VALO360 - DEBUG - 配置保存成功
2025-07-30 16:33:54,644 - VALO360 - DEBUG - 配置已備份至: backup\setup_backup_20250730_163354.json
2025-07-30 16:33:54,646 - VALO360 - DEBUG - 配置保存成功
2025-07-30 16:33:54,649 - VALO360 - DEBUG - 配置已備份至: backup\setup_backup_20250730_163354.json
2025-07-30 16:33:54,651 - VALO360 - DEBUG - 配置保存成功
2025-07-30 16:33:54,657 - VALO360 - DEBUG - 配置已備份至: backup\setup_backup_20250730_163354.json
2025-07-30 16:33:54,659 - VALO360 - DEBUG - 配置保存成功
2025-07-30 16:33:54,660 - VALO360 - DEBUG - 配置已備份至: backup\setup_backup_20250730_163354.json
2025-07-30 16:33:54,663 - VALO360 - DEBUG - 配置保存成功
2025-07-30 16:33:54,664 - VALO360 - DEBUG - 配置已備份至: backup\setup_backup_20250730_163354.json
2025-07-30 16:33:54,667 - VALO360 - DEBUG - 配置保存成功
2025-07-30 16:33:54,669 - VALO360 - DEBUG - 配置已備份至: backup\setup_backup_20250730_163354.json
2025-07-30 16:33:54,671 - VALO360 - DEBUG - 配置保存成功
2025-07-30 16:33:55,882 - VALO360 - DEBUG - 配置已備份至: backup\setup_backup_20250730_163355.json
2025-07-30 16:33:55,882 - VALO360 - DEBUG - 已刪除舊備份: backup\setup_backup_20250730_155641.json
2025-07-30 16:33:55,882 - VALO360 - DEBUG - 配置保存成功
2025-07-30 16:34:25,116 - VALO360 - DEBUG - 配置已備份至: backup\setup_backup_20250730_163425.json
2025-07-30 16:34:25,116 - VALO360 - DEBUG - 已刪除舊備份: backup\setup_backup_20250730_155815.json
2025-07-30 16:34:25,119 - VALO360 - DEBUG - 配置保存成功
2025-07-30 16:34:25,119 - VALO360 - DEBUG - 配置已備份至: backup\setup_backup_20250730_163425.json
2025-07-30 16:34:25,123 - VALO360 - DEBUG - 配置保存成功
2025-07-30 16:34:25,125 - VALO360 - DEBUG - 配置已備份至: backup\setup_backup_20250730_163425.json
2025-07-30 16:34:25,125 - VALO360 - DEBUG - 配置保存成功
2025-07-30 16:34:25,125 - VALO360 - DEBUG - 配置已備份至: backup\setup_backup_20250730_163425.json
2025-07-30 16:34:25,132 - VALO360 - DEBUG - 配置保存成功
2025-07-30 16:34:25,677 - VALO360 - DEBUG - 配置已備份至: backup\setup_backup_20250730_163425.json
2025-07-30 16:34:25,683 - VALO360 - DEBUG - 配置保存成功
2025-07-30 16:34:25,685 - VALO360 - DEBUG - 配置已備份至: backup\setup_backup_20250730_163425.json
2025-07-30 16:34:25,687 - VALO360 - DEBUG - 配置保存成功
2025-07-30 16:34:25,689 - VALO360 - DEBUG - 配置已備份至: backup\setup_backup_20250730_163425.json
2025-07-30 16:34:25,691 - VALO360 - DEBUG - 配置保存成功
2025-07-30 16:34:25,693 - VALO360 - DEBUG - 配置已備份至: backup\setup_backup_20250730_163425.json
2025-07-30 16:34:25,693 - VALO360 - DEBUG - 配置保存成功
2025-07-30 16:34:26,287 - VALO360 - DEBUG - 配置已備份至: backup\setup_backup_20250730_163426.json
2025-07-30 16:34:26,291 - VALO360 - DEBUG - 已刪除舊備份: backup\setup_backup_20250730_155821.json
2025-07-30 16:34:26,293 - VALO360 - DEBUG - 配置保存成功
2025-07-30 16:34:26,295 - VALO360 - DEBUG - 配置已備份至: backup\setup_backup_20250730_163426.json
2025-07-30 16:34:26,299 - VALO360 - DEBUG - 配置保存成功
2025-07-30 16:34:26,299 - VALO360 - DEBUG - 配置已備份至: backup\setup_backup_20250730_163426.json
2025-07-30 16:34:26,299 - VALO360 - DEBUG - 配置保存成功
2025-07-30 16:34:26,299 - VALO360 - DEBUG - 配置已備份至: backup\setup_backup_20250730_163426.json
2025-07-30 16:34:26,308 - VALO360 - DEBUG - 配置保存成功
2025-07-30 16:34:26,351 - VALO360 - DEBUG - 找到 2 個COM口: ['COM5', 'COM6']
2025-07-30 16:34:26,353 - VALO360 - DEBUG - 配置已備份至: backup\setup_backup_20250730_163426.json
2025-07-30 16:34:26,355 - VALO360 - DEBUG - 配置保存成功
2025-07-30 16:34:30,659 - VALO360 - DEBUG - 配置已備份至: backup\setup_backup_20250730_163430.json
2025-07-30 16:34:30,663 - VALO360 - DEBUG - 已刪除舊備份: backup\setup_backup_20250730_155824.json
2025-07-30 16:34:30,665 - VALO360 - DEBUG - 配置保存成功
2025-07-30 16:34:31,069 - VALO360 - DEBUG - SerialWorker 初始化: COM=COM5, 指令數=1, 超時=30s
2025-07-30 16:34:31,069 - VALO360 - INFO - 開始執行序列埠任務: COM5
2025-07-30 16:34:31,075 - VALO360 - DEBUG - 配置已備份至: backup\setup_backup_20250730_163431.json
2025-07-30 16:34:31,077 - VALO360 - DEBUG - 已刪除舊備份: backup\setup_backup_20250730_155831.json
2025-07-30 16:34:31,079 - VALO360 - DEBUG - 配置保存成功
2025-07-30 16:34:31,079 - VALO360 - DEBUG - 配置已備份至: backup\setup_backup_20250730_163431.json
2025-07-30 16:34:31,084 - VALO360 - DEBUG - 配置保存成功
2025-07-30 16:34:31,086 - VALO360 - DEBUG - 配置已備份至: backup\setup_backup_20250730_163431.json
2025-07-30 16:34:31,088 - VALO360 - DEBUG - 配置保存成功
2025-07-30 16:34:31,090 - VALO360 - DEBUG - 配置已備份至: backup\setup_backup_20250730_163431.json
2025-07-30 16:34:31,092 - VALO360 - DEBUG - 配置保存成功
2025-07-30 16:34:31,095 - VALO360 - DEBUG - 配置已備份至: backup\setup_backup_20250730_163431.json
2025-07-30 16:34:31,098 - VALO360 - DEBUG - 配置保存成功
2025-07-30 16:34:31,100 - VALO360 - DEBUG - 配置已備份至: backup\setup_backup_20250730_163431.json
2025-07-30 16:34:31,103 - VALO360 - DEBUG - 配置保存成功
2025-07-30 16:34:31,104 - VALO360 - DEBUG - 配置已備份至: backup\setup_backup_20250730_163431.json
2025-07-30 16:34:31,107 - VALO360 - DEBUG - 配置保存成功
2025-07-30 16:34:31,108 - VALO360 - DEBUG - 配置已備份至: backup\setup_backup_20250730_163431.json
2025-07-30 16:34:31,110 - VALO360 - DEBUG - 配置保存成功
2025-07-30 16:34:31,112 - VALO360 - DEBUG - 配置已備份至: backup\setup_backup_20250730_163431.json
2025-07-30 16:34:31,115 - VALO360 - DEBUG - 配置保存成功
2025-07-30 16:34:31,117 - VALO360 - DEBUG - 配置已備份至: backup\setup_backup_20250730_163431.json
2025-07-30 16:34:31,120 - VALO360 - DEBUG - 配置保存成功
2025-07-30 16:34:31,122 - VALO360 - DEBUG - 配置已備份至: backup\setup_backup_20250730_163431.json
2025-07-30 16:34:31,124 - VALO360 - DEBUG - 配置保存成功
2025-07-30 16:34:31,125 - VALO360 - DEBUG - 配置已備份至: backup\setup_backup_20250730_163431.json
2025-07-30 16:34:31,126 - VALO360 - DEBUG - 配置保存成功
2025-07-30 16:34:31,132 - VALO360 - DEBUG - 配置已備份至: backup\setup_backup_20250730_163431.json
2025-07-30 16:34:31,135 - VALO360 - DEBUG - 配置保存成功
2025-07-30 16:34:31,137 - VALO360 - DEBUG - 配置已備份至: backup\setup_backup_20250730_163431.json
2025-07-30 16:34:31,139 - VALO360 - DEBUG - 配置保存成功
2025-07-30 16:34:31,141 - VALO360 - DEBUG - 配置已備份至: backup\setup_backup_20250730_163431.json
2025-07-30 16:34:31,143 - VALO360 - DEBUG - 配置保存成功
2025-07-30 16:34:31,144 - VALO360 - DEBUG - 配置已備份至: backup\setup_backup_20250730_163431.json
2025-07-30 16:34:31,146 - VALO360 - DEBUG - 配置保存成功
2025-07-30 16:34:31,149 - VALO360 - DEBUG - 配置已備份至: backup\setup_backup_20250730_163431.json
2025-07-30 16:34:31,152 - VALO360 - DEBUG - 配置保存成功
2025-07-30 16:34:31,154 - VALO360 - DEBUG - 配置已備份至: backup\setup_backup_20250730_163431.json
2025-07-30 16:34:31,158 - VALO360 - DEBUG - 配置保存成功
2025-07-30 16:34:31,159 - VALO360 - DEBUG - 配置已備份至: backup\setup_backup_20250730_163431.json
2025-07-30 16:34:31,161 - VALO360 - DEBUG - 配置保存成功
2025-07-30 16:34:31,163 - VALO360 - DEBUG - 配置已備份至: backup\setup_backup_20250730_163431.json
2025-07-30 16:34:31,165 - VALO360 - DEBUG - 配置保存成功
2025-07-30 16:34:31,169 - VALO360 - DEBUG - 配置已備份至: backup\setup_backup_20250730_163431.json
2025-07-30 16:34:31,171 - VALO360 - DEBUG - 配置保存成功
2025-07-30 16:34:31,173 - VALO360 - DEBUG - 配置已備份至: backup\setup_backup_20250730_163431.json
2025-07-30 16:34:31,175 - VALO360 - DEBUG - 配置保存成功
2025-07-30 16:34:31,177 - VALO360 - DEBUG - 配置已備份至: backup\setup_backup_20250730_163431.json
2025-07-30 16:34:31,179 - VALO360 - DEBUG - 配置保存成功
2025-07-30 16:34:31,181 - VALO360 - DEBUG - 配置已備份至: backup\setup_backup_20250730_163431.json
2025-07-30 16:34:31,184 - VALO360 - DEBUG - 配置保存成功
2025-07-30 16:34:31,191 - VALO360 - DEBUG - 配置已備份至: backup\setup_backup_20250730_163431.json
2025-07-30 16:34:31,192 - VALO360 - DEBUG - 配置保存成功
2025-07-30 16:34:32,369 - VALO360 - DEBUG - 配置已備份至: backup\setup_backup_20250730_163432.json
2025-07-30 16:34:32,370 - VALO360 - DEBUG - 已刪除舊備份: backup\setup_backup_20250730_155836.json
2025-07-30 16:34:32,372 - VALO360 - DEBUG - 配置保存成功
2025-07-30 16:34:32,372 - VALO360 - WARNING - 函數 SerialWorker.run 執行時間過長: 1.304秒
2025-07-30 16:34:33,920 - VALO360 - DEBUG - 配置已備份至: backup\setup_backup_20250730_163433.json
2025-07-30 16:34:33,920 - VALO360 - DEBUG - 已刪除舊備份: backup\setup_backup_20250730_155838.json
2025-07-30 16:34:33,920 - VALO360 - DEBUG - 配置保存成功
2025-07-30 16:34:33,925 - VALO360 - DEBUG - 配置已備份至: backup\setup_backup_20250730_163433.json
2025-07-30 16:34:33,928 - VALO360 - DEBUG - 配置保存成功
2025-07-30 16:34:33,929 - VALO360 - DEBUG - 配置已備份至: backup\setup_backup_20250730_163433.json
2025-07-30 16:34:33,933 - VALO360 - DEBUG - 配置保存成功
2025-07-30 16:34:33,933 - VALO360 - DEBUG - 配置已備份至: backup\setup_backup_20250730_163433.json
2025-07-30 16:34:33,933 - VALO360 - DEBUG - 配置保存成功
2025-07-30 16:34:35,302 - VALO360 - DEBUG - 配置已備份至: backup\setup_backup_20250730_163435.json
2025-07-30 16:34:35,308 - VALO360 - DEBUG - 已刪除舊備份: backup\setup_backup_20250730_155839.json
2025-07-30 16:34:35,308 - VALO360 - DEBUG - 配置保存成功
2025-07-30 16:34:35,308 - VALO360 - DEBUG - 配置已備份至: backup\setup_backup_20250730_163435.json
2025-07-30 16:34:35,315 - VALO360 - DEBUG - 配置保存成功
2025-07-30 16:34:35,316 - VALO360 - DEBUG - 配置已備份至: backup\setup_backup_20250730_163435.json
2025-07-30 16:34:35,318 - VALO360 - DEBUG - 配置保存成功
2025-07-30 16:34:35,320 - VALO360 - DEBUG - 配置已備份至: backup\setup_backup_20250730_163435.json
2025-07-30 16:34:35,322 - VALO360 - DEBUG - 配置保存成功
2025-07-30 16:34:36,154 - VALO360 - DEBUG - 配置已備份至: backup\setup_backup_20250730_163436.json
2025-07-30 16:34:36,157 - VALO360 - DEBUG - 已刪除舊備份: backup\setup_backup_20250730_155840.json
2025-07-30 16:34:36,159 - VALO360 - DEBUG - 配置保存成功
2025-07-30 16:34:36,160 - VALO360 - DEBUG - 配置已備份至: backup\setup_backup_20250730_163436.json
2025-07-30 16:34:36,162 - VALO360 - DEBUG - 配置保存成功
2025-07-30 16:34:36,166 - VALO360 - DEBUG - 配置已備份至: backup\setup_backup_20250730_163436.json
2025-07-30 16:34:36,167 - VALO360 - DEBUG - 配置保存成功
2025-07-30 16:34:36,169 - VALO360 - DEBUG - 配置已備份至: backup\setup_backup_20250730_163436.json
2025-07-30 16:34:36,171 - VALO360 - DEBUG - 配置保存成功
2025-07-30 16:34:37,428 - VALO360 - DEBUG - 配置已備份至: backup\setup_backup_20250730_163437.json
2025-07-30 16:34:37,433 - VALO360 - DEBUG - 已刪除舊備份: backup\setup_backup_20250730_160646.json
2025-07-30 16:34:37,434 - VALO360 - DEBUG - 配置保存成功
2025-07-30 16:34:37,434 - VALO360 - DEBUG - 配置已備份至: backup\setup_backup_20250730_163437.json
2025-07-30 16:34:37,438 - VALO360 - DEBUG - 配置保存成功
2025-07-30 16:34:37,442 - VALO360 - DEBUG - 配置已備份至: backup\setup_backup_20250730_163437.json
2025-07-30 16:34:37,443 - VALO360 - DEBUG - 配置保存成功
2025-07-30 16:34:37,443 - VALO360 - DEBUG - 配置已備份至: backup\setup_backup_20250730_163437.json
2025-07-30 16:34:37,451 - VALO360 - DEBUG - 配置保存成功
2025-07-30 16:34:37,851 - VALO360 - DEBUG - 配置已備份至: backup\setup_backup_20250730_163437.json
2025-07-30 16:34:37,851 - VALO360 - DEBUG - 配置保存成功
2025-07-30 16:34:37,859 - VALO360 - DEBUG - 配置已備份至: backup\setup_backup_20250730_163437.json
2025-07-30 16:34:37,859 - VALO360 - DEBUG - 配置保存成功
2025-07-30 16:34:37,859 - VALO360 - DEBUG - 配置已備份至: backup\setup_backup_20250730_163437.json
2025-07-30 16:34:37,866 - VALO360 - DEBUG - 配置保存成功
2025-07-30 16:34:37,866 - VALO360 - DEBUG - 配置已備份至: backup\setup_backup_20250730_163437.json
2025-07-30 16:34:37,866 - VALO360 - DEBUG - 配置保存成功
2025-07-30 16:34:38,303 - VALO360 - DEBUG - 配置已備份至: backup\setup_backup_20250730_163438.json
2025-07-30 16:34:38,309 - VALO360 - DEBUG - 已刪除舊備份: backup\setup_backup_20250730_160647.json
2025-07-30 16:34:38,310 - VALO360 - DEBUG - 配置保存成功
2025-07-30 16:34:38,312 - VALO360 - DEBUG - 配置已備份至: backup\setup_backup_20250730_163438.json
2025-07-30 16:34:38,316 - VALO360 - DEBUG - 配置保存成功
2025-07-30 16:34:38,318 - VALO360 - DEBUG - 配置已備份至: backup\setup_backup_20250730_163438.json
2025-07-30 16:34:38,320 - VALO360 - DEBUG - 配置保存成功
2025-07-30 16:34:38,322 - VALO360 - DEBUG - 配置已備份至: backup\setup_backup_20250730_163438.json
2025-07-30 16:34:38,326 - VALO360 - DEBUG - 配置保存成功
2025-07-30 16:34:38,972 - VALO360 - DEBUG - 配置已備份至: backup\setup_backup_20250730_163438.json
2025-07-30 16:34:38,976 - VALO360 - DEBUG - 配置保存成功
2025-07-30 16:34:38,977 - VALO360 - DEBUG - 配置已備份至: backup\setup_backup_20250730_163438.json
2025-07-30 16:34:38,982 - VALO360 - DEBUG - 配置保存成功
2025-07-30 16:34:38,985 - VALO360 - DEBUG - 配置已備份至: backup\setup_backup_20250730_163438.json
2025-07-30 16:34:38,987 - VALO360 - DEBUG - 配置保存成功
2025-07-30 16:34:38,987 - VALO360 - DEBUG - 配置已備份至: backup\setup_backup_20250730_163438.json
2025-07-30 16:34:38,992 - VALO360 - DEBUG - 配置保存成功
2025-07-30 16:34:39,037 - VALO360 - DEBUG - 找到 2 個COM口: ['COM5', 'COM6']
2025-07-30 16:34:39,039 - VALO360 - DEBUG - 配置已備份至: backup\setup_backup_20250730_163439.json
2025-07-30 16:34:39,041 - VALO360 - DEBUG - 已刪除舊備份: backup\setup_backup_20250730_160648.json
2025-07-30 16:34:39,042 - VALO360 - DEBUG - 配置保存成功
2025-07-30 16:34:39,471 - VALO360 - DEBUG - 配置已備份至: backup\setup_backup_20250730_163439.json
2025-07-30 16:34:39,476 - VALO360 - DEBUG - 配置保存成功
2025-07-30 16:34:39,476 - VALO360 - DEBUG - 配置已備份至: backup\setup_backup_20250730_163439.json
2025-07-30 16:34:39,479 - VALO360 - DEBUG - 配置保存成功
2025-07-30 16:34:39,482 - VALO360 - DEBUG - 配置已備份至: backup\setup_backup_20250730_163439.json
2025-07-30 16:34:39,482 - VALO360 - DEBUG - 配置保存成功
2025-07-30 16:34:39,486 - VALO360 - DEBUG - 配置已備份至: backup\setup_backup_20250730_163439.json
2025-07-30 16:34:39,486 - VALO360 - DEBUG - 配置保存成功
2025-07-30 16:34:53,244 - VALO360 - DEBUG - 配置已備份至: backup\setup_backup_20250730_163453.json
2025-07-30 16:34:53,246 - VALO360 - DEBUG - 已刪除舊備份: backup\setup_backup_20250730_160650.json
2025-07-30 16:34:53,249 - VALO360 - DEBUG - 配置保存成功
2025-07-30 16:34:53,253 - VALO360 - DEBUG - 配置已備份至: backup\setup_backup_20250730_163453.json
2025-07-30 16:34:53,257 - VALO360 - DEBUG - 配置保存成功
2025-07-30 16:34:53,257 - VALO360 - DEBUG - 配置已備份至: backup\setup_backup_20250730_163453.json
2025-07-30 16:34:53,265 - VALO360 - DEBUG - 配置保存成功
2025-07-30 16:34:53,268 - VALO360 - DEBUG - 配置已備份至: backup\setup_backup_20250730_163453.json
2025-07-30 16:34:53,273 - VALO360 - DEBUG - 配置保存成功
2025-07-30 16:34:53,273 - VALO360 - DEBUG - 配置已備份至: backup\setup_backup_20250730_163453.json
2025-07-30 16:34:53,278 - VALO360 - DEBUG - 配置保存成功
2025-07-30 16:34:53,280 - VALO360 - DEBUG - 配置已備份至: backup\setup_backup_20250730_163453.json
2025-07-30 16:34:53,285 - VALO360 - DEBUG - 配置保存成功
2025-07-30 16:34:53,285 - VALO360 - DEBUG - 配置已備份至: backup\setup_backup_20250730_163453.json
2025-07-30 16:34:53,288 - VALO360 - DEBUG - 配置保存成功
2025-07-30 16:34:53,288 - VALO360 - DEBUG - 配置已備份至: backup\setup_backup_20250730_163453.json
2025-07-30 16:34:53,294 - VALO360 - DEBUG - 配置保存成功
2025-07-30 16:34:55,772 - VALO360 - DEBUG - 配置已備份至: backup\setup_backup_20250730_163455.json
2025-07-30 16:34:55,774 - VALO360 - DEBUG - 已刪除舊備份: backup\setup_backup_20250730_163330.json
2025-07-30 16:34:55,779 - VALO360 - DEBUG - 配置保存成功
2025-07-30 16:34:55,781 - VALO360 - DEBUG - 配置已備份至: backup\setup_backup_20250730_163455.json
2025-07-30 16:34:55,785 - VALO360 - DEBUG - 配置保存成功
2025-07-30 16:34:55,787 - VALO360 - DEBUG - 配置已備份至: backup\setup_backup_20250730_163455.json
2025-07-30 16:34:55,791 - VALO360 - DEBUG - 配置保存成功
2025-07-30 16:34:55,792 - VALO360 - DEBUG - 配置已備份至: backup\setup_backup_20250730_163455.json
2025-07-30 16:34:55,792 - VALO360 - DEBUG - 配置保存成功
2025-07-30 16:34:56,284 - VALO360 - DEBUG - 配置已備份至: backup\setup_backup_20250730_163456.json
2025-07-30 16:34:56,289 - VALO360 - DEBUG - 已刪除舊備份: backup\setup_backup_20250730_163331.json
2025-07-30 16:34:56,291 - VALO360 - DEBUG - 配置保存成功
2025-07-30 16:34:56,296 - VALO360 - DEBUG - 配置已備份至: backup\setup_backup_20250730_163456.json
2025-07-30 16:34:56,299 - VALO360 - DEBUG - 配置保存成功
2025-07-30 16:34:56,301 - VALO360 - DEBUG - 配置已備份至: backup\setup_backup_20250730_163456.json
2025-07-30 16:34:56,301 - VALO360 - DEBUG - 配置保存成功
2025-07-30 16:34:56,301 - VALO360 - DEBUG - 配置已備份至: backup\setup_backup_20250730_163456.json
2025-07-30 16:34:56,310 - VALO360 - DEBUG - 配置保存成功
2025-07-30 16:34:57,751 - VALO360 - DEBUG - 配置已備份至: backup\setup_backup_20250730_163457.json
2025-07-30 16:34:57,751 - VALO360 - DEBUG - 已刪除舊備份: backup\setup_backup_20250730_163332.json
2025-07-30 16:34:57,751 - VALO360 - DEBUG - 配置保存成功
2025-07-30 16:34:57,761 - VALO360 - DEBUG - 配置已備份至: backup\setup_backup_20250730_163457.json
2025-07-30 16:34:57,761 - VALO360 - DEBUG - 配置保存成功
2025-07-30 16:34:57,880 - VALO360 - INFO - 資源清理完成
2025-07-30 16:34:57,880 - VALO360 - INFO - 應用程式資源清理完成
