2025-08-15 22:57:11,133 - VALO360 - DEBUG - 找到指令檔: M:\PYTHON\360-command-toola_HOME\Command_TABLE\command.txt
2025-08-15 22:57:11,134 - VALO360 - INFO - 設定檔不存在，將由配置管理器創建
2025-08-15 22:57:11,145 - VALO360 - INFO - 成功載入 94 個指令
2025-08-15 22:57:11,714 - VALO360 - INFO - 運行日誌: main.py 啟動
2025-08-15 22:57:11,714 - VALO360 - INFO - 指令通主程式啟動
2025-08-15 22:57:11,724 - VALO360 - INFO - 運行日誌: 成功 import TabManager
2025-08-15 22:57:11,724 - VALO360 - INFO - UI模組導入成功
2025-08-15 22:57:11,733 - VALO360 - INFO - 日誌系統初始化完成
2025-08-15 22:57:11,733 - VALO360 - DEBUG - ConfigManager: 自動保存已禁用
2025-08-15 22:57:11,733 - VALO360 - INFO - ConfigManager自動保存已禁用
2025-08-15 22:57:11,733 - VALO360 - INFO - 未找到關鍵字高亮設定文件，使用空設定
2025-08-15 22:57:11,794 - VALO360 - INFO - 配置文件不存在，創建預設配置
2025-08-15 22:57:11,805 - VALO360 - DEBUG - 配置保存成功
2025-08-15 22:57:11,805 - VALO360 - INFO - 統一設定管理器已初始化
2025-08-15 22:57:11,846 - VALO360 - DEBUG - 找到 3 個COM口: ['COM1', 'COM3', 'COM4']
2025-08-15 22:57:12,097 - VALO360 - DEBUG - 找到 3 個COM口: ['COM1', 'COM3', 'COM4']
2025-08-15 22:57:13,964 - VALO360 - DEBUG - 找到 3 個COM口: ['COM1', 'COM3', 'COM4']
2025-08-15 22:57:14,410 - VALO360 - INFO - 應用程式圖示設置成功: C:\Users\Jovian\AppData\Local\Temp\_MEI80682\assets\icon.ico
2025-08-15 22:57:14,410 - VALO360 - INFO - 視窗設置完成: 指令通_1.6.3.3 (1536x793)
2025-08-15 22:57:14,410 - VALO360 - INFO - 程式啟動時更新標籤頁名稱
2025-08-15 22:57:14,411 - VALO360 - INFO - 應用程式啟動完成，進入主循環
2025-08-15 22:57:14,451 - VALO360 - DEBUG - 自動保存已禁用，跳過配置保存
2025-08-15 22:57:14,451 - VALO360 - DEBUG - 自動保存已禁用，跳過配置保存
2025-08-15 22:57:14,451 - VALO360 - DEBUG - 自動保存已禁用，跳過配置保存
2025-08-15 22:57:14,451 - VALO360 - DEBUG - 自動保存已禁用，跳過配置保存
2025-08-15 22:57:14,451 - VALO360 - DEBUG - 自動保存已禁用，跳過配置保存
2025-08-15 22:57:14,451 - VALO360 - DEBUG - 自動保存已禁用，跳過配置保存
2025-08-15 22:57:14,452 - VALO360 - DEBUG - 自動保存已禁用，跳過配置保存
2025-08-15 22:57:14,452 - VALO360 - DEBUG - 自動保存已禁用，跳過配置保存
2025-08-15 22:57:14,452 - VALO360 - DEBUG - 自動保存已禁用，跳過配置保存
2025-08-15 22:57:14,452 - VALO360 - DEBUG - 自動保存已禁用，跳過配置保存
2025-08-15 22:57:14,452 - VALO360 - DEBUG - 自動保存已禁用，跳過配置保存
2025-08-15 22:57:14,452 - VALO360 - DEBUG - 自動保存已禁用，跳過配置保存
2025-08-15 22:57:14,453 - VALO360 - DEBUG - 自動保存已禁用，跳過配置保存
2025-08-15 22:57:14,453 - VALO360 - DEBUG - 自動保存已禁用，跳過配置保存
2025-08-15 22:57:14,453 - VALO360 - DEBUG - 自動保存已禁用，跳過配置保存
2025-08-15 22:57:14,453 - VALO360 - DEBUG - 自動保存已禁用，跳過配置保存
2025-08-15 22:57:14,453 - VALO360 - DEBUG - 自動保存已禁用，跳過配置保存
2025-08-15 22:57:14,453 - VALO360 - DEBUG - 自動保存已禁用，跳過配置保存
2025-08-15 22:57:14,454 - VALO360 - DEBUG - 自動保存已禁用，跳過配置保存
2025-08-15 22:57:14,454 - VALO360 - DEBUG - 自動保存已禁用，跳過配置保存
2025-08-15 22:57:14,454 - VALO360 - DEBUG - 自動保存已禁用，跳過配置保存
2025-08-15 22:57:14,454 - VALO360 - DEBUG - 自動保存已禁用，跳過配置保存
2025-08-15 22:57:14,454 - VALO360 - DEBUG - 自動保存已禁用，跳過配置保存
2025-08-15 22:57:14,454 - VALO360 - DEBUG - 自動保存已禁用，跳過配置保存
2025-08-15 22:57:14,455 - VALO360 - DEBUG - 自動保存已禁用，跳過配置保存
2025-08-15 22:57:14,455 - VALO360 - DEBUG - 自動保存已禁用，跳過配置保存
2025-08-15 22:57:14,455 - VALO360 - DEBUG - 自動保存已禁用，跳過配置保存
2025-08-15 22:57:14,455 - VALO360 - DEBUG - 自動保存已禁用，跳過配置保存
2025-08-15 22:57:14,455 - VALO360 - DEBUG - 自動保存已禁用，跳過配置保存
2025-08-15 22:57:14,456 - VALO360 - DEBUG - 自動保存已禁用，跳過配置保存
2025-08-15 22:57:14,456 - VALO360 - DEBUG - 自動保存已禁用，跳過配置保存
2025-08-15 22:57:14,456 - VALO360 - DEBUG - 自動保存已禁用，跳過配置保存
2025-08-15 22:57:14,456 - VALO360 - DEBUG - 自動保存已禁用，跳過配置保存
2025-08-15 22:57:14,456 - VALO360 - DEBUG - 自動保存已禁用，跳過配置保存
2025-08-15 22:57:14,456 - VALO360 - DEBUG - 自動保存已禁用，跳過配置保存
2025-08-15 22:57:14,456 - VALO360 - DEBUG - 自動保存已禁用，跳過配置保存
2025-08-15 22:57:14,457 - VALO360 - DEBUG - 自動保存已禁用，跳過配置保存
2025-08-15 22:57:14,457 - VALO360 - DEBUG - 自動保存已禁用，跳過配置保存
2025-08-15 22:57:14,457 - VALO360 - DEBUG - 自動保存已禁用，跳過配置保存
2025-08-15 22:57:14,457 - VALO360 - DEBUG - 自動保存已禁用，跳過配置保存
2025-08-15 22:57:14,457 - VALO360 - DEBUG - 自動保存已禁用，跳過配置保存
2025-08-15 22:57:14,458 - VALO360 - DEBUG - 自動保存已禁用，跳過配置保存
2025-08-15 22:57:14,458 - VALO360 - DEBUG - 自動保存已禁用，跳過配置保存
2025-08-15 22:57:14,458 - VALO360 - DEBUG - 自動保存已禁用，跳過配置保存
2025-08-15 22:57:14,458 - VALO360 - DEBUG - 自動保存已禁用，跳過配置保存
2025-08-15 22:57:14,458 - VALO360 - DEBUG - 自動保存已禁用，跳過配置保存
2025-08-15 22:57:14,458 - VALO360 - DEBUG - 自動保存已禁用，跳過配置保存
2025-08-15 22:57:14,459 - VALO360 - DEBUG - 自動保存已禁用，跳過配置保存
2025-08-15 22:57:14,459 - VALO360 - DEBUG - 自動保存已禁用，跳過配置保存
2025-08-15 22:57:14,459 - VALO360 - DEBUG - 自動保存已禁用，跳過配置保存
2025-08-15 22:57:14,459 - VALO360 - DEBUG - 自動保存已禁用，跳過配置保存
2025-08-15 22:57:14,459 - VALO360 - DEBUG - 自動保存已禁用，跳過配置保存
2025-08-15 22:57:14,459 - VALO360 - DEBUG - 自動保存已禁用，跳過配置保存
2025-08-15 22:57:14,460 - VALO360 - DEBUG - 自動保存已禁用，跳過配置保存
2025-08-15 22:57:14,460 - VALO360 - DEBUG - 自動保存已禁用，跳過配置保存
2025-08-15 22:57:14,460 - VALO360 - DEBUG - 自動保存已禁用，跳過配置保存
2025-08-15 22:57:14,460 - VALO360 - DEBUG - 自動保存已禁用，跳過配置保存
2025-08-15 22:57:14,460 - VALO360 - DEBUG - 自動保存已禁用，跳過配置保存
2025-08-15 22:57:14,460 - VALO360 - DEBUG - 自動保存已禁用，跳過配置保存
2025-08-15 22:57:14,461 - VALO360 - DEBUG - 自動保存已禁用，跳過配置保存
2025-08-15 22:57:14,461 - VALO360 - DEBUG - 自動保存已禁用，跳過配置保存
2025-08-15 22:57:14,461 - VALO360 - DEBUG - 自動保存已禁用，跳過配置保存
2025-08-15 22:57:14,461 - VALO360 - DEBUG - 自動保存已禁用，跳過配置保存
2025-08-15 22:57:14,461 - VALO360 - DEBUG - 自動保存已禁用，跳過配置保存
2025-08-15 22:57:14,462 - VALO360 - DEBUG - 自動保存已禁用，跳過配置保存
2025-08-15 22:57:14,462 - VALO360 - DEBUG - 自動保存已禁用，跳過配置保存
2025-08-15 22:57:14,462 - VALO360 - DEBUG - 自動保存已禁用，跳過配置保存
2025-08-15 22:57:14,462 - VALO360 - DEBUG - 自動保存已禁用，跳過配置保存
2025-08-15 22:57:14,463 - VALO360 - DEBUG - 自動保存已禁用，跳過配置保存
2025-08-15 22:57:14,463 - VALO360 - DEBUG - 自動保存已禁用，跳過配置保存
2025-08-15 22:57:14,463 - VALO360 - DEBUG - 自動保存已禁用，跳過配置保存
2025-08-15 22:57:14,463 - VALO360 - DEBUG - 自動保存已禁用，跳過配置保存
2025-08-15 22:57:14,463 - VALO360 - DEBUG - 自動保存已禁用，跳過配置保存
2025-08-15 22:57:14,464 - VALO360 - DEBUG - 自動保存已禁用，跳過配置保存
2025-08-15 22:57:14,464 - VALO360 - DEBUG - 自動保存已禁用，跳過配置保存
2025-08-15 22:57:14,464 - VALO360 - DEBUG - 自動保存已禁用，跳過配置保存
2025-08-15 22:57:14,464 - VALO360 - DEBUG - 自動保存已禁用，跳過配置保存
2025-08-15 22:57:14,464 - VALO360 - DEBUG - 自動保存已禁用，跳過配置保存
2025-08-15 22:57:14,464 - VALO360 - DEBUG - 自動保存已禁用，跳過配置保存
2025-08-15 22:57:14,465 - VALO360 - DEBUG - 自動保存已禁用，跳過配置保存
2025-08-15 22:57:14,465 - VALO360 - DEBUG - 自動保存已禁用，跳過配置保存
2025-08-15 22:57:14,465 - VALO360 - DEBUG - 自動保存已禁用，跳過配置保存
2025-08-15 22:57:14,465 - VALO360 - DEBUG - 自動保存已禁用，跳過配置保存
2025-08-15 22:57:14,465 - VALO360 - DEBUG - 自動保存已禁用，跳過配置保存
2025-08-15 22:57:14,466 - VALO360 - DEBUG - 自動保存已禁用，跳過配置保存
2025-08-15 22:57:14,466 - VALO360 - DEBUG - 自動保存已禁用，跳過配置保存
2025-08-15 22:57:14,466 - VALO360 - DEBUG - 自動保存已禁用，跳過配置保存
2025-08-15 22:57:14,466 - VALO360 - DEBUG - 自動保存已禁用，跳過配置保存
2025-08-15 22:57:14,466 - VALO360 - DEBUG - 自動保存已禁用，跳過配置保存
2025-08-15 22:57:14,466 - VALO360 - DEBUG - 自動保存已禁用，跳過配置保存
2025-08-15 22:57:14,466 - VALO360 - DEBUG - 自動保存已禁用，跳過配置保存
2025-08-15 22:57:14,467 - VALO360 - DEBUG - 自動保存已禁用，跳過配置保存
2025-08-15 22:57:14,467 - VALO360 - DEBUG - 自動保存已禁用，跳過配置保存
2025-08-15 22:57:14,467 - VALO360 - DEBUG - 自動保存已禁用，跳過配置保存
2025-08-15 22:57:14,467 - VALO360 - DEBUG - 自動保存已禁用，跳過配置保存
2025-08-15 22:57:14,467 - VALO360 - DEBUG - 自動保存已禁用，跳過配置保存
2025-08-15 22:57:14,468 - VALO360 - DEBUG - 自動保存已禁用，跳過配置保存
2025-08-15 22:57:14,468 - VALO360 - DEBUG - 自動保存已禁用，跳過配置保存
2025-08-15 22:57:14,468 - VALO360 - DEBUG - 自動保存已禁用，跳過配置保存
2025-08-15 22:57:14,468 - VALO360 - DEBUG - 自動保存已禁用，跳過配置保存
2025-08-15 22:57:14,468 - VALO360 - DEBUG - 自動保存已禁用，跳過配置保存
2025-08-15 22:57:14,468 - VALO360 - DEBUG - 自動保存已禁用，跳過配置保存
2025-08-15 22:57:14,468 - VALO360 - DEBUG - 自動保存已禁用，跳過配置保存
2025-08-15 22:57:14,469 - VALO360 - DEBUG - 自動保存已禁用，跳過配置保存
2025-08-15 22:57:14,469 - VALO360 - DEBUG - 自動保存已禁用，跳過配置保存
2025-08-15 22:57:14,469 - VALO360 - DEBUG - 自動保存已禁用，跳過配置保存
2025-08-15 22:57:14,469 - VALO360 - DEBUG - 自動保存已禁用，跳過配置保存
2025-08-15 22:57:14,469 - VALO360 - DEBUG - 自動保存已禁用，跳過配置保存
2025-08-15 22:57:14,470 - VALO360 - DEBUG - 自動保存已禁用，跳過配置保存
2025-08-15 22:57:14,470 - VALO360 - DEBUG - 自動保存已禁用，跳過配置保存
2025-08-15 22:57:14,470 - VALO360 - DEBUG - 自動保存已禁用，跳過配置保存
2025-08-15 22:57:14,470 - VALO360 - DEBUG - 自動保存已禁用，跳過配置保存
2025-08-15 22:57:14,470 - VALO360 - DEBUG - 自動保存已禁用，跳過配置保存
2025-08-15 22:57:14,470 - VALO360 - DEBUG - 自動保存已禁用，跳過配置保存
2025-08-15 22:57:14,470 - VALO360 - DEBUG - 自動保存已禁用，跳過配置保存
2025-08-15 22:57:14,471 - VALO360 - DEBUG - 自動保存已禁用，跳過配置保存
2025-08-15 22:57:14,472 - VALO360 - DEBUG - 自動保存已禁用，跳過配置保存
2025-08-15 22:57:14,472 - VALO360 - DEBUG - 自動保存已禁用，跳過配置保存
2025-08-15 22:57:14,472 - VALO360 - DEBUG - 自動保存已禁用，跳過配置保存
2025-08-15 22:57:14,472 - VALO360 - DEBUG - 自動保存已禁用，跳過配置保存
2025-08-15 22:57:14,472 - VALO360 - DEBUG - 自動保存已禁用，跳過配置保存
2025-08-15 22:57:14,472 - VALO360 - DEBUG - 自動保存已禁用，跳過配置保存
2025-08-15 22:57:14,473 - VALO360 - DEBUG - 自動保存已禁用，跳過配置保存
2025-08-15 22:57:14,473 - VALO360 - DEBUG - 自動保存已禁用，跳過配置保存
2025-08-15 22:57:14,473 - VALO360 - DEBUG - 自動保存已禁用，跳過配置保存
2025-08-15 22:57:14,473 - VALO360 - DEBUG - 自動保存已禁用，跳過配置保存
2025-08-15 22:57:14,473 - VALO360 - DEBUG - 自動保存已禁用，跳過配置保存
2025-08-15 22:57:14,473 - VALO360 - DEBUG - 自動保存已禁用，跳過配置保存
2025-08-15 22:57:14,474 - VALO360 - DEBUG - 自動保存已禁用，跳過配置保存
2025-08-15 22:57:14,474 - VALO360 - DEBUG - 自動保存已禁用，跳過配置保存
2025-08-15 22:57:14,474 - VALO360 - DEBUG - 自動保存已禁用，跳過配置保存
2025-08-15 22:57:14,474 - VALO360 - DEBUG - 自動保存已禁用，跳過配置保存
2025-08-15 22:57:14,474 - VALO360 - DEBUG - 自動保存已禁用，跳過配置保存
2025-08-15 22:57:14,474 - VALO360 - DEBUG - 自動保存已禁用，跳過配置保存
2025-08-15 22:57:14,475 - VALO360 - DEBUG - 自動保存已禁用，跳過配置保存
2025-08-15 22:57:14,475 - VALO360 - DEBUG - 自動保存已禁用，跳過配置保存
2025-08-15 22:57:14,475 - VALO360 - DEBUG - 自動保存已禁用，跳過配置保存
2025-08-15 22:57:14,475 - VALO360 - DEBUG - 自動保存已禁用，跳過配置保存
2025-08-15 22:57:14,475 - VALO360 - DEBUG - 自動保存已禁用，跳過配置保存
2025-08-15 22:57:14,475 - VALO360 - DEBUG - 自動保存已禁用，跳過配置保存
2025-08-15 22:57:14,476 - VALO360 - DEBUG - 自動保存已禁用，跳過配置保存
2025-08-15 22:57:14,476 - VALO360 - DEBUG - 自動保存已禁用，跳過配置保存
2025-08-15 22:57:14,476 - VALO360 - DEBUG - 自動保存已禁用，跳過配置保存
2025-08-15 22:57:14,476 - VALO360 - DEBUG - 自動保存已禁用，跳過配置保存
2025-08-15 22:57:14,479 - VALO360 - DEBUG - 自動保存已禁用，跳過配置保存
2025-08-15 22:57:14,479 - VALO360 - DEBUG - 自動保存已禁用，跳過配置保存
2025-08-15 22:57:14,479 - VALO360 - DEBUG - 自動保存已禁用，跳過配置保存
2025-08-15 22:57:14,479 - VALO360 - DEBUG - 自動保存已禁用，跳過配置保存
2025-08-15 22:57:15,266 - VALO360 - DEBUG - 配置已備份至: backup\setup_backup_20250815_225715.json
2025-08-15 22:57:15,269 - VALO360 - DEBUG - 配置保存成功
2025-08-15 22:57:15,273 - VALO360 - DEBUG - 配置已備份至: backup\setup_backup_20250815_225715.json
2025-08-15 22:57:15,284 - VALO360 - DEBUG - 配置保存成功
2025-08-15 22:57:15,285 - VALO360 - DEBUG - 自動保存已禁用，跳過配置保存
2025-08-15 22:57:15,285 - VALO360 - INFO - 程式關閉時已保存所有待保存的設定
2025-08-15 22:57:15,285 - VALO360 - INFO - 程式正常關閉
2025-08-15 22:57:15,327 - VALO360 - INFO - 資源清理完成
2025-08-15 22:57:15,327 - VALO360 - INFO - 應用程式資源清理完成
2025-08-15 22:57:25,547 - VALO360 - DEBUG - 找到指令檔: M:\PYTHON\360-command-toola_HOME\dist\Command_TABLE\command.txt
2025-08-15 22:57:25,558 - VALO360 - INFO - 成功載入 94 個指令
2025-08-15 22:57:25,572 - VALO360 - INFO - 運行日誌: main.py 啟動
2025-08-15 22:57:25,572 - VALO360 - INFO - 指令通主程式啟動
2025-08-15 22:57:25,580 - VALO360 - INFO - 運行日誌: 成功 import TabManager
2025-08-15 22:57:25,580 - VALO360 - INFO - UI模組導入成功
2025-08-15 22:57:25,589 - VALO360 - INFO - 日誌系統初始化完成
2025-08-15 22:57:25,589 - VALO360 - DEBUG - ConfigManager: 自動保存已禁用
2025-08-15 22:57:25,589 - VALO360 - INFO - ConfigManager自動保存已禁用
2025-08-15 22:57:25,590 - VALO360 - INFO - 未找到關鍵字高亮設定文件，使用空設定
2025-08-15 22:57:25,653 - VALO360 - DEBUG - 配置已備份至: backup\setup_backup_20250815_225725.json
2025-08-15 22:57:25,653 - VALO360 - DEBUG - 配置載入成功
2025-08-15 22:57:25,654 - VALO360 - INFO - 統一設定管理器已初始化
2025-08-15 22:57:25,694 - VALO360 - DEBUG - 找到 3 個COM口: ['COM1', 'COM3', 'COM4']
2025-08-15 22:57:26,388 - VALO360 - DEBUG - 找到 3 個COM口: ['COM1', 'COM3', 'COM4']
2025-08-15 22:57:26,836 - VALO360 - INFO - 應用程式圖示設置成功: C:\Users\Jovian\AppData\Local\Temp\_MEI113442\assets\icon.ico
2025-08-15 22:57:26,836 - VALO360 - INFO - 視窗設置完成: 指令通_1.6.3.3 (1536x793)
2025-08-15 22:57:26,836 - VALO360 - INFO - 程式啟動時更新標籤頁名稱
2025-08-15 22:57:26,836 - VALO360 - INFO - 應用程式啟動完成，進入主循環
2025-08-15 22:57:26,840 - VALO360 - DEBUG - 找到 3 個COM口: ['COM1', 'COM3', 'COM4']
2025-08-15 22:57:26,841 - VALO360 - DEBUG - 自動保存已禁用，跳過配置保存
2025-08-15 22:57:26,841 - VALO360 - DEBUG - 自動保存已禁用，跳過配置保存
2025-08-15 22:57:26,841 - VALO360 - DEBUG - 自動保存已禁用，跳過配置保存
2025-08-15 22:57:26,841 - VALO360 - DEBUG - 自動保存已禁用，跳過配置保存
2025-08-15 22:57:26,878 - VALO360 - DEBUG - 自動保存已禁用，跳過配置保存
2025-08-15 22:57:26,878 - VALO360 - DEBUG - 自動保存已禁用，跳過配置保存
2025-08-15 22:57:26,878 - VALO360 - DEBUG - 自動保存已禁用，跳過配置保存
2025-08-15 22:57:26,878 - VALO360 - DEBUG - 自動保存已禁用，跳過配置保存
2025-08-15 22:57:26,879 - VALO360 - DEBUG - 自動保存已禁用，跳過配置保存
2025-08-15 22:57:26,879 - VALO360 - DEBUG - 自動保存已禁用，跳過配置保存
2025-08-15 22:57:26,879 - VALO360 - DEBUG - 自動保存已禁用，跳過配置保存
2025-08-15 22:57:26,879 - VALO360 - DEBUG - 自動保存已禁用，跳過配置保存
2025-08-15 22:57:26,879 - VALO360 - DEBUG - 自動保存已禁用，跳過配置保存
2025-08-15 22:57:26,879 - VALO360 - DEBUG - 自動保存已禁用，跳過配置保存
2025-08-15 22:57:26,879 - VALO360 - DEBUG - 自動保存已禁用，跳過配置保存
2025-08-15 22:57:26,880 - VALO360 - DEBUG - 自動保存已禁用，跳過配置保存
2025-08-15 22:57:26,880 - VALO360 - DEBUG - 自動保存已禁用，跳過配置保存
2025-08-15 22:57:26,880 - VALO360 - DEBUG - 自動保存已禁用，跳過配置保存
2025-08-15 22:57:26,880 - VALO360 - DEBUG - 自動保存已禁用，跳過配置保存
2025-08-15 22:57:26,880 - VALO360 - DEBUG - 自動保存已禁用，跳過配置保存
2025-08-15 22:57:26,881 - VALO360 - DEBUG - 自動保存已禁用，跳過配置保存
2025-08-15 22:57:26,881 - VALO360 - DEBUG - 自動保存已禁用，跳過配置保存
2025-08-15 22:57:26,881 - VALO360 - DEBUG - 自動保存已禁用，跳過配置保存
2025-08-15 22:57:26,881 - VALO360 - DEBUG - 自動保存已禁用，跳過配置保存
2025-08-15 22:57:26,881 - VALO360 - DEBUG - 自動保存已禁用，跳過配置保存
2025-08-15 22:57:26,881 - VALO360 - DEBUG - 自動保存已禁用，跳過配置保存
2025-08-15 22:57:26,881 - VALO360 - DEBUG - 自動保存已禁用，跳過配置保存
2025-08-15 22:57:26,882 - VALO360 - DEBUG - 自動保存已禁用，跳過配置保存
2025-08-15 22:57:26,882 - VALO360 - DEBUG - 自動保存已禁用，跳過配置保存
2025-08-15 22:57:26,882 - VALO360 - DEBUG - 自動保存已禁用，跳過配置保存
2025-08-15 22:57:26,882 - VALO360 - DEBUG - 自動保存已禁用，跳過配置保存
2025-08-15 22:57:26,882 - VALO360 - DEBUG - 自動保存已禁用，跳過配置保存
2025-08-15 22:57:26,882 - VALO360 - DEBUG - 自動保存已禁用，跳過配置保存
2025-08-15 22:57:26,883 - VALO360 - DEBUG - 自動保存已禁用，跳過配置保存
2025-08-15 22:57:26,883 - VALO360 - DEBUG - 自動保存已禁用，跳過配置保存
2025-08-15 22:57:26,883 - VALO360 - DEBUG - 自動保存已禁用，跳過配置保存
2025-08-15 22:57:26,883 - VALO360 - DEBUG - 自動保存已禁用，跳過配置保存
2025-08-15 22:57:26,883 - VALO360 - DEBUG - 自動保存已禁用，跳過配置保存
2025-08-15 22:57:26,883 - VALO360 - DEBUG - 自動保存已禁用，跳過配置保存
2025-08-15 22:57:26,884 - VALO360 - DEBUG - 自動保存已禁用，跳過配置保存
2025-08-15 22:57:26,884 - VALO360 - DEBUG - 自動保存已禁用，跳過配置保存
2025-08-15 22:57:26,884 - VALO360 - DEBUG - 自動保存已禁用，跳過配置保存
2025-08-15 22:57:26,884 - VALO360 - DEBUG - 自動保存已禁用，跳過配置保存
2025-08-15 22:57:26,884 - VALO360 - DEBUG - 自動保存已禁用，跳過配置保存
2025-08-15 22:57:26,884 - VALO360 - DEBUG - 自動保存已禁用，跳過配置保存
2025-08-15 22:57:26,885 - VALO360 - DEBUG - 自動保存已禁用，跳過配置保存
2025-08-15 22:57:26,885 - VALO360 - DEBUG - 自動保存已禁用，跳過配置保存
2025-08-15 22:57:26,885 - VALO360 - DEBUG - 自動保存已禁用，跳過配置保存
2025-08-15 22:57:26,885 - VALO360 - DEBUG - 自動保存已禁用，跳過配置保存
2025-08-15 22:57:26,885 - VALO360 - DEBUG - 自動保存已禁用，跳過配置保存
2025-08-15 22:57:26,885 - VALO360 - DEBUG - 自動保存已禁用，跳過配置保存
2025-08-15 22:57:26,886 - VALO360 - DEBUG - 自動保存已禁用，跳過配置保存
2025-08-15 22:57:26,886 - VALO360 - DEBUG - 自動保存已禁用，跳過配置保存
2025-08-15 22:57:26,886 - VALO360 - DEBUG - 自動保存已禁用，跳過配置保存
2025-08-15 22:57:26,886 - VALO360 - DEBUG - 自動保存已禁用，跳過配置保存
2025-08-15 22:57:26,886 - VALO360 - DEBUG - 自動保存已禁用，跳過配置保存
2025-08-15 22:57:26,886 - VALO360 - DEBUG - 自動保存已禁用，跳過配置保存
2025-08-15 22:57:26,887 - VALO360 - DEBUG - 自動保存已禁用，跳過配置保存
2025-08-15 22:57:26,887 - VALO360 - DEBUG - 自動保存已禁用，跳過配置保存
2025-08-15 22:57:26,887 - VALO360 - DEBUG - 自動保存已禁用，跳過配置保存
2025-08-15 22:57:26,887 - VALO360 - DEBUG - 自動保存已禁用，跳過配置保存
2025-08-15 22:57:26,887 - VALO360 - DEBUG - 自動保存已禁用，跳過配置保存
2025-08-15 22:57:26,887 - VALO360 - DEBUG - 自動保存已禁用，跳過配置保存
2025-08-15 22:57:26,888 - VALO360 - DEBUG - 自動保存已禁用，跳過配置保存
2025-08-15 22:57:26,888 - VALO360 - DEBUG - 自動保存已禁用，跳過配置保存
2025-08-15 22:57:26,888 - VALO360 - DEBUG - 自動保存已禁用，跳過配置保存
2025-08-15 22:57:26,888 - VALO360 - DEBUG - 自動保存已禁用，跳過配置保存
2025-08-15 22:57:26,888 - VALO360 - DEBUG - 自動保存已禁用，跳過配置保存
2025-08-15 22:57:26,888 - VALO360 - DEBUG - 自動保存已禁用，跳過配置保存
2025-08-15 22:57:26,889 - VALO360 - DEBUG - 自動保存已禁用，跳過配置保存
2025-08-15 22:57:26,889 - VALO360 - DEBUG - 自動保存已禁用，跳過配置保存
2025-08-15 22:57:26,889 - VALO360 - DEBUG - 自動保存已禁用，跳過配置保存
2025-08-15 22:57:26,889 - VALO360 - DEBUG - 自動保存已禁用，跳過配置保存
2025-08-15 22:57:26,889 - VALO360 - DEBUG - 自動保存已禁用，跳過配置保存
2025-08-15 22:57:26,889 - VALO360 - DEBUG - 自動保存已禁用，跳過配置保存
2025-08-15 22:57:26,889 - VALO360 - DEBUG - 自動保存已禁用，跳過配置保存
2025-08-15 22:57:26,890 - VALO360 - DEBUG - 自動保存已禁用，跳過配置保存
2025-08-15 22:57:26,890 - VALO360 - DEBUG - 自動保存已禁用，跳過配置保存
2025-08-15 22:57:26,890 - VALO360 - DEBUG - 自動保存已禁用，跳過配置保存
2025-08-15 22:57:26,890 - VALO360 - DEBUG - 自動保存已禁用，跳過配置保存
2025-08-15 22:57:26,890 - VALO360 - DEBUG - 自動保存已禁用，跳過配置保存
2025-08-15 22:57:26,890 - VALO360 - DEBUG - 自動保存已禁用，跳過配置保存
2025-08-15 22:57:26,891 - VALO360 - DEBUG - 自動保存已禁用，跳過配置保存
2025-08-15 22:57:26,891 - VALO360 - DEBUG - 自動保存已禁用，跳過配置保存
2025-08-15 22:57:26,891 - VALO360 - DEBUG - 自動保存已禁用，跳過配置保存
2025-08-15 22:57:26,891 - VALO360 - DEBUG - 自動保存已禁用，跳過配置保存
2025-08-15 22:57:26,891 - VALO360 - DEBUG - 自動保存已禁用，跳過配置保存
2025-08-15 22:57:26,891 - VALO360 - DEBUG - 自動保存已禁用，跳過配置保存
2025-08-15 22:57:26,892 - VALO360 - DEBUG - 自動保存已禁用，跳過配置保存
2025-08-15 22:57:26,892 - VALO360 - DEBUG - 自動保存已禁用，跳過配置保存
2025-08-15 22:57:26,892 - VALO360 - DEBUG - 自動保存已禁用，跳過配置保存
2025-08-15 22:57:26,892 - VALO360 - DEBUG - 自動保存已禁用，跳過配置保存
2025-08-15 22:57:26,892 - VALO360 - DEBUG - 自動保存已禁用，跳過配置保存
2025-08-15 22:57:26,892 - VALO360 - DEBUG - 自動保存已禁用，跳過配置保存
2025-08-15 22:57:26,893 - VALO360 - DEBUG - 自動保存已禁用，跳過配置保存
2025-08-15 22:57:26,893 - VALO360 - DEBUG - 自動保存已禁用，跳過配置保存
2025-08-15 22:57:26,893 - VALO360 - DEBUG - 自動保存已禁用，跳過配置保存
2025-08-15 22:57:26,893 - VALO360 - DEBUG - 自動保存已禁用，跳過配置保存
2025-08-15 22:57:26,893 - VALO360 - DEBUG - 自動保存已禁用，跳過配置保存
2025-08-15 22:57:26,893 - VALO360 - DEBUG - 自動保存已禁用，跳過配置保存
2025-08-15 22:57:26,894 - VALO360 - DEBUG - 自動保存已禁用，跳過配置保存
2025-08-15 22:57:26,894 - VALO360 - DEBUG - 自動保存已禁用，跳過配置保存
2025-08-15 22:57:26,894 - VALO360 - DEBUG - 自動保存已禁用，跳過配置保存
2025-08-15 22:57:26,894 - VALO360 - DEBUG - 自動保存已禁用，跳過配置保存
2025-08-15 22:57:26,894 - VALO360 - DEBUG - 自動保存已禁用，跳過配置保存
2025-08-15 22:57:26,895 - VALO360 - DEBUG - 自動保存已禁用，跳過配置保存
2025-08-15 22:57:26,895 - VALO360 - DEBUG - 自動保存已禁用，跳過配置保存
2025-08-15 22:57:26,895 - VALO360 - DEBUG - 自動保存已禁用，跳過配置保存
2025-08-15 22:57:26,896 - VALO360 - DEBUG - 自動保存已禁用，跳過配置保存
2025-08-15 22:57:26,896 - VALO360 - DEBUG - 自動保存已禁用，跳過配置保存
2025-08-15 22:57:26,896 - VALO360 - DEBUG - 自動保存已禁用，跳過配置保存
2025-08-15 22:57:26,896 - VALO360 - DEBUG - 自動保存已禁用，跳過配置保存
2025-08-15 22:57:26,896 - VALO360 - DEBUG - 自動保存已禁用，跳過配置保存
2025-08-15 22:57:26,896 - VALO360 - DEBUG - 自動保存已禁用，跳過配置保存
2025-08-15 22:57:26,897 - VALO360 - DEBUG - 自動保存已禁用，跳過配置保存
2025-08-15 22:57:26,897 - VALO360 - DEBUG - 自動保存已禁用，跳過配置保存
2025-08-15 22:57:26,897 - VALO360 - DEBUG - 自動保存已禁用，跳過配置保存
2025-08-15 22:57:26,897 - VALO360 - DEBUG - 自動保存已禁用，跳過配置保存
2025-08-15 22:57:26,897 - VALO360 - DEBUG - 自動保存已禁用，跳過配置保存
2025-08-15 22:57:26,897 - VALO360 - DEBUG - 自動保存已禁用，跳過配置保存
2025-08-15 22:57:26,898 - VALO360 - DEBUG - 自動保存已禁用，跳過配置保存
2025-08-15 22:57:26,898 - VALO360 - DEBUG - 自動保存已禁用，跳過配置保存
2025-08-15 22:57:26,898 - VALO360 - DEBUG - 自動保存已禁用，跳過配置保存
2025-08-15 22:57:26,898 - VALO360 - DEBUG - 自動保存已禁用，跳過配置保存
2025-08-15 22:57:26,898 - VALO360 - DEBUG - 自動保存已禁用，跳過配置保存
2025-08-15 22:57:26,898 - VALO360 - DEBUG - 自動保存已禁用，跳過配置保存
2025-08-15 22:57:26,898 - VALO360 - DEBUG - 自動保存已禁用，跳過配置保存
2025-08-15 22:57:26,899 - VALO360 - DEBUG - 自動保存已禁用，跳過配置保存
2025-08-15 22:57:26,899 - VALO360 - DEBUG - 自動保存已禁用，跳過配置保存
2025-08-15 22:57:26,899 - VALO360 - DEBUG - 自動保存已禁用，跳過配置保存
2025-08-15 22:57:26,899 - VALO360 - DEBUG - 自動保存已禁用，跳過配置保存
2025-08-15 22:57:26,899 - VALO360 - DEBUG - 自動保存已禁用，跳過配置保存
2025-08-15 22:57:26,900 - VALO360 - DEBUG - 自動保存已禁用，跳過配置保存
2025-08-15 22:57:26,900 - VALO360 - DEBUG - 自動保存已禁用，跳過配置保存
2025-08-15 22:57:26,900 - VALO360 - DEBUG - 自動保存已禁用，跳過配置保存
2025-08-15 22:57:26,900 - VALO360 - DEBUG - 自動保存已禁用，跳過配置保存
2025-08-15 22:57:26,900 - VALO360 - DEBUG - 自動保存已禁用，跳過配置保存
2025-08-15 22:57:26,900 - VALO360 - DEBUG - 自動保存已禁用，跳過配置保存
2025-08-15 22:57:26,900 - VALO360 - DEBUG - 自動保存已禁用，跳過配置保存
2025-08-15 22:57:26,901 - VALO360 - DEBUG - 自動保存已禁用，跳過配置保存
2025-08-15 22:57:26,901 - VALO360 - DEBUG - 自動保存已禁用，跳過配置保存
2025-08-15 22:57:26,901 - VALO360 - DEBUG - 自動保存已禁用，跳過配置保存
2025-08-15 22:57:26,901 - VALO360 - DEBUG - 自動保存已禁用，跳過配置保存
2025-08-15 22:57:26,901 - VALO360 - DEBUG - 自動保存已禁用，跳過配置保存
2025-08-15 22:57:26,901 - VALO360 - DEBUG - 自動保存已禁用，跳過配置保存
2025-08-15 22:57:26,902 - VALO360 - DEBUG - 自動保存已禁用，跳過配置保存
2025-08-15 22:57:26,902 - VALO360 - DEBUG - 自動保存已禁用，跳過配置保存
2025-08-15 22:57:26,902 - VALO360 - DEBUG - 自動保存已禁用，跳過配置保存
2025-08-15 22:57:26,902 - VALO360 - DEBUG - 自動保存已禁用，跳過配置保存
2025-08-15 22:57:26,902 - VALO360 - DEBUG - 自動保存已禁用，跳過配置保存
2025-08-15 22:57:26,902 - VALO360 - DEBUG - 自動保存已禁用，跳過配置保存
2025-08-15 22:57:26,903 - VALO360 - DEBUG - 自動保存已禁用，跳過配置保存
2025-08-15 22:57:26,903 - VALO360 - DEBUG - 自動保存已禁用，跳過配置保存
2025-08-15 22:57:26,903 - VALO360 - DEBUG - 自動保存已禁用，跳過配置保存
2025-08-15 22:57:26,903 - VALO360 - DEBUG - 自動保存已禁用，跳過配置保存
2025-08-15 22:57:26,903 - VALO360 - DEBUG - 自動保存已禁用，跳過配置保存
2025-08-15 22:57:26,903 - VALO360 - DEBUG - 自動保存已禁用，跳過配置保存
2025-08-15 22:57:26,904 - VALO360 - DEBUG - 自動保存已禁用，跳過配置保存
2025-08-15 22:57:26,904 - VALO360 - DEBUG - 自動保存已禁用，跳過配置保存
2025-08-15 22:57:26,904 - VALO360 - DEBUG - 自動保存已禁用，跳過配置保存
2025-08-15 22:57:26,904 - VALO360 - DEBUG - 自動保存已禁用，跳過配置保存
2025-08-15 22:57:26,904 - VALO360 - DEBUG - 自動保存已禁用，跳過配置保存
2025-08-15 22:57:26,904 - VALO360 - DEBUG - 自動保存已禁用，跳過配置保存
2025-08-15 22:57:26,905 - VALO360 - DEBUG - 自動保存已禁用，跳過配置保存
2025-08-15 22:57:26,905 - VALO360 - DEBUG - 自動保存已禁用，跳過配置保存
2025-08-15 22:57:26,905 - VALO360 - DEBUG - 自動保存已禁用，跳過配置保存
2025-08-15 22:57:26,905 - VALO360 - DEBUG - 自動保存已禁用，跳過配置保存
2025-08-15 22:57:26,905 - VALO360 - DEBUG - 自動保存已禁用，跳過配置保存
2025-08-15 22:57:26,905 - VALO360 - DEBUG - 自動保存已禁用，跳過配置保存
2025-08-15 22:57:26,906 - VALO360 - DEBUG - 自動保存已禁用，跳過配置保存
2025-08-15 22:57:26,906 - VALO360 - DEBUG - 自動保存已禁用，跳過配置保存
2025-08-15 22:57:26,906 - VALO360 - DEBUG - 自動保存已禁用，跳過配置保存
2025-08-15 22:57:26,906 - VALO360 - DEBUG - 自動保存已禁用，跳過配置保存
2025-08-15 22:57:26,906 - VALO360 - DEBUG - 自動保存已禁用，跳過配置保存
2025-08-15 22:57:26,906 - VALO360 - DEBUG - 自動保存已禁用，跳過配置保存
2025-08-15 22:57:26,906 - VALO360 - DEBUG - 自動保存已禁用，跳過配置保存
2025-08-15 22:57:26,910 - VALO360 - DEBUG - 自動保存已禁用，跳過配置保存
2025-08-15 22:57:26,910 - VALO360 - DEBUG - 自動保存已禁用，跳過配置保存
2025-08-15 22:57:26,910 - VALO360 - DEBUG - 自動保存已禁用，跳過配置保存
2025-08-15 22:57:26,910 - VALO360 - DEBUG - 自動保存已禁用，跳過配置保存
2025-08-15 22:57:26,910 - VALO360 - DEBUG - 自動保存已禁用，跳過配置保存
2025-08-15 22:57:26,911 - VALO360 - DEBUG - 自動保存已禁用，跳過配置保存
2025-08-15 22:57:26,911 - VALO360 - DEBUG - 自動保存已禁用，跳過配置保存
2025-08-15 22:57:26,911 - VALO360 - DEBUG - 自動保存已禁用，跳過配置保存
2025-08-15 22:57:26,911 - VALO360 - DEBUG - 自動保存已禁用，跳過配置保存
2025-08-15 22:57:26,911 - VALO360 - DEBUG - 自動保存已禁用，跳過配置保存
2025-08-15 22:57:26,911 - VALO360 - DEBUG - 自動保存已禁用，跳過配置保存
2025-08-15 22:57:26,912 - VALO360 - DEBUG - 自動保存已禁用，跳過配置保存
2025-08-15 22:57:26,912 - VALO360 - DEBUG - 自動保存已禁用，跳過配置保存
2025-08-15 22:57:26,912 - VALO360 - DEBUG - 自動保存已禁用，跳過配置保存
2025-08-15 22:57:26,912 - VALO360 - DEBUG - 自動保存已禁用，跳過配置保存
2025-08-15 22:57:26,912 - VALO360 - DEBUG - 自動保存已禁用，跳過配置保存
2025-08-15 22:57:26,912 - VALO360 - DEBUG - 自動保存已禁用，跳過配置保存
2025-08-15 22:57:26,913 - VALO360 - DEBUG - 自動保存已禁用，跳過配置保存
2025-08-15 22:57:26,913 - VALO360 - DEBUG - 自動保存已禁用，跳過配置保存
2025-08-15 22:57:26,913 - VALO360 - DEBUG - 自動保存已禁用，跳過配置保存
2025-08-15 22:57:26,913 - VALO360 - DEBUG - 自動保存已禁用，跳過配置保存
2025-08-15 22:57:26,914 - VALO360 - DEBUG - 自動保存已禁用，跳過配置保存
2025-08-15 22:57:26,914 - VALO360 - DEBUG - 自動保存已禁用，跳過配置保存
2025-08-15 22:57:26,914 - VALO360 - DEBUG - 自動保存已禁用，跳過配置保存
2025-08-15 22:57:26,914 - VALO360 - DEBUG - 自動保存已禁用，跳過配置保存
2025-08-15 22:57:26,914 - VALO360 - DEBUG - 自動保存已禁用，跳過配置保存
2025-08-15 22:57:26,915 - VALO360 - DEBUG - 自動保存已禁用，跳過配置保存
2025-08-15 22:57:26,915 - VALO360 - DEBUG - 自動保存已禁用，跳過配置保存
2025-08-15 22:57:26,915 - VALO360 - DEBUG - 自動保存已禁用，跳過配置保存
2025-08-15 22:57:26,915 - VALO360 - DEBUG - 自動保存已禁用，跳過配置保存
2025-08-15 22:57:26,915 - VALO360 - DEBUG - 自動保存已禁用，跳過配置保存
2025-08-15 22:57:26,915 - VALO360 - DEBUG - 自動保存已禁用，跳過配置保存
2025-08-15 22:57:26,916 - VALO360 - DEBUG - 自動保存已禁用，跳過配置保存
2025-08-15 22:57:26,916 - VALO360 - DEBUG - 自動保存已禁用，跳過配置保存
2025-08-15 22:57:26,916 - VALO360 - DEBUG - 自動保存已禁用，跳過配置保存
2025-08-15 22:57:26,916 - VALO360 - DEBUG - 自動保存已禁用，跳過配置保存
2025-08-15 22:57:26,916 - VALO360 - DEBUG - 自動保存已禁用，跳過配置保存
2025-08-15 22:57:26,916 - VALO360 - DEBUG - 自動保存已禁用，跳過配置保存
2025-08-15 22:57:26,917 - VALO360 - DEBUG - 自動保存已禁用，跳過配置保存
2025-08-15 22:57:26,917 - VALO360 - DEBUG - 自動保存已禁用，跳過配置保存
2025-08-15 22:57:26,917 - VALO360 - DEBUG - 自動保存已禁用，跳過配置保存
2025-08-15 22:57:26,917 - VALO360 - DEBUG - 自動保存已禁用，跳過配置保存
2025-08-15 22:57:26,917 - VALO360 - DEBUG - 自動保存已禁用，跳過配置保存
2025-08-15 22:57:26,917 - VALO360 - DEBUG - 自動保存已禁用，跳過配置保存
2025-08-15 22:57:26,918 - VALO360 - DEBUG - 自動保存已禁用，跳過配置保存
2025-08-15 22:57:26,918 - VALO360 - DEBUG - 自動保存已禁用，跳過配置保存
2025-08-15 22:57:26,918 - VALO360 - DEBUG - 自動保存已禁用，跳過配置保存
2025-08-15 22:57:26,918 - VALO360 - DEBUG - 自動保存已禁用，跳過配置保存
2025-08-15 22:57:26,918 - VALO360 - DEBUG - 自動保存已禁用，跳過配置保存
2025-08-15 22:57:26,919 - VALO360 - DEBUG - 自動保存已禁用，跳過配置保存
2025-08-15 22:57:26,919 - VALO360 - DEBUG - 自動保存已禁用，跳過配置保存
2025-08-15 22:57:26,919 - VALO360 - DEBUG - 自動保存已禁用，跳過配置保存
2025-08-15 22:57:26,919 - VALO360 - DEBUG - 自動保存已禁用，跳過配置保存
2025-08-15 22:57:26,919 - VALO360 - DEBUG - 自動保存已禁用，跳過配置保存
2025-08-15 22:57:26,919 - VALO360 - DEBUG - 自動保存已禁用，跳過配置保存
2025-08-15 22:57:26,919 - VALO360 - DEBUG - 自動保存已禁用，跳過配置保存
2025-08-15 22:57:26,920 - VALO360 - DEBUG - 自動保存已禁用，跳過配置保存
2025-08-15 22:57:26,920 - VALO360 - DEBUG - 自動保存已禁用，跳過配置保存
2025-08-15 22:57:26,920 - VALO360 - DEBUG - 自動保存已禁用，跳過配置保存
2025-08-15 22:57:26,920 - VALO360 - DEBUG - 自動保存已禁用，跳過配置保存
2025-08-15 22:57:26,920 - VALO360 - DEBUG - 自動保存已禁用，跳過配置保存
2025-08-15 22:57:26,921 - VALO360 - DEBUG - 自動保存已禁用，跳過配置保存
2025-08-15 22:57:26,921 - VALO360 - DEBUG - 自動保存已禁用，跳過配置保存
2025-08-15 22:57:26,921 - VALO360 - DEBUG - 自動保存已禁用，跳過配置保存
2025-08-15 22:57:26,921 - VALO360 - DEBUG - 自動保存已禁用，跳過配置保存
2025-08-15 22:57:26,921 - VALO360 - DEBUG - 自動保存已禁用，跳過配置保存
2025-08-15 22:57:26,921 - VALO360 - DEBUG - 自動保存已禁用，跳過配置保存
2025-08-15 22:57:26,921 - VALO360 - DEBUG - 自動保存已禁用，跳過配置保存
2025-08-15 22:57:26,922 - VALO360 - DEBUG - 自動保存已禁用，跳過配置保存
2025-08-15 22:57:26,922 - VALO360 - DEBUG - 自動保存已禁用，跳過配置保存
2025-08-15 22:57:26,922 - VALO360 - DEBUG - 自動保存已禁用，跳過配置保存
2025-08-15 22:57:26,922 - VALO360 - DEBUG - 自動保存已禁用，跳過配置保存
2025-08-15 22:57:26,922 - VALO360 - DEBUG - 自動保存已禁用，跳過配置保存
2025-08-15 22:57:26,922 - VALO360 - DEBUG - 自動保存已禁用，跳過配置保存
2025-08-15 22:57:26,923 - VALO360 - DEBUG - 自動保存已禁用，跳過配置保存
2025-08-15 22:57:26,923 - VALO360 - DEBUG - 自動保存已禁用，跳過配置保存
2025-08-15 22:57:26,923 - VALO360 - DEBUG - 自動保存已禁用，跳過配置保存
2025-08-15 22:57:26,923 - VALO360 - DEBUG - 自動保存已禁用，跳過配置保存
2025-08-15 22:57:26,923 - VALO360 - DEBUG - 自動保存已禁用，跳過配置保存
2025-08-15 22:57:26,923 - VALO360 - DEBUG - 自動保存已禁用，跳過配置保存
2025-08-15 22:57:26,924 - VALO360 - DEBUG - 自動保存已禁用，跳過配置保存
2025-08-15 22:57:26,924 - VALO360 - DEBUG - 自動保存已禁用，跳過配置保存
2025-08-15 22:57:26,924 - VALO360 - DEBUG - 自動保存已禁用，跳過配置保存
2025-08-15 22:57:26,924 - VALO360 - DEBUG - 自動保存已禁用，跳過配置保存
2025-08-15 22:57:26,924 - VALO360 - DEBUG - 自動保存已禁用，跳過配置保存
2025-08-15 22:57:26,924 - VALO360 - DEBUG - 自動保存已禁用，跳過配置保存
2025-08-15 22:57:26,924 - VALO360 - DEBUG - 自動保存已禁用，跳過配置保存
2025-08-15 22:57:26,925 - VALO360 - DEBUG - 自動保存已禁用，跳過配置保存
2025-08-15 22:57:26,925 - VALO360 - DEBUG - 自動保存已禁用，跳過配置保存
2025-08-15 22:57:26,925 - VALO360 - DEBUG - 自動保存已禁用，跳過配置保存
2025-08-15 22:57:26,925 - VALO360 - DEBUG - 自動保存已禁用，跳過配置保存
2025-08-15 22:57:26,925 - VALO360 - DEBUG - 自動保存已禁用，跳過配置保存
2025-08-15 22:57:26,926 - VALO360 - DEBUG - 自動保存已禁用，跳過配置保存
2025-08-15 22:57:26,926 - VALO360 - DEBUG - 自動保存已禁用，跳過配置保存
2025-08-15 22:57:26,926 - VALO360 - DEBUG - 自動保存已禁用，跳過配置保存
2025-08-15 22:57:26,926 - VALO360 - DEBUG - 自動保存已禁用，跳過配置保存
2025-08-15 22:57:26,926 - VALO360 - DEBUG - 自動保存已禁用，跳過配置保存
2025-08-15 22:57:26,927 - VALO360 - DEBUG - 自動保存已禁用，跳過配置保存
2025-08-15 22:57:26,927 - VALO360 - DEBUG - 自動保存已禁用，跳過配置保存
2025-08-15 22:57:26,927 - VALO360 - DEBUG - 自動保存已禁用，跳過配置保存
2025-08-15 22:57:26,927 - VALO360 - DEBUG - 自動保存已禁用，跳過配置保存
2025-08-15 22:57:26,927 - VALO360 - DEBUG - 自動保存已禁用，跳過配置保存
2025-08-15 22:57:26,927 - VALO360 - DEBUG - 自動保存已禁用，跳過配置保存
2025-08-15 22:57:26,927 - VALO360 - DEBUG - 自動保存已禁用，跳過配置保存
2025-08-15 22:57:26,928 - VALO360 - DEBUG - 自動保存已禁用，跳過配置保存
2025-08-15 22:57:26,928 - VALO360 - DEBUG - 自動保存已禁用，跳過配置保存
2025-08-15 22:57:26,928 - VALO360 - DEBUG - 自動保存已禁用，跳過配置保存
2025-08-15 22:57:26,928 - VALO360 - DEBUG - 自動保存已禁用，跳過配置保存
2025-08-15 22:57:26,928 - VALO360 - DEBUG - 自動保存已禁用，跳過配置保存
2025-08-15 22:57:26,928 - VALO360 - DEBUG - 自動保存已禁用，跳過配置保存
2025-08-15 22:57:26,929 - VALO360 - DEBUG - 自動保存已禁用，跳過配置保存
2025-08-15 22:57:26,929 - VALO360 - DEBUG - 自動保存已禁用，跳過配置保存
2025-08-15 22:57:26,929 - VALO360 - DEBUG - 自動保存已禁用，跳過配置保存
2025-08-15 22:57:26,929 - VALO360 - DEBUG - 自動保存已禁用，跳過配置保存
2025-08-15 22:57:26,929 - VALO360 - DEBUG - 自動保存已禁用，跳過配置保存
2025-08-15 22:57:26,929 - VALO360 - DEBUG - 自動保存已禁用，跳過配置保存
2025-08-15 22:57:26,930 - VALO360 - DEBUG - 自動保存已禁用，跳過配置保存
2025-08-15 22:57:26,930 - VALO360 - DEBUG - 自動保存已禁用，跳過配置保存
2025-08-15 22:57:26,930 - VALO360 - DEBUG - 自動保存已禁用，跳過配置保存
2025-08-15 22:57:26,930 - VALO360 - DEBUG - 自動保存已禁用，跳過配置保存
2025-08-15 22:57:26,931 - VALO360 - DEBUG - 自動保存已禁用，跳過配置保存
2025-08-15 22:57:26,931 - VALO360 - DEBUG - 自動保存已禁用，跳過配置保存
2025-08-15 22:57:26,931 - VALO360 - DEBUG - 自動保存已禁用，跳過配置保存
2025-08-15 22:57:26,931 - VALO360 - DEBUG - 自動保存已禁用，跳過配置保存
2025-08-15 22:57:26,931 - VALO360 - DEBUG - 自動保存已禁用，跳過配置保存
2025-08-15 22:57:26,931 - VALO360 - DEBUG - 自動保存已禁用，跳過配置保存
2025-08-15 22:57:26,931 - VALO360 - DEBUG - 自動保存已禁用，跳過配置保存
2025-08-15 22:57:26,932 - VALO360 - DEBUG - 自動保存已禁用，跳過配置保存
2025-08-15 22:57:26,933 - VALO360 - DEBUG - 自動保存已禁用，跳過配置保存
2025-08-15 22:57:26,933 - VALO360 - DEBUG - 自動保存已禁用，跳過配置保存
2025-08-15 22:57:26,933 - VALO360 - DEBUG - 自動保存已禁用，跳過配置保存
2025-08-15 22:57:26,933 - VALO360 - DEBUG - 自動保存已禁用，跳過配置保存
2025-08-15 22:57:26,933 - VALO360 - DEBUG - 自動保存已禁用，跳過配置保存
2025-08-15 22:57:26,933 - VALO360 - DEBUG - 自動保存已禁用，跳過配置保存
2025-08-15 22:57:26,933 - VALO360 - DEBUG - 自動保存已禁用，跳過配置保存
2025-08-15 22:57:26,934 - VALO360 - DEBUG - 自動保存已禁用，跳過配置保存
2025-08-15 22:57:26,934 - VALO360 - DEBUG - 自動保存已禁用，跳過配置保存
2025-08-15 22:57:26,934 - VALO360 - DEBUG - 自動保存已禁用，跳過配置保存
2025-08-15 22:57:26,934 - VALO360 - DEBUG - 自動保存已禁用，跳過配置保存
2025-08-15 22:57:26,934 - VALO360 - DEBUG - 自動保存已禁用，跳過配置保存
2025-08-15 22:57:26,936 - VALO360 - DEBUG - 自動保存已禁用，跳過配置保存
2025-08-15 22:57:26,936 - VALO360 - DEBUG - 自動保存已禁用，跳過配置保存
2025-08-15 22:57:26,936 - VALO360 - DEBUG - 自動保存已禁用，跳過配置保存
2025-08-15 22:57:26,936 - VALO360 - DEBUG - 自動保存已禁用，跳過配置保存
2025-08-15 22:57:26,936 - VALO360 - DEBUG - 自動保存已禁用，跳過配置保存
2025-08-15 22:57:26,936 - VALO360 - DEBUG - 自動保存已禁用，跳過配置保存
2025-08-15 22:57:26,937 - VALO360 - DEBUG - 自動保存已禁用，跳過配置保存
2025-08-15 22:57:26,937 - VALO360 - DEBUG - 自動保存已禁用，跳過配置保存
2025-08-15 22:57:26,937 - VALO360 - DEBUG - 自動保存已禁用，跳過配置保存
2025-08-15 22:57:26,937 - VALO360 - DEBUG - 自動保存已禁用，跳過配置保存
2025-08-15 22:57:26,937 - VALO360 - DEBUG - 自動保存已禁用，跳過配置保存
2025-08-15 22:57:26,937 - VALO360 - DEBUG - 自動保存已禁用，跳過配置保存
2025-08-15 22:57:26,957 - VALO360 - DEBUG - 自動保存已禁用，跳過配置保存
2025-08-15 22:57:26,957 - VALO360 - DEBUG - 自動保存已禁用，跳過配置保存
2025-08-15 22:57:26,957 - VALO360 - DEBUG - 自動保存已禁用，跳過配置保存
2025-08-15 22:57:26,958 - VALO360 - DEBUG - 自動保存已禁用，跳過配置保存
2025-08-15 22:57:26,964 - VALO360 - DEBUG - 自動保存已禁用，跳過配置保存
2025-08-15 22:57:26,965 - VALO360 - DEBUG - 自動保存已禁用，跳過配置保存
2025-08-15 22:57:26,965 - VALO360 - DEBUG - 自動保存已禁用，跳過配置保存
2025-08-15 22:57:26,965 - VALO360 - DEBUG - 自動保存已禁用，跳過配置保存
2025-08-15 22:57:26,966 - VALO360 - DEBUG - 自動保存已禁用，跳過配置保存
2025-08-15 22:57:26,967 - VALO360 - DEBUG - 自動保存已禁用，跳過配置保存
2025-08-15 22:57:26,967 - VALO360 - DEBUG - 自動保存已禁用，跳過配置保存
2025-08-15 22:57:26,967 - VALO360 - DEBUG - 自動保存已禁用，跳過配置保存
2025-08-15 22:57:26,968 - VALO360 - DEBUG - 自動保存已禁用，跳過配置保存
2025-08-15 22:57:26,968 - VALO360 - DEBUG - 自動保存已禁用，跳過配置保存
2025-08-15 22:57:26,968 - VALO360 - DEBUG - 自動保存已禁用，跳過配置保存
2025-08-15 22:57:26,968 - VALO360 - DEBUG - 自動保存已禁用，跳過配置保存
2025-08-15 22:57:26,969 - VALO360 - DEBUG - 自動保存已禁用，跳過配置保存
2025-08-15 22:57:26,969 - VALO360 - DEBUG - 自動保存已禁用，跳過配置保存
2025-08-15 22:57:26,969 - VALO360 - DEBUG - 自動保存已禁用，跳過配置保存
2025-08-15 22:57:26,970 - VALO360 - DEBUG - 自動保存已禁用，跳過配置保存
2025-08-15 22:57:26,970 - VALO360 - DEBUG - 自動保存已禁用，跳過配置保存
2025-08-15 22:57:26,971 - VALO360 - DEBUG - 自動保存已禁用，跳過配置保存
2025-08-15 22:57:26,971 - VALO360 - DEBUG - 自動保存已禁用，跳過配置保存
2025-08-15 22:57:26,971 - VALO360 - DEBUG - 自動保存已禁用，跳過配置保存
2025-08-15 22:57:26,972 - VALO360 - DEBUG - 自動保存已禁用，跳過配置保存
2025-08-15 22:57:26,972 - VALO360 - DEBUG - 自動保存已禁用，跳過配置保存
2025-08-15 22:57:26,972 - VALO360 - DEBUG - 自動保存已禁用，跳過配置保存
2025-08-15 22:57:26,972 - VALO360 - DEBUG - 自動保存已禁用，跳過配置保存
2025-08-15 22:57:26,974 - VALO360 - DEBUG - 自動保存已禁用，跳過配置保存
2025-08-15 22:57:26,974 - VALO360 - DEBUG - 自動保存已禁用，跳過配置保存
2025-08-15 22:57:26,974 - VALO360 - DEBUG - 自動保存已禁用，跳過配置保存
2025-08-15 22:57:26,974 - VALO360 - DEBUG - 自動保存已禁用，跳過配置保存
2025-08-15 22:57:26,976 - VALO360 - DEBUG - 自動保存已禁用，跳過配置保存
2025-08-15 22:57:26,976 - VALO360 - DEBUG - 自動保存已禁用，跳過配置保存
2025-08-15 22:57:26,976 - VALO360 - DEBUG - 自動保存已禁用，跳過配置保存
2025-08-15 22:57:26,977 - VALO360 - DEBUG - 自動保存已禁用，跳過配置保存
2025-08-15 22:57:26,977 - VALO360 - DEBUG - 自動保存已禁用，跳過配置保存
2025-08-15 22:57:26,977 - VALO360 - DEBUG - 自動保存已禁用，跳過配置保存
2025-08-15 22:57:26,977 - VALO360 - DEBUG - 自動保存已禁用，跳過配置保存
2025-08-15 22:57:26,977 - VALO360 - DEBUG - 自動保存已禁用，跳過配置保存
2025-08-15 22:57:26,979 - VALO360 - DEBUG - 自動保存已禁用，跳過配置保存
2025-08-15 22:57:26,980 - VALO360 - DEBUG - 自動保存已禁用，跳過配置保存
2025-08-15 22:57:26,980 - VALO360 - DEBUG - 自動保存已禁用，跳過配置保存
2025-08-15 22:57:26,980 - VALO360 - DEBUG - 自動保存已禁用，跳過配置保存
2025-08-15 22:57:26,981 - VALO360 - DEBUG - 自動保存已禁用，跳過配置保存
2025-08-15 22:57:26,981 - VALO360 - DEBUG - 自動保存已禁用，跳過配置保存
2025-08-15 22:57:26,981 - VALO360 - DEBUG - 自動保存已禁用，跳過配置保存
2025-08-15 22:57:26,981 - VALO360 - DEBUG - 自動保存已禁用，跳過配置保存
2025-08-15 22:57:26,983 - VALO360 - DEBUG - 自動保存已禁用，跳過配置保存
2025-08-15 22:57:26,983 - VALO360 - DEBUG - 自動保存已禁用，跳過配置保存
2025-08-15 22:57:26,983 - VALO360 - DEBUG - 自動保存已禁用，跳過配置保存
2025-08-15 22:57:26,983 - VALO360 - DEBUG - 自動保存已禁用，跳過配置保存
2025-08-15 22:57:26,984 - VALO360 - DEBUG - 自動保存已禁用，跳過配置保存
2025-08-15 22:57:26,984 - VALO360 - DEBUG - 自動保存已禁用，跳過配置保存
2025-08-15 22:57:26,984 - VALO360 - DEBUG - 自動保存已禁用，跳過配置保存
2025-08-15 22:57:26,984 - VALO360 - DEBUG - 自動保存已禁用，跳過配置保存
2025-08-15 22:57:26,985 - VALO360 - DEBUG - 自動保存已禁用，跳過配置保存
2025-08-15 22:57:26,985 - VALO360 - DEBUG - 自動保存已禁用，跳過配置保存
2025-08-15 22:57:26,985 - VALO360 - DEBUG - 自動保存已禁用，跳過配置保存
2025-08-15 22:57:26,986 - VALO360 - DEBUG - 自動保存已禁用，跳過配置保存
2025-08-15 22:57:26,986 - VALO360 - DEBUG - 自動保存已禁用，跳過配置保存
2025-08-15 22:57:26,987 - VALO360 - DEBUG - 自動保存已禁用，跳過配置保存
2025-08-15 22:57:26,987 - VALO360 - DEBUG - 自動保存已禁用，跳過配置保存
2025-08-15 22:57:26,987 - VALO360 - DEBUG - 自動保存已禁用，跳過配置保存
2025-08-15 22:57:26,991 - VALO360 - DEBUG - 自動保存已禁用，跳過配置保存
2025-08-15 22:57:26,991 - VALO360 - DEBUG - 自動保存已禁用，跳過配置保存
2025-08-15 22:57:26,992 - VALO360 - DEBUG - 自動保存已禁用，跳過配置保存
2025-08-15 22:57:26,992 - VALO360 - DEBUG - 自動保存已禁用，跳過配置保存
2025-08-15 22:57:26,993 - VALO360 - DEBUG - 自動保存已禁用，跳過配置保存
2025-08-15 22:57:26,993 - VALO360 - DEBUG - 自動保存已禁用，跳過配置保存
2025-08-15 22:57:26,993 - VALO360 - DEBUG - 自動保存已禁用，跳過配置保存
2025-08-15 22:57:26,993 - VALO360 - DEBUG - 自動保存已禁用，跳過配置保存
2025-08-15 22:57:26,993 - VALO360 - DEBUG - 自動保存已禁用，跳過配置保存
2025-08-15 22:57:26,994 - VALO360 - DEBUG - 自動保存已禁用，跳過配置保存
2025-08-15 22:57:26,994 - VALO360 - DEBUG - 自動保存已禁用，跳過配置保存
2025-08-15 22:57:26,994 - VALO360 - DEBUG - 自動保存已禁用，跳過配置保存
2025-08-15 22:57:26,995 - VALO360 - DEBUG - 自動保存已禁用，跳過配置保存
2025-08-15 22:57:26,996 - VALO360 - DEBUG - 自動保存已禁用，跳過配置保存
2025-08-15 22:57:26,996 - VALO360 - DEBUG - 自動保存已禁用，跳過配置保存
2025-08-15 22:57:26,996 - VALO360 - DEBUG - 自動保存已禁用，跳過配置保存
2025-08-15 22:57:26,997 - VALO360 - DEBUG - 自動保存已禁用，跳過配置保存
2025-08-15 22:57:26,997 - VALO360 - DEBUG - 自動保存已禁用，跳過配置保存
2025-08-15 22:57:26,997 - VALO360 - DEBUG - 自動保存已禁用，跳過配置保存
2025-08-15 22:57:26,997 - VALO360 - DEBUG - 自動保存已禁用，跳過配置保存
2025-08-15 22:57:26,997 - VALO360 - DEBUG - 自動保存已禁用，跳過配置保存
2025-08-15 22:57:26,998 - VALO360 - DEBUG - 自動保存已禁用，跳過配置保存
2025-08-15 22:57:26,998 - VALO360 - DEBUG - 自動保存已禁用，跳過配置保存
2025-08-15 22:57:26,998 - VALO360 - DEBUG - 自動保存已禁用，跳過配置保存
2025-08-15 22:57:26,999 - VALO360 - DEBUG - 自動保存已禁用，跳過配置保存
2025-08-15 22:57:26,999 - VALO360 - DEBUG - 自動保存已禁用，跳過配置保存
2025-08-15 22:57:26,999 - VALO360 - DEBUG - 自動保存已禁用，跳過配置保存
2025-08-15 22:57:26,999 - VALO360 - DEBUG - 自動保存已禁用，跳過配置保存
2025-08-15 22:57:27,009 - VALO360 - DEBUG - 自動保存已禁用，跳過配置保存
2025-08-15 22:57:27,009 - VALO360 - DEBUG - 自動保存已禁用，跳過配置保存
2025-08-15 22:57:27,009 - VALO360 - DEBUG - 自動保存已禁用，跳過配置保存
2025-08-15 22:57:27,009 - VALO360 - DEBUG - 自動保存已禁用，跳過配置保存
2025-08-15 22:57:27,010 - VALO360 - DEBUG - 自動保存已禁用，跳過配置保存
2025-08-15 22:57:27,010 - VALO360 - DEBUG - 自動保存已禁用，跳過配置保存
2025-08-15 22:57:27,010 - VALO360 - DEBUG - 自動保存已禁用，跳過配置保存
2025-08-15 22:57:27,010 - VALO360 - DEBUG - 自動保存已禁用，跳過配置保存
2025-08-15 22:57:27,014 - VALO360 - DEBUG - 自動保存已禁用，跳過配置保存
2025-08-15 22:57:27,014 - VALO360 - DEBUG - 自動保存已禁用，跳過配置保存
2025-08-15 22:57:27,014 - VALO360 - DEBUG - 自動保存已禁用，跳過配置保存
2025-08-15 22:57:27,014 - VALO360 - DEBUG - 自動保存已禁用，跳過配置保存
2025-08-15 22:57:27,015 - VALO360 - DEBUG - 自動保存已禁用，跳過配置保存
2025-08-15 22:57:27,015 - VALO360 - DEBUG - 自動保存已禁用，跳過配置保存
2025-08-15 22:57:27,015 - VALO360 - DEBUG - 自動保存已禁用，跳過配置保存
2025-08-15 22:57:27,015 - VALO360 - DEBUG - 自動保存已禁用，跳過配置保存
2025-08-15 22:57:27,016 - VALO360 - DEBUG - 自動保存已禁用，跳過配置保存
2025-08-15 22:57:27,016 - VALO360 - DEBUG - 自動保存已禁用，跳過配置保存
2025-08-15 22:57:27,016 - VALO360 - DEBUG - 自動保存已禁用，跳過配置保存
2025-08-15 22:57:27,016 - VALO360 - DEBUG - 自動保存已禁用，跳過配置保存
2025-08-15 22:57:27,018 - VALO360 - DEBUG - 自動保存已禁用，跳過配置保存
2025-08-15 22:57:27,018 - VALO360 - DEBUG - 自動保存已禁用，跳過配置保存
2025-08-15 22:57:27,018 - VALO360 - DEBUG - 自動保存已禁用，跳過配置保存
2025-08-15 22:57:27,019 - VALO360 - DEBUG - 自動保存已禁用，跳過配置保存
2025-08-15 22:57:27,019 - VALO360 - DEBUG - 自動保存已禁用，跳過配置保存
2025-08-15 22:57:27,019 - VALO360 - DEBUG - 自動保存已禁用，跳過配置保存
2025-08-15 22:57:27,019 - VALO360 - DEBUG - 自動保存已禁用，跳過配置保存
2025-08-15 22:57:27,019 - VALO360 - DEBUG - 自動保存已禁用，跳過配置保存
2025-08-15 22:57:27,022 - VALO360 - DEBUG - 自動保存已禁用，跳過配置保存
2025-08-15 22:57:27,023 - VALO360 - DEBUG - 自動保存已禁用，跳過配置保存
2025-08-15 22:57:27,023 - VALO360 - DEBUG - 自動保存已禁用，跳過配置保存
2025-08-15 22:57:27,023 - VALO360 - DEBUG - 自動保存已禁用，跳過配置保存
2025-08-15 22:57:27,023 - VALO360 - DEBUG - 自動保存已禁用，跳過配置保存
2025-08-15 22:57:27,023 - VALO360 - DEBUG - 自動保存已禁用，跳過配置保存
2025-08-15 22:57:27,023 - VALO360 - DEBUG - 自動保存已禁用，跳過配置保存
2025-08-15 22:57:27,023 - VALO360 - DEBUG - 自動保存已禁用，跳過配置保存
2025-08-15 22:57:27,083 - VALO360 - DEBUG - 自動保存已禁用，跳過配置保存
2025-08-15 22:57:27,083 - VALO360 - DEBUG - 自動保存已禁用，跳過配置保存
2025-08-15 22:57:27,083 - VALO360 - DEBUG - 自動保存已禁用，跳過配置保存
2025-08-15 22:57:27,083 - VALO360 - DEBUG - 自動保存已禁用，跳過配置保存
2025-08-15 22:57:27,083 - VALO360 - DEBUG - 自動保存已禁用，跳過配置保存
2025-08-15 22:57:27,084 - VALO360 - DEBUG - 自動保存已禁用，跳過配置保存
2025-08-15 22:57:27,084 - VALO360 - DEBUG - 自動保存已禁用，跳過配置保存
2025-08-15 22:57:27,084 - VALO360 - DEBUG - 自動保存已禁用，跳過配置保存
2025-08-15 22:57:27,084 - VALO360 - DEBUG - 自動保存已禁用，跳過配置保存
2025-08-15 22:57:27,084 - VALO360 - DEBUG - 自動保存已禁用，跳過配置保存
2025-08-15 22:57:27,085 - VALO360 - DEBUG - 自動保存已禁用，跳過配置保存
2025-08-15 22:57:27,085 - VALO360 - DEBUG - 自動保存已禁用，跳過配置保存
2025-08-15 22:57:27,085 - VALO360 - DEBUG - 自動保存已禁用，跳過配置保存
2025-08-15 22:57:27,085 - VALO360 - DEBUG - 自動保存已禁用，跳過配置保存
2025-08-15 22:57:27,085 - VALO360 - DEBUG - 自動保存已禁用，跳過配置保存
2025-08-15 22:57:27,085 - VALO360 - DEBUG - 自動保存已禁用，跳過配置保存
2025-08-15 22:57:27,086 - VALO360 - DEBUG - 自動保存已禁用，跳過配置保存
2025-08-15 22:57:27,086 - VALO360 - DEBUG - 自動保存已禁用，跳過配置保存
2025-08-15 22:57:27,086 - VALO360 - DEBUG - 自動保存已禁用，跳過配置保存
2025-08-15 22:57:27,086 - VALO360 - DEBUG - 自動保存已禁用，跳過配置保存
2025-08-15 22:57:27,087 - VALO360 - DEBUG - 自動保存已禁用，跳過配置保存
2025-08-15 22:57:27,087 - VALO360 - DEBUG - 自動保存已禁用，跳過配置保存
2025-08-15 22:57:27,087 - VALO360 - DEBUG - 自動保存已禁用，跳過配置保存
2025-08-15 22:57:27,087 - VALO360 - DEBUG - 自動保存已禁用，跳過配置保存
2025-08-15 22:57:27,087 - VALO360 - DEBUG - 自動保存已禁用，跳過配置保存
2025-08-15 22:57:27,087 - VALO360 - DEBUG - 自動保存已禁用，跳過配置保存
2025-08-15 22:57:27,088 - VALO360 - DEBUG - 自動保存已禁用，跳過配置保存
2025-08-15 22:57:27,088 - VALO360 - DEBUG - 自動保存已禁用，跳過配置保存
2025-08-15 22:57:27,090 - VALO360 - DEBUG - 自動保存已禁用，跳過配置保存
2025-08-15 22:57:27,090 - VALO360 - DEBUG - 自動保存已禁用，跳過配置保存
2025-08-15 22:57:27,090 - VALO360 - DEBUG - 自動保存已禁用，跳過配置保存
2025-08-15 22:57:27,090 - VALO360 - DEBUG - 自動保存已禁用，跳過配置保存
2025-08-15 22:57:27,091 - VALO360 - DEBUG - 自動保存已禁用，跳過配置保存
2025-08-15 22:57:27,091 - VALO360 - DEBUG - 自動保存已禁用，跳過配置保存
2025-08-15 22:57:27,091 - VALO360 - DEBUG - 自動保存已禁用，跳過配置保存
2025-08-15 22:57:27,091 - VALO360 - DEBUG - 自動保存已禁用，跳過配置保存
2025-08-15 22:57:27,092 - VALO360 - DEBUG - 自動保存已禁用，跳過配置保存
2025-08-15 22:57:27,092 - VALO360 - DEBUG - 自動保存已禁用，跳過配置保存
2025-08-15 22:57:27,092 - VALO360 - DEBUG - 自動保存已禁用，跳過配置保存
2025-08-15 22:57:27,092 - VALO360 - DEBUG - 自動保存已禁用，跳過配置保存
2025-08-15 22:57:27,095 - VALO360 - DEBUG - 自動保存已禁用，跳過配置保存
2025-08-15 22:57:27,095 - VALO360 - DEBUG - 自動保存已禁用，跳過配置保存
2025-08-15 22:57:27,095 - VALO360 - DEBUG - 自動保存已禁用，跳過配置保存
2025-08-15 22:57:27,095 - VALO360 - DEBUG - 自動保存已禁用，跳過配置保存
2025-08-15 22:57:27,096 - VALO360 - DEBUG - 自動保存已禁用，跳過配置保存
2025-08-15 22:57:27,096 - VALO360 - DEBUG - 自動保存已禁用，跳過配置保存
2025-08-15 22:57:27,096 - VALO360 - DEBUG - 自動保存已禁用，跳過配置保存
2025-08-15 22:57:27,096 - VALO360 - DEBUG - 自動保存已禁用，跳過配置保存
2025-08-15 22:57:27,098 - VALO360 - DEBUG - 自動保存已禁用，跳過配置保存
2025-08-15 22:57:27,098 - VALO360 - DEBUG - 自動保存已禁用，跳過配置保存
2025-08-15 22:57:27,098 - VALO360 - DEBUG - 自動保存已禁用，跳過配置保存
2025-08-15 22:57:27,098 - VALO360 - DEBUG - 自動保存已禁用，跳過配置保存
2025-08-15 22:57:27,099 - VALO360 - DEBUG - 自動保存已禁用，跳過配置保存
2025-08-15 22:57:27,099 - VALO360 - DEBUG - 自動保存已禁用，跳過配置保存
2025-08-15 22:57:27,099 - VALO360 - DEBUG - 自動保存已禁用，跳過配置保存
2025-08-15 22:57:27,099 - VALO360 - DEBUG - 自動保存已禁用，跳過配置保存
2025-08-15 22:57:27,101 - VALO360 - DEBUG - 自動保存已禁用，跳過配置保存
2025-08-15 22:57:27,101 - VALO360 - DEBUG - 自動保存已禁用，跳過配置保存
2025-08-15 22:57:27,102 - VALO360 - DEBUG - 自動保存已禁用，跳過配置保存
2025-08-15 22:57:27,102 - VALO360 - DEBUG - 自動保存已禁用，跳過配置保存
2025-08-15 22:57:27,103 - VALO360 - DEBUG - 自動保存已禁用，跳過配置保存
2025-08-15 22:57:27,103 - VALO360 - DEBUG - 自動保存已禁用，跳過配置保存
2025-08-15 22:57:27,103 - VALO360 - DEBUG - 自動保存已禁用，跳過配置保存
2025-08-15 22:57:27,103 - VALO360 - DEBUG - 自動保存已禁用，跳過配置保存
2025-08-15 22:57:27,103 - VALO360 - DEBUG - 自動保存已禁用，跳過配置保存
2025-08-15 22:57:27,104 - VALO360 - DEBUG - 自動保存已禁用，跳過配置保存
2025-08-15 22:57:27,104 - VALO360 - DEBUG - 自動保存已禁用，跳過配置保存
2025-08-15 22:57:27,104 - VALO360 - DEBUG - 自動保存已禁用，跳過配置保存
2025-08-15 22:57:27,105 - VALO360 - DEBUG - 自動保存已禁用，跳過配置保存
2025-08-15 22:57:27,105 - VALO360 - DEBUG - 自動保存已禁用，跳過配置保存
2025-08-15 22:57:27,105 - VALO360 - DEBUG - 自動保存已禁用，跳過配置保存
2025-08-15 22:57:27,105 - VALO360 - DEBUG - 自動保存已禁用，跳過配置保存
2025-08-15 22:57:27,105 - VALO360 - DEBUG - 自動保存已禁用，跳過配置保存
2025-08-15 22:57:27,106 - VALO360 - DEBUG - 自動保存已禁用，跳過配置保存
2025-08-15 22:57:27,106 - VALO360 - DEBUG - 自動保存已禁用，跳過配置保存
2025-08-15 22:57:27,106 - VALO360 - DEBUG - 自動保存已禁用，跳過配置保存
2025-08-15 22:57:27,114 - VALO360 - DEBUG - 自動保存已禁用，跳過配置保存
2025-08-15 22:57:27,114 - VALO360 - DEBUG - 自動保存已禁用，跳過配置保存
2025-08-15 22:57:27,114 - VALO360 - DEBUG - 自動保存已禁用，跳過配置保存
2025-08-15 22:57:27,114 - VALO360 - DEBUG - 自動保存已禁用，跳過配置保存
2025-08-15 22:57:27,121 - VALO360 - DEBUG - 自動保存已禁用，跳過配置保存
2025-08-15 22:57:27,122 - VALO360 - DEBUG - 自動保存已禁用，跳過配置保存
2025-08-15 22:57:27,122 - VALO360 - DEBUG - 自動保存已禁用，跳過配置保存
2025-08-15 22:57:27,122 - VALO360 - DEBUG - 自動保存已禁用，跳過配置保存
2025-08-15 22:57:27,122 - VALO360 - DEBUG - 自動保存已禁用，跳過配置保存
2025-08-15 22:57:27,122 - VALO360 - DEBUG - 自動保存已禁用，跳過配置保存
2025-08-15 22:57:27,123 - VALO360 - DEBUG - 自動保存已禁用，跳過配置保存
2025-08-15 22:57:27,123 - VALO360 - DEBUG - 自動保存已禁用，跳過配置保存
2025-08-15 22:57:27,123 - VALO360 - DEBUG - 自動保存已禁用，跳過配置保存
2025-08-15 22:57:27,123 - VALO360 - DEBUG - 自動保存已禁用，跳過配置保存
2025-08-15 22:57:27,123 - VALO360 - DEBUG - 自動保存已禁用，跳過配置保存
2025-08-15 22:57:27,123 - VALO360 - DEBUG - 自動保存已禁用，跳過配置保存
2025-08-15 22:57:27,124 - VALO360 - DEBUG - 自動保存已禁用，跳過配置保存
2025-08-15 22:57:27,124 - VALO360 - DEBUG - 自動保存已禁用，跳過配置保存
2025-08-15 22:57:27,124 - VALO360 - DEBUG - 自動保存已禁用，跳過配置保存
2025-08-15 22:57:27,124 - VALO360 - DEBUG - 自動保存已禁用，跳過配置保存
2025-08-15 22:57:27,124 - VALO360 - DEBUG - 自動保存已禁用，跳過配置保存
2025-08-15 22:57:27,124 - VALO360 - DEBUG - 自動保存已禁用，跳過配置保存
2025-08-15 22:57:27,125 - VALO360 - DEBUG - 自動保存已禁用，跳過配置保存
2025-08-15 22:57:27,125 - VALO360 - DEBUG - 自動保存已禁用，跳過配置保存
2025-08-15 22:57:27,125 - VALO360 - DEBUG - 自動保存已禁用，跳過配置保存
2025-08-15 22:57:27,125 - VALO360 - DEBUG - 自動保存已禁用，跳過配置保存
2025-08-15 22:57:27,125 - VALO360 - DEBUG - 自動保存已禁用，跳過配置保存
2025-08-15 22:57:27,125 - VALO360 - DEBUG - 自動保存已禁用，跳過配置保存
2025-08-15 22:57:27,126 - VALO360 - DEBUG - 自動保存已禁用，跳過配置保存
2025-08-15 22:57:27,126 - VALO360 - DEBUG - 自動保存已禁用，跳過配置保存
2025-08-15 22:57:27,126 - VALO360 - DEBUG - 自動保存已禁用，跳過配置保存
2025-08-15 22:57:27,126 - VALO360 - DEBUG - 自動保存已禁用，跳過配置保存
2025-08-15 22:57:27,126 - VALO360 - DEBUG - 自動保存已禁用，跳過配置保存
2025-08-15 22:57:27,127 - VALO360 - DEBUG - 自動保存已禁用，跳過配置保存
2025-08-15 22:57:27,127 - VALO360 - DEBUG - 自動保存已禁用，跳過配置保存
2025-08-15 22:57:27,127 - VALO360 - DEBUG - 自動保存已禁用，跳過配置保存
2025-08-15 22:57:27,127 - VALO360 - DEBUG - 自動保存已禁用，跳過配置保存
2025-08-15 22:57:27,127 - VALO360 - DEBUG - 自動保存已禁用，跳過配置保存
2025-08-15 22:57:27,127 - VALO360 - DEBUG - 自動保存已禁用，跳過配置保存
2025-08-15 22:57:27,127 - VALO360 - DEBUG - 自動保存已禁用，跳過配置保存
2025-08-15 22:57:27,128 - VALO360 - DEBUG - 自動保存已禁用，跳過配置保存
2025-08-15 22:57:27,128 - VALO360 - DEBUG - 自動保存已禁用，跳過配置保存
2025-08-15 22:57:27,128 - VALO360 - DEBUG - 自動保存已禁用，跳過配置保存
2025-08-15 22:57:27,128 - VALO360 - DEBUG - 自動保存已禁用，跳過配置保存
2025-08-15 22:57:27,128 - VALO360 - DEBUG - 自動保存已禁用，跳過配置保存
2025-08-15 22:57:27,129 - VALO360 - DEBUG - 自動保存已禁用，跳過配置保存
2025-08-15 22:57:27,129 - VALO360 - DEBUG - 自動保存已禁用，跳過配置保存
2025-08-15 22:57:27,129 - VALO360 - DEBUG - 自動保存已禁用，跳過配置保存
2025-08-15 22:57:27,129 - VALO360 - DEBUG - 自動保存已禁用，跳過配置保存
2025-08-15 22:57:27,129 - VALO360 - DEBUG - 自動保存已禁用，跳過配置保存
2025-08-15 22:57:27,129 - VALO360 - DEBUG - 自動保存已禁用，跳過配置保存
2025-08-15 22:57:27,129 - VALO360 - DEBUG - 自動保存已禁用，跳過配置保存
2025-08-15 22:57:27,130 - VALO360 - DEBUG - 自動保存已禁用，跳過配置保存
2025-08-15 22:57:27,130 - VALO360 - DEBUG - 自動保存已禁用，跳過配置保存
2025-08-15 22:57:27,130 - VALO360 - DEBUG - 自動保存已禁用，跳過配置保存
2025-08-15 22:57:27,130 - VALO360 - DEBUG - 自動保存已禁用，跳過配置保存
2025-08-15 22:57:27,131 - VALO360 - DEBUG - 自動保存已禁用，跳過配置保存
2025-08-15 22:57:27,131 - VALO360 - DEBUG - 自動保存已禁用，跳過配置保存
2025-08-15 22:57:27,131 - VALO360 - DEBUG - 自動保存已禁用，跳過配置保存
2025-08-15 22:57:27,131 - VALO360 - DEBUG - 自動保存已禁用，跳過配置保存
2025-08-15 22:57:27,131 - VALO360 - DEBUG - 自動保存已禁用，跳過配置保存
2025-08-15 22:57:27,131 - VALO360 - DEBUG - 自動保存已禁用，跳過配置保存
2025-08-15 22:57:27,131 - VALO360 - DEBUG - 自動保存已禁用，跳過配置保存
2025-08-15 22:57:27,132 - VALO360 - DEBUG - 自動保存已禁用，跳過配置保存
2025-08-15 22:57:27,132 - VALO360 - DEBUG - 自動保存已禁用，跳過配置保存
2025-08-15 22:57:27,132 - VALO360 - DEBUG - 自動保存已禁用，跳過配置保存
2025-08-15 22:57:27,132 - VALO360 - DEBUG - 自動保存已禁用，跳過配置保存
2025-08-15 22:57:27,132 - VALO360 - DEBUG - 自動保存已禁用，跳過配置保存
2025-08-15 22:57:27,132 - VALO360 - DEBUG - 自動保存已禁用，跳過配置保存
2025-08-15 22:57:27,133 - VALO360 - DEBUG - 自動保存已禁用，跳過配置保存
2025-08-15 22:57:27,133 - VALO360 - DEBUG - 自動保存已禁用，跳過配置保存
2025-08-15 22:57:27,133 - VALO360 - DEBUG - 自動保存已禁用，跳過配置保存
2025-08-15 22:57:27,133 - VALO360 - DEBUG - 自動保存已禁用，跳過配置保存
2025-08-15 22:57:27,133 - VALO360 - DEBUG - 自動保存已禁用，跳過配置保存
2025-08-15 22:57:27,133 - VALO360 - DEBUG - 自動保存已禁用，跳過配置保存
2025-08-15 22:57:27,133 - VALO360 - DEBUG - 自動保存已禁用，跳過配置保存
2025-08-15 22:57:27,134 - VALO360 - DEBUG - 自動保存已禁用，跳過配置保存
2025-08-15 22:57:27,134 - VALO360 - DEBUG - 自動保存已禁用，跳過配置保存
2025-08-15 22:57:27,134 - VALO360 - DEBUG - 自動保存已禁用，跳過配置保存
2025-08-15 22:57:27,134 - VALO360 - DEBUG - 自動保存已禁用，跳過配置保存
2025-08-15 22:57:27,134 - VALO360 - DEBUG - 自動保存已禁用，跳過配置保存
2025-08-15 22:57:27,134 - VALO360 - DEBUG - 自動保存已禁用，跳過配置保存
2025-08-15 22:57:27,135 - VALO360 - DEBUG - 自動保存已禁用，跳過配置保存
2025-08-15 22:57:27,135 - VALO360 - DEBUG - 自動保存已禁用，跳過配置保存
2025-08-15 22:57:27,135 - VALO360 - DEBUG - 自動保存已禁用，跳過配置保存
2025-08-15 22:57:27,135 - VALO360 - DEBUG - 自動保存已禁用，跳過配置保存
2025-08-15 22:57:27,135 - VALO360 - DEBUG - 自動保存已禁用，跳過配置保存
2025-08-15 22:57:27,135 - VALO360 - DEBUG - 自動保存已禁用，跳過配置保存
2025-08-15 22:57:27,136 - VALO360 - DEBUG - 自動保存已禁用，跳過配置保存
2025-08-15 22:57:27,136 - VALO360 - DEBUG - 自動保存已禁用，跳過配置保存
2025-08-15 22:57:27,136 - VALO360 - DEBUG - 自動保存已禁用，跳過配置保存
2025-08-15 22:57:27,136 - VALO360 - DEBUG - 自動保存已禁用，跳過配置保存
2025-08-15 22:57:27,136 - VALO360 - DEBUG - 自動保存已禁用，跳過配置保存
2025-08-15 22:57:27,136 - VALO360 - DEBUG - 自動保存已禁用，跳過配置保存
2025-08-15 22:57:27,137 - VALO360 - DEBUG - 自動保存已禁用，跳過配置保存
2025-08-15 22:57:27,137 - VALO360 - DEBUG - 自動保存已禁用，跳過配置保存
2025-08-15 22:57:27,137 - VALO360 - DEBUG - 自動保存已禁用，跳過配置保存
2025-08-15 22:57:27,137 - VALO360 - DEBUG - 自動保存已禁用，跳過配置保存
2025-08-15 22:57:27,137 - VALO360 - DEBUG - 自動保存已禁用，跳過配置保存
2025-08-15 22:57:27,137 - VALO360 - DEBUG - 自動保存已禁用，跳過配置保存
2025-08-15 22:57:27,138 - VALO360 - DEBUG - 自動保存已禁用，跳過配置保存
2025-08-15 22:57:27,138 - VALO360 - DEBUG - 自動保存已禁用，跳過配置保存
2025-08-15 22:57:27,138 - VALO360 - DEBUG - 自動保存已禁用，跳過配置保存
2025-08-15 22:57:27,138 - VALO360 - DEBUG - 自動保存已禁用，跳過配置保存
2025-08-15 22:57:27,138 - VALO360 - DEBUG - 自動保存已禁用，跳過配置保存
2025-08-15 22:57:27,139 - VALO360 - DEBUG - 自動保存已禁用，跳過配置保存
2025-08-15 22:57:27,139 - VALO360 - DEBUG - 自動保存已禁用，跳過配置保存
2025-08-15 22:57:27,139 - VALO360 - DEBUG - 自動保存已禁用，跳過配置保存
2025-08-15 22:57:27,139 - VALO360 - DEBUG - 自動保存已禁用，跳過配置保存
2025-08-15 22:57:27,139 - VALO360 - DEBUG - 自動保存已禁用，跳過配置保存
2025-08-15 22:57:27,139 - VALO360 - DEBUG - 自動保存已禁用，跳過配置保存
2025-08-15 22:57:27,139 - VALO360 - DEBUG - 自動保存已禁用，跳過配置保存
2025-08-15 22:57:27,140 - VALO360 - DEBUG - 自動保存已禁用，跳過配置保存
2025-08-15 22:57:27,140 - VALO360 - DEBUG - 自動保存已禁用，跳過配置保存
2025-08-15 22:57:27,141 - VALO360 - DEBUG - 自動保存已禁用，跳過配置保存
2025-08-15 22:57:27,141 - VALO360 - DEBUG - 自動保存已禁用，跳過配置保存
2025-08-15 22:57:27,227 - VALO360 - DEBUG - 自動保存已禁用，跳過配置保存
2025-08-15 22:57:27,227 - VALO360 - DEBUG - 自動保存已禁用，跳過配置保存
2025-08-15 22:57:27,227 - VALO360 - DEBUG - 自動保存已禁用，跳過配置保存
2025-08-15 22:57:27,227 - VALO360 - DEBUG - 自動保存已禁用，跳過配置保存
2025-08-15 22:57:27,228 - VALO360 - DEBUG - 自動保存已禁用，跳過配置保存
2025-08-15 22:57:27,228 - VALO360 - DEBUG - 自動保存已禁用，跳過配置保存
2025-08-15 22:57:27,228 - VALO360 - DEBUG - 自動保存已禁用，跳過配置保存
2025-08-15 22:57:27,228 - VALO360 - DEBUG - 自動保存已禁用，跳過配置保存
2025-08-15 22:57:27,231 - VALO360 - DEBUG - 自動保存已禁用，跳過配置保存
2025-08-15 22:57:27,231 - VALO360 - DEBUG - 自動保存已禁用，跳過配置保存
2025-08-15 22:57:27,232 - VALO360 - DEBUG - 自動保存已禁用，跳過配置保存
2025-08-15 22:57:27,232 - VALO360 - DEBUG - 自動保存已禁用，跳過配置保存
2025-08-15 22:57:27,232 - VALO360 - DEBUG - 自動保存已禁用，跳過配置保存
2025-08-15 22:57:27,232 - VALO360 - DEBUG - 自動保存已禁用，跳過配置保存
2025-08-15 22:57:27,232 - VALO360 - DEBUG - 自動保存已禁用，跳過配置保存
2025-08-15 22:57:27,232 - VALO360 - DEBUG - 自動保存已禁用，跳過配置保存
2025-08-15 22:57:27,239 - VALO360 - DEBUG - 自動保存已禁用，跳過配置保存
2025-08-15 22:57:27,239 - VALO360 - DEBUG - 自動保存已禁用，跳過配置保存
2025-08-15 22:57:27,239 - VALO360 - DEBUG - 自動保存已禁用，跳過配置保存
2025-08-15 22:57:27,240 - VALO360 - DEBUG - 自動保存已禁用，跳過配置保存
2025-08-15 22:57:27,240 - VALO360 - DEBUG - 自動保存已禁用，跳過配置保存
2025-08-15 22:57:27,240 - VALO360 - DEBUG - 自動保存已禁用，跳過配置保存
2025-08-15 22:57:27,240 - VALO360 - DEBUG - 自動保存已禁用，跳過配置保存
2025-08-15 22:57:27,240 - VALO360 - DEBUG - 自動保存已禁用，跳過配置保存
2025-08-15 22:57:27,248 - VALO360 - DEBUG - 自動保存已禁用，跳過配置保存
2025-08-15 22:57:27,249 - VALO360 - DEBUG - 自動保存已禁用，跳過配置保存
2025-08-15 22:57:27,249 - VALO360 - DEBUG - 自動保存已禁用，跳過配置保存
2025-08-15 22:57:27,249 - VALO360 - DEBUG - 自動保存已禁用，跳過配置保存
2025-08-15 22:57:27,249 - VALO360 - DEBUG - 自動保存已禁用，跳過配置保存
2025-08-15 22:57:27,249 - VALO360 - DEBUG - 自動保存已禁用，跳過配置保存
2025-08-15 22:57:27,249 - VALO360 - DEBUG - 自動保存已禁用，跳過配置保存
2025-08-15 22:57:27,249 - VALO360 - DEBUG - 自動保存已禁用，跳過配置保存
2025-08-15 22:57:27,255 - VALO360 - DEBUG - 自動保存已禁用，跳過配置保存
2025-08-15 22:57:27,255 - VALO360 - DEBUG - 自動保存已禁用，跳過配置保存
2025-08-15 22:57:27,255 - VALO360 - DEBUG - 自動保存已禁用，跳過配置保存
2025-08-15 22:57:27,256 - VALO360 - DEBUG - 自動保存已禁用，跳過配置保存
2025-08-15 22:57:27,256 - VALO360 - DEBUG - 自動保存已禁用，跳過配置保存
2025-08-15 22:57:27,256 - VALO360 - DEBUG - 自動保存已禁用，跳過配置保存
2025-08-15 22:57:27,256 - VALO360 - DEBUG - 自動保存已禁用，跳過配置保存
2025-08-15 22:57:27,256 - VALO360 - DEBUG - 自動保存已禁用，跳過配置保存
2025-08-15 22:57:27,264 - VALO360 - DEBUG - 自動保存已禁用，跳過配置保存
2025-08-15 22:57:27,264 - VALO360 - DEBUG - 自動保存已禁用，跳過配置保存
2025-08-15 22:57:27,264 - VALO360 - DEBUG - 自動保存已禁用，跳過配置保存
2025-08-15 22:57:27,264 - VALO360 - DEBUG - 自動保存已禁用，跳過配置保存
2025-08-15 22:57:27,264 - VALO360 - DEBUG - 自動保存已禁用，跳過配置保存
2025-08-15 22:57:27,264 - VALO360 - DEBUG - 自動保存已禁用，跳過配置保存
2025-08-15 22:57:27,265 - VALO360 - DEBUG - 自動保存已禁用，跳過配置保存
2025-08-15 22:57:27,265 - VALO360 - DEBUG - 自動保存已禁用，跳過配置保存
2025-08-15 22:57:27,274 - VALO360 - DEBUG - 自動保存已禁用，跳過配置保存
2025-08-15 22:57:27,274 - VALO360 - DEBUG - 自動保存已禁用，跳過配置保存
2025-08-15 22:57:27,274 - VALO360 - DEBUG - 自動保存已禁用，跳過配置保存
2025-08-15 22:57:27,274 - VALO360 - DEBUG - 自動保存已禁用，跳過配置保存
2025-08-15 22:57:27,275 - VALO360 - DEBUG - 自動保存已禁用，跳過配置保存
2025-08-15 22:57:27,275 - VALO360 - DEBUG - 自動保存已禁用，跳過配置保存
2025-08-15 22:57:27,275 - VALO360 - DEBUG - 自動保存已禁用，跳過配置保存
2025-08-15 22:57:27,275 - VALO360 - DEBUG - 自動保存已禁用，跳過配置保存
2025-08-15 22:57:27,278 - VALO360 - DEBUG - 自動保存已禁用，跳過配置保存
2025-08-15 22:57:27,278 - VALO360 - DEBUG - 自動保存已禁用，跳過配置保存
2025-08-15 22:57:27,278 - VALO360 - DEBUG - 自動保存已禁用，跳過配置保存
2025-08-15 22:57:27,278 - VALO360 - DEBUG - 自動保存已禁用，跳過配置保存
2025-08-15 22:57:27,279 - VALO360 - DEBUG - 自動保存已禁用，跳過配置保存
2025-08-15 22:57:27,279 - VALO360 - DEBUG - 自動保存已禁用，跳過配置保存
2025-08-15 22:57:27,279 - VALO360 - DEBUG - 自動保存已禁用，跳過配置保存
2025-08-15 22:57:27,279 - VALO360 - DEBUG - 自動保存已禁用，跳過配置保存
2025-08-15 22:57:27,282 - VALO360 - DEBUG - 自動保存已禁用，跳過配置保存
2025-08-15 22:57:27,282 - VALO360 - DEBUG - 自動保存已禁用，跳過配置保存
2025-08-15 22:57:27,282 - VALO360 - DEBUG - 自動保存已禁用，跳過配置保存
2025-08-15 22:57:27,282 - VALO360 - DEBUG - 自動保存已禁用，跳過配置保存
2025-08-15 22:57:27,283 - VALO360 - DEBUG - 自動保存已禁用，跳過配置保存
2025-08-15 22:57:27,283 - VALO360 - DEBUG - 自動保存已禁用，跳過配置保存
2025-08-15 22:57:27,283 - VALO360 - DEBUG - 自動保存已禁用，跳過配置保存
2025-08-15 22:57:27,283 - VALO360 - DEBUG - 自動保存已禁用，跳過配置保存
2025-08-15 22:57:27,283 - VALO360 - DEBUG - 自動保存已禁用，跳過配置保存
2025-08-15 22:57:27,283 - VALO360 - DEBUG - 自動保存已禁用，跳過配置保存
2025-08-15 22:57:27,283 - VALO360 - DEBUG - 自動保存已禁用，跳過配置保存
2025-08-15 22:57:27,284 - VALO360 - DEBUG - 自動保存已禁用，跳過配置保存
2025-08-15 22:57:27,284 - VALO360 - DEBUG - 自動保存已禁用，跳過配置保存
2025-08-15 22:57:27,284 - VALO360 - DEBUG - 自動保存已禁用，跳過配置保存
2025-08-15 22:57:27,284 - VALO360 - DEBUG - 自動保存已禁用，跳過配置保存
2025-08-15 22:57:27,284 - VALO360 - DEBUG - 自動保存已禁用，跳過配置保存
2025-08-15 22:57:27,287 - VALO360 - DEBUG - 自動保存已禁用，跳過配置保存
2025-08-15 22:57:27,287 - VALO360 - DEBUG - 自動保存已禁用，跳過配置保存
2025-08-15 22:57:27,288 - VALO360 - DEBUG - 自動保存已禁用，跳過配置保存
2025-08-15 22:57:27,288 - VALO360 - DEBUG - 自動保存已禁用，跳過配置保存
2025-08-15 22:57:27,288 - VALO360 - DEBUG - 自動保存已禁用，跳過配置保存
2025-08-15 22:57:27,288 - VALO360 - DEBUG - 自動保存已禁用，跳過配置保存
2025-08-15 22:57:27,288 - VALO360 - DEBUG - 自動保存已禁用，跳過配置保存
2025-08-15 22:57:27,288 - VALO360 - DEBUG - 自動保存已禁用，跳過配置保存
2025-08-15 22:57:27,291 - VALO360 - DEBUG - 自動保存已禁用，跳過配置保存
2025-08-15 22:57:27,291 - VALO360 - DEBUG - 自動保存已禁用，跳過配置保存
2025-08-15 22:57:27,291 - VALO360 - DEBUG - 自動保存已禁用，跳過配置保存
2025-08-15 22:57:27,291 - VALO360 - DEBUG - 自動保存已禁用，跳過配置保存
2025-08-15 22:57:27,291 - VALO360 - DEBUG - 自動保存已禁用，跳過配置保存
2025-08-15 22:57:27,291 - VALO360 - DEBUG - 自動保存已禁用，跳過配置保存
2025-08-15 22:57:27,291 - VALO360 - DEBUG - 自動保存已禁用，跳過配置保存
2025-08-15 22:57:27,292 - VALO360 - DEBUG - 自動保存已禁用，跳過配置保存
2025-08-15 22:57:27,299 - VALO360 - DEBUG - 自動保存已禁用，跳過配置保存
2025-08-15 22:57:27,299 - VALO360 - DEBUG - 自動保存已禁用，跳過配置保存
2025-08-15 22:57:27,299 - VALO360 - DEBUG - 自動保存已禁用，跳過配置保存
2025-08-15 22:57:27,300 - VALO360 - DEBUG - 自動保存已禁用，跳過配置保存
2025-08-15 22:57:27,300 - VALO360 - DEBUG - 自動保存已禁用，跳過配置保存
2025-08-15 22:57:27,300 - VALO360 - DEBUG - 自動保存已禁用，跳過配置保存
2025-08-15 22:57:27,300 - VALO360 - DEBUG - 自動保存已禁用，跳過配置保存
2025-08-15 22:57:27,300 - VALO360 - DEBUG - 自動保存已禁用，跳過配置保存
2025-08-15 22:57:27,300 - VALO360 - DEBUG - 自動保存已禁用，跳過配置保存
2025-08-15 22:57:27,301 - VALO360 - DEBUG - 自動保存已禁用，跳過配置保存
2025-08-15 22:57:27,301 - VALO360 - DEBUG - 自動保存已禁用，跳過配置保存
2025-08-15 22:57:27,301 - VALO360 - DEBUG - 自動保存已禁用，跳過配置保存
2025-08-15 22:57:27,301 - VALO360 - DEBUG - 自動保存已禁用，跳過配置保存
2025-08-15 22:57:27,301 - VALO360 - DEBUG - 自動保存已禁用，跳過配置保存
2025-08-15 22:57:27,301 - VALO360 - DEBUG - 自動保存已禁用，跳過配置保存
2025-08-15 22:57:27,301 - VALO360 - DEBUG - 自動保存已禁用，跳過配置保存
2025-08-15 22:57:27,305 - VALO360 - DEBUG - 自動保存已禁用，跳過配置保存
2025-08-15 22:57:27,306 - VALO360 - DEBUG - 自動保存已禁用，跳過配置保存
2025-08-15 22:57:27,306 - VALO360 - DEBUG - 自動保存已禁用，跳過配置保存
2025-08-15 22:57:27,306 - VALO360 - DEBUG - 自動保存已禁用，跳過配置保存
2025-08-15 22:57:27,306 - VALO360 - DEBUG - 自動保存已禁用，跳過配置保存
2025-08-15 22:57:27,306 - VALO360 - DEBUG - 自動保存已禁用，跳過配置保存
2025-08-15 22:57:27,306 - VALO360 - DEBUG - 自動保存已禁用，跳過配置保存
2025-08-15 22:57:27,306 - VALO360 - DEBUG - 自動保存已禁用，跳過配置保存
2025-08-15 22:57:27,340 - VALO360 - DEBUG - 自動保存已禁用，跳過配置保存
2025-08-15 22:57:27,340 - VALO360 - DEBUG - 自動保存已禁用，跳過配置保存
2025-08-15 22:57:27,340 - VALO360 - DEBUG - 自動保存已禁用，跳過配置保存
2025-08-15 22:57:27,341 - VALO360 - DEBUG - 自動保存已禁用，跳過配置保存
2025-08-15 22:57:27,341 - VALO360 - DEBUG - 自動保存已禁用，跳過配置保存
2025-08-15 22:57:27,341 - VALO360 - DEBUG - 自動保存已禁用，跳過配置保存
2025-08-15 22:57:27,341 - VALO360 - DEBUG - 自動保存已禁用，跳過配置保存
2025-08-15 22:57:27,341 - VALO360 - DEBUG - 自動保存已禁用，跳過配置保存
2025-08-15 22:57:27,347 - VALO360 - DEBUG - 自動保存已禁用，跳過配置保存
2025-08-15 22:57:27,347 - VALO360 - DEBUG - 自動保存已禁用，跳過配置保存
2025-08-15 22:57:27,347 - VALO360 - DEBUG - 自動保存已禁用，跳過配置保存
2025-08-15 22:57:27,347 - VALO360 - DEBUG - 自動保存已禁用，跳過配置保存
2025-08-15 22:57:27,348 - VALO360 - DEBUG - 自動保存已禁用，跳過配置保存
2025-08-15 22:57:27,348 - VALO360 - DEBUG - 自動保存已禁用，跳過配置保存
2025-08-15 22:57:27,348 - VALO360 - DEBUG - 自動保存已禁用，跳過配置保存
2025-08-15 22:57:27,348 - VALO360 - DEBUG - 自動保存已禁用，跳過配置保存
2025-08-15 22:57:27,348 - VALO360 - DEBUG - 自動保存已禁用，跳過配置保存
2025-08-15 22:57:27,348 - VALO360 - DEBUG - 自動保存已禁用，跳過配置保存
2025-08-15 22:57:27,349 - VALO360 - DEBUG - 自動保存已禁用，跳過配置保存
2025-08-15 22:57:27,349 - VALO360 - DEBUG - 自動保存已禁用，跳過配置保存
2025-08-15 22:57:27,349 - VALO360 - DEBUG - 自動保存已禁用，跳過配置保存
2025-08-15 22:57:27,349 - VALO360 - DEBUG - 自動保存已禁用，跳過配置保存
2025-08-15 22:57:27,349 - VALO360 - DEBUG - 自動保存已禁用，跳過配置保存
2025-08-15 22:57:27,349 - VALO360 - DEBUG - 自動保存已禁用，跳過配置保存
2025-08-15 22:57:27,366 - VALO360 - DEBUG - 自動保存已禁用，跳過配置保存
2025-08-15 22:57:27,366 - VALO360 - DEBUG - 自動保存已禁用，跳過配置保存
2025-08-15 22:57:27,366 - VALO360 - DEBUG - 自動保存已禁用，跳過配置保存
2025-08-15 22:57:27,366 - VALO360 - DEBUG - 自動保存已禁用，跳過配置保存
2025-08-15 22:57:27,367 - VALO360 - DEBUG - 自動保存已禁用，跳過配置保存
2025-08-15 22:57:27,367 - VALO360 - DEBUG - 自動保存已禁用，跳過配置保存
2025-08-15 22:57:27,367 - VALO360 - DEBUG - 自動保存已禁用，跳過配置保存
2025-08-15 22:57:27,367 - VALO360 - DEBUG - 自動保存已禁用，跳過配置保存
2025-08-15 22:57:27,370 - VALO360 - DEBUG - 自動保存已禁用，跳過配置保存
2025-08-15 22:57:27,370 - VALO360 - DEBUG - 自動保存已禁用，跳過配置保存
2025-08-15 22:57:27,370 - VALO360 - DEBUG - 自動保存已禁用，跳過配置保存
2025-08-15 22:57:27,370 - VALO360 - DEBUG - 自動保存已禁用，跳過配置保存
2025-08-15 22:57:27,370 - VALO360 - DEBUG - 自動保存已禁用，跳過配置保存
2025-08-15 22:57:27,371 - VALO360 - DEBUG - 自動保存已禁用，跳過配置保存
2025-08-15 22:57:27,371 - VALO360 - DEBUG - 自動保存已禁用，跳過配置保存
2025-08-15 22:57:27,371 - VALO360 - DEBUG - 自動保存已禁用，跳過配置保存
2025-08-15 22:57:27,403 - VALO360 - DEBUG - 自動保存已禁用，跳過配置保存
2025-08-15 22:57:27,404 - VALO360 - DEBUG - 自動保存已禁用，跳過配置保存
2025-08-15 22:57:27,404 - VALO360 - DEBUG - 自動保存已禁用，跳過配置保存
2025-08-15 22:57:27,404 - VALO360 - DEBUG - 自動保存已禁用，跳過配置保存
2025-08-15 22:57:27,404 - VALO360 - DEBUG - 自動保存已禁用，跳過配置保存
2025-08-15 22:57:27,404 - VALO360 - DEBUG - 自動保存已禁用，跳過配置保存
2025-08-15 22:57:27,404 - VALO360 - DEBUG - 自動保存已禁用，跳過配置保存
2025-08-15 22:57:27,405 - VALO360 - DEBUG - 自動保存已禁用，跳過配置保存
2025-08-15 22:57:27,418 - VALO360 - DEBUG - 自動保存已禁用，跳過配置保存
2025-08-15 22:57:27,418 - VALO360 - DEBUG - 自動保存已禁用，跳過配置保存
2025-08-15 22:57:27,418 - VALO360 - DEBUG - 自動保存已禁用，跳過配置保存
2025-08-15 22:57:27,418 - VALO360 - DEBUG - 自動保存已禁用，跳過配置保存
2025-08-15 22:57:27,418 - VALO360 - DEBUG - 自動保存已禁用，跳過配置保存
2025-08-15 22:57:27,419 - VALO360 - DEBUG - 自動保存已禁用，跳過配置保存
2025-08-15 22:57:27,419 - VALO360 - DEBUG - 自動保存已禁用，跳過配置保存
2025-08-15 22:57:27,419 - VALO360 - DEBUG - 自動保存已禁用，跳過配置保存
2025-08-15 22:57:27,419 - VALO360 - DEBUG - 自動保存已禁用，跳過配置保存
2025-08-15 22:57:27,419 - VALO360 - DEBUG - 自動保存已禁用，跳過配置保存
2025-08-15 22:57:27,419 - VALO360 - DEBUG - 自動保存已禁用，跳過配置保存
2025-08-15 22:57:27,420 - VALO360 - DEBUG - 自動保存已禁用，跳過配置保存
2025-08-15 22:57:27,420 - VALO360 - DEBUG - 自動保存已禁用，跳過配置保存
2025-08-15 22:57:27,420 - VALO360 - DEBUG - 自動保存已禁用，跳過配置保存
2025-08-15 22:57:27,420 - VALO360 - DEBUG - 自動保存已禁用，跳過配置保存
2025-08-15 22:57:27,420 - VALO360 - DEBUG - 自動保存已禁用，跳過配置保存
2025-08-15 22:57:27,421 - VALO360 - DEBUG - 自動保存已禁用，跳過配置保存
2025-08-15 22:57:27,421 - VALO360 - DEBUG - 自動保存已禁用，跳過配置保存
2025-08-15 22:57:27,421 - VALO360 - DEBUG - 自動保存已禁用，跳過配置保存
2025-08-15 22:57:27,421 - VALO360 - DEBUG - 自動保存已禁用，跳過配置保存
2025-08-15 22:57:27,422 - VALO360 - DEBUG - 自動保存已禁用，跳過配置保存
2025-08-15 22:57:27,422 - VALO360 - DEBUG - 自動保存已禁用，跳過配置保存
2025-08-15 22:57:27,422 - VALO360 - DEBUG - 自動保存已禁用，跳過配置保存
2025-08-15 22:57:27,422 - VALO360 - DEBUG - 自動保存已禁用，跳過配置保存
2025-08-15 22:57:27,422 - VALO360 - DEBUG - 自動保存已禁用，跳過配置保存
2025-08-15 22:57:27,422 - VALO360 - DEBUG - 自動保存已禁用，跳過配置保存
2025-08-15 22:57:27,423 - VALO360 - DEBUG - 自動保存已禁用，跳過配置保存
2025-08-15 22:57:27,423 - VALO360 - DEBUG - 自動保存已禁用，跳過配置保存
2025-08-15 22:57:27,423 - VALO360 - DEBUG - 自動保存已禁用，跳過配置保存
2025-08-15 22:57:27,423 - VALO360 - DEBUG - 自動保存已禁用，跳過配置保存
2025-08-15 22:57:27,424 - VALO360 - DEBUG - 自動保存已禁用，跳過配置保存
2025-08-15 22:57:27,424 - VALO360 - DEBUG - 自動保存已禁用，跳過配置保存
2025-08-15 22:57:27,424 - VALO360 - DEBUG - 自動保存已禁用，跳過配置保存
2025-08-15 22:57:27,424 - VALO360 - DEBUG - 自動保存已禁用，跳過配置保存
2025-08-15 22:57:27,424 - VALO360 - DEBUG - 自動保存已禁用，跳過配置保存
2025-08-15 22:57:27,424 - VALO360 - DEBUG - 自動保存已禁用，跳過配置保存
2025-08-15 22:57:27,425 - VALO360 - DEBUG - 自動保存已禁用，跳過配置保存
2025-08-15 22:57:27,425 - VALO360 - DEBUG - 自動保存已禁用，跳過配置保存
2025-08-15 22:57:27,425 - VALO360 - DEBUG - 自動保存已禁用，跳過配置保存
2025-08-15 22:57:27,426 - VALO360 - DEBUG - 自動保存已禁用，跳過配置保存
2025-08-15 22:57:27,426 - VALO360 - DEBUG - 自動保存已禁用，跳過配置保存
2025-08-15 22:57:27,426 - VALO360 - DEBUG - 自動保存已禁用，跳過配置保存
2025-08-15 22:57:27,426 - VALO360 - DEBUG - 自動保存已禁用，跳過配置保存
2025-08-15 22:57:27,426 - VALO360 - DEBUG - 自動保存已禁用，跳過配置保存
2025-08-15 22:57:27,427 - VALO360 - DEBUG - 自動保存已禁用，跳過配置保存
2025-08-15 22:57:27,427 - VALO360 - DEBUG - 自動保存已禁用，跳過配置保存
2025-08-15 22:57:27,427 - VALO360 - DEBUG - 自動保存已禁用，跳過配置保存
2025-08-15 22:57:27,427 - VALO360 - DEBUG - 自動保存已禁用，跳過配置保存
2025-08-15 22:57:27,427 - VALO360 - DEBUG - 自動保存已禁用，跳過配置保存
2025-08-15 22:57:27,428 - VALO360 - DEBUG - 自動保存已禁用，跳過配置保存
2025-08-15 22:57:27,428 - VALO360 - DEBUG - 自動保存已禁用，跳過配置保存
2025-08-15 22:57:27,428 - VALO360 - DEBUG - 自動保存已禁用，跳過配置保存
2025-08-15 22:57:27,428 - VALO360 - DEBUG - 自動保存已禁用，跳過配置保存
2025-08-15 22:57:27,428 - VALO360 - DEBUG - 自動保存已禁用，跳過配置保存
2025-08-15 22:57:27,429 - VALO360 - DEBUG - 自動保存已禁用，跳過配置保存
2025-08-15 22:57:27,429 - VALO360 - DEBUG - 自動保存已禁用，跳過配置保存
2025-08-15 22:57:27,429 - VALO360 - DEBUG - 自動保存已禁用，跳過配置保存
2025-08-15 22:57:27,429 - VALO360 - DEBUG - 自動保存已禁用，跳過配置保存
2025-08-15 22:57:27,429 - VALO360 - DEBUG - 自動保存已禁用，跳過配置保存
2025-08-15 22:57:27,429 - VALO360 - DEBUG - 自動保存已禁用，跳過配置保存
2025-08-15 22:57:27,459 - VALO360 - DEBUG - 自動保存已禁用，跳過配置保存
2025-08-15 22:57:27,459 - VALO360 - DEBUG - 自動保存已禁用，跳過配置保存
2025-08-15 22:57:27,459 - VALO360 - DEBUG - 自動保存已禁用，跳過配置保存
2025-08-15 22:57:27,459 - VALO360 - DEBUG - 自動保存已禁用，跳過配置保存
2025-08-15 22:57:27,459 - VALO360 - DEBUG - 自動保存已禁用，跳過配置保存
2025-08-15 22:57:27,460 - VALO360 - DEBUG - 自動保存已禁用，跳過配置保存
2025-08-15 22:57:27,460 - VALO360 - DEBUG - 自動保存已禁用，跳過配置保存
2025-08-15 22:57:27,460 - VALO360 - DEBUG - 自動保存已禁用，跳過配置保存
2025-08-15 22:57:27,460 - VALO360 - DEBUG - 自動保存已禁用，跳過配置保存
2025-08-15 22:57:27,460 - VALO360 - DEBUG - 自動保存已禁用，跳過配置保存
2025-08-15 22:57:27,461 - VALO360 - DEBUG - 自動保存已禁用，跳過配置保存
2025-08-15 22:57:27,461 - VALO360 - DEBUG - 自動保存已禁用，跳過配置保存
2025-08-15 22:57:27,461 - VALO360 - DEBUG - 自動保存已禁用，跳過配置保存
2025-08-15 22:57:27,461 - VALO360 - DEBUG - 自動保存已禁用，跳過配置保存
2025-08-15 22:57:27,461 - VALO360 - DEBUG - 自動保存已禁用，跳過配置保存
2025-08-15 22:57:27,461 - VALO360 - DEBUG - 自動保存已禁用，跳過配置保存
2025-08-15 22:57:27,462 - VALO360 - DEBUG - 自動保存已禁用，跳過配置保存
2025-08-15 22:57:27,462 - VALO360 - DEBUG - 自動保存已禁用，跳過配置保存
2025-08-15 22:57:27,462 - VALO360 - DEBUG - 自動保存已禁用，跳過配置保存
2025-08-15 22:57:27,462 - VALO360 - DEBUG - 自動保存已禁用，跳過配置保存
2025-08-15 22:57:27,464 - VALO360 - DEBUG - 自動保存已禁用，跳過配置保存
2025-08-15 22:57:27,464 - VALO360 - DEBUG - 自動保存已禁用，跳過配置保存
2025-08-15 22:57:27,464 - VALO360 - DEBUG - 自動保存已禁用，跳過配置保存
2025-08-15 22:57:27,464 - VALO360 - DEBUG - 自動保存已禁用，跳過配置保存
2025-08-15 22:57:27,465 - VALO360 - DEBUG - 自動保存已禁用，跳過配置保存
2025-08-15 22:57:27,465 - VALO360 - DEBUG - 自動保存已禁用，跳過配置保存
2025-08-15 22:57:27,465 - VALO360 - DEBUG - 自動保存已禁用，跳過配置保存
2025-08-15 22:57:27,465 - VALO360 - DEBUG - 自動保存已禁用，跳過配置保存
2025-08-15 22:57:27,466 - VALO360 - DEBUG - 自動保存已禁用，跳過配置保存
2025-08-15 22:57:27,466 - VALO360 - DEBUG - 自動保存已禁用，跳過配置保存
2025-08-15 22:57:27,466 - VALO360 - DEBUG - 自動保存已禁用，跳過配置保存
2025-08-15 22:57:27,466 - VALO360 - DEBUG - 自動保存已禁用，跳過配置保存
2025-08-15 22:57:27,467 - VALO360 - DEBUG - 自動保存已禁用，跳過配置保存
2025-08-15 22:57:27,467 - VALO360 - DEBUG - 自動保存已禁用，跳過配置保存
2025-08-15 22:57:27,467 - VALO360 - DEBUG - 自動保存已禁用，跳過配置保存
2025-08-15 22:57:27,467 - VALO360 - DEBUG - 自動保存已禁用，跳過配置保存
2025-08-15 22:57:27,468 - VALO360 - DEBUG - 自動保存已禁用，跳過配置保存
2025-08-15 22:57:27,468 - VALO360 - DEBUG - 自動保存已禁用，跳過配置保存
2025-08-15 22:57:27,468 - VALO360 - DEBUG - 自動保存已禁用，跳過配置保存
2025-08-15 22:57:27,468 - VALO360 - DEBUG - 自動保存已禁用，跳過配置保存
2025-08-15 22:57:27,469 - VALO360 - DEBUG - 自動保存已禁用，跳過配置保存
2025-08-15 22:57:27,469 - VALO360 - DEBUG - 自動保存已禁用，跳過配置保存
2025-08-15 22:57:27,469 - VALO360 - DEBUG - 自動保存已禁用，跳過配置保存
2025-08-15 22:57:27,469 - VALO360 - DEBUG - 自動保存已禁用，跳過配置保存
2025-08-15 22:57:27,470 - VALO360 - DEBUG - 自動保存已禁用，跳過配置保存
2025-08-15 22:57:27,470 - VALO360 - DEBUG - 自動保存已禁用，跳過配置保存
2025-08-15 22:57:27,470 - VALO360 - DEBUG - 自動保存已禁用，跳過配置保存
2025-08-15 22:57:27,470 - VALO360 - DEBUG - 自動保存已禁用，跳過配置保存
2025-08-15 22:57:27,471 - VALO360 - DEBUG - 自動保存已禁用，跳過配置保存
2025-08-15 22:57:27,471 - VALO360 - DEBUG - 自動保存已禁用，跳過配置保存
2025-08-15 22:57:27,471 - VALO360 - DEBUG - 自動保存已禁用，跳過配置保存
2025-08-15 22:57:27,471 - VALO360 - DEBUG - 自動保存已禁用，跳過配置保存
2025-08-15 22:57:27,471 - VALO360 - DEBUG - 自動保存已禁用，跳過配置保存
2025-08-15 22:57:27,472 - VALO360 - DEBUG - 自動保存已禁用，跳過配置保存
2025-08-15 22:57:27,472 - VALO360 - DEBUG - 自動保存已禁用，跳過配置保存
2025-08-15 22:57:27,472 - VALO360 - DEBUG - 自動保存已禁用，跳過配置保存
2025-08-15 22:57:27,472 - VALO360 - DEBUG - 自動保存已禁用，跳過配置保存
2025-08-15 22:57:27,472 - VALO360 - DEBUG - 自動保存已禁用，跳過配置保存
2025-08-15 22:57:27,473 - VALO360 - DEBUG - 自動保存已禁用，跳過配置保存
2025-08-15 22:57:27,473 - VALO360 - DEBUG - 自動保存已禁用，跳過配置保存
2025-08-15 22:57:27,473 - VALO360 - DEBUG - 自動保存已禁用，跳過配置保存
2025-08-15 22:57:27,473 - VALO360 - DEBUG - 自動保存已禁用，跳過配置保存
2025-08-15 22:57:27,473 - VALO360 - DEBUG - 自動保存已禁用，跳過配置保存
2025-08-15 22:57:27,473 - VALO360 - DEBUG - 自動保存已禁用，跳過配置保存
2025-08-15 22:57:27,474 - VALO360 - DEBUG - 自動保存已禁用，跳過配置保存
2025-08-15 22:57:27,474 - VALO360 - DEBUG - 自動保存已禁用，跳過配置保存
2025-08-15 22:57:27,474 - VALO360 - DEBUG - 自動保存已禁用，跳過配置保存
2025-08-15 22:57:27,474 - VALO360 - DEBUG - 自動保存已禁用，跳過配置保存
2025-08-15 22:57:27,475 - VALO360 - DEBUG - 自動保存已禁用，跳過配置保存
2025-08-15 22:57:27,475 - VALO360 - DEBUG - 自動保存已禁用，跳過配置保存
2025-08-15 22:57:27,475 - VALO360 - DEBUG - 自動保存已禁用，跳過配置保存
2025-08-15 22:57:27,475 - VALO360 - DEBUG - 自動保存已禁用，跳過配置保存
2025-08-15 22:57:27,475 - VALO360 - DEBUG - 自動保存已禁用，跳過配置保存
2025-08-15 22:57:27,475 - VALO360 - DEBUG - 自動保存已禁用，跳過配置保存
2025-08-15 22:57:27,476 - VALO360 - DEBUG - 自動保存已禁用，跳過配置保存
2025-08-15 22:57:27,476 - VALO360 - DEBUG - 自動保存已禁用，跳過配置保存
2025-08-15 22:57:27,476 - VALO360 - DEBUG - 自動保存已禁用，跳過配置保存
2025-08-15 22:57:27,476 - VALO360 - DEBUG - 自動保存已禁用，跳過配置保存
2025-08-15 22:57:27,476 - VALO360 - DEBUG - 自動保存已禁用，跳過配置保存
2025-08-15 22:57:27,476 - VALO360 - DEBUG - 自動保存已禁用，跳過配置保存
2025-08-15 22:57:27,477 - VALO360 - DEBUG - 自動保存已禁用，跳過配置保存
2025-08-15 22:57:27,477 - VALO360 - DEBUG - 自動保存已禁用，跳過配置保存
2025-08-15 22:57:27,477 - VALO360 - DEBUG - 自動保存已禁用，跳過配置保存
2025-08-15 22:57:27,477 - VALO360 - DEBUG - 自動保存已禁用，跳過配置保存
2025-08-15 22:57:27,477 - VALO360 - DEBUG - 自動保存已禁用，跳過配置保存
2025-08-15 22:57:27,477 - VALO360 - DEBUG - 自動保存已禁用，跳過配置保存
2025-08-15 22:57:27,478 - VALO360 - DEBUG - 自動保存已禁用，跳過配置保存
2025-08-15 22:57:27,478 - VALO360 - DEBUG - 自動保存已禁用，跳過配置保存
2025-08-15 22:57:27,478 - VALO360 - DEBUG - 自動保存已禁用，跳過配置保存
2025-08-15 22:57:27,478 - VALO360 - DEBUG - 自動保存已禁用，跳過配置保存
2025-08-15 22:57:27,478 - VALO360 - DEBUG - 自動保存已禁用，跳過配置保存
2025-08-15 22:57:27,478 - VALO360 - DEBUG - 自動保存已禁用，跳過配置保存
2025-08-15 22:57:27,479 - VALO360 - DEBUG - 自動保存已禁用，跳過配置保存
2025-08-15 22:57:27,479 - VALO360 - DEBUG - 自動保存已禁用，跳過配置保存
2025-08-15 22:57:27,479 - VALO360 - DEBUG - 自動保存已禁用，跳過配置保存
2025-08-15 22:57:27,479 - VALO360 - DEBUG - 自動保存已禁用，跳過配置保存
2025-08-15 22:57:27,479 - VALO360 - DEBUG - 自動保存已禁用，跳過配置保存
2025-08-15 22:57:27,479 - VALO360 - DEBUG - 自動保存已禁用，跳過配置保存
2025-08-15 22:57:27,479 - VALO360 - DEBUG - 自動保存已禁用，跳過配置保存
2025-08-15 22:57:27,480 - VALO360 - DEBUG - 自動保存已禁用，跳過配置保存
2025-08-15 22:57:27,480 - VALO360 - DEBUG - 自動保存已禁用，跳過配置保存
2025-08-15 22:57:27,480 - VALO360 - DEBUG - 自動保存已禁用，跳過配置保存
2025-08-15 22:57:27,480 - VALO360 - DEBUG - 自動保存已禁用，跳過配置保存
2025-08-15 22:57:27,480 - VALO360 - DEBUG - 自動保存已禁用，跳過配置保存
2025-08-15 22:57:27,480 - VALO360 - DEBUG - 自動保存已禁用，跳過配置保存
2025-08-15 22:57:27,481 - VALO360 - DEBUG - 自動保存已禁用，跳過配置保存
2025-08-15 22:57:27,481 - VALO360 - DEBUG - 自動保存已禁用，跳過配置保存
2025-08-15 22:57:27,481 - VALO360 - DEBUG - 自動保存已禁用，跳過配置保存
2025-08-15 22:57:27,481 - VALO360 - DEBUG - 自動保存已禁用，跳過配置保存
2025-08-15 22:57:27,481 - VALO360 - DEBUG - 自動保存已禁用，跳過配置保存
2025-08-15 22:57:27,481 - VALO360 - DEBUG - 自動保存已禁用，跳過配置保存
2025-08-15 22:57:27,481 - VALO360 - DEBUG - 自動保存已禁用，跳過配置保存
2025-08-15 22:57:27,482 - VALO360 - DEBUG - 自動保存已禁用，跳過配置保存
2025-08-15 22:57:27,482 - VALO360 - DEBUG - 自動保存已禁用，跳過配置保存
2025-08-15 22:57:27,482 - VALO360 - DEBUG - 自動保存已禁用，跳過配置保存
2025-08-15 22:57:27,482 - VALO360 - DEBUG - 自動保存已禁用，跳過配置保存
2025-08-15 22:57:27,482 - VALO360 - DEBUG - 自動保存已禁用，跳過配置保存
2025-08-15 22:57:27,483 - VALO360 - DEBUG - 自動保存已禁用，跳過配置保存
2025-08-15 22:57:27,483 - VALO360 - DEBUG - 自動保存已禁用，跳過配置保存
2025-08-15 22:57:27,483 - VALO360 - DEBUG - 自動保存已禁用，跳過配置保存
2025-08-15 22:57:27,483 - VALO360 - DEBUG - 自動保存已禁用，跳過配置保存
2025-08-15 22:57:27,483 - VALO360 - DEBUG - 自動保存已禁用，跳過配置保存
2025-08-15 22:57:27,483 - VALO360 - DEBUG - 自動保存已禁用，跳過配置保存
2025-08-15 22:57:27,483 - VALO360 - DEBUG - 自動保存已禁用，跳過配置保存
2025-08-15 22:57:27,484 - VALO360 - DEBUG - 自動保存已禁用，跳過配置保存
2025-08-15 22:57:27,484 - VALO360 - DEBUG - 自動保存已禁用，跳過配置保存
2025-08-15 22:57:27,484 - VALO360 - DEBUG - 自動保存已禁用，跳過配置保存
2025-08-15 22:57:27,484 - VALO360 - DEBUG - 自動保存已禁用，跳過配置保存
2025-08-15 22:57:27,484 - VALO360 - DEBUG - 自動保存已禁用，跳過配置保存
2025-08-15 22:57:27,484 - VALO360 - DEBUG - 自動保存已禁用，跳過配置保存
2025-08-15 22:57:27,485 - VALO360 - DEBUG - 自動保存已禁用，跳過配置保存
2025-08-15 22:57:27,485 - VALO360 - DEBUG - 自動保存已禁用，跳過配置保存
2025-08-15 22:57:27,485 - VALO360 - DEBUG - 自動保存已禁用，跳過配置保存
2025-08-15 22:57:27,485 - VALO360 - DEBUG - 自動保存已禁用，跳過配置保存
2025-08-15 22:57:27,485 - VALO360 - DEBUG - 自動保存已禁用，跳過配置保存
2025-08-15 22:57:27,485 - VALO360 - DEBUG - 自動保存已禁用，跳過配置保存
2025-08-15 22:57:27,486 - VALO360 - DEBUG - 自動保存已禁用，跳過配置保存
2025-08-15 22:57:27,486 - VALO360 - DEBUG - 自動保存已禁用，跳過配置保存
2025-08-15 22:57:27,486 - VALO360 - DEBUG - 自動保存已禁用，跳過配置保存
2025-08-15 22:57:27,486 - VALO360 - DEBUG - 自動保存已禁用，跳過配置保存
2025-08-15 22:57:27,486 - VALO360 - DEBUG - 自動保存已禁用，跳過配置保存
2025-08-15 22:57:27,486 - VALO360 - DEBUG - 自動保存已禁用，跳過配置保存
2025-08-15 22:57:27,486 - VALO360 - DEBUG - 自動保存已禁用，跳過配置保存
2025-08-15 22:57:27,487 - VALO360 - DEBUG - 自動保存已禁用，跳過配置保存
2025-08-15 22:57:27,487 - VALO360 - DEBUG - 自動保存已禁用，跳過配置保存
2025-08-15 22:57:27,487 - VALO360 - DEBUG - 自動保存已禁用，跳過配置保存
2025-08-15 22:57:27,487 - VALO360 - DEBUG - 自動保存已禁用，跳過配置保存
2025-08-15 22:57:27,487 - VALO360 - DEBUG - 自動保存已禁用，跳過配置保存
2025-08-15 22:57:27,488 - VALO360 - DEBUG - 自動保存已禁用，跳過配置保存
2025-08-15 22:57:27,488 - VALO360 - DEBUG - 自動保存已禁用，跳過配置保存
2025-08-15 22:57:27,488 - VALO360 - DEBUG - 自動保存已禁用，跳過配置保存
2025-08-15 22:57:27,488 - VALO360 - DEBUG - 自動保存已禁用，跳過配置保存
2025-08-15 22:57:27,490 - VALO360 - DEBUG - 自動保存已禁用，跳過配置保存
2025-08-15 22:57:27,490 - VALO360 - DEBUG - 自動保存已禁用，跳過配置保存
2025-08-15 22:57:27,490 - VALO360 - DEBUG - 自動保存已禁用，跳過配置保存
2025-08-15 22:57:27,490 - VALO360 - DEBUG - 自動保存已禁用，跳過配置保存
2025-08-15 22:57:27,491 - VALO360 - DEBUG - 自動保存已禁用，跳過配置保存
2025-08-15 22:57:27,491 - VALO360 - DEBUG - 自動保存已禁用，跳過配置保存
2025-08-15 22:57:27,491 - VALO360 - DEBUG - 自動保存已禁用，跳過配置保存
2025-08-15 22:57:27,492 - VALO360 - DEBUG - 自動保存已禁用，跳過配置保存
2025-08-15 22:57:27,492 - VALO360 - DEBUG - 自動保存已禁用，跳過配置保存
2025-08-15 22:57:27,493 - VALO360 - DEBUG - 自動保存已禁用，跳過配置保存
2025-08-15 22:57:27,493 - VALO360 - DEBUG - 自動保存已禁用，跳過配置保存
2025-08-15 22:57:27,493 - VALO360 - DEBUG - 自動保存已禁用，跳過配置保存
2025-08-15 22:57:27,494 - VALO360 - DEBUG - 自動保存已禁用，跳過配置保存
2025-08-15 22:57:27,494 - VALO360 - DEBUG - 自動保存已禁用，跳過配置保存
2025-08-15 22:57:27,494 - VALO360 - DEBUG - 自動保存已禁用，跳過配置保存
2025-08-15 22:57:27,494 - VALO360 - DEBUG - 自動保存已禁用，跳過配置保存
2025-08-15 22:57:27,495 - VALO360 - DEBUG - 自動保存已禁用，跳過配置保存
2025-08-15 22:57:27,495 - VALO360 - DEBUG - 自動保存已禁用，跳過配置保存
2025-08-15 22:57:27,495 - VALO360 - DEBUG - 自動保存已禁用，跳過配置保存
2025-08-15 22:57:27,495 - VALO360 - DEBUG - 自動保存已禁用，跳過配置保存
2025-08-15 22:57:27,496 - VALO360 - DEBUG - 自動保存已禁用，跳過配置保存
2025-08-15 22:57:27,496 - VALO360 - DEBUG - 自動保存已禁用，跳過配置保存
2025-08-15 22:57:27,496 - VALO360 - DEBUG - 自動保存已禁用，跳過配置保存
2025-08-15 22:57:27,496 - VALO360 - DEBUG - 自動保存已禁用，跳過配置保存
2025-08-15 22:57:27,499 - VALO360 - DEBUG - 自動保存已禁用，跳過配置保存
2025-08-15 22:57:27,499 - VALO360 - DEBUG - 自動保存已禁用，跳過配置保存
2025-08-15 22:57:27,499 - VALO360 - DEBUG - 自動保存已禁用，跳過配置保存
2025-08-15 22:57:27,500 - VALO360 - DEBUG - 自動保存已禁用，跳過配置保存
2025-08-15 22:57:27,500 - VALO360 - DEBUG - 自動保存已禁用，跳過配置保存
2025-08-15 22:57:27,500 - VALO360 - DEBUG - 自動保存已禁用，跳過配置保存
2025-08-15 22:57:27,500 - VALO360 - DEBUG - 自動保存已禁用，跳過配置保存
2025-08-15 22:57:27,500 - VALO360 - DEBUG - 自動保存已禁用，跳過配置保存
2025-08-15 22:57:27,501 - VALO360 - DEBUG - 自動保存已禁用，跳過配置保存
2025-08-15 22:57:27,501 - VALO360 - DEBUG - 自動保存已禁用，跳過配置保存
2025-08-15 22:57:27,501 - VALO360 - DEBUG - 自動保存已禁用，跳過配置保存
2025-08-15 22:57:27,501 - VALO360 - DEBUG - 自動保存已禁用，跳過配置保存
2025-08-15 22:57:27,502 - VALO360 - DEBUG - 自動保存已禁用，跳過配置保存
2025-08-15 22:57:27,502 - VALO360 - DEBUG - 自動保存已禁用，跳過配置保存
2025-08-15 22:57:27,502 - VALO360 - DEBUG - 自動保存已禁用，跳過配置保存
2025-08-15 22:57:27,503 - VALO360 - DEBUG - 自動保存已禁用，跳過配置保存
2025-08-15 22:57:27,503 - VALO360 - DEBUG - 自動保存已禁用，跳過配置保存
2025-08-15 22:57:27,503 - VALO360 - DEBUG - 自動保存已禁用，跳過配置保存
2025-08-15 22:57:27,503 - VALO360 - DEBUG - 自動保存已禁用，跳過配置保存
2025-08-15 22:57:27,503 - VALO360 - DEBUG - 自動保存已禁用，跳過配置保存
2025-08-15 22:57:27,505 - VALO360 - DEBUG - 自動保存已禁用，跳過配置保存
2025-08-15 22:57:27,505 - VALO360 - DEBUG - 自動保存已禁用，跳過配置保存
2025-08-15 22:57:27,506 - VALO360 - DEBUG - 自動保存已禁用，跳過配置保存
2025-08-15 22:57:27,506 - VALO360 - DEBUG - 自動保存已禁用，跳過配置保存
2025-08-15 22:57:27,506 - VALO360 - DEBUG - 自動保存已禁用，跳過配置保存
2025-08-15 22:57:27,506 - VALO360 - DEBUG - 自動保存已禁用，跳過配置保存
2025-08-15 22:57:27,506 - VALO360 - DEBUG - 自動保存已禁用，跳過配置保存
2025-08-15 22:57:27,507 - VALO360 - DEBUG - 自動保存已禁用，跳過配置保存
2025-08-15 22:57:27,507 - VALO360 - DEBUG - 自動保存已禁用，跳過配置保存
2025-08-15 22:57:27,507 - VALO360 - DEBUG - 自動保存已禁用，跳過配置保存
2025-08-15 22:57:27,507 - VALO360 - DEBUG - 自動保存已禁用，跳過配置保存
2025-08-15 22:57:27,507 - VALO360 - DEBUG - 自動保存已禁用，跳過配置保存
2025-08-15 22:57:27,507 - VALO360 - DEBUG - 自動保存已禁用，跳過配置保存
2025-08-15 22:57:27,508 - VALO360 - DEBUG - 自動保存已禁用，跳過配置保存
2025-08-15 22:57:27,508 - VALO360 - DEBUG - 自動保存已禁用，跳過配置保存
2025-08-15 22:57:27,508 - VALO360 - DEBUG - 自動保存已禁用，跳過配置保存
2025-08-15 22:57:27,508 - VALO360 - DEBUG - 自動保存已禁用，跳過配置保存
2025-08-15 22:57:27,508 - VALO360 - DEBUG - 自動保存已禁用，跳過配置保存
2025-08-15 22:57:27,508 - VALO360 - DEBUG - 自動保存已禁用，跳過配置保存
2025-08-15 22:57:27,508 - VALO360 - DEBUG - 自動保存已禁用，跳過配置保存
2025-08-15 22:57:27,509 - VALO360 - DEBUG - 自動保存已禁用，跳過配置保存
2025-08-15 22:57:27,509 - VALO360 - DEBUG - 自動保存已禁用，跳過配置保存
2025-08-15 22:57:27,509 - VALO360 - DEBUG - 自動保存已禁用，跳過配置保存
2025-08-15 22:57:27,509 - VALO360 - DEBUG - 自動保存已禁用，跳過配置保存
2025-08-15 22:57:27,509 - VALO360 - DEBUG - 自動保存已禁用，跳過配置保存
2025-08-15 22:57:27,510 - VALO360 - DEBUG - 自動保存已禁用，跳過配置保存
2025-08-15 22:57:27,510 - VALO360 - DEBUG - 自動保存已禁用，跳過配置保存
2025-08-15 22:57:27,510 - VALO360 - DEBUG - 自動保存已禁用，跳過配置保存
2025-08-15 22:57:27,510 - VALO360 - DEBUG - 自動保存已禁用，跳過配置保存
2025-08-15 22:57:27,510 - VALO360 - DEBUG - 自動保存已禁用，跳過配置保存
2025-08-15 22:57:27,510 - VALO360 - DEBUG - 自動保存已禁用，跳過配置保存
2025-08-15 22:57:27,510 - VALO360 - DEBUG - 自動保存已禁用，跳過配置保存
2025-08-15 22:57:27,511 - VALO360 - DEBUG - 自動保存已禁用，跳過配置保存
2025-08-15 22:57:27,511 - VALO360 - DEBUG - 自動保存已禁用，跳過配置保存
2025-08-15 22:57:27,511 - VALO360 - DEBUG - 自動保存已禁用，跳過配置保存
2025-08-15 22:57:27,511 - VALO360 - DEBUG - 自動保存已禁用，跳過配置保存
2025-08-15 22:57:27,511 - VALO360 - DEBUG - 自動保存已禁用，跳過配置保存
2025-08-15 22:57:27,511 - VALO360 - DEBUG - 自動保存已禁用，跳過配置保存
2025-08-15 22:57:27,512 - VALO360 - DEBUG - 自動保存已禁用，跳過配置保存
2025-08-15 22:57:27,512 - VALO360 - DEBUG - 自動保存已禁用，跳過配置保存
2025-08-15 22:57:27,512 - VALO360 - DEBUG - 自動保存已禁用，跳過配置保存
2025-08-15 22:57:27,512 - VALO360 - DEBUG - 自動保存已禁用，跳過配置保存
2025-08-15 22:57:27,512 - VALO360 - DEBUG - 自動保存已禁用，跳過配置保存
2025-08-15 22:57:27,512 - VALO360 - DEBUG - 自動保存已禁用，跳過配置保存
2025-08-15 22:57:27,513 - VALO360 - DEBUG - 自動保存已禁用，跳過配置保存
2025-08-15 22:57:27,513 - VALO360 - DEBUG - 自動保存已禁用，跳過配置保存
2025-08-15 22:57:27,513 - VALO360 - DEBUG - 自動保存已禁用，跳過配置保存
2025-08-15 22:57:27,513 - VALO360 - DEBUG - 自動保存已禁用，跳過配置保存
2025-08-15 22:57:27,513 - VALO360 - DEBUG - 自動保存已禁用，跳過配置保存
2025-08-15 22:57:27,513 - VALO360 - DEBUG - 自動保存已禁用，跳過配置保存
2025-08-15 22:57:27,514 - VALO360 - DEBUG - 自動保存已禁用，跳過配置保存
2025-08-15 22:57:27,514 - VALO360 - DEBUG - 自動保存已禁用，跳過配置保存
2025-08-15 22:57:27,514 - VALO360 - DEBUG - 自動保存已禁用，跳過配置保存
2025-08-15 22:57:27,514 - VALO360 - DEBUG - 自動保存已禁用，跳過配置保存
2025-08-15 22:57:27,514 - VALO360 - DEBUG - 自動保存已禁用，跳過配置保存
2025-08-15 22:57:27,514 - VALO360 - DEBUG - 自動保存已禁用，跳過配置保存
2025-08-15 22:57:27,514 - VALO360 - DEBUG - 自動保存已禁用，跳過配置保存
2025-08-15 22:57:27,515 - VALO360 - DEBUG - 自動保存已禁用，跳過配置保存
2025-08-15 22:57:27,515 - VALO360 - DEBUG - 自動保存已禁用，跳過配置保存
2025-08-15 22:57:27,515 - VALO360 - DEBUG - 自動保存已禁用，跳過配置保存
2025-08-15 22:57:27,524 - VALO360 - DEBUG - 自動保存已禁用，跳過配置保存
2025-08-15 22:57:27,524 - VALO360 - DEBUG - 自動保存已禁用，跳過配置保存
2025-08-15 22:57:27,524 - VALO360 - DEBUG - 自動保存已禁用，跳過配置保存
2025-08-15 22:57:27,524 - VALO360 - DEBUG - 自動保存已禁用，跳過配置保存
2025-08-15 22:57:27,625 - VALO360 - DEBUG - 自動保存已禁用，跳過配置保存
2025-08-15 22:57:27,626 - VALO360 - DEBUG - 自動保存已禁用，跳過配置保存
2025-08-15 22:57:27,626 - VALO360 - DEBUG - 自動保存已禁用，跳過配置保存
2025-08-15 22:57:27,626 - VALO360 - DEBUG - 自動保存已禁用，跳過配置保存
2025-08-15 22:57:27,626 - VALO360 - DEBUG - 自動保存已禁用，跳過配置保存
2025-08-15 22:57:27,626 - VALO360 - DEBUG - 自動保存已禁用，跳過配置保存
2025-08-15 22:57:27,626 - VALO360 - DEBUG - 自動保存已禁用，跳過配置保存
2025-08-15 22:57:27,627 - VALO360 - DEBUG - 自動保存已禁用，跳過配置保存
2025-08-15 22:57:27,627 - VALO360 - DEBUG - 自動保存已禁用，跳過配置保存
2025-08-15 22:57:27,627 - VALO360 - DEBUG - 自動保存已禁用，跳過配置保存
2025-08-15 22:57:27,627 - VALO360 - DEBUG - 自動保存已禁用，跳過配置保存
2025-08-15 22:57:27,627 - VALO360 - DEBUG - 自動保存已禁用，跳過配置保存
2025-08-15 22:57:27,627 - VALO360 - DEBUG - 自動保存已禁用，跳過配置保存
2025-08-15 22:57:27,628 - VALO360 - DEBUG - 自動保存已禁用，跳過配置保存
2025-08-15 22:57:27,628 - VALO360 - DEBUG - 自動保存已禁用，跳過配置保存
2025-08-15 22:57:27,628 - VALO360 - DEBUG - 自動保存已禁用，跳過配置保存
2025-08-15 22:57:27,628 - VALO360 - DEBUG - 自動保存已禁用，跳過配置保存
2025-08-15 22:57:27,628 - VALO360 - DEBUG - 自動保存已禁用，跳過配置保存
2025-08-15 22:57:27,628 - VALO360 - DEBUG - 自動保存已禁用，跳過配置保存
2025-08-15 22:57:27,629 - VALO360 - DEBUG - 自動保存已禁用，跳過配置保存
2025-08-15 22:57:27,629 - VALO360 - DEBUG - 自動保存已禁用，跳過配置保存
2025-08-15 22:57:27,629 - VALO360 - DEBUG - 自動保存已禁用，跳過配置保存
2025-08-15 22:57:27,629 - VALO360 - DEBUG - 自動保存已禁用，跳過配置保存
2025-08-15 22:57:27,629 - VALO360 - DEBUG - 自動保存已禁用，跳過配置保存
2025-08-15 22:57:27,629 - VALO360 - DEBUG - 自動保存已禁用，跳過配置保存
2025-08-15 22:57:27,630 - VALO360 - DEBUG - 自動保存已禁用，跳過配置保存
2025-08-15 22:57:27,630 - VALO360 - DEBUG - 自動保存已禁用，跳過配置保存
2025-08-15 22:57:27,630 - VALO360 - DEBUG - 自動保存已禁用，跳過配置保存
2025-08-15 22:57:27,631 - VALO360 - DEBUG - 自動保存已禁用，跳過配置保存
2025-08-15 22:57:27,631 - VALO360 - DEBUG - 自動保存已禁用，跳過配置保存
2025-08-15 22:57:27,631 - VALO360 - DEBUG - 自動保存已禁用，跳過配置保存
2025-08-15 22:57:27,631 - VALO360 - DEBUG - 自動保存已禁用，跳過配置保存
2025-08-15 22:57:27,634 - VALO360 - DEBUG - 自動保存已禁用，跳過配置保存
2025-08-15 22:57:27,634 - VALO360 - DEBUG - 自動保存已禁用，跳過配置保存
2025-08-15 22:57:27,634 - VALO360 - DEBUG - 自動保存已禁用，跳過配置保存
2025-08-15 22:57:27,634 - VALO360 - DEBUG - 自動保存已禁用，跳過配置保存
2025-08-15 22:57:30,362 - VALO360 - DEBUG - 配置已備份至: backup\setup_backup_20250815_225730.json
2025-08-15 22:57:30,365 - VALO360 - DEBUG - 配置保存成功
2025-08-15 22:57:30,369 - VALO360 - DEBUG - 配置已備份至: backup\setup_backup_20250815_225730.json
2025-08-15 22:57:30,372 - VALO360 - DEBUG - 配置保存成功
2025-08-15 22:57:30,372 - VALO360 - DEBUG - 自動保存已禁用，跳過配置保存
2025-08-15 22:57:30,373 - VALO360 - INFO - 程式關閉時已保存所有待保存的設定
2025-08-15 22:57:30,373 - VALO360 - INFO - 程式正常關閉
2025-08-15 22:57:30,414 - VALO360 - INFO - 資源清理完成
2025-08-15 22:57:30,415 - VALO360 - INFO - 應用程式資源清理完成
2025-08-15 22:57:35,528 - VALO360 - DEBUG - 找到指令檔: M:\PYTHON\360-command-toola_HOME\dist\Command_TABLE\command.txt
2025-08-15 22:57:35,540 - VALO360 - INFO - 成功載入 94 個指令
2025-08-15 22:57:35,552 - VALO360 - INFO - 運行日誌: main.py 啟動
2025-08-15 22:57:35,552 - VALO360 - INFO - 指令通主程式啟動
2025-08-15 22:57:35,561 - VALO360 - INFO - 運行日誌: 成功 import TabManager
2025-08-15 22:57:35,561 - VALO360 - INFO - UI模組導入成功
2025-08-15 22:57:35,569 - VALO360 - INFO - 日誌系統初始化完成
2025-08-15 22:57:35,569 - VALO360 - DEBUG - ConfigManager: 自動保存已禁用
2025-08-15 22:57:35,569 - VALO360 - INFO - ConfigManager自動保存已禁用
2025-08-15 22:57:35,569 - VALO360 - INFO - 未找到關鍵字高亮設定文件，使用空設定
2025-08-15 22:57:35,632 - VALO360 - DEBUG - 配置已備份至: backup\setup_backup_20250815_225735.json
2025-08-15 22:57:35,633 - VALO360 - DEBUG - 配置載入成功
2025-08-15 22:57:35,633 - VALO360 - INFO - 統一設定管理器已初始化
2025-08-15 22:57:35,672 - VALO360 - DEBUG - 找到 3 個COM口: ['COM1', 'COM3', 'COM4']
2025-08-15 22:57:36,383 - VALO360 - DEBUG - 找到 3 個COM口: ['COM1', 'COM3', 'COM4']
2025-08-15 22:57:36,829 - VALO360 - INFO - 應用程式圖示設置成功: C:\Users\Jovian\AppData\Local\Temp\_MEI102722\assets\icon.ico
2025-08-15 22:57:36,830 - VALO360 - INFO - 視窗設置完成: 指令通_1.6.3.3 (1536x793)
2025-08-15 22:57:36,830 - VALO360 - INFO - 程式啟動時更新標籤頁名稱
2025-08-15 22:57:36,830 - VALO360 - INFO - 應用程式啟動完成，進入主循環
2025-08-15 22:57:36,834 - VALO360 - DEBUG - 找到 3 個COM口: ['COM1', 'COM3', 'COM4']
2025-08-15 22:57:36,834 - VALO360 - DEBUG - 自動保存已禁用，跳過配置保存
2025-08-15 22:57:36,835 - VALO360 - DEBUG - 自動保存已禁用，跳過配置保存
2025-08-15 22:57:36,835 - VALO360 - DEBUG - 自動保存已禁用，跳過配置保存
2025-08-15 22:57:36,835 - VALO360 - DEBUG - 自動保存已禁用，跳過配置保存
2025-08-15 22:57:36,871 - VALO360 - DEBUG - 自動保存已禁用，跳過配置保存
2025-08-15 22:57:36,872 - VALO360 - DEBUG - 自動保存已禁用，跳過配置保存
2025-08-15 22:57:36,872 - VALO360 - DEBUG - 自動保存已禁用，跳過配置保存
2025-08-15 22:57:36,872 - VALO360 - DEBUG - 自動保存已禁用，跳過配置保存
2025-08-15 22:57:36,872 - VALO360 - DEBUG - 自動保存已禁用，跳過配置保存
2025-08-15 22:57:36,872 - VALO360 - DEBUG - 自動保存已禁用，跳過配置保存
2025-08-15 22:57:36,872 - VALO360 - DEBUG - 自動保存已禁用，跳過配置保存
2025-08-15 22:57:36,873 - VALO360 - DEBUG - 自動保存已禁用，跳過配置保存
2025-08-15 22:57:36,873 - VALO360 - DEBUG - 自動保存已禁用，跳過配置保存
2025-08-15 22:57:36,873 - VALO360 - DEBUG - 自動保存已禁用，跳過配置保存
2025-08-15 22:57:36,873 - VALO360 - DEBUG - 自動保存已禁用，跳過配置保存
2025-08-15 22:57:36,873 - VALO360 - DEBUG - 自動保存已禁用，跳過配置保存
2025-08-15 22:57:36,873 - VALO360 - DEBUG - 自動保存已禁用，跳過配置保存
2025-08-15 22:57:36,874 - VALO360 - DEBUG - 自動保存已禁用，跳過配置保存
2025-08-15 22:57:36,874 - VALO360 - DEBUG - 自動保存已禁用，跳過配置保存
2025-08-15 22:57:36,874 - VALO360 - DEBUG - 自動保存已禁用，跳過配置保存
2025-08-15 22:57:36,874 - VALO360 - DEBUG - 自動保存已禁用，跳過配置保存
2025-08-15 22:57:36,874 - VALO360 - DEBUG - 自動保存已禁用，跳過配置保存
2025-08-15 22:57:36,874 - VALO360 - DEBUG - 自動保存已禁用，跳過配置保存
2025-08-15 22:57:36,875 - VALO360 - DEBUG - 自動保存已禁用，跳過配置保存
2025-08-15 22:57:36,875 - VALO360 - DEBUG - 自動保存已禁用，跳過配置保存
2025-08-15 22:57:36,875 - VALO360 - DEBUG - 自動保存已禁用，跳過配置保存
2025-08-15 22:57:36,875 - VALO360 - DEBUG - 自動保存已禁用，跳過配置保存
2025-08-15 22:57:36,875 - VALO360 - DEBUG - 自動保存已禁用，跳過配置保存
2025-08-15 22:57:36,876 - VALO360 - DEBUG - 自動保存已禁用，跳過配置保存
2025-08-15 22:57:36,876 - VALO360 - DEBUG - 自動保存已禁用，跳過配置保存
2025-08-15 22:57:36,876 - VALO360 - DEBUG - 自動保存已禁用，跳過配置保存
2025-08-15 22:57:36,876 - VALO360 - DEBUG - 自動保存已禁用，跳過配置保存
2025-08-15 22:57:36,877 - VALO360 - DEBUG - 自動保存已禁用，跳過配置保存
2025-08-15 22:57:36,877 - VALO360 - DEBUG - 自動保存已禁用，跳過配置保存
2025-08-15 22:57:36,877 - VALO360 - DEBUG - 自動保存已禁用，跳過配置保存
2025-08-15 22:57:36,877 - VALO360 - DEBUG - 自動保存已禁用，跳過配置保存
2025-08-15 22:57:36,877 - VALO360 - DEBUG - 自動保存已禁用，跳過配置保存
2025-08-15 22:57:36,877 - VALO360 - DEBUG - 自動保存已禁用，跳過配置保存
2025-08-15 22:57:36,878 - VALO360 - DEBUG - 自動保存已禁用，跳過配置保存
2025-08-15 22:57:36,878 - VALO360 - DEBUG - 自動保存已禁用，跳過配置保存
2025-08-15 22:57:36,878 - VALO360 - DEBUG - 自動保存已禁用，跳過配置保存
2025-08-15 22:57:36,878 - VALO360 - DEBUG - 自動保存已禁用，跳過配置保存
2025-08-15 22:57:36,878 - VALO360 - DEBUG - 自動保存已禁用，跳過配置保存
2025-08-15 22:57:36,878 - VALO360 - DEBUG - 自動保存已禁用，跳過配置保存
2025-08-15 22:57:36,879 - VALO360 - DEBUG - 自動保存已禁用，跳過配置保存
2025-08-15 22:57:36,879 - VALO360 - DEBUG - 自動保存已禁用，跳過配置保存
2025-08-15 22:57:36,879 - VALO360 - DEBUG - 自動保存已禁用，跳過配置保存
2025-08-15 22:57:36,879 - VALO360 - DEBUG - 自動保存已禁用，跳過配置保存
2025-08-15 22:57:36,879 - VALO360 - DEBUG - 自動保存已禁用，跳過配置保存
2025-08-15 22:57:36,879 - VALO360 - DEBUG - 自動保存已禁用，跳過配置保存
2025-08-15 22:57:36,880 - VALO360 - DEBUG - 自動保存已禁用，跳過配置保存
2025-08-15 22:57:36,880 - VALO360 - DEBUG - 自動保存已禁用，跳過配置保存
2025-08-15 22:57:36,880 - VALO360 - DEBUG - 自動保存已禁用，跳過配置保存
2025-08-15 22:57:36,880 - VALO360 - DEBUG - 自動保存已禁用，跳過配置保存
2025-08-15 22:57:36,880 - VALO360 - DEBUG - 自動保存已禁用，跳過配置保存
2025-08-15 22:57:36,880 - VALO360 - DEBUG - 自動保存已禁用，跳過配置保存
2025-08-15 22:57:36,881 - VALO360 - DEBUG - 自動保存已禁用，跳過配置保存
2025-08-15 22:57:36,881 - VALO360 - DEBUG - 自動保存已禁用，跳過配置保存
2025-08-15 22:57:36,881 - VALO360 - DEBUG - 自動保存已禁用，跳過配置保存
2025-08-15 22:57:36,881 - VALO360 - DEBUG - 自動保存已禁用，跳過配置保存
2025-08-15 22:57:36,881 - VALO360 - DEBUG - 自動保存已禁用，跳過配置保存
2025-08-15 22:57:36,881 - VALO360 - DEBUG - 自動保存已禁用，跳過配置保存
2025-08-15 22:57:36,882 - VALO360 - DEBUG - 自動保存已禁用，跳過配置保存
2025-08-15 22:57:36,882 - VALO360 - DEBUG - 自動保存已禁用，跳過配置保存
2025-08-15 22:57:36,882 - VALO360 - DEBUG - 自動保存已禁用，跳過配置保存
2025-08-15 22:57:36,882 - VALO360 - DEBUG - 自動保存已禁用，跳過配置保存
2025-08-15 22:57:36,882 - VALO360 - DEBUG - 自動保存已禁用，跳過配置保存
2025-08-15 22:57:36,882 - VALO360 - DEBUG - 自動保存已禁用，跳過配置保存
2025-08-15 22:57:36,883 - VALO360 - DEBUG - 自動保存已禁用，跳過配置保存
2025-08-15 22:57:36,883 - VALO360 - DEBUG - 自動保存已禁用，跳過配置保存
2025-08-15 22:57:36,883 - VALO360 - DEBUG - 自動保存已禁用，跳過配置保存
2025-08-15 22:57:36,883 - VALO360 - DEBUG - 自動保存已禁用，跳過配置保存
2025-08-15 22:57:36,883 - VALO360 - DEBUG - 自動保存已禁用，跳過配置保存
2025-08-15 22:57:36,883 - VALO360 - DEBUG - 自動保存已禁用，跳過配置保存
2025-08-15 22:57:36,883 - VALO360 - DEBUG - 自動保存已禁用，跳過配置保存
2025-08-15 22:57:36,884 - VALO360 - DEBUG - 自動保存已禁用，跳過配置保存
2025-08-15 22:57:36,884 - VALO360 - DEBUG - 自動保存已禁用，跳過配置保存
2025-08-15 22:57:36,884 - VALO360 - DEBUG - 自動保存已禁用，跳過配置保存
2025-08-15 22:57:36,884 - VALO360 - DEBUG - 自動保存已禁用，跳過配置保存
2025-08-15 22:57:36,884 - VALO360 - DEBUG - 自動保存已禁用，跳過配置保存
2025-08-15 22:57:36,885 - VALO360 - DEBUG - 自動保存已禁用，跳過配置保存
2025-08-15 22:57:36,885 - VALO360 - DEBUG - 自動保存已禁用，跳過配置保存
2025-08-15 22:57:36,885 - VALO360 - DEBUG - 自動保存已禁用，跳過配置保存
2025-08-15 22:57:36,885 - VALO360 - DEBUG - 自動保存已禁用，跳過配置保存
2025-08-15 22:57:36,885 - VALO360 - DEBUG - 自動保存已禁用，跳過配置保存
2025-08-15 22:57:36,885 - VALO360 - DEBUG - 自動保存已禁用，跳過配置保存
2025-08-15 22:57:36,886 - VALO360 - DEBUG - 自動保存已禁用，跳過配置保存
2025-08-15 22:57:36,886 - VALO360 - DEBUG - 自動保存已禁用，跳過配置保存
2025-08-15 22:57:36,886 - VALO360 - DEBUG - 自動保存已禁用，跳過配置保存
2025-08-15 22:57:36,886 - VALO360 - DEBUG - 自動保存已禁用，跳過配置保存
2025-08-15 22:57:36,886 - VALO360 - DEBUG - 自動保存已禁用，跳過配置保存
2025-08-15 22:57:36,886 - VALO360 - DEBUG - 自動保存已禁用，跳過配置保存
2025-08-15 22:57:36,887 - VALO360 - DEBUG - 自動保存已禁用，跳過配置保存
2025-08-15 22:57:36,887 - VALO360 - DEBUG - 自動保存已禁用，跳過配置保存
2025-08-15 22:57:36,887 - VALO360 - DEBUG - 自動保存已禁用，跳過配置保存
2025-08-15 22:57:36,887 - VALO360 - DEBUG - 自動保存已禁用，跳過配置保存
2025-08-15 22:57:36,887 - VALO360 - DEBUG - 自動保存已禁用，跳過配置保存
2025-08-15 22:57:36,888 - VALO360 - DEBUG - 自動保存已禁用，跳過配置保存
2025-08-15 22:57:36,888 - VALO360 - DEBUG - 自動保存已禁用，跳過配置保存
2025-08-15 22:57:36,888 - VALO360 - DEBUG - 自動保存已禁用，跳過配置保存
2025-08-15 22:57:36,888 - VALO360 - DEBUG - 自動保存已禁用，跳過配置保存
2025-08-15 22:57:36,888 - VALO360 - DEBUG - 自動保存已禁用，跳過配置保存
2025-08-15 22:57:36,888 - VALO360 - DEBUG - 自動保存已禁用，跳過配置保存
2025-08-15 22:57:36,888 - VALO360 - DEBUG - 自動保存已禁用，跳過配置保存
2025-08-15 22:57:36,889 - VALO360 - DEBUG - 自動保存已禁用，跳過配置保存
2025-08-15 22:57:36,889 - VALO360 - DEBUG - 自動保存已禁用，跳過配置保存
2025-08-15 22:57:36,889 - VALO360 - DEBUG - 自動保存已禁用，跳過配置保存
2025-08-15 22:57:36,889 - VALO360 - DEBUG - 自動保存已禁用，跳過配置保存
2025-08-15 22:57:36,890 - VALO360 - DEBUG - 自動保存已禁用，跳過配置保存
2025-08-15 22:57:36,890 - VALO360 - DEBUG - 自動保存已禁用，跳過配置保存
2025-08-15 22:57:36,891 - VALO360 - DEBUG - 自動保存已禁用，跳過配置保存
2025-08-15 22:57:36,891 - VALO360 - DEBUG - 自動保存已禁用，跳過配置保存
2025-08-15 22:57:36,891 - VALO360 - DEBUG - 自動保存已禁用，跳過配置保存
2025-08-15 22:57:36,891 - VALO360 - DEBUG - 自動保存已禁用，跳過配置保存
2025-08-15 22:57:36,891 - VALO360 - DEBUG - 自動保存已禁用，跳過配置保存
2025-08-15 22:57:36,891 - VALO360 - DEBUG - 自動保存已禁用，跳過配置保存
2025-08-15 22:57:36,892 - VALO360 - DEBUG - 自動保存已禁用，跳過配置保存
2025-08-15 22:57:36,892 - VALO360 - DEBUG - 自動保存已禁用，跳過配置保存
2025-08-15 22:57:36,892 - VALO360 - DEBUG - 自動保存已禁用，跳過配置保存
2025-08-15 22:57:36,892 - VALO360 - DEBUG - 自動保存已禁用，跳過配置保存
2025-08-15 22:57:36,892 - VALO360 - DEBUG - 自動保存已禁用，跳過配置保存
2025-08-15 22:57:36,892 - VALO360 - DEBUG - 自動保存已禁用，跳過配置保存
2025-08-15 22:57:36,893 - VALO360 - DEBUG - 自動保存已禁用，跳過配置保存
2025-08-15 22:57:36,893 - VALO360 - DEBUG - 自動保存已禁用，跳過配置保存
2025-08-15 22:57:36,893 - VALO360 - DEBUG - 自動保存已禁用，跳過配置保存
2025-08-15 22:57:36,893 - VALO360 - DEBUG - 自動保存已禁用，跳過配置保存
2025-08-15 22:57:36,893 - VALO360 - DEBUG - 自動保存已禁用，跳過配置保存
2025-08-15 22:57:36,893 - VALO360 - DEBUG - 自動保存已禁用，跳過配置保存
2025-08-15 22:57:36,894 - VALO360 - DEBUG - 自動保存已禁用，跳過配置保存
2025-08-15 22:57:36,894 - VALO360 - DEBUG - 自動保存已禁用，跳過配置保存
2025-08-15 22:57:36,894 - VALO360 - DEBUG - 自動保存已禁用，跳過配置保存
2025-08-15 22:57:36,894 - VALO360 - DEBUG - 自動保存已禁用，跳過配置保存
2025-08-15 22:57:36,894 - VALO360 - DEBUG - 自動保存已禁用，跳過配置保存
2025-08-15 22:57:36,894 - VALO360 - DEBUG - 自動保存已禁用，跳過配置保存
2025-08-15 22:57:36,895 - VALO360 - DEBUG - 自動保存已禁用，跳過配置保存
2025-08-15 22:57:36,895 - VALO360 - DEBUG - 自動保存已禁用，跳過配置保存
2025-08-15 22:57:36,895 - VALO360 - DEBUG - 自動保存已禁用，跳過配置保存
2025-08-15 22:57:36,895 - VALO360 - DEBUG - 自動保存已禁用，跳過配置保存
2025-08-15 22:57:36,895 - VALO360 - DEBUG - 自動保存已禁用，跳過配置保存
2025-08-15 22:57:36,895 - VALO360 - DEBUG - 自動保存已禁用，跳過配置保存
2025-08-15 22:57:36,896 - VALO360 - DEBUG - 自動保存已禁用，跳過配置保存
2025-08-15 22:57:36,896 - VALO360 - DEBUG - 自動保存已禁用，跳過配置保存
2025-08-15 22:57:36,896 - VALO360 - DEBUG - 自動保存已禁用，跳過配置保存
2025-08-15 22:57:36,896 - VALO360 - DEBUG - 自動保存已禁用，跳過配置保存
2025-08-15 22:57:36,896 - VALO360 - DEBUG - 自動保存已禁用，跳過配置保存
2025-08-15 22:57:36,896 - VALO360 - DEBUG - 自動保存已禁用，跳過配置保存
2025-08-15 22:57:36,897 - VALO360 - DEBUG - 自動保存已禁用，跳過配置保存
2025-08-15 22:57:36,897 - VALO360 - DEBUG - 自動保存已禁用，跳過配置保存
2025-08-15 22:57:36,897 - VALO360 - DEBUG - 自動保存已禁用，跳過配置保存
2025-08-15 22:57:36,897 - VALO360 - DEBUG - 自動保存已禁用，跳過配置保存
2025-08-15 22:57:36,897 - VALO360 - DEBUG - 自動保存已禁用，跳過配置保存
2025-08-15 22:57:36,897 - VALO360 - DEBUG - 自動保存已禁用，跳過配置保存
2025-08-15 22:57:36,898 - VALO360 - DEBUG - 自動保存已禁用，跳過配置保存
2025-08-15 22:57:36,898 - VALO360 - DEBUG - 自動保存已禁用，跳過配置保存
2025-08-15 22:57:36,898 - VALO360 - DEBUG - 自動保存已禁用，跳過配置保存
2025-08-15 22:57:36,898 - VALO360 - DEBUG - 自動保存已禁用，跳過配置保存
2025-08-15 22:57:36,898 - VALO360 - DEBUG - 自動保存已禁用，跳過配置保存
2025-08-15 22:57:36,898 - VALO360 - DEBUG - 自動保存已禁用，跳過配置保存
2025-08-15 22:57:36,898 - VALO360 - DEBUG - 自動保存已禁用，跳過配置保存
2025-08-15 22:57:36,899 - VALO360 - DEBUG - 自動保存已禁用，跳過配置保存
2025-08-15 22:57:36,899 - VALO360 - DEBUG - 自動保存已禁用，跳過配置保存
2025-08-15 22:57:36,899 - VALO360 - DEBUG - 自動保存已禁用，跳過配置保存
2025-08-15 22:57:36,899 - VALO360 - DEBUG - 自動保存已禁用，跳過配置保存
2025-08-15 22:57:36,899 - VALO360 - DEBUG - 自動保存已禁用，跳過配置保存
2025-08-15 22:57:36,899 - VALO360 - DEBUG - 自動保存已禁用，跳過配置保存
2025-08-15 22:57:36,900 - VALO360 - DEBUG - 自動保存已禁用，跳過配置保存
2025-08-15 22:57:36,900 - VALO360 - DEBUG - 自動保存已禁用，跳過配置保存
2025-08-15 22:57:36,900 - VALO360 - DEBUG - 自動保存已禁用，跳過配置保存
2025-08-15 22:57:36,900 - VALO360 - DEBUG - 自動保存已禁用，跳過配置保存
2025-08-15 22:57:36,900 - VALO360 - DEBUG - 自動保存已禁用，跳過配置保存
2025-08-15 22:57:36,900 - VALO360 - DEBUG - 自動保存已禁用，跳過配置保存
2025-08-15 22:57:36,900 - VALO360 - DEBUG - 自動保存已禁用，跳過配置保存
2025-08-15 22:57:36,901 - VALO360 - DEBUG - 自動保存已禁用，跳過配置保存
2025-08-15 22:57:36,901 - VALO360 - DEBUG - 自動保存已禁用，跳過配置保存
2025-08-15 22:57:36,901 - VALO360 - DEBUG - 自動保存已禁用，跳過配置保存
2025-08-15 22:57:36,901 - VALO360 - DEBUG - 自動保存已禁用，跳過配置保存
2025-08-15 22:57:36,904 - VALO360 - DEBUG - 自動保存已禁用，跳過配置保存
2025-08-15 22:57:36,904 - VALO360 - DEBUG - 自動保存已禁用，跳過配置保存
2025-08-15 22:57:36,905 - VALO360 - DEBUG - 自動保存已禁用，跳過配置保存
2025-08-15 22:57:36,905 - VALO360 - DEBUG - 自動保存已禁用，跳過配置保存
2025-08-15 22:57:36,905 - VALO360 - DEBUG - 自動保存已禁用，跳過配置保存
2025-08-15 22:57:36,905 - VALO360 - DEBUG - 自動保存已禁用，跳過配置保存
2025-08-15 22:57:36,905 - VALO360 - DEBUG - 自動保存已禁用，跳過配置保存
2025-08-15 22:57:36,906 - VALO360 - DEBUG - 自動保存已禁用，跳過配置保存
2025-08-15 22:57:36,906 - VALO360 - DEBUG - 自動保存已禁用，跳過配置保存
2025-08-15 22:57:36,906 - VALO360 - DEBUG - 自動保存已禁用，跳過配置保存
2025-08-15 22:57:36,906 - VALO360 - DEBUG - 自動保存已禁用，跳過配置保存
2025-08-15 22:57:36,906 - VALO360 - DEBUG - 自動保存已禁用，跳過配置保存
2025-08-15 22:57:36,907 - VALO360 - DEBUG - 自動保存已禁用，跳過配置保存
2025-08-15 22:57:36,907 - VALO360 - DEBUG - 自動保存已禁用，跳過配置保存
2025-08-15 22:57:36,907 - VALO360 - DEBUG - 自動保存已禁用，跳過配置保存
2025-08-15 22:57:36,907 - VALO360 - DEBUG - 自動保存已禁用，跳過配置保存
2025-08-15 22:57:36,907 - VALO360 - DEBUG - 自動保存已禁用，跳過配置保存
2025-08-15 22:57:36,907 - VALO360 - DEBUG - 自動保存已禁用，跳過配置保存
2025-08-15 22:57:36,907 - VALO360 - DEBUG - 自動保存已禁用，跳過配置保存
2025-08-15 22:57:36,908 - VALO360 - DEBUG - 自動保存已禁用，跳過配置保存
2025-08-15 22:57:36,908 - VALO360 - DEBUG - 自動保存已禁用，跳過配置保存
2025-08-15 22:57:36,908 - VALO360 - DEBUG - 自動保存已禁用，跳過配置保存
2025-08-15 22:57:36,908 - VALO360 - DEBUG - 自動保存已禁用，跳過配置保存
2025-08-15 22:57:36,908 - VALO360 - DEBUG - 自動保存已禁用，跳過配置保存
2025-08-15 22:57:36,909 - VALO360 - DEBUG - 自動保存已禁用，跳過配置保存
2025-08-15 22:57:36,909 - VALO360 - DEBUG - 自動保存已禁用，跳過配置保存
2025-08-15 22:57:36,909 - VALO360 - DEBUG - 自動保存已禁用，跳過配置保存
2025-08-15 22:57:36,909 - VALO360 - DEBUG - 自動保存已禁用，跳過配置保存
2025-08-15 22:57:36,909 - VALO360 - DEBUG - 自動保存已禁用，跳過配置保存
2025-08-15 22:57:36,909 - VALO360 - DEBUG - 自動保存已禁用，跳過配置保存
2025-08-15 22:57:36,909 - VALO360 - DEBUG - 自動保存已禁用，跳過配置保存
2025-08-15 22:57:36,910 - VALO360 - DEBUG - 自動保存已禁用，跳過配置保存
2025-08-15 22:57:36,910 - VALO360 - DEBUG - 自動保存已禁用，跳過配置保存
2025-08-15 22:57:36,910 - VALO360 - DEBUG - 自動保存已禁用，跳過配置保存
2025-08-15 22:57:36,910 - VALO360 - DEBUG - 自動保存已禁用，跳過配置保存
2025-08-15 22:57:36,910 - VALO360 - DEBUG - 自動保存已禁用，跳過配置保存
2025-08-15 22:57:36,911 - VALO360 - DEBUG - 自動保存已禁用，跳過配置保存
2025-08-15 22:57:36,911 - VALO360 - DEBUG - 自動保存已禁用，跳過配置保存
2025-08-15 22:57:36,911 - VALO360 - DEBUG - 自動保存已禁用，跳過配置保存
2025-08-15 22:57:36,911 - VALO360 - DEBUG - 自動保存已禁用，跳過配置保存
2025-08-15 22:57:36,911 - VALO360 - DEBUG - 自動保存已禁用，跳過配置保存
2025-08-15 22:57:36,911 - VALO360 - DEBUG - 自動保存已禁用，跳過配置保存
2025-08-15 22:57:36,911 - VALO360 - DEBUG - 自動保存已禁用，跳過配置保存
2025-08-15 22:57:36,912 - VALO360 - DEBUG - 自動保存已禁用，跳過配置保存
2025-08-15 22:57:36,912 - VALO360 - DEBUG - 自動保存已禁用，跳過配置保存
2025-08-15 22:57:36,912 - VALO360 - DEBUG - 自動保存已禁用，跳過配置保存
2025-08-15 22:57:36,912 - VALO360 - DEBUG - 自動保存已禁用，跳過配置保存
2025-08-15 22:57:36,912 - VALO360 - DEBUG - 自動保存已禁用，跳過配置保存
2025-08-15 22:57:36,913 - VALO360 - DEBUG - 自動保存已禁用，跳過配置保存
2025-08-15 22:57:36,913 - VALO360 - DEBUG - 自動保存已禁用，跳過配置保存
2025-08-15 22:57:36,913 - VALO360 - DEBUG - 自動保存已禁用，跳過配置保存
2025-08-15 22:57:36,913 - VALO360 - DEBUG - 自動保存已禁用，跳過配置保存
2025-08-15 22:57:36,913 - VALO360 - DEBUG - 自動保存已禁用，跳過配置保存
2025-08-15 22:57:36,913 - VALO360 - DEBUG - 自動保存已禁用，跳過配置保存
2025-08-15 22:57:36,914 - VALO360 - DEBUG - 自動保存已禁用，跳過配置保存
2025-08-15 22:57:36,914 - VALO360 - DEBUG - 自動保存已禁用，跳過配置保存
2025-08-15 22:57:36,914 - VALO360 - DEBUG - 自動保存已禁用，跳過配置保存
2025-08-15 22:57:36,914 - VALO360 - DEBUG - 自動保存已禁用，跳過配置保存
2025-08-15 22:57:36,914 - VALO360 - DEBUG - 自動保存已禁用，跳過配置保存
2025-08-15 22:57:36,914 - VALO360 - DEBUG - 自動保存已禁用，跳過配置保存
2025-08-15 22:57:36,915 - VALO360 - DEBUG - 自動保存已禁用，跳過配置保存
2025-08-15 22:57:36,915 - VALO360 - DEBUG - 自動保存已禁用，跳過配置保存
2025-08-15 22:57:36,915 - VALO360 - DEBUG - 自動保存已禁用，跳過配置保存
2025-08-15 22:57:36,915 - VALO360 - DEBUG - 自動保存已禁用，跳過配置保存
2025-08-15 22:57:36,915 - VALO360 - DEBUG - 自動保存已禁用，跳過配置保存
2025-08-15 22:57:36,915 - VALO360 - DEBUG - 自動保存已禁用，跳過配置保存
2025-08-15 22:57:36,916 - VALO360 - DEBUG - 自動保存已禁用，跳過配置保存
2025-08-15 22:57:36,916 - VALO360 - DEBUG - 自動保存已禁用，跳過配置保存
2025-08-15 22:57:36,916 - VALO360 - DEBUG - 自動保存已禁用，跳過配置保存
2025-08-15 22:57:36,916 - VALO360 - DEBUG - 自動保存已禁用，跳過配置保存
2025-08-15 22:57:36,916 - VALO360 - DEBUG - 自動保存已禁用，跳過配置保存
2025-08-15 22:57:36,916 - VALO360 - DEBUG - 自動保存已禁用，跳過配置保存
2025-08-15 22:57:36,917 - VALO360 - DEBUG - 自動保存已禁用，跳過配置保存
2025-08-15 22:57:36,917 - VALO360 - DEBUG - 自動保存已禁用，跳過配置保存
2025-08-15 22:57:36,917 - VALO360 - DEBUG - 自動保存已禁用，跳過配置保存
2025-08-15 22:57:36,917 - VALO360 - DEBUG - 自動保存已禁用，跳過配置保存
2025-08-15 22:57:36,917 - VALO360 - DEBUG - 自動保存已禁用，跳過配置保存
2025-08-15 22:57:36,917 - VALO360 - DEBUG - 自動保存已禁用，跳過配置保存
2025-08-15 22:57:36,918 - VALO360 - DEBUG - 自動保存已禁用，跳過配置保存
2025-08-15 22:57:36,918 - VALO360 - DEBUG - 自動保存已禁用，跳過配置保存
2025-08-15 22:57:36,918 - VALO360 - DEBUG - 自動保存已禁用，跳過配置保存
2025-08-15 22:57:36,918 - VALO360 - DEBUG - 自動保存已禁用，跳過配置保存
2025-08-15 22:57:36,918 - VALO360 - DEBUG - 自動保存已禁用，跳過配置保存
2025-08-15 22:57:36,918 - VALO360 - DEBUG - 自動保存已禁用，跳過配置保存
2025-08-15 22:57:36,919 - VALO360 - DEBUG - 自動保存已禁用，跳過配置保存
2025-08-15 22:57:36,919 - VALO360 - DEBUG - 自動保存已禁用，跳過配置保存
2025-08-15 22:57:36,919 - VALO360 - DEBUG - 自動保存已禁用，跳過配置保存
2025-08-15 22:57:36,919 - VALO360 - DEBUG - 自動保存已禁用，跳過配置保存
2025-08-15 22:57:36,919 - VALO360 - DEBUG - 自動保存已禁用，跳過配置保存
2025-08-15 22:57:36,919 - VALO360 - DEBUG - 自動保存已禁用，跳過配置保存
2025-08-15 22:57:36,919 - VALO360 - DEBUG - 自動保存已禁用，跳過配置保存
2025-08-15 22:57:36,920 - VALO360 - DEBUG - 自動保存已禁用，跳過配置保存
2025-08-15 22:57:36,920 - VALO360 - DEBUG - 自動保存已禁用，跳過配置保存
2025-08-15 22:57:36,920 - VALO360 - DEBUG - 自動保存已禁用，跳過配置保存
2025-08-15 22:57:36,920 - VALO360 - DEBUG - 自動保存已禁用，跳過配置保存
2025-08-15 22:57:36,920 - VALO360 - DEBUG - 自動保存已禁用，跳過配置保存
2025-08-15 22:57:36,921 - VALO360 - DEBUG - 自動保存已禁用，跳過配置保存
2025-08-15 22:57:36,921 - VALO360 - DEBUG - 自動保存已禁用，跳過配置保存
2025-08-15 22:57:36,921 - VALO360 - DEBUG - 自動保存已禁用，跳過配置保存
2025-08-15 22:57:36,921 - VALO360 - DEBUG - 自動保存已禁用，跳過配置保存
2025-08-15 22:57:36,921 - VALO360 - DEBUG - 自動保存已禁用，跳過配置保存
2025-08-15 22:57:36,922 - VALO360 - DEBUG - 自動保存已禁用，跳過配置保存
2025-08-15 22:57:36,922 - VALO360 - DEBUG - 自動保存已禁用，跳過配置保存
2025-08-15 22:57:36,922 - VALO360 - DEBUG - 自動保存已禁用，跳過配置保存
2025-08-15 22:57:36,922 - VALO360 - DEBUG - 自動保存已禁用，跳過配置保存
2025-08-15 22:57:36,922 - VALO360 - DEBUG - 自動保存已禁用，跳過配置保存
2025-08-15 22:57:36,922 - VALO360 - DEBUG - 自動保存已禁用，跳過配置保存
2025-08-15 22:57:36,922 - VALO360 - DEBUG - 自動保存已禁用，跳過配置保存
2025-08-15 22:57:36,923 - VALO360 - DEBUG - 自動保存已禁用，跳過配置保存
2025-08-15 22:57:36,923 - VALO360 - DEBUG - 自動保存已禁用，跳過配置保存
2025-08-15 22:57:36,923 - VALO360 - DEBUG - 自動保存已禁用，跳過配置保存
2025-08-15 22:57:36,923 - VALO360 - DEBUG - 自動保存已禁用，跳過配置保存
2025-08-15 22:57:36,923 - VALO360 - DEBUG - 自動保存已禁用，跳過配置保存
2025-08-15 22:57:36,924 - VALO360 - DEBUG - 自動保存已禁用，跳過配置保存
2025-08-15 22:57:36,924 - VALO360 - DEBUG - 自動保存已禁用，跳過配置保存
2025-08-15 22:57:36,924 - VALO360 - DEBUG - 自動保存已禁用，跳過配置保存
2025-08-15 22:57:36,924 - VALO360 - DEBUG - 自動保存已禁用，跳過配置保存
2025-08-15 22:57:36,924 - VALO360 - DEBUG - 自動保存已禁用，跳過配置保存
2025-08-15 22:57:36,924 - VALO360 - DEBUG - 自動保存已禁用，跳過配置保存
2025-08-15 22:57:36,924 - VALO360 - DEBUG - 自動保存已禁用，跳過配置保存
2025-08-15 22:57:36,925 - VALO360 - DEBUG - 自動保存已禁用，跳過配置保存
2025-08-15 22:57:36,925 - VALO360 - DEBUG - 自動保存已禁用，跳過配置保存
2025-08-15 22:57:36,925 - VALO360 - DEBUG - 自動保存已禁用，跳過配置保存
2025-08-15 22:57:36,925 - VALO360 - DEBUG - 自動保存已禁用，跳過配置保存
2025-08-15 22:57:36,925 - VALO360 - DEBUG - 自動保存已禁用，跳過配置保存
2025-08-15 22:57:36,925 - VALO360 - DEBUG - 自動保存已禁用，跳過配置保存
2025-08-15 22:57:36,926 - VALO360 - DEBUG - 自動保存已禁用，跳過配置保存
2025-08-15 22:57:36,926 - VALO360 - DEBUG - 自動保存已禁用，跳過配置保存
2025-08-15 22:57:36,926 - VALO360 - DEBUG - 自動保存已禁用，跳過配置保存
2025-08-15 22:57:36,927 - VALO360 - DEBUG - 自動保存已禁用，跳過配置保存
2025-08-15 22:57:36,927 - VALO360 - DEBUG - 自動保存已禁用，跳過配置保存
2025-08-15 22:57:36,927 - VALO360 - DEBUG - 自動保存已禁用，跳過配置保存
2025-08-15 22:57:36,927 - VALO360 - DEBUG - 自動保存已禁用，跳過配置保存
2025-08-15 22:57:36,927 - VALO360 - DEBUG - 自動保存已禁用，跳過配置保存
2025-08-15 22:57:36,927 - VALO360 - DEBUG - 自動保存已禁用，跳過配置保存
2025-08-15 22:57:36,927 - VALO360 - DEBUG - 自動保存已禁用，跳過配置保存
2025-08-15 22:57:36,928 - VALO360 - DEBUG - 自動保存已禁用，跳過配置保存
2025-08-15 22:57:36,928 - VALO360 - DEBUG - 自動保存已禁用，跳過配置保存
2025-08-15 22:57:36,928 - VALO360 - DEBUG - 自動保存已禁用，跳過配置保存
2025-08-15 22:57:36,928 - VALO360 - DEBUG - 自動保存已禁用，跳過配置保存
2025-08-15 22:57:36,930 - VALO360 - DEBUG - 自動保存已禁用，跳過配置保存
2025-08-15 22:57:36,930 - VALO360 - DEBUG - 自動保存已禁用，跳過配置保存
2025-08-15 22:57:36,930 - VALO360 - DEBUG - 自動保存已禁用，跳過配置保存
2025-08-15 22:57:36,930 - VALO360 - DEBUG - 自動保存已禁用，跳過配置保存
2025-08-15 22:57:36,930 - VALO360 - DEBUG - 自動保存已禁用，跳過配置保存
2025-08-15 22:57:36,930 - VALO360 - DEBUG - 自動保存已禁用，跳過配置保存
2025-08-15 22:57:36,931 - VALO360 - DEBUG - 自動保存已禁用，跳過配置保存
2025-08-15 22:57:36,931 - VALO360 - DEBUG - 自動保存已禁用，跳過配置保存
2025-08-15 22:57:36,931 - VALO360 - DEBUG - 自動保存已禁用，跳過配置保存
2025-08-15 22:57:36,931 - VALO360 - DEBUG - 自動保存已禁用，跳過配置保存
2025-08-15 22:57:36,931 - VALO360 - DEBUG - 自動保存已禁用，跳過配置保存
2025-08-15 22:57:36,931 - VALO360 - DEBUG - 自動保存已禁用，跳過配置保存
2025-08-15 22:57:36,946 - VALO360 - DEBUG - 自動保存已禁用，跳過配置保存
2025-08-15 22:57:36,946 - VALO360 - DEBUG - 自動保存已禁用，跳過配置保存
2025-08-15 22:57:36,946 - VALO360 - DEBUG - 自動保存已禁用，跳過配置保存
2025-08-15 22:57:36,946 - VALO360 - DEBUG - 自動保存已禁用，跳過配置保存
2025-08-15 22:57:36,953 - VALO360 - DEBUG - 自動保存已禁用，跳過配置保存
2025-08-15 22:57:36,953 - VALO360 - DEBUG - 自動保存已禁用，跳過配置保存
2025-08-15 22:57:36,953 - VALO360 - DEBUG - 自動保存已禁用，跳過配置保存
2025-08-15 22:57:36,953 - VALO360 - DEBUG - 自動保存已禁用，跳過配置保存
2025-08-15 22:57:36,954 - VALO360 - DEBUG - 自動保存已禁用，跳過配置保存
2025-08-15 22:57:36,954 - VALO360 - DEBUG - 自動保存已禁用，跳過配置保存
2025-08-15 22:57:36,955 - VALO360 - DEBUG - 自動保存已禁用，跳過配置保存
2025-08-15 22:57:36,955 - VALO360 - DEBUG - 自動保存已禁用，跳過配置保存
2025-08-15 22:57:36,956 - VALO360 - DEBUG - 自動保存已禁用，跳過配置保存
2025-08-15 22:57:36,956 - VALO360 - DEBUG - 自動保存已禁用，跳過配置保存
2025-08-15 22:57:36,956 - VALO360 - DEBUG - 自動保存已禁用，跳過配置保存
2025-08-15 22:57:36,956 - VALO360 - DEBUG - 自動保存已禁用，跳過配置保存
2025-08-15 22:57:36,957 - VALO360 - DEBUG - 自動保存已禁用，跳過配置保存
2025-08-15 22:57:36,957 - VALO360 - DEBUG - 自動保存已禁用，跳過配置保存
2025-08-15 22:57:36,957 - VALO360 - DEBUG - 自動保存已禁用，跳過配置保存
2025-08-15 22:57:36,957 - VALO360 - DEBUG - 自動保存已禁用，跳過配置保存
2025-08-15 22:57:36,958 - VALO360 - DEBUG - 自動保存已禁用，跳過配置保存
2025-08-15 22:57:36,958 - VALO360 - DEBUG - 自動保存已禁用，跳過配置保存
2025-08-15 22:57:36,959 - VALO360 - DEBUG - 自動保存已禁用，跳過配置保存
2025-08-15 22:57:36,959 - VALO360 - DEBUG - 自動保存已禁用，跳過配置保存
2025-08-15 22:57:36,960 - VALO360 - DEBUG - 自動保存已禁用，跳過配置保存
2025-08-15 22:57:36,960 - VALO360 - DEBUG - 自動保存已禁用，跳過配置保存
2025-08-15 22:57:36,960 - VALO360 - DEBUG - 自動保存已禁用，跳過配置保存
2025-08-15 22:57:36,960 - VALO360 - DEBUG - 自動保存已禁用，跳過配置保存
2025-08-15 22:57:36,961 - VALO360 - DEBUG - 自動保存已禁用，跳過配置保存
2025-08-15 22:57:36,962 - VALO360 - DEBUG - 自動保存已禁用，跳過配置保存
2025-08-15 22:57:36,962 - VALO360 - DEBUG - 自動保存已禁用，跳過配置保存
2025-08-15 22:57:36,962 - VALO360 - DEBUG - 自動保存已禁用，跳過配置保存
2025-08-15 22:57:36,964 - VALO360 - DEBUG - 自動保存已禁用，跳過配置保存
2025-08-15 22:57:36,964 - VALO360 - DEBUG - 自動保存已禁用，跳過配置保存
2025-08-15 22:57:36,964 - VALO360 - DEBUG - 自動保存已禁用，跳過配置保存
2025-08-15 22:57:36,964 - VALO360 - DEBUG - 自動保存已禁用，跳過配置保存
2025-08-15 22:57:36,964 - VALO360 - DEBUG - 自動保存已禁用，跳過配置保存
2025-08-15 22:57:36,965 - VALO360 - DEBUG - 自動保存已禁用，跳過配置保存
2025-08-15 22:57:36,965 - VALO360 - DEBUG - 自動保存已禁用，跳過配置保存
2025-08-15 22:57:36,965 - VALO360 - DEBUG - 自動保存已禁用，跳過配置保存
2025-08-15 22:57:36,967 - VALO360 - DEBUG - 自動保存已禁用，跳過配置保存
2025-08-15 22:57:36,967 - VALO360 - DEBUG - 自動保存已禁用，跳過配置保存
2025-08-15 22:57:36,967 - VALO360 - DEBUG - 自動保存已禁用，跳過配置保存
2025-08-15 22:57:36,968 - VALO360 - DEBUG - 自動保存已禁用，跳過配置保存
2025-08-15 22:57:36,969 - VALO360 - DEBUG - 自動保存已禁用，跳過配置保存
2025-08-15 22:57:36,969 - VALO360 - DEBUG - 自動保存已禁用，跳過配置保存
2025-08-15 22:57:36,969 - VALO360 - DEBUG - 自動保存已禁用，跳過配置保存
2025-08-15 22:57:36,970 - VALO360 - DEBUG - 自動保存已禁用，跳過配置保存
2025-08-15 22:57:36,971 - VALO360 - DEBUG - 自動保存已禁用，跳過配置保存
2025-08-15 22:57:36,971 - VALO360 - DEBUG - 自動保存已禁用，跳過配置保存
2025-08-15 22:57:36,971 - VALO360 - DEBUG - 自動保存已禁用，跳過配置保存
2025-08-15 22:57:36,971 - VALO360 - DEBUG - 自動保存已禁用，跳過配置保存
2025-08-15 22:57:36,972 - VALO360 - DEBUG - 自動保存已禁用，跳過配置保存
2025-08-15 22:57:36,972 - VALO360 - DEBUG - 自動保存已禁用，跳過配置保存
2025-08-15 22:57:36,973 - VALO360 - DEBUG - 自動保存已禁用，跳過配置保存
2025-08-15 22:57:36,973 - VALO360 - DEBUG - 自動保存已禁用，跳過配置保存
2025-08-15 22:57:36,974 - VALO360 - DEBUG - 自動保存已禁用，跳過配置保存
2025-08-15 22:57:36,974 - VALO360 - DEBUG - 自動保存已禁用，跳過配置保存
2025-08-15 22:57:36,974 - VALO360 - DEBUG - 自動保存已禁用，跳過配置保存
2025-08-15 22:57:36,974 - VALO360 - DEBUG - 自動保存已禁用，跳過配置保存
2025-08-15 22:57:36,975 - VALO360 - DEBUG - 自動保存已禁用，跳過配置保存
2025-08-15 22:57:36,975 - VALO360 - DEBUG - 自動保存已禁用，跳過配置保存
2025-08-15 22:57:36,975 - VALO360 - DEBUG - 自動保存已禁用，跳過配置保存
2025-08-15 22:57:36,975 - VALO360 - DEBUG - 自動保存已禁用，跳過配置保存
2025-08-15 22:57:36,980 - VALO360 - DEBUG - 自動保存已禁用，跳過配置保存
2025-08-15 22:57:36,980 - VALO360 - DEBUG - 自動保存已禁用，跳過配置保存
2025-08-15 22:57:36,981 - VALO360 - DEBUG - 自動保存已禁用，跳過配置保存
2025-08-15 22:57:36,981 - VALO360 - DEBUG - 自動保存已禁用，跳過配置保存
2025-08-15 22:57:36,981 - VALO360 - DEBUG - 自動保存已禁用，跳過配置保存
2025-08-15 22:57:36,982 - VALO360 - DEBUG - 自動保存已禁用，跳過配置保存
2025-08-15 22:57:36,982 - VALO360 - DEBUG - 自動保存已禁用，跳過配置保存
2025-08-15 22:57:36,982 - VALO360 - DEBUG - 自動保存已禁用，跳過配置保存
2025-08-15 22:57:36,982 - VALO360 - DEBUG - 自動保存已禁用，跳過配置保存
2025-08-15 22:57:36,982 - VALO360 - DEBUG - 自動保存已禁用，跳過配置保存
2025-08-15 22:57:36,983 - VALO360 - DEBUG - 自動保存已禁用，跳過配置保存
2025-08-15 22:57:36,983 - VALO360 - DEBUG - 自動保存已禁用，跳過配置保存
2025-08-15 22:57:36,984 - VALO360 - DEBUG - 自動保存已禁用，跳過配置保存
2025-08-15 22:57:36,984 - VALO360 - DEBUG - 自動保存已禁用，跳過配置保存
2025-08-15 22:57:36,984 - VALO360 - DEBUG - 自動保存已禁用，跳過配置保存
2025-08-15 22:57:36,984 - VALO360 - DEBUG - 自動保存已禁用，跳過配置保存
2025-08-15 22:57:36,985 - VALO360 - DEBUG - 自動保存已禁用，跳過配置保存
2025-08-15 22:57:36,985 - VALO360 - DEBUG - 自動保存已禁用，跳過配置保存
2025-08-15 22:57:36,985 - VALO360 - DEBUG - 自動保存已禁用，跳過配置保存
2025-08-15 22:57:36,985 - VALO360 - DEBUG - 自動保存已禁用，跳過配置保存
2025-08-15 22:57:36,986 - VALO360 - DEBUG - 自動保存已禁用，跳過配置保存
2025-08-15 22:57:36,986 - VALO360 - DEBUG - 自動保存已禁用，跳過配置保存
2025-08-15 22:57:36,986 - VALO360 - DEBUG - 自動保存已禁用，跳過配置保存
2025-08-15 22:57:36,986 - VALO360 - DEBUG - 自動保存已禁用，跳過配置保存
2025-08-15 22:57:36,987 - VALO360 - DEBUG - 自動保存已禁用，跳過配置保存
2025-08-15 22:57:36,988 - VALO360 - DEBUG - 自動保存已禁用，跳過配置保存
2025-08-15 22:57:36,988 - VALO360 - DEBUG - 自動保存已禁用，跳過配置保存
2025-08-15 22:57:36,988 - VALO360 - DEBUG - 自動保存已禁用，跳過配置保存
2025-08-15 22:57:36,998 - VALO360 - DEBUG - 自動保存已禁用，跳過配置保存
2025-08-15 22:57:36,998 - VALO360 - DEBUG - 自動保存已禁用，跳過配置保存
2025-08-15 22:57:36,998 - VALO360 - DEBUG - 自動保存已禁用，跳過配置保存
2025-08-15 22:57:36,998 - VALO360 - DEBUG - 自動保存已禁用，跳過配置保存
2025-08-15 22:57:36,999 - VALO360 - DEBUG - 自動保存已禁用，跳過配置保存
2025-08-15 22:57:36,999 - VALO360 - DEBUG - 自動保存已禁用，跳過配置保存
2025-08-15 22:57:36,999 - VALO360 - DEBUG - 自動保存已禁用，跳過配置保存
2025-08-15 22:57:36,999 - VALO360 - DEBUG - 自動保存已禁用，跳過配置保存
2025-08-15 22:57:37,003 - VALO360 - DEBUG - 自動保存已禁用，跳過配置保存
2025-08-15 22:57:37,003 - VALO360 - DEBUG - 自動保存已禁用，跳過配置保存
2025-08-15 22:57:37,003 - VALO360 - DEBUG - 自動保存已禁用，跳過配置保存
2025-08-15 22:57:37,003 - VALO360 - DEBUG - 自動保存已禁用，跳過配置保存
2025-08-15 22:57:37,004 - VALO360 - DEBUG - 自動保存已禁用，跳過配置保存
2025-08-15 22:57:37,004 - VALO360 - DEBUG - 自動保存已禁用，跳過配置保存
2025-08-15 22:57:37,004 - VALO360 - DEBUG - 自動保存已禁用，跳過配置保存
2025-08-15 22:57:37,004 - VALO360 - DEBUG - 自動保存已禁用，跳過配置保存
2025-08-15 22:57:37,004 - VALO360 - DEBUG - 自動保存已禁用，跳過配置保存
2025-08-15 22:57:37,005 - VALO360 - DEBUG - 自動保存已禁用，跳過配置保存
2025-08-15 22:57:37,005 - VALO360 - DEBUG - 自動保存已禁用，跳過配置保存
2025-08-15 22:57:37,005 - VALO360 - DEBUG - 自動保存已禁用，跳過配置保存
2025-08-15 22:57:37,006 - VALO360 - DEBUG - 自動保存已禁用，跳過配置保存
2025-08-15 22:57:37,006 - VALO360 - DEBUG - 自動保存已禁用，跳過配置保存
2025-08-15 22:57:37,006 - VALO360 - DEBUG - 自動保存已禁用，跳過配置保存
2025-08-15 22:57:37,006 - VALO360 - DEBUG - 自動保存已禁用，跳過配置保存
2025-08-15 22:57:37,006 - VALO360 - DEBUG - 自動保存已禁用，跳過配置保存
2025-08-15 22:57:37,006 - VALO360 - DEBUG - 自動保存已禁用，跳過配置保存
2025-08-15 22:57:37,007 - VALO360 - DEBUG - 自動保存已禁用，跳過配置保存
2025-08-15 22:57:37,007 - VALO360 - DEBUG - 自動保存已禁用，跳過配置保存
2025-08-15 22:57:37,010 - VALO360 - DEBUG - 自動保存已禁用，跳過配置保存
2025-08-15 22:57:37,010 - VALO360 - DEBUG - 自動保存已禁用，跳過配置保存
2025-08-15 22:57:37,010 - VALO360 - DEBUG - 自動保存已禁用，跳過配置保存
2025-08-15 22:57:37,011 - VALO360 - DEBUG - 自動保存已禁用，跳過配置保存
2025-08-15 22:57:37,011 - VALO360 - DEBUG - 自動保存已禁用，跳過配置保存
2025-08-15 22:57:37,011 - VALO360 - DEBUG - 自動保存已禁用，跳過配置保存
2025-08-15 22:57:37,011 - VALO360 - DEBUG - 自動保存已禁用，跳過配置保存
2025-08-15 22:57:37,011 - VALO360 - DEBUG - 自動保存已禁用，跳過配置保存
2025-08-15 22:57:37,064 - VALO360 - DEBUG - 自動保存已禁用，跳過配置保存
2025-08-15 22:57:37,064 - VALO360 - DEBUG - 自動保存已禁用，跳過配置保存
2025-08-15 22:57:37,065 - VALO360 - DEBUG - 自動保存已禁用，跳過配置保存
2025-08-15 22:57:37,065 - VALO360 - DEBUG - 自動保存已禁用，跳過配置保存
2025-08-15 22:57:37,065 - VALO360 - DEBUG - 自動保存已禁用，跳過配置保存
2025-08-15 22:57:37,065 - VALO360 - DEBUG - 自動保存已禁用，跳過配置保存
2025-08-15 22:57:37,065 - VALO360 - DEBUG - 自動保存已禁用，跳過配置保存
2025-08-15 22:57:37,066 - VALO360 - DEBUG - 自動保存已禁用，跳過配置保存
2025-08-15 22:57:37,066 - VALO360 - DEBUG - 自動保存已禁用，跳過配置保存
2025-08-15 22:57:37,066 - VALO360 - DEBUG - 自動保存已禁用，跳過配置保存
2025-08-15 22:57:37,066 - VALO360 - DEBUG - 自動保存已禁用，跳過配置保存
2025-08-15 22:57:37,066 - VALO360 - DEBUG - 自動保存已禁用，跳過配置保存
2025-08-15 22:57:37,067 - VALO360 - DEBUG - 自動保存已禁用，跳過配置保存
2025-08-15 22:57:37,067 - VALO360 - DEBUG - 自動保存已禁用，跳過配置保存
2025-08-15 22:57:37,067 - VALO360 - DEBUG - 自動保存已禁用，跳過配置保存
2025-08-15 22:57:37,067 - VALO360 - DEBUG - 自動保存已禁用，跳過配置保存
2025-08-15 22:57:37,068 - VALO360 - DEBUG - 自動保存已禁用，跳過配置保存
2025-08-15 22:57:37,068 - VALO360 - DEBUG - 自動保存已禁用，跳過配置保存
2025-08-15 22:57:37,068 - VALO360 - DEBUG - 自動保存已禁用，跳過配置保存
2025-08-15 22:57:37,068 - VALO360 - DEBUG - 自動保存已禁用，跳過配置保存
2025-08-15 22:57:37,068 - VALO360 - DEBUG - 自動保存已禁用，跳過配置保存
2025-08-15 22:57:37,069 - VALO360 - DEBUG - 自動保存已禁用，跳過配置保存
2025-08-15 22:57:37,069 - VALO360 - DEBUG - 自動保存已禁用，跳過配置保存
2025-08-15 22:57:37,069 - VALO360 - DEBUG - 自動保存已禁用，跳過配置保存
2025-08-15 22:57:37,069 - VALO360 - DEBUG - 自動保存已禁用，跳過配置保存
2025-08-15 22:57:37,069 - VALO360 - DEBUG - 自動保存已禁用，跳過配置保存
2025-08-15 22:57:37,069 - VALO360 - DEBUG - 自動保存已禁用，跳過配置保存
2025-08-15 22:57:37,070 - VALO360 - DEBUG - 自動保存已禁用，跳過配置保存
2025-08-15 22:57:37,072 - VALO360 - DEBUG - 自動保存已禁用，跳過配置保存
2025-08-15 22:57:37,072 - VALO360 - DEBUG - 自動保存已禁用，跳過配置保存
2025-08-15 22:57:37,072 - VALO360 - DEBUG - 自動保存已禁用，跳過配置保存
2025-08-15 22:57:37,072 - VALO360 - DEBUG - 自動保存已禁用，跳過配置保存
2025-08-15 22:57:37,073 - VALO360 - DEBUG - 自動保存已禁用，跳過配置保存
2025-08-15 22:57:37,073 - VALO360 - DEBUG - 自動保存已禁用，跳過配置保存
2025-08-15 22:57:37,073 - VALO360 - DEBUG - 自動保存已禁用，跳過配置保存
2025-08-15 22:57:37,073 - VALO360 - DEBUG - 自動保存已禁用，跳過配置保存
2025-08-15 22:57:37,074 - VALO360 - DEBUG - 自動保存已禁用，跳過配置保存
2025-08-15 22:57:37,074 - VALO360 - DEBUG - 自動保存已禁用，跳過配置保存
2025-08-15 22:57:37,074 - VALO360 - DEBUG - 自動保存已禁用，跳過配置保存
2025-08-15 22:57:37,074 - VALO360 - DEBUG - 自動保存已禁用，跳過配置保存
2025-08-15 22:57:37,077 - VALO360 - DEBUG - 自動保存已禁用，跳過配置保存
2025-08-15 22:57:37,077 - VALO360 - DEBUG - 自動保存已禁用，跳過配置保存
2025-08-15 22:57:37,077 - VALO360 - DEBUG - 自動保存已禁用，跳過配置保存
2025-08-15 22:57:37,078 - VALO360 - DEBUG - 自動保存已禁用，跳過配置保存
2025-08-15 22:57:37,078 - VALO360 - DEBUG - 自動保存已禁用，跳過配置保存
2025-08-15 22:57:37,078 - VALO360 - DEBUG - 自動保存已禁用，跳過配置保存
2025-08-15 22:57:37,078 - VALO360 - DEBUG - 自動保存已禁用，跳過配置保存
2025-08-15 22:57:37,079 - VALO360 - DEBUG - 自動保存已禁用，跳過配置保存
2025-08-15 22:57:37,080 - VALO360 - DEBUG - 自動保存已禁用，跳過配置保存
2025-08-15 22:57:37,080 - VALO360 - DEBUG - 自動保存已禁用，跳過配置保存
2025-08-15 22:57:37,080 - VALO360 - DEBUG - 自動保存已禁用，跳過配置保存
2025-08-15 22:57:37,080 - VALO360 - DEBUG - 自動保存已禁用，跳過配置保存
2025-08-15 22:57:37,081 - VALO360 - DEBUG - 自動保存已禁用，跳過配置保存
2025-08-15 22:57:37,081 - VALO360 - DEBUG - 自動保存已禁用，跳過配置保存
2025-08-15 22:57:37,081 - VALO360 - DEBUG - 自動保存已禁用，跳過配置保存
2025-08-15 22:57:37,081 - VALO360 - DEBUG - 自動保存已禁用，跳過配置保存
2025-08-15 22:57:37,083 - VALO360 - DEBUG - 自動保存已禁用，跳過配置保存
2025-08-15 22:57:37,083 - VALO360 - DEBUG - 自動保存已禁用，跳過配置保存
2025-08-15 22:57:37,083 - VALO360 - DEBUG - 自動保存已禁用，跳過配置保存
2025-08-15 22:57:37,083 - VALO360 - DEBUG - 自動保存已禁用，跳過配置保存
2025-08-15 22:57:37,084 - VALO360 - DEBUG - 自動保存已禁用，跳過配置保存
2025-08-15 22:57:37,085 - VALO360 - DEBUG - 自動保存已禁用，跳過配置保存
2025-08-15 22:57:37,085 - VALO360 - DEBUG - 自動保存已禁用，跳過配置保存
2025-08-15 22:57:37,085 - VALO360 - DEBUG - 自動保存已禁用，跳過配置保存
2025-08-15 22:57:37,085 - VALO360 - DEBUG - 自動保存已禁用，跳過配置保存
2025-08-15 22:57:37,085 - VALO360 - DEBUG - 自動保存已禁用，跳過配置保存
2025-08-15 22:57:37,085 - VALO360 - DEBUG - 自動保存已禁用，跳過配置保存
2025-08-15 22:57:37,086 - VALO360 - DEBUG - 自動保存已禁用，跳過配置保存
2025-08-15 22:57:37,086 - VALO360 - DEBUG - 自動保存已禁用，跳過配置保存
2025-08-15 22:57:37,086 - VALO360 - DEBUG - 自動保存已禁用，跳過配置保存
2025-08-15 22:57:37,086 - VALO360 - DEBUG - 自動保存已禁用，跳過配置保存
2025-08-15 22:57:37,086 - VALO360 - DEBUG - 自動保存已禁用，跳過配置保存
2025-08-15 22:57:37,087 - VALO360 - DEBUG - 自動保存已禁用，跳過配置保存
2025-08-15 22:57:37,087 - VALO360 - DEBUG - 自動保存已禁用，跳過配置保存
2025-08-15 22:57:37,087 - VALO360 - DEBUG - 自動保存已禁用，跳過配置保存
2025-08-15 22:57:37,087 - VALO360 - DEBUG - 自動保存已禁用，跳過配置保存
2025-08-15 22:57:37,093 - VALO360 - DEBUG - 自動保存已禁用，跳過配置保存
2025-08-15 22:57:37,093 - VALO360 - DEBUG - 自動保存已禁用，跳過配置保存
2025-08-15 22:57:37,093 - VALO360 - DEBUG - 自動保存已禁用，跳過配置保存
2025-08-15 22:57:37,093 - VALO360 - DEBUG - 自動保存已禁用，跳過配置保存
2025-08-15 22:57:37,102 - VALO360 - DEBUG - 自動保存已禁用，跳過配置保存
2025-08-15 22:57:37,102 - VALO360 - DEBUG - 自動保存已禁用，跳過配置保存
2025-08-15 22:57:37,102 - VALO360 - DEBUG - 自動保存已禁用，跳過配置保存
2025-08-15 22:57:37,102 - VALO360 - DEBUG - 自動保存已禁用，跳過配置保存
2025-08-15 22:57:37,102 - VALO360 - DEBUG - 自動保存已禁用，跳過配置保存
2025-08-15 22:57:37,103 - VALO360 - DEBUG - 自動保存已禁用，跳過配置保存
2025-08-15 22:57:37,103 - VALO360 - DEBUG - 自動保存已禁用，跳過配置保存
2025-08-15 22:57:37,103 - VALO360 - DEBUG - 自動保存已禁用，跳過配置保存
2025-08-15 22:57:37,103 - VALO360 - DEBUG - 自動保存已禁用，跳過配置保存
2025-08-15 22:57:37,103 - VALO360 - DEBUG - 自動保存已禁用，跳過配置保存
2025-08-15 22:57:37,103 - VALO360 - DEBUG - 自動保存已禁用，跳過配置保存
2025-08-15 22:57:37,104 - VALO360 - DEBUG - 自動保存已禁用，跳過配置保存
2025-08-15 22:57:37,104 - VALO360 - DEBUG - 自動保存已禁用，跳過配置保存
2025-08-15 22:57:37,104 - VALO360 - DEBUG - 自動保存已禁用，跳過配置保存
2025-08-15 22:57:37,104 - VALO360 - DEBUG - 自動保存已禁用，跳過配置保存
2025-08-15 22:57:37,104 - VALO360 - DEBUG - 自動保存已禁用，跳過配置保存
2025-08-15 22:57:37,105 - VALO360 - DEBUG - 自動保存已禁用，跳過配置保存
2025-08-15 22:57:37,105 - VALO360 - DEBUG - 自動保存已禁用，跳過配置保存
2025-08-15 22:57:37,105 - VALO360 - DEBUG - 自動保存已禁用，跳過配置保存
2025-08-15 22:57:37,105 - VALO360 - DEBUG - 自動保存已禁用，跳過配置保存
2025-08-15 22:57:37,106 - VALO360 - DEBUG - 自動保存已禁用，跳過配置保存
2025-08-15 22:57:37,106 - VALO360 - DEBUG - 自動保存已禁用，跳過配置保存
2025-08-15 22:57:37,106 - VALO360 - DEBUG - 自動保存已禁用，跳過配置保存
2025-08-15 22:57:37,106 - VALO360 - DEBUG - 自動保存已禁用，跳過配置保存
2025-08-15 22:57:37,106 - VALO360 - DEBUG - 自動保存已禁用，跳過配置保存
2025-08-15 22:57:37,106 - VALO360 - DEBUG - 自動保存已禁用，跳過配置保存
2025-08-15 22:57:37,106 - VALO360 - DEBUG - 自動保存已禁用，跳過配置保存
2025-08-15 22:57:37,107 - VALO360 - DEBUG - 自動保存已禁用，跳過配置保存
2025-08-15 22:57:37,107 - VALO360 - DEBUG - 自動保存已禁用，跳過配置保存
2025-08-15 22:57:37,107 - VALO360 - DEBUG - 自動保存已禁用，跳過配置保存
2025-08-15 22:57:37,107 - VALO360 - DEBUG - 自動保存已禁用，跳過配置保存
2025-08-15 22:57:37,107 - VALO360 - DEBUG - 自動保存已禁用，跳過配置保存
2025-08-15 22:57:37,107 - VALO360 - DEBUG - 自動保存已禁用，跳過配置保存
2025-08-15 22:57:37,108 - VALO360 - DEBUG - 自動保存已禁用，跳過配置保存
2025-08-15 22:57:37,108 - VALO360 - DEBUG - 自動保存已禁用，跳過配置保存
2025-08-15 22:57:37,108 - VALO360 - DEBUG - 自動保存已禁用，跳過配置保存
2025-08-15 22:57:37,108 - VALO360 - DEBUG - 自動保存已禁用，跳過配置保存
2025-08-15 22:57:37,108 - VALO360 - DEBUG - 自動保存已禁用，跳過配置保存
2025-08-15 22:57:37,108 - VALO360 - DEBUG - 自動保存已禁用，跳過配置保存
2025-08-15 22:57:37,109 - VALO360 - DEBUG - 自動保存已禁用，跳過配置保存
2025-08-15 22:57:37,109 - VALO360 - DEBUG - 自動保存已禁用，跳過配置保存
2025-08-15 22:57:37,109 - VALO360 - DEBUG - 自動保存已禁用，跳過配置保存
2025-08-15 22:57:37,109 - VALO360 - DEBUG - 自動保存已禁用，跳過配置保存
2025-08-15 22:57:37,109 - VALO360 - DEBUG - 自動保存已禁用，跳過配置保存
2025-08-15 22:57:37,110 - VALO360 - DEBUG - 自動保存已禁用，跳過配置保存
2025-08-15 22:57:37,110 - VALO360 - DEBUG - 自動保存已禁用，跳過配置保存
2025-08-15 22:57:37,110 - VALO360 - DEBUG - 自動保存已禁用，跳過配置保存
2025-08-15 22:57:37,110 - VALO360 - DEBUG - 自動保存已禁用，跳過配置保存
2025-08-15 22:57:37,110 - VALO360 - DEBUG - 自動保存已禁用，跳過配置保存
2025-08-15 22:57:37,110 - VALO360 - DEBUG - 自動保存已禁用，跳過配置保存
2025-08-15 22:57:37,110 - VALO360 - DEBUG - 自動保存已禁用，跳過配置保存
2025-08-15 22:57:37,111 - VALO360 - DEBUG - 自動保存已禁用，跳過配置保存
2025-08-15 22:57:37,111 - VALO360 - DEBUG - 自動保存已禁用，跳過配置保存
2025-08-15 22:57:37,111 - VALO360 - DEBUG - 自動保存已禁用，跳過配置保存
2025-08-15 22:57:37,111 - VALO360 - DEBUG - 自動保存已禁用，跳過配置保存
2025-08-15 22:57:37,111 - VALO360 - DEBUG - 自動保存已禁用，跳過配置保存
2025-08-15 22:57:37,111 - VALO360 - DEBUG - 自動保存已禁用，跳過配置保存
2025-08-15 22:57:37,112 - VALO360 - DEBUG - 自動保存已禁用，跳過配置保存
2025-08-15 22:57:37,112 - VALO360 - DEBUG - 自動保存已禁用，跳過配置保存
2025-08-15 22:57:37,112 - VALO360 - DEBUG - 自動保存已禁用，跳過配置保存
2025-08-15 22:57:37,112 - VALO360 - DEBUG - 自動保存已禁用，跳過配置保存
2025-08-15 22:57:37,112 - VALO360 - DEBUG - 自動保存已禁用，跳過配置保存
2025-08-15 22:57:37,112 - VALO360 - DEBUG - 自動保存已禁用，跳過配置保存
2025-08-15 22:57:37,113 - VALO360 - DEBUG - 自動保存已禁用，跳過配置保存
2025-08-15 22:57:37,113 - VALO360 - DEBUG - 自動保存已禁用，跳過配置保存
2025-08-15 22:57:37,113 - VALO360 - DEBUG - 自動保存已禁用，跳過配置保存
2025-08-15 22:57:37,113 - VALO360 - DEBUG - 自動保存已禁用，跳過配置保存
2025-08-15 22:57:37,113 - VALO360 - DEBUG - 自動保存已禁用，跳過配置保存
2025-08-15 22:57:37,113 - VALO360 - DEBUG - 自動保存已禁用，跳過配置保存
2025-08-15 22:57:37,114 - VALO360 - DEBUG - 自動保存已禁用，跳過配置保存
2025-08-15 22:57:37,114 - VALO360 - DEBUG - 自動保存已禁用，跳過配置保存
2025-08-15 22:57:37,114 - VALO360 - DEBUG - 自動保存已禁用，跳過配置保存
2025-08-15 22:57:37,114 - VALO360 - DEBUG - 自動保存已禁用，跳過配置保存
2025-08-15 22:57:37,114 - VALO360 - DEBUG - 自動保存已禁用，跳過配置保存
2025-08-15 22:57:37,114 - VALO360 - DEBUG - 自動保存已禁用，跳過配置保存
2025-08-15 22:57:37,114 - VALO360 - DEBUG - 自動保存已禁用，跳過配置保存
2025-08-15 22:57:37,115 - VALO360 - DEBUG - 自動保存已禁用，跳過配置保存
2025-08-15 22:57:37,115 - VALO360 - DEBUG - 自動保存已禁用，跳過配置保存
2025-08-15 22:57:37,115 - VALO360 - DEBUG - 自動保存已禁用，跳過配置保存
2025-08-15 22:57:37,115 - VALO360 - DEBUG - 自動保存已禁用，跳過配置保存
2025-08-15 22:57:37,115 - VALO360 - DEBUG - 自動保存已禁用，跳過配置保存
2025-08-15 22:57:37,115 - VALO360 - DEBUG - 自動保存已禁用，跳過配置保存
2025-08-15 22:57:37,116 - VALO360 - DEBUG - 自動保存已禁用，跳過配置保存
2025-08-15 22:57:37,116 - VALO360 - DEBUG - 自動保存已禁用，跳過配置保存
2025-08-15 22:57:37,116 - VALO360 - DEBUG - 自動保存已禁用，跳過配置保存
2025-08-15 22:57:37,116 - VALO360 - DEBUG - 自動保存已禁用，跳過配置保存
2025-08-15 22:57:37,116 - VALO360 - DEBUG - 自動保存已禁用，跳過配置保存
2025-08-15 22:57:37,116 - VALO360 - DEBUG - 自動保存已禁用，跳過配置保存
2025-08-15 22:57:37,117 - VALO360 - DEBUG - 自動保存已禁用，跳過配置保存
2025-08-15 22:57:37,117 - VALO360 - DEBUG - 自動保存已禁用，跳過配置保存
2025-08-15 22:57:37,117 - VALO360 - DEBUG - 自動保存已禁用，跳過配置保存
2025-08-15 22:57:37,117 - VALO360 - DEBUG - 自動保存已禁用，跳過配置保存
2025-08-15 22:57:37,117 - VALO360 - DEBUG - 自動保存已禁用，跳過配置保存
2025-08-15 22:57:37,117 - VALO360 - DEBUG - 自動保存已禁用，跳過配置保存
2025-08-15 22:57:37,118 - VALO360 - DEBUG - 自動保存已禁用，跳過配置保存
2025-08-15 22:57:37,118 - VALO360 - DEBUG - 自動保存已禁用，跳過配置保存
2025-08-15 22:57:37,118 - VALO360 - DEBUG - 自動保存已禁用，跳過配置保存
2025-08-15 22:57:37,118 - VALO360 - DEBUG - 自動保存已禁用，跳過配置保存
2025-08-15 22:57:37,118 - VALO360 - DEBUG - 自動保存已禁用，跳過配置保存
2025-08-15 22:57:37,118 - VALO360 - DEBUG - 自動保存已禁用，跳過配置保存
2025-08-15 22:57:37,119 - VALO360 - DEBUG - 自動保存已禁用，跳過配置保存
2025-08-15 22:57:37,119 - VALO360 - DEBUG - 自動保存已禁用，跳過配置保存
2025-08-15 22:57:37,119 - VALO360 - DEBUG - 自動保存已禁用，跳過配置保存
2025-08-15 22:57:37,119 - VALO360 - DEBUG - 自動保存已禁用，跳過配置保存
2025-08-15 22:57:37,119 - VALO360 - DEBUG - 自動保存已禁用，跳過配置保存
2025-08-15 22:57:37,119 - VALO360 - DEBUG - 自動保存已禁用，跳過配置保存
2025-08-15 22:57:37,120 - VALO360 - DEBUG - 自動保存已禁用，跳過配置保存
2025-08-15 22:57:37,120 - VALO360 - DEBUG - 自動保存已禁用，跳過配置保存
2025-08-15 22:57:37,121 - VALO360 - DEBUG - 自動保存已禁用，跳過配置保存
2025-08-15 22:57:37,121 - VALO360 - DEBUG - 自動保存已禁用，跳過配置保存
2025-08-15 22:57:37,121 - VALO360 - DEBUG - 自動保存已禁用，跳過配置保存
2025-08-15 22:57:37,121 - VALO360 - DEBUG - 自動保存已禁用，跳過配置保存
2025-08-15 22:57:37,207 - VALO360 - DEBUG - 自動保存已禁用，跳過配置保存
2025-08-15 22:57:37,207 - VALO360 - DEBUG - 自動保存已禁用，跳過配置保存
2025-08-15 22:57:37,207 - VALO360 - DEBUG - 自動保存已禁用，跳過配置保存
2025-08-15 22:57:37,207 - VALO360 - DEBUG - 自動保存已禁用，跳過配置保存
2025-08-15 22:57:37,207 - VALO360 - DEBUG - 自動保存已禁用，跳過配置保存
2025-08-15 22:57:37,208 - VALO360 - DEBUG - 自動保存已禁用，跳過配置保存
2025-08-15 22:57:37,208 - VALO360 - DEBUG - 自動保存已禁用，跳過配置保存
2025-08-15 22:57:37,208 - VALO360 - DEBUG - 自動保存已禁用，跳過配置保存
2025-08-15 22:57:37,211 - VALO360 - DEBUG - 自動保存已禁用，跳過配置保存
2025-08-15 22:57:37,211 - VALO360 - DEBUG - 自動保存已禁用，跳過配置保存
2025-08-15 22:57:37,212 - VALO360 - DEBUG - 自動保存已禁用，跳過配置保存
2025-08-15 22:57:37,212 - VALO360 - DEBUG - 自動保存已禁用，跳過配置保存
2025-08-15 22:57:37,212 - VALO360 - DEBUG - 自動保存已禁用，跳過配置保存
2025-08-15 22:57:37,212 - VALO360 - DEBUG - 自動保存已禁用，跳過配置保存
2025-08-15 22:57:37,212 - VALO360 - DEBUG - 自動保存已禁用，跳過配置保存
2025-08-15 22:57:37,212 - VALO360 - DEBUG - 自動保存已禁用，跳過配置保存
2025-08-15 22:57:37,219 - VALO360 - DEBUG - 自動保存已禁用，跳過配置保存
2025-08-15 22:57:37,219 - VALO360 - DEBUG - 自動保存已禁用，跳過配置保存
2025-08-15 22:57:37,219 - VALO360 - DEBUG - 自動保存已禁用，跳過配置保存
2025-08-15 22:57:37,220 - VALO360 - DEBUG - 自動保存已禁用，跳過配置保存
2025-08-15 22:57:37,220 - VALO360 - DEBUG - 自動保存已禁用，跳過配置保存
2025-08-15 22:57:37,220 - VALO360 - DEBUG - 自動保存已禁用，跳過配置保存
2025-08-15 22:57:37,220 - VALO360 - DEBUG - 自動保存已禁用，跳過配置保存
2025-08-15 22:57:37,220 - VALO360 - DEBUG - 自動保存已禁用，跳過配置保存
2025-08-15 22:57:37,228 - VALO360 - DEBUG - 自動保存已禁用，跳過配置保存
2025-08-15 22:57:37,229 - VALO360 - DEBUG - 自動保存已禁用，跳過配置保存
2025-08-15 22:57:37,229 - VALO360 - DEBUG - 自動保存已禁用，跳過配置保存
2025-08-15 22:57:37,229 - VALO360 - DEBUG - 自動保存已禁用，跳過配置保存
2025-08-15 22:57:37,229 - VALO360 - DEBUG - 自動保存已禁用，跳過配置保存
2025-08-15 22:57:37,229 - VALO360 - DEBUG - 自動保存已禁用，跳過配置保存
2025-08-15 22:57:37,229 - VALO360 - DEBUG - 自動保存已禁用，跳過配置保存
2025-08-15 22:57:37,229 - VALO360 - DEBUG - 自動保存已禁用，跳過配置保存
2025-08-15 22:57:37,235 - VALO360 - DEBUG - 自動保存已禁用，跳過配置保存
2025-08-15 22:57:37,235 - VALO360 - DEBUG - 自動保存已禁用，跳過配置保存
2025-08-15 22:57:37,235 - VALO360 - DEBUG - 自動保存已禁用，跳過配置保存
2025-08-15 22:57:37,236 - VALO360 - DEBUG - 自動保存已禁用，跳過配置保存
2025-08-15 22:57:37,236 - VALO360 - DEBUG - 自動保存已禁用，跳過配置保存
2025-08-15 22:57:37,236 - VALO360 - DEBUG - 自動保存已禁用，跳過配置保存
2025-08-15 22:57:37,236 - VALO360 - DEBUG - 自動保存已禁用，跳過配置保存
2025-08-15 22:57:37,236 - VALO360 - DEBUG - 自動保存已禁用，跳過配置保存
2025-08-15 22:57:37,244 - VALO360 - DEBUG - 自動保存已禁用，跳過配置保存
2025-08-15 22:57:37,244 - VALO360 - DEBUG - 自動保存已禁用，跳過配置保存
2025-08-15 22:57:37,244 - VALO360 - DEBUG - 自動保存已禁用，跳過配置保存
2025-08-15 22:57:37,244 - VALO360 - DEBUG - 自動保存已禁用，跳過配置保存
2025-08-15 22:57:37,244 - VALO360 - DEBUG - 自動保存已禁用，跳過配置保存
2025-08-15 22:57:37,244 - VALO360 - DEBUG - 自動保存已禁用，跳過配置保存
2025-08-15 22:57:37,245 - VALO360 - DEBUG - 自動保存已禁用，跳過配置保存
2025-08-15 22:57:37,245 - VALO360 - DEBUG - 自動保存已禁用，跳過配置保存
2025-08-15 22:57:37,253 - VALO360 - DEBUG - 自動保存已禁用，跳過配置保存
2025-08-15 22:57:37,253 - VALO360 - DEBUG - 自動保存已禁用，跳過配置保存
2025-08-15 22:57:37,253 - VALO360 - DEBUG - 自動保存已禁用，跳過配置保存
2025-08-15 22:57:37,253 - VALO360 - DEBUG - 自動保存已禁用，跳過配置保存
2025-08-15 22:57:37,254 - VALO360 - DEBUG - 自動保存已禁用，跳過配置保存
2025-08-15 22:57:37,254 - VALO360 - DEBUG - 自動保存已禁用，跳過配置保存
2025-08-15 22:57:37,254 - VALO360 - DEBUG - 自動保存已禁用，跳過配置保存
2025-08-15 22:57:37,254 - VALO360 - DEBUG - 自動保存已禁用，跳過配置保存
2025-08-15 22:57:37,257 - VALO360 - DEBUG - 自動保存已禁用，跳過配置保存
2025-08-15 22:57:37,257 - VALO360 - DEBUG - 自動保存已禁用，跳過配置保存
2025-08-15 22:57:37,257 - VALO360 - DEBUG - 自動保存已禁用，跳過配置保存
2025-08-15 22:57:37,257 - VALO360 - DEBUG - 自動保存已禁用，跳過配置保存
2025-08-15 22:57:37,257 - VALO360 - DEBUG - 自動保存已禁用，跳過配置保存
2025-08-15 22:57:37,258 - VALO360 - DEBUG - 自動保存已禁用，跳過配置保存
2025-08-15 22:57:37,258 - VALO360 - DEBUG - 自動保存已禁用，跳過配置保存
2025-08-15 22:57:37,258 - VALO360 - DEBUG - 自動保存已禁用，跳過配置保存
2025-08-15 22:57:37,260 - VALO360 - DEBUG - 自動保存已禁用，跳過配置保存
2025-08-15 22:57:37,260 - VALO360 - DEBUG - 自動保存已禁用，跳過配置保存
2025-08-15 22:57:37,261 - VALO360 - DEBUG - 自動保存已禁用，跳過配置保存
2025-08-15 22:57:37,261 - VALO360 - DEBUG - 自動保存已禁用，跳過配置保存
2025-08-15 22:57:37,261 - VALO360 - DEBUG - 自動保存已禁用，跳過配置保存
2025-08-15 22:57:37,261 - VALO360 - DEBUG - 自動保存已禁用，跳過配置保存
2025-08-15 22:57:37,261 - VALO360 - DEBUG - 自動保存已禁用，跳過配置保存
2025-08-15 22:57:37,261 - VALO360 - DEBUG - 自動保存已禁用，跳過配置保存
2025-08-15 22:57:37,262 - VALO360 - DEBUG - 自動保存已禁用，跳過配置保存
2025-08-15 22:57:37,262 - VALO360 - DEBUG - 自動保存已禁用，跳過配置保存
2025-08-15 22:57:37,262 - VALO360 - DEBUG - 自動保存已禁用，跳過配置保存
2025-08-15 22:57:37,262 - VALO360 - DEBUG - 自動保存已禁用，跳過配置保存
2025-08-15 22:57:37,262 - VALO360 - DEBUG - 自動保存已禁用，跳過配置保存
2025-08-15 22:57:37,262 - VALO360 - DEBUG - 自動保存已禁用，跳過配置保存
2025-08-15 22:57:37,262 - VALO360 - DEBUG - 自動保存已禁用，跳過配置保存
2025-08-15 22:57:37,263 - VALO360 - DEBUG - 自動保存已禁用，跳過配置保存
2025-08-15 22:57:37,265 - VALO360 - DEBUG - 自動保存已禁用，跳過配置保存
2025-08-15 22:57:37,266 - VALO360 - DEBUG - 自動保存已禁用，跳過配置保存
2025-08-15 22:57:37,266 - VALO360 - DEBUG - 自動保存已禁用，跳過配置保存
2025-08-15 22:57:37,266 - VALO360 - DEBUG - 自動保存已禁用，跳過配置保存
2025-08-15 22:57:37,266 - VALO360 - DEBUG - 自動保存已禁用，跳過配置保存
2025-08-15 22:57:37,266 - VALO360 - DEBUG - 自動保存已禁用，跳過配置保存
2025-08-15 22:57:37,266 - VALO360 - DEBUG - 自動保存已禁用，跳過配置保存
2025-08-15 22:57:37,266 - VALO360 - DEBUG - 自動保存已禁用，跳過配置保存
2025-08-15 22:57:37,269 - VALO360 - DEBUG - 自動保存已禁用，跳過配置保存
2025-08-15 22:57:37,269 - VALO360 - DEBUG - 自動保存已禁用，跳過配置保存
2025-08-15 22:57:37,269 - VALO360 - DEBUG - 自動保存已禁用，跳過配置保存
2025-08-15 22:57:37,269 - VALO360 - DEBUG - 自動保存已禁用，跳過配置保存
2025-08-15 22:57:37,269 - VALO360 - DEBUG - 自動保存已禁用，跳過配置保存
2025-08-15 22:57:37,269 - VALO360 - DEBUG - 自動保存已禁用，跳過配置保存
2025-08-15 22:57:37,270 - VALO360 - DEBUG - 自動保存已禁用，跳過配置保存
2025-08-15 22:57:37,270 - VALO360 - DEBUG - 自動保存已禁用，跳過配置保存
2025-08-15 22:57:37,278 - VALO360 - DEBUG - 自動保存已禁用，跳過配置保存
2025-08-15 22:57:37,278 - VALO360 - DEBUG - 自動保存已禁用，跳過配置保存
2025-08-15 22:57:37,278 - VALO360 - DEBUG - 自動保存已禁用，跳過配置保存
2025-08-15 22:57:37,278 - VALO360 - DEBUG - 自動保存已禁用，跳過配置保存
2025-08-15 22:57:37,279 - VALO360 - DEBUG - 自動保存已禁用，跳過配置保存
2025-08-15 22:57:37,279 - VALO360 - DEBUG - 自動保存已禁用，跳過配置保存
2025-08-15 22:57:37,279 - VALO360 - DEBUG - 自動保存已禁用，跳過配置保存
2025-08-15 22:57:37,279 - VALO360 - DEBUG - 自動保存已禁用，跳過配置保存
2025-08-15 22:57:37,279 - VALO360 - DEBUG - 自動保存已禁用，跳過配置保存
2025-08-15 22:57:37,279 - VALO360 - DEBUG - 自動保存已禁用，跳過配置保存
2025-08-15 22:57:37,280 - VALO360 - DEBUG - 自動保存已禁用，跳過配置保存
2025-08-15 22:57:37,280 - VALO360 - DEBUG - 自動保存已禁用，跳過配置保存
2025-08-15 22:57:37,280 - VALO360 - DEBUG - 自動保存已禁用，跳過配置保存
2025-08-15 22:57:37,280 - VALO360 - DEBUG - 自動保存已禁用，跳過配置保存
2025-08-15 22:57:37,280 - VALO360 - DEBUG - 自動保存已禁用，跳過配置保存
2025-08-15 22:57:37,280 - VALO360 - DEBUG - 自動保存已禁用，跳過配置保存
2025-08-15 22:57:37,285 - VALO360 - DEBUG - 自動保存已禁用，跳過配置保存
2025-08-15 22:57:37,285 - VALO360 - DEBUG - 自動保存已禁用，跳過配置保存
2025-08-15 22:57:37,285 - VALO360 - DEBUG - 自動保存已禁用，跳過配置保存
2025-08-15 22:57:37,285 - VALO360 - DEBUG - 自動保存已禁用，跳過配置保存
2025-08-15 22:57:37,285 - VALO360 - DEBUG - 自動保存已禁用，跳過配置保存
2025-08-15 22:57:37,285 - VALO360 - DEBUG - 自動保存已禁用，跳過配置保存
2025-08-15 22:57:37,286 - VALO360 - DEBUG - 自動保存已禁用，跳過配置保存
2025-08-15 22:57:37,286 - VALO360 - DEBUG - 自動保存已禁用，跳過配置保存
2025-08-15 22:57:37,319 - VALO360 - DEBUG - 自動保存已禁用，跳過配置保存
2025-08-15 22:57:37,319 - VALO360 - DEBUG - 自動保存已禁用，跳過配置保存
2025-08-15 22:57:37,319 - VALO360 - DEBUG - 自動保存已禁用，跳過配置保存
2025-08-15 22:57:37,319 - VALO360 - DEBUG - 自動保存已禁用，跳過配置保存
2025-08-15 22:57:37,319 - VALO360 - DEBUG - 自動保存已禁用，跳過配置保存
2025-08-15 22:57:37,319 - VALO360 - DEBUG - 自動保存已禁用，跳過配置保存
2025-08-15 22:57:37,319 - VALO360 - DEBUG - 自動保存已禁用，跳過配置保存
2025-08-15 22:57:37,320 - VALO360 - DEBUG - 自動保存已禁用，跳過配置保存
2025-08-15 22:57:37,325 - VALO360 - DEBUG - 自動保存已禁用，跳過配置保存
2025-08-15 22:57:37,326 - VALO360 - DEBUG - 自動保存已禁用，跳過配置保存
2025-08-15 22:57:37,326 - VALO360 - DEBUG - 自動保存已禁用，跳過配置保存
2025-08-15 22:57:37,326 - VALO360 - DEBUG - 自動保存已禁用，跳過配置保存
2025-08-15 22:57:37,326 - VALO360 - DEBUG - 自動保存已禁用，跳過配置保存
2025-08-15 22:57:37,326 - VALO360 - DEBUG - 自動保存已禁用，跳過配置保存
2025-08-15 22:57:37,326 - VALO360 - DEBUG - 自動保存已禁用，跳過配置保存
2025-08-15 22:57:37,326 - VALO360 - DEBUG - 自動保存已禁用，跳過配置保存
2025-08-15 22:57:37,327 - VALO360 - DEBUG - 自動保存已禁用，跳過配置保存
2025-08-15 22:57:37,327 - VALO360 - DEBUG - 自動保存已禁用，跳過配置保存
2025-08-15 22:57:37,327 - VALO360 - DEBUG - 自動保存已禁用，跳過配置保存
2025-08-15 22:57:37,327 - VALO360 - DEBUG - 自動保存已禁用，跳過配置保存
2025-08-15 22:57:37,327 - VALO360 - DEBUG - 自動保存已禁用，跳過配置保存
2025-08-15 22:57:37,327 - VALO360 - DEBUG - 自動保存已禁用，跳過配置保存
2025-08-15 22:57:37,328 - VALO360 - DEBUG - 自動保存已禁用，跳過配置保存
2025-08-15 22:57:37,328 - VALO360 - DEBUG - 自動保存已禁用，跳過配置保存
2025-08-15 22:57:37,344 - VALO360 - DEBUG - 自動保存已禁用，跳過配置保存
2025-08-15 22:57:37,344 - VALO360 - DEBUG - 自動保存已禁用，跳過配置保存
2025-08-15 22:57:37,344 - VALO360 - DEBUG - 自動保存已禁用，跳過配置保存
2025-08-15 22:57:37,345 - VALO360 - DEBUG - 自動保存已禁用，跳過配置保存
2025-08-15 22:57:37,345 - VALO360 - DEBUG - 自動保存已禁用，跳過配置保存
2025-08-15 22:57:37,345 - VALO360 - DEBUG - 自動保存已禁用，跳過配置保存
2025-08-15 22:57:37,345 - VALO360 - DEBUG - 自動保存已禁用，跳過配置保存
2025-08-15 22:57:37,345 - VALO360 - DEBUG - 自動保存已禁用，跳過配置保存
2025-08-15 22:57:37,348 - VALO360 - DEBUG - 自動保存已禁用，跳過配置保存
2025-08-15 22:57:37,349 - VALO360 - DEBUG - 自動保存已禁用，跳過配置保存
2025-08-15 22:57:37,349 - VALO360 - DEBUG - 自動保存已禁用，跳過配置保存
2025-08-15 22:57:37,349 - VALO360 - DEBUG - 自動保存已禁用，跳過配置保存
2025-08-15 22:57:37,349 - VALO360 - DEBUG - 自動保存已禁用，跳過配置保存
2025-08-15 22:57:37,349 - VALO360 - DEBUG - 自動保存已禁用，跳過配置保存
2025-08-15 22:57:37,349 - VALO360 - DEBUG - 自動保存已禁用，跳過配置保存
2025-08-15 22:57:37,349 - VALO360 - DEBUG - 自動保存已禁用，跳過配置保存
2025-08-15 22:57:37,382 - VALO360 - DEBUG - 自動保存已禁用，跳過配置保存
2025-08-15 22:57:37,382 - VALO360 - DEBUG - 自動保存已禁用，跳過配置保存
2025-08-15 22:57:37,382 - VALO360 - DEBUG - 自動保存已禁用，跳過配置保存
2025-08-15 22:57:37,383 - VALO360 - DEBUG - 自動保存已禁用，跳過配置保存
2025-08-15 22:57:37,383 - VALO360 - DEBUG - 自動保存已禁用，跳過配置保存
2025-08-15 22:57:37,383 - VALO360 - DEBUG - 自動保存已禁用，跳過配置保存
2025-08-15 22:57:37,383 - VALO360 - DEBUG - 自動保存已禁用，跳過配置保存
2025-08-15 22:57:37,383 - VALO360 - DEBUG - 自動保存已禁用，跳過配置保存
2025-08-15 22:57:37,396 - VALO360 - DEBUG - 自動保存已禁用，跳過配置保存
2025-08-15 22:57:37,396 - VALO360 - DEBUG - 自動保存已禁用，跳過配置保存
2025-08-15 22:57:37,397 - VALO360 - DEBUG - 自動保存已禁用，跳過配置保存
2025-08-15 22:57:37,397 - VALO360 - DEBUG - 自動保存已禁用，跳過配置保存
2025-08-15 22:57:37,397 - VALO360 - DEBUG - 自動保存已禁用，跳過配置保存
2025-08-15 22:57:37,397 - VALO360 - DEBUG - 自動保存已禁用，跳過配置保存
2025-08-15 22:57:37,397 - VALO360 - DEBUG - 自動保存已禁用，跳過配置保存
2025-08-15 22:57:37,398 - VALO360 - DEBUG - 自動保存已禁用，跳過配置保存
2025-08-15 22:57:37,398 - VALO360 - DEBUG - 自動保存已禁用，跳過配置保存
2025-08-15 22:57:37,398 - VALO360 - DEBUG - 自動保存已禁用，跳過配置保存
2025-08-15 22:57:37,398 - VALO360 - DEBUG - 自動保存已禁用，跳過配置保存
2025-08-15 22:57:37,398 - VALO360 - DEBUG - 自動保存已禁用，跳過配置保存
2025-08-15 22:57:37,399 - VALO360 - DEBUG - 自動保存已禁用，跳過配置保存
2025-08-15 22:57:37,399 - VALO360 - DEBUG - 自動保存已禁用，跳過配置保存
2025-08-15 22:57:37,399 - VALO360 - DEBUG - 自動保存已禁用，跳過配置保存
2025-08-15 22:57:37,399 - VALO360 - DEBUG - 自動保存已禁用，跳過配置保存
2025-08-15 22:57:37,400 - VALO360 - DEBUG - 自動保存已禁用，跳過配置保存
2025-08-15 22:57:37,400 - VALO360 - DEBUG - 自動保存已禁用，跳過配置保存
2025-08-15 22:57:37,400 - VALO360 - DEBUG - 自動保存已禁用，跳過配置保存
2025-08-15 22:57:37,400 - VALO360 - DEBUG - 自動保存已禁用，跳過配置保存
2025-08-15 22:57:37,400 - VALO360 - DEBUG - 自動保存已禁用，跳過配置保存
2025-08-15 22:57:37,400 - VALO360 - DEBUG - 自動保存已禁用，跳過配置保存
2025-08-15 22:57:37,401 - VALO360 - DEBUG - 自動保存已禁用，跳過配置保存
2025-08-15 22:57:37,401 - VALO360 - DEBUG - 自動保存已禁用，跳過配置保存
2025-08-15 22:57:37,401 - VALO360 - DEBUG - 自動保存已禁用，跳過配置保存
2025-08-15 22:57:37,401 - VALO360 - DEBUG - 自動保存已禁用，跳過配置保存
2025-08-15 22:57:37,401 - VALO360 - DEBUG - 自動保存已禁用，跳過配置保存
2025-08-15 22:57:37,401 - VALO360 - DEBUG - 自動保存已禁用，跳過配置保存
2025-08-15 22:57:37,402 - VALO360 - DEBUG - 自動保存已禁用，跳過配置保存
2025-08-15 22:57:37,402 - VALO360 - DEBUG - 自動保存已禁用，跳過配置保存
2025-08-15 22:57:37,402 - VALO360 - DEBUG - 自動保存已禁用，跳過配置保存
2025-08-15 22:57:37,402 - VALO360 - DEBUG - 自動保存已禁用，跳過配置保存
2025-08-15 22:57:37,403 - VALO360 - DEBUG - 自動保存已禁用，跳過配置保存
2025-08-15 22:57:37,403 - VALO360 - DEBUG - 自動保存已禁用，跳過配置保存
2025-08-15 22:57:37,403 - VALO360 - DEBUG - 自動保存已禁用，跳過配置保存
2025-08-15 22:57:37,403 - VALO360 - DEBUG - 自動保存已禁用，跳過配置保存
2025-08-15 22:57:37,404 - VALO360 - DEBUG - 自動保存已禁用，跳過配置保存
2025-08-15 22:57:37,404 - VALO360 - DEBUG - 自動保存已禁用，跳過配置保存
2025-08-15 22:57:37,404 - VALO360 - DEBUG - 自動保存已禁用，跳過配置保存
2025-08-15 22:57:37,404 - VALO360 - DEBUG - 自動保存已禁用，跳過配置保存
2025-08-15 22:57:37,405 - VALO360 - DEBUG - 自動保存已禁用，跳過配置保存
2025-08-15 22:57:37,405 - VALO360 - DEBUG - 自動保存已禁用，跳過配置保存
2025-08-15 22:57:37,405 - VALO360 - DEBUG - 自動保存已禁用，跳過配置保存
2025-08-15 22:57:37,405 - VALO360 - DEBUG - 自動保存已禁用，跳過配置保存
2025-08-15 22:57:37,405 - VALO360 - DEBUG - 自動保存已禁用，跳過配置保存
2025-08-15 22:57:37,406 - VALO360 - DEBUG - 自動保存已禁用，跳過配置保存
2025-08-15 22:57:37,406 - VALO360 - DEBUG - 自動保存已禁用，跳過配置保存
2025-08-15 22:57:37,406 - VALO360 - DEBUG - 自動保存已禁用，跳過配置保存
2025-08-15 22:57:37,406 - VALO360 - DEBUG - 自動保存已禁用，跳過配置保存
2025-08-15 22:57:37,406 - VALO360 - DEBUG - 自動保存已禁用，跳過配置保存
2025-08-15 22:57:37,407 - VALO360 - DEBUG - 自動保存已禁用，跳過配置保存
2025-08-15 22:57:37,407 - VALO360 - DEBUG - 自動保存已禁用，跳過配置保存
2025-08-15 22:57:37,407 - VALO360 - DEBUG - 自動保存已禁用，跳過配置保存
2025-08-15 22:57:37,407 - VALO360 - DEBUG - 自動保存已禁用，跳過配置保存
2025-08-15 22:57:37,407 - VALO360 - DEBUG - 自動保存已禁用，跳過配置保存
2025-08-15 22:57:37,407 - VALO360 - DEBUG - 自動保存已禁用，跳過配置保存
2025-08-15 22:57:37,408 - VALO360 - DEBUG - 自動保存已禁用，跳過配置保存
2025-08-15 22:57:37,408 - VALO360 - DEBUG - 自動保存已禁用，跳過配置保存
2025-08-15 22:57:37,408 - VALO360 - DEBUG - 自動保存已禁用，跳過配置保存
2025-08-15 22:57:37,408 - VALO360 - DEBUG - 自動保存已禁用，跳過配置保存
2025-08-15 22:57:37,438 - VALO360 - DEBUG - 自動保存已禁用，跳過配置保存
2025-08-15 22:57:37,438 - VALO360 - DEBUG - 自動保存已禁用，跳過配置保存
2025-08-15 22:57:37,438 - VALO360 - DEBUG - 自動保存已禁用，跳過配置保存
2025-08-15 22:57:37,438 - VALO360 - DEBUG - 自動保存已禁用，跳過配置保存
2025-08-15 22:57:37,439 - VALO360 - DEBUG - 自動保存已禁用，跳過配置保存
2025-08-15 22:57:37,439 - VALO360 - DEBUG - 自動保存已禁用，跳過配置保存
2025-08-15 22:57:37,439 - VALO360 - DEBUG - 自動保存已禁用，跳過配置保存
2025-08-15 22:57:37,439 - VALO360 - DEBUG - 自動保存已禁用，跳過配置保存
2025-08-15 22:57:37,439 - VALO360 - DEBUG - 自動保存已禁用，跳過配置保存
2025-08-15 22:57:37,439 - VALO360 - DEBUG - 自動保存已禁用，跳過配置保存
2025-08-15 22:57:37,440 - VALO360 - DEBUG - 自動保存已禁用，跳過配置保存
2025-08-15 22:57:37,440 - VALO360 - DEBUG - 自動保存已禁用，跳過配置保存
2025-08-15 22:57:37,440 - VALO360 - DEBUG - 自動保存已禁用，跳過配置保存
2025-08-15 22:57:37,440 - VALO360 - DEBUG - 自動保存已禁用，跳過配置保存
2025-08-15 22:57:37,440 - VALO360 - DEBUG - 自動保存已禁用，跳過配置保存
2025-08-15 22:57:37,441 - VALO360 - DEBUG - 自動保存已禁用，跳過配置保存
2025-08-15 22:57:37,441 - VALO360 - DEBUG - 自動保存已禁用，跳過配置保存
2025-08-15 22:57:37,441 - VALO360 - DEBUG - 自動保存已禁用，跳過配置保存
2025-08-15 22:57:37,442 - VALO360 - DEBUG - 自動保存已禁用，跳過配置保存
2025-08-15 22:57:37,442 - VALO360 - DEBUG - 自動保存已禁用，跳過配置保存
2025-08-15 22:57:37,443 - VALO360 - DEBUG - 自動保存已禁用，跳過配置保存
2025-08-15 22:57:37,443 - VALO360 - DEBUG - 自動保存已禁用，跳過配置保存
2025-08-15 22:57:37,443 - VALO360 - DEBUG - 自動保存已禁用，跳過配置保存
2025-08-15 22:57:37,443 - VALO360 - DEBUG - 自動保存已禁用，跳過配置保存
2025-08-15 22:57:37,444 - VALO360 - DEBUG - 自動保存已禁用，跳過配置保存
2025-08-15 22:57:37,444 - VALO360 - DEBUG - 自動保存已禁用，跳過配置保存
2025-08-15 22:57:37,444 - VALO360 - DEBUG - 自動保存已禁用，跳過配置保存
2025-08-15 22:57:37,445 - VALO360 - DEBUG - 自動保存已禁用，跳過配置保存
2025-08-15 22:57:37,445 - VALO360 - DEBUG - 自動保存已禁用，跳過配置保存
2025-08-15 22:57:37,445 - VALO360 - DEBUG - 自動保存已禁用，跳過配置保存
2025-08-15 22:57:37,445 - VALO360 - DEBUG - 自動保存已禁用，跳過配置保存
2025-08-15 22:57:37,445 - VALO360 - DEBUG - 自動保存已禁用，跳過配置保存
2025-08-15 22:57:37,446 - VALO360 - DEBUG - 自動保存已禁用，跳過配置保存
2025-08-15 22:57:37,446 - VALO360 - DEBUG - 自動保存已禁用，跳過配置保存
2025-08-15 22:57:37,446 - VALO360 - DEBUG - 自動保存已禁用，跳過配置保存
2025-08-15 22:57:37,447 - VALO360 - DEBUG - 自動保存已禁用，跳過配置保存
2025-08-15 22:57:37,447 - VALO360 - DEBUG - 自動保存已禁用，跳過配置保存
2025-08-15 22:57:37,448 - VALO360 - DEBUG - 自動保存已禁用，跳過配置保存
2025-08-15 22:57:37,448 - VALO360 - DEBUG - 自動保存已禁用，跳過配置保存
2025-08-15 22:57:37,448 - VALO360 - DEBUG - 自動保存已禁用，跳過配置保存
2025-08-15 22:57:37,448 - VALO360 - DEBUG - 自動保存已禁用，跳過配置保存
2025-08-15 22:57:37,449 - VALO360 - DEBUG - 自動保存已禁用，跳過配置保存
2025-08-15 22:57:37,449 - VALO360 - DEBUG - 自動保存已禁用，跳過配置保存
2025-08-15 22:57:37,449 - VALO360 - DEBUG - 自動保存已禁用，跳過配置保存
2025-08-15 22:57:37,449 - VALO360 - DEBUG - 自動保存已禁用，跳過配置保存
2025-08-15 22:57:37,450 - VALO360 - DEBUG - 自動保存已禁用，跳過配置保存
2025-08-15 22:57:37,450 - VALO360 - DEBUG - 自動保存已禁用，跳過配置保存
2025-08-15 22:57:37,450 - VALO360 - DEBUG - 自動保存已禁用，跳過配置保存
2025-08-15 22:57:37,450 - VALO360 - DEBUG - 自動保存已禁用，跳過配置保存
2025-08-15 22:57:37,450 - VALO360 - DEBUG - 自動保存已禁用，跳過配置保存
2025-08-15 22:57:37,450 - VALO360 - DEBUG - 自動保存已禁用，跳過配置保存
2025-08-15 22:57:37,451 - VALO360 - DEBUG - 自動保存已禁用，跳過配置保存
2025-08-15 22:57:37,451 - VALO360 - DEBUG - 自動保存已禁用，跳過配置保存
2025-08-15 22:57:37,451 - VALO360 - DEBUG - 自動保存已禁用，跳過配置保存
2025-08-15 22:57:37,451 - VALO360 - DEBUG - 自動保存已禁用，跳過配置保存
2025-08-15 22:57:37,451 - VALO360 - DEBUG - 自動保存已禁用，跳過配置保存
2025-08-15 22:57:37,452 - VALO360 - DEBUG - 自動保存已禁用，跳過配置保存
2025-08-15 22:57:37,452 - VALO360 - DEBUG - 自動保存已禁用，跳過配置保存
2025-08-15 22:57:37,452 - VALO360 - DEBUG - 自動保存已禁用，跳過配置保存
2025-08-15 22:57:37,452 - VALO360 - DEBUG - 自動保存已禁用，跳過配置保存
2025-08-15 22:57:37,452 - VALO360 - DEBUG - 自動保存已禁用，跳過配置保存
2025-08-15 22:57:37,453 - VALO360 - DEBUG - 自動保存已禁用，跳過配置保存
2025-08-15 22:57:37,453 - VALO360 - DEBUG - 自動保存已禁用，跳過配置保存
2025-08-15 22:57:37,453 - VALO360 - DEBUG - 自動保存已禁用，跳過配置保存
2025-08-15 22:57:37,453 - VALO360 - DEBUG - 自動保存已禁用，跳過配置保存
2025-08-15 22:57:37,453 - VALO360 - DEBUG - 自動保存已禁用，跳過配置保存
2025-08-15 22:57:37,454 - VALO360 - DEBUG - 自動保存已禁用，跳過配置保存
2025-08-15 22:57:37,454 - VALO360 - DEBUG - 自動保存已禁用，跳過配置保存
2025-08-15 22:57:37,454 - VALO360 - DEBUG - 自動保存已禁用，跳過配置保存
2025-08-15 22:57:37,454 - VALO360 - DEBUG - 自動保存已禁用，跳過配置保存
2025-08-15 22:57:37,454 - VALO360 - DEBUG - 自動保存已禁用，跳過配置保存
2025-08-15 22:57:37,454 - VALO360 - DEBUG - 自動保存已禁用，跳過配置保存
2025-08-15 22:57:37,455 - VALO360 - DEBUG - 自動保存已禁用，跳過配置保存
2025-08-15 22:57:37,455 - VALO360 - DEBUG - 自動保存已禁用，跳過配置保存
2025-08-15 22:57:37,455 - VALO360 - DEBUG - 自動保存已禁用，跳過配置保存
2025-08-15 22:57:37,455 - VALO360 - DEBUG - 自動保存已禁用，跳過配置保存
2025-08-15 22:57:37,455 - VALO360 - DEBUG - 自動保存已禁用，跳過配置保存
2025-08-15 22:57:37,455 - VALO360 - DEBUG - 自動保存已禁用，跳過配置保存
2025-08-15 22:57:37,456 - VALO360 - DEBUG - 自動保存已禁用，跳過配置保存
2025-08-15 22:57:37,456 - VALO360 - DEBUG - 自動保存已禁用，跳過配置保存
2025-08-15 22:57:37,456 - VALO360 - DEBUG - 自動保存已禁用，跳過配置保存
2025-08-15 22:57:37,456 - VALO360 - DEBUG - 自動保存已禁用，跳過配置保存
2025-08-15 22:57:37,456 - VALO360 - DEBUG - 自動保存已禁用，跳過配置保存
2025-08-15 22:57:37,456 - VALO360 - DEBUG - 自動保存已禁用，跳過配置保存
2025-08-15 22:57:37,457 - VALO360 - DEBUG - 自動保存已禁用，跳過配置保存
2025-08-15 22:57:37,457 - VALO360 - DEBUG - 自動保存已禁用，跳過配置保存
2025-08-15 22:57:37,457 - VALO360 - DEBUG - 自動保存已禁用，跳過配置保存
2025-08-15 22:57:37,457 - VALO360 - DEBUG - 自動保存已禁用，跳過配置保存
2025-08-15 22:57:37,457 - VALO360 - DEBUG - 自動保存已禁用，跳過配置保存
2025-08-15 22:57:37,457 - VALO360 - DEBUG - 自動保存已禁用，跳過配置保存
2025-08-15 22:57:37,458 - VALO360 - DEBUG - 自動保存已禁用，跳過配置保存
2025-08-15 22:57:37,458 - VALO360 - DEBUG - 自動保存已禁用，跳過配置保存
2025-08-15 22:57:37,458 - VALO360 - DEBUG - 自動保存已禁用，跳過配置保存
2025-08-15 22:57:37,458 - VALO360 - DEBUG - 自動保存已禁用，跳過配置保存
2025-08-15 22:57:37,458 - VALO360 - DEBUG - 自動保存已禁用，跳過配置保存
2025-08-15 22:57:37,458 - VALO360 - DEBUG - 自動保存已禁用，跳過配置保存
2025-08-15 22:57:37,459 - VALO360 - DEBUG - 自動保存已禁用，跳過配置保存
2025-08-15 22:57:37,459 - VALO360 - DEBUG - 自動保存已禁用，跳過配置保存
2025-08-15 22:57:37,459 - VALO360 - DEBUG - 自動保存已禁用，跳過配置保存
2025-08-15 22:57:37,459 - VALO360 - DEBUG - 自動保存已禁用，跳過配置保存
2025-08-15 22:57:37,459 - VALO360 - DEBUG - 自動保存已禁用，跳過配置保存
2025-08-15 22:57:37,459 - VALO360 - DEBUG - 自動保存已禁用，跳過配置保存
2025-08-15 22:57:37,459 - VALO360 - DEBUG - 自動保存已禁用，跳過配置保存
2025-08-15 22:57:37,460 - VALO360 - DEBUG - 自動保存已禁用，跳過配置保存
2025-08-15 22:57:37,460 - VALO360 - DEBUG - 自動保存已禁用，跳過配置保存
2025-08-15 22:57:37,460 - VALO360 - DEBUG - 自動保存已禁用，跳過配置保存
2025-08-15 22:57:37,460 - VALO360 - DEBUG - 自動保存已禁用，跳過配置保存
2025-08-15 22:57:37,460 - VALO360 - DEBUG - 自動保存已禁用，跳過配置保存
2025-08-15 22:57:37,461 - VALO360 - DEBUG - 自動保存已禁用，跳過配置保存
2025-08-15 22:57:37,461 - VALO360 - DEBUG - 自動保存已禁用，跳過配置保存
2025-08-15 22:57:37,461 - VALO360 - DEBUG - 自動保存已禁用，跳過配置保存
2025-08-15 22:57:37,461 - VALO360 - DEBUG - 自動保存已禁用，跳過配置保存
2025-08-15 22:57:37,461 - VALO360 - DEBUG - 自動保存已禁用，跳過配置保存
2025-08-15 22:57:37,461 - VALO360 - DEBUG - 自動保存已禁用，跳過配置保存
2025-08-15 22:57:37,461 - VALO360 - DEBUG - 自動保存已禁用，跳過配置保存
2025-08-15 22:57:37,462 - VALO360 - DEBUG - 自動保存已禁用，跳過配置保存
2025-08-15 22:57:37,462 - VALO360 - DEBUG - 自動保存已禁用，跳過配置保存
2025-08-15 22:57:37,462 - VALO360 - DEBUG - 自動保存已禁用，跳過配置保存
2025-08-15 22:57:37,462 - VALO360 - DEBUG - 自動保存已禁用，跳過配置保存
2025-08-15 22:57:37,462 - VALO360 - DEBUG - 自動保存已禁用，跳過配置保存
2025-08-15 22:57:37,462 - VALO360 - DEBUG - 自動保存已禁用，跳過配置保存
2025-08-15 22:57:37,463 - VALO360 - DEBUG - 自動保存已禁用，跳過配置保存
2025-08-15 22:57:37,463 - VALO360 - DEBUG - 自動保存已禁用，跳過配置保存
2025-08-15 22:57:37,463 - VALO360 - DEBUG - 自動保存已禁用，跳過配置保存
2025-08-15 22:57:37,463 - VALO360 - DEBUG - 自動保存已禁用，跳過配置保存
2025-08-15 22:57:37,463 - VALO360 - DEBUG - 自動保存已禁用，跳過配置保存
2025-08-15 22:57:37,463 - VALO360 - DEBUG - 自動保存已禁用，跳過配置保存
2025-08-15 22:57:37,464 - VALO360 - DEBUG - 自動保存已禁用，跳過配置保存
2025-08-15 22:57:37,464 - VALO360 - DEBUG - 自動保存已禁用，跳過配置保存
2025-08-15 22:57:37,464 - VALO360 - DEBUG - 自動保存已禁用，跳過配置保存
2025-08-15 22:57:37,464 - VALO360 - DEBUG - 自動保存已禁用，跳過配置保存
2025-08-15 22:57:37,464 - VALO360 - DEBUG - 自動保存已禁用，跳過配置保存
2025-08-15 22:57:37,465 - VALO360 - DEBUG - 自動保存已禁用，跳過配置保存
2025-08-15 22:57:37,465 - VALO360 - DEBUG - 自動保存已禁用，跳過配置保存
2025-08-15 22:57:37,465 - VALO360 - DEBUG - 自動保存已禁用，跳過配置保存
2025-08-15 22:57:37,465 - VALO360 - DEBUG - 自動保存已禁用，跳過配置保存
2025-08-15 22:57:37,465 - VALO360 - DEBUG - 自動保存已禁用，跳過配置保存
2025-08-15 22:57:37,466 - VALO360 - DEBUG - 自動保存已禁用，跳過配置保存
2025-08-15 22:57:37,466 - VALO360 - DEBUG - 自動保存已禁用，跳過配置保存
2025-08-15 22:57:37,466 - VALO360 - DEBUG - 自動保存已禁用，跳過配置保存
2025-08-15 22:57:37,466 - VALO360 - DEBUG - 自動保存已禁用，跳過配置保存
2025-08-15 22:57:37,466 - VALO360 - DEBUG - 自動保存已禁用，跳過配置保存
2025-08-15 22:57:37,466 - VALO360 - DEBUG - 自動保存已禁用，跳過配置保存
2025-08-15 22:57:37,466 - VALO360 - DEBUG - 自動保存已禁用，跳過配置保存
2025-08-15 22:57:37,467 - VALO360 - DEBUG - 自動保存已禁用，跳過配置保存
2025-08-15 22:57:37,467 - VALO360 - DEBUG - 自動保存已禁用，跳過配置保存
2025-08-15 22:57:37,467 - VALO360 - DEBUG - 自動保存已禁用，跳過配置保存
2025-08-15 22:57:37,467 - VALO360 - DEBUG - 自動保存已禁用，跳過配置保存
2025-08-15 22:57:37,468 - VALO360 - DEBUG - 自動保存已禁用，跳過配置保存
2025-08-15 22:57:37,468 - VALO360 - DEBUG - 自動保存已禁用，跳過配置保存
2025-08-15 22:57:37,468 - VALO360 - DEBUG - 自動保存已禁用，跳過配置保存
2025-08-15 22:57:37,468 - VALO360 - DEBUG - 自動保存已禁用，跳過配置保存
2025-08-15 22:57:37,470 - VALO360 - DEBUG - 自動保存已禁用，跳過配置保存
2025-08-15 22:57:37,470 - VALO360 - DEBUG - 自動保存已禁用，跳過配置保存
2025-08-15 22:57:37,470 - VALO360 - DEBUG - 自動保存已禁用，跳過配置保存
2025-08-15 22:57:37,470 - VALO360 - DEBUG - 自動保存已禁用，跳過配置保存
2025-08-15 22:57:37,471 - VALO360 - DEBUG - 自動保存已禁用，跳過配置保存
2025-08-15 22:57:37,471 - VALO360 - DEBUG - 自動保存已禁用，跳過配置保存
2025-08-15 22:57:37,471 - VALO360 - DEBUG - 自動保存已禁用，跳過配置保存
2025-08-15 22:57:37,472 - VALO360 - DEBUG - 自動保存已禁用，跳過配置保存
2025-08-15 22:57:37,472 - VALO360 - DEBUG - 自動保存已禁用，跳過配置保存
2025-08-15 22:57:37,473 - VALO360 - DEBUG - 自動保存已禁用，跳過配置保存
2025-08-15 22:57:37,473 - VALO360 - DEBUG - 自動保存已禁用，跳過配置保存
2025-08-15 22:57:37,473 - VALO360 - DEBUG - 自動保存已禁用，跳過配置保存
2025-08-15 22:57:37,474 - VALO360 - DEBUG - 自動保存已禁用，跳過配置保存
2025-08-15 22:57:37,474 - VALO360 - DEBUG - 自動保存已禁用，跳過配置保存
2025-08-15 22:57:37,474 - VALO360 - DEBUG - 自動保存已禁用，跳過配置保存
2025-08-15 22:57:37,474 - VALO360 - DEBUG - 自動保存已禁用，跳過配置保存
2025-08-15 22:57:37,474 - VALO360 - DEBUG - 自動保存已禁用，跳過配置保存
2025-08-15 22:57:37,475 - VALO360 - DEBUG - 自動保存已禁用，跳過配置保存
2025-08-15 22:57:37,475 - VALO360 - DEBUG - 自動保存已禁用，跳過配置保存
2025-08-15 22:57:37,475 - VALO360 - DEBUG - 自動保存已禁用，跳過配置保存
2025-08-15 22:57:37,476 - VALO360 - DEBUG - 自動保存已禁用，跳過配置保存
2025-08-15 22:57:37,476 - VALO360 - DEBUG - 自動保存已禁用，跳過配置保存
2025-08-15 22:57:37,476 - VALO360 - DEBUG - 自動保存已禁用，跳過配置保存
2025-08-15 22:57:37,476 - VALO360 - DEBUG - 自動保存已禁用，跳過配置保存
2025-08-15 22:57:37,479 - VALO360 - DEBUG - 自動保存已禁用，跳過配置保存
2025-08-15 22:57:37,479 - VALO360 - DEBUG - 自動保存已禁用，跳過配置保存
2025-08-15 22:57:37,479 - VALO360 - DEBUG - 自動保存已禁用，跳過配置保存
2025-08-15 22:57:37,480 - VALO360 - DEBUG - 自動保存已禁用，跳過配置保存
2025-08-15 22:57:37,480 - VALO360 - DEBUG - 自動保存已禁用，跳過配置保存
2025-08-15 22:57:37,480 - VALO360 - DEBUG - 自動保存已禁用，跳過配置保存
2025-08-15 22:57:37,480 - VALO360 - DEBUG - 自動保存已禁用，跳過配置保存
2025-08-15 22:57:37,481 - VALO360 - DEBUG - 自動保存已禁用，跳過配置保存
2025-08-15 22:57:37,481 - VALO360 - DEBUG - 自動保存已禁用，跳過配置保存
2025-08-15 22:57:37,481 - VALO360 - DEBUG - 自動保存已禁用，跳過配置保存
2025-08-15 22:57:37,481 - VALO360 - DEBUG - 自動保存已禁用，跳過配置保存
2025-08-15 22:57:37,482 - VALO360 - DEBUG - 自動保存已禁用，跳過配置保存
2025-08-15 22:57:37,482 - VALO360 - DEBUG - 自動保存已禁用，跳過配置保存
2025-08-15 22:57:37,483 - VALO360 - DEBUG - 自動保存已禁用，跳過配置保存
2025-08-15 22:57:37,483 - VALO360 - DEBUG - 自動保存已禁用，跳過配置保存
2025-08-15 22:57:37,483 - VALO360 - DEBUG - 自動保存已禁用，跳過配置保存
2025-08-15 22:57:37,483 - VALO360 - DEBUG - 自動保存已禁用，跳過配置保存
2025-08-15 22:57:37,483 - VALO360 - DEBUG - 自動保存已禁用，跳過配置保存
2025-08-15 22:57:37,484 - VALO360 - DEBUG - 自動保存已禁用，跳過配置保存
2025-08-15 22:57:37,484 - VALO360 - DEBUG - 自動保存已禁用，跳過配置保存
2025-08-15 22:57:37,485 - VALO360 - DEBUG - 自動保存已禁用，跳過配置保存
2025-08-15 22:57:37,486 - VALO360 - DEBUG - 自動保存已禁用，跳過配置保存
2025-08-15 22:57:37,486 - VALO360 - DEBUG - 自動保存已禁用，跳過配置保存
2025-08-15 22:57:37,486 - VALO360 - DEBUG - 自動保存已禁用，跳過配置保存
2025-08-15 22:57:37,486 - VALO360 - DEBUG - 自動保存已禁用，跳過配置保存
2025-08-15 22:57:37,486 - VALO360 - DEBUG - 自動保存已禁用，跳過配置保存
2025-08-15 22:57:37,486 - VALO360 - DEBUG - 自動保存已禁用，跳過配置保存
2025-08-15 22:57:37,487 - VALO360 - DEBUG - 自動保存已禁用，跳過配置保存
2025-08-15 22:57:37,487 - VALO360 - DEBUG - 自動保存已禁用，跳過配置保存
2025-08-15 22:57:37,487 - VALO360 - DEBUG - 自動保存已禁用，跳過配置保存
2025-08-15 22:57:37,487 - VALO360 - DEBUG - 自動保存已禁用，跳過配置保存
2025-08-15 22:57:37,487 - VALO360 - DEBUG - 自動保存已禁用，跳過配置保存
2025-08-15 22:57:37,488 - VALO360 - DEBUG - 自動保存已禁用，跳過配置保存
2025-08-15 22:57:37,488 - VALO360 - DEBUG - 自動保存已禁用，跳過配置保存
2025-08-15 22:57:37,488 - VALO360 - DEBUG - 自動保存已禁用，跳過配置保存
2025-08-15 22:57:37,488 - VALO360 - DEBUG - 自動保存已禁用，跳過配置保存
2025-08-15 22:57:37,488 - VALO360 - DEBUG - 自動保存已禁用，跳過配置保存
2025-08-15 22:57:37,488 - VALO360 - DEBUG - 自動保存已禁用，跳過配置保存
2025-08-15 22:57:37,488 - VALO360 - DEBUG - 自動保存已禁用，跳過配置保存
2025-08-15 22:57:37,489 - VALO360 - DEBUG - 自動保存已禁用，跳過配置保存
2025-08-15 22:57:37,489 - VALO360 - DEBUG - 自動保存已禁用，跳過配置保存
2025-08-15 22:57:37,489 - VALO360 - DEBUG - 自動保存已禁用，跳過配置保存
2025-08-15 22:57:37,489 - VALO360 - DEBUG - 自動保存已禁用，跳過配置保存
2025-08-15 22:57:37,489 - VALO360 - DEBUG - 自動保存已禁用，跳過配置保存
2025-08-15 22:57:37,490 - VALO360 - DEBUG - 自動保存已禁用，跳過配置保存
2025-08-15 22:57:37,490 - VALO360 - DEBUG - 自動保存已禁用，跳過配置保存
2025-08-15 22:57:37,490 - VALO360 - DEBUG - 自動保存已禁用，跳過配置保存
2025-08-15 22:57:37,490 - VALO360 - DEBUG - 自動保存已禁用，跳過配置保存
2025-08-15 22:57:37,490 - VALO360 - DEBUG - 自動保存已禁用，跳過配置保存
2025-08-15 22:57:37,490 - VALO360 - DEBUG - 自動保存已禁用，跳過配置保存
2025-08-15 22:57:37,490 - VALO360 - DEBUG - 自動保存已禁用，跳過配置保存
2025-08-15 22:57:37,491 - VALO360 - DEBUG - 自動保存已禁用，跳過配置保存
2025-08-15 22:57:37,491 - VALO360 - DEBUG - 自動保存已禁用，跳過配置保存
2025-08-15 22:57:37,491 - VALO360 - DEBUG - 自動保存已禁用，跳過配置保存
2025-08-15 22:57:37,491 - VALO360 - DEBUG - 自動保存已禁用，跳過配置保存
2025-08-15 22:57:37,491 - VALO360 - DEBUG - 自動保存已禁用，跳過配置保存
2025-08-15 22:57:37,492 - VALO360 - DEBUG - 自動保存已禁用，跳過配置保存
2025-08-15 22:57:37,492 - VALO360 - DEBUG - 自動保存已禁用，跳過配置保存
2025-08-15 22:57:37,492 - VALO360 - DEBUG - 自動保存已禁用，跳過配置保存
2025-08-15 22:57:37,492 - VALO360 - DEBUG - 自動保存已禁用，跳過配置保存
2025-08-15 22:57:37,492 - VALO360 - DEBUG - 自動保存已禁用，跳過配置保存
2025-08-15 22:57:37,492 - VALO360 - DEBUG - 自動保存已禁用，跳過配置保存
2025-08-15 22:57:37,492 - VALO360 - DEBUG - 自動保存已禁用，跳過配置保存
2025-08-15 22:57:37,493 - VALO360 - DEBUG - 自動保存已禁用，跳過配置保存
2025-08-15 22:57:37,493 - VALO360 - DEBUG - 自動保存已禁用，跳過配置保存
2025-08-15 22:57:37,493 - VALO360 - DEBUG - 自動保存已禁用，跳過配置保存
2025-08-15 22:57:37,493 - VALO360 - DEBUG - 自動保存已禁用，跳過配置保存
2025-08-15 22:57:37,493 - VALO360 - DEBUG - 自動保存已禁用，跳過配置保存
2025-08-15 22:57:37,493 - VALO360 - DEBUG - 自動保存已禁用，跳過配置保存
2025-08-15 22:57:37,494 - VALO360 - DEBUG - 自動保存已禁用，跳過配置保存
2025-08-15 22:57:37,494 - VALO360 - DEBUG - 自動保存已禁用，跳過配置保存
2025-08-15 22:57:37,494 - VALO360 - DEBUG - 自動保存已禁用，跳過配置保存
2025-08-15 22:57:37,494 - VALO360 - DEBUG - 自動保存已禁用，跳過配置保存
2025-08-15 22:57:37,494 - VALO360 - DEBUG - 自動保存已禁用，跳過配置保存
2025-08-15 22:57:37,494 - VALO360 - DEBUG - 自動保存已禁用，跳過配置保存
2025-08-15 22:57:37,494 - VALO360 - DEBUG - 自動保存已禁用，跳過配置保存
2025-08-15 22:57:37,495 - VALO360 - DEBUG - 自動保存已禁用，跳過配置保存
2025-08-15 22:57:37,495 - VALO360 - DEBUG - 自動保存已禁用，跳過配置保存
2025-08-15 22:57:37,495 - VALO360 - DEBUG - 自動保存已禁用，跳過配置保存
2025-08-15 22:57:37,495 - VALO360 - DEBUG - 自動保存已禁用，跳過配置保存
2025-08-15 22:57:37,504 - VALO360 - DEBUG - 自動保存已禁用，跳過配置保存
2025-08-15 22:57:37,504 - VALO360 - DEBUG - 自動保存已禁用，跳過配置保存
2025-08-15 22:57:37,504 - VALO360 - DEBUG - 自動保存已禁用，跳過配置保存
2025-08-15 22:57:37,504 - VALO360 - DEBUG - 自動保存已禁用，跳過配置保存
2025-08-15 22:57:37,605 - VALO360 - DEBUG - 自動保存已禁用，跳過配置保存
2025-08-15 22:57:37,605 - VALO360 - DEBUG - 自動保存已禁用，跳過配置保存
2025-08-15 22:57:37,605 - VALO360 - DEBUG - 自動保存已禁用，跳過配置保存
2025-08-15 22:57:37,605 - VALO360 - DEBUG - 自動保存已禁用，跳過配置保存
2025-08-15 22:57:37,605 - VALO360 - DEBUG - 自動保存已禁用，跳過配置保存
2025-08-15 22:57:37,606 - VALO360 - DEBUG - 自動保存已禁用，跳過配置保存
2025-08-15 22:57:37,606 - VALO360 - DEBUG - 自動保存已禁用，跳過配置保存
2025-08-15 22:57:37,606 - VALO360 - DEBUG - 自動保存已禁用，跳過配置保存
2025-08-15 22:57:37,606 - VALO360 - DEBUG - 自動保存已禁用，跳過配置保存
2025-08-15 22:57:37,606 - VALO360 - DEBUG - 自動保存已禁用，跳過配置保存
2025-08-15 22:57:37,606 - VALO360 - DEBUG - 自動保存已禁用，跳過配置保存
2025-08-15 22:57:37,606 - VALO360 - DEBUG - 自動保存已禁用，跳過配置保存
2025-08-15 22:57:37,607 - VALO360 - DEBUG - 自動保存已禁用，跳過配置保存
2025-08-15 22:57:37,607 - VALO360 - DEBUG - 自動保存已禁用，跳過配置保存
2025-08-15 22:57:37,607 - VALO360 - DEBUG - 自動保存已禁用，跳過配置保存
2025-08-15 22:57:37,607 - VALO360 - DEBUG - 自動保存已禁用，跳過配置保存
2025-08-15 22:57:37,607 - VALO360 - DEBUG - 自動保存已禁用，跳過配置保存
2025-08-15 22:57:37,608 - VALO360 - DEBUG - 自動保存已禁用，跳過配置保存
2025-08-15 22:57:37,608 - VALO360 - DEBUG - 自動保存已禁用，跳過配置保存
2025-08-15 22:57:37,608 - VALO360 - DEBUG - 自動保存已禁用，跳過配置保存
2025-08-15 22:57:37,608 - VALO360 - DEBUG - 自動保存已禁用，跳過配置保存
2025-08-15 22:57:37,608 - VALO360 - DEBUG - 自動保存已禁用，跳過配置保存
2025-08-15 22:57:37,608 - VALO360 - DEBUG - 自動保存已禁用，跳過配置保存
2025-08-15 22:57:37,608 - VALO360 - DEBUG - 自動保存已禁用，跳過配置保存
2025-08-15 22:57:37,609 - VALO360 - DEBUG - 自動保存已禁用，跳過配置保存
2025-08-15 22:57:37,609 - VALO360 - DEBUG - 自動保存已禁用，跳過配置保存
2025-08-15 22:57:37,609 - VALO360 - DEBUG - 自動保存已禁用，跳過配置保存
2025-08-15 22:57:37,609 - VALO360 - DEBUG - 自動保存已禁用，跳過配置保存
2025-08-15 22:57:37,610 - VALO360 - DEBUG - 自動保存已禁用，跳過配置保存
2025-08-15 22:57:37,610 - VALO360 - DEBUG - 自動保存已禁用，跳過配置保存
2025-08-15 22:57:37,610 - VALO360 - DEBUG - 自動保存已禁用，跳過配置保存
2025-08-15 22:57:37,610 - VALO360 - DEBUG - 自動保存已禁用，跳過配置保存
2025-08-15 22:57:37,613 - VALO360 - DEBUG - 自動保存已禁用，跳過配置保存
2025-08-15 22:57:37,613 - VALO360 - DEBUG - 自動保存已禁用，跳過配置保存
2025-08-15 22:57:37,613 - VALO360 - DEBUG - 自動保存已禁用，跳過配置保存
2025-08-15 22:57:37,613 - VALO360 - DEBUG - 自動保存已禁用，跳過配置保存
2025-08-15 22:57:40,210 - VALO360 - DEBUG - 自動保存已禁用，跳過配置保存
2025-08-15 22:57:40,210 - VALO360 - DEBUG - 自動保存已禁用，跳過配置保存
2025-08-15 22:57:40,210 - VALO360 - DEBUG - 自動保存已禁用，跳過配置保存
2025-08-15 22:57:40,211 - VALO360 - DEBUG - 自動保存已禁用，跳過配置保存
2025-08-15 22:57:40,958 - VALO360 - DEBUG - 自動保存已禁用，跳過配置保存
2025-08-15 22:57:40,958 - VALO360 - DEBUG - 自動保存已禁用，跳過配置保存
2025-08-15 22:57:40,958 - VALO360 - DEBUG - 自動保存已禁用，跳過配置保存
2025-08-15 22:57:40,958 - VALO360 - DEBUG - 自動保存已禁用，跳過配置保存
2025-08-15 22:57:40,961 - VALO360 - DEBUG - 自動保存已禁用，跳過配置保存
2025-08-15 22:57:40,961 - VALO360 - DEBUG - 自動保存已禁用，跳過配置保存
2025-08-15 22:57:40,961 - VALO360 - DEBUG - 自動保存已禁用，跳過配置保存
2025-08-15 22:57:40,962 - VALO360 - DEBUG - 自動保存已禁用，跳過配置保存
2025-08-15 22:57:40,973 - VALO360 - DEBUG - 自動保存已禁用，跳過配置保存
2025-08-15 22:57:40,973 - VALO360 - DEBUG - 自動保存已禁用，跳過配置保存
2025-08-15 22:57:40,973 - VALO360 - DEBUG - 自動保存已禁用，跳過配置保存
2025-08-15 22:57:40,973 - VALO360 - DEBUG - 自動保存已禁用，跳過配置保存
2025-08-15 22:57:40,974 - VALO360 - DEBUG - 自動保存已禁用，跳過配置保存
2025-08-15 22:57:40,974 - VALO360 - DEBUG - 自動保存已禁用，跳過配置保存
2025-08-15 22:57:40,974 - VALO360 - DEBUG - 自動保存已禁用，跳過配置保存
2025-08-15 22:57:40,974 - VALO360 - DEBUG - 自動保存已禁用，跳過配置保存
2025-08-15 22:57:40,974 - VALO360 - DEBUG - 自動保存已禁用，跳過配置保存
2025-08-15 22:57:40,974 - VALO360 - DEBUG - 自動保存已禁用，跳過配置保存
2025-08-15 22:57:40,974 - VALO360 - DEBUG - 自動保存已禁用，跳過配置保存
2025-08-15 22:57:40,975 - VALO360 - DEBUG - 自動保存已禁用，跳過配置保存
2025-08-15 22:57:40,977 - VALO360 - DEBUG - 自動保存已禁用，跳過配置保存
2025-08-15 22:57:40,977 - VALO360 - DEBUG - 自動保存已禁用，跳過配置保存
2025-08-15 22:57:40,977 - VALO360 - DEBUG - 自動保存已禁用，跳過配置保存
2025-08-15 22:57:40,977 - VALO360 - DEBUG - 自動保存已禁用，跳過配置保存
2025-08-15 22:57:40,979 - VALO360 - DEBUG - 自動保存已禁用，跳過配置保存
2025-08-15 22:57:40,979 - VALO360 - DEBUG - 自動保存已禁用，跳過配置保存
2025-08-15 22:57:40,979 - VALO360 - DEBUG - 自動保存已禁用，跳過配置保存
2025-08-15 22:57:40,979 - VALO360 - DEBUG - 自動保存已禁用，跳過配置保存
2025-08-15 22:57:40,985 - VALO360 - DEBUG - 自動保存已禁用，跳過配置保存
2025-08-15 22:57:40,985 - VALO360 - DEBUG - 自動保存已禁用，跳過配置保存
2025-08-15 22:57:40,985 - VALO360 - DEBUG - 自動保存已禁用，跳過配置保存
2025-08-15 22:57:40,985 - VALO360 - DEBUG - 自動保存已禁用，跳過配置保存
2025-08-15 22:57:40,986 - VALO360 - DEBUG - 自動保存已禁用，跳過配置保存
2025-08-15 22:57:40,986 - VALO360 - DEBUG - 自動保存已禁用，跳過配置保存
2025-08-15 22:57:40,986 - VALO360 - DEBUG - 自動保存已禁用，跳過配置保存
2025-08-15 22:57:40,986 - VALO360 - DEBUG - 自動保存已禁用，跳過配置保存
2025-08-15 22:57:40,988 - VALO360 - DEBUG - 自動保存已禁用，跳過配置保存
2025-08-15 22:57:40,988 - VALO360 - DEBUG - 自動保存已禁用，跳過配置保存
2025-08-15 22:57:40,988 - VALO360 - DEBUG - 自動保存已禁用，跳過配置保存
2025-08-15 22:57:40,988 - VALO360 - DEBUG - 自動保存已禁用，跳過配置保存
2025-08-15 22:57:40,989 - VALO360 - DEBUG - 自動保存已禁用，跳過配置保存
2025-08-15 22:57:40,989 - VALO360 - DEBUG - 自動保存已禁用，跳過配置保存
2025-08-15 22:57:40,989 - VALO360 - DEBUG - 自動保存已禁用，跳過配置保存
2025-08-15 22:57:40,989 - VALO360 - DEBUG - 自動保存已禁用，跳過配置保存
2025-08-15 22:57:40,990 - VALO360 - DEBUG - 自動保存已禁用，跳過配置保存
2025-08-15 22:57:40,991 - VALO360 - DEBUG - 自動保存已禁用，跳過配置保存
2025-08-15 22:57:40,991 - VALO360 - DEBUG - 自動保存已禁用，跳過配置保存
2025-08-15 22:57:40,991 - VALO360 - DEBUG - 自動保存已禁用，跳過配置保存
2025-08-15 22:57:40,991 - VALO360 - DEBUG - 自動保存已禁用，跳過配置保存
2025-08-15 22:57:40,992 - VALO360 - DEBUG - 自動保存已禁用，跳過配置保存
2025-08-15 22:57:40,992 - VALO360 - DEBUG - 自動保存已禁用，跳過配置保存
2025-08-15 22:57:40,992 - VALO360 - DEBUG - 自動保存已禁用，跳過配置保存
2025-08-15 22:57:40,993 - VALO360 - DEBUG - 自動保存已禁用，跳過配置保存
2025-08-15 22:57:40,993 - VALO360 - DEBUG - 自動保存已禁用，跳過配置保存
2025-08-15 22:57:40,993 - VALO360 - DEBUG - 自動保存已禁用，跳過配置保存
2025-08-15 22:57:40,993 - VALO360 - DEBUG - 自動保存已禁用，跳過配置保存
2025-08-15 22:57:40,993 - VALO360 - DEBUG - 自動保存已禁用，跳過配置保存
2025-08-15 22:57:40,994 - VALO360 - DEBUG - 自動保存已禁用，跳過配置保存
2025-08-15 22:57:40,994 - VALO360 - DEBUG - 自動保存已禁用，跳過配置保存
2025-08-15 22:57:40,994 - VALO360 - DEBUG - 自動保存已禁用，跳過配置保存
2025-08-15 22:57:40,996 - VALO360 - DEBUG - 自動保存已禁用，跳過配置保存
2025-08-15 22:57:40,996 - VALO360 - DEBUG - 自動保存已禁用，跳過配置保存
2025-08-15 22:57:40,996 - VALO360 - DEBUG - 自動保存已禁用，跳過配置保存
2025-08-15 22:57:40,996 - VALO360 - DEBUG - 自動保存已禁用，跳過配置保存
2025-08-15 22:57:40,997 - VALO360 - DEBUG - 自動保存已禁用，跳過配置保存
2025-08-15 22:57:40,997 - VALO360 - DEBUG - 自動保存已禁用，跳過配置保存
2025-08-15 22:57:40,997 - VALO360 - DEBUG - 自動保存已禁用，跳過配置保存
2025-08-15 22:57:40,997 - VALO360 - DEBUG - 自動保存已禁用，跳過配置保存
2025-08-15 22:57:40,998 - VALO360 - DEBUG - 自動保存已禁用，跳過配置保存
2025-08-15 22:57:40,998 - VALO360 - DEBUG - 自動保存已禁用，跳過配置保存
2025-08-15 22:57:40,998 - VALO360 - DEBUG - 自動保存已禁用，跳過配置保存
2025-08-15 22:57:40,999 - VALO360 - DEBUG - 自動保存已禁用，跳過配置保存
2025-08-15 22:57:40,999 - VALO360 - DEBUG - 自動保存已禁用，跳過配置保存
2025-08-15 22:57:40,999 - VALO360 - DEBUG - 自動保存已禁用，跳過配置保存
2025-08-15 22:57:41,000 - VALO360 - DEBUG - 自動保存已禁用，跳過配置保存
2025-08-15 22:57:41,000 - VALO360 - DEBUG - 自動保存已禁用，跳過配置保存
2025-08-15 22:57:41,000 - VALO360 - DEBUG - 自動保存已禁用，跳過配置保存
2025-08-15 22:57:41,001 - VALO360 - DEBUG - 自動保存已禁用，跳過配置保存
2025-08-15 22:57:41,001 - VALO360 - DEBUG - 自動保存已禁用，跳過配置保存
2025-08-15 22:57:41,001 - VALO360 - DEBUG - 自動保存已禁用，跳過配置保存
2025-08-15 22:57:41,002 - VALO360 - DEBUG - 自動保存已禁用，跳過配置保存
2025-08-15 22:57:41,002 - VALO360 - DEBUG - 自動保存已禁用，跳過配置保存
2025-08-15 22:57:41,002 - VALO360 - DEBUG - 自動保存已禁用，跳過配置保存
2025-08-15 22:57:41,002 - VALO360 - DEBUG - 自動保存已禁用，跳過配置保存
2025-08-15 22:57:41,004 - VALO360 - DEBUG - 自動保存已禁用，跳過配置保存
2025-08-15 22:57:41,004 - VALO360 - DEBUG - 自動保存已禁用，跳過配置保存
2025-08-15 22:57:41,004 - VALO360 - DEBUG - 自動保存已禁用，跳過配置保存
2025-08-15 22:57:41,004 - VALO360 - DEBUG - 自動保存已禁用，跳過配置保存
2025-08-15 22:57:41,005 - VALO360 - DEBUG - 自動保存已禁用，跳過配置保存
2025-08-15 22:57:41,005 - VALO360 - DEBUG - 自動保存已禁用，跳過配置保存
2025-08-15 22:57:41,006 - VALO360 - DEBUG - 自動保存已禁用，跳過配置保存
2025-08-15 22:57:41,006 - VALO360 - DEBUG - 自動保存已禁用，跳過配置保存
2025-08-15 22:57:41,006 - VALO360 - DEBUG - 自動保存已禁用，跳過配置保存
2025-08-15 22:57:41,007 - VALO360 - DEBUG - 自動保存已禁用，跳過配置保存
2025-08-15 22:57:41,007 - VALO360 - DEBUG - 自動保存已禁用，跳過配置保存
2025-08-15 22:57:41,007 - VALO360 - DEBUG - 自動保存已禁用，跳過配置保存
2025-08-15 22:57:41,008 - VALO360 - DEBUG - 自動保存已禁用，跳過配置保存
2025-08-15 22:57:41,008 - VALO360 - DEBUG - 自動保存已禁用，跳過配置保存
2025-08-15 22:57:41,008 - VALO360 - DEBUG - 自動保存已禁用，跳過配置保存
2025-08-15 22:57:41,008 - VALO360 - DEBUG - 自動保存已禁用，跳過配置保存
2025-08-15 22:57:41,009 - VALO360 - DEBUG - 自動保存已禁用，跳過配置保存
2025-08-15 22:57:41,009 - VALO360 - DEBUG - 自動保存已禁用，跳過配置保存
2025-08-15 22:57:41,009 - VALO360 - DEBUG - 自動保存已禁用，跳過配置保存
2025-08-15 22:57:41,009 - VALO360 - DEBUG - 自動保存已禁用，跳過配置保存
2025-08-15 22:57:41,011 - VALO360 - DEBUG - 自動保存已禁用，跳過配置保存
2025-08-15 22:57:41,011 - VALO360 - DEBUG - 自動保存已禁用，跳過配置保存
2025-08-15 22:57:41,011 - VALO360 - DEBUG - 自動保存已禁用，跳過配置保存
2025-08-15 22:57:41,011 - VALO360 - DEBUG - 自動保存已禁用，跳過配置保存
2025-08-15 22:57:41,012 - VALO360 - DEBUG - 自動保存已禁用，跳過配置保存
2025-08-15 22:57:41,012 - VALO360 - DEBUG - 自動保存已禁用，跳過配置保存
2025-08-15 22:57:41,012 - VALO360 - DEBUG - 自動保存已禁用，跳過配置保存
2025-08-15 22:57:41,012 - VALO360 - DEBUG - 自動保存已禁用，跳過配置保存
2025-08-15 22:57:41,013 - VALO360 - DEBUG - 自動保存已禁用，跳過配置保存
2025-08-15 22:57:41,013 - VALO360 - DEBUG - 自動保存已禁用，跳過配置保存
2025-08-15 22:57:41,013 - VALO360 - DEBUG - 自動保存已禁用，跳過配置保存
2025-08-15 22:57:41,013 - VALO360 - DEBUG - 自動保存已禁用，跳過配置保存
2025-08-15 22:57:41,014 - VALO360 - DEBUG - 自動保存已禁用，跳過配置保存
2025-08-15 22:57:41,014 - VALO360 - DEBUG - 自動保存已禁用，跳過配置保存
2025-08-15 22:57:41,014 - VALO360 - DEBUG - 自動保存已禁用，跳過配置保存
2025-08-15 22:57:41,014 - VALO360 - DEBUG - 自動保存已禁用，跳過配置保存
2025-08-15 22:57:41,015 - VALO360 - DEBUG - 自動保存已禁用，跳過配置保存
2025-08-15 22:57:41,015 - VALO360 - DEBUG - 自動保存已禁用，跳過配置保存
2025-08-15 22:57:41,015 - VALO360 - DEBUG - 自動保存已禁用，跳過配置保存
2025-08-15 22:57:41,015 - VALO360 - DEBUG - 自動保存已禁用，跳過配置保存
2025-08-15 22:57:41,016 - VALO360 - DEBUG - 自動保存已禁用，跳過配置保存
2025-08-15 22:57:41,016 - VALO360 - DEBUG - 自動保存已禁用，跳過配置保存
2025-08-15 22:57:41,016 - VALO360 - DEBUG - 自動保存已禁用，跳過配置保存
2025-08-15 22:57:41,016 - VALO360 - DEBUG - 自動保存已禁用，跳過配置保存
2025-08-15 22:57:41,020 - VALO360 - DEBUG - 自動保存已禁用，跳過配置保存
2025-08-15 22:57:41,020 - VALO360 - DEBUG - 自動保存已禁用，跳過配置保存
2025-08-15 22:57:41,020 - VALO360 - DEBUG - 自動保存已禁用，跳過配置保存
2025-08-15 22:57:41,020 - VALO360 - DEBUG - 自動保存已禁用，跳過配置保存
2025-08-15 22:57:41,021 - VALO360 - DEBUG - 自動保存已禁用，跳過配置保存
2025-08-15 22:57:41,021 - VALO360 - DEBUG - 自動保存已禁用，跳過配置保存
2025-08-15 22:57:41,021 - VALO360 - DEBUG - 自動保存已禁用，跳過配置保存
2025-08-15 22:57:41,021 - VALO360 - DEBUG - 自動保存已禁用，跳過配置保存
2025-08-15 22:57:41,022 - VALO360 - DEBUG - 自動保存已禁用，跳過配置保存
2025-08-15 22:57:41,022 - VALO360 - DEBUG - 自動保存已禁用，跳過配置保存
2025-08-15 22:57:41,022 - VALO360 - DEBUG - 自動保存已禁用，跳過配置保存
2025-08-15 22:57:41,022 - VALO360 - DEBUG - 自動保存已禁用，跳過配置保存
2025-08-15 22:57:41,023 - VALO360 - DEBUG - 自動保存已禁用，跳過配置保存
2025-08-15 22:57:41,023 - VALO360 - DEBUG - 自動保存已禁用，跳過配置保存
2025-08-15 22:57:41,023 - VALO360 - DEBUG - 自動保存已禁用，跳過配置保存
2025-08-15 22:57:41,024 - VALO360 - DEBUG - 自動保存已禁用，跳過配置保存
2025-08-15 22:57:41,024 - VALO360 - DEBUG - 自動保存已禁用，跳過配置保存
2025-08-15 22:57:41,025 - VALO360 - DEBUG - 自動保存已禁用，跳過配置保存
2025-08-15 22:57:41,025 - VALO360 - DEBUG - 自動保存已禁用，跳過配置保存
2025-08-15 22:57:41,025 - VALO360 - DEBUG - 自動保存已禁用，跳過配置保存
2025-08-15 22:57:41,026 - VALO360 - DEBUG - 自動保存已禁用，跳過配置保存
2025-08-15 22:57:41,026 - VALO360 - DEBUG - 自動保存已禁用，跳過配置保存
2025-08-15 22:57:41,027 - VALO360 - DEBUG - 自動保存已禁用，跳過配置保存
2025-08-15 22:57:41,027 - VALO360 - DEBUG - 自動保存已禁用，跳過配置保存
2025-08-15 22:57:41,028 - VALO360 - DEBUG - 自動保存已禁用，跳過配置保存
2025-08-15 22:57:41,028 - VALO360 - DEBUG - 自動保存已禁用，跳過配置保存
2025-08-15 22:57:41,028 - VALO360 - DEBUG - 自動保存已禁用，跳過配置保存
2025-08-15 22:57:41,028 - VALO360 - DEBUG - 自動保存已禁用，跳過配置保存
2025-08-15 22:57:41,036 - VALO360 - DEBUG - 自動保存已禁用，跳過配置保存
2025-08-15 22:57:41,036 - VALO360 - DEBUG - 自動保存已禁用，跳過配置保存
2025-08-15 22:57:41,036 - VALO360 - DEBUG - 自動保存已禁用，跳過配置保存
2025-08-15 22:57:41,037 - VALO360 - DEBUG - 自動保存已禁用，跳過配置保存
2025-08-15 22:57:41,037 - VALO360 - DEBUG - 自動保存已禁用，跳過配置保存
2025-08-15 22:57:41,037 - VALO360 - DEBUG - 自動保存已禁用，跳過配置保存
2025-08-15 22:57:41,037 - VALO360 - DEBUG - 自動保存已禁用，跳過配置保存
2025-08-15 22:57:41,038 - VALO360 - DEBUG - 自動保存已禁用，跳過配置保存
2025-08-15 22:57:41,038 - VALO360 - DEBUG - 自動保存已禁用，跳過配置保存
2025-08-15 22:57:41,038 - VALO360 - DEBUG - 自動保存已禁用，跳過配置保存
2025-08-15 22:57:41,038 - VALO360 - DEBUG - 自動保存已禁用，跳過配置保存
2025-08-15 22:57:41,039 - VALO360 - DEBUG - 自動保存已禁用，跳過配置保存
2025-08-15 22:57:41,039 - VALO360 - DEBUG - 自動保存已禁用，跳過配置保存
2025-08-15 22:57:41,039 - VALO360 - DEBUG - 自動保存已禁用，跳過配置保存
2025-08-15 22:57:41,039 - VALO360 - DEBUG - 自動保存已禁用，跳過配置保存
2025-08-15 22:57:41,040 - VALO360 - DEBUG - 自動保存已禁用，跳過配置保存
2025-08-15 22:57:41,040 - VALO360 - DEBUG - 自動保存已禁用，跳過配置保存
2025-08-15 22:57:41,040 - VALO360 - DEBUG - 自動保存已禁用，跳過配置保存
2025-08-15 22:57:41,040 - VALO360 - DEBUG - 自動保存已禁用，跳過配置保存
2025-08-15 22:57:41,041 - VALO360 - DEBUG - 自動保存已禁用，跳過配置保存
2025-08-15 22:57:41,041 - VALO360 - DEBUG - 自動保存已禁用，跳過配置保存
2025-08-15 22:57:41,041 - VALO360 - DEBUG - 自動保存已禁用，跳過配置保存
2025-08-15 22:57:41,041 - VALO360 - DEBUG - 自動保存已禁用，跳過配置保存
2025-08-15 22:57:41,042 - VALO360 - DEBUG - 自動保存已禁用，跳過配置保存
2025-08-15 22:57:41,042 - VALO360 - DEBUG - 自動保存已禁用，跳過配置保存
2025-08-15 22:57:41,042 - VALO360 - DEBUG - 自動保存已禁用，跳過配置保存
2025-08-15 22:57:41,043 - VALO360 - DEBUG - 自動保存已禁用，跳過配置保存
2025-08-15 22:57:41,043 - VALO360 - DEBUG - 自動保存已禁用，跳過配置保存
2025-08-15 22:57:41,043 - VALO360 - DEBUG - 自動保存已禁用，跳過配置保存
2025-08-15 22:57:41,043 - VALO360 - DEBUG - 自動保存已禁用，跳過配置保存
2025-08-15 22:57:41,043 - VALO360 - DEBUG - 自動保存已禁用，跳過配置保存
2025-08-15 22:57:41,044 - VALO360 - DEBUG - 自動保存已禁用，跳過配置保存
2025-08-15 22:58:17,760 - VALO360 - DEBUG - 自動保存已禁用，跳過配置保存
2025-08-15 22:58:17,760 - VALO360 - DEBUG - 自動保存已禁用，跳過配置保存
2025-08-15 22:58:17,760 - VALO360 - DEBUG - 自動保存已禁用，跳過配置保存
2025-08-15 22:58:17,760 - VALO360 - DEBUG - 自動保存已禁用，跳過配置保存
2025-08-15 22:58:17,764 - VALO360 - DEBUG - 自動保存已禁用，跳過配置保存
2025-08-15 22:58:17,764 - VALO360 - DEBUG - 自動保存已禁用，跳過配置保存
2025-08-15 22:58:17,764 - VALO360 - DEBUG - 自動保存已禁用，跳過配置保存
2025-08-15 22:58:17,765 - VALO360 - DEBUG - 自動保存已禁用，跳過配置保存
2025-08-15 22:58:17,765 - VALO360 - DEBUG - 自動保存已禁用，跳過配置保存
2025-08-15 22:58:17,765 - VALO360 - DEBUG - 自動保存已禁用，跳過配置保存
2025-08-15 22:58:17,765 - VALO360 - DEBUG - 自動保存已禁用，跳過配置保存
2025-08-15 22:58:17,765 - VALO360 - DEBUG - 自動保存已禁用，跳過配置保存
2025-08-15 22:58:17,765 - VALO360 - DEBUG - 自動保存已禁用，跳過配置保存
2025-08-15 22:58:17,766 - VALO360 - DEBUG - 自動保存已禁用，跳過配置保存
2025-08-15 22:58:17,766 - VALO360 - DEBUG - 自動保存已禁用，跳過配置保存
2025-08-15 22:58:17,766 - VALO360 - DEBUG - 自動保存已禁用，跳過配置保存
2025-08-15 22:58:17,779 - VALO360 - DEBUG - 自動保存已禁用，跳過配置保存
2025-08-15 22:58:17,779 - VALO360 - DEBUG - 自動保存已禁用，跳過配置保存
2025-08-15 22:58:17,779 - VALO360 - DEBUG - 自動保存已禁用，跳過配置保存
2025-08-15 22:58:17,780 - VALO360 - DEBUG - 自動保存已禁用，跳過配置保存
2025-08-15 22:58:17,780 - VALO360 - DEBUG - 自動保存已禁用，跳過配置保存
2025-08-15 22:58:17,780 - VALO360 - DEBUG - 自動保存已禁用，跳過配置保存
2025-08-15 22:58:17,781 - VALO360 - DEBUG - 自動保存已禁用，跳過配置保存
2025-08-15 22:58:17,781 - VALO360 - DEBUG - 自動保存已禁用，跳過配置保存
2025-08-15 22:58:17,781 - VALO360 - DEBUG - 自動保存已禁用，跳過配置保存
2025-08-15 22:58:17,781 - VALO360 - DEBUG - 自動保存已禁用，跳過配置保存
2025-08-15 22:58:17,781 - VALO360 - DEBUG - 自動保存已禁用，跳過配置保存
2025-08-15 22:58:17,782 - VALO360 - DEBUG - 自動保存已禁用，跳過配置保存
2025-08-15 22:58:17,783 - VALO360 - DEBUG - 自動保存已禁用，跳過配置保存
2025-08-15 22:58:17,783 - VALO360 - DEBUG - 自動保存已禁用，跳過配置保存
2025-08-15 22:58:17,784 - VALO360 - DEBUG - 自動保存已禁用，跳過配置保存
2025-08-15 22:58:17,784 - VALO360 - DEBUG - 自動保存已禁用，跳過配置保存
2025-08-15 22:58:17,785 - VALO360 - DEBUG - 自動保存已禁用，跳過配置保存
2025-08-15 22:58:17,785 - VALO360 - DEBUG - 自動保存已禁用，跳過配置保存
2025-08-15 22:58:17,785 - VALO360 - DEBUG - 自動保存已禁用，跳過配置保存
2025-08-15 22:58:17,785 - VALO360 - DEBUG - 自動保存已禁用，跳過配置保存
2025-08-15 22:58:17,785 - VALO360 - DEBUG - 自動保存已禁用，跳過配置保存
2025-08-15 22:58:17,786 - VALO360 - DEBUG - 自動保存已禁用，跳過配置保存
2025-08-15 22:58:17,786 - VALO360 - DEBUG - 自動保存已禁用，跳過配置保存
2025-08-15 22:58:17,786 - VALO360 - DEBUG - 自動保存已禁用，跳過配置保存
2025-08-15 22:58:17,790 - VALO360 - DEBUG - 自動保存已禁用，跳過配置保存
2025-08-15 22:58:17,790 - VALO360 - DEBUG - 自動保存已禁用，跳過配置保存
2025-08-15 22:58:17,790 - VALO360 - DEBUG - 自動保存已禁用，跳過配置保存
2025-08-15 22:58:17,790 - VALO360 - DEBUG - 自動保存已禁用，跳過配置保存
2025-08-15 22:58:17,791 - VALO360 - DEBUG - 自動保存已禁用，跳過配置保存
2025-08-15 22:58:17,791 - VALO360 - DEBUG - 自動保存已禁用，跳過配置保存
2025-08-15 22:58:17,791 - VALO360 - DEBUG - 自動保存已禁用，跳過配置保存
2025-08-15 22:58:17,792 - VALO360 - DEBUG - 自動保存已禁用，跳過配置保存
2025-08-15 22:58:17,792 - VALO360 - DEBUG - 自動保存已禁用，跳過配置保存
2025-08-15 22:58:17,792 - VALO360 - DEBUG - 自動保存已禁用，跳過配置保存
2025-08-15 22:58:17,792 - VALO360 - DEBUG - 自動保存已禁用，跳過配置保存
2025-08-15 22:58:17,793 - VALO360 - DEBUG - 自動保存已禁用，跳過配置保存
2025-08-15 22:58:17,794 - VALO360 - DEBUG - 自動保存已禁用，跳過配置保存
2025-08-15 22:58:17,794 - VALO360 - DEBUG - 自動保存已禁用，跳過配置保存
2025-08-15 22:58:17,795 - VALO360 - DEBUG - 自動保存已禁用，跳過配置保存
2025-08-15 22:58:17,795 - VALO360 - DEBUG - 自動保存已禁用，跳過配置保存
2025-08-15 22:58:17,795 - VALO360 - DEBUG - 自動保存已禁用，跳過配置保存
2025-08-15 22:58:17,795 - VALO360 - DEBUG - 自動保存已禁用，跳過配置保存
2025-08-15 22:58:17,795 - VALO360 - DEBUG - 自動保存已禁用，跳過配置保存
2025-08-15 22:58:17,795 - VALO360 - DEBUG - 自動保存已禁用，跳過配置保存
2025-08-15 22:58:17,797 - VALO360 - DEBUG - 自動保存已禁用，跳過配置保存
2025-08-15 22:58:17,797 - VALO360 - DEBUG - 自動保存已禁用，跳過配置保存
2025-08-15 22:58:17,797 - VALO360 - DEBUG - 自動保存已禁用，跳過配置保存
2025-08-15 22:58:17,797 - VALO360 - DEBUG - 自動保存已禁用，跳過配置保存
2025-08-15 22:58:17,798 - VALO360 - DEBUG - 自動保存已禁用，跳過配置保存
2025-08-15 22:58:17,798 - VALO360 - DEBUG - 自動保存已禁用，跳過配置保存
2025-08-15 22:58:17,798 - VALO360 - DEBUG - 自動保存已禁用，跳過配置保存
2025-08-15 22:58:17,798 - VALO360 - DEBUG - 自動保存已禁用，跳過配置保存
2025-08-15 22:58:17,800 - VALO360 - DEBUG - 自動保存已禁用，跳過配置保存
2025-08-15 22:58:17,800 - VALO360 - DEBUG - 自動保存已禁用，跳過配置保存
2025-08-15 22:58:17,800 - VALO360 - DEBUG - 自動保存已禁用，跳過配置保存
2025-08-15 22:58:17,800 - VALO360 - DEBUG - 自動保存已禁用，跳過配置保存
2025-08-15 22:58:17,800 - VALO360 - DEBUG - 自動保存已禁用，跳過配置保存
2025-08-15 22:58:17,800 - VALO360 - DEBUG - 自動保存已禁用，跳過配置保存
2025-08-15 22:58:17,800 - VALO360 - DEBUG - 自動保存已禁用，跳過配置保存
2025-08-15 22:58:17,801 - VALO360 - DEBUG - 自動保存已禁用，跳過配置保存
2025-08-15 22:58:17,801 - VALO360 - DEBUG - 自動保存已禁用，跳過配置保存
2025-08-15 22:58:17,801 - VALO360 - DEBUG - 自動保存已禁用，跳過配置保存
2025-08-15 22:58:17,802 - VALO360 - DEBUG - 自動保存已禁用，跳過配置保存
2025-08-15 22:58:17,802 - VALO360 - DEBUG - 自動保存已禁用，跳過配置保存
2025-08-15 22:58:17,802 - VALO360 - DEBUG - 自動保存已禁用，跳過配置保存
2025-08-15 22:58:17,802 - VALO360 - DEBUG - 自動保存已禁用，跳過配置保存
2025-08-15 22:58:17,802 - VALO360 - DEBUG - 自動保存已禁用，跳過配置保存
2025-08-15 22:58:17,803 - VALO360 - DEBUG - 自動保存已禁用，跳過配置保存
2025-08-15 22:58:17,803 - VALO360 - DEBUG - 自動保存已禁用，跳過配置保存
2025-08-15 22:58:17,803 - VALO360 - DEBUG - 自動保存已禁用，跳過配置保存
2025-08-15 22:58:17,803 - VALO360 - DEBUG - 自動保存已禁用，跳過配置保存
2025-08-15 22:58:17,803 - VALO360 - DEBUG - 自動保存已禁用，跳過配置保存
2025-08-15 22:58:17,805 - VALO360 - DEBUG - 自動保存已禁用，跳過配置保存
2025-08-15 22:58:17,805 - VALO360 - DEBUG - 自動保存已禁用，跳過配置保存
2025-08-15 22:58:17,805 - VALO360 - DEBUG - 自動保存已禁用，跳過配置保存
2025-08-15 22:58:17,805 - VALO360 - DEBUG - 自動保存已禁用，跳過配置保存
2025-08-15 22:58:17,806 - VALO360 - DEBUG - 自動保存已禁用，跳過配置保存
2025-08-15 22:58:17,806 - VALO360 - DEBUG - 自動保存已禁用，跳過配置保存
2025-08-15 22:58:17,806 - VALO360 - DEBUG - 自動保存已禁用，跳過配置保存
2025-08-15 22:58:17,806 - VALO360 - DEBUG - 自動保存已禁用，跳過配置保存
2025-08-15 22:58:17,807 - VALO360 - DEBUG - 自動保存已禁用，跳過配置保存
2025-08-15 22:58:17,807 - VALO360 - DEBUG - 自動保存已禁用，跳過配置保存
2025-08-15 22:58:17,807 - VALO360 - DEBUG - 自動保存已禁用，跳過配置保存
2025-08-15 22:58:17,807 - VALO360 - DEBUG - 自動保存已禁用，跳過配置保存
2025-08-15 22:58:17,810 - VALO360 - DEBUG - 自動保存已禁用，跳過配置保存
2025-08-15 22:58:17,810 - VALO360 - DEBUG - 自動保存已禁用，跳過配置保存
2025-08-15 22:58:17,810 - VALO360 - DEBUG - 自動保存已禁用，跳過配置保存
2025-08-15 22:58:17,810 - VALO360 - DEBUG - 自動保存已禁用，跳過配置保存
2025-08-15 22:58:17,810 - VALO360 - DEBUG - 自動保存已禁用，跳過配置保存
2025-08-15 22:58:17,811 - VALO360 - DEBUG - 自動保存已禁用，跳過配置保存
2025-08-15 22:58:17,811 - VALO360 - DEBUG - 自動保存已禁用，跳過配置保存
2025-08-15 22:58:17,811 - VALO360 - DEBUG - 自動保存已禁用，跳過配置保存
2025-08-15 22:58:17,813 - VALO360 - DEBUG - 自動保存已禁用，跳過配置保存
2025-08-15 22:58:17,813 - VALO360 - DEBUG - 自動保存已禁用，跳過配置保存
2025-08-15 22:58:17,813 - VALO360 - DEBUG - 自動保存已禁用，跳過配置保存
2025-08-15 22:58:17,813 - VALO360 - DEBUG - 自動保存已禁用，跳過配置保存
2025-08-15 22:58:17,814 - VALO360 - DEBUG - 自動保存已禁用，跳過配置保存
2025-08-15 22:58:17,814 - VALO360 - DEBUG - 自動保存已禁用，跳過配置保存
2025-08-15 22:58:17,814 - VALO360 - DEBUG - 自動保存已禁用，跳過配置保存
2025-08-15 22:58:17,814 - VALO360 - DEBUG - 自動保存已禁用，跳過配置保存
2025-08-15 22:58:17,815 - VALO360 - DEBUG - 自動保存已禁用，跳過配置保存
2025-08-15 22:58:17,815 - VALO360 - DEBUG - 自動保存已禁用，跳過配置保存
2025-08-15 22:58:17,815 - VALO360 - DEBUG - 自動保存已禁用，跳過配置保存
2025-08-15 22:58:17,815 - VALO360 - DEBUG - 自動保存已禁用，跳過配置保存
2025-08-15 22:58:17,816 - VALO360 - DEBUG - 自動保存已禁用，跳過配置保存
2025-08-15 22:58:17,816 - VALO360 - DEBUG - 自動保存已禁用，跳過配置保存
2025-08-15 22:58:17,816 - VALO360 - DEBUG - 自動保存已禁用，跳過配置保存
2025-08-15 22:58:17,816 - VALO360 - DEBUG - 自動保存已禁用，跳過配置保存
2025-08-15 22:58:17,817 - VALO360 - DEBUG - 自動保存已禁用，跳過配置保存
2025-08-15 22:58:17,817 - VALO360 - DEBUG - 自動保存已禁用，跳過配置保存
2025-08-15 22:58:17,817 - VALO360 - DEBUG - 自動保存已禁用，跳過配置保存
2025-08-15 22:58:17,817 - VALO360 - DEBUG - 自動保存已禁用，跳過配置保存
2025-08-15 22:58:17,818 - VALO360 - DEBUG - 自動保存已禁用，跳過配置保存
2025-08-15 22:58:17,818 - VALO360 - DEBUG - 自動保存已禁用，跳過配置保存
2025-08-15 22:58:17,818 - VALO360 - DEBUG - 自動保存已禁用，跳過配置保存
2025-08-15 22:58:17,818 - VALO360 - DEBUG - 自動保存已禁用，跳過配置保存
2025-08-15 22:58:17,823 - VALO360 - DEBUG - 自動保存已禁用，跳過配置保存
2025-08-15 22:58:17,823 - VALO360 - DEBUG - 自動保存已禁用，跳過配置保存
2025-08-15 22:58:17,824 - VALO360 - DEBUG - 自動保存已禁用，跳過配置保存
2025-08-15 22:58:17,824 - VALO360 - DEBUG - 自動保存已禁用，跳過配置保存
2025-08-15 22:58:17,824 - VALO360 - DEBUG - 自動保存已禁用，跳過配置保存
2025-08-15 22:58:17,824 - VALO360 - DEBUG - 自動保存已禁用，跳過配置保存
2025-08-15 22:58:17,825 - VALO360 - DEBUG - 自動保存已禁用，跳過配置保存
2025-08-15 22:58:17,825 - VALO360 - DEBUG - 自動保存已禁用，跳過配置保存
2025-08-15 22:58:20,113 - VALO360 - DEBUG - 自動保存已禁用，跳過配置保存
2025-08-15 22:58:20,114 - VALO360 - DEBUG - 自動保存已禁用，跳過配置保存
2025-08-15 22:58:20,114 - VALO360 - DEBUG - 自動保存已禁用，跳過配置保存
2025-08-15 22:58:20,114 - VALO360 - DEBUG - 自動保存已禁用，跳過配置保存
2025-08-15 22:58:47,221 - VALO360 - DEBUG - 自動保存已禁用，跳過配置保存
2025-08-15 22:58:47,226 - VALO360 - DEBUG - 配置已備份至: backup\setup_backup_20250815_225847.json
2025-08-15 22:58:47,237 - VALO360 - DEBUG - 配置保存成功
2025-08-15 22:58:47,238 - VALO360 - DEBUG - 自動保存已禁用，跳過配置保存
2025-08-15 22:58:47,252 - VALO360 - DEBUG - 自動保存已禁用，跳過配置保存
2025-08-15 22:58:47,252 - VALO360 - DEBUG - 自動保存已禁用，跳過配置保存
2025-08-15 22:58:47,252 - VALO360 - DEBUG - 自動保存已禁用，跳過配置保存
2025-08-15 22:58:47,252 - VALO360 - DEBUG - 自動保存已禁用，跳過配置保存
2025-08-15 22:58:47,293 - VALO360 - DEBUG - 自動保存已禁用，跳過配置保存
2025-08-15 22:58:47,293 - VALO360 - DEBUG - 自動保存已禁用，跳過配置保存
2025-08-15 22:58:47,293 - VALO360 - DEBUG - 自動保存已禁用，跳過配置保存
2025-08-15 22:58:47,293 - VALO360 - DEBUG - 自動保存已禁用，跳過配置保存
2025-08-15 22:58:47,298 - VALO360 - DEBUG - 自動保存已禁用，跳過配置保存
2025-08-15 22:58:47,298 - VALO360 - DEBUG - 自動保存已禁用，跳過配置保存
2025-08-15 22:58:47,298 - VALO360 - DEBUG - 自動保存已禁用，跳過配置保存
2025-08-15 22:58:47,298 - VALO360 - DEBUG - 自動保存已禁用，跳過配置保存
2025-08-15 22:58:47,299 - VALO360 - DEBUG - 自動保存已禁用，跳過配置保存
2025-08-15 22:58:47,299 - VALO360 - DEBUG - 自動保存已禁用，跳過配置保存
2025-08-15 22:58:47,299 - VALO360 - DEBUG - 自動保存已禁用，跳過配置保存
2025-08-15 22:58:47,299 - VALO360 - DEBUG - 自動保存已禁用，跳過配置保存
2025-08-15 22:58:47,300 - VALO360 - DEBUG - 自動保存已禁用，跳過配置保存
2025-08-15 22:58:47,300 - VALO360 - DEBUG - 自動保存已禁用，跳過配置保存
2025-08-15 22:58:47,301 - VALO360 - DEBUG - 自動保存已禁用，跳過配置保存
2025-08-15 22:58:47,301 - VALO360 - DEBUG - 自動保存已禁用，跳過配置保存
2025-08-15 22:58:47,302 - VALO360 - DEBUG - 自動保存已禁用，跳過配置保存
2025-08-15 22:58:47,302 - VALO360 - DEBUG - 自動保存已禁用，跳過配置保存
2025-08-15 22:58:47,302 - VALO360 - DEBUG - 自動保存已禁用，跳過配置保存
2025-08-15 22:58:47,302 - VALO360 - DEBUG - 自動保存已禁用，跳過配置保存
2025-08-15 22:58:47,306 - VALO360 - DEBUG - 自動保存已禁用，跳過配置保存
2025-08-15 22:58:47,306 - VALO360 - DEBUG - 自動保存已禁用，跳過配置保存
2025-08-15 22:58:47,306 - VALO360 - DEBUG - 自動保存已禁用，跳過配置保存
2025-08-15 22:58:47,306 - VALO360 - DEBUG - 自動保存已禁用，跳過配置保存
2025-08-15 22:58:47,306 - VALO360 - DEBUG - 自動保存已禁用，跳過配置保存
2025-08-15 22:58:47,307 - VALO360 - DEBUG - 自動保存已禁用，跳過配置保存
2025-08-15 22:58:47,307 - VALO360 - DEBUG - 自動保存已禁用，跳過配置保存
2025-08-15 22:58:47,307 - VALO360 - DEBUG - 自動保存已禁用，跳過配置保存
2025-08-15 22:58:47,323 - VALO360 - DEBUG - 自動保存已禁用，跳過配置保存
2025-08-15 22:58:47,323 - VALO360 - DEBUG - 自動保存已禁用，跳過配置保存
2025-08-15 22:58:47,323 - VALO360 - DEBUG - 自動保存已禁用，跳過配置保存
2025-08-15 22:58:47,323 - VALO360 - DEBUG - 自動保存已禁用，跳過配置保存
2025-08-15 22:58:47,324 - VALO360 - DEBUG - 自動保存已禁用，跳過配置保存
2025-08-15 22:58:47,324 - VALO360 - DEBUG - 自動保存已禁用，跳過配置保存
2025-08-15 22:58:47,324 - VALO360 - DEBUG - 自動保存已禁用，跳過配置保存
2025-08-15 22:58:47,324 - VALO360 - DEBUG - 自動保存已禁用，跳過配置保存
2025-08-15 22:58:47,325 - VALO360 - DEBUG - 自動保存已禁用，跳過配置保存
2025-08-15 22:58:47,325 - VALO360 - DEBUG - 自動保存已禁用，跳過配置保存
2025-08-15 22:58:47,325 - VALO360 - DEBUG - 自動保存已禁用，跳過配置保存
2025-08-15 22:58:47,325 - VALO360 - DEBUG - 自動保存已禁用，跳過配置保存
2025-08-15 22:58:47,326 - VALO360 - DEBUG - 自動保存已禁用，跳過配置保存
2025-08-15 22:58:47,326 - VALO360 - DEBUG - 自動保存已禁用，跳過配置保存
2025-08-15 22:58:47,326 - VALO360 - DEBUG - 自動保存已禁用，跳過配置保存
2025-08-15 22:58:47,326 - VALO360 - DEBUG - 自動保存已禁用，跳過配置保存
2025-08-15 22:58:47,326 - VALO360 - DEBUG - 自動保存已禁用，跳過配置保存
2025-08-15 22:58:47,327 - VALO360 - DEBUG - 自動保存已禁用，跳過配置保存
2025-08-15 22:58:47,327 - VALO360 - DEBUG - 自動保存已禁用，跳過配置保存
2025-08-15 22:58:47,327 - VALO360 - DEBUG - 自動保存已禁用，跳過配置保存
2025-08-15 22:58:47,327 - VALO360 - DEBUG - 自動保存已禁用，跳過配置保存
2025-08-15 22:58:47,327 - VALO360 - DEBUG - 自動保存已禁用，跳過配置保存
2025-08-15 22:58:47,328 - VALO360 - DEBUG - 自動保存已禁用，跳過配置保存
2025-08-15 22:58:47,328 - VALO360 - DEBUG - 自動保存已禁用，跳過配置保存
2025-08-15 22:58:47,331 - VALO360 - DEBUG - 自動保存已禁用，跳過配置保存
2025-08-15 22:58:47,331 - VALO360 - DEBUG - 自動保存已禁用，跳過配置保存
2025-08-15 22:58:47,332 - VALO360 - DEBUG - 自動保存已禁用，跳過配置保存
2025-08-15 22:58:47,332 - VALO360 - DEBUG - 自動保存已禁用，跳過配置保存
2025-08-15 22:58:47,332 - VALO360 - DEBUG - 自動保存已禁用，跳過配置保存
2025-08-15 22:58:47,332 - VALO360 - DEBUG - 自動保存已禁用，跳過配置保存
2025-08-15 22:58:47,333 - VALO360 - DEBUG - 自動保存已禁用，跳過配置保存
2025-08-15 22:58:47,333 - VALO360 - DEBUG - 自動保存已禁用，跳過配置保存
2025-08-15 22:58:47,334 - VALO360 - DEBUG - 自動保存已禁用，跳過配置保存
2025-08-15 22:58:47,334 - VALO360 - DEBUG - 自動保存已禁用，跳過配置保存
2025-08-15 22:58:47,334 - VALO360 - DEBUG - 自動保存已禁用，跳過配置保存
2025-08-15 22:58:47,334 - VALO360 - DEBUG - 自動保存已禁用，跳過配置保存
2025-08-15 22:58:47,334 - VALO360 - DEBUG - 自動保存已禁用，跳過配置保存
2025-08-15 22:58:47,334 - VALO360 - DEBUG - 自動保存已禁用，跳過配置保存
2025-08-15 22:58:47,335 - VALO360 - DEBUG - 自動保存已禁用，跳過配置保存
2025-08-15 22:58:47,335 - VALO360 - DEBUG - 自動保存已禁用，跳過配置保存
2025-08-15 22:58:47,336 - VALO360 - DEBUG - 自動保存已禁用，跳過配置保存
2025-08-15 22:58:47,336 - VALO360 - DEBUG - 自動保存已禁用，跳過配置保存
2025-08-15 22:58:47,336 - VALO360 - DEBUG - 自動保存已禁用，跳過配置保存
2025-08-15 22:58:47,336 - VALO360 - DEBUG - 自動保存已禁用，跳過配置保存
2025-08-15 22:58:47,336 - VALO360 - DEBUG - 自動保存已禁用，跳過配置保存
2025-08-15 22:58:47,337 - VALO360 - DEBUG - 自動保存已禁用，跳過配置保存
2025-08-15 22:58:47,337 - VALO360 - DEBUG - 自動保存已禁用，跳過配置保存
2025-08-15 22:58:47,337 - VALO360 - DEBUG - 自動保存已禁用，跳過配置保存
2025-08-15 22:58:47,558 - VALO360 - DEBUG - 找到 3 個COM口: ['COM1', 'COM3', 'COM4']
2025-08-15 22:58:47,572 - VALO360 - DEBUG - 自動保存已禁用，跳過配置保存
2025-08-15 22:58:47,572 - VALO360 - DEBUG - 自動保存已禁用，跳過配置保存
2025-08-15 22:58:47,573 - VALO360 - DEBUG - 自動保存已禁用，跳過配置保存
2025-08-15 22:58:47,573 - VALO360 - DEBUG - 自動保存已禁用，跳過配置保存
2025-08-15 22:58:47,573 - VALO360 - DEBUG - 自動保存已禁用，跳過配置保存
2025-08-15 22:58:47,573 - VALO360 - DEBUG - 自動保存已禁用，跳過配置保存
2025-08-15 22:58:47,573 - VALO360 - DEBUG - 自動保存已禁用，跳過配置保存
2025-08-15 22:58:47,574 - VALO360 - DEBUG - 自動保存已禁用，跳過配置保存
2025-08-15 22:58:47,577 - VALO360 - DEBUG - 自動保存已禁用，跳過配置保存
2025-08-15 22:58:47,577 - VALO360 - DEBUG - 自動保存已禁用，跳過配置保存
2025-08-15 22:58:47,577 - VALO360 - DEBUG - 自動保存已禁用，跳過配置保存
2025-08-15 22:58:47,577 - VALO360 - DEBUG - 自動保存已禁用，跳過配置保存
2025-08-15 22:58:47,580 - VALO360 - DEBUG - 自動保存已禁用，跳過配置保存
2025-08-15 22:58:47,580 - VALO360 - DEBUG - 自動保存已禁用，跳過配置保存
2025-08-15 22:58:47,580 - VALO360 - DEBUG - 自動保存已禁用，跳過配置保存
2025-08-15 22:58:47,580 - VALO360 - DEBUG - 自動保存已禁用，跳過配置保存
2025-08-15 22:58:49,648 - VALO360 - DEBUG - 自動保存已禁用，跳過配置保存
2025-08-15 22:58:49,648 - VALO360 - DEBUG - 自動保存已禁用，跳過配置保存
2025-08-15 22:58:49,649 - VALO360 - DEBUG - 自動保存已禁用，跳過配置保存
2025-08-15 22:58:49,649 - VALO360 - DEBUG - 自動保存已禁用，跳過配置保存
2025-08-15 22:58:49,651 - VALO360 - DEBUG - 自動保存已禁用，跳過配置保存
2025-08-15 22:58:49,652 - VALO360 - DEBUG - 自動保存已禁用，跳過配置保存
2025-08-15 22:58:49,652 - VALO360 - DEBUG - 自動保存已禁用，跳過配置保存
2025-08-15 22:58:49,652 - VALO360 - DEBUG - 自動保存已禁用，跳過配置保存
2025-08-15 22:58:49,661 - VALO360 - DEBUG - 自動保存已禁用，跳過配置保存
2025-08-15 22:58:49,662 - VALO360 - DEBUG - 自動保存已禁用，跳過配置保存
2025-08-15 22:58:49,662 - VALO360 - DEBUG - 自動保存已禁用，跳過配置保存
2025-08-15 22:58:49,662 - VALO360 - DEBUG - 自動保存已禁用，跳過配置保存
2025-08-15 22:58:49,665 - VALO360 - DEBUG - 自動保存已禁用，跳過配置保存
2025-08-15 22:58:49,665 - VALO360 - DEBUG - 自動保存已禁用，跳過配置保存
2025-08-15 22:58:49,666 - VALO360 - DEBUG - 自動保存已禁用，跳過配置保存
2025-08-15 22:58:49,666 - VALO360 - DEBUG - 自動保存已禁用，跳過配置保存
2025-08-15 22:58:49,666 - VALO360 - DEBUG - 自動保存已禁用，跳過配置保存
2025-08-15 22:58:49,667 - VALO360 - DEBUG - 自動保存已禁用，跳過配置保存
2025-08-15 22:58:49,667 - VALO360 - DEBUG - 自動保存已禁用，跳過配置保存
2025-08-15 22:58:49,667 - VALO360 - DEBUG - 自動保存已禁用，跳過配置保存
2025-08-15 22:58:49,667 - VALO360 - DEBUG - 自動保存已禁用，跳過配置保存
2025-08-15 22:58:49,668 - VALO360 - DEBUG - 自動保存已禁用，跳過配置保存
2025-08-15 22:58:49,668 - VALO360 - DEBUG - 自動保存已禁用，跳過配置保存
2025-08-15 22:58:49,668 - VALO360 - DEBUG - 自動保存已禁用，跳過配置保存
2025-08-15 22:58:49,668 - VALO360 - DEBUG - 自動保存已禁用，跳過配置保存
2025-08-15 22:58:49,669 - VALO360 - DEBUG - 自動保存已禁用，跳過配置保存
2025-08-15 22:58:49,669 - VALO360 - DEBUG - 自動保存已禁用，跳過配置保存
2025-08-15 22:58:49,669 - VALO360 - DEBUG - 自動保存已禁用，跳過配置保存
2025-08-15 22:58:49,671 - VALO360 - DEBUG - 自動保存已禁用，跳過配置保存
2025-08-15 22:58:49,671 - VALO360 - DEBUG - 自動保存已禁用，跳過配置保存
2025-08-15 22:58:49,671 - VALO360 - DEBUG - 自動保存已禁用，跳過配置保存
2025-08-15 22:58:49,671 - VALO360 - DEBUG - 自動保存已禁用，跳過配置保存
2025-08-15 22:58:49,673 - VALO360 - DEBUG - 自動保存已禁用，跳過配置保存
2025-08-15 22:58:49,673 - VALO360 - DEBUG - 自動保存已禁用，跳過配置保存
2025-08-15 22:58:49,673 - VALO360 - DEBUG - 自動保存已禁用，跳過配置保存
2025-08-15 22:58:49,673 - VALO360 - DEBUG - 自動保存已禁用，跳過配置保存
2025-08-15 22:58:49,674 - VALO360 - DEBUG - 自動保存已禁用，跳過配置保存
2025-08-15 22:58:49,674 - VALO360 - DEBUG - 自動保存已禁用，跳過配置保存
2025-08-15 22:58:49,674 - VALO360 - DEBUG - 自動保存已禁用，跳過配置保存
2025-08-15 22:58:49,674 - VALO360 - DEBUG - 自動保存已禁用，跳過配置保存
2025-08-15 22:58:49,675 - VALO360 - DEBUG - 自動保存已禁用，跳過配置保存
2025-08-15 22:58:49,675 - VALO360 - DEBUG - 自動保存已禁用，跳過配置保存
2025-08-15 22:58:49,675 - VALO360 - DEBUG - 自動保存已禁用，跳過配置保存
2025-08-15 22:58:49,675 - VALO360 - DEBUG - 自動保存已禁用，跳過配置保存
2025-08-15 22:58:49,676 - VALO360 - DEBUG - 自動保存已禁用，跳過配置保存
2025-08-15 22:58:49,676 - VALO360 - DEBUG - 自動保存已禁用，跳過配置保存
2025-08-15 22:58:49,676 - VALO360 - DEBUG - 自動保存已禁用，跳過配置保存
2025-08-15 22:58:49,676 - VALO360 - DEBUG - 自動保存已禁用，跳過配置保存
2025-08-15 22:58:49,678 - VALO360 - DEBUG - 自動保存已禁用，跳過配置保存
2025-08-15 22:58:49,678 - VALO360 - DEBUG - 自動保存已禁用，跳過配置保存
2025-08-15 22:58:49,678 - VALO360 - DEBUG - 自動保存已禁用，跳過配置保存
2025-08-15 22:58:49,678 - VALO360 - DEBUG - 自動保存已禁用，跳過配置保存
2025-08-15 22:58:49,680 - VALO360 - DEBUG - 自動保存已禁用，跳過配置保存
2025-08-15 22:58:49,680 - VALO360 - DEBUG - 自動保存已禁用，跳過配置保存
2025-08-15 22:58:49,680 - VALO360 - DEBUG - 自動保存已禁用，跳過配置保存
2025-08-15 22:58:49,680 - VALO360 - DEBUG - 自動保存已禁用，跳過配置保存
2025-08-15 22:58:49,682 - VALO360 - DEBUG - 自動保存已禁用，跳過配置保存
2025-08-15 22:58:49,682 - VALO360 - DEBUG - 自動保存已禁用，跳過配置保存
2025-08-15 22:58:49,682 - VALO360 - DEBUG - 自動保存已禁用，跳過配置保存
2025-08-15 22:58:49,683 - VALO360 - DEBUG - 自動保存已禁用，跳過配置保存
2025-08-15 22:58:49,683 - VALO360 - DEBUG - 自動保存已禁用，跳過配置保存
2025-08-15 22:58:49,683 - VALO360 - DEBUG - 自動保存已禁用，跳過配置保存
2025-08-15 22:58:49,683 - VALO360 - DEBUG - 自動保存已禁用，跳過配置保存
2025-08-15 22:58:49,683 - VALO360 - DEBUG - 自動保存已禁用，跳過配置保存
2025-08-15 22:58:49,684 - VALO360 - DEBUG - 自動保存已禁用，跳過配置保存
2025-08-15 22:58:49,684 - VALO360 - DEBUG - 自動保存已禁用，跳過配置保存
2025-08-15 22:58:49,684 - VALO360 - DEBUG - 自動保存已禁用，跳過配置保存
2025-08-15 22:58:49,684 - VALO360 - DEBUG - 自動保存已禁用，跳過配置保存
2025-08-15 22:58:49,685 - VALO360 - DEBUG - 自動保存已禁用，跳過配置保存
2025-08-15 22:58:49,685 - VALO360 - DEBUG - 自動保存已禁用，跳過配置保存
2025-08-15 22:58:49,685 - VALO360 - DEBUG - 自動保存已禁用，跳過配置保存
2025-08-15 22:58:49,685 - VALO360 - DEBUG - 自動保存已禁用，跳過配置保存
2025-08-15 22:58:49,686 - VALO360 - DEBUG - 自動保存已禁用，跳過配置保存
2025-08-15 22:58:49,687 - VALO360 - DEBUG - 自動保存已禁用，跳過配置保存
2025-08-15 22:58:49,687 - VALO360 - DEBUG - 自動保存已禁用，跳過配置保存
2025-08-15 22:58:49,687 - VALO360 - DEBUG - 自動保存已禁用，跳過配置保存
2025-08-15 22:58:49,687 - VALO360 - DEBUG - 自動保存已禁用，跳過配置保存
2025-08-15 22:58:49,687 - VALO360 - DEBUG - 自動保存已禁用，跳過配置保存
2025-08-15 22:58:49,687 - VALO360 - DEBUG - 自動保存已禁用，跳過配置保存
2025-08-15 22:58:49,688 - VALO360 - DEBUG - 自動保存已禁用，跳過配置保存
2025-08-15 22:58:49,689 - VALO360 - DEBUG - 自動保存已禁用，跳過配置保存
2025-08-15 22:58:49,689 - VALO360 - DEBUG - 自動保存已禁用，跳過配置保存
2025-08-15 22:58:49,689 - VALO360 - DEBUG - 自動保存已禁用，跳過配置保存
2025-08-15 22:58:49,689 - VALO360 - DEBUG - 自動保存已禁用，跳過配置保存
2025-08-15 22:58:49,689 - VALO360 - DEBUG - 自動保存已禁用，跳過配置保存
2025-08-15 22:58:49,690 - VALO360 - DEBUG - 自動保存已禁用，跳過配置保存
2025-08-15 22:58:49,690 - VALO360 - DEBUG - 自動保存已禁用，跳過配置保存
2025-08-15 22:58:49,690 - VALO360 - DEBUG - 自動保存已禁用，跳過配置保存
2025-08-15 22:58:49,690 - VALO360 - DEBUG - 自動保存已禁用，跳過配置保存
2025-08-15 22:58:49,690 - VALO360 - DEBUG - 自動保存已禁用，跳過配置保存
2025-08-15 22:58:49,691 - VALO360 - DEBUG - 自動保存已禁用，跳過配置保存
2025-08-15 22:58:49,691 - VALO360 - DEBUG - 自動保存已禁用，跳過配置保存
2025-08-15 22:58:49,692 - VALO360 - DEBUG - 自動保存已禁用，跳過配置保存
2025-08-15 22:58:49,692 - VALO360 - DEBUG - 自動保存已禁用，跳過配置保存
2025-08-15 22:58:49,692 - VALO360 - DEBUG - 自動保存已禁用，跳過配置保存
2025-08-15 22:58:49,693 - VALO360 - DEBUG - 自動保存已禁用，跳過配置保存
2025-08-15 22:58:49,694 - VALO360 - DEBUG - 自動保存已禁用，跳過配置保存
2025-08-15 22:58:49,694 - VALO360 - DEBUG - 自動保存已禁用，跳過配置保存
2025-08-15 22:58:49,694 - VALO360 - DEBUG - 自動保存已禁用，跳過配置保存
2025-08-15 22:58:49,694 - VALO360 - DEBUG - 自動保存已禁用，跳過配置保存
2025-08-15 22:58:49,695 - VALO360 - DEBUG - 自動保存已禁用，跳過配置保存
2025-08-15 22:58:49,695 - VALO360 - DEBUG - 自動保存已禁用，跳過配置保存
2025-08-15 22:58:49,695 - VALO360 - DEBUG - 自動保存已禁用，跳過配置保存
2025-08-15 22:58:49,695 - VALO360 - DEBUG - 自動保存已禁用，跳過配置保存
2025-08-15 22:58:49,696 - VALO360 - DEBUG - 自動保存已禁用，跳過配置保存
2025-08-15 22:58:49,696 - VALO360 - DEBUG - 自動保存已禁用，跳過配置保存
2025-08-15 22:58:49,696 - VALO360 - DEBUG - 自動保存已禁用，跳過配置保存
2025-08-15 22:58:49,696 - VALO360 - DEBUG - 自動保存已禁用，跳過配置保存
2025-08-15 22:58:49,698 - VALO360 - DEBUG - 自動保存已禁用，跳過配置保存
2025-08-15 22:58:49,698 - VALO360 - DEBUG - 自動保存已禁用，跳過配置保存
2025-08-15 22:58:49,698 - VALO360 - DEBUG - 自動保存已禁用，跳過配置保存
2025-08-15 22:58:49,698 - VALO360 - DEBUG - 自動保存已禁用，跳過配置保存
2025-08-15 22:58:49,699 - VALO360 - DEBUG - 自動保存已禁用，跳過配置保存
2025-08-15 22:58:49,699 - VALO360 - DEBUG - 自動保存已禁用，跳過配置保存
2025-08-15 22:58:49,699 - VALO360 - DEBUG - 自動保存已禁用，跳過配置保存
2025-08-15 22:58:49,699 - VALO360 - DEBUG - 自動保存已禁用，跳過配置保存
2025-08-15 22:58:49,705 - VALO360 - DEBUG - 自動保存已禁用，跳過配置保存
2025-08-15 22:58:49,705 - VALO360 - DEBUG - 自動保存已禁用，跳過配置保存
2025-08-15 22:58:49,705 - VALO360 - DEBUG - 自動保存已禁用，跳過配置保存
2025-08-15 22:58:49,706 - VALO360 - DEBUG - 自動保存已禁用，跳過配置保存
2025-08-15 22:58:49,706 - VALO360 - DEBUG - 自動保存已禁用，跳過配置保存
2025-08-15 22:58:49,706 - VALO360 - DEBUG - 自動保存已禁用，跳過配置保存
2025-08-15 22:58:49,706 - VALO360 - DEBUG - 自動保存已禁用，跳過配置保存
2025-08-15 22:58:49,707 - VALO360 - DEBUG - 自動保存已禁用，跳過配置保存
2025-08-15 22:58:49,711 - VALO360 - DEBUG - 自動保存已禁用，跳過配置保存
2025-08-15 22:58:49,711 - VALO360 - DEBUG - 自動保存已禁用，跳過配置保存
2025-08-15 22:58:49,711 - VALO360 - DEBUG - 自動保存已禁用，跳過配置保存
2025-08-15 22:58:49,711 - VALO360 - DEBUG - 自動保存已禁用，跳過配置保存
2025-08-15 22:58:49,713 - VALO360 - DEBUG - 自動保存已禁用，跳過配置保存
2025-08-15 22:58:49,713 - VALO360 - DEBUG - 自動保存已禁用，跳過配置保存
2025-08-15 22:58:49,713 - VALO360 - DEBUG - 自動保存已禁用，跳過配置保存
2025-08-15 22:58:49,713 - VALO360 - DEBUG - 自動保存已禁用，跳過配置保存
2025-08-15 22:58:49,713 - VALO360 - DEBUG - 自動保存已禁用，跳過配置保存
2025-08-15 22:58:49,713 - VALO360 - DEBUG - 自動保存已禁用，跳過配置保存
2025-08-15 22:58:49,714 - VALO360 - DEBUG - 自動保存已禁用，跳過配置保存
2025-08-15 22:58:49,714 - VALO360 - DEBUG - 自動保存已禁用，跳過配置保存
2025-08-15 22:58:49,715 - VALO360 - DEBUG - 自動保存已禁用，跳過配置保存
2025-08-15 22:58:49,715 - VALO360 - DEBUG - 自動保存已禁用，跳過配置保存
2025-08-15 22:58:49,715 - VALO360 - DEBUG - 自動保存已禁用，跳過配置保存
2025-08-15 22:58:49,715 - VALO360 - DEBUG - 自動保存已禁用，跳過配置保存
2025-08-15 22:58:49,716 - VALO360 - DEBUG - 自動保存已禁用，跳過配置保存
2025-08-15 22:58:49,716 - VALO360 - DEBUG - 自動保存已禁用，跳過配置保存
2025-08-15 22:58:49,716 - VALO360 - DEBUG - 自動保存已禁用，跳過配置保存
2025-08-15 22:58:49,716 - VALO360 - DEBUG - 自動保存已禁用，跳過配置保存
2025-08-15 22:58:49,717 - VALO360 - DEBUG - 自動保存已禁用，跳過配置保存
2025-08-15 22:58:49,717 - VALO360 - DEBUG - 自動保存已禁用，跳過配置保存
2025-08-15 22:58:49,717 - VALO360 - DEBUG - 自動保存已禁用，跳過配置保存
2025-08-15 22:58:49,717 - VALO360 - DEBUG - 自動保存已禁用，跳過配置保存
2025-08-15 22:58:49,718 - VALO360 - DEBUG - 自動保存已禁用，跳過配置保存
2025-08-15 22:58:49,718 - VALO360 - DEBUG - 自動保存已禁用，跳過配置保存
2025-08-15 22:58:49,718 - VALO360 - DEBUG - 自動保存已禁用，跳過配置保存
2025-08-15 22:58:49,718 - VALO360 - DEBUG - 自動保存已禁用，跳過配置保存
2025-08-15 22:58:49,719 - VALO360 - DEBUG - 自動保存已禁用，跳過配置保存
2025-08-15 22:58:49,719 - VALO360 - DEBUG - 自動保存已禁用，跳過配置保存
2025-08-15 22:58:49,719 - VALO360 - DEBUG - 自動保存已禁用，跳過配置保存
2025-08-15 22:58:49,719 - VALO360 - DEBUG - 自動保存已禁用，跳過配置保存
2025-08-15 22:58:49,722 - VALO360 - DEBUG - 自動保存已禁用，跳過配置保存
2025-08-15 22:58:49,722 - VALO360 - DEBUG - 自動保存已禁用，跳過配置保存
2025-08-15 22:58:49,722 - VALO360 - DEBUG - 自動保存已禁用，跳過配置保存
2025-08-15 22:58:49,722 - VALO360 - DEBUG - 自動保存已禁用，跳過配置保存
2025-08-15 22:58:49,723 - VALO360 - DEBUG - 自動保存已禁用，跳過配置保存
2025-08-15 22:58:49,723 - VALO360 - DEBUG - 自動保存已禁用，跳過配置保存
2025-08-15 22:58:49,723 - VALO360 - DEBUG - 自動保存已禁用，跳過配置保存
2025-08-15 22:58:49,723 - VALO360 - DEBUG - 自動保存已禁用，跳過配置保存
2025-08-15 22:58:49,724 - VALO360 - DEBUG - 自動保存已禁用，跳過配置保存
2025-08-15 22:58:49,725 - VALO360 - DEBUG - 自動保存已禁用，跳過配置保存
2025-08-15 22:58:49,725 - VALO360 - DEBUG - 自動保存已禁用，跳過配置保存
2025-08-15 22:58:49,725 - VALO360 - DEBUG - 自動保存已禁用，跳過配置保存
2025-08-15 22:58:49,725 - VALO360 - DEBUG - 自動保存已禁用，跳過配置保存
2025-08-15 22:58:49,725 - VALO360 - DEBUG - 自動保存已禁用，跳過配置保存
2025-08-15 22:58:49,725 - VALO360 - DEBUG - 自動保存已禁用，跳過配置保存
2025-08-15 22:58:49,726 - VALO360 - DEBUG - 自動保存已禁用，跳過配置保存
2025-08-15 22:58:49,727 - VALO360 - DEBUG - 自動保存已禁用，跳過配置保存
2025-08-15 22:58:49,727 - VALO360 - DEBUG - 自動保存已禁用，跳過配置保存
2025-08-15 22:58:49,727 - VALO360 - DEBUG - 自動保存已禁用，跳過配置保存
2025-08-15 22:58:49,727 - VALO360 - DEBUG - 自動保存已禁用，跳過配置保存
2025-08-15 22:58:49,728 - VALO360 - DEBUG - 自動保存已禁用，跳過配置保存
2025-08-15 22:58:49,728 - VALO360 - DEBUG - 自動保存已禁用，跳過配置保存
2025-08-15 22:58:49,728 - VALO360 - DEBUG - 自動保存已禁用，跳過配置保存
2025-08-15 22:58:49,728 - VALO360 - DEBUG - 自動保存已禁用，跳過配置保存
2025-08-15 22:58:49,729 - VALO360 - DEBUG - 自動保存已禁用，跳過配置保存
2025-08-15 22:58:49,729 - VALO360 - DEBUG - 自動保存已禁用，跳過配置保存
2025-08-15 22:58:49,730 - VALO360 - DEBUG - 自動保存已禁用，跳過配置保存
2025-08-15 22:58:49,730 - VALO360 - DEBUG - 自動保存已禁用，跳過配置保存
2025-08-15 22:58:49,730 - VALO360 - DEBUG - 自動保存已禁用，跳過配置保存
2025-08-15 22:58:49,730 - VALO360 - DEBUG - 自動保存已禁用，跳過配置保存
2025-08-15 22:58:49,730 - VALO360 - DEBUG - 自動保存已禁用，跳過配置保存
2025-08-15 22:58:49,730 - VALO360 - DEBUG - 自動保存已禁用，跳過配置保存
2025-08-15 22:58:49,732 - VALO360 - DEBUG - 自動保存已禁用，跳過配置保存
2025-08-15 22:58:49,732 - VALO360 - DEBUG - 自動保存已禁用，跳過配置保存
2025-08-15 22:58:49,732 - VALO360 - DEBUG - 自動保存已禁用，跳過配置保存
2025-08-15 22:58:49,732 - VALO360 - DEBUG - 自動保存已禁用，跳過配置保存
2025-08-15 22:58:49,732 - VALO360 - DEBUG - 自動保存已禁用，跳過配置保存
2025-08-15 22:58:49,733 - VALO360 - DEBUG - 自動保存已禁用，跳過配置保存
2025-08-15 22:58:49,733 - VALO360 - DEBUG - 自動保存已禁用，跳過配置保存
2025-08-15 22:58:49,733 - VALO360 - DEBUG - 自動保存已禁用，跳過配置保存
2025-08-15 22:58:50,131 - VALO360 - DEBUG - 自動保存已禁用，跳過配置保存
2025-08-15 22:58:50,132 - VALO360 - DEBUG - 自動保存已禁用，跳過配置保存
2025-08-15 22:58:50,132 - VALO360 - DEBUG - 自動保存已禁用，跳過配置保存
2025-08-15 22:58:50,132 - VALO360 - DEBUG - 自動保存已禁用，跳過配置保存
2025-08-15 22:58:50,499 - VALO360 - DEBUG - 自動保存已禁用，跳過配置保存
2025-08-15 22:58:50,500 - VALO360 - DEBUG - 自動保存已禁用，跳過配置保存
2025-08-15 22:58:50,500 - VALO360 - DEBUG - 自動保存已禁用，跳過配置保存
2025-08-15 22:58:50,500 - VALO360 - DEBUG - 自動保存已禁用，跳過配置保存
2025-08-15 22:58:50,503 - VALO360 - DEBUG - 自動保存已禁用，跳過配置保存
2025-08-15 22:58:50,503 - VALO360 - DEBUG - 自動保存已禁用，跳過配置保存
2025-08-15 22:58:50,503 - VALO360 - DEBUG - 自動保存已禁用，跳過配置保存
2025-08-15 22:58:50,503 - VALO360 - DEBUG - 自動保存已禁用，跳過配置保存
2025-08-15 22:58:50,513 - VALO360 - DEBUG - 自動保存已禁用，跳過配置保存
2025-08-15 22:58:50,513 - VALO360 - DEBUG - 自動保存已禁用，跳過配置保存
2025-08-15 22:58:50,513 - VALO360 - DEBUG - 自動保存已禁用，跳過配置保存
2025-08-15 22:58:50,514 - VALO360 - DEBUG - 自動保存已禁用，跳過配置保存
2025-08-15 22:58:50,514 - VALO360 - DEBUG - 自動保存已禁用，跳過配置保存
2025-08-15 22:58:50,514 - VALO360 - DEBUG - 自動保存已禁用，跳過配置保存
2025-08-15 22:58:50,515 - VALO360 - DEBUG - 自動保存已禁用，跳過配置保存
2025-08-15 22:58:50,515 - VALO360 - DEBUG - 自動保存已禁用，跳過配置保存
2025-08-15 22:58:50,515 - VALO360 - DEBUG - 自動保存已禁用，跳過配置保存
2025-08-15 22:58:50,516 - VALO360 - DEBUG - 自動保存已禁用，跳過配置保存
2025-08-15 22:58:50,516 - VALO360 - DEBUG - 自動保存已禁用，跳過配置保存
2025-08-15 22:58:50,516 - VALO360 - DEBUG - 自動保存已禁用，跳過配置保存
2025-08-15 22:58:50,517 - VALO360 - DEBUG - 自動保存已禁用，跳過配置保存
2025-08-15 22:58:50,517 - VALO360 - DEBUG - 自動保存已禁用，跳過配置保存
2025-08-15 22:58:50,517 - VALO360 - DEBUG - 自動保存已禁用，跳過配置保存
2025-08-15 22:58:50,517 - VALO360 - DEBUG - 自動保存已禁用，跳過配置保存
2025-08-15 22:58:50,518 - VALO360 - DEBUG - 自動保存已禁用，跳過配置保存
2025-08-15 22:58:50,519 - VALO360 - DEBUG - 自動保存已禁用，跳過配置保存
2025-08-15 22:58:50,519 - VALO360 - DEBUG - 自動保存已禁用，跳過配置保存
2025-08-15 22:58:50,519 - VALO360 - DEBUG - 自動保存已禁用，跳過配置保存
2025-08-15 22:58:50,521 - VALO360 - DEBUG - 自動保存已禁用，跳過配置保存
2025-08-15 22:58:50,521 - VALO360 - DEBUG - 自動保存已禁用，跳過配置保存
2025-08-15 22:58:50,521 - VALO360 - DEBUG - 自動保存已禁用，跳過配置保存
2025-08-15 22:58:50,521 - VALO360 - DEBUG - 自動保存已禁用，跳過配置保存
2025-08-15 22:58:50,522 - VALO360 - DEBUG - 自動保存已禁用，跳過配置保存
2025-08-15 22:58:50,522 - VALO360 - DEBUG - 自動保存已禁用，跳過配置保存
2025-08-15 22:58:50,522 - VALO360 - DEBUG - 自動保存已禁用，跳過配置保存
2025-08-15 22:58:50,522 - VALO360 - DEBUG - 自動保存已禁用，跳過配置保存
2025-08-15 22:58:50,523 - VALO360 - DEBUG - 自動保存已禁用，跳過配置保存
2025-08-15 22:58:50,523 - VALO360 - DEBUG - 自動保存已禁用，跳過配置保存
2025-08-15 22:58:50,523 - VALO360 - DEBUG - 自動保存已禁用，跳過配置保存
2025-08-15 22:58:50,523 - VALO360 - DEBUG - 自動保存已禁用，跳過配置保存
2025-08-15 22:58:50,524 - VALO360 - DEBUG - 自動保存已禁用，跳過配置保存
2025-08-15 22:58:50,524 - VALO360 - DEBUG - 自動保存已禁用，跳過配置保存
2025-08-15 22:58:50,524 - VALO360 - DEBUG - 自動保存已禁用，跳過配置保存
2025-08-15 22:58:50,524 - VALO360 - DEBUG - 自動保存已禁用，跳過配置保存
2025-08-15 22:58:50,525 - VALO360 - DEBUG - 自動保存已禁用，跳過配置保存
2025-08-15 22:58:50,526 - VALO360 - DEBUG - 自動保存已禁用，跳過配置保存
2025-08-15 22:58:50,526 - VALO360 - DEBUG - 自動保存已禁用，跳過配置保存
2025-08-15 22:58:50,526 - VALO360 - DEBUG - 自動保存已禁用，跳過配置保存
2025-08-15 22:58:50,526 - VALO360 - DEBUG - 自動保存已禁用，跳過配置保存
2025-08-15 22:58:50,527 - VALO360 - DEBUG - 自動保存已禁用，跳過配置保存
2025-08-15 22:58:50,527 - VALO360 - DEBUG - 自動保存已禁用，跳過配置保存
2025-08-15 22:58:50,527 - VALO360 - DEBUG - 自動保存已禁用，跳過配置保存
2025-08-15 22:58:50,530 - VALO360 - DEBUG - 自動保存已禁用，跳過配置保存
2025-08-15 22:58:50,530 - VALO360 - DEBUG - 自動保存已禁用，跳過配置保存
2025-08-15 22:58:50,530 - VALO360 - DEBUG - 自動保存已禁用，跳過配置保存
2025-08-15 22:58:50,530 - VALO360 - DEBUG - 自動保存已禁用，跳過配置保存
2025-08-15 22:58:50,533 - VALO360 - DEBUG - 自動保存已禁用，跳過配置保存
2025-08-15 22:58:50,533 - VALO360 - DEBUG - 自動保存已禁用，跳過配置保存
2025-08-15 22:58:50,533 - VALO360 - DEBUG - 自動保存已禁用，跳過配置保存
2025-08-15 22:58:50,533 - VALO360 - DEBUG - 自動保存已禁用，跳過配置保存
2025-08-15 22:58:50,534 - VALO360 - DEBUG - 自動保存已禁用，跳過配置保存
2025-08-15 22:58:50,534 - VALO360 - DEBUG - 自動保存已禁用，跳過配置保存
2025-08-15 22:58:50,534 - VALO360 - DEBUG - 自動保存已禁用，跳過配置保存
2025-08-15 22:58:50,534 - VALO360 - DEBUG - 自動保存已禁用，跳過配置保存
2025-08-15 22:58:50,837 - VALO360 - DEBUG - 自動保存已禁用，跳過配置保存
2025-08-15 22:58:50,837 - VALO360 - DEBUG - 自動保存已禁用，跳過配置保存
2025-08-15 22:58:50,837 - VALO360 - DEBUG - 自動保存已禁用，跳過配置保存
2025-08-15 22:58:50,837 - VALO360 - DEBUG - 自動保存已禁用，跳過配置保存
2025-08-15 22:58:52,357 - VALO360 - DEBUG - 自動保存已禁用，跳過配置保存
2025-08-15 22:58:52,357 - VALO360 - DEBUG - 自動保存已禁用，跳過配置保存
2025-08-15 22:58:52,357 - VALO360 - DEBUG - 自動保存已禁用，跳過配置保存
2025-08-15 22:58:52,357 - VALO360 - DEBUG - 自動保存已禁用，跳過配置保存
2025-08-15 22:58:52,837 - VALO360 - DEBUG - 自動保存已禁用，跳過配置保存
2025-08-15 22:58:52,837 - VALO360 - DEBUG - 自動保存已禁用，跳過配置保存
2025-08-15 22:58:52,837 - VALO360 - DEBUG - 自動保存已禁用，跳過配置保存
2025-08-15 22:58:52,837 - VALO360 - DEBUG - 自動保存已禁用，跳過配置保存
2025-08-15 22:58:54,212 - VALO360 - DEBUG - 自動保存已禁用，跳過配置保存
2025-08-15 22:58:54,212 - VALO360 - DEBUG - 自動保存已禁用，跳過配置保存
2025-08-15 22:58:54,212 - VALO360 - DEBUG - 自動保存已禁用，跳過配置保存
2025-08-15 22:58:54,212 - VALO360 - DEBUG - 自動保存已禁用，跳過配置保存
2025-08-15 22:58:54,693 - VALO360 - DEBUG - 自動保存已禁用，跳過配置保存
2025-08-15 22:58:54,693 - VALO360 - DEBUG - 自動保存已禁用，跳過配置保存
2025-08-15 22:58:54,694 - VALO360 - DEBUG - 自動保存已禁用，跳過配置保存
2025-08-15 22:58:54,694 - VALO360 - DEBUG - 自動保存已禁用，跳過配置保存
2025-08-15 22:58:55,078 - VALO360 - DEBUG - 自動保存已禁用，跳過配置保存
2025-08-15 22:58:55,078 - VALO360 - DEBUG - 自動保存已禁用，跳過配置保存
2025-08-15 22:58:55,078 - VALO360 - DEBUG - 自動保存已禁用，跳過配置保存
2025-08-15 22:58:55,078 - VALO360 - DEBUG - 自動保存已禁用，跳過配置保存
2025-08-15 22:58:56,175 - VALO360 - DEBUG - 自動保存已禁用，跳過配置保存
2025-08-15 22:58:56,175 - VALO360 - DEBUG - 自動保存已禁用，跳過配置保存
2025-08-15 22:58:56,176 - VALO360 - DEBUG - 自動保存已禁用，跳過配置保存
2025-08-15 22:58:56,176 - VALO360 - DEBUG - 自動保存已禁用，跳過配置保存
2025-08-15 22:58:56,591 - VALO360 - DEBUG - 自動保存已禁用，跳過配置保存
2025-08-15 22:58:56,591 - VALO360 - DEBUG - 自動保存已禁用，跳過配置保存
2025-08-15 22:58:56,592 - VALO360 - DEBUG - 自動保存已禁用，跳過配置保存
2025-08-15 22:58:56,592 - VALO360 - DEBUG - 自動保存已禁用，跳過配置保存
2025-08-15 22:58:57,007 - VALO360 - DEBUG - 自動保存已禁用，跳過配置保存
2025-08-15 22:58:57,007 - VALO360 - DEBUG - 自動保存已禁用，跳過配置保存
2025-08-15 22:58:57,008 - VALO360 - DEBUG - 自動保存已禁用，跳過配置保存
2025-08-15 22:58:57,008 - VALO360 - DEBUG - 自動保存已禁用，跳過配置保存
2025-08-15 22:58:57,035 - VALO360 - DEBUG - 找到 3 個COM口: ['COM1', 'COM3', 'COM4']
2025-08-15 22:58:57,440 - VALO360 - DEBUG - 自動保存已禁用，跳過配置保存
2025-08-15 22:58:57,440 - VALO360 - DEBUG - 自動保存已禁用，跳過配置保存
2025-08-15 22:58:57,440 - VALO360 - DEBUG - 自動保存已禁用，跳過配置保存
2025-08-15 22:58:57,440 - VALO360 - DEBUG - 自動保存已禁用，跳過配置保存
2025-08-15 22:58:57,857 - VALO360 - DEBUG - 自動保存已禁用，跳過配置保存
2025-08-15 22:58:57,857 - VALO360 - DEBUG - 自動保存已禁用，跳過配置保存
2025-08-15 22:58:57,858 - VALO360 - DEBUG - 自動保存已禁用，跳過配置保存
2025-08-15 22:58:57,858 - VALO360 - DEBUG - 自動保存已禁用，跳過配置保存
2025-08-15 22:58:57,886 - VALO360 - DEBUG - 找到 3 個COM口: ['COM1', 'COM3', 'COM4']
2025-08-15 22:58:59,064 - VALO360 - DEBUG - 自動保存已禁用，跳過配置保存
2025-08-15 22:58:59,065 - VALO360 - DEBUG - 自動保存已禁用，跳過配置保存
2025-08-15 22:58:59,065 - VALO360 - DEBUG - 自動保存已禁用，跳過配置保存
2025-08-15 22:58:59,065 - VALO360 - DEBUG - 自動保存已禁用，跳過配置保存
2025-08-15 22:58:59,970 - VALO360 - DEBUG - 自動保存已禁用，跳過配置保存
2025-08-15 22:58:59,970 - VALO360 - DEBUG - 自動保存已禁用，跳過配置保存
2025-08-15 22:58:59,970 - VALO360 - DEBUG - 自動保存已禁用，跳過配置保存
2025-08-15 22:58:59,970 - VALO360 - DEBUG - 自動保存已禁用，跳過配置保存
2025-08-15 22:59:00,610 - VALO360 - DEBUG - 自動保存已禁用，跳過配置保存
2025-08-15 22:59:00,610 - VALO360 - DEBUG - 自動保存已禁用，跳過配置保存
2025-08-15 22:59:00,611 - VALO360 - DEBUG - 自動保存已禁用，跳過配置保存
2025-08-15 22:59:00,611 - VALO360 - DEBUG - 自動保存已禁用，跳過配置保存
2025-08-15 22:59:03,239 - VALO360 - DEBUG - SerialWorker 初始化: COM=COM1, 指令數=1, 超時=30s
2025-08-15 22:59:03,240 - VALO360 - INFO - 開始執行序列埠任務: COM1
2025-08-15 22:59:03,243 - VALO360 - DEBUG - 自動保存已禁用，跳過配置保存
2025-08-15 22:59:03,243 - VALO360 - DEBUG - 自動保存已禁用，跳過配置保存
2025-08-15 22:59:03,243 - VALO360 - DEBUG - 自動保存已禁用，跳過配置保存
2025-08-15 22:59:03,243 - VALO360 - DEBUG - 自動保存已禁用，跳過配置保存
2025-08-15 22:59:03,244 - VALO360 - DEBUG - 自動保存已禁用，跳過配置保存
2025-08-15 22:59:03,245 - VALO360 - DEBUG - 自動保存已禁用，跳過配置保存
2025-08-15 22:59:03,245 - VALO360 - DEBUG - 自動保存已禁用，跳過配置保存
2025-08-15 22:59:03,245 - VALO360 - DEBUG - 自動保存已禁用，跳過配置保存
2025-08-15 22:59:03,277 - VALO360 - DEBUG - 自動保存已禁用，跳過配置保存
2025-08-15 22:59:03,277 - VALO360 - DEBUG - 自動保存已禁用，跳過配置保存
2025-08-15 22:59:03,277 - VALO360 - DEBUG - 自動保存已禁用，跳過配置保存
2025-08-15 22:59:03,278 - VALO360 - DEBUG - 自動保存已禁用，跳過配置保存
2025-08-15 22:59:03,278 - VALO360 - DEBUG - 自動保存已禁用，跳過配置保存
2025-08-15 22:59:03,278 - VALO360 - DEBUG - 自動保存已禁用，跳過配置保存
2025-08-15 22:59:03,278 - VALO360 - DEBUG - 自動保存已禁用，跳過配置保存
2025-08-15 22:59:03,278 - VALO360 - DEBUG - 自動保存已禁用，跳過配置保存
2025-08-15 22:59:03,279 - VALO360 - DEBUG - 自動保存已禁用，跳過配置保存
2025-08-15 22:59:03,279 - VALO360 - DEBUG - 自動保存已禁用，跳過配置保存
2025-08-15 22:59:03,279 - VALO360 - DEBUG - 自動保存已禁用，跳過配置保存
2025-08-15 22:59:03,279 - VALO360 - DEBUG - 自動保存已禁用，跳過配置保存
2025-08-15 22:59:03,280 - VALO360 - DEBUG - 自動保存已禁用，跳過配置保存
2025-08-15 22:59:03,280 - VALO360 - DEBUG - 自動保存已禁用，跳過配置保存
2025-08-15 22:59:03,280 - VALO360 - DEBUG - 自動保存已禁用，跳過配置保存
2025-08-15 22:59:03,280 - VALO360 - DEBUG - 自動保存已禁用，跳過配置保存
2025-08-15 22:59:05,969 - VALO360 - DEBUG - 自動保存已禁用，跳過配置保存
2025-08-15 22:59:05,969 - VALO360 - DEBUG - 自動保存已禁用，跳過配置保存
2025-08-15 22:59:05,969 - VALO360 - DEBUG - 自動保存已禁用，跳過配置保存
2025-08-15 22:59:05,970 - VALO360 - DEBUG - 自動保存已禁用，跳過配置保存
2025-08-15 22:59:05,970 - VALO360 - DEBUG - 自動保存已禁用，跳過配置保存
2025-08-15 22:59:05,970 - VALO360 - DEBUG - 自動保存已禁用，跳過配置保存
2025-08-15 22:59:05,970 - VALO360 - DEBUG - 自動保存已禁用，跳過配置保存
2025-08-15 22:59:05,970 - VALO360 - DEBUG - 自動保存已禁用，跳過配置保存
2025-08-15 22:59:05,971 - VALO360 - DEBUG - 自動保存已禁用，跳過配置保存
2025-08-15 22:59:05,971 - VALO360 - DEBUG - 自動保存已禁用，跳過配置保存
2025-08-15 22:59:05,971 - VALO360 - DEBUG - 自動保存已禁用，跳過配置保存
2025-08-15 22:59:05,971 - VALO360 - DEBUG - 自動保存已禁用，跳過配置保存
2025-08-15 22:59:05,972 - VALO360 - DEBUG - 自動保存已禁用，跳過配置保存
2025-08-15 22:59:05,972 - VALO360 - DEBUG - 自動保存已禁用，跳過配置保存
2025-08-15 22:59:05,972 - VALO360 - DEBUG - 自動保存已禁用，跳過配置保存
2025-08-15 22:59:05,972 - VALO360 - DEBUG - 自動保存已禁用，跳過配置保存
2025-08-15 22:59:05,973 - VALO360 - DEBUG - 自動保存已禁用，跳過配置保存
2025-08-15 22:59:05,973 - VALO360 - DEBUG - 自動保存已禁用，跳過配置保存
2025-08-15 22:59:05,973 - VALO360 - DEBUG - 自動保存已禁用，跳過配置保存
2025-08-15 22:59:05,973 - VALO360 - DEBUG - 自動保存已禁用，跳過配置保存
2025-08-15 22:59:05,974 - VALO360 - DEBUG - 自動保存已禁用，跳過配置保存
2025-08-15 22:59:05,974 - VALO360 - DEBUG - 自動保存已禁用，跳過配置保存
2025-08-15 22:59:05,974 - VALO360 - DEBUG - 自動保存已禁用，跳過配置保存
2025-08-15 22:59:05,974 - VALO360 - DEBUG - 自動保存已禁用，跳過配置保存
2025-08-15 22:59:05,978 - VALO360 - DEBUG - 自動保存已禁用，跳過配置保存
2025-08-15 22:59:05,978 - VALO360 - DEBUG - 自動保存已禁用，跳過配置保存
2025-08-15 22:59:05,978 - VALO360 - DEBUG - 自動保存已禁用，跳過配置保存
2025-08-15 22:59:05,978 - VALO360 - DEBUG - 自動保存已禁用，跳過配置保存
2025-08-15 22:59:05,979 - VALO360 - DEBUG - 自動保存已禁用，跳過配置保存
2025-08-15 22:59:05,979 - VALO360 - DEBUG - 自動保存已禁用，跳過配置保存
2025-08-15 22:59:05,979 - VALO360 - DEBUG - 自動保存已禁用，跳過配置保存
2025-08-15 22:59:05,979 - VALO360 - DEBUG - 自動保存已禁用，跳過配置保存
2025-08-15 22:59:05,980 - VALO360 - DEBUG - 自動保存已禁用，跳過配置保存
2025-08-15 22:59:05,981 - VALO360 - DEBUG - 自動保存已禁用，跳過配置保存
2025-08-15 22:59:05,981 - VALO360 - DEBUG - 自動保存已禁用，跳過配置保存
2025-08-15 22:59:05,981 - VALO360 - DEBUG - 自動保存已禁用，跳過配置保存
2025-08-15 22:59:05,981 - VALO360 - DEBUG - 自動保存已禁用，跳過配置保存
2025-08-15 22:59:05,981 - VALO360 - DEBUG - 自動保存已禁用，跳過配置保存
2025-08-15 22:59:05,981 - VALO360 - DEBUG - 自動保存已禁用，跳過配置保存
2025-08-15 22:59:05,981 - VALO360 - DEBUG - 自動保存已禁用，跳過配置保存
2025-08-15 22:59:05,982 - VALO360 - DEBUG - 自動保存已禁用，跳過配置保存
2025-08-15 22:59:05,982 - VALO360 - DEBUG - 自動保存已禁用，跳過配置保存
2025-08-15 22:59:05,982 - VALO360 - DEBUG - 自動保存已禁用，跳過配置保存
2025-08-15 22:59:05,983 - VALO360 - DEBUG - 自動保存已禁用，跳過配置保存
2025-08-15 22:59:05,983 - VALO360 - DEBUG - 自動保存已禁用，跳過配置保存
2025-08-15 22:59:05,983 - VALO360 - DEBUG - 自動保存已禁用，跳過配置保存
2025-08-15 22:59:05,983 - VALO360 - DEBUG - 自動保存已禁用，跳過配置保存
2025-08-15 22:59:05,983 - VALO360 - DEBUG - 自動保存已禁用，跳過配置保存
2025-08-15 22:59:05,991 - VALO360 - DEBUG - 自動保存已禁用，跳過配置保存
2025-08-15 22:59:05,991 - VALO360 - DEBUG - 自動保存已禁用，跳過配置保存
2025-08-15 22:59:05,991 - VALO360 - DEBUG - 自動保存已禁用，跳過配置保存
2025-08-15 22:59:05,991 - VALO360 - DEBUG - 自動保存已禁用，跳過配置保存
2025-08-15 22:59:05,992 - VALO360 - DEBUG - 自動保存已禁用，跳過配置保存
2025-08-15 22:59:05,992 - VALO360 - DEBUG - 自動保存已禁用，跳過配置保存
2025-08-15 22:59:05,992 - VALO360 - DEBUG - 自動保存已禁用，跳過配置保存
2025-08-15 22:59:05,992 - VALO360 - DEBUG - 自動保存已禁用，跳過配置保存
2025-08-15 22:59:05,992 - VALO360 - DEBUG - 自動保存已禁用，跳過配置保存
2025-08-15 22:59:05,993 - VALO360 - DEBUG - 自動保存已禁用，跳過配置保存
2025-08-15 22:59:05,993 - VALO360 - DEBUG - 自動保存已禁用，跳過配置保存
2025-08-15 22:59:05,993 - VALO360 - DEBUG - 自動保存已禁用，跳過配置保存
2025-08-15 22:59:05,993 - VALO360 - DEBUG - 自動保存已禁用，跳過配置保存
2025-08-15 22:59:05,993 - VALO360 - DEBUG - 自動保存已禁用，跳過配置保存
2025-08-15 22:59:05,994 - VALO360 - DEBUG - 自動保存已禁用，跳過配置保存
2025-08-15 22:59:05,994 - VALO360 - DEBUG - 自動保存已禁用，跳過配置保存
2025-08-15 22:59:05,994 - VALO360 - DEBUG - 自動保存已禁用，跳過配置保存
2025-08-15 22:59:05,994 - VALO360 - DEBUG - 自動保存已禁用，跳過配置保存
2025-08-15 22:59:05,994 - VALO360 - DEBUG - 自動保存已禁用，跳過配置保存
2025-08-15 22:59:05,994 - VALO360 - DEBUG - 自動保存已禁用，跳過配置保存
2025-08-15 22:59:05,995 - VALO360 - DEBUG - 自動保存已禁用，跳過配置保存
2025-08-15 22:59:05,995 - VALO360 - DEBUG - 自動保存已禁用，跳過配置保存
2025-08-15 22:59:05,995 - VALO360 - DEBUG - 自動保存已禁用，跳過配置保存
2025-08-15 22:59:05,995 - VALO360 - DEBUG - 自動保存已禁用，跳過配置保存
2025-08-15 22:59:05,995 - VALO360 - DEBUG - 自動保存已禁用，跳過配置保存
2025-08-15 22:59:05,996 - VALO360 - DEBUG - 自動保存已禁用，跳過配置保存
2025-08-15 22:59:05,996 - VALO360 - DEBUG - 自動保存已禁用，跳過配置保存
2025-08-15 22:59:05,996 - VALO360 - DEBUG - 自動保存已禁用，跳過配置保存
2025-08-15 22:59:05,996 - VALO360 - DEBUG - 自動保存已禁用，跳過配置保存
2025-08-15 22:59:05,996 - VALO360 - DEBUG - 自動保存已禁用，跳過配置保存
2025-08-15 22:59:05,996 - VALO360 - DEBUG - 自動保存已禁用，跳過配置保存
2025-08-15 22:59:05,996 - VALO360 - DEBUG - 自動保存已禁用，跳過配置保存
2025-08-15 22:59:05,997 - VALO360 - DEBUG - 自動保存已禁用，跳過配置保存
2025-08-15 22:59:05,997 - VALO360 - DEBUG - 自動保存已禁用，跳過配置保存
2025-08-15 22:59:05,997 - VALO360 - DEBUG - 自動保存已禁用，跳過配置保存
2025-08-15 22:59:05,997 - VALO360 - DEBUG - 自動保存已禁用，跳過配置保存
2025-08-15 22:59:05,998 - VALO360 - DEBUG - 自動保存已禁用，跳過配置保存
2025-08-15 22:59:05,998 - VALO360 - DEBUG - 自動保存已禁用，跳過配置保存
2025-08-15 22:59:05,998 - VALO360 - DEBUG - 自動保存已禁用，跳過配置保存
2025-08-15 22:59:05,998 - VALO360 - DEBUG - 自動保存已禁用，跳過配置保存
2025-08-15 22:59:05,998 - VALO360 - DEBUG - 自動保存已禁用，跳過配置保存
2025-08-15 22:59:05,998 - VALO360 - DEBUG - 自動保存已禁用，跳過配置保存
2025-08-15 22:59:05,999 - VALO360 - DEBUG - 自動保存已禁用，跳過配置保存
2025-08-15 22:59:05,999 - VALO360 - DEBUG - 自動保存已禁用，跳過配置保存
2025-08-15 22:59:05,999 - VALO360 - DEBUG - 自動保存已禁用，跳過配置保存
2025-08-15 22:59:05,999 - VALO360 - DEBUG - 自動保存已禁用，跳過配置保存
2025-08-15 22:59:05,999 - VALO360 - DEBUG - 自動保存已禁用，跳過配置保存
2025-08-15 22:59:06,000 - VALO360 - DEBUG - 自動保存已禁用，跳過配置保存
2025-08-15 22:59:06,000 - VALO360 - DEBUG - 自動保存已禁用，跳過配置保存
2025-08-15 22:59:06,000 - VALO360 - DEBUG - 自動保存已禁用，跳過配置保存
2025-08-15 22:59:06,000 - VALO360 - DEBUG - 自動保存已禁用，跳過配置保存
2025-08-15 22:59:06,000 - VALO360 - DEBUG - 自動保存已禁用，跳過配置保存
2025-08-15 22:59:06,001 - VALO360 - DEBUG - 自動保存已禁用，跳過配置保存
2025-08-15 22:59:06,001 - VALO360 - DEBUG - 自動保存已禁用，跳過配置保存
2025-08-15 22:59:06,001 - VALO360 - DEBUG - 自動保存已禁用，跳過配置保存
2025-08-15 22:59:06,001 - VALO360 - DEBUG - 自動保存已禁用，跳過配置保存
2025-08-15 22:59:06,001 - VALO360 - DEBUG - 自動保存已禁用，跳過配置保存
2025-08-15 22:59:06,001 - VALO360 - DEBUG - 自動保存已禁用，跳過配置保存
2025-08-15 22:59:06,002 - VALO360 - DEBUG - 自動保存已禁用，跳過配置保存
2025-08-15 22:59:06,002 - VALO360 - DEBUG - 自動保存已禁用，跳過配置保存
2025-08-15 22:59:06,002 - VALO360 - DEBUG - 自動保存已禁用，跳過配置保存
2025-08-15 22:59:06,002 - VALO360 - DEBUG - 自動保存已禁用，跳過配置保存
2025-08-15 22:59:06,002 - VALO360 - DEBUG - 自動保存已禁用，跳過配置保存
2025-08-15 22:59:06,002 - VALO360 - DEBUG - 自動保存已禁用，跳過配置保存
2025-08-15 22:59:06,003 - VALO360 - DEBUG - 自動保存已禁用，跳過配置保存
2025-08-15 22:59:06,003 - VALO360 - DEBUG - 自動保存已禁用，跳過配置保存
2025-08-15 22:59:06,003 - VALO360 - DEBUG - 自動保存已禁用，跳過配置保存
2025-08-15 22:59:06,003 - VALO360 - DEBUG - 自動保存已禁用，跳過配置保存
2025-08-15 22:59:06,003 - VALO360 - DEBUG - 自動保存已禁用，跳過配置保存
2025-08-15 22:59:06,004 - VALO360 - DEBUG - 自動保存已禁用，跳過配置保存
2025-08-15 22:59:06,004 - VALO360 - DEBUG - 自動保存已禁用，跳過配置保存
2025-08-15 22:59:06,004 - VALO360 - DEBUG - 自動保存已禁用，跳過配置保存
2025-08-15 22:59:06,004 - VALO360 - DEBUG - 自動保存已禁用，跳過配置保存
2025-08-15 22:59:06,004 - VALO360 - DEBUG - 自動保存已禁用，跳過配置保存
2025-08-15 22:59:06,004 - VALO360 - DEBUG - 自動保存已禁用，跳過配置保存
2025-08-15 22:59:06,004 - VALO360 - DEBUG - 自動保存已禁用，跳過配置保存
2025-08-15 22:59:06,005 - VALO360 - DEBUG - 自動保存已禁用，跳過配置保存
2025-08-15 22:59:06,005 - VALO360 - DEBUG - 自動保存已禁用，跳過配置保存
2025-08-15 22:59:06,005 - VALO360 - DEBUG - 自動保存已禁用，跳過配置保存
2025-08-15 22:59:06,005 - VALO360 - DEBUG - 自動保存已禁用，跳過配置保存
2025-08-15 22:59:06,005 - VALO360 - DEBUG - 自動保存已禁用，跳過配置保存
2025-08-15 22:59:06,006 - VALO360 - DEBUG - 自動保存已禁用，跳過配置保存
2025-08-15 22:59:06,006 - VALO360 - DEBUG - 自動保存已禁用，跳過配置保存
2025-08-15 22:59:06,006 - VALO360 - DEBUG - 自動保存已禁用，跳過配置保存
2025-08-15 22:59:06,006 - VALO360 - DEBUG - 自動保存已禁用，跳過配置保存
2025-08-15 22:59:06,006 - VALO360 - DEBUG - 自動保存已禁用，跳過配置保存
2025-08-15 22:59:06,006 - VALO360 - DEBUG - 自動保存已禁用，跳過配置保存
2025-08-15 22:59:06,007 - VALO360 - DEBUG - 自動保存已禁用，跳過配置保存
2025-08-15 22:59:06,007 - VALO360 - DEBUG - 自動保存已禁用，跳過配置保存
2025-08-15 22:59:06,007 - VALO360 - DEBUG - 自動保存已禁用，跳過配置保存
2025-08-15 22:59:06,007 - VALO360 - DEBUG - 自動保存已禁用，跳過配置保存
2025-08-15 22:59:06,007 - VALO360 - DEBUG - 自動保存已禁用，跳過配置保存
2025-08-15 22:59:06,007 - VALO360 - DEBUG - 自動保存已禁用，跳過配置保存
2025-08-15 22:59:06,008 - VALO360 - DEBUG - 自動保存已禁用，跳過配置保存
2025-08-15 22:59:06,008 - VALO360 - DEBUG - 自動保存已禁用，跳過配置保存
2025-08-15 22:59:06,008 - VALO360 - DEBUG - 自動保存已禁用，跳過配置保存
2025-08-15 22:59:06,008 - VALO360 - DEBUG - 自動保存已禁用，跳過配置保存
2025-08-15 22:59:06,008 - VALO360 - DEBUG - 自動保存已禁用，跳過配置保存
2025-08-15 22:59:06,008 - VALO360 - DEBUG - 自動保存已禁用，跳過配置保存
2025-08-15 22:59:06,009 - VALO360 - DEBUG - 自動保存已禁用，跳過配置保存
2025-08-15 22:59:06,009 - VALO360 - DEBUG - 自動保存已禁用，跳過配置保存
2025-08-15 22:59:06,009 - VALO360 - DEBUG - 自動保存已禁用，跳過配置保存
2025-08-15 22:59:06,009 - VALO360 - DEBUG - 自動保存已禁用，跳過配置保存
2025-08-15 22:59:06,009 - VALO360 - DEBUG - 自動保存已禁用，跳過配置保存
2025-08-15 22:59:06,010 - VALO360 - DEBUG - 自動保存已禁用，跳過配置保存
2025-08-15 22:59:06,010 - VALO360 - DEBUG - 自動保存已禁用，跳過配置保存
2025-08-15 22:59:06,010 - VALO360 - DEBUG - 自動保存已禁用，跳過配置保存
2025-08-15 22:59:06,010 - VALO360 - DEBUG - 自動保存已禁用，跳過配置保存
2025-08-15 22:59:06,010 - VALO360 - DEBUG - 自動保存已禁用，跳過配置保存
2025-08-15 22:59:06,010 - VALO360 - DEBUG - 自動保存已禁用，跳過配置保存
2025-08-15 22:59:06,011 - VALO360 - DEBUG - 自動保存已禁用，跳過配置保存
2025-08-15 22:59:06,011 - VALO360 - DEBUG - 自動保存已禁用，跳過配置保存
2025-08-15 22:59:06,011 - VALO360 - DEBUG - 自動保存已禁用，跳過配置保存
2025-08-15 22:59:06,011 - VALO360 - DEBUG - 自動保存已禁用，跳過配置保存
2025-08-15 22:59:06,011 - VALO360 - DEBUG - 自動保存已禁用，跳過配置保存
2025-08-15 22:59:06,012 - VALO360 - DEBUG - 自動保存已禁用，跳過配置保存
2025-08-15 22:59:06,012 - VALO360 - DEBUG - 自動保存已禁用，跳過配置保存
2025-08-15 22:59:06,012 - VALO360 - DEBUG - 自動保存已禁用，跳過配置保存
2025-08-15 22:59:06,012 - VALO360 - DEBUG - 自動保存已禁用，跳過配置保存
2025-08-15 22:59:06,012 - VALO360 - DEBUG - 自動保存已禁用，跳過配置保存
2025-08-15 22:59:06,013 - VALO360 - DEBUG - 自動保存已禁用，跳過配置保存
2025-08-15 22:59:06,013 - VALO360 - DEBUG - 自動保存已禁用，跳過配置保存
2025-08-15 22:59:06,013 - VALO360 - DEBUG - 自動保存已禁用，跳過配置保存
2025-08-15 22:59:06,013 - VALO360 - DEBUG - 自動保存已禁用，跳過配置保存
2025-08-15 22:59:06,013 - VALO360 - DEBUG - 自動保存已禁用，跳過配置保存
2025-08-15 22:59:06,014 - VALO360 - DEBUG - 自動保存已禁用，跳過配置保存
2025-08-15 22:59:06,014 - VALO360 - DEBUG - 自動保存已禁用，跳過配置保存
2025-08-15 22:59:06,014 - VALO360 - DEBUG - 自動保存已禁用，跳過配置保存
2025-08-15 22:59:06,014 - VALO360 - DEBUG - 自動保存已禁用，跳過配置保存
2025-08-15 22:59:06,014 - VALO360 - DEBUG - 自動保存已禁用，跳過配置保存
2025-08-15 22:59:06,015 - VALO360 - DEBUG - 自動保存已禁用，跳過配置保存
2025-08-15 22:59:06,015 - VALO360 - DEBUG - 自動保存已禁用，跳過配置保存
2025-08-15 22:59:06,015 - VALO360 - DEBUG - 自動保存已禁用，跳過配置保存
2025-08-15 22:59:06,015 - VALO360 - DEBUG - 自動保存已禁用，跳過配置保存
2025-08-15 22:59:06,015 - VALO360 - DEBUG - 自動保存已禁用，跳過配置保存
2025-08-15 22:59:06,015 - VALO360 - DEBUG - 自動保存已禁用，跳過配置保存
2025-08-15 22:59:06,016 - VALO360 - DEBUG - 自動保存已禁用，跳過配置保存
2025-08-15 22:59:06,016 - VALO360 - DEBUG - 自動保存已禁用，跳過配置保存
2025-08-15 22:59:06,016 - VALO360 - DEBUG - 自動保存已禁用，跳過配置保存
2025-08-15 22:59:06,016 - VALO360 - DEBUG - 自動保存已禁用，跳過配置保存
2025-08-15 22:59:06,017 - VALO360 - DEBUG - 自動保存已禁用，跳過配置保存
2025-08-15 22:59:06,017 - VALO360 - DEBUG - 自動保存已禁用，跳過配置保存
2025-08-15 22:59:06,017 - VALO360 - DEBUG - 自動保存已禁用，跳過配置保存
2025-08-15 22:59:06,017 - VALO360 - DEBUG - 自動保存已禁用，跳過配置保存
2025-08-15 22:59:06,017 - VALO360 - DEBUG - 自動保存已禁用，跳過配置保存
2025-08-15 22:59:06,018 - VALO360 - DEBUG - 自動保存已禁用，跳過配置保存
2025-08-15 22:59:06,018 - VALO360 - DEBUG - 自動保存已禁用，跳過配置保存
2025-08-15 22:59:06,018 - VALO360 - DEBUG - 自動保存已禁用，跳過配置保存
2025-08-15 22:59:06,018 - VALO360 - DEBUG - 自動保存已禁用，跳過配置保存
2025-08-15 22:59:06,018 - VALO360 - DEBUG - 自動保存已禁用，跳過配置保存
2025-08-15 22:59:06,019 - VALO360 - DEBUG - 自動保存已禁用，跳過配置保存
2025-08-15 22:59:06,019 - VALO360 - DEBUG - 自動保存已禁用，跳過配置保存
2025-08-15 22:59:06,019 - VALO360 - DEBUG - 自動保存已禁用，跳過配置保存
2025-08-15 22:59:06,019 - VALO360 - DEBUG - 自動保存已禁用，跳過配置保存
2025-08-15 22:59:06,019 - VALO360 - DEBUG - 自動保存已禁用，跳過配置保存
2025-08-15 22:59:06,020 - VALO360 - DEBUG - 自動保存已禁用，跳過配置保存
2025-08-15 22:59:06,020 - VALO360 - DEBUG - 自動保存已禁用，跳過配置保存
2025-08-15 22:59:06,020 - VALO360 - DEBUG - 自動保存已禁用，跳過配置保存
2025-08-15 22:59:06,020 - VALO360 - DEBUG - 自動保存已禁用，跳過配置保存
2025-08-15 22:59:06,020 - VALO360 - DEBUG - 自動保存已禁用，跳過配置保存
2025-08-15 22:59:06,021 - VALO360 - DEBUG - 自動保存已禁用，跳過配置保存
2025-08-15 22:59:06,021 - VALO360 - DEBUG - 自動保存已禁用，跳過配置保存
2025-08-15 22:59:06,021 - VALO360 - DEBUG - 自動保存已禁用，跳過配置保存
2025-08-15 22:59:06,021 - VALO360 - DEBUG - 自動保存已禁用，跳過配置保存
2025-08-15 22:59:06,022 - VALO360 - DEBUG - 自動保存已禁用，跳過配置保存
2025-08-15 22:59:06,022 - VALO360 - DEBUG - 自動保存已禁用，跳過配置保存
2025-08-15 22:59:06,022 - VALO360 - DEBUG - 自動保存已禁用，跳過配置保存
2025-08-15 22:59:06,022 - VALO360 - DEBUG - 自動保存已禁用，跳過配置保存
2025-08-15 22:59:06,022 - VALO360 - DEBUG - 自動保存已禁用，跳過配置保存
2025-08-15 22:59:06,023 - VALO360 - DEBUG - 自動保存已禁用，跳過配置保存
2025-08-15 22:59:06,023 - VALO360 - DEBUG - 自動保存已禁用，跳過配置保存
2025-08-15 22:59:06,023 - VALO360 - DEBUG - 自動保存已禁用，跳過配置保存
2025-08-15 22:59:06,023 - VALO360 - DEBUG - 自動保存已禁用，跳過配置保存
2025-08-15 22:59:06,023 - VALO360 - DEBUG - 自動保存已禁用，跳過配置保存
2025-08-15 22:59:06,023 - VALO360 - DEBUG - 自動保存已禁用，跳過配置保存
2025-08-15 22:59:06,024 - VALO360 - DEBUG - 自動保存已禁用，跳過配置保存
2025-08-15 22:59:06,024 - VALO360 - DEBUG - 自動保存已禁用，跳過配置保存
2025-08-15 22:59:06,024 - VALO360 - DEBUG - 自動保存已禁用，跳過配置保存
2025-08-15 22:59:06,024 - VALO360 - DEBUG - 自動保存已禁用，跳過配置保存
2025-08-15 22:59:06,024 - VALO360 - DEBUG - 自動保存已禁用，跳過配置保存
2025-08-15 22:59:06,025 - VALO360 - DEBUG - 自動保存已禁用，跳過配置保存
2025-08-15 22:59:06,025 - VALO360 - DEBUG - 自動保存已禁用，跳過配置保存
2025-08-15 22:59:06,025 - VALO360 - DEBUG - 自動保存已禁用，跳過配置保存
2025-08-15 22:59:06,025 - VALO360 - DEBUG - 自動保存已禁用，跳過配置保存
2025-08-15 22:59:06,026 - VALO360 - DEBUG - 自動保存已禁用，跳過配置保存
2025-08-15 22:59:06,026 - VALO360 - DEBUG - 自動保存已禁用，跳過配置保存
2025-08-15 22:59:06,026 - VALO360 - DEBUG - 自動保存已禁用，跳過配置保存
2025-08-15 22:59:06,026 - VALO360 - DEBUG - 自動保存已禁用，跳過配置保存
2025-08-15 22:59:06,026 - VALO360 - DEBUG - 自動保存已禁用，跳過配置保存
2025-08-15 22:59:06,027 - VALO360 - DEBUG - 自動保存已禁用，跳過配置保存
2025-08-15 22:59:06,027 - VALO360 - DEBUG - 自動保存已禁用，跳過配置保存
2025-08-15 22:59:06,027 - VALO360 - DEBUG - 自動保存已禁用，跳過配置保存
2025-08-15 22:59:06,027 - VALO360 - DEBUG - 自動保存已禁用，跳過配置保存
2025-08-15 22:59:06,027 - VALO360 - DEBUG - 自動保存已禁用，跳過配置保存
2025-08-15 22:59:06,027 - VALO360 - DEBUG - 自動保存已禁用，跳過配置保存
2025-08-15 22:59:06,028 - VALO360 - DEBUG - 自動保存已禁用，跳過配置保存
2025-08-15 22:59:06,028 - VALO360 - DEBUG - 自動保存已禁用，跳過配置保存
2025-08-15 22:59:06,028 - VALO360 - DEBUG - 自動保存已禁用，跳過配置保存
2025-08-15 22:59:06,028 - VALO360 - DEBUG - 自動保存已禁用，跳過配置保存
2025-08-15 22:59:06,028 - VALO360 - DEBUG - 自動保存已禁用，跳過配置保存
2025-08-15 22:59:06,029 - VALO360 - DEBUG - 自動保存已禁用，跳過配置保存
2025-08-15 22:59:06,029 - VALO360 - DEBUG - 自動保存已禁用，跳過配置保存
2025-08-15 22:59:06,029 - VALO360 - DEBUG - 自動保存已禁用，跳過配置保存
2025-08-15 22:59:06,029 - VALO360 - DEBUG - 自動保存已禁用，跳過配置保存
2025-08-15 22:59:06,029 - VALO360 - DEBUG - 自動保存已禁用，跳過配置保存
2025-08-15 22:59:06,030 - VALO360 - DEBUG - 自動保存已禁用，跳過配置保存
2025-08-15 22:59:06,030 - VALO360 - DEBUG - 自動保存已禁用，跳過配置保存
2025-08-15 22:59:06,030 - VALO360 - DEBUG - 自動保存已禁用，跳過配置保存
2025-08-15 22:59:06,030 - VALO360 - DEBUG - 自動保存已禁用，跳過配置保存
2025-08-15 22:59:06,030 - VALO360 - DEBUG - 自動保存已禁用，跳過配置保存
2025-08-15 22:59:06,030 - VALO360 - DEBUG - 自動保存已禁用，跳過配置保存
2025-08-15 22:59:06,031 - VALO360 - DEBUG - 自動保存已禁用，跳過配置保存
2025-08-15 22:59:06,031 - VALO360 - DEBUG - 自動保存已禁用，跳過配置保存
2025-08-15 22:59:06,031 - VALO360 - DEBUG - 自動保存已禁用，跳過配置保存
2025-08-15 22:59:06,031 - VALO360 - DEBUG - 自動保存已禁用，跳過配置保存
2025-08-15 22:59:06,031 - VALO360 - DEBUG - 自動保存已禁用，跳過配置保存
2025-08-15 22:59:06,032 - VALO360 - DEBUG - 自動保存已禁用，跳過配置保存
2025-08-15 22:59:06,032 - VALO360 - DEBUG - 自動保存已禁用，跳過配置保存
2025-08-15 22:59:06,032 - VALO360 - DEBUG - 自動保存已禁用，跳過配置保存
2025-08-15 22:59:06,032 - VALO360 - DEBUG - 自動保存已禁用，跳過配置保存
2025-08-15 22:59:06,032 - VALO360 - DEBUG - 自動保存已禁用，跳過配置保存
2025-08-15 22:59:06,033 - VALO360 - DEBUG - 自動保存已禁用，跳過配置保存
2025-08-15 22:59:06,033 - VALO360 - DEBUG - 自動保存已禁用，跳過配置保存
2025-08-15 22:59:06,033 - VALO360 - DEBUG - 自動保存已禁用，跳過配置保存
2025-08-15 22:59:06,033 - VALO360 - DEBUG - 自動保存已禁用，跳過配置保存
2025-08-15 22:59:06,033 - VALO360 - DEBUG - 自動保存已禁用，跳過配置保存
2025-08-15 22:59:06,033 - VALO360 - DEBUG - 自動保存已禁用，跳過配置保存
2025-08-15 22:59:06,034 - VALO360 - DEBUG - 自動保存已禁用，跳過配置保存
2025-08-15 22:59:06,034 - VALO360 - DEBUG - 自動保存已禁用，跳過配置保存
2025-08-15 22:59:06,034 - VALO360 - DEBUG - 自動保存已禁用，跳過配置保存
2025-08-15 22:59:06,034 - VALO360 - DEBUG - 自動保存已禁用，跳過配置保存
2025-08-15 22:59:06,034 - VALO360 - DEBUG - 自動保存已禁用，跳過配置保存
2025-08-15 22:59:06,035 - VALO360 - DEBUG - 自動保存已禁用，跳過配置保存
2025-08-15 22:59:06,035 - VALO360 - DEBUG - 自動保存已禁用，跳過配置保存
2025-08-15 22:59:06,035 - VALO360 - DEBUG - 自動保存已禁用，跳過配置保存
2025-08-15 22:59:06,035 - VALO360 - DEBUG - 自動保存已禁用，跳過配置保存
2025-08-15 22:59:06,036 - VALO360 - DEBUG - 自動保存已禁用，跳過配置保存
2025-08-15 22:59:06,036 - VALO360 - DEBUG - 自動保存已禁用，跳過配置保存
2025-08-15 22:59:06,036 - VALO360 - DEBUG - 自動保存已禁用，跳過配置保存
2025-08-15 22:59:06,036 - VALO360 - DEBUG - 自動保存已禁用，跳過配置保存
2025-08-15 22:59:06,036 - VALO360 - DEBUG - 自動保存已禁用，跳過配置保存
2025-08-15 22:59:06,036 - VALO360 - DEBUG - 自動保存已禁用，跳過配置保存
2025-08-15 22:59:06,037 - VALO360 - DEBUG - 自動保存已禁用，跳過配置保存
2025-08-15 22:59:06,037 - VALO360 - DEBUG - 自動保存已禁用，跳過配置保存
2025-08-15 22:59:06,037 - VALO360 - DEBUG - 自動保存已禁用，跳過配置保存
2025-08-15 22:59:06,037 - VALO360 - DEBUG - 自動保存已禁用，跳過配置保存
2025-08-15 22:59:06,037 - VALO360 - DEBUG - 自動保存已禁用，跳過配置保存
2025-08-15 22:59:06,037 - VALO360 - DEBUG - 自動保存已禁用，跳過配置保存
2025-08-15 22:59:06,038 - VALO360 - DEBUG - 自動保存已禁用，跳過配置保存
2025-08-15 22:59:06,038 - VALO360 - DEBUG - 自動保存已禁用，跳過配置保存
2025-08-15 22:59:06,038 - VALO360 - DEBUG - 自動保存已禁用，跳過配置保存
2025-08-15 22:59:06,038 - VALO360 - DEBUG - 自動保存已禁用，跳過配置保存
2025-08-15 22:59:06,038 - VALO360 - DEBUG - 自動保存已禁用，跳過配置保存
2025-08-15 22:59:06,038 - VALO360 - DEBUG - 自動保存已禁用，跳過配置保存
2025-08-15 22:59:06,039 - VALO360 - DEBUG - 自動保存已禁用，跳過配置保存
2025-08-15 22:59:06,039 - VALO360 - DEBUG - 自動保存已禁用，跳過配置保存
2025-08-15 22:59:06,039 - VALO360 - DEBUG - 自動保存已禁用，跳過配置保存
2025-08-15 22:59:06,039 - VALO360 - DEBUG - 自動保存已禁用，跳過配置保存
2025-08-15 22:59:06,039 - VALO360 - DEBUG - 自動保存已禁用，跳過配置保存
2025-08-15 22:59:06,039 - VALO360 - DEBUG - 自動保存已禁用，跳過配置保存
2025-08-15 22:59:06,040 - VALO360 - DEBUG - 自動保存已禁用，跳過配置保存
2025-08-15 22:59:06,040 - VALO360 - DEBUG - 自動保存已禁用，跳過配置保存
2025-08-15 22:59:06,040 - VALO360 - DEBUG - 自動保存已禁用，跳過配置保存
2025-08-15 22:59:06,040 - VALO360 - DEBUG - 自動保存已禁用，跳過配置保存
2025-08-15 22:59:06,040 - VALO360 - DEBUG - 自動保存已禁用，跳過配置保存
2025-08-15 22:59:06,041 - VALO360 - DEBUG - 自動保存已禁用，跳過配置保存
2025-08-15 22:59:06,041 - VALO360 - DEBUG - 自動保存已禁用，跳過配置保存
2025-08-15 22:59:06,041 - VALO360 - DEBUG - 自動保存已禁用，跳過配置保存
2025-08-15 22:59:06,041 - VALO360 - DEBUG - 自動保存已禁用，跳過配置保存
2025-08-15 22:59:06,041 - VALO360 - DEBUG - 自動保存已禁用，跳過配置保存
2025-08-15 22:59:06,041 - VALO360 - DEBUG - 自動保存已禁用，跳過配置保存
2025-08-15 22:59:06,041 - VALO360 - DEBUG - 自動保存已禁用，跳過配置保存
2025-08-15 22:59:06,042 - VALO360 - DEBUG - 自動保存已禁用，跳過配置保存
2025-08-15 22:59:06,042 - VALO360 - DEBUG - 自動保存已禁用，跳過配置保存
2025-08-15 22:59:06,042 - VALO360 - DEBUG - 自動保存已禁用，跳過配置保存
2025-08-15 22:59:06,042 - VALO360 - DEBUG - 自動保存已禁用，跳過配置保存
2025-08-15 22:59:06,042 - VALO360 - DEBUG - 自動保存已禁用，跳過配置保存
2025-08-15 22:59:06,043 - VALO360 - DEBUG - 自動保存已禁用，跳過配置保存
2025-08-15 22:59:06,043 - VALO360 - DEBUG - 自動保存已禁用，跳過配置保存
2025-08-15 22:59:06,043 - VALO360 - DEBUG - 自動保存已禁用，跳過配置保存
2025-08-15 22:59:06,045 - VALO360 - DEBUG - 自動保存已禁用，跳過配置保存
2025-08-15 22:59:06,045 - VALO360 - DEBUG - 自動保存已禁用，跳過配置保存
2025-08-15 22:59:06,045 - VALO360 - DEBUG - 自動保存已禁用，跳過配置保存
2025-08-15 22:59:06,045 - VALO360 - DEBUG - 自動保存已禁用，跳過配置保存
2025-08-15 22:59:06,046 - VALO360 - DEBUG - 自動保存已禁用，跳過配置保存
2025-08-15 22:59:06,046 - VALO360 - DEBUG - 自動保存已禁用，跳過配置保存
2025-08-15 22:59:06,046 - VALO360 - DEBUG - 自動保存已禁用，跳過配置保存
2025-08-15 22:59:06,046 - VALO360 - DEBUG - 自動保存已禁用，跳過配置保存
2025-08-15 22:59:06,046 - VALO360 - DEBUG - 自動保存已禁用，跳過配置保存
2025-08-15 22:59:06,047 - VALO360 - DEBUG - 自動保存已禁用，跳過配置保存
2025-08-15 22:59:06,047 - VALO360 - DEBUG - 自動保存已禁用，跳過配置保存
2025-08-15 22:59:06,047 - VALO360 - DEBUG - 自動保存已禁用，跳過配置保存
2025-08-15 22:59:06,047 - VALO360 - DEBUG - 自動保存已禁用，跳過配置保存
2025-08-15 22:59:06,047 - VALO360 - DEBUG - 自動保存已禁用，跳過配置保存
2025-08-15 22:59:06,047 - VALO360 - DEBUG - 自動保存已禁用，跳過配置保存
2025-08-15 22:59:06,048 - VALO360 - DEBUG - 自動保存已禁用，跳過配置保存
2025-08-15 22:59:06,048 - VALO360 - DEBUG - 自動保存已禁用，跳過配置保存
2025-08-15 22:59:06,048 - VALO360 - DEBUG - 自動保存已禁用，跳過配置保存
2025-08-15 22:59:06,048 - VALO360 - DEBUG - 自動保存已禁用，跳過配置保存
2025-08-15 22:59:06,048 - VALO360 - DEBUG - 自動保存已禁用，跳過配置保存
2025-08-15 22:59:06,049 - VALO360 - DEBUG - 自動保存已禁用，跳過配置保存
2025-08-15 22:59:06,049 - VALO360 - DEBUG - 自動保存已禁用，跳過配置保存
2025-08-15 22:59:06,049 - VALO360 - DEBUG - 自動保存已禁用，跳過配置保存
2025-08-15 22:59:06,049 - VALO360 - DEBUG - 自動保存已禁用，跳過配置保存
2025-08-15 22:59:06,049 - VALO360 - DEBUG - 自動保存已禁用，跳過配置保存
2025-08-15 22:59:06,049 - VALO360 - DEBUG - 自動保存已禁用，跳過配置保存
2025-08-15 22:59:06,050 - VALO360 - DEBUG - 自動保存已禁用，跳過配置保存
2025-08-15 22:59:06,050 - VALO360 - DEBUG - 自動保存已禁用，跳過配置保存
2025-08-15 22:59:06,050 - VALO360 - DEBUG - 自動保存已禁用，跳過配置保存
2025-08-15 22:59:06,050 - VALO360 - DEBUG - 自動保存已禁用，跳過配置保存
2025-08-15 22:59:06,050 - VALO360 - DEBUG - 自動保存已禁用，跳過配置保存
2025-08-15 22:59:06,050 - VALO360 - DEBUG - 自動保存已禁用，跳過配置保存
2025-08-15 22:59:06,051 - VALO360 - DEBUG - 自動保存已禁用，跳過配置保存
2025-08-15 22:59:06,051 - VALO360 - DEBUG - 自動保存已禁用，跳過配置保存
2025-08-15 22:59:06,051 - VALO360 - DEBUG - 自動保存已禁用，跳過配置保存
2025-08-15 22:59:06,051 - VALO360 - DEBUG - 自動保存已禁用，跳過配置保存
2025-08-15 22:59:06,051 - VALO360 - DEBUG - 自動保存已禁用，跳過配置保存
2025-08-15 22:59:06,051 - VALO360 - DEBUG - 自動保存已禁用，跳過配置保存
2025-08-15 22:59:06,052 - VALO360 - DEBUG - 自動保存已禁用，跳過配置保存
2025-08-15 22:59:06,052 - VALO360 - DEBUG - 自動保存已禁用，跳過配置保存
2025-08-15 22:59:07,175 - VALO360 - DEBUG - 自動保存已禁用，跳過配置保存
2025-08-15 22:59:07,175 - VALO360 - DEBUG - 自動保存已禁用，跳過配置保存
2025-08-15 22:59:07,175 - VALO360 - DEBUG - 自動保存已禁用，跳過配置保存
2025-08-15 22:59:07,175 - VALO360 - DEBUG - 自動保存已禁用，跳過配置保存
2025-08-15 22:59:07,176 - VALO360 - DEBUG - 自動保存已禁用，跳過配置保存
2025-08-15 22:59:07,176 - VALO360 - DEBUG - 自動保存已禁用，跳過配置保存
2025-08-15 22:59:07,176 - VALO360 - DEBUG - 自動保存已禁用，跳過配置保存
2025-08-15 22:59:07,176 - VALO360 - DEBUG - 自動保存已禁用，跳過配置保存
2025-08-15 22:59:07,177 - VALO360 - DEBUG - 自動保存已禁用，跳過配置保存
2025-08-15 22:59:07,177 - VALO360 - DEBUG - 自動保存已禁用，跳過配置保存
2025-08-15 22:59:07,177 - VALO360 - DEBUG - 自動保存已禁用，跳過配置保存
2025-08-15 22:59:07,177 - VALO360 - DEBUG - 自動保存已禁用，跳過配置保存
2025-08-15 22:59:07,178 - VALO360 - DEBUG - 自動保存已禁用，跳過配置保存
2025-08-15 22:59:07,178 - VALO360 - DEBUG - 自動保存已禁用，跳過配置保存
2025-08-15 22:59:07,178 - VALO360 - DEBUG - 自動保存已禁用，跳過配置保存
2025-08-15 22:59:07,178 - VALO360 - DEBUG - 自動保存已禁用，跳過配置保存
2025-08-15 22:59:07,179 - VALO360 - DEBUG - 自動保存已禁用，跳過配置保存
2025-08-15 22:59:07,179 - VALO360 - DEBUG - 自動保存已禁用，跳過配置保存
2025-08-15 22:59:07,179 - VALO360 - DEBUG - 自動保存已禁用，跳過配置保存
2025-08-15 22:59:07,179 - VALO360 - DEBUG - 自動保存已禁用，跳過配置保存
2025-08-15 22:59:07,180 - VALO360 - DEBUG - 自動保存已禁用，跳過配置保存
2025-08-15 22:59:07,180 - VALO360 - DEBUG - 自動保存已禁用，跳過配置保存
2025-08-15 22:59:07,180 - VALO360 - DEBUG - 自動保存已禁用，跳過配置保存
2025-08-15 22:59:07,180 - VALO360 - DEBUG - 自動保存已禁用，跳過配置保存
2025-08-15 22:59:07,185 - VALO360 - DEBUG - 自動保存已禁用，跳過配置保存
2025-08-15 22:59:07,185 - VALO360 - DEBUG - 自動保存已禁用，跳過配置保存
2025-08-15 22:59:07,185 - VALO360 - DEBUG - 自動保存已禁用，跳過配置保存
2025-08-15 22:59:07,185 - VALO360 - DEBUG - 自動保存已禁用，跳過配置保存
2025-08-15 22:59:07,186 - VALO360 - DEBUG - 自動保存已禁用，跳過配置保存
2025-08-15 22:59:07,186 - VALO360 - DEBUG - 自動保存已禁用，跳過配置保存
2025-08-15 22:59:07,186 - VALO360 - DEBUG - 自動保存已禁用，跳過配置保存
2025-08-15 22:59:07,186 - VALO360 - DEBUG - 自動保存已禁用，跳過配置保存
2025-08-15 22:59:07,187 - VALO360 - DEBUG - 自動保存已禁用，跳過配置保存
2025-08-15 22:59:07,187 - VALO360 - DEBUG - 自動保存已禁用，跳過配置保存
2025-08-15 22:59:07,188 - VALO360 - DEBUG - 自動保存已禁用，跳過配置保存
2025-08-15 22:59:07,188 - VALO360 - DEBUG - 自動保存已禁用，跳過配置保存
2025-08-15 22:59:07,188 - VALO360 - DEBUG - 自動保存已禁用，跳過配置保存
2025-08-15 22:59:07,188 - VALO360 - DEBUG - 自動保存已禁用，跳過配置保存
2025-08-15 22:59:07,188 - VALO360 - DEBUG - 自動保存已禁用，跳過配置保存
2025-08-15 22:59:07,188 - VALO360 - DEBUG - 自動保存已禁用，跳過配置保存
2025-08-15 22:59:07,189 - VALO360 - DEBUG - 自動保存已禁用，跳過配置保存
2025-08-15 22:59:07,189 - VALO360 - DEBUG - 自動保存已禁用，跳過配置保存
2025-08-15 22:59:07,189 - VALO360 - DEBUG - 自動保存已禁用，跳過配置保存
2025-08-15 22:59:07,189 - VALO360 - DEBUG - 自動保存已禁用，跳過配置保存
2025-08-15 22:59:07,190 - VALO360 - DEBUG - 自動保存已禁用，跳過配置保存
2025-08-15 22:59:07,190 - VALO360 - DEBUG - 自動保存已禁用，跳過配置保存
2025-08-15 22:59:07,190 - VALO360 - DEBUG - 自動保存已禁用，跳過配置保存
2025-08-15 22:59:07,190 - VALO360 - DEBUG - 自動保存已禁用，跳過配置保存
2025-08-15 22:59:07,197 - VALO360 - DEBUG - 自動保存已禁用，跳過配置保存
2025-08-15 22:59:07,197 - VALO360 - DEBUG - 自動保存已禁用，跳過配置保存
2025-08-15 22:59:07,197 - VALO360 - DEBUG - 自動保存已禁用，跳過配置保存
2025-08-15 22:59:07,197 - VALO360 - DEBUG - 自動保存已禁用，跳過配置保存
2025-08-15 22:59:07,198 - VALO360 - DEBUG - 自動保存已禁用，跳過配置保存
2025-08-15 22:59:07,198 - VALO360 - DEBUG - 自動保存已禁用，跳過配置保存
2025-08-15 22:59:07,198 - VALO360 - DEBUG - 自動保存已禁用，跳過配置保存
2025-08-15 22:59:07,198 - VALO360 - DEBUG - 自動保存已禁用，跳過配置保存
2025-08-15 22:59:07,198 - VALO360 - DEBUG - 自動保存已禁用，跳過配置保存
2025-08-15 22:59:07,199 - VALO360 - DEBUG - 自動保存已禁用，跳過配置保存
2025-08-15 22:59:07,199 - VALO360 - DEBUG - 自動保存已禁用，跳過配置保存
2025-08-15 22:59:07,199 - VALO360 - DEBUG - 自動保存已禁用，跳過配置保存
2025-08-15 22:59:07,199 - VALO360 - DEBUG - 自動保存已禁用，跳過配置保存
2025-08-15 22:59:07,199 - VALO360 - DEBUG - 自動保存已禁用，跳過配置保存
2025-08-15 22:59:07,199 - VALO360 - DEBUG - 自動保存已禁用，跳過配置保存
2025-08-15 22:59:07,199 - VALO360 - DEBUG - 自動保存已禁用，跳過配置保存
2025-08-15 22:59:07,200 - VALO360 - DEBUG - 自動保存已禁用，跳過配置保存
2025-08-15 22:59:07,200 - VALO360 - DEBUG - 自動保存已禁用，跳過配置保存
2025-08-15 22:59:07,200 - VALO360 - DEBUG - 自動保存已禁用，跳過配置保存
2025-08-15 22:59:07,200 - VALO360 - DEBUG - 自動保存已禁用，跳過配置保存
2025-08-15 22:59:07,200 - VALO360 - DEBUG - 自動保存已禁用，跳過配置保存
2025-08-15 22:59:07,201 - VALO360 - DEBUG - 自動保存已禁用，跳過配置保存
2025-08-15 22:59:07,201 - VALO360 - DEBUG - 自動保存已禁用，跳過配置保存
2025-08-15 22:59:07,201 - VALO360 - DEBUG - 自動保存已禁用，跳過配置保存
2025-08-15 22:59:07,201 - VALO360 - DEBUG - 自動保存已禁用，跳過配置保存
2025-08-15 22:59:07,201 - VALO360 - DEBUG - 自動保存已禁用，跳過配置保存
2025-08-15 22:59:07,201 - VALO360 - DEBUG - 自動保存已禁用，跳過配置保存
2025-08-15 22:59:07,201 - VALO360 - DEBUG - 自動保存已禁用，跳過配置保存
2025-08-15 22:59:07,202 - VALO360 - DEBUG - 自動保存已禁用，跳過配置保存
2025-08-15 22:59:07,202 - VALO360 - DEBUG - 自動保存已禁用，跳過配置保存
2025-08-15 22:59:07,202 - VALO360 - DEBUG - 自動保存已禁用，跳過配置保存
2025-08-15 22:59:07,202 - VALO360 - DEBUG - 自動保存已禁用，跳過配置保存
2025-08-15 22:59:07,203 - VALO360 - DEBUG - 自動保存已禁用，跳過配置保存
2025-08-15 22:59:07,203 - VALO360 - DEBUG - 自動保存已禁用，跳過配置保存
2025-08-15 22:59:07,203 - VALO360 - DEBUG - 自動保存已禁用，跳過配置保存
2025-08-15 22:59:07,203 - VALO360 - DEBUG - 自動保存已禁用，跳過配置保存
2025-08-15 22:59:07,203 - VALO360 - DEBUG - 自動保存已禁用，跳過配置保存
2025-08-15 22:59:07,204 - VALO360 - DEBUG - 自動保存已禁用，跳過配置保存
2025-08-15 22:59:07,204 - VALO360 - DEBUG - 自動保存已禁用，跳過配置保存
2025-08-15 22:59:07,204 - VALO360 - DEBUG - 自動保存已禁用，跳過配置保存
2025-08-15 22:59:07,204 - VALO360 - DEBUG - 自動保存已禁用，跳過配置保存
2025-08-15 22:59:07,204 - VALO360 - DEBUG - 自動保存已禁用，跳過配置保存
2025-08-15 22:59:07,204 - VALO360 - DEBUG - 自動保存已禁用，跳過配置保存
2025-08-15 22:59:07,205 - VALO360 - DEBUG - 自動保存已禁用，跳過配置保存
2025-08-15 22:59:07,205 - VALO360 - DEBUG - 自動保存已禁用，跳過配置保存
2025-08-15 22:59:07,205 - VALO360 - DEBUG - 自動保存已禁用，跳過配置保存
2025-08-15 22:59:07,205 - VALO360 - DEBUG - 自動保存已禁用，跳過配置保存
2025-08-15 22:59:07,205 - VALO360 - DEBUG - 自動保存已禁用，跳過配置保存
2025-08-15 22:59:07,206 - VALO360 - DEBUG - 自動保存已禁用，跳過配置保存
2025-08-15 22:59:07,206 - VALO360 - DEBUG - 自動保存已禁用，跳過配置保存
2025-08-15 22:59:07,206 - VALO360 - DEBUG - 自動保存已禁用，跳過配置保存
2025-08-15 22:59:07,206 - VALO360 - DEBUG - 自動保存已禁用，跳過配置保存
2025-08-15 22:59:07,206 - VALO360 - DEBUG - 自動保存已禁用，跳過配置保存
2025-08-15 22:59:07,207 - VALO360 - DEBUG - 自動保存已禁用，跳過配置保存
2025-08-15 22:59:07,207 - VALO360 - DEBUG - 自動保存已禁用，跳過配置保存
2025-08-15 22:59:07,207 - VALO360 - DEBUG - 自動保存已禁用，跳過配置保存
2025-08-15 22:59:07,207 - VALO360 - DEBUG - 自動保存已禁用，跳過配置保存
2025-08-15 22:59:07,207 - VALO360 - DEBUG - 自動保存已禁用，跳過配置保存
2025-08-15 22:59:07,208 - VALO360 - DEBUG - 自動保存已禁用，跳過配置保存
2025-08-15 22:59:07,208 - VALO360 - DEBUG - 自動保存已禁用，跳過配置保存
2025-08-15 22:59:07,208 - VALO360 - DEBUG - 自動保存已禁用，跳過配置保存
2025-08-15 22:59:07,208 - VALO360 - DEBUG - 自動保存已禁用，跳過配置保存
2025-08-15 22:59:07,208 - VALO360 - DEBUG - 自動保存已禁用，跳過配置保存
2025-08-15 22:59:07,208 - VALO360 - DEBUG - 自動保存已禁用，跳過配置保存
2025-08-15 22:59:07,209 - VALO360 - DEBUG - 自動保存已禁用，跳過配置保存
2025-08-15 22:59:07,209 - VALO360 - DEBUG - 自動保存已禁用，跳過配置保存
2025-08-15 22:59:07,209 - VALO360 - DEBUG - 自動保存已禁用，跳過配置保存
2025-08-15 22:59:07,209 - VALO360 - DEBUG - 自動保存已禁用，跳過配置保存
2025-08-15 22:59:07,210 - VALO360 - DEBUG - 自動保存已禁用，跳過配置保存
2025-08-15 22:59:07,210 - VALO360 - DEBUG - 自動保存已禁用，跳過配置保存
2025-08-15 22:59:07,210 - VALO360 - DEBUG - 自動保存已禁用，跳過配置保存
2025-08-15 22:59:07,210 - VALO360 - DEBUG - 自動保存已禁用，跳過配置保存
2025-08-15 22:59:07,210 - VALO360 - DEBUG - 自動保存已禁用，跳過配置保存
2025-08-15 22:59:07,210 - VALO360 - DEBUG - 自動保存已禁用，跳過配置保存
2025-08-15 22:59:07,211 - VALO360 - DEBUG - 自動保存已禁用，跳過配置保存
2025-08-15 22:59:07,211 - VALO360 - DEBUG - 自動保存已禁用，跳過配置保存
2025-08-15 22:59:07,211 - VALO360 - DEBUG - 自動保存已禁用，跳過配置保存
2025-08-15 22:59:07,211 - VALO360 - DEBUG - 自動保存已禁用，跳過配置保存
2025-08-15 22:59:07,211 - VALO360 - DEBUG - 自動保存已禁用，跳過配置保存
2025-08-15 22:59:07,211 - VALO360 - DEBUG - 自動保存已禁用，跳過配置保存
2025-08-15 22:59:07,212 - VALO360 - DEBUG - 自動保存已禁用，跳過配置保存
2025-08-15 22:59:07,212 - VALO360 - DEBUG - 自動保存已禁用，跳過配置保存
2025-08-15 22:59:07,212 - VALO360 - DEBUG - 自動保存已禁用，跳過配置保存
2025-08-15 22:59:07,212 - VALO360 - DEBUG - 自動保存已禁用，跳過配置保存
2025-08-15 22:59:07,212 - VALO360 - DEBUG - 自動保存已禁用，跳過配置保存
2025-08-15 22:59:07,212 - VALO360 - DEBUG - 自動保存已禁用，跳過配置保存
2025-08-15 22:59:07,213 - VALO360 - DEBUG - 自動保存已禁用，跳過配置保存
2025-08-15 22:59:07,213 - VALO360 - DEBUG - 自動保存已禁用，跳過配置保存
2025-08-15 22:59:07,213 - VALO360 - DEBUG - 自動保存已禁用，跳過配置保存
2025-08-15 22:59:07,213 - VALO360 - DEBUG - 自動保存已禁用，跳過配置保存
2025-08-15 22:59:07,213 - VALO360 - DEBUG - 自動保存已禁用，跳過配置保存
2025-08-15 22:59:07,213 - VALO360 - DEBUG - 自動保存已禁用，跳過配置保存
2025-08-15 22:59:07,214 - VALO360 - DEBUG - 自動保存已禁用，跳過配置保存
2025-08-15 22:59:07,214 - VALO360 - DEBUG - 自動保存已禁用，跳過配置保存
2025-08-15 22:59:07,214 - VALO360 - DEBUG - 自動保存已禁用，跳過配置保存
2025-08-15 22:59:07,214 - VALO360 - DEBUG - 自動保存已禁用，跳過配置保存
2025-08-15 22:59:07,214 - VALO360 - DEBUG - 自動保存已禁用，跳過配置保存
2025-08-15 22:59:07,215 - VALO360 - DEBUG - 自動保存已禁用，跳過配置保存
2025-08-15 22:59:07,215 - VALO360 - DEBUG - 自動保存已禁用，跳過配置保存
2025-08-15 22:59:07,215 - VALO360 - DEBUG - 自動保存已禁用，跳過配置保存
2025-08-15 22:59:07,215 - VALO360 - DEBUG - 自動保存已禁用，跳過配置保存
2025-08-15 22:59:07,215 - VALO360 - DEBUG - 自動保存已禁用，跳過配置保存
2025-08-15 22:59:07,215 - VALO360 - DEBUG - 自動保存已禁用，跳過配置保存
2025-08-15 22:59:07,216 - VALO360 - DEBUG - 自動保存已禁用，跳過配置保存
2025-08-15 22:59:07,216 - VALO360 - DEBUG - 自動保存已禁用，跳過配置保存
2025-08-15 22:59:07,216 - VALO360 - DEBUG - 自動保存已禁用，跳過配置保存
2025-08-15 22:59:07,216 - VALO360 - DEBUG - 自動保存已禁用，跳過配置保存
2025-08-15 22:59:07,216 - VALO360 - DEBUG - 自動保存已禁用，跳過配置保存
2025-08-15 22:59:07,217 - VALO360 - DEBUG - 自動保存已禁用，跳過配置保存
2025-08-15 22:59:07,217 - VALO360 - DEBUG - 自動保存已禁用，跳過配置保存
2025-08-15 22:59:07,217 - VALO360 - DEBUG - 自動保存已禁用，跳過配置保存
2025-08-15 22:59:07,217 - VALO360 - DEBUG - 自動保存已禁用，跳過配置保存
2025-08-15 22:59:07,217 - VALO360 - DEBUG - 自動保存已禁用，跳過配置保存
2025-08-15 22:59:07,217 - VALO360 - DEBUG - 自動保存已禁用，跳過配置保存
2025-08-15 22:59:07,217 - VALO360 - DEBUG - 自動保存已禁用，跳過配置保存
2025-08-15 22:59:07,218 - VALO360 - DEBUG - 自動保存已禁用，跳過配置保存
2025-08-15 22:59:07,218 - VALO360 - DEBUG - 自動保存已禁用，跳過配置保存
2025-08-15 22:59:07,218 - VALO360 - DEBUG - 自動保存已禁用，跳過配置保存
2025-08-15 22:59:07,218 - VALO360 - DEBUG - 自動保存已禁用，跳過配置保存
2025-08-15 22:59:07,218 - VALO360 - DEBUG - 自動保存已禁用，跳過配置保存
2025-08-15 22:59:07,219 - VALO360 - DEBUG - 自動保存已禁用，跳過配置保存
2025-08-15 22:59:07,219 - VALO360 - DEBUG - 自動保存已禁用，跳過配置保存
2025-08-15 22:59:07,219 - VALO360 - DEBUG - 自動保存已禁用，跳過配置保存
2025-08-15 22:59:07,219 - VALO360 - DEBUG - 自動保存已禁用，跳過配置保存
2025-08-15 22:59:07,219 - VALO360 - DEBUG - 自動保存已禁用，跳過配置保存
2025-08-15 22:59:07,219 - VALO360 - DEBUG - 自動保存已禁用，跳過配置保存
2025-08-15 22:59:07,220 - VALO360 - DEBUG - 自動保存已禁用，跳過配置保存
2025-08-15 22:59:07,220 - VALO360 - DEBUG - 自動保存已禁用，跳過配置保存
2025-08-15 22:59:07,220 - VALO360 - DEBUG - 自動保存已禁用，跳過配置保存
2025-08-15 22:59:07,220 - VALO360 - DEBUG - 自動保存已禁用，跳過配置保存
2025-08-15 22:59:07,220 - VALO360 - DEBUG - 自動保存已禁用，跳過配置保存
2025-08-15 22:59:07,220 - VALO360 - DEBUG - 自動保存已禁用，跳過配置保存
2025-08-15 22:59:07,221 - VALO360 - DEBUG - 自動保存已禁用，跳過配置保存
2025-08-15 22:59:07,221 - VALO360 - DEBUG - 自動保存已禁用，跳過配置保存
2025-08-15 22:59:07,221 - VALO360 - DEBUG - 自動保存已禁用，跳過配置保存
2025-08-15 22:59:07,221 - VALO360 - DEBUG - 自動保存已禁用，跳過配置保存
2025-08-15 22:59:07,221 - VALO360 - DEBUG - 自動保存已禁用，跳過配置保存
2025-08-15 22:59:07,221 - VALO360 - DEBUG - 自動保存已禁用，跳過配置保存
2025-08-15 22:59:07,222 - VALO360 - DEBUG - 自動保存已禁用，跳過配置保存
2025-08-15 22:59:07,222 - VALO360 - DEBUG - 自動保存已禁用，跳過配置保存
2025-08-15 22:59:07,222 - VALO360 - DEBUG - 自動保存已禁用，跳過配置保存
2025-08-15 22:59:07,222 - VALO360 - DEBUG - 自動保存已禁用，跳過配置保存
2025-08-15 22:59:07,222 - VALO360 - DEBUG - 自動保存已禁用，跳過配置保存
2025-08-15 22:59:07,222 - VALO360 - DEBUG - 自動保存已禁用，跳過配置保存
2025-08-15 22:59:07,223 - VALO360 - DEBUG - 自動保存已禁用，跳過配置保存
2025-08-15 22:59:07,223 - VALO360 - DEBUG - 自動保存已禁用，跳過配置保存
2025-08-15 22:59:07,223 - VALO360 - DEBUG - 自動保存已禁用，跳過配置保存
2025-08-15 22:59:07,223 - VALO360 - DEBUG - 自動保存已禁用，跳過配置保存
2025-08-15 22:59:07,223 - VALO360 - DEBUG - 自動保存已禁用，跳過配置保存
2025-08-15 22:59:07,224 - VALO360 - DEBUG - 自動保存已禁用，跳過配置保存
2025-08-15 22:59:07,224 - VALO360 - DEBUG - 自動保存已禁用，跳過配置保存
2025-08-15 22:59:07,224 - VALO360 - DEBUG - 自動保存已禁用，跳過配置保存
2025-08-15 22:59:07,224 - VALO360 - DEBUG - 自動保存已禁用，跳過配置保存
2025-08-15 22:59:07,224 - VALO360 - DEBUG - 自動保存已禁用，跳過配置保存
2025-08-15 22:59:07,224 - VALO360 - DEBUG - 自動保存已禁用，跳過配置保存
2025-08-15 22:59:07,224 - VALO360 - DEBUG - 自動保存已禁用，跳過配置保存
2025-08-15 22:59:07,225 - VALO360 - DEBUG - 自動保存已禁用，跳過配置保存
2025-08-15 22:59:07,225 - VALO360 - DEBUG - 自動保存已禁用，跳過配置保存
2025-08-15 22:59:07,225 - VALO360 - DEBUG - 自動保存已禁用，跳過配置保存
2025-08-15 22:59:07,225 - VALO360 - DEBUG - 自動保存已禁用，跳過配置保存
2025-08-15 22:59:07,225 - VALO360 - DEBUG - 自動保存已禁用，跳過配置保存
2025-08-15 22:59:07,226 - VALO360 - DEBUG - 自動保存已禁用，跳過配置保存
2025-08-15 22:59:07,226 - VALO360 - DEBUG - 自動保存已禁用，跳過配置保存
2025-08-15 22:59:07,226 - VALO360 - DEBUG - 自動保存已禁用，跳過配置保存
2025-08-15 22:59:07,226 - VALO360 - DEBUG - 自動保存已禁用，跳過配置保存
2025-08-15 22:59:07,226 - VALO360 - DEBUG - 自動保存已禁用，跳過配置保存
2025-08-15 22:59:07,226 - VALO360 - DEBUG - 自動保存已禁用，跳過配置保存
2025-08-15 22:59:07,227 - VALO360 - DEBUG - 自動保存已禁用，跳過配置保存
2025-08-15 22:59:07,227 - VALO360 - DEBUG - 自動保存已禁用，跳過配置保存
2025-08-15 22:59:07,227 - VALO360 - DEBUG - 自動保存已禁用，跳過配置保存
2025-08-15 22:59:07,227 - VALO360 - DEBUG - 自動保存已禁用，跳過配置保存
2025-08-15 22:59:07,227 - VALO360 - DEBUG - 自動保存已禁用，跳過配置保存
2025-08-15 22:59:07,228 - VALO360 - DEBUG - 自動保存已禁用，跳過配置保存
2025-08-15 22:59:07,228 - VALO360 - DEBUG - 自動保存已禁用，跳過配置保存
2025-08-15 22:59:07,228 - VALO360 - DEBUG - 自動保存已禁用，跳過配置保存
2025-08-15 22:59:07,228 - VALO360 - DEBUG - 自動保存已禁用，跳過配置保存
2025-08-15 22:59:07,228 - VALO360 - DEBUG - 自動保存已禁用，跳過配置保存
2025-08-15 22:59:07,229 - VALO360 - DEBUG - 自動保存已禁用，跳過配置保存
2025-08-15 22:59:07,229 - VALO360 - DEBUG - 自動保存已禁用，跳過配置保存
2025-08-15 22:59:07,229 - VALO360 - DEBUG - 自動保存已禁用，跳過配置保存
2025-08-15 22:59:07,229 - VALO360 - DEBUG - 自動保存已禁用，跳過配置保存
2025-08-15 22:59:07,229 - VALO360 - DEBUG - 自動保存已禁用，跳過配置保存
2025-08-15 22:59:07,230 - VALO360 - DEBUG - 自動保存已禁用，跳過配置保存
2025-08-15 22:59:07,230 - VALO360 - DEBUG - 自動保存已禁用，跳過配置保存
2025-08-15 22:59:07,230 - VALO360 - DEBUG - 自動保存已禁用，跳過配置保存
2025-08-15 22:59:07,230 - VALO360 - DEBUG - 自動保存已禁用，跳過配置保存
2025-08-15 22:59:07,230 - VALO360 - DEBUG - 自動保存已禁用，跳過配置保存
2025-08-15 22:59:07,230 - VALO360 - DEBUG - 自動保存已禁用，跳過配置保存
2025-08-15 22:59:07,231 - VALO360 - DEBUG - 自動保存已禁用，跳過配置保存
2025-08-15 22:59:07,231 - VALO360 - DEBUG - 自動保存已禁用，跳過配置保存
2025-08-15 22:59:07,231 - VALO360 - DEBUG - 自動保存已禁用，跳過配置保存
2025-08-15 22:59:07,231 - VALO360 - DEBUG - 自動保存已禁用，跳過配置保存
2025-08-15 22:59:07,231 - VALO360 - DEBUG - 自動保存已禁用，跳過配置保存
2025-08-15 22:59:07,232 - VALO360 - DEBUG - 自動保存已禁用，跳過配置保存
2025-08-15 22:59:07,232 - VALO360 - DEBUG - 自動保存已禁用，跳過配置保存
2025-08-15 22:59:07,232 - VALO360 - DEBUG - 自動保存已禁用，跳過配置保存
2025-08-15 22:59:07,232 - VALO360 - DEBUG - 自動保存已禁用，跳過配置保存
2025-08-15 22:59:07,232 - VALO360 - DEBUG - 自動保存已禁用，跳過配置保存
2025-08-15 22:59:07,233 - VALO360 - DEBUG - 自動保存已禁用，跳過配置保存
2025-08-15 22:59:07,233 - VALO360 - DEBUG - 自動保存已禁用，跳過配置保存
2025-08-15 22:59:07,233 - VALO360 - DEBUG - 自動保存已禁用，跳過配置保存
2025-08-15 22:59:07,233 - VALO360 - DEBUG - 自動保存已禁用，跳過配置保存
2025-08-15 22:59:07,233 - VALO360 - DEBUG - 自動保存已禁用，跳過配置保存
2025-08-15 22:59:07,233 - VALO360 - DEBUG - 自動保存已禁用，跳過配置保存
2025-08-15 22:59:07,234 - VALO360 - DEBUG - 自動保存已禁用，跳過配置保存
2025-08-15 22:59:07,234 - VALO360 - DEBUG - 自動保存已禁用，跳過配置保存
2025-08-15 22:59:07,234 - VALO360 - DEBUG - 自動保存已禁用，跳過配置保存
2025-08-15 22:59:07,234 - VALO360 - DEBUG - 自動保存已禁用，跳過配置保存
2025-08-15 22:59:07,234 - VALO360 - DEBUG - 自動保存已禁用，跳過配置保存
2025-08-15 22:59:07,235 - VALO360 - DEBUG - 自動保存已禁用，跳過配置保存
2025-08-15 22:59:07,235 - VALO360 - DEBUG - 自動保存已禁用，跳過配置保存
2025-08-15 22:59:07,235 - VALO360 - DEBUG - 自動保存已禁用，跳過配置保存
2025-08-15 22:59:07,235 - VALO360 - DEBUG - 自動保存已禁用，跳過配置保存
2025-08-15 22:59:07,235 - VALO360 - DEBUG - 自動保存已禁用，跳過配置保存
2025-08-15 22:59:07,236 - VALO360 - DEBUG - 自動保存已禁用，跳過配置保存
2025-08-15 22:59:07,236 - VALO360 - DEBUG - 自動保存已禁用，跳過配置保存
2025-08-15 22:59:07,236 - VALO360 - DEBUG - 自動保存已禁用，跳過配置保存
2025-08-15 22:59:07,236 - VALO360 - DEBUG - 自動保存已禁用，跳過配置保存
2025-08-15 22:59:07,236 - VALO360 - DEBUG - 自動保存已禁用，跳過配置保存
2025-08-15 22:59:07,237 - VALO360 - DEBUG - 自動保存已禁用，跳過配置保存
2025-08-15 22:59:07,237 - VALO360 - DEBUG - 自動保存已禁用，跳過配置保存
2025-08-15 22:59:07,237 - VALO360 - DEBUG - 自動保存已禁用，跳過配置保存
2025-08-15 22:59:07,237 - VALO360 - DEBUG - 自動保存已禁用，跳過配置保存
2025-08-15 22:59:07,237 - VALO360 - DEBUG - 自動保存已禁用，跳過配置保存
2025-08-15 22:59:07,238 - VALO360 - DEBUG - 自動保存已禁用，跳過配置保存
2025-08-15 22:59:07,238 - VALO360 - DEBUG - 自動保存已禁用，跳過配置保存
2025-08-15 22:59:07,238 - VALO360 - DEBUG - 自動保存已禁用，跳過配置保存
2025-08-15 22:59:07,238 - VALO360 - DEBUG - 自動保存已禁用，跳過配置保存
2025-08-15 22:59:07,238 - VALO360 - DEBUG - 自動保存已禁用，跳過配置保存
2025-08-15 22:59:07,238 - VALO360 - DEBUG - 自動保存已禁用，跳過配置保存
2025-08-15 22:59:07,239 - VALO360 - DEBUG - 自動保存已禁用，跳過配置保存
2025-08-15 22:59:07,239 - VALO360 - DEBUG - 自動保存已禁用，跳過配置保存
2025-08-15 22:59:07,239 - VALO360 - DEBUG - 自動保存已禁用，跳過配置保存
2025-08-15 22:59:07,239 - VALO360 - DEBUG - 自動保存已禁用，跳過配置保存
2025-08-15 22:59:07,239 - VALO360 - DEBUG - 自動保存已禁用，跳過配置保存
2025-08-15 22:59:07,239 - VALO360 - DEBUG - 自動保存已禁用，跳過配置保存
2025-08-15 22:59:07,240 - VALO360 - DEBUG - 自動保存已禁用，跳過配置保存
2025-08-15 22:59:07,240 - VALO360 - DEBUG - 自動保存已禁用，跳過配置保存
2025-08-15 22:59:07,240 - VALO360 - DEBUG - 自動保存已禁用，跳過配置保存
2025-08-15 22:59:07,240 - VALO360 - DEBUG - 自動保存已禁用，跳過配置保存
2025-08-15 22:59:07,240 - VALO360 - DEBUG - 自動保存已禁用，跳過配置保存
2025-08-15 22:59:07,241 - VALO360 - DEBUG - 自動保存已禁用，跳過配置保存
2025-08-15 22:59:07,241 - VALO360 - DEBUG - 自動保存已禁用，跳過配置保存
2025-08-15 22:59:07,241 - VALO360 - DEBUG - 自動保存已禁用，跳過配置保存
2025-08-15 22:59:07,241 - VALO360 - DEBUG - 自動保存已禁用，跳過配置保存
2025-08-15 22:59:07,241 - VALO360 - DEBUG - 自動保存已禁用，跳過配置保存
2025-08-15 22:59:07,241 - VALO360 - DEBUG - 自動保存已禁用，跳過配置保存
2025-08-15 22:59:07,242 - VALO360 - DEBUG - 自動保存已禁用，跳過配置保存
2025-08-15 22:59:07,242 - VALO360 - DEBUG - 自動保存已禁用，跳過配置保存
2025-08-15 22:59:07,242 - VALO360 - DEBUG - 自動保存已禁用，跳過配置保存
2025-08-15 22:59:07,242 - VALO360 - DEBUG - 自動保存已禁用，跳過配置保存
2025-08-15 22:59:07,242 - VALO360 - DEBUG - 自動保存已禁用，跳過配置保存
2025-08-15 22:59:07,243 - VALO360 - DEBUG - 自動保存已禁用，跳過配置保存
2025-08-15 22:59:07,243 - VALO360 - DEBUG - 自動保存已禁用，跳過配置保存
2025-08-15 22:59:07,243 - VALO360 - DEBUG - 自動保存已禁用，跳過配置保存
2025-08-15 22:59:07,243 - VALO360 - DEBUG - 自動保存已禁用，跳過配置保存
2025-08-15 22:59:07,243 - VALO360 - DEBUG - 自動保存已禁用，跳過配置保存
2025-08-15 22:59:07,244 - VALO360 - DEBUG - 自動保存已禁用，跳過配置保存
2025-08-15 22:59:07,244 - VALO360 - DEBUG - 自動保存已禁用，跳過配置保存
2025-08-15 22:59:07,244 - VALO360 - DEBUG - 自動保存已禁用，跳過配置保存
2025-08-15 22:59:07,244 - VALO360 - DEBUG - 自動保存已禁用，跳過配置保存
2025-08-15 22:59:07,244 - VALO360 - DEBUG - 自動保存已禁用，跳過配置保存
2025-08-15 22:59:07,244 - VALO360 - DEBUG - 自動保存已禁用，跳過配置保存
2025-08-15 22:59:07,245 - VALO360 - DEBUG - 自動保存已禁用，跳過配置保存
2025-08-15 22:59:07,245 - VALO360 - DEBUG - 自動保存已禁用，跳過配置保存
2025-08-15 22:59:07,245 - VALO360 - DEBUG - 自動保存已禁用，跳過配置保存
2025-08-15 22:59:07,245 - VALO360 - DEBUG - 自動保存已禁用，跳過配置保存
2025-08-15 22:59:07,245 - VALO360 - DEBUG - 自動保存已禁用，跳過配置保存
2025-08-15 22:59:07,246 - VALO360 - DEBUG - 自動保存已禁用，跳過配置保存
2025-08-15 22:59:07,246 - VALO360 - DEBUG - 自動保存已禁用，跳過配置保存
2025-08-15 22:59:07,246 - VALO360 - DEBUG - 自動保存已禁用，跳過配置保存
2025-08-15 22:59:07,246 - VALO360 - DEBUG - 自動保存已禁用，跳過配置保存
2025-08-15 22:59:07,246 - VALO360 - DEBUG - 自動保存已禁用，跳過配置保存
2025-08-15 22:59:07,246 - VALO360 - DEBUG - 自動保存已禁用，跳過配置保存
2025-08-15 22:59:07,246 - VALO360 - DEBUG - 自動保存已禁用，跳過配置保存
2025-08-15 22:59:07,247 - VALO360 - DEBUG - 自動保存已禁用，跳過配置保存
2025-08-15 22:59:07,247 - VALO360 - DEBUG - 自動保存已禁用，跳過配置保存
2025-08-15 22:59:07,247 - VALO360 - DEBUG - 自動保存已禁用，跳過配置保存
2025-08-15 22:59:07,247 - VALO360 - DEBUG - 自動保存已禁用，跳過配置保存
2025-08-15 22:59:07,247 - VALO360 - DEBUG - 自動保存已禁用，跳過配置保存
2025-08-15 22:59:07,249 - VALO360 - DEBUG - 自動保存已禁用，跳過配置保存
2025-08-15 22:59:07,249 - VALO360 - DEBUG - 自動保存已禁用，跳過配置保存
2025-08-15 22:59:07,249 - VALO360 - DEBUG - 自動保存已禁用，跳過配置保存
2025-08-15 22:59:07,250 - VALO360 - DEBUG - 自動保存已禁用，跳過配置保存
2025-08-15 22:59:07,250 - VALO360 - DEBUG - 自動保存已禁用，跳過配置保存
2025-08-15 22:59:07,250 - VALO360 - DEBUG - 自動保存已禁用，跳過配置保存
2025-08-15 22:59:07,250 - VALO360 - DEBUG - 自動保存已禁用，跳過配置保存
2025-08-15 22:59:07,250 - VALO360 - DEBUG - 自動保存已禁用，跳過配置保存
2025-08-15 22:59:07,250 - VALO360 - DEBUG - 自動保存已禁用，跳過配置保存
2025-08-15 22:59:07,251 - VALO360 - DEBUG - 自動保存已禁用，跳過配置保存
2025-08-15 22:59:07,251 - VALO360 - DEBUG - 自動保存已禁用，跳過配置保存
2025-08-15 22:59:07,251 - VALO360 - DEBUG - 自動保存已禁用，跳過配置保存
2025-08-15 22:59:07,251 - VALO360 - DEBUG - 自動保存已禁用，跳過配置保存
2025-08-15 22:59:07,251 - VALO360 - DEBUG - 自動保存已禁用，跳過配置保存
2025-08-15 22:59:07,251 - VALO360 - DEBUG - 自動保存已禁用，跳過配置保存
2025-08-15 22:59:07,252 - VALO360 - DEBUG - 自動保存已禁用，跳過配置保存
2025-08-15 22:59:07,252 - VALO360 - DEBUG - 自動保存已禁用，跳過配置保存
2025-08-15 22:59:07,252 - VALO360 - DEBUG - 自動保存已禁用，跳過配置保存
2025-08-15 22:59:07,252 - VALO360 - DEBUG - 自動保存已禁用，跳過配置保存
2025-08-15 22:59:07,252 - VALO360 - DEBUG - 自動保存已禁用，跳過配置保存
2025-08-15 22:59:07,253 - VALO360 - DEBUG - 自動保存已禁用，跳過配置保存
2025-08-15 22:59:07,253 - VALO360 - DEBUG - 自動保存已禁用，跳過配置保存
2025-08-15 22:59:07,253 - VALO360 - DEBUG - 自動保存已禁用，跳過配置保存
2025-08-15 22:59:07,253 - VALO360 - DEBUG - 自動保存已禁用，跳過配置保存
2025-08-15 22:59:07,253 - VALO360 - DEBUG - 自動保存已禁用，跳過配置保存
2025-08-15 22:59:07,253 - VALO360 - DEBUG - 自動保存已禁用，跳過配置保存
2025-08-15 22:59:07,254 - VALO360 - DEBUG - 自動保存已禁用，跳過配置保存
2025-08-15 22:59:07,254 - VALO360 - DEBUG - 自動保存已禁用，跳過配置保存
2025-08-15 22:59:07,254 - VALO360 - DEBUG - 自動保存已禁用，跳過配置保存
2025-08-15 22:59:07,254 - VALO360 - DEBUG - 自動保存已禁用，跳過配置保存
2025-08-15 22:59:07,254 - VALO360 - DEBUG - 自動保存已禁用，跳過配置保存
2025-08-15 22:59:07,254 - VALO360 - DEBUG - 自動保存已禁用，跳過配置保存
2025-08-15 22:59:07,255 - VALO360 - DEBUG - 自動保存已禁用，跳過配置保存
2025-08-15 22:59:07,255 - VALO360 - DEBUG - 自動保存已禁用，跳過配置保存
2025-08-15 22:59:07,255 - VALO360 - DEBUG - 自動保存已禁用，跳過配置保存
2025-08-15 22:59:07,255 - VALO360 - DEBUG - 自動保存已禁用，跳過配置保存
2025-08-15 22:59:07,255 - VALO360 - DEBUG - 自動保存已禁用，跳過配置保存
2025-08-15 22:59:07,256 - VALO360 - DEBUG - 自動保存已禁用，跳過配置保存
2025-08-15 22:59:07,256 - VALO360 - DEBUG - 自動保存已禁用，跳過配置保存
2025-08-15 22:59:07,256 - VALO360 - DEBUG - 自動保存已禁用，跳過配置保存
2025-08-15 22:59:08,725 - VALO360 - DEBUG - 自動保存已禁用，跳過配置保存
2025-08-15 22:59:08,725 - VALO360 - DEBUG - 自動保存已禁用，跳過配置保存
2025-08-15 22:59:08,725 - VALO360 - DEBUG - 自動保存已禁用，跳過配置保存
2025-08-15 22:59:08,725 - VALO360 - DEBUG - 自動保存已禁用，跳過配置保存
2025-08-15 22:59:08,726 - VALO360 - DEBUG - 自動保存已禁用，跳過配置保存
2025-08-15 22:59:08,726 - VALO360 - DEBUG - 自動保存已禁用，跳過配置保存
2025-08-15 22:59:08,726 - VALO360 - DEBUG - 自動保存已禁用，跳過配置保存
2025-08-15 22:59:08,726 - VALO360 - DEBUG - 自動保存已禁用，跳過配置保存
2025-08-15 22:59:08,729 - VALO360 - DEBUG - 自動保存已禁用，跳過配置保存
2025-08-15 22:59:08,730 - VALO360 - DEBUG - 自動保存已禁用，跳過配置保存
2025-08-15 22:59:08,730 - VALO360 - DEBUG - 自動保存已禁用，跳過配置保存
2025-08-15 22:59:08,730 - VALO360 - DEBUG - 自動保存已禁用，跳過配置保存
2025-08-15 22:59:08,730 - VALO360 - DEBUG - 自動保存已禁用，跳過配置保存
2025-08-15 22:59:08,730 - VALO360 - DEBUG - 自動保存已禁用，跳過配置保存
2025-08-15 22:59:08,730 - VALO360 - DEBUG - 自動保存已禁用，跳過配置保存
2025-08-15 22:59:08,730 - VALO360 - DEBUG - 自動保存已禁用，跳過配置保存
2025-08-15 22:59:08,731 - VALO360 - DEBUG - 自動保存已禁用，跳過配置保存
2025-08-15 22:59:08,731 - VALO360 - DEBUG - 自動保存已禁用，跳過配置保存
2025-08-15 22:59:08,731 - VALO360 - DEBUG - 自動保存已禁用，跳過配置保存
2025-08-15 22:59:08,731 - VALO360 - DEBUG - 自動保存已禁用，跳過配置保存
2025-08-15 22:59:08,731 - VALO360 - DEBUG - 自動保存已禁用，跳過配置保存
2025-08-15 22:59:08,731 - VALO360 - DEBUG - 自動保存已禁用，跳過配置保存
2025-08-15 22:59:08,732 - VALO360 - DEBUG - 自動保存已禁用，跳過配置保存
2025-08-15 22:59:08,732 - VALO360 - DEBUG - 自動保存已禁用，跳過配置保存
2025-08-15 22:59:08,736 - VALO360 - DEBUG - 自動保存已禁用，跳過配置保存
2025-08-15 22:59:08,737 - VALO360 - DEBUG - 自動保存已禁用，跳過配置保存
2025-08-15 22:59:08,737 - VALO360 - DEBUG - 自動保存已禁用，跳過配置保存
2025-08-15 22:59:08,737 - VALO360 - DEBUG - 自動保存已禁用，跳過配置保存
2025-08-15 22:59:08,737 - VALO360 - DEBUG - 自動保存已禁用，跳過配置保存
2025-08-15 22:59:08,737 - VALO360 - DEBUG - 自動保存已禁用，跳過配置保存
2025-08-15 22:59:08,737 - VALO360 - DEBUG - 自動保存已禁用，跳過配置保存
2025-08-15 22:59:08,737 - VALO360 - DEBUG - 自動保存已禁用，跳過配置保存
2025-08-15 22:59:08,743 - VALO360 - DEBUG - 自動保存已禁用，跳過配置保存
2025-08-15 22:59:08,743 - VALO360 - DEBUG - 自動保存已禁用，跳過配置保存
2025-08-15 22:59:08,744 - VALO360 - DEBUG - 自動保存已禁用，跳過配置保存
2025-08-15 22:59:08,744 - VALO360 - DEBUG - 自動保存已禁用，跳過配置保存
2025-08-15 22:59:08,744 - VALO360 - DEBUG - 自動保存已禁用，跳過配置保存
2025-08-15 22:59:08,744 - VALO360 - DEBUG - 自動保存已禁用，跳過配置保存
2025-08-15 22:59:08,744 - VALO360 - DEBUG - 自動保存已禁用，跳過配置保存
2025-08-15 22:59:08,745 - VALO360 - DEBUG - 自動保存已禁用，跳過配置保存
2025-08-15 22:59:08,752 - VALO360 - DEBUG - 自動保存已禁用，跳過配置保存
2025-08-15 22:59:08,752 - VALO360 - DEBUG - 自動保存已禁用，跳過配置保存
2025-08-15 22:59:08,752 - VALO360 - DEBUG - 自動保存已禁用，跳過配置保存
2025-08-15 22:59:08,752 - VALO360 - DEBUG - 自動保存已禁用，跳過配置保存
2025-08-15 22:59:08,753 - VALO360 - DEBUG - 自動保存已禁用，跳過配置保存
2025-08-15 22:59:08,753 - VALO360 - DEBUG - 自動保存已禁用，跳過配置保存
2025-08-15 22:59:08,753 - VALO360 - DEBUG - 自動保存已禁用，跳過配置保存
2025-08-15 22:59:08,753 - VALO360 - DEBUG - 自動保存已禁用，跳過配置保存
2025-08-15 22:59:08,760 - VALO360 - DEBUG - 自動保存已禁用，跳過配置保存
2025-08-15 22:59:08,760 - VALO360 - DEBUG - 自動保存已禁用，跳過配置保存
2025-08-15 22:59:08,760 - VALO360 - DEBUG - 自動保存已禁用，跳過配置保存
2025-08-15 22:59:08,761 - VALO360 - DEBUG - 自動保存已禁用，跳過配置保存
2025-08-15 22:59:08,761 - VALO360 - DEBUG - 自動保存已禁用，跳過配置保存
2025-08-15 22:59:08,761 - VALO360 - DEBUG - 自動保存已禁用，跳過配置保存
2025-08-15 22:59:08,761 - VALO360 - DEBUG - 自動保存已禁用，跳過配置保存
2025-08-15 22:59:08,761 - VALO360 - DEBUG - 自動保存已禁用，跳過配置保存
2025-08-15 22:59:08,762 - VALO360 - DEBUG - 自動保存已禁用，跳過配置保存
2025-08-15 22:59:08,762 - VALO360 - DEBUG - 自動保存已禁用，跳過配置保存
2025-08-15 22:59:08,762 - VALO360 - DEBUG - 自動保存已禁用，跳過配置保存
2025-08-15 22:59:08,762 - VALO360 - DEBUG - 自動保存已禁用，跳過配置保存
2025-08-15 22:59:08,762 - VALO360 - DEBUG - 自動保存已禁用，跳過配置保存
2025-08-15 22:59:08,762 - VALO360 - DEBUG - 自動保存已禁用，跳過配置保存
2025-08-15 22:59:08,762 - VALO360 - DEBUG - 自動保存已禁用，跳過配置保存
2025-08-15 22:59:08,763 - VALO360 - DEBUG - 自動保存已禁用，跳過配置保存
2025-08-15 22:59:08,763 - VALO360 - DEBUG - 自動保存已禁用，跳過配置保存
2025-08-15 22:59:08,763 - VALO360 - DEBUG - 自動保存已禁用，跳過配置保存
2025-08-15 22:59:08,763 - VALO360 - DEBUG - 自動保存已禁用，跳過配置保存
2025-08-15 22:59:08,763 - VALO360 - DEBUG - 自動保存已禁用，跳過配置保存
2025-08-15 22:59:08,763 - VALO360 - DEBUG - 自動保存已禁用，跳過配置保存
2025-08-15 22:59:08,764 - VALO360 - DEBUG - 自動保存已禁用，跳過配置保存
2025-08-15 22:59:08,764 - VALO360 - DEBUG - 自動保存已禁用，跳過配置保存
2025-08-15 22:59:08,764 - VALO360 - DEBUG - 自動保存已禁用，跳過配置保存
2025-08-15 22:59:08,764 - VALO360 - DEBUG - 自動保存已禁用，跳過配置保存
2025-08-15 22:59:08,764 - VALO360 - DEBUG - 自動保存已禁用，跳過配置保存
2025-08-15 22:59:08,764 - VALO360 - DEBUG - 自動保存已禁用，跳過配置保存
2025-08-15 22:59:08,764 - VALO360 - DEBUG - 自動保存已禁用，跳過配置保存
2025-08-15 22:59:08,765 - VALO360 - DEBUG - 自動保存已禁用，跳過配置保存
2025-08-15 22:59:08,765 - VALO360 - DEBUG - 自動保存已禁用，跳過配置保存
2025-08-15 22:59:08,765 - VALO360 - DEBUG - 自動保存已禁用，跳過配置保存
2025-08-15 22:59:08,765 - VALO360 - DEBUG - 自動保存已禁用，跳過配置保存
2025-08-15 22:59:08,768 - VALO360 - DEBUG - 自動保存已禁用，跳過配置保存
2025-08-15 22:59:08,768 - VALO360 - DEBUG - 自動保存已禁用，跳過配置保存
2025-08-15 22:59:08,768 - VALO360 - DEBUG - 自動保存已禁用，跳過配置保存
2025-08-15 22:59:08,768 - VALO360 - DEBUG - 自動保存已禁用，跳過配置保存
2025-08-15 22:59:08,769 - VALO360 - DEBUG - 自動保存已禁用，跳過配置保存
2025-08-15 22:59:08,769 - VALO360 - DEBUG - 自動保存已禁用，跳過配置保存
2025-08-15 22:59:08,769 - VALO360 - DEBUG - 自動保存已禁用，跳過配置保存
2025-08-15 22:59:08,769 - VALO360 - DEBUG - 自動保存已禁用，跳過配置保存
2025-08-15 22:59:08,769 - VALO360 - DEBUG - 自動保存已禁用，跳過配置保存
2025-08-15 22:59:08,769 - VALO360 - DEBUG - 自動保存已禁用，跳過配置保存
2025-08-15 22:59:08,770 - VALO360 - DEBUG - 自動保存已禁用，跳過配置保存
2025-08-15 22:59:08,770 - VALO360 - DEBUG - 自動保存已禁用，跳過配置保存
2025-08-15 22:59:08,770 - VALO360 - DEBUG - 自動保存已禁用，跳過配置保存
2025-08-15 22:59:08,770 - VALO360 - DEBUG - 自動保存已禁用，跳過配置保存
2025-08-15 22:59:08,770 - VALO360 - DEBUG - 自動保存已禁用，跳過配置保存
2025-08-15 22:59:08,770 - VALO360 - DEBUG - 自動保存已禁用，跳過配置保存
2025-08-15 22:59:08,778 - VALO360 - DEBUG - 自動保存已禁用，跳過配置保存
2025-08-15 22:59:08,778 - VALO360 - DEBUG - 自動保存已禁用，跳過配置保存
2025-08-15 22:59:08,778 - VALO360 - DEBUG - 自動保存已禁用，跳過配置保存
2025-08-15 22:59:08,778 - VALO360 - DEBUG - 自動保存已禁用，跳過配置保存
2025-08-15 22:59:08,779 - VALO360 - DEBUG - 自動保存已禁用，跳過配置保存
2025-08-15 22:59:08,779 - VALO360 - DEBUG - 自動保存已禁用，跳過配置保存
2025-08-15 22:59:08,779 - VALO360 - DEBUG - 自動保存已禁用，跳過配置保存
2025-08-15 22:59:08,779 - VALO360 - DEBUG - 自動保存已禁用，跳過配置保存
2025-08-15 22:59:08,779 - VALO360 - DEBUG - 自動保存已禁用，跳過配置保存
2025-08-15 22:59:08,779 - VALO360 - DEBUG - 自動保存已禁用，跳過配置保存
2025-08-15 22:59:08,779 - VALO360 - DEBUG - 自動保存已禁用，跳過配置保存
2025-08-15 22:59:08,780 - VALO360 - DEBUG - 自動保存已禁用，跳過配置保存
2025-08-15 22:59:08,780 - VALO360 - DEBUG - 自動保存已禁用，跳過配置保存
2025-08-15 22:59:08,780 - VALO360 - DEBUG - 自動保存已禁用，跳過配置保存
2025-08-15 22:59:08,780 - VALO360 - DEBUG - 自動保存已禁用，跳過配置保存
2025-08-15 22:59:08,780 - VALO360 - DEBUG - 自動保存已禁用，跳過配置保存
2025-08-15 22:59:08,784 - VALO360 - DEBUG - 自動保存已禁用，跳過配置保存
2025-08-15 22:59:08,784 - VALO360 - DEBUG - 自動保存已禁用，跳過配置保存
2025-08-15 22:59:08,784 - VALO360 - DEBUG - 自動保存已禁用，跳過配置保存
2025-08-15 22:59:08,785 - VALO360 - DEBUG - 自動保存已禁用，跳過配置保存
2025-08-15 22:59:08,785 - VALO360 - DEBUG - 自動保存已禁用，跳過配置保存
2025-08-15 22:59:08,785 - VALO360 - DEBUG - 自動保存已禁用，跳過配置保存
2025-08-15 22:59:08,785 - VALO360 - DEBUG - 自動保存已禁用，跳過配置保存
2025-08-15 22:59:08,785 - VALO360 - DEBUG - 自動保存已禁用，跳過配置保存
2025-08-15 22:59:08,813 - VALO360 - DEBUG - 自動保存已禁用，跳過配置保存
2025-08-15 22:59:08,813 - VALO360 - DEBUG - 自動保存已禁用，跳過配置保存
2025-08-15 22:59:08,813 - VALO360 - DEBUG - 自動保存已禁用，跳過配置保存
2025-08-15 22:59:08,813 - VALO360 - DEBUG - 自動保存已禁用，跳過配置保存
2025-08-15 22:59:08,813 - VALO360 - DEBUG - 自動保存已禁用，跳過配置保存
2025-08-15 22:59:08,814 - VALO360 - DEBUG - 自動保存已禁用，跳過配置保存
2025-08-15 22:59:08,814 - VALO360 - DEBUG - 自動保存已禁用，跳過配置保存
2025-08-15 22:59:08,814 - VALO360 - DEBUG - 自動保存已禁用，跳過配置保存
2025-08-15 22:59:08,820 - VALO360 - DEBUG - 自動保存已禁用，跳過配置保存
2025-08-15 22:59:08,820 - VALO360 - DEBUG - 自動保存已禁用，跳過配置保存
2025-08-15 22:59:08,820 - VALO360 - DEBUG - 自動保存已禁用，跳過配置保存
2025-08-15 22:59:08,820 - VALO360 - DEBUG - 自動保存已禁用，跳過配置保存
2025-08-15 22:59:08,820 - VALO360 - DEBUG - 自動保存已禁用，跳過配置保存
2025-08-15 22:59:08,820 - VALO360 - DEBUG - 自動保存已禁用，跳過配置保存
2025-08-15 22:59:08,820 - VALO360 - DEBUG - 自動保存已禁用，跳過配置保存
2025-08-15 22:59:08,821 - VALO360 - DEBUG - 自動保存已禁用，跳過配置保存
2025-08-15 22:59:08,821 - VALO360 - DEBUG - 自動保存已禁用，跳過配置保存
2025-08-15 22:59:08,821 - VALO360 - DEBUG - 自動保存已禁用，跳過配置保存
2025-08-15 22:59:08,821 - VALO360 - DEBUG - 自動保存已禁用，跳過配置保存
2025-08-15 22:59:08,821 - VALO360 - DEBUG - 自動保存已禁用，跳過配置保存
2025-08-15 22:59:08,822 - VALO360 - DEBUG - 自動保存已禁用，跳過配置保存
2025-08-15 22:59:08,822 - VALO360 - DEBUG - 自動保存已禁用，跳過配置保存
2025-08-15 22:59:08,822 - VALO360 - DEBUG - 自動保存已禁用，跳過配置保存
2025-08-15 22:59:08,822 - VALO360 - DEBUG - 自動保存已禁用，跳過配置保存
2025-08-15 22:59:08,838 - VALO360 - DEBUG - 自動保存已禁用，跳過配置保存
2025-08-15 22:59:08,838 - VALO360 - DEBUG - 自動保存已禁用，跳過配置保存
2025-08-15 22:59:08,839 - VALO360 - DEBUG - 自動保存已禁用，跳過配置保存
2025-08-15 22:59:08,839 - VALO360 - DEBUG - 自動保存已禁用，跳過配置保存
2025-08-15 22:59:08,839 - VALO360 - DEBUG - 自動保存已禁用，跳過配置保存
2025-08-15 22:59:08,839 - VALO360 - DEBUG - 自動保存已禁用，跳過配置保存
2025-08-15 22:59:08,839 - VALO360 - DEBUG - 自動保存已禁用，跳過配置保存
2025-08-15 22:59:08,839 - VALO360 - DEBUG - 自動保存已禁用，跳過配置保存
2025-08-15 22:59:08,840 - VALO360 - DEBUG - 自動保存已禁用，跳過配置保存
2025-08-15 22:59:08,840 - VALO360 - DEBUG - 自動保存已禁用，跳過配置保存
2025-08-15 22:59:08,840 - VALO360 - DEBUG - 自動保存已禁用，跳過配置保存
2025-08-15 22:59:08,840 - VALO360 - DEBUG - 自動保存已禁用，跳過配置保存
2025-08-15 22:59:08,840 - VALO360 - DEBUG - 自動保存已禁用，跳過配置保存
2025-08-15 22:59:08,840 - VALO360 - DEBUG - 自動保存已禁用，跳過配置保存
2025-08-15 22:59:08,841 - VALO360 - DEBUG - 自動保存已禁用，跳過配置保存
2025-08-15 22:59:08,841 - VALO360 - DEBUG - 自動保存已禁用，跳過配置保存
2025-08-15 22:59:08,846 - VALO360 - DEBUG - 自動保存已禁用，跳過配置保存
2025-08-15 22:59:08,846 - VALO360 - DEBUG - 自動保存已禁用，跳過配置保存
2025-08-15 22:59:08,846 - VALO360 - DEBUG - 自動保存已禁用，跳過配置保存
2025-08-15 22:59:08,846 - VALO360 - DEBUG - 自動保存已禁用，跳過配置保存
2025-08-15 22:59:08,846 - VALO360 - DEBUG - 自動保存已禁用，跳過配置保存
2025-08-15 22:59:08,847 - VALO360 - DEBUG - 自動保存已禁用，跳過配置保存
2025-08-15 22:59:08,847 - VALO360 - DEBUG - 自動保存已禁用，跳過配置保存
2025-08-15 22:59:08,847 - VALO360 - DEBUG - 自動保存已禁用，跳過配置保存
2025-08-15 22:59:08,849 - VALO360 - DEBUG - 自動保存已禁用，跳過配置保存
2025-08-15 22:59:08,849 - VALO360 - DEBUG - 自動保存已禁用，跳過配置保存
2025-08-15 22:59:08,849 - VALO360 - DEBUG - 自動保存已禁用，跳過配置保存
2025-08-15 22:59:08,849 - VALO360 - DEBUG - 自動保存已禁用，跳過配置保存
2025-08-15 22:59:08,850 - VALO360 - DEBUG - 自動保存已禁用，跳過配置保存
2025-08-15 22:59:08,850 - VALO360 - DEBUG - 自動保存已禁用，跳過配置保存
2025-08-15 22:59:08,850 - VALO360 - DEBUG - 自動保存已禁用，跳過配置保存
2025-08-15 22:59:08,850 - VALO360 - DEBUG - 自動保存已禁用，跳過配置保存
2025-08-15 22:59:08,851 - VALO360 - DEBUG - 自動保存已禁用，跳過配置保存
2025-08-15 22:59:08,851 - VALO360 - DEBUG - 自動保存已禁用，跳過配置保存
2025-08-15 22:59:08,851 - VALO360 - DEBUG - 自動保存已禁用，跳過配置保存
2025-08-15 22:59:08,851 - VALO360 - DEBUG - 自動保存已禁用，跳過配置保存
2025-08-15 22:59:08,851 - VALO360 - DEBUG - 自動保存已禁用，跳過配置保存
2025-08-15 22:59:08,851 - VALO360 - DEBUG - 自動保存已禁用，跳過配置保存
2025-08-15 22:59:08,852 - VALO360 - DEBUG - 自動保存已禁用，跳過配置保存
2025-08-15 22:59:08,852 - VALO360 - DEBUG - 自動保存已禁用，跳過配置保存
2025-08-15 22:59:08,852 - VALO360 - DEBUG - 自動保存已禁用，跳過配置保存
2025-08-15 22:59:08,852 - VALO360 - DEBUG - 自動保存已禁用，跳過配置保存
2025-08-15 22:59:08,852 - VALO360 - DEBUG - 自動保存已禁用，跳過配置保存
2025-08-15 22:59:08,853 - VALO360 - DEBUG - 自動保存已禁用，跳過配置保存
2025-08-15 22:59:08,853 - VALO360 - DEBUG - 自動保存已禁用，跳過配置保存
2025-08-15 22:59:08,853 - VALO360 - DEBUG - 自動保存已禁用，跳過配置保存
2025-08-15 22:59:08,853 - VALO360 - DEBUG - 自動保存已禁用，跳過配置保存
2025-08-15 22:59:08,853 - VALO360 - DEBUG - 自動保存已禁用，跳過配置保存
2025-08-15 22:59:08,854 - VALO360 - DEBUG - 自動保存已禁用，跳過配置保存
2025-08-15 22:59:08,854 - VALO360 - DEBUG - 自動保存已禁用，跳過配置保存
2025-08-15 22:59:08,854 - VALO360 - DEBUG - 自動保存已禁用，跳過配置保存
2025-08-15 22:59:08,854 - VALO360 - DEBUG - 自動保存已禁用，跳過配置保存
2025-08-15 22:59:08,855 - VALO360 - DEBUG - 自動保存已禁用，跳過配置保存
2025-08-15 22:59:08,855 - VALO360 - DEBUG - 自動保存已禁用，跳過配置保存
2025-08-15 22:59:08,855 - VALO360 - DEBUG - 自動保存已禁用，跳過配置保存
2025-08-15 22:59:08,855 - VALO360 - DEBUG - 自動保存已禁用，跳過配置保存
2025-08-15 22:59:08,856 - VALO360 - DEBUG - 自動保存已禁用，跳過配置保存
2025-08-15 22:59:08,856 - VALO360 - DEBUG - 自動保存已禁用，跳過配置保存
2025-08-15 22:59:08,856 - VALO360 - DEBUG - 自動保存已禁用，跳過配置保存
2025-08-15 22:59:08,856 - VALO360 - DEBUG - 自動保存已禁用，跳過配置保存
2025-08-15 22:59:08,857 - VALO360 - DEBUG - 自動保存已禁用，跳過配置保存
2025-08-15 22:59:08,857 - VALO360 - DEBUG - 自動保存已禁用，跳過配置保存
2025-08-15 22:59:08,857 - VALO360 - DEBUG - 自動保存已禁用，跳過配置保存
2025-08-15 22:59:08,857 - VALO360 - DEBUG - 自動保存已禁用，跳過配置保存
2025-08-15 22:59:08,858 - VALO360 - DEBUG - 自動保存已禁用，跳過配置保存
2025-08-15 22:59:08,858 - VALO360 - DEBUG - 自動保存已禁用，跳過配置保存
2025-08-15 22:59:08,858 - VALO360 - DEBUG - 自動保存已禁用，跳過配置保存
2025-08-15 22:59:08,858 - VALO360 - DEBUG - 自動保存已禁用，跳過配置保存
2025-08-15 22:59:08,859 - VALO360 - DEBUG - 自動保存已禁用，跳過配置保存
2025-08-15 22:59:08,859 - VALO360 - DEBUG - 自動保存已禁用，跳過配置保存
2025-08-15 22:59:08,859 - VALO360 - DEBUG - 自動保存已禁用，跳過配置保存
2025-08-15 22:59:08,859 - VALO360 - DEBUG - 自動保存已禁用，跳過配置保存
2025-08-15 22:59:08,859 - VALO360 - DEBUG - 自動保存已禁用，跳過配置保存
2025-08-15 22:59:08,860 - VALO360 - DEBUG - 自動保存已禁用，跳過配置保存
2025-08-15 22:59:08,860 - VALO360 - DEBUG - 自動保存已禁用，跳過配置保存
2025-08-15 22:59:08,860 - VALO360 - DEBUG - 自動保存已禁用，跳過配置保存
2025-08-15 22:59:08,860 - VALO360 - DEBUG - 自動保存已禁用，跳過配置保存
2025-08-15 22:59:08,860 - VALO360 - DEBUG - 自動保存已禁用，跳過配置保存
2025-08-15 22:59:08,861 - VALO360 - DEBUG - 自動保存已禁用，跳過配置保存
2025-08-15 22:59:08,861 - VALO360 - DEBUG - 自動保存已禁用，跳過配置保存
2025-08-15 22:59:08,861 - VALO360 - DEBUG - 自動保存已禁用，跳過配置保存
2025-08-15 22:59:08,861 - VALO360 - DEBUG - 自動保存已禁用，跳過配置保存
2025-08-15 22:59:08,861 - VALO360 - DEBUG - 自動保存已禁用，跳過配置保存
2025-08-15 22:59:08,861 - VALO360 - DEBUG - 自動保存已禁用，跳過配置保存
2025-08-15 22:59:08,890 - VALO360 - DEBUG - 自動保存已禁用，跳過配置保存
2025-08-15 22:59:08,890 - VALO360 - DEBUG - 自動保存已禁用，跳過配置保存
2025-08-15 22:59:08,890 - VALO360 - DEBUG - 自動保存已禁用，跳過配置保存
2025-08-15 22:59:08,890 - VALO360 - DEBUG - 自動保存已禁用，跳過配置保存
2025-08-15 22:59:08,891 - VALO360 - DEBUG - 自動保存已禁用，跳過配置保存
2025-08-15 22:59:08,891 - VALO360 - DEBUG - 自動保存已禁用，跳過配置保存
2025-08-15 22:59:08,891 - VALO360 - DEBUG - 自動保存已禁用，跳過配置保存
2025-08-15 22:59:08,891 - VALO360 - DEBUG - 自動保存已禁用，跳過配置保存
2025-08-15 22:59:08,892 - VALO360 - DEBUG - 自動保存已禁用，跳過配置保存
2025-08-15 22:59:08,892 - VALO360 - DEBUG - 自動保存已禁用，跳過配置保存
2025-08-15 22:59:08,892 - VALO360 - DEBUG - 自動保存已禁用，跳過配置保存
2025-08-15 22:59:08,892 - VALO360 - DEBUG - 自動保存已禁用，跳過配置保存
2025-08-15 22:59:08,893 - VALO360 - DEBUG - 自動保存已禁用，跳過配置保存
2025-08-15 22:59:08,893 - VALO360 - DEBUG - 自動保存已禁用，跳過配置保存
2025-08-15 22:59:08,893 - VALO360 - DEBUG - 自動保存已禁用，跳過配置保存
2025-08-15 22:59:08,893 - VALO360 - DEBUG - 自動保存已禁用，跳過配置保存
2025-08-15 22:59:08,893 - VALO360 - DEBUG - 自動保存已禁用，跳過配置保存
2025-08-15 22:59:08,894 - VALO360 - DEBUG - 自動保存已禁用，跳過配置保存
2025-08-15 22:59:08,894 - VALO360 - DEBUG - 自動保存已禁用，跳過配置保存
2025-08-15 22:59:08,894 - VALO360 - DEBUG - 自動保存已禁用，跳過配置保存
2025-08-15 22:59:08,896 - VALO360 - DEBUG - 自動保存已禁用，跳過配置保存
2025-08-15 22:59:08,896 - VALO360 - DEBUG - 自動保存已禁用，跳過配置保存
2025-08-15 22:59:08,896 - VALO360 - DEBUG - 自動保存已禁用，跳過配置保存
2025-08-15 22:59:08,896 - VALO360 - DEBUG - 自動保存已禁用，跳過配置保存
2025-08-15 22:59:08,897 - VALO360 - DEBUG - 自動保存已禁用，跳過配置保存
2025-08-15 22:59:08,897 - VALO360 - DEBUG - 自動保存已禁用，跳過配置保存
2025-08-15 22:59:08,897 - VALO360 - DEBUG - 自動保存已禁用，跳過配置保存
2025-08-15 22:59:08,897 - VALO360 - DEBUG - 自動保存已禁用，跳過配置保存
2025-08-15 22:59:08,898 - VALO360 - DEBUG - 自動保存已禁用，跳過配置保存
2025-08-15 22:59:08,898 - VALO360 - DEBUG - 自動保存已禁用，跳過配置保存
2025-08-15 22:59:08,898 - VALO360 - DEBUG - 自動保存已禁用，跳過配置保存
2025-08-15 22:59:08,898 - VALO360 - DEBUG - 自動保存已禁用，跳過配置保存
2025-08-15 22:59:08,899 - VALO360 - DEBUG - 自動保存已禁用，跳過配置保存
2025-08-15 22:59:08,899 - VALO360 - DEBUG - 自動保存已禁用，跳過配置保存
2025-08-15 22:59:08,899 - VALO360 - DEBUG - 自動保存已禁用，跳過配置保存
2025-08-15 22:59:08,899 - VALO360 - DEBUG - 自動保存已禁用，跳過配置保存
2025-08-15 22:59:08,900 - VALO360 - DEBUG - 自動保存已禁用，跳過配置保存
2025-08-15 22:59:08,900 - VALO360 - DEBUG - 自動保存已禁用，跳過配置保存
2025-08-15 22:59:08,901 - VALO360 - DEBUG - 自動保存已禁用，跳過配置保存
2025-08-15 22:59:08,901 - VALO360 - DEBUG - 自動保存已禁用，跳過配置保存
2025-08-15 22:59:08,901 - VALO360 - DEBUG - 自動保存已禁用，跳過配置保存
2025-08-15 22:59:08,901 - VALO360 - DEBUG - 自動保存已禁用，跳過配置保存
2025-08-15 22:59:08,902 - VALO360 - DEBUG - 自動保存已禁用，跳過配置保存
2025-08-15 22:59:08,902 - VALO360 - DEBUG - 自動保存已禁用，跳過配置保存
2025-08-15 22:59:08,902 - VALO360 - DEBUG - 自動保存已禁用，跳過配置保存
2025-08-15 22:59:08,903 - VALO360 - DEBUG - 自動保存已禁用，跳過配置保存
2025-08-15 22:59:08,903 - VALO360 - DEBUG - 自動保存已禁用，跳過配置保存
2025-08-15 22:59:08,903 - VALO360 - DEBUG - 自動保存已禁用，跳過配置保存
2025-08-15 22:59:08,903 - VALO360 - DEBUG - 自動保存已禁用，跳過配置保存
2025-08-15 22:59:08,903 - VALO360 - DEBUG - 自動保存已禁用，跳過配置保存
2025-08-15 22:59:08,904 - VALO360 - DEBUG - 自動保存已禁用，跳過配置保存
2025-08-15 22:59:08,904 - VALO360 - DEBUG - 自動保存已禁用，跳過配置保存
2025-08-15 22:59:08,904 - VALO360 - DEBUG - 自動保存已禁用，跳過配置保存
2025-08-15 22:59:08,904 - VALO360 - DEBUG - 自動保存已禁用，跳過配置保存
2025-08-15 22:59:08,904 - VALO360 - DEBUG - 自動保存已禁用，跳過配置保存
2025-08-15 22:59:08,905 - VALO360 - DEBUG - 自動保存已禁用，跳過配置保存
2025-08-15 22:59:08,905 - VALO360 - DEBUG - 自動保存已禁用，跳過配置保存
2025-08-15 22:59:08,905 - VALO360 - DEBUG - 自動保存已禁用，跳過配置保存
2025-08-15 22:59:08,905 - VALO360 - DEBUG - 自動保存已禁用，跳過配置保存
2025-08-15 22:59:08,905 - VALO360 - DEBUG - 自動保存已禁用，跳過配置保存
2025-08-15 22:59:08,906 - VALO360 - DEBUG - 自動保存已禁用，跳過配置保存
2025-08-15 22:59:08,906 - VALO360 - DEBUG - 自動保存已禁用，跳過配置保存
2025-08-15 22:59:08,906 - VALO360 - DEBUG - 自動保存已禁用，跳過配置保存
2025-08-15 22:59:08,906 - VALO360 - DEBUG - 自動保存已禁用，跳過配置保存
2025-08-15 22:59:08,907 - VALO360 - DEBUG - 自動保存已禁用，跳過配置保存
2025-08-15 22:59:08,907 - VALO360 - DEBUG - 自動保存已禁用，跳過配置保存
2025-08-15 22:59:08,907 - VALO360 - DEBUG - 自動保存已禁用，跳過配置保存
2025-08-15 22:59:08,907 - VALO360 - DEBUG - 自動保存已禁用，跳過配置保存
2025-08-15 22:59:08,907 - VALO360 - DEBUG - 自動保存已禁用，跳過配置保存
2025-08-15 22:59:08,908 - VALO360 - DEBUG - 自動保存已禁用，跳過配置保存
2025-08-15 22:59:08,908 - VALO360 - DEBUG - 自動保存已禁用，跳過配置保存
2025-08-15 22:59:08,908 - VALO360 - DEBUG - 自動保存已禁用，跳過配置保存
2025-08-15 22:59:08,908 - VALO360 - DEBUG - 自動保存已禁用，跳過配置保存
2025-08-15 22:59:08,908 - VALO360 - DEBUG - 自動保存已禁用，跳過配置保存
2025-08-15 22:59:08,908 - VALO360 - DEBUG - 自動保存已禁用，跳過配置保存
2025-08-15 22:59:08,909 - VALO360 - DEBUG - 自動保存已禁用，跳過配置保存
2025-08-15 22:59:08,909 - VALO360 - DEBUG - 自動保存已禁用，跳過配置保存
2025-08-15 22:59:08,909 - VALO360 - DEBUG - 自動保存已禁用，跳過配置保存
2025-08-15 22:59:08,909 - VALO360 - DEBUG - 自動保存已禁用，跳過配置保存
2025-08-15 22:59:08,909 - VALO360 - DEBUG - 自動保存已禁用，跳過配置保存
2025-08-15 22:59:08,910 - VALO360 - DEBUG - 自動保存已禁用，跳過配置保存
2025-08-15 22:59:08,910 - VALO360 - DEBUG - 自動保存已禁用，跳過配置保存
2025-08-15 22:59:08,910 - VALO360 - DEBUG - 自動保存已禁用，跳過配置保存
2025-08-15 22:59:08,910 - VALO360 - DEBUG - 自動保存已禁用，跳過配置保存
2025-08-15 22:59:08,910 - VALO360 - DEBUG - 自動保存已禁用，跳過配置保存
2025-08-15 22:59:08,910 - VALO360 - DEBUG - 自動保存已禁用，跳過配置保存
2025-08-15 22:59:08,911 - VALO360 - DEBUG - 自動保存已禁用，跳過配置保存
2025-08-15 22:59:08,911 - VALO360 - DEBUG - 自動保存已禁用，跳過配置保存
2025-08-15 22:59:08,911 - VALO360 - DEBUG - 自動保存已禁用，跳過配置保存
2025-08-15 22:59:08,911 - VALO360 - DEBUG - 自動保存已禁用，跳過配置保存
2025-08-15 22:59:08,911 - VALO360 - DEBUG - 自動保存已禁用，跳過配置保存
2025-08-15 22:59:08,911 - VALO360 - DEBUG - 自動保存已禁用，跳過配置保存
2025-08-15 22:59:08,912 - VALO360 - DEBUG - 自動保存已禁用，跳過配置保存
2025-08-15 22:59:08,912 - VALO360 - DEBUG - 自動保存已禁用，跳過配置保存
2025-08-15 22:59:08,912 - VALO360 - DEBUG - 自動保存已禁用，跳過配置保存
2025-08-15 22:59:08,912 - VALO360 - DEBUG - 自動保存已禁用，跳過配置保存
2025-08-15 22:59:08,912 - VALO360 - DEBUG - 自動保存已禁用，跳過配置保存
2025-08-15 22:59:08,913 - VALO360 - DEBUG - 自動保存已禁用，跳過配置保存
2025-08-15 22:59:08,913 - VALO360 - DEBUG - 自動保存已禁用，跳過配置保存
2025-08-15 22:59:08,913 - VALO360 - DEBUG - 自動保存已禁用，跳過配置保存
2025-08-15 22:59:08,913 - VALO360 - DEBUG - 自動保存已禁用，跳過配置保存
2025-08-15 22:59:08,913 - VALO360 - DEBUG - 自動保存已禁用，跳過配置保存
2025-08-15 22:59:08,913 - VALO360 - DEBUG - 自動保存已禁用，跳過配置保存
2025-08-15 22:59:08,914 - VALO360 - DEBUG - 自動保存已禁用，跳過配置保存
2025-08-15 22:59:08,914 - VALO360 - DEBUG - 自動保存已禁用，跳過配置保存
2025-08-15 22:59:08,914 - VALO360 - DEBUG - 自動保存已禁用，跳過配置保存
2025-08-15 22:59:08,914 - VALO360 - DEBUG - 自動保存已禁用，跳過配置保存
2025-08-15 22:59:08,914 - VALO360 - DEBUG - 自動保存已禁用，跳過配置保存
2025-08-15 22:59:08,915 - VALO360 - DEBUG - 自動保存已禁用，跳過配置保存
2025-08-15 22:59:08,915 - VALO360 - DEBUG - 自動保存已禁用，跳過配置保存
2025-08-15 22:59:08,915 - VALO360 - DEBUG - 自動保存已禁用，跳過配置保存
2025-08-15 22:59:08,915 - VALO360 - DEBUG - 自動保存已禁用，跳過配置保存
2025-08-15 22:59:08,915 - VALO360 - DEBUG - 自動保存已禁用，跳過配置保存
2025-08-15 22:59:08,915 - VALO360 - DEBUG - 自動保存已禁用，跳過配置保存
2025-08-15 22:59:08,916 - VALO360 - DEBUG - 自動保存已禁用，跳過配置保存
2025-08-15 22:59:08,916 - VALO360 - DEBUG - 自動保存已禁用，跳過配置保存
2025-08-15 22:59:08,916 - VALO360 - DEBUG - 自動保存已禁用，跳過配置保存
2025-08-15 22:59:08,916 - VALO360 - DEBUG - 自動保存已禁用，跳過配置保存
2025-08-15 22:59:08,916 - VALO360 - DEBUG - 自動保存已禁用，跳過配置保存
2025-08-15 22:59:08,916 - VALO360 - DEBUG - 自動保存已禁用，跳過配置保存
2025-08-15 22:59:08,917 - VALO360 - DEBUG - 自動保存已禁用，跳過配置保存
2025-08-15 22:59:08,917 - VALO360 - DEBUG - 自動保存已禁用，跳過配置保存
2025-08-15 22:59:08,917 - VALO360 - DEBUG - 自動保存已禁用，跳過配置保存
2025-08-15 22:59:08,917 - VALO360 - DEBUG - 自動保存已禁用，跳過配置保存
2025-08-15 22:59:08,917 - VALO360 - DEBUG - 自動保存已禁用，跳過配置保存
2025-08-15 22:59:08,917 - VALO360 - DEBUG - 自動保存已禁用，跳過配置保存
2025-08-15 22:59:08,918 - VALO360 - DEBUG - 自動保存已禁用，跳過配置保存
2025-08-15 22:59:08,918 - VALO360 - DEBUG - 自動保存已禁用，跳過配置保存
2025-08-15 22:59:08,918 - VALO360 - DEBUG - 自動保存已禁用，跳過配置保存
2025-08-15 22:59:08,918 - VALO360 - DEBUG - 自動保存已禁用，跳過配置保存
2025-08-15 22:59:08,918 - VALO360 - DEBUG - 自動保存已禁用，跳過配置保存
2025-08-15 22:59:08,918 - VALO360 - DEBUG - 自動保存已禁用，跳過配置保存
2025-08-15 22:59:08,919 - VALO360 - DEBUG - 自動保存已禁用，跳過配置保存
2025-08-15 22:59:08,919 - VALO360 - DEBUG - 自動保存已禁用，跳過配置保存
2025-08-15 22:59:08,919 - VALO360 - DEBUG - 自動保存已禁用，跳過配置保存
2025-08-15 22:59:08,919 - VALO360 - DEBUG - 自動保存已禁用，跳過配置保存
2025-08-15 22:59:08,919 - VALO360 - DEBUG - 自動保存已禁用，跳過配置保存
2025-08-15 22:59:08,919 - VALO360 - DEBUG - 自動保存已禁用，跳過配置保存
2025-08-15 22:59:08,920 - VALO360 - DEBUG - 自動保存已禁用，跳過配置保存
2025-08-15 22:59:08,920 - VALO360 - DEBUG - 自動保存已禁用，跳過配置保存
2025-08-15 22:59:08,920 - VALO360 - DEBUG - 自動保存已禁用，跳過配置保存
2025-08-15 22:59:08,920 - VALO360 - DEBUG - 自動保存已禁用，跳過配置保存
2025-08-15 22:59:08,920 - VALO360 - DEBUG - 自動保存已禁用，跳過配置保存
2025-08-15 22:59:08,920 - VALO360 - DEBUG - 自動保存已禁用，跳過配置保存
2025-08-15 22:59:08,921 - VALO360 - DEBUG - 自動保存已禁用，跳過配置保存
2025-08-15 22:59:08,921 - VALO360 - DEBUG - 自動保存已禁用，跳過配置保存
2025-08-15 22:59:08,921 - VALO360 - DEBUG - 自動保存已禁用，跳過配置保存
2025-08-15 22:59:08,921 - VALO360 - DEBUG - 自動保存已禁用，跳過配置保存
2025-08-15 22:59:08,921 - VALO360 - DEBUG - 自動保存已禁用，跳過配置保存
2025-08-15 22:59:08,922 - VALO360 - DEBUG - 自動保存已禁用，跳過配置保存
2025-08-15 22:59:08,922 - VALO360 - DEBUG - 自動保存已禁用，跳過配置保存
2025-08-15 22:59:08,922 - VALO360 - DEBUG - 自動保存已禁用，跳過配置保存
2025-08-15 22:59:08,922 - VALO360 - DEBUG - 自動保存已禁用，跳過配置保存
2025-08-15 22:59:08,922 - VALO360 - DEBUG - 自動保存已禁用，跳過配置保存
2025-08-15 22:59:08,922 - VALO360 - DEBUG - 自動保存已禁用，跳過配置保存
2025-08-15 22:59:08,922 - VALO360 - DEBUG - 自動保存已禁用，跳過配置保存
2025-08-15 22:59:08,923 - VALO360 - DEBUG - 自動保存已禁用，跳過配置保存
2025-08-15 22:59:08,923 - VALO360 - DEBUG - 自動保存已禁用，跳過配置保存
2025-08-15 22:59:08,923 - VALO360 - DEBUG - 自動保存已禁用，跳過配置保存
2025-08-15 22:59:08,923 - VALO360 - DEBUG - 自動保存已禁用，跳過配置保存
2025-08-15 22:59:08,923 - VALO360 - DEBUG - 自動保存已禁用，跳過配置保存
2025-08-15 22:59:08,924 - VALO360 - DEBUG - 自動保存已禁用，跳過配置保存
2025-08-15 22:59:08,924 - VALO360 - DEBUG - 自動保存已禁用，跳過配置保存
2025-08-15 22:59:08,924 - VALO360 - DEBUG - 自動保存已禁用，跳過配置保存
2025-08-15 22:59:08,924 - VALO360 - DEBUG - 自動保存已禁用，跳過配置保存
2025-08-15 22:59:08,924 - VALO360 - DEBUG - 自動保存已禁用，跳過配置保存
2025-08-15 22:59:08,924 - VALO360 - DEBUG - 自動保存已禁用，跳過配置保存
2025-08-15 22:59:08,924 - VALO360 - DEBUG - 自動保存已禁用，跳過配置保存
2025-08-15 22:59:08,925 - VALO360 - DEBUG - 自動保存已禁用，跳過配置保存
2025-08-15 22:59:08,925 - VALO360 - DEBUG - 自動保存已禁用，跳過配置保存
2025-08-15 22:59:08,925 - VALO360 - DEBUG - 自動保存已禁用，跳過配置保存
2025-08-15 22:59:08,925 - VALO360 - DEBUG - 自動保存已禁用，跳過配置保存
2025-08-15 22:59:08,925 - VALO360 - DEBUG - 自動保存已禁用，跳過配置保存
2025-08-15 22:59:08,926 - VALO360 - DEBUG - 自動保存已禁用，跳過配置保存
2025-08-15 22:59:08,926 - VALO360 - DEBUG - 自動保存已禁用，跳過配置保存
2025-08-15 22:59:08,926 - VALO360 - DEBUG - 自動保存已禁用，跳過配置保存
2025-08-15 22:59:08,926 - VALO360 - DEBUG - 自動保存已禁用，跳過配置保存
2025-08-15 22:59:08,926 - VALO360 - DEBUG - 自動保存已禁用，跳過配置保存
2025-08-15 22:59:08,926 - VALO360 - DEBUG - 自動保存已禁用，跳過配置保存
2025-08-15 22:59:08,927 - VALO360 - DEBUG - 自動保存已禁用，跳過配置保存
2025-08-15 22:59:08,927 - VALO360 - DEBUG - 自動保存已禁用，跳過配置保存
2025-08-15 22:59:08,927 - VALO360 - DEBUG - 自動保存已禁用，跳過配置保存
2025-08-15 22:59:08,927 - VALO360 - DEBUG - 自動保存已禁用，跳過配置保存
2025-08-15 22:59:08,927 - VALO360 - DEBUG - 自動保存已禁用，跳過配置保存
2025-08-15 22:59:08,928 - VALO360 - DEBUG - 自動保存已禁用，跳過配置保存
2025-08-15 22:59:08,928 - VALO360 - DEBUG - 自動保存已禁用，跳過配置保存
2025-08-15 22:59:08,928 - VALO360 - DEBUG - 自動保存已禁用，跳過配置保存
2025-08-15 22:59:08,928 - VALO360 - DEBUG - 自動保存已禁用，跳過配置保存
2025-08-15 22:59:08,928 - VALO360 - DEBUG - 自動保存已禁用，跳過配置保存
2025-08-15 22:59:08,928 - VALO360 - DEBUG - 自動保存已禁用，跳過配置保存
2025-08-15 22:59:08,928 - VALO360 - DEBUG - 自動保存已禁用，跳過配置保存
2025-08-15 22:59:08,929 - VALO360 - DEBUG - 自動保存已禁用，跳過配置保存
2025-08-15 22:59:08,929 - VALO360 - DEBUG - 自動保存已禁用，跳過配置保存
2025-08-15 22:59:08,929 - VALO360 - DEBUG - 自動保存已禁用，跳過配置保存
2025-08-15 22:59:08,929 - VALO360 - DEBUG - 自動保存已禁用，跳過配置保存
2025-08-15 22:59:08,929 - VALO360 - DEBUG - 自動保存已禁用，跳過配置保存
2025-08-15 22:59:08,930 - VALO360 - DEBUG - 自動保存已禁用，跳過配置保存
2025-08-15 22:59:08,930 - VALO360 - DEBUG - 自動保存已禁用，跳過配置保存
2025-08-15 22:59:08,930 - VALO360 - DEBUG - 自動保存已禁用，跳過配置保存
2025-08-15 22:59:08,930 - VALO360 - DEBUG - 自動保存已禁用，跳過配置保存
2025-08-15 22:59:08,930 - VALO360 - DEBUG - 自動保存已禁用，跳過配置保存
2025-08-15 22:59:08,930 - VALO360 - DEBUG - 自動保存已禁用，跳過配置保存
2025-08-15 22:59:08,930 - VALO360 - DEBUG - 自動保存已禁用，跳過配置保存
2025-08-15 22:59:08,931 - VALO360 - DEBUG - 自動保存已禁用，跳過配置保存
2025-08-15 22:59:08,931 - VALO360 - DEBUG - 自動保存已禁用，跳過配置保存
2025-08-15 22:59:08,931 - VALO360 - DEBUG - 自動保存已禁用，跳過配置保存
2025-08-15 22:59:08,931 - VALO360 - DEBUG - 自動保存已禁用，跳過配置保存
2025-08-15 22:59:08,931 - VALO360 - DEBUG - 自動保存已禁用，跳過配置保存
2025-08-15 22:59:08,932 - VALO360 - DEBUG - 自動保存已禁用，跳過配置保存
2025-08-15 22:59:08,932 - VALO360 - DEBUG - 自動保存已禁用，跳過配置保存
2025-08-15 22:59:08,932 - VALO360 - DEBUG - 自動保存已禁用，跳過配置保存
2025-08-15 22:59:08,932 - VALO360 - DEBUG - 自動保存已禁用，跳過配置保存
2025-08-15 22:59:08,932 - VALO360 - DEBUG - 自動保存已禁用，跳過配置保存
2025-08-15 22:59:08,932 - VALO360 - DEBUG - 自動保存已禁用，跳過配置保存
2025-08-15 22:59:08,933 - VALO360 - DEBUG - 自動保存已禁用，跳過配置保存
2025-08-15 22:59:08,933 - VALO360 - DEBUG - 自動保存已禁用，跳過配置保存
2025-08-15 22:59:08,933 - VALO360 - DEBUG - 自動保存已禁用，跳過配置保存
2025-08-15 22:59:08,933 - VALO360 - DEBUG - 自動保存已禁用，跳過配置保存
2025-08-15 22:59:08,933 - VALO360 - DEBUG - 自動保存已禁用，跳過配置保存
2025-08-15 22:59:08,933 - VALO360 - DEBUG - 自動保存已禁用，跳過配置保存
2025-08-15 22:59:08,934 - VALO360 - DEBUG - 自動保存已禁用，跳過配置保存
2025-08-15 22:59:08,934 - VALO360 - DEBUG - 自動保存已禁用，跳過配置保存
2025-08-15 22:59:08,934 - VALO360 - DEBUG - 自動保存已禁用，跳過配置保存
2025-08-15 22:59:08,934 - VALO360 - DEBUG - 自動保存已禁用，跳過配置保存
2025-08-15 22:59:08,934 - VALO360 - DEBUG - 自動保存已禁用，跳過配置保存
2025-08-15 22:59:08,935 - VALO360 - DEBUG - 自動保存已禁用，跳過配置保存
2025-08-15 22:59:08,935 - VALO360 - DEBUG - 自動保存已禁用，跳過配置保存
2025-08-15 22:59:08,935 - VALO360 - DEBUG - 自動保存已禁用，跳過配置保存
2025-08-15 22:59:08,935 - VALO360 - DEBUG - 自動保存已禁用，跳過配置保存
2025-08-15 22:59:08,935 - VALO360 - DEBUG - 自動保存已禁用，跳過配置保存
2025-08-15 22:59:08,935 - VALO360 - DEBUG - 自動保存已禁用，跳過配置保存
2025-08-15 22:59:08,935 - VALO360 - DEBUG - 自動保存已禁用，跳過配置保存
2025-08-15 22:59:08,936 - VALO360 - DEBUG - 自動保存已禁用，跳過配置保存
2025-08-15 22:59:08,936 - VALO360 - DEBUG - 自動保存已禁用，跳過配置保存
2025-08-15 22:59:08,936 - VALO360 - DEBUG - 自動保存已禁用，跳過配置保存
2025-08-15 22:59:08,936 - VALO360 - DEBUG - 自動保存已禁用，跳過配置保存
2025-08-15 22:59:08,936 - VALO360 - DEBUG - 自動保存已禁用，跳過配置保存
2025-08-15 22:59:08,937 - VALO360 - DEBUG - 自動保存已禁用，跳過配置保存
2025-08-15 22:59:08,937 - VALO360 - DEBUG - 自動保存已禁用，跳過配置保存
2025-08-15 22:59:08,937 - VALO360 - DEBUG - 自動保存已禁用，跳過配置保存
2025-08-15 22:59:08,937 - VALO360 - DEBUG - 自動保存已禁用，跳過配置保存
2025-08-15 22:59:08,937 - VALO360 - DEBUG - 自動保存已禁用，跳過配置保存
2025-08-15 22:59:08,937 - VALO360 - DEBUG - 自動保存已禁用，跳過配置保存
2025-08-15 22:59:08,938 - VALO360 - DEBUG - 自動保存已禁用，跳過配置保存
2025-08-15 22:59:08,938 - VALO360 - DEBUG - 自動保存已禁用，跳過配置保存
2025-08-15 22:59:08,938 - VALO360 - DEBUG - 自動保存已禁用，跳過配置保存
2025-08-15 22:59:08,938 - VALO360 - DEBUG - 自動保存已禁用，跳過配置保存
2025-08-15 22:59:08,938 - VALO360 - DEBUG - 自動保存已禁用，跳過配置保存
2025-08-15 22:59:08,939 - VALO360 - DEBUG - 自動保存已禁用，跳過配置保存
2025-08-15 22:59:08,939 - VALO360 - DEBUG - 自動保存已禁用，跳過配置保存
2025-08-15 22:59:08,939 - VALO360 - DEBUG - 自動保存已禁用，跳過配置保存
2025-08-15 22:59:08,939 - VALO360 - DEBUG - 自動保存已禁用，跳過配置保存
2025-08-15 22:59:08,939 - VALO360 - DEBUG - 自動保存已禁用，跳過配置保存
2025-08-15 22:59:08,939 - VALO360 - DEBUG - 自動保存已禁用，跳過配置保存
2025-08-15 22:59:08,940 - VALO360 - DEBUG - 自動保存已禁用，跳過配置保存
2025-08-15 22:59:08,940 - VALO360 - DEBUG - 自動保存已禁用，跳過配置保存
2025-08-15 22:59:08,940 - VALO360 - DEBUG - 自動保存已禁用，跳過配置保存
2025-08-15 22:59:08,940 - VALO360 - DEBUG - 自動保存已禁用，跳過配置保存
2025-08-15 22:59:08,940 - VALO360 - DEBUG - 自動保存已禁用，跳過配置保存
2025-08-15 22:59:08,940 - VALO360 - DEBUG - 自動保存已禁用，跳過配置保存
2025-08-15 22:59:08,941 - VALO360 - DEBUG - 自動保存已禁用，跳過配置保存
2025-08-15 22:59:08,941 - VALO360 - DEBUG - 自動保存已禁用，跳過配置保存
2025-08-15 22:59:08,941 - VALO360 - DEBUG - 自動保存已禁用，跳過配置保存
2025-08-15 22:59:08,941 - VALO360 - DEBUG - 自動保存已禁用，跳過配置保存
2025-08-15 22:59:08,941 - VALO360 - DEBUG - 自動保存已禁用，跳過配置保存
2025-08-15 22:59:08,941 - VALO360 - DEBUG - 自動保存已禁用，跳過配置保存
2025-08-15 22:59:08,942 - VALO360 - DEBUG - 自動保存已禁用，跳過配置保存
2025-08-15 22:59:08,942 - VALO360 - DEBUG - 自動保存已禁用，跳過配置保存
2025-08-15 22:59:08,942 - VALO360 - DEBUG - 自動保存已禁用，跳過配置保存
2025-08-15 22:59:08,942 - VALO360 - DEBUG - 自動保存已禁用，跳過配置保存
2025-08-15 22:59:08,943 - VALO360 - DEBUG - 自動保存已禁用，跳過配置保存
2025-08-15 22:59:08,943 - VALO360 - DEBUG - 自動保存已禁用，跳過配置保存
2025-08-15 22:59:08,944 - VALO360 - DEBUG - 自動保存已禁用，跳過配置保存
2025-08-15 22:59:08,944 - VALO360 - DEBUG - 自動保存已禁用，跳過配置保存
2025-08-15 22:59:08,944 - VALO360 - DEBUG - 自動保存已禁用，跳過配置保存
2025-08-15 22:59:08,944 - VALO360 - DEBUG - 自動保存已禁用，跳過配置保存
2025-08-15 22:59:08,946 - VALO360 - DEBUG - 自動保存已禁用，跳過配置保存
2025-08-15 22:59:08,946 - VALO360 - DEBUG - 自動保存已禁用，跳過配置保存
2025-08-15 22:59:08,946 - VALO360 - DEBUG - 自動保存已禁用，跳過配置保存
2025-08-15 22:59:08,946 - VALO360 - DEBUG - 自動保存已禁用，跳過配置保存
2025-08-15 22:59:08,947 - VALO360 - DEBUG - 自動保存已禁用，跳過配置保存
2025-08-15 22:59:08,948 - VALO360 - DEBUG - 自動保存已禁用，跳過配置保存
2025-08-15 22:59:08,948 - VALO360 - DEBUG - 自動保存已禁用，跳過配置保存
2025-08-15 22:59:08,948 - VALO360 - DEBUG - 自動保存已禁用，跳過配置保存
2025-08-15 22:59:08,948 - VALO360 - DEBUG - 自動保存已禁用，跳過配置保存
2025-08-15 22:59:08,949 - VALO360 - DEBUG - 自動保存已禁用，跳過配置保存
2025-08-15 22:59:08,949 - VALO360 - DEBUG - 自動保存已禁用，跳過配置保存
2025-08-15 22:59:08,949 - VALO360 - DEBUG - 自動保存已禁用，跳過配置保存
2025-08-15 22:59:08,950 - VALO360 - DEBUG - 自動保存已禁用，跳過配置保存
2025-08-15 22:59:08,950 - VALO360 - DEBUG - 自動保存已禁用，跳過配置保存
2025-08-15 22:59:08,950 - VALO360 - DEBUG - 自動保存已禁用，跳過配置保存
2025-08-15 22:59:08,950 - VALO360 - DEBUG - 自動保存已禁用，跳過配置保存
2025-08-15 22:59:08,951 - VALO360 - DEBUG - 自動保存已禁用，跳過配置保存
2025-08-15 22:59:08,951 - VALO360 - DEBUG - 自動保存已禁用，跳過配置保存
2025-08-15 22:59:08,951 - VALO360 - DEBUG - 自動保存已禁用，跳過配置保存
2025-08-15 22:59:08,951 - VALO360 - DEBUG - 自動保存已禁用，跳過配置保存
2025-08-15 22:59:08,952 - VALO360 - DEBUG - 自動保存已禁用，跳過配置保存
2025-08-15 22:59:08,952 - VALO360 - DEBUG - 自動保存已禁用，跳過配置保存
2025-08-15 22:59:08,952 - VALO360 - DEBUG - 自動保存已禁用，跳過配置保存
2025-08-15 22:59:08,952 - VALO360 - DEBUG - 自動保存已禁用，跳過配置保存
2025-08-15 22:59:08,955 - VALO360 - DEBUG - 自動保存已禁用，跳過配置保存
2025-08-15 22:59:08,955 - VALO360 - DEBUG - 自動保存已禁用，跳過配置保存
2025-08-15 22:59:08,956 - VALO360 - DEBUG - 自動保存已禁用，跳過配置保存
2025-08-15 22:59:08,956 - VALO360 - DEBUG - 自動保存已禁用，跳過配置保存
2025-08-15 22:59:08,956 - VALO360 - DEBUG - 自動保存已禁用，跳過配置保存
2025-08-15 22:59:08,956 - VALO360 - DEBUG - 自動保存已禁用，跳過配置保存
2025-08-15 22:59:08,956 - VALO360 - DEBUG - 自動保存已禁用，跳過配置保存
2025-08-15 22:59:08,956 - VALO360 - DEBUG - 自動保存已禁用，跳過配置保存
2025-08-15 22:59:08,957 - VALO360 - DEBUG - 自動保存已禁用，跳過配置保存
2025-08-15 22:59:08,957 - VALO360 - DEBUG - 自動保存已禁用，跳過配置保存
2025-08-15 22:59:08,957 - VALO360 - DEBUG - 自動保存已禁用，跳過配置保存
2025-08-15 22:59:08,958 - VALO360 - DEBUG - 自動保存已禁用，跳過配置保存
2025-08-15 22:59:08,958 - VALO360 - DEBUG - 自動保存已禁用，跳過配置保存
2025-08-15 22:59:08,959 - VALO360 - DEBUG - 自動保存已禁用，跳過配置保存
2025-08-15 22:59:08,959 - VALO360 - DEBUG - 自動保存已禁用，跳過配置保存
2025-08-15 22:59:08,959 - VALO360 - DEBUG - 自動保存已禁用，跳過配置保存
2025-08-15 22:59:08,959 - VALO360 - DEBUG - 自動保存已禁用，跳過配置保存
2025-08-15 22:59:08,959 - VALO360 - DEBUG - 自動保存已禁用，跳過配置保存
2025-08-15 22:59:08,960 - VALO360 - DEBUG - 自動保存已禁用，跳過配置保存
2025-08-15 22:59:08,960 - VALO360 - DEBUG - 自動保存已禁用，跳過配置保存
2025-08-15 22:59:08,962 - VALO360 - DEBUG - 自動保存已禁用，跳過配置保存
2025-08-15 22:59:08,962 - VALO360 - DEBUG - 自動保存已禁用，跳過配置保存
2025-08-15 22:59:08,963 - VALO360 - DEBUG - 自動保存已禁用，跳過配置保存
2025-08-15 22:59:08,963 - VALO360 - DEBUG - 自動保存已禁用，跳過配置保存
2025-08-15 22:59:08,963 - VALO360 - DEBUG - 自動保存已禁用，跳過配置保存
2025-08-15 22:59:08,963 - VALO360 - DEBUG - 自動保存已禁用，跳過配置保存
2025-08-15 22:59:08,963 - VALO360 - DEBUG - 自動保存已禁用，跳過配置保存
2025-08-15 22:59:08,963 - VALO360 - DEBUG - 自動保存已禁用，跳過配置保存
2025-08-15 22:59:08,964 - VALO360 - DEBUG - 自動保存已禁用，跳過配置保存
2025-08-15 22:59:08,964 - VALO360 - DEBUG - 自動保存已禁用，跳過配置保存
2025-08-15 22:59:08,964 - VALO360 - DEBUG - 自動保存已禁用，跳過配置保存
2025-08-15 22:59:08,964 - VALO360 - DEBUG - 自動保存已禁用，跳過配置保存
2025-08-15 22:59:08,965 - VALO360 - DEBUG - 自動保存已禁用，跳過配置保存
2025-08-15 22:59:08,965 - VALO360 - DEBUG - 自動保存已禁用，跳過配置保存
2025-08-15 22:59:08,965 - VALO360 - DEBUG - 自動保存已禁用，跳過配置保存
2025-08-15 22:59:08,965 - VALO360 - DEBUG - 自動保存已禁用，跳過配置保存
2025-08-15 22:59:08,965 - VALO360 - DEBUG - 自動保存已禁用，跳過配置保存
2025-08-15 22:59:08,966 - VALO360 - DEBUG - 自動保存已禁用，跳過配置保存
2025-08-15 22:59:08,966 - VALO360 - DEBUG - 自動保存已禁用，跳過配置保存
2025-08-15 22:59:08,966 - VALO360 - DEBUG - 自動保存已禁用，跳過配置保存
2025-08-15 22:59:08,966 - VALO360 - DEBUG - 自動保存已禁用，跳過配置保存
2025-08-15 22:59:08,966 - VALO360 - DEBUG - 自動保存已禁用，跳過配置保存
2025-08-15 22:59:08,966 - VALO360 - DEBUG - 自動保存已禁用，跳過配置保存
2025-08-15 22:59:08,967 - VALO360 - DEBUG - 自動保存已禁用，跳過配置保存
2025-08-15 22:59:08,967 - VALO360 - DEBUG - 自動保存已禁用，跳過配置保存
2025-08-15 22:59:08,967 - VALO360 - DEBUG - 自動保存已禁用，跳過配置保存
2025-08-15 22:59:08,967 - VALO360 - DEBUG - 自動保存已禁用，跳過配置保存
2025-08-15 22:59:08,967 - VALO360 - DEBUG - 自動保存已禁用，跳過配置保存
2025-08-15 22:59:08,968 - VALO360 - DEBUG - 自動保存已禁用，跳過配置保存
2025-08-15 22:59:08,968 - VALO360 - DEBUG - 自動保存已禁用，跳過配置保存
2025-08-15 22:59:08,968 - VALO360 - DEBUG - 自動保存已禁用，跳過配置保存
2025-08-15 22:59:08,968 - VALO360 - DEBUG - 自動保存已禁用，跳過配置保存
2025-08-15 22:59:08,968 - VALO360 - DEBUG - 自動保存已禁用，跳過配置保存
2025-08-15 22:59:08,968 - VALO360 - DEBUG - 自動保存已禁用，跳過配置保存
2025-08-15 22:59:08,969 - VALO360 - DEBUG - 自動保存已禁用，跳過配置保存
2025-08-15 22:59:08,969 - VALO360 - DEBUG - 自動保存已禁用，跳過配置保存
2025-08-15 22:59:08,969 - VALO360 - DEBUG - 自動保存已禁用，跳過配置保存
2025-08-15 22:59:08,969 - VALO360 - DEBUG - 自動保存已禁用，跳過配置保存
2025-08-15 22:59:08,969 - VALO360 - DEBUG - 自動保存已禁用，跳過配置保存
2025-08-15 22:59:08,969 - VALO360 - DEBUG - 自動保存已禁用，跳過配置保存
2025-08-15 22:59:08,970 - VALO360 - DEBUG - 自動保存已禁用，跳過配置保存
2025-08-15 22:59:08,970 - VALO360 - DEBUG - 自動保存已禁用，跳過配置保存
2025-08-15 22:59:08,970 - VALO360 - DEBUG - 自動保存已禁用，跳過配置保存
2025-08-15 22:59:08,970 - VALO360 - DEBUG - 自動保存已禁用，跳過配置保存
2025-08-15 22:59:08,970 - VALO360 - DEBUG - 自動保存已禁用，跳過配置保存
2025-08-15 22:59:08,971 - VALO360 - DEBUG - 自動保存已禁用，跳過配置保存
2025-08-15 22:59:08,971 - VALO360 - DEBUG - 自動保存已禁用，跳過配置保存
2025-08-15 22:59:08,971 - VALO360 - DEBUG - 自動保存已禁用，跳過配置保存
2025-08-15 22:59:08,971 - VALO360 - DEBUG - 自動保存已禁用，跳過配置保存
2025-08-15 22:59:08,971 - VALO360 - DEBUG - 自動保存已禁用，跳過配置保存
2025-08-15 22:59:08,971 - VALO360 - DEBUG - 自動保存已禁用，跳過配置保存
2025-08-15 22:59:08,971 - VALO360 - DEBUG - 自動保存已禁用，跳過配置保存
2025-08-15 22:59:08,972 - VALO360 - DEBUG - 自動保存已禁用，跳過配置保存
2025-08-15 22:59:08,972 - VALO360 - DEBUG - 自動保存已禁用，跳過配置保存
2025-08-15 22:59:08,972 - VALO360 - DEBUG - 自動保存已禁用，跳過配置保存
2025-08-15 22:59:08,972 - VALO360 - DEBUG - 自動保存已禁用，跳過配置保存
2025-08-15 22:59:08,972 - VALO360 - DEBUG - 自動保存已禁用，跳過配置保存
2025-08-15 22:59:08,973 - VALO360 - DEBUG - 自動保存已禁用，跳過配置保存
2025-08-15 22:59:08,973 - VALO360 - DEBUG - 自動保存已禁用，跳過配置保存
2025-08-15 22:59:08,973 - VALO360 - DEBUG - 自動保存已禁用，跳過配置保存
2025-08-15 22:59:08,973 - VALO360 - DEBUG - 自動保存已禁用，跳過配置保存
2025-08-15 22:59:08,973 - VALO360 - DEBUG - 自動保存已禁用，跳過配置保存
2025-08-15 22:59:08,973 - VALO360 - DEBUG - 自動保存已禁用，跳過配置保存
2025-08-15 22:59:08,974 - VALO360 - DEBUG - 自動保存已禁用，跳過配置保存
2025-08-15 22:59:08,974 - VALO360 - DEBUG - 自動保存已禁用，跳過配置保存
2025-08-15 22:59:08,974 - VALO360 - DEBUG - 自動保存已禁用，跳過配置保存
2025-08-15 22:59:08,974 - VALO360 - DEBUG - 自動保存已禁用，跳過配置保存
2025-08-15 22:59:08,974 - VALO360 - DEBUG - 自動保存已禁用，跳過配置保存
2025-08-15 22:59:08,975 - VALO360 - DEBUG - 自動保存已禁用，跳過配置保存
2025-08-15 22:59:08,975 - VALO360 - DEBUG - 自動保存已禁用，跳過配置保存
2025-08-15 22:59:08,975 - VALO360 - DEBUG - 自動保存已禁用，跳過配置保存
2025-08-15 22:59:08,975 - VALO360 - DEBUG - 自動保存已禁用，跳過配置保存
2025-08-15 22:59:08,975 - VALO360 - DEBUG - 自動保存已禁用，跳過配置保存
2025-08-15 22:59:08,975 - VALO360 - DEBUG - 自動保存已禁用，跳過配置保存
2025-08-15 22:59:08,976 - VALO360 - DEBUG - 自動保存已禁用，跳過配置保存
2025-08-15 22:59:08,976 - VALO360 - DEBUG - 自動保存已禁用，跳過配置保存
2025-08-15 22:59:08,976 - VALO360 - DEBUG - 自動保存已禁用，跳過配置保存
2025-08-15 22:59:08,976 - VALO360 - DEBUG - 自動保存已禁用，跳過配置保存
2025-08-15 22:59:08,976 - VALO360 - DEBUG - 自動保存已禁用，跳過配置保存
2025-08-15 22:59:08,976 - VALO360 - DEBUG - 自動保存已禁用，跳過配置保存
2025-08-15 22:59:08,977 - VALO360 - DEBUG - 自動保存已禁用，跳過配置保存
2025-08-15 22:59:08,977 - VALO360 - DEBUG - 自動保存已禁用，跳過配置保存
2025-08-15 22:59:08,977 - VALO360 - DEBUG - 自動保存已禁用，跳過配置保存
2025-08-15 22:59:08,977 - VALO360 - DEBUG - 自動保存已禁用，跳過配置保存
2025-08-15 22:59:08,977 - VALO360 - DEBUG - 自動保存已禁用，跳過配置保存
2025-08-15 22:59:08,978 - VALO360 - DEBUG - 自動保存已禁用，跳過配置保存
2025-08-15 22:59:08,978 - VALO360 - DEBUG - 自動保存已禁用，跳過配置保存
2025-08-15 22:59:08,978 - VALO360 - DEBUG - 自動保存已禁用，跳過配置保存
2025-08-15 22:59:08,978 - VALO360 - DEBUG - 自動保存已禁用，跳過配置保存
2025-08-15 22:59:08,978 - VALO360 - DEBUG - 自動保存已禁用，跳過配置保存
2025-08-15 22:59:08,978 - VALO360 - DEBUG - 自動保存已禁用，跳過配置保存
2025-08-15 22:59:08,979 - VALO360 - DEBUG - 自動保存已禁用，跳過配置保存
2025-08-15 22:59:08,979 - VALO360 - DEBUG - 自動保存已禁用，跳過配置保存
2025-08-15 22:59:08,979 - VALO360 - DEBUG - 自動保存已禁用，跳過配置保存
2025-08-15 22:59:08,979 - VALO360 - DEBUG - 自動保存已禁用，跳過配置保存
2025-08-15 22:59:08,979 - VALO360 - DEBUG - 自動保存已禁用，跳過配置保存
2025-08-15 22:59:08,979 - VALO360 - DEBUG - 自動保存已禁用，跳過配置保存
2025-08-15 22:59:08,980 - VALO360 - DEBUG - 自動保存已禁用，跳過配置保存
2025-08-15 22:59:08,980 - VALO360 - DEBUG - 自動保存已禁用，跳過配置保存
2025-08-15 22:59:08,980 - VALO360 - DEBUG - 自動保存已禁用，跳過配置保存
2025-08-15 22:59:08,980 - VALO360 - DEBUG - 自動保存已禁用，跳過配置保存
2025-08-15 22:59:08,980 - VALO360 - DEBUG - 自動保存已禁用，跳過配置保存
2025-08-15 22:59:08,980 - VALO360 - DEBUG - 自動保存已禁用，跳過配置保存
2025-08-15 22:59:08,981 - VALO360 - DEBUG - 自動保存已禁用，跳過配置保存
2025-08-15 22:59:08,981 - VALO360 - DEBUG - 自動保存已禁用，跳過配置保存
2025-08-15 22:59:08,981 - VALO360 - DEBUG - 自動保存已禁用，跳過配置保存
2025-08-15 22:59:08,981 - VALO360 - DEBUG - 自動保存已禁用，跳過配置保存
2025-08-15 22:59:08,981 - VALO360 - DEBUG - 自動保存已禁用，跳過配置保存
2025-08-15 22:59:08,982 - VALO360 - DEBUG - 自動保存已禁用，跳過配置保存
2025-08-15 22:59:08,982 - VALO360 - DEBUG - 自動保存已禁用，跳過配置保存
2025-08-15 22:59:08,982 - VALO360 - DEBUG - 自動保存已禁用，跳過配置保存
2025-08-15 22:59:08,982 - VALO360 - DEBUG - 自動保存已禁用，跳過配置保存
2025-08-15 22:59:08,982 - VALO360 - DEBUG - 自動保存已禁用，跳過配置保存
2025-08-15 22:59:08,982 - VALO360 - DEBUG - 自動保存已禁用，跳過配置保存
2025-08-15 22:59:08,983 - VALO360 - DEBUG - 自動保存已禁用，跳過配置保存
2025-08-15 22:59:08,983 - VALO360 - DEBUG - 自動保存已禁用，跳過配置保存
2025-08-15 22:59:08,983 - VALO360 - DEBUG - 自動保存已禁用，跳過配置保存
2025-08-15 22:59:08,983 - VALO360 - DEBUG - 自動保存已禁用，跳過配置保存
2025-08-15 22:59:08,983 - VALO360 - DEBUG - 自動保存已禁用，跳過配置保存
2025-08-15 22:59:08,983 - VALO360 - DEBUG - 自動保存已禁用，跳過配置保存
2025-08-15 22:59:08,984 - VALO360 - DEBUG - 自動保存已禁用，跳過配置保存
2025-08-15 22:59:08,984 - VALO360 - DEBUG - 自動保存已禁用，跳過配置保存
2025-08-15 22:59:08,984 - VALO360 - DEBUG - 自動保存已禁用，跳過配置保存
2025-08-15 22:59:08,984 - VALO360 - DEBUG - 自動保存已禁用，跳過配置保存
2025-08-15 22:59:08,984 - VALO360 - DEBUG - 自動保存已禁用，跳過配置保存
2025-08-15 22:59:08,984 - VALO360 - DEBUG - 自動保存已禁用，跳過配置保存
2025-08-15 22:59:08,985 - VALO360 - DEBUG - 自動保存已禁用，跳過配置保存
2025-08-15 22:59:08,985 - VALO360 - DEBUG - 自動保存已禁用，跳過配置保存
2025-08-15 22:59:08,985 - VALO360 - DEBUG - 自動保存已禁用，跳過配置保存
2025-08-15 22:59:08,985 - VALO360 - DEBUG - 自動保存已禁用，跳過配置保存
2025-08-15 22:59:08,985 - VALO360 - DEBUG - 自動保存已禁用，跳過配置保存
2025-08-15 22:59:08,985 - VALO360 - DEBUG - 自動保存已禁用，跳過配置保存
2025-08-15 22:59:08,991 - VALO360 - DEBUG - 自動保存已禁用，跳過配置保存
2025-08-15 22:59:08,992 - VALO360 - DEBUG - 自動保存已禁用，跳過配置保存
2025-08-15 22:59:08,992 - VALO360 - DEBUG - 自動保存已禁用，跳過配置保存
2025-08-15 22:59:08,992 - VALO360 - DEBUG - 自動保存已禁用，跳過配置保存
2025-08-15 22:59:08,992 - VALO360 - DEBUG - 自動保存已禁用，跳過配置保存
2025-08-15 22:59:08,992 - VALO360 - DEBUG - 自動保存已禁用，跳過配置保存
2025-08-15 22:59:08,992 - VALO360 - DEBUG - 自動保存已禁用，跳過配置保存
2025-08-15 22:59:08,993 - VALO360 - DEBUG - 自動保存已禁用，跳過配置保存
2025-08-15 22:59:08,993 - VALO360 - DEBUG - 自動保存已禁用，跳過配置保存
2025-08-15 22:59:08,993 - VALO360 - DEBUG - 自動保存已禁用，跳過配置保存
2025-08-15 22:59:08,993 - VALO360 - DEBUG - 自動保存已禁用，跳過配置保存
2025-08-15 22:59:08,993 - VALO360 - DEBUG - 自動保存已禁用，跳過配置保存
2025-08-15 22:59:08,994 - VALO360 - DEBUG - 自動保存已禁用，跳過配置保存
2025-08-15 22:59:08,994 - VALO360 - DEBUG - 自動保存已禁用，跳過配置保存
2025-08-15 22:59:08,994 - VALO360 - DEBUG - 自動保存已禁用，跳過配置保存
2025-08-15 22:59:08,994 - VALO360 - DEBUG - 自動保存已禁用，跳過配置保存
2025-08-15 22:59:08,994 - VALO360 - DEBUG - 自動保存已禁用，跳過配置保存
2025-08-15 22:59:08,994 - VALO360 - DEBUG - 自動保存已禁用，跳過配置保存
2025-08-15 22:59:08,995 - VALO360 - DEBUG - 自動保存已禁用，跳過配置保存
2025-08-15 22:59:08,995 - VALO360 - DEBUG - 自動保存已禁用，跳過配置保存
2025-08-15 22:59:08,995 - VALO360 - DEBUG - 自動保存已禁用，跳過配置保存
2025-08-15 22:59:08,995 - VALO360 - DEBUG - 自動保存已禁用，跳過配置保存
2025-08-15 22:59:08,995 - VALO360 - DEBUG - 自動保存已禁用，跳過配置保存
2025-08-15 22:59:08,995 - VALO360 - DEBUG - 自動保存已禁用，跳過配置保存
2025-08-15 22:59:08,996 - VALO360 - DEBUG - 自動保存已禁用，跳過配置保存
2025-08-15 22:59:08,996 - VALO360 - DEBUG - 自動保存已禁用，跳過配置保存
2025-08-15 22:59:08,996 - VALO360 - DEBUG - 自動保存已禁用，跳過配置保存
2025-08-15 22:59:08,996 - VALO360 - DEBUG - 自動保存已禁用，跳過配置保存
2025-08-15 22:59:08,996 - VALO360 - DEBUG - 自動保存已禁用，跳過配置保存
2025-08-15 22:59:08,997 - VALO360 - DEBUG - 自動保存已禁用，跳過配置保存
2025-08-15 22:59:08,997 - VALO360 - DEBUG - 自動保存已禁用，跳過配置保存
2025-08-15 22:59:08,997 - VALO360 - DEBUG - 自動保存已禁用，跳過配置保存
2025-08-15 22:59:08,997 - VALO360 - DEBUG - 自動保存已禁用，跳過配置保存
2025-08-15 22:59:08,997 - VALO360 - DEBUG - 自動保存已禁用，跳過配置保存
2025-08-15 22:59:08,997 - VALO360 - DEBUG - 自動保存已禁用，跳過配置保存
2025-08-15 22:59:08,998 - VALO360 - DEBUG - 自動保存已禁用，跳過配置保存
2025-08-15 22:59:09,002 - VALO360 - DEBUG - 自動保存已禁用，跳過配置保存
2025-08-15 22:59:09,002 - VALO360 - DEBUG - 自動保存已禁用，跳過配置保存
2025-08-15 22:59:09,002 - VALO360 - DEBUG - 自動保存已禁用，跳過配置保存
2025-08-15 22:59:09,002 - VALO360 - DEBUG - 自動保存已禁用，跳過配置保存
2025-08-15 22:59:09,003 - VALO360 - DEBUG - 自動保存已禁用，跳過配置保存
2025-08-15 22:59:09,003 - VALO360 - DEBUG - 自動保存已禁用，跳過配置保存
2025-08-15 22:59:09,003 - VALO360 - DEBUG - 自動保存已禁用，跳過配置保存
2025-08-15 22:59:09,003 - VALO360 - DEBUG - 自動保存已禁用，跳過配置保存
2025-08-15 22:59:09,003 - VALO360 - DEBUG - 自動保存已禁用，跳過配置保存
2025-08-15 22:59:09,003 - VALO360 - DEBUG - 自動保存已禁用，跳過配置保存
2025-08-15 22:59:09,004 - VALO360 - DEBUG - 自動保存已禁用，跳過配置保存
2025-08-15 22:59:09,004 - VALO360 - DEBUG - 自動保存已禁用，跳過配置保存
2025-08-15 22:59:09,004 - VALO360 - DEBUG - 自動保存已禁用，跳過配置保存
2025-08-15 22:59:09,004 - VALO360 - DEBUG - 自動保存已禁用，跳過配置保存
2025-08-15 22:59:09,004 - VALO360 - DEBUG - 自動保存已禁用，跳過配置保存
2025-08-15 22:59:09,004 - VALO360 - DEBUG - 自動保存已禁用，跳過配置保存
2025-08-15 22:59:09,005 - VALO360 - DEBUG - 自動保存已禁用，跳過配置保存
2025-08-15 22:59:09,005 - VALO360 - DEBUG - 自動保存已禁用，跳過配置保存
2025-08-15 22:59:09,005 - VALO360 - DEBUG - 自動保存已禁用，跳過配置保存
2025-08-15 22:59:09,005 - VALO360 - DEBUG - 自動保存已禁用，跳過配置保存
2025-08-15 22:59:09,006 - VALO360 - DEBUG - 自動保存已禁用，跳過配置保存
2025-08-15 22:59:09,006 - VALO360 - DEBUG - 自動保存已禁用，跳過配置保存
2025-08-15 22:59:09,006 - VALO360 - DEBUG - 自動保存已禁用，跳過配置保存
2025-08-15 22:59:09,006 - VALO360 - DEBUG - 自動保存已禁用，跳過配置保存
2025-08-15 22:59:09,006 - VALO360 - DEBUG - 自動保存已禁用，跳過配置保存
2025-08-15 22:59:09,006 - VALO360 - DEBUG - 自動保存已禁用，跳過配置保存
2025-08-15 22:59:09,006 - VALO360 - DEBUG - 自動保存已禁用，跳過配置保存
2025-08-15 22:59:09,007 - VALO360 - DEBUG - 自動保存已禁用，跳過配置保存
2025-08-15 22:59:09,007 - VALO360 - DEBUG - 自動保存已禁用，跳過配置保存
2025-08-15 22:59:09,007 - VALO360 - DEBUG - 自動保存已禁用，跳過配置保存
2025-08-15 22:59:09,007 - VALO360 - DEBUG - 自動保存已禁用，跳過配置保存
2025-08-15 22:59:09,007 - VALO360 - DEBUG - 自動保存已禁用，跳過配置保存
2025-08-15 22:59:09,007 - VALO360 - DEBUG - 自動保存已禁用，跳過配置保存
2025-08-15 22:59:09,007 - VALO360 - DEBUG - 自動保存已禁用，跳過配置保存
2025-08-15 22:59:09,008 - VALO360 - DEBUG - 自動保存已禁用，跳過配置保存
2025-08-15 22:59:09,008 - VALO360 - DEBUG - 自動保存已禁用，跳過配置保存
2025-08-15 22:59:09,008 - VALO360 - DEBUG - 自動保存已禁用，跳過配置保存
2025-08-15 22:59:09,008 - VALO360 - DEBUG - 自動保存已禁用，跳過配置保存
2025-08-15 22:59:09,008 - VALO360 - DEBUG - 自動保存已禁用，跳過配置保存
2025-08-15 22:59:09,008 - VALO360 - DEBUG - 自動保存已禁用，跳過配置保存
2025-08-15 22:59:09,009 - VALO360 - DEBUG - 自動保存已禁用，跳過配置保存
2025-08-15 22:59:09,009 - VALO360 - DEBUG - 自動保存已禁用，跳過配置保存
2025-08-15 22:59:09,009 - VALO360 - DEBUG - 自動保存已禁用，跳過配置保存
2025-08-15 22:59:09,010 - VALO360 - DEBUG - 自動保存已禁用，跳過配置保存
2025-08-15 22:59:09,115 - VALO360 - DEBUG - 自動保存已禁用，跳過配置保存
2025-08-15 22:59:09,116 - VALO360 - DEBUG - 自動保存已禁用，跳過配置保存
2025-08-15 22:59:09,116 - VALO360 - DEBUG - 自動保存已禁用，跳過配置保存
2025-08-15 22:59:09,116 - VALO360 - DEBUG - 自動保存已禁用，跳過配置保存
2025-08-15 22:59:09,116 - VALO360 - DEBUG - 自動保存已禁用，跳過配置保存
2025-08-15 22:59:09,116 - VALO360 - DEBUG - 自動保存已禁用，跳過配置保存
2025-08-15 22:59:09,116 - VALO360 - DEBUG - 自動保存已禁用，跳過配置保存
2025-08-15 22:59:09,117 - VALO360 - DEBUG - 自動保存已禁用，跳過配置保存
2025-08-15 22:59:09,117 - VALO360 - DEBUG - 自動保存已禁用，跳過配置保存
2025-08-15 22:59:09,117 - VALO360 - DEBUG - 自動保存已禁用，跳過配置保存
2025-08-15 22:59:09,117 - VALO360 - DEBUG - 自動保存已禁用，跳過配置保存
2025-08-15 22:59:09,117 - VALO360 - DEBUG - 自動保存已禁用，跳過配置保存
2025-08-15 22:59:09,118 - VALO360 - DEBUG - 自動保存已禁用，跳過配置保存
2025-08-15 22:59:09,118 - VALO360 - DEBUG - 自動保存已禁用，跳過配置保存
2025-08-15 22:59:09,118 - VALO360 - DEBUG - 自動保存已禁用，跳過配置保存
2025-08-15 22:59:09,118 - VALO360 - DEBUG - 自動保存已禁用，跳過配置保存
2025-08-15 22:59:09,118 - VALO360 - DEBUG - 自動保存已禁用，跳過配置保存
2025-08-15 22:59:09,119 - VALO360 - DEBUG - 自動保存已禁用，跳過配置保存
2025-08-15 22:59:09,119 - VALO360 - DEBUG - 自動保存已禁用，跳過配置保存
2025-08-15 22:59:09,119 - VALO360 - DEBUG - 自動保存已禁用，跳過配置保存
2025-08-15 22:59:09,119 - VALO360 - DEBUG - 自動保存已禁用，跳過配置保存
2025-08-15 22:59:09,119 - VALO360 - DEBUG - 自動保存已禁用，跳過配置保存
2025-08-15 22:59:09,119 - VALO360 - DEBUG - 自動保存已禁用，跳過配置保存
2025-08-15 22:59:09,120 - VALO360 - DEBUG - 自動保存已禁用，跳過配置保存
2025-08-15 22:59:09,120 - VALO360 - DEBUG - 自動保存已禁用，跳過配置保存
2025-08-15 22:59:09,120 - VALO360 - DEBUG - 自動保存已禁用，跳過配置保存
2025-08-15 22:59:09,120 - VALO360 - DEBUG - 自動保存已禁用，跳過配置保存
2025-08-15 22:59:09,120 - VALO360 - DEBUG - 自動保存已禁用，跳過配置保存
2025-08-15 22:59:09,121 - VALO360 - DEBUG - 自動保存已禁用，跳過配置保存
2025-08-15 22:59:09,121 - VALO360 - DEBUG - 自動保存已禁用，跳過配置保存
2025-08-15 22:59:09,121 - VALO360 - DEBUG - 自動保存已禁用，跳過配置保存
2025-08-15 22:59:09,121 - VALO360 - DEBUG - 自動保存已禁用，跳過配置保存
2025-08-15 22:59:09,121 - VALO360 - DEBUG - 自動保存已禁用，跳過配置保存
2025-08-15 22:59:09,121 - VALO360 - DEBUG - 自動保存已禁用，跳過配置保存
2025-08-15 22:59:09,121 - VALO360 - DEBUG - 自動保存已禁用，跳過配置保存
2025-08-15 22:59:09,122 - VALO360 - DEBUG - 自動保存已禁用，跳過配置保存
2025-08-15 22:59:09,122 - VALO360 - DEBUG - 自動保存已禁用，跳過配置保存
2025-08-15 22:59:09,122 - VALO360 - DEBUG - 自動保存已禁用，跳過配置保存
2025-08-15 22:59:09,122 - VALO360 - DEBUG - 自動保存已禁用，跳過配置保存
2025-08-15 22:59:09,122 - VALO360 - DEBUG - 自動保存已禁用，跳過配置保存
2025-08-15 22:59:09,123 - VALO360 - DEBUG - 自動保存已禁用，跳過配置保存
2025-08-15 22:59:09,123 - VALO360 - DEBUG - 自動保存已禁用，跳過配置保存
2025-08-15 22:59:09,123 - VALO360 - DEBUG - 自動保存已禁用，跳過配置保存
2025-08-15 22:59:09,123 - VALO360 - DEBUG - 自動保存已禁用，跳過配置保存
2025-08-15 22:59:09,123 - VALO360 - DEBUG - 自動保存已禁用，跳過配置保存
2025-08-15 22:59:09,123 - VALO360 - DEBUG - 自動保存已禁用，跳過配置保存
2025-08-15 22:59:09,124 - VALO360 - DEBUG - 自動保存已禁用，跳過配置保存
2025-08-15 22:59:09,124 - VALO360 - DEBUG - 自動保存已禁用，跳過配置保存
2025-08-15 22:59:09,124 - VALO360 - DEBUG - 自動保存已禁用，跳過配置保存
2025-08-15 22:59:09,124 - VALO360 - DEBUG - 自動保存已禁用，跳過配置保存
2025-08-15 22:59:09,124 - VALO360 - DEBUG - 自動保存已禁用，跳過配置保存
2025-08-15 22:59:09,124 - VALO360 - DEBUG - 自動保存已禁用，跳過配置保存
2025-08-15 22:59:09,125 - VALO360 - DEBUG - 自動保存已禁用，跳過配置保存
2025-08-15 22:59:09,125 - VALO360 - DEBUG - 自動保存已禁用，跳過配置保存
2025-08-15 22:59:09,125 - VALO360 - DEBUG - 自動保存已禁用，跳過配置保存
2025-08-15 22:59:09,125 - VALO360 - DEBUG - 自動保存已禁用，跳過配置保存
2025-08-15 22:59:09,125 - VALO360 - DEBUG - 自動保存已禁用，跳過配置保存
2025-08-15 22:59:09,125 - VALO360 - DEBUG - 自動保存已禁用，跳過配置保存
2025-08-15 22:59:09,126 - VALO360 - DEBUG - 自動保存已禁用，跳過配置保存
2025-08-15 22:59:09,126 - VALO360 - DEBUG - 自動保存已禁用，跳過配置保存
2025-08-15 22:59:09,126 - VALO360 - DEBUG - 自動保存已禁用，跳過配置保存
2025-08-15 22:59:09,126 - VALO360 - DEBUG - 自動保存已禁用，跳過配置保存
2025-08-15 22:59:09,126 - VALO360 - DEBUG - 自動保存已禁用，跳過配置保存
2025-08-15 22:59:09,126 - VALO360 - DEBUG - 自動保存已禁用，跳過配置保存
2025-08-15 22:59:09,127 - VALO360 - DEBUG - 自動保存已禁用，跳過配置保存
2025-08-15 22:59:09,127 - VALO360 - DEBUG - 自動保存已禁用，跳過配置保存
2025-08-15 22:59:09,127 - VALO360 - DEBUG - 自動保存已禁用，跳過配置保存
2025-08-15 22:59:09,127 - VALO360 - DEBUG - 自動保存已禁用，跳過配置保存
2025-08-15 22:59:09,127 - VALO360 - DEBUG - 自動保存已禁用，跳過配置保存
2025-08-15 22:59:09,128 - VALO360 - DEBUG - 自動保存已禁用，跳過配置保存
2025-08-15 22:59:09,128 - VALO360 - DEBUG - 自動保存已禁用，跳過配置保存
2025-08-15 22:59:09,128 - VALO360 - DEBUG - 自動保存已禁用，跳過配置保存
2025-08-15 22:59:09,128 - VALO360 - DEBUG - 自動保存已禁用，跳過配置保存
2025-08-15 22:59:09,128 - VALO360 - DEBUG - 自動保存已禁用，跳過配置保存
2025-08-15 22:59:09,128 - VALO360 - DEBUG - 自動保存已禁用，跳過配置保存
2025-08-15 22:59:09,128 - VALO360 - DEBUG - 自動保存已禁用，跳過配置保存
2025-08-15 22:59:09,129 - VALO360 - DEBUG - 自動保存已禁用，跳過配置保存
2025-08-15 22:59:09,129 - VALO360 - DEBUG - 自動保存已禁用，跳過配置保存
2025-08-15 22:59:09,129 - VALO360 - DEBUG - 自動保存已禁用，跳過配置保存
2025-08-15 22:59:09,129 - VALO360 - DEBUG - 自動保存已禁用，跳過配置保存
2025-08-15 22:59:09,130 - VALO360 - DEBUG - 自動保存已禁用，跳過配置保存
2025-08-15 22:59:09,130 - VALO360 - DEBUG - 自動保存已禁用，跳過配置保存
2025-08-15 22:59:09,130 - VALO360 - DEBUG - 自動保存已禁用，跳過配置保存
2025-08-15 22:59:09,130 - VALO360 - DEBUG - 自動保存已禁用，跳過配置保存
2025-08-15 22:59:09,130 - VALO360 - DEBUG - 自動保存已禁用，跳過配置保存
2025-08-15 22:59:09,130 - VALO360 - DEBUG - 自動保存已禁用，跳過配置保存
2025-08-15 22:59:09,131 - VALO360 - DEBUG - 自動保存已禁用，跳過配置保存
2025-08-15 22:59:09,131 - VALO360 - DEBUG - 自動保存已禁用，跳過配置保存
2025-08-15 22:59:09,131 - VALO360 - DEBUG - 自動保存已禁用，跳過配置保存
2025-08-15 22:59:09,131 - VALO360 - DEBUG - 自動保存已禁用，跳過配置保存
2025-08-15 22:59:09,131 - VALO360 - DEBUG - 自動保存已禁用，跳過配置保存
2025-08-15 22:59:09,131 - VALO360 - DEBUG - 自動保存已禁用，跳過配置保存
2025-08-15 22:59:09,132 - VALO360 - DEBUG - 自動保存已禁用，跳過配置保存
2025-08-15 22:59:09,132 - VALO360 - DEBUG - 自動保存已禁用，跳過配置保存
2025-08-15 22:59:09,132 - VALO360 - DEBUG - 自動保存已禁用，跳過配置保存
2025-08-15 22:59:09,132 - VALO360 - DEBUG - 自動保存已禁用，跳過配置保存
2025-08-15 22:59:09,132 - VALO360 - DEBUG - 自動保存已禁用，跳過配置保存
2025-08-15 22:59:09,132 - VALO360 - DEBUG - 自動保存已禁用，跳過配置保存
2025-08-15 22:59:09,133 - VALO360 - DEBUG - 自動保存已禁用，跳過配置保存
2025-08-15 22:59:09,133 - VALO360 - DEBUG - 自動保存已禁用，跳過配置保存
2025-08-15 22:59:09,133 - VALO360 - DEBUG - 自動保存已禁用，跳過配置保存
2025-08-15 22:59:09,133 - VALO360 - DEBUG - 自動保存已禁用，跳過配置保存
2025-08-15 22:59:09,133 - VALO360 - DEBUG - 自動保存已禁用，跳過配置保存
2025-08-15 22:59:09,133 - VALO360 - DEBUG - 自動保存已禁用，跳過配置保存
2025-08-15 22:59:09,134 - VALO360 - DEBUG - 自動保存已禁用，跳過配置保存
2025-08-15 22:59:09,134 - VALO360 - DEBUG - 自動保存已禁用，跳過配置保存
2025-08-15 22:59:09,134 - VALO360 - DEBUG - 自動保存已禁用，跳過配置保存
2025-08-15 22:59:09,134 - VALO360 - DEBUG - 自動保存已禁用，跳過配置保存
2025-08-15 22:59:09,134 - VALO360 - DEBUG - 自動保存已禁用，跳過配置保存
2025-08-15 22:59:09,134 - VALO360 - DEBUG - 自動保存已禁用，跳過配置保存
2025-08-15 22:59:09,135 - VALO360 - DEBUG - 自動保存已禁用，跳過配置保存
2025-08-15 22:59:09,135 - VALO360 - DEBUG - 自動保存已禁用，跳過配置保存
2025-08-15 22:59:09,135 - VALO360 - DEBUG - 自動保存已禁用，跳過配置保存
2025-08-15 22:59:09,135 - VALO360 - DEBUG - 自動保存已禁用，跳過配置保存
2025-08-15 22:59:09,135 - VALO360 - DEBUG - 自動保存已禁用，跳過配置保存
2025-08-15 22:59:09,135 - VALO360 - DEBUG - 自動保存已禁用，跳過配置保存
2025-08-15 22:59:09,136 - VALO360 - DEBUG - 自動保存已禁用，跳過配置保存
2025-08-15 22:59:09,136 - VALO360 - DEBUG - 自動保存已禁用，跳過配置保存
2025-08-15 22:59:09,136 - VALO360 - DEBUG - 自動保存已禁用，跳過配置保存
2025-08-15 22:59:09,136 - VALO360 - DEBUG - 自動保存已禁用，跳過配置保存
2025-08-15 22:59:09,136 - VALO360 - DEBUG - 自動保存已禁用，跳過配置保存
2025-08-15 22:59:09,136 - VALO360 - DEBUG - 自動保存已禁用，跳過配置保存
2025-08-15 22:59:09,137 - VALO360 - DEBUG - 自動保存已禁用，跳過配置保存
2025-08-15 22:59:09,137 - VALO360 - DEBUG - 自動保存已禁用，跳過配置保存
2025-08-15 22:59:09,137 - VALO360 - DEBUG - 自動保存已禁用，跳過配置保存
2025-08-15 22:59:09,137 - VALO360 - DEBUG - 自動保存已禁用，跳過配置保存
2025-08-15 22:59:09,137 - VALO360 - DEBUG - 自動保存已禁用，跳過配置保存
2025-08-15 22:59:09,137 - VALO360 - DEBUG - 自動保存已禁用，跳過配置保存
2025-08-15 22:59:09,138 - VALO360 - DEBUG - 自動保存已禁用，跳過配置保存
2025-08-15 22:59:09,138 - VALO360 - DEBUG - 自動保存已禁用，跳過配置保存
2025-08-15 22:59:09,138 - VALO360 - DEBUG - 自動保存已禁用，跳過配置保存
2025-08-15 22:59:09,138 - VALO360 - DEBUG - 自動保存已禁用，跳過配置保存
2025-08-15 22:59:09,138 - VALO360 - DEBUG - 自動保存已禁用，跳過配置保存
2025-08-15 22:59:09,139 - VALO360 - DEBUG - 自動保存已禁用，跳過配置保存
2025-08-15 22:59:09,139 - VALO360 - DEBUG - 自動保存已禁用，跳過配置保存
2025-08-15 22:59:09,139 - VALO360 - DEBUG - 自動保存已禁用，跳過配置保存
2025-08-15 22:59:09,139 - VALO360 - DEBUG - 自動保存已禁用，跳過配置保存
2025-08-15 22:59:09,139 - VALO360 - DEBUG - 自動保存已禁用，跳過配置保存
2025-08-15 22:59:09,139 - VALO360 - DEBUG - 自動保存已禁用，跳過配置保存
2025-08-15 22:59:09,139 - VALO360 - DEBUG - 自動保存已禁用，跳過配置保存
2025-08-15 22:59:09,140 - VALO360 - DEBUG - 自動保存已禁用，跳過配置保存
2025-08-15 22:59:09,140 - VALO360 - DEBUG - 自動保存已禁用，跳過配置保存
2025-08-15 22:59:09,140 - VALO360 - DEBUG - 自動保存已禁用，跳過配置保存
2025-08-15 22:59:09,140 - VALO360 - DEBUG - 自動保存已禁用，跳過配置保存
2025-08-15 22:59:09,140 - VALO360 - DEBUG - 自動保存已禁用，跳過配置保存
2025-08-15 22:59:09,141 - VALO360 - DEBUG - 自動保存已禁用，跳過配置保存
2025-08-15 22:59:09,141 - VALO360 - DEBUG - 自動保存已禁用，跳過配置保存
2025-08-15 22:59:09,141 - VALO360 - DEBUG - 自動保存已禁用，跳過配置保存
2025-08-15 22:59:09,141 - VALO360 - DEBUG - 自動保存已禁用，跳過配置保存
2025-08-15 22:59:09,141 - VALO360 - DEBUG - 自動保存已禁用，跳過配置保存
2025-08-15 22:59:09,141 - VALO360 - DEBUG - 自動保存已禁用，跳過配置保存
2025-08-15 22:59:09,142 - VALO360 - DEBUG - 自動保存已禁用，跳過配置保存
2025-08-15 22:59:09,142 - VALO360 - DEBUG - 自動保存已禁用，跳過配置保存
2025-08-15 22:59:09,142 - VALO360 - DEBUG - 自動保存已禁用，跳過配置保存
2025-08-15 22:59:09,142 - VALO360 - DEBUG - 自動保存已禁用，跳過配置保存
2025-08-15 22:59:09,142 - VALO360 - DEBUG - 自動保存已禁用，跳過配置保存
2025-08-15 22:59:09,142 - VALO360 - DEBUG - 自動保存已禁用，跳過配置保存
2025-08-15 22:59:09,143 - VALO360 - DEBUG - 自動保存已禁用，跳過配置保存
2025-08-15 22:59:09,143 - VALO360 - DEBUG - 自動保存已禁用，跳過配置保存
2025-08-15 22:59:09,143 - VALO360 - DEBUG - 自動保存已禁用，跳過配置保存
2025-08-15 22:59:09,143 - VALO360 - DEBUG - 自動保存已禁用，跳過配置保存
2025-08-15 22:59:09,143 - VALO360 - DEBUG - 自動保存已禁用，跳過配置保存
2025-08-15 22:59:09,143 - VALO360 - DEBUG - 自動保存已禁用，跳過配置保存
2025-08-15 22:59:09,144 - VALO360 - DEBUG - 自動保存已禁用，跳過配置保存
2025-08-15 22:59:09,144 - VALO360 - DEBUG - 自動保存已禁用，跳過配置保存
2025-08-15 22:59:09,144 - VALO360 - DEBUG - 自動保存已禁用，跳過配置保存
2025-08-15 22:59:09,144 - VALO360 - DEBUG - 自動保存已禁用，跳過配置保存
2025-08-15 22:59:09,144 - VALO360 - DEBUG - 自動保存已禁用，跳過配置保存
2025-08-15 22:59:09,145 - VALO360 - DEBUG - 自動保存已禁用，跳過配置保存
2025-08-15 22:59:09,145 - VALO360 - DEBUG - 自動保存已禁用，跳過配置保存
2025-08-15 22:59:09,145 - VALO360 - DEBUG - 自動保存已禁用，跳過配置保存
2025-08-15 22:59:09,145 - VALO360 - DEBUG - 自動保存已禁用，跳過配置保存
2025-08-15 22:59:09,145 - VALO360 - DEBUG - 自動保存已禁用，跳過配置保存
2025-08-15 22:59:09,145 - VALO360 - DEBUG - 自動保存已禁用，跳過配置保存
2025-08-15 22:59:09,146 - VALO360 - DEBUG - 自動保存已禁用，跳過配置保存
2025-08-15 22:59:09,146 - VALO360 - DEBUG - 自動保存已禁用，跳過配置保存
2025-08-15 22:59:09,146 - VALO360 - DEBUG - 自動保存已禁用，跳過配置保存
2025-08-15 22:59:09,146 - VALO360 - DEBUG - 自動保存已禁用，跳過配置保存
2025-08-15 22:59:09,146 - VALO360 - DEBUG - 自動保存已禁用，跳過配置保存
2025-08-15 22:59:09,146 - VALO360 - DEBUG - 自動保存已禁用，跳過配置保存
2025-08-15 22:59:09,147 - VALO360 - DEBUG - 自動保存已禁用，跳過配置保存
2025-08-15 22:59:09,147 - VALO360 - DEBUG - 自動保存已禁用，跳過配置保存
2025-08-15 22:59:09,147 - VALO360 - DEBUG - 自動保存已禁用，跳過配置保存
2025-08-15 22:59:09,147 - VALO360 - DEBUG - 自動保存已禁用，跳過配置保存
2025-08-15 22:59:09,147 - VALO360 - DEBUG - 自動保存已禁用，跳過配置保存
2025-08-15 22:59:09,147 - VALO360 - DEBUG - 自動保存已禁用，跳過配置保存
2025-08-15 22:59:09,148 - VALO360 - DEBUG - 自動保存已禁用，跳過配置保存
2025-08-15 22:59:09,148 - VALO360 - DEBUG - 自動保存已禁用，跳過配置保存
2025-08-15 22:59:09,148 - VALO360 - DEBUG - 自動保存已禁用，跳過配置保存
2025-08-15 22:59:09,148 - VALO360 - DEBUG - 自動保存已禁用，跳過配置保存
2025-08-15 22:59:09,148 - VALO360 - DEBUG - 自動保存已禁用，跳過配置保存
2025-08-15 22:59:09,148 - VALO360 - DEBUG - 自動保存已禁用，跳過配置保存
2025-08-15 22:59:09,149 - VALO360 - DEBUG - 自動保存已禁用，跳過配置保存
2025-08-15 22:59:09,149 - VALO360 - DEBUG - 自動保存已禁用，跳過配置保存
2025-08-15 22:59:09,149 - VALO360 - DEBUG - 自動保存已禁用，跳過配置保存
2025-08-15 22:59:09,149 - VALO360 - DEBUG - 自動保存已禁用，跳過配置保存
2025-08-15 22:59:09,149 - VALO360 - DEBUG - 自動保存已禁用，跳過配置保存
2025-08-15 22:59:09,150 - VALO360 - DEBUG - 自動保存已禁用，跳過配置保存
2025-08-15 22:59:09,150 - VALO360 - DEBUG - 自動保存已禁用，跳過配置保存
2025-08-15 22:59:09,150 - VALO360 - DEBUG - 自動保存已禁用，跳過配置保存
2025-08-15 22:59:09,150 - VALO360 - DEBUG - 自動保存已禁用，跳過配置保存
2025-08-15 22:59:09,150 - VALO360 - DEBUG - 自動保存已禁用，跳過配置保存
2025-08-15 22:59:09,150 - VALO360 - DEBUG - 自動保存已禁用，跳過配置保存
2025-08-15 22:59:09,150 - VALO360 - DEBUG - 自動保存已禁用，跳過配置保存
2025-08-15 22:59:09,151 - VALO360 - DEBUG - 自動保存已禁用，跳過配置保存
2025-08-15 22:59:09,151 - VALO360 - DEBUG - 自動保存已禁用，跳過配置保存
2025-08-15 22:59:09,151 - VALO360 - DEBUG - 自動保存已禁用，跳過配置保存
2025-08-15 22:59:09,151 - VALO360 - DEBUG - 自動保存已禁用，跳過配置保存
2025-08-15 22:59:09,151 - VALO360 - DEBUG - 自動保存已禁用，跳過配置保存
2025-08-15 22:59:09,152 - VALO360 - DEBUG - 自動保存已禁用，跳過配置保存
2025-08-15 22:59:09,152 - VALO360 - DEBUG - 自動保存已禁用，跳過配置保存
2025-08-15 22:59:09,152 - VALO360 - DEBUG - 自動保存已禁用，跳過配置保存
2025-08-15 22:59:09,152 - VALO360 - DEBUG - 自動保存已禁用，跳過配置保存
2025-08-15 22:59:09,152 - VALO360 - DEBUG - 自動保存已禁用，跳過配置保存
2025-08-15 22:59:09,152 - VALO360 - DEBUG - 自動保存已禁用，跳過配置保存
2025-08-15 22:59:09,153 - VALO360 - DEBUG - 自動保存已禁用，跳過配置保存
2025-08-15 22:59:09,153 - VALO360 - DEBUG - 自動保存已禁用，跳過配置保存
2025-08-15 22:59:09,153 - VALO360 - DEBUG - 自動保存已禁用，跳過配置保存
2025-08-15 22:59:09,153 - VALO360 - DEBUG - 自動保存已禁用，跳過配置保存
2025-08-15 22:59:09,153 - VALO360 - DEBUG - 自動保存已禁用，跳過配置保存
2025-08-15 22:59:09,154 - VALO360 - DEBUG - 自動保存已禁用，跳過配置保存
2025-08-15 22:59:09,154 - VALO360 - DEBUG - 自動保存已禁用，跳過配置保存
2025-08-15 22:59:09,154 - VALO360 - DEBUG - 自動保存已禁用，跳過配置保存
2025-08-15 22:59:09,154 - VALO360 - DEBUG - 自動保存已禁用，跳過配置保存
2025-08-15 22:59:09,154 - VALO360 - DEBUG - 自動保存已禁用，跳過配置保存
2025-08-15 22:59:09,154 - VALO360 - DEBUG - 自動保存已禁用，跳過配置保存
2025-08-15 22:59:09,155 - VALO360 - DEBUG - 自動保存已禁用，跳過配置保存
2025-08-15 22:59:09,155 - VALO360 - DEBUG - 自動保存已禁用，跳過配置保存
2025-08-15 22:59:09,155 - VALO360 - DEBUG - 自動保存已禁用，跳過配置保存
2025-08-15 22:59:09,155 - VALO360 - DEBUG - 自動保存已禁用，跳過配置保存
2025-08-15 22:59:09,155 - VALO360 - DEBUG - 自動保存已禁用，跳過配置保存
2025-08-15 22:59:09,155 - VALO360 - DEBUG - 自動保存已禁用，跳過配置保存
2025-08-15 22:59:09,156 - VALO360 - DEBUG - 自動保存已禁用，跳過配置保存
2025-08-15 22:59:09,156 - VALO360 - DEBUG - 自動保存已禁用，跳過配置保存
2025-08-15 22:59:09,156 - VALO360 - DEBUG - 自動保存已禁用，跳過配置保存
2025-08-15 22:59:09,156 - VALO360 - DEBUG - 自動保存已禁用，跳過配置保存
2025-08-15 22:59:09,156 - VALO360 - DEBUG - 自動保存已禁用，跳過配置保存
2025-08-15 22:59:09,156 - VALO360 - DEBUG - 自動保存已禁用，跳過配置保存
2025-08-15 22:59:09,157 - VALO360 - DEBUG - 自動保存已禁用，跳過配置保存
2025-08-15 22:59:09,157 - VALO360 - DEBUG - 自動保存已禁用，跳過配置保存
2025-08-15 22:59:09,157 - VALO360 - DEBUG - 自動保存已禁用，跳過配置保存
2025-08-15 22:59:09,157 - VALO360 - DEBUG - 自動保存已禁用，跳過配置保存
2025-08-15 22:59:09,157 - VALO360 - DEBUG - 自動保存已禁用，跳過配置保存
2025-08-15 22:59:09,157 - VALO360 - DEBUG - 自動保存已禁用，跳過配置保存
2025-08-15 22:59:09,158 - VALO360 - DEBUG - 自動保存已禁用，跳過配置保存
2025-08-15 22:59:09,158 - VALO360 - DEBUG - 自動保存已禁用，跳過配置保存
2025-08-15 22:59:09,158 - VALO360 - DEBUG - 自動保存已禁用，跳過配置保存
2025-08-15 22:59:09,158 - VALO360 - DEBUG - 自動保存已禁用，跳過配置保存
2025-08-15 22:59:09,158 - VALO360 - DEBUG - 自動保存已禁用，跳過配置保存
2025-08-15 22:59:09,159 - VALO360 - DEBUG - 自動保存已禁用，跳過配置保存
2025-08-15 22:59:09,159 - VALO360 - DEBUG - 自動保存已禁用，跳過配置保存
2025-08-15 22:59:09,159 - VALO360 - DEBUG - 自動保存已禁用，跳過配置保存
2025-08-15 22:59:09,159 - VALO360 - DEBUG - 自動保存已禁用，跳過配置保存
2025-08-15 22:59:09,159 - VALO360 - DEBUG - 自動保存已禁用，跳過配置保存
2025-08-15 22:59:09,159 - VALO360 - DEBUG - 自動保存已禁用，跳過配置保存
2025-08-15 22:59:09,159 - VALO360 - DEBUG - 自動保存已禁用，跳過配置保存
2025-08-15 22:59:09,160 - VALO360 - DEBUG - 自動保存已禁用，跳過配置保存
2025-08-15 22:59:09,160 - VALO360 - DEBUG - 自動保存已禁用，跳過配置保存
2025-08-15 22:59:09,160 - VALO360 - DEBUG - 自動保存已禁用，跳過配置保存
2025-08-15 22:59:09,160 - VALO360 - DEBUG - 自動保存已禁用，跳過配置保存
2025-08-15 22:59:09,160 - VALO360 - DEBUG - 自動保存已禁用，跳過配置保存
2025-08-15 22:59:09,161 - VALO360 - DEBUG - 自動保存已禁用，跳過配置保存
2025-08-15 22:59:09,161 - VALO360 - DEBUG - 自動保存已禁用，跳過配置保存
2025-08-15 22:59:09,161 - VALO360 - DEBUG - 自動保存已禁用，跳過配置保存
2025-08-15 22:59:09,161 - VALO360 - DEBUG - 自動保存已禁用，跳過配置保存
2025-08-15 22:59:09,161 - VALO360 - DEBUG - 自動保存已禁用，跳過配置保存
2025-08-15 22:59:09,161 - VALO360 - DEBUG - 自動保存已禁用，跳過配置保存
2025-08-15 22:59:09,162 - VALO360 - DEBUG - 自動保存已禁用，跳過配置保存
2025-08-15 22:59:09,162 - VALO360 - DEBUG - 自動保存已禁用，跳過配置保存
2025-08-15 22:59:09,162 - VALO360 - DEBUG - 自動保存已禁用，跳過配置保存
2025-08-15 22:59:09,162 - VALO360 - DEBUG - 自動保存已禁用，跳過配置保存
2025-08-15 22:59:09,162 - VALO360 - DEBUG - 自動保存已禁用，跳過配置保存
2025-08-15 22:59:09,163 - VALO360 - DEBUG - 自動保存已禁用，跳過配置保存
2025-08-15 22:59:09,163 - VALO360 - DEBUG - 自動保存已禁用，跳過配置保存
2025-08-15 22:59:09,163 - VALO360 - DEBUG - 自動保存已禁用，跳過配置保存
2025-08-15 22:59:09,163 - VALO360 - DEBUG - 自動保存已禁用，跳過配置保存
2025-08-15 22:59:09,163 - VALO360 - DEBUG - 自動保存已禁用，跳過配置保存
2025-08-15 22:59:09,163 - VALO360 - DEBUG - 自動保存已禁用，跳過配置保存
2025-08-15 22:59:09,164 - VALO360 - DEBUG - 自動保存已禁用，跳過配置保存
2025-08-15 22:59:09,164 - VALO360 - DEBUG - 自動保存已禁用，跳過配置保存
2025-08-15 22:59:09,164 - VALO360 - DEBUG - 自動保存已禁用，跳過配置保存
2025-08-15 22:59:09,164 - VALO360 - DEBUG - 自動保存已禁用，跳過配置保存
2025-08-15 22:59:09,164 - VALO360 - DEBUG - 自動保存已禁用，跳過配置保存
2025-08-15 22:59:09,164 - VALO360 - DEBUG - 自動保存已禁用，跳過配置保存
2025-08-15 22:59:09,165 - VALO360 - DEBUG - 自動保存已禁用，跳過配置保存
2025-08-15 22:59:09,165 - VALO360 - DEBUG - 自動保存已禁用，跳過配置保存
2025-08-15 22:59:09,165 - VALO360 - DEBUG - 自動保存已禁用，跳過配置保存
2025-08-15 22:59:09,165 - VALO360 - DEBUG - 自動保存已禁用，跳過配置保存
2025-08-15 22:59:09,165 - VALO360 - DEBUG - 自動保存已禁用，跳過配置保存
2025-08-15 22:59:09,166 - VALO360 - DEBUG - 自動保存已禁用，跳過配置保存
2025-08-15 22:59:09,166 - VALO360 - DEBUG - 自動保存已禁用，跳過配置保存
2025-08-15 22:59:09,166 - VALO360 - DEBUG - 自動保存已禁用，跳過配置保存
2025-08-15 22:59:09,166 - VALO360 - DEBUG - 自動保存已禁用，跳過配置保存
2025-08-15 22:59:09,166 - VALO360 - DEBUG - 自動保存已禁用，跳過配置保存
2025-08-15 22:59:09,166 - VALO360 - DEBUG - 自動保存已禁用，跳過配置保存
2025-08-15 22:59:09,167 - VALO360 - DEBUG - 自動保存已禁用，跳過配置保存
2025-08-15 22:59:09,167 - VALO360 - DEBUG - 自動保存已禁用，跳過配置保存
2025-08-15 22:59:09,167 - VALO360 - DEBUG - 自動保存已禁用，跳過配置保存
2025-08-15 22:59:09,167 - VALO360 - DEBUG - 自動保存已禁用，跳過配置保存
2025-08-15 22:59:09,167 - VALO360 - DEBUG - 自動保存已禁用，跳過配置保存
2025-08-15 22:59:09,168 - VALO360 - DEBUG - 自動保存已禁用，跳過配置保存
2025-08-15 22:59:09,168 - VALO360 - DEBUG - 自動保存已禁用，跳過配置保存
2025-08-15 22:59:09,168 - VALO360 - DEBUG - 自動保存已禁用，跳過配置保存
2025-08-15 22:59:09,168 - VALO360 - DEBUG - 自動保存已禁用，跳過配置保存
2025-08-15 22:59:09,168 - VALO360 - DEBUG - 自動保存已禁用，跳過配置保存
2025-08-15 22:59:09,168 - VALO360 - DEBUG - 自動保存已禁用，跳過配置保存
2025-08-15 22:59:09,169 - VALO360 - DEBUG - 自動保存已禁用，跳過配置保存
2025-08-15 22:59:09,169 - VALO360 - DEBUG - 自動保存已禁用，跳過配置保存
2025-08-15 22:59:09,169 - VALO360 - DEBUG - 自動保存已禁用，跳過配置保存
2025-08-15 22:59:09,169 - VALO360 - DEBUG - 自動保存已禁用，跳過配置保存
2025-08-15 22:59:09,169 - VALO360 - DEBUG - 自動保存已禁用，跳過配置保存
2025-08-15 22:59:09,169 - VALO360 - DEBUG - 自動保存已禁用，跳過配置保存
2025-08-15 22:59:09,170 - VALO360 - DEBUG - 自動保存已禁用，跳過配置保存
2025-08-15 22:59:09,170 - VALO360 - DEBUG - 自動保存已禁用，跳過配置保存
2025-08-15 22:59:09,170 - VALO360 - DEBUG - 自動保存已禁用，跳過配置保存
2025-08-15 22:59:09,170 - VALO360 - DEBUG - 自動保存已禁用，跳過配置保存
2025-08-15 22:59:09,170 - VALO360 - DEBUG - 自動保存已禁用，跳過配置保存
2025-08-15 22:59:09,170 - VALO360 - DEBUG - 自動保存已禁用，跳過配置保存
2025-08-15 22:59:09,171 - VALO360 - DEBUG - 自動保存已禁用，跳過配置保存
2025-08-15 22:59:09,171 - VALO360 - DEBUG - 自動保存已禁用，跳過配置保存
2025-08-15 22:59:09,171 - VALO360 - DEBUG - 自動保存已禁用，跳過配置保存
2025-08-15 22:59:09,171 - VALO360 - DEBUG - 自動保存已禁用，跳過配置保存
2025-08-15 22:59:09,171 - VALO360 - DEBUG - 自動保存已禁用，跳過配置保存
2025-08-15 22:59:09,171 - VALO360 - DEBUG - 自動保存已禁用，跳過配置保存
2025-08-15 22:59:09,172 - VALO360 - DEBUG - 自動保存已禁用，跳過配置保存
2025-08-15 22:59:09,172 - VALO360 - DEBUG - 自動保存已禁用，跳過配置保存
2025-08-15 22:59:09,172 - VALO360 - DEBUG - 自動保存已禁用，跳過配置保存
2025-08-15 22:59:09,172 - VALO360 - DEBUG - 自動保存已禁用，跳過配置保存
2025-08-15 22:59:09,172 - VALO360 - DEBUG - 自動保存已禁用，跳過配置保存
2025-08-15 22:59:09,173 - VALO360 - DEBUG - 自動保存已禁用，跳過配置保存
2025-08-15 22:59:09,173 - VALO360 - DEBUG - 自動保存已禁用，跳過配置保存
2025-08-15 22:59:09,173 - VALO360 - DEBUG - 自動保存已禁用，跳過配置保存
2025-08-15 22:59:09,173 - VALO360 - DEBUG - 自動保存已禁用，跳過配置保存
2025-08-15 22:59:09,173 - VALO360 - DEBUG - 自動保存已禁用，跳過配置保存
2025-08-15 22:59:09,173 - VALO360 - DEBUG - 自動保存已禁用，跳過配置保存
2025-08-15 22:59:09,173 - VALO360 - DEBUG - 自動保存已禁用，跳過配置保存
2025-08-15 22:59:09,174 - VALO360 - DEBUG - 自動保存已禁用，跳過配置保存
2025-08-15 22:59:09,174 - VALO360 - DEBUG - 自動保存已禁用，跳過配置保存
2025-08-15 22:59:09,174 - VALO360 - DEBUG - 自動保存已禁用，跳過配置保存
2025-08-15 22:59:09,174 - VALO360 - DEBUG - 自動保存已禁用，跳過配置保存
2025-08-15 22:59:09,174 - VALO360 - DEBUG - 自動保存已禁用，跳過配置保存
2025-08-15 22:59:09,175 - VALO360 - DEBUG - 自動保存已禁用，跳過配置保存
2025-08-15 22:59:09,175 - VALO360 - DEBUG - 自動保存已禁用，跳過配置保存
2025-08-15 22:59:09,175 - VALO360 - DEBUG - 自動保存已禁用，跳過配置保存
2025-08-15 22:59:09,175 - VALO360 - DEBUG - 自動保存已禁用，跳過配置保存
2025-08-15 22:59:09,175 - VALO360 - DEBUG - 自動保存已禁用，跳過配置保存
2025-08-15 22:59:09,175 - VALO360 - DEBUG - 自動保存已禁用，跳過配置保存
2025-08-15 22:59:09,175 - VALO360 - DEBUG - 自動保存已禁用，跳過配置保存
2025-08-15 22:59:09,176 - VALO360 - DEBUG - 自動保存已禁用，跳過配置保存
2025-08-15 22:59:09,176 - VALO360 - DEBUG - 自動保存已禁用，跳過配置保存
2025-08-15 22:59:09,176 - VALO360 - DEBUG - 自動保存已禁用，跳過配置保存
2025-08-15 22:59:09,176 - VALO360 - DEBUG - 自動保存已禁用，跳過配置保存
2025-08-15 22:59:09,176 - VALO360 - DEBUG - 自動保存已禁用，跳過配置保存
2025-08-15 22:59:09,177 - VALO360 - DEBUG - 自動保存已禁用，跳過配置保存
2025-08-15 22:59:09,177 - VALO360 - DEBUG - 自動保存已禁用，跳過配置保存
2025-08-15 22:59:09,177 - VALO360 - DEBUG - 自動保存已禁用，跳過配置保存
2025-08-15 22:59:09,177 - VALO360 - DEBUG - 自動保存已禁用，跳過配置保存
2025-08-15 22:59:09,177 - VALO360 - DEBUG - 自動保存已禁用，跳過配置保存
2025-08-15 22:59:09,177 - VALO360 - DEBUG - 自動保存已禁用，跳過配置保存
2025-08-15 22:59:09,178 - VALO360 - DEBUG - 自動保存已禁用，跳過配置保存
2025-08-15 22:59:09,178 - VALO360 - DEBUG - 自動保存已禁用，跳過配置保存
2025-08-15 22:59:09,178 - VALO360 - DEBUG - 自動保存已禁用，跳過配置保存
2025-08-15 22:59:09,178 - VALO360 - DEBUG - 自動保存已禁用，跳過配置保存
2025-08-15 22:59:09,178 - VALO360 - DEBUG - 自動保存已禁用，跳過配置保存
2025-08-15 22:59:09,179 - VALO360 - DEBUG - 自動保存已禁用，跳過配置保存
2025-08-15 22:59:09,179 - VALO360 - DEBUG - 自動保存已禁用，跳過配置保存
2025-08-15 22:59:09,179 - VALO360 - DEBUG - 自動保存已禁用，跳過配置保存
2025-08-15 22:59:09,179 - VALO360 - DEBUG - 自動保存已禁用，跳過配置保存
2025-08-15 22:59:09,179 - VALO360 - DEBUG - 自動保存已禁用，跳過配置保存
2025-08-15 22:59:09,179 - VALO360 - DEBUG - 自動保存已禁用，跳過配置保存
2025-08-15 22:59:09,180 - VALO360 - DEBUG - 自動保存已禁用，跳過配置保存
2025-08-15 22:59:09,180 - VALO360 - DEBUG - 自動保存已禁用，跳過配置保存
2025-08-15 22:59:09,180 - VALO360 - DEBUG - 自動保存已禁用，跳過配置保存
2025-08-15 22:59:09,180 - VALO360 - DEBUG - 自動保存已禁用，跳過配置保存
2025-08-15 22:59:09,180 - VALO360 - DEBUG - 自動保存已禁用，跳過配置保存
2025-08-15 22:59:09,180 - VALO360 - DEBUG - 自動保存已禁用，跳過配置保存
2025-08-15 22:59:09,181 - VALO360 - DEBUG - 自動保存已禁用，跳過配置保存
2025-08-15 22:59:09,181 - VALO360 - DEBUG - 自動保存已禁用，跳過配置保存
2025-08-15 22:59:09,181 - VALO360 - DEBUG - 自動保存已禁用，跳過配置保存
2025-08-15 22:59:09,181 - VALO360 - DEBUG - 自動保存已禁用，跳過配置保存
2025-08-15 22:59:09,181 - VALO360 - DEBUG - 自動保存已禁用，跳過配置保存
2025-08-15 22:59:09,182 - VALO360 - DEBUG - 自動保存已禁用，跳過配置保存
2025-08-15 22:59:09,182 - VALO360 - DEBUG - 自動保存已禁用，跳過配置保存
2025-08-15 22:59:09,182 - VALO360 - DEBUG - 自動保存已禁用，跳過配置保存
2025-08-15 22:59:09,182 - VALO360 - DEBUG - 自動保存已禁用，跳過配置保存
2025-08-15 22:59:09,182 - VALO360 - DEBUG - 自動保存已禁用，跳過配置保存
2025-08-15 22:59:09,182 - VALO360 - DEBUG - 自動保存已禁用，跳過配置保存
2025-08-15 22:59:09,182 - VALO360 - DEBUG - 自動保存已禁用，跳過配置保存
2025-08-15 22:59:09,183 - VALO360 - DEBUG - 自動保存已禁用，跳過配置保存
2025-08-15 22:59:09,183 - VALO360 - DEBUG - 自動保存已禁用，跳過配置保存
2025-08-15 22:59:09,183 - VALO360 - DEBUG - 自動保存已禁用，跳過配置保存
2025-08-15 22:59:09,183 - VALO360 - DEBUG - 自動保存已禁用，跳過配置保存
2025-08-15 22:59:09,184 - VALO360 - DEBUG - 自動保存已禁用，跳過配置保存
2025-08-15 22:59:09,184 - VALO360 - DEBUG - 自動保存已禁用，跳過配置保存
2025-08-15 22:59:09,184 - VALO360 - DEBUG - 自動保存已禁用，跳過配置保存
2025-08-15 22:59:09,184 - VALO360 - DEBUG - 自動保存已禁用，跳過配置保存
2025-08-15 22:59:09,184 - VALO360 - DEBUG - 自動保存已禁用，跳過配置保存
2025-08-15 22:59:09,184 - VALO360 - DEBUG - 自動保存已禁用，跳過配置保存
2025-08-15 22:59:09,185 - VALO360 - DEBUG - 自動保存已禁用，跳過配置保存
2025-08-15 22:59:09,185 - VALO360 - DEBUG - 自動保存已禁用，跳過配置保存
2025-08-15 22:59:09,185 - VALO360 - DEBUG - 自動保存已禁用，跳過配置保存
2025-08-15 22:59:09,185 - VALO360 - DEBUG - 自動保存已禁用，跳過配置保存
2025-08-15 22:59:09,185 - VALO360 - DEBUG - 自動保存已禁用，跳過配置保存
2025-08-15 22:59:09,185 - VALO360 - DEBUG - 自動保存已禁用，跳過配置保存
2025-08-15 22:59:09,186 - VALO360 - DEBUG - 自動保存已禁用，跳過配置保存
2025-08-15 22:59:09,186 - VALO360 - DEBUG - 自動保存已禁用，跳過配置保存
2025-08-15 22:59:09,186 - VALO360 - DEBUG - 自動保存已禁用，跳過配置保存
2025-08-15 22:59:09,186 - VALO360 - DEBUG - 自動保存已禁用，跳過配置保存
2025-08-15 22:59:09,186 - VALO360 - DEBUG - 自動保存已禁用，跳過配置保存
2025-08-15 22:59:09,186 - VALO360 - DEBUG - 自動保存已禁用，跳過配置保存
2025-08-15 22:59:09,187 - VALO360 - DEBUG - 自動保存已禁用，跳過配置保存
2025-08-15 22:59:09,187 - VALO360 - DEBUG - 自動保存已禁用，跳過配置保存
2025-08-15 22:59:09,187 - VALO360 - DEBUG - 自動保存已禁用，跳過配置保存
2025-08-15 22:59:09,187 - VALO360 - DEBUG - 自動保存已禁用，跳過配置保存
2025-08-15 22:59:09,187 - VALO360 - DEBUG - 自動保存已禁用，跳過配置保存
2025-08-15 22:59:09,187 - VALO360 - DEBUG - 自動保存已禁用，跳過配置保存
2025-08-15 22:59:09,188 - VALO360 - DEBUG - 自動保存已禁用，跳過配置保存
2025-08-15 22:59:09,188 - VALO360 - DEBUG - 自動保存已禁用，跳過配置保存
2025-08-15 22:59:09,188 - VALO360 - DEBUG - 自動保存已禁用，跳過配置保存
2025-08-15 22:59:09,188 - VALO360 - DEBUG - 自動保存已禁用，跳過配置保存
2025-08-15 22:59:09,188 - VALO360 - DEBUG - 自動保存已禁用，跳過配置保存
2025-08-15 22:59:09,189 - VALO360 - DEBUG - 自動保存已禁用，跳過配置保存
2025-08-15 22:59:09,189 - VALO360 - DEBUG - 自動保存已禁用，跳過配置保存
2025-08-15 22:59:09,189 - VALO360 - DEBUG - 自動保存已禁用，跳過配置保存
2025-08-15 22:59:09,189 - VALO360 - DEBUG - 自動保存已禁用，跳過配置保存
2025-08-15 22:59:09,189 - VALO360 - DEBUG - 自動保存已禁用，跳過配置保存
2025-08-15 22:59:09,189 - VALO360 - DEBUG - 自動保存已禁用，跳過配置保存
2025-08-15 22:59:09,189 - VALO360 - DEBUG - 自動保存已禁用，跳過配置保存
2025-08-15 22:59:09,190 - VALO360 - DEBUG - 自動保存已禁用，跳過配置保存
2025-08-15 22:59:09,190 - VALO360 - DEBUG - 自動保存已禁用，跳過配置保存
2025-08-15 22:59:09,190 - VALO360 - DEBUG - 自動保存已禁用，跳過配置保存
2025-08-15 22:59:09,190 - VALO360 - DEBUG - 自動保存已禁用，跳過配置保存
2025-08-15 22:59:09,190 - VALO360 - DEBUG - 自動保存已禁用，跳過配置保存
2025-08-15 22:59:09,191 - VALO360 - DEBUG - 自動保存已禁用，跳過配置保存
2025-08-15 22:59:09,191 - VALO360 - DEBUG - 自動保存已禁用，跳過配置保存
2025-08-15 22:59:09,191 - VALO360 - DEBUG - 自動保存已禁用，跳過配置保存
2025-08-15 22:59:09,191 - VALO360 - DEBUG - 自動保存已禁用，跳過配置保存
2025-08-15 22:59:09,191 - VALO360 - DEBUG - 自動保存已禁用，跳過配置保存
2025-08-15 22:59:09,191 - VALO360 - DEBUG - 自動保存已禁用，跳過配置保存
2025-08-15 22:59:09,191 - VALO360 - DEBUG - 自動保存已禁用，跳過配置保存
2025-08-15 22:59:09,192 - VALO360 - DEBUG - 自動保存已禁用，跳過配置保存
2025-08-15 22:59:09,192 - VALO360 - DEBUG - 自動保存已禁用，跳過配置保存
2025-08-15 22:59:09,192 - VALO360 - DEBUG - 自動保存已禁用，跳過配置保存
2025-08-15 22:59:09,192 - VALO360 - DEBUG - 自動保存已禁用，跳過配置保存
2025-08-15 22:59:09,192 - VALO360 - DEBUG - 自動保存已禁用，跳過配置保存
2025-08-15 22:59:09,193 - VALO360 - DEBUG - 自動保存已禁用，跳過配置保存
2025-08-15 22:59:09,193 - VALO360 - DEBUG - 自動保存已禁用，跳過配置保存
2025-08-15 22:59:09,193 - VALO360 - DEBUG - 自動保存已禁用，跳過配置保存
2025-08-15 22:59:09,193 - VALO360 - DEBUG - 自動保存已禁用，跳過配置保存
2025-08-15 22:59:09,193 - VALO360 - DEBUG - 自動保存已禁用，跳過配置保存
2025-08-15 22:59:09,193 - VALO360 - DEBUG - 自動保存已禁用，跳過配置保存
2025-08-15 22:59:09,194 - VALO360 - DEBUG - 自動保存已禁用，跳過配置保存
2025-08-15 22:59:09,194 - VALO360 - DEBUG - 自動保存已禁用，跳過配置保存
2025-08-15 22:59:09,194 - VALO360 - DEBUG - 自動保存已禁用，跳過配置保存
2025-08-15 22:59:09,194 - VALO360 - DEBUG - 自動保存已禁用，跳過配置保存
2025-08-15 22:59:09,195 - VALO360 - DEBUG - 自動保存已禁用，跳過配置保存
2025-08-15 22:59:09,195 - VALO360 - DEBUG - 自動保存已禁用，跳過配置保存
2025-08-15 22:59:09,195 - VALO360 - DEBUG - 自動保存已禁用，跳過配置保存
2025-08-15 22:59:09,195 - VALO360 - DEBUG - 自動保存已禁用，跳過配置保存
2025-08-15 22:59:09,195 - VALO360 - DEBUG - 自動保存已禁用，跳過配置保存
2025-08-15 22:59:09,196 - VALO360 - DEBUG - 自動保存已禁用，跳過配置保存
2025-08-15 22:59:09,196 - VALO360 - DEBUG - 自動保存已禁用，跳過配置保存
2025-08-15 22:59:09,196 - VALO360 - DEBUG - 自動保存已禁用，跳過配置保存
2025-08-15 22:59:09,196 - VALO360 - DEBUG - 自動保存已禁用，跳過配置保存
2025-08-15 22:59:09,196 - VALO360 - DEBUG - 自動保存已禁用，跳過配置保存
2025-08-15 22:59:09,196 - VALO360 - DEBUG - 自動保存已禁用，跳過配置保存
2025-08-15 22:59:09,197 - VALO360 - DEBUG - 自動保存已禁用，跳過配置保存
2025-08-15 22:59:09,197 - VALO360 - DEBUG - 自動保存已禁用，跳過配置保存
2025-08-15 22:59:09,197 - VALO360 - DEBUG - 自動保存已禁用，跳過配置保存
2025-08-15 22:59:09,197 - VALO360 - DEBUG - 自動保存已禁用，跳過配置保存
2025-08-15 22:59:09,197 - VALO360 - DEBUG - 自動保存已禁用，跳過配置保存
2025-08-15 22:59:09,197 - VALO360 - DEBUG - 自動保存已禁用，跳過配置保存
2025-08-15 22:59:09,198 - VALO360 - DEBUG - 自動保存已禁用，跳過配置保存
2025-08-15 22:59:09,198 - VALO360 - DEBUG - 自動保存已禁用，跳過配置保存
2025-08-15 22:59:09,198 - VALO360 - DEBUG - 自動保存已禁用，跳過配置保存
2025-08-15 22:59:09,198 - VALO360 - DEBUG - 自動保存已禁用，跳過配置保存
2025-08-15 22:59:09,198 - VALO360 - DEBUG - 自動保存已禁用，跳過配置保存
2025-08-15 22:59:09,198 - VALO360 - DEBUG - 自動保存已禁用，跳過配置保存
2025-08-15 22:59:09,199 - VALO360 - DEBUG - 自動保存已禁用，跳過配置保存
2025-08-15 22:59:09,199 - VALO360 - DEBUG - 自動保存已禁用，跳過配置保存
2025-08-15 22:59:09,199 - VALO360 - DEBUG - 自動保存已禁用，跳過配置保存
2025-08-15 22:59:09,199 - VALO360 - DEBUG - 自動保存已禁用，跳過配置保存
2025-08-15 22:59:09,199 - VALO360 - DEBUG - 自動保存已禁用，跳過配置保存
2025-08-15 22:59:09,199 - VALO360 - DEBUG - 自動保存已禁用，跳過配置保存
2025-08-15 22:59:09,200 - VALO360 - DEBUG - 自動保存已禁用，跳過配置保存
2025-08-15 22:59:09,200 - VALO360 - DEBUG - 自動保存已禁用，跳過配置保存
2025-08-15 22:59:09,200 - VALO360 - DEBUG - 自動保存已禁用，跳過配置保存
2025-08-15 22:59:09,200 - VALO360 - DEBUG - 自動保存已禁用，跳過配置保存
2025-08-15 22:59:09,201 - VALO360 - DEBUG - 自動保存已禁用，跳過配置保存
2025-08-15 22:59:09,201 - VALO360 - DEBUG - 自動保存已禁用，跳過配置保存
2025-08-15 22:59:09,201 - VALO360 - DEBUG - 自動保存已禁用，跳過配置保存
2025-08-15 22:59:09,201 - VALO360 - DEBUG - 自動保存已禁用，跳過配置保存
2025-08-15 22:59:09,201 - VALO360 - DEBUG - 自動保存已禁用，跳過配置保存
2025-08-15 22:59:09,201 - VALO360 - DEBUG - 自動保存已禁用，跳過配置保存
2025-08-15 22:59:09,201 - VALO360 - DEBUG - 自動保存已禁用，跳過配置保存
2025-08-15 22:59:09,202 - VALO360 - DEBUG - 自動保存已禁用，跳過配置保存
2025-08-15 22:59:09,202 - VALO360 - DEBUG - 自動保存已禁用，跳過配置保存
2025-08-15 22:59:09,202 - VALO360 - DEBUG - 自動保存已禁用，跳過配置保存
2025-08-15 22:59:09,202 - VALO360 - DEBUG - 自動保存已禁用，跳過配置保存
2025-08-15 22:59:09,202 - VALO360 - DEBUG - 自動保存已禁用，跳過配置保存
2025-08-15 22:59:09,203 - VALO360 - DEBUG - 自動保存已禁用，跳過配置保存
2025-08-15 22:59:09,203 - VALO360 - DEBUG - 自動保存已禁用，跳過配置保存
2025-08-15 22:59:09,203 - VALO360 - DEBUG - 自動保存已禁用，跳過配置保存
2025-08-15 22:59:09,203 - VALO360 - DEBUG - 自動保存已禁用，跳過配置保存
2025-08-15 22:59:09,203 - VALO360 - DEBUG - 自動保存已禁用，跳過配置保存
2025-08-15 22:59:09,204 - VALO360 - DEBUG - 自動保存已禁用，跳過配置保存
2025-08-15 22:59:09,204 - VALO360 - DEBUG - 自動保存已禁用，跳過配置保存
2025-08-15 22:59:09,204 - VALO360 - DEBUG - 自動保存已禁用，跳過配置保存
2025-08-15 22:59:09,204 - VALO360 - DEBUG - 自動保存已禁用，跳過配置保存
2025-08-15 22:59:09,204 - VALO360 - DEBUG - 自動保存已禁用，跳過配置保存
2025-08-15 22:59:09,204 - VALO360 - DEBUG - 自動保存已禁用，跳過配置保存
2025-08-15 22:59:09,205 - VALO360 - DEBUG - 自動保存已禁用，跳過配置保存
2025-08-15 22:59:09,205 - VALO360 - DEBUG - 自動保存已禁用，跳過配置保存
2025-08-15 22:59:09,205 - VALO360 - DEBUG - 自動保存已禁用，跳過配置保存
2025-08-15 22:59:09,205 - VALO360 - DEBUG - 自動保存已禁用，跳過配置保存
2025-08-15 22:59:09,205 - VALO360 - DEBUG - 自動保存已禁用，跳過配置保存
2025-08-15 22:59:09,206 - VALO360 - DEBUG - 自動保存已禁用，跳過配置保存
2025-08-15 22:59:09,206 - VALO360 - DEBUG - 自動保存已禁用，跳過配置保存
2025-08-15 22:59:09,206 - VALO360 - DEBUG - 自動保存已禁用，跳過配置保存
2025-08-15 22:59:09,206 - VALO360 - DEBUG - 自動保存已禁用，跳過配置保存
2025-08-15 22:59:09,206 - VALO360 - DEBUG - 自動保存已禁用，跳過配置保存
2025-08-15 22:59:09,206 - VALO360 - DEBUG - 自動保存已禁用，跳過配置保存
2025-08-15 22:59:09,207 - VALO360 - DEBUG - 自動保存已禁用，跳過配置保存
2025-08-15 22:59:09,207 - VALO360 - DEBUG - 自動保存已禁用，跳過配置保存
2025-08-15 22:59:09,207 - VALO360 - DEBUG - 自動保存已禁用，跳過配置保存
2025-08-15 22:59:09,207 - VALO360 - DEBUG - 自動保存已禁用，跳過配置保存
2025-08-15 22:59:09,207 - VALO360 - DEBUG - 自動保存已禁用，跳過配置保存
2025-08-15 22:59:09,207 - VALO360 - DEBUG - 自動保存已禁用，跳過配置保存
2025-08-15 22:59:09,208 - VALO360 - DEBUG - 自動保存已禁用，跳過配置保存
2025-08-15 22:59:09,208 - VALO360 - DEBUG - 自動保存已禁用，跳過配置保存
2025-08-15 22:59:09,208 - VALO360 - DEBUG - 自動保存已禁用，跳過配置保存
2025-08-15 22:59:09,208 - VALO360 - DEBUG - 自動保存已禁用，跳過配置保存
2025-08-15 22:59:09,208 - VALO360 - DEBUG - 自動保存已禁用，跳過配置保存
2025-08-15 22:59:09,208 - VALO360 - DEBUG - 自動保存已禁用，跳過配置保存
2025-08-15 22:59:09,209 - VALO360 - DEBUG - 自動保存已禁用，跳過配置保存
2025-08-15 22:59:09,209 - VALO360 - DEBUG - 自動保存已禁用，跳過配置保存
2025-08-15 22:59:09,209 - VALO360 - DEBUG - 自動保存已禁用，跳過配置保存
2025-08-15 22:59:09,209 - VALO360 - DEBUG - 自動保存已禁用，跳過配置保存
2025-08-15 22:59:09,209 - VALO360 - DEBUG - 自動保存已禁用，跳過配置保存
2025-08-15 22:59:09,209 - VALO360 - DEBUG - 自動保存已禁用，跳過配置保存
2025-08-15 22:59:09,210 - VALO360 - DEBUG - 自動保存已禁用，跳過配置保存
2025-08-15 22:59:09,210 - VALO360 - DEBUG - 自動保存已禁用，跳過配置保存
2025-08-15 22:59:09,210 - VALO360 - DEBUG - 自動保存已禁用，跳過配置保存
2025-08-15 22:59:09,210 - VALO360 - DEBUG - 自動保存已禁用，跳過配置保存
2025-08-15 22:59:09,211 - VALO360 - DEBUG - 自動保存已禁用，跳過配置保存
2025-08-15 22:59:09,211 - VALO360 - DEBUG - 自動保存已禁用，跳過配置保存
2025-08-15 22:59:09,211 - VALO360 - DEBUG - 自動保存已禁用，跳過配置保存
2025-08-15 22:59:09,211 - VALO360 - DEBUG - 自動保存已禁用，跳過配置保存
2025-08-15 22:59:09,211 - VALO360 - DEBUG - 自動保存已禁用，跳過配置保存
2025-08-15 22:59:09,212 - VALO360 - DEBUG - 自動保存已禁用，跳過配置保存
2025-08-15 22:59:09,212 - VALO360 - DEBUG - 自動保存已禁用，跳過配置保存
2025-08-15 22:59:09,212 - VALO360 - DEBUG - 自動保存已禁用，跳過配置保存
2025-08-15 22:59:09,212 - VALO360 - DEBUG - 自動保存已禁用，跳過配置保存
2025-08-15 22:59:09,212 - VALO360 - DEBUG - 自動保存已禁用，跳過配置保存
2025-08-15 22:59:09,212 - VALO360 - DEBUG - 自動保存已禁用，跳過配置保存
2025-08-15 22:59:09,213 - VALO360 - DEBUG - 自動保存已禁用，跳過配置保存
2025-08-15 22:59:09,213 - VALO360 - DEBUG - 自動保存已禁用，跳過配置保存
2025-08-15 22:59:09,213 - VALO360 - DEBUG - 自動保存已禁用，跳過配置保存
2025-08-15 22:59:09,213 - VALO360 - DEBUG - 自動保存已禁用，跳過配置保存
2025-08-15 22:59:09,213 - VALO360 - DEBUG - 自動保存已禁用，跳過配置保存
2025-08-15 22:59:09,214 - VALO360 - DEBUG - 自動保存已禁用，跳過配置保存
2025-08-15 22:59:09,214 - VALO360 - DEBUG - 自動保存已禁用，跳過配置保存
2025-08-15 22:59:09,214 - VALO360 - DEBUG - 自動保存已禁用，跳過配置保存
2025-08-15 22:59:09,214 - VALO360 - DEBUG - 自動保存已禁用，跳過配置保存
2025-08-15 22:59:09,214 - VALO360 - DEBUG - 自動保存已禁用，跳過配置保存
2025-08-15 22:59:09,214 - VALO360 - DEBUG - 自動保存已禁用，跳過配置保存
2025-08-15 22:59:09,215 - VALO360 - DEBUG - 自動保存已禁用，跳過配置保存
2025-08-15 22:59:09,215 - VALO360 - DEBUG - 自動保存已禁用，跳過配置保存
2025-08-15 22:59:09,215 - VALO360 - DEBUG - 自動保存已禁用，跳過配置保存
2025-08-15 22:59:09,215 - VALO360 - DEBUG - 自動保存已禁用，跳過配置保存
2025-08-15 22:59:09,215 - VALO360 - DEBUG - 自動保存已禁用，跳過配置保存
2025-08-15 22:59:09,215 - VALO360 - DEBUG - 自動保存已禁用，跳過配置保存
2025-08-15 22:59:09,216 - VALO360 - DEBUG - 自動保存已禁用，跳過配置保存
2025-08-15 22:59:09,216 - VALO360 - DEBUG - 自動保存已禁用，跳過配置保存
2025-08-15 22:59:09,216 - VALO360 - DEBUG - 自動保存已禁用，跳過配置保存
2025-08-15 22:59:09,216 - VALO360 - DEBUG - 自動保存已禁用，跳過配置保存
2025-08-15 22:59:09,217 - VALO360 - DEBUG - 自動保存已禁用，跳過配置保存
2025-08-15 22:59:09,217 - VALO360 - DEBUG - 自動保存已禁用，跳過配置保存
2025-08-15 22:59:09,217 - VALO360 - DEBUG - 自動保存已禁用，跳過配置保存
2025-08-15 22:59:09,217 - VALO360 - DEBUG - 自動保存已禁用，跳過配置保存
2025-08-15 22:59:09,217 - VALO360 - DEBUG - 自動保存已禁用，跳過配置保存
2025-08-15 22:59:09,217 - VALO360 - DEBUG - 自動保存已禁用，跳過配置保存
2025-08-15 22:59:09,218 - VALO360 - DEBUG - 自動保存已禁用，跳過配置保存
2025-08-15 22:59:09,218 - VALO360 - DEBUG - 自動保存已禁用，跳過配置保存
2025-08-15 22:59:09,218 - VALO360 - DEBUG - 自動保存已禁用，跳過配置保存
2025-08-15 22:59:09,218 - VALO360 - DEBUG - 自動保存已禁用，跳過配置保存
2025-08-15 22:59:09,218 - VALO360 - DEBUG - 自動保存已禁用，跳過配置保存
2025-08-15 22:59:09,218 - VALO360 - DEBUG - 自動保存已禁用，跳過配置保存
2025-08-15 22:59:09,219 - VALO360 - DEBUG - 自動保存已禁用，跳過配置保存
2025-08-15 22:59:09,219 - VALO360 - DEBUG - 自動保存已禁用，跳過配置保存
2025-08-15 22:59:09,219 - VALO360 - DEBUG - 自動保存已禁用，跳過配置保存
2025-08-15 22:59:09,219 - VALO360 - DEBUG - 自動保存已禁用，跳過配置保存
2025-08-15 22:59:09,219 - VALO360 - DEBUG - 自動保存已禁用，跳過配置保存
2025-08-15 22:59:09,220 - VALO360 - DEBUG - 自動保存已禁用，跳過配置保存
2025-08-15 22:59:09,220 - VALO360 - DEBUG - 自動保存已禁用，跳過配置保存
2025-08-15 22:59:09,220 - VALO360 - DEBUG - 自動保存已禁用，跳過配置保存
2025-08-15 22:59:09,220 - VALO360 - DEBUG - 自動保存已禁用，跳過配置保存
2025-08-15 22:59:09,220 - VALO360 - DEBUG - 自動保存已禁用，跳過配置保存
2025-08-15 22:59:09,220 - VALO360 - DEBUG - 自動保存已禁用，跳過配置保存
2025-08-15 22:59:09,220 - VALO360 - DEBUG - 自動保存已禁用，跳過配置保存
2025-08-15 22:59:09,221 - VALO360 - DEBUG - 自動保存已禁用，跳過配置保存
2025-08-15 22:59:09,221 - VALO360 - DEBUG - 自動保存已禁用，跳過配置保存
2025-08-15 22:59:09,221 - VALO360 - DEBUG - 自動保存已禁用，跳過配置保存
2025-08-15 22:59:09,221 - VALO360 - DEBUG - 自動保存已禁用，跳過配置保存
2025-08-15 22:59:09,221 - VALO360 - DEBUG - 自動保存已禁用，跳過配置保存
2025-08-15 22:59:09,222 - VALO360 - DEBUG - 自動保存已禁用，跳過配置保存
2025-08-15 22:59:09,222 - VALO360 - DEBUG - 自動保存已禁用，跳過配置保存
2025-08-15 22:59:09,222 - VALO360 - DEBUG - 自動保存已禁用，跳過配置保存
2025-08-15 22:59:09,222 - VALO360 - DEBUG - 自動保存已禁用，跳過配置保存
2025-08-15 22:59:09,222 - VALO360 - DEBUG - 自動保存已禁用，跳過配置保存
2025-08-15 22:59:09,222 - VALO360 - DEBUG - 自動保存已禁用，跳過配置保存
2025-08-15 22:59:09,223 - VALO360 - DEBUG - 自動保存已禁用，跳過配置保存
2025-08-15 22:59:09,223 - VALO360 - DEBUG - 自動保存已禁用，跳過配置保存
2025-08-15 22:59:09,223 - VALO360 - DEBUG - 自動保存已禁用，跳過配置保存
2025-08-15 22:59:09,223 - VALO360 - DEBUG - 自動保存已禁用，跳過配置保存
2025-08-15 22:59:09,223 - VALO360 - DEBUG - 自動保存已禁用，跳過配置保存
2025-08-15 22:59:09,224 - VALO360 - DEBUG - 自動保存已禁用，跳過配置保存
2025-08-15 22:59:09,224 - VALO360 - DEBUG - 自動保存已禁用，跳過配置保存
2025-08-15 22:59:09,224 - VALO360 - DEBUG - 自動保存已禁用，跳過配置保存
2025-08-15 22:59:09,224 - VALO360 - DEBUG - 自動保存已禁用，跳過配置保存
2025-08-15 22:59:09,224 - VALO360 - DEBUG - 自動保存已禁用，跳過配置保存
2025-08-15 22:59:09,225 - VALO360 - DEBUG - 自動保存已禁用，跳過配置保存
2025-08-15 22:59:09,225 - VALO360 - DEBUG - 自動保存已禁用，跳過配置保存
2025-08-15 22:59:09,225 - VALO360 - DEBUG - 自動保存已禁用，跳過配置保存
2025-08-15 22:59:09,225 - VALO360 - DEBUG - 自動保存已禁用，跳過配置保存
2025-08-15 22:59:09,225 - VALO360 - DEBUG - 自動保存已禁用，跳過配置保存
2025-08-15 22:59:09,226 - VALO360 - DEBUG - 自動保存已禁用，跳過配置保存
2025-08-15 22:59:09,226 - VALO360 - DEBUG - 自動保存已禁用，跳過配置保存
2025-08-15 22:59:09,226 - VALO360 - DEBUG - 自動保存已禁用，跳過配置保存
2025-08-15 22:59:09,226 - VALO360 - DEBUG - 自動保存已禁用，跳過配置保存
2025-08-15 22:59:09,226 - VALO360 - DEBUG - 自動保存已禁用，跳過配置保存
2025-08-15 22:59:09,226 - VALO360 - DEBUG - 自動保存已禁用，跳過配置保存
2025-08-15 22:59:09,227 - VALO360 - DEBUG - 自動保存已禁用，跳過配置保存
2025-08-15 22:59:09,227 - VALO360 - DEBUG - 自動保存已禁用，跳過配置保存
2025-08-15 22:59:09,227 - VALO360 - DEBUG - 自動保存已禁用，跳過配置保存
2025-08-15 22:59:09,227 - VALO360 - DEBUG - 自動保存已禁用，跳過配置保存
2025-08-15 22:59:09,230 - VALO360 - DEBUG - 自動保存已禁用，跳過配置保存
2025-08-15 22:59:09,230 - VALO360 - DEBUG - 自動保存已禁用，跳過配置保存
2025-08-15 22:59:09,231 - VALO360 - DEBUG - 自動保存已禁用，跳過配置保存
2025-08-15 22:59:09,231 - VALO360 - DEBUG - 自動保存已禁用，跳過配置保存
2025-08-15 22:59:09,231 - VALO360 - DEBUG - 自動保存已禁用，跳過配置保存
2025-08-15 22:59:09,231 - VALO360 - DEBUG - 自動保存已禁用，跳過配置保存
2025-08-15 22:59:09,231 - VALO360 - DEBUG - 自動保存已禁用，跳過配置保存
2025-08-15 22:59:09,231 - VALO360 - DEBUG - 自動保存已禁用，跳過配置保存
2025-08-15 22:59:09,232 - VALO360 - DEBUG - 自動保存已禁用，跳過配置保存
2025-08-15 22:59:09,232 - VALO360 - DEBUG - 自動保存已禁用，跳過配置保存
2025-08-15 22:59:09,232 - VALO360 - DEBUG - 自動保存已禁用，跳過配置保存
2025-08-15 22:59:09,232 - VALO360 - DEBUG - 自動保存已禁用，跳過配置保存
2025-08-15 22:59:09,232 - VALO360 - DEBUG - 自動保存已禁用，跳過配置保存
2025-08-15 22:59:09,233 - VALO360 - DEBUG - 自動保存已禁用，跳過配置保存
2025-08-15 22:59:09,233 - VALO360 - DEBUG - 自動保存已禁用，跳過配置保存
2025-08-15 22:59:09,233 - VALO360 - DEBUG - 自動保存已禁用，跳過配置保存
2025-08-15 22:59:09,233 - VALO360 - DEBUG - 自動保存已禁用，跳過配置保存
2025-08-15 22:59:09,233 - VALO360 - DEBUG - 自動保存已禁用，跳過配置保存
2025-08-15 22:59:09,233 - VALO360 - DEBUG - 自動保存已禁用，跳過配置保存
2025-08-15 22:59:09,233 - VALO360 - DEBUG - 自動保存已禁用，跳過配置保存
2025-08-15 22:59:09,234 - VALO360 - DEBUG - 自動保存已禁用，跳過配置保存
2025-08-15 22:59:09,234 - VALO360 - DEBUG - 自動保存已禁用，跳過配置保存
2025-08-15 22:59:09,234 - VALO360 - DEBUG - 自動保存已禁用，跳過配置保存
2025-08-15 22:59:09,234 - VALO360 - DEBUG - 自動保存已禁用，跳過配置保存
2025-08-15 22:59:09,235 - VALO360 - DEBUG - 自動保存已禁用，跳過配置保存
2025-08-15 22:59:09,235 - VALO360 - DEBUG - 自動保存已禁用，跳過配置保存
2025-08-15 22:59:09,235 - VALO360 - DEBUG - 自動保存已禁用，跳過配置保存
2025-08-15 22:59:09,235 - VALO360 - DEBUG - 自動保存已禁用，跳過配置保存
2025-08-15 22:59:09,235 - VALO360 - DEBUG - 自動保存已禁用，跳過配置保存
2025-08-15 22:59:09,235 - VALO360 - DEBUG - 自動保存已禁用，跳過配置保存
2025-08-15 22:59:09,236 - VALO360 - DEBUG - 自動保存已禁用，跳過配置保存
2025-08-15 22:59:09,236 - VALO360 - DEBUG - 自動保存已禁用，跳過配置保存
2025-08-15 22:59:09,236 - VALO360 - DEBUG - 自動保存已禁用，跳過配置保存
2025-08-15 22:59:09,236 - VALO360 - DEBUG - 自動保存已禁用，跳過配置保存
2025-08-15 22:59:09,236 - VALO360 - DEBUG - 自動保存已禁用，跳過配置保存
2025-08-15 22:59:09,236 - VALO360 - DEBUG - 自動保存已禁用，跳過配置保存
2025-08-15 22:59:09,237 - VALO360 - DEBUG - 自動保存已禁用，跳過配置保存
2025-08-15 22:59:09,237 - VALO360 - DEBUG - 自動保存已禁用，跳過配置保存
2025-08-15 22:59:09,237 - VALO360 - DEBUG - 自動保存已禁用，跳過配置保存
2025-08-15 22:59:09,237 - VALO360 - DEBUG - 自動保存已禁用，跳過配置保存
2025-08-15 22:59:09,239 - VALO360 - DEBUG - 自動保存已禁用，跳過配置保存
2025-08-15 22:59:09,239 - VALO360 - DEBUG - 自動保存已禁用，跳過配置保存
2025-08-15 22:59:09,239 - VALO360 - DEBUG - 自動保存已禁用，跳過配置保存
2025-08-15 22:59:09,240 - VALO360 - DEBUG - 自動保存已禁用，跳過配置保存
2025-08-15 22:59:09,240 - VALO360 - DEBUG - 自動保存已禁用，跳過配置保存
2025-08-15 22:59:09,240 - VALO360 - DEBUG - 自動保存已禁用，跳過配置保存
2025-08-15 22:59:09,240 - VALO360 - DEBUG - 自動保存已禁用，跳過配置保存
2025-08-15 22:59:09,240 - VALO360 - DEBUG - 自動保存已禁用，跳過配置保存
2025-08-15 22:59:10,597 - VALO360 - DEBUG - 自動保存已禁用，跳過配置保存
2025-08-15 22:59:10,597 - VALO360 - DEBUG - 自動保存已禁用，跳過配置保存
2025-08-15 22:59:10,597 - VALO360 - DEBUG - 自動保存已禁用，跳過配置保存
2025-08-15 22:59:10,597 - VALO360 - DEBUG - 自動保存已禁用，跳過配置保存
2025-08-15 22:59:10,597 - VALO360 - DEBUG - 自動保存已禁用，跳過配置保存
2025-08-15 22:59:10,597 - VALO360 - DEBUG - 自動保存已禁用，跳過配置保存
2025-08-15 22:59:10,598 - VALO360 - DEBUG - 自動保存已禁用，跳過配置保存
2025-08-15 22:59:10,598 - VALO360 - DEBUG - 自動保存已禁用，跳過配置保存
2025-08-15 22:59:10,598 - VALO360 - DEBUG - 自動保存已禁用，跳過配置保存
2025-08-15 22:59:10,598 - VALO360 - DEBUG - 自動保存已禁用，跳過配置保存
2025-08-15 22:59:10,598 - VALO360 - DEBUG - 自動保存已禁用，跳過配置保存
2025-08-15 22:59:10,598 - VALO360 - DEBUG - 自動保存已禁用，跳過配置保存
2025-08-15 22:59:10,599 - VALO360 - DEBUG - 自動保存已禁用，跳過配置保存
2025-08-15 22:59:10,599 - VALO360 - DEBUG - 自動保存已禁用，跳過配置保存
2025-08-15 22:59:10,599 - VALO360 - DEBUG - 自動保存已禁用，跳過配置保存
2025-08-15 22:59:10,599 - VALO360 - DEBUG - 自動保存已禁用，跳過配置保存
2025-08-15 22:59:10,599 - VALO360 - DEBUG - 自動保存已禁用，跳過配置保存
2025-08-15 22:59:10,599 - VALO360 - DEBUG - 自動保存已禁用，跳過配置保存
2025-08-15 22:59:10,599 - VALO360 - DEBUG - 自動保存已禁用，跳過配置保存
2025-08-15 22:59:10,600 - VALO360 - DEBUG - 自動保存已禁用，跳過配置保存
2025-08-15 22:59:10,600 - VALO360 - DEBUG - 自動保存已禁用，跳過配置保存
2025-08-15 22:59:10,600 - VALO360 - DEBUG - 自動保存已禁用，跳過配置保存
2025-08-15 22:59:10,600 - VALO360 - DEBUG - 自動保存已禁用，跳過配置保存
2025-08-15 22:59:10,600 - VALO360 - DEBUG - 自動保存已禁用，跳過配置保存
2025-08-15 22:59:10,601 - VALO360 - DEBUG - 自動保存已禁用，跳過配置保存
2025-08-15 22:59:10,601 - VALO360 - DEBUG - 自動保存已禁用，跳過配置保存
2025-08-15 22:59:10,601 - VALO360 - DEBUG - 自動保存已禁用，跳過配置保存
2025-08-15 22:59:10,601 - VALO360 - DEBUG - 自動保存已禁用，跳過配置保存
2025-08-15 22:59:10,601 - VALO360 - DEBUG - 自動保存已禁用，跳過配置保存
2025-08-15 22:59:10,601 - VALO360 - DEBUG - 自動保存已禁用，跳過配置保存
2025-08-15 22:59:10,602 - VALO360 - DEBUG - 自動保存已禁用，跳過配置保存
2025-08-15 22:59:10,602 - VALO360 - DEBUG - 自動保存已禁用，跳過配置保存
2025-08-15 22:59:10,602 - VALO360 - DEBUG - 自動保存已禁用，跳過配置保存
2025-08-15 22:59:10,602 - VALO360 - DEBUG - 自動保存已禁用，跳過配置保存
2025-08-15 22:59:10,602 - VALO360 - DEBUG - 自動保存已禁用，跳過配置保存
2025-08-15 22:59:10,602 - VALO360 - DEBUG - 自動保存已禁用，跳過配置保存
2025-08-15 22:59:10,603 - VALO360 - DEBUG - 自動保存已禁用，跳過配置保存
2025-08-15 22:59:10,603 - VALO360 - DEBUG - 自動保存已禁用，跳過配置保存
2025-08-15 22:59:10,603 - VALO360 - DEBUG - 自動保存已禁用，跳過配置保存
2025-08-15 22:59:10,603 - VALO360 - DEBUG - 自動保存已禁用，跳過配置保存
2025-08-15 22:59:10,603 - VALO360 - DEBUG - 自動保存已禁用，跳過配置保存
2025-08-15 22:59:10,603 - VALO360 - DEBUG - 自動保存已禁用，跳過配置保存
2025-08-15 22:59:10,604 - VALO360 - DEBUG - 自動保存已禁用，跳過配置保存
2025-08-15 22:59:10,604 - VALO360 - DEBUG - 自動保存已禁用，跳過配置保存
2025-08-15 22:59:10,604 - VALO360 - DEBUG - 自動保存已禁用，跳過配置保存
2025-08-15 22:59:10,604 - VALO360 - DEBUG - 自動保存已禁用，跳過配置保存
2025-08-15 22:59:10,604 - VALO360 - DEBUG - 自動保存已禁用，跳過配置保存
2025-08-15 22:59:10,604 - VALO360 - DEBUG - 自動保存已禁用，跳過配置保存
2025-08-15 22:59:10,605 - VALO360 - DEBUG - 自動保存已禁用，跳過配置保存
2025-08-15 22:59:10,605 - VALO360 - DEBUG - 自動保存已禁用，跳過配置保存
2025-08-15 22:59:10,605 - VALO360 - DEBUG - 自動保存已禁用，跳過配置保存
2025-08-15 22:59:10,605 - VALO360 - DEBUG - 自動保存已禁用，跳過配置保存
2025-08-15 22:59:10,605 - VALO360 - DEBUG - 自動保存已禁用，跳過配置保存
2025-08-15 22:59:10,605 - VALO360 - DEBUG - 自動保存已禁用，跳過配置保存
2025-08-15 22:59:10,605 - VALO360 - DEBUG - 自動保存已禁用，跳過配置保存
2025-08-15 22:59:10,605 - VALO360 - DEBUG - 自動保存已禁用，跳過配置保存
2025-08-15 22:59:10,606 - VALO360 - DEBUG - 自動保存已禁用，跳過配置保存
2025-08-15 22:59:10,606 - VALO360 - DEBUG - 自動保存已禁用，跳過配置保存
2025-08-15 22:59:10,606 - VALO360 - DEBUG - 自動保存已禁用，跳過配置保存
2025-08-15 22:59:10,606 - VALO360 - DEBUG - 自動保存已禁用，跳過配置保存
2025-08-15 22:59:10,606 - VALO360 - DEBUG - 自動保存已禁用，跳過配置保存
2025-08-15 22:59:10,606 - VALO360 - DEBUG - 自動保存已禁用，跳過配置保存
2025-08-15 22:59:10,607 - VALO360 - DEBUG - 自動保存已禁用，跳過配置保存
2025-08-15 22:59:10,607 - VALO360 - DEBUG - 自動保存已禁用，跳過配置保存
2025-08-15 22:59:10,607 - VALO360 - DEBUG - 自動保存已禁用，跳過配置保存
2025-08-15 22:59:10,607 - VALO360 - DEBUG - 自動保存已禁用，跳過配置保存
2025-08-15 22:59:10,607 - VALO360 - DEBUG - 自動保存已禁用，跳過配置保存
2025-08-15 22:59:10,607 - VALO360 - DEBUG - 自動保存已禁用，跳過配置保存
2025-08-15 22:59:10,608 - VALO360 - DEBUG - 自動保存已禁用，跳過配置保存
2025-08-15 22:59:10,608 - VALO360 - DEBUG - 自動保存已禁用，跳過配置保存
2025-08-15 22:59:10,608 - VALO360 - DEBUG - 自動保存已禁用，跳過配置保存
2025-08-15 22:59:10,608 - VALO360 - DEBUG - 自動保存已禁用，跳過配置保存
2025-08-15 22:59:10,608 - VALO360 - DEBUG - 自動保存已禁用，跳過配置保存
2025-08-15 22:59:10,608 - VALO360 - DEBUG - 自動保存已禁用，跳過配置保存
2025-08-15 22:59:10,609 - VALO360 - DEBUG - 自動保存已禁用，跳過配置保存
2025-08-15 22:59:10,609 - VALO360 - DEBUG - 自動保存已禁用，跳過配置保存
2025-08-15 22:59:10,609 - VALO360 - DEBUG - 自動保存已禁用，跳過配置保存
2025-08-15 22:59:10,609 - VALO360 - DEBUG - 自動保存已禁用，跳過配置保存
2025-08-15 22:59:10,609 - VALO360 - DEBUG - 自動保存已禁用，跳過配置保存
2025-08-15 22:59:10,609 - VALO360 - DEBUG - 自動保存已禁用，跳過配置保存
2025-08-15 22:59:10,610 - VALO360 - DEBUG - 自動保存已禁用，跳過配置保存
2025-08-15 22:59:10,610 - VALO360 - DEBUG - 自動保存已禁用，跳過配置保存
2025-08-15 22:59:10,610 - VALO360 - DEBUG - 自動保存已禁用，跳過配置保存
2025-08-15 22:59:10,610 - VALO360 - DEBUG - 自動保存已禁用，跳過配置保存
2025-08-15 22:59:10,610 - VALO360 - DEBUG - 自動保存已禁用，跳過配置保存
2025-08-15 22:59:10,610 - VALO360 - DEBUG - 自動保存已禁用，跳過配置保存
2025-08-15 22:59:10,610 - VALO360 - DEBUG - 自動保存已禁用，跳過配置保存
2025-08-15 22:59:10,611 - VALO360 - DEBUG - 自動保存已禁用，跳過配置保存
2025-08-15 22:59:10,611 - VALO360 - DEBUG - 自動保存已禁用，跳過配置保存
2025-08-15 22:59:10,611 - VALO360 - DEBUG - 自動保存已禁用，跳過配置保存
2025-08-15 22:59:10,611 - VALO360 - DEBUG - 自動保存已禁用，跳過配置保存
2025-08-15 22:59:10,612 - VALO360 - DEBUG - 自動保存已禁用，跳過配置保存
2025-08-15 22:59:10,612 - VALO360 - DEBUG - 自動保存已禁用，跳過配置保存
2025-08-15 22:59:10,612 - VALO360 - DEBUG - 自動保存已禁用，跳過配置保存
2025-08-15 22:59:10,612 - VALO360 - DEBUG - 自動保存已禁用，跳過配置保存
2025-08-15 22:59:10,612 - VALO360 - DEBUG - 自動保存已禁用，跳過配置保存
2025-08-15 22:59:10,612 - VALO360 - DEBUG - 自動保存已禁用，跳過配置保存
2025-08-15 22:59:10,613 - VALO360 - DEBUG - 自動保存已禁用，跳過配置保存
2025-08-15 22:59:10,613 - VALO360 - DEBUG - 自動保存已禁用，跳過配置保存
2025-08-15 22:59:10,613 - VALO360 - DEBUG - 自動保存已禁用，跳過配置保存
2025-08-15 22:59:10,613 - VALO360 - DEBUG - 自動保存已禁用，跳過配置保存
2025-08-15 22:59:10,613 - VALO360 - DEBUG - 自動保存已禁用，跳過配置保存
2025-08-15 22:59:10,613 - VALO360 - DEBUG - 自動保存已禁用，跳過配置保存
2025-08-15 22:59:10,613 - VALO360 - DEBUG - 自動保存已禁用，跳過配置保存
2025-08-15 22:59:10,614 - VALO360 - DEBUG - 自動保存已禁用，跳過配置保存
2025-08-15 22:59:10,614 - VALO360 - DEBUG - 自動保存已禁用，跳過配置保存
2025-08-15 22:59:10,614 - VALO360 - DEBUG - 自動保存已禁用，跳過配置保存
2025-08-15 22:59:10,614 - VALO360 - DEBUG - 自動保存已禁用，跳過配置保存
2025-08-15 22:59:10,614 - VALO360 - DEBUG - 自動保存已禁用，跳過配置保存
2025-08-15 22:59:10,614 - VALO360 - DEBUG - 自動保存已禁用，跳過配置保存
2025-08-15 22:59:10,615 - VALO360 - DEBUG - 自動保存已禁用，跳過配置保存
2025-08-15 22:59:10,615 - VALO360 - DEBUG - 自動保存已禁用，跳過配置保存
2025-08-15 22:59:10,615 - VALO360 - DEBUG - 自動保存已禁用，跳過配置保存
2025-08-15 22:59:10,615 - VALO360 - DEBUG - 自動保存已禁用，跳過配置保存
2025-08-15 22:59:10,615 - VALO360 - DEBUG - 自動保存已禁用，跳過配置保存
2025-08-15 22:59:10,615 - VALO360 - DEBUG - 自動保存已禁用，跳過配置保存
2025-08-15 22:59:10,616 - VALO360 - DEBUG - 自動保存已禁用，跳過配置保存
2025-08-15 22:59:10,616 - VALO360 - DEBUG - 自動保存已禁用，跳過配置保存
2025-08-15 22:59:10,616 - VALO360 - DEBUG - 自動保存已禁用，跳過配置保存
2025-08-15 22:59:10,616 - VALO360 - DEBUG - 自動保存已禁用，跳過配置保存
2025-08-15 22:59:10,617 - VALO360 - DEBUG - 自動保存已禁用，跳過配置保存
2025-08-15 22:59:10,617 - VALO360 - DEBUG - 自動保存已禁用，跳過配置保存
2025-08-15 22:59:10,617 - VALO360 - DEBUG - 自動保存已禁用，跳過配置保存
2025-08-15 22:59:10,618 - VALO360 - DEBUG - 自動保存已禁用，跳過配置保存
2025-08-15 22:59:10,618 - VALO360 - DEBUG - 自動保存已禁用，跳過配置保存
2025-08-15 22:59:10,618 - VALO360 - DEBUG - 自動保存已禁用，跳過配置保存
2025-08-15 22:59:10,618 - VALO360 - DEBUG - 自動保存已禁用，跳過配置保存
2025-08-15 22:59:10,618 - VALO360 - DEBUG - 自動保存已禁用，跳過配置保存
2025-08-15 22:59:10,619 - VALO360 - DEBUG - 自動保存已禁用，跳過配置保存
2025-08-15 22:59:10,619 - VALO360 - DEBUG - 自動保存已禁用，跳過配置保存
2025-08-15 22:59:10,620 - VALO360 - DEBUG - 自動保存已禁用，跳過配置保存
2025-08-15 22:59:10,620 - VALO360 - DEBUG - 自動保存已禁用，跳過配置保存
2025-08-15 22:59:10,620 - VALO360 - DEBUG - 自動保存已禁用，跳過配置保存
2025-08-15 22:59:10,620 - VALO360 - DEBUG - 自動保存已禁用，跳過配置保存
2025-08-15 22:59:10,620 - VALO360 - DEBUG - 自動保存已禁用，跳過配置保存
2025-08-15 22:59:10,620 - VALO360 - DEBUG - 自動保存已禁用，跳過配置保存
2025-08-15 22:59:10,621 - VALO360 - DEBUG - 自動保存已禁用，跳過配置保存
2025-08-15 22:59:10,621 - VALO360 - DEBUG - 自動保存已禁用，跳過配置保存
2025-08-15 22:59:10,621 - VALO360 - DEBUG - 自動保存已禁用，跳過配置保存
2025-08-15 22:59:10,621 - VALO360 - DEBUG - 自動保存已禁用，跳過配置保存
2025-08-15 22:59:10,621 - VALO360 - DEBUG - 自動保存已禁用，跳過配置保存
2025-08-15 22:59:10,621 - VALO360 - DEBUG - 自動保存已禁用，跳過配置保存
2025-08-15 22:59:10,621 - VALO360 - DEBUG - 自動保存已禁用，跳過配置保存
2025-08-15 22:59:10,622 - VALO360 - DEBUG - 自動保存已禁用，跳過配置保存
2025-08-15 22:59:10,622 - VALO360 - DEBUG - 自動保存已禁用，跳過配置保存
2025-08-15 22:59:10,622 - VALO360 - DEBUG - 自動保存已禁用，跳過配置保存
2025-08-15 22:59:10,622 - VALO360 - DEBUG - 自動保存已禁用，跳過配置保存
2025-08-15 22:59:10,622 - VALO360 - DEBUG - 自動保存已禁用，跳過配置保存
2025-08-15 22:59:10,622 - VALO360 - DEBUG - 自動保存已禁用，跳過配置保存
2025-08-15 22:59:10,623 - VALO360 - DEBUG - 自動保存已禁用，跳過配置保存
2025-08-15 22:59:10,623 - VALO360 - DEBUG - 自動保存已禁用，跳過配置保存
2025-08-15 22:59:10,623 - VALO360 - DEBUG - 自動保存已禁用，跳過配置保存
2025-08-15 22:59:10,623 - VALO360 - DEBUG - 自動保存已禁用，跳過配置保存
2025-08-15 22:59:10,623 - VALO360 - DEBUG - 自動保存已禁用，跳過配置保存
2025-08-15 22:59:10,623 - VALO360 - DEBUG - 自動保存已禁用，跳過配置保存
2025-08-15 22:59:10,623 - VALO360 - DEBUG - 自動保存已禁用，跳過配置保存
2025-08-15 22:59:10,624 - VALO360 - DEBUG - 自動保存已禁用，跳過配置保存
2025-08-15 22:59:10,624 - VALO360 - DEBUG - 自動保存已禁用，跳過配置保存
2025-08-15 22:59:10,624 - VALO360 - DEBUG - 自動保存已禁用，跳過配置保存
2025-08-15 22:59:10,624 - VALO360 - DEBUG - 自動保存已禁用，跳過配置保存
2025-08-15 22:59:10,625 - VALO360 - DEBUG - 自動保存已禁用，跳過配置保存
2025-08-15 22:59:10,625 - VALO360 - DEBUG - 自動保存已禁用，跳過配置保存
2025-08-15 22:59:10,625 - VALO360 - DEBUG - 自動保存已禁用，跳過配置保存
2025-08-15 22:59:10,625 - VALO360 - DEBUG - 自動保存已禁用，跳過配置保存
2025-08-15 22:59:10,626 - VALO360 - DEBUG - 自動保存已禁用，跳過配置保存
2025-08-15 22:59:10,626 - VALO360 - DEBUG - 自動保存已禁用，跳過配置保存
2025-08-15 22:59:10,626 - VALO360 - DEBUG - 自動保存已禁用，跳過配置保存
2025-08-15 22:59:10,626 - VALO360 - DEBUG - 自動保存已禁用，跳過配置保存
2025-08-15 22:59:10,629 - VALO360 - DEBUG - 自動保存已禁用，跳過配置保存
2025-08-15 22:59:10,629 - VALO360 - DEBUG - 自動保存已禁用，跳過配置保存
2025-08-15 22:59:10,629 - VALO360 - DEBUG - 自動保存已禁用，跳過配置保存
2025-08-15 22:59:10,629 - VALO360 - DEBUG - 自動保存已禁用，跳過配置保存
2025-08-15 22:59:10,630 - VALO360 - DEBUG - 自動保存已禁用，跳過配置保存
2025-08-15 22:59:10,630 - VALO360 - DEBUG - 自動保存已禁用，跳過配置保存
2025-08-15 22:59:10,630 - VALO360 - DEBUG - 自動保存已禁用，跳過配置保存
2025-08-15 22:59:10,630 - VALO360 - DEBUG - 自動保存已禁用，跳過配置保存
2025-08-15 22:59:10,631 - VALO360 - DEBUG - 自動保存已禁用，跳過配置保存
2025-08-15 22:59:10,631 - VALO360 - DEBUG - 自動保存已禁用，跳過配置保存
2025-08-15 22:59:10,631 - VALO360 - DEBUG - 自動保存已禁用，跳過配置保存
2025-08-15 22:59:10,631 - VALO360 - DEBUG - 自動保存已禁用，跳過配置保存
2025-08-15 22:59:10,632 - VALO360 - DEBUG - 自動保存已禁用，跳過配置保存
2025-08-15 22:59:10,632 - VALO360 - DEBUG - 自動保存已禁用，跳過配置保存
2025-08-15 22:59:10,632 - VALO360 - DEBUG - 自動保存已禁用，跳過配置保存
2025-08-15 22:59:10,632 - VALO360 - DEBUG - 自動保存已禁用，跳過配置保存
2025-08-15 22:59:10,633 - VALO360 - DEBUG - 自動保存已禁用，跳過配置保存
2025-08-15 22:59:10,633 - VALO360 - DEBUG - 自動保存已禁用，跳過配置保存
2025-08-15 22:59:10,633 - VALO360 - DEBUG - 自動保存已禁用，跳過配置保存
2025-08-15 22:59:10,633 - VALO360 - DEBUG - 自動保存已禁用，跳過配置保存
2025-08-15 22:59:10,633 - VALO360 - DEBUG - 自動保存已禁用，跳過配置保存
2025-08-15 22:59:10,634 - VALO360 - DEBUG - 自動保存已禁用，跳過配置保存
2025-08-15 22:59:10,634 - VALO360 - DEBUG - 自動保存已禁用，跳過配置保存
2025-08-15 22:59:10,634 - VALO360 - DEBUG - 自動保存已禁用，跳過配置保存
2025-08-15 22:59:10,634 - VALO360 - DEBUG - 自動保存已禁用，跳過配置保存
2025-08-15 22:59:10,634 - VALO360 - DEBUG - 自動保存已禁用，跳過配置保存
2025-08-15 22:59:10,635 - VALO360 - DEBUG - 自動保存已禁用，跳過配置保存
2025-08-15 22:59:10,635 - VALO360 - DEBUG - 自動保存已禁用，跳過配置保存
2025-08-15 22:59:10,635 - VALO360 - DEBUG - 自動保存已禁用，跳過配置保存
2025-08-15 22:59:10,635 - VALO360 - DEBUG - 自動保存已禁用，跳過配置保存
2025-08-15 22:59:10,636 - VALO360 - DEBUG - 自動保存已禁用，跳過配置保存
2025-08-15 22:59:10,636 - VALO360 - DEBUG - 自動保存已禁用，跳過配置保存
2025-08-15 22:59:10,636 - VALO360 - DEBUG - 自動保存已禁用，跳過配置保存
2025-08-15 22:59:10,636 - VALO360 - DEBUG - 自動保存已禁用，跳過配置保存
2025-08-15 22:59:10,637 - VALO360 - DEBUG - 自動保存已禁用，跳過配置保存
2025-08-15 22:59:10,637 - VALO360 - DEBUG - 自動保存已禁用，跳過配置保存
2025-08-15 22:59:10,637 - VALO360 - DEBUG - 自動保存已禁用，跳過配置保存
2025-08-15 22:59:10,638 - VALO360 - DEBUG - 自動保存已禁用，跳過配置保存
2025-08-15 22:59:10,638 - VALO360 - DEBUG - 自動保存已禁用，跳過配置保存
2025-08-15 22:59:10,638 - VALO360 - DEBUG - 自動保存已禁用，跳過配置保存
2025-08-15 22:59:10,638 - VALO360 - DEBUG - 自動保存已禁用，跳過配置保存
2025-08-15 22:59:10,638 - VALO360 - DEBUG - 自動保存已禁用，跳過配置保存
2025-08-15 22:59:10,638 - VALO360 - DEBUG - 自動保存已禁用，跳過配置保存
2025-08-15 22:59:10,639 - VALO360 - DEBUG - 自動保存已禁用，跳過配置保存
2025-08-15 22:59:10,639 - VALO360 - DEBUG - 自動保存已禁用，跳過配置保存
2025-08-15 22:59:10,639 - VALO360 - DEBUG - 自動保存已禁用，跳過配置保存
2025-08-15 22:59:10,639 - VALO360 - DEBUG - 自動保存已禁用，跳過配置保存
2025-08-15 22:59:10,639 - VALO360 - DEBUG - 自動保存已禁用，跳過配置保存
2025-08-15 22:59:10,640 - VALO360 - DEBUG - 自動保存已禁用，跳過配置保存
2025-08-15 22:59:10,640 - VALO360 - DEBUG - 自動保存已禁用，跳過配置保存
2025-08-15 22:59:10,640 - VALO360 - DEBUG - 自動保存已禁用，跳過配置保存
2025-08-15 22:59:10,640 - VALO360 - DEBUG - 自動保存已禁用，跳過配置保存
2025-08-15 22:59:10,641 - VALO360 - DEBUG - 自動保存已禁用，跳過配置保存
2025-08-15 22:59:10,641 - VALO360 - DEBUG - 自動保存已禁用，跳過配置保存
2025-08-15 22:59:10,641 - VALO360 - DEBUG - 自動保存已禁用，跳過配置保存
2025-08-15 22:59:10,641 - VALO360 - DEBUG - 自動保存已禁用，跳過配置保存
2025-08-15 22:59:10,642 - VALO360 - DEBUG - 自動保存已禁用，跳過配置保存
2025-08-15 22:59:10,642 - VALO360 - DEBUG - 自動保存已禁用，跳過配置保存
2025-08-15 22:59:10,642 - VALO360 - DEBUG - 自動保存已禁用，跳過配置保存
2025-08-15 22:59:10,642 - VALO360 - DEBUG - 自動保存已禁用，跳過配置保存
2025-08-15 22:59:10,671 - VALO360 - DEBUG - 自動保存已禁用，跳過配置保存
2025-08-15 22:59:10,671 - VALO360 - DEBUG - 自動保存已禁用，跳過配置保存
2025-08-15 22:59:10,671 - VALO360 - DEBUG - 自動保存已禁用，跳過配置保存
2025-08-15 22:59:10,671 - VALO360 - DEBUG - 自動保存已禁用，跳過配置保存
2025-08-15 22:59:10,672 - VALO360 - DEBUG - 自動保存已禁用，跳過配置保存
2025-08-15 22:59:10,672 - VALO360 - DEBUG - 自動保存已禁用，跳過配置保存
2025-08-15 22:59:10,672 - VALO360 - DEBUG - 自動保存已禁用，跳過配置保存
2025-08-15 22:59:10,672 - VALO360 - DEBUG - 自動保存已禁用，跳過配置保存
2025-08-15 22:59:10,673 - VALO360 - DEBUG - 自動保存已禁用，跳過配置保存
2025-08-15 22:59:10,673 - VALO360 - DEBUG - 自動保存已禁用，跳過配置保存
2025-08-15 22:59:10,673 - VALO360 - DEBUG - 自動保存已禁用，跳過配置保存
2025-08-15 22:59:10,673 - VALO360 - DEBUG - 自動保存已禁用，跳過配置保存
2025-08-15 22:59:10,674 - VALO360 - DEBUG - 自動保存已禁用，跳過配置保存
2025-08-15 22:59:10,674 - VALO360 - DEBUG - 自動保存已禁用，跳過配置保存
2025-08-15 22:59:10,674 - VALO360 - DEBUG - 自動保存已禁用，跳過配置保存
2025-08-15 22:59:10,674 - VALO360 - DEBUG - 自動保存已禁用，跳過配置保存
2025-08-15 22:59:10,674 - VALO360 - DEBUG - 自動保存已禁用，跳過配置保存
2025-08-15 22:59:10,675 - VALO360 - DEBUG - 自動保存已禁用，跳過配置保存
2025-08-15 22:59:10,675 - VALO360 - DEBUG - 自動保存已禁用，跳過配置保存
2025-08-15 22:59:10,675 - VALO360 - DEBUG - 自動保存已禁用，跳過配置保存
2025-08-15 22:59:10,676 - VALO360 - DEBUG - 自動保存已禁用，跳過配置保存
2025-08-15 22:59:10,676 - VALO360 - DEBUG - 自動保存已禁用，跳過配置保存
2025-08-15 22:59:10,676 - VALO360 - DEBUG - 自動保存已禁用，跳過配置保存
2025-08-15 22:59:10,676 - VALO360 - DEBUG - 自動保存已禁用，跳過配置保存
2025-08-15 22:59:10,677 - VALO360 - DEBUG - 自動保存已禁用，跳過配置保存
2025-08-15 22:59:10,677 - VALO360 - DEBUG - 自動保存已禁用，跳過配置保存
2025-08-15 22:59:10,677 - VALO360 - DEBUG - 自動保存已禁用，跳過配置保存
2025-08-15 22:59:10,677 - VALO360 - DEBUG - 自動保存已禁用，跳過配置保存
2025-08-15 22:59:10,678 - VALO360 - DEBUG - 自動保存已禁用，跳過配置保存
2025-08-15 22:59:10,678 - VALO360 - DEBUG - 自動保存已禁用，跳過配置保存
2025-08-15 22:59:10,678 - VALO360 - DEBUG - 自動保存已禁用，跳過配置保存
2025-08-15 22:59:10,678 - VALO360 - DEBUG - 自動保存已禁用，跳過配置保存
2025-08-15 22:59:10,679 - VALO360 - DEBUG - 自動保存已禁用，跳過配置保存
2025-08-15 22:59:10,679 - VALO360 - DEBUG - 自動保存已禁用，跳過配置保存
2025-08-15 22:59:10,679 - VALO360 - DEBUG - 自動保存已禁用，跳過配置保存
2025-08-15 22:59:10,679 - VALO360 - DEBUG - 自動保存已禁用，跳過配置保存
2025-08-15 22:59:10,680 - VALO360 - DEBUG - 自動保存已禁用，跳過配置保存
2025-08-15 22:59:10,680 - VALO360 - DEBUG - 自動保存已禁用，跳過配置保存
2025-08-15 22:59:10,680 - VALO360 - DEBUG - 自動保存已禁用，跳過配置保存
2025-08-15 22:59:10,681 - VALO360 - DEBUG - 自動保存已禁用，跳過配置保存
2025-08-15 22:59:10,681 - VALO360 - DEBUG - 自動保存已禁用，跳過配置保存
2025-08-15 22:59:10,681 - VALO360 - DEBUG - 自動保存已禁用，跳過配置保存
2025-08-15 22:59:10,681 - VALO360 - DEBUG - 自動保存已禁用，跳過配置保存
2025-08-15 22:59:10,682 - VALO360 - DEBUG - 自動保存已禁用，跳過配置保存
2025-08-15 22:59:10,682 - VALO360 - DEBUG - 自動保存已禁用，跳過配置保存
2025-08-15 22:59:10,682 - VALO360 - DEBUG - 自動保存已禁用，跳過配置保存
2025-08-15 22:59:10,682 - VALO360 - DEBUG - 自動保存已禁用，跳過配置保存
2025-08-15 22:59:10,683 - VALO360 - DEBUG - 自動保存已禁用，跳過配置保存
2025-08-15 22:59:10,683 - VALO360 - DEBUG - 自動保存已禁用，跳過配置保存
2025-08-15 22:59:10,683 - VALO360 - DEBUG - 自動保存已禁用，跳過配置保存
2025-08-15 22:59:10,683 - VALO360 - DEBUG - 自動保存已禁用，跳過配置保存
2025-08-15 22:59:10,683 - VALO360 - DEBUG - 自動保存已禁用，跳過配置保存
2025-08-15 22:59:10,684 - VALO360 - DEBUG - 自動保存已禁用，跳過配置保存
2025-08-15 22:59:10,684 - VALO360 - DEBUG - 自動保存已禁用，跳過配置保存
2025-08-15 22:59:10,684 - VALO360 - DEBUG - 自動保存已禁用，跳過配置保存
2025-08-15 22:59:10,684 - VALO360 - DEBUG - 自動保存已禁用，跳過配置保存
2025-08-15 22:59:10,685 - VALO360 - DEBUG - 自動保存已禁用，跳過配置保存
2025-08-15 22:59:10,685 - VALO360 - DEBUG - 自動保存已禁用，跳過配置保存
2025-08-15 22:59:10,685 - VALO360 - DEBUG - 自動保存已禁用，跳過配置保存
2025-08-15 22:59:10,685 - VALO360 - DEBUG - 自動保存已禁用，跳過配置保存
2025-08-15 22:59:10,685 - VALO360 - DEBUG - 自動保存已禁用，跳過配置保存
2025-08-15 22:59:10,686 - VALO360 - DEBUG - 自動保存已禁用，跳過配置保存
2025-08-15 22:59:10,686 - VALO360 - DEBUG - 自動保存已禁用，跳過配置保存
2025-08-15 22:59:10,686 - VALO360 - DEBUG - 自動保存已禁用，跳過配置保存
2025-08-15 22:59:10,686 - VALO360 - DEBUG - 自動保存已禁用，跳過配置保存
2025-08-15 22:59:10,687 - VALO360 - DEBUG - 自動保存已禁用，跳過配置保存
2025-08-15 22:59:10,687 - VALO360 - DEBUG - 自動保存已禁用，跳過配置保存
2025-08-15 22:59:10,687 - VALO360 - DEBUG - 自動保存已禁用，跳過配置保存
2025-08-15 22:59:10,687 - VALO360 - DEBUG - 自動保存已禁用，跳過配置保存
2025-08-15 22:59:10,687 - VALO360 - DEBUG - 自動保存已禁用，跳過配置保存
2025-08-15 22:59:10,687 - VALO360 - DEBUG - 自動保存已禁用，跳過配置保存
2025-08-15 22:59:10,688 - VALO360 - DEBUG - 自動保存已禁用，跳過配置保存
2025-08-15 22:59:10,688 - VALO360 - DEBUG - 自動保存已禁用，跳過配置保存
2025-08-15 22:59:10,688 - VALO360 - DEBUG - 自動保存已禁用，跳過配置保存
2025-08-15 22:59:10,688 - VALO360 - DEBUG - 自動保存已禁用，跳過配置保存
2025-08-15 22:59:10,688 - VALO360 - DEBUG - 自動保存已禁用，跳過配置保存
2025-08-15 22:59:10,689 - VALO360 - DEBUG - 自動保存已禁用，跳過配置保存
2025-08-15 22:59:10,689 - VALO360 - DEBUG - 自動保存已禁用，跳過配置保存
2025-08-15 22:59:10,689 - VALO360 - DEBUG - 自動保存已禁用，跳過配置保存
2025-08-15 22:59:10,689 - VALO360 - DEBUG - 自動保存已禁用，跳過配置保存
2025-08-15 22:59:10,689 - VALO360 - DEBUG - 自動保存已禁用，跳過配置保存
2025-08-15 22:59:10,689 - VALO360 - DEBUG - 自動保存已禁用，跳過配置保存
2025-08-15 22:59:10,690 - VALO360 - DEBUG - 自動保存已禁用，跳過配置保存
2025-08-15 22:59:10,690 - VALO360 - DEBUG - 自動保存已禁用，跳過配置保存
2025-08-15 22:59:10,690 - VALO360 - DEBUG - 自動保存已禁用，跳過配置保存
2025-08-15 22:59:10,690 - VALO360 - DEBUG - 自動保存已禁用，跳過配置保存
2025-08-15 22:59:10,690 - VALO360 - DEBUG - 自動保存已禁用，跳過配置保存
2025-08-15 22:59:10,690 - VALO360 - DEBUG - 自動保存已禁用，跳過配置保存
2025-08-15 22:59:10,691 - VALO360 - DEBUG - 自動保存已禁用，跳過配置保存
2025-08-15 22:59:10,691 - VALO360 - DEBUG - 自動保存已禁用，跳過配置保存
2025-08-15 22:59:10,691 - VALO360 - DEBUG - 自動保存已禁用，跳過配置保存
2025-08-15 22:59:10,691 - VALO360 - DEBUG - 自動保存已禁用，跳過配置保存
2025-08-15 22:59:10,691 - VALO360 - DEBUG - 自動保存已禁用，跳過配置保存
2025-08-15 22:59:10,691 - VALO360 - DEBUG - 自動保存已禁用，跳過配置保存
2025-08-15 22:59:10,692 - VALO360 - DEBUG - 自動保存已禁用，跳過配置保存
2025-08-15 22:59:10,692 - VALO360 - DEBUG - 自動保存已禁用，跳過配置保存
2025-08-15 22:59:10,692 - VALO360 - DEBUG - 自動保存已禁用，跳過配置保存
2025-08-15 22:59:10,692 - VALO360 - DEBUG - 自動保存已禁用，跳過配置保存
2025-08-15 22:59:10,692 - VALO360 - DEBUG - 自動保存已禁用，跳過配置保存
2025-08-15 22:59:10,692 - VALO360 - DEBUG - 自動保存已禁用，跳過配置保存
2025-08-15 22:59:10,693 - VALO360 - DEBUG - 自動保存已禁用，跳過配置保存
2025-08-15 22:59:10,693 - VALO360 - DEBUG - 自動保存已禁用，跳過配置保存
2025-08-15 22:59:10,693 - VALO360 - DEBUG - 自動保存已禁用，跳過配置保存
2025-08-15 22:59:10,693 - VALO360 - DEBUG - 自動保存已禁用，跳過配置保存
2025-08-15 22:59:10,693 - VALO360 - DEBUG - 自動保存已禁用，跳過配置保存
2025-08-15 22:59:10,694 - VALO360 - DEBUG - 自動保存已禁用，跳過配置保存
2025-08-15 22:59:10,694 - VALO360 - DEBUG - 自動保存已禁用，跳過配置保存
2025-08-15 22:59:10,694 - VALO360 - DEBUG - 自動保存已禁用，跳過配置保存
2025-08-15 22:59:10,694 - VALO360 - DEBUG - 自動保存已禁用，跳過配置保存
2025-08-15 22:59:10,694 - VALO360 - DEBUG - 自動保存已禁用，跳過配置保存
2025-08-15 22:59:10,694 - VALO360 - DEBUG - 自動保存已禁用，跳過配置保存
2025-08-15 22:59:10,695 - VALO360 - DEBUG - 自動保存已禁用，跳過配置保存
2025-08-15 22:59:10,695 - VALO360 - DEBUG - 自動保存已禁用，跳過配置保存
2025-08-15 22:59:10,695 - VALO360 - DEBUG - 自動保存已禁用，跳過配置保存
2025-08-15 22:59:10,695 - VALO360 - DEBUG - 自動保存已禁用，跳過配置保存
2025-08-15 22:59:10,695 - VALO360 - DEBUG - 自動保存已禁用，跳過配置保存
2025-08-15 22:59:10,695 - VALO360 - DEBUG - 自動保存已禁用，跳過配置保存
2025-08-15 22:59:10,696 - VALO360 - DEBUG - 自動保存已禁用，跳過配置保存
2025-08-15 22:59:10,696 - VALO360 - DEBUG - 自動保存已禁用，跳過配置保存
2025-08-15 22:59:10,696 - VALO360 - DEBUG - 自動保存已禁用，跳過配置保存
2025-08-15 22:59:10,696 - VALO360 - DEBUG - 自動保存已禁用，跳過配置保存
2025-08-15 22:59:10,696 - VALO360 - DEBUG - 自動保存已禁用，跳過配置保存
2025-08-15 22:59:10,696 - VALO360 - DEBUG - 自動保存已禁用，跳過配置保存
2025-08-15 22:59:10,697 - VALO360 - DEBUG - 自動保存已禁用，跳過配置保存
2025-08-15 22:59:10,697 - VALO360 - DEBUG - 自動保存已禁用，跳過配置保存
2025-08-15 22:59:10,697 - VALO360 - DEBUG - 自動保存已禁用，跳過配置保存
2025-08-15 22:59:10,697 - VALO360 - DEBUG - 自動保存已禁用，跳過配置保存
2025-08-15 22:59:10,697 - VALO360 - DEBUG - 自動保存已禁用，跳過配置保存
2025-08-15 22:59:10,698 - VALO360 - DEBUG - 自動保存已禁用，跳過配置保存
2025-08-15 22:59:10,698 - VALO360 - DEBUG - 自動保存已禁用，跳過配置保存
2025-08-15 22:59:10,698 - VALO360 - DEBUG - 自動保存已禁用，跳過配置保存
2025-08-15 22:59:10,698 - VALO360 - DEBUG - 自動保存已禁用，跳過配置保存
2025-08-15 22:59:10,698 - VALO360 - DEBUG - 自動保存已禁用，跳過配置保存
2025-08-15 22:59:10,698 - VALO360 - DEBUG - 自動保存已禁用，跳過配置保存
2025-08-15 22:59:10,699 - VALO360 - DEBUG - 自動保存已禁用，跳過配置保存
2025-08-15 22:59:10,699 - VALO360 - DEBUG - 自動保存已禁用，跳過配置保存
2025-08-15 22:59:10,699 - VALO360 - DEBUG - 自動保存已禁用，跳過配置保存
2025-08-15 22:59:10,699 - VALO360 - DEBUG - 自動保存已禁用，跳過配置保存
2025-08-15 22:59:10,699 - VALO360 - DEBUG - 自動保存已禁用，跳過配置保存
2025-08-15 22:59:10,699 - VALO360 - DEBUG - 自動保存已禁用，跳過配置保存
2025-08-15 22:59:10,700 - VALO360 - DEBUG - 自動保存已禁用，跳過配置保存
2025-08-15 22:59:10,700 - VALO360 - DEBUG - 自動保存已禁用，跳過配置保存
2025-08-15 22:59:10,700 - VALO360 - DEBUG - 自動保存已禁用，跳過配置保存
2025-08-15 22:59:10,700 - VALO360 - DEBUG - 自動保存已禁用，跳過配置保存
2025-08-15 22:59:10,700 - VALO360 - DEBUG - 自動保存已禁用，跳過配置保存
2025-08-15 22:59:10,701 - VALO360 - DEBUG - 自動保存已禁用，跳過配置保存
2025-08-15 22:59:10,701 - VALO360 - DEBUG - 自動保存已禁用，跳過配置保存
2025-08-15 22:59:10,701 - VALO360 - DEBUG - 自動保存已禁用，跳過配置保存
2025-08-15 22:59:10,701 - VALO360 - DEBUG - 自動保存已禁用，跳過配置保存
2025-08-15 22:59:10,701 - VALO360 - DEBUG - 自動保存已禁用，跳過配置保存
2025-08-15 22:59:10,701 - VALO360 - DEBUG - 自動保存已禁用，跳過配置保存
2025-08-15 22:59:10,701 - VALO360 - DEBUG - 自動保存已禁用，跳過配置保存
2025-08-15 22:59:10,702 - VALO360 - DEBUG - 自動保存已禁用，跳過配置保存
2025-08-15 22:59:10,702 - VALO360 - DEBUG - 自動保存已禁用，跳過配置保存
2025-08-15 22:59:10,702 - VALO360 - DEBUG - 自動保存已禁用，跳過配置保存
2025-08-15 22:59:10,702 - VALO360 - DEBUG - 自動保存已禁用，跳過配置保存
2025-08-15 22:59:10,702 - VALO360 - DEBUG - 自動保存已禁用，跳過配置保存
2025-08-15 22:59:10,703 - VALO360 - DEBUG - 自動保存已禁用，跳過配置保存
2025-08-15 22:59:10,703 - VALO360 - DEBUG - 自動保存已禁用，跳過配置保存
2025-08-15 22:59:10,703 - VALO360 - DEBUG - 自動保存已禁用，跳過配置保存
2025-08-15 22:59:10,703 - VALO360 - DEBUG - 自動保存已禁用，跳過配置保存
2025-08-15 22:59:10,703 - VALO360 - DEBUG - 自動保存已禁用，跳過配置保存
2025-08-15 22:59:10,703 - VALO360 - DEBUG - 自動保存已禁用，跳過配置保存
2025-08-15 22:59:10,703 - VALO360 - DEBUG - 自動保存已禁用，跳過配置保存
2025-08-15 22:59:10,704 - VALO360 - DEBUG - 自動保存已禁用，跳過配置保存
2025-08-15 22:59:10,704 - VALO360 - DEBUG - 自動保存已禁用，跳過配置保存
2025-08-15 22:59:10,704 - VALO360 - DEBUG - 自動保存已禁用，跳過配置保存
2025-08-15 22:59:10,704 - VALO360 - DEBUG - 自動保存已禁用，跳過配置保存
2025-08-15 22:59:10,704 - VALO360 - DEBUG - 自動保存已禁用，跳過配置保存
2025-08-15 22:59:10,705 - VALO360 - DEBUG - 自動保存已禁用，跳過配置保存
2025-08-15 22:59:10,705 - VALO360 - DEBUG - 自動保存已禁用，跳過配置保存
2025-08-15 22:59:10,705 - VALO360 - DEBUG - 自動保存已禁用，跳過配置保存
2025-08-15 22:59:10,705 - VALO360 - DEBUG - 自動保存已禁用，跳過配置保存
2025-08-15 22:59:10,705 - VALO360 - DEBUG - 自動保存已禁用，跳過配置保存
2025-08-15 22:59:10,705 - VALO360 - DEBUG - 自動保存已禁用，跳過配置保存
2025-08-15 22:59:10,706 - VALO360 - DEBUG - 自動保存已禁用，跳過配置保存
2025-08-15 22:59:10,706 - VALO360 - DEBUG - 自動保存已禁用，跳過配置保存
2025-08-15 22:59:10,706 - VALO360 - DEBUG - 自動保存已禁用，跳過配置保存
2025-08-15 22:59:10,706 - VALO360 - DEBUG - 自動保存已禁用，跳過配置保存
2025-08-15 22:59:10,706 - VALO360 - DEBUG - 自動保存已禁用，跳過配置保存
2025-08-15 22:59:10,707 - VALO360 - DEBUG - 自動保存已禁用，跳過配置保存
2025-08-15 22:59:10,707 - VALO360 - DEBUG - 自動保存已禁用，跳過配置保存
2025-08-15 22:59:10,707 - VALO360 - DEBUG - 自動保存已禁用，跳過配置保存
2025-08-15 22:59:10,707 - VALO360 - DEBUG - 自動保存已禁用，跳過配置保存
2025-08-15 22:59:10,707 - VALO360 - DEBUG - 自動保存已禁用，跳過配置保存
2025-08-15 22:59:10,707 - VALO360 - DEBUG - 自動保存已禁用，跳過配置保存
2025-08-15 22:59:10,707 - VALO360 - DEBUG - 自動保存已禁用，跳過配置保存
2025-08-15 22:59:10,708 - VALO360 - DEBUG - 自動保存已禁用，跳過配置保存
2025-08-15 22:59:10,708 - VALO360 - DEBUG - 自動保存已禁用，跳過配置保存
2025-08-15 22:59:10,708 - VALO360 - DEBUG - 自動保存已禁用，跳過配置保存
2025-08-15 22:59:10,708 - VALO360 - DEBUG - 自動保存已禁用，跳過配置保存
2025-08-15 22:59:10,708 - VALO360 - DEBUG - 自動保存已禁用，跳過配置保存
2025-08-15 22:59:10,709 - VALO360 - DEBUG - 自動保存已禁用，跳過配置保存
2025-08-15 22:59:10,709 - VALO360 - DEBUG - 自動保存已禁用，跳過配置保存
2025-08-15 22:59:10,709 - VALO360 - DEBUG - 自動保存已禁用，跳過配置保存
2025-08-15 22:59:10,709 - VALO360 - DEBUG - 自動保存已禁用，跳過配置保存
2025-08-15 22:59:10,709 - VALO360 - DEBUG - 自動保存已禁用，跳過配置保存
2025-08-15 22:59:10,709 - VALO360 - DEBUG - 自動保存已禁用，跳過配置保存
2025-08-15 22:59:10,709 - VALO360 - DEBUG - 自動保存已禁用，跳過配置保存
2025-08-15 22:59:10,710 - VALO360 - DEBUG - 自動保存已禁用，跳過配置保存
2025-08-15 22:59:10,710 - VALO360 - DEBUG - 自動保存已禁用，跳過配置保存
2025-08-15 22:59:10,710 - VALO360 - DEBUG - 自動保存已禁用，跳過配置保存
2025-08-15 22:59:10,710 - VALO360 - DEBUG - 自動保存已禁用，跳過配置保存
2025-08-15 22:59:10,710 - VALO360 - DEBUG - 自動保存已禁用，跳過配置保存
2025-08-15 22:59:10,711 - VALO360 - DEBUG - 自動保存已禁用，跳過配置保存
2025-08-15 22:59:10,711 - VALO360 - DEBUG - 自動保存已禁用，跳過配置保存
2025-08-15 22:59:10,711 - VALO360 - DEBUG - 自動保存已禁用，跳過配置保存
2025-08-15 22:59:10,711 - VALO360 - DEBUG - 自動保存已禁用，跳過配置保存
2025-08-15 22:59:10,711 - VALO360 - DEBUG - 自動保存已禁用，跳過配置保存
2025-08-15 22:59:10,711 - VALO360 - DEBUG - 自動保存已禁用，跳過配置保存
2025-08-15 22:59:10,712 - VALO360 - DEBUG - 自動保存已禁用，跳過配置保存
2025-08-15 22:59:10,712 - VALO360 - DEBUG - 自動保存已禁用，跳過配置保存
2025-08-15 22:59:10,712 - VALO360 - DEBUG - 自動保存已禁用，跳過配置保存
2025-08-15 22:59:10,712 - VALO360 - DEBUG - 自動保存已禁用，跳過配置保存
2025-08-15 22:59:10,712 - VALO360 - DEBUG - 自動保存已禁用，跳過配置保存
2025-08-15 22:59:10,712 - VALO360 - DEBUG - 自動保存已禁用，跳過配置保存
2025-08-15 22:59:10,713 - VALO360 - DEBUG - 自動保存已禁用，跳過配置保存
2025-08-15 22:59:10,713 - VALO360 - DEBUG - 自動保存已禁用，跳過配置保存
2025-08-15 22:59:10,713 - VALO360 - DEBUG - 自動保存已禁用，跳過配置保存
2025-08-15 22:59:10,713 - VALO360 - DEBUG - 自動保存已禁用，跳過配置保存
2025-08-15 22:59:10,713 - VALO360 - DEBUG - 自動保存已禁用，跳過配置保存
2025-08-15 22:59:10,714 - VALO360 - DEBUG - 自動保存已禁用，跳過配置保存
2025-08-15 22:59:10,714 - VALO360 - DEBUG - 自動保存已禁用，跳過配置保存
2025-08-15 22:59:10,714 - VALO360 - DEBUG - 自動保存已禁用，跳過配置保存
2025-08-15 22:59:10,714 - VALO360 - DEBUG - 自動保存已禁用，跳過配置保存
2025-08-15 22:59:10,714 - VALO360 - DEBUG - 自動保存已禁用，跳過配置保存
2025-08-15 22:59:10,714 - VALO360 - DEBUG - 自動保存已禁用，跳過配置保存
2025-08-15 22:59:10,714 - VALO360 - DEBUG - 自動保存已禁用，跳過配置保存
2025-08-15 22:59:10,715 - VALO360 - DEBUG - 自動保存已禁用，跳過配置保存
2025-08-15 22:59:10,715 - VALO360 - DEBUG - 自動保存已禁用，跳過配置保存
2025-08-15 22:59:10,715 - VALO360 - DEBUG - 自動保存已禁用，跳過配置保存
2025-08-15 22:59:10,715 - VALO360 - DEBUG - 自動保存已禁用，跳過配置保存
2025-08-15 22:59:10,715 - VALO360 - DEBUG - 自動保存已禁用，跳過配置保存
2025-08-15 22:59:10,716 - VALO360 - DEBUG - 自動保存已禁用，跳過配置保存
2025-08-15 22:59:10,716 - VALO360 - DEBUG - 自動保存已禁用，跳過配置保存
2025-08-15 22:59:10,716 - VALO360 - DEBUG - 自動保存已禁用，跳過配置保存
2025-08-15 22:59:10,716 - VALO360 - DEBUG - 自動保存已禁用，跳過配置保存
2025-08-15 22:59:10,716 - VALO360 - DEBUG - 自動保存已禁用，跳過配置保存
2025-08-15 22:59:10,716 - VALO360 - DEBUG - 自動保存已禁用，跳過配置保存
2025-08-15 22:59:10,717 - VALO360 - DEBUG - 自動保存已禁用，跳過配置保存
2025-08-15 22:59:10,717 - VALO360 - DEBUG - 自動保存已禁用，跳過配置保存
2025-08-15 22:59:10,717 - VALO360 - DEBUG - 自動保存已禁用，跳過配置保存
2025-08-15 22:59:10,717 - VALO360 - DEBUG - 自動保存已禁用，跳過配置保存
2025-08-15 22:59:10,717 - VALO360 - DEBUG - 自動保存已禁用，跳過配置保存
2025-08-15 22:59:10,718 - VALO360 - DEBUG - 自動保存已禁用，跳過配置保存
2025-08-15 22:59:10,718 - VALO360 - DEBUG - 自動保存已禁用，跳過配置保存
2025-08-15 22:59:10,718 - VALO360 - DEBUG - 自動保存已禁用，跳過配置保存
2025-08-15 22:59:10,718 - VALO360 - DEBUG - 自動保存已禁用，跳過配置保存
2025-08-15 22:59:10,718 - VALO360 - DEBUG - 自動保存已禁用，跳過配置保存
2025-08-15 22:59:10,718 - VALO360 - DEBUG - 自動保存已禁用，跳過配置保存
2025-08-15 22:59:10,719 - VALO360 - DEBUG - 自動保存已禁用，跳過配置保存
2025-08-15 22:59:10,719 - VALO360 - DEBUG - 自動保存已禁用，跳過配置保存
2025-08-15 22:59:10,719 - VALO360 - DEBUG - 自動保存已禁用，跳過配置保存
2025-08-15 22:59:10,719 - VALO360 - DEBUG - 自動保存已禁用，跳過配置保存
2025-08-15 22:59:10,719 - VALO360 - DEBUG - 自動保存已禁用，跳過配置保存
2025-08-15 22:59:10,719 - VALO360 - DEBUG - 自動保存已禁用，跳過配置保存
2025-08-15 22:59:10,720 - VALO360 - DEBUG - 自動保存已禁用，跳過配置保存
2025-08-15 22:59:10,720 - VALO360 - DEBUG - 自動保存已禁用，跳過配置保存
2025-08-15 22:59:10,720 - VALO360 - DEBUG - 自動保存已禁用，跳過配置保存
2025-08-15 22:59:10,720 - VALO360 - DEBUG - 自動保存已禁用，跳過配置保存
2025-08-15 22:59:10,720 - VALO360 - DEBUG - 自動保存已禁用，跳過配置保存
2025-08-15 22:59:10,721 - VALO360 - DEBUG - 自動保存已禁用，跳過配置保存
2025-08-15 22:59:10,721 - VALO360 - DEBUG - 自動保存已禁用，跳過配置保存
2025-08-15 22:59:10,721 - VALO360 - DEBUG - 自動保存已禁用，跳過配置保存
2025-08-15 22:59:10,721 - VALO360 - DEBUG - 自動保存已禁用，跳過配置保存
2025-08-15 22:59:10,721 - VALO360 - DEBUG - 自動保存已禁用，跳過配置保存
2025-08-15 22:59:10,721 - VALO360 - DEBUG - 自動保存已禁用，跳過配置保存
2025-08-15 22:59:10,721 - VALO360 - DEBUG - 自動保存已禁用，跳過配置保存
2025-08-15 22:59:10,722 - VALO360 - DEBUG - 自動保存已禁用，跳過配置保存
2025-08-15 22:59:10,722 - VALO360 - DEBUG - 自動保存已禁用，跳過配置保存
2025-08-15 22:59:10,722 - VALO360 - DEBUG - 自動保存已禁用，跳過配置保存
2025-08-15 22:59:10,722 - VALO360 - DEBUG - 自動保存已禁用，跳過配置保存
2025-08-15 22:59:10,723 - VALO360 - DEBUG - 自動保存已禁用，跳過配置保存
2025-08-15 22:59:10,723 - VALO360 - DEBUG - 自動保存已禁用，跳過配置保存
2025-08-15 22:59:10,723 - VALO360 - DEBUG - 自動保存已禁用，跳過配置保存
2025-08-15 22:59:10,723 - VALO360 - DEBUG - 自動保存已禁用，跳過配置保存
2025-08-15 22:59:10,725 - VALO360 - DEBUG - 自動保存已禁用，跳過配置保存
2025-08-15 22:59:10,725 - VALO360 - DEBUG - 自動保存已禁用，跳過配置保存
2025-08-15 22:59:10,725 - VALO360 - DEBUG - 自動保存已禁用，跳過配置保存
2025-08-15 22:59:10,726 - VALO360 - DEBUG - 自動保存已禁用，跳過配置保存
2025-08-15 22:59:10,727 - VALO360 - DEBUG - 自動保存已禁用，跳過配置保存
2025-08-15 22:59:10,727 - VALO360 - DEBUG - 自動保存已禁用，跳過配置保存
2025-08-15 22:59:10,727 - VALO360 - DEBUG - 自動保存已禁用，跳過配置保存
2025-08-15 22:59:10,727 - VALO360 - DEBUG - 自動保存已禁用，跳過配置保存
2025-08-15 22:59:10,727 - VALO360 - DEBUG - 自動保存已禁用，跳過配置保存
2025-08-15 22:59:10,728 - VALO360 - DEBUG - 自動保存已禁用，跳過配置保存
2025-08-15 22:59:10,728 - VALO360 - DEBUG - 自動保存已禁用，跳過配置保存
2025-08-15 22:59:10,728 - VALO360 - DEBUG - 自動保存已禁用，跳過配置保存
2025-08-15 22:59:10,729 - VALO360 - DEBUG - 自動保存已禁用，跳過配置保存
2025-08-15 22:59:10,729 - VALO360 - DEBUG - 自動保存已禁用，跳過配置保存
2025-08-15 22:59:10,729 - VALO360 - DEBUG - 自動保存已禁用，跳過配置保存
2025-08-15 22:59:10,729 - VALO360 - DEBUG - 自動保存已禁用，跳過配置保存
2025-08-15 22:59:10,729 - VALO360 - DEBUG - 自動保存已禁用，跳過配置保存
2025-08-15 22:59:10,730 - VALO360 - DEBUG - 自動保存已禁用，跳過配置保存
2025-08-15 22:59:10,730 - VALO360 - DEBUG - 自動保存已禁用，跳過配置保存
2025-08-15 22:59:10,730 - VALO360 - DEBUG - 自動保存已禁用，跳過配置保存
2025-08-15 22:59:10,731 - VALO360 - DEBUG - 自動保存已禁用，跳過配置保存
2025-08-15 22:59:10,731 - VALO360 - DEBUG - 自動保存已禁用，跳過配置保存
2025-08-15 22:59:10,731 - VALO360 - DEBUG - 自動保存已禁用，跳過配置保存
2025-08-15 22:59:10,731 - VALO360 - DEBUG - 自動保存已禁用，跳過配置保存
2025-08-15 22:59:10,734 - VALO360 - DEBUG - 自動保存已禁用，跳過配置保存
2025-08-15 22:59:10,734 - VALO360 - DEBUG - 自動保存已禁用，跳過配置保存
2025-08-15 22:59:10,735 - VALO360 - DEBUG - 自動保存已禁用，跳過配置保存
2025-08-15 22:59:10,735 - VALO360 - DEBUG - 自動保存已禁用，跳過配置保存
2025-08-15 22:59:10,735 - VALO360 - DEBUG - 自動保存已禁用，跳過配置保存
2025-08-15 22:59:10,735 - VALO360 - DEBUG - 自動保存已禁用，跳過配置保存
2025-08-15 22:59:10,735 - VALO360 - DEBUG - 自動保存已禁用，跳過配置保存
2025-08-15 22:59:10,736 - VALO360 - DEBUG - 自動保存已禁用，跳過配置保存
2025-08-15 22:59:10,736 - VALO360 - DEBUG - 自動保存已禁用，跳過配置保存
2025-08-15 22:59:10,736 - VALO360 - DEBUG - 自動保存已禁用，跳過配置保存
2025-08-15 22:59:10,736 - VALO360 - DEBUG - 自動保存已禁用，跳過配置保存
2025-08-15 22:59:10,737 - VALO360 - DEBUG - 自動保存已禁用，跳過配置保存
2025-08-15 22:59:10,738 - VALO360 - DEBUG - 自動保存已禁用，跳過配置保存
2025-08-15 22:59:10,738 - VALO360 - DEBUG - 自動保存已禁用，跳過配置保存
2025-08-15 22:59:10,738 - VALO360 - DEBUG - 自動保存已禁用，跳過配置保存
2025-08-15 22:59:10,738 - VALO360 - DEBUG - 自動保存已禁用，跳過配置保存
2025-08-15 22:59:10,738 - VALO360 - DEBUG - 自動保存已禁用，跳過配置保存
2025-08-15 22:59:10,738 - VALO360 - DEBUG - 自動保存已禁用，跳過配置保存
2025-08-15 22:59:10,739 - VALO360 - DEBUG - 自動保存已禁用，跳過配置保存
2025-08-15 22:59:10,739 - VALO360 - DEBUG - 自動保存已禁用，跳過配置保存
2025-08-15 22:59:10,740 - VALO360 - DEBUG - 自動保存已禁用，跳過配置保存
2025-08-15 22:59:10,741 - VALO360 - DEBUG - 自動保存已禁用，跳過配置保存
2025-08-15 22:59:10,741 - VALO360 - DEBUG - 自動保存已禁用，跳過配置保存
2025-08-15 22:59:10,741 - VALO360 - DEBUG - 自動保存已禁用，跳過配置保存
2025-08-15 22:59:10,741 - VALO360 - DEBUG - 自動保存已禁用，跳過配置保存
2025-08-15 22:59:10,741 - VALO360 - DEBUG - 自動保存已禁用，跳過配置保存
2025-08-15 22:59:10,741 - VALO360 - DEBUG - 自動保存已禁用，跳過配置保存
2025-08-15 22:59:10,742 - VALO360 - DEBUG - 自動保存已禁用，跳過配置保存
2025-08-15 22:59:10,742 - VALO360 - DEBUG - 自動保存已禁用，跳過配置保存
2025-08-15 22:59:10,742 - VALO360 - DEBUG - 自動保存已禁用，跳過配置保存
2025-08-15 22:59:10,742 - VALO360 - DEBUG - 自動保存已禁用，跳過配置保存
2025-08-15 22:59:10,742 - VALO360 - DEBUG - 自動保存已禁用，跳過配置保存
2025-08-15 22:59:10,743 - VALO360 - DEBUG - 自動保存已禁用，跳過配置保存
2025-08-15 22:59:10,743 - VALO360 - DEBUG - 自動保存已禁用，跳過配置保存
2025-08-15 22:59:10,743 - VALO360 - DEBUG - 自動保存已禁用，跳過配置保存
2025-08-15 22:59:10,743 - VALO360 - DEBUG - 自動保存已禁用，跳過配置保存
2025-08-15 22:59:10,743 - VALO360 - DEBUG - 自動保存已禁用，跳過配置保存
2025-08-15 22:59:10,744 - VALO360 - DEBUG - 自動保存已禁用，跳過配置保存
2025-08-15 22:59:10,744 - VALO360 - DEBUG - 自動保存已禁用，跳過配置保存
2025-08-15 22:59:10,744 - VALO360 - DEBUG - 自動保存已禁用，跳過配置保存
2025-08-15 22:59:10,744 - VALO360 - DEBUG - 自動保存已禁用，跳過配置保存
2025-08-15 22:59:10,744 - VALO360 - DEBUG - 自動保存已禁用，跳過配置保存
2025-08-15 22:59:10,745 - VALO360 - DEBUG - 自動保存已禁用，跳過配置保存
2025-08-15 22:59:10,745 - VALO360 - DEBUG - 自動保存已禁用，跳過配置保存
2025-08-15 22:59:10,745 - VALO360 - DEBUG - 自動保存已禁用，跳過配置保存
2025-08-15 22:59:10,745 - VALO360 - DEBUG - 自動保存已禁用，跳過配置保存
2025-08-15 22:59:10,745 - VALO360 - DEBUG - 自動保存已禁用，跳過配置保存
2025-08-15 22:59:10,745 - VALO360 - DEBUG - 自動保存已禁用，跳過配置保存
2025-08-15 22:59:10,746 - VALO360 - DEBUG - 自動保存已禁用，跳過配置保存
2025-08-15 22:59:10,746 - VALO360 - DEBUG - 自動保存已禁用，跳過配置保存
2025-08-15 22:59:10,746 - VALO360 - DEBUG - 自動保存已禁用，跳過配置保存
2025-08-15 22:59:10,746 - VALO360 - DEBUG - 自動保存已禁用，跳過配置保存
2025-08-15 22:59:10,746 - VALO360 - DEBUG - 自動保存已禁用，跳過配置保存
2025-08-15 22:59:10,747 - VALO360 - DEBUG - 自動保存已禁用，跳過配置保存
2025-08-15 22:59:10,747 - VALO360 - DEBUG - 自動保存已禁用，跳過配置保存
2025-08-15 22:59:10,747 - VALO360 - DEBUG - 自動保存已禁用，跳過配置保存
2025-08-15 22:59:10,747 - VALO360 - DEBUG - 自動保存已禁用，跳過配置保存
2025-08-15 22:59:10,747 - VALO360 - DEBUG - 自動保存已禁用，跳過配置保存
2025-08-15 22:59:10,747 - VALO360 - DEBUG - 自動保存已禁用，跳過配置保存
2025-08-15 22:59:10,748 - VALO360 - DEBUG - 自動保存已禁用，跳過配置保存
2025-08-15 22:59:10,748 - VALO360 - DEBUG - 自動保存已禁用，跳過配置保存
2025-08-15 22:59:10,748 - VALO360 - DEBUG - 自動保存已禁用，跳過配置保存
2025-08-15 22:59:10,748 - VALO360 - DEBUG - 自動保存已禁用，跳過配置保存
2025-08-15 22:59:10,748 - VALO360 - DEBUG - 自動保存已禁用，跳過配置保存
2025-08-15 22:59:10,749 - VALO360 - DEBUG - 自動保存已禁用，跳過配置保存
2025-08-15 22:59:10,749 - VALO360 - DEBUG - 自動保存已禁用，跳過配置保存
2025-08-15 22:59:10,749 - VALO360 - DEBUG - 自動保存已禁用，跳過配置保存
2025-08-15 22:59:10,749 - VALO360 - DEBUG - 自動保存已禁用，跳過配置保存
2025-08-15 22:59:10,749 - VALO360 - DEBUG - 自動保存已禁用，跳過配置保存
2025-08-15 22:59:10,749 - VALO360 - DEBUG - 自動保存已禁用，跳過配置保存
2025-08-15 22:59:10,749 - VALO360 - DEBUG - 自動保存已禁用，跳過配置保存
2025-08-15 22:59:10,750 - VALO360 - DEBUG - 自動保存已禁用，跳過配置保存
2025-08-15 22:59:10,750 - VALO360 - DEBUG - 自動保存已禁用，跳過配置保存
2025-08-15 22:59:10,750 - VALO360 - DEBUG - 自動保存已禁用，跳過配置保存
2025-08-15 22:59:10,750 - VALO360 - DEBUG - 自動保存已禁用，跳過配置保存
2025-08-15 22:59:10,750 - VALO360 - DEBUG - 自動保存已禁用，跳過配置保存
2025-08-15 22:59:10,751 - VALO360 - DEBUG - 自動保存已禁用，跳過配置保存
2025-08-15 22:59:10,751 - VALO360 - DEBUG - 自動保存已禁用，跳過配置保存
2025-08-15 22:59:10,751 - VALO360 - DEBUG - 自動保存已禁用，跳過配置保存
2025-08-15 22:59:10,751 - VALO360 - DEBUG - 自動保存已禁用，跳過配置保存
2025-08-15 22:59:10,751 - VALO360 - DEBUG - 自動保存已禁用，跳過配置保存
2025-08-15 22:59:10,751 - VALO360 - DEBUG - 自動保存已禁用，跳過配置保存
2025-08-15 22:59:10,752 - VALO360 - DEBUG - 自動保存已禁用，跳過配置保存
2025-08-15 22:59:10,752 - VALO360 - DEBUG - 自動保存已禁用，跳過配置保存
2025-08-15 22:59:10,752 - VALO360 - DEBUG - 自動保存已禁用，跳過配置保存
2025-08-15 22:59:10,752 - VALO360 - DEBUG - 自動保存已禁用，跳過配置保存
2025-08-15 22:59:10,752 - VALO360 - DEBUG - 自動保存已禁用，跳過配置保存
2025-08-15 22:59:10,752 - VALO360 - DEBUG - 自動保存已禁用，跳過配置保存
2025-08-15 22:59:10,753 - VALO360 - DEBUG - 自動保存已禁用，跳過配置保存
2025-08-15 22:59:10,753 - VALO360 - DEBUG - 自動保存已禁用，跳過配置保存
2025-08-15 22:59:10,753 - VALO360 - DEBUG - 自動保存已禁用，跳過配置保存
2025-08-15 22:59:10,753 - VALO360 - DEBUG - 自動保存已禁用，跳過配置保存
2025-08-15 22:59:10,753 - VALO360 - DEBUG - 自動保存已禁用，跳過配置保存
2025-08-15 22:59:10,754 - VALO360 - DEBUG - 自動保存已禁用，跳過配置保存
2025-08-15 22:59:10,754 - VALO360 - DEBUG - 自動保存已禁用，跳過配置保存
2025-08-15 22:59:10,754 - VALO360 - DEBUG - 自動保存已禁用，跳過配置保存
2025-08-15 22:59:10,754 - VALO360 - DEBUG - 自動保存已禁用，跳過配置保存
2025-08-15 22:59:10,754 - VALO360 - DEBUG - 自動保存已禁用，跳過配置保存
2025-08-15 22:59:10,754 - VALO360 - DEBUG - 自動保存已禁用，跳過配置保存
2025-08-15 22:59:10,755 - VALO360 - DEBUG - 自動保存已禁用，跳過配置保存
2025-08-15 22:59:10,755 - VALO360 - DEBUG - 自動保存已禁用，跳過配置保存
2025-08-15 22:59:10,755 - VALO360 - DEBUG - 自動保存已禁用，跳過配置保存
2025-08-15 22:59:10,755 - VALO360 - DEBUG - 自動保存已禁用，跳過配置保存
2025-08-15 22:59:10,755 - VALO360 - DEBUG - 自動保存已禁用，跳過配置保存
2025-08-15 22:59:10,756 - VALO360 - DEBUG - 自動保存已禁用，跳過配置保存
2025-08-15 22:59:10,756 - VALO360 - DEBUG - 自動保存已禁用，跳過配置保存
2025-08-15 22:59:10,756 - VALO360 - DEBUG - 自動保存已禁用，跳過配置保存
2025-08-15 22:59:10,756 - VALO360 - DEBUG - 自動保存已禁用，跳過配置保存
2025-08-15 22:59:10,756 - VALO360 - DEBUG - 自動保存已禁用，跳過配置保存
2025-08-15 22:59:10,756 - VALO360 - DEBUG - 自動保存已禁用，跳過配置保存
2025-08-15 22:59:10,756 - VALO360 - DEBUG - 自動保存已禁用，跳過配置保存
2025-08-15 22:59:10,757 - VALO360 - DEBUG - 自動保存已禁用，跳過配置保存
2025-08-15 22:59:10,757 - VALO360 - DEBUG - 自動保存已禁用，跳過配置保存
2025-08-15 22:59:10,757 - VALO360 - DEBUG - 自動保存已禁用，跳過配置保存
2025-08-15 22:59:10,757 - VALO360 - DEBUG - 自動保存已禁用，跳過配置保存
2025-08-15 22:59:10,757 - VALO360 - DEBUG - 自動保存已禁用，跳過配置保存
2025-08-15 22:59:10,758 - VALO360 - DEBUG - 自動保存已禁用，跳過配置保存
2025-08-15 22:59:10,758 - VALO360 - DEBUG - 自動保存已禁用，跳過配置保存
2025-08-15 22:59:10,758 - VALO360 - DEBUG - 自動保存已禁用，跳過配置保存
2025-08-15 22:59:10,758 - VALO360 - DEBUG - 自動保存已禁用，跳過配置保存
2025-08-15 22:59:10,758 - VALO360 - DEBUG - 自動保存已禁用，跳過配置保存
2025-08-15 22:59:10,758 - VALO360 - DEBUG - 自動保存已禁用，跳過配置保存
2025-08-15 22:59:10,759 - VALO360 - DEBUG - 自動保存已禁用，跳過配置保存
2025-08-15 22:59:10,759 - VALO360 - DEBUG - 自動保存已禁用，跳過配置保存
2025-08-15 22:59:10,759 - VALO360 - DEBUG - 自動保存已禁用，跳過配置保存
2025-08-15 22:59:10,759 - VALO360 - DEBUG - 自動保存已禁用，跳過配置保存
2025-08-15 22:59:10,759 - VALO360 - DEBUG - 自動保存已禁用，跳過配置保存
2025-08-15 22:59:10,759 - VALO360 - DEBUG - 自動保存已禁用，跳過配置保存
2025-08-15 22:59:10,760 - VALO360 - DEBUG - 自動保存已禁用，跳過配置保存
2025-08-15 22:59:10,760 - VALO360 - DEBUG - 自動保存已禁用，跳過配置保存
2025-08-15 22:59:10,760 - VALO360 - DEBUG - 自動保存已禁用，跳過配置保存
2025-08-15 22:59:10,760 - VALO360 - DEBUG - 自動保存已禁用，跳過配置保存
2025-08-15 22:59:10,760 - VALO360 - DEBUG - 自動保存已禁用，跳過配置保存
2025-08-15 22:59:10,760 - VALO360 - DEBUG - 自動保存已禁用，跳過配置保存
2025-08-15 22:59:10,761 - VALO360 - DEBUG - 自動保存已禁用，跳過配置保存
2025-08-15 22:59:10,761 - VALO360 - DEBUG - 自動保存已禁用，跳過配置保存
2025-08-15 22:59:10,761 - VALO360 - DEBUG - 自動保存已禁用，跳過配置保存
2025-08-15 22:59:10,761 - VALO360 - DEBUG - 自動保存已禁用，跳過配置保存
2025-08-15 22:59:10,761 - VALO360 - DEBUG - 自動保存已禁用，跳過配置保存
2025-08-15 22:59:10,761 - VALO360 - DEBUG - 自動保存已禁用，跳過配置保存
2025-08-15 22:59:10,762 - VALO360 - DEBUG - 自動保存已禁用，跳過配置保存
2025-08-15 22:59:10,762 - VALO360 - DEBUG - 自動保存已禁用，跳過配置保存
2025-08-15 22:59:10,762 - VALO360 - DEBUG - 自動保存已禁用，跳過配置保存
2025-08-15 22:59:10,762 - VALO360 - DEBUG - 自動保存已禁用，跳過配置保存
2025-08-15 22:59:10,762 - VALO360 - DEBUG - 自動保存已禁用，跳過配置保存
2025-08-15 22:59:10,763 - VALO360 - DEBUG - 自動保存已禁用，跳過配置保存
2025-08-15 22:59:10,763 - VALO360 - DEBUG - 自動保存已禁用，跳過配置保存
2025-08-15 22:59:10,763 - VALO360 - DEBUG - 自動保存已禁用，跳過配置保存
2025-08-15 22:59:10,763 - VALO360 - DEBUG - 自動保存已禁用，跳過配置保存
2025-08-15 22:59:10,763 - VALO360 - DEBUG - 自動保存已禁用，跳過配置保存
2025-08-15 22:59:10,763 - VALO360 - DEBUG - 自動保存已禁用，跳過配置保存
2025-08-15 22:59:10,764 - VALO360 - DEBUG - 自動保存已禁用，跳過配置保存
2025-08-15 22:59:10,764 - VALO360 - DEBUG - 自動保存已禁用，跳過配置保存
2025-08-15 22:59:10,764 - VALO360 - DEBUG - 自動保存已禁用，跳過配置保存
2025-08-15 22:59:10,764 - VALO360 - DEBUG - 自動保存已禁用，跳過配置保存
2025-08-15 22:59:10,764 - VALO360 - DEBUG - 自動保存已禁用，跳過配置保存
2025-08-15 22:59:10,765 - VALO360 - DEBUG - 自動保存已禁用，跳過配置保存
2025-08-15 22:59:10,765 - VALO360 - DEBUG - 自動保存已禁用，跳過配置保存
2025-08-15 22:59:10,765 - VALO360 - DEBUG - 自動保存已禁用，跳過配置保存
2025-08-15 22:59:10,765 - VALO360 - DEBUG - 自動保存已禁用，跳過配置保存
2025-08-15 22:59:10,765 - VALO360 - DEBUG - 自動保存已禁用，跳過配置保存
2025-08-15 22:59:10,765 - VALO360 - DEBUG - 自動保存已禁用，跳過配置保存
2025-08-15 22:59:10,766 - VALO360 - DEBUG - 自動保存已禁用，跳過配置保存
2025-08-15 22:59:10,766 - VALO360 - DEBUG - 自動保存已禁用，跳過配置保存
2025-08-15 22:59:10,766 - VALO360 - DEBUG - 自動保存已禁用，跳過配置保存
2025-08-15 22:59:10,766 - VALO360 - DEBUG - 自動保存已禁用，跳過配置保存
2025-08-15 22:59:10,766 - VALO360 - DEBUG - 自動保存已禁用，跳過配置保存
2025-08-15 22:59:10,766 - VALO360 - DEBUG - 自動保存已禁用，跳過配置保存
2025-08-15 22:59:10,767 - VALO360 - DEBUG - 自動保存已禁用，跳過配置保存
2025-08-15 22:59:10,767 - VALO360 - DEBUG - 自動保存已禁用，跳過配置保存
2025-08-15 22:59:10,767 - VALO360 - DEBUG - 自動保存已禁用，跳過配置保存
2025-08-15 22:59:10,767 - VALO360 - DEBUG - 自動保存已禁用，跳過配置保存
2025-08-15 22:59:10,767 - VALO360 - DEBUG - 自動保存已禁用，跳過配置保存
2025-08-15 22:59:10,767 - VALO360 - DEBUG - 自動保存已禁用，跳過配置保存
2025-08-15 22:59:10,768 - VALO360 - DEBUG - 自動保存已禁用，跳過配置保存
2025-08-15 22:59:10,768 - VALO360 - DEBUG - 自動保存已禁用，跳過配置保存
2025-08-15 22:59:10,768 - VALO360 - DEBUG - 自動保存已禁用，跳過配置保存
2025-08-15 22:59:10,768 - VALO360 - DEBUG - 自動保存已禁用，跳過配置保存
2025-08-15 22:59:10,768 - VALO360 - DEBUG - 自動保存已禁用，跳過配置保存
2025-08-15 22:59:10,768 - VALO360 - DEBUG - 自動保存已禁用，跳過配置保存
2025-08-15 22:59:10,774 - VALO360 - DEBUG - 自動保存已禁用，跳過配置保存
2025-08-15 22:59:10,775 - VALO360 - DEBUG - 自動保存已禁用，跳過配置保存
2025-08-15 22:59:10,775 - VALO360 - DEBUG - 自動保存已禁用，跳過配置保存
2025-08-15 22:59:10,775 - VALO360 - DEBUG - 自動保存已禁用，跳過配置保存
2025-08-15 22:59:10,775 - VALO360 - DEBUG - 自動保存已禁用，跳過配置保存
2025-08-15 22:59:10,775 - VALO360 - DEBUG - 自動保存已禁用，跳過配置保存
2025-08-15 22:59:10,775 - VALO360 - DEBUG - 自動保存已禁用，跳過配置保存
2025-08-15 22:59:10,776 - VALO360 - DEBUG - 自動保存已禁用，跳過配置保存
2025-08-15 22:59:10,776 - VALO360 - DEBUG - 自動保存已禁用，跳過配置保存
2025-08-15 22:59:10,776 - VALO360 - DEBUG - 自動保存已禁用，跳過配置保存
2025-08-15 22:59:10,776 - VALO360 - DEBUG - 自動保存已禁用，跳過配置保存
2025-08-15 22:59:10,776 - VALO360 - DEBUG - 自動保存已禁用，跳過配置保存
2025-08-15 22:59:10,777 - VALO360 - DEBUG - 自動保存已禁用，跳過配置保存
2025-08-15 22:59:10,777 - VALO360 - DEBUG - 自動保存已禁用，跳過配置保存
2025-08-15 22:59:10,777 - VALO360 - DEBUG - 自動保存已禁用，跳過配置保存
2025-08-15 22:59:10,777 - VALO360 - DEBUG - 自動保存已禁用，跳過配置保存
2025-08-15 22:59:10,777 - VALO360 - DEBUG - 自動保存已禁用，跳過配置保存
2025-08-15 22:59:10,778 - VALO360 - DEBUG - 自動保存已禁用，跳過配置保存
2025-08-15 22:59:10,778 - VALO360 - DEBUG - 自動保存已禁用，跳過配置保存
2025-08-15 22:59:10,778 - VALO360 - DEBUG - 自動保存已禁用，跳過配置保存
2025-08-15 22:59:10,778 - VALO360 - DEBUG - 自動保存已禁用，跳過配置保存
2025-08-15 22:59:10,778 - VALO360 - DEBUG - 自動保存已禁用，跳過配置保存
2025-08-15 22:59:10,778 - VALO360 - DEBUG - 自動保存已禁用，跳過配置保存
2025-08-15 22:59:10,778 - VALO360 - DEBUG - 自動保存已禁用，跳過配置保存
2025-08-15 22:59:10,779 - VALO360 - DEBUG - 自動保存已禁用，跳過配置保存
2025-08-15 22:59:10,779 - VALO360 - DEBUG - 自動保存已禁用，跳過配置保存
2025-08-15 22:59:10,779 - VALO360 - DEBUG - 自動保存已禁用，跳過配置保存
2025-08-15 22:59:10,779 - VALO360 - DEBUG - 自動保存已禁用，跳過配置保存
2025-08-15 22:59:10,779 - VALO360 - DEBUG - 自動保存已禁用，跳過配置保存
2025-08-15 22:59:10,780 - VALO360 - DEBUG - 自動保存已禁用，跳過配置保存
2025-08-15 22:59:10,780 - VALO360 - DEBUG - 自動保存已禁用，跳過配置保存
2025-08-15 22:59:10,780 - VALO360 - DEBUG - 自動保存已禁用，跳過配置保存
2025-08-15 22:59:10,780 - VALO360 - DEBUG - 自動保存已禁用，跳過配置保存
2025-08-15 22:59:10,780 - VALO360 - DEBUG - 自動保存已禁用，跳過配置保存
2025-08-15 22:59:10,780 - VALO360 - DEBUG - 自動保存已禁用，跳過配置保存
2025-08-15 22:59:10,780 - VALO360 - DEBUG - 自動保存已禁用，跳過配置保存
2025-08-15 22:59:10,781 - VALO360 - DEBUG - 自動保存已禁用，跳過配置保存
2025-08-15 22:59:10,781 - VALO360 - DEBUG - 自動保存已禁用，跳過配置保存
2025-08-15 22:59:10,781 - VALO360 - DEBUG - 自動保存已禁用，跳過配置保存
2025-08-15 22:59:10,781 - VALO360 - DEBUG - 自動保存已禁用，跳過配置保存
2025-08-15 22:59:10,781 - VALO360 - DEBUG - 自動保存已禁用，跳過配置保存
2025-08-15 22:59:10,782 - VALO360 - DEBUG - 自動保存已禁用，跳過配置保存
2025-08-15 22:59:10,782 - VALO360 - DEBUG - 自動保存已禁用，跳過配置保存
2025-08-15 22:59:10,782 - VALO360 - DEBUG - 自動保存已禁用，跳過配置保存
2025-08-15 22:59:10,782 - VALO360 - DEBUG - 自動保存已禁用，跳過配置保存
2025-08-15 22:59:10,782 - VALO360 - DEBUG - 自動保存已禁用，跳過配置保存
2025-08-15 22:59:10,782 - VALO360 - DEBUG - 自動保存已禁用，跳過配置保存
2025-08-15 22:59:10,783 - VALO360 - DEBUG - 自動保存已禁用，跳過配置保存
2025-08-15 22:59:10,783 - VALO360 - DEBUG - 自動保存已禁用，跳過配置保存
2025-08-15 22:59:10,783 - VALO360 - DEBUG - 自動保存已禁用，跳過配置保存
2025-08-15 22:59:10,783 - VALO360 - DEBUG - 自動保存已禁用，跳過配置保存
2025-08-15 22:59:10,783 - VALO360 - DEBUG - 自動保存已禁用，跳過配置保存
2025-08-15 22:59:10,784 - VALO360 - DEBUG - 自動保存已禁用，跳過配置保存
2025-08-15 22:59:10,784 - VALO360 - DEBUG - 自動保存已禁用，跳過配置保存
2025-08-15 22:59:10,784 - VALO360 - DEBUG - 自動保存已禁用，跳過配置保存
2025-08-15 22:59:10,784 - VALO360 - DEBUG - 自動保存已禁用，跳過配置保存
2025-08-15 22:59:10,784 - VALO360 - DEBUG - 自動保存已禁用，跳過配置保存
2025-08-15 22:59:10,784 - VALO360 - DEBUG - 自動保存已禁用，跳過配置保存
2025-08-15 22:59:10,785 - VALO360 - DEBUG - 自動保存已禁用，跳過配置保存
2025-08-15 22:59:10,785 - VALO360 - DEBUG - 自動保存已禁用，跳過配置保存
2025-08-15 22:59:10,785 - VALO360 - DEBUG - 自動保存已禁用，跳過配置保存
2025-08-15 22:59:10,785 - VALO360 - DEBUG - 自動保存已禁用，跳過配置保存
2025-08-15 22:59:10,785 - VALO360 - DEBUG - 自動保存已禁用，跳過配置保存
2025-08-15 22:59:10,785 - VALO360 - DEBUG - 自動保存已禁用，跳過配置保存
2025-08-15 22:59:10,786 - VALO360 - DEBUG - 自動保存已禁用，跳過配置保存
2025-08-15 22:59:10,786 - VALO360 - DEBUG - 自動保存已禁用，跳過配置保存
2025-08-15 22:59:10,786 - VALO360 - DEBUG - 自動保存已禁用，跳過配置保存
2025-08-15 22:59:10,786 - VALO360 - DEBUG - 自動保存已禁用，跳過配置保存
2025-08-15 22:59:10,786 - VALO360 - DEBUG - 自動保存已禁用，跳過配置保存
2025-08-15 22:59:10,787 - VALO360 - DEBUG - 自動保存已禁用，跳過配置保存
2025-08-15 22:59:10,787 - VALO360 - DEBUG - 自動保存已禁用，跳過配置保存
2025-08-15 22:59:10,787 - VALO360 - DEBUG - 自動保存已禁用，跳過配置保存
2025-08-15 22:59:10,787 - VALO360 - DEBUG - 自動保存已禁用，跳過配置保存
2025-08-15 22:59:10,787 - VALO360 - DEBUG - 自動保存已禁用，跳過配置保存
2025-08-15 22:59:10,787 - VALO360 - DEBUG - 自動保存已禁用，跳過配置保存
2025-08-15 22:59:10,787 - VALO360 - DEBUG - 自動保存已禁用，跳過配置保存
2025-08-15 22:59:10,792 - VALO360 - DEBUG - 自動保存已禁用，跳過配置保存
2025-08-15 22:59:10,792 - VALO360 - DEBUG - 自動保存已禁用，跳過配置保存
2025-08-15 22:59:10,792 - VALO360 - DEBUG - 自動保存已禁用，跳過配置保存
2025-08-15 22:59:10,792 - VALO360 - DEBUG - 自動保存已禁用，跳過配置保存
2025-08-15 22:59:10,793 - VALO360 - DEBUG - 自動保存已禁用，跳過配置保存
2025-08-15 22:59:10,793 - VALO360 - DEBUG - 自動保存已禁用，跳過配置保存
2025-08-15 22:59:10,793 - VALO360 - DEBUG - 自動保存已禁用，跳過配置保存
2025-08-15 22:59:10,793 - VALO360 - DEBUG - 自動保存已禁用，跳過配置保存
2025-08-15 22:59:10,793 - VALO360 - DEBUG - 自動保存已禁用，跳過配置保存
2025-08-15 22:59:10,794 - VALO360 - DEBUG - 自動保存已禁用，跳過配置保存
2025-08-15 22:59:10,794 - VALO360 - DEBUG - 自動保存已禁用，跳過配置保存
2025-08-15 22:59:10,794 - VALO360 - DEBUG - 自動保存已禁用，跳過配置保存
2025-08-15 22:59:10,794 - VALO360 - DEBUG - 自動保存已禁用，跳過配置保存
2025-08-15 22:59:10,794 - VALO360 - DEBUG - 自動保存已禁用，跳過配置保存
2025-08-15 22:59:10,794 - VALO360 - DEBUG - 自動保存已禁用，跳過配置保存
2025-08-15 22:59:10,795 - VALO360 - DEBUG - 自動保存已禁用，跳過配置保存
2025-08-15 22:59:10,795 - VALO360 - DEBUG - 自動保存已禁用，跳過配置保存
2025-08-15 22:59:10,795 - VALO360 - DEBUG - 自動保存已禁用，跳過配置保存
2025-08-15 22:59:10,795 - VALO360 - DEBUG - 自動保存已禁用，跳過配置保存
2025-08-15 22:59:10,795 - VALO360 - DEBUG - 自動保存已禁用，跳過配置保存
2025-08-15 22:59:10,796 - VALO360 - DEBUG - 自動保存已禁用，跳過配置保存
2025-08-15 22:59:10,796 - VALO360 - DEBUG - 自動保存已禁用，跳過配置保存
2025-08-15 22:59:10,796 - VALO360 - DEBUG - 自動保存已禁用，跳過配置保存
2025-08-15 22:59:10,796 - VALO360 - DEBUG - 自動保存已禁用，跳過配置保存
2025-08-15 22:59:10,796 - VALO360 - DEBUG - 自動保存已禁用，跳過配置保存
2025-08-15 22:59:10,796 - VALO360 - DEBUG - 自動保存已禁用，跳過配置保存
2025-08-15 22:59:10,797 - VALO360 - DEBUG - 自動保存已禁用，跳過配置保存
2025-08-15 22:59:10,797 - VALO360 - DEBUG - 自動保存已禁用，跳過配置保存
2025-08-15 22:59:10,797 - VALO360 - DEBUG - 自動保存已禁用，跳過配置保存
2025-08-15 22:59:10,797 - VALO360 - DEBUG - 自動保存已禁用，跳過配置保存
2025-08-15 22:59:10,797 - VALO360 - DEBUG - 自動保存已禁用，跳過配置保存
2025-08-15 22:59:10,797 - VALO360 - DEBUG - 自動保存已禁用，跳過配置保存
2025-08-15 22:59:10,798 - VALO360 - DEBUG - 自動保存已禁用，跳過配置保存
2025-08-15 22:59:10,798 - VALO360 - DEBUG - 自動保存已禁用，跳過配置保存
2025-08-15 22:59:10,798 - VALO360 - DEBUG - 自動保存已禁用，跳過配置保存
2025-08-15 22:59:10,798 - VALO360 - DEBUG - 自動保存已禁用，跳過配置保存
2025-08-15 22:59:10,798 - VALO360 - DEBUG - 自動保存已禁用，跳過配置保存
2025-08-15 22:59:10,799 - VALO360 - DEBUG - 自動保存已禁用，跳過配置保存
2025-08-15 22:59:10,799 - VALO360 - DEBUG - 自動保存已禁用，跳過配置保存
2025-08-15 22:59:10,799 - VALO360 - DEBUG - 自動保存已禁用，跳過配置保存
2025-08-15 22:59:10,799 - VALO360 - DEBUG - 自動保存已禁用，跳過配置保存
2025-08-15 22:59:10,799 - VALO360 - DEBUG - 自動保存已禁用，跳過配置保存
2025-08-15 22:59:10,799 - VALO360 - DEBUG - 自動保存已禁用，跳過配置保存
2025-08-15 22:59:10,799 - VALO360 - DEBUG - 自動保存已禁用，跳過配置保存
2025-08-15 22:59:10,800 - VALO360 - DEBUG - 自動保存已禁用，跳過配置保存
2025-08-15 22:59:10,800 - VALO360 - DEBUG - 自動保存已禁用，跳過配置保存
2025-08-15 22:59:10,800 - VALO360 - DEBUG - 自動保存已禁用，跳過配置保存
2025-08-15 22:59:10,800 - VALO360 - DEBUG - 自動保存已禁用，跳過配置保存
2025-08-15 22:59:10,801 - VALO360 - DEBUG - 自動保存已禁用，跳過配置保存
2025-08-15 22:59:10,801 - VALO360 - DEBUG - 自動保存已禁用，跳過配置保存
2025-08-15 22:59:10,801 - VALO360 - DEBUG - 自動保存已禁用，跳過配置保存
2025-08-15 22:59:10,801 - VALO360 - DEBUG - 自動保存已禁用，跳過配置保存
2025-08-15 22:59:10,801 - VALO360 - DEBUG - 自動保存已禁用，跳過配置保存
2025-08-15 22:59:10,801 - VALO360 - DEBUG - 自動保存已禁用，跳過配置保存
2025-08-15 22:59:10,801 - VALO360 - DEBUG - 自動保存已禁用，跳過配置保存
2025-08-15 22:59:10,802 - VALO360 - DEBUG - 自動保存已禁用，跳過配置保存
2025-08-15 22:59:10,802 - VALO360 - DEBUG - 自動保存已禁用，跳過配置保存
2025-08-15 22:59:10,802 - VALO360 - DEBUG - 自動保存已禁用，跳過配置保存
2025-08-15 22:59:10,802 - VALO360 - DEBUG - 自動保存已禁用，跳過配置保存
2025-08-15 22:59:10,802 - VALO360 - DEBUG - 自動保存已禁用，跳過配置保存
2025-08-15 22:59:10,803 - VALO360 - DEBUG - 自動保存已禁用，跳過配置保存
2025-08-15 22:59:10,803 - VALO360 - DEBUG - 自動保存已禁用，跳過配置保存
2025-08-15 22:59:10,803 - VALO360 - DEBUG - 自動保存已禁用，跳過配置保存
2025-08-15 22:59:10,803 - VALO360 - DEBUG - 自動保存已禁用，跳過配置保存
2025-08-15 22:59:10,804 - VALO360 - DEBUG - 自動保存已禁用，跳過配置保存
2025-08-15 22:59:10,804 - VALO360 - DEBUG - 自動保存已禁用，跳過配置保存
2025-08-15 22:59:10,804 - VALO360 - DEBUG - 自動保存已禁用，跳過配置保存
2025-08-15 22:59:10,804 - VALO360 - DEBUG - 自動保存已禁用，跳過配置保存
2025-08-15 22:59:10,804 - VALO360 - DEBUG - 自動保存已禁用，跳過配置保存
2025-08-15 22:59:10,804 - VALO360 - DEBUG - 自動保存已禁用，跳過配置保存
2025-08-15 22:59:10,805 - VALO360 - DEBUG - 自動保存已禁用，跳過配置保存
2025-08-15 22:59:10,805 - VALO360 - DEBUG - 自動保存已禁用，跳過配置保存
2025-08-15 22:59:10,805 - VALO360 - DEBUG - 自動保存已禁用，跳過配置保存
2025-08-15 22:59:10,805 - VALO360 - DEBUG - 自動保存已禁用，跳過配置保存
2025-08-15 22:59:10,805 - VALO360 - DEBUG - 自動保存已禁用，跳過配置保存
2025-08-15 22:59:10,805 - VALO360 - DEBUG - 自動保存已禁用，跳過配置保存
2025-08-15 22:59:10,806 - VALO360 - DEBUG - 自動保存已禁用，跳過配置保存
2025-08-15 22:59:10,806 - VALO360 - DEBUG - 自動保存已禁用，跳過配置保存
2025-08-15 22:59:10,806 - VALO360 - DEBUG - 自動保存已禁用，跳過配置保存
2025-08-15 22:59:10,806 - VALO360 - DEBUG - 自動保存已禁用，跳過配置保存
2025-08-15 22:59:10,806 - VALO360 - DEBUG - 自動保存已禁用，跳過配置保存
2025-08-15 22:59:10,806 - VALO360 - DEBUG - 自動保存已禁用，跳過配置保存
2025-08-15 22:59:10,807 - VALO360 - DEBUG - 自動保存已禁用，跳過配置保存
2025-08-15 22:59:10,807 - VALO360 - DEBUG - 自動保存已禁用，跳過配置保存
2025-08-15 22:59:10,807 - VALO360 - DEBUG - 自動保存已禁用，跳過配置保存
2025-08-15 22:59:10,807 - VALO360 - DEBUG - 自動保存已禁用，跳過配置保存
2025-08-15 22:59:10,807 - VALO360 - DEBUG - 自動保存已禁用，跳過配置保存
2025-08-15 22:59:10,807 - VALO360 - DEBUG - 自動保存已禁用，跳過配置保存
2025-08-15 22:59:10,808 - VALO360 - DEBUG - 自動保存已禁用，跳過配置保存
2025-08-15 22:59:10,808 - VALO360 - DEBUG - 自動保存已禁用，跳過配置保存
2025-08-15 22:59:10,808 - VALO360 - DEBUG - 自動保存已禁用，跳過配置保存
2025-08-15 22:59:10,808 - VALO360 - DEBUG - 自動保存已禁用，跳過配置保存
2025-08-15 22:59:10,808 - VALO360 - DEBUG - 自動保存已禁用，跳過配置保存
2025-08-15 22:59:10,808 - VALO360 - DEBUG - 自動保存已禁用，跳過配置保存
2025-08-15 22:59:10,809 - VALO360 - DEBUG - 自動保存已禁用，跳過配置保存
2025-08-15 22:59:10,809 - VALO360 - DEBUG - 自動保存已禁用，跳過配置保存
2025-08-15 22:59:10,809 - VALO360 - DEBUG - 自動保存已禁用，跳過配置保存
2025-08-15 22:59:10,809 - VALO360 - DEBUG - 自動保存已禁用，跳過配置保存
2025-08-15 22:59:10,809 - VALO360 - DEBUG - 自動保存已禁用，跳過配置保存
2025-08-15 22:59:10,809 - VALO360 - DEBUG - 自動保存已禁用，跳過配置保存
2025-08-15 22:59:10,810 - VALO360 - DEBUG - 自動保存已禁用，跳過配置保存
2025-08-15 22:59:10,810 - VALO360 - DEBUG - 自動保存已禁用，跳過配置保存
2025-08-15 22:59:10,810 - VALO360 - DEBUG - 自動保存已禁用，跳過配置保存
2025-08-15 22:59:10,810 - VALO360 - DEBUG - 自動保存已禁用，跳過配置保存
2025-08-15 22:59:10,810 - VALO360 - DEBUG - 自動保存已禁用，跳過配置保存
2025-08-15 22:59:10,810 - VALO360 - DEBUG - 自動保存已禁用，跳過配置保存
2025-08-15 22:59:10,810 - VALO360 - DEBUG - 自動保存已禁用，跳過配置保存
2025-08-15 22:59:10,811 - VALO360 - DEBUG - 自動保存已禁用，跳過配置保存
2025-08-15 22:59:10,811 - VALO360 - DEBUG - 自動保存已禁用，跳過配置保存
2025-08-15 22:59:10,811 - VALO360 - DEBUG - 自動保存已禁用，跳過配置保存
2025-08-15 22:59:10,811 - VALO360 - DEBUG - 自動保存已禁用，跳過配置保存
2025-08-15 22:59:10,811 - VALO360 - DEBUG - 自動保存已禁用，跳過配置保存
2025-08-15 22:59:10,812 - VALO360 - DEBUG - 自動保存已禁用，跳過配置保存
2025-08-15 22:59:10,812 - VALO360 - DEBUG - 自動保存已禁用，跳過配置保存
2025-08-15 22:59:10,812 - VALO360 - DEBUG - 自動保存已禁用，跳過配置保存
2025-08-15 22:59:10,812 - VALO360 - DEBUG - 自動保存已禁用，跳過配置保存
2025-08-15 22:59:10,813 - VALO360 - DEBUG - 自動保存已禁用，跳過配置保存
2025-08-15 22:59:10,813 - VALO360 - DEBUG - 自動保存已禁用，跳過配置保存
2025-08-15 22:59:10,813 - VALO360 - DEBUG - 自動保存已禁用，跳過配置保存
2025-08-15 22:59:10,813 - VALO360 - DEBUG - 自動保存已禁用，跳過配置保存
2025-08-15 22:59:10,813 - VALO360 - DEBUG - 自動保存已禁用，跳過配置保存
2025-08-15 22:59:10,814 - VALO360 - DEBUG - 自動保存已禁用，跳過配置保存
2025-08-15 22:59:10,814 - VALO360 - DEBUG - 自動保存已禁用，跳過配置保存
2025-08-15 22:59:10,814 - VALO360 - DEBUG - 自動保存已禁用，跳過配置保存
2025-08-15 22:59:10,814 - VALO360 - DEBUG - 自動保存已禁用，跳過配置保存
2025-08-15 22:59:10,814 - VALO360 - DEBUG - 自動保存已禁用，跳過配置保存
2025-08-15 22:59:10,814 - VALO360 - DEBUG - 自動保存已禁用，跳過配置保存
2025-08-15 22:59:10,815 - VALO360 - DEBUG - 自動保存已禁用，跳過配置保存
2025-08-15 22:59:10,820 - VALO360 - DEBUG - 自動保存已禁用，跳過配置保存
2025-08-15 22:59:10,820 - VALO360 - DEBUG - 自動保存已禁用，跳過配置保存
2025-08-15 22:59:10,820 - VALO360 - DEBUG - 自動保存已禁用，跳過配置保存
2025-08-15 22:59:10,820 - VALO360 - DEBUG - 自動保存已禁用，跳過配置保存
2025-08-15 22:59:10,821 - VALO360 - DEBUG - 自動保存已禁用，跳過配置保存
2025-08-15 22:59:10,821 - VALO360 - DEBUG - 自動保存已禁用，跳過配置保存
2025-08-15 22:59:10,821 - VALO360 - DEBUG - 自動保存已禁用，跳過配置保存
2025-08-15 22:59:10,821 - VALO360 - DEBUG - 自動保存已禁用，跳過配置保存
2025-08-15 22:59:10,821 - VALO360 - DEBUG - 自動保存已禁用，跳過配置保存
2025-08-15 22:59:10,822 - VALO360 - DEBUG - 自動保存已禁用，跳過配置保存
2025-08-15 22:59:10,822 - VALO360 - DEBUG - 自動保存已禁用，跳過配置保存
2025-08-15 22:59:10,822 - VALO360 - DEBUG - 自動保存已禁用，跳過配置保存
2025-08-15 22:59:10,822 - VALO360 - DEBUG - 自動保存已禁用，跳過配置保存
2025-08-15 22:59:10,822 - VALO360 - DEBUG - 自動保存已禁用，跳過配置保存
2025-08-15 22:59:10,822 - VALO360 - DEBUG - 自動保存已禁用，跳過配置保存
2025-08-15 22:59:10,822 - VALO360 - DEBUG - 自動保存已禁用，跳過配置保存
2025-08-15 22:59:10,823 - VALO360 - DEBUG - 自動保存已禁用，跳過配置保存
2025-08-15 22:59:10,823 - VALO360 - DEBUG - 自動保存已禁用，跳過配置保存
2025-08-15 22:59:10,823 - VALO360 - DEBUG - 自動保存已禁用，跳過配置保存
2025-08-15 22:59:10,823 - VALO360 - DEBUG - 自動保存已禁用，跳過配置保存
2025-08-15 22:59:10,823 - VALO360 - DEBUG - 自動保存已禁用，跳過配置保存
2025-08-15 22:59:10,824 - VALO360 - DEBUG - 自動保存已禁用，跳過配置保存
2025-08-15 22:59:10,824 - VALO360 - DEBUG - 自動保存已禁用，跳過配置保存
2025-08-15 22:59:10,824 - VALO360 - DEBUG - 自動保存已禁用，跳過配置保存
2025-08-15 22:59:10,824 - VALO360 - DEBUG - 自動保存已禁用，跳過配置保存
2025-08-15 22:59:10,824 - VALO360 - DEBUG - 自動保存已禁用，跳過配置保存
2025-08-15 22:59:10,824 - VALO360 - DEBUG - 自動保存已禁用，跳過配置保存
2025-08-15 22:59:10,825 - VALO360 - DEBUG - 自動保存已禁用，跳過配置保存
2025-08-15 22:59:10,825 - VALO360 - DEBUG - 自動保存已禁用，跳過配置保存
2025-08-15 22:59:10,825 - VALO360 - DEBUG - 自動保存已禁用，跳過配置保存
2025-08-15 22:59:10,825 - VALO360 - DEBUG - 自動保存已禁用，跳過配置保存
2025-08-15 22:59:10,825 - VALO360 - DEBUG - 自動保存已禁用，跳過配置保存
2025-08-15 22:59:10,826 - VALO360 - DEBUG - 自動保存已禁用，跳過配置保存
2025-08-15 22:59:10,826 - VALO360 - DEBUG - 自動保存已禁用，跳過配置保存
2025-08-15 22:59:10,826 - VALO360 - DEBUG - 自動保存已禁用，跳過配置保存
2025-08-15 22:59:10,826 - VALO360 - DEBUG - 自動保存已禁用，跳過配置保存
2025-08-15 22:59:10,826 - VALO360 - DEBUG - 自動保存已禁用，跳過配置保存
2025-08-15 22:59:10,827 - VALO360 - DEBUG - 自動保存已禁用，跳過配置保存
2025-08-15 22:59:10,827 - VALO360 - DEBUG - 自動保存已禁用，跳過配置保存
2025-08-15 22:59:10,827 - VALO360 - DEBUG - 自動保存已禁用，跳過配置保存
2025-08-15 22:59:10,827 - VALO360 - DEBUG - 自動保存已禁用，跳過配置保存
2025-08-15 22:59:10,827 - VALO360 - DEBUG - 自動保存已禁用，跳過配置保存
2025-08-15 22:59:10,827 - VALO360 - DEBUG - 自動保存已禁用，跳過配置保存
2025-08-15 22:59:10,828 - VALO360 - DEBUG - 自動保存已禁用，跳過配置保存
2025-08-15 22:59:10,828 - VALO360 - DEBUG - 自動保存已禁用，跳過配置保存
2025-08-15 22:59:10,828 - VALO360 - DEBUG - 自動保存已禁用，跳過配置保存
2025-08-15 22:59:10,828 - VALO360 - DEBUG - 自動保存已禁用，跳過配置保存
2025-08-15 22:59:10,828 - VALO360 - DEBUG - 自動保存已禁用，跳過配置保存
2025-08-15 22:59:10,829 - VALO360 - DEBUG - 自動保存已禁用，跳過配置保存
2025-08-15 22:59:10,829 - VALO360 - DEBUG - 自動保存已禁用，跳過配置保存
2025-08-15 22:59:10,829 - VALO360 - DEBUG - 自動保存已禁用，跳過配置保存
2025-08-15 22:59:10,829 - VALO360 - DEBUG - 自動保存已禁用，跳過配置保存
2025-08-15 22:59:10,829 - VALO360 - DEBUG - 自動保存已禁用，跳過配置保存
2025-08-15 22:59:10,829 - VALO360 - DEBUG - 自動保存已禁用，跳過配置保存
2025-08-15 22:59:10,829 - VALO360 - DEBUG - 自動保存已禁用，跳過配置保存
2025-08-15 22:59:10,830 - VALO360 - DEBUG - 自動保存已禁用，跳過配置保存
2025-08-15 22:59:10,830 - VALO360 - DEBUG - 自動保存已禁用，跳過配置保存
2025-08-15 22:59:10,830 - VALO360 - DEBUG - 自動保存已禁用，跳過配置保存
2025-08-15 22:59:10,830 - VALO360 - DEBUG - 自動保存已禁用，跳過配置保存
2025-08-15 22:59:10,830 - VALO360 - DEBUG - 自動保存已禁用，跳過配置保存
2025-08-15 22:59:10,831 - VALO360 - DEBUG - 自動保存已禁用，跳過配置保存
2025-08-15 22:59:10,831 - VALO360 - DEBUG - 自動保存已禁用，跳過配置保存
2025-08-15 22:59:10,831 - VALO360 - DEBUG - 自動保存已禁用，跳過配置保存
2025-08-15 22:59:10,831 - VALO360 - DEBUG - 自動保存已禁用，跳過配置保存
2025-08-15 22:59:10,831 - VALO360 - DEBUG - 自動保存已禁用，跳過配置保存
2025-08-15 22:59:10,831 - VALO360 - DEBUG - 自動保存已禁用，跳過配置保存
2025-08-15 22:59:10,832 - VALO360 - DEBUG - 自動保存已禁用，跳過配置保存
2025-08-15 22:59:10,832 - VALO360 - DEBUG - 自動保存已禁用，跳過配置保存
2025-08-15 22:59:10,832 - VALO360 - DEBUG - 自動保存已禁用，跳過配置保存
2025-08-15 22:59:10,832 - VALO360 - DEBUG - 自動保存已禁用，跳過配置保存
2025-08-15 22:59:10,832 - VALO360 - DEBUG - 自動保存已禁用，跳過配置保存
2025-08-15 22:59:10,832 - VALO360 - DEBUG - 自動保存已禁用，跳過配置保存
2025-08-15 22:59:10,833 - VALO360 - DEBUG - 自動保存已禁用，跳過配置保存
2025-08-15 22:59:10,833 - VALO360 - DEBUG - 自動保存已禁用，跳過配置保存
2025-08-15 22:59:10,833 - VALO360 - DEBUG - 自動保存已禁用，跳過配置保存
2025-08-15 22:59:10,833 - VALO360 - DEBUG - 自動保存已禁用，跳過配置保存
2025-08-15 22:59:10,833 - VALO360 - DEBUG - 自動保存已禁用，跳過配置保存
2025-08-15 22:59:10,833 - VALO360 - DEBUG - 自動保存已禁用，跳過配置保存
2025-08-15 22:59:10,834 - VALO360 - DEBUG - 自動保存已禁用，跳過配置保存
2025-08-15 22:59:10,834 - VALO360 - DEBUG - 自動保存已禁用，跳過配置保存
2025-08-15 22:59:10,834 - VALO360 - DEBUG - 自動保存已禁用，跳過配置保存
2025-08-15 22:59:10,834 - VALO360 - DEBUG - 自動保存已禁用，跳過配置保存
2025-08-15 22:59:10,834 - VALO360 - DEBUG - 自動保存已禁用，跳過配置保存
2025-08-15 22:59:10,834 - VALO360 - DEBUG - 自動保存已禁用，跳過配置保存
2025-08-15 22:59:10,835 - VALO360 - DEBUG - 自動保存已禁用，跳過配置保存
2025-08-15 22:59:10,835 - VALO360 - DEBUG - 自動保存已禁用，跳過配置保存
2025-08-15 22:59:10,835 - VALO360 - DEBUG - 自動保存已禁用，跳過配置保存
2025-08-15 22:59:10,835 - VALO360 - DEBUG - 自動保存已禁用，跳過配置保存
2025-08-15 22:59:10,835 - VALO360 - DEBUG - 自動保存已禁用，跳過配置保存
2025-08-15 22:59:10,836 - VALO360 - DEBUG - 自動保存已禁用，跳過配置保存
2025-08-15 22:59:10,836 - VALO360 - DEBUG - 自動保存已禁用，跳過配置保存
2025-08-15 22:59:10,836 - VALO360 - DEBUG - 自動保存已禁用，跳過配置保存
2025-08-15 22:59:10,836 - VALO360 - DEBUG - 自動保存已禁用，跳過配置保存
2025-08-15 22:59:10,836 - VALO360 - DEBUG - 自動保存已禁用，跳過配置保存
2025-08-15 22:59:10,836 - VALO360 - DEBUG - 自動保存已禁用，跳過配置保存
2025-08-15 22:59:10,837 - VALO360 - DEBUG - 自動保存已禁用，跳過配置保存
2025-08-15 22:59:10,837 - VALO360 - DEBUG - 自動保存已禁用，跳過配置保存
2025-08-15 22:59:10,837 - VALO360 - DEBUG - 自動保存已禁用，跳過配置保存
2025-08-15 22:59:10,837 - VALO360 - DEBUG - 自動保存已禁用，跳過配置保存
2025-08-15 22:59:10,837 - VALO360 - DEBUG - 自動保存已禁用，跳過配置保存
2025-08-15 22:59:10,838 - VALO360 - DEBUG - 自動保存已禁用，跳過配置保存
2025-08-15 22:59:10,838 - VALO360 - DEBUG - 自動保存已禁用，跳過配置保存
2025-08-15 22:59:10,838 - VALO360 - DEBUG - 自動保存已禁用，跳過配置保存
2025-08-15 22:59:10,838 - VALO360 - DEBUG - 自動保存已禁用，跳過配置保存
2025-08-15 22:59:10,838 - VALO360 - DEBUG - 自動保存已禁用，跳過配置保存
2025-08-15 22:59:10,839 - VALO360 - DEBUG - 自動保存已禁用，跳過配置保存
2025-08-15 22:59:10,839 - VALO360 - DEBUG - 自動保存已禁用，跳過配置保存
2025-08-15 22:59:10,839 - VALO360 - DEBUG - 自動保存已禁用，跳過配置保存
2025-08-15 22:59:10,839 - VALO360 - DEBUG - 自動保存已禁用，跳過配置保存
2025-08-15 22:59:10,839 - VALO360 - DEBUG - 自動保存已禁用，跳過配置保存
2025-08-15 22:59:10,839 - VALO360 - DEBUG - 自動保存已禁用，跳過配置保存
2025-08-15 22:59:10,840 - VALO360 - DEBUG - 自動保存已禁用，跳過配置保存
2025-08-15 22:59:10,840 - VALO360 - DEBUG - 自動保存已禁用，跳過配置保存
2025-08-15 22:59:10,840 - VALO360 - DEBUG - 自動保存已禁用，跳過配置保存
2025-08-15 22:59:10,840 - VALO360 - DEBUG - 自動保存已禁用，跳過配置保存
2025-08-15 22:59:10,840 - VALO360 - DEBUG - 自動保存已禁用，跳過配置保存
2025-08-15 22:59:10,841 - VALO360 - DEBUG - 自動保存已禁用，跳過配置保存
2025-08-15 22:59:10,841 - VALO360 - DEBUG - 自動保存已禁用，跳過配置保存
2025-08-15 22:59:10,841 - VALO360 - DEBUG - 自動保存已禁用，跳過配置保存
2025-08-15 22:59:10,841 - VALO360 - DEBUG - 自動保存已禁用，跳過配置保存
2025-08-15 22:59:10,841 - VALO360 - DEBUG - 自動保存已禁用，跳過配置保存
2025-08-15 22:59:10,841 - VALO360 - DEBUG - 自動保存已禁用，跳過配置保存
2025-08-15 22:59:10,842 - VALO360 - DEBUG - 自動保存已禁用，跳過配置保存
2025-08-15 22:59:10,842 - VALO360 - DEBUG - 自動保存已禁用，跳過配置保存
2025-08-15 22:59:10,842 - VALO360 - DEBUG - 自動保存已禁用，跳過配置保存
2025-08-15 22:59:10,842 - VALO360 - DEBUG - 自動保存已禁用，跳過配置保存
2025-08-15 22:59:10,842 - VALO360 - DEBUG - 自動保存已禁用，跳過配置保存
2025-08-15 22:59:10,842 - VALO360 - DEBUG - 自動保存已禁用，跳過配置保存
2025-08-15 22:59:10,843 - VALO360 - DEBUG - 自動保存已禁用，跳過配置保存
2025-08-15 22:59:10,843 - VALO360 - DEBUG - 自動保存已禁用，跳過配置保存
2025-08-15 22:59:10,843 - VALO360 - DEBUG - 自動保存已禁用，跳過配置保存
2025-08-15 22:59:10,843 - VALO360 - DEBUG - 自動保存已禁用，跳過配置保存
2025-08-15 22:59:10,843 - VALO360 - DEBUG - 自動保存已禁用，跳過配置保存
2025-08-15 22:59:10,844 - VALO360 - DEBUG - 自動保存已禁用，跳過配置保存
2025-08-15 22:59:10,844 - VALO360 - DEBUG - 自動保存已禁用，跳過配置保存
2025-08-15 22:59:10,844 - VALO360 - DEBUG - 自動保存已禁用，跳過配置保存
2025-08-15 22:59:10,844 - VALO360 - DEBUG - 自動保存已禁用，跳過配置保存
2025-08-15 22:59:10,844 - VALO360 - DEBUG - 自動保存已禁用，跳過配置保存
2025-08-15 22:59:10,844 - VALO360 - DEBUG - 自動保存已禁用，跳過配置保存
2025-08-15 22:59:10,845 - VALO360 - DEBUG - 自動保存已禁用，跳過配置保存
2025-08-15 22:59:10,845 - VALO360 - DEBUG - 自動保存已禁用，跳過配置保存
2025-08-15 22:59:10,845 - VALO360 - DEBUG - 自動保存已禁用，跳過配置保存
2025-08-15 22:59:10,845 - VALO360 - DEBUG - 自動保存已禁用，跳過配置保存
2025-08-15 22:59:10,845 - VALO360 - DEBUG - 自動保存已禁用，跳過配置保存
2025-08-15 22:59:10,846 - VALO360 - DEBUG - 自動保存已禁用，跳過配置保存
2025-08-15 22:59:10,846 - VALO360 - DEBUG - 自動保存已禁用，跳過配置保存
2025-08-15 22:59:10,846 - VALO360 - DEBUG - 自動保存已禁用，跳過配置保存
2025-08-15 22:59:10,846 - VALO360 - DEBUG - 自動保存已禁用，跳過配置保存
2025-08-15 22:59:10,846 - VALO360 - DEBUG - 自動保存已禁用，跳過配置保存
2025-08-15 22:59:10,846 - VALO360 - DEBUG - 自動保存已禁用，跳過配置保存
2025-08-15 22:59:10,847 - VALO360 - DEBUG - 自動保存已禁用，跳過配置保存
2025-08-15 22:59:10,847 - VALO360 - DEBUG - 自動保存已禁用，跳過配置保存
2025-08-15 22:59:10,847 - VALO360 - DEBUG - 自動保存已禁用，跳過配置保存
2025-08-15 22:59:10,847 - VALO360 - DEBUG - 自動保存已禁用，跳過配置保存
2025-08-15 22:59:10,847 - VALO360 - DEBUG - 自動保存已禁用，跳過配置保存
2025-08-15 22:59:10,847 - VALO360 - DEBUG - 自動保存已禁用，跳過配置保存
2025-08-15 22:59:10,848 - VALO360 - DEBUG - 自動保存已禁用，跳過配置保存
2025-08-15 22:59:10,848 - VALO360 - DEBUG - 自動保存已禁用，跳過配置保存
2025-08-15 22:59:10,848 - VALO360 - DEBUG - 自動保存已禁用，跳過配置保存
2025-08-15 22:59:10,848 - VALO360 - DEBUG - 自動保存已禁用，跳過配置保存
2025-08-15 22:59:10,848 - VALO360 - DEBUG - 自動保存已禁用，跳過配置保存
2025-08-15 22:59:10,848 - VALO360 - DEBUG - 自動保存已禁用，跳過配置保存
2025-08-15 22:59:10,849 - VALO360 - DEBUG - 自動保存已禁用，跳過配置保存
2025-08-15 22:59:10,849 - VALO360 - DEBUG - 自動保存已禁用，跳過配置保存
2025-08-15 22:59:10,849 - VALO360 - DEBUG - 自動保存已禁用，跳過配置保存
2025-08-15 22:59:10,849 - VALO360 - DEBUG - 自動保存已禁用，跳過配置保存
2025-08-15 22:59:10,849 - VALO360 - DEBUG - 自動保存已禁用，跳過配置保存
2025-08-15 22:59:10,849 - VALO360 - DEBUG - 自動保存已禁用，跳過配置保存
2025-08-15 22:59:10,850 - VALO360 - DEBUG - 自動保存已禁用，跳過配置保存
2025-08-15 22:59:10,850 - VALO360 - DEBUG - 自動保存已禁用，跳過配置保存
2025-08-15 22:59:10,850 - VALO360 - DEBUG - 自動保存已禁用，跳過配置保存
2025-08-15 22:59:10,850 - VALO360 - DEBUG - 自動保存已禁用，跳過配置保存
2025-08-15 22:59:10,850 - VALO360 - DEBUG - 自動保存已禁用，跳過配置保存
2025-08-15 22:59:10,850 - VALO360 - DEBUG - 自動保存已禁用，跳過配置保存
2025-08-15 22:59:10,851 - VALO360 - DEBUG - 自動保存已禁用，跳過配置保存
2025-08-15 22:59:10,851 - VALO360 - DEBUG - 自動保存已禁用，跳過配置保存
2025-08-15 22:59:10,851 - VALO360 - DEBUG - 自動保存已禁用，跳過配置保存
2025-08-15 22:59:10,851 - VALO360 - DEBUG - 自動保存已禁用，跳過配置保存
2025-08-15 22:59:10,851 - VALO360 - DEBUG - 自動保存已禁用，跳過配置保存
2025-08-15 22:59:10,851 - VALO360 - DEBUG - 自動保存已禁用，跳過配置保存
2025-08-15 22:59:10,852 - VALO360 - DEBUG - 自動保存已禁用，跳過配置保存
2025-08-15 22:59:10,852 - VALO360 - DEBUG - 自動保存已禁用，跳過配置保存
2025-08-15 22:59:10,852 - VALO360 - DEBUG - 自動保存已禁用，跳過配置保存
2025-08-15 22:59:10,852 - VALO360 - DEBUG - 自動保存已禁用，跳過配置保存
2025-08-15 22:59:10,852 - VALO360 - DEBUG - 自動保存已禁用，跳過配置保存
2025-08-15 22:59:10,853 - VALO360 - DEBUG - 自動保存已禁用，跳過配置保存
2025-08-15 22:59:10,853 - VALO360 - DEBUG - 自動保存已禁用，跳過配置保存
2025-08-15 22:59:10,853 - VALO360 - DEBUG - 自動保存已禁用，跳過配置保存
2025-08-15 22:59:10,853 - VALO360 - DEBUG - 自動保存已禁用，跳過配置保存
2025-08-15 22:59:10,853 - VALO360 - DEBUG - 自動保存已禁用，跳過配置保存
2025-08-15 22:59:10,853 - VALO360 - DEBUG - 自動保存已禁用，跳過配置保存
2025-08-15 22:59:10,853 - VALO360 - DEBUG - 自動保存已禁用，跳過配置保存
2025-08-15 22:59:10,854 - VALO360 - DEBUG - 自動保存已禁用，跳過配置保存
2025-08-15 22:59:10,854 - VALO360 - DEBUG - 自動保存已禁用，跳過配置保存
2025-08-15 22:59:10,854 - VALO360 - DEBUG - 自動保存已禁用，跳過配置保存
2025-08-15 22:59:10,854 - VALO360 - DEBUG - 自動保存已禁用，跳過配置保存
2025-08-15 22:59:10,854 - VALO360 - DEBUG - 自動保存已禁用，跳過配置保存
2025-08-15 22:59:10,855 - VALO360 - DEBUG - 自動保存已禁用，跳過配置保存
2025-08-15 22:59:10,855 - VALO360 - DEBUG - 自動保存已禁用，跳過配置保存
2025-08-15 22:59:10,855 - VALO360 - DEBUG - 自動保存已禁用，跳過配置保存
2025-08-15 22:59:10,855 - VALO360 - DEBUG - 自動保存已禁用，跳過配置保存
2025-08-15 22:59:10,855 - VALO360 - DEBUG - 自動保存已禁用，跳過配置保存
2025-08-15 22:59:10,855 - VALO360 - DEBUG - 自動保存已禁用，跳過配置保存
2025-08-15 22:59:10,856 - VALO360 - DEBUG - 自動保存已禁用，跳過配置保存
2025-08-15 22:59:10,856 - VALO360 - DEBUG - 自動保存已禁用，跳過配置保存
2025-08-15 22:59:10,856 - VALO360 - DEBUG - 自動保存已禁用，跳過配置保存
2025-08-15 22:59:10,856 - VALO360 - DEBUG - 自動保存已禁用，跳過配置保存
2025-08-15 22:59:10,856 - VALO360 - DEBUG - 自動保存已禁用，跳過配置保存
2025-08-15 22:59:10,857 - VALO360 - DEBUG - 自動保存已禁用，跳過配置保存
2025-08-15 22:59:10,857 - VALO360 - DEBUG - 自動保存已禁用，跳過配置保存
2025-08-15 22:59:10,857 - VALO360 - DEBUG - 自動保存已禁用，跳過配置保存
2025-08-15 22:59:10,857 - VALO360 - DEBUG - 自動保存已禁用，跳過配置保存
2025-08-15 22:59:10,857 - VALO360 - DEBUG - 自動保存已禁用，跳過配置保存
2025-08-15 22:59:10,857 - VALO360 - DEBUG - 自動保存已禁用，跳過配置保存
2025-08-15 22:59:10,857 - VALO360 - DEBUG - 自動保存已禁用，跳過配置保存
2025-08-15 22:59:10,858 - VALO360 - DEBUG - 自動保存已禁用，跳過配置保存
2025-08-15 22:59:10,858 - VALO360 - DEBUG - 自動保存已禁用，跳過配置保存
2025-08-15 22:59:10,858 - VALO360 - DEBUG - 自動保存已禁用，跳過配置保存
2025-08-15 22:59:10,858 - VALO360 - DEBUG - 自動保存已禁用，跳過配置保存
2025-08-15 22:59:10,858 - VALO360 - DEBUG - 自動保存已禁用，跳過配置保存
2025-08-15 22:59:10,859 - VALO360 - DEBUG - 自動保存已禁用，跳過配置保存
2025-08-15 22:59:10,859 - VALO360 - DEBUG - 自動保存已禁用，跳過配置保存
2025-08-15 22:59:10,859 - VALO360 - DEBUG - 自動保存已禁用，跳過配置保存
2025-08-15 22:59:10,859 - VALO360 - DEBUG - 自動保存已禁用，跳過配置保存
2025-08-15 22:59:10,859 - VALO360 - DEBUG - 自動保存已禁用，跳過配置保存
2025-08-15 22:59:10,859 - VALO360 - DEBUG - 自動保存已禁用，跳過配置保存
2025-08-15 22:59:10,860 - VALO360 - DEBUG - 自動保存已禁用，跳過配置保存
2025-08-15 22:59:10,860 - VALO360 - DEBUG - 自動保存已禁用，跳過配置保存
2025-08-15 22:59:10,860 - VALO360 - DEBUG - 自動保存已禁用，跳過配置保存
2025-08-15 22:59:10,860 - VALO360 - DEBUG - 自動保存已禁用，跳過配置保存
2025-08-15 22:59:10,860 - VALO360 - DEBUG - 自動保存已禁用，跳過配置保存
2025-08-15 22:59:10,860 - VALO360 - DEBUG - 自動保存已禁用，跳過配置保存
2025-08-15 22:59:10,861 - VALO360 - DEBUG - 自動保存已禁用，跳過配置保存
2025-08-15 22:59:10,861 - VALO360 - DEBUG - 自動保存已禁用，跳過配置保存
2025-08-15 22:59:10,861 - VALO360 - DEBUG - 自動保存已禁用，跳過配置保存
2025-08-15 22:59:10,861 - VALO360 - DEBUG - 自動保存已禁用，跳過配置保存
2025-08-15 22:59:10,861 - VALO360 - DEBUG - 自動保存已禁用，跳過配置保存
2025-08-15 22:59:10,862 - VALO360 - DEBUG - 自動保存已禁用，跳過配置保存
2025-08-15 22:59:10,862 - VALO360 - DEBUG - 自動保存已禁用，跳過配置保存
2025-08-15 22:59:10,862 - VALO360 - DEBUG - 自動保存已禁用，跳過配置保存
2025-08-15 22:59:10,862 - VALO360 - DEBUG - 自動保存已禁用，跳過配置保存
2025-08-15 22:59:10,862 - VALO360 - DEBUG - 自動保存已禁用，跳過配置保存
2025-08-15 22:59:10,862 - VALO360 - DEBUG - 自動保存已禁用，跳過配置保存
2025-08-15 22:59:10,863 - VALO360 - DEBUG - 自動保存已禁用，跳過配置保存
2025-08-15 22:59:10,863 - VALO360 - DEBUG - 自動保存已禁用，跳過配置保存
2025-08-15 22:59:10,863 - VALO360 - DEBUG - 自動保存已禁用，跳過配置保存
2025-08-15 22:59:10,863 - VALO360 - DEBUG - 自動保存已禁用，跳過配置保存
2025-08-15 22:59:10,863 - VALO360 - DEBUG - 自動保存已禁用，跳過配置保存
2025-08-15 22:59:10,863 - VALO360 - DEBUG - 自動保存已禁用，跳過配置保存
2025-08-15 22:59:10,864 - VALO360 - DEBUG - 自動保存已禁用，跳過配置保存
2025-08-15 22:59:10,864 - VALO360 - DEBUG - 自動保存已禁用，跳過配置保存
2025-08-15 22:59:10,864 - VALO360 - DEBUG - 自動保存已禁用，跳過配置保存
2025-08-15 22:59:10,864 - VALO360 - DEBUG - 自動保存已禁用，跳過配置保存
2025-08-15 22:59:10,864 - VALO360 - DEBUG - 自動保存已禁用，跳過配置保存
2025-08-15 22:59:10,864 - VALO360 - DEBUG - 自動保存已禁用，跳過配置保存
2025-08-15 22:59:10,865 - VALO360 - DEBUG - 自動保存已禁用，跳過配置保存
2025-08-15 22:59:10,865 - VALO360 - DEBUG - 自動保存已禁用，跳過配置保存
2025-08-15 22:59:10,865 - VALO360 - DEBUG - 自動保存已禁用，跳過配置保存
2025-08-15 22:59:10,865 - VALO360 - DEBUG - 自動保存已禁用，跳過配置保存
2025-08-15 22:59:10,865 - VALO360 - DEBUG - 自動保存已禁用，跳過配置保存
2025-08-15 22:59:10,866 - VALO360 - DEBUG - 自動保存已禁用，跳過配置保存
2025-08-15 22:59:10,866 - VALO360 - DEBUG - 自動保存已禁用，跳過配置保存
2025-08-15 22:59:10,866 - VALO360 - DEBUG - 自動保存已禁用，跳過配置保存
2025-08-15 22:59:10,866 - VALO360 - DEBUG - 自動保存已禁用，跳過配置保存
2025-08-15 22:59:10,866 - VALO360 - DEBUG - 自動保存已禁用，跳過配置保存
2025-08-15 22:59:10,866 - VALO360 - DEBUG - 自動保存已禁用，跳過配置保存
2025-08-15 22:59:10,867 - VALO360 - DEBUG - 自動保存已禁用，跳過配置保存
2025-08-15 22:59:10,867 - VALO360 - DEBUG - 自動保存已禁用，跳過配置保存
2025-08-15 22:59:10,867 - VALO360 - DEBUG - 自動保存已禁用，跳過配置保存
2025-08-15 22:59:10,867 - VALO360 - DEBUG - 自動保存已禁用，跳過配置保存
2025-08-15 22:59:10,867 - VALO360 - DEBUG - 自動保存已禁用，跳過配置保存
2025-08-15 22:59:10,867 - VALO360 - DEBUG - 自動保存已禁用，跳過配置保存
2025-08-15 22:59:10,868 - VALO360 - DEBUG - 自動保存已禁用，跳過配置保存
2025-08-15 22:59:10,868 - VALO360 - DEBUG - 自動保存已禁用，跳過配置保存
2025-08-15 22:59:10,868 - VALO360 - DEBUG - 自動保存已禁用，跳過配置保存
2025-08-15 22:59:10,868 - VALO360 - DEBUG - 自動保存已禁用，跳過配置保存
2025-08-15 22:59:10,868 - VALO360 - DEBUG - 自動保存已禁用，跳過配置保存
2025-08-15 22:59:10,869 - VALO360 - DEBUG - 自動保存已禁用，跳過配置保存
2025-08-15 22:59:10,869 - VALO360 - DEBUG - 自動保存已禁用，跳過配置保存
2025-08-15 22:59:10,869 - VALO360 - DEBUG - 自動保存已禁用，跳過配置保存
2025-08-15 22:59:10,869 - VALO360 - DEBUG - 自動保存已禁用，跳過配置保存
2025-08-15 22:59:10,869 - VALO360 - DEBUG - 自動保存已禁用，跳過配置保存
2025-08-15 22:59:10,869 - VALO360 - DEBUG - 自動保存已禁用，跳過配置保存
2025-08-15 22:59:10,870 - VALO360 - DEBUG - 自動保存已禁用，跳過配置保存
2025-08-15 22:59:10,870 - VALO360 - DEBUG - 自動保存已禁用，跳過配置保存
2025-08-15 22:59:10,870 - VALO360 - DEBUG - 自動保存已禁用，跳過配置保存
2025-08-15 22:59:10,870 - VALO360 - DEBUG - 自動保存已禁用，跳過配置保存
2025-08-15 22:59:10,870 - VALO360 - DEBUG - 自動保存已禁用，跳過配置保存
2025-08-15 22:59:10,871 - VALO360 - DEBUG - 自動保存已禁用，跳過配置保存
2025-08-15 22:59:10,871 - VALO360 - DEBUG - 自動保存已禁用，跳過配置保存
2025-08-15 22:59:10,871 - VALO360 - DEBUG - 自動保存已禁用，跳過配置保存
2025-08-15 22:59:10,871 - VALO360 - DEBUG - 自動保存已禁用，跳過配置保存
2025-08-15 22:59:10,871 - VALO360 - DEBUG - 自動保存已禁用，跳過配置保存
2025-08-15 22:59:10,871 - VALO360 - DEBUG - 自動保存已禁用，跳過配置保存
2025-08-15 22:59:10,872 - VALO360 - DEBUG - 自動保存已禁用，跳過配置保存
2025-08-15 22:59:10,872 - VALO360 - DEBUG - 自動保存已禁用，跳過配置保存
2025-08-15 22:59:10,872 - VALO360 - DEBUG - 自動保存已禁用，跳過配置保存
2025-08-15 22:59:10,872 - VALO360 - DEBUG - 自動保存已禁用，跳過配置保存
2025-08-15 22:59:10,872 - VALO360 - DEBUG - 自動保存已禁用，跳過配置保存
2025-08-15 22:59:10,872 - VALO360 - DEBUG - 自動保存已禁用，跳過配置保存
2025-08-15 22:59:10,873 - VALO360 - DEBUG - 自動保存已禁用，跳過配置保存
2025-08-15 22:59:10,873 - VALO360 - DEBUG - 自動保存已禁用，跳過配置保存
2025-08-15 22:59:10,873 - VALO360 - DEBUG - 自動保存已禁用，跳過配置保存
2025-08-15 22:59:10,873 - VALO360 - DEBUG - 自動保存已禁用，跳過配置保存
2025-08-15 22:59:10,873 - VALO360 - DEBUG - 自動保存已禁用，跳過配置保存
2025-08-15 22:59:10,874 - VALO360 - DEBUG - 自動保存已禁用，跳過配置保存
2025-08-15 22:59:10,874 - VALO360 - DEBUG - 自動保存已禁用，跳過配置保存
2025-08-15 22:59:10,874 - VALO360 - DEBUG - 自動保存已禁用，跳過配置保存
2025-08-15 22:59:10,874 - VALO360 - DEBUG - 自動保存已禁用，跳過配置保存
2025-08-15 22:59:10,874 - VALO360 - DEBUG - 自動保存已禁用，跳過配置保存
2025-08-15 22:59:10,874 - VALO360 - DEBUG - 自動保存已禁用，跳過配置保存
2025-08-15 22:59:10,875 - VALO360 - DEBUG - 自動保存已禁用，跳過配置保存
2025-08-15 22:59:10,875 - VALO360 - DEBUG - 自動保存已禁用，跳過配置保存
2025-08-15 22:59:10,875 - VALO360 - DEBUG - 自動保存已禁用，跳過配置保存
2025-08-15 22:59:10,875 - VALO360 - DEBUG - 自動保存已禁用，跳過配置保存
2025-08-15 22:59:10,875 - VALO360 - DEBUG - 自動保存已禁用，跳過配置保存
2025-08-15 22:59:10,875 - VALO360 - DEBUG - 自動保存已禁用，跳過配置保存
2025-08-15 22:59:10,876 - VALO360 - DEBUG - 自動保存已禁用，跳過配置保存
2025-08-15 22:59:10,876 - VALO360 - DEBUG - 自動保存已禁用，跳過配置保存
2025-08-15 22:59:10,876 - VALO360 - DEBUG - 自動保存已禁用，跳過配置保存
2025-08-15 22:59:10,876 - VALO360 - DEBUG - 自動保存已禁用，跳過配置保存
2025-08-15 22:59:10,876 - VALO360 - DEBUG - 自動保存已禁用，跳過配置保存
2025-08-15 22:59:10,876 - VALO360 - DEBUG - 自動保存已禁用，跳過配置保存
2025-08-15 22:59:10,877 - VALO360 - DEBUG - 自動保存已禁用，跳過配置保存
2025-08-15 22:59:10,877 - VALO360 - DEBUG - 自動保存已禁用，跳過配置保存
2025-08-15 22:59:10,877 - VALO360 - DEBUG - 自動保存已禁用，跳過配置保存
2025-08-15 22:59:10,877 - VALO360 - DEBUG - 自動保存已禁用，跳過配置保存
2025-08-15 22:59:10,877 - VALO360 - DEBUG - 自動保存已禁用，跳過配置保存
2025-08-15 22:59:10,878 - VALO360 - DEBUG - 自動保存已禁用，跳過配置保存
2025-08-15 22:59:10,878 - VALO360 - DEBUG - 自動保存已禁用，跳過配置保存
2025-08-15 22:59:10,878 - VALO360 - DEBUG - 自動保存已禁用，跳過配置保存
2025-08-15 22:59:10,878 - VALO360 - DEBUG - 自動保存已禁用，跳過配置保存
2025-08-15 22:59:10,878 - VALO360 - DEBUG - 自動保存已禁用，跳過配置保存
2025-08-15 22:59:10,878 - VALO360 - DEBUG - 自動保存已禁用，跳過配置保存
2025-08-15 22:59:10,879 - VALO360 - DEBUG - 自動保存已禁用，跳過配置保存
2025-08-15 22:59:10,879 - VALO360 - DEBUG - 自動保存已禁用，跳過配置保存
2025-08-15 22:59:10,879 - VALO360 - DEBUG - 自動保存已禁用，跳過配置保存
2025-08-15 22:59:10,879 - VALO360 - DEBUG - 自動保存已禁用，跳過配置保存
2025-08-15 22:59:10,879 - VALO360 - DEBUG - 自動保存已禁用，跳過配置保存
2025-08-15 22:59:10,879 - VALO360 - DEBUG - 自動保存已禁用，跳過配置保存
2025-08-15 22:59:10,880 - VALO360 - DEBUG - 自動保存已禁用，跳過配置保存
2025-08-15 22:59:10,880 - VALO360 - DEBUG - 自動保存已禁用，跳過配置保存
2025-08-15 22:59:10,880 - VALO360 - DEBUG - 自動保存已禁用，跳過配置保存
2025-08-15 22:59:10,880 - VALO360 - DEBUG - 自動保存已禁用，跳過配置保存
2025-08-15 22:59:10,880 - VALO360 - DEBUG - 自動保存已禁用，跳過配置保存
2025-08-15 22:59:10,880 - VALO360 - DEBUG - 自動保存已禁用，跳過配置保存
2025-08-15 22:59:10,881 - VALO360 - DEBUG - 自動保存已禁用，跳過配置保存
2025-08-15 22:59:10,881 - VALO360 - DEBUG - 自動保存已禁用，跳過配置保存
2025-08-15 22:59:10,881 - VALO360 - DEBUG - 自動保存已禁用，跳過配置保存
2025-08-15 22:59:10,881 - VALO360 - DEBUG - 自動保存已禁用，跳過配置保存
2025-08-15 22:59:10,881 - VALO360 - DEBUG - 自動保存已禁用，跳過配置保存
2025-08-15 22:59:10,881 - VALO360 - DEBUG - 自動保存已禁用，跳過配置保存
2025-08-15 22:59:10,882 - VALO360 - DEBUG - 自動保存已禁用，跳過配置保存
2025-08-15 22:59:10,882 - VALO360 - DEBUG - 自動保存已禁用，跳過配置保存
2025-08-15 22:59:10,882 - VALO360 - DEBUG - 自動保存已禁用，跳過配置保存
2025-08-15 22:59:10,882 - VALO360 - DEBUG - 自動保存已禁用，跳過配置保存
2025-08-15 22:59:10,882 - VALO360 - DEBUG - 自動保存已禁用，跳過配置保存
2025-08-15 22:59:10,882 - VALO360 - DEBUG - 自動保存已禁用，跳過配置保存
2025-08-15 22:59:10,883 - VALO360 - DEBUG - 自動保存已禁用，跳過配置保存
2025-08-15 22:59:10,883 - VALO360 - DEBUG - 自動保存已禁用，跳過配置保存
2025-08-15 22:59:10,883 - VALO360 - DEBUG - 自動保存已禁用，跳過配置保存
2025-08-15 22:59:10,883 - VALO360 - DEBUG - 自動保存已禁用，跳過配置保存
2025-08-15 22:59:10,883 - VALO360 - DEBUG - 自動保存已禁用，跳過配置保存
2025-08-15 22:59:10,883 - VALO360 - DEBUG - 自動保存已禁用，跳過配置保存
2025-08-15 22:59:10,884 - VALO360 - DEBUG - 自動保存已禁用，跳過配置保存
2025-08-15 22:59:10,884 - VALO360 - DEBUG - 自動保存已禁用，跳過配置保存
2025-08-15 22:59:10,884 - VALO360 - DEBUG - 自動保存已禁用，跳過配置保存
2025-08-15 22:59:10,884 - VALO360 - DEBUG - 自動保存已禁用，跳過配置保存
2025-08-15 22:59:10,884 - VALO360 - DEBUG - 自動保存已禁用，跳過配置保存
2025-08-15 22:59:10,885 - VALO360 - DEBUG - 自動保存已禁用，跳過配置保存
2025-08-15 22:59:10,885 - VALO360 - DEBUG - 自動保存已禁用，跳過配置保存
2025-08-15 22:59:10,885 - VALO360 - DEBUG - 自動保存已禁用，跳過配置保存
2025-08-15 22:59:10,885 - VALO360 - DEBUG - 自動保存已禁用，跳過配置保存
2025-08-15 22:59:10,885 - VALO360 - DEBUG - 自動保存已禁用，跳過配置保存
2025-08-15 22:59:10,885 - VALO360 - DEBUG - 自動保存已禁用，跳過配置保存
2025-08-15 22:59:10,886 - VALO360 - DEBUG - 自動保存已禁用，跳過配置保存
2025-08-15 22:59:10,886 - VALO360 - DEBUG - 自動保存已禁用，跳過配置保存
2025-08-15 22:59:10,886 - VALO360 - DEBUG - 自動保存已禁用，跳過配置保存
2025-08-15 22:59:10,886 - VALO360 - DEBUG - 自動保存已禁用，跳過配置保存
2025-08-15 22:59:10,886 - VALO360 - DEBUG - 自動保存已禁用，跳過配置保存
2025-08-15 22:59:10,887 - VALO360 - DEBUG - 自動保存已禁用，跳過配置保存
2025-08-15 22:59:10,887 - VALO360 - DEBUG - 自動保存已禁用，跳過配置保存
2025-08-15 22:59:10,887 - VALO360 - DEBUG - 自動保存已禁用，跳過配置保存
2025-08-15 22:59:10,887 - VALO360 - DEBUG - 自動保存已禁用，跳過配置保存
2025-08-15 22:59:10,887 - VALO360 - DEBUG - 自動保存已禁用，跳過配置保存
2025-08-15 22:59:10,887 - VALO360 - DEBUG - 自動保存已禁用，跳過配置保存
2025-08-15 22:59:10,888 - VALO360 - DEBUG - 自動保存已禁用，跳過配置保存
2025-08-15 22:59:10,888 - VALO360 - DEBUG - 自動保存已禁用，跳過配置保存
2025-08-15 22:59:10,888 - VALO360 - DEBUG - 自動保存已禁用，跳過配置保存
2025-08-15 22:59:10,888 - VALO360 - DEBUG - 自動保存已禁用，跳過配置保存
2025-08-15 22:59:10,888 - VALO360 - DEBUG - 自動保存已禁用，跳過配置保存
2025-08-15 22:59:10,888 - VALO360 - DEBUG - 自動保存已禁用，跳過配置保存
2025-08-15 22:59:10,889 - VALO360 - DEBUG - 自動保存已禁用，跳過配置保存
2025-08-15 22:59:10,889 - VALO360 - DEBUG - 自動保存已禁用，跳過配置保存
2025-08-15 22:59:10,889 - VALO360 - DEBUG - 自動保存已禁用，跳過配置保存
2025-08-15 22:59:10,889 - VALO360 - DEBUG - 自動保存已禁用，跳過配置保存
2025-08-15 22:59:10,889 - VALO360 - DEBUG - 自動保存已禁用，跳過配置保存
2025-08-15 22:59:10,889 - VALO360 - DEBUG - 自動保存已禁用，跳過配置保存
2025-08-15 22:59:10,890 - VALO360 - DEBUG - 自動保存已禁用，跳過配置保存
2025-08-15 22:59:10,890 - VALO360 - DEBUG - 自動保存已禁用，跳過配置保存
2025-08-15 22:59:10,890 - VALO360 - DEBUG - 自動保存已禁用，跳過配置保存
2025-08-15 22:59:10,890 - VALO360 - DEBUG - 自動保存已禁用，跳過配置保存
2025-08-15 22:59:10,890 - VALO360 - DEBUG - 自動保存已禁用，跳過配置保存
2025-08-15 22:59:10,890 - VALO360 - DEBUG - 自動保存已禁用，跳過配置保存
2025-08-15 22:59:10,891 - VALO360 - DEBUG - 自動保存已禁用，跳過配置保存
2025-08-15 22:59:10,891 - VALO360 - DEBUG - 自動保存已禁用，跳過配置保存
2025-08-15 22:59:10,891 - VALO360 - DEBUG - 自動保存已禁用，跳過配置保存
2025-08-15 22:59:10,891 - VALO360 - DEBUG - 自動保存已禁用，跳過配置保存
2025-08-15 22:59:10,891 - VALO360 - DEBUG - 自動保存已禁用，跳過配置保存
2025-08-15 22:59:10,892 - VALO360 - DEBUG - 自動保存已禁用，跳過配置保存
2025-08-15 22:59:10,892 - VALO360 - DEBUG - 自動保存已禁用，跳過配置保存
2025-08-15 22:59:10,892 - VALO360 - DEBUG - 自動保存已禁用，跳過配置保存
2025-08-15 22:59:10,892 - VALO360 - DEBUG - 自動保存已禁用，跳過配置保存
2025-08-15 22:59:10,892 - VALO360 - DEBUG - 自動保存已禁用，跳過配置保存
2025-08-15 22:59:10,892 - VALO360 - DEBUG - 自動保存已禁用，跳過配置保存
2025-08-15 22:59:10,892 - VALO360 - DEBUG - 自動保存已禁用，跳過配置保存
2025-08-15 22:59:10,893 - VALO360 - DEBUG - 自動保存已禁用，跳過配置保存
2025-08-15 22:59:10,893 - VALO360 - DEBUG - 自動保存已禁用，跳過配置保存
2025-08-15 22:59:10,893 - VALO360 - DEBUG - 自動保存已禁用，跳過配置保存
2025-08-15 22:59:10,893 - VALO360 - DEBUG - 自動保存已禁用，跳過配置保存
2025-08-15 22:59:10,893 - VALO360 - DEBUG - 自動保存已禁用，跳過配置保存
2025-08-15 22:59:10,894 - VALO360 - DEBUG - 自動保存已禁用，跳過配置保存
2025-08-15 22:59:10,894 - VALO360 - DEBUG - 自動保存已禁用，跳過配置保存
2025-08-15 22:59:10,894 - VALO360 - DEBUG - 自動保存已禁用，跳過配置保存
2025-08-15 22:59:10,894 - VALO360 - DEBUG - 自動保存已禁用，跳過配置保存
2025-08-15 22:59:10,894 - VALO360 - DEBUG - 自動保存已禁用，跳過配置保存
2025-08-15 22:59:10,894 - VALO360 - DEBUG - 自動保存已禁用，跳過配置保存
2025-08-15 22:59:10,895 - VALO360 - DEBUG - 自動保存已禁用，跳過配置保存
2025-08-15 22:59:10,895 - VALO360 - DEBUG - 自動保存已禁用，跳過配置保存
2025-08-15 22:59:10,895 - VALO360 - DEBUG - 自動保存已禁用，跳過配置保存
2025-08-15 22:59:10,895 - VALO360 - DEBUG - 自動保存已禁用，跳過配置保存
2025-08-15 22:59:10,895 - VALO360 - DEBUG - 自動保存已禁用，跳過配置保存
2025-08-15 22:59:10,896 - VALO360 - DEBUG - 自動保存已禁用，跳過配置保存
2025-08-15 22:59:10,896 - VALO360 - DEBUG - 自動保存已禁用，跳過配置保存
2025-08-15 22:59:10,896 - VALO360 - DEBUG - 自動保存已禁用，跳過配置保存
2025-08-15 22:59:10,896 - VALO360 - DEBUG - 自動保存已禁用，跳過配置保存
2025-08-15 22:59:10,896 - VALO360 - DEBUG - 自動保存已禁用，跳過配置保存
2025-08-15 22:59:10,896 - VALO360 - DEBUG - 自動保存已禁用，跳過配置保存
2025-08-15 22:59:10,896 - VALO360 - DEBUG - 自動保存已禁用，跳過配置保存
2025-08-15 22:59:10,897 - VALO360 - DEBUG - 自動保存已禁用，跳過配置保存
2025-08-15 22:59:10,897 - VALO360 - DEBUG - 自動保存已禁用，跳過配置保存
2025-08-15 22:59:10,897 - VALO360 - DEBUG - 自動保存已禁用，跳過配置保存
2025-08-15 22:59:10,897 - VALO360 - DEBUG - 自動保存已禁用，跳過配置保存
2025-08-15 22:59:10,897 - VALO360 - DEBUG - 自動保存已禁用，跳過配置保存
2025-08-15 22:59:10,898 - VALO360 - DEBUG - 自動保存已禁用，跳過配置保存
2025-08-15 22:59:10,898 - VALO360 - DEBUG - 自動保存已禁用，跳過配置保存
2025-08-15 22:59:10,898 - VALO360 - DEBUG - 自動保存已禁用，跳過配置保存
2025-08-15 22:59:10,898 - VALO360 - DEBUG - 自動保存已禁用，跳過配置保存
2025-08-15 22:59:10,898 - VALO360 - DEBUG - 自動保存已禁用，跳過配置保存
2025-08-15 22:59:10,898 - VALO360 - DEBUG - 自動保存已禁用，跳過配置保存
2025-08-15 22:59:10,899 - VALO360 - DEBUG - 自動保存已禁用，跳過配置保存
2025-08-15 22:59:10,899 - VALO360 - DEBUG - 自動保存已禁用，跳過配置保存
2025-08-15 22:59:10,899 - VALO360 - DEBUG - 自動保存已禁用，跳過配置保存
2025-08-15 22:59:10,899 - VALO360 - DEBUG - 自動保存已禁用，跳過配置保存
2025-08-15 22:59:10,899 - VALO360 - DEBUG - 自動保存已禁用，跳過配置保存
2025-08-15 22:59:10,899 - VALO360 - DEBUG - 自動保存已禁用，跳過配置保存
2025-08-15 22:59:10,900 - VALO360 - DEBUG - 自動保存已禁用，跳過配置保存
2025-08-15 22:59:10,900 - VALO360 - DEBUG - 自動保存已禁用，跳過配置保存
2025-08-15 22:59:10,900 - VALO360 - DEBUG - 自動保存已禁用，跳過配置保存
2025-08-15 22:59:10,900 - VALO360 - DEBUG - 自動保存已禁用，跳過配置保存
2025-08-15 22:59:10,900 - VALO360 - DEBUG - 自動保存已禁用，跳過配置保存
2025-08-15 22:59:10,901 - VALO360 - DEBUG - 自動保存已禁用，跳過配置保存
2025-08-15 22:59:10,901 - VALO360 - DEBUG - 自動保存已禁用，跳過配置保存
2025-08-15 22:59:10,901 - VALO360 - DEBUG - 自動保存已禁用，跳過配置保存
2025-08-15 22:59:10,901 - VALO360 - DEBUG - 自動保存已禁用，跳過配置保存
2025-08-15 22:59:10,901 - VALO360 - DEBUG - 自動保存已禁用，跳過配置保存
2025-08-15 22:59:10,902 - VALO360 - DEBUG - 自動保存已禁用，跳過配置保存
2025-08-15 22:59:10,902 - VALO360 - DEBUG - 自動保存已禁用，跳過配置保存
2025-08-15 22:59:10,902 - VALO360 - DEBUG - 自動保存已禁用，跳過配置保存
2025-08-15 22:59:10,902 - VALO360 - DEBUG - 自動保存已禁用，跳過配置保存
2025-08-15 22:59:10,902 - VALO360 - DEBUG - 自動保存已禁用，跳過配置保存
2025-08-15 22:59:10,902 - VALO360 - DEBUG - 自動保存已禁用，跳過配置保存
2025-08-15 22:59:10,903 - VALO360 - DEBUG - 自動保存已禁用，跳過配置保存
2025-08-15 22:59:10,903 - VALO360 - DEBUG - 自動保存已禁用，跳過配置保存
2025-08-15 22:59:10,903 - VALO360 - DEBUG - 自動保存已禁用，跳過配置保存
2025-08-15 22:59:10,903 - VALO360 - DEBUG - 自動保存已禁用，跳過配置保存
2025-08-15 22:59:10,903 - VALO360 - DEBUG - 自動保存已禁用，跳過配置保存
2025-08-15 22:59:10,903 - VALO360 - DEBUG - 自動保存已禁用，跳過配置保存
2025-08-15 22:59:10,904 - VALO360 - DEBUG - 自動保存已禁用，跳過配置保存
2025-08-15 22:59:10,904 - VALO360 - DEBUG - 自動保存已禁用，跳過配置保存
2025-08-15 22:59:10,904 - VALO360 - DEBUG - 自動保存已禁用，跳過配置保存
2025-08-15 22:59:10,904 - VALO360 - DEBUG - 自動保存已禁用，跳過配置保存
2025-08-15 22:59:10,904 - VALO360 - DEBUG - 自動保存已禁用，跳過配置保存
2025-08-15 22:59:10,904 - VALO360 - DEBUG - 自動保存已禁用，跳過配置保存
2025-08-15 22:59:10,905 - VALO360 - DEBUG - 自動保存已禁用，跳過配置保存
2025-08-15 22:59:10,905 - VALO360 - DEBUG - 自動保存已禁用，跳過配置保存
2025-08-15 22:59:10,905 - VALO360 - DEBUG - 自動保存已禁用，跳過配置保存
2025-08-15 22:59:10,905 - VALO360 - DEBUG - 自動保存已禁用，跳過配置保存
2025-08-15 22:59:10,905 - VALO360 - DEBUG - 自動保存已禁用，跳過配置保存
2025-08-15 22:59:10,906 - VALO360 - DEBUG - 自動保存已禁用，跳過配置保存
2025-08-15 22:59:10,906 - VALO360 - DEBUG - 自動保存已禁用，跳過配置保存
2025-08-15 22:59:10,906 - VALO360 - DEBUG - 自動保存已禁用，跳過配置保存
2025-08-15 22:59:10,906 - VALO360 - DEBUG - 自動保存已禁用，跳過配置保存
2025-08-15 22:59:10,906 - VALO360 - DEBUG - 自動保存已禁用，跳過配置保存
2025-08-15 22:59:10,906 - VALO360 - DEBUG - 自動保存已禁用，跳過配置保存
2025-08-15 22:59:10,907 - VALO360 - DEBUG - 自動保存已禁用，跳過配置保存
2025-08-15 22:59:10,907 - VALO360 - DEBUG - 自動保存已禁用，跳過配置保存
2025-08-15 22:59:10,907 - VALO360 - DEBUG - 自動保存已禁用，跳過配置保存
2025-08-15 22:59:10,907 - VALO360 - DEBUG - 自動保存已禁用，跳過配置保存
2025-08-15 22:59:10,907 - VALO360 - DEBUG - 自動保存已禁用，跳過配置保存
2025-08-15 22:59:10,908 - VALO360 - DEBUG - 自動保存已禁用，跳過配置保存
2025-08-15 22:59:10,908 - VALO360 - DEBUG - 自動保存已禁用，跳過配置保存
2025-08-15 22:59:10,908 - VALO360 - DEBUG - 自動保存已禁用，跳過配置保存
2025-08-15 22:59:10,908 - VALO360 - DEBUG - 自動保存已禁用，跳過配置保存
2025-08-15 22:59:10,908 - VALO360 - DEBUG - 自動保存已禁用，跳過配置保存
2025-08-15 22:59:10,908 - VALO360 - DEBUG - 自動保存已禁用，跳過配置保存
2025-08-15 22:59:10,909 - VALO360 - DEBUG - 自動保存已禁用，跳過配置保存
2025-08-15 22:59:10,909 - VALO360 - DEBUG - 自動保存已禁用，跳過配置保存
2025-08-15 22:59:10,909 - VALO360 - DEBUG - 自動保存已禁用，跳過配置保存
2025-08-15 22:59:10,909 - VALO360 - DEBUG - 自動保存已禁用，跳過配置保存
2025-08-15 22:59:10,909 - VALO360 - DEBUG - 自動保存已禁用，跳過配置保存
2025-08-15 22:59:10,909 - VALO360 - DEBUG - 自動保存已禁用，跳過配置保存
2025-08-15 22:59:10,910 - VALO360 - DEBUG - 自動保存已禁用，跳過配置保存
2025-08-15 22:59:10,910 - VALO360 - DEBUG - 自動保存已禁用，跳過配置保存
2025-08-15 22:59:10,910 - VALO360 - DEBUG - 自動保存已禁用，跳過配置保存
2025-08-15 22:59:10,910 - VALO360 - DEBUG - 自動保存已禁用，跳過配置保存
2025-08-15 22:59:10,911 - VALO360 - DEBUG - 自動保存已禁用，跳過配置保存
2025-08-15 22:59:10,911 - VALO360 - DEBUG - 自動保存已禁用，跳過配置保存
2025-08-15 22:59:10,911 - VALO360 - DEBUG - 自動保存已禁用，跳過配置保存
2025-08-15 22:59:10,911 - VALO360 - DEBUG - 自動保存已禁用，跳過配置保存
2025-08-15 22:59:10,911 - VALO360 - DEBUG - 自動保存已禁用，跳過配置保存
2025-08-15 22:59:10,911 - VALO360 - DEBUG - 自動保存已禁用，跳過配置保存
2025-08-15 22:59:10,912 - VALO360 - DEBUG - 自動保存已禁用，跳過配置保存
2025-08-15 22:59:10,912 - VALO360 - DEBUG - 自動保存已禁用，跳過配置保存
2025-08-15 22:59:10,912 - VALO360 - DEBUG - 自動保存已禁用，跳過配置保存
2025-08-15 22:59:10,912 - VALO360 - DEBUG - 自動保存已禁用，跳過配置保存
2025-08-15 22:59:10,912 - VALO360 - DEBUG - 自動保存已禁用，跳過配置保存
2025-08-15 22:59:10,912 - VALO360 - DEBUG - 自動保存已禁用，跳過配置保存
2025-08-15 22:59:10,913 - VALO360 - DEBUG - 自動保存已禁用，跳過配置保存
2025-08-15 22:59:10,913 - VALO360 - DEBUG - 自動保存已禁用，跳過配置保存
2025-08-15 22:59:10,913 - VALO360 - DEBUG - 自動保存已禁用，跳過配置保存
2025-08-15 22:59:10,913 - VALO360 - DEBUG - 自動保存已禁用，跳過配置保存
2025-08-15 22:59:10,913 - VALO360 - DEBUG - 自動保存已禁用，跳過配置保存
2025-08-15 22:59:10,914 - VALO360 - DEBUG - 自動保存已禁用，跳過配置保存
2025-08-15 22:59:10,914 - VALO360 - DEBUG - 自動保存已禁用，跳過配置保存
2025-08-15 22:59:10,914 - VALO360 - DEBUG - 自動保存已禁用，跳過配置保存
2025-08-15 22:59:10,914 - VALO360 - DEBUG - 自動保存已禁用，跳過配置保存
2025-08-15 22:59:10,914 - VALO360 - DEBUG - 自動保存已禁用，跳過配置保存
2025-08-15 22:59:10,914 - VALO360 - DEBUG - 自動保存已禁用，跳過配置保存
2025-08-15 22:59:10,914 - VALO360 - DEBUG - 自動保存已禁用，跳過配置保存
2025-08-15 22:59:10,915 - VALO360 - DEBUG - 自動保存已禁用，跳過配置保存
2025-08-15 22:59:10,915 - VALO360 - DEBUG - 自動保存已禁用，跳過配置保存
2025-08-15 22:59:10,915 - VALO360 - DEBUG - 自動保存已禁用，跳過配置保存
2025-08-15 22:59:10,915 - VALO360 - DEBUG - 自動保存已禁用，跳過配置保存
2025-08-15 22:59:10,915 - VALO360 - DEBUG - 自動保存已禁用，跳過配置保存
2025-08-15 22:59:10,916 - VALO360 - DEBUG - 自動保存已禁用，跳過配置保存
2025-08-15 22:59:10,916 - VALO360 - DEBUG - 自動保存已禁用，跳過配置保存
2025-08-15 22:59:10,916 - VALO360 - DEBUG - 自動保存已禁用，跳過配置保存
2025-08-15 22:59:10,916 - VALO360 - DEBUG - 自動保存已禁用，跳過配置保存
2025-08-15 22:59:10,916 - VALO360 - DEBUG - 自動保存已禁用，跳過配置保存
2025-08-15 22:59:10,916 - VALO360 - DEBUG - 自動保存已禁用，跳過配置保存
2025-08-15 22:59:10,916 - VALO360 - DEBUG - 自動保存已禁用，跳過配置保存
2025-08-15 22:59:10,917 - VALO360 - DEBUG - 自動保存已禁用，跳過配置保存
2025-08-15 22:59:10,917 - VALO360 - DEBUG - 自動保存已禁用，跳過配置保存
2025-08-15 22:59:10,917 - VALO360 - DEBUG - 自動保存已禁用，跳過配置保存
2025-08-15 22:59:10,917 - VALO360 - DEBUG - 自動保存已禁用，跳過配置保存
2025-08-15 22:59:10,918 - VALO360 - DEBUG - 自動保存已禁用，跳過配置保存
2025-08-15 22:59:10,918 - VALO360 - DEBUG - 自動保存已禁用，跳過配置保存
2025-08-15 22:59:10,918 - VALO360 - DEBUG - 自動保存已禁用，跳過配置保存
2025-08-15 22:59:10,918 - VALO360 - DEBUG - 自動保存已禁用，跳過配置保存
2025-08-15 22:59:10,918 - VALO360 - DEBUG - 自動保存已禁用，跳過配置保存
2025-08-15 22:59:10,918 - VALO360 - DEBUG - 自動保存已禁用，跳過配置保存
2025-08-15 22:59:10,919 - VALO360 - DEBUG - 自動保存已禁用，跳過配置保存
2025-08-15 22:59:10,919 - VALO360 - DEBUG - 自動保存已禁用，跳過配置保存
2025-08-15 22:59:10,919 - VALO360 - DEBUG - 自動保存已禁用，跳過配置保存
2025-08-15 22:59:10,919 - VALO360 - DEBUG - 自動保存已禁用，跳過配置保存
2025-08-15 22:59:10,919 - VALO360 - DEBUG - 自動保存已禁用，跳過配置保存
2025-08-15 22:59:10,919 - VALO360 - DEBUG - 自動保存已禁用，跳過配置保存
2025-08-15 22:59:10,920 - VALO360 - DEBUG - 自動保存已禁用，跳過配置保存
2025-08-15 22:59:10,920 - VALO360 - DEBUG - 自動保存已禁用，跳過配置保存
2025-08-15 22:59:10,920 - VALO360 - DEBUG - 自動保存已禁用，跳過配置保存
2025-08-15 22:59:10,920 - VALO360 - DEBUG - 自動保存已禁用，跳過配置保存
2025-08-15 22:59:10,920 - VALO360 - DEBUG - 自動保存已禁用，跳過配置保存
2025-08-15 22:59:10,921 - VALO360 - DEBUG - 自動保存已禁用，跳過配置保存
2025-08-15 22:59:10,921 - VALO360 - DEBUG - 自動保存已禁用，跳過配置保存
2025-08-15 22:59:10,921 - VALO360 - DEBUG - 自動保存已禁用，跳過配置保存
2025-08-15 22:59:10,921 - VALO360 - DEBUG - 自動保存已禁用，跳過配置保存
2025-08-15 22:59:10,921 - VALO360 - DEBUG - 自動保存已禁用，跳過配置保存
2025-08-15 22:59:10,921 - VALO360 - DEBUG - 自動保存已禁用，跳過配置保存
2025-08-15 22:59:10,922 - VALO360 - DEBUG - 自動保存已禁用，跳過配置保存
2025-08-15 22:59:10,922 - VALO360 - DEBUG - 自動保存已禁用，跳過配置保存
2025-08-15 22:59:10,922 - VALO360 - DEBUG - 自動保存已禁用，跳過配置保存
2025-08-15 22:59:10,922 - VALO360 - DEBUG - 自動保存已禁用，跳過配置保存
2025-08-15 22:59:10,922 - VALO360 - DEBUG - 自動保存已禁用，跳過配置保存
2025-08-15 22:59:10,923 - VALO360 - DEBUG - 自動保存已禁用，跳過配置保存
2025-08-15 22:59:10,923 - VALO360 - DEBUG - 自動保存已禁用，跳過配置保存
2025-08-15 22:59:10,923 - VALO360 - DEBUG - 自動保存已禁用，跳過配置保存
2025-08-15 22:59:10,923 - VALO360 - DEBUG - 自動保存已禁用，跳過配置保存
2025-08-15 22:59:10,923 - VALO360 - DEBUG - 自動保存已禁用，跳過配置保存
2025-08-15 22:59:10,924 - VALO360 - DEBUG - 自動保存已禁用，跳過配置保存
2025-08-15 22:59:10,924 - VALO360 - DEBUG - 自動保存已禁用，跳過配置保存
2025-08-15 22:59:10,924 - VALO360 - DEBUG - 自動保存已禁用，跳過配置保存
2025-08-15 22:59:10,924 - VALO360 - DEBUG - 自動保存已禁用，跳過配置保存
2025-08-15 22:59:10,924 - VALO360 - DEBUG - 自動保存已禁用，跳過配置保存
2025-08-15 22:59:10,924 - VALO360 - DEBUG - 自動保存已禁用，跳過配置保存
2025-08-15 22:59:10,925 - VALO360 - DEBUG - 自動保存已禁用，跳過配置保存
2025-08-15 22:59:10,925 - VALO360 - DEBUG - 自動保存已禁用，跳過配置保存
2025-08-15 22:59:10,925 - VALO360 - DEBUG - 自動保存已禁用，跳過配置保存
2025-08-15 22:59:10,925 - VALO360 - DEBUG - 自動保存已禁用，跳過配置保存
2025-08-15 22:59:10,925 - VALO360 - DEBUG - 自動保存已禁用，跳過配置保存
2025-08-15 22:59:10,926 - VALO360 - DEBUG - 自動保存已禁用，跳過配置保存
2025-08-15 22:59:10,926 - VALO360 - DEBUG - 自動保存已禁用，跳過配置保存
2025-08-15 22:59:10,926 - VALO360 - DEBUG - 自動保存已禁用，跳過配置保存
2025-08-15 22:59:10,926 - VALO360 - DEBUG - 自動保存已禁用，跳過配置保存
2025-08-15 22:59:10,926 - VALO360 - DEBUG - 自動保存已禁用，跳過配置保存
2025-08-15 22:59:10,926 - VALO360 - DEBUG - 自動保存已禁用，跳過配置保存
2025-08-15 22:59:10,927 - VALO360 - DEBUG - 自動保存已禁用，跳過配置保存
2025-08-15 22:59:10,927 - VALO360 - DEBUG - 自動保存已禁用，跳過配置保存
2025-08-15 22:59:10,927 - VALO360 - DEBUG - 自動保存已禁用，跳過配置保存
2025-08-15 22:59:10,927 - VALO360 - DEBUG - 自動保存已禁用，跳過配置保存
2025-08-15 22:59:10,927 - VALO360 - DEBUG - 自動保存已禁用，跳過配置保存
2025-08-15 22:59:10,927 - VALO360 - DEBUG - 自動保存已禁用，跳過配置保存
2025-08-15 22:59:10,928 - VALO360 - DEBUG - 自動保存已禁用，跳過配置保存
2025-08-15 22:59:10,928 - VALO360 - DEBUG - 自動保存已禁用，跳過配置保存
2025-08-15 22:59:10,928 - VALO360 - DEBUG - 自動保存已禁用，跳過配置保存
2025-08-15 22:59:10,928 - VALO360 - DEBUG - 自動保存已禁用，跳過配置保存
2025-08-15 22:59:10,928 - VALO360 - DEBUG - 自動保存已禁用，跳過配置保存
2025-08-15 22:59:10,928 - VALO360 - DEBUG - 自動保存已禁用，跳過配置保存
2025-08-15 22:59:10,929 - VALO360 - DEBUG - 自動保存已禁用，跳過配置保存
2025-08-15 22:59:10,929 - VALO360 - DEBUG - 自動保存已禁用，跳過配置保存
2025-08-15 22:59:10,929 - VALO360 - DEBUG - 自動保存已禁用，跳過配置保存
2025-08-15 22:59:10,929 - VALO360 - DEBUG - 自動保存已禁用，跳過配置保存
2025-08-15 22:59:10,929 - VALO360 - DEBUG - 自動保存已禁用，跳過配置保存
2025-08-15 22:59:10,930 - VALO360 - DEBUG - 自動保存已禁用，跳過配置保存
2025-08-15 22:59:10,930 - VALO360 - DEBUG - 自動保存已禁用，跳過配置保存
2025-08-15 22:59:10,930 - VALO360 - DEBUG - 自動保存已禁用，跳過配置保存
2025-08-15 22:59:10,930 - VALO360 - DEBUG - 自動保存已禁用，跳過配置保存
2025-08-15 22:59:10,930 - VALO360 - DEBUG - 自動保存已禁用，跳過配置保存
2025-08-15 22:59:10,931 - VALO360 - DEBUG - 自動保存已禁用，跳過配置保存
2025-08-15 22:59:10,931 - VALO360 - DEBUG - 自動保存已禁用，跳過配置保存
2025-08-15 22:59:10,931 - VALO360 - DEBUG - 自動保存已禁用，跳過配置保存
2025-08-15 22:59:10,931 - VALO360 - DEBUG - 自動保存已禁用，跳過配置保存
2025-08-15 22:59:10,931 - VALO360 - DEBUG - 自動保存已禁用，跳過配置保存
2025-08-15 22:59:10,931 - VALO360 - DEBUG - 自動保存已禁用，跳過配置保存
2025-08-15 22:59:10,932 - VALO360 - DEBUG - 自動保存已禁用，跳過配置保存
2025-08-15 22:59:10,932 - VALO360 - DEBUG - 自動保存已禁用，跳過配置保存
2025-08-15 22:59:10,932 - VALO360 - DEBUG - 自動保存已禁用，跳過配置保存
2025-08-15 22:59:10,932 - VALO360 - DEBUG - 自動保存已禁用，跳過配置保存
2025-08-15 22:59:10,932 - VALO360 - DEBUG - 自動保存已禁用，跳過配置保存
2025-08-15 22:59:10,932 - VALO360 - DEBUG - 自動保存已禁用，跳過配置保存
2025-08-15 22:59:10,933 - VALO360 - DEBUG - 自動保存已禁用，跳過配置保存
2025-08-15 22:59:10,933 - VALO360 - DEBUG - 自動保存已禁用，跳過配置保存
2025-08-15 22:59:10,933 - VALO360 - DEBUG - 自動保存已禁用，跳過配置保存
2025-08-15 22:59:10,933 - VALO360 - DEBUG - 自動保存已禁用，跳過配置保存
2025-08-15 22:59:10,933 - VALO360 - DEBUG - 自動保存已禁用，跳過配置保存
2025-08-15 22:59:10,934 - VALO360 - DEBUG - 自動保存已禁用，跳過配置保存
2025-08-15 22:59:10,934 - VALO360 - DEBUG - 自動保存已禁用，跳過配置保存
2025-08-15 22:59:10,934 - VALO360 - DEBUG - 自動保存已禁用，跳過配置保存
2025-08-15 22:59:10,936 - VALO360 - DEBUG - 自動保存已禁用，跳過配置保存
2025-08-15 22:59:10,936 - VALO360 - DEBUG - 自動保存已禁用，跳過配置保存
2025-08-15 22:59:10,936 - VALO360 - DEBUG - 自動保存已禁用，跳過配置保存
2025-08-15 22:59:10,936 - VALO360 - DEBUG - 自動保存已禁用，跳過配置保存
2025-08-15 22:59:10,937 - VALO360 - DEBUG - 自動保存已禁用，跳過配置保存
2025-08-15 22:59:10,937 - VALO360 - DEBUG - 自動保存已禁用，跳過配置保存
2025-08-15 22:59:10,937 - VALO360 - DEBUG - 自動保存已禁用，跳過配置保存
2025-08-15 22:59:10,937 - VALO360 - DEBUG - 自動保存已禁用，跳過配置保存
2025-08-15 22:59:10,937 - VALO360 - DEBUG - 自動保存已禁用，跳過配置保存
2025-08-15 22:59:10,938 - VALO360 - DEBUG - 自動保存已禁用，跳過配置保存
2025-08-15 22:59:10,938 - VALO360 - DEBUG - 自動保存已禁用，跳過配置保存
2025-08-15 22:59:10,938 - VALO360 - DEBUG - 自動保存已禁用，跳過配置保存
2025-08-15 22:59:10,938 - VALO360 - DEBUG - 自動保存已禁用，跳過配置保存
2025-08-15 22:59:10,938 - VALO360 - DEBUG - 自動保存已禁用，跳過配置保存
2025-08-15 22:59:10,938 - VALO360 - DEBUG - 自動保存已禁用，跳過配置保存
2025-08-15 22:59:10,939 - VALO360 - DEBUG - 自動保存已禁用，跳過配置保存
2025-08-15 22:59:10,939 - VALO360 - DEBUG - 自動保存已禁用，跳過配置保存
2025-08-15 22:59:10,939 - VALO360 - DEBUG - 自動保存已禁用，跳過配置保存
2025-08-15 22:59:10,939 - VALO360 - DEBUG - 自動保存已禁用，跳過配置保存
2025-08-15 22:59:10,939 - VALO360 - DEBUG - 自動保存已禁用，跳過配置保存
2025-08-15 22:59:10,940 - VALO360 - DEBUG - 自動保存已禁用，跳過配置保存
2025-08-15 22:59:10,940 - VALO360 - DEBUG - 自動保存已禁用，跳過配置保存
2025-08-15 22:59:10,940 - VALO360 - DEBUG - 自動保存已禁用，跳過配置保存
2025-08-15 22:59:10,940 - VALO360 - DEBUG - 自動保存已禁用，跳過配置保存
2025-08-15 22:59:10,940 - VALO360 - DEBUG - 自動保存已禁用，跳過配置保存
2025-08-15 22:59:10,940 - VALO360 - DEBUG - 自動保存已禁用，跳過配置保存
2025-08-15 22:59:10,940 - VALO360 - DEBUG - 自動保存已禁用，跳過配置保存
2025-08-15 22:59:10,941 - VALO360 - DEBUG - 自動保存已禁用，跳過配置保存
2025-08-15 22:59:10,941 - VALO360 - DEBUG - 自動保存已禁用，跳過配置保存
2025-08-15 22:59:10,941 - VALO360 - DEBUG - 自動保存已禁用，跳過配置保存
2025-08-15 22:59:10,941 - VALO360 - DEBUG - 自動保存已禁用，跳過配置保存
2025-08-15 22:59:10,941 - VALO360 - DEBUG - 自動保存已禁用，跳過配置保存
2025-08-15 22:59:10,942 - VALO360 - DEBUG - 自動保存已禁用，跳過配置保存
2025-08-15 22:59:10,942 - VALO360 - DEBUG - 自動保存已禁用，跳過配置保存
2025-08-15 22:59:10,942 - VALO360 - DEBUG - 自動保存已禁用，跳過配置保存
2025-08-15 22:59:10,942 - VALO360 - DEBUG - 自動保存已禁用，跳過配置保存
2025-08-15 22:59:10,942 - VALO360 - DEBUG - 自動保存已禁用，跳過配置保存
2025-08-15 22:59:10,943 - VALO360 - DEBUG - 自動保存已禁用，跳過配置保存
2025-08-15 22:59:10,943 - VALO360 - DEBUG - 自動保存已禁用，跳過配置保存
2025-08-15 22:59:10,943 - VALO360 - DEBUG - 自動保存已禁用，跳過配置保存
2025-08-15 22:59:10,945 - VALO360 - DEBUG - 自動保存已禁用，跳過配置保存
2025-08-15 22:59:10,945 - VALO360 - DEBUG - 自動保存已禁用，跳過配置保存
2025-08-15 22:59:10,945 - VALO360 - DEBUG - 自動保存已禁用，跳過配置保存
2025-08-15 22:59:10,945 - VALO360 - DEBUG - 自動保存已禁用，跳過配置保存
2025-08-15 22:59:10,946 - VALO360 - DEBUG - 自動保存已禁用，跳過配置保存
2025-08-15 22:59:10,946 - VALO360 - DEBUG - 自動保存已禁用，跳過配置保存
2025-08-15 22:59:10,946 - VALO360 - DEBUG - 自動保存已禁用，跳過配置保存
2025-08-15 22:59:10,946 - VALO360 - DEBUG - 自動保存已禁用，跳過配置保存
2025-08-15 22:59:11,838 - VALO360 - DEBUG - 自動保存已禁用，跳過配置保存
2025-08-15 22:59:11,839 - VALO360 - DEBUG - 自動保存已禁用，跳過配置保存
2025-08-15 22:59:11,839 - VALO360 - DEBUG - 自動保存已禁用，跳過配置保存
2025-08-15 22:59:11,839 - VALO360 - DEBUG - 自動保存已禁用，跳過配置保存
2025-08-15 22:59:11,839 - VALO360 - DEBUG - 自動保存已禁用，跳過配置保存
2025-08-15 22:59:11,840 - VALO360 - DEBUG - 自動保存已禁用，跳過配置保存
2025-08-15 22:59:11,840 - VALO360 - DEBUG - 自動保存已禁用，跳過配置保存
2025-08-15 22:59:11,840 - VALO360 - DEBUG - 自動保存已禁用，跳過配置保存
2025-08-15 22:59:11,840 - VALO360 - DEBUG - 自動保存已禁用，跳過配置保存
2025-08-15 22:59:11,840 - VALO360 - DEBUG - 自動保存已禁用，跳過配置保存
2025-08-15 22:59:11,840 - VALO360 - DEBUG - 自動保存已禁用，跳過配置保存
2025-08-15 22:59:11,840 - VALO360 - DEBUG - 自動保存已禁用，跳過配置保存
2025-08-15 22:59:11,841 - VALO360 - DEBUG - 自動保存已禁用，跳過配置保存
2025-08-15 22:59:11,841 - VALO360 - DEBUG - 自動保存已禁用，跳過配置保存
2025-08-15 22:59:11,841 - VALO360 - DEBUG - 自動保存已禁用，跳過配置保存
2025-08-15 22:59:11,841 - VALO360 - DEBUG - 自動保存已禁用，跳過配置保存
2025-08-15 22:59:11,842 - VALO360 - DEBUG - 自動保存已禁用，跳過配置保存
2025-08-15 22:59:11,842 - VALO360 - DEBUG - 自動保存已禁用，跳過配置保存
2025-08-15 22:59:11,842 - VALO360 - DEBUG - 自動保存已禁用，跳過配置保存
2025-08-15 22:59:11,842 - VALO360 - DEBUG - 自動保存已禁用，跳過配置保存
2025-08-15 22:59:11,992 - VALO360 - DEBUG - 簡單關閉 COM 口 COM1
2025-08-15 22:59:11,992 - VALO360 - DEBUG - SerialWorker 執行完成
2025-08-15 22:59:11,992 - VALO360 - WARNING - 函數 SerialWorker.run 執行時間過長: 8.753秒
2025-08-15 22:59:13,370 - VALO360 - DEBUG - 配置已備份至: backup\setup_backup_20250815_225913.json
2025-08-15 22:59:13,382 - VALO360 - DEBUG - 配置保存成功
2025-08-15 22:59:13,386 - VALO360 - DEBUG - 配置已備份至: backup\setup_backup_20250815_225913.json
2025-08-15 22:59:13,398 - VALO360 - DEBUG - 配置保存成功
2025-08-15 22:59:13,399 - VALO360 - DEBUG - 自動保存已禁用，跳過配置保存
2025-08-15 22:59:13,399 - VALO360 - INFO - 程式關閉時已保存所有待保存的設定
2025-08-15 22:59:13,399 - VALO360 - INFO - 程式正常關閉
2025-08-15 22:59:13,437 - VALO360 - INFO - 資源清理完成
2025-08-15 22:59:13,437 - VALO360 - INFO - 應用程式資源清理完成
2025-08-15 22:59:16,277 - VALO360 - DEBUG - 找到指令檔: M:\PYTHON\360-command-toola_HOME\dist\Command_TABLE\command.txt
2025-08-15 22:59:16,289 - VALO360 - INFO - 成功載入 94 個指令
2025-08-15 22:59:16,301 - VALO360 - INFO - 運行日誌: main.py 啟動
2025-08-15 22:59:16,301 - VALO360 - INFO - 指令通主程式啟動
2025-08-15 22:59:16,310 - VALO360 - INFO - 運行日誌: 成功 import TabManager
2025-08-15 22:59:16,310 - VALO360 - INFO - UI模組導入成功
2025-08-15 22:59:16,318 - VALO360 - INFO - 日誌系統初始化完成
2025-08-15 22:59:16,318 - VALO360 - DEBUG - ConfigManager: 自動保存已禁用
2025-08-15 22:59:16,318 - VALO360 - INFO - ConfigManager自動保存已禁用
2025-08-15 22:59:16,318 - VALO360 - INFO - 未找到關鍵字高亮設定文件，使用空設定
2025-08-15 22:59:16,382 - VALO360 - DEBUG - 配置已備份至: backup\setup_backup_20250815_225916.json
2025-08-15 22:59:16,382 - VALO360 - DEBUG - 配置載入成功
2025-08-15 22:59:16,383 - VALO360 - INFO - 統一設定管理器已初始化
2025-08-15 22:59:16,421 - VALO360 - DEBUG - 找到 3 個COM口: ['COM1', 'COM3', 'COM4']
2025-08-15 22:59:17,126 - VALO360 - DEBUG - 找到 3 個COM口: ['COM1', 'COM3', 'COM4']
2025-08-15 22:59:17,575 - VALO360 - INFO - 應用程式圖示設置成功: C:\Users\Jovian\AppData\Local\Temp\_MEI184842\assets\icon.ico
2025-08-15 22:59:17,575 - VALO360 - INFO - 視窗設置完成: 指令通_1.6.3.3 (1522x749)
2025-08-15 22:59:17,575 - VALO360 - INFO - 程式啟動時更新標籤頁名稱
2025-08-15 22:59:17,575 - VALO360 - INFO - 應用程式啟動完成，進入主循環
2025-08-15 22:59:17,579 - VALO360 - DEBUG - 找到 3 個COM口: ['COM1', 'COM3', 'COM4']
2025-08-15 22:59:17,580 - VALO360 - DEBUG - 自動保存已禁用，跳過配置保存
2025-08-15 22:59:17,580 - VALO360 - DEBUG - 自動保存已禁用，跳過配置保存
2025-08-15 22:59:17,580 - VALO360 - DEBUG - 自動保存已禁用，跳過配置保存
2025-08-15 22:59:17,580 - VALO360 - DEBUG - 自動保存已禁用，跳過配置保存
2025-08-15 22:59:17,626 - VALO360 - DEBUG - 自動保存已禁用，跳過配置保存
2025-08-15 22:59:17,626 - VALO360 - DEBUG - 自動保存已禁用，跳過配置保存
2025-08-15 22:59:17,627 - VALO360 - DEBUG - 自動保存已禁用，跳過配置保存
2025-08-15 22:59:17,627 - VALO360 - DEBUG - 自動保存已禁用，跳過配置保存
2025-08-15 22:59:17,627 - VALO360 - DEBUG - 自動保存已禁用，跳過配置保存
2025-08-15 22:59:17,627 - VALO360 - DEBUG - 自動保存已禁用，跳過配置保存
2025-08-15 22:59:17,627 - VALO360 - DEBUG - 自動保存已禁用，跳過配置保存
2025-08-15 22:59:17,627 - VALO360 - DEBUG - 自動保存已禁用，跳過配置保存
2025-08-15 22:59:17,628 - VALO360 - DEBUG - 自動保存已禁用，跳過配置保存
2025-08-15 22:59:17,628 - VALO360 - DEBUG - 自動保存已禁用，跳過配置保存
2025-08-15 22:59:17,628 - VALO360 - DEBUG - 自動保存已禁用，跳過配置保存
2025-08-15 22:59:17,628 - VALO360 - DEBUG - 自動保存已禁用，跳過配置保存
2025-08-15 22:59:17,628 - VALO360 - DEBUG - 自動保存已禁用，跳過配置保存
2025-08-15 22:59:17,628 - VALO360 - DEBUG - 自動保存已禁用，跳過配置保存
2025-08-15 22:59:17,629 - VALO360 - DEBUG - 自動保存已禁用，跳過配置保存
2025-08-15 22:59:17,629 - VALO360 - DEBUG - 自動保存已禁用，跳過配置保存
2025-08-15 22:59:17,629 - VALO360 - DEBUG - 自動保存已禁用，跳過配置保存
2025-08-15 22:59:17,629 - VALO360 - DEBUG - 自動保存已禁用，跳過配置保存
2025-08-15 22:59:17,629 - VALO360 - DEBUG - 自動保存已禁用，跳過配置保存
2025-08-15 22:59:17,629 - VALO360 - DEBUG - 自動保存已禁用，跳過配置保存
2025-08-15 22:59:17,630 - VALO360 - DEBUG - 自動保存已禁用，跳過配置保存
2025-08-15 22:59:17,630 - VALO360 - DEBUG - 自動保存已禁用，跳過配置保存
2025-08-15 22:59:17,630 - VALO360 - DEBUG - 自動保存已禁用，跳過配置保存
2025-08-15 22:59:17,630 - VALO360 - DEBUG - 自動保存已禁用，跳過配置保存
2025-08-15 22:59:17,630 - VALO360 - DEBUG - 自動保存已禁用，跳過配置保存
2025-08-15 22:59:17,630 - VALO360 - DEBUG - 自動保存已禁用，跳過配置保存
2025-08-15 22:59:17,631 - VALO360 - DEBUG - 自動保存已禁用，跳過配置保存
2025-08-15 22:59:17,631 - VALO360 - DEBUG - 自動保存已禁用，跳過配置保存
2025-08-15 22:59:17,631 - VALO360 - DEBUG - 自動保存已禁用，跳過配置保存
2025-08-15 22:59:17,631 - VALO360 - DEBUG - 自動保存已禁用，跳過配置保存
2025-08-15 22:59:17,631 - VALO360 - DEBUG - 自動保存已禁用，跳過配置保存
2025-08-15 22:59:17,631 - VALO360 - DEBUG - 自動保存已禁用，跳過配置保存
2025-08-15 22:59:17,632 - VALO360 - DEBUG - 自動保存已禁用，跳過配置保存
2025-08-15 22:59:17,632 - VALO360 - DEBUG - 自動保存已禁用，跳過配置保存
2025-08-15 22:59:17,632 - VALO360 - DEBUG - 自動保存已禁用，跳過配置保存
2025-08-15 22:59:17,632 - VALO360 - DEBUG - 自動保存已禁用，跳過配置保存
2025-08-15 22:59:17,632 - VALO360 - DEBUG - 自動保存已禁用，跳過配置保存
2025-08-15 22:59:17,632 - VALO360 - DEBUG - 自動保存已禁用，跳過配置保存
2025-08-15 22:59:17,633 - VALO360 - DEBUG - 自動保存已禁用，跳過配置保存
2025-08-15 22:59:17,633 - VALO360 - DEBUG - 自動保存已禁用，跳過配置保存
2025-08-15 22:59:17,633 - VALO360 - DEBUG - 自動保存已禁用，跳過配置保存
2025-08-15 22:59:17,633 - VALO360 - DEBUG - 自動保存已禁用，跳過配置保存
2025-08-15 22:59:17,633 - VALO360 - DEBUG - 自動保存已禁用，跳過配置保存
2025-08-15 22:59:17,633 - VALO360 - DEBUG - 自動保存已禁用，跳過配置保存
2025-08-15 22:59:17,634 - VALO360 - DEBUG - 自動保存已禁用，跳過配置保存
2025-08-15 22:59:17,634 - VALO360 - DEBUG - 自動保存已禁用，跳過配置保存
2025-08-15 22:59:17,634 - VALO360 - DEBUG - 自動保存已禁用，跳過配置保存
2025-08-15 22:59:17,634 - VALO360 - DEBUG - 自動保存已禁用，跳過配置保存
2025-08-15 22:59:17,635 - VALO360 - DEBUG - 自動保存已禁用，跳過配置保存
2025-08-15 22:59:17,635 - VALO360 - DEBUG - 自動保存已禁用，跳過配置保存
2025-08-15 22:59:17,635 - VALO360 - DEBUG - 自動保存已禁用，跳過配置保存
2025-08-15 22:59:17,635 - VALO360 - DEBUG - 自動保存已禁用，跳過配置保存
2025-08-15 22:59:17,635 - VALO360 - DEBUG - 自動保存已禁用，跳過配置保存
2025-08-15 22:59:17,635 - VALO360 - DEBUG - 自動保存已禁用，跳過配置保存
2025-08-15 22:59:17,636 - VALO360 - DEBUG - 自動保存已禁用，跳過配置保存
2025-08-15 22:59:17,636 - VALO360 - DEBUG - 自動保存已禁用，跳過配置保存
2025-08-15 22:59:17,636 - VALO360 - DEBUG - 自動保存已禁用，跳過配置保存
2025-08-15 22:59:17,636 - VALO360 - DEBUG - 自動保存已禁用，跳過配置保存
2025-08-15 22:59:17,636 - VALO360 - DEBUG - 自動保存已禁用，跳過配置保存
2025-08-15 22:59:17,636 - VALO360 - DEBUG - 自動保存已禁用，跳過配置保存
2025-08-15 22:59:17,637 - VALO360 - DEBUG - 自動保存已禁用，跳過配置保存
2025-08-15 22:59:17,637 - VALO360 - DEBUG - 自動保存已禁用，跳過配置保存
2025-08-15 22:59:17,637 - VALO360 - DEBUG - 自動保存已禁用，跳過配置保存
2025-08-15 22:59:17,637 - VALO360 - DEBUG - 自動保存已禁用，跳過配置保存
2025-08-15 22:59:17,637 - VALO360 - DEBUG - 自動保存已禁用，跳過配置保存
2025-08-15 22:59:17,637 - VALO360 - DEBUG - 自動保存已禁用，跳過配置保存
2025-08-15 22:59:17,638 - VALO360 - DEBUG - 自動保存已禁用，跳過配置保存
2025-08-15 22:59:17,638 - VALO360 - DEBUG - 自動保存已禁用，跳過配置保存
2025-08-15 22:59:17,638 - VALO360 - DEBUG - 自動保存已禁用，跳過配置保存
2025-08-15 22:59:17,638 - VALO360 - DEBUG - 自動保存已禁用，跳過配置保存
2025-08-15 22:59:17,638 - VALO360 - DEBUG - 自動保存已禁用，跳過配置保存
2025-08-15 22:59:17,638 - VALO360 - DEBUG - 自動保存已禁用，跳過配置保存
2025-08-15 22:59:17,639 - VALO360 - DEBUG - 自動保存已禁用，跳過配置保存
2025-08-15 22:59:17,639 - VALO360 - DEBUG - 自動保存已禁用，跳過配置保存
2025-08-15 22:59:17,639 - VALO360 - DEBUG - 自動保存已禁用，跳過配置保存
2025-08-15 22:59:17,639 - VALO360 - DEBUG - 自動保存已禁用，跳過配置保存
2025-08-15 22:59:17,639 - VALO360 - DEBUG - 自動保存已禁用，跳過配置保存
2025-08-15 22:59:17,639 - VALO360 - DEBUG - 自動保存已禁用，跳過配置保存
2025-08-15 22:59:17,640 - VALO360 - DEBUG - 自動保存已禁用，跳過配置保存
2025-08-15 22:59:17,640 - VALO360 - DEBUG - 自動保存已禁用，跳過配置保存
2025-08-15 22:59:17,640 - VALO360 - DEBUG - 自動保存已禁用，跳過配置保存
2025-08-15 22:59:17,640 - VALO360 - DEBUG - 自動保存已禁用，跳過配置保存
2025-08-15 22:59:17,640 - VALO360 - DEBUG - 自動保存已禁用，跳過配置保存
2025-08-15 22:59:17,640 - VALO360 - DEBUG - 自動保存已禁用，跳過配置保存
2025-08-15 22:59:17,641 - VALO360 - DEBUG - 自動保存已禁用，跳過配置保存
2025-08-15 22:59:17,641 - VALO360 - DEBUG - 自動保存已禁用，跳過配置保存
2025-08-15 22:59:17,641 - VALO360 - DEBUG - 自動保存已禁用，跳過配置保存
2025-08-15 22:59:17,641 - VALO360 - DEBUG - 自動保存已禁用，跳過配置保存
2025-08-15 22:59:17,641 - VALO360 - DEBUG - 自動保存已禁用，跳過配置保存
2025-08-15 22:59:17,641 - VALO360 - DEBUG - 自動保存已禁用，跳過配置保存
2025-08-15 22:59:17,642 - VALO360 - DEBUG - 自動保存已禁用，跳過配置保存
2025-08-15 22:59:17,642 - VALO360 - DEBUG - 自動保存已禁用，跳過配置保存
2025-08-15 22:59:17,642 - VALO360 - DEBUG - 自動保存已禁用，跳過配置保存
2025-08-15 22:59:17,642 - VALO360 - DEBUG - 自動保存已禁用，跳過配置保存
2025-08-15 22:59:17,642 - VALO360 - DEBUG - 自動保存已禁用，跳過配置保存
2025-08-15 22:59:17,642 - VALO360 - DEBUG - 自動保存已禁用，跳過配置保存
2025-08-15 22:59:17,643 - VALO360 - DEBUG - 自動保存已禁用，跳過配置保存
2025-08-15 22:59:17,643 - VALO360 - DEBUG - 自動保存已禁用，跳過配置保存
2025-08-15 22:59:17,643 - VALO360 - DEBUG - 自動保存已禁用，跳過配置保存
2025-08-15 22:59:17,643 - VALO360 - DEBUG - 自動保存已禁用，跳過配置保存
2025-08-15 22:59:17,643 - VALO360 - DEBUG - 自動保存已禁用，跳過配置保存
2025-08-15 22:59:17,644 - VALO360 - DEBUG - 自動保存已禁用，跳過配置保存
2025-08-15 22:59:17,644 - VALO360 - DEBUG - 自動保存已禁用，跳過配置保存
2025-08-15 22:59:17,644 - VALO360 - DEBUG - 自動保存已禁用，跳過配置保存
2025-08-15 22:59:17,645 - VALO360 - DEBUG - 自動保存已禁用，跳過配置保存
2025-08-15 22:59:17,645 - VALO360 - DEBUG - 自動保存已禁用，跳過配置保存
2025-08-15 22:59:17,645 - VALO360 - DEBUG - 自動保存已禁用，跳過配置保存
2025-08-15 22:59:17,645 - VALO360 - DEBUG - 自動保存已禁用，跳過配置保存
2025-08-15 22:59:17,645 - VALO360 - DEBUG - 自動保存已禁用，跳過配置保存
2025-08-15 22:59:17,646 - VALO360 - DEBUG - 自動保存已禁用，跳過配置保存
2025-08-15 22:59:17,646 - VALO360 - DEBUG - 自動保存已禁用，跳過配置保存
2025-08-15 22:59:17,646 - VALO360 - DEBUG - 自動保存已禁用，跳過配置保存
2025-08-15 22:59:17,646 - VALO360 - DEBUG - 自動保存已禁用，跳過配置保存
2025-08-15 22:59:17,646 - VALO360 - DEBUG - 自動保存已禁用，跳過配置保存
2025-08-15 22:59:17,646 - VALO360 - DEBUG - 自動保存已禁用，跳過配置保存
2025-08-15 22:59:17,647 - VALO360 - DEBUG - 自動保存已禁用，跳過配置保存
2025-08-15 22:59:17,647 - VALO360 - DEBUG - 自動保存已禁用，跳過配置保存
2025-08-15 22:59:17,647 - VALO360 - DEBUG - 自動保存已禁用，跳過配置保存
2025-08-15 22:59:17,647 - VALO360 - DEBUG - 自動保存已禁用，跳過配置保存
2025-08-15 22:59:17,647 - VALO360 - DEBUG - 自動保存已禁用，跳過配置保存
2025-08-15 22:59:17,648 - VALO360 - DEBUG - 自動保存已禁用，跳過配置保存
2025-08-15 22:59:17,648 - VALO360 - DEBUG - 自動保存已禁用，跳過配置保存
2025-08-15 22:59:17,648 - VALO360 - DEBUG - 自動保存已禁用，跳過配置保存
2025-08-15 22:59:17,648 - VALO360 - DEBUG - 自動保存已禁用，跳過配置保存
2025-08-15 22:59:17,648 - VALO360 - DEBUG - 自動保存已禁用，跳過配置保存
2025-08-15 22:59:17,648 - VALO360 - DEBUG - 自動保存已禁用，跳過配置保存
2025-08-15 22:59:17,648 - VALO360 - DEBUG - 自動保存已禁用，跳過配置保存
2025-08-15 22:59:17,649 - VALO360 - DEBUG - 自動保存已禁用，跳過配置保存
2025-08-15 22:59:17,649 - VALO360 - DEBUG - 自動保存已禁用，跳過配置保存
2025-08-15 22:59:17,649 - VALO360 - DEBUG - 自動保存已禁用，跳過配置保存
2025-08-15 22:59:17,649 - VALO360 - DEBUG - 自動保存已禁用，跳過配置保存
2025-08-15 22:59:17,649 - VALO360 - DEBUG - 自動保存已禁用，跳過配置保存
2025-08-15 22:59:17,649 - VALO360 - DEBUG - 自動保存已禁用，跳過配置保存
2025-08-15 22:59:17,650 - VALO360 - DEBUG - 自動保存已禁用，跳過配置保存
2025-08-15 22:59:17,650 - VALO360 - DEBUG - 自動保存已禁用，跳過配置保存
2025-08-15 22:59:17,650 - VALO360 - DEBUG - 自動保存已禁用，跳過配置保存
2025-08-15 22:59:17,650 - VALO360 - DEBUG - 自動保存已禁用，跳過配置保存
2025-08-15 22:59:17,650 - VALO360 - DEBUG - 自動保存已禁用，跳過配置保存
2025-08-15 22:59:17,650 - VALO360 - DEBUG - 自動保存已禁用，跳過配置保存
2025-08-15 22:59:17,651 - VALO360 - DEBUG - 自動保存已禁用，跳過配置保存
2025-08-15 22:59:17,651 - VALO360 - DEBUG - 自動保存已禁用，跳過配置保存
2025-08-15 22:59:17,651 - VALO360 - DEBUG - 自動保存已禁用，跳過配置保存
2025-08-15 22:59:17,651 - VALO360 - DEBUG - 自動保存已禁用，跳過配置保存
2025-08-15 22:59:17,651 - VALO360 - DEBUG - 自動保存已禁用，跳過配置保存
2025-08-15 22:59:17,651 - VALO360 - DEBUG - 自動保存已禁用，跳過配置保存
2025-08-15 22:59:17,652 - VALO360 - DEBUG - 自動保存已禁用，跳過配置保存
2025-08-15 22:59:17,652 - VALO360 - DEBUG - 自動保存已禁用，跳過配置保存
2025-08-15 22:59:17,652 - VALO360 - DEBUG - 自動保存已禁用，跳過配置保存
2025-08-15 22:59:17,652 - VALO360 - DEBUG - 自動保存已禁用，跳過配置保存
2025-08-15 22:59:17,652 - VALO360 - DEBUG - 自動保存已禁用，跳過配置保存
2025-08-15 22:59:17,652 - VALO360 - DEBUG - 自動保存已禁用，跳過配置保存
2025-08-15 22:59:17,652 - VALO360 - DEBUG - 自動保存已禁用，跳過配置保存
2025-08-15 22:59:17,653 - VALO360 - DEBUG - 自動保存已禁用，跳過配置保存
2025-08-15 22:59:17,653 - VALO360 - DEBUG - 自動保存已禁用，跳過配置保存
2025-08-15 22:59:17,653 - VALO360 - DEBUG - 自動保存已禁用，跳過配置保存
2025-08-15 22:59:17,653 - VALO360 - DEBUG - 自動保存已禁用，跳過配置保存
2025-08-15 22:59:17,653 - VALO360 - DEBUG - 自動保存已禁用，跳過配置保存
2025-08-15 22:59:17,654 - VALO360 - DEBUG - 自動保存已禁用，跳過配置保存
2025-08-15 22:59:17,654 - VALO360 - DEBUG - 自動保存已禁用，跳過配置保存
2025-08-15 22:59:17,654 - VALO360 - DEBUG - 自動保存已禁用，跳過配置保存
2025-08-15 22:59:17,654 - VALO360 - DEBUG - 自動保存已禁用，跳過配置保存
2025-08-15 22:59:17,654 - VALO360 - DEBUG - 自動保存已禁用，跳過配置保存
2025-08-15 22:59:17,654 - VALO360 - DEBUG - 自動保存已禁用，跳過配置保存
2025-08-15 22:59:17,655 - VALO360 - DEBUG - 自動保存已禁用，跳過配置保存
2025-08-15 22:59:17,655 - VALO360 - DEBUG - 自動保存已禁用，跳過配置保存
2025-08-15 22:59:17,655 - VALO360 - DEBUG - 自動保存已禁用，跳過配置保存
2025-08-15 22:59:17,655 - VALO360 - DEBUG - 自動保存已禁用，跳過配置保存
2025-08-15 22:59:17,655 - VALO360 - DEBUG - 自動保存已禁用，跳過配置保存
2025-08-15 22:59:17,655 - VALO360 - DEBUG - 自動保存已禁用，跳過配置保存
2025-08-15 22:59:17,656 - VALO360 - DEBUG - 自動保存已禁用，跳過配置保存
2025-08-15 22:59:17,656 - VALO360 - DEBUG - 自動保存已禁用，跳過配置保存
2025-08-15 22:59:17,656 - VALO360 - DEBUG - 自動保存已禁用，跳過配置保存
2025-08-15 22:59:17,659 - VALO360 - DEBUG - 自動保存已禁用，跳過配置保存
2025-08-15 22:59:17,659 - VALO360 - DEBUG - 自動保存已禁用，跳過配置保存
2025-08-15 22:59:17,659 - VALO360 - DEBUG - 自動保存已禁用，跳過配置保存
2025-08-15 22:59:17,659 - VALO360 - DEBUG - 自動保存已禁用，跳過配置保存
2025-08-15 22:59:17,659 - VALO360 - DEBUG - 自動保存已禁用，跳過配置保存
2025-08-15 22:59:17,659 - VALO360 - DEBUG - 自動保存已禁用，跳過配置保存
2025-08-15 22:59:17,660 - VALO360 - DEBUG - 自動保存已禁用，跳過配置保存
2025-08-15 22:59:17,660 - VALO360 - DEBUG - 自動保存已禁用，跳過配置保存
2025-08-15 22:59:17,660 - VALO360 - DEBUG - 自動保存已禁用，跳過配置保存
2025-08-15 22:59:17,660 - VALO360 - DEBUG - 自動保存已禁用，跳過配置保存
2025-08-15 22:59:17,660 - VALO360 - DEBUG - 自動保存已禁用，跳過配置保存
2025-08-15 22:59:17,660 - VALO360 - DEBUG - 自動保存已禁用，跳過配置保存
2025-08-15 22:59:17,661 - VALO360 - DEBUG - 自動保存已禁用，跳過配置保存
2025-08-15 22:59:17,661 - VALO360 - DEBUG - 自動保存已禁用，跳過配置保存
2025-08-15 22:59:17,661 - VALO360 - DEBUG - 自動保存已禁用，跳過配置保存
2025-08-15 22:59:17,661 - VALO360 - DEBUG - 自動保存已禁用，跳過配置保存
2025-08-15 22:59:17,661 - VALO360 - DEBUG - 自動保存已禁用，跳過配置保存
2025-08-15 22:59:17,661 - VALO360 - DEBUG - 自動保存已禁用，跳過配置保存
2025-08-15 22:59:17,662 - VALO360 - DEBUG - 自動保存已禁用，跳過配置保存
2025-08-15 22:59:17,662 - VALO360 - DEBUG - 自動保存已禁用，跳過配置保存
2025-08-15 22:59:17,662 - VALO360 - DEBUG - 自動保存已禁用，跳過配置保存
2025-08-15 22:59:17,662 - VALO360 - DEBUG - 自動保存已禁用，跳過配置保存
2025-08-15 22:59:17,662 - VALO360 - DEBUG - 自動保存已禁用，跳過配置保存
2025-08-15 22:59:17,663 - VALO360 - DEBUG - 自動保存已禁用，跳過配置保存
2025-08-15 22:59:17,663 - VALO360 - DEBUG - 自動保存已禁用，跳過配置保存
2025-08-15 22:59:17,663 - VALO360 - DEBUG - 自動保存已禁用，跳過配置保存
2025-08-15 22:59:17,663 - VALO360 - DEBUG - 自動保存已禁用，跳過配置保存
2025-08-15 22:59:17,663 - VALO360 - DEBUG - 自動保存已禁用，跳過配置保存
2025-08-15 22:59:17,664 - VALO360 - DEBUG - 自動保存已禁用，跳過配置保存
2025-08-15 22:59:17,664 - VALO360 - DEBUG - 自動保存已禁用，跳過配置保存
2025-08-15 22:59:17,664 - VALO360 - DEBUG - 自動保存已禁用，跳過配置保存
2025-08-15 22:59:17,664 - VALO360 - DEBUG - 自動保存已禁用，跳過配置保存
2025-08-15 22:59:17,664 - VALO360 - DEBUG - 自動保存已禁用，跳過配置保存
2025-08-15 22:59:17,664 - VALO360 - DEBUG - 自動保存已禁用，跳過配置保存
2025-08-15 22:59:17,664 - VALO360 - DEBUG - 自動保存已禁用，跳過配置保存
2025-08-15 22:59:17,665 - VALO360 - DEBUG - 自動保存已禁用，跳過配置保存
2025-08-15 22:59:17,665 - VALO360 - DEBUG - 自動保存已禁用，跳過配置保存
2025-08-15 22:59:17,665 - VALO360 - DEBUG - 自動保存已禁用，跳過配置保存
2025-08-15 22:59:17,665 - VALO360 - DEBUG - 自動保存已禁用，跳過配置保存
2025-08-15 22:59:17,665 - VALO360 - DEBUG - 自動保存已禁用，跳過配置保存
2025-08-15 22:59:17,666 - VALO360 - DEBUG - 自動保存已禁用，跳過配置保存
2025-08-15 22:59:17,666 - VALO360 - DEBUG - 自動保存已禁用，跳過配置保存
2025-08-15 22:59:17,666 - VALO360 - DEBUG - 自動保存已禁用，跳過配置保存
2025-08-15 22:59:17,666 - VALO360 - DEBUG - 自動保存已禁用，跳過配置保存
2025-08-15 22:59:17,666 - VALO360 - DEBUG - 自動保存已禁用，跳過配置保存
2025-08-15 22:59:17,666 - VALO360 - DEBUG - 自動保存已禁用，跳過配置保存
2025-08-15 22:59:17,666 - VALO360 - DEBUG - 自動保存已禁用，跳過配置保存
2025-08-15 22:59:17,667 - VALO360 - DEBUG - 自動保存已禁用，跳過配置保存
2025-08-15 22:59:17,667 - VALO360 - DEBUG - 自動保存已禁用，跳過配置保存
2025-08-15 22:59:17,667 - VALO360 - DEBUG - 自動保存已禁用，跳過配置保存
2025-08-15 22:59:17,667 - VALO360 - DEBUG - 自動保存已禁用，跳過配置保存
2025-08-15 22:59:17,667 - VALO360 - DEBUG - 自動保存已禁用，跳過配置保存
2025-08-15 22:59:17,668 - VALO360 - DEBUG - 自動保存已禁用，跳過配置保存
2025-08-15 22:59:17,668 - VALO360 - DEBUG - 自動保存已禁用，跳過配置保存
2025-08-15 22:59:17,668 - VALO360 - DEBUG - 自動保存已禁用，跳過配置保存
2025-08-15 22:59:17,668 - VALO360 - DEBUG - 自動保存已禁用，跳過配置保存
2025-08-15 22:59:17,668 - VALO360 - DEBUG - 自動保存已禁用，跳過配置保存
2025-08-15 22:59:17,669 - VALO360 - DEBUG - 自動保存已禁用，跳過配置保存
2025-08-15 22:59:17,669 - VALO360 - DEBUG - 自動保存已禁用，跳過配置保存
2025-08-15 22:59:17,669 - VALO360 - DEBUG - 自動保存已禁用，跳過配置保存
2025-08-15 22:59:17,669 - VALO360 - DEBUG - 自動保存已禁用，跳過配置保存
2025-08-15 22:59:17,669 - VALO360 - DEBUG - 自動保存已禁用，跳過配置保存
2025-08-15 22:59:17,669 - VALO360 - DEBUG - 自動保存已禁用，跳過配置保存
2025-08-15 22:59:17,669 - VALO360 - DEBUG - 自動保存已禁用，跳過配置保存
2025-08-15 22:59:17,670 - VALO360 - DEBUG - 自動保存已禁用，跳過配置保存
2025-08-15 22:59:17,670 - VALO360 - DEBUG - 自動保存已禁用，跳過配置保存
2025-08-15 22:59:17,670 - VALO360 - DEBUG - 自動保存已禁用，跳過配置保存
2025-08-15 22:59:17,670 - VALO360 - DEBUG - 自動保存已禁用，跳過配置保存
2025-08-15 22:59:17,670 - VALO360 - DEBUG - 自動保存已禁用，跳過配置保存
2025-08-15 22:59:17,670 - VALO360 - DEBUG - 自動保存已禁用，跳過配置保存
2025-08-15 22:59:17,671 - VALO360 - DEBUG - 自動保存已禁用，跳過配置保存
2025-08-15 22:59:17,671 - VALO360 - DEBUG - 自動保存已禁用，跳過配置保存
2025-08-15 22:59:17,671 - VALO360 - DEBUG - 自動保存已禁用，跳過配置保存
2025-08-15 22:59:17,671 - VALO360 - DEBUG - 自動保存已禁用，跳過配置保存
2025-08-15 22:59:17,671 - VALO360 - DEBUG - 自動保存已禁用，跳過配置保存
2025-08-15 22:59:17,671 - VALO360 - DEBUG - 自動保存已禁用，跳過配置保存
2025-08-15 22:59:17,672 - VALO360 - DEBUG - 自動保存已禁用，跳過配置保存
2025-08-15 22:59:17,672 - VALO360 - DEBUG - 自動保存已禁用，跳過配置保存
2025-08-15 22:59:17,672 - VALO360 - DEBUG - 自動保存已禁用，跳過配置保存
2025-08-15 22:59:17,672 - VALO360 - DEBUG - 自動保存已禁用，跳過配置保存
2025-08-15 22:59:17,672 - VALO360 - DEBUG - 自動保存已禁用，跳過配置保存
2025-08-15 22:59:17,673 - VALO360 - DEBUG - 自動保存已禁用，跳過配置保存
2025-08-15 22:59:17,673 - VALO360 - DEBUG - 自動保存已禁用，跳過配置保存
2025-08-15 22:59:17,673 - VALO360 - DEBUG - 自動保存已禁用，跳過配置保存
2025-08-15 22:59:17,673 - VALO360 - DEBUG - 自動保存已禁用，跳過配置保存
2025-08-15 22:59:17,673 - VALO360 - DEBUG - 自動保存已禁用，跳過配置保存
2025-08-15 22:59:17,673 - VALO360 - DEBUG - 自動保存已禁用，跳過配置保存
2025-08-15 22:59:17,674 - VALO360 - DEBUG - 自動保存已禁用，跳過配置保存
2025-08-15 22:59:17,674 - VALO360 - DEBUG - 自動保存已禁用，跳過配置保存
2025-08-15 22:59:17,674 - VALO360 - DEBUG - 自動保存已禁用，跳過配置保存
2025-08-15 22:59:17,674 - VALO360 - DEBUG - 自動保存已禁用，跳過配置保存
2025-08-15 22:59:17,674 - VALO360 - DEBUG - 自動保存已禁用，跳過配置保存
2025-08-15 22:59:17,675 - VALO360 - DEBUG - 自動保存已禁用，跳過配置保存
2025-08-15 22:59:17,675 - VALO360 - DEBUG - 自動保存已禁用，跳過配置保存
2025-08-15 22:59:17,675 - VALO360 - DEBUG - 自動保存已禁用，跳過配置保存
2025-08-15 22:59:17,675 - VALO360 - DEBUG - 自動保存已禁用，跳過配置保存
2025-08-15 22:59:17,675 - VALO360 - DEBUG - 自動保存已禁用，跳過配置保存
2025-08-15 22:59:17,675 - VALO360 - DEBUG - 自動保存已禁用，跳過配置保存
2025-08-15 22:59:17,676 - VALO360 - DEBUG - 自動保存已禁用，跳過配置保存
2025-08-15 22:59:17,676 - VALO360 - DEBUG - 自動保存已禁用，跳過配置保存
2025-08-15 22:59:17,676 - VALO360 - DEBUG - 自動保存已禁用，跳過配置保存
2025-08-15 22:59:17,676 - VALO360 - DEBUG - 自動保存已禁用，跳過配置保存
2025-08-15 22:59:17,676 - VALO360 - DEBUG - 自動保存已禁用，跳過配置保存
2025-08-15 22:59:17,676 - VALO360 - DEBUG - 自動保存已禁用，跳過配置保存
2025-08-15 22:59:17,677 - VALO360 - DEBUG - 自動保存已禁用，跳過配置保存
2025-08-15 22:59:17,677 - VALO360 - DEBUG - 自動保存已禁用，跳過配置保存
2025-08-15 22:59:17,677 - VALO360 - DEBUG - 自動保存已禁用，跳過配置保存
2025-08-15 22:59:17,677 - VALO360 - DEBUG - 自動保存已禁用，跳過配置保存
2025-08-15 22:59:17,678 - VALO360 - DEBUG - 自動保存已禁用，跳過配置保存
2025-08-15 22:59:17,678 - VALO360 - DEBUG - 自動保存已禁用，跳過配置保存
2025-08-15 22:59:17,678 - VALO360 - DEBUG - 自動保存已禁用，跳過配置保存
2025-08-15 22:59:17,678 - VALO360 - DEBUG - 自動保存已禁用，跳過配置保存
2025-08-15 22:59:17,678 - VALO360 - DEBUG - 自動保存已禁用，跳過配置保存
2025-08-15 22:59:17,679 - VALO360 - DEBUG - 自動保存已禁用，跳過配置保存
2025-08-15 22:59:17,679 - VALO360 - DEBUG - 自動保存已禁用，跳過配置保存
2025-08-15 22:59:17,679 - VALO360 - DEBUG - 自動保存已禁用，跳過配置保存
2025-08-15 22:59:17,679 - VALO360 - DEBUG - 自動保存已禁用，跳過配置保存
2025-08-15 22:59:17,679 - VALO360 - DEBUG - 自動保存已禁用，跳過配置保存
2025-08-15 22:59:17,679 - VALO360 - DEBUG - 自動保存已禁用，跳過配置保存
2025-08-15 22:59:17,679 - VALO360 - DEBUG - 自動保存已禁用，跳過配置保存
2025-08-15 22:59:17,680 - VALO360 - DEBUG - 自動保存已禁用，跳過配置保存
2025-08-15 22:59:17,680 - VALO360 - DEBUG - 自動保存已禁用，跳過配置保存
2025-08-15 22:59:17,680 - VALO360 - DEBUG - 自動保存已禁用，跳過配置保存
2025-08-15 22:59:17,680 - VALO360 - DEBUG - 自動保存已禁用，跳過配置保存
2025-08-15 22:59:17,680 - VALO360 - DEBUG - 自動保存已禁用，跳過配置保存
2025-08-15 22:59:17,681 - VALO360 - DEBUG - 自動保存已禁用，跳過配置保存
2025-08-15 22:59:17,681 - VALO360 - DEBUG - 自動保存已禁用，跳過配置保存
2025-08-15 22:59:17,681 - VALO360 - DEBUG - 自動保存已禁用，跳過配置保存
2025-08-15 22:59:17,682 - VALO360 - DEBUG - 自動保存已禁用，跳過配置保存
2025-08-15 22:59:17,682 - VALO360 - DEBUG - 自動保存已禁用，跳過配置保存
2025-08-15 22:59:17,682 - VALO360 - DEBUG - 自動保存已禁用，跳過配置保存
2025-08-15 22:59:17,682 - VALO360 - DEBUG - 自動保存已禁用，跳過配置保存
2025-08-15 22:59:17,682 - VALO360 - DEBUG - 自動保存已禁用，跳過配置保存
2025-08-15 22:59:17,682 - VALO360 - DEBUG - 自動保存已禁用，跳過配置保存
2025-08-15 22:59:17,682 - VALO360 - DEBUG - 自動保存已禁用，跳過配置保存
2025-08-15 22:59:17,683 - VALO360 - DEBUG - 自動保存已禁用，跳過配置保存
2025-08-15 22:59:17,683 - VALO360 - DEBUG - 自動保存已禁用，跳過配置保存
2025-08-15 22:59:17,683 - VALO360 - DEBUG - 自動保存已禁用，跳過配置保存
2025-08-15 22:59:17,683 - VALO360 - DEBUG - 自動保存已禁用，跳過配置保存
2025-08-15 22:59:17,683 - VALO360 - DEBUG - 自動保存已禁用，跳過配置保存
2025-08-15 22:59:17,684 - VALO360 - DEBUG - 自動保存已禁用，跳過配置保存
2025-08-15 22:59:17,684 - VALO360 - DEBUG - 自動保存已禁用，跳過配置保存
2025-08-15 22:59:17,685 - VALO360 - DEBUG - 自動保存已禁用，跳過配置保存
2025-08-15 22:59:17,685 - VALO360 - DEBUG - 自動保存已禁用，跳過配置保存
2025-08-15 22:59:17,685 - VALO360 - DEBUG - 自動保存已禁用，跳過配置保存
2025-08-15 22:59:17,685 - VALO360 - DEBUG - 自動保存已禁用，跳過配置保存
2025-08-15 22:59:17,685 - VALO360 - DEBUG - 自動保存已禁用，跳過配置保存
2025-08-15 22:59:17,685 - VALO360 - DEBUG - 自動保存已禁用，跳過配置保存
2025-08-15 22:59:17,686 - VALO360 - DEBUG - 自動保存已禁用，跳過配置保存
2025-08-15 22:59:17,686 - VALO360 - DEBUG - 自動保存已禁用，跳過配置保存
2025-08-15 22:59:17,686 - VALO360 - DEBUG - 自動保存已禁用，跳過配置保存
2025-08-15 22:59:17,686 - VALO360 - DEBUG - 自動保存已禁用，跳過配置保存
2025-08-15 22:59:17,702 - VALO360 - DEBUG - 自動保存已禁用，跳過配置保存
2025-08-15 22:59:17,702 - VALO360 - DEBUG - 自動保存已禁用，跳過配置保存
2025-08-15 22:59:17,702 - VALO360 - DEBUG - 自動保存已禁用，跳過配置保存
2025-08-15 22:59:17,702 - VALO360 - DEBUG - 自動保存已禁用，跳過配置保存
2025-08-15 22:59:17,708 - VALO360 - DEBUG - 自動保存已禁用，跳過配置保存
2025-08-15 22:59:17,708 - VALO360 - DEBUG - 自動保存已禁用，跳過配置保存
2025-08-15 22:59:17,709 - VALO360 - DEBUG - 自動保存已禁用，跳過配置保存
2025-08-15 22:59:17,709 - VALO360 - DEBUG - 自動保存已禁用，跳過配置保存
2025-08-15 22:59:17,710 - VALO360 - DEBUG - 自動保存已禁用，跳過配置保存
2025-08-15 22:59:17,710 - VALO360 - DEBUG - 自動保存已禁用，跳過配置保存
2025-08-15 22:59:17,710 - VALO360 - DEBUG - 自動保存已禁用，跳過配置保存
2025-08-15 22:59:17,711 - VALO360 - DEBUG - 自動保存已禁用，跳過配置保存
2025-08-15 22:59:17,712 - VALO360 - DEBUG - 自動保存已禁用，跳過配置保存
2025-08-15 22:59:17,712 - VALO360 - DEBUG - 自動保存已禁用，跳過配置保存
2025-08-15 22:59:17,712 - VALO360 - DEBUG - 自動保存已禁用，跳過配置保存
2025-08-15 22:59:17,712 - VALO360 - DEBUG - 自動保存已禁用，跳過配置保存
2025-08-15 22:59:17,713 - VALO360 - DEBUG - 自動保存已禁用，跳過配置保存
2025-08-15 22:59:17,713 - VALO360 - DEBUG - 自動保存已禁用，跳過配置保存
2025-08-15 22:59:17,713 - VALO360 - DEBUG - 自動保存已禁用，跳過配置保存
2025-08-15 22:59:17,713 - VALO360 - DEBUG - 自動保存已禁用，跳過配置保存
2025-08-15 22:59:17,715 - VALO360 - DEBUG - 自動保存已禁用，跳過配置保存
2025-08-15 22:59:17,715 - VALO360 - DEBUG - 自動保存已禁用，跳過配置保存
2025-08-15 22:59:17,715 - VALO360 - DEBUG - 自動保存已禁用，跳過配置保存
2025-08-15 22:59:17,715 - VALO360 - DEBUG - 自動保存已禁用，跳過配置保存
2025-08-15 22:59:17,716 - VALO360 - DEBUG - 自動保存已禁用，跳過配置保存
2025-08-15 22:59:17,716 - VALO360 - DEBUG - 自動保存已禁用，跳過配置保存
2025-08-15 22:59:17,716 - VALO360 - DEBUG - 自動保存已禁用，跳過配置保存
2025-08-15 22:59:17,716 - VALO360 - DEBUG - 自動保存已禁用，跳過配置保存
2025-08-15 22:59:17,718 - VALO360 - DEBUG - 自動保存已禁用，跳過配置保存
2025-08-15 22:59:17,718 - VALO360 - DEBUG - 自動保存已禁用，跳過配置保存
2025-08-15 22:59:17,718 - VALO360 - DEBUG - 自動保存已禁用，跳過配置保存
2025-08-15 22:59:17,718 - VALO360 - DEBUG - 自動保存已禁用，跳過配置保存
2025-08-15 22:59:17,720 - VALO360 - DEBUG - 自動保存已禁用，跳過配置保存
2025-08-15 22:59:17,720 - VALO360 - DEBUG - 自動保存已禁用，跳過配置保存
2025-08-15 22:59:17,720 - VALO360 - DEBUG - 自動保存已禁用，跳過配置保存
2025-08-15 22:59:17,720 - VALO360 - DEBUG - 自動保存已禁用，跳過配置保存
2025-08-15 22:59:17,721 - VALO360 - DEBUG - 自動保存已禁用，跳過配置保存
2025-08-15 22:59:17,721 - VALO360 - DEBUG - 自動保存已禁用，跳過配置保存
2025-08-15 22:59:17,721 - VALO360 - DEBUG - 自動保存已禁用，跳過配置保存
2025-08-15 22:59:17,721 - VALO360 - DEBUG - 自動保存已禁用，跳過配置保存
2025-08-15 22:59:17,723 - VALO360 - DEBUG - 自動保存已禁用，跳過配置保存
2025-08-15 22:59:17,723 - VALO360 - DEBUG - 自動保存已禁用，跳過配置保存
2025-08-15 22:59:17,723 - VALO360 - DEBUG - 自動保存已禁用，跳過配置保存
2025-08-15 22:59:17,723 - VALO360 - DEBUG - 自動保存已禁用，跳過配置保存
2025-08-15 22:59:17,725 - VALO360 - DEBUG - 自動保存已禁用，跳過配置保存
2025-08-15 22:59:17,725 - VALO360 - DEBUG - 自動保存已禁用，跳過配置保存
2025-08-15 22:59:17,725 - VALO360 - DEBUG - 自動保存已禁用，跳過配置保存
2025-08-15 22:59:17,725 - VALO360 - DEBUG - 自動保存已禁用，跳過配置保存
2025-08-15 22:59:17,726 - VALO360 - DEBUG - 自動保存已禁用，跳過配置保存
2025-08-15 22:59:17,726 - VALO360 - DEBUG - 自動保存已禁用，跳過配置保存
2025-08-15 22:59:17,726 - VALO360 - DEBUG - 自動保存已禁用，跳過配置保存
2025-08-15 22:59:17,727 - VALO360 - DEBUG - 自動保存已禁用，跳過配置保存
2025-08-15 22:59:17,728 - VALO360 - DEBUG - 自動保存已禁用，跳過配置保存
2025-08-15 22:59:17,728 - VALO360 - DEBUG - 自動保存已禁用，跳過配置保存
2025-08-15 22:59:17,728 - VALO360 - DEBUG - 自動保存已禁用，跳過配置保存
2025-08-15 22:59:17,728 - VALO360 - DEBUG - 自動保存已禁用，跳過配置保存
2025-08-15 22:59:17,729 - VALO360 - DEBUG - 自動保存已禁用，跳過配置保存
2025-08-15 22:59:17,729 - VALO360 - DEBUG - 自動保存已禁用，跳過配置保存
2025-08-15 22:59:17,729 - VALO360 - DEBUG - 自動保存已禁用，跳過配置保存
2025-08-15 22:59:17,729 - VALO360 - DEBUG - 自動保存已禁用，跳過配置保存
2025-08-15 22:59:17,730 - VALO360 - DEBUG - 自動保存已禁用，跳過配置保存
2025-08-15 22:59:17,730 - VALO360 - DEBUG - 自動保存已禁用，跳過配置保存
2025-08-15 22:59:17,730 - VALO360 - DEBUG - 自動保存已禁用，跳過配置保存
2025-08-15 22:59:17,731 - VALO360 - DEBUG - 自動保存已禁用，跳過配置保存
2025-08-15 22:59:17,736 - VALO360 - DEBUG - 自動保存已禁用，跳過配置保存
2025-08-15 22:59:17,736 - VALO360 - DEBUG - 自動保存已禁用，跳過配置保存
2025-08-15 22:59:17,736 - VALO360 - DEBUG - 自動保存已禁用，跳過配置保存
2025-08-15 22:59:17,736 - VALO360 - DEBUG - 自動保存已禁用，跳過配置保存
2025-08-15 22:59:17,737 - VALO360 - DEBUG - 自動保存已禁用，跳過配置保存
2025-08-15 22:59:17,737 - VALO360 - DEBUG - 自動保存已禁用，跳過配置保存
2025-08-15 22:59:17,737 - VALO360 - DEBUG - 自動保存已禁用，跳過配置保存
2025-08-15 22:59:17,737 - VALO360 - DEBUG - 自動保存已禁用，跳過配置保存
2025-08-15 22:59:17,738 - VALO360 - DEBUG - 自動保存已禁用，跳過配置保存
2025-08-15 22:59:17,738 - VALO360 - DEBUG - 自動保存已禁用，跳過配置保存
2025-08-15 22:59:17,738 - VALO360 - DEBUG - 自動保存已禁用，跳過配置保存
2025-08-15 22:59:17,738 - VALO360 - DEBUG - 自動保存已禁用，跳過配置保存
2025-08-15 22:59:17,739 - VALO360 - DEBUG - 自動保存已禁用，跳過配置保存
2025-08-15 22:59:17,739 - VALO360 - DEBUG - 自動保存已禁用，跳過配置保存
2025-08-15 22:59:17,739 - VALO360 - DEBUG - 自動保存已禁用，跳過配置保存
2025-08-15 22:59:17,739 - VALO360 - DEBUG - 自動保存已禁用，跳過配置保存
2025-08-15 22:59:17,740 - VALO360 - DEBUG - 自動保存已禁用，跳過配置保存
2025-08-15 22:59:17,740 - VALO360 - DEBUG - 自動保存已禁用，跳過配置保存
2025-08-15 22:59:17,741 - VALO360 - DEBUG - 自動保存已禁用，跳過配置保存
2025-08-15 22:59:17,741 - VALO360 - DEBUG - 自動保存已禁用，跳過配置保存
2025-08-15 22:59:17,741 - VALO360 - DEBUG - 自動保存已禁用，跳過配置保存
2025-08-15 22:59:17,741 - VALO360 - DEBUG - 自動保存已禁用，跳過配置保存
2025-08-15 22:59:17,742 - VALO360 - DEBUG - 自動保存已禁用，跳過配置保存
2025-08-15 22:59:17,742 - VALO360 - DEBUG - 自動保存已禁用，跳過配置保存
2025-08-15 22:59:17,743 - VALO360 - DEBUG - 自動保存已禁用，跳過配置保存
2025-08-15 22:59:17,743 - VALO360 - DEBUG - 自動保存已禁用，跳過配置保存
2025-08-15 22:59:17,743 - VALO360 - DEBUG - 自動保存已禁用，跳過配置保存
2025-08-15 22:59:17,743 - VALO360 - DEBUG - 自動保存已禁用，跳過配置保存
2025-08-15 22:59:17,753 - VALO360 - DEBUG - 自動保存已禁用，跳過配置保存
2025-08-15 22:59:17,753 - VALO360 - DEBUG - 自動保存已禁用，跳過配置保存
2025-08-15 22:59:17,753 - VALO360 - DEBUG - 自動保存已禁用，跳過配置保存
2025-08-15 22:59:17,753 - VALO360 - DEBUG - 自動保存已禁用，跳過配置保存
2025-08-15 22:59:17,754 - VALO360 - DEBUG - 自動保存已禁用，跳過配置保存
2025-08-15 22:59:17,754 - VALO360 - DEBUG - 自動保存已禁用，跳過配置保存
2025-08-15 22:59:17,754 - VALO360 - DEBUG - 自動保存已禁用，跳過配置保存
2025-08-15 22:59:17,754 - VALO360 - DEBUG - 自動保存已禁用，跳過配置保存
2025-08-15 22:59:17,758 - VALO360 - DEBUG - 自動保存已禁用，跳過配置保存
2025-08-15 22:59:17,758 - VALO360 - DEBUG - 自動保存已禁用，跳過配置保存
2025-08-15 22:59:17,758 - VALO360 - DEBUG - 自動保存已禁用，跳過配置保存
2025-08-15 22:59:17,758 - VALO360 - DEBUG - 自動保存已禁用，跳過配置保存
2025-08-15 22:59:17,759 - VALO360 - DEBUG - 自動保存已禁用，跳過配置保存
2025-08-15 22:59:17,759 - VALO360 - DEBUG - 自動保存已禁用，跳過配置保存
2025-08-15 22:59:17,759 - VALO360 - DEBUG - 自動保存已禁用，跳過配置保存
2025-08-15 22:59:17,759 - VALO360 - DEBUG - 自動保存已禁用，跳過配置保存
2025-08-15 22:59:17,760 - VALO360 - DEBUG - 自動保存已禁用，跳過配置保存
2025-08-15 22:59:17,760 - VALO360 - DEBUG - 自動保存已禁用，跳過配置保存
2025-08-15 22:59:17,760 - VALO360 - DEBUG - 自動保存已禁用，跳過配置保存
2025-08-15 22:59:17,760 - VALO360 - DEBUG - 自動保存已禁用，跳過配置保存
2025-08-15 22:59:17,761 - VALO360 - DEBUG - 自動保存已禁用，跳過配置保存
2025-08-15 22:59:17,761 - VALO360 - DEBUG - 自動保存已禁用，跳過配置保存
2025-08-15 22:59:17,761 - VALO360 - DEBUG - 自動保存已禁用，跳過配置保存
2025-08-15 22:59:17,761 - VALO360 - DEBUG - 自動保存已禁用，跳過配置保存
2025-08-15 22:59:17,762 - VALO360 - DEBUG - 自動保存已禁用，跳過配置保存
2025-08-15 22:59:17,762 - VALO360 - DEBUG - 自動保存已禁用，跳過配置保存
2025-08-15 22:59:17,762 - VALO360 - DEBUG - 自動保存已禁用，跳過配置保存
2025-08-15 22:59:17,762 - VALO360 - DEBUG - 自動保存已禁用，跳過配置保存
2025-08-15 22:59:17,769 - VALO360 - DEBUG - 自動保存已禁用，跳過配置保存
2025-08-15 22:59:17,770 - VALO360 - DEBUG - 自動保存已禁用，跳過配置保存
2025-08-15 22:59:17,770 - VALO360 - DEBUG - 自動保存已禁用，跳過配置保存
2025-08-15 22:59:17,770 - VALO360 - DEBUG - 自動保存已禁用，跳過配置保存
2025-08-15 22:59:17,770 - VALO360 - DEBUG - 自動保存已禁用，跳過配置保存
2025-08-15 22:59:17,770 - VALO360 - DEBUG - 自動保存已禁用，跳過配置保存
2025-08-15 22:59:17,770 - VALO360 - DEBUG - 自動保存已禁用，跳過配置保存
2025-08-15 22:59:17,770 - VALO360 - DEBUG - 自動保存已禁用，跳過配置保存
2025-08-15 22:59:17,827 - VALO360 - DEBUG - 自動保存已禁用，跳過配置保存
2025-08-15 22:59:17,827 - VALO360 - DEBUG - 自動保存已禁用，跳過配置保存
2025-08-15 22:59:17,827 - VALO360 - DEBUG - 自動保存已禁用，跳過配置保存
2025-08-15 22:59:17,827 - VALO360 - DEBUG - 自動保存已禁用，跳過配置保存
2025-08-15 22:59:17,828 - VALO360 - DEBUG - 自動保存已禁用，跳過配置保存
2025-08-15 22:59:17,828 - VALO360 - DEBUG - 自動保存已禁用，跳過配置保存
2025-08-15 22:59:17,828 - VALO360 - DEBUG - 自動保存已禁用，跳過配置保存
2025-08-15 22:59:17,828 - VALO360 - DEBUG - 自動保存已禁用，跳過配置保存
2025-08-15 22:59:17,828 - VALO360 - DEBUG - 自動保存已禁用，跳過配置保存
2025-08-15 22:59:17,829 - VALO360 - DEBUG - 自動保存已禁用，跳過配置保存
2025-08-15 22:59:17,829 - VALO360 - DEBUG - 自動保存已禁用，跳過配置保存
2025-08-15 22:59:17,829 - VALO360 - DEBUG - 自動保存已禁用，跳過配置保存
2025-08-15 22:59:17,829 - VALO360 - DEBUG - 自動保存已禁用，跳過配置保存
2025-08-15 22:59:17,829 - VALO360 - DEBUG - 自動保存已禁用，跳過配置保存
2025-08-15 22:59:17,829 - VALO360 - DEBUG - 自動保存已禁用，跳過配置保存
2025-08-15 22:59:17,830 - VALO360 - DEBUG - 自動保存已禁用，跳過配置保存
2025-08-15 22:59:17,830 - VALO360 - DEBUG - 自動保存已禁用，跳過配置保存
2025-08-15 22:59:17,830 - VALO360 - DEBUG - 自動保存已禁用，跳過配置保存
2025-08-15 22:59:17,830 - VALO360 - DEBUG - 自動保存已禁用，跳過配置保存
2025-08-15 22:59:17,830 - VALO360 - DEBUG - 自動保存已禁用，跳過配置保存
2025-08-15 22:59:17,831 - VALO360 - DEBUG - 自動保存已禁用，跳過配置保存
2025-08-15 22:59:17,831 - VALO360 - DEBUG - 自動保存已禁用，跳過配置保存
2025-08-15 22:59:17,831 - VALO360 - DEBUG - 自動保存已禁用，跳過配置保存
2025-08-15 22:59:17,831 - VALO360 - DEBUG - 自動保存已禁用，跳過配置保存
2025-08-15 22:59:17,832 - VALO360 - DEBUG - 自動保存已禁用，跳過配置保存
2025-08-15 22:59:17,832 - VALO360 - DEBUG - 自動保存已禁用，跳過配置保存
2025-08-15 22:59:17,832 - VALO360 - DEBUG - 自動保存已禁用，跳過配置保存
2025-08-15 22:59:17,832 - VALO360 - DEBUG - 自動保存已禁用，跳過配置保存
2025-08-15 22:59:17,834 - VALO360 - DEBUG - 自動保存已禁用，跳過配置保存
2025-08-15 22:59:17,834 - VALO360 - DEBUG - 自動保存已禁用，跳過配置保存
2025-08-15 22:59:17,834 - VALO360 - DEBUG - 自動保存已禁用，跳過配置保存
2025-08-15 22:59:17,835 - VALO360 - DEBUG - 自動保存已禁用，跳過配置保存
2025-08-15 22:59:17,835 - VALO360 - DEBUG - 自動保存已禁用，跳過配置保存
2025-08-15 22:59:17,835 - VALO360 - DEBUG - 自動保存已禁用，跳過配置保存
2025-08-15 22:59:17,835 - VALO360 - DEBUG - 自動保存已禁用，跳過配置保存
2025-08-15 22:59:17,836 - VALO360 - DEBUG - 自動保存已禁用，跳過配置保存
2025-08-15 22:59:17,836 - VALO360 - DEBUG - 自動保存已禁用，跳過配置保存
2025-08-15 22:59:17,836 - VALO360 - DEBUG - 自動保存已禁用，跳過配置保存
2025-08-15 22:59:17,836 - VALO360 - DEBUG - 自動保存已禁用，跳過配置保存
2025-08-15 22:59:17,837 - VALO360 - DEBUG - 自動保存已禁用，跳過配置保存
2025-08-15 22:59:17,839 - VALO360 - DEBUG - 自動保存已禁用，跳過配置保存
2025-08-15 22:59:17,839 - VALO360 - DEBUG - 自動保存已禁用，跳過配置保存
2025-08-15 22:59:17,839 - VALO360 - DEBUG - 自動保存已禁用，跳過配置保存
2025-08-15 22:59:17,840 - VALO360 - DEBUG - 自動保存已禁用，跳過配置保存
2025-08-15 22:59:17,840 - VALO360 - DEBUG - 自動保存已禁用，跳過配置保存
2025-08-15 22:59:17,840 - VALO360 - DEBUG - 自動保存已禁用，跳過配置保存
2025-08-15 22:59:17,840 - VALO360 - DEBUG - 自動保存已禁用，跳過配置保存
2025-08-15 22:59:17,841 - VALO360 - DEBUG - 自動保存已禁用，跳過配置保存
2025-08-15 22:59:17,842 - VALO360 - DEBUG - 自動保存已禁用，跳過配置保存
2025-08-15 22:59:17,842 - VALO360 - DEBUG - 自動保存已禁用，跳過配置保存
2025-08-15 22:59:17,842 - VALO360 - DEBUG - 自動保存已禁用，跳過配置保存
2025-08-15 22:59:17,842 - VALO360 - DEBUG - 自動保存已禁用，跳過配置保存
2025-08-15 22:59:17,843 - VALO360 - DEBUG - 自動保存已禁用，跳過配置保存
2025-08-15 22:59:17,843 - VALO360 - DEBUG - 自動保存已禁用，跳過配置保存
2025-08-15 22:59:17,843 - VALO360 - DEBUG - 自動保存已禁用，跳過配置保存
2025-08-15 22:59:17,843 - VALO360 - DEBUG - 自動保存已禁用，跳過配置保存
2025-08-15 22:59:17,846 - VALO360 - DEBUG - 自動保存已禁用，跳過配置保存
2025-08-15 22:59:17,846 - VALO360 - DEBUG - 自動保存已禁用，跳過配置保存
2025-08-15 22:59:17,846 - VALO360 - DEBUG - 自動保存已禁用，跳過配置保存
2025-08-15 22:59:17,846 - VALO360 - DEBUG - 自動保存已禁用，跳過配置保存
2025-08-15 22:59:17,848 - VALO360 - DEBUG - 自動保存已禁用，跳過配置保存
2025-08-15 22:59:17,848 - VALO360 - DEBUG - 自動保存已禁用，跳過配置保存
2025-08-15 22:59:17,848 - VALO360 - DEBUG - 自動保存已禁用，跳過配置保存
2025-08-15 22:59:17,848 - VALO360 - DEBUG - 自動保存已禁用，跳過配置保存
2025-08-15 22:59:17,848 - VALO360 - DEBUG - 自動保存已禁用，跳過配置保存
2025-08-15 22:59:17,849 - VALO360 - DEBUG - 自動保存已禁用，跳過配置保存
2025-08-15 22:59:17,849 - VALO360 - DEBUG - 自動保存已禁用，跳過配置保存
2025-08-15 22:59:17,849 - VALO360 - DEBUG - 自動保存已禁用，跳過配置保存
2025-08-15 22:59:17,849 - VALO360 - DEBUG - 自動保存已禁用，跳過配置保存
2025-08-15 22:59:17,849 - VALO360 - DEBUG - 自動保存已禁用，跳過配置保存
2025-08-15 22:59:17,850 - VALO360 - DEBUG - 自動保存已禁用，跳過配置保存
2025-08-15 22:59:17,850 - VALO360 - DEBUG - 自動保存已禁用，跳過配置保存
2025-08-15 22:59:17,850 - VALO360 - DEBUG - 自動保存已禁用，跳過配置保存
2025-08-15 22:59:17,850 - VALO360 - DEBUG - 自動保存已禁用，跳過配置保存
2025-08-15 22:59:17,850 - VALO360 - DEBUG - 自動保存已禁用，跳過配置保存
2025-08-15 22:59:17,851 - VALO360 - DEBUG - 自動保存已禁用，跳過配置保存
2025-08-15 22:59:17,857 - VALO360 - DEBUG - 自動保存已禁用，跳過配置保存
2025-08-15 22:59:17,857 - VALO360 - DEBUG - 自動保存已禁用，跳過配置保存
2025-08-15 22:59:17,857 - VALO360 - DEBUG - 自動保存已禁用，跳過配置保存
2025-08-15 22:59:17,857 - VALO360 - DEBUG - 自動保存已禁用，跳過配置保存
2025-08-15 22:59:17,864 - VALO360 - DEBUG - 自動保存已禁用，跳過配置保存
2025-08-15 22:59:17,864 - VALO360 - DEBUG - 自動保存已禁用，跳過配置保存
2025-08-15 22:59:17,865 - VALO360 - DEBUG - 自動保存已禁用，跳過配置保存
2025-08-15 22:59:17,865 - VALO360 - DEBUG - 自動保存已禁用，跳過配置保存
2025-08-15 22:59:17,865 - VALO360 - DEBUG - 自動保存已禁用，跳過配置保存
2025-08-15 22:59:17,865 - VALO360 - DEBUG - 自動保存已禁用，跳過配置保存
2025-08-15 22:59:17,865 - VALO360 - DEBUG - 自動保存已禁用，跳過配置保存
2025-08-15 22:59:17,866 - VALO360 - DEBUG - 自動保存已禁用，跳過配置保存
2025-08-15 22:59:17,866 - VALO360 - DEBUG - 自動保存已禁用，跳過配置保存
2025-08-15 22:59:17,866 - VALO360 - DEBUG - 自動保存已禁用，跳過配置保存
2025-08-15 22:59:17,866 - VALO360 - DEBUG - 自動保存已禁用，跳過配置保存
2025-08-15 22:59:17,866 - VALO360 - DEBUG - 自動保存已禁用，跳過配置保存
2025-08-15 22:59:17,867 - VALO360 - DEBUG - 自動保存已禁用，跳過配置保存
2025-08-15 22:59:17,867 - VALO360 - DEBUG - 自動保存已禁用，跳過配置保存
2025-08-15 22:59:17,867 - VALO360 - DEBUG - 自動保存已禁用，跳過配置保存
2025-08-15 22:59:17,867 - VALO360 - DEBUG - 自動保存已禁用，跳過配置保存
2025-08-15 22:59:17,867 - VALO360 - DEBUG - 自動保存已禁用，跳過配置保存
2025-08-15 22:59:17,867 - VALO360 - DEBUG - 自動保存已禁用，跳過配置保存
2025-08-15 22:59:17,868 - VALO360 - DEBUG - 自動保存已禁用，跳過配置保存
2025-08-15 22:59:17,868 - VALO360 - DEBUG - 自動保存已禁用，跳過配置保存
2025-08-15 22:59:17,868 - VALO360 - DEBUG - 自動保存已禁用，跳過配置保存
2025-08-15 22:59:17,868 - VALO360 - DEBUG - 自動保存已禁用，跳過配置保存
2025-08-15 22:59:17,868 - VALO360 - DEBUG - 自動保存已禁用，跳過配置保存
2025-08-15 22:59:17,868 - VALO360 - DEBUG - 自動保存已禁用，跳過配置保存
2025-08-15 22:59:17,869 - VALO360 - DEBUG - 自動保存已禁用，跳過配置保存
2025-08-15 22:59:17,869 - VALO360 - DEBUG - 自動保存已禁用，跳過配置保存
2025-08-15 22:59:17,869 - VALO360 - DEBUG - 自動保存已禁用，跳過配置保存
2025-08-15 22:59:17,869 - VALO360 - DEBUG - 自動保存已禁用，跳過配置保存
2025-08-15 22:59:17,869 - VALO360 - DEBUG - 自動保存已禁用，跳過配置保存
2025-08-15 22:59:17,869 - VALO360 - DEBUG - 自動保存已禁用，跳過配置保存
2025-08-15 22:59:17,870 - VALO360 - DEBUG - 自動保存已禁用，跳過配置保存
2025-08-15 22:59:17,870 - VALO360 - DEBUG - 自動保存已禁用，跳過配置保存
2025-08-15 22:59:17,870 - VALO360 - DEBUG - 自動保存已禁用，跳過配置保存
2025-08-15 22:59:17,870 - VALO360 - DEBUG - 自動保存已禁用，跳過配置保存
2025-08-15 22:59:17,870 - VALO360 - DEBUG - 自動保存已禁用，跳過配置保存
2025-08-15 22:59:17,870 - VALO360 - DEBUG - 自動保存已禁用，跳過配置保存
2025-08-15 22:59:17,871 - VALO360 - DEBUG - 自動保存已禁用，跳過配置保存
2025-08-15 22:59:17,871 - VALO360 - DEBUG - 自動保存已禁用，跳過配置保存
2025-08-15 22:59:17,871 - VALO360 - DEBUG - 自動保存已禁用，跳過配置保存
2025-08-15 22:59:17,871 - VALO360 - DEBUG - 自動保存已禁用，跳過配置保存
2025-08-15 22:59:17,871 - VALO360 - DEBUG - 自動保存已禁用，跳過配置保存
2025-08-15 22:59:17,871 - VALO360 - DEBUG - 自動保存已禁用，跳過配置保存
2025-08-15 22:59:17,871 - VALO360 - DEBUG - 自動保存已禁用，跳過配置保存
2025-08-15 22:59:17,872 - VALO360 - DEBUG - 自動保存已禁用，跳過配置保存
2025-08-15 22:59:17,872 - VALO360 - DEBUG - 自動保存已禁用，跳過配置保存
2025-08-15 22:59:17,872 - VALO360 - DEBUG - 自動保存已禁用，跳過配置保存
2025-08-15 22:59:17,872 - VALO360 - DEBUG - 自動保存已禁用，跳過配置保存
2025-08-15 22:59:17,872 - VALO360 - DEBUG - 自動保存已禁用，跳過配置保存
2025-08-15 22:59:17,873 - VALO360 - DEBUG - 自動保存已禁用，跳過配置保存
2025-08-15 22:59:17,873 - VALO360 - DEBUG - 自動保存已禁用，跳過配置保存
2025-08-15 22:59:17,873 - VALO360 - DEBUG - 自動保存已禁用，跳過配置保存
2025-08-15 22:59:17,873 - VALO360 - DEBUG - 自動保存已禁用，跳過配置保存
2025-08-15 22:59:17,873 - VALO360 - DEBUG - 自動保存已禁用，跳過配置保存
2025-08-15 22:59:17,873 - VALO360 - DEBUG - 自動保存已禁用，跳過配置保存
2025-08-15 22:59:17,873 - VALO360 - DEBUG - 自動保存已禁用，跳過配置保存
2025-08-15 22:59:17,874 - VALO360 - DEBUG - 自動保存已禁用，跳過配置保存
2025-08-15 22:59:17,874 - VALO360 - DEBUG - 自動保存已禁用，跳過配置保存
2025-08-15 22:59:17,874 - VALO360 - DEBUG - 自動保存已禁用，跳過配置保存
2025-08-15 22:59:17,874 - VALO360 - DEBUG - 自動保存已禁用，跳過配置保存
2025-08-15 22:59:17,874 - VALO360 - DEBUG - 自動保存已禁用，跳過配置保存
2025-08-15 22:59:17,875 - VALO360 - DEBUG - 自動保存已禁用，跳過配置保存
2025-08-15 22:59:17,875 - VALO360 - DEBUG - 自動保存已禁用，跳過配置保存
2025-08-15 22:59:17,875 - VALO360 - DEBUG - 自動保存已禁用，跳過配置保存
2025-08-15 22:59:17,875 - VALO360 - DEBUG - 自動保存已禁用，跳過配置保存
2025-08-15 22:59:17,875 - VALO360 - DEBUG - 自動保存已禁用，跳過配置保存
2025-08-15 22:59:17,875 - VALO360 - DEBUG - 自動保存已禁用，跳過配置保存
2025-08-15 22:59:17,875 - VALO360 - DEBUG - 自動保存已禁用，跳過配置保存
2025-08-15 22:59:17,876 - VALO360 - DEBUG - 自動保存已禁用，跳過配置保存
2025-08-15 22:59:17,876 - VALO360 - DEBUG - 自動保存已禁用，跳過配置保存
2025-08-15 22:59:17,876 - VALO360 - DEBUG - 自動保存已禁用，跳過配置保存
2025-08-15 22:59:17,876 - VALO360 - DEBUG - 自動保存已禁用，跳過配置保存
2025-08-15 22:59:17,876 - VALO360 - DEBUG - 自動保存已禁用，跳過配置保存
2025-08-15 22:59:17,876 - VALO360 - DEBUG - 自動保存已禁用，跳過配置保存
2025-08-15 22:59:17,877 - VALO360 - DEBUG - 自動保存已禁用，跳過配置保存
2025-08-15 22:59:17,877 - VALO360 - DEBUG - 自動保存已禁用，跳過配置保存
2025-08-15 22:59:17,877 - VALO360 - DEBUG - 自動保存已禁用，跳過配置保存
2025-08-15 22:59:17,877 - VALO360 - DEBUG - 自動保存已禁用，跳過配置保存
2025-08-15 22:59:17,877 - VALO360 - DEBUG - 自動保存已禁用，跳過配置保存
2025-08-15 22:59:17,877 - VALO360 - DEBUG - 自動保存已禁用，跳過配置保存
2025-08-15 22:59:17,878 - VALO360 - DEBUG - 自動保存已禁用，跳過配置保存
2025-08-15 22:59:17,878 - VALO360 - DEBUG - 自動保存已禁用，跳過配置保存
2025-08-15 22:59:17,878 - VALO360 - DEBUG - 自動保存已禁用，跳過配置保存
2025-08-15 22:59:17,878 - VALO360 - DEBUG - 自動保存已禁用，跳過配置保存
2025-08-15 22:59:17,878 - VALO360 - DEBUG - 自動保存已禁用，跳過配置保存
2025-08-15 22:59:17,878 - VALO360 - DEBUG - 自動保存已禁用，跳過配置保存
2025-08-15 22:59:17,879 - VALO360 - DEBUG - 自動保存已禁用，跳過配置保存
2025-08-15 22:59:17,879 - VALO360 - DEBUG - 自動保存已禁用，跳過配置保存
2025-08-15 22:59:17,879 - VALO360 - DEBUG - 自動保存已禁用，跳過配置保存
2025-08-15 22:59:17,879 - VALO360 - DEBUG - 自動保存已禁用，跳過配置保存
2025-08-15 22:59:17,879 - VALO360 - DEBUG - 自動保存已禁用，跳過配置保存
2025-08-15 22:59:17,879 - VALO360 - DEBUG - 自動保存已禁用，跳過配置保存
2025-08-15 22:59:17,880 - VALO360 - DEBUG - 自動保存已禁用，跳過配置保存
2025-08-15 22:59:17,880 - VALO360 - DEBUG - 自動保存已禁用，跳過配置保存
2025-08-15 22:59:17,880 - VALO360 - DEBUG - 自動保存已禁用，跳過配置保存
2025-08-15 22:59:17,880 - VALO360 - DEBUG - 自動保存已禁用，跳過配置保存
2025-08-15 22:59:17,880 - VALO360 - DEBUG - 自動保存已禁用，跳過配置保存
2025-08-15 22:59:17,880 - VALO360 - DEBUG - 自動保存已禁用，跳過配置保存
2025-08-15 22:59:17,881 - VALO360 - DEBUG - 自動保存已禁用，跳過配置保存
2025-08-15 22:59:17,881 - VALO360 - DEBUG - 自動保存已禁用，跳過配置保存
2025-08-15 22:59:17,881 - VALO360 - DEBUG - 自動保存已禁用，跳過配置保存
2025-08-15 22:59:17,881 - VALO360 - DEBUG - 自動保存已禁用，跳過配置保存
2025-08-15 22:59:17,881 - VALO360 - DEBUG - 自動保存已禁用，跳過配置保存
2025-08-15 22:59:17,881 - VALO360 - DEBUG - 自動保存已禁用，跳過配置保存
2025-08-15 22:59:17,881 - VALO360 - DEBUG - 自動保存已禁用，跳過配置保存
2025-08-15 22:59:17,882 - VALO360 - DEBUG - 自動保存已禁用，跳過配置保存
2025-08-15 22:59:17,882 - VALO360 - DEBUG - 自動保存已禁用，跳過配置保存
2025-08-15 22:59:17,882 - VALO360 - DEBUG - 自動保存已禁用，跳過配置保存
2025-08-15 22:59:17,882 - VALO360 - DEBUG - 自動保存已禁用，跳過配置保存
2025-08-15 22:59:17,883 - VALO360 - DEBUG - 自動保存已禁用，跳過配置保存
2025-08-15 22:59:17,883 - VALO360 - DEBUG - 自動保存已禁用，跳過配置保存
2025-08-15 22:59:17,883 - VALO360 - DEBUG - 自動保存已禁用，跳過配置保存
2025-08-15 22:59:17,883 - VALO360 - DEBUG - 自動保存已禁用，跳過配置保存
2025-08-15 22:59:17,968 - VALO360 - DEBUG - 自動保存已禁用，跳過配置保存
2025-08-15 22:59:17,968 - VALO360 - DEBUG - 自動保存已禁用，跳過配置保存
2025-08-15 22:59:17,968 - VALO360 - DEBUG - 自動保存已禁用，跳過配置保存
2025-08-15 22:59:17,968 - VALO360 - DEBUG - 自動保存已禁用，跳過配置保存
2025-08-15 22:59:17,968 - VALO360 - DEBUG - 自動保存已禁用，跳過配置保存
2025-08-15 22:59:17,969 - VALO360 - DEBUG - 自動保存已禁用，跳過配置保存
2025-08-15 22:59:17,969 - VALO360 - DEBUG - 自動保存已禁用，跳過配置保存
2025-08-15 22:59:17,969 - VALO360 - DEBUG - 自動保存已禁用，跳過配置保存
2025-08-15 22:59:17,972 - VALO360 - DEBUG - 自動保存已禁用，跳過配置保存
2025-08-15 22:59:17,972 - VALO360 - DEBUG - 自動保存已禁用，跳過配置保存
2025-08-15 22:59:17,972 - VALO360 - DEBUG - 自動保存已禁用，跳過配置保存
2025-08-15 22:59:17,973 - VALO360 - DEBUG - 自動保存已禁用，跳過配置保存
2025-08-15 22:59:17,973 - VALO360 - DEBUG - 自動保存已禁用，跳過配置保存
2025-08-15 22:59:17,973 - VALO360 - DEBUG - 自動保存已禁用，跳過配置保存
2025-08-15 22:59:17,973 - VALO360 - DEBUG - 自動保存已禁用，跳過配置保存
2025-08-15 22:59:17,973 - VALO360 - DEBUG - 自動保存已禁用，跳過配置保存
2025-08-15 22:59:17,980 - VALO360 - DEBUG - 自動保存已禁用，跳過配置保存
2025-08-15 22:59:17,980 - VALO360 - DEBUG - 自動保存已禁用，跳過配置保存
2025-08-15 22:59:17,980 - VALO360 - DEBUG - 自動保存已禁用，跳過配置保存
2025-08-15 22:59:17,981 - VALO360 - DEBUG - 自動保存已禁用，跳過配置保存
2025-08-15 22:59:17,981 - VALO360 - DEBUG - 自動保存已禁用，跳過配置保存
2025-08-15 22:59:17,981 - VALO360 - DEBUG - 自動保存已禁用，跳過配置保存
2025-08-15 22:59:17,981 - VALO360 - DEBUG - 自動保存已禁用，跳過配置保存
2025-08-15 22:59:17,981 - VALO360 - DEBUG - 自動保存已禁用，跳過配置保存
2025-08-15 22:59:17,989 - VALO360 - DEBUG - 自動保存已禁用，跳過配置保存
2025-08-15 22:59:17,990 - VALO360 - DEBUG - 自動保存已禁用，跳過配置保存
2025-08-15 22:59:17,990 - VALO360 - DEBUG - 自動保存已禁用，跳過配置保存
2025-08-15 22:59:17,990 - VALO360 - DEBUG - 自動保存已禁用，跳過配置保存
2025-08-15 22:59:17,990 - VALO360 - DEBUG - 自動保存已禁用，跳過配置保存
2025-08-15 22:59:17,990 - VALO360 - DEBUG - 自動保存已禁用，跳過配置保存
2025-08-15 22:59:17,990 - VALO360 - DEBUG - 自動保存已禁用，跳過配置保存
2025-08-15 22:59:17,990 - VALO360 - DEBUG - 自動保存已禁用，跳過配置保存
2025-08-15 22:59:17,997 - VALO360 - DEBUG - 自動保存已禁用，跳過配置保存
2025-08-15 22:59:17,997 - VALO360 - DEBUG - 自動保存已禁用，跳過配置保存
2025-08-15 22:59:17,997 - VALO360 - DEBUG - 自動保存已禁用，跳過配置保存
2025-08-15 22:59:17,997 - VALO360 - DEBUG - 自動保存已禁用，跳過配置保存
2025-08-15 22:59:17,997 - VALO360 - DEBUG - 自動保存已禁用，跳過配置保存
2025-08-15 22:59:17,997 - VALO360 - DEBUG - 自動保存已禁用，跳過配置保存
2025-08-15 22:59:17,998 - VALO360 - DEBUG - 自動保存已禁用，跳過配置保存
2025-08-15 22:59:17,998 - VALO360 - DEBUG - 自動保存已禁用，跳過配置保存
2025-08-15 22:59:18,006 - VALO360 - DEBUG - 自動保存已禁用，跳過配置保存
2025-08-15 22:59:18,006 - VALO360 - DEBUG - 自動保存已禁用，跳過配置保存
2025-08-15 22:59:18,006 - VALO360 - DEBUG - 自動保存已禁用，跳過配置保存
2025-08-15 22:59:18,006 - VALO360 - DEBUG - 自動保存已禁用，跳過配置保存
2025-08-15 22:59:18,006 - VALO360 - DEBUG - 自動保存已禁用，跳過配置保存
2025-08-15 22:59:18,006 - VALO360 - DEBUG - 自動保存已禁用，跳過配置保存
2025-08-15 22:59:18,007 - VALO360 - DEBUG - 自動保存已禁用，跳過配置保存
2025-08-15 22:59:18,007 - VALO360 - DEBUG - 自動保存已禁用，跳過配置保存
2025-08-15 22:59:18,015 - VALO360 - DEBUG - 自動保存已禁用，跳過配置保存
2025-08-15 22:59:18,015 - VALO360 - DEBUG - 自動保存已禁用，跳過配置保存
2025-08-15 22:59:18,016 - VALO360 - DEBUG - 自動保存已禁用，跳過配置保存
2025-08-15 22:59:18,016 - VALO360 - DEBUG - 自動保存已禁用，跳過配置保存
2025-08-15 22:59:18,016 - VALO360 - DEBUG - 自動保存已禁用，跳過配置保存
2025-08-15 22:59:18,016 - VALO360 - DEBUG - 自動保存已禁用，跳過配置保存
2025-08-15 22:59:18,016 - VALO360 - DEBUG - 自動保存已禁用，跳過配置保存
2025-08-15 22:59:18,016 - VALO360 - DEBUG - 自動保存已禁用，跳過配置保存
2025-08-15 22:59:18,019 - VALO360 - DEBUG - 自動保存已禁用，跳過配置保存
2025-08-15 22:59:18,019 - VALO360 - DEBUG - 自動保存已禁用，跳過配置保存
2025-08-15 22:59:18,020 - VALO360 - DEBUG - 自動保存已禁用，跳過配置保存
2025-08-15 22:59:18,020 - VALO360 - DEBUG - 自動保存已禁用，跳過配置保存
2025-08-15 22:59:18,020 - VALO360 - DEBUG - 自動保存已禁用，跳過配置保存
2025-08-15 22:59:18,020 - VALO360 - DEBUG - 自動保存已禁用，跳過配置保存
2025-08-15 22:59:18,020 - VALO360 - DEBUG - 自動保存已禁用，跳過配置保存
2025-08-15 22:59:18,020 - VALO360 - DEBUG - 自動保存已禁用，跳過配置保存
2025-08-15 22:59:18,023 - VALO360 - DEBUG - 自動保存已禁用，跳過配置保存
2025-08-15 22:59:18,023 - VALO360 - DEBUG - 自動保存已禁用，跳過配置保存
2025-08-15 22:59:18,023 - VALO360 - DEBUG - 自動保存已禁用，跳過配置保存
2025-08-15 22:59:18,023 - VALO360 - DEBUG - 自動保存已禁用，跳過配置保存
2025-08-15 22:59:18,023 - VALO360 - DEBUG - 自動保存已禁用，跳過配置保存
2025-08-15 22:59:18,024 - VALO360 - DEBUG - 自動保存已禁用，跳過配置保存
2025-08-15 22:59:18,024 - VALO360 - DEBUG - 自動保存已禁用，跳過配置保存
2025-08-15 22:59:18,024 - VALO360 - DEBUG - 自動保存已禁用，跳過配置保存
2025-08-15 22:59:18,024 - VALO360 - DEBUG - 自動保存已禁用，跳過配置保存
2025-08-15 22:59:18,024 - VALO360 - DEBUG - 自動保存已禁用，跳過配置保存
2025-08-15 22:59:18,024 - VALO360 - DEBUG - 自動保存已禁用，跳過配置保存
2025-08-15 22:59:18,024 - VALO360 - DEBUG - 自動保存已禁用，跳過配置保存
2025-08-15 22:59:18,025 - VALO360 - DEBUG - 自動保存已禁用，跳過配置保存
2025-08-15 22:59:18,025 - VALO360 - DEBUG - 自動保存已禁用，跳過配置保存
2025-08-15 22:59:18,025 - VALO360 - DEBUG - 自動保存已禁用，跳過配置保存
2025-08-15 22:59:18,025 - VALO360 - DEBUG - 自動保存已禁用，跳過配置保存
2025-08-15 22:59:18,028 - VALO360 - DEBUG - 自動保存已禁用，跳過配置保存
2025-08-15 22:59:18,028 - VALO360 - DEBUG - 自動保存已禁用，跳過配置保存
2025-08-15 22:59:18,028 - VALO360 - DEBUG - 自動保存已禁用，跳過配置保存
2025-08-15 22:59:18,028 - VALO360 - DEBUG - 自動保存已禁用，跳過配置保存
2025-08-15 22:59:18,029 - VALO360 - DEBUG - 自動保存已禁用，跳過配置保存
2025-08-15 22:59:18,029 - VALO360 - DEBUG - 自動保存已禁用，跳過配置保存
2025-08-15 22:59:18,029 - VALO360 - DEBUG - 自動保存已禁用，跳過配置保存
2025-08-15 22:59:18,029 - VALO360 - DEBUG - 自動保存已禁用，跳過配置保存
2025-08-15 22:59:18,031 - VALO360 - DEBUG - 自動保存已禁用，跳過配置保存
2025-08-15 22:59:18,032 - VALO360 - DEBUG - 自動保存已禁用，跳過配置保存
2025-08-15 22:59:18,032 - VALO360 - DEBUG - 自動保存已禁用，跳過配置保存
2025-08-15 22:59:18,032 - VALO360 - DEBUG - 自動保存已禁用，跳過配置保存
2025-08-15 22:59:18,032 - VALO360 - DEBUG - 自動保存已禁用，跳過配置保存
2025-08-15 22:59:18,032 - VALO360 - DEBUG - 自動保存已禁用，跳過配置保存
2025-08-15 22:59:18,032 - VALO360 - DEBUG - 自動保存已禁用，跳過配置保存
2025-08-15 22:59:18,032 - VALO360 - DEBUG - 自動保存已禁用，跳過配置保存
2025-08-15 22:59:18,040 - VALO360 - DEBUG - 自動保存已禁用，跳過配置保存
2025-08-15 22:59:18,040 - VALO360 - DEBUG - 自動保存已禁用，跳過配置保存
2025-08-15 22:59:18,040 - VALO360 - DEBUG - 自動保存已禁用，跳過配置保存
2025-08-15 22:59:18,040 - VALO360 - DEBUG - 自動保存已禁用，跳過配置保存
2025-08-15 22:59:18,041 - VALO360 - DEBUG - 自動保存已禁用，跳過配置保存
2025-08-15 22:59:18,041 - VALO360 - DEBUG - 自動保存已禁用，跳過配置保存
2025-08-15 22:59:18,041 - VALO360 - DEBUG - 自動保存已禁用，跳過配置保存
2025-08-15 22:59:18,041 - VALO360 - DEBUG - 自動保存已禁用，跳過配置保存
2025-08-15 22:59:18,041 - VALO360 - DEBUG - 自動保存已禁用，跳過配置保存
2025-08-15 22:59:18,041 - VALO360 - DEBUG - 自動保存已禁用，跳過配置保存
2025-08-15 22:59:18,041 - VALO360 - DEBUG - 自動保存已禁用，跳過配置保存
2025-08-15 22:59:18,042 - VALO360 - DEBUG - 自動保存已禁用，跳過配置保存
2025-08-15 22:59:18,042 - VALO360 - DEBUG - 自動保存已禁用，跳過配置保存
2025-08-15 22:59:18,042 - VALO360 - DEBUG - 自動保存已禁用，跳過配置保存
2025-08-15 22:59:18,042 - VALO360 - DEBUG - 自動保存已禁用，跳過配置保存
2025-08-15 22:59:18,042 - VALO360 - DEBUG - 自動保存已禁用，跳過配置保存
2025-08-15 22:59:18,046 - VALO360 - DEBUG - 自動保存已禁用，跳過配置保存
2025-08-15 22:59:18,046 - VALO360 - DEBUG - 自動保存已禁用，跳過配置保存
2025-08-15 22:59:18,047 - VALO360 - DEBUG - 自動保存已禁用，跳過配置保存
2025-08-15 22:59:18,047 - VALO360 - DEBUG - 自動保存已禁用，跳過配置保存
2025-08-15 22:59:18,047 - VALO360 - DEBUG - 自動保存已禁用，跳過配置保存
2025-08-15 22:59:18,047 - VALO360 - DEBUG - 自動保存已禁用，跳過配置保存
2025-08-15 22:59:18,047 - VALO360 - DEBUG - 自動保存已禁用，跳過配置保存
2025-08-15 22:59:18,047 - VALO360 - DEBUG - 自動保存已禁用，跳過配置保存
2025-08-15 22:59:18,080 - VALO360 - DEBUG - 自動保存已禁用，跳過配置保存
2025-08-15 22:59:18,081 - VALO360 - DEBUG - 自動保存已禁用，跳過配置保存
2025-08-15 22:59:18,081 - VALO360 - DEBUG - 自動保存已禁用，跳過配置保存
2025-08-15 22:59:18,081 - VALO360 - DEBUG - 自動保存已禁用，跳過配置保存
2025-08-15 22:59:18,081 - VALO360 - DEBUG - 自動保存已禁用，跳過配置保存
2025-08-15 22:59:18,081 - VALO360 - DEBUG - 自動保存已禁用，跳過配置保存
2025-08-15 22:59:18,081 - VALO360 - DEBUG - 自動保存已禁用，跳過配置保存
2025-08-15 22:59:18,082 - VALO360 - DEBUG - 自動保存已禁用，跳過配置保存
2025-08-15 22:59:18,087 - VALO360 - DEBUG - 自動保存已禁用，跳過配置保存
2025-08-15 22:59:18,087 - VALO360 - DEBUG - 自動保存已禁用，跳過配置保存
2025-08-15 22:59:18,087 - VALO360 - DEBUG - 自動保存已禁用，跳過配置保存
2025-08-15 22:59:18,088 - VALO360 - DEBUG - 自動保存已禁用，跳過配置保存
2025-08-15 22:59:18,088 - VALO360 - DEBUG - 自動保存已禁用，跳過配置保存
2025-08-15 22:59:18,088 - VALO360 - DEBUG - 自動保存已禁用，跳過配置保存
2025-08-15 22:59:18,088 - VALO360 - DEBUG - 自動保存已禁用，跳過配置保存
2025-08-15 22:59:18,088 - VALO360 - DEBUG - 自動保存已禁用，跳過配置保存
2025-08-15 22:59:18,088 - VALO360 - DEBUG - 自動保存已禁用，跳過配置保存
2025-08-15 22:59:18,089 - VALO360 - DEBUG - 自動保存已禁用，跳過配置保存
2025-08-15 22:59:18,089 - VALO360 - DEBUG - 自動保存已禁用，跳過配置保存
2025-08-15 22:59:18,089 - VALO360 - DEBUG - 自動保存已禁用，跳過配置保存
2025-08-15 22:59:18,089 - VALO360 - DEBUG - 自動保存已禁用，跳過配置保存
2025-08-15 22:59:18,089 - VALO360 - DEBUG - 自動保存已禁用，跳過配置保存
2025-08-15 22:59:18,089 - VALO360 - DEBUG - 自動保存已禁用，跳過配置保存
2025-08-15 22:59:18,089 - VALO360 - DEBUG - 自動保存已禁用，跳過配置保存
2025-08-15 22:59:18,106 - VALO360 - DEBUG - 自動保存已禁用，跳過配置保存
2025-08-15 22:59:18,106 - VALO360 - DEBUG - 自動保存已禁用，跳過配置保存
2025-08-15 22:59:18,106 - VALO360 - DEBUG - 自動保存已禁用，跳過配置保存
2025-08-15 22:59:18,106 - VALO360 - DEBUG - 自動保存已禁用，跳過配置保存
2025-08-15 22:59:18,106 - VALO360 - DEBUG - 自動保存已禁用，跳過配置保存
2025-08-15 22:59:18,106 - VALO360 - DEBUG - 自動保存已禁用，跳過配置保存
2025-08-15 22:59:18,107 - VALO360 - DEBUG - 自動保存已禁用，跳過配置保存
2025-08-15 22:59:18,107 - VALO360 - DEBUG - 自動保存已禁用，跳過配置保存
2025-08-15 22:59:18,109 - VALO360 - DEBUG - 自動保存已禁用，跳過配置保存
2025-08-15 22:59:18,110 - VALO360 - DEBUG - 自動保存已禁用，跳過配置保存
2025-08-15 22:59:18,110 - VALO360 - DEBUG - 自動保存已禁用，跳過配置保存
2025-08-15 22:59:18,110 - VALO360 - DEBUG - 自動保存已禁用，跳過配置保存
2025-08-15 22:59:18,110 - VALO360 - DEBUG - 自動保存已禁用，跳過配置保存
2025-08-15 22:59:18,110 - VALO360 - DEBUG - 自動保存已禁用，跳過配置保存
2025-08-15 22:59:18,110 - VALO360 - DEBUG - 自動保存已禁用，跳過配置保存
2025-08-15 22:59:18,111 - VALO360 - DEBUG - 自動保存已禁用，跳過配置保存
2025-08-15 22:59:18,143 - VALO360 - DEBUG - 自動保存已禁用，跳過配置保存
2025-08-15 22:59:18,143 - VALO360 - DEBUG - 自動保存已禁用，跳過配置保存
2025-08-15 22:59:18,143 - VALO360 - DEBUG - 自動保存已禁用，跳過配置保存
2025-08-15 22:59:18,143 - VALO360 - DEBUG - 自動保存已禁用，跳過配置保存
2025-08-15 22:59:18,144 - VALO360 - DEBUG - 自動保存已禁用，跳過配置保存
2025-08-15 22:59:18,144 - VALO360 - DEBUG - 自動保存已禁用，跳過配置保存
2025-08-15 22:59:18,144 - VALO360 - DEBUG - 自動保存已禁用，跳過配置保存
2025-08-15 22:59:18,144 - VALO360 - DEBUG - 自動保存已禁用，跳過配置保存
2025-08-15 22:59:18,157 - VALO360 - DEBUG - 自動保存已禁用，跳過配置保存
2025-08-15 22:59:18,157 - VALO360 - DEBUG - 自動保存已禁用，跳過配置保存
2025-08-15 22:59:18,157 - VALO360 - DEBUG - 自動保存已禁用，跳過配置保存
2025-08-15 22:59:18,157 - VALO360 - DEBUG - 自動保存已禁用，跳過配置保存
2025-08-15 22:59:18,158 - VALO360 - DEBUG - 自動保存已禁用，跳過配置保存
2025-08-15 22:59:18,158 - VALO360 - DEBUG - 自動保存已禁用，跳過配置保存
2025-08-15 22:59:18,158 - VALO360 - DEBUG - 自動保存已禁用，跳過配置保存
2025-08-15 22:59:18,158 - VALO360 - DEBUG - 自動保存已禁用，跳過配置保存
2025-08-15 22:59:18,159 - VALO360 - DEBUG - 自動保存已禁用，跳過配置保存
2025-08-15 22:59:18,159 - VALO360 - DEBUG - 自動保存已禁用，跳過配置保存
2025-08-15 22:59:18,159 - VALO360 - DEBUG - 自動保存已禁用，跳過配置保存
2025-08-15 22:59:18,159 - VALO360 - DEBUG - 自動保存已禁用，跳過配置保存
2025-08-15 22:59:18,159 - VALO360 - DEBUG - 自動保存已禁用，跳過配置保存
2025-08-15 22:59:18,160 - VALO360 - DEBUG - 自動保存已禁用，跳過配置保存
2025-08-15 22:59:18,160 - VALO360 - DEBUG - 自動保存已禁用，跳過配置保存
2025-08-15 22:59:18,160 - VALO360 - DEBUG - 自動保存已禁用，跳過配置保存
2025-08-15 22:59:18,160 - VALO360 - DEBUG - 自動保存已禁用，跳過配置保存
2025-08-15 22:59:18,160 - VALO360 - DEBUG - 自動保存已禁用，跳過配置保存
2025-08-15 22:59:18,161 - VALO360 - DEBUG - 自動保存已禁用，跳過配置保存
2025-08-15 22:59:18,161 - VALO360 - DEBUG - 自動保存已禁用，跳過配置保存
2025-08-15 22:59:18,161 - VALO360 - DEBUG - 自動保存已禁用，跳過配置保存
2025-08-15 22:59:18,161 - VALO360 - DEBUG - 自動保存已禁用，跳過配置保存
2025-08-15 22:59:18,161 - VALO360 - DEBUG - 自動保存已禁用，跳過配置保存
2025-08-15 22:59:18,162 - VALO360 - DEBUG - 自動保存已禁用，跳過配置保存
2025-08-15 22:59:18,162 - VALO360 - DEBUG - 自動保存已禁用，跳過配置保存
2025-08-15 22:59:18,162 - VALO360 - DEBUG - 自動保存已禁用，跳過配置保存
2025-08-15 22:59:18,162 - VALO360 - DEBUG - 自動保存已禁用，跳過配置保存
2025-08-15 22:59:18,162 - VALO360 - DEBUG - 自動保存已禁用，跳過配置保存
2025-08-15 22:59:18,163 - VALO360 - DEBUG - 自動保存已禁用，跳過配置保存
2025-08-15 22:59:18,163 - VALO360 - DEBUG - 自動保存已禁用，跳過配置保存
2025-08-15 22:59:18,163 - VALO360 - DEBUG - 自動保存已禁用，跳過配置保存
2025-08-15 22:59:18,163 - VALO360 - DEBUG - 自動保存已禁用，跳過配置保存
2025-08-15 22:59:18,164 - VALO360 - DEBUG - 自動保存已禁用，跳過配置保存
2025-08-15 22:59:18,164 - VALO360 - DEBUG - 自動保存已禁用，跳過配置保存
2025-08-15 22:59:18,164 - VALO360 - DEBUG - 自動保存已禁用，跳過配置保存
2025-08-15 22:59:18,164 - VALO360 - DEBUG - 自動保存已禁用，跳過配置保存
2025-08-15 22:59:18,165 - VALO360 - DEBUG - 自動保存已禁用，跳過配置保存
2025-08-15 22:59:18,165 - VALO360 - DEBUG - 自動保存已禁用，跳過配置保存
2025-08-15 22:59:18,165 - VALO360 - DEBUG - 自動保存已禁用，跳過配置保存
2025-08-15 22:59:18,165 - VALO360 - DEBUG - 自動保存已禁用，跳過配置保存
2025-08-15 22:59:18,166 - VALO360 - DEBUG - 自動保存已禁用，跳過配置保存
2025-08-15 22:59:18,166 - VALO360 - DEBUG - 自動保存已禁用，跳過配置保存
2025-08-15 22:59:18,166 - VALO360 - DEBUG - 自動保存已禁用，跳過配置保存
2025-08-15 22:59:18,166 - VALO360 - DEBUG - 自動保存已禁用，跳過配置保存
2025-08-15 22:59:18,166 - VALO360 - DEBUG - 自動保存已禁用，跳過配置保存
2025-08-15 22:59:18,167 - VALO360 - DEBUG - 自動保存已禁用，跳過配置保存
2025-08-15 22:59:18,167 - VALO360 - DEBUG - 自動保存已禁用，跳過配置保存
2025-08-15 22:59:18,167 - VALO360 - DEBUG - 自動保存已禁用，跳過配置保存
2025-08-15 22:59:18,167 - VALO360 - DEBUG - 自動保存已禁用，跳過配置保存
2025-08-15 22:59:18,167 - VALO360 - DEBUG - 自動保存已禁用，跳過配置保存
2025-08-15 22:59:18,167 - VALO360 - DEBUG - 自動保存已禁用，跳過配置保存
2025-08-15 22:59:18,168 - VALO360 - DEBUG - 自動保存已禁用，跳過配置保存
2025-08-15 22:59:18,168 - VALO360 - DEBUG - 自動保存已禁用，跳過配置保存
2025-08-15 22:59:18,168 - VALO360 - DEBUG - 自動保存已禁用，跳過配置保存
2025-08-15 22:59:18,168 - VALO360 - DEBUG - 自動保存已禁用，跳過配置保存
2025-08-15 22:59:18,168 - VALO360 - DEBUG - 自動保存已禁用，跳過配置保存
2025-08-15 22:59:18,169 - VALO360 - DEBUG - 自動保存已禁用，跳過配置保存
2025-08-15 22:59:18,169 - VALO360 - DEBUG - 自動保存已禁用，跳過配置保存
2025-08-15 22:59:18,169 - VALO360 - DEBUG - 自動保存已禁用，跳過配置保存
2025-08-15 22:59:18,169 - VALO360 - DEBUG - 自動保存已禁用，跳過配置保存
2025-08-15 22:59:18,200 - VALO360 - DEBUG - 自動保存已禁用，跳過配置保存
2025-08-15 22:59:18,200 - VALO360 - DEBUG - 自動保存已禁用，跳過配置保存
2025-08-15 22:59:18,201 - VALO360 - DEBUG - 自動保存已禁用，跳過配置保存
2025-08-15 22:59:18,201 - VALO360 - DEBUG - 自動保存已禁用，跳過配置保存
2025-08-15 22:59:18,201 - VALO360 - DEBUG - 自動保存已禁用，跳過配置保存
2025-08-15 22:59:18,201 - VALO360 - DEBUG - 自動保存已禁用，跳過配置保存
2025-08-15 22:59:18,201 - VALO360 - DEBUG - 自動保存已禁用，跳過配置保存
2025-08-15 22:59:18,202 - VALO360 - DEBUG - 自動保存已禁用，跳過配置保存
2025-08-15 22:59:18,202 - VALO360 - DEBUG - 自動保存已禁用，跳過配置保存
2025-08-15 22:59:18,202 - VALO360 - DEBUG - 自動保存已禁用，跳過配置保存
2025-08-15 22:59:18,202 - VALO360 - DEBUG - 自動保存已禁用，跳過配置保存
2025-08-15 22:59:18,202 - VALO360 - DEBUG - 自動保存已禁用，跳過配置保存
2025-08-15 22:59:18,203 - VALO360 - DEBUG - 自動保存已禁用，跳過配置保存
2025-08-15 22:59:18,203 - VALO360 - DEBUG - 自動保存已禁用，跳過配置保存
2025-08-15 22:59:18,203 - VALO360 - DEBUG - 自動保存已禁用，跳過配置保存
2025-08-15 22:59:18,203 - VALO360 - DEBUG - 自動保存已禁用，跳過配置保存
2025-08-15 22:59:18,203 - VALO360 - DEBUG - 自動保存已禁用，跳過配置保存
2025-08-15 22:59:18,204 - VALO360 - DEBUG - 自動保存已禁用，跳過配置保存
2025-08-15 22:59:18,204 - VALO360 - DEBUG - 自動保存已禁用，跳過配置保存
2025-08-15 22:59:18,204 - VALO360 - DEBUG - 自動保存已禁用，跳過配置保存
2025-08-15 22:59:18,205 - VALO360 - DEBUG - 自動保存已禁用，跳過配置保存
2025-08-15 22:59:18,205 - VALO360 - DEBUG - 自動保存已禁用，跳過配置保存
2025-08-15 22:59:18,205 - VALO360 - DEBUG - 自動保存已禁用，跳過配置保存
2025-08-15 22:59:18,205 - VALO360 - DEBUG - 自動保存已禁用，跳過配置保存
2025-08-15 22:59:18,206 - VALO360 - DEBUG - 自動保存已禁用，跳過配置保存
2025-08-15 22:59:18,206 - VALO360 - DEBUG - 自動保存已禁用，跳過配置保存
2025-08-15 22:59:18,206 - VALO360 - DEBUG - 自動保存已禁用，跳過配置保存
2025-08-15 22:59:18,206 - VALO360 - DEBUG - 自動保存已禁用，跳過配置保存
2025-08-15 22:59:18,207 - VALO360 - DEBUG - 自動保存已禁用，跳過配置保存
2025-08-15 22:59:18,207 - VALO360 - DEBUG - 自動保存已禁用，跳過配置保存
2025-08-15 22:59:18,207 - VALO360 - DEBUG - 自動保存已禁用，跳過配置保存
2025-08-15 22:59:18,207 - VALO360 - DEBUG - 自動保存已禁用，跳過配置保存
2025-08-15 22:59:18,208 - VALO360 - DEBUG - 自動保存已禁用，跳過配置保存
2025-08-15 22:59:18,208 - VALO360 - DEBUG - 自動保存已禁用，跳過配置保存
2025-08-15 22:59:18,208 - VALO360 - DEBUG - 自動保存已禁用，跳過配置保存
2025-08-15 22:59:18,208 - VALO360 - DEBUG - 自動保存已禁用，跳過配置保存
2025-08-15 22:59:18,209 - VALO360 - DEBUG - 自動保存已禁用，跳過配置保存
2025-08-15 22:59:18,209 - VALO360 - DEBUG - 自動保存已禁用，跳過配置保存
2025-08-15 22:59:18,209 - VALO360 - DEBUG - 自動保存已禁用，跳過配置保存
2025-08-15 22:59:18,209 - VALO360 - DEBUG - 自動保存已禁用，跳過配置保存
2025-08-15 22:59:18,210 - VALO360 - DEBUG - 自動保存已禁用，跳過配置保存
2025-08-15 22:59:18,210 - VALO360 - DEBUG - 自動保存已禁用，跳過配置保存
2025-08-15 22:59:18,211 - VALO360 - DEBUG - 自動保存已禁用，跳過配置保存
2025-08-15 22:59:18,211 - VALO360 - DEBUG - 自動保存已禁用，跳過配置保存
2025-08-15 22:59:18,211 - VALO360 - DEBUG - 自動保存已禁用，跳過配置保存
2025-08-15 22:59:18,211 - VALO360 - DEBUG - 自動保存已禁用，跳過配置保存
2025-08-15 22:59:18,212 - VALO360 - DEBUG - 自動保存已禁用，跳過配置保存
2025-08-15 22:59:18,212 - VALO360 - DEBUG - 自動保存已禁用，跳過配置保存
2025-08-15 22:59:18,212 - VALO360 - DEBUG - 自動保存已禁用，跳過配置保存
2025-08-15 22:59:18,212 - VALO360 - DEBUG - 自動保存已禁用，跳過配置保存
2025-08-15 22:59:18,212 - VALO360 - DEBUG - 自動保存已禁用，跳過配置保存
2025-08-15 22:59:18,213 - VALO360 - DEBUG - 自動保存已禁用，跳過配置保存
2025-08-15 22:59:18,213 - VALO360 - DEBUG - 自動保存已禁用，跳過配置保存
2025-08-15 22:59:18,213 - VALO360 - DEBUG - 自動保存已禁用，跳過配置保存
2025-08-15 22:59:18,213 - VALO360 - DEBUG - 自動保存已禁用，跳過配置保存
2025-08-15 22:59:18,213 - VALO360 - DEBUG - 自動保存已禁用，跳過配置保存
2025-08-15 22:59:18,214 - VALO360 - DEBUG - 自動保存已禁用，跳過配置保存
2025-08-15 22:59:18,214 - VALO360 - DEBUG - 自動保存已禁用，跳過配置保存
2025-08-15 22:59:18,214 - VALO360 - DEBUG - 自動保存已禁用，跳過配置保存
2025-08-15 22:59:18,214 - VALO360 - DEBUG - 自動保存已禁用，跳過配置保存
2025-08-15 22:59:18,214 - VALO360 - DEBUG - 自動保存已禁用，跳過配置保存
2025-08-15 22:59:18,215 - VALO360 - DEBUG - 自動保存已禁用，跳過配置保存
2025-08-15 22:59:18,215 - VALO360 - DEBUG - 自動保存已禁用，跳過配置保存
2025-08-15 22:59:18,215 - VALO360 - DEBUG - 自動保存已禁用，跳過配置保存
2025-08-15 22:59:18,215 - VALO360 - DEBUG - 自動保存已禁用，跳過配置保存
2025-08-15 22:59:18,215 - VALO360 - DEBUG - 自動保存已禁用，跳過配置保存
2025-08-15 22:59:18,216 - VALO360 - DEBUG - 自動保存已禁用，跳過配置保存
2025-08-15 22:59:18,216 - VALO360 - DEBUG - 自動保存已禁用，跳過配置保存
2025-08-15 22:59:18,216 - VALO360 - DEBUG - 自動保存已禁用，跳過配置保存
2025-08-15 22:59:18,216 - VALO360 - DEBUG - 自動保存已禁用，跳過配置保存
2025-08-15 22:59:18,216 - VALO360 - DEBUG - 自動保存已禁用，跳過配置保存
2025-08-15 22:59:18,216 - VALO360 - DEBUG - 自動保存已禁用，跳過配置保存
2025-08-15 22:59:18,217 - VALO360 - DEBUG - 自動保存已禁用，跳過配置保存
2025-08-15 22:59:18,217 - VALO360 - DEBUG - 自動保存已禁用，跳過配置保存
2025-08-15 22:59:18,217 - VALO360 - DEBUG - 自動保存已禁用，跳過配置保存
2025-08-15 22:59:18,217 - VALO360 - DEBUG - 自動保存已禁用，跳過配置保存
2025-08-15 22:59:18,217 - VALO360 - DEBUG - 自動保存已禁用，跳過配置保存
2025-08-15 22:59:18,218 - VALO360 - DEBUG - 自動保存已禁用，跳過配置保存
2025-08-15 22:59:18,218 - VALO360 - DEBUG - 自動保存已禁用，跳過配置保存
2025-08-15 22:59:18,218 - VALO360 - DEBUG - 自動保存已禁用，跳過配置保存
2025-08-15 22:59:18,218 - VALO360 - DEBUG - 自動保存已禁用，跳過配置保存
2025-08-15 22:59:18,218 - VALO360 - DEBUG - 自動保存已禁用，跳過配置保存
2025-08-15 22:59:18,218 - VALO360 - DEBUG - 自動保存已禁用，跳過配置保存
2025-08-15 22:59:18,218 - VALO360 - DEBUG - 自動保存已禁用，跳過配置保存
2025-08-15 22:59:18,219 - VALO360 - DEBUG - 自動保存已禁用，跳過配置保存
2025-08-15 22:59:18,219 - VALO360 - DEBUG - 自動保存已禁用，跳過配置保存
2025-08-15 22:59:18,219 - VALO360 - DEBUG - 自動保存已禁用，跳過配置保存
2025-08-15 22:59:18,219 - VALO360 - DEBUG - 自動保存已禁用，跳過配置保存
2025-08-15 22:59:18,219 - VALO360 - DEBUG - 自動保存已禁用，跳過配置保存
2025-08-15 22:59:18,220 - VALO360 - DEBUG - 自動保存已禁用，跳過配置保存
2025-08-15 22:59:18,220 - VALO360 - DEBUG - 自動保存已禁用，跳過配置保存
2025-08-15 22:59:18,220 - VALO360 - DEBUG - 自動保存已禁用，跳過配置保存
2025-08-15 22:59:18,220 - VALO360 - DEBUG - 自動保存已禁用，跳過配置保存
2025-08-15 22:59:18,220 - VALO360 - DEBUG - 自動保存已禁用，跳過配置保存
2025-08-15 22:59:18,220 - VALO360 - DEBUG - 自動保存已禁用，跳過配置保存
2025-08-15 22:59:18,220 - VALO360 - DEBUG - 自動保存已禁用，跳過配置保存
2025-08-15 22:59:18,221 - VALO360 - DEBUG - 自動保存已禁用，跳過配置保存
2025-08-15 22:59:18,221 - VALO360 - DEBUG - 自動保存已禁用，跳過配置保存
2025-08-15 22:59:18,221 - VALO360 - DEBUG - 自動保存已禁用，跳過配置保存
2025-08-15 22:59:18,221 - VALO360 - DEBUG - 自動保存已禁用，跳過配置保存
2025-08-15 22:59:18,221 - VALO360 - DEBUG - 自動保存已禁用，跳過配置保存
2025-08-15 22:59:18,222 - VALO360 - DEBUG - 自動保存已禁用，跳過配置保存
2025-08-15 22:59:18,222 - VALO360 - DEBUG - 自動保存已禁用，跳過配置保存
2025-08-15 22:59:18,222 - VALO360 - DEBUG - 自動保存已禁用，跳過配置保存
2025-08-15 22:59:18,222 - VALO360 - DEBUG - 自動保存已禁用，跳過配置保存
2025-08-15 22:59:18,222 - VALO360 - DEBUG - 自動保存已禁用，跳過配置保存
2025-08-15 22:59:18,222 - VALO360 - DEBUG - 自動保存已禁用，跳過配置保存
2025-08-15 22:59:18,222 - VALO360 - DEBUG - 自動保存已禁用，跳過配置保存
2025-08-15 22:59:18,223 - VALO360 - DEBUG - 自動保存已禁用，跳過配置保存
2025-08-15 22:59:18,223 - VALO360 - DEBUG - 自動保存已禁用，跳過配置保存
2025-08-15 22:59:18,223 - VALO360 - DEBUG - 自動保存已禁用，跳過配置保存
2025-08-15 22:59:18,223 - VALO360 - DEBUG - 自動保存已禁用，跳過配置保存
2025-08-15 22:59:18,223 - VALO360 - DEBUG - 自動保存已禁用，跳過配置保存
2025-08-15 22:59:18,223 - VALO360 - DEBUG - 自動保存已禁用，跳過配置保存
2025-08-15 22:59:18,224 - VALO360 - DEBUG - 自動保存已禁用，跳過配置保存
2025-08-15 22:59:18,224 - VALO360 - DEBUG - 自動保存已禁用，跳過配置保存
2025-08-15 22:59:18,224 - VALO360 - DEBUG - 自動保存已禁用，跳過配置保存
2025-08-15 22:59:18,224 - VALO360 - DEBUG - 自動保存已禁用，跳過配置保存
2025-08-15 22:59:18,224 - VALO360 - DEBUG - 自動保存已禁用，跳過配置保存
2025-08-15 22:59:18,224 - VALO360 - DEBUG - 自動保存已禁用，跳過配置保存
2025-08-15 22:59:18,225 - VALO360 - DEBUG - 自動保存已禁用，跳過配置保存
2025-08-15 22:59:18,225 - VALO360 - DEBUG - 自動保存已禁用，跳過配置保存
2025-08-15 22:59:18,225 - VALO360 - DEBUG - 自動保存已禁用，跳過配置保存
2025-08-15 22:59:18,225 - VALO360 - DEBUG - 自動保存已禁用，跳過配置保存
2025-08-15 22:59:18,225 - VALO360 - DEBUG - 自動保存已禁用，跳過配置保存
2025-08-15 22:59:18,225 - VALO360 - DEBUG - 自動保存已禁用，跳過配置保存
2025-08-15 22:59:18,226 - VALO360 - DEBUG - 自動保存已禁用，跳過配置保存
2025-08-15 22:59:18,226 - VALO360 - DEBUG - 自動保存已禁用，跳過配置保存
2025-08-15 22:59:18,226 - VALO360 - DEBUG - 自動保存已禁用，跳過配置保存
2025-08-15 22:59:18,226 - VALO360 - DEBUG - 自動保存已禁用，跳過配置保存
2025-08-15 22:59:18,226 - VALO360 - DEBUG - 自動保存已禁用，跳過配置保存
2025-08-15 22:59:18,227 - VALO360 - DEBUG - 自動保存已禁用，跳過配置保存
2025-08-15 22:59:18,227 - VALO360 - DEBUG - 自動保存已禁用，跳過配置保存
2025-08-15 22:59:18,227 - VALO360 - DEBUG - 自動保存已禁用，跳過配置保存
2025-08-15 22:59:18,227 - VALO360 - DEBUG - 自動保存已禁用，跳過配置保存
2025-08-15 22:59:18,227 - VALO360 - DEBUG - 自動保存已禁用，跳過配置保存
2025-08-15 22:59:18,228 - VALO360 - DEBUG - 自動保存已禁用，跳過配置保存
2025-08-15 22:59:18,228 - VALO360 - DEBUG - 自動保存已禁用，跳過配置保存
2025-08-15 22:59:18,228 - VALO360 - DEBUG - 自動保存已禁用，跳過配置保存
2025-08-15 22:59:18,228 - VALO360 - DEBUG - 自動保存已禁用，跳過配置保存
2025-08-15 22:59:18,228 - VALO360 - DEBUG - 自動保存已禁用，跳過配置保存
2025-08-15 22:59:18,228 - VALO360 - DEBUG - 自動保存已禁用，跳過配置保存
2025-08-15 22:59:18,229 - VALO360 - DEBUG - 自動保存已禁用，跳過配置保存
2025-08-15 22:59:18,229 - VALO360 - DEBUG - 自動保存已禁用，跳過配置保存
2025-08-15 22:59:18,229 - VALO360 - DEBUG - 自動保存已禁用，跳過配置保存
2025-08-15 22:59:18,229 - VALO360 - DEBUG - 自動保存已禁用，跳過配置保存
2025-08-15 22:59:18,229 - VALO360 - DEBUG - 自動保存已禁用，跳過配置保存
2025-08-15 22:59:18,230 - VALO360 - DEBUG - 自動保存已禁用，跳過配置保存
2025-08-15 22:59:18,230 - VALO360 - DEBUG - 自動保存已禁用，跳過配置保存
2025-08-15 22:59:18,230 - VALO360 - DEBUG - 自動保存已禁用，跳過配置保存
2025-08-15 22:59:18,230 - VALO360 - DEBUG - 自動保存已禁用，跳過配置保存
2025-08-15 22:59:18,231 - VALO360 - DEBUG - 自動保存已禁用，跳過配置保存
2025-08-15 22:59:18,232 - VALO360 - DEBUG - 自動保存已禁用，跳過配置保存
2025-08-15 22:59:18,232 - VALO360 - DEBUG - 自動保存已禁用，跳過配置保存
2025-08-15 22:59:18,232 - VALO360 - DEBUG - 自動保存已禁用，跳過配置保存
2025-08-15 22:59:18,233 - VALO360 - DEBUG - 自動保存已禁用，跳過配置保存
2025-08-15 22:59:18,233 - VALO360 - DEBUG - 自動保存已禁用，跳過配置保存
2025-08-15 22:59:18,234 - VALO360 - DEBUG - 自動保存已禁用，跳過配置保存
2025-08-15 22:59:18,234 - VALO360 - DEBUG - 自動保存已禁用，跳過配置保存
2025-08-15 22:59:18,234 - VALO360 - DEBUG - 自動保存已禁用，跳過配置保存
2025-08-15 22:59:18,235 - VALO360 - DEBUG - 自動保存已禁用，跳過配置保存
2025-08-15 22:59:18,235 - VALO360 - DEBUG - 自動保存已禁用，跳過配置保存
2025-08-15 22:59:18,235 - VALO360 - DEBUG - 自動保存已禁用，跳過配置保存
2025-08-15 22:59:18,235 - VALO360 - DEBUG - 自動保存已禁用，跳過配置保存
2025-08-15 22:59:18,236 - VALO360 - DEBUG - 自動保存已禁用，跳過配置保存
2025-08-15 22:59:18,236 - VALO360 - DEBUG - 自動保存已禁用，跳過配置保存
2025-08-15 22:59:18,236 - VALO360 - DEBUG - 自動保存已禁用，跳過配置保存
2025-08-15 22:59:18,237 - VALO360 - DEBUG - 自動保存已禁用，跳過配置保存
2025-08-15 22:59:18,237 - VALO360 - DEBUG - 自動保存已禁用，跳過配置保存
2025-08-15 22:59:18,237 - VALO360 - DEBUG - 自動保存已禁用，跳過配置保存
2025-08-15 22:59:18,237 - VALO360 - DEBUG - 自動保存已禁用，跳過配置保存
2025-08-15 22:59:18,238 - VALO360 - DEBUG - 自動保存已禁用，跳過配置保存
2025-08-15 22:59:18,238 - VALO360 - DEBUG - 自動保存已禁用，跳過配置保存
2025-08-15 22:59:18,238 - VALO360 - DEBUG - 自動保存已禁用，跳過配置保存
2025-08-15 22:59:18,239 - VALO360 - DEBUG - 自動保存已禁用，跳過配置保存
2025-08-15 22:59:18,239 - VALO360 - DEBUG - 自動保存已禁用，跳過配置保存
2025-08-15 22:59:18,242 - VALO360 - DEBUG - 自動保存已禁用，跳過配置保存
2025-08-15 22:59:18,242 - VALO360 - DEBUG - 自動保存已禁用，跳過配置保存
2025-08-15 22:59:18,242 - VALO360 - DEBUG - 自動保存已禁用，跳過配置保存
2025-08-15 22:59:18,242 - VALO360 - DEBUG - 自動保存已禁用，跳過配置保存
2025-08-15 22:59:18,243 - VALO360 - DEBUG - 自動保存已禁用，跳過配置保存
2025-08-15 22:59:18,243 - VALO360 - DEBUG - 自動保存已禁用，跳過配置保存
2025-08-15 22:59:18,243 - VALO360 - DEBUG - 自動保存已禁用，跳過配置保存
2025-08-15 22:59:18,243 - VALO360 - DEBUG - 自動保存已禁用，跳過配置保存
2025-08-15 22:59:18,244 - VALO360 - DEBUG - 自動保存已禁用，跳過配置保存
2025-08-15 22:59:18,244 - VALO360 - DEBUG - 自動保存已禁用，跳過配置保存
2025-08-15 22:59:18,244 - VALO360 - DEBUG - 自動保存已禁用，跳過配置保存
2025-08-15 22:59:18,244 - VALO360 - DEBUG - 自動保存已禁用，跳過配置保存
2025-08-15 22:59:18,245 - VALO360 - DEBUG - 自動保存已禁用，跳過配置保存
2025-08-15 22:59:18,246 - VALO360 - DEBUG - 自動保存已禁用，跳過配置保存
2025-08-15 22:59:18,246 - VALO360 - DEBUG - 自動保存已禁用，跳過配置保存
2025-08-15 22:59:18,246 - VALO360 - DEBUG - 自動保存已禁用，跳過配置保存
2025-08-15 22:59:18,246 - VALO360 - DEBUG - 自動保存已禁用，跳過配置保存
2025-08-15 22:59:18,246 - VALO360 - DEBUG - 自動保存已禁用，跳過配置保存
2025-08-15 22:59:18,247 - VALO360 - DEBUG - 自動保存已禁用，跳過配置保存
2025-08-15 22:59:18,247 - VALO360 - DEBUG - 自動保存已禁用，跳過配置保存
2025-08-15 22:59:18,249 - VALO360 - DEBUG - 自動保存已禁用，跳過配置保存
2025-08-15 22:59:18,249 - VALO360 - DEBUG - 自動保存已禁用，跳過配置保存
2025-08-15 22:59:18,249 - VALO360 - DEBUG - 自動保存已禁用，跳過配置保存
2025-08-15 22:59:18,249 - VALO360 - DEBUG - 自動保存已禁用，跳過配置保存
2025-08-15 22:59:18,249 - VALO360 - DEBUG - 自動保存已禁用，跳過配置保存
2025-08-15 22:59:18,249 - VALO360 - DEBUG - 自動保存已禁用，跳過配置保存
2025-08-15 22:59:18,250 - VALO360 - DEBUG - 自動保存已禁用，跳過配置保存
2025-08-15 22:59:18,250 - VALO360 - DEBUG - 自動保存已禁用，跳過配置保存
2025-08-15 22:59:18,250 - VALO360 - DEBUG - 自動保存已禁用，跳過配置保存
2025-08-15 22:59:18,250 - VALO360 - DEBUG - 自動保存已禁用，跳過配置保存
2025-08-15 22:59:18,250 - VALO360 - DEBUG - 自動保存已禁用，跳過配置保存
2025-08-15 22:59:18,250 - VALO360 - DEBUG - 自動保存已禁用，跳過配置保存
2025-08-15 22:59:18,251 - VALO360 - DEBUG - 自動保存已禁用，跳過配置保存
2025-08-15 22:59:18,251 - VALO360 - DEBUG - 自動保存已禁用，跳過配置保存
2025-08-15 22:59:18,251 - VALO360 - DEBUG - 自動保存已禁用，跳過配置保存
2025-08-15 22:59:18,251 - VALO360 - DEBUG - 自動保存已禁用，跳過配置保存
2025-08-15 22:59:18,251 - VALO360 - DEBUG - 自動保存已禁用，跳過配置保存
2025-08-15 22:59:18,252 - VALO360 - DEBUG - 自動保存已禁用，跳過配置保存
2025-08-15 22:59:18,252 - VALO360 - DEBUG - 自動保存已禁用，跳過配置保存
2025-08-15 22:59:18,252 - VALO360 - DEBUG - 自動保存已禁用，跳過配置保存
2025-08-15 22:59:18,252 - VALO360 - DEBUG - 自動保存已禁用，跳過配置保存
2025-08-15 22:59:18,252 - VALO360 - DEBUG - 自動保存已禁用，跳過配置保存
2025-08-15 22:59:18,252 - VALO360 - DEBUG - 自動保存已禁用，跳過配置保存
2025-08-15 22:59:18,253 - VALO360 - DEBUG - 自動保存已禁用，跳過配置保存
2025-08-15 22:59:18,253 - VALO360 - DEBUG - 自動保存已禁用，跳過配置保存
2025-08-15 22:59:18,253 - VALO360 - DEBUG - 自動保存已禁用，跳過配置保存
2025-08-15 22:59:18,253 - VALO360 - DEBUG - 自動保存已禁用，跳過配置保存
2025-08-15 22:59:18,253 - VALO360 - DEBUG - 自動保存已禁用，跳過配置保存
2025-08-15 22:59:18,253 - VALO360 - DEBUG - 自動保存已禁用，跳過配置保存
2025-08-15 22:59:18,254 - VALO360 - DEBUG - 自動保存已禁用，跳過配置保存
2025-08-15 22:59:18,254 - VALO360 - DEBUG - 自動保存已禁用，跳過配置保存
2025-08-15 22:59:18,254 - VALO360 - DEBUG - 自動保存已禁用，跳過配置保存
2025-08-15 22:59:18,254 - VALO360 - DEBUG - 自動保存已禁用，跳過配置保存
2025-08-15 22:59:18,254 - VALO360 - DEBUG - 自動保存已禁用，跳過配置保存
2025-08-15 22:59:18,254 - VALO360 - DEBUG - 自動保存已禁用，跳過配置保存
2025-08-15 22:59:18,255 - VALO360 - DEBUG - 自動保存已禁用，跳過配置保存
2025-08-15 22:59:18,255 - VALO360 - DEBUG - 自動保存已禁用，跳過配置保存
2025-08-15 22:59:18,255 - VALO360 - DEBUG - 自動保存已禁用，跳過配置保存
2025-08-15 22:59:18,255 - VALO360 - DEBUG - 自動保存已禁用，跳過配置保存
2025-08-15 22:59:18,255 - VALO360 - DEBUG - 自動保存已禁用，跳過配置保存
2025-08-15 22:59:18,255 - VALO360 - DEBUG - 自動保存已禁用，跳過配置保存
2025-08-15 22:59:18,256 - VALO360 - DEBUG - 自動保存已禁用，跳過配置保存
2025-08-15 22:59:18,256 - VALO360 - DEBUG - 自動保存已禁用，跳過配置保存
2025-08-15 22:59:18,256 - VALO360 - DEBUG - 自動保存已禁用，跳過配置保存
2025-08-15 22:59:18,256 - VALO360 - DEBUG - 自動保存已禁用，跳過配置保存
2025-08-15 22:59:18,256 - VALO360 - DEBUG - 自動保存已禁用，跳過配置保存
2025-08-15 22:59:18,257 - VALO360 - DEBUG - 自動保存已禁用，跳過配置保存
2025-08-15 22:59:18,257 - VALO360 - DEBUG - 自動保存已禁用，跳過配置保存
2025-08-15 22:59:18,257 - VALO360 - DEBUG - 自動保存已禁用，跳過配置保存
2025-08-15 22:59:18,257 - VALO360 - DEBUG - 自動保存已禁用，跳過配置保存
2025-08-15 22:59:18,258 - VALO360 - DEBUG - 自動保存已禁用，跳過配置保存
2025-08-15 22:59:18,258 - VALO360 - DEBUG - 自動保存已禁用，跳過配置保存
2025-08-15 22:59:18,258 - VALO360 - DEBUG - 自動保存已禁用，跳過配置保存
2025-08-15 22:59:18,258 - VALO360 - DEBUG - 自動保存已禁用，跳過配置保存
2025-08-15 22:59:18,258 - VALO360 - DEBUG - 自動保存已禁用，跳過配置保存
2025-08-15 22:59:18,259 - VALO360 - DEBUG - 自動保存已禁用，跳過配置保存
2025-08-15 22:59:18,259 - VALO360 - DEBUG - 自動保存已禁用，跳過配置保存
2025-08-15 22:59:18,259 - VALO360 - DEBUG - 自動保存已禁用，跳過配置保存
2025-08-15 22:59:18,259 - VALO360 - DEBUG - 自動保存已禁用，跳過配置保存
2025-08-15 22:59:18,259 - VALO360 - DEBUG - 自動保存已禁用，跳過配置保存
2025-08-15 22:59:18,271 - VALO360 - DEBUG - 自動保存已禁用，跳過配置保存
2025-08-15 22:59:18,271 - VALO360 - DEBUG - 自動保存已禁用，跳過配置保存
2025-08-15 22:59:18,271 - VALO360 - DEBUG - 自動保存已禁用，跳過配置保存
2025-08-15 22:59:18,271 - VALO360 - DEBUG - 自動保存已禁用，跳過配置保存
2025-08-15 22:59:18,372 - VALO360 - DEBUG - 自動保存已禁用，跳過配置保存
2025-08-15 22:59:18,372 - VALO360 - DEBUG - 自動保存已禁用，跳過配置保存
2025-08-15 22:59:18,372 - VALO360 - DEBUG - 自動保存已禁用，跳過配置保存
2025-08-15 22:59:18,372 - VALO360 - DEBUG - 自動保存已禁用，跳過配置保存
2025-08-15 22:59:18,372 - VALO360 - DEBUG - 自動保存已禁用，跳過配置保存
2025-08-15 22:59:18,372 - VALO360 - DEBUG - 自動保存已禁用，跳過配置保存
2025-08-15 22:59:18,373 - VALO360 - DEBUG - 自動保存已禁用，跳過配置保存
2025-08-15 22:59:18,373 - VALO360 - DEBUG - 自動保存已禁用，跳過配置保存
2025-08-15 22:59:18,373 - VALO360 - DEBUG - 自動保存已禁用，跳過配置保存
2025-08-15 22:59:18,373 - VALO360 - DEBUG - 自動保存已禁用，跳過配置保存
2025-08-15 22:59:18,373 - VALO360 - DEBUG - 自動保存已禁用，跳過配置保存
2025-08-15 22:59:18,373 - VALO360 - DEBUG - 自動保存已禁用，跳過配置保存
2025-08-15 22:59:18,374 - VALO360 - DEBUG - 自動保存已禁用，跳過配置保存
2025-08-15 22:59:18,374 - VALO360 - DEBUG - 自動保存已禁用，跳過配置保存
2025-08-15 22:59:18,374 - VALO360 - DEBUG - 自動保存已禁用，跳過配置保存
2025-08-15 22:59:18,374 - VALO360 - DEBUG - 自動保存已禁用，跳過配置保存
2025-08-15 22:59:18,374 - VALO360 - DEBUG - 自動保存已禁用，跳過配置保存
2025-08-15 22:59:18,374 - VALO360 - DEBUG - 自動保存已禁用，跳過配置保存
2025-08-15 22:59:18,375 - VALO360 - DEBUG - 自動保存已禁用，跳過配置保存
2025-08-15 22:59:18,375 - VALO360 - DEBUG - 自動保存已禁用，跳過配置保存
2025-08-15 22:59:18,375 - VALO360 - DEBUG - 自動保存已禁用，跳過配置保存
2025-08-15 22:59:18,375 - VALO360 - DEBUG - 自動保存已禁用，跳過配置保存
2025-08-15 22:59:18,375 - VALO360 - DEBUG - 自動保存已禁用，跳過配置保存
2025-08-15 22:59:18,375 - VALO360 - DEBUG - 自動保存已禁用，跳過配置保存
2025-08-15 22:59:18,376 - VALO360 - DEBUG - 自動保存已禁用，跳過配置保存
2025-08-15 22:59:18,376 - VALO360 - DEBUG - 自動保存已禁用，跳過配置保存
2025-08-15 22:59:18,376 - VALO360 - DEBUG - 自動保存已禁用，跳過配置保存
2025-08-15 22:59:18,376 - VALO360 - DEBUG - 自動保存已禁用，跳過配置保存
2025-08-15 22:59:18,377 - VALO360 - DEBUG - 自動保存已禁用，跳過配置保存
2025-08-15 22:59:18,377 - VALO360 - DEBUG - 自動保存已禁用，跳過配置保存
2025-08-15 22:59:18,377 - VALO360 - DEBUG - 自動保存已禁用，跳過配置保存
2025-08-15 22:59:18,377 - VALO360 - DEBUG - 自動保存已禁用，跳過配置保存
2025-08-15 22:59:18,380 - VALO360 - DEBUG - 自動保存已禁用，跳過配置保存
2025-08-15 22:59:18,380 - VALO360 - DEBUG - 自動保存已禁用，跳過配置保存
2025-08-15 22:59:18,380 - VALO360 - DEBUG - 自動保存已禁用，跳過配置保存
2025-08-15 22:59:18,380 - VALO360 - DEBUG - 自動保存已禁用，跳過配置保存
2025-08-15 22:59:19,554 - VALO360 - DEBUG - 自動保存已禁用，跳過配置保存
2025-08-15 22:59:19,554 - VALO360 - DEBUG - 自動保存已禁用，跳過配置保存
2025-08-15 22:59:19,554 - VALO360 - DEBUG - 自動保存已禁用，跳過配置保存
2025-08-15 22:59:19,554 - VALO360 - DEBUG - 自動保存已禁用，跳過配置保存
2025-08-15 22:59:19,558 - VALO360 - DEBUG - 自動保存已禁用，跳過配置保存
2025-08-15 22:59:19,558 - VALO360 - DEBUG - 自動保存已禁用，跳過配置保存
2025-08-15 22:59:19,558 - VALO360 - DEBUG - 自動保存已禁用，跳過配置保存
2025-08-15 22:59:19,558 - VALO360 - DEBUG - 自動保存已禁用，跳過配置保存
2025-08-15 22:59:19,558 - VALO360 - DEBUG - 自動保存已禁用，跳過配置保存
2025-08-15 22:59:19,559 - VALO360 - DEBUG - 自動保存已禁用，跳過配置保存
2025-08-15 22:59:19,559 - VALO360 - DEBUG - 自動保存已禁用，跳過配置保存
2025-08-15 22:59:19,559 - VALO360 - DEBUG - 自動保存已禁用，跳過配置保存
2025-08-15 22:59:19,559 - VALO360 - DEBUG - 自動保存已禁用，跳過配置保存
2025-08-15 22:59:19,559 - VALO360 - DEBUG - 自動保存已禁用，跳過配置保存
2025-08-15 22:59:19,559 - VALO360 - DEBUG - 自動保存已禁用，跳過配置保存
2025-08-15 22:59:19,559 - VALO360 - DEBUG - 自動保存已禁用，跳過配置保存
2025-08-15 22:59:19,567 - VALO360 - DEBUG - 自動保存已禁用，跳過配置保存
2025-08-15 22:59:19,567 - VALO360 - DEBUG - 自動保存已禁用，跳過配置保存
2025-08-15 22:59:19,567 - VALO360 - DEBUG - 自動保存已禁用，跳過配置保存
2025-08-15 22:59:19,567 - VALO360 - DEBUG - 自動保存已禁用，跳過配置保存
2025-08-15 22:59:19,568 - VALO360 - DEBUG - 自動保存已禁用，跳過配置保存
2025-08-15 22:59:19,568 - VALO360 - DEBUG - 自動保存已禁用，跳過配置保存
2025-08-15 22:59:19,568 - VALO360 - DEBUG - 自動保存已禁用，跳過配置保存
2025-08-15 22:59:19,568 - VALO360 - DEBUG - 自動保存已禁用，跳過配置保存
2025-08-15 22:59:19,569 - VALO360 - DEBUG - 自動保存已禁用，跳過配置保存
2025-08-15 22:59:19,569 - VALO360 - DEBUG - 自動保存已禁用，跳過配置保存
2025-08-15 22:59:19,569 - VALO360 - DEBUG - 自動保存已禁用，跳過配置保存
2025-08-15 22:59:19,569 - VALO360 - DEBUG - 自動保存已禁用，跳過配置保存
2025-08-15 22:59:19,570 - VALO360 - DEBUG - 自動保存已禁用，跳過配置保存
2025-08-15 22:59:19,571 - VALO360 - DEBUG - 自動保存已禁用，跳過配置保存
2025-08-15 22:59:19,571 - VALO360 - DEBUG - 自動保存已禁用，跳過配置保存
2025-08-15 22:59:19,571 - VALO360 - DEBUG - 自動保存已禁用，跳過配置保存
2025-08-15 22:59:19,571 - VALO360 - DEBUG - 自動保存已禁用，跳過配置保存
2025-08-15 22:59:19,571 - VALO360 - DEBUG - 自動保存已禁用，跳過配置保存
2025-08-15 22:59:19,572 - VALO360 - DEBUG - 自動保存已禁用，跳過配置保存
2025-08-15 22:59:19,572 - VALO360 - DEBUG - 自動保存已禁用，跳過配置保存
2025-08-15 22:59:19,572 - VALO360 - DEBUG - 自動保存已禁用，跳過配置保存
2025-08-15 22:59:19,572 - VALO360 - DEBUG - 自動保存已禁用，跳過配置保存
2025-08-15 22:59:19,572 - VALO360 - DEBUG - 自動保存已禁用，跳過配置保存
2025-08-15 22:59:19,573 - VALO360 - DEBUG - 自動保存已禁用，跳過配置保存
2025-08-15 22:59:19,576 - VALO360 - DEBUG - 自動保存已禁用，跳過配置保存
2025-08-15 22:59:19,577 - VALO360 - DEBUG - 自動保存已禁用，跳過配置保存
2025-08-15 22:59:19,577 - VALO360 - DEBUG - 自動保存已禁用，跳過配置保存
2025-08-15 22:59:19,577 - VALO360 - DEBUG - 自動保存已禁用，跳過配置保存
2025-08-15 22:59:19,578 - VALO360 - DEBUG - 自動保存已禁用，跳過配置保存
2025-08-15 22:59:19,578 - VALO360 - DEBUG - 自動保存已禁用，跳過配置保存
2025-08-15 22:59:19,579 - VALO360 - DEBUG - 自動保存已禁用，跳過配置保存
2025-08-15 22:59:19,579 - VALO360 - DEBUG - 自動保存已禁用，跳過配置保存
2025-08-15 22:59:19,579 - VALO360 - DEBUG - 自動保存已禁用，跳過配置保存
2025-08-15 22:59:19,579 - VALO360 - DEBUG - 自動保存已禁用，跳過配置保存
2025-08-15 22:59:19,580 - VALO360 - DEBUG - 自動保存已禁用，跳過配置保存
2025-08-15 22:59:19,580 - VALO360 - DEBUG - 自動保存已禁用，跳過配置保存
2025-08-15 22:59:19,581 - VALO360 - DEBUG - 自動保存已禁用，跳過配置保存
2025-08-15 22:59:19,581 - VALO360 - DEBUG - 自動保存已禁用，跳過配置保存
2025-08-15 22:59:19,581 - VALO360 - DEBUG - 自動保存已禁用，跳過配置保存
2025-08-15 22:59:19,582 - VALO360 - DEBUG - 自動保存已禁用，跳過配置保存
2025-08-15 22:59:19,582 - VALO360 - DEBUG - 自動保存已禁用，跳過配置保存
2025-08-15 22:59:19,582 - VALO360 - DEBUG - 自動保存已禁用，跳過配置保存
2025-08-15 22:59:19,582 - VALO360 - DEBUG - 自動保存已禁用，跳過配置保存
2025-08-15 22:59:19,582 - VALO360 - DEBUG - 自動保存已禁用，跳過配置保存
2025-08-15 22:59:19,584 - VALO360 - DEBUG - 自動保存已禁用，跳過配置保存
2025-08-15 22:59:19,584 - VALO360 - DEBUG - 自動保存已禁用，跳過配置保存
2025-08-15 22:59:19,584 - VALO360 - DEBUG - 自動保存已禁用，跳過配置保存
2025-08-15 22:59:19,584 - VALO360 - DEBUG - 自動保存已禁用，跳過配置保存
2025-08-15 22:59:19,585 - VALO360 - DEBUG - 自動保存已禁用，跳過配置保存
2025-08-15 22:59:19,585 - VALO360 - DEBUG - 自動保存已禁用，跳過配置保存
2025-08-15 22:59:19,585 - VALO360 - DEBUG - 自動保存已禁用，跳過配置保存
2025-08-15 22:59:19,585 - VALO360 - DEBUG - 自動保存已禁用，跳過配置保存
2025-08-15 22:59:19,587 - VALO360 - DEBUG - 自動保存已禁用，跳過配置保存
2025-08-15 22:59:19,587 - VALO360 - DEBUG - 自動保存已禁用，跳過配置保存
2025-08-15 22:59:19,587 - VALO360 - DEBUG - 自動保存已禁用，跳過配置保存
2025-08-15 22:59:19,587 - VALO360 - DEBUG - 自動保存已禁用，跳過配置保存
2025-08-15 22:59:19,587 - VALO360 - DEBUG - 自動保存已禁用，跳過配置保存
2025-08-15 22:59:19,587 - VALO360 - DEBUG - 自動保存已禁用，跳過配置保存
2025-08-15 22:59:19,588 - VALO360 - DEBUG - 自動保存已禁用，跳過配置保存
2025-08-15 22:59:19,588 - VALO360 - DEBUG - 自動保存已禁用，跳過配置保存
2025-08-15 22:59:19,588 - VALO360 - DEBUG - 自動保存已禁用，跳過配置保存
2025-08-15 22:59:19,588 - VALO360 - DEBUG - 自動保存已禁用，跳過配置保存
2025-08-15 22:59:19,589 - VALO360 - DEBUG - 自動保存已禁用，跳過配置保存
2025-08-15 22:59:19,589 - VALO360 - DEBUG - 自動保存已禁用，跳過配置保存
2025-08-15 22:59:19,589 - VALO360 - DEBUG - 自動保存已禁用，跳過配置保存
2025-08-15 22:59:19,590 - VALO360 - DEBUG - 自動保存已禁用，跳過配置保存
2025-08-15 22:59:19,590 - VALO360 - DEBUG - 自動保存已禁用，跳過配置保存
2025-08-15 22:59:19,590 - VALO360 - DEBUG - 自動保存已禁用，跳過配置保存
2025-08-15 22:59:19,590 - VALO360 - DEBUG - 自動保存已禁用，跳過配置保存
2025-08-15 22:59:19,590 - VALO360 - DEBUG - 自動保存已禁用，跳過配置保存
2025-08-15 22:59:19,591 - VALO360 - DEBUG - 自動保存已禁用，跳過配置保存
2025-08-15 22:59:19,591 - VALO360 - DEBUG - 自動保存已禁用，跳過配置保存
2025-08-15 22:59:19,592 - VALO360 - DEBUG - 自動保存已禁用，跳過配置保存
2025-08-15 22:59:19,592 - VALO360 - DEBUG - 自動保存已禁用，跳過配置保存
2025-08-15 22:59:19,592 - VALO360 - DEBUG - 自動保存已禁用，跳過配置保存
2025-08-15 22:59:19,592 - VALO360 - DEBUG - 自動保存已禁用，跳過配置保存
2025-08-15 22:59:19,593 - VALO360 - DEBUG - 自動保存已禁用，跳過配置保存
2025-08-15 22:59:19,593 - VALO360 - DEBUG - 自動保存已禁用，跳過配置保存
2025-08-15 22:59:19,593 - VALO360 - DEBUG - 自動保存已禁用，跳過配置保存
2025-08-15 22:59:19,593 - VALO360 - DEBUG - 自動保存已禁用，跳過配置保存
2025-08-15 22:59:19,594 - VALO360 - DEBUG - 自動保存已禁用，跳過配置保存
2025-08-15 22:59:19,594 - VALO360 - DEBUG - 自動保存已禁用，跳過配置保存
2025-08-15 22:59:19,594 - VALO360 - DEBUG - 自動保存已禁用，跳過配置保存
2025-08-15 22:59:19,594 - VALO360 - DEBUG - 自動保存已禁用，跳過配置保存
2025-08-15 22:59:19,597 - VALO360 - DEBUG - 自動保存已禁用，跳過配置保存
2025-08-15 22:59:19,597 - VALO360 - DEBUG - 自動保存已禁用，跳過配置保存
2025-08-15 22:59:19,597 - VALO360 - DEBUG - 自動保存已禁用，跳過配置保存
2025-08-15 22:59:19,597 - VALO360 - DEBUG - 自動保存已禁用，跳過配置保存
2025-08-15 22:59:19,597 - VALO360 - DEBUG - 自動保存已禁用，跳過配置保存
2025-08-15 22:59:19,598 - VALO360 - DEBUG - 自動保存已禁用，跳過配置保存
2025-08-15 22:59:19,598 - VALO360 - DEBUG - 自動保存已禁用，跳過配置保存
2025-08-15 22:59:19,598 - VALO360 - DEBUG - 自動保存已禁用，跳過配置保存
2025-08-15 22:59:19,600 - VALO360 - DEBUG - 自動保存已禁用，跳過配置保存
2025-08-15 22:59:19,600 - VALO360 - DEBUG - 自動保存已禁用，跳過配置保存
2025-08-15 22:59:19,600 - VALO360 - DEBUG - 自動保存已禁用，跳過配置保存
2025-08-15 22:59:19,600 - VALO360 - DEBUG - 自動保存已禁用，跳過配置保存
2025-08-15 22:59:19,601 - VALO360 - DEBUG - 自動保存已禁用，跳過配置保存
2025-08-15 22:59:19,601 - VALO360 - DEBUG - 自動保存已禁用，跳過配置保存
2025-08-15 22:59:19,601 - VALO360 - DEBUG - 自動保存已禁用，跳過配置保存
2025-08-15 22:59:19,601 - VALO360 - DEBUG - 自動保存已禁用，跳過配置保存
2025-08-15 22:59:19,602 - VALO360 - DEBUG - 自動保存已禁用，跳過配置保存
2025-08-15 22:59:19,602 - VALO360 - DEBUG - 自動保存已禁用，跳過配置保存
2025-08-15 22:59:19,602 - VALO360 - DEBUG - 自動保存已禁用，跳過配置保存
2025-08-15 22:59:19,602 - VALO360 - DEBUG - 自動保存已禁用，跳過配置保存
2025-08-15 22:59:19,603 - VALO360 - DEBUG - 自動保存已禁用，跳過配置保存
2025-08-15 22:59:19,603 - VALO360 - DEBUG - 自動保存已禁用，跳過配置保存
2025-08-15 22:59:19,603 - VALO360 - DEBUG - 自動保存已禁用，跳過配置保存
2025-08-15 22:59:19,603 - VALO360 - DEBUG - 自動保存已禁用，跳過配置保存
2025-08-15 22:59:19,604 - VALO360 - DEBUG - 自動保存已禁用，跳過配置保存
2025-08-15 22:59:19,604 - VALO360 - DEBUG - 自動保存已禁用，跳過配置保存
2025-08-15 22:59:19,604 - VALO360 - DEBUG - 自動保存已禁用，跳過配置保存
2025-08-15 22:59:19,604 - VALO360 - DEBUG - 自動保存已禁用，跳過配置保存
2025-08-15 22:59:19,605 - VALO360 - DEBUG - 自動保存已禁用，跳過配置保存
2025-08-15 22:59:19,605 - VALO360 - DEBUG - 自動保存已禁用，跳過配置保存
2025-08-15 22:59:19,605 - VALO360 - DEBUG - 自動保存已禁用，跳過配置保存
2025-08-15 22:59:19,605 - VALO360 - DEBUG - 自動保存已禁用，跳過配置保存
2025-08-15 22:59:19,611 - VALO360 - DEBUG - 自動保存已禁用，跳過配置保存
2025-08-15 22:59:19,611 - VALO360 - DEBUG - 自動保存已禁用，跳過配置保存
2025-08-15 22:59:19,611 - VALO360 - DEBUG - 自動保存已禁用，跳過配置保存
2025-08-15 22:59:19,611 - VALO360 - DEBUG - 自動保存已禁用，跳過配置保存
2025-08-15 22:59:19,612 - VALO360 - DEBUG - 自動保存已禁用，跳過配置保存
2025-08-15 22:59:19,612 - VALO360 - DEBUG - 自動保存已禁用，跳過配置保存
2025-08-15 22:59:19,612 - VALO360 - DEBUG - 自動保存已禁用，跳過配置保存
2025-08-15 22:59:19,612 - VALO360 - DEBUG - 自動保存已禁用，跳過配置保存
2025-08-15 22:59:19,940 - VALO360 - DEBUG - 自動保存已禁用，跳過配置保存
2025-08-15 22:59:19,941 - VALO360 - DEBUG - 自動保存已禁用，跳過配置保存
2025-08-15 22:59:19,941 - VALO360 - DEBUG - 自動保存已禁用，跳過配置保存
2025-08-15 22:59:19,941 - VALO360 - DEBUG - 自動保存已禁用，跳過配置保存
2025-08-15 22:59:19,944 - VALO360 - DEBUG - 自動保存已禁用，跳過配置保存
2025-08-15 22:59:19,944 - VALO360 - DEBUG - 自動保存已禁用，跳過配置保存
2025-08-15 22:59:19,944 - VALO360 - DEBUG - 自動保存已禁用，跳過配置保存
2025-08-15 22:59:19,944 - VALO360 - DEBUG - 自動保存已禁用，跳過配置保存
2025-08-15 22:59:19,954 - VALO360 - DEBUG - 自動保存已禁用，跳過配置保存
2025-08-15 22:59:19,954 - VALO360 - DEBUG - 自動保存已禁用，跳過配置保存
2025-08-15 22:59:19,954 - VALO360 - DEBUG - 自動保存已禁用，跳過配置保存
2025-08-15 22:59:19,954 - VALO360 - DEBUG - 自動保存已禁用，跳過配置保存
2025-08-15 22:59:19,957 - VALO360 - DEBUG - 自動保存已禁用，跳過配置保存
2025-08-15 22:59:19,957 - VALO360 - DEBUG - 自動保存已禁用，跳過配置保存
2025-08-15 22:59:19,958 - VALO360 - DEBUG - 自動保存已禁用，跳過配置保存
2025-08-15 22:59:19,958 - VALO360 - DEBUG - 自動保存已禁用，跳過配置保存
2025-08-15 22:59:19,958 - VALO360 - DEBUG - 自動保存已禁用，跳過配置保存
2025-08-15 22:59:19,958 - VALO360 - DEBUG - 自動保存已禁用，跳過配置保存
2025-08-15 22:59:19,959 - VALO360 - DEBUG - 自動保存已禁用，跳過配置保存
2025-08-15 22:59:19,959 - VALO360 - DEBUG - 自動保存已禁用，跳過配置保存
2025-08-15 22:59:19,959 - VALO360 - DEBUG - 自動保存已禁用，跳過配置保存
2025-08-15 22:59:19,959 - VALO360 - DEBUG - 自動保存已禁用，跳過配置保存
2025-08-15 22:59:19,959 - VALO360 - DEBUG - 自動保存已禁用，跳過配置保存
2025-08-15 22:59:19,960 - VALO360 - DEBUG - 自動保存已禁用，跳過配置保存
2025-08-15 22:59:19,960 - VALO360 - DEBUG - 自動保存已禁用，跳過配置保存
2025-08-15 22:59:19,960 - VALO360 - DEBUG - 自動保存已禁用，跳過配置保存
2025-08-15 22:59:19,961 - VALO360 - DEBUG - 自動保存已禁用，跳過配置保存
2025-08-15 22:59:19,961 - VALO360 - DEBUG - 自動保存已禁用，跳過配置保存
2025-08-15 22:59:19,963 - VALO360 - DEBUG - 自動保存已禁用，跳過配置保存
2025-08-15 22:59:19,964 - VALO360 - DEBUG - 自動保存已禁用，跳過配置保存
2025-08-15 22:59:19,964 - VALO360 - DEBUG - 自動保存已禁用，跳過配置保存
2025-08-15 22:59:19,964 - VALO360 - DEBUG - 自動保存已禁用，跳過配置保存
2025-08-15 22:59:19,966 - VALO360 - DEBUG - 自動保存已禁用，跳過配置保存
2025-08-15 22:59:19,966 - VALO360 - DEBUG - 自動保存已禁用，跳過配置保存
2025-08-15 22:59:19,966 - VALO360 - DEBUG - 自動保存已禁用，跳過配置保存
2025-08-15 22:59:19,966 - VALO360 - DEBUG - 自動保存已禁用，跳過配置保存
2025-08-15 22:59:19,967 - VALO360 - DEBUG - 自動保存已禁用，跳過配置保存
2025-08-15 22:59:19,967 - VALO360 - DEBUG - 自動保存已禁用，跳過配置保存
2025-08-15 22:59:19,967 - VALO360 - DEBUG - 自動保存已禁用，跳過配置保存
2025-08-15 22:59:19,967 - VALO360 - DEBUG - 自動保存已禁用，跳過配置保存
2025-08-15 22:59:19,968 - VALO360 - DEBUG - 自動保存已禁用，跳過配置保存
2025-08-15 22:59:19,968 - VALO360 - DEBUG - 自動保存已禁用，跳過配置保存
2025-08-15 22:59:19,968 - VALO360 - DEBUG - 自動保存已禁用，跳過配置保存
2025-08-15 22:59:19,968 - VALO360 - DEBUG - 自動保存已禁用，跳過配置保存
2025-08-15 22:59:19,968 - VALO360 - DEBUG - 自動保存已禁用，跳過配置保存
2025-08-15 22:59:19,969 - VALO360 - DEBUG - 自動保存已禁用，跳過配置保存
2025-08-15 22:59:19,969 - VALO360 - DEBUG - 自動保存已禁用，跳過配置保存
2025-08-15 22:59:19,969 - VALO360 - DEBUG - 自動保存已禁用，跳過配置保存
2025-08-15 22:59:19,971 - VALO360 - DEBUG - 自動保存已禁用，跳過配置保存
2025-08-15 22:59:19,971 - VALO360 - DEBUG - 自動保存已禁用，跳過配置保存
2025-08-15 22:59:19,971 - VALO360 - DEBUG - 自動保存已禁用，跳過配置保存
2025-08-15 22:59:19,971 - VALO360 - DEBUG - 自動保存已禁用，跳過配置保存
2025-08-15 22:59:19,972 - VALO360 - DEBUG - 自動保存已禁用，跳過配置保存
2025-08-15 22:59:19,972 - VALO360 - DEBUG - 自動保存已禁用，跳過配置保存
2025-08-15 22:59:19,973 - VALO360 - DEBUG - 自動保存已禁用，跳過配置保存
2025-08-15 22:59:19,973 - VALO360 - DEBUG - 自動保存已禁用，跳過配置保存
2025-08-15 22:59:19,975 - VALO360 - DEBUG - 自動保存已禁用，跳過配置保存
2025-08-15 22:59:19,975 - VALO360 - DEBUG - 自動保存已禁用，跳過配置保存
2025-08-15 22:59:19,975 - VALO360 - DEBUG - 自動保存已禁用，跳過配置保存
2025-08-15 22:59:19,975 - VALO360 - DEBUG - 自動保存已禁用，跳過配置保存
2025-08-15 22:59:19,975 - VALO360 - DEBUG - 自動保存已禁用，跳過配置保存
2025-08-15 22:59:19,975 - VALO360 - DEBUG - 自動保存已禁用，跳過配置保存
2025-08-15 22:59:19,976 - VALO360 - DEBUG - 自動保存已禁用，跳過配置保存
2025-08-15 22:59:19,976 - VALO360 - DEBUG - 自動保存已禁用，跳過配置保存
2025-08-15 22:59:19,976 - VALO360 - DEBUG - 自動保存已禁用，跳過配置保存
2025-08-15 22:59:19,976 - VALO360 - DEBUG - 自動保存已禁用，跳過配置保存
2025-08-15 22:59:19,976 - VALO360 - DEBUG - 自動保存已禁用，跳過配置保存
2025-08-15 22:59:19,977 - VALO360 - DEBUG - 自動保存已禁用，跳過配置保存
2025-08-15 22:59:19,977 - VALO360 - DEBUG - 自動保存已禁用，跳過配置保存
2025-08-15 22:59:19,977 - VALO360 - DEBUG - 自動保存已禁用，跳過配置保存
2025-08-15 22:59:19,977 - VALO360 - DEBUG - 自動保存已禁用，跳過配置保存
2025-08-15 22:59:19,978 - VALO360 - DEBUG - 自動保存已禁用，跳過配置保存
2025-08-15 22:59:19,979 - VALO360 - DEBUG - 自動保存已禁用，跳過配置保存
2025-08-15 22:59:19,979 - VALO360 - DEBUG - 自動保存已禁用，跳過配置保存
2025-08-15 22:59:19,979 - VALO360 - DEBUG - 自動保存已禁用，跳過配置保存
2025-08-15 22:59:19,979 - VALO360 - DEBUG - 自動保存已禁用，跳過配置保存
2025-08-15 22:59:19,980 - VALO360 - DEBUG - 自動保存已禁用，跳過配置保存
2025-08-15 22:59:19,980 - VALO360 - DEBUG - 自動保存已禁用，跳過配置保存
2025-08-15 22:59:19,980 - VALO360 - DEBUG - 自動保存已禁用，跳過配置保存
2025-08-15 22:59:19,980 - VALO360 - DEBUG - 自動保存已禁用，跳過配置保存
2025-08-15 22:59:19,981 - VALO360 - DEBUG - 自動保存已禁用，跳過配置保存
2025-08-15 22:59:19,981 - VALO360 - DEBUG - 自動保存已禁用，跳過配置保存
2025-08-15 22:59:19,981 - VALO360 - DEBUG - 自動保存已禁用，跳過配置保存
2025-08-15 22:59:19,981 - VALO360 - DEBUG - 自動保存已禁用，跳過配置保存
2025-08-15 22:59:19,982 - VALO360 - DEBUG - 自動保存已禁用，跳過配置保存
2025-08-15 22:59:19,982 - VALO360 - DEBUG - 自動保存已禁用，跳過配置保存
2025-08-15 22:59:19,982 - VALO360 - DEBUG - 自動保存已禁用，跳過配置保存
2025-08-15 22:59:19,982 - VALO360 - DEBUG - 自動保存已禁用，跳過配置保存
2025-08-15 22:59:19,983 - VALO360 - DEBUG - 自動保存已禁用，跳過配置保存
2025-08-15 22:59:19,983 - VALO360 - DEBUG - 自動保存已禁用，跳過配置保存
2025-08-15 22:59:19,983 - VALO360 - DEBUG - 自動保存已禁用，跳過配置保存
2025-08-15 22:59:19,983 - VALO360 - DEBUG - 自動保存已禁用，跳過配置保存
2025-08-15 22:59:19,984 - VALO360 - DEBUG - 自動保存已禁用，跳過配置保存
2025-08-15 22:59:19,985 - VALO360 - DEBUG - 自動保存已禁用，跳過配置保存
2025-08-15 22:59:19,985 - VALO360 - DEBUG - 自動保存已禁用，跳過配置保存
2025-08-15 22:59:19,985 - VALO360 - DEBUG - 自動保存已禁用，跳過配置保存
2025-08-15 22:59:19,986 - VALO360 - DEBUG - 自動保存已禁用，跳過配置保存
2025-08-15 22:59:19,986 - VALO360 - DEBUG - 自動保存已禁用，跳過配置保存
2025-08-15 22:59:19,986 - VALO360 - DEBUG - 自動保存已禁用，跳過配置保存
2025-08-15 22:59:19,986 - VALO360 - DEBUG - 自動保存已禁用，跳過配置保存
2025-08-15 22:59:19,987 - VALO360 - DEBUG - 自動保存已禁用，跳過配置保存
2025-08-15 22:59:19,987 - VALO360 - DEBUG - 自動保存已禁用，跳過配置保存
2025-08-15 22:59:19,987 - VALO360 - DEBUG - 自動保存已禁用，跳過配置保存
2025-08-15 22:59:19,987 - VALO360 - DEBUG - 自動保存已禁用，跳過配置保存
2025-08-15 22:59:19,988 - VALO360 - DEBUG - 自動保存已禁用，跳過配置保存
2025-08-15 22:59:19,988 - VALO360 - DEBUG - 自動保存已禁用，跳過配置保存
2025-08-15 22:59:19,988 - VALO360 - DEBUG - 自動保存已禁用，跳過配置保存
2025-08-15 22:59:19,988 - VALO360 - DEBUG - 自動保存已禁用，跳過配置保存
2025-08-15 22:59:19,990 - VALO360 - DEBUG - 自動保存已禁用，跳過配置保存
2025-08-15 22:59:19,990 - VALO360 - DEBUG - 自動保存已禁用，跳過配置保存
2025-08-15 22:59:19,990 - VALO360 - DEBUG - 自動保存已禁用，跳過配置保存
2025-08-15 22:59:19,990 - VALO360 - DEBUG - 自動保存已禁用，跳過配置保存
2025-08-15 22:59:19,991 - VALO360 - DEBUG - 自動保存已禁用，跳過配置保存
2025-08-15 22:59:19,991 - VALO360 - DEBUG - 自動保存已禁用，跳過配置保存
2025-08-15 22:59:19,991 - VALO360 - DEBUG - 自動保存已禁用，跳過配置保存
2025-08-15 22:59:19,991 - VALO360 - DEBUG - 自動保存已禁用，跳過配置保存
2025-08-15 22:59:19,997 - VALO360 - DEBUG - 自動保存已禁用，跳過配置保存
2025-08-15 22:59:19,997 - VALO360 - DEBUG - 自動保存已禁用，跳過配置保存
2025-08-15 22:59:19,997 - VALO360 - DEBUG - 自動保存已禁用，跳過配置保存
2025-08-15 22:59:19,997 - VALO360 - DEBUG - 自動保存已禁用，跳過配置保存
2025-08-15 22:59:19,998 - VALO360 - DEBUG - 自動保存已禁用，跳過配置保存
2025-08-15 22:59:19,998 - VALO360 - DEBUG - 自動保存已禁用，跳過配置保存
2025-08-15 22:59:19,998 - VALO360 - DEBUG - 自動保存已禁用，跳過配置保存
2025-08-15 22:59:19,998 - VALO360 - DEBUG - 自動保存已禁用，跳過配置保存
2025-08-15 22:59:20,002 - VALO360 - DEBUG - 自動保存已禁用，跳過配置保存
2025-08-15 22:59:20,002 - VALO360 - DEBUG - 自動保存已禁用，跳過配置保存
2025-08-15 22:59:20,002 - VALO360 - DEBUG - 自動保存已禁用，跳過配置保存
2025-08-15 22:59:20,002 - VALO360 - DEBUG - 自動保存已禁用，跳過配置保存
2025-08-15 22:59:20,004 - VALO360 - DEBUG - 自動保存已禁用，跳過配置保存
2025-08-15 22:59:20,004 - VALO360 - DEBUG - 自動保存已禁用，跳過配置保存
2025-08-15 22:59:20,004 - VALO360 - DEBUG - 自動保存已禁用，跳過配置保存
2025-08-15 22:59:20,004 - VALO360 - DEBUG - 自動保存已禁用，跳過配置保存
2025-08-15 22:59:20,004 - VALO360 - DEBUG - 自動保存已禁用，跳過配置保存
2025-08-15 22:59:20,004 - VALO360 - DEBUG - 自動保存已禁用，跳過配置保存
2025-08-15 22:59:20,005 - VALO360 - DEBUG - 自動保存已禁用，跳過配置保存
2025-08-15 22:59:20,005 - VALO360 - DEBUG - 自動保存已禁用，跳過配置保存
2025-08-15 22:59:20,006 - VALO360 - DEBUG - 自動保存已禁用，跳過配置保存
2025-08-15 22:59:20,006 - VALO360 - DEBUG - 自動保存已禁用，跳過配置保存
2025-08-15 22:59:20,006 - VALO360 - DEBUG - 自動保存已禁用，跳過配置保存
2025-08-15 22:59:20,006 - VALO360 - DEBUG - 自動保存已禁用，跳過配置保存
2025-08-15 22:59:20,007 - VALO360 - DEBUG - 自動保存已禁用，跳過配置保存
2025-08-15 22:59:20,007 - VALO360 - DEBUG - 自動保存已禁用，跳過配置保存
2025-08-15 22:59:20,007 - VALO360 - DEBUG - 自動保存已禁用，跳過配置保存
2025-08-15 22:59:20,007 - VALO360 - DEBUG - 自動保存已禁用，跳過配置保存
2025-08-15 22:59:20,008 - VALO360 - DEBUG - 自動保存已禁用，跳過配置保存
2025-08-15 22:59:20,008 - VALO360 - DEBUG - 自動保存已禁用，跳過配置保存
2025-08-15 22:59:20,008 - VALO360 - DEBUG - 自動保存已禁用，跳過配置保存
2025-08-15 22:59:20,008 - VALO360 - DEBUG - 自動保存已禁用，跳過配置保存
2025-08-15 22:59:20,009 - VALO360 - DEBUG - 自動保存已禁用，跳過配置保存
2025-08-15 22:59:20,009 - VALO360 - DEBUG - 自動保存已禁用，跳過配置保存
2025-08-15 22:59:20,009 - VALO360 - DEBUG - 自動保存已禁用，跳過配置保存
2025-08-15 22:59:20,009 - VALO360 - DEBUG - 自動保存已禁用，跳過配置保存
2025-08-15 22:59:20,010 - VALO360 - DEBUG - 自動保存已禁用，跳過配置保存
2025-08-15 22:59:20,010 - VALO360 - DEBUG - 自動保存已禁用，跳過配置保存
2025-08-15 22:59:20,010 - VALO360 - DEBUG - 自動保存已禁用，跳過配置保存
2025-08-15 22:59:20,010 - VALO360 - DEBUG - 自動保存已禁用，跳過配置保存
2025-08-15 22:59:20,013 - VALO360 - DEBUG - 自動保存已禁用，跳過配置保存
2025-08-15 22:59:20,013 - VALO360 - DEBUG - 自動保存已禁用，跳過配置保存
2025-08-15 22:59:20,013 - VALO360 - DEBUG - 自動保存已禁用，跳過配置保存
2025-08-15 22:59:20,013 - VALO360 - DEBUG - 自動保存已禁用，跳過配置保存
2025-08-15 22:59:20,014 - VALO360 - DEBUG - 自動保存已禁用，跳過配置保存
2025-08-15 22:59:20,014 - VALO360 - DEBUG - 自動保存已禁用，跳過配置保存
2025-08-15 22:59:20,014 - VALO360 - DEBUG - 自動保存已禁用，跳過配置保存
2025-08-15 22:59:20,014 - VALO360 - DEBUG - 自動保存已禁用，跳過配置保存
2025-08-15 22:59:20,015 - VALO360 - DEBUG - 自動保存已禁用，跳過配置保存
2025-08-15 22:59:20,016 - VALO360 - DEBUG - 自動保存已禁用，跳過配置保存
2025-08-15 22:59:20,016 - VALO360 - DEBUG - 自動保存已禁用，跳過配置保存
2025-08-15 22:59:20,016 - VALO360 - DEBUG - 自動保存已禁用，跳過配置保存
2025-08-15 22:59:20,016 - VALO360 - DEBUG - 自動保存已禁用，跳過配置保存
2025-08-15 22:59:20,016 - VALO360 - DEBUG - 自動保存已禁用，跳過配置保存
2025-08-15 22:59:20,016 - VALO360 - DEBUG - 自動保存已禁用，跳過配置保存
2025-08-15 22:59:20,017 - VALO360 - DEBUG - 自動保存已禁用，跳過配置保存
2025-08-15 22:59:20,018 - VALO360 - DEBUG - 自動保存已禁用，跳過配置保存
2025-08-15 22:59:20,018 - VALO360 - DEBUG - 自動保存已禁用，跳過配置保存
2025-08-15 22:59:20,018 - VALO360 - DEBUG - 自動保存已禁用，跳過配置保存
2025-08-15 22:59:20,018 - VALO360 - DEBUG - 自動保存已禁用，跳過配置保存
2025-08-15 22:59:20,018 - VALO360 - DEBUG - 自動保存已禁用，跳過配置保存
2025-08-15 22:59:20,019 - VALO360 - DEBUG - 自動保存已禁用，跳過配置保存
2025-08-15 22:59:20,019 - VALO360 - DEBUG - 自動保存已禁用，跳過配置保存
2025-08-15 22:59:20,019 - VALO360 - DEBUG - 自動保存已禁用，跳過配置保存
2025-08-15 22:59:20,020 - VALO360 - DEBUG - 自動保存已禁用，跳過配置保存
2025-08-15 22:59:20,020 - VALO360 - DEBUG - 自動保存已禁用，跳過配置保存
2025-08-15 22:59:20,020 - VALO360 - DEBUG - 自動保存已禁用，跳過配置保存
2025-08-15 22:59:20,020 - VALO360 - DEBUG - 自動保存已禁用，跳過配置保存
2025-08-15 22:59:20,021 - VALO360 - DEBUG - 自動保存已禁用，跳過配置保存
2025-08-15 22:59:20,021 - VALO360 - DEBUG - 自動保存已禁用，跳過配置保存
2025-08-15 22:59:20,021 - VALO360 - DEBUG - 自動保存已禁用，跳過配置保存
2025-08-15 22:59:20,021 - VALO360 - DEBUG - 自動保存已禁用，跳過配置保存
2025-08-15 22:59:20,022 - VALO360 - DEBUG - 自動保存已禁用，跳過配置保存
2025-08-15 22:59:20,022 - VALO360 - DEBUG - 自動保存已禁用，跳過配置保存
2025-08-15 22:59:20,022 - VALO360 - DEBUG - 自動保存已禁用，跳過配置保存
2025-08-15 22:59:20,023 - VALO360 - DEBUG - 自動保存已禁用，跳過配置保存
2025-08-15 22:59:20,023 - VALO360 - DEBUG - 自動保存已禁用，跳過配置保存
2025-08-15 22:59:20,023 - VALO360 - DEBUG - 自動保存已禁用，跳過配置保存
2025-08-15 22:59:20,023 - VALO360 - DEBUG - 自動保存已禁用，跳過配置保存
2025-08-15 22:59:20,023 - VALO360 - DEBUG - 自動保存已禁用，跳過配置保存
2025-08-15 22:59:20,292 - VALO360 - DEBUG - 自動保存已禁用，跳過配置保存
2025-08-15 22:59:20,292 - VALO360 - DEBUG - 自動保存已禁用，跳過配置保存
2025-08-15 22:59:20,292 - VALO360 - DEBUG - 自動保存已禁用，跳過配置保存
2025-08-15 22:59:20,292 - VALO360 - DEBUG - 自動保存已禁用，跳過配置保存
2025-08-15 22:59:20,627 - VALO360 - DEBUG - 自動保存已禁用，跳過配置保存
2025-08-15 22:59:20,627 - VALO360 - DEBUG - 自動保存已禁用，跳過配置保存
2025-08-15 22:59:20,627 - VALO360 - DEBUG - 自動保存已禁用，跳過配置保存
2025-08-15 22:59:20,627 - VALO360 - DEBUG - 自動保存已禁用，跳過配置保存
2025-08-15 22:59:20,631 - VALO360 - DEBUG - 自動保存已禁用，跳過配置保存
2025-08-15 22:59:20,631 - VALO360 - DEBUG - 自動保存已禁用，跳過配置保存
2025-08-15 22:59:20,631 - VALO360 - DEBUG - 自動保存已禁用，跳過配置保存
2025-08-15 22:59:20,631 - VALO360 - DEBUG - 自動保存已禁用，跳過配置保存
2025-08-15 22:59:20,641 - VALO360 - DEBUG - 自動保存已禁用，跳過配置保存
2025-08-15 22:59:20,641 - VALO360 - DEBUG - 自動保存已禁用，跳過配置保存
2025-08-15 22:59:20,641 - VALO360 - DEBUG - 自動保存已禁用，跳過配置保存
2025-08-15 22:59:20,641 - VALO360 - DEBUG - 自動保存已禁用，跳過配置保存
2025-08-15 22:59:20,642 - VALO360 - DEBUG - 自動保存已禁用，跳過配置保存
2025-08-15 22:59:20,643 - VALO360 - DEBUG - 自動保存已禁用，跳過配置保存
2025-08-15 22:59:20,643 - VALO360 - DEBUG - 自動保存已禁用，跳過配置保存
2025-08-15 22:59:20,643 - VALO360 - DEBUG - 自動保存已禁用，跳過配置保存
2025-08-15 22:59:20,644 - VALO360 - DEBUG - 自動保存已禁用，跳過配置保存
2025-08-15 22:59:20,644 - VALO360 - DEBUG - 自動保存已禁用，跳過配置保存
2025-08-15 22:59:20,644 - VALO360 - DEBUG - 自動保存已禁用，跳過配置保存
2025-08-15 22:59:20,644 - VALO360 - DEBUG - 自動保存已禁用，跳過配置保存
2025-08-15 22:59:20,645 - VALO360 - DEBUG - 自動保存已禁用，跳過配置保存
2025-08-15 22:59:20,645 - VALO360 - DEBUG - 自動保存已禁用，跳過配置保存
2025-08-15 22:59:20,645 - VALO360 - DEBUG - 自動保存已禁用，跳過配置保存
2025-08-15 22:59:20,645 - VALO360 - DEBUG - 自動保存已禁用，跳過配置保存
2025-08-15 22:59:20,647 - VALO360 - DEBUG - 自動保存已禁用，跳過配置保存
2025-08-15 22:59:20,647 - VALO360 - DEBUG - 自動保存已禁用，跳過配置保存
2025-08-15 22:59:20,647 - VALO360 - DEBUG - 自動保存已禁用，跳過配置保存
2025-08-15 22:59:20,647 - VALO360 - DEBUG - 自動保存已禁用，跳過配置保存
2025-08-15 22:59:20,649 - VALO360 - DEBUG - 自動保存已禁用，跳過配置保存
2025-08-15 22:59:20,649 - VALO360 - DEBUG - 自動保存已禁用，跳過配置保存
2025-08-15 22:59:20,649 - VALO360 - DEBUG - 自動保存已禁用，跳過配置保存
2025-08-15 22:59:20,649 - VALO360 - DEBUG - 自動保存已禁用，跳過配置保存
2025-08-15 22:59:20,650 - VALO360 - DEBUG - 自動保存已禁用，跳過配置保存
2025-08-15 22:59:20,650 - VALO360 - DEBUG - 自動保存已禁用，跳過配置保存
2025-08-15 22:59:20,650 - VALO360 - DEBUG - 自動保存已禁用，跳過配置保存
2025-08-15 22:59:20,650 - VALO360 - DEBUG - 自動保存已禁用，跳過配置保存
2025-08-15 22:59:20,651 - VALO360 - DEBUG - 自動保存已禁用，跳過配置保存
2025-08-15 22:59:20,651 - VALO360 - DEBUG - 自動保存已禁用，跳過配置保存
2025-08-15 22:59:20,651 - VALO360 - DEBUG - 自動保存已禁用，跳過配置保存
2025-08-15 22:59:20,651 - VALO360 - DEBUG - 自動保存已禁用，跳過配置保存
2025-08-15 22:59:20,652 - VALO360 - DEBUG - 自動保存已禁用，跳過配置保存
2025-08-15 22:59:20,652 - VALO360 - DEBUG - 自動保存已禁用，跳過配置保存
2025-08-15 22:59:20,652 - VALO360 - DEBUG - 自動保存已禁用，跳過配置保存
2025-08-15 22:59:20,652 - VALO360 - DEBUG - 自動保存已禁用，跳過配置保存
2025-08-15 22:59:20,654 - VALO360 - DEBUG - 自動保存已禁用，跳過配置保存
2025-08-15 22:59:20,654 - VALO360 - DEBUG - 自動保存已禁用，跳過配置保存
2025-08-15 22:59:20,654 - VALO360 - DEBUG - 自動保存已禁用，跳過配置保存
2025-08-15 22:59:20,654 - VALO360 - DEBUG - 自動保存已禁用，跳過配置保存
2025-08-15 22:59:20,655 - VALO360 - DEBUG - 自動保存已禁用，跳過配置保存
2025-08-15 22:59:20,655 - VALO360 - DEBUG - 自動保存已禁用，跳過配置保存
2025-08-15 22:59:20,655 - VALO360 - DEBUG - 自動保存已禁用，跳過配置保存
2025-08-15 22:59:20,655 - VALO360 - DEBUG - 自動保存已禁用，跳過配置保存
2025-08-15 22:59:20,657 - VALO360 - DEBUG - 自動保存已禁用，跳過配置保存
2025-08-15 22:59:20,657 - VALO360 - DEBUG - 自動保存已禁用，跳過配置保存
2025-08-15 22:59:20,658 - VALO360 - DEBUG - 自動保存已禁用，跳過配置保存
2025-08-15 22:59:20,658 - VALO360 - DEBUG - 自動保存已禁用，跳過配置保存
2025-08-15 22:59:20,661 - VALO360 - DEBUG - 自動保存已禁用，跳過配置保存
2025-08-15 22:59:20,661 - VALO360 - DEBUG - 自動保存已禁用，跳過配置保存
2025-08-15 22:59:20,661 - VALO360 - DEBUG - 自動保存已禁用，跳過配置保存
2025-08-15 22:59:20,661 - VALO360 - DEBUG - 自動保存已禁用，跳過配置保存
2025-08-15 22:59:20,662 - VALO360 - DEBUG - 自動保存已禁用，跳過配置保存
2025-08-15 22:59:20,662 - VALO360 - DEBUG - 自動保存已禁用，跳過配置保存
2025-08-15 22:59:20,663 - VALO360 - DEBUG - 自動保存已禁用，跳過配置保存
2025-08-15 22:59:20,663 - VALO360 - DEBUG - 自動保存已禁用，跳過配置保存
2025-08-15 22:59:20,967 - VALO360 - DEBUG - 自動保存已禁用，跳過配置保存
2025-08-15 22:59:20,968 - VALO360 - DEBUG - 自動保存已禁用，跳過配置保存
2025-08-15 22:59:20,968 - VALO360 - DEBUG - 自動保存已禁用，跳過配置保存
2025-08-15 22:59:20,968 - VALO360 - DEBUG - 自動保存已禁用，跳過配置保存
2025-08-15 22:59:20,971 - VALO360 - DEBUG - 自動保存已禁用，跳過配置保存
2025-08-15 22:59:20,971 - VALO360 - DEBUG - 自動保存已禁用，跳過配置保存
2025-08-15 22:59:20,971 - VALO360 - DEBUG - 自動保存已禁用，跳過配置保存
2025-08-15 22:59:20,972 - VALO360 - DEBUG - 自動保存已禁用，跳過配置保存
2025-08-15 22:59:20,981 - VALO360 - DEBUG - 自動保存已禁用，跳過配置保存
2025-08-15 22:59:20,982 - VALO360 - DEBUG - 自動保存已禁用，跳過配置保存
2025-08-15 22:59:20,982 - VALO360 - DEBUG - 自動保存已禁用，跳過配置保存
2025-08-15 22:59:20,982 - VALO360 - DEBUG - 自動保存已禁用，跳過配置保存
2025-08-15 22:59:20,982 - VALO360 - DEBUG - 自動保存已禁用，跳過配置保存
2025-08-15 22:59:20,982 - VALO360 - DEBUG - 自動保存已禁用，跳過配置保存
2025-08-15 22:59:20,982 - VALO360 - DEBUG - 自動保存已禁用，跳過配置保存
2025-08-15 22:59:20,983 - VALO360 - DEBUG - 自動保存已禁用，跳過配置保存
2025-08-15 22:59:20,983 - VALO360 - DEBUG - 自動保存已禁用，跳過配置保存
2025-08-15 22:59:20,983 - VALO360 - DEBUG - 自動保存已禁用，跳過配置保存
2025-08-15 22:59:20,983 - VALO360 - DEBUG - 自動保存已禁用，跳過配置保存
2025-08-15 22:59:20,983 - VALO360 - DEBUG - 自動保存已禁用，跳過配置保存
2025-08-15 22:59:20,986 - VALO360 - DEBUG - 自動保存已禁用，跳過配置保存
2025-08-15 22:59:20,986 - VALO360 - DEBUG - 自動保存已禁用，跳過配置保存
2025-08-15 22:59:20,986 - VALO360 - DEBUG - 自動保存已禁用，跳過配置保存
2025-08-15 22:59:20,986 - VALO360 - DEBUG - 自動保存已禁用，跳過配置保存
2025-08-15 22:59:20,988 - VALO360 - DEBUG - 自動保存已禁用，跳過配置保存
2025-08-15 22:59:20,988 - VALO360 - DEBUG - 自動保存已禁用，跳過配置保存
2025-08-15 22:59:20,989 - VALO360 - DEBUG - 自動保存已禁用，跳過配置保存
2025-08-15 22:59:20,989 - VALO360 - DEBUG - 自動保存已禁用，跳過配置保存
2025-08-15 22:59:20,993 - VALO360 - DEBUG - 自動保存已禁用，跳過配置保存
2025-08-15 22:59:20,993 - VALO360 - DEBUG - 自動保存已禁用，跳過配置保存
2025-08-15 22:59:20,993 - VALO360 - DEBUG - 自動保存已禁用，跳過配置保存
2025-08-15 22:59:20,993 - VALO360 - DEBUG - 自動保存已禁用，跳過配置保存
2025-08-15 22:59:20,994 - VALO360 - DEBUG - 自動保存已禁用，跳過配置保存
2025-08-15 22:59:20,994 - VALO360 - DEBUG - 自動保存已禁用，跳過配置保存
2025-08-15 22:59:20,994 - VALO360 - DEBUG - 自動保存已禁用，跳過配置保存
2025-08-15 22:59:20,994 - VALO360 - DEBUG - 自動保存已禁用，跳過配置保存
2025-08-15 22:59:20,995 - VALO360 - DEBUG - 自動保存已禁用，跳過配置保存
2025-08-15 22:59:20,996 - VALO360 - DEBUG - 自動保存已禁用，跳過配置保存
2025-08-15 22:59:20,996 - VALO360 - DEBUG - 自動保存已禁用，跳過配置保存
2025-08-15 22:59:20,996 - VALO360 - DEBUG - 自動保存已禁用，跳過配置保存
2025-08-15 22:59:20,996 - VALO360 - DEBUG - 自動保存已禁用，跳過配置保存
2025-08-15 22:59:20,997 - VALO360 - DEBUG - 自動保存已禁用，跳過配置保存
2025-08-15 22:59:20,997 - VALO360 - DEBUG - 自動保存已禁用，跳過配置保存
2025-08-15 22:59:20,997 - VALO360 - DEBUG - 自動保存已禁用，跳過配置保存
2025-08-15 22:59:20,998 - VALO360 - DEBUG - 自動保存已禁用，跳過配置保存
2025-08-15 22:59:20,998 - VALO360 - DEBUG - 自動保存已禁用，跳過配置保存
2025-08-15 22:59:20,998 - VALO360 - DEBUG - 自動保存已禁用，跳過配置保存
2025-08-15 22:59:20,999 - VALO360 - DEBUG - 自動保存已禁用，跳過配置保存
2025-08-15 22:59:20,999 - VALO360 - DEBUG - 自動保存已禁用，跳過配置保存
2025-08-15 22:59:20,999 - VALO360 - DEBUG - 自動保存已禁用，跳過配置保存
2025-08-15 22:59:20,999 - VALO360 - DEBUG - 自動保存已禁用，跳過配置保存
2025-08-15 22:59:20,999 - VALO360 - DEBUG - 自動保存已禁用，跳過配置保存
2025-08-15 22:59:21,000 - VALO360 - DEBUG - 自動保存已禁用，跳過配置保存
2025-08-15 22:59:21,000 - VALO360 - DEBUG - 自動保存已禁用，跳過配置保存
2025-08-15 22:59:21,000 - VALO360 - DEBUG - 自動保存已禁用，跳過配置保存
2025-08-15 22:59:21,001 - VALO360 - DEBUG - 自動保存已禁用，跳過配置保存
2025-08-15 22:59:21,001 - VALO360 - DEBUG - 自動保存已禁用，跳過配置保存
2025-08-15 22:59:21,001 - VALO360 - DEBUG - 自動保存已禁用，跳過配置保存
2025-08-15 22:59:21,001 - VALO360 - DEBUG - 自動保存已禁用，跳過配置保存
2025-08-15 22:59:21,002 - VALO360 - DEBUG - 自動保存已禁用，跳過配置保存
2025-08-15 22:59:21,004 - VALO360 - DEBUG - 自動保存已禁用，跳過配置保存
2025-08-15 22:59:21,004 - VALO360 - DEBUG - 自動保存已禁用，跳過配置保存
2025-08-15 22:59:21,004 - VALO360 - DEBUG - 自動保存已禁用，跳過配置保存
2025-08-15 22:59:21,004 - VALO360 - DEBUG - 自動保存已禁用，跳過配置保存
2025-08-15 22:59:21,005 - VALO360 - DEBUG - 自動保存已禁用，跳過配置保存
2025-08-15 22:59:21,005 - VALO360 - DEBUG - 自動保存已禁用，跳過配置保存
2025-08-15 22:59:21,005 - VALO360 - DEBUG - 自動保存已禁用，跳過配置保存
2025-08-15 22:59:21,005 - VALO360 - DEBUG - 自動保存已禁用，跳過配置保存
2025-08-15 22:59:21,006 - VALO360 - DEBUG - 自動保存已禁用，跳過配置保存
2025-08-15 22:59:21,006 - VALO360 - DEBUG - 自動保存已禁用，跳過配置保存
2025-08-15 22:59:21,006 - VALO360 - DEBUG - 自動保存已禁用，跳過配置保存
2025-08-15 22:59:21,006 - VALO360 - DEBUG - 自動保存已禁用，跳過配置保存
2025-08-15 22:59:21,007 - VALO360 - DEBUG - 自動保存已禁用，跳過配置保存
2025-08-15 22:59:21,007 - VALO360 - DEBUG - 自動保存已禁用，跳過配置保存
2025-08-15 22:59:21,007 - VALO360 - DEBUG - 自動保存已禁用，跳過配置保存
2025-08-15 22:59:21,007 - VALO360 - DEBUG - 自動保存已禁用，跳過配置保存
2025-08-15 22:59:21,008 - VALO360 - DEBUG - 自動保存已禁用，跳過配置保存
2025-08-15 22:59:21,008 - VALO360 - DEBUG - 自動保存已禁用，跳過配置保存
2025-08-15 22:59:21,008 - VALO360 - DEBUG - 自動保存已禁用，跳過配置保存
2025-08-15 22:59:21,009 - VALO360 - DEBUG - 自動保存已禁用，跳過配置保存
2025-08-15 22:59:21,009 - VALO360 - DEBUG - 自動保存已禁用，跳過配置保存
2025-08-15 22:59:21,009 - VALO360 - DEBUG - 自動保存已禁用，跳過配置保存
2025-08-15 22:59:21,010 - VALO360 - DEBUG - 自動保存已禁用，跳過配置保存
2025-08-15 22:59:21,010 - VALO360 - DEBUG - 自動保存已禁用，跳過配置保存
2025-08-15 22:59:21,012 - VALO360 - DEBUG - 自動保存已禁用，跳過配置保存
2025-08-15 22:59:21,012 - VALO360 - DEBUG - 自動保存已禁用，跳過配置保存
2025-08-15 22:59:21,012 - VALO360 - DEBUG - 自動保存已禁用，跳過配置保存
2025-08-15 22:59:21,012 - VALO360 - DEBUG - 自動保存已禁用，跳過配置保存
2025-08-15 22:59:21,013 - VALO360 - DEBUG - 自動保存已禁用，跳過配置保存
2025-08-15 22:59:21,013 - VALO360 - DEBUG - 自動保存已禁用，跳過配置保存
2025-08-15 22:59:21,013 - VALO360 - DEBUG - 自動保存已禁用，跳過配置保存
2025-08-15 22:59:21,013 - VALO360 - DEBUG - 自動保存已禁用，跳過配置保存
2025-08-15 22:59:21,014 - VALO360 - DEBUG - 自動保存已禁用，跳過配置保存
2025-08-15 22:59:21,014 - VALO360 - DEBUG - 自動保存已禁用，跳過配置保存
2025-08-15 22:59:21,014 - VALO360 - DEBUG - 自動保存已禁用，跳過配置保存
2025-08-15 22:59:21,014 - VALO360 - DEBUG - 自動保存已禁用，跳過配置保存
2025-08-15 22:59:21,015 - VALO360 - DEBUG - 自動保存已禁用，跳過配置保存
2025-08-15 22:59:21,015 - VALO360 - DEBUG - 自動保存已禁用，跳過配置保存
2025-08-15 22:59:21,015 - VALO360 - DEBUG - 自動保存已禁用，跳過配置保存
2025-08-15 22:59:21,015 - VALO360 - DEBUG - 自動保存已禁用，跳過配置保存
2025-08-15 22:59:21,016 - VALO360 - DEBUG - 自動保存已禁用，跳過配置保存
2025-08-15 22:59:21,016 - VALO360 - DEBUG - 自動保存已禁用，跳過配置保存
2025-08-15 22:59:21,016 - VALO360 - DEBUG - 自動保存已禁用，跳過配置保存
2025-08-15 22:59:21,017 - VALO360 - DEBUG - 自動保存已禁用，跳過配置保存
2025-08-15 22:59:21,018 - VALO360 - DEBUG - 自動保存已禁用，跳過配置保存
2025-08-15 22:59:21,018 - VALO360 - DEBUG - 自動保存已禁用，跳過配置保存
2025-08-15 22:59:21,019 - VALO360 - DEBUG - 自動保存已禁用，跳過配置保存
2025-08-15 22:59:21,019 - VALO360 - DEBUG - 自動保存已禁用，跳過配置保存
2025-08-15 22:59:21,019 - VALO360 - DEBUG - 自動保存已禁用，跳過配置保存
2025-08-15 22:59:21,019 - VALO360 - DEBUG - 自動保存已禁用，跳過配置保存
2025-08-15 22:59:21,019 - VALO360 - DEBUG - 自動保存已禁用，跳過配置保存
2025-08-15 22:59:21,020 - VALO360 - DEBUG - 自動保存已禁用，跳過配置保存
2025-08-15 22:59:21,021 - VALO360 - DEBUG - 自動保存已禁用，跳過配置保存
2025-08-15 22:59:21,021 - VALO360 - DEBUG - 自動保存已禁用，跳過配置保存
2025-08-15 22:59:21,021 - VALO360 - DEBUG - 自動保存已禁用，跳過配置保存
2025-08-15 22:59:21,021 - VALO360 - DEBUG - 自動保存已禁用，跳過配置保存
2025-08-15 22:59:21,021 - VALO360 - DEBUG - 自動保存已禁用，跳過配置保存
2025-08-15 22:59:21,022 - VALO360 - DEBUG - 自動保存已禁用，跳過配置保存
2025-08-15 22:59:21,022 - VALO360 - DEBUG - 自動保存已禁用，跳過配置保存
2025-08-15 22:59:21,022 - VALO360 - DEBUG - 自動保存已禁用，跳過配置保存
2025-08-15 22:59:21,022 - VALO360 - DEBUG - 自動保存已禁用，跳過配置保存
2025-08-15 22:59:21,023 - VALO360 - DEBUG - 自動保存已禁用，跳過配置保存
2025-08-15 22:59:21,023 - VALO360 - DEBUG - 自動保存已禁用，跳過配置保存
2025-08-15 22:59:21,023 - VALO360 - DEBUG - 自動保存已禁用，跳過配置保存
2025-08-15 22:59:21,023 - VALO360 - DEBUG - 自動保存已禁用，跳過配置保存
2025-08-15 22:59:21,023 - VALO360 - DEBUG - 自動保存已禁用，跳過配置保存
2025-08-15 22:59:21,024 - VALO360 - DEBUG - 自動保存已禁用，跳過配置保存
2025-08-15 22:59:21,024 - VALO360 - DEBUG - 自動保存已禁用，跳過配置保存
2025-08-15 22:59:21,027 - VALO360 - DEBUG - 自動保存已禁用，跳過配置保存
2025-08-15 22:59:21,028 - VALO360 - DEBUG - 自動保存已禁用，跳過配置保存
2025-08-15 22:59:21,028 - VALO360 - DEBUG - 自動保存已禁用，跳過配置保存
2025-08-15 22:59:21,028 - VALO360 - DEBUG - 自動保存已禁用，跳過配置保存
2025-08-15 22:59:21,028 - VALO360 - DEBUG - 自動保存已禁用，跳過配置保存
2025-08-15 22:59:21,029 - VALO360 - DEBUG - 自動保存已禁用，跳過配置保存
2025-08-15 22:59:21,029 - VALO360 - DEBUG - 自動保存已禁用，跳過配置保存
2025-08-15 22:59:21,029 - VALO360 - DEBUG - 自動保存已禁用，跳過配置保存
2025-08-15 22:59:21,030 - VALO360 - DEBUG - 自動保存已禁用，跳過配置保存
2025-08-15 22:59:21,030 - VALO360 - DEBUG - 自動保存已禁用，跳過配置保存
2025-08-15 22:59:21,030 - VALO360 - DEBUG - 自動保存已禁用，跳過配置保存
2025-08-15 22:59:21,030 - VALO360 - DEBUG - 自動保存已禁用，跳過配置保存
2025-08-15 22:59:21,031 - VALO360 - DEBUG - 自動保存已禁用，跳過配置保存
2025-08-15 22:59:21,031 - VALO360 - DEBUG - 自動保存已禁用，跳過配置保存
2025-08-15 22:59:21,031 - VALO360 - DEBUG - 自動保存已禁用，跳過配置保存
2025-08-15 22:59:21,031 - VALO360 - DEBUG - 自動保存已禁用，跳過配置保存
2025-08-15 22:59:21,032 - VALO360 - DEBUG - 自動保存已禁用，跳過配置保存
2025-08-15 22:59:21,032 - VALO360 - DEBUG - 自動保存已禁用，跳過配置保存
2025-08-15 22:59:21,032 - VALO360 - DEBUG - 自動保存已禁用，跳過配置保存
2025-08-15 22:59:21,032 - VALO360 - DEBUG - 自動保存已禁用，跳過配置保存
2025-08-15 22:59:21,034 - VALO360 - DEBUG - 自動保存已禁用，跳過配置保存
2025-08-15 22:59:21,034 - VALO360 - DEBUG - 自動保存已禁用，跳過配置保存
2025-08-15 22:59:21,034 - VALO360 - DEBUG - 自動保存已禁用，跳過配置保存
2025-08-15 22:59:21,034 - VALO360 - DEBUG - 自動保存已禁用，跳過配置保存
2025-08-15 22:59:21,035 - VALO360 - DEBUG - 自動保存已禁用，跳過配置保存
2025-08-15 22:59:21,035 - VALO360 - DEBUG - 自動保存已禁用，跳過配置保存
2025-08-15 22:59:21,036 - VALO360 - DEBUG - 自動保存已禁用，跳過配置保存
2025-08-15 22:59:21,036 - VALO360 - DEBUG - 自動保存已禁用，跳過配置保存
2025-08-15 22:59:21,044 - VALO360 - DEBUG - 自動保存已禁用，跳過配置保存
2025-08-15 22:59:21,044 - VALO360 - DEBUG - 自動保存已禁用，跳過配置保存
2025-08-15 22:59:21,044 - VALO360 - DEBUG - 自動保存已禁用，跳過配置保存
2025-08-15 22:59:21,045 - VALO360 - DEBUG - 自動保存已禁用，跳過配置保存
2025-08-15 22:59:21,045 - VALO360 - DEBUG - 自動保存已禁用，跳過配置保存
2025-08-15 22:59:21,045 - VALO360 - DEBUG - 自動保存已禁用，跳過配置保存
2025-08-15 22:59:21,045 - VALO360 - DEBUG - 自動保存已禁用，跳過配置保存
2025-08-15 22:59:21,046 - VALO360 - DEBUG - 自動保存已禁用，跳過配置保存
2025-08-15 22:59:21,046 - VALO360 - DEBUG - 自動保存已禁用，跳過配置保存
2025-08-15 22:59:21,046 - VALO360 - DEBUG - 自動保存已禁用，跳過配置保存
2025-08-15 22:59:21,047 - VALO360 - DEBUG - 自動保存已禁用，跳過配置保存
2025-08-15 22:59:21,047 - VALO360 - DEBUG - 自動保存已禁用，跳過配置保存
2025-08-15 22:59:21,047 - VALO360 - DEBUG - 自動保存已禁用，跳過配置保存
2025-08-15 22:59:21,047 - VALO360 - DEBUG - 自動保存已禁用，跳過配置保存
2025-08-15 22:59:21,047 - VALO360 - DEBUG - 自動保存已禁用，跳過配置保存
2025-08-15 22:59:21,048 - VALO360 - DEBUG - 自動保存已禁用，跳過配置保存
2025-08-15 22:59:21,048 - VALO360 - DEBUG - 自動保存已禁用，跳過配置保存
2025-08-15 22:59:21,048 - VALO360 - DEBUG - 自動保存已禁用，跳過配置保存
2025-08-15 22:59:21,049 - VALO360 - DEBUG - 自動保存已禁用，跳過配置保存
2025-08-15 22:59:21,049 - VALO360 - DEBUG - 自動保存已禁用，跳過配置保存
2025-08-15 22:59:21,049 - VALO360 - DEBUG - 自動保存已禁用，跳過配置保存
2025-08-15 22:59:21,049 - VALO360 - DEBUG - 自動保存已禁用，跳過配置保存
2025-08-15 22:59:21,050 - VALO360 - DEBUG - 自動保存已禁用，跳過配置保存
2025-08-15 22:59:21,050 - VALO360 - DEBUG - 自動保存已禁用，跳過配置保存
2025-08-15 22:59:21,050 - VALO360 - DEBUG - 自動保存已禁用，跳過配置保存
2025-08-15 22:59:21,050 - VALO360 - DEBUG - 自動保存已禁用，跳過配置保存
2025-08-15 22:59:21,051 - VALO360 - DEBUG - 自動保存已禁用，跳過配置保存
2025-08-15 22:59:21,051 - VALO360 - DEBUG - 自動保存已禁用，跳過配置保存
2025-08-15 22:59:21,051 - VALO360 - DEBUG - 自動保存已禁用，跳過配置保存
2025-08-15 22:59:21,051 - VALO360 - DEBUG - 自動保存已禁用，跳過配置保存
2025-08-15 22:59:21,052 - VALO360 - DEBUG - 自動保存已禁用，跳過配置保存
2025-08-15 22:59:21,052 - VALO360 - DEBUG - 自動保存已禁用，跳過配置保存
2025-08-15 22:59:21,497 - VALO360 - DEBUG - 自動保存已禁用，跳過配置保存
2025-08-15 22:59:21,497 - VALO360 - DEBUG - 自動保存已禁用，跳過配置保存
2025-08-15 22:59:21,497 - VALO360 - DEBUG - 自動保存已禁用，跳過配置保存
2025-08-15 22:59:21,498 - VALO360 - DEBUG - 自動保存已禁用，跳過配置保存
2025-08-15 22:59:21,525 - VALO360 - DEBUG - 找到 3 個COM口: ['COM1', 'COM3', 'COM4']
2025-08-15 22:59:25,777 - VALO360 - DEBUG - 配置已備份至: backup\setup_backup_20250815_225925.json
2025-08-15 22:59:25,780 - VALO360 - DEBUG - 配置保存成功
2025-08-15 22:59:25,784 - VALO360 - DEBUG - 配置已備份至: backup\setup_backup_20250815_225925.json
2025-08-15 22:59:25,787 - VALO360 - DEBUG - 配置保存成功
2025-08-15 22:59:25,787 - VALO360 - DEBUG - 自動保存已禁用，跳過配置保存
2025-08-15 22:59:25,788 - VALO360 - INFO - 程式關閉時已保存所有待保存的設定
2025-08-15 22:59:25,788 - VALO360 - INFO - 程式正常關閉
2025-08-15 22:59:25,824 - VALO360 - INFO - 資源清理完成
2025-08-15 22:59:25,824 - VALO360 - INFO - 應用程式資源清理完成
