2025-10-06 16:49:27,612 - VALO360 - DEBUG - 找到指令檔: M:\PYTHON\360-command-toola_HOME\dist\Command_TABLE\command.txt
2025-10-06 16:49:27,630 - VALO360 - INFO - 成功載入 94 個指令
2025-10-06 16:49:27,645 - VALO360 - INFO - 運行日誌: main.py 啟動
2025-10-06 16:49:27,645 - VALO360 - INFO - 指令通主程式啟動
2025-10-06 16:49:27,653 - VALO360 - INFO - 運行日誌: 成功 import TabManager
2025-10-06 16:49:27,653 - VALO360 - INFO - UI模組導入成功
2025-10-06 16:49:27,653 - VALO360 - INFO - 程式啟動時檢查安全簽名...
2025-10-06 16:49:27,654 - VALO360 - INFO - 安全簽名驗證通過，開始創建GUI...
2025-10-06 16:49:27,661 - VALO360 - INFO - 日誌系統初始化完成
2025-10-06 16:49:27,662 - VALO360 - DEBUG - ConfigManager: 自動保存已禁用
2025-10-06 16:49:27,662 - VALO360 - INFO - ConfigManager自動保存已禁用
2025-10-06 16:49:27,662 - VALO360 - INFO - 未找到關鍵字高亮設定文件，使用空設定
2025-10-06 16:49:27,725 - VALO360 - DEBUG - 配置已備份至: backup\setup_backup_20251006_164927.json
2025-10-06 16:49:27,726 - VALO360 - DEBUG - 配置載入成功
2025-10-06 16:49:27,726 - VALO360 - INFO - 統一設定管理器已初始化
2025-10-06 16:49:27,758 - VALO360 - DEBUG - 自動保存已禁用，跳過配置保存
2025-10-06 16:49:27,766 - VALO360 - DEBUG - 找到 3 個COM口: ['COM1', 'COM3', 'COM4']
2025-10-06 16:49:27,925 - VALO360 - DEBUG - 自動保存已禁用，跳過配置保存
2025-10-06 16:49:28,505 - VALO360 - DEBUG - 找到 3 個COM口: ['COM1', 'COM3', 'COM4']
2025-10-06 16:49:29,017 - VALO360 - INFO - 應用程式圖示設置成功: C:\Users\Jovian\AppData\Local\Temp\_MEI38762\assets\icon.ico
2025-10-06 16:49:29,017 - VALO360 - INFO - 視窗設置完成: PEGA指令通_2.1.5 (1522x749)
2025-10-06 16:49:29,017 - VALO360 - INFO - 程式啟動時更新標籤頁名稱
2025-10-06 16:49:29,017 - VALO360 - INFO - 應用程式啟動完成，進入主循環
2025-10-06 16:49:29,021 - VALO360 - DEBUG - 找到 3 個COM口: ['COM1', 'COM3', 'COM4']
2025-10-06 16:49:29,022 - VALO360 - DEBUG - 自動保存已禁用，跳過配置保存
2025-10-06 16:49:29,022 - VALO360 - DEBUG - 自動保存已禁用，跳過配置保存
2025-10-06 16:49:29,022 - VALO360 - DEBUG - 自動保存已禁用，跳過配置保存
2025-10-06 16:49:29,022 - VALO360 - DEBUG - 自動保存已禁用，跳過配置保存
2025-10-06 16:49:29,056 - VALO360 - DEBUG - 自動保存已禁用，跳過配置保存
2025-10-06 16:49:29,057 - VALO360 - DEBUG - 自動保存已禁用，跳過配置保存
2025-10-06 16:49:29,057 - VALO360 - DEBUG - 自動保存已禁用，跳過配置保存
2025-10-06 16:49:29,057 - VALO360 - DEBUG - 自動保存已禁用，跳過配置保存
2025-10-06 16:49:29,063 - VALO360 - DEBUG - 自動保存已禁用，跳過配置保存
2025-10-06 16:49:29,064 - VALO360 - DEBUG - 自動保存已禁用，跳過配置保存
2025-10-06 16:49:29,064 - VALO360 - DEBUG - 自動保存已禁用，跳過配置保存
2025-10-06 16:49:29,064 - VALO360 - DEBUG - 自動保存已禁用，跳過配置保存
2025-10-06 16:49:29,064 - VALO360 - DEBUG - 自動保存已禁用，跳過配置保存
2025-10-06 16:49:29,064 - VALO360 - DEBUG - 自動保存已禁用，跳過配置保存
2025-10-06 16:49:29,065 - VALO360 - DEBUG - 自動保存已禁用，跳過配置保存
2025-10-06 16:49:29,065 - VALO360 - DEBUG - 自動保存已禁用，跳過配置保存
2025-10-06 16:49:29,065 - VALO360 - DEBUG - 自動保存已禁用，跳過配置保存
2025-10-06 16:49:29,065 - VALO360 - DEBUG - 自動保存已禁用，跳過配置保存
2025-10-06 16:49:29,065 - VALO360 - DEBUG - 自動保存已禁用，跳過配置保存
2025-10-06 16:49:29,065 - VALO360 - DEBUG - 自動保存已禁用，跳過配置保存
2025-10-06 16:49:29,066 - VALO360 - DEBUG - 自動保存已禁用，跳過配置保存
2025-10-06 16:49:29,066 - VALO360 - DEBUG - 自動保存已禁用，跳過配置保存
2025-10-06 16:49:29,066 - VALO360 - DEBUG - 自動保存已禁用，跳過配置保存
2025-10-06 16:49:29,066 - VALO360 - DEBUG - 自動保存已禁用，跳過配置保存
2025-10-06 16:49:29,067 - VALO360 - DEBUG - 自動保存已禁用，跳過配置保存
2025-10-06 16:49:29,067 - VALO360 - DEBUG - 自動保存已禁用，跳過配置保存
2025-10-06 16:49:29,067 - VALO360 - DEBUG - 自動保存已禁用，跳過配置保存
2025-10-06 16:49:29,067 - VALO360 - DEBUG - 自動保存已禁用，跳過配置保存
2025-10-06 16:49:29,067 - VALO360 - DEBUG - 自動保存已禁用，跳過配置保存
2025-10-06 16:49:29,067 - VALO360 - DEBUG - 自動保存已禁用，跳過配置保存
2025-10-06 16:49:29,068 - VALO360 - DEBUG - 自動保存已禁用，跳過配置保存
2025-10-06 16:49:29,068 - VALO360 - DEBUG - 自動保存已禁用，跳過配置保存
2025-10-06 16:49:29,068 - VALO360 - DEBUG - 自動保存已禁用，跳過配置保存
2025-10-06 16:49:29,068 - VALO360 - DEBUG - 自動保存已禁用，跳過配置保存
2025-10-06 16:49:29,068 - VALO360 - DEBUG - 自動保存已禁用，跳過配置保存
2025-10-06 16:49:29,069 - VALO360 - DEBUG - 自動保存已禁用，跳過配置保存
2025-10-06 16:49:29,069 - VALO360 - DEBUG - 自動保存已禁用，跳過配置保存
2025-10-06 16:49:29,069 - VALO360 - DEBUG - 自動保存已禁用，跳過配置保存
2025-10-06 16:49:29,069 - VALO360 - DEBUG - 自動保存已禁用，跳過配置保存
2025-10-06 16:49:29,069 - VALO360 - DEBUG - 自動保存已禁用，跳過配置保存
2025-10-06 16:49:29,070 - VALO360 - DEBUG - 自動保存已禁用，跳過配置保存
2025-10-06 16:49:29,070 - VALO360 - DEBUG - 自動保存已禁用，跳過配置保存
2025-10-06 16:49:29,070 - VALO360 - DEBUG - 自動保存已禁用，跳過配置保存
2025-10-06 16:49:29,070 - VALO360 - DEBUG - 自動保存已禁用，跳過配置保存
2025-10-06 16:49:29,070 - VALO360 - DEBUG - 自動保存已禁用，跳過配置保存
2025-10-06 16:49:29,070 - VALO360 - DEBUG - 自動保存已禁用，跳過配置保存
2025-10-06 16:49:29,071 - VALO360 - DEBUG - 自動保存已禁用，跳過配置保存
2025-10-06 16:49:29,071 - VALO360 - DEBUG - 自動保存已禁用，跳過配置保存
2025-10-06 16:49:29,071 - VALO360 - DEBUG - 自動保存已禁用，跳過配置保存
2025-10-06 16:49:29,072 - VALO360 - DEBUG - 自動保存已禁用，跳過配置保存
2025-10-06 16:49:29,072 - VALO360 - DEBUG - 自動保存已禁用，跳過配置保存
2025-10-06 16:49:29,072 - VALO360 - DEBUG - 自動保存已禁用，跳過配置保存
2025-10-06 16:49:29,072 - VALO360 - DEBUG - 自動保存已禁用，跳過配置保存
2025-10-06 16:49:29,072 - VALO360 - DEBUG - 自動保存已禁用，跳過配置保存
2025-10-06 16:49:29,072 - VALO360 - DEBUG - 自動保存已禁用，跳過配置保存
2025-10-06 16:49:29,073 - VALO360 - DEBUG - 自動保存已禁用，跳過配置保存
2025-10-06 16:49:29,073 - VALO360 - DEBUG - 自動保存已禁用，跳過配置保存
2025-10-06 16:49:29,073 - VALO360 - DEBUG - 自動保存已禁用，跳過配置保存
2025-10-06 16:49:29,073 - VALO360 - DEBUG - 自動保存已禁用，跳過配置保存
2025-10-06 16:49:29,073 - VALO360 - DEBUG - 自動保存已禁用，跳過配置保存
2025-10-06 16:49:29,074 - VALO360 - DEBUG - 自動保存已禁用，跳過配置保存
2025-10-06 16:49:29,074 - VALO360 - DEBUG - 自動保存已禁用，跳過配置保存
2025-10-06 16:49:29,074 - VALO360 - DEBUG - 自動保存已禁用，跳過配置保存
2025-10-06 16:49:29,074 - VALO360 - DEBUG - 自動保存已禁用，跳過配置保存
2025-10-06 16:49:29,075 - VALO360 - DEBUG - 自動保存已禁用，跳過配置保存
2025-10-06 16:49:29,075 - VALO360 - DEBUG - 自動保存已禁用，跳過配置保存
2025-10-06 16:49:29,075 - VALO360 - DEBUG - 自動保存已禁用，跳過配置保存
2025-10-06 16:49:29,076 - VALO360 - DEBUG - 自動保存已禁用，跳過配置保存
2025-10-06 16:49:29,076 - VALO360 - DEBUG - 自動保存已禁用，跳過配置保存
2025-10-06 16:49:29,076 - VALO360 - DEBUG - 自動保存已禁用，跳過配置保存
2025-10-06 16:49:29,077 - VALO360 - DEBUG - 自動保存已禁用，跳過配置保存
2025-10-06 16:49:29,077 - VALO360 - DEBUG - 自動保存已禁用，跳過配置保存
2025-10-06 16:49:29,077 - VALO360 - DEBUG - 自動保存已禁用，跳過配置保存
2025-10-06 16:49:29,077 - VALO360 - DEBUG - 自動保存已禁用，跳過配置保存
2025-10-06 16:49:29,078 - VALO360 - DEBUG - 自動保存已禁用，跳過配置保存
2025-10-06 16:49:29,078 - VALO360 - DEBUG - 自動保存已禁用，跳過配置保存
2025-10-06 16:49:29,078 - VALO360 - DEBUG - 自動保存已禁用，跳過配置保存
2025-10-06 16:49:29,078 - VALO360 - DEBUG - 自動保存已禁用，跳過配置保存
2025-10-06 16:49:29,079 - VALO360 - DEBUG - 自動保存已禁用，跳過配置保存
2025-10-06 16:49:29,079 - VALO360 - DEBUG - 自動保存已禁用，跳過配置保存
2025-10-06 16:49:29,079 - VALO360 - DEBUG - 自動保存已禁用，跳過配置保存
2025-10-06 16:49:29,079 - VALO360 - DEBUG - 自動保存已禁用，跳過配置保存
2025-10-06 16:49:29,079 - VALO360 - DEBUG - 自動保存已禁用，跳過配置保存
2025-10-06 16:49:29,079 - VALO360 - DEBUG - 自動保存已禁用，跳過配置保存
2025-10-06 16:49:29,080 - VALO360 - DEBUG - 自動保存已禁用，跳過配置保存
2025-10-06 16:49:29,080 - VALO360 - DEBUG - 自動保存已禁用，跳過配置保存
2025-10-06 16:49:29,080 - VALO360 - DEBUG - 自動保存已禁用，跳過配置保存
2025-10-06 16:49:29,080 - VALO360 - DEBUG - 自動保存已禁用，跳過配置保存
2025-10-06 16:49:29,081 - VALO360 - DEBUG - 自動保存已禁用，跳過配置保存
2025-10-06 16:49:29,081 - VALO360 - DEBUG - 自動保存已禁用，跳過配置保存
2025-10-06 16:49:29,081 - VALO360 - DEBUG - 自動保存已禁用，跳過配置保存
2025-10-06 16:49:29,081 - VALO360 - DEBUG - 自動保存已禁用，跳過配置保存
2025-10-06 16:49:29,081 - VALO360 - DEBUG - 自動保存已禁用，跳過配置保存
2025-10-06 16:49:29,082 - VALO360 - DEBUG - 自動保存已禁用，跳過配置保存
2025-10-06 16:49:29,082 - VALO360 - DEBUG - 自動保存已禁用，跳過配置保存
2025-10-06 16:49:29,082 - VALO360 - DEBUG - 自動保存已禁用，跳過配置保存
2025-10-06 16:49:29,082 - VALO360 - DEBUG - 自動保存已禁用，跳過配置保存
2025-10-06 16:49:29,083 - VALO360 - DEBUG - 自動保存已禁用，跳過配置保存
2025-10-06 16:49:29,083 - VALO360 - DEBUG - 自動保存已禁用，跳過配置保存
2025-10-06 16:49:29,083 - VALO360 - DEBUG - 自動保存已禁用，跳過配置保存
2025-10-06 16:49:29,083 - VALO360 - DEBUG - 自動保存已禁用，跳過配置保存
2025-10-06 16:49:29,084 - VALO360 - DEBUG - 自動保存已禁用，跳過配置保存
2025-10-06 16:49:29,084 - VALO360 - DEBUG - 自動保存已禁用，跳過配置保存
2025-10-06 16:49:29,084 - VALO360 - DEBUG - 自動保存已禁用，跳過配置保存
2025-10-06 16:49:29,084 - VALO360 - DEBUG - 自動保存已禁用，跳過配置保存
2025-10-06 16:49:29,084 - VALO360 - DEBUG - 自動保存已禁用，跳過配置保存
2025-10-06 16:49:29,084 - VALO360 - DEBUG - 自動保存已禁用，跳過配置保存
2025-10-06 16:49:29,085 - VALO360 - DEBUG - 自動保存已禁用，跳過配置保存
2025-10-06 16:49:29,085 - VALO360 - DEBUG - 自動保存已禁用，跳過配置保存
2025-10-06 16:49:29,085 - VALO360 - DEBUG - 自動保存已禁用，跳過配置保存
2025-10-06 16:49:29,085 - VALO360 - DEBUG - 自動保存已禁用，跳過配置保存
2025-10-06 16:49:29,085 - VALO360 - DEBUG - 自動保存已禁用，跳過配置保存
2025-10-06 16:49:29,086 - VALO360 - DEBUG - 自動保存已禁用，跳過配置保存
2025-10-06 16:49:29,086 - VALO360 - DEBUG - 自動保存已禁用，跳過配置保存
2025-10-06 16:49:29,086 - VALO360 - DEBUG - 自動保存已禁用，跳過配置保存
2025-10-06 16:49:29,086 - VALO360 - DEBUG - 自動保存已禁用，跳過配置保存
2025-10-06 16:49:29,087 - VALO360 - DEBUG - 自動保存已禁用，跳過配置保存
2025-10-06 16:49:29,087 - VALO360 - DEBUG - 自動保存已禁用，跳過配置保存
2025-10-06 16:49:29,087 - VALO360 - DEBUG - 自動保存已禁用，跳過配置保存
2025-10-06 16:49:29,087 - VALO360 - DEBUG - 自動保存已禁用，跳過配置保存
2025-10-06 16:49:29,087 - VALO360 - DEBUG - 自動保存已禁用，跳過配置保存
2025-10-06 16:49:29,087 - VALO360 - DEBUG - 自動保存已禁用，跳過配置保存
2025-10-06 16:49:29,088 - VALO360 - DEBUG - 自動保存已禁用，跳過配置保存
2025-10-06 16:49:29,088 - VALO360 - DEBUG - 自動保存已禁用，跳過配置保存
2025-10-06 16:49:29,088 - VALO360 - DEBUG - 自動保存已禁用，跳過配置保存
2025-10-06 16:49:29,088 - VALO360 - DEBUG - 自動保存已禁用，跳過配置保存
2025-10-06 16:49:29,088 - VALO360 - DEBUG - 自動保存已禁用，跳過配置保存
2025-10-06 16:49:29,088 - VALO360 - DEBUG - 自動保存已禁用，跳過配置保存
2025-10-06 16:49:29,089 - VALO360 - DEBUG - 自動保存已禁用，跳過配置保存
2025-10-06 16:49:29,089 - VALO360 - DEBUG - 自動保存已禁用，跳過配置保存
2025-10-06 16:49:29,089 - VALO360 - DEBUG - 自動保存已禁用，跳過配置保存
2025-10-06 16:49:29,089 - VALO360 - DEBUG - 自動保存已禁用，跳過配置保存
2025-10-06 16:49:29,090 - VALO360 - DEBUG - 自動保存已禁用，跳過配置保存
2025-10-06 16:49:29,090 - VALO360 - DEBUG - 自動保存已禁用，跳過配置保存
2025-10-06 16:49:29,090 - VALO360 - DEBUG - 自動保存已禁用，跳過配置保存
2025-10-06 16:49:29,090 - VALO360 - DEBUG - 自動保存已禁用，跳過配置保存
2025-10-06 16:49:29,090 - VALO360 - DEBUG - 自動保存已禁用，跳過配置保存
2025-10-06 16:49:29,091 - VALO360 - DEBUG - 自動保存已禁用，跳過配置保存
2025-10-06 16:49:29,091 - VALO360 - DEBUG - 自動保存已禁用，跳過配置保存
2025-10-06 16:49:29,091 - VALO360 - DEBUG - 自動保存已禁用，跳過配置保存
2025-10-06 16:49:29,091 - VALO360 - DEBUG - 自動保存已禁用，跳過配置保存
2025-10-06 16:49:29,091 - VALO360 - DEBUG - 自動保存已禁用，跳過配置保存
2025-10-06 16:49:29,091 - VALO360 - DEBUG - 自動保存已禁用，跳過配置保存
2025-10-06 16:49:29,092 - VALO360 - DEBUG - 自動保存已禁用，跳過配置保存
2025-10-06 16:49:29,092 - VALO360 - DEBUG - 自動保存已禁用，跳過配置保存
2025-10-06 16:49:29,092 - VALO360 - DEBUG - 自動保存已禁用，跳過配置保存
2025-10-06 16:49:29,092 - VALO360 - DEBUG - 自動保存已禁用，跳過配置保存
2025-10-06 16:49:29,093 - VALO360 - DEBUG - 自動保存已禁用，跳過配置保存
2025-10-06 16:49:29,093 - VALO360 - DEBUG - 自動保存已禁用，跳過配置保存
2025-10-06 16:49:29,093 - VALO360 - DEBUG - 自動保存已禁用，跳過配置保存
2025-10-06 16:49:29,093 - VALO360 - DEBUG - 自動保存已禁用，跳過配置保存
2025-10-06 16:49:29,093 - VALO360 - DEBUG - 自動保存已禁用，跳過配置保存
2025-10-06 16:49:29,094 - VALO360 - DEBUG - 自動保存已禁用，跳過配置保存
2025-10-06 16:49:29,094 - VALO360 - DEBUG - 自動保存已禁用，跳過配置保存
2025-10-06 16:49:29,094 - VALO360 - DEBUG - 自動保存已禁用，跳過配置保存
2025-10-06 16:49:29,094 - VALO360 - DEBUG - 自動保存已禁用，跳過配置保存
2025-10-06 16:49:29,094 - VALO360 - DEBUG - 自動保存已禁用，跳過配置保存
2025-10-06 16:49:29,095 - VALO360 - DEBUG - 自動保存已禁用，跳過配置保存
2025-10-06 16:49:29,095 - VALO360 - DEBUG - 自動保存已禁用，跳過配置保存
2025-10-06 16:49:29,095 - VALO360 - DEBUG - 自動保存已禁用，跳過配置保存
2025-10-06 16:49:29,095 - VALO360 - DEBUG - 自動保存已禁用，跳過配置保存
2025-10-06 16:49:29,095 - VALO360 - DEBUG - 自動保存已禁用，跳過配置保存
2025-10-06 16:49:29,095 - VALO360 - DEBUG - 自動保存已禁用，跳過配置保存
2025-10-06 16:49:29,096 - VALO360 - DEBUG - 自動保存已禁用，跳過配置保存
2025-10-06 16:49:29,096 - VALO360 - DEBUG - 自動保存已禁用，跳過配置保存
2025-10-06 16:49:29,096 - VALO360 - DEBUG - 自動保存已禁用，跳過配置保存
2025-10-06 16:49:29,096 - VALO360 - DEBUG - 自動保存已禁用，跳過配置保存
2025-10-06 16:49:29,096 - VALO360 - DEBUG - 自動保存已禁用，跳過配置保存
2025-10-06 16:49:29,097 - VALO360 - DEBUG - 自動保存已禁用，跳過配置保存
2025-10-06 16:49:29,097 - VALO360 - DEBUG - 自動保存已禁用，跳過配置保存
2025-10-06 16:49:29,097 - VALO360 - DEBUG - 自動保存已禁用，跳過配置保存
2025-10-06 16:49:29,097 - VALO360 - DEBUG - 自動保存已禁用，跳過配置保存
2025-10-06 16:49:29,097 - VALO360 - DEBUG - 自動保存已禁用，跳過配置保存
2025-10-06 16:49:29,098 - VALO360 - DEBUG - 自動保存已禁用，跳過配置保存
2025-10-06 16:49:29,098 - VALO360 - DEBUG - 自動保存已禁用，跳過配置保存
2025-10-06 16:49:29,098 - VALO360 - DEBUG - 自動保存已禁用，跳過配置保存
2025-10-06 16:49:29,098 - VALO360 - DEBUG - 自動保存已禁用，跳過配置保存
2025-10-06 16:49:29,098 - VALO360 - DEBUG - 自動保存已禁用，跳過配置保存
2025-10-06 16:49:29,098 - VALO360 - DEBUG - 自動保存已禁用，跳過配置保存
2025-10-06 16:49:29,099 - VALO360 - DEBUG - 自動保存已禁用，跳過配置保存
2025-10-06 16:49:29,099 - VALO360 - DEBUG - 自動保存已禁用，跳過配置保存
2025-10-06 16:49:29,099 - VALO360 - DEBUG - 自動保存已禁用，跳過配置保存
2025-10-06 16:49:29,099 - VALO360 - DEBUG - 自動保存已禁用，跳過配置保存
2025-10-06 16:49:29,099 - VALO360 - DEBUG - 自動保存已禁用，跳過配置保存
2025-10-06 16:49:29,100 - VALO360 - DEBUG - 自動保存已禁用，跳過配置保存
2025-10-06 16:49:29,100 - VALO360 - DEBUG - 自動保存已禁用，跳過配置保存
2025-10-06 16:49:29,100 - VALO360 - DEBUG - 自動保存已禁用，跳過配置保存
2025-10-06 16:49:29,100 - VALO360 - DEBUG - 自動保存已禁用，跳過配置保存
2025-10-06 16:49:29,100 - VALO360 - DEBUG - 自動保存已禁用，跳過配置保存
2025-10-06 16:49:29,100 - VALO360 - DEBUG - 自動保存已禁用，跳過配置保存
2025-10-06 16:49:29,101 - VALO360 - DEBUG - 自動保存已禁用，跳過配置保存
2025-10-06 16:49:29,101 - VALO360 - DEBUG - 自動保存已禁用，跳過配置保存
2025-10-06 16:49:29,101 - VALO360 - DEBUG - 自動保存已禁用，跳過配置保存
2025-10-06 16:49:29,101 - VALO360 - DEBUG - 自動保存已禁用，跳過配置保存
2025-10-06 16:49:29,101 - VALO360 - DEBUG - 自動保存已禁用，跳過配置保存
2025-10-06 16:49:29,101 - VALO360 - DEBUG - 自動保存已禁用，跳過配置保存
2025-10-06 16:49:29,102 - VALO360 - DEBUG - 自動保存已禁用，跳過配置保存
2025-10-06 16:49:29,102 - VALO360 - DEBUG - 自動保存已禁用，跳過配置保存
2025-10-06 16:49:29,102 - VALO360 - DEBUG - 自動保存已禁用，跳過配置保存
2025-10-06 16:49:29,102 - VALO360 - DEBUG - 自動保存已禁用，跳過配置保存
2025-10-06 16:49:29,103 - VALO360 - DEBUG - 自動保存已禁用，跳過配置保存
2025-10-06 16:49:29,103 - VALO360 - DEBUG - 自動保存已禁用，跳過配置保存
2025-10-06 16:49:29,103 - VALO360 - DEBUG - 自動保存已禁用，跳過配置保存
2025-10-06 16:49:29,103 - VALO360 - DEBUG - 自動保存已禁用，跳過配置保存
2025-10-06 16:49:29,104 - VALO360 - DEBUG - 自動保存已禁用，跳過配置保存
2025-10-06 16:49:29,104 - VALO360 - DEBUG - 自動保存已禁用，跳過配置保存
2025-10-06 16:49:29,104 - VALO360 - DEBUG - 自動保存已禁用，跳過配置保存
2025-10-06 16:49:29,104 - VALO360 - DEBUG - 自動保存已禁用，跳過配置保存
2025-10-06 16:49:29,104 - VALO360 - DEBUG - 自動保存已禁用，跳過配置保存
2025-10-06 16:49:29,105 - VALO360 - DEBUG - 自動保存已禁用，跳過配置保存
2025-10-06 16:49:29,105 - VALO360 - DEBUG - 自動保存已禁用，跳過配置保存
2025-10-06 16:49:29,105 - VALO360 - DEBUG - 自動保存已禁用，跳過配置保存
2025-10-06 16:49:29,105 - VALO360 - DEBUG - 自動保存已禁用，跳過配置保存
2025-10-06 16:49:29,105 - VALO360 - DEBUG - 自動保存已禁用，跳過配置保存
2025-10-06 16:49:29,105 - VALO360 - DEBUG - 自動保存已禁用，跳過配置保存
2025-10-06 16:49:29,106 - VALO360 - DEBUG - 自動保存已禁用，跳過配置保存
2025-10-06 16:49:29,106 - VALO360 - DEBUG - 自動保存已禁用，跳過配置保存
2025-10-06 16:49:29,106 - VALO360 - DEBUG - 自動保存已禁用，跳過配置保存
2025-10-06 16:49:29,106 - VALO360 - DEBUG - 自動保存已禁用，跳過配置保存
2025-10-06 16:49:29,106 - VALO360 - DEBUG - 自動保存已禁用，跳過配置保存
2025-10-06 16:49:29,107 - VALO360 - DEBUG - 自動保存已禁用，跳過配置保存
2025-10-06 16:49:29,107 - VALO360 - DEBUG - 自動保存已禁用，跳過配置保存
2025-10-06 16:49:29,107 - VALO360 - DEBUG - 自動保存已禁用，跳過配置保存
2025-10-06 16:49:29,107 - VALO360 - DEBUG - 自動保存已禁用，跳過配置保存
2025-10-06 16:49:29,109 - VALO360 - DEBUG - 自動保存已禁用，跳過配置保存
2025-10-06 16:49:29,110 - VALO360 - DEBUG - 自動保存已禁用，跳過配置保存
2025-10-06 16:49:29,110 - VALO360 - DEBUG - 自動保存已禁用，跳過配置保存
2025-10-06 16:49:29,110 - VALO360 - DEBUG - 自動保存已禁用，跳過配置保存
2025-10-06 16:49:29,110 - VALO360 - DEBUG - 自動保存已禁用，跳過配置保存
2025-10-06 16:49:29,110 - VALO360 - DEBUG - 自動保存已禁用，跳過配置保存
2025-10-06 16:49:29,110 - VALO360 - DEBUG - 自動保存已禁用，跳過配置保存
2025-10-06 16:49:29,111 - VALO360 - DEBUG - 自動保存已禁用，跳過配置保存
2025-10-06 16:49:29,111 - VALO360 - DEBUG - 自動保存已禁用，跳過配置保存
2025-10-06 16:49:29,111 - VALO360 - DEBUG - 自動保存已禁用，跳過配置保存
2025-10-06 16:49:29,111 - VALO360 - DEBUG - 自動保存已禁用，跳過配置保存
2025-10-06 16:49:29,111 - VALO360 - DEBUG - 自動保存已禁用，跳過配置保存
2025-10-06 16:49:29,112 - VALO360 - DEBUG - 自動保存已禁用，跳過配置保存
2025-10-06 16:49:29,112 - VALO360 - DEBUG - 自動保存已禁用，跳過配置保存
2025-10-06 16:49:29,112 - VALO360 - DEBUG - 自動保存已禁用，跳過配置保存
2025-10-06 16:49:29,112 - VALO360 - DEBUG - 自動保存已禁用，跳過配置保存
2025-10-06 16:49:29,112 - VALO360 - DEBUG - 自動保存已禁用，跳過配置保存
2025-10-06 16:49:29,113 - VALO360 - DEBUG - 自動保存已禁用，跳過配置保存
2025-10-06 16:49:29,113 - VALO360 - DEBUG - 自動保存已禁用，跳過配置保存
2025-10-06 16:49:29,113 - VALO360 - DEBUG - 自動保存已禁用，跳過配置保存
2025-10-06 16:49:29,113 - VALO360 - DEBUG - 自動保存已禁用，跳過配置保存
2025-10-06 16:49:29,113 - VALO360 - DEBUG - 自動保存已禁用，跳過配置保存
2025-10-06 16:49:29,113 - VALO360 - DEBUG - 自動保存已禁用，跳過配置保存
2025-10-06 16:49:29,114 - VALO360 - DEBUG - 自動保存已禁用，跳過配置保存
2025-10-06 16:49:29,114 - VALO360 - DEBUG - 自動保存已禁用，跳過配置保存
2025-10-06 16:49:29,114 - VALO360 - DEBUG - 自動保存已禁用，跳過配置保存
2025-10-06 16:49:29,114 - VALO360 - DEBUG - 自動保存已禁用，跳過配置保存
2025-10-06 16:49:29,114 - VALO360 - DEBUG - 自動保存已禁用，跳過配置保存
2025-10-06 16:49:29,115 - VALO360 - DEBUG - 自動保存已禁用，跳過配置保存
2025-10-06 16:49:29,115 - VALO360 - DEBUG - 自動保存已禁用，跳過配置保存
2025-10-06 16:49:29,115 - VALO360 - DEBUG - 自動保存已禁用，跳過配置保存
2025-10-06 16:49:29,115 - VALO360 - DEBUG - 自動保存已禁用，跳過配置保存
2025-10-06 16:49:29,127 - VALO360 - DEBUG - 自動保存已禁用，跳過配置保存
2025-10-06 16:49:29,127 - VALO360 - DEBUG - 自動保存已禁用，跳過配置保存
2025-10-06 16:49:29,127 - VALO360 - DEBUG - 自動保存已禁用，跳過配置保存
2025-10-06 16:49:29,127 - VALO360 - DEBUG - 自動保存已禁用，跳過配置保存
2025-10-06 16:49:29,128 - VALO360 - DEBUG - 自動保存已禁用，跳過配置保存
2025-10-06 16:49:29,128 - VALO360 - DEBUG - 自動保存已禁用，跳過配置保存
2025-10-06 16:49:29,128 - VALO360 - DEBUG - 自動保存已禁用，跳過配置保存
2025-10-06 16:49:29,128 - VALO360 - DEBUG - 自動保存已禁用，跳過配置保存
2025-10-06 16:49:29,129 - VALO360 - DEBUG - 自動保存已禁用，跳過配置保存
2025-10-06 16:49:29,129 - VALO360 - DEBUG - 自動保存已禁用，跳過配置保存
2025-10-06 16:49:29,129 - VALO360 - DEBUG - 自動保存已禁用，跳過配置保存
2025-10-06 16:49:29,129 - VALO360 - DEBUG - 自動保存已禁用，跳過配置保存
2025-10-06 16:49:29,130 - VALO360 - DEBUG - 自動保存已禁用，跳過配置保存
2025-10-06 16:49:29,130 - VALO360 - DEBUG - 自動保存已禁用，跳過配置保存
2025-10-06 16:49:29,130 - VALO360 - DEBUG - 自動保存已禁用，跳過配置保存
2025-10-06 16:49:29,130 - VALO360 - DEBUG - 自動保存已禁用，跳過配置保存
2025-10-06 16:49:29,130 - VALO360 - DEBUG - 自動保存已禁用，跳過配置保存
2025-10-06 16:49:29,130 - VALO360 - DEBUG - 自動保存已禁用，跳過配置保存
2025-10-06 16:49:29,131 - VALO360 - DEBUG - 自動保存已禁用，跳過配置保存
2025-10-06 16:49:29,131 - VALO360 - DEBUG - 自動保存已禁用，跳過配置保存
2025-10-06 16:49:29,131 - VALO360 - DEBUG - 自動保存已禁用，跳過配置保存
2025-10-06 16:49:29,131 - VALO360 - DEBUG - 自動保存已禁用，跳過配置保存
2025-10-06 16:49:29,131 - VALO360 - DEBUG - 自動保存已禁用，跳過配置保存
2025-10-06 16:49:29,131 - VALO360 - DEBUG - 自動保存已禁用，跳過配置保存
2025-10-06 16:49:29,132 - VALO360 - DEBUG - 自動保存已禁用，跳過配置保存
2025-10-06 16:49:29,132 - VALO360 - DEBUG - 自動保存已禁用，跳過配置保存
2025-10-06 16:49:29,132 - VALO360 - DEBUG - 自動保存已禁用，跳過配置保存
2025-10-06 16:49:29,132 - VALO360 - DEBUG - 自動保存已禁用，跳過配置保存
2025-10-06 16:49:29,133 - VALO360 - DEBUG - 自動保存已禁用，跳過配置保存
2025-10-06 16:49:29,133 - VALO360 - DEBUG - 自動保存已禁用，跳過配置保存
2025-10-06 16:49:29,133 - VALO360 - DEBUG - 自動保存已禁用，跳過配置保存
2025-10-06 16:49:29,133 - VALO360 - DEBUG - 自動保存已禁用，跳過配置保存
2025-10-06 16:49:29,133 - VALO360 - DEBUG - 自動保存已禁用，跳過配置保存
2025-10-06 16:49:29,134 - VALO360 - DEBUG - 自動保存已禁用，跳過配置保存
2025-10-06 16:49:29,134 - VALO360 - DEBUG - 自動保存已禁用，跳過配置保存
2025-10-06 16:49:29,134 - VALO360 - DEBUG - 自動保存已禁用，跳過配置保存
2025-10-06 16:49:29,134 - VALO360 - DEBUG - 自動保存已禁用，跳過配置保存
2025-10-06 16:49:29,134 - VALO360 - DEBUG - 自動保存已禁用，跳過配置保存
2025-10-06 16:49:29,134 - VALO360 - DEBUG - 自動保存已禁用，跳過配置保存
2025-10-06 16:49:29,135 - VALO360 - DEBUG - 自動保存已禁用，跳過配置保存
2025-10-06 16:49:29,135 - VALO360 - DEBUG - 自動保存已禁用，跳過配置保存
2025-10-06 16:49:29,135 - VALO360 - DEBUG - 自動保存已禁用，跳過配置保存
2025-10-06 16:49:29,135 - VALO360 - DEBUG - 自動保存已禁用，跳過配置保存
2025-10-06 16:49:29,135 - VALO360 - DEBUG - 自動保存已禁用，跳過配置保存
2025-10-06 16:49:29,136 - VALO360 - DEBUG - 自動保存已禁用，跳過配置保存
2025-10-06 16:49:29,136 - VALO360 - DEBUG - 自動保存已禁用，跳過配置保存
2025-10-06 16:49:29,136 - VALO360 - DEBUG - 自動保存已禁用，跳過配置保存
2025-10-06 16:49:29,136 - VALO360 - DEBUG - 自動保存已禁用，跳過配置保存
2025-10-06 16:49:29,136 - VALO360 - DEBUG - 自動保存已禁用，跳過配置保存
2025-10-06 16:49:29,136 - VALO360 - DEBUG - 自動保存已禁用，跳過配置保存
2025-10-06 16:49:29,137 - VALO360 - DEBUG - 自動保存已禁用，跳過配置保存
2025-10-06 16:49:29,137 - VALO360 - DEBUG - 自動保存已禁用，跳過配置保存
2025-10-06 16:49:29,137 - VALO360 - DEBUG - 自動保存已禁用，跳過配置保存
2025-10-06 16:49:29,137 - VALO360 - DEBUG - 自動保存已禁用，跳過配置保存
2025-10-06 16:49:29,137 - VALO360 - DEBUG - 自動保存已禁用，跳過配置保存
2025-10-06 16:49:29,137 - VALO360 - DEBUG - 自動保存已禁用，跳過配置保存
2025-10-06 16:49:29,138 - VALO360 - DEBUG - 自動保存已禁用，跳過配置保存
2025-10-06 16:49:29,138 - VALO360 - DEBUG - 自動保存已禁用，跳過配置保存
2025-10-06 16:49:29,138 - VALO360 - DEBUG - 自動保存已禁用，跳過配置保存
2025-10-06 16:49:29,138 - VALO360 - DEBUG - 自動保存已禁用，跳過配置保存
2025-10-06 16:49:29,139 - VALO360 - DEBUG - 自動保存已禁用，跳過配置保存
2025-10-06 16:49:29,139 - VALO360 - DEBUG - 自動保存已禁用，跳過配置保存
2025-10-06 16:49:29,139 - VALO360 - DEBUG - 自動保存已禁用，跳過配置保存
2025-10-06 16:49:29,139 - VALO360 - DEBUG - 自動保存已禁用，跳過配置保存
2025-10-06 16:49:29,139 - VALO360 - DEBUG - 自動保存已禁用，跳過配置保存
2025-10-06 16:49:29,139 - VALO360 - DEBUG - 自動保存已禁用，跳過配置保存
2025-10-06 16:49:29,140 - VALO360 - DEBUG - 自動保存已禁用，跳過配置保存
2025-10-06 16:49:29,140 - VALO360 - DEBUG - 自動保存已禁用，跳過配置保存
2025-10-06 16:49:29,140 - VALO360 - DEBUG - 自動保存已禁用，跳過配置保存
2025-10-06 16:49:29,140 - VALO360 - DEBUG - 自動保存已禁用，跳過配置保存
2025-10-06 16:49:29,140 - VALO360 - DEBUG - 自動保存已禁用，跳過配置保存
2025-10-06 16:49:29,140 - VALO360 - DEBUG - 自動保存已禁用，跳過配置保存
2025-10-06 16:49:29,145 - VALO360 - DEBUG - 自動保存已禁用，跳過配置保存
2025-10-06 16:49:29,145 - VALO360 - DEBUG - 自動保存已禁用，跳過配置保存
2025-10-06 16:49:29,145 - VALO360 - DEBUG - 自動保存已禁用，跳過配置保存
2025-10-06 16:49:29,146 - VALO360 - DEBUG - 自動保存已禁用，跳過配置保存
2025-10-06 16:49:29,146 - VALO360 - DEBUG - 自動保存已禁用，跳過配置保存
2025-10-06 16:49:29,146 - VALO360 - DEBUG - 自動保存已禁用，跳過配置保存
2025-10-06 16:49:29,146 - VALO360 - DEBUG - 自動保存已禁用，跳過配置保存
2025-10-06 16:49:29,146 - VALO360 - DEBUG - 自動保存已禁用，跳過配置保存
2025-10-06 16:49:29,147 - VALO360 - DEBUG - 自動保存已禁用，跳過配置保存
2025-10-06 16:49:29,147 - VALO360 - DEBUG - 自動保存已禁用，跳過配置保存
2025-10-06 16:49:29,147 - VALO360 - DEBUG - 自動保存已禁用，跳過配置保存
2025-10-06 16:49:29,147 - VALO360 - DEBUG - 自動保存已禁用，跳過配置保存
2025-10-06 16:49:29,147 - VALO360 - DEBUG - 自動保存已禁用，跳過配置保存
2025-10-06 16:49:29,147 - VALO360 - DEBUG - 自動保存已禁用，跳過配置保存
2025-10-06 16:49:29,148 - VALO360 - DEBUG - 自動保存已禁用，跳過配置保存
2025-10-06 16:49:29,148 - VALO360 - DEBUG - 自動保存已禁用，跳過配置保存
2025-10-06 16:49:29,148 - VALO360 - DEBUG - 自動保存已禁用，跳過配置保存
2025-10-06 16:49:29,148 - VALO360 - DEBUG - 自動保存已禁用，跳過配置保存
2025-10-06 16:49:29,148 - VALO360 - DEBUG - 自動保存已禁用，跳過配置保存
2025-10-06 16:49:29,148 - VALO360 - DEBUG - 自動保存已禁用，跳過配置保存
2025-10-06 16:49:29,149 - VALO360 - DEBUG - 自動保存已禁用，跳過配置保存
2025-10-06 16:49:29,149 - VALO360 - DEBUG - 自動保存已禁用，跳過配置保存
2025-10-06 16:49:29,149 - VALO360 - DEBUG - 自動保存已禁用，跳過配置保存
2025-10-06 16:49:29,149 - VALO360 - DEBUG - 自動保存已禁用，跳過配置保存
2025-10-06 16:49:29,150 - VALO360 - DEBUG - 自動保存已禁用，跳過配置保存
2025-10-06 16:49:29,150 - VALO360 - DEBUG - 自動保存已禁用，跳過配置保存
2025-10-06 16:49:29,150 - VALO360 - DEBUG - 自動保存已禁用，跳過配置保存
2025-10-06 16:49:29,150 - VALO360 - DEBUG - 自動保存已禁用，跳過配置保存
2025-10-06 16:49:29,150 - VALO360 - DEBUG - 自動保存已禁用，跳過配置保存
2025-10-06 16:49:29,150 - VALO360 - DEBUG - 自動保存已禁用，跳過配置保存
2025-10-06 16:49:29,151 - VALO360 - DEBUG - 自動保存已禁用，跳過配置保存
2025-10-06 16:49:29,151 - VALO360 - DEBUG - 自動保存已禁用，跳過配置保存
2025-10-06 16:49:29,151 - VALO360 - DEBUG - 自動保存已禁用，跳過配置保存
2025-10-06 16:49:29,151 - VALO360 - DEBUG - 自動保存已禁用，跳過配置保存
2025-10-06 16:49:29,151 - VALO360 - DEBUG - 自動保存已禁用，跳過配置保存
2025-10-06 16:49:29,152 - VALO360 - DEBUG - 自動保存已禁用，跳過配置保存
2025-10-06 16:49:29,152 - VALO360 - DEBUG - 自動保存已禁用，跳過配置保存
2025-10-06 16:49:29,152 - VALO360 - DEBUG - 自動保存已禁用，跳過配置保存
2025-10-06 16:49:29,152 - VALO360 - DEBUG - 自動保存已禁用，跳過配置保存
2025-10-06 16:49:29,152 - VALO360 - DEBUG - 自動保存已禁用，跳過配置保存
2025-10-06 16:49:29,153 - VALO360 - DEBUG - 自動保存已禁用，跳過配置保存
2025-10-06 16:49:29,153 - VALO360 - DEBUG - 自動保存已禁用，跳過配置保存
2025-10-06 16:49:29,153 - VALO360 - DEBUG - 自動保存已禁用，跳過配置保存
2025-10-06 16:49:29,153 - VALO360 - DEBUG - 自動保存已禁用，跳過配置保存
2025-10-06 16:49:29,153 - VALO360 - DEBUG - 自動保存已禁用，跳過配置保存
2025-10-06 16:49:29,153 - VALO360 - DEBUG - 自動保存已禁用，跳過配置保存
2025-10-06 16:49:29,154 - VALO360 - DEBUG - 自動保存已禁用，跳過配置保存
2025-10-06 16:49:29,154 - VALO360 - DEBUG - 自動保存已禁用，跳過配置保存
2025-10-06 16:49:29,154 - VALO360 - DEBUG - 自動保存已禁用，跳過配置保存
2025-10-06 16:49:29,154 - VALO360 - DEBUG - 自動保存已禁用，跳過配置保存
2025-10-06 16:49:29,154 - VALO360 - DEBUG - 自動保存已禁用，跳過配置保存
2025-10-06 16:49:29,154 - VALO360 - DEBUG - 自動保存已禁用，跳過配置保存
2025-10-06 16:49:29,155 - VALO360 - DEBUG - 自動保存已禁用，跳過配置保存
2025-10-06 16:49:29,155 - VALO360 - DEBUG - 自動保存已禁用，跳過配置保存
2025-10-06 16:49:29,155 - VALO360 - DEBUG - 自動保存已禁用，跳過配置保存
2025-10-06 16:49:29,155 - VALO360 - DEBUG - 自動保存已禁用，跳過配置保存
2025-10-06 16:49:29,156 - VALO360 - DEBUG - 自動保存已禁用，跳過配置保存
2025-10-06 16:49:29,156 - VALO360 - DEBUG - 自動保存已禁用，跳過配置保存
2025-10-06 16:49:29,156 - VALO360 - DEBUG - 自動保存已禁用，跳過配置保存
2025-10-06 16:49:29,156 - VALO360 - DEBUG - 自動保存已禁用，跳過配置保存
2025-10-06 16:49:29,156 - VALO360 - DEBUG - 自動保存已禁用，跳過配置保存
2025-10-06 16:49:29,156 - VALO360 - DEBUG - 自動保存已禁用，跳過配置保存
2025-10-06 16:49:29,157 - VALO360 - DEBUG - 自動保存已禁用，跳過配置保存
2025-10-06 16:49:29,157 - VALO360 - DEBUG - 自動保存已禁用，跳過配置保存
2025-10-06 16:49:29,157 - VALO360 - DEBUG - 自動保存已禁用，跳過配置保存
2025-10-06 16:49:29,157 - VALO360 - DEBUG - 自動保存已禁用，跳過配置保存
2025-10-06 16:49:29,157 - VALO360 - DEBUG - 自動保存已禁用，跳過配置保存
2025-10-06 16:49:29,157 - VALO360 - DEBUG - 自動保存已禁用，跳過配置保存
2025-10-06 16:49:29,158 - VALO360 - DEBUG - 自動保存已禁用，跳過配置保存
2025-10-06 16:49:29,158 - VALO360 - DEBUG - 自動保存已禁用，跳過配置保存
2025-10-06 16:49:29,158 - VALO360 - DEBUG - 自動保存已禁用，跳過配置保存
2025-10-06 16:49:29,158 - VALO360 - DEBUG - 自動保存已禁用，跳過配置保存
2025-10-06 16:49:29,158 - VALO360 - DEBUG - 自動保存已禁用，跳過配置保存
2025-10-06 16:49:29,159 - VALO360 - DEBUG - 自動保存已禁用，跳過配置保存
2025-10-06 16:49:29,159 - VALO360 - DEBUG - 自動保存已禁用，跳過配置保存
2025-10-06 16:49:29,159 - VALO360 - DEBUG - 自動保存已禁用，跳過配置保存
2025-10-06 16:49:29,159 - VALO360 - DEBUG - 自動保存已禁用，跳過配置保存
2025-10-06 16:49:29,159 - VALO360 - DEBUG - 自動保存已禁用，跳過配置保存
2025-10-06 16:49:29,159 - VALO360 - DEBUG - 自動保存已禁用，跳過配置保存
2025-10-06 16:49:29,160 - VALO360 - DEBUG - 自動保存已禁用，跳過配置保存
2025-10-06 16:49:29,160 - VALO360 - DEBUG - 自動保存已禁用，跳過配置保存
2025-10-06 16:49:29,160 - VALO360 - DEBUG - 自動保存已禁用，跳過配置保存
2025-10-06 16:49:29,160 - VALO360 - DEBUG - 自動保存已禁用，跳過配置保存
2025-10-06 16:49:29,160 - VALO360 - DEBUG - 自動保存已禁用，跳過配置保存
2025-10-06 16:49:29,161 - VALO360 - DEBUG - 自動保存已禁用，跳過配置保存
2025-10-06 16:49:29,161 - VALO360 - DEBUG - 自動保存已禁用，跳過配置保存
2025-10-06 16:49:29,161 - VALO360 - DEBUG - 自動保存已禁用，跳過配置保存
2025-10-06 16:49:29,161 - VALO360 - DEBUG - 自動保存已禁用，跳過配置保存
2025-10-06 16:49:29,161 - VALO360 - DEBUG - 自動保存已禁用，跳過配置保存
2025-10-06 16:49:29,162 - VALO360 - DEBUG - 自動保存已禁用，跳過配置保存
2025-10-06 16:49:29,162 - VALO360 - DEBUG - 自動保存已禁用，跳過配置保存
2025-10-06 16:49:29,162 - VALO360 - DEBUG - 自動保存已禁用，跳過配置保存
2025-10-06 16:49:29,162 - VALO360 - DEBUG - 自動保存已禁用，跳過配置保存
2025-10-06 16:49:29,162 - VALO360 - DEBUG - 自動保存已禁用，跳過配置保存
2025-10-06 16:49:29,162 - VALO360 - DEBUG - 自動保存已禁用，跳過配置保存
2025-10-06 16:49:29,163 - VALO360 - DEBUG - 自動保存已禁用，跳過配置保存
2025-10-06 16:49:29,171 - VALO360 - DEBUG - 自動保存已禁用，跳過配置保存
2025-10-06 16:49:29,171 - VALO360 - DEBUG - 自動保存已禁用，跳過配置保存
2025-10-06 16:49:29,171 - VALO360 - DEBUG - 自動保存已禁用，跳過配置保存
2025-10-06 16:49:29,171 - VALO360 - DEBUG - 自動保存已禁用，跳過配置保存
2025-10-06 16:49:29,172 - VALO360 - DEBUG - 自動保存已禁用，跳過配置保存
2025-10-06 16:49:29,172 - VALO360 - DEBUG - 自動保存已禁用，跳過配置保存
2025-10-06 16:49:29,172 - VALO360 - DEBUG - 自動保存已禁用，跳過配置保存
2025-10-06 16:49:29,172 - VALO360 - DEBUG - 自動保存已禁用，跳過配置保存
2025-10-06 16:49:29,172 - VALO360 - DEBUG - 自動保存已禁用，跳過配置保存
2025-10-06 16:49:29,173 - VALO360 - DEBUG - 自動保存已禁用，跳過配置保存
2025-10-06 16:49:29,173 - VALO360 - DEBUG - 自動保存已禁用，跳過配置保存
2025-10-06 16:49:29,173 - VALO360 - DEBUG - 自動保存已禁用，跳過配置保存
2025-10-06 16:49:29,173 - VALO360 - DEBUG - 自動保存已禁用，跳過配置保存
2025-10-06 16:49:29,173 - VALO360 - DEBUG - 自動保存已禁用，跳過配置保存
2025-10-06 16:49:29,173 - VALO360 - DEBUG - 自動保存已禁用，跳過配置保存
2025-10-06 16:49:29,174 - VALO360 - DEBUG - 自動保存已禁用，跳過配置保存
2025-10-06 16:49:29,174 - VALO360 - DEBUG - 自動保存已禁用，跳過配置保存
2025-10-06 16:49:29,174 - VALO360 - DEBUG - 自動保存已禁用，跳過配置保存
2025-10-06 16:49:29,174 - VALO360 - DEBUG - 自動保存已禁用，跳過配置保存
2025-10-06 16:49:29,175 - VALO360 - DEBUG - 自動保存已禁用，跳過配置保存
2025-10-06 16:49:29,175 - VALO360 - DEBUG - 自動保存已禁用，跳過配置保存
2025-10-06 16:49:29,175 - VALO360 - DEBUG - 自動保存已禁用，跳過配置保存
2025-10-06 16:49:29,175 - VALO360 - DEBUG - 自動保存已禁用，跳過配置保存
2025-10-06 16:49:29,175 - VALO360 - DEBUG - 自動保存已禁用，跳過配置保存
2025-10-06 16:49:29,176 - VALO360 - DEBUG - 自動保存已禁用，跳過配置保存
2025-10-06 16:49:29,176 - VALO360 - DEBUG - 自動保存已禁用，跳過配置保存
2025-10-06 16:49:29,176 - VALO360 - DEBUG - 自動保存已禁用，跳過配置保存
2025-10-06 16:49:29,176 - VALO360 - DEBUG - 自動保存已禁用，跳過配置保存
2025-10-06 16:49:29,177 - VALO360 - DEBUG - 自動保存已禁用，跳過配置保存
2025-10-06 16:49:29,177 - VALO360 - DEBUG - 自動保存已禁用，跳過配置保存
2025-10-06 16:49:29,177 - VALO360 - DEBUG - 自動保存已禁用，跳過配置保存
2025-10-06 16:49:29,177 - VALO360 - DEBUG - 自動保存已禁用，跳過配置保存
2025-10-06 16:49:29,178 - VALO360 - DEBUG - 自動保存已禁用，跳過配置保存
2025-10-06 16:49:29,178 - VALO360 - DEBUG - 自動保存已禁用，跳過配置保存
2025-10-06 16:49:29,178 - VALO360 - DEBUG - 自動保存已禁用，跳過配置保存
2025-10-06 16:49:29,178 - VALO360 - DEBUG - 自動保存已禁用，跳過配置保存
2025-10-06 16:49:29,179 - VALO360 - DEBUG - 自動保存已禁用，跳過配置保存
2025-10-06 16:49:29,179 - VALO360 - DEBUG - 自動保存已禁用，跳過配置保存
2025-10-06 16:49:29,179 - VALO360 - DEBUG - 自動保存已禁用，跳過配置保存
2025-10-06 16:49:29,179 - VALO360 - DEBUG - 自動保存已禁用，跳過配置保存
2025-10-06 16:49:29,183 - VALO360 - DEBUG - 自動保存已禁用，跳過配置保存
2025-10-06 16:49:29,183 - VALO360 - DEBUG - 自動保存已禁用，跳過配置保存
2025-10-06 16:49:29,183 - VALO360 - DEBUG - 自動保存已禁用，跳過配置保存
2025-10-06 16:49:29,184 - VALO360 - DEBUG - 自動保存已禁用，跳過配置保存
2025-10-06 16:49:29,184 - VALO360 - DEBUG - 自動保存已禁用，跳過配置保存
2025-10-06 16:49:29,184 - VALO360 - DEBUG - 自動保存已禁用，跳過配置保存
2025-10-06 16:49:29,184 - VALO360 - DEBUG - 自動保存已禁用，跳過配置保存
2025-10-06 16:49:29,185 - VALO360 - DEBUG - 自動保存已禁用，跳過配置保存
2025-10-06 16:49:29,185 - VALO360 - DEBUG - 自動保存已禁用，跳過配置保存
2025-10-06 16:49:29,185 - VALO360 - DEBUG - 自動保存已禁用，跳過配置保存
2025-10-06 16:49:29,186 - VALO360 - DEBUG - 自動保存已禁用，跳過配置保存
2025-10-06 16:49:29,186 - VALO360 - DEBUG - 自動保存已禁用，跳過配置保存
2025-10-06 16:49:29,187 - VALO360 - DEBUG - 自動保存已禁用，跳過配置保存
2025-10-06 16:49:29,187 - VALO360 - DEBUG - 自動保存已禁用，跳過配置保存
2025-10-06 16:49:29,187 - VALO360 - DEBUG - 自動保存已禁用，跳過配置保存
2025-10-06 16:49:29,187 - VALO360 - DEBUG - 自動保存已禁用，跳過配置保存
2025-10-06 16:49:29,188 - VALO360 - DEBUG - 自動保存已禁用，跳過配置保存
2025-10-06 16:49:29,188 - VALO360 - DEBUG - 自動保存已禁用，跳過配置保存
2025-10-06 16:49:29,188 - VALO360 - DEBUG - 自動保存已禁用，跳過配置保存
2025-10-06 16:49:29,188 - VALO360 - DEBUG - 自動保存已禁用，跳過配置保存
2025-10-06 16:49:29,189 - VALO360 - DEBUG - 自動保存已禁用，跳過配置保存
2025-10-06 16:49:29,189 - VALO360 - DEBUG - 自動保存已禁用，跳過配置保存
2025-10-06 16:49:29,189 - VALO360 - DEBUG - 自動保存已禁用，跳過配置保存
2025-10-06 16:49:29,189 - VALO360 - DEBUG - 自動保存已禁用，跳過配置保存
2025-10-06 16:49:29,192 - VALO360 - DEBUG - 自動保存已禁用，跳過配置保存
2025-10-06 16:49:29,192 - VALO360 - DEBUG - 自動保存已禁用，跳過配置保存
2025-10-06 16:49:29,192 - VALO360 - DEBUG - 自動保存已禁用，跳過配置保存
2025-10-06 16:49:29,192 - VALO360 - DEBUG - 自動保存已禁用，跳過配置保存
2025-10-06 16:49:29,192 - VALO360 - DEBUG - 自動保存已禁用，跳過配置保存
2025-10-06 16:49:29,193 - VALO360 - DEBUG - 自動保存已禁用，跳過配置保存
2025-10-06 16:49:29,193 - VALO360 - DEBUG - 自動保存已禁用，跳過配置保存
2025-10-06 16:49:29,193 - VALO360 - DEBUG - 自動保存已禁用，跳過配置保存
2025-10-06 16:49:29,193 - VALO360 - DEBUG - 自動保存已禁用，跳過配置保存
2025-10-06 16:49:29,193 - VALO360 - DEBUG - 自動保存已禁用，跳過配置保存
2025-10-06 16:49:29,193 - VALO360 - DEBUG - 自動保存已禁用，跳過配置保存
2025-10-06 16:49:29,194 - VALO360 - DEBUG - 自動保存已禁用，跳過配置保存
2025-10-06 16:49:29,198 - VALO360 - DEBUG - 自動保存已禁用，跳過配置保存
2025-10-06 16:49:29,198 - VALO360 - DEBUG - 自動保存已禁用，跳過配置保存
2025-10-06 16:49:29,198 - VALO360 - DEBUG - 自動保存已禁用，跳過配置保存
2025-10-06 16:49:29,198 - VALO360 - DEBUG - 自動保存已禁用，跳過配置保存
2025-10-06 16:49:29,198 - VALO360 - DEBUG - 自動保存已禁用，跳過配置保存
2025-10-06 16:49:29,199 - VALO360 - DEBUG - 自動保存已禁用，跳過配置保存
2025-10-06 16:49:29,199 - VALO360 - DEBUG - 自動保存已禁用，跳過配置保存
2025-10-06 16:49:29,199 - VALO360 - DEBUG - 自動保存已禁用，跳過配置保存
2025-10-06 16:49:29,199 - VALO360 - DEBUG - 自動保存已禁用，跳過配置保存
2025-10-06 16:49:29,199 - VALO360 - DEBUG - 自動保存已禁用，跳過配置保存
2025-10-06 16:49:29,199 - VALO360 - DEBUG - 自動保存已禁用，跳過配置保存
2025-10-06 16:49:29,200 - VALO360 - DEBUG - 自動保存已禁用，跳過配置保存
2025-10-06 16:49:29,213 - VALO360 - DEBUG - 自動保存已禁用，跳過配置保存
2025-10-06 16:49:29,213 - VALO360 - DEBUG - 自動保存已禁用，跳過配置保存
2025-10-06 16:49:29,213 - VALO360 - DEBUG - 自動保存已禁用，跳過配置保存
2025-10-06 16:49:29,214 - VALO360 - DEBUG - 自動保存已禁用，跳過配置保存
2025-10-06 16:49:29,222 - VALO360 - DEBUG - 自動保存已禁用，跳過配置保存
2025-10-06 16:49:29,222 - VALO360 - DEBUG - 自動保存已禁用，跳過配置保存
2025-10-06 16:49:29,222 - VALO360 - DEBUG - 自動保存已禁用，跳過配置保存
2025-10-06 16:49:29,222 - VALO360 - DEBUG - 自動保存已禁用，跳過配置保存
2025-10-06 16:49:29,233 - VALO360 - DEBUG - 自動保存已禁用，跳過配置保存
2025-10-06 16:49:29,233 - VALO360 - DEBUG - 自動保存已禁用，跳過配置保存
2025-10-06 16:49:29,233 - VALO360 - DEBUG - 自動保存已禁用，跳過配置保存
2025-10-06 16:49:29,233 - VALO360 - DEBUG - 自動保存已禁用，跳過配置保存
2025-10-06 16:49:29,235 - VALO360 - DEBUG - 自動保存已禁用，跳過配置保存
2025-10-06 16:49:29,235 - VALO360 - DEBUG - 自動保存已禁用，跳過配置保存
2025-10-06 16:49:29,235 - VALO360 - DEBUG - 自動保存已禁用，跳過配置保存
2025-10-06 16:49:29,235 - VALO360 - DEBUG - 自動保存已禁用，跳過配置保存
2025-10-06 16:49:29,236 - VALO360 - DEBUG - 自動保存已禁用，跳過配置保存
2025-10-06 16:49:29,236 - VALO360 - DEBUG - 自動保存已禁用，跳過配置保存
2025-10-06 16:49:29,236 - VALO360 - DEBUG - 自動保存已禁用，跳過配置保存
2025-10-06 16:49:29,236 - VALO360 - DEBUG - 自動保存已禁用，跳過配置保存
2025-10-06 16:49:29,239 - VALO360 - DEBUG - 自動保存已禁用，跳過配置保存
2025-10-06 16:49:29,239 - VALO360 - DEBUG - 自動保存已禁用，跳過配置保存
2025-10-06 16:49:29,240 - VALO360 - DEBUG - 自動保存已禁用，跳過配置保存
2025-10-06 16:49:29,240 - VALO360 - DEBUG - 自動保存已禁用，跳過配置保存
2025-10-06 16:49:29,298 - VALO360 - DEBUG - 自動保存已禁用，跳過配置保存
2025-10-06 16:49:29,298 - VALO360 - DEBUG - 自動保存已禁用，跳過配置保存
2025-10-06 16:49:29,298 - VALO360 - DEBUG - 自動保存已禁用，跳過配置保存
2025-10-06 16:49:29,298 - VALO360 - DEBUG - 自動保存已禁用，跳過配置保存
2025-10-06 16:49:29,299 - VALO360 - DEBUG - 自動保存已禁用，跳過配置保存
2025-10-06 16:49:29,299 - VALO360 - DEBUG - 自動保存已禁用，跳過配置保存
2025-10-06 16:49:29,299 - VALO360 - DEBUG - 自動保存已禁用，跳過配置保存
2025-10-06 16:49:29,299 - VALO360 - DEBUG - 自動保存已禁用，跳過配置保存
2025-10-06 16:49:29,300 - VALO360 - DEBUG - 自動保存已禁用，跳過配置保存
2025-10-06 16:49:29,300 - VALO360 - DEBUG - 自動保存已禁用，跳過配置保存
2025-10-06 16:49:29,300 - VALO360 - DEBUG - 自動保存已禁用，跳過配置保存
2025-10-06 16:49:29,300 - VALO360 - DEBUG - 自動保存已禁用，跳過配置保存
2025-10-06 16:49:29,301 - VALO360 - DEBUG - 自動保存已禁用，跳過配置保存
2025-10-06 16:49:29,301 - VALO360 - DEBUG - 自動保存已禁用，跳過配置保存
2025-10-06 16:49:29,301 - VALO360 - DEBUG - 自動保存已禁用，跳過配置保存
2025-10-06 16:49:29,301 - VALO360 - DEBUG - 自動保存已禁用，跳過配置保存
2025-10-06 16:49:29,302 - VALO360 - DEBUG - 自動保存已禁用，跳過配置保存
2025-10-06 16:49:29,302 - VALO360 - DEBUG - 自動保存已禁用，跳過配置保存
2025-10-06 16:49:29,302 - VALO360 - DEBUG - 自動保存已禁用，跳過配置保存
2025-10-06 16:49:29,302 - VALO360 - DEBUG - 自動保存已禁用，跳過配置保存
2025-10-06 16:49:29,308 - VALO360 - DEBUG - 自動保存已禁用，跳過配置保存
2025-10-06 16:49:29,308 - VALO360 - DEBUG - 自動保存已禁用，跳過配置保存
2025-10-06 16:49:29,308 - VALO360 - DEBUG - 自動保存已禁用，跳過配置保存
2025-10-06 16:49:29,308 - VALO360 - DEBUG - 自動保存已禁用，跳過配置保存
2025-10-06 16:49:29,309 - VALO360 - DEBUG - 自動保存已禁用，跳過配置保存
2025-10-06 16:49:29,309 - VALO360 - DEBUG - 自動保存已禁用，跳過配置保存
2025-10-06 16:49:29,310 - VALO360 - DEBUG - 自動保存已禁用，跳過配置保存
2025-10-06 16:49:29,310 - VALO360 - DEBUG - 自動保存已禁用，跳過配置保存
2025-10-06 16:49:29,311 - VALO360 - DEBUG - 自動保存已禁用，跳過配置保存
2025-10-06 16:49:29,311 - VALO360 - DEBUG - 自動保存已禁用，跳過配置保存
2025-10-06 16:49:29,311 - VALO360 - DEBUG - 自動保存已禁用，跳過配置保存
2025-10-06 16:49:29,311 - VALO360 - DEBUG - 自動保存已禁用，跳過配置保存
2025-10-06 16:49:29,312 - VALO360 - DEBUG - 自動保存已禁用，跳過配置保存
2025-10-06 16:49:29,312 - VALO360 - DEBUG - 自動保存已禁用，跳過配置保存
2025-10-06 16:49:29,312 - VALO360 - DEBUG - 自動保存已禁用，跳過配置保存
2025-10-06 16:49:29,312 - VALO360 - DEBUG - 自動保存已禁用，跳過配置保存
2025-10-06 16:49:29,315 - VALO360 - DEBUG - 自動保存已禁用，跳過配置保存
2025-10-06 16:49:29,315 - VALO360 - DEBUG - 自動保存已禁用，跳過配置保存
2025-10-06 16:49:29,315 - VALO360 - DEBUG - 自動保存已禁用，跳過配置保存
2025-10-06 16:49:29,315 - VALO360 - DEBUG - 自動保存已禁用，跳過配置保存
2025-10-06 16:49:29,315 - VALO360 - DEBUG - 自動保存已禁用，跳過配置保存
2025-10-06 16:49:29,315 - VALO360 - DEBUG - 自動保存已禁用，跳過配置保存
2025-10-06 16:49:29,316 - VALO360 - DEBUG - 自動保存已禁用，跳過配置保存
2025-10-06 16:49:29,316 - VALO360 - DEBUG - 自動保存已禁用，跳過配置保存
2025-10-06 16:49:29,317 - VALO360 - DEBUG - 自動保存已禁用，跳過配置保存
2025-10-06 16:49:29,317 - VALO360 - DEBUG - 自動保存已禁用，跳過配置保存
2025-10-06 16:49:29,318 - VALO360 - DEBUG - 自動保存已禁用，跳過配置保存
2025-10-06 16:49:29,318 - VALO360 - DEBUG - 自動保存已禁用，跳過配置保存
2025-10-06 16:49:29,320 - VALO360 - DEBUG - 自動保存已禁用，跳過配置保存
2025-10-06 16:49:29,320 - VALO360 - DEBUG - 自動保存已禁用，跳過配置保存
2025-10-06 16:49:29,321 - VALO360 - DEBUG - 自動保存已禁用，跳過配置保存
2025-10-06 16:49:29,321 - VALO360 - DEBUG - 自動保存已禁用，跳過配置保存
2025-10-06 16:49:29,325 - VALO360 - DEBUG - 自動保存已禁用，跳過配置保存
2025-10-06 16:49:29,325 - VALO360 - DEBUG - 自動保存已禁用，跳過配置保存
2025-10-06 16:49:29,325 - VALO360 - DEBUG - 自動保存已禁用，跳過配置保存
2025-10-06 16:49:29,325 - VALO360 - DEBUG - 自動保存已禁用，跳過配置保存
2025-10-06 16:49:29,333 - VALO360 - DEBUG - 自動保存已禁用，跳過配置保存
2025-10-06 16:49:29,333 - VALO360 - DEBUG - 自動保存已禁用，跳過配置保存
2025-10-06 16:49:29,334 - VALO360 - DEBUG - 自動保存已禁用，跳過配置保存
2025-10-06 16:49:29,334 - VALO360 - DEBUG - 自動保存已禁用，跳過配置保存
2025-10-06 16:49:29,334 - VALO360 - DEBUG - 自動保存已禁用，跳過配置保存
2025-10-06 16:49:29,334 - VALO360 - DEBUG - 自動保存已禁用，跳過配置保存
2025-10-06 16:49:29,334 - VALO360 - DEBUG - 自動保存已禁用，跳過配置保存
2025-10-06 16:49:29,335 - VALO360 - DEBUG - 自動保存已禁用，跳過配置保存
2025-10-06 16:49:29,335 - VALO360 - DEBUG - 自動保存已禁用，跳過配置保存
2025-10-06 16:49:29,335 - VALO360 - DEBUG - 自動保存已禁用，跳過配置保存
2025-10-06 16:49:29,335 - VALO360 - DEBUG - 自動保存已禁用，跳過配置保存
2025-10-06 16:49:29,335 - VALO360 - DEBUG - 自動保存已禁用，跳過配置保存
2025-10-06 16:49:29,336 - VALO360 - DEBUG - 自動保存已禁用，跳過配置保存
2025-10-06 16:49:29,336 - VALO360 - DEBUG - 自動保存已禁用，跳過配置保存
2025-10-06 16:49:29,336 - VALO360 - DEBUG - 自動保存已禁用，跳過配置保存
2025-10-06 16:49:29,336 - VALO360 - DEBUG - 自動保存已禁用，跳過配置保存
2025-10-06 16:49:29,336 - VALO360 - DEBUG - 自動保存已禁用，跳過配置保存
2025-10-06 16:49:29,337 - VALO360 - DEBUG - 自動保存已禁用，跳過配置保存
2025-10-06 16:49:29,337 - VALO360 - DEBUG - 自動保存已禁用，跳過配置保存
2025-10-06 16:49:29,337 - VALO360 - DEBUG - 自動保存已禁用，跳過配置保存
2025-10-06 16:49:29,337 - VALO360 - DEBUG - 自動保存已禁用，跳過配置保存
2025-10-06 16:49:29,337 - VALO360 - DEBUG - 自動保存已禁用，跳過配置保存
2025-10-06 16:49:29,337 - VALO360 - DEBUG - 自動保存已禁用，跳過配置保存
2025-10-06 16:49:29,338 - VALO360 - DEBUG - 自動保存已禁用，跳過配置保存
2025-10-06 16:49:29,338 - VALO360 - DEBUG - 自動保存已禁用，跳過配置保存
2025-10-06 16:49:29,338 - VALO360 - DEBUG - 自動保存已禁用，跳過配置保存
2025-10-06 16:49:29,338 - VALO360 - DEBUG - 自動保存已禁用，跳過配置保存
2025-10-06 16:49:29,338 - VALO360 - DEBUG - 自動保存已禁用，跳過配置保存
2025-10-06 16:49:29,339 - VALO360 - DEBUG - 自動保存已禁用，跳過配置保存
2025-10-06 16:49:29,339 - VALO360 - DEBUG - 自動保存已禁用，跳過配置保存
2025-10-06 16:49:29,339 - VALO360 - DEBUG - 自動保存已禁用，跳過配置保存
2025-10-06 16:49:29,339 - VALO360 - DEBUG - 自動保存已禁用，跳過配置保存
2025-10-06 16:49:29,339 - VALO360 - DEBUG - 自動保存已禁用，跳過配置保存
2025-10-06 16:49:29,339 - VALO360 - DEBUG - 自動保存已禁用，跳過配置保存
2025-10-06 16:49:29,340 - VALO360 - DEBUG - 自動保存已禁用，跳過配置保存
2025-10-06 16:49:29,340 - VALO360 - DEBUG - 自動保存已禁用，跳過配置保存
2025-10-06 16:49:29,340 - VALO360 - DEBUG - 自動保存已禁用，跳過配置保存
2025-10-06 16:49:29,340 - VALO360 - DEBUG - 自動保存已禁用，跳過配置保存
2025-10-06 16:49:29,340 - VALO360 - DEBUG - 自動保存已禁用，跳過配置保存
2025-10-06 16:49:29,340 - VALO360 - DEBUG - 自動保存已禁用，跳過配置保存
2025-10-06 16:49:29,341 - VALO360 - DEBUG - 自動保存已禁用，跳過配置保存
2025-10-06 16:49:29,341 - VALO360 - DEBUG - 自動保存已禁用，跳過配置保存
2025-10-06 16:49:29,341 - VALO360 - DEBUG - 自動保存已禁用，跳過配置保存
2025-10-06 16:49:29,341 - VALO360 - DEBUG - 自動保存已禁用，跳過配置保存
2025-10-06 16:49:29,341 - VALO360 - DEBUG - 自動保存已禁用，跳過配置保存
2025-10-06 16:49:29,342 - VALO360 - DEBUG - 自動保存已禁用，跳過配置保存
2025-10-06 16:49:29,342 - VALO360 - DEBUG - 自動保存已禁用，跳過配置保存
2025-10-06 16:49:29,342 - VALO360 - DEBUG - 自動保存已禁用，跳過配置保存
2025-10-06 16:49:29,342 - VALO360 - DEBUG - 自動保存已禁用，跳過配置保存
2025-10-06 16:49:29,342 - VALO360 - DEBUG - 自動保存已禁用，跳過配置保存
2025-10-06 16:49:29,342 - VALO360 - DEBUG - 自動保存已禁用，跳過配置保存
2025-10-06 16:49:29,343 - VALO360 - DEBUG - 自動保存已禁用，跳過配置保存
2025-10-06 16:49:29,343 - VALO360 - DEBUG - 自動保存已禁用，跳過配置保存
2025-10-06 16:49:29,343 - VALO360 - DEBUG - 自動保存已禁用，跳過配置保存
2025-10-06 16:49:29,343 - VALO360 - DEBUG - 自動保存已禁用，跳過配置保存
2025-10-06 16:49:29,343 - VALO360 - DEBUG - 自動保存已禁用，跳過配置保存
2025-10-06 16:49:29,344 - VALO360 - DEBUG - 自動保存已禁用，跳過配置保存
2025-10-06 16:49:29,344 - VALO360 - DEBUG - 自動保存已禁用，跳過配置保存
2025-10-06 16:49:29,344 - VALO360 - DEBUG - 自動保存已禁用，跳過配置保存
2025-10-06 16:49:29,344 - VALO360 - DEBUG - 自動保存已禁用，跳過配置保存
2025-10-06 16:49:29,344 - VALO360 - DEBUG - 自動保存已禁用，跳過配置保存
2025-10-06 16:49:29,344 - VALO360 - DEBUG - 自動保存已禁用，跳過配置保存
2025-10-06 16:49:29,345 - VALO360 - DEBUG - 自動保存已禁用，跳過配置保存
2025-10-06 16:49:29,345 - VALO360 - DEBUG - 自動保存已禁用，跳過配置保存
2025-10-06 16:49:29,345 - VALO360 - DEBUG - 自動保存已禁用，跳過配置保存
2025-10-06 16:49:29,345 - VALO360 - DEBUG - 自動保存已禁用，跳過配置保存
2025-10-06 16:49:29,345 - VALO360 - DEBUG - 自動保存已禁用，跳過配置保存
2025-10-06 16:49:29,345 - VALO360 - DEBUG - 自動保存已禁用，跳過配置保存
2025-10-06 16:49:29,346 - VALO360 - DEBUG - 自動保存已禁用，跳過配置保存
2025-10-06 16:49:29,346 - VALO360 - DEBUG - 自動保存已禁用，跳過配置保存
2025-10-06 16:49:29,346 - VALO360 - DEBUG - 自動保存已禁用，跳過配置保存
2025-10-06 16:49:29,346 - VALO360 - DEBUG - 自動保存已禁用，跳過配置保存
2025-10-06 16:49:29,346 - VALO360 - DEBUG - 自動保存已禁用，跳過配置保存
2025-10-06 16:49:29,347 - VALO360 - DEBUG - 自動保存已禁用，跳過配置保存
2025-10-06 16:49:29,347 - VALO360 - DEBUG - 自動保存已禁用，跳過配置保存
2025-10-06 16:49:29,347 - VALO360 - DEBUG - 自動保存已禁用，跳過配置保存
2025-10-06 16:49:29,347 - VALO360 - DEBUG - 自動保存已禁用，跳過配置保存
2025-10-06 16:49:29,347 - VALO360 - DEBUG - 自動保存已禁用，跳過配置保存
2025-10-06 16:49:29,347 - VALO360 - DEBUG - 自動保存已禁用，跳過配置保存
2025-10-06 16:49:29,348 - VALO360 - DEBUG - 自動保存已禁用，跳過配置保存
2025-10-06 16:49:29,348 - VALO360 - DEBUG - 自動保存已禁用，跳過配置保存
2025-10-06 16:49:29,348 - VALO360 - DEBUG - 自動保存已禁用，跳過配置保存
2025-10-06 16:49:29,348 - VALO360 - DEBUG - 自動保存已禁用，跳過配置保存
2025-10-06 16:49:29,348 - VALO360 - DEBUG - 自動保存已禁用，跳過配置保存
2025-10-06 16:49:29,349 - VALO360 - DEBUG - 自動保存已禁用，跳過配置保存
2025-10-06 16:49:29,349 - VALO360 - DEBUG - 自動保存已禁用，跳過配置保存
2025-10-06 16:49:29,349 - VALO360 - DEBUG - 自動保存已禁用，跳過配置保存
2025-10-06 16:49:29,349 - VALO360 - DEBUG - 自動保存已禁用，跳過配置保存
2025-10-06 16:49:29,349 - VALO360 - DEBUG - 自動保存已禁用，跳過配置保存
2025-10-06 16:49:29,349 - VALO360 - DEBUG - 自動保存已禁用，跳過配置保存
2025-10-06 16:49:29,350 - VALO360 - DEBUG - 自動保存已禁用，跳過配置保存
2025-10-06 16:49:29,350 - VALO360 - DEBUG - 自動保存已禁用，跳過配置保存
2025-10-06 16:49:29,350 - VALO360 - DEBUG - 自動保存已禁用，跳過配置保存
2025-10-06 16:49:29,350 - VALO360 - DEBUG - 自動保存已禁用，跳過配置保存
2025-10-06 16:49:29,350 - VALO360 - DEBUG - 自動保存已禁用，跳過配置保存
2025-10-06 16:49:29,350 - VALO360 - DEBUG - 自動保存已禁用，跳過配置保存
2025-10-06 16:49:29,351 - VALO360 - DEBUG - 自動保存已禁用，跳過配置保存
2025-10-06 16:49:29,351 - VALO360 - DEBUG - 自動保存已禁用，跳過配置保存
2025-10-06 16:49:29,351 - VALO360 - DEBUG - 自動保存已禁用，跳過配置保存
2025-10-06 16:49:29,351 - VALO360 - DEBUG - 自動保存已禁用，跳過配置保存
2025-10-06 16:49:29,351 - VALO360 - DEBUG - 自動保存已禁用，跳過配置保存
2025-10-06 16:49:29,352 - VALO360 - DEBUG - 自動保存已禁用，跳過配置保存
2025-10-06 16:49:29,352 - VALO360 - DEBUG - 自動保存已禁用，跳過配置保存
2025-10-06 16:49:29,352 - VALO360 - DEBUG - 自動保存已禁用，跳過配置保存
2025-10-06 16:49:29,352 - VALO360 - DEBUG - 自動保存已禁用，跳過配置保存
2025-10-06 16:49:29,352 - VALO360 - DEBUG - 自動保存已禁用，跳過配置保存
2025-10-06 16:49:29,352 - VALO360 - DEBUG - 自動保存已禁用，跳過配置保存
2025-10-06 16:49:29,353 - VALO360 - DEBUG - 自動保存已禁用，跳過配置保存
2025-10-06 16:49:29,353 - VALO360 - DEBUG - 自動保存已禁用，跳過配置保存
2025-10-06 16:49:29,353 - VALO360 - DEBUG - 自動保存已禁用，跳過配置保存
2025-10-06 16:49:29,353 - VALO360 - DEBUG - 自動保存已禁用，跳過配置保存
2025-10-06 16:49:29,353 - VALO360 - DEBUG - 自動保存已禁用，跳過配置保存
2025-10-06 16:49:29,354 - VALO360 - DEBUG - 自動保存已禁用，跳過配置保存
2025-10-06 16:49:29,354 - VALO360 - DEBUG - 自動保存已禁用，跳過配置保存
2025-10-06 16:49:29,354 - VALO360 - DEBUG - 自動保存已禁用，跳過配置保存
2025-10-06 16:49:29,354 - VALO360 - DEBUG - 自動保存已禁用，跳過配置保存
2025-10-06 16:49:29,354 - VALO360 - DEBUG - 自動保存已禁用，跳過配置保存
2025-10-06 16:49:29,354 - VALO360 - DEBUG - 自動保存已禁用，跳過配置保存
2025-10-06 16:49:29,355 - VALO360 - DEBUG - 自動保存已禁用，跳過配置保存
2025-10-06 16:49:29,355 - VALO360 - DEBUG - 自動保存已禁用，跳過配置保存
2025-10-06 16:49:29,355 - VALO360 - DEBUG - 自動保存已禁用，跳過配置保存
2025-10-06 16:49:29,355 - VALO360 - DEBUG - 自動保存已禁用，跳過配置保存
2025-10-06 16:49:29,355 - VALO360 - DEBUG - 自動保存已禁用，跳過配置保存
2025-10-06 16:49:29,355 - VALO360 - DEBUG - 自動保存已禁用，跳過配置保存
2025-10-06 16:49:29,356 - VALO360 - DEBUG - 自動保存已禁用，跳過配置保存
2025-10-06 16:49:29,356 - VALO360 - DEBUG - 自動保存已禁用，跳過配置保存
2025-10-06 16:49:29,356 - VALO360 - DEBUG - 自動保存已禁用，跳過配置保存
2025-10-06 16:49:29,356 - VALO360 - DEBUG - 自動保存已禁用，跳過配置保存
2025-10-06 16:49:29,356 - VALO360 - DEBUG - 自動保存已禁用，跳過配置保存
2025-10-06 16:49:29,357 - VALO360 - DEBUG - 自動保存已禁用，跳過配置保存
2025-10-06 16:49:29,357 - VALO360 - DEBUG - 自動保存已禁用，跳過配置保存
2025-10-06 16:49:29,357 - VALO360 - DEBUG - 自動保存已禁用，跳過配置保存
2025-10-06 16:49:29,358 - VALO360 - DEBUG - 自動保存已禁用，跳過配置保存
2025-10-06 16:49:29,358 - VALO360 - DEBUG - 自動保存已禁用，跳過配置保存
2025-10-06 16:49:29,358 - VALO360 - DEBUG - 自動保存已禁用，跳過配置保存
2025-10-06 16:49:29,358 - VALO360 - DEBUG - 自動保存已禁用，跳過配置保存
2025-10-06 16:49:29,448 - VALO360 - DEBUG - 自動保存已禁用，跳過配置保存
2025-10-06 16:49:29,448 - VALO360 - DEBUG - 自動保存已禁用，跳過配置保存
2025-10-06 16:49:29,449 - VALO360 - DEBUG - 自動保存已禁用，跳過配置保存
2025-10-06 16:49:29,449 - VALO360 - DEBUG - 自動保存已禁用，跳過配置保存
2025-10-06 16:49:29,449 - VALO360 - DEBUG - 自動保存已禁用，跳過配置保存
2025-10-06 16:49:29,449 - VALO360 - DEBUG - 自動保存已禁用，跳過配置保存
2025-10-06 16:49:29,449 - VALO360 - DEBUG - 自動保存已禁用，跳過配置保存
2025-10-06 16:49:29,449 - VALO360 - DEBUG - 自動保存已禁用，跳過配置保存
2025-10-06 16:49:29,456 - VALO360 - DEBUG - 自動保存已禁用，跳過配置保存
2025-10-06 16:49:29,456 - VALO360 - DEBUG - 自動保存已禁用，跳過配置保存
2025-10-06 16:49:29,457 - VALO360 - DEBUG - 自動保存已禁用，跳過配置保存
2025-10-06 16:49:29,457 - VALO360 - DEBUG - 自動保存已禁用，跳過配置保存
2025-10-06 16:49:29,457 - VALO360 - DEBUG - 自動保存已禁用，跳過配置保存
2025-10-06 16:49:29,457 - VALO360 - DEBUG - 自動保存已禁用，跳過配置保存
2025-10-06 16:49:29,457 - VALO360 - DEBUG - 自動保存已禁用，跳過配置保存
2025-10-06 16:49:29,457 - VALO360 - DEBUG - 自動保存已禁用，跳過配置保存
2025-10-06 16:49:29,471 - VALO360 - DEBUG - 自動保存已禁用，跳過配置保存
2025-10-06 16:49:29,471 - VALO360 - DEBUG - 自動保存已禁用，跳過配置保存
2025-10-06 16:49:29,471 - VALO360 - DEBUG - 自動保存已禁用，跳過配置保存
2025-10-06 16:49:29,471 - VALO360 - DEBUG - 自動保存已禁用，跳過配置保存
2025-10-06 16:49:29,471 - VALO360 - DEBUG - 自動保存已禁用，跳過配置保存
2025-10-06 16:49:29,472 - VALO360 - DEBUG - 自動保存已禁用，跳過配置保存
2025-10-06 16:49:29,472 - VALO360 - DEBUG - 自動保存已禁用，跳過配置保存
2025-10-06 16:49:29,472 - VALO360 - DEBUG - 自動保存已禁用，跳過配置保存
2025-10-06 16:49:29,478 - VALO360 - DEBUG - 自動保存已禁用，跳過配置保存
2025-10-06 16:49:29,478 - VALO360 - DEBUG - 自動保存已禁用，跳過配置保存
2025-10-06 16:49:29,478 - VALO360 - DEBUG - 自動保存已禁用，跳過配置保存
2025-10-06 16:49:29,478 - VALO360 - DEBUG - 自動保存已禁用，跳過配置保存
2025-10-06 16:49:29,478 - VALO360 - DEBUG - 自動保存已禁用，跳過配置保存
2025-10-06 16:49:29,478 - VALO360 - DEBUG - 自動保存已禁用，跳過配置保存
2025-10-06 16:49:29,479 - VALO360 - DEBUG - 自動保存已禁用，跳過配置保存
2025-10-06 16:49:29,479 - VALO360 - DEBUG - 自動保存已禁用，跳過配置保存
2025-10-06 16:49:29,486 - VALO360 - DEBUG - 自動保存已禁用，跳過配置保存
2025-10-06 16:49:29,486 - VALO360 - DEBUG - 自動保存已禁用，跳過配置保存
2025-10-06 16:49:29,486 - VALO360 - DEBUG - 自動保存已禁用，跳過配置保存
2025-10-06 16:49:29,487 - VALO360 - DEBUG - 自動保存已禁用，跳過配置保存
2025-10-06 16:49:29,487 - VALO360 - DEBUG - 自動保存已禁用，跳過配置保存
2025-10-06 16:49:29,487 - VALO360 - DEBUG - 自動保存已禁用，跳過配置保存
2025-10-06 16:49:29,487 - VALO360 - DEBUG - 自動保存已禁用，跳過配置保存
2025-10-06 16:49:29,487 - VALO360 - DEBUG - 自動保存已禁用，跳過配置保存
2025-10-06 16:49:29,490 - VALO360 - DEBUG - 自動保存已禁用，跳過配置保存
2025-10-06 16:49:29,490 - VALO360 - DEBUG - 自動保存已禁用，跳過配置保存
2025-10-06 16:49:29,490 - VALO360 - DEBUG - 自動保存已禁用，跳過配置保存
2025-10-06 16:49:29,490 - VALO360 - DEBUG - 自動保存已禁用，跳過配置保存
2025-10-06 16:49:29,490 - VALO360 - DEBUG - 自動保存已禁用，跳過配置保存
2025-10-06 16:49:29,491 - VALO360 - DEBUG - 自動保存已禁用，跳過配置保存
2025-10-06 16:49:29,491 - VALO360 - DEBUG - 自動保存已禁用，跳過配置保存
2025-10-06 16:49:29,491 - VALO360 - DEBUG - 自動保存已禁用，跳過配置保存
2025-10-06 16:49:29,491 - VALO360 - DEBUG - 自動保存已禁用，跳過配置保存
2025-10-06 16:49:29,491 - VALO360 - DEBUG - 自動保存已禁用，跳過配置保存
2025-10-06 16:49:29,491 - VALO360 - DEBUG - 自動保存已禁用，跳過配置保存
2025-10-06 16:49:29,492 - VALO360 - DEBUG - 自動保存已禁用，跳過配置保存
2025-10-06 16:49:29,492 - VALO360 - DEBUG - 自動保存已禁用，跳過配置保存
2025-10-06 16:49:29,492 - VALO360 - DEBUG - 自動保存已禁用，跳過配置保存
2025-10-06 16:49:29,492 - VALO360 - DEBUG - 自動保存已禁用，跳過配置保存
2025-10-06 16:49:29,492 - VALO360 - DEBUG - 自動保存已禁用，跳過配置保存
2025-10-06 16:49:29,495 - VALO360 - DEBUG - 自動保存已禁用，跳過配置保存
2025-10-06 16:49:29,495 - VALO360 - DEBUG - 自動保存已禁用，跳過配置保存
2025-10-06 16:49:29,495 - VALO360 - DEBUG - 自動保存已禁用，跳過配置保存
2025-10-06 16:49:29,496 - VALO360 - DEBUG - 自動保存已禁用，跳過配置保存
2025-10-06 16:49:29,496 - VALO360 - DEBUG - 自動保存已禁用，跳過配置保存
2025-10-06 16:49:29,496 - VALO360 - DEBUG - 自動保存已禁用，跳過配置保存
2025-10-06 16:49:29,496 - VALO360 - DEBUG - 自動保存已禁用，跳過配置保存
2025-10-06 16:49:29,496 - VALO360 - DEBUG - 自動保存已禁用，跳過配置保存
2025-10-06 16:49:29,499 - VALO360 - DEBUG - 自動保存已禁用，跳過配置保存
2025-10-06 16:49:29,499 - VALO360 - DEBUG - 自動保存已禁用，跳過配置保存
2025-10-06 16:49:29,499 - VALO360 - DEBUG - 自動保存已禁用，跳過配置保存
2025-10-06 16:49:29,499 - VALO360 - DEBUG - 自動保存已禁用，跳過配置保存
2025-10-06 16:49:29,499 - VALO360 - DEBUG - 自動保存已禁用，跳過配置保存
2025-10-06 16:49:29,499 - VALO360 - DEBUG - 自動保存已禁用，跳過配置保存
2025-10-06 16:49:29,500 - VALO360 - DEBUG - 自動保存已禁用，跳過配置保存
2025-10-06 16:49:29,500 - VALO360 - DEBUG - 自動保存已禁用，跳過配置保存
2025-10-06 16:49:29,510 - VALO360 - DEBUG - 自動保存已禁用，跳過配置保存
2025-10-06 16:49:29,511 - VALO360 - DEBUG - 自動保存已禁用，跳過配置保存
2025-10-06 16:49:29,511 - VALO360 - DEBUG - 自動保存已禁用，跳過配置保存
2025-10-06 16:49:29,511 - VALO360 - DEBUG - 自動保存已禁用，跳過配置保存
2025-10-06 16:49:29,511 - VALO360 - DEBUG - 自動保存已禁用，跳過配置保存
2025-10-06 16:49:29,511 - VALO360 - DEBUG - 自動保存已禁用，跳過配置保存
2025-10-06 16:49:29,511 - VALO360 - DEBUG - 自動保存已禁用，跳過配置保存
2025-10-06 16:49:29,512 - VALO360 - DEBUG - 自動保存已禁用，跳過配置保存
2025-10-06 16:49:29,512 - VALO360 - DEBUG - 自動保存已禁用，跳過配置保存
2025-10-06 16:49:29,512 - VALO360 - DEBUG - 自動保存已禁用，跳過配置保存
2025-10-06 16:49:29,512 - VALO360 - DEBUG - 自動保存已禁用，跳過配置保存
2025-10-06 16:49:29,512 - VALO360 - DEBUG - 自動保存已禁用，跳過配置保存
2025-10-06 16:49:29,512 - VALO360 - DEBUG - 自動保存已禁用，跳過配置保存
2025-10-06 16:49:29,513 - VALO360 - DEBUG - 自動保存已禁用，跳過配置保存
2025-10-06 16:49:29,513 - VALO360 - DEBUG - 自動保存已禁用，跳過配置保存
2025-10-06 16:49:29,513 - VALO360 - DEBUG - 自動保存已禁用，跳過配置保存
2025-10-06 16:49:29,518 - VALO360 - DEBUG - 自動保存已禁用，跳過配置保存
2025-10-06 16:49:29,518 - VALO360 - DEBUG - 自動保存已禁用，跳過配置保存
2025-10-06 16:49:29,518 - VALO360 - DEBUG - 自動保存已禁用，跳過配置保存
2025-10-06 16:49:29,518 - VALO360 - DEBUG - 自動保存已禁用，跳過配置保存
2025-10-06 16:49:29,518 - VALO360 - DEBUG - 自動保存已禁用，跳過配置保存
2025-10-06 16:49:29,518 - VALO360 - DEBUG - 自動保存已禁用，跳過配置保存
2025-10-06 16:49:29,519 - VALO360 - DEBUG - 自動保存已禁用，跳過配置保存
2025-10-06 16:49:29,519 - VALO360 - DEBUG - 自動保存已禁用，跳過配置保存
2025-10-06 16:49:29,525 - VALO360 - DEBUG - 自動保存已禁用，跳過配置保存
2025-10-06 16:49:29,525 - VALO360 - DEBUG - 自動保存已禁用，跳過配置保存
2025-10-06 16:49:29,525 - VALO360 - DEBUG - 自動保存已禁用，跳過配置保存
2025-10-06 16:49:29,526 - VALO360 - DEBUG - 自動保存已禁用，跳過配置保存
2025-10-06 16:49:29,526 - VALO360 - DEBUG - 自動保存已禁用，跳過配置保存
2025-10-06 16:49:29,526 - VALO360 - DEBUG - 自動保存已禁用，跳過配置保存
2025-10-06 16:49:29,526 - VALO360 - DEBUG - 自動保存已禁用，跳過配置保存
2025-10-06 16:49:29,526 - VALO360 - DEBUG - 自動保存已禁用，跳過配置保存
2025-10-06 16:49:29,529 - VALO360 - DEBUG - 自動保存已禁用，跳過配置保存
2025-10-06 16:49:29,529 - VALO360 - DEBUG - 自動保存已禁用，跳過配置保存
2025-10-06 16:49:29,529 - VALO360 - DEBUG - 自動保存已禁用，跳過配置保存
2025-10-06 16:49:29,529 - VALO360 - DEBUG - 自動保存已禁用，跳過配置保存
2025-10-06 16:49:29,530 - VALO360 - DEBUG - 自動保存已禁用，跳過配置保存
2025-10-06 16:49:29,530 - VALO360 - DEBUG - 自動保存已禁用，跳過配置保存
2025-10-06 16:49:29,530 - VALO360 - DEBUG - 自動保存已禁用，跳過配置保存
2025-10-06 16:49:29,530 - VALO360 - DEBUG - 自動保存已禁用，跳過配置保存
2025-10-06 16:49:29,531 - VALO360 - DEBUG - 自動保存已禁用，跳過配置保存
2025-10-06 16:49:29,531 - VALO360 - DEBUG - 自動保存已禁用，跳過配置保存
2025-10-06 16:49:29,531 - VALO360 - DEBUG - 自動保存已禁用，跳過配置保存
2025-10-06 16:49:29,531 - VALO360 - DEBUG - 自動保存已禁用，跳過配置保存
2025-10-06 16:49:29,531 - VALO360 - DEBUG - 自動保存已禁用，跳過配置保存
2025-10-06 16:49:29,531 - VALO360 - DEBUG - 自動保存已禁用，跳過配置保存
2025-10-06 16:49:29,531 - VALO360 - DEBUG - 自動保存已禁用，跳過配置保存
2025-10-06 16:49:29,532 - VALO360 - DEBUG - 自動保存已禁用，跳過配置保存
2025-10-06 16:49:29,543 - VALO360 - DEBUG - 自動保存已禁用，跳過配置保存
2025-10-06 16:49:29,543 - VALO360 - DEBUG - 自動保存已禁用，跳過配置保存
2025-10-06 16:49:29,543 - VALO360 - DEBUG - 自動保存已禁用，跳過配置保存
2025-10-06 16:49:29,543 - VALO360 - DEBUG - 自動保存已禁用，跳過配置保存
2025-10-06 16:49:29,543 - VALO360 - DEBUG - 自動保存已禁用，跳過配置保存
2025-10-06 16:49:29,543 - VALO360 - DEBUG - 自動保存已禁用，跳過配置保存
2025-10-06 16:49:29,544 - VALO360 - DEBUG - 自動保存已禁用，跳過配置保存
2025-10-06 16:49:29,544 - VALO360 - DEBUG - 自動保存已禁用，跳過配置保存
2025-10-06 16:49:29,551 - VALO360 - DEBUG - 自動保存已禁用，跳過配置保存
2025-10-06 16:49:29,551 - VALO360 - DEBUG - 自動保存已禁用，跳過配置保存
2025-10-06 16:49:29,551 - VALO360 - DEBUG - 自動保存已禁用，跳過配置保存
2025-10-06 16:49:29,551 - VALO360 - DEBUG - 自動保存已禁用，跳過配置保存
2025-10-06 16:49:29,551 - VALO360 - DEBUG - 自動保存已禁用，跳過配置保存
2025-10-06 16:49:29,552 - VALO360 - DEBUG - 自動保存已禁用，跳過配置保存
2025-10-06 16:49:29,552 - VALO360 - DEBUG - 自動保存已禁用，跳過配置保存
2025-10-06 16:49:29,552 - VALO360 - DEBUG - 自動保存已禁用，跳過配置保存
2025-10-06 16:49:29,552 - VALO360 - DEBUG - 自動保存已禁用，跳過配置保存
2025-10-06 16:49:29,552 - VALO360 - DEBUG - 自動保存已禁用，跳過配置保存
2025-10-06 16:49:29,552 - VALO360 - DEBUG - 自動保存已禁用，跳過配置保存
2025-10-06 16:49:29,553 - VALO360 - DEBUG - 自動保存已禁用，跳過配置保存
2025-10-06 16:49:29,553 - VALO360 - DEBUG - 自動保存已禁用，跳過配置保存
2025-10-06 16:49:29,553 - VALO360 - DEBUG - 自動保存已禁用，跳過配置保存
2025-10-06 16:49:29,553 - VALO360 - DEBUG - 自動保存已禁用，跳過配置保存
2025-10-06 16:49:29,553 - VALO360 - DEBUG - 自動保存已禁用，跳過配置保存
2025-10-06 16:49:29,554 - VALO360 - DEBUG - 自動保存已禁用，跳過配置保存
2025-10-06 16:49:29,554 - VALO360 - DEBUG - 自動保存已禁用，跳過配置保存
2025-10-06 16:49:29,554 - VALO360 - DEBUG - 自動保存已禁用，跳過配置保存
2025-10-06 16:49:29,554 - VALO360 - DEBUG - 自動保存已禁用，跳過配置保存
2025-10-06 16:49:29,554 - VALO360 - DEBUG - 自動保存已禁用，跳過配置保存
2025-10-06 16:49:29,554 - VALO360 - DEBUG - 自動保存已禁用，跳過配置保存
2025-10-06 16:49:29,555 - VALO360 - DEBUG - 自動保存已禁用，跳過配置保存
2025-10-06 16:49:29,555 - VALO360 - DEBUG - 自動保存已禁用，跳過配置保存
2025-10-06 16:49:29,571 - VALO360 - DEBUG - 自動保存已禁用，跳過配置保存
2025-10-06 16:49:29,571 - VALO360 - DEBUG - 自動保存已禁用，跳過配置保存
2025-10-06 16:49:29,572 - VALO360 - DEBUG - 自動保存已禁用，跳過配置保存
2025-10-06 16:49:29,572 - VALO360 - DEBUG - 自動保存已禁用，跳過配置保存
2025-10-06 16:49:29,572 - VALO360 - DEBUG - 自動保存已禁用，跳過配置保存
2025-10-06 16:49:29,572 - VALO360 - DEBUG - 自動保存已禁用，跳過配置保存
2025-10-06 16:49:29,572 - VALO360 - DEBUG - 自動保存已禁用，跳過配置保存
2025-10-06 16:49:29,572 - VALO360 - DEBUG - 自動保存已禁用，跳過配置保存
2025-10-06 16:49:29,578 - VALO360 - DEBUG - 自動保存已禁用，跳過配置保存
2025-10-06 16:49:29,578 - VALO360 - DEBUG - 自動保存已禁用，跳過配置保存
2025-10-06 16:49:29,579 - VALO360 - DEBUG - 自動保存已禁用，跳過配置保存
2025-10-06 16:49:29,579 - VALO360 - DEBUG - 自動保存已禁用，跳過配置保存
2025-10-06 16:49:29,579 - VALO360 - DEBUG - 自動保存已禁用，跳過配置保存
2025-10-06 16:49:29,579 - VALO360 - DEBUG - 自動保存已禁用，跳過配置保存
2025-10-06 16:49:29,579 - VALO360 - DEBUG - 自動保存已禁用，跳過配置保存
2025-10-06 16:49:29,579 - VALO360 - DEBUG - 自動保存已禁用，跳過配置保存
2025-10-06 16:49:29,588 - VALO360 - DEBUG - 自動保存已禁用，跳過配置保存
2025-10-06 16:49:29,588 - VALO360 - DEBUG - 自動保存已禁用，跳過配置保存
2025-10-06 16:49:29,588 - VALO360 - DEBUG - 自動保存已禁用，跳過配置保存
2025-10-06 16:49:29,588 - VALO360 - DEBUG - 自動保存已禁用，跳過配置保存
2025-10-06 16:49:29,588 - VALO360 - DEBUG - 自動保存已禁用，跳過配置保存
2025-10-06 16:49:29,588 - VALO360 - DEBUG - 自動保存已禁用，跳過配置保存
2025-10-06 16:49:29,589 - VALO360 - DEBUG - 自動保存已禁用，跳過配置保存
2025-10-06 16:49:29,589 - VALO360 - DEBUG - 自動保存已禁用，跳過配置保存
2025-10-06 16:49:29,637 - VALO360 - DEBUG - 自動保存已禁用，跳過配置保存
2025-10-06 16:49:29,637 - VALO360 - DEBUG - 自動保存已禁用，跳過配置保存
2025-10-06 16:49:29,637 - VALO360 - DEBUG - 自動保存已禁用，跳過配置保存
2025-10-06 16:49:29,637 - VALO360 - DEBUG - 自動保存已禁用，跳過配置保存
2025-10-06 16:49:29,637 - VALO360 - DEBUG - 自動保存已禁用，跳過配置保存
2025-10-06 16:49:29,637 - VALO360 - DEBUG - 自動保存已禁用，跳過配置保存
2025-10-06 16:49:29,638 - VALO360 - DEBUG - 自動保存已禁用，跳過配置保存
2025-10-06 16:49:29,638 - VALO360 - DEBUG - 自動保存已禁用，跳過配置保存
2025-10-06 16:49:29,679 - VALO360 - DEBUG - 自動保存已禁用，跳過配置保存
2025-10-06 16:49:29,680 - VALO360 - DEBUG - 自動保存已禁用，跳過配置保存
2025-10-06 16:49:29,680 - VALO360 - DEBUG - 自動保存已禁用，跳過配置保存
2025-10-06 16:49:29,680 - VALO360 - DEBUG - 自動保存已禁用，跳過配置保存
2025-10-06 16:49:29,680 - VALO360 - DEBUG - 自動保存已禁用，跳過配置保存
2025-10-06 16:49:29,681 - VALO360 - DEBUG - 自動保存已禁用，跳過配置保存
2025-10-06 16:49:29,681 - VALO360 - DEBUG - 自動保存已禁用，跳過配置保存
2025-10-06 16:49:29,681 - VALO360 - DEBUG - 自動保存已禁用，跳過配置保存
2025-10-06 16:49:29,681 - VALO360 - DEBUG - 自動保存已禁用，跳過配置保存
2025-10-06 16:49:29,681 - VALO360 - DEBUG - 自動保存已禁用，跳過配置保存
2025-10-06 16:49:29,681 - VALO360 - DEBUG - 自動保存已禁用，跳過配置保存
2025-10-06 16:49:29,682 - VALO360 - DEBUG - 自動保存已禁用，跳過配置保存
2025-10-06 16:49:29,682 - VALO360 - DEBUG - 自動保存已禁用，跳過配置保存
2025-10-06 16:49:29,682 - VALO360 - DEBUG - 自動保存已禁用，跳過配置保存
2025-10-06 16:49:29,682 - VALO360 - DEBUG - 自動保存已禁用，跳過配置保存
2025-10-06 16:49:29,683 - VALO360 - DEBUG - 自動保存已禁用，跳過配置保存
2025-10-06 16:49:29,683 - VALO360 - DEBUG - 自動保存已禁用，跳過配置保存
2025-10-06 16:49:29,683 - VALO360 - DEBUG - 自動保存已禁用，跳過配置保存
2025-10-06 16:49:29,683 - VALO360 - DEBUG - 自動保存已禁用，跳過配置保存
2025-10-06 16:49:29,683 - VALO360 - DEBUG - 自動保存已禁用，跳過配置保存
2025-10-06 16:49:29,684 - VALO360 - DEBUG - 自動保存已禁用，跳過配置保存
2025-10-06 16:49:29,684 - VALO360 - DEBUG - 自動保存已禁用，跳過配置保存
2025-10-06 16:49:29,684 - VALO360 - DEBUG - 自動保存已禁用，跳過配置保存
2025-10-06 16:49:29,684 - VALO360 - DEBUG - 自動保存已禁用，跳過配置保存
2025-10-06 16:49:29,685 - VALO360 - DEBUG - 自動保存已禁用，跳過配置保存
2025-10-06 16:49:29,685 - VALO360 - DEBUG - 自動保存已禁用，跳過配置保存
2025-10-06 16:49:29,685 - VALO360 - DEBUG - 自動保存已禁用，跳過配置保存
2025-10-06 16:49:29,685 - VALO360 - DEBUG - 自動保存已禁用，跳過配置保存
2025-10-06 16:49:29,686 - VALO360 - DEBUG - 自動保存已禁用，跳過配置保存
2025-10-06 16:49:29,686 - VALO360 - DEBUG - 自動保存已禁用，跳過配置保存
2025-10-06 16:49:29,686 - VALO360 - DEBUG - 自動保存已禁用，跳過配置保存
2025-10-06 16:49:29,686 - VALO360 - DEBUG - 自動保存已禁用，跳過配置保存
2025-10-06 16:49:29,687 - VALO360 - DEBUG - 自動保存已禁用，跳過配置保存
2025-10-06 16:49:29,687 - VALO360 - DEBUG - 自動保存已禁用，跳過配置保存
2025-10-06 16:49:29,687 - VALO360 - DEBUG - 自動保存已禁用，跳過配置保存
2025-10-06 16:49:29,687 - VALO360 - DEBUG - 自動保存已禁用，跳過配置保存
2025-10-06 16:49:29,688 - VALO360 - DEBUG - 自動保存已禁用，跳過配置保存
2025-10-06 16:49:29,688 - VALO360 - DEBUG - 自動保存已禁用，跳過配置保存
2025-10-06 16:49:29,688 - VALO360 - DEBUG - 自動保存已禁用，跳過配置保存
2025-10-06 16:49:29,688 - VALO360 - DEBUG - 自動保存已禁用，跳過配置保存
2025-10-06 16:49:29,689 - VALO360 - DEBUG - 自動保存已禁用，跳過配置保存
2025-10-06 16:49:29,689 - VALO360 - DEBUG - 自動保存已禁用，跳過配置保存
2025-10-06 16:49:29,689 - VALO360 - DEBUG - 自動保存已禁用，跳過配置保存
2025-10-06 16:49:29,689 - VALO360 - DEBUG - 自動保存已禁用，跳過配置保存
2025-10-06 16:49:29,689 - VALO360 - DEBUG - 自動保存已禁用，跳過配置保存
2025-10-06 16:49:29,690 - VALO360 - DEBUG - 自動保存已禁用，跳過配置保存
2025-10-06 16:49:29,690 - VALO360 - DEBUG - 自動保存已禁用，跳過配置保存
2025-10-06 16:49:29,690 - VALO360 - DEBUG - 自動保存已禁用，跳過配置保存
2025-10-06 16:49:29,690 - VALO360 - DEBUG - 自動保存已禁用，跳過配置保存
2025-10-06 16:49:29,690 - VALO360 - DEBUG - 自動保存已禁用，跳過配置保存
2025-10-06 16:49:29,691 - VALO360 - DEBUG - 自動保存已禁用，跳過配置保存
2025-10-06 16:49:29,691 - VALO360 - DEBUG - 自動保存已禁用，跳過配置保存
2025-10-06 16:49:29,691 - VALO360 - DEBUG - 自動保存已禁用，跳過配置保存
2025-10-06 16:49:29,691 - VALO360 - DEBUG - 自動保存已禁用，跳過配置保存
2025-10-06 16:49:29,691 - VALO360 - DEBUG - 自動保存已禁用，跳過配置保存
2025-10-06 16:49:29,692 - VALO360 - DEBUG - 自動保存已禁用，跳過配置保存
2025-10-06 16:49:29,692 - VALO360 - DEBUG - 自動保存已禁用，跳過配置保存
2025-10-06 16:49:29,692 - VALO360 - DEBUG - 自動保存已禁用，跳過配置保存
2025-10-06 16:49:29,692 - VALO360 - DEBUG - 自動保存已禁用，跳過配置保存
2025-10-06 16:49:29,693 - VALO360 - DEBUG - 自動保存已禁用，跳過配置保存
2025-10-06 16:49:29,693 - VALO360 - DEBUG - 自動保存已禁用，跳過配置保存
2025-10-06 16:49:29,693 - VALO360 - DEBUG - 自動保存已禁用，跳過配置保存
2025-10-06 16:49:29,693 - VALO360 - DEBUG - 自動保存已禁用，跳過配置保存
2025-10-06 16:49:29,693 - VALO360 - DEBUG - 自動保存已禁用，跳過配置保存
2025-10-06 16:49:29,727 - VALO360 - DEBUG - 自動保存已禁用，跳過配置保存
2025-10-06 16:49:29,727 - VALO360 - DEBUG - 自動保存已禁用，跳過配置保存
2025-10-06 16:49:29,727 - VALO360 - DEBUG - 自動保存已禁用，跳過配置保存
2025-10-06 16:49:29,727 - VALO360 - DEBUG - 自動保存已禁用，跳過配置保存
2025-10-06 16:49:29,728 - VALO360 - DEBUG - 自動保存已禁用，跳過配置保存
2025-10-06 16:49:29,728 - VALO360 - DEBUG - 自動保存已禁用，跳過配置保存
2025-10-06 16:49:29,728 - VALO360 - DEBUG - 自動保存已禁用，跳過配置保存
2025-10-06 16:49:29,728 - VALO360 - DEBUG - 自動保存已禁用，跳過配置保存
2025-10-06 16:49:29,730 - VALO360 - DEBUG - 自動保存已禁用，跳過配置保存
2025-10-06 16:49:29,730 - VALO360 - DEBUG - 自動保存已禁用，跳過配置保存
2025-10-06 16:49:29,731 - VALO360 - DEBUG - 自動保存已禁用，跳過配置保存
2025-10-06 16:49:29,731 - VALO360 - DEBUG - 自動保存已禁用，跳過配置保存
2025-10-06 16:49:29,731 - VALO360 - DEBUG - 自動保存已禁用，跳過配置保存
2025-10-06 16:49:29,732 - VALO360 - DEBUG - 自動保存已禁用，跳過配置保存
2025-10-06 16:49:29,732 - VALO360 - DEBUG - 自動保存已禁用，跳過配置保存
2025-10-06 16:49:29,732 - VALO360 - DEBUG - 自動保存已禁用，跳過配置保存
2025-10-06 16:49:29,732 - VALO360 - DEBUG - 自動保存已禁用，跳過配置保存
2025-10-06 16:49:29,733 - VALO360 - DEBUG - 自動保存已禁用，跳過配置保存
2025-10-06 16:49:29,733 - VALO360 - DEBUG - 自動保存已禁用，跳過配置保存
2025-10-06 16:49:29,733 - VALO360 - DEBUG - 自動保存已禁用，跳過配置保存
2025-10-06 16:49:29,734 - VALO360 - DEBUG - 自動保存已禁用，跳過配置保存
2025-10-06 16:49:29,734 - VALO360 - DEBUG - 自動保存已禁用，跳過配置保存
2025-10-06 16:49:29,734 - VALO360 - DEBUG - 自動保存已禁用，跳過配置保存
2025-10-06 16:49:29,734 - VALO360 - DEBUG - 自動保存已禁用，跳過配置保存
2025-10-06 16:49:29,735 - VALO360 - DEBUG - 自動保存已禁用，跳過配置保存
2025-10-06 16:49:29,735 - VALO360 - DEBUG - 自動保存已禁用，跳過配置保存
2025-10-06 16:49:29,735 - VALO360 - DEBUG - 自動保存已禁用，跳過配置保存
2025-10-06 16:49:29,735 - VALO360 - DEBUG - 自動保存已禁用，跳過配置保存
2025-10-06 16:49:29,736 - VALO360 - DEBUG - 自動保存已禁用，跳過配置保存
2025-10-06 16:49:29,736 - VALO360 - DEBUG - 自動保存已禁用，跳過配置保存
2025-10-06 16:49:29,736 - VALO360 - DEBUG - 自動保存已禁用，跳過配置保存
2025-10-06 16:49:29,736 - VALO360 - DEBUG - 自動保存已禁用，跳過配置保存
2025-10-06 16:49:29,737 - VALO360 - DEBUG - 自動保存已禁用，跳過配置保存
2025-10-06 16:49:29,737 - VALO360 - DEBUG - 自動保存已禁用，跳過配置保存
2025-10-06 16:49:29,737 - VALO360 - DEBUG - 自動保存已禁用，跳過配置保存
2025-10-06 16:49:29,737 - VALO360 - DEBUG - 自動保存已禁用，跳過配置保存
2025-10-06 16:49:29,738 - VALO360 - DEBUG - 自動保存已禁用，跳過配置保存
2025-10-06 16:49:29,738 - VALO360 - DEBUG - 自動保存已禁用，跳過配置保存
2025-10-06 16:49:29,738 - VALO360 - DEBUG - 自動保存已禁用，跳過配置保存
2025-10-06 16:49:29,738 - VALO360 - DEBUG - 自動保存已禁用，跳過配置保存
2025-10-06 16:49:29,738 - VALO360 - DEBUG - 自動保存已禁用，跳過配置保存
2025-10-06 16:49:29,739 - VALO360 - DEBUG - 自動保存已禁用，跳過配置保存
2025-10-06 16:49:29,739 - VALO360 - DEBUG - 自動保存已禁用，跳過配置保存
2025-10-06 16:49:29,739 - VALO360 - DEBUG - 自動保存已禁用，跳過配置保存
2025-10-06 16:49:29,739 - VALO360 - DEBUG - 自動保存已禁用，跳過配置保存
2025-10-06 16:49:29,739 - VALO360 - DEBUG - 自動保存已禁用，跳過配置保存
2025-10-06 16:49:29,740 - VALO360 - DEBUG - 自動保存已禁用，跳過配置保存
2025-10-06 16:49:29,740 - VALO360 - DEBUG - 自動保存已禁用，跳過配置保存
2025-10-06 16:49:29,740 - VALO360 - DEBUG - 自動保存已禁用，跳過配置保存
2025-10-06 16:49:29,740 - VALO360 - DEBUG - 自動保存已禁用，跳過配置保存
2025-10-06 16:49:29,740 - VALO360 - DEBUG - 自動保存已禁用，跳過配置保存
2025-10-06 16:49:29,741 - VALO360 - DEBUG - 自動保存已禁用，跳過配置保存
2025-10-06 16:49:29,741 - VALO360 - DEBUG - 自動保存已禁用，跳過配置保存
2025-10-06 16:49:29,741 - VALO360 - DEBUG - 自動保存已禁用，跳過配置保存
2025-10-06 16:49:29,742 - VALO360 - DEBUG - 自動保存已禁用，跳過配置保存
2025-10-06 16:49:29,742 - VALO360 - DEBUG - 自動保存已禁用，跳過配置保存
2025-10-06 16:49:29,743 - VALO360 - DEBUG - 自動保存已禁用，跳過配置保存
2025-10-06 16:49:29,743 - VALO360 - DEBUG - 自動保存已禁用，跳過配置保存
2025-10-06 16:49:29,743 - VALO360 - DEBUG - 自動保存已禁用，跳過配置保存
2025-10-06 16:49:29,744 - VALO360 - DEBUG - 自動保存已禁用，跳過配置保存
2025-10-06 16:49:29,745 - VALO360 - DEBUG - 自動保存已禁用，跳過配置保存
2025-10-06 16:49:29,745 - VALO360 - DEBUG - 自動保存已禁用，跳過配置保存
2025-10-06 16:49:29,745 - VALO360 - DEBUG - 自動保存已禁用，跳過配置保存
2025-10-06 16:49:29,745 - VALO360 - DEBUG - 自動保存已禁用，跳過配置保存
2025-10-06 16:49:29,746 - VALO360 - DEBUG - 自動保存已禁用，跳過配置保存
2025-10-06 16:49:29,746 - VALO360 - DEBUG - 自動保存已禁用，跳過配置保存
2025-10-06 16:49:29,746 - VALO360 - DEBUG - 自動保存已禁用，跳過配置保存
2025-10-06 16:49:29,746 - VALO360 - DEBUG - 自動保存已禁用，跳過配置保存
2025-10-06 16:49:29,747 - VALO360 - DEBUG - 自動保存已禁用，跳過配置保存
2025-10-06 16:49:29,747 - VALO360 - DEBUG - 自動保存已禁用，跳過配置保存
2025-10-06 16:49:29,747 - VALO360 - DEBUG - 自動保存已禁用，跳過配置保存
2025-10-06 16:49:29,747 - VALO360 - DEBUG - 自動保存已禁用，跳過配置保存
2025-10-06 16:49:29,748 - VALO360 - DEBUG - 自動保存已禁用，跳過配置保存
2025-10-06 16:49:29,748 - VALO360 - DEBUG - 自動保存已禁用，跳過配置保存
2025-10-06 16:49:29,748 - VALO360 - DEBUG - 自動保存已禁用，跳過配置保存
2025-10-06 16:49:29,748 - VALO360 - DEBUG - 自動保存已禁用，跳過配置保存
2025-10-06 16:49:29,749 - VALO360 - DEBUG - 自動保存已禁用，跳過配置保存
2025-10-06 16:49:29,749 - VALO360 - DEBUG - 自動保存已禁用，跳過配置保存
2025-10-06 16:49:29,749 - VALO360 - DEBUG - 自動保存已禁用，跳過配置保存
2025-10-06 16:49:29,749 - VALO360 - DEBUG - 自動保存已禁用，跳過配置保存
2025-10-06 16:49:29,750 - VALO360 - DEBUG - 自動保存已禁用，跳過配置保存
2025-10-06 16:49:29,750 - VALO360 - DEBUG - 自動保存已禁用，跳過配置保存
2025-10-06 16:49:29,750 - VALO360 - DEBUG - 自動保存已禁用，跳過配置保存
2025-10-06 16:49:29,750 - VALO360 - DEBUG - 自動保存已禁用，跳過配置保存
2025-10-06 16:49:29,750 - VALO360 - DEBUG - 自動保存已禁用，跳過配置保存
2025-10-06 16:49:29,751 - VALO360 - DEBUG - 自動保存已禁用，跳過配置保存
2025-10-06 16:49:29,751 - VALO360 - DEBUG - 自動保存已禁用，跳過配置保存
2025-10-06 16:49:29,751 - VALO360 - DEBUG - 自動保存已禁用，跳過配置保存
2025-10-06 16:49:29,751 - VALO360 - DEBUG - 自動保存已禁用，跳過配置保存
2025-10-06 16:49:29,752 - VALO360 - DEBUG - 自動保存已禁用，跳過配置保存
2025-10-06 16:49:29,752 - VALO360 - DEBUG - 自動保存已禁用，跳過配置保存
2025-10-06 16:49:29,752 - VALO360 - DEBUG - 自動保存已禁用，跳過配置保存
2025-10-06 16:49:29,752 - VALO360 - DEBUG - 自動保存已禁用，跳過配置保存
2025-10-06 16:49:29,752 - VALO360 - DEBUG - 自動保存已禁用，跳過配置保存
2025-10-06 16:49:29,752 - VALO360 - DEBUG - 自動保存已禁用，跳過配置保存
2025-10-06 16:49:29,753 - VALO360 - DEBUG - 自動保存已禁用，跳過配置保存
2025-10-06 16:49:29,753 - VALO360 - DEBUG - 自動保存已禁用，跳過配置保存
2025-10-06 16:49:29,753 - VALO360 - DEBUG - 自動保存已禁用，跳過配置保存
2025-10-06 16:49:29,753 - VALO360 - DEBUG - 自動保存已禁用，跳過配置保存
2025-10-06 16:49:29,753 - VALO360 - DEBUG - 自動保存已禁用，跳過配置保存
2025-10-06 16:49:29,754 - VALO360 - DEBUG - 自動保存已禁用，跳過配置保存
2025-10-06 16:49:29,754 - VALO360 - DEBUG - 自動保存已禁用，跳過配置保存
2025-10-06 16:49:29,754 - VALO360 - DEBUG - 自動保存已禁用，跳過配置保存
2025-10-06 16:49:29,754 - VALO360 - DEBUG - 自動保存已禁用，跳過配置保存
2025-10-06 16:49:29,754 - VALO360 - DEBUG - 自動保存已禁用，跳過配置保存
2025-10-06 16:49:29,754 - VALO360 - DEBUG - 自動保存已禁用，跳過配置保存
2025-10-06 16:49:29,755 - VALO360 - DEBUG - 自動保存已禁用，跳過配置保存
2025-10-06 16:49:29,755 - VALO360 - DEBUG - 自動保存已禁用，跳過配置保存
2025-10-06 16:49:29,755 - VALO360 - DEBUG - 自動保存已禁用，跳過配置保存
2025-10-06 16:49:29,755 - VALO360 - DEBUG - 自動保存已禁用，跳過配置保存
2025-10-06 16:49:29,755 - VALO360 - DEBUG - 自動保存已禁用，跳過配置保存
2025-10-06 16:49:29,756 - VALO360 - DEBUG - 自動保存已禁用，跳過配置保存
2025-10-06 16:49:29,756 - VALO360 - DEBUG - 自動保存已禁用，跳過配置保存
2025-10-06 16:49:29,756 - VALO360 - DEBUG - 自動保存已禁用，跳過配置保存
2025-10-06 16:49:29,756 - VALO360 - DEBUG - 自動保存已禁用，跳過配置保存
2025-10-06 16:49:29,756 - VALO360 - DEBUG - 自動保存已禁用，跳過配置保存
2025-10-06 16:49:29,757 - VALO360 - DEBUG - 自動保存已禁用，跳過配置保存
2025-10-06 16:49:29,757 - VALO360 - DEBUG - 自動保存已禁用，跳過配置保存
2025-10-06 16:49:29,757 - VALO360 - DEBUG - 自動保存已禁用，跳過配置保存
2025-10-06 16:49:29,757 - VALO360 - DEBUG - 自動保存已禁用，跳過配置保存
2025-10-06 16:49:29,757 - VALO360 - DEBUG - 自動保存已禁用，跳過配置保存
2025-10-06 16:49:29,757 - VALO360 - DEBUG - 自動保存已禁用，跳過配置保存
2025-10-06 16:49:29,758 - VALO360 - DEBUG - 自動保存已禁用，跳過配置保存
2025-10-06 16:49:29,758 - VALO360 - DEBUG - 自動保存已禁用，跳過配置保存
2025-10-06 16:49:29,758 - VALO360 - DEBUG - 自動保存已禁用，跳過配置保存
2025-10-06 16:49:29,758 - VALO360 - DEBUG - 自動保存已禁用，跳過配置保存
2025-10-06 16:49:29,758 - VALO360 - DEBUG - 自動保存已禁用，跳過配置保存
2025-10-06 16:49:29,758 - VALO360 - DEBUG - 自動保存已禁用，跳過配置保存
2025-10-06 16:49:29,759 - VALO360 - DEBUG - 自動保存已禁用，跳過配置保存
2025-10-06 16:49:29,759 - VALO360 - DEBUG - 自動保存已禁用，跳過配置保存
2025-10-06 16:49:29,759 - VALO360 - DEBUG - 自動保存已禁用，跳過配置保存
2025-10-06 16:49:29,759 - VALO360 - DEBUG - 自動保存已禁用，跳過配置保存
2025-10-06 16:49:29,759 - VALO360 - DEBUG - 自動保存已禁用，跳過配置保存
2025-10-06 16:49:29,760 - VALO360 - DEBUG - 自動保存已禁用，跳過配置保存
2025-10-06 16:49:29,760 - VALO360 - DEBUG - 自動保存已禁用，跳過配置保存
2025-10-06 16:49:29,760 - VALO360 - DEBUG - 自動保存已禁用，跳過配置保存
2025-10-06 16:49:29,760 - VALO360 - DEBUG - 自動保存已禁用，跳過配置保存
2025-10-06 16:49:29,760 - VALO360 - DEBUG - 自動保存已禁用，跳過配置保存
2025-10-06 16:49:29,760 - VALO360 - DEBUG - 自動保存已禁用，跳過配置保存
2025-10-06 16:49:29,761 - VALO360 - DEBUG - 自動保存已禁用，跳過配置保存
2025-10-06 16:49:29,761 - VALO360 - DEBUG - 自動保存已禁用，跳過配置保存
2025-10-06 16:49:29,761 - VALO360 - DEBUG - 自動保存已禁用，跳過配置保存
2025-10-06 16:49:29,761 - VALO360 - DEBUG - 自動保存已禁用，跳過配置保存
2025-10-06 16:49:29,761 - VALO360 - DEBUG - 自動保存已禁用，跳過配置保存
2025-10-06 16:49:29,762 - VALO360 - DEBUG - 自動保存已禁用，跳過配置保存
2025-10-06 16:49:29,762 - VALO360 - DEBUG - 自動保存已禁用，跳過配置保存
2025-10-06 16:49:29,762 - VALO360 - DEBUG - 自動保存已禁用，跳過配置保存
2025-10-06 16:49:29,762 - VALO360 - DEBUG - 自動保存已禁用，跳過配置保存
2025-10-06 16:49:29,762 - VALO360 - DEBUG - 自動保存已禁用，跳過配置保存
2025-10-06 16:49:29,763 - VALO360 - DEBUG - 自動保存已禁用，跳過配置保存
2025-10-06 16:49:29,763 - VALO360 - DEBUG - 自動保存已禁用，跳過配置保存
2025-10-06 16:49:29,763 - VALO360 - DEBUG - 自動保存已禁用，跳過配置保存
2025-10-06 16:49:29,763 - VALO360 - DEBUG - 自動保存已禁用，跳過配置保存
2025-10-06 16:49:29,763 - VALO360 - DEBUG - 自動保存已禁用，跳過配置保存
2025-10-06 16:49:29,763 - VALO360 - DEBUG - 自動保存已禁用，跳過配置保存
2025-10-06 16:49:29,764 - VALO360 - DEBUG - 自動保存已禁用，跳過配置保存
2025-10-06 16:49:29,764 - VALO360 - DEBUG - 自動保存已禁用，跳過配置保存
2025-10-06 16:49:29,764 - VALO360 - DEBUG - 自動保存已禁用，跳過配置保存
2025-10-06 16:49:29,764 - VALO360 - DEBUG - 自動保存已禁用，跳過配置保存
2025-10-06 16:49:29,764 - VALO360 - DEBUG - 自動保存已禁用，跳過配置保存
2025-10-06 16:49:29,765 - VALO360 - DEBUG - 自動保存已禁用，跳過配置保存
2025-10-06 16:49:29,765 - VALO360 - DEBUG - 自動保存已禁用，跳過配置保存
2025-10-06 16:49:29,765 - VALO360 - DEBUG - 自動保存已禁用，跳過配置保存
2025-10-06 16:49:29,765 - VALO360 - DEBUG - 自動保存已禁用，跳過配置保存
2025-10-06 16:49:29,765 - VALO360 - DEBUG - 自動保存已禁用，跳過配置保存
2025-10-06 16:49:29,765 - VALO360 - DEBUG - 自動保存已禁用，跳過配置保存
2025-10-06 16:49:29,766 - VALO360 - DEBUG - 自動保存已禁用，跳過配置保存
2025-10-06 16:49:29,766 - VALO360 - DEBUG - 自動保存已禁用，跳過配置保存
2025-10-06 16:49:29,766 - VALO360 - DEBUG - 自動保存已禁用，跳過配置保存
2025-10-06 16:49:29,766 - VALO360 - DEBUG - 自動保存已禁用，跳過配置保存
2025-10-06 16:49:29,766 - VALO360 - DEBUG - 自動保存已禁用，跳過配置保存
2025-10-06 16:49:29,766 - VALO360 - DEBUG - 自動保存已禁用，跳過配置保存
2025-10-06 16:49:29,767 - VALO360 - DEBUG - 自動保存已禁用，跳過配置保存
2025-10-06 16:49:29,767 - VALO360 - DEBUG - 自動保存已禁用，跳過配置保存
2025-10-06 16:49:29,767 - VALO360 - DEBUG - 自動保存已禁用，跳過配置保存
2025-10-06 16:49:29,767 - VALO360 - DEBUG - 自動保存已禁用，跳過配置保存
2025-10-06 16:49:29,767 - VALO360 - DEBUG - 自動保存已禁用，跳過配置保存
2025-10-06 16:49:29,768 - VALO360 - DEBUG - 自動保存已禁用，跳過配置保存
2025-10-06 16:49:29,768 - VALO360 - DEBUG - 自動保存已禁用，跳過配置保存
2025-10-06 16:49:29,768 - VALO360 - DEBUG - 自動保存已禁用，跳過配置保存
2025-10-06 16:49:29,768 - VALO360 - DEBUG - 自動保存已禁用，跳過配置保存
2025-10-06 16:49:29,768 - VALO360 - DEBUG - 自動保存已禁用，跳過配置保存
2025-10-06 16:49:29,768 - VALO360 - DEBUG - 自動保存已禁用，跳過配置保存
2025-10-06 16:49:29,769 - VALO360 - DEBUG - 自動保存已禁用，跳過配置保存
2025-10-06 16:49:29,769 - VALO360 - DEBUG - 自動保存已禁用，跳過配置保存
2025-10-06 16:49:29,769 - VALO360 - DEBUG - 自動保存已禁用，跳過配置保存
2025-10-06 16:49:29,769 - VALO360 - DEBUG - 自動保存已禁用，跳過配置保存
2025-10-06 16:49:29,769 - VALO360 - DEBUG - 自動保存已禁用，跳過配置保存
2025-10-06 16:49:29,770 - VALO360 - DEBUG - 自動保存已禁用，跳過配置保存
2025-10-06 16:49:29,770 - VALO360 - DEBUG - 自動保存已禁用，跳過配置保存
2025-10-06 16:49:29,770 - VALO360 - DEBUG - 自動保存已禁用，跳過配置保存
2025-10-06 16:49:29,770 - VALO360 - DEBUG - 自動保存已禁用，跳過配置保存
2025-10-06 16:49:29,770 - VALO360 - DEBUG - 自動保存已禁用，跳過配置保存
2025-10-06 16:49:29,771 - VALO360 - DEBUG - 自動保存已禁用，跳過配置保存
2025-10-06 16:49:29,771 - VALO360 - DEBUG - 自動保存已禁用，跳過配置保存
2025-10-06 16:49:29,771 - VALO360 - DEBUG - 自動保存已禁用，跳過配置保存
2025-10-06 16:49:29,778 - VALO360 - DEBUG - 自動保存已禁用，跳過配置保存
2025-10-06 16:49:29,778 - VALO360 - DEBUG - 自動保存已禁用，跳過配置保存
2025-10-06 16:49:29,779 - VALO360 - DEBUG - 自動保存已禁用，跳過配置保存
2025-10-06 16:49:29,779 - VALO360 - DEBUG - 自動保存已禁用，跳過配置保存
2025-10-06 16:49:29,779 - VALO360 - DEBUG - 自動保存已禁用，跳過配置保存
2025-10-06 16:49:29,779 - VALO360 - DEBUG - 自動保存已禁用，跳過配置保存
2025-10-06 16:49:29,779 - VALO360 - DEBUG - 自動保存已禁用，跳過配置保存
2025-10-06 16:49:29,779 - VALO360 - DEBUG - 自動保存已禁用，跳過配置保存
2025-10-06 16:49:29,780 - VALO360 - DEBUG - 自動保存已禁用，跳過配置保存
2025-10-06 16:49:29,780 - VALO360 - DEBUG - 自動保存已禁用，跳過配置保存
2025-10-06 16:49:29,780 - VALO360 - DEBUG - 自動保存已禁用，跳過配置保存
2025-10-06 16:49:29,780 - VALO360 - DEBUG - 自動保存已禁用，跳過配置保存
2025-10-06 16:49:29,781 - VALO360 - DEBUG - 自動保存已禁用，跳過配置保存
2025-10-06 16:49:29,781 - VALO360 - DEBUG - 自動保存已禁用，跳過配置保存
2025-10-06 16:49:29,781 - VALO360 - DEBUG - 自動保存已禁用，跳過配置保存
2025-10-06 16:49:29,781 - VALO360 - DEBUG - 自動保存已禁用，跳過配置保存
2025-10-06 16:49:29,781 - VALO360 - DEBUG - 自動保存已禁用，跳過配置保存
2025-10-06 16:49:29,782 - VALO360 - DEBUG - 自動保存已禁用，跳過配置保存
2025-10-06 16:49:29,782 - VALO360 - DEBUG - 自動保存已禁用，跳過配置保存
2025-10-06 16:49:29,782 - VALO360 - DEBUG - 自動保存已禁用，跳過配置保存
2025-10-06 16:49:29,782 - VALO360 - DEBUG - 自動保存已禁用，跳過配置保存
2025-10-06 16:49:29,782 - VALO360 - DEBUG - 自動保存已禁用，跳過配置保存
2025-10-06 16:49:29,782 - VALO360 - DEBUG - 自動保存已禁用，跳過配置保存
2025-10-06 16:49:29,783 - VALO360 - DEBUG - 自動保存已禁用，跳過配置保存
2025-10-06 16:49:29,783 - VALO360 - DEBUG - 自動保存已禁用，跳過配置保存
2025-10-06 16:49:29,783 - VALO360 - DEBUG - 自動保存已禁用，跳過配置保存
2025-10-06 16:49:29,783 - VALO360 - DEBUG - 自動保存已禁用，跳過配置保存
2025-10-06 16:49:29,783 - VALO360 - DEBUG - 自動保存已禁用，跳過配置保存
2025-10-06 16:49:29,784 - VALO360 - DEBUG - 自動保存已禁用，跳過配置保存
2025-10-06 16:49:29,784 - VALO360 - DEBUG - 自動保存已禁用，跳過配置保存
2025-10-06 16:49:29,784 - VALO360 - DEBUG - 自動保存已禁用，跳過配置保存
2025-10-06 16:49:29,784 - VALO360 - DEBUG - 自動保存已禁用，跳過配置保存
2025-10-06 16:49:29,784 - VALO360 - DEBUG - 自動保存已禁用，跳過配置保存
2025-10-06 16:49:29,784 - VALO360 - DEBUG - 自動保存已禁用，跳過配置保存
2025-10-06 16:49:29,785 - VALO360 - DEBUG - 自動保存已禁用，跳過配置保存
2025-10-06 16:49:29,785 - VALO360 - DEBUG - 自動保存已禁用，跳過配置保存
2025-10-06 16:49:29,785 - VALO360 - DEBUG - 自動保存已禁用，跳過配置保存
2025-10-06 16:49:29,785 - VALO360 - DEBUG - 自動保存已禁用，跳過配置保存
2025-10-06 16:49:29,785 - VALO360 - DEBUG - 自動保存已禁用，跳過配置保存
2025-10-06 16:49:29,786 - VALO360 - DEBUG - 自動保存已禁用，跳過配置保存
2025-10-06 16:49:29,786 - VALO360 - DEBUG - 自動保存已禁用，跳過配置保存
2025-10-06 16:49:29,786 - VALO360 - DEBUG - 自動保存已禁用，跳過配置保存
2025-10-06 16:49:29,786 - VALO360 - DEBUG - 自動保存已禁用，跳過配置保存
2025-10-06 16:49:29,786 - VALO360 - DEBUG - 自動保存已禁用，跳過配置保存
2025-10-06 16:49:29,790 - VALO360 - DEBUG - 自動保存已禁用，跳過配置保存
2025-10-06 16:49:29,790 - VALO360 - DEBUG - 自動保存已禁用，跳過配置保存
2025-10-06 16:49:29,790 - VALO360 - DEBUG - 自動保存已禁用，跳過配置保存
2025-10-06 16:49:29,790 - VALO360 - DEBUG - 自動保存已禁用，跳過配置保存
2025-10-06 16:49:29,791 - VALO360 - DEBUG - 自動保存已禁用，跳過配置保存
2025-10-06 16:49:29,791 - VALO360 - DEBUG - 自動保存已禁用，跳過配置保存
2025-10-06 16:49:29,791 - VALO360 - DEBUG - 自動保存已禁用，跳過配置保存
2025-10-06 16:49:29,791 - VALO360 - DEBUG - 自動保存已禁用，跳過配置保存
2025-10-06 16:49:29,792 - VALO360 - DEBUG - 自動保存已禁用，跳過配置保存
2025-10-06 16:49:29,792 - VALO360 - DEBUG - 自動保存已禁用，跳過配置保存
2025-10-06 16:49:29,793 - VALO360 - DEBUG - 自動保存已禁用，跳過配置保存
2025-10-06 16:49:29,793 - VALO360 - DEBUG - 自動保存已禁用，跳過配置保存
2025-10-06 16:49:29,890 - VALO360 - DEBUG - 自動保存已禁用，跳過配置保存
2025-10-06 16:49:29,890 - VALO360 - DEBUG - 自動保存已禁用，跳過配置保存
2025-10-06 16:49:29,890 - VALO360 - DEBUG - 自動保存已禁用，跳過配置保存
2025-10-06 16:49:29,890 - VALO360 - DEBUG - 自動保存已禁用，跳過配置保存
2025-10-06 16:49:29,891 - VALO360 - DEBUG - 自動保存已禁用，跳過配置保存
2025-10-06 16:49:29,891 - VALO360 - DEBUG - 自動保存已禁用，跳過配置保存
2025-10-06 16:49:29,891 - VALO360 - DEBUG - 自動保存已禁用，跳過配置保存
2025-10-06 16:49:29,891 - VALO360 - DEBUG - 自動保存已禁用，跳過配置保存
2025-10-06 16:49:29,891 - VALO360 - DEBUG - 自動保存已禁用，跳過配置保存
2025-10-06 16:49:29,891 - VALO360 - DEBUG - 自動保存已禁用，跳過配置保存
2025-10-06 16:49:29,892 - VALO360 - DEBUG - 自動保存已禁用，跳過配置保存
2025-10-06 16:49:29,892 - VALO360 - DEBUG - 自動保存已禁用，跳過配置保存
2025-10-06 16:49:29,892 - VALO360 - DEBUG - 自動保存已禁用，跳過配置保存
2025-10-06 16:49:29,892 - VALO360 - DEBUG - 自動保存已禁用，跳過配置保存
2025-10-06 16:49:29,893 - VALO360 - DEBUG - 自動保存已禁用，跳過配置保存
2025-10-06 16:49:29,893 - VALO360 - DEBUG - 自動保存已禁用，跳過配置保存
2025-10-06 16:49:29,893 - VALO360 - DEBUG - 自動保存已禁用，跳過配置保存
2025-10-06 16:49:29,894 - VALO360 - DEBUG - 自動保存已禁用，跳過配置保存
2025-10-06 16:49:29,894 - VALO360 - DEBUG - 自動保存已禁用，跳過配置保存
2025-10-06 16:49:29,894 - VALO360 - DEBUG - 自動保存已禁用，跳過配置保存
2025-10-06 16:49:29,894 - VALO360 - DEBUG - 自動保存已禁用，跳過配置保存
2025-10-06 16:49:29,895 - VALO360 - DEBUG - 自動保存已禁用，跳過配置保存
2025-10-06 16:49:29,895 - VALO360 - DEBUG - 自動保存已禁用，跳過配置保存
2025-10-06 16:49:29,895 - VALO360 - DEBUG - 自動保存已禁用，跳過配置保存
2025-10-06 16:49:29,895 - VALO360 - DEBUG - 自動保存已禁用，跳過配置保存
2025-10-06 16:49:29,895 - VALO360 - DEBUG - 自動保存已禁用，跳過配置保存
2025-10-06 16:49:29,896 - VALO360 - DEBUG - 自動保存已禁用，跳過配置保存
2025-10-06 16:49:29,896 - VALO360 - DEBUG - 自動保存已禁用，跳過配置保存
2025-10-06 16:49:29,896 - VALO360 - DEBUG - 自動保存已禁用，跳過配置保存
2025-10-06 16:49:29,896 - VALO360 - DEBUG - 自動保存已禁用，跳過配置保存
2025-10-06 16:49:29,896 - VALO360 - DEBUG - 自動保存已禁用，跳過配置保存
2025-10-06 16:49:29,896 - VALO360 - DEBUG - 自動保存已禁用，跳過配置保存
2025-10-06 16:49:29,897 - VALO360 - DEBUG - 自動保存已禁用，跳過配置保存
2025-10-06 16:49:29,897 - VALO360 - DEBUG - 自動保存已禁用，跳過配置保存
2025-10-06 16:49:29,897 - VALO360 - DEBUG - 自動保存已禁用，跳過配置保存
2025-10-06 16:49:29,897 - VALO360 - DEBUG - 自動保存已禁用，跳過配置保存
2025-10-06 16:49:29,898 - VALO360 - DEBUG - 自動保存已禁用，跳過配置保存
2025-10-06 16:49:29,898 - VALO360 - DEBUG - 自動保存已禁用，跳過配置保存
2025-10-06 16:49:29,898 - VALO360 - DEBUG - 自動保存已禁用，跳過配置保存
2025-10-06 16:49:29,898 - VALO360 - DEBUG - 自動保存已禁用，跳過配置保存
2025-10-06 16:49:29,901 - VALO360 - DEBUG - 自動保存已禁用，跳過配置保存
2025-10-06 16:49:29,901 - VALO360 - DEBUG - 自動保存已禁用，跳過配置保存
2025-10-06 16:49:29,901 - VALO360 - DEBUG - 自動保存已禁用，跳過配置保存
2025-10-06 16:49:29,902 - VALO360 - DEBUG - 自動保存已禁用，跳過配置保存
2025-10-06 16:49:31,572 - VALO360 - DEBUG - 自動保存已禁用，跳過配置保存
2025-10-06 16:49:31,572 - VALO360 - DEBUG - 自動保存已禁用，跳過配置保存
2025-10-06 16:49:31,572 - VALO360 - DEBUG - 自動保存已禁用，跳過配置保存
2025-10-06 16:49:31,572 - VALO360 - DEBUG - 自動保存已禁用，跳過配置保存
2025-10-06 16:49:31,575 - VALO360 - DEBUG - 自動保存已禁用，跳過配置保存
2025-10-06 16:49:31,576 - VALO360 - DEBUG - 自動保存已禁用，跳過配置保存
2025-10-06 16:49:31,576 - VALO360 - DEBUG - 自動保存已禁用，跳過配置保存
2025-10-06 16:49:31,576 - VALO360 - DEBUG - 自動保存已禁用，跳過配置保存
2025-10-06 16:49:31,584 - VALO360 - DEBUG - 自動保存已禁用，跳過配置保存
2025-10-06 16:49:31,584 - VALO360 - DEBUG - 自動保存已禁用，跳過配置保存
2025-10-06 16:49:31,584 - VALO360 - DEBUG - 自動保存已禁用，跳過配置保存
2025-10-06 16:49:31,584 - VALO360 - DEBUG - 自動保存已禁用，跳過配置保存
2025-10-06 16:49:31,588 - VALO360 - DEBUG - 自動保存已禁用，跳過配置保存
2025-10-06 16:49:31,588 - VALO360 - DEBUG - 自動保存已禁用，跳過配置保存
2025-10-06 16:49:31,588 - VALO360 - DEBUG - 自動保存已禁用，跳過配置保存
2025-10-06 16:49:31,588 - VALO360 - DEBUG - 自動保存已禁用，跳過配置保存
2025-10-06 16:49:31,589 - VALO360 - DEBUG - 自動保存已禁用，跳過配置保存
2025-10-06 16:49:31,589 - VALO360 - DEBUG - 自動保存已禁用，跳過配置保存
2025-10-06 16:49:31,589 - VALO360 - DEBUG - 自動保存已禁用，跳過配置保存
2025-10-06 16:49:31,589 - VALO360 - DEBUG - 自動保存已禁用，跳過配置保存
2025-10-06 16:49:31,590 - VALO360 - DEBUG - 自動保存已禁用，跳過配置保存
2025-10-06 16:49:31,590 - VALO360 - DEBUG - 自動保存已禁用，跳過配置保存
2025-10-06 16:49:31,590 - VALO360 - DEBUG - 自動保存已禁用，跳過配置保存
2025-10-06 16:49:31,591 - VALO360 - DEBUG - 自動保存已禁用，跳過配置保存
2025-10-06 16:49:31,591 - VALO360 - DEBUG - 自動保存已禁用，跳過配置保存
2025-10-06 16:49:31,591 - VALO360 - DEBUG - 自動保存已禁用，跳過配置保存
2025-10-06 16:49:31,591 - VALO360 - DEBUG - 自動保存已禁用，跳過配置保存
2025-10-06 16:49:31,592 - VALO360 - DEBUG - 自動保存已禁用，跳過配置保存
2025-10-06 16:49:31,594 - VALO360 - DEBUG - 自動保存已禁用，跳過配置保存
2025-10-06 16:49:31,594 - VALO360 - DEBUG - 自動保存已禁用，跳過配置保存
2025-10-06 16:49:31,594 - VALO360 - DEBUG - 自動保存已禁用，跳過配置保存
2025-10-06 16:49:31,594 - VALO360 - DEBUG - 自動保存已禁用，跳過配置保存
2025-10-06 16:49:31,596 - VALO360 - DEBUG - 自動保存已禁用，跳過配置保存
2025-10-06 16:49:31,596 - VALO360 - DEBUG - 自動保存已禁用，跳過配置保存
2025-10-06 16:49:31,597 - VALO360 - DEBUG - 自動保存已禁用，跳過配置保存
2025-10-06 16:49:31,597 - VALO360 - DEBUG - 自動保存已禁用，跳過配置保存
2025-10-06 16:49:31,597 - VALO360 - DEBUG - 自動保存已禁用，跳過配置保存
2025-10-06 16:49:31,598 - VALO360 - DEBUG - 自動保存已禁用，跳過配置保存
2025-10-06 16:49:31,598 - VALO360 - DEBUG - 自動保存已禁用，跳過配置保存
2025-10-06 16:49:31,598 - VALO360 - DEBUG - 自動保存已禁用，跳過配置保存
2025-10-06 16:49:31,598 - VALO360 - DEBUG - 自動保存已禁用，跳過配置保存
2025-10-06 16:49:31,599 - VALO360 - DEBUG - 自動保存已禁用，跳過配置保存
2025-10-06 16:49:31,599 - VALO360 - DEBUG - 自動保存已禁用，跳過配置保存
2025-10-06 16:49:31,599 - VALO360 - DEBUG - 自動保存已禁用，跳過配置保存
2025-10-06 16:49:31,599 - VALO360 - DEBUG - 自動保存已禁用，跳過配置保存
2025-10-06 16:49:31,600 - VALO360 - DEBUG - 自動保存已禁用，跳過配置保存
2025-10-06 16:49:31,600 - VALO360 - DEBUG - 自動保存已禁用，跳過配置保存
2025-10-06 16:49:31,600 - VALO360 - DEBUG - 自動保存已禁用，跳過配置保存
2025-10-06 16:49:31,602 - VALO360 - DEBUG - 自動保存已禁用，跳過配置保存
2025-10-06 16:49:31,602 - VALO360 - DEBUG - 自動保存已禁用，跳過配置保存
2025-10-06 16:49:31,602 - VALO360 - DEBUG - 自動保存已禁用，跳過配置保存
2025-10-06 16:49:31,602 - VALO360 - DEBUG - 自動保存已禁用，跳過配置保存
2025-10-06 16:49:31,604 - VALO360 - DEBUG - 自動保存已禁用，跳過配置保存
2025-10-06 16:49:31,604 - VALO360 - DEBUG - 自動保存已禁用，跳過配置保存
2025-10-06 16:49:31,604 - VALO360 - DEBUG - 自動保存已禁用，跳過配置保存
2025-10-06 16:49:31,604 - VALO360 - DEBUG - 自動保存已禁用，跳過配置保存
2025-10-06 16:49:31,607 - VALO360 - DEBUG - 自動保存已禁用，跳過配置保存
2025-10-06 16:49:31,607 - VALO360 - DEBUG - 自動保存已禁用，跳過配置保存
2025-10-06 16:49:31,607 - VALO360 - DEBUG - 自動保存已禁用，跳過配置保存
2025-10-06 16:49:31,607 - VALO360 - DEBUG - 自動保存已禁用，跳過配置保存
2025-10-06 16:49:31,607 - VALO360 - DEBUG - 自動保存已禁用，跳過配置保存
2025-10-06 16:49:31,607 - VALO360 - DEBUG - 自動保存已禁用，跳過配置保存
2025-10-06 16:49:31,608 - VALO360 - DEBUG - 自動保存已禁用，跳過配置保存
2025-10-06 16:49:31,608 - VALO360 - DEBUG - 自動保存已禁用，跳過配置保存
2025-10-06 16:49:31,608 - VALO360 - DEBUG - 自動保存已禁用，跳過配置保存
2025-10-06 16:49:31,608 - VALO360 - DEBUG - 自動保存已禁用，跳過配置保存
2025-10-06 16:49:31,609 - VALO360 - DEBUG - 自動保存已禁用，跳過配置保存
2025-10-06 16:49:31,609 - VALO360 - DEBUG - 自動保存已禁用，跳過配置保存
2025-10-06 16:49:31,609 - VALO360 - DEBUG - 自動保存已禁用，跳過配置保存
2025-10-06 16:49:31,610 - VALO360 - DEBUG - 自動保存已禁用，跳過配置保存
2025-10-06 16:49:31,610 - VALO360 - DEBUG - 自動保存已禁用，跳過配置保存
2025-10-06 16:49:31,610 - VALO360 - DEBUG - 自動保存已禁用，跳過配置保存
2025-10-06 16:49:31,610 - VALO360 - DEBUG - 自動保存已禁用，跳過配置保存
2025-10-06 16:49:31,611 - VALO360 - DEBUG - 自動保存已禁用，跳過配置保存
2025-10-06 16:49:31,611 - VALO360 - DEBUG - 自動保存已禁用，跳過配置保存
2025-10-06 16:49:31,611 - VALO360 - DEBUG - 自動保存已禁用，跳過配置保存
2025-10-06 16:49:31,611 - VALO360 - DEBUG - 自動保存已禁用，跳過配置保存
2025-10-06 16:49:31,612 - VALO360 - DEBUG - 自動保存已禁用，跳過配置保存
2025-10-06 16:49:31,612 - VALO360 - DEBUG - 自動保存已禁用，跳過配置保存
2025-10-06 16:49:31,612 - VALO360 - DEBUG - 自動保存已禁用，跳過配置保存
2025-10-06 16:49:31,613 - VALO360 - DEBUG - 自動保存已禁用，跳過配置保存
2025-10-06 16:49:31,613 - VALO360 - DEBUG - 自動保存已禁用，跳過配置保存
2025-10-06 16:49:31,614 - VALO360 - DEBUG - 自動保存已禁用，跳過配置保存
2025-10-06 16:49:31,614 - VALO360 - DEBUG - 自動保存已禁用，跳過配置保存
2025-10-06 16:49:31,614 - VALO360 - DEBUG - 自動保存已禁用，跳過配置保存
2025-10-06 16:49:31,614 - VALO360 - DEBUG - 自動保存已禁用，跳過配置保存
2025-10-06 16:49:31,614 - VALO360 - DEBUG - 自動保存已禁用，跳過配置保存
2025-10-06 16:49:31,615 - VALO360 - DEBUG - 自動保存已禁用，跳過配置保存
2025-10-06 16:49:31,616 - VALO360 - DEBUG - 自動保存已禁用，跳過配置保存
2025-10-06 16:49:31,616 - VALO360 - DEBUG - 自動保存已禁用，跳過配置保存
2025-10-06 16:49:31,616 - VALO360 - DEBUG - 自動保存已禁用，跳過配置保存
2025-10-06 16:49:31,616 - VALO360 - DEBUG - 自動保存已禁用，跳過配置保存
2025-10-06 16:49:31,616 - VALO360 - DEBUG - 自動保存已禁用，跳過配置保存
2025-10-06 16:49:31,617 - VALO360 - DEBUG - 自動保存已禁用，跳過配置保存
2025-10-06 16:49:31,617 - VALO360 - DEBUG - 自動保存已禁用，跳過配置保存
2025-10-06 16:49:31,617 - VALO360 - DEBUG - 自動保存已禁用，跳過配置保存
2025-10-06 16:49:31,617 - VALO360 - DEBUG - 自動保存已禁用，跳過配置保存
2025-10-06 16:49:31,618 - VALO360 - DEBUG - 自動保存已禁用，跳過配置保存
2025-10-06 16:49:31,618 - VALO360 - DEBUG - 自動保存已禁用，跳過配置保存
2025-10-06 16:49:31,618 - VALO360 - DEBUG - 自動保存已禁用，跳過配置保存
2025-10-06 16:49:31,620 - VALO360 - DEBUG - 自動保存已禁用，跳過配置保存
2025-10-06 16:49:31,620 - VALO360 - DEBUG - 自動保存已禁用，跳過配置保存
2025-10-06 16:49:31,620 - VALO360 - DEBUG - 自動保存已禁用，跳過配置保存
2025-10-06 16:49:31,620 - VALO360 - DEBUG - 自動保存已禁用，跳過配置保存
2025-10-06 16:49:31,622 - VALO360 - DEBUG - 自動保存已禁用，跳過配置保存
2025-10-06 16:49:31,622 - VALO360 - DEBUG - 自動保存已禁用，跳過配置保存
2025-10-06 16:49:31,622 - VALO360 - DEBUG - 自動保存已禁用，跳過配置保存
2025-10-06 16:49:31,622 - VALO360 - DEBUG - 自動保存已禁用，跳過配置保存
2025-10-06 16:49:31,622 - VALO360 - DEBUG - 自動保存已禁用，跳過配置保存
2025-10-06 16:49:31,623 - VALO360 - DEBUG - 自動保存已禁用，跳過配置保存
2025-10-06 16:49:31,623 - VALO360 - DEBUG - 自動保存已禁用，跳過配置保存
2025-10-06 16:49:31,623 - VALO360 - DEBUG - 自動保存已禁用，跳過配置保存
2025-10-06 16:49:31,623 - VALO360 - DEBUG - 自動保存已禁用，跳過配置保存
2025-10-06 16:49:31,624 - VALO360 - DEBUG - 自動保存已禁用，跳過配置保存
2025-10-06 16:49:31,624 - VALO360 - DEBUG - 自動保存已禁用，跳過配置保存
2025-10-06 16:49:31,624 - VALO360 - DEBUG - 自動保存已禁用，跳過配置保存
2025-10-06 16:49:31,626 - VALO360 - DEBUG - 自動保存已禁用，跳過配置保存
2025-10-06 16:49:31,627 - VALO360 - DEBUG - 自動保存已禁用，跳過配置保存
2025-10-06 16:49:31,627 - VALO360 - DEBUG - 自動保存已禁用，跳過配置保存
2025-10-06 16:49:31,627 - VALO360 - DEBUG - 自動保存已禁用，跳過配置保存
2025-10-06 16:49:31,628 - VALO360 - DEBUG - 自動保存已禁用，跳過配置保存
2025-10-06 16:49:31,628 - VALO360 - DEBUG - 自動保存已禁用，跳過配置保存
2025-10-06 16:49:31,628 - VALO360 - DEBUG - 自動保存已禁用，跳過配置保存
2025-10-06 16:49:31,628 - VALO360 - DEBUG - 自動保存已禁用，跳過配置保存
2025-10-06 16:49:31,636 - VALO360 - DEBUG - 自動保存已禁用，跳過配置保存
2025-10-06 16:49:31,636 - VALO360 - DEBUG - 自動保存已禁用，跳過配置保存
2025-10-06 16:49:31,636 - VALO360 - DEBUG - 自動保存已禁用，跳過配置保存
2025-10-06 16:49:31,636 - VALO360 - DEBUG - 自動保存已禁用，跳過配置保存
2025-10-06 16:49:31,637 - VALO360 - DEBUG - 自動保存已禁用，跳過配置保存
2025-10-06 16:49:31,637 - VALO360 - DEBUG - 自動保存已禁用，跳過配置保存
2025-10-06 16:49:31,637 - VALO360 - DEBUG - 自動保存已禁用，跳過配置保存
2025-10-06 16:49:31,637 - VALO360 - DEBUG - 自動保存已禁用，跳過配置保存
2025-10-06 16:49:31,642 - VALO360 - DEBUG - 自動保存已禁用，跳過配置保存
2025-10-06 16:49:31,642 - VALO360 - DEBUG - 自動保存已禁用，跳過配置保存
2025-10-06 16:49:31,642 - VALO360 - DEBUG - 自動保存已禁用，跳過配置保存
2025-10-06 16:49:31,642 - VALO360 - DEBUG - 自動保存已禁用，跳過配置保存
2025-10-06 16:49:31,644 - VALO360 - DEBUG - 自動保存已禁用，跳過配置保存
2025-10-06 16:49:31,644 - VALO360 - DEBUG - 自動保存已禁用，跳過配置保存
2025-10-06 16:49:31,644 - VALO360 - DEBUG - 自動保存已禁用，跳過配置保存
2025-10-06 16:49:31,644 - VALO360 - DEBUG - 自動保存已禁用，跳過配置保存
2025-10-06 16:49:31,644 - VALO360 - DEBUG - 自動保存已禁用，跳過配置保存
2025-10-06 16:49:31,645 - VALO360 - DEBUG - 自動保存已禁用，跳過配置保存
2025-10-06 16:49:31,645 - VALO360 - DEBUG - 自動保存已禁用，跳過配置保存
2025-10-06 16:49:31,645 - VALO360 - DEBUG - 自動保存已禁用，跳過配置保存
2025-10-06 16:49:31,646 - VALO360 - DEBUG - 自動保存已禁用，跳過配置保存
2025-10-06 16:49:31,647 - VALO360 - DEBUG - 自動保存已禁用，跳過配置保存
2025-10-06 16:49:31,647 - VALO360 - DEBUG - 自動保存已禁用，跳過配置保存
2025-10-06 16:49:31,647 - VALO360 - DEBUG - 自動保存已禁用，跳過配置保存
2025-10-06 16:49:31,647 - VALO360 - DEBUG - 自動保存已禁用，跳過配置保存
2025-10-06 16:49:31,647 - VALO360 - DEBUG - 自動保存已禁用，跳過配置保存
2025-10-06 16:49:31,647 - VALO360 - DEBUG - 自動保存已禁用，跳過配置保存
2025-10-06 16:49:31,648 - VALO360 - DEBUG - 自動保存已禁用，跳過配置保存
2025-10-06 16:49:31,649 - VALO360 - DEBUG - 自動保存已禁用，跳過配置保存
2025-10-06 16:49:31,649 - VALO360 - DEBUG - 自動保存已禁用，跳過配置保存
2025-10-06 16:49:31,649 - VALO360 - DEBUG - 自動保存已禁用，跳過配置保存
2025-10-06 16:49:31,649 - VALO360 - DEBUG - 自動保存已禁用，跳過配置保存
2025-10-06 16:49:31,650 - VALO360 - DEBUG - 自動保存已禁用，跳過配置保存
2025-10-06 16:49:31,650 - VALO360 - DEBUG - 自動保存已禁用，跳過配置保存
2025-10-06 16:49:31,650 - VALO360 - DEBUG - 自動保存已禁用，跳過配置保存
2025-10-06 16:49:31,650 - VALO360 - DEBUG - 自動保存已禁用，跳過配置保存
2025-10-06 16:49:31,651 - VALO360 - DEBUG - 自動保存已禁用，跳過配置保存
2025-10-06 16:49:31,651 - VALO360 - DEBUG - 自動保存已禁用，跳過配置保存
2025-10-06 16:49:31,651 - VALO360 - DEBUG - 自動保存已禁用，跳過配置保存
2025-10-06 16:49:31,651 - VALO360 - DEBUG - 自動保存已禁用，跳過配置保存
2025-10-06 16:49:31,654 - VALO360 - DEBUG - 自動保存已禁用，跳過配置保存
2025-10-06 16:49:31,654 - VALO360 - DEBUG - 自動保存已禁用，跳過配置保存
2025-10-06 16:49:31,654 - VALO360 - DEBUG - 自動保存已禁用，跳過配置保存
2025-10-06 16:49:31,655 - VALO360 - DEBUG - 自動保存已禁用，跳過配置保存
2025-10-06 16:49:31,655 - VALO360 - DEBUG - 自動保存已禁用，跳過配置保存
2025-10-06 16:49:31,655 - VALO360 - DEBUG - 自動保存已禁用，跳過配置保存
2025-10-06 16:49:31,655 - VALO360 - DEBUG - 自動保存已禁用，跳過配置保存
2025-10-06 16:49:31,655 - VALO360 - DEBUG - 自動保存已禁用，跳過配置保存
2025-10-06 16:49:31,657 - VALO360 - DEBUG - 自動保存已禁用，跳過配置保存
2025-10-06 16:49:31,657 - VALO360 - DEBUG - 自動保存已禁用，跳過配置保存
2025-10-06 16:49:31,657 - VALO360 - DEBUG - 自動保存已禁用，跳過配置保存
2025-10-06 16:49:31,657 - VALO360 - DEBUG - 自動保存已禁用，跳過配置保存
2025-10-06 16:49:31,657 - VALO360 - DEBUG - 自動保存已禁用，跳過配置保存
2025-10-06 16:49:31,658 - VALO360 - DEBUG - 自動保存已禁用，跳過配置保存
2025-10-06 16:49:31,658 - VALO360 - DEBUG - 自動保存已禁用，跳過配置保存
2025-10-06 16:49:31,658 - VALO360 - DEBUG - 自動保存已禁用，跳過配置保存
2025-10-06 16:49:31,659 - VALO360 - DEBUG - 自動保存已禁用，跳過配置保存
2025-10-06 16:49:31,660 - VALO360 - DEBUG - 自動保存已禁用，跳過配置保存
2025-10-06 16:49:31,660 - VALO360 - DEBUG - 自動保存已禁用，跳過配置保存
2025-10-06 16:49:31,660 - VALO360 - DEBUG - 自動保存已禁用，跳過配置保存
2025-10-06 16:49:31,660 - VALO360 - DEBUG - 自動保存已禁用，跳過配置保存
2025-10-06 16:49:31,660 - VALO360 - DEBUG - 自動保存已禁用，跳過配置保存
2025-10-06 16:49:31,660 - VALO360 - DEBUG - 自動保存已禁用，跳過配置保存
2025-10-06 16:49:31,661 - VALO360 - DEBUG - 自動保存已禁用，跳過配置保存
2025-10-06 16:49:31,662 - VALO360 - DEBUG - 自動保存已禁用，跳過配置保存
2025-10-06 16:49:31,662 - VALO360 - DEBUG - 自動保存已禁用，跳過配置保存
2025-10-06 16:49:31,662 - VALO360 - DEBUG - 自動保存已禁用，跳過配置保存
2025-10-06 16:49:31,662 - VALO360 - DEBUG - 自動保存已禁用，跳過配置保存
2025-10-06 16:49:31,663 - VALO360 - DEBUG - 自動保存已禁用，跳過配置保存
2025-10-06 16:49:31,663 - VALO360 - DEBUG - 自動保存已禁用，跳過配置保存
2025-10-06 16:49:31,663 - VALO360 - DEBUG - 自動保存已禁用，跳過配置保存
2025-10-06 16:49:31,663 - VALO360 - DEBUG - 自動保存已禁用，跳過配置保存
2025-10-06 16:49:31,665 - VALO360 - DEBUG - 自動保存已禁用，跳過配置保存
2025-10-06 16:49:31,665 - VALO360 - DEBUG - 自動保存已禁用，跳過配置保存
2025-10-06 16:49:31,665 - VALO360 - DEBUG - 自動保存已禁用，跳過配置保存
2025-10-06 16:49:31,665 - VALO360 - DEBUG - 自動保存已禁用，跳過配置保存
2025-10-06 16:49:31,666 - VALO360 - DEBUG - 自動保存已禁用，跳過配置保存
2025-10-06 16:49:31,666 - VALO360 - DEBUG - 自動保存已禁用，跳過配置保存
2025-10-06 16:49:31,666 - VALO360 - DEBUG - 自動保存已禁用，跳過配置保存
2025-10-06 16:49:31,666 - VALO360 - DEBUG - 自動保存已禁用，跳過配置保存
2025-10-06 16:49:51,152 - VALO360 - DEBUG - 自動保存已禁用，跳過配置保存
2025-10-06 16:49:51,152 - VALO360 - DEBUG - 自動保存已禁用，跳過配置保存
2025-10-06 16:49:51,152 - VALO360 - DEBUG - 自動保存已禁用，跳過配置保存
2025-10-06 16:49:51,152 - VALO360 - DEBUG - 自動保存已禁用，跳過配置保存
2025-10-06 16:50:30,040 - VALO360 - DEBUG - 自動保存已禁用，跳過配置保存
2025-10-06 16:50:30,040 - VALO360 - DEBUG - 自動保存已禁用，跳過配置保存
2025-10-06 16:50:30,040 - VALO360 - DEBUG - 自動保存已禁用，跳過配置保存
2025-10-06 16:50:30,040 - VALO360 - DEBUG - 自動保存已禁用，跳過配置保存
2025-10-06 16:50:30,044 - VALO360 - DEBUG - 自動保存已禁用，跳過配置保存
2025-10-06 16:50:30,044 - VALO360 - DEBUG - 自動保存已禁用，跳過配置保存
2025-10-06 16:50:30,044 - VALO360 - DEBUG - 自動保存已禁用，跳過配置保存
2025-10-06 16:50:30,045 - VALO360 - DEBUG - 自動保存已禁用，跳過配置保存
2025-10-06 16:50:30,045 - VALO360 - DEBUG - 自動保存已禁用，跳過配置保存
2025-10-06 16:50:30,045 - VALO360 - DEBUG - 自動保存已禁用，跳過配置保存
2025-10-06 16:50:30,045 - VALO360 - DEBUG - 自動保存已禁用，跳過配置保存
2025-10-06 16:50:30,045 - VALO360 - DEBUG - 自動保存已禁用，跳過配置保存
2025-10-06 16:50:30,046 - VALO360 - DEBUG - 自動保存已禁用，跳過配置保存
2025-10-06 16:50:30,046 - VALO360 - DEBUG - 自動保存已禁用，跳過配置保存
2025-10-06 16:50:30,046 - VALO360 - DEBUG - 自動保存已禁用，跳過配置保存
2025-10-06 16:50:30,046 - VALO360 - DEBUG - 自動保存已禁用，跳過配置保存
2025-10-06 16:50:30,059 - VALO360 - DEBUG - 自動保存已禁用，跳過配置保存
2025-10-06 16:50:30,059 - VALO360 - DEBUG - 自動保存已禁用，跳過配置保存
2025-10-06 16:50:30,059 - VALO360 - DEBUG - 自動保存已禁用，跳過配置保存
2025-10-06 16:50:30,059 - VALO360 - DEBUG - 自動保存已禁用，跳過配置保存
2025-10-06 16:50:30,060 - VALO360 - DEBUG - 自動保存已禁用，跳過配置保存
2025-10-06 16:50:30,060 - VALO360 - DEBUG - 自動保存已禁用，跳過配置保存
2025-10-06 16:50:30,061 - VALO360 - DEBUG - 自動保存已禁用，跳過配置保存
2025-10-06 16:50:30,061 - VALO360 - DEBUG - 自動保存已禁用，跳過配置保存
2025-10-06 16:50:30,061 - VALO360 - DEBUG - 自動保存已禁用，跳過配置保存
2025-10-06 16:50:30,061 - VALO360 - DEBUG - 自動保存已禁用，跳過配置保存
2025-10-06 16:50:30,062 - VALO360 - DEBUG - 自動保存已禁用，跳過配置保存
2025-10-06 16:50:30,062 - VALO360 - DEBUG - 自動保存已禁用，跳過配置保存
2025-10-06 16:50:30,063 - VALO360 - DEBUG - 自動保存已禁用，跳過配置保存
2025-10-06 16:50:30,063 - VALO360 - DEBUG - 自動保存已禁用，跳過配置保存
2025-10-06 16:50:30,063 - VALO360 - DEBUG - 自動保存已禁用，跳過配置保存
2025-10-06 16:50:30,064 - VALO360 - DEBUG - 自動保存已禁用，跳過配置保存
2025-10-06 16:50:30,064 - VALO360 - DEBUG - 自動保存已禁用，跳過配置保存
2025-10-06 16:50:30,064 - VALO360 - DEBUG - 自動保存已禁用，跳過配置保存
2025-10-06 16:50:30,064 - VALO360 - DEBUG - 自動保存已禁用，跳過配置保存
2025-10-06 16:50:30,065 - VALO360 - DEBUG - 自動保存已禁用，跳過配置保存
2025-10-06 16:50:30,065 - VALO360 - DEBUG - 自動保存已禁用，跳過配置保存
2025-10-06 16:50:30,065 - VALO360 - DEBUG - 自動保存已禁用，跳過配置保存
2025-10-06 16:50:30,065 - VALO360 - DEBUG - 自動保存已禁用，跳過配置保存
2025-10-06 16:50:30,066 - VALO360 - DEBUG - 自動保存已禁用，跳過配置保存
2025-10-06 16:50:30,069 - VALO360 - DEBUG - 自動保存已禁用，跳過配置保存
2025-10-06 16:50:30,069 - VALO360 - DEBUG - 自動保存已禁用，跳過配置保存
2025-10-06 16:50:30,069 - VALO360 - DEBUG - 自動保存已禁用，跳過配置保存
2025-10-06 16:50:30,069 - VALO360 - DEBUG - 自動保存已禁用，跳過配置保存
2025-10-06 16:50:30,071 - VALO360 - DEBUG - 自動保存已禁用，跳過配置保存
2025-10-06 16:50:30,071 - VALO360 - DEBUG - 自動保存已禁用，跳過配置保存
2025-10-06 16:50:30,071 - VALO360 - DEBUG - 自動保存已禁用，跳過配置保存
2025-10-06 16:50:30,071 - VALO360 - DEBUG - 自動保存已禁用，跳過配置保存
2025-10-06 16:50:30,072 - VALO360 - DEBUG - 自動保存已禁用，跳過配置保存
2025-10-06 16:50:30,072 - VALO360 - DEBUG - 自動保存已禁用，跳過配置保存
2025-10-06 16:50:30,072 - VALO360 - DEBUG - 自動保存已禁用，跳過配置保存
2025-10-06 16:50:30,072 - VALO360 - DEBUG - 自動保存已禁用，跳過配置保存
2025-10-06 16:50:30,074 - VALO360 - DEBUG - 自動保存已禁用，跳過配置保存
2025-10-06 16:50:30,074 - VALO360 - DEBUG - 自動保存已禁用，跳過配置保存
2025-10-06 16:50:30,074 - VALO360 - DEBUG - 自動保存已禁用，跳過配置保存
2025-10-06 16:50:30,075 - VALO360 - DEBUG - 自動保存已禁用，跳過配置保存
2025-10-06 16:50:30,075 - VALO360 - DEBUG - 自動保存已禁用，跳過配置保存
2025-10-06 16:50:30,075 - VALO360 - DEBUG - 自動保存已禁用，跳過配置保存
2025-10-06 16:50:30,075 - VALO360 - DEBUG - 自動保存已禁用，跳過配置保存
2025-10-06 16:50:30,075 - VALO360 - DEBUG - 自動保存已禁用，跳過配置保存
2025-10-06 16:50:30,078 - VALO360 - DEBUG - 自動保存已禁用，跳過配置保存
2025-10-06 16:50:30,078 - VALO360 - DEBUG - 自動保存已禁用，跳過配置保存
2025-10-06 16:50:30,078 - VALO360 - DEBUG - 自動保存已禁用，跳過配置保存
2025-10-06 16:50:30,078 - VALO360 - DEBUG - 自動保存已禁用，跳過配置保存
2025-10-06 16:50:30,079 - VALO360 - DEBUG - 自動保存已禁用，跳過配置保存
2025-10-06 16:50:30,079 - VALO360 - DEBUG - 自動保存已禁用，跳過配置保存
2025-10-06 16:50:30,079 - VALO360 - DEBUG - 自動保存已禁用，跳過配置保存
2025-10-06 16:50:30,079 - VALO360 - DEBUG - 自動保存已禁用，跳過配置保存
2025-10-06 16:50:30,081 - VALO360 - DEBUG - 自動保存已禁用，跳過配置保存
2025-10-06 16:50:30,081 - VALO360 - DEBUG - 自動保存已禁用，跳過配置保存
2025-10-06 16:50:30,081 - VALO360 - DEBUG - 自動保存已禁用，跳過配置保存
2025-10-06 16:50:30,081 - VALO360 - DEBUG - 自動保存已禁用，跳過配置保存
2025-10-06 16:50:30,081 - VALO360 - DEBUG - 自動保存已禁用，跳過配置保存
2025-10-06 16:50:30,081 - VALO360 - DEBUG - 自動保存已禁用，跳過配置保存
2025-10-06 16:50:30,082 - VALO360 - DEBUG - 自動保存已禁用，跳過配置保存
2025-10-06 16:50:30,082 - VALO360 - DEBUG - 自動保存已禁用，跳過配置保存
2025-10-06 16:50:30,083 - VALO360 - DEBUG - 自動保存已禁用，跳過配置保存
2025-10-06 16:50:30,083 - VALO360 - DEBUG - 自動保存已禁用，跳過配置保存
2025-10-06 16:50:30,083 - VALO360 - DEBUG - 自動保存已禁用，跳過配置保存
2025-10-06 16:50:30,083 - VALO360 - DEBUG - 自動保存已禁用，跳過配置保存
2025-10-06 16:50:30,084 - VALO360 - DEBUG - 自動保存已禁用，跳過配置保存
2025-10-06 16:50:30,084 - VALO360 - DEBUG - 自動保存已禁用，跳過配置保存
2025-10-06 16:50:30,084 - VALO360 - DEBUG - 自動保存已禁用，跳過配置保存
2025-10-06 16:50:30,084 - VALO360 - DEBUG - 自動保存已禁用，跳過配置保存
2025-10-06 16:50:30,085 - VALO360 - DEBUG - 自動保存已禁用，跳過配置保存
2025-10-06 16:50:30,085 - VALO360 - DEBUG - 自動保存已禁用，跳過配置保存
2025-10-06 16:50:30,085 - VALO360 - DEBUG - 自動保存已禁用，跳過配置保存
2025-10-06 16:50:30,085 - VALO360 - DEBUG - 自動保存已禁用，跳過配置保存
2025-10-06 16:50:30,087 - VALO360 - DEBUG - 自動保存已禁用，跳過配置保存
2025-10-06 16:50:30,087 - VALO360 - DEBUG - 自動保存已禁用，跳過配置保存
2025-10-06 16:50:30,087 - VALO360 - DEBUG - 自動保存已禁用，跳過配置保存
2025-10-06 16:50:30,087 - VALO360 - DEBUG - 自動保存已禁用，跳過配置保存
2025-10-06 16:50:30,088 - VALO360 - DEBUG - 自動保存已禁用，跳過配置保存
2025-10-06 16:50:30,088 - VALO360 - DEBUG - 自動保存已禁用，跳過配置保存
2025-10-06 16:50:30,088 - VALO360 - DEBUG - 自動保存已禁用，跳過配置保存
2025-10-06 16:50:30,088 - VALO360 - DEBUG - 自動保存已禁用，跳過配置保存
2025-10-06 16:50:30,089 - VALO360 - DEBUG - 自動保存已禁用，跳過配置保存
2025-10-06 16:50:30,089 - VALO360 - DEBUG - 自動保存已禁用，跳過配置保存
2025-10-06 16:50:30,089 - VALO360 - DEBUG - 自動保存已禁用，跳過配置保存
2025-10-06 16:50:30,089 - VALO360 - DEBUG - 自動保存已禁用，跳過配置保存
2025-10-06 16:50:30,092 - VALO360 - DEBUG - 自動保存已禁用，跳過配置保存
2025-10-06 16:50:30,092 - VALO360 - DEBUG - 自動保存已禁用，跳過配置保存
2025-10-06 16:50:30,092 - VALO360 - DEBUG - 自動保存已禁用，跳過配置保存
2025-10-06 16:50:30,092 - VALO360 - DEBUG - 自動保存已禁用，跳過配置保存
2025-10-06 16:50:30,092 - VALO360 - DEBUG - 自動保存已禁用，跳過配置保存
2025-10-06 16:50:30,093 - VALO360 - DEBUG - 自動保存已禁用，跳過配置保存
2025-10-06 16:50:30,093 - VALO360 - DEBUG - 自動保存已禁用，跳過配置保存
2025-10-06 16:50:30,093 - VALO360 - DEBUG - 自動保存已禁用，跳過配置保存
2025-10-06 16:50:30,095 - VALO360 - DEBUG - 自動保存已禁用，跳過配置保存
2025-10-06 16:50:30,095 - VALO360 - DEBUG - 自動保存已禁用，跳過配置保存
2025-10-06 16:50:30,095 - VALO360 - DEBUG - 自動保存已禁用，跳過配置保存
2025-10-06 16:50:30,096 - VALO360 - DEBUG - 自動保存已禁用，跳過配置保存
2025-10-06 16:50:30,096 - VALO360 - DEBUG - 自動保存已禁用，跳過配置保存
2025-10-06 16:50:30,096 - VALO360 - DEBUG - 自動保存已禁用，跳過配置保存
2025-10-06 16:50:30,097 - VALO360 - DEBUG - 自動保存已禁用，跳過配置保存
2025-10-06 16:50:30,097 - VALO360 - DEBUG - 自動保存已禁用，跳過配置保存
2025-10-06 16:50:30,097 - VALO360 - DEBUG - 自動保存已禁用，跳過配置保存
2025-10-06 16:50:30,098 - VALO360 - DEBUG - 自動保存已禁用，跳過配置保存
2025-10-06 16:50:30,098 - VALO360 - DEBUG - 自動保存已禁用，跳過配置保存
2025-10-06 16:50:30,098 - VALO360 - DEBUG - 自動保存已禁用，跳過配置保存
2025-10-06 16:50:30,098 - VALO360 - DEBUG - 自動保存已禁用，跳過配置保存
2025-10-06 16:50:30,099 - VALO360 - DEBUG - 自動保存已禁用，跳過配置保存
2025-10-06 16:50:30,099 - VALO360 - DEBUG - 自動保存已禁用，跳過配置保存
2025-10-06 16:50:30,099 - VALO360 - DEBUG - 自動保存已禁用，跳過配置保存
2025-10-06 16:50:30,100 - VALO360 - DEBUG - 自動保存已禁用，跳過配置保存
2025-10-06 16:50:30,100 - VALO360 - DEBUG - 自動保存已禁用，跳過配置保存
2025-10-06 16:50:30,100 - VALO360 - DEBUG - 自動保存已禁用，跳過配置保存
2025-10-06 16:50:30,100 - VALO360 - DEBUG - 自動保存已禁用，跳過配置保存
2025-10-06 16:50:30,101 - VALO360 - DEBUG - 自動保存已禁用，跳過配置保存
2025-10-06 16:50:30,101 - VALO360 - DEBUG - 自動保存已禁用，跳過配置保存
2025-10-06 16:50:30,101 - VALO360 - DEBUG - 自動保存已禁用，跳過配置保存
2025-10-06 16:50:30,101 - VALO360 - DEBUG - 自動保存已禁用，跳過配置保存
2025-10-06 16:50:30,107 - VALO360 - DEBUG - 自動保存已禁用，跳過配置保存
2025-10-06 16:50:30,107 - VALO360 - DEBUG - 自動保存已禁用，跳過配置保存
2025-10-06 16:50:30,107 - VALO360 - DEBUG - 自動保存已禁用，跳過配置保存
2025-10-06 16:50:30,107 - VALO360 - DEBUG - 自動保存已禁用，跳過配置保存
2025-10-06 16:50:30,108 - VALO360 - DEBUG - 自動保存已禁用，跳過配置保存
2025-10-06 16:50:30,108 - VALO360 - DEBUG - 自動保存已禁用，跳過配置保存
2025-10-06 16:50:30,108 - VALO360 - DEBUG - 自動保存已禁用，跳過配置保存
2025-10-06 16:50:30,108 - VALO360 - DEBUG - 自動保存已禁用，跳過配置保存
2025-10-06 16:50:30,488 - VALO360 - DEBUG - 自動保存已禁用，跳過配置保存
2025-10-06 16:50:30,488 - VALO360 - DEBUG - 自動保存已禁用，跳過配置保存
2025-10-06 16:50:30,488 - VALO360 - DEBUG - 自動保存已禁用，跳過配置保存
2025-10-06 16:50:30,488 - VALO360 - DEBUG - 自動保存已禁用，跳過配置保存
2025-10-06 16:50:31,050 - VALO360 - DEBUG - 自動保存已禁用，跳過配置保存
2025-10-06 16:50:31,050 - VALO360 - DEBUG - 自動保存已禁用，跳過配置保存
2025-10-06 16:50:31,050 - VALO360 - DEBUG - 自動保存已禁用，跳過配置保存
2025-10-06 16:50:31,051 - VALO360 - DEBUG - 自動保存已禁用，跳過配置保存
2025-10-06 16:50:31,922 - VALO360 - DEBUG - 自動保存已禁用，跳過配置保存
2025-10-06 16:50:31,922 - VALO360 - DEBUG - 自動保存已禁用，跳過配置保存
2025-10-06 16:50:31,922 - VALO360 - DEBUG - 自動保存已禁用，跳過配置保存
2025-10-06 16:50:31,922 - VALO360 - DEBUG - 自動保存已禁用，跳過配置保存
2025-10-06 16:50:31,925 - VALO360 - DEBUG - 自動保存已禁用，跳過配置保存
2025-10-06 16:50:31,926 - VALO360 - DEBUG - 自動保存已禁用，跳過配置保存
2025-10-06 16:50:31,926 - VALO360 - DEBUG - 自動保存已禁用，跳過配置保存
2025-10-06 16:50:31,926 - VALO360 - DEBUG - 自動保存已禁用，跳過配置保存
2025-10-06 16:50:31,936 - VALO360 - DEBUG - 自動保存已禁用，跳過配置保存
2025-10-06 16:50:31,936 - VALO360 - DEBUG - 自動保存已禁用，跳過配置保存
2025-10-06 16:50:31,936 - VALO360 - DEBUG - 自動保存已禁用，跳過配置保存
2025-10-06 16:50:31,936 - VALO360 - DEBUG - 自動保存已禁用，跳過配置保存
2025-10-06 16:50:31,937 - VALO360 - DEBUG - 自動保存已禁用，跳過配置保存
2025-10-06 16:50:31,937 - VALO360 - DEBUG - 自動保存已禁用，跳過配置保存
2025-10-06 16:50:31,937 - VALO360 - DEBUG - 自動保存已禁用，跳過配置保存
2025-10-06 16:50:31,937 - VALO360 - DEBUG - 自動保存已禁用，跳過配置保存
2025-10-06 16:50:31,938 - VALO360 - DEBUG - 自動保存已禁用，跳過配置保存
2025-10-06 16:50:31,938 - VALO360 - DEBUG - 自動保存已禁用，跳過配置保存
2025-10-06 16:50:31,939 - VALO360 - DEBUG - 自動保存已禁用，跳過配置保存
2025-10-06 16:50:31,939 - VALO360 - DEBUG - 自動保存已禁用，跳過配置保存
2025-10-06 16:50:31,939 - VALO360 - DEBUG - 自動保存已禁用，跳過配置保存
2025-10-06 16:50:31,939 - VALO360 - DEBUG - 自動保存已禁用，跳過配置保存
2025-10-06 16:50:31,940 - VALO360 - DEBUG - 自動保存已禁用，跳過配置保存
2025-10-06 16:50:31,940 - VALO360 - DEBUG - 自動保存已禁用，跳過配置保存
2025-10-06 16:50:31,941 - VALO360 - DEBUG - 自動保存已禁用，跳過配置保存
2025-10-06 16:50:31,941 - VALO360 - DEBUG - 自動保存已禁用，跳過配置保存
2025-10-06 16:50:31,941 - VALO360 - DEBUG - 自動保存已禁用，跳過配置保存
2025-10-06 16:50:31,942 - VALO360 - DEBUG - 自動保存已禁用，跳過配置保存
2025-10-06 16:50:31,944 - VALO360 - DEBUG - 自動保存已禁用，跳過配置保存
2025-10-06 16:50:31,944 - VALO360 - DEBUG - 自動保存已禁用，跳過配置保存
2025-10-06 16:50:31,944 - VALO360 - DEBUG - 自動保存已禁用，跳過配置保存
2025-10-06 16:50:31,944 - VALO360 - DEBUG - 自動保存已禁用，跳過配置保存
2025-10-06 16:50:31,945 - VALO360 - DEBUG - 自動保存已禁用，跳過配置保存
2025-10-06 16:50:31,945 - VALO360 - DEBUG - 自動保存已禁用，跳過配置保存
2025-10-06 16:50:31,945 - VALO360 - DEBUG - 自動保存已禁用，跳過配置保存
2025-10-06 16:50:31,945 - VALO360 - DEBUG - 自動保存已禁用，跳過配置保存
2025-10-06 16:50:31,946 - VALO360 - DEBUG - 自動保存已禁用，跳過配置保存
2025-10-06 16:50:31,946 - VALO360 - DEBUG - 自動保存已禁用，跳過配置保存
2025-10-06 16:50:31,946 - VALO360 - DEBUG - 自動保存已禁用，跳過配置保存
2025-10-06 16:50:31,946 - VALO360 - DEBUG - 自動保存已禁用，跳過配置保存
2025-10-06 16:50:31,947 - VALO360 - DEBUG - 自動保存已禁用，跳過配置保存
2025-10-06 16:50:31,947 - VALO360 - DEBUG - 自動保存已禁用，跳過配置保存
2025-10-06 16:50:31,947 - VALO360 - DEBUG - 自動保存已禁用，跳過配置保存
2025-10-06 16:50:31,948 - VALO360 - DEBUG - 自動保存已禁用，跳過配置保存
2025-10-06 16:50:31,949 - VALO360 - DEBUG - 自動保存已禁用，跳過配置保存
2025-10-06 16:50:31,949 - VALO360 - DEBUG - 自動保存已禁用，跳過配置保存
2025-10-06 16:50:31,949 - VALO360 - DEBUG - 自動保存已禁用，跳過配置保存
2025-10-06 16:50:31,950 - VALO360 - DEBUG - 自動保存已禁用，跳過配置保存
2025-10-06 16:50:31,950 - VALO360 - DEBUG - 自動保存已禁用，跳過配置保存
2025-10-06 16:50:31,950 - VALO360 - DEBUG - 自動保存已禁用，跳過配置保存
2025-10-06 16:50:31,950 - VALO360 - DEBUG - 自動保存已禁用，跳過配置保存
2025-10-06 16:50:31,951 - VALO360 - DEBUG - 自動保存已禁用，跳過配置保存
2025-10-06 16:50:31,954 - VALO360 - DEBUG - 自動保存已禁用，跳過配置保存
2025-10-06 16:50:31,954 - VALO360 - DEBUG - 自動保存已禁用，跳過配置保存
2025-10-06 16:50:31,954 - VALO360 - DEBUG - 自動保存已禁用，跳過配置保存
2025-10-06 16:50:31,954 - VALO360 - DEBUG - 自動保存已禁用，跳過配置保存
2025-10-06 16:50:31,958 - VALO360 - DEBUG - 自動保存已禁用，跳過配置保存
2025-10-06 16:50:31,958 - VALO360 - DEBUG - 自動保存已禁用，跳過配置保存
2025-10-06 16:50:31,958 - VALO360 - DEBUG - 自動保存已禁用，跳過配置保存
2025-10-06 16:50:31,958 - VALO360 - DEBUG - 自動保存已禁用，跳過配置保存
2025-10-06 16:50:31,959 - VALO360 - DEBUG - 自動保存已禁用，跳過配置保存
2025-10-06 16:50:31,959 - VALO360 - DEBUG - 自動保存已禁用，跳過配置保存
2025-10-06 16:50:31,959 - VALO360 - DEBUG - 自動保存已禁用，跳過配置保存
2025-10-06 16:50:31,959 - VALO360 - DEBUG - 自動保存已禁用，跳過配置保存
2025-10-06 16:50:32,318 - VALO360 - DEBUG - 自動保存已禁用，跳過配置保存
2025-10-06 16:50:32,318 - VALO360 - DEBUG - 自動保存已禁用，跳過配置保存
2025-10-06 16:50:32,318 - VALO360 - DEBUG - 自動保存已禁用，跳過配置保存
2025-10-06 16:50:32,318 - VALO360 - DEBUG - 自動保存已禁用，跳過配置保存
2025-10-06 16:50:32,321 - VALO360 - DEBUG - 自動保存已禁用，跳過配置保存
2025-10-06 16:50:32,321 - VALO360 - DEBUG - 自動保存已禁用，跳過配置保存
2025-10-06 16:50:32,322 - VALO360 - DEBUG - 自動保存已禁用，跳過配置保存
2025-10-06 16:50:32,322 - VALO360 - DEBUG - 自動保存已禁用，跳過配置保存
2025-10-06 16:50:32,335 - VALO360 - DEBUG - 自動保存已禁用，跳過配置保存
2025-10-06 16:50:32,335 - VALO360 - DEBUG - 自動保存已禁用，跳過配置保存
2025-10-06 16:50:32,335 - VALO360 - DEBUG - 自動保存已禁用，跳過配置保存
2025-10-06 16:50:32,335 - VALO360 - DEBUG - 自動保存已禁用，跳過配置保存
2025-10-06 16:50:32,335 - VALO360 - DEBUG - 自動保存已禁用，跳過配置保存
2025-10-06 16:50:32,336 - VALO360 - DEBUG - 自動保存已禁用，跳過配置保存
2025-10-06 16:50:32,336 - VALO360 - DEBUG - 自動保存已禁用，跳過配置保存
2025-10-06 16:50:32,336 - VALO360 - DEBUG - 自動保存已禁用，跳過配置保存
2025-10-06 16:50:32,336 - VALO360 - DEBUG - 自動保存已禁用，跳過配置保存
2025-10-06 16:50:32,336 - VALO360 - DEBUG - 自動保存已禁用，跳過配置保存
2025-10-06 16:50:32,336 - VALO360 - DEBUG - 自動保存已禁用，跳過配置保存
2025-10-06 16:50:32,337 - VALO360 - DEBUG - 自動保存已禁用，跳過配置保存
2025-10-06 16:50:32,339 - VALO360 - DEBUG - 自動保存已禁用，跳過配置保存
2025-10-06 16:50:32,339 - VALO360 - DEBUG - 自動保存已禁用，跳過配置保存
2025-10-06 16:50:32,339 - VALO360 - DEBUG - 自動保存已禁用，跳過配置保存
2025-10-06 16:50:32,339 - VALO360 - DEBUG - 自動保存已禁用，跳過配置保存
2025-10-06 16:50:32,345 - VALO360 - DEBUG - 自動保存已禁用，跳過配置保存
2025-10-06 16:50:32,345 - VALO360 - DEBUG - 自動保存已禁用，跳過配置保存
2025-10-06 16:50:32,346 - VALO360 - DEBUG - 自動保存已禁用，跳過配置保存
2025-10-06 16:50:32,346 - VALO360 - DEBUG - 自動保存已禁用，跳過配置保存
2025-10-06 16:50:32,356 - VALO360 - DEBUG - 自動保存已禁用，跳過配置保存
2025-10-06 16:50:32,356 - VALO360 - DEBUG - 自動保存已禁用，跳過配置保存
2025-10-06 16:50:32,356 - VALO360 - DEBUG - 自動保存已禁用，跳過配置保存
2025-10-06 16:50:32,356 - VALO360 - DEBUG - 自動保存已禁用，跳過配置保存
2025-10-06 16:50:32,357 - VALO360 - DEBUG - 自動保存已禁用，跳過配置保存
2025-10-06 16:50:32,357 - VALO360 - DEBUG - 自動保存已禁用，跳過配置保存
2025-10-06 16:50:32,357 - VALO360 - DEBUG - 自動保存已禁用，跳過配置保存
2025-10-06 16:50:32,357 - VALO360 - DEBUG - 自動保存已禁用，跳過配置保存
2025-10-06 16:50:32,358 - VALO360 - DEBUG - 自動保存已禁用，跳過配置保存
2025-10-06 16:50:32,358 - VALO360 - DEBUG - 自動保存已禁用，跳過配置保存
2025-10-06 16:50:32,358 - VALO360 - DEBUG - 自動保存已禁用，跳過配置保存
2025-10-06 16:50:32,358 - VALO360 - DEBUG - 自動保存已禁用，跳過配置保存
2025-10-06 16:50:32,359 - VALO360 - DEBUG - 自動保存已禁用，跳過配置保存
2025-10-06 16:50:32,359 - VALO360 - DEBUG - 自動保存已禁用，跳過配置保存
2025-10-06 16:50:32,360 - VALO360 - DEBUG - 自動保存已禁用，跳過配置保存
2025-10-06 16:50:32,360 - VALO360 - DEBUG - 自動保存已禁用，跳過配置保存
2025-10-06 16:50:32,361 - VALO360 - DEBUG - 自動保存已禁用，跳過配置保存
2025-10-06 16:50:32,361 - VALO360 - DEBUG - 自動保存已禁用，跳過配置保存
2025-10-06 16:50:32,361 - VALO360 - DEBUG - 自動保存已禁用，跳過配置保存
2025-10-06 16:50:32,361 - VALO360 - DEBUG - 自動保存已禁用，跳過配置保存
2025-10-06 16:50:32,362 - VALO360 - DEBUG - 自動保存已禁用，跳過配置保存
2025-10-06 16:50:32,362 - VALO360 - DEBUG - 自動保存已禁用，跳過配置保存
2025-10-06 16:50:32,362 - VALO360 - DEBUG - 自動保存已禁用，跳過配置保存
2025-10-06 16:50:32,362 - VALO360 - DEBUG - 自動保存已禁用，跳過配置保存
2025-10-06 16:50:32,363 - VALO360 - DEBUG - 自動保存已禁用，跳過配置保存
2025-10-06 16:50:32,363 - VALO360 - DEBUG - 自動保存已禁用，跳過配置保存
2025-10-06 16:50:32,363 - VALO360 - DEBUG - 自動保存已禁用，跳過配置保存
2025-10-06 16:50:32,364 - VALO360 - DEBUG - 自動保存已禁用，跳過配置保存
2025-10-06 16:50:32,365 - VALO360 - DEBUG - 自動保存已禁用，跳過配置保存
2025-10-06 16:50:32,365 - VALO360 - DEBUG - 自動保存已禁用，跳過配置保存
2025-10-06 16:50:32,365 - VALO360 - DEBUG - 自動保存已禁用，跳過配置保存
2025-10-06 16:50:32,366 - VALO360 - DEBUG - 自動保存已禁用，跳過配置保存
2025-10-06 16:50:32,366 - VALO360 - DEBUG - 自動保存已禁用，跳過配置保存
2025-10-06 16:50:32,366 - VALO360 - DEBUG - 自動保存已禁用，跳過配置保存
2025-10-06 16:50:32,366 - VALO360 - DEBUG - 自動保存已禁用，跳過配置保存
2025-10-06 16:50:32,367 - VALO360 - DEBUG - 自動保存已禁用，跳過配置保存
2025-10-06 16:50:32,367 - VALO360 - DEBUG - 自動保存已禁用，跳過配置保存
2025-10-06 16:50:32,368 - VALO360 - DEBUG - 自動保存已禁用，跳過配置保存
2025-10-06 16:50:32,368 - VALO360 - DEBUG - 自動保存已禁用，跳過配置保存
2025-10-06 16:50:32,368 - VALO360 - DEBUG - 自動保存已禁用，跳過配置保存
2025-10-06 16:50:32,369 - VALO360 - DEBUG - 自動保存已禁用，跳過配置保存
2025-10-06 16:50:32,369 - VALO360 - DEBUG - 自動保存已禁用，跳過配置保存
2025-10-06 16:50:32,369 - VALO360 - DEBUG - 自動保存已禁用，跳過配置保存
2025-10-06 16:50:32,369 - VALO360 - DEBUG - 自動保存已禁用，跳過配置保存
2025-10-06 16:50:32,371 - VALO360 - DEBUG - 自動保存已禁用，跳過配置保存
2025-10-06 16:50:32,371 - VALO360 - DEBUG - 自動保存已禁用，跳過配置保存
2025-10-06 16:50:32,371 - VALO360 - DEBUG - 自動保存已禁用，跳過配置保存
2025-10-06 16:50:32,371 - VALO360 - DEBUG - 自動保存已禁用，跳過配置保存
2025-10-06 16:50:32,373 - VALO360 - DEBUG - 自動保存已禁用，跳過配置保存
2025-10-06 16:50:32,373 - VALO360 - DEBUG - 自動保存已禁用，跳過配置保存
2025-10-06 16:50:32,373 - VALO360 - DEBUG - 自動保存已禁用，跳過配置保存
2025-10-06 16:50:32,373 - VALO360 - DEBUG - 自動保存已禁用，跳過配置保存
2025-10-06 16:50:32,374 - VALO360 - DEBUG - 自動保存已禁用，跳過配置保存
2025-10-06 16:50:32,374 - VALO360 - DEBUG - 自動保存已禁用，跳過配置保存
2025-10-06 16:50:32,374 - VALO360 - DEBUG - 自動保存已禁用，跳過配置保存
2025-10-06 16:50:32,374 - VALO360 - DEBUG - 自動保存已禁用，跳過配置保存
2025-10-06 16:50:32,376 - VALO360 - DEBUG - 自動保存已禁用，跳過配置保存
2025-10-06 16:50:32,376 - VALO360 - DEBUG - 自動保存已禁用，跳過配置保存
2025-10-06 16:50:32,376 - VALO360 - DEBUG - 自動保存已禁用，跳過配置保存
2025-10-06 16:50:32,376 - VALO360 - DEBUG - 自動保存已禁用，跳過配置保存
2025-10-06 16:50:32,377 - VALO360 - DEBUG - 自動保存已禁用，跳過配置保存
2025-10-06 16:50:32,377 - VALO360 - DEBUG - 自動保存已禁用，跳過配置保存
2025-10-06 16:50:32,378 - VALO360 - DEBUG - 自動保存已禁用，跳過配置保存
2025-10-06 16:50:32,378 - VALO360 - DEBUG - 自動保存已禁用，跳過配置保存
2025-10-06 16:50:32,379 - VALO360 - DEBUG - 自動保存已禁用，跳過配置保存
2025-10-06 16:50:32,379 - VALO360 - DEBUG - 自動保存已禁用，跳過配置保存
2025-10-06 16:50:32,379 - VALO360 - DEBUG - 自動保存已禁用，跳過配置保存
2025-10-06 16:50:32,379 - VALO360 - DEBUG - 自動保存已禁用，跳過配置保存
2025-10-06 16:50:32,380 - VALO360 - DEBUG - 自動保存已禁用，跳過配置保存
2025-10-06 16:50:32,380 - VALO360 - DEBUG - 自動保存已禁用，跳過配置保存
2025-10-06 16:50:32,380 - VALO360 - DEBUG - 自動保存已禁用，跳過配置保存
2025-10-06 16:50:32,380 - VALO360 - DEBUG - 自動保存已禁用，跳過配置保存
2025-10-06 16:50:32,382 - VALO360 - DEBUG - 自動保存已禁用，跳過配置保存
2025-10-06 16:50:32,382 - VALO360 - DEBUG - 自動保存已禁用，跳過配置保存
2025-10-06 16:50:32,383 - VALO360 - DEBUG - 自動保存已禁用，跳過配置保存
2025-10-06 16:50:32,383 - VALO360 - DEBUG - 自動保存已禁用，跳過配置保存
2025-10-06 16:50:32,384 - VALO360 - DEBUG - 自動保存已禁用，跳過配置保存
2025-10-06 16:50:32,384 - VALO360 - DEBUG - 自動保存已禁用，跳過配置保存
2025-10-06 16:50:32,384 - VALO360 - DEBUG - 自動保存已禁用，跳過配置保存
2025-10-06 16:50:32,384 - VALO360 - DEBUG - 自動保存已禁用，跳過配置保存
2025-10-06 16:50:32,385 - VALO360 - DEBUG - 自動保存已禁用，跳過配置保存
2025-10-06 16:50:32,385 - VALO360 - DEBUG - 自動保存已禁用，跳過配置保存
2025-10-06 16:50:32,385 - VALO360 - DEBUG - 自動保存已禁用，跳過配置保存
2025-10-06 16:50:32,385 - VALO360 - DEBUG - 自動保存已禁用，跳過配置保存
2025-10-06 16:50:32,386 - VALO360 - DEBUG - 自動保存已禁用，跳過配置保存
2025-10-06 16:50:32,386 - VALO360 - DEBUG - 自動保存已禁用，跳過配置保存
2025-10-06 16:50:32,386 - VALO360 - DEBUG - 自動保存已禁用，跳過配置保存
2025-10-06 16:50:32,387 - VALO360 - DEBUG - 自動保存已禁用，跳過配置保存
2025-10-06 16:50:32,387 - VALO360 - DEBUG - 自動保存已禁用，跳過配置保存
2025-10-06 16:50:32,388 - VALO360 - DEBUG - 自動保存已禁用，跳過配置保存
2025-10-06 16:50:32,388 - VALO360 - DEBUG - 自動保存已禁用，跳過配置保存
2025-10-06 16:50:32,388 - VALO360 - DEBUG - 自動保存已禁用，跳過配置保存
2025-10-06 16:50:32,389 - VALO360 - DEBUG - 自動保存已禁用，跳過配置保存
2025-10-06 16:50:32,390 - VALO360 - DEBUG - 自動保存已禁用，跳過配置保存
2025-10-06 16:50:32,390 - VALO360 - DEBUG - 自動保存已禁用，跳過配置保存
2025-10-06 16:50:32,390 - VALO360 - DEBUG - 自動保存已禁用，跳過配置保存
2025-10-06 16:50:32,391 - VALO360 - DEBUG - 自動保存已禁用，跳過配置保存
2025-10-06 16:50:32,391 - VALO360 - DEBUG - 自動保存已禁用，跳過配置保存
2025-10-06 16:50:32,391 - VALO360 - DEBUG - 自動保存已禁用，跳過配置保存
2025-10-06 16:50:32,391 - VALO360 - DEBUG - 自動保存已禁用，跳過配置保存
2025-10-06 16:50:32,393 - VALO360 - DEBUG - 自動保存已禁用，跳過配置保存
2025-10-06 16:50:32,393 - VALO360 - DEBUG - 自動保存已禁用，跳過配置保存
2025-10-06 16:50:32,393 - VALO360 - DEBUG - 自動保存已禁用，跳過配置保存
2025-10-06 16:50:32,393 - VALO360 - DEBUG - 自動保存已禁用，跳過配置保存
2025-10-06 16:50:32,394 - VALO360 - DEBUG - 自動保存已禁用，跳過配置保存
2025-10-06 16:50:32,394 - VALO360 - DEBUG - 自動保存已禁用，跳過配置保存
2025-10-06 16:50:32,394 - VALO360 - DEBUG - 自動保存已禁用，跳過配置保存
2025-10-06 16:50:32,394 - VALO360 - DEBUG - 自動保存已禁用，跳過配置保存
2025-10-06 16:50:32,395 - VALO360 - DEBUG - 自動保存已禁用，跳過配置保存
2025-10-06 16:50:32,396 - VALO360 - DEBUG - 自動保存已禁用，跳過配置保存
2025-10-06 16:50:32,396 - VALO360 - DEBUG - 自動保存已禁用，跳過配置保存
2025-10-06 16:50:32,396 - VALO360 - DEBUG - 自動保存已禁用，跳過配置保存
2025-10-06 16:50:32,397 - VALO360 - DEBUG - 自動保存已禁用，跳過配置保存
2025-10-06 16:50:32,397 - VALO360 - DEBUG - 自動保存已禁用，跳過配置保存
2025-10-06 16:50:32,397 - VALO360 - DEBUG - 自動保存已禁用，跳過配置保存
2025-10-06 16:50:32,397 - VALO360 - DEBUG - 自動保存已禁用，跳過配置保存
2025-10-06 16:50:32,398 - VALO360 - DEBUG - 自動保存已禁用，跳過配置保存
2025-10-06 16:50:32,398 - VALO360 - DEBUG - 自動保存已禁用，跳過配置保存
2025-10-06 16:50:32,398 - VALO360 - DEBUG - 自動保存已禁用，跳過配置保存
2025-10-06 16:50:32,398 - VALO360 - DEBUG - 自動保存已禁用，跳過配置保存
2025-10-06 16:50:32,399 - VALO360 - DEBUG - 自動保存已禁用，跳過配置保存
2025-10-06 16:50:32,400 - VALO360 - DEBUG - 自動保存已禁用，跳過配置保存
2025-10-06 16:50:32,400 - VALO360 - DEBUG - 自動保存已禁用，跳過配置保存
2025-10-06 16:50:32,400 - VALO360 - DEBUG - 自動保存已禁用，跳過配置保存
2025-10-06 16:50:32,400 - VALO360 - DEBUG - 自動保存已禁用，跳過配置保存
2025-10-06 16:50:32,401 - VALO360 - DEBUG - 自動保存已禁用，跳過配置保存
2025-10-06 16:50:32,401 - VALO360 - DEBUG - 自動保存已禁用，跳過配置保存
2025-10-06 16:50:32,401 - VALO360 - DEBUG - 自動保存已禁用，跳過配置保存
2025-10-06 16:50:32,402 - VALO360 - DEBUG - 自動保存已禁用，跳過配置保存
2025-10-06 16:50:32,402 - VALO360 - DEBUG - 自動保存已禁用，跳過配置保存
2025-10-06 16:50:32,402 - VALO360 - DEBUG - 自動保存已禁用，跳過配置保存
2025-10-06 16:50:32,402 - VALO360 - DEBUG - 自動保存已禁用，跳過配置保存
2025-10-06 16:50:32,403 - VALO360 - DEBUG - 自動保存已禁用，跳過配置保存
2025-10-06 16:50:32,403 - VALO360 - DEBUG - 自動保存已禁用，跳過配置保存
2025-10-06 16:50:32,403 - VALO360 - DEBUG - 自動保存已禁用，跳過配置保存
2025-10-06 16:50:32,403 - VALO360 - DEBUG - 自動保存已禁用，跳過配置保存
2025-10-06 16:50:32,409 - VALO360 - DEBUG - 自動保存已禁用，跳過配置保存
2025-10-06 16:50:32,409 - VALO360 - DEBUG - 自動保存已禁用，跳過配置保存
2025-10-06 16:50:32,409 - VALO360 - DEBUG - 自動保存已禁用，跳過配置保存
2025-10-06 16:50:32,409 - VALO360 - DEBUG - 自動保存已禁用，跳過配置保存
2025-10-06 16:50:32,410 - VALO360 - DEBUG - 自動保存已禁用，跳過配置保存
2025-10-06 16:50:32,410 - VALO360 - DEBUG - 自動保存已禁用，跳過配置保存
2025-10-06 16:50:32,410 - VALO360 - DEBUG - 自動保存已禁用，跳過配置保存
2025-10-06 16:50:32,410 - VALO360 - DEBUG - 自動保存已禁用，跳過配置保存
2025-10-06 16:50:32,411 - VALO360 - DEBUG - 自動保存已禁用，跳過配置保存
2025-10-06 16:50:32,411 - VALO360 - DEBUG - 自動保存已禁用，跳過配置保存
2025-10-06 16:50:32,411 - VALO360 - DEBUG - 自動保存已禁用，跳過配置保存
2025-10-06 16:50:32,412 - VALO360 - DEBUG - 自動保存已禁用，跳過配置保存
2025-10-06 16:50:32,418 - VALO360 - DEBUG - 自動保存已禁用，跳過配置保存
2025-10-06 16:50:32,418 - VALO360 - DEBUG - 自動保存已禁用，跳過配置保存
2025-10-06 16:50:32,418 - VALO360 - DEBUG - 自動保存已禁用，跳過配置保存
2025-10-06 16:50:32,419 - VALO360 - DEBUG - 自動保存已禁用，跳過配置保存
2025-10-06 16:50:32,419 - VALO360 - DEBUG - 自動保存已禁用，跳過配置保存
2025-10-06 16:50:32,419 - VALO360 - DEBUG - 自動保存已禁用，跳過配置保存
2025-10-06 16:50:32,419 - VALO360 - DEBUG - 自動保存已禁用，跳過配置保存
2025-10-06 16:50:32,420 - VALO360 - DEBUG - 自動保存已禁用，跳過配置保存
2025-10-06 16:50:32,420 - VALO360 - DEBUG - 自動保存已禁用，跳過配置保存
2025-10-06 16:50:32,421 - VALO360 - DEBUG - 自動保存已禁用，跳過配置保存
2025-10-06 16:50:32,421 - VALO360 - DEBUG - 自動保存已禁用，跳過配置保存
2025-10-06 16:50:32,421 - VALO360 - DEBUG - 自動保存已禁用，跳過配置保存
2025-10-06 16:50:32,421 - VALO360 - DEBUG - 自動保存已禁用，跳過配置保存
2025-10-06 16:50:32,422 - VALO360 - DEBUG - 自動保存已禁用，跳過配置保存
2025-10-06 16:50:32,422 - VALO360 - DEBUG - 自動保存已禁用，跳過配置保存
2025-10-06 16:50:32,422 - VALO360 - DEBUG - 自動保存已禁用，跳過配置保存
2025-10-06 16:50:32,423 - VALO360 - DEBUG - 自動保存已禁用，跳過配置保存
2025-10-06 16:50:32,423 - VALO360 - DEBUG - 自動保存已禁用，跳過配置保存
2025-10-06 16:50:32,423 - VALO360 - DEBUG - 自動保存已禁用，跳過配置保存
2025-10-06 16:50:32,423 - VALO360 - DEBUG - 自動保存已禁用，跳過配置保存
2025-10-06 16:50:32,424 - VALO360 - DEBUG - 自動保存已禁用，跳過配置保存
2025-10-06 16:50:32,424 - VALO360 - DEBUG - 自動保存已禁用，跳過配置保存
2025-10-06 16:50:32,424 - VALO360 - DEBUG - 自動保存已禁用，跳過配置保存
2025-10-06 16:50:32,424 - VALO360 - DEBUG - 自動保存已禁用，跳過配置保存
2025-10-06 16:50:32,425 - VALO360 - DEBUG - 自動保存已禁用，跳過配置保存
2025-10-06 16:50:32,425 - VALO360 - DEBUG - 自動保存已禁用，跳過配置保存
2025-10-06 16:50:32,425 - VALO360 - DEBUG - 自動保存已禁用，跳過配置保存
2025-10-06 16:50:32,425 - VALO360 - DEBUG - 自動保存已禁用，跳過配置保存
2025-10-06 16:50:32,426 - VALO360 - DEBUG - 自動保存已禁用，跳過配置保存
2025-10-06 16:50:32,426 - VALO360 - DEBUG - 自動保存已禁用，跳過配置保存
2025-10-06 16:50:32,426 - VALO360 - DEBUG - 自動保存已禁用，跳過配置保存
2025-10-06 16:50:32,426 - VALO360 - DEBUG - 自動保存已禁用，跳過配置保存
2025-10-06 16:50:32,932 - VALO360 - DEBUG - 自動保存已禁用，跳過配置保存
2025-10-06 16:50:32,932 - VALO360 - DEBUG - 自動保存已禁用，跳過配置保存
2025-10-06 16:50:32,932 - VALO360 - DEBUG - 自動保存已禁用，跳過配置保存
2025-10-06 16:50:32,932 - VALO360 - DEBUG - 自動保存已禁用，跳過配置保存
2025-10-06 16:50:32,952 - VALO360 - DEBUG - 找到 3 個COM口: ['COM1', 'COM3', 'COM4']
2025-10-06 16:50:34,043 - VALO360 - DEBUG - 自動保存已禁用，跳過配置保存
2025-10-06 16:50:34,043 - VALO360 - DEBUG - 自動保存已禁用，跳過配置保存
2025-10-06 16:50:34,043 - VALO360 - DEBUG - 自動保存已禁用，跳過配置保存
2025-10-06 16:50:34,044 - VALO360 - DEBUG - 自動保存已禁用，跳過配置保存
2025-10-06 16:50:34,792 - VALO360 - DEBUG - 自動保存已禁用，跳過配置保存
2025-10-06 16:50:34,792 - VALO360 - DEBUG - 自動保存已禁用，跳過配置保存
2025-10-06 16:50:34,792 - VALO360 - DEBUG - 自動保存已禁用，跳過配置保存
2025-10-06 16:50:34,792 - VALO360 - DEBUG - 自動保存已禁用，跳過配置保存
2025-10-06 16:50:39,634 - VALO360 - DEBUG - 自動保存已禁用，跳過配置保存
2025-10-06 16:50:39,634 - VALO360 - DEBUG - 自動保存已禁用，跳過配置保存
2025-10-06 16:50:39,634 - VALO360 - DEBUG - 自動保存已禁用，跳過配置保存
2025-10-06 16:50:39,634 - VALO360 - DEBUG - 自動保存已禁用，跳過配置保存
2025-10-06 16:50:40,102 - VALO360 - DEBUG - 自動保存已禁用，跳過配置保存
2025-10-06 16:50:40,102 - VALO360 - DEBUG - 自動保存已禁用，跳過配置保存
2025-10-06 16:50:40,102 - VALO360 - DEBUG - 自動保存已禁用，跳過配置保存
2025-10-06 16:50:40,102 - VALO360 - DEBUG - 自動保存已禁用，跳過配置保存
2025-10-06 16:50:40,580 - VALO360 - DEBUG - 自動保存已禁用，跳過配置保存
2025-10-06 16:50:40,580 - VALO360 - DEBUG - 自動保存已禁用，跳過配置保存
2025-10-06 16:50:40,580 - VALO360 - DEBUG - 自動保存已禁用，跳過配置保存
2025-10-06 16:50:40,580 - VALO360 - DEBUG - 自動保存已禁用，跳過配置保存
2025-10-06 16:50:41,351 - VALO360 - DEBUG - 自動保存已禁用，跳過配置保存
2025-10-06 16:50:41,351 - VALO360 - DEBUG - 自動保存已禁用，跳過配置保存
2025-10-06 16:50:41,351 - VALO360 - DEBUG - 自動保存已禁用，跳過配置保存
2025-10-06 16:50:41,351 - VALO360 - DEBUG - 自動保存已禁用，跳過配置保存
2025-10-06 16:50:43,730 - VALO360 - DEBUG - 自動保存已禁用，跳過配置保存
2025-10-06 16:50:43,731 - VALO360 - DEBUG - 自動保存已禁用，跳過配置保存
2025-10-06 16:50:43,731 - VALO360 - DEBUG - 自動保存已禁用，跳過配置保存
2025-10-06 16:50:43,731 - VALO360 - DEBUG - 自動保存已禁用，跳過配置保存
2025-10-06 16:50:44,761 - VALO360 - DEBUG - 自動保存已禁用，跳過配置保存
2025-10-06 16:50:44,761 - VALO360 - DEBUG - 自動保存已禁用，跳過配置保存
2025-10-06 16:50:44,761 - VALO360 - DEBUG - 自動保存已禁用，跳過配置保存
2025-10-06 16:50:44,762 - VALO360 - DEBUG - 自動保存已禁用，跳過配置保存
2025-10-06 16:50:46,334 - VALO360 - DEBUG - 自動保存已禁用，跳過配置保存
2025-10-06 16:50:46,334 - VALO360 - DEBUG - 自動保存已禁用，跳過配置保存
2025-10-06 16:50:46,334 - VALO360 - DEBUG - 自動保存已禁用，跳過配置保存
2025-10-06 16:50:46,334 - VALO360 - DEBUG - 自動保存已禁用，跳過配置保存
2025-10-06 16:50:50,823 - VALO360 - DEBUG - 配置已備份至: backup\setup_backup_20251006_165050.json
2025-10-06 16:50:50,826 - VALO360 - DEBUG - 配置保存成功
2025-10-06 16:50:50,830 - VALO360 - DEBUG - 配置已備份至: backup\setup_backup_20251006_165050.json
2025-10-06 16:50:50,833 - VALO360 - DEBUG - 配置保存成功
2025-10-06 16:50:50,834 - VALO360 - DEBUG - 自動保存已禁用，跳過配置保存
2025-10-06 16:50:50,834 - VALO360 - INFO - 程式關閉時已保存所有待保存的設定
2025-10-06 16:50:50,834 - VALO360 - INFO - 程式正常關閉
2025-10-06 16:50:50,871 - VALO360 - INFO - 資源清理完成
2025-10-06 16:50:50,871 - VALO360 - INFO - 應用程式資源清理完成
