2025-08-01 11:49:40,703 - VALO360 - DEBUG - 找到指令檔: D:\((Python TOOL\指令工具-20250428T020034Z-001\CODE_HERE2\dist\Command_TABLE\command.txt
2025-08-01 11:49:40,704 - VALO360 - INFO - 設定檔不存在，將由配置管理器創建
2025-08-01 11:49:40,733 - VALO360 - INFO - 成功載入 94 個指令
2025-08-01 11:49:40,736 - VALO360 - INFO - 運行日誌: main.py 啟動
2025-08-01 11:49:40,736 - VALO360 - INFO - 指令通主程式啟動
2025-08-01 11:49:40,736 - VALO360 - INFO - 運行日誌: 成功 import TabManager
2025-08-01 11:49:40,736 - VALO360 - INFO - UI模組導入成功
2025-08-01 11:49:40,736 - VALO360 - INFO - 日誌系統初始化完成
2025-08-01 11:49:40,736 - VALO360 - DEBUG - ConfigManager: 自動保存已禁用
2025-08-01 11:49:40,742 - VALO360 - INFO - ConfigManager自動保存已禁用
2025-08-01 11:49:40,742 - VALO360 - INFO - 未找到關鍵字高亮設定文件，使用空設定
2025-08-01 11:49:40,940 - VALO360 - INFO - 配置文件不存在，創建預設配置
2025-08-01 11:49:40,941 - VALO360 - DEBUG - 配置保存成功
2025-08-01 11:49:40,941 - VALO360 - INFO - 統一設定管理器已初始化
2025-08-01 11:49:41,407 - VALO360 - DEBUG - 找到 2 個COM口: ['COM5', 'COM6']
2025-08-01 11:49:42,851 - VALO360 - INFO - 視窗設置完成: 指令通_1.6.3.3 (1536x793)
2025-08-01 11:49:42,851 - VALO360 - INFO - 程式啟動時更新標籤頁名稱
2025-08-01 11:49:42,851 - VALO360 - INFO - 應用程式啟動完成，進入主循環
2025-08-01 11:49:42,857 - VALO360 - DEBUG - 找到 2 個COM口: ['COM5', 'COM6']
2025-08-01 11:49:42,904 - VALO360 - DEBUG - 自動保存已禁用，跳過配置保存
2025-08-01 11:49:42,904 - VALO360 - DEBUG - 自動保存已禁用，跳過配置保存
2025-08-01 11:49:42,904 - VALO360 - DEBUG - 自動保存已禁用，跳過配置保存
2025-08-01 11:49:42,904 - VALO360 - DEBUG - 自動保存已禁用，跳過配置保存
2025-08-01 11:49:42,910 - VALO360 - DEBUG - 自動保存已禁用，跳過配置保存
2025-08-01 11:49:42,910 - VALO360 - DEBUG - 自動保存已禁用，跳過配置保存
2025-08-01 11:49:42,910 - VALO360 - DEBUG - 自動保存已禁用，跳過配置保存
2025-08-01 11:49:42,910 - VALO360 - DEBUG - 自動保存已禁用，跳過配置保存
2025-08-01 11:49:42,910 - VALO360 - DEBUG - 自動保存已禁用，跳過配置保存
2025-08-01 11:49:42,910 - VALO360 - DEBUG - 自動保存已禁用，跳過配置保存
2025-08-01 11:49:42,913 - VALO360 - DEBUG - 自動保存已禁用，跳過配置保存
2025-08-01 11:49:42,913 - VALO360 - DEBUG - 自動保存已禁用，跳過配置保存
2025-08-01 11:49:42,914 - VALO360 - DEBUG - 自動保存已禁用，跳過配置保存
2025-08-01 11:49:42,914 - VALO360 - DEBUG - 自動保存已禁用，跳過配置保存
2025-08-01 11:49:42,914 - VALO360 - DEBUG - 自動保存已禁用，跳過配置保存
2025-08-01 11:49:42,914 - VALO360 - DEBUG - 自動保存已禁用，跳過配置保存
2025-08-01 11:49:42,916 - VALO360 - DEBUG - 自動保存已禁用，跳過配置保存
2025-08-01 11:49:42,916 - VALO360 - DEBUG - 自動保存已禁用，跳過配置保存
2025-08-01 11:49:42,916 - VALO360 - DEBUG - 自動保存已禁用，跳過配置保存
2025-08-01 11:49:42,916 - VALO360 - DEBUG - 自動保存已禁用，跳過配置保存
2025-08-01 11:49:42,918 - VALO360 - DEBUG - 自動保存已禁用，跳過配置保存
2025-08-01 11:49:42,918 - VALO360 - DEBUG - 自動保存已禁用，跳過配置保存
2025-08-01 11:49:42,918 - VALO360 - DEBUG - 自動保存已禁用，跳過配置保存
2025-08-01 11:49:42,918 - VALO360 - DEBUG - 自動保存已禁用，跳過配置保存
2025-08-01 11:49:42,920 - VALO360 - DEBUG - 自動保存已禁用，跳過配置保存
2025-08-01 11:49:42,920 - VALO360 - DEBUG - 自動保存已禁用，跳過配置保存
2025-08-01 11:49:42,920 - VALO360 - DEBUG - 自動保存已禁用，跳過配置保存
2025-08-01 11:49:42,920 - VALO360 - DEBUG - 自動保存已禁用，跳過配置保存
2025-08-01 11:49:42,922 - VALO360 - DEBUG - 自動保存已禁用，跳過配置保存
2025-08-01 11:49:42,922 - VALO360 - DEBUG - 自動保存已禁用，跳過配置保存
2025-08-01 11:49:42,923 - VALO360 - DEBUG - 自動保存已禁用，跳過配置保存
2025-08-01 11:49:42,923 - VALO360 - DEBUG - 自動保存已禁用，跳過配置保存
2025-08-01 11:49:42,925 - VALO360 - DEBUG - 自動保存已禁用，跳過配置保存
2025-08-01 11:49:42,925 - VALO360 - DEBUG - 自動保存已禁用，跳過配置保存
2025-08-01 11:49:42,925 - VALO360 - DEBUG - 自動保存已禁用，跳過配置保存
2025-08-01 11:49:42,925 - VALO360 - DEBUG - 自動保存已禁用，跳過配置保存
2025-08-01 11:49:42,925 - VALO360 - DEBUG - 自動保存已禁用，跳過配置保存
2025-08-01 11:49:42,925 - VALO360 - DEBUG - 自動保存已禁用，跳過配置保存
2025-08-01 11:49:42,928 - VALO360 - DEBUG - 自動保存已禁用，跳過配置保存
2025-08-01 11:49:42,928 - VALO360 - DEBUG - 自動保存已禁用，跳過配置保存
2025-08-01 11:49:42,928 - VALO360 - DEBUG - 自動保存已禁用，跳過配置保存
2025-08-01 11:49:42,928 - VALO360 - DEBUG - 自動保存已禁用，跳過配置保存
2025-08-01 11:49:42,930 - VALO360 - DEBUG - 自動保存已禁用，跳過配置保存
2025-08-01 11:49:42,930 - VALO360 - DEBUG - 自動保存已禁用，跳過配置保存
2025-08-01 11:49:42,930 - VALO360 - DEBUG - 自動保存已禁用，跳過配置保存
2025-08-01 11:49:42,930 - VALO360 - DEBUG - 自動保存已禁用，跳過配置保存
2025-08-01 11:49:42,930 - VALO360 - DEBUG - 自動保存已禁用，跳過配置保存
2025-08-01 11:49:42,932 - VALO360 - DEBUG - 自動保存已禁用，跳過配置保存
2025-08-01 11:49:42,933 - VALO360 - DEBUG - 自動保存已禁用，跳過配置保存
2025-08-01 11:49:42,933 - VALO360 - DEBUG - 自動保存已禁用，跳過配置保存
2025-08-01 11:49:42,933 - VALO360 - DEBUG - 自動保存已禁用，跳過配置保存
2025-08-01 11:49:42,935 - VALO360 - DEBUG - 自動保存已禁用，跳過配置保存
2025-08-01 11:49:42,935 - VALO360 - DEBUG - 自動保存已禁用，跳過配置保存
2025-08-01 11:49:42,935 - VALO360 - DEBUG - 自動保存已禁用，跳過配置保存
2025-08-01 11:49:42,937 - VALO360 - DEBUG - 自動保存已禁用，跳過配置保存
2025-08-01 11:49:42,937 - VALO360 - DEBUG - 自動保存已禁用，跳過配置保存
2025-08-01 11:49:42,937 - VALO360 - DEBUG - 自動保存已禁用，跳過配置保存
2025-08-01 11:49:42,937 - VALO360 - DEBUG - 自動保存已禁用，跳過配置保存
2025-08-01 11:49:42,937 - VALO360 - DEBUG - 自動保存已禁用，跳過配置保存
2025-08-01 11:49:42,937 - VALO360 - DEBUG - 自動保存已禁用，跳過配置保存
2025-08-01 11:49:42,937 - VALO360 - DEBUG - 自動保存已禁用，跳過配置保存
2025-08-01 11:49:42,937 - VALO360 - DEBUG - 自動保存已禁用，跳過配置保存
2025-08-01 11:49:42,937 - VALO360 - DEBUG - 自動保存已禁用，跳過配置保存
2025-08-01 11:49:42,937 - VALO360 - DEBUG - 自動保存已禁用，跳過配置保存
2025-08-01 11:49:42,937 - VALO360 - DEBUG - 自動保存已禁用，跳過配置保存
2025-08-01 11:49:42,937 - VALO360 - DEBUG - 自動保存已禁用，跳過配置保存
2025-08-01 11:49:42,937 - VALO360 - DEBUG - 自動保存已禁用，跳過配置保存
2025-08-01 11:49:42,937 - VALO360 - DEBUG - 自動保存已禁用，跳過配置保存
2025-08-01 11:49:42,944 - VALO360 - DEBUG - 自動保存已禁用，跳過配置保存
2025-08-01 11:49:42,945 - VALO360 - DEBUG - 自動保存已禁用，跳過配置保存
2025-08-01 11:49:42,945 - VALO360 - DEBUG - 自動保存已禁用，跳過配置保存
2025-08-01 11:49:42,945 - VALO360 - DEBUG - 自動保存已禁用，跳過配置保存
2025-08-01 11:49:42,945 - VALO360 - DEBUG - 自動保存已禁用，跳過配置保存
2025-08-01 11:49:42,945 - VALO360 - DEBUG - 自動保存已禁用，跳過配置保存
2025-08-01 11:49:42,945 - VALO360 - DEBUG - 自動保存已禁用，跳過配置保存
2025-08-01 11:49:42,945 - VALO360 - DEBUG - 自動保存已禁用，跳過配置保存
2025-08-01 11:49:42,945 - VALO360 - DEBUG - 自動保存已禁用，跳過配置保存
2025-08-01 11:49:42,945 - VALO360 - DEBUG - 自動保存已禁用，跳過配置保存
2025-08-01 11:49:42,945 - VALO360 - DEBUG - 自動保存已禁用，跳過配置保存
2025-08-01 11:49:42,945 - VALO360 - DEBUG - 自動保存已禁用，跳過配置保存
2025-08-01 11:49:42,945 - VALO360 - DEBUG - 自動保存已禁用，跳過配置保存
2025-08-01 11:49:42,945 - VALO360 - DEBUG - 自動保存已禁用，跳過配置保存
2025-08-01 11:49:42,945 - VALO360 - DEBUG - 自動保存已禁用，跳過配置保存
2025-08-01 11:49:42,945 - VALO360 - DEBUG - 自動保存已禁用，跳過配置保存
2025-08-01 11:49:42,945 - VALO360 - DEBUG - 自動保存已禁用，跳過配置保存
2025-08-01 11:49:42,945 - VALO360 - DEBUG - 自動保存已禁用，跳過配置保存
2025-08-01 11:49:42,945 - VALO360 - DEBUG - 自動保存已禁用，跳過配置保存
2025-08-01 11:49:42,954 - VALO360 - DEBUG - 自動保存已禁用，跳過配置保存
2025-08-01 11:49:42,955 - VALO360 - DEBUG - 自動保存已禁用，跳過配置保存
2025-08-01 11:49:42,955 - VALO360 - DEBUG - 自動保存已禁用，跳過配置保存
2025-08-01 11:49:42,955 - VALO360 - DEBUG - 自動保存已禁用，跳過配置保存
2025-08-01 11:49:42,955 - VALO360 - DEBUG - 自動保存已禁用，跳過配置保存
2025-08-01 11:49:42,955 - VALO360 - DEBUG - 自動保存已禁用，跳過配置保存
2025-08-01 11:49:42,955 - VALO360 - DEBUG - 自動保存已禁用，跳過配置保存
2025-08-01 11:49:42,955 - VALO360 - DEBUG - 自動保存已禁用，跳過配置保存
2025-08-01 11:49:42,955 - VALO360 - DEBUG - 自動保存已禁用，跳過配置保存
2025-08-01 11:49:42,955 - VALO360 - DEBUG - 自動保存已禁用，跳過配置保存
2025-08-01 11:49:42,955 - VALO360 - DEBUG - 自動保存已禁用，跳過配置保存
2025-08-01 11:49:42,955 - VALO360 - DEBUG - 自動保存已禁用，跳過配置保存
2025-08-01 11:49:42,955 - VALO360 - DEBUG - 自動保存已禁用，跳過配置保存
2025-08-01 11:49:42,955 - VALO360 - DEBUG - 自動保存已禁用，跳過配置保存
2025-08-01 11:49:42,955 - VALO360 - DEBUG - 自動保存已禁用，跳過配置保存
2025-08-01 11:49:42,955 - VALO360 - DEBUG - 自動保存已禁用，跳過配置保存
2025-08-01 11:49:42,964 - VALO360 - DEBUG - 自動保存已禁用，跳過配置保存
2025-08-01 11:49:42,964 - VALO360 - DEBUG - 自動保存已禁用，跳過配置保存
2025-08-01 11:49:42,964 - VALO360 - DEBUG - 自動保存已禁用，跳過配置保存
2025-08-01 11:49:42,966 - VALO360 - DEBUG - 自動保存已禁用，跳過配置保存
2025-08-01 11:49:42,966 - VALO360 - DEBUG - 自動保存已禁用，跳過配置保存
2025-08-01 11:49:42,966 - VALO360 - DEBUG - 自動保存已禁用，跳過配置保存
2025-08-01 11:49:42,966 - VALO360 - DEBUG - 自動保存已禁用，跳過配置保存
2025-08-01 11:49:42,968 - VALO360 - DEBUG - 自動保存已禁用，跳過配置保存
2025-08-01 11:49:42,968 - VALO360 - DEBUG - 自動保存已禁用，跳過配置保存
2025-08-01 11:49:42,968 - VALO360 - DEBUG - 自動保存已禁用，跳過配置保存
2025-08-01 11:49:42,970 - VALO360 - DEBUG - 自動保存已禁用，跳過配置保存
2025-08-01 11:49:42,970 - VALO360 - DEBUG - 自動保存已禁用，跳過配置保存
2025-08-01 11:49:42,970 - VALO360 - DEBUG - 自動保存已禁用，跳過配置保存
2025-08-01 11:49:42,970 - VALO360 - DEBUG - 自動保存已禁用，跳過配置保存
2025-08-01 11:49:42,972 - VALO360 - DEBUG - 自動保存已禁用，跳過配置保存
2025-08-01 11:49:42,972 - VALO360 - DEBUG - 自動保存已禁用，跳過配置保存
2025-08-01 11:49:42,972 - VALO360 - DEBUG - 自動保存已禁用，跳過配置保存
2025-08-01 11:49:42,972 - VALO360 - DEBUG - 自動保存已禁用，跳過配置保存
2025-08-01 11:49:42,974 - VALO360 - DEBUG - 自動保存已禁用，跳過配置保存
2025-08-01 11:49:42,974 - VALO360 - DEBUG - 自動保存已禁用，跳過配置保存
2025-08-01 11:49:42,974 - VALO360 - DEBUG - 自動保存已禁用，跳過配置保存
2025-08-01 11:49:42,975 - VALO360 - DEBUG - 自動保存已禁用，跳過配置保存
2025-08-01 11:49:42,975 - VALO360 - DEBUG - 自動保存已禁用，跳過配置保存
2025-08-01 11:49:42,977 - VALO360 - DEBUG - 自動保存已禁用，跳過配置保存
2025-08-01 11:49:42,977 - VALO360 - DEBUG - 自動保存已禁用，跳過配置保存
2025-08-01 11:49:42,977 - VALO360 - DEBUG - 自動保存已禁用，跳過配置保存
2025-08-01 11:49:42,977 - VALO360 - DEBUG - 自動保存已禁用，跳過配置保存
2025-08-01 11:49:42,979 - VALO360 - DEBUG - 自動保存已禁用，跳過配置保存
2025-08-01 11:49:42,979 - VALO360 - DEBUG - 自動保存已禁用，跳過配置保存
2025-08-01 11:49:42,979 - VALO360 - DEBUG - 自動保存已禁用，跳過配置保存
2025-08-01 11:49:42,979 - VALO360 - DEBUG - 自動保存已禁用，跳過配置保存
2025-08-01 11:49:42,981 - VALO360 - DEBUG - 自動保存已禁用，跳過配置保存
2025-08-01 11:49:42,981 - VALO360 - DEBUG - 自動保存已禁用，跳過配置保存
2025-08-01 11:49:42,981 - VALO360 - DEBUG - 自動保存已禁用，跳過配置保存
2025-08-01 11:49:42,981 - VALO360 - DEBUG - 自動保存已禁用，跳過配置保存
2025-08-01 11:49:42,983 - VALO360 - DEBUG - 自動保存已禁用，跳過配置保存
2025-08-01 11:49:42,983 - VALO360 - DEBUG - 自動保存已禁用，跳過配置保存
2025-08-01 11:49:42,984 - VALO360 - DEBUG - 自動保存已禁用，跳過配置保存
2025-08-01 11:49:42,985 - VALO360 - DEBUG - 自動保存已禁用，跳過配置保存
2025-08-01 11:49:42,985 - VALO360 - DEBUG - 自動保存已禁用，跳過配置保存
2025-08-01 11:49:42,985 - VALO360 - DEBUG - 自動保存已禁用，跳過配置保存
2025-08-01 11:49:42,987 - VALO360 - DEBUG - 自動保存已禁用，跳過配置保存
2025-08-01 11:49:42,987 - VALO360 - DEBUG - 自動保存已禁用，跳過配置保存
2025-08-01 11:49:42,987 - VALO360 - DEBUG - 自動保存已禁用，跳過配置保存
2025-08-01 11:49:42,987 - VALO360 - DEBUG - 自動保存已禁用，跳過配置保存
2025-08-01 11:49:42,990 - VALO360 - DEBUG - 自動保存已禁用，跳過配置保存
2025-08-01 11:49:42,990 - VALO360 - DEBUG - 自動保存已禁用，跳過配置保存
2025-08-01 11:49:42,990 - VALO360 - DEBUG - 自動保存已禁用，跳過配置保存
2025-08-01 11:49:42,990 - VALO360 - DEBUG - 自動保存已禁用，跳過配置保存
2025-08-01 11:49:42,992 - VALO360 - DEBUG - 自動保存已禁用，跳過配置保存
2025-08-01 11:49:42,992 - VALO360 - DEBUG - 自動保存已禁用，跳過配置保存
2025-08-01 11:49:42,992 - VALO360 - DEBUG - 自動保存已禁用，跳過配置保存
2025-08-01 11:49:42,992 - VALO360 - DEBUG - 自動保存已禁用，跳過配置保存
2025-08-01 11:49:42,994 - VALO360 - DEBUG - 自動保存已禁用，跳過配置保存
2025-08-01 11:49:42,995 - VALO360 - DEBUG - 自動保存已禁用，跳過配置保存
2025-08-01 11:49:42,995 - VALO360 - DEBUG - 自動保存已禁用，跳過配置保存
2025-08-01 11:49:42,995 - VALO360 - DEBUG - 自動保存已禁用，跳過配置保存
2025-08-01 11:49:42,997 - VALO360 - DEBUG - 自動保存已禁用，跳過配置保存
2025-08-01 11:49:42,997 - VALO360 - DEBUG - 自動保存已禁用，跳過配置保存
2025-08-01 11:49:42,997 - VALO360 - DEBUG - 自動保存已禁用，跳過配置保存
2025-08-01 11:49:42,997 - VALO360 - DEBUG - 自動保存已禁用，跳過配置保存
2025-08-01 11:49:42,997 - VALO360 - DEBUG - 自動保存已禁用，跳過配置保存
2025-08-01 11:49:42,997 - VALO360 - DEBUG - 自動保存已禁用，跳過配置保存
2025-08-01 11:49:43,001 - VALO360 - DEBUG - 自動保存已禁用，跳過配置保存
2025-08-01 11:49:43,001 - VALO360 - DEBUG - 自動保存已禁用，跳過配置保存
2025-08-01 11:49:43,001 - VALO360 - DEBUG - 自動保存已禁用，跳過配置保存
2025-08-01 11:49:43,001 - VALO360 - DEBUG - 自動保存已禁用，跳過配置保存
2025-08-01 11:49:43,001 - VALO360 - DEBUG - 自動保存已禁用，跳過配置保存
2025-08-01 11:49:43,001 - VALO360 - DEBUG - 自動保存已禁用，跳過配置保存
2025-08-01 11:49:43,005 - VALO360 - DEBUG - 自動保存已禁用，跳過配置保存
2025-08-01 11:49:43,005 - VALO360 - DEBUG - 自動保存已禁用，跳過配置保存
2025-08-01 11:49:43,006 - VALO360 - DEBUG - 自動保存已禁用，跳過配置保存
2025-08-01 11:49:43,006 - VALO360 - DEBUG - 自動保存已禁用，跳過配置保存
2025-08-01 11:49:43,006 - VALO360 - DEBUG - 自動保存已禁用，跳過配置保存
2025-08-01 11:49:43,006 - VALO360 - DEBUG - 自動保存已禁用，跳過配置保存
2025-08-01 11:49:43,008 - VALO360 - DEBUG - 自動保存已禁用，跳過配置保存
2025-08-01 11:49:43,008 - VALO360 - DEBUG - 自動保存已禁用，跳過配置保存
2025-08-01 11:49:43,008 - VALO360 - DEBUG - 自動保存已禁用，跳過配置保存
2025-08-01 11:49:43,008 - VALO360 - DEBUG - 自動保存已禁用，跳過配置保存
2025-08-01 11:49:43,008 - VALO360 - DEBUG - 自動保存已禁用，跳過配置保存
2025-08-01 11:49:43,008 - VALO360 - DEBUG - 自動保存已禁用，跳過配置保存
2025-08-01 11:49:43,011 - VALO360 - DEBUG - 自動保存已禁用，跳過配置保存
2025-08-01 11:49:43,011 - VALO360 - DEBUG - 自動保存已禁用，跳過配置保存
2025-08-01 11:49:43,013 - VALO360 - DEBUG - 自動保存已禁用，跳過配置保存
2025-08-01 11:49:43,013 - VALO360 - DEBUG - 自動保存已禁用，跳過配置保存
2025-08-01 11:49:43,013 - VALO360 - DEBUG - 自動保存已禁用，跳過配置保存
2025-08-01 11:49:43,013 - VALO360 - DEBUG - 自動保存已禁用，跳過配置保存
2025-08-01 11:49:43,015 - VALO360 - DEBUG - 自動保存已禁用，跳過配置保存
2025-08-01 11:49:43,015 - VALO360 - DEBUG - 自動保存已禁用，跳過配置保存
2025-08-01 11:49:43,015 - VALO360 - DEBUG - 自動保存已禁用，跳過配置保存
2025-08-01 11:49:43,015 - VALO360 - DEBUG - 自動保存已禁用，跳過配置保存
2025-08-01 11:49:43,015 - VALO360 - DEBUG - 自動保存已禁用，跳過配置保存
2025-08-01 11:49:43,015 - VALO360 - DEBUG - 自動保存已禁用，跳過配置保存
2025-08-01 11:49:43,015 - VALO360 - DEBUG - 自動保存已禁用，跳過配置保存
2025-08-01 11:49:43,015 - VALO360 - DEBUG - 自動保存已禁用，跳過配置保存
2025-08-01 11:49:43,015 - VALO360 - DEBUG - 自動保存已禁用，跳過配置保存
2025-08-01 11:49:43,019 - VALO360 - DEBUG - 自動保存已禁用，跳過配置保存
2025-08-01 11:49:43,019 - VALO360 - DEBUG - 自動保存已禁用，跳過配置保存
2025-08-01 11:49:43,019 - VALO360 - DEBUG - 自動保存已禁用，跳過配置保存
2025-08-01 11:49:43,019 - VALO360 - DEBUG - 自動保存已禁用，跳過配置保存
2025-08-01 11:49:43,019 - VALO360 - DEBUG - 自動保存已禁用，跳過配置保存
2025-08-01 11:49:43,019 - VALO360 - DEBUG - 自動保存已禁用，跳過配置保存
2025-08-01 11:49:43,019 - VALO360 - DEBUG - 自動保存已禁用，跳過配置保存
2025-08-01 11:49:43,023 - VALO360 - DEBUG - 自動保存已禁用，跳過配置保存
2025-08-01 11:49:43,023 - VALO360 - DEBUG - 自動保存已禁用，跳過配置保存
2025-08-01 11:49:43,023 - VALO360 - DEBUG - 自動保存已禁用，跳過配置保存
2025-08-01 11:49:43,023 - VALO360 - DEBUG - 自動保存已禁用，跳過配置保存
2025-08-01 11:49:43,025 - VALO360 - DEBUG - 自動保存已禁用，跳過配置保存
2025-08-01 11:49:43,025 - VALO360 - DEBUG - 自動保存已禁用，跳過配置保存
2025-08-01 11:49:43,025 - VALO360 - DEBUG - 自動保存已禁用，跳過配置保存
2025-08-01 11:49:43,025 - VALO360 - DEBUG - 自動保存已禁用，跳過配置保存
2025-08-01 11:49:43,025 - VALO360 - DEBUG - 自動保存已禁用，跳過配置保存
2025-08-01 11:49:43,027 - VALO360 - DEBUG - 自動保存已禁用，跳過配置保存
2025-08-01 11:49:43,027 - VALO360 - DEBUG - 自動保存已禁用，跳過配置保存
2025-08-01 11:49:43,027 - VALO360 - DEBUG - 自動保存已禁用，跳過配置保存
2025-08-01 11:49:43,027 - VALO360 - DEBUG - 自動保存已禁用，跳過配置保存
2025-08-01 11:49:43,029 - VALO360 - DEBUG - 自動保存已禁用，跳過配置保存
2025-08-01 11:49:43,029 - VALO360 - DEBUG - 自動保存已禁用，跳過配置保存
2025-08-01 11:49:43,029 - VALO360 - DEBUG - 自動保存已禁用，跳過配置保存
2025-08-01 11:49:43,029 - VALO360 - DEBUG - 自動保存已禁用，跳過配置保存
2025-08-01 11:49:43,031 - VALO360 - DEBUG - 自動保存已禁用，跳過配置保存
2025-08-01 11:49:43,031 - VALO360 - DEBUG - 自動保存已禁用，跳過配置保存
2025-08-01 11:49:43,031 - VALO360 - DEBUG - 自動保存已禁用，跳過配置保存
2025-08-01 11:49:43,034 - VALO360 - DEBUG - 自動保存已禁用，跳過配置保存
2025-08-01 11:49:43,034 - VALO360 - DEBUG - 自動保存已禁用，跳過配置保存
2025-08-01 11:49:43,034 - VALO360 - DEBUG - 自動保存已禁用，跳過配置保存
2025-08-01 11:49:43,035 - VALO360 - DEBUG - 自動保存已禁用，跳過配置保存
2025-08-01 11:49:43,035 - VALO360 - DEBUG - 自動保存已禁用，跳過配置保存
2025-08-01 11:49:43,035 - VALO360 - DEBUG - 自動保存已禁用，跳過配置保存
2025-08-01 11:49:43,038 - VALO360 - DEBUG - 自動保存已禁用，跳過配置保存
2025-08-01 11:49:43,038 - VALO360 - DEBUG - 自動保存已禁用，跳過配置保存
2025-08-01 11:49:43,038 - VALO360 - DEBUG - 自動保存已禁用，跳過配置保存
2025-08-01 11:49:43,038 - VALO360 - DEBUG - 自動保存已禁用，跳過配置保存
2025-08-01 11:49:43,040 - VALO360 - DEBUG - 自動保存已禁用，跳過配置保存
2025-08-01 11:49:43,040 - VALO360 - DEBUG - 自動保存已禁用，跳過配置保存
2025-08-01 11:49:43,040 - VALO360 - DEBUG - 自動保存已禁用，跳過配置保存
2025-08-01 11:49:43,040 - VALO360 - DEBUG - 自動保存已禁用，跳過配置保存
2025-08-01 11:49:43,042 - VALO360 - DEBUG - 自動保存已禁用，跳過配置保存
2025-08-01 11:49:43,042 - VALO360 - DEBUG - 自動保存已禁用，跳過配置保存
2025-08-01 11:49:43,042 - VALO360 - DEBUG - 自動保存已禁用，跳過配置保存
2025-08-01 11:49:43,042 - VALO360 - DEBUG - 自動保存已禁用，跳過配置保存
2025-08-01 11:49:43,044 - VALO360 - DEBUG - 自動保存已禁用，跳過配置保存
2025-08-01 11:49:43,044 - VALO360 - DEBUG - 自動保存已禁用，跳過配置保存
2025-08-01 11:49:43,044 - VALO360 - DEBUG - 自動保存已禁用，跳過配置保存
2025-08-01 11:49:43,044 - VALO360 - DEBUG - 自動保存已禁用，跳過配置保存
2025-08-01 11:49:43,046 - VALO360 - DEBUG - 自動保存已禁用，跳過配置保存
2025-08-01 11:49:43,046 - VALO360 - DEBUG - 自動保存已禁用，跳過配置保存
2025-08-01 11:49:43,046 - VALO360 - DEBUG - 自動保存已禁用，跳過配置保存
2025-08-01 11:49:43,046 - VALO360 - DEBUG - 自動保存已禁用，跳過配置保存
2025-08-01 11:49:43,046 - VALO360 - DEBUG - 自動保存已禁用，跳過配置保存
2025-08-01 11:49:43,046 - VALO360 - DEBUG - 自動保存已禁用，跳過配置保存
2025-08-01 11:49:43,046 - VALO360 - DEBUG - 自動保存已禁用，跳過配置保存
2025-08-01 11:49:43,050 - VALO360 - DEBUG - 自動保存已禁用，跳過配置保存
2025-08-01 11:49:43,050 - VALO360 - DEBUG - 自動保存已禁用，跳過配置保存
2025-08-01 11:49:43,050 - VALO360 - DEBUG - 自動保存已禁用，跳過配置保存
2025-08-01 11:49:43,051 - VALO360 - DEBUG - 自動保存已禁用，跳過配置保存
2025-08-01 11:49:43,051 - VALO360 - DEBUG - 自動保存已禁用，跳過配置保存
2025-08-01 11:49:43,053 - VALO360 - DEBUG - 自動保存已禁用，跳過配置保存
2025-08-01 11:49:43,053 - VALO360 - DEBUG - 自動保存已禁用，跳過配置保存
2025-08-01 11:49:43,053 - VALO360 - DEBUG - 自動保存已禁用，跳過配置保存
2025-08-01 11:49:43,053 - VALO360 - DEBUG - 自動保存已禁用，跳過配置保存
2025-08-01 11:49:43,053 - VALO360 - DEBUG - 自動保存已禁用，跳過配置保存
2025-08-01 11:49:43,053 - VALO360 - DEBUG - 自動保存已禁用，跳過配置保存
2025-08-01 11:49:43,053 - VALO360 - DEBUG - 自動保存已禁用，跳過配置保存
2025-08-01 11:49:43,056 - VALO360 - DEBUG - 自動保存已禁用，跳過配置保存
2025-08-01 11:49:43,056 - VALO360 - DEBUG - 自動保存已禁用，跳過配置保存
2025-08-01 11:49:43,056 - VALO360 - DEBUG - 自動保存已禁用，跳過配置保存
2025-08-01 11:49:43,056 - VALO360 - DEBUG - 自動保存已禁用，跳過配置保存
2025-08-01 11:49:43,056 - VALO360 - DEBUG - 自動保存已禁用，跳過配置保存
2025-08-01 11:49:43,056 - VALO360 - DEBUG - 自動保存已禁用，跳過配置保存
2025-08-01 11:49:43,056 - VALO360 - DEBUG - 自動保存已禁用，跳過配置保存
2025-08-01 11:49:43,056 - VALO360 - DEBUG - 自動保存已禁用，跳過配置保存
2025-08-01 11:49:43,056 - VALO360 - DEBUG - 自動保存已禁用，跳過配置保存
2025-08-01 11:49:43,056 - VALO360 - DEBUG - 自動保存已禁用，跳過配置保存
2025-08-01 11:49:43,056 - VALO360 - DEBUG - 自動保存已禁用，跳過配置保存
2025-08-01 11:49:43,062 - VALO360 - DEBUG - 自動保存已禁用，跳過配置保存
2025-08-01 11:49:43,062 - VALO360 - DEBUG - 自動保存已禁用，跳過配置保存
2025-08-01 11:49:43,062 - VALO360 - DEBUG - 自動保存已禁用，跳過配置保存
2025-08-01 11:49:43,062 - VALO360 - DEBUG - 自動保存已禁用，跳過配置保存
2025-08-01 11:49:43,064 - VALO360 - DEBUG - 自動保存已禁用，跳過配置保存
2025-08-01 11:49:43,064 - VALO360 - DEBUG - 自動保存已禁用，跳過配置保存
2025-08-01 11:49:43,064 - VALO360 - DEBUG - 自動保存已禁用，跳過配置保存
2025-08-01 11:49:43,064 - VALO360 - DEBUG - 自動保存已禁用，跳過配置保存
2025-08-01 11:49:43,066 - VALO360 - DEBUG - 自動保存已禁用，跳過配置保存
2025-08-01 11:49:43,066 - VALO360 - DEBUG - 自動保存已禁用，跳過配置保存
2025-08-01 11:49:43,066 - VALO360 - DEBUG - 自動保存已禁用，跳過配置保存
2025-08-01 11:49:43,066 - VALO360 - DEBUG - 自動保存已禁用，跳過配置保存
2025-08-01 11:49:43,066 - VALO360 - DEBUG - 自動保存已禁用，跳過配置保存
2025-08-01 11:49:43,066 - VALO360 - DEBUG - 自動保存已禁用，跳過配置保存
2025-08-01 11:49:43,066 - VALO360 - DEBUG - 自動保存已禁用，跳過配置保存
2025-08-01 11:49:43,066 - VALO360 - DEBUG - 自動保存已禁用，跳過配置保存
2025-08-01 11:49:43,071 - VALO360 - DEBUG - 自動保存已禁用，跳過配置保存
2025-08-01 11:49:43,071 - VALO360 - DEBUG - 自動保存已禁用，跳過配置保存
2025-08-01 11:49:43,071 - VALO360 - DEBUG - 自動保存已禁用，跳過配置保存
2025-08-01 11:49:43,071 - VALO360 - DEBUG - 自動保存已禁用，跳過配置保存
2025-08-01 11:49:43,071 - VALO360 - DEBUG - 自動保存已禁用，跳過配置保存
2025-08-01 11:49:43,073 - VALO360 - DEBUG - 自動保存已禁用，跳過配置保存
2025-08-01 11:49:43,073 - VALO360 - DEBUG - 自動保存已禁用，跳過配置保存
2025-08-01 11:49:43,073 - VALO360 - DEBUG - 自動保存已禁用，跳過配置保存
2025-08-01 11:49:43,073 - VALO360 - DEBUG - 自動保存已禁用，跳過配置保存
2025-08-01 11:49:43,073 - VALO360 - DEBUG - 自動保存已禁用，跳過配置保存
2025-08-01 11:49:43,143 - VALO360 - DEBUG - 自動保存已禁用，跳過配置保存
2025-08-01 11:49:43,145 - VALO360 - DEBUG - 自動保存已禁用，跳過配置保存
2025-08-01 11:49:43,145 - VALO360 - DEBUG - 自動保存已禁用，跳過配置保存
2025-08-01 11:49:43,145 - VALO360 - DEBUG - 自動保存已禁用，跳過配置保存
2025-08-01 11:49:43,147 - VALO360 - DEBUG - 自動保存已禁用，跳過配置保存
2025-08-01 11:49:43,148 - VALO360 - DEBUG - 自動保存已禁用，跳過配置保存
2025-08-01 11:49:43,148 - VALO360 - DEBUG - 自動保存已禁用，跳過配置保存
2025-08-01 11:49:43,148 - VALO360 - DEBUG - 自動保存已禁用，跳過配置保存
2025-08-01 11:49:43,150 - VALO360 - DEBUG - 自動保存已禁用，跳過配置保存
2025-08-01 11:49:43,151 - VALO360 - DEBUG - 自動保存已禁用，跳過配置保存
2025-08-01 11:49:43,152 - VALO360 - DEBUG - 自動保存已禁用，跳過配置保存
2025-08-01 11:49:43,152 - VALO360 - DEBUG - 自動保存已禁用，跳過配置保存
2025-08-01 11:49:43,161 - VALO360 - DEBUG - 自動保存已禁用，跳過配置保存
2025-08-01 11:49:43,162 - VALO360 - DEBUG - 自動保存已禁用，跳過配置保存
2025-08-01 11:49:43,163 - VALO360 - DEBUG - 自動保存已禁用，跳過配置保存
2025-08-01 11:49:43,163 - VALO360 - DEBUG - 自動保存已禁用，跳過配置保存
2025-08-01 11:49:43,163 - VALO360 - DEBUG - 自動保存已禁用，跳過配置保存
2025-08-01 11:49:43,164 - VALO360 - DEBUG - 自動保存已禁用，跳過配置保存
2025-08-01 11:49:43,164 - VALO360 - DEBUG - 自動保存已禁用，跳過配置保存
2025-08-01 11:49:43,164 - VALO360 - DEBUG - 自動保存已禁用，跳過配置保存
2025-08-01 11:49:43,168 - VALO360 - DEBUG - 自動保存已禁用，跳過配置保存
2025-08-01 11:49:43,168 - VALO360 - DEBUG - 自動保存已禁用，跳過配置保存
2025-08-01 11:49:43,169 - VALO360 - DEBUG - 自動保存已禁用，跳過配置保存
2025-08-01 11:49:43,169 - VALO360 - DEBUG - 自動保存已禁用，跳過配置保存
2025-08-01 11:49:43,177 - VALO360 - DEBUG - 自動保存已禁用，跳過配置保存
2025-08-01 11:49:43,178 - VALO360 - DEBUG - 自動保存已禁用，跳過配置保存
2025-08-01 11:49:43,178 - VALO360 - DEBUG - 自動保存已禁用，跳過配置保存
2025-08-01 11:49:43,178 - VALO360 - DEBUG - 自動保存已禁用，跳過配置保存
2025-08-01 11:49:43,178 - VALO360 - DEBUG - 自動保存已禁用，跳過配置保存
2025-08-01 11:49:43,178 - VALO360 - DEBUG - 自動保存已禁用，跳過配置保存
2025-08-01 11:49:43,179 - VALO360 - DEBUG - 自動保存已禁用，跳過配置保存
2025-08-01 11:49:43,179 - VALO360 - DEBUG - 自動保存已禁用，跳過配置保存
2025-08-01 11:49:43,197 - VALO360 - DEBUG - 自動保存已禁用，跳過配置保存
2025-08-01 11:49:43,197 - VALO360 - DEBUG - 自動保存已禁用，跳過配置保存
2025-08-01 11:49:43,198 - VALO360 - DEBUG - 自動保存已禁用，跳過配置保存
2025-08-01 11:49:43,198 - VALO360 - DEBUG - 自動保存已禁用，跳過配置保存
2025-08-01 11:49:43,207 - VALO360 - DEBUG - 自動保存已禁用，跳過配置保存
2025-08-01 11:49:43,207 - VALO360 - DEBUG - 自動保存已禁用，跳過配置保存
2025-08-01 11:49:43,208 - VALO360 - DEBUG - 自動保存已禁用，跳過配置保存
2025-08-01 11:49:43,208 - VALO360 - DEBUG - 自動保存已禁用，跳過配置保存
2025-08-01 11:49:43,211 - VALO360 - DEBUG - 自動保存已禁用，跳過配置保存
2025-08-01 11:49:43,212 - VALO360 - DEBUG - 自動保存已禁用，跳過配置保存
2025-08-01 11:49:43,212 - VALO360 - DEBUG - 自動保存已禁用，跳過配置保存
2025-08-01 11:49:43,212 - VALO360 - DEBUG - 自動保存已禁用，跳過配置保存
2025-08-01 11:49:43,216 - VALO360 - DEBUG - 自動保存已禁用，跳過配置保存
2025-08-01 11:49:43,216 - VALO360 - DEBUG - 自動保存已禁用，跳過配置保存
2025-08-01 11:49:43,217 - VALO360 - DEBUG - 自動保存已禁用，跳過配置保存
2025-08-01 11:49:43,217 - VALO360 - DEBUG - 自動保存已禁用，跳過配置保存
2025-08-01 11:49:43,218 - VALO360 - DEBUG - 自動保存已禁用，跳過配置保存
2025-08-01 11:49:43,219 - VALO360 - DEBUG - 自動保存已禁用，跳過配置保存
2025-08-01 11:49:43,219 - VALO360 - DEBUG - 自動保存已禁用，跳過配置保存
2025-08-01 11:49:43,220 - VALO360 - DEBUG - 自動保存已禁用，跳過配置保存
2025-08-01 11:49:43,225 - VALO360 - DEBUG - 自動保存已禁用，跳過配置保存
2025-08-01 11:49:43,226 - VALO360 - DEBUG - 自動保存已禁用，跳過配置保存
2025-08-01 11:49:43,226 - VALO360 - DEBUG - 自動保存已禁用，跳過配置保存
2025-08-01 11:49:43,226 - VALO360 - DEBUG - 自動保存已禁用，跳過配置保存
2025-08-01 11:49:43,244 - VALO360 - DEBUG - 自動保存已禁用，跳過配置保存
2025-08-01 11:49:43,245 - VALO360 - DEBUG - 自動保存已禁用，跳過配置保存
2025-08-01 11:49:43,245 - VALO360 - DEBUG - 自動保存已禁用，跳過配置保存
2025-08-01 11:49:43,245 - VALO360 - DEBUG - 自動保存已禁用，跳過配置保存
2025-08-01 11:49:43,275 - VALO360 - DEBUG - 自動保存已禁用，跳過配置保存
2025-08-01 11:49:43,276 - VALO360 - DEBUG - 自動保存已禁用，跳過配置保存
2025-08-01 11:49:43,276 - VALO360 - DEBUG - 自動保存已禁用，跳過配置保存
2025-08-01 11:49:43,277 - VALO360 - DEBUG - 自動保存已禁用，跳過配置保存
2025-08-01 11:49:43,282 - VALO360 - DEBUG - 自動保存已禁用，跳過配置保存
2025-08-01 11:49:43,282 - VALO360 - DEBUG - 自動保存已禁用，跳過配置保存
2025-08-01 11:49:43,283 - VALO360 - DEBUG - 自動保存已禁用，跳過配置保存
2025-08-01 11:49:43,283 - VALO360 - DEBUG - 自動保存已禁用，跳過配置保存
2025-08-01 11:49:43,288 - VALO360 - DEBUG - 自動保存已禁用，跳過配置保存
2025-08-01 11:49:43,288 - VALO360 - DEBUG - 自動保存已禁用，跳過配置保存
2025-08-01 11:49:43,289 - VALO360 - DEBUG - 自動保存已禁用，跳過配置保存
2025-08-01 11:49:43,291 - VALO360 - DEBUG - 自動保存已禁用，跳過配置保存
2025-08-01 11:49:43,296 - VALO360 - DEBUG - 自動保存已禁用，跳過配置保存
2025-08-01 11:49:43,296 - VALO360 - DEBUG - 自動保存已禁用，跳過配置保存
2025-08-01 11:49:43,296 - VALO360 - DEBUG - 自動保存已禁用，跳過配置保存
2025-08-01 11:49:43,297 - VALO360 - DEBUG - 自動保存已禁用，跳過配置保存
2025-08-01 11:49:43,300 - VALO360 - DEBUG - 自動保存已禁用，跳過配置保存
2025-08-01 11:49:43,300 - VALO360 - DEBUG - 自動保存已禁用，跳過配置保存
2025-08-01 11:49:43,301 - VALO360 - DEBUG - 自動保存已禁用，跳過配置保存
2025-08-01 11:49:43,301 - VALO360 - DEBUG - 自動保存已禁用，跳過配置保存
2025-08-01 11:49:43,301 - VALO360 - DEBUG - 自動保存已禁用，跳過配置保存
2025-08-01 11:49:43,301 - VALO360 - DEBUG - 自動保存已禁用，跳過配置保存
2025-08-01 11:49:43,301 - VALO360 - DEBUG - 自動保存已禁用，跳過配置保存
2025-08-01 11:49:43,301 - VALO360 - DEBUG - 自動保存已禁用，跳過配置保存
2025-08-01 11:49:43,311 - VALO360 - DEBUG - 自動保存已禁用，跳過配置保存
2025-08-01 11:49:43,311 - VALO360 - DEBUG - 自動保存已禁用，跳過配置保存
2025-08-01 11:49:43,312 - VALO360 - DEBUG - 自動保存已禁用，跳過配置保存
2025-08-01 11:49:43,312 - VALO360 - DEBUG - 自動保存已禁用，跳過配置保存
2025-08-01 11:49:43,315 - VALO360 - DEBUG - 自動保存已禁用，跳過配置保存
2025-08-01 11:49:43,315 - VALO360 - DEBUG - 自動保存已禁用，跳過配置保存
2025-08-01 11:49:43,315 - VALO360 - DEBUG - 自動保存已禁用，跳過配置保存
2025-08-01 11:49:43,315 - VALO360 - DEBUG - 自動保存已禁用，跳過配置保存
2025-08-01 11:49:43,315 - VALO360 - DEBUG - 自動保存已禁用，跳過配置保存
2025-08-01 11:49:43,315 - VALO360 - DEBUG - 自動保存已禁用，跳過配置保存
2025-08-01 11:49:43,315 - VALO360 - DEBUG - 自動保存已禁用，跳過配置保存
2025-08-01 11:49:43,315 - VALO360 - DEBUG - 自動保存已禁用，跳過配置保存
2025-08-01 11:49:43,329 - VALO360 - DEBUG - 自動保存已禁用，跳過配置保存
2025-08-01 11:49:43,329 - VALO360 - DEBUG - 自動保存已禁用，跳過配置保存
2025-08-01 11:49:43,330 - VALO360 - DEBUG - 自動保存已禁用，跳過配置保存
2025-08-01 11:49:43,330 - VALO360 - DEBUG - 自動保存已禁用，跳過配置保存
2025-08-01 11:49:43,335 - VALO360 - DEBUG - 自動保存已禁用，跳過配置保存
2025-08-01 11:49:43,335 - VALO360 - DEBUG - 自動保存已禁用，跳過配置保存
2025-08-01 11:49:43,336 - VALO360 - DEBUG - 自動保存已禁用，跳過配置保存
2025-08-01 11:49:43,336 - VALO360 - DEBUG - 自動保存已禁用，跳過配置保存
2025-08-01 11:49:43,343 - VALO360 - DEBUG - 自動保存已禁用，跳過配置保存
2025-08-01 11:49:43,344 - VALO360 - DEBUG - 自動保存已禁用，跳過配置保存
2025-08-01 11:49:43,344 - VALO360 - DEBUG - 自動保存已禁用，跳過配置保存
2025-08-01 11:49:43,345 - VALO360 - DEBUG - 自動保存已禁用，跳過配置保存
2025-08-01 11:49:43,348 - VALO360 - DEBUG - 自動保存已禁用，跳過配置保存
2025-08-01 11:49:43,349 - VALO360 - DEBUG - 自動保存已禁用，跳過配置保存
2025-08-01 11:49:43,349 - VALO360 - DEBUG - 自動保存已禁用，跳過配置保存
2025-08-01 11:49:43,349 - VALO360 - DEBUG - 自動保存已禁用，跳過配置保存
2025-08-01 11:49:43,354 - VALO360 - DEBUG - 自動保存已禁用，跳過配置保存
2025-08-01 11:49:43,354 - VALO360 - DEBUG - 自動保存已禁用，跳過配置保存
2025-08-01 11:49:43,354 - VALO360 - DEBUG - 自動保存已禁用，跳過配置保存
2025-08-01 11:49:43,354 - VALO360 - DEBUG - 自動保存已禁用，跳過配置保存
2025-08-01 11:49:43,357 - VALO360 - DEBUG - 自動保存已禁用，跳過配置保存
2025-08-01 11:49:43,357 - VALO360 - DEBUG - 自動保存已禁用，跳過配置保存
2025-08-01 11:49:43,361 - VALO360 - DEBUG - 自動保存已禁用，跳過配置保存
2025-08-01 11:49:43,362 - VALO360 - DEBUG - 自動保存已禁用，跳過配置保存
2025-08-01 11:49:43,380 - VALO360 - DEBUG - 自動保存已禁用，跳過配置保存
2025-08-01 11:49:43,380 - VALO360 - DEBUG - 自動保存已禁用，跳過配置保存
2025-08-01 11:49:43,380 - VALO360 - DEBUG - 自動保存已禁用，跳過配置保存
2025-08-01 11:49:43,380 - VALO360 - DEBUG - 自動保存已禁用，跳過配置保存
2025-08-01 11:49:43,384 - VALO360 - DEBUG - 自動保存已禁用，跳過配置保存
2025-08-01 11:49:43,384 - VALO360 - DEBUG - 自動保存已禁用，跳過配置保存
2025-08-01 11:49:43,384 - VALO360 - DEBUG - 自動保存已禁用，跳過配置保存
2025-08-01 11:49:43,384 - VALO360 - DEBUG - 自動保存已禁用，跳過配置保存
2025-08-01 11:49:43,391 - VALO360 - DEBUG - 自動保存已禁用，跳過配置保存
2025-08-01 11:49:43,391 - VALO360 - DEBUG - 自動保存已禁用，跳過配置保存
2025-08-01 11:49:43,391 - VALO360 - DEBUG - 自動保存已禁用，跳過配置保存
2025-08-01 11:49:43,394 - VALO360 - DEBUG - 自動保存已禁用，跳過配置保存
2025-08-01 11:49:43,394 - VALO360 - DEBUG - 自動保存已禁用，跳過配置保存
2025-08-01 11:49:43,394 - VALO360 - DEBUG - 自動保存已禁用，跳過配置保存
2025-08-01 11:49:43,394 - VALO360 - DEBUG - 自動保存已禁用，跳過配置保存
2025-08-01 11:49:43,394 - VALO360 - DEBUG - 自動保存已禁用，跳過配置保存
2025-08-01 11:49:43,400 - VALO360 - DEBUG - 自動保存已禁用，跳過配置保存
2025-08-01 11:49:43,400 - VALO360 - DEBUG - 自動保存已禁用，跳過配置保存
2025-08-01 11:49:43,400 - VALO360 - DEBUG - 自動保存已禁用，跳過配置保存
2025-08-01 11:49:43,400 - VALO360 - DEBUG - 自動保存已禁用，跳過配置保存
2025-08-01 11:49:43,406 - VALO360 - DEBUG - 自動保存已禁用，跳過配置保存
2025-08-01 11:49:43,408 - VALO360 - DEBUG - 自動保存已禁用，跳過配置保存
2025-08-01 11:49:43,408 - VALO360 - DEBUG - 自動保存已禁用，跳過配置保存
2025-08-01 11:49:43,410 - VALO360 - DEBUG - 自動保存已禁用，跳過配置保存
2025-08-01 11:49:43,457 - VALO360 - DEBUG - 自動保存已禁用，跳過配置保存
2025-08-01 11:49:43,457 - VALO360 - DEBUG - 自動保存已禁用，跳過配置保存
2025-08-01 11:49:43,457 - VALO360 - DEBUG - 自動保存已禁用，跳過配置保存
2025-08-01 11:49:43,457 - VALO360 - DEBUG - 自動保存已禁用，跳過配置保存
2025-08-01 11:49:43,459 - VALO360 - DEBUG - 自動保存已禁用，跳過配置保存
2025-08-01 11:49:43,459 - VALO360 - DEBUG - 自動保存已禁用，跳過配置保存
2025-08-01 11:49:43,459 - VALO360 - DEBUG - 自動保存已禁用，跳過配置保存
2025-08-01 11:49:43,461 - VALO360 - DEBUG - 自動保存已禁用，跳過配置保存
2025-08-01 11:49:43,461 - VALO360 - DEBUG - 自動保存已禁用，跳過配置保存
2025-08-01 11:49:43,463 - VALO360 - DEBUG - 自動保存已禁用，跳過配置保存
2025-08-01 11:49:43,463 - VALO360 - DEBUG - 自動保存已禁用，跳過配置保存
2025-08-01 11:49:43,463 - VALO360 - DEBUG - 自動保存已禁用，跳過配置保存
2025-08-01 11:49:43,464 - VALO360 - DEBUG - 自動保存已禁用，跳過配置保存
2025-08-01 11:49:43,464 - VALO360 - DEBUG - 自動保存已禁用，跳過配置保存
2025-08-01 11:49:43,466 - VALO360 - DEBUG - 自動保存已禁用，跳過配置保存
2025-08-01 11:49:43,466 - VALO360 - DEBUG - 自動保存已禁用，跳過配置保存
2025-08-01 11:49:43,466 - VALO360 - DEBUG - 自動保存已禁用，跳過配置保存
2025-08-01 11:49:43,466 - VALO360 - DEBUG - 自動保存已禁用，跳過配置保存
2025-08-01 11:49:43,466 - VALO360 - DEBUG - 自動保存已禁用，跳過配置保存
2025-08-01 11:49:43,466 - VALO360 - DEBUG - 自動保存已禁用，跳過配置保存
2025-08-01 11:49:43,466 - VALO360 - DEBUG - 自動保存已禁用，跳過配置保存
2025-08-01 11:49:43,466 - VALO360 - DEBUG - 自動保存已禁用，跳過配置保存
2025-08-01 11:49:43,471 - VALO360 - DEBUG - 自動保存已禁用，跳過配置保存
2025-08-01 11:49:43,471 - VALO360 - DEBUG - 自動保存已禁用，跳過配置保存
2025-08-01 11:49:43,473 - VALO360 - DEBUG - 自動保存已禁用，跳過配置保存
2025-08-01 11:49:43,473 - VALO360 - DEBUG - 自動保存已禁用，跳過配置保存
2025-08-01 11:49:43,474 - VALO360 - DEBUG - 自動保存已禁用，跳過配置保存
2025-08-01 11:49:43,474 - VALO360 - DEBUG - 自動保存已禁用，跳過配置保存
2025-08-01 11:49:43,478 - VALO360 - DEBUG - 自動保存已禁用，跳過配置保存
2025-08-01 11:49:43,480 - VALO360 - DEBUG - 自動保存已禁用，跳過配置保存
2025-08-01 11:49:43,480 - VALO360 - DEBUG - 自動保存已禁用，跳過配置保存
2025-08-01 11:49:43,480 - VALO360 - DEBUG - 自動保存已禁用，跳過配置保存
2025-08-01 11:49:43,482 - VALO360 - DEBUG - 自動保存已禁用，跳過配置保存
2025-08-01 11:49:43,482 - VALO360 - DEBUG - 自動保存已禁用，跳過配置保存
2025-08-01 11:49:43,483 - VALO360 - DEBUG - 自動保存已禁用，跳過配置保存
2025-08-01 11:49:43,483 - VALO360 - DEBUG - 自動保存已禁用，跳過配置保存
2025-08-01 11:49:43,484 - VALO360 - DEBUG - 自動保存已禁用，跳過配置保存
2025-08-01 11:49:43,484 - VALO360 - DEBUG - 自動保存已禁用，跳過配置保存
2025-08-01 11:49:43,486 - VALO360 - DEBUG - 自動保存已禁用，跳過配置保存
2025-08-01 11:49:43,486 - VALO360 - DEBUG - 自動保存已禁用，跳過配置保存
2025-08-01 11:49:43,494 - VALO360 - DEBUG - 自動保存已禁用，跳過配置保存
2025-08-01 11:49:43,494 - VALO360 - DEBUG - 自動保存已禁用，跳過配置保存
2025-08-01 11:49:43,494 - VALO360 - DEBUG - 自動保存已禁用，跳過配置保存
2025-08-01 11:49:43,496 - VALO360 - DEBUG - 自動保存已禁用，跳過配置保存
2025-08-01 11:49:43,496 - VALO360 - DEBUG - 自動保存已禁用，跳過配置保存
2025-08-01 11:49:43,498 - VALO360 - DEBUG - 自動保存已禁用，跳過配置保存
2025-08-01 11:49:43,498 - VALO360 - DEBUG - 自動保存已禁用，跳過配置保存
2025-08-01 11:49:43,498 - VALO360 - DEBUG - 自動保存已禁用，跳過配置保存
2025-08-01 11:49:43,500 - VALO360 - DEBUG - 自動保存已禁用，跳過配置保存
2025-08-01 11:49:43,502 - VALO360 - DEBUG - 自動保存已禁用，跳過配置保存
2025-08-01 11:49:43,502 - VALO360 - DEBUG - 自動保存已禁用，跳過配置保存
2025-08-01 11:49:43,502 - VALO360 - DEBUG - 自動保存已禁用，跳過配置保存
2025-08-01 11:49:43,505 - VALO360 - DEBUG - 自動保存已禁用，跳過配置保存
2025-08-01 11:49:43,505 - VALO360 - DEBUG - 自動保存已禁用，跳過配置保存
2025-08-01 11:49:43,507 - VALO360 - DEBUG - 自動保存已禁用，跳過配置保存
2025-08-01 11:49:43,507 - VALO360 - DEBUG - 自動保存已禁用，跳過配置保存
2025-08-01 11:49:43,511 - VALO360 - DEBUG - 自動保存已禁用，跳過配置保存
2025-08-01 11:49:43,513 - VALO360 - DEBUG - 自動保存已禁用，跳過配置保存
2025-08-01 11:49:43,513 - VALO360 - DEBUG - 自動保存已禁用，跳過配置保存
2025-08-01 11:49:43,513 - VALO360 - DEBUG - 自動保存已禁用，跳過配置保存
2025-08-01 11:49:43,515 - VALO360 - DEBUG - 自動保存已禁用，跳過配置保存
2025-08-01 11:49:43,517 - VALO360 - DEBUG - 自動保存已禁用，跳過配置保存
2025-08-01 11:49:43,517 - VALO360 - DEBUG - 自動保存已禁用，跳過配置保存
2025-08-01 11:49:43,517 - VALO360 - DEBUG - 自動保存已禁用，跳過配置保存
2025-08-01 11:49:43,517 - VALO360 - DEBUG - 自動保存已禁用，跳過配置保存
2025-08-01 11:49:43,517 - VALO360 - DEBUG - 自動保存已禁用，跳過配置保存
2025-08-01 11:49:43,520 - VALO360 - DEBUG - 自動保存已禁用，跳過配置保存
2025-08-01 11:49:43,520 - VALO360 - DEBUG - 自動保存已禁用，跳過配置保存
2025-08-01 11:49:43,520 - VALO360 - DEBUG - 自動保存已禁用，跳過配置保存
2025-08-01 11:49:43,522 - VALO360 - DEBUG - 自動保存已禁用，跳過配置保存
2025-08-01 11:49:43,522 - VALO360 - DEBUG - 自動保存已禁用，跳過配置保存
2025-08-01 11:49:43,522 - VALO360 - DEBUG - 自動保存已禁用，跳過配置保存
2025-08-01 11:49:43,523 - VALO360 - DEBUG - 自動保存已禁用，跳過配置保存
2025-08-01 11:49:43,523 - VALO360 - DEBUG - 自動保存已禁用，跳過配置保存
2025-08-01 11:49:43,524 - VALO360 - DEBUG - 自動保存已禁用，跳過配置保存
2025-08-01 11:49:43,524 - VALO360 - DEBUG - 自動保存已禁用，跳過配置保存
2025-08-01 11:49:43,524 - VALO360 - DEBUG - 自動保存已禁用，跳過配置保存
2025-08-01 11:49:43,524 - VALO360 - DEBUG - 自動保存已禁用，跳過配置保存
2025-08-01 11:49:43,524 - VALO360 - DEBUG - 自動保存已禁用，跳過配置保存
2025-08-01 11:49:43,524 - VALO360 - DEBUG - 自動保存已禁用，跳過配置保存
2025-08-01 11:49:43,538 - VALO360 - DEBUG - 自動保存已禁用，跳過配置保存
2025-08-01 11:49:43,544 - VALO360 - DEBUG - 自動保存已禁用，跳過配置保存
2025-08-01 11:49:43,544 - VALO360 - DEBUG - 自動保存已禁用，跳過配置保存
2025-08-01 11:49:43,544 - VALO360 - DEBUG - 自動保存已禁用，跳過配置保存
2025-08-01 11:49:43,546 - VALO360 - DEBUG - 自動保存已禁用，跳過配置保存
2025-08-01 11:49:43,546 - VALO360 - DEBUG - 自動保存已禁用，跳過配置保存
2025-08-01 11:49:43,546 - VALO360 - DEBUG - 自動保存已禁用，跳過配置保存
2025-08-01 11:49:43,546 - VALO360 - DEBUG - 自動保存已禁用，跳過配置保存
2025-08-01 11:49:43,546 - VALO360 - DEBUG - 自動保存已禁用，跳過配置保存
2025-08-01 11:49:43,546 - VALO360 - DEBUG - 自動保存已禁用，跳過配置保存
2025-08-01 11:49:43,549 - VALO360 - DEBUG - 自動保存已禁用，跳過配置保存
2025-08-01 11:49:43,549 - VALO360 - DEBUG - 自動保存已禁用，跳過配置保存
2025-08-01 11:49:43,549 - VALO360 - DEBUG - 自動保存已禁用，跳過配置保存
2025-08-01 11:49:43,549 - VALO360 - DEBUG - 自動保存已禁用，跳過配置保存
2025-08-01 11:49:43,551 - VALO360 - DEBUG - 自動保存已禁用，跳過配置保存
2025-08-01 11:49:43,551 - VALO360 - DEBUG - 自動保存已禁用，跳過配置保存
2025-08-01 11:49:43,551 - VALO360 - DEBUG - 自動保存已禁用，跳過配置保存
2025-08-01 11:49:43,551 - VALO360 - DEBUG - 自動保存已禁用，跳過配置保存
2025-08-01 11:49:43,553 - VALO360 - DEBUG - 自動保存已禁用，跳過配置保存
2025-08-01 11:49:43,553 - VALO360 - DEBUG - 自動保存已禁用，跳過配置保存
2025-08-01 11:49:43,555 - VALO360 - DEBUG - 自動保存已禁用，跳過配置保存
2025-08-01 11:49:43,555 - VALO360 - DEBUG - 自動保存已禁用，跳過配置保存
2025-08-01 11:49:43,555 - VALO360 - DEBUG - 自動保存已禁用，跳過配置保存
2025-08-01 11:49:43,557 - VALO360 - DEBUG - 自動保存已禁用，跳過配置保存
2025-08-01 11:49:43,557 - VALO360 - DEBUG - 自動保存已禁用，跳過配置保存
2025-08-01 11:49:43,557 - VALO360 - DEBUG - 自動保存已禁用，跳過配置保存
2025-08-01 11:49:43,557 - VALO360 - DEBUG - 自動保存已禁用，跳過配置保存
2025-08-01 11:49:43,559 - VALO360 - DEBUG - 自動保存已禁用，跳過配置保存
2025-08-01 11:49:43,559 - VALO360 - DEBUG - 自動保存已禁用，跳過配置保存
2025-08-01 11:49:43,559 - VALO360 - DEBUG - 自動保存已禁用，跳過配置保存
2025-08-01 11:49:43,559 - VALO360 - DEBUG - 自動保存已禁用，跳過配置保存
2025-08-01 11:49:43,562 - VALO360 - DEBUG - 自動保存已禁用，跳過配置保存
2025-08-01 11:49:43,562 - VALO360 - DEBUG - 自動保存已禁用，跳過配置保存
2025-08-01 11:49:43,562 - VALO360 - DEBUG - 自動保存已禁用，跳過配置保存
2025-08-01 11:49:43,562 - VALO360 - DEBUG - 自動保存已禁用，跳過配置保存
2025-08-01 11:49:43,564 - VALO360 - DEBUG - 自動保存已禁用，跳過配置保存
2025-08-01 11:49:43,564 - VALO360 - DEBUG - 自動保存已禁用，跳過配置保存
2025-08-01 11:49:43,564 - VALO360 - DEBUG - 自動保存已禁用，跳過配置保存
2025-08-01 11:49:43,565 - VALO360 - DEBUG - 自動保存已禁用，跳過配置保存
2025-08-01 11:49:43,565 - VALO360 - DEBUG - 自動保存已禁用，跳過配置保存
2025-08-01 11:49:43,565 - VALO360 - DEBUG - 自動保存已禁用，跳過配置保存
2025-08-01 11:49:43,567 - VALO360 - DEBUG - 自動保存已禁用，跳過配置保存
2025-08-01 11:49:43,567 - VALO360 - DEBUG - 自動保存已禁用，跳過配置保存
2025-08-01 11:49:43,567 - VALO360 - DEBUG - 自動保存已禁用，跳過配置保存
2025-08-01 11:49:43,569 - VALO360 - DEBUG - 自動保存已禁用，跳過配置保存
2025-08-01 11:49:43,569 - VALO360 - DEBUG - 自動保存已禁用，跳過配置保存
2025-08-01 11:49:43,569 - VALO360 - DEBUG - 自動保存已禁用，跳過配置保存
2025-08-01 11:49:43,569 - VALO360 - DEBUG - 自動保存已禁用，跳過配置保存
2025-08-01 11:49:43,569 - VALO360 - DEBUG - 自動保存已禁用，跳過配置保存
2025-08-01 11:49:43,572 - VALO360 - DEBUG - 自動保存已禁用，跳過配置保存
2025-08-01 11:49:43,572 - VALO360 - DEBUG - 自動保存已禁用，跳過配置保存
2025-08-01 11:49:43,572 - VALO360 - DEBUG - 自動保存已禁用，跳過配置保存
2025-08-01 11:49:43,572 - VALO360 - DEBUG - 自動保存已禁用，跳過配置保存
2025-08-01 11:49:43,572 - VALO360 - DEBUG - 自動保存已禁用，跳過配置保存
2025-08-01 11:49:43,575 - VALO360 - DEBUG - 自動保存已禁用，跳過配置保存
2025-08-01 11:49:43,575 - VALO360 - DEBUG - 自動保存已禁用，跳過配置保存
2025-08-01 11:49:43,575 - VALO360 - DEBUG - 自動保存已禁用，跳過配置保存
2025-08-01 11:49:43,575 - VALO360 - DEBUG - 自動保存已禁用，跳過配置保存
2025-08-01 11:49:43,578 - VALO360 - DEBUG - 自動保存已禁用，跳過配置保存
2025-08-01 11:49:43,578 - VALO360 - DEBUG - 自動保存已禁用，跳過配置保存
2025-08-01 11:49:43,578 - VALO360 - DEBUG - 自動保存已禁用，跳過配置保存
2025-08-01 11:49:43,578 - VALO360 - DEBUG - 自動保存已禁用，跳過配置保存
2025-08-01 11:49:43,580 - VALO360 - DEBUG - 自動保存已禁用，跳過配置保存
2025-08-01 11:49:43,580 - VALO360 - DEBUG - 自動保存已禁用，跳過配置保存
2025-08-01 11:49:43,580 - VALO360 - DEBUG - 自動保存已禁用，跳過配置保存
2025-08-01 11:49:43,580 - VALO360 - DEBUG - 自動保存已禁用，跳過配置保存
2025-08-01 11:49:43,582 - VALO360 - DEBUG - 自動保存已禁用，跳過配置保存
2025-08-01 11:49:43,582 - VALO360 - DEBUG - 自動保存已禁用，跳過配置保存
2025-08-01 11:49:43,582 - VALO360 - DEBUG - 自動保存已禁用，跳過配置保存
2025-08-01 11:49:43,582 - VALO360 - DEBUG - 自動保存已禁用，跳過配置保存
2025-08-01 11:49:43,584 - VALO360 - DEBUG - 自動保存已禁用，跳過配置保存
2025-08-01 11:49:43,584 - VALO360 - DEBUG - 自動保存已禁用，跳過配置保存
2025-08-01 11:49:43,585 - VALO360 - DEBUG - 自動保存已禁用，跳過配置保存
2025-08-01 11:49:43,585 - VALO360 - DEBUG - 自動保存已禁用，跳過配置保存
2025-08-01 11:49:43,585 - VALO360 - DEBUG - 自動保存已禁用，跳過配置保存
2025-08-01 11:49:43,587 - VALO360 - DEBUG - 自動保存已禁用，跳過配置保存
2025-08-01 11:49:43,587 - VALO360 - DEBUG - 自動保存已禁用，跳過配置保存
2025-08-01 11:49:43,587 - VALO360 - DEBUG - 自動保存已禁用，跳過配置保存
2025-08-01 11:49:43,587 - VALO360 - DEBUG - 自動保存已禁用，跳過配置保存
2025-08-01 11:49:43,587 - VALO360 - DEBUG - 自動保存已禁用，跳過配置保存
2025-08-01 11:49:43,587 - VALO360 - DEBUG - 自動保存已禁用，跳過配置保存
2025-08-01 11:49:43,587 - VALO360 - DEBUG - 自動保存已禁用，跳過配置保存
2025-08-01 11:49:43,591 - VALO360 - DEBUG - 自動保存已禁用，跳過配置保存
2025-08-01 11:49:43,591 - VALO360 - DEBUG - 自動保存已禁用，跳過配置保存
2025-08-01 11:49:43,591 - VALO360 - DEBUG - 自動保存已禁用，跳過配置保存
2025-08-01 11:49:43,591 - VALO360 - DEBUG - 自動保存已禁用，跳過配置保存
2025-08-01 11:49:43,591 - VALO360 - DEBUG - 自動保存已禁用，跳過配置保存
2025-08-01 11:49:43,591 - VALO360 - DEBUG - 自動保存已禁用，跳過配置保存
2025-08-01 11:49:43,591 - VALO360 - DEBUG - 自動保存已禁用，跳過配置保存
2025-08-01 11:49:43,596 - VALO360 - DEBUG - 自動保存已禁用，跳過配置保存
2025-08-01 11:49:43,596 - VALO360 - DEBUG - 自動保存已禁用，跳過配置保存
2025-08-01 11:49:43,596 - VALO360 - DEBUG - 自動保存已禁用，跳過配置保存
2025-08-01 11:49:43,597 - VALO360 - DEBUG - 自動保存已禁用，跳過配置保存
2025-08-01 11:49:43,597 - VALO360 - DEBUG - 自動保存已禁用，跳過配置保存
2025-08-01 11:49:43,598 - VALO360 - DEBUG - 自動保存已禁用，跳過配置保存
2025-08-01 11:49:43,598 - VALO360 - DEBUG - 自動保存已禁用，跳過配置保存
2025-08-01 11:49:43,598 - VALO360 - DEBUG - 自動保存已禁用，跳過配置保存
2025-08-01 11:49:43,598 - VALO360 - DEBUG - 自動保存已禁用，跳過配置保存
2025-08-01 11:49:43,600 - VALO360 - DEBUG - 自動保存已禁用，跳過配置保存
2025-08-01 11:49:43,600 - VALO360 - DEBUG - 自動保存已禁用，跳過配置保存
2025-08-01 11:49:43,600 - VALO360 - DEBUG - 自動保存已禁用，跳過配置保存
2025-08-01 11:49:43,600 - VALO360 - DEBUG - 自動保存已禁用，跳過配置保存
2025-08-01 11:49:43,602 - VALO360 - DEBUG - 自動保存已禁用，跳過配置保存
2025-08-01 11:49:43,602 - VALO360 - DEBUG - 自動保存已禁用，跳過配置保存
2025-08-01 11:49:43,602 - VALO360 - DEBUG - 自動保存已禁用，跳過配置保存
2025-08-01 11:49:43,602 - VALO360 - DEBUG - 自動保存已禁用，跳過配置保存
2025-08-01 11:49:43,602 - VALO360 - DEBUG - 自動保存已禁用，跳過配置保存
2025-08-01 11:49:43,602 - VALO360 - DEBUG - 自動保存已禁用，跳過配置保存
2025-08-01 11:49:43,606 - VALO360 - DEBUG - 自動保存已禁用，跳過配置保存
2025-08-01 11:49:43,606 - VALO360 - DEBUG - 自動保存已禁用，跳過配置保存
2025-08-01 11:49:43,607 - VALO360 - DEBUG - 自動保存已禁用，跳過配置保存
2025-08-01 11:49:43,608 - VALO360 - DEBUG - 自動保存已禁用，跳過配置保存
2025-08-01 11:49:43,608 - VALO360 - DEBUG - 自動保存已禁用，跳過配置保存
2025-08-01 11:49:43,610 - VALO360 - DEBUG - 自動保存已禁用，跳過配置保存
2025-08-01 11:49:43,610 - VALO360 - DEBUG - 自動保存已禁用，跳過配置保存
2025-08-01 11:49:43,610 - VALO360 - DEBUG - 自動保存已禁用，跳過配置保存
2025-08-01 11:49:43,755 - VALO360 - DEBUG - 自動保存已禁用，跳過配置保存
2025-08-01 11:49:43,757 - VALO360 - DEBUG - 自動保存已禁用，跳過配置保存
2025-08-01 11:49:43,757 - VALO360 - DEBUG - 自動保存已禁用，跳過配置保存
2025-08-01 11:49:43,758 - VALO360 - DEBUG - 自動保存已禁用，跳過配置保存
2025-08-01 11:49:43,758 - VALO360 - DEBUG - 自動保存已禁用，跳過配置保存
2025-08-01 11:49:43,758 - VALO360 - DEBUG - 自動保存已禁用，跳過配置保存
2025-08-01 11:49:43,758 - VALO360 - DEBUG - 自動保存已禁用，跳過配置保存
2025-08-01 11:49:43,758 - VALO360 - DEBUG - 自動保存已禁用，跳過配置保存
2025-08-01 11:49:43,767 - VALO360 - DEBUG - 自動保存已禁用，跳過配置保存
2025-08-01 11:49:43,768 - VALO360 - DEBUG - 自動保存已禁用，跳過配置保存
2025-08-01 11:49:43,768 - VALO360 - DEBUG - 自動保存已禁用，跳過配置保存
2025-08-01 11:49:43,768 - VALO360 - DEBUG - 自動保存已禁用，跳過配置保存
2025-08-01 11:49:43,768 - VALO360 - DEBUG - 自動保存已禁用，跳過配置保存
2025-08-01 11:49:43,768 - VALO360 - DEBUG - 自動保存已禁用，跳過配置保存
2025-08-01 11:49:43,768 - VALO360 - DEBUG - 自動保存已禁用，跳過配置保存
2025-08-01 11:49:43,768 - VALO360 - DEBUG - 自動保存已禁用，跳過配置保存
2025-08-01 11:49:43,779 - VALO360 - DEBUG - 自動保存已禁用，跳過配置保存
2025-08-01 11:49:43,779 - VALO360 - DEBUG - 自動保存已禁用，跳過配置保存
2025-08-01 11:49:43,779 - VALO360 - DEBUG - 自動保存已禁用，跳過配置保存
2025-08-01 11:49:43,779 - VALO360 - DEBUG - 自動保存已禁用，跳過配置保存
2025-08-01 11:49:43,779 - VALO360 - DEBUG - 自動保存已禁用，跳過配置保存
2025-08-01 11:49:43,779 - VALO360 - DEBUG - 自動保存已禁用，跳過配置保存
2025-08-01 11:49:43,779 - VALO360 - DEBUG - 自動保存已禁用，跳過配置保存
2025-08-01 11:49:43,779 - VALO360 - DEBUG - 自動保存已禁用，跳過配置保存
2025-08-01 11:49:43,794 - VALO360 - DEBUG - 自動保存已禁用，跳過配置保存
2025-08-01 11:49:43,798 - VALO360 - DEBUG - 自動保存已禁用，跳過配置保存
2025-08-01 11:49:43,798 - VALO360 - DEBUG - 自動保存已禁用，跳過配置保存
2025-08-01 11:49:43,799 - VALO360 - DEBUG - 自動保存已禁用，跳過配置保存
2025-08-01 11:49:43,799 - VALO360 - DEBUG - 自動保存已禁用，跳過配置保存
2025-08-01 11:49:43,799 - VALO360 - DEBUG - 自動保存已禁用，跳過配置保存
2025-08-01 11:49:43,799 - VALO360 - DEBUG - 自動保存已禁用，跳過配置保存
2025-08-01 11:49:43,799 - VALO360 - DEBUG - 自動保存已禁用，跳過配置保存
2025-08-01 11:49:43,818 - VALO360 - DEBUG - 自動保存已禁用，跳過配置保存
2025-08-01 11:49:43,818 - VALO360 - DEBUG - 自動保存已禁用，跳過配置保存
2025-08-01 11:49:43,818 - VALO360 - DEBUG - 自動保存已禁用，跳過配置保存
2025-08-01 11:49:43,823 - VALO360 - DEBUG - 自動保存已禁用，跳過配置保存
2025-08-01 11:49:43,823 - VALO360 - DEBUG - 自動保存已禁用，跳過配置保存
2025-08-01 11:49:43,823 - VALO360 - DEBUG - 自動保存已禁用，跳過配置保存
2025-08-01 11:49:43,823 - VALO360 - DEBUG - 自動保存已禁用，跳過配置保存
2025-08-01 11:49:43,823 - VALO360 - DEBUG - 自動保存已禁用，跳過配置保存
2025-08-01 11:49:43,836 - VALO360 - DEBUG - 自動保存已禁用，跳過配置保存
2025-08-01 11:49:43,836 - VALO360 - DEBUG - 自動保存已禁用，跳過配置保存
2025-08-01 11:49:43,838 - VALO360 - DEBUG - 自動保存已禁用，跳過配置保存
2025-08-01 11:49:43,838 - VALO360 - DEBUG - 自動保存已禁用，跳過配置保存
2025-08-01 11:49:43,839 - VALO360 - DEBUG - 自動保存已禁用，跳過配置保存
2025-08-01 11:49:43,839 - VALO360 - DEBUG - 自動保存已禁用，跳過配置保存
2025-08-01 11:49:43,839 - VALO360 - DEBUG - 自動保存已禁用，跳過配置保存
2025-08-01 11:49:43,840 - VALO360 - DEBUG - 自動保存已禁用，跳過配置保存
2025-08-01 11:49:43,855 - VALO360 - DEBUG - 自動保存已禁用，跳過配置保存
2025-08-01 11:49:43,855 - VALO360 - DEBUG - 自動保存已禁用，跳過配置保存
2025-08-01 11:49:43,855 - VALO360 - DEBUG - 自動保存已禁用，跳過配置保存
2025-08-01 11:49:43,855 - VALO360 - DEBUG - 自動保存已禁用，跳過配置保存
2025-08-01 11:49:43,857 - VALO360 - DEBUG - 自動保存已禁用，跳過配置保存
2025-08-01 11:49:43,857 - VALO360 - DEBUG - 自動保存已禁用，跳過配置保存
2025-08-01 11:49:43,857 - VALO360 - DEBUG - 自動保存已禁用，跳過配置保存
2025-08-01 11:49:43,857 - VALO360 - DEBUG - 自動保存已禁用，跳過配置保存
2025-08-01 11:49:43,864 - VALO360 - DEBUG - 自動保存已禁用，跳過配置保存
2025-08-01 11:49:43,864 - VALO360 - DEBUG - 自動保存已禁用，跳過配置保存
2025-08-01 11:49:43,864 - VALO360 - DEBUG - 自動保存已禁用，跳過配置保存
2025-08-01 11:49:43,864 - VALO360 - DEBUG - 自動保存已禁用，跳過配置保存
2025-08-01 11:49:43,864 - VALO360 - DEBUG - 自動保存已禁用，跳過配置保存
2025-08-01 11:49:43,866 - VALO360 - DEBUG - 自動保存已禁用，跳過配置保存
2025-08-01 11:49:43,866 - VALO360 - DEBUG - 自動保存已禁用，跳過配置保存
2025-08-01 11:49:43,866 - VALO360 - DEBUG - 自動保存已禁用，跳過配置保存
2025-08-01 11:49:43,875 - VALO360 - DEBUG - 自動保存已禁用，跳過配置保存
2025-08-01 11:49:43,875 - VALO360 - DEBUG - 自動保存已禁用，跳過配置保存
2025-08-01 11:49:43,875 - VALO360 - DEBUG - 自動保存已禁用，跳過配置保存
2025-08-01 11:49:43,875 - VALO360 - DEBUG - 自動保存已禁用，跳過配置保存
2025-08-01 11:49:43,875 - VALO360 - DEBUG - 自動保存已禁用，跳過配置保存
2025-08-01 11:49:43,875 - VALO360 - DEBUG - 自動保存已禁用，跳過配置保存
2025-08-01 11:49:43,880 - VALO360 - DEBUG - 自動保存已禁用，跳過配置保存
2025-08-01 11:49:43,880 - VALO360 - DEBUG - 自動保存已禁用，跳過配置保存
2025-08-01 11:49:43,882 - VALO360 - DEBUG - 自動保存已禁用，跳過配置保存
2025-08-01 11:49:43,882 - VALO360 - DEBUG - 自動保存已禁用，跳過配置保存
2025-08-01 11:49:43,882 - VALO360 - DEBUG - 自動保存已禁用，跳過配置保存
2025-08-01 11:49:43,882 - VALO360 - DEBUG - 自動保存已禁用，跳過配置保存
2025-08-01 11:49:43,884 - VALO360 - DEBUG - 自動保存已禁用，跳過配置保存
2025-08-01 11:49:43,884 - VALO360 - DEBUG - 自動保存已禁用，跳過配置保存
2025-08-01 11:49:43,884 - VALO360 - DEBUG - 自動保存已禁用，跳過配置保存
2025-08-01 11:49:43,884 - VALO360 - DEBUG - 自動保存已禁用，跳過配置保存
2025-08-01 11:49:43,884 - VALO360 - DEBUG - 自動保存已禁用，跳過配置保存
2025-08-01 11:49:43,890 - VALO360 - DEBUG - 自動保存已禁用，跳過配置保存
2025-08-01 11:49:43,890 - VALO360 - DEBUG - 自動保存已禁用，跳過配置保存
2025-08-01 11:49:43,890 - VALO360 - DEBUG - 自動保存已禁用，跳過配置保存
2025-08-01 11:49:43,890 - VALO360 - DEBUG - 自動保存已禁用，跳過配置保存
2025-08-01 11:49:43,890 - VALO360 - DEBUG - 自動保存已禁用，跳過配置保存
2025-08-01 11:49:43,890 - VALO360 - DEBUG - 自動保存已禁用，跳過配置保存
2025-08-01 11:49:43,890 - VALO360 - DEBUG - 自動保存已禁用，跳過配置保存
2025-08-01 11:49:43,890 - VALO360 - DEBUG - 自動保存已禁用，跳過配置保存
2025-08-01 11:49:43,890 - VALO360 - DEBUG - 自動保存已禁用，跳過配置保存
2025-08-01 11:49:43,890 - VALO360 - DEBUG - 自動保存已禁用，跳過配置保存
2025-08-01 11:49:43,890 - VALO360 - DEBUG - 自動保存已禁用，跳過配置保存
2025-08-01 11:49:43,890 - VALO360 - DEBUG - 自動保存已禁用，跳過配置保存
2025-08-01 11:49:43,890 - VALO360 - DEBUG - 自動保存已禁用，跳過配置保存
2025-08-01 11:49:43,890 - VALO360 - DEBUG - 自動保存已禁用，跳過配置保存
2025-08-01 11:49:43,890 - VALO360 - DEBUG - 自動保存已禁用，跳過配置保存
2025-08-01 11:49:43,944 - VALO360 - DEBUG - 自動保存已禁用，跳過配置保存
2025-08-01 11:49:43,944 - VALO360 - DEBUG - 自動保存已禁用，跳過配置保存
2025-08-01 11:49:43,944 - VALO360 - DEBUG - 自動保存已禁用，跳過配置保存
2025-08-01 11:49:43,944 - VALO360 - DEBUG - 自動保存已禁用，跳過配置保存
2025-08-01 11:49:43,944 - VALO360 - DEBUG - 自動保存已禁用，跳過配置保存
2025-08-01 11:49:43,944 - VALO360 - DEBUG - 自動保存已禁用，跳過配置保存
2025-08-01 11:49:43,944 - VALO360 - DEBUG - 自動保存已禁用，跳過配置保存
2025-08-01 11:49:43,944 - VALO360 - DEBUG - 自動保存已禁用，跳過配置保存
2025-08-01 11:49:43,962 - VALO360 - DEBUG - 自動保存已禁用，跳過配置保存
2025-08-01 11:49:43,962 - VALO360 - DEBUG - 自動保存已禁用，跳過配置保存
2025-08-01 11:49:43,964 - VALO360 - DEBUG - 自動保存已禁用，跳過配置保存
2025-08-01 11:49:43,964 - VALO360 - DEBUG - 自動保存已禁用，跳過配置保存
2025-08-01 11:49:43,964 - VALO360 - DEBUG - 自動保存已禁用，跳過配置保存
2025-08-01 11:49:43,964 - VALO360 - DEBUG - 自動保存已禁用，跳過配置保存
2025-08-01 11:49:43,964 - VALO360 - DEBUG - 自動保存已禁用，跳過配置保存
2025-08-01 11:49:43,965 - VALO360 - DEBUG - 自動保存已禁用，跳過配置保存
2025-08-01 11:49:43,965 - VALO360 - DEBUG - 自動保存已禁用，跳過配置保存
2025-08-01 11:49:43,965 - VALO360 - DEBUG - 自動保存已禁用，跳過配置保存
2025-08-01 11:49:43,965 - VALO360 - DEBUG - 自動保存已禁用，跳過配置保存
2025-08-01 11:49:43,965 - VALO360 - DEBUG - 自動保存已禁用，跳過配置保存
2025-08-01 11:49:43,965 - VALO360 - DEBUG - 自動保存已禁用，跳過配置保存
2025-08-01 11:49:43,965 - VALO360 - DEBUG - 自動保存已禁用，跳過配置保存
2025-08-01 11:49:43,965 - VALO360 - DEBUG - 自動保存已禁用，跳過配置保存
2025-08-01 11:49:43,965 - VALO360 - DEBUG - 自動保存已禁用，跳過配置保存
2025-08-01 11:49:43,993 - VALO360 - DEBUG - 自動保存已禁用，跳過配置保存
2025-08-01 11:49:43,993 - VALO360 - DEBUG - 自動保存已禁用，跳過配置保存
2025-08-01 11:49:43,993 - VALO360 - DEBUG - 自動保存已禁用，跳過配置保存
2025-08-01 11:49:43,993 - VALO360 - DEBUG - 自動保存已禁用，跳過配置保存
2025-08-01 11:49:43,993 - VALO360 - DEBUG - 自動保存已禁用，跳過配置保存
2025-08-01 11:49:43,993 - VALO360 - DEBUG - 自動保存已禁用，跳過配置保存
2025-08-01 11:49:43,993 - VALO360 - DEBUG - 自動保存已禁用，跳過配置保存
2025-08-01 11:49:43,993 - VALO360 - DEBUG - 自動保存已禁用，跳過配置保存
2025-08-01 11:49:44,054 - VALO360 - DEBUG - 自動保存已禁用，跳過配置保存
2025-08-01 11:49:44,054 - VALO360 - DEBUG - 自動保存已禁用，跳過配置保存
2025-08-01 11:49:44,054 - VALO360 - DEBUG - 自動保存已禁用，跳過配置保存
2025-08-01 11:49:44,054 - VALO360 - DEBUG - 自動保存已禁用，跳過配置保存
2025-08-01 11:49:44,054 - VALO360 - DEBUG - 自動保存已禁用，跳過配置保存
2025-08-01 11:49:44,054 - VALO360 - DEBUG - 自動保存已禁用，跳過配置保存
2025-08-01 11:49:44,054 - VALO360 - DEBUG - 自動保存已禁用，跳過配置保存
2025-08-01 11:49:44,054 - VALO360 - DEBUG - 自動保存已禁用，跳過配置保存
2025-08-01 11:49:44,087 - VALO360 - DEBUG - 自動保存已禁用，跳過配置保存
2025-08-01 11:49:44,087 - VALO360 - DEBUG - 自動保存已禁用，跳過配置保存
2025-08-01 11:49:44,089 - VALO360 - DEBUG - 自動保存已禁用，跳過配置保存
2025-08-01 11:49:44,089 - VALO360 - DEBUG - 自動保存已禁用，跳過配置保存
2025-08-01 11:49:44,089 - VALO360 - DEBUG - 自動保存已禁用，跳過配置保存
2025-08-01 11:49:44,089 - VALO360 - DEBUG - 自動保存已禁用，跳過配置保存
2025-08-01 11:49:44,089 - VALO360 - DEBUG - 自動保存已禁用，跳過配置保存
2025-08-01 11:49:44,089 - VALO360 - DEBUG - 自動保存已禁用，跳過配置保存
2025-08-01 11:49:44,089 - VALO360 - DEBUG - 自動保存已禁用，跳過配置保存
2025-08-01 11:49:44,089 - VALO360 - DEBUG - 自動保存已禁用，跳過配置保存
2025-08-01 11:49:44,089 - VALO360 - DEBUG - 自動保存已禁用，跳過配置保存
2025-08-01 11:49:44,089 - VALO360 - DEBUG - 自動保存已禁用，跳過配置保存
2025-08-01 11:49:44,096 - VALO360 - DEBUG - 自動保存已禁用，跳過配置保存
2025-08-01 11:49:44,096 - VALO360 - DEBUG - 自動保存已禁用，跳過配置保存
2025-08-01 11:49:44,096 - VALO360 - DEBUG - 自動保存已禁用，跳過配置保存
2025-08-01 11:49:44,096 - VALO360 - DEBUG - 自動保存已禁用，跳過配置保存
2025-08-01 11:49:44,096 - VALO360 - DEBUG - 自動保存已禁用，跳過配置保存
2025-08-01 11:49:44,096 - VALO360 - DEBUG - 自動保存已禁用，跳過配置保存
2025-08-01 11:49:44,096 - VALO360 - DEBUG - 自動保存已禁用，跳過配置保存
2025-08-01 11:49:44,096 - VALO360 - DEBUG - 自動保存已禁用，跳過配置保存
2025-08-01 11:49:44,096 - VALO360 - DEBUG - 自動保存已禁用，跳過配置保存
2025-08-01 11:49:44,096 - VALO360 - DEBUG - 自動保存已禁用，跳過配置保存
2025-08-01 11:49:44,096 - VALO360 - DEBUG - 自動保存已禁用，跳過配置保存
2025-08-01 11:49:44,096 - VALO360 - DEBUG - 自動保存已禁用，跳過配置保存
2025-08-01 11:49:44,096 - VALO360 - DEBUG - 自動保存已禁用，跳過配置保存
2025-08-01 11:49:44,096 - VALO360 - DEBUG - 自動保存已禁用，跳過配置保存
2025-08-01 11:49:44,096 - VALO360 - DEBUG - 自動保存已禁用，跳過配置保存
2025-08-01 11:49:44,105 - VALO360 - DEBUG - 自動保存已禁用，跳過配置保存
2025-08-01 11:49:44,105 - VALO360 - DEBUG - 自動保存已禁用，跳過配置保存
2025-08-01 11:49:44,105 - VALO360 - DEBUG - 自動保存已禁用，跳過配置保存
2025-08-01 11:49:44,105 - VALO360 - DEBUG - 自動保存已禁用，跳過配置保存
2025-08-01 11:49:44,105 - VALO360 - DEBUG - 自動保存已禁用，跳過配置保存
2025-08-01 11:49:44,105 - VALO360 - DEBUG - 自動保存已禁用，跳過配置保存
2025-08-01 11:49:44,105 - VALO360 - DEBUG - 自動保存已禁用，跳過配置保存
2025-08-01 11:49:44,111 - VALO360 - DEBUG - 自動保存已禁用，跳過配置保存
2025-08-01 11:49:44,111 - VALO360 - DEBUG - 自動保存已禁用，跳過配置保存
2025-08-01 11:49:44,111 - VALO360 - DEBUG - 自動保存已禁用，跳過配置保存
2025-08-01 11:49:44,111 - VALO360 - DEBUG - 自動保存已禁用，跳過配置保存
2025-08-01 11:49:44,111 - VALO360 - DEBUG - 自動保存已禁用，跳過配置保存
2025-08-01 11:49:44,111 - VALO360 - DEBUG - 自動保存已禁用，跳過配置保存
2025-08-01 11:49:44,111 - VALO360 - DEBUG - 自動保存已禁用，跳過配置保存
2025-08-01 11:49:44,111 - VALO360 - DEBUG - 自動保存已禁用，跳過配置保存
2025-08-01 11:49:44,116 - VALO360 - DEBUG - 自動保存已禁用，跳過配置保存
2025-08-01 11:49:44,116 - VALO360 - DEBUG - 自動保存已禁用，跳過配置保存
2025-08-01 11:49:44,117 - VALO360 - DEBUG - 自動保存已禁用，跳過配置保存
2025-08-01 11:49:44,117 - VALO360 - DEBUG - 自動保存已禁用，跳過配置保存
2025-08-01 11:49:44,117 - VALO360 - DEBUG - 自動保存已禁用，跳過配置保存
2025-08-01 11:49:44,117 - VALO360 - DEBUG - 自動保存已禁用，跳過配置保存
2025-08-01 11:49:44,117 - VALO360 - DEBUG - 自動保存已禁用，跳過配置保存
2025-08-01 11:49:44,117 - VALO360 - DEBUG - 自動保存已禁用，跳過配置保存
2025-08-01 11:49:44,117 - VALO360 - DEBUG - 自動保存已禁用，跳過配置保存
2025-08-01 11:49:44,117 - VALO360 - DEBUG - 自動保存已禁用，跳過配置保存
2025-08-01 11:49:44,117 - VALO360 - DEBUG - 自動保存已禁用，跳過配置保存
2025-08-01 11:49:44,117 - VALO360 - DEBUG - 自動保存已禁用，跳過配置保存
2025-08-01 11:49:44,117 - VALO360 - DEBUG - 自動保存已禁用，跳過配置保存
2025-08-01 11:49:44,117 - VALO360 - DEBUG - 自動保存已禁用，跳過配置保存
2025-08-01 11:49:44,117 - VALO360 - DEBUG - 自動保存已禁用，跳過配置保存
2025-08-01 11:49:44,117 - VALO360 - DEBUG - 自動保存已禁用，跳過配置保存
2025-08-01 11:49:44,117 - VALO360 - DEBUG - 自動保存已禁用，跳過配置保存
2025-08-01 11:49:44,126 - VALO360 - DEBUG - 自動保存已禁用，跳過配置保存
2025-08-01 11:49:44,126 - VALO360 - DEBUG - 自動保存已禁用，跳過配置保存
2025-08-01 11:49:44,126 - VALO360 - DEBUG - 自動保存已禁用，跳過配置保存
2025-08-01 11:49:44,126 - VALO360 - DEBUG - 自動保存已禁用，跳過配置保存
2025-08-01 11:49:44,126 - VALO360 - DEBUG - 自動保存已禁用，跳過配置保存
2025-08-01 11:49:44,126 - VALO360 - DEBUG - 自動保存已禁用，跳過配置保存
2025-08-01 11:49:44,126 - VALO360 - DEBUG - 自動保存已禁用，跳過配置保存
2025-08-01 11:49:44,126 - VALO360 - DEBUG - 自動保存已禁用，跳過配置保存
2025-08-01 11:49:44,126 - VALO360 - DEBUG - 自動保存已禁用，跳過配置保存
2025-08-01 11:49:44,126 - VALO360 - DEBUG - 自動保存已禁用，跳過配置保存
2025-08-01 11:49:44,126 - VALO360 - DEBUG - 自動保存已禁用，跳過配置保存
2025-08-01 11:49:44,126 - VALO360 - DEBUG - 自動保存已禁用，跳過配置保存
2025-08-01 11:49:44,126 - VALO360 - DEBUG - 自動保存已禁用，跳過配置保存
2025-08-01 11:49:44,175 - VALO360 - DEBUG - 自動保存已禁用，跳過配置保存
2025-08-01 11:49:44,175 - VALO360 - DEBUG - 自動保存已禁用，跳過配置保存
2025-08-01 11:49:44,175 - VALO360 - DEBUG - 自動保存已禁用，跳過配置保存
2025-08-01 11:49:44,175 - VALO360 - DEBUG - 自動保存已禁用，跳過配置保存
2025-08-01 11:49:44,177 - VALO360 - DEBUG - 自動保存已禁用，跳過配置保存
2025-08-01 11:49:44,177 - VALO360 - DEBUG - 自動保存已禁用，跳過配置保存
2025-08-01 11:49:44,179 - VALO360 - DEBUG - 自動保存已禁用，跳過配置保存
2025-08-01 11:49:44,179 - VALO360 - DEBUG - 自動保存已禁用，跳過配置保存
2025-08-01 11:49:44,179 - VALO360 - DEBUG - 自動保存已禁用，跳過配置保存
2025-08-01 11:49:44,179 - VALO360 - DEBUG - 自動保存已禁用，跳過配置保存
2025-08-01 11:49:44,182 - VALO360 - DEBUG - 自動保存已禁用，跳過配置保存
2025-08-01 11:49:44,182 - VALO360 - DEBUG - 自動保存已禁用，跳過配置保存
2025-08-01 11:49:44,182 - VALO360 - DEBUG - 自動保存已禁用，跳過配置保存
2025-08-01 11:49:44,182 - VALO360 - DEBUG - 自動保存已禁用，跳過配置保存
2025-08-01 11:49:44,182 - VALO360 - DEBUG - 自動保存已禁用，跳過配置保存
2025-08-01 11:49:44,185 - VALO360 - DEBUG - 自動保存已禁用，跳過配置保存
2025-08-01 11:49:44,185 - VALO360 - DEBUG - 自動保存已禁用，跳過配置保存
2025-08-01 11:49:44,187 - VALO360 - DEBUG - 自動保存已禁用，跳過配置保存
2025-08-01 11:49:44,187 - VALO360 - DEBUG - 自動保存已禁用，跳過配置保存
2025-08-01 11:49:44,188 - VALO360 - DEBUG - 自動保存已禁用，跳過配置保存
2025-08-01 11:49:44,189 - VALO360 - DEBUG - 自動保存已禁用，跳過配置保存
2025-08-01 11:49:44,189 - VALO360 - DEBUG - 自動保存已禁用，跳過配置保存
2025-08-01 11:49:44,191 - VALO360 - DEBUG - 自動保存已禁用，跳過配置保存
2025-08-01 11:49:44,191 - VALO360 - DEBUG - 自動保存已禁用，跳過配置保存
2025-08-01 11:49:44,191 - VALO360 - DEBUG - 自動保存已禁用，跳過配置保存
2025-08-01 11:49:44,194 - VALO360 - DEBUG - 自動保存已禁用，跳過配置保存
2025-08-01 11:49:44,194 - VALO360 - DEBUG - 自動保存已禁用，跳過配置保存
2025-08-01 11:49:44,194 - VALO360 - DEBUG - 自動保存已禁用，跳過配置保存
2025-08-01 11:49:44,194 - VALO360 - DEBUG - 自動保存已禁用，跳過配置保存
2025-08-01 11:49:44,196 - VALO360 - DEBUG - 自動保存已禁用，跳過配置保存
2025-08-01 11:49:44,196 - VALO360 - DEBUG - 自動保存已禁用，跳過配置保存
2025-08-01 11:49:44,196 - VALO360 - DEBUG - 自動保存已禁用，跳過配置保存
2025-08-01 11:49:44,198 - VALO360 - DEBUG - 自動保存已禁用，跳過配置保存
2025-08-01 11:49:44,198 - VALO360 - DEBUG - 自動保存已禁用，跳過配置保存
2025-08-01 11:49:44,198 - VALO360 - DEBUG - 自動保存已禁用，跳過配置保存
2025-08-01 11:49:44,198 - VALO360 - DEBUG - 自動保存已禁用，跳過配置保存
2025-08-01 11:49:44,198 - VALO360 - DEBUG - 自動保存已禁用，跳過配置保存
2025-08-01 11:49:44,198 - VALO360 - DEBUG - 自動保存已禁用，跳過配置保存
2025-08-01 11:49:44,198 - VALO360 - DEBUG - 自動保存已禁用，跳過配置保存
2025-08-01 11:49:44,198 - VALO360 - DEBUG - 自動保存已禁用，跳過配置保存
2025-08-01 11:49:44,198 - VALO360 - DEBUG - 自動保存已禁用，跳過配置保存
2025-08-01 11:49:44,198 - VALO360 - DEBUG - 自動保存已禁用，跳過配置保存
2025-08-01 11:49:44,198 - VALO360 - DEBUG - 自動保存已禁用，跳過配置保存
2025-08-01 11:49:44,198 - VALO360 - DEBUG - 自動保存已禁用，跳過配置保存
2025-08-01 11:49:44,198 - VALO360 - DEBUG - 自動保存已禁用，跳過配置保存
2025-08-01 11:49:44,198 - VALO360 - DEBUG - 自動保存已禁用，跳過配置保存
2025-08-01 11:49:44,198 - VALO360 - DEBUG - 自動保存已禁用，跳過配置保存
2025-08-01 11:49:44,198 - VALO360 - DEBUG - 自動保存已禁用，跳過配置保存
2025-08-01 11:49:44,198 - VALO360 - DEBUG - 自動保存已禁用，跳過配置保存
2025-08-01 11:49:44,198 - VALO360 - DEBUG - 自動保存已禁用，跳過配置保存
2025-08-01 11:49:44,208 - VALO360 - DEBUG - 自動保存已禁用，跳過配置保存
2025-08-01 11:49:44,208 - VALO360 - DEBUG - 自動保存已禁用，跳過配置保存
2025-08-01 11:49:44,208 - VALO360 - DEBUG - 自動保存已禁用，跳過配置保存
2025-08-01 11:49:44,208 - VALO360 - DEBUG - 自動保存已禁用，跳過配置保存
2025-08-01 11:49:44,208 - VALO360 - DEBUG - 自動保存已禁用，跳過配置保存
2025-08-01 11:49:44,208 - VALO360 - DEBUG - 自動保存已禁用，跳過配置保存
2025-08-01 11:49:44,208 - VALO360 - DEBUG - 自動保存已禁用，跳過配置保存
2025-08-01 11:49:44,208 - VALO360 - DEBUG - 自動保存已禁用，跳過配置保存
2025-08-01 11:49:44,208 - VALO360 - DEBUG - 自動保存已禁用，跳過配置保存
2025-08-01 11:49:44,208 - VALO360 - DEBUG - 自動保存已禁用，跳過配置保存
2025-08-01 11:49:44,208 - VALO360 - DEBUG - 自動保存已禁用，跳過配置保存
2025-08-01 11:49:44,208 - VALO360 - DEBUG - 自動保存已禁用，跳過配置保存
2025-08-01 11:49:44,208 - VALO360 - DEBUG - 自動保存已禁用，跳過配置保存
2025-08-01 11:49:44,208 - VALO360 - DEBUG - 自動保存已禁用，跳過配置保存
2025-08-01 11:49:44,208 - VALO360 - DEBUG - 自動保存已禁用，跳過配置保存
2025-08-01 11:49:44,208 - VALO360 - DEBUG - 自動保存已禁用，跳過配置保存
2025-08-01 11:49:44,208 - VALO360 - DEBUG - 自動保存已禁用，跳過配置保存
2025-08-01 11:49:44,208 - VALO360 - DEBUG - 自動保存已禁用，跳過配置保存
2025-08-01 11:49:44,208 - VALO360 - DEBUG - 自動保存已禁用，跳過配置保存
2025-08-01 11:49:44,218 - VALO360 - DEBUG - 自動保存已禁用，跳過配置保存
2025-08-01 11:49:44,218 - VALO360 - DEBUG - 自動保存已禁用，跳過配置保存
2025-08-01 11:49:44,218 - VALO360 - DEBUG - 自動保存已禁用，跳過配置保存
2025-08-01 11:49:44,218 - VALO360 - DEBUG - 自動保存已禁用，跳過配置保存
2025-08-01 11:49:44,218 - VALO360 - DEBUG - 自動保存已禁用，跳過配置保存
2025-08-01 11:49:44,220 - VALO360 - DEBUG - 自動保存已禁用，跳過配置保存
2025-08-01 11:49:44,220 - VALO360 - DEBUG - 自動保存已禁用，跳過配置保存
2025-08-01 11:49:44,220 - VALO360 - DEBUG - 自動保存已禁用，跳過配置保存
2025-08-01 11:49:44,220 - VALO360 - DEBUG - 自動保存已禁用，跳過配置保存
2025-08-01 11:49:44,220 - VALO360 - DEBUG - 自動保存已禁用，跳過配置保存
2025-08-01 11:49:44,220 - VALO360 - DEBUG - 自動保存已禁用，跳過配置保存
2025-08-01 11:49:44,220 - VALO360 - DEBUG - 自動保存已禁用，跳過配置保存
2025-08-01 11:49:44,220 - VALO360 - DEBUG - 自動保存已禁用，跳過配置保存
2025-08-01 11:49:44,225 - VALO360 - DEBUG - 自動保存已禁用，跳過配置保存
2025-08-01 11:49:44,225 - VALO360 - DEBUG - 自動保存已禁用，跳過配置保存
2025-08-01 11:49:44,225 - VALO360 - DEBUG - 自動保存已禁用，跳過配置保存
2025-08-01 11:49:44,225 - VALO360 - DEBUG - 自動保存已禁用，跳過配置保存
2025-08-01 11:49:44,225 - VALO360 - DEBUG - 自動保存已禁用，跳過配置保存
2025-08-01 11:49:44,225 - VALO360 - DEBUG - 自動保存已禁用，跳過配置保存
2025-08-01 11:49:44,228 - VALO360 - DEBUG - 自動保存已禁用，跳過配置保存
2025-08-01 11:49:44,229 - VALO360 - DEBUG - 自動保存已禁用，跳過配置保存
2025-08-01 11:49:44,229 - VALO360 - DEBUG - 自動保存已禁用，跳過配置保存
2025-08-01 11:49:44,229 - VALO360 - DEBUG - 自動保存已禁用，跳過配置保存
2025-08-01 11:49:44,229 - VALO360 - DEBUG - 自動保存已禁用，跳過配置保存
2025-08-01 11:49:44,229 - VALO360 - DEBUG - 自動保存已禁用，跳過配置保存
2025-08-01 11:49:44,232 - VALO360 - DEBUG - 自動保存已禁用，跳過配置保存
2025-08-01 11:49:44,232 - VALO360 - DEBUG - 自動保存已禁用，跳過配置保存
2025-08-01 11:49:44,232 - VALO360 - DEBUG - 自動保存已禁用，跳過配置保存
2025-08-01 11:49:44,232 - VALO360 - DEBUG - 自動保存已禁用，跳過配置保存
2025-08-01 11:49:44,234 - VALO360 - DEBUG - 自動保存已禁用，跳過配置保存
2025-08-01 11:49:44,234 - VALO360 - DEBUG - 自動保存已禁用，跳過配置保存
2025-08-01 11:49:44,234 - VALO360 - DEBUG - 自動保存已禁用，跳過配置保存
2025-08-01 11:49:44,234 - VALO360 - DEBUG - 自動保存已禁用，跳過配置保存
2025-08-01 11:49:44,234 - VALO360 - DEBUG - 自動保存已禁用，跳過配置保存
2025-08-01 11:49:44,236 - VALO360 - DEBUG - 自動保存已禁用，跳過配置保存
2025-08-01 11:49:44,236 - VALO360 - DEBUG - 自動保存已禁用，跳過配置保存
2025-08-01 11:49:44,236 - VALO360 - DEBUG - 自動保存已禁用，跳過配置保存
2025-08-01 11:49:44,236 - VALO360 - DEBUG - 自動保存已禁用，跳過配置保存
2025-08-01 11:49:44,238 - VALO360 - DEBUG - 自動保存已禁用，跳過配置保存
2025-08-01 11:49:44,240 - VALO360 - DEBUG - 自動保存已禁用，跳過配置保存
2025-08-01 11:49:44,240 - VALO360 - DEBUG - 自動保存已禁用，跳過配置保存
2025-08-01 11:49:44,242 - VALO360 - DEBUG - 自動保存已禁用，跳過配置保存
2025-08-01 11:49:44,242 - VALO360 - DEBUG - 自動保存已禁用，跳過配置保存
2025-08-01 11:49:44,244 - VALO360 - DEBUG - 自動保存已禁用，跳過配置保存
2025-08-01 11:49:44,244 - VALO360 - DEBUG - 自動保存已禁用，跳過配置保存
2025-08-01 11:49:44,244 - VALO360 - DEBUG - 自動保存已禁用，跳過配置保存
2025-08-01 11:49:44,244 - VALO360 - DEBUG - 自動保存已禁用，跳過配置保存
2025-08-01 11:49:44,246 - VALO360 - DEBUG - 自動保存已禁用，跳過配置保存
2025-08-01 11:49:44,246 - VALO360 - DEBUG - 自動保存已禁用，跳過配置保存
2025-08-01 11:49:44,246 - VALO360 - DEBUG - 自動保存已禁用，跳過配置保存
2025-08-01 11:49:44,246 - VALO360 - DEBUG - 自動保存已禁用，跳過配置保存
2025-08-01 11:49:44,248 - VALO360 - DEBUG - 自動保存已禁用，跳過配置保存
2025-08-01 11:49:44,248 - VALO360 - DEBUG - 自動保存已禁用，跳過配置保存
2025-08-01 11:49:44,248 - VALO360 - DEBUG - 自動保存已禁用，跳過配置保存
2025-08-01 11:49:44,248 - VALO360 - DEBUG - 自動保存已禁用，跳過配置保存
2025-08-01 11:49:44,248 - VALO360 - DEBUG - 自動保存已禁用，跳過配置保存
2025-08-01 11:49:44,255 - VALO360 - DEBUG - 自動保存已禁用，跳過配置保存
2025-08-01 11:49:44,255 - VALO360 - DEBUG - 自動保存已禁用，跳過配置保存
2025-08-01 11:49:44,255 - VALO360 - DEBUG - 自動保存已禁用，跳過配置保存
2025-08-01 11:49:44,258 - VALO360 - DEBUG - 自動保存已禁用，跳過配置保存
2025-08-01 11:49:44,258 - VALO360 - DEBUG - 自動保存已禁用，跳過配置保存
2025-08-01 11:49:44,258 - VALO360 - DEBUG - 自動保存已禁用，跳過配置保存
2025-08-01 11:49:44,258 - VALO360 - DEBUG - 自動保存已禁用，跳過配置保存
2025-08-01 11:49:44,261 - VALO360 - DEBUG - 自動保存已禁用，跳過配置保存
2025-08-01 11:49:44,261 - VALO360 - DEBUG - 自動保存已禁用，跳過配置保存
2025-08-01 11:49:44,263 - VALO360 - DEBUG - 自動保存已禁用，跳過配置保存
2025-08-01 11:49:44,263 - VALO360 - DEBUG - 自動保存已禁用，跳過配置保存
2025-08-01 11:49:44,263 - VALO360 - DEBUG - 自動保存已禁用，跳過配置保存
2025-08-01 11:49:44,263 - VALO360 - DEBUG - 自動保存已禁用，跳過配置保存
2025-08-01 11:49:44,266 - VALO360 - DEBUG - 自動保存已禁用，跳過配置保存
2025-08-01 11:49:44,266 - VALO360 - DEBUG - 自動保存已禁用，跳過配置保存
2025-08-01 11:49:44,266 - VALO360 - DEBUG - 自動保存已禁用，跳過配置保存
2025-08-01 11:49:44,266 - VALO360 - DEBUG - 自動保存已禁用，跳過配置保存
2025-08-01 11:49:44,266 - VALO360 - DEBUG - 自動保存已禁用，跳過配置保存
2025-08-01 11:49:44,269 - VALO360 - DEBUG - 自動保存已禁用，跳過配置保存
2025-08-01 11:49:44,270 - VALO360 - DEBUG - 自動保存已禁用，跳過配置保存
2025-08-01 11:49:44,270 - VALO360 - DEBUG - 自動保存已禁用，跳過配置保存
2025-08-01 11:49:44,270 - VALO360 - DEBUG - 自動保存已禁用，跳過配置保存
2025-08-01 11:49:44,270 - VALO360 - DEBUG - 自動保存已禁用，跳過配置保存
2025-08-01 11:49:44,270 - VALO360 - DEBUG - 自動保存已禁用，跳過配置保存
2025-08-01 11:49:44,270 - VALO360 - DEBUG - 自動保存已禁用，跳過配置保存
2025-08-01 11:49:44,270 - VALO360 - DEBUG - 自動保存已禁用，跳過配置保存
2025-08-01 11:49:44,270 - VALO360 - DEBUG - 自動保存已禁用，跳過配置保存
2025-08-01 11:49:44,270 - VALO360 - DEBUG - 自動保存已禁用，跳過配置保存
2025-08-01 11:49:44,270 - VALO360 - DEBUG - 自動保存已禁用，跳過配置保存
2025-08-01 11:49:44,270 - VALO360 - DEBUG - 自動保存已禁用，跳過配置保存
2025-08-01 11:49:44,270 - VALO360 - DEBUG - 自動保存已禁用，跳過配置保存
2025-08-01 11:49:44,279 - VALO360 - DEBUG - 自動保存已禁用，跳過配置保存
2025-08-01 11:49:44,279 - VALO360 - DEBUG - 自動保存已禁用，跳過配置保存
2025-08-01 11:49:44,279 - VALO360 - DEBUG - 自動保存已禁用，跳過配置保存
2025-08-01 11:49:44,279 - VALO360 - DEBUG - 自動保存已禁用，跳過配置保存
2025-08-01 11:49:44,279 - VALO360 - DEBUG - 自動保存已禁用，跳過配置保存
2025-08-01 11:49:44,279 - VALO360 - DEBUG - 自動保存已禁用，跳過配置保存
2025-08-01 11:49:44,279 - VALO360 - DEBUG - 自動保存已禁用，跳過配置保存
2025-08-01 11:49:44,279 - VALO360 - DEBUG - 自動保存已禁用，跳過配置保存
2025-08-01 11:49:44,279 - VALO360 - DEBUG - 自動保存已禁用，跳過配置保存
2025-08-01 11:49:44,279 - VALO360 - DEBUG - 自動保存已禁用，跳過配置保存
2025-08-01 11:49:44,279 - VALO360 - DEBUG - 自動保存已禁用，跳過配置保存
2025-08-01 11:49:44,279 - VALO360 - DEBUG - 自動保存已禁用，跳過配置保存
2025-08-01 11:49:44,291 - VALO360 - DEBUG - 自動保存已禁用，跳過配置保存
2025-08-01 11:49:44,291 - VALO360 - DEBUG - 自動保存已禁用，跳過配置保存
2025-08-01 11:49:44,291 - VALO360 - DEBUG - 自動保存已禁用，跳過配置保存
2025-08-01 11:49:44,291 - VALO360 - DEBUG - 自動保存已禁用，跳過配置保存
2025-08-01 11:49:44,293 - VALO360 - DEBUG - 自動保存已禁用，跳過配置保存
2025-08-01 11:49:44,293 - VALO360 - DEBUG - 自動保存已禁用，跳過配置保存
2025-08-01 11:49:44,293 - VALO360 - DEBUG - 自動保存已禁用，跳過配置保存
2025-08-01 11:49:44,293 - VALO360 - DEBUG - 自動保存已禁用，跳過配置保存
2025-08-01 11:49:44,295 - VALO360 - DEBUG - 自動保存已禁用，跳過配置保存
2025-08-01 11:49:44,295 - VALO360 - DEBUG - 自動保存已禁用，跳過配置保存
2025-08-01 11:49:44,295 - VALO360 - DEBUG - 自動保存已禁用，跳過配置保存
2025-08-01 11:49:44,295 - VALO360 - DEBUG - 自動保存已禁用，跳過配置保存
2025-08-01 11:49:44,297 - VALO360 - DEBUG - 自動保存已禁用，跳過配置保存
2025-08-01 11:49:44,297 - VALO360 - DEBUG - 自動保存已禁用，跳過配置保存
2025-08-01 11:49:44,297 - VALO360 - DEBUG - 自動保存已禁用，跳過配置保存
2025-08-01 11:49:44,297 - VALO360 - DEBUG - 自動保存已禁用，跳過配置保存
2025-08-01 11:49:44,299 - VALO360 - DEBUG - 自動保存已禁用，跳過配置保存
2025-08-01 11:49:44,300 - VALO360 - DEBUG - 自動保存已禁用，跳過配置保存
2025-08-01 11:49:44,300 - VALO360 - DEBUG - 自動保存已禁用，跳過配置保存
2025-08-01 11:49:44,300 - VALO360 - DEBUG - 自動保存已禁用，跳過配置保存
2025-08-01 11:49:44,300 - VALO360 - DEBUG - 自動保存已禁用，跳過配置保存
2025-08-01 11:49:44,302 - VALO360 - DEBUG - 自動保存已禁用，跳過配置保存
2025-08-01 11:49:44,302 - VALO360 - DEBUG - 自動保存已禁用，跳過配置保存
2025-08-01 11:49:44,302 - VALO360 - DEBUG - 自動保存已禁用，跳過配置保存
2025-08-01 11:49:44,302 - VALO360 - DEBUG - 自動保存已禁用，跳過配置保存
2025-08-01 11:49:44,304 - VALO360 - DEBUG - 自動保存已禁用，跳過配置保存
2025-08-01 11:49:44,304 - VALO360 - DEBUG - 自動保存已禁用，跳過配置保存
2025-08-01 11:49:44,304 - VALO360 - DEBUG - 自動保存已禁用，跳過配置保存
2025-08-01 11:49:44,304 - VALO360 - DEBUG - 自動保存已禁用，跳過配置保存
2025-08-01 11:49:44,306 - VALO360 - DEBUG - 自動保存已禁用，跳過配置保存
2025-08-01 11:49:44,306 - VALO360 - DEBUG - 自動保存已禁用，跳過配置保存
2025-08-01 11:49:44,306 - VALO360 - DEBUG - 自動保存已禁用，跳過配置保存
2025-08-01 11:49:44,306 - VALO360 - DEBUG - 自動保存已禁用，跳過配置保存
2025-08-01 11:49:44,308 - VALO360 - DEBUG - 自動保存已禁用，跳過配置保存
2025-08-01 11:49:44,308 - VALO360 - DEBUG - 自動保存已禁用，跳過配置保存
2025-08-01 11:49:44,308 - VALO360 - DEBUG - 自動保存已禁用，跳過配置保存
2025-08-01 11:49:44,310 - VALO360 - DEBUG - 自動保存已禁用，跳過配置保存
2025-08-01 11:49:44,310 - VALO360 - DEBUG - 自動保存已禁用，跳過配置保存
2025-08-01 11:49:44,310 - VALO360 - DEBUG - 自動保存已禁用，跳過配置保存
2025-08-01 11:49:44,310 - VALO360 - DEBUG - 自動保存已禁用，跳過配置保存
2025-08-01 11:49:44,312 - VALO360 - DEBUG - 自動保存已禁用，跳過配置保存
2025-08-01 11:49:44,312 - VALO360 - DEBUG - 自動保存已禁用，跳過配置保存
2025-08-01 11:49:44,312 - VALO360 - DEBUG - 自動保存已禁用，跳過配置保存
2025-08-01 11:49:44,312 - VALO360 - DEBUG - 自動保存已禁用，跳過配置保存
2025-08-01 11:49:44,312 - VALO360 - DEBUG - 自動保存已禁用，跳過配置保存
2025-08-01 11:49:44,314 - VALO360 - DEBUG - 自動保存已禁用，跳過配置保存
2025-08-01 11:49:44,314 - VALO360 - DEBUG - 自動保存已禁用，跳過配置保存
2025-08-01 11:49:44,314 - VALO360 - DEBUG - 自動保存已禁用，跳過配置保存
2025-08-01 11:49:44,314 - VALO360 - DEBUG - 自動保存已禁用，跳過配置保存
2025-08-01 11:49:44,314 - VALO360 - DEBUG - 自動保存已禁用，跳過配置保存
2025-08-01 11:49:44,316 - VALO360 - DEBUG - 自動保存已禁用，跳過配置保存
2025-08-01 11:49:44,316 - VALO360 - DEBUG - 自動保存已禁用，跳過配置保存
2025-08-01 11:49:44,322 - VALO360 - DEBUG - 自動保存已禁用，跳過配置保存
2025-08-01 11:49:44,322 - VALO360 - DEBUG - 自動保存已禁用，跳過配置保存
2025-08-01 11:49:44,322 - VALO360 - DEBUG - 自動保存已禁用，跳過配置保存
2025-08-01 11:49:44,328 - VALO360 - DEBUG - 自動保存已禁用，跳過配置保存
2025-08-01 11:49:44,329 - VALO360 - DEBUG - 自動保存已禁用，跳過配置保存
2025-08-01 11:49:44,329 - VALO360 - DEBUG - 自動保存已禁用，跳過配置保存
2025-08-01 11:49:44,330 - VALO360 - DEBUG - 自動保存已禁用，跳過配置保存
2025-08-01 11:49:44,330 - VALO360 - DEBUG - 自動保存已禁用，跳過配置保存
2025-08-01 11:49:44,330 - VALO360 - DEBUG - 自動保存已禁用，跳過配置保存
2025-08-01 11:49:44,330 - VALO360 - DEBUG - 自動保存已禁用，跳過配置保存
2025-08-01 11:49:44,333 - VALO360 - DEBUG - 自動保存已禁用，跳過配置保存
2025-08-01 11:49:44,333 - VALO360 - DEBUG - 自動保存已禁用，跳過配置保存
2025-08-01 11:49:44,340 - VALO360 - DEBUG - 自動保存已禁用，跳過配置保存
2025-08-01 11:49:44,340 - VALO360 - DEBUG - 自動保存已禁用，跳過配置保存
2025-08-01 11:49:44,340 - VALO360 - DEBUG - 自動保存已禁用，跳過配置保存
2025-08-01 11:49:44,340 - VALO360 - DEBUG - 自動保存已禁用，跳過配置保存
2025-08-01 11:49:44,494 - VALO360 - DEBUG - 自動保存已禁用，跳過配置保存
2025-08-01 11:49:44,494 - VALO360 - DEBUG - 自動保存已禁用，跳過配置保存
2025-08-01 11:49:44,500 - VALO360 - DEBUG - 自動保存已禁用，跳過配置保存
2025-08-01 11:49:44,500 - VALO360 - DEBUG - 自動保存已禁用，跳過配置保存
2025-08-01 11:49:44,500 - VALO360 - DEBUG - 自動保存已禁用，跳過配置保存
2025-08-01 11:49:44,500 - VALO360 - DEBUG - 自動保存已禁用，跳過配置保存
2025-08-01 11:49:44,502 - VALO360 - DEBUG - 自動保存已禁用，跳過配置保存
2025-08-01 11:49:44,502 - VALO360 - DEBUG - 自動保存已禁用，跳過配置保存
2025-08-01 11:49:44,503 - VALO360 - DEBUG - 自動保存已禁用，跳過配置保存
2025-08-01 11:49:44,503 - VALO360 - DEBUG - 自動保存已禁用，跳過配置保存
2025-08-01 11:49:44,503 - VALO360 - DEBUG - 自動保存已禁用，跳過配置保存
2025-08-01 11:49:44,503 - VALO360 - DEBUG - 自動保存已禁用，跳過配置保存
2025-08-01 11:49:44,506 - VALO360 - DEBUG - 自動保存已禁用，跳過配置保存
2025-08-01 11:49:44,506 - VALO360 - DEBUG - 自動保存已禁用，跳過配置保存
2025-08-01 11:49:44,507 - VALO360 - DEBUG - 自動保存已禁用，跳過配置保存
2025-08-01 11:49:44,507 - VALO360 - DEBUG - 自動保存已禁用，跳過配置保存
2025-08-01 11:49:44,507 - VALO360 - DEBUG - 自動保存已禁用，跳過配置保存
2025-08-01 11:49:44,507 - VALO360 - DEBUG - 自動保存已禁用，跳過配置保存
2025-08-01 11:49:44,510 - VALO360 - DEBUG - 自動保存已禁用，跳過配置保存
2025-08-01 11:49:44,510 - VALO360 - DEBUG - 自動保存已禁用，跳過配置保存
2025-08-01 11:49:44,510 - VALO360 - DEBUG - 自動保存已禁用，跳過配置保存
2025-08-01 11:49:44,510 - VALO360 - DEBUG - 自動保存已禁用，跳過配置保存
2025-08-01 11:49:44,512 - VALO360 - DEBUG - 自動保存已禁用，跳過配置保存
2025-08-01 11:49:44,512 - VALO360 - DEBUG - 自動保存已禁用，跳過配置保存
2025-08-01 11:49:44,514 - VALO360 - DEBUG - 自動保存已禁用，跳過配置保存
2025-08-01 11:49:44,514 - VALO360 - DEBUG - 自動保存已禁用，跳過配置保存
2025-08-01 11:49:44,514 - VALO360 - DEBUG - 自動保存已禁用，跳過配置保存
2025-08-01 11:49:44,515 - VALO360 - DEBUG - 自動保存已禁用，跳過配置保存
2025-08-01 11:49:44,515 - VALO360 - DEBUG - 自動保存已禁用，跳過配置保存
2025-08-01 11:49:44,515 - VALO360 - DEBUG - 自動保存已禁用，跳過配置保存
2025-08-01 11:49:44,515 - VALO360 - DEBUG - 自動保存已禁用，跳過配置保存
2025-08-01 11:49:44,515 - VALO360 - DEBUG - 自動保存已禁用，跳過配置保存
2025-08-01 11:49:44,515 - VALO360 - DEBUG - 自動保存已禁用，跳過配置保存
2025-08-01 11:49:44,523 - VALO360 - DEBUG - 自動保存已禁用，跳過配置保存
2025-08-01 11:49:44,523 - VALO360 - DEBUG - 自動保存已禁用，跳過配置保存
2025-08-01 11:49:44,523 - VALO360 - DEBUG - 自動保存已禁用，跳過配置保存
2025-08-01 11:49:44,524 - VALO360 - DEBUG - 自動保存已禁用，跳過配置保存
2025-08-01 11:49:44,524 - VALO360 - DEBUG - 自動保存已禁用，跳過配置保存
2025-08-01 11:49:44,524 - VALO360 - DEBUG - 自動保存已禁用，跳過配置保存
2025-08-01 11:49:44,525 - VALO360 - DEBUG - 自動保存已禁用，跳過配置保存
2025-08-01 11:49:47,882 - VALO360 - DEBUG - 自動保存已禁用，跳過配置保存
2025-08-01 11:49:47,882 - VALO360 - DEBUG - 自動保存已禁用，跳過配置保存
2025-08-01 11:49:47,883 - VALO360 - DEBUG - 自動保存已禁用，跳過配置保存
2025-08-01 11:49:47,883 - VALO360 - DEBUG - 自動保存已禁用，跳過配置保存
2025-08-01 11:49:47,886 - VALO360 - DEBUG - 自動保存已禁用，跳過配置保存
2025-08-01 11:49:47,887 - VALO360 - DEBUG - 自動保存已禁用，跳過配置保存
2025-08-01 11:49:47,887 - VALO360 - DEBUG - 自動保存已禁用，跳過配置保存
2025-08-01 11:49:47,887 - VALO360 - DEBUG - 自動保存已禁用，跳過配置保存
2025-08-01 11:49:47,897 - VALO360 - DEBUG - 自動保存已禁用，跳過配置保存
2025-08-01 11:49:47,897 - VALO360 - DEBUG - 自動保存已禁用，跳過配置保存
2025-08-01 11:49:47,898 - VALO360 - DEBUG - 自動保存已禁用，跳過配置保存
2025-08-01 11:49:47,898 - VALO360 - DEBUG - 自動保存已禁用，跳過配置保存
2025-08-01 11:49:47,901 - VALO360 - DEBUG - 自動保存已禁用，跳過配置保存
2025-08-01 11:49:47,901 - VALO360 - DEBUG - 自動保存已禁用，跳過配置保存
2025-08-01 11:49:47,901 - VALO360 - DEBUG - 自動保存已禁用，跳過配置保存
2025-08-01 11:49:47,902 - VALO360 - DEBUG - 自動保存已禁用，跳過配置保存
2025-08-01 11:49:47,903 - VALO360 - DEBUG - 自動保存已禁用，跳過配置保存
2025-08-01 11:49:47,903 - VALO360 - DEBUG - 自動保存已禁用，跳過配置保存
2025-08-01 11:49:47,903 - VALO360 - DEBUG - 自動保存已禁用，跳過配置保存
2025-08-01 11:49:47,903 - VALO360 - DEBUG - 自動保存已禁用，跳過配置保存
2025-08-01 11:49:47,906 - VALO360 - DEBUG - 自動保存已禁用，跳過配置保存
2025-08-01 11:49:47,907 - VALO360 - DEBUG - 自動保存已禁用，跳過配置保存
2025-08-01 11:49:47,908 - VALO360 - DEBUG - 自動保存已禁用，跳過配置保存
2025-08-01 11:49:47,908 - VALO360 - DEBUG - 自動保存已禁用，跳過配置保存
2025-08-01 11:49:47,910 - VALO360 - DEBUG - 自動保存已禁用，跳過配置保存
2025-08-01 11:49:47,911 - VALO360 - DEBUG - 自動保存已禁用，跳過配置保存
2025-08-01 11:49:47,911 - VALO360 - DEBUG - 自動保存已禁用，跳過配置保存
2025-08-01 11:49:47,912 - VALO360 - DEBUG - 自動保存已禁用，跳過配置保存
2025-08-01 11:49:47,917 - VALO360 - DEBUG - 自動保存已禁用，跳過配置保存
2025-08-01 11:49:47,917 - VALO360 - DEBUG - 自動保存已禁用，跳過配置保存
2025-08-01 11:49:47,918 - VALO360 - DEBUG - 自動保存已禁用，跳過配置保存
2025-08-01 11:49:47,918 - VALO360 - DEBUG - 自動保存已禁用，跳過配置保存
2025-08-01 11:49:47,920 - VALO360 - DEBUG - 自動保存已禁用，跳過配置保存
2025-08-01 11:49:47,920 - VALO360 - DEBUG - 自動保存已禁用，跳過配置保存
2025-08-01 11:49:47,920 - VALO360 - DEBUG - 自動保存已禁用，跳過配置保存
2025-08-01 11:49:47,921 - VALO360 - DEBUG - 自動保存已禁用，跳過配置保存
2025-08-01 11:49:47,925 - VALO360 - DEBUG - 自動保存已禁用，跳過配置保存
2025-08-01 11:49:47,925 - VALO360 - DEBUG - 自動保存已禁用，跳過配置保存
2025-08-01 11:49:47,925 - VALO360 - DEBUG - 自動保存已禁用，跳過配置保存
2025-08-01 11:49:47,926 - VALO360 - DEBUG - 自動保存已禁用，跳過配置保存
2025-08-01 11:49:47,928 - VALO360 - DEBUG - 自動保存已禁用，跳過配置保存
2025-08-01 11:49:47,928 - VALO360 - DEBUG - 自動保存已禁用，跳過配置保存
2025-08-01 11:49:47,929 - VALO360 - DEBUG - 自動保存已禁用，跳過配置保存
2025-08-01 11:49:47,929 - VALO360 - DEBUG - 自動保存已禁用，跳過配置保存
2025-08-01 11:49:47,930 - VALO360 - DEBUG - 自動保存已禁用，跳過配置保存
2025-08-01 11:49:47,931 - VALO360 - DEBUG - 自動保存已禁用，跳過配置保存
2025-08-01 11:49:47,931 - VALO360 - DEBUG - 自動保存已禁用，跳過配置保存
2025-08-01 11:49:47,931 - VALO360 - DEBUG - 自動保存已禁用，跳過配置保存
2025-08-01 11:49:47,936 - VALO360 - DEBUG - 自動保存已禁用，跳過配置保存
2025-08-01 11:49:47,936 - VALO360 - DEBUG - 自動保存已禁用，跳過配置保存
2025-08-01 11:49:47,936 - VALO360 - DEBUG - 自動保存已禁用，跳過配置保存
2025-08-01 11:49:47,937 - VALO360 - DEBUG - 自動保存已禁用，跳過配置保存
2025-08-01 11:49:47,939 - VALO360 - DEBUG - 自動保存已禁用，跳過配置保存
2025-08-01 11:49:47,939 - VALO360 - DEBUG - 自動保存已禁用，跳過配置保存
2025-08-01 11:49:47,939 - VALO360 - DEBUG - 自動保存已禁用，跳過配置保存
2025-08-01 11:49:47,940 - VALO360 - DEBUG - 自動保存已禁用，跳過配置保存
2025-08-01 11:49:47,947 - VALO360 - DEBUG - 自動保存已禁用，跳過配置保存
2025-08-01 11:49:47,947 - VALO360 - DEBUG - 自動保存已禁用，跳過配置保存
2025-08-01 11:49:47,947 - VALO360 - DEBUG - 自動保存已禁用，跳過配置保存
2025-08-01 11:49:47,947 - VALO360 - DEBUG - 自動保存已禁用，跳過配置保存
2025-08-01 11:49:47,948 - VALO360 - DEBUG - 自動保存已禁用，跳過配置保存
2025-08-01 11:49:47,948 - VALO360 - DEBUG - 自動保存已禁用，跳過配置保存
2025-08-01 11:49:47,948 - VALO360 - DEBUG - 自動保存已禁用，跳過配置保存
2025-08-01 11:49:47,948 - VALO360 - DEBUG - 自動保存已禁用，跳過配置保存
2025-08-01 11:49:47,950 - VALO360 - DEBUG - 自動保存已禁用，跳過配置保存
2025-08-01 11:49:47,950 - VALO360 - DEBUG - 自動保存已禁用，跳過配置保存
2025-08-01 11:49:47,950 - VALO360 - DEBUG - 自動保存已禁用，跳過配置保存
2025-08-01 11:49:47,951 - VALO360 - DEBUG - 自動保存已禁用，跳過配置保存
2025-08-01 11:49:47,952 - VALO360 - DEBUG - 自動保存已禁用，跳過配置保存
2025-08-01 11:49:47,953 - VALO360 - DEBUG - 自動保存已禁用，跳過配置保存
2025-08-01 11:49:47,953 - VALO360 - DEBUG - 自動保存已禁用，跳過配置保存
2025-08-01 11:49:47,953 - VALO360 - DEBUG - 自動保存已禁用，跳過配置保存
2025-08-01 11:49:47,957 - VALO360 - DEBUG - 自動保存已禁用，跳過配置保存
2025-08-01 11:49:47,958 - VALO360 - DEBUG - 自動保存已禁用，跳過配置保存
2025-08-01 11:49:47,958 - VALO360 - DEBUG - 自動保存已禁用，跳過配置保存
2025-08-01 11:49:47,958 - VALO360 - DEBUG - 自動保存已禁用，跳過配置保存
2025-08-01 11:49:47,960 - VALO360 - DEBUG - 自動保存已禁用，跳過配置保存
2025-08-01 11:49:47,960 - VALO360 - DEBUG - 自動保存已禁用，跳過配置保存
2025-08-01 11:49:47,960 - VALO360 - DEBUG - 自動保存已禁用，跳過配置保存
2025-08-01 11:49:47,960 - VALO360 - DEBUG - 自動保存已禁用，跳過配置保存
2025-08-01 11:49:47,965 - VALO360 - DEBUG - 自動保存已禁用，跳過配置保存
2025-08-01 11:49:47,965 - VALO360 - DEBUG - 自動保存已禁用，跳過配置保存
2025-08-01 11:49:47,966 - VALO360 - DEBUG - 自動保存已禁用，跳過配置保存
2025-08-01 11:49:47,966 - VALO360 - DEBUG - 自動保存已禁用，跳過配置保存
2025-08-01 11:49:47,967 - VALO360 - DEBUG - 自動保存已禁用，跳過配置保存
2025-08-01 11:49:47,967 - VALO360 - DEBUG - 自動保存已禁用，跳過配置保存
2025-08-01 11:49:47,967 - VALO360 - DEBUG - 自動保存已禁用，跳過配置保存
2025-08-01 11:49:47,967 - VALO360 - DEBUG - 自動保存已禁用，跳過配置保存
2025-08-01 11:49:47,969 - VALO360 - DEBUG - 自動保存已禁用，跳過配置保存
2025-08-01 11:49:47,970 - VALO360 - DEBUG - 自動保存已禁用，跳過配置保存
2025-08-01 11:49:47,970 - VALO360 - DEBUG - 自動保存已禁用，跳過配置保存
2025-08-01 11:49:47,970 - VALO360 - DEBUG - 自動保存已禁用，跳過配置保存
2025-08-01 11:49:47,973 - VALO360 - DEBUG - 自動保存已禁用，跳過配置保存
2025-08-01 11:49:47,973 - VALO360 - DEBUG - 自動保存已禁用，跳過配置保存
2025-08-01 11:49:47,973 - VALO360 - DEBUG - 自動保存已禁用，跳過配置保存
2025-08-01 11:49:47,974 - VALO360 - DEBUG - 自動保存已禁用，跳過配置保存
2025-08-01 11:49:47,979 - VALO360 - DEBUG - 自動保存已禁用，跳過配置保存
2025-08-01 11:49:47,979 - VALO360 - DEBUG - 自動保存已禁用，跳過配置保存
2025-08-01 11:49:47,979 - VALO360 - DEBUG - 自動保存已禁用，跳過配置保存
2025-08-01 11:49:47,979 - VALO360 - DEBUG - 自動保存已禁用，跳過配置保存
2025-08-01 11:49:47,980 - VALO360 - DEBUG - 自動保存已禁用，跳過配置保存
2025-08-01 11:49:47,980 - VALO360 - DEBUG - 自動保存已禁用，跳過配置保存
2025-08-01 11:49:47,980 - VALO360 - DEBUG - 自動保存已禁用，跳過配置保存
2025-08-01 11:49:47,980 - VALO360 - DEBUG - 自動保存已禁用，跳過配置保存
2025-08-01 11:49:47,982 - VALO360 - DEBUG - 自動保存已禁用，跳過配置保存
2025-08-01 11:49:47,982 - VALO360 - DEBUG - 自動保存已禁用，跳過配置保存
2025-08-01 11:49:47,982 - VALO360 - DEBUG - 自動保存已禁用，跳過配置保存
2025-08-01 11:49:47,982 - VALO360 - DEBUG - 自動保存已禁用，跳過配置保存
2025-08-01 11:49:47,986 - VALO360 - DEBUG - 自動保存已禁用，跳過配置保存
2025-08-01 11:49:47,987 - VALO360 - DEBUG - 自動保存已禁用，跳過配置保存
2025-08-01 11:49:47,987 - VALO360 - DEBUG - 自動保存已禁用，跳過配置保存
2025-08-01 11:49:47,987 - VALO360 - DEBUG - 自動保存已禁用，跳過配置保存
2025-08-01 11:49:47,988 - VALO360 - DEBUG - 自動保存已禁用，跳過配置保存
2025-08-01 11:49:47,989 - VALO360 - DEBUG - 自動保存已禁用，跳過配置保存
2025-08-01 11:49:47,989 - VALO360 - DEBUG - 自動保存已禁用，跳過配置保存
2025-08-01 11:49:47,989 - VALO360 - DEBUG - 自動保存已禁用，跳過配置保存
2025-08-01 11:49:47,996 - VALO360 - DEBUG - 自動保存已禁用，跳過配置保存
2025-08-01 11:49:47,996 - VALO360 - DEBUG - 自動保存已禁用，跳過配置保存
2025-08-01 11:49:47,996 - VALO360 - DEBUG - 自動保存已禁用，跳過配置保存
2025-08-01 11:49:48,000 - VALO360 - DEBUG - 自動保存已禁用，跳過配置保存
2025-08-01 11:49:48,001 - VALO360 - DEBUG - 自動保存已禁用，跳過配置保存
2025-08-01 11:49:48,001 - VALO360 - DEBUG - 自動保存已禁用，跳過配置保存
2025-08-01 11:49:48,001 - VALO360 - DEBUG - 自動保存已禁用，跳過配置保存
2025-08-01 11:49:48,001 - VALO360 - DEBUG - 自動保存已禁用，跳過配置保存
2025-08-01 11:49:48,010 - VALO360 - DEBUG - 自動保存已禁用，跳過配置保存
2025-08-01 11:49:48,010 - VALO360 - DEBUG - 自動保存已禁用，跳過配置保存
2025-08-01 11:49:48,010 - VALO360 - DEBUG - 自動保存已禁用，跳過配置保存
2025-08-01 11:49:48,010 - VALO360 - DEBUG - 自動保存已禁用，跳過配置保存
2025-08-01 11:49:48,014 - VALO360 - DEBUG - 自動保存已禁用，跳過配置保存
2025-08-01 11:49:48,015 - VALO360 - DEBUG - 自動保存已禁用，跳過配置保存
2025-08-01 11:49:48,015 - VALO360 - DEBUG - 自動保存已禁用，跳過配置保存
2025-08-01 11:49:48,015 - VALO360 - DEBUG - 自動保存已禁用，跳過配置保存
2025-08-01 11:49:48,017 - VALO360 - DEBUG - 自動保存已禁用，跳過配置保存
2025-08-01 11:49:48,017 - VALO360 - DEBUG - 自動保存已禁用，跳過配置保存
2025-08-01 11:49:48,017 - VALO360 - DEBUG - 自動保存已禁用，跳過配置保存
2025-08-01 11:49:48,017 - VALO360 - DEBUG - 自動保存已禁用，跳過配置保存
2025-08-01 11:49:48,021 - VALO360 - DEBUG - 自動保存已禁用，跳過配置保存
2025-08-01 11:49:48,021 - VALO360 - DEBUG - 自動保存已禁用，跳過配置保存
2025-08-01 11:49:48,021 - VALO360 - DEBUG - 自動保存已禁用，跳過配置保存
2025-08-01 11:49:48,021 - VALO360 - DEBUG - 自動保存已禁用，跳過配置保存
2025-08-01 11:49:48,021 - VALO360 - DEBUG - 自動保存已禁用，跳過配置保存
2025-08-01 11:49:48,021 - VALO360 - DEBUG - 自動保存已禁用，跳過配置保存
2025-08-01 11:49:48,021 - VALO360 - DEBUG - 自動保存已禁用，跳過配置保存
2025-08-01 11:49:48,021 - VALO360 - DEBUG - 自動保存已禁用，跳過配置保存
2025-08-01 11:49:48,024 - VALO360 - DEBUG - 自動保存已禁用，跳過配置保存
2025-08-01 11:49:48,026 - VALO360 - DEBUG - 自動保存已禁用，跳過配置保存
2025-08-01 11:49:48,026 - VALO360 - DEBUG - 自動保存已禁用，跳過配置保存
2025-08-01 11:49:48,027 - VALO360 - DEBUG - 自動保存已禁用，跳過配置保存
2025-08-01 11:49:48,028 - VALO360 - DEBUG - 自動保存已禁用，跳過配置保存
2025-08-01 11:49:48,028 - VALO360 - DEBUG - 自動保存已禁用，跳過配置保存
2025-08-01 11:49:48,029 - VALO360 - DEBUG - 自動保存已禁用，跳過配置保存
2025-08-01 11:49:48,029 - VALO360 - DEBUG - 自動保存已禁用，跳過配置保存
2025-08-01 11:49:48,030 - VALO360 - DEBUG - 自動保存已禁用，跳過配置保存
2025-08-01 11:49:48,030 - VALO360 - DEBUG - 自動保存已禁用，跳過配置保存
2025-08-01 11:49:48,031 - VALO360 - DEBUG - 自動保存已禁用，跳過配置保存
2025-08-01 11:49:48,031 - VALO360 - DEBUG - 自動保存已禁用，跳過配置保存
2025-08-01 11:49:48,037 - VALO360 - DEBUG - 自動保存已禁用，跳過配置保存
2025-08-01 11:49:48,037 - VALO360 - DEBUG - 自動保存已禁用，跳過配置保存
2025-08-01 11:49:48,037 - VALO360 - DEBUG - 自動保存已禁用，跳過配置保存
2025-08-01 11:49:48,038 - VALO360 - DEBUG - 自動保存已禁用，跳過配置保存
2025-08-01 11:49:48,038 - VALO360 - DEBUG - 自動保存已禁用，跳過配置保存
2025-08-01 11:49:48,038 - VALO360 - DEBUG - 自動保存已禁用，跳過配置保存
2025-08-01 11:49:48,039 - VALO360 - DEBUG - 自動保存已禁用，跳過配置保存
2025-08-01 11:49:48,039 - VALO360 - DEBUG - 自動保存已禁用，跳過配置保存
2025-08-01 11:49:48,042 - VALO360 - DEBUG - 自動保存已禁用，跳過配置保存
2025-08-01 11:49:48,042 - VALO360 - DEBUG - 自動保存已禁用，跳過配置保存
2025-08-01 11:49:48,042 - VALO360 - DEBUG - 自動保存已禁用，跳過配置保存
2025-08-01 11:49:48,042 - VALO360 - DEBUG - 自動保存已禁用，跳過配置保存
2025-08-01 11:49:48,043 - VALO360 - DEBUG - 自動保存已禁用，跳過配置保存
2025-08-01 11:49:48,044 - VALO360 - DEBUG - 自動保存已禁用，跳過配置保存
2025-08-01 11:49:48,044 - VALO360 - DEBUG - 自動保存已禁用，跳過配置保存
2025-08-01 11:49:48,044 - VALO360 - DEBUG - 自動保存已禁用，跳過配置保存
2025-08-01 11:49:48,049 - VALO360 - DEBUG - 自動保存已禁用，跳過配置保存
2025-08-01 11:49:48,049 - VALO360 - DEBUG - 自動保存已禁用，跳過配置保存
2025-08-01 11:49:48,049 - VALO360 - DEBUG - 自動保存已禁用，跳過配置保存
2025-08-01 11:49:48,050 - VALO360 - DEBUG - 自動保存已禁用，跳過配置保存
2025-08-01 11:49:48,050 - VALO360 - DEBUG - 自動保存已禁用，跳過配置保存
2025-08-01 11:49:48,051 - VALO360 - DEBUG - 自動保存已禁用，跳過配置保存
2025-08-01 11:49:48,051 - VALO360 - DEBUG - 自動保存已禁用，跳過配置保存
2025-08-01 11:49:48,051 - VALO360 - DEBUG - 自動保存已禁用，跳過配置保存
2025-08-01 11:49:48,055 - VALO360 - DEBUG - 自動保存已禁用，跳過配置保存
2025-08-01 11:49:48,055 - VALO360 - DEBUG - 自動保存已禁用，跳過配置保存
2025-08-01 11:49:48,055 - VALO360 - DEBUG - 自動保存已禁用，跳過配置保存
2025-08-01 11:49:48,056 - VALO360 - DEBUG - 自動保存已禁用，跳過配置保存
2025-08-01 11:49:48,056 - VALO360 - DEBUG - 自動保存已禁用，跳過配置保存
2025-08-01 11:49:48,056 - VALO360 - DEBUG - 自動保存已禁用，跳過配置保存
2025-08-01 11:49:48,056 - VALO360 - DEBUG - 自動保存已禁用，跳過配置保存
2025-08-01 11:49:48,056 - VALO360 - DEBUG - 自動保存已禁用，跳過配置保存
2025-08-01 11:49:48,062 - VALO360 - DEBUG - 自動保存已禁用，跳過配置保存
2025-08-01 11:49:48,063 - VALO360 - DEBUG - 自動保存已禁用，跳過配置保存
2025-08-01 11:49:48,063 - VALO360 - DEBUG - 自動保存已禁用，跳過配置保存
2025-08-01 11:49:48,063 - VALO360 - DEBUG - 自動保存已禁用，跳過配置保存
2025-08-01 11:49:48,064 - VALO360 - DEBUG - 自動保存已禁用，跳過配置保存
2025-08-01 11:49:48,065 - VALO360 - DEBUG - 自動保存已禁用，跳過配置保存
2025-08-01 11:49:48,065 - VALO360 - DEBUG - 自動保存已禁用，跳過配置保存
2025-08-01 11:49:48,065 - VALO360 - DEBUG - 自動保存已禁用，跳過配置保存
2025-08-01 11:49:48,473 - VALO360 - DEBUG - 自動保存已禁用，跳過配置保存
2025-08-01 11:49:48,473 - VALO360 - DEBUG - 自動保存已禁用，跳過配置保存
2025-08-01 11:49:48,473 - VALO360 - DEBUG - 自動保存已禁用，跳過配置保存
2025-08-01 11:49:48,476 - VALO360 - DEBUG - 自動保存已禁用，跳過配置保存
2025-08-01 11:49:48,478 - VALO360 - DEBUG - 自動保存已禁用，跳過配置保存
2025-08-01 11:49:48,478 - VALO360 - DEBUG - 自動保存已禁用，跳過配置保存
2025-08-01 11:49:48,480 - VALO360 - DEBUG - 自動保存已禁用，跳過配置保存
2025-08-01 11:49:48,480 - VALO360 - DEBUG - 自動保存已禁用，跳過配置保存
2025-08-01 11:49:48,486 - VALO360 - DEBUG - 自動保存已禁用，跳過配置保存
2025-08-01 11:49:48,486 - VALO360 - DEBUG - 自動保存已禁用，跳過配置保存
2025-08-01 11:49:48,486 - VALO360 - DEBUG - 自動保存已禁用，跳過配置保存
2025-08-01 11:49:48,486 - VALO360 - DEBUG - 自動保存已禁用，跳過配置保存
2025-08-01 11:49:48,494 - VALO360 - DEBUG - 自動保存已禁用，跳過配置保存
2025-08-01 11:49:48,494 - VALO360 - DEBUG - 自動保存已禁用，跳過配置保存
2025-08-01 11:49:48,495 - VALO360 - DEBUG - 自動保存已禁用，跳過配置保存
2025-08-01 11:49:48,495 - VALO360 - DEBUG - 自動保存已禁用，跳過配置保存
2025-08-01 11:49:48,497 - VALO360 - DEBUG - 自動保存已禁用，跳過配置保存
2025-08-01 11:49:48,498 - VALO360 - DEBUG - 自動保存已禁用，跳過配置保存
2025-08-01 11:49:48,498 - VALO360 - DEBUG - 自動保存已禁用，跳過配置保存
2025-08-01 11:49:48,498 - VALO360 - DEBUG - 自動保存已禁用，跳過配置保存
2025-08-01 11:49:48,502 - VALO360 - DEBUG - 自動保存已禁用，跳過配置保存
2025-08-01 11:49:48,502 - VALO360 - DEBUG - 自動保存已禁用，跳過配置保存
2025-08-01 11:49:48,503 - VALO360 - DEBUG - 自動保存已禁用，跳過配置保存
2025-08-01 11:49:48,503 - VALO360 - DEBUG - 自動保存已禁用，跳過配置保存
2025-08-01 11:49:48,929 - VALO360 - DEBUG - 自動保存已禁用，跳過配置保存
2025-08-01 11:49:48,929 - VALO360 - DEBUG - 自動保存已禁用，跳過配置保存
2025-08-01 11:49:48,931 - VALO360 - DEBUG - 自動保存已禁用，跳過配置保存
2025-08-01 11:49:48,931 - VALO360 - DEBUG - 自動保存已禁用，跳過配置保存
2025-08-01 11:49:48,935 - VALO360 - DEBUG - 自動保存已禁用，跳過配置保存
2025-08-01 11:49:48,935 - VALO360 - DEBUG - 自動保存已禁用，跳過配置保存
2025-08-01 11:49:48,935 - VALO360 - DEBUG - 自動保存已禁用，跳過配置保存
2025-08-01 11:49:48,935 - VALO360 - DEBUG - 自動保存已禁用，跳過配置保存
2025-08-01 11:49:48,945 - VALO360 - DEBUG - 自動保存已禁用，跳過配置保存
2025-08-01 11:49:48,947 - VALO360 - DEBUG - 自動保存已禁用，跳過配置保存
2025-08-01 11:49:48,947 - VALO360 - DEBUG - 自動保存已禁用，跳過配置保存
2025-08-01 11:49:48,947 - VALO360 - DEBUG - 自動保存已禁用，跳過配置保存
2025-08-01 11:49:48,948 - VALO360 - DEBUG - 自動保存已禁用，跳過配置保存
2025-08-01 11:49:48,948 - VALO360 - DEBUG - 自動保存已禁用，跳過配置保存
2025-08-01 11:49:48,948 - VALO360 - DEBUG - 自動保存已禁用，跳過配置保存
2025-08-01 11:49:48,948 - VALO360 - DEBUG - 自動保存已禁用，跳過配置保存
2025-08-01 11:49:48,948 - VALO360 - DEBUG - 自動保存已禁用，跳過配置保存
2025-08-01 11:49:48,948 - VALO360 - DEBUG - 自動保存已禁用，跳過配置保存
2025-08-01 11:49:48,948 - VALO360 - DEBUG - 自動保存已禁用，跳過配置保存
2025-08-01 11:49:48,954 - VALO360 - DEBUG - 自動保存已禁用，跳過配置保存
2025-08-01 11:49:48,955 - VALO360 - DEBUG - 自動保存已禁用，跳過配置保存
2025-08-01 11:49:48,955 - VALO360 - DEBUG - 自動保存已禁用，跳過配置保存
2025-08-01 11:49:48,955 - VALO360 - DEBUG - 自動保存已禁用，跳過配置保存
2025-08-01 11:49:48,955 - VALO360 - DEBUG - 自動保存已禁用，跳過配置保存
2025-08-01 11:49:48,958 - VALO360 - DEBUG - 自動保存已禁用，跳過配置保存
2025-08-01 11:49:48,958 - VALO360 - DEBUG - 自動保存已禁用，跳過配置保存
2025-08-01 11:49:48,961 - VALO360 - DEBUG - 自動保存已禁用，跳過配置保存
2025-08-01 11:49:48,961 - VALO360 - DEBUG - 自動保存已禁用，跳過配置保存
2025-08-01 11:49:48,961 - VALO360 - DEBUG - 自動保存已禁用，跳過配置保存
2025-08-01 11:49:48,961 - VALO360 - DEBUG - 自動保存已禁用，跳過配置保存
2025-08-01 11:49:48,961 - VALO360 - DEBUG - 自動保存已禁用，跳過配置保存
2025-08-01 11:49:48,961 - VALO360 - DEBUG - 自動保存已禁用，跳過配置保存
2025-08-01 11:49:48,961 - VALO360 - DEBUG - 自動保存已禁用，跳過配置保存
2025-08-01 11:49:48,961 - VALO360 - DEBUG - 自動保存已禁用，跳過配置保存
2025-08-01 11:49:48,968 - VALO360 - DEBUG - 自動保存已禁用，跳過配置保存
2025-08-01 11:49:48,968 - VALO360 - DEBUG - 自動保存已禁用，跳過配置保存
2025-08-01 11:49:48,969 - VALO360 - DEBUG - 自動保存已禁用，跳過配置保存
2025-08-01 11:49:48,969 - VALO360 - DEBUG - 自動保存已禁用，跳過配置保存
2025-08-01 11:49:48,969 - VALO360 - DEBUG - 自動保存已禁用，跳過配置保存
2025-08-01 11:49:48,969 - VALO360 - DEBUG - 自動保存已禁用，跳過配置保存
2025-08-01 11:49:48,973 - VALO360 - DEBUG - 自動保存已禁用，跳過配置保存
2025-08-01 11:49:48,973 - VALO360 - DEBUG - 自動保存已禁用，跳過配置保存
2025-08-01 11:49:48,973 - VALO360 - DEBUG - 自動保存已禁用，跳過配置保存
2025-08-01 11:49:48,973 - VALO360 - DEBUG - 自動保存已禁用，跳過配置保存
2025-08-01 11:49:48,978 - VALO360 - DEBUG - 自動保存已禁用，跳過配置保存
2025-08-01 11:49:48,978 - VALO360 - DEBUG - 自動保存已禁用，跳過配置保存
2025-08-01 11:49:48,978 - VALO360 - DEBUG - 自動保存已禁用，跳過配置保存
2025-08-01 11:49:48,978 - VALO360 - DEBUG - 自動保存已禁用，跳過配置保存
2025-08-01 11:49:48,978 - VALO360 - DEBUG - 自動保存已禁用，跳過配置保存
2025-08-01 11:49:48,978 - VALO360 - DEBUG - 自動保存已禁用，跳過配置保存
2025-08-01 11:49:48,978 - VALO360 - DEBUG - 自動保存已禁用，跳過配置保存
2025-08-01 11:49:48,978 - VALO360 - DEBUG - 自動保存已禁用，跳過配置保存
2025-08-01 11:49:48,988 - VALO360 - DEBUG - 自動保存已禁用，跳過配置保存
2025-08-01 11:49:48,988 - VALO360 - DEBUG - 自動保存已禁用，跳過配置保存
2025-08-01 11:49:48,988 - VALO360 - DEBUG - 自動保存已禁用，跳過配置保存
2025-08-01 11:49:48,988 - VALO360 - DEBUG - 自動保存已禁用，跳過配置保存
2025-08-01 11:49:48,988 - VALO360 - DEBUG - 自動保存已禁用，跳過配置保存
2025-08-01 11:49:48,988 - VALO360 - DEBUG - 自動保存已禁用，跳過配置保存
2025-08-01 11:49:48,988 - VALO360 - DEBUG - 自動保存已禁用，跳過配置保存
2025-08-01 11:49:48,988 - VALO360 - DEBUG - 自動保存已禁用，跳過配置保存
2025-08-01 11:49:49,377 - VALO360 - DEBUG - 自動保存已禁用，跳過配置保存
2025-08-01 11:49:49,381 - VALO360 - DEBUG - 自動保存已禁用，跳過配置保存
2025-08-01 11:49:49,381 - VALO360 - DEBUG - 自動保存已禁用，跳過配置保存
2025-08-01 11:49:49,381 - VALO360 - DEBUG - 自動保存已禁用，跳過配置保存
2025-08-01 11:49:49,387 - VALO360 - DEBUG - 自動保存已禁用，跳過配置保存
2025-08-01 11:49:49,387 - VALO360 - DEBUG - 自動保存已禁用，跳過配置保存
2025-08-01 11:49:49,387 - VALO360 - DEBUG - 自動保存已禁用，跳過配置保存
2025-08-01 11:49:49,387 - VALO360 - DEBUG - 自動保存已禁用，跳過配置保存
2025-08-01 11:49:49,400 - VALO360 - DEBUG - 自動保存已禁用，跳過配置保存
2025-08-01 11:49:49,400 - VALO360 - DEBUG - 自動保存已禁用，跳過配置保存
2025-08-01 11:49:49,400 - VALO360 - DEBUG - 自動保存已禁用，跳過配置保存
2025-08-01 11:49:49,400 - VALO360 - DEBUG - 自動保存已禁用，跳過配置保存
2025-08-01 11:49:49,400 - VALO360 - DEBUG - 自動保存已禁用，跳過配置保存
2025-08-01 11:49:49,407 - VALO360 - DEBUG - 自動保存已禁用，跳過配置保存
2025-08-01 11:49:49,407 - VALO360 - DEBUG - 自動保存已禁用，跳過配置保存
2025-08-01 11:49:49,407 - VALO360 - DEBUG - 自動保存已禁用，跳過配置保存
2025-08-01 11:49:49,407 - VALO360 - DEBUG - 自動保存已禁用，跳過配置保存
2025-08-01 11:49:49,407 - VALO360 - DEBUG - 自動保存已禁用，跳過配置保存
2025-08-01 11:49:49,407 - VALO360 - DEBUG - 自動保存已禁用，跳過配置保存
2025-08-01 11:49:49,411 - VALO360 - DEBUG - 自動保存已禁用，跳過配置保存
2025-08-01 11:49:49,414 - VALO360 - DEBUG - 自動保存已禁用，跳過配置保存
2025-08-01 11:49:49,414 - VALO360 - DEBUG - 自動保存已禁用，跳過配置保存
2025-08-01 11:49:49,414 - VALO360 - DEBUG - 自動保存已禁用，跳過配置保存
2025-08-01 11:49:49,418 - VALO360 - DEBUG - 自動保存已禁用，跳過配置保存
2025-08-01 11:49:49,418 - VALO360 - DEBUG - 自動保存已禁用，跳過配置保存
2025-08-01 11:49:49,418 - VALO360 - DEBUG - 自動保存已禁用，跳過配置保存
2025-08-01 11:49:49,418 - VALO360 - DEBUG - 自動保存已禁用，跳過配置保存
2025-08-01 11:49:49,418 - VALO360 - DEBUG - 自動保存已禁用，跳過配置保存
2025-08-01 11:49:49,423 - VALO360 - DEBUG - 自動保存已禁用，跳過配置保存
2025-08-01 11:49:49,428 - VALO360 - DEBUG - 自動保存已禁用，跳過配置保存
2025-08-01 11:49:49,428 - VALO360 - DEBUG - 自動保存已禁用，跳過配置保存
2025-08-01 11:49:49,428 - VALO360 - DEBUG - 自動保存已禁用，跳過配置保存
2025-08-01 11:49:49,428 - VALO360 - DEBUG - 自動保存已禁用，跳過配置保存
2025-08-01 11:49:49,428 - VALO360 - DEBUG - 自動保存已禁用，跳過配置保存
2025-08-01 11:49:49,428 - VALO360 - DEBUG - 自動保存已禁用，跳過配置保存
2025-08-01 11:49:49,428 - VALO360 - DEBUG - 自動保存已禁用，跳過配置保存
2025-08-01 11:49:49,428 - VALO360 - DEBUG - 自動保存已禁用，跳過配置保存
2025-08-01 11:49:49,428 - VALO360 - DEBUG - 自動保存已禁用，跳過配置保存
2025-08-01 11:49:49,428 - VALO360 - DEBUG - 自動保存已禁用，跳過配置保存
2025-08-01 11:49:49,436 - VALO360 - DEBUG - 自動保存已禁用，跳過配置保存
2025-08-01 11:49:49,439 - VALO360 - DEBUG - 自動保存已禁用，跳過配置保存
2025-08-01 11:49:49,439 - VALO360 - DEBUG - 自動保存已禁用，跳過配置保存
2025-08-01 11:49:49,439 - VALO360 - DEBUG - 自動保存已禁用，跳過配置保存
2025-08-01 11:49:49,439 - VALO360 - DEBUG - 自動保存已禁用，跳過配置保存
2025-08-01 11:49:49,443 - VALO360 - DEBUG - 自動保存已禁用，跳過配置保存
2025-08-01 11:49:49,443 - VALO360 - DEBUG - 自動保存已禁用，跳過配置保存
2025-08-01 11:49:49,443 - VALO360 - DEBUG - 自動保存已禁用，跳過配置保存
2025-08-01 11:49:49,443 - VALO360 - DEBUG - 自動保存已禁用，跳過配置保存
2025-08-01 11:49:49,443 - VALO360 - DEBUG - 自動保存已禁用，跳過配置保存
2025-08-01 11:49:49,443 - VALO360 - DEBUG - 自動保存已禁用，跳過配置保存
2025-08-01 11:49:49,448 - VALO360 - DEBUG - 自動保存已禁用，跳過配置保存
2025-08-01 11:49:49,448 - VALO360 - DEBUG - 自動保存已禁用，跳過配置保存
2025-08-01 11:49:49,451 - VALO360 - DEBUG - 自動保存已禁用，跳過配置保存
2025-08-01 11:49:49,451 - VALO360 - DEBUG - 自動保存已禁用，跳過配置保存
2025-08-01 11:49:49,451 - VALO360 - DEBUG - 自動保存已禁用，跳過配置保存
2025-08-01 11:49:49,451 - VALO360 - DEBUG - 自動保存已禁用，跳過配置保存
2025-08-01 11:49:49,457 - VALO360 - DEBUG - 自動保存已禁用，跳過配置保存
2025-08-01 11:49:49,457 - VALO360 - DEBUG - 自動保存已禁用，跳過配置保存
2025-08-01 11:49:49,457 - VALO360 - DEBUG - 自動保存已禁用，跳過配置保存
2025-08-01 11:49:49,459 - VALO360 - DEBUG - 自動保存已禁用，跳過配置保存
2025-08-01 11:49:49,463 - VALO360 - DEBUG - 自動保存已禁用，跳過配置保存
2025-08-01 11:49:49,463 - VALO360 - DEBUG - 自動保存已禁用，跳過配置保存
2025-08-01 11:49:49,463 - VALO360 - DEBUG - 自動保存已禁用，跳過配置保存
2025-08-01 11:49:49,463 - VALO360 - DEBUG - 自動保存已禁用，跳過配置保存
2025-08-01 11:49:49,467 - VALO360 - DEBUG - 自動保存已禁用，跳過配置保存
2025-08-01 11:49:49,467 - VALO360 - DEBUG - 自動保存已禁用，跳過配置保存
2025-08-01 11:49:49,467 - VALO360 - DEBUG - 自動保存已禁用，跳過配置保存
2025-08-01 11:49:49,467 - VALO360 - DEBUG - 自動保存已禁用，跳過配置保存
2025-08-01 11:49:49,469 - VALO360 - DEBUG - 自動保存已禁用，跳過配置保存
2025-08-01 11:49:49,469 - VALO360 - DEBUG - 自動保存已禁用，跳過配置保存
2025-08-01 11:49:49,469 - VALO360 - DEBUG - 自動保存已禁用，跳過配置保存
2025-08-01 11:49:49,469 - VALO360 - DEBUG - 自動保存已禁用，跳過配置保存
2025-08-01 11:49:49,469 - VALO360 - DEBUG - 自動保存已禁用，跳過配置保存
2025-08-01 11:49:49,469 - VALO360 - DEBUG - 自動保存已禁用，跳過配置保存
2025-08-01 11:49:49,469 - VALO360 - DEBUG - 自動保存已禁用，跳過配置保存
2025-08-01 11:49:49,469 - VALO360 - DEBUG - 自動保存已禁用，跳過配置保存
2025-08-01 11:49:49,479 - VALO360 - DEBUG - 自動保存已禁用，跳過配置保存
2025-08-01 11:49:49,479 - VALO360 - DEBUG - 自動保存已禁用，跳過配置保存
2025-08-01 11:49:49,479 - VALO360 - DEBUG - 自動保存已禁用，跳過配置保存
2025-08-01 11:49:49,479 - VALO360 - DEBUG - 自動保存已禁用，跳過配置保存
2025-08-01 11:49:49,479 - VALO360 - DEBUG - 自動保存已禁用，跳過配置保存
2025-08-01 11:49:49,479 - VALO360 - DEBUG - 自動保存已禁用，跳過配置保存
2025-08-01 11:49:49,479 - VALO360 - DEBUG - 自動保存已禁用，跳過配置保存
2025-08-01 11:49:49,479 - VALO360 - DEBUG - 自動保存已禁用，跳過配置保存
2025-08-01 11:49:49,479 - VALO360 - DEBUG - 自動保存已禁用，跳過配置保存
2025-08-01 11:49:49,479 - VALO360 - DEBUG - 自動保存已禁用，跳過配置保存
2025-08-01 11:49:49,479 - VALO360 - DEBUG - 自動保存已禁用，跳過配置保存
2025-08-01 11:49:49,479 - VALO360 - DEBUG - 自動保存已禁用，跳過配置保存
2025-08-01 11:49:49,490 - VALO360 - DEBUG - 自動保存已禁用，跳過配置保存
2025-08-01 11:49:49,490 - VALO360 - DEBUG - 自動保存已禁用，跳過配置保存
2025-08-01 11:49:49,490 - VALO360 - DEBUG - 自動保存已禁用，跳過配置保存
2025-08-01 11:49:49,492 - VALO360 - DEBUG - 自動保存已禁用，跳過配置保存
2025-08-01 11:49:49,494 - VALO360 - DEBUG - 自動保存已禁用，跳過配置保存
2025-08-01 11:49:49,494 - VALO360 - DEBUG - 自動保存已禁用，跳過配置保存
2025-08-01 11:49:49,494 - VALO360 - DEBUG - 自動保存已禁用，跳過配置保存
2025-08-01 11:49:49,496 - VALO360 - DEBUG - 自動保存已禁用，跳過配置保存
2025-08-01 11:49:49,496 - VALO360 - DEBUG - 自動保存已禁用，跳過配置保存
2025-08-01 11:49:49,496 - VALO360 - DEBUG - 自動保存已禁用，跳過配置保存
2025-08-01 11:49:49,496 - VALO360 - DEBUG - 自動保存已禁用，跳過配置保存
2025-08-01 11:49:49,496 - VALO360 - DEBUG - 自動保存已禁用，跳過配置保存
2025-08-01 11:49:49,500 - VALO360 - DEBUG - 自動保存已禁用，跳過配置保存
2025-08-01 11:49:49,500 - VALO360 - DEBUG - 自動保存已禁用，跳過配置保存
2025-08-01 11:49:49,500 - VALO360 - DEBUG - 自動保存已禁用，跳過配置保存
2025-08-01 11:49:49,500 - VALO360 - DEBUG - 自動保存已禁用，跳過配置保存
2025-08-01 11:49:49,500 - VALO360 - DEBUG - 自動保存已禁用，跳過配置保存
2025-08-01 11:49:49,500 - VALO360 - DEBUG - 自動保存已禁用，跳過配置保存
2025-08-01 11:49:49,500 - VALO360 - DEBUG - 自動保存已禁用，跳過配置保存
2025-08-01 11:49:49,500 - VALO360 - DEBUG - 自動保存已禁用，跳過配置保存
2025-08-01 11:49:49,510 - VALO360 - DEBUG - 自動保存已禁用，跳過配置保存
2025-08-01 11:49:49,510 - VALO360 - DEBUG - 自動保存已禁用，跳過配置保存
2025-08-01 11:49:49,510 - VALO360 - DEBUG - 自動保存已禁用，跳過配置保存
2025-08-01 11:49:49,511 - VALO360 - DEBUG - 自動保存已禁用，跳過配置保存
2025-08-01 11:49:49,511 - VALO360 - DEBUG - 自動保存已禁用，跳過配置保存
2025-08-01 11:49:49,511 - VALO360 - DEBUG - 自動保存已禁用，跳過配置保存
2025-08-01 11:49:49,511 - VALO360 - DEBUG - 自動保存已禁用，跳過配置保存
2025-08-01 11:49:49,511 - VALO360 - DEBUG - 自動保存已禁用，跳過配置保存
2025-08-01 11:49:49,511 - VALO360 - DEBUG - 自動保存已禁用，跳過配置保存
2025-08-01 11:49:49,511 - VALO360 - DEBUG - 自動保存已禁用，跳過配置保存
2025-08-01 11:49:49,511 - VALO360 - DEBUG - 自動保存已禁用，跳過配置保存
2025-08-01 11:49:49,511 - VALO360 - DEBUG - 自動保存已禁用，跳過配置保存
2025-08-01 11:49:49,511 - VALO360 - DEBUG - 自動保存已禁用，跳過配置保存
2025-08-01 11:49:49,511 - VALO360 - DEBUG - 自動保存已禁用，跳過配置保存
2025-08-01 11:49:49,511 - VALO360 - DEBUG - 自動保存已禁用，跳過配置保存
2025-08-01 11:49:49,520 - VALO360 - DEBUG - 自動保存已禁用，跳過配置保存
2025-08-01 11:49:49,522 - VALO360 - DEBUG - 自動保存已禁用，跳過配置保存
2025-08-01 11:49:49,522 - VALO360 - DEBUG - 自動保存已禁用，跳過配置保存
2025-08-01 11:49:49,522 - VALO360 - DEBUG - 自動保存已禁用，跳過配置保存
2025-08-01 11:49:49,522 - VALO360 - DEBUG - 自動保存已禁用，跳過配置保存
2025-08-01 11:49:49,528 - VALO360 - DEBUG - 自動保存已禁用，跳過配置保存
2025-08-01 11:49:49,528 - VALO360 - DEBUG - 自動保存已禁用，跳過配置保存
2025-08-01 11:49:49,528 - VALO360 - DEBUG - 自動保存已禁用，跳過配置保存
2025-08-01 11:49:49,528 - VALO360 - DEBUG - 自動保存已禁用，跳過配置保存
2025-08-01 11:49:49,534 - VALO360 - DEBUG - 自動保存已禁用，跳過配置保存
2025-08-01 11:49:49,534 - VALO360 - DEBUG - 自動保存已禁用，跳過配置保存
2025-08-01 11:49:49,534 - VALO360 - DEBUG - 自動保存已禁用，跳過配置保存
2025-08-01 11:49:49,534 - VALO360 - DEBUG - 自動保存已禁用，跳過配置保存
2025-08-01 11:49:49,544 - VALO360 - DEBUG - 自動保存已禁用，跳過配置保存
2025-08-01 11:49:49,544 - VALO360 - DEBUG - 自動保存已禁用，跳過配置保存
2025-08-01 11:49:49,544 - VALO360 - DEBUG - 自動保存已禁用，跳過配置保存
2025-08-01 11:49:49,544 - VALO360 - DEBUG - 自動保存已禁用，跳過配置保存
2025-08-01 11:49:49,544 - VALO360 - DEBUG - 自動保存已禁用，跳過配置保存
2025-08-01 11:49:49,544 - VALO360 - DEBUG - 自動保存已禁用，跳過配置保存
2025-08-01 11:49:49,544 - VALO360 - DEBUG - 自動保存已禁用，跳過配置保存
2025-08-01 11:49:49,544 - VALO360 - DEBUG - 自動保存已禁用，跳過配置保存
2025-08-01 11:49:49,551 - VALO360 - DEBUG - 自動保存已禁用，跳過配置保存
2025-08-01 11:49:49,551 - VALO360 - DEBUG - 自動保存已禁用，跳過配置保存
2025-08-01 11:49:49,551 - VALO360 - DEBUG - 自動保存已禁用，跳過配置保存
2025-08-01 11:49:49,551 - VALO360 - DEBUG - 自動保存已禁用，跳過配置保存
2025-08-01 11:49:49,554 - VALO360 - DEBUG - 自動保存已禁用，跳過配置保存
2025-08-01 11:49:49,554 - VALO360 - DEBUG - 自動保存已禁用，跳過配置保存
2025-08-01 11:49:49,554 - VALO360 - DEBUG - 自動保存已禁用，跳過配置保存
2025-08-01 11:49:49,554 - VALO360 - DEBUG - 自動保存已禁用，跳過配置保存
2025-08-01 11:49:49,556 - VALO360 - DEBUG - 自動保存已禁用，跳過配置保存
2025-08-01 11:49:49,556 - VALO360 - DEBUG - 自動保存已禁用，跳過配置保存
2025-08-01 11:49:49,556 - VALO360 - DEBUG - 自動保存已禁用，跳過配置保存
2025-08-01 11:49:49,556 - VALO360 - DEBUG - 自動保存已禁用，跳過配置保存
2025-08-01 11:49:49,556 - VALO360 - DEBUG - 自動保存已禁用，跳過配置保存
2025-08-01 11:49:49,556 - VALO360 - DEBUG - 自動保存已禁用，跳過配置保存
2025-08-01 11:49:49,556 - VALO360 - DEBUG - 自動保存已禁用，跳過配置保存
2025-08-01 11:49:49,556 - VALO360 - DEBUG - 自動保存已禁用，跳過配置保存
2025-08-01 11:49:49,561 - VALO360 - DEBUG - 自動保存已禁用，跳過配置保存
2025-08-01 11:49:49,561 - VALO360 - DEBUG - 自動保存已禁用，跳過配置保存
2025-08-01 11:49:49,561 - VALO360 - DEBUG - 自動保存已禁用，跳過配置保存
2025-08-01 11:49:49,561 - VALO360 - DEBUG - 自動保存已禁用，跳過配置保存
2025-08-01 11:49:49,561 - VALO360 - DEBUG - 自動保存已禁用，跳過配置保存
2025-08-01 11:49:49,561 - VALO360 - DEBUG - 自動保存已禁用，跳過配置保存
2025-08-01 11:49:49,561 - VALO360 - DEBUG - 自動保存已禁用，跳過配置保存
2025-08-01 11:49:49,561 - VALO360 - DEBUG - 自動保存已禁用，跳過配置保存
2025-08-01 11:49:49,961 - VALO360 - DEBUG - 自動保存已禁用，跳過配置保存
2025-08-01 11:49:49,961 - VALO360 - DEBUG - 自動保存已禁用，跳過配置保存
2025-08-01 11:49:49,961 - VALO360 - DEBUG - 自動保存已禁用，跳過配置保存
2025-08-01 11:49:49,963 - VALO360 - DEBUG - 自動保存已禁用，跳過配置保存
2025-08-01 11:49:50,033 - VALO360 - DEBUG - 找到 2 個COM口: ['COM5', 'COM6']
2025-08-01 11:49:51,399 - VALO360 - DEBUG - 自動保存已禁用，跳過配置保存
2025-08-01 11:49:51,399 - VALO360 - DEBUG - 自動保存已禁用，跳過配置保存
2025-08-01 11:49:51,399 - VALO360 - DEBUG - 自動保存已禁用，跳過配置保存
2025-08-01 11:49:51,400 - VALO360 - DEBUG - 自動保存已禁用，跳過配置保存
2025-08-01 11:49:54,971 - VALO360 - DEBUG - 自動保存已禁用，跳過配置保存
2025-08-01 11:49:54,971 - VALO360 - DEBUG - 自動保存已禁用，跳過配置保存
2025-08-01 11:49:54,971 - VALO360 - DEBUG - 自動保存已禁用，跳過配置保存
2025-08-01 11:49:54,971 - VALO360 - DEBUG - 自動保存已禁用，跳過配置保存
2025-08-01 11:50:05,122 - VALO360 - DEBUG - 自動保存已禁用，跳過配置保存
2025-08-01 11:50:05,122 - VALO360 - DEBUG - 自動保存已禁用，跳過配置保存
2025-08-01 11:50:05,122 - VALO360 - DEBUG - 自動保存已禁用，跳過配置保存
2025-08-01 11:50:05,122 - VALO360 - DEBUG - 自動保存已禁用，跳過配置保存
2025-08-01 11:50:05,729 - VALO360 - DEBUG - 自動保存已禁用，跳過配置保存
2025-08-01 11:50:05,729 - VALO360 - DEBUG - 自動保存已禁用，跳過配置保存
2025-08-01 11:50:05,729 - VALO360 - DEBUG - 自動保存已禁用，跳過配置保存
2025-08-01 11:50:05,729 - VALO360 - DEBUG - 自動保存已禁用，跳過配置保存
2025-08-01 11:50:05,778 - VALO360 - DEBUG - 找到 2 個COM口: ['COM5', 'COM6']
2025-08-01 11:50:06,689 - VALO360 - DEBUG - 自動保存已禁用，跳過配置保存
2025-08-01 11:50:06,689 - VALO360 - DEBUG - 自動保存已禁用，跳過配置保存
2025-08-01 11:50:06,689 - VALO360 - DEBUG - 自動保存已禁用，跳過配置保存
2025-08-01 11:50:06,689 - VALO360 - DEBUG - 自動保存已禁用，跳過配置保存
2025-08-01 11:50:07,183 - VALO360 - DEBUG - 自動保存已禁用，跳過配置保存
2025-08-01 11:50:07,183 - VALO360 - DEBUG - 自動保存已禁用，跳過配置保存
2025-08-01 11:50:07,185 - VALO360 - DEBUG - 自動保存已禁用，跳過配置保存
2025-08-01 11:50:07,185 - VALO360 - DEBUG - 自動保存已禁用，跳過配置保存
2025-08-01 11:50:07,688 - VALO360 - DEBUG - 自動保存已禁用，跳過配置保存
2025-08-01 11:50:07,688 - VALO360 - DEBUG - 自動保存已禁用，跳過配置保存
2025-08-01 11:50:07,688 - VALO360 - DEBUG - 自動保存已禁用，跳過配置保存
2025-08-01 11:50:07,688 - VALO360 - DEBUG - 自動保存已禁用，跳過配置保存
2025-08-01 11:50:08,146 - VALO360 - DEBUG - 自動保存已禁用，跳過配置保存
2025-08-01 11:50:08,146 - VALO360 - DEBUG - 自動保存已禁用，跳過配置保存
2025-08-01 11:50:08,146 - VALO360 - DEBUG - 自動保存已禁用，跳過配置保存
2025-08-01 11:50:08,146 - VALO360 - DEBUG - 自動保存已禁用，跳過配置保存
2025-08-01 11:50:08,774 - VALO360 - DEBUG - 自動保存已禁用，跳過配置保存
2025-08-01 11:50:08,774 - VALO360 - DEBUG - 自動保存已禁用，跳過配置保存
2025-08-01 11:50:08,774 - VALO360 - DEBUG - 自動保存已禁用，跳過配置保存
2025-08-01 11:50:08,774 - VALO360 - DEBUG - 自動保存已禁用，跳過配置保存
2025-08-01 11:50:09,211 - VALO360 - DEBUG - 自動保存已禁用，跳過配置保存
2025-08-01 11:50:09,211 - VALO360 - DEBUG - 自動保存已禁用，跳過配置保存
2025-08-01 11:50:09,211 - VALO360 - DEBUG - 自動保存已禁用，跳過配置保存
2025-08-01 11:50:09,211 - VALO360 - DEBUG - 自動保存已禁用，跳過配置保存
2025-08-01 11:50:09,687 - VALO360 - DEBUG - 自動保存已禁用，跳過配置保存
2025-08-01 11:50:09,687 - VALO360 - DEBUG - 自動保存已禁用，跳過配置保存
2025-08-01 11:50:09,687 - VALO360 - DEBUG - 自動保存已禁用，跳過配置保存
2025-08-01 11:50:09,687 - VALO360 - DEBUG - 自動保存已禁用，跳過配置保存
2025-08-01 11:50:10,190 - VALO360 - DEBUG - 自動保存已禁用，跳過配置保存
2025-08-01 11:50:10,190 - VALO360 - DEBUG - 自動保存已禁用，跳過配置保存
2025-08-01 11:50:10,190 - VALO360 - DEBUG - 自動保存已禁用，跳過配置保存
2025-08-01 11:50:10,190 - VALO360 - DEBUG - 自動保存已禁用，跳過配置保存
2025-08-01 11:50:10,245 - VALO360 - DEBUG - 找到 2 個COM口: ['COM5', 'COM6']
2025-08-01 11:50:11,006 - VALO360 - DEBUG - 自動保存已禁用，跳過配置保存
2025-08-01 11:50:11,006 - VALO360 - DEBUG - 自動保存已禁用，跳過配置保存
2025-08-01 11:50:11,006 - VALO360 - DEBUG - 自動保存已禁用，跳過配置保存
2025-08-01 11:50:11,006 - VALO360 - DEBUG - 自動保存已禁用，跳過配置保存
2025-08-01 11:50:11,463 - VALO360 - DEBUG - 自動保存已禁用，跳過配置保存
2025-08-01 11:50:11,463 - VALO360 - DEBUG - 自動保存已禁用，跳過配置保存
2025-08-01 11:50:11,463 - VALO360 - DEBUG - 自動保存已禁用，跳過配置保存
2025-08-01 11:50:11,465 - VALO360 - DEBUG - 自動保存已禁用，跳過配置保存
2025-08-01 11:50:11,902 - VALO360 - DEBUG - 自動保存已禁用，跳過配置保存
2025-08-01 11:50:11,902 - VALO360 - DEBUG - 自動保存已禁用，跳過配置保存
2025-08-01 11:50:11,902 - VALO360 - DEBUG - 自動保存已禁用，跳過配置保存
2025-08-01 11:50:11,902 - VALO360 - DEBUG - 自動保存已禁用，跳過配置保存
2025-08-01 11:50:12,343 - VALO360 - DEBUG - 自動保存已禁用，跳過配置保存
2025-08-01 11:50:12,343 - VALO360 - DEBUG - 自動保存已禁用，跳過配置保存
2025-08-01 11:50:12,343 - VALO360 - DEBUG - 自動保存已禁用，跳過配置保存
2025-08-01 11:50:12,343 - VALO360 - DEBUG - 自動保存已禁用，跳過配置保存
2025-08-01 11:50:13,231 - VALO360 - DEBUG - 自動保存已禁用，跳過配置保存
2025-08-01 11:50:13,231 - VALO360 - DEBUG - 自動保存已禁用，跳過配置保存
2025-08-01 11:50:13,233 - VALO360 - DEBUG - 自動保存已禁用，跳過配置保存
2025-08-01 11:50:13,233 - VALO360 - DEBUG - 自動保存已禁用，跳過配置保存
2025-08-01 11:50:13,724 - VALO360 - DEBUG - 自動保存已禁用，跳過配置保存
2025-08-01 11:50:13,726 - VALO360 - DEBUG - 自動保存已禁用，跳過配置保存
2025-08-01 11:50:13,726 - VALO360 - DEBUG - 自動保存已禁用，跳過配置保存
2025-08-01 11:50:13,726 - VALO360 - DEBUG - 自動保存已禁用，跳過配置保存
2025-08-01 11:50:14,045 - VALO360 - DEBUG - 自動保存已禁用，跳過配置保存
2025-08-01 11:50:14,047 - VALO360 - DEBUG - 自動保存已禁用，跳過配置保存
2025-08-01 11:50:14,047 - VALO360 - DEBUG - 自動保存已禁用，跳過配置保存
2025-08-01 11:50:14,048 - VALO360 - DEBUG - 自動保存已禁用，跳過配置保存
2025-08-01 11:50:14,102 - VALO360 - DEBUG - 找到 2 個COM口: ['COM5', 'COM6']
2025-08-01 11:50:20,147 - VALO360 - DEBUG - 自動保存已禁用，跳過配置保存
2025-08-01 11:50:20,147 - VALO360 - DEBUG - 自動保存已禁用，跳過配置保存
2025-08-01 11:50:20,147 - VALO360 - DEBUG - 自動保存已禁用，跳過配置保存
2025-08-01 11:50:20,147 - VALO360 - DEBUG - 自動保存已禁用，跳過配置保存
2025-08-01 11:50:21,067 - VALO360 - DEBUG - 自動保存已禁用，跳過配置保存
2025-08-01 11:50:21,069 - VALO360 - DEBUG - 自動保存已禁用，跳過配置保存
2025-08-01 11:50:21,069 - VALO360 - DEBUG - 自動保存已禁用，跳過配置保存
2025-08-01 11:50:21,069 - VALO360 - DEBUG - 自動保存已禁用，跳過配置保存
2025-08-01 11:50:21,484 - VALO360 - DEBUG - 自動保存已禁用，跳過配置保存
2025-08-01 11:50:21,484 - VALO360 - DEBUG - 自動保存已禁用，跳過配置保存
2025-08-01 11:50:21,484 - VALO360 - DEBUG - 自動保存已禁用，跳過配置保存
2025-08-01 11:50:21,484 - VALO360 - DEBUG - 自動保存已禁用，跳過配置保存
2025-08-01 11:50:21,914 - VALO360 - DEBUG - 自動保存已禁用，跳過配置保存
2025-08-01 11:50:21,914 - VALO360 - DEBUG - 自動保存已禁用，跳過配置保存
2025-08-01 11:50:21,914 - VALO360 - DEBUG - 自動保存已禁用，跳過配置保存
2025-08-01 11:50:21,914 - VALO360 - DEBUG - 自動保存已禁用，跳過配置保存
2025-08-01 11:50:22,330 - VALO360 - DEBUG - 自動保存已禁用，跳過配置保存
2025-08-01 11:50:22,332 - VALO360 - DEBUG - 自動保存已禁用，跳過配置保存
2025-08-01 11:50:22,332 - VALO360 - DEBUG - 自動保存已禁用，跳過配置保存
2025-08-01 11:50:22,332 - VALO360 - DEBUG - 自動保存已禁用，跳過配置保存
2025-08-01 11:50:22,388 - VALO360 - DEBUG - 找到 2 個COM口: ['COM5', 'COM6']
2025-08-01 11:50:23,051 - VALO360 - DEBUG - 自動保存已禁用，跳過配置保存
2025-08-01 11:50:23,051 - VALO360 - DEBUG - 自動保存已禁用，跳過配置保存
2025-08-01 11:50:23,051 - VALO360 - DEBUG - 自動保存已禁用，跳過配置保存
2025-08-01 11:50:23,051 - VALO360 - DEBUG - 自動保存已禁用，跳過配置保存
2025-08-01 11:50:23,523 - VALO360 - DEBUG - 自動保存已禁用，跳過配置保存
2025-08-01 11:50:23,523 - VALO360 - DEBUG - 自動保存已禁用，跳過配置保存
2025-08-01 11:50:23,523 - VALO360 - DEBUG - 自動保存已禁用，跳過配置保存
2025-08-01 11:50:23,523 - VALO360 - DEBUG - 自動保存已禁用，跳過配置保存
2025-08-01 11:50:24,234 - VALO360 - DEBUG - 自動保存已禁用，跳過配置保存
2025-08-01 11:50:24,234 - VALO360 - DEBUG - 自動保存已禁用，跳過配置保存
2025-08-01 11:50:24,234 - VALO360 - DEBUG - 自動保存已禁用，跳過配置保存
2025-08-01 11:50:24,234 - VALO360 - DEBUG - 自動保存已禁用，跳過配置保存
2025-08-01 11:50:24,721 - VALO360 - DEBUG - 自動保存已禁用，跳過配置保存
2025-08-01 11:50:24,723 - VALO360 - DEBUG - 自動保存已禁用，跳過配置保存
2025-08-01 11:50:24,723 - VALO360 - DEBUG - 自動保存已禁用，跳過配置保存
2025-08-01 11:50:24,723 - VALO360 - DEBUG - 自動保存已禁用，跳過配置保存
2025-08-01 11:50:25,745 - VALO360 - DEBUG - 自動保存已禁用，跳過配置保存
2025-08-01 11:50:25,745 - VALO360 - DEBUG - 自動保存已禁用，跳過配置保存
2025-08-01 11:50:25,745 - VALO360 - DEBUG - 自動保存已禁用，跳過配置保存
2025-08-01 11:50:25,745 - VALO360 - DEBUG - 自動保存已禁用，跳過配置保存
2025-08-01 11:50:26,217 - VALO360 - DEBUG - 自動保存已禁用，跳過配置保存
2025-08-01 11:50:26,217 - VALO360 - DEBUG - 自動保存已禁用，跳過配置保存
2025-08-01 11:50:26,217 - VALO360 - DEBUG - 自動保存已禁用，跳過配置保存
2025-08-01 11:50:26,217 - VALO360 - DEBUG - 自動保存已禁用，跳過配置保存
2025-08-01 11:50:26,657 - VALO360 - DEBUG - 自動保存已禁用，跳過配置保存
2025-08-01 11:50:26,666 - VALO360 - DEBUG - 自動保存已禁用，跳過配置保存
2025-08-01 11:50:26,666 - VALO360 - DEBUG - 自動保存已禁用，跳過配置保存
2025-08-01 11:50:26,666 - VALO360 - DEBUG - 自動保存已禁用，跳過配置保存
2025-08-01 11:50:27,086 - VALO360 - DEBUG - 自動保存已禁用，跳過配置保存
2025-08-01 11:50:27,091 - VALO360 - DEBUG - 自動保存已禁用，跳過配置保存
2025-08-01 11:50:27,091 - VALO360 - DEBUG - 自動保存已禁用，跳過配置保存
2025-08-01 11:50:27,091 - VALO360 - DEBUG - 自動保存已禁用，跳過配置保存
2025-08-01 11:50:27,157 - VALO360 - DEBUG - 找到 2 個COM口: ['COM5', 'COM6']
2025-08-01 11:50:29,351 - VALO360 - DEBUG - 自動保存已禁用，跳過配置保存
2025-08-01 11:50:29,355 - VALO360 - DEBUG - 自動保存已禁用，跳過配置保存
2025-08-01 11:50:29,355 - VALO360 - DEBUG - 自動保存已禁用，跳過配置保存
2025-08-01 11:50:29,356 - VALO360 - DEBUG - 自動保存已禁用，跳過配置保存
2025-08-01 11:50:29,356 - VALO360 - DEBUG - 自動保存已禁用，跳過配置保存
2025-08-01 11:50:29,356 - VALO360 - DEBUG - 自動保存已禁用，跳過配置保存
2025-08-01 11:50:29,356 - VALO360 - DEBUG - 自動保存已禁用，跳過配置保存
2025-08-01 11:50:29,356 - VALO360 - DEBUG - 自動保存已禁用，跳過配置保存
2025-08-01 11:50:29,367 - VALO360 - DEBUG - 自動保存已禁用，跳過配置保存
2025-08-01 11:50:29,368 - VALO360 - DEBUG - 自動保存已禁用，跳過配置保存
2025-08-01 11:50:29,368 - VALO360 - DEBUG - 自動保存已禁用，跳過配置保存
2025-08-01 11:50:29,368 - VALO360 - DEBUG - 自動保存已禁用，跳過配置保存
2025-08-01 11:50:29,370 - VALO360 - DEBUG - 自動保存已禁用，跳過配置保存
2025-08-01 11:50:29,370 - VALO360 - DEBUG - 自動保存已禁用，跳過配置保存
2025-08-01 11:50:29,370 - VALO360 - DEBUG - 自動保存已禁用，跳過配置保存
2025-08-01 11:50:29,370 - VALO360 - DEBUG - 自動保存已禁用，跳過配置保存
2025-08-01 11:50:29,370 - VALO360 - DEBUG - 自動保存已禁用，跳過配置保存
2025-08-01 11:50:29,370 - VALO360 - DEBUG - 自動保存已禁用，跳過配置保存
2025-08-01 11:50:29,374 - VALO360 - DEBUG - 自動保存已禁用，跳過配置保存
2025-08-01 11:50:29,374 - VALO360 - DEBUG - 自動保存已禁用，跳過配置保存
2025-08-01 11:50:29,382 - VALO360 - DEBUG - 自動保存已禁用，跳過配置保存
2025-08-01 11:50:29,387 - VALO360 - DEBUG - 自動保存已禁用，跳過配置保存
2025-08-01 11:50:29,387 - VALO360 - DEBUG - 自動保存已禁用，跳過配置保存
2025-08-01 11:50:29,387 - VALO360 - DEBUG - 自動保存已禁用，跳過配置保存
2025-08-01 11:50:29,389 - VALO360 - DEBUG - 自動保存已禁用，跳過配置保存
2025-08-01 11:50:29,389 - VALO360 - DEBUG - 自動保存已禁用，跳過配置保存
2025-08-01 11:50:29,389 - VALO360 - DEBUG - 自動保存已禁用，跳過配置保存
2025-08-01 11:50:29,389 - VALO360 - DEBUG - 自動保存已禁用，跳過配置保存
2025-08-01 11:50:29,401 - VALO360 - DEBUG - 自動保存已禁用，跳過配置保存
2025-08-01 11:50:29,401 - VALO360 - DEBUG - 自動保存已禁用，跳過配置保存
2025-08-01 11:50:29,401 - VALO360 - DEBUG - 自動保存已禁用，跳過配置保存
2025-08-01 11:50:29,403 - VALO360 - DEBUG - 自動保存已禁用，跳過配置保存
2025-08-01 11:50:29,414 - VALO360 - DEBUG - 自動保存已禁用，跳過配置保存
2025-08-01 11:50:29,414 - VALO360 - DEBUG - 自動保存已禁用，跳過配置保存
2025-08-01 11:50:29,414 - VALO360 - DEBUG - 自動保存已禁用，跳過配置保存
2025-08-01 11:50:29,416 - VALO360 - DEBUG - 自動保存已禁用，跳過配置保存
2025-08-01 11:50:29,417 - VALO360 - DEBUG - 自動保存已禁用，跳過配置保存
2025-08-01 11:50:29,417 - VALO360 - DEBUG - 自動保存已禁用，跳過配置保存
2025-08-01 11:50:29,417 - VALO360 - DEBUG - 自動保存已禁用，跳過配置保存
2025-08-01 11:50:29,417 - VALO360 - DEBUG - 自動保存已禁用，跳過配置保存
2025-08-01 11:50:29,430 - VALO360 - DEBUG - 自動保存已禁用，跳過配置保存
2025-08-01 11:50:29,430 - VALO360 - DEBUG - 自動保存已禁用，跳過配置保存
2025-08-01 11:50:29,432 - VALO360 - DEBUG - 自動保存已禁用，跳過配置保存
2025-08-01 11:50:29,432 - VALO360 - DEBUG - 自動保存已禁用，跳過配置保存
2025-08-01 11:50:29,432 - VALO360 - DEBUG - 自動保存已禁用，跳過配置保存
2025-08-01 11:50:29,432 - VALO360 - DEBUG - 自動保存已禁用，跳過配置保存
2025-08-01 11:50:29,432 - VALO360 - DEBUG - 自動保存已禁用，跳過配置保存
2025-08-01 11:50:29,434 - VALO360 - DEBUG - 自動保存已禁用，跳過配置保存
2025-08-01 11:50:29,441 - VALO360 - DEBUG - 自動保存已禁用，跳過配置保存
2025-08-01 11:50:29,441 - VALO360 - DEBUG - 自動保存已禁用，跳過配置保存
2025-08-01 11:50:29,441 - VALO360 - DEBUG - 自動保存已禁用，跳過配置保存
2025-08-01 11:50:29,441 - VALO360 - DEBUG - 自動保存已禁用，跳過配置保存
2025-08-01 11:50:29,448 - VALO360 - DEBUG - 自動保存已禁用，跳過配置保存
2025-08-01 11:50:29,448 - VALO360 - DEBUG - 自動保存已禁用，跳過配置保存
2025-08-01 11:50:29,448 - VALO360 - DEBUG - 自動保存已禁用，跳過配置保存
2025-08-01 11:50:29,448 - VALO360 - DEBUG - 自動保存已禁用，跳過配置保存
2025-08-01 11:50:29,454 - VALO360 - DEBUG - 自動保存已禁用，跳過配置保存
2025-08-01 11:50:29,454 - VALO360 - DEBUG - 自動保存已禁用，跳過配置保存
2025-08-01 11:50:29,454 - VALO360 - DEBUG - 自動保存已禁用，跳過配置保存
2025-08-01 11:50:29,454 - VALO360 - DEBUG - 自動保存已禁用，跳過配置保存
2025-08-01 11:50:29,462 - VALO360 - DEBUG - 自動保存已禁用，跳過配置保存
2025-08-01 11:50:29,462 - VALO360 - DEBUG - 自動保存已禁用，跳過配置保存
2025-08-01 11:50:29,462 - VALO360 - DEBUG - 自動保存已禁用，跳過配置保存
2025-08-01 11:50:29,462 - VALO360 - DEBUG - 自動保存已禁用，跳過配置保存
2025-08-01 11:50:29,462 - VALO360 - DEBUG - 自動保存已禁用，跳過配置保存
2025-08-01 11:50:29,462 - VALO360 - DEBUG - 自動保存已禁用，跳過配置保存
2025-08-01 11:50:29,462 - VALO360 - DEBUG - 自動保存已禁用，跳過配置保存
2025-08-01 11:50:29,462 - VALO360 - DEBUG - 自動保存已禁用，跳過配置保存
2025-08-01 11:50:29,472 - VALO360 - DEBUG - 自動保存已禁用，跳過配置保存
2025-08-01 11:50:29,474 - VALO360 - DEBUG - 自動保存已禁用，跳過配置保存
2025-08-01 11:50:29,474 - VALO360 - DEBUG - 自動保存已禁用，跳過配置保存
2025-08-01 11:50:29,474 - VALO360 - DEBUG - 自動保存已禁用，跳過配置保存
2025-08-01 11:50:29,481 - VALO360 - DEBUG - 自動保存已禁用，跳過配置保存
2025-08-01 11:50:29,481 - VALO360 - DEBUG - 自動保存已禁用，跳過配置保存
2025-08-01 11:50:29,481 - VALO360 - DEBUG - 自動保存已禁用，跳過配置保存
2025-08-01 11:50:29,481 - VALO360 - DEBUG - 自動保存已禁用，跳過配置保存
2025-08-01 11:50:29,483 - VALO360 - DEBUG - 自動保存已禁用，跳過配置保存
2025-08-01 11:50:29,483 - VALO360 - DEBUG - 自動保存已禁用，跳過配置保存
2025-08-01 11:50:29,483 - VALO360 - DEBUG - 自動保存已禁用，跳過配置保存
2025-08-01 11:50:29,485 - VALO360 - DEBUG - 自動保存已禁用，跳過配置保存
2025-08-01 11:50:29,489 - VALO360 - DEBUG - 自動保存已禁用，跳過配置保存
2025-08-01 11:50:29,496 - VALO360 - DEBUG - 自動保存已禁用，跳過配置保存
2025-08-01 11:50:29,496 - VALO360 - DEBUG - 自動保存已禁用，跳過配置保存
2025-08-01 11:50:29,496 - VALO360 - DEBUG - 自動保存已禁用，跳過配置保存
2025-08-01 11:50:29,496 - VALO360 - DEBUG - 自動保存已禁用，跳過配置保存
2025-08-01 11:50:29,496 - VALO360 - DEBUG - 自動保存已禁用，跳過配置保存
2025-08-01 11:50:29,499 - VALO360 - DEBUG - 自動保存已禁用，跳過配置保存
2025-08-01 11:50:29,499 - VALO360 - DEBUG - 自動保存已禁用，跳過配置保存
2025-08-01 11:50:29,506 - VALO360 - DEBUG - 自動保存已禁用，跳過配置保存
2025-08-01 11:50:29,507 - VALO360 - DEBUG - 自動保存已禁用，跳過配置保存
2025-08-01 11:50:29,507 - VALO360 - DEBUG - 自動保存已禁用，跳過配置保存
2025-08-01 11:50:29,507 - VALO360 - DEBUG - 自動保存已禁用，跳過配置保存
2025-08-01 11:50:29,514 - VALO360 - DEBUG - 自動保存已禁用，跳過配置保存
2025-08-01 11:50:29,514 - VALO360 - DEBUG - 自動保存已禁用，跳過配置保存
2025-08-01 11:50:29,516 - VALO360 - DEBUG - 自動保存已禁用，跳過配置保存
2025-08-01 11:50:29,516 - VALO360 - DEBUG - 自動保存已禁用，跳過配置保存
2025-08-01 11:50:29,519 - VALO360 - DEBUG - 自動保存已禁用，跳過配置保存
2025-08-01 11:50:29,519 - VALO360 - DEBUG - 自動保存已禁用，跳過配置保存
2025-08-01 11:50:29,519 - VALO360 - DEBUG - 自動保存已禁用，跳過配置保存
2025-08-01 11:50:29,519 - VALO360 - DEBUG - 自動保存已禁用，跳過配置保存
2025-08-01 11:50:29,523 - VALO360 - DEBUG - 自動保存已禁用，跳過配置保存
2025-08-01 11:50:29,523 - VALO360 - DEBUG - 自動保存已禁用，跳過配置保存
2025-08-01 11:50:29,523 - VALO360 - DEBUG - 自動保存已禁用，跳過配置保存
2025-08-01 11:50:29,523 - VALO360 - DEBUG - 自動保存已禁用，跳過配置保存
2025-08-01 11:50:29,525 - VALO360 - DEBUG - 自動保存已禁用，跳過配置保存
2025-08-01 11:50:29,525 - VALO360 - DEBUG - 自動保存已禁用，跳過配置保存
2025-08-01 11:50:29,525 - VALO360 - DEBUG - 自動保存已禁用，跳過配置保存
2025-08-01 11:50:29,527 - VALO360 - DEBUG - 自動保存已禁用，跳過配置保存
2025-08-01 11:50:29,531 - VALO360 - DEBUG - 自動保存已禁用，跳過配置保存
2025-08-01 11:50:29,531 - VALO360 - DEBUG - 自動保存已禁用，跳過配置保存
2025-08-01 11:50:29,531 - VALO360 - DEBUG - 自動保存已禁用，跳過配置保存
2025-08-01 11:50:29,531 - VALO360 - DEBUG - 自動保存已禁用，跳過配置保存
2025-08-01 11:50:29,539 - VALO360 - DEBUG - 自動保存已禁用，跳過配置保存
2025-08-01 11:50:29,539 - VALO360 - DEBUG - 自動保存已禁用，跳過配置保存
2025-08-01 11:50:29,539 - VALO360 - DEBUG - 自動保存已禁用，跳過配置保存
2025-08-01 11:50:29,539 - VALO360 - DEBUG - 自動保存已禁用，跳過配置保存
2025-08-01 11:50:29,539 - VALO360 - DEBUG - 自動保存已禁用，跳過配置保存
2025-08-01 11:50:29,539 - VALO360 - DEBUG - 自動保存已禁用，跳過配置保存
2025-08-01 11:50:29,539 - VALO360 - DEBUG - 自動保存已禁用，跳過配置保存
2025-08-01 11:50:29,539 - VALO360 - DEBUG - 自動保存已禁用，跳過配置保存
2025-08-01 11:50:29,550 - VALO360 - DEBUG - 自動保存已禁用，跳過配置保存
2025-08-01 11:50:29,550 - VALO360 - DEBUG - 自動保存已禁用，跳過配置保存
2025-08-01 11:50:29,550 - VALO360 - DEBUG - 自動保存已禁用，跳過配置保存
2025-08-01 11:50:29,550 - VALO360 - DEBUG - 自動保存已禁用，跳過配置保存
2025-08-01 11:50:29,550 - VALO360 - DEBUG - 自動保存已禁用，跳過配置保存
2025-08-01 11:50:29,550 - VALO360 - DEBUG - 自動保存已禁用，跳過配置保存
2025-08-01 11:50:29,554 - VALO360 - DEBUG - 自動保存已禁用，跳過配置保存
2025-08-01 11:50:29,554 - VALO360 - DEBUG - 自動保存已禁用，跳過配置保存
2025-08-01 11:50:29,558 - VALO360 - DEBUG - 自動保存已禁用，跳過配置保存
2025-08-01 11:50:29,558 - VALO360 - DEBUG - 自動保存已禁用，跳過配置保存
2025-08-01 11:50:29,558 - VALO360 - DEBUG - 自動保存已禁用，跳過配置保存
2025-08-01 11:50:29,560 - VALO360 - DEBUG - 自動保存已禁用，跳過配置保存
2025-08-01 11:50:29,566 - VALO360 - DEBUG - 自動保存已禁用，跳過配置保存
2025-08-01 11:50:29,568 - VALO360 - DEBUG - 自動保存已禁用，跳過配置保存
2025-08-01 11:50:29,568 - VALO360 - DEBUG - 自動保存已禁用，跳過配置保存
2025-08-01 11:50:29,568 - VALO360 - DEBUG - 自動保存已禁用，跳過配置保存
2025-08-01 11:50:29,572 - VALO360 - DEBUG - 自動保存已禁用，跳過配置保存
2025-08-01 11:50:29,572 - VALO360 - DEBUG - 自動保存已禁用，跳過配置保存
2025-08-01 11:50:29,572 - VALO360 - DEBUG - 自動保存已禁用，跳過配置保存
2025-08-01 11:50:29,572 - VALO360 - DEBUG - 自動保存已禁用，跳過配置保存
2025-08-01 11:50:29,576 - VALO360 - DEBUG - 自動保存已禁用，跳過配置保存
2025-08-01 11:50:29,576 - VALO360 - DEBUG - 自動保存已禁用，跳過配置保存
2025-08-01 11:50:29,579 - VALO360 - DEBUG - 自動保存已禁用，跳過配置保存
2025-08-01 11:50:29,579 - VALO360 - DEBUG - 自動保存已禁用，跳過配置保存
2025-08-01 11:50:29,580 - VALO360 - DEBUG - 自動保存已禁用，跳過配置保存
2025-08-01 11:50:29,580 - VALO360 - DEBUG - 自動保存已禁用，跳過配置保存
2025-08-01 11:50:29,580 - VALO360 - DEBUG - 自動保存已禁用，跳過配置保存
2025-08-01 11:50:29,580 - VALO360 - DEBUG - 自動保存已禁用，跳過配置保存
2025-08-01 11:50:29,580 - VALO360 - DEBUG - 自動保存已禁用，跳過配置保存
2025-08-01 11:50:29,580 - VALO360 - DEBUG - 自動保存已禁用，跳過配置保存
2025-08-01 11:50:29,580 - VALO360 - DEBUG - 自動保存已禁用，跳過配置保存
2025-08-01 11:50:29,580 - VALO360 - DEBUG - 自動保存已禁用，跳過配置保存
2025-08-01 11:50:29,597 - VALO360 - DEBUG - 自動保存已禁用，跳過配置保存
2025-08-01 11:50:29,597 - VALO360 - DEBUG - 自動保存已禁用，跳過配置保存
2025-08-01 11:50:29,597 - VALO360 - DEBUG - 自動保存已禁用，跳過配置保存
2025-08-01 11:50:29,597 - VALO360 - DEBUG - 自動保存已禁用，跳過配置保存
2025-08-01 11:50:29,599 - VALO360 - DEBUG - 自動保存已禁用，跳過配置保存
2025-08-01 11:50:29,601 - VALO360 - DEBUG - 自動保存已禁用，跳過配置保存
2025-08-01 11:50:29,601 - VALO360 - DEBUG - 自動保存已禁用，跳過配置保存
2025-08-01 11:50:29,601 - VALO360 - DEBUG - 自動保存已禁用，跳過配置保存
2025-08-01 11:50:29,607 - VALO360 - DEBUG - 自動保存已禁用，跳過配置保存
2025-08-01 11:50:29,607 - VALO360 - DEBUG - 自動保存已禁用，跳過配置保存
2025-08-01 11:50:29,607 - VALO360 - DEBUG - 自動保存已禁用，跳過配置保存
2025-08-01 11:50:29,607 - VALO360 - DEBUG - 自動保存已禁用，跳過配置保存
2025-08-01 11:50:29,609 - VALO360 - DEBUG - 自動保存已禁用，跳過配置保存
2025-08-01 11:50:29,609 - VALO360 - DEBUG - 自動保存已禁用，跳過配置保存
2025-08-01 11:50:29,609 - VALO360 - DEBUG - 自動保存已禁用，跳過配置保存
2025-08-01 11:50:29,609 - VALO360 - DEBUG - 自動保存已禁用，跳過配置保存
2025-08-01 11:50:29,615 - VALO360 - DEBUG - 自動保存已禁用，跳過配置保存
2025-08-01 11:50:29,615 - VALO360 - DEBUG - 自動保存已禁用，跳過配置保存
2025-08-01 11:50:29,615 - VALO360 - DEBUG - 自動保存已禁用，跳過配置保存
2025-08-01 11:50:29,615 - VALO360 - DEBUG - 自動保存已禁用，跳過配置保存
2025-08-01 11:50:29,624 - VALO360 - DEBUG - 自動保存已禁用，跳過配置保存
2025-08-01 11:50:29,626 - VALO360 - DEBUG - 自動保存已禁用，跳過配置保存
2025-08-01 11:50:29,626 - VALO360 - DEBUG - 自動保存已禁用，跳過配置保存
2025-08-01 11:50:29,626 - VALO360 - DEBUG - 自動保存已禁用，跳過配置保存
2025-08-01 11:50:29,628 - VALO360 - DEBUG - 自動保存已禁用，跳過配置保存
2025-08-01 11:50:29,628 - VALO360 - DEBUG - 自動保存已禁用，跳過配置保存
2025-08-01 11:50:29,628 - VALO360 - DEBUG - 自動保存已禁用，跳過配置保存
2025-08-01 11:50:29,628 - VALO360 - DEBUG - 自動保存已禁用，跳過配置保存
2025-08-01 11:50:29,635 - VALO360 - DEBUG - 自動保存已禁用，跳過配置保存
2025-08-01 11:50:29,635 - VALO360 - DEBUG - 自動保存已禁用，跳過配置保存
2025-08-01 11:50:29,635 - VALO360 - DEBUG - 自動保存已禁用，跳過配置保存
2025-08-01 11:50:29,635 - VALO360 - DEBUG - 自動保存已禁用，跳過配置保存
2025-08-01 11:50:29,635 - VALO360 - DEBUG - 自動保存已禁用，跳過配置保存
2025-08-01 11:50:29,638 - VALO360 - DEBUG - 自動保存已禁用，跳過配置保存
2025-08-01 11:50:29,638 - VALO360 - DEBUG - 自動保存已禁用，跳過配置保存
2025-08-01 11:50:29,638 - VALO360 - DEBUG - 自動保存已禁用，跳過配置保存
2025-08-01 11:50:29,641 - VALO360 - DEBUG - 自動保存已禁用，跳過配置保存
2025-08-01 11:50:29,641 - VALO360 - DEBUG - 自動保存已禁用，跳過配置保存
2025-08-01 11:50:29,643 - VALO360 - DEBUG - 自動保存已禁用，跳過配置保存
2025-08-01 11:50:29,643 - VALO360 - DEBUG - 自動保存已禁用，跳過配置保存
2025-08-01 11:50:29,651 - VALO360 - DEBUG - 自動保存已禁用，跳過配置保存
2025-08-01 11:50:29,651 - VALO360 - DEBUG - 自動保存已禁用，跳過配置保存
2025-08-01 11:50:29,651 - VALO360 - DEBUG - 自動保存已禁用，跳過配置保存
2025-08-01 11:50:29,651 - VALO360 - DEBUG - 自動保存已禁用，跳過配置保存
2025-08-01 11:50:29,653 - VALO360 - DEBUG - 自動保存已禁用，跳過配置保存
2025-08-01 11:50:29,653 - VALO360 - DEBUG - 自動保存已禁用，跳過配置保存
2025-08-01 11:50:29,656 - VALO360 - DEBUG - 自動保存已禁用，跳過配置保存
2025-08-01 11:50:29,656 - VALO360 - DEBUG - 自動保存已禁用，跳過配置保存
2025-08-01 11:50:29,662 - VALO360 - DEBUG - 自動保存已禁用，跳過配置保存
2025-08-01 11:50:29,664 - VALO360 - DEBUG - 自動保存已禁用，跳過配置保存
2025-08-01 11:50:29,664 - VALO360 - DEBUG - 自動保存已禁用，跳過配置保存
2025-08-01 11:50:29,664 - VALO360 - DEBUG - 自動保存已禁用，跳過配置保存
2025-08-01 11:50:29,664 - VALO360 - DEBUG - 自動保存已禁用，跳過配置保存
2025-08-01 11:50:29,664 - VALO360 - DEBUG - 自動保存已禁用，跳過配置保存
2025-08-01 11:50:29,664 - VALO360 - DEBUG - 自動保存已禁用，跳過配置保存
2025-08-01 11:50:29,664 - VALO360 - DEBUG - 自動保存已禁用，跳過配置保存
2025-08-01 11:50:29,672 - VALO360 - DEBUG - 自動保存已禁用，跳過配置保存
2025-08-01 11:50:29,672 - VALO360 - DEBUG - 自動保存已禁用，跳過配置保存
2025-08-01 11:50:29,672 - VALO360 - DEBUG - 自動保存已禁用，跳過配置保存
2025-08-01 11:50:29,672 - VALO360 - DEBUG - 自動保存已禁用，跳過配置保存
2025-08-01 11:50:29,679 - VALO360 - DEBUG - 自動保存已禁用，跳過配置保存
2025-08-01 11:50:29,679 - VALO360 - DEBUG - 自動保存已禁用，跳過配置保存
2025-08-01 11:50:29,679 - VALO360 - DEBUG - 自動保存已禁用，跳過配置保存
2025-08-01 11:50:29,681 - VALO360 - DEBUG - 自動保存已禁用，跳過配置保存
2025-08-01 11:50:29,681 - VALO360 - DEBUG - 自動保存已禁用，跳過配置保存
2025-08-01 11:50:29,681 - VALO360 - DEBUG - 自動保存已禁用，跳過配置保存
2025-08-01 11:50:29,681 - VALO360 - DEBUG - 自動保存已禁用，跳過配置保存
2025-08-01 11:50:29,681 - VALO360 - DEBUG - 自動保存已禁用，跳過配置保存
2025-08-01 11:50:29,692 - VALO360 - DEBUG - 自動保存已禁用，跳過配置保存
2025-08-01 11:50:29,692 - VALO360 - DEBUG - 自動保存已禁用，跳過配置保存
2025-08-01 11:50:29,692 - VALO360 - DEBUG - 自動保存已禁用，跳過配置保存
2025-08-01 11:50:29,692 - VALO360 - DEBUG - 自動保存已禁用，跳過配置保存
2025-08-01 11:50:29,692 - VALO360 - DEBUG - 自動保存已禁用，跳過配置保存
2025-08-01 11:50:29,692 - VALO360 - DEBUG - 自動保存已禁用，跳過配置保存
2025-08-01 11:50:29,692 - VALO360 - DEBUG - 自動保存已禁用，跳過配置保存
2025-08-01 11:50:29,692 - VALO360 - DEBUG - 自動保存已禁用，跳過配置保存
2025-08-01 11:50:29,703 - VALO360 - DEBUG - 自動保存已禁用，跳過配置保存
2025-08-01 11:50:29,703 - VALO360 - DEBUG - 自動保存已禁用，跳過配置保存
2025-08-01 11:50:29,704 - VALO360 - DEBUG - 自動保存已禁用，跳過配置保存
2025-08-01 11:50:29,704 - VALO360 - DEBUG - 自動保存已禁用，跳過配置保存
2025-08-01 11:50:29,712 - VALO360 - DEBUG - 自動保存已禁用，跳過配置保存
2025-08-01 11:50:29,712 - VALO360 - DEBUG - 自動保存已禁用，跳過配置保存
2025-08-01 11:50:29,712 - VALO360 - DEBUG - 自動保存已禁用，跳過配置保存
2025-08-01 11:50:29,712 - VALO360 - DEBUG - 自動保存已禁用，跳過配置保存
2025-08-01 11:50:29,714 - VALO360 - DEBUG - 自動保存已禁用，跳過配置保存
2025-08-01 11:50:29,714 - VALO360 - DEBUG - 自動保存已禁用，跳過配置保存
2025-08-01 11:50:29,714 - VALO360 - DEBUG - 自動保存已禁用，跳過配置保存
2025-08-01 11:50:29,716 - VALO360 - DEBUG - 自動保存已禁用，跳過配置保存
2025-08-01 11:50:29,723 - VALO360 - DEBUG - 自動保存已禁用，跳過配置保存
2025-08-01 11:50:29,723 - VALO360 - DEBUG - 自動保存已禁用，跳過配置保存
2025-08-01 11:50:29,723 - VALO360 - DEBUG - 自動保存已禁用，跳過配置保存
2025-08-01 11:50:29,726 - VALO360 - DEBUG - 自動保存已禁用，跳過配置保存
2025-08-01 11:50:29,726 - VALO360 - DEBUG - 自動保存已禁用，跳過配置保存
2025-08-01 11:50:29,728 - VALO360 - DEBUG - 自動保存已禁用，跳過配置保存
2025-08-01 11:50:29,728 - VALO360 - DEBUG - 自動保存已禁用，跳過配置保存
2025-08-01 11:50:29,728 - VALO360 - DEBUG - 自動保存已禁用，跳過配置保存
2025-08-01 11:50:29,732 - VALO360 - DEBUG - 自動保存已禁用，跳過配置保存
2025-08-01 11:50:29,732 - VALO360 - DEBUG - 自動保存已禁用，跳過配置保存
2025-08-01 11:50:29,734 - VALO360 - DEBUG - 自動保存已禁用，跳過配置保存
2025-08-01 11:50:29,734 - VALO360 - DEBUG - 自動保存已禁用，跳過配置保存
2025-08-01 11:50:29,734 - VALO360 - DEBUG - 自動保存已禁用，跳過配置保存
2025-08-01 11:50:29,734 - VALO360 - DEBUG - 自動保存已禁用，跳過配置保存
2025-08-01 11:50:29,742 - VALO360 - DEBUG - 自動保存已禁用，跳過配置保存
2025-08-01 11:50:29,742 - VALO360 - DEBUG - 自動保存已禁用，跳過配置保存
2025-08-01 11:50:29,743 - VALO360 - DEBUG - 自動保存已禁用，跳過配置保存
2025-08-01 11:50:29,743 - VALO360 - DEBUG - 自動保存已禁用，跳過配置保存
2025-08-01 11:50:29,743 - VALO360 - DEBUG - 自動保存已禁用，跳過配置保存
2025-08-01 11:50:29,743 - VALO360 - DEBUG - 自動保存已禁用，跳過配置保存
2025-08-01 11:50:29,760 - VALO360 - DEBUG - 自動保存已禁用，跳過配置保存
2025-08-01 11:50:29,760 - VALO360 - DEBUG - 自動保存已禁用，跳過配置保存
2025-08-01 11:50:29,760 - VALO360 - DEBUG - 自動保存已禁用，跳過配置保存
2025-08-01 11:50:29,762 - VALO360 - DEBUG - 自動保存已禁用，跳過配置保存
2025-08-01 11:50:29,764 - VALO360 - DEBUG - 自動保存已禁用，跳過配置保存
2025-08-01 11:50:29,764 - VALO360 - DEBUG - 自動保存已禁用，跳過配置保存
2025-08-01 11:50:29,764 - VALO360 - DEBUG - 自動保存已禁用，跳過配置保存
2025-08-01 11:50:29,764 - VALO360 - DEBUG - 自動保存已禁用，跳過配置保存
2025-08-01 11:50:29,764 - VALO360 - DEBUG - 自動保存已禁用，跳過配置保存
2025-08-01 11:50:29,771 - VALO360 - DEBUG - 自動保存已禁用，跳過配置保存
2025-08-01 11:50:29,771 - VALO360 - DEBUG - 自動保存已禁用，跳過配置保存
2025-08-01 11:50:29,771 - VALO360 - DEBUG - 自動保存已禁用，跳過配置保存
2025-08-01 11:50:29,776 - VALO360 - DEBUG - 自動保存已禁用，跳過配置保存
2025-08-01 11:50:29,776 - VALO360 - DEBUG - 自動保存已禁用，跳過配置保存
2025-08-01 11:50:29,776 - VALO360 - DEBUG - 自動保存已禁用，跳過配置保存
2025-08-01 11:50:29,776 - VALO360 - DEBUG - 自動保存已禁用，跳過配置保存
2025-08-01 11:50:29,784 - VALO360 - DEBUG - 自動保存已禁用，跳過配置保存
2025-08-01 11:50:29,785 - VALO360 - DEBUG - 自動保存已禁用，跳過配置保存
2025-08-01 11:50:29,785 - VALO360 - DEBUG - 自動保存已禁用，跳過配置保存
2025-08-01 11:50:29,785 - VALO360 - DEBUG - 自動保存已禁用，跳過配置保存
2025-08-01 11:50:29,806 - VALO360 - DEBUG - 自動保存已禁用，跳過配置保存
2025-08-01 11:50:29,806 - VALO360 - DEBUG - 自動保存已禁用，跳過配置保存
2025-08-01 11:50:29,806 - VALO360 - DEBUG - 自動保存已禁用，跳過配置保存
2025-08-01 11:50:29,806 - VALO360 - DEBUG - 自動保存已禁用，跳過配置保存
2025-08-01 11:50:29,808 - VALO360 - DEBUG - 自動保存已禁用，跳過配置保存
2025-08-01 11:50:29,808 - VALO360 - DEBUG - 自動保存已禁用，跳過配置保存
2025-08-01 11:50:29,808 - VALO360 - DEBUG - 自動保存已禁用，跳過配置保存
2025-08-01 11:50:29,808 - VALO360 - DEBUG - 自動保存已禁用，跳過配置保存
2025-08-01 11:50:29,808 - VALO360 - DEBUG - 自動保存已禁用，跳過配置保存
2025-08-01 11:50:29,815 - VALO360 - DEBUG - 自動保存已禁用，跳過配置保存
2025-08-01 11:50:29,815 - VALO360 - DEBUG - 自動保存已禁用，跳過配置保存
2025-08-01 11:50:29,815 - VALO360 - DEBUG - 自動保存已禁用，跳過配置保存
2025-08-01 11:50:29,820 - VALO360 - DEBUG - 自動保存已禁用，跳過配置保存
2025-08-01 11:50:29,820 - VALO360 - DEBUG - 自動保存已禁用，跳過配置保存
2025-08-01 11:50:29,820 - VALO360 - DEBUG - 自動保存已禁用，跳過配置保存
2025-08-01 11:50:29,820 - VALO360 - DEBUG - 自動保存已禁用，跳過配置保存
2025-08-01 11:50:29,825 - VALO360 - DEBUG - 自動保存已禁用，跳過配置保存
2025-08-01 11:50:29,825 - VALO360 - DEBUG - 自動保存已禁用，跳過配置保存
2025-08-01 11:50:29,825 - VALO360 - DEBUG - 自動保存已禁用，跳過配置保存
2025-08-01 11:50:29,825 - VALO360 - DEBUG - 自動保存已禁用，跳過配置保存
2025-08-01 11:50:29,835 - VALO360 - DEBUG - 自動保存已禁用，跳過配置保存
2025-08-01 11:50:29,835 - VALO360 - DEBUG - 自動保存已禁用，跳過配置保存
2025-08-01 11:50:29,835 - VALO360 - DEBUG - 自動保存已禁用，跳過配置保存
2025-08-01 11:50:29,835 - VALO360 - DEBUG - 自動保存已禁用，跳過配置保存
2025-08-01 11:50:29,845 - VALO360 - DEBUG - 自動保存已禁用，跳過配置保存
2025-08-01 11:50:29,845 - VALO360 - DEBUG - 自動保存已禁用，跳過配置保存
2025-08-01 11:50:29,847 - VALO360 - DEBUG - 自動保存已禁用，跳過配置保存
2025-08-01 11:50:29,847 - VALO360 - DEBUG - 自動保存已禁用，跳過配置保存
2025-08-01 11:50:29,847 - VALO360 - DEBUG - 自動保存已禁用，跳過配置保存
2025-08-01 11:50:29,847 - VALO360 - DEBUG - 自動保存已禁用，跳過配置保存
2025-08-01 11:50:29,847 - VALO360 - DEBUG - 自動保存已禁用，跳過配置保存
2025-08-01 11:50:29,847 - VALO360 - DEBUG - 自動保存已禁用，跳過配置保存
2025-08-01 11:50:29,861 - VALO360 - DEBUG - 自動保存已禁用，跳過配置保存
2025-08-01 11:50:29,861 - VALO360 - DEBUG - 自動保存已禁用，跳過配置保存
2025-08-01 11:50:29,861 - VALO360 - DEBUG - 自動保存已禁用，跳過配置保存
2025-08-01 11:50:29,861 - VALO360 - DEBUG - 自動保存已禁用，跳過配置保存
2025-08-01 11:50:29,863 - VALO360 - DEBUG - 自動保存已禁用，跳過配置保存
2025-08-01 11:50:29,863 - VALO360 - DEBUG - 自動保存已禁用，跳過配置保存
2025-08-01 11:50:29,865 - VALO360 - DEBUG - 自動保存已禁用，跳過配置保存
2025-08-01 11:50:29,865 - VALO360 - DEBUG - 自動保存已禁用，跳過配置保存
2025-08-01 11:50:29,880 - VALO360 - DEBUG - 自動保存已禁用，跳過配置保存
2025-08-01 11:50:29,880 - VALO360 - DEBUG - 自動保存已禁用，跳過配置保存
2025-08-01 11:50:29,880 - VALO360 - DEBUG - 自動保存已禁用，跳過配置保存
2025-08-01 11:50:29,880 - VALO360 - DEBUG - 自動保存已禁用，跳過配置保存
2025-08-01 11:50:29,882 - VALO360 - DEBUG - 自動保存已禁用，跳過配置保存
2025-08-01 11:50:29,882 - VALO360 - DEBUG - 自動保存已禁用，跳過配置保存
2025-08-01 11:50:29,882 - VALO360 - DEBUG - 自動保存已禁用，跳過配置保存
2025-08-01 11:50:29,882 - VALO360 - DEBUG - 自動保存已禁用，跳過配置保存
2025-08-01 11:50:29,890 - VALO360 - DEBUG - 自動保存已禁用，跳過配置保存
2025-08-01 11:50:29,890 - VALO360 - DEBUG - 自動保存已禁用，跳過配置保存
2025-08-01 11:50:29,890 - VALO360 - DEBUG - 自動保存已禁用，跳過配置保存
2025-08-01 11:50:29,892 - VALO360 - DEBUG - 自動保存已禁用，跳過配置保存
2025-08-01 11:50:29,902 - VALO360 - DEBUG - 自動保存已禁用，跳過配置保存
2025-08-01 11:50:29,903 - VALO360 - DEBUG - 自動保存已禁用，跳過配置保存
2025-08-01 11:50:29,903 - VALO360 - DEBUG - 自動保存已禁用，跳過配置保存
2025-08-01 11:50:29,903 - VALO360 - DEBUG - 自動保存已禁用，跳過配置保存
2025-08-01 11:50:29,903 - VALO360 - DEBUG - 自動保存已禁用，跳過配置保存
2025-08-01 11:50:29,903 - VALO360 - DEBUG - 自動保存已禁用，跳過配置保存
2025-08-01 11:50:29,906 - VALO360 - DEBUG - 自動保存已禁用，跳過配置保存
2025-08-01 11:50:29,906 - VALO360 - DEBUG - 自動保存已禁用，跳過配置保存
2025-08-01 11:50:29,989 - VALO360 - DEBUG - 自動保存已禁用，跳過配置保存
2025-08-01 11:50:29,989 - VALO360 - DEBUG - 自動保存已禁用，跳過配置保存
2025-08-01 11:50:29,991 - VALO360 - DEBUG - 自動保存已禁用，跳過配置保存
2025-08-01 11:50:29,991 - VALO360 - DEBUG - 自動保存已禁用，跳過配置保存
2025-08-01 11:50:29,993 - VALO360 - DEBUG - 自動保存已禁用，跳過配置保存
2025-08-01 11:50:29,993 - VALO360 - DEBUG - 自動保存已禁用，跳過配置保存
2025-08-01 11:50:29,993 - VALO360 - DEBUG - 自動保存已禁用，跳過配置保存
2025-08-01 11:50:29,993 - VALO360 - DEBUG - 自動保存已禁用，跳過配置保存
2025-08-01 11:50:29,998 - VALO360 - DEBUG - 自動保存已禁用，跳過配置保存
2025-08-01 11:50:30,001 - VALO360 - DEBUG - 自動保存已禁用，跳過配置保存
2025-08-01 11:50:30,001 - VALO360 - DEBUG - 自動保存已禁用，跳過配置保存
2025-08-01 11:50:30,001 - VALO360 - DEBUG - 自動保存已禁用，跳過配置保存
2025-08-01 11:50:30,003 - VALO360 - DEBUG - 自動保存已禁用，跳過配置保存
2025-08-01 11:50:30,003 - VALO360 - DEBUG - 自動保存已禁用，跳過配置保存
2025-08-01 11:50:30,003 - VALO360 - DEBUG - 自動保存已禁用，跳過配置保存
2025-08-01 11:50:30,003 - VALO360 - DEBUG - 自動保存已禁用，跳過配置保存
2025-08-01 11:50:30,005 - VALO360 - DEBUG - 自動保存已禁用，跳過配置保存
2025-08-01 11:50:30,005 - VALO360 - DEBUG - 自動保存已禁用，跳過配置保存
2025-08-01 11:50:30,007 - VALO360 - DEBUG - 自動保存已禁用，跳過配置保存
2025-08-01 11:50:30,007 - VALO360 - DEBUG - 自動保存已禁用，跳過配置保存
2025-08-01 11:50:30,018 - VALO360 - DEBUG - 自動保存已禁用，跳過配置保存
2025-08-01 11:50:30,018 - VALO360 - DEBUG - 自動保存已禁用，跳過配置保存
2025-08-01 11:50:30,018 - VALO360 - DEBUG - 自動保存已禁用，跳過配置保存
2025-08-01 11:50:30,018 - VALO360 - DEBUG - 自動保存已禁用，跳過配置保存
2025-08-01 11:50:30,018 - VALO360 - DEBUG - 自動保存已禁用，跳過配置保存
2025-08-01 11:50:30,018 - VALO360 - DEBUG - 自動保存已禁用，跳過配置保存
2025-08-01 11:50:30,018 - VALO360 - DEBUG - 自動保存已禁用，跳過配置保存
2025-08-01 11:50:30,018 - VALO360 - DEBUG - 自動保存已禁用，跳過配置保存
2025-08-01 11:50:30,043 - VALO360 - DEBUG - 自動保存已禁用，跳過配置保存
2025-08-01 11:50:30,043 - VALO360 - DEBUG - 自動保存已禁用，跳過配置保存
2025-08-01 11:50:30,043 - VALO360 - DEBUG - 自動保存已禁用，跳過配置保存
2025-08-01 11:50:30,045 - VALO360 - DEBUG - 自動保存已禁用，跳過配置保存
2025-08-01 11:50:30,054 - VALO360 - DEBUG - 自動保存已禁用，跳過配置保存
2025-08-01 11:50:30,054 - VALO360 - DEBUG - 自動保存已禁用，跳過配置保存
2025-08-01 11:50:30,056 - VALO360 - DEBUG - 自動保存已禁用，跳過配置保存
2025-08-01 11:50:30,056 - VALO360 - DEBUG - 自動保存已禁用，跳過配置保存
2025-08-01 11:50:30,056 - VALO360 - DEBUG - 自動保存已禁用，跳過配置保存
2025-08-01 11:50:30,058 - VALO360 - DEBUG - 自動保存已禁用，跳過配置保存
2025-08-01 11:50:30,058 - VALO360 - DEBUG - 自動保存已禁用，跳過配置保存
2025-08-01 11:50:30,058 - VALO360 - DEBUG - 自動保存已禁用，跳過配置保存
2025-08-01 11:50:30,064 - VALO360 - DEBUG - 自動保存已禁用，跳過配置保存
2025-08-01 11:50:30,064 - VALO360 - DEBUG - 自動保存已禁用，跳過配置保存
2025-08-01 11:50:30,064 - VALO360 - DEBUG - 自動保存已禁用，跳過配置保存
2025-08-01 11:50:30,064 - VALO360 - DEBUG - 自動保存已禁用，跳過配置保存
2025-08-01 11:50:30,066 - VALO360 - DEBUG - 自動保存已禁用，跳過配置保存
2025-08-01 11:50:30,066 - VALO360 - DEBUG - 自動保存已禁用，跳過配置保存
2025-08-01 11:50:30,066 - VALO360 - DEBUG - 自動保存已禁用，跳過配置保存
2025-08-01 11:50:30,067 - VALO360 - DEBUG - 自動保存已禁用，跳過配置保存
2025-08-01 11:50:30,071 - VALO360 - DEBUG - 自動保存已禁用，跳過配置保存
2025-08-01 11:50:30,071 - VALO360 - DEBUG - 自動保存已禁用，跳過配置保存
2025-08-01 11:50:30,071 - VALO360 - DEBUG - 自動保存已禁用，跳過配置保存
2025-08-01 11:50:30,071 - VALO360 - DEBUG - 自動保存已禁用，跳過配置保存
2025-08-01 11:50:30,079 - VALO360 - DEBUG - 自動保存已禁用，跳過配置保存
2025-08-01 11:50:30,079 - VALO360 - DEBUG - 自動保存已禁用，跳過配置保存
2025-08-01 11:50:30,079 - VALO360 - DEBUG - 自動保存已禁用，跳過配置保存
2025-08-01 11:50:30,079 - VALO360 - DEBUG - 自動保存已禁用，跳過配置保存
2025-08-01 11:50:30,079 - VALO360 - DEBUG - 自動保存已禁用，跳過配置保存
2025-08-01 11:50:30,079 - VALO360 - DEBUG - 自動保存已禁用，跳過配置保存
2025-08-01 11:50:30,079 - VALO360 - DEBUG - 自動保存已禁用，跳過配置保存
2025-08-01 11:50:30,079 - VALO360 - DEBUG - 自動保存已禁用，跳過配置保存
2025-08-01 11:50:30,090 - VALO360 - DEBUG - 自動保存已禁用，跳過配置保存
2025-08-01 11:50:30,090 - VALO360 - DEBUG - 自動保存已禁用，跳過配置保存
2025-08-01 11:50:30,090 - VALO360 - DEBUG - 自動保存已禁用，跳過配置保存
2025-08-01 11:50:30,090 - VALO360 - DEBUG - 自動保存已禁用，跳過配置保存
2025-08-01 11:50:30,090 - VALO360 - DEBUG - 自動保存已禁用，跳過配置保存
2025-08-01 11:50:30,090 - VALO360 - DEBUG - 自動保存已禁用，跳過配置保存
2025-08-01 11:50:30,090 - VALO360 - DEBUG - 自動保存已禁用，跳過配置保存
2025-08-01 11:50:30,090 - VALO360 - DEBUG - 自動保存已禁用，跳過配置保存
2025-08-01 11:50:30,110 - VALO360 - DEBUG - 自動保存已禁用，跳過配置保存
2025-08-01 11:50:30,110 - VALO360 - DEBUG - 自動保存已禁用，跳過配置保存
2025-08-01 11:50:30,110 - VALO360 - DEBUG - 自動保存已禁用，跳過配置保存
2025-08-01 11:50:30,110 - VALO360 - DEBUG - 自動保存已禁用，跳過配置保存
2025-08-01 11:50:30,131 - VALO360 - DEBUG - 自動保存已禁用，跳過配置保存
2025-08-01 11:50:30,131 - VALO360 - DEBUG - 自動保存已禁用，跳過配置保存
2025-08-01 11:50:30,134 - VALO360 - DEBUG - 自動保存已禁用，跳過配置保存
2025-08-01 11:50:30,134 - VALO360 - DEBUG - 自動保存已禁用，跳過配置保存
2025-08-01 11:50:30,134 - VALO360 - DEBUG - 自動保存已禁用，跳過配置保存
2025-08-01 11:50:30,134 - VALO360 - DEBUG - 自動保存已禁用，跳過配置保存
2025-08-01 11:50:30,137 - VALO360 - DEBUG - 自動保存已禁用，跳過配置保存
2025-08-01 11:50:30,137 - VALO360 - DEBUG - 自動保存已禁用，跳過配置保存
2025-08-01 11:50:30,139 - VALO360 - DEBUG - 自動保存已禁用，跳過配置保存
2025-08-01 11:50:30,139 - VALO360 - DEBUG - 自動保存已禁用，跳過配置保存
2025-08-01 11:50:30,146 - VALO360 - DEBUG - 自動保存已禁用，跳過配置保存
2025-08-01 11:50:30,146 - VALO360 - DEBUG - 自動保存已禁用，跳過配置保存
2025-08-01 11:50:30,146 - VALO360 - DEBUG - 自動保存已禁用，跳過配置保存
2025-08-01 11:50:30,146 - VALO360 - DEBUG - 自動保存已禁用，跳過配置保存
2025-08-01 11:50:30,146 - VALO360 - DEBUG - 自動保存已禁用，跳過配置保存
2025-08-01 11:50:30,146 - VALO360 - DEBUG - 自動保存已禁用，跳過配置保存
2025-08-01 11:50:30,154 - VALO360 - DEBUG - 自動保存已禁用，跳過配置保存
2025-08-01 11:50:30,154 - VALO360 - DEBUG - 自動保存已禁用，跳過配置保存
2025-08-01 11:50:30,154 - VALO360 - DEBUG - 自動保存已禁用，跳過配置保存
2025-08-01 11:50:30,154 - VALO360 - DEBUG - 自動保存已禁用，跳過配置保存
2025-08-01 11:50:30,162 - VALO360 - DEBUG - 自動保存已禁用，跳過配置保存
2025-08-01 11:50:30,162 - VALO360 - DEBUG - 自動保存已禁用，跳過配置保存
2025-08-01 11:50:30,162 - VALO360 - DEBUG - 自動保存已禁用，跳過配置保存
2025-08-01 11:50:30,162 - VALO360 - DEBUG - 自動保存已禁用，跳過配置保存
2025-08-01 11:50:30,162 - VALO360 - DEBUG - 自動保存已禁用，跳過配置保存
2025-08-01 11:50:30,162 - VALO360 - DEBUG - 自動保存已禁用，跳過配置保存
2025-08-01 11:50:30,162 - VALO360 - DEBUG - 自動保存已禁用，跳過配置保存
2025-08-01 11:50:30,162 - VALO360 - DEBUG - 自動保存已禁用，跳過配置保存
2025-08-01 11:50:31,483 - VALO360 - DEBUG - 自動保存已禁用，跳過配置保存
2025-08-01 11:50:37,867 - VALO360 - DEBUG - 自動保存已禁用，跳過配置保存
2025-08-01 11:50:37,867 - VALO360 - DEBUG - 自動保存已禁用，跳過配置保存
2025-08-01 11:50:37,867 - VALO360 - DEBUG - 自動保存已禁用，跳過配置保存
2025-08-01 11:50:37,867 - VALO360 - DEBUG - 自動保存已禁用，跳過配置保存
2025-08-01 11:50:39,250 - VALO360 - DEBUG - 自動保存已禁用，跳過配置保存
2025-08-01 11:50:39,250 - VALO360 - DEBUG - 自動保存已禁用，跳過配置保存
2025-08-01 11:50:39,252 - VALO360 - DEBUG - 自動保存已禁用，跳過配置保存
2025-08-01 11:50:39,252 - VALO360 - DEBUG - 自動保存已禁用，跳過配置保存
2025-08-01 11:50:39,763 - VALO360 - DEBUG - 自動保存已禁用，跳過配置保存
2025-08-01 11:50:39,763 - VALO360 - DEBUG - 自動保存已禁用，跳過配置保存
2025-08-01 11:50:39,764 - VALO360 - DEBUG - 自動保存已禁用，跳過配置保存
2025-08-01 11:50:39,764 - VALO360 - DEBUG - 自動保存已禁用，跳過配置保存
2025-08-01 11:50:40,203 - VALO360 - DEBUG - 自動保存已禁用，跳過配置保存
2025-08-01 11:50:40,203 - VALO360 - DEBUG - 自動保存已禁用，跳過配置保存
2025-08-01 11:50:40,203 - VALO360 - DEBUG - 自動保存已禁用，跳過配置保存
2025-08-01 11:50:40,204 - VALO360 - DEBUG - 自動保存已禁用，跳過配置保存
2025-08-01 11:50:40,690 - VALO360 - DEBUG - 自動保存已禁用，跳過配置保存
2025-08-01 11:50:40,690 - VALO360 - DEBUG - 自動保存已禁用，跳過配置保存
2025-08-01 11:50:40,690 - VALO360 - DEBUG - 自動保存已禁用，跳過配置保存
2025-08-01 11:50:40,690 - VALO360 - DEBUG - 自動保存已禁用，跳過配置保存
2025-08-01 11:50:41,210 - VALO360 - DEBUG - 自動保存已禁用，跳過配置保存
2025-08-01 11:50:41,210 - VALO360 - DEBUG - 自動保存已禁用，跳過配置保存
2025-08-01 11:50:41,210 - VALO360 - DEBUG - 自動保存已禁用，跳過配置保存
2025-08-01 11:50:41,212 - VALO360 - DEBUG - 自動保存已禁用，跳過配置保存
2025-08-01 11:50:41,275 - VALO360 - DEBUG - 找到 2 個COM口: ['COM5', 'COM6']
2025-08-01 11:50:42,031 - VALO360 - DEBUG - 自動保存已禁用，跳過配置保存
2025-08-01 11:50:42,031 - VALO360 - DEBUG - 自動保存已禁用，跳過配置保存
2025-08-01 11:50:42,033 - VALO360 - DEBUG - 自動保存已禁用，跳過配置保存
2025-08-01 11:50:42,033 - VALO360 - DEBUG - 自動保存已禁用，跳過配置保存
2025-08-01 11:50:42,482 - VALO360 - DEBUG - 自動保存已禁用，跳過配置保存
2025-08-01 11:50:42,483 - VALO360 - DEBUG - 自動保存已禁用，跳過配置保存
2025-08-01 11:50:42,483 - VALO360 - DEBUG - 自動保存已禁用，跳過配置保存
2025-08-01 11:50:42,483 - VALO360 - DEBUG - 自動保存已禁用，跳過配置保存
2025-08-01 11:50:42,913 - VALO360 - DEBUG - 自動保存已禁用，跳過配置保存
2025-08-01 11:50:42,913 - VALO360 - DEBUG - 自動保存已禁用，跳過配置保存
2025-08-01 11:50:42,915 - VALO360 - DEBUG - 自動保存已禁用，跳過配置保存
2025-08-01 11:50:42,915 - VALO360 - DEBUG - 自動保存已禁用，跳過配置保存
2025-08-01 11:50:43,273 - VALO360 - DEBUG - 自動保存已禁用，跳過配置保存
2025-08-01 11:50:43,275 - VALO360 - DEBUG - 自動保存已禁用，跳過配置保存
2025-08-01 11:50:43,275 - VALO360 - DEBUG - 自動保存已禁用，跳過配置保存
2025-08-01 11:50:43,275 - VALO360 - DEBUG - 自動保存已禁用，跳過配置保存
2025-08-01 11:51:33,460 - VALO360 - DEBUG - 自動保存已禁用，跳過配置保存
2025-08-01 11:51:33,460 - VALO360 - DEBUG - 自動保存已禁用，跳過配置保存
2025-08-01 11:51:33,460 - VALO360 - DEBUG - 自動保存已禁用，跳過配置保存
2025-08-01 11:51:33,460 - VALO360 - DEBUG - 自動保存已禁用，跳過配置保存
2025-08-01 11:51:33,880 - VALO360 - DEBUG - 自動保存已禁用，跳過配置保存
2025-08-01 11:51:33,880 - VALO360 - DEBUG - 自動保存已禁用，跳過配置保存
2025-08-01 11:51:33,880 - VALO360 - DEBUG - 自動保存已禁用，跳過配置保存
2025-08-01 11:51:33,888 - VALO360 - DEBUG - 自動保存已禁用，跳過配置保存
2025-08-01 11:51:34,696 - VALO360 - DEBUG - 自動保存已禁用，跳過配置保存
2025-08-01 11:51:34,696 - VALO360 - DEBUG - 自動保存已禁用，跳過配置保存
2025-08-01 11:51:34,696 - VALO360 - DEBUG - 自動保存已禁用，跳過配置保存
2025-08-01 11:51:34,696 - VALO360 - DEBUG - 自動保存已禁用，跳過配置保存
2025-08-01 11:51:34,749 - VALO360 - DEBUG - 找到 2 個COM口: ['COM5', 'COM6']
2025-08-01 11:51:45,518 - VALO360 - DEBUG - 自動保存已禁用，跳過配置保存
2025-08-01 11:51:45,518 - VALO360 - DEBUG - 自動保存已禁用，跳過配置保存
2025-08-01 11:51:45,518 - VALO360 - DEBUG - 自動保存已禁用，跳過配置保存
2025-08-01 11:51:45,520 - VALO360 - DEBUG - 自動保存已禁用，跳過配置保存
2025-08-01 11:51:45,520 - VALO360 - DEBUG - 自動保存已禁用，跳過配置保存
2025-08-01 11:51:45,520 - VALO360 - DEBUG - 自動保存已禁用，跳過配置保存
2025-08-01 11:51:45,520 - VALO360 - DEBUG - 自動保存已禁用，跳過配置保存
2025-08-01 11:51:45,522 - VALO360 - DEBUG - 自動保存已禁用，跳過配置保存
2025-08-01 11:51:45,524 - VALO360 - DEBUG - 自動保存已禁用，跳過配置保存
2025-08-01 11:51:45,524 - VALO360 - DEBUG - 自動保存已禁用，跳過配置保存
2025-08-01 11:51:45,524 - VALO360 - DEBUG - 自動保存已禁用，跳過配置保存
2025-08-01 11:51:45,524 - VALO360 - DEBUG - 自動保存已禁用，跳過配置保存
2025-08-01 11:51:45,526 - VALO360 - DEBUG - 自動保存已禁用，跳過配置保存
2025-08-01 11:51:45,526 - VALO360 - DEBUG - 自動保存已禁用，跳過配置保存
2025-08-01 11:51:45,527 - VALO360 - DEBUG - 自動保存已禁用，跳過配置保存
2025-08-01 11:51:45,527 - VALO360 - DEBUG - 自動保存已禁用，跳過配置保存
2025-08-01 11:51:45,531 - VALO360 - DEBUG - 自動保存已禁用，跳過配置保存
2025-08-01 11:51:45,531 - VALO360 - DEBUG - 自動保存已禁用，跳過配置保存
2025-08-01 11:51:45,531 - VALO360 - DEBUG - 自動保存已禁用，跳過配置保存
2025-08-01 11:51:45,531 - VALO360 - DEBUG - 自動保存已禁用，跳過配置保存
2025-08-01 11:51:45,532 - VALO360 - DEBUG - 自動保存已禁用，跳過配置保存
2025-08-01 11:51:45,533 - VALO360 - DEBUG - 自動保存已禁用，跳過配置保存
2025-08-01 11:51:45,533 - VALO360 - DEBUG - 自動保存已禁用，跳過配置保存
2025-08-01 11:51:45,533 - VALO360 - DEBUG - 自動保存已禁用，跳過配置保存
2025-08-01 11:51:48,700 - VALO360 - DEBUG - 自動保存已禁用，跳過配置保存
2025-08-01 11:51:48,700 - VALO360 - DEBUG - 自動保存已禁用，跳過配置保存
2025-08-01 11:51:48,701 - VALO360 - DEBUG - 自動保存已禁用，跳過配置保存
2025-08-01 11:51:48,701 - VALO360 - DEBUG - 自動保存已禁用，跳過配置保存
2025-08-01 11:51:48,702 - VALO360 - DEBUG - 自動保存已禁用，跳過配置保存
2025-08-01 11:51:48,702 - VALO360 - DEBUG - 自動保存已禁用，跳過配置保存
2025-08-01 11:51:48,702 - VALO360 - DEBUG - 自動保存已禁用，跳過配置保存
2025-08-01 11:51:48,702 - VALO360 - DEBUG - 自動保存已禁用，跳過配置保存
2025-08-01 11:51:48,705 - VALO360 - DEBUG - 自動保存已禁用，跳過配置保存
2025-08-01 11:51:48,705 - VALO360 - DEBUG - 自動保存已禁用，跳過配置保存
2025-08-01 11:51:48,705 - VALO360 - DEBUG - 自動保存已禁用，跳過配置保存
2025-08-01 11:51:48,705 - VALO360 - DEBUG - 自動保存已禁用，跳過配置保存
2025-08-01 11:51:48,707 - VALO360 - DEBUG - 自動保存已禁用，跳過配置保存
2025-08-01 11:51:48,707 - VALO360 - DEBUG - 自動保存已禁用，跳過配置保存
2025-08-01 11:51:48,707 - VALO360 - DEBUG - 自動保存已禁用，跳過配置保存
2025-08-01 11:51:48,707 - VALO360 - DEBUG - 自動保存已禁用，跳過配置保存
2025-08-01 11:51:48,712 - VALO360 - DEBUG - 自動保存已禁用，跳過配置保存
2025-08-01 11:51:48,712 - VALO360 - DEBUG - 自動保存已禁用，跳過配置保存
2025-08-01 11:51:48,712 - VALO360 - DEBUG - 自動保存已禁用，跳過配置保存
2025-08-01 11:51:48,713 - VALO360 - DEBUG - 自動保存已禁用，跳過配置保存
2025-08-01 11:51:48,716 - VALO360 - DEBUG - 自動保存已禁用，跳過配置保存
2025-08-01 11:51:48,716 - VALO360 - DEBUG - 自動保存已禁用，跳過配置保存
2025-08-01 11:51:48,716 - VALO360 - DEBUG - 自動保存已禁用，跳過配置保存
2025-08-01 11:51:48,716 - VALO360 - DEBUG - 自動保存已禁用，跳過配置保存
2025-08-01 11:53:24,166 - VALO360 - DEBUG - 自動保存已禁用，跳過配置保存
2025-08-01 11:53:24,166 - VALO360 - DEBUG - 自動保存已禁用，跳過配置保存
2025-08-01 11:53:24,167 - VALO360 - DEBUG - 自動保存已禁用，跳過配置保存
2025-08-01 11:53:24,167 - VALO360 - DEBUG - 自動保存已禁用，跳過配置保存
2025-08-01 11:53:24,557 - VALO360 - DEBUG - 自動保存已禁用，跳過配置保存
2025-08-01 11:53:24,557 - VALO360 - DEBUG - 自動保存已禁用，跳過配置保存
2025-08-01 11:53:24,557 - VALO360 - DEBUG - 自動保存已禁用，跳過配置保存
2025-08-01 11:53:24,557 - VALO360 - DEBUG - 自動保存已禁用，跳過配置保存
2025-08-01 11:53:25,092 - VALO360 - DEBUG - 自動保存已禁用，跳過配置保存
2025-08-01 11:53:25,093 - VALO360 - DEBUG - 自動保存已禁用，跳過配置保存
2025-08-01 11:53:25,093 - VALO360 - DEBUG - 自動保存已禁用，跳過配置保存
2025-08-01 11:53:25,094 - VALO360 - DEBUG - 自動保存已禁用，跳過配置保存
2025-08-01 11:53:26,259 - VALO360 - DEBUG - 配置已備份至: backup\setup_backup_20250801_115326.json
2025-08-01 11:53:26,262 - VALO360 - DEBUG - 配置保存成功
2025-08-01 11:53:26,262 - VALO360 - DEBUG - 配置已備份至: backup\setup_backup_20250801_115326.json
2025-08-01 11:53:26,264 - VALO360 - DEBUG - 配置保存成功
2025-08-01 11:53:26,264 - VALO360 - DEBUG - 自動保存已禁用，跳過配置保存
2025-08-01 11:53:26,264 - VALO360 - INFO - 程式關閉時已保存所有待保存的設定
2025-08-01 11:53:26,264 - VALO360 - INFO - 程式正常關閉
2025-08-01 11:53:26,356 - VALO360 - INFO - 資源清理完成
2025-08-01 11:53:26,356 - VALO360 - INFO - 應用程式資源清理完成
2025-08-01 11:55:13,027 - VALO360 - DEBUG - 找到指令檔: D:\((Python TOOL\指令工具-20250428T020034Z-001\CODE_HERE2\dist\Command_TABLE\command.txt
2025-08-01 11:55:13,058 - VALO360 - INFO - 成功載入 94 個指令
2025-08-01 11:55:13,064 - VALO360 - INFO - 運行日誌: main.py 啟動
2025-08-01 11:55:13,064 - VALO360 - INFO - 指令通主程式啟動
2025-08-01 11:55:13,064 - VALO360 - INFO - 運行日誌: 成功 import TabManager
2025-08-01 11:55:13,064 - VALO360 - INFO - UI模組導入成功
2025-08-01 11:55:13,064 - VALO360 - INFO - 日誌系統初始化完成
2025-08-01 11:55:13,065 - VALO360 - DEBUG - ConfigManager: 自動保存已禁用
2025-08-01 11:55:13,065 - VALO360 - INFO - ConfigManager自動保存已禁用
2025-08-01 11:55:13,065 - VALO360 - INFO - 未找到關鍵字高亮設定文件，使用空設定
2025-08-01 11:55:13,265 - VALO360 - DEBUG - 配置已備份至: backup\setup_backup_20250801_115513.json
2025-08-01 11:55:13,266 - VALO360 - DEBUG - 配置載入成功
2025-08-01 11:55:13,267 - VALO360 - INFO - 統一設定管理器已初始化
2025-08-01 11:55:13,747 - VALO360 - DEBUG - 找到 2 個COM口: ['COM5', 'COM6']
2025-08-01 11:55:15,353 - VALO360 - INFO - 視窗設置完成: 指令通_1.6.3.3 (1536x793)
2025-08-01 11:55:15,353 - VALO360 - INFO - 程式啟動時更新標籤頁名稱
2025-08-01 11:55:15,354 - VALO360 - INFO - 應用程式啟動完成，進入主循環
2025-08-01 11:55:15,360 - VALO360 - DEBUG - 找到 2 個COM口: ['COM5', 'COM6']
2025-08-01 11:55:15,411 - VALO360 - DEBUG - 自動保存已禁用，跳過配置保存
2025-08-01 11:55:15,411 - VALO360 - DEBUG - 自動保存已禁用，跳過配置保存
2025-08-01 11:55:15,411 - VALO360 - DEBUG - 自動保存已禁用，跳過配置保存
2025-08-01 11:55:15,411 - VALO360 - DEBUG - 自動保存已禁用，跳過配置保存
2025-08-01 11:55:15,411 - VALO360 - DEBUG - 自動保存已禁用，跳過配置保存
2025-08-01 11:55:15,411 - VALO360 - DEBUG - 自動保存已禁用，跳過配置保存
2025-08-01 11:55:15,416 - VALO360 - DEBUG - 自動保存已禁用，跳過配置保存
2025-08-01 11:55:15,416 - VALO360 - DEBUG - 自動保存已禁用，跳過配置保存
2025-08-01 11:55:15,418 - VALO360 - DEBUG - 自動保存已禁用，跳過配置保存
2025-08-01 11:55:15,418 - VALO360 - DEBUG - 自動保存已禁用，跳過配置保存
2025-08-01 11:55:15,419 - VALO360 - DEBUG - 自動保存已禁用，跳過配置保存
2025-08-01 11:55:15,419 - VALO360 - DEBUG - 自動保存已禁用，跳過配置保存
2025-08-01 11:55:15,420 - VALO360 - DEBUG - 自動保存已禁用，跳過配置保存
2025-08-01 11:55:15,421 - VALO360 - DEBUG - 自動保存已禁用，跳過配置保存
2025-08-01 11:55:15,421 - VALO360 - DEBUG - 自動保存已禁用，跳過配置保存
2025-08-01 11:55:15,421 - VALO360 - DEBUG - 自動保存已禁用，跳過配置保存
2025-08-01 11:55:15,422 - VALO360 - DEBUG - 自動保存已禁用，跳過配置保存
2025-08-01 11:55:15,423 - VALO360 - DEBUG - 自動保存已禁用，跳過配置保存
2025-08-01 11:55:15,423 - VALO360 - DEBUG - 自動保存已禁用，跳過配置保存
2025-08-01 11:55:15,424 - VALO360 - DEBUG - 自動保存已禁用，跳過配置保存
2025-08-01 11:55:15,425 - VALO360 - DEBUG - 自動保存已禁用，跳過配置保存
2025-08-01 11:55:15,426 - VALO360 - DEBUG - 自動保存已禁用，跳過配置保存
2025-08-01 11:55:15,426 - VALO360 - DEBUG - 自動保存已禁用，跳過配置保存
2025-08-01 11:55:15,426 - VALO360 - DEBUG - 自動保存已禁用，跳過配置保存
2025-08-01 11:55:15,427 - VALO360 - DEBUG - 自動保存已禁用，跳過配置保存
2025-08-01 11:55:15,427 - VALO360 - DEBUG - 自動保存已禁用，跳過配置保存
2025-08-01 11:55:15,428 - VALO360 - DEBUG - 自動保存已禁用，跳過配置保存
2025-08-01 11:55:15,428 - VALO360 - DEBUG - 自動保存已禁用，跳過配置保存
2025-08-01 11:55:15,429 - VALO360 - DEBUG - 自動保存已禁用，跳過配置保存
2025-08-01 11:55:15,429 - VALO360 - DEBUG - 自動保存已禁用，跳過配置保存
2025-08-01 11:55:15,429 - VALO360 - DEBUG - 自動保存已禁用，跳過配置保存
2025-08-01 11:55:15,430 - VALO360 - DEBUG - 自動保存已禁用，跳過配置保存
2025-08-01 11:55:15,431 - VALO360 - DEBUG - 自動保存已禁用，跳過配置保存
2025-08-01 11:55:15,431 - VALO360 - DEBUG - 自動保存已禁用，跳過配置保存
2025-08-01 11:55:15,431 - VALO360 - DEBUG - 自動保存已禁用，跳過配置保存
2025-08-01 11:55:15,433 - VALO360 - DEBUG - 自動保存已禁用，跳過配置保存
2025-08-01 11:55:15,434 - VALO360 - DEBUG - 自動保存已禁用，跳過配置保存
2025-08-01 11:55:15,434 - VALO360 - DEBUG - 自動保存已禁用，跳過配置保存
2025-08-01 11:55:15,434 - VALO360 - DEBUG - 自動保存已禁用，跳過配置保存
2025-08-01 11:55:15,435 - VALO360 - DEBUG - 自動保存已禁用，跳過配置保存
2025-08-01 11:55:15,435 - VALO360 - DEBUG - 自動保存已禁用，跳過配置保存
2025-08-01 11:55:15,435 - VALO360 - DEBUG - 自動保存已禁用，跳過配置保存
2025-08-01 11:55:15,435 - VALO360 - DEBUG - 自動保存已禁用，跳過配置保存
2025-08-01 11:55:15,435 - VALO360 - DEBUG - 自動保存已禁用，跳過配置保存
2025-08-01 11:55:15,435 - VALO360 - DEBUG - 自動保存已禁用，跳過配置保存
2025-08-01 11:55:15,435 - VALO360 - DEBUG - 自動保存已禁用，跳過配置保存
2025-08-01 11:55:15,435 - VALO360 - DEBUG - 自動保存已禁用，跳過配置保存
2025-08-01 11:55:15,438 - VALO360 - DEBUG - 自動保存已禁用，跳過配置保存
2025-08-01 11:55:15,438 - VALO360 - DEBUG - 自動保存已禁用，跳過配置保存
2025-08-01 11:55:15,438 - VALO360 - DEBUG - 自動保存已禁用，跳過配置保存
2025-08-01 11:55:15,438 - VALO360 - DEBUG - 自動保存已禁用，跳過配置保存
2025-08-01 11:55:15,440 - VALO360 - DEBUG - 自動保存已禁用，跳過配置保存
2025-08-01 11:55:15,440 - VALO360 - DEBUG - 自動保存已禁用，跳過配置保存
2025-08-01 11:55:15,440 - VALO360 - DEBUG - 自動保存已禁用，跳過配置保存
2025-08-01 11:55:15,442 - VALO360 - DEBUG - 自動保存已禁用，跳過配置保存
2025-08-01 11:55:15,442 - VALO360 - DEBUG - 自動保存已禁用，跳過配置保存
2025-08-01 11:55:15,442 - VALO360 - DEBUG - 自動保存已禁用，跳過配置保存
2025-08-01 11:55:15,442 - VALO360 - DEBUG - 自動保存已禁用，跳過配置保存
2025-08-01 11:55:15,442 - VALO360 - DEBUG - 自動保存已禁用，跳過配置保存
2025-08-01 11:55:15,444 - VALO360 - DEBUG - 自動保存已禁用，跳過配置保存
2025-08-01 11:55:15,445 - VALO360 - DEBUG - 自動保存已禁用，跳過配置保存
2025-08-01 11:55:15,445 - VALO360 - DEBUG - 自動保存已禁用，跳過配置保存
2025-08-01 11:55:15,445 - VALO360 - DEBUG - 自動保存已禁用，跳過配置保存
2025-08-01 11:55:15,445 - VALO360 - DEBUG - 自動保存已禁用，跳過配置保存
2025-08-01 11:55:15,445 - VALO360 - DEBUG - 自動保存已禁用，跳過配置保存
2025-08-01 11:55:15,445 - VALO360 - DEBUG - 自動保存已禁用，跳過配置保存
2025-08-01 11:55:15,445 - VALO360 - DEBUG - 自動保存已禁用，跳過配置保存
2025-08-01 11:55:15,448 - VALO360 - DEBUG - 自動保存已禁用，跳過配置保存
2025-08-01 11:55:15,448 - VALO360 - DEBUG - 自動保存已禁用，跳過配置保存
2025-08-01 11:55:15,448 - VALO360 - DEBUG - 自動保存已禁用，跳過配置保存
2025-08-01 11:55:15,448 - VALO360 - DEBUG - 自動保存已禁用，跳過配置保存
2025-08-01 11:55:15,449 - VALO360 - DEBUG - 自動保存已禁用，跳過配置保存
2025-08-01 11:55:15,450 - VALO360 - DEBUG - 自動保存已禁用，跳過配置保存
2025-08-01 11:55:15,450 - VALO360 - DEBUG - 自動保存已禁用，跳過配置保存
2025-08-01 11:55:15,451 - VALO360 - DEBUG - 自動保存已禁用，跳過配置保存
2025-08-01 11:55:15,451 - VALO360 - DEBUG - 自動保存已禁用，跳過配置保存
2025-08-01 11:55:15,453 - VALO360 - DEBUG - 自動保存已禁用，跳過配置保存
2025-08-01 11:55:15,453 - VALO360 - DEBUG - 自動保存已禁用，跳過配置保存
2025-08-01 11:55:15,453 - VALO360 - DEBUG - 自動保存已禁用，跳過配置保存
2025-08-01 11:55:15,454 - VALO360 - DEBUG - 自動保存已禁用，跳過配置保存
2025-08-01 11:55:15,455 - VALO360 - DEBUG - 自動保存已禁用，跳過配置保存
2025-08-01 11:55:15,455 - VALO360 - DEBUG - 自動保存已禁用，跳過配置保存
2025-08-01 11:55:15,456 - VALO360 - DEBUG - 自動保存已禁用，跳過配置保存
2025-08-01 11:55:15,456 - VALO360 - DEBUG - 自動保存已禁用，跳過配置保存
2025-08-01 11:55:15,457 - VALO360 - DEBUG - 自動保存已禁用，跳過配置保存
2025-08-01 11:55:15,457 - VALO360 - DEBUG - 自動保存已禁用，跳過配置保存
2025-08-01 11:55:15,457 - VALO360 - DEBUG - 自動保存已禁用，跳過配置保存
2025-08-01 11:55:15,458 - VALO360 - DEBUG - 自動保存已禁用，跳過配置保存
2025-08-01 11:55:15,460 - VALO360 - DEBUG - 自動保存已禁用，跳過配置保存
2025-08-01 11:55:15,460 - VALO360 - DEBUG - 自動保存已禁用，跳過配置保存
2025-08-01 11:55:15,461 - VALO360 - DEBUG - 自動保存已禁用，跳過配置保存
2025-08-01 11:55:15,461 - VALO360 - DEBUG - 自動保存已禁用，跳過配置保存
2025-08-01 11:55:15,462 - VALO360 - DEBUG - 自動保存已禁用，跳過配置保存
2025-08-01 11:55:15,462 - VALO360 - DEBUG - 自動保存已禁用，跳過配置保存
2025-08-01 11:55:15,463 - VALO360 - DEBUG - 自動保存已禁用，跳過配置保存
2025-08-01 11:55:15,463 - VALO360 - DEBUG - 自動保存已禁用，跳過配置保存
2025-08-01 11:55:15,464 - VALO360 - DEBUG - 自動保存已禁用，跳過配置保存
2025-08-01 11:55:15,465 - VALO360 - DEBUG - 自動保存已禁用，跳過配置保存
2025-08-01 11:55:15,465 - VALO360 - DEBUG - 自動保存已禁用，跳過配置保存
2025-08-01 11:55:15,465 - VALO360 - DEBUG - 自動保存已禁用，跳過配置保存
2025-08-01 11:55:15,466 - VALO360 - DEBUG - 自動保存已禁用，跳過配置保存
2025-08-01 11:55:15,467 - VALO360 - DEBUG - 自動保存已禁用，跳過配置保存
2025-08-01 11:55:15,467 - VALO360 - DEBUG - 自動保存已禁用，跳過配置保存
2025-08-01 11:55:15,467 - VALO360 - DEBUG - 自動保存已禁用，跳過配置保存
2025-08-01 11:55:15,468 - VALO360 - DEBUG - 自動保存已禁用，跳過配置保存
2025-08-01 11:55:15,468 - VALO360 - DEBUG - 自動保存已禁用，跳過配置保存
2025-08-01 11:55:15,468 - VALO360 - DEBUG - 自動保存已禁用，跳過配置保存
2025-08-01 11:55:15,469 - VALO360 - DEBUG - 自動保存已禁用，跳過配置保存
2025-08-01 11:55:15,470 - VALO360 - DEBUG - 自動保存已禁用，跳過配置保存
2025-08-01 11:55:15,470 - VALO360 - DEBUG - 自動保存已禁用，跳過配置保存
2025-08-01 11:55:15,471 - VALO360 - DEBUG - 自動保存已禁用，跳過配置保存
2025-08-01 11:55:15,471 - VALO360 - DEBUG - 自動保存已禁用，跳過配置保存
2025-08-01 11:55:15,471 - VALO360 - DEBUG - 自動保存已禁用，跳過配置保存
2025-08-01 11:55:15,471 - VALO360 - DEBUG - 自動保存已禁用，跳過配置保存
2025-08-01 11:55:15,471 - VALO360 - DEBUG - 自動保存已禁用，跳過配置保存
2025-08-01 11:55:15,471 - VALO360 - DEBUG - 自動保存已禁用，跳過配置保存
2025-08-01 11:55:15,474 - VALO360 - DEBUG - 自動保存已禁用，跳過配置保存
2025-08-01 11:55:15,474 - VALO360 - DEBUG - 自動保存已禁用，跳過配置保存
2025-08-01 11:55:15,474 - VALO360 - DEBUG - 自動保存已禁用，跳過配置保存
2025-08-01 11:55:15,474 - VALO360 - DEBUG - 自動保存已禁用，跳過配置保存
2025-08-01 11:55:15,476 - VALO360 - DEBUG - 自動保存已禁用，跳過配置保存
2025-08-01 11:55:15,476 - VALO360 - DEBUG - 自動保存已禁用，跳過配置保存
2025-08-01 11:55:15,478 - VALO360 - DEBUG - 自動保存已禁用，跳過配置保存
2025-08-01 11:55:15,478 - VALO360 - DEBUG - 自動保存已禁用，跳過配置保存
2025-08-01 11:55:15,478 - VALO360 - DEBUG - 自動保存已禁用，跳過配置保存
2025-08-01 11:55:15,478 - VALO360 - DEBUG - 自動保存已禁用，跳過配置保存
2025-08-01 11:55:15,478 - VALO360 - DEBUG - 自動保存已禁用，跳過配置保存
2025-08-01 11:55:15,480 - VALO360 - DEBUG - 自動保存已禁用，跳過配置保存
2025-08-01 11:55:15,480 - VALO360 - DEBUG - 自動保存已禁用，跳過配置保存
2025-08-01 11:55:15,480 - VALO360 - DEBUG - 自動保存已禁用，跳過配置保存
2025-08-01 11:55:15,480 - VALO360 - DEBUG - 自動保存已禁用，跳過配置保存
2025-08-01 11:55:15,480 - VALO360 - DEBUG - 自動保存已禁用，跳過配置保存
2025-08-01 11:55:15,482 - VALO360 - DEBUG - 自動保存已禁用，跳過配置保存
2025-08-01 11:55:15,482 - VALO360 - DEBUG - 自動保存已禁用，跳過配置保存
2025-08-01 11:55:15,482 - VALO360 - DEBUG - 自動保存已禁用，跳過配置保存
2025-08-01 11:55:15,482 - VALO360 - DEBUG - 自動保存已禁用，跳過配置保存
2025-08-01 11:55:15,482 - VALO360 - DEBUG - 自動保存已禁用，跳過配置保存
2025-08-01 11:55:15,482 - VALO360 - DEBUG - 自動保存已禁用，跳過配置保存
2025-08-01 11:55:15,482 - VALO360 - DEBUG - 自動保存已禁用，跳過配置保存
2025-08-01 11:55:15,485 - VALO360 - DEBUG - 自動保存已禁用，跳過配置保存
2025-08-01 11:55:15,485 - VALO360 - DEBUG - 自動保存已禁用，跳過配置保存
2025-08-01 11:55:15,485 - VALO360 - DEBUG - 自動保存已禁用，跳過配置保存
2025-08-01 11:55:15,485 - VALO360 - DEBUG - 自動保存已禁用，跳過配置保存
2025-08-01 11:55:15,487 - VALO360 - DEBUG - 自動保存已禁用，跳過配置保存
2025-08-01 11:55:15,487 - VALO360 - DEBUG - 自動保存已禁用，跳過配置保存
2025-08-01 11:55:15,487 - VALO360 - DEBUG - 自動保存已禁用，跳過配置保存
2025-08-01 11:55:15,487 - VALO360 - DEBUG - 自動保存已禁用，跳過配置保存
2025-08-01 11:55:15,488 - VALO360 - DEBUG - 自動保存已禁用，跳過配置保存
2025-08-01 11:55:15,488 - VALO360 - DEBUG - 自動保存已禁用，跳過配置保存
2025-08-01 11:55:15,488 - VALO360 - DEBUG - 自動保存已禁用，跳過配置保存
2025-08-01 11:55:15,488 - VALO360 - DEBUG - 自動保存已禁用，跳過配置保存
2025-08-01 11:55:15,490 - VALO360 - DEBUG - 自動保存已禁用，跳過配置保存
2025-08-01 11:55:15,491 - VALO360 - DEBUG - 自動保存已禁用，跳過配置保存
2025-08-01 11:55:15,491 - VALO360 - DEBUG - 自動保存已禁用，跳過配置保存
2025-08-01 11:55:15,491 - VALO360 - DEBUG - 自動保存已禁用，跳過配置保存
2025-08-01 11:55:15,491 - VALO360 - DEBUG - 自動保存已禁用，跳過配置保存
2025-08-01 11:55:15,491 - VALO360 - DEBUG - 自動保存已禁用，跳過配置保存
2025-08-01 11:55:15,491 - VALO360 - DEBUG - 自動保存已禁用，跳過配置保存
2025-08-01 11:55:15,491 - VALO360 - DEBUG - 自動保存已禁用，跳過配置保存
2025-08-01 11:55:15,494 - VALO360 - DEBUG - 自動保存已禁用，跳過配置保存
2025-08-01 11:55:15,494 - VALO360 - DEBUG - 自動保存已禁用，跳過配置保存
2025-08-01 11:55:15,494 - VALO360 - DEBUG - 自動保存已禁用，跳過配置保存
2025-08-01 11:55:15,494 - VALO360 - DEBUG - 自動保存已禁用，跳過配置保存
2025-08-01 11:55:15,496 - VALO360 - DEBUG - 自動保存已禁用，跳過配置保存
2025-08-01 11:55:15,496 - VALO360 - DEBUG - 自動保存已禁用，跳過配置保存
2025-08-01 11:55:15,496 - VALO360 - DEBUG - 自動保存已禁用，跳過配置保存
2025-08-01 11:55:15,496 - VALO360 - DEBUG - 自動保存已禁用，跳過配置保存
2025-08-01 11:55:15,498 - VALO360 - DEBUG - 自動保存已禁用，跳過配置保存
2025-08-01 11:55:15,500 - VALO360 - DEBUG - 自動保存已禁用，跳過配置保存
2025-08-01 11:55:15,500 - VALO360 - DEBUG - 自動保存已禁用，跳過配置保存
2025-08-01 11:55:15,500 - VALO360 - DEBUG - 自動保存已禁用，跳過配置保存
2025-08-01 11:55:15,500 - VALO360 - DEBUG - 自動保存已禁用，跳過配置保存
2025-08-01 11:55:15,500 - VALO360 - DEBUG - 自動保存已禁用，跳過配置保存
2025-08-01 11:55:15,504 - VALO360 - DEBUG - 自動保存已禁用，跳過配置保存
2025-08-01 11:55:15,504 - VALO360 - DEBUG - 自動保存已禁用，跳過配置保存
2025-08-01 11:55:15,504 - VALO360 - DEBUG - 自動保存已禁用，跳過配置保存
2025-08-01 11:55:15,504 - VALO360 - DEBUG - 自動保存已禁用，跳過配置保存
2025-08-01 11:55:15,504 - VALO360 - DEBUG - 自動保存已禁用，跳過配置保存
2025-08-01 11:55:15,506 - VALO360 - DEBUG - 自動保存已禁用，跳過配置保存
2025-08-01 11:55:15,506 - VALO360 - DEBUG - 自動保存已禁用，跳過配置保存
2025-08-01 11:55:15,506 - VALO360 - DEBUG - 自動保存已禁用，跳過配置保存
2025-08-01 11:55:15,506 - VALO360 - DEBUG - 自動保存已禁用，跳過配置保存
2025-08-01 11:55:15,506 - VALO360 - DEBUG - 自動保存已禁用，跳過配置保存
2025-08-01 11:55:15,506 - VALO360 - DEBUG - 自動保存已禁用，跳過配置保存
2025-08-01 11:55:15,510 - VALO360 - DEBUG - 自動保存已禁用，跳過配置保存
2025-08-01 11:55:15,511 - VALO360 - DEBUG - 自動保存已禁用，跳過配置保存
2025-08-01 11:55:15,511 - VALO360 - DEBUG - 自動保存已禁用，跳過配置保存
2025-08-01 11:55:15,511 - VALO360 - DEBUG - 自動保存已禁用，跳過配置保存
2025-08-01 11:55:15,513 - VALO360 - DEBUG - 自動保存已禁用，跳過配置保存
2025-08-01 11:55:15,513 - VALO360 - DEBUG - 自動保存已禁用，跳過配置保存
2025-08-01 11:55:15,513 - VALO360 - DEBUG - 自動保存已禁用，跳過配置保存
2025-08-01 11:55:15,513 - VALO360 - DEBUG - 自動保存已禁用，跳過配置保存
2025-08-01 11:55:15,515 - VALO360 - DEBUG - 自動保存已禁用，跳過配置保存
2025-08-01 11:55:15,515 - VALO360 - DEBUG - 自動保存已禁用，跳過配置保存
2025-08-01 11:55:15,515 - VALO360 - DEBUG - 自動保存已禁用，跳過配置保存
2025-08-01 11:55:15,517 - VALO360 - DEBUG - 自動保存已禁用，跳過配置保存
2025-08-01 11:55:15,517 - VALO360 - DEBUG - 自動保存已禁用，跳過配置保存
2025-08-01 11:55:15,517 - VALO360 - DEBUG - 自動保存已禁用，跳過配置保存
2025-08-01 11:55:15,519 - VALO360 - DEBUG - 自動保存已禁用，跳過配置保存
2025-08-01 11:55:15,519 - VALO360 - DEBUG - 自動保存已禁用，跳過配置保存
2025-08-01 11:55:15,520 - VALO360 - DEBUG - 自動保存已禁用，跳過配置保存
2025-08-01 11:55:15,520 - VALO360 - DEBUG - 自動保存已禁用，跳過配置保存
2025-08-01 11:55:15,522 - VALO360 - DEBUG - 自動保存已禁用，跳過配置保存
2025-08-01 11:55:15,522 - VALO360 - DEBUG - 自動保存已禁用，跳過配置保存
2025-08-01 11:55:15,522 - VALO360 - DEBUG - 自動保存已禁用，跳過配置保存
2025-08-01 11:55:15,522 - VALO360 - DEBUG - 自動保存已禁用，跳過配置保存
2025-08-01 11:55:15,522 - VALO360 - DEBUG - 自動保存已禁用，跳過配置保存
2025-08-01 11:55:15,524 - VALO360 - DEBUG - 自動保存已禁用，跳過配置保存
2025-08-01 11:55:15,524 - VALO360 - DEBUG - 自動保存已禁用，跳過配置保存
2025-08-01 11:55:15,524 - VALO360 - DEBUG - 自動保存已禁用，跳過配置保存
2025-08-01 11:55:15,524 - VALO360 - DEBUG - 自動保存已禁用，跳過配置保存
2025-08-01 11:55:15,526 - VALO360 - DEBUG - 自動保存已禁用，跳過配置保存
2025-08-01 11:55:15,526 - VALO360 - DEBUG - 自動保存已禁用，跳過配置保存
2025-08-01 11:55:15,526 - VALO360 - DEBUG - 自動保存已禁用，跳過配置保存
2025-08-01 11:55:15,526 - VALO360 - DEBUG - 自動保存已禁用，跳過配置保存
2025-08-01 11:55:15,528 - VALO360 - DEBUG - 自動保存已禁用，跳過配置保存
2025-08-01 11:55:15,528 - VALO360 - DEBUG - 自動保存已禁用，跳過配置保存
2025-08-01 11:55:15,528 - VALO360 - DEBUG - 自動保存已禁用，跳過配置保存
2025-08-01 11:55:15,528 - VALO360 - DEBUG - 自動保存已禁用，跳過配置保存
2025-08-01 11:55:15,528 - VALO360 - DEBUG - 自動保存已禁用，跳過配置保存
2025-08-01 11:55:15,530 - VALO360 - DEBUG - 自動保存已禁用，跳過配置保存
2025-08-01 11:55:15,531 - VALO360 - DEBUG - 自動保存已禁用，跳過配置保存
2025-08-01 11:55:15,531 - VALO360 - DEBUG - 自動保存已禁用，跳過配置保存
2025-08-01 11:55:15,531 - VALO360 - DEBUG - 自動保存已禁用，跳過配置保存
2025-08-01 11:55:15,533 - VALO360 - DEBUG - 自動保存已禁用，跳過配置保存
2025-08-01 11:55:15,533 - VALO360 - DEBUG - 自動保存已禁用，跳過配置保存
2025-08-01 11:55:15,533 - VALO360 - DEBUG - 自動保存已禁用，跳過配置保存
2025-08-01 11:55:15,533 - VALO360 - DEBUG - 自動保存已禁用，跳過配置保存
2025-08-01 11:55:15,535 - VALO360 - DEBUG - 自動保存已禁用，跳過配置保存
2025-08-01 11:55:15,535 - VALO360 - DEBUG - 自動保存已禁用，跳過配置保存
2025-08-01 11:55:15,535 - VALO360 - DEBUG - 自動保存已禁用，跳過配置保存
2025-08-01 11:55:15,535 - VALO360 - DEBUG - 自動保存已禁用，跳過配置保存
2025-08-01 11:55:15,537 - VALO360 - DEBUG - 自動保存已禁用，跳過配置保存
2025-08-01 11:55:15,537 - VALO360 - DEBUG - 自動保存已禁用，跳過配置保存
2025-08-01 11:55:15,537 - VALO360 - DEBUG - 自動保存已禁用，跳過配置保存
2025-08-01 11:55:15,537 - VALO360 - DEBUG - 自動保存已禁用，跳過配置保存
2025-08-01 11:55:15,539 - VALO360 - DEBUG - 自動保存已禁用，跳過配置保存
2025-08-01 11:55:15,539 - VALO360 - DEBUG - 自動保存已禁用，跳過配置保存
2025-08-01 11:55:15,539 - VALO360 - DEBUG - 自動保存已禁用，跳過配置保存
2025-08-01 11:55:15,539 - VALO360 - DEBUG - 自動保存已禁用，跳過配置保存
2025-08-01 11:55:15,541 - VALO360 - DEBUG - 自動保存已禁用，跳過配置保存
2025-08-01 11:55:15,541 - VALO360 - DEBUG - 自動保存已禁用，跳過配置保存
2025-08-01 11:55:15,543 - VALO360 - DEBUG - 自動保存已禁用，跳過配置保存
2025-08-01 11:55:15,543 - VALO360 - DEBUG - 自動保存已禁用，跳過配置保存
2025-08-01 11:55:15,543 - VALO360 - DEBUG - 自動保存已禁用，跳過配置保存
2025-08-01 11:55:15,543 - VALO360 - DEBUG - 自動保存已禁用，跳過配置保存
2025-08-01 11:55:15,545 - VALO360 - DEBUG - 自動保存已禁用，跳過配置保存
2025-08-01 11:55:15,545 - VALO360 - DEBUG - 自動保存已禁用，跳過配置保存
2025-08-01 11:55:15,547 - VALO360 - DEBUG - 自動保存已禁用，跳過配置保存
2025-08-01 11:55:15,547 - VALO360 - DEBUG - 自動保存已禁用，跳過配置保存
2025-08-01 11:55:15,547 - VALO360 - DEBUG - 自動保存已禁用，跳過配置保存
2025-08-01 11:55:15,547 - VALO360 - DEBUG - 自動保存已禁用，跳過配置保存
2025-08-01 11:55:15,549 - VALO360 - DEBUG - 自動保存已禁用，跳過配置保存
2025-08-01 11:55:15,551 - VALO360 - DEBUG - 自動保存已禁用，跳過配置保存
2025-08-01 11:55:15,551 - VALO360 - DEBUG - 自動保存已禁用，跳過配置保存
2025-08-01 11:55:15,551 - VALO360 - DEBUG - 自動保存已禁用，跳過配置保存
2025-08-01 11:55:15,552 - VALO360 - DEBUG - 自動保存已禁用，跳過配置保存
2025-08-01 11:55:15,552 - VALO360 - DEBUG - 自動保存已禁用，跳過配置保存
2025-08-01 11:55:15,554 - VALO360 - DEBUG - 自動保存已禁用，跳過配置保存
2025-08-01 11:55:15,554 - VALO360 - DEBUG - 自動保存已禁用，跳過配置保存
2025-08-01 11:55:15,554 - VALO360 - DEBUG - 自動保存已禁用，跳過配置保存
2025-08-01 11:55:15,554 - VALO360 - DEBUG - 自動保存已禁用，跳過配置保存
2025-08-01 11:55:15,554 - VALO360 - DEBUG - 自動保存已禁用，跳過配置保存
2025-08-01 11:55:15,554 - VALO360 - DEBUG - 自動保存已禁用，跳過配置保存
2025-08-01 11:55:15,554 - VALO360 - DEBUG - 自動保存已禁用，跳過配置保存
2025-08-01 11:55:15,554 - VALO360 - DEBUG - 自動保存已禁用，跳過配置保存
2025-08-01 11:55:15,554 - VALO360 - DEBUG - 自動保存已禁用，跳過配置保存
2025-08-01 11:55:15,554 - VALO360 - DEBUG - 自動保存已禁用，跳過配置保存
2025-08-01 11:55:15,554 - VALO360 - DEBUG - 自動保存已禁用，跳過配置保存
2025-08-01 11:55:15,554 - VALO360 - DEBUG - 自動保存已禁用，跳過配置保存
2025-08-01 11:55:15,554 - VALO360 - DEBUG - 自動保存已禁用，跳過配置保存
2025-08-01 11:55:15,554 - VALO360 - DEBUG - 自動保存已禁用，跳過配置保存
2025-08-01 11:55:15,562 - VALO360 - DEBUG - 自動保存已禁用，跳過配置保存
2025-08-01 11:55:15,563 - VALO360 - DEBUG - 自動保存已禁用，跳過配置保存
2025-08-01 11:55:15,563 - VALO360 - DEBUG - 自動保存已禁用，跳過配置保存
2025-08-01 11:55:15,563 - VALO360 - DEBUG - 自動保存已禁用，跳過配置保存
2025-08-01 11:55:15,565 - VALO360 - DEBUG - 自動保存已禁用，跳過配置保存
2025-08-01 11:55:15,565 - VALO360 - DEBUG - 自動保存已禁用，跳過配置保存
2025-08-01 11:55:15,567 - VALO360 - DEBUG - 自動保存已禁用，跳過配置保存
2025-08-01 11:55:15,567 - VALO360 - DEBUG - 自動保存已禁用，跳過配置保存
2025-08-01 11:55:15,567 - VALO360 - DEBUG - 自動保存已禁用，跳過配置保存
2025-08-01 11:55:15,569 - VALO360 - DEBUG - 自動保存已禁用，跳過配置保存
2025-08-01 11:55:15,569 - VALO360 - DEBUG - 自動保存已禁用，跳過配置保存
2025-08-01 11:55:15,569 - VALO360 - DEBUG - 自動保存已禁用，跳過配置保存
2025-08-01 11:55:15,571 - VALO360 - DEBUG - 自動保存已禁用，跳過配置保存
2025-08-01 11:55:15,571 - VALO360 - DEBUG - 自動保存已禁用，跳過配置保存
2025-08-01 11:55:15,571 - VALO360 - DEBUG - 自動保存已禁用，跳過配置保存
2025-08-01 11:55:15,571 - VALO360 - DEBUG - 自動保存已禁用，跳過配置保存
2025-08-01 11:55:15,573 - VALO360 - DEBUG - 自動保存已禁用，跳過配置保存
2025-08-01 11:55:15,573 - VALO360 - DEBUG - 自動保存已禁用，跳過配置保存
2025-08-01 11:55:15,573 - VALO360 - DEBUG - 自動保存已禁用，跳過配置保存
2025-08-01 11:55:15,575 - VALO360 - DEBUG - 自動保存已禁用，跳過配置保存
2025-08-01 11:55:15,575 - VALO360 - DEBUG - 自動保存已禁用，跳過配置保存
2025-08-01 11:55:15,575 - VALO360 - DEBUG - 自動保存已禁用，跳過配置保存
2025-08-01 11:55:15,575 - VALO360 - DEBUG - 自動保存已禁用，跳過配置保存
2025-08-01 11:55:15,575 - VALO360 - DEBUG - 自動保存已禁用，跳過配置保存
2025-08-01 11:55:15,575 - VALO360 - DEBUG - 自動保存已禁用，跳過配置保存
2025-08-01 11:55:15,579 - VALO360 - DEBUG - 自動保存已禁用，跳過配置保存
2025-08-01 11:55:15,579 - VALO360 - DEBUG - 自動保存已禁用，跳過配置保存
2025-08-01 11:55:15,579 - VALO360 - DEBUG - 自動保存已禁用，跳過配置保存
2025-08-01 11:55:15,581 - VALO360 - DEBUG - 自動保存已禁用，跳過配置保存
2025-08-01 11:55:15,581 - VALO360 - DEBUG - 自動保存已禁用，跳過配置保存
2025-08-01 11:55:15,583 - VALO360 - DEBUG - 自動保存已禁用，跳過配置保存
2025-08-01 11:55:15,583 - VALO360 - DEBUG - 自動保存已禁用，跳過配置保存
2025-08-01 11:55:15,645 - VALO360 - DEBUG - 自動保存已禁用，跳過配置保存
2025-08-01 11:55:15,645 - VALO360 - DEBUG - 自動保存已禁用，跳過配置保存
2025-08-01 11:55:15,647 - VALO360 - DEBUG - 自動保存已禁用，跳過配置保存
2025-08-01 11:55:15,647 - VALO360 - DEBUG - 自動保存已禁用，跳過配置保存
2025-08-01 11:55:15,651 - VALO360 - DEBUG - 自動保存已禁用，跳過配置保存
2025-08-01 11:55:15,652 - VALO360 - DEBUG - 自動保存已禁用，跳過配置保存
2025-08-01 11:55:15,652 - VALO360 - DEBUG - 自動保存已禁用，跳過配置保存
2025-08-01 11:55:15,654 - VALO360 - DEBUG - 自動保存已禁用，跳過配置保存
2025-08-01 11:55:15,656 - VALO360 - DEBUG - 自動保存已禁用，跳過配置保存
2025-08-01 11:55:15,656 - VALO360 - DEBUG - 自動保存已禁用，跳過配置保存
2025-08-01 11:55:15,657 - VALO360 - DEBUG - 自動保存已禁用，跳過配置保存
2025-08-01 11:55:15,657 - VALO360 - DEBUG - 自動保存已禁用，跳過配置保存
2025-08-01 11:55:15,667 - VALO360 - DEBUG - 自動保存已禁用，跳過配置保存
2025-08-01 11:55:15,668 - VALO360 - DEBUG - 自動保存已禁用，跳過配置保存
2025-08-01 11:55:15,668 - VALO360 - DEBUG - 自動保存已禁用，跳過配置保存
2025-08-01 11:55:15,669 - VALO360 - DEBUG - 自動保存已禁用，跳過配置保存
2025-08-01 11:55:15,669 - VALO360 - DEBUG - 自動保存已禁用，跳過配置保存
2025-08-01 11:55:15,669 - VALO360 - DEBUG - 自動保存已禁用，跳過配置保存
2025-08-01 11:55:15,670 - VALO360 - DEBUG - 自動保存已禁用，跳過配置保存
2025-08-01 11:55:15,670 - VALO360 - DEBUG - 自動保存已禁用，跳過配置保存
2025-08-01 11:55:15,674 - VALO360 - DEBUG - 自動保存已禁用，跳過配置保存
2025-08-01 11:55:15,674 - VALO360 - DEBUG - 自動保存已禁用，跳過配置保存
2025-08-01 11:55:15,675 - VALO360 - DEBUG - 自動保存已禁用，跳過配置保存
2025-08-01 11:55:15,675 - VALO360 - DEBUG - 自動保存已禁用，跳過配置保存
2025-08-01 11:55:15,686 - VALO360 - DEBUG - 自動保存已禁用，跳過配置保存
2025-08-01 11:55:15,686 - VALO360 - DEBUG - 自動保存已禁用，跳過配置保存
2025-08-01 11:55:15,686 - VALO360 - DEBUG - 自動保存已禁用，跳過配置保存
2025-08-01 11:55:15,687 - VALO360 - DEBUG - 自動保存已禁用，跳過配置保存
2025-08-01 11:55:15,687 - VALO360 - DEBUG - 自動保存已禁用，跳過配置保存
2025-08-01 11:55:15,687 - VALO360 - DEBUG - 自動保存已禁用，跳過配置保存
2025-08-01 11:55:15,688 - VALO360 - DEBUG - 自動保存已禁用，跳過配置保存
2025-08-01 11:55:15,688 - VALO360 - DEBUG - 自動保存已禁用，跳過配置保存
2025-08-01 11:55:15,708 - VALO360 - DEBUG - 自動保存已禁用，跳過配置保存
2025-08-01 11:55:15,708 - VALO360 - DEBUG - 自動保存已禁用，跳過配置保存
2025-08-01 11:55:15,709 - VALO360 - DEBUG - 自動保存已禁用，跳過配置保存
2025-08-01 11:55:15,710 - VALO360 - DEBUG - 自動保存已禁用，跳過配置保存
2025-08-01 11:55:15,720 - VALO360 - DEBUG - 自動保存已禁用，跳過配置保存
2025-08-01 11:55:15,720 - VALO360 - DEBUG - 自動保存已禁用，跳過配置保存
2025-08-01 11:55:15,720 - VALO360 - DEBUG - 自動保存已禁用，跳過配置保存
2025-08-01 11:55:15,720 - VALO360 - DEBUG - 自動保存已禁用，跳過配置保存
2025-08-01 11:55:15,723 - VALO360 - DEBUG - 自動保存已禁用，跳過配置保存
2025-08-01 11:55:15,723 - VALO360 - DEBUG - 自動保存已禁用，跳過配置保存
2025-08-01 11:55:15,724 - VALO360 - DEBUG - 自動保存已禁用，跳過配置保存
2025-08-01 11:55:15,724 - VALO360 - DEBUG - 自動保存已禁用，跳過配置保存
2025-08-01 11:55:15,730 - VALO360 - DEBUG - 自動保存已禁用，跳過配置保存
2025-08-01 11:55:15,730 - VALO360 - DEBUG - 自動保存已禁用，跳過配置保存
2025-08-01 11:55:15,731 - VALO360 - DEBUG - 自動保存已禁用，跳過配置保存
2025-08-01 11:55:15,731 - VALO360 - DEBUG - 自動保存已禁用，跳過配置保存
2025-08-01 11:55:15,732 - VALO360 - DEBUG - 自動保存已禁用，跳過配置保存
2025-08-01 11:55:15,733 - VALO360 - DEBUG - 自動保存已禁用，跳過配置保存
2025-08-01 11:55:15,733 - VALO360 - DEBUG - 自動保存已禁用，跳過配置保存
2025-08-01 11:55:15,734 - VALO360 - DEBUG - 自動保存已禁用，跳過配置保存
2025-08-01 11:55:15,737 - VALO360 - DEBUG - 自動保存已禁用，跳過配置保存
2025-08-01 11:55:15,737 - VALO360 - DEBUG - 自動保存已禁用，跳過配置保存
2025-08-01 11:55:15,738 - VALO360 - DEBUG - 自動保存已禁用，跳過配置保存
2025-08-01 11:55:15,738 - VALO360 - DEBUG - 自動保存已禁用，跳過配置保存
2025-08-01 11:55:15,757 - VALO360 - DEBUG - 自動保存已禁用，跳過配置保存
2025-08-01 11:55:15,757 - VALO360 - DEBUG - 自動保存已禁用，跳過配置保存
2025-08-01 11:55:15,758 - VALO360 - DEBUG - 自動保存已禁用，跳過配置保存
2025-08-01 11:55:15,758 - VALO360 - DEBUG - 自動保存已禁用，跳過配置保存
2025-08-01 11:55:15,786 - VALO360 - DEBUG - 自動保存已禁用，跳過配置保存
2025-08-01 11:55:15,786 - VALO360 - DEBUG - 自動保存已禁用，跳過配置保存
2025-08-01 11:55:15,788 - VALO360 - DEBUG - 自動保存已禁用，跳過配置保存
2025-08-01 11:55:15,788 - VALO360 - DEBUG - 自動保存已禁用，跳過配置保存
2025-08-01 11:55:15,798 - VALO360 - DEBUG - 自動保存已禁用，跳過配置保存
2025-08-01 11:55:15,798 - VALO360 - DEBUG - 自動保存已禁用，跳過配置保存
2025-08-01 11:55:15,800 - VALO360 - DEBUG - 自動保存已禁用，跳過配置保存
2025-08-01 11:55:15,800 - VALO360 - DEBUG - 自動保存已禁用，跳過配置保存
2025-08-01 11:55:15,804 - VALO360 - DEBUG - 自動保存已禁用，跳過配置保存
2025-08-01 11:55:15,804 - VALO360 - DEBUG - 自動保存已禁用，跳過配置保存
2025-08-01 11:55:15,805 - VALO360 - DEBUG - 自動保存已禁用，跳過配置保存
2025-08-01 11:55:15,805 - VALO360 - DEBUG - 自動保存已禁用，跳過配置保存
2025-08-01 11:55:15,809 - VALO360 - DEBUG - 自動保存已禁用，跳過配置保存
2025-08-01 11:55:15,809 - VALO360 - DEBUG - 自動保存已禁用，跳過配置保存
2025-08-01 11:55:15,810 - VALO360 - DEBUG - 自動保存已禁用，跳過配置保存
2025-08-01 11:55:15,811 - VALO360 - DEBUG - 自動保存已禁用，跳過配置保存
2025-08-01 11:55:15,818 - VALO360 - DEBUG - 自動保存已禁用，跳過配置保存
2025-08-01 11:55:15,818 - VALO360 - DEBUG - 自動保存已禁用，跳過配置保存
2025-08-01 11:55:15,818 - VALO360 - DEBUG - 自動保存已禁用，跳過配置保存
2025-08-01 11:55:15,818 - VALO360 - DEBUG - 自動保存已禁用，跳過配置保存
2025-08-01 11:55:15,821 - VALO360 - DEBUG - 自動保存已禁用，跳過配置保存
2025-08-01 11:55:15,821 - VALO360 - DEBUG - 自動保存已禁用，跳過配置保存
2025-08-01 11:55:15,822 - VALO360 - DEBUG - 自動保存已禁用，跳過配置保存
2025-08-01 11:55:15,822 - VALO360 - DEBUG - 自動保存已禁用，跳過配置保存
2025-08-01 11:55:15,825 - VALO360 - DEBUG - 自動保存已禁用，跳過配置保存
2025-08-01 11:55:15,825 - VALO360 - DEBUG - 自動保存已禁用，跳過配置保存
2025-08-01 11:55:15,825 - VALO360 - DEBUG - 自動保存已禁用，跳過配置保存
2025-08-01 11:55:15,825 - VALO360 - DEBUG - 自動保存已禁用，跳過配置保存
2025-08-01 11:55:15,825 - VALO360 - DEBUG - 自動保存已禁用，跳過配置保存
2025-08-01 11:55:15,825 - VALO360 - DEBUG - 自動保存已禁用，跳過配置保存
2025-08-01 11:55:15,825 - VALO360 - DEBUG - 自動保存已禁用，跳過配置保存
2025-08-01 11:55:15,825 - VALO360 - DEBUG - 自動保存已禁用，跳過配置保存
2025-08-01 11:55:15,833 - VALO360 - DEBUG - 自動保存已禁用，跳過配置保存
2025-08-01 11:55:15,833 - VALO360 - DEBUG - 自動保存已禁用，跳過配置保存
2025-08-01 11:55:15,833 - VALO360 - DEBUG - 自動保存已禁用，跳過配置保存
2025-08-01 11:55:15,833 - VALO360 - DEBUG - 自動保存已禁用，跳過配置保存
2025-08-01 11:55:15,841 - VALO360 - DEBUG - 自動保存已禁用，跳過配置保存
2025-08-01 11:55:15,841 - VALO360 - DEBUG - 自動保存已禁用，跳過配置保存
2025-08-01 11:55:15,841 - VALO360 - DEBUG - 自動保存已禁用，跳過配置保存
2025-08-01 11:55:15,841 - VALO360 - DEBUG - 自動保存已禁用，跳過配置保存
2025-08-01 11:55:15,848 - VALO360 - DEBUG - 自動保存已禁用，跳過配置保存
2025-08-01 11:55:15,848 - VALO360 - DEBUG - 自動保存已禁用，跳過配置保存
2025-08-01 11:55:15,848 - VALO360 - DEBUG - 自動保存已禁用，跳過配置保存
2025-08-01 11:55:15,848 - VALO360 - DEBUG - 自動保存已禁用，跳過配置保存
2025-08-01 11:55:15,853 - VALO360 - DEBUG - 自動保存已禁用，跳過配置保存
2025-08-01 11:55:15,853 - VALO360 - DEBUG - 自動保存已禁用，跳過配置保存
2025-08-01 11:55:15,853 - VALO360 - DEBUG - 自動保存已禁用，跳過配置保存
2025-08-01 11:55:15,854 - VALO360 - DEBUG - 自動保存已禁用，跳過配置保存
2025-08-01 11:55:15,857 - VALO360 - DEBUG - 自動保存已禁用，跳過配置保存
2025-08-01 11:55:15,857 - VALO360 - DEBUG - 自動保存已禁用，跳過配置保存
2025-08-01 11:55:15,857 - VALO360 - DEBUG - 自動保存已禁用，跳過配置保存
2025-08-01 11:55:15,857 - VALO360 - DEBUG - 自動保存已禁用，跳過配置保存
2025-08-01 11:55:15,863 - VALO360 - DEBUG - 自動保存已禁用，跳過配置保存
2025-08-01 11:55:15,863 - VALO360 - DEBUG - 自動保存已禁用，跳過配置保存
2025-08-01 11:55:15,865 - VALO360 - DEBUG - 自動保存已禁用，跳過配置保存
2025-08-01 11:55:15,865 - VALO360 - DEBUG - 自動保存已禁用，跳過配置保存
2025-08-01 11:55:15,869 - VALO360 - DEBUG - 自動保存已禁用，跳過配置保存
2025-08-01 11:55:15,869 - VALO360 - DEBUG - 自動保存已禁用，跳過配置保存
2025-08-01 11:55:15,869 - VALO360 - DEBUG - 自動保存已禁用，跳過配置保存
2025-08-01 11:55:15,869 - VALO360 - DEBUG - 自動保存已禁用，跳過配置保存
2025-08-01 11:55:15,881 - VALO360 - DEBUG - 自動保存已禁用，跳過配置保存
2025-08-01 11:55:15,882 - VALO360 - DEBUG - 自動保存已禁用，跳過配置保存
2025-08-01 11:55:15,882 - VALO360 - DEBUG - 自動保存已禁用，跳過配置保存
2025-08-01 11:55:15,882 - VALO360 - DEBUG - 自動保存已禁用，跳過配置保存
2025-08-01 11:55:15,885 - VALO360 - DEBUG - 自動保存已禁用，跳過配置保存
2025-08-01 11:55:15,885 - VALO360 - DEBUG - 自動保存已禁用，跳過配置保存
2025-08-01 11:55:15,886 - VALO360 - DEBUG - 自動保存已禁用，跳過配置保存
2025-08-01 11:55:15,886 - VALO360 - DEBUG - 自動保存已禁用，跳過配置保存
2025-08-01 11:55:15,890 - VALO360 - DEBUG - 自動保存已禁用，跳過配置保存
2025-08-01 11:55:15,891 - VALO360 - DEBUG - 自動保存已禁用，跳過配置保存
2025-08-01 11:55:15,891 - VALO360 - DEBUG - 自動保存已禁用，跳過配置保存
2025-08-01 11:55:15,891 - VALO360 - DEBUG - 自動保存已禁用，跳過配置保存
2025-08-01 11:55:15,895 - VALO360 - DEBUG - 自動保存已禁用，跳過配置保存
2025-08-01 11:55:15,895 - VALO360 - DEBUG - 自動保存已禁用，跳過配置保存
2025-08-01 11:55:15,895 - VALO360 - DEBUG - 自動保存已禁用，跳過配置保存
2025-08-01 11:55:15,896 - VALO360 - DEBUG - 自動保存已禁用，跳過配置保存
2025-08-01 11:55:15,898 - VALO360 - DEBUG - 自動保存已禁用，跳過配置保存
2025-08-01 11:55:15,898 - VALO360 - DEBUG - 自動保存已禁用，跳過配置保存
2025-08-01 11:55:15,898 - VALO360 - DEBUG - 自動保存已禁用，跳過配置保存
2025-08-01 11:55:15,899 - VALO360 - DEBUG - 自動保存已禁用，跳過配置保存
2025-08-01 11:55:15,904 - VALO360 - DEBUG - 自動保存已禁用，跳過配置保存
2025-08-01 11:55:15,904 - VALO360 - DEBUG - 自動保存已禁用，跳過配置保存
2025-08-01 11:55:15,904 - VALO360 - DEBUG - 自動保存已禁用，跳過配置保存
2025-08-01 11:55:15,904 - VALO360 - DEBUG - 自動保存已禁用，跳過配置保存
2025-08-01 11:55:15,945 - VALO360 - DEBUG - 自動保存已禁用，跳過配置保存
2025-08-01 11:55:15,945 - VALO360 - DEBUG - 自動保存已禁用，跳過配置保存
2025-08-01 11:55:15,945 - VALO360 - DEBUG - 自動保存已禁用，跳過配置保存
2025-08-01 11:55:15,945 - VALO360 - DEBUG - 自動保存已禁用，跳過配置保存
2025-08-01 11:55:15,945 - VALO360 - DEBUG - 自動保存已禁用，跳過配置保存
2025-08-01 11:55:15,945 - VALO360 - DEBUG - 自動保存已禁用，跳過配置保存
2025-08-01 11:55:15,945 - VALO360 - DEBUG - 自動保存已禁用，跳過配置保存
2025-08-01 11:55:15,945 - VALO360 - DEBUG - 自動保存已禁用，跳過配置保存
2025-08-01 11:55:15,945 - VALO360 - DEBUG - 自動保存已禁用，跳過配置保存
2025-08-01 11:55:15,945 - VALO360 - DEBUG - 自動保存已禁用，跳過配置保存
2025-08-01 11:55:15,954 - VALO360 - DEBUG - 自動保存已禁用，跳過配置保存
2025-08-01 11:55:15,954 - VALO360 - DEBUG - 自動保存已禁用，跳過配置保存
2025-08-01 11:55:15,954 - VALO360 - DEBUG - 自動保存已禁用，跳過配置保存
2025-08-01 11:55:15,956 - VALO360 - DEBUG - 自動保存已禁用，跳過配置保存
2025-08-01 11:55:15,956 - VALO360 - DEBUG - 自動保存已禁用，跳過配置保存
2025-08-01 11:55:15,956 - VALO360 - DEBUG - 自動保存已禁用，跳過配置保存
2025-08-01 11:55:15,958 - VALO360 - DEBUG - 自動保存已禁用，跳過配置保存
2025-08-01 11:55:15,958 - VALO360 - DEBUG - 自動保存已禁用，跳過配置保存
2025-08-01 11:55:15,958 - VALO360 - DEBUG - 自動保存已禁用，跳過配置保存
2025-08-01 11:55:15,958 - VALO360 - DEBUG - 自動保存已禁用，跳過配置保存
2025-08-01 11:55:15,961 - VALO360 - DEBUG - 自動保存已禁用，跳過配置保存
2025-08-01 11:55:15,961 - VALO360 - DEBUG - 自動保存已禁用，跳過配置保存
2025-08-01 11:55:15,961 - VALO360 - DEBUG - 自動保存已禁用，跳過配置保存
2025-08-01 11:55:15,963 - VALO360 - DEBUG - 自動保存已禁用，跳過配置保存
2025-08-01 11:55:15,963 - VALO360 - DEBUG - 自動保存已禁用，跳過配置保存
2025-08-01 11:55:15,964 - VALO360 - DEBUG - 自動保存已禁用，跳過配置保存
2025-08-01 11:55:15,964 - VALO360 - DEBUG - 自動保存已禁用，跳過配置保存
2025-08-01 11:55:15,964 - VALO360 - DEBUG - 自動保存已禁用，跳過配置保存
2025-08-01 11:55:15,964 - VALO360 - DEBUG - 自動保存已禁用，跳過配置保存
2025-08-01 11:55:15,964 - VALO360 - DEBUG - 自動保存已禁用，跳過配置保存
2025-08-01 11:55:15,964 - VALO360 - DEBUG - 自動保存已禁用，跳過配置保存
2025-08-01 11:55:15,964 - VALO360 - DEBUG - 自動保存已禁用，跳過配置保存
2025-08-01 11:55:15,964 - VALO360 - DEBUG - 自動保存已禁用，跳過配置保存
2025-08-01 11:55:15,964 - VALO360 - DEBUG - 自動保存已禁用，跳過配置保存
2025-08-01 11:55:15,964 - VALO360 - DEBUG - 自動保存已禁用，跳過配置保存
2025-08-01 11:55:15,964 - VALO360 - DEBUG - 自動保存已禁用，跳過配置保存
2025-08-01 11:55:15,964 - VALO360 - DEBUG - 自動保存已禁用，跳過配置保存
2025-08-01 11:55:15,964 - VALO360 - DEBUG - 自動保存已禁用，跳過配置保存
2025-08-01 11:55:15,964 - VALO360 - DEBUG - 自動保存已禁用，跳過配置保存
2025-08-01 11:55:15,974 - VALO360 - DEBUG - 自動保存已禁用，跳過配置保存
2025-08-01 11:55:15,976 - VALO360 - DEBUG - 自動保存已禁用，跳過配置保存
2025-08-01 11:55:15,976 - VALO360 - DEBUG - 自動保存已禁用，跳過配置保存
2025-08-01 11:55:15,976 - VALO360 - DEBUG - 自動保存已禁用，跳過配置保存
2025-08-01 11:55:15,976 - VALO360 - DEBUG - 自動保存已禁用，跳過配置保存
2025-08-01 11:55:15,982 - VALO360 - DEBUG - 自動保存已禁用，跳過配置保存
2025-08-01 11:55:15,982 - VALO360 - DEBUG - 自動保存已禁用，跳過配置保存
2025-08-01 11:55:15,982 - VALO360 - DEBUG - 自動保存已禁用，跳過配置保存
2025-08-01 11:55:15,982 - VALO360 - DEBUG - 自動保存已禁用，跳過配置保存
2025-08-01 11:55:15,986 - VALO360 - DEBUG - 自動保存已禁用，跳過配置保存
2025-08-01 11:55:15,986 - VALO360 - DEBUG - 自動保存已禁用，跳過配置保存
2025-08-01 11:55:15,988 - VALO360 - DEBUG - 自動保存已禁用，跳過配置保存
2025-08-01 11:55:15,988 - VALO360 - DEBUG - 自動保存已禁用，跳過配置保存
2025-08-01 11:55:15,988 - VALO360 - DEBUG - 自動保存已禁用，跳過配置保存
2025-08-01 11:55:15,988 - VALO360 - DEBUG - 自動保存已禁用，跳過配置保存
2025-08-01 11:55:15,988 - VALO360 - DEBUG - 自動保存已禁用，跳過配置保存
2025-08-01 11:55:15,988 - VALO360 - DEBUG - 自動保存已禁用，跳過配置保存
2025-08-01 11:55:15,995 - VALO360 - DEBUG - 自動保存已禁用，跳過配置保存
2025-08-01 11:55:15,995 - VALO360 - DEBUG - 自動保存已禁用，跳過配置保存
2025-08-01 11:55:15,995 - VALO360 - DEBUG - 自動保存已禁用，跳過配置保存
2025-08-01 11:55:15,996 - VALO360 - DEBUG - 自動保存已禁用，跳過配置保存
2025-08-01 11:55:15,996 - VALO360 - DEBUG - 自動保存已禁用，跳過配置保存
2025-08-01 11:55:15,996 - VALO360 - DEBUG - 自動保存已禁用，跳過配置保存
2025-08-01 11:55:15,996 - VALO360 - DEBUG - 自動保存已禁用，跳過配置保存
2025-08-01 11:55:15,996 - VALO360 - DEBUG - 自動保存已禁用，跳過配置保存
2025-08-01 11:55:15,996 - VALO360 - DEBUG - 自動保存已禁用，跳過配置保存
2025-08-01 11:55:15,996 - VALO360 - DEBUG - 自動保存已禁用，跳過配置保存
2025-08-01 11:55:16,002 - VALO360 - DEBUG - 自動保存已禁用，跳過配置保存
2025-08-01 11:55:16,002 - VALO360 - DEBUG - 自動保存已禁用，跳過配置保存
2025-08-01 11:55:16,002 - VALO360 - DEBUG - 自動保存已禁用，跳過配置保存
2025-08-01 11:55:16,002 - VALO360 - DEBUG - 自動保存已禁用，跳過配置保存
2025-08-01 11:55:16,002 - VALO360 - DEBUG - 自動保存已禁用，跳過配置保存
2025-08-01 11:55:16,002 - VALO360 - DEBUG - 自動保存已禁用，跳過配置保存
2025-08-01 11:55:16,002 - VALO360 - DEBUG - 自動保存已禁用，跳過配置保存
2025-08-01 11:55:16,002 - VALO360 - DEBUG - 自動保存已禁用，跳過配置保存
2025-08-01 11:55:16,002 - VALO360 - DEBUG - 自動保存已禁用，跳過配置保存
2025-08-01 11:55:16,002 - VALO360 - DEBUG - 自動保存已禁用，跳過配置保存
2025-08-01 11:55:16,012 - VALO360 - DEBUG - 自動保存已禁用，跳過配置保存
2025-08-01 11:55:16,012 - VALO360 - DEBUG - 自動保存已禁用，跳過配置保存
2025-08-01 11:55:16,012 - VALO360 - DEBUG - 自動保存已禁用，跳過配置保存
2025-08-01 11:55:16,012 - VALO360 - DEBUG - 自動保存已禁用，跳過配置保存
2025-08-01 11:55:16,017 - VALO360 - DEBUG - 自動保存已禁用，跳過配置保存
2025-08-01 11:55:16,017 - VALO360 - DEBUG - 自動保存已禁用，跳過配置保存
2025-08-01 11:55:16,017 - VALO360 - DEBUG - 自動保存已禁用，跳過配置保存
2025-08-01 11:55:16,017 - VALO360 - DEBUG - 自動保存已禁用，跳過配置保存
2025-08-01 11:55:16,017 - VALO360 - DEBUG - 自動保存已禁用，跳過配置保存
2025-08-01 11:55:16,017 - VALO360 - DEBUG - 自動保存已禁用，跳過配置保存
2025-08-01 11:55:16,017 - VALO360 - DEBUG - 自動保存已禁用，跳過配置保存
2025-08-01 11:55:16,017 - VALO360 - DEBUG - 自動保存已禁用，跳過配置保存
2025-08-01 11:55:16,026 - VALO360 - DEBUG - 自動保存已禁用，跳過配置保存
2025-08-01 11:55:16,027 - VALO360 - DEBUG - 自動保存已禁用，跳過配置保存
2025-08-01 11:55:16,027 - VALO360 - DEBUG - 自動保存已禁用，跳過配置保存
2025-08-01 11:55:16,027 - VALO360 - DEBUG - 自動保存已禁用，跳過配置保存
2025-08-01 11:55:16,029 - VALO360 - DEBUG - 自動保存已禁用，跳過配置保存
2025-08-01 11:55:16,029 - VALO360 - DEBUG - 自動保存已禁用，跳過配置保存
2025-08-01 11:55:16,029 - VALO360 - DEBUG - 自動保存已禁用，跳過配置保存
2025-08-01 11:55:16,029 - VALO360 - DEBUG - 自動保存已禁用，跳過配置保存
2025-08-01 11:55:16,029 - VALO360 - DEBUG - 自動保存已禁用，跳過配置保存
2025-08-01 11:55:16,031 - VALO360 - DEBUG - 自動保存已禁用，跳過配置保存
2025-08-01 11:55:16,031 - VALO360 - DEBUG - 自動保存已禁用，跳過配置保存
2025-08-01 11:55:16,031 - VALO360 - DEBUG - 自動保存已禁用，跳過配置保存
2025-08-01 11:55:16,031 - VALO360 - DEBUG - 自動保存已禁用，跳過配置保存
2025-08-01 11:55:16,031 - VALO360 - DEBUG - 自動保存已禁用，跳過配置保存
2025-08-01 11:55:16,034 - VALO360 - DEBUG - 自動保存已禁用，跳過配置保存
2025-08-01 11:55:16,034 - VALO360 - DEBUG - 自動保存已禁用，跳過配置保存
2025-08-01 11:55:16,034 - VALO360 - DEBUG - 自動保存已禁用，跳過配置保存
2025-08-01 11:55:16,034 - VALO360 - DEBUG - 自動保存已禁用，跳過配置保存
2025-08-01 11:55:16,034 - VALO360 - DEBUG - 自動保存已禁用，跳過配置保存
2025-08-01 11:55:16,036 - VALO360 - DEBUG - 自動保存已禁用，跳過配置保存
2025-08-01 11:55:16,037 - VALO360 - DEBUG - 自動保存已禁用，跳過配置保存
2025-08-01 11:55:16,037 - VALO360 - DEBUG - 自動保存已禁用，跳過配置保存
2025-08-01 11:55:16,037 - VALO360 - DEBUG - 自動保存已禁用，跳過配置保存
2025-08-01 11:55:16,037 - VALO360 - DEBUG - 自動保存已禁用，跳過配置保存
2025-08-01 11:55:16,037 - VALO360 - DEBUG - 自動保存已禁用，跳過配置保存
2025-08-01 11:55:16,037 - VALO360 - DEBUG - 自動保存已禁用，跳過配置保存
2025-08-01 11:55:16,037 - VALO360 - DEBUG - 自動保存已禁用，跳過配置保存
2025-08-01 11:55:16,040 - VALO360 - DEBUG - 自動保存已禁用，跳過配置保存
2025-08-01 11:55:16,040 - VALO360 - DEBUG - 自動保存已禁用，跳過配置保存
2025-08-01 11:55:16,040 - VALO360 - DEBUG - 自動保存已禁用，跳過配置保存
2025-08-01 11:55:16,040 - VALO360 - DEBUG - 自動保存已禁用，跳過配置保存
2025-08-01 11:55:16,041 - VALO360 - DEBUG - 自動保存已禁用，跳過配置保存
2025-08-01 11:55:16,041 - VALO360 - DEBUG - 自動保存已禁用，跳過配置保存
2025-08-01 11:55:16,041 - VALO360 - DEBUG - 自動保存已禁用，跳過配置保存
2025-08-01 11:55:16,041 - VALO360 - DEBUG - 自動保存已禁用，跳過配置保存
2025-08-01 11:55:16,041 - VALO360 - DEBUG - 自動保存已禁用，跳過配置保存
2025-08-01 11:55:16,041 - VALO360 - DEBUG - 自動保存已禁用，跳過配置保存
2025-08-01 11:55:16,041 - VALO360 - DEBUG - 自動保存已禁用，跳過配置保存
2025-08-01 11:55:16,041 - VALO360 - DEBUG - 自動保存已禁用，跳過配置保存
2025-08-01 11:55:16,045 - VALO360 - DEBUG - 自動保存已禁用，跳過配置保存
2025-08-01 11:55:16,045 - VALO360 - DEBUG - 自動保存已禁用，跳過配置保存
2025-08-01 11:55:16,047 - VALO360 - DEBUG - 自動保存已禁用，跳過配置保存
2025-08-01 11:55:16,047 - VALO360 - DEBUG - 自動保存已禁用，跳過配置保存
2025-08-01 11:55:16,048 - VALO360 - DEBUG - 自動保存已禁用，跳過配置保存
2025-08-01 11:55:16,048 - VALO360 - DEBUG - 自動保存已禁用，跳過配置保存
2025-08-01 11:55:16,048 - VALO360 - DEBUG - 自動保存已禁用，跳過配置保存
2025-08-01 11:55:16,048 - VALO360 - DEBUG - 自動保存已禁用，跳過配置保存
2025-08-01 11:55:16,048 - VALO360 - DEBUG - 自動保存已禁用，跳過配置保存
2025-08-01 11:55:16,050 - VALO360 - DEBUG - 自動保存已禁用，跳過配置保存
2025-08-01 11:55:16,050 - VALO360 - DEBUG - 自動保存已禁用，跳過配置保存
2025-08-01 11:55:16,050 - VALO360 - DEBUG - 自動保存已禁用，跳過配置保存
2025-08-01 11:55:16,050 - VALO360 - DEBUG - 自動保存已禁用，跳過配置保存
2025-08-01 11:55:16,052 - VALO360 - DEBUG - 自動保存已禁用，跳過配置保存
2025-08-01 11:55:16,052 - VALO360 - DEBUG - 自動保存已禁用，跳過配置保存
2025-08-01 11:55:16,052 - VALO360 - DEBUG - 自動保存已禁用，跳過配置保存
2025-08-01 11:55:16,052 - VALO360 - DEBUG - 自動保存已禁用，跳過配置保存
2025-08-01 11:55:16,054 - VALO360 - DEBUG - 自動保存已禁用，跳過配置保存
2025-08-01 11:55:16,054 - VALO360 - DEBUG - 自動保存已禁用，跳過配置保存
2025-08-01 11:55:16,054 - VALO360 - DEBUG - 自動保存已禁用，跳過配置保存
2025-08-01 11:55:16,054 - VALO360 - DEBUG - 自動保存已禁用，跳過配置保存
2025-08-01 11:55:16,056 - VALO360 - DEBUG - 自動保存已禁用，跳過配置保存
2025-08-01 11:55:16,056 - VALO360 - DEBUG - 自動保存已禁用，跳過配置保存
2025-08-01 11:55:16,056 - VALO360 - DEBUG - 自動保存已禁用，跳過配置保存
2025-08-01 11:55:16,056 - VALO360 - DEBUG - 自動保存已禁用，跳過配置保存
2025-08-01 11:55:16,058 - VALO360 - DEBUG - 自動保存已禁用，跳過配置保存
2025-08-01 11:55:16,058 - VALO360 - DEBUG - 自動保存已禁用，跳過配置保存
2025-08-01 11:55:16,058 - VALO360 - DEBUG - 自動保存已禁用，跳過配置保存
2025-08-01 11:55:16,058 - VALO360 - DEBUG - 自動保存已禁用，跳過配置保存
2025-08-01 11:55:16,060 - VALO360 - DEBUG - 自動保存已禁用，跳過配置保存
2025-08-01 11:55:16,060 - VALO360 - DEBUG - 自動保存已禁用，跳過配置保存
2025-08-01 11:55:16,060 - VALO360 - DEBUG - 自動保存已禁用，跳過配置保存
2025-08-01 11:55:16,060 - VALO360 - DEBUG - 自動保存已禁用，跳過配置保存
2025-08-01 11:55:16,062 - VALO360 - DEBUG - 自動保存已禁用，跳過配置保存
2025-08-01 11:55:16,062 - VALO360 - DEBUG - 自動保存已禁用，跳過配置保存
2025-08-01 11:55:16,062 - VALO360 - DEBUG - 自動保存已禁用，跳過配置保存
2025-08-01 11:55:16,062 - VALO360 - DEBUG - 自動保存已禁用，跳過配置保存
2025-08-01 11:55:16,062 - VALO360 - DEBUG - 自動保存已禁用，跳過配置保存
2025-08-01 11:55:16,064 - VALO360 - DEBUG - 自動保存已禁用，跳過配置保存
2025-08-01 11:55:16,064 - VALO360 - DEBUG - 自動保存已禁用，跳過配置保存
2025-08-01 11:55:16,064 - VALO360 - DEBUG - 自動保存已禁用，跳過配置保存
2025-08-01 11:55:16,064 - VALO360 - DEBUG - 自動保存已禁用，跳過配置保存
2025-08-01 11:55:16,064 - VALO360 - DEBUG - 自動保存已禁用，跳過配置保存
2025-08-01 11:55:16,066 - VALO360 - DEBUG - 自動保存已禁用，跳過配置保存
2025-08-01 11:55:16,066 - VALO360 - DEBUG - 自動保存已禁用，跳過配置保存
2025-08-01 11:55:16,066 - VALO360 - DEBUG - 自動保存已禁用，跳過配置保存
2025-08-01 11:55:16,066 - VALO360 - DEBUG - 自動保存已禁用，跳過配置保存
2025-08-01 11:55:16,066 - VALO360 - DEBUG - 自動保存已禁用，跳過配置保存
2025-08-01 11:55:16,066 - VALO360 - DEBUG - 自動保存已禁用，跳過配置保存
2025-08-01 11:55:16,066 - VALO360 - DEBUG - 自動保存已禁用，跳過配置保存
2025-08-01 11:55:16,066 - VALO360 - DEBUG - 自動保存已禁用，跳過配置保存
2025-08-01 11:55:16,066 - VALO360 - DEBUG - 自動保存已禁用，跳過配置保存
2025-08-01 11:55:16,066 - VALO360 - DEBUG - 自動保存已禁用，跳過配置保存
2025-08-01 11:55:16,066 - VALO360 - DEBUG - 自動保存已禁用，跳過配置保存
2025-08-01 11:55:16,066 - VALO360 - DEBUG - 自動保存已禁用，跳過配置保存
2025-08-01 11:55:16,066 - VALO360 - DEBUG - 自動保存已禁用，跳過配置保存
2025-08-01 11:55:16,066 - VALO360 - DEBUG - 自動保存已禁用，跳過配置保存
2025-08-01 11:55:16,066 - VALO360 - DEBUG - 自動保存已禁用，跳過配置保存
2025-08-01 11:55:16,066 - VALO360 - DEBUG - 自動保存已禁用，跳過配置保存
2025-08-01 11:55:16,066 - VALO360 - DEBUG - 自動保存已禁用，跳過配置保存
2025-08-01 11:55:16,066 - VALO360 - DEBUG - 自動保存已禁用，跳過配置保存
2025-08-01 11:55:16,066 - VALO360 - DEBUG - 自動保存已禁用，跳過配置保存
2025-08-01 11:55:16,066 - VALO360 - DEBUG - 自動保存已禁用，跳過配置保存
2025-08-01 11:55:16,066 - VALO360 - DEBUG - 自動保存已禁用，跳過配置保存
2025-08-01 11:55:16,066 - VALO360 - DEBUG - 自動保存已禁用，跳過配置保存
2025-08-01 11:55:16,078 - VALO360 - DEBUG - 自動保存已禁用，跳過配置保存
2025-08-01 11:55:16,078 - VALO360 - DEBUG - 自動保存已禁用，跳過配置保存
2025-08-01 11:55:16,078 - VALO360 - DEBUG - 自動保存已禁用，跳過配置保存
2025-08-01 11:55:16,078 - VALO360 - DEBUG - 自動保存已禁用，跳過配置保存
2025-08-01 11:55:16,201 - VALO360 - DEBUG - 自動保存已禁用，跳過配置保存
2025-08-01 11:55:16,201 - VALO360 - DEBUG - 自動保存已禁用，跳過配置保存
2025-08-01 11:55:16,201 - VALO360 - DEBUG - 自動保存已禁用，跳過配置保存
2025-08-01 11:55:16,201 - VALO360 - DEBUG - 自動保存已禁用，跳過配置保存
2025-08-01 11:55:16,201 - VALO360 - DEBUG - 自動保存已禁用，跳過配置保存
2025-08-01 11:55:16,201 - VALO360 - DEBUG - 自動保存已禁用，跳過配置保存
2025-08-01 11:55:16,201 - VALO360 - DEBUG - 自動保存已禁用，跳過配置保存
2025-08-01 11:55:16,201 - VALO360 - DEBUG - 自動保存已禁用，跳過配置保存
2025-08-01 11:55:16,212 - VALO360 - DEBUG - 自動保存已禁用，跳過配置保存
2025-08-01 11:55:16,212 - VALO360 - DEBUG - 自動保存已禁用，跳過配置保存
2025-08-01 11:55:16,212 - VALO360 - DEBUG - 自動保存已禁用，跳過配置保存
2025-08-01 11:55:16,212 - VALO360 - DEBUG - 自動保存已禁用，跳過配置保存
2025-08-01 11:55:16,212 - VALO360 - DEBUG - 自動保存已禁用，跳過配置保存
2025-08-01 11:55:16,212 - VALO360 - DEBUG - 自動保存已禁用，跳過配置保存
2025-08-01 11:55:16,212 - VALO360 - DEBUG - 自動保存已禁用，跳過配置保存
2025-08-01 11:55:16,212 - VALO360 - DEBUG - 自動保存已禁用，跳過配置保存
2025-08-01 11:55:16,221 - VALO360 - DEBUG - 自動保存已禁用，跳過配置保存
2025-08-01 11:55:16,221 - VALO360 - DEBUG - 自動保存已禁用，跳過配置保存
2025-08-01 11:55:16,221 - VALO360 - DEBUG - 自動保存已禁用，跳過配置保存
2025-08-01 11:55:16,221 - VALO360 - DEBUG - 自動保存已禁用，跳過配置保存
2025-08-01 11:55:16,221 - VALO360 - DEBUG - 自動保存已禁用，跳過配置保存
2025-08-01 11:55:16,221 - VALO360 - DEBUG - 自動保存已禁用，跳過配置保存
2025-08-01 11:55:16,221 - VALO360 - DEBUG - 自動保存已禁用，跳過配置保存
2025-08-01 11:55:16,221 - VALO360 - DEBUG - 自動保存已禁用，跳過配置保存
2025-08-01 11:55:16,232 - VALO360 - DEBUG - 自動保存已禁用，跳過配置保存
2025-08-01 11:55:16,232 - VALO360 - DEBUG - 自動保存已禁用，跳過配置保存
2025-08-01 11:55:16,232 - VALO360 - DEBUG - 自動保存已禁用，跳過配置保存
2025-08-01 11:55:16,240 - VALO360 - DEBUG - 自動保存已禁用，跳過配置保存
2025-08-01 11:55:16,240 - VALO360 - DEBUG - 自動保存已禁用，跳過配置保存
2025-08-01 11:55:16,240 - VALO360 - DEBUG - 自動保存已禁用，跳過配置保存
2025-08-01 11:55:16,240 - VALO360 - DEBUG - 自動保存已禁用，跳過配置保存
2025-08-01 11:55:16,242 - VALO360 - DEBUG - 自動保存已禁用，跳過配置保存
2025-08-01 11:55:16,262 - VALO360 - DEBUG - 自動保存已禁用，跳過配置保存
2025-08-01 11:55:16,262 - VALO360 - DEBUG - 自動保存已禁用，跳過配置保存
2025-08-01 11:55:16,262 - VALO360 - DEBUG - 自動保存已禁用，跳過配置保存
2025-08-01 11:55:16,262 - VALO360 - DEBUG - 自動保存已禁用，跳過配置保存
2025-08-01 11:55:16,262 - VALO360 - DEBUG - 自動保存已禁用，跳過配置保存
2025-08-01 11:55:16,264 - VALO360 - DEBUG - 自動保存已禁用，跳過配置保存
2025-08-01 11:55:16,264 - VALO360 - DEBUG - 自動保存已禁用，跳過配置保存
2025-08-01 11:55:16,264 - VALO360 - DEBUG - 自動保存已禁用，跳過配置保存
2025-08-01 11:55:16,271 - VALO360 - DEBUG - 自動保存已禁用，跳過配置保存
2025-08-01 11:55:16,271 - VALO360 - DEBUG - 自動保存已禁用，跳過配置保存
2025-08-01 11:55:16,271 - VALO360 - DEBUG - 自動保存已禁用，跳過配置保存
2025-08-01 11:55:16,271 - VALO360 - DEBUG - 自動保存已禁用，跳過配置保存
2025-08-01 11:55:16,271 - VALO360 - DEBUG - 自動保存已禁用，跳過配置保存
2025-08-01 11:55:16,271 - VALO360 - DEBUG - 自動保存已禁用，跳過配置保存
2025-08-01 11:55:16,271 - VALO360 - DEBUG - 自動保存已禁用，跳過配置保存
2025-08-01 11:55:16,271 - VALO360 - DEBUG - 自動保存已禁用，跳過配置保存
2025-08-01 11:55:16,286 - VALO360 - DEBUG - 自動保存已禁用，跳過配置保存
2025-08-01 11:55:16,286 - VALO360 - DEBUG - 自動保存已禁用，跳過配置保存
2025-08-01 11:55:16,286 - VALO360 - DEBUG - 自動保存已禁用，跳過配置保存
2025-08-01 11:55:16,286 - VALO360 - DEBUG - 自動保存已禁用，跳過配置保存
2025-08-01 11:55:16,286 - VALO360 - DEBUG - 自動保存已禁用，跳過配置保存
2025-08-01 11:55:16,286 - VALO360 - DEBUG - 自動保存已禁用，跳過配置保存
2025-08-01 11:55:16,286 - VALO360 - DEBUG - 自動保存已禁用，跳過配置保存
2025-08-01 11:55:16,286 - VALO360 - DEBUG - 自動保存已禁用，跳過配置保存
2025-08-01 11:55:16,295 - VALO360 - DEBUG - 自動保存已禁用，跳過配置保存
2025-08-01 11:55:16,295 - VALO360 - DEBUG - 自動保存已禁用，跳過配置保存
2025-08-01 11:55:16,295 - VALO360 - DEBUG - 自動保存已禁用，跳過配置保存
2025-08-01 11:55:16,295 - VALO360 - DEBUG - 自動保存已禁用，跳過配置保存
2025-08-01 11:55:16,295 - VALO360 - DEBUG - 自動保存已禁用，跳過配置保存
2025-08-01 11:55:16,295 - VALO360 - DEBUG - 自動保存已禁用，跳過配置保存
2025-08-01 11:55:16,297 - VALO360 - DEBUG - 自動保存已禁用，跳過配置保存
2025-08-01 11:55:16,297 - VALO360 - DEBUG - 自動保存已禁用，跳過配置保存
2025-08-01 11:55:16,305 - VALO360 - DEBUG - 自動保存已禁用，跳過配置保存
2025-08-01 11:55:16,305 - VALO360 - DEBUG - 自動保存已禁用，跳過配置保存
2025-08-01 11:55:16,305 - VALO360 - DEBUG - 自動保存已禁用，跳過配置保存
2025-08-01 11:55:16,305 - VALO360 - DEBUG - 自動保存已禁用，跳過配置保存
2025-08-01 11:55:16,307 - VALO360 - DEBUG - 自動保存已禁用，跳過配置保存
2025-08-01 11:55:16,307 - VALO360 - DEBUG - 自動保存已禁用，跳過配置保存
2025-08-01 11:55:16,307 - VALO360 - DEBUG - 自動保存已禁用，跳過配置保存
2025-08-01 11:55:16,307 - VALO360 - DEBUG - 自動保存已禁用，跳過配置保存
2025-08-01 11:55:16,307 - VALO360 - DEBUG - 自動保存已禁用，跳過配置保存
2025-08-01 11:55:16,307 - VALO360 - DEBUG - 自動保存已禁用，跳過配置保存
2025-08-01 11:55:16,309 - VALO360 - DEBUG - 自動保存已禁用，跳過配置保存
2025-08-01 11:55:16,309 - VALO360 - DEBUG - 自動保存已禁用，跳過配置保存
2025-08-01 11:55:16,309 - VALO360 - DEBUG - 自動保存已禁用，跳過配置保存
2025-08-01 11:55:16,309 - VALO360 - DEBUG - 自動保存已禁用，跳過配置保存
2025-08-01 11:55:16,309 - VALO360 - DEBUG - 自動保存已禁用，跳過配置保存
2025-08-01 11:55:16,309 - VALO360 - DEBUG - 自動保存已禁用，跳過配置保存
2025-08-01 11:55:16,315 - VALO360 - DEBUG - 自動保存已禁用，跳過配置保存
2025-08-01 11:55:16,315 - VALO360 - DEBUG - 自動保存已禁用，跳過配置保存
2025-08-01 11:55:16,317 - VALO360 - DEBUG - 自動保存已禁用，跳過配置保存
2025-08-01 11:55:16,317 - VALO360 - DEBUG - 自動保存已禁用，跳過配置保存
2025-08-01 11:55:16,317 - VALO360 - DEBUG - 自動保存已禁用，跳過配置保存
2025-08-01 11:55:16,317 - VALO360 - DEBUG - 自動保存已禁用，跳過配置保存
2025-08-01 11:55:16,317 - VALO360 - DEBUG - 自動保存已禁用，跳過配置保存
2025-08-01 11:55:16,317 - VALO360 - DEBUG - 自動保存已禁用，跳過配置保存
2025-08-01 11:55:16,321 - VALO360 - DEBUG - 自動保存已禁用，跳過配置保存
2025-08-01 11:55:16,321 - VALO360 - DEBUG - 自動保存已禁用，跳過配置保存
2025-08-01 11:55:16,323 - VALO360 - DEBUG - 自動保存已禁用，跳過配置保存
2025-08-01 11:55:16,323 - VALO360 - DEBUG - 自動保存已禁用，跳過配置保存
2025-08-01 11:55:16,323 - VALO360 - DEBUG - 自動保存已禁用，跳過配置保存
2025-08-01 11:55:16,323 - VALO360 - DEBUG - 自動保存已禁用，跳過配置保存
2025-08-01 11:55:16,323 - VALO360 - DEBUG - 自動保存已禁用，跳過配置保存
2025-08-01 11:55:16,323 - VALO360 - DEBUG - 自動保存已禁用，跳過配置保存
2025-08-01 11:55:16,363 - VALO360 - DEBUG - 自動保存已禁用，跳過配置保存
2025-08-01 11:55:16,363 - VALO360 - DEBUG - 自動保存已禁用，跳過配置保存
2025-08-01 11:55:16,363 - VALO360 - DEBUG - 自動保存已禁用，跳過配置保存
2025-08-01 11:55:16,363 - VALO360 - DEBUG - 自動保存已禁用，跳過配置保存
2025-08-01 11:55:16,363 - VALO360 - DEBUG - 自動保存已禁用，跳過配置保存
2025-08-01 11:55:16,368 - VALO360 - DEBUG - 自動保存已禁用，跳過配置保存
2025-08-01 11:55:16,368 - VALO360 - DEBUG - 自動保存已禁用，跳過配置保存
2025-08-01 11:55:16,368 - VALO360 - DEBUG - 自動保存已禁用，跳過配置保存
2025-08-01 11:55:16,379 - VALO360 - DEBUG - 自動保存已禁用，跳過配置保存
2025-08-01 11:55:16,379 - VALO360 - DEBUG - 自動保存已禁用，跳過配置保存
2025-08-01 11:55:16,379 - VALO360 - DEBUG - 自動保存已禁用，跳過配置保存
2025-08-01 11:55:16,379 - VALO360 - DEBUG - 自動保存已禁用，跳過配置保存
2025-08-01 11:55:16,379 - VALO360 - DEBUG - 自動保存已禁用，跳過配置保存
2025-08-01 11:55:16,382 - VALO360 - DEBUG - 自動保存已禁用，跳過配置保存
2025-08-01 11:55:16,382 - VALO360 - DEBUG - 自動保存已禁用，跳過配置保存
2025-08-01 11:55:16,382 - VALO360 - DEBUG - 自動保存已禁用，跳過配置保存
2025-08-01 11:55:16,383 - VALO360 - DEBUG - 自動保存已禁用，跳過配置保存
2025-08-01 11:55:16,383 - VALO360 - DEBUG - 自動保存已禁用，跳過配置保存
2025-08-01 11:55:16,383 - VALO360 - DEBUG - 自動保存已禁用，跳過配置保存
2025-08-01 11:55:16,383 - VALO360 - DEBUG - 自動保存已禁用，跳過配置保存
2025-08-01 11:55:16,383 - VALO360 - DEBUG - 自動保存已禁用，跳過配置保存
2025-08-01 11:55:16,385 - VALO360 - DEBUG - 自動保存已禁用，跳過配置保存
2025-08-01 11:55:16,385 - VALO360 - DEBUG - 自動保存已禁用，跳過配置保存
2025-08-01 11:55:16,385 - VALO360 - DEBUG - 自動保存已禁用，跳過配置保存
2025-08-01 11:55:16,404 - VALO360 - DEBUG - 自動保存已禁用，跳過配置保存
2025-08-01 11:55:16,404 - VALO360 - DEBUG - 自動保存已禁用，跳過配置保存
2025-08-01 11:55:16,404 - VALO360 - DEBUG - 自動保存已禁用，跳過配置保存
2025-08-01 11:55:16,404 - VALO360 - DEBUG - 自動保存已禁用，跳過配置保存
2025-08-01 11:55:16,404 - VALO360 - DEBUG - 自動保存已禁用，跳過配置保存
2025-08-01 11:55:16,404 - VALO360 - DEBUG - 自動保存已禁用，跳過配置保存
2025-08-01 11:55:16,404 - VALO360 - DEBUG - 自動保存已禁用，跳過配置保存
2025-08-01 11:55:16,404 - VALO360 - DEBUG - 自動保存已禁用，跳過配置保存
2025-08-01 11:55:16,455 - VALO360 - DEBUG - 自動保存已禁用，跳過配置保存
2025-08-01 11:55:16,455 - VALO360 - DEBUG - 自動保存已禁用，跳過配置保存
2025-08-01 11:55:16,455 - VALO360 - DEBUG - 自動保存已禁用，跳過配置保存
2025-08-01 11:55:16,455 - VALO360 - DEBUG - 自動保存已禁用，跳過配置保存
2025-08-01 11:55:16,455 - VALO360 - DEBUG - 自動保存已禁用，跳過配置保存
2025-08-01 11:55:16,455 - VALO360 - DEBUG - 自動保存已禁用，跳過配置保存
2025-08-01 11:55:16,455 - VALO360 - DEBUG - 自動保存已禁用，跳過配置保存
2025-08-01 11:55:16,455 - VALO360 - DEBUG - 自動保存已禁用，跳過配置保存
2025-08-01 11:55:16,484 - VALO360 - DEBUG - 自動保存已禁用，跳過配置保存
2025-08-01 11:55:16,484 - VALO360 - DEBUG - 自動保存已禁用，跳過配置保存
2025-08-01 11:55:16,484 - VALO360 - DEBUG - 自動保存已禁用，跳過配置保存
2025-08-01 11:55:16,484 - VALO360 - DEBUG - 自動保存已禁用，跳過配置保存
2025-08-01 11:55:16,484 - VALO360 - DEBUG - 自動保存已禁用，跳過配置保存
2025-08-01 11:55:16,484 - VALO360 - DEBUG - 自動保存已禁用，跳過配置保存
2025-08-01 11:55:16,484 - VALO360 - DEBUG - 自動保存已禁用，跳過配置保存
2025-08-01 11:55:16,484 - VALO360 - DEBUG - 自動保存已禁用，跳過配置保存
2025-08-01 11:55:16,484 - VALO360 - DEBUG - 自動保存已禁用，跳過配置保存
2025-08-01 11:55:16,484 - VALO360 - DEBUG - 自動保存已禁用，跳過配置保存
2025-08-01 11:55:16,493 - VALO360 - DEBUG - 自動保存已禁用，跳過配置保存
2025-08-01 11:55:16,493 - VALO360 - DEBUG - 自動保存已禁用，跳過配置保存
2025-08-01 11:55:16,495 - VALO360 - DEBUG - 自動保存已禁用，跳過配置保存
2025-08-01 11:55:16,495 - VALO360 - DEBUG - 自動保存已禁用，跳過配置保存
2025-08-01 11:55:16,495 - VALO360 - DEBUG - 自動保存已禁用，跳過配置保存
2025-08-01 11:55:16,495 - VALO360 - DEBUG - 自動保存已禁用，跳過配置保存
2025-08-01 11:55:16,495 - VALO360 - DEBUG - 自動保存已禁用，跳過配置保存
2025-08-01 11:55:16,495 - VALO360 - DEBUG - 自動保存已禁用，跳過配置保存
2025-08-01 11:55:16,495 - VALO360 - DEBUG - 自動保存已禁用，跳過配置保存
2025-08-01 11:55:16,495 - VALO360 - DEBUG - 自動保存已禁用，跳過配置保存
2025-08-01 11:55:16,495 - VALO360 - DEBUG - 自動保存已禁用，跳過配置保存
2025-08-01 11:55:16,495 - VALO360 - DEBUG - 自動保存已禁用，跳過配置保存
2025-08-01 11:55:16,495 - VALO360 - DEBUG - 自動保存已禁用，跳過配置保存
2025-08-01 11:55:16,495 - VALO360 - DEBUG - 自動保存已禁用，跳過配置保存
2025-08-01 11:55:16,495 - VALO360 - DEBUG - 自動保存已禁用，跳過配置保存
2025-08-01 11:55:16,495 - VALO360 - DEBUG - 自動保存已禁用，跳過配置保存
2025-08-01 11:55:16,495 - VALO360 - DEBUG - 自動保存已禁用，跳過配置保存
2025-08-01 11:55:16,495 - VALO360 - DEBUG - 自動保存已禁用，跳過配置保存
2025-08-01 11:55:16,504 - VALO360 - DEBUG - 自動保存已禁用，跳過配置保存
2025-08-01 11:55:16,504 - VALO360 - DEBUG - 自動保存已禁用，跳過配置保存
2025-08-01 11:55:16,504 - VALO360 - DEBUG - 自動保存已禁用，跳過配置保存
2025-08-01 11:55:16,506 - VALO360 - DEBUG - 自動保存已禁用，跳過配置保存
2025-08-01 11:55:16,506 - VALO360 - DEBUG - 自動保存已禁用，跳過配置保存
2025-08-01 11:55:16,506 - VALO360 - DEBUG - 自動保存已禁用，跳過配置保存
2025-08-01 11:55:16,508 - VALO360 - DEBUG - 自動保存已禁用，跳過配置保存
2025-08-01 11:55:16,508 - VALO360 - DEBUG - 自動保存已禁用，跳過配置保存
2025-08-01 11:55:16,508 - VALO360 - DEBUG - 自動保存已禁用，跳過配置保存
2025-08-01 11:55:16,510 - VALO360 - DEBUG - 自動保存已禁用，跳過配置保存
2025-08-01 11:55:16,510 - VALO360 - DEBUG - 自動保存已禁用，跳過配置保存
2025-08-01 11:55:16,510 - VALO360 - DEBUG - 自動保存已禁用，跳過配置保存
2025-08-01 11:55:16,512 - VALO360 - DEBUG - 自動保存已禁用，跳過配置保存
2025-08-01 11:55:16,512 - VALO360 - DEBUG - 自動保存已禁用，跳過配置保存
2025-08-01 11:55:16,512 - VALO360 - DEBUG - 自動保存已禁用，跳過配置保存
2025-08-01 11:55:16,512 - VALO360 - DEBUG - 自動保存已禁用，跳過配置保存
2025-08-01 11:55:16,514 - VALO360 - DEBUG - 自動保存已禁用，跳過配置保存
2025-08-01 11:55:16,514 - VALO360 - DEBUG - 自動保存已禁用，跳過配置保存
2025-08-01 11:55:16,514 - VALO360 - DEBUG - 自動保存已禁用，跳過配置保存
2025-08-01 11:55:16,514 - VALO360 - DEBUG - 自動保存已禁用，跳過配置保存
2025-08-01 11:55:16,514 - VALO360 - DEBUG - 自動保存已禁用，跳過配置保存
2025-08-01 11:55:16,514 - VALO360 - DEBUG - 自動保存已禁用，跳過配置保存
2025-08-01 11:55:16,514 - VALO360 - DEBUG - 自動保存已禁用，跳過配置保存
2025-08-01 11:55:16,514 - VALO360 - DEBUG - 自動保存已禁用，跳過配置保存
2025-08-01 11:55:16,514 - VALO360 - DEBUG - 自動保存已禁用，跳過配置保存
2025-08-01 11:55:16,514 - VALO360 - DEBUG - 自動保存已禁用，跳過配置保存
2025-08-01 11:55:16,514 - VALO360 - DEBUG - 自動保存已禁用，跳過配置保存
2025-08-01 11:55:16,514 - VALO360 - DEBUG - 自動保存已禁用，跳過配置保存
2025-08-01 11:55:16,514 - VALO360 - DEBUG - 自動保存已禁用，跳過配置保存
2025-08-01 11:55:16,514 - VALO360 - DEBUG - 自動保存已禁用，跳過配置保存
2025-08-01 11:55:16,514 - VALO360 - DEBUG - 自動保存已禁用，跳過配置保存
2025-08-01 11:55:16,514 - VALO360 - DEBUG - 自動保存已禁用，跳過配置保存
2025-08-01 11:55:16,514 - VALO360 - DEBUG - 自動保存已禁用，跳過配置保存
2025-08-01 11:55:16,514 - VALO360 - DEBUG - 自動保存已禁用，跳過配置保存
2025-08-01 11:55:16,524 - VALO360 - DEBUG - 自動保存已禁用，跳過配置保存
2025-08-01 11:55:16,524 - VALO360 - DEBUG - 自動保存已禁用，跳過配置保存
2025-08-01 11:55:16,524 - VALO360 - DEBUG - 自動保存已禁用，跳過配置保存
2025-08-01 11:55:16,526 - VALO360 - DEBUG - 自動保存已禁用，跳過配置保存
2025-08-01 11:55:16,526 - VALO360 - DEBUG - 自動保存已禁用，跳過配置保存
2025-08-01 11:55:16,526 - VALO360 - DEBUG - 自動保存已禁用，跳過配置保存
2025-08-01 11:55:16,526 - VALO360 - DEBUG - 自動保存已禁用，跳過配置保存
2025-08-01 11:55:16,528 - VALO360 - DEBUG - 自動保存已禁用，跳過配置保存
2025-08-01 11:55:16,528 - VALO360 - DEBUG - 自動保存已禁用，跳過配置保存
2025-08-01 11:55:16,528 - VALO360 - DEBUG - 自動保存已禁用，跳過配置保存
2025-08-01 11:55:16,562 - VALO360 - DEBUG - 自動保存已禁用，跳過配置保存
2025-08-01 11:55:16,562 - VALO360 - DEBUG - 自動保存已禁用，跳過配置保存
2025-08-01 11:55:16,562 - VALO360 - DEBUG - 自動保存已禁用，跳過配置保存
2025-08-01 11:55:16,562 - VALO360 - DEBUG - 自動保存已禁用，跳過配置保存
2025-08-01 11:55:16,564 - VALO360 - DEBUG - 自動保存已禁用，跳過配置保存
2025-08-01 11:55:16,564 - VALO360 - DEBUG - 自動保存已禁用，跳過配置保存
2025-08-01 11:55:16,564 - VALO360 - DEBUG - 自動保存已禁用，跳過配置保存
2025-08-01 11:55:16,564 - VALO360 - DEBUG - 自動保存已禁用，跳過配置保存
2025-08-01 11:55:16,568 - VALO360 - DEBUG - 自動保存已禁用，跳過配置保存
2025-08-01 11:55:16,568 - VALO360 - DEBUG - 自動保存已禁用，跳過配置保存
2025-08-01 11:55:16,568 - VALO360 - DEBUG - 自動保存已禁用，跳過配置保存
2025-08-01 11:55:16,568 - VALO360 - DEBUG - 自動保存已禁用，跳過配置保存
2025-08-01 11:55:16,571 - VALO360 - DEBUG - 自動保存已禁用，跳過配置保存
2025-08-01 11:55:16,571 - VALO360 - DEBUG - 自動保存已禁用，跳過配置保存
2025-08-01 11:55:16,571 - VALO360 - DEBUG - 自動保存已禁用，跳過配置保存
2025-08-01 11:55:16,571 - VALO360 - DEBUG - 自動保存已禁用，跳過配置保存
2025-08-01 11:55:16,574 - VALO360 - DEBUG - 自動保存已禁用，跳過配置保存
2025-08-01 11:55:16,574 - VALO360 - DEBUG - 自動保存已禁用，跳過配置保存
2025-08-01 11:55:16,574 - VALO360 - DEBUG - 自動保存已禁用，跳過配置保存
2025-08-01 11:55:16,574 - VALO360 - DEBUG - 自動保存已禁用，跳過配置保存
2025-08-01 11:55:16,576 - VALO360 - DEBUG - 自動保存已禁用，跳過配置保存
2025-08-01 11:55:16,576 - VALO360 - DEBUG - 自動保存已禁用，跳過配置保存
2025-08-01 11:55:16,576 - VALO360 - DEBUG - 自動保存已禁用，跳過配置保存
2025-08-01 11:55:16,576 - VALO360 - DEBUG - 自動保存已禁用，跳過配置保存
2025-08-01 11:55:16,576 - VALO360 - DEBUG - 自動保存已禁用，跳過配置保存
2025-08-01 11:55:16,576 - VALO360 - DEBUG - 自動保存已禁用，跳過配置保存
2025-08-01 11:55:16,576 - VALO360 - DEBUG - 自動保存已禁用，跳過配置保存
2025-08-01 11:55:16,576 - VALO360 - DEBUG - 自動保存已禁用，跳過配置保存
2025-08-01 11:55:16,576 - VALO360 - DEBUG - 自動保存已禁用，跳過配置保存
2025-08-01 11:55:16,576 - VALO360 - DEBUG - 自動保存已禁用，跳過配置保存
2025-08-01 11:55:16,576 - VALO360 - DEBUG - 自動保存已禁用，跳過配置保存
2025-08-01 11:55:16,576 - VALO360 - DEBUG - 自動保存已禁用，跳過配置保存
2025-08-01 11:55:16,576 - VALO360 - DEBUG - 自動保存已禁用，跳過配置保存
2025-08-01 11:55:16,585 - VALO360 - DEBUG - 自動保存已禁用，跳過配置保存
2025-08-01 11:55:16,585 - VALO360 - DEBUG - 自動保存已禁用，跳過配置保存
2025-08-01 11:55:16,585 - VALO360 - DEBUG - 自動保存已禁用，跳過配置保存
2025-08-01 11:55:16,586 - VALO360 - DEBUG - 自動保存已禁用，跳過配置保存
2025-08-01 11:55:16,586 - VALO360 - DEBUG - 自動保存已禁用，跳過配置保存
2025-08-01 11:55:16,586 - VALO360 - DEBUG - 自動保存已禁用，跳過配置保存
2025-08-01 11:55:16,586 - VALO360 - DEBUG - 自動保存已禁用，跳過配置保存
2025-08-01 11:55:16,588 - VALO360 - DEBUG - 自動保存已禁用，跳過配置保存
2025-08-01 11:55:16,588 - VALO360 - DEBUG - 自動保存已禁用，跳過配置保存
2025-08-01 11:55:16,588 - VALO360 - DEBUG - 自動保存已禁用，跳過配置保存
2025-08-01 11:55:16,588 - VALO360 - DEBUG - 自動保存已禁用，跳過配置保存
2025-08-01 11:55:16,590 - VALO360 - DEBUG - 自動保存已禁用，跳過配置保存
2025-08-01 11:55:16,590 - VALO360 - DEBUG - 自動保存已禁用，跳過配置保存
2025-08-01 11:55:16,590 - VALO360 - DEBUG - 自動保存已禁用，跳過配置保存
2025-08-01 11:55:16,590 - VALO360 - DEBUG - 自動保存已禁用，跳過配置保存
2025-08-01 11:55:16,592 - VALO360 - DEBUG - 自動保存已禁用，跳過配置保存
2025-08-01 11:55:16,592 - VALO360 - DEBUG - 自動保存已禁用，跳過配置保存
2025-08-01 11:55:16,592 - VALO360 - DEBUG - 自動保存已禁用，跳過配置保存
2025-08-01 11:55:16,592 - VALO360 - DEBUG - 自動保存已禁用，跳過配置保存
2025-08-01 11:55:16,594 - VALO360 - DEBUG - 自動保存已禁用，跳過配置保存
2025-08-01 11:55:16,595 - VALO360 - DEBUG - 自動保存已禁用，跳過配置保存
2025-08-01 11:55:16,595 - VALO360 - DEBUG - 自動保存已禁用，跳過配置保存
2025-08-01 11:55:16,595 - VALO360 - DEBUG - 自動保存已禁用，跳過配置保存
2025-08-01 11:55:16,596 - VALO360 - DEBUG - 自動保存已禁用，跳過配置保存
2025-08-01 11:55:16,596 - VALO360 - DEBUG - 自動保存已禁用，跳過配置保存
2025-08-01 11:55:16,596 - VALO360 - DEBUG - 自動保存已禁用，跳過配置保存
2025-08-01 11:55:16,597 - VALO360 - DEBUG - 自動保存已禁用，跳過配置保存
2025-08-01 11:55:16,597 - VALO360 - DEBUG - 自動保存已禁用，跳過配置保存
2025-08-01 11:55:16,597 - VALO360 - DEBUG - 自動保存已禁用，跳過配置保存
2025-08-01 11:55:16,597 - VALO360 - DEBUG - 自動保存已禁用，跳過配置保存
2025-08-01 11:55:16,599 - VALO360 - DEBUG - 自動保存已禁用，跳過配置保存
2025-08-01 11:55:16,599 - VALO360 - DEBUG - 自動保存已禁用，跳過配置保存
2025-08-01 11:55:16,601 - VALO360 - DEBUG - 自動保存已禁用，跳過配置保存
2025-08-01 11:55:16,601 - VALO360 - DEBUG - 自動保存已禁用，跳過配置保存
2025-08-01 11:55:16,601 - VALO360 - DEBUG - 自動保存已禁用，跳過配置保存
2025-08-01 11:55:16,601 - VALO360 - DEBUG - 自動保存已禁用，跳過配置保存
2025-08-01 11:55:16,601 - VALO360 - DEBUG - 自動保存已禁用，跳過配置保存
2025-08-01 11:55:16,601 - VALO360 - DEBUG - 自動保存已禁用，跳過配置保存
2025-08-01 11:55:16,604 - VALO360 - DEBUG - 自動保存已禁用，跳過配置保存
2025-08-01 11:55:16,604 - VALO360 - DEBUG - 自動保存已禁用，跳過配置保存
2025-08-01 11:55:16,604 - VALO360 - DEBUG - 自動保存已禁用，跳過配置保存
2025-08-01 11:55:16,604 - VALO360 - DEBUG - 自動保存已禁用，跳過配置保存
2025-08-01 11:55:16,605 - VALO360 - DEBUG - 自動保存已禁用，跳過配置保存
2025-08-01 11:55:16,606 - VALO360 - DEBUG - 自動保存已禁用，跳過配置保存
2025-08-01 11:55:16,606 - VALO360 - DEBUG - 自動保存已禁用，跳過配置保存
2025-08-01 11:55:16,606 - VALO360 - DEBUG - 自動保存已禁用，跳過配置保存
2025-08-01 11:55:16,606 - VALO360 - DEBUG - 自動保存已禁用，跳過配置保存
2025-08-01 11:55:16,606 - VALO360 - DEBUG - 自動保存已禁用，跳過配置保存
2025-08-01 11:55:16,606 - VALO360 - DEBUG - 自動保存已禁用，跳過配置保存
2025-08-01 11:55:16,606 - VALO360 - DEBUG - 自動保存已禁用，跳過配置保存
2025-08-01 11:55:16,606 - VALO360 - DEBUG - 自動保存已禁用，跳過配置保存
2025-08-01 11:55:16,606 - VALO360 - DEBUG - 自動保存已禁用，跳過配置保存
2025-08-01 11:55:16,606 - VALO360 - DEBUG - 自動保存已禁用，跳過配置保存
2025-08-01 11:55:16,612 - VALO360 - DEBUG - 自動保存已禁用，跳過配置保存
2025-08-01 11:55:16,612 - VALO360 - DEBUG - 自動保存已禁用，跳過配置保存
2025-08-01 11:55:16,612 - VALO360 - DEBUG - 自動保存已禁用，跳過配置保存
2025-08-01 11:55:16,612 - VALO360 - DEBUG - 自動保存已禁用，跳過配置保存
2025-08-01 11:55:16,612 - VALO360 - DEBUG - 自動保存已禁用，跳過配置保存
2025-08-01 11:55:16,614 - VALO360 - DEBUG - 自動保存已禁用，跳過配置保存
2025-08-01 11:55:16,614 - VALO360 - DEBUG - 自動保存已禁用，跳過配置保存
2025-08-01 11:55:16,614 - VALO360 - DEBUG - 自動保存已禁用，跳過配置保存
2025-08-01 11:55:16,614 - VALO360 - DEBUG - 自動保存已禁用，跳過配置保存
2025-08-01 11:55:16,616 - VALO360 - DEBUG - 自動保存已禁用，跳過配置保存
2025-08-01 11:55:16,616 - VALO360 - DEBUG - 自動保存已禁用，跳過配置保存
2025-08-01 11:55:16,616 - VALO360 - DEBUG - 自動保存已禁用，跳過配置保存
2025-08-01 11:55:16,616 - VALO360 - DEBUG - 自動保存已禁用，跳過配置保存
2025-08-01 11:55:16,616 - VALO360 - DEBUG - 自動保存已禁用，跳過配置保存
2025-08-01 11:55:16,616 - VALO360 - DEBUG - 自動保存已禁用，跳過配置保存
2025-08-01 11:55:16,616 - VALO360 - DEBUG - 自動保存已禁用，跳過配置保存
2025-08-01 11:55:16,616 - VALO360 - DEBUG - 自動保存已禁用，跳過配置保存
2025-08-01 11:55:16,620 - VALO360 - DEBUG - 自動保存已禁用，跳過配置保存
2025-08-01 11:55:16,620 - VALO360 - DEBUG - 自動保存已禁用，跳過配置保存
2025-08-01 11:55:16,620 - VALO360 - DEBUG - 自動保存已禁用，跳過配置保存
2025-08-01 11:55:16,620 - VALO360 - DEBUG - 自動保存已禁用，跳過配置保存
2025-08-01 11:55:16,621 - VALO360 - DEBUG - 自動保存已禁用，跳過配置保存
2025-08-01 11:55:16,621 - VALO360 - DEBUG - 自動保存已禁用，跳過配置保存
2025-08-01 11:55:16,621 - VALO360 - DEBUG - 自動保存已禁用，跳過配置保存
2025-08-01 11:55:16,621 - VALO360 - DEBUG - 自動保存已禁用，跳過配置保存
2025-08-01 11:55:16,623 - VALO360 - DEBUG - 自動保存已禁用，跳過配置保存
2025-08-01 11:55:16,623 - VALO360 - DEBUG - 自動保存已禁用，跳過配置保存
2025-08-01 11:55:16,623 - VALO360 - DEBUG - 自動保存已禁用，跳過配置保存
2025-08-01 11:55:16,623 - VALO360 - DEBUG - 自動保存已禁用，跳過配置保存
2025-08-01 11:55:16,623 - VALO360 - DEBUG - 自動保存已禁用，跳過配置保存
2025-08-01 11:55:16,626 - VALO360 - DEBUG - 自動保存已禁用，跳過配置保存
2025-08-01 11:55:16,626 - VALO360 - DEBUG - 自動保存已禁用，跳過配置保存
2025-08-01 11:55:16,626 - VALO360 - DEBUG - 自動保存已禁用，跳過配置保存
2025-08-01 11:55:16,626 - VALO360 - DEBUG - 自動保存已禁用，跳過配置保存
2025-08-01 11:55:16,626 - VALO360 - DEBUG - 自動保存已禁用，跳過配置保存
2025-08-01 11:55:16,626 - VALO360 - DEBUG - 自動保存已禁用，跳過配置保存
2025-08-01 11:55:16,634 - VALO360 - DEBUG - 自動保存已禁用，跳過配置保存
2025-08-01 11:55:16,634 - VALO360 - DEBUG - 自動保存已禁用，跳過配置保存
2025-08-01 11:55:16,636 - VALO360 - DEBUG - 自動保存已禁用，跳過配置保存
2025-08-01 11:55:16,636 - VALO360 - DEBUG - 自動保存已禁用，跳過配置保存
2025-08-01 11:55:16,636 - VALO360 - DEBUG - 自動保存已禁用，跳過配置保存
2025-08-01 11:55:16,636 - VALO360 - DEBUG - 自動保存已禁用，跳過配置保存
2025-08-01 11:55:16,640 - VALO360 - DEBUG - 自動保存已禁用，跳過配置保存
2025-08-01 11:55:16,640 - VALO360 - DEBUG - 自動保存已禁用，跳過配置保存
2025-08-01 11:55:16,640 - VALO360 - DEBUG - 自動保存已禁用，跳過配置保存
2025-08-01 11:55:16,640 - VALO360 - DEBUG - 自動保存已禁用，跳過配置保存
2025-08-01 11:55:16,644 - VALO360 - DEBUG - 自動保存已禁用，跳過配置保存
2025-08-01 11:55:16,644 - VALO360 - DEBUG - 自動保存已禁用，跳過配置保存
2025-08-01 11:55:16,644 - VALO360 - DEBUG - 自動保存已禁用，跳過配置保存
2025-08-01 11:55:16,644 - VALO360 - DEBUG - 自動保存已禁用，跳過配置保存
2025-08-01 11:55:16,646 - VALO360 - DEBUG - 自動保存已禁用，跳過配置保存
2025-08-01 11:55:16,647 - VALO360 - DEBUG - 自動保存已禁用，跳過配置保存
2025-08-01 11:55:16,647 - VALO360 - DEBUG - 自動保存已禁用，跳過配置保存
2025-08-01 11:55:16,647 - VALO360 - DEBUG - 自動保存已禁用，跳過配置保存
2025-08-01 11:55:16,649 - VALO360 - DEBUG - 自動保存已禁用，跳過配置保存
2025-08-01 11:55:16,649 - VALO360 - DEBUG - 自動保存已禁用，跳過配置保存
2025-08-01 11:55:16,649 - VALO360 - DEBUG - 自動保存已禁用，跳過配置保存
2025-08-01 11:55:16,649 - VALO360 - DEBUG - 自動保存已禁用，跳過配置保存
2025-08-01 11:55:16,649 - VALO360 - DEBUG - 自動保存已禁用，跳過配置保存
2025-08-01 11:55:16,649 - VALO360 - DEBUG - 自動保存已禁用，跳過配置保存
2025-08-01 11:55:16,649 - VALO360 - DEBUG - 自動保存已禁用，跳過配置保存
2025-08-01 11:55:16,649 - VALO360 - DEBUG - 自動保存已禁用，跳過配置保存
2025-08-01 11:55:16,649 - VALO360 - DEBUG - 自動保存已禁用，跳過配置保存
2025-08-01 11:55:16,649 - VALO360 - DEBUG - 自動保存已禁用，跳過配置保存
2025-08-01 11:55:16,649 - VALO360 - DEBUG - 自動保存已禁用，跳過配置保存
2025-08-01 11:55:16,649 - VALO360 - DEBUG - 自動保存已禁用，跳過配置保存
2025-08-01 11:55:16,649 - VALO360 - DEBUG - 自動保存已禁用，跳過配置保存
2025-08-01 11:55:16,657 - VALO360 - DEBUG - 自動保存已禁用，跳過配置保存
2025-08-01 11:55:16,657 - VALO360 - DEBUG - 自動保存已禁用，跳過配置保存
2025-08-01 11:55:16,657 - VALO360 - DEBUG - 自動保存已禁用，跳過配置保存
2025-08-01 11:55:16,660 - VALO360 - DEBUG - 自動保存已禁用，跳過配置保存
2025-08-01 11:55:16,661 - VALO360 - DEBUG - 自動保存已禁用，跳過配置保存
2025-08-01 11:55:16,661 - VALO360 - DEBUG - 自動保存已禁用，跳過配置保存
2025-08-01 11:55:16,661 - VALO360 - DEBUG - 自動保存已禁用，跳過配置保存
2025-08-01 11:55:16,661 - VALO360 - DEBUG - 自動保存已禁用，跳過配置保存
2025-08-01 11:55:16,661 - VALO360 - DEBUG - 自動保存已禁用，跳過配置保存
2025-08-01 11:55:16,661 - VALO360 - DEBUG - 自動保存已禁用，跳過配置保存
2025-08-01 11:55:16,661 - VALO360 - DEBUG - 自動保存已禁用，跳過配置保存
2025-08-01 11:55:16,667 - VALO360 - DEBUG - 自動保存已禁用，跳過配置保存
2025-08-01 11:55:16,667 - VALO360 - DEBUG - 自動保存已禁用，跳過配置保存
2025-08-01 11:55:16,667 - VALO360 - DEBUG - 自動保存已禁用，跳過配置保存
2025-08-01 11:55:16,667 - VALO360 - DEBUG - 自動保存已禁用，跳過配置保存
2025-08-01 11:55:16,669 - VALO360 - DEBUG - 自動保存已禁用，跳過配置保存
2025-08-01 11:55:16,669 - VALO360 - DEBUG - 自動保存已禁用，跳過配置保存
2025-08-01 11:55:16,669 - VALO360 - DEBUG - 自動保存已禁用，跳過配置保存
2025-08-01 11:55:16,671 - VALO360 - DEBUG - 自動保存已禁用，跳過配置保存
2025-08-01 11:55:16,671 - VALO360 - DEBUG - 自動保存已禁用，跳過配置保存
2025-08-01 11:55:16,671 - VALO360 - DEBUG - 自動保存已禁用，跳過配置保存
2025-08-01 11:55:16,671 - VALO360 - DEBUG - 自動保存已禁用，跳過配置保存
2025-08-01 11:55:16,673 - VALO360 - DEBUG - 自動保存已禁用，跳過配置保存
2025-08-01 11:55:16,673 - VALO360 - DEBUG - 自動保存已禁用，跳過配置保存
2025-08-01 11:55:16,673 - VALO360 - DEBUG - 自動保存已禁用，跳過配置保存
2025-08-01 11:55:16,673 - VALO360 - DEBUG - 自動保存已禁用，跳過配置保存
2025-08-01 11:55:16,675 - VALO360 - DEBUG - 自動保存已禁用，跳過配置保存
2025-08-01 11:55:16,675 - VALO360 - DEBUG - 自動保存已禁用，跳過配置保存
2025-08-01 11:55:16,675 - VALO360 - DEBUG - 自動保存已禁用，跳過配置保存
2025-08-01 11:55:16,677 - VALO360 - DEBUG - 自動保存已禁用，跳過配置保存
2025-08-01 11:55:16,677 - VALO360 - DEBUG - 自動保存已禁用，跳過配置保存
2025-08-01 11:55:16,677 - VALO360 - DEBUG - 自動保存已禁用，跳過配置保存
2025-08-01 11:55:16,679 - VALO360 - DEBUG - 自動保存已禁用，跳過配置保存
2025-08-01 11:55:16,679 - VALO360 - DEBUG - 自動保存已禁用，跳過配置保存
2025-08-01 11:55:16,679 - VALO360 - DEBUG - 自動保存已禁用，跳過配置保存
2025-08-01 11:55:16,679 - VALO360 - DEBUG - 自動保存已禁用，跳過配置保存
2025-08-01 11:55:16,681 - VALO360 - DEBUG - 自動保存已禁用，跳過配置保存
2025-08-01 11:55:16,681 - VALO360 - DEBUG - 自動保存已禁用，跳過配置保存
2025-08-01 11:55:16,681 - VALO360 - DEBUG - 自動保存已禁用，跳過配置保存
2025-08-01 11:55:16,683 - VALO360 - DEBUG - 自動保存已禁用，跳過配置保存
2025-08-01 11:55:16,683 - VALO360 - DEBUG - 自動保存已禁用，跳過配置保存
2025-08-01 11:55:16,683 - VALO360 - DEBUG - 自動保存已禁用，跳過配置保存
2025-08-01 11:55:16,683 - VALO360 - DEBUG - 自動保存已禁用，跳過配置保存
2025-08-01 11:55:16,685 - VALO360 - DEBUG - 自動保存已禁用，跳過配置保存
2025-08-01 11:55:16,685 - VALO360 - DEBUG - 自動保存已禁用，跳過配置保存
2025-08-01 11:55:16,685 - VALO360 - DEBUG - 自動保存已禁用，跳過配置保存
2025-08-01 11:55:16,685 - VALO360 - DEBUG - 自動保存已禁用，跳過配置保存
2025-08-01 11:55:16,685 - VALO360 - DEBUG - 自動保存已禁用，跳過配置保存
2025-08-01 11:55:16,687 - VALO360 - DEBUG - 自動保存已禁用，跳過配置保存
2025-08-01 11:55:16,687 - VALO360 - DEBUG - 自動保存已禁用，跳過配置保存
2025-08-01 11:55:16,687 - VALO360 - DEBUG - 自動保存已禁用，跳過配置保存
2025-08-01 11:55:16,687 - VALO360 - DEBUG - 自動保存已禁用，跳過配置保存
2025-08-01 11:55:16,689 - VALO360 - DEBUG - 自動保存已禁用，跳過配置保存
2025-08-01 11:55:16,689 - VALO360 - DEBUG - 自動保存已禁用，跳過配置保存
2025-08-01 11:55:16,689 - VALO360 - DEBUG - 自動保存已禁用，跳過配置保存
2025-08-01 11:55:16,689 - VALO360 - DEBUG - 自動保存已禁用，跳過配置保存
2025-08-01 11:55:16,689 - VALO360 - DEBUG - 自動保存已禁用，跳過配置保存
2025-08-01 11:55:16,689 - VALO360 - DEBUG - 自動保存已禁用，跳過配置保存
2025-08-01 11:55:16,692 - VALO360 - DEBUG - 自動保存已禁用，跳過配置保存
2025-08-01 11:55:16,692 - VALO360 - DEBUG - 自動保存已禁用，跳過配置保存
2025-08-01 11:55:16,692 - VALO360 - DEBUG - 自動保存已禁用，跳過配置保存
2025-08-01 11:55:16,692 - VALO360 - DEBUG - 自動保存已禁用，跳過配置保存
2025-08-01 11:55:16,692 - VALO360 - DEBUG - 自動保存已禁用，跳過配置保存
2025-08-01 11:55:16,692 - VALO360 - DEBUG - 自動保存已禁用，跳過配置保存
2025-08-01 11:55:16,692 - VALO360 - DEBUG - 自動保存已禁用，跳過配置保存
2025-08-01 11:55:16,692 - VALO360 - DEBUG - 自動保存已禁用，跳過配置保存
2025-08-01 11:55:16,692 - VALO360 - DEBUG - 自動保存已禁用，跳過配置保存
2025-08-01 11:55:16,703 - VALO360 - DEBUG - 自動保存已禁用，跳過配置保存
2025-08-01 11:55:16,703 - VALO360 - DEBUG - 自動保存已禁用，跳過配置保存
2025-08-01 11:55:16,703 - VALO360 - DEBUG - 自動保存已禁用，跳過配置保存
2025-08-01 11:55:16,703 - VALO360 - DEBUG - 自動保存已禁用，跳過配置保存
2025-08-01 11:55:16,705 - VALO360 - DEBUG - 自動保存已禁用，跳過配置保存
2025-08-01 11:55:16,705 - VALO360 - DEBUG - 自動保存已禁用，跳過配置保存
2025-08-01 11:55:16,705 - VALO360 - DEBUG - 自動保存已禁用，跳過配置保存
2025-08-01 11:55:16,705 - VALO360 - DEBUG - 自動保存已禁用，跳過配置保存
2025-08-01 11:55:16,705 - VALO360 - DEBUG - 自動保存已禁用，跳過配置保存
2025-08-01 11:55:16,707 - VALO360 - DEBUG - 自動保存已禁用，跳過配置保存
2025-08-01 11:55:16,707 - VALO360 - DEBUG - 自動保存已禁用，跳過配置保存
2025-08-01 11:55:16,707 - VALO360 - DEBUG - 自動保存已禁用，跳過配置保存
2025-08-01 11:55:16,713 - VALO360 - DEBUG - 自動保存已禁用，跳過配置保存
2025-08-01 11:55:16,715 - VALO360 - DEBUG - 自動保存已禁用，跳過配置保存
2025-08-01 11:55:16,715 - VALO360 - DEBUG - 自動保存已禁用，跳過配置保存
2025-08-01 11:55:16,715 - VALO360 - DEBUG - 自動保存已禁用，跳過配置保存
2025-08-01 11:55:16,851 - VALO360 - DEBUG - 自動保存已禁用，跳過配置保存
2025-08-01 11:55:16,851 - VALO360 - DEBUG - 自動保存已禁用，跳過配置保存
2025-08-01 11:55:16,851 - VALO360 - DEBUG - 自動保存已禁用，跳過配置保存
2025-08-01 11:55:16,851 - VALO360 - DEBUG - 自動保存已禁用，跳過配置保存
2025-08-01 11:55:16,851 - VALO360 - DEBUG - 自動保存已禁用，跳過配置保存
2025-08-01 11:55:16,851 - VALO360 - DEBUG - 自動保存已禁用，跳過配置保存
2025-08-01 11:55:16,851 - VALO360 - DEBUG - 自動保存已禁用，跳過配置保存
2025-08-01 11:55:16,851 - VALO360 - DEBUG - 自動保存已禁用，跳過配置保存
2025-08-01 11:55:16,851 - VALO360 - DEBUG - 自動保存已禁用，跳過配置保存
2025-08-01 11:55:16,851 - VALO360 - DEBUG - 自動保存已禁用，跳過配置保存
2025-08-01 11:55:16,851 - VALO360 - DEBUG - 自動保存已禁用，跳過配置保存
2025-08-01 11:55:16,851 - VALO360 - DEBUG - 自動保存已禁用，跳過配置保存
2025-08-01 11:55:16,851 - VALO360 - DEBUG - 自動保存已禁用，跳過配置保存
2025-08-01 11:55:16,851 - VALO360 - DEBUG - 自動保存已禁用，跳過配置保存
2025-08-01 11:55:16,851 - VALO360 - DEBUG - 自動保存已禁用，跳過配置保存
2025-08-01 11:55:16,851 - VALO360 - DEBUG - 自動保存已禁用，跳過配置保存
2025-08-01 11:55:16,862 - VALO360 - DEBUG - 自動保存已禁用，跳過配置保存
2025-08-01 11:55:16,862 - VALO360 - DEBUG - 自動保存已禁用，跳過配置保存
2025-08-01 11:55:16,862 - VALO360 - DEBUG - 自動保存已禁用，跳過配置保存
2025-08-01 11:55:16,862 - VALO360 - DEBUG - 自動保存已禁用，跳過配置保存
2025-08-01 11:55:16,862 - VALO360 - DEBUG - 自動保存已禁用，跳過配置保存
2025-08-01 11:55:16,862 - VALO360 - DEBUG - 自動保存已禁用，跳過配置保存
2025-08-01 11:55:16,862 - VALO360 - DEBUG - 自動保存已禁用，跳過配置保存
2025-08-01 11:55:16,862 - VALO360 - DEBUG - 自動保存已禁用，跳過配置保存
2025-08-01 11:55:16,862 - VALO360 - DEBUG - 自動保存已禁用，跳過配置保存
2025-08-01 11:55:16,862 - VALO360 - DEBUG - 自動保存已禁用，跳過配置保存
2025-08-01 11:55:16,862 - VALO360 - DEBUG - 自動保存已禁用，跳過配置保存
2025-08-01 11:55:16,862 - VALO360 - DEBUG - 自動保存已禁用，跳過配置保存
2025-08-01 11:55:16,868 - VALO360 - DEBUG - 自動保存已禁用，跳過配置保存
2025-08-01 11:55:16,868 - VALO360 - DEBUG - 自動保存已禁用，跳過配置保存
2025-08-01 11:55:16,868 - VALO360 - DEBUG - 自動保存已禁用，跳過配置保存
2025-08-01 11:55:16,868 - VALO360 - DEBUG - 自動保存已禁用，跳過配置保存
2025-08-01 11:55:16,876 - VALO360 - DEBUG - 自動保存已禁用，跳過配置保存
2025-08-01 11:55:16,876 - VALO360 - DEBUG - 自動保存已禁用，跳過配置保存
2025-08-01 11:55:16,876 - VALO360 - DEBUG - 自動保存已禁用，跳過配置保存
2025-08-01 11:55:16,876 - VALO360 - DEBUG - 自動保存已禁用，跳過配置保存
2025-08-01 11:55:16,876 - VALO360 - DEBUG - 自動保存已禁用，跳過配置保存
2025-08-01 11:55:16,876 - VALO360 - DEBUG - 自動保存已禁用，跳過配置保存
2025-08-01 11:55:16,876 - VALO360 - DEBUG - 自動保存已禁用，跳過配置保存
2025-08-01 11:55:16,876 - VALO360 - DEBUG - 自動保存已禁用，跳過配置保存
2025-08-01 11:55:17,290 - VALO360 - DEBUG - 自動保存已禁用，跳過配置保存
2025-08-01 11:55:17,291 - VALO360 - DEBUG - 自動保存已禁用，跳過配置保存
2025-08-01 11:55:17,291 - VALO360 - DEBUG - 自動保存已禁用，跳過配置保存
2025-08-01 11:55:17,292 - VALO360 - DEBUG - 自動保存已禁用，跳過配置保存
2025-08-01 11:55:17,296 - VALO360 - DEBUG - 自動保存已禁用，跳過配置保存
2025-08-01 11:55:17,297 - VALO360 - DEBUG - 自動保存已禁用，跳過配置保存
2025-08-01 11:55:17,297 - VALO360 - DEBUG - 自動保存已禁用，跳過配置保存
2025-08-01 11:55:17,297 - VALO360 - DEBUG - 自動保存已禁用，跳過配置保存
2025-08-01 11:55:17,306 - VALO360 - DEBUG - 自動保存已禁用，跳過配置保存
2025-08-01 11:55:17,307 - VALO360 - DEBUG - 自動保存已禁用，跳過配置保存
2025-08-01 11:55:17,307 - VALO360 - DEBUG - 自動保存已禁用，跳過配置保存
2025-08-01 11:55:17,308 - VALO360 - DEBUG - 自動保存已禁用，跳過配置保存
2025-08-01 11:55:17,312 - VALO360 - DEBUG - 自動保存已禁用，跳過配置保存
2025-08-01 11:55:17,314 - VALO360 - DEBUG - 自動保存已禁用，跳過配置保存
2025-08-01 11:55:17,315 - VALO360 - DEBUG - 自動保存已禁用，跳過配置保存
2025-08-01 11:55:17,315 - VALO360 - DEBUG - 自動保存已禁用，跳過配置保存
2025-08-01 11:55:17,321 - VALO360 - DEBUG - 自動保存已禁用，跳過配置保存
2025-08-01 11:55:17,322 - VALO360 - DEBUG - 自動保存已禁用，跳過配置保存
2025-08-01 11:55:17,322 - VALO360 - DEBUG - 自動保存已禁用，跳過配置保存
2025-08-01 11:55:17,323 - VALO360 - DEBUG - 自動保存已禁用，跳過配置保存
2025-08-01 11:55:17,331 - VALO360 - DEBUG - 自動保存已禁用，跳過配置保存
2025-08-01 11:55:17,332 - VALO360 - DEBUG - 自動保存已禁用，跳過配置保存
2025-08-01 11:55:17,332 - VALO360 - DEBUG - 自動保存已禁用，跳過配置保存
2025-08-01 11:55:17,333 - VALO360 - DEBUG - 自動保存已禁用，跳過配置保存
2025-08-01 11:55:17,340 - VALO360 - DEBUG - 自動保存已禁用，跳過配置保存
2025-08-01 11:55:17,341 - VALO360 - DEBUG - 自動保存已禁用，跳過配置保存
2025-08-01 11:55:17,341 - VALO360 - DEBUG - 自動保存已禁用，跳過配置保存
2025-08-01 11:55:17,341 - VALO360 - DEBUG - 自動保存已禁用，跳過配置保存
2025-08-01 11:55:17,348 - VALO360 - DEBUG - 自動保存已禁用，跳過配置保存
2025-08-01 11:55:17,349 - VALO360 - DEBUG - 自動保存已禁用，跳過配置保存
2025-08-01 11:55:17,349 - VALO360 - DEBUG - 自動保存已禁用，跳過配置保存
2025-08-01 11:55:17,350 - VALO360 - DEBUG - 自動保存已禁用，跳過配置保存
2025-08-01 11:55:17,357 - VALO360 - DEBUG - 自動保存已禁用，跳過配置保存
2025-08-01 11:55:17,358 - VALO360 - DEBUG - 自動保存已禁用，跳過配置保存
2025-08-01 11:55:17,358 - VALO360 - DEBUG - 自動保存已禁用，跳過配置保存
2025-08-01 11:55:17,358 - VALO360 - DEBUG - 自動保存已禁用，跳過配置保存
2025-08-01 11:55:17,364 - VALO360 - DEBUG - 自動保存已禁用，跳過配置保存
2025-08-01 11:55:17,365 - VALO360 - DEBUG - 自動保存已禁用，跳過配置保存
2025-08-01 11:55:17,365 - VALO360 - DEBUG - 自動保存已禁用，跳過配置保存
2025-08-01 11:55:17,365 - VALO360 - DEBUG - 自動保存已禁用，跳過配置保存
2025-08-01 11:55:17,371 - VALO360 - DEBUG - 自動保存已禁用，跳過配置保存
2025-08-01 11:55:17,371 - VALO360 - DEBUG - 自動保存已禁用，跳過配置保存
2025-08-01 11:55:17,371 - VALO360 - DEBUG - 自動保存已禁用，跳過配置保存
2025-08-01 11:55:17,371 - VALO360 - DEBUG - 自動保存已禁用，跳過配置保存
2025-08-01 11:55:17,377 - VALO360 - DEBUG - 自動保存已禁用，跳過配置保存
2025-08-01 11:55:17,378 - VALO360 - DEBUG - 自動保存已禁用，跳過配置保存
2025-08-01 11:55:17,378 - VALO360 - DEBUG - 自動保存已禁用，跳過配置保存
2025-08-01 11:55:17,379 - VALO360 - DEBUG - 自動保存已禁用，跳過配置保存
2025-08-01 11:55:17,388 - VALO360 - DEBUG - 自動保存已禁用，跳過配置保存
2025-08-01 11:55:17,388 - VALO360 - DEBUG - 自動保存已禁用，跳過配置保存
2025-08-01 11:55:17,388 - VALO360 - DEBUG - 自動保存已禁用，跳過配置保存
2025-08-01 11:55:17,389 - VALO360 - DEBUG - 自動保存已禁用，跳過配置保存
2025-08-01 11:55:17,394 - VALO360 - DEBUG - 自動保存已禁用，跳過配置保存
2025-08-01 11:55:17,394 - VALO360 - DEBUG - 自動保存已禁用，跳過配置保存
2025-08-01 11:55:17,395 - VALO360 - DEBUG - 自動保存已禁用，跳過配置保存
2025-08-01 11:55:17,395 - VALO360 - DEBUG - 自動保存已禁用，跳過配置保存
2025-08-01 11:55:17,404 - VALO360 - DEBUG - 自動保存已禁用，跳過配置保存
2025-08-01 11:55:17,405 - VALO360 - DEBUG - 自動保存已禁用，跳過配置保存
2025-08-01 11:55:17,405 - VALO360 - DEBUG - 自動保存已禁用，跳過配置保存
2025-08-01 11:55:17,405 - VALO360 - DEBUG - 自動保存已禁用，跳過配置保存
2025-08-01 11:55:17,417 - VALO360 - DEBUG - 自動保存已禁用，跳過配置保存
2025-08-01 11:55:17,417 - VALO360 - DEBUG - 自動保存已禁用，跳過配置保存
2025-08-01 11:55:17,418 - VALO360 - DEBUG - 自動保存已禁用，跳過配置保存
2025-08-01 11:55:17,418 - VALO360 - DEBUG - 自動保存已禁用，跳過配置保存
2025-08-01 11:55:17,474 - VALO360 - DEBUG - 自動保存已禁用，跳過配置保存
2025-08-01 11:55:17,475 - VALO360 - DEBUG - 自動保存已禁用，跳過配置保存
2025-08-01 11:55:17,476 - VALO360 - DEBUG - 自動保存已禁用，跳過配置保存
2025-08-01 11:55:17,476 - VALO360 - DEBUG - 自動保存已禁用，跳過配置保存
2025-08-01 11:55:17,481 - VALO360 - DEBUG - 自動保存已禁用，跳過配置保存
2025-08-01 11:55:17,483 - VALO360 - DEBUG - 自動保存已禁用，跳過配置保存
2025-08-01 11:55:17,484 - VALO360 - DEBUG - 自動保存已禁用，跳過配置保存
2025-08-01 11:55:17,485 - VALO360 - DEBUG - 自動保存已禁用，跳過配置保存
2025-08-01 11:55:17,490 - VALO360 - DEBUG - 自動保存已禁用，跳過配置保存
2025-08-01 11:55:17,490 - VALO360 - DEBUG - 自動保存已禁用，跳過配置保存
2025-08-01 11:55:17,490 - VALO360 - DEBUG - 自動保存已禁用，跳過配置保存
2025-08-01 11:55:17,490 - VALO360 - DEBUG - 自動保存已禁用，跳過配置保存
2025-08-01 11:55:17,496 - VALO360 - DEBUG - 自動保存已禁用，跳過配置保存
2025-08-01 11:55:17,497 - VALO360 - DEBUG - 自動保存已禁用，跳過配置保存
2025-08-01 11:55:17,498 - VALO360 - DEBUG - 自動保存已禁用，跳過配置保存
2025-08-01 11:55:17,500 - VALO360 - DEBUG - 自動保存已禁用，跳過配置保存
2025-08-01 11:55:17,503 - VALO360 - DEBUG - 自動保存已禁用，跳過配置保存
2025-08-01 11:55:17,504 - VALO360 - DEBUG - 自動保存已禁用，跳過配置保存
2025-08-01 11:55:17,505 - VALO360 - DEBUG - 自動保存已禁用，跳過配置保存
2025-08-01 11:55:17,505 - VALO360 - DEBUG - 自動保存已禁用，跳過配置保存
2025-08-01 11:55:17,509 - VALO360 - DEBUG - 自動保存已禁用，跳過配置保存
2025-08-01 11:55:17,509 - VALO360 - DEBUG - 自動保存已禁用，跳過配置保存
2025-08-01 11:55:17,509 - VALO360 - DEBUG - 自動保存已禁用，跳過配置保存
2025-08-01 11:55:17,510 - VALO360 - DEBUG - 自動保存已禁用，跳過配置保存
2025-08-01 11:55:17,518 - VALO360 - DEBUG - 自動保存已禁用，跳過配置保存
2025-08-01 11:55:17,519 - VALO360 - DEBUG - 自動保存已禁用，跳過配置保存
2025-08-01 11:55:17,519 - VALO360 - DEBUG - 自動保存已禁用，跳過配置保存
2025-08-01 11:55:17,519 - VALO360 - DEBUG - 自動保存已禁用，跳過配置保存
2025-08-01 11:55:17,524 - VALO360 - DEBUG - 自動保存已禁用，跳過配置保存
2025-08-01 11:55:17,524 - VALO360 - DEBUG - 自動保存已禁用，跳過配置保存
2025-08-01 11:55:17,524 - VALO360 - DEBUG - 自動保存已禁用，跳過配置保存
2025-08-01 11:55:17,524 - VALO360 - DEBUG - 自動保存已禁用，跳過配置保存
2025-08-01 11:55:17,533 - VALO360 - DEBUG - 自動保存已禁用，跳過配置保存
2025-08-01 11:55:17,534 - VALO360 - DEBUG - 自動保存已禁用，跳過配置保存
2025-08-01 11:55:17,534 - VALO360 - DEBUG - 自動保存已禁用，跳過配置保存
2025-08-01 11:55:17,535 - VALO360 - DEBUG - 自動保存已禁用，跳過配置保存
2025-08-01 11:55:17,540 - VALO360 - DEBUG - 自動保存已禁用，跳過配置保存
2025-08-01 11:55:17,540 - VALO360 - DEBUG - 自動保存已禁用，跳過配置保存
2025-08-01 11:55:17,540 - VALO360 - DEBUG - 自動保存已禁用，跳過配置保存
2025-08-01 11:55:17,541 - VALO360 - DEBUG - 自動保存已禁用，跳過配置保存
2025-08-01 11:55:17,549 - VALO360 - DEBUG - 自動保存已禁用，跳過配置保存
2025-08-01 11:55:17,549 - VALO360 - DEBUG - 自動保存已禁用，跳過配置保存
2025-08-01 11:55:17,549 - VALO360 - DEBUG - 自動保存已禁用，跳過配置保存
2025-08-01 11:55:17,550 - VALO360 - DEBUG - 自動保存已禁用，跳過配置保存
2025-08-01 11:55:17,555 - VALO360 - DEBUG - 自動保存已禁用，跳過配置保存
2025-08-01 11:55:17,555 - VALO360 - DEBUG - 自動保存已禁用，跳過配置保存
2025-08-01 11:55:17,556 - VALO360 - DEBUG - 自動保存已禁用，跳過配置保存
2025-08-01 11:55:17,556 - VALO360 - DEBUG - 自動保存已禁用，跳過配置保存
2025-08-01 11:55:17,564 - VALO360 - DEBUG - 自動保存已禁用，跳過配置保存
2025-08-01 11:55:17,564 - VALO360 - DEBUG - 自動保存已禁用，跳過配置保存
2025-08-01 11:55:17,565 - VALO360 - DEBUG - 自動保存已禁用，跳過配置保存
2025-08-01 11:55:17,566 - VALO360 - DEBUG - 自動保存已禁用，跳過配置保存
2025-08-01 11:55:17,572 - VALO360 - DEBUG - 自動保存已禁用，跳過配置保存
2025-08-01 11:55:17,572 - VALO360 - DEBUG - 自動保存已禁用，跳過配置保存
2025-08-01 11:55:17,572 - VALO360 - DEBUG - 自動保存已禁用，跳過配置保存
2025-08-01 11:55:17,572 - VALO360 - DEBUG - 自動保存已禁用，跳過配置保存
2025-08-01 11:55:17,582 - VALO360 - DEBUG - 自動保存已禁用，跳過配置保存
2025-08-01 11:55:17,583 - VALO360 - DEBUG - 自動保存已禁用，跳過配置保存
2025-08-01 11:55:17,584 - VALO360 - DEBUG - 自動保存已禁用，跳過配置保存
2025-08-01 11:55:17,584 - VALO360 - DEBUG - 自動保存已禁用，跳過配置保存
2025-08-01 11:55:17,588 - VALO360 - DEBUG - 自動保存已禁用，跳過配置保存
2025-08-01 11:55:17,588 - VALO360 - DEBUG - 自動保存已禁用，跳過配置保存
2025-08-01 11:55:17,588 - VALO360 - DEBUG - 自動保存已禁用，跳過配置保存
2025-08-01 11:55:17,588 - VALO360 - DEBUG - 自動保存已禁用，跳過配置保存
2025-08-01 11:55:17,596 - VALO360 - DEBUG - 自動保存已禁用，跳過配置保存
2025-08-01 11:55:17,597 - VALO360 - DEBUG - 自動保存已禁用，跳過配置保存
2025-08-01 11:55:17,597 - VALO360 - DEBUG - 自動保存已禁用，跳過配置保存
2025-08-01 11:55:17,597 - VALO360 - DEBUG - 自動保存已禁用，跳過配置保存
2025-08-01 11:55:17,604 - VALO360 - DEBUG - 自動保存已禁用，跳過配置保存
2025-08-01 11:55:17,604 - VALO360 - DEBUG - 自動保存已禁用，跳過配置保存
2025-08-01 11:55:17,604 - VALO360 - DEBUG - 自動保存已禁用，跳過配置保存
2025-08-01 11:55:17,604 - VALO360 - DEBUG - 自動保存已禁用，跳過配置保存
2025-08-01 11:55:17,613 - VALO360 - DEBUG - 自動保存已禁用，跳過配置保存
2025-08-01 11:55:17,613 - VALO360 - DEBUG - 自動保存已禁用，跳過配置保存
2025-08-01 11:55:17,614 - VALO360 - DEBUG - 自動保存已禁用，跳過配置保存
2025-08-01 11:55:17,614 - VALO360 - DEBUG - 自動保存已禁用，跳過配置保存
2025-08-01 11:55:17,620 - VALO360 - DEBUG - 自動保存已禁用，跳過配置保存
2025-08-01 11:55:17,620 - VALO360 - DEBUG - 自動保存已禁用，跳過配置保存
2025-08-01 11:55:17,620 - VALO360 - DEBUG - 自動保存已禁用，跳過配置保存
2025-08-01 11:55:17,621 - VALO360 - DEBUG - 自動保存已禁用，跳過配置保存
2025-08-01 11:55:17,628 - VALO360 - DEBUG - 自動保存已禁用，跳過配置保存
2025-08-01 11:55:17,628 - VALO360 - DEBUG - 自動保存已禁用，跳過配置保存
2025-08-01 11:55:17,628 - VALO360 - DEBUG - 自動保存已禁用，跳過配置保存
2025-08-01 11:55:17,629 - VALO360 - DEBUG - 自動保存已禁用，跳過配置保存
2025-08-01 11:55:17,635 - VALO360 - DEBUG - 自動保存已禁用，跳過配置保存
2025-08-01 11:55:17,635 - VALO360 - DEBUG - 自動保存已禁用，跳過配置保存
2025-08-01 11:55:17,637 - VALO360 - DEBUG - 自動保存已禁用，跳過配置保存
2025-08-01 11:55:17,637 - VALO360 - DEBUG - 自動保存已禁用，跳過配置保存
2025-08-01 11:55:17,644 - VALO360 - DEBUG - 自動保存已禁用，跳過配置保存
2025-08-01 11:55:17,644 - VALO360 - DEBUG - 自動保存已禁用，跳過配置保存
2025-08-01 11:55:17,646 - VALO360 - DEBUG - 自動保存已禁用，跳過配置保存
2025-08-01 11:55:17,646 - VALO360 - DEBUG - 自動保存已禁用，跳過配置保存
2025-08-01 11:55:17,709 - VALO360 - DEBUG - 自動保存已禁用，跳過配置保存
2025-08-01 11:55:17,709 - VALO360 - DEBUG - 自動保存已禁用，跳過配置保存
2025-08-01 11:55:17,709 - VALO360 - DEBUG - 自動保存已禁用，跳過配置保存
2025-08-01 11:55:17,709 - VALO360 - DEBUG - 自動保存已禁用，跳過配置保存
2025-08-01 11:55:17,716 - VALO360 - DEBUG - 自動保存已禁用，跳過配置保存
2025-08-01 11:55:17,716 - VALO360 - DEBUG - 自動保存已禁用，跳過配置保存
2025-08-01 11:55:17,717 - VALO360 - DEBUG - 自動保存已禁用，跳過配置保存
2025-08-01 11:55:17,717 - VALO360 - DEBUG - 自動保存已禁用，跳過配置保存
2025-08-01 11:55:17,723 - VALO360 - DEBUG - 自動保存已禁用，跳過配置保存
2025-08-01 11:55:17,723 - VALO360 - DEBUG - 自動保存已禁用，跳過配置保存
2025-08-01 11:55:17,724 - VALO360 - DEBUG - 自動保存已禁用，跳過配置保存
2025-08-01 11:55:17,724 - VALO360 - DEBUG - 自動保存已禁用，跳過配置保存
2025-08-01 11:55:17,731 - VALO360 - DEBUG - 自動保存已禁用，跳過配置保存
2025-08-01 11:55:17,731 - VALO360 - DEBUG - 自動保存已禁用，跳過配置保存
2025-08-01 11:55:17,731 - VALO360 - DEBUG - 自動保存已禁用，跳過配置保存
2025-08-01 11:55:17,733 - VALO360 - DEBUG - 自動保存已禁用，跳過配置保存
2025-08-01 11:55:17,739 - VALO360 - DEBUG - 自動保存已禁用，跳過配置保存
2025-08-01 11:55:17,740 - VALO360 - DEBUG - 自動保存已禁用，跳過配置保存
2025-08-01 11:55:17,740 - VALO360 - DEBUG - 自動保存已禁用，跳過配置保存
2025-08-01 11:55:17,740 - VALO360 - DEBUG - 自動保存已禁用，跳過配置保存
2025-08-01 11:55:17,748 - VALO360 - DEBUG - 自動保存已禁用，跳過配置保存
2025-08-01 11:55:17,749 - VALO360 - DEBUG - 自動保存已禁用，跳過配置保存
2025-08-01 11:55:17,749 - VALO360 - DEBUG - 自動保存已禁用，跳過配置保存
2025-08-01 11:55:17,749 - VALO360 - DEBUG - 自動保存已禁用，跳過配置保存
2025-08-01 11:55:17,757 - VALO360 - DEBUG - 自動保存已禁用，跳過配置保存
2025-08-01 11:55:17,757 - VALO360 - DEBUG - 自動保存已禁用，跳過配置保存
2025-08-01 11:55:17,757 - VALO360 - DEBUG - 自動保存已禁用，跳過配置保存
2025-08-01 11:55:17,758 - VALO360 - DEBUG - 自動保存已禁用，跳過配置保存
2025-08-01 11:55:17,763 - VALO360 - DEBUG - 自動保存已禁用，跳過配置保存
2025-08-01 11:55:17,764 - VALO360 - DEBUG - 自動保存已禁用，跳過配置保存
2025-08-01 11:55:17,764 - VALO360 - DEBUG - 自動保存已禁用，跳過配置保存
2025-08-01 11:55:17,764 - VALO360 - DEBUG - 自動保存已禁用，跳過配置保存
2025-08-01 11:55:17,771 - VALO360 - DEBUG - 自動保存已禁用，跳過配置保存
2025-08-01 11:55:17,772 - VALO360 - DEBUG - 自動保存已禁用，跳過配置保存
2025-08-01 11:55:17,772 - VALO360 - DEBUG - 自動保存已禁用，跳過配置保存
2025-08-01 11:55:17,772 - VALO360 - DEBUG - 自動保存已禁用，跳過配置保存
2025-08-01 11:55:17,780 - VALO360 - DEBUG - 自動保存已禁用，跳過配置保存
2025-08-01 11:55:17,780 - VALO360 - DEBUG - 自動保存已禁用，跳過配置保存
2025-08-01 11:55:17,780 - VALO360 - DEBUG - 自動保存已禁用，跳過配置保存
2025-08-01 11:55:17,780 - VALO360 - DEBUG - 自動保存已禁用，跳過配置保存
2025-08-01 11:55:17,788 - VALO360 - DEBUG - 自動保存已禁用，跳過配置保存
2025-08-01 11:55:17,788 - VALO360 - DEBUG - 自動保存已禁用，跳過配置保存
2025-08-01 11:55:17,788 - VALO360 - DEBUG - 自動保存已禁用，跳過配置保存
2025-08-01 11:55:17,789 - VALO360 - DEBUG - 自動保存已禁用，跳過配置保存
2025-08-01 11:55:17,796 - VALO360 - DEBUG - 自動保存已禁用，跳過配置保存
2025-08-01 11:55:17,797 - VALO360 - DEBUG - 自動保存已禁用，跳過配置保存
2025-08-01 11:55:17,797 - VALO360 - DEBUG - 自動保存已禁用，跳過配置保存
2025-08-01 11:55:17,797 - VALO360 - DEBUG - 自動保存已禁用，跳過配置保存
2025-08-01 11:55:17,803 - VALO360 - DEBUG - 自動保存已禁用，跳過配置保存
2025-08-01 11:55:17,803 - VALO360 - DEBUG - 自動保存已禁用，跳過配置保存
2025-08-01 11:55:17,804 - VALO360 - DEBUG - 自動保存已禁用，跳過配置保存
2025-08-01 11:55:17,804 - VALO360 - DEBUG - 自動保存已禁用，跳過配置保存
2025-08-01 11:55:17,812 - VALO360 - DEBUG - 自動保存已禁用，跳過配置保存
2025-08-01 11:55:17,813 - VALO360 - DEBUG - 自動保存已禁用，跳過配置保存
2025-08-01 11:55:17,813 - VALO360 - DEBUG - 自動保存已禁用，跳過配置保存
2025-08-01 11:55:17,813 - VALO360 - DEBUG - 自動保存已禁用，跳過配置保存
2025-08-01 11:55:17,820 - VALO360 - DEBUG - 自動保存已禁用，跳過配置保存
2025-08-01 11:55:17,820 - VALO360 - DEBUG - 自動保存已禁用，跳過配置保存
2025-08-01 11:55:17,821 - VALO360 - DEBUG - 自動保存已禁用，跳過配置保存
2025-08-01 11:55:17,821 - VALO360 - DEBUG - 自動保存已禁用，跳過配置保存
2025-08-01 11:55:17,827 - VALO360 - DEBUG - 自動保存已禁用，跳過配置保存
2025-08-01 11:55:17,829 - VALO360 - DEBUG - 自動保存已禁用，跳過配置保存
2025-08-01 11:55:17,829 - VALO360 - DEBUG - 自動保存已禁用，跳過配置保存
2025-08-01 11:55:17,829 - VALO360 - DEBUG - 自動保存已禁用，跳過配置保存
2025-08-01 11:55:21,352 - VALO360 - DEBUG - SerialWorker 初始化: COM=COM5, 指令數=1, 超時=30s
2025-08-01 11:55:21,361 - VALO360 - INFO - 開始執行序列埠任務: COM5
2025-08-01 11:55:21,368 - VALO360 - DEBUG - 自動保存已禁用，跳過配置保存
2025-08-01 11:55:21,368 - VALO360 - DEBUG - 自動保存已禁用，跳過配置保存
2025-08-01 11:55:21,370 - VALO360 - DEBUG - 自動保存已禁用，跳過配置保存
2025-08-01 11:55:21,370 - VALO360 - DEBUG - 自動保存已禁用，跳過配置保存
2025-08-01 11:55:21,372 - VALO360 - DEBUG - 自動保存已禁用，跳過配置保存
2025-08-01 11:55:21,372 - VALO360 - DEBUG - 自動保存已禁用，跳過配置保存
2025-08-01 11:55:21,372 - VALO360 - DEBUG - 自動保存已禁用，跳過配置保存
2025-08-01 11:55:21,372 - VALO360 - DEBUG - 自動保存已禁用，跳過配置保存
2025-08-01 11:55:21,372 - VALO360 - DEBUG - 自動保存已禁用，跳過配置保存
2025-08-01 11:55:21,372 - VALO360 - DEBUG - 自動保存已禁用，跳過配置保存
2025-08-01 11:55:21,372 - VALO360 - DEBUG - 自動保存已禁用，跳過配置保存
2025-08-01 11:55:21,372 - VALO360 - DEBUG - 自動保存已禁用，跳過配置保存
2025-08-01 11:55:21,372 - VALO360 - DEBUG - 自動保存已禁用，跳過配置保存
2025-08-01 11:55:21,372 - VALO360 - DEBUG - 自動保存已禁用，跳過配置保存
2025-08-01 11:55:21,372 - VALO360 - DEBUG - 自動保存已禁用，跳過配置保存
2025-08-01 11:55:21,372 - VALO360 - DEBUG - 自動保存已禁用，跳過配置保存
2025-08-01 11:55:21,372 - VALO360 - DEBUG - 自動保存已禁用，跳過配置保存
2025-08-01 11:55:21,372 - VALO360 - DEBUG - 自動保存已禁用，跳過配置保存
2025-08-01 11:55:21,372 - VALO360 - DEBUG - 自動保存已禁用，跳過配置保存
2025-08-01 11:55:21,372 - VALO360 - DEBUG - 自動保存已禁用，跳過配置保存
2025-08-01 11:55:21,372 - VALO360 - DEBUG - 自動保存已禁用，跳過配置保存
2025-08-01 11:55:21,372 - VALO360 - DEBUG - 自動保存已禁用，跳過配置保存
2025-08-01 11:55:21,372 - VALO360 - DEBUG - 自動保存已禁用，跳過配置保存
2025-08-01 11:55:21,372 - VALO360 - DEBUG - 自動保存已禁用，跳過配置保存
2025-08-01 11:55:22,460 - VALO360 - DEBUG - 自動保存已禁用，跳過配置保存
2025-08-01 11:55:22,460 - VALO360 - DEBUG - 自動保存已禁用，跳過配置保存
2025-08-01 11:55:22,460 - VALO360 - DEBUG - 自動保存已禁用，跳過配置保存
2025-08-01 11:55:22,460 - VALO360 - DEBUG - 自動保存已禁用，跳過配置保存
2025-08-01 11:55:22,460 - VALO360 - DEBUG - 自動保存已禁用，跳過配置保存
2025-08-01 11:55:22,460 - VALO360 - DEBUG - 自動保存已禁用，跳過配置保存
2025-08-01 11:55:22,460 - VALO360 - DEBUG - 自動保存已禁用，跳過配置保存
2025-08-01 11:55:22,460 - VALO360 - DEBUG - 自動保存已禁用，跳過配置保存
2025-08-01 11:55:22,460 - VALO360 - DEBUG - 自動保存已禁用，跳過配置保存
2025-08-01 11:55:22,460 - VALO360 - DEBUG - 自動保存已禁用，跳過配置保存
2025-08-01 11:55:22,460 - VALO360 - DEBUG - 自動保存已禁用，跳過配置保存
2025-08-01 11:55:22,460 - VALO360 - DEBUG - 自動保存已禁用，跳過配置保存
2025-08-01 11:55:22,468 - VALO360 - DEBUG - 自動保存已禁用，跳過配置保存
2025-08-01 11:55:22,469 - VALO360 - DEBUG - 自動保存已禁用，跳過配置保存
2025-08-01 11:55:22,469 - VALO360 - DEBUG - 自動保存已禁用，跳過配置保存
2025-08-01 11:55:22,469 - VALO360 - DEBUG - 自動保存已禁用，跳過配置保存
2025-08-01 11:55:22,470 - VALO360 - DEBUG - 自動保存已禁用，跳過配置保存
2025-08-01 11:55:22,471 - VALO360 - DEBUG - 自動保存已禁用，跳過配置保存
2025-08-01 11:55:22,471 - VALO360 - DEBUG - 自動保存已禁用，跳過配置保存
2025-08-01 11:55:22,471 - VALO360 - DEBUG - 自動保存已禁用，跳過配置保存
2025-08-01 11:55:22,614 - VALO360 - DEBUG - 簡單關閉 COM 口 COM5
2025-08-01 11:55:22,614 - VALO360 - DEBUG - SerialWorker 執行完成
2025-08-01 11:55:22,614 - VALO360 - WARNING - 函數 SerialWorker.run 執行時間過長: 1.254秒
2025-08-01 11:55:23,173 - VALO360 - DEBUG - SerialWorker 初始化: COM=COM5, 指令數=1, 超時=30s
2025-08-01 11:55:23,173 - VALO360 - INFO - 開始執行序列埠任務: COM5
2025-08-01 11:55:23,184 - VALO360 - DEBUG - 自動保存已禁用，跳過配置保存
2025-08-01 11:55:23,184 - VALO360 - DEBUG - 自動保存已禁用，跳過配置保存
2025-08-01 11:55:23,184 - VALO360 - DEBUG - 自動保存已禁用，跳過配置保存
2025-08-01 11:55:23,184 - VALO360 - DEBUG - 自動保存已禁用，跳過配置保存
2025-08-01 11:55:23,184 - VALO360 - DEBUG - 自動保存已禁用，跳過配置保存
2025-08-01 11:55:23,184 - VALO360 - DEBUG - 自動保存已禁用，跳過配置保存
2025-08-01 11:55:23,184 - VALO360 - DEBUG - 自動保存已禁用，跳過配置保存
2025-08-01 11:55:23,184 - VALO360 - DEBUG - 自動保存已禁用，跳過配置保存
2025-08-01 11:55:23,184 - VALO360 - DEBUG - 自動保存已禁用，跳過配置保存
2025-08-01 11:55:23,191 - VALO360 - DEBUG - 自動保存已禁用，跳過配置保存
2025-08-01 11:55:23,191 - VALO360 - DEBUG - 自動保存已禁用，跳過配置保存
2025-08-01 11:55:23,191 - VALO360 - DEBUG - 自動保存已禁用，跳過配置保存
2025-08-01 11:55:23,191 - VALO360 - DEBUG - 自動保存已禁用，跳過配置保存
2025-08-01 11:55:23,191 - VALO360 - DEBUG - 自動保存已禁用，跳過配置保存
2025-08-01 11:55:23,193 - VALO360 - DEBUG - 自動保存已禁用，跳過配置保存
2025-08-01 11:55:23,193 - VALO360 - DEBUG - 自動保存已禁用，跳過配置保存
2025-08-01 11:55:23,193 - VALO360 - DEBUG - 自動保存已禁用，跳過配置保存
2025-08-01 11:55:23,193 - VALO360 - DEBUG - 自動保存已禁用，跳過配置保存
2025-08-01 11:55:23,196 - VALO360 - DEBUG - 自動保存已禁用，跳過配置保存
2025-08-01 11:55:23,196 - VALO360 - DEBUG - 自動保存已禁用，跳過配置保存
2025-08-01 11:55:24,439 - VALO360 - DEBUG - 簡單關閉 COM 口 COM5
2025-08-01 11:55:24,442 - VALO360 - DEBUG - SerialWorker 執行完成
2025-08-01 11:55:24,442 - VALO360 - WARNING - 函數 SerialWorker.run 執行時間過長: 1.269秒
2025-08-01 11:55:24,448 - VALO360 - DEBUG - 自動保存已禁用，跳過配置保存
2025-08-01 11:55:24,450 - VALO360 - DEBUG - 自動保存已禁用，跳過配置保存
2025-08-01 11:55:24,450 - VALO360 - DEBUG - 自動保存已禁用，跳過配置保存
2025-08-01 11:55:24,450 - VALO360 - DEBUG - 自動保存已禁用，跳過配置保存
2025-08-01 11:55:24,450 - VALO360 - DEBUG - 自動保存已禁用，跳過配置保存
2025-08-01 11:55:24,450 - VALO360 - DEBUG - 自動保存已禁用，跳過配置保存
2025-08-01 11:55:24,452 - VALO360 - DEBUG - 自動保存已禁用，跳過配置保存
2025-08-01 11:55:24,452 - VALO360 - DEBUG - 自動保存已禁用，跳過配置保存
2025-08-01 11:55:24,452 - VALO360 - DEBUG - 自動保存已禁用，跳過配置保存
2025-08-01 11:55:24,452 - VALO360 - DEBUG - 自動保存已禁用，跳過配置保存
2025-08-01 11:55:24,452 - VALO360 - DEBUG - 自動保存已禁用，跳過配置保存
2025-08-01 11:55:24,452 - VALO360 - DEBUG - 自動保存已禁用，跳過配置保存
2025-08-01 11:55:24,452 - VALO360 - DEBUG - 自動保存已禁用，跳過配置保存
2025-08-01 11:55:24,452 - VALO360 - DEBUG - 自動保存已禁用，跳過配置保存
2025-08-01 11:55:24,452 - VALO360 - DEBUG - 自動保存已禁用，跳過配置保存
2025-08-01 11:55:24,452 - VALO360 - DEBUG - 自動保存已禁用，跳過配置保存
2025-08-01 11:55:24,452 - VALO360 - DEBUG - 自動保存已禁用，跳過配置保存
2025-08-01 11:55:24,452 - VALO360 - DEBUG - 自動保存已禁用，跳過配置保存
2025-08-01 11:55:24,452 - VALO360 - DEBUG - 自動保存已禁用，跳過配置保存
2025-08-01 11:55:24,452 - VALO360 - DEBUG - 自動保存已禁用，跳過配置保存
2025-08-01 11:55:27,525 - VALO360 - DEBUG - SerialWorker 初始化: COM=COM5, 指令數=1, 超時=30s
2025-08-01 11:55:27,525 - VALO360 - INFO - 開始執行序列埠任務: COM5
2025-08-01 11:55:27,536 - VALO360 - DEBUG - 自動保存已禁用，跳過配置保存
2025-08-01 11:55:27,541 - VALO360 - DEBUG - 自動保存已禁用，跳過配置保存
2025-08-01 11:55:27,541 - VALO360 - DEBUG - 自動保存已禁用，跳過配置保存
2025-08-01 11:55:27,541 - VALO360 - DEBUG - 自動保存已禁用，跳過配置保存
2025-08-01 11:55:27,541 - VALO360 - DEBUG - 自動保存已禁用，跳過配置保存
2025-08-01 11:55:27,541 - VALO360 - DEBUG - 自動保存已禁用，跳過配置保存
2025-08-01 11:55:27,543 - VALO360 - DEBUG - 自動保存已禁用，跳過配置保存
2025-08-01 11:55:27,543 - VALO360 - DEBUG - 自動保存已禁用，跳過配置保存
2025-08-01 11:55:27,543 - VALO360 - DEBUG - 自動保存已禁用，跳過配置保存
2025-08-01 11:55:27,543 - VALO360 - DEBUG - 自動保存已禁用，跳過配置保存
2025-08-01 11:55:27,543 - VALO360 - DEBUG - 自動保存已禁用，跳過配置保存
2025-08-01 11:55:27,545 - VALO360 - DEBUG - 自動保存已禁用，跳過配置保存
2025-08-01 11:55:27,547 - VALO360 - DEBUG - 自動保存已禁用，跳過配置保存
2025-08-01 11:55:27,547 - VALO360 - DEBUG - 自動保存已禁用，跳過配置保存
2025-08-01 11:55:27,547 - VALO360 - DEBUG - 自動保存已禁用，跳過配置保存
2025-08-01 11:55:27,547 - VALO360 - DEBUG - 自動保存已禁用，跳過配置保存
2025-08-01 11:55:27,548 - VALO360 - DEBUG - 自動保存已禁用，跳過配置保存
2025-08-01 11:55:27,548 - VALO360 - DEBUG - 自動保存已禁用，跳過配置保存
2025-08-01 11:55:27,548 - VALO360 - DEBUG - 自動保存已禁用，跳過配置保存
2025-08-01 11:55:27,548 - VALO360 - DEBUG - 自動保存已禁用，跳過配置保存
2025-08-01 11:55:28,802 - VALO360 - DEBUG - 簡單關閉 COM 口 COM5
2025-08-01 11:55:28,802 - VALO360 - DEBUG - SerialWorker 執行完成
2025-08-01 11:55:28,803 - VALO360 - WARNING - 函數 SerialWorker.run 執行時間過長: 1.277秒
2025-08-01 11:55:28,812 - VALO360 - DEBUG - 自動保存已禁用，跳過配置保存
2025-08-01 11:55:28,812 - VALO360 - DEBUG - 自動保存已禁用，跳過配置保存
2025-08-01 11:55:28,813 - VALO360 - DEBUG - 自動保存已禁用，跳過配置保存
2025-08-01 11:55:28,813 - VALO360 - DEBUG - 自動保存已禁用，跳過配置保存
2025-08-01 11:55:28,815 - VALO360 - DEBUG - 自動保存已禁用，跳過配置保存
2025-08-01 11:55:28,815 - VALO360 - DEBUG - 自動保存已禁用，跳過配置保存
2025-08-01 11:55:28,816 - VALO360 - DEBUG - 自動保存已禁用，跳過配置保存
2025-08-01 11:55:28,816 - VALO360 - DEBUG - 自動保存已禁用，跳過配置保存
2025-08-01 11:55:28,816 - VALO360 - DEBUG - 自動保存已禁用，跳過配置保存
2025-08-01 11:55:28,818 - VALO360 - DEBUG - 自動保存已禁用，跳過配置保存
2025-08-01 11:55:28,818 - VALO360 - DEBUG - 自動保存已禁用，跳過配置保存
2025-08-01 11:55:28,818 - VALO360 - DEBUG - 自動保存已禁用，跳過配置保存
2025-08-01 11:55:28,820 - VALO360 - DEBUG - 自動保存已禁用，跳過配置保存
2025-08-01 11:55:28,820 - VALO360 - DEBUG - 自動保存已禁用，跳過配置保存
2025-08-01 11:55:28,820 - VALO360 - DEBUG - 自動保存已禁用，跳過配置保存
2025-08-01 11:55:28,821 - VALO360 - DEBUG - 自動保存已禁用，跳過配置保存
2025-08-01 11:55:28,822 - VALO360 - DEBUG - 自動保存已禁用，跳過配置保存
2025-08-01 11:55:28,822 - VALO360 - DEBUG - 自動保存已禁用，跳過配置保存
2025-08-01 11:55:28,822 - VALO360 - DEBUG - 自動保存已禁用，跳過配置保存
2025-08-01 11:55:28,823 - VALO360 - DEBUG - 自動保存已禁用，跳過配置保存
2025-08-01 11:55:33,511 - VALO360 - DEBUG - 自動保存已禁用，跳過配置保存
2025-08-01 11:55:33,511 - VALO360 - DEBUG - 自動保存已禁用，跳過配置保存
2025-08-01 11:55:33,512 - VALO360 - DEBUG - 自動保存已禁用，跳過配置保存
2025-08-01 11:55:33,512 - VALO360 - DEBUG - 自動保存已禁用，跳過配置保存
2025-08-01 11:55:33,517 - VALO360 - DEBUG - 自動保存已禁用，跳過配置保存
2025-08-01 11:55:33,517 - VALO360 - DEBUG - 自動保存已禁用，跳過配置保存
2025-08-01 11:55:33,518 - VALO360 - DEBUG - 自動保存已禁用，跳過配置保存
2025-08-01 11:55:33,518 - VALO360 - DEBUG - 自動保存已禁用，跳過配置保存
2025-08-01 11:55:33,527 - VALO360 - DEBUG - 自動保存已禁用，跳過配置保存
2025-08-01 11:55:33,527 - VALO360 - DEBUG - 自動保存已禁用，跳過配置保存
2025-08-01 11:55:33,528 - VALO360 - DEBUG - 自動保存已禁用，跳過配置保存
2025-08-01 11:55:33,528 - VALO360 - DEBUG - 自動保存已禁用，跳過配置保存
2025-08-01 11:55:33,531 - VALO360 - DEBUG - 自動保存已禁用，跳過配置保存
2025-08-01 11:55:33,531 - VALO360 - DEBUG - 自動保存已禁用，跳過配置保存
2025-08-01 11:55:33,531 - VALO360 - DEBUG - 自動保存已禁用，跳過配置保存
2025-08-01 11:55:33,532 - VALO360 - DEBUG - 自動保存已禁用，跳過配置保存
2025-08-01 11:55:33,533 - VALO360 - DEBUG - 自動保存已禁用，跳過配置保存
2025-08-01 11:55:33,533 - VALO360 - DEBUG - 自動保存已禁用，跳過配置保存
2025-08-01 11:55:33,534 - VALO360 - DEBUG - 自動保存已禁用，跳過配置保存
2025-08-01 11:55:33,534 - VALO360 - DEBUG - 自動保存已禁用，跳過配置保存
2025-08-01 11:55:33,536 - VALO360 - DEBUG - 自動保存已禁用，跳過配置保存
2025-08-01 11:55:33,536 - VALO360 - DEBUG - 自動保存已禁用，跳過配置保存
2025-08-01 11:55:33,536 - VALO360 - DEBUG - 自動保存已禁用，跳過配置保存
2025-08-01 11:55:33,536 - VALO360 - DEBUG - 自動保存已禁用，跳過配置保存
2025-08-01 11:55:34,789 - VALO360 - DEBUG - 自動保存已禁用，跳過配置保存
2025-08-01 11:55:34,790 - VALO360 - DEBUG - 自動保存已禁用，跳過配置保存
2025-08-01 11:55:34,790 - VALO360 - DEBUG - 自動保存已禁用，跳過配置保存
2025-08-01 11:55:34,791 - VALO360 - DEBUG - 自動保存已禁用，跳過配置保存
2025-08-01 11:55:34,795 - VALO360 - DEBUG - 自動保存已禁用，跳過配置保存
2025-08-01 11:55:34,795 - VALO360 - DEBUG - 自動保存已禁用，跳過配置保存
2025-08-01 11:55:34,795 - VALO360 - DEBUG - 自動保存已禁用，跳過配置保存
2025-08-01 11:55:34,795 - VALO360 - DEBUG - 自動保存已禁用，跳過配置保存
2025-08-01 11:55:34,806 - VALO360 - DEBUG - 自動保存已禁用，跳過配置保存
2025-08-01 11:55:34,806 - VALO360 - DEBUG - 自動保存已禁用，跳過配置保存
2025-08-01 11:55:34,807 - VALO360 - DEBUG - 自動保存已禁用，跳過配置保存
2025-08-01 11:55:34,807 - VALO360 - DEBUG - 自動保存已禁用，跳過配置保存
2025-08-01 11:55:34,811 - VALO360 - DEBUG - 自動保存已禁用，跳過配置保存
2025-08-01 11:55:34,812 - VALO360 - DEBUG - 自動保存已禁用，跳過配置保存
2025-08-01 11:55:34,812 - VALO360 - DEBUG - 自動保存已禁用，跳過配置保存
2025-08-01 11:55:34,812 - VALO360 - DEBUG - 自動保存已禁用，跳過配置保存
2025-08-01 11:55:34,815 - VALO360 - DEBUG - 自動保存已禁用，跳過配置保存
2025-08-01 11:55:34,815 - VALO360 - DEBUG - 自動保存已禁用，跳過配置保存
2025-08-01 11:55:34,815 - VALO360 - DEBUG - 自動保存已禁用，跳過配置保存
2025-08-01 11:55:34,816 - VALO360 - DEBUG - 自動保存已禁用，跳過配置保存
2025-08-01 11:55:34,819 - VALO360 - DEBUG - 自動保存已禁用，跳過配置保存
2025-08-01 11:55:34,819 - VALO360 - DEBUG - 自動保存已禁用，跳過配置保存
2025-08-01 11:55:34,819 - VALO360 - DEBUG - 自動保存已禁用，跳過配置保存
2025-08-01 11:55:34,819 - VALO360 - DEBUG - 自動保存已禁用，跳過配置保存
2025-08-01 11:55:34,821 - VALO360 - DEBUG - 自動保存已禁用，跳過配置保存
2025-08-01 11:55:34,821 - VALO360 - DEBUG - 自動保存已禁用，跳過配置保存
2025-08-01 11:55:34,821 - VALO360 - DEBUG - 自動保存已禁用，跳過配置保存
2025-08-01 11:55:34,822 - VALO360 - DEBUG - 自動保存已禁用，跳過配置保存
2025-08-01 11:55:34,827 - VALO360 - DEBUG - 自動保存已禁用，跳過配置保存
2025-08-01 11:55:34,827 - VALO360 - DEBUG - 自動保存已禁用，跳過配置保存
2025-08-01 11:55:34,827 - VALO360 - DEBUG - 自動保存已禁用，跳過配置保存
2025-08-01 11:55:34,828 - VALO360 - DEBUG - 自動保存已禁用，跳過配置保存
2025-08-01 11:55:34,831 - VALO360 - DEBUG - 自動保存已禁用，跳過配置保存
2025-08-01 11:55:34,831 - VALO360 - DEBUG - 自動保存已禁用，跳過配置保存
2025-08-01 11:55:34,831 - VALO360 - DEBUG - 自動保存已禁用，跳過配置保存
2025-08-01 11:55:34,832 - VALO360 - DEBUG - 自動保存已禁用，跳過配置保存
2025-08-01 11:55:34,834 - VALO360 - DEBUG - 自動保存已禁用，跳過配置保存
2025-08-01 11:55:34,834 - VALO360 - DEBUG - 自動保存已禁用，跳過配置保存
2025-08-01 11:55:34,835 - VALO360 - DEBUG - 自動保存已禁用，跳過配置保存
2025-08-01 11:55:34,835 - VALO360 - DEBUG - 自動保存已禁用，跳過配置保存
2025-08-01 11:55:34,837 - VALO360 - DEBUG - 自動保存已禁用，跳過配置保存
2025-08-01 11:55:34,837 - VALO360 - DEBUG - 自動保存已禁用，跳過配置保存
2025-08-01 11:55:34,837 - VALO360 - DEBUG - 自動保存已禁用，跳過配置保存
2025-08-01 11:55:34,837 - VALO360 - DEBUG - 自動保存已禁用，跳過配置保存
2025-08-01 11:55:34,840 - VALO360 - DEBUG - 自動保存已禁用，跳過配置保存
2025-08-01 11:55:34,840 - VALO360 - DEBUG - 自動保存已禁用，跳過配置保存
2025-08-01 11:55:34,842 - VALO360 - DEBUG - 自動保存已禁用，跳過配置保存
2025-08-01 11:55:34,842 - VALO360 - DEBUG - 自動保存已禁用，跳過配置保存
2025-08-01 11:55:34,847 - VALO360 - DEBUG - 自動保存已禁用，跳過配置保存
2025-08-01 11:55:34,847 - VALO360 - DEBUG - 自動保存已禁用，跳過配置保存
2025-08-01 11:55:34,848 - VALO360 - DEBUG - 自動保存已禁用，跳過配置保存
2025-08-01 11:55:34,848 - VALO360 - DEBUG - 自動保存已禁用，跳過配置保存
2025-08-01 11:55:34,851 - VALO360 - DEBUG - 自動保存已禁用，跳過配置保存
2025-08-01 11:55:34,851 - VALO360 - DEBUG - 自動保存已禁用，跳過配置保存
2025-08-01 11:55:34,852 - VALO360 - DEBUG - 自動保存已禁用，跳過配置保存
2025-08-01 11:55:34,852 - VALO360 - DEBUG - 自動保存已禁用，跳過配置保存
2025-08-01 11:55:34,858 - VALO360 - DEBUG - 自動保存已禁用，跳過配置保存
2025-08-01 11:55:34,858 - VALO360 - DEBUG - 自動保存已禁用，跳過配置保存
2025-08-01 11:55:34,858 - VALO360 - DEBUG - 自動保存已禁用，跳過配置保存
2025-08-01 11:55:34,859 - VALO360 - DEBUG - 自動保存已禁用，跳過配置保存
2025-08-01 11:55:34,859 - VALO360 - DEBUG - 自動保存已禁用，跳過配置保存
2025-08-01 11:55:34,859 - VALO360 - DEBUG - 自動保存已禁用，跳過配置保存
2025-08-01 11:55:34,859 - VALO360 - DEBUG - 自動保存已禁用，跳過配置保存
2025-08-01 11:55:34,860 - VALO360 - DEBUG - 自動保存已禁用，跳過配置保存
2025-08-01 11:55:34,861 - VALO360 - DEBUG - 自動保存已禁用，跳過配置保存
2025-08-01 11:55:34,861 - VALO360 - DEBUG - 自動保存已禁用，跳過配置保存
2025-08-01 11:55:34,862 - VALO360 - DEBUG - 自動保存已禁用，跳過配置保存
2025-08-01 11:55:34,862 - VALO360 - DEBUG - 自動保存已禁用，跳過配置保存
2025-08-01 11:55:34,864 - VALO360 - DEBUG - 自動保存已禁用，跳過配置保存
2025-08-01 11:55:34,864 - VALO360 - DEBUG - 自動保存已禁用，跳過配置保存
2025-08-01 11:55:34,864 - VALO360 - DEBUG - 自動保存已禁用，跳過配置保存
2025-08-01 11:55:34,865 - VALO360 - DEBUG - 自動保存已禁用，跳過配置保存
2025-08-01 11:55:34,869 - VALO360 - DEBUG - 自動保存已禁用，跳過配置保存
2025-08-01 11:55:34,869 - VALO360 - DEBUG - 自動保存已禁用，跳過配置保存
2025-08-01 11:55:34,870 - VALO360 - DEBUG - 自動保存已禁用，跳過配置保存
2025-08-01 11:55:34,870 - VALO360 - DEBUG - 自動保存已禁用，跳過配置保存
2025-08-01 11:55:34,870 - VALO360 - DEBUG - 自動保存已禁用，跳過配置保存
2025-08-01 11:55:34,871 - VALO360 - DEBUG - 自動保存已禁用，跳過配置保存
2025-08-01 11:55:34,871 - VALO360 - DEBUG - 自動保存已禁用，跳過配置保存
2025-08-01 11:55:34,871 - VALO360 - DEBUG - 自動保存已禁用，跳過配置保存
2025-08-01 11:55:34,873 - VALO360 - DEBUG - 自動保存已禁用，跳過配置保存
2025-08-01 11:55:34,873 - VALO360 - DEBUG - 自動保存已禁用，跳過配置保存
2025-08-01 11:55:34,873 - VALO360 - DEBUG - 自動保存已禁用，跳過配置保存
2025-08-01 11:55:34,873 - VALO360 - DEBUG - 自動保存已禁用，跳過配置保存
2025-08-01 11:55:34,873 - VALO360 - DEBUG - 自動保存已禁用，跳過配置保存
2025-08-01 11:55:34,873 - VALO360 - DEBUG - 自動保存已禁用，跳過配置保存
2025-08-01 11:55:34,873 - VALO360 - DEBUG - 自動保存已禁用，跳過配置保存
2025-08-01 11:55:34,873 - VALO360 - DEBUG - 自動保存已禁用，跳過配置保存
2025-08-01 11:55:34,873 - VALO360 - DEBUG - 自動保存已禁用，跳過配置保存
2025-08-01 11:55:34,873 - VALO360 - DEBUG - 自動保存已禁用，跳過配置保存
2025-08-01 11:55:34,873 - VALO360 - DEBUG - 自動保存已禁用，跳過配置保存
2025-08-01 11:55:34,873 - VALO360 - DEBUG - 自動保存已禁用，跳過配置保存
2025-08-01 11:55:34,883 - VALO360 - DEBUG - 自動保存已禁用，跳過配置保存
2025-08-01 11:55:34,883 - VALO360 - DEBUG - 自動保存已禁用，跳過配置保存
2025-08-01 11:55:34,884 - VALO360 - DEBUG - 自動保存已禁用，跳過配置保存
2025-08-01 11:55:34,884 - VALO360 - DEBUG - 自動保存已禁用，跳過配置保存
2025-08-01 11:55:34,889 - VALO360 - DEBUG - 自動保存已禁用，跳過配置保存
2025-08-01 11:55:34,889 - VALO360 - DEBUG - 自動保存已禁用，跳過配置保存
2025-08-01 11:55:34,890 - VALO360 - DEBUG - 自動保存已禁用，跳過配置保存
2025-08-01 11:55:34,890 - VALO360 - DEBUG - 自動保存已禁用，跳過配置保存
2025-08-01 11:55:34,890 - VALO360 - DEBUG - 自動保存已禁用，跳過配置保存
2025-08-01 11:55:34,891 - VALO360 - DEBUG - 自動保存已禁用，跳過配置保存
2025-08-01 11:55:34,891 - VALO360 - DEBUG - 自動保存已禁用，跳過配置保存
2025-08-01 11:55:34,891 - VALO360 - DEBUG - 自動保存已禁用，跳過配置保存
2025-08-01 11:55:34,893 - VALO360 - DEBUG - 自動保存已禁用，跳過配置保存
2025-08-01 11:55:34,893 - VALO360 - DEBUG - 自動保存已禁用，跳過配置保存
2025-08-01 11:55:34,893 - VALO360 - DEBUG - 自動保存已禁用，跳過配置保存
2025-08-01 11:55:34,893 - VALO360 - DEBUG - 自動保存已禁用，跳過配置保存
2025-08-01 11:55:34,898 - VALO360 - DEBUG - 自動保存已禁用，跳過配置保存
2025-08-01 11:55:34,898 - VALO360 - DEBUG - 自動保存已禁用，跳過配置保存
2025-08-01 11:55:34,899 - VALO360 - DEBUG - 自動保存已禁用，跳過配置保存
2025-08-01 11:55:34,899 - VALO360 - DEBUG - 自動保存已禁用，跳過配置保存
2025-08-01 11:55:34,900 - VALO360 - DEBUG - 自動保存已禁用，跳過配置保存
2025-08-01 11:55:34,901 - VALO360 - DEBUG - 自動保存已禁用，跳過配置保存
2025-08-01 11:55:34,901 - VALO360 - DEBUG - 自動保存已禁用，跳過配置保存
2025-08-01 11:55:34,901 - VALO360 - DEBUG - 自動保存已禁用，跳過配置保存
2025-08-01 11:55:34,909 - VALO360 - DEBUG - 自動保存已禁用，跳過配置保存
2025-08-01 11:55:34,909 - VALO360 - DEBUG - 自動保存已禁用，跳過配置保存
2025-08-01 11:55:34,912 - VALO360 - DEBUG - 自動保存已禁用，跳過配置保存
2025-08-01 11:55:34,912 - VALO360 - DEBUG - 自動保存已禁用，跳過配置保存
2025-08-01 11:55:34,914 - VALO360 - DEBUG - 自動保存已禁用，跳過配置保存
2025-08-01 11:55:34,914 - VALO360 - DEBUG - 自動保存已禁用，跳過配置保存
2025-08-01 11:55:34,914 - VALO360 - DEBUG - 自動保存已禁用，跳過配置保存
2025-08-01 11:55:34,914 - VALO360 - DEBUG - 自動保存已禁用，跳過配置保存
2025-08-01 11:55:34,921 - VALO360 - DEBUG - 自動保存已禁用，跳過配置保存
2025-08-01 11:55:34,921 - VALO360 - DEBUG - 自動保存已禁用，跳過配置保存
2025-08-01 11:55:34,921 - VALO360 - DEBUG - 自動保存已禁用，跳過配置保存
2025-08-01 11:55:34,921 - VALO360 - DEBUG - 自動保存已禁用，跳過配置保存
2025-08-01 11:55:34,928 - VALO360 - DEBUG - 自動保存已禁用，跳過配置保存
2025-08-01 11:55:34,928 - VALO360 - DEBUG - 自動保存已禁用，跳過配置保存
2025-08-01 11:55:34,928 - VALO360 - DEBUG - 自動保存已禁用，跳過配置保存
2025-08-01 11:55:34,928 - VALO360 - DEBUG - 自動保存已禁用，跳過配置保存
2025-08-01 11:55:34,929 - VALO360 - DEBUG - 自動保存已禁用，跳過配置保存
2025-08-01 11:55:34,930 - VALO360 - DEBUG - 自動保存已禁用，跳過配置保存
2025-08-01 11:55:34,930 - VALO360 - DEBUG - 自動保存已禁用，跳過配置保存
2025-08-01 11:55:34,930 - VALO360 - DEBUG - 自動保存已禁用，跳過配置保存
2025-08-01 11:55:34,935 - VALO360 - DEBUG - 自動保存已禁用，跳過配置保存
2025-08-01 11:55:34,935 - VALO360 - DEBUG - 自動保存已禁用，跳過配置保存
2025-08-01 11:55:34,935 - VALO360 - DEBUG - 自動保存已禁用，跳過配置保存
2025-08-01 11:55:34,936 - VALO360 - DEBUG - 自動保存已禁用，跳過配置保存
2025-08-01 11:55:34,936 - VALO360 - DEBUG - 自動保存已禁用，跳過配置保存
2025-08-01 11:55:34,938 - VALO360 - DEBUG - 自動保存已禁用，跳過配置保存
2025-08-01 11:55:34,938 - VALO360 - DEBUG - 自動保存已禁用，跳過配置保存
2025-08-01 11:55:34,938 - VALO360 - DEBUG - 自動保存已禁用，跳過配置保存
2025-08-01 11:55:34,940 - VALO360 - DEBUG - 自動保存已禁用，跳過配置保存
2025-08-01 11:55:34,940 - VALO360 - DEBUG - 自動保存已禁用，跳過配置保存
2025-08-01 11:55:34,940 - VALO360 - DEBUG - 自動保存已禁用，跳過配置保存
2025-08-01 11:55:34,941 - VALO360 - DEBUG - 自動保存已禁用，跳過配置保存
2025-08-01 11:55:34,941 - VALO360 - DEBUG - 自動保存已禁用，跳過配置保存
2025-08-01 11:55:34,942 - VALO360 - DEBUG - 自動保存已禁用，跳過配置保存
2025-08-01 11:55:34,942 - VALO360 - DEBUG - 自動保存已禁用，跳過配置保存
2025-08-01 11:55:34,943 - VALO360 - DEBUG - 自動保存已禁用，跳過配置保存
2025-08-01 11:55:34,943 - VALO360 - DEBUG - 自動保存已禁用，跳過配置保存
2025-08-01 11:55:34,943 - VALO360 - DEBUG - 自動保存已禁用，跳過配置保存
2025-08-01 11:55:34,943 - VALO360 - DEBUG - 自動保存已禁用，跳過配置保存
2025-08-01 11:55:34,943 - VALO360 - DEBUG - 自動保存已禁用，跳過配置保存
2025-08-01 11:55:34,951 - VALO360 - DEBUG - 自動保存已禁用，跳過配置保存
2025-08-01 11:55:34,952 - VALO360 - DEBUG - 自動保存已禁用，跳過配置保存
2025-08-01 11:55:34,952 - VALO360 - DEBUG - 自動保存已禁用，跳過配置保存
2025-08-01 11:55:34,952 - VALO360 - DEBUG - 自動保存已禁用，跳過配置保存
2025-08-01 11:55:34,953 - VALO360 - DEBUG - 自動保存已禁用，跳過配置保存
2025-08-01 11:55:34,953 - VALO360 - DEBUG - 自動保存已禁用，跳過配置保存
2025-08-01 11:55:34,953 - VALO360 - DEBUG - 自動保存已禁用，跳過配置保存
2025-08-01 11:55:34,954 - VALO360 - DEBUG - 自動保存已禁用，跳過配置保存
2025-08-01 11:55:34,957 - VALO360 - DEBUG - 自動保存已禁用，跳過配置保存
2025-08-01 11:55:34,957 - VALO360 - DEBUG - 自動保存已禁用，跳過配置保存
2025-08-01 11:55:34,958 - VALO360 - DEBUG - 自動保存已禁用，跳過配置保存
2025-08-01 11:55:34,958 - VALO360 - DEBUG - 自動保存已禁用，跳過配置保存
2025-08-01 11:55:34,959 - VALO360 - DEBUG - 自動保存已禁用，跳過配置保存
2025-08-01 11:55:34,959 - VALO360 - DEBUG - 自動保存已禁用，跳過配置保存
2025-08-01 11:55:34,959 - VALO360 - DEBUG - 自動保存已禁用，跳過配置保存
2025-08-01 11:55:34,959 - VALO360 - DEBUG - 自動保存已禁用，跳過配置保存
2025-08-01 11:55:34,962 - VALO360 - DEBUG - 自動保存已禁用，跳過配置保存
2025-08-01 11:55:34,963 - VALO360 - DEBUG - 自動保存已禁用，跳過配置保存
2025-08-01 11:55:34,963 - VALO360 - DEBUG - 自動保存已禁用，跳過配置保存
2025-08-01 11:55:34,963 - VALO360 - DEBUG - 自動保存已禁用，跳過配置保存
2025-08-01 11:55:34,964 - VALO360 - DEBUG - 自動保存已禁用，跳過配置保存
2025-08-01 11:55:34,964 - VALO360 - DEBUG - 自動保存已禁用，跳過配置保存
2025-08-01 11:55:34,964 - VALO360 - DEBUG - 自動保存已禁用，跳過配置保存
2025-08-01 11:55:34,965 - VALO360 - DEBUG - 自動保存已禁用，跳過配置保存
2025-08-01 11:55:34,969 - VALO360 - DEBUG - 自動保存已禁用，跳過配置保存
2025-08-01 11:55:34,969 - VALO360 - DEBUG - 自動保存已禁用，跳過配置保存
2025-08-01 11:55:34,969 - VALO360 - DEBUG - 自動保存已禁用，跳過配置保存
2025-08-01 11:55:34,970 - VALO360 - DEBUG - 自動保存已禁用，跳過配置保存
2025-08-01 11:55:34,970 - VALO360 - DEBUG - 自動保存已禁用，跳過配置保存
2025-08-01 11:55:34,970 - VALO360 - DEBUG - 自動保存已禁用，跳過配置保存
2025-08-01 11:55:34,970 - VALO360 - DEBUG - 自動保存已禁用，跳過配置保存
2025-08-01 11:55:34,972 - VALO360 - DEBUG - 自動保存已禁用，跳過配置保存
2025-08-01 11:55:34,974 - VALO360 - DEBUG - 自動保存已禁用，跳過配置保存
2025-08-01 11:55:34,974 - VALO360 - DEBUG - 自動保存已禁用，跳過配置保存
2025-08-01 11:55:34,975 - VALO360 - DEBUG - 自動保存已禁用，跳過配置保存
2025-08-01 11:55:34,975 - VALO360 - DEBUG - 自動保存已禁用，跳過配置保存
2025-08-01 11:55:34,975 - VALO360 - DEBUG - 自動保存已禁用，跳過配置保存
2025-08-01 11:55:34,976 - VALO360 - DEBUG - 自動保存已禁用，跳過配置保存
2025-08-01 11:55:34,976 - VALO360 - DEBUG - 自動保存已禁用，跳過配置保存
2025-08-01 11:55:34,976 - VALO360 - DEBUG - 自動保存已禁用，跳過配置保存
2025-08-01 11:55:35,924 - VALO360 - DEBUG - 自動保存已禁用，跳過配置保存
2025-08-01 11:55:35,925 - VALO360 - DEBUG - 自動保存已禁用，跳過配置保存
2025-08-01 11:55:35,925 - VALO360 - DEBUG - 自動保存已禁用，跳過配置保存
2025-08-01 11:55:35,925 - VALO360 - DEBUG - 自動保存已禁用，跳過配置保存
2025-08-01 11:55:39,161 - VALO360 - DEBUG - 自動保存已禁用，跳過配置保存
2025-08-01 11:55:39,161 - VALO360 - DEBUG - 自動保存已禁用，跳過配置保存
2025-08-01 11:55:39,161 - VALO360 - DEBUG - 自動保存已禁用，跳過配置保存
2025-08-01 11:55:39,161 - VALO360 - DEBUG - 自動保存已禁用，跳過配置保存
2025-08-01 11:55:39,169 - VALO360 - DEBUG - 自動保存已禁用，跳過配置保存
2025-08-01 11:55:39,169 - VALO360 - DEBUG - 自動保存已禁用，跳過配置保存
2025-08-01 11:55:39,171 - VALO360 - DEBUG - 自動保存已禁用，跳過配置保存
2025-08-01 11:55:39,171 - VALO360 - DEBUG - 自動保存已禁用，跳過配置保存
2025-08-01 11:55:39,182 - VALO360 - DEBUG - 自動保存已禁用，跳過配置保存
2025-08-01 11:55:39,182 - VALO360 - DEBUG - 自動保存已禁用，跳過配置保存
2025-08-01 11:55:39,182 - VALO360 - DEBUG - 自動保存已禁用，跳過配置保存
2025-08-01 11:55:39,182 - VALO360 - DEBUG - 自動保存已禁用，跳過配置保存
2025-08-01 11:55:39,185 - VALO360 - DEBUG - 自動保存已禁用，跳過配置保存
2025-08-01 11:55:39,185 - VALO360 - DEBUG - 自動保存已禁用，跳過配置保存
2025-08-01 11:55:39,185 - VALO360 - DEBUG - 自動保存已禁用，跳過配置保存
2025-08-01 11:55:39,186 - VALO360 - DEBUG - 自動保存已禁用，跳過配置保存
2025-08-01 11:55:39,187 - VALO360 - DEBUG - 自動保存已禁用，跳過配置保存
2025-08-01 11:55:39,187 - VALO360 - DEBUG - 自動保存已禁用，跳過配置保存
2025-08-01 11:55:39,187 - VALO360 - DEBUG - 自動保存已禁用，跳過配置保存
2025-08-01 11:55:39,187 - VALO360 - DEBUG - 自動保存已禁用，跳過配置保存
2025-08-01 11:55:39,187 - VALO360 - DEBUG - 自動保存已禁用，跳過配置保存
2025-08-01 11:55:39,187 - VALO360 - DEBUG - 自動保存已禁用，跳過配置保存
2025-08-01 11:55:39,187 - VALO360 - DEBUG - 自動保存已禁用，跳過配置保存
2025-08-01 11:55:39,187 - VALO360 - DEBUG - 自動保存已禁用，跳過配置保存
2025-08-01 11:55:39,195 - VALO360 - DEBUG - 自動保存已禁用，跳過配置保存
2025-08-01 11:55:39,196 - VALO360 - DEBUG - 自動保存已禁用，跳過配置保存
2025-08-01 11:55:39,196 - VALO360 - DEBUG - 自動保存已禁用，跳過配置保存
2025-08-01 11:55:39,196 - VALO360 - DEBUG - 自動保存已禁用，跳過配置保存
2025-08-01 11:55:39,202 - VALO360 - DEBUG - 自動保存已禁用，跳過配置保存
2025-08-01 11:55:39,202 - VALO360 - DEBUG - 自動保存已禁用，跳過配置保存
2025-08-01 11:55:39,202 - VALO360 - DEBUG - 自動保存已禁用，跳過配置保存
2025-08-01 11:55:39,203 - VALO360 - DEBUG - 自動保存已禁用，跳過配置保存
2025-08-01 11:55:39,204 - VALO360 - DEBUG - 自動保存已禁用，跳過配置保存
2025-08-01 11:55:39,205 - VALO360 - DEBUG - 自動保存已禁用，跳過配置保存
2025-08-01 11:55:39,205 - VALO360 - DEBUG - 自動保存已禁用，跳過配置保存
2025-08-01 11:55:39,205 - VALO360 - DEBUG - 自動保存已禁用，跳過配置保存
2025-08-01 11:55:39,207 - VALO360 - DEBUG - 自動保存已禁用，跳過配置保存
2025-08-01 11:55:39,207 - VALO360 - DEBUG - 自動保存已禁用，跳過配置保存
2025-08-01 11:55:39,207 - VALO360 - DEBUG - 自動保存已禁用，跳過配置保存
2025-08-01 11:55:39,207 - VALO360 - DEBUG - 自動保存已禁用，跳過配置保存
2025-08-01 11:55:39,209 - VALO360 - DEBUG - 自動保存已禁用，跳過配置保存
2025-08-01 11:55:39,210 - VALO360 - DEBUG - 自動保存已禁用，跳過配置保存
2025-08-01 11:55:39,210 - VALO360 - DEBUG - 自動保存已禁用，跳過配置保存
2025-08-01 11:55:39,210 - VALO360 - DEBUG - 自動保存已禁用，跳過配置保存
2025-08-01 11:55:39,215 - VALO360 - DEBUG - 自動保存已禁用，跳過配置保存
2025-08-01 11:55:39,216 - VALO360 - DEBUG - 自動保存已禁用，跳過配置保存
2025-08-01 11:55:39,216 - VALO360 - DEBUG - 自動保存已禁用，跳過配置保存
2025-08-01 11:55:39,216 - VALO360 - DEBUG - 自動保存已禁用，跳過配置保存
2025-08-01 11:55:39,217 - VALO360 - DEBUG - 自動保存已禁用，跳過配置保存
2025-08-01 11:55:39,217 - VALO360 - DEBUG - 自動保存已禁用，跳過配置保存
2025-08-01 11:55:39,217 - VALO360 - DEBUG - 自動保存已禁用，跳過配置保存
2025-08-01 11:55:39,219 - VALO360 - DEBUG - 自動保存已禁用，跳過配置保存
2025-08-01 11:55:39,223 - VALO360 - DEBUG - 自動保存已禁用，跳過配置保存
2025-08-01 11:55:39,224 - VALO360 - DEBUG - 自動保存已禁用，跳過配置保存
2025-08-01 11:55:39,224 - VALO360 - DEBUG - 自動保存已禁用，跳過配置保存
2025-08-01 11:55:39,224 - VALO360 - DEBUG - 自動保存已禁用，跳過配置保存
2025-08-01 11:55:39,227 - VALO360 - DEBUG - 自動保存已禁用，跳過配置保存
2025-08-01 11:55:39,227 - VALO360 - DEBUG - 自動保存已禁用，跳過配置保存
2025-08-01 11:55:39,227 - VALO360 - DEBUG - 自動保存已禁用，跳過配置保存
2025-08-01 11:55:39,227 - VALO360 - DEBUG - 自動保存已禁用，跳過配置保存
2025-08-01 11:55:40,874 - VALO360 - DEBUG - 自動保存已禁用，跳過配置保存
2025-08-01 11:55:40,874 - VALO360 - DEBUG - 自動保存已禁用，跳過配置保存
2025-08-01 11:55:40,874 - VALO360 - DEBUG - 自動保存已禁用，跳過配置保存
2025-08-01 11:55:40,874 - VALO360 - DEBUG - 自動保存已禁用，跳過配置保存
2025-08-01 11:55:42,354 - VALO360 - DEBUG - 自動保存已禁用，跳過配置保存
2025-08-01 11:55:42,355 - VALO360 - DEBUG - 自動保存已禁用，跳過配置保存
2025-08-01 11:55:42,355 - VALO360 - DEBUG - 自動保存已禁用，跳過配置保存
2025-08-01 11:55:42,355 - VALO360 - DEBUG - 自動保存已禁用，跳過配置保存
2025-08-01 11:55:42,409 - VALO360 - DEBUG - 找到 2 個COM口: ['COM5', 'COM6']
2025-08-01 11:55:44,220 - VALO360 - DEBUG - 自動保存已禁用，跳過配置保存
2025-08-01 11:55:44,221 - VALO360 - DEBUG - 自動保存已禁用，跳過配置保存
2025-08-01 11:55:44,221 - VALO360 - DEBUG - 自動保存已禁用，跳過配置保存
2025-08-01 11:55:44,221 - VALO360 - DEBUG - 自動保存已禁用，跳過配置保存
2025-08-01 11:55:44,222 - VALO360 - DEBUG - 自動保存已禁用，跳過配置保存
2025-08-01 11:55:44,223 - VALO360 - DEBUG - 自動保存已禁用，跳過配置保存
2025-08-01 11:55:44,223 - VALO360 - DEBUG - 自動保存已禁用，跳過配置保存
2025-08-01 11:55:44,223 - VALO360 - DEBUG - 自動保存已禁用，跳過配置保存
2025-08-01 11:55:44,238 - VALO360 - DEBUG - 自動保存已禁用，跳過配置保存
2025-08-01 11:55:44,238 - VALO360 - DEBUG - 自動保存已禁用，跳過配置保存
2025-08-01 11:55:44,238 - VALO360 - DEBUG - 自動保存已禁用，跳過配置保存
2025-08-01 11:55:44,239 - VALO360 - DEBUG - 自動保存已禁用，跳過配置保存
2025-08-01 11:55:44,240 - VALO360 - DEBUG - 自動保存已禁用，跳過配置保存
2025-08-01 11:55:44,240 - VALO360 - DEBUG - 自動保存已禁用，跳過配置保存
2025-08-01 11:55:44,240 - VALO360 - DEBUG - 自動保存已禁用，跳過配置保存
2025-08-01 11:55:44,241 - VALO360 - DEBUG - 自動保存已禁用，跳過配置保存
2025-08-01 11:55:44,246 - VALO360 - DEBUG - 自動保存已禁用，跳過配置保存
2025-08-01 11:55:44,246 - VALO360 - DEBUG - 自動保存已禁用，跳過配置保存
2025-08-01 11:55:44,247 - VALO360 - DEBUG - 自動保存已禁用，跳過配置保存
2025-08-01 11:55:44,247 - VALO360 - DEBUG - 自動保存已禁用，跳過配置保存
2025-08-01 11:55:44,248 - VALO360 - DEBUG - 自動保存已禁用，跳過配置保存
2025-08-01 11:55:44,248 - VALO360 - DEBUG - 自動保存已禁用，跳過配置保存
2025-08-01 11:55:44,248 - VALO360 - DEBUG - 自動保存已禁用，跳過配置保存
2025-08-01 11:55:44,248 - VALO360 - DEBUG - 自動保存已禁用，跳過配置保存
2025-08-01 11:55:47,451 - VALO360 - DEBUG - 自動保存已禁用，跳過配置保存
2025-08-01 11:55:47,452 - VALO360 - DEBUG - 自動保存已禁用，跳過配置保存
2025-08-01 11:55:47,452 - VALO360 - DEBUG - 自動保存已禁用，跳過配置保存
2025-08-01 11:55:47,452 - VALO360 - DEBUG - 自動保存已禁用，跳過配置保存
2025-08-01 11:55:47,453 - VALO360 - DEBUG - 自動保存已禁用，跳過配置保存
2025-08-01 11:55:47,453 - VALO360 - DEBUG - 自動保存已禁用，跳過配置保存
2025-08-01 11:55:47,453 - VALO360 - DEBUG - 自動保存已禁用，跳過配置保存
2025-08-01 11:55:47,454 - VALO360 - DEBUG - 自動保存已禁用，跳過配置保存
2025-08-01 11:55:47,457 - VALO360 - DEBUG - 自動保存已禁用，跳過配置保存
2025-08-01 11:55:47,457 - VALO360 - DEBUG - 自動保存已禁用，跳過配置保存
2025-08-01 11:55:47,457 - VALO360 - DEBUG - 自動保存已禁用，跳過配置保存
2025-08-01 11:55:47,458 - VALO360 - DEBUG - 自動保存已禁用，跳過配置保存
2025-08-01 11:55:47,460 - VALO360 - DEBUG - 自動保存已禁用，跳過配置保存
2025-08-01 11:55:47,460 - VALO360 - DEBUG - 自動保存已禁用，跳過配置保存
2025-08-01 11:55:47,460 - VALO360 - DEBUG - 自動保存已禁用，跳過配置保存
2025-08-01 11:55:47,461 - VALO360 - DEBUG - 自動保存已禁用，跳過配置保存
2025-08-01 11:55:47,464 - VALO360 - DEBUG - 自動保存已禁用，跳過配置保存
2025-08-01 11:55:47,464 - VALO360 - DEBUG - 自動保存已禁用，跳過配置保存
2025-08-01 11:55:47,464 - VALO360 - DEBUG - 自動保存已禁用，跳過配置保存
2025-08-01 11:55:47,466 - VALO360 - DEBUG - 自動保存已禁用，跳過配置保存
2025-08-01 11:55:47,467 - VALO360 - DEBUG - 自動保存已禁用，跳過配置保存
2025-08-01 11:55:47,467 - VALO360 - DEBUG - 自動保存已禁用，跳過配置保存
2025-08-01 11:55:47,467 - VALO360 - DEBUG - 自動保存已禁用，跳過配置保存
2025-08-01 11:55:47,467 - VALO360 - DEBUG - 自動保存已禁用，跳過配置保存
2025-08-01 11:55:50,902 - VALO360 - DEBUG - SerialWorker 初始化: COM=COM5, 指令數=1, 超時=30s
2025-08-01 11:55:50,902 - VALO360 - INFO - 開始執行序列埠任務: COM5
2025-08-01 11:55:50,920 - VALO360 - DEBUG - 自動保存已禁用，跳過配置保存
2025-08-01 11:55:50,920 - VALO360 - DEBUG - 自動保存已禁用，跳過配置保存
2025-08-01 11:55:50,921 - VALO360 - DEBUG - 自動保存已禁用，跳過配置保存
2025-08-01 11:55:50,921 - VALO360 - DEBUG - 自動保存已禁用，跳過配置保存
2025-08-01 11:55:50,922 - VALO360 - DEBUG - 自動保存已禁用，跳過配置保存
2025-08-01 11:55:50,922 - VALO360 - DEBUG - 自動保存已禁用，跳過配置保存
2025-08-01 11:55:50,923 - VALO360 - DEBUG - 自動保存已禁用，跳過配置保存
2025-08-01 11:55:50,923 - VALO360 - DEBUG - 自動保存已禁用，跳過配置保存
2025-08-01 11:55:50,923 - VALO360 - DEBUG - 自動保存已禁用，跳過配置保存
2025-08-01 11:55:50,923 - VALO360 - DEBUG - 自動保存已禁用，跳過配置保存
2025-08-01 11:55:50,924 - VALO360 - DEBUG - 自動保存已禁用，跳過配置保存
2025-08-01 11:55:50,924 - VALO360 - DEBUG - 自動保存已禁用，跳過配置保存
2025-08-01 11:55:50,925 - VALO360 - DEBUG - 自動保存已禁用，跳過配置保存
2025-08-01 11:55:50,925 - VALO360 - DEBUG - 自動保存已禁用，跳過配置保存
2025-08-01 11:55:50,925 - VALO360 - DEBUG - 自動保存已禁用，跳過配置保存
2025-08-01 11:55:50,925 - VALO360 - DEBUG - 自動保存已禁用，跳過配置保存
2025-08-01 11:55:50,926 - VALO360 - DEBUG - 自動保存已禁用，跳過配置保存
2025-08-01 11:55:50,926 - VALO360 - DEBUG - 自動保存已禁用，跳過配置保存
2025-08-01 11:55:50,927 - VALO360 - DEBUG - 自動保存已禁用，跳過配置保存
2025-08-01 11:55:50,927 - VALO360 - DEBUG - 自動保存已禁用，跳過配置保存
2025-08-01 11:55:52,176 - VALO360 - DEBUG - 簡單關閉 COM 口 COM5
2025-08-01 11:55:52,177 - VALO360 - DEBUG - SerialWorker 執行完成
2025-08-01 11:55:52,177 - VALO360 - WARNING - 函數 SerialWorker.run 執行時間過長: 1.275秒
2025-08-01 11:55:52,183 - VALO360 - DEBUG - 自動保存已禁用，跳過配置保存
2025-08-01 11:55:52,184 - VALO360 - DEBUG - 自動保存已禁用，跳過配置保存
2025-08-01 11:55:52,184 - VALO360 - DEBUG - 自動保存已禁用，跳過配置保存
2025-08-01 11:55:52,184 - VALO360 - DEBUG - 自動保存已禁用，跳過配置保存
2025-08-01 11:55:52,185 - VALO360 - DEBUG - 自動保存已禁用，跳過配置保存
2025-08-01 11:55:52,186 - VALO360 - DEBUG - 自動保存已禁用，跳過配置保存
2025-08-01 11:55:52,186 - VALO360 - DEBUG - 自動保存已禁用，跳過配置保存
2025-08-01 11:55:52,186 - VALO360 - DEBUG - 自動保存已禁用，跳過配置保存
2025-08-01 11:55:52,187 - VALO360 - DEBUG - 自動保存已禁用，跳過配置保存
2025-08-01 11:55:52,187 - VALO360 - DEBUG - 自動保存已禁用，跳過配置保存
2025-08-01 11:55:52,187 - VALO360 - DEBUG - 自動保存已禁用，跳過配置保存
2025-08-01 11:55:52,187 - VALO360 - DEBUG - 自動保存已禁用，跳過配置保存
2025-08-01 11:55:52,189 - VALO360 - DEBUG - 自動保存已禁用，跳過配置保存
2025-08-01 11:55:52,189 - VALO360 - DEBUG - 自動保存已禁用，跳過配置保存
2025-08-01 11:55:52,189 - VALO360 - DEBUG - 自動保存已禁用，跳過配置保存
2025-08-01 11:55:52,189 - VALO360 - DEBUG - 自動保存已禁用，跳過配置保存
2025-08-01 11:55:52,190 - VALO360 - DEBUG - 自動保存已禁用，跳過配置保存
2025-08-01 11:55:52,191 - VALO360 - DEBUG - 自動保存已禁用，跳過配置保存
2025-08-01 11:55:52,191 - VALO360 - DEBUG - 自動保存已禁用，跳過配置保存
2025-08-01 11:55:52,191 - VALO360 - DEBUG - 自動保存已禁用，跳過配置保存
2025-08-01 11:55:54,650 - VALO360 - DEBUG - SerialWorker 初始化: COM=COM5, 指令數=1, 超時=30s
2025-08-01 11:55:54,651 - VALO360 - INFO - 開始執行序列埠任務: COM5
2025-08-01 11:55:54,668 - VALO360 - DEBUG - 自動保存已禁用，跳過配置保存
2025-08-01 11:55:54,668 - VALO360 - DEBUG - 自動保存已禁用，跳過配置保存
2025-08-01 11:55:54,668 - VALO360 - DEBUG - 自動保存已禁用，跳過配置保存
2025-08-01 11:55:54,668 - VALO360 - DEBUG - 自動保存已禁用，跳過配置保存
2025-08-01 11:55:54,670 - VALO360 - DEBUG - 自動保存已禁用，跳過配置保存
2025-08-01 11:55:54,670 - VALO360 - DEBUG - 自動保存已禁用，跳過配置保存
2025-08-01 11:55:54,670 - VALO360 - DEBUG - 自動保存已禁用，跳過配置保存
2025-08-01 11:55:54,670 - VALO360 - DEBUG - 自動保存已禁用，跳過配置保存
2025-08-01 11:55:54,671 - VALO360 - DEBUG - 自動保存已禁用，跳過配置保存
2025-08-01 11:55:54,671 - VALO360 - DEBUG - 自動保存已禁用，跳過配置保存
2025-08-01 11:55:54,671 - VALO360 - DEBUG - 自動保存已禁用，跳過配置保存
2025-08-01 11:55:54,671 - VALO360 - DEBUG - 自動保存已禁用，跳過配置保存
2025-08-01 11:55:54,672 - VALO360 - DEBUG - 自動保存已禁用，跳過配置保存
2025-08-01 11:55:54,673 - VALO360 - DEBUG - 自動保存已禁用，跳過配置保存
2025-08-01 11:55:54,673 - VALO360 - DEBUG - 自動保存已禁用，跳過配置保存
2025-08-01 11:55:54,673 - VALO360 - DEBUG - 自動保存已禁用，跳過配置保存
2025-08-01 11:55:54,674 - VALO360 - DEBUG - 自動保存已禁用，跳過配置保存
2025-08-01 11:55:54,674 - VALO360 - DEBUG - 自動保存已禁用，跳過配置保存
2025-08-01 11:55:54,674 - VALO360 - DEBUG - 自動保存已禁用，跳過配置保存
2025-08-01 11:55:54,675 - VALO360 - DEBUG - 自動保存已禁用，跳過配置保存
2025-08-01 11:55:55,953 - VALO360 - DEBUG - 簡單關閉 COM 口 COM5
2025-08-01 11:55:55,954 - VALO360 - DEBUG - SerialWorker 執行完成
2025-08-01 11:55:55,955 - VALO360 - WARNING - 函數 SerialWorker.run 執行時間過長: 1.304秒
2025-08-01 11:55:55,961 - VALO360 - DEBUG - 自動保存已禁用，跳過配置保存
2025-08-01 11:55:55,961 - VALO360 - DEBUG - 自動保存已禁用，跳過配置保存
2025-08-01 11:55:55,961 - VALO360 - DEBUG - 自動保存已禁用，跳過配置保存
2025-08-01 11:55:55,962 - VALO360 - DEBUG - 自動保存已禁用，跳過配置保存
2025-08-01 11:55:55,964 - VALO360 - DEBUG - 自動保存已禁用，跳過配置保存
2025-08-01 11:55:55,964 - VALO360 - DEBUG - 自動保存已禁用，跳過配置保存
2025-08-01 11:55:55,964 - VALO360 - DEBUG - 自動保存已禁用，跳過配置保存
2025-08-01 11:55:55,964 - VALO360 - DEBUG - 自動保存已禁用，跳過配置保存
2025-08-01 11:55:55,965 - VALO360 - DEBUG - 自動保存已禁用，跳過配置保存
2025-08-01 11:55:55,965 - VALO360 - DEBUG - 自動保存已禁用，跳過配置保存
2025-08-01 11:55:55,965 - VALO360 - DEBUG - 自動保存已禁用，跳過配置保存
2025-08-01 11:55:55,965 - VALO360 - DEBUG - 自動保存已禁用，跳過配置保存
2025-08-01 11:55:55,967 - VALO360 - DEBUG - 自動保存已禁用，跳過配置保存
2025-08-01 11:55:55,968 - VALO360 - DEBUG - 自動保存已禁用，跳過配置保存
2025-08-01 11:55:55,968 - VALO360 - DEBUG - 自動保存已禁用，跳過配置保存
2025-08-01 11:55:55,968 - VALO360 - DEBUG - 自動保存已禁用，跳過配置保存
2025-08-01 11:55:55,969 - VALO360 - DEBUG - 自動保存已禁用，跳過配置保存
2025-08-01 11:55:55,969 - VALO360 - DEBUG - 自動保存已禁用，跳過配置保存
2025-08-01 11:55:55,969 - VALO360 - DEBUG - 自動保存已禁用，跳過配置保存
2025-08-01 11:55:55,970 - VALO360 - DEBUG - 自動保存已禁用，跳過配置保存
2025-08-01 11:55:57,321 - VALO360 - DEBUG - SerialWorker 初始化: COM=COM5, 指令數=1, 超時=30s
2025-08-01 11:55:57,321 - VALO360 - INFO - 開始執行序列埠任務: COM5
2025-08-01 11:55:57,340 - VALO360 - DEBUG - 自動保存已禁用，跳過配置保存
2025-08-01 11:55:57,340 - VALO360 - DEBUG - 自動保存已禁用，跳過配置保存
2025-08-01 11:55:57,341 - VALO360 - DEBUG - 自動保存已禁用，跳過配置保存
2025-08-01 11:55:57,341 - VALO360 - DEBUG - 自動保存已禁用，跳過配置保存
2025-08-01 11:55:57,342 - VALO360 - DEBUG - 自動保存已禁用，跳過配置保存
2025-08-01 11:55:57,342 - VALO360 - DEBUG - 自動保存已禁用，跳過配置保存
2025-08-01 11:55:57,343 - VALO360 - DEBUG - 自動保存已禁用，跳過配置保存
2025-08-01 11:55:57,343 - VALO360 - DEBUG - 自動保存已禁用，跳過配置保存
2025-08-01 11:55:57,343 - VALO360 - DEBUG - 自動保存已禁用，跳過配置保存
2025-08-01 11:55:57,344 - VALO360 - DEBUG - 自動保存已禁用，跳過配置保存
2025-08-01 11:55:57,344 - VALO360 - DEBUG - 自動保存已禁用，跳過配置保存
2025-08-01 11:55:57,344 - VALO360 - DEBUG - 自動保存已禁用，跳過配置保存
2025-08-01 11:55:57,345 - VALO360 - DEBUG - 自動保存已禁用，跳過配置保存
2025-08-01 11:55:57,345 - VALO360 - DEBUG - 自動保存已禁用，跳過配置保存
2025-08-01 11:55:57,345 - VALO360 - DEBUG - 自動保存已禁用，跳過配置保存
2025-08-01 11:55:57,346 - VALO360 - DEBUG - 自動保存已禁用，跳過配置保存
2025-08-01 11:55:57,346 - VALO360 - DEBUG - 自動保存已禁用，跳過配置保存
2025-08-01 11:55:57,347 - VALO360 - DEBUG - 自動保存已禁用，跳過配置保存
2025-08-01 11:55:57,347 - VALO360 - DEBUG - 自動保存已禁用，跳過配置保存
2025-08-01 11:55:57,347 - VALO360 - DEBUG - 自動保存已禁用，跳過配置保存
2025-08-01 11:55:58,608 - VALO360 - DEBUG - 簡單關閉 COM 口 COM5
2025-08-01 11:55:58,609 - VALO360 - DEBUG - SerialWorker 執行完成
2025-08-01 11:55:58,609 - VALO360 - WARNING - 函數 SerialWorker.run 執行時間過長: 1.288秒
2025-08-01 11:55:58,614 - VALO360 - DEBUG - 自動保存已禁用，跳過配置保存
2025-08-01 11:55:58,614 - VALO360 - DEBUG - 自動保存已禁用，跳過配置保存
2025-08-01 11:55:58,616 - VALO360 - DEBUG - 自動保存已禁用，跳過配置保存
2025-08-01 11:55:58,616 - VALO360 - DEBUG - 自動保存已禁用，跳過配置保存
2025-08-01 11:55:58,617 - VALO360 - DEBUG - 自動保存已禁用，跳過配置保存
2025-08-01 11:55:58,618 - VALO360 - DEBUG - 自動保存已禁用，跳過配置保存
2025-08-01 11:55:58,618 - VALO360 - DEBUG - 自動保存已禁用，跳過配置保存
2025-08-01 11:55:58,618 - VALO360 - DEBUG - 自動保存已禁用，跳過配置保存
2025-08-01 11:55:58,619 - VALO360 - DEBUG - 自動保存已禁用，跳過配置保存
2025-08-01 11:55:58,619 - VALO360 - DEBUG - 自動保存已禁用，跳過配置保存
2025-08-01 11:55:58,619 - VALO360 - DEBUG - 自動保存已禁用，跳過配置保存
2025-08-01 11:55:58,619 - VALO360 - DEBUG - 自動保存已禁用，跳過配置保存
2025-08-01 11:55:58,620 - VALO360 - DEBUG - 自動保存已禁用，跳過配置保存
2025-08-01 11:55:58,620 - VALO360 - DEBUG - 自動保存已禁用，跳過配置保存
2025-08-01 11:55:58,620 - VALO360 - DEBUG - 自動保存已禁用，跳過配置保存
2025-08-01 11:55:58,622 - VALO360 - DEBUG - 自動保存已禁用，跳過配置保存
2025-08-01 11:55:58,623 - VALO360 - DEBUG - 自動保存已禁用，跳過配置保存
2025-08-01 11:55:58,623 - VALO360 - DEBUG - 自動保存已禁用，跳過配置保存
2025-08-01 11:55:58,623 - VALO360 - DEBUG - 自動保存已禁用，跳過配置保存
2025-08-01 11:55:58,623 - VALO360 - DEBUG - 自動保存已禁用，跳過配置保存
2025-08-01 11:56:04,689 - VALO360 - DEBUG - 自動保存已禁用，跳過配置保存
2025-08-01 11:56:04,689 - VALO360 - DEBUG - 自動保存已禁用，跳過配置保存
2025-08-01 11:56:04,690 - VALO360 - DEBUG - 自動保存已禁用，跳過配置保存
2025-08-01 11:56:04,690 - VALO360 - DEBUG - 自動保存已禁用，跳過配置保存
2025-08-01 11:56:05,968 - VALO360 - DEBUG - 自動保存已禁用，跳過配置保存
2025-08-01 11:56:05,968 - VALO360 - DEBUG - 自動保存已禁用，跳過配置保存
2025-08-01 11:56:05,968 - VALO360 - DEBUG - 自動保存已禁用，跳過配置保存
2025-08-01 11:56:05,968 - VALO360 - DEBUG - 自動保存已禁用，跳過配置保存
2025-08-01 11:56:05,971 - VALO360 - DEBUG - 自動保存已禁用，跳過配置保存
2025-08-01 11:56:05,971 - VALO360 - DEBUG - 自動保存已禁用，跳過配置保存
2025-08-01 11:56:05,972 - VALO360 - DEBUG - 自動保存已禁用，跳過配置保存
2025-08-01 11:56:05,972 - VALO360 - DEBUG - 自動保存已禁用，跳過配置保存
2025-08-01 11:56:05,981 - VALO360 - DEBUG - 自動保存已禁用，跳過配置保存
2025-08-01 11:56:05,981 - VALO360 - DEBUG - 自動保存已禁用，跳過配置保存
2025-08-01 11:56:05,981 - VALO360 - DEBUG - 自動保存已禁用，跳過配置保存
2025-08-01 11:56:05,983 - VALO360 - DEBUG - 自動保存已禁用，跳過配置保存
2025-08-01 11:56:05,984 - VALO360 - DEBUG - 自動保存已禁用，跳過配置保存
2025-08-01 11:56:05,984 - VALO360 - DEBUG - 自動保存已禁用，跳過配置保存
2025-08-01 11:56:05,984 - VALO360 - DEBUG - 自動保存已禁用，跳過配置保存
2025-08-01 11:56:05,985 - VALO360 - DEBUG - 自動保存已禁用，跳過配置保存
2025-08-01 11:56:05,985 - VALO360 - DEBUG - 自動保存已禁用，跳過配置保存
2025-08-01 11:56:05,985 - VALO360 - DEBUG - 自動保存已禁用，跳過配置保存
2025-08-01 11:56:05,985 - VALO360 - DEBUG - 自動保存已禁用，跳過配置保存
2025-08-01 11:56:05,985 - VALO360 - DEBUG - 自動保存已禁用，跳過配置保存
2025-08-01 11:56:05,989 - VALO360 - DEBUG - 自動保存已禁用，跳過配置保存
2025-08-01 11:56:05,989 - VALO360 - DEBUG - 自動保存已禁用，跳過配置保存
2025-08-01 11:56:05,989 - VALO360 - DEBUG - 自動保存已禁用，跳過配置保存
2025-08-01 11:56:05,991 - VALO360 - DEBUG - 自動保存已禁用，跳過配置保存
2025-08-01 11:56:05,992 - VALO360 - DEBUG - 自動保存已禁用，跳過配置保存
2025-08-01 11:56:05,994 - VALO360 - DEBUG - 自動保存已禁用，跳過配置保存
2025-08-01 11:56:05,994 - VALO360 - DEBUG - 自動保存已禁用，跳過配置保存
2025-08-01 11:56:05,994 - VALO360 - DEBUG - 自動保存已禁用，跳過配置保存
2025-08-01 11:56:05,997 - VALO360 - DEBUG - 自動保存已禁用，跳過配置保存
2025-08-01 11:56:05,998 - VALO360 - DEBUG - 自動保存已禁用，跳過配置保存
2025-08-01 11:56:05,998 - VALO360 - DEBUG - 自動保存已禁用，跳過配置保存
2025-08-01 11:56:05,998 - VALO360 - DEBUG - 自動保存已禁用，跳過配置保存
2025-08-01 11:56:06,001 - VALO360 - DEBUG - 自動保存已禁用，跳過配置保存
2025-08-01 11:56:06,001 - VALO360 - DEBUG - 自動保存已禁用，跳過配置保存
2025-08-01 11:56:06,001 - VALO360 - DEBUG - 自動保存已禁用，跳過配置保存
2025-08-01 11:56:06,002 - VALO360 - DEBUG - 自動保存已禁用，跳過配置保存
2025-08-01 11:56:06,004 - VALO360 - DEBUG - 自動保存已禁用，跳過配置保存
2025-08-01 11:56:06,004 - VALO360 - DEBUG - 自動保存已禁用，跳過配置保存
2025-08-01 11:56:06,004 - VALO360 - DEBUG - 自動保存已禁用，跳過配置保存
2025-08-01 11:56:06,005 - VALO360 - DEBUG - 自動保存已禁用，跳過配置保存
2025-08-01 11:56:06,007 - VALO360 - DEBUG - 自動保存已禁用，跳過配置保存
2025-08-01 11:56:06,007 - VALO360 - DEBUG - 自動保存已禁用，跳過配置保存
2025-08-01 11:56:06,007 - VALO360 - DEBUG - 自動保存已禁用，跳過配置保存
2025-08-01 11:56:06,009 - VALO360 - DEBUG - 自動保存已禁用，跳過配置保存
2025-08-01 11:56:06,011 - VALO360 - DEBUG - 自動保存已禁用，跳過配置保存
2025-08-01 11:56:06,011 - VALO360 - DEBUG - 自動保存已禁用，跳過配置保存
2025-08-01 11:56:06,011 - VALO360 - DEBUG - 自動保存已禁用，跳過配置保存
2025-08-01 11:56:06,012 - VALO360 - DEBUG - 自動保存已禁用，跳過配置保存
2025-08-01 11:56:06,013 - VALO360 - DEBUG - 自動保存已禁用，跳過配置保存
2025-08-01 11:56:06,013 - VALO360 - DEBUG - 自動保存已禁用，跳過配置保存
2025-08-01 11:56:06,013 - VALO360 - DEBUG - 自動保存已禁用，跳過配置保存
2025-08-01 11:56:06,014 - VALO360 - DEBUG - 自動保存已禁用，跳過配置保存
2025-08-01 11:56:06,019 - VALO360 - DEBUG - 自動保存已禁用，跳過配置保存
2025-08-01 11:56:06,019 - VALO360 - DEBUG - 自動保存已禁用，跳過配置保存
2025-08-01 11:56:06,019 - VALO360 - DEBUG - 自動保存已禁用，跳過配置保存
2025-08-01 11:56:06,019 - VALO360 - DEBUG - 自動保存已禁用，跳過配置保存
2025-08-01 11:56:06,022 - VALO360 - DEBUG - 自動保存已禁用，跳過配置保存
2025-08-01 11:56:06,022 - VALO360 - DEBUG - 自動保存已禁用，跳過配置保存
2025-08-01 11:56:06,022 - VALO360 - DEBUG - 自動保存已禁用，跳過配置保存
2025-08-01 11:56:06,022 - VALO360 - DEBUG - 自動保存已禁用，跳過配置保存
2025-08-01 11:56:06,025 - VALO360 - DEBUG - 自動保存已禁用，跳過配置保存
2025-08-01 11:56:06,025 - VALO360 - DEBUG - 自動保存已禁用，跳過配置保存
2025-08-01 11:56:06,025 - VALO360 - DEBUG - 自動保存已禁用，跳過配置保存
2025-08-01 11:56:06,026 - VALO360 - DEBUG - 自動保存已禁用，跳過配置保存
2025-08-01 11:56:06,029 - VALO360 - DEBUG - 自動保存已禁用，跳過配置保存
2025-08-01 11:56:06,029 - VALO360 - DEBUG - 自動保存已禁用，跳過配置保存
2025-08-01 11:56:06,029 - VALO360 - DEBUG - 自動保存已禁用，跳過配置保存
2025-08-01 11:56:06,030 - VALO360 - DEBUG - 自動保存已禁用，跳過配置保存
2025-08-01 11:56:06,031 - VALO360 - DEBUG - 自動保存已禁用，跳過配置保存
2025-08-01 11:56:06,031 - VALO360 - DEBUG - 自動保存已禁用，跳過配置保存
2025-08-01 11:56:06,032 - VALO360 - DEBUG - 自動保存已禁用，跳過配置保存
2025-08-01 11:56:06,032 - VALO360 - DEBUG - 自動保存已禁用，跳過配置保存
2025-08-01 11:56:06,035 - VALO360 - DEBUG - 自動保存已禁用，跳過配置保存
2025-08-01 11:56:06,035 - VALO360 - DEBUG - 自動保存已禁用，跳過配置保存
2025-08-01 11:56:06,035 - VALO360 - DEBUG - 自動保存已禁用，跳過配置保存
2025-08-01 11:56:06,035 - VALO360 - DEBUG - 自動保存已禁用，跳過配置保存
2025-08-01 11:56:06,038 - VALO360 - DEBUG - 自動保存已禁用，跳過配置保存
2025-08-01 11:56:06,038 - VALO360 - DEBUG - 自動保存已禁用，跳過配置保存
2025-08-01 11:56:06,038 - VALO360 - DEBUG - 自動保存已禁用，跳過配置保存
2025-08-01 11:56:06,038 - VALO360 - DEBUG - 自動保存已禁用，跳過配置保存
2025-08-01 11:56:06,043 - VALO360 - DEBUG - 自動保存已禁用，跳過配置保存
2025-08-01 11:56:06,043 - VALO360 - DEBUG - 自動保存已禁用，跳過配置保存
2025-08-01 11:56:06,043 - VALO360 - DEBUG - 自動保存已禁用，跳過配置保存
2025-08-01 11:56:06,043 - VALO360 - DEBUG - 自動保存已禁用，跳過配置保存
2025-08-01 11:56:06,045 - VALO360 - DEBUG - 自動保存已禁用，跳過配置保存
2025-08-01 11:56:06,046 - VALO360 - DEBUG - 自動保存已禁用，跳過配置保存
2025-08-01 11:56:06,046 - VALO360 - DEBUG - 自動保存已禁用，跳過配置保存
2025-08-01 11:56:06,046 - VALO360 - DEBUG - 自動保存已禁用，跳過配置保存
2025-08-01 11:56:06,049 - VALO360 - DEBUG - 自動保存已禁用，跳過配置保存
2025-08-01 11:56:06,049 - VALO360 - DEBUG - 自動保存已禁用，跳過配置保存
2025-08-01 11:56:06,049 - VALO360 - DEBUG - 自動保存已禁用，跳過配置保存
2025-08-01 11:56:06,049 - VALO360 - DEBUG - 自動保存已禁用，跳過配置保存
2025-08-01 11:56:06,051 - VALO360 - DEBUG - 自動保存已禁用，跳過配置保存
2025-08-01 11:56:06,051 - VALO360 - DEBUG - 自動保存已禁用，跳過配置保存
2025-08-01 11:56:06,051 - VALO360 - DEBUG - 自動保存已禁用，跳過配置保存
2025-08-01 11:56:06,053 - VALO360 - DEBUG - 自動保存已禁用，跳過配置保存
2025-08-01 11:56:06,055 - VALO360 - DEBUG - 自動保存已禁用，跳過配置保存
2025-08-01 11:56:06,055 - VALO360 - DEBUG - 自動保存已禁用，跳過配置保存
2025-08-01 11:56:06,055 - VALO360 - DEBUG - 自動保存已禁用，跳過配置保存
2025-08-01 11:56:06,055 - VALO360 - DEBUG - 自動保存已禁用，跳過配置保存
2025-08-01 11:56:06,056 - VALO360 - DEBUG - 自動保存已禁用，跳過配置保存
2025-08-01 11:56:06,057 - VALO360 - DEBUG - 自動保存已禁用，跳過配置保存
2025-08-01 11:56:06,057 - VALO360 - DEBUG - 自動保存已禁用，跳過配置保存
2025-08-01 11:56:06,057 - VALO360 - DEBUG - 自動保存已禁用，跳過配置保存
2025-08-01 11:56:06,058 - VALO360 - DEBUG - 自動保存已禁用，跳過配置保存
2025-08-01 11:56:06,059 - VALO360 - DEBUG - 自動保存已禁用，跳過配置保存
2025-08-01 11:56:06,059 - VALO360 - DEBUG - 自動保存已禁用，跳過配置保存
2025-08-01 11:56:06,059 - VALO360 - DEBUG - 自動保存已禁用，跳過配置保存
2025-08-01 11:56:06,065 - VALO360 - DEBUG - 自動保存已禁用，跳過配置保存
2025-08-01 11:56:06,065 - VALO360 - DEBUG - 自動保存已禁用，跳過配置保存
2025-08-01 11:56:06,065 - VALO360 - DEBUG - 自動保存已禁用，跳過配置保存
2025-08-01 11:56:06,066 - VALO360 - DEBUG - 自動保存已禁用，跳過配置保存
2025-08-01 11:56:06,067 - VALO360 - DEBUG - 自動保存已禁用，跳過配置保存
2025-08-01 11:56:06,067 - VALO360 - DEBUG - 自動保存已禁用，跳過配置保存
2025-08-01 11:56:06,067 - VALO360 - DEBUG - 自動保存已禁用，跳過配置保存
2025-08-01 11:56:06,068 - VALO360 - DEBUG - 自動保存已禁用，跳過配置保存
2025-08-01 11:56:06,070 - VALO360 - DEBUG - 自動保存已禁用，跳過配置保存
2025-08-01 11:56:06,071 - VALO360 - DEBUG - 自動保存已禁用，跳過配置保存
2025-08-01 11:56:06,071 - VALO360 - DEBUG - 自動保存已禁用，跳過配置保存
2025-08-01 11:56:06,071 - VALO360 - DEBUG - 自動保存已禁用，跳過配置保存
2025-08-01 11:56:06,072 - VALO360 - DEBUG - 自動保存已禁用，跳過配置保存
2025-08-01 11:56:06,073 - VALO360 - DEBUG - 自動保存已禁用，跳過配置保存
2025-08-01 11:56:06,073 - VALO360 - DEBUG - 自動保存已禁用，跳過配置保存
2025-08-01 11:56:06,073 - VALO360 - DEBUG - 自動保存已禁用，跳過配置保存
2025-08-01 11:56:06,075 - VALO360 - DEBUG - 自動保存已禁用，跳過配置保存
2025-08-01 11:56:06,075 - VALO360 - DEBUG - 自動保存已禁用，跳過配置保存
2025-08-01 11:56:06,075 - VALO360 - DEBUG - 自動保存已禁用，跳過配置保存
2025-08-01 11:56:06,075 - VALO360 - DEBUG - 自動保存已禁用，跳過配置保存
2025-08-01 11:56:06,080 - VALO360 - DEBUG - 自動保存已禁用，跳過配置保存
2025-08-01 11:56:06,080 - VALO360 - DEBUG - 自動保存已禁用，跳過配置保存
2025-08-01 11:56:06,080 - VALO360 - DEBUG - 自動保存已禁用，跳過配置保存
2025-08-01 11:56:06,081 - VALO360 - DEBUG - 自動保存已禁用，跳過配置保存
2025-08-01 11:56:06,084 - VALO360 - DEBUG - 自動保存已禁用，跳過配置保存
2025-08-01 11:56:06,084 - VALO360 - DEBUG - 自動保存已禁用，跳過配置保存
2025-08-01 11:56:06,084 - VALO360 - DEBUG - 自動保存已禁用，跳過配置保存
2025-08-01 11:56:06,085 - VALO360 - DEBUG - 自動保存已禁用，跳過配置保存
2025-08-01 11:56:06,092 - VALO360 - DEBUG - 自動保存已禁用，跳過配置保存
2025-08-01 11:56:06,092 - VALO360 - DEBUG - 自動保存已禁用，跳過配置保存
2025-08-01 11:56:06,093 - VALO360 - DEBUG - 自動保存已禁用，跳過配置保存
2025-08-01 11:56:06,093 - VALO360 - DEBUG - 自動保存已禁用，跳過配置保存
2025-08-01 11:56:06,096 - VALO360 - DEBUG - 自動保存已禁用，跳過配置保存
2025-08-01 11:56:06,096 - VALO360 - DEBUG - 自動保存已禁用，跳過配置保存
2025-08-01 11:56:06,096 - VALO360 - DEBUG - 自動保存已禁用，跳過配置保存
2025-08-01 11:56:06,096 - VALO360 - DEBUG - 自動保存已禁用，跳過配置保存
2025-08-01 11:56:06,097 - VALO360 - DEBUG - 自動保存已禁用，跳過配置保存
2025-08-01 11:56:06,097 - VALO360 - DEBUG - 自動保存已禁用，跳過配置保存
2025-08-01 11:56:06,097 - VALO360 - DEBUG - 自動保存已禁用，跳過配置保存
2025-08-01 11:56:06,097 - VALO360 - DEBUG - 自動保存已禁用，跳過配置保存
2025-08-01 11:56:06,102 - VALO360 - DEBUG - 自動保存已禁用，跳過配置保存
2025-08-01 11:56:06,102 - VALO360 - DEBUG - 自動保存已禁用，跳過配置保存
2025-08-01 11:56:06,102 - VALO360 - DEBUG - 自動保存已禁用，跳過配置保存
2025-08-01 11:56:06,103 - VALO360 - DEBUG - 自動保存已禁用，跳過配置保存
2025-08-01 11:56:06,105 - VALO360 - DEBUG - 自動保存已禁用，跳過配置保存
2025-08-01 11:56:06,105 - VALO360 - DEBUG - 自動保存已禁用，跳過配置保存
2025-08-01 11:56:06,105 - VALO360 - DEBUG - 自動保存已禁用，跳過配置保存
2025-08-01 11:56:06,105 - VALO360 - DEBUG - 自動保存已禁用，跳過配置保存
2025-08-01 11:56:06,108 - VALO360 - DEBUG - 自動保存已禁用，跳過配置保存
2025-08-01 11:56:06,108 - VALO360 - DEBUG - 自動保存已禁用，跳過配置保存
2025-08-01 11:56:06,108 - VALO360 - DEBUG - 自動保存已禁用，跳過配置保存
2025-08-01 11:56:06,109 - VALO360 - DEBUG - 自動保存已禁用，跳過配置保存
2025-08-01 11:56:06,113 - VALO360 - DEBUG - 自動保存已禁用，跳過配置保存
2025-08-01 11:56:06,113 - VALO360 - DEBUG - 自動保存已禁用，跳過配置保存
2025-08-01 11:56:06,113 - VALO360 - DEBUG - 自動保存已禁用，跳過配置保存
2025-08-01 11:56:06,113 - VALO360 - DEBUG - 自動保存已禁用，跳過配置保存
2025-08-01 11:56:06,115 - VALO360 - DEBUG - 自動保存已禁用，跳過配置保存
2025-08-01 11:56:06,115 - VALO360 - DEBUG - 自動保存已禁用，跳過配置保存
2025-08-01 11:56:06,115 - VALO360 - DEBUG - 自動保存已禁用，跳過配置保存
2025-08-01 11:56:06,116 - VALO360 - DEBUG - 自動保存已禁用，跳過配置保存
2025-08-01 11:56:11,411 - VALO360 - DEBUG - 自動保存已禁用，跳過配置保存
2025-08-01 11:56:11,417 - VALO360 - DEBUG - 自動保存已禁用，跳過配置保存
2025-08-01 11:56:11,417 - VALO360 - DEBUG - 自動保存已禁用，跳過配置保存
2025-08-01 11:56:11,417 - VALO360 - DEBUG - 自動保存已禁用，跳過配置保存
2025-08-01 11:56:13,828 - VALO360 - DEBUG - 自動保存已禁用，跳過配置保存
2025-08-01 11:56:13,830 - VALO360 - DEBUG - 自動保存已禁用，跳過配置保存
2025-08-01 11:56:13,830 - VALO360 - DEBUG - 自動保存已禁用，跳過配置保存
2025-08-01 11:56:13,830 - VALO360 - DEBUG - 自動保存已禁用，跳過配置保存
2025-08-01 11:56:28,373 - VALO360 - DEBUG - 自動保存已禁用，跳過配置保存
2025-08-01 11:56:28,374 - VALO360 - DEBUG - 配置已備份至: backup\setup_backup_20250801_115628.json
2025-08-01 11:56:28,376 - VALO360 - DEBUG - 配置保存成功
2025-08-01 11:56:28,377 - VALO360 - DEBUG - 自動保存已禁用，跳過配置保存
2025-08-01 11:56:28,391 - VALO360 - DEBUG - 自動保存已禁用，跳過配置保存
2025-08-01 11:56:28,392 - VALO360 - DEBUG - 自動保存已禁用，跳過配置保存
2025-08-01 11:56:28,392 - VALO360 - DEBUG - 自動保存已禁用，跳過配置保存
2025-08-01 11:56:28,392 - VALO360 - DEBUG - 自動保存已禁用，跳過配置保存
2025-08-01 11:56:28,571 - VALO360 - DEBUG - 自動保存已禁用，跳過配置保存
2025-08-01 11:56:28,571 - VALO360 - DEBUG - 自動保存已禁用，跳過配置保存
2025-08-01 11:56:28,572 - VALO360 - DEBUG - 自動保存已禁用，跳過配置保存
2025-08-01 11:56:28,572 - VALO360 - DEBUG - 自動保存已禁用，跳過配置保存
2025-08-01 11:56:28,581 - VALO360 - DEBUG - 自動保存已禁用，跳過配置保存
2025-08-01 11:56:28,581 - VALO360 - DEBUG - 自動保存已禁用，跳過配置保存
2025-08-01 11:56:28,582 - VALO360 - DEBUG - 自動保存已禁用，跳過配置保存
2025-08-01 11:56:28,582 - VALO360 - DEBUG - 自動保存已禁用，跳過配置保存
2025-08-01 11:56:28,587 - VALO360 - DEBUG - 自動保存已禁用，跳過配置保存
2025-08-01 11:56:28,587 - VALO360 - DEBUG - 自動保存已禁用，跳過配置保存
2025-08-01 11:56:28,587 - VALO360 - DEBUG - 自動保存已禁用，跳過配置保存
2025-08-01 11:56:28,587 - VALO360 - DEBUG - 自動保存已禁用，跳過配置保存
2025-08-01 11:56:28,590 - VALO360 - DEBUG - 自動保存已禁用，跳過配置保存
2025-08-01 11:56:28,590 - VALO360 - DEBUG - 自動保存已禁用，跳過配置保存
2025-08-01 11:56:28,590 - VALO360 - DEBUG - 自動保存已禁用，跳過配置保存
2025-08-01 11:56:28,590 - VALO360 - DEBUG - 自動保存已禁用，跳過配置保存
2025-08-01 11:56:28,593 - VALO360 - DEBUG - 自動保存已禁用，跳過配置保存
2025-08-01 11:56:28,593 - VALO360 - DEBUG - 自動保存已禁用，跳過配置保存
2025-08-01 11:56:28,593 - VALO360 - DEBUG - 自動保存已禁用，跳過配置保存
2025-08-01 11:56:28,593 - VALO360 - DEBUG - 自動保存已禁用，跳過配置保存
2025-08-01 11:56:28,596 - VALO360 - DEBUG - 自動保存已禁用，跳過配置保存
2025-08-01 11:56:28,596 - VALO360 - DEBUG - 自動保存已禁用，跳過配置保存
2025-08-01 11:56:28,597 - VALO360 - DEBUG - 自動保存已禁用，跳過配置保存
2025-08-01 11:56:28,597 - VALO360 - DEBUG - 自動保存已禁用，跳過配置保存
2025-08-01 11:56:28,597 - VALO360 - DEBUG - 自動保存已禁用，跳過配置保存
2025-08-01 11:56:28,597 - VALO360 - DEBUG - 自動保存已禁用，跳過配置保存
2025-08-01 11:56:28,597 - VALO360 - DEBUG - 自動保存已禁用，跳過配置保存
2025-08-01 11:56:28,598 - VALO360 - DEBUG - 自動保存已禁用，跳過配置保存
2025-08-01 11:56:28,630 - VALO360 - DEBUG - 自動保存已禁用，跳過配置保存
2025-08-01 11:56:28,631 - VALO360 - DEBUG - 自動保存已禁用，跳過配置保存
2025-08-01 11:56:28,631 - VALO360 - DEBUG - 自動保存已禁用，跳過配置保存
2025-08-01 11:56:28,631 - VALO360 - DEBUG - 自動保存已禁用，跳過配置保存
2025-08-01 11:56:28,632 - VALO360 - DEBUG - 自動保存已禁用，跳過配置保存
2025-08-01 11:56:28,633 - VALO360 - DEBUG - 自動保存已禁用，跳過配置保存
2025-08-01 11:56:28,634 - VALO360 - DEBUG - 自動保存已禁用，跳過配置保存
2025-08-01 11:56:28,634 - VALO360 - DEBUG - 自動保存已禁用，跳過配置保存
2025-08-01 11:56:28,636 - VALO360 - DEBUG - 自動保存已禁用，跳過配置保存
2025-08-01 11:56:28,636 - VALO360 - DEBUG - 自動保存已禁用，跳過配置保存
2025-08-01 11:56:28,636 - VALO360 - DEBUG - 自動保存已禁用，跳過配置保存
2025-08-01 11:56:28,636 - VALO360 - DEBUG - 自動保存已禁用，跳過配置保存
2025-08-01 11:56:28,637 - VALO360 - DEBUG - 自動保存已禁用，跳過配置保存
2025-08-01 11:56:28,638 - VALO360 - DEBUG - 自動保存已禁用，跳過配置保存
2025-08-01 11:56:28,638 - VALO360 - DEBUG - 自動保存已禁用，跳過配置保存
2025-08-01 11:56:28,638 - VALO360 - DEBUG - 自動保存已禁用，跳過配置保存
2025-08-01 11:56:28,640 - VALO360 - DEBUG - 自動保存已禁用，跳過配置保存
2025-08-01 11:56:28,640 - VALO360 - DEBUG - 自動保存已禁用，跳過配置保存
2025-08-01 11:56:28,640 - VALO360 - DEBUG - 自動保存已禁用，跳過配置保存
2025-08-01 11:56:28,640 - VALO360 - DEBUG - 自動保存已禁用，跳過配置保存
2025-08-01 11:56:28,641 - VALO360 - DEBUG - 自動保存已禁用，跳過配置保存
2025-08-01 11:56:28,642 - VALO360 - DEBUG - 自動保存已禁用，跳過配置保存
2025-08-01 11:56:28,642 - VALO360 - DEBUG - 自動保存已禁用，跳過配置保存
2025-08-01 11:56:28,642 - VALO360 - DEBUG - 自動保存已禁用，跳過配置保存
2025-08-01 11:56:28,650 - VALO360 - DEBUG - 自動保存已禁用，跳過配置保存
2025-08-01 11:56:28,650 - VALO360 - DEBUG - 自動保存已禁用，跳過配置保存
2025-08-01 11:56:28,651 - VALO360 - DEBUG - 自動保存已禁用，跳過配置保存
2025-08-01 11:56:28,651 - VALO360 - DEBUG - 自動保存已禁用，跳過配置保存
2025-08-01 11:56:28,653 - VALO360 - DEBUG - 自動保存已禁用，跳過配置保存
2025-08-01 11:56:28,653 - VALO360 - DEBUG - 自動保存已禁用，跳過配置保存
2025-08-01 11:56:28,653 - VALO360 - DEBUG - 自動保存已禁用，跳過配置保存
2025-08-01 11:56:28,654 - VALO360 - DEBUG - 自動保存已禁用，跳過配置保存
2025-08-01 11:56:28,655 - VALO360 - DEBUG - 自動保存已禁用，跳過配置保存
2025-08-01 11:56:28,656 - VALO360 - DEBUG - 自動保存已禁用，跳過配置保存
2025-08-01 11:56:28,656 - VALO360 - DEBUG - 自動保存已禁用，跳過配置保存
2025-08-01 11:56:28,656 - VALO360 - DEBUG - 自動保存已禁用，跳過配置保存
2025-08-01 11:56:28,656 - VALO360 - DEBUG - 自動保存已禁用，跳過配置保存
2025-08-01 11:56:28,657 - VALO360 - DEBUG - 自動保存已禁用，跳過配置保存
2025-08-01 11:56:28,657 - VALO360 - DEBUG - 自動保存已禁用，跳過配置保存
2025-08-01 11:56:28,657 - VALO360 - DEBUG - 自動保存已禁用，跳過配置保存
2025-08-01 11:56:28,658 - VALO360 - DEBUG - 自動保存已禁用，跳過配置保存
2025-08-01 11:56:28,659 - VALO360 - DEBUG - 自動保存已禁用，跳過配置保存
2025-08-01 11:56:28,659 - VALO360 - DEBUG - 自動保存已禁用，跳過配置保存
2025-08-01 11:56:28,659 - VALO360 - DEBUG - 自動保存已禁用，跳過配置保存
2025-08-01 11:56:28,660 - VALO360 - DEBUG - 自動保存已禁用，跳過配置保存
2025-08-01 11:56:28,660 - VALO360 - DEBUG - 自動保存已禁用，跳過配置保存
2025-08-01 11:56:28,661 - VALO360 - DEBUG - 自動保存已禁用，跳過配置保存
2025-08-01 11:56:28,661 - VALO360 - DEBUG - 自動保存已禁用，跳過配置保存
2025-08-01 11:56:28,820 - VALO360 - DEBUG - 找到 2 個COM口: ['COM5', 'COM6']
2025-08-01 11:56:28,842 - VALO360 - DEBUG - 自動保存已禁用，跳過配置保存
2025-08-01 11:56:28,842 - VALO360 - DEBUG - 自動保存已禁用，跳過配置保存
2025-08-01 11:56:28,842 - VALO360 - DEBUG - 自動保存已禁用，跳過配置保存
2025-08-01 11:56:28,842 - VALO360 - DEBUG - 自動保存已禁用，跳過配置保存
2025-08-01 11:56:28,843 - VALO360 - DEBUG - 自動保存已禁用，跳過配置保存
2025-08-01 11:56:28,843 - VALO360 - DEBUG - 自動保存已禁用，跳過配置保存
2025-08-01 11:56:28,844 - VALO360 - DEBUG - 自動保存已禁用，跳過配置保存
2025-08-01 11:56:28,844 - VALO360 - DEBUG - 自動保存已禁用，跳過配置保存
2025-08-01 11:56:28,844 - VALO360 - DEBUG - 自動保存已禁用，跳過配置保存
2025-08-01 11:56:28,845 - VALO360 - DEBUG - 自動保存已禁用，跳過配置保存
2025-08-01 11:56:28,845 - VALO360 - DEBUG - 自動保存已禁用，跳過配置保存
2025-08-01 11:56:28,845 - VALO360 - DEBUG - 自動保存已禁用，跳過配置保存
2025-08-01 11:56:28,846 - VALO360 - DEBUG - 自動保存已禁用，跳過配置保存
2025-08-01 11:56:28,846 - VALO360 - DEBUG - 自動保存已禁用，跳過配置保存
2025-08-01 11:56:28,846 - VALO360 - DEBUG - 自動保存已禁用，跳過配置保存
2025-08-01 11:56:28,846 - VALO360 - DEBUG - 自動保存已禁用，跳過配置保存
2025-08-01 11:56:28,847 - VALO360 - DEBUG - 自動保存已禁用，跳過配置保存
2025-08-01 11:56:28,847 - VALO360 - DEBUG - 自動保存已禁用，跳過配置保存
2025-08-01 11:56:28,847 - VALO360 - DEBUG - 自動保存已禁用，跳過配置保存
2025-08-01 11:56:28,847 - VALO360 - DEBUG - 自動保存已禁用，跳過配置保存
2025-08-01 11:56:28,848 - VALO360 - DEBUG - 自動保存已禁用，跳過配置保存
2025-08-01 11:56:28,848 - VALO360 - DEBUG - 自動保存已禁用，跳過配置保存
2025-08-01 11:56:28,849 - VALO360 - DEBUG - 自動保存已禁用，跳過配置保存
2025-08-01 11:56:28,849 - VALO360 - DEBUG - 自動保存已禁用，跳過配置保存
2025-08-01 11:56:28,850 - VALO360 - DEBUG - 自動保存已禁用，跳過配置保存
2025-08-01 11:56:28,850 - VALO360 - DEBUG - 自動保存已禁用，跳過配置保存
2025-08-01 11:56:28,851 - VALO360 - DEBUG - 自動保存已禁用，跳過配置保存
2025-08-01 11:56:28,851 - VALO360 - DEBUG - 自動保存已禁用，跳過配置保存
2025-08-01 11:56:28,852 - VALO360 - DEBUG - 自動保存已禁用，跳過配置保存
2025-08-01 11:56:28,852 - VALO360 - DEBUG - 自動保存已禁用，跳過配置保存
2025-08-01 11:56:28,852 - VALO360 - DEBUG - 自動保存已禁用，跳過配置保存
2025-08-01 11:56:28,852 - VALO360 - DEBUG - 自動保存已禁用，跳過配置保存
2025-08-01 11:56:28,853 - VALO360 - DEBUG - 自動保存已禁用，跳過配置保存
2025-08-01 11:56:28,853 - VALO360 - DEBUG - 自動保存已禁用，跳過配置保存
2025-08-01 11:56:28,853 - VALO360 - DEBUG - 自動保存已禁用，跳過配置保存
2025-08-01 11:56:28,854 - VALO360 - DEBUG - 自動保存已禁用，跳過配置保存
2025-08-01 11:56:28,854 - VALO360 - DEBUG - 自動保存已禁用，跳過配置保存
2025-08-01 11:56:28,854 - VALO360 - DEBUG - 自動保存已禁用，跳過配置保存
2025-08-01 11:56:28,854 - VALO360 - DEBUG - 自動保存已禁用，跳過配置保存
2025-08-01 11:56:28,855 - VALO360 - DEBUG - 自動保存已禁用，跳過配置保存
2025-08-01 11:56:28,855 - VALO360 - DEBUG - 自動保存已禁用，跳過配置保存
2025-08-01 11:56:28,855 - VALO360 - DEBUG - 自動保存已禁用，跳過配置保存
2025-08-01 11:56:28,856 - VALO360 - DEBUG - 自動保存已禁用，跳過配置保存
2025-08-01 11:56:28,856 - VALO360 - DEBUG - 自動保存已禁用，跳過配置保存
2025-08-01 11:56:28,856 - VALO360 - DEBUG - 自動保存已禁用，跳過配置保存
2025-08-01 11:56:28,856 - VALO360 - DEBUG - 自動保存已禁用，跳過配置保存
2025-08-01 11:56:28,857 - VALO360 - DEBUG - 自動保存已禁用，跳過配置保存
2025-08-01 11:56:28,857 - VALO360 - DEBUG - 自動保存已禁用，跳過配置保存
2025-08-01 11:56:28,857 - VALO360 - DEBUG - 自動保存已禁用，跳過配置保存
2025-08-01 11:56:28,858 - VALO360 - DEBUG - 自動保存已禁用，跳過配置保存
2025-08-01 11:56:28,858 - VALO360 - DEBUG - 自動保存已禁用，跳過配置保存
2025-08-01 11:56:28,858 - VALO360 - DEBUG - 自動保存已禁用，跳過配置保存
2025-08-01 11:56:28,859 - VALO360 - DEBUG - 自動保存已禁用，跳過配置保存
2025-08-01 11:56:28,859 - VALO360 - DEBUG - 自動保存已禁用，跳過配置保存
2025-08-01 11:56:28,859 - VALO360 - DEBUG - 自動保存已禁用，跳過配置保存
2025-08-01 11:56:28,859 - VALO360 - DEBUG - 自動保存已禁用，跳過配置保存
2025-08-01 11:56:28,860 - VALO360 - DEBUG - 自動保存已禁用，跳過配置保存
2025-08-01 11:56:28,860 - VALO360 - DEBUG - 自動保存已禁用，跳過配置保存
2025-08-01 11:56:28,860 - VALO360 - DEBUG - 自動保存已禁用，跳過配置保存
2025-08-01 11:56:28,860 - VALO360 - DEBUG - 自動保存已禁用，跳過配置保存
2025-08-01 11:56:28,862 - VALO360 - DEBUG - 自動保存已禁用，跳過配置保存
2025-08-01 11:56:28,862 - VALO360 - DEBUG - 自動保存已禁用，跳過配置保存
2025-08-01 11:56:28,862 - VALO360 - DEBUG - 自動保存已禁用，跳過配置保存
2025-08-01 11:56:28,863 - VALO360 - DEBUG - 自動保存已禁用，跳過配置保存
2025-08-01 11:56:28,863 - VALO360 - DEBUG - 自動保存已禁用，跳過配置保存
2025-08-01 11:56:28,863 - VALO360 - DEBUG - 自動保存已禁用，跳過配置保存
2025-08-01 11:56:28,863 - VALO360 - DEBUG - 自動保存已禁用，跳過配置保存
2025-08-01 11:56:28,863 - VALO360 - DEBUG - 自動保存已禁用，跳過配置保存
2025-08-01 11:56:28,865 - VALO360 - DEBUG - 自動保存已禁用，跳過配置保存
2025-08-01 11:56:28,865 - VALO360 - DEBUG - 自動保存已禁用，跳過配置保存
2025-08-01 11:56:28,865 - VALO360 - DEBUG - 自動保存已禁用，跳過配置保存
2025-08-01 11:56:28,865 - VALO360 - DEBUG - 自動保存已禁用，跳過配置保存
2025-08-01 11:56:28,868 - VALO360 - DEBUG - 自動保存已禁用，跳過配置保存
2025-08-01 11:56:28,868 - VALO360 - DEBUG - 自動保存已禁用，跳過配置保存
2025-08-01 11:56:28,868 - VALO360 - DEBUG - 自動保存已禁用，跳過配置保存
2025-08-01 11:56:28,868 - VALO360 - DEBUG - 自動保存已禁用，跳過配置保存
2025-08-01 11:56:28,869 - VALO360 - DEBUG - 自動保存已禁用，跳過配置保存
2025-08-01 11:56:28,869 - VALO360 - DEBUG - 自動保存已禁用，跳過配置保存
2025-08-01 11:56:28,870 - VALO360 - DEBUG - 自動保存已禁用，跳過配置保存
2025-08-01 11:56:28,870 - VALO360 - DEBUG - 自動保存已禁用，跳過配置保存
2025-08-01 11:56:28,870 - VALO360 - DEBUG - 自動保存已禁用，跳過配置保存
2025-08-01 11:56:28,871 - VALO360 - DEBUG - 自動保存已禁用，跳過配置保存
2025-08-01 11:56:28,871 - VALO360 - DEBUG - 自動保存已禁用，跳過配置保存
2025-08-01 11:56:28,871 - VALO360 - DEBUG - 自動保存已禁用，跳過配置保存
2025-08-01 11:56:28,872 - VALO360 - DEBUG - 自動保存已禁用，跳過配置保存
2025-08-01 11:56:28,872 - VALO360 - DEBUG - 自動保存已禁用，跳過配置保存
2025-08-01 11:56:28,872 - VALO360 - DEBUG - 自動保存已禁用，跳過配置保存
2025-08-01 11:56:28,872 - VALO360 - DEBUG - 自動保存已禁用，跳過配置保存
2025-08-01 11:56:28,873 - VALO360 - DEBUG - 自動保存已禁用，跳過配置保存
2025-08-01 11:56:28,873 - VALO360 - DEBUG - 自動保存已禁用，跳過配置保存
2025-08-01 11:56:28,873 - VALO360 - DEBUG - 自動保存已禁用，跳過配置保存
2025-08-01 11:56:28,874 - VALO360 - DEBUG - 自動保存已禁用，跳過配置保存
2025-08-01 11:56:28,874 - VALO360 - DEBUG - 自動保存已禁用，跳過配置保存
2025-08-01 11:56:28,875 - VALO360 - DEBUG - 自動保存已禁用，跳過配置保存
2025-08-01 11:56:28,875 - VALO360 - DEBUG - 自動保存已禁用，跳過配置保存
2025-08-01 11:56:28,875 - VALO360 - DEBUG - 自動保存已禁用，跳過配置保存
2025-08-01 11:56:28,876 - VALO360 - DEBUG - 自動保存已禁用，跳過配置保存
2025-08-01 11:56:28,876 - VALO360 - DEBUG - 自動保存已禁用，跳過配置保存
2025-08-01 11:56:28,876 - VALO360 - DEBUG - 自動保存已禁用，跳過配置保存
2025-08-01 11:56:28,876 - VALO360 - DEBUG - 自動保存已禁用，跳過配置保存
2025-08-01 11:56:28,877 - VALO360 - DEBUG - 自動保存已禁用，跳過配置保存
2025-08-01 11:56:28,877 - VALO360 - DEBUG - 自動保存已禁用，跳過配置保存
2025-08-01 11:56:28,877 - VALO360 - DEBUG - 自動保存已禁用，跳過配置保存
2025-08-01 11:56:28,878 - VALO360 - DEBUG - 自動保存已禁用，跳過配置保存
2025-08-01 11:56:28,878 - VALO360 - DEBUG - 自動保存已禁用，跳過配置保存
2025-08-01 11:56:28,878 - VALO360 - DEBUG - 自動保存已禁用，跳過配置保存
2025-08-01 11:56:28,879 - VALO360 - DEBUG - 自動保存已禁用，跳過配置保存
2025-08-01 11:56:28,879 - VALO360 - DEBUG - 自動保存已禁用，跳過配置保存
2025-08-01 11:56:28,879 - VALO360 - DEBUG - 自動保存已禁用，跳過配置保存
2025-08-01 11:56:28,880 - VALO360 - DEBUG - 自動保存已禁用，跳過配置保存
2025-08-01 11:56:28,880 - VALO360 - DEBUG - 自動保存已禁用，跳過配置保存
2025-08-01 11:56:28,880 - VALO360 - DEBUG - 自動保存已禁用，跳過配置保存
2025-08-01 11:56:28,881 - VALO360 - DEBUG - 自動保存已禁用，跳過配置保存
2025-08-01 11:56:28,881 - VALO360 - DEBUG - 自動保存已禁用，跳過配置保存
2025-08-01 11:56:28,881 - VALO360 - DEBUG - 自動保存已禁用，跳過配置保存
2025-08-01 11:56:28,881 - VALO360 - DEBUG - 自動保存已禁用，跳過配置保存
2025-08-01 11:56:28,946 - VALO360 - DEBUG - 自動保存已禁用，跳過配置保存
2025-08-01 11:56:28,946 - VALO360 - DEBUG - 自動保存已禁用，跳過配置保存
2025-08-01 11:56:28,946 - VALO360 - DEBUG - 自動保存已禁用，跳過配置保存
2025-08-01 11:56:28,947 - VALO360 - DEBUG - 自動保存已禁用，跳過配置保存
2025-08-01 11:56:28,948 - VALO360 - DEBUG - 自動保存已禁用，跳過配置保存
2025-08-01 11:56:28,948 - VALO360 - DEBUG - 自動保存已禁用，跳過配置保存
2025-08-01 11:56:28,948 - VALO360 - DEBUG - 自動保存已禁用，跳過配置保存
2025-08-01 11:56:28,948 - VALO360 - DEBUG - 自動保存已禁用，跳過配置保存
2025-08-01 11:56:28,949 - VALO360 - DEBUG - 自動保存已禁用，跳過配置保存
2025-08-01 11:56:28,949 - VALO360 - DEBUG - 自動保存已禁用，跳過配置保存
2025-08-01 11:56:28,949 - VALO360 - DEBUG - 自動保存已禁用，跳過配置保存
2025-08-01 11:56:28,950 - VALO360 - DEBUG - 自動保存已禁用，跳過配置保存
2025-08-01 11:56:28,951 - VALO360 - DEBUG - 自動保存已禁用，跳過配置保存
2025-08-01 11:56:28,951 - VALO360 - DEBUG - 自動保存已禁用，跳過配置保存
2025-08-01 11:56:28,951 - VALO360 - DEBUG - 自動保存已禁用，跳過配置保存
2025-08-01 11:56:28,951 - VALO360 - DEBUG - 自動保存已禁用，跳過配置保存
2025-08-01 11:56:28,952 - VALO360 - DEBUG - 自動保存已禁用，跳過配置保存
2025-08-01 11:56:28,952 - VALO360 - DEBUG - 自動保存已禁用，跳過配置保存
2025-08-01 11:56:28,952 - VALO360 - DEBUG - 自動保存已禁用，跳過配置保存
2025-08-01 11:56:28,953 - VALO360 - DEBUG - 自動保存已禁用，跳過配置保存
2025-08-01 11:56:28,954 - VALO360 - DEBUG - 自動保存已禁用，跳過配置保存
2025-08-01 11:56:28,954 - VALO360 - DEBUG - 自動保存已禁用，跳過配置保存
2025-08-01 11:56:28,954 - VALO360 - DEBUG - 自動保存已禁用，跳過配置保存
2025-08-01 11:56:28,954 - VALO360 - DEBUG - 自動保存已禁用，跳過配置保存
2025-08-01 11:56:28,955 - VALO360 - DEBUG - 自動保存已禁用，跳過配置保存
2025-08-01 11:56:28,956 - VALO360 - DEBUG - 自動保存已禁用，跳過配置保存
2025-08-01 11:56:28,956 - VALO360 - DEBUG - 自動保存已禁用，跳過配置保存
2025-08-01 11:56:28,956 - VALO360 - DEBUG - 自動保存已禁用，跳過配置保存
2025-08-01 11:56:28,957 - VALO360 - DEBUG - 自動保存已禁用，跳過配置保存
2025-08-01 11:56:28,957 - VALO360 - DEBUG - 自動保存已禁用，跳過配置保存
2025-08-01 11:56:28,957 - VALO360 - DEBUG - 自動保存已禁用，跳過配置保存
2025-08-01 11:56:28,957 - VALO360 - DEBUG - 自動保存已禁用，跳過配置保存
2025-08-01 11:56:28,958 - VALO360 - DEBUG - 自動保存已禁用，跳過配置保存
2025-08-01 11:56:28,958 - VALO360 - DEBUG - 自動保存已禁用，跳過配置保存
2025-08-01 11:56:28,959 - VALO360 - DEBUG - 自動保存已禁用，跳過配置保存
2025-08-01 11:56:28,959 - VALO360 - DEBUG - 自動保存已禁用，跳過配置保存
2025-08-01 11:56:28,959 - VALO360 - DEBUG - 自動保存已禁用，跳過配置保存
2025-08-01 11:56:28,960 - VALO360 - DEBUG - 自動保存已禁用，跳過配置保存
2025-08-01 11:56:28,960 - VALO360 - DEBUG - 自動保存已禁用，跳過配置保存
2025-08-01 11:56:28,960 - VALO360 - DEBUG - 自動保存已禁用，跳過配置保存
2025-08-01 11:56:28,962 - VALO360 - DEBUG - 自動保存已禁用，跳過配置保存
2025-08-01 11:56:28,962 - VALO360 - DEBUG - 自動保存已禁用，跳過配置保存
2025-08-01 11:56:28,962 - VALO360 - DEBUG - 自動保存已禁用，跳過配置保存
2025-08-01 11:56:28,962 - VALO360 - DEBUG - 自動保存已禁用，跳過配置保存
2025-08-01 11:56:28,962 - VALO360 - DEBUG - 自動保存已禁用，跳過配置保存
2025-08-01 11:56:28,967 - VALO360 - DEBUG - 自動保存已禁用，跳過配置保存
2025-08-01 11:56:28,967 - VALO360 - DEBUG - 自動保存已禁用，跳過配置保存
2025-08-01 11:56:28,967 - VALO360 - DEBUG - 自動保存已禁用，跳過配置保存
2025-08-01 11:56:28,969 - VALO360 - DEBUG - 自動保存已禁用，跳過配置保存
2025-08-01 11:56:28,969 - VALO360 - DEBUG - 自動保存已禁用，跳過配置保存
2025-08-01 11:56:28,969 - VALO360 - DEBUG - 自動保存已禁用，跳過配置保存
2025-08-01 11:56:28,970 - VALO360 - DEBUG - 自動保存已禁用，跳過配置保存
2025-08-01 11:56:28,971 - VALO360 - DEBUG - 自動保存已禁用，跳過配置保存
2025-08-01 11:56:28,971 - VALO360 - DEBUG - 自動保存已禁用，跳過配置保存
2025-08-01 11:56:28,971 - VALO360 - DEBUG - 自動保存已禁用，跳過配置保存
2025-08-01 11:56:28,971 - VALO360 - DEBUG - 自動保存已禁用，跳過配置保存
2025-08-01 11:56:28,972 - VALO360 - DEBUG - 自動保存已禁用，跳過配置保存
2025-08-01 11:56:28,973 - VALO360 - DEBUG - 自動保存已禁用，跳過配置保存
2025-08-01 11:56:28,973 - VALO360 - DEBUG - 自動保存已禁用，跳過配置保存
2025-08-01 11:56:28,973 - VALO360 - DEBUG - 自動保存已禁用，跳過配置保存
2025-08-01 11:56:28,975 - VALO360 - DEBUG - 自動保存已禁用，跳過配置保存
2025-08-01 11:56:28,975 - VALO360 - DEBUG - 自動保存已禁用，跳過配置保存
2025-08-01 11:56:28,975 - VALO360 - DEBUG - 自動保存已禁用，跳過配置保存
2025-08-01 11:56:28,975 - VALO360 - DEBUG - 自動保存已禁用，跳過配置保存
2025-08-01 11:56:28,976 - VALO360 - DEBUG - 自動保存已禁用，跳過配置保存
2025-08-01 11:56:28,976 - VALO360 - DEBUG - 自動保存已禁用，跳過配置保存
2025-08-01 11:56:28,977 - VALO360 - DEBUG - 自動保存已禁用，跳過配置保存
2025-08-01 11:56:28,977 - VALO360 - DEBUG - 自動保存已禁用，跳過配置保存
2025-08-01 11:56:28,977 - VALO360 - DEBUG - 自動保存已禁用，跳過配置保存
2025-08-01 11:56:28,977 - VALO360 - DEBUG - 自動保存已禁用，跳過配置保存
2025-08-01 11:56:28,978 - VALO360 - DEBUG - 自動保存已禁用，跳過配置保存
2025-08-01 11:56:28,978 - VALO360 - DEBUG - 自動保存已禁用，跳過配置保存
2025-08-01 11:56:28,979 - VALO360 - DEBUG - 自動保存已禁用，跳過配置保存
2025-08-01 11:56:28,979 - VALO360 - DEBUG - 自動保存已禁用，跳過配置保存
2025-08-01 11:56:28,979 - VALO360 - DEBUG - 自動保存已禁用，跳過配置保存
2025-08-01 11:56:28,979 - VALO360 - DEBUG - 自動保存已禁用，跳過配置保存
2025-08-01 11:56:28,980 - VALO360 - DEBUG - 自動保存已禁用，跳過配置保存
2025-08-01 11:56:28,980 - VALO360 - DEBUG - 自動保存已禁用，跳過配置保存
2025-08-01 11:56:28,981 - VALO360 - DEBUG - 自動保存已禁用，跳過配置保存
2025-08-01 11:56:28,981 - VALO360 - DEBUG - 自動保存已禁用，跳過配置保存
2025-08-01 11:56:28,982 - VALO360 - DEBUG - 自動保存已禁用，跳過配置保存
2025-08-01 11:56:28,982 - VALO360 - DEBUG - 自動保存已禁用，跳過配置保存
2025-08-01 11:56:28,982 - VALO360 - DEBUG - 自動保存已禁用，跳過配置保存
2025-08-01 11:56:28,982 - VALO360 - DEBUG - 自動保存已禁用，跳過配置保存
2025-08-01 11:56:28,985 - VALO360 - DEBUG - 自動保存已禁用，跳過配置保存
2025-08-01 11:56:28,985 - VALO360 - DEBUG - 自動保存已禁用，跳過配置保存
2025-08-01 11:56:28,985 - VALO360 - DEBUG - 自動保存已禁用，跳過配置保存
2025-08-01 11:56:28,985 - VALO360 - DEBUG - 自動保存已禁用，跳過配置保存
2025-08-01 11:56:28,986 - VALO360 - DEBUG - 自動保存已禁用，跳過配置保存
2025-08-01 11:56:28,986 - VALO360 - DEBUG - 自動保存已禁用，跳過配置保存
2025-08-01 11:56:28,986 - VALO360 - DEBUG - 自動保存已禁用，跳過配置保存
2025-08-01 11:56:28,986 - VALO360 - DEBUG - 自動保存已禁用，跳過配置保存
2025-08-01 11:56:28,987 - VALO360 - DEBUG - 自動保存已禁用，跳過配置保存
2025-08-01 11:56:28,987 - VALO360 - DEBUG - 自動保存已禁用，跳過配置保存
2025-08-01 11:56:28,987 - VALO360 - DEBUG - 自動保存已禁用，跳過配置保存
2025-08-01 11:56:28,988 - VALO360 - DEBUG - 自動保存已禁用，跳過配置保存
2025-08-01 11:56:28,988 - VALO360 - DEBUG - 自動保存已禁用，跳過配置保存
2025-08-01 11:56:28,988 - VALO360 - DEBUG - 自動保存已禁用，跳過配置保存
2025-08-01 11:56:28,989 - VALO360 - DEBUG - 自動保存已禁用，跳過配置保存
2025-08-01 11:56:28,989 - VALO360 - DEBUG - 自動保存已禁用，跳過配置保存
2025-08-01 11:56:28,990 - VALO360 - DEBUG - 自動保存已禁用，跳過配置保存
2025-08-01 11:56:28,990 - VALO360 - DEBUG - 自動保存已禁用，跳過配置保存
2025-08-01 11:56:28,990 - VALO360 - DEBUG - 自動保存已禁用，跳過配置保存
2025-08-01 11:56:28,990 - VALO360 - DEBUG - 自動保存已禁用，跳過配置保存
2025-08-01 11:56:28,991 - VALO360 - DEBUG - 自動保存已禁用，跳過配置保存
2025-08-01 11:56:28,991 - VALO360 - DEBUG - 自動保存已禁用，跳過配置保存
2025-08-01 11:56:28,991 - VALO360 - DEBUG - 自動保存已禁用，跳過配置保存
2025-08-01 11:56:28,991 - VALO360 - DEBUG - 自動保存已禁用，跳過配置保存
2025-08-01 11:56:28,991 - VALO360 - DEBUG - 自動保存已禁用，跳過配置保存
2025-08-01 11:56:28,993 - VALO360 - DEBUG - 自動保存已禁用，跳過配置保存
2025-08-01 11:56:28,993 - VALO360 - DEBUG - 自動保存已禁用，跳過配置保存
2025-08-01 11:56:28,993 - VALO360 - DEBUG - 自動保存已禁用，跳過配置保存
2025-08-01 11:56:28,994 - VALO360 - DEBUG - 自動保存已禁用，跳過配置保存
2025-08-01 11:56:28,994 - VALO360 - DEBUG - 自動保存已禁用，跳過配置保存
2025-08-01 11:56:28,994 - VALO360 - DEBUG - 自動保存已禁用，跳過配置保存
2025-08-01 11:56:28,994 - VALO360 - DEBUG - 自動保存已禁用，跳過配置保存
2025-08-01 11:56:28,995 - VALO360 - DEBUG - 自動保存已禁用，跳過配置保存
2025-08-01 11:56:28,995 - VALO360 - DEBUG - 自動保存已禁用，跳過配置保存
2025-08-01 11:56:28,995 - VALO360 - DEBUG - 自動保存已禁用，跳過配置保存
2025-08-01 11:56:28,995 - VALO360 - DEBUG - 自動保存已禁用，跳過配置保存
2025-08-01 11:56:28,996 - VALO360 - DEBUG - 自動保存已禁用，跳過配置保存
2025-08-01 11:56:28,996 - VALO360 - DEBUG - 自動保存已禁用，跳過配置保存
2025-08-01 11:56:28,996 - VALO360 - DEBUG - 自動保存已禁用，跳過配置保存
2025-08-01 11:56:28,996 - VALO360 - DEBUG - 自動保存已禁用，跳過配置保存
2025-08-01 11:56:28,997 - VALO360 - DEBUG - 自動保存已禁用，跳過配置保存
2025-08-01 11:56:28,997 - VALO360 - DEBUG - 自動保存已禁用，跳過配置保存
2025-08-01 11:56:28,997 - VALO360 - DEBUG - 自動保存已禁用，跳過配置保存
2025-08-01 11:56:28,997 - VALO360 - DEBUG - 自動保存已禁用，跳過配置保存
2025-08-01 11:56:28,998 - VALO360 - DEBUG - 自動保存已禁用，跳過配置保存
2025-08-01 11:56:28,998 - VALO360 - DEBUG - 自動保存已禁用，跳過配置保存
2025-08-01 11:56:28,998 - VALO360 - DEBUG - 自動保存已禁用，跳過配置保存
2025-08-01 11:56:28,998 - VALO360 - DEBUG - 自動保存已禁用，跳過配置保存
2025-08-01 11:56:29,008 - VALO360 - DEBUG - 自動保存已禁用，跳過配置保存
2025-08-01 11:56:29,008 - VALO360 - DEBUG - 自動保存已禁用，跳過配置保存
2025-08-01 11:56:29,008 - VALO360 - DEBUG - 自動保存已禁用，跳過配置保存
2025-08-01 11:56:29,009 - VALO360 - DEBUG - 自動保存已禁用，跳過配置保存
2025-08-01 11:56:29,009 - VALO360 - DEBUG - 自動保存已禁用，跳過配置保存
2025-08-01 11:56:29,010 - VALO360 - DEBUG - 自動保存已禁用，跳過配置保存
2025-08-01 11:56:29,010 - VALO360 - DEBUG - 自動保存已禁用，跳過配置保存
2025-08-01 11:56:29,010 - VALO360 - DEBUG - 自動保存已禁用，跳過配置保存
2025-08-01 11:56:29,011 - VALO360 - DEBUG - 自動保存已禁用，跳過配置保存
2025-08-01 11:56:29,012 - VALO360 - DEBUG - 自動保存已禁用，跳過配置保存
2025-08-01 11:56:29,012 - VALO360 - DEBUG - 自動保存已禁用，跳過配置保存
2025-08-01 11:56:29,012 - VALO360 - DEBUG - 自動保存已禁用，跳過配置保存
2025-08-01 11:56:29,013 - VALO360 - DEBUG - 自動保存已禁用，跳過配置保存
2025-08-01 11:56:29,013 - VALO360 - DEBUG - 自動保存已禁用，跳過配置保存
2025-08-01 11:56:29,013 - VALO360 - DEBUG - 自動保存已禁用，跳過配置保存
2025-08-01 11:56:29,013 - VALO360 - DEBUG - 自動保存已禁用，跳過配置保存
2025-08-01 11:56:29,014 - VALO360 - DEBUG - 自動保存已禁用，跳過配置保存
2025-08-01 11:56:29,014 - VALO360 - DEBUG - 自動保存已禁用，跳過配置保存
2025-08-01 11:56:29,015 - VALO360 - DEBUG - 自動保存已禁用，跳過配置保存
2025-08-01 11:56:29,015 - VALO360 - DEBUG - 自動保存已禁用，跳過配置保存
2025-08-01 11:56:29,016 - VALO360 - DEBUG - 自動保存已禁用，跳過配置保存
2025-08-01 11:56:29,016 - VALO360 - DEBUG - 自動保存已禁用，跳過配置保存
2025-08-01 11:56:29,016 - VALO360 - DEBUG - 自動保存已禁用，跳過配置保存
2025-08-01 11:56:29,016 - VALO360 - DEBUG - 自動保存已禁用，跳過配置保存
2025-08-01 11:56:29,018 - VALO360 - DEBUG - 自動保存已禁用，跳過配置保存
2025-08-01 11:56:29,018 - VALO360 - DEBUG - 自動保存已禁用，跳過配置保存
2025-08-01 11:56:29,019 - VALO360 - DEBUG - 自動保存已禁用，跳過配置保存
2025-08-01 11:56:29,019 - VALO360 - DEBUG - 自動保存已禁用，跳過配置保存
2025-08-01 11:56:29,020 - VALO360 - DEBUG - 自動保存已禁用，跳過配置保存
2025-08-01 11:56:29,020 - VALO360 - DEBUG - 自動保存已禁用，跳過配置保存
2025-08-01 11:56:29,020 - VALO360 - DEBUG - 自動保存已禁用，跳過配置保存
2025-08-01 11:56:29,021 - VALO360 - DEBUG - 自動保存已禁用，跳過配置保存
2025-08-01 11:56:29,022 - VALO360 - DEBUG - 自動保存已禁用，跳過配置保存
2025-08-01 11:56:29,022 - VALO360 - DEBUG - 自動保存已禁用，跳過配置保存
2025-08-01 11:56:29,023 - VALO360 - DEBUG - 自動保存已禁用，跳過配置保存
2025-08-01 11:56:29,023 - VALO360 - DEBUG - 自動保存已禁用，跳過配置保存
2025-08-01 11:56:29,024 - VALO360 - DEBUG - 自動保存已禁用，跳過配置保存
2025-08-01 11:56:29,025 - VALO360 - DEBUG - 自動保存已禁用，跳過配置保存
2025-08-01 11:56:29,025 - VALO360 - DEBUG - 自動保存已禁用，跳過配置保存
2025-08-01 11:56:29,025 - VALO360 - DEBUG - 自動保存已禁用，跳過配置保存
2025-08-01 11:56:29,026 - VALO360 - DEBUG - 自動保存已禁用，跳過配置保存
2025-08-01 11:56:29,026 - VALO360 - DEBUG - 自動保存已禁用，跳過配置保存
2025-08-01 11:56:29,027 - VALO360 - DEBUG - 自動保存已禁用，跳過配置保存
2025-08-01 11:56:29,027 - VALO360 - DEBUG - 自動保存已禁用，跳過配置保存
2025-08-01 11:56:29,027 - VALO360 - DEBUG - 自動保存已禁用，跳過配置保存
2025-08-01 11:56:29,028 - VALO360 - DEBUG - 自動保存已禁用，跳過配置保存
2025-08-01 11:56:29,028 - VALO360 - DEBUG - 自動保存已禁用，跳過配置保存
2025-08-01 11:56:29,028 - VALO360 - DEBUG - 自動保存已禁用，跳過配置保存
2025-08-01 11:56:29,029 - VALO360 - DEBUG - 自動保存已禁用，跳過配置保存
2025-08-01 11:56:29,029 - VALO360 - DEBUG - 自動保存已禁用，跳過配置保存
2025-08-01 11:56:29,029 - VALO360 - DEBUG - 自動保存已禁用，跳過配置保存
2025-08-01 11:56:29,029 - VALO360 - DEBUG - 自動保存已禁用，跳過配置保存
2025-08-01 11:56:29,031 - VALO360 - DEBUG - 自動保存已禁用，跳過配置保存
2025-08-01 11:56:29,031 - VALO360 - DEBUG - 自動保存已禁用，跳過配置保存
2025-08-01 11:56:29,031 - VALO360 - DEBUG - 自動保存已禁用，跳過配置保存
2025-08-01 11:56:29,032 - VALO360 - DEBUG - 自動保存已禁用，跳過配置保存
2025-08-01 11:56:29,032 - VALO360 - DEBUG - 自動保存已禁用，跳過配置保存
2025-08-01 11:56:29,033 - VALO360 - DEBUG - 自動保存已禁用，跳過配置保存
2025-08-01 11:56:29,033 - VALO360 - DEBUG - 自動保存已禁用，跳過配置保存
2025-08-01 11:56:29,033 - VALO360 - DEBUG - 自動保存已禁用，跳過配置保存
2025-08-01 11:56:29,034 - VALO360 - DEBUG - 自動保存已禁用，跳過配置保存
2025-08-01 11:56:29,034 - VALO360 - DEBUG - 自動保存已禁用，跳過配置保存
2025-08-01 11:56:29,034 - VALO360 - DEBUG - 自動保存已禁用，跳過配置保存
2025-08-01 11:56:29,034 - VALO360 - DEBUG - 自動保存已禁用，跳過配置保存
2025-08-01 11:56:29,036 - VALO360 - DEBUG - 自動保存已禁用，跳過配置保存
2025-08-01 11:56:29,036 - VALO360 - DEBUG - 自動保存已禁用，跳過配置保存
2025-08-01 11:56:29,036 - VALO360 - DEBUG - 自動保存已禁用，跳過配置保存
2025-08-01 11:56:29,036 - VALO360 - DEBUG - 自動保存已禁用，跳過配置保存
2025-08-01 11:56:29,036 - VALO360 - DEBUG - 自動保存已禁用，跳過配置保存
2025-08-01 11:56:29,036 - VALO360 - DEBUG - 自動保存已禁用，跳過配置保存
2025-08-01 11:56:29,036 - VALO360 - DEBUG - 自動保存已禁用，跳過配置保存
2025-08-01 11:56:29,036 - VALO360 - DEBUG - 自動保存已禁用，跳過配置保存
2025-08-01 11:56:29,036 - VALO360 - DEBUG - 自動保存已禁用，跳過配置保存
2025-08-01 11:56:29,036 - VALO360 - DEBUG - 自動保存已禁用，跳過配置保存
2025-08-01 11:56:29,036 - VALO360 - DEBUG - 自動保存已禁用，跳過配置保存
2025-08-01 11:56:29,036 - VALO360 - DEBUG - 自動保存已禁用，跳過配置保存
2025-08-01 11:56:29,036 - VALO360 - DEBUG - 自動保存已禁用，跳過配置保存
2025-08-01 11:56:29,036 - VALO360 - DEBUG - 自動保存已禁用，跳過配置保存
2025-08-01 11:56:29,036 - VALO360 - DEBUG - 自動保存已禁用，跳過配置保存
2025-08-01 11:56:29,043 - VALO360 - DEBUG - 自動保存已禁用，跳過配置保存
2025-08-01 11:56:29,043 - VALO360 - DEBUG - 自動保存已禁用，跳過配置保存
2025-08-01 11:56:29,043 - VALO360 - DEBUG - 自動保存已禁用，跳過配置保存
2025-08-01 11:56:29,043 - VALO360 - DEBUG - 自動保存已禁用，跳過配置保存
2025-08-01 11:56:29,043 - VALO360 - DEBUG - 自動保存已禁用，跳過配置保存
2025-08-01 11:56:29,043 - VALO360 - DEBUG - 自動保存已禁用，跳過配置保存
2025-08-01 11:56:29,043 - VALO360 - DEBUG - 自動保存已禁用，跳過配置保存
2025-08-01 11:56:29,043 - VALO360 - DEBUG - 自動保存已禁用，跳過配置保存
2025-08-01 11:56:29,043 - VALO360 - DEBUG - 自動保存已禁用，跳過配置保存
2025-08-01 11:56:29,043 - VALO360 - DEBUG - 自動保存已禁用，跳過配置保存
2025-08-01 11:56:29,046 - VALO360 - DEBUG - 自動保存已禁用，跳過配置保存
2025-08-01 11:56:29,046 - VALO360 - DEBUG - 自動保存已禁用，跳過配置保存
2025-08-01 11:56:29,046 - VALO360 - DEBUG - 自動保存已禁用，跳過配置保存
2025-08-01 11:56:29,048 - VALO360 - DEBUG - 自動保存已禁用，跳過配置保存
2025-08-01 11:56:29,048 - VALO360 - DEBUG - 自動保存已禁用，跳過配置保存
2025-08-01 11:56:29,048 - VALO360 - DEBUG - 自動保存已禁用，跳過配置保存
2025-08-01 11:56:29,048 - VALO360 - DEBUG - 自動保存已禁用，跳過配置保存
2025-08-01 11:56:29,048 - VALO360 - DEBUG - 自動保存已禁用，跳過配置保存
2025-08-01 11:56:29,048 - VALO360 - DEBUG - 自動保存已禁用，跳過配置保存
2025-08-01 11:56:29,048 - VALO360 - DEBUG - 自動保存已禁用，跳過配置保存
2025-08-01 11:56:29,048 - VALO360 - DEBUG - 自動保存已禁用，跳過配置保存
2025-08-01 11:56:29,053 - VALO360 - DEBUG - 自動保存已禁用，跳過配置保存
2025-08-01 11:56:29,053 - VALO360 - DEBUG - 自動保存已禁用，跳過配置保存
2025-08-01 11:56:29,054 - VALO360 - DEBUG - 自動保存已禁用，跳過配置保存
2025-08-01 11:56:29,054 - VALO360 - DEBUG - 自動保存已禁用，跳過配置保存
2025-08-01 11:56:29,055 - VALO360 - DEBUG - 自動保存已禁用，跳過配置保存
2025-08-01 11:56:29,055 - VALO360 - DEBUG - 自動保存已禁用，跳過配置保存
2025-08-01 11:56:29,055 - VALO360 - DEBUG - 自動保存已禁用，跳過配置保存
2025-08-01 11:56:29,055 - VALO360 - DEBUG - 自動保存已禁用，跳過配置保存
2025-08-01 11:56:29,055 - VALO360 - DEBUG - 自動保存已禁用，跳過配置保存
2025-08-01 11:56:29,057 - VALO360 - DEBUG - 自動保存已禁用，跳過配置保存
2025-08-01 11:56:29,057 - VALO360 - DEBUG - 自動保存已禁用，跳過配置保存
2025-08-01 11:56:29,057 - VALO360 - DEBUG - 自動保存已禁用，跳過配置保存
2025-08-01 11:56:29,058 - VALO360 - DEBUG - 自動保存已禁用，跳過配置保存
2025-08-01 11:56:29,058 - VALO360 - DEBUG - 自動保存已禁用，跳過配置保存
2025-08-01 11:56:29,058 - VALO360 - DEBUG - 自動保存已禁用，跳過配置保存
2025-08-01 11:56:29,058 - VALO360 - DEBUG - 自動保存已禁用，跳過配置保存
2025-08-01 11:56:29,059 - VALO360 - DEBUG - 自動保存已禁用，跳過配置保存
2025-08-01 11:56:29,059 - VALO360 - DEBUG - 自動保存已禁用，跳過配置保存
2025-08-01 11:56:29,059 - VALO360 - DEBUG - 自動保存已禁用，跳過配置保存
2025-08-01 11:56:29,060 - VALO360 - DEBUG - 自動保存已禁用，跳過配置保存
2025-08-01 11:56:29,060 - VALO360 - DEBUG - 自動保存已禁用，跳過配置保存
2025-08-01 11:56:29,061 - VALO360 - DEBUG - 自動保存已禁用，跳過配置保存
2025-08-01 11:56:29,061 - VALO360 - DEBUG - 自動保存已禁用，跳過配置保存
2025-08-01 11:56:29,061 - VALO360 - DEBUG - 自動保存已禁用，跳過配置保存
2025-08-01 11:56:29,062 - VALO360 - DEBUG - 自動保存已禁用，跳過配置保存
2025-08-01 11:56:29,062 - VALO360 - DEBUG - 自動保存已禁用，跳過配置保存
2025-08-01 11:56:29,062 - VALO360 - DEBUG - 自動保存已禁用，跳過配置保存
2025-08-01 11:56:29,063 - VALO360 - DEBUG - 自動保存已禁用，跳過配置保存
2025-08-01 11:56:29,064 - VALO360 - DEBUG - 自動保存已禁用，跳過配置保存
2025-08-01 11:56:29,064 - VALO360 - DEBUG - 自動保存已禁用，跳過配置保存
2025-08-01 11:56:29,066 - VALO360 - DEBUG - 自動保存已禁用，跳過配置保存
2025-08-01 11:56:29,066 - VALO360 - DEBUG - 自動保存已禁用，跳過配置保存
2025-08-01 11:56:29,067 - VALO360 - DEBUG - 自動保存已禁用，跳過配置保存
2025-08-01 11:56:29,068 - VALO360 - DEBUG - 自動保存已禁用，跳過配置保存
2025-08-01 11:56:29,068 - VALO360 - DEBUG - 自動保存已禁用，跳過配置保存
2025-08-01 11:56:29,068 - VALO360 - DEBUG - 自動保存已禁用，跳過配置保存
2025-08-01 11:56:29,071 - VALO360 - DEBUG - 自動保存已禁用，跳過配置保存
2025-08-01 11:56:29,072 - VALO360 - DEBUG - 自動保存已禁用，跳過配置保存
2025-08-01 11:56:29,072 - VALO360 - DEBUG - 自動保存已禁用，跳過配置保存
2025-08-01 11:56:29,072 - VALO360 - DEBUG - 自動保存已禁用，跳過配置保存
2025-08-01 11:56:31,542 - VALO360 - DEBUG - 自動保存已禁用，跳過配置保存
2025-08-01 11:56:31,542 - VALO360 - DEBUG - 自動保存已禁用，跳過配置保存
2025-08-01 11:56:31,542 - VALO360 - DEBUG - 自動保存已禁用，跳過配置保存
2025-08-01 11:56:31,542 - VALO360 - DEBUG - 自動保存已禁用，跳過配置保存
2025-08-01 11:56:39,224 - VALO360 - DEBUG - 自動保存已禁用，跳過配置保存
2025-08-01 11:56:39,226 - VALO360 - DEBUG - 配置已備份至: backup\setup_backup_20250801_115639.json
2025-08-01 11:56:39,227 - VALO360 - DEBUG - 配置保存成功
2025-08-01 11:56:39,229 - VALO360 - DEBUG - 自動保存已禁用，跳過配置保存
2025-08-01 11:56:39,246 - VALO360 - DEBUG - 自動保存已禁用，跳過配置保存
2025-08-01 11:56:39,246 - VALO360 - DEBUG - 自動保存已禁用，跳過配置保存
2025-08-01 11:56:39,247 - VALO360 - DEBUG - 自動保存已禁用，跳過配置保存
2025-08-01 11:56:39,247 - VALO360 - DEBUG - 自動保存已禁用，跳過配置保存
2025-08-01 11:56:39,292 - VALO360 - DEBUG - 自動保存已禁用，跳過配置保存
2025-08-01 11:56:39,292 - VALO360 - DEBUG - 自動保存已禁用，跳過配置保存
2025-08-01 11:56:39,292 - VALO360 - DEBUG - 自動保存已禁用，跳過配置保存
2025-08-01 11:56:39,293 - VALO360 - DEBUG - 自動保存已禁用，跳過配置保存
2025-08-01 11:56:39,296 - VALO360 - DEBUG - 自動保存已禁用，跳過配置保存
2025-08-01 11:56:39,297 - VALO360 - DEBUG - 自動保存已禁用，跳過配置保存
2025-08-01 11:56:39,297 - VALO360 - DEBUG - 自動保存已禁用，跳過配置保存
2025-08-01 11:56:39,297 - VALO360 - DEBUG - 自動保存已禁用，跳過配置保存
2025-08-01 11:56:39,302 - VALO360 - DEBUG - 自動保存已禁用，跳過配置保存
2025-08-01 11:56:39,302 - VALO360 - DEBUG - 自動保存已禁用，跳過配置保存
2025-08-01 11:56:39,302 - VALO360 - DEBUG - 自動保存已禁用，跳過配置保存
2025-08-01 11:56:39,302 - VALO360 - DEBUG - 自動保存已禁用，跳過配置保存
2025-08-01 11:56:39,304 - VALO360 - DEBUG - 自動保存已禁用，跳過配置保存
2025-08-01 11:56:39,304 - VALO360 - DEBUG - 自動保存已禁用，跳過配置保存
2025-08-01 11:56:39,304 - VALO360 - DEBUG - 自動保存已禁用，跳過配置保存
2025-08-01 11:56:39,305 - VALO360 - DEBUG - 自動保存已禁用，跳過配置保存
2025-08-01 11:56:39,306 - VALO360 - DEBUG - 自動保存已禁用，跳過配置保存
2025-08-01 11:56:39,307 - VALO360 - DEBUG - 自動保存已禁用，跳過配置保存
2025-08-01 11:56:39,307 - VALO360 - DEBUG - 自動保存已禁用，跳過配置保存
2025-08-01 11:56:39,307 - VALO360 - DEBUG - 自動保存已禁用，跳過配置保存
2025-08-01 11:56:39,310 - VALO360 - DEBUG - 自動保存已禁用，跳過配置保存
2025-08-01 11:56:39,310 - VALO360 - DEBUG - 自動保存已禁用，跳過配置保存
2025-08-01 11:56:39,310 - VALO360 - DEBUG - 自動保存已禁用，跳過配置保存
2025-08-01 11:56:39,311 - VALO360 - DEBUG - 自動保存已禁用，跳過配置保存
2025-08-01 11:56:39,318 - VALO360 - DEBUG - 自動保存已禁用，跳過配置保存
2025-08-01 11:56:39,318 - VALO360 - DEBUG - 自動保存已禁用，跳過配置保存
2025-08-01 11:56:39,318 - VALO360 - DEBUG - 自動保存已禁用，跳過配置保存
2025-08-01 11:56:39,319 - VALO360 - DEBUG - 自動保存已禁用，跳過配置保存
2025-08-01 11:56:39,322 - VALO360 - DEBUG - 自動保存已禁用，跳過配置保存
2025-08-01 11:56:39,322 - VALO360 - DEBUG - 自動保存已禁用，跳過配置保存
2025-08-01 11:56:39,322 - VALO360 - DEBUG - 自動保存已禁用，跳過配置保存
2025-08-01 11:56:39,322 - VALO360 - DEBUG - 自動保存已禁用，跳過配置保存
2025-08-01 11:56:39,325 - VALO360 - DEBUG - 自動保存已禁用，跳過配置保存
2025-08-01 11:56:39,325 - VALO360 - DEBUG - 自動保存已禁用，跳過配置保存
2025-08-01 11:56:39,326 - VALO360 - DEBUG - 自動保存已禁用，跳過配置保存
2025-08-01 11:56:39,326 - VALO360 - DEBUG - 自動保存已禁用，跳過配置保存
2025-08-01 11:56:39,329 - VALO360 - DEBUG - 自動保存已禁用，跳過配置保存
2025-08-01 11:56:39,330 - VALO360 - DEBUG - 自動保存已禁用，跳過配置保存
2025-08-01 11:56:39,330 - VALO360 - DEBUG - 自動保存已禁用，跳過配置保存
2025-08-01 11:56:39,330 - VALO360 - DEBUG - 自動保存已禁用，跳過配置保存
2025-08-01 11:56:39,341 - VALO360 - DEBUG - 自動保存已禁用，跳過配置保存
2025-08-01 11:56:39,341 - VALO360 - DEBUG - 自動保存已禁用，跳過配置保存
2025-08-01 11:56:39,341 - VALO360 - DEBUG - 自動保存已禁用，跳過配置保存
2025-08-01 11:56:39,341 - VALO360 - DEBUG - 自動保存已禁用，跳過配置保存
2025-08-01 11:56:39,343 - VALO360 - DEBUG - 自動保存已禁用，跳過配置保存
2025-08-01 11:56:39,343 - VALO360 - DEBUG - 自動保存已禁用，跳過配置保存
2025-08-01 11:56:39,344 - VALO360 - DEBUG - 自動保存已禁用，跳過配置保存
2025-08-01 11:56:39,344 - VALO360 - DEBUG - 自動保存已禁用，跳過配置保存
2025-08-01 11:56:39,345 - VALO360 - DEBUG - 自動保存已禁用，跳過配置保存
2025-08-01 11:56:39,346 - VALO360 - DEBUG - 自動保存已禁用，跳過配置保存
2025-08-01 11:56:39,346 - VALO360 - DEBUG - 自動保存已禁用，跳過配置保存
2025-08-01 11:56:39,346 - VALO360 - DEBUG - 自動保存已禁用，跳過配置保存
2025-08-01 11:56:39,346 - VALO360 - DEBUG - 自動保存已禁用，跳過配置保存
2025-08-01 11:56:39,347 - VALO360 - DEBUG - 自動保存已禁用，跳過配置保存
2025-08-01 11:56:39,347 - VALO360 - DEBUG - 自動保存已禁用，跳過配置保存
2025-08-01 11:56:39,347 - VALO360 - DEBUG - 自動保存已禁用，跳過配置保存
2025-08-01 11:56:39,357 - VALO360 - DEBUG - 自動保存已禁用，跳過配置保存
2025-08-01 11:56:39,357 - VALO360 - DEBUG - 自動保存已禁用，跳過配置保存
2025-08-01 11:56:39,357 - VALO360 - DEBUG - 自動保存已禁用，跳過配置保存
2025-08-01 11:56:39,359 - VALO360 - DEBUG - 自動保存已禁用，跳過配置保存
2025-08-01 11:56:39,360 - VALO360 - DEBUG - 自動保存已禁用，跳過配置保存
2025-08-01 11:56:39,360 - VALO360 - DEBUG - 自動保存已禁用，跳過配置保存
2025-08-01 11:56:39,360 - VALO360 - DEBUG - 自動保存已禁用，跳過配置保存
2025-08-01 11:56:39,360 - VALO360 - DEBUG - 自動保存已禁用，跳過配置保存
2025-08-01 11:56:39,385 - VALO360 - DEBUG - 自動保存已禁用，跳過配置保存
2025-08-01 11:56:39,385 - VALO360 - DEBUG - 自動保存已禁用，跳過配置保存
2025-08-01 11:56:39,385 - VALO360 - DEBUG - 自動保存已禁用，跳過配置保存
2025-08-01 11:56:39,385 - VALO360 - DEBUG - 自動保存已禁用，跳過配置保存
2025-08-01 11:56:39,387 - VALO360 - DEBUG - 自動保存已禁用，跳過配置保存
2025-08-01 11:56:39,387 - VALO360 - DEBUG - 自動保存已禁用，跳過配置保存
2025-08-01 11:56:39,387 - VALO360 - DEBUG - 自動保存已禁用，跳過配置保存
2025-08-01 11:56:39,387 - VALO360 - DEBUG - 自動保存已禁用，跳過配置保存
2025-08-01 11:56:39,388 - VALO360 - DEBUG - 自動保存已禁用，跳過配置保存
2025-08-01 11:56:39,388 - VALO360 - DEBUG - 自動保存已禁用，跳過配置保存
2025-08-01 11:56:39,388 - VALO360 - DEBUG - 自動保存已禁用，跳過配置保存
2025-08-01 11:56:39,389 - VALO360 - DEBUG - 自動保存已禁用，跳過配置保存
2025-08-01 11:56:39,389 - VALO360 - DEBUG - 自動保存已禁用，跳過配置保存
2025-08-01 11:56:39,390 - VALO360 - DEBUG - 自動保存已禁用，跳過配置保存
2025-08-01 11:56:39,390 - VALO360 - DEBUG - 自動保存已禁用，跳過配置保存
2025-08-01 11:56:39,390 - VALO360 - DEBUG - 自動保存已禁用，跳過配置保存
2025-08-01 11:56:39,391 - VALO360 - DEBUG - 自動保存已禁用，跳過配置保存
2025-08-01 11:56:39,391 - VALO360 - DEBUG - 自動保存已禁用，跳過配置保存
2025-08-01 11:56:39,391 - VALO360 - DEBUG - 自動保存已禁用，跳過配置保存
2025-08-01 11:56:39,391 - VALO360 - DEBUG - 自動保存已禁用，跳過配置保存
2025-08-01 11:56:39,393 - VALO360 - DEBUG - 自動保存已禁用，跳過配置保存
2025-08-01 11:56:39,394 - VALO360 - DEBUG - 自動保存已禁用，跳過配置保存
2025-08-01 11:56:39,394 - VALO360 - DEBUG - 自動保存已禁用，跳過配置保存
2025-08-01 11:56:39,394 - VALO360 - DEBUG - 自動保存已禁用，跳過配置保存
2025-08-01 11:56:39,401 - VALO360 - DEBUG - 自動保存已禁用，跳過配置保存
2025-08-01 11:56:39,401 - VALO360 - DEBUG - 自動保存已禁用，跳過配置保存
2025-08-01 11:56:39,401 - VALO360 - DEBUG - 自動保存已禁用，跳過配置保存
2025-08-01 11:56:39,402 - VALO360 - DEBUG - 自動保存已禁用，跳過配置保存
2025-08-01 11:56:39,403 - VALO360 - DEBUG - 自動保存已禁用，跳過配置保存
2025-08-01 11:56:39,403 - VALO360 - DEBUG - 自動保存已禁用，跳過配置保存
2025-08-01 11:56:39,404 - VALO360 - DEBUG - 自動保存已禁用，跳過配置保存
2025-08-01 11:56:39,404 - VALO360 - DEBUG - 自動保存已禁用，跳過配置保存
2025-08-01 11:56:39,406 - VALO360 - DEBUG - 自動保存已禁用，跳過配置保存
2025-08-01 11:56:39,407 - VALO360 - DEBUG - 自動保存已禁用，跳過配置保存
2025-08-01 11:56:39,407 - VALO360 - DEBUG - 自動保存已禁用，跳過配置保存
2025-08-01 11:56:39,407 - VALO360 - DEBUG - 自動保存已禁用，跳過配置保存
2025-08-01 11:56:39,408 - VALO360 - DEBUG - 自動保存已禁用，跳過配置保存
2025-08-01 11:56:39,408 - VALO360 - DEBUG - 自動保存已禁用，跳過配置保存
2025-08-01 11:56:39,408 - VALO360 - DEBUG - 自動保存已禁用，跳過配置保存
2025-08-01 11:56:39,409 - VALO360 - DEBUG - 自動保存已禁用，跳過配置保存
2025-08-01 11:56:39,412 - VALO360 - DEBUG - 自動保存已禁用，跳過配置保存
2025-08-01 11:56:39,412 - VALO360 - DEBUG - 自動保存已禁用，跳過配置保存
2025-08-01 11:56:39,412 - VALO360 - DEBUG - 自動保存已禁用，跳過配置保存
2025-08-01 11:56:39,412 - VALO360 - DEBUG - 自動保存已禁用，跳過配置保存
2025-08-01 11:56:39,414 - VALO360 - DEBUG - 自動保存已禁用，跳過配置保存
2025-08-01 11:56:39,414 - VALO360 - DEBUG - 自動保存已禁用，跳過配置保存
2025-08-01 11:56:39,414 - VALO360 - DEBUG - 自動保存已禁用，跳過配置保存
2025-08-01 11:56:39,415 - VALO360 - DEBUG - 自動保存已禁用，跳過配置保存
2025-08-01 11:56:39,427 - VALO360 - DEBUG - 找到 2 個COM口: ['COM5', 'COM6']
2025-08-01 11:56:41,359 - VALO360 - DEBUG - 自動保存已禁用，跳過配置保存
2025-08-01 11:56:41,359 - VALO360 - DEBUG - 自動保存已禁用，跳過配置保存
2025-08-01 11:56:41,361 - VALO360 - DEBUG - 自動保存已禁用，跳過配置保存
2025-08-01 11:56:41,361 - VALO360 - DEBUG - 自動保存已禁用，跳過配置保存
2025-08-01 11:56:41,806 - VALO360 - DEBUG - 自動保存已禁用，跳過配置保存
2025-08-01 11:56:41,806 - VALO360 - DEBUG - 自動保存已禁用，跳過配置保存
2025-08-01 11:56:41,806 - VALO360 - DEBUG - 自動保存已禁用，跳過配置保存
2025-08-01 11:56:41,806 - VALO360 - DEBUG - 自動保存已禁用，跳過配置保存
2025-08-01 11:56:41,855 - VALO360 - DEBUG - 找到 2 個COM口: ['COM5', 'COM6']
2025-08-01 11:56:45,003 - VALO360 - DEBUG - SerialWorker 初始化: COM=COM5, 指令數=1, 超時=30s
2025-08-01 11:56:45,004 - VALO360 - INFO - 開始執行序列埠任務: COM5
2025-08-01 11:56:45,020 - VALO360 - DEBUG - 自動保存已禁用，跳過配置保存
2025-08-01 11:56:45,020 - VALO360 - DEBUG - 自動保存已禁用，跳過配置保存
2025-08-01 11:56:45,021 - VALO360 - DEBUG - 自動保存已禁用，跳過配置保存
2025-08-01 11:56:45,021 - VALO360 - DEBUG - 自動保存已禁用，跳過配置保存
2025-08-01 11:56:45,022 - VALO360 - DEBUG - 自動保存已禁用，跳過配置保存
2025-08-01 11:56:45,023 - VALO360 - DEBUG - 自動保存已禁用，跳過配置保存
2025-08-01 11:56:45,023 - VALO360 - DEBUG - 自動保存已禁用，跳過配置保存
2025-08-01 11:56:45,023 - VALO360 - DEBUG - 自動保存已禁用，跳過配置保存
2025-08-01 11:56:45,023 - VALO360 - DEBUG - 自動保存已禁用，跳過配置保存
2025-08-01 11:56:45,024 - VALO360 - DEBUG - 自動保存已禁用，跳過配置保存
2025-08-01 11:56:45,024 - VALO360 - DEBUG - 自動保存已禁用，跳過配置保存
2025-08-01 11:56:45,024 - VALO360 - DEBUG - 自動保存已禁用，跳過配置保存
2025-08-01 11:56:45,025 - VALO360 - DEBUG - 自動保存已禁用，跳過配置保存
2025-08-01 11:56:45,025 - VALO360 - DEBUG - 自動保存已禁用，跳過配置保存
2025-08-01 11:56:45,025 - VALO360 - DEBUG - 自動保存已禁用，跳過配置保存
2025-08-01 11:56:45,026 - VALO360 - DEBUG - 自動保存已禁用，跳過配置保存
2025-08-01 11:56:45,027 - VALO360 - DEBUG - 自動保存已禁用，跳過配置保存
2025-08-01 11:56:45,027 - VALO360 - DEBUG - 自動保存已禁用，跳過配置保存
2025-08-01 11:56:45,027 - VALO360 - DEBUG - 自動保存已禁用，跳過配置保存
2025-08-01 11:56:45,027 - VALO360 - DEBUG - 自動保存已禁用，跳過配置保存
2025-08-01 11:56:46,507 - VALO360 - DEBUG - 簡單關閉 COM 口 COM5
2025-08-01 11:56:46,508 - VALO360 - DEBUG - SerialWorker 執行完成
2025-08-01 11:56:46,508 - VALO360 - WARNING - 函數 SerialWorker.run 執行時間過長: 1.505秒
2025-08-01 11:56:46,513 - VALO360 - DEBUG - 自動保存已禁用，跳過配置保存
2025-08-01 11:56:46,513 - VALO360 - DEBUG - 自動保存已禁用，跳過配置保存
2025-08-01 11:56:46,513 - VALO360 - DEBUG - 自動保存已禁用，跳過配置保存
2025-08-01 11:56:46,514 - VALO360 - DEBUG - 自動保存已禁用，跳過配置保存
2025-08-01 11:56:46,517 - VALO360 - DEBUG - 自動保存已禁用，跳過配置保存
2025-08-01 11:56:46,517 - VALO360 - DEBUG - 自動保存已禁用，跳過配置保存
2025-08-01 11:56:46,518 - VALO360 - DEBUG - 自動保存已禁用，跳過配置保存
2025-08-01 11:56:46,518 - VALO360 - DEBUG - 自動保存已禁用，跳過配置保存
2025-08-01 11:56:46,519 - VALO360 - DEBUG - 自動保存已禁用，跳過配置保存
2025-08-01 11:56:46,519 - VALO360 - DEBUG - 自動保存已禁用，跳過配置保存
2025-08-01 11:56:46,519 - VALO360 - DEBUG - 自動保存已禁用，跳過配置保存
2025-08-01 11:56:46,520 - VALO360 - DEBUG - 自動保存已禁用，跳過配置保存
2025-08-01 11:56:46,521 - VALO360 - DEBUG - 自動保存已禁用，跳過配置保存
2025-08-01 11:56:46,521 - VALO360 - DEBUG - 自動保存已禁用，跳過配置保存
2025-08-01 11:56:46,522 - VALO360 - DEBUG - 自動保存已禁用，跳過配置保存
2025-08-01 11:56:46,522 - VALO360 - DEBUG - 自動保存已禁用，跳過配置保存
2025-08-01 11:56:46,523 - VALO360 - DEBUG - 自動保存已禁用，跳過配置保存
2025-08-01 11:56:46,523 - VALO360 - DEBUG - 自動保存已禁用，跳過配置保存
2025-08-01 11:56:46,523 - VALO360 - DEBUG - 自動保存已禁用，跳過配置保存
2025-08-01 11:56:46,524 - VALO360 - DEBUG - 自動保存已禁用，跳過配置保存
2025-08-01 11:56:49,861 - VALO360 - DEBUG - SerialWorker 初始化: COM=COM5, 指令數=1, 超時=30s
2025-08-01 11:56:49,862 - VALO360 - INFO - 開始執行序列埠任務: COM5
2025-08-01 11:56:49,868 - VALO360 - DEBUG - 自動保存已禁用，跳過配置保存
2025-08-01 11:56:49,868 - VALO360 - DEBUG - 自動保存已禁用，跳過配置保存
2025-08-01 11:56:49,868 - VALO360 - DEBUG - 自動保存已禁用，跳過配置保存
2025-08-01 11:56:49,868 - VALO360 - DEBUG - 自動保存已禁用，跳過配置保存
2025-08-01 11:56:49,869 - VALO360 - DEBUG - 自動保存已禁用，跳過配置保存
2025-08-01 11:56:49,870 - VALO360 - DEBUG - 自動保存已禁用，跳過配置保存
2025-08-01 11:56:49,870 - VALO360 - DEBUG - 自動保存已禁用，跳過配置保存
2025-08-01 11:56:49,870 - VALO360 - DEBUG - 自動保存已禁用，跳過配置保存
2025-08-01 11:56:49,871 - VALO360 - DEBUG - 自動保存已禁用，跳過配置保存
2025-08-01 11:56:49,871 - VALO360 - DEBUG - 自動保存已禁用，跳過配置保存
2025-08-01 11:56:49,871 - VALO360 - DEBUG - 自動保存已禁用，跳過配置保存
2025-08-01 11:56:49,871 - VALO360 - DEBUG - 自動保存已禁用，跳過配置保存
2025-08-01 11:56:49,872 - VALO360 - DEBUG - 自動保存已禁用，跳過配置保存
2025-08-01 11:56:49,873 - VALO360 - DEBUG - 自動保存已禁用，跳過配置保存
2025-08-01 11:56:49,873 - VALO360 - DEBUG - 自動保存已禁用，跳過配置保存
2025-08-01 11:56:49,873 - VALO360 - DEBUG - 自動保存已禁用，跳過配置保存
2025-08-01 11:56:49,874 - VALO360 - DEBUG - 自動保存已禁用，跳過配置保存
2025-08-01 11:56:49,874 - VALO360 - DEBUG - 自動保存已禁用，跳過配置保存
2025-08-01 11:56:49,874 - VALO360 - DEBUG - 自動保存已禁用，跳過配置保存
2025-08-01 11:56:49,874 - VALO360 - DEBUG - 自動保存已禁用，跳過配置保存
2025-08-01 11:56:51,088 - VALO360 - DEBUG - 簡單關閉 COM 口 COM5
2025-08-01 11:56:51,090 - VALO360 - DEBUG - SerialWorker 執行完成
2025-08-01 11:56:51,090 - VALO360 - WARNING - 函數 SerialWorker.run 執行時間過長: 1.227秒
2025-08-01 11:56:51,095 - VALO360 - DEBUG - 自動保存已禁用，跳過配置保存
2025-08-01 11:56:51,095 - VALO360 - DEBUG - 自動保存已禁用，跳過配置保存
2025-08-01 11:56:51,095 - VALO360 - DEBUG - 自動保存已禁用，跳過配置保存
2025-08-01 11:56:51,095 - VALO360 - DEBUG - 自動保存已禁用，跳過配置保存
2025-08-01 11:56:51,098 - VALO360 - DEBUG - 自動保存已禁用，跳過配置保存
2025-08-01 11:56:51,098 - VALO360 - DEBUG - 自動保存已禁用，跳過配置保存
2025-08-01 11:56:51,098 - VALO360 - DEBUG - 自動保存已禁用，跳過配置保存
2025-08-01 11:56:51,098 - VALO360 - DEBUG - 自動保存已禁用，跳過配置保存
2025-08-01 11:56:51,098 - VALO360 - DEBUG - 自動保存已禁用，跳過配置保存
2025-08-01 11:56:51,099 - VALO360 - DEBUG - 自動保存已禁用，跳過配置保存
2025-08-01 11:56:51,099 - VALO360 - DEBUG - 自動保存已禁用，跳過配置保存
2025-08-01 11:56:51,099 - VALO360 - DEBUG - 自動保存已禁用，跳過配置保存
2025-08-01 11:56:51,099 - VALO360 - DEBUG - 自動保存已禁用，跳過配置保存
2025-08-01 11:56:51,101 - VALO360 - DEBUG - 自動保存已禁用，跳過配置保存
2025-08-01 11:56:51,101 - VALO360 - DEBUG - 自動保存已禁用，跳過配置保存
2025-08-01 11:56:51,101 - VALO360 - DEBUG - 自動保存已禁用，跳過配置保存
2025-08-01 11:56:51,102 - VALO360 - DEBUG - 自動保存已禁用，跳過配置保存
2025-08-01 11:56:51,102 - VALO360 - DEBUG - 自動保存已禁用，跳過配置保存
2025-08-01 11:56:51,102 - VALO360 - DEBUG - 自動保存已禁用，跳過配置保存
2025-08-01 11:56:51,103 - VALO360 - DEBUG - 自動保存已禁用，跳過配置保存
2025-08-01 11:56:53,109 - VALO360 - DEBUG - SerialWorker 初始化: COM=COM5, 指令數=1, 超時=30s
2025-08-01 11:56:53,110 - VALO360 - INFO - 開始執行序列埠任務: COM5
2025-08-01 11:56:53,122 - VALO360 - DEBUG - 自動保存已禁用，跳過配置保存
2025-08-01 11:56:53,122 - VALO360 - DEBUG - 自動保存已禁用，跳過配置保存
2025-08-01 11:56:53,123 - VALO360 - DEBUG - 自動保存已禁用，跳過配置保存
2025-08-01 11:56:53,123 - VALO360 - DEBUG - 自動保存已禁用，跳過配置保存
2025-08-01 11:56:53,125 - VALO360 - DEBUG - 自動保存已禁用，跳過配置保存
2025-08-01 11:56:53,126 - VALO360 - DEBUG - 自動保存已禁用，跳過配置保存
2025-08-01 11:56:53,126 - VALO360 - DEBUG - 自動保存已禁用，跳過配置保存
2025-08-01 11:56:53,126 - VALO360 - DEBUG - 自動保存已禁用，跳過配置保存
2025-08-01 11:56:53,127 - VALO360 - DEBUG - 自動保存已禁用，跳過配置保存
2025-08-01 11:56:53,127 - VALO360 - DEBUG - 自動保存已禁用，跳過配置保存
2025-08-01 11:56:53,127 - VALO360 - DEBUG - 自動保存已禁用，跳過配置保存
2025-08-01 11:56:53,128 - VALO360 - DEBUG - 自動保存已禁用，跳過配置保存
2025-08-01 11:56:53,129 - VALO360 - DEBUG - 自動保存已禁用，跳過配置保存
2025-08-01 11:56:53,129 - VALO360 - DEBUG - 自動保存已禁用，跳過配置保存
2025-08-01 11:56:53,130 - VALO360 - DEBUG - 自動保存已禁用，跳過配置保存
2025-08-01 11:56:53,130 - VALO360 - DEBUG - 自動保存已禁用，跳過配置保存
2025-08-01 11:56:53,131 - VALO360 - DEBUG - 自動保存已禁用，跳過配置保存
2025-08-01 11:56:53,131 - VALO360 - DEBUG - 自動保存已禁用，跳過配置保存
2025-08-01 11:56:53,131 - VALO360 - DEBUG - 自動保存已禁用，跳過配置保存
2025-08-01 11:56:53,132 - VALO360 - DEBUG - 自動保存已禁用，跳過配置保存
2025-08-01 11:56:54,369 - VALO360 - DEBUG - 簡單關閉 COM 口 COM5
2025-08-01 11:56:54,370 - VALO360 - DEBUG - SerialWorker 執行完成
2025-08-01 11:56:54,370 - VALO360 - WARNING - 函數 SerialWorker.run 執行時間過長: 1.260秒
2025-08-01 11:56:54,378 - VALO360 - DEBUG - 自動保存已禁用，跳過配置保存
2025-08-01 11:56:54,378 - VALO360 - DEBUG - 自動保存已禁用，跳過配置保存
2025-08-01 11:56:54,378 - VALO360 - DEBUG - 自動保存已禁用，跳過配置保存
2025-08-01 11:56:54,379 - VALO360 - DEBUG - 自動保存已禁用，跳過配置保存
2025-08-01 11:56:54,380 - VALO360 - DEBUG - 自動保存已禁用，跳過配置保存
2025-08-01 11:56:54,380 - VALO360 - DEBUG - 自動保存已禁用，跳過配置保存
2025-08-01 11:56:54,380 - VALO360 - DEBUG - 自動保存已禁用，跳過配置保存
2025-08-01 11:56:54,381 - VALO360 - DEBUG - 自動保存已禁用，跳過配置保存
2025-08-01 11:56:54,381 - VALO360 - DEBUG - 自動保存已禁用，跳過配置保存
2025-08-01 11:56:54,381 - VALO360 - DEBUG - 自動保存已禁用，跳過配置保存
2025-08-01 11:56:54,381 - VALO360 - DEBUG - 自動保存已禁用，跳過配置保存
2025-08-01 11:56:54,382 - VALO360 - DEBUG - 自動保存已禁用，跳過配置保存
2025-08-01 11:56:54,383 - VALO360 - DEBUG - 自動保存已禁用，跳過配置保存
2025-08-01 11:56:54,383 - VALO360 - DEBUG - 自動保存已禁用，跳過配置保存
2025-08-01 11:56:54,383 - VALO360 - DEBUG - 自動保存已禁用，跳過配置保存
2025-08-01 11:56:54,384 - VALO360 - DEBUG - 自動保存已禁用，跳過配置保存
2025-08-01 11:56:54,384 - VALO360 - DEBUG - 自動保存已禁用，跳過配置保存
2025-08-01 11:56:54,385 - VALO360 - DEBUG - 自動保存已禁用，跳過配置保存
2025-08-01 11:56:54,385 - VALO360 - DEBUG - 自動保存已禁用，跳過配置保存
2025-08-01 11:56:54,385 - VALO360 - DEBUG - 自動保存已禁用，跳過配置保存
2025-08-01 11:57:02,544 - VALO360 - DEBUG - 自動保存已禁用，跳過配置保存
2025-08-01 11:57:02,544 - VALO360 - DEBUG - 自動保存已禁用，跳過配置保存
2025-08-01 11:57:02,551 - VALO360 - DEBUG - 自動保存已禁用，跳過配置保存
2025-08-01 11:57:02,551 - VALO360 - DEBUG - 自動保存已禁用，跳過配置保存
2025-08-01 11:57:11,137 - VALO360 - DEBUG - 自動保存已禁用，跳過配置保存
2025-08-01 11:57:11,137 - VALO360 - DEBUG - 自動保存已禁用，跳過配置保存
2025-08-01 11:57:11,137 - VALO360 - DEBUG - 自動保存已禁用，跳過配置保存
2025-08-01 11:57:11,137 - VALO360 - DEBUG - 自動保存已禁用，跳過配置保存
2025-08-01 11:57:11,139 - VALO360 - DEBUG - 自動保存已禁用，跳過配置保存
2025-08-01 11:57:11,139 - VALO360 - DEBUG - 自動保存已禁用，跳過配置保存
2025-08-01 11:57:11,139 - VALO360 - DEBUG - 自動保存已禁用，跳過配置保存
2025-08-01 11:57:11,140 - VALO360 - DEBUG - 自動保存已禁用，跳過配置保存
2025-08-01 11:57:11,145 - VALO360 - DEBUG - 自動保存已禁用，跳過配置保存
2025-08-01 11:57:11,145 - VALO360 - DEBUG - 自動保存已禁用，跳過配置保存
2025-08-01 11:57:11,145 - VALO360 - DEBUG - 自動保存已禁用，跳過配置保存
2025-08-01 11:57:11,145 - VALO360 - DEBUG - 自動保存已禁用，跳過配置保存
2025-08-01 11:57:11,147 - VALO360 - DEBUG - 自動保存已禁用，跳過配置保存
2025-08-01 11:57:11,147 - VALO360 - DEBUG - 自動保存已禁用，跳過配置保存
2025-08-01 11:57:11,147 - VALO360 - DEBUG - 自動保存已禁用，跳過配置保存
2025-08-01 11:57:11,149 - VALO360 - DEBUG - 自動保存已禁用，跳過配置保存
2025-08-01 11:57:11,149 - VALO360 - DEBUG - 自動保存已禁用，跳過配置保存
2025-08-01 11:57:11,149 - VALO360 - DEBUG - 自動保存已禁用，跳過配置保存
2025-08-01 11:57:11,149 - VALO360 - DEBUG - 自動保存已禁用，跳過配置保存
2025-08-01 11:57:11,149 - VALO360 - DEBUG - 自動保存已禁用，跳過配置保存
2025-08-01 11:57:11,155 - VALO360 - DEBUG - 自動保存已禁用，跳過配置保存
2025-08-01 11:57:11,155 - VALO360 - DEBUG - 自動保存已禁用，跳過配置保存
2025-08-01 11:57:11,155 - VALO360 - DEBUG - 自動保存已禁用，跳過配置保存
2025-08-01 11:57:11,155 - VALO360 - DEBUG - 自動保存已禁用，跳過配置保存
2025-08-01 11:57:11,155 - VALO360 - DEBUG - 自動保存已禁用，跳過配置保存
2025-08-01 11:57:11,155 - VALO360 - DEBUG - 自動保存已禁用，跳過配置保存
2025-08-01 11:57:11,155 - VALO360 - DEBUG - 自動保存已禁用，跳過配置保存
2025-08-01 11:57:11,155 - VALO360 - DEBUG - 自動保存已禁用，跳過配置保存
2025-08-01 11:57:11,169 - VALO360 - DEBUG - 自動保存已禁用，跳過配置保存
2025-08-01 11:57:11,171 - VALO360 - DEBUG - 自動保存已禁用，跳過配置保存
2025-08-01 11:57:11,171 - VALO360 - DEBUG - 自動保存已禁用，跳過配置保存
2025-08-01 11:57:11,171 - VALO360 - DEBUG - 自動保存已禁用，跳過配置保存
2025-08-01 11:57:11,177 - VALO360 - DEBUG - 自動保存已禁用，跳過配置保存
2025-08-01 11:57:11,177 - VALO360 - DEBUG - 自動保存已禁用，跳過配置保存
2025-08-01 11:57:11,177 - VALO360 - DEBUG - 自動保存已禁用，跳過配置保存
2025-08-01 11:57:11,178 - VALO360 - DEBUG - 自動保存已禁用，跳過配置保存
2025-08-01 11:57:11,178 - VALO360 - DEBUG - 自動保存已禁用，跳過配置保存
2025-08-01 11:57:11,178 - VALO360 - DEBUG - 自動保存已禁用，跳過配置保存
2025-08-01 11:57:11,178 - VALO360 - DEBUG - 自動保存已禁用，跳過配置保存
2025-08-01 11:57:11,178 - VALO360 - DEBUG - 自動保存已禁用，跳過配置保存
2025-08-01 11:57:11,186 - VALO360 - DEBUG - 自動保存已禁用，跳過配置保存
2025-08-01 11:57:11,186 - VALO360 - DEBUG - 自動保存已禁用，跳過配置保存
2025-08-01 11:57:11,187 - VALO360 - DEBUG - 自動保存已禁用，跳過配置保存
2025-08-01 11:57:11,187 - VALO360 - DEBUG - 自動保存已禁用，跳過配置保存
2025-08-01 11:57:11,187 - VALO360 - DEBUG - 自動保存已禁用，跳過配置保存
2025-08-01 11:57:11,187 - VALO360 - DEBUG - 自動保存已禁用，跳過配置保存
2025-08-01 11:57:11,187 - VALO360 - DEBUG - 自動保存已禁用，跳過配置保存
2025-08-01 11:57:11,187 - VALO360 - DEBUG - 自動保存已禁用，跳過配置保存
2025-08-01 11:57:11,192 - VALO360 - DEBUG - 自動保存已禁用，跳過配置保存
2025-08-01 11:57:11,192 - VALO360 - DEBUG - 自動保存已禁用，跳過配置保存
2025-08-01 11:57:11,192 - VALO360 - DEBUG - 自動保存已禁用，跳過配置保存
2025-08-01 11:57:11,194 - VALO360 - DEBUG - 自動保存已禁用，跳過配置保存
2025-08-01 11:57:11,197 - VALO360 - DEBUG - 自動保存已禁用，跳過配置保存
2025-08-01 11:57:11,197 - VALO360 - DEBUG - 自動保存已禁用，跳過配置保存
2025-08-01 11:57:11,197 - VALO360 - DEBUG - 自動保存已禁用，跳過配置保存
2025-08-01 11:57:11,197 - VALO360 - DEBUG - 自動保存已禁用，跳過配置保存
2025-08-01 11:57:11,197 - VALO360 - DEBUG - 自動保存已禁用，跳過配置保存
2025-08-01 11:57:11,197 - VALO360 - DEBUG - 自動保存已禁用，跳過配置保存
2025-08-01 11:57:11,197 - VALO360 - DEBUG - 自動保存已禁用，跳過配置保存
2025-08-01 11:57:11,197 - VALO360 - DEBUG - 自動保存已禁用，跳過配置保存
2025-08-01 11:57:11,211 - VALO360 - DEBUG - 自動保存已禁用，跳過配置保存
2025-08-01 11:57:11,211 - VALO360 - DEBUG - 自動保存已禁用，跳過配置保存
2025-08-01 11:57:11,211 - VALO360 - DEBUG - 自動保存已禁用，跳過配置保存
2025-08-01 11:57:11,213 - VALO360 - DEBUG - 自動保存已禁用，跳過配置保存
2025-08-01 11:57:11,213 - VALO360 - DEBUG - 自動保存已禁用，跳過配置保存
2025-08-01 11:57:11,213 - VALO360 - DEBUG - 自動保存已禁用，跳過配置保存
2025-08-01 11:57:11,213 - VALO360 - DEBUG - 自動保存已禁用，跳過配置保存
2025-08-01 11:57:11,213 - VALO360 - DEBUG - 自動保存已禁用，跳過配置保存
2025-08-01 11:57:11,219 - VALO360 - DEBUG - 自動保存已禁用，跳過配置保存
2025-08-01 11:57:11,219 - VALO360 - DEBUG - 自動保存已禁用，跳過配置保存
2025-08-01 11:57:11,219 - VALO360 - DEBUG - 自動保存已禁用，跳過配置保存
2025-08-01 11:57:11,219 - VALO360 - DEBUG - 自動保存已禁用，跳過配置保存
2025-08-01 11:57:11,226 - VALO360 - DEBUG - 自動保存已禁用，跳過配置保存
2025-08-01 11:57:11,226 - VALO360 - DEBUG - 自動保存已禁用，跳過配置保存
2025-08-01 11:57:11,226 - VALO360 - DEBUG - 自動保存已禁用，跳過配置保存
2025-08-01 11:57:11,226 - VALO360 - DEBUG - 自動保存已禁用，跳過配置保存
2025-08-01 11:57:11,226 - VALO360 - DEBUG - 自動保存已禁用，跳過配置保存
2025-08-01 11:57:11,226 - VALO360 - DEBUG - 自動保存已禁用，跳過配置保存
2025-08-01 11:57:11,226 - VALO360 - DEBUG - 自動保存已禁用，跳過配置保存
2025-08-01 11:57:11,231 - VALO360 - DEBUG - 自動保存已禁用，跳過配置保存
2025-08-01 11:57:11,235 - VALO360 - DEBUG - 自動保存已禁用，跳過配置保存
2025-08-01 11:57:11,235 - VALO360 - DEBUG - 自動保存已禁用，跳過配置保存
2025-08-01 11:57:11,235 - VALO360 - DEBUG - 自動保存已禁用，跳過配置保存
2025-08-01 11:57:11,235 - VALO360 - DEBUG - 自動保存已禁用，跳過配置保存
2025-08-01 11:57:11,235 - VALO360 - DEBUG - 自動保存已禁用，跳過配置保存
2025-08-01 11:57:11,235 - VALO360 - DEBUG - 自動保存已禁用，跳過配置保存
2025-08-01 11:57:11,235 - VALO360 - DEBUG - 自動保存已禁用，跳過配置保存
2025-08-01 11:57:11,235 - VALO360 - DEBUG - 自動保存已禁用，跳過配置保存
2025-08-01 11:57:11,246 - VALO360 - DEBUG - 自動保存已禁用，跳過配置保存
2025-08-01 11:57:11,246 - VALO360 - DEBUG - 自動保存已禁用，跳過配置保存
2025-08-01 11:57:11,246 - VALO360 - DEBUG - 自動保存已禁用，跳過配置保存
2025-08-01 11:57:11,246 - VALO360 - DEBUG - 自動保存已禁用，跳過配置保存
2025-08-01 11:57:11,253 - VALO360 - DEBUG - 自動保存已禁用，跳過配置保存
2025-08-01 11:57:11,256 - VALO360 - DEBUG - 自動保存已禁用，跳過配置保存
2025-08-01 11:57:11,256 - VALO360 - DEBUG - 自動保存已禁用，跳過配置保存
2025-08-01 11:57:11,256 - VALO360 - DEBUG - 自動保存已禁用，跳過配置保存
2025-08-01 11:57:11,257 - VALO360 - DEBUG - 自動保存已禁用，跳過配置保存
2025-08-01 11:57:11,257 - VALO360 - DEBUG - 自動保存已禁用，跳過配置保存
2025-08-01 11:57:11,257 - VALO360 - DEBUG - 自動保存已禁用，跳過配置保存
2025-08-01 11:57:11,257 - VALO360 - DEBUG - 自動保存已禁用，跳過配置保存
2025-08-01 11:57:11,267 - VALO360 - DEBUG - 自動保存已禁用，跳過配置保存
2025-08-01 11:57:11,267 - VALO360 - DEBUG - 自動保存已禁用，跳過配置保存
2025-08-01 11:57:11,267 - VALO360 - DEBUG - 自動保存已禁用，跳過配置保存
2025-08-01 11:57:11,267 - VALO360 - DEBUG - 自動保存已禁用，跳過配置保存
2025-08-01 11:57:11,267 - VALO360 - DEBUG - 自動保存已禁用，跳過配置保存
2025-08-01 11:57:11,267 - VALO360 - DEBUG - 自動保存已禁用，跳過配置保存
2025-08-01 11:57:11,267 - VALO360 - DEBUG - 自動保存已禁用，跳過配置保存
2025-08-01 11:57:11,267 - VALO360 - DEBUG - 自動保存已禁用，跳過配置保存
2025-08-01 11:57:11,267 - VALO360 - DEBUG - 自動保存已禁用，跳過配置保存
2025-08-01 11:57:11,267 - VALO360 - DEBUG - 自動保存已禁用，跳過配置保存
2025-08-01 11:57:11,267 - VALO360 - DEBUG - 自動保存已禁用，跳過配置保存
2025-08-01 11:57:11,276 - VALO360 - DEBUG - 自動保存已禁用，跳過配置保存
2025-08-01 11:57:11,278 - VALO360 - DEBUG - 自動保存已禁用，跳過配置保存
2025-08-01 11:57:11,278 - VALO360 - DEBUG - 自動保存已禁用，跳過配置保存
2025-08-01 11:57:11,278 - VALO360 - DEBUG - 自動保存已禁用，跳過配置保存
2025-08-01 11:57:11,278 - VALO360 - DEBUG - 自動保存已禁用，跳過配置保存
2025-08-01 11:57:11,282 - VALO360 - DEBUG - 自動保存已禁用，跳過配置保存
2025-08-01 11:57:11,282 - VALO360 - DEBUG - 自動保存已禁用，跳過配置保存
2025-08-01 11:57:11,282 - VALO360 - DEBUG - 自動保存已禁用，跳過配置保存
2025-08-01 11:57:11,282 - VALO360 - DEBUG - 自動保存已禁用，跳過配置保存
2025-08-01 11:57:11,294 - VALO360 - DEBUG - 自動保存已禁用，跳過配置保存
2025-08-01 11:57:11,294 - VALO360 - DEBUG - 自動保存已禁用，跳過配置保存
2025-08-01 11:57:11,294 - VALO360 - DEBUG - 自動保存已禁用，跳過配置保存
2025-08-01 11:57:11,296 - VALO360 - DEBUG - 自動保存已禁用，跳過配置保存
2025-08-01 11:57:11,296 - VALO360 - DEBUG - 自動保存已禁用，跳過配置保存
2025-08-01 11:57:11,296 - VALO360 - DEBUG - 自動保存已禁用，跳過配置保存
2025-08-01 11:57:11,296 - VALO360 - DEBUG - 自動保存已禁用，跳過配置保存
2025-08-01 11:57:11,296 - VALO360 - DEBUG - 自動保存已禁用，跳過配置保存
2025-08-01 11:57:11,298 - VALO360 - DEBUG - 自動保存已禁用，跳過配置保存
2025-08-01 11:57:11,298 - VALO360 - DEBUG - 自動保存已禁用，跳過配置保存
2025-08-01 11:57:11,298 - VALO360 - DEBUG - 自動保存已禁用，跳過配置保存
2025-08-01 11:57:11,298 - VALO360 - DEBUG - 自動保存已禁用，跳過配置保存
2025-08-01 11:57:11,303 - VALO360 - DEBUG - 自動保存已禁用，跳過配置保存
2025-08-01 11:57:11,303 - VALO360 - DEBUG - 自動保存已禁用，跳過配置保存
2025-08-01 11:57:11,303 - VALO360 - DEBUG - 自動保存已禁用，跳過配置保存
2025-08-01 11:57:11,307 - VALO360 - DEBUG - 自動保存已禁用，跳過配置保存
2025-08-01 11:57:11,307 - VALO360 - DEBUG - 自動保存已禁用，跳過配置保存
2025-08-01 11:57:11,307 - VALO360 - DEBUG - 自動保存已禁用，跳過配置保存
2025-08-01 11:57:11,307 - VALO360 - DEBUG - 自動保存已禁用，跳過配置保存
2025-08-01 11:57:11,307 - VALO360 - DEBUG - 自動保存已禁用，跳過配置保存
2025-08-01 11:57:11,326 - VALO360 - DEBUG - 自動保存已禁用，跳過配置保存
2025-08-01 11:57:11,328 - VALO360 - DEBUG - 自動保存已禁用，跳過配置保存
2025-08-01 11:57:11,328 - VALO360 - DEBUG - 自動保存已禁用，跳過配置保存
2025-08-01 11:57:11,328 - VALO360 - DEBUG - 自動保存已禁用，跳過配置保存
2025-08-01 11:57:11,329 - VALO360 - DEBUG - 自動保存已禁用，跳過配置保存
2025-08-01 11:57:11,329 - VALO360 - DEBUG - 自動保存已禁用，跳過配置保存
2025-08-01 11:57:11,329 - VALO360 - DEBUG - 自動保存已禁用，跳過配置保存
2025-08-01 11:57:11,329 - VALO360 - DEBUG - 自動保存已禁用，跳過配置保存
2025-08-01 11:57:11,334 - VALO360 - DEBUG - 自動保存已禁用，跳過配置保存
2025-08-01 11:57:11,334 - VALO360 - DEBUG - 自動保存已禁用，跳過配置保存
2025-08-01 11:57:11,335 - VALO360 - DEBUG - 自動保存已禁用，跳過配置保存
2025-08-01 11:57:11,335 - VALO360 - DEBUG - 自動保存已禁用，跳過配置保存
2025-08-01 11:57:11,338 - VALO360 - DEBUG - 自動保存已禁用，跳過配置保存
2025-08-01 11:57:11,338 - VALO360 - DEBUG - 自動保存已禁用，跳過配置保存
2025-08-01 11:57:11,338 - VALO360 - DEBUG - 自動保存已禁用，跳過配置保存
2025-08-01 11:57:11,338 - VALO360 - DEBUG - 自動保存已禁用，跳過配置保存
2025-08-01 11:57:11,344 - VALO360 - DEBUG - 自動保存已禁用，跳過配置保存
2025-08-01 11:57:11,344 - VALO360 - DEBUG - 自動保存已禁用，跳過配置保存
2025-08-01 11:57:11,344 - VALO360 - DEBUG - 自動保存已禁用，跳過配置保存
2025-08-01 11:57:11,344 - VALO360 - DEBUG - 自動保存已禁用，跳過配置保存
2025-08-01 11:57:11,359 - VALO360 - DEBUG - 自動保存已禁用，跳過配置保存
2025-08-01 11:57:11,359 - VALO360 - DEBUG - 自動保存已禁用，跳過配置保存
2025-08-01 11:57:11,359 - VALO360 - DEBUG - 自動保存已禁用，跳過配置保存
2025-08-01 11:57:11,359 - VALO360 - DEBUG - 自動保存已禁用，跳過配置保存
2025-08-01 11:57:11,359 - VALO360 - DEBUG - 自動保存已禁用，跳過配置保存
2025-08-01 11:57:11,359 - VALO360 - DEBUG - 自動保存已禁用，跳過配置保存
2025-08-01 11:57:11,359 - VALO360 - DEBUG - 自動保存已禁用，跳過配置保存
2025-08-01 11:57:11,359 - VALO360 - DEBUG - 自動保存已禁用，跳過配置保存
2025-08-01 11:57:11,359 - VALO360 - DEBUG - 自動保存已禁用，跳過配置保存
2025-08-01 11:57:11,359 - VALO360 - DEBUG - 自動保存已禁用，跳過配置保存
2025-08-01 11:57:11,359 - VALO360 - DEBUG - 自動保存已禁用，跳過配置保存
2025-08-01 11:57:11,367 - VALO360 - DEBUG - 自動保存已禁用，跳過配置保存
2025-08-01 11:57:11,371 - VALO360 - DEBUG - 自動保存已禁用，跳過配置保存
2025-08-01 11:57:11,371 - VALO360 - DEBUG - 自動保存已禁用，跳過配置保存
2025-08-01 11:57:11,373 - VALO360 - DEBUG - 自動保存已禁用，跳過配置保存
2025-08-01 11:57:11,373 - VALO360 - DEBUG - 自動保存已禁用，跳過配置保存
2025-08-01 11:57:11,373 - VALO360 - DEBUG - 自動保存已禁用，跳過配置保存
2025-08-01 11:57:11,373 - VALO360 - DEBUG - 自動保存已禁用，跳過配置保存
2025-08-01 11:57:11,373 - VALO360 - DEBUG - 自動保存已禁用，跳過配置保存
2025-08-01 11:57:11,373 - VALO360 - DEBUG - 自動保存已禁用，跳過配置保存
2025-08-01 11:57:11,386 - VALO360 - DEBUG - 自動保存已禁用，跳過配置保存
2025-08-01 11:57:11,386 - VALO360 - DEBUG - 自動保存已禁用，跳過配置保存
2025-08-01 11:57:11,389 - VALO360 - DEBUG - 自動保存已禁用，跳過配置保存
2025-08-01 11:57:11,389 - VALO360 - DEBUG - 自動保存已禁用，跳過配置保存
2025-08-01 11:57:11,390 - VALO360 - DEBUG - 自動保存已禁用，跳過配置保存
2025-08-01 11:57:11,390 - VALO360 - DEBUG - 自動保存已禁用，跳過配置保存
2025-08-01 11:57:11,390 - VALO360 - DEBUG - 自動保存已禁用，跳過配置保存
2025-08-01 11:57:11,390 - VALO360 - DEBUG - 自動保存已禁用，跳過配置保存
2025-08-01 11:57:11,391 - VALO360 - DEBUG - 自動保存已禁用，跳過配置保存
2025-08-01 11:57:11,391 - VALO360 - DEBUG - 自動保存已禁用，跳過配置保存
2025-08-01 11:57:11,391 - VALO360 - DEBUG - 自動保存已禁用，跳過配置保存
2025-08-01 11:57:11,391 - VALO360 - DEBUG - 自動保存已禁用，跳過配置保存
2025-08-01 11:57:11,391 - VALO360 - DEBUG - 自動保存已禁用，跳過配置保存
2025-08-01 11:57:11,400 - VALO360 - DEBUG - 自動保存已禁用，跳過配置保存
2025-08-01 11:57:11,400 - VALO360 - DEBUG - 自動保存已禁用，跳過配置保存
2025-08-01 11:57:11,400 - VALO360 - DEBUG - 自動保存已禁用，跳過配置保存
2025-08-01 11:57:11,400 - VALO360 - DEBUG - 自動保存已禁用，跳過配置保存
2025-08-01 11:57:11,400 - VALO360 - DEBUG - 自動保存已禁用，跳過配置保存
2025-08-01 11:57:11,400 - VALO360 - DEBUG - 自動保存已禁用，跳過配置保存
2025-08-01 11:57:11,400 - VALO360 - DEBUG - 自動保存已禁用，跳過配置保存
2025-08-01 11:57:11,414 - VALO360 - DEBUG - 自動保存已禁用，跳過配置保存
2025-08-01 11:57:11,414 - VALO360 - DEBUG - 自動保存已禁用，跳過配置保存
2025-08-01 11:57:11,414 - VALO360 - DEBUG - 自動保存已禁用，跳過配置保存
2025-08-01 11:57:11,414 - VALO360 - DEBUG - 自動保存已禁用，跳過配置保存
2025-08-01 11:57:11,414 - VALO360 - DEBUG - 自動保存已禁用，跳過配置保存
2025-08-01 11:57:11,414 - VALO360 - DEBUG - 自動保存已禁用，跳過配置保存
2025-08-01 11:57:11,414 - VALO360 - DEBUG - 自動保存已禁用，跳過配置保存
2025-08-01 11:57:11,414 - VALO360 - DEBUG - 自動保存已禁用，跳過配置保存
2025-08-01 11:57:11,418 - VALO360 - DEBUG - 自動保存已禁用，跳過配置保存
2025-08-01 11:57:11,418 - VALO360 - DEBUG - 自動保存已禁用，跳過配置保存
2025-08-01 11:57:11,418 - VALO360 - DEBUG - 自動保存已禁用，跳過配置保存
2025-08-01 11:57:11,418 - VALO360 - DEBUG - 自動保存已禁用，跳過配置保存
2025-08-01 11:57:11,424 - VALO360 - DEBUG - 自動保存已禁用，跳過配置保存
2025-08-01 11:57:11,424 - VALO360 - DEBUG - 自動保存已禁用，跳過配置保存
2025-08-01 11:57:11,424 - VALO360 - DEBUG - 自動保存已禁用，跳過配置保存
2025-08-01 11:57:11,424 - VALO360 - DEBUG - 自動保存已禁用，跳過配置保存
2025-08-01 11:57:11,429 - VALO360 - DEBUG - 自動保存已禁用，跳過配置保存
2025-08-01 11:57:11,431 - VALO360 - DEBUG - 自動保存已禁用，跳過配置保存
2025-08-01 11:57:11,431 - VALO360 - DEBUG - 自動保存已禁用，跳過配置保存
2025-08-01 11:57:11,431 - VALO360 - DEBUG - 自動保存已禁用，跳過配置保存
2025-08-01 11:57:11,441 - VALO360 - DEBUG - 自動保存已禁用，跳過配置保存
2025-08-01 11:57:11,441 - VALO360 - DEBUG - 自動保存已禁用，跳過配置保存
2025-08-01 11:57:11,441 - VALO360 - DEBUG - 自動保存已禁用，跳過配置保存
2025-08-01 11:57:11,445 - VALO360 - DEBUG - 自動保存已禁用，跳過配置保存
2025-08-01 11:57:11,445 - VALO360 - DEBUG - 自動保存已禁用，跳過配置保存
2025-08-01 11:57:11,445 - VALO360 - DEBUG - 自動保存已禁用，跳過配置保存
2025-08-01 11:57:11,445 - VALO360 - DEBUG - 自動保存已禁用，跳過配置保存
2025-08-01 11:57:11,445 - VALO360 - DEBUG - 自動保存已禁用，跳過配置保存
2025-08-01 11:57:11,445 - VALO360 - DEBUG - 自動保存已禁用，跳過配置保存
2025-08-01 11:57:11,451 - VALO360 - DEBUG - 自動保存已禁用，跳過配置保存
2025-08-01 11:57:11,451 - VALO360 - DEBUG - 自動保存已禁用，跳過配置保存
2025-08-01 11:57:11,451 - VALO360 - DEBUG - 自動保存已禁用，跳過配置保存
2025-08-01 11:57:11,455 - VALO360 - DEBUG - 自動保存已禁用，跳過配置保存
2025-08-01 11:57:11,455 - VALO360 - DEBUG - 自動保存已禁用，跳過配置保存
2025-08-01 11:57:11,455 - VALO360 - DEBUG - 自動保存已禁用，跳過配置保存
2025-08-01 11:57:11,457 - VALO360 - DEBUG - 自動保存已禁用，跳過配置保存
2025-08-01 11:57:11,457 - VALO360 - DEBUG - 自動保存已禁用，跳過配置保存
2025-08-01 11:57:11,457 - VALO360 - DEBUG - 自動保存已禁用，跳過配置保存
2025-08-01 11:57:11,457 - VALO360 - DEBUG - 自動保存已禁用，跳過配置保存
2025-08-01 11:57:11,457 - VALO360 - DEBUG - 自動保存已禁用，跳過配置保存
2025-08-01 11:57:11,469 - VALO360 - DEBUG - 自動保存已禁用，跳過配置保存
2025-08-01 11:57:11,471 - VALO360 - DEBUG - 自動保存已禁用，跳過配置保存
2025-08-01 11:57:11,471 - VALO360 - DEBUG - 自動保存已禁用，跳過配置保存
2025-08-01 11:57:11,471 - VALO360 - DEBUG - 自動保存已禁用，跳過配置保存
2025-08-01 11:57:11,471 - VALO360 - DEBUG - 自動保存已禁用，跳過配置保存
2025-08-01 11:57:11,471 - VALO360 - DEBUG - 自動保存已禁用，跳過配置保存
2025-08-01 11:57:11,471 - VALO360 - DEBUG - 自動保存已禁用，跳過配置保存
2025-08-01 11:57:11,471 - VALO360 - DEBUG - 自動保存已禁用，跳過配置保存
2025-08-01 11:57:11,476 - VALO360 - DEBUG - 自動保存已禁用，跳過配置保存
2025-08-01 11:57:11,476 - VALO360 - DEBUG - 自動保存已禁用，跳過配置保存
2025-08-01 11:57:11,478 - VALO360 - DEBUG - 自動保存已禁用，跳過配置保存
2025-08-01 11:57:11,478 - VALO360 - DEBUG - 自動保存已禁用，跳過配置保存
2025-08-01 11:57:11,483 - VALO360 - DEBUG - 自動保存已禁用，跳過配置保存
2025-08-01 11:57:11,483 - VALO360 - DEBUG - 自動保存已禁用，跳過配置保存
2025-08-01 11:57:11,483 - VALO360 - DEBUG - 自動保存已禁用，跳過配置保存
2025-08-01 11:57:11,483 - VALO360 - DEBUG - 自動保存已禁用，跳過配置保存
2025-08-01 11:57:11,483 - VALO360 - DEBUG - 自動保存已禁用，跳過配置保存
2025-08-01 11:57:11,483 - VALO360 - DEBUG - 自動保存已禁用，跳過配置保存
2025-08-01 11:57:11,485 - VALO360 - DEBUG - 自動保存已禁用，跳過配置保存
2025-08-01 11:57:11,485 - VALO360 - DEBUG - 自動保存已禁用，跳過配置保存
2025-08-01 11:57:11,496 - VALO360 - DEBUG - 自動保存已禁用，跳過配置保存
2025-08-01 11:57:11,496 - VALO360 - DEBUG - 自動保存已禁用，跳過配置保存
2025-08-01 11:57:11,496 - VALO360 - DEBUG - 自動保存已禁用，跳過配置保存
2025-08-01 11:57:11,496 - VALO360 - DEBUG - 自動保存已禁用，跳過配置保存
2025-08-01 11:57:11,498 - VALO360 - DEBUG - 自動保存已禁用，跳過配置保存
2025-08-01 11:57:11,498 - VALO360 - DEBUG - 自動保存已禁用，跳過配置保存
2025-08-01 11:57:11,498 - VALO360 - DEBUG - 自動保存已禁用，跳過配置保存
2025-08-01 11:57:11,498 - VALO360 - DEBUG - 自動保存已禁用，跳過配置保存
2025-08-01 11:57:11,510 - VALO360 - DEBUG - 自動保存已禁用，跳過配置保存
2025-08-01 11:57:11,511 - VALO360 - DEBUG - 自動保存已禁用，跳過配置保存
2025-08-01 11:57:11,511 - VALO360 - DEBUG - 自動保存已禁用，跳過配置保存
2025-08-01 11:57:11,511 - VALO360 - DEBUG - 自動保存已禁用，跳過配置保存
2025-08-01 11:57:11,514 - VALO360 - DEBUG - 自動保存已禁用，跳過配置保存
2025-08-01 11:57:11,514 - VALO360 - DEBUG - 自動保存已禁用，跳過配置保存
2025-08-01 11:57:11,514 - VALO360 - DEBUG - 自動保存已禁用，跳過配置保存
2025-08-01 11:57:11,514 - VALO360 - DEBUG - 自動保存已禁用，跳過配置保存
2025-08-01 11:57:11,523 - VALO360 - DEBUG - 自動保存已禁用，跳過配置保存
2025-08-01 11:57:11,523 - VALO360 - DEBUG - 自動保存已禁用，跳過配置保存
2025-08-01 11:57:11,523 - VALO360 - DEBUG - 自動保存已禁用，跳過配置保存
2025-08-01 11:57:11,525 - VALO360 - DEBUG - 自動保存已禁用，跳過配置保存
2025-08-01 11:57:11,559 - VALO360 - DEBUG - 自動保存已禁用，跳過配置保存
2025-08-01 11:57:11,560 - VALO360 - DEBUG - 自動保存已禁用，跳過配置保存
2025-08-01 11:57:11,560 - VALO360 - DEBUG - 自動保存已禁用，跳過配置保存
2025-08-01 11:57:11,560 - VALO360 - DEBUG - 自動保存已禁用，跳過配置保存
2025-08-01 11:57:11,562 - VALO360 - DEBUG - 自動保存已禁用，跳過配置保存
2025-08-01 11:57:11,562 - VALO360 - DEBUG - 自動保存已禁用，跳過配置保存
2025-08-01 11:57:11,562 - VALO360 - DEBUG - 自動保存已禁用，跳過配置保存
2025-08-01 11:57:11,562 - VALO360 - DEBUG - 自動保存已禁用，跳過配置保存
2025-08-01 11:57:11,565 - VALO360 - DEBUG - 自動保存已禁用，跳過配置保存
2025-08-01 11:57:11,565 - VALO360 - DEBUG - 自動保存已禁用，跳過配置保存
2025-08-01 11:57:11,565 - VALO360 - DEBUG - 自動保存已禁用，跳過配置保存
2025-08-01 11:57:11,568 - VALO360 - DEBUG - 自動保存已禁用，跳過配置保存
2025-08-01 11:57:11,568 - VALO360 - DEBUG - 自動保存已禁用，跳過配置保存
2025-08-01 11:57:11,568 - VALO360 - DEBUG - 自動保存已禁用，跳過配置保存
2025-08-01 11:57:11,568 - VALO360 - DEBUG - 自動保存已禁用，跳過配置保存
2025-08-01 11:57:11,568 - VALO360 - DEBUG - 自動保存已禁用，跳過配置保存
2025-08-01 11:57:11,574 - VALO360 - DEBUG - 自動保存已禁用，跳過配置保存
2025-08-01 11:57:11,574 - VALO360 - DEBUG - 自動保存已禁用，跳過配置保存
2025-08-01 11:57:11,574 - VALO360 - DEBUG - 自動保存已禁用，跳過配置保存
2025-08-01 11:57:11,575 - VALO360 - DEBUG - 自動保存已禁用，跳過配置保存
2025-08-01 11:57:11,587 - VALO360 - DEBUG - 自動保存已禁用，跳過配置保存
2025-08-01 11:57:11,587 - VALO360 - DEBUG - 自動保存已禁用，跳過配置保存
2025-08-01 11:57:11,587 - VALO360 - DEBUG - 自動保存已禁用，跳過配置保存
2025-08-01 11:57:11,587 - VALO360 - DEBUG - 自動保存已禁用，跳過配置保存
2025-08-01 11:57:11,587 - VALO360 - DEBUG - 自動保存已禁用，跳過配置保存
2025-08-01 11:57:11,587 - VALO360 - DEBUG - 自動保存已禁用，跳過配置保存
2025-08-01 11:57:11,587 - VALO360 - DEBUG - 自動保存已禁用，跳過配置保存
2025-08-01 11:57:11,587 - VALO360 - DEBUG - 自動保存已禁用，跳過配置保存
2025-08-01 11:57:11,597 - VALO360 - DEBUG - 自動保存已禁用，跳過配置保存
2025-08-01 11:57:11,597 - VALO360 - DEBUG - 自動保存已禁用，跳過配置保存
2025-08-01 11:57:11,598 - VALO360 - DEBUG - 自動保存已禁用，跳過配置保存
2025-08-01 11:57:11,598 - VALO360 - DEBUG - 自動保存已禁用，跳過配置保存
2025-08-01 11:57:11,602 - VALO360 - DEBUG - 自動保存已禁用，跳過配置保存
2025-08-01 11:57:11,603 - VALO360 - DEBUG - 自動保存已禁用，跳過配置保存
2025-08-01 11:57:11,603 - VALO360 - DEBUG - 自動保存已禁用，跳過配置保存
2025-08-01 11:57:11,603 - VALO360 - DEBUG - 自動保存已禁用，跳過配置保存
2025-08-01 11:57:11,605 - VALO360 - DEBUG - 自動保存已禁用，跳過配置保存
2025-08-01 11:57:11,605 - VALO360 - DEBUG - 自動保存已禁用，跳過配置保存
2025-08-01 11:57:11,605 - VALO360 - DEBUG - 自動保存已禁用，跳過配置保存
2025-08-01 11:57:11,605 - VALO360 - DEBUG - 自動保存已禁用，跳過配置保存
2025-08-01 11:57:11,615 - VALO360 - DEBUG - 自動保存已禁用，跳過配置保存
2025-08-01 11:57:11,615 - VALO360 - DEBUG - 自動保存已禁用，跳過配置保存
2025-08-01 11:57:11,615 - VALO360 - DEBUG - 自動保存已禁用，跳過配置保存
2025-08-01 11:57:11,616 - VALO360 - DEBUG - 自動保存已禁用，跳過配置保存
2025-08-01 11:57:11,616 - VALO360 - DEBUG - 自動保存已禁用，跳過配置保存
2025-08-01 11:57:11,617 - VALO360 - DEBUG - 自動保存已禁用，跳過配置保存
2025-08-01 11:57:11,617 - VALO360 - DEBUG - 自動保存已禁用，跳過配置保存
2025-08-01 11:57:11,617 - VALO360 - DEBUG - 自動保存已禁用，跳過配置保存
2025-08-01 11:57:11,619 - VALO360 - DEBUG - 自動保存已禁用，跳過配置保存
2025-08-01 11:57:11,619 - VALO360 - DEBUG - 自動保存已禁用，跳過配置保存
2025-08-01 11:57:11,622 - VALO360 - DEBUG - 自動保存已禁用，跳過配置保存
2025-08-01 11:57:11,622 - VALO360 - DEBUG - 自動保存已禁用，跳過配置保存
2025-08-01 11:57:11,624 - VALO360 - DEBUG - 自動保存已禁用，跳過配置保存
2025-08-01 11:57:11,624 - VALO360 - DEBUG - 自動保存已禁用，跳過配置保存
2025-08-01 11:57:11,629 - VALO360 - DEBUG - 自動保存已禁用，跳過配置保存
2025-08-01 11:57:11,629 - VALO360 - DEBUG - 自動保存已禁用，跳過配置保存
2025-08-01 11:57:11,629 - VALO360 - DEBUG - 自動保存已禁用，跳過配置保存
2025-08-01 11:57:11,629 - VALO360 - DEBUG - 自動保存已禁用，跳過配置保存
2025-08-01 11:57:11,631 - VALO360 - DEBUG - 自動保存已禁用，跳過配置保存
2025-08-01 11:57:11,631 - VALO360 - DEBUG - 自動保存已禁用，跳過配置保存
2025-08-01 11:57:11,635 - VALO360 - DEBUG - 自動保存已禁用，跳過配置保存
2025-08-01 11:57:11,635 - VALO360 - DEBUG - 自動保存已禁用，跳過配置保存
2025-08-01 11:57:11,635 - VALO360 - DEBUG - 自動保存已禁用，跳過配置保存
2025-08-01 11:57:11,635 - VALO360 - DEBUG - 自動保存已禁用，跳過配置保存
2025-08-01 11:57:11,635 - VALO360 - DEBUG - 自動保存已禁用，跳過配置保存
2025-08-01 11:57:11,635 - VALO360 - DEBUG - 自動保存已禁用，跳過配置保存
2025-08-01 11:57:11,635 - VALO360 - DEBUG - 自動保存已禁用，跳過配置保存
2025-08-01 11:57:11,635 - VALO360 - DEBUG - 自動保存已禁用，跳過配置保存
2025-08-01 11:57:11,647 - VALO360 - DEBUG - 自動保存已禁用，跳過配置保存
2025-08-01 11:57:11,647 - VALO360 - DEBUG - 自動保存已禁用，跳過配置保存
2025-08-01 11:57:11,647 - VALO360 - DEBUG - 自動保存已禁用，跳過配置保存
2025-08-01 11:57:11,647 - VALO360 - DEBUG - 自動保存已禁用，跳過配置保存
2025-08-01 11:57:11,649 - VALO360 - DEBUG - 自動保存已禁用，跳過配置保存
2025-08-01 11:57:11,649 - VALO360 - DEBUG - 自動保存已禁用，跳過配置保存
2025-08-01 11:57:11,649 - VALO360 - DEBUG - 自動保存已禁用，跳過配置保存
2025-08-01 11:57:11,649 - VALO360 - DEBUG - 自動保存已禁用，跳過配置保存
2025-08-01 11:57:11,655 - VALO360 - DEBUG - 自動保存已禁用，跳過配置保存
2025-08-01 11:57:11,656 - VALO360 - DEBUG - 自動保存已禁用，跳過配置保存
2025-08-01 11:57:11,656 - VALO360 - DEBUG - 自動保存已禁用，跳過配置保存
2025-08-01 11:57:11,656 - VALO360 - DEBUG - 自動保存已禁用，跳過配置保存
2025-08-01 11:57:11,669 - VALO360 - DEBUG - 自動保存已禁用，跳過配置保存
2025-08-01 11:57:11,669 - VALO360 - DEBUG - 自動保存已禁用，跳過配置保存
2025-08-01 11:57:11,671 - VALO360 - DEBUG - 自動保存已禁用，跳過配置保存
2025-08-01 11:57:11,671 - VALO360 - DEBUG - 自動保存已禁用，跳過配置保存
2025-08-01 11:57:11,673 - VALO360 - DEBUG - 自動保存已禁用，跳過配置保存
2025-08-01 11:57:11,673 - VALO360 - DEBUG - 自動保存已禁用，跳過配置保存
2025-08-01 11:57:11,673 - VALO360 - DEBUG - 自動保存已禁用，跳過配置保存
2025-08-01 11:57:11,673 - VALO360 - DEBUG - 自動保存已禁用，跳過配置保存
2025-08-01 11:57:11,681 - VALO360 - DEBUG - 自動保存已禁用，跳過配置保存
2025-08-01 11:57:11,681 - VALO360 - DEBUG - 自動保存已禁用，跳過配置保存
2025-08-01 11:57:11,681 - VALO360 - DEBUG - 自動保存已禁用，跳過配置保存
2025-08-01 11:57:11,681 - VALO360 - DEBUG - 自動保存已禁用，跳過配置保存
2025-08-01 11:57:11,691 - VALO360 - DEBUG - 自動保存已禁用，跳過配置保存
2025-08-01 11:57:11,691 - VALO360 - DEBUG - 自動保存已禁用，跳過配置保存
2025-08-01 11:57:11,692 - VALO360 - DEBUG - 自動保存已禁用，跳過配置保存
2025-08-01 11:57:11,692 - VALO360 - DEBUG - 自動保存已禁用，跳過配置保存
2025-08-01 11:57:11,695 - VALO360 - DEBUG - 自動保存已禁用，跳過配置保存
2025-08-01 11:57:11,695 - VALO360 - DEBUG - 自動保存已禁用，跳過配置保存
2025-08-01 11:57:11,695 - VALO360 - DEBUG - 自動保存已禁用，跳過配置保存
2025-08-01 11:57:11,695 - VALO360 - DEBUG - 自動保存已禁用，跳過配置保存
2025-08-01 11:57:11,715 - VALO360 - DEBUG - 自動保存已禁用，跳過配置保存
2025-08-01 11:57:11,715 - VALO360 - DEBUG - 自動保存已禁用，跳過配置保存
2025-08-01 11:57:11,715 - VALO360 - DEBUG - 自動保存已禁用，跳過配置保存
2025-08-01 11:57:11,715 - VALO360 - DEBUG - 自動保存已禁用，跳過配置保存
2025-08-01 11:57:11,717 - VALO360 - DEBUG - 自動保存已禁用，跳過配置保存
2025-08-01 11:57:11,717 - VALO360 - DEBUG - 自動保存已禁用，跳過配置保存
2025-08-01 11:57:11,719 - VALO360 - DEBUG - 自動保存已禁用，跳過配置保存
2025-08-01 11:57:11,719 - VALO360 - DEBUG - 自動保存已禁用，跳過配置保存
2025-08-01 11:57:11,725 - VALO360 - DEBUG - 自動保存已禁用，跳過配置保存
2025-08-01 11:57:11,725 - VALO360 - DEBUG - 自動保存已禁用，跳過配置保存
2025-08-01 11:57:11,725 - VALO360 - DEBUG - 自動保存已禁用，跳過配置保存
2025-08-01 11:57:11,725 - VALO360 - DEBUG - 自動保存已禁用，跳過配置保存
2025-08-01 11:57:11,737 - VALO360 - DEBUG - 自動保存已禁用，跳過配置保存
2025-08-01 11:57:11,739 - VALO360 - DEBUG - 自動保存已禁用，跳過配置保存
2025-08-01 11:57:11,739 - VALO360 - DEBUG - 自動保存已禁用，跳過配置保存
2025-08-01 11:57:11,739 - VALO360 - DEBUG - 自動保存已禁用，跳過配置保存
2025-08-01 11:57:11,741 - VALO360 - DEBUG - 自動保存已禁用，跳過配置保存
2025-08-01 11:57:11,741 - VALO360 - DEBUG - 自動保存已禁用，跳過配置保存
2025-08-01 11:57:11,741 - VALO360 - DEBUG - 自動保存已禁用，跳過配置保存
2025-08-01 11:57:11,743 - VALO360 - DEBUG - 自動保存已禁用，跳過配置保存
2025-08-01 11:57:11,773 - VALO360 - DEBUG - 自動保存已禁用，跳過配置保存
2025-08-01 11:57:11,773 - VALO360 - DEBUG - 自動保存已禁用，跳過配置保存
2025-08-01 11:57:11,773 - VALO360 - DEBUG - 自動保存已禁用，跳過配置保存
2025-08-01 11:57:11,773 - VALO360 - DEBUG - 自動保存已禁用，跳過配置保存
2025-08-01 11:57:11,776 - VALO360 - DEBUG - 自動保存已禁用，跳過配置保存
2025-08-01 11:57:11,776 - VALO360 - DEBUG - 自動保存已禁用，跳過配置保存
2025-08-01 11:57:11,777 - VALO360 - DEBUG - 自動保存已禁用，跳過配置保存
2025-08-01 11:57:11,777 - VALO360 - DEBUG - 自動保存已禁用，跳過配置保存
2025-08-01 11:57:11,784 - VALO360 - DEBUG - 自動保存已禁用，跳過配置保存
2025-08-01 11:57:11,784 - VALO360 - DEBUG - 自動保存已禁用，跳過配置保存
2025-08-01 11:57:11,784 - VALO360 - DEBUG - 自動保存已禁用，跳過配置保存
2025-08-01 11:57:11,785 - VALO360 - DEBUG - 自動保存已禁用，跳過配置保存
2025-08-01 11:57:11,789 - VALO360 - DEBUG - 自動保存已禁用，跳過配置保存
2025-08-01 11:57:11,789 - VALO360 - DEBUG - 自動保存已禁用，跳過配置保存
2025-08-01 11:57:11,791 - VALO360 - DEBUG - 自動保存已禁用，跳過配置保存
2025-08-01 11:57:11,791 - VALO360 - DEBUG - 自動保存已禁用，跳過配置保存
2025-08-01 11:57:11,791 - VALO360 - DEBUG - 自動保存已禁用，跳過配置保存
2025-08-01 11:57:11,791 - VALO360 - DEBUG - 自動保存已禁用，跳過配置保存
2025-08-01 11:57:11,794 - VALO360 - DEBUG - 自動保存已禁用，跳過配置保存
2025-08-01 11:57:11,794 - VALO360 - DEBUG - 自動保存已禁用，跳過配置保存
2025-08-01 11:57:11,819 - VALO360 - DEBUG - 自動保存已禁用，跳過配置保存
2025-08-01 11:57:11,819 - VALO360 - DEBUG - 自動保存已禁用，跳過配置保存
2025-08-01 11:57:11,819 - VALO360 - DEBUG - 自動保存已禁用，跳過配置保存
2025-08-01 11:57:11,819 - VALO360 - DEBUG - 自動保存已禁用，跳過配置保存
2025-08-01 11:57:11,819 - VALO360 - DEBUG - 自動保存已禁用，跳過配置保存
2025-08-01 11:57:11,825 - VALO360 - DEBUG - 自動保存已禁用，跳過配置保存
2025-08-01 11:57:11,825 - VALO360 - DEBUG - 自動保存已禁用，跳過配置保存
2025-08-01 11:57:11,825 - VALO360 - DEBUG - 自動保存已禁用，跳過配置保存
2025-08-01 11:57:11,831 - VALO360 - DEBUG - 自動保存已禁用，跳過配置保存
2025-08-01 11:57:11,832 - VALO360 - DEBUG - 自動保存已禁用，跳過配置保存
2025-08-01 11:57:11,833 - VALO360 - DEBUG - 自動保存已禁用，跳過配置保存
2025-08-01 11:57:11,833 - VALO360 - DEBUG - 自動保存已禁用，跳過配置保存
2025-08-01 11:57:11,839 - VALO360 - DEBUG - 自動保存已禁用，跳過配置保存
2025-08-01 11:57:11,839 - VALO360 - DEBUG - 自動保存已禁用，跳過配置保存
2025-08-01 11:57:11,840 - VALO360 - DEBUG - 自動保存已禁用，跳過配置保存
2025-08-01 11:57:11,840 - VALO360 - DEBUG - 自動保存已禁用，跳過配置保存
2025-08-01 11:57:11,841 - VALO360 - DEBUG - 自動保存已禁用，跳過配置保存
2025-08-01 11:57:11,841 - VALO360 - DEBUG - 自動保存已禁用，跳過配置保存
2025-08-01 11:57:11,841 - VALO360 - DEBUG - 自動保存已禁用，跳過配置保存
2025-08-01 11:57:11,841 - VALO360 - DEBUG - 自動保存已禁用，跳過配置保存
2025-08-01 11:57:11,862 - VALO360 - DEBUG - 自動保存已禁用，跳過配置保存
2025-08-01 11:57:11,862 - VALO360 - DEBUG - 自動保存已禁用，跳過配置保存
2025-08-01 11:57:11,862 - VALO360 - DEBUG - 自動保存已禁用，跳過配置保存
2025-08-01 11:57:11,862 - VALO360 - DEBUG - 自動保存已禁用，跳過配置保存
2025-08-01 11:57:11,862 - VALO360 - DEBUG - 自動保存已禁用，跳過配置保存
2025-08-01 11:57:11,862 - VALO360 - DEBUG - 自動保存已禁用，跳過配置保存
2025-08-01 11:57:11,862 - VALO360 - DEBUG - 自動保存已禁用，跳過配置保存
2025-08-01 11:57:11,862 - VALO360 - DEBUG - 自動保存已禁用，跳過配置保存
2025-08-01 11:57:11,870 - VALO360 - DEBUG - 自動保存已禁用，跳過配置保存
2025-08-01 11:57:11,870 - VALO360 - DEBUG - 自動保存已禁用，跳過配置保存
2025-08-01 11:57:11,870 - VALO360 - DEBUG - 自動保存已禁用，跳過配置保存
2025-08-01 11:57:11,870 - VALO360 - DEBUG - 自動保存已禁用，跳過配置保存
2025-08-01 11:57:11,888 - VALO360 - DEBUG - 自動保存已禁用，跳過配置保存
2025-08-01 11:57:11,888 - VALO360 - DEBUG - 自動保存已禁用，跳過配置保存
2025-08-01 11:57:11,888 - VALO360 - DEBUG - 自動保存已禁用，跳過配置保存
2025-08-01 11:57:11,892 - VALO360 - DEBUG - 自動保存已禁用，跳過配置保存
2025-08-01 11:57:11,892 - VALO360 - DEBUG - 自動保存已禁用，跳過配置保存
2025-08-01 11:57:11,893 - VALO360 - DEBUG - 自動保存已禁用，跳過配置保存
2025-08-01 11:57:11,893 - VALO360 - DEBUG - 自動保存已禁用，跳過配置保存
2025-08-01 11:57:11,893 - VALO360 - DEBUG - 自動保存已禁用，跳過配置保存
2025-08-01 11:57:11,909 - VALO360 - DEBUG - 自動保存已禁用，跳過配置保存
2025-08-01 11:57:11,909 - VALO360 - DEBUG - 自動保存已禁用，跳過配置保存
2025-08-01 11:57:11,909 - VALO360 - DEBUG - 自動保存已禁用，跳過配置保存
2025-08-01 11:57:11,911 - VALO360 - DEBUG - 自動保存已禁用，跳過配置保存
2025-08-01 11:57:11,911 - VALO360 - DEBUG - 自動保存已禁用，跳過配置保存
2025-08-01 11:57:11,913 - VALO360 - DEBUG - 自動保存已禁用，跳過配置保存
2025-08-01 11:57:11,913 - VALO360 - DEBUG - 自動保存已禁用，跳過配置保存
2025-08-01 11:57:11,913 - VALO360 - DEBUG - 自動保存已禁用，跳過配置保存
2025-08-01 11:57:11,914 - VALO360 - DEBUG - 自動保存已禁用，跳過配置保存
2025-08-01 11:57:11,914 - VALO360 - DEBUG - 自動保存已禁用，跳過配置保存
2025-08-01 11:57:11,919 - VALO360 - DEBUG - 自動保存已禁用，跳過配置保存
2025-08-01 11:57:11,919 - VALO360 - DEBUG - 自動保存已禁用，跳過配置保存
2025-08-01 11:57:11,922 - VALO360 - DEBUG - 自動保存已禁用，跳過配置保存
2025-08-01 11:57:11,923 - VALO360 - DEBUG - 自動保存已禁用，跳過配置保存
2025-08-01 11:57:11,923 - VALO360 - DEBUG - 自動保存已禁用，跳過配置保存
2025-08-01 11:57:11,923 - VALO360 - DEBUG - 自動保存已禁用，跳過配置保存
2025-08-01 11:57:11,923 - VALO360 - DEBUG - 自動保存已禁用，跳過配置保存
2025-08-01 11:57:11,924 - VALO360 - DEBUG - 自動保存已禁用，跳過配置保存
2025-08-01 11:57:11,924 - VALO360 - DEBUG - 自動保存已禁用，跳過配置保存
2025-08-01 11:57:11,925 - VALO360 - DEBUG - 自動保存已禁用，跳過配置保存
2025-08-01 11:57:13,033 - VALO360 - DEBUG - 自動保存已禁用，跳過配置保存
2025-08-01 11:57:13,298 - VALO360 - DEBUG - 自動保存已禁用，跳過配置保存
2025-08-01 11:57:13,298 - VALO360 - DEBUG - 自動保存已禁用，跳過配置保存
2025-08-01 11:57:13,298 - VALO360 - DEBUG - 自動保存已禁用，跳過配置保存
2025-08-01 11:57:13,301 - VALO360 - DEBUG - 自動保存已禁用，跳過配置保存
2025-08-01 11:57:15,266 - VALO360 - DEBUG - 自動保存已禁用，跳過配置保存
2025-08-01 11:57:15,266 - VALO360 - DEBUG - 自動保存已禁用，跳過配置保存
2025-08-01 11:57:15,266 - VALO360 - DEBUG - 自動保存已禁用，跳過配置保存
2025-08-01 11:57:15,266 - VALO360 - DEBUG - 自動保存已禁用，跳過配置保存
2025-08-01 11:57:15,313 - VALO360 - DEBUG - 找到 2 個COM口: ['COM5', 'COM6']
2025-08-01 11:57:16,591 - VALO360 - DEBUG - 自動保存已禁用，跳過配置保存
2025-08-01 11:57:16,591 - VALO360 - DEBUG - 自動保存已禁用，跳過配置保存
2025-08-01 11:57:16,591 - VALO360 - DEBUG - 自動保存已禁用，跳過配置保存
2025-08-01 11:57:16,591 - VALO360 - DEBUG - 自動保存已禁用，跳過配置保存
2025-08-01 11:57:16,591 - VALO360 - DEBUG - 自動保存已禁用，跳過配置保存
2025-08-01 11:57:16,591 - VALO360 - DEBUG - 自動保存已禁用，跳過配置保存
2025-08-01 11:57:16,591 - VALO360 - DEBUG - 自動保存已禁用，跳過配置保存
2025-08-01 11:57:16,591 - VALO360 - DEBUG - 自動保存已禁用，跳過配置保存
2025-08-01 11:57:16,591 - VALO360 - DEBUG - 自動保存已禁用，跳過配置保存
2025-08-01 11:57:16,591 - VALO360 - DEBUG - 自動保存已禁用，跳過配置保存
2025-08-01 11:57:16,591 - VALO360 - DEBUG - 自動保存已禁用，跳過配置保存
2025-08-01 11:57:16,591 - VALO360 - DEBUG - 自動保存已禁用，跳過配置保存
2025-08-01 11:57:16,591 - VALO360 - DEBUG - 自動保存已禁用，跳過配置保存
2025-08-01 11:57:16,591 - VALO360 - DEBUG - 自動保存已禁用，跳過配置保存
2025-08-01 11:57:16,591 - VALO360 - DEBUG - 自動保存已禁用，跳過配置保存
2025-08-01 11:57:16,591 - VALO360 - DEBUG - 自動保存已禁用，跳過配置保存
2025-08-01 11:57:16,591 - VALO360 - DEBUG - 自動保存已禁用，跳過配置保存
2025-08-01 11:57:16,591 - VALO360 - DEBUG - 自動保存已禁用，跳過配置保存
2025-08-01 11:57:16,591 - VALO360 - DEBUG - 自動保存已禁用，跳過配置保存
2025-08-01 11:57:16,591 - VALO360 - DEBUG - 自動保存已禁用，跳過配置保存
2025-08-01 11:57:16,591 - VALO360 - DEBUG - 自動保存已禁用，跳過配置保存
2025-08-01 11:57:16,599 - VALO360 - DEBUG - 自動保存已禁用，跳過配置保存
2025-08-01 11:57:16,599 - VALO360 - DEBUG - 自動保存已禁用，跳過配置保存
2025-08-01 11:57:16,599 - VALO360 - DEBUG - 自動保存已禁用，跳過配置保存
2025-08-01 11:57:16,603 - VALO360 - DEBUG - 自動保存已禁用，跳過配置保存
2025-08-01 11:57:16,603 - VALO360 - DEBUG - 自動保存已禁用，跳過配置保存
2025-08-01 11:57:16,603 - VALO360 - DEBUG - 自動保存已禁用，跳過配置保存
2025-08-01 11:57:16,603 - VALO360 - DEBUG - 自動保存已禁用，跳過配置保存
2025-08-01 11:57:16,603 - VALO360 - DEBUG - 自動保存已禁用，跳過配置保存
2025-08-01 11:57:16,603 - VALO360 - DEBUG - 自動保存已禁用，跳過配置保存
2025-08-01 11:57:16,603 - VALO360 - DEBUG - 自動保存已禁用，跳過配置保存
2025-08-01 11:57:16,608 - VALO360 - DEBUG - 自動保存已禁用，跳過配置保存
2025-08-01 11:57:16,608 - VALO360 - DEBUG - 自動保存已禁用，跳過配置保存
2025-08-01 11:57:16,608 - VALO360 - DEBUG - 自動保存已禁用，跳過配置保存
2025-08-01 11:57:16,610 - VALO360 - DEBUG - 自動保存已禁用，跳過配置保存
2025-08-01 11:57:16,610 - VALO360 - DEBUG - 自動保存已禁用，跳過配置保存
2025-08-01 11:57:16,610 - VALO360 - DEBUG - 自動保存已禁用，跳過配置保存
2025-08-01 11:57:16,610 - VALO360 - DEBUG - 自動保存已禁用，跳過配置保存
2025-08-01 11:57:16,610 - VALO360 - DEBUG - 自動保存已禁用，跳過配置保存
2025-08-01 11:57:16,610 - VALO360 - DEBUG - 自動保存已禁用，跳過配置保存
2025-08-01 11:57:16,610 - VALO360 - DEBUG - 自動保存已禁用，跳過配置保存
2025-08-01 11:57:16,613 - VALO360 - DEBUG - 自動保存已禁用，跳過配置保存
2025-08-01 11:57:16,613 - VALO360 - DEBUG - 自動保存已禁用，跳過配置保存
2025-08-01 11:57:16,613 - VALO360 - DEBUG - 自動保存已禁用，跳過配置保存
2025-08-01 11:57:16,613 - VALO360 - DEBUG - 自動保存已禁用，跳過配置保存
2025-08-01 11:57:16,613 - VALO360 - DEBUG - 自動保存已禁用，跳過配置保存
2025-08-01 11:57:16,613 - VALO360 - DEBUG - 自動保存已禁用，跳過配置保存
2025-08-01 11:57:16,613 - VALO360 - DEBUG - 自動保存已禁用，跳過配置保存
2025-08-01 11:57:16,624 - VALO360 - DEBUG - 自動保存已禁用，跳過配置保存
2025-08-01 11:57:16,624 - VALO360 - DEBUG - 自動保存已禁用，跳過配置保存
2025-08-01 11:57:16,624 - VALO360 - DEBUG - 自動保存已禁用，跳過配置保存
2025-08-01 11:57:16,624 - VALO360 - DEBUG - 自動保存已禁用，跳過配置保存
2025-08-01 11:57:16,625 - VALO360 - DEBUG - 自動保存已禁用，跳過配置保存
2025-08-01 11:57:16,625 - VALO360 - DEBUG - 自動保存已禁用，跳過配置保存
2025-08-01 11:57:16,625 - VALO360 - DEBUG - 自動保存已禁用，跳過配置保存
2025-08-01 11:57:16,626 - VALO360 - DEBUG - 自動保存已禁用，跳過配置保存
2025-08-01 11:57:16,626 - VALO360 - DEBUG - 自動保存已禁用，跳過配置保存
2025-08-01 11:57:16,626 - VALO360 - DEBUG - 自動保存已禁用，跳過配置保存
2025-08-01 11:57:16,626 - VALO360 - DEBUG - 自動保存已禁用，跳過配置保存
2025-08-01 11:57:16,626 - VALO360 - DEBUG - 自動保存已禁用，跳過配置保存
2025-08-01 11:57:16,627 - VALO360 - DEBUG - 自動保存已禁用，跳過配置保存
2025-08-01 11:57:16,627 - VALO360 - DEBUG - 自動保存已禁用，跳過配置保存
2025-08-01 11:57:16,627 - VALO360 - DEBUG - 自動保存已禁用，跳過配置保存
2025-08-01 11:57:16,627 - VALO360 - DEBUG - 自動保存已禁用，跳過配置保存
2025-08-01 11:57:16,628 - VALO360 - DEBUG - 自動保存已禁用，跳過配置保存
2025-08-01 11:57:16,628 - VALO360 - DEBUG - 自動保存已禁用，跳過配置保存
2025-08-01 11:57:16,628 - VALO360 - DEBUG - 自動保存已禁用，跳過配置保存
2025-08-01 11:57:16,628 - VALO360 - DEBUG - 自動保存已禁用，跳過配置保存
2025-08-01 11:57:16,631 - VALO360 - DEBUG - 自動保存已禁用，跳過配置保存
2025-08-01 11:57:16,631 - VALO360 - DEBUG - 自動保存已禁用，跳過配置保存
2025-08-01 11:57:16,631 - VALO360 - DEBUG - 自動保存已禁用，跳過配置保存
2025-08-01 11:57:16,632 - VALO360 - DEBUG - 自動保存已禁用，跳過配置保存
2025-08-01 11:57:16,633 - VALO360 - DEBUG - 自動保存已禁用，跳過配置保存
2025-08-01 11:57:16,633 - VALO360 - DEBUG - 自動保存已禁用，跳過配置保存
2025-08-01 11:57:16,633 - VALO360 - DEBUG - 自動保存已禁用，跳過配置保存
2025-08-01 11:57:16,634 - VALO360 - DEBUG - 自動保存已禁用，跳過配置保存
2025-08-01 11:57:16,635 - VALO360 - DEBUG - 自動保存已禁用，跳過配置保存
2025-08-01 11:57:16,635 - VALO360 - DEBUG - 自動保存已禁用，跳過配置保存
2025-08-01 11:57:16,635 - VALO360 - DEBUG - 自動保存已禁用，跳過配置保存
2025-08-01 11:57:16,636 - VALO360 - DEBUG - 自動保存已禁用，跳過配置保存
2025-08-01 11:57:16,637 - VALO360 - DEBUG - 自動保存已禁用，跳過配置保存
2025-08-01 11:57:16,637 - VALO360 - DEBUG - 自動保存已禁用，跳過配置保存
2025-08-01 11:57:16,638 - VALO360 - DEBUG - 自動保存已禁用，跳過配置保存
2025-08-01 11:57:16,638 - VALO360 - DEBUG - 自動保存已禁用，跳過配置保存
2025-08-01 11:57:16,639 - VALO360 - DEBUG - 自動保存已禁用，跳過配置保存
2025-08-01 11:57:16,639 - VALO360 - DEBUG - 自動保存已禁用，跳過配置保存
2025-08-01 11:57:16,639 - VALO360 - DEBUG - 自動保存已禁用，跳過配置保存
2025-08-01 11:57:16,639 - VALO360 - DEBUG - 自動保存已禁用，跳過配置保存
2025-08-01 11:57:16,640 - VALO360 - DEBUG - 自動保存已禁用，跳過配置保存
2025-08-01 11:57:16,640 - VALO360 - DEBUG - 自動保存已禁用，跳過配置保存
2025-08-01 11:57:16,640 - VALO360 - DEBUG - 自動保存已禁用，跳過配置保存
2025-08-01 11:57:16,641 - VALO360 - DEBUG - 自動保存已禁用，跳過配置保存
2025-08-01 11:57:16,641 - VALO360 - DEBUG - 自動保存已禁用，跳過配置保存
2025-08-01 11:57:16,641 - VALO360 - DEBUG - 自動保存已禁用，跳過配置保存
2025-08-01 11:57:16,641 - VALO360 - DEBUG - 自動保存已禁用，跳過配置保存
2025-08-01 11:57:16,643 - VALO360 - DEBUG - 自動保存已禁用，跳過配置保存
2025-08-01 11:57:16,643 - VALO360 - DEBUG - 自動保存已禁用，跳過配置保存
2025-08-01 11:57:16,643 - VALO360 - DEBUG - 自動保存已禁用，跳過配置保存
2025-08-01 11:57:16,643 - VALO360 - DEBUG - 自動保存已禁用，跳過配置保存
2025-08-01 11:57:16,643 - VALO360 - DEBUG - 自動保存已禁用，跳過配置保存
2025-08-01 11:57:16,643 - VALO360 - DEBUG - 自動保存已禁用，跳過配置保存
2025-08-01 11:57:16,643 - VALO360 - DEBUG - 自動保存已禁用，跳過配置保存
2025-08-01 11:57:16,643 - VALO360 - DEBUG - 自動保存已禁用，跳過配置保存
2025-08-01 11:57:16,643 - VALO360 - DEBUG - 自動保存已禁用，跳過配置保存
2025-08-01 11:57:16,646 - VALO360 - DEBUG - 自動保存已禁用，跳過配置保存
2025-08-01 11:57:16,646 - VALO360 - DEBUG - 自動保存已禁用，跳過配置保存
2025-08-01 11:57:16,646 - VALO360 - DEBUG - 自動保存已禁用，跳過配置保存
2025-08-01 11:57:16,646 - VALO360 - DEBUG - 自動保存已禁用，跳過配置保存
2025-08-01 11:57:16,646 - VALO360 - DEBUG - 自動保存已禁用，跳過配置保存
2025-08-01 11:57:16,646 - VALO360 - DEBUG - 自動保存已禁用，跳過配置保存
2025-08-01 11:57:16,646 - VALO360 - DEBUG - 自動保存已禁用，跳過配置保存
2025-08-01 11:57:16,648 - VALO360 - DEBUG - 自動保存已禁用，跳過配置保存
2025-08-01 11:57:16,648 - VALO360 - DEBUG - 自動保存已禁用，跳過配置保存
2025-08-01 11:57:16,648 - VALO360 - DEBUG - 自動保存已禁用，跳過配置保存
2025-08-01 11:57:16,650 - VALO360 - DEBUG - 自動保存已禁用，跳過配置保存
2025-08-01 11:57:16,650 - VALO360 - DEBUG - 自動保存已禁用，跳過配置保存
2025-08-01 11:57:16,650 - VALO360 - DEBUG - 自動保存已禁用，跳過配置保存
2025-08-01 11:57:16,650 - VALO360 - DEBUG - 自動保存已禁用，跳過配置保存
2025-08-01 11:57:16,650 - VALO360 - DEBUG - 自動保存已禁用，跳過配置保存
2025-08-01 11:57:16,650 - VALO360 - DEBUG - 自動保存已禁用，跳過配置保存
2025-08-01 11:57:16,653 - VALO360 - DEBUG - 自動保存已禁用，跳過配置保存
2025-08-01 11:57:16,653 - VALO360 - DEBUG - 自動保存已禁用，跳過配置保存
2025-08-01 11:57:16,653 - VALO360 - DEBUG - 自動保存已禁用，跳過配置保存
2025-08-01 11:57:16,653 - VALO360 - DEBUG - 自動保存已禁用，跳過配置保存
2025-08-01 11:57:16,653 - VALO360 - DEBUG - 自動保存已禁用，跳過配置保存
2025-08-01 11:57:16,653 - VALO360 - DEBUG - 自動保存已禁用，跳過配置保存
2025-08-01 11:57:16,653 - VALO360 - DEBUG - 自動保存已禁用，跳過配置保存
2025-08-01 11:57:16,655 - VALO360 - DEBUG - 自動保存已禁用，跳過配置保存
2025-08-01 11:57:16,655 - VALO360 - DEBUG - 自動保存已禁用，跳過配置保存
2025-08-01 11:57:16,655 - VALO360 - DEBUG - 自動保存已禁用，跳過配置保存
2025-08-01 11:57:16,655 - VALO360 - DEBUG - 自動保存已禁用，跳過配置保存
2025-08-01 11:57:16,655 - VALO360 - DEBUG - 自動保存已禁用，跳過配置保存
2025-08-01 11:57:16,655 - VALO360 - DEBUG - 自動保存已禁用，跳過配置保存
2025-08-01 11:57:16,655 - VALO360 - DEBUG - 自動保存已禁用，跳過配置保存
2025-08-01 11:57:16,655 - VALO360 - DEBUG - 自動保存已禁用，跳過配置保存
2025-08-01 11:57:16,655 - VALO360 - DEBUG - 自動保存已禁用，跳過配置保存
2025-08-01 11:57:16,655 - VALO360 - DEBUG - 自動保存已禁用，跳過配置保存
2025-08-01 11:57:16,655 - VALO360 - DEBUG - 自動保存已禁用，跳過配置保存
2025-08-01 11:57:16,655 - VALO360 - DEBUG - 自動保存已禁用，跳過配置保存
2025-08-01 11:57:16,655 - VALO360 - DEBUG - 自動保存已禁用，跳過配置保存
2025-08-01 11:57:16,660 - VALO360 - DEBUG - 自動保存已禁用，跳過配置保存
2025-08-01 11:57:16,660 - VALO360 - DEBUG - 自動保存已禁用，跳過配置保存
2025-08-01 11:57:16,660 - VALO360 - DEBUG - 自動保存已禁用，跳過配置保存
2025-08-01 11:57:16,660 - VALO360 - DEBUG - 自動保存已禁用，跳過配置保存
2025-08-01 11:57:16,661 - VALO360 - DEBUG - 自動保存已禁用，跳過配置保存
2025-08-01 11:57:16,661 - VALO360 - DEBUG - 自動保存已禁用，跳過配置保存
2025-08-01 11:57:16,661 - VALO360 - DEBUG - 自動保存已禁用，跳過配置保存
2025-08-01 11:57:16,661 - VALO360 - DEBUG - 自動保存已禁用，跳過配置保存
2025-08-01 11:57:16,661 - VALO360 - DEBUG - 自動保存已禁用，跳過配置保存
2025-08-01 11:57:16,661 - VALO360 - DEBUG - 自動保存已禁用，跳過配置保存
2025-08-01 11:57:16,661 - VALO360 - DEBUG - 自動保存已禁用，跳過配置保存
2025-08-01 11:57:16,661 - VALO360 - DEBUG - 自動保存已禁用，跳過配置保存
2025-08-01 11:57:16,664 - VALO360 - DEBUG - 自動保存已禁用，跳過配置保存
2025-08-01 11:57:16,664 - VALO360 - DEBUG - 自動保存已禁用，跳過配置保存
2025-08-01 11:57:16,666 - VALO360 - DEBUG - 自動保存已禁用，跳過配置保存
2025-08-01 11:57:16,666 - VALO360 - DEBUG - 自動保存已禁用，跳過配置保存
2025-08-01 11:57:16,666 - VALO360 - DEBUG - 自動保存已禁用，跳過配置保存
2025-08-01 11:57:16,666 - VALO360 - DEBUG - 自動保存已禁用，跳過配置保存
2025-08-01 11:57:16,666 - VALO360 - DEBUG - 自動保存已禁用，跳過配置保存
2025-08-01 11:57:16,666 - VALO360 - DEBUG - 自動保存已禁用，跳過配置保存
2025-08-01 11:57:16,666 - VALO360 - DEBUG - 自動保存已禁用，跳過配置保存
2025-08-01 11:57:16,666 - VALO360 - DEBUG - 自動保存已禁用，跳過配置保存
2025-08-01 11:57:16,666 - VALO360 - DEBUG - 自動保存已禁用，跳過配置保存
2025-08-01 11:57:16,666 - VALO360 - DEBUG - 自動保存已禁用，跳過配置保存
2025-08-01 11:57:16,671 - VALO360 - DEBUG - 自動保存已禁用，跳過配置保存
2025-08-01 11:57:16,671 - VALO360 - DEBUG - 自動保存已禁用，跳過配置保存
2025-08-01 11:57:16,671 - VALO360 - DEBUG - 自動保存已禁用，跳過配置保存
2025-08-01 11:57:16,671 - VALO360 - DEBUG - 自動保存已禁用，跳過配置保存
2025-08-01 11:57:16,672 - VALO360 - DEBUG - 自動保存已禁用，跳過配置保存
2025-08-01 11:57:16,672 - VALO360 - DEBUG - 自動保存已禁用，跳過配置保存
2025-08-01 11:57:16,672 - VALO360 - DEBUG - 自動保存已禁用，跳過配置保存
2025-08-01 11:57:16,673 - VALO360 - DEBUG - 自動保存已禁用，跳過配置保存
2025-08-01 11:57:16,673 - VALO360 - DEBUG - 自動保存已禁用，跳過配置保存
2025-08-01 11:57:16,673 - VALO360 - DEBUG - 自動保存已禁用，跳過配置保存
2025-08-01 11:57:16,673 - VALO360 - DEBUG - 自動保存已禁用，跳過配置保存
2025-08-01 11:57:16,673 - VALO360 - DEBUG - 自動保存已禁用，跳過配置保存
2025-08-01 11:57:16,673 - VALO360 - DEBUG - 自動保存已禁用，跳過配置保存
2025-08-01 11:57:16,673 - VALO360 - DEBUG - 自動保存已禁用，跳過配置保存
2025-08-01 11:57:16,673 - VALO360 - DEBUG - 自動保存已禁用，跳過配置保存
2025-08-01 11:57:16,673 - VALO360 - DEBUG - 自動保存已禁用，跳過配置保存
2025-08-01 11:57:16,676 - VALO360 - DEBUG - 自動保存已禁用，跳過配置保存
2025-08-01 11:57:16,676 - VALO360 - DEBUG - 自動保存已禁用，跳過配置保存
2025-08-01 11:57:16,676 - VALO360 - DEBUG - 自動保存已禁用，跳過配置保存
2025-08-01 11:57:16,676 - VALO360 - DEBUG - 自動保存已禁用，跳過配置保存
2025-08-01 11:57:16,677 - VALO360 - DEBUG - 自動保存已禁用，跳過配置保存
2025-08-01 11:57:16,677 - VALO360 - DEBUG - 自動保存已禁用，跳過配置保存
2025-08-01 11:57:16,677 - VALO360 - DEBUG - 自動保存已禁用，跳過配置保存
2025-08-01 11:57:16,678 - VALO360 - DEBUG - 自動保存已禁用，跳過配置保存
2025-08-01 11:57:16,678 - VALO360 - DEBUG - 自動保存已禁用，跳過配置保存
2025-08-01 11:57:16,678 - VALO360 - DEBUG - 自動保存已禁用，跳過配置保存
2025-08-01 11:57:16,678 - VALO360 - DEBUG - 自動保存已禁用，跳過配置保存
2025-08-01 11:57:16,678 - VALO360 - DEBUG - 自動保存已禁用，跳過配置保存
2025-08-01 11:57:16,678 - VALO360 - DEBUG - 自動保存已禁用，跳過配置保存
2025-08-01 11:57:16,681 - VALO360 - DEBUG - 自動保存已禁用，跳過配置保存
2025-08-01 11:57:16,681 - VALO360 - DEBUG - 自動保存已禁用，跳過配置保存
2025-08-01 11:57:16,681 - VALO360 - DEBUG - 自動保存已禁用，跳過配置保存
2025-08-01 11:57:16,681 - VALO360 - DEBUG - 自動保存已禁用，跳過配置保存
2025-08-01 11:57:16,681 - VALO360 - DEBUG - 自動保存已禁用，跳過配置保存
2025-08-01 11:57:16,683 - VALO360 - DEBUG - 自動保存已禁用，跳過配置保存
2025-08-01 11:57:16,683 - VALO360 - DEBUG - 自動保存已禁用，跳過配置保存
2025-08-01 11:57:16,683 - VALO360 - DEBUG - 自動保存已禁用，跳過配置保存
2025-08-01 11:57:16,683 - VALO360 - DEBUG - 自動保存已禁用，跳過配置保存
2025-08-01 11:57:16,685 - VALO360 - DEBUG - 自動保存已禁用，跳過配置保存
2025-08-01 11:57:16,685 - VALO360 - DEBUG - 自動保存已禁用，跳過配置保存
2025-08-01 11:57:16,685 - VALO360 - DEBUG - 自動保存已禁用，跳過配置保存
2025-08-01 11:57:16,685 - VALO360 - DEBUG - 自動保存已禁用，跳過配置保存
2025-08-01 11:57:16,687 - VALO360 - DEBUG - 自動保存已禁用，跳過配置保存
2025-08-01 11:57:16,687 - VALO360 - DEBUG - 自動保存已禁用，跳過配置保存
2025-08-01 11:57:16,687 - VALO360 - DEBUG - 自動保存已禁用，跳過配置保存
2025-08-01 11:57:16,687 - VALO360 - DEBUG - 自動保存已禁用，跳過配置保存
2025-08-01 11:57:16,687 - VALO360 - DEBUG - 自動保存已禁用，跳過配置保存
2025-08-01 11:57:16,687 - VALO360 - DEBUG - 自動保存已禁用，跳過配置保存
2025-08-01 11:57:16,689 - VALO360 - DEBUG - 自動保存已禁用，跳過配置保存
2025-08-01 11:57:16,689 - VALO360 - DEBUG - 自動保存已禁用，跳過配置保存
2025-08-01 11:57:16,689 - VALO360 - DEBUG - 自動保存已禁用，跳過配置保存
2025-08-01 11:57:16,689 - VALO360 - DEBUG - 自動保存已禁用，跳過配置保存
2025-08-01 11:57:16,691 - VALO360 - DEBUG - 自動保存已禁用，跳過配置保存
2025-08-01 11:57:16,692 - VALO360 - DEBUG - 自動保存已禁用，跳過配置保存
2025-08-01 11:57:16,692 - VALO360 - DEBUG - 自動保存已禁用，跳過配置保存
2025-08-01 11:57:16,692 - VALO360 - DEBUG - 自動保存已禁用，跳過配置保存
2025-08-01 11:57:16,692 - VALO360 - DEBUG - 自動保存已禁用，跳過配置保存
2025-08-01 11:57:16,692 - VALO360 - DEBUG - 自動保存已禁用，跳過配置保存
2025-08-01 11:57:16,692 - VALO360 - DEBUG - 自動保存已禁用，跳過配置保存
2025-08-01 11:57:16,692 - VALO360 - DEBUG - 自動保存已禁用，跳過配置保存
2025-08-01 11:57:16,692 - VALO360 - DEBUG - 自動保存已禁用，跳過配置保存
2025-08-01 11:57:16,692 - VALO360 - DEBUG - 自動保存已禁用，跳過配置保存
2025-08-01 11:57:16,692 - VALO360 - DEBUG - 自動保存已禁用，跳過配置保存
2025-08-01 11:57:16,694 - VALO360 - DEBUG - 自動保存已禁用，跳過配置保存
2025-08-01 11:57:16,694 - VALO360 - DEBUG - 自動保存已禁用，跳過配置保存
2025-08-01 11:57:16,694 - VALO360 - DEBUG - 自動保存已禁用，跳過配置保存
2025-08-01 11:57:16,694 - VALO360 - DEBUG - 自動保存已禁用，跳過配置保存
2025-08-01 11:57:16,694 - VALO360 - DEBUG - 自動保存已禁用，跳過配置保存
2025-08-01 11:57:16,696 - VALO360 - DEBUG - 自動保存已禁用，跳過配置保存
2025-08-01 11:57:16,696 - VALO360 - DEBUG - 自動保存已禁用，跳過配置保存
2025-08-01 11:57:16,696 - VALO360 - DEBUG - 自動保存已禁用，跳過配置保存
2025-08-01 11:57:16,696 - VALO360 - DEBUG - 自動保存已禁用，跳過配置保存
2025-08-01 11:57:16,696 - VALO360 - DEBUG - 自動保存已禁用，跳過配置保存
2025-08-01 11:57:16,696 - VALO360 - DEBUG - 自動保存已禁用，跳過配置保存
2025-08-01 11:57:16,696 - VALO360 - DEBUG - 自動保存已禁用，跳過配置保存
2025-08-01 11:57:16,696 - VALO360 - DEBUG - 自動保存已禁用，跳過配置保存
2025-08-01 11:57:16,699 - VALO360 - DEBUG - 自動保存已禁用，跳過配置保存
2025-08-01 11:57:16,699 - VALO360 - DEBUG - 自動保存已禁用，跳過配置保存
2025-08-01 11:57:16,699 - VALO360 - DEBUG - 自動保存已禁用，跳過配置保存
2025-08-01 11:57:16,699 - VALO360 - DEBUG - 自動保存已禁用，跳過配置保存
2025-08-01 11:57:16,701 - VALO360 - DEBUG - 自動保存已禁用，跳過配置保存
2025-08-01 11:57:16,701 - VALO360 - DEBUG - 自動保存已禁用，跳過配置保存
2025-08-01 11:57:16,701 - VALO360 - DEBUG - 自動保存已禁用，跳過配置保存
2025-08-01 11:57:16,703 - VALO360 - DEBUG - 自動保存已禁用，跳過配置保存
2025-08-01 11:57:16,703 - VALO360 - DEBUG - 自動保存已禁用，跳過配置保存
2025-08-01 11:57:16,703 - VALO360 - DEBUG - 自動保存已禁用，跳過配置保存
2025-08-01 11:57:16,703 - VALO360 - DEBUG - 自動保存已禁用，跳過配置保存
2025-08-01 11:57:16,703 - VALO360 - DEBUG - 自動保存已禁用，跳過配置保存
2025-08-01 11:57:18,341 - VALO360 - DEBUG - 自動保存已禁用，跳過配置保存
2025-08-01 11:57:18,341 - VALO360 - DEBUG - 自動保存已禁用，跳過配置保存
2025-08-01 11:57:18,341 - VALO360 - DEBUG - 自動保存已禁用，跳過配置保存
2025-08-01 11:57:18,343 - VALO360 - DEBUG - 自動保存已禁用，跳過配置保存
2025-08-01 11:57:24,925 - VALO360 - DEBUG - 自動保存已禁用，跳過配置保存
2025-08-01 11:57:24,927 - VALO360 - DEBUG - 配置已備份至: backup\setup_backup_20250801_115724.json
2025-08-01 11:57:24,929 - VALO360 - DEBUG - 配置保存成功
2025-08-01 11:57:24,929 - VALO360 - DEBUG - 自動保存已禁用，跳過配置保存
2025-08-01 11:57:24,939 - VALO360 - DEBUG - 自動保存已禁用，跳過配置保存
2025-08-01 11:57:24,939 - VALO360 - DEBUG - 自動保存已禁用，跳過配置保存
2025-08-01 11:57:24,939 - VALO360 - DEBUG - 自動保存已禁用，跳過配置保存
2025-08-01 11:57:24,939 - VALO360 - DEBUG - 自動保存已禁用，跳過配置保存
2025-08-01 11:57:24,963 - VALO360 - DEBUG - 自動保存已禁用，跳過配置保存
2025-08-01 11:57:24,963 - VALO360 - DEBUG - 自動保存已禁用，跳過配置保存
2025-08-01 11:57:24,963 - VALO360 - DEBUG - 自動保存已禁用，跳過配置保存
2025-08-01 11:57:24,963 - VALO360 - DEBUG - 自動保存已禁用，跳過配置保存
2025-08-01 11:57:24,969 - VALO360 - DEBUG - 自動保存已禁用，跳過配置保存
2025-08-01 11:57:24,969 - VALO360 - DEBUG - 自動保存已禁用，跳過配置保存
2025-08-01 11:57:24,969 - VALO360 - DEBUG - 自動保存已禁用，跳過配置保存
2025-08-01 11:57:24,970 - VALO360 - DEBUG - 自動保存已禁用，跳過配置保存
2025-08-01 11:57:24,970 - VALO360 - DEBUG - 自動保存已禁用，跳過配置保存
2025-08-01 11:57:24,971 - VALO360 - DEBUG - 自動保存已禁用，跳過配置保存
2025-08-01 11:57:24,971 - VALO360 - DEBUG - 自動保存已禁用，跳過配置保存
2025-08-01 11:57:24,971 - VALO360 - DEBUG - 自動保存已禁用，跳過配置保存
2025-08-01 11:57:24,971 - VALO360 - DEBUG - 自動保存已禁用，跳過配置保存
2025-08-01 11:57:24,971 - VALO360 - DEBUG - 自動保存已禁用，跳過配置保存
2025-08-01 11:57:24,971 - VALO360 - DEBUG - 自動保存已禁用，跳過配置保存
2025-08-01 11:57:24,971 - VALO360 - DEBUG - 自動保存已禁用，跳過配置保存
2025-08-01 11:57:24,971 - VALO360 - DEBUG - 自動保存已禁用，跳過配置保存
2025-08-01 11:57:24,971 - VALO360 - DEBUG - 自動保存已禁用，跳過配置保存
2025-08-01 11:57:24,971 - VALO360 - DEBUG - 自動保存已禁用，跳過配置保存
2025-08-01 11:57:24,971 - VALO360 - DEBUG - 自動保存已禁用，跳過配置保存
2025-08-01 11:57:24,998 - VALO360 - DEBUG - 自動保存已禁用，跳過配置保存
2025-08-01 11:57:24,998 - VALO360 - DEBUG - 自動保存已禁用，跳過配置保存
2025-08-01 11:57:24,998 - VALO360 - DEBUG - 自動保存已禁用，跳過配置保存
2025-08-01 11:57:24,998 - VALO360 - DEBUG - 自動保存已禁用，跳過配置保存
2025-08-01 11:57:24,999 - VALO360 - DEBUG - 自動保存已禁用，跳過配置保存
2025-08-01 11:57:24,999 - VALO360 - DEBUG - 自動保存已禁用，跳過配置保存
2025-08-01 11:57:24,999 - VALO360 - DEBUG - 自動保存已禁用，跳過配置保存
2025-08-01 11:57:24,999 - VALO360 - DEBUG - 自動保存已禁用，跳過配置保存
2025-08-01 11:57:25,004 - VALO360 - DEBUG - 自動保存已禁用，跳過配置保存
2025-08-01 11:57:25,004 - VALO360 - DEBUG - 自動保存已禁用，跳過配置保存
2025-08-01 11:57:25,004 - VALO360 - DEBUG - 自動保存已禁用，跳過配置保存
2025-08-01 11:57:25,004 - VALO360 - DEBUG - 自動保存已禁用，跳過配置保存
2025-08-01 11:57:25,008 - VALO360 - DEBUG - 自動保存已禁用，跳過配置保存
2025-08-01 11:57:25,008 - VALO360 - DEBUG - 自動保存已禁用，跳過配置保存
2025-08-01 11:57:25,008 - VALO360 - DEBUG - 自動保存已禁用，跳過配置保存
2025-08-01 11:57:25,008 - VALO360 - DEBUG - 自動保存已禁用，跳過配置保存
2025-08-01 11:57:25,038 - VALO360 - DEBUG - 自動保存已禁用，跳過配置保存
2025-08-01 11:57:25,038 - VALO360 - DEBUG - 自動保存已禁用，跳過配置保存
2025-08-01 11:57:25,038 - VALO360 - DEBUG - 自動保存已禁用，跳過配置保存
2025-08-01 11:57:25,038 - VALO360 - DEBUG - 自動保存已禁用，跳過配置保存
2025-08-01 11:57:25,038 - VALO360 - DEBUG - 自動保存已禁用，跳過配置保存
2025-08-01 11:57:25,038 - VALO360 - DEBUG - 自動保存已禁用，跳過配置保存
2025-08-01 11:57:25,038 - VALO360 - DEBUG - 自動保存已禁用，跳過配置保存
2025-08-01 11:57:25,038 - VALO360 - DEBUG - 自動保存已禁用，跳過配置保存
2025-08-01 11:57:25,038 - VALO360 - DEBUG - 自動保存已禁用，跳過配置保存
2025-08-01 11:57:25,038 - VALO360 - DEBUG - 自動保存已禁用，跳過配置保存
2025-08-01 11:57:25,038 - VALO360 - DEBUG - 自動保存已禁用，跳過配置保存
2025-08-01 11:57:25,038 - VALO360 - DEBUG - 自動保存已禁用，跳過配置保存
2025-08-01 11:57:25,038 - VALO360 - DEBUG - 自動保存已禁用，跳過配置保存
2025-08-01 11:57:25,038 - VALO360 - DEBUG - 自動保存已禁用，跳過配置保存
2025-08-01 11:57:25,038 - VALO360 - DEBUG - 自動保存已禁用，跳過配置保存
2025-08-01 11:57:25,038 - VALO360 - DEBUG - 自動保存已禁用，跳過配置保存
2025-08-01 11:57:25,038 - VALO360 - DEBUG - 自動保存已禁用，跳過配置保存
2025-08-01 11:57:25,038 - VALO360 - DEBUG - 自動保存已禁用，跳過配置保存
2025-08-01 11:57:25,045 - VALO360 - DEBUG - 自動保存已禁用，跳過配置保存
2025-08-01 11:57:25,045 - VALO360 - DEBUG - 自動保存已禁用，跳過配置保存
2025-08-01 11:57:25,045 - VALO360 - DEBUG - 自動保存已禁用，跳過配置保存
2025-08-01 11:57:25,045 - VALO360 - DEBUG - 自動保存已禁用，跳過配置保存
2025-08-01 11:57:25,045 - VALO360 - DEBUG - 自動保存已禁用，跳過配置保存
2025-08-01 11:57:25,045 - VALO360 - DEBUG - 自動保存已禁用，跳過配置保存
2025-08-01 11:57:25,045 - VALO360 - DEBUG - 自動保存已禁用，跳過配置保存
2025-08-01 11:57:25,045 - VALO360 - DEBUG - 自動保存已禁用，跳過配置保存
2025-08-01 11:57:25,045 - VALO360 - DEBUG - 自動保存已禁用，跳過配置保存
2025-08-01 11:57:25,045 - VALO360 - DEBUG - 自動保存已禁用，跳過配置保存
2025-08-01 11:57:25,054 - VALO360 - DEBUG - 自動保存已禁用，跳過配置保存
2025-08-01 11:57:25,054 - VALO360 - DEBUG - 自動保存已禁用，跳過配置保存
2025-08-01 11:57:25,054 - VALO360 - DEBUG - 自動保存已禁用，跳過配置保存
2025-08-01 11:57:25,054 - VALO360 - DEBUG - 自動保存已禁用，跳過配置保存
2025-08-01 11:57:25,057 - VALO360 - DEBUG - 自動保存已禁用，跳過配置保存
2025-08-01 11:57:25,057 - VALO360 - DEBUG - 自動保存已禁用，跳過配置保存
2025-08-01 11:57:25,057 - VALO360 - DEBUG - 自動保存已禁用，跳過配置保存
2025-08-01 11:57:25,057 - VALO360 - DEBUG - 自動保存已禁用，跳過配置保存
2025-08-01 11:57:25,057 - VALO360 - DEBUG - 自動保存已禁用，跳過配置保存
2025-08-01 11:57:25,057 - VALO360 - DEBUG - 自動保存已禁用，跳過配置保存
2025-08-01 11:57:25,057 - VALO360 - DEBUG - 自動保存已禁用，跳過配置保存
2025-08-01 11:57:25,057 - VALO360 - DEBUG - 自動保存已禁用，跳過配置保存
2025-08-01 11:57:25,057 - VALO360 - DEBUG - 自動保存已禁用，跳過配置保存
2025-08-01 11:57:25,057 - VALO360 - DEBUG - 自動保存已禁用，跳過配置保存
2025-08-01 11:57:25,057 - VALO360 - DEBUG - 自動保存已禁用，跳過配置保存
2025-08-01 11:57:25,057 - VALO360 - DEBUG - 自動保存已禁用，跳過配置保存
2025-08-01 11:57:25,057 - VALO360 - DEBUG - 自動保存已禁用，跳過配置保存
2025-08-01 11:57:25,057 - VALO360 - DEBUG - 自動保存已禁用，跳過配置保存
2025-08-01 11:57:25,057 - VALO360 - DEBUG - 自動保存已禁用，跳過配置保存
2025-08-01 11:57:25,057 - VALO360 - DEBUG - 自動保存已禁用，跳過配置保存
2025-08-01 11:57:25,073 - VALO360 - DEBUG - 找到 2 個COM口: ['COM5', 'COM6']
2025-08-01 11:57:25,087 - VALO360 - DEBUG - 自動保存已禁用，跳過配置保存
2025-08-01 11:57:25,087 - VALO360 - DEBUG - 自動保存已禁用，跳過配置保存
2025-08-01 11:57:25,087 - VALO360 - DEBUG - 自動保存已禁用，跳過配置保存
2025-08-01 11:57:25,087 - VALO360 - DEBUG - 自動保存已禁用，跳過配置保存
2025-08-01 11:57:25,091 - VALO360 - DEBUG - 自動保存已禁用，跳過配置保存
2025-08-01 11:57:25,091 - VALO360 - DEBUG - 自動保存已禁用，跳過配置保存
2025-08-01 11:57:25,093 - VALO360 - DEBUG - 自動保存已禁用，跳過配置保存
2025-08-01 11:57:25,093 - VALO360 - DEBUG - 自動保存已禁用，跳過配置保存
2025-08-01 11:57:25,137 - VALO360 - DEBUG - 自動保存已禁用，跳過配置保存
2025-08-01 11:57:25,137 - VALO360 - DEBUG - 自動保存已禁用，跳過配置保存
2025-08-01 11:57:25,137 - VALO360 - DEBUG - 自動保存已禁用，跳過配置保存
2025-08-01 11:57:25,137 - VALO360 - DEBUG - 自動保存已禁用，跳過配置保存
2025-08-01 11:57:25,139 - VALO360 - DEBUG - 自動保存已禁用，跳過配置保存
2025-08-01 11:57:25,139 - VALO360 - DEBUG - 自動保存已禁用，跳過配置保存
2025-08-01 11:57:25,139 - VALO360 - DEBUG - 自動保存已禁用，跳過配置保存
2025-08-01 11:57:25,139 - VALO360 - DEBUG - 自動保存已禁用，跳過配置保存
2025-08-01 11:57:25,139 - VALO360 - DEBUG - 自動保存已禁用，跳過配置保存
2025-08-01 11:57:25,139 - VALO360 - DEBUG - 自動保存已禁用，跳過配置保存
2025-08-01 11:57:25,139 - VALO360 - DEBUG - 自動保存已禁用，跳過配置保存
2025-08-01 11:57:25,139 - VALO360 - DEBUG - 自動保存已禁用，跳過配置保存
2025-08-01 11:57:25,139 - VALO360 - DEBUG - 自動保存已禁用，跳過配置保存
2025-08-01 11:57:25,139 - VALO360 - DEBUG - 自動保存已禁用，跳過配置保存
2025-08-01 11:57:25,139 - VALO360 - DEBUG - 自動保存已禁用，跳過配置保存
2025-08-01 11:57:25,139 - VALO360 - DEBUG - 自動保存已禁用，跳過配置保存
2025-08-01 11:57:25,139 - VALO360 - DEBUG - 自動保存已禁用，跳過配置保存
2025-08-01 11:57:25,139 - VALO360 - DEBUG - 自動保存已禁用，跳過配置保存
2025-08-01 11:57:25,139 - VALO360 - DEBUG - 自動保存已禁用，跳過配置保存
2025-08-01 11:57:25,139 - VALO360 - DEBUG - 自動保存已禁用，跳過配置保存
2025-08-01 11:57:25,145 - VALO360 - DEBUG - 自動保存已禁用，跳過配置保存
2025-08-01 11:57:25,145 - VALO360 - DEBUG - 自動保存已禁用，跳過配置保存
2025-08-01 11:57:25,145 - VALO360 - DEBUG - 自動保存已禁用，跳過配置保存
2025-08-01 11:57:25,145 - VALO360 - DEBUG - 自動保存已禁用，跳過配置保存
2025-08-01 11:57:25,147 - VALO360 - DEBUG - 自動保存已禁用，跳過配置保存
2025-08-01 11:57:25,147 - VALO360 - DEBUG - 自動保存已禁用，跳過配置保存
2025-08-01 11:57:25,147 - VALO360 - DEBUG - 自動保存已禁用，跳過配置保存
2025-08-01 11:57:25,147 - VALO360 - DEBUG - 自動保存已禁用，跳過配置保存
2025-08-01 11:57:25,148 - VALO360 - DEBUG - 自動保存已禁用，跳過配置保存
2025-08-01 11:57:25,148 - VALO360 - DEBUG - 自動保存已禁用，跳過配置保存
2025-08-01 11:57:25,148 - VALO360 - DEBUG - 自動保存已禁用，跳過配置保存
2025-08-01 11:57:25,148 - VALO360 - DEBUG - 自動保存已禁用，跳過配置保存
2025-08-01 11:57:25,149 - VALO360 - DEBUG - 自動保存已禁用，跳過配置保存
2025-08-01 11:57:25,149 - VALO360 - DEBUG - 自動保存已禁用，跳過配置保存
2025-08-01 11:57:25,149 - VALO360 - DEBUG - 自動保存已禁用，跳過配置保存
2025-08-01 11:57:25,149 - VALO360 - DEBUG - 自動保存已禁用，跳過配置保存
2025-08-01 11:57:25,150 - VALO360 - DEBUG - 自動保存已禁用，跳過配置保存
2025-08-01 11:57:25,150 - VALO360 - DEBUG - 自動保存已禁用，跳過配置保存
2025-08-01 11:57:25,150 - VALO360 - DEBUG - 自動保存已禁用，跳過配置保存
2025-08-01 11:57:25,150 - VALO360 - DEBUG - 自動保存已禁用，跳過配置保存
2025-08-01 11:57:25,150 - VALO360 - DEBUG - 自動保存已禁用，跳過配置保存
2025-08-01 11:57:25,150 - VALO360 - DEBUG - 自動保存已禁用，跳過配置保存
2025-08-01 11:57:25,150 - VALO360 - DEBUG - 自動保存已禁用，跳過配置保存
2025-08-01 11:57:25,150 - VALO360 - DEBUG - 自動保存已禁用，跳過配置保存
2025-08-01 11:57:25,152 - VALO360 - DEBUG - 自動保存已禁用，跳過配置保存
2025-08-01 11:57:25,152 - VALO360 - DEBUG - 自動保存已禁用，跳過配置保存
2025-08-01 11:57:25,152 - VALO360 - DEBUG - 自動保存已禁用，跳過配置保存
2025-08-01 11:57:25,152 - VALO360 - DEBUG - 自動保存已禁用，跳過配置保存
2025-08-01 11:57:25,152 - VALO360 - DEBUG - 自動保存已禁用，跳過配置保存
2025-08-01 11:57:25,152 - VALO360 - DEBUG - 自動保存已禁用，跳過配置保存
2025-08-01 11:57:25,152 - VALO360 - DEBUG - 自動保存已禁用，跳過配置保存
2025-08-01 11:57:25,152 - VALO360 - DEBUG - 自動保存已禁用，跳過配置保存
2025-08-01 11:57:25,155 - VALO360 - DEBUG - 自動保存已禁用，跳過配置保存
2025-08-01 11:57:25,155 - VALO360 - DEBUG - 自動保存已禁用，跳過配置保存
2025-08-01 11:57:25,155 - VALO360 - DEBUG - 自動保存已禁用，跳過配置保存
2025-08-01 11:57:25,155 - VALO360 - DEBUG - 自動保存已禁用，跳過配置保存
2025-08-01 11:57:25,157 - VALO360 - DEBUG - 自動保存已禁用，跳過配置保存
2025-08-01 11:57:25,157 - VALO360 - DEBUG - 自動保存已禁用，跳過配置保存
2025-08-01 11:57:25,157 - VALO360 - DEBUG - 自動保存已禁用，跳過配置保存
2025-08-01 11:57:25,157 - VALO360 - DEBUG - 自動保存已禁用，跳過配置保存
2025-08-01 11:57:25,157 - VALO360 - DEBUG - 自動保存已禁用，跳過配置保存
2025-08-01 11:57:25,157 - VALO360 - DEBUG - 自動保存已禁用，跳過配置保存
2025-08-01 11:57:25,157 - VALO360 - DEBUG - 自動保存已禁用，跳過配置保存
2025-08-01 11:57:25,157 - VALO360 - DEBUG - 自動保存已禁用，跳過配置保存
2025-08-01 11:57:25,157 - VALO360 - DEBUG - 自動保存已禁用，跳過配置保存
2025-08-01 11:57:25,157 - VALO360 - DEBUG - 自動保存已禁用，跳過配置保存
2025-08-01 11:57:25,157 - VALO360 - DEBUG - 自動保存已禁用，跳過配置保存
2025-08-01 11:57:25,157 - VALO360 - DEBUG - 自動保存已禁用，跳過配置保存
2025-08-01 11:57:25,157 - VALO360 - DEBUG - 自動保存已禁用，跳過配置保存
2025-08-01 11:57:25,157 - VALO360 - DEBUG - 自動保存已禁用，跳過配置保存
2025-08-01 11:57:25,157 - VALO360 - DEBUG - 自動保存已禁用，跳過配置保存
2025-08-01 11:57:25,157 - VALO360 - DEBUG - 自動保存已禁用，跳過配置保存
2025-08-01 11:57:25,163 - VALO360 - DEBUG - 自動保存已禁用，跳過配置保存
2025-08-01 11:57:25,163 - VALO360 - DEBUG - 自動保存已禁用，跳過配置保存
2025-08-01 11:57:25,163 - VALO360 - DEBUG - 自動保存已禁用，跳過配置保存
2025-08-01 11:57:25,163 - VALO360 - DEBUG - 自動保存已禁用，跳過配置保存
2025-08-01 11:57:25,164 - VALO360 - DEBUG - 自動保存已禁用，跳過配置保存
2025-08-01 11:57:25,164 - VALO360 - DEBUG - 自動保存已禁用，跳過配置保存
2025-08-01 11:57:25,164 - VALO360 - DEBUG - 自動保存已禁用，跳過配置保存
2025-08-01 11:57:25,164 - VALO360 - DEBUG - 自動保存已禁用，跳過配置保存
2025-08-01 11:57:25,164 - VALO360 - DEBUG - 自動保存已禁用，跳過配置保存
2025-08-01 11:57:25,164 - VALO360 - DEBUG - 自動保存已禁用，跳過配置保存
2025-08-01 11:57:25,164 - VALO360 - DEBUG - 自動保存已禁用，跳過配置保存
2025-08-01 11:57:25,164 - VALO360 - DEBUG - 自動保存已禁用，跳過配置保存
2025-08-01 11:57:25,166 - VALO360 - DEBUG - 自動保存已禁用，跳過配置保存
2025-08-01 11:57:25,166 - VALO360 - DEBUG - 自動保存已禁用，跳過配置保存
2025-08-01 11:57:25,166 - VALO360 - DEBUG - 自動保存已禁用，跳過配置保存
2025-08-01 11:57:25,166 - VALO360 - DEBUG - 自動保存已禁用，跳過配置保存
2025-08-01 11:57:25,167 - VALO360 - DEBUG - 自動保存已禁用，跳過配置保存
2025-08-01 11:57:25,167 - VALO360 - DEBUG - 自動保存已禁用，跳過配置保存
2025-08-01 11:57:25,167 - VALO360 - DEBUG - 自動保存已禁用，跳過配置保存
2025-08-01 11:57:25,167 - VALO360 - DEBUG - 自動保存已禁用，跳過配置保存
2025-08-01 11:57:25,167 - VALO360 - DEBUG - 自動保存已禁用，跳過配置保存
2025-08-01 11:57:25,167 - VALO360 - DEBUG - 自動保存已禁用，跳過配置保存
2025-08-01 11:57:25,167 - VALO360 - DEBUG - 自動保存已禁用，跳過配置保存
2025-08-01 11:57:25,170 - VALO360 - DEBUG - 自動保存已禁用，跳過配置保存
2025-08-01 11:57:25,170 - VALO360 - DEBUG - 自動保存已禁用，跳過配置保存
2025-08-01 11:57:25,170 - VALO360 - DEBUG - 自動保存已禁用，跳過配置保存
2025-08-01 11:57:25,170 - VALO360 - DEBUG - 自動保存已禁用，跳過配置保存
2025-08-01 11:57:25,170 - VALO360 - DEBUG - 自動保存已禁用，跳過配置保存
2025-08-01 11:57:25,170 - VALO360 - DEBUG - 自動保存已禁用，跳過配置保存
2025-08-01 11:57:25,170 - VALO360 - DEBUG - 自動保存已禁用，跳過配置保存
2025-08-01 11:57:25,170 - VALO360 - DEBUG - 自動保存已禁用，跳過配置保存
2025-08-01 11:57:25,170 - VALO360 - DEBUG - 自動保存已禁用，跳過配置保存
2025-08-01 11:57:25,170 - VALO360 - DEBUG - 自動保存已禁用，跳過配置保存
2025-08-01 11:57:25,170 - VALO360 - DEBUG - 自動保存已禁用，跳過配置保存
2025-08-01 11:57:25,174 - VALO360 - DEBUG - 自動保存已禁用，跳過配置保存
2025-08-01 11:57:25,174 - VALO360 - DEBUG - 自動保存已禁用，跳過配置保存
2025-08-01 11:57:25,174 - VALO360 - DEBUG - 自動保存已禁用，跳過配置保存
2025-08-01 11:57:25,174 - VALO360 - DEBUG - 自動保存已禁用，跳過配置保存
2025-08-01 11:57:25,174 - VALO360 - DEBUG - 自動保存已禁用，跳過配置保存
2025-08-01 11:57:25,174 - VALO360 - DEBUG - 自動保存已禁用，跳過配置保存
2025-08-01 11:57:25,174 - VALO360 - DEBUG - 自動保存已禁用，跳過配置保存
2025-08-01 11:57:25,177 - VALO360 - DEBUG - 自動保存已禁用，跳過配置保存
2025-08-01 11:57:25,177 - VALO360 - DEBUG - 自動保存已禁用，跳過配置保存
2025-08-01 11:57:25,177 - VALO360 - DEBUG - 自動保存已禁用，跳過配置保存
2025-08-01 11:57:25,177 - VALO360 - DEBUG - 自動保存已禁用，跳過配置保存
2025-08-01 11:57:25,177 - VALO360 - DEBUG - 自動保存已禁用，跳過配置保存
2025-08-01 11:57:25,177 - VALO360 - DEBUG - 自動保存已禁用，跳過配置保存
2025-08-01 11:57:25,177 - VALO360 - DEBUG - 自動保存已禁用，跳過配置保存
2025-08-01 11:57:25,177 - VALO360 - DEBUG - 自動保存已禁用，跳過配置保存
2025-08-01 11:57:25,177 - VALO360 - DEBUG - 自動保存已禁用，跳過配置保存
2025-08-01 11:57:25,177 - VALO360 - DEBUG - 自動保存已禁用，跳過配置保存
2025-08-01 11:57:25,177 - VALO360 - DEBUG - 自動保存已禁用，跳過配置保存
2025-08-01 11:57:25,177 - VALO360 - DEBUG - 自動保存已禁用，跳過配置保存
2025-08-01 11:57:25,177 - VALO360 - DEBUG - 自動保存已禁用，跳過配置保存
2025-08-01 11:57:25,177 - VALO360 - DEBUG - 自動保存已禁用，跳過配置保存
2025-08-01 11:57:25,177 - VALO360 - DEBUG - 自動保存已禁用，跳過配置保存
2025-08-01 11:57:25,177 - VALO360 - DEBUG - 自動保存已禁用，跳過配置保存
2025-08-01 11:57:25,177 - VALO360 - DEBUG - 自動保存已禁用，跳過配置保存
2025-08-01 11:57:25,177 - VALO360 - DEBUG - 自動保存已禁用，跳過配置保存
2025-08-01 11:57:25,177 - VALO360 - DEBUG - 自動保存已禁用，跳過配置保存
2025-08-01 11:57:25,177 - VALO360 - DEBUG - 自動保存已禁用，跳過配置保存
2025-08-01 11:57:25,177 - VALO360 - DEBUG - 自動保存已禁用，跳過配置保存
2025-08-01 11:57:25,177 - VALO360 - DEBUG - 自動保存已禁用，跳過配置保存
2025-08-01 11:57:25,177 - VALO360 - DEBUG - 自動保存已禁用，跳過配置保存
2025-08-01 11:57:25,177 - VALO360 - DEBUG - 自動保存已禁用，跳過配置保存
2025-08-01 11:57:25,177 - VALO360 - DEBUG - 自動保存已禁用，跳過配置保存
2025-08-01 11:57:25,177 - VALO360 - DEBUG - 自動保存已禁用，跳過配置保存
2025-08-01 11:57:25,177 - VALO360 - DEBUG - 自動保存已禁用，跳過配置保存
2025-08-01 11:57:25,177 - VALO360 - DEBUG - 自動保存已禁用，跳過配置保存
2025-08-01 11:57:25,177 - VALO360 - DEBUG - 自動保存已禁用，跳過配置保存
2025-08-01 11:57:25,177 - VALO360 - DEBUG - 自動保存已禁用，跳過配置保存
2025-08-01 11:57:25,177 - VALO360 - DEBUG - 自動保存已禁用，跳過配置保存
2025-08-01 11:57:25,177 - VALO360 - DEBUG - 自動保存已禁用，跳過配置保存
2025-08-01 11:57:25,177 - VALO360 - DEBUG - 自動保存已禁用，跳過配置保存
2025-08-01 11:57:25,187 - VALO360 - DEBUG - 自動保存已禁用，跳過配置保存
2025-08-01 11:57:25,187 - VALO360 - DEBUG - 自動保存已禁用，跳過配置保存
2025-08-01 11:57:25,188 - VALO360 - DEBUG - 自動保存已禁用，跳過配置保存
2025-08-01 11:57:25,188 - VALO360 - DEBUG - 自動保存已禁用，跳過配置保存
2025-08-01 11:57:25,188 - VALO360 - DEBUG - 自動保存已禁用，跳過配置保存
2025-08-01 11:57:25,188 - VALO360 - DEBUG - 自動保存已禁用，跳過配置保存
2025-08-01 11:57:25,188 - VALO360 - DEBUG - 自動保存已禁用，跳過配置保存
2025-08-01 11:57:25,188 - VALO360 - DEBUG - 自動保存已禁用，跳過配置保存
2025-08-01 11:57:25,188 - VALO360 - DEBUG - 自動保存已禁用，跳過配置保存
2025-08-01 11:57:25,188 - VALO360 - DEBUG - 自動保存已禁用，跳過配置保存
2025-08-01 11:57:25,188 - VALO360 - DEBUG - 自動保存已禁用，跳過配置保存
2025-08-01 11:57:25,188 - VALO360 - DEBUG - 自動保存已禁用，跳過配置保存
2025-08-01 11:57:25,188 - VALO360 - DEBUG - 自動保存已禁用，跳過配置保存
2025-08-01 11:57:25,191 - VALO360 - DEBUG - 自動保存已禁用，跳過配置保存
2025-08-01 11:57:25,191 - VALO360 - DEBUG - 自動保存已禁用，跳過配置保存
2025-08-01 11:57:25,191 - VALO360 - DEBUG - 自動保存已禁用，跳過配置保存
2025-08-01 11:57:25,191 - VALO360 - DEBUG - 自動保存已禁用，跳過配置保存
2025-08-01 11:57:25,191 - VALO360 - DEBUG - 自動保存已禁用，跳過配置保存
2025-08-01 11:57:25,191 - VALO360 - DEBUG - 自動保存已禁用，跳過配置保存
2025-08-01 11:57:25,191 - VALO360 - DEBUG - 自動保存已禁用，跳過配置保存
2025-08-01 11:57:25,191 - VALO360 - DEBUG - 自動保存已禁用，跳過配置保存
2025-08-01 11:57:25,191 - VALO360 - DEBUG - 自動保存已禁用，跳過配置保存
2025-08-01 11:57:25,191 - VALO360 - DEBUG - 自動保存已禁用，跳過配置保存
2025-08-01 11:57:25,191 - VALO360 - DEBUG - 自動保存已禁用，跳過配置保存
2025-08-01 11:57:25,191 - VALO360 - DEBUG - 自動保存已禁用，跳過配置保存
2025-08-01 11:57:25,191 - VALO360 - DEBUG - 自動保存已禁用，跳過配置保存
2025-08-01 11:57:25,191 - VALO360 - DEBUG - 自動保存已禁用，跳過配置保存
2025-08-01 11:57:25,191 - VALO360 - DEBUG - 自動保存已禁用，跳過配置保存
2025-08-01 11:57:25,191 - VALO360 - DEBUG - 自動保存已禁用，跳過配置保存
2025-08-01 11:57:25,191 - VALO360 - DEBUG - 自動保存已禁用，跳過配置保存
2025-08-01 11:57:25,191 - VALO360 - DEBUG - 自動保存已禁用，跳過配置保存
2025-08-01 11:57:25,191 - VALO360 - DEBUG - 自動保存已禁用，跳過配置保存
2025-08-01 11:57:25,197 - VALO360 - DEBUG - 自動保存已禁用，跳過配置保存
2025-08-01 11:57:25,197 - VALO360 - DEBUG - 自動保存已禁用，跳過配置保存
2025-08-01 11:57:25,197 - VALO360 - DEBUG - 自動保存已禁用，跳過配置保存
2025-08-01 11:57:25,197 - VALO360 - DEBUG - 自動保存已禁用，跳過配置保存
2025-08-01 11:57:25,197 - VALO360 - DEBUG - 自動保存已禁用，跳過配置保存
2025-08-01 11:57:25,197 - VALO360 - DEBUG - 自動保存已禁用，跳過配置保存
2025-08-01 11:57:25,197 - VALO360 - DEBUG - 自動保存已禁用，跳過配置保存
2025-08-01 11:57:25,197 - VALO360 - DEBUG - 自動保存已禁用，跳過配置保存
2025-08-01 11:57:25,197 - VALO360 - DEBUG - 自動保存已禁用，跳過配置保存
2025-08-01 11:57:25,197 - VALO360 - DEBUG - 自動保存已禁用，跳過配置保存
2025-08-01 11:57:25,197 - VALO360 - DEBUG - 自動保存已禁用，跳過配置保存
2025-08-01 11:57:25,197 - VALO360 - DEBUG - 自動保存已禁用，跳過配置保存
2025-08-01 11:57:25,197 - VALO360 - DEBUG - 自動保存已禁用，跳過配置保存
2025-08-01 11:57:25,197 - VALO360 - DEBUG - 自動保存已禁用，跳過配置保存
2025-08-01 11:57:25,197 - VALO360 - DEBUG - 自動保存已禁用，跳過配置保存
2025-08-01 11:57:25,197 - VALO360 - DEBUG - 自動保存已禁用，跳過配置保存
2025-08-01 11:57:25,203 - VALO360 - DEBUG - 自動保存已禁用，跳過配置保存
2025-08-01 11:57:25,203 - VALO360 - DEBUG - 自動保存已禁用，跳過配置保存
2025-08-01 11:57:25,203 - VALO360 - DEBUG - 自動保存已禁用，跳過配置保存
2025-08-01 11:57:25,203 - VALO360 - DEBUG - 自動保存已禁用，跳過配置保存
2025-08-01 11:57:25,203 - VALO360 - DEBUG - 自動保存已禁用，跳過配置保存
2025-08-01 11:57:25,203 - VALO360 - DEBUG - 自動保存已禁用，跳過配置保存
2025-08-01 11:57:25,203 - VALO360 - DEBUG - 自動保存已禁用，跳過配置保存
2025-08-01 11:57:25,203 - VALO360 - DEBUG - 自動保存已禁用，跳過配置保存
2025-08-01 11:57:25,203 - VALO360 - DEBUG - 自動保存已禁用，跳過配置保存
2025-08-01 11:57:25,203 - VALO360 - DEBUG - 自動保存已禁用，跳過配置保存
2025-08-01 11:57:27,924 - VALO360 - DEBUG - SerialWorker 初始化: COM=COM5, 指令數=5, 超時=30s
2025-08-01 11:57:27,924 - VALO360 - INFO - 開始執行序列埠任務: COM5
2025-08-01 11:57:27,945 - VALO360 - DEBUG - 自動保存已禁用，跳過配置保存
2025-08-01 11:57:27,945 - VALO360 - DEBUG - 自動保存已禁用，跳過配置保存
2025-08-01 11:57:27,945 - VALO360 - DEBUG - 自動保存已禁用，跳過配置保存
2025-08-01 11:57:27,945 - VALO360 - DEBUG - 自動保存已禁用，跳過配置保存
2025-08-01 11:57:27,945 - VALO360 - DEBUG - 自動保存已禁用，跳過配置保存
2025-08-01 11:57:27,945 - VALO360 - DEBUG - 自動保存已禁用，跳過配置保存
2025-08-01 11:57:27,945 - VALO360 - DEBUG - 自動保存已禁用，跳過配置保存
2025-08-01 11:57:27,945 - VALO360 - DEBUG - 自動保存已禁用，跳過配置保存
2025-08-01 11:57:27,945 - VALO360 - DEBUG - 自動保存已禁用，跳過配置保存
2025-08-01 11:57:27,945 - VALO360 - DEBUG - 自動保存已禁用，跳過配置保存
2025-08-01 11:57:27,945 - VALO360 - DEBUG - 自動保存已禁用，跳過配置保存
2025-08-01 11:57:27,945 - VALO360 - DEBUG - 自動保存已禁用，跳過配置保存
2025-08-01 11:57:27,945 - VALO360 - DEBUG - 自動保存已禁用，跳過配置保存
2025-08-01 11:57:27,945 - VALO360 - DEBUG - 自動保存已禁用，跳過配置保存
2025-08-01 11:57:27,945 - VALO360 - DEBUG - 自動保存已禁用，跳過配置保存
2025-08-01 11:57:27,945 - VALO360 - DEBUG - 自動保存已禁用，跳過配置保存
2025-08-01 11:57:27,945 - VALO360 - DEBUG - 自動保存已禁用，跳過配置保存
2025-08-01 11:57:27,953 - VALO360 - DEBUG - 自動保存已禁用，跳過配置保存
2025-08-01 11:57:27,953 - VALO360 - DEBUG - 自動保存已禁用，跳過配置保存
2025-08-01 11:57:27,953 - VALO360 - DEBUG - 自動保存已禁用，跳過配置保存
2025-08-01 11:57:27,953 - VALO360 - DEBUG - 自動保存已禁用，跳過配置保存
2025-08-01 11:57:27,953 - VALO360 - DEBUG - 自動保存已禁用，跳過配置保存
2025-08-01 11:57:27,953 - VALO360 - DEBUG - 自動保存已禁用，跳過配置保存
2025-08-01 11:57:27,953 - VALO360 - DEBUG - 自動保存已禁用，跳過配置保存
2025-08-01 11:57:33,770 - VALO360 - DEBUG - 簡單關閉 COM 口 COM5
2025-08-01 11:57:33,770 - VALO360 - DEBUG - SerialWorker 執行完成
2025-08-01 11:57:33,770 - VALO360 - WARNING - 函數 SerialWorker.run 執行時間過長: 5.846秒
2025-08-01 11:57:33,778 - VALO360 - DEBUG - 自動保存已禁用，跳過配置保存
2025-08-01 11:57:33,780 - VALO360 - DEBUG - 自動保存已禁用，跳過配置保存
2025-08-01 11:57:33,780 - VALO360 - DEBUG - 自動保存已禁用，跳過配置保存
2025-08-01 11:57:33,780 - VALO360 - DEBUG - 自動保存已禁用，跳過配置保存
2025-08-01 11:57:33,783 - VALO360 - DEBUG - 自動保存已禁用，跳過配置保存
2025-08-01 11:57:33,783 - VALO360 - DEBUG - 自動保存已禁用，跳過配置保存
2025-08-01 11:57:33,785 - VALO360 - DEBUG - 自動保存已禁用，跳過配置保存
2025-08-01 11:57:33,785 - VALO360 - DEBUG - 自動保存已禁用，跳過配置保存
2025-08-01 11:57:33,785 - VALO360 - DEBUG - 自動保存已禁用，跳過配置保存
2025-08-01 11:57:33,785 - VALO360 - DEBUG - 自動保存已禁用，跳過配置保存
2025-08-01 11:57:33,787 - VALO360 - DEBUG - 自動保存已禁用，跳過配置保存
2025-08-01 11:57:33,787 - VALO360 - DEBUG - 自動保存已禁用，跳過配置保存
2025-08-01 11:57:33,789 - VALO360 - DEBUG - 自動保存已禁用，跳過配置保存
2025-08-01 11:57:33,789 - VALO360 - DEBUG - 自動保存已禁用，跳過配置保存
2025-08-01 11:57:33,789 - VALO360 - DEBUG - 自動保存已禁用，跳過配置保存
2025-08-01 11:57:33,789 - VALO360 - DEBUG - 自動保存已禁用，跳過配置保存
2025-08-01 11:57:33,791 - VALO360 - DEBUG - 自動保存已禁用，跳過配置保存
2025-08-01 11:57:33,791 - VALO360 - DEBUG - 自動保存已禁用，跳過配置保存
2025-08-01 11:57:33,791 - VALO360 - DEBUG - 自動保存已禁用，跳過配置保存
2025-08-01 11:57:33,793 - VALO360 - DEBUG - 自動保存已禁用，跳過配置保存
2025-08-01 11:57:37,488 - VALO360 - DEBUG - SerialWorker 初始化: COM=COM5, 指令數=1, 超時=30s
2025-08-01 11:57:37,488 - VALO360 - INFO - 開始執行序列埠任務: COM5
2025-08-01 11:57:37,505 - VALO360 - DEBUG - 自動保存已禁用，跳過配置保存
2025-08-01 11:57:37,505 - VALO360 - DEBUG - 自動保存已禁用，跳過配置保存
2025-08-01 11:57:37,505 - VALO360 - DEBUG - 自動保存已禁用，跳過配置保存
2025-08-01 11:57:37,505 - VALO360 - DEBUG - 自動保存已禁用，跳過配置保存
2025-08-01 11:57:37,507 - VALO360 - DEBUG - 自動保存已禁用，跳過配置保存
2025-08-01 11:57:37,507 - VALO360 - DEBUG - 自動保存已禁用，跳過配置保存
2025-08-01 11:57:37,507 - VALO360 - DEBUG - 自動保存已禁用，跳過配置保存
2025-08-01 11:57:37,507 - VALO360 - DEBUG - 自動保存已禁用，跳過配置保存
2025-08-01 11:57:37,507 - VALO360 - DEBUG - 自動保存已禁用，跳過配置保存
2025-08-01 11:57:37,507 - VALO360 - DEBUG - 自動保存已禁用，跳過配置保存
2025-08-01 11:57:37,507 - VALO360 - DEBUG - 自動保存已禁用，跳過配置保存
2025-08-01 11:57:37,507 - VALO360 - DEBUG - 自動保存已禁用，跳過配置保存
2025-08-01 11:57:37,509 - VALO360 - DEBUG - 自動保存已禁用，跳過配置保存
2025-08-01 11:57:37,509 - VALO360 - DEBUG - 自動保存已禁用，跳過配置保存
2025-08-01 11:57:37,509 - VALO360 - DEBUG - 自動保存已禁用，跳過配置保存
2025-08-01 11:57:37,509 - VALO360 - DEBUG - 自動保存已禁用，跳過配置保存
2025-08-01 11:57:37,509 - VALO360 - DEBUG - 自動保存已禁用，跳過配置保存
2025-08-01 11:57:37,509 - VALO360 - DEBUG - 自動保存已禁用，跳過配置保存
2025-08-01 11:57:37,512 - VALO360 - DEBUG - 自動保存已禁用，跳過配置保存
2025-08-01 11:57:37,512 - VALO360 - DEBUG - 自動保存已禁用，跳過配置保存
2025-08-01 11:57:38,733 - VALO360 - DEBUG - 簡單關閉 COM 口 COM5
2025-08-01 11:57:38,733 - VALO360 - DEBUG - SerialWorker 執行完成
2025-08-01 11:57:38,733 - VALO360 - WARNING - 函數 SerialWorker.run 執行時間過長: 1.245秒
2025-08-01 11:57:38,740 - VALO360 - DEBUG - 自動保存已禁用，跳過配置保存
2025-08-01 11:57:38,740 - VALO360 - DEBUG - 自動保存已禁用，跳過配置保存
2025-08-01 11:57:38,740 - VALO360 - DEBUG - 自動保存已禁用，跳過配置保存
2025-08-01 11:57:38,740 - VALO360 - DEBUG - 自動保存已禁用，跳過配置保存
2025-08-01 11:57:38,744 - VALO360 - DEBUG - 自動保存已禁用，跳過配置保存
2025-08-01 11:57:38,744 - VALO360 - DEBUG - 自動保存已禁用，跳過配置保存
2025-08-01 11:57:38,745 - VALO360 - DEBUG - 自動保存已禁用，跳過配置保存
2025-08-01 11:57:38,745 - VALO360 - DEBUG - 自動保存已禁用，跳過配置保存
2025-08-01 11:57:38,745 - VALO360 - DEBUG - 自動保存已禁用，跳過配置保存
2025-08-01 11:57:38,745 - VALO360 - DEBUG - 自動保存已禁用，跳過配置保存
2025-08-01 11:57:38,745 - VALO360 - DEBUG - 自動保存已禁用，跳過配置保存
2025-08-01 11:57:38,745 - VALO360 - DEBUG - 自動保存已禁用，跳過配置保存
2025-08-01 11:57:38,747 - VALO360 - DEBUG - 自動保存已禁用，跳過配置保存
2025-08-01 11:57:38,747 - VALO360 - DEBUG - 自動保存已禁用，跳過配置保存
2025-08-01 11:57:38,747 - VALO360 - DEBUG - 自動保存已禁用，跳過配置保存
2025-08-01 11:57:38,747 - VALO360 - DEBUG - 自動保存已禁用，跳過配置保存
2025-08-01 11:57:38,749 - VALO360 - DEBUG - 自動保存已禁用，跳過配置保存
2025-08-01 11:57:38,749 - VALO360 - DEBUG - 自動保存已禁用，跳過配置保存
2025-08-01 11:57:38,749 - VALO360 - DEBUG - 自動保存已禁用，跳過配置保存
2025-08-01 11:57:38,749 - VALO360 - DEBUG - 自動保存已禁用，跳過配置保存
2025-08-01 11:57:42,279 - VALO360 - DEBUG - 自動保存已禁用，跳過配置保存
2025-08-01 11:57:42,279 - VALO360 - DEBUG - 自動保存已禁用，跳過配置保存
2025-08-01 11:57:42,280 - VALO360 - DEBUG - 自動保存已禁用，跳過配置保存
2025-08-01 11:57:42,280 - VALO360 - DEBUG - 自動保存已禁用，跳過配置保存
2025-08-01 11:57:49,259 - VALO360 - DEBUG - 自動保存已禁用，跳過配置保存
2025-08-01 11:57:49,259 - VALO360 - DEBUG - 自動保存已禁用，跳過配置保存
2025-08-01 11:57:49,259 - VALO360 - DEBUG - 自動保存已禁用，跳過配置保存
2025-08-01 11:57:49,259 - VALO360 - DEBUG - 自動保存已禁用，跳過配置保存
2025-08-01 11:57:50,083 - VALO360 - DEBUG - 自動保存已禁用，跳過配置保存
2025-08-01 11:57:50,084 - VALO360 - DEBUG - 自動保存已禁用，跳過配置保存
2025-08-01 11:57:50,084 - VALO360 - DEBUG - 自動保存已禁用，跳過配置保存
2025-08-01 11:57:50,084 - VALO360 - DEBUG - 自動保存已禁用，跳過配置保存
2025-08-01 11:57:51,242 - VALO360 - DEBUG - 自動保存已禁用，跳過配置保存
2025-08-01 11:57:51,242 - VALO360 - DEBUG - 自動保存已禁用，跳過配置保存
2025-08-01 11:57:51,244 - VALO360 - DEBUG - 自動保存已禁用，跳過配置保存
2025-08-01 11:57:51,244 - VALO360 - DEBUG - 自動保存已禁用，跳過配置保存
2025-08-01 11:57:56,464 - VALO360 - DEBUG - 自動保存已禁用，跳過配置保存
2025-08-01 11:57:56,464 - VALO360 - DEBUG - 自動保存已禁用，跳過配置保存
2025-08-01 11:57:56,465 - VALO360 - DEBUG - 自動保存已禁用，跳過配置保存
2025-08-01 11:57:56,466 - VALO360 - DEBUG - 自動保存已禁用，跳過配置保存
2025-08-01 11:57:56,471 - VALO360 - DEBUG - 自動保存已禁用，跳過配置保存
2025-08-01 11:57:56,472 - VALO360 - DEBUG - 自動保存已禁用，跳過配置保存
2025-08-01 11:57:56,472 - VALO360 - DEBUG - 自動保存已禁用，跳過配置保存
2025-08-01 11:57:56,472 - VALO360 - DEBUG - 自動保存已禁用，跳過配置保存
2025-08-01 11:57:56,530 - VALO360 - DEBUG - 找到 2 個COM口: ['COM5', 'COM6']
2025-08-01 11:57:56,995 - VALO360 - DEBUG - 自動保存已禁用，跳過配置保存
2025-08-01 11:57:56,995 - VALO360 - DEBUG - 自動保存已禁用，跳過配置保存
2025-08-01 11:57:56,996 - VALO360 - DEBUG - 自動保存已禁用，跳過配置保存
2025-08-01 11:57:56,996 - VALO360 - DEBUG - 自動保存已禁用，跳過配置保存
2025-08-01 11:57:58,269 - VALO360 - DEBUG - 自動保存已禁用，跳過配置保存
2025-08-01 11:57:58,269 - VALO360 - DEBUG - 自動保存已禁用，跳過配置保存
2025-08-01 11:57:58,271 - VALO360 - DEBUG - 自動保存已禁用，跳過配置保存
2025-08-01 11:57:58,274 - VALO360 - DEBUG - 自動保存已禁用，跳過配置保存
2025-08-01 11:57:58,332 - VALO360 - DEBUG - 找到 2 個COM口: ['COM5', 'COM6']
2025-08-01 11:57:58,688 - VALO360 - DEBUG - 自動保存已禁用，跳過配置保存
2025-08-01 11:57:58,688 - VALO360 - DEBUG - 自動保存已禁用，跳過配置保存
2025-08-01 11:57:58,688 - VALO360 - DEBUG - 自動保存已禁用，跳過配置保存
2025-08-01 11:57:58,688 - VALO360 - DEBUG - 自動保存已禁用，跳過配置保存
2025-08-01 11:58:00,731 - VALO360 - DEBUG - 自動保存已禁用，跳過配置保存
2025-08-01 11:58:00,736 - VALO360 - DEBUG - 自動保存已禁用，跳過配置保存
2025-08-01 11:58:00,736 - VALO360 - DEBUG - 自動保存已禁用，跳過配置保存
2025-08-01 11:58:00,738 - VALO360 - DEBUG - 自動保存已禁用，跳過配置保存
2025-08-01 11:58:00,790 - VALO360 - DEBUG - 找到 2 個COM口: ['COM5', 'COM6']
2025-08-01 11:58:08,209 - VALO360 - DEBUG - 自動保存已禁用，跳過配置保存
2025-08-01 11:58:08,213 - VALO360 - DEBUG - 自動保存已禁用，跳過配置保存
2025-08-01 11:58:08,215 - VALO360 - DEBUG - 自動保存已禁用，跳過配置保存
2025-08-01 11:58:08,215 - VALO360 - DEBUG - 自動保存已禁用，跳過配置保存
2025-08-01 11:58:09,091 - VALO360 - DEBUG - 自動保存已禁用，跳過配置保存
2025-08-01 11:58:09,091 - VALO360 - DEBUG - 自動保存已禁用，跳過配置保存
2025-08-01 11:58:09,091 - VALO360 - DEBUG - 自動保存已禁用，跳過配置保存
2025-08-01 11:58:09,092 - VALO360 - DEBUG - 自動保存已禁用，跳過配置保存
2025-08-01 11:58:09,140 - VALO360 - DEBUG - 找到 2 個COM口: ['COM5', 'COM6']
2025-08-01 11:58:17,079 - VALO360 - DEBUG - 自動保存已禁用，跳過配置保存
2025-08-01 11:58:17,079 - VALO360 - DEBUG - 自動保存已禁用，跳過配置保存
2025-08-01 11:58:17,081 - VALO360 - DEBUG - 自動保存已禁用，跳過配置保存
2025-08-01 11:58:17,081 - VALO360 - DEBUG - 自動保存已禁用，跳過配置保存
2025-08-01 11:58:19,623 - VALO360 - DEBUG - 自動保存已禁用，跳過配置保存
2025-08-01 11:58:19,624 - VALO360 - DEBUG - 自動保存已禁用，跳過配置保存
2025-08-01 11:58:19,624 - VALO360 - DEBUG - 自動保存已禁用，跳過配置保存
2025-08-01 11:58:19,624 - VALO360 - DEBUG - 自動保存已禁用，跳過配置保存
2025-08-01 11:58:21,954 - VALO360 - DEBUG - 自動保存已禁用，跳過配置保存
2025-08-01 11:58:21,955 - VALO360 - DEBUG - 自動保存已禁用，跳過配置保存
2025-08-01 11:58:21,955 - VALO360 - DEBUG - 自動保存已禁用，跳過配置保存
2025-08-01 11:58:21,955 - VALO360 - DEBUG - 自動保存已禁用，跳過配置保存
2025-08-01 11:58:24,521 - VALO360 - DEBUG - 自動保存已禁用，跳過配置保存
2025-08-01 11:58:24,521 - VALO360 - DEBUG - 配置已備份至: backup\setup_backup_20250801_115824.json
2025-08-01 11:58:24,521 - VALO360 - DEBUG - 配置保存成功
2025-08-01 11:58:24,521 - VALO360 - DEBUG - 自動保存已禁用，跳過配置保存
2025-08-01 11:58:24,548 - VALO360 - DEBUG - 自動保存已禁用，跳過配置保存
2025-08-01 11:58:24,548 - VALO360 - DEBUG - 自動保存已禁用，跳過配置保存
2025-08-01 11:58:24,548 - VALO360 - DEBUG - 自動保存已禁用，跳過配置保存
2025-08-01 11:58:24,548 - VALO360 - DEBUG - 自動保存已禁用，跳過配置保存
2025-08-01 11:58:24,593 - VALO360 - DEBUG - 自動保存已禁用，跳過配置保存
2025-08-01 11:58:24,593 - VALO360 - DEBUG - 自動保存已禁用，跳過配置保存
2025-08-01 11:58:24,593 - VALO360 - DEBUG - 自動保存已禁用，跳過配置保存
2025-08-01 11:58:24,593 - VALO360 - DEBUG - 自動保存已禁用，跳過配置保存
2025-08-01 11:58:24,593 - VALO360 - DEBUG - 自動保存已禁用，跳過配置保存
2025-08-01 11:58:24,593 - VALO360 - DEBUG - 自動保存已禁用，跳過配置保存
2025-08-01 11:58:24,600 - VALO360 - DEBUG - 自動保存已禁用，跳過配置保存
2025-08-01 11:58:24,600 - VALO360 - DEBUG - 自動保存已禁用，跳過配置保存
2025-08-01 11:58:24,600 - VALO360 - DEBUG - 自動保存已禁用，跳過配置保存
2025-08-01 11:58:24,602 - VALO360 - DEBUG - 自動保存已禁用，跳過配置保存
2025-08-01 11:58:24,602 - VALO360 - DEBUG - 自動保存已禁用，跳過配置保存
2025-08-01 11:58:24,602 - VALO360 - DEBUG - 自動保存已禁用，跳過配置保存
2025-08-01 11:58:24,606 - VALO360 - DEBUG - 自動保存已禁用，跳過配置保存
2025-08-01 11:58:24,606 - VALO360 - DEBUG - 自動保存已禁用，跳過配置保存
2025-08-01 11:58:24,607 - VALO360 - DEBUG - 自動保存已禁用，跳過配置保存
2025-08-01 11:58:24,607 - VALO360 - DEBUG - 自動保存已禁用，跳過配置保存
2025-08-01 11:58:24,610 - VALO360 - DEBUG - 自動保存已禁用，跳過配置保存
2025-08-01 11:58:24,610 - VALO360 - DEBUG - 自動保存已禁用，跳過配置保存
2025-08-01 11:58:24,611 - VALO360 - DEBUG - 自動保存已禁用，跳過配置保存
2025-08-01 11:58:24,611 - VALO360 - DEBUG - 自動保存已禁用，跳過配置保存
2025-08-01 11:58:24,616 - VALO360 - DEBUG - 自動保存已禁用，跳過配置保存
2025-08-01 11:58:24,616 - VALO360 - DEBUG - 自動保存已禁用，跳過配置保存
2025-08-01 11:58:24,616 - VALO360 - DEBUG - 自動保存已禁用，跳過配置保存
2025-08-01 11:58:24,616 - VALO360 - DEBUG - 自動保存已禁用，跳過配置保存
2025-08-01 11:58:24,618 - VALO360 - DEBUG - 自動保存已禁用，跳過配置保存
2025-08-01 11:58:24,618 - VALO360 - DEBUG - 自動保存已禁用，跳過配置保存
2025-08-01 11:58:24,618 - VALO360 - DEBUG - 自動保存已禁用，跳過配置保存
2025-08-01 11:58:24,619 - VALO360 - DEBUG - 自動保存已禁用，跳過配置保存
2025-08-01 11:58:24,621 - VALO360 - DEBUG - 自動保存已禁用，跳過配置保存
2025-08-01 11:58:24,621 - VALO360 - DEBUG - 自動保存已禁用，跳過配置保存
2025-08-01 11:58:24,621 - VALO360 - DEBUG - 自動保存已禁用，跳過配置保存
2025-08-01 11:58:24,621 - VALO360 - DEBUG - 自動保存已禁用，跳過配置保存
2025-08-01 11:58:24,624 - VALO360 - DEBUG - 自動保存已禁用，跳過配置保存
2025-08-01 11:58:24,624 - VALO360 - DEBUG - 自動保存已禁用，跳過配置保存
2025-08-01 11:58:24,624 - VALO360 - DEBUG - 自動保存已禁用，跳過配置保存
2025-08-01 11:58:24,625 - VALO360 - DEBUG - 自動保存已禁用，跳過配置保存
2025-08-01 11:58:24,639 - VALO360 - DEBUG - 自動保存已禁用，跳過配置保存
2025-08-01 11:58:24,639 - VALO360 - DEBUG - 自動保存已禁用，跳過配置保存
2025-08-01 11:58:24,640 - VALO360 - DEBUG - 自動保存已禁用，跳過配置保存
2025-08-01 11:58:24,640 - VALO360 - DEBUG - 自動保存已禁用，跳過配置保存
2025-08-01 11:58:24,641 - VALO360 - DEBUG - 自動保存已禁用，跳過配置保存
2025-08-01 11:58:24,641 - VALO360 - DEBUG - 自動保存已禁用，跳過配置保存
2025-08-01 11:58:24,641 - VALO360 - DEBUG - 自動保存已禁用，跳過配置保存
2025-08-01 11:58:24,643 - VALO360 - DEBUG - 自動保存已禁用，跳過配置保存
2025-08-01 11:58:24,643 - VALO360 - DEBUG - 自動保存已禁用，跳過配置保存
2025-08-01 11:58:24,643 - VALO360 - DEBUG - 自動保存已禁用，跳過配置保存
2025-08-01 11:58:24,643 - VALO360 - DEBUG - 自動保存已禁用，跳過配置保存
2025-08-01 11:58:24,644 - VALO360 - DEBUG - 自動保存已禁用，跳過配置保存
2025-08-01 11:58:24,644 - VALO360 - DEBUG - 自動保存已禁用，跳過配置保存
2025-08-01 11:58:24,644 - VALO360 - DEBUG - 自動保存已禁用，跳過配置保存
2025-08-01 11:58:24,645 - VALO360 - DEBUG - 自動保存已禁用，跳過配置保存
2025-08-01 11:58:24,645 - VALO360 - DEBUG - 自動保存已禁用，跳過配置保存
2025-08-01 11:58:24,652 - VALO360 - DEBUG - 自動保存已禁用，跳過配置保存
2025-08-01 11:58:24,652 - VALO360 - DEBUG - 自動保存已禁用，跳過配置保存
2025-08-01 11:58:24,652 - VALO360 - DEBUG - 自動保存已禁用，跳過配置保存
2025-08-01 11:58:24,652 - VALO360 - DEBUG - 自動保存已禁用，跳過配置保存
2025-08-01 11:58:24,653 - VALO360 - DEBUG - 自動保存已禁用，跳過配置保存
2025-08-01 11:58:24,655 - VALO360 - DEBUG - 自動保存已禁用，跳過配置保存
2025-08-01 11:58:24,655 - VALO360 - DEBUG - 自動保存已禁用，跳過配置保存
2025-08-01 11:58:24,655 - VALO360 - DEBUG - 自動保存已禁用，跳過配置保存
2025-08-01 11:58:24,677 - VALO360 - DEBUG - 自動保存已禁用，跳過配置保存
2025-08-01 11:58:24,677 - VALO360 - DEBUG - 自動保存已禁用，跳過配置保存
2025-08-01 11:58:24,678 - VALO360 - DEBUG - 自動保存已禁用，跳過配置保存
2025-08-01 11:58:24,678 - VALO360 - DEBUG - 自動保存已禁用，跳過配置保存
2025-08-01 11:58:24,679 - VALO360 - DEBUG - 自動保存已禁用，跳過配置保存
2025-08-01 11:58:24,679 - VALO360 - DEBUG - 自動保存已禁用，跳過配置保存
2025-08-01 11:58:24,679 - VALO360 - DEBUG - 自動保存已禁用，跳過配置保存
2025-08-01 11:58:24,680 - VALO360 - DEBUG - 自動保存已禁用，跳過配置保存
2025-08-01 11:58:24,680 - VALO360 - DEBUG - 自動保存已禁用，跳過配置保存
2025-08-01 11:58:24,682 - VALO360 - DEBUG - 自動保存已禁用，跳過配置保存
2025-08-01 11:58:24,682 - VALO360 - DEBUG - 自動保存已禁用，跳過配置保存
2025-08-01 11:58:24,682 - VALO360 - DEBUG - 自動保存已禁用，跳過配置保存
2025-08-01 11:58:24,683 - VALO360 - DEBUG - 自動保存已禁用，跳過配置保存
2025-08-01 11:58:24,683 - VALO360 - DEBUG - 自動保存已禁用，跳過配置保存
2025-08-01 11:58:24,684 - VALO360 - DEBUG - 自動保存已禁用，跳過配置保存
2025-08-01 11:58:24,684 - VALO360 - DEBUG - 自動保存已禁用，跳過配置保存
2025-08-01 11:58:24,685 - VALO360 - DEBUG - 自動保存已禁用，跳過配置保存
2025-08-01 11:58:24,685 - VALO360 - DEBUG - 自動保存已禁用，跳過配置保存
2025-08-01 11:58:24,686 - VALO360 - DEBUG - 自動保存已禁用，跳過配置保存
2025-08-01 11:58:24,686 - VALO360 - DEBUG - 自動保存已禁用，跳過配置保存
2025-08-01 11:58:24,687 - VALO360 - DEBUG - 自動保存已禁用，跳過配置保存
2025-08-01 11:58:24,687 - VALO360 - DEBUG - 自動保存已禁用，跳過配置保存
2025-08-01 11:58:24,687 - VALO360 - DEBUG - 自動保存已禁用，跳過配置保存
2025-08-01 11:58:24,688 - VALO360 - DEBUG - 自動保存已禁用，跳過配置保存
2025-08-01 11:58:24,693 - VALO360 - DEBUG - 自動保存已禁用，跳過配置保存
2025-08-01 11:58:24,693 - VALO360 - DEBUG - 自動保存已禁用，跳過配置保存
2025-08-01 11:58:24,695 - VALO360 - DEBUG - 自動保存已禁用，跳過配置保存
2025-08-01 11:58:24,695 - VALO360 - DEBUG - 自動保存已禁用，跳過配置保存
2025-08-01 11:58:24,695 - VALO360 - DEBUG - 自動保存已禁用，跳過配置保存
2025-08-01 11:58:24,695 - VALO360 - DEBUG - 自動保存已禁用，跳過配置保存
2025-08-01 11:58:24,695 - VALO360 - DEBUG - 自動保存已禁用，跳過配置保存
2025-08-01 11:58:24,695 - VALO360 - DEBUG - 自動保存已禁用，跳過配置保存
2025-08-01 11:58:24,695 - VALO360 - DEBUG - 自動保存已禁用，跳過配置保存
2025-08-01 11:58:24,695 - VALO360 - DEBUG - 自動保存已禁用，跳過配置保存
2025-08-01 11:58:24,695 - VALO360 - DEBUG - 自動保存已禁用，跳過配置保存
2025-08-01 11:58:24,695 - VALO360 - DEBUG - 自動保存已禁用，跳過配置保存
2025-08-01 11:58:24,695 - VALO360 - DEBUG - 自動保存已禁用，跳過配置保存
2025-08-01 11:58:24,695 - VALO360 - DEBUG - 自動保存已禁用，跳過配置保存
2025-08-01 11:58:24,695 - VALO360 - DEBUG - 自動保存已禁用，跳過配置保存
2025-08-01 11:58:24,695 - VALO360 - DEBUG - 自動保存已禁用，跳過配置保存
2025-08-01 11:58:24,703 - VALO360 - DEBUG - 自動保存已禁用，跳過配置保存
2025-08-01 11:58:24,703 - VALO360 - DEBUG - 自動保存已禁用，跳過配置保存
2025-08-01 11:58:24,703 - VALO360 - DEBUG - 自動保存已禁用，跳過配置保存
2025-08-01 11:58:24,703 - VALO360 - DEBUG - 自動保存已禁用，跳過配置保存
2025-08-01 11:58:24,704 - VALO360 - DEBUG - 自動保存已禁用，跳過配置保存
2025-08-01 11:58:24,704 - VALO360 - DEBUG - 自動保存已禁用，跳過配置保存
2025-08-01 11:58:24,704 - VALO360 - DEBUG - 自動保存已禁用，跳過配置保存
2025-08-01 11:58:24,706 - VALO360 - DEBUG - 自動保存已禁用，跳過配置保存
2025-08-01 11:58:24,716 - VALO360 - DEBUG - 找到 2 個COM口: ['COM5', 'COM6']
2025-08-01 11:58:31,081 - VALO360 - DEBUG - 自動保存已禁用，跳過配置保存
2025-08-01 11:58:31,081 - VALO360 - DEBUG - 自動保存已禁用，跳過配置保存
2025-08-01 11:58:31,081 - VALO360 - DEBUG - 自動保存已禁用，跳過配置保存
2025-08-01 11:58:31,082 - VALO360 - DEBUG - 自動保存已禁用，跳過配置保存
2025-08-01 11:58:32,202 - VALO360 - DEBUG - 自動保存已禁用，跳過配置保存
2025-08-01 11:58:32,203 - VALO360 - DEBUG - 自動保存已禁用，跳過配置保存
2025-08-01 11:58:32,203 - VALO360 - DEBUG - 自動保存已禁用，跳過配置保存
2025-08-01 11:58:32,203 - VALO360 - DEBUG - 自動保存已禁用，跳過配置保存
2025-08-01 11:58:32,254 - VALO360 - DEBUG - 找到 2 個COM口: ['COM5', 'COM6']
2025-08-01 11:58:33,137 - VALO360 - DEBUG - 自動保存已禁用，跳過配置保存
2025-08-01 11:58:33,138 - VALO360 - DEBUG - 自動保存已禁用，跳過配置保存
2025-08-01 11:58:33,138 - VALO360 - DEBUG - 自動保存已禁用，跳過配置保存
2025-08-01 11:58:33,139 - VALO360 - DEBUG - 自動保存已禁用，跳過配置保存
2025-08-01 11:58:33,969 - VALO360 - DEBUG - 自動保存已禁用，跳過配置保存
2025-08-01 11:58:33,969 - VALO360 - DEBUG - 自動保存已禁用，跳過配置保存
2025-08-01 11:58:33,970 - VALO360 - DEBUG - 自動保存已禁用，跳過配置保存
2025-08-01 11:58:33,970 - VALO360 - DEBUG - 自動保存已禁用，跳過配置保存
2025-08-01 11:58:34,017 - VALO360 - DEBUG - 找到 2 個COM口: ['COM5', 'COM6']
2025-08-01 11:58:39,759 - VALO360 - DEBUG - 自動保存已禁用，跳過配置保存
2025-08-01 11:58:39,759 - VALO360 - DEBUG - 自動保存已禁用，跳過配置保存
2025-08-01 11:58:39,759 - VALO360 - DEBUG - 自動保存已禁用，跳過配置保存
2025-08-01 11:58:39,760 - VALO360 - DEBUG - 自動保存已禁用，跳過配置保存
2025-08-01 11:58:39,766 - VALO360 - DEBUG - 自動保存已禁用，跳過配置保存
2025-08-01 11:58:39,768 - VALO360 - DEBUG - 自動保存已禁用，跳過配置保存
2025-08-01 11:58:39,769 - VALO360 - DEBUG - 自動保存已禁用，跳過配置保存
2025-08-01 11:58:39,769 - VALO360 - DEBUG - 自動保存已禁用，跳過配置保存
2025-08-01 11:58:40,302 - VALO360 - DEBUG - 自動保存已禁用，跳過配置保存
2025-08-01 11:58:40,302 - VALO360 - DEBUG - 自動保存已禁用，跳過配置保存
2025-08-01 11:58:40,303 - VALO360 - DEBUG - 自動保存已禁用，跳過配置保存
2025-08-01 11:58:40,304 - VALO360 - DEBUG - 自動保存已禁用，跳過配置保存
2025-08-01 11:58:40,742 - VALO360 - DEBUG - 自動保存已禁用，跳過配置保存
2025-08-01 11:58:40,742 - VALO360 - DEBUG - 自動保存已禁用，跳過配置保存
2025-08-01 11:58:40,742 - VALO360 - DEBUG - 自動保存已禁用，跳過配置保存
2025-08-01 11:58:40,742 - VALO360 - DEBUG - 自動保存已禁用，跳過配置保存
2025-08-01 11:58:41,125 - VALO360 - DEBUG - 自動保存已禁用，跳過配置保存
2025-08-01 11:58:41,125 - VALO360 - DEBUG - 自動保存已禁用，跳過配置保存
2025-08-01 11:58:41,125 - VALO360 - DEBUG - 自動保存已禁用，跳過配置保存
2025-08-01 11:58:41,126 - VALO360 - DEBUG - 自動保存已禁用，跳過配置保存
2025-08-01 11:58:41,509 - VALO360 - DEBUG - 自動保存已禁用，跳過配置保存
2025-08-01 11:58:41,509 - VALO360 - DEBUG - 自動保存已禁用，跳過配置保存
2025-08-01 11:58:41,509 - VALO360 - DEBUG - 自動保存已禁用，跳過配置保存
2025-08-01 11:58:41,509 - VALO360 - DEBUG - 自動保存已禁用，跳過配置保存
2025-08-01 11:58:41,556 - VALO360 - DEBUG - 找到 2 個COM口: ['COM5', 'COM6']
2025-08-01 11:58:42,133 - VALO360 - DEBUG - 自動保存已禁用，跳過配置保存
2025-08-01 11:58:42,133 - VALO360 - DEBUG - 自動保存已禁用，跳過配置保存
2025-08-01 11:58:42,133 - VALO360 - DEBUG - 自動保存已禁用，跳過配置保存
2025-08-01 11:58:42,133 - VALO360 - DEBUG - 自動保存已禁用，跳過配置保存
2025-08-01 11:58:42,485 - VALO360 - DEBUG - 自動保存已禁用，跳過配置保存
2025-08-01 11:58:42,485 - VALO360 - DEBUG - 自動保存已禁用，跳過配置保存
2025-08-01 11:58:42,485 - VALO360 - DEBUG - 自動保存已禁用，跳過配置保存
2025-08-01 11:58:42,485 - VALO360 - DEBUG - 自動保存已禁用，跳過配置保存
2025-08-01 11:58:42,877 - VALO360 - DEBUG - 自動保存已禁用，跳過配置保存
2025-08-01 11:58:42,877 - VALO360 - DEBUG - 自動保存已禁用，跳過配置保存
2025-08-01 11:58:42,877 - VALO360 - DEBUG - 自動保存已禁用，跳過配置保存
2025-08-01 11:58:42,877 - VALO360 - DEBUG - 自動保存已禁用，跳過配置保存
2025-08-01 11:58:43,310 - VALO360 - DEBUG - 自動保存已禁用，跳過配置保存
2025-08-01 11:58:43,310 - VALO360 - DEBUG - 自動保存已禁用，跳過配置保存
2025-08-01 11:58:43,319 - VALO360 - DEBUG - 自動保存已禁用，跳過配置保存
2025-08-01 11:58:43,319 - VALO360 - DEBUG - 自動保存已禁用，跳過配置保存
2025-08-01 11:58:44,144 - VALO360 - DEBUG - 自動保存已禁用，跳過配置保存
2025-08-01 11:58:44,144 - VALO360 - DEBUG - 自動保存已禁用，跳過配置保存
2025-08-01 11:58:44,150 - VALO360 - DEBUG - 自動保存已禁用，跳過配置保存
2025-08-01 11:58:44,151 - VALO360 - DEBUG - 自動保存已禁用，跳過配置保存
2025-08-01 11:58:44,198 - VALO360 - DEBUG - 找到 2 個COM口: ['COM5', 'COM6']
2025-08-01 11:58:52,625 - VALO360 - DEBUG - 自動保存已禁用，跳過配置保存
2025-08-01 11:58:52,625 - VALO360 - DEBUG - 自動保存已禁用，跳過配置保存
2025-08-01 11:58:52,625 - VALO360 - DEBUG - 自動保存已禁用，跳過配置保存
2025-08-01 11:58:52,627 - VALO360 - DEBUG - 自動保存已禁用，跳過配置保存
2025-08-01 11:58:54,343 - VALO360 - DEBUG - 自動保存已禁用，跳過配置保存
2025-08-01 11:58:54,343 - VALO360 - DEBUG - 自動保存已禁用，跳過配置保存
2025-08-01 11:58:54,345 - VALO360 - DEBUG - 自動保存已禁用，跳過配置保存
2025-08-01 11:58:54,345 - VALO360 - DEBUG - 自動保存已禁用，跳過配置保存
2025-08-01 11:58:54,429 - VALO360 - DEBUG - 找到 2 個COM口: ['COM5', 'COM6']
2025-08-01 11:58:54,783 - VALO360 - DEBUG - 自動保存已禁用，跳過配置保存
2025-08-01 11:58:54,783 - VALO360 - DEBUG - 自動保存已禁用，跳過配置保存
2025-08-01 11:58:54,785 - VALO360 - DEBUG - 自動保存已禁用，跳過配置保存
2025-08-01 11:58:54,785 - VALO360 - DEBUG - 自動保存已禁用，跳過配置保存
2025-08-01 11:58:55,160 - VALO360 - DEBUG - 自動保存已禁用，跳過配置保存
2025-08-01 11:58:55,160 - VALO360 - DEBUG - 自動保存已禁用，跳過配置保存
2025-08-01 11:58:55,160 - VALO360 - DEBUG - 自動保存已禁用，跳過配置保存
2025-08-01 11:58:55,160 - VALO360 - DEBUG - 自動保存已禁用，跳過配置保存
2025-08-01 11:58:56,446 - VALO360 - DEBUG - 自動保存已禁用，跳過配置保存
2025-08-01 11:58:56,447 - VALO360 - DEBUG - 自動保存已禁用，跳過配置保存
2025-08-01 11:58:56,448 - VALO360 - DEBUG - 自動保存已禁用，跳過配置保存
2025-08-01 11:58:56,448 - VALO360 - DEBUG - 自動保存已禁用，跳過配置保存
2025-08-01 11:58:56,893 - VALO360 - DEBUG - 自動保存已禁用，跳過配置保存
2025-08-01 11:58:56,895 - VALO360 - DEBUG - 自動保存已禁用，跳過配置保存
2025-08-01 11:58:56,895 - VALO360 - DEBUG - 自動保存已禁用，跳過配置保存
2025-08-01 11:58:56,895 - VALO360 - DEBUG - 自動保存已禁用，跳過配置保存
2025-08-01 11:58:57,646 - VALO360 - DEBUG - 自動保存已禁用，跳過配置保存
2025-08-01 11:58:57,646 - VALO360 - DEBUG - 自動保存已禁用，跳過配置保存
2025-08-01 11:58:57,646 - VALO360 - DEBUG - 自動保存已禁用，跳過配置保存
2025-08-01 11:58:57,646 - VALO360 - DEBUG - 自動保存已禁用，跳過配置保存
2025-08-01 11:58:57,700 - VALO360 - DEBUG - 找到 2 個COM口: ['COM5', 'COM6']
2025-08-01 11:59:55,452 - VALO360 - DEBUG - 自動保存已禁用，跳過配置保存
2025-08-01 11:59:55,452 - VALO360 - DEBUG - 自動保存已禁用，跳過配置保存
2025-08-01 11:59:55,453 - VALO360 - DEBUG - 自動保存已禁用，跳過配置保存
2025-08-01 11:59:55,453 - VALO360 - DEBUG - 自動保存已禁用，跳過配置保存
2025-08-01 12:00:00,468 - VALO360 - DEBUG - 自動保存已禁用，跳過配置保存
2025-08-01 12:00:00,468 - VALO360 - DEBUG - 自動保存已禁用，跳過配置保存
2025-08-01 12:00:00,468 - VALO360 - DEBUG - 自動保存已禁用，跳過配置保存
2025-08-01 12:00:00,469 - VALO360 - DEBUG - 自動保存已禁用，跳過配置保存
2025-08-01 12:00:00,891 - VALO360 - DEBUG - 自動保存已禁用，跳過配置保存
2025-08-01 12:00:00,892 - VALO360 - DEBUG - 自動保存已禁用，跳過配置保存
2025-08-01 12:00:00,892 - VALO360 - DEBUG - 自動保存已禁用，跳過配置保存
2025-08-01 12:00:00,893 - VALO360 - DEBUG - 自動保存已禁用，跳過配置保存
2025-08-01 12:00:01,332 - VALO360 - DEBUG - 自動保存已禁用，跳過配置保存
2025-08-01 12:00:01,333 - VALO360 - DEBUG - 自動保存已禁用，跳過配置保存
2025-08-01 12:00:01,333 - VALO360 - DEBUG - 自動保存已禁用，跳過配置保存
2025-08-01 12:00:01,334 - VALO360 - DEBUG - 自動保存已禁用，跳過配置保存
2025-08-01 12:00:01,382 - VALO360 - DEBUG - 找到 2 個COM口: ['COM5', 'COM6']
2025-08-01 12:00:01,812 - VALO360 - DEBUG - 自動保存已禁用，跳過配置保存
2025-08-01 12:00:01,812 - VALO360 - DEBUG - 自動保存已禁用，跳過配置保存
2025-08-01 12:00:01,813 - VALO360 - DEBUG - 自動保存已禁用，跳過配置保存
2025-08-01 12:00:01,813 - VALO360 - DEBUG - 自動保存已禁用，跳過配置保存
2025-08-01 12:00:02,194 - VALO360 - DEBUG - 自動保存已禁用，跳過配置保存
2025-08-01 12:00:02,195 - VALO360 - DEBUG - 自動保存已禁用，跳過配置保存
2025-08-01 12:00:02,195 - VALO360 - DEBUG - 自動保存已禁用，跳過配置保存
2025-08-01 12:00:02,197 - VALO360 - DEBUG - 自動保存已禁用，跳過配置保存
2025-08-01 12:00:02,710 - VALO360 - DEBUG - 自動保存已禁用，跳過配置保存
2025-08-01 12:00:02,711 - VALO360 - DEBUG - 自動保存已禁用，跳過配置保存
2025-08-01 12:00:02,712 - VALO360 - DEBUG - 自動保存已禁用，跳過配置保存
2025-08-01 12:00:02,712 - VALO360 - DEBUG - 自動保存已禁用，跳過配置保存
2025-08-01 12:00:03,514 - VALO360 - DEBUG - 自動保存已禁用，跳過配置保存
2025-08-01 12:00:03,514 - VALO360 - DEBUG - 自動保存已禁用，跳過配置保存
2025-08-01 12:00:03,514 - VALO360 - DEBUG - 自動保存已禁用，跳過配置保存
2025-08-01 12:00:03,514 - VALO360 - DEBUG - 自動保存已禁用，跳過配置保存
2025-08-01 12:00:06,481 - VALO360 - DEBUG - 配置已備份至: backup\setup_backup_20250801_120006.json
2025-08-01 12:00:06,483 - VALO360 - DEBUG - 配置保存成功
2025-08-01 12:00:06,484 - VALO360 - DEBUG - 配置已備份至: backup\setup_backup_20250801_120006.json
2025-08-01 12:00:06,485 - VALO360 - DEBUG - 配置保存成功
2025-08-01 12:00:06,486 - VALO360 - DEBUG - 自動保存已禁用，跳過配置保存
2025-08-01 12:00:06,486 - VALO360 - INFO - 程式關閉時已保存所有待保存的設定
2025-08-01 12:00:06,486 - VALO360 - INFO - 程式正常關閉
2025-08-01 12:00:06,569 - VALO360 - INFO - 資源清理完成
2025-08-01 12:00:06,569 - VALO360 - INFO - 應用程式資源清理完成
2025-08-01 12:27:23,200 - VALO360 - DEBUG - 找到指令檔: D:\((Python TOOL\指令工具-20250428T020034Z-001\CODE_HERE2\dist\Command_TABLE\command.txt
2025-08-01 12:27:23,240 - VALO360 - INFO - 成功載入 94 個指令
2025-08-01 12:27:23,250 - VALO360 - INFO - 運行日誌: main.py 啟動
2025-08-01 12:27:23,250 - VALO360 - INFO - 指令通主程式啟動
2025-08-01 12:27:23,250 - VALO360 - INFO - 運行日誌: 成功 import TabManager
2025-08-01 12:27:23,250 - VALO360 - INFO - UI模組導入成功
2025-08-01 12:27:23,250 - VALO360 - INFO - 日誌系統初始化完成
2025-08-01 12:27:23,250 - VALO360 - DEBUG - ConfigManager: 自動保存已禁用
2025-08-01 12:27:23,250 - VALO360 - INFO - ConfigManager自動保存已禁用
2025-08-01 12:27:23,250 - VALO360 - INFO - 未找到關鍵字高亮設定文件，使用空設定
2025-08-01 12:27:23,453 - VALO360 - DEBUG - 配置已備份至: backup\setup_backup_20250801_122723.json
2025-08-01 12:27:23,453 - VALO360 - DEBUG - 配置載入成功
2025-08-01 12:27:23,456 - VALO360 - INFO - 統一設定管理器已初始化
2025-08-01 12:27:24,061 - VALO360 - DEBUG - 找到 2 個COM口: ['COM5', 'COM6']
2025-08-01 12:27:25,326 - VALO360 - INFO - 視窗設置完成: 指令通_1,7.8 (1522x716)
2025-08-01 12:27:25,326 - VALO360 - INFO - 程式啟動時更新標籤頁名稱
2025-08-01 12:27:25,328 - VALO360 - INFO - 應用程式啟動完成，進入主循環
2025-08-01 12:27:25,330 - VALO360 - DEBUG - 找到 2 個COM口: ['COM5', 'COM6']
2025-08-01 12:27:25,378 - VALO360 - DEBUG - 自動保存已禁用，跳過配置保存
2025-08-01 12:27:25,378 - VALO360 - DEBUG - 自動保存已禁用，跳過配置保存
2025-08-01 12:27:25,378 - VALO360 - DEBUG - 自動保存已禁用，跳過配置保存
2025-08-01 12:27:25,378 - VALO360 - DEBUG - 自動保存已禁用，跳過配置保存
2025-08-01 12:27:25,378 - VALO360 - DEBUG - 自動保存已禁用，跳過配置保存
2025-08-01 12:27:25,378 - VALO360 - DEBUG - 自動保存已禁用，跳過配置保存
2025-08-01 12:27:25,378 - VALO360 - DEBUG - 自動保存已禁用，跳過配置保存
2025-08-01 12:27:25,381 - VALO360 - DEBUG - 自動保存已禁用，跳過配置保存
2025-08-01 12:27:25,383 - VALO360 - DEBUG - 自動保存已禁用，跳過配置保存
2025-08-01 12:27:25,383 - VALO360 - DEBUG - 自動保存已禁用，跳過配置保存
2025-08-01 12:27:25,383 - VALO360 - DEBUG - 自動保存已禁用，跳過配置保存
2025-08-01 12:27:25,385 - VALO360 - DEBUG - 自動保存已禁用，跳過配置保存
2025-08-01 12:27:25,385 - VALO360 - DEBUG - 自動保存已禁用，跳過配置保存
2025-08-01 12:27:25,385 - VALO360 - DEBUG - 自動保存已禁用，跳過配置保存
2025-08-01 12:27:25,385 - VALO360 - DEBUG - 自動保存已禁用，跳過配置保存
2025-08-01 12:27:25,385 - VALO360 - DEBUG - 自動保存已禁用，跳過配置保存
2025-08-01 12:27:25,385 - VALO360 - DEBUG - 自動保存已禁用，跳過配置保存
2025-08-01 12:27:25,385 - VALO360 - DEBUG - 自動保存已禁用，跳過配置保存
2025-08-01 12:27:25,385 - VALO360 - DEBUG - 自動保存已禁用，跳過配置保存
2025-08-01 12:27:25,385 - VALO360 - DEBUG - 自動保存已禁用，跳過配置保存
2025-08-01 12:27:25,389 - VALO360 - DEBUG - 自動保存已禁用，跳過配置保存
2025-08-01 12:27:25,389 - VALO360 - DEBUG - 自動保存已禁用，跳過配置保存
2025-08-01 12:27:25,389 - VALO360 - DEBUG - 自動保存已禁用，跳過配置保存
2025-08-01 12:27:25,390 - VALO360 - DEBUG - 自動保存已禁用，跳過配置保存
2025-08-01 12:27:25,391 - VALO360 - DEBUG - 自動保存已禁用，跳過配置保存
2025-08-01 12:27:25,392 - VALO360 - DEBUG - 自動保存已禁用，跳過配置保存
2025-08-01 12:27:25,392 - VALO360 - DEBUG - 自動保存已禁用，跳過配置保存
2025-08-01 12:27:25,392 - VALO360 - DEBUG - 自動保存已禁用，跳過配置保存
2025-08-01 12:27:25,392 - VALO360 - DEBUG - 自動保存已禁用，跳過配置保存
2025-08-01 12:27:25,395 - VALO360 - DEBUG - 自動保存已禁用，跳過配置保存
2025-08-01 12:27:25,395 - VALO360 - DEBUG - 自動保存已禁用，跳過配置保存
2025-08-01 12:27:25,395 - VALO360 - DEBUG - 自動保存已禁用，跳過配置保存
2025-08-01 12:27:25,395 - VALO360 - DEBUG - 自動保存已禁用，跳過配置保存
2025-08-01 12:27:25,398 - VALO360 - DEBUG - 自動保存已禁用，跳過配置保存
2025-08-01 12:27:25,398 - VALO360 - DEBUG - 自動保存已禁用，跳過配置保存
2025-08-01 12:27:25,398 - VALO360 - DEBUG - 自動保存已禁用，跳過配置保存
2025-08-01 12:27:25,400 - VALO360 - DEBUG - 自動保存已禁用，跳過配置保存
2025-08-01 12:27:25,400 - VALO360 - DEBUG - 自動保存已禁用，跳過配置保存
2025-08-01 12:27:25,400 - VALO360 - DEBUG - 自動保存已禁用，跳過配置保存
2025-08-01 12:27:25,400 - VALO360 - DEBUG - 自動保存已禁用，跳過配置保存
2025-08-01 12:27:25,402 - VALO360 - DEBUG - 自動保存已禁用，跳過配置保存
2025-08-01 12:27:25,402 - VALO360 - DEBUG - 自動保存已禁用，跳過配置保存
2025-08-01 12:27:25,402 - VALO360 - DEBUG - 自動保存已禁用，跳過配置保存
2025-08-01 12:27:25,402 - VALO360 - DEBUG - 自動保存已禁用，跳過配置保存
2025-08-01 12:27:25,402 - VALO360 - DEBUG - 自動保存已禁用，跳過配置保存
2025-08-01 12:27:25,406 - VALO360 - DEBUG - 自動保存已禁用，跳過配置保存
2025-08-01 12:27:25,406 - VALO360 - DEBUG - 自動保存已禁用，跳過配置保存
2025-08-01 12:27:25,406 - VALO360 - DEBUG - 自動保存已禁用，跳過配置保存
2025-08-01 12:27:25,407 - VALO360 - DEBUG - 自動保存已禁用，跳過配置保存
2025-08-01 12:27:25,408 - VALO360 - DEBUG - 自動保存已禁用，跳過配置保存
2025-08-01 12:27:25,408 - VALO360 - DEBUG - 自動保存已禁用，跳過配置保存
2025-08-01 12:27:25,408 - VALO360 - DEBUG - 自動保存已禁用，跳過配置保存
2025-08-01 12:27:25,410 - VALO360 - DEBUG - 自動保存已禁用，跳過配置保存
2025-08-01 12:27:25,410 - VALO360 - DEBUG - 自動保存已禁用，跳過配置保存
2025-08-01 12:27:25,410 - VALO360 - DEBUG - 自動保存已禁用，跳過配置保存
2025-08-01 12:27:25,410 - VALO360 - DEBUG - 自動保存已禁用，跳過配置保存
2025-08-01 12:27:25,413 - VALO360 - DEBUG - 自動保存已禁用，跳過配置保存
2025-08-01 12:27:25,415 - VALO360 - DEBUG - 自動保存已禁用，跳過配置保存
2025-08-01 12:27:25,415 - VALO360 - DEBUG - 自動保存已禁用，跳過配置保存
2025-08-01 12:27:25,415 - VALO360 - DEBUG - 自動保存已禁用，跳過配置保存
2025-08-01 12:27:25,417 - VALO360 - DEBUG - 自動保存已禁用，跳過配置保存
2025-08-01 12:27:25,418 - VALO360 - DEBUG - 自動保存已禁用，跳過配置保存
2025-08-01 12:27:25,418 - VALO360 - DEBUG - 自動保存已禁用，跳過配置保存
2025-08-01 12:27:25,418 - VALO360 - DEBUG - 自動保存已禁用，跳過配置保存
2025-08-01 12:27:25,420 - VALO360 - DEBUG - 自動保存已禁用，跳過配置保存
2025-08-01 12:27:25,420 - VALO360 - DEBUG - 自動保存已禁用，跳過配置保存
2025-08-01 12:27:25,421 - VALO360 - DEBUG - 自動保存已禁用，跳過配置保存
2025-08-01 12:27:25,421 - VALO360 - DEBUG - 自動保存已禁用，跳過配置保存
2025-08-01 12:27:25,423 - VALO360 - DEBUG - 自動保存已禁用，跳過配置保存
2025-08-01 12:27:25,423 - VALO360 - DEBUG - 自動保存已禁用，跳過配置保存
2025-08-01 12:27:25,423 - VALO360 - DEBUG - 自動保存已禁用，跳過配置保存
2025-08-01 12:27:25,424 - VALO360 - DEBUG - 自動保存已禁用，跳過配置保存
2025-08-01 12:27:25,425 - VALO360 - DEBUG - 自動保存已禁用，跳過配置保存
2025-08-01 12:27:25,425 - VALO360 - DEBUG - 自動保存已禁用，跳過配置保存
2025-08-01 12:27:25,425 - VALO360 - DEBUG - 自動保存已禁用，跳過配置保存
2025-08-01 12:27:25,426 - VALO360 - DEBUG - 自動保存已禁用，跳過配置保存
2025-08-01 12:27:25,426 - VALO360 - DEBUG - 自動保存已禁用，跳過配置保存
2025-08-01 12:27:25,427 - VALO360 - DEBUG - 自動保存已禁用，跳過配置保存
2025-08-01 12:27:25,427 - VALO360 - DEBUG - 自動保存已禁用，跳過配置保存
2025-08-01 12:27:25,427 - VALO360 - DEBUG - 自動保存已禁用，跳過配置保存
2025-08-01 12:27:25,428 - VALO360 - DEBUG - 自動保存已禁用，跳過配置保存
2025-08-01 12:27:25,428 - VALO360 - DEBUG - 自動保存已禁用，跳過配置保存
2025-08-01 12:27:25,428 - VALO360 - DEBUG - 自動保存已禁用，跳過配置保存
2025-08-01 12:27:25,428 - VALO360 - DEBUG - 自動保存已禁用，跳過配置保存
2025-08-01 12:27:25,431 - VALO360 - DEBUG - 自動保存已禁用，跳過配置保存
2025-08-01 12:27:25,431 - VALO360 - DEBUG - 自動保存已禁用，跳過配置保存
2025-08-01 12:27:25,431 - VALO360 - DEBUG - 自動保存已禁用，跳過配置保存
2025-08-01 12:27:25,432 - VALO360 - DEBUG - 自動保存已禁用，跳過配置保存
2025-08-01 12:27:25,433 - VALO360 - DEBUG - 自動保存已禁用，跳過配置保存
2025-08-01 12:27:25,433 - VALO360 - DEBUG - 自動保存已禁用，跳過配置保存
2025-08-01 12:27:25,434 - VALO360 - DEBUG - 自動保存已禁用，跳過配置保存
2025-08-01 12:27:25,434 - VALO360 - DEBUG - 自動保存已禁用，跳過配置保存
2025-08-01 12:27:25,435 - VALO360 - DEBUG - 自動保存已禁用，跳過配置保存
2025-08-01 12:27:25,435 - VALO360 - DEBUG - 自動保存已禁用，跳過配置保存
2025-08-01 12:27:25,435 - VALO360 - DEBUG - 自動保存已禁用，跳過配置保存
2025-08-01 12:27:25,436 - VALO360 - DEBUG - 自動保存已禁用，跳過配置保存
2025-08-01 12:27:25,436 - VALO360 - DEBUG - 自動保存已禁用，跳過配置保存
2025-08-01 12:27:25,437 - VALO360 - DEBUG - 自動保存已禁用，跳過配置保存
2025-08-01 12:27:25,437 - VALO360 - DEBUG - 自動保存已禁用，跳過配置保存
2025-08-01 12:27:25,437 - VALO360 - DEBUG - 自動保存已禁用，跳過配置保存
2025-08-01 12:27:25,438 - VALO360 - DEBUG - 自動保存已禁用，跳過配置保存
2025-08-01 12:27:25,438 - VALO360 - DEBUG - 自動保存已禁用，跳過配置保存
2025-08-01 12:27:25,439 - VALO360 - DEBUG - 自動保存已禁用，跳過配置保存
2025-08-01 12:27:25,439 - VALO360 - DEBUG - 自動保存已禁用，跳過配置保存
2025-08-01 12:27:25,439 - VALO360 - DEBUG - 自動保存已禁用，跳過配置保存
2025-08-01 12:27:25,439 - VALO360 - DEBUG - 自動保存已禁用，跳過配置保存
2025-08-01 12:27:25,440 - VALO360 - DEBUG - 自動保存已禁用，跳過配置保存
2025-08-01 12:27:25,440 - VALO360 - DEBUG - 自動保存已禁用，跳過配置保存
2025-08-01 12:27:25,441 - VALO360 - DEBUG - 自動保存已禁用，跳過配置保存
2025-08-01 12:27:25,442 - VALO360 - DEBUG - 自動保存已禁用，跳過配置保存
2025-08-01 12:27:25,443 - VALO360 - DEBUG - 自動保存已禁用，跳過配置保存
2025-08-01 12:27:25,443 - VALO360 - DEBUG - 自動保存已禁用，跳過配置保存
2025-08-01 12:27:25,446 - VALO360 - DEBUG - 自動保存已禁用，跳過配置保存
2025-08-01 12:27:25,446 - VALO360 - DEBUG - 自動保存已禁用，跳過配置保存
2025-08-01 12:27:25,447 - VALO360 - DEBUG - 自動保存已禁用，跳過配置保存
2025-08-01 12:27:25,447 - VALO360 - DEBUG - 自動保存已禁用，跳過配置保存
2025-08-01 12:27:25,447 - VALO360 - DEBUG - 自動保存已禁用，跳過配置保存
2025-08-01 12:27:25,447 - VALO360 - DEBUG - 自動保存已禁用，跳過配置保存
2025-08-01 12:27:25,447 - VALO360 - DEBUG - 自動保存已禁用，跳過配置保存
2025-08-01 12:27:25,449 - VALO360 - DEBUG - 自動保存已禁用，跳過配置保存
2025-08-01 12:27:25,449 - VALO360 - DEBUG - 自動保存已禁用，跳過配置保存
2025-08-01 12:27:25,449 - VALO360 - DEBUG - 自動保存已禁用，跳過配置保存
2025-08-01 12:27:25,449 - VALO360 - DEBUG - 自動保存已禁用，跳過配置保存
2025-08-01 12:27:25,449 - VALO360 - DEBUG - 自動保存已禁用，跳過配置保存
2025-08-01 12:27:25,451 - VALO360 - DEBUG - 自動保存已禁用，跳過配置保存
2025-08-01 12:27:25,451 - VALO360 - DEBUG - 自動保存已禁用，跳過配置保存
2025-08-01 12:27:25,451 - VALO360 - DEBUG - 自動保存已禁用，跳過配置保存
2025-08-01 12:27:25,451 - VALO360 - DEBUG - 自動保存已禁用，跳過配置保存
2025-08-01 12:27:25,451 - VALO360 - DEBUG - 自動保存已禁用，跳過配置保存
2025-08-01 12:27:25,451 - VALO360 - DEBUG - 自動保存已禁用，跳過配置保存
2025-08-01 12:27:25,451 - VALO360 - DEBUG - 自動保存已禁用，跳過配置保存
2025-08-01 12:27:25,451 - VALO360 - DEBUG - 自動保存已禁用，跳過配置保存
2025-08-01 12:27:25,451 - VALO360 - DEBUG - 自動保存已禁用，跳過配置保存
2025-08-01 12:27:25,456 - VALO360 - DEBUG - 自動保存已禁用，跳過配置保存
2025-08-01 12:27:25,456 - VALO360 - DEBUG - 自動保存已禁用，跳過配置保存
2025-08-01 12:27:25,456 - VALO360 - DEBUG - 自動保存已禁用，跳過配置保存
2025-08-01 12:27:25,457 - VALO360 - DEBUG - 自動保存已禁用，跳過配置保存
2025-08-01 12:27:25,457 - VALO360 - DEBUG - 自動保存已禁用，跳過配置保存
2025-08-01 12:27:25,457 - VALO360 - DEBUG - 自動保存已禁用，跳過配置保存
2025-08-01 12:27:25,458 - VALO360 - DEBUG - 自動保存已禁用，跳過配置保存
2025-08-01 12:27:25,458 - VALO360 - DEBUG - 自動保存已禁用，跳過配置保存
2025-08-01 12:27:25,459 - VALO360 - DEBUG - 自動保存已禁用，跳過配置保存
2025-08-01 12:27:25,459 - VALO360 - DEBUG - 自動保存已禁用，跳過配置保存
2025-08-01 12:27:25,459 - VALO360 - DEBUG - 自動保存已禁用，跳過配置保存
2025-08-01 12:27:25,460 - VALO360 - DEBUG - 自動保存已禁用，跳過配置保存
2025-08-01 12:27:25,460 - VALO360 - DEBUG - 自動保存已禁用，跳過配置保存
2025-08-01 12:27:25,461 - VALO360 - DEBUG - 自動保存已禁用，跳過配置保存
2025-08-01 12:27:25,461 - VALO360 - DEBUG - 自動保存已禁用，跳過配置保存
2025-08-01 12:27:25,462 - VALO360 - DEBUG - 自動保存已禁用，跳過配置保存
2025-08-01 12:27:25,462 - VALO360 - DEBUG - 自動保存已禁用，跳過配置保存
2025-08-01 12:27:25,463 - VALO360 - DEBUG - 自動保存已禁用，跳過配置保存
2025-08-01 12:27:25,463 - VALO360 - DEBUG - 自動保存已禁用，跳過配置保存
2025-08-01 12:27:25,464 - VALO360 - DEBUG - 自動保存已禁用，跳過配置保存
2025-08-01 12:27:25,464 - VALO360 - DEBUG - 自動保存已禁用，跳過配置保存
2025-08-01 12:27:25,464 - VALO360 - DEBUG - 自動保存已禁用，跳過配置保存
2025-08-01 12:27:25,464 - VALO360 - DEBUG - 自動保存已禁用，跳過配置保存
2025-08-01 12:27:25,465 - VALO360 - DEBUG - 自動保存已禁用，跳過配置保存
2025-08-01 12:27:25,465 - VALO360 - DEBUG - 自動保存已禁用，跳過配置保存
2025-08-01 12:27:25,466 - VALO360 - DEBUG - 自動保存已禁用，跳過配置保存
2025-08-01 12:27:25,466 - VALO360 - DEBUG - 自動保存已禁用，跳過配置保存
2025-08-01 12:27:25,467 - VALO360 - DEBUG - 自動保存已禁用，跳過配置保存
2025-08-01 12:27:25,467 - VALO360 - DEBUG - 自動保存已禁用，跳過配置保存
2025-08-01 12:27:25,467 - VALO360 - DEBUG - 自動保存已禁用，跳過配置保存
2025-08-01 12:27:25,468 - VALO360 - DEBUG - 自動保存已禁用，跳過配置保存
2025-08-01 12:27:25,469 - VALO360 - DEBUG - 自動保存已禁用，跳過配置保存
2025-08-01 12:27:25,469 - VALO360 - DEBUG - 自動保存已禁用，跳過配置保存
2025-08-01 12:27:25,469 - VALO360 - DEBUG - 自動保存已禁用，跳過配置保存
2025-08-01 12:27:25,470 - VALO360 - DEBUG - 自動保存已禁用，跳過配置保存
2025-08-01 12:27:25,470 - VALO360 - DEBUG - 自動保存已禁用，跳過配置保存
2025-08-01 12:27:25,471 - VALO360 - DEBUG - 自動保存已禁用，跳過配置保存
2025-08-01 12:27:25,471 - VALO360 - DEBUG - 自動保存已禁用，跳過配置保存
2025-08-01 12:27:25,471 - VALO360 - DEBUG - 自動保存已禁用，跳過配置保存
2025-08-01 12:27:25,472 - VALO360 - DEBUG - 自動保存已禁用，跳過配置保存
2025-08-01 12:27:25,472 - VALO360 - DEBUG - 自動保存已禁用，跳過配置保存
2025-08-01 12:27:25,472 - VALO360 - DEBUG - 自動保存已禁用，跳過配置保存
2025-08-01 12:27:25,472 - VALO360 - DEBUG - 自動保存已禁用，跳過配置保存
2025-08-01 12:27:25,474 - VALO360 - DEBUG - 自動保存已禁用，跳過配置保存
2025-08-01 12:27:25,475 - VALO360 - DEBUG - 自動保存已禁用，跳過配置保存
2025-08-01 12:27:25,475 - VALO360 - DEBUG - 自動保存已禁用，跳過配置保存
2025-08-01 12:27:25,475 - VALO360 - DEBUG - 自動保存已禁用，跳過配置保存
2025-08-01 12:27:25,475 - VALO360 - DEBUG - 自動保存已禁用，跳過配置保存
2025-08-01 12:27:25,478 - VALO360 - DEBUG - 自動保存已禁用，跳過配置保存
2025-08-01 12:27:25,478 - VALO360 - DEBUG - 自動保存已禁用，跳過配置保存
2025-08-01 12:27:25,478 - VALO360 - DEBUG - 自動保存已禁用，跳過配置保存
2025-08-01 12:27:25,478 - VALO360 - DEBUG - 自動保存已禁用，跳過配置保存
2025-08-01 12:27:25,478 - VALO360 - DEBUG - 自動保存已禁用，跳過配置保存
2025-08-01 12:27:25,478 - VALO360 - DEBUG - 自動保存已禁用，跳過配置保存
2025-08-01 12:27:25,480 - VALO360 - DEBUG - 自動保存已禁用，跳過配置保存
2025-08-01 12:27:25,480 - VALO360 - DEBUG - 自動保存已禁用，跳過配置保存
2025-08-01 12:27:25,480 - VALO360 - DEBUG - 自動保存已禁用，跳過配置保存
2025-08-01 12:27:25,480 - VALO360 - DEBUG - 自動保存已禁用，跳過配置保存
2025-08-01 12:27:25,482 - VALO360 - DEBUG - 自動保存已禁用，跳過配置保存
2025-08-01 12:27:25,482 - VALO360 - DEBUG - 自動保存已禁用，跳過配置保存
2025-08-01 12:27:25,482 - VALO360 - DEBUG - 自動保存已禁用，跳過配置保存
2025-08-01 12:27:25,482 - VALO360 - DEBUG - 自動保存已禁用，跳過配置保存
2025-08-01 12:27:25,484 - VALO360 - DEBUG - 自動保存已禁用，跳過配置保存
2025-08-01 12:27:25,484 - VALO360 - DEBUG - 自動保存已禁用，跳過配置保存
2025-08-01 12:27:25,484 - VALO360 - DEBUG - 自動保存已禁用，跳過配置保存
2025-08-01 12:27:25,485 - VALO360 - DEBUG - 自動保存已禁用，跳過配置保存
2025-08-01 12:27:25,485 - VALO360 - DEBUG - 自動保存已禁用，跳過配置保存
2025-08-01 12:27:25,485 - VALO360 - DEBUG - 自動保存已禁用，跳過配置保存
2025-08-01 12:27:25,485 - VALO360 - DEBUG - 自動保存已禁用，跳過配置保存
2025-08-01 12:27:25,485 - VALO360 - DEBUG - 自動保存已禁用，跳過配置保存
2025-08-01 12:27:25,487 - VALO360 - DEBUG - 自動保存已禁用，跳過配置保存
2025-08-01 12:27:25,487 - VALO360 - DEBUG - 自動保存已禁用，跳過配置保存
2025-08-01 12:27:25,487 - VALO360 - DEBUG - 自動保存已禁用，跳過配置保存
2025-08-01 12:27:25,487 - VALO360 - DEBUG - 自動保存已禁用，跳過配置保存
2025-08-01 12:27:25,489 - VALO360 - DEBUG - 自動保存已禁用，跳過配置保存
2025-08-01 12:27:25,490 - VALO360 - DEBUG - 自動保存已禁用，跳過配置保存
2025-08-01 12:27:25,490 - VALO360 - DEBUG - 自動保存已禁用，跳過配置保存
2025-08-01 12:27:25,490 - VALO360 - DEBUG - 自動保存已禁用，跳過配置保存
2025-08-01 12:27:25,491 - VALO360 - DEBUG - 自動保存已禁用，跳過配置保存
2025-08-01 12:27:25,492 - VALO360 - DEBUG - 自動保存已禁用，跳過配置保存
2025-08-01 12:27:25,492 - VALO360 - DEBUG - 自動保存已禁用，跳過配置保存
2025-08-01 12:27:25,492 - VALO360 - DEBUG - 自動保存已禁用，跳過配置保存
2025-08-01 12:27:25,493 - VALO360 - DEBUG - 自動保存已禁用，跳過配置保存
2025-08-01 12:27:25,494 - VALO360 - DEBUG - 自動保存已禁用，跳過配置保存
2025-08-01 12:27:25,494 - VALO360 - DEBUG - 自動保存已禁用，跳過配置保存
2025-08-01 12:27:25,494 - VALO360 - DEBUG - 自動保存已禁用，跳過配置保存
2025-08-01 12:27:25,494 - VALO360 - DEBUG - 自動保存已禁用，跳過配置保存
2025-08-01 12:27:25,496 - VALO360 - DEBUG - 自動保存已禁用，跳過配置保存
2025-08-01 12:27:25,496 - VALO360 - DEBUG - 自動保存已禁用，跳過配置保存
2025-08-01 12:27:25,496 - VALO360 - DEBUG - 自動保存已禁用，跳過配置保存
2025-08-01 12:27:25,496 - VALO360 - DEBUG - 自動保存已禁用，跳過配置保存
2025-08-01 12:27:25,497 - VALO360 - DEBUG - 自動保存已禁用，跳過配置保存
2025-08-01 12:27:25,498 - VALO360 - DEBUG - 自動保存已禁用，跳過配置保存
2025-08-01 12:27:25,498 - VALO360 - DEBUG - 自動保存已禁用，跳過配置保存
2025-08-01 12:27:25,498 - VALO360 - DEBUG - 自動保存已禁用，跳過配置保存
2025-08-01 12:27:25,499 - VALO360 - DEBUG - 自動保存已禁用，跳過配置保存
2025-08-01 12:27:25,499 - VALO360 - DEBUG - 自動保存已禁用，跳過配置保存
2025-08-01 12:27:25,500 - VALO360 - DEBUG - 自動保存已禁用，跳過配置保存
2025-08-01 12:27:25,500 - VALO360 - DEBUG - 自動保存已禁用，跳過配置保存
2025-08-01 12:27:25,501 - VALO360 - DEBUG - 自動保存已禁用，跳過配置保存
2025-08-01 12:27:25,501 - VALO360 - DEBUG - 自動保存已禁用，跳過配置保存
2025-08-01 12:27:25,501 - VALO360 - DEBUG - 自動保存已禁用，跳過配置保存
2025-08-01 12:27:25,502 - VALO360 - DEBUG - 自動保存已禁用，跳過配置保存
2025-08-01 12:27:25,502 - VALO360 - DEBUG - 自動保存已禁用，跳過配置保存
2025-08-01 12:27:25,503 - VALO360 - DEBUG - 自動保存已禁用，跳過配置保存
2025-08-01 12:27:25,503 - VALO360 - DEBUG - 自動保存已禁用，跳過配置保存
2025-08-01 12:27:25,503 - VALO360 - DEBUG - 自動保存已禁用，跳過配置保存
2025-08-01 12:27:25,504 - VALO360 - DEBUG - 自動保存已禁用，跳過配置保存
2025-08-01 12:27:25,504 - VALO360 - DEBUG - 自動保存已禁用，跳過配置保存
2025-08-01 12:27:25,506 - VALO360 - DEBUG - 自動保存已禁用，跳過配置保存
2025-08-01 12:27:25,506 - VALO360 - DEBUG - 自動保存已禁用，跳過配置保存
2025-08-01 12:27:25,507 - VALO360 - DEBUG - 自動保存已禁用，跳過配置保存
2025-08-01 12:27:25,507 - VALO360 - DEBUG - 自動保存已禁用，跳過配置保存
2025-08-01 12:27:25,507 - VALO360 - DEBUG - 自動保存已禁用，跳過配置保存
2025-08-01 12:27:25,508 - VALO360 - DEBUG - 自動保存已禁用，跳過配置保存
2025-08-01 12:27:25,508 - VALO360 - DEBUG - 自動保存已禁用，跳過配置保存
2025-08-01 12:27:25,508 - VALO360 - DEBUG - 自動保存已禁用，跳過配置保存
2025-08-01 12:27:25,508 - VALO360 - DEBUG - 自動保存已禁用，跳過配置保存
2025-08-01 12:27:25,510 - VALO360 - DEBUG - 自動保存已禁用，跳過配置保存
2025-08-01 12:27:25,510 - VALO360 - DEBUG - 自動保存已禁用，跳過配置保存
2025-08-01 12:27:25,510 - VALO360 - DEBUG - 自動保存已禁用，跳過配置保存
2025-08-01 12:27:25,510 - VALO360 - DEBUG - 自動保存已禁用，跳過配置保存
2025-08-01 12:27:25,510 - VALO360 - DEBUG - 自動保存已禁用，跳過配置保存
2025-08-01 12:27:25,510 - VALO360 - DEBUG - 自動保存已禁用，跳過配置保存
2025-08-01 12:27:25,510 - VALO360 - DEBUG - 自動保存已禁用，跳過配置保存
2025-08-01 12:27:25,510 - VALO360 - DEBUG - 自動保存已禁用，跳過配置保存
2025-08-01 12:27:25,510 - VALO360 - DEBUG - 自動保存已禁用，跳過配置保存
2025-08-01 12:27:25,510 - VALO360 - DEBUG - 自動保存已禁用，跳過配置保存
2025-08-01 12:27:25,510 - VALO360 - DEBUG - 自動保存已禁用，跳過配置保存
2025-08-01 12:27:25,510 - VALO360 - DEBUG - 自動保存已禁用，跳過配置保存
2025-08-01 12:27:25,510 - VALO360 - DEBUG - 自動保存已禁用，跳過配置保存
2025-08-01 12:27:25,510 - VALO360 - DEBUG - 自動保存已禁用，跳過配置保存
2025-08-01 12:27:25,510 - VALO360 - DEBUG - 自動保存已禁用，跳過配置保存
2025-08-01 12:27:25,510 - VALO360 - DEBUG - 自動保存已禁用，跳過配置保存
2025-08-01 12:27:25,510 - VALO360 - DEBUG - 自動保存已禁用，跳過配置保存
2025-08-01 12:27:25,519 - VALO360 - DEBUG - 自動保存已禁用，跳過配置保存
2025-08-01 12:27:25,519 - VALO360 - DEBUG - 自動保存已禁用，跳過配置保存
2025-08-01 12:27:25,520 - VALO360 - DEBUG - 自動保存已禁用，跳過配置保存
2025-08-01 12:27:25,520 - VALO360 - DEBUG - 自動保存已禁用，跳過配置保存
2025-08-01 12:27:25,520 - VALO360 - DEBUG - 自動保存已禁用，跳過配置保存
2025-08-01 12:27:25,520 - VALO360 - DEBUG - 自動保存已禁用，跳過配置保存
2025-08-01 12:27:25,520 - VALO360 - DEBUG - 自動保存已禁用，跳過配置保存
2025-08-01 12:27:25,522 - VALO360 - DEBUG - 自動保存已禁用，跳過配置保存
2025-08-01 12:27:25,523 - VALO360 - DEBUG - 自動保存已禁用，跳過配置保存
2025-08-01 12:27:25,523 - VALO360 - DEBUG - 自動保存已禁用，跳過配置保存
2025-08-01 12:27:25,523 - VALO360 - DEBUG - 自動保存已禁用，跳過配置保存
2025-08-01 12:27:25,523 - VALO360 - DEBUG - 自動保存已禁用，跳過配置保存
2025-08-01 12:27:25,524 - VALO360 - DEBUG - 自動保存已禁用，跳過配置保存
2025-08-01 12:27:25,524 - VALO360 - DEBUG - 自動保存已禁用，跳過配置保存
2025-08-01 12:27:25,524 - VALO360 - DEBUG - 自動保存已禁用，跳過配置保存
2025-08-01 12:27:25,526 - VALO360 - DEBUG - 自動保存已禁用，跳過配置保存
2025-08-01 12:27:25,526 - VALO360 - DEBUG - 自動保存已禁用，跳過配置保存
2025-08-01 12:27:25,527 - VALO360 - DEBUG - 自動保存已禁用，跳過配置保存
2025-08-01 12:27:25,527 - VALO360 - DEBUG - 自動保存已禁用，跳過配置保存
2025-08-01 12:27:25,527 - VALO360 - DEBUG - 自動保存已禁用，跳過配置保存
2025-08-01 12:27:25,528 - VALO360 - DEBUG - 自動保存已禁用，跳過配置保存
2025-08-01 12:27:25,528 - VALO360 - DEBUG - 自動保存已禁用，跳過配置保存
2025-08-01 12:27:25,528 - VALO360 - DEBUG - 自動保存已禁用，跳過配置保存
2025-08-01 12:27:25,529 - VALO360 - DEBUG - 自動保存已禁用，跳過配置保存
2025-08-01 12:27:25,529 - VALO360 - DEBUG - 自動保存已禁用，跳過配置保存
2025-08-01 12:27:25,530 - VALO360 - DEBUG - 自動保存已禁用，跳過配置保存
2025-08-01 12:27:25,530 - VALO360 - DEBUG - 自動保存已禁用，跳過配置保存
2025-08-01 12:27:25,530 - VALO360 - DEBUG - 自動保存已禁用，跳過配置保存
2025-08-01 12:27:25,531 - VALO360 - DEBUG - 自動保存已禁用，跳過配置保存
2025-08-01 12:27:25,531 - VALO360 - DEBUG - 自動保存已禁用，跳過配置保存
2025-08-01 12:27:25,531 - VALO360 - DEBUG - 自動保存已禁用，跳過配置保存
2025-08-01 12:27:25,532 - VALO360 - DEBUG - 自動保存已禁用，跳過配置保存
2025-08-01 12:27:25,533 - VALO360 - DEBUG - 自動保存已禁用，跳過配置保存
2025-08-01 12:27:25,535 - VALO360 - DEBUG - 自動保存已禁用，跳過配置保存
2025-08-01 12:27:25,535 - VALO360 - DEBUG - 自動保存已禁用，跳過配置保存
2025-08-01 12:27:25,535 - VALO360 - DEBUG - 自動保存已禁用，跳過配置保存
2025-08-01 12:27:25,572 - VALO360 - DEBUG - 自動保存已禁用，跳過配置保存
2025-08-01 12:27:25,572 - VALO360 - DEBUG - 自動保存已禁用，跳過配置保存
2025-08-01 12:27:25,572 - VALO360 - DEBUG - 自動保存已禁用，跳過配置保存
2025-08-01 12:27:25,574 - VALO360 - DEBUG - 自動保存已禁用，跳過配置保存
2025-08-01 12:27:25,576 - VALO360 - DEBUG - 自動保存已禁用，跳過配置保存
2025-08-01 12:27:25,577 - VALO360 - DEBUG - 自動保存已禁用，跳過配置保存
2025-08-01 12:27:25,577 - VALO360 - DEBUG - 自動保存已禁用，跳過配置保存
2025-08-01 12:27:25,578 - VALO360 - DEBUG - 自動保存已禁用，跳過配置保存
2025-08-01 12:27:25,581 - VALO360 - DEBUG - 自動保存已禁用，跳過配置保存
2025-08-01 12:27:25,581 - VALO360 - DEBUG - 自動保存已禁用，跳過配置保存
2025-08-01 12:27:25,582 - VALO360 - DEBUG - 自動保存已禁用，跳過配置保存
2025-08-01 12:27:25,583 - VALO360 - DEBUG - 自動保存已禁用，跳過配置保存
2025-08-01 12:27:25,591 - VALO360 - DEBUG - 自動保存已禁用，跳過配置保存
2025-08-01 12:27:25,592 - VALO360 - DEBUG - 自動保存已禁用，跳過配置保存
2025-08-01 12:27:25,592 - VALO360 - DEBUG - 自動保存已禁用，跳過配置保存
2025-08-01 12:27:25,592 - VALO360 - DEBUG - 自動保存已禁用，跳過配置保存
2025-08-01 12:27:25,593 - VALO360 - DEBUG - 自動保存已禁用，跳過配置保存
2025-08-01 12:27:25,593 - VALO360 - DEBUG - 自動保存已禁用，跳過配置保存
2025-08-01 12:27:25,594 - VALO360 - DEBUG - 自動保存已禁用，跳過配置保存
2025-08-01 12:27:25,594 - VALO360 - DEBUG - 自動保存已禁用，跳過配置保存
2025-08-01 12:27:25,597 - VALO360 - DEBUG - 自動保存已禁用，跳過配置保存
2025-08-01 12:27:25,597 - VALO360 - DEBUG - 自動保存已禁用，跳過配置保存
2025-08-01 12:27:25,597 - VALO360 - DEBUG - 自動保存已禁用，跳過配置保存
2025-08-01 12:27:25,597 - VALO360 - DEBUG - 自動保存已禁用，跳過配置保存
2025-08-01 12:27:25,608 - VALO360 - DEBUG - 自動保存已禁用，跳過配置保存
2025-08-01 12:27:25,608 - VALO360 - DEBUG - 自動保存已禁用，跳過配置保存
2025-08-01 12:27:25,609 - VALO360 - DEBUG - 自動保存已禁用，跳過配置保存
2025-08-01 12:27:25,609 - VALO360 - DEBUG - 自動保存已禁用，跳過配置保存
2025-08-01 12:27:25,610 - VALO360 - DEBUG - 自動保存已禁用，跳過配置保存
2025-08-01 12:27:25,610 - VALO360 - DEBUG - 自動保存已禁用，跳過配置保存
2025-08-01 12:27:25,611 - VALO360 - DEBUG - 自動保存已禁用，跳過配置保存
2025-08-01 12:27:25,611 - VALO360 - DEBUG - 自動保存已禁用，跳過配置保存
2025-08-01 12:27:25,626 - VALO360 - DEBUG - 自動保存已禁用，跳過配置保存
2025-08-01 12:27:25,626 - VALO360 - DEBUG - 自動保存已禁用，跳過配置保存
2025-08-01 12:27:25,628 - VALO360 - DEBUG - 自動保存已禁用，跳過配置保存
2025-08-01 12:27:25,628 - VALO360 - DEBUG - 自動保存已禁用，跳過配置保存
2025-08-01 12:27:25,636 - VALO360 - DEBUG - 自動保存已禁用，跳過配置保存
2025-08-01 12:27:25,637 - VALO360 - DEBUG - 自動保存已禁用，跳過配置保存
2025-08-01 12:27:25,637 - VALO360 - DEBUG - 自動保存已禁用，跳過配置保存
2025-08-01 12:27:25,637 - VALO360 - DEBUG - 自動保存已禁用，跳過配置保存
2025-08-01 12:27:25,655 - VALO360 - DEBUG - 自動保存已禁用，跳過配置保存
2025-08-01 12:27:25,656 - VALO360 - DEBUG - 自動保存已禁用，跳過配置保存
2025-08-01 12:27:25,657 - VALO360 - DEBUG - 自動保存已禁用，跳過配置保存
2025-08-01 12:27:25,657 - VALO360 - DEBUG - 自動保存已禁用，跳過配置保存
2025-08-01 12:27:25,659 - VALO360 - DEBUG - 自動保存已禁用，跳過配置保存
2025-08-01 12:27:25,659 - VALO360 - DEBUG - 自動保存已禁用，跳過配置保存
2025-08-01 12:27:25,659 - VALO360 - DEBUG - 自動保存已禁用，跳過配置保存
2025-08-01 12:27:25,660 - VALO360 - DEBUG - 自動保存已禁用，跳過配置保存
2025-08-01 12:27:26,076 - VALO360 - DEBUG - 自動保存已禁用，跳過配置保存
2025-08-01 12:27:26,076 - VALO360 - DEBUG - 自動保存已禁用，跳過配置保存
2025-08-01 12:27:26,076 - VALO360 - DEBUG - 自動保存已禁用，跳過配置保存
2025-08-01 12:27:26,076 - VALO360 - DEBUG - 自動保存已禁用，跳過配置保存
2025-08-01 12:27:26,080 - VALO360 - DEBUG - 自動保存已禁用，跳過配置保存
2025-08-01 12:27:26,081 - VALO360 - DEBUG - 自動保存已禁用，跳過配置保存
2025-08-01 12:27:26,081 - VALO360 - DEBUG - 自動保存已禁用，跳過配置保存
2025-08-01 12:27:26,081 - VALO360 - DEBUG - 自動保存已禁用，跳過配置保存
2025-08-01 12:27:26,085 - VALO360 - DEBUG - 自動保存已禁用，跳過配置保存
2025-08-01 12:27:26,085 - VALO360 - DEBUG - 自動保存已禁用，跳過配置保存
2025-08-01 12:27:26,085 - VALO360 - DEBUG - 自動保存已禁用，跳過配置保存
2025-08-01 12:27:26,085 - VALO360 - DEBUG - 自動保存已禁用，跳過配置保存
2025-08-01 12:27:26,108 - VALO360 - DEBUG - 自動保存已禁用，跳過配置保存
2025-08-01 12:27:26,108 - VALO360 - DEBUG - 自動保存已禁用，跳過配置保存
2025-08-01 12:27:26,108 - VALO360 - DEBUG - 自動保存已禁用，跳過配置保存
2025-08-01 12:27:26,110 - VALO360 - DEBUG - 自動保存已禁用，跳過配置保存
2025-08-01 12:27:26,115 - VALO360 - DEBUG - 自動保存已禁用，跳過配置保存
2025-08-01 12:27:26,115 - VALO360 - DEBUG - 自動保存已禁用，跳過配置保存
2025-08-01 12:27:26,115 - VALO360 - DEBUG - 自動保存已禁用，跳過配置保存
2025-08-01 12:27:26,115 - VALO360 - DEBUG - 自動保存已禁用，跳過配置保存
2025-08-01 12:27:26,118 - VALO360 - DEBUG - 自動保存已禁用，跳過配置保存
2025-08-01 12:27:26,118 - VALO360 - DEBUG - 自動保存已禁用，跳過配置保存
2025-08-01 12:27:26,118 - VALO360 - DEBUG - 自動保存已禁用，跳過配置保存
2025-08-01 12:27:26,118 - VALO360 - DEBUG - 自動保存已禁用，跳過配置保存
2025-08-01 12:27:26,122 - VALO360 - DEBUG - 自動保存已禁用，跳過配置保存
2025-08-01 12:27:26,122 - VALO360 - DEBUG - 自動保存已禁用，跳過配置保存
2025-08-01 12:27:26,122 - VALO360 - DEBUG - 自動保存已禁用，跳過配置保存
2025-08-01 12:27:26,122 - VALO360 - DEBUG - 自動保存已禁用，跳過配置保存
2025-08-01 12:27:26,125 - VALO360 - DEBUG - 自動保存已禁用，跳過配置保存
2025-08-01 12:27:26,125 - VALO360 - DEBUG - 自動保存已禁用，跳過配置保存
2025-08-01 12:27:26,125 - VALO360 - DEBUG - 自動保存已禁用，跳過配置保存
2025-08-01 12:27:26,125 - VALO360 - DEBUG - 自動保存已禁用，跳過配置保存
2025-08-01 12:27:26,128 - VALO360 - DEBUG - 自動保存已禁用，跳過配置保存
2025-08-01 12:27:26,128 - VALO360 - DEBUG - 自動保存已禁用，跳過配置保存
2025-08-01 12:27:26,129 - VALO360 - DEBUG - 自動保存已禁用，跳過配置保存
2025-08-01 12:27:26,129 - VALO360 - DEBUG - 自動保存已禁用，跳過配置保存
2025-08-01 12:27:26,129 - VALO360 - DEBUG - 自動保存已禁用，跳過配置保存
2025-08-01 12:27:26,132 - VALO360 - DEBUG - 自動保存已禁用，跳過配置保存
2025-08-01 12:27:26,132 - VALO360 - DEBUG - 自動保存已禁用，跳過配置保存
2025-08-01 12:27:26,132 - VALO360 - DEBUG - 自動保存已禁用，跳過配置保存
2025-08-01 12:27:26,143 - VALO360 - DEBUG - 自動保存已禁用，跳過配置保存
2025-08-01 12:27:26,143 - VALO360 - DEBUG - 自動保存已禁用，跳過配置保存
2025-08-01 12:27:26,143 - VALO360 - DEBUG - 自動保存已禁用，跳過配置保存
2025-08-01 12:27:26,143 - VALO360 - DEBUG - 自動保存已禁用，跳過配置保存
2025-08-01 12:27:26,152 - VALO360 - DEBUG - 自動保存已禁用，跳過配置保存
2025-08-01 12:27:26,152 - VALO360 - DEBUG - 自動保存已禁用，跳過配置保存
2025-08-01 12:27:26,154 - VALO360 - DEBUG - 自動保存已禁用，跳過配置保存
2025-08-01 12:27:26,154 - VALO360 - DEBUG - 自動保存已禁用，跳過配置保存
2025-08-01 12:27:26,155 - VALO360 - DEBUG - 自動保存已禁用，跳過配置保存
2025-08-01 12:27:26,155 - VALO360 - DEBUG - 自動保存已禁用，跳過配置保存
2025-08-01 12:27:26,155 - VALO360 - DEBUG - 自動保存已禁用，跳過配置保存
2025-08-01 12:27:26,155 - VALO360 - DEBUG - 自動保存已禁用，跳過配置保存
2025-08-01 12:27:26,166 - VALO360 - DEBUG - 自動保存已禁用，跳過配置保存
2025-08-01 12:27:26,166 - VALO360 - DEBUG - 自動保存已禁用，跳過配置保存
2025-08-01 12:27:26,166 - VALO360 - DEBUG - 自動保存已禁用，跳過配置保存
2025-08-01 12:27:26,166 - VALO360 - DEBUG - 自動保存已禁用，跳過配置保存
2025-08-01 12:27:26,174 - VALO360 - DEBUG - 自動保存已禁用，跳過配置保存
2025-08-01 12:27:26,174 - VALO360 - DEBUG - 自動保存已禁用，跳過配置保存
2025-08-01 12:27:26,174 - VALO360 - DEBUG - 自動保存已禁用，跳過配置保存
2025-08-01 12:27:26,174 - VALO360 - DEBUG - 自動保存已禁用，跳過配置保存
2025-08-01 12:27:26,184 - VALO360 - DEBUG - 自動保存已禁用，跳過配置保存
2025-08-01 12:27:26,186 - VALO360 - DEBUG - 自動保存已禁用，跳過配置保存
2025-08-01 12:27:26,186 - VALO360 - DEBUG - 自動保存已禁用，跳過配置保存
2025-08-01 12:27:26,186 - VALO360 - DEBUG - 自動保存已禁用，跳過配置保存
2025-08-01 12:27:26,210 - VALO360 - DEBUG - 自動保存已禁用，跳過配置保存
2025-08-01 12:27:26,210 - VALO360 - DEBUG - 自動保存已禁用，跳過配置保存
2025-08-01 12:27:26,210 - VALO360 - DEBUG - 自動保存已禁用，跳過配置保存
2025-08-01 12:27:26,211 - VALO360 - DEBUG - 自動保存已禁用，跳過配置保存
2025-08-01 12:27:26,214 - VALO360 - DEBUG - 自動保存已禁用，跳過配置保存
2025-08-01 12:27:26,215 - VALO360 - DEBUG - 自動保存已禁用，跳過配置保存
2025-08-01 12:27:26,215 - VALO360 - DEBUG - 自動保存已禁用，跳過配置保存
2025-08-01 12:27:26,216 - VALO360 - DEBUG - 自動保存已禁用，跳過配置保存
2025-08-01 12:27:26,223 - VALO360 - DEBUG - 自動保存已禁用，跳過配置保存
2025-08-01 12:27:26,224 - VALO360 - DEBUG - 自動保存已禁用，跳過配置保存
2025-08-01 12:27:26,224 - VALO360 - DEBUG - 自動保存已禁用，跳過配置保存
2025-08-01 12:27:26,224 - VALO360 - DEBUG - 自動保存已禁用，跳過配置保存
2025-08-01 12:27:26,227 - VALO360 - DEBUG - 自動保存已禁用，跳過配置保存
2025-08-01 12:27:26,227 - VALO360 - DEBUG - 自動保存已禁用，跳過配置保存
2025-08-01 12:27:26,228 - VALO360 - DEBUG - 自動保存已禁用，跳過配置保存
2025-08-01 12:27:26,228 - VALO360 - DEBUG - 自動保存已禁用，跳過配置保存
2025-08-01 12:27:26,230 - VALO360 - DEBUG - 自動保存已禁用，跳過配置保存
2025-08-01 12:27:26,230 - VALO360 - DEBUG - 自動保存已禁用，跳過配置保存
2025-08-01 12:27:26,231 - VALO360 - DEBUG - 自動保存已禁用，跳過配置保存
2025-08-01 12:27:26,231 - VALO360 - DEBUG - 自動保存已禁用，跳過配置保存
2025-08-01 12:27:26,235 - VALO360 - DEBUG - 自動保存已禁用，跳過配置保存
2025-08-01 12:27:26,236 - VALO360 - DEBUG - 自動保存已禁用，跳過配置保存
2025-08-01 12:27:26,236 - VALO360 - DEBUG - 自動保存已禁用，跳過配置保存
2025-08-01 12:27:26,237 - VALO360 - DEBUG - 自動保存已禁用，跳過配置保存
2025-08-01 12:27:26,261 - VALO360 - DEBUG - 自動保存已禁用，跳過配置保存
2025-08-01 12:27:26,261 - VALO360 - DEBUG - 自動保存已禁用，跳過配置保存
2025-08-01 12:27:26,261 - VALO360 - DEBUG - 自動保存已禁用，跳過配置保存
2025-08-01 12:27:26,262 - VALO360 - DEBUG - 自動保存已禁用，跳過配置保存
2025-08-01 12:27:26,263 - VALO360 - DEBUG - 自動保存已禁用，跳過配置保存
2025-08-01 12:27:26,263 - VALO360 - DEBUG - 自動保存已禁用，跳過配置保存
2025-08-01 12:27:26,264 - VALO360 - DEBUG - 自動保存已禁用，跳過配置保存
2025-08-01 12:27:26,264 - VALO360 - DEBUG - 自動保存已禁用，跳過配置保存
2025-08-01 12:27:26,266 - VALO360 - DEBUG - 自動保存已禁用，跳過配置保存
2025-08-01 12:27:26,266 - VALO360 - DEBUG - 自動保存已禁用，跳過配置保存
2025-08-01 12:27:26,266 - VALO360 - DEBUG - 自動保存已禁用，跳過配置保存
2025-08-01 12:27:26,267 - VALO360 - DEBUG - 自動保存已禁用，跳過配置保存
2025-08-01 12:27:26,268 - VALO360 - DEBUG - 自動保存已禁用，跳過配置保存
2025-08-01 12:27:26,268 - VALO360 - DEBUG - 自動保存已禁用，跳過配置保存
2025-08-01 12:27:26,268 - VALO360 - DEBUG - 自動保存已禁用，跳過配置保存
2025-08-01 12:27:26,269 - VALO360 - DEBUG - 自動保存已禁用，跳過配置保存
2025-08-01 12:27:26,270 - VALO360 - DEBUG - 自動保存已禁用，跳過配置保存
2025-08-01 12:27:26,270 - VALO360 - DEBUG - 自動保存已禁用，跳過配置保存
2025-08-01 12:27:26,270 - VALO360 - DEBUG - 自動保存已禁用，跳過配置保存
2025-08-01 12:27:26,271 - VALO360 - DEBUG - 自動保存已禁用，跳過配置保存
2025-08-01 12:27:26,272 - VALO360 - DEBUG - 自動保存已禁用，跳過配置保存
2025-08-01 12:27:26,273 - VALO360 - DEBUG - 自動保存已禁用，跳過配置保存
2025-08-01 12:27:26,273 - VALO360 - DEBUG - 自動保存已禁用，跳過配置保存
2025-08-01 12:27:26,273 - VALO360 - DEBUG - 自動保存已禁用，跳過配置保存
2025-08-01 12:27:26,274 - VALO360 - DEBUG - 自動保存已禁用，跳過配置保存
2025-08-01 12:27:26,274 - VALO360 - DEBUG - 自動保存已禁用，跳過配置保存
2025-08-01 12:27:26,275 - VALO360 - DEBUG - 自動保存已禁用，跳過配置保存
2025-08-01 12:27:26,275 - VALO360 - DEBUG - 自動保存已禁用，跳過配置保存
2025-08-01 12:27:26,278 - VALO360 - DEBUG - 自動保存已禁用，跳過配置保存
2025-08-01 12:27:26,278 - VALO360 - DEBUG - 自動保存已禁用，跳過配置保存
2025-08-01 12:27:26,280 - VALO360 - DEBUG - 自動保存已禁用，跳過配置保存
2025-08-01 12:27:26,280 - VALO360 - DEBUG - 自動保存已禁用，跳過配置保存
2025-08-01 12:27:26,281 - VALO360 - DEBUG - 自動保存已禁用，跳過配置保存
2025-08-01 12:27:26,282 - VALO360 - DEBUG - 自動保存已禁用，跳過配置保存
2025-08-01 12:27:26,282 - VALO360 - DEBUG - 自動保存已禁用，跳過配置保存
2025-08-01 12:27:26,283 - VALO360 - DEBUG - 自動保存已禁用，跳過配置保存
2025-08-01 12:27:26,284 - VALO360 - DEBUG - 自動保存已禁用，跳過配置保存
2025-08-01 12:27:26,285 - VALO360 - DEBUG - 自動保存已禁用，跳過配置保存
2025-08-01 12:27:26,285 - VALO360 - DEBUG - 自動保存已禁用，跳過配置保存
2025-08-01 12:27:26,286 - VALO360 - DEBUG - 自動保存已禁用，跳過配置保存
2025-08-01 12:27:26,290 - VALO360 - DEBUG - 自動保存已禁用，跳過配置保存
2025-08-01 12:27:26,291 - VALO360 - DEBUG - 自動保存已禁用，跳過配置保存
2025-08-01 12:27:26,291 - VALO360 - DEBUG - 自動保存已禁用，跳過配置保存
2025-08-01 12:27:26,291 - VALO360 - DEBUG - 自動保存已禁用，跳過配置保存
2025-08-01 12:27:26,293 - VALO360 - DEBUG - 自動保存已禁用，跳過配置保存
2025-08-01 12:27:26,293 - VALO360 - DEBUG - 自動保存已禁用，跳過配置保存
2025-08-01 12:27:26,294 - VALO360 - DEBUG - 自動保存已禁用，跳過配置保存
2025-08-01 12:27:26,294 - VALO360 - DEBUG - 自動保存已禁用，跳過配置保存
2025-08-01 12:27:26,297 - VALO360 - DEBUG - 自動保存已禁用，跳過配置保存
2025-08-01 12:27:26,297 - VALO360 - DEBUG - 自動保存已禁用，跳過配置保存
2025-08-01 12:27:26,297 - VALO360 - DEBUG - 自動保存已禁用，跳過配置保存
2025-08-01 12:27:26,298 - VALO360 - DEBUG - 自動保存已禁用，跳過配置保存
2025-08-01 12:27:26,299 - VALO360 - DEBUG - 自動保存已禁用，跳過配置保存
2025-08-01 12:27:26,300 - VALO360 - DEBUG - 自動保存已禁用，跳過配置保存
2025-08-01 12:27:26,300 - VALO360 - DEBUG - 自動保存已禁用，跳過配置保存
2025-08-01 12:27:26,300 - VALO360 - DEBUG - 自動保存已禁用，跳過配置保存
2025-08-01 12:27:26,303 - VALO360 - DEBUG - 自動保存已禁用，跳過配置保存
2025-08-01 12:27:26,303 - VALO360 - DEBUG - 自動保存已禁用，跳過配置保存
2025-08-01 12:27:26,305 - VALO360 - DEBUG - 自動保存已禁用，跳過配置保存
2025-08-01 12:27:26,305 - VALO360 - DEBUG - 自動保存已禁用，跳過配置保存
2025-08-01 12:27:26,307 - VALO360 - DEBUG - 自動保存已禁用，跳過配置保存
2025-08-01 12:27:26,308 - VALO360 - DEBUG - 自動保存已禁用，跳過配置保存
2025-08-01 12:27:26,308 - VALO360 - DEBUG - 自動保存已禁用，跳過配置保存
2025-08-01 12:27:26,308 - VALO360 - DEBUG - 自動保存已禁用，跳過配置保存
2025-08-01 12:27:26,310 - VALO360 - DEBUG - 自動保存已禁用，跳過配置保存
2025-08-01 12:27:26,310 - VALO360 - DEBUG - 自動保存已禁用，跳過配置保存
2025-08-01 12:27:26,310 - VALO360 - DEBUG - 自動保存已禁用，跳過配置保存
2025-08-01 12:27:26,311 - VALO360 - DEBUG - 自動保存已禁用，跳過配置保存
2025-08-01 12:27:26,311 - VALO360 - DEBUG - 自動保存已禁用，跳過配置保存
2025-08-01 12:27:26,312 - VALO360 - DEBUG - 自動保存已禁用，跳過配置保存
2025-08-01 12:27:26,312 - VALO360 - DEBUG - 自動保存已禁用，跳過配置保存
2025-08-01 12:27:26,312 - VALO360 - DEBUG - 自動保存已禁用，跳過配置保存
2025-08-01 12:27:26,313 - VALO360 - DEBUG - 自動保存已禁用，跳過配置保存
2025-08-01 12:27:26,313 - VALO360 - DEBUG - 自動保存已禁用，跳過配置保存
2025-08-01 12:27:26,314 - VALO360 - DEBUG - 自動保存已禁用，跳過配置保存
2025-08-01 12:27:26,314 - VALO360 - DEBUG - 自動保存已禁用，跳過配置保存
2025-08-01 12:27:26,323 - VALO360 - DEBUG - 自動保存已禁用，跳過配置保存
2025-08-01 12:27:26,325 - VALO360 - DEBUG - 自動保存已禁用，跳過配置保存
2025-08-01 12:27:26,325 - VALO360 - DEBUG - 自動保存已禁用，跳過配置保存
2025-08-01 12:27:26,325 - VALO360 - DEBUG - 自動保存已禁用，跳過配置保存
2025-08-01 12:27:26,333 - VALO360 - DEBUG - 自動保存已禁用，跳過配置保存
2025-08-01 12:27:26,333 - VALO360 - DEBUG - 自動保存已禁用，跳過配置保存
2025-08-01 12:27:26,334 - VALO360 - DEBUG - 自動保存已禁用，跳過配置保存
2025-08-01 12:27:26,334 - VALO360 - DEBUG - 自動保存已禁用，跳過配置保存
2025-08-01 12:27:26,335 - VALO360 - DEBUG - 自動保存已禁用，跳過配置保存
2025-08-01 12:27:26,335 - VALO360 - DEBUG - 自動保存已禁用，跳過配置保存
2025-08-01 12:27:26,336 - VALO360 - DEBUG - 自動保存已禁用，跳過配置保存
2025-08-01 12:27:26,336 - VALO360 - DEBUG - 自動保存已禁用，跳過配置保存
2025-08-01 12:27:26,337 - VALO360 - DEBUG - 自動保存已禁用，跳過配置保存
2025-08-01 12:27:26,337 - VALO360 - DEBUG - 自動保存已禁用，跳過配置保存
2025-08-01 12:27:26,337 - VALO360 - DEBUG - 自動保存已禁用，跳過配置保存
2025-08-01 12:27:26,338 - VALO360 - DEBUG - 自動保存已禁用，跳過配置保存
2025-08-01 12:27:26,339 - VALO360 - DEBUG - 自動保存已禁用，跳過配置保存
2025-08-01 12:27:26,339 - VALO360 - DEBUG - 自動保存已禁用，跳過配置保存
2025-08-01 12:27:26,340 - VALO360 - DEBUG - 自動保存已禁用，跳過配置保存
2025-08-01 12:27:26,340 - VALO360 - DEBUG - 自動保存已禁用，跳過配置保存
2025-08-01 12:27:26,342 - VALO360 - DEBUG - 自動保存已禁用，跳過配置保存
2025-08-01 12:27:26,342 - VALO360 - DEBUG - 自動保存已禁用，跳過配置保存
2025-08-01 12:27:26,342 - VALO360 - DEBUG - 自動保存已禁用，跳過配置保存
2025-08-01 12:27:26,343 - VALO360 - DEBUG - 自動保存已禁用，跳過配置保存
2025-08-01 12:27:26,344 - VALO360 - DEBUG - 自動保存已禁用，跳過配置保存
2025-08-01 12:27:26,344 - VALO360 - DEBUG - 自動保存已禁用，跳過配置保存
2025-08-01 12:27:26,344 - VALO360 - DEBUG - 自動保存已禁用，跳過配置保存
2025-08-01 12:27:26,344 - VALO360 - DEBUG - 自動保存已禁用，跳過配置保存
2025-08-01 12:27:26,345 - VALO360 - DEBUG - 自動保存已禁用，跳過配置保存
2025-08-01 12:27:26,346 - VALO360 - DEBUG - 自動保存已禁用，跳過配置保存
2025-08-01 12:27:26,346 - VALO360 - DEBUG - 自動保存已禁用，跳過配置保存
2025-08-01 12:27:26,346 - VALO360 - DEBUG - 自動保存已禁用，跳過配置保存
2025-08-01 12:27:26,348 - VALO360 - DEBUG - 自動保存已禁用，跳過配置保存
2025-08-01 12:27:26,348 - VALO360 - DEBUG - 自動保存已禁用，跳過配置保存
2025-08-01 12:27:26,348 - VALO360 - DEBUG - 自動保存已禁用，跳過配置保存
2025-08-01 12:27:26,350 - VALO360 - DEBUG - 自動保存已禁用，跳過配置保存
2025-08-01 12:27:26,351 - VALO360 - DEBUG - 自動保存已禁用，跳過配置保存
2025-08-01 12:27:26,351 - VALO360 - DEBUG - 自動保存已禁用，跳過配置保存
2025-08-01 12:27:26,351 - VALO360 - DEBUG - 自動保存已禁用，跳過配置保存
2025-08-01 12:27:26,351 - VALO360 - DEBUG - 自動保存已禁用，跳過配置保存
2025-08-01 12:27:26,352 - VALO360 - DEBUG - 自動保存已禁用，跳過配置保存
2025-08-01 12:27:26,352 - VALO360 - DEBUG - 自動保存已禁用，跳過配置保存
2025-08-01 12:27:26,353 - VALO360 - DEBUG - 自動保存已禁用，跳過配置保存
2025-08-01 12:27:26,353 - VALO360 - DEBUG - 自動保存已禁用，跳過配置保存
2025-08-01 12:27:26,354 - VALO360 - DEBUG - 自動保存已禁用，跳過配置保存
2025-08-01 12:27:26,354 - VALO360 - DEBUG - 自動保存已禁用，跳過配置保存
2025-08-01 12:27:26,354 - VALO360 - DEBUG - 自動保存已禁用，跳過配置保存
2025-08-01 12:27:26,355 - VALO360 - DEBUG - 自動保存已禁用，跳過配置保存
2025-08-01 12:27:26,355 - VALO360 - DEBUG - 自動保存已禁用，跳過配置保存
2025-08-01 12:27:26,357 - VALO360 - DEBUG - 自動保存已禁用，跳過配置保存
2025-08-01 12:27:26,357 - VALO360 - DEBUG - 自動保存已禁用，跳過配置保存
2025-08-01 12:27:26,357 - VALO360 - DEBUG - 自動保存已禁用，跳過配置保存
2025-08-01 12:27:26,358 - VALO360 - DEBUG - 自動保存已禁用，跳過配置保存
2025-08-01 12:27:26,358 - VALO360 - DEBUG - 自動保存已禁用，跳過配置保存
2025-08-01 12:27:26,359 - VALO360 - DEBUG - 自動保存已禁用，跳過配置保存
2025-08-01 12:27:26,359 - VALO360 - DEBUG - 自動保存已禁用，跳過配置保存
2025-08-01 12:27:26,359 - VALO360 - DEBUG - 自動保存已禁用，跳過配置保存
2025-08-01 12:27:26,361 - VALO360 - DEBUG - 自動保存已禁用，跳過配置保存
2025-08-01 12:27:26,361 - VALO360 - DEBUG - 自動保存已禁用，跳過配置保存
2025-08-01 12:27:26,361 - VALO360 - DEBUG - 自動保存已禁用，跳過配置保存
2025-08-01 12:27:26,363 - VALO360 - DEBUG - 自動保存已禁用，跳過配置保存
2025-08-01 12:27:26,363 - VALO360 - DEBUG - 自動保存已禁用，跳過配置保存
2025-08-01 12:27:26,363 - VALO360 - DEBUG - 自動保存已禁用，跳過配置保存
2025-08-01 12:27:26,363 - VALO360 - DEBUG - 自動保存已禁用，跳過配置保存
2025-08-01 12:27:26,367 - VALO360 - DEBUG - 自動保存已禁用，跳過配置保存
2025-08-01 12:27:26,367 - VALO360 - DEBUG - 自動保存已禁用，跳過配置保存
2025-08-01 12:27:26,367 - VALO360 - DEBUG - 自動保存已禁用，跳過配置保存
2025-08-01 12:27:26,367 - VALO360 - DEBUG - 自動保存已禁用，跳過配置保存
2025-08-01 12:27:26,369 - VALO360 - DEBUG - 自動保存已禁用，跳過配置保存
2025-08-01 12:27:26,369 - VALO360 - DEBUG - 自動保存已禁用，跳過配置保存
2025-08-01 12:27:26,369 - VALO360 - DEBUG - 自動保存已禁用，跳過配置保存
2025-08-01 12:27:26,369 - VALO360 - DEBUG - 自動保存已禁用，跳過配置保存
2025-08-01 12:27:26,371 - VALO360 - DEBUG - 自動保存已禁用，跳過配置保存
2025-08-01 12:27:26,371 - VALO360 - DEBUG - 自動保存已禁用，跳過配置保存
2025-08-01 12:27:26,371 - VALO360 - DEBUG - 自動保存已禁用，跳過配置保存
2025-08-01 12:27:26,371 - VALO360 - DEBUG - 自動保存已禁用，跳過配置保存
2025-08-01 12:27:26,372 - VALO360 - DEBUG - 自動保存已禁用，跳過配置保存
2025-08-01 12:27:26,374 - VALO360 - DEBUG - 自動保存已禁用，跳過配置保存
2025-08-01 12:27:26,374 - VALO360 - DEBUG - 自動保存已禁用，跳過配置保存
2025-08-01 12:27:26,374 - VALO360 - DEBUG - 自動保存已禁用，跳過配置保存
2025-08-01 12:27:26,375 - VALO360 - DEBUG - 自動保存已禁用，跳過配置保存
2025-08-01 12:27:26,375 - VALO360 - DEBUG - 自動保存已禁用，跳過配置保存
2025-08-01 12:27:26,375 - VALO360 - DEBUG - 自動保存已禁用，跳過配置保存
2025-08-01 12:27:26,376 - VALO360 - DEBUG - 自動保存已禁用，跳過配置保存
2025-08-01 12:27:26,376 - VALO360 - DEBUG - 自動保存已禁用，跳過配置保存
2025-08-01 12:27:26,378 - VALO360 - DEBUG - 自動保存已禁用，跳過配置保存
2025-08-01 12:27:26,378 - VALO360 - DEBUG - 自動保存已禁用，跳過配置保存
2025-08-01 12:27:26,378 - VALO360 - DEBUG - 自動保存已禁用，跳過配置保存
2025-08-01 12:27:26,379 - VALO360 - DEBUG - 自動保存已禁用，跳過配置保存
2025-08-01 12:27:26,379 - VALO360 - DEBUG - 自動保存已禁用，跳過配置保存
2025-08-01 12:27:26,380 - VALO360 - DEBUG - 自動保存已禁用，跳過配置保存
2025-08-01 12:27:26,380 - VALO360 - DEBUG - 自動保存已禁用，跳過配置保存
2025-08-01 12:27:26,381 - VALO360 - DEBUG - 自動保存已禁用，跳過配置保存
2025-08-01 12:27:26,382 - VALO360 - DEBUG - 自動保存已禁用，跳過配置保存
2025-08-01 12:27:26,382 - VALO360 - DEBUG - 自動保存已禁用，跳過配置保存
2025-08-01 12:27:26,382 - VALO360 - DEBUG - 自動保存已禁用，跳過配置保存
2025-08-01 12:27:26,401 - VALO360 - DEBUG - 自動保存已禁用，跳過配置保存
2025-08-01 12:27:26,401 - VALO360 - DEBUG - 自動保存已禁用，跳過配置保存
2025-08-01 12:27:26,402 - VALO360 - DEBUG - 自動保存已禁用，跳過配置保存
2025-08-01 12:27:26,402 - VALO360 - DEBUG - 自動保存已禁用，跳過配置保存
2025-08-01 12:27:26,403 - VALO360 - DEBUG - 自動保存已禁用，跳過配置保存
2025-08-01 12:27:26,403 - VALO360 - DEBUG - 自動保存已禁用，跳過配置保存
2025-08-01 12:27:26,404 - VALO360 - DEBUG - 自動保存已禁用，跳過配置保存
2025-08-01 12:27:26,404 - VALO360 - DEBUG - 自動保存已禁用，跳過配置保存
2025-08-01 12:27:26,406 - VALO360 - DEBUG - 自動保存已禁用，跳過配置保存
2025-08-01 12:27:26,406 - VALO360 - DEBUG - 自動保存已禁用，跳過配置保存
2025-08-01 12:27:26,407 - VALO360 - DEBUG - 自動保存已禁用，跳過配置保存
2025-08-01 12:27:26,407 - VALO360 - DEBUG - 自動保存已禁用，跳過配置保存
2025-08-01 12:27:26,409 - VALO360 - DEBUG - 自動保存已禁用，跳過配置保存
2025-08-01 12:27:26,410 - VALO360 - DEBUG - 自動保存已禁用，跳過配置保存
2025-08-01 12:27:26,411 - VALO360 - DEBUG - 自動保存已禁用，跳過配置保存
2025-08-01 12:27:26,411 - VALO360 - DEBUG - 自動保存已禁用，跳過配置保存
2025-08-01 12:27:26,412 - VALO360 - DEBUG - 自動保存已禁用，跳過配置保存
2025-08-01 12:27:26,412 - VALO360 - DEBUG - 自動保存已禁用，跳過配置保存
2025-08-01 12:27:26,413 - VALO360 - DEBUG - 自動保存已禁用，跳過配置保存
2025-08-01 12:27:26,413 - VALO360 - DEBUG - 自動保存已禁用，跳過配置保存
2025-08-01 12:27:26,416 - VALO360 - DEBUG - 自動保存已禁用，跳過配置保存
2025-08-01 12:27:26,416 - VALO360 - DEBUG - 自動保存已禁用，跳過配置保存
2025-08-01 12:27:26,416 - VALO360 - DEBUG - 自動保存已禁用，跳過配置保存
2025-08-01 12:27:26,416 - VALO360 - DEBUG - 自動保存已禁用，跳過配置保存
2025-08-01 12:27:26,535 - VALO360 - DEBUG - 自動保存已禁用，跳過配置保存
2025-08-01 12:27:26,536 - VALO360 - DEBUG - 自動保存已禁用，跳過配置保存
2025-08-01 12:27:26,536 - VALO360 - DEBUG - 自動保存已禁用，跳過配置保存
2025-08-01 12:27:26,536 - VALO360 - DEBUG - 自動保存已禁用，跳過配置保存
2025-08-01 12:27:26,537 - VALO360 - DEBUG - 自動保存已禁用，跳過配置保存
2025-08-01 12:27:26,537 - VALO360 - DEBUG - 自動保存已禁用，跳過配置保存
2025-08-01 12:27:26,537 - VALO360 - DEBUG - 自動保存已禁用，跳過配置保存
2025-08-01 12:27:26,538 - VALO360 - DEBUG - 自動保存已禁用，跳過配置保存
2025-08-01 12:27:26,542 - VALO360 - DEBUG - 自動保存已禁用，跳過配置保存
2025-08-01 12:27:26,543 - VALO360 - DEBUG - 自動保存已禁用，跳過配置保存
2025-08-01 12:27:26,543 - VALO360 - DEBUG - 自動保存已禁用，跳過配置保存
2025-08-01 12:27:26,543 - VALO360 - DEBUG - 自動保存已禁用，跳過配置保存
2025-08-01 12:27:26,544 - VALO360 - DEBUG - 自動保存已禁用，跳過配置保存
2025-08-01 12:27:26,544 - VALO360 - DEBUG - 自動保存已禁用，跳過配置保存
2025-08-01 12:27:26,545 - VALO360 - DEBUG - 自動保存已禁用，跳過配置保存
2025-08-01 12:27:26,546 - VALO360 - DEBUG - 自動保存已禁用，跳過配置保存
2025-08-01 12:27:26,558 - VALO360 - DEBUG - 自動保存已禁用，跳過配置保存
2025-08-01 12:27:26,558 - VALO360 - DEBUG - 自動保存已禁用，跳過配置保存
2025-08-01 12:27:26,560 - VALO360 - DEBUG - 自動保存已禁用，跳過配置保存
2025-08-01 12:27:26,560 - VALO360 - DEBUG - 自動保存已禁用，跳過配置保存
2025-08-01 12:27:26,561 - VALO360 - DEBUG - 自動保存已禁用，跳過配置保存
2025-08-01 12:27:26,561 - VALO360 - DEBUG - 自動保存已禁用，跳過配置保存
2025-08-01 12:27:26,561 - VALO360 - DEBUG - 自動保存已禁用，跳過配置保存
2025-08-01 12:27:26,562 - VALO360 - DEBUG - 自動保存已禁用，跳過配置保存
2025-08-01 12:27:26,576 - VALO360 - DEBUG - 自動保存已禁用，跳過配置保存
2025-08-01 12:27:26,576 - VALO360 - DEBUG - 自動保存已禁用，跳過配置保存
2025-08-01 12:27:26,576 - VALO360 - DEBUG - 自動保存已禁用，跳過配置保存
2025-08-01 12:27:26,577 - VALO360 - DEBUG - 自動保存已禁用，跳過配置保存
2025-08-01 12:27:26,577 - VALO360 - DEBUG - 自動保存已禁用，跳過配置保存
2025-08-01 12:27:26,578 - VALO360 - DEBUG - 自動保存已禁用，跳過配置保存
2025-08-01 12:27:26,578 - VALO360 - DEBUG - 自動保存已禁用，跳過配置保存
2025-08-01 12:27:26,578 - VALO360 - DEBUG - 自動保存已禁用，跳過配置保存
2025-08-01 12:27:26,601 - VALO360 - DEBUG - 自動保存已禁用，跳過配置保存
2025-08-01 12:27:26,602 - VALO360 - DEBUG - 自動保存已禁用，跳過配置保存
2025-08-01 12:27:26,602 - VALO360 - DEBUG - 自動保存已禁用，跳過配置保存
2025-08-01 12:27:26,602 - VALO360 - DEBUG - 自動保存已禁用，跳過配置保存
2025-08-01 12:27:26,604 - VALO360 - DEBUG - 自動保存已禁用，跳過配置保存
2025-08-01 12:27:26,604 - VALO360 - DEBUG - 自動保存已禁用，跳過配置保存
2025-08-01 12:27:26,604 - VALO360 - DEBUG - 自動保存已禁用，跳過配置保存
2025-08-01 12:27:26,604 - VALO360 - DEBUG - 自動保存已禁用，跳過配置保存
2025-08-01 12:27:26,615 - VALO360 - DEBUG - 自動保存已禁用，跳過配置保存
2025-08-01 12:27:26,615 - VALO360 - DEBUG - 自動保存已禁用，跳過配置保存
2025-08-01 12:27:26,615 - VALO360 - DEBUG - 自動保存已禁用，跳過配置保存
2025-08-01 12:27:26,615 - VALO360 - DEBUG - 自動保存已禁用，跳過配置保存
2025-08-01 12:27:26,616 - VALO360 - DEBUG - 自動保存已禁用，跳過配置保存
2025-08-01 12:27:26,616 - VALO360 - DEBUG - 自動保存已禁用，跳過配置保存
2025-08-01 12:27:26,617 - VALO360 - DEBUG - 自動保存已禁用，跳過配置保存
2025-08-01 12:27:26,617 - VALO360 - DEBUG - 自動保存已禁用，跳過配置保存
2025-08-01 12:27:26,628 - VALO360 - DEBUG - 自動保存已禁用，跳過配置保存
2025-08-01 12:27:26,628 - VALO360 - DEBUG - 自動保存已禁用，跳過配置保存
2025-08-01 12:27:26,628 - VALO360 - DEBUG - 自動保存已禁用，跳過配置保存
2025-08-01 12:27:26,629 - VALO360 - DEBUG - 自動保存已禁用，跳過配置保存
2025-08-01 12:27:26,629 - VALO360 - DEBUG - 自動保存已禁用，跳過配置保存
2025-08-01 12:27:26,629 - VALO360 - DEBUG - 自動保存已禁用，跳過配置保存
2025-08-01 12:27:26,631 - VALO360 - DEBUG - 自動保存已禁用，跳過配置保存
2025-08-01 12:27:26,631 - VALO360 - DEBUG - 自動保存已禁用，跳過配置保存
2025-08-01 12:27:26,635 - VALO360 - DEBUG - 自動保存已禁用，跳過配置保存
2025-08-01 12:27:26,635 - VALO360 - DEBUG - 自動保存已禁用，跳過配置保存
2025-08-01 12:27:26,635 - VALO360 - DEBUG - 自動保存已禁用，跳過配置保存
2025-08-01 12:27:26,636 - VALO360 - DEBUG - 自動保存已禁用，跳過配置保存
2025-08-01 12:27:26,636 - VALO360 - DEBUG - 自動保存已禁用，跳過配置保存
2025-08-01 12:27:26,637 - VALO360 - DEBUG - 自動保存已禁用，跳過配置保存
2025-08-01 12:27:26,637 - VALO360 - DEBUG - 自動保存已禁用，跳過配置保存
2025-08-01 12:27:26,637 - VALO360 - DEBUG - 自動保存已禁用，跳過配置保存
2025-08-01 12:27:26,645 - VALO360 - DEBUG - 自動保存已禁用，跳過配置保存
2025-08-01 12:27:26,646 - VALO360 - DEBUG - 自動保存已禁用，跳過配置保存
2025-08-01 12:27:26,646 - VALO360 - DEBUG - 自動保存已禁用，跳過配置保存
2025-08-01 12:27:26,646 - VALO360 - DEBUG - 自動保存已禁用，跳過配置保存
2025-08-01 12:27:26,647 - VALO360 - DEBUG - 自動保存已禁用，跳過配置保存
2025-08-01 12:27:26,647 - VALO360 - DEBUG - 自動保存已禁用，跳過配置保存
2025-08-01 12:27:26,647 - VALO360 - DEBUG - 自動保存已禁用，跳過配置保存
2025-08-01 12:27:26,647 - VALO360 - DEBUG - 自動保存已禁用，跳過配置保存
2025-08-01 12:27:26,649 - VALO360 - DEBUG - 自動保存已禁用，跳過配置保存
2025-08-01 12:27:26,649 - VALO360 - DEBUG - 自動保存已禁用，跳過配置保存
2025-08-01 12:27:26,649 - VALO360 - DEBUG - 自動保存已禁用，跳過配置保存
2025-08-01 12:27:26,650 - VALO360 - DEBUG - 自動保存已禁用，跳過配置保存
2025-08-01 12:27:26,650 - VALO360 - DEBUG - 自動保存已禁用，跳過配置保存
2025-08-01 12:27:26,650 - VALO360 - DEBUG - 自動保存已禁用，跳過配置保存
2025-08-01 12:27:26,651 - VALO360 - DEBUG - 自動保存已禁用，跳過配置保存
2025-08-01 12:27:26,651 - VALO360 - DEBUG - 自動保存已禁用，跳過配置保存
2025-08-01 12:27:26,662 - VALO360 - DEBUG - 自動保存已禁用，跳過配置保存
2025-08-01 12:27:26,664 - VALO360 - DEBUG - 自動保存已禁用，跳過配置保存
2025-08-01 12:27:26,664 - VALO360 - DEBUG - 自動保存已禁用，跳過配置保存
2025-08-01 12:27:26,664 - VALO360 - DEBUG - 自動保存已禁用，跳過配置保存
2025-08-01 12:27:26,664 - VALO360 - DEBUG - 自動保存已禁用，跳過配置保存
2025-08-01 12:27:26,666 - VALO360 - DEBUG - 自動保存已禁用，跳過配置保存
2025-08-01 12:27:26,666 - VALO360 - DEBUG - 自動保存已禁用，跳過配置保存
2025-08-01 12:27:26,666 - VALO360 - DEBUG - 自動保存已禁用，跳過配置保存
2025-08-01 12:27:26,670 - VALO360 - DEBUG - 自動保存已禁用，跳過配置保存
2025-08-01 12:27:26,670 - VALO360 - DEBUG - 自動保存已禁用，跳過配置保存
2025-08-01 12:27:26,671 - VALO360 - DEBUG - 自動保存已禁用，跳過配置保存
2025-08-01 12:27:26,671 - VALO360 - DEBUG - 自動保存已禁用，跳過配置保存
2025-08-01 12:27:26,671 - VALO360 - DEBUG - 自動保存已禁用，跳過配置保存
2025-08-01 12:27:26,671 - VALO360 - DEBUG - 自動保存已禁用，跳過配置保存
2025-08-01 12:27:26,673 - VALO360 - DEBUG - 自動保存已禁用，跳過配置保存
2025-08-01 12:27:26,673 - VALO360 - DEBUG - 自動保存已禁用，跳過配置保存
2025-08-01 12:27:26,699 - VALO360 - DEBUG - 自動保存已禁用，跳過配置保存
2025-08-01 12:27:26,699 - VALO360 - DEBUG - 自動保存已禁用，跳過配置保存
2025-08-01 12:27:26,699 - VALO360 - DEBUG - 自動保存已禁用，跳過配置保存
2025-08-01 12:27:26,699 - VALO360 - DEBUG - 自動保存已禁用，跳過配置保存
2025-08-01 12:27:26,700 - VALO360 - DEBUG - 自動保存已禁用，跳過配置保存
2025-08-01 12:27:26,700 - VALO360 - DEBUG - 自動保存已禁用，跳過配置保存
2025-08-01 12:27:26,700 - VALO360 - DEBUG - 自動保存已禁用，跳過配置保存
2025-08-01 12:27:26,701 - VALO360 - DEBUG - 自動保存已禁用，跳過配置保存
2025-08-01 12:27:26,712 - VALO360 - DEBUG - 自動保存已禁用，跳過配置保存
2025-08-01 12:27:26,713 - VALO360 - DEBUG - 自動保存已禁用，跳過配置保存
2025-08-01 12:27:26,713 - VALO360 - DEBUG - 自動保存已禁用，跳過配置保存
2025-08-01 12:27:26,713 - VALO360 - DEBUG - 自動保存已禁用，跳過配置保存
2025-08-01 12:27:26,715 - VALO360 - DEBUG - 自動保存已禁用，跳過配置保存
2025-08-01 12:27:26,715 - VALO360 - DEBUG - 自動保存已禁用，跳過配置保存
2025-08-01 12:27:26,715 - VALO360 - DEBUG - 自動保存已禁用，跳過配置保存
2025-08-01 12:27:26,716 - VALO360 - DEBUG - 自動保存已禁用，跳過配置保存
2025-08-01 12:27:26,716 - VALO360 - DEBUG - 自動保存已禁用，跳過配置保存
2025-08-01 12:27:26,717 - VALO360 - DEBUG - 自動保存已禁用，跳過配置保存
2025-08-01 12:27:26,717 - VALO360 - DEBUG - 自動保存已禁用，跳過配置保存
2025-08-01 12:27:26,717 - VALO360 - DEBUG - 自動保存已禁用，跳過配置保存
2025-08-01 12:27:26,717 - VALO360 - DEBUG - 自動保存已禁用，跳過配置保存
2025-08-01 12:27:26,718 - VALO360 - DEBUG - 自動保存已禁用，跳過配置保存
2025-08-01 12:27:26,718 - VALO360 - DEBUG - 自動保存已禁用，跳過配置保存
2025-08-01 12:27:26,718 - VALO360 - DEBUG - 自動保存已禁用，跳過配置保存
2025-08-01 12:27:26,742 - VALO360 - DEBUG - 自動保存已禁用，跳過配置保存
2025-08-01 12:27:26,742 - VALO360 - DEBUG - 自動保存已禁用，跳過配置保存
2025-08-01 12:27:26,742 - VALO360 - DEBUG - 自動保存已禁用，跳過配置保存
2025-08-01 12:27:26,743 - VALO360 - DEBUG - 自動保存已禁用，跳過配置保存
2025-08-01 12:27:26,743 - VALO360 - DEBUG - 自動保存已禁用，跳過配置保存
2025-08-01 12:27:26,743 - VALO360 - DEBUG - 自動保存已禁用，跳過配置保存
2025-08-01 12:27:26,743 - VALO360 - DEBUG - 自動保存已禁用，跳過配置保存
2025-08-01 12:27:26,743 - VALO360 - DEBUG - 自動保存已禁用，跳過配置保存
2025-08-01 12:27:26,801 - VALO360 - DEBUG - 自動保存已禁用，跳過配置保存
2025-08-01 12:27:26,802 - VALO360 - DEBUG - 自動保存已禁用，跳過配置保存
2025-08-01 12:27:26,802 - VALO360 - DEBUG - 自動保存已禁用，跳過配置保存
2025-08-01 12:27:26,802 - VALO360 - DEBUG - 自動保存已禁用，跳過配置保存
2025-08-01 12:27:26,803 - VALO360 - DEBUG - 自動保存已禁用，跳過配置保存
2025-08-01 12:27:26,803 - VALO360 - DEBUG - 自動保存已禁用，跳過配置保存
2025-08-01 12:27:26,803 - VALO360 - DEBUG - 自動保存已禁用，跳過配置保存
2025-08-01 12:27:26,803 - VALO360 - DEBUG - 自動保存已禁用，跳過配置保存
2025-08-01 12:27:26,832 - VALO360 - DEBUG - 自動保存已禁用，跳過配置保存
2025-08-01 12:27:26,833 - VALO360 - DEBUG - 自動保存已禁用，跳過配置保存
2025-08-01 12:27:26,833 - VALO360 - DEBUG - 自動保存已禁用，跳過配置保存
2025-08-01 12:27:26,834 - VALO360 - DEBUG - 自動保存已禁用，跳過配置保存
2025-08-01 12:27:26,835 - VALO360 - DEBUG - 自動保存已禁用，跳過配置保存
2025-08-01 12:27:26,835 - VALO360 - DEBUG - 自動保存已禁用，跳過配置保存
2025-08-01 12:27:26,835 - VALO360 - DEBUG - 自動保存已禁用，跳過配置保存
2025-08-01 12:27:26,836 - VALO360 - DEBUG - 自動保存已禁用，跳過配置保存
2025-08-01 12:27:26,838 - VALO360 - DEBUG - 自動保存已禁用，跳過配置保存
2025-08-01 12:27:26,838 - VALO360 - DEBUG - 自動保存已禁用，跳過配置保存
2025-08-01 12:27:26,839 - VALO360 - DEBUG - 自動保存已禁用，跳過配置保存
2025-08-01 12:27:26,839 - VALO360 - DEBUG - 自動保存已禁用，跳過配置保存
2025-08-01 12:27:26,841 - VALO360 - DEBUG - 自動保存已禁用，跳過配置保存
2025-08-01 12:27:26,841 - VALO360 - DEBUG - 自動保存已禁用，跳過配置保存
2025-08-01 12:27:26,842 - VALO360 - DEBUG - 自動保存已禁用，跳過配置保存
2025-08-01 12:27:26,842 - VALO360 - DEBUG - 自動保存已禁用，跳過配置保存
2025-08-01 12:27:26,844 - VALO360 - DEBUG - 自動保存已禁用，跳過配置保存
2025-08-01 12:27:26,845 - VALO360 - DEBUG - 自動保存已禁用，跳過配置保存
2025-08-01 12:27:26,845 - VALO360 - DEBUG - 自動保存已禁用，跳過配置保存
2025-08-01 12:27:26,845 - VALO360 - DEBUG - 自動保存已禁用，跳過配置保存
2025-08-01 12:27:26,847 - VALO360 - DEBUG - 自動保存已禁用，跳過配置保存
2025-08-01 12:27:26,848 - VALO360 - DEBUG - 自動保存已禁用，跳過配置保存
2025-08-01 12:27:26,848 - VALO360 - DEBUG - 自動保存已禁用，跳過配置保存
2025-08-01 12:27:26,848 - VALO360 - DEBUG - 自動保存已禁用，跳過配置保存
2025-08-01 12:27:26,851 - VALO360 - DEBUG - 自動保存已禁用，跳過配置保存
2025-08-01 12:27:26,852 - VALO360 - DEBUG - 自動保存已禁用，跳過配置保存
2025-08-01 12:27:26,853 - VALO360 - DEBUG - 自動保存已禁用，跳過配置保存
2025-08-01 12:27:26,853 - VALO360 - DEBUG - 自動保存已禁用，跳過配置保存
2025-08-01 12:27:26,856 - VALO360 - DEBUG - 自動保存已禁用，跳過配置保存
2025-08-01 12:27:26,856 - VALO360 - DEBUG - 自動保存已禁用，跳過配置保存
2025-08-01 12:27:26,857 - VALO360 - DEBUG - 自動保存已禁用，跳過配置保存
2025-08-01 12:27:26,857 - VALO360 - DEBUG - 自動保存已禁用，跳過配置保存
2025-08-01 12:27:26,859 - VALO360 - DEBUG - 自動保存已禁用，跳過配置保存
2025-08-01 12:27:26,859 - VALO360 - DEBUG - 自動保存已禁用，跳過配置保存
2025-08-01 12:27:26,859 - VALO360 - DEBUG - 自動保存已禁用，跳過配置保存
2025-08-01 12:27:26,859 - VALO360 - DEBUG - 自動保存已禁用，跳過配置保存
2025-08-01 12:27:26,861 - VALO360 - DEBUG - 自動保存已禁用，跳過配置保存
2025-08-01 12:27:26,861 - VALO360 - DEBUG - 自動保存已禁用，跳過配置保存
2025-08-01 12:27:26,861 - VALO360 - DEBUG - 自動保存已禁用，跳過配置保存
2025-08-01 12:27:26,862 - VALO360 - DEBUG - 自動保存已禁用，跳過配置保存
2025-08-01 12:27:26,863 - VALO360 - DEBUG - 自動保存已禁用，跳過配置保存
2025-08-01 12:27:26,865 - VALO360 - DEBUG - 自動保存已禁用，跳過配置保存
2025-08-01 12:27:26,865 - VALO360 - DEBUG - 自動保存已禁用，跳過配置保存
2025-08-01 12:27:26,865 - VALO360 - DEBUG - 自動保存已禁用，跳過配置保存
2025-08-01 12:27:26,866 - VALO360 - DEBUG - 自動保存已禁用，跳過配置保存
2025-08-01 12:27:26,867 - VALO360 - DEBUG - 自動保存已禁用，跳過配置保存
2025-08-01 12:27:26,867 - VALO360 - DEBUG - 自動保存已禁用，跳過配置保存
2025-08-01 12:27:26,867 - VALO360 - DEBUG - 自動保存已禁用，跳過配置保存
2025-08-01 12:27:26,869 - VALO360 - DEBUG - 自動保存已禁用，跳過配置保存
2025-08-01 12:27:26,869 - VALO360 - DEBUG - 自動保存已禁用，跳過配置保存
2025-08-01 12:27:26,869 - VALO360 - DEBUG - 自動保存已禁用，跳過配置保存
2025-08-01 12:27:26,870 - VALO360 - DEBUG - 自動保存已禁用，跳過配置保存
2025-08-01 12:27:26,871 - VALO360 - DEBUG - 自動保存已禁用，跳過配置保存
2025-08-01 12:27:26,871 - VALO360 - DEBUG - 自動保存已禁用，跳過配置保存
2025-08-01 12:27:26,871 - VALO360 - DEBUG - 自動保存已禁用，跳過配置保存
2025-08-01 12:27:26,872 - VALO360 - DEBUG - 自動保存已禁用，跳過配置保存
2025-08-01 12:27:26,874 - VALO360 - DEBUG - 自動保存已禁用，跳過配置保存
2025-08-01 12:27:26,874 - VALO360 - DEBUG - 自動保存已禁用，跳過配置保存
2025-08-01 12:27:26,875 - VALO360 - DEBUG - 自動保存已禁用，跳過配置保存
2025-08-01 12:27:26,875 - VALO360 - DEBUG - 自動保存已禁用，跳過配置保存
2025-08-01 12:27:26,876 - VALO360 - DEBUG - 自動保存已禁用，跳過配置保存
2025-08-01 12:27:26,876 - VALO360 - DEBUG - 自動保存已禁用，跳過配置保存
2025-08-01 12:27:26,877 - VALO360 - DEBUG - 自動保存已禁用，跳過配置保存
2025-08-01 12:27:26,877 - VALO360 - DEBUG - 自動保存已禁用，跳過配置保存
2025-08-01 12:27:26,878 - VALO360 - DEBUG - 自動保存已禁用，跳過配置保存
2025-08-01 12:27:26,879 - VALO360 - DEBUG - 自動保存已禁用，跳過配置保存
2025-08-01 12:27:26,879 - VALO360 - DEBUG - 自動保存已禁用，跳過配置保存
2025-08-01 12:27:26,879 - VALO360 - DEBUG - 自動保存已禁用，跳過配置保存
2025-08-01 12:27:26,882 - VALO360 - DEBUG - 自動保存已禁用，跳過配置保存
2025-08-01 12:27:26,882 - VALO360 - DEBUG - 自動保存已禁用，跳過配置保存
2025-08-01 12:27:26,882 - VALO360 - DEBUG - 自動保存已禁用，跳過配置保存
2025-08-01 12:27:26,884 - VALO360 - DEBUG - 自動保存已禁用，跳過配置保存
2025-08-01 12:27:26,920 - VALO360 - DEBUG - 自動保存已禁用，跳過配置保存
2025-08-01 12:27:26,921 - VALO360 - DEBUG - 自動保存已禁用，跳過配置保存
2025-08-01 12:27:26,921 - VALO360 - DEBUG - 自動保存已禁用，跳過配置保存
2025-08-01 12:27:26,921 - VALO360 - DEBUG - 自動保存已禁用，跳過配置保存
2025-08-01 12:27:26,924 - VALO360 - DEBUG - 自動保存已禁用，跳過配置保存
2025-08-01 12:27:26,924 - VALO360 - DEBUG - 自動保存已禁用，跳過配置保存
2025-08-01 12:27:26,925 - VALO360 - DEBUG - 自動保存已禁用，跳過配置保存
2025-08-01 12:27:26,925 - VALO360 - DEBUG - 自動保存已禁用，跳過配置保存
2025-08-01 12:27:26,926 - VALO360 - DEBUG - 自動保存已禁用，跳過配置保存
2025-08-01 12:27:26,926 - VALO360 - DEBUG - 自動保存已禁用，跳過配置保存
2025-08-01 12:27:26,927 - VALO360 - DEBUG - 自動保存已禁用，跳過配置保存
2025-08-01 12:27:26,927 - VALO360 - DEBUG - 自動保存已禁用，跳過配置保存
2025-08-01 12:27:26,928 - VALO360 - DEBUG - 自動保存已禁用，跳過配置保存
2025-08-01 12:27:26,929 - VALO360 - DEBUG - 自動保存已禁用，跳過配置保存
2025-08-01 12:27:26,929 - VALO360 - DEBUG - 自動保存已禁用，跳過配置保存
2025-08-01 12:27:26,929 - VALO360 - DEBUG - 自動保存已禁用，跳過配置保存
2025-08-01 12:27:26,931 - VALO360 - DEBUG - 自動保存已禁用，跳過配置保存
2025-08-01 12:27:26,932 - VALO360 - DEBUG - 自動保存已禁用，跳過配置保存
2025-08-01 12:27:26,932 - VALO360 - DEBUG - 自動保存已禁用，跳過配置保存
2025-08-01 12:27:26,932 - VALO360 - DEBUG - 自動保存已禁用，跳過配置保存
2025-08-01 12:27:26,934 - VALO360 - DEBUG - 自動保存已禁用，跳過配置保存
2025-08-01 12:27:26,934 - VALO360 - DEBUG - 自動保存已禁用，跳過配置保存
2025-08-01 12:27:26,934 - VALO360 - DEBUG - 自動保存已禁用，跳過配置保存
2025-08-01 12:27:26,935 - VALO360 - DEBUG - 自動保存已禁用，跳過配置保存
2025-08-01 12:27:26,936 - VALO360 - DEBUG - 自動保存已禁用，跳過配置保存
2025-08-01 12:27:26,936 - VALO360 - DEBUG - 自動保存已禁用，跳過配置保存
2025-08-01 12:27:26,937 - VALO360 - DEBUG - 自動保存已禁用，跳過配置保存
2025-08-01 12:27:26,937 - VALO360 - DEBUG - 自動保存已禁用，跳過配置保存
2025-08-01 12:27:26,938 - VALO360 - DEBUG - 自動保存已禁用，跳過配置保存
2025-08-01 12:27:26,938 - VALO360 - DEBUG - 自動保存已禁用，跳過配置保存
2025-08-01 12:27:26,940 - VALO360 - DEBUG - 自動保存已禁用，跳過配置保存
2025-08-01 12:27:26,940 - VALO360 - DEBUG - 自動保存已禁用，跳過配置保存
2025-08-01 12:27:26,941 - VALO360 - DEBUG - 自動保存已禁用，跳過配置保存
2025-08-01 12:27:26,941 - VALO360 - DEBUG - 自動保存已禁用，跳過配置保存
2025-08-01 12:27:26,941 - VALO360 - DEBUG - 自動保存已禁用，跳過配置保存
2025-08-01 12:27:26,942 - VALO360 - DEBUG - 自動保存已禁用，跳過配置保存
2025-08-01 12:27:26,943 - VALO360 - DEBUG - 自動保存已禁用，跳過配置保存
2025-08-01 12:27:26,943 - VALO360 - DEBUG - 自動保存已禁用，跳過配置保存
2025-08-01 12:27:26,943 - VALO360 - DEBUG - 自動保存已禁用，跳過配置保存
2025-08-01 12:27:26,944 - VALO360 - DEBUG - 自動保存已禁用，跳過配置保存
2025-08-01 12:27:26,945 - VALO360 - DEBUG - 自動保存已禁用，跳過配置保存
2025-08-01 12:27:26,945 - VALO360 - DEBUG - 自動保存已禁用，跳過配置保存
2025-08-01 12:27:26,945 - VALO360 - DEBUG - 自動保存已禁用，跳過配置保存
2025-08-01 12:27:26,945 - VALO360 - DEBUG - 自動保存已禁用，跳過配置保存
2025-08-01 12:27:26,946 - VALO360 - DEBUG - 自動保存已禁用，跳過配置保存
2025-08-01 12:27:26,946 - VALO360 - DEBUG - 自動保存已禁用，跳過配置保存
2025-08-01 12:27:26,947 - VALO360 - DEBUG - 自動保存已禁用，跳過配置保存
2025-08-01 12:27:26,947 - VALO360 - DEBUG - 自動保存已禁用，跳過配置保存
2025-08-01 12:27:26,949 - VALO360 - DEBUG - 自動保存已禁用，跳過配置保存
2025-08-01 12:27:26,949 - VALO360 - DEBUG - 自動保存已禁用，跳過配置保存
2025-08-01 12:27:26,949 - VALO360 - DEBUG - 自動保存已禁用，跳過配置保存
2025-08-01 12:27:26,949 - VALO360 - DEBUG - 自動保存已禁用，跳過配置保存
2025-08-01 12:27:26,950 - VALO360 - DEBUG - 自動保存已禁用，跳過配置保存
2025-08-01 12:27:26,950 - VALO360 - DEBUG - 自動保存已禁用，跳過配置保存
2025-08-01 12:27:26,950 - VALO360 - DEBUG - 自動保存已禁用，跳過配置保存
2025-08-01 12:27:26,951 - VALO360 - DEBUG - 自動保存已禁用，跳過配置保存
2025-08-01 12:27:26,952 - VALO360 - DEBUG - 自動保存已禁用，跳過配置保存
2025-08-01 12:27:26,952 - VALO360 - DEBUG - 自動保存已禁用，跳過配置保存
2025-08-01 12:27:26,952 - VALO360 - DEBUG - 自動保存已禁用，跳過配置保存
2025-08-01 12:27:26,952 - VALO360 - DEBUG - 自動保存已禁用，跳過配置保存
2025-08-01 12:27:26,953 - VALO360 - DEBUG - 自動保存已禁用，跳過配置保存
2025-08-01 12:27:26,953 - VALO360 - DEBUG - 自動保存已禁用，跳過配置保存
2025-08-01 12:27:26,953 - VALO360 - DEBUG - 自動保存已禁用，跳過配置保存
2025-08-01 12:27:26,954 - VALO360 - DEBUG - 自動保存已禁用，跳過配置保存
2025-08-01 12:27:26,954 - VALO360 - DEBUG - 自動保存已禁用，跳過配置保存
2025-08-01 12:27:26,956 - VALO360 - DEBUG - 自動保存已禁用，跳過配置保存
2025-08-01 12:27:26,956 - VALO360 - DEBUG - 自動保存已禁用，跳過配置保存
2025-08-01 12:27:26,956 - VALO360 - DEBUG - 自動保存已禁用，跳過配置保存
2025-08-01 12:27:26,957 - VALO360 - DEBUG - 自動保存已禁用，跳過配置保存
2025-08-01 12:27:26,957 - VALO360 - DEBUG - 自動保存已禁用，跳過配置保存
2025-08-01 12:27:26,958 - VALO360 - DEBUG - 自動保存已禁用，跳過配置保存
2025-08-01 12:27:26,958 - VALO360 - DEBUG - 自動保存已禁用，跳過配置保存
2025-08-01 12:27:26,959 - VALO360 - DEBUG - 自動保存已禁用，跳過配置保存
2025-08-01 12:27:26,959 - VALO360 - DEBUG - 自動保存已禁用，跳過配置保存
2025-08-01 12:27:26,959 - VALO360 - DEBUG - 自動保存已禁用，跳過配置保存
2025-08-01 12:27:26,959 - VALO360 - DEBUG - 自動保存已禁用，跳過配置保存
2025-08-01 12:27:26,960 - VALO360 - DEBUG - 自動保存已禁用，跳過配置保存
2025-08-01 12:27:26,961 - VALO360 - DEBUG - 自動保存已禁用，跳過配置保存
2025-08-01 12:27:26,961 - VALO360 - DEBUG - 自動保存已禁用，跳過配置保存
2025-08-01 12:27:26,961 - VALO360 - DEBUG - 自動保存已禁用，跳過配置保存
2025-08-01 12:27:26,962 - VALO360 - DEBUG - 自動保存已禁用，跳過配置保存
2025-08-01 12:27:26,962 - VALO360 - DEBUG - 自動保存已禁用，跳過配置保存
2025-08-01 12:27:26,962 - VALO360 - DEBUG - 自動保存已禁用，跳過配置保存
2025-08-01 12:27:26,963 - VALO360 - DEBUG - 自動保存已禁用，跳過配置保存
2025-08-01 12:27:26,964 - VALO360 - DEBUG - 自動保存已禁用，跳過配置保存
2025-08-01 12:27:26,964 - VALO360 - DEBUG - 自動保存已禁用，跳過配置保存
2025-08-01 12:27:26,964 - VALO360 - DEBUG - 自動保存已禁用，跳過配置保存
2025-08-01 12:27:26,964 - VALO360 - DEBUG - 自動保存已禁用，跳過配置保存
2025-08-01 12:27:26,965 - VALO360 - DEBUG - 自動保存已禁用，跳過配置保存
2025-08-01 12:27:26,965 - VALO360 - DEBUG - 自動保存已禁用，跳過配置保存
2025-08-01 12:27:26,966 - VALO360 - DEBUG - 自動保存已禁用，跳過配置保存
2025-08-01 12:27:26,966 - VALO360 - DEBUG - 自動保存已禁用，跳過配置保存
2025-08-01 12:27:26,967 - VALO360 - DEBUG - 自動保存已禁用，跳過配置保存
2025-08-01 12:27:26,967 - VALO360 - DEBUG - 自動保存已禁用，跳過配置保存
2025-08-01 12:27:26,967 - VALO360 - DEBUG - 自動保存已禁用，跳過配置保存
2025-08-01 12:27:26,968 - VALO360 - DEBUG - 自動保存已禁用，跳過配置保存
2025-08-01 12:27:26,969 - VALO360 - DEBUG - 自動保存已禁用，跳過配置保存
2025-08-01 12:27:26,969 - VALO360 - DEBUG - 自動保存已禁用，跳過配置保存
2025-08-01 12:27:26,969 - VALO360 - DEBUG - 自動保存已禁用，跳過配置保存
2025-08-01 12:27:26,969 - VALO360 - DEBUG - 自動保存已禁用，跳過配置保存
2025-08-01 12:27:26,970 - VALO360 - DEBUG - 自動保存已禁用，跳過配置保存
2025-08-01 12:27:26,971 - VALO360 - DEBUG - 自動保存已禁用，跳過配置保存
2025-08-01 12:27:26,971 - VALO360 - DEBUG - 自動保存已禁用，跳過配置保存
2025-08-01 12:27:26,971 - VALO360 - DEBUG - 自動保存已禁用，跳過配置保存
2025-08-01 12:27:26,973 - VALO360 - DEBUG - 自動保存已禁用，跳過配置保存
2025-08-01 12:27:26,973 - VALO360 - DEBUG - 自動保存已禁用，跳過配置保存
2025-08-01 12:27:26,973 - VALO360 - DEBUG - 自動保存已禁用，跳過配置保存
2025-08-01 12:27:26,973 - VALO360 - DEBUG - 自動保存已禁用，跳過配置保存
2025-08-01 12:27:26,975 - VALO360 - DEBUG - 自動保存已禁用，跳過配置保存
2025-08-01 12:27:26,975 - VALO360 - DEBUG - 自動保存已禁用，跳過配置保存
2025-08-01 12:27:26,975 - VALO360 - DEBUG - 自動保存已禁用，跳過配置保存
2025-08-01 12:27:26,975 - VALO360 - DEBUG - 自動保存已禁用，跳過配置保存
2025-08-01 12:27:26,978 - VALO360 - DEBUG - 自動保存已禁用，跳過配置保存
2025-08-01 12:27:26,979 - VALO360 - DEBUG - 自動保存已禁用，跳過配置保存
2025-08-01 12:27:26,979 - VALO360 - DEBUG - 自動保存已禁用，跳過配置保存
2025-08-01 12:27:26,979 - VALO360 - DEBUG - 自動保存已禁用，跳過配置保存
2025-08-01 12:27:26,981 - VALO360 - DEBUG - 自動保存已禁用，跳過配置保存
2025-08-01 12:27:26,983 - VALO360 - DEBUG - 自動保存已禁用，跳過配置保存
2025-08-01 12:27:26,983 - VALO360 - DEBUG - 自動保存已禁用，跳過配置保存
2025-08-01 12:27:26,984 - VALO360 - DEBUG - 自動保存已禁用，跳過配置保存
2025-08-01 12:27:26,986 - VALO360 - DEBUG - 自動保存已禁用，跳過配置保存
2025-08-01 12:27:26,986 - VALO360 - DEBUG - 自動保存已禁用，跳過配置保存
2025-08-01 12:27:26,986 - VALO360 - DEBUG - 自動保存已禁用，跳過配置保存
2025-08-01 12:27:26,987 - VALO360 - DEBUG - 自動保存已禁用，跳過配置保存
2025-08-01 12:27:26,988 - VALO360 - DEBUG - 自動保存已禁用，跳過配置保存
2025-08-01 12:27:26,988 - VALO360 - DEBUG - 自動保存已禁用，跳過配置保存
2025-08-01 12:27:26,988 - VALO360 - DEBUG - 自動保存已禁用，跳過配置保存
2025-08-01 12:27:26,989 - VALO360 - DEBUG - 自動保存已禁用，跳過配置保存
2025-08-01 12:27:26,989 - VALO360 - DEBUG - 自動保存已禁用，跳過配置保存
2025-08-01 12:27:26,990 - VALO360 - DEBUG - 自動保存已禁用，跳過配置保存
2025-08-01 12:27:26,990 - VALO360 - DEBUG - 自動保存已禁用，跳過配置保存
2025-08-01 12:27:26,990 - VALO360 - DEBUG - 自動保存已禁用，跳過配置保存
2025-08-01 12:27:26,991 - VALO360 - DEBUG - 自動保存已禁用，跳過配置保存
2025-08-01 12:27:26,992 - VALO360 - DEBUG - 自動保存已禁用，跳過配置保存
2025-08-01 12:27:26,992 - VALO360 - DEBUG - 自動保存已禁用，跳過配置保存
2025-08-01 12:27:26,993 - VALO360 - DEBUG - 自動保存已禁用，跳過配置保存
2025-08-01 12:27:26,994 - VALO360 - DEBUG - 自動保存已禁用，跳過配置保存
2025-08-01 12:27:26,994 - VALO360 - DEBUG - 自動保存已禁用，跳過配置保存
2025-08-01 12:27:26,995 - VALO360 - DEBUG - 自動保存已禁用，跳過配置保存
2025-08-01 12:27:26,995 - VALO360 - DEBUG - 自動保存已禁用，跳過配置保存
2025-08-01 12:27:26,996 - VALO360 - DEBUG - 自動保存已禁用，跳過配置保存
2025-08-01 12:27:26,996 - VALO360 - DEBUG - 自動保存已禁用，跳過配置保存
2025-08-01 12:27:26,996 - VALO360 - DEBUG - 自動保存已禁用，跳過配置保存
2025-08-01 12:27:26,997 - VALO360 - DEBUG - 自動保存已禁用，跳過配置保存
2025-08-01 12:27:26,999 - VALO360 - DEBUG - 自動保存已禁用，跳過配置保存
2025-08-01 12:27:27,000 - VALO360 - DEBUG - 自動保存已禁用，跳過配置保存
2025-08-01 12:27:27,000 - VALO360 - DEBUG - 自動保存已禁用，跳過配置保存
2025-08-01 12:27:27,000 - VALO360 - DEBUG - 自動保存已禁用，跳過配置保存
2025-08-01 12:27:27,002 - VALO360 - DEBUG - 自動保存已禁用，跳過配置保存
2025-08-01 12:27:27,002 - VALO360 - DEBUG - 自動保存已禁用，跳過配置保存
2025-08-01 12:27:27,002 - VALO360 - DEBUG - 自動保存已禁用，跳過配置保存
2025-08-01 12:27:27,004 - VALO360 - DEBUG - 自動保存已禁用，跳過配置保存
2025-08-01 12:27:27,005 - VALO360 - DEBUG - 自動保存已禁用，跳過配置保存
2025-08-01 12:27:27,005 - VALO360 - DEBUG - 自動保存已禁用，跳過配置保存
2025-08-01 12:27:27,005 - VALO360 - DEBUG - 自動保存已禁用，跳過配置保存
2025-08-01 12:27:27,005 - VALO360 - DEBUG - 自動保存已禁用，跳過配置保存
2025-08-01 12:27:27,008 - VALO360 - DEBUG - 自動保存已禁用，跳過配置保存
2025-08-01 12:27:27,008 - VALO360 - DEBUG - 自動保存已禁用，跳過配置保存
2025-08-01 12:27:27,008 - VALO360 - DEBUG - 自動保存已禁用，跳過配置保存
2025-08-01 12:27:27,008 - VALO360 - DEBUG - 自動保存已禁用，跳過配置保存
2025-08-01 12:27:27,009 - VALO360 - DEBUG - 自動保存已禁用，跳過配置保存
2025-08-01 12:27:27,010 - VALO360 - DEBUG - 自動保存已禁用，跳過配置保存
2025-08-01 12:27:27,010 - VALO360 - DEBUG - 自動保存已禁用，跳過配置保存
2025-08-01 12:27:27,010 - VALO360 - DEBUG - 自動保存已禁用，跳過配置保存
2025-08-01 12:27:27,011 - VALO360 - DEBUG - 自動保存已禁用，跳過配置保存
2025-08-01 12:27:27,011 - VALO360 - DEBUG - 自動保存已禁用，跳過配置保存
2025-08-01 12:27:27,011 - VALO360 - DEBUG - 自動保存已禁用，跳過配置保存
2025-08-01 12:27:27,013 - VALO360 - DEBUG - 自動保存已禁用，跳過配置保存
2025-08-01 12:27:27,014 - VALO360 - DEBUG - 自動保存已禁用，跳過配置保存
2025-08-01 12:27:27,014 - VALO360 - DEBUG - 自動保存已禁用，跳過配置保存
2025-08-01 12:27:27,014 - VALO360 - DEBUG - 自動保存已禁用，跳過配置保存
2025-08-01 12:27:27,014 - VALO360 - DEBUG - 自動保存已禁用，跳過配置保存
2025-08-01 12:27:27,015 - VALO360 - DEBUG - 自動保存已禁用，跳過配置保存
2025-08-01 12:27:27,016 - VALO360 - DEBUG - 自動保存已禁用，跳過配置保存
2025-08-01 12:27:27,016 - VALO360 - DEBUG - 自動保存已禁用，跳過配置保存
2025-08-01 12:27:27,016 - VALO360 - DEBUG - 自動保存已禁用，跳過配置保存
2025-08-01 12:27:27,017 - VALO360 - DEBUG - 自動保存已禁用，跳過配置保存
2025-08-01 12:27:27,017 - VALO360 - DEBUG - 自動保存已禁用，跳過配置保存
2025-08-01 12:27:27,017 - VALO360 - DEBUG - 自動保存已禁用，跳過配置保存
2025-08-01 12:27:27,018 - VALO360 - DEBUG - 自動保存已禁用，跳過配置保存
2025-08-01 12:27:27,019 - VALO360 - DEBUG - 自動保存已禁用，跳過配置保存
2025-08-01 12:27:27,019 - VALO360 - DEBUG - 自動保存已禁用，跳過配置保存
2025-08-01 12:27:27,019 - VALO360 - DEBUG - 自動保存已禁用，跳過配置保存
2025-08-01 12:27:27,019 - VALO360 - DEBUG - 自動保存已禁用，跳過配置保存
2025-08-01 12:27:27,020 - VALO360 - DEBUG - 自動保存已禁用，跳過配置保存
2025-08-01 12:27:27,020 - VALO360 - DEBUG - 自動保存已禁用，跳過配置保存
2025-08-01 12:27:27,020 - VALO360 - DEBUG - 自動保存已禁用，跳過配置保存
2025-08-01 12:27:27,022 - VALO360 - DEBUG - 自動保存已禁用，跳過配置保存
2025-08-01 12:27:27,023 - VALO360 - DEBUG - 自動保存已禁用，跳過配置保存
2025-08-01 12:27:27,023 - VALO360 - DEBUG - 自動保存已禁用，跳過配置保存
2025-08-01 12:27:27,023 - VALO360 - DEBUG - 自動保存已禁用，跳過配置保存
2025-08-01 12:27:27,023 - VALO360 - DEBUG - 自動保存已禁用，跳過配置保存
2025-08-01 12:27:27,025 - VALO360 - DEBUG - 自動保存已禁用，跳過配置保存
2025-08-01 12:27:27,025 - VALO360 - DEBUG - 自動保存已禁用，跳過配置保存
2025-08-01 12:27:27,025 - VALO360 - DEBUG - 自動保存已禁用，跳過配置保存
2025-08-01 12:27:27,026 - VALO360 - DEBUG - 自動保存已禁用，跳過配置保存
2025-08-01 12:27:27,027 - VALO360 - DEBUG - 自動保存已禁用，跳過配置保存
2025-08-01 12:27:27,027 - VALO360 - DEBUG - 自動保存已禁用，跳過配置保存
2025-08-01 12:27:27,027 - VALO360 - DEBUG - 自動保存已禁用，跳過配置保存
2025-08-01 12:27:27,027 - VALO360 - DEBUG - 自動保存已禁用，跳過配置保存
2025-08-01 12:27:27,028 - VALO360 - DEBUG - 自動保存已禁用，跳過配置保存
2025-08-01 12:27:27,028 - VALO360 - DEBUG - 自動保存已禁用，跳過配置保存
2025-08-01 12:27:27,028 - VALO360 - DEBUG - 自動保存已禁用，跳過配置保存
2025-08-01 12:27:27,030 - VALO360 - DEBUG - 自動保存已禁用，跳過配置保存
2025-08-01 12:27:27,032 - VALO360 - DEBUG - 自動保存已禁用，跳過配置保存
2025-08-01 12:27:27,032 - VALO360 - DEBUG - 自動保存已禁用，跳過配置保存
2025-08-01 12:27:27,032 - VALO360 - DEBUG - 自動保存已禁用，跳過配置保存
2025-08-01 12:27:27,032 - VALO360 - DEBUG - 自動保存已禁用，跳過配置保存
2025-08-01 12:27:27,033 - VALO360 - DEBUG - 自動保存已禁用，跳過配置保存
2025-08-01 12:27:27,033 - VALO360 - DEBUG - 自動保存已禁用，跳過配置保存
2025-08-01 12:27:27,033 - VALO360 - DEBUG - 自動保存已禁用，跳過配置保存
2025-08-01 12:27:27,034 - VALO360 - DEBUG - 自動保存已禁用，跳過配置保存
2025-08-01 12:27:27,040 - VALO360 - DEBUG - 自動保存已禁用，跳過配置保存
2025-08-01 12:27:27,040 - VALO360 - DEBUG - 自動保存已禁用，跳過配置保存
2025-08-01 12:27:27,041 - VALO360 - DEBUG - 自動保存已禁用，跳過配置保存
2025-08-01 12:27:27,041 - VALO360 - DEBUG - 自動保存已禁用，跳過配置保存
2025-08-01 12:27:27,042 - VALO360 - DEBUG - 自動保存已禁用，跳過配置保存
2025-08-01 12:27:27,042 - VALO360 - DEBUG - 自動保存已禁用，跳過配置保存
2025-08-01 12:27:27,042 - VALO360 - DEBUG - 自動保存已禁用，跳過配置保存
2025-08-01 12:27:27,042 - VALO360 - DEBUG - 自動保存已禁用，跳過配置保存
2025-08-01 12:27:27,043 - VALO360 - DEBUG - 自動保存已禁用，跳過配置保存
2025-08-01 12:27:27,043 - VALO360 - DEBUG - 自動保存已禁用，跳過配置保存
2025-08-01 12:27:27,044 - VALO360 - DEBUG - 自動保存已禁用，跳過配置保存
2025-08-01 12:27:27,044 - VALO360 - DEBUG - 自動保存已禁用，跳過配置保存
2025-08-01 12:27:27,050 - VALO360 - DEBUG - 自動保存已禁用，跳過配置保存
2025-08-01 12:27:27,051 - VALO360 - DEBUG - 自動保存已禁用，跳過配置保存
2025-08-01 12:27:27,051 - VALO360 - DEBUG - 自動保存已禁用，跳過配置保存
2025-08-01 12:27:27,051 - VALO360 - DEBUG - 自動保存已禁用，跳過配置保存
2025-08-01 12:27:27,192 - VALO360 - DEBUG - 自動保存已禁用，跳過配置保存
2025-08-01 12:27:27,192 - VALO360 - DEBUG - 自動保存已禁用，跳過配置保存
2025-08-01 12:27:27,192 - VALO360 - DEBUG - 自動保存已禁用，跳過配置保存
2025-08-01 12:27:27,192 - VALO360 - DEBUG - 自動保存已禁用，跳過配置保存
2025-08-01 12:27:27,192 - VALO360 - DEBUG - 自動保存已禁用，跳過配置保存
2025-08-01 12:27:27,192 - VALO360 - DEBUG - 自動保存已禁用，跳過配置保存
2025-08-01 12:27:27,192 - VALO360 - DEBUG - 自動保存已禁用，跳過配置保存
2025-08-01 12:27:27,192 - VALO360 - DEBUG - 自動保存已禁用，跳過配置保存
2025-08-01 12:27:27,192 - VALO360 - DEBUG - 自動保存已禁用，跳過配置保存
2025-08-01 12:27:27,192 - VALO360 - DEBUG - 自動保存已禁用，跳過配置保存
2025-08-01 12:27:27,202 - VALO360 - DEBUG - 自動保存已禁用，跳過配置保存
2025-08-01 12:27:27,202 - VALO360 - DEBUG - 自動保存已禁用，跳過配置保存
2025-08-01 12:27:27,202 - VALO360 - DEBUG - 自動保存已禁用，跳過配置保存
2025-08-01 12:27:27,204 - VALO360 - DEBUG - 自動保存已禁用，跳過配置保存
2025-08-01 12:27:27,204 - VALO360 - DEBUG - 自動保存已禁用，跳過配置保存
2025-08-01 12:27:27,204 - VALO360 - DEBUG - 自動保存已禁用，跳過配置保存
2025-08-01 12:27:27,206 - VALO360 - DEBUG - 自動保存已禁用，跳過配置保存
2025-08-01 12:27:27,206 - VALO360 - DEBUG - 自動保存已禁用，跳過配置保存
2025-08-01 12:27:27,206 - VALO360 - DEBUG - 自動保存已禁用，跳過配置保存
2025-08-01 12:27:27,206 - VALO360 - DEBUG - 自動保存已禁用，跳過配置保存
2025-08-01 12:27:27,206 - VALO360 - DEBUG - 自動保存已禁用，跳過配置保存
2025-08-01 12:27:27,206 - VALO360 - DEBUG - 自動保存已禁用，跳過配置保存
2025-08-01 12:27:27,206 - VALO360 - DEBUG - 自動保存已禁用，跳過配置保存
2025-08-01 12:27:27,206 - VALO360 - DEBUG - 自動保存已禁用，跳過配置保存
2025-08-01 12:27:27,206 - VALO360 - DEBUG - 自動保存已禁用，跳過配置保存
2025-08-01 12:27:27,206 - VALO360 - DEBUG - 自動保存已禁用，跳過配置保存
2025-08-01 12:27:27,206 - VALO360 - DEBUG - 自動保存已禁用，跳過配置保存
2025-08-01 12:27:27,206 - VALO360 - DEBUG - 自動保存已禁用，跳過配置保存
2025-08-01 12:27:27,212 - VALO360 - DEBUG - 自動保存已禁用，跳過配置保存
2025-08-01 12:27:27,213 - VALO360 - DEBUG - 自動保存已禁用，跳過配置保存
2025-08-01 12:27:27,213 - VALO360 - DEBUG - 自動保存已禁用，跳過配置保存
2025-08-01 12:27:27,213 - VALO360 - DEBUG - 自動保存已禁用，跳過配置保存
2025-08-01 12:27:37,230 - VALO360 - DEBUG - 自動保存已禁用，跳過配置保存
2025-08-01 12:27:37,232 - VALO360 - DEBUG - 自動保存已禁用，跳過配置保存
2025-08-01 12:27:37,232 - VALO360 - DEBUG - 自動保存已禁用，跳過配置保存
2025-08-01 12:27:37,232 - VALO360 - DEBUG - 自動保存已禁用，跳過配置保存
2025-08-01 12:27:37,237 - VALO360 - DEBUG - 自動保存已禁用，跳過配置保存
2025-08-01 12:27:37,237 - VALO360 - DEBUG - 自動保存已禁用，跳過配置保存
2025-08-01 12:27:37,237 - VALO360 - DEBUG - 自動保存已禁用，跳過配置保存
2025-08-01 12:27:37,237 - VALO360 - DEBUG - 自動保存已禁用，跳過配置保存
2025-08-01 12:27:37,247 - VALO360 - DEBUG - 自動保存已禁用，跳過配置保存
2025-08-01 12:27:37,247 - VALO360 - DEBUG - 自動保存已禁用，跳過配置保存
2025-08-01 12:27:37,247 - VALO360 - DEBUG - 自動保存已禁用，跳過配置保存
2025-08-01 12:27:37,247 - VALO360 - DEBUG - 自動保存已禁用，跳過配置保存
2025-08-01 12:27:37,252 - VALO360 - DEBUG - 自動保存已禁用，跳過配置保存
2025-08-01 12:27:37,252 - VALO360 - DEBUG - 自動保存已禁用，跳過配置保存
2025-08-01 12:27:37,252 - VALO360 - DEBUG - 自動保存已禁用，跳過配置保存
2025-08-01 12:27:37,252 - VALO360 - DEBUG - 自動保存已禁用，跳過配置保存
2025-08-01 12:27:37,254 - VALO360 - DEBUG - 自動保存已禁用，跳過配置保存
2025-08-01 12:27:37,254 - VALO360 - DEBUG - 自動保存已禁用，跳過配置保存
2025-08-01 12:27:37,254 - VALO360 - DEBUG - 自動保存已禁用，跳過配置保存
2025-08-01 12:27:37,254 - VALO360 - DEBUG - 自動保存已禁用，跳過配置保存
2025-08-01 12:27:37,254 - VALO360 - DEBUG - 自動保存已禁用，跳過配置保存
2025-08-01 12:27:37,256 - VALO360 - DEBUG - 自動保存已禁用，跳過配置保存
2025-08-01 12:27:37,256 - VALO360 - DEBUG - 自動保存已禁用，跳過配置保存
2025-08-01 12:27:37,256 - VALO360 - DEBUG - 自動保存已禁用，跳過配置保存
2025-08-01 12:27:37,257 - VALO360 - DEBUG - 自動保存已禁用，跳過配置保存
2025-08-01 12:27:37,257 - VALO360 - DEBUG - 自動保存已禁用，跳過配置保存
2025-08-01 12:27:37,257 - VALO360 - DEBUG - 自動保存已禁用，跳過配置保存
2025-08-01 12:27:37,257 - VALO360 - DEBUG - 自動保存已禁用，跳過配置保存
2025-08-01 12:27:37,263 - VALO360 - DEBUG - 自動保存已禁用，跳過配置保存
2025-08-01 12:27:37,265 - VALO360 - DEBUG - 自動保存已禁用，跳過配置保存
2025-08-01 12:27:37,265 - VALO360 - DEBUG - 自動保存已禁用，跳過配置保存
2025-08-01 12:27:37,265 - VALO360 - DEBUG - 自動保存已禁用，跳過配置保存
2025-08-01 12:27:37,267 - VALO360 - DEBUG - 自動保存已禁用，跳過配置保存
2025-08-01 12:27:37,267 - VALO360 - DEBUG - 自動保存已禁用，跳過配置保存
2025-08-01 12:27:37,267 - VALO360 - DEBUG - 自動保存已禁用，跳過配置保存
2025-08-01 12:27:37,267 - VALO360 - DEBUG - 自動保存已禁用，跳過配置保存
2025-08-01 12:27:37,267 - VALO360 - DEBUG - 自動保存已禁用，跳過配置保存
2025-08-01 12:27:37,267 - VALO360 - DEBUG - 自動保存已禁用，跳過配置保存
2025-08-01 12:27:37,267 - VALO360 - DEBUG - 自動保存已禁用，跳過配置保存
2025-08-01 12:27:37,267 - VALO360 - DEBUG - 自動保存已禁用，跳過配置保存
2025-08-01 12:27:37,267 - VALO360 - DEBUG - 自動保存已禁用，跳過配置保存
2025-08-01 12:27:37,267 - VALO360 - DEBUG - 自動保存已禁用，跳過配置保存
2025-08-01 12:27:37,267 - VALO360 - DEBUG - 自動保存已禁用，跳過配置保存
2025-08-01 12:27:37,267 - VALO360 - DEBUG - 自動保存已禁用，跳過配置保存
2025-08-01 12:27:37,267 - VALO360 - DEBUG - 自動保存已禁用，跳過配置保存
2025-08-01 12:27:37,267 - VALO360 - DEBUG - 自動保存已禁用，跳過配置保存
2025-08-01 12:27:37,267 - VALO360 - DEBUG - 自動保存已禁用，跳過配置保存
2025-08-01 12:27:37,267 - VALO360 - DEBUG - 自動保存已禁用，跳過配置保存
2025-08-01 12:27:37,280 - VALO360 - DEBUG - 自動保存已禁用，跳過配置保存
2025-08-01 12:27:37,280 - VALO360 - DEBUG - 自動保存已禁用，跳過配置保存
2025-08-01 12:27:37,280 - VALO360 - DEBUG - 自動保存已禁用，跳過配置保存
2025-08-01 12:27:37,280 - VALO360 - DEBUG - 自動保存已禁用，跳過配置保存
2025-08-01 12:27:37,280 - VALO360 - DEBUG - 自動保存已禁用，跳過配置保存
2025-08-01 12:27:37,280 - VALO360 - DEBUG - 自動保存已禁用，跳過配置保存
2025-08-01 12:27:37,280 - VALO360 - DEBUG - 自動保存已禁用，跳過配置保存
2025-08-01 12:27:37,280 - VALO360 - DEBUG - 自動保存已禁用，跳過配置保存
2025-08-01 12:27:37,289 - VALO360 - DEBUG - 自動保存已禁用，跳過配置保存
2025-08-01 12:27:37,289 - VALO360 - DEBUG - 自動保存已禁用，跳過配置保存
2025-08-01 12:27:37,289 - VALO360 - DEBUG - 自動保存已禁用，跳過配置保存
2025-08-01 12:27:37,289 - VALO360 - DEBUG - 自動保存已禁用，跳過配置保存
2025-08-01 12:27:37,289 - VALO360 - DEBUG - 自動保存已禁用，跳過配置保存
2025-08-01 12:27:37,289 - VALO360 - DEBUG - 自動保存已禁用，跳過配置保存
2025-08-01 12:27:37,289 - VALO360 - DEBUG - 自動保存已禁用，跳過配置保存
2025-08-01 12:27:37,289 - VALO360 - DEBUG - 自動保存已禁用，跳過配置保存
2025-08-01 12:27:37,289 - VALO360 - DEBUG - 自動保存已禁用，跳過配置保存
2025-08-01 12:27:37,289 - VALO360 - DEBUG - 自動保存已禁用，跳過配置保存
2025-08-01 12:27:37,289 - VALO360 - DEBUG - 自動保存已禁用，跳過配置保存
2025-08-01 12:27:37,289 - VALO360 - DEBUG - 自動保存已禁用，跳過配置保存
2025-08-01 12:27:37,295 - VALO360 - DEBUG - 自動保存已禁用，跳過配置保存
2025-08-01 12:27:37,297 - VALO360 - DEBUG - 自動保存已禁用，跳過配置保存
2025-08-01 12:27:37,297 - VALO360 - DEBUG - 自動保存已禁用，跳過配置保存
2025-08-01 12:27:37,297 - VALO360 - DEBUG - 自動保存已禁用，跳過配置保存
2025-08-01 12:27:37,301 - VALO360 - DEBUG - 自動保存已禁用，跳過配置保存
2025-08-01 12:27:37,301 - VALO360 - DEBUG - 自動保存已禁用，跳過配置保存
2025-08-01 12:27:37,301 - VALO360 - DEBUG - 自動保存已禁用，跳過配置保存
2025-08-01 12:27:37,301 - VALO360 - DEBUG - 自動保存已禁用，跳過配置保存
2025-08-01 12:27:37,301 - VALO360 - DEBUG - 自動保存已禁用，跳過配置保存
2025-08-01 12:27:37,301 - VALO360 - DEBUG - 自動保存已禁用，跳過配置保存
2025-08-01 12:27:37,301 - VALO360 - DEBUG - 自動保存已禁用，跳過配置保存
2025-08-01 12:27:37,301 - VALO360 - DEBUG - 自動保存已禁用，跳過配置保存
2025-08-01 12:27:37,306 - VALO360 - DEBUG - 自動保存已禁用，跳過配置保存
2025-08-01 12:27:37,306 - VALO360 - DEBUG - 自動保存已禁用，跳過配置保存
2025-08-01 12:27:37,306 - VALO360 - DEBUG - 自動保存已禁用，跳過配置保存
2025-08-01 12:27:37,307 - VALO360 - DEBUG - 自動保存已禁用，跳過配置保存
2025-08-01 12:27:37,307 - VALO360 - DEBUG - 自動保存已禁用，跳過配置保存
2025-08-01 12:27:37,307 - VALO360 - DEBUG - 自動保存已禁用，跳過配置保存
2025-08-01 12:27:37,307 - VALO360 - DEBUG - 自動保存已禁用，跳過配置保存
2025-08-01 12:27:37,308 - VALO360 - DEBUG - 自動保存已禁用，跳過配置保存
2025-08-01 12:27:37,310 - VALO360 - DEBUG - 自動保存已禁用，跳過配置保存
2025-08-01 12:27:37,310 - VALO360 - DEBUG - 自動保存已禁用，跳過配置保存
2025-08-01 12:27:37,310 - VALO360 - DEBUG - 自動保存已禁用，跳過配置保存
2025-08-01 12:27:37,311 - VALO360 - DEBUG - 自動保存已禁用，跳過配置保存
2025-08-01 12:27:37,312 - VALO360 - DEBUG - 自動保存已禁用，跳過配置保存
2025-08-01 12:27:37,312 - VALO360 - DEBUG - 自動保存已禁用，跳過配置保存
2025-08-01 12:27:37,312 - VALO360 - DEBUG - 自動保存已禁用，跳過配置保存
2025-08-01 12:27:37,312 - VALO360 - DEBUG - 自動保存已禁用，跳過配置保存
2025-08-01 12:27:37,317 - VALO360 - DEBUG - 自動保存已禁用，跳過配置保存
2025-08-01 12:27:37,317 - VALO360 - DEBUG - 自動保存已禁用，跳過配置保存
2025-08-01 12:27:37,317 - VALO360 - DEBUG - 自動保存已禁用，跳過配置保存
2025-08-01 12:27:37,317 - VALO360 - DEBUG - 自動保存已禁用，跳過配置保存
2025-08-01 12:27:37,317 - VALO360 - DEBUG - 自動保存已禁用，跳過配置保存
2025-08-01 12:27:37,319 - VALO360 - DEBUG - 自動保存已禁用，跳過配置保存
2025-08-01 12:27:37,319 - VALO360 - DEBUG - 自動保存已禁用，跳過配置保存
2025-08-01 12:27:37,319 - VALO360 - DEBUG - 自動保存已禁用，跳過配置保存
2025-08-01 12:27:37,321 - VALO360 - DEBUG - 自動保存已禁用，跳過配置保存
2025-08-01 12:27:37,321 - VALO360 - DEBUG - 自動保存已禁用，跳過配置保存
2025-08-01 12:27:37,321 - VALO360 - DEBUG - 自動保存已禁用，跳過配置保存
2025-08-01 12:27:37,321 - VALO360 - DEBUG - 自動保存已禁用，跳過配置保存
2025-08-01 12:27:37,326 - VALO360 - DEBUG - 自動保存已禁用，跳過配置保存
2025-08-01 12:27:37,326 - VALO360 - DEBUG - 自動保存已禁用，跳過配置保存
2025-08-01 12:27:37,326 - VALO360 - DEBUG - 自動保存已禁用，跳過配置保存
2025-08-01 12:27:37,326 - VALO360 - DEBUG - 自動保存已禁用，跳過配置保存
2025-08-01 12:27:37,326 - VALO360 - DEBUG - 自動保存已禁用，跳過配置保存
2025-08-01 12:27:37,326 - VALO360 - DEBUG - 自動保存已禁用，跳過配置保存
2025-08-01 12:27:37,326 - VALO360 - DEBUG - 自動保存已禁用，跳過配置保存
2025-08-01 12:27:37,326 - VALO360 - DEBUG - 自動保存已禁用，跳過配置保存
2025-08-01 12:27:37,335 - VALO360 - DEBUG - 自動保存已禁用，跳過配置保存
2025-08-01 12:27:37,337 - VALO360 - DEBUG - 自動保存已禁用，跳過配置保存
2025-08-01 12:27:37,337 - VALO360 - DEBUG - 自動保存已禁用，跳過配置保存
2025-08-01 12:27:37,337 - VALO360 - DEBUG - 自動保存已禁用，跳過配置保存
2025-08-01 12:27:37,337 - VALO360 - DEBUG - 自動保存已禁用，跳過配置保存
2025-08-01 12:27:37,339 - VALO360 - DEBUG - 自動保存已禁用，跳過配置保存
2025-08-01 12:27:37,339 - VALO360 - DEBUG - 自動保存已禁用，跳過配置保存
2025-08-01 12:27:37,339 - VALO360 - DEBUG - 自動保存已禁用，跳過配置保存
2025-08-01 12:27:37,345 - VALO360 - DEBUG - 自動保存已禁用，跳過配置保存
2025-08-01 12:27:37,345 - VALO360 - DEBUG - 自動保存已禁用，跳過配置保存
2025-08-01 12:27:37,347 - VALO360 - DEBUG - 自動保存已禁用，跳過配置保存
2025-08-01 12:27:37,347 - VALO360 - DEBUG - 自動保存已禁用，跳過配置保存
2025-08-01 12:27:37,350 - VALO360 - DEBUG - 自動保存已禁用，跳過配置保存
2025-08-01 12:27:37,350 - VALO360 - DEBUG - 自動保存已禁用，跳過配置保存
2025-08-01 12:27:37,350 - VALO360 - DEBUG - 自動保存已禁用，跳過配置保存
2025-08-01 12:27:37,350 - VALO360 - DEBUG - 自動保存已禁用，跳過配置保存
2025-08-01 12:27:37,350 - VALO360 - DEBUG - 自動保存已禁用，跳過配置保存
2025-08-01 12:27:37,350 - VALO360 - DEBUG - 自動保存已禁用，跳過配置保存
2025-08-01 12:27:37,350 - VALO360 - DEBUG - 自動保存已禁用，跳過配置保存
2025-08-01 12:27:37,350 - VALO360 - DEBUG - 自動保存已禁用，跳過配置保存
2025-08-01 12:27:37,357 - VALO360 - DEBUG - 自動保存已禁用，跳過配置保存
2025-08-01 12:27:37,357 - VALO360 - DEBUG - 自動保存已禁用，跳過配置保存
2025-08-01 12:27:37,357 - VALO360 - DEBUG - 自動保存已禁用，跳過配置保存
2025-08-01 12:27:37,357 - VALO360 - DEBUG - 自動保存已禁用，跳過配置保存
2025-08-01 12:27:37,359 - VALO360 - DEBUG - 自動保存已禁用，跳過配置保存
2025-08-01 12:27:37,360 - VALO360 - DEBUG - 自動保存已禁用，跳過配置保存
2025-08-01 12:27:37,360 - VALO360 - DEBUG - 自動保存已禁用，跳過配置保存
2025-08-01 12:27:37,360 - VALO360 - DEBUG - 自動保存已禁用，跳過配置保存
2025-08-01 12:27:37,362 - VALO360 - DEBUG - 自動保存已禁用，跳過配置保存
2025-08-01 12:27:37,362 - VALO360 - DEBUG - 自動保存已禁用，跳過配置保存
2025-08-01 12:27:37,362 - VALO360 - DEBUG - 自動保存已禁用，跳過配置保存
2025-08-01 12:27:37,362 - VALO360 - DEBUG - 自動保存已禁用，跳過配置保存
2025-08-01 12:27:37,364 - VALO360 - DEBUG - 自動保存已禁用，跳過配置保存
2025-08-01 12:27:37,365 - VALO360 - DEBUG - 自動保存已禁用，跳過配置保存
2025-08-01 12:27:37,365 - VALO360 - DEBUG - 自動保存已禁用，跳過配置保存
2025-08-01 12:27:37,365 - VALO360 - DEBUG - 自動保存已禁用，跳過配置保存
2025-08-01 12:27:37,365 - VALO360 - DEBUG - 自動保存已禁用，跳過配置保存
2025-08-01 12:27:37,365 - VALO360 - DEBUG - 自動保存已禁用，跳過配置保存
2025-08-01 12:27:37,365 - VALO360 - DEBUG - 自動保存已禁用，跳過配置保存
2025-08-01 12:27:37,365 - VALO360 - DEBUG - 自動保存已禁用，跳過配置保存
2025-08-01 12:27:37,375 - VALO360 - DEBUG - 自動保存已禁用，跳過配置保存
2025-08-01 12:27:37,375 - VALO360 - DEBUG - 自動保存已禁用，跳過配置保存
2025-08-01 12:27:37,375 - VALO360 - DEBUG - 自動保存已禁用，跳過配置保存
2025-08-01 12:27:37,375 - VALO360 - DEBUG - 自動保存已禁用，跳過配置保存
2025-08-01 12:27:37,375 - VALO360 - DEBUG - 自動保存已禁用，跳過配置保存
2025-08-01 12:27:37,375 - VALO360 - DEBUG - 自動保存已禁用，跳過配置保存
2025-08-01 12:27:37,375 - VALO360 - DEBUG - 自動保存已禁用，跳過配置保存
2025-08-01 12:27:37,375 - VALO360 - DEBUG - 自動保存已禁用，跳過配置保存
2025-08-01 12:27:37,382 - VALO360 - DEBUG - 自動保存已禁用，跳過配置保存
2025-08-01 12:27:37,382 - VALO360 - DEBUG - 自動保存已禁用，跳過配置保存
2025-08-01 12:27:37,382 - VALO360 - DEBUG - 自動保存已禁用，跳過配置保存
2025-08-01 12:27:37,382 - VALO360 - DEBUG - 自動保存已禁用，跳過配置保存
2025-08-01 12:27:37,382 - VALO360 - DEBUG - 自動保存已禁用，跳過配置保存
2025-08-01 12:27:37,382 - VALO360 - DEBUG - 自動保存已禁用，跳過配置保存
2025-08-01 12:27:37,382 - VALO360 - DEBUG - 自動保存已禁用，跳過配置保存
2025-08-01 12:27:37,382 - VALO360 - DEBUG - 自動保存已禁用，跳過配置保存
2025-08-01 12:27:37,387 - VALO360 - DEBUG - 自動保存已禁用，跳過配置保存
2025-08-01 12:27:37,388 - VALO360 - DEBUG - 自動保存已禁用，跳過配置保存
2025-08-01 12:27:37,388 - VALO360 - DEBUG - 自動保存已禁用，跳過配置保存
2025-08-01 12:27:37,388 - VALO360 - DEBUG - 自動保存已禁用，跳過配置保存
2025-08-01 12:27:37,388 - VALO360 - DEBUG - 自動保存已禁用，跳過配置保存
2025-08-01 12:27:37,388 - VALO360 - DEBUG - 自動保存已禁用，跳過配置保存
2025-08-01 12:27:37,388 - VALO360 - DEBUG - 自動保存已禁用，跳過配置保存
2025-08-01 12:27:37,388 - VALO360 - DEBUG - 自動保存已禁用，跳過配置保存
2025-08-01 12:27:37,394 - VALO360 - DEBUG - 自動保存已禁用，跳過配置保存
2025-08-01 12:27:37,394 - VALO360 - DEBUG - 自動保存已禁用，跳過配置保存
2025-08-01 12:27:37,394 - VALO360 - DEBUG - 自動保存已禁用，跳過配置保存
2025-08-01 12:27:37,394 - VALO360 - DEBUG - 自動保存已禁用，跳過配置保存
2025-08-01 12:27:37,394 - VALO360 - DEBUG - 自動保存已禁用，跳過配置保存
2025-08-01 12:27:37,394 - VALO360 - DEBUG - 自動保存已禁用，跳過配置保存
2025-08-01 12:27:37,394 - VALO360 - DEBUG - 自動保存已禁用，跳過配置保存
2025-08-01 12:27:37,394 - VALO360 - DEBUG - 自動保存已禁用，跳過配置保存
2025-08-01 12:27:37,397 - VALO360 - DEBUG - 自動保存已禁用，跳過配置保存
2025-08-01 12:27:37,397 - VALO360 - DEBUG - 自動保存已禁用，跳過配置保存
2025-08-01 12:27:37,397 - VALO360 - DEBUG - 自動保存已禁用，跳過配置保存
2025-08-01 12:27:37,400 - VALO360 - DEBUG - 自動保存已禁用，跳過配置保存
2025-08-01 12:27:37,400 - VALO360 - DEBUG - 自動保存已禁用，跳過配置保存
2025-08-01 12:27:37,400 - VALO360 - DEBUG - 自動保存已禁用，跳過配置保存
2025-08-01 12:27:37,400 - VALO360 - DEBUG - 自動保存已禁用，跳過配置保存
2025-08-01 12:27:37,400 - VALO360 - DEBUG - 自動保存已禁用，跳過配置保存
2025-08-01 12:27:37,796 - VALO360 - DEBUG - 自動保存已禁用，跳過配置保存
2025-08-01 12:27:37,796 - VALO360 - DEBUG - 自動保存已禁用，跳過配置保存
2025-08-01 12:27:37,796 - VALO360 - DEBUG - 自動保存已禁用，跳過配置保存
2025-08-01 12:27:37,796 - VALO360 - DEBUG - 自動保存已禁用，跳過配置保存
2025-08-01 12:27:37,799 - VALO360 - DEBUG - 自動保存已禁用，跳過配置保存
2025-08-01 12:27:37,799 - VALO360 - DEBUG - 自動保存已禁用，跳過配置保存
2025-08-01 12:27:37,800 - VALO360 - DEBUG - 自動保存已禁用，跳過配置保存
2025-08-01 12:27:37,800 - VALO360 - DEBUG - 自動保存已禁用，跳過配置保存
2025-08-01 12:27:37,808 - VALO360 - DEBUG - 自動保存已禁用，跳過配置保存
2025-08-01 12:27:37,808 - VALO360 - DEBUG - 自動保存已禁用，跳過配置保存
2025-08-01 12:27:37,808 - VALO360 - DEBUG - 自動保存已禁用，跳過配置保存
2025-08-01 12:27:37,810 - VALO360 - DEBUG - 自動保存已禁用，跳過配置保存
2025-08-01 12:27:37,810 - VALO360 - DEBUG - 自動保存已禁用，跳過配置保存
2025-08-01 12:27:37,810 - VALO360 - DEBUG - 自動保存已禁用，跳過配置保存
2025-08-01 12:27:37,810 - VALO360 - DEBUG - 自動保存已禁用，跳過配置保存
2025-08-01 12:27:37,810 - VALO360 - DEBUG - 自動保存已禁用，跳過配置保存
2025-08-01 12:27:37,814 - VALO360 - DEBUG - 自動保存已禁用，跳過配置保存
2025-08-01 12:27:37,814 - VALO360 - DEBUG - 自動保存已禁用，跳過配置保存
2025-08-01 12:27:37,814 - VALO360 - DEBUG - 自動保存已禁用，跳過配置保存
2025-08-01 12:27:37,814 - VALO360 - DEBUG - 自動保存已禁用，跳過配置保存
2025-08-01 12:27:37,817 - VALO360 - DEBUG - 自動保存已禁用，跳過配置保存
2025-08-01 12:27:37,817 - VALO360 - DEBUG - 自動保存已禁用，跳過配置保存
2025-08-01 12:27:37,817 - VALO360 - DEBUG - 自動保存已禁用，跳過配置保存
2025-08-01 12:27:37,817 - VALO360 - DEBUG - 自動保存已禁用，跳過配置保存
2025-08-01 12:27:38,328 - VALO360 - DEBUG - 自動保存已禁用，跳過配置保存
2025-08-01 12:27:38,330 - VALO360 - DEBUG - 自動保存已禁用，跳過配置保存
2025-08-01 12:27:38,330 - VALO360 - DEBUG - 自動保存已禁用，跳過配置保存
2025-08-01 12:27:38,330 - VALO360 - DEBUG - 自動保存已禁用，跳過配置保存
2025-08-01 12:27:38,393 - VALO360 - DEBUG - 找到 2 個COM口: ['COM5', 'COM6']
2025-08-01 12:28:23,869 - VALO360 - DEBUG - 自動保存已禁用，跳過配置保存
2025-08-01 12:28:23,873 - VALO360 - DEBUG - 自動保存已禁用，跳過配置保存
2025-08-01 12:28:23,873 - VALO360 - DEBUG - 自動保存已禁用，跳過配置保存
2025-08-01 12:28:23,873 - VALO360 - DEBUG - 自動保存已禁用，跳過配置保存
2025-08-01 12:28:31,897 - VALO360 - DEBUG - 自動保存已禁用，跳過配置保存
2025-08-01 12:28:31,897 - VALO360 - DEBUG - 自動保存已禁用，跳過配置保存
2025-08-01 12:28:31,897 - VALO360 - DEBUG - 自動保存已禁用，跳過配置保存
2025-08-01 12:28:31,897 - VALO360 - DEBUG - 自動保存已禁用，跳過配置保存
2025-08-01 12:28:51,514 - VALO360 - DEBUG - 自動保存已禁用，跳過配置保存
2025-08-01 12:28:51,514 - VALO360 - DEBUG - 自動保存已禁用，跳過配置保存
2025-08-01 12:28:51,514 - VALO360 - DEBUG - 自動保存已禁用，跳過配置保存
2025-08-01 12:28:51,514 - VALO360 - DEBUG - 自動保存已禁用，跳過配置保存
2025-08-01 12:31:19,365 - VALO360 - DEBUG - 自動保存已禁用，跳過配置保存
2025-08-01 12:31:19,365 - VALO360 - DEBUG - 自動保存已禁用，跳過配置保存
2025-08-01 12:31:19,366 - VALO360 - DEBUG - 自動保存已禁用，跳過配置保存
2025-08-01 12:31:19,367 - VALO360 - DEBUG - 自動保存已禁用，跳過配置保存
2025-08-01 12:31:20,579 - VALO360 - DEBUG - 配置已備份至: backup\setup_backup_20250801_123120.json
2025-08-01 12:31:20,581 - VALO360 - DEBUG - 配置保存成功
2025-08-01 12:31:20,581 - VALO360 - DEBUG - 配置已備份至: backup\setup_backup_20250801_123120.json
2025-08-01 12:31:20,583 - VALO360 - DEBUG - 配置保存成功
2025-08-01 12:31:20,583 - VALO360 - DEBUG - 自動保存已禁用，跳過配置保存
2025-08-01 12:31:20,583 - VALO360 - INFO - 程式關閉時已保存所有待保存的設定
2025-08-01 12:31:20,583 - VALO360 - INFO - 程式正常關閉
2025-08-01 12:31:20,664 - VALO360 - INFO - 資源清理完成
2025-08-01 12:31:20,664 - VALO360 - INFO - 應用程式資源清理完成
