2025-08-07 13:11:45,758 - VALO360 - DEBUG - 找到指令檔: D:\((Python TOOL\指令工具-20250428T020034Z-001\CODE_HERE2\Command_TABLE\command.txt
2025-08-07 13:11:45,795 - VALO360 - INFO - 成功載入 94 個指令
2025-08-07 13:11:45,809 - VALO360 - INFO - 運行日誌: main.py 啟動
2025-08-07 13:11:45,809 - VALO360 - INFO - 指令通主程式啟動
2025-08-07 13:11:45,811 - VALO360 - INFO - 運行日誌: 成功 import TabManager
2025-08-07 13:11:45,811 - VALO360 - INFO - UI模組導入成功
2025-08-07 13:11:45,811 - VALO360 - INFO - 日誌系統初始化完成
2025-08-07 13:11:45,811 - VALO360 - DEBUG - ConfigManager: 自動保存已禁用
2025-08-07 13:11:45,811 - VALO360 - INFO - ConfigManager自動保存已禁用
2025-08-07 13:11:45,812 - VALO360 - INFO - 未找到關鍵字高亮設定文件，使用空設定
2025-08-07 13:11:45,904 - VALO360 - DEBUG - 配置已備份至: backup\setup_backup_20250807_131145.json
2025-08-07 13:11:45,908 - VALO360 - DEBUG - 已刪除舊備份: backup\setup_backup_20250806_154247.json
2025-08-07 13:11:45,908 - VALO360 - DEBUG - 配置載入成功
2025-08-07 13:11:45,908 - VALO360 - INFO - 統一設定管理器已初始化
2025-08-07 13:11:45,979 - VALO360 - DEBUG - 找到 4 個COM口: ['COM9 - AT PORT', 'COM8 - NMEA PORT', 'COM7 - DM PORT', 'COM3']
2025-08-07 13:11:47,074 - VALO360 - DEBUG - 找到 4 個COM口: ['COM9 - AT PORT', 'COM8 - NMEA PORT', 'COM7 - DM PORT', 'COM3']
2025-08-07 13:11:47,829 - VALO360 - INFO - 應用程式圖示設置成功: D:\((Python TOOL\指令工具-20250428T020034Z-001\CODE_HERE2\assets\icon.ico
2025-08-07 13:11:47,830 - VALO360 - INFO - 視窗設置完成: 指令通_1.9 (1522x741)
2025-08-07 13:11:47,830 - VALO360 - INFO - 程式啟動時更新標籤頁名稱
2025-08-07 13:11:47,832 - VALO360 - INFO - 應用程式啟動完成，進入主循環
2025-08-07 13:11:47,844 - VALO360 - DEBUG - 找到 4 個COM口: ['COM9 - AT PORT', 'COM8 - NMEA PORT', 'COM7 - DM PORT', 'COM3']
2025-08-07 13:11:47,846 - VALO360 - DEBUG - 自動保存已禁用，跳過配置保存
2025-08-07 13:11:47,849 - VALO360 - DEBUG - 自動保存已禁用，跳過配置保存
2025-08-07 13:11:47,851 - VALO360 - DEBUG - 自動保存已禁用，跳過配置保存
2025-08-07 13:11:47,851 - VALO360 - DEBUG - 自動保存已禁用，跳過配置保存
2025-08-07 13:11:47,928 - VALO360 - DEBUG - 自動保存已禁用，跳過配置保存
2025-08-07 13:11:47,929 - VALO360 - DEBUG - 自動保存已禁用，跳過配置保存
2025-08-07 13:11:47,930 - VALO360 - DEBUG - 自動保存已禁用，跳過配置保存
2025-08-07 13:11:47,930 - VALO360 - DEBUG - 自動保存已禁用，跳過配置保存
2025-08-07 13:11:47,932 - VALO360 - DEBUG - 自動保存已禁用，跳過配置保存
2025-08-07 13:11:47,933 - VALO360 - DEBUG - 自動保存已禁用，跳過配置保存
2025-08-07 13:11:47,934 - VALO360 - DEBUG - 自動保存已禁用，跳過配置保存
2025-08-07 13:11:47,936 - VALO360 - DEBUG - 自動保存已禁用，跳過配置保存
2025-08-07 13:11:47,937 - VALO360 - DEBUG - 自動保存已禁用，跳過配置保存
2025-08-07 13:11:47,938 - VALO360 - DEBUG - 自動保存已禁用，跳過配置保存
2025-08-07 13:11:47,939 - VALO360 - DEBUG - 自動保存已禁用，跳過配置保存
2025-08-07 13:11:47,939 - VALO360 - DEBUG - 自動保存已禁用，跳過配置保存
2025-08-07 13:11:47,939 - VALO360 - DEBUG - 自動保存已禁用，跳過配置保存
2025-08-07 13:11:47,940 - VALO360 - DEBUG - 自動保存已禁用，跳過配置保存
2025-08-07 13:11:47,940 - VALO360 - DEBUG - 自動保存已禁用，跳過配置保存
2025-08-07 13:11:47,942 - VALO360 - DEBUG - 自動保存已禁用，跳過配置保存
2025-08-07 13:11:47,944 - VALO360 - DEBUG - 自動保存已禁用，跳過配置保存
2025-08-07 13:11:47,945 - VALO360 - DEBUG - 自動保存已禁用，跳過配置保存
2025-08-07 13:11:47,945 - VALO360 - DEBUG - 自動保存已禁用，跳過配置保存
2025-08-07 13:11:47,945 - VALO360 - DEBUG - 自動保存已禁用，跳過配置保存
2025-08-07 13:11:47,948 - VALO360 - DEBUG - 自動保存已禁用，跳過配置保存
2025-08-07 13:11:47,948 - VALO360 - DEBUG - 自動保存已禁用，跳過配置保存
2025-08-07 13:11:47,951 - VALO360 - DEBUG - 自動保存已禁用，跳過配置保存
2025-08-07 13:11:47,951 - VALO360 - DEBUG - 自動保存已禁用，跳過配置保存
2025-08-07 13:11:47,955 - VALO360 - DEBUG - 自動保存已禁用，跳過配置保存
2025-08-07 13:11:47,955 - VALO360 - DEBUG - 自動保存已禁用，跳過配置保存
2025-08-07 13:11:47,956 - VALO360 - DEBUG - 自動保存已禁用，跳過配置保存
2025-08-07 13:11:47,956 - VALO360 - DEBUG - 自動保存已禁用，跳過配置保存
2025-08-07 13:11:47,957 - VALO360 - DEBUG - 自動保存已禁用，跳過配置保存
2025-08-07 13:11:47,957 - VALO360 - DEBUG - 自動保存已禁用，跳過配置保存
2025-08-07 13:11:47,957 - VALO360 - DEBUG - 自動保存已禁用，跳過配置保存
2025-08-07 13:11:47,957 - VALO360 - DEBUG - 自動保存已禁用，跳過配置保存
2025-08-07 13:11:47,961 - VALO360 - DEBUG - 自動保存已禁用，跳過配置保存
2025-08-07 13:11:47,961 - VALO360 - DEBUG - 自動保存已禁用，跳過配置保存
2025-08-07 13:11:47,961 - VALO360 - DEBUG - 自動保存已禁用，跳過配置保存
2025-08-07 13:11:47,964 - VALO360 - DEBUG - 自動保存已禁用，跳過配置保存
2025-08-07 13:11:47,966 - VALO360 - DEBUG - 自動保存已禁用，跳過配置保存
2025-08-07 13:11:47,966 - VALO360 - DEBUG - 自動保存已禁用，跳過配置保存
2025-08-07 13:11:47,969 - VALO360 - DEBUG - 自動保存已禁用，跳過配置保存
2025-08-07 13:11:47,969 - VALO360 - DEBUG - 自動保存已禁用，跳過配置保存
2025-08-07 13:11:47,969 - VALO360 - DEBUG - 自動保存已禁用，跳過配置保存
2025-08-07 13:11:47,969 - VALO360 - DEBUG - 自動保存已禁用，跳過配置保存
2025-08-07 13:11:47,973 - VALO360 - DEBUG - 自動保存已禁用，跳過配置保存
2025-08-07 13:11:47,973 - VALO360 - DEBUG - 自動保存已禁用，跳過配置保存
2025-08-07 13:11:47,975 - VALO360 - DEBUG - 自動保存已禁用，跳過配置保存
2025-08-07 13:11:47,975 - VALO360 - DEBUG - 自動保存已禁用，跳過配置保存
2025-08-07 13:11:47,977 - VALO360 - DEBUG - 自動保存已禁用，跳過配置保存
2025-08-07 13:11:47,978 - VALO360 - DEBUG - 自動保存已禁用，跳過配置保存
2025-08-07 13:11:47,980 - VALO360 - DEBUG - 自動保存已禁用，跳過配置保存
2025-08-07 13:11:47,980 - VALO360 - DEBUG - 自動保存已禁用，跳過配置保存
2025-08-07 13:11:47,980 - VALO360 - DEBUG - 自動保存已禁用，跳過配置保存
2025-08-07 13:11:47,980 - VALO360 - DEBUG - 自動保存已禁用，跳過配置保存
2025-08-07 13:11:47,983 - VALO360 - DEBUG - 自動保存已禁用，跳過配置保存
2025-08-07 13:11:47,985 - VALO360 - DEBUG - 自動保存已禁用，跳過配置保存
2025-08-07 13:11:47,985 - VALO360 - DEBUG - 自動保存已禁用，跳過配置保存
2025-08-07 13:11:47,985 - VALO360 - DEBUG - 自動保存已禁用，跳過配置保存
2025-08-07 13:11:47,988 - VALO360 - DEBUG - 自動保存已禁用，跳過配置保存
2025-08-07 13:11:47,988 - VALO360 - DEBUG - 自動保存已禁用，跳過配置保存
2025-08-07 13:11:47,990 - VALO360 - DEBUG - 自動保存已禁用，跳過配置保存
2025-08-07 13:11:47,990 - VALO360 - DEBUG - 自動保存已禁用，跳過配置保存
2025-08-07 13:11:47,990 - VALO360 - DEBUG - 自動保存已禁用，跳過配置保存
2025-08-07 13:11:47,993 - VALO360 - DEBUG - 自動保存已禁用，跳過配置保存
2025-08-07 13:11:47,993 - VALO360 - DEBUG - 自動保存已禁用，跳過配置保存
2025-08-07 13:11:47,993 - VALO360 - DEBUG - 自動保存已禁用，跳過配置保存
2025-08-07 13:11:47,997 - VALO360 - DEBUG - 自動保存已禁用，跳過配置保存
2025-08-07 13:11:47,997 - VALO360 - DEBUG - 自動保存已禁用，跳過配置保存
2025-08-07 13:11:47,997 - VALO360 - DEBUG - 自動保存已禁用，跳過配置保存
2025-08-07 13:11:47,998 - VALO360 - DEBUG - 自動保存已禁用，跳過配置保存
2025-08-07 13:11:48,000 - VALO360 - DEBUG - 自動保存已禁用，跳過配置保存
2025-08-07 13:11:48,001 - VALO360 - DEBUG - 自動保存已禁用，跳過配置保存
2025-08-07 13:11:48,002 - VALO360 - DEBUG - 自動保存已禁用，跳過配置保存
2025-08-07 13:11:48,002 - VALO360 - DEBUG - 自動保存已禁用，跳過配置保存
2025-08-07 13:11:48,003 - VALO360 - DEBUG - 自動保存已禁用，跳過配置保存
2025-08-07 13:11:48,003 - VALO360 - DEBUG - 自動保存已禁用，跳過配置保存
2025-08-07 13:11:48,003 - VALO360 - DEBUG - 自動保存已禁用，跳過配置保存
2025-08-07 13:11:48,005 - VALO360 - DEBUG - 自動保存已禁用，跳過配置保存
2025-08-07 13:11:48,007 - VALO360 - DEBUG - 自動保存已禁用，跳過配置保存
2025-08-07 13:11:48,007 - VALO360 - DEBUG - 自動保存已禁用，跳過配置保存
2025-08-07 13:11:48,007 - VALO360 - DEBUG - 自動保存已禁用，跳過配置保存
2025-08-07 13:11:48,007 - VALO360 - DEBUG - 自動保存已禁用，跳過配置保存
2025-08-07 13:11:48,010 - VALO360 - DEBUG - 自動保存已禁用，跳過配置保存
2025-08-07 13:11:48,010 - VALO360 - DEBUG - 自動保存已禁用，跳過配置保存
2025-08-07 13:11:48,010 - VALO360 - DEBUG - 自動保存已禁用，跳過配置保存
2025-08-07 13:11:48,013 - VALO360 - DEBUG - 自動保存已禁用，跳過配置保存
2025-08-07 13:11:48,015 - VALO360 - DEBUG - 自動保存已禁用，跳過配置保存
2025-08-07 13:11:48,015 - VALO360 - DEBUG - 自動保存已禁用，跳過配置保存
2025-08-07 13:11:48,016 - VALO360 - DEBUG - 自動保存已禁用，跳過配置保存
2025-08-07 13:11:48,018 - VALO360 - DEBUG - 自動保存已禁用，跳過配置保存
2025-08-07 13:11:48,019 - VALO360 - DEBUG - 自動保存已禁用，跳過配置保存
2025-08-07 13:11:48,019 - VALO360 - DEBUG - 自動保存已禁用，跳過配置保存
2025-08-07 13:11:48,019 - VALO360 - DEBUG - 自動保存已禁用，跳過配置保存
2025-08-07 13:11:48,019 - VALO360 - DEBUG - 自動保存已禁用，跳過配置保存
2025-08-07 13:11:48,022 - VALO360 - DEBUG - 自動保存已禁用，跳過配置保存
2025-08-07 13:11:48,022 - VALO360 - DEBUG - 自動保存已禁用，跳過配置保存
2025-08-07 13:11:48,023 - VALO360 - DEBUG - 自動保存已禁用，跳過配置保存
2025-08-07 13:11:48,023 - VALO360 - DEBUG - 自動保存已禁用，跳過配置保存
2025-08-07 13:11:48,024 - VALO360 - DEBUG - 自動保存已禁用，跳過配置保存
2025-08-07 13:11:48,024 - VALO360 - DEBUG - 自動保存已禁用，跳過配置保存
2025-08-07 13:11:48,024 - VALO360 - DEBUG - 自動保存已禁用，跳過配置保存
2025-08-07 13:11:48,024 - VALO360 - DEBUG - 自動保存已禁用，跳過配置保存
2025-08-07 13:11:48,029 - VALO360 - DEBUG - 自動保存已禁用，跳過配置保存
2025-08-07 13:11:48,029 - VALO360 - DEBUG - 自動保存已禁用，跳過配置保存
2025-08-07 13:11:48,031 - VALO360 - DEBUG - 自動保存已禁用，跳過配置保存
2025-08-07 13:11:48,031 - VALO360 - DEBUG - 自動保存已禁用，跳過配置保存
2025-08-07 13:11:48,034 - VALO360 - DEBUG - 自動保存已禁用，跳過配置保存
2025-08-07 13:11:48,035 - VALO360 - DEBUG - 自動保存已禁用，跳過配置保存
2025-08-07 13:11:48,035 - VALO360 - DEBUG - 自動保存已禁用，跳過配置保存
2025-08-07 13:11:48,035 - VALO360 - DEBUG - 自動保存已禁用，跳過配置保存
2025-08-07 13:11:48,036 - VALO360 - DEBUG - 自動保存已禁用，跳過配置保存
2025-08-07 13:11:48,037 - VALO360 - DEBUG - 自動保存已禁用，跳過配置保存
2025-08-07 13:11:48,037 - VALO360 - DEBUG - 自動保存已禁用，跳過配置保存
2025-08-07 13:11:48,037 - VALO360 - DEBUG - 自動保存已禁用，跳過配置保存
2025-08-07 13:11:48,038 - VALO360 - DEBUG - 自動保存已禁用，跳過配置保存
2025-08-07 13:11:48,039 - VALO360 - DEBUG - 自動保存已禁用，跳過配置保存
2025-08-07 13:11:48,039 - VALO360 - DEBUG - 自動保存已禁用，跳過配置保存
2025-08-07 13:11:48,039 - VALO360 - DEBUG - 自動保存已禁用，跳過配置保存
2025-08-07 13:11:48,040 - VALO360 - DEBUG - 自動保存已禁用，跳過配置保存
2025-08-07 13:11:48,040 - VALO360 - DEBUG - 自動保存已禁用，跳過配置保存
2025-08-07 13:11:48,040 - VALO360 - DEBUG - 自動保存已禁用，跳過配置保存
2025-08-07 13:11:48,043 - VALO360 - DEBUG - 自動保存已禁用，跳過配置保存
2025-08-07 13:11:48,044 - VALO360 - DEBUG - 自動保存已禁用，跳過配置保存
2025-08-07 13:11:48,044 - VALO360 - DEBUG - 自動保存已禁用，跳過配置保存
2025-08-07 13:11:48,046 - VALO360 - DEBUG - 自動保存已禁用，跳過配置保存
2025-08-07 13:11:48,046 - VALO360 - DEBUG - 自動保存已禁用，跳過配置保存
2025-08-07 13:11:48,048 - VALO360 - DEBUG - 自動保存已禁用，跳過配置保存
2025-08-07 13:11:48,048 - VALO360 - DEBUG - 自動保存已禁用，跳過配置保存
2025-08-07 13:11:48,048 - VALO360 - DEBUG - 自動保存已禁用，跳過配置保存
2025-08-07 13:11:48,048 - VALO360 - DEBUG - 自動保存已禁用，跳過配置保存
2025-08-07 13:11:48,052 - VALO360 - DEBUG - 自動保存已禁用，跳過配置保存
2025-08-07 13:11:48,052 - VALO360 - DEBUG - 自動保存已禁用，跳過配置保存
2025-08-07 13:11:48,053 - VALO360 - DEBUG - 自動保存已禁用，跳過配置保存
2025-08-07 13:11:48,053 - VALO360 - DEBUG - 自動保存已禁用，跳過配置保存
2025-08-07 13:11:48,054 - VALO360 - DEBUG - 自動保存已禁用，跳過配置保存
2025-08-07 13:11:48,055 - VALO360 - DEBUG - 自動保存已禁用，跳過配置保存
2025-08-07 13:11:48,055 - VALO360 - DEBUG - 自動保存已禁用，跳過配置保存
2025-08-07 13:11:48,055 - VALO360 - DEBUG - 自動保存已禁用，跳過配置保存
2025-08-07 13:11:48,056 - VALO360 - DEBUG - 自動保存已禁用，跳過配置保存
2025-08-07 13:11:48,057 - VALO360 - DEBUG - 自動保存已禁用，跳過配置保存
2025-08-07 13:11:48,057 - VALO360 - DEBUG - 自動保存已禁用，跳過配置保存
2025-08-07 13:11:48,057 - VALO360 - DEBUG - 自動保存已禁用，跳過配置保存
2025-08-07 13:11:48,060 - VALO360 - DEBUG - 自動保存已禁用，跳過配置保存
2025-08-07 13:11:48,061 - VALO360 - DEBUG - 自動保存已禁用，跳過配置保存
2025-08-07 13:11:48,062 - VALO360 - DEBUG - 自動保存已禁用，跳過配置保存
2025-08-07 13:11:48,062 - VALO360 - DEBUG - 自動保存已禁用，跳過配置保存
2025-08-07 13:11:48,064 - VALO360 - DEBUG - 自動保存已禁用，跳過配置保存
2025-08-07 13:11:48,064 - VALO360 - DEBUG - 自動保存已禁用，跳過配置保存
2025-08-07 13:11:48,065 - VALO360 - DEBUG - 自動保存已禁用，跳過配置保存
2025-08-07 13:11:48,066 - VALO360 - DEBUG - 自動保存已禁用，跳過配置保存
2025-08-07 13:11:48,066 - VALO360 - DEBUG - 自動保存已禁用，跳過配置保存
2025-08-07 13:11:48,069 - VALO360 - DEBUG - 自動保存已禁用，跳過配置保存
2025-08-07 13:11:48,069 - VALO360 - DEBUG - 自動保存已禁用，跳過配置保存
2025-08-07 13:11:48,069 - VALO360 - DEBUG - 自動保存已禁用，跳過配置保存
2025-08-07 13:11:48,070 - VALO360 - DEBUG - 自動保存已禁用，跳過配置保存
2025-08-07 13:11:48,071 - VALO360 - DEBUG - 自動保存已禁用，跳過配置保存
2025-08-07 13:11:48,071 - VALO360 - DEBUG - 自動保存已禁用，跳過配置保存
2025-08-07 13:11:48,071 - VALO360 - DEBUG - 自動保存已禁用，跳過配置保存
2025-08-07 13:11:48,072 - VALO360 - DEBUG - 自動保存已禁用，跳過配置保存
2025-08-07 13:11:48,073 - VALO360 - DEBUG - 自動保存已禁用，跳過配置保存
2025-08-07 13:11:48,073 - VALO360 - DEBUG - 自動保存已禁用，跳過配置保存
2025-08-07 13:11:48,073 - VALO360 - DEBUG - 自動保存已禁用，跳過配置保存
2025-08-07 13:11:48,074 - VALO360 - DEBUG - 自動保存已禁用，跳過配置保存
2025-08-07 13:11:48,074 - VALO360 - DEBUG - 自動保存已禁用，跳過配置保存
2025-08-07 13:11:48,074 - VALO360 - DEBUG - 自動保存已禁用，跳過配置保存
2025-08-07 13:11:48,074 - VALO360 - DEBUG - 自動保存已禁用，跳過配置保存
2025-08-07 13:11:48,078 - VALO360 - DEBUG - 自動保存已禁用，跳過配置保存
2025-08-07 13:11:48,078 - VALO360 - DEBUG - 自動保存已禁用，跳過配置保存
2025-08-07 13:11:48,078 - VALO360 - DEBUG - 自動保存已禁用，跳過配置保存
2025-08-07 13:11:48,079 - VALO360 - DEBUG - 自動保存已禁用，跳過配置保存
2025-08-07 13:11:48,080 - VALO360 - DEBUG - 自動保存已禁用，跳過配置保存
2025-08-07 13:11:48,082 - VALO360 - DEBUG - 自動保存已禁用，跳過配置保存
2025-08-07 13:11:48,082 - VALO360 - DEBUG - 自動保存已禁用，跳過配置保存
2025-08-07 13:11:48,082 - VALO360 - DEBUG - 自動保存已禁用，跳過配置保存
2025-08-07 13:11:48,082 - VALO360 - DEBUG - 自動保存已禁用，跳過配置保存
2025-08-07 13:11:48,082 - VALO360 - DEBUG - 自動保存已禁用，跳過配置保存
2025-08-07 13:11:48,082 - VALO360 - DEBUG - 自動保存已禁用，跳過配置保存
2025-08-07 13:11:48,082 - VALO360 - DEBUG - 自動保存已禁用，跳過配置保存
2025-08-07 13:11:48,088 - VALO360 - DEBUG - 自動保存已禁用，跳過配置保存
2025-08-07 13:11:48,088 - VALO360 - DEBUG - 自動保存已禁用，跳過配置保存
2025-08-07 13:11:48,089 - VALO360 - DEBUG - 自動保存已禁用，跳過配置保存
2025-08-07 13:11:48,089 - VALO360 - DEBUG - 自動保存已禁用，跳過配置保存
2025-08-07 13:11:48,091 - VALO360 - DEBUG - 自動保存已禁用，跳過配置保存
2025-08-07 13:11:48,091 - VALO360 - DEBUG - 自動保存已禁用，跳過配置保存
2025-08-07 13:11:48,091 - VALO360 - DEBUG - 自動保存已禁用，跳過配置保存
2025-08-07 13:11:48,093 - VALO360 - DEBUG - 自動保存已禁用，跳過配置保存
2025-08-07 13:11:48,093 - VALO360 - DEBUG - 自動保存已禁用，跳過配置保存
2025-08-07 13:11:48,095 - VALO360 - DEBUG - 自動保存已禁用，跳過配置保存
2025-08-07 13:11:48,095 - VALO360 - DEBUG - 自動保存已禁用，跳過配置保存
2025-08-07 13:11:48,096 - VALO360 - DEBUG - 自動保存已禁用，跳過配置保存
2025-08-07 13:11:48,098 - VALO360 - DEBUG - 自動保存已禁用，跳過配置保存
2025-08-07 13:11:48,098 - VALO360 - DEBUG - 自動保存已禁用，跳過配置保存
2025-08-07 13:11:48,098 - VALO360 - DEBUG - 自動保存已禁用，跳過配置保存
2025-08-07 13:11:48,098 - VALO360 - DEBUG - 自動保存已禁用，跳過配置保存
2025-08-07 13:11:48,101 - VALO360 - DEBUG - 自動保存已禁用，跳過配置保存
2025-08-07 13:11:48,101 - VALO360 - DEBUG - 自動保存已禁用，跳過配置保存
2025-08-07 13:11:48,103 - VALO360 - DEBUG - 自動保存已禁用，跳過配置保存
2025-08-07 13:11:48,103 - VALO360 - DEBUG - 自動保存已禁用，跳過配置保存
2025-08-07 13:11:48,105 - VALO360 - DEBUG - 自動保存已禁用，跳過配置保存
2025-08-07 13:11:48,105 - VALO360 - DEBUG - 自動保存已禁用，跳過配置保存
2025-08-07 13:11:48,107 - VALO360 - DEBUG - 自動保存已禁用，跳過配置保存
2025-08-07 13:11:48,107 - VALO360 - DEBUG - 自動保存已禁用，跳過配置保存
2025-08-07 13:11:48,110 - VALO360 - DEBUG - 自動保存已禁用，跳過配置保存
2025-08-07 13:11:48,110 - VALO360 - DEBUG - 自動保存已禁用，跳過配置保存
2025-08-07 13:11:48,114 - VALO360 - DEBUG - 自動保存已禁用，跳過配置保存
2025-08-07 13:11:48,114 - VALO360 - DEBUG - 自動保存已禁用，跳過配置保存
2025-08-07 13:11:48,116 - VALO360 - DEBUG - 自動保存已禁用，跳過配置保存
2025-08-07 13:11:48,118 - VALO360 - DEBUG - 自動保存已禁用，跳過配置保存
2025-08-07 13:11:48,118 - VALO360 - DEBUG - 自動保存已禁用，跳過配置保存
2025-08-07 13:11:48,118 - VALO360 - DEBUG - 自動保存已禁用，跳過配置保存
2025-08-07 13:11:48,121 - VALO360 - DEBUG - 自動保存已禁用，跳過配置保存
2025-08-07 13:11:48,122 - VALO360 - DEBUG - 自動保存已禁用，跳過配置保存
2025-08-07 13:11:48,122 - VALO360 - DEBUG - 自動保存已禁用，跳過配置保存
2025-08-07 13:11:48,123 - VALO360 - DEBUG - 自動保存已禁用，跳過配置保存
2025-08-07 13:11:48,124 - VALO360 - DEBUG - 自動保存已禁用，跳過配置保存
2025-08-07 13:11:48,125 - VALO360 - DEBUG - 自動保存已禁用，跳過配置保存
2025-08-07 13:11:48,126 - VALO360 - DEBUG - 自動保存已禁用，跳過配置保存
2025-08-07 13:11:48,128 - VALO360 - DEBUG - 自動保存已禁用，跳過配置保存
2025-08-07 13:11:48,130 - VALO360 - DEBUG - 自動保存已禁用，跳過配置保存
2025-08-07 13:11:48,131 - VALO360 - DEBUG - 自動保存已禁用，跳過配置保存
2025-08-07 13:11:48,131 - VALO360 - DEBUG - 自動保存已禁用，跳過配置保存
2025-08-07 13:11:48,132 - VALO360 - DEBUG - 自動保存已禁用，跳過配置保存
2025-08-07 13:11:48,135 - VALO360 - DEBUG - 自動保存已禁用，跳過配置保存
2025-08-07 13:11:48,135 - VALO360 - DEBUG - 自動保存已禁用，跳過配置保存
2025-08-07 13:11:48,136 - VALO360 - DEBUG - 自動保存已禁用，跳過配置保存
2025-08-07 13:11:48,137 - VALO360 - DEBUG - 自動保存已禁用，跳過配置保存
2025-08-07 13:11:48,138 - VALO360 - DEBUG - 自動保存已禁用，跳過配置保存
2025-08-07 13:11:48,139 - VALO360 - DEBUG - 自動保存已禁用，跳過配置保存
2025-08-07 13:11:48,139 - VALO360 - DEBUG - 自動保存已禁用，跳過配置保存
2025-08-07 13:11:48,140 - VALO360 - DEBUG - 自動保存已禁用，跳過配置保存
2025-08-07 13:11:48,140 - VALO360 - DEBUG - 自動保存已禁用，跳過配置保存
2025-08-07 13:11:48,140 - VALO360 - DEBUG - 自動保存已禁用，跳過配置保存
2025-08-07 13:11:48,143 - VALO360 - DEBUG - 自動保存已禁用，跳過配置保存
2025-08-07 13:11:48,143 - VALO360 - DEBUG - 自動保存已禁用，跳過配置保存
2025-08-07 13:11:48,146 - VALO360 - DEBUG - 自動保存已禁用，跳過配置保存
2025-08-07 13:11:48,146 - VALO360 - DEBUG - 自動保存已禁用，跳過配置保存
2025-08-07 13:11:48,146 - VALO360 - DEBUG - 自動保存已禁用，跳過配置保存
2025-08-07 13:11:48,146 - VALO360 - DEBUG - 自動保存已禁用，跳過配置保存
2025-08-07 13:11:48,148 - VALO360 - DEBUG - 自動保存已禁用，跳過配置保存
2025-08-07 13:11:48,148 - VALO360 - DEBUG - 自動保存已禁用，跳過配置保存
2025-08-07 13:11:48,151 - VALO360 - DEBUG - 自動保存已禁用，跳過配置保存
2025-08-07 13:11:48,151 - VALO360 - DEBUG - 自動保存已禁用，跳過配置保存
2025-08-07 13:11:48,153 - VALO360 - DEBUG - 自動保存已禁用，跳過配置保存
2025-08-07 13:11:48,153 - VALO360 - DEBUG - 自動保存已禁用，跳過配置保存
2025-08-07 13:11:48,153 - VALO360 - DEBUG - 自動保存已禁用，跳過配置保存
2025-08-07 13:11:48,154 - VALO360 - DEBUG - 自動保存已禁用，跳過配置保存
2025-08-07 13:11:48,155 - VALO360 - DEBUG - 自動保存已禁用，跳過配置保存
2025-08-07 13:11:48,155 - VALO360 - DEBUG - 自動保存已禁用，跳過配置保存
2025-08-07 13:11:48,156 - VALO360 - DEBUG - 自動保存已禁用，跳過配置保存
2025-08-07 13:11:48,156 - VALO360 - DEBUG - 自動保存已禁用，跳過配置保存
2025-08-07 13:11:48,157 - VALO360 - DEBUG - 自動保存已禁用，跳過配置保存
2025-08-07 13:11:48,159 - VALO360 - DEBUG - 自動保存已禁用，跳過配置保存
2025-08-07 13:11:48,159 - VALO360 - DEBUG - 自動保存已禁用，跳過配置保存
2025-08-07 13:11:48,159 - VALO360 - DEBUG - 自動保存已禁用，跳過配置保存
2025-08-07 13:11:48,161 - VALO360 - DEBUG - 自動保存已禁用，跳過配置保存
2025-08-07 13:11:48,163 - VALO360 - DEBUG - 自動保存已禁用，跳過配置保存
2025-08-07 13:11:48,163 - VALO360 - DEBUG - 自動保存已禁用，跳過配置保存
2025-08-07 13:11:48,163 - VALO360 - DEBUG - 自動保存已禁用，跳過配置保存
2025-08-07 13:11:48,166 - VALO360 - DEBUG - 自動保存已禁用，跳過配置保存
2025-08-07 13:11:48,166 - VALO360 - DEBUG - 自動保存已禁用，跳過配置保存
2025-08-07 13:11:48,167 - VALO360 - DEBUG - 自動保存已禁用，跳過配置保存
2025-08-07 13:11:48,167 - VALO360 - DEBUG - 自動保存已禁用，跳過配置保存
2025-08-07 13:11:48,168 - VALO360 - DEBUG - 自動保存已禁用，跳過配置保存
2025-08-07 13:11:48,169 - VALO360 - DEBUG - 自動保存已禁用，跳過配置保存
2025-08-07 13:11:48,169 - VALO360 - DEBUG - 自動保存已禁用，跳過配置保存
2025-08-07 13:11:48,169 - VALO360 - DEBUG - 自動保存已禁用，跳過配置保存
2025-08-07 13:11:48,169 - VALO360 - DEBUG - 自動保存已禁用，跳過配置保存
2025-08-07 13:11:48,169 - VALO360 - DEBUG - 自動保存已禁用，跳過配置保存
2025-08-07 13:11:48,169 - VALO360 - DEBUG - 自動保存已禁用，跳過配置保存
2025-08-07 13:11:48,169 - VALO360 - DEBUG - 自動保存已禁用，跳過配置保存
2025-08-07 13:11:48,174 - VALO360 - DEBUG - 自動保存已禁用，跳過配置保存
2025-08-07 13:11:48,174 - VALO360 - DEBUG - 自動保存已禁用，跳過配置保存
2025-08-07 13:11:48,174 - VALO360 - DEBUG - 自動保存已禁用，跳過配置保存
2025-08-07 13:11:48,174 - VALO360 - DEBUG - 自動保存已禁用，跳過配置保存
2025-08-07 13:11:48,177 - VALO360 - DEBUG - 自動保存已禁用，跳過配置保存
2025-08-07 13:11:48,179 - VALO360 - DEBUG - 自動保存已禁用，跳過配置保存
2025-08-07 13:11:48,179 - VALO360 - DEBUG - 自動保存已禁用，跳過配置保存
2025-08-07 13:11:48,180 - VALO360 - DEBUG - 自動保存已禁用，跳過配置保存
2025-08-07 13:11:48,182 - VALO360 - DEBUG - 自動保存已禁用，跳過配置保存
2025-08-07 13:11:48,183 - VALO360 - DEBUG - 自動保存已禁用，跳過配置保存
2025-08-07 13:11:48,183 - VALO360 - DEBUG - 自動保存已禁用，跳過配置保存
2025-08-07 13:11:48,184 - VALO360 - DEBUG - 自動保存已禁用，跳過配置保存
2025-08-07 13:11:48,184 - VALO360 - DEBUG - 自動保存已禁用，跳過配置保存
2025-08-07 13:11:48,184 - VALO360 - DEBUG - 自動保存已禁用，跳過配置保存
2025-08-07 13:11:48,186 - VALO360 - DEBUG - 自動保存已禁用，跳過配置保存
2025-08-07 13:11:48,186 - VALO360 - DEBUG - 自動保存已禁用，跳過配置保存
2025-08-07 13:11:48,188 - VALO360 - DEBUG - 自動保存已禁用，跳過配置保存
2025-08-07 13:11:48,189 - VALO360 - DEBUG - 自動保存已禁用，跳過配置保存
2025-08-07 13:11:48,189 - VALO360 - DEBUG - 自動保存已禁用，跳過配置保存
2025-08-07 13:11:48,189 - VALO360 - DEBUG - 自動保存已禁用，跳過配置保存
2025-08-07 13:11:48,190 - VALO360 - DEBUG - 自動保存已禁用，跳過配置保存
2025-08-07 13:11:48,190 - VALO360 - DEBUG - 自動保存已禁用，跳過配置保存
2025-08-07 13:11:48,190 - VALO360 - DEBUG - 自動保存已禁用，跳過配置保存
2025-08-07 13:11:48,190 - VALO360 - DEBUG - 自動保存已禁用，跳過配置保存
2025-08-07 13:11:48,190 - VALO360 - DEBUG - 自動保存已禁用，跳過配置保存
2025-08-07 13:11:48,196 - VALO360 - DEBUG - 自動保存已禁用，跳過配置保存
2025-08-07 13:11:48,196 - VALO360 - DEBUG - 自動保存已禁用，跳過配置保存
2025-08-07 13:11:48,197 - VALO360 - DEBUG - 自動保存已禁用，跳過配置保存
2025-08-07 13:11:48,197 - VALO360 - DEBUG - 自動保存已禁用，跳過配置保存
2025-08-07 13:11:48,199 - VALO360 - DEBUG - 自動保存已禁用，跳過配置保存
2025-08-07 13:11:48,200 - VALO360 - DEBUG - 自動保存已禁用，跳過配置保存
2025-08-07 13:11:48,200 - VALO360 - DEBUG - 自動保存已禁用，跳過配置保存
2025-08-07 13:11:48,203 - VALO360 - DEBUG - 自動保存已禁用，跳過配置保存
2025-08-07 13:11:48,204 - VALO360 - DEBUG - 自動保存已禁用，跳過配置保存
2025-08-07 13:11:48,204 - VALO360 - DEBUG - 自動保存已禁用，跳過配置保存
2025-08-07 13:11:48,204 - VALO360 - DEBUG - 自動保存已禁用，跳過配置保存
2025-08-07 13:11:48,205 - VALO360 - DEBUG - 自動保存已禁用，跳過配置保存
2025-08-07 13:11:48,205 - VALO360 - DEBUG - 自動保存已禁用，跳過配置保存
2025-08-07 13:11:48,206 - VALO360 - DEBUG - 自動保存已禁用，跳過配置保存
2025-08-07 13:11:48,206 - VALO360 - DEBUG - 自動保存已禁用，跳過配置保存
2025-08-07 13:11:48,213 - VALO360 - DEBUG - 自動保存已禁用，跳過配置保存
2025-08-07 13:11:48,213 - VALO360 - DEBUG - 自動保存已禁用，跳過配置保存
2025-08-07 13:11:48,215 - VALO360 - DEBUG - 自動保存已禁用，跳過配置保存
2025-08-07 13:11:48,215 - VALO360 - DEBUG - 自動保存已禁用，跳過配置保存
2025-08-07 13:11:48,217 - VALO360 - DEBUG - 自動保存已禁用，跳過配置保存
2025-08-07 13:11:48,217 - VALO360 - DEBUG - 自動保存已禁用，跳過配置保存
2025-08-07 13:11:48,217 - VALO360 - DEBUG - 自動保存已禁用，跳過配置保存
2025-08-07 13:11:48,219 - VALO360 - DEBUG - 自動保存已禁用，跳過配置保存
2025-08-07 13:11:48,219 - VALO360 - DEBUG - 自動保存已禁用，跳過配置保存
2025-08-07 13:11:48,220 - VALO360 - DEBUG - 自動保存已禁用，跳過配置保存
2025-08-07 13:11:48,220 - VALO360 - DEBUG - 自動保存已禁用，跳過配置保存
2025-08-07 13:11:48,220 - VALO360 - DEBUG - 自動保存已禁用，跳過配置保存
2025-08-07 13:11:48,246 - VALO360 - DEBUG - 自動保存已禁用，跳過配置保存
2025-08-07 13:11:48,246 - VALO360 - DEBUG - 自動保存已禁用，跳過配置保存
2025-08-07 13:11:48,246 - VALO360 - DEBUG - 自動保存已禁用，跳過配置保存
2025-08-07 13:11:48,246 - VALO360 - DEBUG - 自動保存已禁用，跳過配置保存
2025-08-07 13:11:48,251 - VALO360 - DEBUG - 自動保存已禁用，跳過配置保存
2025-08-07 13:11:48,251 - VALO360 - DEBUG - 自動保存已禁用，跳過配置保存
2025-08-07 13:11:48,252 - VALO360 - DEBUG - 自動保存已禁用，跳過配置保存
2025-08-07 13:11:48,252 - VALO360 - DEBUG - 自動保存已禁用，跳過配置保存
2025-08-07 13:11:48,261 - VALO360 - DEBUG - 自動保存已禁用，跳過配置保存
2025-08-07 13:11:48,261 - VALO360 - DEBUG - 自動保存已禁用，跳過配置保存
2025-08-07 13:11:48,261 - VALO360 - DEBUG - 自動保存已禁用，跳過配置保存
2025-08-07 13:11:48,261 - VALO360 - DEBUG - 自動保存已禁用，跳過配置保存
2025-08-07 13:11:48,268 - VALO360 - DEBUG - 自動保存已禁用，跳過配置保存
2025-08-07 13:11:48,268 - VALO360 - DEBUG - 自動保存已禁用，跳過配置保存
2025-08-07 13:11:48,270 - VALO360 - DEBUG - 自動保存已禁用，跳過配置保存
2025-08-07 13:11:48,270 - VALO360 - DEBUG - 自動保存已禁用，跳過配置保存
2025-08-07 13:11:48,273 - VALO360 - DEBUG - 自動保存已禁用，跳過配置保存
2025-08-07 13:11:48,273 - VALO360 - DEBUG - 自動保存已禁用，跳過配置保存
2025-08-07 13:11:48,273 - VALO360 - DEBUG - 自動保存已禁用，跳過配置保存
2025-08-07 13:11:48,274 - VALO360 - DEBUG - 自動保存已禁用，跳過配置保存
2025-08-07 13:11:48,278 - VALO360 - DEBUG - 自動保存已禁用，跳過配置保存
2025-08-07 13:11:48,278 - VALO360 - DEBUG - 自動保存已禁用，跳過配置保存
2025-08-07 13:11:48,279 - VALO360 - DEBUG - 自動保存已禁用，跳過配置保存
2025-08-07 13:11:48,279 - VALO360 - DEBUG - 自動保存已禁用，跳過配置保存
2025-08-07 13:11:48,285 - VALO360 - DEBUG - 自動保存已禁用，跳過配置保存
2025-08-07 13:11:48,285 - VALO360 - DEBUG - 自動保存已禁用，跳過配置保存
2025-08-07 13:11:48,285 - VALO360 - DEBUG - 自動保存已禁用，跳過配置保存
2025-08-07 13:11:48,285 - VALO360 - DEBUG - 自動保存已禁用，跳過配置保存
2025-08-07 13:11:48,291 - VALO360 - DEBUG - 自動保存已禁用，跳過配置保存
2025-08-07 13:11:48,291 - VALO360 - DEBUG - 自動保存已禁用，跳過配置保存
2025-08-07 13:11:48,294 - VALO360 - DEBUG - 自動保存已禁用，跳過配置保存
2025-08-07 13:11:48,294 - VALO360 - DEBUG - 自動保存已禁用，跳過配置保存
2025-08-07 13:11:48,298 - VALO360 - DEBUG - 自動保存已禁用，跳過配置保存
2025-08-07 13:11:48,299 - VALO360 - DEBUG - 自動保存已禁用，跳過配置保存
2025-08-07 13:11:48,299 - VALO360 - DEBUG - 自動保存已禁用，跳過配置保存
2025-08-07 13:11:48,299 - VALO360 - DEBUG - 自動保存已禁用，跳過配置保存
2025-08-07 13:11:48,304 - VALO360 - DEBUG - 自動保存已禁用，跳過配置保存
2025-08-07 13:11:48,305 - VALO360 - DEBUG - 自動保存已禁用，跳過配置保存
2025-08-07 13:11:48,306 - VALO360 - DEBUG - 自動保存已禁用，跳過配置保存
2025-08-07 13:11:48,306 - VALO360 - DEBUG - 自動保存已禁用，跳過配置保存
2025-08-07 13:11:48,312 - VALO360 - DEBUG - 自動保存已禁用，跳過配置保存
2025-08-07 13:11:48,312 - VALO360 - DEBUG - 自動保存已禁用，跳過配置保存
2025-08-07 13:11:48,312 - VALO360 - DEBUG - 自動保存已禁用，跳過配置保存
2025-08-07 13:11:48,315 - VALO360 - DEBUG - 自動保存已禁用，跳過配置保存
2025-08-07 13:11:48,318 - VALO360 - DEBUG - 自動保存已禁用，跳過配置保存
2025-08-07 13:11:48,319 - VALO360 - DEBUG - 自動保存已禁用，跳過配置保存
2025-08-07 13:11:48,319 - VALO360 - DEBUG - 自動保存已禁用，跳過配置保存
2025-08-07 13:11:48,320 - VALO360 - DEBUG - 自動保存已禁用，跳過配置保存
2025-08-07 13:11:48,320 - VALO360 - DEBUG - 自動保存已禁用，跳過配置保存
2025-08-07 13:11:48,324 - VALO360 - DEBUG - 自動保存已禁用，跳過配置保存
2025-08-07 13:11:48,324 - VALO360 - DEBUG - 自動保存已禁用，跳過配置保存
2025-08-07 13:11:48,325 - VALO360 - DEBUG - 自動保存已禁用，跳過配置保存
2025-08-07 13:11:48,330 - VALO360 - DEBUG - 自動保存已禁用，跳過配置保存
2025-08-07 13:11:48,330 - VALO360 - DEBUG - 自動保存已禁用，跳過配置保存
2025-08-07 13:11:48,331 - VALO360 - DEBUG - 自動保存已禁用，跳過配置保存
2025-08-07 13:11:48,331 - VALO360 - DEBUG - 自動保存已禁用，跳過配置保存
2025-08-07 13:11:48,334 - VALO360 - DEBUG - 自動保存已禁用，跳過配置保存
2025-08-07 13:11:48,334 - VALO360 - DEBUG - 自動保存已禁用，跳過配置保存
2025-08-07 13:11:48,336 - VALO360 - DEBUG - 自動保存已禁用，跳過配置保存
2025-08-07 13:11:48,336 - VALO360 - DEBUG - 自動保存已禁用，跳過配置保存
2025-08-07 13:11:48,344 - VALO360 - DEBUG - 自動保存已禁用，跳過配置保存
2025-08-07 13:11:48,344 - VALO360 - DEBUG - 自動保存已禁用，跳過配置保存
2025-08-07 13:11:48,344 - VALO360 - DEBUG - 自動保存已禁用，跳過配置保存
2025-08-07 13:11:48,344 - VALO360 - DEBUG - 自動保存已禁用，跳過配置保存
2025-08-07 13:11:48,349 - VALO360 - DEBUG - 自動保存已禁用，跳過配置保存
2025-08-07 13:11:48,349 - VALO360 - DEBUG - 自動保存已禁用，跳過配置保存
2025-08-07 13:11:48,352 - VALO360 - DEBUG - 自動保存已禁用，跳過配置保存
2025-08-07 13:11:48,352 - VALO360 - DEBUG - 自動保存已禁用，跳過配置保存
2025-08-07 13:11:48,356 - VALO360 - DEBUG - 自動保存已禁用，跳過配置保存
2025-08-07 13:11:48,356 - VALO360 - DEBUG - 自動保存已禁用，跳過配置保存
2025-08-07 13:11:48,356 - VALO360 - DEBUG - 自動保存已禁用，跳過配置保存
2025-08-07 13:11:48,356 - VALO360 - DEBUG - 自動保存已禁用，跳過配置保存
2025-08-07 13:11:48,359 - VALO360 - DEBUG - 自動保存已禁用，跳過配置保存
2025-08-07 13:11:48,361 - VALO360 - DEBUG - 自動保存已禁用，跳過配置保存
2025-08-07 13:11:48,362 - VALO360 - DEBUG - 自動保存已禁用，跳過配置保存
2025-08-07 13:11:48,362 - VALO360 - DEBUG - 自動保存已禁用，跳過配置保存
2025-08-07 13:11:48,364 - VALO360 - DEBUG - 自動保存已禁用，跳過配置保存
2025-08-07 13:11:48,365 - VALO360 - DEBUG - 自動保存已禁用，跳過配置保存
2025-08-07 13:11:48,366 - VALO360 - DEBUG - 自動保存已禁用，跳過配置保存
2025-08-07 13:11:48,366 - VALO360 - DEBUG - 自動保存已禁用，跳過配置保存
2025-08-07 13:11:48,370 - VALO360 - DEBUG - 自動保存已禁用，跳過配置保存
2025-08-07 13:11:48,370 - VALO360 - DEBUG - 自動保存已禁用，跳過配置保存
2025-08-07 13:11:48,370 - VALO360 - DEBUG - 自動保存已禁用，跳過配置保存
2025-08-07 13:11:48,371 - VALO360 - DEBUG - 自動保存已禁用，跳過配置保存
2025-08-07 13:11:48,385 - VALO360 - DEBUG - 自動保存已禁用，跳過配置保存
2025-08-07 13:11:48,385 - VALO360 - DEBUG - 自動保存已禁用，跳過配置保存
2025-08-07 13:11:48,385 - VALO360 - DEBUG - 自動保存已禁用，跳過配置保存
2025-08-07 13:11:48,387 - VALO360 - DEBUG - 自動保存已禁用，跳過配置保存
2025-08-07 13:11:48,388 - VALO360 - DEBUG - 自動保存已禁用，跳過配置保存
2025-08-07 13:11:48,388 - VALO360 - DEBUG - 自動保存已禁用，跳過配置保存
2025-08-07 13:11:48,388 - VALO360 - DEBUG - 自動保存已禁用，跳過配置保存
2025-08-07 13:11:48,389 - VALO360 - DEBUG - 自動保存已禁用，跳過配置保存
2025-08-07 13:11:48,393 - VALO360 - DEBUG - 自動保存已禁用，跳過配置保存
2025-08-07 13:11:48,393 - VALO360 - DEBUG - 自動保存已禁用，跳過配置保存
2025-08-07 13:11:48,396 - VALO360 - DEBUG - 自動保存已禁用，跳過配置保存
2025-08-07 13:11:48,396 - VALO360 - DEBUG - 自動保存已禁用，跳過配置保存
2025-08-07 13:11:48,398 - VALO360 - DEBUG - 自動保存已禁用，跳過配置保存
2025-08-07 13:11:48,398 - VALO360 - DEBUG - 自動保存已禁用，跳過配置保存
2025-08-07 13:11:48,400 - VALO360 - DEBUG - 自動保存已禁用，跳過配置保存
2025-08-07 13:11:48,400 - VALO360 - DEBUG - 自動保存已禁用，跳過配置保存
2025-08-07 13:11:48,401 - VALO360 - DEBUG - 自動保存已禁用，跳過配置保存
2025-08-07 13:11:48,401 - VALO360 - DEBUG - 自動保存已禁用，跳過配置保存
2025-08-07 13:11:48,401 - VALO360 - DEBUG - 自動保存已禁用，跳過配置保存
2025-08-07 13:11:48,401 - VALO360 - DEBUG - 自動保存已禁用，跳過配置保存
2025-08-07 13:11:48,405 - VALO360 - DEBUG - 自動保存已禁用，跳過配置保存
2025-08-07 13:11:48,405 - VALO360 - DEBUG - 自動保存已禁用，跳過配置保存
2025-08-07 13:11:48,406 - VALO360 - DEBUG - 自動保存已禁用，跳過配置保存
2025-08-07 13:11:48,406 - VALO360 - DEBUG - 自動保存已禁用，跳過配置保存
2025-08-07 13:11:48,406 - VALO360 - DEBUG - 自動保存已禁用，跳過配置保存
2025-08-07 13:11:48,407 - VALO360 - DEBUG - 自動保存已禁用，跳過配置保存
2025-08-07 13:11:48,407 - VALO360 - DEBUG - 自動保存已禁用，跳過配置保存
2025-08-07 13:11:48,407 - VALO360 - DEBUG - 自動保存已禁用，跳過配置保存
2025-08-07 13:11:48,412 - VALO360 - DEBUG - 自動保存已禁用，跳過配置保存
2025-08-07 13:11:48,412 - VALO360 - DEBUG - 自動保存已禁用，跳過配置保存
2025-08-07 13:11:48,415 - VALO360 - DEBUG - 自動保存已禁用，跳過配置保存
2025-08-07 13:11:48,415 - VALO360 - DEBUG - 自動保存已禁用，跳過配置保存
2025-08-07 13:11:48,417 - VALO360 - DEBUG - 自動保存已禁用，跳過配置保存
2025-08-07 13:11:48,417 - VALO360 - DEBUG - 自動保存已禁用，跳過配置保存
2025-08-07 13:11:48,418 - VALO360 - DEBUG - 自動保存已禁用，跳過配置保存
2025-08-07 13:11:48,418 - VALO360 - DEBUG - 自動保存已禁用，跳過配置保存
2025-08-07 13:11:48,487 - VALO360 - DEBUG - 自動保存已禁用，跳過配置保存
2025-08-07 13:11:48,487 - VALO360 - DEBUG - 自動保存已禁用，跳過配置保存
2025-08-07 13:11:48,488 - VALO360 - DEBUG - 自動保存已禁用，跳過配置保存
2025-08-07 13:11:48,488 - VALO360 - DEBUG - 自動保存已禁用，跳過配置保存
2025-08-07 13:11:48,489 - VALO360 - DEBUG - 自動保存已禁用，跳過配置保存
2025-08-07 13:11:48,489 - VALO360 - DEBUG - 自動保存已禁用，跳過配置保存
2025-08-07 13:11:48,489 - VALO360 - DEBUG - 自動保存已禁用，跳過配置保存
2025-08-07 13:11:48,490 - VALO360 - DEBUG - 自動保存已禁用，跳過配置保存
2025-08-07 13:11:48,492 - VALO360 - DEBUG - 自動保存已禁用，跳過配置保存
2025-08-07 13:11:48,493 - VALO360 - DEBUG - 自動保存已禁用，跳過配置保存
2025-08-07 13:11:48,493 - VALO360 - DEBUG - 自動保存已禁用，跳過配置保存
2025-08-07 13:11:48,493 - VALO360 - DEBUG - 自動保存已禁用，跳過配置保存
2025-08-07 13:11:48,496 - VALO360 - DEBUG - 自動保存已禁用，跳過配置保存
2025-08-07 13:11:48,497 - VALO360 - DEBUG - 自動保存已禁用，跳過配置保存
2025-08-07 13:11:48,497 - VALO360 - DEBUG - 自動保存已禁用，跳過配置保存
2025-08-07 13:11:48,498 - VALO360 - DEBUG - 自動保存已禁用，跳過配置保存
2025-08-07 13:11:48,500 - VALO360 - DEBUG - 自動保存已禁用，跳過配置保存
2025-08-07 13:11:48,500 - VALO360 - DEBUG - 自動保存已禁用，跳過配置保存
2025-08-07 13:11:48,500 - VALO360 - DEBUG - 自動保存已禁用，跳過配置保存
2025-08-07 13:11:48,502 - VALO360 - DEBUG - 自動保存已禁用，跳過配置保存
2025-08-07 13:11:48,503 - VALO360 - DEBUG - 自動保存已禁用，跳過配置保存
2025-08-07 13:11:48,503 - VALO360 - DEBUG - 自動保存已禁用，跳過配置保存
2025-08-07 13:11:48,503 - VALO360 - DEBUG - 自動保存已禁用，跳過配置保存
2025-08-07 13:11:48,503 - VALO360 - DEBUG - 自動保存已禁用，跳過配置保存
2025-08-07 13:11:48,503 - VALO360 - DEBUG - 自動保存已禁用，跳過配置保存
2025-08-07 13:11:48,503 - VALO360 - DEBUG - 自動保存已禁用，跳過配置保存
2025-08-07 13:11:48,503 - VALO360 - DEBUG - 自動保存已禁用，跳過配置保存
2025-08-07 13:11:48,503 - VALO360 - DEBUG - 自動保存已禁用，跳過配置保存
2025-08-07 13:11:48,511 - VALO360 - DEBUG - 自動保存已禁用，跳過配置保存
2025-08-07 13:11:48,512 - VALO360 - DEBUG - 自動保存已禁用，跳過配置保存
2025-08-07 13:11:48,513 - VALO360 - DEBUG - 自動保存已禁用，跳過配置保存
2025-08-07 13:11:48,513 - VALO360 - DEBUG - 自動保存已禁用，跳過配置保存
2025-08-07 13:11:48,515 - VALO360 - DEBUG - 自動保存已禁用，跳過配置保存
2025-08-07 13:11:48,515 - VALO360 - DEBUG - 自動保存已禁用，跳過配置保存
2025-08-07 13:11:48,515 - VALO360 - DEBUG - 自動保存已禁用，跳過配置保存
2025-08-07 13:11:48,515 - VALO360 - DEBUG - 自動保存已禁用，跳過配置保存
2025-08-07 13:11:48,515 - VALO360 - DEBUG - 自動保存已禁用，跳過配置保存
2025-08-07 13:11:48,515 - VALO360 - DEBUG - 自動保存已禁用，跳過配置保存
2025-08-07 13:11:48,515 - VALO360 - DEBUG - 自動保存已禁用，跳過配置保存
2025-08-07 13:11:48,515 - VALO360 - DEBUG - 自動保存已禁用，跳過配置保存
2025-08-07 13:11:48,522 - VALO360 - DEBUG - 自動保存已禁用，跳過配置保存
2025-08-07 13:11:48,523 - VALO360 - DEBUG - 自動保存已禁用，跳過配置保存
2025-08-07 13:11:48,523 - VALO360 - DEBUG - 自動保存已禁用，跳過配置保存
2025-08-07 13:11:48,524 - VALO360 - DEBUG - 自動保存已禁用，跳過配置保存
2025-08-07 13:11:48,526 - VALO360 - DEBUG - 自動保存已禁用，跳過配置保存
2025-08-07 13:11:48,526 - VALO360 - DEBUG - 自動保存已禁用，跳過配置保存
2025-08-07 13:11:48,528 - VALO360 - DEBUG - 自動保存已禁用，跳過配置保存
2025-08-07 13:11:48,529 - VALO360 - DEBUG - 自動保存已禁用，跳過配置保存
2025-08-07 13:11:48,531 - VALO360 - DEBUG - 自動保存已禁用，跳過配置保存
2025-08-07 13:11:48,533 - VALO360 - DEBUG - 自動保存已禁用，跳過配置保存
2025-08-07 13:11:48,533 - VALO360 - DEBUG - 自動保存已禁用，跳過配置保存
2025-08-07 13:11:48,533 - VALO360 - DEBUG - 自動保存已禁用，跳過配置保存
2025-08-07 13:11:48,534 - VALO360 - DEBUG - 自動保存已禁用，跳過配置保存
2025-08-07 13:11:48,536 - VALO360 - DEBUG - 自動保存已禁用，跳過配置保存
2025-08-07 13:11:48,536 - VALO360 - DEBUG - 自動保存已禁用，跳過配置保存
2025-08-07 13:11:48,536 - VALO360 - DEBUG - 自動保存已禁用，跳過配置保存
2025-08-07 13:11:48,539 - VALO360 - DEBUG - 自動保存已禁用，跳過配置保存
2025-08-07 13:11:48,539 - VALO360 - DEBUG - 自動保存已禁用，跳過配置保存
2025-08-07 13:11:48,540 - VALO360 - DEBUG - 自動保存已禁用，跳過配置保存
2025-08-07 13:11:48,541 - VALO360 - DEBUG - 自動保存已禁用，跳過配置保存
2025-08-07 13:11:48,542 - VALO360 - DEBUG - 自動保存已禁用，跳過配置保存
2025-08-07 13:11:48,542 - VALO360 - DEBUG - 自動保存已禁用，跳過配置保存
2025-08-07 13:11:48,545 - VALO360 - DEBUG - 自動保存已禁用，跳過配置保存
2025-08-07 13:11:48,545 - VALO360 - DEBUG - 自動保存已禁用，跳過配置保存
2025-08-07 13:11:48,547 - VALO360 - DEBUG - 自動保存已禁用，跳過配置保存
2025-08-07 13:11:48,547 - VALO360 - DEBUG - 自動保存已禁用，跳過配置保存
2025-08-07 13:11:48,547 - VALO360 - DEBUG - 自動保存已禁用，跳過配置保存
2025-08-07 13:11:48,549 - VALO360 - DEBUG - 自動保存已禁用，跳過配置保存
2025-08-07 13:11:48,549 - VALO360 - DEBUG - 自動保存已禁用，跳過配置保存
2025-08-07 13:11:48,549 - VALO360 - DEBUG - 自動保存已禁用，跳過配置保存
2025-08-07 13:11:48,549 - VALO360 - DEBUG - 自動保存已禁用，跳過配置保存
2025-08-07 13:11:48,549 - VALO360 - DEBUG - 自動保存已禁用，跳過配置保存
2025-08-07 13:11:48,549 - VALO360 - DEBUG - 自動保存已禁用，跳過配置保存
2025-08-07 13:11:48,549 - VALO360 - DEBUG - 自動保存已禁用，跳過配置保存
2025-08-07 13:11:48,549 - VALO360 - DEBUG - 自動保存已禁用，跳過配置保存
2025-08-07 13:11:48,549 - VALO360 - DEBUG - 自動保存已禁用，跳過配置保存
2025-08-07 13:11:48,561 - VALO360 - DEBUG - 自動保存已禁用，跳過配置保存
2025-08-07 13:11:48,561 - VALO360 - DEBUG - 自動保存已禁用，跳過配置保存
2025-08-07 13:11:48,561 - VALO360 - DEBUG - 自動保存已禁用，跳過配置保存
2025-08-07 13:11:48,563 - VALO360 - DEBUG - 自動保存已禁用，跳過配置保存
2025-08-07 13:11:48,573 - VALO360 - DEBUG - 自動保存已禁用，跳過配置保存
2025-08-07 13:11:48,573 - VALO360 - DEBUG - 自動保存已禁用，跳過配置保存
2025-08-07 13:11:48,573 - VALO360 - DEBUG - 自動保存已禁用，跳過配置保存
2025-08-07 13:11:48,574 - VALO360 - DEBUG - 自動保存已禁用，跳過配置保存
2025-08-07 13:11:48,575 - VALO360 - DEBUG - 自動保存已禁用，跳過配置保存
2025-08-07 13:11:48,576 - VALO360 - DEBUG - 自動保存已禁用，跳過配置保存
2025-08-07 13:11:48,576 - VALO360 - DEBUG - 自動保存已禁用，跳過配置保存
2025-08-07 13:11:48,578 - VALO360 - DEBUG - 自動保存已禁用，跳過配置保存
2025-08-07 13:11:48,579 - VALO360 - DEBUG - 自動保存已禁用，跳過配置保存
2025-08-07 13:11:48,580 - VALO360 - DEBUG - 自動保存已禁用，跳過配置保存
2025-08-07 13:11:48,580 - VALO360 - DEBUG - 自動保存已禁用，跳過配置保存
2025-08-07 13:11:48,580 - VALO360 - DEBUG - 自動保存已禁用，跳過配置保存
2025-08-07 13:11:48,582 - VALO360 - DEBUG - 自動保存已禁用，跳過配置保存
2025-08-07 13:11:48,582 - VALO360 - DEBUG - 自動保存已禁用，跳過配置保存
2025-08-07 13:11:48,582 - VALO360 - DEBUG - 自動保存已禁用，跳過配置保存
2025-08-07 13:11:48,582 - VALO360 - DEBUG - 自動保存已禁用，跳過配置保存
2025-08-07 13:11:48,582 - VALO360 - DEBUG - 自動保存已禁用，跳過配置保存
2025-08-07 13:11:48,582 - VALO360 - DEBUG - 自動保存已禁用，跳過配置保存
2025-08-07 13:11:48,582 - VALO360 - DEBUG - 自動保存已禁用，跳過配置保存
2025-08-07 13:11:48,587 - VALO360 - DEBUG - 自動保存已禁用，跳過配置保存
2025-08-07 13:11:48,588 - VALO360 - DEBUG - 自動保存已禁用，跳過配置保存
2025-08-07 13:11:48,588 - VALO360 - DEBUG - 自動保存已禁用，跳過配置保存
2025-08-07 13:11:48,589 - VALO360 - DEBUG - 自動保存已禁用，跳過配置保存
2025-08-07 13:11:48,589 - VALO360 - DEBUG - 自動保存已禁用，跳過配置保存
2025-08-07 13:11:48,590 - VALO360 - DEBUG - 自動保存已禁用，跳過配置保存
2025-08-07 13:11:48,590 - VALO360 - DEBUG - 自動保存已禁用，跳過配置保存
2025-08-07 13:11:48,591 - VALO360 - DEBUG - 自動保存已禁用，跳過配置保存
2025-08-07 13:11:48,592 - VALO360 - DEBUG - 自動保存已禁用，跳過配置保存
2025-08-07 13:11:48,592 - VALO360 - DEBUG - 自動保存已禁用，跳過配置保存
2025-08-07 13:11:48,592 - VALO360 - DEBUG - 自動保存已禁用，跳過配置保存
2025-08-07 13:11:48,592 - VALO360 - DEBUG - 自動保存已禁用，跳過配置保存
2025-08-07 13:11:48,595 - VALO360 - DEBUG - 自動保存已禁用，跳過配置保存
2025-08-07 13:11:48,596 - VALO360 - DEBUG - 自動保存已禁用，跳過配置保存
2025-08-07 13:11:48,596 - VALO360 - DEBUG - 自動保存已禁用，跳過配置保存
2025-08-07 13:11:48,598 - VALO360 - DEBUG - 自動保存已禁用，跳過配置保存
2025-08-07 13:11:48,598 - VALO360 - DEBUG - 自動保存已禁用，跳過配置保存
2025-08-07 13:11:48,599 - VALO360 - DEBUG - 自動保存已禁用，跳過配置保存
2025-08-07 13:11:48,600 - VALO360 - DEBUG - 自動保存已禁用，跳過配置保存
2025-08-07 13:11:48,600 - VALO360 - DEBUG - 自動保存已禁用，跳過配置保存
2025-08-07 13:11:48,600 - VALO360 - DEBUG - 自動保存已禁用，跳過配置保存
2025-08-07 13:11:48,601 - VALO360 - DEBUG - 自動保存已禁用，跳過配置保存
2025-08-07 13:11:48,601 - VALO360 - DEBUG - 自動保存已禁用，跳過配置保存
2025-08-07 13:11:48,602 - VALO360 - DEBUG - 自動保存已禁用，跳過配置保存
2025-08-07 13:11:48,602 - VALO360 - DEBUG - 自動保存已禁用，跳過配置保存
2025-08-07 13:11:48,603 - VALO360 - DEBUG - 自動保存已禁用，跳過配置保存
2025-08-07 13:11:48,603 - VALO360 - DEBUG - 自動保存已禁用，跳過配置保存
2025-08-07 13:11:48,603 - VALO360 - DEBUG - 自動保存已禁用，跳過配置保存
2025-08-07 13:11:48,604 - VALO360 - DEBUG - 自動保存已禁用，跳過配置保存
2025-08-07 13:11:48,605 - VALO360 - DEBUG - 自動保存已禁用，跳過配置保存
2025-08-07 13:11:48,606 - VALO360 - DEBUG - 自動保存已禁用，跳過配置保存
2025-08-07 13:11:48,606 - VALO360 - DEBUG - 自動保存已禁用，跳過配置保存
2025-08-07 13:11:48,606 - VALO360 - DEBUG - 自動保存已禁用，跳過配置保存
2025-08-07 13:11:48,608 - VALO360 - DEBUG - 自動保存已禁用，跳過配置保存
2025-08-07 13:11:48,608 - VALO360 - DEBUG - 自動保存已禁用，跳過配置保存
2025-08-07 13:11:48,608 - VALO360 - DEBUG - 自動保存已禁用，跳過配置保存
2025-08-07 13:11:48,608 - VALO360 - DEBUG - 自動保存已禁用，跳過配置保存
2025-08-07 13:11:48,610 - VALO360 - DEBUG - 自動保存已禁用，跳過配置保存
2025-08-07 13:11:48,610 - VALO360 - DEBUG - 自動保存已禁用，跳過配置保存
2025-08-07 13:11:48,610 - VALO360 - DEBUG - 自動保存已禁用，跳過配置保存
2025-08-07 13:11:48,613 - VALO360 - DEBUG - 自動保存已禁用，跳過配置保存
2025-08-07 13:11:48,614 - VALO360 - DEBUG - 自動保存已禁用，跳過配置保存
2025-08-07 13:11:48,615 - VALO360 - DEBUG - 自動保存已禁用，跳過配置保存
2025-08-07 13:11:48,615 - VALO360 - DEBUG - 自動保存已禁用，跳過配置保存
2025-08-07 13:11:48,615 - VALO360 - DEBUG - 自動保存已禁用，跳過配置保存
2025-08-07 13:11:48,616 - VALO360 - DEBUG - 自動保存已禁用，跳過配置保存
2025-08-07 13:11:48,617 - VALO360 - DEBUG - 自動保存已禁用，跳過配置保存
2025-08-07 13:11:48,618 - VALO360 - DEBUG - 自動保存已禁用，跳過配置保存
2025-08-07 13:11:48,618 - VALO360 - DEBUG - 自動保存已禁用，跳過配置保存
2025-08-07 13:11:48,619 - VALO360 - DEBUG - 自動保存已禁用，跳過配置保存
2025-08-07 13:11:48,619 - VALO360 - DEBUG - 自動保存已禁用，跳過配置保存
2025-08-07 13:11:48,620 - VALO360 - DEBUG - 自動保存已禁用，跳過配置保存
2025-08-07 13:11:48,620 - VALO360 - DEBUG - 自動保存已禁用，跳過配置保存
2025-08-07 13:11:48,620 - VALO360 - DEBUG - 自動保存已禁用，跳過配置保存
2025-08-07 13:11:48,621 - VALO360 - DEBUG - 自動保存已禁用，跳過配置保存
2025-08-07 13:11:48,621 - VALO360 - DEBUG - 自動保存已禁用，跳過配置保存
2025-08-07 13:11:48,621 - VALO360 - DEBUG - 自動保存已禁用，跳過配置保存
2025-08-07 13:11:48,623 - VALO360 - DEBUG - 自動保存已禁用，跳過配置保存
2025-08-07 13:11:48,623 - VALO360 - DEBUG - 自動保存已禁用，跳過配置保存
2025-08-07 13:11:48,623 - VALO360 - DEBUG - 自動保存已禁用，跳過配置保存
2025-08-07 13:11:48,624 - VALO360 - DEBUG - 自動保存已禁用，跳過配置保存
2025-08-07 13:11:48,625 - VALO360 - DEBUG - 自動保存已禁用，跳過配置保存
2025-08-07 13:11:48,625 - VALO360 - DEBUG - 自動保存已禁用，跳過配置保存
2025-08-07 13:11:48,625 - VALO360 - DEBUG - 自動保存已禁用，跳過配置保存
2025-08-07 13:11:48,625 - VALO360 - DEBUG - 自動保存已禁用，跳過配置保存
2025-08-07 13:11:48,627 - VALO360 - DEBUG - 自動保存已禁用，跳過配置保存
2025-08-07 13:11:48,628 - VALO360 - DEBUG - 自動保存已禁用，跳過配置保存
2025-08-07 13:11:48,628 - VALO360 - DEBUG - 自動保存已禁用，跳過配置保存
2025-08-07 13:11:48,628 - VALO360 - DEBUG - 自動保存已禁用，跳過配置保存
2025-08-07 13:11:48,628 - VALO360 - DEBUG - 自動保存已禁用，跳過配置保存
2025-08-07 13:11:48,628 - VALO360 - DEBUG - 自動保存已禁用，跳過配置保存
2025-08-07 13:11:48,628 - VALO360 - DEBUG - 自動保存已禁用，跳過配置保存
2025-08-07 13:11:48,628 - VALO360 - DEBUG - 自動保存已禁用，跳過配置保存
2025-08-07 13:11:48,633 - VALO360 - DEBUG - 自動保存已禁用，跳過配置保存
2025-08-07 13:11:48,635 - VALO360 - DEBUG - 自動保存已禁用，跳過配置保存
2025-08-07 13:11:48,635 - VALO360 - DEBUG - 自動保存已禁用，跳過配置保存
2025-08-07 13:11:48,635 - VALO360 - DEBUG - 自動保存已禁用，跳過配置保存
2025-08-07 13:11:48,636 - VALO360 - DEBUG - 自動保存已禁用，跳過配置保存
2025-08-07 13:11:48,637 - VALO360 - DEBUG - 自動保存已禁用，跳過配置保存
2025-08-07 13:11:48,637 - VALO360 - DEBUG - 自動保存已禁用，跳過配置保存
2025-08-07 13:11:48,637 - VALO360 - DEBUG - 自動保存已禁用，跳過配置保存
2025-08-07 13:11:48,638 - VALO360 - DEBUG - 自動保存已禁用，跳過配置保存
2025-08-07 13:11:48,639 - VALO360 - DEBUG - 自動保存已禁用，跳過配置保存
2025-08-07 13:11:48,639 - VALO360 - DEBUG - 自動保存已禁用，跳過配置保存
2025-08-07 13:11:48,639 - VALO360 - DEBUG - 自動保存已禁用，跳過配置保存
2025-08-07 13:11:48,640 - VALO360 - DEBUG - 自動保存已禁用，跳過配置保存
2025-08-07 13:11:48,641 - VALO360 - DEBUG - 自動保存已禁用，跳過配置保存
2025-08-07 13:11:48,641 - VALO360 - DEBUG - 自動保存已禁用，跳過配置保存
2025-08-07 13:11:48,642 - VALO360 - DEBUG - 自動保存已禁用，跳過配置保存
2025-08-07 13:11:48,643 - VALO360 - DEBUG - 自動保存已禁用，跳過配置保存
2025-08-07 13:11:48,644 - VALO360 - DEBUG - 自動保存已禁用，跳過配置保存
2025-08-07 13:11:48,644 - VALO360 - DEBUG - 自動保存已禁用，跳過配置保存
2025-08-07 13:11:48,645 - VALO360 - DEBUG - 自動保存已禁用，跳過配置保存
2025-08-07 13:11:48,725 - VALO360 - DEBUG - 自動保存已禁用，跳過配置保存
2025-08-07 13:11:48,725 - VALO360 - DEBUG - 自動保存已禁用，跳過配置保存
2025-08-07 13:11:48,725 - VALO360 - DEBUG - 自動保存已禁用，跳過配置保存
2025-08-07 13:11:48,725 - VALO360 - DEBUG - 自動保存已禁用，跳過配置保存
2025-08-07 13:11:48,725 - VALO360 - DEBUG - 自動保存已禁用，跳過配置保存
2025-08-07 13:11:48,728 - VALO360 - DEBUG - 自動保存已禁用，跳過配置保存
2025-08-07 13:11:48,728 - VALO360 - DEBUG - 自動保存已禁用，跳過配置保存
2025-08-07 13:11:48,729 - VALO360 - DEBUG - 自動保存已禁用，跳過配置保存
2025-08-07 13:11:48,734 - VALO360 - DEBUG - 自動保存已禁用，跳過配置保存
2025-08-07 13:11:48,734 - VALO360 - DEBUG - 自動保存已禁用，跳過配置保存
2025-08-07 13:11:48,735 - VALO360 - DEBUG - 自動保存已禁用，跳過配置保存
2025-08-07 13:11:48,735 - VALO360 - DEBUG - 自動保存已禁用，跳過配置保存
2025-08-07 13:11:48,735 - VALO360 - DEBUG - 自動保存已禁用，跳過配置保存
2025-08-07 13:11:48,736 - VALO360 - DEBUG - 自動保存已禁用，跳過配置保存
2025-08-07 13:11:48,736 - VALO360 - DEBUG - 自動保存已禁用，跳過配置保存
2025-08-07 13:11:48,736 - VALO360 - DEBUG - 自動保存已禁用，跳過配置保存
2025-08-07 13:11:48,746 - VALO360 - DEBUG - 自動保存已禁用，跳過配置保存
2025-08-07 13:11:48,747 - VALO360 - DEBUG - 自動保存已禁用，跳過配置保存
2025-08-07 13:11:48,748 - VALO360 - DEBUG - 自動保存已禁用，跳過配置保存
2025-08-07 13:11:48,748 - VALO360 - DEBUG - 自動保存已禁用，跳過配置保存
2025-08-07 13:11:48,748 - VALO360 - DEBUG - 自動保存已禁用，跳過配置保存
2025-08-07 13:11:48,748 - VALO360 - DEBUG - 自動保存已禁用，跳過配置保存
2025-08-07 13:11:48,748 - VALO360 - DEBUG - 自動保存已禁用，跳過配置保存
2025-08-07 13:11:48,748 - VALO360 - DEBUG - 自動保存已禁用，跳過配置保存
2025-08-07 13:11:48,761 - VALO360 - DEBUG - 自動保存已禁用，跳過配置保存
2025-08-07 13:11:48,761 - VALO360 - DEBUG - 自動保存已禁用，跳過配置保存
2025-08-07 13:11:48,762 - VALO360 - DEBUG - 自動保存已禁用，跳過配置保存
2025-08-07 13:11:48,763 - VALO360 - DEBUG - 自動保存已禁用，跳過配置保存
2025-08-07 13:11:48,764 - VALO360 - DEBUG - 自動保存已禁用，跳過配置保存
2025-08-07 13:11:48,765 - VALO360 - DEBUG - 自動保存已禁用，跳過配置保存
2025-08-07 13:11:48,766 - VALO360 - DEBUG - 自動保存已禁用，跳過配置保存
2025-08-07 13:11:48,766 - VALO360 - DEBUG - 自動保存已禁用，跳過配置保存
2025-08-07 13:11:48,781 - VALO360 - DEBUG - 自動保存已禁用，跳過配置保存
2025-08-07 13:11:48,781 - VALO360 - DEBUG - 自動保存已禁用，跳過配置保存
2025-08-07 13:11:48,781 - VALO360 - DEBUG - 自動保存已禁用，跳過配置保存
2025-08-07 13:11:48,781 - VALO360 - DEBUG - 自動保存已禁用，跳過配置保存
2025-08-07 13:11:48,785 - VALO360 - DEBUG - 自動保存已禁用，跳過配置保存
2025-08-07 13:11:48,785 - VALO360 - DEBUG - 自動保存已禁用，跳過配置保存
2025-08-07 13:11:48,785 - VALO360 - DEBUG - 自動保存已禁用，跳過配置保存
2025-08-07 13:11:48,785 - VALO360 - DEBUG - 自動保存已禁用，跳過配置保存
2025-08-07 13:11:48,796 - VALO360 - DEBUG - 自動保存已禁用，跳過配置保存
2025-08-07 13:11:48,796 - VALO360 - DEBUG - 自動保存已禁用，跳過配置保存
2025-08-07 13:11:48,796 - VALO360 - DEBUG - 自動保存已禁用，跳過配置保存
2025-08-07 13:11:48,798 - VALO360 - DEBUG - 自動保存已禁用，跳過配置保存
2025-08-07 13:11:48,798 - VALO360 - DEBUG - 自動保存已禁用，跳過配置保存
2025-08-07 13:11:48,799 - VALO360 - DEBUG - 自動保存已禁用，跳過配置保存
2025-08-07 13:11:48,799 - VALO360 - DEBUG - 自動保存已禁用，跳過配置保存
2025-08-07 13:11:48,801 - VALO360 - DEBUG - 自動保存已禁用，跳過配置保存
2025-08-07 13:11:48,812 - VALO360 - DEBUG - 自動保存已禁用，跳過配置保存
2025-08-07 13:11:48,813 - VALO360 - DEBUG - 自動保存已禁用，跳過配置保存
2025-08-07 13:11:48,813 - VALO360 - DEBUG - 自動保存已禁用，跳過配置保存
2025-08-07 13:11:48,814 - VALO360 - DEBUG - 自動保存已禁用，跳過配置保存
2025-08-07 13:11:48,815 - VALO360 - DEBUG - 自動保存已禁用，跳過配置保存
2025-08-07 13:11:48,815 - VALO360 - DEBUG - 自動保存已禁用，跳過配置保存
2025-08-07 13:11:48,815 - VALO360 - DEBUG - 自動保存已禁用，跳過配置保存
2025-08-07 13:11:48,817 - VALO360 - DEBUG - 自動保存已禁用，跳過配置保存
2025-08-07 13:11:48,819 - VALO360 - DEBUG - 自動保存已禁用，跳過配置保存
2025-08-07 13:11:48,819 - VALO360 - DEBUG - 自動保存已禁用，跳過配置保存
2025-08-07 13:11:48,819 - VALO360 - DEBUG - 自動保存已禁用，跳過配置保存
2025-08-07 13:11:48,822 - VALO360 - DEBUG - 自動保存已禁用，跳過配置保存
2025-08-07 13:11:48,822 - VALO360 - DEBUG - 自動保存已禁用，跳過配置保存
2025-08-07 13:11:48,822 - VALO360 - DEBUG - 自動保存已禁用，跳過配置保存
2025-08-07 13:11:48,823 - VALO360 - DEBUG - 自動保存已禁用，跳過配置保存
2025-08-07 13:11:48,824 - VALO360 - DEBUG - 自動保存已禁用，跳過配置保存
2025-08-07 13:11:48,827 - VALO360 - DEBUG - 自動保存已禁用，跳過配置保存
2025-08-07 13:11:48,829 - VALO360 - DEBUG - 自動保存已禁用，跳過配置保存
2025-08-07 13:11:48,829 - VALO360 - DEBUG - 自動保存已禁用，跳過配置保存
2025-08-07 13:11:48,829 - VALO360 - DEBUG - 自動保存已禁用，跳過配置保存
2025-08-07 13:11:48,829 - VALO360 - DEBUG - 自動保存已禁用，跳過配置保存
2025-08-07 13:11:48,829 - VALO360 - DEBUG - 自動保存已禁用，跳過配置保存
2025-08-07 13:11:48,833 - VALO360 - DEBUG - 自動保存已禁用，跳過配置保存
2025-08-07 13:11:48,833 - VALO360 - DEBUG - 自動保存已禁用，跳過配置保存
2025-08-07 13:11:48,835 - VALO360 - DEBUG - 自動保存已禁用，跳過配置保存
2025-08-07 13:11:48,835 - VALO360 - DEBUG - 自動保存已禁用，跳過配置保存
2025-08-07 13:11:48,835 - VALO360 - DEBUG - 自動保存已禁用，跳過配置保存
2025-08-07 13:11:48,836 - VALO360 - DEBUG - 自動保存已禁用，跳過配置保存
2025-08-07 13:11:48,836 - VALO360 - DEBUG - 自動保存已禁用，跳過配置保存
2025-08-07 13:11:48,836 - VALO360 - DEBUG - 自動保存已禁用，跳過配置保存
2025-08-07 13:11:48,837 - VALO360 - DEBUG - 自動保存已禁用，跳過配置保存
2025-08-07 13:11:48,837 - VALO360 - DEBUG - 自動保存已禁用，跳過配置保存
2025-08-07 13:11:48,849 - VALO360 - DEBUG - 自動保存已禁用，跳過配置保存
2025-08-07 13:11:48,849 - VALO360 - DEBUG - 自動保存已禁用，跳過配置保存
2025-08-07 13:11:48,851 - VALO360 - DEBUG - 自動保存已禁用，跳過配置保存
2025-08-07 13:11:48,851 - VALO360 - DEBUG - 自動保存已禁用，跳過配置保存
2025-08-07 13:11:48,851 - VALO360 - DEBUG - 自動保存已禁用，跳過配置保存
2025-08-07 13:11:48,852 - VALO360 - DEBUG - 自動保存已禁用，跳過配置保存
2025-08-07 13:11:48,852 - VALO360 - DEBUG - 自動保存已禁用，跳過配置保存
2025-08-07 13:11:48,852 - VALO360 - DEBUG - 自動保存已禁用，跳過配置保存
2025-08-07 13:11:48,854 - VALO360 - DEBUG - 自動保存已禁用，跳過配置保存
2025-08-07 13:11:48,854 - VALO360 - DEBUG - 自動保存已禁用，跳過配置保存
2025-08-07 13:11:48,854 - VALO360 - DEBUG - 自動保存已禁用，跳過配置保存
2025-08-07 13:11:48,857 - VALO360 - DEBUG - 自動保存已禁用，跳過配置保存
2025-08-07 13:11:48,858 - VALO360 - DEBUG - 自動保存已禁用，跳過配置保存
2025-08-07 13:11:48,859 - VALO360 - DEBUG - 自動保存已禁用，跳過配置保存
2025-08-07 13:11:48,860 - VALO360 - DEBUG - 自動保存已禁用，跳過配置保存
2025-08-07 13:11:48,861 - VALO360 - DEBUG - 自動保存已禁用，跳過配置保存
2025-08-07 13:11:48,868 - VALO360 - DEBUG - 自動保存已禁用，跳過配置保存
2025-08-07 13:11:48,871 - VALO360 - DEBUG - 自動保存已禁用，跳過配置保存
2025-08-07 13:11:48,871 - VALO360 - DEBUG - 自動保存已禁用，跳過配置保存
2025-08-07 13:11:48,871 - VALO360 - DEBUG - 自動保存已禁用，跳過配置保存
2025-08-07 13:11:48,873 - VALO360 - DEBUG - 自動保存已禁用，跳過配置保存
2025-08-07 13:11:48,873 - VALO360 - DEBUG - 自動保存已禁用，跳過配置保存
2025-08-07 13:11:48,874 - VALO360 - DEBUG - 自動保存已禁用，跳過配置保存
2025-08-07 13:11:48,874 - VALO360 - DEBUG - 自動保存已禁用，跳過配置保存
2025-08-07 13:11:48,875 - VALO360 - DEBUG - 自動保存已禁用，跳過配置保存
2025-08-07 13:11:48,875 - VALO360 - DEBUG - 自動保存已禁用，跳過配置保存
2025-08-07 13:11:48,875 - VALO360 - DEBUG - 自動保存已禁用，跳過配置保存
2025-08-07 13:11:48,875 - VALO360 - DEBUG - 自動保存已禁用，跳過配置保存
2025-08-07 13:11:48,878 - VALO360 - DEBUG - 自動保存已禁用，跳過配置保存
2025-08-07 13:11:48,879 - VALO360 - DEBUG - 自動保存已禁用，跳過配置保存
2025-08-07 13:11:48,881 - VALO360 - DEBUG - 自動保存已禁用，跳過配置保存
2025-08-07 13:11:48,881 - VALO360 - DEBUG - 自動保存已禁用，跳過配置保存
2025-08-07 13:11:48,886 - VALO360 - DEBUG - 自動保存已禁用，跳過配置保存
2025-08-07 13:11:48,887 - VALO360 - DEBUG - 自動保存已禁用，跳過配置保存
2025-08-07 13:11:48,887 - VALO360 - DEBUG - 自動保存已禁用，跳過配置保存
2025-08-07 13:11:48,887 - VALO360 - DEBUG - 自動保存已禁用，跳過配置保存
2025-08-07 13:11:48,889 - VALO360 - DEBUG - 自動保存已禁用，跳過配置保存
2025-08-07 13:11:48,889 - VALO360 - DEBUG - 自動保存已禁用，跳過配置保存
2025-08-07 13:11:48,889 - VALO360 - DEBUG - 自動保存已禁用，跳過配置保存
2025-08-07 13:11:48,890 - VALO360 - DEBUG - 自動保存已禁用，跳過配置保存
2025-08-07 13:11:48,918 - VALO360 - DEBUG - 自動保存已禁用，跳過配置保存
2025-08-07 13:11:48,918 - VALO360 - DEBUG - 自動保存已禁用，跳過配置保存
2025-08-07 13:11:48,918 - VALO360 - DEBUG - 自動保存已禁用，跳過配置保存
2025-08-07 13:11:48,921 - VALO360 - DEBUG - 自動保存已禁用，跳過配置保存
2025-08-07 13:11:48,921 - VALO360 - DEBUG - 自動保存已禁用，跳過配置保存
2025-08-07 13:11:48,921 - VALO360 - DEBUG - 自動保存已禁用，跳過配置保存
2025-08-07 13:11:48,921 - VALO360 - DEBUG - 自動保存已禁用，跳過配置保存
2025-08-07 13:11:48,921 - VALO360 - DEBUG - 自動保存已禁用，跳過配置保存
2025-08-07 13:11:48,926 - VALO360 - DEBUG - 自動保存已禁用，跳過配置保存
2025-08-07 13:11:48,926 - VALO360 - DEBUG - 自動保存已禁用，跳過配置保存
2025-08-07 13:11:48,926 - VALO360 - DEBUG - 自動保存已禁用，跳過配置保存
2025-08-07 13:11:48,926 - VALO360 - DEBUG - 自動保存已禁用，跳過配置保存
2025-08-07 13:11:48,932 - VALO360 - DEBUG - 自動保存已禁用，跳過配置保存
2025-08-07 13:11:48,932 - VALO360 - DEBUG - 自動保存已禁用，跳過配置保存
2025-08-07 13:11:48,933 - VALO360 - DEBUG - 自動保存已禁用，跳過配置保存
2025-08-07 13:11:48,933 - VALO360 - DEBUG - 自動保存已禁用，跳過配置保存
2025-08-07 13:11:48,934 - VALO360 - DEBUG - 自動保存已禁用，跳過配置保存
2025-08-07 13:11:48,934 - VALO360 - DEBUG - 自動保存已禁用，跳過配置保存
2025-08-07 13:11:48,935 - VALO360 - DEBUG - 自動保存已禁用，跳過配置保存
2025-08-07 13:11:48,935 - VALO360 - DEBUG - 自動保存已禁用，跳過配置保存
2025-08-07 13:11:48,936 - VALO360 - DEBUG - 自動保存已禁用，跳過配置保存
2025-08-07 13:11:48,936 - VALO360 - DEBUG - 自動保存已禁用，跳過配置保存
2025-08-07 13:11:48,937 - VALO360 - DEBUG - 自動保存已禁用，跳過配置保存
2025-08-07 13:11:48,937 - VALO360 - DEBUG - 自動保存已禁用，跳過配置保存
2025-08-07 13:11:48,958 - VALO360 - DEBUG - 自動保存已禁用，跳過配置保存
2025-08-07 13:11:48,958 - VALO360 - DEBUG - 自動保存已禁用，跳過配置保存
2025-08-07 13:11:48,958 - VALO360 - DEBUG - 自動保存已禁用，跳過配置保存
2025-08-07 13:11:48,958 - VALO360 - DEBUG - 自動保存已禁用，跳過配置保存
2025-08-07 13:11:48,961 - VALO360 - DEBUG - 自動保存已禁用，跳過配置保存
2025-08-07 13:11:48,961 - VALO360 - DEBUG - 自動保存已禁用，跳過配置保存
2025-08-07 13:11:48,961 - VALO360 - DEBUG - 自動保存已禁用，跳過配置保存
2025-08-07 13:11:48,963 - VALO360 - DEBUG - 自動保存已禁用，跳過配置保存
2025-08-07 13:11:48,970 - VALO360 - DEBUG - 自動保存已禁用，跳過配置保存
2025-08-07 13:11:48,970 - VALO360 - DEBUG - 自動保存已禁用，跳過配置保存
2025-08-07 13:11:48,970 - VALO360 - DEBUG - 自動保存已禁用，跳過配置保存
2025-08-07 13:11:48,973 - VALO360 - DEBUG - 自動保存已禁用，跳過配置保存
2025-08-07 13:11:48,974 - VALO360 - DEBUG - 自動保存已禁用，跳過配置保存
2025-08-07 13:11:48,974 - VALO360 - DEBUG - 自動保存已禁用，跳過配置保存
2025-08-07 13:11:48,976 - VALO360 - DEBUG - 自動保存已禁用，跳過配置保存
2025-08-07 13:11:48,976 - VALO360 - DEBUG - 自動保存已禁用，跳過配置保存
2025-08-07 13:11:49,027 - VALO360 - DEBUG - 自動保存已禁用，跳過配置保存
2025-08-07 13:11:49,028 - VALO360 - DEBUG - 自動保存已禁用，跳過配置保存
2025-08-07 13:11:49,029 - VALO360 - DEBUG - 自動保存已禁用，跳過配置保存
2025-08-07 13:11:49,029 - VALO360 - DEBUG - 自動保存已禁用，跳過配置保存
2025-08-07 13:11:49,029 - VALO360 - DEBUG - 自動保存已禁用，跳過配置保存
2025-08-07 13:11:49,029 - VALO360 - DEBUG - 自動保存已禁用，跳過配置保存
2025-08-07 13:11:49,032 - VALO360 - DEBUG - 自動保存已禁用，跳過配置保存
2025-08-07 13:11:49,032 - VALO360 - DEBUG - 自動保存已禁用，跳過配置保存
2025-08-07 13:11:49,049 - VALO360 - DEBUG - 自動保存已禁用，跳過配置保存
2025-08-07 13:11:49,049 - VALO360 - DEBUG - 自動保存已禁用，跳過配置保存
2025-08-07 13:11:49,049 - VALO360 - DEBUG - 自動保存已禁用，跳過配置保存
2025-08-07 13:11:49,051 - VALO360 - DEBUG - 自動保存已禁用，跳過配置保存
2025-08-07 13:11:49,052 - VALO360 - DEBUG - 自動保存已禁用，跳過配置保存
2025-08-07 13:11:49,052 - VALO360 - DEBUG - 自動保存已禁用，跳過配置保存
2025-08-07 13:11:49,054 - VALO360 - DEBUG - 自動保存已禁用，跳過配置保存
2025-08-07 13:11:49,054 - VALO360 - DEBUG - 自動保存已禁用，跳過配置保存
2025-08-07 13:11:49,055 - VALO360 - DEBUG - 自動保存已禁用，跳過配置保存
2025-08-07 13:11:49,055 - VALO360 - DEBUG - 自動保存已禁用，跳過配置保存
2025-08-07 13:11:49,055 - VALO360 - DEBUG - 自動保存已禁用，跳過配置保存
2025-08-07 13:11:49,056 - VALO360 - DEBUG - 自動保存已禁用，跳過配置保存
2025-08-07 13:11:49,058 - VALO360 - DEBUG - 自動保存已禁用，跳過配置保存
2025-08-07 13:11:49,059 - VALO360 - DEBUG - 自動保存已禁用，跳過配置保存
2025-08-07 13:11:49,059 - VALO360 - DEBUG - 自動保存已禁用，跳過配置保存
2025-08-07 13:11:49,059 - VALO360 - DEBUG - 自動保存已禁用，跳過配置保存
2025-08-07 13:11:49,063 - VALO360 - DEBUG - 自動保存已禁用，跳過配置保存
2025-08-07 13:11:49,063 - VALO360 - DEBUG - 自動保存已禁用，跳過配置保存
2025-08-07 13:11:49,063 - VALO360 - DEBUG - 自動保存已禁用，跳過配置保存
2025-08-07 13:11:49,063 - VALO360 - DEBUG - 自動保存已禁用，跳過配置保存
2025-08-07 13:11:49,067 - VALO360 - DEBUG - 自動保存已禁用，跳過配置保存
2025-08-07 13:11:49,067 - VALO360 - DEBUG - 自動保存已禁用，跳過配置保存
2025-08-07 13:11:49,067 - VALO360 - DEBUG - 自動保存已禁用，跳過配置保存
2025-08-07 13:11:49,067 - VALO360 - DEBUG - 自動保存已禁用，跳過配置保存
2025-08-07 13:11:49,070 - VALO360 - DEBUG - 自動保存已禁用，跳過配置保存
2025-08-07 13:11:49,070 - VALO360 - DEBUG - 自動保存已禁用，跳過配置保存
2025-08-07 13:11:49,070 - VALO360 - DEBUG - 自動保存已禁用，跳過配置保存
2025-08-07 13:11:49,071 - VALO360 - DEBUG - 自動保存已禁用，跳過配置保存
2025-08-07 13:11:49,073 - VALO360 - DEBUG - 自動保存已禁用，跳過配置保存
2025-08-07 13:11:49,073 - VALO360 - DEBUG - 自動保存已禁用，跳過配置保存
2025-08-07 13:11:49,073 - VALO360 - DEBUG - 自動保存已禁用，跳過配置保存
2025-08-07 13:11:49,074 - VALO360 - DEBUG - 自動保存已禁用，跳過配置保存
2025-08-07 13:11:49,075 - VALO360 - DEBUG - 自動保存已禁用，跳過配置保存
2025-08-07 13:11:49,076 - VALO360 - DEBUG - 自動保存已禁用，跳過配置保存
2025-08-07 13:11:49,076 - VALO360 - DEBUG - 自動保存已禁用，跳過配置保存
2025-08-07 13:11:49,076 - VALO360 - DEBUG - 自動保存已禁用，跳過配置保存
2025-08-07 13:11:49,080 - VALO360 - DEBUG - 自動保存已禁用，跳過配置保存
2025-08-07 13:11:49,080 - VALO360 - DEBUG - 自動保存已禁用，跳過配置保存
2025-08-07 13:11:49,081 - VALO360 - DEBUG - 自動保存已禁用，跳過配置保存
2025-08-07 13:11:49,081 - VALO360 - DEBUG - 自動保存已禁用，跳過配置保存
2025-08-07 13:11:49,082 - VALO360 - DEBUG - 自動保存已禁用，跳過配置保存
2025-08-07 13:11:49,084 - VALO360 - DEBUG - 自動保存已禁用，跳過配置保存
2025-08-07 13:11:49,084 - VALO360 - DEBUG - 自動保存已禁用，跳過配置保存
2025-08-07 13:11:49,084 - VALO360 - DEBUG - 自動保存已禁用，跳過配置保存
2025-08-07 13:11:49,085 - VALO360 - DEBUG - 自動保存已禁用，跳過配置保存
2025-08-07 13:11:49,085 - VALO360 - DEBUG - 自動保存已禁用，跳過配置保存
2025-08-07 13:11:49,086 - VALO360 - DEBUG - 自動保存已禁用，跳過配置保存
2025-08-07 13:11:49,087 - VALO360 - DEBUG - 自動保存已禁用，跳過配置保存
2025-08-07 13:11:49,088 - VALO360 - DEBUG - 自動保存已禁用，跳過配置保存
2025-08-07 13:11:49,088 - VALO360 - DEBUG - 自動保存已禁用，跳過配置保存
2025-08-07 13:11:49,088 - VALO360 - DEBUG - 自動保存已禁用，跳過配置保存
2025-08-07 13:11:49,088 - VALO360 - DEBUG - 自動保存已禁用，跳過配置保存
2025-08-07 13:11:49,089 - VALO360 - DEBUG - 自動保存已禁用，跳過配置保存
2025-08-07 13:11:49,090 - VALO360 - DEBUG - 自動保存已禁用，跳過配置保存
2025-08-07 13:11:49,091 - VALO360 - DEBUG - 自動保存已禁用，跳過配置保存
2025-08-07 13:11:49,091 - VALO360 - DEBUG - 自動保存已禁用，跳過配置保存
2025-08-07 13:11:49,093 - VALO360 - DEBUG - 自動保存已禁用，跳過配置保存
2025-08-07 13:11:49,093 - VALO360 - DEBUG - 自動保存已禁用，跳過配置保存
2025-08-07 13:11:49,094 - VALO360 - DEBUG - 自動保存已禁用，跳過配置保存
2025-08-07 13:11:49,094 - VALO360 - DEBUG - 自動保存已禁用，跳過配置保存
2025-08-07 13:11:49,128 - VALO360 - DEBUG - 自動保存已禁用，跳過配置保存
2025-08-07 13:11:49,128 - VALO360 - DEBUG - 自動保存已禁用，跳過配置保存
2025-08-07 13:11:49,128 - VALO360 - DEBUG - 自動保存已禁用，跳過配置保存
2025-08-07 13:11:49,128 - VALO360 - DEBUG - 自動保存已禁用，跳過配置保存
2025-08-07 13:11:49,128 - VALO360 - DEBUG - 自動保存已禁用，跳過配置保存
2025-08-07 13:11:49,136 - VALO360 - DEBUG - 自動保存已禁用，跳過配置保存
2025-08-07 13:11:49,136 - VALO360 - DEBUG - 自動保存已禁用，跳過配置保存
2025-08-07 13:11:49,136 - VALO360 - DEBUG - 自動保存已禁用，跳過配置保存
2025-08-07 13:11:49,136 - VALO360 - DEBUG - 自動保存已禁用，跳過配置保存
2025-08-07 13:11:49,139 - VALO360 - DEBUG - 自動保存已禁用，跳過配置保存
2025-08-07 13:11:49,139 - VALO360 - DEBUG - 自動保存已禁用，跳過配置保存
2025-08-07 13:11:49,140 - VALO360 - DEBUG - 自動保存已禁用，跳過配置保存
2025-08-07 13:11:49,141 - VALO360 - DEBUG - 自動保存已禁用，跳過配置保存
2025-08-07 13:11:49,142 - VALO360 - DEBUG - 自動保存已禁用，跳過配置保存
2025-08-07 13:11:49,143 - VALO360 - DEBUG - 自動保存已禁用，跳過配置保存
2025-08-07 13:11:49,143 - VALO360 - DEBUG - 自動保存已禁用，跳過配置保存
2025-08-07 13:11:49,145 - VALO360 - DEBUG - 自動保存已禁用，跳過配置保存
2025-08-07 13:11:49,145 - VALO360 - DEBUG - 自動保存已禁用，跳過配置保存
2025-08-07 13:11:49,146 - VALO360 - DEBUG - 自動保存已禁用，跳過配置保存
2025-08-07 13:11:49,148 - VALO360 - DEBUG - 自動保存已禁用，跳過配置保存
2025-08-07 13:11:49,150 - VALO360 - DEBUG - 自動保存已禁用，跳過配置保存
2025-08-07 13:11:49,151 - VALO360 - DEBUG - 自動保存已禁用，跳過配置保存
2025-08-07 13:11:49,152 - VALO360 - DEBUG - 自動保存已禁用，跳過配置保存
2025-08-07 13:11:49,152 - VALO360 - DEBUG - 自動保存已禁用，跳過配置保存
2025-08-07 13:11:49,153 - VALO360 - DEBUG - 自動保存已禁用，跳過配置保存
2025-08-07 13:11:49,153 - VALO360 - DEBUG - 自動保存已禁用，跳過配置保存
2025-08-07 13:11:49,154 - VALO360 - DEBUG - 自動保存已禁用，跳過配置保存
2025-08-07 13:11:49,154 - VALO360 - DEBUG - 自動保存已禁用，跳過配置保存
2025-08-07 13:11:49,155 - VALO360 - DEBUG - 自動保存已禁用，跳過配置保存
2025-08-07 13:11:49,155 - VALO360 - DEBUG - 自動保存已禁用，跳過配置保存
2025-08-07 13:11:49,155 - VALO360 - DEBUG - 自動保存已禁用，跳過配置保存
2025-08-07 13:11:49,157 - VALO360 - DEBUG - 自動保存已禁用，跳過配置保存
2025-08-07 13:11:49,158 - VALO360 - DEBUG - 自動保存已禁用，跳過配置保存
2025-08-07 13:11:49,158 - VALO360 - DEBUG - 自動保存已禁用，跳過配置保存
2025-08-07 13:11:49,161 - VALO360 - DEBUG - 自動保存已禁用，跳過配置保存
2025-08-07 13:11:49,161 - VALO360 - DEBUG - 自動保存已禁用，跳過配置保存
2025-08-07 13:11:49,161 - VALO360 - DEBUG - 自動保存已禁用，跳過配置保存
2025-08-07 13:11:49,161 - VALO360 - DEBUG - 自動保存已禁用，跳過配置保存
2025-08-07 13:11:49,161 - VALO360 - DEBUG - 自動保存已禁用，跳過配置保存
2025-08-07 13:11:49,161 - VALO360 - DEBUG - 自動保存已禁用，跳過配置保存
2025-08-07 13:11:49,167 - VALO360 - DEBUG - 自動保存已禁用，跳過配置保存
2025-08-07 13:11:49,167 - VALO360 - DEBUG - 自動保存已禁用，跳過配置保存
2025-08-07 13:11:49,169 - VALO360 - DEBUG - 自動保存已禁用，跳過配置保存
2025-08-07 13:11:49,169 - VALO360 - DEBUG - 自動保存已禁用，跳過配置保存
2025-08-07 13:11:49,171 - VALO360 - DEBUG - 自動保存已禁用，跳過配置保存
2025-08-07 13:11:49,171 - VALO360 - DEBUG - 自動保存已禁用，跳過配置保存
2025-08-07 13:11:49,172 - VALO360 - DEBUG - 自動保存已禁用，跳過配置保存
2025-08-07 13:11:49,173 - VALO360 - DEBUG - 自動保存已禁用，跳過配置保存
2025-08-07 13:11:49,174 - VALO360 - DEBUG - 自動保存已禁用，跳過配置保存
2025-08-07 13:11:49,175 - VALO360 - DEBUG - 自動保存已禁用，跳過配置保存
2025-08-07 13:11:49,175 - VALO360 - DEBUG - 自動保存已禁用，跳過配置保存
2025-08-07 13:11:49,177 - VALO360 - DEBUG - 自動保存已禁用，跳過配置保存
2025-08-07 13:11:49,208 - VALO360 - DEBUG - 自動保存已禁用，跳過配置保存
2025-08-07 13:11:49,212 - VALO360 - DEBUG - 自動保存已禁用，跳過配置保存
2025-08-07 13:11:49,213 - VALO360 - DEBUG - 自動保存已禁用，跳過配置保存
2025-08-07 13:11:49,215 - VALO360 - DEBUG - 自動保存已禁用，跳過配置保存
2025-08-07 13:11:49,219 - VALO360 - DEBUG - 自動保存已禁用，跳過配置保存
2025-08-07 13:11:49,247 - VALO360 - DEBUG - 自動保存已禁用，跳過配置保存
2025-08-07 13:11:49,248 - VALO360 - DEBUG - 自動保存已禁用，跳過配置保存
2025-08-07 13:11:49,255 - VALO360 - DEBUG - 自動保存已禁用，跳過配置保存
2025-08-07 13:11:49,259 - VALO360 - DEBUG - 自動保存已禁用，跳過配置保存
2025-08-07 13:11:49,261 - VALO360 - DEBUG - 自動保存已禁用，跳過配置保存
2025-08-07 13:11:49,263 - VALO360 - DEBUG - 自動保存已禁用，跳過配置保存
2025-08-07 13:11:49,263 - VALO360 - DEBUG - 自動保存已禁用，跳過配置保存
2025-08-07 13:11:49,265 - VALO360 - DEBUG - 自動保存已禁用，跳過配置保存
2025-08-07 13:11:49,266 - VALO360 - DEBUG - 自動保存已禁用，跳過配置保存
2025-08-07 13:11:49,266 - VALO360 - DEBUG - 自動保存已禁用，跳過配置保存
2025-08-07 13:11:49,266 - VALO360 - DEBUG - 自動保存已禁用，跳過配置保存
2025-08-07 13:11:49,268 - VALO360 - DEBUG - 自動保存已禁用，跳過配置保存
2025-08-07 13:11:49,270 - VALO360 - DEBUG - 自動保存已禁用，跳過配置保存
2025-08-07 13:11:49,271 - VALO360 - DEBUG - 自動保存已禁用，跳過配置保存
2025-08-07 13:11:49,271 - VALO360 - DEBUG - 自動保存已禁用，跳過配置保存
2025-08-07 13:11:49,272 - VALO360 - DEBUG - 自動保存已禁用，跳過配置保存
2025-08-07 13:11:49,272 - VALO360 - DEBUG - 自動保存已禁用，跳過配置保存
2025-08-07 13:11:49,274 - VALO360 - DEBUG - 自動保存已禁用，跳過配置保存
2025-08-07 13:11:49,274 - VALO360 - DEBUG - 自動保存已禁用，跳過配置保存
2025-08-07 13:11:49,276 - VALO360 - DEBUG - 自動保存已禁用，跳過配置保存
2025-08-07 13:11:49,276 - VALO360 - DEBUG - 自動保存已禁用，跳過配置保存
2025-08-07 13:11:49,278 - VALO360 - DEBUG - 自動保存已禁用，跳過配置保存
2025-08-07 13:11:49,279 - VALO360 - DEBUG - 自動保存已禁用，跳過配置保存
2025-08-07 13:11:49,281 - VALO360 - DEBUG - 自動保存已禁用，跳過配置保存
2025-08-07 13:11:49,281 - VALO360 - DEBUG - 自動保存已禁用，跳過配置保存
2025-08-07 13:11:49,283 - VALO360 - DEBUG - 自動保存已禁用，跳過配置保存
2025-08-07 13:11:49,284 - VALO360 - DEBUG - 自動保存已禁用，跳過配置保存
2025-08-07 13:11:49,285 - VALO360 - DEBUG - 自動保存已禁用，跳過配置保存
2025-08-07 13:11:49,285 - VALO360 - DEBUG - 自動保存已禁用，跳過配置保存
2025-08-07 13:11:49,286 - VALO360 - DEBUG - 自動保存已禁用，跳過配置保存
2025-08-07 13:11:49,286 - VALO360 - DEBUG - 自動保存已禁用，跳過配置保存
2025-08-07 13:11:49,288 - VALO360 - DEBUG - 自動保存已禁用，跳過配置保存
2025-08-07 13:11:49,299 - VALO360 - DEBUG - 自動保存已禁用，跳過配置保存
2025-08-07 13:11:49,301 - VALO360 - DEBUG - 自動保存已禁用，跳過配置保存
2025-08-07 13:11:49,303 - VALO360 - DEBUG - 自動保存已禁用，跳過配置保存
2025-08-07 13:11:49,303 - VALO360 - DEBUG - 自動保存已禁用，跳過配置保存
2025-08-07 13:11:49,305 - VALO360 - DEBUG - 自動保存已禁用，跳過配置保存
2025-08-07 13:11:49,305 - VALO360 - DEBUG - 自動保存已禁用，跳過配置保存
2025-08-07 13:11:49,306 - VALO360 - DEBUG - 自動保存已禁用，跳過配置保存
2025-08-07 13:11:49,307 - VALO360 - DEBUG - 自動保存已禁用，跳過配置保存
2025-08-07 13:11:49,308 - VALO360 - DEBUG - 自動保存已禁用，跳過配置保存
2025-08-07 13:11:49,309 - VALO360 - DEBUG - 自動保存已禁用，跳過配置保存
2025-08-07 13:11:49,309 - VALO360 - DEBUG - 自動保存已禁用，跳過配置保存
2025-08-07 13:11:49,313 - VALO360 - DEBUG - 自動保存已禁用，跳過配置保存
2025-08-07 13:11:49,313 - VALO360 - DEBUG - 自動保存已禁用，跳過配置保存
2025-08-07 13:11:49,314 - VALO360 - DEBUG - 自動保存已禁用，跳過配置保存
2025-08-07 13:11:49,314 - VALO360 - DEBUG - 自動保存已禁用，跳過配置保存
2025-08-07 13:11:49,317 - VALO360 - DEBUG - 自動保存已禁用，跳過配置保存
2025-08-07 13:11:49,317 - VALO360 - DEBUG - 自動保存已禁用，跳過配置保存
2025-08-07 13:11:49,317 - VALO360 - DEBUG - 自動保存已禁用，跳過配置保存
2025-08-07 13:11:49,318 - VALO360 - DEBUG - 自動保存已禁用，跳過配置保存
2025-08-07 13:11:49,319 - VALO360 - DEBUG - 自動保存已禁用，跳過配置保存
2025-08-07 13:11:49,319 - VALO360 - DEBUG - 自動保存已禁用，跳過配置保存
2025-08-07 13:11:49,320 - VALO360 - DEBUG - 自動保存已禁用，跳過配置保存
2025-08-07 13:11:49,320 - VALO360 - DEBUG - 自動保存已禁用，跳過配置保存
2025-08-07 13:11:49,322 - VALO360 - DEBUG - 自動保存已禁用，跳過配置保存
2025-08-07 13:11:49,322 - VALO360 - DEBUG - 自動保存已禁用，跳過配置保存
2025-08-07 13:11:49,322 - VALO360 - DEBUG - 自動保存已禁用，跳過配置保存
2025-08-07 13:11:49,322 - VALO360 - DEBUG - 自動保存已禁用，跳過配置保存
2025-08-07 13:11:49,324 - VALO360 - DEBUG - 自動保存已禁用，跳過配置保存
2025-08-07 13:11:49,325 - VALO360 - DEBUG - 自動保存已禁用，跳過配置保存
2025-08-07 13:11:49,326 - VALO360 - DEBUG - 自動保存已禁用，跳過配置保存
2025-08-07 13:11:49,326 - VALO360 - DEBUG - 自動保存已禁用，跳過配置保存
2025-08-07 13:11:49,326 - VALO360 - DEBUG - 自動保存已禁用，跳過配置保存
2025-08-07 13:11:49,329 - VALO360 - DEBUG - 自動保存已禁用，跳過配置保存
2025-08-07 13:11:49,330 - VALO360 - DEBUG - 自動保存已禁用，跳過配置保存
2025-08-07 13:11:49,331 - VALO360 - DEBUG - 自動保存已禁用，跳過配置保存
2025-08-07 13:11:49,332 - VALO360 - DEBUG - 自動保存已禁用，跳過配置保存
2025-08-07 13:11:49,333 - VALO360 - DEBUG - 自動保存已禁用，跳過配置保存
2025-08-07 13:11:49,333 - VALO360 - DEBUG - 自動保存已禁用，跳過配置保存
2025-08-07 13:11:49,334 - VALO360 - DEBUG - 自動保存已禁用，跳過配置保存
2025-08-07 13:11:49,336 - VALO360 - DEBUG - 自動保存已禁用，跳過配置保存
2025-08-07 13:11:49,337 - VALO360 - DEBUG - 自動保存已禁用，跳過配置保存
2025-08-07 13:11:49,337 - VALO360 - DEBUG - 自動保存已禁用，跳過配置保存
2025-08-07 13:11:49,337 - VALO360 - DEBUG - 自動保存已禁用，跳過配置保存
2025-08-07 13:11:49,337 - VALO360 - DEBUG - 自動保存已禁用，跳過配置保存
2025-08-07 13:11:49,337 - VALO360 - DEBUG - 自動保存已禁用，跳過配置保存
2025-08-07 13:11:49,337 - VALO360 - DEBUG - 自動保存已禁用，跳過配置保存
2025-08-07 13:11:49,337 - VALO360 - DEBUG - 自動保存已禁用，跳過配置保存
2025-08-07 13:11:49,342 - VALO360 - DEBUG - 自動保存已禁用，跳過配置保存
2025-08-07 13:11:49,342 - VALO360 - DEBUG - 自動保存已禁用，跳過配置保存
2025-08-07 13:11:49,345 - VALO360 - DEBUG - 自動保存已禁用，跳過配置保存
2025-08-07 13:11:49,346 - VALO360 - DEBUG - 自動保存已禁用，跳過配置保存
2025-08-07 13:11:49,347 - VALO360 - DEBUG - 自動保存已禁用，跳過配置保存
2025-08-07 13:11:49,349 - VALO360 - DEBUG - 自動保存已禁用，跳過配置保存
2025-08-07 13:11:49,349 - VALO360 - DEBUG - 自動保存已禁用，跳過配置保存
2025-08-07 13:11:49,349 - VALO360 - DEBUG - 自動保存已禁用，跳過配置保存
2025-08-07 13:11:49,351 - VALO360 - DEBUG - 自動保存已禁用，跳過配置保存
2025-08-07 13:11:49,351 - VALO360 - DEBUG - 自動保存已禁用，跳過配置保存
2025-08-07 13:11:49,354 - VALO360 - DEBUG - 自動保存已禁用，跳過配置保存
2025-08-07 13:11:49,355 - VALO360 - DEBUG - 自動保存已禁用，跳過配置保存
2025-08-07 13:11:49,357 - VALO360 - DEBUG - 自動保存已禁用，跳過配置保存
2025-08-07 13:11:49,357 - VALO360 - DEBUG - 自動保存已禁用，跳過配置保存
2025-08-07 13:11:49,359 - VALO360 - DEBUG - 自動保存已禁用，跳過配置保存
2025-08-07 13:11:49,359 - VALO360 - DEBUG - 自動保存已禁用，跳過配置保存
2025-08-07 13:11:49,362 - VALO360 - DEBUG - 自動保存已禁用，跳過配置保存
2025-08-07 13:11:49,363 - VALO360 - DEBUG - 自動保存已禁用，跳過配置保存
2025-08-07 13:11:49,363 - VALO360 - DEBUG - 自動保存已禁用，跳過配置保存
2025-08-07 13:11:49,364 - VALO360 - DEBUG - 自動保存已禁用，跳過配置保存
2025-08-07 13:11:49,367 - VALO360 - DEBUG - 自動保存已禁用，跳過配置保存
2025-08-07 13:11:49,368 - VALO360 - DEBUG - 自動保存已禁用，跳過配置保存
2025-08-07 13:11:49,369 - VALO360 - DEBUG - 自動保存已禁用，跳過配置保存
2025-08-07 13:11:49,370 - VALO360 - DEBUG - 自動保存已禁用，跳過配置保存
2025-08-07 13:11:49,372 - VALO360 - DEBUG - 自動保存已禁用，跳過配置保存
2025-08-07 13:11:49,372 - VALO360 - DEBUG - 自動保存已禁用，跳過配置保存
2025-08-07 13:11:49,372 - VALO360 - DEBUG - 自動保存已禁用，跳過配置保存
2025-08-07 13:11:49,372 - VALO360 - DEBUG - 自動保存已禁用，跳過配置保存
2025-08-07 13:11:49,377 - VALO360 - DEBUG - 自動保存已禁用，跳過配置保存
2025-08-07 13:11:49,378 - VALO360 - DEBUG - 自動保存已禁用，跳過配置保存
2025-08-07 13:11:49,379 - VALO360 - DEBUG - 自動保存已禁用，跳過配置保存
2025-08-07 13:11:49,380 - VALO360 - DEBUG - 自動保存已禁用，跳過配置保存
2025-08-07 13:11:49,387 - VALO360 - DEBUG - 自動保存已禁用，跳過配置保存
2025-08-07 13:11:49,388 - VALO360 - DEBUG - 自動保存已禁用，跳過配置保存
2025-08-07 13:11:49,388 - VALO360 - DEBUG - 自動保存已禁用，跳過配置保存
2025-08-07 13:11:49,389 - VALO360 - DEBUG - 自動保存已禁用，跳過配置保存
2025-08-07 13:11:49,391 - VALO360 - DEBUG - 自動保存已禁用，跳過配置保存
2025-08-07 13:11:49,391 - VALO360 - DEBUG - 自動保存已禁用，跳過配置保存
2025-08-07 13:11:49,392 - VALO360 - DEBUG - 自動保存已禁用，跳過配置保存
2025-08-07 13:11:49,392 - VALO360 - DEBUG - 自動保存已禁用，跳過配置保存
2025-08-07 13:11:49,396 - VALO360 - DEBUG - 自動保存已禁用，跳過配置保存
2025-08-07 13:11:49,397 - VALO360 - DEBUG - 自動保存已禁用，跳過配置保存
2025-08-07 13:11:49,397 - VALO360 - DEBUG - 自動保存已禁用，跳過配置保存
2025-08-07 13:11:49,398 - VALO360 - DEBUG - 自動保存已禁用，跳過配置保存
2025-08-07 13:11:49,401 - VALO360 - DEBUG - 自動保存已禁用，跳過配置保存
2025-08-07 13:11:49,401 - VALO360 - DEBUG - 自動保存已禁用，跳過配置保存
2025-08-07 13:11:49,401 - VALO360 - DEBUG - 自動保存已禁用，跳過配置保存
2025-08-07 13:11:49,403 - VALO360 - DEBUG - 自動保存已禁用，跳過配置保存
2025-08-07 13:11:49,404 - VALO360 - DEBUG - 自動保存已禁用，跳過配置保存
2025-08-07 13:11:49,405 - VALO360 - DEBUG - 自動保存已禁用，跳過配置保存
2025-08-07 13:11:49,405 - VALO360 - DEBUG - 自動保存已禁用，跳過配置保存
2025-08-07 13:11:49,405 - VALO360 - DEBUG - 自動保存已禁用，跳過配置保存
2025-08-07 13:11:49,409 - VALO360 - DEBUG - 自動保存已禁用，跳過配置保存
2025-08-07 13:11:49,410 - VALO360 - DEBUG - 自動保存已禁用，跳過配置保存
2025-08-07 13:11:49,411 - VALO360 - DEBUG - 自動保存已禁用，跳過配置保存
2025-08-07 13:11:49,412 - VALO360 - DEBUG - 自動保存已禁用，跳過配置保存
2025-08-07 13:11:49,414 - VALO360 - DEBUG - 自動保存已禁用，跳過配置保存
2025-08-07 13:11:49,415 - VALO360 - DEBUG - 自動保存已禁用，跳過配置保存
2025-08-07 13:11:49,415 - VALO360 - DEBUG - 自動保存已禁用，跳過配置保存
2025-08-07 13:11:49,415 - VALO360 - DEBUG - 自動保存已禁用，跳過配置保存
2025-08-07 13:11:49,417 - VALO360 - DEBUG - 自動保存已禁用，跳過配置保存
2025-08-07 13:11:49,417 - VALO360 - DEBUG - 自動保存已禁用，跳過配置保存
2025-08-07 13:11:49,417 - VALO360 - DEBUG - 自動保存已禁用，跳過配置保存
2025-08-07 13:11:49,419 - VALO360 - DEBUG - 自動保存已禁用，跳過配置保存
2025-08-07 13:11:49,421 - VALO360 - DEBUG - 自動保存已禁用，跳過配置保存
2025-08-07 13:11:49,421 - VALO360 - DEBUG - 自動保存已禁用，跳過配置保存
2025-08-07 13:11:49,421 - VALO360 - DEBUG - 自動保存已禁用，跳過配置保存
2025-08-07 13:11:49,422 - VALO360 - DEBUG - 自動保存已禁用，跳過配置保存
2025-08-07 13:11:49,422 - VALO360 - DEBUG - 自動保存已禁用，跳過配置保存
2025-08-07 13:11:49,424 - VALO360 - DEBUG - 自動保存已禁用，跳過配置保存
2025-08-07 13:11:49,424 - VALO360 - DEBUG - 自動保存已禁用，跳過配置保存
2025-08-07 13:11:49,425 - VALO360 - DEBUG - 自動保存已禁用，跳過配置保存
2025-08-07 13:11:49,426 - VALO360 - DEBUG - 自動保存已禁用，跳過配置保存
2025-08-07 13:11:49,426 - VALO360 - DEBUG - 自動保存已禁用，跳過配置保存
2025-08-07 13:11:49,426 - VALO360 - DEBUG - 自動保存已禁用，跳過配置保存
2025-08-07 13:11:49,426 - VALO360 - DEBUG - 自動保存已禁用，跳過配置保存
2025-08-07 13:11:49,430 - VALO360 - DEBUG - 自動保存已禁用，跳過配置保存
2025-08-07 13:11:49,432 - VALO360 - DEBUG - 自動保存已禁用，跳過配置保存
2025-08-07 13:11:49,432 - VALO360 - DEBUG - 自動保存已禁用，跳過配置保存
2025-08-07 13:11:49,433 - VALO360 - DEBUG - 自動保存已禁用，跳過配置保存
2025-08-07 13:11:49,434 - VALO360 - DEBUG - 自動保存已禁用，跳過配置保存
2025-08-07 13:11:49,435 - VALO360 - DEBUG - 自動保存已禁用，跳過配置保存
2025-08-07 13:11:49,435 - VALO360 - DEBUG - 自動保存已禁用，跳過配置保存
2025-08-07 13:11:49,436 - VALO360 - DEBUG - 自動保存已禁用，跳過配置保存
2025-08-07 13:11:49,438 - VALO360 - DEBUG - 自動保存已禁用，跳過配置保存
2025-08-07 13:11:49,438 - VALO360 - DEBUG - 自動保存已禁用，跳過配置保存
2025-08-07 13:11:49,438 - VALO360 - DEBUG - 自動保存已禁用，跳過配置保存
2025-08-07 13:11:49,439 - VALO360 - DEBUG - 自動保存已禁用，跳過配置保存
2025-08-07 13:11:49,440 - VALO360 - DEBUG - 自動保存已禁用，跳過配置保存
2025-08-07 13:11:49,440 - VALO360 - DEBUG - 自動保存已禁用，跳過配置保存
2025-08-07 13:11:49,441 - VALO360 - DEBUG - 自動保存已禁用，跳過配置保存
2025-08-07 13:11:49,442 - VALO360 - DEBUG - 自動保存已禁用，跳過配置保存
2025-08-07 13:11:49,442 - VALO360 - DEBUG - 自動保存已禁用，跳過配置保存
2025-08-07 13:11:49,445 - VALO360 - DEBUG - 自動保存已禁用，跳過配置保存
2025-08-07 13:11:49,446 - VALO360 - DEBUG - 自動保存已禁用，跳過配置保存
2025-08-07 13:11:49,446 - VALO360 - DEBUG - 自動保存已禁用，跳過配置保存
2025-08-07 13:11:49,448 - VALO360 - DEBUG - 自動保存已禁用，跳過配置保存
2025-08-07 13:11:49,449 - VALO360 - DEBUG - 自動保存已禁用，跳過配置保存
2025-08-07 13:11:49,449 - VALO360 - DEBUG - 自動保存已禁用，跳過配置保存
2025-08-07 13:11:49,449 - VALO360 - DEBUG - 自動保存已禁用，跳過配置保存
2025-08-07 13:11:49,450 - VALO360 - DEBUG - 自動保存已禁用，跳過配置保存
2025-08-07 13:11:49,451 - VALO360 - DEBUG - 自動保存已禁用，跳過配置保存
2025-08-07 13:11:49,452 - VALO360 - DEBUG - 自動保存已禁用，跳過配置保存
2025-08-07 13:11:49,452 - VALO360 - DEBUG - 自動保存已禁用，跳過配置保存
2025-08-07 13:11:49,453 - VALO360 - DEBUG - 自動保存已禁用，跳過配置保存
2025-08-07 13:11:49,453 - VALO360 - DEBUG - 自動保存已禁用，跳過配置保存
2025-08-07 13:11:49,453 - VALO360 - DEBUG - 自動保存已禁用，跳過配置保存
2025-08-07 13:11:49,454 - VALO360 - DEBUG - 自動保存已禁用，跳過配置保存
2025-08-07 13:11:49,454 - VALO360 - DEBUG - 自動保存已禁用，跳過配置保存
2025-08-07 13:11:49,456 - VALO360 - DEBUG - 自動保存已禁用，跳過配置保存
2025-08-07 13:11:49,456 - VALO360 - DEBUG - 自動保存已禁用，跳過配置保存
2025-08-07 13:11:49,456 - VALO360 - DEBUG - 自動保存已禁用，跳過配置保存
2025-08-07 13:11:49,470 - VALO360 - DEBUG - 自動保存已禁用，跳過配置保存
2025-08-07 13:11:49,470 - VALO360 - DEBUG - 自動保存已禁用，跳過配置保存
2025-08-07 13:11:49,470 - VALO360 - DEBUG - 自動保存已禁用，跳過配置保存
2025-08-07 13:11:49,472 - VALO360 - DEBUG - 自動保存已禁用，跳過配置保存
2025-08-07 13:11:49,631 - VALO360 - DEBUG - 自動保存已禁用，跳過配置保存
2025-08-07 13:11:49,634 - VALO360 - DEBUG - 自動保存已禁用，跳過配置保存
2025-08-07 13:11:49,634 - VALO360 - DEBUG - 自動保存已禁用，跳過配置保存
2025-08-07 13:11:49,634 - VALO360 - DEBUG - 自動保存已禁用，跳過配置保存
2025-08-07 13:11:49,635 - VALO360 - DEBUG - 自動保存已禁用，跳過配置保存
2025-08-07 13:11:49,635 - VALO360 - DEBUG - 自動保存已禁用，跳過配置保存
2025-08-07 13:11:49,635 - VALO360 - DEBUG - 自動保存已禁用，跳過配置保存
2025-08-07 13:11:49,635 - VALO360 - DEBUG - 自動保存已禁用，跳過配置保存
2025-08-07 13:11:49,638 - VALO360 - DEBUG - 自動保存已禁用，跳過配置保存
2025-08-07 13:11:49,638 - VALO360 - DEBUG - 自動保存已禁用，跳過配置保存
2025-08-07 13:11:49,639 - VALO360 - DEBUG - 自動保存已禁用，跳過配置保存
2025-08-07 13:11:49,639 - VALO360 - DEBUG - 自動保存已禁用，跳過配置保存
2025-08-07 13:11:49,640 - VALO360 - DEBUG - 自動保存已禁用，跳過配置保存
2025-08-07 13:11:49,640 - VALO360 - DEBUG - 自動保存已禁用，跳過配置保存
2025-08-07 13:11:49,641 - VALO360 - DEBUG - 自動保存已禁用，跳過配置保存
2025-08-07 13:11:49,642 - VALO360 - DEBUG - 自動保存已禁用，跳過配置保存
2025-08-07 13:11:49,643 - VALO360 - DEBUG - 自動保存已禁用，跳過配置保存
2025-08-07 13:11:49,645 - VALO360 - DEBUG - 自動保存已禁用，跳過配置保存
2025-08-07 13:11:49,645 - VALO360 - DEBUG - 自動保存已禁用，跳過配置保存
2025-08-07 13:11:49,646 - VALO360 - DEBUG - 自動保存已禁用，跳過配置保存
2025-08-07 13:11:49,647 - VALO360 - DEBUG - 自動保存已禁用，跳過配置保存
2025-08-07 13:11:49,648 - VALO360 - DEBUG - 自動保存已禁用，跳過配置保存
2025-08-07 13:11:49,648 - VALO360 - DEBUG - 自動保存已禁用，跳過配置保存
2025-08-07 13:11:49,648 - VALO360 - DEBUG - 自動保存已禁用，跳過配置保存
2025-08-07 13:11:49,651 - VALO360 - DEBUG - 自動保存已禁用，跳過配置保存
2025-08-07 13:11:49,651 - VALO360 - DEBUG - 自動保存已禁用，跳過配置保存
2025-08-07 13:11:49,651 - VALO360 - DEBUG - 自動保存已禁用，跳過配置保存
2025-08-07 13:11:49,651 - VALO360 - DEBUG - 自動保存已禁用，跳過配置保存
2025-08-07 13:11:49,653 - VALO360 - DEBUG - 自動保存已禁用，跳過配置保存
2025-08-07 13:11:49,653 - VALO360 - DEBUG - 自動保存已禁用，跳過配置保存
2025-08-07 13:11:49,654 - VALO360 - DEBUG - 自動保存已禁用，跳過配置保存
2025-08-07 13:11:49,654 - VALO360 - DEBUG - 自動保存已禁用，跳過配置保存
2025-08-07 13:11:49,657 - VALO360 - DEBUG - 自動保存已禁用，跳過配置保存
2025-08-07 13:11:49,659 - VALO360 - DEBUG - 自動保存已禁用，跳過配置保存
2025-08-07 13:11:49,659 - VALO360 - DEBUG - 自動保存已禁用，跳過配置保存
2025-08-07 13:11:49,659 - VALO360 - DEBUG - 自動保存已禁用，跳過配置保存
2025-08-07 13:11:51,224 - VALO360 - DEBUG - 自動保存已禁用，跳過配置保存
2025-08-07 13:11:51,224 - VALO360 - DEBUG - 自動保存已禁用，跳過配置保存
2025-08-07 13:11:51,227 - VALO360 - DEBUG - 自動保存已禁用，跳過配置保存
2025-08-07 13:11:51,227 - VALO360 - DEBUG - 自動保存已禁用，跳過配置保存
2025-08-07 13:11:51,232 - VALO360 - DEBUG - 自動保存已禁用，跳過配置保存
2025-08-07 13:11:51,233 - VALO360 - DEBUG - 自動保存已禁用，跳過配置保存
2025-08-07 13:11:51,233 - VALO360 - DEBUG - 自動保存已禁用，跳過配置保存
2025-08-07 13:11:51,233 - VALO360 - DEBUG - 自動保存已禁用，跳過配置保存
2025-08-07 13:11:51,242 - VALO360 - DEBUG - 自動保存已禁用，跳過配置保存
2025-08-07 13:11:51,242 - VALO360 - DEBUG - 自動保存已禁用，跳過配置保存
2025-08-07 13:11:51,243 - VALO360 - DEBUG - 自動保存已禁用，跳過配置保存
2025-08-07 13:11:51,244 - VALO360 - DEBUG - 自動保存已禁用，跳過配置保存
2025-08-07 13:11:51,249 - VALO360 - DEBUG - 自動保存已禁用，跳過配置保存
2025-08-07 13:11:51,249 - VALO360 - DEBUG - 自動保存已禁用，跳過配置保存
2025-08-07 13:11:51,251 - VALO360 - DEBUG - 自動保存已禁用，跳過配置保存
2025-08-07 13:11:51,252 - VALO360 - DEBUG - 自動保存已禁用，跳過配置保存
2025-08-07 13:11:51,255 - VALO360 - DEBUG - 自動保存已禁用，跳過配置保存
2025-08-07 13:11:51,255 - VALO360 - DEBUG - 自動保存已禁用，跳過配置保存
2025-08-07 13:11:51,256 - VALO360 - DEBUG - 自動保存已禁用，跳過配置保存
2025-08-07 13:11:51,256 - VALO360 - DEBUG - 自動保存已禁用，跳過配置保存
2025-08-07 13:11:51,259 - VALO360 - DEBUG - 自動保存已禁用，跳過配置保存
2025-08-07 13:11:51,260 - VALO360 - DEBUG - 自動保存已禁用，跳過配置保存
2025-08-07 13:11:51,260 - VALO360 - DEBUG - 自動保存已禁用，跳過配置保存
2025-08-07 13:11:51,260 - VALO360 - DEBUG - 自動保存已禁用，跳過配置保存
2025-08-07 13:11:51,264 - VALO360 - DEBUG - 自動保存已禁用，跳過配置保存
2025-08-07 13:11:51,266 - VALO360 - DEBUG - 自動保存已禁用，跳過配置保存
2025-08-07 13:11:51,266 - VALO360 - DEBUG - 自動保存已禁用，跳過配置保存
2025-08-07 13:11:51,267 - VALO360 - DEBUG - 自動保存已禁用，跳過配置保存
2025-08-07 13:11:51,267 - VALO360 - DEBUG - 自動保存已禁用，跳過配置保存
2025-08-07 13:11:51,273 - VALO360 - DEBUG - 自動保存已禁用，跳過配置保存
2025-08-07 13:11:51,273 - VALO360 - DEBUG - 自動保存已禁用，跳過配置保存
2025-08-07 13:11:51,274 - VALO360 - DEBUG - 自動保存已禁用，跳過配置保存
2025-08-07 13:11:51,278 - VALO360 - DEBUG - 自動保存已禁用，跳過配置保存
2025-08-07 13:11:51,278 - VALO360 - DEBUG - 自動保存已禁用，跳過配置保存
2025-08-07 13:11:51,279 - VALO360 - DEBUG - 自動保存已禁用，跳過配置保存
2025-08-07 13:11:51,280 - VALO360 - DEBUG - 自動保存已禁用，跳過配置保存
2025-08-07 13:11:51,282 - VALO360 - DEBUG - 自動保存已禁用，跳過配置保存
2025-08-07 13:11:51,284 - VALO360 - DEBUG - 自動保存已禁用，跳過配置保存
2025-08-07 13:11:51,284 - VALO360 - DEBUG - 自動保存已禁用，跳過配置保存
2025-08-07 13:11:51,285 - VALO360 - DEBUG - 自動保存已禁用，跳過配置保存
2025-08-07 13:11:51,287 - VALO360 - DEBUG - 自動保存已禁用，跳過配置保存
2025-08-07 13:11:51,287 - VALO360 - DEBUG - 自動保存已禁用，跳過配置保存
2025-08-07 13:11:51,287 - VALO360 - DEBUG - 自動保存已禁用，跳過配置保存
2025-08-07 13:11:51,287 - VALO360 - DEBUG - 自動保存已禁用，跳過配置保存
2025-08-07 13:11:51,290 - VALO360 - DEBUG - 自動保存已禁用，跳過配置保存
2025-08-07 13:11:51,290 - VALO360 - DEBUG - 自動保存已禁用，跳過配置保存
2025-08-07 13:11:51,291 - VALO360 - DEBUG - 自動保存已禁用，跳過配置保存
2025-08-07 13:11:51,292 - VALO360 - DEBUG - 自動保存已禁用，跳過配置保存
2025-08-07 13:11:51,298 - VALO360 - DEBUG - 自動保存已禁用，跳過配置保存
2025-08-07 13:11:51,299 - VALO360 - DEBUG - 自動保存已禁用，跳過配置保存
2025-08-07 13:11:51,299 - VALO360 - DEBUG - 自動保存已禁用，跳過配置保存
2025-08-07 13:11:51,299 - VALO360 - DEBUG - 自動保存已禁用，跳過配置保存
2025-08-07 13:11:51,304 - VALO360 - DEBUG - 自動保存已禁用，跳過配置保存
2025-08-07 13:11:51,304 - VALO360 - DEBUG - 自動保存已禁用，跳過配置保存
2025-08-07 13:11:51,305 - VALO360 - DEBUG - 自動保存已禁用，跳過配置保存
2025-08-07 13:11:51,305 - VALO360 - DEBUG - 自動保存已禁用，跳過配置保存
2025-08-07 13:11:51,313 - VALO360 - DEBUG - 自動保存已禁用，跳過配置保存
2025-08-07 13:11:51,315 - VALO360 - DEBUG - 自動保存已禁用，跳過配置保存
2025-08-07 13:11:51,315 - VALO360 - DEBUG - 自動保存已禁用，跳過配置保存
2025-08-07 13:11:51,316 - VALO360 - DEBUG - 自動保存已禁用，跳過配置保存
2025-08-07 13:11:51,317 - VALO360 - DEBUG - 自動保存已禁用，跳過配置保存
2025-08-07 13:11:51,318 - VALO360 - DEBUG - 自動保存已禁用，跳過配置保存
2025-08-07 13:11:51,319 - VALO360 - DEBUG - 自動保存已禁用，跳過配置保存
2025-08-07 13:11:51,319 - VALO360 - DEBUG - 自動保存已禁用，跳過配置保存
2025-08-07 13:11:51,321 - VALO360 - DEBUG - 自動保存已禁用，跳過配置保存
2025-08-07 13:11:51,322 - VALO360 - DEBUG - 自動保存已禁用，跳過配置保存
2025-08-07 13:11:51,322 - VALO360 - DEBUG - 自動保存已禁用，跳過配置保存
2025-08-07 13:11:51,322 - VALO360 - DEBUG - 自動保存已禁用，跳過配置保存
2025-08-07 13:11:51,326 - VALO360 - DEBUG - 自動保存已禁用，跳過配置保存
2025-08-07 13:11:51,326 - VALO360 - DEBUG - 自動保存已禁用，跳過配置保存
2025-08-07 13:11:51,326 - VALO360 - DEBUG - 自動保存已禁用，跳過配置保存
2025-08-07 13:11:51,328 - VALO360 - DEBUG - 自動保存已禁用，跳過配置保存
2025-08-07 13:11:51,334 - VALO360 - DEBUG - 自動保存已禁用，跳過配置保存
2025-08-07 13:11:51,334 - VALO360 - DEBUG - 自動保存已禁用，跳過配置保存
2025-08-07 13:11:51,334 - VALO360 - DEBUG - 自動保存已禁用，跳過配置保存
2025-08-07 13:11:51,336 - VALO360 - DEBUG - 自動保存已禁用，跳過配置保存
2025-08-07 13:11:51,337 - VALO360 - DEBUG - 自動保存已禁用，跳過配置保存
2025-08-07 13:11:51,337 - VALO360 - DEBUG - 自動保存已禁用，跳過配置保存
2025-08-07 13:11:51,338 - VALO360 - DEBUG - 自動保存已禁用，跳過配置保存
2025-08-07 13:11:51,338 - VALO360 - DEBUG - 自動保存已禁用，跳過配置保存
2025-08-07 13:11:51,343 - VALO360 - DEBUG - 自動保存已禁用，跳過配置保存
2025-08-07 13:11:51,344 - VALO360 - DEBUG - 自動保存已禁用，跳過配置保存
2025-08-07 13:11:51,345 - VALO360 - DEBUG - 自動保存已禁用，跳過配置保存
2025-08-07 13:11:51,346 - VALO360 - DEBUG - 自動保存已禁用，跳過配置保存
2025-08-07 13:11:51,347 - VALO360 - DEBUG - 自動保存已禁用，跳過配置保存
2025-08-07 13:11:51,347 - VALO360 - DEBUG - 自動保存已禁用，跳過配置保存
2025-08-07 13:11:51,347 - VALO360 - DEBUG - 自動保存已禁用，跳過配置保存
2025-08-07 13:11:51,347 - VALO360 - DEBUG - 自動保存已禁用，跳過配置保存
2025-08-07 13:11:51,352 - VALO360 - DEBUG - 自動保存已禁用，跳過配置保存
2025-08-07 13:11:51,352 - VALO360 - DEBUG - 自動保存已禁用，跳過配置保存
2025-08-07 13:11:51,353 - VALO360 - DEBUG - 自動保存已禁用，跳過配置保存
2025-08-07 13:11:51,353 - VALO360 - DEBUG - 自動保存已禁用，跳過配置保存
2025-08-07 13:11:51,356 - VALO360 - DEBUG - 自動保存已禁用，跳過配置保存
2025-08-07 13:11:51,357 - VALO360 - DEBUG - 自動保存已禁用，跳過配置保存
2025-08-07 13:11:51,358 - VALO360 - DEBUG - 自動保存已禁用，跳過配置保存
2025-08-07 13:11:51,359 - VALO360 - DEBUG - 自動保存已禁用，跳過配置保存
2025-08-07 13:11:51,364 - VALO360 - DEBUG - 自動保存已禁用，跳過配置保存
2025-08-07 13:11:51,365 - VALO360 - DEBUG - 自動保存已禁用，跳過配置保存
2025-08-07 13:11:51,365 - VALO360 - DEBUG - 自動保存已禁用，跳過配置保存
2025-08-07 13:11:51,365 - VALO360 - DEBUG - 自動保存已禁用，跳過配置保存
2025-08-07 13:11:51,366 - VALO360 - DEBUG - 自動保存已禁用，跳過配置保存
2025-08-07 13:11:51,368 - VALO360 - DEBUG - 自動保存已禁用，跳過配置保存
2025-08-07 13:11:51,368 - VALO360 - DEBUG - 自動保存已禁用，跳過配置保存
2025-08-07 13:11:51,368 - VALO360 - DEBUG - 自動保存已禁用，跳過配置保存
2025-08-07 13:11:51,370 - VALO360 - DEBUG - 自動保存已禁用，跳過配置保存
2025-08-07 13:11:51,370 - VALO360 - DEBUG - 自動保存已禁用，跳過配置保存
2025-08-07 13:11:51,370 - VALO360 - DEBUG - 自動保存已禁用，跳過配置保存
2025-08-07 13:11:51,371 - VALO360 - DEBUG - 自動保存已禁用，跳過配置保存
2025-08-07 13:11:51,375 - VALO360 - DEBUG - 自動保存已禁用，跳過配置保存
2025-08-07 13:11:51,375 - VALO360 - DEBUG - 自動保存已禁用，跳過配置保存
2025-08-07 13:11:51,375 - VALO360 - DEBUG - 自動保存已禁用，跳過配置保存
2025-08-07 13:11:51,378 - VALO360 - DEBUG - 自動保存已禁用，跳過配置保存
2025-08-07 13:11:51,380 - VALO360 - DEBUG - 自動保存已禁用，跳過配置保存
2025-08-07 13:11:51,380 - VALO360 - DEBUG - 自動保存已禁用，跳過配置保存
2025-08-07 13:11:51,380 - VALO360 - DEBUG - 自動保存已禁用，跳過配置保存
2025-08-07 13:11:51,380 - VALO360 - DEBUG - 自動保存已禁用，跳過配置保存
2025-08-07 13:11:51,386 - VALO360 - DEBUG - 自動保存已禁用，跳過配置保存
2025-08-07 13:11:51,386 - VALO360 - DEBUG - 自動保存已禁用，跳過配置保存
2025-08-07 13:11:51,386 - VALO360 - DEBUG - 自動保存已禁用，跳過配置保存
2025-08-07 13:11:51,391 - VALO360 - DEBUG - 自動保存已禁用，跳過配置保存
2025-08-07 13:11:51,392 - VALO360 - DEBUG - 自動保存已禁用，跳過配置保存
2025-08-07 13:11:51,392 - VALO360 - DEBUG - 自動保存已禁用，跳過配置保存
2025-08-07 13:11:51,392 - VALO360 - DEBUG - 自動保存已禁用，跳過配置保存
2025-08-07 13:11:51,394 - VALO360 - DEBUG - 自動保存已禁用，跳過配置保存
2025-08-07 13:11:51,403 - VALO360 - DEBUG - 自動保存已禁用，跳過配置保存
2025-08-07 13:11:51,403 - VALO360 - DEBUG - 自動保存已禁用，跳過配置保存
2025-08-07 13:11:51,403 - VALO360 - DEBUG - 自動保存已禁用，跳過配置保存
2025-08-07 13:11:51,403 - VALO360 - DEBUG - 自動保存已禁用，跳過配置保存
2025-08-07 13:11:51,407 - VALO360 - DEBUG - 自動保存已禁用，跳過配置保存
2025-08-07 13:11:51,408 - VALO360 - DEBUG - 自動保存已禁用，跳過配置保存
2025-08-07 13:11:51,409 - VALO360 - DEBUG - 自動保存已禁用，跳過配置保存
2025-08-07 13:11:51,409 - VALO360 - DEBUG - 自動保存已禁用，跳過配置保存
2025-08-07 13:11:51,409 - VALO360 - DEBUG - 自動保存已禁用，跳過配置保存
2025-08-07 13:11:51,411 - VALO360 - DEBUG - 自動保存已禁用，跳過配置保存
2025-08-07 13:11:51,411 - VALO360 - DEBUG - 自動保存已禁用，跳過配置保存
2025-08-07 13:11:51,411 - VALO360 - DEBUG - 自動保存已禁用，跳過配置保存
2025-08-07 13:11:51,416 - VALO360 - DEBUG - 自動保存已禁用，跳過配置保存
2025-08-07 13:11:51,416 - VALO360 - DEBUG - 自動保存已禁用，跳過配置保存
2025-08-07 13:11:51,416 - VALO360 - DEBUG - 自動保存已禁用，跳過配置保存
2025-08-07 13:11:51,419 - VALO360 - DEBUG - 自動保存已禁用，跳過配置保存
2025-08-07 13:11:51,420 - VALO360 - DEBUG - 自動保存已禁用，跳過配置保存
2025-08-07 13:11:51,420 - VALO360 - DEBUG - 自動保存已禁用，跳過配置保存
2025-08-07 13:11:51,420 - VALO360 - DEBUG - 自動保存已禁用，跳過配置保存
2025-08-07 13:11:51,420 - VALO360 - DEBUG - 自動保存已禁用，跳過配置保存
2025-08-07 13:11:51,422 - VALO360 - DEBUG - 自動保存已禁用，跳過配置保存
2025-08-07 13:11:51,422 - VALO360 - DEBUG - 自動保存已禁用，跳過配置保存
2025-08-07 13:11:51,423 - VALO360 - DEBUG - 自動保存已禁用，跳過配置保存
2025-08-07 13:11:51,424 - VALO360 - DEBUG - 自動保存已禁用，跳過配置保存
2025-08-07 13:11:51,425 - VALO360 - DEBUG - 自動保存已禁用，跳過配置保存
2025-08-07 13:11:51,425 - VALO360 - DEBUG - 自動保存已禁用，跳過配置保存
2025-08-07 13:11:51,425 - VALO360 - DEBUG - 自動保存已禁用，跳過配置保存
2025-08-07 13:11:51,425 - VALO360 - DEBUG - 自動保存已禁用，跳過配置保存
2025-08-07 13:11:51,430 - VALO360 - DEBUG - 自動保存已禁用，跳過配置保存
2025-08-07 13:11:51,430 - VALO360 - DEBUG - 自動保存已禁用，跳過配置保存
2025-08-07 13:11:51,430 - VALO360 - DEBUG - 自動保存已禁用，跳過配置保存
2025-08-07 13:11:51,431 - VALO360 - DEBUG - 自動保存已禁用，跳過配置保存
2025-08-07 13:11:51,437 - VALO360 - DEBUG - 自動保存已禁用，跳過配置保存
2025-08-07 13:11:51,437 - VALO360 - DEBUG - 自動保存已禁用，跳過配置保存
2025-08-07 13:11:51,437 - VALO360 - DEBUG - 自動保存已禁用，跳過配置保存
2025-08-07 13:11:51,439 - VALO360 - DEBUG - 自動保存已禁用，跳過配置保存
2025-08-07 13:11:51,440 - VALO360 - DEBUG - 自動保存已禁用，跳過配置保存
2025-08-07 13:11:51,440 - VALO360 - DEBUG - 自動保存已禁用，跳過配置保存
2025-08-07 13:11:51,440 - VALO360 - DEBUG - 自動保存已禁用，跳過配置保存
2025-08-07 13:11:51,441 - VALO360 - DEBUG - 自動保存已禁用，跳過配置保存
2025-08-07 13:11:51,445 - VALO360 - DEBUG - 自動保存已禁用，跳過配置保存
2025-08-07 13:11:51,445 - VALO360 - DEBUG - 自動保存已禁用，跳過配置保存
2025-08-07 13:11:51,445 - VALO360 - DEBUG - 自動保存已禁用，跳過配置保存
2025-08-07 13:11:51,445 - VALO360 - DEBUG - 自動保存已禁用，跳過配置保存
2025-08-07 13:11:51,445 - VALO360 - DEBUG - 自動保存已禁用，跳過配置保存
2025-08-07 13:11:51,449 - VALO360 - DEBUG - 自動保存已禁用，跳過配置保存
2025-08-07 13:11:51,449 - VALO360 - DEBUG - 自動保存已禁用，跳過配置保存
2025-08-07 13:11:51,450 - VALO360 - DEBUG - 自動保存已禁用，跳過配置保存
2025-08-07 13:11:51,453 - VALO360 - DEBUG - 自動保存已禁用，跳過配置保存
2025-08-07 13:11:51,455 - VALO360 - DEBUG - 自動保存已禁用，跳過配置保存
2025-08-07 13:11:51,455 - VALO360 - DEBUG - 自動保存已禁用，跳過配置保存
2025-08-07 13:11:51,455 - VALO360 - DEBUG - 自動保存已禁用，跳過配置保存
2025-08-07 13:11:51,456 - VALO360 - DEBUG - 自動保存已禁用，跳過配置保存
2025-08-07 13:11:51,457 - VALO360 - DEBUG - 自動保存已禁用，跳過配置保存
2025-08-07 13:11:51,457 - VALO360 - DEBUG - 自動保存已禁用，跳過配置保存
2025-08-07 13:11:51,457 - VALO360 - DEBUG - 自動保存已禁用，跳過配置保存
2025-08-07 13:11:51,462 - VALO360 - DEBUG - 自動保存已禁用，跳過配置保存
2025-08-07 13:11:51,464 - VALO360 - DEBUG - 自動保存已禁用，跳過配置保存
2025-08-07 13:11:51,464 - VALO360 - DEBUG - 自動保存已禁用，跳過配置保存
2025-08-07 13:11:51,465 - VALO360 - DEBUG - 自動保存已禁用，跳過配置保存
2025-08-07 13:11:51,466 - VALO360 - DEBUG - 自動保存已禁用，跳過配置保存
2025-08-07 13:11:51,466 - VALO360 - DEBUG - 自動保存已禁用，跳過配置保存
2025-08-07 13:11:51,467 - VALO360 - DEBUG - 自動保存已禁用，跳過配置保存
2025-08-07 13:11:51,467 - VALO360 - DEBUG - 自動保存已禁用，跳過配置保存
2025-08-07 13:11:51,471 - VALO360 - DEBUG - 自動保存已禁用，跳過配置保存
2025-08-07 13:11:51,471 - VALO360 - DEBUG - 自動保存已禁用，跳過配置保存
2025-08-07 13:11:51,471 - VALO360 - DEBUG - 自動保存已禁用，跳過配置保存
2025-08-07 13:11:51,473 - VALO360 - DEBUG - 自動保存已禁用，跳過配置保存
2025-08-07 13:11:51,474 - VALO360 - DEBUG - 自動保存已禁用，跳過配置保存
2025-08-07 13:11:51,474 - VALO360 - DEBUG - 自動保存已禁用，跳過配置保存
2025-08-07 13:11:51,475 - VALO360 - DEBUG - 自動保存已禁用，跳過配置保存
2025-08-07 13:11:51,476 - VALO360 - DEBUG - 自動保存已禁用，跳過配置保存
2025-08-07 13:11:51,735 - VALO360 - DEBUG - 自動保存已禁用，跳過配置保存
2025-08-07 13:11:51,735 - VALO360 - DEBUG - 自動保存已禁用，跳過配置保存
2025-08-07 13:11:51,735 - VALO360 - DEBUG - 自動保存已禁用，跳過配置保存
2025-08-07 13:11:51,741 - VALO360 - DEBUG - 自動保存已禁用，跳過配置保存
2025-08-07 13:11:51,791 - VALO360 - DEBUG - 找到 4 個COM口: ['COM9 - AT PORT', 'COM8 - NMEA PORT', 'COM7 - DM PORT', 'COM3']
2025-08-07 13:11:56,691 - VALO360 - DEBUG - ADBWorker 初始化: 指令數=1, 超時=30s
2025-08-07 13:11:56,693 - VALO360 - INFO - 開始執行 ADB 任務
2025-08-07 13:11:56,702 - VALO360 - DEBUG - 自動保存已禁用，跳過配置保存
2025-08-07 13:11:56,702 - VALO360 - DEBUG - 自動保存已禁用，跳過配置保存
2025-08-07 13:11:56,702 - VALO360 - DEBUG - 自動保存已禁用，跳過配置保存
2025-08-07 13:11:56,702 - VALO360 - DEBUG - 自動保存已禁用，跳過配置保存
2025-08-07 13:11:56,707 - VALO360 - DEBUG - 自動保存已禁用，跳過配置保存
2025-08-07 13:11:56,708 - VALO360 - DEBUG - 自動保存已禁用，跳過配置保存
2025-08-07 13:11:56,708 - VALO360 - DEBUG - 自動保存已禁用，跳過配置保存
2025-08-07 13:11:56,708 - VALO360 - DEBUG - 自動保存已禁用，跳過配置保存
2025-08-07 13:11:56,708 - VALO360 - DEBUG - 自動保存已禁用，跳過配置保存
2025-08-07 13:11:56,713 - VALO360 - DEBUG - 自動保存已禁用，跳過配置保存
2025-08-07 13:11:56,713 - VALO360 - DEBUG - 自動保存已禁用，跳過配置保存
2025-08-07 13:11:56,713 - VALO360 - DEBUG - 自動保存已禁用，跳過配置保存
2025-08-07 13:11:56,715 - VALO360 - DEBUG - 自動保存已禁用，跳過配置保存
2025-08-07 13:11:56,716 - VALO360 - DEBUG - 自動保存已禁用，跳過配置保存
2025-08-07 13:11:56,716 - VALO360 - DEBUG - 自動保存已禁用，跳過配置保存
2025-08-07 13:11:56,716 - VALO360 - DEBUG - 自動保存已禁用，跳過配置保存
2025-08-07 13:11:56,719 - VALO360 - DEBUG - 自動保存已禁用，跳過配置保存
2025-08-07 13:11:56,719 - VALO360 - DEBUG - 自動保存已禁用，跳過配置保存
2025-08-07 13:11:56,721 - VALO360 - DEBUG - 自動保存已禁用，跳過配置保存
2025-08-07 13:11:56,721 - VALO360 - DEBUG - 自動保存已禁用，跳過配置保存
2025-08-07 13:11:56,721 - VALO360 - DEBUG - 自動保存已禁用，跳過配置保存
2025-08-07 13:11:56,724 - VALO360 - DEBUG - 自動保存已禁用，跳過配置保存
2025-08-07 13:11:56,724 - VALO360 - DEBUG - 自動保存已禁用，跳過配置保存
2025-08-07 13:11:56,724 - VALO360 - DEBUG - 自動保存已禁用，跳過配置保存
2025-08-07 13:11:56,845 - VALO360 - DEBUG - ADBWorker 執行完成
2025-08-07 13:11:56,852 - VALO360 - DEBUG - 自動保存已禁用，跳過配置保存
2025-08-07 13:11:56,852 - VALO360 - DEBUG - 自動保存已禁用，跳過配置保存
2025-08-07 13:11:56,852 - VALO360 - DEBUG - 自動保存已禁用，跳過配置保存
2025-08-07 13:11:56,852 - VALO360 - DEBUG - 自動保存已禁用，跳過配置保存
2025-08-07 13:11:56,852 - VALO360 - DEBUG - 自動保存已禁用，跳過配置保存
2025-08-07 13:11:56,852 - VALO360 - DEBUG - 自動保存已禁用，跳過配置保存
2025-08-07 13:11:56,852 - VALO360 - DEBUG - 自動保存已禁用，跳過配置保存
2025-08-07 13:11:56,863 - VALO360 - DEBUG - 自動保存已禁用，跳過配置保存
2025-08-07 13:11:56,863 - VALO360 - DEBUG - 自動保存已禁用，跳過配置保存
2025-08-07 13:11:56,863 - VALO360 - DEBUG - 自動保存已禁用，跳過配置保存
2025-08-07 13:11:56,863 - VALO360 - DEBUG - 自動保存已禁用，跳過配置保存
2025-08-07 13:11:56,863 - VALO360 - DEBUG - 自動保存已禁用，跳過配置保存
2025-08-07 13:11:56,863 - VALO360 - DEBUG - 自動保存已禁用，跳過配置保存
2025-08-07 13:11:56,863 - VALO360 - DEBUG - 自動保存已禁用，跳過配置保存
2025-08-07 13:11:56,863 - VALO360 - DEBUG - 自動保存已禁用，跳過配置保存
2025-08-07 13:11:56,863 - VALO360 - DEBUG - 自動保存已禁用，跳過配置保存
2025-08-07 13:11:56,863 - VALO360 - DEBUG - 自動保存已禁用，跳過配置保存
2025-08-07 13:11:56,863 - VALO360 - DEBUG - 自動保存已禁用，跳過配置保存
2025-08-07 13:11:56,870 - VALO360 - DEBUG - 自動保存已禁用，跳過配置保存
2025-08-07 13:11:56,870 - VALO360 - DEBUG - 自動保存已禁用，跳過配置保存
2025-08-07 13:11:58,248 - VALO360 - DEBUG - ADBWorker 初始化: 指令數=1, 超時=30s
2025-08-07 13:11:58,249 - VALO360 - INFO - 開始執行 ADB 任務
2025-08-07 13:11:58,263 - VALO360 - DEBUG - 自動保存已禁用，跳過配置保存
2025-08-07 13:11:58,263 - VALO360 - DEBUG - 自動保存已禁用，跳過配置保存
2025-08-07 13:11:58,268 - VALO360 - DEBUG - 自動保存已禁用，跳過配置保存
2025-08-07 13:11:58,268 - VALO360 - DEBUG - 自動保存已禁用，跳過配置保存
2025-08-07 13:11:58,273 - VALO360 - DEBUG - 自動保存已禁用，跳過配置保存
2025-08-07 13:11:58,273 - VALO360 - DEBUG - 自動保存已禁用，跳過配置保存
2025-08-07 13:11:58,273 - VALO360 - DEBUG - 自動保存已禁用，跳過配置保存
2025-08-07 13:11:58,273 - VALO360 - DEBUG - 自動保存已禁用，跳過配置保存
2025-08-07 13:11:58,276 - VALO360 - DEBUG - 自動保存已禁用，跳過配置保存
2025-08-07 13:11:58,276 - VALO360 - DEBUG - 自動保存已禁用，跳過配置保存
2025-08-07 13:11:58,276 - VALO360 - DEBUG - 自動保存已禁用，跳過配置保存
2025-08-07 13:11:58,276 - VALO360 - DEBUG - 自動保存已禁用，跳過配置保存
2025-08-07 13:11:58,282 - VALO360 - DEBUG - 自動保存已禁用，跳過配置保存
2025-08-07 13:11:58,282 - VALO360 - DEBUG - 自動保存已禁用，跳過配置保存
2025-08-07 13:11:58,282 - VALO360 - DEBUG - 自動保存已禁用，跳過配置保存
2025-08-07 13:11:58,282 - VALO360 - DEBUG - 自動保存已禁用，跳過配置保存
2025-08-07 13:11:58,282 - VALO360 - DEBUG - 自動保存已禁用，跳過配置保存
2025-08-07 13:11:58,282 - VALO360 - DEBUG - 自動保存已禁用，跳過配置保存
2025-08-07 13:11:58,286 - VALO360 - DEBUG - 自動保存已禁用，跳過配置保存
2025-08-07 13:11:58,286 - VALO360 - DEBUG - 自動保存已禁用，跳過配置保存
2025-08-07 13:11:58,381 - VALO360 - DEBUG - ADBWorker 執行完成
2025-08-07 13:11:58,394 - VALO360 - DEBUG - 自動保存已禁用，跳過配置保存
2025-08-07 13:11:58,394 - VALO360 - DEBUG - 自動保存已禁用，跳過配置保存
2025-08-07 13:11:58,394 - VALO360 - DEBUG - 自動保存已禁用，跳過配置保存
2025-08-07 13:11:58,394 - VALO360 - DEBUG - 自動保存已禁用，跳過配置保存
2025-08-07 13:11:58,402 - VALO360 - DEBUG - 自動保存已禁用，跳過配置保存
2025-08-07 13:11:58,402 - VALO360 - DEBUG - 自動保存已禁用，跳過配置保存
2025-08-07 13:11:58,402 - VALO360 - DEBUG - 自動保存已禁用，跳過配置保存
2025-08-07 13:11:58,402 - VALO360 - DEBUG - 自動保存已禁用，跳過配置保存
2025-08-07 13:11:58,402 - VALO360 - DEBUG - 自動保存已禁用，跳過配置保存
2025-08-07 13:11:58,402 - VALO360 - DEBUG - 自動保存已禁用，跳過配置保存
2025-08-07 13:11:58,402 - VALO360 - DEBUG - 自動保存已禁用，跳過配置保存
2025-08-07 13:11:58,402 - VALO360 - DEBUG - 自動保存已禁用，跳過配置保存
2025-08-07 13:11:58,402 - VALO360 - DEBUG - 自動保存已禁用，跳過配置保存
2025-08-07 13:11:58,402 - VALO360 - DEBUG - 自動保存已禁用，跳過配置保存
2025-08-07 13:11:58,402 - VALO360 - DEBUG - 自動保存已禁用，跳過配置保存
2025-08-07 13:11:58,402 - VALO360 - DEBUG - 自動保存已禁用，跳過配置保存
2025-08-07 13:11:58,402 - VALO360 - DEBUG - 自動保存已禁用，跳過配置保存
2025-08-07 13:11:58,412 - VALO360 - DEBUG - 自動保存已禁用，跳過配置保存
2025-08-07 13:11:58,412 - VALO360 - DEBUG - 自動保存已禁用，跳過配置保存
2025-08-07 13:11:58,412 - VALO360 - DEBUG - 自動保存已禁用，跳過配置保存
2025-08-07 13:11:58,742 - VALO360 - DEBUG - ADBWorker 初始化: 指令數=1, 超時=30s
2025-08-07 13:11:58,742 - VALO360 - INFO - 開始執行 ADB 任務
2025-08-07 13:11:58,755 - VALO360 - DEBUG - 自動保存已禁用，跳過配置保存
2025-08-07 13:11:58,756 - VALO360 - DEBUG - 自動保存已禁用，跳過配置保存
2025-08-07 13:11:58,756 - VALO360 - DEBUG - 自動保存已禁用，跳過配置保存
2025-08-07 13:11:58,756 - VALO360 - DEBUG - 自動保存已禁用，跳過配置保存
2025-08-07 13:11:58,758 - VALO360 - DEBUG - 自動保存已禁用，跳過配置保存
2025-08-07 13:11:58,758 - VALO360 - DEBUG - 自動保存已禁用，跳過配置保存
2025-08-07 13:11:58,760 - VALO360 - DEBUG - 自動保存已禁用，跳過配置保存
2025-08-07 13:11:58,760 - VALO360 - DEBUG - 自動保存已禁用，跳過配置保存
2025-08-07 13:11:58,762 - VALO360 - DEBUG - 自動保存已禁用，跳過配置保存
2025-08-07 13:11:58,762 - VALO360 - DEBUG - 自動保存已禁用，跳過配置保存
2025-08-07 13:11:58,764 - VALO360 - DEBUG - 自動保存已禁用，跳過配置保存
2025-08-07 13:11:58,764 - VALO360 - DEBUG - 自動保存已禁用，跳過配置保存
2025-08-07 13:11:58,764 - VALO360 - DEBUG - 自動保存已禁用，跳過配置保存
2025-08-07 13:11:58,764 - VALO360 - DEBUG - 自動保存已禁用，跳過配置保存
2025-08-07 13:11:58,764 - VALO360 - DEBUG - 自動保存已禁用，跳過配置保存
2025-08-07 13:11:58,764 - VALO360 - DEBUG - 自動保存已禁用，跳過配置保存
2025-08-07 13:11:58,764 - VALO360 - DEBUG - 自動保存已禁用，跳過配置保存
2025-08-07 13:11:58,764 - VALO360 - DEBUG - 自動保存已禁用，跳過配置保存
2025-08-07 13:11:58,764 - VALO360 - DEBUG - 自動保存已禁用，跳過配置保存
2025-08-07 13:11:58,764 - VALO360 - DEBUG - 自動保存已禁用，跳過配置保存
2025-08-07 13:11:58,915 - VALO360 - DEBUG - ADBWorker 執行完成
2025-08-07 13:11:58,920 - VALO360 - DEBUG - 自動保存已禁用，跳過配置保存
2025-08-07 13:11:58,920 - VALO360 - DEBUG - 自動保存已禁用，跳過配置保存
2025-08-07 13:11:58,920 - VALO360 - DEBUG - 自動保存已禁用，跳過配置保存
2025-08-07 13:11:58,920 - VALO360 - DEBUG - 自動保存已禁用，跳過配置保存
2025-08-07 13:11:58,920 - VALO360 - DEBUG - 自動保存已禁用，跳過配置保存
2025-08-07 13:11:58,926 - VALO360 - DEBUG - 自動保存已禁用，跳過配置保存
2025-08-07 13:11:58,926 - VALO360 - DEBUG - 自動保存已禁用，跳過配置保存
2025-08-07 13:11:58,926 - VALO360 - DEBUG - 自動保存已禁用，跳過配置保存
2025-08-07 13:11:58,926 - VALO360 - DEBUG - 自動保存已禁用，跳過配置保存
2025-08-07 13:11:58,926 - VALO360 - DEBUG - 自動保存已禁用，跳過配置保存
2025-08-07 13:11:58,926 - VALO360 - DEBUG - 自動保存已禁用，跳過配置保存
2025-08-07 13:11:58,926 - VALO360 - DEBUG - 自動保存已禁用，跳過配置保存
2025-08-07 13:11:58,932 - VALO360 - DEBUG - 自動保存已禁用，跳過配置保存
2025-08-07 13:11:58,932 - VALO360 - DEBUG - 自動保存已禁用，跳過配置保存
2025-08-07 13:11:58,932 - VALO360 - DEBUG - 自動保存已禁用，跳過配置保存
2025-08-07 13:11:58,934 - VALO360 - DEBUG - 自動保存已禁用，跳過配置保存
2025-08-07 13:11:58,934 - VALO360 - DEBUG - 自動保存已禁用，跳過配置保存
2025-08-07 13:11:58,936 - VALO360 - DEBUG - 自動保存已禁用，跳過配置保存
2025-08-07 13:11:58,936 - VALO360 - DEBUG - 自動保存已禁用，跳過配置保存
2025-08-07 13:11:58,936 - VALO360 - DEBUG - 自動保存已禁用，跳過配置保存
2025-08-07 13:11:59,141 - VALO360 - DEBUG - ADBWorker 初始化: 指令數=1, 超時=30s
2025-08-07 13:11:59,141 - VALO360 - INFO - 開始執行 ADB 任務
2025-08-07 13:11:59,163 - VALO360 - DEBUG - 自動保存已禁用，跳過配置保存
2025-08-07 13:11:59,165 - VALO360 - DEBUG - 自動保存已禁用，跳過配置保存
2025-08-07 13:11:59,165 - VALO360 - DEBUG - 自動保存已禁用，跳過配置保存
2025-08-07 13:11:59,165 - VALO360 - DEBUG - 自動保存已禁用，跳過配置保存
2025-08-07 13:11:59,167 - VALO360 - DEBUG - 自動保存已禁用，跳過配置保存
2025-08-07 13:11:59,167 - VALO360 - DEBUG - 自動保存已禁用，跳過配置保存
2025-08-07 13:11:59,167 - VALO360 - DEBUG - 自動保存已禁用，跳過配置保存
2025-08-07 13:11:59,167 - VALO360 - DEBUG - 自動保存已禁用，跳過配置保存
2025-08-07 13:11:59,167 - VALO360 - DEBUG - 自動保存已禁用，跳過配置保存
2025-08-07 13:11:59,167 - VALO360 - DEBUG - 自動保存已禁用，跳過配置保存
2025-08-07 13:11:59,171 - VALO360 - DEBUG - 自動保存已禁用，跳過配置保存
2025-08-07 13:11:59,171 - VALO360 - DEBUG - 自動保存已禁用，跳過配置保存
2025-08-07 13:11:59,171 - VALO360 - DEBUG - 自動保存已禁用，跳過配置保存
2025-08-07 13:11:59,171 - VALO360 - DEBUG - 自動保存已禁用，跳過配置保存
2025-08-07 13:11:59,171 - VALO360 - DEBUG - 自動保存已禁用，跳過配置保存
2025-08-07 13:11:59,171 - VALO360 - DEBUG - 自動保存已禁用，跳過配置保存
2025-08-07 13:11:59,178 - VALO360 - DEBUG - 自動保存已禁用，跳過配置保存
2025-08-07 13:11:59,178 - VALO360 - DEBUG - 自動保存已禁用，跳過配置保存
2025-08-07 13:11:59,180 - VALO360 - DEBUG - 自動保存已禁用，跳過配置保存
2025-08-07 13:11:59,180 - VALO360 - DEBUG - 自動保存已禁用，跳過配置保存
2025-08-07 13:11:59,294 - VALO360 - DEBUG - ADBWorker 執行完成
2025-08-07 13:11:59,304 - VALO360 - DEBUG - 自動保存已禁用，跳過配置保存
2025-08-07 13:11:59,304 - VALO360 - DEBUG - 自動保存已禁用，跳過配置保存
2025-08-07 13:11:59,304 - VALO360 - DEBUG - 自動保存已禁用，跳過配置保存
2025-08-07 13:11:59,314 - VALO360 - DEBUG - 自動保存已禁用，跳過配置保存
2025-08-07 13:11:59,314 - VALO360 - DEBUG - 自動保存已禁用，跳過配置保存
2025-08-07 13:11:59,314 - VALO360 - DEBUG - 自動保存已禁用，跳過配置保存
2025-08-07 13:11:59,314 - VALO360 - DEBUG - 自動保存已禁用，跳過配置保存
2025-08-07 13:11:59,314 - VALO360 - DEBUG - 自動保存已禁用，跳過配置保存
2025-08-07 13:11:59,314 - VALO360 - DEBUG - 自動保存已禁用，跳過配置保存
2025-08-07 13:11:59,314 - VALO360 - DEBUG - 自動保存已禁用，跳過配置保存
2025-08-07 13:11:59,314 - VALO360 - DEBUG - 自動保存已禁用，跳過配置保存
2025-08-07 13:11:59,314 - VALO360 - DEBUG - 自動保存已禁用，跳過配置保存
2025-08-07 13:11:59,314 - VALO360 - DEBUG - 自動保存已禁用，跳過配置保存
2025-08-07 13:11:59,314 - VALO360 - DEBUG - 自動保存已禁用，跳過配置保存
2025-08-07 13:11:59,314 - VALO360 - DEBUG - 自動保存已禁用，跳過配置保存
2025-08-07 13:11:59,314 - VALO360 - DEBUG - 自動保存已禁用，跳過配置保存
2025-08-07 13:11:59,314 - VALO360 - DEBUG - 自動保存已禁用，跳過配置保存
2025-08-07 13:11:59,314 - VALO360 - DEBUG - 自動保存已禁用，跳過配置保存
2025-08-07 13:11:59,314 - VALO360 - DEBUG - 自動保存已禁用，跳過配置保存
2025-08-07 13:11:59,314 - VALO360 - DEBUG - 自動保存已禁用，跳過配置保存
2025-08-07 13:12:00,147 - VALO360 - DEBUG - 自動保存已禁用，跳過配置保存
2025-08-07 13:12:00,151 - VALO360 - DEBUG - 自動保存已禁用，跳過配置保存
2025-08-07 13:12:00,151 - VALO360 - DEBUG - 自動保存已禁用，跳過配置保存
2025-08-07 13:12:00,151 - VALO360 - DEBUG - 自動保存已禁用，跳過配置保存
2025-08-07 13:12:00,157 - VALO360 - DEBUG - 自動保存已禁用，跳過配置保存
2025-08-07 13:12:00,160 - VALO360 - DEBUG - 自動保存已禁用，跳過配置保存
2025-08-07 13:12:00,160 - VALO360 - DEBUG - 自動保存已禁用，跳過配置保存
2025-08-07 13:12:00,160 - VALO360 - DEBUG - 自動保存已禁用，跳過配置保存
2025-08-07 13:12:00,165 - VALO360 - DEBUG - 自動保存已禁用，跳過配置保存
2025-08-07 13:12:00,165 - VALO360 - DEBUG - 自動保存已禁用，跳過配置保存
2025-08-07 13:12:00,167 - VALO360 - DEBUG - 自動保存已禁用，跳過配置保存
2025-08-07 13:12:00,167 - VALO360 - DEBUG - 自動保存已禁用，跳過配置保存
2025-08-07 13:12:00,167 - VALO360 - DEBUG - 自動保存已禁用，跳過配置保存
2025-08-07 13:12:00,167 - VALO360 - DEBUG - 自動保存已禁用，跳過配置保存
2025-08-07 13:12:00,167 - VALO360 - DEBUG - 自動保存已禁用，跳過配置保存
2025-08-07 13:12:00,167 - VALO360 - DEBUG - 自動保存已禁用，跳過配置保存
2025-08-07 13:12:00,183 - VALO360 - DEBUG - 自動保存已禁用，跳過配置保存
2025-08-07 13:12:00,183 - VALO360 - DEBUG - 自動保存已禁用，跳過配置保存
2025-08-07 13:12:00,186 - VALO360 - DEBUG - 自動保存已禁用，跳過配置保存
2025-08-07 13:12:00,186 - VALO360 - DEBUG - 自動保存已禁用，跳過配置保存
2025-08-07 13:12:00,188 - VALO360 - DEBUG - 自動保存已禁用，跳過配置保存
2025-08-07 13:12:00,188 - VALO360 - DEBUG - 自動保存已禁用，跳過配置保存
2025-08-07 13:12:00,188 - VALO360 - DEBUG - 自動保存已禁用，跳過配置保存
2025-08-07 13:12:00,188 - VALO360 - DEBUG - 自動保存已禁用，跳過配置保存
2025-08-07 13:12:00,188 - VALO360 - DEBUG - 自動保存已禁用，跳過配置保存
2025-08-07 13:12:00,194 - VALO360 - DEBUG - 自動保存已禁用，跳過配置保存
2025-08-07 13:12:00,194 - VALO360 - DEBUG - 自動保存已禁用，跳過配置保存
2025-08-07 13:12:00,194 - VALO360 - DEBUG - 自動保存已禁用，跳過配置保存
2025-08-07 13:12:00,197 - VALO360 - DEBUG - 自動保存已禁用，跳過配置保存
2025-08-07 13:12:00,197 - VALO360 - DEBUG - 自動保存已禁用，跳過配置保存
2025-08-07 13:12:00,197 - VALO360 - DEBUG - 自動保存已禁用，跳過配置保存
2025-08-07 13:12:00,197 - VALO360 - DEBUG - 自動保存已禁用，跳過配置保存
2025-08-07 13:12:00,197 - VALO360 - DEBUG - 自動保存已禁用，跳過配置保存
2025-08-07 13:12:00,197 - VALO360 - DEBUG - 自動保存已禁用，跳過配置保存
2025-08-07 13:12:00,197 - VALO360 - DEBUG - 自動保存已禁用，跳過配置保存
2025-08-07 13:12:00,197 - VALO360 - DEBUG - 自動保存已禁用，跳過配置保存
2025-08-07 13:12:00,206 - VALO360 - DEBUG - 自動保存已禁用，跳過配置保存
2025-08-07 13:12:00,206 - VALO360 - DEBUG - 自動保存已禁用，跳過配置保存
2025-08-07 13:12:00,207 - VALO360 - DEBUG - 自動保存已禁用，跳過配置保存
2025-08-07 13:12:00,207 - VALO360 - DEBUG - 自動保存已禁用，跳過配置保存
2025-08-07 13:12:00,210 - VALO360 - DEBUG - 自動保存已禁用，跳過配置保存
2025-08-07 13:12:00,210 - VALO360 - DEBUG - 自動保存已禁用，跳過配置保存
2025-08-07 13:12:00,210 - VALO360 - DEBUG - 自動保存已禁用，跳過配置保存
2025-08-07 13:12:00,210 - VALO360 - DEBUG - 自動保存已禁用，跳過配置保存
2025-08-07 13:12:00,218 - VALO360 - DEBUG - 自動保存已禁用，跳過配置保存
2025-08-07 13:12:00,221 - VALO360 - DEBUG - 自動保存已禁用，跳過配置保存
2025-08-07 13:12:00,221 - VALO360 - DEBUG - 自動保存已禁用，跳過配置保存
2025-08-07 13:12:00,221 - VALO360 - DEBUG - 自動保存已禁用，跳過配置保存
2025-08-07 13:12:00,224 - VALO360 - DEBUG - 自動保存已禁用，跳過配置保存
2025-08-07 13:12:00,224 - VALO360 - DEBUG - 自動保存已禁用，跳過配置保存
2025-08-07 13:12:00,226 - VALO360 - DEBUG - 自動保存已禁用，跳過配置保存
2025-08-07 13:12:00,226 - VALO360 - DEBUG - 自動保存已禁用，跳過配置保存
2025-08-07 13:12:00,228 - VALO360 - DEBUG - 自動保存已禁用，跳過配置保存
2025-08-07 13:12:00,228 - VALO360 - DEBUG - 自動保存已禁用，跳過配置保存
2025-08-07 13:12:00,228 - VALO360 - DEBUG - 自動保存已禁用，跳過配置保存
2025-08-07 13:12:00,228 - VALO360 - DEBUG - 自動保存已禁用，跳過配置保存
2025-08-07 13:12:00,236 - VALO360 - DEBUG - 自動保存已禁用，跳過配置保存
2025-08-07 13:12:00,236 - VALO360 - DEBUG - 自動保存已禁用，跳過配置保存
2025-08-07 13:12:00,236 - VALO360 - DEBUG - 自動保存已禁用，跳過配置保存
2025-08-07 13:12:00,236 - VALO360 - DEBUG - 自動保存已禁用，跳過配置保存
2025-08-07 13:12:00,241 - VALO360 - DEBUG - 自動保存已禁用，跳過配置保存
2025-08-07 13:12:00,243 - VALO360 - DEBUG - 自動保存已禁用，跳過配置保存
2025-08-07 13:12:00,243 - VALO360 - DEBUG - 自動保存已禁用，跳過配置保存
2025-08-07 13:12:00,243 - VALO360 - DEBUG - 自動保存已禁用，跳過配置保存
2025-08-07 13:12:00,247 - VALO360 - DEBUG - 自動保存已禁用，跳過配置保存
2025-08-07 13:12:00,247 - VALO360 - DEBUG - 自動保存已禁用，跳過配置保存
2025-08-07 13:12:00,247 - VALO360 - DEBUG - 自動保存已禁用，跳過配置保存
2025-08-07 13:12:00,247 - VALO360 - DEBUG - 自動保存已禁用，跳過配置保存
2025-08-07 13:12:00,254 - VALO360 - DEBUG - 自動保存已禁用，跳過配置保存
2025-08-07 13:12:00,254 - VALO360 - DEBUG - 自動保存已禁用，跳過配置保存
2025-08-07 13:12:00,254 - VALO360 - DEBUG - 自動保存已禁用，跳過配置保存
2025-08-07 13:12:00,254 - VALO360 - DEBUG - 自動保存已禁用，跳過配置保存
2025-08-07 13:12:00,254 - VALO360 - DEBUG - 自動保存已禁用，跳過配置保存
2025-08-07 13:12:00,254 - VALO360 - DEBUG - 自動保存已禁用，跳過配置保存
2025-08-07 13:12:00,254 - VALO360 - DEBUG - 自動保存已禁用，跳過配置保存
2025-08-07 13:12:00,257 - VALO360 - DEBUG - 自動保存已禁用，跳過配置保存
2025-08-07 13:12:00,260 - VALO360 - DEBUG - 自動保存已禁用，跳過配置保存
2025-08-07 13:12:00,260 - VALO360 - DEBUG - 自動保存已禁用，跳過配置保存
2025-08-07 13:12:00,260 - VALO360 - DEBUG - 自動保存已禁用，跳過配置保存
2025-08-07 13:12:00,260 - VALO360 - DEBUG - 自動保存已禁用，跳過配置保存
2025-08-07 13:12:00,260 - VALO360 - DEBUG - 自動保存已禁用，跳過配置保存
2025-08-07 13:12:00,260 - VALO360 - DEBUG - 自動保存已禁用，跳過配置保存
2025-08-07 13:12:00,260 - VALO360 - DEBUG - 自動保存已禁用，跳過配置保存
2025-08-07 13:12:00,260 - VALO360 - DEBUG - 自動保存已禁用，跳過配置保存
2025-08-07 13:12:00,268 - VALO360 - DEBUG - 自動保存已禁用，跳過配置保存
2025-08-07 13:12:00,268 - VALO360 - DEBUG - 自動保存已禁用，跳過配置保存
2025-08-07 13:12:00,268 - VALO360 - DEBUG - 自動保存已禁用，跳過配置保存
2025-08-07 13:12:00,268 - VALO360 - DEBUG - 自動保存已禁用，跳過配置保存
2025-08-07 13:12:00,268 - VALO360 - DEBUG - 自動保存已禁用，跳過配置保存
2025-08-07 13:12:00,268 - VALO360 - DEBUG - 自動保存已禁用，跳過配置保存
2025-08-07 13:12:00,268 - VALO360 - DEBUG - 自動保存已禁用，跳過配置保存
2025-08-07 13:12:00,268 - VALO360 - DEBUG - 自動保存已禁用，跳過配置保存
2025-08-07 13:12:00,277 - VALO360 - DEBUG - 自動保存已禁用，跳過配置保存
2025-08-07 13:12:00,277 - VALO360 - DEBUG - 自動保存已禁用，跳過配置保存
2025-08-07 13:12:00,277 - VALO360 - DEBUG - 自動保存已禁用，跳過配置保存
2025-08-07 13:12:00,277 - VALO360 - DEBUG - 自動保存已禁用，跳過配置保存
2025-08-07 13:12:00,277 - VALO360 - DEBUG - 自動保存已禁用，跳過配置保存
2025-08-07 13:12:00,277 - VALO360 - DEBUG - 自動保存已禁用，跳過配置保存
2025-08-07 13:12:00,283 - VALO360 - DEBUG - 自動保存已禁用，跳過配置保存
2025-08-07 13:12:00,283 - VALO360 - DEBUG - 自動保存已禁用，跳過配置保存
2025-08-07 13:12:00,291 - VALO360 - DEBUG - 自動保存已禁用，跳過配置保存
2025-08-07 13:12:00,291 - VALO360 - DEBUG - 自動保存已禁用，跳過配置保存
2025-08-07 13:12:00,291 - VALO360 - DEBUG - 自動保存已禁用，跳過配置保存
2025-08-07 13:12:00,291 - VALO360 - DEBUG - 自動保存已禁用，跳過配置保存
2025-08-07 13:12:00,291 - VALO360 - DEBUG - 自動保存已禁用，跳過配置保存
2025-08-07 13:12:00,295 - VALO360 - DEBUG - 自動保存已禁用，跳過配置保存
2025-08-07 13:12:00,295 - VALO360 - DEBUG - 自動保存已禁用，跳過配置保存
2025-08-07 13:12:00,295 - VALO360 - DEBUG - 自動保存已禁用，跳過配置保存
2025-08-07 13:12:00,298 - VALO360 - DEBUG - 自動保存已禁用，跳過配置保存
2025-08-07 13:12:00,298 - VALO360 - DEBUG - 自動保存已禁用，跳過配置保存
2025-08-07 13:12:00,303 - VALO360 - DEBUG - 自動保存已禁用，跳過配置保存
2025-08-07 13:12:00,303 - VALO360 - DEBUG - 自動保存已禁用，跳過配置保存
2025-08-07 13:12:00,305 - VALO360 - DEBUG - 自動保存已禁用，跳過配置保存
2025-08-07 13:12:00,305 - VALO360 - DEBUG - 自動保存已禁用，跳過配置保存
2025-08-07 13:12:00,305 - VALO360 - DEBUG - 自動保存已禁用，跳過配置保存
2025-08-07 13:12:00,305 - VALO360 - DEBUG - 自動保存已禁用，跳過配置保存
2025-08-07 13:12:00,308 - VALO360 - DEBUG - 自動保存已禁用，跳過配置保存
2025-08-07 13:12:00,309 - VALO360 - DEBUG - 自動保存已禁用，跳過配置保存
2025-08-07 13:12:00,309 - VALO360 - DEBUG - 自動保存已禁用，跳過配置保存
2025-08-07 13:12:00,309 - VALO360 - DEBUG - 自動保存已禁用，跳過配置保存
2025-08-07 13:12:00,313 - VALO360 - DEBUG - 自動保存已禁用，跳過配置保存
2025-08-07 13:12:00,313 - VALO360 - DEBUG - 自動保存已禁用，跳過配置保存
2025-08-07 13:12:00,313 - VALO360 - DEBUG - 自動保存已禁用，跳過配置保存
2025-08-07 13:12:00,313 - VALO360 - DEBUG - 自動保存已禁用，跳過配置保存
2025-08-07 13:12:00,313 - VALO360 - DEBUG - 自動保存已禁用，跳過配置保存
2025-08-07 13:12:00,318 - VALO360 - DEBUG - 自動保存已禁用，跳過配置保存
2025-08-07 13:12:00,318 - VALO360 - DEBUG - 自動保存已禁用，跳過配置保存
2025-08-07 13:12:00,318 - VALO360 - DEBUG - 自動保存已禁用，跳過配置保存
2025-08-07 13:12:00,318 - VALO360 - DEBUG - 自動保存已禁用，跳過配置保存
2025-08-07 13:12:00,318 - VALO360 - DEBUG - 自動保存已禁用，跳過配置保存
2025-08-07 13:12:00,322 - VALO360 - DEBUG - 自動保存已禁用，跳過配置保存
2025-08-07 13:12:00,322 - VALO360 - DEBUG - 自動保存已禁用，跳過配置保存
2025-08-07 13:12:00,329 - VALO360 - DEBUG - 自動保存已禁用，跳過配置保存
2025-08-07 13:12:00,329 - VALO360 - DEBUG - 自動保存已禁用，跳過配置保存
2025-08-07 13:12:00,329 - VALO360 - DEBUG - 自動保存已禁用，跳過配置保存
2025-08-07 13:12:00,329 - VALO360 - DEBUG - 自動保存已禁用，跳過配置保存
2025-08-07 13:12:00,329 - VALO360 - DEBUG - 自動保存已禁用，跳過配置保存
2025-08-07 13:12:00,329 - VALO360 - DEBUG - 自動保存已禁用，跳過配置保存
2025-08-07 13:12:00,338 - VALO360 - DEBUG - 自動保存已禁用，跳過配置保存
2025-08-07 13:12:00,338 - VALO360 - DEBUG - 自動保存已禁用，跳過配置保存
2025-08-07 13:12:05,044 - VALO360 - DEBUG - ADBWorker 初始化: 指令數=1, 超時=30s
2025-08-07 13:12:05,044 - VALO360 - INFO - 開始執行 ADB 任務
2025-08-07 13:12:05,050 - VALO360 - DEBUG - 自動保存已禁用，跳過配置保存
2025-08-07 13:12:05,052 - VALO360 - DEBUG - 自動保存已禁用，跳過配置保存
2025-08-07 13:12:05,052 - VALO360 - DEBUG - 自動保存已禁用，跳過配置保存
2025-08-07 13:12:05,052 - VALO360 - DEBUG - 自動保存已禁用，跳過配置保存
2025-08-07 13:12:05,082 - VALO360 - DEBUG - ADBWorker 執行完成
2025-08-07 13:12:05,087 - VALO360 - DEBUG - 自動保存已禁用，跳過配置保存
2025-08-07 13:12:05,087 - VALO360 - DEBUG - 自動保存已禁用，跳過配置保存
2025-08-07 13:12:05,087 - VALO360 - DEBUG - 自動保存已禁用，跳過配置保存
2025-08-07 13:12:05,087 - VALO360 - DEBUG - 自動保存已禁用，跳過配置保存
2025-08-07 13:12:05,488 - VALO360 - DEBUG - ADBWorker 初始化: 指令數=1, 超時=30s
2025-08-07 13:12:05,488 - VALO360 - INFO - 開始執行 ADB 任務
2025-08-07 13:12:05,498 - VALO360 - DEBUG - 自動保存已禁用，跳過配置保存
2025-08-07 13:12:05,499 - VALO360 - DEBUG - 自動保存已禁用，跳過配置保存
2025-08-07 13:12:05,499 - VALO360 - DEBUG - 自動保存已禁用，跳過配置保存
2025-08-07 13:12:05,499 - VALO360 - DEBUG - 自動保存已禁用，跳過配置保存
2025-08-07 13:12:05,526 - VALO360 - DEBUG - ADBWorker 執行完成
2025-08-07 13:12:05,533 - VALO360 - DEBUG - 自動保存已禁用，跳過配置保存
2025-08-07 13:12:05,535 - VALO360 - DEBUG - 自動保存已禁用，跳過配置保存
2025-08-07 13:12:05,535 - VALO360 - DEBUG - 自動保存已禁用，跳過配置保存
2025-08-07 13:12:05,535 - VALO360 - DEBUG - 自動保存已禁用，跳過配置保存
2025-08-07 13:12:05,816 - VALO360 - DEBUG - ADBWorker 初始化: 指令數=1, 超時=30s
2025-08-07 13:12:05,816 - VALO360 - INFO - 開始執行 ADB 任務
2025-08-07 13:12:05,816 - VALO360 - DEBUG - 自動保存已禁用，跳過配置保存
2025-08-07 13:12:05,821 - VALO360 - DEBUG - 自動保存已禁用，跳過配置保存
2025-08-07 13:12:05,821 - VALO360 - DEBUG - 自動保存已禁用，跳過配置保存
2025-08-07 13:12:05,821 - VALO360 - DEBUG - 自動保存已禁用，跳過配置保存
2025-08-07 13:12:05,847 - VALO360 - DEBUG - ADBWorker 執行完成
2025-08-07 13:12:05,856 - VALO360 - DEBUG - 自動保存已禁用，跳過配置保存
2025-08-07 13:12:05,856 - VALO360 - DEBUG - 自動保存已禁用，跳過配置保存
2025-08-07 13:12:05,856 - VALO360 - DEBUG - 自動保存已禁用，跳過配置保存
2025-08-07 13:12:05,856 - VALO360 - DEBUG - 自動保存已禁用，跳過配置保存
2025-08-07 13:12:06,015 - VALO360 - DEBUG - ADBWorker 初始化: 指令數=1, 超時=30s
2025-08-07 13:12:06,015 - VALO360 - INFO - 開始執行 ADB 任務
2025-08-07 13:12:06,022 - VALO360 - DEBUG - 自動保存已禁用，跳過配置保存
2025-08-07 13:12:06,022 - VALO360 - DEBUG - 自動保存已禁用，跳過配置保存
2025-08-07 13:12:06,022 - VALO360 - DEBUG - 自動保存已禁用，跳過配置保存
2025-08-07 13:12:06,022 - VALO360 - DEBUG - 自動保存已禁用，跳過配置保存
2025-08-07 13:12:06,054 - VALO360 - DEBUG - ADBWorker 執行完成
2025-08-07 13:12:06,064 - VALO360 - DEBUG - 自動保存已禁用，跳過配置保存
2025-08-07 13:12:06,064 - VALO360 - DEBUG - 自動保存已禁用，跳過配置保存
2025-08-07 13:12:06,064 - VALO360 - DEBUG - 自動保存已禁用，跳過配置保存
2025-08-07 13:12:06,066 - VALO360 - DEBUG - 自動保存已禁用，跳過配置保存
2025-08-07 13:12:06,214 - VALO360 - DEBUG - ADBWorker 初始化: 指令數=1, 超時=30s
2025-08-07 13:12:06,214 - VALO360 - INFO - 開始執行 ADB 任務
2025-08-07 13:12:06,218 - VALO360 - DEBUG - 自動保存已禁用，跳過配置保存
2025-08-07 13:12:06,219 - VALO360 - DEBUG - 自動保存已禁用，跳過配置保存
2025-08-07 13:12:06,219 - VALO360 - DEBUG - 自動保存已禁用，跳過配置保存
2025-08-07 13:12:06,219 - VALO360 - DEBUG - 自動保存已禁用，跳過配置保存
2025-08-07 13:12:06,243 - VALO360 - DEBUG - ADBWorker 執行完成
2025-08-07 13:12:06,254 - VALO360 - DEBUG - 自動保存已禁用，跳過配置保存
2025-08-07 13:12:06,254 - VALO360 - DEBUG - 自動保存已禁用，跳過配置保存
2025-08-07 13:12:06,254 - VALO360 - DEBUG - 自動保存已禁用，跳過配置保存
2025-08-07 13:12:06,257 - VALO360 - DEBUG - 自動保存已禁用，跳過配置保存
2025-08-07 13:12:06,396 - VALO360 - DEBUG - ADBWorker 初始化: 指令數=1, 超時=30s
2025-08-07 13:12:06,396 - VALO360 - INFO - 開始執行 ADB 任務
2025-08-07 13:12:06,402 - VALO360 - DEBUG - 自動保存已禁用，跳過配置保存
2025-08-07 13:12:06,402 - VALO360 - DEBUG - 自動保存已禁用，跳過配置保存
2025-08-07 13:12:06,402 - VALO360 - DEBUG - 自動保存已禁用，跳過配置保存
2025-08-07 13:12:06,402 - VALO360 - DEBUG - 自動保存已禁用，跳過配置保存
2025-08-07 13:12:06,428 - VALO360 - DEBUG - ADBWorker 執行完成
2025-08-07 13:12:06,440 - VALO360 - DEBUG - 自動保存已禁用，跳過配置保存
2025-08-07 13:12:06,441 - VALO360 - DEBUG - 自動保存已禁用，跳過配置保存
2025-08-07 13:12:06,441 - VALO360 - DEBUG - 自動保存已禁用，跳過配置保存
2025-08-07 13:12:06,443 - VALO360 - DEBUG - 自動保存已禁用，跳過配置保存
2025-08-07 13:12:06,564 - VALO360 - DEBUG - ADBWorker 初始化: 指令數=1, 超時=30s
2025-08-07 13:12:06,566 - VALO360 - INFO - 開始執行 ADB 任務
2025-08-07 13:12:06,586 - VALO360 - DEBUG - 自動保存已禁用，跳過配置保存
2025-08-07 13:12:06,588 - VALO360 - DEBUG - 自動保存已禁用，跳過配置保存
2025-08-07 13:12:06,588 - VALO360 - DEBUG - 自動保存已禁用，跳過配置保存
2025-08-07 13:12:06,588 - VALO360 - DEBUG - 自動保存已禁用，跳過配置保存
2025-08-07 13:12:06,624 - VALO360 - DEBUG - ADBWorker 執行完成
2025-08-07 13:12:06,637 - VALO360 - DEBUG - 自動保存已禁用，跳過配置保存
2025-08-07 13:12:06,637 - VALO360 - DEBUG - 自動保存已禁用，跳過配置保存
2025-08-07 13:12:06,637 - VALO360 - DEBUG - 自動保存已禁用，跳過配置保存
2025-08-07 13:12:06,637 - VALO360 - DEBUG - 自動保存已禁用，跳過配置保存
2025-08-07 13:12:06,799 - VALO360 - DEBUG - ADBWorker 初始化: 指令數=1, 超時=30s
2025-08-07 13:12:06,799 - VALO360 - INFO - 開始執行 ADB 任務
2025-08-07 13:12:06,812 - VALO360 - DEBUG - 自動保存已禁用，跳過配置保存
2025-08-07 13:12:06,813 - VALO360 - DEBUG - 自動保存已禁用，跳過配置保存
2025-08-07 13:12:06,813 - VALO360 - DEBUG - 自動保存已禁用，跳過配置保存
2025-08-07 13:12:06,815 - VALO360 - DEBUG - 自動保存已禁用，跳過配置保存
2025-08-07 13:12:06,839 - VALO360 - DEBUG - ADBWorker 執行完成
2025-08-07 13:12:06,854 - VALO360 - DEBUG - 自動保存已禁用，跳過配置保存
2025-08-07 13:12:06,854 - VALO360 - DEBUG - 自動保存已禁用，跳過配置保存
2025-08-07 13:12:06,854 - VALO360 - DEBUG - 自動保存已禁用，跳過配置保存
2025-08-07 13:12:06,854 - VALO360 - DEBUG - 自動保存已禁用，跳過配置保存
2025-08-07 13:12:08,061 - VALO360 - DEBUG - 自動保存已禁用，跳過配置保存
2025-08-07 13:12:08,061 - VALO360 - DEBUG - 自動保存已禁用，跳過配置保存
2025-08-07 13:12:08,065 - VALO360 - DEBUG - 自動保存已禁用，跳過配置保存
2025-08-07 13:12:08,066 - VALO360 - DEBUG - 自動保存已禁用，跳過配置保存
2025-08-07 13:12:08,137 - VALO360 - DEBUG - 找到 4 個COM口: ['COM9 - AT PORT', 'COM8 - NMEA PORT', 'COM7 - DM PORT', 'COM3']
2025-08-07 13:12:08,786 - VALO360 - DEBUG - 自動保存已禁用，跳過配置保存
2025-08-07 13:12:08,793 - VALO360 - DEBUG - 自動保存已禁用，跳過配置保存
2025-08-07 13:12:08,793 - VALO360 - DEBUG - 自動保存已禁用，跳過配置保存
2025-08-07 13:12:08,794 - VALO360 - DEBUG - 自動保存已禁用，跳過配置保存
2025-08-07 13:12:08,799 - VALO360 - DEBUG - 自動保存已禁用，跳過配置保存
2025-08-07 13:12:08,801 - VALO360 - DEBUG - 自動保存已禁用，跳過配置保存
2025-08-07 13:12:08,801 - VALO360 - DEBUG - 自動保存已禁用，跳過配置保存
2025-08-07 13:12:08,801 - VALO360 - DEBUG - 自動保存已禁用，跳過配置保存
2025-08-07 13:12:08,813 - VALO360 - DEBUG - 自動保存已禁用，跳過配置保存
2025-08-07 13:12:08,813 - VALO360 - DEBUG - 自動保存已禁用，跳過配置保存
2025-08-07 13:12:08,813 - VALO360 - DEBUG - 自動保存已禁用，跳過配置保存
2025-08-07 13:12:08,813 - VALO360 - DEBUG - 自動保存已禁用，跳過配置保存
2025-08-07 13:12:08,813 - VALO360 - DEBUG - 自動保存已禁用，跳過配置保存
2025-08-07 13:12:08,813 - VALO360 - DEBUG - 自動保存已禁用，跳過配置保存
2025-08-07 13:12:08,813 - VALO360 - DEBUG - 自動保存已禁用，跳過配置保存
2025-08-07 13:12:08,813 - VALO360 - DEBUG - 自動保存已禁用，跳過配置保存
2025-08-07 13:12:08,813 - VALO360 - DEBUG - 自動保存已禁用，跳過配置保存
2025-08-07 13:12:08,813 - VALO360 - DEBUG - 自動保存已禁用，跳過配置保存
2025-08-07 13:12:08,813 - VALO360 - DEBUG - 自動保存已禁用，跳過配置保存
2025-08-07 13:12:08,813 - VALO360 - DEBUG - 自動保存已禁用，跳過配置保存
2025-08-07 13:12:08,825 - VALO360 - DEBUG - 自動保存已禁用，跳過配置保存
2025-08-07 13:12:08,825 - VALO360 - DEBUG - 自動保存已禁用，跳過配置保存
2025-08-07 13:12:08,825 - VALO360 - DEBUG - 自動保存已禁用，跳過配置保存
2025-08-07 13:12:08,825 - VALO360 - DEBUG - 自動保存已禁用，跳過配置保存
2025-08-07 13:12:08,829 - VALO360 - DEBUG - 自動保存已禁用，跳過配置保存
2025-08-07 13:12:08,829 - VALO360 - DEBUG - 自動保存已禁用，跳過配置保存
2025-08-07 13:12:08,829 - VALO360 - DEBUG - 自動保存已禁用，跳過配置保存
2025-08-07 13:12:08,829 - VALO360 - DEBUG - 自動保存已禁用，跳過配置保存
2025-08-07 13:12:08,837 - VALO360 - DEBUG - 自動保存已禁用，跳過配置保存
2025-08-07 13:12:08,837 - VALO360 - DEBUG - 自動保存已禁用，跳過配置保存
2025-08-07 13:12:08,837 - VALO360 - DEBUG - 自動保存已禁用，跳過配置保存
2025-08-07 13:12:08,837 - VALO360 - DEBUG - 自動保存已禁用，跳過配置保存
2025-08-07 13:12:08,841 - VALO360 - DEBUG - 自動保存已禁用，跳過配置保存
2025-08-07 13:12:08,841 - VALO360 - DEBUG - 自動保存已禁用，跳過配置保存
2025-08-07 13:12:08,843 - VALO360 - DEBUG - 自動保存已禁用，跳過配置保存
2025-08-07 13:12:08,843 - VALO360 - DEBUG - 自動保存已禁用，跳過配置保存
2025-08-07 13:12:08,843 - VALO360 - DEBUG - 自動保存已禁用，跳過配置保存
2025-08-07 13:12:08,843 - VALO360 - DEBUG - 自動保存已禁用，跳過配置保存
2025-08-07 13:12:08,843 - VALO360 - DEBUG - 自動保存已禁用，跳過配置保存
2025-08-07 13:12:08,843 - VALO360 - DEBUG - 自動保存已禁用，跳過配置保存
2025-08-07 13:12:08,843 - VALO360 - DEBUG - 自動保存已禁用，跳過配置保存
2025-08-07 13:12:08,843 - VALO360 - DEBUG - 自動保存已禁用，跳過配置保存
2025-08-07 13:12:08,852 - VALO360 - DEBUG - 自動保存已禁用，跳過配置保存
2025-08-07 13:12:08,852 - VALO360 - DEBUG - 自動保存已禁用，跳過配置保存
2025-08-07 13:12:08,856 - VALO360 - DEBUG - 自動保存已禁用，跳過配置保存
2025-08-07 13:12:08,856 - VALO360 - DEBUG - 自動保存已禁用，跳過配置保存
2025-08-07 13:12:08,858 - VALO360 - DEBUG - 自動保存已禁用，跳過配置保存
2025-08-07 13:12:08,858 - VALO360 - DEBUG - 自動保存已禁用，跳過配置保存
2025-08-07 13:12:08,858 - VALO360 - DEBUG - 自動保存已禁用，跳過配置保存
2025-08-07 13:12:08,863 - VALO360 - DEBUG - 自動保存已禁用，跳過配置保存
2025-08-07 13:12:08,863 - VALO360 - DEBUG - 自動保存已禁用，跳過配置保存
2025-08-07 13:12:08,863 - VALO360 - DEBUG - 自動保存已禁用，跳過配置保存
2025-08-07 13:12:08,867 - VALO360 - DEBUG - 自動保存已禁用，跳過配置保存
2025-08-07 13:12:08,867 - VALO360 - DEBUG - 自動保存已禁用，跳過配置保存
2025-08-07 13:12:08,867 - VALO360 - DEBUG - 自動保存已禁用，跳過配置保存
2025-08-07 13:12:08,867 - VALO360 - DEBUG - 自動保存已禁用，跳過配置保存
2025-08-07 13:12:08,869 - VALO360 - DEBUG - 自動保存已禁用，跳過配置保存
2025-08-07 13:12:08,871 - VALO360 - DEBUG - 自動保存已禁用，跳過配置保存
2025-08-07 13:12:08,871 - VALO360 - DEBUG - 自動保存已禁用，跳過配置保存
2025-08-07 13:12:08,871 - VALO360 - DEBUG - 自動保存已禁用，跳過配置保存
2025-08-07 13:12:08,876 - VALO360 - DEBUG - 自動保存已禁用，跳過配置保存
2025-08-07 13:12:08,876 - VALO360 - DEBUG - 自動保存已禁用，跳過配置保存
2025-08-07 13:12:08,876 - VALO360 - DEBUG - 自動保存已禁用，跳過配置保存
2025-08-07 13:12:08,878 - VALO360 - DEBUG - 自動保存已禁用，跳過配置保存
2025-08-07 13:12:08,878 - VALO360 - DEBUG - 自動保存已禁用，跳過配置保存
2025-08-07 13:12:08,878 - VALO360 - DEBUG - 自動保存已禁用，跳過配置保存
2025-08-07 13:12:08,878 - VALO360 - DEBUG - 自動保存已禁用，跳過配置保存
2025-08-07 13:12:08,883 - VALO360 - DEBUG - 自動保存已禁用，跳過配置保存
2025-08-07 13:12:08,884 - VALO360 - DEBUG - 自動保存已禁用，跳過配置保存
2025-08-07 13:12:08,884 - VALO360 - DEBUG - 自動保存已禁用，跳過配置保存
2025-08-07 13:12:08,884 - VALO360 - DEBUG - 自動保存已禁用，跳過配置保存
2025-08-07 13:12:08,884 - VALO360 - DEBUG - 自動保存已禁用，跳過配置保存
2025-08-07 13:12:08,890 - VALO360 - DEBUG - 自動保存已禁用，跳過配置保存
2025-08-07 13:12:08,890 - VALO360 - DEBUG - 自動保存已禁用，跳過配置保存
2025-08-07 13:12:08,890 - VALO360 - DEBUG - 自動保存已禁用，跳過配置保存
2025-08-07 13:12:08,890 - VALO360 - DEBUG - 自動保存已禁用，跳過配置保存
2025-08-07 13:12:08,893 - VALO360 - DEBUG - 自動保存已禁用，跳過配置保存
2025-08-07 13:12:08,893 - VALO360 - DEBUG - 自動保存已禁用，跳過配置保存
2025-08-07 13:12:08,893 - VALO360 - DEBUG - 自動保存已禁用，跳過配置保存
2025-08-07 13:12:08,893 - VALO360 - DEBUG - 自動保存已禁用，跳過配置保存
2025-08-07 13:12:08,900 - VALO360 - DEBUG - 自動保存已禁用，跳過配置保存
2025-08-07 13:12:08,900 - VALO360 - DEBUG - 自動保存已禁用，跳過配置保存
2025-08-07 13:12:08,902 - VALO360 - DEBUG - 自動保存已禁用，跳過配置保存
2025-08-07 13:12:08,903 - VALO360 - DEBUG - 自動保存已禁用，跳過配置保存
2025-08-07 13:12:08,907 - VALO360 - DEBUG - 自動保存已禁用，跳過配置保存
2025-08-07 13:12:08,907 - VALO360 - DEBUG - 自動保存已禁用，跳過配置保存
2025-08-07 13:12:08,907 - VALO360 - DEBUG - 自動保存已禁用，跳過配置保存
2025-08-07 13:12:08,907 - VALO360 - DEBUG - 自動保存已禁用，跳過配置保存
2025-08-07 13:12:08,913 - VALO360 - DEBUG - 自動保存已禁用，跳過配置保存
2025-08-07 13:12:08,913 - VALO360 - DEBUG - 自動保存已禁用，跳過配置保存
2025-08-07 13:12:08,913 - VALO360 - DEBUG - 自動保存已禁用，跳過配置保存
2025-08-07 13:12:08,913 - VALO360 - DEBUG - 自動保存已禁用，跳過配置保存
2025-08-07 13:12:08,913 - VALO360 - DEBUG - 自動保存已禁用，跳過配置保存
2025-08-07 13:12:08,913 - VALO360 - DEBUG - 自動保存已禁用，跳過配置保存
2025-08-07 13:12:08,913 - VALO360 - DEBUG - 自動保存已禁用，跳過配置保存
2025-08-07 13:12:08,913 - VALO360 - DEBUG - 自動保存已禁用，跳過配置保存
2025-08-07 13:12:08,924 - VALO360 - DEBUG - 自動保存已禁用，跳過配置保存
2025-08-07 13:12:08,924 - VALO360 - DEBUG - 自動保存已禁用，跳過配置保存
2025-08-07 13:12:08,924 - VALO360 - DEBUG - 自動保存已禁用，跳過配置保存
2025-08-07 13:12:08,924 - VALO360 - DEBUG - 自動保存已禁用，跳過配置保存
2025-08-07 13:12:08,928 - VALO360 - DEBUG - 自動保存已禁用，跳過配置保存
2025-08-07 13:12:08,928 - VALO360 - DEBUG - 自動保存已禁用，跳過配置保存
2025-08-07 13:12:08,928 - VALO360 - DEBUG - 自動保存已禁用，跳過配置保存
2025-08-07 13:12:08,928 - VALO360 - DEBUG - 自動保存已禁用，跳過配置保存
2025-08-07 13:12:08,936 - VALO360 - DEBUG - 自動保存已禁用，跳過配置保存
2025-08-07 13:12:08,936 - VALO360 - DEBUG - 自動保存已禁用，跳過配置保存
2025-08-07 13:12:08,936 - VALO360 - DEBUG - 自動保存已禁用，跳過配置保存
2025-08-07 13:12:08,936 - VALO360 - DEBUG - 自動保存已禁用，跳過配置保存
2025-08-07 13:12:08,936 - VALO360 - DEBUG - 自動保存已禁用，跳過配置保存
2025-08-07 13:12:08,936 - VALO360 - DEBUG - 自動保存已禁用，跳過配置保存
2025-08-07 13:12:08,936 - VALO360 - DEBUG - 自動保存已禁用，跳過配置保存
2025-08-07 13:12:08,936 - VALO360 - DEBUG - 自動保存已禁用，跳過配置保存
2025-08-07 13:12:08,944 - VALO360 - DEBUG - 自動保存已禁用，跳過配置保存
2025-08-07 13:12:08,946 - VALO360 - DEBUG - 自動保存已禁用，跳過配置保存
2025-08-07 13:12:08,946 - VALO360 - DEBUG - 自動保存已禁用，跳過配置保存
2025-08-07 13:12:08,946 - VALO360 - DEBUG - 自動保存已禁用，跳過配置保存
2025-08-07 13:12:08,946 - VALO360 - DEBUG - 自動保存已禁用，跳過配置保存
2025-08-07 13:12:08,946 - VALO360 - DEBUG - 自動保存已禁用，跳過配置保存
2025-08-07 13:12:08,946 - VALO360 - DEBUG - 自動保存已禁用，跳過配置保存
2025-08-07 13:12:08,946 - VALO360 - DEBUG - 自動保存已禁用，跳過配置保存
2025-08-07 13:12:08,954 - VALO360 - DEBUG - 自動保存已禁用，跳過配置保存
2025-08-07 13:12:08,954 - VALO360 - DEBUG - 自動保存已禁用，跳過配置保存
2025-08-07 13:12:08,954 - VALO360 - DEBUG - 自動保存已禁用，跳過配置保存
2025-08-07 13:12:08,954 - VALO360 - DEBUG - 自動保存已禁用，跳過配置保存
2025-08-07 13:12:08,957 - VALO360 - DEBUG - 自動保存已禁用，跳過配置保存
2025-08-07 13:12:08,957 - VALO360 - DEBUG - 自動保存已禁用，跳過配置保存
2025-08-07 13:12:08,957 - VALO360 - DEBUG - 自動保存已禁用，跳過配置保存
2025-08-07 13:12:08,957 - VALO360 - DEBUG - 自動保存已禁用，跳過配置保存
2025-08-07 13:12:08,964 - VALO360 - DEBUG - 自動保存已禁用，跳過配置保存
2025-08-07 13:12:08,969 - VALO360 - DEBUG - 自動保存已禁用，跳過配置保存
2025-08-07 13:12:08,969 - VALO360 - DEBUG - 自動保存已禁用，跳過配置保存
2025-08-07 13:12:08,969 - VALO360 - DEBUG - 自動保存已禁用，跳過配置保存
2025-08-07 13:12:08,972 - VALO360 - DEBUG - 自動保存已禁用，跳過配置保存
2025-08-07 13:12:08,972 - VALO360 - DEBUG - 自動保存已禁用，跳過配置保存
2025-08-07 13:12:08,972 - VALO360 - DEBUG - 自動保存已禁用，跳過配置保存
2025-08-07 13:12:08,972 - VALO360 - DEBUG - 自動保存已禁用，跳過配置保存
2025-08-07 13:12:08,977 - VALO360 - DEBUG - 自動保存已禁用，跳過配置保存
2025-08-07 13:12:08,978 - VALO360 - DEBUG - 自動保存已禁用，跳過配置保存
2025-08-07 13:12:08,978 - VALO360 - DEBUG - 自動保存已禁用，跳過配置保存
2025-08-07 13:12:08,978 - VALO360 - DEBUG - 自動保存已禁用，跳過配置保存
2025-08-07 13:12:08,978 - VALO360 - DEBUG - 自動保存已禁用，跳過配置保存
2025-08-07 13:12:08,978 - VALO360 - DEBUG - 自動保存已禁用，跳過配置保存
2025-08-07 13:12:08,978 - VALO360 - DEBUG - 自動保存已禁用，跳過配置保存
2025-08-07 13:12:08,978 - VALO360 - DEBUG - 自動保存已禁用，跳過配置保存
2025-08-07 13:12:08,986 - VALO360 - DEBUG - 自動保存已禁用，跳過配置保存
2025-08-07 13:12:08,986 - VALO360 - DEBUG - 自動保存已禁用，跳過配置保存
2025-08-07 13:12:08,986 - VALO360 - DEBUG - 自動保存已禁用，跳過配置保存
2025-08-07 13:12:08,989 - VALO360 - DEBUG - 自動保存已禁用，跳過配置保存
2025-08-07 13:12:08,992 - VALO360 - DEBUG - 自動保存已禁用，跳過配置保存
2025-08-07 13:12:08,992 - VALO360 - DEBUG - 自動保存已禁用，跳過配置保存
2025-08-07 13:12:08,994 - VALO360 - DEBUG - 自動保存已禁用，跳過配置保存
2025-08-07 13:12:08,995 - VALO360 - DEBUG - 自動保存已禁用，跳過配置保存
2025-08-07 13:12:08,995 - VALO360 - DEBUG - 自動保存已禁用，跳過配置保存
2025-08-07 13:12:08,995 - VALO360 - DEBUG - 自動保存已禁用，跳過配置保存
2025-08-07 13:12:08,995 - VALO360 - DEBUG - 自動保存已禁用，跳過配置保存
2025-08-07 13:12:08,995 - VALO360 - DEBUG - 自動保存已禁用，跳過配置保存
2025-08-07 13:12:09,006 - VALO360 - DEBUG - 自動保存已禁用，跳過配置保存
2025-08-07 13:12:09,006 - VALO360 - DEBUG - 自動保存已禁用，跳過配置保存
2025-08-07 13:12:09,016 - VALO360 - DEBUG - 自動保存已禁用，跳過配置保存
2025-08-07 13:12:09,016 - VALO360 - DEBUG - 自動保存已禁用，跳過配置保存
2025-08-07 13:12:09,019 - VALO360 - DEBUG - 自動保存已禁用，跳過配置保存
2025-08-07 13:12:09,019 - VALO360 - DEBUG - 自動保存已禁用，跳過配置保存
2025-08-07 13:12:09,019 - VALO360 - DEBUG - 自動保存已禁用，跳過配置保存
2025-08-07 13:12:09,019 - VALO360 - DEBUG - 自動保存已禁用，跳過配置保存
2025-08-07 13:12:09,022 - VALO360 - DEBUG - 自動保存已禁用，跳過配置保存
2025-08-07 13:12:09,022 - VALO360 - DEBUG - 自動保存已禁用，跳過配置保存
2025-08-07 13:12:09,023 - VALO360 - DEBUG - 自動保存已禁用，跳過配置保存
2025-08-07 13:12:09,023 - VALO360 - DEBUG - 自動保存已禁用，跳過配置保存
2025-08-07 13:12:09,023 - VALO360 - DEBUG - 自動保存已禁用，跳過配置保存
2025-08-07 13:12:09,026 - VALO360 - DEBUG - 自動保存已禁用，跳過配置保存
2025-08-07 13:12:09,026 - VALO360 - DEBUG - 自動保存已禁用，跳過配置保存
2025-08-07 13:12:09,026 - VALO360 - DEBUG - 自動保存已禁用，跳過配置保存
2025-08-07 13:12:09,029 - VALO360 - DEBUG - 自動保存已禁用，跳過配置保存
2025-08-07 13:12:09,029 - VALO360 - DEBUG - 自動保存已禁用，跳過配置保存
2025-08-07 13:12:09,029 - VALO360 - DEBUG - 自動保存已禁用，跳過配置保存
2025-08-07 13:12:09,029 - VALO360 - DEBUG - 自動保存已禁用，跳過配置保存
2025-08-07 13:12:09,029 - VALO360 - DEBUG - 自動保存已禁用，跳過配置保存
2025-08-07 13:12:09,029 - VALO360 - DEBUG - 自動保存已禁用，跳過配置保存
2025-08-07 13:12:09,029 - VALO360 - DEBUG - 自動保存已禁用，跳過配置保存
2025-08-07 13:12:09,029 - VALO360 - DEBUG - 自動保存已禁用，跳過配置保存
2025-08-07 13:12:09,039 - VALO360 - DEBUG - 自動保存已禁用，跳過配置保存
2025-08-07 13:12:09,039 - VALO360 - DEBUG - 自動保存已禁用，跳過配置保存
2025-08-07 13:12:09,039 - VALO360 - DEBUG - 自動保存已禁用，跳過配置保存
2025-08-07 13:12:09,039 - VALO360 - DEBUG - 自動保存已禁用，跳過配置保存
2025-08-07 13:12:09,039 - VALO360 - DEBUG - 自動保存已禁用，跳過配置保存
2025-08-07 13:12:09,039 - VALO360 - DEBUG - 自動保存已禁用，跳過配置保存
2025-08-07 13:12:09,039 - VALO360 - DEBUG - 自動保存已禁用，跳過配置保存
2025-08-07 13:12:09,039 - VALO360 - DEBUG - 自動保存已禁用，跳過配置保存
2025-08-07 13:12:11,734 - VALO360 - DEBUG - 配置已備份至: backup\setup_backup_20250807_131211.json
2025-08-07 13:12:11,734 - VALO360 - DEBUG - 已刪除舊備份: backup\setup_backup_20250806_155417.json
2025-08-07 13:12:11,734 - VALO360 - DEBUG - 配置保存成功
2025-08-07 13:12:11,734 - VALO360 - DEBUG - 配置已備份至: backup\setup_backup_20250807_131211.json
2025-08-07 13:12:11,744 - VALO360 - DEBUG - 配置保存成功
2025-08-07 13:12:11,747 - VALO360 - DEBUG - 自動保存已禁用，跳過配置保存
2025-08-07 13:12:11,747 - VALO360 - INFO - 程式關閉時已保存所有待保存的設定
2025-08-07 13:12:11,749 - VALO360 - INFO - 程式正常關閉
2025-08-07 13:12:11,896 - VALO360 - INFO - 資源清理完成
2025-08-07 13:12:11,896 - VALO360 - INFO - 應用程式資源清理完成
2025-08-07 13:15:29,042 - VALO360 - DEBUG - 找到指令檔: D:\((Python TOOL\指令工具-20250428T020034Z-001\CODE_HERE2\Command_TABLE\command.txt
2025-08-07 13:15:29,062 - VALO360 - INFO - 成功載入 94 個指令
2025-08-07 13:28:21,920 - VALO360 - DEBUG - 找到指令檔: D:\((Python TOOL\指令工具-20250428T020034Z-001\CODE_HERE2\Command_TABLE\command.txt
2025-08-07 13:28:21,932 - VALO360 - INFO - 成功載入 94 個指令
