2025-07-31 14:28:34,144 - VALO360 - DEBUG - 找到指令檔: D:\((Python TOOL\指令工具-20250428T020034Z-001\CODE_HERE2\dist\Command_TABLE\command.txt
2025-07-31 14:28:34,144 - VALO360 - INFO - 設定檔不存在，將由配置管理器創建
2025-07-31 14:28:34,171 - VALO360 - INFO - 成功載入 94 個指令
2025-07-31 14:28:34,178 - VALO360 - INFO - 運行日誌: main.py 啟動
2025-07-31 14:28:34,178 - VALO360 - INFO - 指令通主程式啟動
2025-07-31 14:28:34,178 - VALO360 - INFO - 運行日誌: 成功 import TabManager
2025-07-31 14:28:34,178 - VALO360 - INFO - UI模組導入成功
2025-07-31 14:28:34,178 - VALO360 - INFO - 日誌系統初始化完成
2025-07-31 14:28:34,178 - VALO360 - DEBUG - ConfigManager: 自動保存已禁用
2025-07-31 14:28:34,178 - VALO360 - INFO - ConfigManager自動保存已禁用
2025-07-31 14:28:34,178 - VALO360 - INFO - 未找到關鍵字高亮設定文件，使用空設定
2025-07-31 14:28:34,368 - VALO360 - INFO - 配置文件不存在，創建預設配置
2025-07-31 14:28:34,368 - VALO360 - DEBUG - 配置保存成功
2025-07-31 14:28:34,368 - VALO360 - INFO - 統一設定管理器已初始化
2025-07-31 14:28:34,884 - VALO360 - DEBUG - 找到 2 個COM口: ['COM5', 'COM6']
2025-07-31 14:28:36,343 - VALO360 - INFO - 視窗設置完成: 指令通_1.6.3.3 (1536x793)
2025-07-31 14:28:36,343 - VALO360 - INFO - 程式啟動時更新標籤頁名稱
2025-07-31 14:28:36,343 - VALO360 - INFO - 應用程式啟動完成，進入主循環
2025-07-31 14:28:36,344 - VALO360 - DEBUG - 找到 2 個COM口: ['COM5', 'COM6']
2025-07-31 14:28:36,394 - VALO360 - DEBUG - 自動保存已禁用，跳過配置保存
2025-07-31 14:28:36,394 - VALO360 - DEBUG - 自動保存已禁用，跳過配置保存
2025-07-31 14:28:36,394 - VALO360 - DEBUG - 自動保存已禁用，跳過配置保存
2025-07-31 14:28:36,394 - VALO360 - DEBUG - 自動保存已禁用，跳過配置保存
2025-07-31 14:28:36,401 - VALO360 - DEBUG - 自動保存已禁用，跳過配置保存
2025-07-31 14:28:36,401 - VALO360 - DEBUG - 自動保存已禁用，跳過配置保存
2025-07-31 14:28:36,401 - VALO360 - DEBUG - 自動保存已禁用，跳過配置保存
2025-07-31 14:28:36,401 - VALO360 - DEBUG - 自動保存已禁用，跳過配置保存
2025-07-31 14:28:36,401 - VALO360 - DEBUG - 自動保存已禁用，跳過配置保存
2025-07-31 14:28:36,401 - VALO360 - DEBUG - 自動保存已禁用，跳過配置保存
2025-07-31 14:28:36,404 - VALO360 - DEBUG - 自動保存已禁用，跳過配置保存
2025-07-31 14:28:36,404 - VALO360 - DEBUG - 自動保存已禁用，跳過配置保存
2025-07-31 14:28:36,404 - VALO360 - DEBUG - 自動保存已禁用，跳過配置保存
2025-07-31 14:28:36,404 - VALO360 - DEBUG - 自動保存已禁用，跳過配置保存
2025-07-31 14:28:36,406 - VALO360 - DEBUG - 自動保存已禁用，跳過配置保存
2025-07-31 14:28:36,406 - VALO360 - DEBUG - 自動保存已禁用，跳過配置保存
2025-07-31 14:28:36,406 - VALO360 - DEBUG - 自動保存已禁用，跳過配置保存
2025-07-31 14:28:36,406 - VALO360 - DEBUG - 自動保存已禁用，跳過配置保存
2025-07-31 14:28:36,408 - VALO360 - DEBUG - 自動保存已禁用，跳過配置保存
2025-07-31 14:28:36,408 - VALO360 - DEBUG - 自動保存已禁用，跳過配置保存
2025-07-31 14:28:36,408 - VALO360 - DEBUG - 自動保存已禁用，跳過配置保存
2025-07-31 14:28:36,408 - VALO360 - DEBUG - 自動保存已禁用，跳過配置保存
2025-07-31 14:28:36,408 - VALO360 - DEBUG - 自動保存已禁用，跳過配置保存
2025-07-31 14:28:36,411 - VALO360 - DEBUG - 自動保存已禁用，跳過配置保存
2025-07-31 14:28:36,412 - VALO360 - DEBUG - 自動保存已禁用，跳過配置保存
2025-07-31 14:28:36,412 - VALO360 - DEBUG - 自動保存已禁用，跳過配置保存
2025-07-31 14:28:36,412 - VALO360 - DEBUG - 自動保存已禁用，跳過配置保存
2025-07-31 14:28:36,412 - VALO360 - DEBUG - 自動保存已禁用，跳過配置保存
2025-07-31 14:28:36,412 - VALO360 - DEBUG - 自動保存已禁用，跳過配置保存
2025-07-31 14:28:36,412 - VALO360 - DEBUG - 自動保存已禁用，跳過配置保存
2025-07-31 14:28:36,415 - VALO360 - DEBUG - 自動保存已禁用，跳過配置保存
2025-07-31 14:28:36,415 - VALO360 - DEBUG - 自動保存已禁用，跳過配置保存
2025-07-31 14:28:36,415 - VALO360 - DEBUG - 自動保存已禁用，跳過配置保存
2025-07-31 14:28:36,415 - VALO360 - DEBUG - 自動保存已禁用，跳過配置保存
2025-07-31 14:28:36,417 - VALO360 - DEBUG - 自動保存已禁用，跳過配置保存
2025-07-31 14:28:36,417 - VALO360 - DEBUG - 自動保存已禁用，跳過配置保存
2025-07-31 14:28:36,418 - VALO360 - DEBUG - 自動保存已禁用，跳過配置保存
2025-07-31 14:28:36,418 - VALO360 - DEBUG - 自動保存已禁用，跳過配置保存
2025-07-31 14:28:36,418 - VALO360 - DEBUG - 自動保存已禁用，跳過配置保存
2025-07-31 14:28:36,418 - VALO360 - DEBUG - 自動保存已禁用，跳過配置保存
2025-07-31 14:28:36,418 - VALO360 - DEBUG - 自動保存已禁用，跳過配置保存
2025-07-31 14:28:36,418 - VALO360 - DEBUG - 自動保存已禁用，跳過配置保存
2025-07-31 14:28:36,422 - VALO360 - DEBUG - 自動保存已禁用，跳過配置保存
2025-07-31 14:28:36,422 - VALO360 - DEBUG - 自動保存已禁用，跳過配置保存
2025-07-31 14:28:36,422 - VALO360 - DEBUG - 自動保存已禁用，跳過配置保存
2025-07-31 14:28:36,422 - VALO360 - DEBUG - 自動保存已禁用，跳過配置保存
2025-07-31 14:28:36,424 - VALO360 - DEBUG - 自動保存已禁用，跳過配置保存
2025-07-31 14:28:36,424 - VALO360 - DEBUG - 自動保存已禁用，跳過配置保存
2025-07-31 14:28:36,424 - VALO360 - DEBUG - 自動保存已禁用，跳過配置保存
2025-07-31 14:28:36,424 - VALO360 - DEBUG - 自動保存已禁用，跳過配置保存
2025-07-31 14:28:36,426 - VALO360 - DEBUG - 自動保存已禁用，跳過配置保存
2025-07-31 14:28:36,426 - VALO360 - DEBUG - 自動保存已禁用，跳過配置保存
2025-07-31 14:28:36,426 - VALO360 - DEBUG - 自動保存已禁用，跳過配置保存
2025-07-31 14:28:36,427 - VALO360 - DEBUG - 自動保存已禁用，跳過配置保存
2025-07-31 14:28:36,427 - VALO360 - DEBUG - 自動保存已禁用，跳過配置保存
2025-07-31 14:28:36,427 - VALO360 - DEBUG - 自動保存已禁用，跳過配置保存
2025-07-31 14:28:36,427 - VALO360 - DEBUG - 自動保存已禁用，跳過配置保存
2025-07-31 14:28:36,427 - VALO360 - DEBUG - 自動保存已禁用，跳過配置保存
2025-07-31 14:28:36,427 - VALO360 - DEBUG - 自動保存已禁用，跳過配置保存
2025-07-31 14:28:36,427 - VALO360 - DEBUG - 自動保存已禁用，跳過配置保存
2025-07-31 14:28:36,427 - VALO360 - DEBUG - 自動保存已禁用，跳過配置保存
2025-07-31 14:28:36,427 - VALO360 - DEBUG - 自動保存已禁用，跳過配置保存
2025-07-31 14:28:36,427 - VALO360 - DEBUG - 自動保存已禁用，跳過配置保存
2025-07-31 14:28:36,427 - VALO360 - DEBUG - 自動保存已禁用，跳過配置保存
2025-07-31 14:28:36,427 - VALO360 - DEBUG - 自動保存已禁用，跳過配置保存
2025-07-31 14:28:36,427 - VALO360 - DEBUG - 自動保存已禁用，跳過配置保存
2025-07-31 14:28:36,434 - VALO360 - DEBUG - 自動保存已禁用，跳過配置保存
2025-07-31 14:28:36,434 - VALO360 - DEBUG - 自動保存已禁用，跳過配置保存
2025-07-31 14:28:36,434 - VALO360 - DEBUG - 自動保存已禁用，跳過配置保存
2025-07-31 14:28:36,436 - VALO360 - DEBUG - 自動保存已禁用，跳過配置保存
2025-07-31 14:28:36,436 - VALO360 - DEBUG - 自動保存已禁用，跳過配置保存
2025-07-31 14:28:36,436 - VALO360 - DEBUG - 自動保存已禁用，跳過配置保存
2025-07-31 14:28:36,436 - VALO360 - DEBUG - 自動保存已禁用，跳過配置保存
2025-07-31 14:28:36,436 - VALO360 - DEBUG - 自動保存已禁用，跳過配置保存
2025-07-31 14:28:36,439 - VALO360 - DEBUG - 自動保存已禁用，跳過配置保存
2025-07-31 14:28:36,439 - VALO360 - DEBUG - 自動保存已禁用，跳過配置保存
2025-07-31 14:28:36,439 - VALO360 - DEBUG - 自動保存已禁用，跳過配置保存
2025-07-31 14:28:36,439 - VALO360 - DEBUG - 自動保存已禁用，跳過配置保存
2025-07-31 14:28:36,441 - VALO360 - DEBUG - 自動保存已禁用，跳過配置保存
2025-07-31 14:28:36,441 - VALO360 - DEBUG - 自動保存已禁用，跳過配置保存
2025-07-31 14:28:36,441 - VALO360 - DEBUG - 自動保存已禁用，跳過配置保存
2025-07-31 14:28:36,441 - VALO360 - DEBUG - 自動保存已禁用，跳過配置保存
2025-07-31 14:28:36,444 - VALO360 - DEBUG - 自動保存已禁用，跳過配置保存
2025-07-31 14:28:36,444 - VALO360 - DEBUG - 自動保存已禁用，跳過配置保存
2025-07-31 14:28:36,444 - VALO360 - DEBUG - 自動保存已禁用，跳過配置保存
2025-07-31 14:28:36,446 - VALO360 - DEBUG - 自動保存已禁用，跳過配置保存
2025-07-31 14:28:36,446 - VALO360 - DEBUG - 自動保存已禁用，跳過配置保存
2025-07-31 14:28:36,446 - VALO360 - DEBUG - 自動保存已禁用，跳過配置保存
2025-07-31 14:28:36,448 - VALO360 - DEBUG - 自動保存已禁用，跳過配置保存
2025-07-31 14:28:36,448 - VALO360 - DEBUG - 自動保存已禁用，跳過配置保存
2025-07-31 14:28:36,448 - VALO360 - DEBUG - 自動保存已禁用，跳過配置保存
2025-07-31 14:28:36,450 - VALO360 - DEBUG - 自動保存已禁用，跳過配置保存
2025-07-31 14:28:36,451 - VALO360 - DEBUG - 自動保存已禁用，跳過配置保存
2025-07-31 14:28:36,451 - VALO360 - DEBUG - 自動保存已禁用，跳過配置保存
2025-07-31 14:28:36,451 - VALO360 - DEBUG - 自動保存已禁用，跳過配置保存
2025-07-31 14:28:36,451 - VALO360 - DEBUG - 自動保存已禁用，跳過配置保存
2025-07-31 14:28:36,451 - VALO360 - DEBUG - 自動保存已禁用，跳過配置保存
2025-07-31 14:28:36,451 - VALO360 - DEBUG - 自動保存已禁用，跳過配置保存
2025-07-31 14:28:36,454 - VALO360 - DEBUG - 自動保存已禁用，跳過配置保存
2025-07-31 14:28:36,454 - VALO360 - DEBUG - 自動保存已禁用，跳過配置保存
2025-07-31 14:28:36,454 - VALO360 - DEBUG - 自動保存已禁用，跳過配置保存
2025-07-31 14:28:36,454 - VALO360 - DEBUG - 自動保存已禁用，跳過配置保存
2025-07-31 14:28:36,457 - VALO360 - DEBUG - 自動保存已禁用，跳過配置保存
2025-07-31 14:28:36,457 - VALO360 - DEBUG - 自動保存已禁用，跳過配置保存
2025-07-31 14:28:36,457 - VALO360 - DEBUG - 自動保存已禁用，跳過配置保存
2025-07-31 14:28:36,457 - VALO360 - DEBUG - 自動保存已禁用，跳過配置保存
2025-07-31 14:28:36,459 - VALO360 - DEBUG - 自動保存已禁用，跳過配置保存
2025-07-31 14:28:36,459 - VALO360 - DEBUG - 自動保存已禁用，跳過配置保存
2025-07-31 14:28:36,459 - VALO360 - DEBUG - 自動保存已禁用，跳過配置保存
2025-07-31 14:28:36,461 - VALO360 - DEBUG - 自動保存已禁用，跳過配置保存
2025-07-31 14:28:36,461 - VALO360 - DEBUG - 自動保存已禁用，跳過配置保存
2025-07-31 14:28:36,461 - VALO360 - DEBUG - 自動保存已禁用，跳過配置保存
2025-07-31 14:28:36,462 - VALO360 - DEBUG - 自動保存已禁用，跳過配置保存
2025-07-31 14:28:36,462 - VALO360 - DEBUG - 自動保存已禁用，跳過配置保存
2025-07-31 14:28:36,463 - VALO360 - DEBUG - 自動保存已禁用，跳過配置保存
2025-07-31 14:28:36,463 - VALO360 - DEBUG - 自動保存已禁用，跳過配置保存
2025-07-31 14:28:36,463 - VALO360 - DEBUG - 自動保存已禁用，跳過配置保存
2025-07-31 14:28:36,463 - VALO360 - DEBUG - 自動保存已禁用，跳過配置保存
2025-07-31 14:28:36,465 - VALO360 - DEBUG - 自動保存已禁用，跳過配置保存
2025-07-31 14:28:36,465 - VALO360 - DEBUG - 自動保存已禁用，跳過配置保存
2025-07-31 14:28:36,465 - VALO360 - DEBUG - 自動保存已禁用，跳過配置保存
2025-07-31 14:28:36,465 - VALO360 - DEBUG - 自動保存已禁用，跳過配置保存
2025-07-31 14:28:36,467 - VALO360 - DEBUG - 自動保存已禁用，跳過配置保存
2025-07-31 14:28:36,467 - VALO360 - DEBUG - 自動保存已禁用，跳過配置保存
2025-07-31 14:28:36,468 - VALO360 - DEBUG - 自動保存已禁用，跳過配置保存
2025-07-31 14:28:36,468 - VALO360 - DEBUG - 自動保存已禁用，跳過配置保存
2025-07-31 14:28:36,468 - VALO360 - DEBUG - 自動保存已禁用，跳過配置保存
2025-07-31 14:28:36,468 - VALO360 - DEBUG - 自動保存已禁用，跳過配置保存
2025-07-31 14:28:36,468 - VALO360 - DEBUG - 自動保存已禁用，跳過配置保存
2025-07-31 14:28:36,468 - VALO360 - DEBUG - 自動保存已禁用，跳過配置保存
2025-07-31 14:28:36,472 - VALO360 - DEBUG - 自動保存已禁用，跳過配置保存
2025-07-31 14:28:36,472 - VALO360 - DEBUG - 自動保存已禁用，跳過配置保存
2025-07-31 14:28:36,472 - VALO360 - DEBUG - 自動保存已禁用，跳過配置保存
2025-07-31 14:28:36,472 - VALO360 - DEBUG - 自動保存已禁用，跳過配置保存
2025-07-31 14:28:36,474 - VALO360 - DEBUG - 自動保存已禁用，跳過配置保存
2025-07-31 14:28:36,474 - VALO360 - DEBUG - 自動保存已禁用，跳過配置保存
2025-07-31 14:28:36,474 - VALO360 - DEBUG - 自動保存已禁用，跳過配置保存
2025-07-31 14:28:36,476 - VALO360 - DEBUG - 自動保存已禁用，跳過配置保存
2025-07-31 14:28:36,476 - VALO360 - DEBUG - 自動保存已禁用，跳過配置保存
2025-07-31 14:28:36,476 - VALO360 - DEBUG - 自動保存已禁用，跳過配置保存
2025-07-31 14:28:36,477 - VALO360 - DEBUG - 自動保存已禁用，跳過配置保存
2025-07-31 14:28:36,477 - VALO360 - DEBUG - 自動保存已禁用，跳過配置保存
2025-07-31 14:28:36,478 - VALO360 - DEBUG - 自動保存已禁用，跳過配置保存
2025-07-31 14:28:36,478 - VALO360 - DEBUG - 自動保存已禁用，跳過配置保存
2025-07-31 14:28:36,478 - VALO360 - DEBUG - 自動保存已禁用，跳過配置保存
2025-07-31 14:28:36,478 - VALO360 - DEBUG - 自動保存已禁用，跳過配置保存
2025-07-31 14:28:36,478 - VALO360 - DEBUG - 自動保存已禁用，跳過配置保存
2025-07-31 14:28:36,478 - VALO360 - DEBUG - 自動保存已禁用，跳過配置保存
2025-07-31 14:28:36,478 - VALO360 - DEBUG - 自動保存已禁用，跳過配置保存
2025-07-31 14:28:36,478 - VALO360 - DEBUG - 自動保存已禁用，跳過配置保存
2025-07-31 14:28:36,483 - VALO360 - DEBUG - 自動保存已禁用，跳過配置保存
2025-07-31 14:28:36,483 - VALO360 - DEBUG - 自動保存已禁用，跳過配置保存
2025-07-31 14:28:36,484 - VALO360 - DEBUG - 自動保存已禁用，跳過配置保存
2025-07-31 14:28:36,484 - VALO360 - DEBUG - 自動保存已禁用，跳過配置保存
2025-07-31 14:28:36,484 - VALO360 - DEBUG - 自動保存已禁用，跳過配置保存
2025-07-31 14:28:36,484 - VALO360 - DEBUG - 自動保存已禁用，跳過配置保存
2025-07-31 14:28:36,484 - VALO360 - DEBUG - 自動保存已禁用，跳過配置保存
2025-07-31 14:28:36,484 - VALO360 - DEBUG - 自動保存已禁用，跳過配置保存
2025-07-31 14:28:36,487 - VALO360 - DEBUG - 自動保存已禁用，跳過配置保存
2025-07-31 14:28:36,487 - VALO360 - DEBUG - 自動保存已禁用，跳過配置保存
2025-07-31 14:28:36,487 - VALO360 - DEBUG - 自動保存已禁用，跳過配置保存
2025-07-31 14:28:36,487 - VALO360 - DEBUG - 自動保存已禁用，跳過配置保存
2025-07-31 14:28:36,490 - VALO360 - DEBUG - 自動保存已禁用，跳過配置保存
2025-07-31 14:28:36,490 - VALO360 - DEBUG - 自動保存已禁用，跳過配置保存
2025-07-31 14:28:36,490 - VALO360 - DEBUG - 自動保存已禁用，跳過配置保存
2025-07-31 14:28:36,490 - VALO360 - DEBUG - 自動保存已禁用，跳過配置保存
2025-07-31 14:28:36,492 - VALO360 - DEBUG - 自動保存已禁用，跳過配置保存
2025-07-31 14:28:36,492 - VALO360 - DEBUG - 自動保存已禁用，跳過配置保存
2025-07-31 14:28:36,492 - VALO360 - DEBUG - 自動保存已禁用，跳過配置保存
2025-07-31 14:28:36,492 - VALO360 - DEBUG - 自動保存已禁用，跳過配置保存
2025-07-31 14:28:36,494 - VALO360 - DEBUG - 自動保存已禁用，跳過配置保存
2025-07-31 14:28:36,494 - VALO360 - DEBUG - 自動保存已禁用，跳過配置保存
2025-07-31 14:28:36,495 - VALO360 - DEBUG - 自動保存已禁用，跳過配置保存
2025-07-31 14:28:36,495 - VALO360 - DEBUG - 自動保存已禁用，跳過配置保存
2025-07-31 14:28:36,495 - VALO360 - DEBUG - 自動保存已禁用，跳過配置保存
2025-07-31 14:28:36,495 - VALO360 - DEBUG - 自動保存已禁用，跳過配置保存
2025-07-31 14:28:36,495 - VALO360 - DEBUG - 自動保存已禁用，跳過配置保存
2025-07-31 14:28:36,495 - VALO360 - DEBUG - 自動保存已禁用，跳過配置保存
2025-07-31 14:28:36,495 - VALO360 - DEBUG - 自動保存已禁用，跳過配置保存
2025-07-31 14:28:36,495 - VALO360 - DEBUG - 自動保存已禁用，跳過配置保存
2025-07-31 14:28:36,495 - VALO360 - DEBUG - 自動保存已禁用，跳過配置保存
2025-07-31 14:28:36,495 - VALO360 - DEBUG - 自動保存已禁用，跳過配置保存
2025-07-31 14:28:36,495 - VALO360 - DEBUG - 自動保存已禁用，跳過配置保存
2025-07-31 14:28:36,501 - VALO360 - DEBUG - 自動保存已禁用，跳過配置保存
2025-07-31 14:28:36,501 - VALO360 - DEBUG - 自動保存已禁用，跳過配置保存
2025-07-31 14:28:36,501 - VALO360 - DEBUG - 自動保存已禁用，跳過配置保存
2025-07-31 14:28:36,501 - VALO360 - DEBUG - 自動保存已禁用，跳過配置保存
2025-07-31 14:28:36,501 - VALO360 - DEBUG - 自動保存已禁用，跳過配置保存
2025-07-31 14:28:36,501 - VALO360 - DEBUG - 自動保存已禁用，跳過配置保存
2025-07-31 14:28:36,501 - VALO360 - DEBUG - 自動保存已禁用，跳過配置保存
2025-07-31 14:28:36,505 - VALO360 - DEBUG - 自動保存已禁用，跳過配置保存
2025-07-31 14:28:36,505 - VALO360 - DEBUG - 自動保存已禁用，跳過配置保存
2025-07-31 14:28:36,505 - VALO360 - DEBUG - 自動保存已禁用，跳過配置保存
2025-07-31 14:28:36,505 - VALO360 - DEBUG - 自動保存已禁用，跳過配置保存
2025-07-31 14:28:36,507 - VALO360 - DEBUG - 自動保存已禁用，跳過配置保存
2025-07-31 14:28:36,507 - VALO360 - DEBUG - 自動保存已禁用，跳過配置保存
2025-07-31 14:28:36,507 - VALO360 - DEBUG - 自動保存已禁用，跳過配置保存
2025-07-31 14:28:36,507 - VALO360 - DEBUG - 自動保存已禁用，跳過配置保存
2025-07-31 14:28:36,509 - VALO360 - DEBUG - 自動保存已禁用，跳過配置保存
2025-07-31 14:28:36,509 - VALO360 - DEBUG - 自動保存已禁用，跳過配置保存
2025-07-31 14:28:36,509 - VALO360 - DEBUG - 自動保存已禁用，跳過配置保存
2025-07-31 14:28:36,511 - VALO360 - DEBUG - 自動保存已禁用，跳過配置保存
2025-07-31 14:28:36,511 - VALO360 - DEBUG - 自動保存已禁用，跳過配置保存
2025-07-31 14:28:36,511 - VALO360 - DEBUG - 自動保存已禁用，跳過配置保存
2025-07-31 14:28:36,512 - VALO360 - DEBUG - 自動保存已禁用，跳過配置保存
2025-07-31 14:28:36,512 - VALO360 - DEBUG - 自動保存已禁用，跳過配置保存
2025-07-31 14:28:36,513 - VALO360 - DEBUG - 自動保存已禁用，跳過配置保存
2025-07-31 14:28:36,513 - VALO360 - DEBUG - 自動保存已禁用，跳過配置保存
2025-07-31 14:28:36,513 - VALO360 - DEBUG - 自動保存已禁用，跳過配置保存
2025-07-31 14:28:36,513 - VALO360 - DEBUG - 自動保存已禁用，跳過配置保存
2025-07-31 14:28:36,515 - VALO360 - DEBUG - 自動保存已禁用，跳過配置保存
2025-07-31 14:28:36,515 - VALO360 - DEBUG - 自動保存已禁用，跳過配置保存
2025-07-31 14:28:36,515 - VALO360 - DEBUG - 自動保存已禁用，跳過配置保存
2025-07-31 14:28:36,517 - VALO360 - DEBUG - 自動保存已禁用，跳過配置保存
2025-07-31 14:28:36,518 - VALO360 - DEBUG - 自動保存已禁用，跳過配置保存
2025-07-31 14:28:36,518 - VALO360 - DEBUG - 自動保存已禁用，跳過配置保存
2025-07-31 14:28:36,518 - VALO360 - DEBUG - 自動保存已禁用，跳過配置保存
2025-07-31 14:28:36,518 - VALO360 - DEBUG - 自動保存已禁用，跳過配置保存
2025-07-31 14:28:36,518 - VALO360 - DEBUG - 自動保存已禁用，跳過配置保存
2025-07-31 14:28:36,518 - VALO360 - DEBUG - 自動保存已禁用，跳過配置保存
2025-07-31 14:28:36,518 - VALO360 - DEBUG - 自動保存已禁用，跳過配置保存
2025-07-31 14:28:36,518 - VALO360 - DEBUG - 自動保存已禁用，跳過配置保存
2025-07-31 14:28:36,523 - VALO360 - DEBUG - 自動保存已禁用，跳過配置保存
2025-07-31 14:28:36,523 - VALO360 - DEBUG - 自動保存已禁用，跳過配置保存
2025-07-31 14:28:36,523 - VALO360 - DEBUG - 自動保存已禁用，跳過配置保存
2025-07-31 14:28:36,523 - VALO360 - DEBUG - 自動保存已禁用，跳過配置保存
2025-07-31 14:28:36,524 - VALO360 - DEBUG - 自動保存已禁用，跳過配置保存
2025-07-31 14:28:36,524 - VALO360 - DEBUG - 自動保存已禁用，跳過配置保存
2025-07-31 14:28:36,524 - VALO360 - DEBUG - 自動保存已禁用，跳過配置保存
2025-07-31 14:28:36,527 - VALO360 - DEBUG - 自動保存已禁用，跳過配置保存
2025-07-31 14:28:36,527 - VALO360 - DEBUG - 自動保存已禁用，跳過配置保存
2025-07-31 14:28:36,527 - VALO360 - DEBUG - 自動保存已禁用，跳過配置保存
2025-07-31 14:28:36,527 - VALO360 - DEBUG - 自動保存已禁用，跳過配置保存
2025-07-31 14:28:36,529 - VALO360 - DEBUG - 自動保存已禁用，跳過配置保存
2025-07-31 14:28:36,529 - VALO360 - DEBUG - 自動保存已禁用，跳過配置保存
2025-07-31 14:28:36,529 - VALO360 - DEBUG - 自動保存已禁用，跳過配置保存
2025-07-31 14:28:36,529 - VALO360 - DEBUG - 自動保存已禁用，跳過配置保存
2025-07-31 14:28:36,531 - VALO360 - DEBUG - 自動保存已禁用，跳過配置保存
2025-07-31 14:28:36,531 - VALO360 - DEBUG - 自動保存已禁用，跳過配置保存
2025-07-31 14:28:36,531 - VALO360 - DEBUG - 自動保存已禁用，跳過配置保存
2025-07-31 14:28:36,531 - VALO360 - DEBUG - 自動保存已禁用，跳過配置保存
2025-07-31 14:28:36,531 - VALO360 - DEBUG - 自動保存已禁用，跳過配置保存
2025-07-31 14:28:36,531 - VALO360 - DEBUG - 自動保存已禁用，跳過配置保存
2025-07-31 14:28:36,534 - VALO360 - DEBUG - 自動保存已禁用，跳過配置保存
2025-07-31 14:28:36,534 - VALO360 - DEBUG - 自動保存已禁用，跳過配置保存
2025-07-31 14:28:36,534 - VALO360 - DEBUG - 自動保存已禁用，跳過配置保存
2025-07-31 14:28:36,534 - VALO360 - DEBUG - 自動保存已禁用，跳過配置保存
2025-07-31 14:28:36,534 - VALO360 - DEBUG - 自動保存已禁用，跳過配置保存
2025-07-31 14:28:36,534 - VALO360 - DEBUG - 自動保存已禁用，跳過配置保存
2025-07-31 14:28:36,534 - VALO360 - DEBUG - 自動保存已禁用，跳過配置保存
2025-07-31 14:28:36,534 - VALO360 - DEBUG - 自動保存已禁用，跳過配置保存
2025-07-31 14:28:36,534 - VALO360 - DEBUG - 自動保存已禁用，跳過配置保存
2025-07-31 14:28:36,534 - VALO360 - DEBUG - 自動保存已禁用，跳過配置保存
2025-07-31 14:28:36,534 - VALO360 - DEBUG - 自動保存已禁用，跳過配置保存
2025-07-31 14:28:36,534 - VALO360 - DEBUG - 自動保存已禁用，跳過配置保存
2025-07-31 14:28:36,534 - VALO360 - DEBUG - 自動保存已禁用，跳過配置保存
2025-07-31 14:28:36,534 - VALO360 - DEBUG - 自動保存已禁用，跳過配置保存
2025-07-31 14:28:36,534 - VALO360 - DEBUG - 自動保存已禁用，跳過配置保存
2025-07-31 14:28:36,534 - VALO360 - DEBUG - 自動保存已禁用，跳過配置保存
2025-07-31 14:28:36,534 - VALO360 - DEBUG - 自動保存已禁用，跳過配置保存
2025-07-31 14:28:36,544 - VALO360 - DEBUG - 自動保存已禁用，跳過配置保存
2025-07-31 14:28:36,544 - VALO360 - DEBUG - 自動保存已禁用，跳過配置保存
2025-07-31 14:28:36,544 - VALO360 - DEBUG - 自動保存已禁用，跳過配置保存
2025-07-31 14:28:36,544 - VALO360 - DEBUG - 自動保存已禁用，跳過配置保存
2025-07-31 14:28:36,544 - VALO360 - DEBUG - 自動保存已禁用，跳過配置保存
2025-07-31 14:28:36,544 - VALO360 - DEBUG - 自動保存已禁用，跳過配置保存
2025-07-31 14:28:36,544 - VALO360 - DEBUG - 自動保存已禁用，跳過配置保存
2025-07-31 14:28:36,544 - VALO360 - DEBUG - 自動保存已禁用，跳過配置保存
2025-07-31 14:28:36,544 - VALO360 - DEBUG - 自動保存已禁用，跳過配置保存
2025-07-31 14:28:36,544 - VALO360 - DEBUG - 自動保存已禁用，跳過配置保存
2025-07-31 14:28:36,544 - VALO360 - DEBUG - 自動保存已禁用，跳過配置保存
2025-07-31 14:28:36,544 - VALO360 - DEBUG - 自動保存已禁用，跳過配置保存
2025-07-31 14:28:36,551 - VALO360 - DEBUG - 自動保存已禁用，跳過配置保存
2025-07-31 14:28:36,551 - VALO360 - DEBUG - 自動保存已禁用，跳過配置保存
2025-07-31 14:28:36,551 - VALO360 - DEBUG - 自動保存已禁用，跳過配置保存
2025-07-31 14:28:36,551 - VALO360 - DEBUG - 自動保存已禁用，跳過配置保存
2025-07-31 14:28:36,554 - VALO360 - DEBUG - 自動保存已禁用，跳過配置保存
2025-07-31 14:28:36,554 - VALO360 - DEBUG - 自動保存已禁用，跳過配置保存
2025-07-31 14:28:36,554 - VALO360 - DEBUG - 自動保存已禁用，跳過配置保存
2025-07-31 14:28:36,554 - VALO360 - DEBUG - 自動保存已禁用，跳過配置保存
2025-07-31 14:28:36,554 - VALO360 - DEBUG - 自動保存已禁用，跳過配置保存
2025-07-31 14:28:36,554 - VALO360 - DEBUG - 自動保存已禁用，跳過配置保存
2025-07-31 14:28:36,554 - VALO360 - DEBUG - 自動保存已禁用，跳過配置保存
2025-07-31 14:28:36,554 - VALO360 - DEBUG - 自動保存已禁用，跳過配置保存
2025-07-31 14:28:36,622 - VALO360 - DEBUG - 自動保存已禁用，跳過配置保存
2025-07-31 14:28:36,622 - VALO360 - DEBUG - 自動保存已禁用，跳過配置保存
2025-07-31 14:28:36,622 - VALO360 - DEBUG - 自動保存已禁用，跳過配置保存
2025-07-31 14:28:36,622 - VALO360 - DEBUG - 自動保存已禁用，跳過配置保存
2025-07-31 14:28:36,622 - VALO360 - DEBUG - 自動保存已禁用，跳過配置保存
2025-07-31 14:28:36,631 - VALO360 - DEBUG - 自動保存已禁用，跳過配置保存
2025-07-31 14:28:36,631 - VALO360 - DEBUG - 自動保存已禁用，跳過配置保存
2025-07-31 14:28:36,631 - VALO360 - DEBUG - 自動保存已禁用，跳過配置保存
2025-07-31 14:28:36,635 - VALO360 - DEBUG - 自動保存已禁用，跳過配置保存
2025-07-31 14:28:36,635 - VALO360 - DEBUG - 自動保存已禁用，跳過配置保存
2025-07-31 14:28:36,636 - VALO360 - DEBUG - 自動保存已禁用，跳過配置保存
2025-07-31 14:28:36,636 - VALO360 - DEBUG - 自動保存已禁用，跳過配置保存
2025-07-31 14:28:36,642 - VALO360 - DEBUG - 自動保存已禁用，跳過配置保存
2025-07-31 14:28:36,642 - VALO360 - DEBUG - 自動保存已禁用，跳過配置保存
2025-07-31 14:28:36,642 - VALO360 - DEBUG - 自動保存已禁用，跳過配置保存
2025-07-31 14:28:36,642 - VALO360 - DEBUG - 自動保存已禁用，跳過配置保存
2025-07-31 14:28:36,642 - VALO360 - DEBUG - 自動保存已禁用，跳過配置保存
2025-07-31 14:28:36,642 - VALO360 - DEBUG - 自動保存已禁用，跳過配置保存
2025-07-31 14:28:36,642 - VALO360 - DEBUG - 自動保存已禁用，跳過配置保存
2025-07-31 14:28:36,649 - VALO360 - DEBUG - 自動保存已禁用，跳過配置保存
2025-07-31 14:28:36,654 - VALO360 - DEBUG - 自動保存已禁用，跳過配置保存
2025-07-31 14:28:36,654 - VALO360 - DEBUG - 自動保存已禁用，跳過配置保存
2025-07-31 14:28:36,655 - VALO360 - DEBUG - 自動保存已禁用，跳過配置保存
2025-07-31 14:28:36,655 - VALO360 - DEBUG - 自動保存已禁用，跳過配置保存
2025-07-31 14:28:36,660 - VALO360 - DEBUG - 自動保存已禁用，跳過配置保存
2025-07-31 14:28:36,661 - VALO360 - DEBUG - 自動保存已禁用，跳過配置保存
2025-07-31 14:28:36,662 - VALO360 - DEBUG - 自動保存已禁用，跳過配置保存
2025-07-31 14:28:36,663 - VALO360 - DEBUG - 自動保存已禁用，跳過配置保存
2025-07-31 14:28:36,664 - VALO360 - DEBUG - 自動保存已禁用，跳過配置保存
2025-07-31 14:28:36,664 - VALO360 - DEBUG - 自動保存已禁用，跳過配置保存
2025-07-31 14:28:36,664 - VALO360 - DEBUG - 自動保存已禁用，跳過配置保存
2025-07-31 14:28:36,665 - VALO360 - DEBUG - 自動保存已禁用，跳過配置保存
2025-07-31 14:28:36,686 - VALO360 - DEBUG - 自動保存已禁用，跳過配置保存
2025-07-31 14:28:36,686 - VALO360 - DEBUG - 自動保存已禁用，跳過配置保存
2025-07-31 14:28:36,687 - VALO360 - DEBUG - 自動保存已禁用，跳過配置保存
2025-07-31 14:28:36,687 - VALO360 - DEBUG - 自動保存已禁用，跳過配置保存
2025-07-31 14:28:36,695 - VALO360 - DEBUG - 自動保存已禁用，跳過配置保存
2025-07-31 14:28:36,696 - VALO360 - DEBUG - 自動保存已禁用，跳過配置保存
2025-07-31 14:28:36,697 - VALO360 - DEBUG - 自動保存已禁用，跳過配置保存
2025-07-31 14:28:36,697 - VALO360 - DEBUG - 自動保存已禁用，跳過配置保存
2025-07-31 14:28:36,700 - VALO360 - DEBUG - 自動保存已禁用，跳過配置保存
2025-07-31 14:28:36,701 - VALO360 - DEBUG - 自動保存已禁用，跳過配置保存
2025-07-31 14:28:36,701 - VALO360 - DEBUG - 自動保存已禁用，跳過配置保存
2025-07-31 14:28:36,701 - VALO360 - DEBUG - 自動保存已禁用，跳過配置保存
2025-07-31 14:28:36,705 - VALO360 - DEBUG - 自動保存已禁用，跳過配置保存
2025-07-31 14:28:36,707 - VALO360 - DEBUG - 自動保存已禁用，跳過配置保存
2025-07-31 14:28:36,708 - VALO360 - DEBUG - 自動保存已禁用，跳過配置保存
2025-07-31 14:28:36,708 - VALO360 - DEBUG - 自動保存已禁用，跳過配置保存
2025-07-31 14:28:36,708 - VALO360 - DEBUG - 自動保存已禁用，跳過配置保存
2025-07-31 14:28:36,711 - VALO360 - DEBUG - 自動保存已禁用，跳過配置保存
2025-07-31 14:28:36,711 - VALO360 - DEBUG - 自動保存已禁用，跳過配置保存
2025-07-31 14:28:36,712 - VALO360 - DEBUG - 自動保存已禁用，跳過配置保存
2025-07-31 14:28:36,716 - VALO360 - DEBUG - 自動保存已禁用，跳過配置保存
2025-07-31 14:28:36,717 - VALO360 - DEBUG - 自動保存已禁用，跳過配置保存
2025-07-31 14:28:36,717 - VALO360 - DEBUG - 自動保存已禁用，跳過配置保存
2025-07-31 14:28:36,718 - VALO360 - DEBUG - 自動保存已禁用，跳過配置保存
2025-07-31 14:28:36,738 - VALO360 - DEBUG - 自動保存已禁用，跳過配置保存
2025-07-31 14:28:36,738 - VALO360 - DEBUG - 自動保存已禁用，跳過配置保存
2025-07-31 14:28:36,738 - VALO360 - DEBUG - 自動保存已禁用，跳過配置保存
2025-07-31 14:28:36,739 - VALO360 - DEBUG - 自動保存已禁用，跳過配置保存
2025-07-31 14:28:36,760 - VALO360 - DEBUG - 自動保存已禁用，跳過配置保存
2025-07-31 14:28:36,760 - VALO360 - DEBUG - 自動保存已禁用，跳過配置保存
2025-07-31 14:28:36,760 - VALO360 - DEBUG - 自動保存已禁用，跳過配置保存
2025-07-31 14:28:36,763 - VALO360 - DEBUG - 自動保存已禁用，跳過配置保存
2025-07-31 14:28:36,770 - VALO360 - DEBUG - 自動保存已禁用，跳過配置保存
2025-07-31 14:28:36,771 - VALO360 - DEBUG - 自動保存已禁用，跳過配置保存
2025-07-31 14:28:36,771 - VALO360 - DEBUG - 自動保存已禁用，跳過配置保存
2025-07-31 14:28:36,771 - VALO360 - DEBUG - 自動保存已禁用，跳過配置保存
2025-07-31 14:28:36,775 - VALO360 - DEBUG - 自動保存已禁用，跳過配置保存
2025-07-31 14:28:36,776 - VALO360 - DEBUG - 自動保存已禁用，跳過配置保存
2025-07-31 14:28:36,776 - VALO360 - DEBUG - 自動保存已禁用，跳過配置保存
2025-07-31 14:28:36,776 - VALO360 - DEBUG - 自動保存已禁用，跳過配置保存
2025-07-31 14:28:36,784 - VALO360 - DEBUG - 自動保存已禁用，跳過配置保存
2025-07-31 14:28:36,784 - VALO360 - DEBUG - 自動保存已禁用，跳過配置保存
2025-07-31 14:28:36,785 - VALO360 - DEBUG - 自動保存已禁用，跳過配置保存
2025-07-31 14:28:36,785 - VALO360 - DEBUG - 自動保存已禁用，跳過配置保存
2025-07-31 14:28:36,790 - VALO360 - DEBUG - 自動保存已禁用，跳過配置保存
2025-07-31 14:28:36,790 - VALO360 - DEBUG - 自動保存已禁用，跳過配置保存
2025-07-31 14:28:36,791 - VALO360 - DEBUG - 自動保存已禁用，跳過配置保存
2025-07-31 14:28:36,791 - VALO360 - DEBUG - 自動保存已禁用，跳過配置保存
2025-07-31 14:28:36,795 - VALO360 - DEBUG - 自動保存已禁用，跳過配置保存
2025-07-31 14:28:36,796 - VALO360 - DEBUG - 自動保存已禁用，跳過配置保存
2025-07-31 14:28:36,797 - VALO360 - DEBUG - 自動保存已禁用，跳過配置保存
2025-07-31 14:28:36,797 - VALO360 - DEBUG - 自動保存已禁用，跳過配置保存
2025-07-31 14:28:36,804 - VALO360 - DEBUG - 自動保存已禁用，跳過配置保存
2025-07-31 14:28:36,804 - VALO360 - DEBUG - 自動保存已禁用，跳過配置保存
2025-07-31 14:28:36,804 - VALO360 - DEBUG - 自動保存已禁用，跳過配置保存
2025-07-31 14:28:36,805 - VALO360 - DEBUG - 自動保存已禁用，跳過配置保存
2025-07-31 14:28:36,807 - VALO360 - DEBUG - 自動保存已禁用，跳過配置保存
2025-07-31 14:28:36,808 - VALO360 - DEBUG - 自動保存已禁用，跳過配置保存
2025-07-31 14:28:36,808 - VALO360 - DEBUG - 自動保存已禁用，跳過配置保存
2025-07-31 14:28:36,808 - VALO360 - DEBUG - 自動保存已禁用，跳過配置保存
2025-07-31 14:28:36,810 - VALO360 - DEBUG - 自動保存已禁用，跳過配置保存
2025-07-31 14:28:36,811 - VALO360 - DEBUG - 自動保存已禁用，跳過配置保存
2025-07-31 14:28:36,812 - VALO360 - DEBUG - 自動保存已禁用，跳過配置保存
2025-07-31 14:28:36,812 - VALO360 - DEBUG - 自動保存已禁用，跳過配置保存
2025-07-31 14:28:36,821 - VALO360 - DEBUG - 自動保存已禁用，跳過配置保存
2025-07-31 14:28:36,822 - VALO360 - DEBUG - 自動保存已禁用，跳過配置保存
2025-07-31 14:28:36,822 - VALO360 - DEBUG - 自動保存已禁用，跳過配置保存
2025-07-31 14:28:36,823 - VALO360 - DEBUG - 自動保存已禁用，跳過配置保存
2025-07-31 14:28:36,829 - VALO360 - DEBUG - 自動保存已禁用，跳過配置保存
2025-07-31 14:28:36,830 - VALO360 - DEBUG - 自動保存已禁用，跳過配置保存
2025-07-31 14:28:36,830 - VALO360 - DEBUG - 自動保存已禁用，跳過配置保存
2025-07-31 14:28:36,830 - VALO360 - DEBUG - 自動保存已禁用，跳過配置保存
2025-07-31 14:28:36,836 - VALO360 - DEBUG - 自動保存已禁用，跳過配置保存
2025-07-31 14:28:36,837 - VALO360 - DEBUG - 自動保存已禁用，跳過配置保存
2025-07-31 14:28:36,837 - VALO360 - DEBUG - 自動保存已禁用，跳過配置保存
2025-07-31 14:28:36,837 - VALO360 - DEBUG - 自動保存已禁用，跳過配置保存
2025-07-31 14:28:36,841 - VALO360 - DEBUG - 自動保存已禁用，跳過配置保存
2025-07-31 14:28:36,841 - VALO360 - DEBUG - 自動保存已禁用，跳過配置保存
2025-07-31 14:28:36,842 - VALO360 - DEBUG - 自動保存已禁用，跳過配置保存
2025-07-31 14:28:36,842 - VALO360 - DEBUG - 自動保存已禁用，跳過配置保存
2025-07-31 14:28:36,848 - VALO360 - DEBUG - 自動保存已禁用，跳過配置保存
2025-07-31 14:28:36,849 - VALO360 - DEBUG - 自動保存已禁用，跳過配置保存
2025-07-31 14:28:36,850 - VALO360 - DEBUG - 自動保存已禁用，跳過配置保存
2025-07-31 14:28:36,850 - VALO360 - DEBUG - 自動保存已禁用，跳過配置保存
2025-07-31 14:28:36,853 - VALO360 - DEBUG - 自動保存已禁用，跳過配置保存
2025-07-31 14:28:36,853 - VALO360 - DEBUG - 自動保存已禁用，跳過配置保存
2025-07-31 14:28:36,853 - VALO360 - DEBUG - 自動保存已禁用，跳過配置保存
2025-07-31 14:28:36,853 - VALO360 - DEBUG - 自動保存已禁用，跳過配置保存
2025-07-31 14:28:36,865 - VALO360 - DEBUG - 自動保存已禁用，跳過配置保存
2025-07-31 14:28:36,865 - VALO360 - DEBUG - 自動保存已禁用，跳過配置保存
2025-07-31 14:28:36,865 - VALO360 - DEBUG - 自動保存已禁用，跳過配置保存
2025-07-31 14:28:36,867 - VALO360 - DEBUG - 自動保存已禁用，跳過配置保存
2025-07-31 14:28:36,869 - VALO360 - DEBUG - 自動保存已禁用，跳過配置保存
2025-07-31 14:28:36,870 - VALO360 - DEBUG - 自動保存已禁用，跳過配置保存
2025-07-31 14:28:36,870 - VALO360 - DEBUG - 自動保存已禁用，跳過配置保存
2025-07-31 14:28:36,870 - VALO360 - DEBUG - 自動保存已禁用，跳過配置保存
2025-07-31 14:28:36,875 - VALO360 - DEBUG - 自動保存已禁用，跳過配置保存
2025-07-31 14:28:36,875 - VALO360 - DEBUG - 自動保存已禁用，跳過配置保存
2025-07-31 14:28:36,875 - VALO360 - DEBUG - 自動保存已禁用，跳過配置保存
2025-07-31 14:28:36,877 - VALO360 - DEBUG - 自動保存已禁用，跳過配置保存
2025-07-31 14:28:36,879 - VALO360 - DEBUG - 自動保存已禁用，跳過配置保存
2025-07-31 14:28:36,881 - VALO360 - DEBUG - 自動保存已禁用，跳過配置保存
2025-07-31 14:28:36,881 - VALO360 - DEBUG - 自動保存已禁用，跳過配置保存
2025-07-31 14:28:36,881 - VALO360 - DEBUG - 自動保存已禁用，跳過配置保存
2025-07-31 14:28:36,884 - VALO360 - DEBUG - 自動保存已禁用，跳過配置保存
2025-07-31 14:28:36,884 - VALO360 - DEBUG - 自動保存已禁用，跳過配置保存
2025-07-31 14:28:36,885 - VALO360 - DEBUG - 自動保存已禁用，跳過配置保存
2025-07-31 14:28:36,885 - VALO360 - DEBUG - 自動保存已禁用，跳過配置保存
2025-07-31 14:28:36,890 - VALO360 - DEBUG - 自動保存已禁用，跳過配置保存
2025-07-31 14:28:36,890 - VALO360 - DEBUG - 自動保存已禁用，跳過配置保存
2025-07-31 14:28:36,892 - VALO360 - DEBUG - 自動保存已禁用，跳過配置保存
2025-07-31 14:28:36,892 - VALO360 - DEBUG - 自動保存已禁用，跳過配置保存
2025-07-31 14:28:36,950 - VALO360 - DEBUG - 自動保存已禁用，跳過配置保存
2025-07-31 14:28:36,951 - VALO360 - DEBUG - 自動保存已禁用，跳過配置保存
2025-07-31 14:28:36,951 - VALO360 - DEBUG - 自動保存已禁用，跳過配置保存
2025-07-31 14:28:36,952 - VALO360 - DEBUG - 自動保存已禁用，跳過配置保存
2025-07-31 14:28:36,954 - VALO360 - DEBUG - 自動保存已禁用，跳過配置保存
2025-07-31 14:28:36,954 - VALO360 - DEBUG - 自動保存已禁用，跳過配置保存
2025-07-31 14:28:36,954 - VALO360 - DEBUG - 自動保存已禁用，跳過配置保存
2025-07-31 14:28:36,955 - VALO360 - DEBUG - 自動保存已禁用，跳過配置保存
2025-07-31 14:28:36,956 - VALO360 - DEBUG - 自動保存已禁用，跳過配置保存
2025-07-31 14:28:36,956 - VALO360 - DEBUG - 自動保存已禁用，跳過配置保存
2025-07-31 14:28:36,957 - VALO360 - DEBUG - 自動保存已禁用，跳過配置保存
2025-07-31 14:28:36,957 - VALO360 - DEBUG - 自動保存已禁用，跳過配置保存
2025-07-31 14:28:36,958 - VALO360 - DEBUG - 自動保存已禁用，跳過配置保存
2025-07-31 14:28:36,958 - VALO360 - DEBUG - 自動保存已禁用，跳過配置保存
2025-07-31 14:28:36,958 - VALO360 - DEBUG - 自動保存已禁用，跳過配置保存
2025-07-31 14:28:36,959 - VALO360 - DEBUG - 自動保存已禁用，跳過配置保存
2025-07-31 14:28:36,960 - VALO360 - DEBUG - 自動保存已禁用，跳過配置保存
2025-07-31 14:28:36,961 - VALO360 - DEBUG - 自動保存已禁用，跳過配置保存
2025-07-31 14:28:36,961 - VALO360 - DEBUG - 自動保存已禁用，跳過配置保存
2025-07-31 14:28:36,963 - VALO360 - DEBUG - 自動保存已禁用，跳過配置保存
2025-07-31 14:28:36,966 - VALO360 - DEBUG - 自動保存已禁用，跳過配置保存
2025-07-31 14:28:36,966 - VALO360 - DEBUG - 自動保存已禁用，跳過配置保存
2025-07-31 14:28:36,967 - VALO360 - DEBUG - 自動保存已禁用，跳過配置保存
2025-07-31 14:28:36,967 - VALO360 - DEBUG - 自動保存已禁用，跳過配置保存
2025-07-31 14:28:36,968 - VALO360 - DEBUG - 自動保存已禁用，跳過配置保存
2025-07-31 14:28:36,969 - VALO360 - DEBUG - 自動保存已禁用，跳過配置保存
2025-07-31 14:28:36,969 - VALO360 - DEBUG - 自動保存已禁用，跳過配置保存
2025-07-31 14:28:36,969 - VALO360 - DEBUG - 自動保存已禁用，跳過配置保存
2025-07-31 14:28:36,975 - VALO360 - DEBUG - 自動保存已禁用，跳過配置保存
2025-07-31 14:28:36,976 - VALO360 - DEBUG - 自動保存已禁用，跳過配置保存
2025-07-31 14:28:36,977 - VALO360 - DEBUG - 自動保存已禁用，跳過配置保存
2025-07-31 14:28:36,977 - VALO360 - DEBUG - 自動保存已禁用，跳過配置保存
2025-07-31 14:28:36,981 - VALO360 - DEBUG - 自動保存已禁用，跳過配置保存
2025-07-31 14:28:36,982 - VALO360 - DEBUG - 自動保存已禁用，跳過配置保存
2025-07-31 14:28:36,982 - VALO360 - DEBUG - 自動保存已禁用，跳過配置保存
2025-07-31 14:28:36,983 - VALO360 - DEBUG - 自動保存已禁用，跳過配置保存
2025-07-31 14:28:36,986 - VALO360 - DEBUG - 自動保存已禁用，跳過配置保存
2025-07-31 14:28:36,986 - VALO360 - DEBUG - 自動保存已禁用，跳過配置保存
2025-07-31 14:28:36,987 - VALO360 - DEBUG - 自動保存已禁用，跳過配置保存
2025-07-31 14:28:36,987 - VALO360 - DEBUG - 自動保存已禁用，跳過配置保存
2025-07-31 14:28:36,993 - VALO360 - DEBUG - 自動保存已禁用，跳過配置保存
2025-07-31 14:28:36,994 - VALO360 - DEBUG - 自動保存已禁用，跳過配置保存
2025-07-31 14:28:36,994 - VALO360 - DEBUG - 自動保存已禁用，跳過配置保存
2025-07-31 14:28:36,995 - VALO360 - DEBUG - 自動保存已禁用，跳過配置保存
2025-07-31 14:28:36,998 - VALO360 - DEBUG - 自動保存已禁用，跳過配置保存
2025-07-31 14:28:36,998 - VALO360 - DEBUG - 自動保存已禁用，跳過配置保存
2025-07-31 14:28:36,999 - VALO360 - DEBUG - 自動保存已禁用，跳過配置保存
2025-07-31 14:28:36,999 - VALO360 - DEBUG - 自動保存已禁用，跳過配置保存
2025-07-31 14:28:37,004 - VALO360 - DEBUG - 自動保存已禁用，跳過配置保存
2025-07-31 14:28:37,004 - VALO360 - DEBUG - 自動保存已禁用，跳過配置保存
2025-07-31 14:28:37,005 - VALO360 - DEBUG - 自動保存已禁用，跳過配置保存
2025-07-31 14:28:37,005 - VALO360 - DEBUG - 自動保存已禁用，跳過配置保存
2025-07-31 14:28:37,007 - VALO360 - DEBUG - 自動保存已禁用，跳過配置保存
2025-07-31 14:28:37,007 - VALO360 - DEBUG - 自動保存已禁用，跳過配置保存
2025-07-31 14:28:37,007 - VALO360 - DEBUG - 自動保存已禁用，跳過配置保存
2025-07-31 14:28:37,007 - VALO360 - DEBUG - 自動保存已禁用，跳過配置保存
2025-07-31 14:28:37,015 - VALO360 - DEBUG - 自動保存已禁用，跳過配置保存
2025-07-31 14:28:37,015 - VALO360 - DEBUG - 自動保存已禁用，跳過配置保存
2025-07-31 14:28:37,015 - VALO360 - DEBUG - 自動保存已禁用，跳過配置保存
2025-07-31 14:28:37,015 - VALO360 - DEBUG - 自動保存已禁用，跳過配置保存
2025-07-31 14:28:37,019 - VALO360 - DEBUG - 自動保存已禁用，跳過配置保存
2025-07-31 14:28:37,019 - VALO360 - DEBUG - 自動保存已禁用，跳過配置保存
2025-07-31 14:28:37,020 - VALO360 - DEBUG - 自動保存已禁用，跳過配置保存
2025-07-31 14:28:37,020 - VALO360 - DEBUG - 自動保存已禁用，跳過配置保存
2025-07-31 14:28:37,022 - VALO360 - DEBUG - 自動保存已禁用，跳過配置保存
2025-07-31 14:28:37,022 - VALO360 - DEBUG - 自動保存已禁用，跳過配置保存
2025-07-31 14:28:37,022 - VALO360 - DEBUG - 自動保存已禁用，跳過配置保存
2025-07-31 14:28:37,022 - VALO360 - DEBUG - 自動保存已禁用，跳過配置保存
2025-07-31 14:28:37,026 - VALO360 - DEBUG - 自動保存已禁用，跳過配置保存
2025-07-31 14:28:37,026 - VALO360 - DEBUG - 自動保存已禁用，跳過配置保存
2025-07-31 14:28:37,026 - VALO360 - DEBUG - 自動保存已禁用，跳過配置保存
2025-07-31 14:28:37,028 - VALO360 - DEBUG - 自動保存已禁用，跳過配置保存
2025-07-31 14:28:37,030 - VALO360 - DEBUG - 自動保存已禁用，跳過配置保存
2025-07-31 14:28:37,030 - VALO360 - DEBUG - 自動保存已禁用，跳過配置保存
2025-07-31 14:28:37,030 - VALO360 - DEBUG - 自動保存已禁用，跳過配置保存
2025-07-31 14:28:37,030 - VALO360 - DEBUG - 自動保存已禁用，跳過配置保存
2025-07-31 14:28:37,033 - VALO360 - DEBUG - 自動保存已禁用，跳過配置保存
2025-07-31 14:28:37,034 - VALO360 - DEBUG - 自動保存已禁用，跳過配置保存
2025-07-31 14:28:37,034 - VALO360 - DEBUG - 自動保存已禁用，跳過配置保存
2025-07-31 14:28:37,034 - VALO360 - DEBUG - 自動保存已禁用，跳過配置保存
2025-07-31 14:28:37,035 - VALO360 - DEBUG - 自動保存已禁用，跳過配置保存
2025-07-31 14:28:37,036 - VALO360 - DEBUG - 自動保存已禁用，跳過配置保存
2025-07-31 14:28:37,036 - VALO360 - DEBUG - 自動保存已禁用，跳過配置保存
2025-07-31 14:28:37,036 - VALO360 - DEBUG - 自動保存已禁用，跳過配置保存
2025-07-31 14:28:37,037 - VALO360 - DEBUG - 自動保存已禁用，跳過配置保存
2025-07-31 14:28:37,038 - VALO360 - DEBUG - 自動保存已禁用，跳過配置保存
2025-07-31 14:28:37,038 - VALO360 - DEBUG - 自動保存已禁用，跳過配置保存
2025-07-31 14:28:37,039 - VALO360 - DEBUG - 自動保存已禁用，跳過配置保存
2025-07-31 14:28:37,039 - VALO360 - DEBUG - 自動保存已禁用，跳過配置保存
2025-07-31 14:28:37,039 - VALO360 - DEBUG - 自動保存已禁用，跳過配置保存
2025-07-31 14:28:37,039 - VALO360 - DEBUG - 自動保存已禁用，跳過配置保存
2025-07-31 14:28:37,039 - VALO360 - DEBUG - 自動保存已禁用，跳過配置保存
2025-07-31 14:28:37,039 - VALO360 - DEBUG - 自動保存已禁用，跳過配置保存
2025-07-31 14:28:37,042 - VALO360 - DEBUG - 自動保存已禁用，跳過配置保存
2025-07-31 14:28:37,042 - VALO360 - DEBUG - 自動保存已禁用，跳過配置保存
2025-07-31 14:28:37,042 - VALO360 - DEBUG - 自動保存已禁用，跳過配置保存
2025-07-31 14:28:37,044 - VALO360 - DEBUG - 自動保存已禁用，跳過配置保存
2025-07-31 14:28:37,044 - VALO360 - DEBUG - 自動保存已禁用，跳過配置保存
2025-07-31 14:28:37,046 - VALO360 - DEBUG - 自動保存已禁用，跳過配置保存
2025-07-31 14:28:37,046 - VALO360 - DEBUG - 自動保存已禁用，跳過配置保存
2025-07-31 14:28:37,046 - VALO360 - DEBUG - 自動保存已禁用，跳過配置保存
2025-07-31 14:28:37,048 - VALO360 - DEBUG - 自動保存已禁用，跳過配置保存
2025-07-31 14:28:37,048 - VALO360 - DEBUG - 自動保存已禁用，跳過配置保存
2025-07-31 14:28:37,048 - VALO360 - DEBUG - 自動保存已禁用，跳過配置保存
2025-07-31 14:28:37,048 - VALO360 - DEBUG - 自動保存已禁用，跳過配置保存
2025-07-31 14:28:37,050 - VALO360 - DEBUG - 自動保存已禁用，跳過配置保存
2025-07-31 14:28:37,050 - VALO360 - DEBUG - 自動保存已禁用，跳過配置保存
2025-07-31 14:28:37,050 - VALO360 - DEBUG - 自動保存已禁用，跳過配置保存
2025-07-31 14:28:37,054 - VALO360 - DEBUG - 自動保存已禁用，跳過配置保存
2025-07-31 14:28:37,054 - VALO360 - DEBUG - 自動保存已禁用，跳過配置保存
2025-07-31 14:28:37,054 - VALO360 - DEBUG - 自動保存已禁用，跳過配置保存
2025-07-31 14:28:37,057 - VALO360 - DEBUG - 自動保存已禁用，跳過配置保存
2025-07-31 14:28:37,057 - VALO360 - DEBUG - 自動保存已禁用，跳過配置保存
2025-07-31 14:28:37,057 - VALO360 - DEBUG - 自動保存已禁用，跳過配置保存
2025-07-31 14:28:37,057 - VALO360 - DEBUG - 自動保存已禁用，跳過配置保存
2025-07-31 14:28:37,057 - VALO360 - DEBUG - 自動保存已禁用，跳過配置保存
2025-07-31 14:28:37,062 - VALO360 - DEBUG - 自動保存已禁用，跳過配置保存
2025-07-31 14:28:37,063 - VALO360 - DEBUG - 自動保存已禁用，跳過配置保存
2025-07-31 14:28:37,063 - VALO360 - DEBUG - 自動保存已禁用，跳過配置保存
2025-07-31 14:28:37,063 - VALO360 - DEBUG - 自動保存已禁用，跳過配置保存
2025-07-31 14:28:37,063 - VALO360 - DEBUG - 自動保存已禁用，跳過配置保存
2025-07-31 14:28:37,063 - VALO360 - DEBUG - 自動保存已禁用，跳過配置保存
2025-07-31 14:28:37,063 - VALO360 - DEBUG - 自動保存已禁用，跳過配置保存
2025-07-31 14:28:37,063 - VALO360 - DEBUG - 自動保存已禁用，跳過配置保存
2025-07-31 14:28:37,068 - VALO360 - DEBUG - 自動保存已禁用，跳過配置保存
2025-07-31 14:28:37,068 - VALO360 - DEBUG - 自動保存已禁用，跳過配置保存
2025-07-31 14:28:37,068 - VALO360 - DEBUG - 自動保存已禁用，跳過配置保存
2025-07-31 14:28:37,069 - VALO360 - DEBUG - 自動保存已禁用，跳過配置保存
2025-07-31 14:28:37,070 - VALO360 - DEBUG - 自動保存已禁用，跳過配置保存
2025-07-31 14:28:37,070 - VALO360 - DEBUG - 自動保存已禁用，跳過配置保存
2025-07-31 14:28:37,070 - VALO360 - DEBUG - 自動保存已禁用，跳過配置保存
2025-07-31 14:28:37,073 - VALO360 - DEBUG - 自動保存已禁用，跳過配置保存
2025-07-31 14:28:37,075 - VALO360 - DEBUG - 自動保存已禁用，跳過配置保存
2025-07-31 14:28:37,075 - VALO360 - DEBUG - 自動保存已禁用，跳過配置保存
2025-07-31 14:28:37,075 - VALO360 - DEBUG - 自動保存已禁用，跳過配置保存
2025-07-31 14:28:37,075 - VALO360 - DEBUG - 自動保存已禁用，跳過配置保存
2025-07-31 14:28:37,075 - VALO360 - DEBUG - 自動保存已禁用，跳過配置保存
2025-07-31 14:28:37,078 - VALO360 - DEBUG - 自動保存已禁用，跳過配置保存
2025-07-31 14:28:37,078 - VALO360 - DEBUG - 自動保存已禁用，跳過配置保存
2025-07-31 14:28:37,078 - VALO360 - DEBUG - 自動保存已禁用，跳過配置保存
2025-07-31 14:28:37,080 - VALO360 - DEBUG - 自動保存已禁用，跳過配置保存
2025-07-31 14:28:37,080 - VALO360 - DEBUG - 自動保存已禁用，跳過配置保存
2025-07-31 14:28:37,080 - VALO360 - DEBUG - 自動保存已禁用，跳過配置保存
2025-07-31 14:28:37,080 - VALO360 - DEBUG - 自動保存已禁用，跳過配置保存
2025-07-31 14:28:37,099 - VALO360 - DEBUG - 自動保存已禁用，跳過配置保存
2025-07-31 14:28:37,099 - VALO360 - DEBUG - 自動保存已禁用，跳過配置保存
2025-07-31 14:28:37,099 - VALO360 - DEBUG - 自動保存已禁用，跳過配置保存
2025-07-31 14:28:37,101 - VALO360 - DEBUG - 自動保存已禁用，跳過配置保存
2025-07-31 14:28:37,105 - VALO360 - DEBUG - 自動保存已禁用，跳過配置保存
2025-07-31 14:28:37,105 - VALO360 - DEBUG - 自動保存已禁用，跳過配置保存
2025-07-31 14:28:37,105 - VALO360 - DEBUG - 自動保存已禁用，跳過配置保存
2025-07-31 14:28:37,105 - VALO360 - DEBUG - 自動保存已禁用，跳過配置保存
2025-07-31 14:28:37,113 - VALO360 - DEBUG - 自動保存已禁用，跳過配置保存
2025-07-31 14:28:37,113 - VALO360 - DEBUG - 自動保存已禁用，跳過配置保存
2025-07-31 14:28:37,113 - VALO360 - DEBUG - 自動保存已禁用，跳過配置保存
2025-07-31 14:28:37,113 - VALO360 - DEBUG - 自動保存已禁用，跳過配置保存
2025-07-31 14:28:37,115 - VALO360 - DEBUG - 自動保存已禁用，跳過配置保存
2025-07-31 14:28:37,117 - VALO360 - DEBUG - 自動保存已禁用，跳過配置保存
2025-07-31 14:28:37,117 - VALO360 - DEBUG - 自動保存已禁用，跳過配置保存
2025-07-31 14:28:37,117 - VALO360 - DEBUG - 自動保存已禁用，跳過配置保存
2025-07-31 14:28:37,119 - VALO360 - DEBUG - 自動保存已禁用，跳過配置保存
2025-07-31 14:28:37,119 - VALO360 - DEBUG - 自動保存已禁用，跳過配置保存
2025-07-31 14:28:37,120 - VALO360 - DEBUG - 自動保存已禁用，跳過配置保存
2025-07-31 14:28:37,120 - VALO360 - DEBUG - 自動保存已禁用，跳過配置保存
2025-07-31 14:28:37,121 - VALO360 - DEBUG - 自動保存已禁用，跳過配置保存
2025-07-31 14:28:37,121 - VALO360 - DEBUG - 自動保存已禁用，跳過配置保存
2025-07-31 14:28:37,122 - VALO360 - DEBUG - 自動保存已禁用，跳過配置保存
2025-07-31 14:28:37,122 - VALO360 - DEBUG - 自動保存已禁用，跳過配置保存
2025-07-31 14:28:37,122 - VALO360 - DEBUG - 自動保存已禁用，跳過配置保存
2025-07-31 14:28:37,126 - VALO360 - DEBUG - 自動保存已禁用，跳過配置保存
2025-07-31 14:28:37,126 - VALO360 - DEBUG - 自動保存已禁用，跳過配置保存
2025-07-31 14:28:37,126 - VALO360 - DEBUG - 自動保存已禁用，跳過配置保存
2025-07-31 14:28:37,126 - VALO360 - DEBUG - 自動保存已禁用，跳過配置保存
2025-07-31 14:28:37,126 - VALO360 - DEBUG - 自動保存已禁用，跳過配置保存
2025-07-31 14:28:37,126 - VALO360 - DEBUG - 自動保存已禁用，跳過配置保存
2025-07-31 14:28:37,126 - VALO360 - DEBUG - 自動保存已禁用，跳過配置保存
2025-07-31 14:28:37,126 - VALO360 - DEBUG - 自動保存已禁用，跳過配置保存
2025-07-31 14:28:37,126 - VALO360 - DEBUG - 自動保存已禁用，跳過配置保存
2025-07-31 14:28:37,126 - VALO360 - DEBUG - 自動保存已禁用，跳過配置保存
2025-07-31 14:28:37,126 - VALO360 - DEBUG - 自動保存已禁用，跳過配置保存
2025-07-31 14:28:37,133 - VALO360 - DEBUG - 自動保存已禁用，跳過配置保存
2025-07-31 14:28:37,133 - VALO360 - DEBUG - 自動保存已禁用，跳過配置保存
2025-07-31 14:28:37,133 - VALO360 - DEBUG - 自動保存已禁用，跳過配置保存
2025-07-31 14:28:37,133 - VALO360 - DEBUG - 自動保存已禁用，跳過配置保存
2025-07-31 14:28:37,134 - VALO360 - DEBUG - 自動保存已禁用，跳過配置保存
2025-07-31 14:28:37,135 - VALO360 - DEBUG - 自動保存已禁用，跳過配置保存
2025-07-31 14:28:37,135 - VALO360 - DEBUG - 自動保存已禁用，跳過配置保存
2025-07-31 14:28:37,135 - VALO360 - DEBUG - 自動保存已禁用，跳過配置保存
2025-07-31 14:28:37,136 - VALO360 - DEBUG - 自動保存已禁用，跳過配置保存
2025-07-31 14:28:37,136 - VALO360 - DEBUG - 自動保存已禁用，跳過配置保存
2025-07-31 14:28:37,136 - VALO360 - DEBUG - 自動保存已禁用，跳過配置保存
2025-07-31 14:28:37,137 - VALO360 - DEBUG - 自動保存已禁用，跳過配置保存
2025-07-31 14:28:37,138 - VALO360 - DEBUG - 自動保存已禁用，跳過配置保存
2025-07-31 14:28:37,138 - VALO360 - DEBUG - 自動保存已禁用，跳過配置保存
2025-07-31 14:28:37,139 - VALO360 - DEBUG - 自動保存已禁用，跳過配置保存
2025-07-31 14:28:37,139 - VALO360 - DEBUG - 自動保存已禁用，跳過配置保存
2025-07-31 14:28:37,141 - VALO360 - DEBUG - 自動保存已禁用，跳過配置保存
2025-07-31 14:28:37,141 - VALO360 - DEBUG - 自動保存已禁用，跳過配置保存
2025-07-31 14:28:37,141 - VALO360 - DEBUG - 自動保存已禁用，跳過配置保存
2025-07-31 14:28:37,141 - VALO360 - DEBUG - 自動保存已禁用，跳過配置保存
2025-07-31 14:28:37,141 - VALO360 - DEBUG - 自動保存已禁用，跳過配置保存
2025-07-31 14:28:37,141 - VALO360 - DEBUG - 自動保存已禁用，跳過配置保存
2025-07-31 14:28:37,144 - VALO360 - DEBUG - 自動保存已禁用，跳過配置保存
2025-07-31 14:28:37,144 - VALO360 - DEBUG - 自動保存已禁用，跳過配置保存
2025-07-31 14:28:37,144 - VALO360 - DEBUG - 自動保存已禁用，跳過配置保存
2025-07-31 14:28:37,144 - VALO360 - DEBUG - 自動保存已禁用，跳過配置保存
2025-07-31 14:28:37,146 - VALO360 - DEBUG - 自動保存已禁用，跳過配置保存
2025-07-31 14:28:37,146 - VALO360 - DEBUG - 自動保存已禁用，跳過配置保存
2025-07-31 14:28:37,146 - VALO360 - DEBUG - 自動保存已禁用，跳過配置保存
2025-07-31 14:28:37,146 - VALO360 - DEBUG - 自動保存已禁用，跳過配置保存
2025-07-31 14:28:37,149 - VALO360 - DEBUG - 自動保存已禁用，跳過配置保存
2025-07-31 14:28:37,149 - VALO360 - DEBUG - 自動保存已禁用，跳過配置保存
2025-07-31 14:28:37,149 - VALO360 - DEBUG - 自動保存已禁用，跳過配置保存
2025-07-31 14:28:37,149 - VALO360 - DEBUG - 自動保存已禁用，跳過配置保存
2025-07-31 14:28:37,151 - VALO360 - DEBUG - 自動保存已禁用，跳過配置保存
2025-07-31 14:28:37,151 - VALO360 - DEBUG - 自動保存已禁用，跳過配置保存
2025-07-31 14:28:37,152 - VALO360 - DEBUG - 自動保存已禁用，跳過配置保存
2025-07-31 14:28:37,152 - VALO360 - DEBUG - 自動保存已禁用，跳過配置保存
2025-07-31 14:28:37,153 - VALO360 - DEBUG - 自動保存已禁用，跳過配置保存
2025-07-31 14:28:37,153 - VALO360 - DEBUG - 自動保存已禁用，跳過配置保存
2025-07-31 14:28:37,154 - VALO360 - DEBUG - 自動保存已禁用，跳過配置保存
2025-07-31 14:28:37,154 - VALO360 - DEBUG - 自動保存已禁用，跳過配置保存
2025-07-31 14:28:37,155 - VALO360 - DEBUG - 自動保存已禁用，跳過配置保存
2025-07-31 14:28:37,155 - VALO360 - DEBUG - 自動保存已禁用，跳過配置保存
2025-07-31 14:28:37,155 - VALO360 - DEBUG - 自動保存已禁用，跳過配置保存
2025-07-31 14:28:37,155 - VALO360 - DEBUG - 自動保存已禁用，跳過配置保存
2025-07-31 14:28:37,155 - VALO360 - DEBUG - 自動保存已禁用，跳過配置保存
2025-07-31 14:28:37,155 - VALO360 - DEBUG - 自動保存已禁用，跳過配置保存
2025-07-31 14:28:37,155 - VALO360 - DEBUG - 自動保存已禁用，跳過配置保存
2025-07-31 14:28:37,155 - VALO360 - DEBUG - 自動保存已禁用，跳過配置保存
2025-07-31 14:28:37,159 - VALO360 - DEBUG - 自動保存已禁用，跳過配置保存
2025-07-31 14:28:37,159 - VALO360 - DEBUG - 自動保存已禁用，跳過配置保存
2025-07-31 14:28:37,159 - VALO360 - DEBUG - 自動保存已禁用，跳過配置保存
2025-07-31 14:28:37,162 - VALO360 - DEBUG - 自動保存已禁用，跳過配置保存
2025-07-31 14:28:37,162 - VALO360 - DEBUG - 自動保存已禁用，跳過配置保存
2025-07-31 14:28:37,162 - VALO360 - DEBUG - 自動保存已禁用，跳過配置保存
2025-07-31 14:28:37,162 - VALO360 - DEBUG - 自動保存已禁用，跳過配置保存
2025-07-31 14:28:37,162 - VALO360 - DEBUG - 自動保存已禁用，跳過配置保存
2025-07-31 14:28:37,162 - VALO360 - DEBUG - 自動保存已禁用，跳過配置保存
2025-07-31 14:28:37,164 - VALO360 - DEBUG - 自動保存已禁用，跳過配置保存
2025-07-31 14:28:37,165 - VALO360 - DEBUG - 自動保存已禁用，跳過配置保存
2025-07-31 14:28:37,165 - VALO360 - DEBUG - 自動保存已禁用，跳過配置保存
2025-07-31 14:28:37,166 - VALO360 - DEBUG - 自動保存已禁用，跳過配置保存
2025-07-31 14:28:37,166 - VALO360 - DEBUG - 自動保存已禁用，跳過配置保存
2025-07-31 14:28:37,167 - VALO360 - DEBUG - 自動保存已禁用，跳過配置保存
2025-07-31 14:28:37,167 - VALO360 - DEBUG - 自動保存已禁用，跳過配置保存
2025-07-31 14:28:37,167 - VALO360 - DEBUG - 自動保存已禁用，跳過配置保存
2025-07-31 14:28:37,168 - VALO360 - DEBUG - 自動保存已禁用，跳過配置保存
2025-07-31 14:28:37,169 - VALO360 - DEBUG - 自動保存已禁用，跳過配置保存
2025-07-31 14:28:37,170 - VALO360 - DEBUG - 自動保存已禁用，跳過配置保存
2025-07-31 14:28:37,170 - VALO360 - DEBUG - 自動保存已禁用，跳過配置保存
2025-07-31 14:28:37,170 - VALO360 - DEBUG - 自動保存已禁用，跳過配置保存
2025-07-31 14:28:37,173 - VALO360 - DEBUG - 自動保存已禁用，跳過配置保存
2025-07-31 14:28:37,173 - VALO360 - DEBUG - 自動保存已禁用，跳過配置保存
2025-07-31 14:28:37,178 - VALO360 - DEBUG - 自動保存已禁用，跳過配置保存
2025-07-31 14:28:37,178 - VALO360 - DEBUG - 自動保存已禁用，跳過配置保存
2025-07-31 14:28:37,179 - VALO360 - DEBUG - 自動保存已禁用，跳過配置保存
2025-07-31 14:28:37,179 - VALO360 - DEBUG - 自動保存已禁用，跳過配置保存
2025-07-31 14:28:37,179 - VALO360 - DEBUG - 自動保存已禁用，跳過配置保存
2025-07-31 14:28:37,179 - VALO360 - DEBUG - 自動保存已禁用，跳過配置保存
2025-07-31 14:28:37,318 - VALO360 - DEBUG - 自動保存已禁用，跳過配置保存
2025-07-31 14:28:37,318 - VALO360 - DEBUG - 自動保存已禁用，跳過配置保存
2025-07-31 14:28:37,318 - VALO360 - DEBUG - 自動保存已禁用，跳過配置保存
2025-07-31 14:28:37,318 - VALO360 - DEBUG - 自動保存已禁用，跳過配置保存
2025-07-31 14:28:37,318 - VALO360 - DEBUG - 自動保存已禁用，跳過配置保存
2025-07-31 14:28:37,318 - VALO360 - DEBUG - 自動保存已禁用，跳過配置保存
2025-07-31 14:28:37,318 - VALO360 - DEBUG - 自動保存已禁用，跳過配置保存
2025-07-31 14:28:37,318 - VALO360 - DEBUG - 自動保存已禁用，跳過配置保存
2025-07-31 14:28:37,328 - VALO360 - DEBUG - 自動保存已禁用，跳過配置保存
2025-07-31 14:28:37,328 - VALO360 - DEBUG - 自動保存已禁用，跳過配置保存
2025-07-31 14:28:37,328 - VALO360 - DEBUG - 自動保存已禁用，跳過配置保存
2025-07-31 14:28:37,328 - VALO360 - DEBUG - 自動保存已禁用，跳過配置保存
2025-07-31 14:28:37,330 - VALO360 - DEBUG - 自動保存已禁用，跳過配置保存
2025-07-31 14:28:37,330 - VALO360 - DEBUG - 自動保存已禁用，跳過配置保存
2025-07-31 14:28:37,330 - VALO360 - DEBUG - 自動保存已禁用，跳過配置保存
2025-07-31 14:28:37,330 - VALO360 - DEBUG - 自動保存已禁用，跳過配置保存
2025-07-31 14:28:37,337 - VALO360 - DEBUG - 自動保存已禁用，跳過配置保存
2025-07-31 14:28:37,337 - VALO360 - DEBUG - 自動保存已禁用，跳過配置保存
2025-07-31 14:28:37,337 - VALO360 - DEBUG - 自動保存已禁用，跳過配置保存
2025-07-31 14:28:37,337 - VALO360 - DEBUG - 自動保存已禁用，跳過配置保存
2025-07-31 14:28:37,337 - VALO360 - DEBUG - 自動保存已禁用，跳過配置保存
2025-07-31 14:28:37,337 - VALO360 - DEBUG - 自動保存已禁用，跳過配置保存
2025-07-31 14:28:37,344 - VALO360 - DEBUG - 自動保存已禁用，跳過配置保存
2025-07-31 14:28:37,344 - VALO360 - DEBUG - 自動保存已禁用，跳過配置保存
2025-07-31 14:28:37,356 - VALO360 - DEBUG - 自動保存已禁用，跳過配置保存
2025-07-31 14:28:37,356 - VALO360 - DEBUG - 自動保存已禁用，跳過配置保存
2025-07-31 14:28:37,356 - VALO360 - DEBUG - 自動保存已禁用，跳過配置保存
2025-07-31 14:28:37,356 - VALO360 - DEBUG - 自動保存已禁用，跳過配置保存
2025-07-31 14:28:37,356 - VALO360 - DEBUG - 自動保存已禁用，跳過配置保存
2025-07-31 14:28:37,358 - VALO360 - DEBUG - 自動保存已禁用，跳過配置保存
2025-07-31 14:28:37,358 - VALO360 - DEBUG - 自動保存已禁用，跳過配置保存
2025-07-31 14:28:37,358 - VALO360 - DEBUG - 自動保存已禁用，跳過配置保存
2025-07-31 14:28:37,378 - VALO360 - DEBUG - 自動保存已禁用，跳過配置保存
2025-07-31 14:28:37,378 - VALO360 - DEBUG - 自動保存已禁用，跳過配置保存
2025-07-31 14:28:37,378 - VALO360 - DEBUG - 自動保存已禁用，跳過配置保存
2025-07-31 14:28:37,378 - VALO360 - DEBUG - 自動保存已禁用，跳過配置保存
2025-07-31 14:28:37,378 - VALO360 - DEBUG - 自動保存已禁用，跳過配置保存
2025-07-31 14:28:37,378 - VALO360 - DEBUG - 自動保存已禁用，跳過配置保存
2025-07-31 14:28:37,378 - VALO360 - DEBUG - 自動保存已禁用，跳過配置保存
2025-07-31 14:28:37,378 - VALO360 - DEBUG - 自動保存已禁用，跳過配置保存
2025-07-31 14:28:37,387 - VALO360 - DEBUG - 自動保存已禁用，跳過配置保存
2025-07-31 14:28:37,387 - VALO360 - DEBUG - 自動保存已禁用，跳過配置保存
2025-07-31 14:28:37,387 - VALO360 - DEBUG - 自動保存已禁用，跳過配置保存
2025-07-31 14:28:37,387 - VALO360 - DEBUG - 自動保存已禁用，跳過配置保存
2025-07-31 14:28:37,387 - VALO360 - DEBUG - 自動保存已禁用，跳過配置保存
2025-07-31 14:28:37,387 - VALO360 - DEBUG - 自動保存已禁用，跳過配置保存
2025-07-31 14:28:37,387 - VALO360 - DEBUG - 自動保存已禁用，跳過配置保存
2025-07-31 14:28:37,387 - VALO360 - DEBUG - 自動保存已禁用，跳過配置保存
2025-07-31 14:28:37,405 - VALO360 - DEBUG - 自動保存已禁用，跳過配置保存
2025-07-31 14:28:37,405 - VALO360 - DEBUG - 自動保存已禁用，跳過配置保存
2025-07-31 14:28:37,405 - VALO360 - DEBUG - 自動保存已禁用，跳過配置保存
2025-07-31 14:28:37,405 - VALO360 - DEBUG - 自動保存已禁用，跳過配置保存
2025-07-31 14:28:37,405 - VALO360 - DEBUG - 自動保存已禁用，跳過配置保存
2025-07-31 14:28:37,405 - VALO360 - DEBUG - 自動保存已禁用，跳過配置保存
2025-07-31 14:28:37,405 - VALO360 - DEBUG - 自動保存已禁用，跳過配置保存
2025-07-31 14:28:37,405 - VALO360 - DEBUG - 自動保存已禁用，跳過配置保存
2025-07-31 14:28:37,411 - VALO360 - DEBUG - 自動保存已禁用，跳過配置保存
2025-07-31 14:28:37,411 - VALO360 - DEBUG - 自動保存已禁用，跳過配置保存
2025-07-31 14:28:37,411 - VALO360 - DEBUG - 自動保存已禁用，跳過配置保存
2025-07-31 14:28:37,411 - VALO360 - DEBUG - 自動保存已禁用，跳過配置保存
2025-07-31 14:28:37,411 - VALO360 - DEBUG - 自動保存已禁用，跳過配置保存
2025-07-31 14:28:37,411 - VALO360 - DEBUG - 自動保存已禁用，跳過配置保存
2025-07-31 14:28:37,411 - VALO360 - DEBUG - 自動保存已禁用，跳過配置保存
2025-07-31 14:28:37,411 - VALO360 - DEBUG - 自動保存已禁用，跳過配置保存
2025-07-31 14:28:37,418 - VALO360 - DEBUG - 自動保存已禁用，跳過配置保存
2025-07-31 14:28:37,418 - VALO360 - DEBUG - 自動保存已禁用，跳過配置保存
2025-07-31 14:28:37,418 - VALO360 - DEBUG - 自動保存已禁用，跳過配置保存
2025-07-31 14:28:37,418 - VALO360 - DEBUG - 自動保存已禁用，跳過配置保存
2025-07-31 14:28:37,418 - VALO360 - DEBUG - 自動保存已禁用，跳過配置保存
2025-07-31 14:28:37,418 - VALO360 - DEBUG - 自動保存已禁用，跳過配置保存
2025-07-31 14:28:37,418 - VALO360 - DEBUG - 自動保存已禁用，跳過配置保存
2025-07-31 14:28:37,418 - VALO360 - DEBUG - 自動保存已禁用，跳過配置保存
2025-07-31 14:28:37,428 - VALO360 - DEBUG - 自動保存已禁用，跳過配置保存
2025-07-31 14:28:37,428 - VALO360 - DEBUG - 自動保存已禁用，跳過配置保存
2025-07-31 14:28:37,428 - VALO360 - DEBUG - 自動保存已禁用，跳過配置保存
2025-07-31 14:28:37,428 - VALO360 - DEBUG - 自動保存已禁用，跳過配置保存
2025-07-31 14:28:37,428 - VALO360 - DEBUG - 自動保存已禁用，跳過配置保存
2025-07-31 14:28:37,428 - VALO360 - DEBUG - 自動保存已禁用，跳過配置保存
2025-07-31 14:28:37,428 - VALO360 - DEBUG - 自動保存已禁用，跳過配置保存
2025-07-31 14:28:37,428 - VALO360 - DEBUG - 自動保存已禁用，跳過配置保存
2025-07-31 14:28:37,434 - VALO360 - DEBUG - 自動保存已禁用，跳過配置保存
2025-07-31 14:28:37,434 - VALO360 - DEBUG - 自動保存已禁用，跳過配置保存
2025-07-31 14:28:37,434 - VALO360 - DEBUG - 自動保存已禁用，跳過配置保存
2025-07-31 14:28:37,434 - VALO360 - DEBUG - 自動保存已禁用，跳過配置保存
2025-07-31 14:28:37,434 - VALO360 - DEBUG - 自動保存已禁用，跳過配置保存
2025-07-31 14:28:37,434 - VALO360 - DEBUG - 自動保存已禁用，跳過配置保存
2025-07-31 14:28:37,437 - VALO360 - DEBUG - 自動保存已禁用，跳過配置保存
2025-07-31 14:28:37,437 - VALO360 - DEBUG - 自動保存已禁用，跳過配置保存
2025-07-31 14:28:37,437 - VALO360 - DEBUG - 自動保存已禁用，跳過配置保存
2025-07-31 14:28:37,437 - VALO360 - DEBUG - 自動保存已禁用，跳過配置保存
2025-07-31 14:28:37,437 - VALO360 - DEBUG - 自動保存已禁用，跳過配置保存
2025-07-31 14:28:37,437 - VALO360 - DEBUG - 自動保存已禁用，跳過配置保存
2025-07-31 14:28:37,437 - VALO360 - DEBUG - 自動保存已禁用，跳過配置保存
2025-07-31 14:28:37,437 - VALO360 - DEBUG - 自動保存已禁用，跳過配置保存
2025-07-31 14:28:37,437 - VALO360 - DEBUG - 自動保存已禁用，跳過配置保存
2025-07-31 14:28:37,437 - VALO360 - DEBUG - 自動保存已禁用，跳過配置保存
2025-07-31 14:28:37,483 - VALO360 - DEBUG - 自動保存已禁用，跳過配置保存
2025-07-31 14:28:37,484 - VALO360 - DEBUG - 自動保存已禁用，跳過配置保存
2025-07-31 14:28:37,485 - VALO360 - DEBUG - 自動保存已禁用，跳過配置保存
2025-07-31 14:28:37,485 - VALO360 - DEBUG - 自動保存已禁用，跳過配置保存
2025-07-31 14:28:37,485 - VALO360 - DEBUG - 自動保存已禁用，跳過配置保存
2025-07-31 14:28:37,487 - VALO360 - DEBUG - 自動保存已禁用，跳過配置保存
2025-07-31 14:28:37,487 - VALO360 - DEBUG - 自動保存已禁用，跳過配置保存
2025-07-31 14:28:37,487 - VALO360 - DEBUG - 自動保存已禁用，跳過配置保存
2025-07-31 14:28:37,498 - VALO360 - DEBUG - 自動保存已禁用，跳過配置保存
2025-07-31 14:28:37,498 - VALO360 - DEBUG - 自動保存已禁用，跳過配置保存
2025-07-31 14:28:37,498 - VALO360 - DEBUG - 自動保存已禁用，跳過配置保存
2025-07-31 14:28:37,498 - VALO360 - DEBUG - 自動保存已禁用，跳過配置保存
2025-07-31 14:28:37,498 - VALO360 - DEBUG - 自動保存已禁用，跳過配置保存
2025-07-31 14:28:37,498 - VALO360 - DEBUG - 自動保存已禁用，跳過配置保存
2025-07-31 14:28:37,501 - VALO360 - DEBUG - 自動保存已禁用，跳過配置保存
2025-07-31 14:28:37,501 - VALO360 - DEBUG - 自動保存已禁用，跳過配置保存
2025-07-31 14:28:37,501 - VALO360 - DEBUG - 自動保存已禁用，跳過配置保存
2025-07-31 14:28:37,501 - VALO360 - DEBUG - 自動保存已禁用，跳過配置保存
2025-07-31 14:28:37,501 - VALO360 - DEBUG - 自動保存已禁用，跳過配置保存
2025-07-31 14:28:37,501 - VALO360 - DEBUG - 自動保存已禁用，跳過配置保存
2025-07-31 14:28:37,501 - VALO360 - DEBUG - 自動保存已禁用，跳過配置保存
2025-07-31 14:28:37,501 - VALO360 - DEBUG - 自動保存已禁用，跳過配置保存
2025-07-31 14:28:37,504 - VALO360 - DEBUG - 自動保存已禁用，跳過配置保存
2025-07-31 14:28:37,504 - VALO360 - DEBUG - 自動保存已禁用，跳過配置保存
2025-07-31 14:28:37,518 - VALO360 - DEBUG - 自動保存已禁用，跳過配置保存
2025-07-31 14:28:37,527 - VALO360 - DEBUG - 自動保存已禁用，跳過配置保存
2025-07-31 14:28:37,527 - VALO360 - DEBUG - 自動保存已禁用，跳過配置保存
2025-07-31 14:28:37,528 - VALO360 - DEBUG - 自動保存已禁用，跳過配置保存
2025-07-31 14:28:37,528 - VALO360 - DEBUG - 自動保存已禁用，跳過配置保存
2025-07-31 14:28:37,528 - VALO360 - DEBUG - 自動保存已禁用，跳過配置保存
2025-07-31 14:28:37,528 - VALO360 - DEBUG - 自動保存已禁用，跳過配置保存
2025-07-31 14:28:37,528 - VALO360 - DEBUG - 自動保存已禁用，跳過配置保存
2025-07-31 14:28:37,579 - VALO360 - DEBUG - 自動保存已禁用，跳過配置保存
2025-07-31 14:28:37,579 - VALO360 - DEBUG - 自動保存已禁用，跳過配置保存
2025-07-31 14:28:37,579 - VALO360 - DEBUG - 自動保存已禁用，跳過配置保存
2025-07-31 14:28:37,581 - VALO360 - DEBUG - 自動保存已禁用，跳過配置保存
2025-07-31 14:28:37,581 - VALO360 - DEBUG - 自動保存已禁用，跳過配置保存
2025-07-31 14:28:37,581 - VALO360 - DEBUG - 自動保存已禁用，跳過配置保存
2025-07-31 14:28:37,581 - VALO360 - DEBUG - 自動保存已禁用，跳過配置保存
2025-07-31 14:28:37,581 - VALO360 - DEBUG - 自動保存已禁用，跳過配置保存
2025-07-31 14:28:37,601 - VALO360 - DEBUG - 自動保存已禁用，跳過配置保存
2025-07-31 14:28:37,601 - VALO360 - DEBUG - 自動保存已禁用，跳過配置保存
2025-07-31 14:28:37,601 - VALO360 - DEBUG - 自動保存已禁用，跳過配置保存
2025-07-31 14:28:37,601 - VALO360 - DEBUG - 自動保存已禁用，跳過配置保存
2025-07-31 14:28:37,601 - VALO360 - DEBUG - 自動保存已禁用，跳過配置保存
2025-07-31 14:28:37,601 - VALO360 - DEBUG - 自動保存已禁用，跳過配置保存
2025-07-31 14:28:37,601 - VALO360 - DEBUG - 自動保存已禁用，跳過配置保存
2025-07-31 14:28:37,601 - VALO360 - DEBUG - 自動保存已禁用，跳過配置保存
2025-07-31 14:28:37,601 - VALO360 - DEBUG - 自動保存已禁用，跳過配置保存
2025-07-31 14:28:37,601 - VALO360 - DEBUG - 自動保存已禁用，跳過配置保存
2025-07-31 14:28:37,601 - VALO360 - DEBUG - 自動保存已禁用，跳過配置保存
2025-07-31 14:28:37,601 - VALO360 - DEBUG - 自動保存已禁用，跳過配置保存
2025-07-31 14:28:37,601 - VALO360 - DEBUG - 自動保存已禁用，跳過配置保存
2025-07-31 14:28:37,611 - VALO360 - DEBUG - 自動保存已禁用，跳過配置保存
2025-07-31 14:28:37,611 - VALO360 - DEBUG - 自動保存已禁用，跳過配置保存
2025-07-31 14:28:37,611 - VALO360 - DEBUG - 自動保存已禁用，跳過配置保存
2025-07-31 14:28:37,612 - VALO360 - DEBUG - 自動保存已禁用，跳過配置保存
2025-07-31 14:28:37,612 - VALO360 - DEBUG - 自動保存已禁用，跳過配置保存
2025-07-31 14:28:37,612 - VALO360 - DEBUG - 自動保存已禁用，跳過配置保存
2025-07-31 14:28:37,612 - VALO360 - DEBUG - 自動保存已禁用，跳過配置保存
2025-07-31 14:28:37,612 - VALO360 - DEBUG - 自動保存已禁用，跳過配置保存
2025-07-31 14:28:37,612 - VALO360 - DEBUG - 自動保存已禁用，跳過配置保存
2025-07-31 14:28:37,612 - VALO360 - DEBUG - 自動保存已禁用，跳過配置保存
2025-07-31 14:28:37,612 - VALO360 - DEBUG - 自動保存已禁用，跳過配置保存
2025-07-31 14:28:37,618 - VALO360 - DEBUG - 自動保存已禁用，跳過配置保存
2025-07-31 14:28:37,618 - VALO360 - DEBUG - 自動保存已禁用，跳過配置保存
2025-07-31 14:28:37,618 - VALO360 - DEBUG - 自動保存已禁用，跳過配置保存
2025-07-31 14:28:37,618 - VALO360 - DEBUG - 自動保存已禁用，跳過配置保存
2025-07-31 14:28:37,621 - VALO360 - DEBUG - 自動保存已禁用，跳過配置保存
2025-07-31 14:28:37,621 - VALO360 - DEBUG - 自動保存已禁用，跳過配置保存
2025-07-31 14:28:37,621 - VALO360 - DEBUG - 自動保存已禁用，跳過配置保存
2025-07-31 14:28:37,621 - VALO360 - DEBUG - 自動保存已禁用，跳過配置保存
2025-07-31 14:28:37,621 - VALO360 - DEBUG - 自動保存已禁用，跳過配置保存
2025-07-31 14:28:37,621 - VALO360 - DEBUG - 自動保存已禁用，跳過配置保存
2025-07-31 14:28:37,621 - VALO360 - DEBUG - 自動保存已禁用，跳過配置保存
2025-07-31 14:28:37,621 - VALO360 - DEBUG - 自動保存已禁用，跳過配置保存
2025-07-31 14:28:37,621 - VALO360 - DEBUG - 自動保存已禁用，跳過配置保存
2025-07-31 14:28:37,621 - VALO360 - DEBUG - 自動保存已禁用，跳過配置保存
2025-07-31 14:28:37,621 - VALO360 - DEBUG - 自動保存已禁用，跳過配置保存
2025-07-31 14:28:37,621 - VALO360 - DEBUG - 自動保存已禁用，跳過配置保存
2025-07-31 14:28:37,630 - VALO360 - DEBUG - 自動保存已禁用，跳過配置保存
2025-07-31 14:28:37,630 - VALO360 - DEBUG - 自動保存已禁用，跳過配置保存
2025-07-31 14:28:37,630 - VALO360 - DEBUG - 自動保存已禁用，跳過配置保存
2025-07-31 14:28:37,630 - VALO360 - DEBUG - 自動保存已禁用，跳過配置保存
2025-07-31 14:28:37,632 - VALO360 - DEBUG - 自動保存已禁用，跳過配置保存
2025-07-31 14:28:37,632 - VALO360 - DEBUG - 自動保存已禁用，跳過配置保存
2025-07-31 14:28:37,632 - VALO360 - DEBUG - 自動保存已禁用，跳過配置保存
2025-07-31 14:28:37,634 - VALO360 - DEBUG - 自動保存已禁用，跳過配置保存
2025-07-31 14:28:37,634 - VALO360 - DEBUG - 自動保存已禁用，跳過配置保存
2025-07-31 14:28:37,634 - VALO360 - DEBUG - 自動保存已禁用，跳過配置保存
2025-07-31 14:28:37,634 - VALO360 - DEBUG - 自動保存已禁用，跳過配置保存
2025-07-31 14:28:37,634 - VALO360 - DEBUG - 自動保存已禁用，跳過配置保存
2025-07-31 14:28:37,634 - VALO360 - DEBUG - 自動保存已禁用，跳過配置保存
2025-07-31 14:28:37,634 - VALO360 - DEBUG - 自動保存已禁用，跳過配置保存
2025-07-31 14:28:37,634 - VALO360 - DEBUG - 自動保存已禁用，跳過配置保存
2025-07-31 14:28:37,634 - VALO360 - DEBUG - 自動保存已禁用，跳過配置保存
2025-07-31 14:28:37,634 - VALO360 - DEBUG - 自動保存已禁用，跳過配置保存
2025-07-31 14:28:37,634 - VALO360 - DEBUG - 自動保存已禁用，跳過配置保存
2025-07-31 14:28:37,634 - VALO360 - DEBUG - 自動保存已禁用，跳過配置保存
2025-07-31 14:28:37,634 - VALO360 - DEBUG - 自動保存已禁用，跳過配置保存
2025-07-31 14:28:37,634 - VALO360 - DEBUG - 自動保存已禁用，跳過配置保存
2025-07-31 14:28:37,644 - VALO360 - DEBUG - 自動保存已禁用，跳過配置保存
2025-07-31 14:28:37,644 - VALO360 - DEBUG - 自動保存已禁用，跳過配置保存
2025-07-31 14:28:37,645 - VALO360 - DEBUG - 自動保存已禁用，跳過配置保存
2025-07-31 14:28:37,645 - VALO360 - DEBUG - 自動保存已禁用，跳過配置保存
2025-07-31 14:28:37,648 - VALO360 - DEBUG - 自動保存已禁用，跳過配置保存
2025-07-31 14:28:37,648 - VALO360 - DEBUG - 自動保存已禁用，跳過配置保存
2025-07-31 14:28:37,648 - VALO360 - DEBUG - 自動保存已禁用，跳過配置保存
2025-07-31 14:28:37,648 - VALO360 - DEBUG - 自動保存已禁用，跳過配置保存
2025-07-31 14:28:37,651 - VALO360 - DEBUG - 自動保存已禁用，跳過配置保存
2025-07-31 14:28:37,651 - VALO360 - DEBUG - 自動保存已禁用，跳過配置保存
2025-07-31 14:28:37,651 - VALO360 - DEBUG - 自動保存已禁用，跳過配置保存
2025-07-31 14:28:37,687 - VALO360 - DEBUG - 自動保存已禁用，跳過配置保存
2025-07-31 14:28:37,687 - VALO360 - DEBUG - 自動保存已禁用，跳過配置保存
2025-07-31 14:28:37,687 - VALO360 - DEBUG - 自動保存已禁用，跳過配置保存
2025-07-31 14:28:37,687 - VALO360 - DEBUG - 自動保存已禁用，跳過配置保存
2025-07-31 14:28:37,695 - VALO360 - DEBUG - 自動保存已禁用，跳過配置保存
2025-07-31 14:28:37,696 - VALO360 - DEBUG - 自動保存已禁用，跳過配置保存
2025-07-31 14:28:37,696 - VALO360 - DEBUG - 自動保存已禁用，跳過配置保存
2025-07-31 14:28:37,696 - VALO360 - DEBUG - 自動保存已禁用，跳過配置保存
2025-07-31 14:28:37,696 - VALO360 - DEBUG - 自動保存已禁用，跳過配置保存
2025-07-31 14:28:37,696 - VALO360 - DEBUG - 自動保存已禁用，跳過配置保存
2025-07-31 14:28:37,696 - VALO360 - DEBUG - 自動保存已禁用，跳過配置保存
2025-07-31 14:28:37,696 - VALO360 - DEBUG - 自動保存已禁用，跳過配置保存
2025-07-31 14:28:37,701 - VALO360 - DEBUG - 自動保存已禁用，跳過配置保存
2025-07-31 14:28:37,701 - VALO360 - DEBUG - 自動保存已禁用，跳過配置保存
2025-07-31 14:28:37,703 - VALO360 - DEBUG - 自動保存已禁用，跳過配置保存
2025-07-31 14:28:37,703 - VALO360 - DEBUG - 自動保存已禁用，跳過配置保存
2025-07-31 14:28:37,705 - VALO360 - DEBUG - 自動保存已禁用，跳過配置保存
2025-07-31 14:28:37,705 - VALO360 - DEBUG - 自動保存已禁用，跳過配置保存
2025-07-31 14:28:37,705 - VALO360 - DEBUG - 自動保存已禁用，跳過配置保存
2025-07-31 14:28:37,705 - VALO360 - DEBUG - 自動保存已禁用，跳過配置保存
2025-07-31 14:28:37,705 - VALO360 - DEBUG - 自動保存已禁用，跳過配置保存
2025-07-31 14:28:37,705 - VALO360 - DEBUG - 自動保存已禁用，跳過配置保存
2025-07-31 14:28:37,705 - VALO360 - DEBUG - 自動保存已禁用，跳過配置保存
2025-07-31 14:28:37,705 - VALO360 - DEBUG - 自動保存已禁用，跳過配置保存
2025-07-31 14:28:37,712 - VALO360 - DEBUG - 自動保存已禁用，跳過配置保存
2025-07-31 14:28:37,712 - VALO360 - DEBUG - 自動保存已禁用，跳過配置保存
2025-07-31 14:28:37,715 - VALO360 - DEBUG - 自動保存已禁用，跳過配置保存
2025-07-31 14:28:37,715 - VALO360 - DEBUG - 自動保存已禁用，跳過配置保存
2025-07-31 14:28:37,715 - VALO360 - DEBUG - 自動保存已禁用，跳過配置保存
2025-07-31 14:28:37,715 - VALO360 - DEBUG - 自動保存已禁用，跳過配置保存
2025-07-31 14:28:37,715 - VALO360 - DEBUG - 自動保存已禁用，跳過配置保存
2025-07-31 14:28:37,717 - VALO360 - DEBUG - 自動保存已禁用，跳過配置保存
2025-07-31 14:28:37,718 - VALO360 - DEBUG - 自動保存已禁用，跳過配置保存
2025-07-31 14:28:37,718 - VALO360 - DEBUG - 自動保存已禁用，跳過配置保存
2025-07-31 14:28:37,718 - VALO360 - DEBUG - 自動保存已禁用，跳過配置保存
2025-07-31 14:28:37,718 - VALO360 - DEBUG - 自動保存已禁用，跳過配置保存
2025-07-31 14:28:37,718 - VALO360 - DEBUG - 自動保存已禁用，跳過配置保存
2025-07-31 14:28:37,718 - VALO360 - DEBUG - 自動保存已禁用，跳過配置保存
2025-07-31 14:28:37,718 - VALO360 - DEBUG - 自動保存已禁用，跳過配置保存
2025-07-31 14:28:37,718 - VALO360 - DEBUG - 自動保存已禁用，跳過配置保存
2025-07-31 14:28:37,718 - VALO360 - DEBUG - 自動保存已禁用，跳過配置保存
2025-07-31 14:28:37,718 - VALO360 - DEBUG - 自動保存已禁用，跳過配置保存
2025-07-31 14:28:37,718 - VALO360 - DEBUG - 自動保存已禁用，跳過配置保存
2025-07-31 14:28:37,718 - VALO360 - DEBUG - 自動保存已禁用，跳過配置保存
2025-07-31 14:28:37,718 - VALO360 - DEBUG - 自動保存已禁用，跳過配置保存
2025-07-31 14:28:37,718 - VALO360 - DEBUG - 自動保存已禁用，跳過配置保存
2025-07-31 14:28:37,728 - VALO360 - DEBUG - 自動保存已禁用，跳過配置保存
2025-07-31 14:28:37,728 - VALO360 - DEBUG - 自動保存已禁用，跳過配置保存
2025-07-31 14:28:37,729 - VALO360 - DEBUG - 自動保存已禁用，跳過配置保存
2025-07-31 14:28:37,731 - VALO360 - DEBUG - 自動保存已禁用，跳過配置保存
2025-07-31 14:28:37,731 - VALO360 - DEBUG - 自動保存已禁用，跳過配置保存
2025-07-31 14:28:37,731 - VALO360 - DEBUG - 自動保存已禁用，跳過配置保存
2025-07-31 14:28:37,731 - VALO360 - DEBUG - 自動保存已禁用，跳過配置保存
2025-07-31 14:28:37,731 - VALO360 - DEBUG - 自動保存已禁用，跳過配置保存
2025-07-31 14:28:37,733 - VALO360 - DEBUG - 自動保存已禁用，跳過配置保存
2025-07-31 14:28:37,733 - VALO360 - DEBUG - 自動保存已禁用，跳過配置保存
2025-07-31 14:28:37,735 - VALO360 - DEBUG - 自動保存已禁用，跳過配置保存
2025-07-31 14:28:37,735 - VALO360 - DEBUG - 自動保存已禁用，跳過配置保存
2025-07-31 14:28:37,735 - VALO360 - DEBUG - 自動保存已禁用，跳過配置保存
2025-07-31 14:28:37,735 - VALO360 - DEBUG - 自動保存已禁用，跳過配置保存
2025-07-31 14:28:37,735 - VALO360 - DEBUG - 自動保存已禁用，跳過配置保存
2025-07-31 14:28:37,738 - VALO360 - DEBUG - 自動保存已禁用，跳過配置保存
2025-07-31 14:28:37,738 - VALO360 - DEBUG - 自動保存已禁用，跳過配置保存
2025-07-31 14:28:37,738 - VALO360 - DEBUG - 自動保存已禁用，跳過配置保存
2025-07-31 14:28:37,738 - VALO360 - DEBUG - 自動保存已禁用，跳過配置保存
2025-07-31 14:28:37,738 - VALO360 - DEBUG - 自動保存已禁用，跳過配置保存
2025-07-31 14:28:37,741 - VALO360 - DEBUG - 自動保存已禁用，跳過配置保存
2025-07-31 14:28:37,741 - VALO360 - DEBUG - 自動保存已禁用，跳過配置保存
2025-07-31 14:28:37,741 - VALO360 - DEBUG - 自動保存已禁用，跳過配置保存
2025-07-31 14:28:37,743 - VALO360 - DEBUG - 自動保存已禁用，跳過配置保存
2025-07-31 14:28:37,744 - VALO360 - DEBUG - 自動保存已禁用，跳過配置保存
2025-07-31 14:28:37,744 - VALO360 - DEBUG - 自動保存已禁用，跳過配置保存
2025-07-31 14:28:37,744 - VALO360 - DEBUG - 自動保存已禁用，跳過配置保存
2025-07-31 14:28:37,746 - VALO360 - DEBUG - 自動保存已禁用，跳過配置保存
2025-07-31 14:28:37,746 - VALO360 - DEBUG - 自動保存已禁用，跳過配置保存
2025-07-31 14:28:37,746 - VALO360 - DEBUG - 自動保存已禁用，跳過配置保存
2025-07-31 14:28:37,746 - VALO360 - DEBUG - 自動保存已禁用，跳過配置保存
2025-07-31 14:28:37,748 - VALO360 - DEBUG - 自動保存已禁用，跳過配置保存
2025-07-31 14:28:37,748 - VALO360 - DEBUG - 自動保存已禁用，跳過配置保存
2025-07-31 14:28:37,748 - VALO360 - DEBUG - 自動保存已禁用，跳過配置保存
2025-07-31 14:28:37,748 - VALO360 - DEBUG - 自動保存已禁用，跳過配置保存
2025-07-31 14:28:37,750 - VALO360 - DEBUG - 自動保存已禁用，跳過配置保存
2025-07-31 14:28:37,750 - VALO360 - DEBUG - 自動保存已禁用，跳過配置保存
2025-07-31 14:28:37,751 - VALO360 - DEBUG - 自動保存已禁用，跳過配置保存
2025-07-31 14:28:37,751 - VALO360 - DEBUG - 自動保存已禁用，跳過配置保存
2025-07-31 14:28:37,751 - VALO360 - DEBUG - 自動保存已禁用，跳過配置保存
2025-07-31 14:28:37,753 - VALO360 - DEBUG - 自動保存已禁用，跳過配置保存
2025-07-31 14:28:37,753 - VALO360 - DEBUG - 自動保存已禁用，跳過配置保存
2025-07-31 14:28:37,754 - VALO360 - DEBUG - 自動保存已禁用，跳過配置保存
2025-07-31 14:28:37,755 - VALO360 - DEBUG - 自動保存已禁用，跳過配置保存
2025-07-31 14:28:37,755 - VALO360 - DEBUG - 自動保存已禁用，跳過配置保存
2025-07-31 14:28:37,755 - VALO360 - DEBUG - 自動保存已禁用，跳過配置保存
2025-07-31 14:28:37,755 - VALO360 - DEBUG - 自動保存已禁用，跳過配置保存
2025-07-31 14:28:37,758 - VALO360 - DEBUG - 自動保存已禁用，跳過配置保存
2025-07-31 14:28:37,758 - VALO360 - DEBUG - 自動保存已禁用，跳過配置保存
2025-07-31 14:28:37,758 - VALO360 - DEBUG - 自動保存已禁用，跳過配置保存
2025-07-31 14:28:37,758 - VALO360 - DEBUG - 自動保存已禁用，跳過配置保存
2025-07-31 14:28:37,761 - VALO360 - DEBUG - 自動保存已禁用，跳過配置保存
2025-07-31 14:28:37,761 - VALO360 - DEBUG - 自動保存已禁用，跳過配置保存
2025-07-31 14:28:37,761 - VALO360 - DEBUG - 自動保存已禁用，跳過配置保存
2025-07-31 14:28:37,761 - VALO360 - DEBUG - 自動保存已禁用，跳過配置保存
2025-07-31 14:28:37,764 - VALO360 - DEBUG - 自動保存已禁用，跳過配置保存
2025-07-31 14:28:37,764 - VALO360 - DEBUG - 自動保存已禁用，跳過配置保存
2025-07-31 14:28:37,764 - VALO360 - DEBUG - 自動保存已禁用，跳過配置保存
2025-07-31 14:28:37,764 - VALO360 - DEBUG - 自動保存已禁用，跳過配置保存
2025-07-31 14:28:37,766 - VALO360 - DEBUG - 自動保存已禁用，跳過配置保存
2025-07-31 14:28:37,766 - VALO360 - DEBUG - 自動保存已禁用，跳過配置保存
2025-07-31 14:28:37,767 - VALO360 - DEBUG - 自動保存已禁用，跳過配置保存
2025-07-31 14:28:37,768 - VALO360 - DEBUG - 自動保存已禁用，跳過配置保存
2025-07-31 14:28:37,768 - VALO360 - DEBUG - 自動保存已禁用，跳過配置保存
2025-07-31 14:28:37,768 - VALO360 - DEBUG - 自動保存已禁用，跳過配置保存
2025-07-31 14:28:37,768 - VALO360 - DEBUG - 自動保存已禁用，跳過配置保存
2025-07-31 14:28:37,768 - VALO360 - DEBUG - 自動保存已禁用，跳過配置保存
2025-07-31 14:28:37,768 - VALO360 - DEBUG - 自動保存已禁用，跳過配置保存
2025-07-31 14:28:37,768 - VALO360 - DEBUG - 自動保存已禁用，跳過配置保存
2025-07-31 14:28:37,768 - VALO360 - DEBUG - 自動保存已禁用，跳過配置保存
2025-07-31 14:28:37,777 - VALO360 - DEBUG - 自動保存已禁用，跳過配置保存
2025-07-31 14:28:37,777 - VALO360 - DEBUG - 自動保存已禁用，跳過配置保存
2025-07-31 14:28:37,777 - VALO360 - DEBUG - 自動保存已禁用，跳過配置保存
2025-07-31 14:28:37,777 - VALO360 - DEBUG - 自動保存已禁用，跳過配置保存
2025-07-31 14:28:37,784 - VALO360 - DEBUG - 自動保存已禁用，跳過配置保存
2025-07-31 14:28:37,784 - VALO360 - DEBUG - 自動保存已禁用，跳過配置保存
2025-07-31 14:28:37,784 - VALO360 - DEBUG - 自動保存已禁用，跳過配置保存
2025-07-31 14:28:37,784 - VALO360 - DEBUG - 自動保存已禁用，跳過配置保存
2025-07-31 14:28:37,784 - VALO360 - DEBUG - 自動保存已禁用，跳過配置保存
2025-07-31 14:28:37,784 - VALO360 - DEBUG - 自動保存已禁用，跳過配置保存
2025-07-31 14:28:37,784 - VALO360 - DEBUG - 自動保存已禁用，跳過配置保存
2025-07-31 14:28:37,784 - VALO360 - DEBUG - 自動保存已禁用，跳過配置保存
2025-07-31 14:28:37,784 - VALO360 - DEBUG - 自動保存已禁用，跳過配置保存
2025-07-31 14:28:37,784 - VALO360 - DEBUG - 自動保存已禁用，跳過配置保存
2025-07-31 14:28:37,784 - VALO360 - DEBUG - 自動保存已禁用，跳過配置保存
2025-07-31 14:28:37,794 - VALO360 - DEBUG - 自動保存已禁用，跳過配置保存
2025-07-31 14:28:37,796 - VALO360 - DEBUG - 自動保存已禁用，跳過配置保存
2025-07-31 14:28:37,796 - VALO360 - DEBUG - 自動保存已禁用，跳過配置保存
2025-07-31 14:28:37,796 - VALO360 - DEBUG - 自動保存已禁用，跳過配置保存
2025-07-31 14:28:37,798 - VALO360 - DEBUG - 自動保存已禁用，跳過配置保存
2025-07-31 14:28:37,801 - VALO360 - DEBUG - 自動保存已禁用，跳過配置保存
2025-07-31 14:28:37,801 - VALO360 - DEBUG - 自動保存已禁用，跳過配置保存
2025-07-31 14:28:37,802 - VALO360 - DEBUG - 自動保存已禁用，跳過配置保存
2025-07-31 14:28:37,802 - VALO360 - DEBUG - 自動保存已禁用，跳過配置保存
2025-07-31 14:28:37,804 - VALO360 - DEBUG - 自動保存已禁用，跳過配置保存
2025-07-31 14:28:37,804 - VALO360 - DEBUG - 自動保存已禁用，跳過配置保存
2025-07-31 14:28:37,804 - VALO360 - DEBUG - 自動保存已禁用，跳過配置保存
2025-07-31 14:28:37,804 - VALO360 - DEBUG - 自動保存已禁用，跳過配置保存
2025-07-31 14:28:37,806 - VALO360 - DEBUG - 自動保存已禁用，跳過配置保存
2025-07-31 14:28:37,806 - VALO360 - DEBUG - 自動保存已禁用，跳過配置保存
2025-07-31 14:28:37,808 - VALO360 - DEBUG - 自動保存已禁用，跳過配置保存
2025-07-31 14:28:37,808 - VALO360 - DEBUG - 自動保存已禁用，跳過配置保存
2025-07-31 14:28:37,810 - VALO360 - DEBUG - 自動保存已禁用，跳過配置保存
2025-07-31 14:28:37,810 - VALO360 - DEBUG - 自動保存已禁用，跳過配置保存
2025-07-31 14:28:37,810 - VALO360 - DEBUG - 自動保存已禁用，跳過配置保存
2025-07-31 14:28:37,813 - VALO360 - DEBUG - 自動保存已禁用，跳過配置保存
2025-07-31 14:28:37,814 - VALO360 - DEBUG - 自動保存已禁用，跳過配置保存
2025-07-31 14:28:37,815 - VALO360 - DEBUG - 自動保存已禁用，跳過配置保存
2025-07-31 14:28:37,815 - VALO360 - DEBUG - 自動保存已禁用，跳過配置保存
2025-07-31 14:28:37,815 - VALO360 - DEBUG - 自動保存已禁用，跳過配置保存
2025-07-31 14:28:37,819 - VALO360 - DEBUG - 自動保存已禁用，跳過配置保存
2025-07-31 14:28:37,821 - VALO360 - DEBUG - 自動保存已禁用，跳過配置保存
2025-07-31 14:28:37,821 - VALO360 - DEBUG - 自動保存已禁用，跳過配置保存
2025-07-31 14:28:37,821 - VALO360 - DEBUG - 自動保存已禁用，跳過配置保存
2025-07-31 14:28:37,821 - VALO360 - DEBUG - 自動保存已禁用，跳過配置保存
2025-07-31 14:28:37,824 - VALO360 - DEBUG - 自動保存已禁用，跳過配置保存
2025-07-31 14:28:37,824 - VALO360 - DEBUG - 自動保存已禁用，跳過配置保存
2025-07-31 14:28:37,824 - VALO360 - DEBUG - 自動保存已禁用，跳過配置保存
2025-07-31 14:28:37,824 - VALO360 - DEBUG - 自動保存已禁用，跳過配置保存
2025-07-31 14:28:37,824 - VALO360 - DEBUG - 自動保存已禁用，跳過配置保存
2025-07-31 14:28:37,826 - VALO360 - DEBUG - 自動保存已禁用，跳過配置保存
2025-07-31 14:28:37,826 - VALO360 - DEBUG - 自動保存已禁用，跳過配置保存
2025-07-31 14:28:37,826 - VALO360 - DEBUG - 自動保存已禁用，跳過配置保存
2025-07-31 14:28:37,826 - VALO360 - DEBUG - 自動保存已禁用，跳過配置保存
2025-07-31 14:28:37,828 - VALO360 - DEBUG - 自動保存已禁用，跳過配置保存
2025-07-31 14:28:37,828 - VALO360 - DEBUG - 自動保存已禁用，跳過配置保存
2025-07-31 14:28:37,828 - VALO360 - DEBUG - 自動保存已禁用，跳過配置保存
2025-07-31 14:28:37,828 - VALO360 - DEBUG - 自動保存已禁用，跳過配置保存
2025-07-31 14:28:37,828 - VALO360 - DEBUG - 自動保存已禁用，跳過配置保存
2025-07-31 14:28:37,828 - VALO360 - DEBUG - 自動保存已禁用，跳過配置保存
2025-07-31 14:28:37,831 - VALO360 - DEBUG - 自動保存已禁用，跳過配置保存
2025-07-31 14:28:37,831 - VALO360 - DEBUG - 自動保存已禁用，跳過配置保存
2025-07-31 14:28:37,832 - VALO360 - DEBUG - 自動保存已禁用，跳過配置保存
2025-07-31 14:28:37,832 - VALO360 - DEBUG - 自動保存已禁用，跳過配置保存
2025-07-31 14:28:37,832 - VALO360 - DEBUG - 自動保存已禁用，跳過配置保存
2025-07-31 14:28:37,832 - VALO360 - DEBUG - 自動保存已禁用，跳過配置保存
2025-07-31 14:28:37,834 - VALO360 - DEBUG - 自動保存已禁用，跳過配置保存
2025-07-31 14:28:37,834 - VALO360 - DEBUG - 自動保存已禁用，跳過配置保存
2025-07-31 14:28:37,836 - VALO360 - DEBUG - 自動保存已禁用，跳過配置保存
2025-07-31 14:28:37,836 - VALO360 - DEBUG - 自動保存已禁用，跳過配置保存
2025-07-31 14:28:37,836 - VALO360 - DEBUG - 自動保存已禁用，跳過配置保存
2025-07-31 14:28:37,836 - VALO360 - DEBUG - 自動保存已禁用，跳過配置保存
2025-07-31 14:28:37,836 - VALO360 - DEBUG - 自動保存已禁用，跳過配置保存
2025-07-31 14:28:37,836 - VALO360 - DEBUG - 自動保存已禁用，跳過配置保存
2025-07-31 14:28:37,836 - VALO360 - DEBUG - 自動保存已禁用，跳過配置保存
2025-07-31 14:28:37,836 - VALO360 - DEBUG - 自動保存已禁用，跳過配置保存
2025-07-31 14:28:37,836 - VALO360 - DEBUG - 自動保存已禁用，跳過配置保存
2025-07-31 14:28:37,836 - VALO360 - DEBUG - 自動保存已禁用，跳過配置保存
2025-07-31 14:28:37,836 - VALO360 - DEBUG - 自動保存已禁用，跳過配置保存
2025-07-31 14:28:37,836 - VALO360 - DEBUG - 自動保存已禁用，跳過配置保存
2025-07-31 14:28:37,836 - VALO360 - DEBUG - 自動保存已禁用，跳過配置保存
2025-07-31 14:28:37,836 - VALO360 - DEBUG - 自動保存已禁用，跳過配置保存
2025-07-31 14:28:37,836 - VALO360 - DEBUG - 自動保存已禁用，跳過配置保存
2025-07-31 14:28:37,836 - VALO360 - DEBUG - 自動保存已禁用，跳過配置保存
2025-07-31 14:28:37,836 - VALO360 - DEBUG - 自動保存已禁用，跳過配置保存
2025-07-31 14:28:37,836 - VALO360 - DEBUG - 自動保存已禁用，跳過配置保存
2025-07-31 14:28:37,846 - VALO360 - DEBUG - 自動保存已禁用，跳過配置保存
2025-07-31 14:28:37,846 - VALO360 - DEBUG - 自動保存已禁用，跳過配置保存
2025-07-31 14:28:37,846 - VALO360 - DEBUG - 自動保存已禁用，跳過配置保存
2025-07-31 14:28:37,846 - VALO360 - DEBUG - 自動保存已禁用，跳過配置保存
2025-07-31 14:28:37,846 - VALO360 - DEBUG - 自動保存已禁用，跳過配置保存
2025-07-31 14:28:37,846 - VALO360 - DEBUG - 自動保存已禁用，跳過配置保存
2025-07-31 14:28:37,846 - VALO360 - DEBUG - 自動保存已禁用，跳過配置保存
2025-07-31 14:28:37,846 - VALO360 - DEBUG - 自動保存已禁用，跳過配置保存
2025-07-31 14:28:37,846 - VALO360 - DEBUG - 自動保存已禁用，跳過配置保存
2025-07-31 14:28:37,846 - VALO360 - DEBUG - 自動保存已禁用，跳過配置保存
2025-07-31 14:28:37,851 - VALO360 - DEBUG - 自動保存已禁用，跳過配置保存
2025-07-31 14:28:37,851 - VALO360 - DEBUG - 自動保存已禁用，跳過配置保存
2025-07-31 14:28:37,851 - VALO360 - DEBUG - 自動保存已禁用，跳過配置保存
2025-07-31 14:28:37,851 - VALO360 - DEBUG - 自動保存已禁用，跳過配置保存
2025-07-31 14:28:37,851 - VALO360 - DEBUG - 自動保存已禁用，跳過配置保存
2025-07-31 14:28:37,851 - VALO360 - DEBUG - 自動保存已禁用，跳過配置保存
2025-07-31 14:28:37,851 - VALO360 - DEBUG - 自動保存已禁用，跳過配置保存
2025-07-31 14:28:37,851 - VALO360 - DEBUG - 自動保存已禁用，跳過配置保存
2025-07-31 14:28:37,851 - VALO360 - DEBUG - 自動保存已禁用，跳過配置保存
2025-07-31 14:28:37,851 - VALO360 - DEBUG - 自動保存已禁用，跳過配置保存
2025-07-31 14:28:37,851 - VALO360 - DEBUG - 自動保存已禁用，跳過配置保存
2025-07-31 14:28:37,851 - VALO360 - DEBUG - 自動保存已禁用，跳過配置保存
2025-07-31 14:28:37,851 - VALO360 - DEBUG - 自動保存已禁用，跳過配置保存
2025-07-31 14:28:37,851 - VALO360 - DEBUG - 自動保存已禁用，跳過配置保存
2025-07-31 14:28:37,851 - VALO360 - DEBUG - 自動保存已禁用，跳過配置保存
2025-07-31 14:28:37,851 - VALO360 - DEBUG - 自動保存已禁用，跳過配置保存
2025-07-31 14:28:37,863 - VALO360 - DEBUG - 自動保存已禁用，跳過配置保存
2025-07-31 14:28:37,863 - VALO360 - DEBUG - 自動保存已禁用，跳過配置保存
2025-07-31 14:28:37,863 - VALO360 - DEBUG - 自動保存已禁用，跳過配置保存
2025-07-31 14:28:37,863 - VALO360 - DEBUG - 自動保存已禁用，跳過配置保存
2025-07-31 14:28:37,867 - VALO360 - DEBUG - 自動保存已禁用，跳過配置保存
2025-07-31 14:28:37,868 - VALO360 - DEBUG - 自動保存已禁用，跳過配置保存
2025-07-31 14:28:37,868 - VALO360 - DEBUG - 自動保存已禁用，跳過配置保存
2025-07-31 14:28:37,868 - VALO360 - DEBUG - 自動保存已禁用，跳過配置保存
2025-07-31 14:28:37,868 - VALO360 - DEBUG - 自動保存已禁用，跳過配置保存
2025-07-31 14:28:37,871 - VALO360 - DEBUG - 自動保存已禁用，跳過配置保存
2025-07-31 14:28:37,871 - VALO360 - DEBUG - 自動保存已禁用，跳過配置保存
2025-07-31 14:28:37,871 - VALO360 - DEBUG - 自動保存已禁用，跳過配置保存
2025-07-31 14:28:37,871 - VALO360 - DEBUG - 自動保存已禁用，跳過配置保存
2025-07-31 14:28:37,871 - VALO360 - DEBUG - 自動保存已禁用，跳過配置保存
2025-07-31 14:28:37,874 - VALO360 - DEBUG - 自動保存已禁用，跳過配置保存
2025-07-31 14:28:37,874 - VALO360 - DEBUG - 自動保存已禁用，跳過配置保存
2025-07-31 14:28:37,874 - VALO360 - DEBUG - 自動保存已禁用，跳過配置保存
2025-07-31 14:28:37,874 - VALO360 - DEBUG - 自動保存已禁用，跳過配置保存
2025-07-31 14:28:37,874 - VALO360 - DEBUG - 自動保存已禁用，跳過配置保存
2025-07-31 14:28:37,874 - VALO360 - DEBUG - 自動保存已禁用，跳過配置保存
2025-07-31 14:28:37,878 - VALO360 - DEBUG - 自動保存已禁用，跳過配置保存
2025-07-31 14:28:37,879 - VALO360 - DEBUG - 自動保存已禁用，跳過配置保存
2025-07-31 14:28:37,879 - VALO360 - DEBUG - 自動保存已禁用，跳過配置保存
2025-07-31 14:28:37,879 - VALO360 - DEBUG - 自動保存已禁用，跳過配置保存
2025-07-31 14:28:37,879 - VALO360 - DEBUG - 自動保存已禁用，跳過配置保存
2025-07-31 14:28:37,879 - VALO360 - DEBUG - 自動保存已禁用，跳過配置保存
2025-07-31 14:28:37,879 - VALO360 - DEBUG - 自動保存已禁用，跳過配置保存
2025-07-31 14:28:37,879 - VALO360 - DEBUG - 自動保存已禁用，跳過配置保存
2025-07-31 14:28:37,885 - VALO360 - DEBUG - 自動保存已禁用，跳過配置保存
2025-07-31 14:28:37,885 - VALO360 - DEBUG - 自動保存已禁用，跳過配置保存
2025-07-31 14:28:37,887 - VALO360 - DEBUG - 自動保存已禁用，跳過配置保存
2025-07-31 14:28:37,887 - VALO360 - DEBUG - 自動保存已禁用，跳過配置保存
2025-07-31 14:28:37,887 - VALO360 - DEBUG - 自動保存已禁用，跳過配置保存
2025-07-31 14:28:37,887 - VALO360 - DEBUG - 自動保存已禁用，跳過配置保存
2025-07-31 14:28:37,887 - VALO360 - DEBUG - 自動保存已禁用，跳過配置保存
2025-07-31 14:28:37,887 - VALO360 - DEBUG - 自動保存已禁用，跳過配置保存
2025-07-31 14:28:37,895 - VALO360 - DEBUG - 自動保存已禁用，跳過配置保存
2025-07-31 14:28:37,895 - VALO360 - DEBUG - 自動保存已禁用，跳過配置保存
2025-07-31 14:28:37,895 - VALO360 - DEBUG - 自動保存已禁用，跳過配置保存
2025-07-31 14:28:37,895 - VALO360 - DEBUG - 自動保存已禁用，跳過配置保存
2025-07-31 14:28:37,895 - VALO360 - DEBUG - 自動保存已禁用，跳過配置保存
2025-07-31 14:28:37,895 - VALO360 - DEBUG - 自動保存已禁用，跳過配置保存
2025-07-31 14:28:37,901 - VALO360 - DEBUG - 自動保存已禁用，跳過配置保存
2025-07-31 14:28:37,901 - VALO360 - DEBUG - 自動保存已禁用，跳過配置保存
2025-07-31 14:28:37,901 - VALO360 - DEBUG - 自動保存已禁用，跳過配置保存
2025-07-31 14:28:37,901 - VALO360 - DEBUG - 自動保存已禁用，跳過配置保存
2025-07-31 14:28:37,901 - VALO360 - DEBUG - 自動保存已禁用，跳過配置保存
2025-07-31 14:28:37,903 - VALO360 - DEBUG - 自動保存已禁用，跳過配置保存
2025-07-31 14:28:37,917 - VALO360 - DEBUG - 自動保存已禁用，跳過配置保存
2025-07-31 14:28:37,917 - VALO360 - DEBUG - 自動保存已禁用，跳過配置保存
2025-07-31 14:28:37,917 - VALO360 - DEBUG - 自動保存已禁用，跳過配置保存
2025-07-31 14:28:37,918 - VALO360 - DEBUG - 自動保存已禁用，跳過配置保存
2025-07-31 14:28:38,055 - VALO360 - DEBUG - 自動保存已禁用，跳過配置保存
2025-07-31 14:28:38,055 - VALO360 - DEBUG - 自動保存已禁用，跳過配置保存
2025-07-31 14:28:38,055 - VALO360 - DEBUG - 自動保存已禁用，跳過配置保存
2025-07-31 14:28:38,055 - VALO360 - DEBUG - 自動保存已禁用，跳過配置保存
2025-07-31 14:28:38,055 - VALO360 - DEBUG - 自動保存已禁用，跳過配置保存
2025-07-31 14:28:38,055 - VALO360 - DEBUG - 自動保存已禁用，跳過配置保存
2025-07-31 14:28:38,055 - VALO360 - DEBUG - 自動保存已禁用，跳過配置保存
2025-07-31 14:28:38,065 - VALO360 - DEBUG - 自動保存已禁用，跳過配置保存
2025-07-31 14:28:38,067 - VALO360 - DEBUG - 自動保存已禁用，跳過配置保存
2025-07-31 14:28:38,068 - VALO360 - DEBUG - 自動保存已禁用，跳過配置保存
2025-07-31 14:28:38,068 - VALO360 - DEBUG - 自動保存已禁用，跳過配置保存
2025-07-31 14:28:38,069 - VALO360 - DEBUG - 自動保存已禁用，跳過配置保存
2025-07-31 14:28:38,070 - VALO360 - DEBUG - 自動保存已禁用，跳過配置保存
2025-07-31 14:28:38,070 - VALO360 - DEBUG - 自動保存已禁用，跳過配置保存
2025-07-31 14:28:38,070 - VALO360 - DEBUG - 自動保存已禁用，跳過配置保存
2025-07-31 14:28:38,070 - VALO360 - DEBUG - 自動保存已禁用，跳過配置保存
2025-07-31 14:28:38,070 - VALO360 - DEBUG - 自動保存已禁用，跳過配置保存
2025-07-31 14:28:38,070 - VALO360 - DEBUG - 自動保存已禁用，跳過配置保存
2025-07-31 14:28:38,070 - VALO360 - DEBUG - 自動保存已禁用，跳過配置保存
2025-07-31 14:28:38,070 - VALO360 - DEBUG - 自動保存已禁用，跳過配置保存
2025-07-31 14:28:38,070 - VALO360 - DEBUG - 自動保存已禁用，跳過配置保存
2025-07-31 14:28:38,070 - VALO360 - DEBUG - 自動保存已禁用，跳過配置保存
2025-07-31 14:28:38,070 - VALO360 - DEBUG - 自動保存已禁用，跳過配置保存
2025-07-31 14:28:38,070 - VALO360 - DEBUG - 自動保存已禁用，跳過配置保存
2025-07-31 14:28:45,808 - VALO360 - DEBUG - 自動保存已禁用，跳過配置保存
2025-07-31 14:28:45,808 - VALO360 - DEBUG - 自動保存已禁用，跳過配置保存
2025-07-31 14:28:45,808 - VALO360 - DEBUG - 自動保存已禁用，跳過配置保存
2025-07-31 14:28:45,808 - VALO360 - DEBUG - 自動保存已禁用，跳過配置保存
2025-07-31 14:28:45,808 - VALO360 - DEBUG - 自動保存已禁用，跳過配置保存
2025-07-31 14:28:45,808 - VALO360 - DEBUG - 自動保存已禁用，跳過配置保存
2025-07-31 14:28:45,808 - VALO360 - DEBUG - 自動保存已禁用，跳過配置保存
2025-07-31 14:28:45,808 - VALO360 - DEBUG - 自動保存已禁用，跳過配置保存
2025-07-31 14:28:45,819 - VALO360 - DEBUG - 自動保存已禁用，跳過配置保存
2025-07-31 14:28:45,819 - VALO360 - DEBUG - 自動保存已禁用，跳過配置保存
2025-07-31 14:28:45,819 - VALO360 - DEBUG - 自動保存已禁用，跳過配置保存
2025-07-31 14:28:45,819 - VALO360 - DEBUG - 自動保存已禁用，跳過配置保存
2025-07-31 14:28:45,819 - VALO360 - DEBUG - 自動保存已禁用，跳過配置保存
2025-07-31 14:28:45,819 - VALO360 - DEBUG - 自動保存已禁用，跳過配置保存
2025-07-31 14:28:45,819 - VALO360 - DEBUG - 自動保存已禁用，跳過配置保存
2025-07-31 14:28:45,819 - VALO360 - DEBUG - 自動保存已禁用，跳過配置保存
2025-07-31 14:28:45,830 - VALO360 - DEBUG - 自動保存已禁用，跳過配置保存
2025-07-31 14:28:45,830 - VALO360 - DEBUG - 自動保存已禁用，跳過配置保存
2025-07-31 14:28:45,830 - VALO360 - DEBUG - 自動保存已禁用，跳過配置保存
2025-07-31 14:28:45,830 - VALO360 - DEBUG - 自動保存已禁用，跳過配置保存
2025-07-31 14:28:45,842 - VALO360 - DEBUG - 自動保存已禁用，跳過配置保存
2025-07-31 14:28:45,842 - VALO360 - DEBUG - 自動保存已禁用，跳過配置保存
2025-07-31 14:28:45,842 - VALO360 - DEBUG - 自動保存已禁用，跳過配置保存
2025-07-31 14:28:45,842 - VALO360 - DEBUG - 自動保存已禁用，跳過配置保存
2025-07-31 14:28:45,844 - VALO360 - DEBUG - 自動保存已禁用，跳過配置保存
2025-07-31 14:28:45,844 - VALO360 - DEBUG - 自動保存已禁用，跳過配置保存
2025-07-31 14:28:45,844 - VALO360 - DEBUG - 自動保存已禁用，跳過配置保存
2025-07-31 14:28:45,844 - VALO360 - DEBUG - 自動保存已禁用，跳過配置保存
2025-07-31 14:28:45,856 - VALO360 - DEBUG - 自動保存已禁用，跳過配置保存
2025-07-31 14:28:45,858 - VALO360 - DEBUG - 自動保存已禁用，跳過配置保存
2025-07-31 14:28:45,858 - VALO360 - DEBUG - 自動保存已禁用，跳過配置保存
2025-07-31 14:28:45,858 - VALO360 - DEBUG - 自動保存已禁用，跳過配置保存
2025-07-31 14:28:45,871 - VALO360 - DEBUG - 自動保存已禁用，跳過配置保存
2025-07-31 14:28:45,871 - VALO360 - DEBUG - 自動保存已禁用，跳過配置保存
2025-07-31 14:28:45,871 - VALO360 - DEBUG - 自動保存已禁用，跳過配置保存
2025-07-31 14:28:45,871 - VALO360 - DEBUG - 自動保存已禁用，跳過配置保存
2025-07-31 14:28:45,871 - VALO360 - DEBUG - 自動保存已禁用，跳過配置保存
2025-07-31 14:28:45,871 - VALO360 - DEBUG - 自動保存已禁用，跳過配置保存
2025-07-31 14:28:45,871 - VALO360 - DEBUG - 自動保存已禁用，跳過配置保存
2025-07-31 14:28:45,871 - VALO360 - DEBUG - 自動保存已禁用，跳過配置保存
2025-07-31 14:28:45,886 - VALO360 - DEBUG - 自動保存已禁用，跳過配置保存
2025-07-31 14:28:45,888 - VALO360 - DEBUG - 自動保存已禁用，跳過配置保存
2025-07-31 14:28:45,888 - VALO360 - DEBUG - 自動保存已禁用，跳過配置保存
2025-07-31 14:28:45,888 - VALO360 - DEBUG - 自動保存已禁用，跳過配置保存
2025-07-31 14:28:45,890 - VALO360 - DEBUG - 自動保存已禁用，跳過配置保存
2025-07-31 14:28:45,890 - VALO360 - DEBUG - 自動保存已禁用，跳過配置保存
2025-07-31 14:28:45,890 - VALO360 - DEBUG - 自動保存已禁用，跳過配置保存
2025-07-31 14:28:45,890 - VALO360 - DEBUG - 自動保存已禁用，跳過配置保存
2025-07-31 14:28:45,892 - VALO360 - DEBUG - 自動保存已禁用，跳過配置保存
2025-07-31 14:28:45,892 - VALO360 - DEBUG - 自動保存已禁用，跳過配置保存
2025-07-31 14:28:45,892 - VALO360 - DEBUG - 自動保存已禁用，跳過配置保存
2025-07-31 14:28:45,892 - VALO360 - DEBUG - 自動保存已禁用，跳過配置保存
2025-07-31 14:28:45,904 - VALO360 - DEBUG - 自動保存已禁用，跳過配置保存
2025-07-31 14:28:45,904 - VALO360 - DEBUG - 自動保存已禁用，跳過配置保存
2025-07-31 14:28:45,904 - VALO360 - DEBUG - 自動保存已禁用，跳過配置保存
2025-07-31 14:28:45,904 - VALO360 - DEBUG - 自動保存已禁用，跳過配置保存
2025-07-31 14:28:45,904 - VALO360 - DEBUG - 自動保存已禁用，跳過配置保存
2025-07-31 14:28:45,904 - VALO360 - DEBUG - 自動保存已禁用，跳過配置保存
2025-07-31 14:28:45,904 - VALO360 - DEBUG - 自動保存已禁用，跳過配置保存
2025-07-31 14:28:45,910 - VALO360 - DEBUG - 自動保存已禁用，跳過配置保存
2025-07-31 14:28:45,910 - VALO360 - DEBUG - 自動保存已禁用，跳過配置保存
2025-07-31 14:28:45,910 - VALO360 - DEBUG - 自動保存已禁用，跳過配置保存
2025-07-31 14:28:45,910 - VALO360 - DEBUG - 自動保存已禁用，跳過配置保存
2025-07-31 14:28:45,910 - VALO360 - DEBUG - 自動保存已禁用，跳過配置保存
2025-07-31 14:28:45,910 - VALO360 - DEBUG - 自動保存已禁用，跳過配置保存
2025-07-31 14:28:45,910 - VALO360 - DEBUG - 自動保存已禁用，跳過配置保存
2025-07-31 14:28:45,910 - VALO360 - DEBUG - 自動保存已禁用，跳過配置保存
2025-07-31 14:28:45,910 - VALO360 - DEBUG - 自動保存已禁用，跳過配置保存
2025-07-31 14:28:45,921 - VALO360 - DEBUG - 自動保存已禁用，跳過配置保存
2025-07-31 14:28:45,921 - VALO360 - DEBUG - 自動保存已禁用，跳過配置保存
2025-07-31 14:28:45,921 - VALO360 - DEBUG - 自動保存已禁用，跳過配置保存
2025-07-31 14:28:45,921 - VALO360 - DEBUG - 自動保存已禁用，跳過配置保存
2025-07-31 14:28:45,930 - VALO360 - DEBUG - 自動保存已禁用，跳過配置保存
2025-07-31 14:28:45,930 - VALO360 - DEBUG - 自動保存已禁用，跳過配置保存
2025-07-31 14:28:45,930 - VALO360 - DEBUG - 自動保存已禁用，跳過配置保存
2025-07-31 14:28:45,930 - VALO360 - DEBUG - 自動保存已禁用，跳過配置保存
2025-07-31 14:28:45,942 - VALO360 - DEBUG - 自動保存已禁用，跳過配置保存
2025-07-31 14:28:45,942 - VALO360 - DEBUG - 自動保存已禁用，跳過配置保存
2025-07-31 14:28:45,942 - VALO360 - DEBUG - 自動保存已禁用，跳過配置保存
2025-07-31 14:28:45,943 - VALO360 - DEBUG - 自動保存已禁用，跳過配置保存
2025-07-31 14:28:45,943 - VALO360 - DEBUG - 自動保存已禁用，跳過配置保存
2025-07-31 14:28:45,943 - VALO360 - DEBUG - 自動保存已禁用，跳過配置保存
2025-07-31 14:28:45,943 - VALO360 - DEBUG - 自動保存已禁用，跳過配置保存
2025-07-31 14:28:45,951 - VALO360 - DEBUG - 自動保存已禁用，跳過配置保存
2025-07-31 14:28:45,951 - VALO360 - DEBUG - 自動保存已禁用，跳過配置保存
2025-07-31 14:28:45,951 - VALO360 - DEBUG - 自動保存已禁用，跳過配置保存
2025-07-31 14:28:45,951 - VALO360 - DEBUG - 自動保存已禁用，跳過配置保存
2025-07-31 14:28:45,951 - VALO360 - DEBUG - 自動保存已禁用，跳過配置保存
2025-07-31 14:28:45,951 - VALO360 - DEBUG - 自動保存已禁用，跳過配置保存
2025-07-31 14:28:45,959 - VALO360 - DEBUG - 自動保存已禁用，跳過配置保存
2025-07-31 14:28:45,959 - VALO360 - DEBUG - 自動保存已禁用，跳過配置保存
2025-07-31 14:28:45,959 - VALO360 - DEBUG - 自動保存已禁用，跳過配置保存
2025-07-31 14:28:45,962 - VALO360 - DEBUG - 自動保存已禁用，跳過配置保存
2025-07-31 14:28:45,962 - VALO360 - DEBUG - 自動保存已禁用，跳過配置保存
2025-07-31 14:28:45,971 - VALO360 - DEBUG - 自動保存已禁用，跳過配置保存
2025-07-31 14:28:45,971 - VALO360 - DEBUG - 自動保存已禁用，跳過配置保存
2025-07-31 14:28:45,974 - VALO360 - DEBUG - 自動保存已禁用，跳過配置保存
2025-07-31 14:28:45,974 - VALO360 - DEBUG - 自動保存已禁用，跳過配置保存
2025-07-31 14:28:45,974 - VALO360 - DEBUG - 自動保存已禁用，跳過配置保存
2025-07-31 14:28:45,974 - VALO360 - DEBUG - 自動保存已禁用，跳過配置保存
2025-07-31 14:28:45,982 - VALO360 - DEBUG - 自動保存已禁用，跳過配置保存
2025-07-31 14:28:45,982 - VALO360 - DEBUG - 自動保存已禁用，跳過配置保存
2025-07-31 14:28:45,983 - VALO360 - DEBUG - 自動保存已禁用，跳過配置保存
2025-07-31 14:28:45,983 - VALO360 - DEBUG - 自動保存已禁用，跳過配置保存
2025-07-31 14:28:45,983 - VALO360 - DEBUG - 自動保存已禁用，跳過配置保存
2025-07-31 14:28:45,983 - VALO360 - DEBUG - 自動保存已禁用，跳過配置保存
2025-07-31 14:28:45,983 - VALO360 - DEBUG - 自動保存已禁用，跳過配置保存
2025-07-31 14:28:45,983 - VALO360 - DEBUG - 自動保存已禁用，跳過配置保存
2025-07-31 14:28:45,983 - VALO360 - DEBUG - 自動保存已禁用，跳過配置保存
2025-07-31 14:28:45,983 - VALO360 - DEBUG - 自動保存已禁用，跳過配置保存
2025-07-31 14:28:45,992 - VALO360 - DEBUG - 自動保存已禁用，跳過配置保存
2025-07-31 14:28:45,992 - VALO360 - DEBUG - 自動保存已禁用，跳過配置保存
2025-07-31 14:28:46,002 - VALO360 - DEBUG - 自動保存已禁用，跳過配置保存
2025-07-31 14:28:46,003 - VALO360 - DEBUG - 自動保存已禁用，跳過配置保存
2025-07-31 14:28:46,003 - VALO360 - DEBUG - 自動保存已禁用，跳過配置保存
2025-07-31 14:28:46,003 - VALO360 - DEBUG - 自動保存已禁用，跳過配置保存
2025-07-31 14:28:46,005 - VALO360 - DEBUG - 自動保存已禁用，跳過配置保存
2025-07-31 14:28:46,005 - VALO360 - DEBUG - 自動保存已禁用，跳過配置保存
2025-07-31 14:28:46,005 - VALO360 - DEBUG - 自動保存已禁用，跳過配置保存
2025-07-31 14:28:46,007 - VALO360 - DEBUG - 自動保存已禁用，跳過配置保存
2025-07-31 14:28:46,013 - VALO360 - DEBUG - 自動保存已禁用，跳過配置保存
2025-07-31 14:28:46,013 - VALO360 - DEBUG - 自動保存已禁用，跳過配置保存
2025-07-31 14:28:46,013 - VALO360 - DEBUG - 自動保存已禁用，跳過配置保存
2025-07-31 14:28:46,013 - VALO360 - DEBUG - 自動保存已禁用，跳過配置保存
2025-07-31 14:28:46,015 - VALO360 - DEBUG - 自動保存已禁用，跳過配置保存
2025-07-31 14:28:46,015 - VALO360 - DEBUG - 自動保存已禁用，跳過配置保存
2025-07-31 14:28:46,015 - VALO360 - DEBUG - 自動保存已禁用，跳過配置保存
2025-07-31 14:28:46,015 - VALO360 - DEBUG - 自動保存已禁用，跳過配置保存
2025-07-31 14:28:46,024 - VALO360 - DEBUG - 自動保存已禁用，跳過配置保存
2025-07-31 14:28:46,024 - VALO360 - DEBUG - 自動保存已禁用，跳過配置保存
2025-07-31 14:28:46,024 - VALO360 - DEBUG - 自動保存已禁用，跳過配置保存
2025-07-31 14:28:46,024 - VALO360 - DEBUG - 自動保存已禁用，跳過配置保存
2025-07-31 14:28:46,033 - VALO360 - DEBUG - 自動保存已禁用，跳過配置保存
2025-07-31 14:28:46,033 - VALO360 - DEBUG - 自動保存已禁用，跳過配置保存
2025-07-31 14:28:46,035 - VALO360 - DEBUG - 自動保存已禁用，跳過配置保存
2025-07-31 14:28:46,035 - VALO360 - DEBUG - 自動保存已禁用，跳過配置保存
2025-07-31 14:28:46,037 - VALO360 - DEBUG - 自動保存已禁用，跳過配置保存
2025-07-31 14:28:46,037 - VALO360 - DEBUG - 自動保存已禁用，跳過配置保存
2025-07-31 14:28:46,039 - VALO360 - DEBUG - 自動保存已禁用，跳過配置保存
2025-07-31 14:28:46,039 - VALO360 - DEBUG - 自動保存已禁用，跳過配置保存
2025-07-31 14:28:46,044 - VALO360 - DEBUG - 自動保存已禁用，跳過配置保存
2025-07-31 14:28:46,044 - VALO360 - DEBUG - 自動保存已禁用，跳過配置保存
2025-07-31 14:28:46,044 - VALO360 - DEBUG - 自動保存已禁用，跳過配置保存
2025-07-31 14:28:46,044 - VALO360 - DEBUG - 自動保存已禁用，跳過配置保存
2025-07-31 14:28:46,044 - VALO360 - DEBUG - 自動保存已禁用，跳過配置保存
2025-07-31 14:28:46,044 - VALO360 - DEBUG - 自動保存已禁用，跳過配置保存
2025-07-31 14:28:46,044 - VALO360 - DEBUG - 自動保存已禁用，跳過配置保存
2025-07-31 14:28:46,044 - VALO360 - DEBUG - 自動保存已禁用，跳過配置保存
2025-07-31 14:28:46,056 - VALO360 - DEBUG - 自動保存已禁用，跳過配置保存
2025-07-31 14:28:46,056 - VALO360 - DEBUG - 自動保存已禁用，跳過配置保存
2025-07-31 14:28:46,056 - VALO360 - DEBUG - 自動保存已禁用，跳過配置保存
2025-07-31 14:28:46,056 - VALO360 - DEBUG - 自動保存已禁用，跳過配置保存
2025-07-31 14:28:46,062 - VALO360 - DEBUG - 自動保存已禁用，跳過配置保存
2025-07-31 14:28:46,062 - VALO360 - DEBUG - 自動保存已禁用，跳過配置保存
2025-07-31 14:28:46,062 - VALO360 - DEBUG - 自動保存已禁用，跳過配置保存
2025-07-31 14:28:46,062 - VALO360 - DEBUG - 自動保存已禁用，跳過配置保存
2025-07-31 14:28:46,064 - VALO360 - DEBUG - 自動保存已禁用，跳過配置保存
2025-07-31 14:28:46,064 - VALO360 - DEBUG - 自動保存已禁用，跳過配置保存
2025-07-31 14:28:46,064 - VALO360 - DEBUG - 自動保存已禁用，跳過配置保存
2025-07-31 14:28:46,064 - VALO360 - DEBUG - 自動保存已禁用，跳過配置保存
2025-07-31 14:28:46,074 - VALO360 - DEBUG - 自動保存已禁用，跳過配置保存
2025-07-31 14:28:46,074 - VALO360 - DEBUG - 自動保存已禁用，跳過配置保存
2025-07-31 14:28:46,074 - VALO360 - DEBUG - 自動保存已禁用，跳過配置保存
2025-07-31 14:28:46,074 - VALO360 - DEBUG - 自動保存已禁用，跳過配置保存
2025-07-31 14:28:46,083 - VALO360 - DEBUG - 自動保存已禁用，跳過配置保存
2025-07-31 14:28:46,083 - VALO360 - DEBUG - 自動保存已禁用，跳過配置保存
2025-07-31 14:28:46,083 - VALO360 - DEBUG - 自動保存已禁用，跳過配置保存
2025-07-31 14:28:46,084 - VALO360 - DEBUG - 自動保存已禁用，跳過配置保存
2025-07-31 14:28:46,085 - VALO360 - DEBUG - 自動保存已禁用，跳過配置保存
2025-07-31 14:28:46,085 - VALO360 - DEBUG - 自動保存已禁用，跳過配置保存
2025-07-31 14:28:46,085 - VALO360 - DEBUG - 自動保存已禁用，跳過配置保存
2025-07-31 14:28:46,085 - VALO360 - DEBUG - 自動保存已禁用，跳過配置保存
2025-07-31 14:28:46,103 - VALO360 - DEBUG - 自動保存已禁用，跳過配置保存
2025-07-31 14:28:46,103 - VALO360 - DEBUG - 自動保存已禁用，跳過配置保存
2025-07-31 14:28:46,103 - VALO360 - DEBUG - 自動保存已禁用，跳過配置保存
2025-07-31 14:28:46,103 - VALO360 - DEBUG - 自動保存已禁用，跳過配置保存
2025-07-31 14:28:46,105 - VALO360 - DEBUG - 自動保存已禁用，跳過配置保存
2025-07-31 14:28:46,105 - VALO360 - DEBUG - 自動保存已禁用，跳過配置保存
2025-07-31 14:28:46,105 - VALO360 - DEBUG - 自動保存已禁用，跳過配置保存
2025-07-31 14:28:46,107 - VALO360 - DEBUG - 自動保存已禁用，跳過配置保存
2025-07-31 14:28:46,109 - VALO360 - DEBUG - 自動保存已禁用，跳過配置保存
2025-07-31 14:28:46,109 - VALO360 - DEBUG - 自動保存已禁用，跳過配置保存
2025-07-31 14:28:46,109 - VALO360 - DEBUG - 自動保存已禁用，跳過配置保存
2025-07-31 14:28:46,109 - VALO360 - DEBUG - 自動保存已禁用，跳過配置保存
2025-07-31 14:28:46,111 - VALO360 - DEBUG - 自動保存已禁用，跳過配置保存
2025-07-31 14:28:46,111 - VALO360 - DEBUG - 自動保存已禁用，跳過配置保存
2025-07-31 14:28:46,111 - VALO360 - DEBUG - 自動保存已禁用，跳過配置保存
2025-07-31 14:28:46,111 - VALO360 - DEBUG - 自動保存已禁用，跳過配置保存
2025-07-31 14:28:46,115 - VALO360 - DEBUG - 自動保存已禁用，跳過配置保存
2025-07-31 14:28:46,115 - VALO360 - DEBUG - 自動保存已禁用，跳過配置保存
2025-07-31 14:28:46,115 - VALO360 - DEBUG - 自動保存已禁用，跳過配置保存
2025-07-31 14:28:46,115 - VALO360 - DEBUG - 自動保存已禁用，跳過配置保存
2025-07-31 14:28:46,126 - VALO360 - DEBUG - 自動保存已禁用，跳過配置保存
2025-07-31 14:28:46,126 - VALO360 - DEBUG - 自動保存已禁用，跳過配置保存
2025-07-31 14:28:46,126 - VALO360 - DEBUG - 自動保存已禁用，跳過配置保存
2025-07-31 14:28:46,126 - VALO360 - DEBUG - 自動保存已禁用，跳過配置保存
2025-07-31 14:28:46,135 - VALO360 - DEBUG - 自動保存已禁用，跳過配置保存
2025-07-31 14:28:46,135 - VALO360 - DEBUG - 自動保存已禁用，跳過配置保存
2025-07-31 14:28:46,135 - VALO360 - DEBUG - 自動保存已禁用，跳過配置保存
2025-07-31 14:28:46,135 - VALO360 - DEBUG - 自動保存已禁用，跳過配置保存
2025-07-31 14:28:46,137 - VALO360 - DEBUG - 自動保存已禁用，跳過配置保存
2025-07-31 14:28:46,144 - VALO360 - DEBUG - 自動保存已禁用，跳過配置保存
2025-07-31 14:28:46,144 - VALO360 - DEBUG - 自動保存已禁用，跳過配置保存
2025-07-31 14:28:46,144 - VALO360 - DEBUG - 自動保存已禁用，跳過配置保存
2025-07-31 14:28:46,146 - VALO360 - DEBUG - 自動保存已禁用，跳過配置保存
2025-07-31 14:28:46,146 - VALO360 - DEBUG - 自動保存已禁用，跳過配置保存
2025-07-31 14:28:46,146 - VALO360 - DEBUG - 自動保存已禁用，跳過配置保存
2025-07-31 14:28:46,146 - VALO360 - DEBUG - 自動保存已禁用，跳過配置保存
2025-07-31 14:28:46,152 - VALO360 - DEBUG - 自動保存已禁用，跳過配置保存
2025-07-31 14:28:46,152 - VALO360 - DEBUG - 自動保存已禁用，跳過配置保存
2025-07-31 14:28:46,152 - VALO360 - DEBUG - 自動保存已禁用，跳過配置保存
2025-07-31 14:28:46,154 - VALO360 - DEBUG - 自動保存已禁用，跳過配置保存
2025-07-31 14:28:46,164 - VALO360 - DEBUG - 自動保存已禁用，跳過配置保存
2025-07-31 14:28:46,164 - VALO360 - DEBUG - 自動保存已禁用，跳過配置保存
2025-07-31 14:28:46,164 - VALO360 - DEBUG - 自動保存已禁用，跳過配置保存
2025-07-31 14:28:46,164 - VALO360 - DEBUG - 自動保存已禁用，跳過配置保存
2025-07-31 14:28:46,164 - VALO360 - DEBUG - 自動保存已禁用，跳過配置保存
2025-07-31 14:28:46,164 - VALO360 - DEBUG - 自動保存已禁用，跳過配置保存
2025-07-31 14:28:46,164 - VALO360 - DEBUG - 自動保存已禁用，跳過配置保存
2025-07-31 14:28:46,164 - VALO360 - DEBUG - 自動保存已禁用，跳過配置保存
2025-07-31 14:28:46,182 - VALO360 - DEBUG - 自動保存已禁用，跳過配置保存
2025-07-31 14:28:46,182 - VALO360 - DEBUG - 自動保存已禁用，跳過配置保存
2025-07-31 14:28:46,184 - VALO360 - DEBUG - 自動保存已禁用，跳過配置保存
2025-07-31 14:28:46,184 - VALO360 - DEBUG - 自動保存已禁用，跳過配置保存
2025-07-31 14:28:46,184 - VALO360 - DEBUG - 自動保存已禁用，跳過配置保存
2025-07-31 14:28:46,184 - VALO360 - DEBUG - 自動保存已禁用，跳過配置保存
2025-07-31 14:28:46,184 - VALO360 - DEBUG - 自動保存已禁用，跳過配置保存
2025-07-31 14:28:46,184 - VALO360 - DEBUG - 自動保存已禁用，跳過配置保存
2025-07-31 14:28:46,196 - VALO360 - DEBUG - 自動保存已禁用，跳過配置保存
2025-07-31 14:28:46,196 - VALO360 - DEBUG - 自動保存已禁用，跳過配置保存
2025-07-31 14:28:46,196 - VALO360 - DEBUG - 自動保存已禁用，跳過配置保存
2025-07-31 14:28:46,196 - VALO360 - DEBUG - 自動保存已禁用，跳過配置保存
2025-07-31 14:28:46,205 - VALO360 - DEBUG - 自動保存已禁用，跳過配置保存
2025-07-31 14:28:46,205 - VALO360 - DEBUG - 自動保存已禁用，跳過配置保存
2025-07-31 14:28:46,205 - VALO360 - DEBUG - 自動保存已禁用，跳過配置保存
2025-07-31 14:28:46,205 - VALO360 - DEBUG - 自動保存已禁用，跳過配置保存
2025-07-31 14:28:46,205 - VALO360 - DEBUG - 自動保存已禁用，跳過配置保存
2025-07-31 14:28:46,205 - VALO360 - DEBUG - 自動保存已禁用，跳過配置保存
2025-07-31 14:28:46,205 - VALO360 - DEBUG - 自動保存已禁用，跳過配置保存
2025-07-31 14:28:46,205 - VALO360 - DEBUG - 自動保存已禁用，跳過配置保存
2025-07-31 14:28:46,230 - VALO360 - DEBUG - 自動保存已禁用，跳過配置保存
2025-07-31 14:28:46,232 - VALO360 - DEBUG - 自動保存已禁用，跳過配置保存
2025-07-31 14:28:46,232 - VALO360 - DEBUG - 自動保存已禁用，跳過配置保存
2025-07-31 14:28:46,232 - VALO360 - DEBUG - 自動保存已禁用，跳過配置保存
2025-07-31 14:28:46,232 - VALO360 - DEBUG - 自動保存已禁用，跳過配置保存
2025-07-31 14:28:46,234 - VALO360 - DEBUG - 自動保存已禁用，跳過配置保存
2025-07-31 14:28:46,234 - VALO360 - DEBUG - 自動保存已禁用，跳過配置保存
2025-07-31 14:28:46,234 - VALO360 - DEBUG - 自動保存已禁用，跳過配置保存
2025-07-31 14:28:46,239 - VALO360 - DEBUG - 自動保存已禁用，跳過配置保存
2025-07-31 14:28:46,239 - VALO360 - DEBUG - 自動保存已禁用，跳過配置保存
2025-07-31 14:28:46,239 - VALO360 - DEBUG - 自動保存已禁用，跳過配置保存
2025-07-31 14:28:46,239 - VALO360 - DEBUG - 自動保存已禁用，跳過配置保存
2025-07-31 14:28:46,247 - VALO360 - DEBUG - 自動保存已禁用，跳過配置保存
2025-07-31 14:28:46,247 - VALO360 - DEBUG - 自動保存已禁用，跳過配置保存
2025-07-31 14:28:46,247 - VALO360 - DEBUG - 自動保存已禁用，跳過配置保存
2025-07-31 14:28:46,247 - VALO360 - DEBUG - 自動保存已禁用，跳過配置保存
2025-07-31 14:28:46,247 - VALO360 - DEBUG - 自動保存已禁用，跳過配置保存
2025-07-31 14:28:46,247 - VALO360 - DEBUG - 自動保存已禁用，跳過配置保存
2025-07-31 14:28:46,256 - VALO360 - DEBUG - 自動保存已禁用，跳過配置保存
2025-07-31 14:28:46,256 - VALO360 - DEBUG - 自動保存已禁用，跳過配置保存
2025-07-31 14:28:46,269 - VALO360 - DEBUG - 自動保存已禁用，跳過配置保存
2025-07-31 14:28:46,269 - VALO360 - DEBUG - 自動保存已禁用，跳過配置保存
2025-07-31 14:28:46,269 - VALO360 - DEBUG - 自動保存已禁用，跳過配置保存
2025-07-31 14:28:46,269 - VALO360 - DEBUG - 自動保存已禁用，跳過配置保存
2025-07-31 14:28:46,269 - VALO360 - DEBUG - 自動保存已禁用，跳過配置保存
2025-07-31 14:28:46,269 - VALO360 - DEBUG - 自動保存已禁用，跳過配置保存
2025-07-31 14:28:46,269 - VALO360 - DEBUG - 自動保存已禁用，跳過配置保存
2025-07-31 14:28:46,269 - VALO360 - DEBUG - 自動保存已禁用，跳過配置保存
2025-07-31 14:28:46,277 - VALO360 - DEBUG - 自動保存已禁用，跳過配置保存
2025-07-31 14:28:46,277 - VALO360 - DEBUG - 自動保存已禁用，跳過配置保存
2025-07-31 14:28:46,277 - VALO360 - DEBUG - 自動保存已禁用，跳過配置保存
2025-07-31 14:28:46,277 - VALO360 - DEBUG - 自動保存已禁用，跳過配置保存
2025-07-31 14:28:46,277 - VALO360 - DEBUG - 自動保存已禁用，跳過配置保存
2025-07-31 14:28:46,277 - VALO360 - DEBUG - 自動保存已禁用，跳過配置保存
2025-07-31 14:28:46,277 - VALO360 - DEBUG - 自動保存已禁用，跳過配置保存
2025-07-31 14:28:46,277 - VALO360 - DEBUG - 自動保存已禁用，跳過配置保存
2025-07-31 14:28:46,288 - VALO360 - DEBUG - 自動保存已禁用，跳過配置保存
2025-07-31 14:28:46,288 - VALO360 - DEBUG - 自動保存已禁用，跳過配置保存
2025-07-31 14:28:46,288 - VALO360 - DEBUG - 自動保存已禁用，跳過配置保存
2025-07-31 14:28:46,288 - VALO360 - DEBUG - 自動保存已禁用，跳過配置保存
2025-07-31 14:28:46,389 - VALO360 - DEBUG - 自動保存已禁用，跳過配置保存
2025-07-31 14:28:46,389 - VALO360 - DEBUG - 自動保存已禁用，跳過配置保存
2025-07-31 14:28:46,389 - VALO360 - DEBUG - 自動保存已禁用，跳過配置保存
2025-07-31 14:28:46,389 - VALO360 - DEBUG - 自動保存已禁用，跳過配置保存
2025-07-31 14:28:46,389 - VALO360 - DEBUG - 自動保存已禁用，跳過配置保存
2025-07-31 14:28:46,389 - VALO360 - DEBUG - 自動保存已禁用，跳過配置保存
2025-07-31 14:28:46,389 - VALO360 - DEBUG - 自動保存已禁用，跳過配置保存
2025-07-31 14:28:46,389 - VALO360 - DEBUG - 自動保存已禁用，跳過配置保存
2025-07-31 14:28:46,402 - VALO360 - DEBUG - 自動保存已禁用，跳過配置保存
2025-07-31 14:28:46,402 - VALO360 - DEBUG - 自動保存已禁用，跳過配置保存
2025-07-31 14:28:46,402 - VALO360 - DEBUG - 自動保存已禁用，跳過配置保存
2025-07-31 14:28:46,402 - VALO360 - DEBUG - 自動保存已禁用，跳過配置保存
2025-07-31 14:28:46,408 - VALO360 - DEBUG - 自動保存已禁用，跳過配置保存
2025-07-31 14:28:46,408 - VALO360 - DEBUG - 自動保存已禁用，跳過配置保存
2025-07-31 14:28:46,410 - VALO360 - DEBUG - 自動保存已禁用，跳過配置保存
2025-07-31 14:28:46,410 - VALO360 - DEBUG - 自動保存已禁用，跳過配置保存
2025-07-31 14:28:46,410 - VALO360 - DEBUG - 自動保存已禁用，跳過配置保存
2025-07-31 14:28:46,410 - VALO360 - DEBUG - 自動保存已禁用，跳過配置保存
2025-07-31 14:28:46,410 - VALO360 - DEBUG - 自動保存已禁用，跳過配置保存
2025-07-31 14:28:46,410 - VALO360 - DEBUG - 自動保存已禁用，跳過配置保存
2025-07-31 14:28:46,421 - VALO360 - DEBUG - 自動保存已禁用，跳過配置保存
2025-07-31 14:28:46,421 - VALO360 - DEBUG - 自動保存已禁用，跳過配置保存
2025-07-31 14:28:46,421 - VALO360 - DEBUG - 自動保存已禁用，跳過配置保存
2025-07-31 14:28:46,421 - VALO360 - DEBUG - 自動保存已禁用，跳過配置保存
2025-07-31 14:28:46,421 - VALO360 - DEBUG - 自動保存已禁用，跳過配置保存
2025-07-31 14:28:46,421 - VALO360 - DEBUG - 自動保存已禁用，跳過配置保存
2025-07-31 14:28:46,421 - VALO360 - DEBUG - 自動保存已禁用，跳過配置保存
2025-07-31 14:28:46,421 - VALO360 - DEBUG - 自動保存已禁用，跳過配置保存
2025-07-31 14:28:46,439 - VALO360 - DEBUG - 自動保存已禁用，跳過配置保存
2025-07-31 14:28:46,439 - VALO360 - DEBUG - 自動保存已禁用，跳過配置保存
2025-07-31 14:28:46,439 - VALO360 - DEBUG - 自動保存已禁用，跳過配置保存
2025-07-31 14:28:46,439 - VALO360 - DEBUG - 自動保存已禁用，跳過配置保存
2025-07-31 14:28:46,441 - VALO360 - DEBUG - 自動保存已禁用，跳過配置保存
2025-07-31 14:28:46,441 - VALO360 - DEBUG - 自動保存已禁用，跳過配置保存
2025-07-31 14:28:46,441 - VALO360 - DEBUG - 自動保存已禁用，跳過配置保存
2025-07-31 14:28:46,441 - VALO360 - DEBUG - 自動保存已禁用，跳過配置保存
2025-07-31 14:28:46,451 - VALO360 - DEBUG - 自動保存已禁用，跳過配置保存
2025-07-31 14:28:46,451 - VALO360 - DEBUG - 自動保存已禁用，跳過配置保存
2025-07-31 14:28:46,451 - VALO360 - DEBUG - 自動保存已禁用，跳過配置保存
2025-07-31 14:28:46,451 - VALO360 - DEBUG - 自動保存已禁用，跳過配置保存
2025-07-31 14:28:46,459 - VALO360 - DEBUG - 自動保存已禁用，跳過配置保存
2025-07-31 14:28:46,459 - VALO360 - DEBUG - 自動保存已禁用，跳過配置保存
2025-07-31 14:28:46,459 - VALO360 - DEBUG - 自動保存已禁用，跳過配置保存
2025-07-31 14:28:46,459 - VALO360 - DEBUG - 自動保存已禁用，跳過配置保存
2025-07-31 14:28:46,459 - VALO360 - DEBUG - 自動保存已禁用，跳過配置保存
2025-07-31 14:28:46,459 - VALO360 - DEBUG - 自動保存已禁用，跳過配置保存
2025-07-31 14:28:46,459 - VALO360 - DEBUG - 自動保存已禁用，跳過配置保存
2025-07-31 14:28:46,459 - VALO360 - DEBUG - 自動保存已禁用，跳過配置保存
2025-07-31 14:28:46,470 - VALO360 - DEBUG - 自動保存已禁用，跳過配置保存
2025-07-31 14:28:46,470 - VALO360 - DEBUG - 自動保存已禁用，跳過配置保存
2025-07-31 14:28:46,470 - VALO360 - DEBUG - 自動保存已禁用，跳過配置保存
2025-07-31 14:28:46,470 - VALO360 - DEBUG - 自動保存已禁用，跳過配置保存
2025-07-31 14:28:46,470 - VALO360 - DEBUG - 自動保存已禁用，跳過配置保存
2025-07-31 14:28:46,470 - VALO360 - DEBUG - 自動保存已禁用，跳過配置保存
2025-07-31 14:28:46,470 - VALO360 - DEBUG - 自動保存已禁用，跳過配置保存
2025-07-31 14:28:46,470 - VALO360 - DEBUG - 自動保存已禁用，跳過配置保存
2025-07-31 14:28:46,479 - VALO360 - DEBUG - 自動保存已禁用，跳過配置保存
2025-07-31 14:28:46,479 - VALO360 - DEBUG - 自動保存已禁用，跳過配置保存
2025-07-31 14:28:46,479 - VALO360 - DEBUG - 自動保存已禁用，跳過配置保存
2025-07-31 14:28:46,479 - VALO360 - DEBUG - 自動保存已禁用，跳過配置保存
2025-07-31 14:28:46,479 - VALO360 - DEBUG - 自動保存已禁用，跳過配置保存
2025-07-31 14:28:46,479 - VALO360 - DEBUG - 自動保存已禁用，跳過配置保存
2025-07-31 14:28:46,479 - VALO360 - DEBUG - 自動保存已禁用，跳過配置保存
2025-07-31 14:28:46,479 - VALO360 - DEBUG - 自動保存已禁用，跳過配置保存
2025-07-31 14:28:46,495 - VALO360 - DEBUG - 自動保存已禁用，跳過配置保存
2025-07-31 14:28:46,495 - VALO360 - DEBUG - 自動保存已禁用，跳過配置保存
2025-07-31 14:28:46,495 - VALO360 - DEBUG - 自動保存已禁用，跳過配置保存
2025-07-31 14:28:46,495 - VALO360 - DEBUG - 自動保存已禁用，跳過配置保存
2025-07-31 14:28:46,502 - VALO360 - DEBUG - 自動保存已禁用，跳過配置保存
2025-07-31 14:28:46,502 - VALO360 - DEBUG - 自動保存已禁用，跳過配置保存
2025-07-31 14:28:46,502 - VALO360 - DEBUG - 自動保存已禁用，跳過配置保存
2025-07-31 14:28:46,502 - VALO360 - DEBUG - 自動保存已禁用，跳過配置保存
2025-07-31 14:28:46,502 - VALO360 - DEBUG - 自動保存已禁用，跳過配置保存
2025-07-31 14:28:46,502 - VALO360 - DEBUG - 自動保存已禁用，跳過配置保存
2025-07-31 14:28:46,502 - VALO360 - DEBUG - 自動保存已禁用，跳過配置保存
2025-07-31 14:28:46,502 - VALO360 - DEBUG - 自動保存已禁用，跳過配置保存
2025-07-31 14:28:46,606 - VALO360 - DEBUG - 自動保存已禁用，跳過配置保存
2025-07-31 14:28:46,606 - VALO360 - DEBUG - 自動保存已禁用，跳過配置保存
2025-07-31 14:28:46,606 - VALO360 - DEBUG - 自動保存已禁用，跳過配置保存
2025-07-31 14:28:46,606 - VALO360 - DEBUG - 自動保存已禁用，跳過配置保存
2025-07-31 14:28:46,612 - VALO360 - DEBUG - 自動保存已禁用，跳過配置保存
2025-07-31 14:28:46,612 - VALO360 - DEBUG - 自動保存已禁用，跳過配置保存
2025-07-31 14:28:46,612 - VALO360 - DEBUG - 自動保存已禁用，跳過配置保存
2025-07-31 14:28:46,612 - VALO360 - DEBUG - 自動保存已禁用，跳過配置保存
2025-07-31 14:28:46,612 - VALO360 - DEBUG - 自動保存已禁用，跳過配置保存
2025-07-31 14:28:46,612 - VALO360 - DEBUG - 自動保存已禁用，跳過配置保存
2025-07-31 14:28:46,612 - VALO360 - DEBUG - 自動保存已禁用，跳過配置保存
2025-07-31 14:28:46,621 - VALO360 - DEBUG - 自動保存已禁用，跳過配置保存
2025-07-31 14:28:46,624 - VALO360 - DEBUG - 自動保存已禁用，跳過配置保存
2025-07-31 14:28:46,624 - VALO360 - DEBUG - 自動保存已禁用，跳過配置保存
2025-07-31 14:28:46,624 - VALO360 - DEBUG - 自動保存已禁用，跳過配置保存
2025-07-31 14:28:46,624 - VALO360 - DEBUG - 自動保存已禁用，跳過配置保存
2025-07-31 14:28:46,624 - VALO360 - DEBUG - 自動保存已禁用，跳過配置保存
2025-07-31 14:28:46,624 - VALO360 - DEBUG - 自動保存已禁用，跳過配置保存
2025-07-31 14:28:46,624 - VALO360 - DEBUG - 自動保存已禁用，跳過配置保存
2025-07-31 14:28:46,624 - VALO360 - DEBUG - 自動保存已禁用，跳過配置保存
2025-07-31 14:28:46,640 - VALO360 - DEBUG - 自動保存已禁用，跳過配置保存
2025-07-31 14:28:46,640 - VALO360 - DEBUG - 自動保存已禁用，跳過配置保存
2025-07-31 14:28:46,640 - VALO360 - DEBUG - 自動保存已禁用，跳過配置保存
2025-07-31 14:28:46,640 - VALO360 - DEBUG - 自動保存已禁用，跳過配置保存
2025-07-31 14:28:46,643 - VALO360 - DEBUG - 自動保存已禁用，跳過配置保存
2025-07-31 14:28:46,643 - VALO360 - DEBUG - 自動保存已禁用，跳過配置保存
2025-07-31 14:28:46,643 - VALO360 - DEBUG - 自動保存已禁用，跳過配置保存
2025-07-31 14:28:46,643 - VALO360 - DEBUG - 自動保存已禁用，跳過配置保存
2025-07-31 14:28:46,643 - VALO360 - DEBUG - 自動保存已禁用，跳過配置保存
2025-07-31 14:28:46,643 - VALO360 - DEBUG - 自動保存已禁用，跳過配置保存
2025-07-31 14:28:46,652 - VALO360 - DEBUG - 自動保存已禁用，跳過配置保存
2025-07-31 14:28:46,652 - VALO360 - DEBUG - 自動保存已禁用，跳過配置保存
2025-07-31 14:28:46,657 - VALO360 - DEBUG - 自動保存已禁用，跳過配置保存
2025-07-31 14:28:46,657 - VALO360 - DEBUG - 自動保存已禁用，跳過配置保存
2025-07-31 14:28:46,657 - VALO360 - DEBUG - 自動保存已禁用，跳過配置保存
2025-07-31 14:28:46,657 - VALO360 - DEBUG - 自動保存已禁用，跳過配置保存
2025-07-31 14:28:46,657 - VALO360 - DEBUG - 自動保存已禁用，跳過配置保存
2025-07-31 14:28:46,657 - VALO360 - DEBUG - 自動保存已禁用，跳過配置保存
2025-07-31 14:28:46,657 - VALO360 - DEBUG - 自動保存已禁用，跳過配置保存
2025-07-31 14:28:46,657 - VALO360 - DEBUG - 自動保存已禁用，跳過配置保存
2025-07-31 14:28:46,672 - VALO360 - DEBUG - 自動保存已禁用，跳過配置保存
2025-07-31 14:28:46,672 - VALO360 - DEBUG - 自動保存已禁用，跳過配置保存
2025-07-31 14:28:46,672 - VALO360 - DEBUG - 自動保存已禁用，跳過配置保存
2025-07-31 14:28:46,673 - VALO360 - DEBUG - 自動保存已禁用，跳過配置保存
2025-07-31 14:28:46,673 - VALO360 - DEBUG - 自動保存已禁用，跳過配置保存
2025-07-31 14:28:46,673 - VALO360 - DEBUG - 自動保存已禁用，跳過配置保存
2025-07-31 14:28:46,673 - VALO360 - DEBUG - 自動保存已禁用，跳過配置保存
2025-07-31 14:28:46,673 - VALO360 - DEBUG - 自動保存已禁用，跳過配置保存
2025-07-31 14:28:46,684 - VALO360 - DEBUG - 自動保存已禁用，跳過配置保存
2025-07-31 14:28:46,684 - VALO360 - DEBUG - 自動保存已禁用，跳過配置保存
2025-07-31 14:28:46,684 - VALO360 - DEBUG - 自動保存已禁用，跳過配置保存
2025-07-31 14:28:46,684 - VALO360 - DEBUG - 自動保存已禁用，跳過配置保存
2025-07-31 14:28:46,684 - VALO360 - DEBUG - 自動保存已禁用，跳過配置保存
2025-07-31 14:28:46,684 - VALO360 - DEBUG - 自動保存已禁用，跳過配置保存
2025-07-31 14:28:46,684 - VALO360 - DEBUG - 自動保存已禁用，跳過配置保存
2025-07-31 14:28:46,684 - VALO360 - DEBUG - 自動保存已禁用，跳過配置保存
2025-07-31 14:28:46,694 - VALO360 - DEBUG - 自動保存已禁用，跳過配置保存
2025-07-31 14:28:46,694 - VALO360 - DEBUG - 自動保存已禁用，跳過配置保存
2025-07-31 14:28:46,694 - VALO360 - DEBUG - 自動保存已禁用，跳過配置保存
2025-07-31 14:28:46,694 - VALO360 - DEBUG - 自動保存已禁用，跳過配置保存
2025-07-31 14:28:46,796 - VALO360 - DEBUG - 自動保存已禁用，跳過配置保存
2025-07-31 14:28:46,796 - VALO360 - DEBUG - 自動保存已禁用，跳過配置保存
2025-07-31 14:28:46,796 - VALO360 - DEBUG - 自動保存已禁用，跳過配置保存
2025-07-31 14:28:46,796 - VALO360 - DEBUG - 自動保存已禁用，跳過配置保存
2025-07-31 14:28:46,796 - VALO360 - DEBUG - 自動保存已禁用，跳過配置保存
2025-07-31 14:28:46,796 - VALO360 - DEBUG - 自動保存已禁用，跳過配置保存
2025-07-31 14:28:46,796 - VALO360 - DEBUG - 自動保存已禁用，跳過配置保存
2025-07-31 14:28:46,805 - VALO360 - DEBUG - 自動保存已禁用，跳過配置保存
2025-07-31 14:28:46,809 - VALO360 - DEBUG - 自動保存已禁用，跳過配置保存
2025-07-31 14:28:46,811 - VALO360 - DEBUG - 自動保存已禁用，跳過配置保存
2025-07-31 14:28:46,811 - VALO360 - DEBUG - 自動保存已禁用，跳過配置保存
2025-07-31 14:28:46,811 - VALO360 - DEBUG - 自動保存已禁用，跳過配置保存
2025-07-31 14:28:46,813 - VALO360 - DEBUG - 自動保存已禁用，跳過配置保存
2025-07-31 14:28:46,813 - VALO360 - DEBUG - 自動保存已禁用，跳過配置保存
2025-07-31 14:28:46,815 - VALO360 - DEBUG - 自動保存已禁用，跳過配置保存
2025-07-31 14:28:46,815 - VALO360 - DEBUG - 自動保存已禁用，跳過配置保存
2025-07-31 14:28:46,816 - VALO360 - DEBUG - 自動保存已禁用，跳過配置保存
2025-07-31 14:28:46,816 - VALO360 - DEBUG - 自動保存已禁用，跳過配置保存
2025-07-31 14:28:46,816 - VALO360 - DEBUG - 自動保存已禁用，跳過配置保存
2025-07-31 14:28:46,816 - VALO360 - DEBUG - 自動保存已禁用，跳過配置保存
2025-07-31 14:28:46,856 - VALO360 - DEBUG - 自動保存已禁用，跳過配置保存
2025-07-31 14:28:46,856 - VALO360 - DEBUG - 自動保存已禁用，跳過配置保存
2025-07-31 14:28:46,856 - VALO360 - DEBUG - 自動保存已禁用，跳過配置保存
2025-07-31 14:28:46,856 - VALO360 - DEBUG - 自動保存已禁用，跳過配置保存
2025-07-31 14:28:46,858 - VALO360 - DEBUG - 自動保存已禁用，跳過配置保存
2025-07-31 14:28:46,858 - VALO360 - DEBUG - 自動保存已禁用，跳過配置保存
2025-07-31 14:28:46,858 - VALO360 - DEBUG - 自動保存已禁用，跳過配置保存
2025-07-31 14:28:46,858 - VALO360 - DEBUG - 自動保存已禁用，跳過配置保存
2025-07-31 14:28:46,868 - VALO360 - DEBUG - 自動保存已禁用，跳過配置保存
2025-07-31 14:28:46,868 - VALO360 - DEBUG - 自動保存已禁用，跳過配置保存
2025-07-31 14:28:46,868 - VALO360 - DEBUG - 自動保存已禁用，跳過配置保存
2025-07-31 14:28:46,868 - VALO360 - DEBUG - 自動保存已禁用，跳過配置保存
2025-07-31 14:28:46,868 - VALO360 - DEBUG - 自動保存已禁用，跳過配置保存
2025-07-31 14:28:46,868 - VALO360 - DEBUG - 自動保存已禁用，跳過配置保存
2025-07-31 14:28:46,868 - VALO360 - DEBUG - 自動保存已禁用，跳過配置保存
2025-07-31 14:28:46,868 - VALO360 - DEBUG - 自動保存已禁用，跳過配置保存
2025-07-31 14:28:46,868 - VALO360 - DEBUG - 自動保存已禁用，跳過配置保存
2025-07-31 14:28:46,868 - VALO360 - DEBUG - 自動保存已禁用，跳過配置保存
2025-07-31 14:28:46,868 - VALO360 - DEBUG - 自動保存已禁用，跳過配置保存
2025-07-31 14:28:46,868 - VALO360 - DEBUG - 自動保存已禁用，跳過配置保存
2025-07-31 14:28:46,877 - VALO360 - DEBUG - 自動保存已禁用，跳過配置保存
2025-07-31 14:28:46,877 - VALO360 - DEBUG - 自動保存已禁用，跳過配置保存
2025-07-31 14:28:46,877 - VALO360 - DEBUG - 自動保存已禁用，跳過配置保存
2025-07-31 14:28:46,877 - VALO360 - DEBUG - 自動保存已禁用，跳過配置保存
2025-07-31 14:28:46,887 - VALO360 - DEBUG - 自動保存已禁用，跳過配置保存
2025-07-31 14:28:46,887 - VALO360 - DEBUG - 自動保存已禁用，跳過配置保存
2025-07-31 14:28:46,888 - VALO360 - DEBUG - 自動保存已禁用，跳過配置保存
2025-07-31 14:28:46,888 - VALO360 - DEBUG - 自動保存已禁用，跳過配置保存
2025-07-31 14:28:46,898 - VALO360 - DEBUG - 自動保存已禁用，跳過配置保存
2025-07-31 14:28:46,898 - VALO360 - DEBUG - 自動保存已禁用，跳過配置保存
2025-07-31 14:28:46,898 - VALO360 - DEBUG - 自動保存已禁用，跳過配置保存
2025-07-31 14:28:46,898 - VALO360 - DEBUG - 自動保存已禁用，跳過配置保存
2025-07-31 14:28:46,907 - VALO360 - DEBUG - 自動保存已禁用，跳過配置保存
2025-07-31 14:28:46,907 - VALO360 - DEBUG - 自動保存已禁用，跳過配置保存
2025-07-31 14:28:46,907 - VALO360 - DEBUG - 自動保存已禁用，跳過配置保存
2025-07-31 14:28:46,907 - VALO360 - DEBUG - 自動保存已禁用，跳過配置保存
2025-07-31 14:28:46,907 - VALO360 - DEBUG - 自動保存已禁用，跳過配置保存
2025-07-31 14:28:46,907 - VALO360 - DEBUG - 自動保存已禁用，跳過配置保存
2025-07-31 14:28:46,907 - VALO360 - DEBUG - 自動保存已禁用，跳過配置保存
2025-07-31 14:28:46,907 - VALO360 - DEBUG - 自動保存已禁用，跳過配置保存
2025-07-31 14:28:47,694 - VALO360 - DEBUG - 自動保存已禁用，跳過配置保存
2025-07-31 14:28:47,694 - VALO360 - DEBUG - 自動保存已禁用，跳過配置保存
2025-07-31 14:28:47,694 - VALO360 - DEBUG - 自動保存已禁用，跳過配置保存
2025-07-31 14:28:47,694 - VALO360 - DEBUG - 自動保存已禁用，跳過配置保存
2025-07-31 14:28:47,694 - VALO360 - DEBUG - 自動保存已禁用，跳過配置保存
2025-07-31 14:28:47,694 - VALO360 - DEBUG - 自動保存已禁用，跳過配置保存
2025-07-31 14:28:47,694 - VALO360 - DEBUG - 自動保存已禁用，跳過配置保存
2025-07-31 14:28:47,694 - VALO360 - DEBUG - 自動保存已禁用，跳過配置保存
2025-07-31 14:28:47,717 - VALO360 - DEBUG - 自動保存已禁用，跳過配置保存
2025-07-31 14:28:47,717 - VALO360 - DEBUG - 自動保存已禁用，跳過配置保存
2025-07-31 14:28:47,717 - VALO360 - DEBUG - 自動保存已禁用，跳過配置保存
2025-07-31 14:28:47,717 - VALO360 - DEBUG - 自動保存已禁用，跳過配置保存
2025-07-31 14:28:47,721 - VALO360 - DEBUG - 自動保存已禁用，跳過配置保存
2025-07-31 14:28:47,721 - VALO360 - DEBUG - 自動保存已禁用，跳過配置保存
2025-07-31 14:28:47,721 - VALO360 - DEBUG - 自動保存已禁用，跳過配置保存
2025-07-31 14:28:47,721 - VALO360 - DEBUG - 自動保存已禁用，跳過配置保存
2025-07-31 14:28:47,725 - VALO360 - DEBUG - 自動保存已禁用，跳過配置保存
2025-07-31 14:28:47,725 - VALO360 - DEBUG - 自動保存已禁用，跳過配置保存
2025-07-31 14:28:47,725 - VALO360 - DEBUG - 自動保存已禁用，跳過配置保存
2025-07-31 14:28:47,725 - VALO360 - DEBUG - 自動保存已禁用，跳過配置保存
2025-07-31 14:28:47,725 - VALO360 - DEBUG - 自動保存已禁用，跳過配置保存
2025-07-31 14:28:47,725 - VALO360 - DEBUG - 自動保存已禁用，跳過配置保存
2025-07-31 14:28:47,725 - VALO360 - DEBUG - 自動保存已禁用，跳過配置保存
2025-07-31 14:28:47,725 - VALO360 - DEBUG - 自動保存已禁用，跳過配置保存
2025-07-31 14:28:47,725 - VALO360 - DEBUG - 自動保存已禁用，跳過配置保存
2025-07-31 14:28:47,725 - VALO360 - DEBUG - 自動保存已禁用，跳過配置保存
2025-07-31 14:28:47,725 - VALO360 - DEBUG - 自動保存已禁用，跳過配置保存
2025-07-31 14:28:47,725 - VALO360 - DEBUG - 自動保存已禁用，跳過配置保存
2025-07-31 14:28:47,735 - VALO360 - DEBUG - 自動保存已禁用，跳過配置保存
2025-07-31 14:28:47,735 - VALO360 - DEBUG - 自動保存已禁用，跳過配置保存
2025-07-31 14:28:47,735 - VALO360 - DEBUG - 自動保存已禁用，跳過配置保存
2025-07-31 14:28:47,735 - VALO360 - DEBUG - 自動保存已禁用，跳過配置保存
2025-07-31 14:28:47,747 - VALO360 - DEBUG - 自動保存已禁用，跳過配置保存
2025-07-31 14:28:47,747 - VALO360 - DEBUG - 自動保存已禁用，跳過配置保存
2025-07-31 14:28:47,747 - VALO360 - DEBUG - 自動保存已禁用，跳過配置保存
2025-07-31 14:28:47,747 - VALO360 - DEBUG - 自動保存已禁用，跳過配置保存
2025-07-31 14:28:47,747 - VALO360 - DEBUG - 自動保存已禁用，跳過配置保存
2025-07-31 14:28:47,747 - VALO360 - DEBUG - 自動保存已禁用，跳過配置保存
2025-07-31 14:28:47,747 - VALO360 - DEBUG - 自動保存已禁用，跳過配置保存
2025-07-31 14:28:47,747 - VALO360 - DEBUG - 自動保存已禁用，跳過配置保存
2025-07-31 14:28:47,755 - VALO360 - DEBUG - 自動保存已禁用，跳過配置保存
2025-07-31 14:28:47,755 - VALO360 - DEBUG - 自動保存已禁用，跳過配置保存
2025-07-31 14:28:47,755 - VALO360 - DEBUG - 自動保存已禁用，跳過配置保存
2025-07-31 14:28:47,755 - VALO360 - DEBUG - 自動保存已禁用，跳過配置保存
2025-07-31 14:28:47,758 - VALO360 - DEBUG - 自動保存已禁用，跳過配置保存
2025-07-31 14:28:47,758 - VALO360 - DEBUG - 自動保存已禁用，跳過配置保存
2025-07-31 14:28:47,758 - VALO360 - DEBUG - 自動保存已禁用，跳過配置保存
2025-07-31 14:28:47,758 - VALO360 - DEBUG - 自動保存已禁用，跳過配置保存
2025-07-31 14:28:47,760 - VALO360 - DEBUG - 自動保存已禁用，跳過配置保存
2025-07-31 14:28:47,760 - VALO360 - DEBUG - 自動保存已禁用，跳過配置保存
2025-07-31 14:28:47,760 - VALO360 - DEBUG - 自動保存已禁用，跳過配置保存
2025-07-31 14:28:47,760 - VALO360 - DEBUG - 自動保存已禁用，跳過配置保存
2025-07-31 14:28:47,768 - VALO360 - DEBUG - 自動保存已禁用，跳過配置保存
2025-07-31 14:28:47,768 - VALO360 - DEBUG - 自動保存已禁用，跳過配置保存
2025-07-31 14:28:47,768 - VALO360 - DEBUG - 自動保存已禁用，跳過配置保存
2025-07-31 14:28:47,768 - VALO360 - DEBUG - 自動保存已禁用，跳過配置保存
2025-07-31 14:28:47,777 - VALO360 - DEBUG - 自動保存已禁用，跳過配置保存
2025-07-31 14:28:47,777 - VALO360 - DEBUG - 自動保存已禁用，跳過配置保存
2025-07-31 14:28:47,777 - VALO360 - DEBUG - 自動保存已禁用，跳過配置保存
2025-07-31 14:28:47,777 - VALO360 - DEBUG - 自動保存已禁用，跳過配置保存
2025-07-31 14:28:47,777 - VALO360 - DEBUG - 自動保存已禁用，跳過配置保存
2025-07-31 14:28:47,777 - VALO360 - DEBUG - 自動保存已禁用，跳過配置保存
2025-07-31 14:28:47,777 - VALO360 - DEBUG - 自動保存已禁用，跳過配置保存
2025-07-31 14:28:47,777 - VALO360 - DEBUG - 自動保存已禁用，跳過配置保存
2025-07-31 14:28:47,777 - VALO360 - DEBUG - 自動保存已禁用，跳過配置保存
2025-07-31 14:28:47,777 - VALO360 - DEBUG - 自動保存已禁用，跳過配置保存
2025-07-31 14:28:47,777 - VALO360 - DEBUG - 自動保存已禁用，跳過配置保存
2025-07-31 14:28:47,777 - VALO360 - DEBUG - 自動保存已禁用，跳過配置保存
2025-07-31 14:28:47,788 - VALO360 - DEBUG - 自動保存已禁用，跳過配置保存
2025-07-31 14:28:47,788 - VALO360 - DEBUG - 自動保存已禁用，跳過配置保存
2025-07-31 14:28:47,788 - VALO360 - DEBUG - 自動保存已禁用，跳過配置保存
2025-07-31 14:28:47,788 - VALO360 - DEBUG - 自動保存已禁用，跳過配置保存
2025-07-31 14:28:47,788 - VALO360 - DEBUG - 自動保存已禁用，跳過配置保存
2025-07-31 14:28:47,788 - VALO360 - DEBUG - 自動保存已禁用，跳過配置保存
2025-07-31 14:28:47,788 - VALO360 - DEBUG - 自動保存已禁用，跳過配置保存
2025-07-31 14:28:47,798 - VALO360 - DEBUG - 自動保存已禁用，跳過配置保存
2025-07-31 14:28:47,798 - VALO360 - DEBUG - 自動保存已禁用，跳過配置保存
2025-07-31 14:28:47,799 - VALO360 - DEBUG - 自動保存已禁用，跳過配置保存
2025-07-31 14:28:47,799 - VALO360 - DEBUG - 自動保存已禁用，跳過配置保存
2025-07-31 14:28:47,799 - VALO360 - DEBUG - 自動保存已禁用，跳過配置保存
2025-07-31 14:28:47,804 - VALO360 - DEBUG - 自動保存已禁用，跳過配置保存
2025-07-31 14:28:47,804 - VALO360 - DEBUG - 自動保存已禁用，跳過配置保存
2025-07-31 14:28:47,804 - VALO360 - DEBUG - 自動保存已禁用，跳過配置保存
2025-07-31 14:28:47,804 - VALO360 - DEBUG - 自動保存已禁用，跳過配置保存
2025-07-31 14:28:47,804 - VALO360 - DEBUG - 自動保存已禁用，跳過配置保存
2025-07-31 14:28:47,804 - VALO360 - DEBUG - 自動保存已禁用，跳過配置保存
2025-07-31 14:28:47,804 - VALO360 - DEBUG - 自動保存已禁用，跳過配置保存
2025-07-31 14:28:47,804 - VALO360 - DEBUG - 自動保存已禁用，跳過配置保存
2025-07-31 14:28:47,810 - VALO360 - DEBUG - 自動保存已禁用，跳過配置保存
2025-07-31 14:28:47,810 - VALO360 - DEBUG - 自動保存已禁用，跳過配置保存
2025-07-31 14:28:47,810 - VALO360 - DEBUG - 自動保存已禁用，跳過配置保存
2025-07-31 14:28:47,810 - VALO360 - DEBUG - 自動保存已禁用，跳過配置保存
2025-07-31 14:28:47,812 - VALO360 - DEBUG - 自動保存已禁用，跳過配置保存
2025-07-31 14:28:47,812 - VALO360 - DEBUG - 自動保存已禁用，跳過配置保存
2025-07-31 14:28:47,812 - VALO360 - DEBUG - 自動保存已禁用，跳過配置保存
2025-07-31 14:28:47,812 - VALO360 - DEBUG - 自動保存已禁用，跳過配置保存
2025-07-31 14:28:47,819 - VALO360 - DEBUG - 自動保存已禁用，跳過配置保存
2025-07-31 14:28:47,819 - VALO360 - DEBUG - 自動保存已禁用，跳過配置保存
2025-07-31 14:28:47,819 - VALO360 - DEBUG - 自動保存已禁用，跳過配置保存
2025-07-31 14:28:47,819 - VALO360 - DEBUG - 自動保存已禁用，跳過配置保存
2025-07-31 14:28:47,819 - VALO360 - DEBUG - 自動保存已禁用，跳過配置保存
2025-07-31 14:28:47,819 - VALO360 - DEBUG - 自動保存已禁用，跳過配置保存
2025-07-31 14:28:47,819 - VALO360 - DEBUG - 自動保存已禁用，跳過配置保存
2025-07-31 14:28:47,819 - VALO360 - DEBUG - 自動保存已禁用，跳過配置保存
2025-07-31 14:28:47,819 - VALO360 - DEBUG - 自動保存已禁用，跳過配置保存
2025-07-31 14:28:47,819 - VALO360 - DEBUG - 自動保存已禁用，跳過配置保存
2025-07-31 14:28:47,819 - VALO360 - DEBUG - 自動保存已禁用，跳過配置保存
2025-07-31 14:28:47,819 - VALO360 - DEBUG - 自動保存已禁用，跳過配置保存
2025-07-31 14:28:47,829 - VALO360 - DEBUG - 自動保存已禁用，跳過配置保存
2025-07-31 14:28:47,829 - VALO360 - DEBUG - 自動保存已禁用，跳過配置保存
2025-07-31 14:28:47,829 - VALO360 - DEBUG - 自動保存已禁用，跳過配置保存
2025-07-31 14:28:47,829 - VALO360 - DEBUG - 自動保存已禁用，跳過配置保存
2025-07-31 14:28:47,829 - VALO360 - DEBUG - 自動保存已禁用，跳過配置保存
2025-07-31 14:28:47,829 - VALO360 - DEBUG - 自動保存已禁用，跳過配置保存
2025-07-31 14:28:47,829 - VALO360 - DEBUG - 自動保存已禁用，跳過配置保存
2025-07-31 14:28:47,839 - VALO360 - DEBUG - 自動保存已禁用，跳過配置保存
2025-07-31 14:28:47,849 - VALO360 - DEBUG - 自動保存已禁用，跳過配置保存
2025-07-31 14:28:47,849 - VALO360 - DEBUG - 自動保存已禁用，跳過配置保存
2025-07-31 14:28:47,849 - VALO360 - DEBUG - 自動保存已禁用，跳過配置保存
2025-07-31 14:28:47,849 - VALO360 - DEBUG - 自動保存已禁用，跳過配置保存
2025-07-31 14:28:47,849 - VALO360 - DEBUG - 自動保存已禁用，跳過配置保存
2025-07-31 14:28:47,849 - VALO360 - DEBUG - 自動保存已禁用，跳過配置保存
2025-07-31 14:28:47,849 - VALO360 - DEBUG - 自動保存已禁用，跳過配置保存
2025-07-31 14:28:47,849 - VALO360 - DEBUG - 自動保存已禁用，跳過配置保存
2025-07-31 14:28:47,859 - VALO360 - DEBUG - 自動保存已禁用，跳過配置保存
2025-07-31 14:28:47,859 - VALO360 - DEBUG - 自動保存已禁用，跳過配置保存
2025-07-31 14:28:47,859 - VALO360 - DEBUG - 自動保存已禁用，跳過配置保存
2025-07-31 14:28:47,859 - VALO360 - DEBUG - 自動保存已禁用，跳過配置保存
2025-07-31 14:28:47,871 - VALO360 - DEBUG - 自動保存已禁用，跳過配置保存
2025-07-31 14:28:47,871 - VALO360 - DEBUG - 自動保存已禁用，跳過配置保存
2025-07-31 14:28:47,871 - VALO360 - DEBUG - 自動保存已禁用，跳過配置保存
2025-07-31 14:28:47,871 - VALO360 - DEBUG - 自動保存已禁用，跳過配置保存
2025-07-31 14:28:47,871 - VALO360 - DEBUG - 自動保存已禁用，跳過配置保存
2025-07-31 14:28:47,871 - VALO360 - DEBUG - 自動保存已禁用，跳過配置保存
2025-07-31 14:28:47,871 - VALO360 - DEBUG - 自動保存已禁用，跳過配置保存
2025-07-31 14:28:47,871 - VALO360 - DEBUG - 自動保存已禁用，跳過配置保存
2025-07-31 14:28:47,880 - VALO360 - DEBUG - 自動保存已禁用，跳過配置保存
2025-07-31 14:28:47,880 - VALO360 - DEBUG - 自動保存已禁用，跳過配置保存
2025-07-31 14:28:47,880 - VALO360 - DEBUG - 自動保存已禁用，跳過配置保存
2025-07-31 14:28:47,880 - VALO360 - DEBUG - 自動保存已禁用，跳過配置保存
2025-07-31 14:28:47,880 - VALO360 - DEBUG - 自動保存已禁用，跳過配置保存
2025-07-31 14:28:47,880 - VALO360 - DEBUG - 自動保存已禁用，跳過配置保存
2025-07-31 14:28:47,880 - VALO360 - DEBUG - 自動保存已禁用，跳過配置保存
2025-07-31 14:28:47,880 - VALO360 - DEBUG - 自動保存已禁用，跳過配置保存
2025-07-31 14:28:47,880 - VALO360 - DEBUG - 自動保存已禁用，跳過配置保存
2025-07-31 14:28:47,880 - VALO360 - DEBUG - 自動保存已禁用，跳過配置保存
2025-07-31 14:28:47,880 - VALO360 - DEBUG - 自動保存已禁用，跳過配置保存
2025-07-31 14:28:47,880 - VALO360 - DEBUG - 自動保存已禁用，跳過配置保存
2025-07-31 14:28:47,887 - VALO360 - DEBUG - 自動保存已禁用，跳過配置保存
2025-07-31 14:28:47,887 - VALO360 - DEBUG - 自動保存已禁用，跳過配置保存
2025-07-31 14:28:47,887 - VALO360 - DEBUG - 自動保存已禁用，跳過配置保存
2025-07-31 14:28:47,890 - VALO360 - DEBUG - 自動保存已禁用，跳過配置保存
2025-07-31 14:28:47,890 - VALO360 - DEBUG - 自動保存已禁用，跳過配置保存
2025-07-31 14:28:47,890 - VALO360 - DEBUG - 自動保存已禁用，跳過配置保存
2025-07-31 14:28:47,890 - VALO360 - DEBUG - 自動保存已禁用，跳過配置保存
2025-07-31 14:28:47,890 - VALO360 - DEBUG - 自動保存已禁用，跳過配置保存
2025-07-31 14:28:47,901 - VALO360 - DEBUG - 自動保存已禁用，跳過配置保存
2025-07-31 14:28:47,901 - VALO360 - DEBUG - 自動保存已禁用，跳過配置保存
2025-07-31 14:28:47,901 - VALO360 - DEBUG - 自動保存已禁用，跳過配置保存
2025-07-31 14:28:47,901 - VALO360 - DEBUG - 自動保存已禁用，跳過配置保存
2025-07-31 14:28:47,903 - VALO360 - DEBUG - 自動保存已禁用，跳過配置保存
2025-07-31 14:28:47,903 - VALO360 - DEBUG - 自動保存已禁用，跳過配置保存
2025-07-31 14:28:47,903 - VALO360 - DEBUG - 自動保存已禁用，跳過配置保存
2025-07-31 14:28:47,905 - VALO360 - DEBUG - 自動保存已禁用，跳過配置保存
2025-07-31 14:28:47,905 - VALO360 - DEBUG - 自動保存已禁用，跳過配置保存
2025-07-31 14:28:47,905 - VALO360 - DEBUG - 自動保存已禁用，跳過配置保存
2025-07-31 14:28:47,905 - VALO360 - DEBUG - 自動保存已禁用，跳過配置保存
2025-07-31 14:28:47,905 - VALO360 - DEBUG - 自動保存已禁用，跳過配置保存
2025-07-31 14:28:47,911 - VALO360 - DEBUG - 自動保存已禁用，跳過配置保存
2025-07-31 14:28:47,911 - VALO360 - DEBUG - 自動保存已禁用，跳過配置保存
2025-07-31 14:28:47,911 - VALO360 - DEBUG - 自動保存已禁用，跳過配置保存
2025-07-31 14:28:47,911 - VALO360 - DEBUG - 自動保存已禁用，跳過配置保存
2025-07-31 14:28:47,911 - VALO360 - DEBUG - 自動保存已禁用，跳過配置保存
2025-07-31 14:28:47,911 - VALO360 - DEBUG - 自動保存已禁用，跳過配置保存
2025-07-31 14:28:47,911 - VALO360 - DEBUG - 自動保存已禁用，跳過配置保存
2025-07-31 14:28:47,911 - VALO360 - DEBUG - 自動保存已禁用，跳過配置保存
2025-07-31 14:28:47,911 - VALO360 - DEBUG - 自動保存已禁用，跳過配置保存
2025-07-31 14:28:47,911 - VALO360 - DEBUG - 自動保存已禁用，跳過配置保存
2025-07-31 14:28:47,911 - VALO360 - DEBUG - 自動保存已禁用，跳過配置保存
2025-07-31 14:28:47,911 - VALO360 - DEBUG - 自動保存已禁用，跳過配置保存
2025-07-31 14:28:47,921 - VALO360 - DEBUG - 自動保存已禁用，跳過配置保存
2025-07-31 14:28:47,921 - VALO360 - DEBUG - 自動保存已禁用，跳過配置保存
2025-07-31 14:28:47,921 - VALO360 - DEBUG - 自動保存已禁用，跳過配置保存
2025-07-31 14:28:47,921 - VALO360 - DEBUG - 自動保存已禁用，跳過配置保存
2025-07-31 14:28:47,921 - VALO360 - DEBUG - 自動保存已禁用，跳過配置保存
2025-07-31 14:28:47,921 - VALO360 - DEBUG - 自動保存已禁用，跳過配置保存
2025-07-31 14:28:47,921 - VALO360 - DEBUG - 自動保存已禁用，跳過配置保存
2025-07-31 14:28:47,921 - VALO360 - DEBUG - 自動保存已禁用，跳過配置保存
2025-07-31 14:28:47,931 - VALO360 - DEBUG - 自動保存已禁用，跳過配置保存
2025-07-31 14:28:47,931 - VALO360 - DEBUG - 自動保存已禁用，跳過配置保存
2025-07-31 14:28:47,931 - VALO360 - DEBUG - 自動保存已禁用，跳過配置保存
2025-07-31 14:28:47,931 - VALO360 - DEBUG - 自動保存已禁用，跳過配置保存
2025-07-31 14:28:47,931 - VALO360 - DEBUG - 自動保存已禁用，跳過配置保存
2025-07-31 14:28:47,931 - VALO360 - DEBUG - 自動保存已禁用，跳過配置保存
2025-07-31 14:28:47,931 - VALO360 - DEBUG - 自動保存已禁用，跳過配置保存
2025-07-31 14:28:47,931 - VALO360 - DEBUG - 自動保存已禁用，跳過配置保存
2025-07-31 14:28:53,229 - VALO360 - DEBUG - 自動保存已禁用，跳過配置保存
2025-07-31 14:28:53,229 - VALO360 - DEBUG - 自動保存已禁用，跳過配置保存
2025-07-31 14:28:53,229 - VALO360 - DEBUG - 自動保存已禁用，跳過配置保存
2025-07-31 14:28:53,229 - VALO360 - DEBUG - 自動保存已禁用，跳過配置保存
2025-07-31 14:28:53,235 - VALO360 - DEBUG - 自動保存已禁用，跳過配置保存
2025-07-31 14:28:53,235 - VALO360 - DEBUG - 自動保存已禁用，跳過配置保存
2025-07-31 14:28:53,235 - VALO360 - DEBUG - 自動保存已禁用，跳過配置保存
2025-07-31 14:28:53,235 - VALO360 - DEBUG - 自動保存已禁用，跳過配置保存
2025-07-31 14:28:53,249 - VALO360 - DEBUG - 自動保存已禁用，跳過配置保存
2025-07-31 14:28:53,249 - VALO360 - DEBUG - 自動保存已禁用，跳過配置保存
2025-07-31 14:28:53,249 - VALO360 - DEBUG - 自動保存已禁用，跳過配置保存
2025-07-31 14:28:53,251 - VALO360 - DEBUG - 自動保存已禁用，跳過配置保存
2025-07-31 14:28:53,253 - VALO360 - DEBUG - 自動保存已禁用，跳過配置保存
2025-07-31 14:28:53,255 - VALO360 - DEBUG - 自動保存已禁用，跳過配置保存
2025-07-31 14:28:53,255 - VALO360 - DEBUG - 自動保存已禁用，跳過配置保存
2025-07-31 14:28:53,255 - VALO360 - DEBUG - 自動保存已禁用，跳過配置保存
2025-07-31 14:28:53,257 - VALO360 - DEBUG - 自動保存已禁用，跳過配置保存
2025-07-31 14:28:53,259 - VALO360 - DEBUG - 自動保存已禁用，跳過配置保存
2025-07-31 14:28:53,259 - VALO360 - DEBUG - 自動保存已禁用，跳過配置保存
2025-07-31 14:28:53,259 - VALO360 - DEBUG - 自動保存已禁用，跳過配置保存
2025-07-31 14:28:53,266 - VALO360 - DEBUG - 自動保存已禁用，跳過配置保存
2025-07-31 14:28:53,266 - VALO360 - DEBUG - 自動保存已禁用，跳過配置保存
2025-07-31 14:28:53,266 - VALO360 - DEBUG - 自動保存已禁用，跳過配置保存
2025-07-31 14:28:53,266 - VALO360 - DEBUG - 自動保存已禁用，跳過配置保存
2025-07-31 14:28:59,936 - VALO360 - DEBUG - 自動保存已禁用，跳過配置保存
2025-07-31 14:28:59,936 - VALO360 - DEBUG - 自動保存已禁用，跳過配置保存
2025-07-31 14:28:59,936 - VALO360 - DEBUG - 自動保存已禁用，跳過配置保存
2025-07-31 14:28:59,936 - VALO360 - DEBUG - 自動保存已禁用，跳過配置保存
2025-07-31 14:28:59,942 - VALO360 - DEBUG - 自動保存已禁用，跳過配置保存
2025-07-31 14:28:59,942 - VALO360 - DEBUG - 自動保存已禁用，跳過配置保存
2025-07-31 14:28:59,942 - VALO360 - DEBUG - 自動保存已禁用，跳過配置保存
2025-07-31 14:28:59,942 - VALO360 - DEBUG - 自動保存已禁用，跳過配置保存
2025-07-31 14:28:59,952 - VALO360 - DEBUG - 自動保存已禁用，跳過配置保存
2025-07-31 14:28:59,952 - VALO360 - DEBUG - 自動保存已禁用，跳過配置保存
2025-07-31 14:28:59,952 - VALO360 - DEBUG - 自動保存已禁用，跳過配置保存
2025-07-31 14:28:59,956 - VALO360 - DEBUG - 自動保存已禁用，跳過配置保存
2025-07-31 14:28:59,956 - VALO360 - DEBUG - 自動保存已禁用，跳過配置保存
2025-07-31 14:28:59,958 - VALO360 - DEBUG - 自動保存已禁用，跳過配置保存
2025-07-31 14:28:59,958 - VALO360 - DEBUG - 自動保存已禁用，跳過配置保存
2025-07-31 14:28:59,958 - VALO360 - DEBUG - 自動保存已禁用，跳過配置保存
2025-07-31 14:28:59,960 - VALO360 - DEBUG - 自動保存已禁用，跳過配置保存
2025-07-31 14:28:59,960 - VALO360 - DEBUG - 自動保存已禁用，跳過配置保存
2025-07-31 14:28:59,960 - VALO360 - DEBUG - 自動保存已禁用，跳過配置保存
2025-07-31 14:28:59,960 - VALO360 - DEBUG - 自動保存已禁用，跳過配置保存
2025-07-31 14:28:59,962 - VALO360 - DEBUG - 自動保存已禁用，跳過配置保存
2025-07-31 14:28:59,964 - VALO360 - DEBUG - 自動保存已禁用，跳過配置保存
2025-07-31 14:28:59,964 - VALO360 - DEBUG - 自動保存已禁用，跳過配置保存
2025-07-31 14:28:59,964 - VALO360 - DEBUG - 自動保存已禁用，跳過配置保存
2025-07-31 14:28:59,968 - VALO360 - DEBUG - 自動保存已禁用，跳過配置保存
2025-07-31 14:28:59,968 - VALO360 - DEBUG - 自動保存已禁用，跳過配置保存
2025-07-31 14:28:59,968 - VALO360 - DEBUG - 自動保存已禁用，跳過配置保存
2025-07-31 14:28:59,968 - VALO360 - DEBUG - 自動保存已禁用，跳過配置保存
2025-07-31 14:28:59,974 - VALO360 - DEBUG - 自動保存已禁用，跳過配置保存
2025-07-31 14:28:59,974 - VALO360 - DEBUG - 自動保存已禁用，跳過配置保存
2025-07-31 14:28:59,974 - VALO360 - DEBUG - 自動保存已禁用，跳過配置保存
2025-07-31 14:28:59,974 - VALO360 - DEBUG - 自動保存已禁用，跳過配置保存
2025-07-31 14:28:59,977 - VALO360 - DEBUG - 自動保存已禁用，跳過配置保存
2025-07-31 14:28:59,977 - VALO360 - DEBUG - 自動保存已禁用，跳過配置保存
2025-07-31 14:28:59,977 - VALO360 - DEBUG - 自動保存已禁用，跳過配置保存
2025-07-31 14:28:59,977 - VALO360 - DEBUG - 自動保存已禁用，跳過配置保存
2025-07-31 14:28:59,979 - VALO360 - DEBUG - 自動保存已禁用，跳過配置保存
2025-07-31 14:28:59,979 - VALO360 - DEBUG - 自動保存已禁用，跳過配置保存
2025-07-31 14:28:59,979 - VALO360 - DEBUG - 自動保存已禁用，跳過配置保存
2025-07-31 14:28:59,979 - VALO360 - DEBUG - 自動保存已禁用，跳過配置保存
2025-07-31 14:28:59,984 - VALO360 - DEBUG - 自動保存已禁用，跳過配置保存
2025-07-31 14:28:59,984 - VALO360 - DEBUG - 自動保存已禁用，跳過配置保存
2025-07-31 14:28:59,984 - VALO360 - DEBUG - 自動保存已禁用，跳過配置保存
2025-07-31 14:28:59,987 - VALO360 - DEBUG - 自動保存已禁用，跳過配置保存
2025-07-31 14:28:59,992 - VALO360 - DEBUG - 自動保存已禁用，跳過配置保存
2025-07-31 14:28:59,994 - VALO360 - DEBUG - 自動保存已禁用，跳過配置保存
2025-07-31 14:28:59,994 - VALO360 - DEBUG - 自動保存已禁用，跳過配置保存
2025-07-31 14:28:59,994 - VALO360 - DEBUG - 自動保存已禁用，跳過配置保存
2025-07-31 14:28:59,994 - VALO360 - DEBUG - 自動保存已禁用，跳過配置保存
2025-07-31 14:28:59,994 - VALO360 - DEBUG - 自動保存已禁用，跳過配置保存
2025-07-31 14:28:59,994 - VALO360 - DEBUG - 自動保存已禁用，跳過配置保存
2025-07-31 14:28:59,994 - VALO360 - DEBUG - 自動保存已禁用，跳過配置保存
2025-07-31 14:29:00,003 - VALO360 - DEBUG - 自動保存已禁用，跳過配置保存
2025-07-31 14:29:00,003 - VALO360 - DEBUG - 自動保存已禁用，跳過配置保存
2025-07-31 14:29:00,003 - VALO360 - DEBUG - 自動保存已禁用，跳過配置保存
2025-07-31 14:29:00,003 - VALO360 - DEBUG - 自動保存已禁用，跳過配置保存
2025-07-31 14:29:00,006 - VALO360 - DEBUG - 自動保存已禁用，跳過配置保存
2025-07-31 14:29:00,009 - VALO360 - DEBUG - 自動保存已禁用，跳過配置保存
2025-07-31 14:29:00,009 - VALO360 - DEBUG - 自動保存已禁用，跳過配置保存
2025-07-31 14:29:00,009 - VALO360 - DEBUG - 自動保存已禁用，跳過配置保存
2025-07-31 14:29:01,154 - VALO360 - DEBUG - 自動保存已禁用，跳過配置保存
2025-07-31 14:29:01,154 - VALO360 - DEBUG - 自動保存已禁用，跳過配置保存
2025-07-31 14:29:01,154 - VALO360 - DEBUG - 自動保存已禁用，跳過配置保存
2025-07-31 14:29:01,154 - VALO360 - DEBUG - 自動保存已禁用，跳過配置保存
2025-07-31 14:29:01,168 - VALO360 - DEBUG - 自動保存已禁用，跳過配置保存
2025-07-31 14:29:01,168 - VALO360 - DEBUG - 自動保存已禁用，跳過配置保存
2025-07-31 14:29:01,168 - VALO360 - DEBUG - 自動保存已禁用，跳過配置保存
2025-07-31 14:29:01,168 - VALO360 - DEBUG - 自動保存已禁用，跳過配置保存
2025-07-31 14:29:01,174 - VALO360 - DEBUG - 自動保存已禁用，跳過配置保存
2025-07-31 14:29:01,174 - VALO360 - DEBUG - 自動保存已禁用，跳過配置保存
2025-07-31 14:29:01,174 - VALO360 - DEBUG - 自動保存已禁用，跳過配置保存
2025-07-31 14:29:01,174 - VALO360 - DEBUG - 自動保存已禁用，跳過配置保存
2025-07-31 14:29:01,185 - VALO360 - DEBUG - 自動保存已禁用，跳過配置保存
2025-07-31 14:29:01,185 - VALO360 - DEBUG - 自動保存已禁用，跳過配置保存
2025-07-31 14:29:01,186 - VALO360 - DEBUG - 自動保存已禁用，跳過配置保存
2025-07-31 14:29:01,186 - VALO360 - DEBUG - 自動保存已禁用，跳過配置保存
2025-07-31 14:29:01,186 - VALO360 - DEBUG - 自動保存已禁用，跳過配置保存
2025-07-31 14:29:01,187 - VALO360 - DEBUG - 自動保存已禁用，跳過配置保存
2025-07-31 14:29:01,187 - VALO360 - DEBUG - 自動保存已禁用，跳過配置保存
2025-07-31 14:29:01,187 - VALO360 - DEBUG - 自動保存已禁用，跳過配置保存
2025-07-31 14:29:01,193 - VALO360 - DEBUG - 自動保存已禁用，跳過配置保存
2025-07-31 14:29:01,194 - VALO360 - DEBUG - 自動保存已禁用，跳過配置保存
2025-07-31 14:29:01,194 - VALO360 - DEBUG - 自動保存已禁用，跳過配置保存
2025-07-31 14:29:01,194 - VALO360 - DEBUG - 自動保存已禁用，跳過配置保存
2025-07-31 14:29:01,199 - VALO360 - DEBUG - 自動保存已禁用，跳過配置保存
2025-07-31 14:29:01,199 - VALO360 - DEBUG - 自動保存已禁用，跳過配置保存
2025-07-31 14:29:01,200 - VALO360 - DEBUG - 自動保存已禁用，跳過配置保存
2025-07-31 14:29:01,200 - VALO360 - DEBUG - 自動保存已禁用，跳過配置保存
2025-07-31 14:29:01,205 - VALO360 - DEBUG - 自動保存已禁用，跳過配置保存
2025-07-31 14:29:01,206 - VALO360 - DEBUG - 自動保存已禁用，跳過配置保存
2025-07-31 14:29:01,206 - VALO360 - DEBUG - 自動保存已禁用，跳過配置保存
2025-07-31 14:29:01,206 - VALO360 - DEBUG - 自動保存已禁用，跳過配置保存
2025-07-31 14:29:01,209 - VALO360 - DEBUG - 自動保存已禁用，跳過配置保存
2025-07-31 14:29:01,209 - VALO360 - DEBUG - 自動保存已禁用，跳過配置保存
2025-07-31 14:29:01,209 - VALO360 - DEBUG - 自動保存已禁用，跳過配置保存
2025-07-31 14:29:01,209 - VALO360 - DEBUG - 自動保存已禁用，跳過配置保存
2025-07-31 14:29:01,209 - VALO360 - DEBUG - 自動保存已禁用，跳過配置保存
2025-07-31 14:29:01,209 - VALO360 - DEBUG - 自動保存已禁用，跳過配置保存
2025-07-31 14:29:01,209 - VALO360 - DEBUG - 自動保存已禁用，跳過配置保存
2025-07-31 14:29:01,209 - VALO360 - DEBUG - 自動保存已禁用，跳過配置保存
2025-07-31 14:29:01,215 - VALO360 - DEBUG - 自動保存已禁用，跳過配置保存
2025-07-31 14:29:01,215 - VALO360 - DEBUG - 自動保存已禁用，跳過配置保存
2025-07-31 14:29:01,215 - VALO360 - DEBUG - 自動保存已禁用，跳過配置保存
2025-07-31 14:29:01,215 - VALO360 - DEBUG - 自動保存已禁用，跳過配置保存
2025-07-31 14:29:01,215 - VALO360 - DEBUG - 自動保存已禁用，跳過配置保存
2025-07-31 14:29:01,215 - VALO360 - DEBUG - 自動保存已禁用，跳過配置保存
2025-07-31 14:29:01,215 - VALO360 - DEBUG - 自動保存已禁用，跳過配置保存
2025-07-31 14:29:01,215 - VALO360 - DEBUG - 自動保存已禁用，跳過配置保存
2025-07-31 14:29:01,226 - VALO360 - DEBUG - 自動保存已禁用，跳過配置保存
2025-07-31 14:29:01,226 - VALO360 - DEBUG - 自動保存已禁用，跳過配置保存
2025-07-31 14:29:01,226 - VALO360 - DEBUG - 自動保存已禁用，跳過配置保存
2025-07-31 14:29:01,226 - VALO360 - DEBUG - 自動保存已禁用，跳過配置保存
2025-07-31 14:29:01,226 - VALO360 - DEBUG - 自動保存已禁用，跳過配置保存
2025-07-31 14:29:01,235 - VALO360 - DEBUG - 自動保存已禁用，跳過配置保存
2025-07-31 14:29:01,236 - VALO360 - DEBUG - 自動保存已禁用，跳過配置保存
2025-07-31 14:29:01,236 - VALO360 - DEBUG - 自動保存已禁用，跳過配置保存
2025-07-31 14:29:01,238 - VALO360 - DEBUG - 自動保存已禁用，跳過配置保存
2025-07-31 14:29:01,238 - VALO360 - DEBUG - 自動保存已禁用，跳過配置保存
2025-07-31 14:29:01,238 - VALO360 - DEBUG - 自動保存已禁用，跳過配置保存
2025-07-31 14:29:01,238 - VALO360 - DEBUG - 自動保存已禁用，跳過配置保存
2025-07-31 14:29:01,238 - VALO360 - DEBUG - 自動保存已禁用，跳過配置保存
2025-07-31 14:29:01,238 - VALO360 - DEBUG - 自動保存已禁用，跳過配置保存
2025-07-31 14:29:01,238 - VALO360 - DEBUG - 自動保存已禁用，跳過配置保存
2025-07-31 14:29:01,238 - VALO360 - DEBUG - 自動保存已禁用，跳過配置保存
2025-07-31 14:29:01,246 - VALO360 - DEBUG - 自動保存已禁用，跳過配置保存
2025-07-31 14:29:01,246 - VALO360 - DEBUG - 自動保存已禁用，跳過配置保存
2025-07-31 14:29:01,246 - VALO360 - DEBUG - 自動保存已禁用，跳過配置保存
2025-07-31 14:29:01,246 - VALO360 - DEBUG - 自動保存已禁用，跳過配置保存
2025-07-31 14:29:01,246 - VALO360 - DEBUG - 自動保存已禁用，跳過配置保存
2025-07-31 14:29:01,246 - VALO360 - DEBUG - 自動保存已禁用，跳過配置保存
2025-07-31 14:29:01,246 - VALO360 - DEBUG - 自動保存已禁用，跳過配置保存
2025-07-31 14:29:01,246 - VALO360 - DEBUG - 自動保存已禁用，跳過配置保存
2025-07-31 14:29:01,256 - VALO360 - DEBUG - 自動保存已禁用，跳過配置保存
2025-07-31 14:29:01,256 - VALO360 - DEBUG - 自動保存已禁用，跳過配置保存
2025-07-31 14:29:01,256 - VALO360 - DEBUG - 自動保存已禁用，跳過配置保存
2025-07-31 14:29:01,256 - VALO360 - DEBUG - 自動保存已禁用，跳過配置保存
2025-07-31 14:29:01,256 - VALO360 - DEBUG - 自動保存已禁用，跳過配置保存
2025-07-31 14:29:01,256 - VALO360 - DEBUG - 自動保存已禁用，跳過配置保存
2025-07-31 14:29:01,256 - VALO360 - DEBUG - 自動保存已禁用，跳過配置保存
2025-07-31 14:29:01,256 - VALO360 - DEBUG - 自動保存已禁用，跳過配置保存
2025-07-31 14:29:01,268 - VALO360 - DEBUG - 自動保存已禁用，跳過配置保存
2025-07-31 14:29:01,268 - VALO360 - DEBUG - 自動保存已禁用，跳過配置保存
2025-07-31 14:29:01,268 - VALO360 - DEBUG - 自動保存已禁用，跳過配置保存
2025-07-31 14:29:01,268 - VALO360 - DEBUG - 自動保存已禁用，跳過配置保存
2025-07-31 14:29:01,268 - VALO360 - DEBUG - 自動保存已禁用，跳過配置保存
2025-07-31 14:29:01,268 - VALO360 - DEBUG - 自動保存已禁用，跳過配置保存
2025-07-31 14:29:01,268 - VALO360 - DEBUG - 自動保存已禁用，跳過配置保存
2025-07-31 14:29:01,268 - VALO360 - DEBUG - 自動保存已禁用，跳過配置保存
2025-07-31 14:29:01,277 - VALO360 - DEBUG - 自動保存已禁用，跳過配置保存
2025-07-31 14:29:01,277 - VALO360 - DEBUG - 自動保存已禁用，跳過配置保存
2025-07-31 14:29:01,277 - VALO360 - DEBUG - 自動保存已禁用，跳過配置保存
2025-07-31 14:29:01,277 - VALO360 - DEBUG - 自動保存已禁用，跳過配置保存
2025-07-31 14:29:01,277 - VALO360 - DEBUG - 自動保存已禁用，跳過配置保存
2025-07-31 14:29:01,277 - VALO360 - DEBUG - 自動保存已禁用，跳過配置保存
2025-07-31 14:29:01,277 - VALO360 - DEBUG - 自動保存已禁用，跳過配置保存
2025-07-31 14:29:01,277 - VALO360 - DEBUG - 自動保存已禁用，跳過配置保存
2025-07-31 14:29:01,277 - VALO360 - DEBUG - 自動保存已禁用，跳過配置保存
2025-07-31 14:29:01,285 - VALO360 - DEBUG - 自動保存已禁用，跳過配置保存
2025-07-31 14:29:01,285 - VALO360 - DEBUG - 自動保存已禁用，跳過配置保存
2025-07-31 14:29:01,285 - VALO360 - DEBUG - 自動保存已禁用，跳過配置保存
2025-07-31 14:29:01,289 - VALO360 - DEBUG - 自動保存已禁用，跳過配置保存
2025-07-31 14:29:01,289 - VALO360 - DEBUG - 自動保存已禁用，跳過配置保存
2025-07-31 14:29:01,289 - VALO360 - DEBUG - 自動保存已禁用，跳過配置保存
2025-07-31 14:29:01,289 - VALO360 - DEBUG - 自動保存已禁用，跳過配置保存
2025-07-31 14:29:01,291 - VALO360 - DEBUG - 自動保存已禁用，跳過配置保存
2025-07-31 14:29:01,292 - VALO360 - DEBUG - 自動保存已禁用，跳過配置保存
2025-07-31 14:29:01,292 - VALO360 - DEBUG - 自動保存已禁用，跳過配置保存
2025-07-31 14:29:01,292 - VALO360 - DEBUG - 自動保存已禁用，跳過配置保存
2025-07-31 14:29:01,298 - VALO360 - DEBUG - 自動保存已禁用，跳過配置保存
2025-07-31 14:29:01,298 - VALO360 - DEBUG - 自動保存已禁用，跳過配置保存
2025-07-31 14:29:01,299 - VALO360 - DEBUG - 自動保存已禁用，跳過配置保存
2025-07-31 14:29:01,299 - VALO360 - DEBUG - 自動保存已禁用，跳過配置保存
2025-07-31 14:29:01,302 - VALO360 - DEBUG - 自動保存已禁用，跳過配置保存
2025-07-31 14:29:01,302 - VALO360 - DEBUG - 自動保存已禁用，跳過配置保存
2025-07-31 14:29:01,302 - VALO360 - DEBUG - 自動保存已禁用，跳過配置保存
2025-07-31 14:29:01,303 - VALO360 - DEBUG - 自動保存已禁用，跳過配置保存
2025-07-31 14:29:01,306 - VALO360 - DEBUG - 自動保存已禁用，跳過配置保存
2025-07-31 14:29:01,306 - VALO360 - DEBUG - 自動保存已禁用，跳過配置保存
2025-07-31 14:29:01,306 - VALO360 - DEBUG - 自動保存已禁用，跳過配置保存
2025-07-31 14:29:01,307 - VALO360 - DEBUG - 自動保存已禁用，跳過配置保存
2025-07-31 14:29:01,309 - VALO360 - DEBUG - 自動保存已禁用，跳過配置保存
2025-07-31 14:29:01,309 - VALO360 - DEBUG - 自動保存已禁用，跳過配置保存
2025-07-31 14:29:01,309 - VALO360 - DEBUG - 自動保存已禁用，跳過配置保存
2025-07-31 14:29:01,309 - VALO360 - DEBUG - 自動保存已禁用，跳過配置保存
2025-07-31 14:29:01,309 - VALO360 - DEBUG - 自動保存已禁用，跳過配置保存
2025-07-31 14:29:01,309 - VALO360 - DEBUG - 自動保存已禁用，跳過配置保存
2025-07-31 14:29:01,309 - VALO360 - DEBUG - 自動保存已禁用，跳過配置保存
2025-07-31 14:29:01,309 - VALO360 - DEBUG - 自動保存已禁用，跳過配置保存
2025-07-31 14:29:01,319 - VALO360 - DEBUG - 自動保存已禁用，跳過配置保存
2025-07-31 14:29:01,319 - VALO360 - DEBUG - 自動保存已禁用，跳過配置保存
2025-07-31 14:29:01,319 - VALO360 - DEBUG - 自動保存已禁用，跳過配置保存
2025-07-31 14:29:01,319 - VALO360 - DEBUG - 自動保存已禁用，跳過配置保存
2025-07-31 14:29:01,327 - VALO360 - DEBUG - 自動保存已禁用，跳過配置保存
2025-07-31 14:29:01,327 - VALO360 - DEBUG - 自動保存已禁用，跳過配置保存
2025-07-31 14:29:01,327 - VALO360 - DEBUG - 自動保存已禁用，跳過配置保存
2025-07-31 14:29:01,327 - VALO360 - DEBUG - 自動保存已禁用，跳過配置保存
2025-07-31 14:29:01,339 - VALO360 - DEBUG - 自動保存已禁用，跳過配置保存
2025-07-31 14:29:01,339 - VALO360 - DEBUG - 自動保存已禁用，跳過配置保存
2025-07-31 14:29:01,339 - VALO360 - DEBUG - 自動保存已禁用，跳過配置保存
2025-07-31 14:29:01,339 - VALO360 - DEBUG - 自動保存已禁用，跳過配置保存
2025-07-31 14:29:01,341 - VALO360 - DEBUG - 自動保存已禁用，跳過配置保存
2025-07-31 14:29:01,341 - VALO360 - DEBUG - 自動保存已禁用，跳過配置保存
2025-07-31 14:29:01,341 - VALO360 - DEBUG - 自動保存已禁用，跳過配置保存
2025-07-31 14:29:01,341 - VALO360 - DEBUG - 自動保存已禁用，跳過配置保存
2025-07-31 14:29:01,341 - VALO360 - DEBUG - 自動保存已禁用，跳過配置保存
2025-07-31 14:29:01,341 - VALO360 - DEBUG - 自動保存已禁用，跳過配置保存
2025-07-31 14:29:01,341 - VALO360 - DEBUG - 自動保存已禁用，跳過配置保存
2025-07-31 14:29:01,341 - VALO360 - DEBUG - 自動保存已禁用，跳過配置保存
2025-07-31 14:29:01,347 - VALO360 - DEBUG - 自動保存已禁用，跳過配置保存
2025-07-31 14:29:01,347 - VALO360 - DEBUG - 自動保存已禁用，跳過配置保存
2025-07-31 14:29:01,347 - VALO360 - DEBUG - 自動保存已禁用，跳過配置保存
2025-07-31 14:29:01,347 - VALO360 - DEBUG - 自動保存已禁用，跳過配置保存
2025-07-31 14:29:01,347 - VALO360 - DEBUG - 自動保存已禁用，跳過配置保存
2025-07-31 14:29:01,353 - VALO360 - DEBUG - 自動保存已禁用，跳過配置保存
2025-07-31 14:29:01,353 - VALO360 - DEBUG - 自動保存已禁用，跳過配置保存
2025-07-31 14:29:01,353 - VALO360 - DEBUG - 自動保存已禁用，跳過配置保存
2025-07-31 14:29:07,428 - VALO360 - DEBUG - 自動保存已禁用，跳過配置保存
2025-07-31 14:29:07,438 - VALO360 - DEBUG - 配置已備份至: backup\setup_backup_20250731_142907.json
2025-07-31 14:29:07,440 - VALO360 - DEBUG - 配置保存成功
2025-07-31 14:29:07,440 - VALO360 - DEBUG - 自動保存已禁用，跳過配置保存
2025-07-31 14:29:07,458 - VALO360 - DEBUG - 自動保存已禁用，跳過配置保存
2025-07-31 14:29:07,458 - VALO360 - DEBUG - 自動保存已禁用，跳過配置保存
2025-07-31 14:29:07,458 - VALO360 - DEBUG - 自動保存已禁用，跳過配置保存
2025-07-31 14:29:07,460 - VALO360 - DEBUG - 自動保存已禁用，跳過配置保存
2025-07-31 14:29:07,511 - VALO360 - DEBUG - 自動保存已禁用，跳過配置保存
2025-07-31 14:29:07,511 - VALO360 - DEBUG - 自動保存已禁用，跳過配置保存
2025-07-31 14:29:07,511 - VALO360 - DEBUG - 自動保存已禁用，跳過配置保存
2025-07-31 14:29:07,511 - VALO360 - DEBUG - 自動保存已禁用，跳過配置保存
2025-07-31 14:29:07,527 - VALO360 - DEBUG - 自動保存已禁用，跳過配置保存
2025-07-31 14:29:07,527 - VALO360 - DEBUG - 自動保存已禁用，跳過配置保存
2025-07-31 14:29:07,527 - VALO360 - DEBUG - 自動保存已禁用，跳過配置保存
2025-07-31 14:29:07,530 - VALO360 - DEBUG - 自動保存已禁用，跳過配置保存
2025-07-31 14:29:07,533 - VALO360 - DEBUG - 自動保存已禁用，跳過配置保存
2025-07-31 14:29:07,533 - VALO360 - DEBUG - 自動保存已禁用，跳過配置保存
2025-07-31 14:29:07,533 - VALO360 - DEBUG - 自動保存已禁用，跳過配置保存
2025-07-31 14:29:07,533 - VALO360 - DEBUG - 自動保存已禁用，跳過配置保存
2025-07-31 14:29:07,540 - VALO360 - DEBUG - 自動保存已禁用，跳過配置保存
2025-07-31 14:29:07,540 - VALO360 - DEBUG - 自動保存已禁用，跳過配置保存
2025-07-31 14:29:07,541 - VALO360 - DEBUG - 自動保存已禁用，跳過配置保存
2025-07-31 14:29:07,541 - VALO360 - DEBUG - 自動保存已禁用，跳過配置保存
2025-07-31 14:29:07,544 - VALO360 - DEBUG - 自動保存已禁用，跳過配置保存
2025-07-31 14:29:07,544 - VALO360 - DEBUG - 自動保存已禁用，跳過配置保存
2025-07-31 14:29:07,544 - VALO360 - DEBUG - 自動保存已禁用，跳過配置保存
2025-07-31 14:29:07,544 - VALO360 - DEBUG - 自動保存已禁用，跳過配置保存
2025-07-31 14:29:07,550 - VALO360 - DEBUG - 自動保存已禁用，跳過配置保存
2025-07-31 14:29:07,550 - VALO360 - DEBUG - 自動保存已禁用，跳過配置保存
2025-07-31 14:29:07,550 - VALO360 - DEBUG - 自動保存已禁用，跳過配置保存
2025-07-31 14:29:07,550 - VALO360 - DEBUG - 自動保存已禁用，跳過配置保存
2025-07-31 14:29:07,550 - VALO360 - DEBUG - 自動保存已禁用，跳過配置保存
2025-07-31 14:29:07,550 - VALO360 - DEBUG - 自動保存已禁用，跳過配置保存
2025-07-31 14:29:07,550 - VALO360 - DEBUG - 自動保存已禁用，跳過配置保存
2025-07-31 14:29:07,550 - VALO360 - DEBUG - 自動保存已禁用，跳過配置保存
2025-07-31 14:29:07,586 - VALO360 - DEBUG - 自動保存已禁用，跳過配置保存
2025-07-31 14:29:07,586 - VALO360 - DEBUG - 自動保存已禁用，跳過配置保存
2025-07-31 14:29:07,590 - VALO360 - DEBUG - 自動保存已禁用，跳過配置保存
2025-07-31 14:29:07,590 - VALO360 - DEBUG - 自動保存已禁用，跳過配置保存
2025-07-31 14:29:07,591 - VALO360 - DEBUG - 自動保存已禁用，跳過配置保存
2025-07-31 14:29:07,591 - VALO360 - DEBUG - 自動保存已禁用，跳過配置保存
2025-07-31 14:29:07,591 - VALO360 - DEBUG - 自動保存已禁用，跳過配置保存
2025-07-31 14:29:07,591 - VALO360 - DEBUG - 自動保存已禁用，跳過配置保存
2025-07-31 14:29:07,591 - VALO360 - DEBUG - 自動保存已禁用，跳過配置保存
2025-07-31 14:29:07,591 - VALO360 - DEBUG - 自動保存已禁用，跳過配置保存
2025-07-31 14:29:07,591 - VALO360 - DEBUG - 自動保存已禁用，跳過配置保存
2025-07-31 14:29:07,595 - VALO360 - DEBUG - 自動保存已禁用，跳過配置保存
2025-07-31 14:29:07,595 - VALO360 - DEBUG - 自動保存已禁用，跳過配置保存
2025-07-31 14:29:07,595 - VALO360 - DEBUG - 自動保存已禁用，跳過配置保存
2025-07-31 14:29:07,595 - VALO360 - DEBUG - 自動保存已禁用，跳過配置保存
2025-07-31 14:29:07,595 - VALO360 - DEBUG - 自動保存已禁用，跳過配置保存
2025-07-31 14:29:07,595 - VALO360 - DEBUG - 自動保存已禁用，跳過配置保存
2025-07-31 14:29:07,595 - VALO360 - DEBUG - 自動保存已禁用，跳過配置保存
2025-07-31 14:29:07,595 - VALO360 - DEBUG - 自動保存已禁用，跳過配置保存
2025-07-31 14:29:07,595 - VALO360 - DEBUG - 自動保存已禁用，跳過配置保存
2025-07-31 14:29:07,595 - VALO360 - DEBUG - 自動保存已禁用，跳過配置保存
2025-07-31 14:29:07,595 - VALO360 - DEBUG - 自動保存已禁用，跳過配置保存
2025-07-31 14:29:07,601 - VALO360 - DEBUG - 自動保存已禁用，跳過配置保存
2025-07-31 14:29:07,601 - VALO360 - DEBUG - 自動保存已禁用，跳過配置保存
2025-07-31 14:29:07,602 - VALO360 - DEBUG - 自動保存已禁用，跳過配置保存
2025-07-31 14:29:07,602 - VALO360 - DEBUG - 自動保存已禁用，跳過配置保存
2025-07-31 14:29:07,602 - VALO360 - DEBUG - 自動保存已禁用，跳過配置保存
2025-07-31 14:29:07,602 - VALO360 - DEBUG - 自動保存已禁用，跳過配置保存
2025-07-31 14:29:07,602 - VALO360 - DEBUG - 自動保存已禁用，跳過配置保存
2025-07-31 14:29:07,602 - VALO360 - DEBUG - 自動保存已禁用，跳過配置保存
2025-07-31 14:29:07,602 - VALO360 - DEBUG - 自動保存已禁用，跳過配置保存
2025-07-31 14:29:07,602 - VALO360 - DEBUG - 自動保存已禁用，跳過配置保存
2025-07-31 14:29:07,602 - VALO360 - DEBUG - 自動保存已禁用，跳過配置保存
2025-07-31 14:29:07,602 - VALO360 - DEBUG - 自動保存已禁用，跳過配置保存
2025-07-31 14:29:07,602 - VALO360 - DEBUG - 自動保存已禁用，跳過配置保存
2025-07-31 14:29:07,602 - VALO360 - DEBUG - 自動保存已禁用，跳過配置保存
2025-07-31 14:29:07,611 - VALO360 - DEBUG - 自動保存已禁用，跳過配置保存
2025-07-31 14:29:07,611 - VALO360 - DEBUG - 自動保存已禁用，跳過配置保存
2025-07-31 14:29:07,611 - VALO360 - DEBUG - 自動保存已禁用，跳過配置保存
2025-07-31 14:29:07,611 - VALO360 - DEBUG - 自動保存已禁用，跳過配置保存
2025-07-31 14:29:07,611 - VALO360 - DEBUG - 自動保存已禁用，跳過配置保存
2025-07-31 14:29:07,611 - VALO360 - DEBUG - 自動保存已禁用，跳過配置保存
2025-07-31 14:29:07,611 - VALO360 - DEBUG - 自動保存已禁用，跳過配置保存
2025-07-31 14:29:07,611 - VALO360 - DEBUG - 自動保存已禁用，跳過配置保存
2025-07-31 14:29:07,611 - VALO360 - DEBUG - 自動保存已禁用，跳過配置保存
2025-07-31 14:29:07,611 - VALO360 - DEBUG - 自動保存已禁用，跳過配置保存
2025-07-31 14:29:07,611 - VALO360 - DEBUG - 自動保存已禁用，跳過配置保存
2025-07-31 14:29:07,611 - VALO360 - DEBUG - 自動保存已禁用，跳過配置保存
2025-07-31 14:29:07,622 - VALO360 - DEBUG - 自動保存已禁用，跳過配置保存
2025-07-31 14:29:07,622 - VALO360 - DEBUG - 自動保存已禁用，跳過配置保存
2025-07-31 14:29:07,622 - VALO360 - DEBUG - 自動保存已禁用，跳過配置保存
2025-07-31 14:29:07,624 - VALO360 - DEBUG - 自動保存已禁用，跳過配置保存
2025-07-31 14:29:07,628 - VALO360 - DEBUG - 自動保存已禁用，跳過配置保存
2025-07-31 14:29:07,632 - VALO360 - DEBUG - 自動保存已禁用，跳過配置保存
2025-07-31 14:29:07,632 - VALO360 - DEBUG - 自動保存已禁用，跳過配置保存
2025-07-31 14:29:07,632 - VALO360 - DEBUG - 自動保存已禁用，跳過配置保存
2025-07-31 14:29:07,632 - VALO360 - DEBUG - 自動保存已禁用，跳過配置保存
2025-07-31 14:29:07,632 - VALO360 - DEBUG - 自動保存已禁用，跳過配置保存
2025-07-31 14:29:07,632 - VALO360 - DEBUG - 自動保存已禁用，跳過配置保存
2025-07-31 14:29:07,632 - VALO360 - DEBUG - 自動保存已禁用，跳過配置保存
2025-07-31 14:29:07,632 - VALO360 - DEBUG - 自動保存已禁用，跳過配置保存
2025-07-31 14:29:07,632 - VALO360 - DEBUG - 自動保存已禁用，跳過配置保存
2025-07-31 14:29:07,632 - VALO360 - DEBUG - 自動保存已禁用，跳過配置保存
2025-07-31 14:29:07,632 - VALO360 - DEBUG - 自動保存已禁用，跳過配置保存
2025-07-31 14:29:07,632 - VALO360 - DEBUG - 自動保存已禁用，跳過配置保存
2025-07-31 14:29:07,632 - VALO360 - DEBUG - 自動保存已禁用，跳過配置保存
2025-07-31 14:29:07,632 - VALO360 - DEBUG - 自動保存已禁用，跳過配置保存
2025-07-31 14:29:07,632 - VALO360 - DEBUG - 自動保存已禁用，跳過配置保存
2025-07-31 14:29:07,641 - VALO360 - DEBUG - 自動保存已禁用，跳過配置保存
2025-07-31 14:29:07,641 - VALO360 - DEBUG - 自動保存已禁用，跳過配置保存
2025-07-31 14:29:07,641 - VALO360 - DEBUG - 自動保存已禁用，跳過配置保存
2025-07-31 14:29:07,641 - VALO360 - DEBUG - 自動保存已禁用，跳過配置保存
2025-07-31 14:29:07,644 - VALO360 - DEBUG - 自動保存已禁用，跳過配置保存
2025-07-31 14:29:07,644 - VALO360 - DEBUG - 自動保存已禁用，跳過配置保存
2025-07-31 14:29:07,644 - VALO360 - DEBUG - 自動保存已禁用，跳過配置保存
2025-07-31 14:29:07,644 - VALO360 - DEBUG - 自動保存已禁用，跳過配置保存
2025-07-31 14:29:07,644 - VALO360 - DEBUG - 自動保存已禁用，跳過配置保存
2025-07-31 14:29:07,644 - VALO360 - DEBUG - 自動保存已禁用，跳過配置保存
2025-07-31 14:29:07,644 - VALO360 - DEBUG - 自動保存已禁用，跳過配置保存
2025-07-31 14:29:07,644 - VALO360 - DEBUG - 自動保存已禁用，跳過配置保存
2025-07-31 14:29:07,644 - VALO360 - DEBUG - 自動保存已禁用，跳過配置保存
2025-07-31 14:29:07,644 - VALO360 - DEBUG - 自動保存已禁用，跳過配置保存
2025-07-31 14:29:07,644 - VALO360 - DEBUG - 自動保存已禁用，跳過配置保存
2025-07-31 14:29:07,644 - VALO360 - DEBUG - 自動保存已禁用，跳過配置保存
2025-07-31 14:29:07,654 - VALO360 - DEBUG - 自動保存已禁用，跳過配置保存
2025-07-31 14:29:07,654 - VALO360 - DEBUG - 自動保存已禁用，跳過配置保存
2025-07-31 14:29:07,654 - VALO360 - DEBUG - 自動保存已禁用，跳過配置保存
2025-07-31 14:29:07,654 - VALO360 - DEBUG - 自動保存已禁用，跳過配置保存
2025-07-31 14:29:07,656 - VALO360 - DEBUG - 自動保存已禁用，跳過配置保存
2025-07-31 14:29:07,656 - VALO360 - DEBUG - 自動保存已禁用，跳過配置保存
2025-07-31 14:29:07,656 - VALO360 - DEBUG - 自動保存已禁用，跳過配置保存
2025-07-31 14:29:07,658 - VALO360 - DEBUG - 自動保存已禁用，跳過配置保存
2025-07-31 14:29:07,658 - VALO360 - DEBUG - 自動保存已禁用，跳過配置保存
2025-07-31 14:29:07,660 - VALO360 - DEBUG - 自動保存已禁用，跳過配置保存
2025-07-31 14:29:07,660 - VALO360 - DEBUG - 自動保存已禁用，跳過配置保存
2025-07-31 14:29:07,660 - VALO360 - DEBUG - 自動保存已禁用，跳過配置保存
2025-07-31 14:29:07,660 - VALO360 - DEBUG - 自動保存已禁用，跳過配置保存
2025-07-31 14:29:07,662 - VALO360 - DEBUG - 自動保存已禁用，跳過配置保存
2025-07-31 14:29:07,662 - VALO360 - DEBUG - 自動保存已禁用，跳過配置保存
2025-07-31 14:29:07,662 - VALO360 - DEBUG - 自動保存已禁用，跳過配置保存
2025-07-31 14:29:07,662 - VALO360 - DEBUG - 自動保存已禁用，跳過配置保存
2025-07-31 14:29:07,662 - VALO360 - DEBUG - 自動保存已禁用，跳過配置保存
2025-07-31 14:29:07,662 - VALO360 - DEBUG - 自動保存已禁用，跳過配置保存
2025-07-31 14:29:07,662 - VALO360 - DEBUG - 自動保存已禁用，跳過配置保存
2025-07-31 14:29:07,662 - VALO360 - DEBUG - 自動保存已禁用，跳過配置保存
2025-07-31 14:29:07,662 - VALO360 - DEBUG - 自動保存已禁用，跳過配置保存
2025-07-31 14:29:07,662 - VALO360 - DEBUG - 自動保存已禁用，跳過配置保存
2025-07-31 14:29:07,662 - VALO360 - DEBUG - 自動保存已禁用，跳過配置保存
2025-07-31 14:29:07,668 - VALO360 - DEBUG - 自動保存已禁用，跳過配置保存
2025-07-31 14:29:07,668 - VALO360 - DEBUG - 自動保存已禁用，跳過配置保存
2025-07-31 14:29:07,668 - VALO360 - DEBUG - 自動保存已禁用，跳過配置保存
2025-07-31 14:29:07,669 - VALO360 - DEBUG - 自動保存已禁用，跳過配置保存
2025-07-31 14:29:07,669 - VALO360 - DEBUG - 自動保存已禁用，跳過配置保存
2025-07-31 14:29:07,669 - VALO360 - DEBUG - 自動保存已禁用，跳過配置保存
2025-07-31 14:29:07,669 - VALO360 - DEBUG - 自動保存已禁用，跳過配置保存
2025-07-31 14:29:07,669 - VALO360 - DEBUG - 自動保存已禁用，跳過配置保存
2025-07-31 14:29:07,672 - VALO360 - DEBUG - 自動保存已禁用，跳過配置保存
2025-07-31 14:29:07,672 - VALO360 - DEBUG - 自動保存已禁用，跳過配置保存
2025-07-31 14:29:07,675 - VALO360 - DEBUG - 自動保存已禁用，跳過配置保存
2025-07-31 14:29:07,675 - VALO360 - DEBUG - 自動保存已禁用，跳過配置保存
2025-07-31 14:29:07,675 - VALO360 - DEBUG - 自動保存已禁用，跳過配置保存
2025-07-31 14:29:07,675 - VALO360 - DEBUG - 自動保存已禁用，跳過配置保存
2025-07-31 14:29:07,675 - VALO360 - DEBUG - 自動保存已禁用，跳過配置保存
2025-07-31 14:29:07,675 - VALO360 - DEBUG - 自動保存已禁用，跳過配置保存
2025-07-31 14:29:07,675 - VALO360 - DEBUG - 自動保存已禁用，跳過配置保存
2025-07-31 14:29:07,675 - VALO360 - DEBUG - 自動保存已禁用，跳過配置保存
2025-07-31 14:29:07,675 - VALO360 - DEBUG - 自動保存已禁用，跳過配置保存
2025-07-31 14:29:07,675 - VALO360 - DEBUG - 自動保存已禁用，跳過配置保存
2025-07-31 14:29:07,927 - VALO360 - DEBUG - 找到 2 個COM口: ['COM5', 'COM6']
2025-07-31 14:29:07,948 - VALO360 - DEBUG - 自動保存已禁用，跳過配置保存
2025-07-31 14:29:07,948 - VALO360 - DEBUG - 自動保存已禁用，跳過配置保存
2025-07-31 14:29:07,948 - VALO360 - DEBUG - 自動保存已禁用，跳過配置保存
2025-07-31 14:29:07,948 - VALO360 - DEBUG - 自動保存已禁用，跳過配置保存
2025-07-31 14:29:07,948 - VALO360 - DEBUG - 自動保存已禁用，跳過配置保存
2025-07-31 14:29:07,958 - VALO360 - DEBUG - 自動保存已禁用，跳過配置保存
2025-07-31 14:29:07,958 - VALO360 - DEBUG - 自動保存已禁用，跳過配置保存
2025-07-31 14:29:07,958 - VALO360 - DEBUG - 自動保存已禁用，跳過配置保存
2025-07-31 14:29:07,958 - VALO360 - DEBUG - 自動保存已禁用，跳過配置保存
2025-07-31 14:29:07,958 - VALO360 - DEBUG - 自動保存已禁用，跳過配置保存
2025-07-31 14:29:07,958 - VALO360 - DEBUG - 自動保存已禁用，跳過配置保存
2025-07-31 14:29:07,958 - VALO360 - DEBUG - 自動保存已禁用，跳過配置保存
2025-07-31 14:29:07,958 - VALO360 - DEBUG - 自動保存已禁用，跳過配置保存
2025-07-31 14:29:07,958 - VALO360 - DEBUG - 自動保存已禁用，跳過配置保存
2025-07-31 14:29:07,958 - VALO360 - DEBUG - 自動保存已禁用，跳過配置保存
2025-07-31 14:29:07,958 - VALO360 - DEBUG - 自動保存已禁用，跳過配置保存
2025-07-31 14:29:07,958 - VALO360 - DEBUG - 自動保存已禁用，跳過配置保存
2025-07-31 14:29:07,958 - VALO360 - DEBUG - 自動保存已禁用，跳過配置保存
2025-07-31 14:29:07,958 - VALO360 - DEBUG - 自動保存已禁用，跳過配置保存
2025-07-31 14:29:07,958 - VALO360 - DEBUG - 自動保存已禁用，跳過配置保存
2025-07-31 14:29:07,958 - VALO360 - DEBUG - 自動保存已禁用，跳過配置保存
2025-07-31 14:29:07,958 - VALO360 - DEBUG - 自動保存已禁用，跳過配置保存
2025-07-31 14:29:07,958 - VALO360 - DEBUG - 自動保存已禁用，跳過配置保存
2025-07-31 14:29:07,958 - VALO360 - DEBUG - 自動保存已禁用，跳過配置保存
2025-07-31 14:29:07,958 - VALO360 - DEBUG - 自動保存已禁用，跳過配置保存
2025-07-31 14:29:07,958 - VALO360 - DEBUG - 自動保存已禁用，跳過配置保存
2025-07-31 14:29:07,958 - VALO360 - DEBUG - 自動保存已禁用，跳過配置保存
2025-07-31 14:29:07,958 - VALO360 - DEBUG - 自動保存已禁用，跳過配置保存
2025-07-31 14:29:07,958 - VALO360 - DEBUG - 自動保存已禁用，跳過配置保存
2025-07-31 14:29:07,958 - VALO360 - DEBUG - 自動保存已禁用，跳過配置保存
2025-07-31 14:29:07,958 - VALO360 - DEBUG - 自動保存已禁用，跳過配置保存
2025-07-31 14:29:07,958 - VALO360 - DEBUG - 自動保存已禁用，跳過配置保存
2025-07-31 14:29:07,968 - VALO360 - DEBUG - 自動保存已禁用，跳過配置保存
2025-07-31 14:29:07,968 - VALO360 - DEBUG - 自動保存已禁用，跳過配置保存
2025-07-31 14:29:07,968 - VALO360 - DEBUG - 自動保存已禁用，跳過配置保存
2025-07-31 14:29:07,968 - VALO360 - DEBUG - 自動保存已禁用，跳過配置保存
2025-07-31 14:29:07,970 - VALO360 - DEBUG - 自動保存已禁用，跳過配置保存
2025-07-31 14:29:07,970 - VALO360 - DEBUG - 自動保存已禁用，跳過配置保存
2025-07-31 14:29:07,970 - VALO360 - DEBUG - 自動保存已禁用，跳過配置保存
2025-07-31 14:29:07,970 - VALO360 - DEBUG - 自動保存已禁用，跳過配置保存
2025-07-31 14:29:07,972 - VALO360 - DEBUG - 自動保存已禁用，跳過配置保存
2025-07-31 14:29:07,972 - VALO360 - DEBUG - 自動保存已禁用，跳過配置保存
2025-07-31 14:29:07,972 - VALO360 - DEBUG - 自動保存已禁用，跳過配置保存
2025-07-31 14:29:07,972 - VALO360 - DEBUG - 自動保存已禁用，跳過配置保存
2025-07-31 14:29:07,974 - VALO360 - DEBUG - 自動保存已禁用，跳過配置保存
2025-07-31 14:29:07,974 - VALO360 - DEBUG - 自動保存已禁用，跳過配置保存
2025-07-31 14:29:07,974 - VALO360 - DEBUG - 自動保存已禁用，跳過配置保存
2025-07-31 14:29:07,974 - VALO360 - DEBUG - 自動保存已禁用，跳過配置保存
2025-07-31 14:29:07,974 - VALO360 - DEBUG - 自動保存已禁用，跳過配置保存
2025-07-31 14:29:07,976 - VALO360 - DEBUG - 自動保存已禁用，跳過配置保存
2025-07-31 14:29:07,976 - VALO360 - DEBUG - 自動保存已禁用，跳過配置保存
2025-07-31 14:29:07,976 - VALO360 - DEBUG - 自動保存已禁用，跳過配置保存
2025-07-31 14:29:07,976 - VALO360 - DEBUG - 自動保存已禁用，跳過配置保存
2025-07-31 14:29:07,976 - VALO360 - DEBUG - 自動保存已禁用，跳過配置保存
2025-07-31 14:29:07,976 - VALO360 - DEBUG - 自動保存已禁用，跳過配置保存
2025-07-31 14:29:07,978 - VALO360 - DEBUG - 自動保存已禁用，跳過配置保存
2025-07-31 14:29:07,978 - VALO360 - DEBUG - 自動保存已禁用，跳過配置保存
2025-07-31 14:29:07,978 - VALO360 - DEBUG - 自動保存已禁用，跳過配置保存
2025-07-31 14:29:07,978 - VALO360 - DEBUG - 自動保存已禁用，跳過配置保存
2025-07-31 14:29:07,978 - VALO360 - DEBUG - 自動保存已禁用，跳過配置保存
2025-07-31 14:29:07,978 - VALO360 - DEBUG - 自動保存已禁用，跳過配置保存
2025-07-31 14:29:07,978 - VALO360 - DEBUG - 自動保存已禁用，跳過配置保存
2025-07-31 14:29:07,978 - VALO360 - DEBUG - 自動保存已禁用，跳過配置保存
2025-07-31 14:29:07,978 - VALO360 - DEBUG - 自動保存已禁用，跳過配置保存
2025-07-31 14:29:07,978 - VALO360 - DEBUG - 自動保存已禁用，跳過配置保存
2025-07-31 14:29:07,978 - VALO360 - DEBUG - 自動保存已禁用，跳過配置保存
2025-07-31 14:29:07,978 - VALO360 - DEBUG - 自動保存已禁用，跳過配置保存
2025-07-31 14:29:07,978 - VALO360 - DEBUG - 自動保存已禁用，跳過配置保存
2025-07-31 14:29:07,978 - VALO360 - DEBUG - 自動保存已禁用，跳過配置保存
2025-07-31 14:29:07,978 - VALO360 - DEBUG - 自動保存已禁用，跳過配置保存
2025-07-31 14:29:07,978 - VALO360 - DEBUG - 自動保存已禁用，跳過配置保存
2025-07-31 14:29:07,978 - VALO360 - DEBUG - 自動保存已禁用，跳過配置保存
2025-07-31 14:29:07,987 - VALO360 - DEBUG - 自動保存已禁用，跳過配置保存
2025-07-31 14:29:07,987 - VALO360 - DEBUG - 自動保存已禁用，跳過配置保存
2025-07-31 14:29:07,987 - VALO360 - DEBUG - 自動保存已禁用，跳過配置保存
2025-07-31 14:29:07,988 - VALO360 - DEBUG - 自動保存已禁用，跳過配置保存
2025-07-31 14:29:07,988 - VALO360 - DEBUG - 自動保存已禁用，跳過配置保存
2025-07-31 14:29:07,988 - VALO360 - DEBUG - 自動保存已禁用，跳過配置保存
2025-07-31 14:29:07,988 - VALO360 - DEBUG - 自動保存已禁用，跳過配置保存
2025-07-31 14:29:07,988 - VALO360 - DEBUG - 自動保存已禁用，跳過配置保存
2025-07-31 14:29:07,988 - VALO360 - DEBUG - 自動保存已禁用，跳過配置保存
2025-07-31 14:29:07,991 - VALO360 - DEBUG - 自動保存已禁用，跳過配置保存
2025-07-31 14:29:07,991 - VALO360 - DEBUG - 自動保存已禁用，跳過配置保存
2025-07-31 14:29:07,991 - VALO360 - DEBUG - 自動保存已禁用，跳過配置保存
2025-07-31 14:29:07,991 - VALO360 - DEBUG - 自動保存已禁用，跳過配置保存
2025-07-31 14:29:07,991 - VALO360 - DEBUG - 自動保存已禁用，跳過配置保存
2025-07-31 14:29:07,993 - VALO360 - DEBUG - 自動保存已禁用，跳過配置保存
2025-07-31 14:29:07,993 - VALO360 - DEBUG - 自動保存已禁用，跳過配置保存
2025-07-31 14:29:07,993 - VALO360 - DEBUG - 自動保存已禁用，跳過配置保存
2025-07-31 14:29:07,993 - VALO360 - DEBUG - 自動保存已禁用，跳過配置保存
2025-07-31 14:29:07,993 - VALO360 - DEBUG - 自動保存已禁用，跳過配置保存
2025-07-31 14:29:07,993 - VALO360 - DEBUG - 自動保存已禁用，跳過配置保存
2025-07-31 14:29:07,995 - VALO360 - DEBUG - 自動保存已禁用，跳過配置保存
2025-07-31 14:29:07,995 - VALO360 - DEBUG - 自動保存已禁用，跳過配置保存
2025-07-31 14:29:07,995 - VALO360 - DEBUG - 自動保存已禁用，跳過配置保存
2025-07-31 14:29:07,995 - VALO360 - DEBUG - 自動保存已禁用，跳過配置保存
2025-07-31 14:29:07,997 - VALO360 - DEBUG - 自動保存已禁用，跳過配置保存
2025-07-31 14:29:07,997 - VALO360 - DEBUG - 自動保存已禁用，跳過配置保存
2025-07-31 14:29:07,998 - VALO360 - DEBUG - 自動保存已禁用，跳過配置保存
2025-07-31 14:29:07,998 - VALO360 - DEBUG - 自動保存已禁用，跳過配置保存
2025-07-31 14:29:07,998 - VALO360 - DEBUG - 自動保存已禁用，跳過配置保存
2025-07-31 14:29:07,998 - VALO360 - DEBUG - 自動保存已禁用，跳過配置保存
2025-07-31 14:29:08,000 - VALO360 - DEBUG - 自動保存已禁用，跳過配置保存
2025-07-31 14:29:08,000 - VALO360 - DEBUG - 自動保存已禁用，跳過配置保存
2025-07-31 14:29:08,000 - VALO360 - DEBUG - 自動保存已禁用，跳過配置保存
2025-07-31 14:29:08,000 - VALO360 - DEBUG - 自動保存已禁用，跳過配置保存
2025-07-31 14:29:08,000 - VALO360 - DEBUG - 自動保存已禁用，跳過配置保存
2025-07-31 14:29:08,000 - VALO360 - DEBUG - 自動保存已禁用，跳過配置保存
2025-07-31 14:29:08,003 - VALO360 - DEBUG - 自動保存已禁用，跳過配置保存
2025-07-31 14:29:08,003 - VALO360 - DEBUG - 自動保存已禁用，跳過配置保存
2025-07-31 14:29:08,003 - VALO360 - DEBUG - 自動保存已禁用，跳過配置保存
2025-07-31 14:29:08,003 - VALO360 - DEBUG - 自動保存已禁用，跳過配置保存
2025-07-31 14:29:08,005 - VALO360 - DEBUG - 自動保存已禁用，跳過配置保存
2025-07-31 14:29:08,005 - VALO360 - DEBUG - 自動保存已禁用，跳過配置保存
2025-07-31 14:29:08,005 - VALO360 - DEBUG - 自動保存已禁用，跳過配置保存
2025-07-31 14:29:08,005 - VALO360 - DEBUG - 自動保存已禁用，跳過配置保存
2025-07-31 14:29:08,134 - VALO360 - DEBUG - 自動保存已禁用，跳過配置保存
2025-07-31 14:29:08,134 - VALO360 - DEBUG - 自動保存已禁用，跳過配置保存
2025-07-31 14:29:08,135 - VALO360 - DEBUG - 自動保存已禁用，跳過配置保存
2025-07-31 14:29:08,135 - VALO360 - DEBUG - 自動保存已禁用，跳過配置保存
2025-07-31 14:29:08,137 - VALO360 - DEBUG - 自動保存已禁用，跳過配置保存
2025-07-31 14:29:08,137 - VALO360 - DEBUG - 自動保存已禁用，跳過配置保存
2025-07-31 14:29:08,137 - VALO360 - DEBUG - 自動保存已禁用，跳過配置保存
2025-07-31 14:29:08,137 - VALO360 - DEBUG - 自動保存已禁用，跳過配置保存
2025-07-31 14:29:08,139 - VALO360 - DEBUG - 自動保存已禁用，跳過配置保存
2025-07-31 14:29:08,139 - VALO360 - DEBUG - 自動保存已禁用，跳過配置保存
2025-07-31 14:29:08,139 - VALO360 - DEBUG - 自動保存已禁用，跳過配置保存
2025-07-31 14:29:08,139 - VALO360 - DEBUG - 自動保存已禁用，跳過配置保存
2025-07-31 14:29:08,139 - VALO360 - DEBUG - 自動保存已禁用，跳過配置保存
2025-07-31 14:29:08,139 - VALO360 - DEBUG - 自動保存已禁用，跳過配置保存
2025-07-31 14:29:08,142 - VALO360 - DEBUG - 自動保存已禁用，跳過配置保存
2025-07-31 14:29:08,142 - VALO360 - DEBUG - 自動保存已禁用，跳過配置保存
2025-07-31 14:29:08,142 - VALO360 - DEBUG - 自動保存已禁用，跳過配置保存
2025-07-31 14:29:08,142 - VALO360 - DEBUG - 自動保存已禁用，跳過配置保存
2025-07-31 14:29:08,142 - VALO360 - DEBUG - 自動保存已禁用，跳過配置保存
2025-07-31 14:29:08,142 - VALO360 - DEBUG - 自動保存已禁用，跳過配置保存
2025-07-31 14:29:08,142 - VALO360 - DEBUG - 自動保存已禁用，跳過配置保存
2025-07-31 14:29:08,142 - VALO360 - DEBUG - 自動保存已禁用，跳過配置保存
2025-07-31 14:29:08,142 - VALO360 - DEBUG - 自動保存已禁用，跳過配置保存
2025-07-31 14:29:08,142 - VALO360 - DEBUG - 自動保存已禁用，跳過配置保存
2025-07-31 14:29:08,142 - VALO360 - DEBUG - 自動保存已禁用，跳過配置保存
2025-07-31 14:29:08,142 - VALO360 - DEBUG - 自動保存已禁用，跳過配置保存
2025-07-31 14:29:08,142 - VALO360 - DEBUG - 自動保存已禁用，跳過配置保存
2025-07-31 14:29:08,142 - VALO360 - DEBUG - 自動保存已禁用，跳過配置保存
2025-07-31 14:29:08,142 - VALO360 - DEBUG - 自動保存已禁用，跳過配置保存
2025-07-31 14:29:08,142 - VALO360 - DEBUG - 自動保存已禁用，跳過配置保存
2025-07-31 14:29:08,142 - VALO360 - DEBUG - 自動保存已禁用，跳過配置保存
2025-07-31 14:29:08,142 - VALO360 - DEBUG - 自動保存已禁用，跳過配置保存
2025-07-31 14:29:08,142 - VALO360 - DEBUG - 自動保存已禁用，跳過配置保存
2025-07-31 14:29:08,142 - VALO360 - DEBUG - 自動保存已禁用，跳過配置保存
2025-07-31 14:29:08,142 - VALO360 - DEBUG - 自動保存已禁用，跳過配置保存
2025-07-31 14:29:08,142 - VALO360 - DEBUG - 自動保存已禁用，跳過配置保存
2025-07-31 14:29:08,142 - VALO360 - DEBUG - 自動保存已禁用，跳過配置保存
2025-07-31 14:29:08,142 - VALO360 - DEBUG - 自動保存已禁用，跳過配置保存
2025-07-31 14:29:08,151 - VALO360 - DEBUG - 自動保存已禁用，跳過配置保存
2025-07-31 14:29:08,151 - VALO360 - DEBUG - 自動保存已禁用，跳過配置保存
2025-07-31 14:29:08,154 - VALO360 - DEBUG - 自動保存已禁用，跳過配置保存
2025-07-31 14:29:08,154 - VALO360 - DEBUG - 自動保存已禁用，跳過配置保存
2025-07-31 14:29:08,154 - VALO360 - DEBUG - 自動保存已禁用，跳過配置保存
2025-07-31 14:29:08,154 - VALO360 - DEBUG - 自動保存已禁用，跳過配置保存
2025-07-31 14:29:08,154 - VALO360 - DEBUG - 自動保存已禁用，跳過配置保存
2025-07-31 14:29:08,154 - VALO360 - DEBUG - 自動保存已禁用，跳過配置保存
2025-07-31 14:29:08,156 - VALO360 - DEBUG - 自動保存已禁用，跳過配置保存
2025-07-31 14:29:08,156 - VALO360 - DEBUG - 自動保存已禁用，跳過配置保存
2025-07-31 14:29:08,156 - VALO360 - DEBUG - 自動保存已禁用，跳過配置保存
2025-07-31 14:29:08,156 - VALO360 - DEBUG - 自動保存已禁用，跳過配置保存
2025-07-31 14:29:08,158 - VALO360 - DEBUG - 自動保存已禁用，跳過配置保存
2025-07-31 14:29:08,158 - VALO360 - DEBUG - 自動保存已禁用，跳過配置保存
2025-07-31 14:29:08,158 - VALO360 - DEBUG - 自動保存已禁用，跳過配置保存
2025-07-31 14:29:08,160 - VALO360 - DEBUG - 自動保存已禁用，跳過配置保存
2025-07-31 14:29:08,160 - VALO360 - DEBUG - 自動保存已禁用，跳過配置保存
2025-07-31 14:29:08,160 - VALO360 - DEBUG - 自動保存已禁用，跳過配置保存
2025-07-31 14:29:08,161 - VALO360 - DEBUG - 自動保存已禁用，跳過配置保存
2025-07-31 14:29:08,161 - VALO360 - DEBUG - 自動保存已禁用，跳過配置保存
2025-07-31 14:29:08,161 - VALO360 - DEBUG - 自動保存已禁用，跳過配置保存
2025-07-31 14:29:08,163 - VALO360 - DEBUG - 自動保存已禁用，跳過配置保存
2025-07-31 14:29:08,164 - VALO360 - DEBUG - 自動保存已禁用，跳過配置保存
2025-07-31 14:29:08,164 - VALO360 - DEBUG - 自動保存已禁用，跳過配置保存
2025-07-31 14:29:08,164 - VALO360 - DEBUG - 自動保存已禁用，跳過配置保存
2025-07-31 14:29:08,164 - VALO360 - DEBUG - 自動保存已禁用，跳過配置保存
2025-07-31 14:29:08,166 - VALO360 - DEBUG - 自動保存已禁用，跳過配置保存
2025-07-31 14:29:08,166 - VALO360 - DEBUG - 自動保存已禁用，跳過配置保存
2025-07-31 14:29:08,166 - VALO360 - DEBUG - 自動保存已禁用，跳過配置保存
2025-07-31 14:29:08,166 - VALO360 - DEBUG - 自動保存已禁用，跳過配置保存
2025-07-31 14:29:08,167 - VALO360 - DEBUG - 自動保存已禁用，跳過配置保存
2025-07-31 14:29:08,168 - VALO360 - DEBUG - 自動保存已禁用，跳過配置保存
2025-07-31 14:29:08,168 - VALO360 - DEBUG - 自動保存已禁用，跳過配置保存
2025-07-31 14:29:08,168 - VALO360 - DEBUG - 自動保存已禁用，跳過配置保存
2025-07-31 14:29:08,168 - VALO360 - DEBUG - 自動保存已禁用，跳過配置保存
2025-07-31 14:29:08,170 - VALO360 - DEBUG - 自動保存已禁用，跳過配置保存
2025-07-31 14:29:08,170 - VALO360 - DEBUG - 自動保存已禁用，跳過配置保存
2025-07-31 14:29:08,170 - VALO360 - DEBUG - 自動保存已禁用，跳過配置保存
2025-07-31 14:29:08,170 - VALO360 - DEBUG - 自動保存已禁用，跳過配置保存
2025-07-31 14:29:08,170 - VALO360 - DEBUG - 自動保存已禁用，跳過配置保存
2025-07-31 14:29:08,172 - VALO360 - DEBUG - 自動保存已禁用，跳過配置保存
2025-07-31 14:29:08,172 - VALO360 - DEBUG - 自動保存已禁用，跳過配置保存
2025-07-31 14:29:08,172 - VALO360 - DEBUG - 自動保存已禁用，跳過配置保存
2025-07-31 14:29:08,172 - VALO360 - DEBUG - 自動保存已禁用，跳過配置保存
2025-07-31 14:29:08,172 - VALO360 - DEBUG - 自動保存已禁用，跳過配置保存
2025-07-31 14:29:08,172 - VALO360 - DEBUG - 自動保存已禁用，跳過配置保存
2025-07-31 14:29:08,172 - VALO360 - DEBUG - 自動保存已禁用，跳過配置保存
2025-07-31 14:29:08,172 - VALO360 - DEBUG - 自動保存已禁用，跳過配置保存
2025-07-31 14:29:08,172 - VALO360 - DEBUG - 自動保存已禁用，跳過配置保存
2025-07-31 14:29:08,175 - VALO360 - DEBUG - 自動保存已禁用，跳過配置保存
2025-07-31 14:29:08,175 - VALO360 - DEBUG - 自動保存已禁用，跳過配置保存
2025-07-31 14:29:08,176 - VALO360 - DEBUG - 自動保存已禁用，跳過配置保存
2025-07-31 14:29:08,176 - VALO360 - DEBUG - 自動保存已禁用，跳過配置保存
2025-07-31 14:29:08,176 - VALO360 - DEBUG - 自動保存已禁用，跳過配置保存
2025-07-31 14:29:08,177 - VALO360 - DEBUG - 自動保存已禁用，跳過配置保存
2025-07-31 14:29:08,177 - VALO360 - DEBUG - 自動保存已禁用，跳過配置保存
2025-07-31 14:29:08,177 - VALO360 - DEBUG - 自動保存已禁用，跳過配置保存
2025-07-31 14:29:08,177 - VALO360 - DEBUG - 自動保存已禁用，跳過配置保存
2025-07-31 14:29:08,178 - VALO360 - DEBUG - 自動保存已禁用，跳過配置保存
2025-07-31 14:29:08,178 - VALO360 - DEBUG - 自動保存已禁用，跳過配置保存
2025-07-31 14:29:08,178 - VALO360 - DEBUG - 自動保存已禁用，跳過配置保存
2025-07-31 14:29:08,178 - VALO360 - DEBUG - 自動保存已禁用，跳過配置保存
2025-07-31 14:29:08,178 - VALO360 - DEBUG - 自動保存已禁用，跳過配置保存
2025-07-31 14:29:08,178 - VALO360 - DEBUG - 自動保存已禁用，跳過配置保存
2025-07-31 14:29:08,178 - VALO360 - DEBUG - 自動保存已禁用，跳過配置保存
2025-07-31 14:29:08,178 - VALO360 - DEBUG - 自動保存已禁用，跳過配置保存
2025-07-31 14:29:08,178 - VALO360 - DEBUG - 自動保存已禁用，跳過配置保存
2025-07-31 14:29:08,178 - VALO360 - DEBUG - 自動保存已禁用，跳過配置保存
2025-07-31 14:29:08,178 - VALO360 - DEBUG - 自動保存已禁用，跳過配置保存
2025-07-31 14:29:08,182 - VALO360 - DEBUG - 自動保存已禁用，跳過配置保存
2025-07-31 14:29:08,182 - VALO360 - DEBUG - 自動保存已禁用，跳過配置保存
2025-07-31 14:29:08,182 - VALO360 - DEBUG - 自動保存已禁用，跳過配置保存
2025-07-31 14:29:08,182 - VALO360 - DEBUG - 自動保存已禁用，跳過配置保存
2025-07-31 14:29:08,182 - VALO360 - DEBUG - 自動保存已禁用，跳過配置保存
2025-07-31 14:29:08,182 - VALO360 - DEBUG - 自動保存已禁用，跳過配置保存
2025-07-31 14:29:08,185 - VALO360 - DEBUG - 自動保存已禁用，跳過配置保存
2025-07-31 14:29:08,185 - VALO360 - DEBUG - 自動保存已禁用，跳過配置保存
2025-07-31 14:29:08,185 - VALO360 - DEBUG - 自動保存已禁用，跳過配置保存
2025-07-31 14:29:08,186 - VALO360 - DEBUG - 自動保存已禁用，跳過配置保存
2025-07-31 14:29:08,186 - VALO360 - DEBUG - 自動保存已禁用，跳過配置保存
2025-07-31 14:29:08,186 - VALO360 - DEBUG - 自動保存已禁用，跳過配置保存
2025-07-31 14:29:08,187 - VALO360 - DEBUG - 自動保存已禁用，跳過配置保存
2025-07-31 14:29:08,187 - VALO360 - DEBUG - 自動保存已禁用，跳過配置保存
2025-07-31 14:29:08,187 - VALO360 - DEBUG - 自動保存已禁用，跳過配置保存
2025-07-31 14:29:08,187 - VALO360 - DEBUG - 自動保存已禁用，跳過配置保存
2025-07-31 14:29:08,187 - VALO360 - DEBUG - 自動保存已禁用，跳過配置保存
2025-07-31 14:29:08,187 - VALO360 - DEBUG - 自動保存已禁用，跳過配置保存
2025-07-31 14:29:08,187 - VALO360 - DEBUG - 自動保存已禁用，跳過配置保存
2025-07-31 14:29:08,187 - VALO360 - DEBUG - 自動保存已禁用，跳過配置保存
2025-07-31 14:29:08,187 - VALO360 - DEBUG - 自動保存已禁用，跳過配置保存
2025-07-31 14:29:08,187 - VALO360 - DEBUG - 自動保存已禁用，跳過配置保存
2025-07-31 14:29:08,187 - VALO360 - DEBUG - 自動保存已禁用，跳過配置保存
2025-07-31 14:29:08,187 - VALO360 - DEBUG - 自動保存已禁用，跳過配置保存
2025-07-31 14:29:08,187 - VALO360 - DEBUG - 自動保存已禁用，跳過配置保存
2025-07-31 14:29:08,201 - VALO360 - DEBUG - 自動保存已禁用，跳過配置保存
2025-07-31 14:29:08,203 - VALO360 - DEBUG - 自動保存已禁用，跳過配置保存
2025-07-31 14:29:08,203 - VALO360 - DEBUG - 自動保存已禁用，跳過配置保存
2025-07-31 14:29:08,203 - VALO360 - DEBUG - 自動保存已禁用，跳過配置保存
2025-07-31 14:29:08,203 - VALO360 - DEBUG - 自動保存已禁用，跳過配置保存
2025-07-31 14:29:08,203 - VALO360 - DEBUG - 自動保存已禁用，跳過配置保存
2025-07-31 14:29:08,205 - VALO360 - DEBUG - 自動保存已禁用，跳過配置保存
2025-07-31 14:29:08,205 - VALO360 - DEBUG - 自動保存已禁用，跳過配置保存
2025-07-31 14:29:08,206 - VALO360 - DEBUG - 自動保存已禁用，跳過配置保存
2025-07-31 14:29:08,206 - VALO360 - DEBUG - 自動保存已禁用，跳過配置保存
2025-07-31 14:29:08,206 - VALO360 - DEBUG - 自動保存已禁用，跳過配置保存
2025-07-31 14:29:08,206 - VALO360 - DEBUG - 自動保存已禁用，跳過配置保存
2025-07-31 14:29:08,206 - VALO360 - DEBUG - 自動保存已禁用，跳過配置保存
2025-07-31 14:29:08,206 - VALO360 - DEBUG - 自動保存已禁用，跳過配置保存
2025-07-31 14:29:08,206 - VALO360 - DEBUG - 自動保存已禁用，跳過配置保存
2025-07-31 14:29:08,208 - VALO360 - DEBUG - 自動保存已禁用，跳過配置保存
2025-07-31 14:29:08,208 - VALO360 - DEBUG - 自動保存已禁用，跳過配置保存
2025-07-31 14:29:08,208 - VALO360 - DEBUG - 自動保存已禁用，跳過配置保存
2025-07-31 14:29:08,208 - VALO360 - DEBUG - 自動保存已禁用，跳過配置保存
2025-07-31 14:29:08,208 - VALO360 - DEBUG - 自動保存已禁用，跳過配置保存
2025-07-31 14:29:08,208 - VALO360 - DEBUG - 自動保存已禁用，跳過配置保存
2025-07-31 14:29:08,208 - VALO360 - DEBUG - 自動保存已禁用，跳過配置保存
2025-07-31 14:29:08,208 - VALO360 - DEBUG - 自動保存已禁用，跳過配置保存
2025-07-31 14:29:08,208 - VALO360 - DEBUG - 自動保存已禁用，跳過配置保存
2025-07-31 14:29:08,208 - VALO360 - DEBUG - 自動保存已禁用，跳過配置保存
2025-07-31 14:29:08,208 - VALO360 - DEBUG - 自動保存已禁用，跳過配置保存
2025-07-31 14:29:08,208 - VALO360 - DEBUG - 自動保存已禁用，跳過配置保存
2025-07-31 14:29:08,213 - VALO360 - DEBUG - 自動保存已禁用，跳過配置保存
2025-07-31 14:29:08,213 - VALO360 - DEBUG - 自動保存已禁用，跳過配置保存
2025-07-31 14:29:08,213 - VALO360 - DEBUG - 自動保存已禁用，跳過配置保存
2025-07-31 14:29:08,213 - VALO360 - DEBUG - 自動保存已禁用，跳過配置保存
2025-07-31 14:29:08,213 - VALO360 - DEBUG - 自動保存已禁用，跳過配置保存
2025-07-31 14:29:08,228 - VALO360 - DEBUG - 自動保存已禁用，跳過配置保存
2025-07-31 14:29:08,228 - VALO360 - DEBUG - 自動保存已禁用，跳過配置保存
2025-07-31 14:29:08,228 - VALO360 - DEBUG - 自動保存已禁用，跳過配置保存
2025-07-31 14:29:08,229 - VALO360 - DEBUG - 自動保存已禁用，跳過配置保存
2025-07-31 14:29:08,230 - VALO360 - DEBUG - 自動保存已禁用，跳過配置保存
2025-07-31 14:29:08,230 - VALO360 - DEBUG - 自動保存已禁用，跳過配置保存
2025-07-31 14:29:08,230 - VALO360 - DEBUG - 自動保存已禁用，跳過配置保存
2025-07-31 14:29:08,230 - VALO360 - DEBUG - 自動保存已禁用，跳過配置保存
2025-07-31 14:29:08,231 - VALO360 - DEBUG - 自動保存已禁用，跳過配置保存
2025-07-31 14:29:08,231 - VALO360 - DEBUG - 自動保存已禁用，跳過配置保存
2025-07-31 14:29:08,233 - VALO360 - DEBUG - 自動保存已禁用，跳過配置保存
2025-07-31 14:29:08,233 - VALO360 - DEBUG - 自動保存已禁用，跳過配置保存
2025-07-31 14:29:08,234 - VALO360 - DEBUG - 自動保存已禁用，跳過配置保存
2025-07-31 14:29:08,234 - VALO360 - DEBUG - 自動保存已禁用，跳過配置保存
2025-07-31 14:29:08,235 - VALO360 - DEBUG - 自動保存已禁用，跳過配置保存
2025-07-31 14:29:08,235 - VALO360 - DEBUG - 自動保存已禁用，跳過配置保存
2025-07-31 14:29:08,236 - VALO360 - DEBUG - 自動保存已禁用，跳過配置保存
2025-07-31 14:29:08,237 - VALO360 - DEBUG - 自動保存已禁用，跳過配置保存
2025-07-31 14:29:08,237 - VALO360 - DEBUG - 自動保存已禁用，跳過配置保存
2025-07-31 14:29:08,237 - VALO360 - DEBUG - 自動保存已禁用，跳過配置保存
2025-07-31 14:29:08,238 - VALO360 - DEBUG - 自動保存已禁用，跳過配置保存
2025-07-31 14:29:08,238 - VALO360 - DEBUG - 自動保存已禁用，跳過配置保存
2025-07-31 14:29:08,238 - VALO360 - DEBUG - 自動保存已禁用，跳過配置保存
2025-07-31 14:29:08,239 - VALO360 - DEBUG - 自動保存已禁用，跳過配置保存
2025-07-31 14:29:08,239 - VALO360 - DEBUG - 自動保存已禁用，跳過配置保存
2025-07-31 14:29:08,240 - VALO360 - DEBUG - 自動保存已禁用，跳過配置保存
2025-07-31 14:29:08,240 - VALO360 - DEBUG - 自動保存已禁用，跳過配置保存
2025-07-31 14:29:08,240 - VALO360 - DEBUG - 自動保存已禁用，跳過配置保存
2025-07-31 14:29:08,241 - VALO360 - DEBUG - 自動保存已禁用，跳過配置保存
2025-07-31 14:29:08,242 - VALO360 - DEBUG - 自動保存已禁用，跳過配置保存
2025-07-31 14:29:08,242 - VALO360 - DEBUG - 自動保存已禁用，跳過配置保存
2025-07-31 14:29:08,242 - VALO360 - DEBUG - 自動保存已禁用，跳過配置保存
2025-07-31 14:29:08,244 - VALO360 - DEBUG - 自動保存已禁用，跳過配置保存
2025-07-31 14:29:08,244 - VALO360 - DEBUG - 自動保存已禁用，跳過配置保存
2025-07-31 14:29:08,244 - VALO360 - DEBUG - 自動保存已禁用，跳過配置保存
2025-07-31 14:29:08,244 - VALO360 - DEBUG - 自動保存已禁用，跳過配置保存
2025-07-31 14:29:08,246 - VALO360 - DEBUG - 自動保存已禁用，跳過配置保存
2025-07-31 14:29:08,246 - VALO360 - DEBUG - 自動保存已禁用，跳過配置保存
2025-07-31 14:29:08,246 - VALO360 - DEBUG - 自動保存已禁用，跳過配置保存
2025-07-31 14:29:08,247 - VALO360 - DEBUG - 自動保存已禁用，跳過配置保存
2025-07-31 14:29:08,247 - VALO360 - DEBUG - 自動保存已禁用，跳過配置保存
2025-07-31 14:29:08,247 - VALO360 - DEBUG - 自動保存已禁用，跳過配置保存
2025-07-31 14:29:08,247 - VALO360 - DEBUG - 自動保存已禁用，跳過配置保存
2025-07-31 14:29:08,247 - VALO360 - DEBUG - 自動保存已禁用，跳過配置保存
2025-07-31 14:29:08,247 - VALO360 - DEBUG - 自動保存已禁用，跳過配置保存
2025-07-31 14:29:08,247 - VALO360 - DEBUG - 自動保存已禁用，跳過配置保存
2025-07-31 14:29:08,247 - VALO360 - DEBUG - 自動保存已禁用，跳過配置保存
2025-07-31 14:29:08,247 - VALO360 - DEBUG - 自動保存已禁用，跳過配置保存
2025-07-31 14:29:08,251 - VALO360 - DEBUG - 自動保存已禁用，跳過配置保存
2025-07-31 14:29:08,251 - VALO360 - DEBUG - 自動保存已禁用，跳過配置保存
2025-07-31 14:29:08,251 - VALO360 - DEBUG - 自動保存已禁用，跳過配置保存
2025-07-31 14:29:08,252 - VALO360 - DEBUG - 自動保存已禁用，跳過配置保存
2025-07-31 14:29:08,253 - VALO360 - DEBUG - 自動保存已禁用，跳過配置保存
2025-07-31 14:29:08,253 - VALO360 - DEBUG - 自動保存已禁用，跳過配置保存
2025-07-31 14:29:08,254 - VALO360 - DEBUG - 自動保存已禁用，跳過配置保存
2025-07-31 14:29:08,254 - VALO360 - DEBUG - 自動保存已禁用，跳過配置保存
2025-07-31 14:29:08,255 - VALO360 - DEBUG - 自動保存已禁用，跳過配置保存
2025-07-31 14:29:08,255 - VALO360 - DEBUG - 自動保存已禁用，跳過配置保存
2025-07-31 14:29:08,255 - VALO360 - DEBUG - 自動保存已禁用，跳過配置保存
2025-07-31 14:29:08,255 - VALO360 - DEBUG - 自動保存已禁用，跳過配置保存
2025-07-31 14:29:08,256 - VALO360 - DEBUG - 自動保存已禁用，跳過配置保存
2025-07-31 14:29:08,256 - VALO360 - DEBUG - 自動保存已禁用，跳過配置保存
2025-07-31 14:29:08,257 - VALO360 - DEBUG - 自動保存已禁用，跳過配置保存
2025-07-31 14:29:08,257 - VALO360 - DEBUG - 自動保存已禁用，跳過配置保存
2025-07-31 14:29:08,258 - VALO360 - DEBUG - 自動保存已禁用，跳過配置保存
2025-07-31 14:29:08,258 - VALO360 - DEBUG - 自動保存已禁用，跳過配置保存
2025-07-31 14:29:08,258 - VALO360 - DEBUG - 自動保存已禁用，跳過配置保存
2025-07-31 14:29:08,258 - VALO360 - DEBUG - 自動保存已禁用，跳過配置保存
2025-07-31 14:29:08,262 - VALO360 - DEBUG - 自動保存已禁用，跳過配置保存
2025-07-31 14:29:08,262 - VALO360 - DEBUG - 自動保存已禁用，跳過配置保存
2025-07-31 14:29:08,262 - VALO360 - DEBUG - 自動保存已禁用，跳過配置保存
2025-07-31 14:29:08,263 - VALO360 - DEBUG - 自動保存已禁用，跳過配置保存
2025-07-31 14:29:08,263 - VALO360 - DEBUG - 自動保存已禁用，跳過配置保存
2025-07-31 14:29:08,263 - VALO360 - DEBUG - 自動保存已禁用，跳過配置保存
2025-07-31 14:29:08,263 - VALO360 - DEBUG - 自動保存已禁用，跳過配置保存
2025-07-31 14:29:08,265 - VALO360 - DEBUG - 自動保存已禁用，跳過配置保存
2025-07-31 14:29:08,266 - VALO360 - DEBUG - 自動保存已禁用，跳過配置保存
2025-07-31 14:29:08,266 - VALO360 - DEBUG - 自動保存已禁用，跳過配置保存
2025-07-31 14:29:08,266 - VALO360 - DEBUG - 自動保存已禁用，跳過配置保存
2025-07-31 14:29:08,266 - VALO360 - DEBUG - 自動保存已禁用，跳過配置保存
2025-07-31 14:29:08,267 - VALO360 - DEBUG - 自動保存已禁用，跳過配置保存
2025-07-31 14:29:08,267 - VALO360 - DEBUG - 自動保存已禁用，跳過配置保存
2025-07-31 14:29:08,267 - VALO360 - DEBUG - 自動保存已禁用，跳過配置保存
2025-07-31 14:29:08,267 - VALO360 - DEBUG - 自動保存已禁用，跳過配置保存
2025-07-31 14:29:08,267 - VALO360 - DEBUG - 自動保存已禁用，跳過配置保存
2025-07-31 14:29:08,267 - VALO360 - DEBUG - 自動保存已禁用，跳過配置保存
2025-07-31 14:29:08,267 - VALO360 - DEBUG - 自動保存已禁用，跳過配置保存
2025-07-31 14:29:08,270 - VALO360 - DEBUG - 自動保存已禁用，跳過配置保存
2025-07-31 14:29:08,270 - VALO360 - DEBUG - 自動保存已禁用，跳過配置保存
2025-07-31 14:29:08,270 - VALO360 - DEBUG - 自動保存已禁用，跳過配置保存
2025-07-31 14:29:08,270 - VALO360 - DEBUG - 自動保存已禁用，跳過配置保存
2025-07-31 14:29:08,270 - VALO360 - DEBUG - 自動保存已禁用，跳過配置保存
2025-07-31 14:29:08,270 - VALO360 - DEBUG - 自動保存已禁用，跳過配置保存
2025-07-31 14:29:08,270 - VALO360 - DEBUG - 自動保存已禁用，跳過配置保存
2025-07-31 14:29:08,270 - VALO360 - DEBUG - 自動保存已禁用，跳過配置保存
2025-07-31 14:29:08,270 - VALO360 - DEBUG - 自動保存已禁用，跳過配置保存
2025-07-31 14:29:08,273 - VALO360 - DEBUG - 自動保存已禁用，跳過配置保存
2025-07-31 14:29:08,273 - VALO360 - DEBUG - 自動保存已禁用，跳過配置保存
2025-07-31 14:29:08,273 - VALO360 - DEBUG - 自動保存已禁用，跳過配置保存
2025-07-31 14:29:08,275 - VALO360 - DEBUG - 自動保存已禁用，跳過配置保存
2025-07-31 14:29:08,278 - VALO360 - DEBUG - 自動保存已禁用，跳過配置保存
2025-07-31 14:29:08,278 - VALO360 - DEBUG - 自動保存已禁用，跳過配置保存
2025-07-31 14:29:08,278 - VALO360 - DEBUG - 自動保存已禁用，跳過配置保存
2025-07-31 14:29:08,280 - VALO360 - DEBUG - 自動保存已禁用，跳過配置保存
2025-07-31 14:29:08,280 - VALO360 - DEBUG - 自動保存已禁用，跳過配置保存
2025-07-31 14:29:08,280 - VALO360 - DEBUG - 自動保存已禁用，跳過配置保存
2025-07-31 14:29:08,280 - VALO360 - DEBUG - 自動保存已禁用，跳過配置保存
2025-07-31 14:29:08,280 - VALO360 - DEBUG - 自動保存已禁用，跳過配置保存
2025-07-31 14:29:08,282 - VALO360 - DEBUG - 自動保存已禁用，跳過配置保存
2025-07-31 14:29:08,282 - VALO360 - DEBUG - 自動保存已禁用，跳過配置保存
2025-07-31 14:29:08,282 - VALO360 - DEBUG - 自動保存已禁用，跳過配置保存
2025-07-31 14:29:08,282 - VALO360 - DEBUG - 自動保存已禁用，跳過配置保存
2025-07-31 14:29:10,724 - VALO360 - DEBUG - 自動保存已禁用，跳過配置保存
2025-07-31 14:29:10,724 - VALO360 - DEBUG - 自動保存已禁用，跳過配置保存
2025-07-31 14:29:10,726 - VALO360 - DEBUG - 自動保存已禁用，跳過配置保存
2025-07-31 14:29:10,726 - VALO360 - DEBUG - 自動保存已禁用，跳過配置保存
2025-07-31 14:29:13,044 - VALO360 - DEBUG - 自動保存已禁用，跳過配置保存
2025-07-31 14:29:13,044 - VALO360 - DEBUG - 自動保存已禁用，跳過配置保存
2025-07-31 14:29:13,047 - VALO360 - DEBUG - 自動保存已禁用，跳過配置保存
2025-07-31 14:29:13,047 - VALO360 - DEBUG - 自動保存已禁用，跳過配置保存
2025-07-31 14:29:19,052 - VALO360 - DEBUG - 自動保存已禁用，跳過配置保存
2025-07-31 14:29:19,052 - VALO360 - DEBUG - 自動保存已禁用，跳過配置保存
2025-07-31 14:29:19,052 - VALO360 - DEBUG - 自動保存已禁用，跳過配置保存
2025-07-31 14:29:19,052 - VALO360 - DEBUG - 自動保存已禁用，跳過配置保存
2025-07-31 14:29:21,798 - VALO360 - DEBUG - 自動保存已禁用，跳過配置保存
2025-07-31 14:29:21,800 - VALO360 - DEBUG - 配置已備份至: backup\setup_backup_20250731_142921.json
2025-07-31 14:29:21,803 - VALO360 - DEBUG - 配置保存成功
2025-07-31 14:29:21,803 - VALO360 - DEBUG - 自動保存已禁用，跳過配置保存
2025-07-31 14:29:21,839 - VALO360 - DEBUG - 自動保存已禁用，跳過配置保存
2025-07-31 14:29:21,839 - VALO360 - DEBUG - 自動保存已禁用，跳過配置保存
2025-07-31 14:29:21,847 - VALO360 - DEBUG - 自動保存已禁用，跳過配置保存
2025-07-31 14:29:21,847 - VALO360 - DEBUG - 自動保存已禁用，跳過配置保存
2025-07-31 14:29:21,897 - VALO360 - DEBUG - 自動保存已禁用，跳過配置保存
2025-07-31 14:29:21,900 - VALO360 - DEBUG - 自動保存已禁用，跳過配置保存
2025-07-31 14:29:21,900 - VALO360 - DEBUG - 自動保存已禁用，跳過配置保存
2025-07-31 14:29:21,900 - VALO360 - DEBUG - 自動保存已禁用，跳過配置保存
2025-07-31 14:29:21,902 - VALO360 - DEBUG - 自動保存已禁用，跳過配置保存
2025-07-31 14:29:21,902 - VALO360 - DEBUG - 自動保存已禁用，跳過配置保存
2025-07-31 14:29:21,902 - VALO360 - DEBUG - 自動保存已禁用，跳過配置保存
2025-07-31 14:29:21,902 - VALO360 - DEBUG - 自動保存已禁用，跳過配置保存
2025-07-31 14:29:21,904 - VALO360 - DEBUG - 自動保存已禁用，跳過配置保存
2025-07-31 14:29:21,904 - VALO360 - DEBUG - 自動保存已禁用，跳過配置保存
2025-07-31 14:29:21,904 - VALO360 - DEBUG - 自動保存已禁用，跳過配置保存
2025-07-31 14:29:21,906 - VALO360 - DEBUG - 自動保存已禁用，跳過配置保存
2025-07-31 14:29:21,907 - VALO360 - DEBUG - 自動保存已禁用，跳過配置保存
2025-07-31 14:29:21,907 - VALO360 - DEBUG - 自動保存已禁用，跳過配置保存
2025-07-31 14:29:21,907 - VALO360 - DEBUG - 自動保存已禁用，跳過配置保存
2025-07-31 14:29:21,907 - VALO360 - DEBUG - 自動保存已禁用，跳過配置保存
2025-07-31 14:29:21,909 - VALO360 - DEBUG - 自動保存已禁用，跳過配置保存
2025-07-31 14:29:21,909 - VALO360 - DEBUG - 自動保存已禁用，跳過配置保存
2025-07-31 14:29:21,909 - VALO360 - DEBUG - 自動保存已禁用，跳過配置保存
2025-07-31 14:29:21,909 - VALO360 - DEBUG - 自動保存已禁用，跳過配置保存
2025-07-31 14:29:21,911 - VALO360 - DEBUG - 自動保存已禁用，跳過配置保存
2025-07-31 14:29:21,911 - VALO360 - DEBUG - 自動保存已禁用，跳過配置保存
2025-07-31 14:29:21,911 - VALO360 - DEBUG - 自動保存已禁用，跳過配置保存
2025-07-31 14:29:21,911 - VALO360 - DEBUG - 自動保存已禁用，跳過配置保存
2025-07-31 14:29:21,913 - VALO360 - DEBUG - 自動保存已禁用，跳過配置保存
2025-07-31 14:29:21,913 - VALO360 - DEBUG - 自動保存已禁用，跳過配置保存
2025-07-31 14:29:21,913 - VALO360 - DEBUG - 自動保存已禁用，跳過配置保存
2025-07-31 14:29:21,913 - VALO360 - DEBUG - 自動保存已禁用，跳過配置保存
2025-07-31 14:29:21,917 - VALO360 - DEBUG - 自動保存已禁用，跳過配置保存
2025-07-31 14:29:21,917 - VALO360 - DEBUG - 自動保存已禁用，跳過配置保存
2025-07-31 14:29:21,917 - VALO360 - DEBUG - 自動保存已禁用，跳過配置保存
2025-07-31 14:29:21,917 - VALO360 - DEBUG - 自動保存已禁用，跳過配置保存
2025-07-31 14:29:21,919 - VALO360 - DEBUG - 自動保存已禁用，跳過配置保存
2025-07-31 14:29:21,921 - VALO360 - DEBUG - 自動保存已禁用，跳過配置保存
2025-07-31 14:29:21,921 - VALO360 - DEBUG - 自動保存已禁用，跳過配置保存
2025-07-31 14:29:21,921 - VALO360 - DEBUG - 自動保存已禁用，跳過配置保存
2025-07-31 14:29:21,923 - VALO360 - DEBUG - 自動保存已禁用，跳過配置保存
2025-07-31 14:29:21,923 - VALO360 - DEBUG - 自動保存已禁用，跳過配置保存
2025-07-31 14:29:21,923 - VALO360 - DEBUG - 自動保存已禁用，跳過配置保存
2025-07-31 14:29:21,923 - VALO360 - DEBUG - 自動保存已禁用，跳過配置保存
2025-07-31 14:29:21,927 - VALO360 - DEBUG - 自動保存已禁用，跳過配置保存
2025-07-31 14:29:21,927 - VALO360 - DEBUG - 自動保存已禁用，跳過配置保存
2025-07-31 14:29:21,928 - VALO360 - DEBUG - 自動保存已禁用，跳過配置保存
2025-07-31 14:29:21,928 - VALO360 - DEBUG - 自動保存已禁用，跳過配置保存
2025-07-31 14:29:21,928 - VALO360 - DEBUG - 自動保存已禁用，跳過配置保存
2025-07-31 14:29:21,928 - VALO360 - DEBUG - 自動保存已禁用，跳過配置保存
2025-07-31 14:29:21,928 - VALO360 - DEBUG - 自動保存已禁用，跳過配置保存
2025-07-31 14:29:21,928 - VALO360 - DEBUG - 自動保存已禁用，跳過配置保存
2025-07-31 14:29:21,928 - VALO360 - DEBUG - 自動保存已禁用，跳過配置保存
2025-07-31 14:29:21,928 - VALO360 - DEBUG - 自動保存已禁用，跳過配置保存
2025-07-31 14:29:21,934 - VALO360 - DEBUG - 自動保存已禁用，跳過配置保存
2025-07-31 14:29:21,934 - VALO360 - DEBUG - 自動保存已禁用，跳過配置保存
2025-07-31 14:29:21,936 - VALO360 - DEBUG - 自動保存已禁用，跳過配置保存
2025-07-31 14:29:21,936 - VALO360 - DEBUG - 自動保存已禁用，跳過配置保存
2025-07-31 14:29:21,938 - VALO360 - DEBUG - 自動保存已禁用，跳過配置保存
2025-07-31 14:29:21,938 - VALO360 - DEBUG - 自動保存已禁用，跳過配置保存
2025-07-31 14:29:21,938 - VALO360 - DEBUG - 自動保存已禁用，跳過配置保存
2025-07-31 14:29:21,938 - VALO360 - DEBUG - 自動保存已禁用，跳過配置保存
2025-07-31 14:29:21,938 - VALO360 - DEBUG - 自動保存已禁用，跳過配置保存
2025-07-31 14:29:21,938 - VALO360 - DEBUG - 自動保存已禁用，跳過配置保存
2025-07-31 14:29:21,938 - VALO360 - DEBUG - 自動保存已禁用，跳過配置保存
2025-07-31 14:29:21,938 - VALO360 - DEBUG - 自動保存已禁用，跳過配置保存
2025-07-31 14:29:21,938 - VALO360 - DEBUG - 自動保存已禁用，跳過配置保存
2025-07-31 14:29:21,938 - VALO360 - DEBUG - 自動保存已禁用，跳過配置保存
2025-07-31 14:29:21,938 - VALO360 - DEBUG - 自動保存已禁用，跳過配置保存
2025-07-31 14:29:21,938 - VALO360 - DEBUG - 自動保存已禁用，跳過配置保存
2025-07-31 14:29:21,938 - VALO360 - DEBUG - 自動保存已禁用，跳過配置保存
2025-07-31 14:29:21,938 - VALO360 - DEBUG - 自動保存已禁用，跳過配置保存
2025-07-31 14:29:21,948 - VALO360 - DEBUG - 自動保存已禁用，跳過配置保存
2025-07-31 14:29:21,948 - VALO360 - DEBUG - 自動保存已禁用，跳過配置保存
2025-07-31 14:29:21,948 - VALO360 - DEBUG - 自動保存已禁用，跳過配置保存
2025-07-31 14:29:21,948 - VALO360 - DEBUG - 自動保存已禁用，跳過配置保存
2025-07-31 14:29:21,953 - VALO360 - DEBUG - 自動保存已禁用，跳過配置保存
2025-07-31 14:29:21,953 - VALO360 - DEBUG - 自動保存已禁用，跳過配置保存
2025-07-31 14:29:21,953 - VALO360 - DEBUG - 自動保存已禁用，跳過配置保存
2025-07-31 14:29:21,953 - VALO360 - DEBUG - 自動保存已禁用，跳過配置保存
2025-07-31 14:29:21,957 - VALO360 - DEBUG - 自動保存已禁用，跳過配置保存
2025-07-31 14:29:21,957 - VALO360 - DEBUG - 自動保存已禁用，跳過配置保存
2025-07-31 14:29:21,957 - VALO360 - DEBUG - 自動保存已禁用，跳過配置保存
2025-07-31 14:29:21,957 - VALO360 - DEBUG - 自動保存已禁用，跳過配置保存
2025-07-31 14:29:21,958 - VALO360 - DEBUG - 自動保存已禁用，跳過配置保存
2025-07-31 14:29:21,958 - VALO360 - DEBUG - 自動保存已禁用，跳過配置保存
2025-07-31 14:29:21,961 - VALO360 - DEBUG - 自動保存已禁用，跳過配置保存
2025-07-31 14:29:21,961 - VALO360 - DEBUG - 自動保存已禁用，跳過配置保存
2025-07-31 14:29:21,961 - VALO360 - DEBUG - 自動保存已禁用，跳過配置保存
2025-07-31 14:29:21,961 - VALO360 - DEBUG - 自動保存已禁用，跳過配置保存
2025-07-31 14:29:21,961 - VALO360 - DEBUG - 自動保存已禁用，跳過配置保存
2025-07-31 14:29:21,961 - VALO360 - DEBUG - 自動保存已禁用，跳過配置保存
2025-07-31 14:29:21,971 - VALO360 - DEBUG - 自動保存已禁用，跳過配置保存
2025-07-31 14:29:21,971 - VALO360 - DEBUG - 自動保存已禁用，跳過配置保存
2025-07-31 14:29:21,971 - VALO360 - DEBUG - 自動保存已禁用，跳過配置保存
2025-07-31 14:29:21,971 - VALO360 - DEBUG - 自動保存已禁用，跳過配置保存
2025-07-31 14:29:21,971 - VALO360 - DEBUG - 自動保存已禁用，跳過配置保存
2025-07-31 14:29:21,971 - VALO360 - DEBUG - 自動保存已禁用，跳過配置保存
2025-07-31 14:29:21,971 - VALO360 - DEBUG - 自動保存已禁用，跳過配置保存
2025-07-31 14:29:21,971 - VALO360 - DEBUG - 自動保存已禁用，跳過配置保存
2025-07-31 14:29:21,978 - VALO360 - DEBUG - 自動保存已禁用，跳過配置保存
2025-07-31 14:29:21,983 - VALO360 - DEBUG - 自動保存已禁用，跳過配置保存
2025-07-31 14:29:21,983 - VALO360 - DEBUG - 自動保存已禁用，跳過配置保存
2025-07-31 14:29:21,983 - VALO360 - DEBUG - 自動保存已禁用，跳過配置保存
2025-07-31 14:29:21,987 - VALO360 - DEBUG - 自動保存已禁用，跳過配置保存
2025-07-31 14:29:21,987 - VALO360 - DEBUG - 自動保存已禁用，跳過配置保存
2025-07-31 14:29:21,987 - VALO360 - DEBUG - 自動保存已禁用，跳過配置保存
2025-07-31 14:29:21,987 - VALO360 - DEBUG - 自動保存已禁用，跳過配置保存
2025-07-31 14:29:21,990 - VALO360 - DEBUG - 自動保存已禁用，跳過配置保存
2025-07-31 14:29:21,990 - VALO360 - DEBUG - 自動保存已禁用，跳過配置保存
2025-07-31 14:29:21,990 - VALO360 - DEBUG - 自動保存已禁用，跳過配置保存
2025-07-31 14:29:21,990 - VALO360 - DEBUG - 自動保存已禁用，跳過配置保存
2025-07-31 14:29:21,992 - VALO360 - DEBUG - 自動保存已禁用，跳過配置保存
2025-07-31 14:29:21,992 - VALO360 - DEBUG - 自動保存已禁用，跳過配置保存
2025-07-31 14:29:21,994 - VALO360 - DEBUG - 自動保存已禁用，跳過配置保存
2025-07-31 14:29:21,994 - VALO360 - DEBUG - 自動保存已禁用，跳過配置保存
2025-07-31 14:29:21,996 - VALO360 - DEBUG - 自動保存已禁用，跳過配置保存
2025-07-31 14:29:21,996 - VALO360 - DEBUG - 自動保存已禁用，跳過配置保存
2025-07-31 14:29:21,996 - VALO360 - DEBUG - 自動保存已禁用，跳過配置保存
2025-07-31 14:29:21,996 - VALO360 - DEBUG - 自動保存已禁用，跳過配置保存
2025-07-31 14:29:21,999 - VALO360 - DEBUG - 自動保存已禁用，跳過配置保存
2025-07-31 14:29:21,999 - VALO360 - DEBUG - 自動保存已禁用，跳過配置保存
2025-07-31 14:29:22,004 - VALO360 - DEBUG - 自動保存已禁用，跳過配置保存
2025-07-31 14:29:22,004 - VALO360 - DEBUG - 自動保存已禁用，跳過配置保存
2025-07-31 14:29:22,004 - VALO360 - DEBUG - 自動保存已禁用，跳過配置保存
2025-07-31 14:29:22,004 - VALO360 - DEBUG - 自動保存已禁用，跳過配置保存
2025-07-31 14:29:22,007 - VALO360 - DEBUG - 自動保存已禁用，跳過配置保存
2025-07-31 14:29:22,007 - VALO360 - DEBUG - 自動保存已禁用，跳過配置保存
2025-07-31 14:29:22,050 - VALO360 - DEBUG - 自動保存已禁用，跳過配置保存
2025-07-31 14:29:22,050 - VALO360 - DEBUG - 自動保存已禁用，跳過配置保存
2025-07-31 14:29:22,050 - VALO360 - DEBUG - 自動保存已禁用，跳過配置保存
2025-07-31 14:29:22,052 - VALO360 - DEBUG - 自動保存已禁用，跳過配置保存
2025-07-31 14:29:22,052 - VALO360 - DEBUG - 自動保存已禁用，跳過配置保存
2025-07-31 14:29:22,054 - VALO360 - DEBUG - 自動保存已禁用，跳過配置保存
2025-07-31 14:29:22,054 - VALO360 - DEBUG - 自動保存已禁用，跳過配置保存
2025-07-31 14:29:22,054 - VALO360 - DEBUG - 自動保存已禁用，跳過配置保存
2025-07-31 14:29:22,056 - VALO360 - DEBUG - 自動保存已禁用，跳過配置保存
2025-07-31 14:29:22,056 - VALO360 - DEBUG - 自動保存已禁用，跳過配置保存
2025-07-31 14:29:22,056 - VALO360 - DEBUG - 自動保存已禁用，跳過配置保存
2025-07-31 14:29:22,056 - VALO360 - DEBUG - 自動保存已禁用，跳過配置保存
2025-07-31 14:29:22,056 - VALO360 - DEBUG - 自動保存已禁用，跳過配置保存
2025-07-31 14:29:22,056 - VALO360 - DEBUG - 自動保存已禁用，跳過配置保存
2025-07-31 14:29:22,056 - VALO360 - DEBUG - 自動保存已禁用，跳過配置保存
2025-07-31 14:29:22,060 - VALO360 - DEBUG - 自動保存已禁用，跳過配置保存
2025-07-31 14:29:22,061 - VALO360 - DEBUG - 自動保存已禁用，跳過配置保存
2025-07-31 14:29:22,061 - VALO360 - DEBUG - 自動保存已禁用，跳過配置保存
2025-07-31 14:29:22,061 - VALO360 - DEBUG - 自動保存已禁用，跳過配置保存
2025-07-31 14:29:22,061 - VALO360 - DEBUG - 自動保存已禁用，跳過配置保存
2025-07-31 14:29:22,061 - VALO360 - DEBUG - 自動保存已禁用，跳過配置保存
2025-07-31 14:29:22,061 - VALO360 - DEBUG - 自動保存已禁用，跳過配置保存
2025-07-31 14:29:22,061 - VALO360 - DEBUG - 自動保存已禁用，跳過配置保存
2025-07-31 14:29:22,061 - VALO360 - DEBUG - 自動保存已禁用，跳過配置保存
2025-07-31 14:29:22,061 - VALO360 - DEBUG - 自動保存已禁用，跳過配置保存
2025-07-31 14:29:22,061 - VALO360 - DEBUG - 自動保存已禁用，跳過配置保存
2025-07-31 14:29:22,061 - VALO360 - DEBUG - 自動保存已禁用，跳過配置保存
2025-07-31 14:29:22,061 - VALO360 - DEBUG - 自動保存已禁用，跳過配置保存
2025-07-31 14:29:22,070 - VALO360 - DEBUG - 自動保存已禁用，跳過配置保存
2025-07-31 14:29:22,072 - VALO360 - DEBUG - 自動保存已禁用，跳過配置保存
2025-07-31 14:29:22,072 - VALO360 - DEBUG - 自動保存已禁用，跳過配置保存
2025-07-31 14:29:22,072 - VALO360 - DEBUG - 自動保存已禁用，跳過配置保存
2025-07-31 14:29:22,076 - VALO360 - DEBUG - 自動保存已禁用，跳過配置保存
2025-07-31 14:29:22,076 - VALO360 - DEBUG - 自動保存已禁用，跳過配置保存
2025-07-31 14:29:22,078 - VALO360 - DEBUG - 自動保存已禁用，跳過配置保存
2025-07-31 14:29:22,078 - VALO360 - DEBUG - 自動保存已禁用，跳過配置保存
2025-07-31 14:29:22,078 - VALO360 - DEBUG - 自動保存已禁用，跳過配置保存
2025-07-31 14:29:22,081 - VALO360 - DEBUG - 自動保存已禁用，跳過配置保存
2025-07-31 14:29:22,081 - VALO360 - DEBUG - 自動保存已禁用，跳過配置保存
2025-07-31 14:29:22,081 - VALO360 - DEBUG - 自動保存已禁用，跳過配置保存
2025-07-31 14:29:22,081 - VALO360 - DEBUG - 自動保存已禁用，跳過配置保存
2025-07-31 14:29:22,081 - VALO360 - DEBUG - 自動保存已禁用，跳過配置保存
2025-07-31 14:29:22,081 - VALO360 - DEBUG - 自動保存已禁用，跳過配置保存
2025-07-31 14:29:22,084 - VALO360 - DEBUG - 自動保存已禁用，跳過配置保存
2025-07-31 14:29:22,084 - VALO360 - DEBUG - 自動保存已禁用，跳過配置保存
2025-07-31 14:29:22,086 - VALO360 - DEBUG - 自動保存已禁用，跳過配置保存
2025-07-31 14:29:22,086 - VALO360 - DEBUG - 自動保存已禁用，跳過配置保存
2025-07-31 14:29:22,086 - VALO360 - DEBUG - 自動保存已禁用，跳過配置保存
2025-07-31 14:29:22,086 - VALO360 - DEBUG - 自動保存已禁用，跳過配置保存
2025-07-31 14:29:22,086 - VALO360 - DEBUG - 自動保存已禁用，跳過配置保存
2025-07-31 14:29:22,086 - VALO360 - DEBUG - 自動保存已禁用，跳過配置保存
2025-07-31 14:29:22,086 - VALO360 - DEBUG - 自動保存已禁用，跳過配置保存
2025-07-31 14:29:22,091 - VALO360 - DEBUG - 自動保存已禁用，跳過配置保存
2025-07-31 14:29:22,091 - VALO360 - DEBUG - 自動保存已禁用，跳過配置保存
2025-07-31 14:29:22,091 - VALO360 - DEBUG - 自動保存已禁用，跳過配置保存
2025-07-31 14:29:22,091 - VALO360 - DEBUG - 自動保存已禁用，跳過配置保存
2025-07-31 14:29:22,099 - VALO360 - DEBUG - 自動保存已禁用，跳過配置保存
2025-07-31 14:29:22,099 - VALO360 - DEBUG - 自動保存已禁用，跳過配置保存
2025-07-31 14:29:22,099 - VALO360 - DEBUG - 自動保存已禁用，跳過配置保存
2025-07-31 14:29:22,099 - VALO360 - DEBUG - 自動保存已禁用，跳過配置保存
2025-07-31 14:29:22,101 - VALO360 - DEBUG - 自動保存已禁用，跳過配置保存
2025-07-31 14:29:22,101 - VALO360 - DEBUG - 自動保存已禁用，跳過配置保存
2025-07-31 14:29:22,101 - VALO360 - DEBUG - 自動保存已禁用，跳過配置保存
2025-07-31 14:29:22,101 - VALO360 - DEBUG - 自動保存已禁用，跳過配置保存
2025-07-31 14:29:22,101 - VALO360 - DEBUG - 自動保存已禁用，跳過配置保存
2025-07-31 14:29:22,101 - VALO360 - DEBUG - 自動保存已禁用，跳過配置保存
2025-07-31 14:29:22,101 - VALO360 - DEBUG - 自動保存已禁用，跳過配置保存
2025-07-31 14:29:22,101 - VALO360 - DEBUG - 自動保存已禁用，跳過配置保存
2025-07-31 14:29:22,101 - VALO360 - DEBUG - 自動保存已禁用，跳過配置保存
2025-07-31 14:29:22,101 - VALO360 - DEBUG - 自動保存已禁用，跳過配置保存
2025-07-31 14:29:22,101 - VALO360 - DEBUG - 自動保存已禁用，跳過配置保存
2025-07-31 14:29:22,101 - VALO360 - DEBUG - 自動保存已禁用，跳過配置保存
2025-07-31 14:29:22,101 - VALO360 - DEBUG - 自動保存已禁用，跳過配置保存
2025-07-31 14:29:22,101 - VALO360 - DEBUG - 自動保存已禁用，跳過配置保存
2025-07-31 14:29:22,101 - VALO360 - DEBUG - 自動保存已禁用，跳過配置保存
2025-07-31 14:29:22,101 - VALO360 - DEBUG - 自動保存已禁用，跳過配置保存
2025-07-31 14:29:22,112 - VALO360 - DEBUG - 自動保存已禁用，跳過配置保存
2025-07-31 14:29:22,112 - VALO360 - DEBUG - 自動保存已禁用，跳過配置保存
2025-07-31 14:29:22,112 - VALO360 - DEBUG - 自動保存已禁用，跳過配置保存
2025-07-31 14:29:22,112 - VALO360 - DEBUG - 自動保存已禁用，跳過配置保存
2025-07-31 14:29:22,112 - VALO360 - DEBUG - 自動保存已禁用，跳過配置保存
2025-07-31 14:29:22,112 - VALO360 - DEBUG - 自動保存已禁用，跳過配置保存
2025-07-31 14:29:22,112 - VALO360 - DEBUG - 自動保存已禁用，跳過配置保存
2025-07-31 14:29:22,112 - VALO360 - DEBUG - 自動保存已禁用，跳過配置保存
2025-07-31 14:29:22,120 - VALO360 - DEBUG - 自動保存已禁用，跳過配置保存
2025-07-31 14:29:22,120 - VALO360 - DEBUG - 自動保存已禁用，跳過配置保存
2025-07-31 14:29:22,120 - VALO360 - DEBUG - 自動保存已禁用，跳過配置保存
2025-07-31 14:29:22,120 - VALO360 - DEBUG - 自動保存已禁用，跳過配置保存
2025-07-31 14:29:22,122 - VALO360 - DEBUG - 自動保存已禁用，跳過配置保存
2025-07-31 14:29:22,122 - VALO360 - DEBUG - 自動保存已禁用，跳過配置保存
2025-07-31 14:29:22,122 - VALO360 - DEBUG - 自動保存已禁用，跳過配置保存
2025-07-31 14:29:22,122 - VALO360 - DEBUG - 自動保存已禁用，跳過配置保存
2025-07-31 14:29:22,122 - VALO360 - DEBUG - 自動保存已禁用，跳過配置保存
2025-07-31 14:29:22,122 - VALO360 - DEBUG - 自動保存已禁用，跳過配置保存
2025-07-31 14:29:22,122 - VALO360 - DEBUG - 自動保存已禁用，跳過配置保存
2025-07-31 14:29:22,122 - VALO360 - DEBUG - 自動保存已禁用，跳過配置保存
2025-07-31 14:29:22,127 - VALO360 - DEBUG - 自動保存已禁用，跳過配置保存
2025-07-31 14:29:22,127 - VALO360 - DEBUG - 自動保存已禁用，跳過配置保存
2025-07-31 14:29:22,127 - VALO360 - DEBUG - 自動保存已禁用，跳過配置保存
2025-07-31 14:29:22,127 - VALO360 - DEBUG - 自動保存已禁用，跳過配置保存
2025-07-31 14:29:22,127 - VALO360 - DEBUG - 自動保存已禁用，跳過配置保存
2025-07-31 14:29:22,127 - VALO360 - DEBUG - 自動保存已禁用，跳過配置保存
2025-07-31 14:29:22,127 - VALO360 - DEBUG - 自動保存已禁用，跳過配置保存
2025-07-31 14:29:22,127 - VALO360 - DEBUG - 自動保存已禁用，跳過配置保存
2025-07-31 14:29:22,127 - VALO360 - DEBUG - 自動保存已禁用，跳過配置保存
2025-07-31 14:29:22,132 - VALO360 - DEBUG - 自動保存已禁用，跳過配置保存
2025-07-31 14:29:22,132 - VALO360 - DEBUG - 自動保存已禁用，跳過配置保存
2025-07-31 14:29:22,132 - VALO360 - DEBUG - 自動保存已禁用，跳過配置保存
2025-07-31 14:29:22,135 - VALO360 - DEBUG - 自動保存已禁用，跳過配置保存
2025-07-31 14:29:22,135 - VALO360 - DEBUG - 自動保存已禁用，跳過配置保存
2025-07-31 14:29:22,135 - VALO360 - DEBUG - 自動保存已禁用，跳過配置保存
2025-07-31 14:29:22,135 - VALO360 - DEBUG - 自動保存已禁用，跳過配置保存
2025-07-31 14:29:22,135 - VALO360 - DEBUG - 自動保存已禁用，跳過配置保存
2025-07-31 14:29:22,135 - VALO360 - DEBUG - 自動保存已禁用，跳過配置保存
2025-07-31 14:29:22,135 - VALO360 - DEBUG - 自動保存已禁用，跳過配置保存
2025-07-31 14:29:22,135 - VALO360 - DEBUG - 自動保存已禁用，跳過配置保存
2025-07-31 14:29:22,142 - VALO360 - DEBUG - 自動保存已禁用，跳過配置保存
2025-07-31 14:29:22,142 - VALO360 - DEBUG - 自動保存已禁用，跳過配置保存
2025-07-31 14:29:22,142 - VALO360 - DEBUG - 自動保存已禁用，跳過配置保存
2025-07-31 14:29:22,142 - VALO360 - DEBUG - 自動保存已禁用，跳過配置保存
2025-07-31 14:29:22,175 - VALO360 - DEBUG - 找到 2 個COM口: ['COM5', 'COM6']
2025-07-31 14:29:24,678 - VALO360 - DEBUG - 自動保存已禁用，跳過配置保存
2025-07-31 14:29:24,678 - VALO360 - DEBUG - 自動保存已禁用，跳過配置保存
2025-07-31 14:29:24,678 - VALO360 - DEBUG - 自動保存已禁用，跳過配置保存
2025-07-31 14:29:24,678 - VALO360 - DEBUG - 自動保存已禁用，跳過配置保存
2025-07-31 14:29:26,918 - VALO360 - DEBUG - 自動保存已禁用，跳過配置保存
2025-07-31 14:29:26,918 - VALO360 - DEBUG - 自動保存已禁用，跳過配置保存
2025-07-31 14:29:26,918 - VALO360 - DEBUG - 自動保存已禁用，跳過配置保存
2025-07-31 14:29:26,919 - VALO360 - DEBUG - 自動保存已禁用，跳過配置保存
2025-07-31 14:29:27,412 - VALO360 - DEBUG - 自動保存已禁用，跳過配置保存
2025-07-31 14:29:27,412 - VALO360 - DEBUG - 自動保存已禁用，跳過配置保存
2025-07-31 14:29:27,412 - VALO360 - DEBUG - 自動保存已禁用，跳過配置保存
2025-07-31 14:29:27,412 - VALO360 - DEBUG - 自動保存已禁用，跳過配置保存
2025-07-31 14:29:27,837 - VALO360 - DEBUG - 自動保存已禁用，跳過配置保存
2025-07-31 14:29:27,837 - VALO360 - DEBUG - 自動保存已禁用，跳過配置保存
2025-07-31 14:29:27,837 - VALO360 - DEBUG - 自動保存已禁用，跳過配置保存
2025-07-31 14:29:27,839 - VALO360 - DEBUG - 自動保存已禁用，跳過配置保存
2025-07-31 14:29:28,478 - VALO360 - DEBUG - 自動保存已禁用，跳過配置保存
2025-07-31 14:29:28,478 - VALO360 - DEBUG - 自動保存已禁用，跳過配置保存
2025-07-31 14:29:28,478 - VALO360 - DEBUG - 自動保存已禁用，跳過配置保存
2025-07-31 14:29:28,480 - VALO360 - DEBUG - 自動保存已禁用，跳過配置保存
2025-07-31 14:29:28,947 - VALO360 - DEBUG - 自動保存已禁用，跳過配置保存
2025-07-31 14:29:28,950 - VALO360 - DEBUG - 自動保存已禁用，跳過配置保存
2025-07-31 14:29:28,950 - VALO360 - DEBUG - 自動保存已禁用，跳過配置保存
2025-07-31 14:29:28,950 - VALO360 - DEBUG - 自動保存已禁用，跳過配置保存
2025-07-31 14:29:29,460 - VALO360 - DEBUG - 自動保存已禁用，跳過配置保存
2025-07-31 14:29:29,460 - VALO360 - DEBUG - 自動保存已禁用，跳過配置保存
2025-07-31 14:29:29,460 - VALO360 - DEBUG - 自動保存已禁用，跳過配置保存
2025-07-31 14:29:29,462 - VALO360 - DEBUG - 自動保存已禁用，跳過配置保存
2025-07-31 14:29:29,522 - VALO360 - DEBUG - 找到 2 個COM口: ['COM5', 'COM6']
2025-07-31 14:29:33,284 - VALO360 - DEBUG - 自動保存已禁用，跳過配置保存
2025-07-31 14:29:33,284 - VALO360 - DEBUG - 自動保存已禁用，跳過配置保存
2025-07-31 14:29:33,286 - VALO360 - DEBUG - 自動保存已禁用，跳過配置保存
2025-07-31 14:29:33,286 - VALO360 - DEBUG - 自動保存已禁用，跳過配置保存
2025-07-31 14:29:34,882 - VALO360 - DEBUG - 自動保存已禁用，跳過配置保存
2025-07-31 14:29:34,882 - VALO360 - DEBUG - 自動保存已禁用，跳過配置保存
2025-07-31 14:29:34,882 - VALO360 - DEBUG - 自動保存已禁用，跳過配置保存
2025-07-31 14:29:34,882 - VALO360 - DEBUG - 自動保存已禁用，跳過配置保存
2025-07-31 14:29:36,951 - VALO360 - DEBUG - 自動保存已禁用，跳過配置保存
2025-07-31 14:29:36,951 - VALO360 - DEBUG - 自動保存已禁用，跳過配置保存
2025-07-31 14:29:36,953 - VALO360 - DEBUG - 自動保存已禁用，跳過配置保存
2025-07-31 14:29:36,953 - VALO360 - DEBUG - 自動保存已禁用，跳過配置保存
2025-07-31 14:29:39,458 - VALO360 - DEBUG - 自動保存已禁用，跳過配置保存
2025-07-31 14:29:39,458 - VALO360 - DEBUG - 配置已備份至: backup\setup_backup_20250731_142939.json
2025-07-31 14:29:39,466 - VALO360 - DEBUG - 配置保存成功
2025-07-31 14:29:39,466 - VALO360 - DEBUG - 自動保存已禁用，跳過配置保存
2025-07-31 14:29:39,498 - VALO360 - DEBUG - 自動保存已禁用，跳過配置保存
2025-07-31 14:29:39,498 - VALO360 - DEBUG - 自動保存已禁用，跳過配置保存
2025-07-31 14:29:39,498 - VALO360 - DEBUG - 自動保存已禁用，跳過配置保存
2025-07-31 14:29:39,498 - VALO360 - DEBUG - 自動保存已禁用，跳過配置保存
2025-07-31 14:29:39,550 - VALO360 - DEBUG - 自動保存已禁用，跳過配置保存
2025-07-31 14:29:39,550 - VALO360 - DEBUG - 自動保存已禁用，跳過配置保存
2025-07-31 14:29:39,550 - VALO360 - DEBUG - 自動保存已禁用，跳過配置保存
2025-07-31 14:29:39,550 - VALO360 - DEBUG - 自動保存已禁用，跳過配置保存
2025-07-31 14:29:39,550 - VALO360 - DEBUG - 自動保存已禁用，跳過配置保存
2025-07-31 14:29:39,550 - VALO360 - DEBUG - 自動保存已禁用，跳過配置保存
2025-07-31 14:29:39,550 - VALO360 - DEBUG - 自動保存已禁用，跳過配置保存
2025-07-31 14:29:39,550 - VALO360 - DEBUG - 自動保存已禁用，跳過配置保存
2025-07-31 14:29:39,550 - VALO360 - DEBUG - 自動保存已禁用，跳過配置保存
2025-07-31 14:29:39,550 - VALO360 - DEBUG - 自動保存已禁用，跳過配置保存
2025-07-31 14:29:39,550 - VALO360 - DEBUG - 自動保存已禁用，跳過配置保存
2025-07-31 14:29:39,550 - VALO360 - DEBUG - 自動保存已禁用，跳過配置保存
2025-07-31 14:29:39,550 - VALO360 - DEBUG - 自動保存已禁用，跳過配置保存
2025-07-31 14:29:39,550 - VALO360 - DEBUG - 自動保存已禁用，跳過配置保存
2025-07-31 14:29:39,550 - VALO360 - DEBUG - 自動保存已禁用，跳過配置保存
2025-07-31 14:29:39,550 - VALO360 - DEBUG - 自動保存已禁用，跳過配置保存
2025-07-31 14:29:39,560 - VALO360 - DEBUG - 自動保存已禁用，跳過配置保存
2025-07-31 14:29:39,560 - VALO360 - DEBUG - 自動保存已禁用，跳過配置保存
2025-07-31 14:29:39,560 - VALO360 - DEBUG - 自動保存已禁用，跳過配置保存
2025-07-31 14:29:39,560 - VALO360 - DEBUG - 自動保存已禁用，跳過配置保存
2025-07-31 14:29:39,560 - VALO360 - DEBUG - 自動保存已禁用，跳過配置保存
2025-07-31 14:29:39,560 - VALO360 - DEBUG - 自動保存已禁用，跳過配置保存
2025-07-31 14:29:39,560 - VALO360 - DEBUG - 自動保存已禁用，跳過配置保存
2025-07-31 14:29:39,560 - VALO360 - DEBUG - 自動保存已禁用，跳過配置保存
2025-07-31 14:29:39,560 - VALO360 - DEBUG - 自動保存已禁用，跳過配置保存
2025-07-31 14:29:39,560 - VALO360 - DEBUG - 自動保存已禁用，跳過配置保存
2025-07-31 14:29:39,560 - VALO360 - DEBUG - 自動保存已禁用，跳過配置保存
2025-07-31 14:29:39,560 - VALO360 - DEBUG - 自動保存已禁用，跳過配置保存
2025-07-31 14:29:39,560 - VALO360 - DEBUG - 自動保存已禁用，跳過配置保存
2025-07-31 14:29:39,560 - VALO360 - DEBUG - 自動保存已禁用，跳過配置保存
2025-07-31 14:29:39,560 - VALO360 - DEBUG - 自動保存已禁用，跳過配置保存
2025-07-31 14:29:39,560 - VALO360 - DEBUG - 自動保存已禁用，跳過配置保存
2025-07-31 14:29:39,570 - VALO360 - DEBUG - 自動保存已禁用，跳過配置保存
2025-07-31 14:29:39,570 - VALO360 - DEBUG - 自動保存已禁用，跳過配置保存
2025-07-31 14:29:39,570 - VALO360 - DEBUG - 自動保存已禁用，跳過配置保存
2025-07-31 14:29:39,570 - VALO360 - DEBUG - 自動保存已禁用，跳過配置保存
2025-07-31 14:29:39,573 - VALO360 - DEBUG - 自動保存已禁用，跳過配置保存
2025-07-31 14:29:39,573 - VALO360 - DEBUG - 自動保存已禁用，跳過配置保存
2025-07-31 14:29:39,573 - VALO360 - DEBUG - 自動保存已禁用，跳過配置保存
2025-07-31 14:29:39,573 - VALO360 - DEBUG - 自動保存已禁用，跳過配置保存
2025-07-31 14:29:39,573 - VALO360 - DEBUG - 自動保存已禁用，跳過配置保存
2025-07-31 14:29:39,573 - VALO360 - DEBUG - 自動保存已禁用，跳過配置保存
2025-07-31 14:29:39,573 - VALO360 - DEBUG - 自動保存已禁用，跳過配置保存
2025-07-31 14:29:39,573 - VALO360 - DEBUG - 自動保存已禁用，跳過配置保存
2025-07-31 14:29:39,581 - VALO360 - DEBUG - 自動保存已禁用，跳過配置保存
2025-07-31 14:29:39,581 - VALO360 - DEBUG - 自動保存已禁用，跳過配置保存
2025-07-31 14:29:39,581 - VALO360 - DEBUG - 自動保存已禁用，跳過配置保存
2025-07-31 14:29:39,581 - VALO360 - DEBUG - 自動保存已禁用，跳過配置保存
2025-07-31 14:29:39,581 - VALO360 - DEBUG - 自動保存已禁用，跳過配置保存
2025-07-31 14:29:39,581 - VALO360 - DEBUG - 自動保存已禁用，跳過配置保存
2025-07-31 14:29:39,581 - VALO360 - DEBUG - 自動保存已禁用，跳過配置保存
2025-07-31 14:29:39,581 - VALO360 - DEBUG - 自動保存已禁用，跳過配置保存
2025-07-31 14:29:39,581 - VALO360 - DEBUG - 自動保存已禁用，跳過配置保存
2025-07-31 14:29:39,581 - VALO360 - DEBUG - 自動保存已禁用，跳過配置保存
2025-07-31 14:29:39,581 - VALO360 - DEBUG - 自動保存已禁用，跳過配置保存
2025-07-31 14:29:39,581 - VALO360 - DEBUG - 自動保存已禁用，跳過配置保存
2025-07-31 14:29:39,591 - VALO360 - DEBUG - 自動保存已禁用，跳過配置保存
2025-07-31 14:29:39,591 - VALO360 - DEBUG - 自動保存已禁用，跳過配置保存
2025-07-31 14:29:39,591 - VALO360 - DEBUG - 自動保存已禁用，跳過配置保存
2025-07-31 14:29:39,591 - VALO360 - DEBUG - 自動保存已禁用，跳過配置保存
2025-07-31 14:29:39,591 - VALO360 - DEBUG - 自動保存已禁用，跳過配置保存
2025-07-31 14:29:39,591 - VALO360 - DEBUG - 自動保存已禁用，跳過配置保存
2025-07-31 14:29:39,591 - VALO360 - DEBUG - 自動保存已禁用，跳過配置保存
2025-07-31 14:29:39,591 - VALO360 - DEBUG - 自動保存已禁用，跳過配置保存
2025-07-31 14:29:39,591 - VALO360 - DEBUG - 自動保存已禁用，跳過配置保存
2025-07-31 14:29:39,591 - VALO360 - DEBUG - 自動保存已禁用，跳過配置保存
2025-07-31 14:29:39,591 - VALO360 - DEBUG - 自動保存已禁用，跳過配置保存
2025-07-31 14:29:39,591 - VALO360 - DEBUG - 自動保存已禁用，跳過配置保存
2025-07-31 14:29:39,591 - VALO360 - DEBUG - 自動保存已禁用，跳過配置保存
2025-07-31 14:29:39,591 - VALO360 - DEBUG - 自動保存已禁用，跳過配置保存
2025-07-31 14:29:39,591 - VALO360 - DEBUG - 自動保存已禁用，跳過配置保存
2025-07-31 14:29:39,591 - VALO360 - DEBUG - 自動保存已禁用，跳過配置保存
2025-07-31 14:29:39,601 - VALO360 - DEBUG - 自動保存已禁用，跳過配置保存
2025-07-31 14:29:39,601 - VALO360 - DEBUG - 自動保存已禁用，跳過配置保存
2025-07-31 14:29:39,602 - VALO360 - DEBUG - 自動保存已禁用，跳過配置保存
2025-07-31 14:29:39,602 - VALO360 - DEBUG - 自動保存已禁用，跳過配置保存
2025-07-31 14:29:39,605 - VALO360 - DEBUG - 自動保存已禁用，跳過配置保存
2025-07-31 14:29:39,605 - VALO360 - DEBUG - 自動保存已禁用，跳過配置保存
2025-07-31 14:29:39,605 - VALO360 - DEBUG - 自動保存已禁用，跳過配置保存
2025-07-31 14:29:39,605 - VALO360 - DEBUG - 自動保存已禁用，跳過配置保存
2025-07-31 14:29:39,607 - VALO360 - DEBUG - 自動保存已禁用，跳過配置保存
2025-07-31 14:29:39,609 - VALO360 - DEBUG - 自動保存已禁用，跳過配置保存
2025-07-31 14:29:39,609 - VALO360 - DEBUG - 自動保存已禁用，跳過配置保存
2025-07-31 14:29:39,609 - VALO360 - DEBUG - 自動保存已禁用，跳過配置保存
2025-07-31 14:29:39,611 - VALO360 - DEBUG - 自動保存已禁用，跳過配置保存
2025-07-31 14:29:39,611 - VALO360 - DEBUG - 自動保存已禁用，跳過配置保存
2025-07-31 14:29:39,611 - VALO360 - DEBUG - 自動保存已禁用，跳過配置保存
2025-07-31 14:29:39,611 - VALO360 - DEBUG - 自動保存已禁用，跳過配置保存
2025-07-31 14:29:39,617 - VALO360 - DEBUG - 自動保存已禁用，跳過配置保存
2025-07-31 14:29:39,617 - VALO360 - DEBUG - 自動保存已禁用，跳過配置保存
2025-07-31 14:29:39,617 - VALO360 - DEBUG - 自動保存已禁用，跳過配置保存
2025-07-31 14:29:39,617 - VALO360 - DEBUG - 自動保存已禁用，跳過配置保存
2025-07-31 14:29:39,621 - VALO360 - DEBUG - 自動保存已禁用，跳過配置保存
2025-07-31 14:29:39,621 - VALO360 - DEBUG - 自動保存已禁用，跳過配置保存
2025-07-31 14:29:39,621 - VALO360 - DEBUG - 自動保存已禁用，跳過配置保存
2025-07-31 14:29:39,621 - VALO360 - DEBUG - 自動保存已禁用，跳過配置保存
2025-07-31 14:29:39,621 - VALO360 - DEBUG - 自動保存已禁用，跳過配置保存
2025-07-31 14:29:39,621 - VALO360 - DEBUG - 自動保存已禁用，跳過配置保存
2025-07-31 14:29:39,621 - VALO360 - DEBUG - 自動保存已禁用，跳過配置保存
2025-07-31 14:29:39,621 - VALO360 - DEBUG - 自動保存已禁用，跳過配置保存
2025-07-31 14:29:39,632 - VALO360 - DEBUG - 自動保存已禁用，跳過配置保存
2025-07-31 14:29:39,632 - VALO360 - DEBUG - 自動保存已禁用，跳過配置保存
2025-07-31 14:29:39,632 - VALO360 - DEBUG - 自動保存已禁用，跳過配置保存
2025-07-31 14:29:39,632 - VALO360 - DEBUG - 自動保存已禁用，跳過配置保存
2025-07-31 14:29:39,632 - VALO360 - DEBUG - 自動保存已禁用，跳過配置保存
2025-07-31 14:29:39,632 - VALO360 - DEBUG - 自動保存已禁用，跳過配置保存
2025-07-31 14:29:39,632 - VALO360 - DEBUG - 自動保存已禁用，跳過配置保存
2025-07-31 14:29:39,632 - VALO360 - DEBUG - 自動保存已禁用，跳過配置保存
2025-07-31 14:29:39,643 - VALO360 - DEBUG - 自動保存已禁用，跳過配置保存
2025-07-31 14:29:39,643 - VALO360 - DEBUG - 自動保存已禁用，跳過配置保存
2025-07-31 14:29:39,643 - VALO360 - DEBUG - 自動保存已禁用，跳過配置保存
2025-07-31 14:29:39,643 - VALO360 - DEBUG - 自動保存已禁用，跳過配置保存
2025-07-31 14:29:39,643 - VALO360 - DEBUG - 自動保存已禁用，跳過配置保存
2025-07-31 14:29:39,643 - VALO360 - DEBUG - 自動保存已禁用，跳過配置保存
2025-07-31 14:29:39,643 - VALO360 - DEBUG - 自動保存已禁用，跳過配置保存
2025-07-31 14:29:39,643 - VALO360 - DEBUG - 自動保存已禁用，跳過配置保存
2025-07-31 14:29:39,643 - VALO360 - DEBUG - 自動保存已禁用，跳過配置保存
2025-07-31 14:29:39,643 - VALO360 - DEBUG - 自動保存已禁用，跳過配置保存
2025-07-31 14:29:39,643 - VALO360 - DEBUG - 自動保存已禁用，跳過配置保存
2025-07-31 14:29:39,643 - VALO360 - DEBUG - 自動保存已禁用，跳過配置保存
2025-07-31 14:29:39,654 - VALO360 - DEBUG - 自動保存已禁用，跳過配置保存
2025-07-31 14:29:39,654 - VALO360 - DEBUG - 自動保存已禁用，跳過配置保存
2025-07-31 14:29:39,654 - VALO360 - DEBUG - 自動保存已禁用，跳過配置保存
2025-07-31 14:29:39,656 - VALO360 - DEBUG - 自動保存已禁用，跳過配置保存
2025-07-31 14:29:39,660 - VALO360 - DEBUG - 自動保存已禁用，跳過配置保存
2025-07-31 14:29:39,660 - VALO360 - DEBUG - 自動保存已禁用，跳過配置保存
2025-07-31 14:29:39,660 - VALO360 - DEBUG - 自動保存已禁用，跳過配置保存
2025-07-31 14:29:39,662 - VALO360 - DEBUG - 自動保存已禁用，跳過配置保存
2025-07-31 14:29:39,662 - VALO360 - DEBUG - 自動保存已禁用，跳過配置保存
2025-07-31 14:29:39,662 - VALO360 - DEBUG - 自動保存已禁用，跳過配置保存
2025-07-31 14:29:39,662 - VALO360 - DEBUG - 自動保存已禁用，跳過配置保存
2025-07-31 14:29:39,662 - VALO360 - DEBUG - 自動保存已禁用，跳過配置保存
2025-07-31 14:29:39,703 - VALO360 - DEBUG - 自動保存已禁用，跳過配置保存
2025-07-31 14:29:39,703 - VALO360 - DEBUG - 自動保存已禁用，跳過配置保存
2025-07-31 14:29:39,703 - VALO360 - DEBUG - 自動保存已禁用，跳過配置保存
2025-07-31 14:29:39,703 - VALO360 - DEBUG - 自動保存已禁用，跳過配置保存
2025-07-31 14:29:39,707 - VALO360 - DEBUG - 自動保存已禁用，跳過配置保存
2025-07-31 14:29:39,707 - VALO360 - DEBUG - 自動保存已禁用，跳過配置保存
2025-07-31 14:29:39,707 - VALO360 - DEBUG - 自動保存已禁用，跳過配置保存
2025-07-31 14:29:39,707 - VALO360 - DEBUG - 自動保存已禁用，跳過配置保存
2025-07-31 14:29:39,707 - VALO360 - DEBUG - 自動保存已禁用，跳過配置保存
2025-07-31 14:29:39,707 - VALO360 - DEBUG - 自動保存已禁用，跳過配置保存
2025-07-31 14:29:39,710 - VALO360 - DEBUG - 自動保存已禁用，跳過配置保存
2025-07-31 14:29:39,710 - VALO360 - DEBUG - 自動保存已禁用，跳過配置保存
2025-07-31 14:29:39,710 - VALO360 - DEBUG - 自動保存已禁用，跳過配置保存
2025-07-31 14:29:39,710 - VALO360 - DEBUG - 自動保存已禁用，跳過配置保存
2025-07-31 14:29:39,710 - VALO360 - DEBUG - 自動保存已禁用，跳過配置保存
2025-07-31 14:29:39,710 - VALO360 - DEBUG - 自動保存已禁用，跳過配置保存
2025-07-31 14:29:39,713 - VALO360 - DEBUG - 自動保存已禁用，跳過配置保存
2025-07-31 14:29:39,713 - VALO360 - DEBUG - 自動保存已禁用，跳過配置保存
2025-07-31 14:29:39,713 - VALO360 - DEBUG - 自動保存已禁用，跳過配置保存
2025-07-31 14:29:39,713 - VALO360 - DEBUG - 自動保存已禁用，跳過配置保存
2025-07-31 14:29:39,715 - VALO360 - DEBUG - 自動保存已禁用，跳過配置保存
2025-07-31 14:29:39,715 - VALO360 - DEBUG - 自動保存已禁用，跳過配置保存
2025-07-31 14:29:39,715 - VALO360 - DEBUG - 自動保存已禁用，跳過配置保存
2025-07-31 14:29:39,715 - VALO360 - DEBUG - 自動保存已禁用，跳過配置保存
2025-07-31 14:29:39,718 - VALO360 - DEBUG - 自動保存已禁用，跳過配置保存
2025-07-31 14:29:39,718 - VALO360 - DEBUG - 自動保存已禁用，跳過配置保存
2025-07-31 14:29:39,718 - VALO360 - DEBUG - 自動保存已禁用，跳過配置保存
2025-07-31 14:29:39,718 - VALO360 - DEBUG - 自動保存已禁用，跳過配置保存
2025-07-31 14:29:39,720 - VALO360 - DEBUG - 自動保存已禁用，跳過配置保存
2025-07-31 14:29:39,720 - VALO360 - DEBUG - 自動保存已禁用，跳過配置保存
2025-07-31 14:29:39,720 - VALO360 - DEBUG - 自動保存已禁用，跳過配置保存
2025-07-31 14:29:39,720 - VALO360 - DEBUG - 自動保存已禁用，跳過配置保存
2025-07-31 14:29:39,727 - VALO360 - DEBUG - 自動保存已禁用，跳過配置保存
2025-07-31 14:29:39,727 - VALO360 - DEBUG - 自動保存已禁用，跳過配置保存
2025-07-31 14:29:39,730 - VALO360 - DEBUG - 自動保存已禁用，跳過配置保存
2025-07-31 14:29:39,730 - VALO360 - DEBUG - 自動保存已禁用，跳過配置保存
2025-07-31 14:29:39,730 - VALO360 - DEBUG - 自動保存已禁用，跳過配置保存
2025-07-31 14:29:39,730 - VALO360 - DEBUG - 自動保存已禁用，跳過配置保存
2025-07-31 14:29:39,733 - VALO360 - DEBUG - 自動保存已禁用，跳過配置保存
2025-07-31 14:29:39,733 - VALO360 - DEBUG - 自動保存已禁用，跳過配置保存
2025-07-31 14:29:39,733 - VALO360 - DEBUG - 自動保存已禁用，跳過配置保存
2025-07-31 14:29:39,733 - VALO360 - DEBUG - 自動保存已禁用，跳過配置保存
2025-07-31 14:29:39,737 - VALO360 - DEBUG - 自動保存已禁用，跳過配置保存
2025-07-31 14:29:39,737 - VALO360 - DEBUG - 自動保存已禁用，跳過配置保存
2025-07-31 14:29:39,739 - VALO360 - DEBUG - 自動保存已禁用，跳過配置保存
2025-07-31 14:29:39,739 - VALO360 - DEBUG - 自動保存已禁用，跳過配置保存
2025-07-31 14:29:39,739 - VALO360 - DEBUG - 自動保存已禁用，跳過配置保存
2025-07-31 14:29:39,739 - VALO360 - DEBUG - 自動保存已禁用，跳過配置保存
2025-07-31 14:29:39,743 - VALO360 - DEBUG - 自動保存已禁用，跳過配置保存
2025-07-31 14:29:39,743 - VALO360 - DEBUG - 自動保存已禁用，跳過配置保存
2025-07-31 14:29:39,744 - VALO360 - DEBUG - 自動保存已禁用，跳過配置保存
2025-07-31 14:29:39,744 - VALO360 - DEBUG - 自動保存已禁用，跳過配置保存
2025-07-31 14:29:39,748 - VALO360 - DEBUG - 自動保存已禁用，跳過配置保存
2025-07-31 14:29:39,748 - VALO360 - DEBUG - 自動保存已禁用，跳過配置保存
2025-07-31 14:29:39,748 - VALO360 - DEBUG - 自動保存已禁用，跳過配置保存
2025-07-31 14:29:39,748 - VALO360 - DEBUG - 自動保存已禁用，跳過配置保存
2025-07-31 14:29:39,755 - VALO360 - DEBUG - 自動保存已禁用，跳過配置保存
2025-07-31 14:29:39,755 - VALO360 - DEBUG - 自動保存已禁用，跳過配置保存
2025-07-31 14:29:39,755 - VALO360 - DEBUG - 自動保存已禁用，跳過配置保存
2025-07-31 14:29:39,755 - VALO360 - DEBUG - 自動保存已禁用，跳過配置保存
2025-07-31 14:29:39,758 - VALO360 - DEBUG - 自動保存已禁用，跳過配置保存
2025-07-31 14:29:39,758 - VALO360 - DEBUG - 自動保存已禁用，跳過配置保存
2025-07-31 14:29:39,758 - VALO360 - DEBUG - 自動保存已禁用，跳過配置保存
2025-07-31 14:29:39,758 - VALO360 - DEBUG - 自動保存已禁用，跳過配置保存
2025-07-31 14:29:39,758 - VALO360 - DEBUG - 自動保存已禁用，跳過配置保存
2025-07-31 14:29:39,758 - VALO360 - DEBUG - 自動保存已禁用，跳過配置保存
2025-07-31 14:29:39,758 - VALO360 - DEBUG - 自動保存已禁用，跳過配置保存
2025-07-31 14:29:39,758 - VALO360 - DEBUG - 自動保存已禁用，跳過配置保存
2025-07-31 14:29:39,758 - VALO360 - DEBUG - 自動保存已禁用，跳過配置保存
2025-07-31 14:29:39,758 - VALO360 - DEBUG - 自動保存已禁用，跳過配置保存
2025-07-31 14:29:39,758 - VALO360 - DEBUG - 自動保存已禁用，跳過配置保存
2025-07-31 14:29:39,758 - VALO360 - DEBUG - 自動保存已禁用，跳過配置保存
2025-07-31 14:29:39,764 - VALO360 - DEBUG - 自動保存已禁用，跳過配置保存
2025-07-31 14:29:39,764 - VALO360 - DEBUG - 自動保存已禁用，跳過配置保存
2025-07-31 14:29:39,766 - VALO360 - DEBUG - 自動保存已禁用，跳過配置保存
2025-07-31 14:29:39,766 - VALO360 - DEBUG - 自動保存已禁用，跳過配置保存
2025-07-31 14:29:39,766 - VALO360 - DEBUG - 自動保存已禁用，跳過配置保存
2025-07-31 14:29:39,766 - VALO360 - DEBUG - 自動保存已禁用，跳過配置保存
2025-07-31 14:29:39,766 - VALO360 - DEBUG - 自動保存已禁用，跳過配置保存
2025-07-31 14:29:39,769 - VALO360 - DEBUG - 自動保存已禁用，跳過配置保存
2025-07-31 14:29:39,769 - VALO360 - DEBUG - 自動保存已禁用，跳過配置保存
2025-07-31 14:29:39,769 - VALO360 - DEBUG - 自動保存已禁用，跳過配置保存
2025-07-31 14:29:39,769 - VALO360 - DEBUG - 自動保存已禁用，跳過配置保存
2025-07-31 14:29:39,769 - VALO360 - DEBUG - 自動保存已禁用，跳過配置保存
2025-07-31 14:29:39,776 - VALO360 - DEBUG - 自動保存已禁用，跳過配置保存
2025-07-31 14:29:39,776 - VALO360 - DEBUG - 自動保存已禁用，跳過配置保存
2025-07-31 14:29:39,776 - VALO360 - DEBUG - 自動保存已禁用，跳過配置保存
2025-07-31 14:29:39,776 - VALO360 - DEBUG - 自動保存已禁用，跳過配置保存
2025-07-31 14:29:39,776 - VALO360 - DEBUG - 自動保存已禁用，跳過配置保存
2025-07-31 14:29:39,776 - VALO360 - DEBUG - 自動保存已禁用，跳過配置保存
2025-07-31 14:29:39,776 - VALO360 - DEBUG - 自動保存已禁用，跳過配置保存
2025-07-31 14:29:39,776 - VALO360 - DEBUG - 自動保存已禁用，跳過配置保存
2025-07-31 14:29:39,776 - VALO360 - DEBUG - 自動保存已禁用，跳過配置保存
2025-07-31 14:29:39,776 - VALO360 - DEBUG - 自動保存已禁用，跳過配置保存
2025-07-31 14:29:39,776 - VALO360 - DEBUG - 自動保存已禁用，跳過配置保存
2025-07-31 14:29:39,776 - VALO360 - DEBUG - 自動保存已禁用，跳過配置保存
2025-07-31 14:29:39,785 - VALO360 - DEBUG - 自動保存已禁用，跳過配置保存
2025-07-31 14:29:39,785 - VALO360 - DEBUG - 自動保存已禁用，跳過配置保存
2025-07-31 14:29:39,785 - VALO360 - DEBUG - 自動保存已禁用，跳過配置保存
2025-07-31 14:29:39,785 - VALO360 - DEBUG - 自動保存已禁用，跳過配置保存
2025-07-31 14:29:39,787 - VALO360 - DEBUG - 自動保存已禁用，跳過配置保存
2025-07-31 14:29:39,787 - VALO360 - DEBUG - 自動保存已禁用，跳過配置保存
2025-07-31 14:29:39,787 - VALO360 - DEBUG - 自動保存已禁用，跳過配置保存
2025-07-31 14:29:39,789 - VALO360 - DEBUG - 自動保存已禁用，跳過配置保存
2025-07-31 14:29:39,789 - VALO360 - DEBUG - 自動保存已禁用，跳過配置保存
2025-07-31 14:29:39,791 - VALO360 - DEBUG - 自動保存已禁用，跳過配置保存
2025-07-31 14:29:39,791 - VALO360 - DEBUG - 自動保存已禁用，跳過配置保存
2025-07-31 14:29:39,791 - VALO360 - DEBUG - 自動保存已禁用，跳過配置保存
2025-07-31 14:29:39,793 - VALO360 - DEBUG - 自動保存已禁用，跳過配置保存
2025-07-31 14:29:39,793 - VALO360 - DEBUG - 自動保存已禁用，跳過配置保存
2025-07-31 14:29:39,793 - VALO360 - DEBUG - 自動保存已禁用，跳過配置保存
2025-07-31 14:29:39,793 - VALO360 - DEBUG - 自動保存已禁用，跳過配置保存
2025-07-31 14:29:39,795 - VALO360 - DEBUG - 自動保存已禁用，跳過配置保存
2025-07-31 14:29:39,795 - VALO360 - DEBUG - 自動保存已禁用，跳過配置保存
2025-07-31 14:29:39,795 - VALO360 - DEBUG - 自動保存已禁用，跳過配置保存
2025-07-31 14:29:39,795 - VALO360 - DEBUG - 自動保存已禁用，跳過配置保存
2025-07-31 14:29:39,797 - VALO360 - DEBUG - 自動保存已禁用，跳過配置保存
2025-07-31 14:29:39,797 - VALO360 - DEBUG - 自動保存已禁用，跳過配置保存
2025-07-31 14:29:39,797 - VALO360 - DEBUG - 自動保存已禁用，跳過配置保存
2025-07-31 14:29:39,797 - VALO360 - DEBUG - 自動保存已禁用，跳過配置保存
2025-07-31 14:29:39,799 - VALO360 - DEBUG - 自動保存已禁用，跳過配置保存
2025-07-31 14:29:39,799 - VALO360 - DEBUG - 自動保存已禁用，跳過配置保存
2025-07-31 14:29:39,799 - VALO360 - DEBUG - 自動保存已禁用，跳過配置保存
2025-07-31 14:29:39,799 - VALO360 - DEBUG - 自動保存已禁用，跳過配置保存
2025-07-31 14:29:39,799 - VALO360 - DEBUG - 自動保存已禁用，跳過配置保存
2025-07-31 14:29:39,799 - VALO360 - DEBUG - 自動保存已禁用，跳過配置保存
2025-07-31 14:29:39,799 - VALO360 - DEBUG - 自動保存已禁用，跳過配置保存
2025-07-31 14:29:39,799 - VALO360 - DEBUG - 自動保存已禁用，跳過配置保存
2025-07-31 14:29:39,826 - VALO360 - DEBUG - 找到 2 個COM口: ['COM5', 'COM6']
2025-07-31 14:29:48,924 - VALO360 - DEBUG - 自動保存已禁用，跳過配置保存
2025-07-31 14:29:48,924 - VALO360 - DEBUG - 自動保存已禁用，跳過配置保存
2025-07-31 14:29:48,924 - VALO360 - DEBUG - 自動保存已禁用，跳過配置保存
2025-07-31 14:29:48,924 - VALO360 - DEBUG - 自動保存已禁用，跳過配置保存
2025-07-31 14:29:49,354 - VALO360 - DEBUG - 自動保存已禁用，跳過配置保存
2025-07-31 14:29:49,354 - VALO360 - DEBUG - 自動保存已禁用，跳過配置保存
2025-07-31 14:29:49,356 - VALO360 - DEBUG - 自動保存已禁用，跳過配置保存
2025-07-31 14:29:49,356 - VALO360 - DEBUG - 自動保存已禁用，跳過配置保存
2025-07-31 14:29:49,811 - VALO360 - DEBUG - 自動保存已禁用，跳過配置保存
2025-07-31 14:29:49,811 - VALO360 - DEBUG - 自動保存已禁用，跳過配置保存
2025-07-31 14:29:49,811 - VALO360 - DEBUG - 自動保存已禁用，跳過配置保存
2025-07-31 14:29:49,811 - VALO360 - DEBUG - 自動保存已禁用，跳過配置保存
2025-07-31 14:29:49,869 - VALO360 - DEBUG - 找到 2 個COM口: ['COM5', 'COM6']
2025-07-31 14:29:52,826 - VALO360 - DEBUG - SerialWorker 初始化: COM=COM5, 指令數=1, 超時=30s
2025-07-31 14:29:52,826 - VALO360 - INFO - 開始執行序列埠任務: COM5
2025-07-31 14:29:52,832 - VALO360 - DEBUG - 自動保存已禁用，跳過配置保存
2025-07-31 14:29:52,832 - VALO360 - DEBUG - 自動保存已禁用，跳過配置保存
2025-07-31 14:29:52,835 - VALO360 - DEBUG - 自動保存已禁用，跳過配置保存
2025-07-31 14:29:52,835 - VALO360 - DEBUG - 自動保存已禁用，跳過配置保存
2025-07-31 14:29:52,838 - VALO360 - DEBUG - 自動保存已禁用，跳過配置保存
2025-07-31 14:29:52,838 - VALO360 - DEBUG - 自動保存已禁用，跳過配置保存
2025-07-31 14:29:52,838 - VALO360 - DEBUG - 自動保存已禁用，跳過配置保存
2025-07-31 14:29:52,838 - VALO360 - DEBUG - 自動保存已禁用，跳過配置保存
2025-07-31 14:29:52,840 - VALO360 - DEBUG - 自動保存已禁用，跳過配置保存
2025-07-31 14:29:52,840 - VALO360 - DEBUG - 自動保存已禁用，跳過配置保存
2025-07-31 14:29:52,840 - VALO360 - DEBUG - 自動保存已禁用，跳過配置保存
2025-07-31 14:29:52,840 - VALO360 - DEBUG - 自動保存已禁用，跳過配置保存
2025-07-31 14:29:52,840 - VALO360 - DEBUG - 自動保存已禁用，跳過配置保存
2025-07-31 14:29:52,842 - VALO360 - DEBUG - 自動保存已禁用，跳過配置保存
2025-07-31 14:29:52,842 - VALO360 - DEBUG - 自動保存已禁用，跳過配置保存
2025-07-31 14:29:52,842 - VALO360 - DEBUG - 自動保存已禁用，跳過配置保存
2025-07-31 14:29:52,844 - VALO360 - DEBUG - 自動保存已禁用，跳過配置保存
2025-07-31 14:29:52,845 - VALO360 - DEBUG - 自動保存已禁用，跳過配置保存
2025-07-31 14:29:52,845 - VALO360 - DEBUG - 自動保存已禁用，跳過配置保存
2025-07-31 14:29:52,845 - VALO360 - DEBUG - 自動保存已禁用，跳過配置保存
2025-07-31 14:29:52,847 - VALO360 - DEBUG - 自動保存已禁用，跳過配置保存
2025-07-31 14:29:52,847 - VALO360 - DEBUG - 自動保存已禁用，跳過配置保存
2025-07-31 14:29:52,847 - VALO360 - DEBUG - 自動保存已禁用，跳過配置保存
2025-07-31 14:29:52,847 - VALO360 - DEBUG - 自動保存已禁用，跳過配置保存
2025-07-31 14:29:54,072 - VALO360 - WARNING - 函數 SerialWorker.run 執行時間過長: 1.246秒
2025-07-31 14:29:57,176 - VALO360 - DEBUG - SerialWorker 初始化: COM=COM5, 指令數=1, 超時=30s
2025-07-31 14:29:57,176 - VALO360 - INFO - 開始執行序列埠任務: COM5
2025-07-31 14:29:58,419 - VALO360 - WARNING - 函數 SerialWorker.run 執行時間過長: 1.243秒
2025-07-31 14:29:58,660 - VALO360 - DEBUG - 自動保存已禁用，跳過配置保存
2025-07-31 14:29:58,662 - VALO360 - DEBUG - 自動保存已禁用，跳過配置保存
2025-07-31 14:29:58,662 - VALO360 - DEBUG - 自動保存已禁用，跳過配置保存
2025-07-31 14:29:58,662 - VALO360 - DEBUG - 自動保存已禁用，跳過配置保存
2025-07-31 14:29:59,045 - VALO360 - DEBUG - 自動保存已禁用，跳過配置保存
2025-07-31 14:29:59,045 - VALO360 - DEBUG - 自動保存已禁用，跳過配置保存
2025-07-31 14:29:59,054 - VALO360 - DEBUG - 自動保存已禁用，跳過配置保存
2025-07-31 14:29:59,054 - VALO360 - DEBUG - 自動保存已禁用，跳過配置保存
2025-07-31 14:30:06,921 - VALO360 - DEBUG - SerialWorker 初始化: COM=COM5, 指令數=1, 超時=30s
2025-07-31 14:30:06,923 - VALO360 - INFO - 開始執行序列埠任務: COM5
2025-07-31 14:30:08,426 - VALO360 - WARNING - 函數 SerialWorker.run 執行時間過長: 1.506秒
2025-07-31 14:30:10,612 - VALO360 - DEBUG - 自動保存已禁用，跳過配置保存
2025-07-31 14:30:10,612 - VALO360 - DEBUG - 自動保存已禁用，跳過配置保存
2025-07-31 14:30:10,612 - VALO360 - DEBUG - 自動保存已禁用，跳過配置保存
2025-07-31 14:30:10,612 - VALO360 - DEBUG - 自動保存已禁用，跳過配置保存
2025-07-31 14:30:11,036 - VALO360 - DEBUG - 自動保存已禁用，跳過配置保存
2025-07-31 14:30:11,036 - VALO360 - DEBUG - 自動保存已禁用，跳過配置保存
2025-07-31 14:30:11,036 - VALO360 - DEBUG - 自動保存已禁用，跳過配置保存
2025-07-31 14:30:11,036 - VALO360 - DEBUG - 自動保存已禁用，跳過配置保存
2025-07-31 14:30:11,093 - VALO360 - DEBUG - 找到 2 個COM口: ['COM5', 'COM6']
2025-07-31 14:30:11,472 - VALO360 - DEBUG - 自動保存已禁用，跳過配置保存
2025-07-31 14:30:11,472 - VALO360 - DEBUG - 自動保存已禁用，跳過配置保存
2025-07-31 14:30:11,472 - VALO360 - DEBUG - 自動保存已禁用，跳過配置保存
2025-07-31 14:30:11,472 - VALO360 - DEBUG - 自動保存已禁用，跳過配置保存
2025-07-31 14:30:11,830 - VALO360 - DEBUG - 自動保存已禁用，跳過配置保存
2025-07-31 14:30:11,830 - VALO360 - DEBUG - 自動保存已禁用，跳過配置保存
2025-07-31 14:30:11,830 - VALO360 - DEBUG - 自動保存已禁用，跳過配置保存
2025-07-31 14:30:11,830 - VALO360 - DEBUG - 自動保存已禁用，跳過配置保存
2025-07-31 14:30:12,137 - VALO360 - DEBUG - 自動保存已禁用，跳過配置保存
2025-07-31 14:30:12,139 - VALO360 - DEBUG - 自動保存已禁用，跳過配置保存
2025-07-31 14:30:12,139 - VALO360 - DEBUG - 自動保存已禁用，跳過配置保存
2025-07-31 14:30:12,139 - VALO360 - DEBUG - 自動保存已禁用，跳過配置保存
2025-07-31 14:30:12,442 - VALO360 - DEBUG - 自動保存已禁用，跳過配置保存
2025-07-31 14:30:12,442 - VALO360 - DEBUG - 自動保存已禁用，跳過配置保存
2025-07-31 14:30:12,442 - VALO360 - DEBUG - 自動保存已禁用，跳過配置保存
2025-07-31 14:30:12,442 - VALO360 - DEBUG - 自動保存已禁用，跳過配置保存
2025-07-31 14:30:19,326 - VALO360 - DEBUG - 自動保存已禁用，跳過配置保存
2025-07-31 14:30:19,336 - VALO360 - DEBUG - 配置已備份至: backup\setup_backup_20250731_143019.json
2025-07-31 14:30:19,336 - VALO360 - DEBUG - 配置保存成功
2025-07-31 14:30:19,336 - VALO360 - DEBUG - 自動保存已禁用，跳過配置保存
2025-07-31 14:30:19,347 - VALO360 - DEBUG - 自動保存已禁用，跳過配置保存
2025-07-31 14:30:19,347 - VALO360 - DEBUG - 自動保存已禁用，跳過配置保存
2025-07-31 14:30:19,347 - VALO360 - DEBUG - 自動保存已禁用，跳過配置保存
2025-07-31 14:30:19,347 - VALO360 - DEBUG - 自動保存已禁用，跳過配置保存
2025-07-31 14:30:19,408 - VALO360 - DEBUG - 自動保存已禁用，跳過配置保存
2025-07-31 14:30:19,408 - VALO360 - DEBUG - 自動保存已禁用，跳過配置保存
2025-07-31 14:30:19,408 - VALO360 - DEBUG - 自動保存已禁用，跳過配置保存
2025-07-31 14:30:19,408 - VALO360 - DEBUG - 自動保存已禁用，跳過配置保存
2025-07-31 14:30:19,437 - VALO360 - DEBUG - 自動保存已禁用，跳過配置保存
2025-07-31 14:30:19,437 - VALO360 - DEBUG - 自動保存已禁用，跳過配置保存
2025-07-31 14:30:19,437 - VALO360 - DEBUG - 自動保存已禁用，跳過配置保存
2025-07-31 14:30:19,437 - VALO360 - DEBUG - 自動保存已禁用，跳過配置保存
2025-07-31 14:30:19,439 - VALO360 - DEBUG - 自動保存已禁用，跳過配置保存
2025-07-31 14:30:19,439 - VALO360 - DEBUG - 自動保存已禁用，跳過配置保存
2025-07-31 14:30:19,439 - VALO360 - DEBUG - 自動保存已禁用，跳過配置保存
2025-07-31 14:30:19,439 - VALO360 - DEBUG - 自動保存已禁用，跳過配置保存
2025-07-31 14:30:19,439 - VALO360 - DEBUG - 自動保存已禁用，跳過配置保存
2025-07-31 14:30:19,441 - VALO360 - DEBUG - 自動保存已禁用，跳過配置保存
2025-07-31 14:30:19,441 - VALO360 - DEBUG - 自動保存已禁用，跳過配置保存
2025-07-31 14:30:19,441 - VALO360 - DEBUG - 自動保存已禁用，跳過配置保存
2025-07-31 14:30:19,443 - VALO360 - DEBUG - 自動保存已禁用，跳過配置保存
2025-07-31 14:30:19,443 - VALO360 - DEBUG - 自動保存已禁用，跳過配置保存
2025-07-31 14:30:19,443 - VALO360 - DEBUG - 自動保存已禁用，跳過配置保存
2025-07-31 14:30:19,443 - VALO360 - DEBUG - 自動保存已禁用，跳過配置保存
2025-07-31 14:30:19,443 - VALO360 - DEBUG - 自動保存已禁用，跳過配置保存
2025-07-31 14:30:19,445 - VALO360 - DEBUG - 自動保存已禁用，跳過配置保存
2025-07-31 14:30:19,445 - VALO360 - DEBUG - 自動保存已禁用，跳過配置保存
2025-07-31 14:30:19,445 - VALO360 - DEBUG - 自動保存已禁用，跳過配置保存
2025-07-31 14:30:19,447 - VALO360 - DEBUG - 自動保存已禁用，跳過配置保存
2025-07-31 14:30:19,447 - VALO360 - DEBUG - 自動保存已禁用，跳過配置保存
2025-07-31 14:30:19,447 - VALO360 - DEBUG - 自動保存已禁用，跳過配置保存
2025-07-31 14:30:19,447 - VALO360 - DEBUG - 自動保存已禁用，跳過配置保存
2025-07-31 14:30:19,449 - VALO360 - DEBUG - 自動保存已禁用，跳過配置保存
2025-07-31 14:30:19,449 - VALO360 - DEBUG - 自動保存已禁用，跳過配置保存
2025-07-31 14:30:19,449 - VALO360 - DEBUG - 自動保存已禁用，跳過配置保存
2025-07-31 14:30:19,449 - VALO360 - DEBUG - 自動保存已禁用，跳過配置保存
2025-07-31 14:30:19,454 - VALO360 - DEBUG - 自動保存已禁用，跳過配置保存
2025-07-31 14:30:19,454 - VALO360 - DEBUG - 自動保存已禁用，跳過配置保存
2025-07-31 14:30:19,454 - VALO360 - DEBUG - 自動保存已禁用，跳過配置保存
2025-07-31 14:30:19,454 - VALO360 - DEBUG - 自動保存已禁用，跳過配置保存
2025-07-31 14:30:19,458 - VALO360 - DEBUG - 自動保存已禁用，跳過配置保存
2025-07-31 14:30:19,459 - VALO360 - DEBUG - 自動保存已禁用，跳過配置保存
2025-07-31 14:30:19,459 - VALO360 - DEBUG - 自動保存已禁用，跳過配置保存
2025-07-31 14:30:19,459 - VALO360 - DEBUG - 自動保存已禁用，跳過配置保存
2025-07-31 14:30:19,459 - VALO360 - DEBUG - 自動保存已禁用，跳過配置保存
2025-07-31 14:30:19,459 - VALO360 - DEBUG - 自動保存已禁用，跳過配置保存
2025-07-31 14:30:19,459 - VALO360 - DEBUG - 自動保存已禁用，跳過配置保存
2025-07-31 14:30:19,459 - VALO360 - DEBUG - 自動保存已禁用，跳過配置保存
2025-07-31 14:30:19,459 - VALO360 - DEBUG - 自動保存已禁用，跳過配置保存
2025-07-31 14:30:19,459 - VALO360 - DEBUG - 自動保存已禁用，跳過配置保存
2025-07-31 14:30:19,459 - VALO360 - DEBUG - 自動保存已禁用，跳過配置保存
2025-07-31 14:30:19,459 - VALO360 - DEBUG - 自動保存已禁用，跳過配置保存
2025-07-31 14:30:19,469 - VALO360 - DEBUG - 自動保存已禁用，跳過配置保存
2025-07-31 14:30:19,469 - VALO360 - DEBUG - 自動保存已禁用，跳過配置保存
2025-07-31 14:30:19,469 - VALO360 - DEBUG - 自動保存已禁用，跳過配置保存
2025-07-31 14:30:19,469 - VALO360 - DEBUG - 自動保存已禁用，跳過配置保存
2025-07-31 14:30:19,469 - VALO360 - DEBUG - 自動保存已禁用，跳過配置保存
2025-07-31 14:30:19,469 - VALO360 - DEBUG - 自動保存已禁用，跳過配置保存
2025-07-31 14:30:19,469 - VALO360 - DEBUG - 自動保存已禁用，跳過配置保存
2025-07-31 14:30:19,469 - VALO360 - DEBUG - 自動保存已禁用，跳過配置保存
2025-07-31 14:30:19,469 - VALO360 - DEBUG - 自動保存已禁用，跳過配置保存
2025-07-31 14:30:19,469 - VALO360 - DEBUG - 自動保存已禁用，跳過配置保存
2025-07-31 14:30:19,469 - VALO360 - DEBUG - 自動保存已禁用，跳過配置保存
2025-07-31 14:30:19,469 - VALO360 - DEBUG - 自動保存已禁用，跳過配置保存
2025-07-31 14:30:19,478 - VALO360 - DEBUG - 自動保存已禁用，跳過配置保存
2025-07-31 14:30:19,478 - VALO360 - DEBUG - 自動保存已禁用，跳過配置保存
2025-07-31 14:30:19,478 - VALO360 - DEBUG - 自動保存已禁用，跳過配置保存
2025-07-31 14:30:19,478 - VALO360 - DEBUG - 自動保存已禁用，跳過配置保存
2025-07-31 14:30:19,478 - VALO360 - DEBUG - 自動保存已禁用，跳過配置保存
2025-07-31 14:30:19,478 - VALO360 - DEBUG - 自動保存已禁用，跳過配置保存
2025-07-31 14:30:19,478 - VALO360 - DEBUG - 自動保存已禁用，跳過配置保存
2025-07-31 14:30:19,478 - VALO360 - DEBUG - 自動保存已禁用，跳過配置保存
2025-07-31 14:30:19,478 - VALO360 - DEBUG - 自動保存已禁用，跳過配置保存
2025-07-31 14:30:19,478 - VALO360 - DEBUG - 自動保存已禁用，跳過配置保存
2025-07-31 14:30:19,478 - VALO360 - DEBUG - 自動保存已禁用，跳過配置保存
2025-07-31 14:30:19,478 - VALO360 - DEBUG - 自動保存已禁用，跳過配置保存
2025-07-31 14:30:19,478 - VALO360 - DEBUG - 自動保存已禁用，跳過配置保存
2025-07-31 14:30:19,478 - VALO360 - DEBUG - 自動保存已禁用，跳過配置保存
2025-07-31 14:30:19,489 - VALO360 - DEBUG - 自動保存已禁用，跳過配置保存
2025-07-31 14:30:19,489 - VALO360 - DEBUG - 自動保存已禁用，跳過配置保存
2025-07-31 14:30:19,490 - VALO360 - DEBUG - 自動保存已禁用，跳過配置保存
2025-07-31 14:30:19,490 - VALO360 - DEBUG - 自動保存已禁用，跳過配置保存
2025-07-31 14:30:19,490 - VALO360 - DEBUG - 自動保存已禁用，跳過配置保存
2025-07-31 14:30:19,490 - VALO360 - DEBUG - 自動保存已禁用，跳過配置保存
2025-07-31 14:30:19,490 - VALO360 - DEBUG - 自動保存已禁用，跳過配置保存
2025-07-31 14:30:19,490 - VALO360 - DEBUG - 自動保存已禁用，跳過配置保存
2025-07-31 14:30:19,490 - VALO360 - DEBUG - 自動保存已禁用，跳過配置保存
2025-07-31 14:30:19,490 - VALO360 - DEBUG - 自動保存已禁用，跳過配置保存
2025-07-31 14:30:19,490 - VALO360 - DEBUG - 自動保存已禁用，跳過配置保存
2025-07-31 14:30:19,490 - VALO360 - DEBUG - 自動保存已禁用，跳過配置保存
2025-07-31 14:30:19,499 - VALO360 - DEBUG - 自動保存已禁用，跳過配置保存
2025-07-31 14:30:19,499 - VALO360 - DEBUG - 自動保存已禁用，跳過配置保存
2025-07-31 14:30:19,499 - VALO360 - DEBUG - 自動保存已禁用，跳過配置保存
2025-07-31 14:30:19,499 - VALO360 - DEBUG - 自動保存已禁用，跳過配置保存
2025-07-31 14:30:19,499 - VALO360 - DEBUG - 自動保存已禁用，跳過配置保存
2025-07-31 14:30:19,499 - VALO360 - DEBUG - 自動保存已禁用，跳過配置保存
2025-07-31 14:30:19,509 - VALO360 - DEBUG - 自動保存已禁用，跳過配置保存
2025-07-31 14:30:19,509 - VALO360 - DEBUG - 自動保存已禁用，跳過配置保存
2025-07-31 14:30:19,509 - VALO360 - DEBUG - 自動保存已禁用，跳過配置保存
2025-07-31 14:30:19,509 - VALO360 - DEBUG - 自動保存已禁用，跳過配置保存
2025-07-31 14:30:19,509 - VALO360 - DEBUG - 自動保存已禁用，跳過配置保存
2025-07-31 14:30:19,509 - VALO360 - DEBUG - 自動保存已禁用，跳過配置保存
2025-07-31 14:30:19,509 - VALO360 - DEBUG - 自動保存已禁用，跳過配置保存
2025-07-31 14:30:19,509 - VALO360 - DEBUG - 自動保存已禁用，跳過配置保存
2025-07-31 14:30:19,522 - VALO360 - DEBUG - 自動保存已禁用，跳過配置保存
2025-07-31 14:30:19,522 - VALO360 - DEBUG - 自動保存已禁用，跳過配置保存
2025-07-31 14:30:19,522 - VALO360 - DEBUG - 自動保存已禁用，跳過配置保存
2025-07-31 14:30:19,522 - VALO360 - DEBUG - 自動保存已禁用，跳過配置保存
2025-07-31 14:30:19,527 - VALO360 - DEBUG - 自動保存已禁用，跳過配置保存
2025-07-31 14:30:19,527 - VALO360 - DEBUG - 自動保存已禁用，跳過配置保存
2025-07-31 14:30:19,527 - VALO360 - DEBUG - 自動保存已禁用，跳過配置保存
2025-07-31 14:30:19,527 - VALO360 - DEBUG - 自動保存已禁用，跳過配置保存
2025-07-31 14:30:19,531 - VALO360 - DEBUG - 自動保存已禁用，跳過配置保存
2025-07-31 14:30:19,531 - VALO360 - DEBUG - 自動保存已禁用，跳過配置保存
2025-07-31 14:30:19,531 - VALO360 - DEBUG - 自動保存已禁用，跳過配置保存
2025-07-31 14:30:19,531 - VALO360 - DEBUG - 自動保存已禁用，跳過配置保存
2025-07-31 14:30:19,531 - VALO360 - DEBUG - 自動保存已禁用，跳過配置保存
2025-07-31 14:30:19,531 - VALO360 - DEBUG - 自動保存已禁用，跳過配置保存
2025-07-31 14:30:19,531 - VALO360 - DEBUG - 自動保存已禁用，跳過配置保存
2025-07-31 14:30:19,531 - VALO360 - DEBUG - 自動保存已禁用，跳過配置保存
2025-07-31 14:30:19,537 - VALO360 - DEBUG - 自動保存已禁用，跳過配置保存
2025-07-31 14:30:19,539 - VALO360 - DEBUG - 自動保存已禁用，跳過配置保存
2025-07-31 14:30:19,539 - VALO360 - DEBUG - 自動保存已禁用，跳過配置保存
2025-07-31 14:30:19,539 - VALO360 - DEBUG - 自動保存已禁用，跳過配置保存
2025-07-31 14:30:19,540 - VALO360 - DEBUG - 自動保存已禁用，跳過配置保存
2025-07-31 14:30:19,542 - VALO360 - DEBUG - 自動保存已禁用，跳過配置保存
2025-07-31 14:30:19,542 - VALO360 - DEBUG - 自動保存已禁用，跳過配置保存
2025-07-31 14:30:19,542 - VALO360 - DEBUG - 自動保存已禁用，跳過配置保存
2025-07-31 14:30:19,546 - VALO360 - DEBUG - 自動保存已禁用，跳過配置保存
2025-07-31 14:30:19,546 - VALO360 - DEBUG - 自動保存已禁用，跳過配置保存
2025-07-31 14:30:19,546 - VALO360 - DEBUG - 自動保存已禁用，跳過配置保存
2025-07-31 14:30:19,546 - VALO360 - DEBUG - 自動保存已禁用，跳過配置保存
2025-07-31 14:30:19,550 - VALO360 - DEBUG - 自動保存已禁用，跳過配置保存
2025-07-31 14:30:19,550 - VALO360 - DEBUG - 自動保存已禁用，跳過配置保存
2025-07-31 14:30:19,550 - VALO360 - DEBUG - 自動保存已禁用，跳過配置保存
2025-07-31 14:30:19,550 - VALO360 - DEBUG - 自動保存已禁用，跳過配置保存
2025-07-31 14:30:19,604 - VALO360 - DEBUG - 自動保存已禁用，跳過配置保存
2025-07-31 14:30:19,604 - VALO360 - DEBUG - 自動保存已禁用，跳過配置保存
2025-07-31 14:30:19,604 - VALO360 - DEBUG - 自動保存已禁用，跳過配置保存
2025-07-31 14:30:19,604 - VALO360 - DEBUG - 自動保存已禁用，跳過配置保存
2025-07-31 14:30:19,604 - VALO360 - DEBUG - 自動保存已禁用，跳過配置保存
2025-07-31 14:30:19,604 - VALO360 - DEBUG - 自動保存已禁用，跳過配置保存
2025-07-31 14:30:19,604 - VALO360 - DEBUG - 自動保存已禁用，跳過配置保存
2025-07-31 14:30:19,604 - VALO360 - DEBUG - 自動保存已禁用，跳過配置保存
2025-07-31 14:30:19,604 - VALO360 - DEBUG - 自動保存已禁用，跳過配置保存
2025-07-31 14:30:19,604 - VALO360 - DEBUG - 自動保存已禁用，跳過配置保存
2025-07-31 14:30:19,604 - VALO360 - DEBUG - 自動保存已禁用，跳過配置保存
2025-07-31 14:30:19,604 - VALO360 - DEBUG - 自動保存已禁用，跳過配置保存
2025-07-31 14:30:19,611 - VALO360 - DEBUG - 自動保存已禁用，跳過配置保存
2025-07-31 14:30:19,611 - VALO360 - DEBUG - 自動保存已禁用，跳過配置保存
2025-07-31 14:30:19,611 - VALO360 - DEBUG - 自動保存已禁用，跳過配置保存
2025-07-31 14:30:19,611 - VALO360 - DEBUG - 自動保存已禁用，跳過配置保存
2025-07-31 14:30:19,611 - VALO360 - DEBUG - 自動保存已禁用，跳過配置保存
2025-07-31 14:30:19,611 - VALO360 - DEBUG - 自動保存已禁用，跳過配置保存
2025-07-31 14:30:19,611 - VALO360 - DEBUG - 自動保存已禁用，跳過配置保存
2025-07-31 14:30:19,611 - VALO360 - DEBUG - 自動保存已禁用，跳過配置保存
2025-07-31 14:30:19,611 - VALO360 - DEBUG - 自動保存已禁用，跳過配置保存
2025-07-31 14:30:19,611 - VALO360 - DEBUG - 自動保存已禁用，跳過配置保存
2025-07-31 14:30:19,611 - VALO360 - DEBUG - 自動保存已禁用，跳過配置保存
2025-07-31 14:30:19,611 - VALO360 - DEBUG - 自動保存已禁用，跳過配置保存
2025-07-31 14:30:19,611 - VALO360 - DEBUG - 自動保存已禁用，跳過配置保存
2025-07-31 14:30:19,611 - VALO360 - DEBUG - 自動保存已禁用，跳過配置保存
2025-07-31 14:30:19,611 - VALO360 - DEBUG - 自動保存已禁用，跳過配置保存
2025-07-31 14:30:19,611 - VALO360 - DEBUG - 自動保存已禁用，跳過配置保存
2025-07-31 14:30:19,622 - VALO360 - DEBUG - 自動保存已禁用，跳過配置保存
2025-07-31 14:30:19,624 - VALO360 - DEBUG - 自動保存已禁用，跳過配置保存
2025-07-31 14:30:19,624 - VALO360 - DEBUG - 自動保存已禁用，跳過配置保存
2025-07-31 14:30:19,624 - VALO360 - DEBUG - 自動保存已禁用，跳過配置保存
2025-07-31 14:30:19,628 - VALO360 - DEBUG - 自動保存已禁用，跳過配置保存
2025-07-31 14:30:19,628 - VALO360 - DEBUG - 自動保存已禁用，跳過配置保存
2025-07-31 14:30:19,628 - VALO360 - DEBUG - 自動保存已禁用，跳過配置保存
2025-07-31 14:30:19,628 - VALO360 - DEBUG - 自動保存已禁用，跳過配置保存
2025-07-31 14:30:19,633 - VALO360 - DEBUG - 自動保存已禁用，跳過配置保存
2025-07-31 14:30:19,633 - VALO360 - DEBUG - 自動保存已禁用，跳過配置保存
2025-07-31 14:30:19,633 - VALO360 - DEBUG - 自動保存已禁用，跳過配置保存
2025-07-31 14:30:19,633 - VALO360 - DEBUG - 自動保存已禁用，跳過配置保存
2025-07-31 14:30:19,633 - VALO360 - DEBUG - 自動保存已禁用，跳過配置保存
2025-07-31 14:30:19,633 - VALO360 - DEBUG - 自動保存已禁用，跳過配置保存
2025-07-31 14:30:19,633 - VALO360 - DEBUG - 自動保存已禁用，跳過配置保存
2025-07-31 14:30:19,633 - VALO360 - DEBUG - 自動保存已禁用，跳過配置保存
2025-07-31 14:30:19,639 - VALO360 - DEBUG - 自動保存已禁用，跳過配置保存
2025-07-31 14:30:19,639 - VALO360 - DEBUG - 自動保存已禁用，跳過配置保存
2025-07-31 14:30:19,641 - VALO360 - DEBUG - 自動保存已禁用，跳過配置保存
2025-07-31 14:30:19,641 - VALO360 - DEBUG - 自動保存已禁用，跳過配置保存
2025-07-31 14:30:19,643 - VALO360 - DEBUG - 自動保存已禁用，跳過配置保存
2025-07-31 14:30:19,643 - VALO360 - DEBUG - 自動保存已禁用，跳過配置保存
2025-07-31 14:30:19,643 - VALO360 - DEBUG - 自動保存已禁用，跳過配置保存
2025-07-31 14:30:19,643 - VALO360 - DEBUG - 自動保存已禁用，跳過配置保存
2025-07-31 14:30:19,651 - VALO360 - DEBUG - 自動保存已禁用，跳過配置保存
2025-07-31 14:30:19,653 - VALO360 - DEBUG - 自動保存已禁用，跳過配置保存
2025-07-31 14:30:19,653 - VALO360 - DEBUG - 自動保存已禁用，跳過配置保存
2025-07-31 14:30:19,653 - VALO360 - DEBUG - 自動保存已禁用，跳過配置保存
2025-07-31 14:30:19,653 - VALO360 - DEBUG - 自動保存已禁用，跳過配置保存
2025-07-31 14:30:19,653 - VALO360 - DEBUG - 自動保存已禁用，跳過配置保存
2025-07-31 14:30:19,653 - VALO360 - DEBUG - 自動保存已禁用，跳過配置保存
2025-07-31 14:30:19,653 - VALO360 - DEBUG - 自動保存已禁用，跳過配置保存
2025-07-31 14:30:19,653 - VALO360 - DEBUG - 自動保存已禁用，跳過配置保存
2025-07-31 14:30:19,653 - VALO360 - DEBUG - 自動保存已禁用，跳過配置保存
2025-07-31 14:30:19,653 - VALO360 - DEBUG - 自動保存已禁用，跳過配置保存
2025-07-31 14:30:19,653 - VALO360 - DEBUG - 自動保存已禁用，跳過配置保存
2025-07-31 14:30:19,653 - VALO360 - DEBUG - 自動保存已禁用，跳過配置保存
2025-07-31 14:30:19,653 - VALO360 - DEBUG - 自動保存已禁用，跳過配置保存
2025-07-31 14:30:19,653 - VALO360 - DEBUG - 自動保存已禁用，跳過配置保存
2025-07-31 14:30:19,653 - VALO360 - DEBUG - 自動保存已禁用，跳過配置保存
2025-07-31 14:30:19,664 - VALO360 - DEBUG - 自動保存已禁用，跳過配置保存
2025-07-31 14:30:19,664 - VALO360 - DEBUG - 自動保存已禁用，跳過配置保存
2025-07-31 14:30:19,664 - VALO360 - DEBUG - 自動保存已禁用，跳過配置保存
2025-07-31 14:30:19,664 - VALO360 - DEBUG - 自動保存已禁用，跳過配置保存
2025-07-31 14:30:19,664 - VALO360 - DEBUG - 自動保存已禁用，跳過配置保存
2025-07-31 14:30:19,664 - VALO360 - DEBUG - 自動保存已禁用，跳過配置保存
2025-07-31 14:30:19,664 - VALO360 - DEBUG - 自動保存已禁用，跳過配置保存
2025-07-31 14:30:19,664 - VALO360 - DEBUG - 自動保存已禁用，跳過配置保存
2025-07-31 14:30:19,664 - VALO360 - DEBUG - 自動保存已禁用，跳過配置保存
2025-07-31 14:30:19,664 - VALO360 - DEBUG - 自動保存已禁用，跳過配置保存
2025-07-31 14:30:19,664 - VALO360 - DEBUG - 自動保存已禁用，跳過配置保存
2025-07-31 14:30:19,664 - VALO360 - DEBUG - 自動保存已禁用，跳過配置保存
2025-07-31 14:30:19,673 - VALO360 - DEBUG - 自動保存已禁用，跳過配置保存
2025-07-31 14:30:19,673 - VALO360 - DEBUG - 自動保存已禁用，跳過配置保存
2025-07-31 14:30:19,673 - VALO360 - DEBUG - 自動保存已禁用，跳過配置保存
2025-07-31 14:30:19,673 - VALO360 - DEBUG - 自動保存已禁用，跳過配置保存
2025-07-31 14:30:19,673 - VALO360 - DEBUG - 自動保存已禁用，跳過配置保存
2025-07-31 14:30:19,673 - VALO360 - DEBUG - 自動保存已禁用，跳過配置保存
2025-07-31 14:30:19,673 - VALO360 - DEBUG - 自動保存已禁用，跳過配置保存
2025-07-31 14:30:19,673 - VALO360 - DEBUG - 自動保存已禁用，跳過配置保存
2025-07-31 14:30:19,673 - VALO360 - DEBUG - 自動保存已禁用，跳過配置保存
2025-07-31 14:30:19,673 - VALO360 - DEBUG - 自動保存已禁用，跳過配置保存
2025-07-31 14:30:19,673 - VALO360 - DEBUG - 自動保存已禁用，跳過配置保存
2025-07-31 14:30:19,673 - VALO360 - DEBUG - 自動保存已禁用，跳過配置保存
2025-07-31 14:30:19,683 - VALO360 - DEBUG - 自動保存已禁用，跳過配置保存
2025-07-31 14:30:19,683 - VALO360 - DEBUG - 自動保存已禁用，跳過配置保存
2025-07-31 14:30:19,683 - VALO360 - DEBUG - 自動保存已禁用，跳過配置保存
2025-07-31 14:30:19,683 - VALO360 - DEBUG - 自動保存已禁用，跳過配置保存
2025-07-31 14:30:19,683 - VALO360 - DEBUG - 自動保存已禁用，跳過配置保存
2025-07-31 14:30:19,683 - VALO360 - DEBUG - 自動保存已禁用，跳過配置保存
2025-07-31 14:30:19,683 - VALO360 - DEBUG - 自動保存已禁用，跳過配置保存
2025-07-31 14:30:19,683 - VALO360 - DEBUG - 自動保存已禁用，跳過配置保存
2025-07-31 14:30:19,683 - VALO360 - DEBUG - 自動保存已禁用，跳過配置保存
2025-07-31 14:30:19,683 - VALO360 - DEBUG - 自動保存已禁用，跳過配置保存
2025-07-31 14:30:19,683 - VALO360 - DEBUG - 自動保存已禁用，跳過配置保存
2025-07-31 14:30:19,683 - VALO360 - DEBUG - 自動保存已禁用，跳過配置保存
2025-07-31 14:30:19,683 - VALO360 - DEBUG - 自動保存已禁用，跳過配置保存
2025-07-31 14:30:19,683 - VALO360 - DEBUG - 自動保存已禁用，跳過配置保存
2025-07-31 14:30:19,683 - VALO360 - DEBUG - 自動保存已禁用，跳過配置保存
2025-07-31 14:30:19,683 - VALO360 - DEBUG - 自動保存已禁用，跳過配置保存
2025-07-31 14:30:19,693 - VALO360 - DEBUG - 自動保存已禁用，跳過配置保存
2025-07-31 14:30:19,693 - VALO360 - DEBUG - 自動保存已禁用，跳過配置保存
2025-07-31 14:30:19,693 - VALO360 - DEBUG - 自動保存已禁用，跳過配置保存
2025-07-31 14:30:19,693 - VALO360 - DEBUG - 自動保存已禁用，跳過配置保存
2025-07-31 14:30:19,695 - VALO360 - DEBUG - 自動保存已禁用，跳過配置保存
2025-07-31 14:30:19,697 - VALO360 - DEBUG - 自動保存已禁用，跳過配置保存
2025-07-31 14:30:19,697 - VALO360 - DEBUG - 自動保存已禁用，跳過配置保存
2025-07-31 14:30:19,697 - VALO360 - DEBUG - 自動保存已禁用，跳過配置保存
2025-07-31 14:30:19,699 - VALO360 - DEBUG - 自動保存已禁用，跳過配置保存
2025-07-31 14:30:19,699 - VALO360 - DEBUG - 自動保存已禁用，跳過配置保存
2025-07-31 14:30:19,699 - VALO360 - DEBUG - 自動保存已禁用，跳過配置保存
2025-07-31 14:30:19,699 - VALO360 - DEBUG - 自動保存已禁用，跳過配置保存
2025-07-31 14:30:19,699 - VALO360 - DEBUG - 自動保存已禁用，跳過配置保存
2025-07-31 14:30:19,704 - VALO360 - DEBUG - 自動保存已禁用，跳過配置保存
2025-07-31 14:30:19,704 - VALO360 - DEBUG - 自動保存已禁用，跳過配置保存
2025-07-31 14:30:19,704 - VALO360 - DEBUG - 自動保存已禁用，跳過配置保存
2025-07-31 14:30:19,704 - VALO360 - DEBUG - 自動保存已禁用，跳過配置保存
2025-07-31 14:30:19,704 - VALO360 - DEBUG - 自動保存已禁用，跳過配置保存
2025-07-31 14:30:19,704 - VALO360 - DEBUG - 自動保存已禁用，跳過配置保存
2025-07-31 14:30:19,704 - VALO360 - DEBUG - 自動保存已禁用，跳過配置保存
2025-07-31 14:30:19,734 - VALO360 - DEBUG - 找到 2 個COM口: ['COM5', 'COM6']
2025-07-31 14:30:21,871 - VALO360 - DEBUG - 自動保存已禁用，跳過配置保存
2025-07-31 14:30:21,871 - VALO360 - DEBUG - 自動保存已禁用，跳過配置保存
2025-07-31 14:30:21,871 - VALO360 - DEBUG - 自動保存已禁用，跳過配置保存
2025-07-31 14:30:21,871 - VALO360 - DEBUG - 自動保存已禁用，跳過配置保存
2025-07-31 14:30:22,206 - VALO360 - DEBUG - 自動保存已禁用，跳過配置保存
2025-07-31 14:30:22,206 - VALO360 - DEBUG - 自動保存已禁用，跳過配置保存
2025-07-31 14:30:22,206 - VALO360 - DEBUG - 自動保存已禁用，跳過配置保存
2025-07-31 14:30:22,206 - VALO360 - DEBUG - 自動保存已禁用，跳過配置保存
2025-07-31 14:30:22,597 - VALO360 - DEBUG - 自動保存已禁用，跳過配置保存
2025-07-31 14:30:22,599 - VALO360 - DEBUG - 自動保存已禁用，跳過配置保存
2025-07-31 14:30:22,599 - VALO360 - DEBUG - 自動保存已禁用，跳過配置保存
2025-07-31 14:30:22,599 - VALO360 - DEBUG - 自動保存已禁用，跳過配置保存
2025-07-31 14:30:23,021 - VALO360 - DEBUG - 自動保存已禁用，跳過配置保存
2025-07-31 14:30:23,021 - VALO360 - DEBUG - 自動保存已禁用，跳過配置保存
2025-07-31 14:30:23,021 - VALO360 - DEBUG - 自動保存已禁用，跳過配置保存
2025-07-31 14:30:23,021 - VALO360 - DEBUG - 自動保存已禁用，跳過配置保存
2025-07-31 14:30:23,493 - VALO360 - DEBUG - 自動保存已禁用，跳過配置保存
2025-07-31 14:30:23,493 - VALO360 - DEBUG - 自動保存已禁用，跳過配置保存
2025-07-31 14:30:23,495 - VALO360 - DEBUG - 自動保存已禁用，跳過配置保存
2025-07-31 14:30:23,495 - VALO360 - DEBUG - 自動保存已禁用，跳過配置保存
2025-07-31 14:30:23,559 - VALO360 - DEBUG - 找到 2 個COM口: ['COM5', 'COM6']
2025-07-31 14:30:27,586 - VALO360 - DEBUG - 自動保存已禁用，跳過配置保存
2025-07-31 14:30:27,586 - VALO360 - DEBUG - 自動保存已禁用，跳過配置保存
2025-07-31 14:30:27,586 - VALO360 - DEBUG - 自動保存已禁用，跳過配置保存
2025-07-31 14:30:27,586 - VALO360 - DEBUG - 自動保存已禁用，跳過配置保存
2025-07-31 14:30:27,588 - VALO360 - DEBUG - 自動保存已禁用，跳過配置保存
2025-07-31 14:30:27,590 - VALO360 - DEBUG - 自動保存已禁用，跳過配置保存
2025-07-31 14:30:27,590 - VALO360 - DEBUG - 自動保存已禁用，跳過配置保存
2025-07-31 14:30:27,590 - VALO360 - DEBUG - 自動保存已禁用，跳過配置保存
2025-07-31 14:30:27,606 - VALO360 - DEBUG - 自動保存已禁用，跳過配置保存
2025-07-31 14:30:27,606 - VALO360 - DEBUG - 自動保存已禁用，跳過配置保存
2025-07-31 14:30:27,606 - VALO360 - DEBUG - 自動保存已禁用，跳過配置保存
2025-07-31 14:30:27,606 - VALO360 - DEBUG - 自動保存已禁用，跳過配置保存
2025-07-31 14:30:27,607 - VALO360 - DEBUG - 自動保存已禁用，跳過配置保存
2025-07-31 14:30:27,607 - VALO360 - DEBUG - 自動保存已禁用，跳過配置保存
2025-07-31 14:30:27,607 - VALO360 - DEBUG - 自動保存已禁用，跳過配置保存
2025-07-31 14:30:27,607 - VALO360 - DEBUG - 自動保存已禁用，跳過配置保存
2025-07-31 14:30:27,620 - VALO360 - DEBUG - 自動保存已禁用，跳過配置保存
2025-07-31 14:30:27,620 - VALO360 - DEBUG - 自動保存已禁用，跳過配置保存
2025-07-31 14:30:27,622 - VALO360 - DEBUG - 自動保存已禁用，跳過配置保存
2025-07-31 14:30:27,622 - VALO360 - DEBUG - 自動保存已禁用，跳過配置保存
2025-07-31 14:30:27,624 - VALO360 - DEBUG - 自動保存已禁用，跳過配置保存
2025-07-31 14:30:27,624 - VALO360 - DEBUG - 自動保存已禁用，跳過配置保存
2025-07-31 14:30:27,625 - VALO360 - DEBUG - 自動保存已禁用，跳過配置保存
2025-07-31 14:30:27,625 - VALO360 - DEBUG - 自動保存已禁用，跳過配置保存
2025-07-31 14:30:30,868 - VALO360 - DEBUG - 自動保存已禁用，跳過配置保存
2025-07-31 14:30:30,876 - VALO360 - DEBUG - 自動保存已禁用，跳過配置保存
2025-07-31 14:30:30,876 - VALO360 - DEBUG - 自動保存已禁用，跳過配置保存
2025-07-31 14:30:30,876 - VALO360 - DEBUG - 自動保存已禁用，跳過配置保存
2025-07-31 14:30:30,876 - VALO360 - DEBUG - 自動保存已禁用，跳過配置保存
2025-07-31 14:30:30,876 - VALO360 - DEBUG - 自動保存已禁用，跳過配置保存
2025-07-31 14:30:30,876 - VALO360 - DEBUG - 自動保存已禁用，跳過配置保存
2025-07-31 14:30:30,876 - VALO360 - DEBUG - 自動保存已禁用，跳過配置保存
2025-07-31 14:30:30,876 - VALO360 - DEBUG - 自動保存已禁用，跳過配置保存
2025-07-31 14:30:30,876 - VALO360 - DEBUG - 自動保存已禁用，跳過配置保存
2025-07-31 14:30:30,876 - VALO360 - DEBUG - 自動保存已禁用，跳過配置保存
2025-07-31 14:30:30,876 - VALO360 - DEBUG - 自動保存已禁用，跳過配置保存
2025-07-31 14:30:30,876 - VALO360 - DEBUG - 自動保存已禁用，跳過配置保存
2025-07-31 14:30:30,876 - VALO360 - DEBUG - 自動保存已禁用，跳過配置保存
2025-07-31 14:30:30,876 - VALO360 - DEBUG - 自動保存已禁用，跳過配置保存
2025-07-31 14:30:30,876 - VALO360 - DEBUG - 自動保存已禁用，跳過配置保存
2025-07-31 14:30:30,876 - VALO360 - DEBUG - 自動保存已禁用，跳過配置保存
2025-07-31 14:30:30,876 - VALO360 - DEBUG - 自動保存已禁用，跳過配置保存
2025-07-31 14:30:30,876 - VALO360 - DEBUG - 自動保存已禁用，跳過配置保存
2025-07-31 14:30:30,887 - VALO360 - DEBUG - 自動保存已禁用，跳過配置保存
2025-07-31 14:30:30,887 - VALO360 - DEBUG - 自動保存已禁用，跳過配置保存
2025-07-31 14:30:30,887 - VALO360 - DEBUG - 自動保存已禁用，跳過配置保存
2025-07-31 14:30:30,887 - VALO360 - DEBUG - 自動保存已禁用，跳過配置保存
2025-07-31 14:30:30,887 - VALO360 - DEBUG - 自動保存已禁用，跳過配置保存
2025-07-31 14:30:30,887 - VALO360 - DEBUG - 自動保存已禁用，跳過配置保存
2025-07-31 14:30:30,887 - VALO360 - DEBUG - 自動保存已禁用，跳過配置保存
2025-07-31 14:30:30,887 - VALO360 - DEBUG - 自動保存已禁用，跳過配置保存
2025-07-31 14:30:30,887 - VALO360 - DEBUG - 自動保存已禁用，跳過配置保存
2025-07-31 14:30:30,887 - VALO360 - DEBUG - 自動保存已禁用，跳過配置保存
2025-07-31 14:30:30,887 - VALO360 - DEBUG - 自動保存已禁用，跳過配置保存
2025-07-31 14:30:30,887 - VALO360 - DEBUG - 自動保存已禁用，跳過配置保存
2025-07-31 14:30:30,887 - VALO360 - DEBUG - 自動保存已禁用，跳過配置保存
2025-07-31 14:30:30,897 - VALO360 - DEBUG - 自動保存已禁用，跳過配置保存
2025-07-31 14:30:30,897 - VALO360 - DEBUG - 自動保存已禁用，跳過配置保存
2025-07-31 14:30:30,897 - VALO360 - DEBUG - 自動保存已禁用，跳過配置保存
2025-07-31 14:30:30,898 - VALO360 - DEBUG - 自動保存已禁用，跳過配置保存
2025-07-31 14:30:30,919 - VALO360 - DEBUG - 自動保存已禁用，跳過配置保存
2025-07-31 14:30:30,919 - VALO360 - DEBUG - 自動保存已禁用，跳過配置保存
2025-07-31 14:30:30,919 - VALO360 - DEBUG - 自動保存已禁用，跳過配置保存
2025-07-31 14:30:30,919 - VALO360 - DEBUG - 自動保存已禁用，跳過配置保存
2025-07-31 14:30:30,919 - VALO360 - DEBUG - 自動保存已禁用，跳過配置保存
2025-07-31 14:30:30,919 - VALO360 - DEBUG - 自動保存已禁用，跳過配置保存
2025-07-31 14:30:30,919 - VALO360 - DEBUG - 自動保存已禁用，跳過配置保存
2025-07-31 14:30:30,919 - VALO360 - DEBUG - 自動保存已禁用，跳過配置保存
2025-07-31 14:30:33,172 - VALO360 - DEBUG - 配置已備份至: backup\setup_backup_20250731_143033.json
2025-07-31 14:30:33,172 - VALO360 - DEBUG - 配置保存成功
2025-07-31 14:30:33,179 - VALO360 - DEBUG - 配置已備份至: backup\setup_backup_20250731_143033.json
2025-07-31 14:30:33,179 - VALO360 - DEBUG - 配置保存成功
2025-07-31 14:30:33,179 - VALO360 - DEBUG - 自動保存已禁用，跳過配置保存
2025-07-31 14:30:33,179 - VALO360 - INFO - 程式關閉時已保存所有待保存的設定
2025-07-31 14:30:33,179 - VALO360 - INFO - 程式正常關閉
2025-07-31 14:30:33,277 - VALO360 - INFO - 資源清理完成
2025-07-31 14:30:33,277 - VALO360 - INFO - 應用程式資源清理完成
2025-07-31 15:14:11,401 - VALO360 - DEBUG - 找到指令檔: D:\((Python TOOL\指令工具-20250428T020034Z-001\CODE_HERE2\dist\Command_TABLE\command.txt
2025-07-31 15:14:11,426 - VALO360 - INFO - 成功載入 94 個指令
2025-07-31 15:14:11,430 - VALO360 - INFO - 運行日誌: main.py 啟動
2025-07-31 15:14:11,430 - VALO360 - INFO - 指令通主程式啟動
2025-07-31 15:14:11,430 - VALO360 - INFO - 運行日誌: 成功 import TabManager
2025-07-31 15:14:11,430 - VALO360 - INFO - UI模組導入成功
2025-07-31 15:14:11,430 - VALO360 - INFO - 日誌系統初始化完成
2025-07-31 15:14:11,430 - VALO360 - DEBUG - ConfigManager: 自動保存已禁用
2025-07-31 15:14:11,430 - VALO360 - INFO - ConfigManager自動保存已禁用
2025-07-31 15:14:11,430 - VALO360 - INFO - 未找到關鍵字高亮設定文件，使用空設定
2025-07-31 15:14:11,616 - VALO360 - DEBUG - 配置已備份至: backup\setup_backup_20250731_151411.json
2025-07-31 15:14:11,616 - VALO360 - DEBUG - 配置載入成功
2025-07-31 15:14:11,617 - VALO360 - INFO - 統一設定管理器已初始化
2025-07-31 15:14:12,311 - VALO360 - INFO - 視窗設置完成: 指令通_1.7.5 (1522x716)
2025-07-31 15:14:12,311 - VALO360 - INFO - 應用程式啟動完成，進入主循環
2025-07-31 15:14:12,316 - VALO360 - DEBUG - 自動保存已禁用，跳過配置保存
2025-07-31 15:14:12,316 - VALO360 - DEBUG - 自動保存已禁用，跳過配置保存
2025-07-31 15:14:12,317 - VALO360 - DEBUG - 自動保存已禁用，跳過配置保存
2025-07-31 15:14:12,317 - VALO360 - DEBUG - 自動保存已禁用，跳過配置保存
2025-07-31 15:14:12,318 - VALO360 - DEBUG - 自動保存已禁用，跳過配置保存
2025-07-31 15:14:12,318 - VALO360 - DEBUG - 自動保存已禁用，跳過配置保存
2025-07-31 15:14:12,318 - VALO360 - DEBUG - 自動保存已禁用，跳過配置保存
2025-07-31 15:14:12,318 - VALO360 - DEBUG - 自動保存已禁用，跳過配置保存
2025-07-31 15:14:12,319 - VALO360 - DEBUG - 自動保存已禁用，跳過配置保存
2025-07-31 15:14:12,319 - VALO360 - DEBUG - 自動保存已禁用，跳過配置保存
2025-07-31 15:14:12,319 - VALO360 - DEBUG - 自動保存已禁用，跳過配置保存
2025-07-31 15:14:12,320 - VALO360 - DEBUG - 自動保存已禁用，跳過配置保存
2025-07-31 15:14:12,320 - VALO360 - DEBUG - 自動保存已禁用，跳過配置保存
2025-07-31 15:14:12,322 - VALO360 - DEBUG - 自動保存已禁用，跳過配置保存
2025-07-31 15:14:12,322 - VALO360 - DEBUG - 自動保存已禁用，跳過配置保存
2025-07-31 15:14:12,322 - VALO360 - DEBUG - 自動保存已禁用，跳過配置保存
2025-07-31 15:14:12,323 - VALO360 - DEBUG - 自動保存已禁用，跳過配置保存
2025-07-31 15:14:12,323 - VALO360 - DEBUG - 自動保存已禁用，跳過配置保存
2025-07-31 15:14:12,323 - VALO360 - DEBUG - 自動保存已禁用，跳過配置保存
2025-07-31 15:14:12,324 - VALO360 - DEBUG - 自動保存已禁用，跳過配置保存
2025-07-31 15:14:12,325 - VALO360 - DEBUG - 自動保存已禁用，跳過配置保存
2025-07-31 15:14:12,325 - VALO360 - DEBUG - 自動保存已禁用，跳過配置保存
2025-07-31 15:14:12,325 - VALO360 - DEBUG - 自動保存已禁用，跳過配置保存
2025-07-31 15:14:12,326 - VALO360 - DEBUG - 自動保存已禁用，跳過配置保存
2025-07-31 15:14:12,327 - VALO360 - DEBUG - 自動保存已禁用，跳過配置保存
2025-07-31 15:14:12,327 - VALO360 - DEBUG - 自動保存已禁用，跳過配置保存
2025-07-31 15:14:12,328 - VALO360 - DEBUG - 自動保存已禁用，跳過配置保存
2025-07-31 15:14:12,328 - VALO360 - DEBUG - 自動保存已禁用，跳過配置保存
2025-07-31 15:14:12,329 - VALO360 - DEBUG - 自動保存已禁用，跳過配置保存
2025-07-31 15:14:12,329 - VALO360 - DEBUG - 自動保存已禁用，跳過配置保存
2025-07-31 15:14:12,329 - VALO360 - DEBUG - 自動保存已禁用，跳過配置保存
2025-07-31 15:14:12,329 - VALO360 - DEBUG - 自動保存已禁用，跳過配置保存
2025-07-31 15:14:12,330 - VALO360 - DEBUG - 自動保存已禁用，跳過配置保存
2025-07-31 15:14:12,330 - VALO360 - DEBUG - 自動保存已禁用，跳過配置保存
2025-07-31 15:14:12,330 - VALO360 - DEBUG - 自動保存已禁用，跳過配置保存
2025-07-31 15:14:12,330 - VALO360 - DEBUG - 自動保存已禁用，跳過配置保存
2025-07-31 15:14:12,331 - VALO360 - DEBUG - 自動保存已禁用，跳過配置保存
2025-07-31 15:14:12,331 - VALO360 - DEBUG - 自動保存已禁用，跳過配置保存
2025-07-31 15:14:12,331 - VALO360 - DEBUG - 自動保存已禁用，跳過配置保存
2025-07-31 15:14:12,331 - VALO360 - DEBUG - 自動保存已禁用，跳過配置保存
2025-07-31 15:14:12,331 - VALO360 - DEBUG - 自動保存已禁用，跳過配置保存
2025-07-31 15:14:12,331 - VALO360 - DEBUG - 自動保存已禁用，跳過配置保存
2025-07-31 15:14:12,331 - VALO360 - DEBUG - 自動保存已禁用，跳過配置保存
2025-07-31 15:14:12,331 - VALO360 - DEBUG - 自動保存已禁用，跳過配置保存
2025-07-31 15:14:12,331 - VALO360 - DEBUG - 自動保存已禁用，跳過配置保存
2025-07-31 15:14:12,331 - VALO360 - DEBUG - 自動保存已禁用，跳過配置保存
2025-07-31 15:14:12,331 - VALO360 - DEBUG - 自動保存已禁用，跳過配置保存
2025-07-31 15:14:12,331 - VALO360 - DEBUG - 自動保存已禁用，跳過配置保存
2025-07-31 15:14:12,331 - VALO360 - DEBUG - 自動保存已禁用，跳過配置保存
2025-07-31 15:14:12,331 - VALO360 - DEBUG - 自動保存已禁用，跳過配置保存
2025-07-31 15:14:12,331 - VALO360 - DEBUG - 自動保存已禁用，跳過配置保存
2025-07-31 15:14:12,331 - VALO360 - DEBUG - 自動保存已禁用，跳過配置保存
2025-07-31 15:14:12,331 - VALO360 - DEBUG - 自動保存已禁用，跳過配置保存
2025-07-31 15:14:12,331 - VALO360 - DEBUG - 自動保存已禁用，跳過配置保存
2025-07-31 15:14:12,331 - VALO360 - DEBUG - 自動保存已禁用，跳過配置保存
2025-07-31 15:14:12,331 - VALO360 - DEBUG - 自動保存已禁用，跳過配置保存
2025-07-31 15:14:12,331 - VALO360 - DEBUG - 自動保存已禁用，跳過配置保存
2025-07-31 15:14:12,331 - VALO360 - DEBUG - 自動保存已禁用，跳過配置保存
2025-07-31 15:14:12,331 - VALO360 - DEBUG - 自動保存已禁用，跳過配置保存
2025-07-31 15:14:12,331 - VALO360 - DEBUG - 自動保存已禁用，跳過配置保存
2025-07-31 15:14:12,339 - VALO360 - DEBUG - 自動保存已禁用，跳過配置保存
2025-07-31 15:14:12,339 - VALO360 - DEBUG - 自動保存已禁用，跳過配置保存
2025-07-31 15:14:12,339 - VALO360 - DEBUG - 自動保存已禁用，跳過配置保存
2025-07-31 15:14:12,339 - VALO360 - DEBUG - 自動保存已禁用，跳過配置保存
2025-07-31 15:14:12,341 - VALO360 - DEBUG - 自動保存已禁用，跳過配置保存
2025-07-31 15:14:12,341 - VALO360 - DEBUG - 自動保存已禁用，跳過配置保存
2025-07-31 15:14:12,341 - VALO360 - DEBUG - 自動保存已禁用，跳過配置保存
2025-07-31 15:14:12,341 - VALO360 - DEBUG - 自動保存已禁用，跳過配置保存
2025-07-31 15:14:12,342 - VALO360 - DEBUG - 自動保存已禁用，跳過配置保存
2025-07-31 15:14:12,342 - VALO360 - DEBUG - 自動保存已禁用，跳過配置保存
2025-07-31 15:14:12,342 - VALO360 - DEBUG - 自動保存已禁用，跳過配置保存
2025-07-31 15:14:12,342 - VALO360 - DEBUG - 自動保存已禁用，跳過配置保存
2025-07-31 15:14:12,343 - VALO360 - DEBUG - 自動保存已禁用，跳過配置保存
2025-07-31 15:14:12,343 - VALO360 - DEBUG - 自動保存已禁用，跳過配置保存
2025-07-31 15:14:12,343 - VALO360 - DEBUG - 自動保存已禁用，跳過配置保存
2025-07-31 15:14:12,345 - VALO360 - DEBUG - 自動保存已禁用，跳過配置保存
2025-07-31 15:14:12,345 - VALO360 - DEBUG - 自動保存已禁用，跳過配置保存
2025-07-31 15:14:12,345 - VALO360 - DEBUG - 自動保存已禁用，跳過配置保存
2025-07-31 15:14:12,345 - VALO360 - DEBUG - 自動保存已禁用，跳過配置保存
2025-07-31 15:14:12,345 - VALO360 - DEBUG - 自動保存已禁用，跳過配置保存
2025-07-31 15:14:12,347 - VALO360 - DEBUG - 自動保存已禁用，跳過配置保存
2025-07-31 15:14:12,347 - VALO360 - DEBUG - 自動保存已禁用，跳過配置保存
2025-07-31 15:14:12,347 - VALO360 - DEBUG - 自動保存已禁用，跳過配置保存
2025-07-31 15:14:12,348 - VALO360 - DEBUG - 自動保存已禁用，跳過配置保存
2025-07-31 15:14:12,348 - VALO360 - DEBUG - 自動保存已禁用，跳過配置保存
2025-07-31 15:14:12,348 - VALO360 - DEBUG - 自動保存已禁用，跳過配置保存
2025-07-31 15:14:12,348 - VALO360 - DEBUG - 自動保存已禁用，跳過配置保存
2025-07-31 15:14:12,348 - VALO360 - DEBUG - 自動保存已禁用，跳過配置保存
2025-07-31 15:14:12,351 - VALO360 - DEBUG - 自動保存已禁用，跳過配置保存
2025-07-31 15:14:12,351 - VALO360 - DEBUG - 自動保存已禁用，跳過配置保存
2025-07-31 15:14:12,352 - VALO360 - DEBUG - 自動保存已禁用，跳過配置保存
2025-07-31 15:14:12,352 - VALO360 - DEBUG - 自動保存已禁用，跳過配置保存
2025-07-31 15:14:12,353 - VALO360 - DEBUG - 自動保存已禁用，跳過配置保存
2025-07-31 15:14:12,353 - VALO360 - DEBUG - 自動保存已禁用，跳過配置保存
2025-07-31 15:14:12,353 - VALO360 - DEBUG - 自動保存已禁用，跳過配置保存
2025-07-31 15:14:12,353 - VALO360 - DEBUG - 自動保存已禁用，跳過配置保存
2025-07-31 15:14:12,353 - VALO360 - DEBUG - 自動保存已禁用，跳過配置保存
2025-07-31 15:14:12,355 - VALO360 - DEBUG - 自動保存已禁用，跳過配置保存
2025-07-31 15:14:12,355 - VALO360 - DEBUG - 自動保存已禁用，跳過配置保存
2025-07-31 15:14:12,355 - VALO360 - DEBUG - 自動保存已禁用，跳過配置保存
2025-07-31 15:14:12,355 - VALO360 - DEBUG - 自動保存已禁用，跳過配置保存
2025-07-31 15:14:12,355 - VALO360 - DEBUG - 自動保存已禁用，跳過配置保存
2025-07-31 15:14:12,355 - VALO360 - DEBUG - 自動保存已禁用，跳過配置保存
2025-07-31 15:14:12,355 - VALO360 - DEBUG - 自動保存已禁用，跳過配置保存
2025-07-31 15:14:12,355 - VALO360 - DEBUG - 自動保存已禁用，跳過配置保存
2025-07-31 15:14:12,355 - VALO360 - DEBUG - 自動保存已禁用，跳過配置保存
2025-07-31 15:14:12,358 - VALO360 - DEBUG - 自動保存已禁用，跳過配置保存
2025-07-31 15:14:12,358 - VALO360 - DEBUG - 自動保存已禁用，跳過配置保存
2025-07-31 15:14:12,359 - VALO360 - DEBUG - 自動保存已禁用，跳過配置保存
2025-07-31 15:14:12,359 - VALO360 - DEBUG - 自動保存已禁用，跳過配置保存
2025-07-31 15:14:12,359 - VALO360 - DEBUG - 自動保存已禁用，跳過配置保存
2025-07-31 15:14:12,359 - VALO360 - DEBUG - 自動保存已禁用，跳過配置保存
2025-07-31 15:14:12,359 - VALO360 - DEBUG - 自動保存已禁用，跳過配置保存
2025-07-31 15:14:12,359 - VALO360 - DEBUG - 自動保存已禁用，跳過配置保存
2025-07-31 15:14:12,359 - VALO360 - DEBUG - 自動保存已禁用，跳過配置保存
2025-07-31 15:14:12,359 - VALO360 - DEBUG - 自動保存已禁用，跳過配置保存
2025-07-31 15:14:12,359 - VALO360 - DEBUG - 自動保存已禁用，跳過配置保存
2025-07-31 15:14:12,363 - VALO360 - DEBUG - 自動保存已禁用，跳過配置保存
2025-07-31 15:14:12,363 - VALO360 - DEBUG - 自動保存已禁用，跳過配置保存
2025-07-31 15:14:12,363 - VALO360 - DEBUG - 自動保存已禁用，跳過配置保存
2025-07-31 15:14:12,363 - VALO360 - DEBUG - 自動保存已禁用，跳過配置保存
2025-07-31 15:14:12,363 - VALO360 - DEBUG - 自動保存已禁用，跳過配置保存
2025-07-31 15:14:12,363 - VALO360 - DEBUG - 自動保存已禁用，跳過配置保存
2025-07-31 15:14:12,363 - VALO360 - DEBUG - 自動保存已禁用，跳過配置保存
2025-07-31 15:14:12,363 - VALO360 - DEBUG - 自動保存已禁用，跳過配置保存
2025-07-31 15:14:12,363 - VALO360 - DEBUG - 自動保存已禁用，跳過配置保存
2025-07-31 15:14:12,363 - VALO360 - DEBUG - 自動保存已禁用，跳過配置保存
2025-07-31 15:14:12,363 - VALO360 - DEBUG - 自動保存已禁用，跳過配置保存
2025-07-31 15:14:12,367 - VALO360 - DEBUG - 自動保存已禁用，跳過配置保存
2025-07-31 15:14:12,367 - VALO360 - DEBUG - 自動保存已禁用，跳過配置保存
2025-07-31 15:14:12,367 - VALO360 - DEBUG - 自動保存已禁用，跳過配置保存
2025-07-31 15:14:12,367 - VALO360 - DEBUG - 自動保存已禁用，跳過配置保存
2025-07-31 15:14:12,412 - VALO360 - DEBUG - 自動保存已禁用，跳過配置保存
2025-07-31 15:14:12,412 - VALO360 - DEBUG - 自動保存已禁用，跳過配置保存
2025-07-31 15:14:12,412 - VALO360 - DEBUG - 自動保存已禁用，跳過配置保存
2025-07-31 15:14:12,412 - VALO360 - DEBUG - 自動保存已禁用，跳過配置保存
2025-07-31 15:14:12,416 - VALO360 - DEBUG - 自動保存已禁用，跳過配置保存
2025-07-31 15:14:12,416 - VALO360 - DEBUG - 自動保存已禁用，跳過配置保存
2025-07-31 15:14:12,416 - VALO360 - DEBUG - 自動保存已禁用，跳過配置保存
2025-07-31 15:14:12,416 - VALO360 - DEBUG - 自動保存已禁用，跳過配置保存
2025-07-31 15:14:12,417 - VALO360 - DEBUG - 自動保存已禁用，跳過配置保存
2025-07-31 15:14:12,418 - VALO360 - DEBUG - 自動保存已禁用，跳過配置保存
2025-07-31 15:14:12,418 - VALO360 - DEBUG - 自動保存已禁用，跳過配置保存
2025-07-31 15:14:12,418 - VALO360 - DEBUG - 自動保存已禁用，跳過配置保存
2025-07-31 15:14:12,418 - VALO360 - DEBUG - 自動保存已禁用，跳過配置保存
2025-07-31 15:14:12,418 - VALO360 - DEBUG - 自動保存已禁用，跳過配置保存
2025-07-31 15:14:12,423 - VALO360 - DEBUG - 自動保存已禁用，跳過配置保存
2025-07-31 15:14:12,423 - VALO360 - DEBUG - 自動保存已禁用，跳過配置保存
2025-07-31 15:14:12,427 - VALO360 - DEBUG - 自動保存已禁用，跳過配置保存
2025-07-31 15:14:12,429 - VALO360 - DEBUG - 自動保存已禁用，跳過配置保存
2025-07-31 15:14:12,429 - VALO360 - DEBUG - 自動保存已禁用，跳過配置保存
2025-07-31 15:14:12,429 - VALO360 - DEBUG - 自動保存已禁用，跳過配置保存
2025-07-31 15:14:12,429 - VALO360 - DEBUG - 自動保存已禁用，跳過配置保存
2025-07-31 15:14:12,429 - VALO360 - DEBUG - 自動保存已禁用，跳過配置保存
2025-07-31 15:14:12,429 - VALO360 - DEBUG - 自動保存已禁用，跳過配置保存
2025-07-31 15:14:12,429 - VALO360 - DEBUG - 自動保存已禁用，跳過配置保存
2025-07-31 15:14:12,433 - VALO360 - DEBUG - 自動保存已禁用，跳過配置保存
2025-07-31 15:14:12,433 - VALO360 - DEBUG - 自動保存已禁用，跳過配置保存
2025-07-31 15:14:12,434 - VALO360 - DEBUG - 自動保存已禁用，跳過配置保存
2025-07-31 15:14:12,434 - VALO360 - DEBUG - 自動保存已禁用，跳過配置保存
2025-07-31 15:14:12,448 - VALO360 - DEBUG - 自動保存已禁用，跳過配置保存
2025-07-31 15:14:12,448 - VALO360 - DEBUG - 自動保存已禁用，跳過配置保存
2025-07-31 15:14:12,448 - VALO360 - DEBUG - 自動保存已禁用，跳過配置保存
2025-07-31 15:14:12,449 - VALO360 - DEBUG - 自動保存已禁用，跳過配置保存
2025-07-31 15:14:13,974 - VALO360 - DEBUG - 自動保存已禁用，跳過配置保存
2025-07-31 15:14:13,974 - VALO360 - DEBUG - 自動保存已禁用，跳過配置保存
2025-07-31 15:14:13,975 - VALO360 - DEBUG - 自動保存已禁用，跳過配置保存
2025-07-31 15:14:13,975 - VALO360 - DEBUG - 自動保存已禁用，跳過配置保存
2025-07-31 15:14:14,378 - VALO360 - DEBUG - 自動保存已禁用，跳過配置保存
2025-07-31 15:14:14,383 - VALO360 - DEBUG - 自動保存已禁用，跳過配置保存
2025-07-31 15:14:14,383 - VALO360 - DEBUG - 自動保存已禁用，跳過配置保存
2025-07-31 15:14:14,383 - VALO360 - DEBUG - 自動保存已禁用，跳過配置保存
2025-07-31 15:14:14,389 - VALO360 - DEBUG - 自動保存已禁用，跳過配置保存
2025-07-31 15:14:14,390 - VALO360 - DEBUG - 自動保存已禁用，跳過配置保存
2025-07-31 15:14:14,390 - VALO360 - DEBUG - 自動保存已禁用，跳過配置保存
2025-07-31 15:14:14,390 - VALO360 - DEBUG - 自動保存已禁用，跳過配置保存
2025-07-31 15:14:14,765 - VALO360 - DEBUG - 自動保存已禁用，跳過配置保存
2025-07-31 15:14:14,766 - VALO360 - DEBUG - 自動保存已禁用，跳過配置保存
2025-07-31 15:14:14,766 - VALO360 - DEBUG - 自動保存已禁用，跳過配置保存
2025-07-31 15:14:14,766 - VALO360 - DEBUG - 自動保存已禁用，跳過配置保存
2025-07-31 15:14:14,770 - VALO360 - DEBUG - 自動保存已禁用，跳過配置保存
2025-07-31 15:14:14,770 - VALO360 - DEBUG - 自動保存已禁用，跳過配置保存
2025-07-31 15:14:14,771 - VALO360 - DEBUG - 自動保存已禁用，跳過配置保存
2025-07-31 15:14:14,771 - VALO360 - DEBUG - 自動保存已禁用，跳過配置保存
2025-07-31 15:14:14,778 - VALO360 - DEBUG - 自動保存已禁用，跳過配置保存
2025-07-31 15:14:14,779 - VALO360 - DEBUG - 自動保存已禁用，跳過配置保存
2025-07-31 15:14:14,779 - VALO360 - DEBUG - 自動保存已禁用，跳過配置保存
2025-07-31 15:14:14,779 - VALO360 - DEBUG - 自動保存已禁用，跳過配置保存
2025-07-31 15:14:14,781 - VALO360 - DEBUG - 自動保存已禁用，跳過配置保存
2025-07-31 15:14:14,783 - VALO360 - DEBUG - 自動保存已禁用，跳過配置保存
2025-07-31 15:14:14,783 - VALO360 - DEBUG - 自動保存已禁用，跳過配置保存
2025-07-31 15:14:14,783 - VALO360 - DEBUG - 自動保存已禁用，跳過配置保存
2025-07-31 15:14:14,785 - VALO360 - DEBUG - 自動保存已禁用，跳過配置保存
2025-07-31 15:14:14,786 - VALO360 - DEBUG - 自動保存已禁用，跳過配置保存
2025-07-31 15:14:14,786 - VALO360 - DEBUG - 自動保存已禁用，跳過配置保存
2025-07-31 15:14:14,787 - VALO360 - DEBUG - 自動保存已禁用，跳過配置保存
2025-07-31 15:14:14,793 - VALO360 - DEBUG - 自動保存已禁用，跳過配置保存
2025-07-31 15:14:14,793 - VALO360 - DEBUG - 自動保存已禁用，跳過配置保存
2025-07-31 15:14:14,793 - VALO360 - DEBUG - 自動保存已禁用，跳過配置保存
2025-07-31 15:14:14,793 - VALO360 - DEBUG - 自動保存已禁用，跳過配置保存
2025-07-31 15:14:16,250 - VALO360 - DEBUG - 配置已備份至: backup\setup_backup_20250731_151416.json
2025-07-31 15:14:16,250 - VALO360 - DEBUG - 配置保存成功
2025-07-31 15:14:16,250 - VALO360 - DEBUG - 配置已備份至: backup\setup_backup_20250731_151416.json
2025-07-31 15:14:16,250 - VALO360 - DEBUG - 配置保存成功
2025-07-31 15:14:16,250 - VALO360 - DEBUG - 自動保存已禁用，跳過配置保存
2025-07-31 15:14:16,250 - VALO360 - INFO - 程式關閉時已保存所有待保存的設定
2025-07-31 15:14:16,250 - VALO360 - INFO - 程式正常關閉
2025-07-31 15:14:16,294 - VALO360 - INFO - 資源清理完成
2025-07-31 15:14:16,295 - VALO360 - INFO - 應用程式資源清理完成
