2025-08-17 00:00:09,230 - VALO360 - DEBUG - 找到指令檔: M:\PYTHON\360-command-toola_HOME\Command_TABLE\command.txt
2025-08-17 00:00:09,258 - VALO360 - INFO - 成功載入 94 個指令
2025-08-17 00:00:09,268 - VALO360 - INFO - 運行日誌: main.py 啟動
2025-08-17 00:00:09,269 - VALO360 - INFO - 指令通主程式啟動
2025-08-17 00:00:09,271 - VALO360 - INFO - 運行日誌: 成功 import TabManager
2025-08-17 00:00:09,272 - VALO360 - INFO - UI模組導入成功
2025-08-17 00:00:09,274 - VALO360 - INFO - 日誌系統初始化完成
2025-08-17 00:00:09,274 - VALO360 - DEBUG - ConfigManager: 自動保存已禁用
2025-08-17 00:00:09,274 - VALO360 - INFO - ConfigManager自動保存已禁用
2025-08-17 00:00:09,274 - VALO360 - INFO - 未找到關鍵字高亮設定文件，使用空設定
2025-08-17 00:00:09,341 - VALO360 - DEBUG - 配置已備份至: backup\setup_backup_20250817_000009.json
2025-08-17 00:00:09,343 - VALO360 - DEBUG - 已刪除舊備份: backup\setup_backup_20250816_231340.json
2025-08-17 00:00:09,343 - VALO360 - DEBUG - 配置載入成功
2025-08-17 00:00:09,344 - VALO360 - INFO - 統一設定管理器已初始化
2025-08-17 00:00:09,386 - VALO360 - DEBUG - 找到 3 個COM口: ['COM1', 'COM3', 'COM4']
2025-08-17 00:00:10,117 - VALO360 - DEBUG - 找到 3 個COM口: ['COM1', 'COM3', 'COM4']
2025-08-17 00:00:10,612 - VALO360 - INFO - 應用程式圖示設置成功: M:\PYTHON\360-command-toola_HOME\assets\icon.ico
2025-08-17 00:00:10,612 - VALO360 - INFO - 視窗設置完成: PEGA指令通_1.9.4 (1522x749)
2025-08-17 00:00:10,613 - VALO360 - INFO - 程式啟動時更新標籤頁名稱
2025-08-17 00:00:10,613 - VALO360 - INFO - 應用程式啟動完成，進入主循環
2025-08-17 00:00:10,619 - VALO360 - DEBUG - 找到 3 個COM口: ['COM1', 'COM3', 'COM4']
2025-08-17 00:00:10,620 - VALO360 - DEBUG - 自動保存已禁用，跳過配置保存
2025-08-17 00:00:10,620 - VALO360 - DEBUG - 自動保存已禁用，跳過配置保存
2025-08-17 00:00:10,620 - VALO360 - DEBUG - 自動保存已禁用，跳過配置保存
2025-08-17 00:00:10,621 - VALO360 - DEBUG - 自動保存已禁用，跳過配置保存
2025-08-17 00:00:10,660 - VALO360 - DEBUG - 自動保存已禁用，跳過配置保存
2025-08-17 00:00:10,661 - VALO360 - DEBUG - 自動保存已禁用，跳過配置保存
2025-08-17 00:00:10,661 - VALO360 - DEBUG - 自動保存已禁用，跳過配置保存
2025-08-17 00:00:10,661 - VALO360 - DEBUG - 自動保存已禁用，跳過配置保存
2025-08-17 00:00:10,668 - VALO360 - DEBUG - 自動保存已禁用，跳過配置保存
2025-08-17 00:00:10,669 - VALO360 - DEBUG - 自動保存已禁用，跳過配置保存
2025-08-17 00:00:10,669 - VALO360 - DEBUG - 自動保存已禁用，跳過配置保存
2025-08-17 00:00:10,669 - VALO360 - DEBUG - 自動保存已禁用，跳過配置保存
2025-08-17 00:00:10,670 - VALO360 - DEBUG - 自動保存已禁用，跳過配置保存
2025-08-17 00:00:10,670 - VALO360 - DEBUG - 自動保存已禁用，跳過配置保存
2025-08-17 00:00:10,670 - VALO360 - DEBUG - 自動保存已禁用，跳過配置保存
2025-08-17 00:00:10,670 - VALO360 - DEBUG - 自動保存已禁用，跳過配置保存
2025-08-17 00:00:10,671 - VALO360 - DEBUG - 自動保存已禁用，跳過配置保存
2025-08-17 00:00:10,671 - VALO360 - DEBUG - 自動保存已禁用，跳過配置保存
2025-08-17 00:00:10,671 - VALO360 - DEBUG - 自動保存已禁用，跳過配置保存
2025-08-17 00:00:10,671 - VALO360 - DEBUG - 自動保存已禁用，跳過配置保存
2025-08-17 00:00:10,672 - VALO360 - DEBUG - 自動保存已禁用，跳過配置保存
2025-08-17 00:00:10,672 - VALO360 - DEBUG - 自動保存已禁用，跳過配置保存
2025-08-17 00:00:10,672 - VALO360 - DEBUG - 自動保存已禁用，跳過配置保存
2025-08-17 00:00:10,672 - VALO360 - DEBUG - 自動保存已禁用，跳過配置保存
2025-08-17 00:00:10,673 - VALO360 - DEBUG - 自動保存已禁用，跳過配置保存
2025-08-17 00:00:10,673 - VALO360 - DEBUG - 自動保存已禁用，跳過配置保存
2025-08-17 00:00:10,673 - VALO360 - DEBUG - 自動保存已禁用，跳過配置保存
2025-08-17 00:00:10,673 - VALO360 - DEBUG - 自動保存已禁用，跳過配置保存
2025-08-17 00:00:10,674 - VALO360 - DEBUG - 自動保存已禁用，跳過配置保存
2025-08-17 00:00:10,674 - VALO360 - DEBUG - 自動保存已禁用，跳過配置保存
2025-08-17 00:00:10,674 - VALO360 - DEBUG - 自動保存已禁用，跳過配置保存
2025-08-17 00:00:10,675 - VALO360 - DEBUG - 自動保存已禁用，跳過配置保存
2025-08-17 00:00:10,675 - VALO360 - DEBUG - 自動保存已禁用，跳過配置保存
2025-08-17 00:00:10,675 - VALO360 - DEBUG - 自動保存已禁用，跳過配置保存
2025-08-17 00:00:10,675 - VALO360 - DEBUG - 自動保存已禁用，跳過配置保存
2025-08-17 00:00:10,676 - VALO360 - DEBUG - 自動保存已禁用，跳過配置保存
2025-08-17 00:00:10,676 - VALO360 - DEBUG - 自動保存已禁用，跳過配置保存
2025-08-17 00:00:10,676 - VALO360 - DEBUG - 自動保存已禁用，跳過配置保存
2025-08-17 00:00:10,676 - VALO360 - DEBUG - 自動保存已禁用，跳過配置保存
2025-08-17 00:00:10,677 - VALO360 - DEBUG - 自動保存已禁用，跳過配置保存
2025-08-17 00:00:10,677 - VALO360 - DEBUG - 自動保存已禁用，跳過配置保存
2025-08-17 00:00:10,677 - VALO360 - DEBUG - 自動保存已禁用，跳過配置保存
2025-08-17 00:00:10,677 - VALO360 - DEBUG - 自動保存已禁用，跳過配置保存
2025-08-17 00:00:10,678 - VALO360 - DEBUG - 自動保存已禁用，跳過配置保存
2025-08-17 00:00:10,678 - VALO360 - DEBUG - 自動保存已禁用，跳過配置保存
2025-08-17 00:00:10,678 - VALO360 - DEBUG - 自動保存已禁用，跳過配置保存
2025-08-17 00:00:10,679 - VALO360 - DEBUG - 自動保存已禁用，跳過配置保存
2025-08-17 00:00:10,679 - VALO360 - DEBUG - 自動保存已禁用，跳過配置保存
2025-08-17 00:00:10,680 - VALO360 - DEBUG - 自動保存已禁用，跳過配置保存
2025-08-17 00:00:10,680 - VALO360 - DEBUG - 自動保存已禁用，跳過配置保存
2025-08-17 00:00:10,680 - VALO360 - DEBUG - 自動保存已禁用，跳過配置保存
2025-08-17 00:00:10,680 - VALO360 - DEBUG - 自動保存已禁用，跳過配置保存
2025-08-17 00:00:10,681 - VALO360 - DEBUG - 自動保存已禁用，跳過配置保存
2025-08-17 00:00:10,682 - VALO360 - DEBUG - 自動保存已禁用，跳過配置保存
2025-08-17 00:00:10,682 - VALO360 - DEBUG - 自動保存已禁用，跳過配置保存
2025-08-17 00:00:10,682 - VALO360 - DEBUG - 自動保存已禁用，跳過配置保存
2025-08-17 00:00:10,682 - VALO360 - DEBUG - 自動保存已禁用，跳過配置保存
2025-08-17 00:00:10,683 - VALO360 - DEBUG - 自動保存已禁用，跳過配置保存
2025-08-17 00:00:10,683 - VALO360 - DEBUG - 自動保存已禁用，跳過配置保存
2025-08-17 00:00:10,683 - VALO360 - DEBUG - 自動保存已禁用，跳過配置保存
2025-08-17 00:00:10,684 - VALO360 - DEBUG - 自動保存已禁用，跳過配置保存
2025-08-17 00:00:10,684 - VALO360 - DEBUG - 自動保存已禁用，跳過配置保存
2025-08-17 00:00:10,684 - VALO360 - DEBUG - 自動保存已禁用，跳過配置保存
2025-08-17 00:00:10,684 - VALO360 - DEBUG - 自動保存已禁用，跳過配置保存
2025-08-17 00:00:10,685 - VALO360 - DEBUG - 自動保存已禁用，跳過配置保存
2025-08-17 00:00:10,685 - VALO360 - DEBUG - 自動保存已禁用，跳過配置保存
2025-08-17 00:00:10,685 - VALO360 - DEBUG - 自動保存已禁用，跳過配置保存
2025-08-17 00:00:10,685 - VALO360 - DEBUG - 自動保存已禁用，跳過配置保存
2025-08-17 00:00:10,686 - VALO360 - DEBUG - 自動保存已禁用，跳過配置保存
2025-08-17 00:00:10,686 - VALO360 - DEBUG - 自動保存已禁用，跳過配置保存
2025-08-17 00:00:10,687 - VALO360 - DEBUG - 自動保存已禁用，跳過配置保存
2025-08-17 00:00:10,687 - VALO360 - DEBUG - 自動保存已禁用，跳過配置保存
2025-08-17 00:00:10,688 - VALO360 - DEBUG - 自動保存已禁用，跳過配置保存
2025-08-17 00:00:10,688 - VALO360 - DEBUG - 自動保存已禁用，跳過配置保存
2025-08-17 00:00:10,688 - VALO360 - DEBUG - 自動保存已禁用，跳過配置保存
2025-08-17 00:00:10,688 - VALO360 - DEBUG - 自動保存已禁用，跳過配置保存
2025-08-17 00:00:10,689 - VALO360 - DEBUG - 自動保存已禁用，跳過配置保存
2025-08-17 00:00:10,689 - VALO360 - DEBUG - 自動保存已禁用，跳過配置保存
2025-08-17 00:00:10,689 - VALO360 - DEBUG - 自動保存已禁用，跳過配置保存
2025-08-17 00:00:10,689 - VALO360 - DEBUG - 自動保存已禁用，跳過配置保存
2025-08-17 00:00:10,690 - VALO360 - DEBUG - 自動保存已禁用，跳過配置保存
2025-08-17 00:00:10,690 - VALO360 - DEBUG - 自動保存已禁用，跳過配置保存
2025-08-17 00:00:10,691 - VALO360 - DEBUG - 自動保存已禁用，跳過配置保存
2025-08-17 00:00:10,691 - VALO360 - DEBUG - 自動保存已禁用，跳過配置保存
2025-08-17 00:00:10,691 - VALO360 - DEBUG - 自動保存已禁用，跳過配置保存
2025-08-17 00:00:10,691 - VALO360 - DEBUG - 自動保存已禁用，跳過配置保存
2025-08-17 00:00:10,692 - VALO360 - DEBUG - 自動保存已禁用，跳過配置保存
2025-08-17 00:00:10,692 - VALO360 - DEBUG - 自動保存已禁用，跳過配置保存
2025-08-17 00:00:10,692 - VALO360 - DEBUG - 自動保存已禁用，跳過配置保存
2025-08-17 00:00:10,693 - VALO360 - DEBUG - 自動保存已禁用，跳過配置保存
2025-08-17 00:00:10,693 - VALO360 - DEBUG - 自動保存已禁用，跳過配置保存
2025-08-17 00:00:10,693 - VALO360 - DEBUG - 自動保存已禁用，跳過配置保存
2025-08-17 00:00:10,694 - VALO360 - DEBUG - 自動保存已禁用，跳過配置保存
2025-08-17 00:00:10,694 - VALO360 - DEBUG - 自動保存已禁用，跳過配置保存
2025-08-17 00:00:10,694 - VALO360 - DEBUG - 自動保存已禁用，跳過配置保存
2025-08-17 00:00:10,694 - VALO360 - DEBUG - 自動保存已禁用，跳過配置保存
2025-08-17 00:00:10,695 - VALO360 - DEBUG - 自動保存已禁用，跳過配置保存
2025-08-17 00:00:10,695 - VALO360 - DEBUG - 自動保存已禁用，跳過配置保存
2025-08-17 00:00:10,695 - VALO360 - DEBUG - 自動保存已禁用，跳過配置保存
2025-08-17 00:00:10,695 - VALO360 - DEBUG - 自動保存已禁用，跳過配置保存
2025-08-17 00:00:10,696 - VALO360 - DEBUG - 自動保存已禁用，跳過配置保存
2025-08-17 00:00:10,696 - VALO360 - DEBUG - 自動保存已禁用，跳過配置保存
2025-08-17 00:00:10,696 - VALO360 - DEBUG - 自動保存已禁用，跳過配置保存
2025-08-17 00:00:10,697 - VALO360 - DEBUG - 自動保存已禁用，跳過配置保存
2025-08-17 00:00:10,697 - VALO360 - DEBUG - 自動保存已禁用，跳過配置保存
2025-08-17 00:00:10,697 - VALO360 - DEBUG - 自動保存已禁用，跳過配置保存
2025-08-17 00:00:10,697 - VALO360 - DEBUG - 自動保存已禁用，跳過配置保存
2025-08-17 00:00:10,698 - VALO360 - DEBUG - 自動保存已禁用，跳過配置保存
2025-08-17 00:00:10,698 - VALO360 - DEBUG - 自動保存已禁用，跳過配置保存
2025-08-17 00:00:10,698 - VALO360 - DEBUG - 自動保存已禁用，跳過配置保存
2025-08-17 00:00:10,699 - VALO360 - DEBUG - 自動保存已禁用，跳過配置保存
2025-08-17 00:00:10,699 - VALO360 - DEBUG - 自動保存已禁用，跳過配置保存
2025-08-17 00:00:10,699 - VALO360 - DEBUG - 自動保存已禁用，跳過配置保存
2025-08-17 00:00:10,699 - VALO360 - DEBUG - 自動保存已禁用，跳過配置保存
2025-08-17 00:00:10,700 - VALO360 - DEBUG - 自動保存已禁用，跳過配置保存
2025-08-17 00:00:10,700 - VALO360 - DEBUG - 自動保存已禁用，跳過配置保存
2025-08-17 00:00:10,700 - VALO360 - DEBUG - 自動保存已禁用，跳過配置保存
2025-08-17 00:00:10,701 - VALO360 - DEBUG - 自動保存已禁用，跳過配置保存
2025-08-17 00:00:10,701 - VALO360 - DEBUG - 自動保存已禁用，跳過配置保存
2025-08-17 00:00:10,701 - VALO360 - DEBUG - 自動保存已禁用，跳過配置保存
2025-08-17 00:00:10,701 - VALO360 - DEBUG - 自動保存已禁用，跳過配置保存
2025-08-17 00:00:10,702 - VALO360 - DEBUG - 自動保存已禁用，跳過配置保存
2025-08-17 00:00:10,702 - VALO360 - DEBUG - 自動保存已禁用，跳過配置保存
2025-08-17 00:00:10,702 - VALO360 - DEBUG - 自動保存已禁用，跳過配置保存
2025-08-17 00:00:10,702 - VALO360 - DEBUG - 自動保存已禁用，跳過配置保存
2025-08-17 00:00:10,703 - VALO360 - DEBUG - 自動保存已禁用，跳過配置保存
2025-08-17 00:00:10,703 - VALO360 - DEBUG - 自動保存已禁用，跳過配置保存
2025-08-17 00:00:10,703 - VALO360 - DEBUG - 自動保存已禁用，跳過配置保存
2025-08-17 00:00:10,703 - VALO360 - DEBUG - 自動保存已禁用，跳過配置保存
2025-08-17 00:00:10,704 - VALO360 - DEBUG - 自動保存已禁用，跳過配置保存
2025-08-17 00:00:10,704 - VALO360 - DEBUG - 自動保存已禁用，跳過配置保存
2025-08-17 00:00:10,704 - VALO360 - DEBUG - 自動保存已禁用，跳過配置保存
2025-08-17 00:00:10,704 - VALO360 - DEBUG - 自動保存已禁用，跳過配置保存
2025-08-17 00:00:10,705 - VALO360 - DEBUG - 自動保存已禁用，跳過配置保存
2025-08-17 00:00:10,705 - VALO360 - DEBUG - 自動保存已禁用，跳過配置保存
2025-08-17 00:00:10,705 - VALO360 - DEBUG - 自動保存已禁用，跳過配置保存
2025-08-17 00:00:10,706 - VALO360 - DEBUG - 自動保存已禁用，跳過配置保存
2025-08-17 00:00:10,706 - VALO360 - DEBUG - 自動保存已禁用，跳過配置保存
2025-08-17 00:00:10,706 - VALO360 - DEBUG - 自動保存已禁用，跳過配置保存
2025-08-17 00:00:10,706 - VALO360 - DEBUG - 自動保存已禁用，跳過配置保存
2025-08-17 00:00:10,707 - VALO360 - DEBUG - 自動保存已禁用，跳過配置保存
2025-08-17 00:00:10,707 - VALO360 - DEBUG - 自動保存已禁用，跳過配置保存
2025-08-17 00:00:10,707 - VALO360 - DEBUG - 自動保存已禁用，跳過配置保存
2025-08-17 00:00:10,707 - VALO360 - DEBUG - 自動保存已禁用，跳過配置保存
2025-08-17 00:00:10,708 - VALO360 - DEBUG - 自動保存已禁用，跳過配置保存
2025-08-17 00:00:10,708 - VALO360 - DEBUG - 自動保存已禁用，跳過配置保存
2025-08-17 00:00:10,708 - VALO360 - DEBUG - 自動保存已禁用，跳過配置保存
2025-08-17 00:00:10,708 - VALO360 - DEBUG - 自動保存已禁用，跳過配置保存
2025-08-17 00:00:10,709 - VALO360 - DEBUG - 自動保存已禁用，跳過配置保存
2025-08-17 00:00:10,709 - VALO360 - DEBUG - 自動保存已禁用，跳過配置保存
2025-08-17 00:00:10,709 - VALO360 - DEBUG - 自動保存已禁用，跳過配置保存
2025-08-17 00:00:10,710 - VALO360 - DEBUG - 自動保存已禁用，跳過配置保存
2025-08-17 00:00:10,710 - VALO360 - DEBUG - 自動保存已禁用，跳過配置保存
2025-08-17 00:00:10,710 - VALO360 - DEBUG - 自動保存已禁用，跳過配置保存
2025-08-17 00:00:10,710 - VALO360 - DEBUG - 自動保存已禁用，跳過配置保存
2025-08-17 00:00:10,711 - VALO360 - DEBUG - 自動保存已禁用，跳過配置保存
2025-08-17 00:00:10,711 - VALO360 - DEBUG - 自動保存已禁用，跳過配置保存
2025-08-17 00:00:10,711 - VALO360 - DEBUG - 自動保存已禁用，跳過配置保存
2025-08-17 00:00:10,712 - VALO360 - DEBUG - 自動保存已禁用，跳過配置保存
2025-08-17 00:00:10,712 - VALO360 - DEBUG - 自動保存已禁用，跳過配置保存
2025-08-17 00:00:10,712 - VALO360 - DEBUG - 自動保存已禁用，跳過配置保存
2025-08-17 00:00:10,712 - VALO360 - DEBUG - 自動保存已禁用，跳過配置保存
2025-08-17 00:00:10,713 - VALO360 - DEBUG - 自動保存已禁用，跳過配置保存
2025-08-17 00:00:10,713 - VALO360 - DEBUG - 自動保存已禁用，跳過配置保存
2025-08-17 00:00:10,713 - VALO360 - DEBUG - 自動保存已禁用，跳過配置保存
2025-08-17 00:00:10,714 - VALO360 - DEBUG - 自動保存已禁用，跳過配置保存
2025-08-17 00:00:10,714 - VALO360 - DEBUG - 自動保存已禁用，跳過配置保存
2025-08-17 00:00:10,714 - VALO360 - DEBUG - 自動保存已禁用，跳過配置保存
2025-08-17 00:00:10,714 - VALO360 - DEBUG - 自動保存已禁用，跳過配置保存
2025-08-17 00:00:10,715 - VALO360 - DEBUG - 自動保存已禁用，跳過配置保存
2025-08-17 00:00:10,715 - VALO360 - DEBUG - 自動保存已禁用，跳過配置保存
2025-08-17 00:00:10,715 - VALO360 - DEBUG - 自動保存已禁用，跳過配置保存
2025-08-17 00:00:10,715 - VALO360 - DEBUG - 自動保存已禁用，跳過配置保存
2025-08-17 00:00:10,716 - VALO360 - DEBUG - 自動保存已禁用，跳過配置保存
2025-08-17 00:00:10,716 - VALO360 - DEBUG - 自動保存已禁用，跳過配置保存
2025-08-17 00:00:10,716 - VALO360 - DEBUG - 自動保存已禁用，跳過配置保存
2025-08-17 00:00:10,716 - VALO360 - DEBUG - 自動保存已禁用，跳過配置保存
2025-08-17 00:00:10,717 - VALO360 - DEBUG - 自動保存已禁用，跳過配置保存
2025-08-17 00:00:10,717 - VALO360 - DEBUG - 自動保存已禁用，跳過配置保存
2025-08-17 00:00:10,717 - VALO360 - DEBUG - 自動保存已禁用，跳過配置保存
2025-08-17 00:00:10,718 - VALO360 - DEBUG - 自動保存已禁用，跳過配置保存
2025-08-17 00:00:10,718 - VALO360 - DEBUG - 自動保存已禁用，跳過配置保存
2025-08-17 00:00:10,718 - VALO360 - DEBUG - 自動保存已禁用，跳過配置保存
2025-08-17 00:00:10,718 - VALO360 - DEBUG - 自動保存已禁用，跳過配置保存
2025-08-17 00:00:10,719 - VALO360 - DEBUG - 自動保存已禁用，跳過配置保存
2025-08-17 00:00:10,719 - VALO360 - DEBUG - 自動保存已禁用，跳過配置保存
2025-08-17 00:00:10,719 - VALO360 - DEBUG - 自動保存已禁用，跳過配置保存
2025-08-17 00:00:10,719 - VALO360 - DEBUG - 自動保存已禁用，跳過配置保存
2025-08-17 00:00:10,720 - VALO360 - DEBUG - 自動保存已禁用，跳過配置保存
2025-08-17 00:00:10,720 - VALO360 - DEBUG - 自動保存已禁用，跳過配置保存
2025-08-17 00:00:10,720 - VALO360 - DEBUG - 自動保存已禁用，跳過配置保存
2025-08-17 00:00:10,720 - VALO360 - DEBUG - 自動保存已禁用，跳過配置保存
2025-08-17 00:00:10,721 - VALO360 - DEBUG - 自動保存已禁用，跳過配置保存
2025-08-17 00:00:10,721 - VALO360 - DEBUG - 自動保存已禁用，跳過配置保存
2025-08-17 00:00:10,721 - VALO360 - DEBUG - 自動保存已禁用，跳過配置保存
2025-08-17 00:00:10,721 - VALO360 - DEBUG - 自動保存已禁用，跳過配置保存
2025-08-17 00:00:10,722 - VALO360 - DEBUG - 自動保存已禁用，跳過配置保存
2025-08-17 00:00:10,722 - VALO360 - DEBUG - 自動保存已禁用，跳過配置保存
2025-08-17 00:00:10,722 - VALO360 - DEBUG - 自動保存已禁用，跳過配置保存
2025-08-17 00:00:10,723 - VALO360 - DEBUG - 自動保存已禁用，跳過配置保存
2025-08-17 00:00:10,723 - VALO360 - DEBUG - 自動保存已禁用，跳過配置保存
2025-08-17 00:00:10,723 - VALO360 - DEBUG - 自動保存已禁用，跳過配置保存
2025-08-17 00:00:10,724 - VALO360 - DEBUG - 自動保存已禁用，跳過配置保存
2025-08-17 00:00:10,724 - VALO360 - DEBUG - 自動保存已禁用，跳過配置保存
2025-08-17 00:00:10,724 - VALO360 - DEBUG - 自動保存已禁用，跳過配置保存
2025-08-17 00:00:10,725 - VALO360 - DEBUG - 自動保存已禁用，跳過配置保存
2025-08-17 00:00:10,725 - VALO360 - DEBUG - 自動保存已禁用，跳過配置保存
2025-08-17 00:00:10,725 - VALO360 - DEBUG - 自動保存已禁用，跳過配置保存
2025-08-17 00:00:10,725 - VALO360 - DEBUG - 自動保存已禁用，跳過配置保存
2025-08-17 00:00:10,726 - VALO360 - DEBUG - 自動保存已禁用，跳過配置保存
2025-08-17 00:00:10,726 - VALO360 - DEBUG - 自動保存已禁用，跳過配置保存
2025-08-17 00:00:10,726 - VALO360 - DEBUG - 自動保存已禁用，跳過配置保存
2025-08-17 00:00:10,726 - VALO360 - DEBUG - 自動保存已禁用，跳過配置保存
2025-08-17 00:00:10,727 - VALO360 - DEBUG - 自動保存已禁用，跳過配置保存
2025-08-17 00:00:10,727 - VALO360 - DEBUG - 自動保存已禁用，跳過配置保存
2025-08-17 00:00:10,727 - VALO360 - DEBUG - 自動保存已禁用，跳過配置保存
2025-08-17 00:00:10,728 - VALO360 - DEBUG - 自動保存已禁用，跳過配置保存
2025-08-17 00:00:10,728 - VALO360 - DEBUG - 自動保存已禁用，跳過配置保存
2025-08-17 00:00:10,728 - VALO360 - DEBUG - 自動保存已禁用，跳過配置保存
2025-08-17 00:00:10,728 - VALO360 - DEBUG - 自動保存已禁用，跳過配置保存
2025-08-17 00:00:10,731 - VALO360 - DEBUG - 自動保存已禁用，跳過配置保存
2025-08-17 00:00:10,732 - VALO360 - DEBUG - 自動保存已禁用，跳過配置保存
2025-08-17 00:00:10,732 - VALO360 - DEBUG - 自動保存已禁用，跳過配置保存
2025-08-17 00:00:10,732 - VALO360 - DEBUG - 自動保存已禁用，跳過配置保存
2025-08-17 00:00:10,733 - VALO360 - DEBUG - 自動保存已禁用，跳過配置保存
2025-08-17 00:00:10,733 - VALO360 - DEBUG - 自動保存已禁用，跳過配置保存
2025-08-17 00:00:10,733 - VALO360 - DEBUG - 自動保存已禁用，跳過配置保存
2025-08-17 00:00:10,733 - VALO360 - DEBUG - 自動保存已禁用，跳過配置保存
2025-08-17 00:00:10,734 - VALO360 - DEBUG - 自動保存已禁用，跳過配置保存
2025-08-17 00:00:10,734 - VALO360 - DEBUG - 自動保存已禁用，跳過配置保存
2025-08-17 00:00:10,734 - VALO360 - DEBUG - 自動保存已禁用，跳過配置保存
2025-08-17 00:00:10,734 - VALO360 - DEBUG - 自動保存已禁用，跳過配置保存
2025-08-17 00:00:10,735 - VALO360 - DEBUG - 自動保存已禁用，跳過配置保存
2025-08-17 00:00:10,735 - VALO360 - DEBUG - 自動保存已禁用，跳過配置保存
2025-08-17 00:00:10,735 - VALO360 - DEBUG - 自動保存已禁用，跳過配置保存
2025-08-17 00:00:10,735 - VALO360 - DEBUG - 自動保存已禁用，跳過配置保存
2025-08-17 00:00:10,736 - VALO360 - DEBUG - 自動保存已禁用，跳過配置保存
2025-08-17 00:00:10,736 - VALO360 - DEBUG - 自動保存已禁用，跳過配置保存
2025-08-17 00:00:10,736 - VALO360 - DEBUG - 自動保存已禁用，跳過配置保存
2025-08-17 00:00:10,736 - VALO360 - DEBUG - 自動保存已禁用，跳過配置保存
2025-08-17 00:00:10,749 - VALO360 - DEBUG - 自動保存已禁用，跳過配置保存
2025-08-17 00:00:10,750 - VALO360 - DEBUG - 自動保存已禁用，跳過配置保存
2025-08-17 00:00:10,751 - VALO360 - DEBUG - 自動保存已禁用，跳過配置保存
2025-08-17 00:00:10,751 - VALO360 - DEBUG - 自動保存已禁用，跳過配置保存
2025-08-17 00:00:10,752 - VALO360 - DEBUG - 自動保存已禁用，跳過配置保存
2025-08-17 00:00:10,752 - VALO360 - DEBUG - 自動保存已禁用，跳過配置保存
2025-08-17 00:00:10,753 - VALO360 - DEBUG - 自動保存已禁用，跳過配置保存
2025-08-17 00:00:10,754 - VALO360 - DEBUG - 自動保存已禁用，跳過配置保存
2025-08-17 00:00:10,755 - VALO360 - DEBUG - 自動保存已禁用，跳過配置保存
2025-08-17 00:00:10,755 - VALO360 - DEBUG - 自動保存已禁用，跳過配置保存
2025-08-17 00:00:10,758 - VALO360 - DEBUG - 自動保存已禁用，跳過配置保存
2025-08-17 00:00:10,759 - VALO360 - DEBUG - 自動保存已禁用，跳過配置保存
2025-08-17 00:00:10,760 - VALO360 - DEBUG - 自動保存已禁用，跳過配置保存
2025-08-17 00:00:10,760 - VALO360 - DEBUG - 自動保存已禁用，跳過配置保存
2025-08-17 00:00:10,761 - VALO360 - DEBUG - 自動保存已禁用，跳過配置保存
2025-08-17 00:00:10,761 - VALO360 - DEBUG - 自動保存已禁用，跳過配置保存
2025-08-17 00:00:10,766 - VALO360 - DEBUG - 自動保存已禁用，跳過配置保存
2025-08-17 00:00:10,767 - VALO360 - DEBUG - 自動保存已禁用，跳過配置保存
2025-08-17 00:00:10,767 - VALO360 - DEBUG - 自動保存已禁用，跳過配置保存
2025-08-17 00:00:10,768 - VALO360 - DEBUG - 自動保存已禁用，跳過配置保存
2025-08-17 00:00:10,769 - VALO360 - DEBUG - 自動保存已禁用，跳過配置保存
2025-08-17 00:00:10,769 - VALO360 - DEBUG - 自動保存已禁用，跳過配置保存
2025-08-17 00:00:10,769 - VALO360 - DEBUG - 自動保存已禁用，跳過配置保存
2025-08-17 00:00:10,769 - VALO360 - DEBUG - 自動保存已禁用，跳過配置保存
2025-08-17 00:00:10,770 - VALO360 - DEBUG - 自動保存已禁用，跳過配置保存
2025-08-17 00:00:10,771 - VALO360 - DEBUG - 自動保存已禁用，跳過配置保存
2025-08-17 00:00:10,771 - VALO360 - DEBUG - 自動保存已禁用，跳過配置保存
2025-08-17 00:00:10,771 - VALO360 - DEBUG - 自動保存已禁用，跳過配置保存
2025-08-17 00:00:10,773 - VALO360 - DEBUG - 自動保存已禁用，跳過配置保存
2025-08-17 00:00:10,773 - VALO360 - DEBUG - 自動保存已禁用，跳過配置保存
2025-08-17 00:00:10,773 - VALO360 - DEBUG - 自動保存已禁用，跳過配置保存
2025-08-17 00:00:10,774 - VALO360 - DEBUG - 自動保存已禁用，跳過配置保存
2025-08-17 00:00:10,775 - VALO360 - DEBUG - 自動保存已禁用，跳過配置保存
2025-08-17 00:00:10,775 - VALO360 - DEBUG - 自動保存已禁用，跳過配置保存
2025-08-17 00:00:10,775 - VALO360 - DEBUG - 自動保存已禁用，跳過配置保存
2025-08-17 00:00:10,776 - VALO360 - DEBUG - 自動保存已禁用，跳過配置保存
2025-08-17 00:00:10,776 - VALO360 - DEBUG - 自動保存已禁用，跳過配置保存
2025-08-17 00:00:10,777 - VALO360 - DEBUG - 自動保存已禁用，跳過配置保存
2025-08-17 00:00:10,777 - VALO360 - DEBUG - 自動保存已禁用，跳過配置保存
2025-08-17 00:00:10,777 - VALO360 - DEBUG - 自動保存已禁用，跳過配置保存
2025-08-17 00:00:10,778 - VALO360 - DEBUG - 自動保存已禁用，跳過配置保存
2025-08-17 00:00:10,778 - VALO360 - DEBUG - 自動保存已禁用，跳過配置保存
2025-08-17 00:00:10,779 - VALO360 - DEBUG - 自動保存已禁用，跳過配置保存
2025-08-17 00:00:10,779 - VALO360 - DEBUG - 自動保存已禁用，跳過配置保存
2025-08-17 00:00:10,780 - VALO360 - DEBUG - 自動保存已禁用，跳過配置保存
2025-08-17 00:00:10,781 - VALO360 - DEBUG - 自動保存已禁用，跳過配置保存
2025-08-17 00:00:10,781 - VALO360 - DEBUG - 自動保存已禁用，跳過配置保存
2025-08-17 00:00:10,782 - VALO360 - DEBUG - 自動保存已禁用，跳過配置保存
2025-08-17 00:00:10,782 - VALO360 - DEBUG - 自動保存已禁用，跳過配置保存
2025-08-17 00:00:10,783 - VALO360 - DEBUG - 自動保存已禁用，跳過配置保存
2025-08-17 00:00:10,783 - VALO360 - DEBUG - 自動保存已禁用，跳過配置保存
2025-08-17 00:00:10,783 - VALO360 - DEBUG - 自動保存已禁用，跳過配置保存
2025-08-17 00:00:10,784 - VALO360 - DEBUG - 自動保存已禁用，跳過配置保存
2025-08-17 00:00:10,785 - VALO360 - DEBUG - 自動保存已禁用，跳過配置保存
2025-08-17 00:00:10,785 - VALO360 - DEBUG - 自動保存已禁用，跳過配置保存
2025-08-17 00:00:10,785 - VALO360 - DEBUG - 自動保存已禁用，跳過配置保存
2025-08-17 00:00:10,786 - VALO360 - DEBUG - 自動保存已禁用，跳過配置保存
2025-08-17 00:00:10,786 - VALO360 - DEBUG - 自動保存已禁用，跳過配置保存
2025-08-17 00:00:10,787 - VALO360 - DEBUG - 自動保存已禁用，跳過配置保存
2025-08-17 00:00:10,787 - VALO360 - DEBUG - 自動保存已禁用，跳過配置保存
2025-08-17 00:00:10,788 - VALO360 - DEBUG - 自動保存已禁用，跳過配置保存
2025-08-17 00:00:10,788 - VALO360 - DEBUG - 自動保存已禁用，跳過配置保存
2025-08-17 00:00:10,788 - VALO360 - DEBUG - 自動保存已禁用，跳過配置保存
2025-08-17 00:00:10,788 - VALO360 - DEBUG - 自動保存已禁用，跳過配置保存
2025-08-17 00:00:10,789 - VALO360 - DEBUG - 自動保存已禁用，跳過配置保存
2025-08-17 00:00:10,789 - VALO360 - DEBUG - 自動保存已禁用，跳過配置保存
2025-08-17 00:00:10,790 - VALO360 - DEBUG - 自動保存已禁用，跳過配置保存
2025-08-17 00:00:10,790 - VALO360 - DEBUG - 自動保存已禁用，跳過配置保存
2025-08-17 00:00:10,790 - VALO360 - DEBUG - 自動保存已禁用，跳過配置保存
2025-08-17 00:00:10,791 - VALO360 - DEBUG - 自動保存已禁用，跳過配置保存
2025-08-17 00:00:10,791 - VALO360 - DEBUG - 自動保存已禁用，跳過配置保存
2025-08-17 00:00:10,791 - VALO360 - DEBUG - 自動保存已禁用，跳過配置保存
2025-08-17 00:00:10,792 - VALO360 - DEBUG - 自動保存已禁用，跳過配置保存
2025-08-17 00:00:10,792 - VALO360 - DEBUG - 自動保存已禁用，跳過配置保存
2025-08-17 00:00:10,793 - VALO360 - DEBUG - 自動保存已禁用，跳過配置保存
2025-08-17 00:00:10,793 - VALO360 - DEBUG - 自動保存已禁用，跳過配置保存
2025-08-17 00:00:10,793 - VALO360 - DEBUG - 自動保存已禁用，跳過配置保存
2025-08-17 00:00:10,794 - VALO360 - DEBUG - 自動保存已禁用，跳過配置保存
2025-08-17 00:00:10,794 - VALO360 - DEBUG - 自動保存已禁用，跳過配置保存
2025-08-17 00:00:10,794 - VALO360 - DEBUG - 自動保存已禁用，跳過配置保存
2025-08-17 00:00:10,804 - VALO360 - DEBUG - 自動保存已禁用，跳過配置保存
2025-08-17 00:00:10,804 - VALO360 - DEBUG - 自動保存已禁用，跳過配置保存
2025-08-17 00:00:10,805 - VALO360 - DEBUG - 自動保存已禁用，跳過配置保存
2025-08-17 00:00:10,805 - VALO360 - DEBUG - 自動保存已禁用，跳過配置保存
2025-08-17 00:00:10,806 - VALO360 - DEBUG - 自動保存已禁用，跳過配置保存
2025-08-17 00:00:10,806 - VALO360 - DEBUG - 自動保存已禁用，跳過配置保存
2025-08-17 00:00:10,807 - VALO360 - DEBUG - 自動保存已禁用，跳過配置保存
2025-08-17 00:00:10,807 - VALO360 - DEBUG - 自動保存已禁用，跳過配置保存
2025-08-17 00:00:10,808 - VALO360 - DEBUG - 自動保存已禁用，跳過配置保存
2025-08-17 00:00:10,808 - VALO360 - DEBUG - 自動保存已禁用，跳過配置保存
2025-08-17 00:00:10,808 - VALO360 - DEBUG - 自動保存已禁用，跳過配置保存
2025-08-17 00:00:10,809 - VALO360 - DEBUG - 自動保存已禁用，跳過配置保存
2025-08-17 00:00:10,809 - VALO360 - DEBUG - 自動保存已禁用，跳過配置保存
2025-08-17 00:00:10,810 - VALO360 - DEBUG - 自動保存已禁用，跳過配置保存
2025-08-17 00:00:10,810 - VALO360 - DEBUG - 自動保存已禁用，跳過配置保存
2025-08-17 00:00:10,810 - VALO360 - DEBUG - 自動保存已禁用，跳過配置保存
2025-08-17 00:00:10,811 - VALO360 - DEBUG - 自動保存已禁用，跳過配置保存
2025-08-17 00:00:10,812 - VALO360 - DEBUG - 自動保存已禁用，跳過配置保存
2025-08-17 00:00:10,812 - VALO360 - DEBUG - 自動保存已禁用，跳過配置保存
2025-08-17 00:00:10,812 - VALO360 - DEBUG - 自動保存已禁用，跳過配置保存
2025-08-17 00:00:10,814 - VALO360 - DEBUG - 自動保存已禁用，跳過配置保存
2025-08-17 00:00:10,814 - VALO360 - DEBUG - 自動保存已禁用，跳過配置保存
2025-08-17 00:00:10,815 - VALO360 - DEBUG - 自動保存已禁用，跳過配置保存
2025-08-17 00:00:10,815 - VALO360 - DEBUG - 自動保存已禁用，跳過配置保存
2025-08-17 00:00:10,817 - VALO360 - DEBUG - 自動保存已禁用，跳過配置保存
2025-08-17 00:00:10,817 - VALO360 - DEBUG - 自動保存已禁用，跳過配置保存
2025-08-17 00:00:10,817 - VALO360 - DEBUG - 自動保存已禁用，跳過配置保存
2025-08-17 00:00:10,818 - VALO360 - DEBUG - 自動保存已禁用，跳過配置保存
2025-08-17 00:00:10,819 - VALO360 - DEBUG - 自動保存已禁用，跳過配置保存
2025-08-17 00:00:10,819 - VALO360 - DEBUG - 自動保存已禁用，跳過配置保存
2025-08-17 00:00:10,820 - VALO360 - DEBUG - 自動保存已禁用，跳過配置保存
2025-08-17 00:00:10,820 - VALO360 - DEBUG - 自動保存已禁用，跳過配置保存
2025-08-17 00:00:10,821 - VALO360 - DEBUG - 自動保存已禁用，跳過配置保存
2025-08-17 00:00:10,821 - VALO360 - DEBUG - 自動保存已禁用，跳過配置保存
2025-08-17 00:00:10,821 - VALO360 - DEBUG - 自動保存已禁用，跳過配置保存
2025-08-17 00:00:10,822 - VALO360 - DEBUG - 自動保存已禁用，跳過配置保存
2025-08-17 00:00:10,822 - VALO360 - DEBUG - 自動保存已禁用，跳過配置保存
2025-08-17 00:00:10,823 - VALO360 - DEBUG - 自動保存已禁用，跳過配置保存
2025-08-17 00:00:10,823 - VALO360 - DEBUG - 自動保存已禁用，跳過配置保存
2025-08-17 00:00:10,823 - VALO360 - DEBUG - 自動保存已禁用，跳過配置保存
2025-08-17 00:00:10,824 - VALO360 - DEBUG - 自動保存已禁用，跳過配置保存
2025-08-17 00:00:10,824 - VALO360 - DEBUG - 自動保存已禁用，跳過配置保存
2025-08-17 00:00:10,825 - VALO360 - DEBUG - 自動保存已禁用，跳過配置保存
2025-08-17 00:00:10,825 - VALO360 - DEBUG - 自動保存已禁用，跳過配置保存
2025-08-17 00:00:10,826 - VALO360 - DEBUG - 自動保存已禁用，跳過配置保存
2025-08-17 00:00:10,826 - VALO360 - DEBUG - 自動保存已禁用，跳過配置保存
2025-08-17 00:00:10,826 - VALO360 - DEBUG - 自動保存已禁用，跳過配置保存
2025-08-17 00:00:10,827 - VALO360 - DEBUG - 自動保存已禁用，跳過配置保存
2025-08-17 00:00:10,827 - VALO360 - DEBUG - 自動保存已禁用，跳過配置保存
2025-08-17 00:00:10,828 - VALO360 - DEBUG - 自動保存已禁用，跳過配置保存
2025-08-17 00:00:10,828 - VALO360 - DEBUG - 自動保存已禁用，跳過配置保存
2025-08-17 00:00:10,828 - VALO360 - DEBUG - 自動保存已禁用，跳過配置保存
2025-08-17 00:00:10,829 - VALO360 - DEBUG - 自動保存已禁用，跳過配置保存
2025-08-17 00:00:10,829 - VALO360 - DEBUG - 自動保存已禁用，跳過配置保存
2025-08-17 00:00:10,830 - VALO360 - DEBUG - 自動保存已禁用，跳過配置保存
2025-08-17 00:00:10,830 - VALO360 - DEBUG - 自動保存已禁用，跳過配置保存
2025-08-17 00:00:10,831 - VALO360 - DEBUG - 自動保存已禁用，跳過配置保存
2025-08-17 00:00:10,831 - VALO360 - DEBUG - 自動保存已禁用，跳過配置保存
2025-08-17 00:00:10,832 - VALO360 - DEBUG - 自動保存已禁用，跳過配置保存
2025-08-17 00:00:10,832 - VALO360 - DEBUG - 自動保存已禁用，跳過配置保存
2025-08-17 00:00:10,840 - VALO360 - DEBUG - 自動保存已禁用，跳過配置保存
2025-08-17 00:00:10,841 - VALO360 - DEBUG - 自動保存已禁用，跳過配置保存
2025-08-17 00:00:10,842 - VALO360 - DEBUG - 自動保存已禁用，跳過配置保存
2025-08-17 00:00:10,843 - VALO360 - DEBUG - 自動保存已禁用，跳過配置保存
2025-08-17 00:00:10,843 - VALO360 - DEBUG - 自動保存已禁用，跳過配置保存
2025-08-17 00:00:10,844 - VALO360 - DEBUG - 自動保存已禁用，跳過配置保存
2025-08-17 00:00:10,844 - VALO360 - DEBUG - 自動保存已禁用，跳過配置保存
2025-08-17 00:00:10,844 - VALO360 - DEBUG - 自動保存已禁用，跳過配置保存
2025-08-17 00:00:10,845 - VALO360 - DEBUG - 自動保存已禁用，跳過配置保存
2025-08-17 00:00:10,846 - VALO360 - DEBUG - 自動保存已禁用，跳過配置保存
2025-08-17 00:00:10,846 - VALO360 - DEBUG - 自動保存已禁用，跳過配置保存
2025-08-17 00:00:10,846 - VALO360 - DEBUG - 自動保存已禁用，跳過配置保存
2025-08-17 00:00:10,848 - VALO360 - DEBUG - 自動保存已禁用，跳過配置保存
2025-08-17 00:00:10,849 - VALO360 - DEBUG - 自動保存已禁用，跳過配置保存
2025-08-17 00:00:10,849 - VALO360 - DEBUG - 自動保存已禁用，跳過配置保存
2025-08-17 00:00:10,849 - VALO360 - DEBUG - 自動保存已禁用，跳過配置保存
2025-08-17 00:00:10,850 - VALO360 - DEBUG - 自動保存已禁用，跳過配置保存
2025-08-17 00:00:10,851 - VALO360 - DEBUG - 自動保存已禁用，跳過配置保存
2025-08-17 00:00:10,851 - VALO360 - DEBUG - 自動保存已禁用，跳過配置保存
2025-08-17 00:00:10,851 - VALO360 - DEBUG - 自動保存已禁用，跳過配置保存
2025-08-17 00:00:10,852 - VALO360 - DEBUG - 自動保存已禁用，跳過配置保存
2025-08-17 00:00:10,852 - VALO360 - DEBUG - 自動保存已禁用，跳過配置保存
2025-08-17 00:00:10,853 - VALO360 - DEBUG - 自動保存已禁用，跳過配置保存
2025-08-17 00:00:10,853 - VALO360 - DEBUG - 自動保存已禁用，跳過配置保存
2025-08-17 00:00:10,854 - VALO360 - DEBUG - 自動保存已禁用，跳過配置保存
2025-08-17 00:00:10,854 - VALO360 - DEBUG - 自動保存已禁用，跳過配置保存
2025-08-17 00:00:10,855 - VALO360 - DEBUG - 自動保存已禁用，跳過配置保存
2025-08-17 00:00:10,855 - VALO360 - DEBUG - 自動保存已禁用，跳過配置保存
2025-08-17 00:00:10,855 - VALO360 - DEBUG - 自動保存已禁用，跳過配置保存
2025-08-17 00:00:10,856 - VALO360 - DEBUG - 自動保存已禁用，跳過配置保存
2025-08-17 00:00:10,856 - VALO360 - DEBUG - 自動保存已禁用，跳過配置保存
2025-08-17 00:00:10,856 - VALO360 - DEBUG - 自動保存已禁用，跳過配置保存
2025-08-17 00:00:10,857 - VALO360 - DEBUG - 自動保存已禁用，跳過配置保存
2025-08-17 00:00:10,857 - VALO360 - DEBUG - 自動保存已禁用，跳過配置保存
2025-08-17 00:00:10,857 - VALO360 - DEBUG - 自動保存已禁用，跳過配置保存
2025-08-17 00:00:10,858 - VALO360 - DEBUG - 自動保存已禁用，跳過配置保存
2025-08-17 00:00:10,859 - VALO360 - DEBUG - 自動保存已禁用，跳過配置保存
2025-08-17 00:00:10,860 - VALO360 - DEBUG - 自動保存已禁用，跳過配置保存
2025-08-17 00:00:10,860 - VALO360 - DEBUG - 自動保存已禁用，跳過配置保存
2025-08-17 00:00:10,860 - VALO360 - DEBUG - 自動保存已禁用，跳過配置保存
2025-08-17 00:00:10,861 - VALO360 - DEBUG - 自動保存已禁用，跳過配置保存
2025-08-17 00:00:10,862 - VALO360 - DEBUG - 自動保存已禁用，跳過配置保存
2025-08-17 00:00:10,862 - VALO360 - DEBUG - 自動保存已禁用，跳過配置保存
2025-08-17 00:00:10,863 - VALO360 - DEBUG - 自動保存已禁用，跳過配置保存
2025-08-17 00:00:10,865 - VALO360 - DEBUG - 自動保存已禁用，跳過配置保存
2025-08-17 00:00:10,866 - VALO360 - DEBUG - 自動保存已禁用，跳過配置保存
2025-08-17 00:00:10,866 - VALO360 - DEBUG - 自動保存已禁用，跳過配置保存
2025-08-17 00:00:10,866 - VALO360 - DEBUG - 自動保存已禁用，跳過配置保存
2025-08-17 00:00:10,870 - VALO360 - DEBUG - 自動保存已禁用，跳過配置保存
2025-08-17 00:00:10,870 - VALO360 - DEBUG - 自動保存已禁用，跳過配置保存
2025-08-17 00:00:10,870 - VALO360 - DEBUG - 自動保存已禁用，跳過配置保存
2025-08-17 00:00:10,871 - VALO360 - DEBUG - 自動保存已禁用，跳過配置保存
2025-08-17 00:00:10,871 - VALO360 - DEBUG - 自動保存已禁用，跳過配置保存
2025-08-17 00:00:10,871 - VALO360 - DEBUG - 自動保存已禁用，跳過配置保存
2025-08-17 00:00:10,871 - VALO360 - DEBUG - 自動保存已禁用，跳過配置保存
2025-08-17 00:00:10,871 - VALO360 - DEBUG - 自動保存已禁用，跳過配置保存
2025-08-17 00:00:10,872 - VALO360 - DEBUG - 自動保存已禁用，跳過配置保存
2025-08-17 00:00:10,872 - VALO360 - DEBUG - 自動保存已禁用，跳過配置保存
2025-08-17 00:00:10,872 - VALO360 - DEBUG - 自動保存已禁用，跳過配置保存
2025-08-17 00:00:10,872 - VALO360 - DEBUG - 自動保存已禁用，跳過配置保存
2025-08-17 00:00:10,881 - VALO360 - DEBUG - 自動保存已禁用，跳過配置保存
2025-08-17 00:00:10,881 - VALO360 - DEBUG - 自動保存已禁用，跳過配置保存
2025-08-17 00:00:10,882 - VALO360 - DEBUG - 自動保存已禁用，跳過配置保存
2025-08-17 00:00:10,882 - VALO360 - DEBUG - 自動保存已禁用，跳過配置保存
2025-08-17 00:00:10,883 - VALO360 - DEBUG - 自動保存已禁用，跳過配置保存
2025-08-17 00:00:10,883 - VALO360 - DEBUG - 自動保存已禁用，跳過配置保存
2025-08-17 00:00:10,884 - VALO360 - DEBUG - 自動保存已禁用，跳過配置保存
2025-08-17 00:00:10,884 - VALO360 - DEBUG - 自動保存已禁用，跳過配置保存
2025-08-17 00:00:10,884 - VALO360 - DEBUG - 自動保存已禁用，跳過配置保存
2025-08-17 00:00:10,885 - VALO360 - DEBUG - 自動保存已禁用，跳過配置保存
2025-08-17 00:00:10,885 - VALO360 - DEBUG - 自動保存已禁用，跳過配置保存
2025-08-17 00:00:10,885 - VALO360 - DEBUG - 自動保存已禁用，跳過配置保存
2025-08-17 00:00:10,908 - VALO360 - DEBUG - 自動保存已禁用，跳過配置保存
2025-08-17 00:00:10,908 - VALO360 - DEBUG - 自動保存已禁用，跳過配置保存
2025-08-17 00:00:10,909 - VALO360 - DEBUG - 自動保存已禁用，跳過配置保存
2025-08-17 00:00:10,909 - VALO360 - DEBUG - 自動保存已禁用，跳過配置保存
2025-08-17 00:00:10,926 - VALO360 - DEBUG - 自動保存已禁用，跳過配置保存
2025-08-17 00:00:10,926 - VALO360 - DEBUG - 自動保存已禁用，跳過配置保存
2025-08-17 00:00:10,926 - VALO360 - DEBUG - 自動保存已禁用，跳過配置保存
2025-08-17 00:00:10,926 - VALO360 - DEBUG - 自動保存已禁用，跳過配置保存
2025-08-17 00:00:10,935 - VALO360 - DEBUG - 自動保存已禁用，跳過配置保存
2025-08-17 00:00:10,936 - VALO360 - DEBUG - 自動保存已禁用，跳過配置保存
2025-08-17 00:00:10,936 - VALO360 - DEBUG - 自動保存已禁用，跳過配置保存
2025-08-17 00:00:10,936 - VALO360 - DEBUG - 自動保存已禁用，跳過配置保存
2025-08-17 00:00:10,949 - VALO360 - DEBUG - 自動保存已禁用，跳過配置保存
2025-08-17 00:00:10,949 - VALO360 - DEBUG - 自動保存已禁用，跳過配置保存
2025-08-17 00:00:10,950 - VALO360 - DEBUG - 自動保存已禁用，跳過配置保存
2025-08-17 00:00:10,950 - VALO360 - DEBUG - 自動保存已禁用，跳過配置保存
2025-08-17 00:00:10,950 - VALO360 - DEBUG - 自動保存已禁用，跳過配置保存
2025-08-17 00:00:10,951 - VALO360 - DEBUG - 自動保存已禁用，跳過配置保存
2025-08-17 00:00:10,951 - VALO360 - DEBUG - 自動保存已禁用，跳過配置保存
2025-08-17 00:00:10,951 - VALO360 - DEBUG - 自動保存已禁用，跳過配置保存
2025-08-17 00:00:10,958 - VALO360 - DEBUG - 自動保存已禁用，跳過配置保存
2025-08-17 00:00:10,958 - VALO360 - DEBUG - 自動保存已禁用，跳過配置保存
2025-08-17 00:00:10,958 - VALO360 - DEBUG - 自動保存已禁用，跳過配置保存
2025-08-17 00:00:10,959 - VALO360 - DEBUG - 自動保存已禁用，跳過配置保存
2025-08-17 00:00:11,053 - VALO360 - DEBUG - 自動保存已禁用，跳過配置保存
2025-08-17 00:00:11,054 - VALO360 - DEBUG - 自動保存已禁用，跳過配置保存
2025-08-17 00:00:11,054 - VALO360 - DEBUG - 自動保存已禁用，跳過配置保存
2025-08-17 00:00:11,055 - VALO360 - DEBUG - 自動保存已禁用，跳過配置保存
2025-08-17 00:00:11,055 - VALO360 - DEBUG - 自動保存已禁用，跳過配置保存
2025-08-17 00:00:11,055 - VALO360 - DEBUG - 自動保存已禁用，跳過配置保存
2025-08-17 00:00:11,056 - VALO360 - DEBUG - 自動保存已禁用，跳過配置保存
2025-08-17 00:00:11,056 - VALO360 - DEBUG - 自動保存已禁用，跳過配置保存
2025-08-17 00:00:11,056 - VALO360 - DEBUG - 自動保存已禁用，跳過配置保存
2025-08-17 00:00:11,057 - VALO360 - DEBUG - 自動保存已禁用，跳過配置保存
2025-08-17 00:00:11,057 - VALO360 - DEBUG - 自動保存已禁用，跳過配置保存
2025-08-17 00:00:11,057 - VALO360 - DEBUG - 自動保存已禁用，跳過配置保存
2025-08-17 00:00:11,058 - VALO360 - DEBUG - 自動保存已禁用，跳過配置保存
2025-08-17 00:00:11,058 - VALO360 - DEBUG - 自動保存已禁用，跳過配置保存
2025-08-17 00:00:11,058 - VALO360 - DEBUG - 自動保存已禁用，跳過配置保存
2025-08-17 00:00:11,058 - VALO360 - DEBUG - 自動保存已禁用，跳過配置保存
2025-08-17 00:00:11,059 - VALO360 - DEBUG - 自動保存已禁用，跳過配置保存
2025-08-17 00:00:11,059 - VALO360 - DEBUG - 自動保存已禁用，跳過配置保存
2025-08-17 00:00:11,059 - VALO360 - DEBUG - 自動保存已禁用，跳過配置保存
2025-08-17 00:00:11,059 - VALO360 - DEBUG - 自動保存已禁用，跳過配置保存
2025-08-17 00:00:11,060 - VALO360 - DEBUG - 自動保存已禁用，跳過配置保存
2025-08-17 00:00:11,060 - VALO360 - DEBUG - 自動保存已禁用，跳過配置保存
2025-08-17 00:00:11,060 - VALO360 - DEBUG - 自動保存已禁用，跳過配置保存
2025-08-17 00:00:11,060 - VALO360 - DEBUG - 自動保存已禁用，跳過配置保存
2025-08-17 00:00:11,061 - VALO360 - DEBUG - 自動保存已禁用，跳過配置保存
2025-08-17 00:00:11,061 - VALO360 - DEBUG - 自動保存已禁用，跳過配置保存
2025-08-17 00:00:11,061 - VALO360 - DEBUG - 自動保存已禁用，跳過配置保存
2025-08-17 00:00:11,061 - VALO360 - DEBUG - 自動保存已禁用，跳過配置保存
2025-08-17 00:00:11,062 - VALO360 - DEBUG - 自動保存已禁用，跳過配置保存
2025-08-17 00:00:11,062 - VALO360 - DEBUG - 自動保存已禁用，跳過配置保存
2025-08-17 00:00:11,062 - VALO360 - DEBUG - 自動保存已禁用，跳過配置保存
2025-08-17 00:00:11,062 - VALO360 - DEBUG - 自動保存已禁用，跳過配置保存
2025-08-17 00:00:11,069 - VALO360 - DEBUG - 自動保存已禁用，跳過配置保存
2025-08-17 00:00:11,069 - VALO360 - DEBUG - 自動保存已禁用，跳過配置保存
2025-08-17 00:00:11,069 - VALO360 - DEBUG - 自動保存已禁用，跳過配置保存
2025-08-17 00:00:11,069 - VALO360 - DEBUG - 自動保存已禁用，跳過配置保存
2025-08-17 00:00:11,071 - VALO360 - DEBUG - 自動保存已禁用，跳過配置保存
2025-08-17 00:00:11,072 - VALO360 - DEBUG - 自動保存已禁用，跳過配置保存
2025-08-17 00:00:11,072 - VALO360 - DEBUG - 自動保存已禁用，跳過配置保存
2025-08-17 00:00:11,072 - VALO360 - DEBUG - 自動保存已禁用，跳過配置保存
2025-08-17 00:00:11,073 - VALO360 - DEBUG - 自動保存已禁用，跳過配置保存
2025-08-17 00:00:11,073 - VALO360 - DEBUG - 自動保存已禁用，跳過配置保存
2025-08-17 00:00:11,073 - VALO360 - DEBUG - 自動保存已禁用，跳過配置保存
2025-08-17 00:00:11,073 - VALO360 - DEBUG - 自動保存已禁用，跳過配置保存
2025-08-17 00:00:11,074 - VALO360 - DEBUG - 自動保存已禁用，跳過配置保存
2025-08-17 00:00:11,074 - VALO360 - DEBUG - 自動保存已禁用，跳過配置保存
2025-08-17 00:00:11,074 - VALO360 - DEBUG - 自動保存已禁用，跳過配置保存
2025-08-17 00:00:11,074 - VALO360 - DEBUG - 自動保存已禁用，跳過配置保存
2025-08-17 00:00:11,079 - VALO360 - DEBUG - 自動保存已禁用，跳過配置保存
2025-08-17 00:00:11,079 - VALO360 - DEBUG - 自動保存已禁用，跳過配置保存
2025-08-17 00:00:11,080 - VALO360 - DEBUG - 自動保存已禁用，跳過配置保存
2025-08-17 00:00:11,080 - VALO360 - DEBUG - 自動保存已禁用，跳過配置保存
2025-08-17 00:00:11,081 - VALO360 - DEBUG - 自動保存已禁用，跳過配置保存
2025-08-17 00:00:11,081 - VALO360 - DEBUG - 自動保存已禁用，跳過配置保存
2025-08-17 00:00:11,081 - VALO360 - DEBUG - 自動保存已禁用，跳過配置保存
2025-08-17 00:00:11,081 - VALO360 - DEBUG - 自動保存已禁用，跳過配置保存
2025-08-17 00:00:11,083 - VALO360 - DEBUG - 自動保存已禁用，跳過配置保存
2025-08-17 00:00:11,083 - VALO360 - DEBUG - 自動保存已禁用，跳過配置保存
2025-08-17 00:00:11,083 - VALO360 - DEBUG - 自動保存已禁用，跳過配置保存
2025-08-17 00:00:11,083 - VALO360 - DEBUG - 自動保存已禁用，跳過配置保存
2025-08-17 00:00:11,083 - VALO360 - DEBUG - 自動保存已禁用，跳過配置保存
2025-08-17 00:00:11,084 - VALO360 - DEBUG - 自動保存已禁用，跳過配置保存
2025-08-17 00:00:11,084 - VALO360 - DEBUG - 自動保存已禁用，跳過配置保存
2025-08-17 00:00:11,084 - VALO360 - DEBUG - 自動保存已禁用，跳過配置保存
2025-08-17 00:00:11,087 - VALO360 - DEBUG - 自動保存已禁用，跳過配置保存
2025-08-17 00:00:11,087 - VALO360 - DEBUG - 自動保存已禁用，跳過配置保存
2025-08-17 00:00:11,088 - VALO360 - DEBUG - 自動保存已禁用，跳過配置保存
2025-08-17 00:00:11,088 - VALO360 - DEBUG - 自動保存已禁用，跳過配置保存
2025-08-17 00:00:11,090 - VALO360 - DEBUG - 自動保存已禁用，跳過配置保存
2025-08-17 00:00:11,090 - VALO360 - DEBUG - 自動保存已禁用，跳過配置保存
2025-08-17 00:00:11,090 - VALO360 - DEBUG - 自動保存已禁用，跳過配置保存
2025-08-17 00:00:11,091 - VALO360 - DEBUG - 自動保存已禁用，跳過配置保存
2025-08-17 00:00:11,093 - VALO360 - DEBUG - 自動保存已禁用，跳過配置保存
2025-08-17 00:00:11,093 - VALO360 - DEBUG - 自動保存已禁用，跳過配置保存
2025-08-17 00:00:11,093 - VALO360 - DEBUG - 自動保存已禁用，跳過配置保存
2025-08-17 00:00:11,093 - VALO360 - DEBUG - 自動保存已禁用，跳過配置保存
2025-08-17 00:00:11,097 - VALO360 - DEBUG - 自動保存已禁用，跳過配置保存
2025-08-17 00:00:11,097 - VALO360 - DEBUG - 自動保存已禁用，跳過配置保存
2025-08-17 00:00:11,097 - VALO360 - DEBUG - 自動保存已禁用，跳過配置保存
2025-08-17 00:00:11,098 - VALO360 - DEBUG - 自動保存已禁用，跳過配置保存
2025-08-17 00:00:11,098 - VALO360 - DEBUG - 自動保存已禁用，跳過配置保存
2025-08-17 00:00:11,098 - VALO360 - DEBUG - 自動保存已禁用，跳過配置保存
2025-08-17 00:00:11,099 - VALO360 - DEBUG - 自動保存已禁用，跳過配置保存
2025-08-17 00:00:11,099 - VALO360 - DEBUG - 自動保存已禁用，跳過配置保存
2025-08-17 00:00:11,105 - VALO360 - DEBUG - 自動保存已禁用，跳過配置保存
2025-08-17 00:00:11,105 - VALO360 - DEBUG - 自動保存已禁用，跳過配置保存
2025-08-17 00:00:11,105 - VALO360 - DEBUG - 自動保存已禁用，跳過配置保存
2025-08-17 00:00:11,105 - VALO360 - DEBUG - 自動保存已禁用，跳過配置保存
2025-08-17 00:00:11,115 - VALO360 - DEBUG - 自動保存已禁用，跳過配置保存
2025-08-17 00:00:11,115 - VALO360 - DEBUG - 自動保存已禁用，跳過配置保存
2025-08-17 00:00:11,116 - VALO360 - DEBUG - 自動保存已禁用，跳過配置保存
2025-08-17 00:00:11,116 - VALO360 - DEBUG - 自動保存已禁用，跳過配置保存
2025-08-17 00:00:11,116 - VALO360 - DEBUG - 自動保存已禁用，跳過配置保存
2025-08-17 00:00:11,116 - VALO360 - DEBUG - 自動保存已禁用，跳過配置保存
2025-08-17 00:00:11,117 - VALO360 - DEBUG - 自動保存已禁用，跳過配置保存
2025-08-17 00:00:11,117 - VALO360 - DEBUG - 自動保存已禁用，跳過配置保存
2025-08-17 00:00:11,117 - VALO360 - DEBUG - 自動保存已禁用，跳過配置保存
2025-08-17 00:00:11,117 - VALO360 - DEBUG - 自動保存已禁用，跳過配置保存
2025-08-17 00:00:11,117 - VALO360 - DEBUG - 自動保存已禁用，跳過配置保存
2025-08-17 00:00:11,118 - VALO360 - DEBUG - 自動保存已禁用，跳過配置保存
2025-08-17 00:00:11,118 - VALO360 - DEBUG - 自動保存已禁用，跳過配置保存
2025-08-17 00:00:11,118 - VALO360 - DEBUG - 自動保存已禁用，跳過配置保存
2025-08-17 00:00:11,118 - VALO360 - DEBUG - 自動保存已禁用，跳過配置保存
2025-08-17 00:00:11,119 - VALO360 - DEBUG - 自動保存已禁用，跳過配置保存
2025-08-17 00:00:11,119 - VALO360 - DEBUG - 自動保存已禁用，跳過配置保存
2025-08-17 00:00:11,119 - VALO360 - DEBUG - 自動保存已禁用，跳過配置保存
2025-08-17 00:00:11,119 - VALO360 - DEBUG - 自動保存已禁用，跳過配置保存
2025-08-17 00:00:11,119 - VALO360 - DEBUG - 自動保存已禁用，跳過配置保存
2025-08-17 00:00:11,120 - VALO360 - DEBUG - 自動保存已禁用，跳過配置保存
2025-08-17 00:00:11,120 - VALO360 - DEBUG - 自動保存已禁用，跳過配置保存
2025-08-17 00:00:11,120 - VALO360 - DEBUG - 自動保存已禁用，跳過配置保存
2025-08-17 00:00:11,120 - VALO360 - DEBUG - 自動保存已禁用，跳過配置保存
2025-08-17 00:00:11,121 - VALO360 - DEBUG - 自動保存已禁用，跳過配置保存
2025-08-17 00:00:11,121 - VALO360 - DEBUG - 自動保存已禁用，跳過配置保存
2025-08-17 00:00:11,121 - VALO360 - DEBUG - 自動保存已禁用，跳過配置保存
2025-08-17 00:00:11,121 - VALO360 - DEBUG - 自動保存已禁用，跳過配置保存
2025-08-17 00:00:11,122 - VALO360 - DEBUG - 自動保存已禁用，跳過配置保存
2025-08-17 00:00:11,122 - VALO360 - DEBUG - 自動保存已禁用，跳過配置保存
2025-08-17 00:00:11,122 - VALO360 - DEBUG - 自動保存已禁用，跳過配置保存
2025-08-17 00:00:11,122 - VALO360 - DEBUG - 自動保存已禁用，跳過配置保存
2025-08-17 00:00:11,123 - VALO360 - DEBUG - 自動保存已禁用，跳過配置保存
2025-08-17 00:00:11,123 - VALO360 - DEBUG - 自動保存已禁用，跳過配置保存
2025-08-17 00:00:11,123 - VALO360 - DEBUG - 自動保存已禁用，跳過配置保存
2025-08-17 00:00:11,123 - VALO360 - DEBUG - 自動保存已禁用，跳過配置保存
2025-08-17 00:00:11,124 - VALO360 - DEBUG - 自動保存已禁用，跳過配置保存
2025-08-17 00:00:11,124 - VALO360 - DEBUG - 自動保存已禁用，跳過配置保存
2025-08-17 00:00:11,124 - VALO360 - DEBUG - 自動保存已禁用，跳過配置保存
2025-08-17 00:00:11,124 - VALO360 - DEBUG - 自動保存已禁用，跳過配置保存
2025-08-17 00:00:11,125 - VALO360 - DEBUG - 自動保存已禁用，跳過配置保存
2025-08-17 00:00:11,125 - VALO360 - DEBUG - 自動保存已禁用，跳過配置保存
2025-08-17 00:00:11,125 - VALO360 - DEBUG - 自動保存已禁用，跳過配置保存
2025-08-17 00:00:11,125 - VALO360 - DEBUG - 自動保存已禁用，跳過配置保存
2025-08-17 00:00:11,126 - VALO360 - DEBUG - 自動保存已禁用，跳過配置保存
2025-08-17 00:00:11,126 - VALO360 - DEBUG - 自動保存已禁用，跳過配置保存
2025-08-17 00:00:11,126 - VALO360 - DEBUG - 自動保存已禁用，跳過配置保存
2025-08-17 00:00:11,126 - VALO360 - DEBUG - 自動保存已禁用，跳過配置保存
2025-08-17 00:00:11,127 - VALO360 - DEBUG - 自動保存已禁用，跳過配置保存
2025-08-17 00:00:11,127 - VALO360 - DEBUG - 自動保存已禁用，跳過配置保存
2025-08-17 00:00:11,127 - VALO360 - DEBUG - 自動保存已禁用，跳過配置保存
2025-08-17 00:00:11,127 - VALO360 - DEBUG - 自動保存已禁用，跳過配置保存
2025-08-17 00:00:11,127 - VALO360 - DEBUG - 自動保存已禁用，跳過配置保存
2025-08-17 00:00:11,128 - VALO360 - DEBUG - 自動保存已禁用，跳過配置保存
2025-08-17 00:00:11,128 - VALO360 - DEBUG - 自動保存已禁用，跳過配置保存
2025-08-17 00:00:11,128 - VALO360 - DEBUG - 自動保存已禁用，跳過配置保存
2025-08-17 00:00:11,128 - VALO360 - DEBUG - 自動保存已禁用，跳過配置保存
2025-08-17 00:00:11,129 - VALO360 - DEBUG - 自動保存已禁用，跳過配置保存
2025-08-17 00:00:11,129 - VALO360 - DEBUG - 自動保存已禁用，跳過配置保存
2025-08-17 00:00:11,129 - VALO360 - DEBUG - 自動保存已禁用，跳過配置保存
2025-08-17 00:00:11,129 - VALO360 - DEBUG - 自動保存已禁用，跳過配置保存
2025-08-17 00:00:11,130 - VALO360 - DEBUG - 自動保存已禁用，跳過配置保存
2025-08-17 00:00:11,130 - VALO360 - DEBUG - 自動保存已禁用，跳過配置保存
2025-08-17 00:00:11,130 - VALO360 - DEBUG - 自動保存已禁用，跳過配置保存
2025-08-17 00:00:11,131 - VALO360 - DEBUG - 自動保存已禁用，跳過配置保存
2025-08-17 00:00:11,131 - VALO360 - DEBUG - 自動保存已禁用，跳過配置保存
2025-08-17 00:00:11,131 - VALO360 - DEBUG - 自動保存已禁用，跳過配置保存
2025-08-17 00:00:11,131 - VALO360 - DEBUG - 自動保存已禁用，跳過配置保存
2025-08-17 00:00:11,132 - VALO360 - DEBUG - 自動保存已禁用，跳過配置保存
2025-08-17 00:00:11,132 - VALO360 - DEBUG - 自動保存已禁用，跳過配置保存
2025-08-17 00:00:11,132 - VALO360 - DEBUG - 自動保存已禁用，跳過配置保存
2025-08-17 00:00:11,132 - VALO360 - DEBUG - 自動保存已禁用，跳過配置保存
2025-08-17 00:00:11,133 - VALO360 - DEBUG - 自動保存已禁用，跳過配置保存
2025-08-17 00:00:11,133 - VALO360 - DEBUG - 自動保存已禁用，跳過配置保存
2025-08-17 00:00:11,133 - VALO360 - DEBUG - 自動保存已禁用，跳過配置保存
2025-08-17 00:00:11,133 - VALO360 - DEBUG - 自動保存已禁用，跳過配置保存
2025-08-17 00:00:11,134 - VALO360 - DEBUG - 自動保存已禁用，跳過配置保存
2025-08-17 00:00:11,134 - VALO360 - DEBUG - 自動保存已禁用，跳過配置保存
2025-08-17 00:00:11,134 - VALO360 - DEBUG - 自動保存已禁用，跳過配置保存
2025-08-17 00:00:11,134 - VALO360 - DEBUG - 自動保存已禁用，跳過配置保存
2025-08-17 00:00:11,135 - VALO360 - DEBUG - 自動保存已禁用，跳過配置保存
2025-08-17 00:00:11,135 - VALO360 - DEBUG - 自動保存已禁用，跳過配置保存
2025-08-17 00:00:11,135 - VALO360 - DEBUG - 自動保存已禁用，跳過配置保存
2025-08-17 00:00:11,135 - VALO360 - DEBUG - 自動保存已禁用，跳過配置保存
2025-08-17 00:00:11,136 - VALO360 - DEBUG - 自動保存已禁用，跳過配置保存
2025-08-17 00:00:11,136 - VALO360 - DEBUG - 自動保存已禁用，跳過配置保存
2025-08-17 00:00:11,136 - VALO360 - DEBUG - 自動保存已禁用，跳過配置保存
2025-08-17 00:00:11,136 - VALO360 - DEBUG - 自動保存已禁用，跳過配置保存
2025-08-17 00:00:11,137 - VALO360 - DEBUG - 自動保存已禁用，跳過配置保存
2025-08-17 00:00:11,137 - VALO360 - DEBUG - 自動保存已禁用，跳過配置保存
2025-08-17 00:00:11,137 - VALO360 - DEBUG - 自動保存已禁用，跳過配置保存
2025-08-17 00:00:11,137 - VALO360 - DEBUG - 自動保存已禁用，跳過配置保存
2025-08-17 00:00:11,138 - VALO360 - DEBUG - 自動保存已禁用，跳過配置保存
2025-08-17 00:00:11,138 - VALO360 - DEBUG - 自動保存已禁用，跳過配置保存
2025-08-17 00:00:11,138 - VALO360 - DEBUG - 自動保存已禁用，跳過配置保存
2025-08-17 00:00:11,138 - VALO360 - DEBUG - 自動保存已禁用，跳過配置保存
2025-08-17 00:00:11,139 - VALO360 - DEBUG - 自動保存已禁用，跳過配置保存
2025-08-17 00:00:11,139 - VALO360 - DEBUG - 自動保存已禁用，跳過配置保存
2025-08-17 00:00:11,139 - VALO360 - DEBUG - 自動保存已禁用，跳過配置保存
2025-08-17 00:00:11,139 - VALO360 - DEBUG - 自動保存已禁用，跳過配置保存
2025-08-17 00:00:11,140 - VALO360 - DEBUG - 自動保存已禁用，跳過配置保存
2025-08-17 00:00:11,140 - VALO360 - DEBUG - 自動保存已禁用，跳過配置保存
2025-08-17 00:00:11,140 - VALO360 - DEBUG - 自動保存已禁用，跳過配置保存
2025-08-17 00:00:11,140 - VALO360 - DEBUG - 自動保存已禁用，跳過配置保存
2025-08-17 00:00:11,140 - VALO360 - DEBUG - 自動保存已禁用，跳過配置保存
2025-08-17 00:00:11,141 - VALO360 - DEBUG - 自動保存已禁用，跳過配置保存
2025-08-17 00:00:11,141 - VALO360 - DEBUG - 自動保存已禁用，跳過配置保存
2025-08-17 00:00:11,141 - VALO360 - DEBUG - 自動保存已禁用，跳過配置保存
2025-08-17 00:00:11,141 - VALO360 - DEBUG - 自動保存已禁用，跳過配置保存
2025-08-17 00:00:11,142 - VALO360 - DEBUG - 自動保存已禁用，跳過配置保存
2025-08-17 00:00:11,142 - VALO360 - DEBUG - 自動保存已禁用，跳過配置保存
2025-08-17 00:00:11,142 - VALO360 - DEBUG - 自動保存已禁用，跳過配置保存
2025-08-17 00:00:11,142 - VALO360 - DEBUG - 自動保存已禁用，跳過配置保存
2025-08-17 00:00:11,142 - VALO360 - DEBUG - 自動保存已禁用，跳過配置保存
2025-08-17 00:00:11,143 - VALO360 - DEBUG - 自動保存已禁用，跳過配置保存
2025-08-17 00:00:11,143 - VALO360 - DEBUG - 自動保存已禁用，跳過配置保存
2025-08-17 00:00:11,144 - VALO360 - DEBUG - 自動保存已禁用，跳過配置保存
2025-08-17 00:00:11,144 - VALO360 - DEBUG - 自動保存已禁用，跳過配置保存
2025-08-17 00:00:11,144 - VALO360 - DEBUG - 自動保存已禁用，跳過配置保存
2025-08-17 00:00:11,144 - VALO360 - DEBUG - 自動保存已禁用，跳過配置保存
2025-08-17 00:00:11,235 - VALO360 - DEBUG - 自動保存已禁用，跳過配置保存
2025-08-17 00:00:11,236 - VALO360 - DEBUG - 自動保存已禁用，跳過配置保存
2025-08-17 00:00:11,236 - VALO360 - DEBUG - 自動保存已禁用，跳過配置保存
2025-08-17 00:00:11,236 - VALO360 - DEBUG - 自動保存已禁用，跳過配置保存
2025-08-17 00:00:11,236 - VALO360 - DEBUG - 自動保存已禁用，跳過配置保存
2025-08-17 00:00:11,237 - VALO360 - DEBUG - 自動保存已禁用，跳過配置保存
2025-08-17 00:00:11,237 - VALO360 - DEBUG - 自動保存已禁用，跳過配置保存
2025-08-17 00:00:11,237 - VALO360 - DEBUG - 自動保存已禁用，跳過配置保存
2025-08-17 00:00:11,244 - VALO360 - DEBUG - 自動保存已禁用，跳過配置保存
2025-08-17 00:00:11,244 - VALO360 - DEBUG - 自動保存已禁用，跳過配置保存
2025-08-17 00:00:11,244 - VALO360 - DEBUG - 自動保存已禁用，跳過配置保存
2025-08-17 00:00:11,244 - VALO360 - DEBUG - 自動保存已禁用，跳過配置保存
2025-08-17 00:00:11,245 - VALO360 - DEBUG - 自動保存已禁用，跳過配置保存
2025-08-17 00:00:11,245 - VALO360 - DEBUG - 自動保存已禁用，跳過配置保存
2025-08-17 00:00:11,245 - VALO360 - DEBUG - 自動保存已禁用，跳過配置保存
2025-08-17 00:00:11,245 - VALO360 - DEBUG - 自動保存已禁用，跳過配置保存
2025-08-17 00:00:11,257 - VALO360 - DEBUG - 自動保存已禁用，跳過配置保存
2025-08-17 00:00:11,257 - VALO360 - DEBUG - 自動保存已禁用，跳過配置保存
2025-08-17 00:00:11,258 - VALO360 - DEBUG - 自動保存已禁用，跳過配置保存
2025-08-17 00:00:11,258 - VALO360 - DEBUG - 自動保存已禁用，跳過配置保存
2025-08-17 00:00:11,258 - VALO360 - DEBUG - 自動保存已禁用，跳過配置保存
2025-08-17 00:00:11,258 - VALO360 - DEBUG - 自動保存已禁用，跳過配置保存
2025-08-17 00:00:11,259 - VALO360 - DEBUG - 自動保存已禁用，跳過配置保存
2025-08-17 00:00:11,259 - VALO360 - DEBUG - 自動保存已禁用，跳過配置保存
2025-08-17 00:00:11,265 - VALO360 - DEBUG - 自動保存已禁用，跳過配置保存
2025-08-17 00:00:11,266 - VALO360 - DEBUG - 自動保存已禁用，跳過配置保存
2025-08-17 00:00:11,266 - VALO360 - DEBUG - 自動保存已禁用，跳過配置保存
2025-08-17 00:00:11,266 - VALO360 - DEBUG - 自動保存已禁用，跳過配置保存
2025-08-17 00:00:11,266 - VALO360 - DEBUG - 自動保存已禁用，跳過配置保存
2025-08-17 00:00:11,267 - VALO360 - DEBUG - 自動保存已禁用，跳過配置保存
2025-08-17 00:00:11,267 - VALO360 - DEBUG - 自動保存已禁用，跳過配置保存
2025-08-17 00:00:11,267 - VALO360 - DEBUG - 自動保存已禁用，跳過配置保存
2025-08-17 00:00:11,274 - VALO360 - DEBUG - 自動保存已禁用，跳過配置保存
2025-08-17 00:00:11,274 - VALO360 - DEBUG - 自動保存已禁用，跳過配置保存
2025-08-17 00:00:11,275 - VALO360 - DEBUG - 自動保存已禁用，跳過配置保存
2025-08-17 00:00:11,275 - VALO360 - DEBUG - 自動保存已禁用，跳過配置保存
2025-08-17 00:00:11,275 - VALO360 - DEBUG - 自動保存已禁用，跳過配置保存
2025-08-17 00:00:11,275 - VALO360 - DEBUG - 自動保存已禁用，跳過配置保存
2025-08-17 00:00:11,276 - VALO360 - DEBUG - 自動保存已禁用，跳過配置保存
2025-08-17 00:00:11,276 - VALO360 - DEBUG - 自動保存已禁用，跳過配置保存
2025-08-17 00:00:11,278 - VALO360 - DEBUG - 自動保存已禁用，跳過配置保存
2025-08-17 00:00:11,279 - VALO360 - DEBUG - 自動保存已禁用，跳過配置保存
2025-08-17 00:00:11,279 - VALO360 - DEBUG - 自動保存已禁用，跳過配置保存
2025-08-17 00:00:11,279 - VALO360 - DEBUG - 自動保存已禁用，跳過配置保存
2025-08-17 00:00:11,279 - VALO360 - DEBUG - 自動保存已禁用，跳過配置保存
2025-08-17 00:00:11,280 - VALO360 - DEBUG - 自動保存已禁用，跳過配置保存
2025-08-17 00:00:11,280 - VALO360 - DEBUG - 自動保存已禁用，跳過配置保存
2025-08-17 00:00:11,280 - VALO360 - DEBUG - 自動保存已禁用，跳過配置保存
2025-08-17 00:00:11,280 - VALO360 - DEBUG - 自動保存已禁用，跳過配置保存
2025-08-17 00:00:11,280 - VALO360 - DEBUG - 自動保存已禁用，跳過配置保存
2025-08-17 00:00:11,281 - VALO360 - DEBUG - 自動保存已禁用，跳過配置保存
2025-08-17 00:00:11,281 - VALO360 - DEBUG - 自動保存已禁用，跳過配置保存
2025-08-17 00:00:11,281 - VALO360 - DEBUG - 自動保存已禁用，跳過配置保存
2025-08-17 00:00:11,281 - VALO360 - DEBUG - 自動保存已禁用，跳過配置保存
2025-08-17 00:00:11,282 - VALO360 - DEBUG - 自動保存已禁用，跳過配置保存
2025-08-17 00:00:11,282 - VALO360 - DEBUG - 自動保存已禁用，跳過配置保存
2025-08-17 00:00:11,285 - VALO360 - DEBUG - 自動保存已禁用，跳過配置保存
2025-08-17 00:00:11,285 - VALO360 - DEBUG - 自動保存已禁用，跳過配置保存
2025-08-17 00:00:11,286 - VALO360 - DEBUG - 自動保存已禁用，跳過配置保存
2025-08-17 00:00:11,286 - VALO360 - DEBUG - 自動保存已禁用，跳過配置保存
2025-08-17 00:00:11,286 - VALO360 - DEBUG - 自動保存已禁用，跳過配置保存
2025-08-17 00:00:11,286 - VALO360 - DEBUG - 自動保存已禁用，跳過配置保存
2025-08-17 00:00:11,287 - VALO360 - DEBUG - 自動保存已禁用，跳過配置保存
2025-08-17 00:00:11,287 - VALO360 - DEBUG - 自動保存已禁用，跳過配置保存
2025-08-17 00:00:11,289 - VALO360 - DEBUG - 自動保存已禁用，跳過配置保存
2025-08-17 00:00:11,289 - VALO360 - DEBUG - 自動保存已禁用，跳過配置保存
2025-08-17 00:00:11,290 - VALO360 - DEBUG - 自動保存已禁用，跳過配置保存
2025-08-17 00:00:11,290 - VALO360 - DEBUG - 自動保存已禁用，跳過配置保存
2025-08-17 00:00:11,290 - VALO360 - DEBUG - 自動保存已禁用，跳過配置保存
2025-08-17 00:00:11,290 - VALO360 - DEBUG - 自動保存已禁用，跳過配置保存
2025-08-17 00:00:11,290 - VALO360 - DEBUG - 自動保存已禁用，跳過配置保存
2025-08-17 00:00:11,291 - VALO360 - DEBUG - 自動保存已禁用，跳過配置保存
2025-08-17 00:00:11,301 - VALO360 - DEBUG - 自動保存已禁用，跳過配置保存
2025-08-17 00:00:11,301 - VALO360 - DEBUG - 自動保存已禁用，跳過配置保存
2025-08-17 00:00:11,301 - VALO360 - DEBUG - 自動保存已禁用，跳過配置保存
2025-08-17 00:00:11,302 - VALO360 - DEBUG - 自動保存已禁用，跳過配置保存
2025-08-17 00:00:11,302 - VALO360 - DEBUG - 自動保存已禁用，跳過配置保存
2025-08-17 00:00:11,302 - VALO360 - DEBUG - 自動保存已禁用，跳過配置保存
2025-08-17 00:00:11,302 - VALO360 - DEBUG - 自動保存已禁用，跳過配置保存
2025-08-17 00:00:11,302 - VALO360 - DEBUG - 自動保存已禁用，跳過配置保存
2025-08-17 00:00:11,303 - VALO360 - DEBUG - 自動保存已禁用，跳過配置保存
2025-08-17 00:00:11,303 - VALO360 - DEBUG - 自動保存已禁用，跳過配置保存
2025-08-17 00:00:11,303 - VALO360 - DEBUG - 自動保存已禁用，跳過配置保存
2025-08-17 00:00:11,304 - VALO360 - DEBUG - 自動保存已禁用，跳過配置保存
2025-08-17 00:00:11,304 - VALO360 - DEBUG - 自動保存已禁用，跳過配置保存
2025-08-17 00:00:11,304 - VALO360 - DEBUG - 自動保存已禁用，跳過配置保存
2025-08-17 00:00:11,304 - VALO360 - DEBUG - 自動保存已禁用，跳過配置保存
2025-08-17 00:00:11,305 - VALO360 - DEBUG - 自動保存已禁用，跳過配置保存
2025-08-17 00:00:11,309 - VALO360 - DEBUG - 自動保存已禁用，跳過配置保存
2025-08-17 00:00:11,309 - VALO360 - DEBUG - 自動保存已禁用，跳過配置保存
2025-08-17 00:00:11,309 - VALO360 - DEBUG - 自動保存已禁用，跳過配置保存
2025-08-17 00:00:11,309 - VALO360 - DEBUG - 自動保存已禁用，跳過配置保存
2025-08-17 00:00:11,310 - VALO360 - DEBUG - 自動保存已禁用，跳過配置保存
2025-08-17 00:00:11,310 - VALO360 - DEBUG - 自動保存已禁用，跳過配置保存
2025-08-17 00:00:11,310 - VALO360 - DEBUG - 自動保存已禁用，跳過配置保存
2025-08-17 00:00:11,310 - VALO360 - DEBUG - 自動保存已禁用，跳過配置保存
2025-08-17 00:00:11,317 - VALO360 - DEBUG - 自動保存已禁用，跳過配置保存
2025-08-17 00:00:11,317 - VALO360 - DEBUG - 自動保存已禁用，跳過配置保存
2025-08-17 00:00:11,317 - VALO360 - DEBUG - 自動保存已禁用，跳過配置保存
2025-08-17 00:00:11,317 - VALO360 - DEBUG - 自動保存已禁用，跳過配置保存
2025-08-17 00:00:11,318 - VALO360 - DEBUG - 自動保存已禁用，跳過配置保存
2025-08-17 00:00:11,318 - VALO360 - DEBUG - 自動保存已禁用，跳過配置保存
2025-08-17 00:00:11,318 - VALO360 - DEBUG - 自動保存已禁用，跳過配置保存
2025-08-17 00:00:11,318 - VALO360 - DEBUG - 自動保存已禁用，跳過配置保存
2025-08-17 00:00:11,321 - VALO360 - DEBUG - 自動保存已禁用，跳過配置保存
2025-08-17 00:00:11,321 - VALO360 - DEBUG - 自動保存已禁用，跳過配置保存
2025-08-17 00:00:11,321 - VALO360 - DEBUG - 自動保存已禁用，跳過配置保存
2025-08-17 00:00:11,322 - VALO360 - DEBUG - 自動保存已禁用，跳過配置保存
2025-08-17 00:00:11,322 - VALO360 - DEBUG - 自動保存已禁用，跳過配置保存
2025-08-17 00:00:11,322 - VALO360 - DEBUG - 自動保存已禁用，跳過配置保存
2025-08-17 00:00:11,322 - VALO360 - DEBUG - 自動保存已禁用，跳過配置保存
2025-08-17 00:00:11,322 - VALO360 - DEBUG - 自動保存已禁用，跳過配置保存
2025-08-17 00:00:11,331 - VALO360 - DEBUG - 自動保存已禁用，跳過配置保存
2025-08-17 00:00:11,331 - VALO360 - DEBUG - 自動保存已禁用，跳過配置保存
2025-08-17 00:00:11,332 - VALO360 - DEBUG - 自動保存已禁用，跳過配置保存
2025-08-17 00:00:11,332 - VALO360 - DEBUG - 自動保存已禁用，跳過配置保存
2025-08-17 00:00:11,332 - VALO360 - DEBUG - 自動保存已禁用，跳過配置保存
2025-08-17 00:00:11,332 - VALO360 - DEBUG - 自動保存已禁用，跳過配置保存
2025-08-17 00:00:11,333 - VALO360 - DEBUG - 自動保存已禁用，跳過配置保存
2025-08-17 00:00:11,333 - VALO360 - DEBUG - 自動保存已禁用，跳過配置保存
2025-08-17 00:00:11,333 - VALO360 - DEBUG - 自動保存已禁用，跳過配置保存
2025-08-17 00:00:11,333 - VALO360 - DEBUG - 自動保存已禁用，跳過配置保存
2025-08-17 00:00:11,334 - VALO360 - DEBUG - 自動保存已禁用，跳過配置保存
2025-08-17 00:00:11,334 - VALO360 - DEBUG - 自動保存已禁用，跳過配置保存
2025-08-17 00:00:11,334 - VALO360 - DEBUG - 自動保存已禁用，跳過配置保存
2025-08-17 00:00:11,334 - VALO360 - DEBUG - 自動保存已禁用，跳過配置保存
2025-08-17 00:00:11,334 - VALO360 - DEBUG - 自動保存已禁用，跳過配置保存
2025-08-17 00:00:11,335 - VALO360 - DEBUG - 自動保存已禁用，跳過配置保存
2025-08-17 00:00:11,345 - VALO360 - DEBUG - 自動保存已禁用，跳過配置保存
2025-08-17 00:00:11,346 - VALO360 - DEBUG - 自動保存已禁用，跳過配置保存
2025-08-17 00:00:11,346 - VALO360 - DEBUG - 自動保存已禁用，跳過配置保存
2025-08-17 00:00:11,346 - VALO360 - DEBUG - 自動保存已禁用，跳過配置保存
2025-08-17 00:00:11,347 - VALO360 - DEBUG - 自動保存已禁用，跳過配置保存
2025-08-17 00:00:11,347 - VALO360 - DEBUG - 自動保存已禁用，跳過配置保存
2025-08-17 00:00:11,347 - VALO360 - DEBUG - 自動保存已禁用，跳過配置保存
2025-08-17 00:00:11,347 - VALO360 - DEBUG - 自動保存已禁用，跳過配置保存
2025-08-17 00:00:11,354 - VALO360 - DEBUG - 自動保存已禁用，跳過配置保存
2025-08-17 00:00:11,354 - VALO360 - DEBUG - 自動保存已禁用，跳過配置保存
2025-08-17 00:00:11,355 - VALO360 - DEBUG - 自動保存已禁用，跳過配置保存
2025-08-17 00:00:11,355 - VALO360 - DEBUG - 自動保存已禁用，跳過配置保存
2025-08-17 00:00:11,355 - VALO360 - DEBUG - 自動保存已禁用，跳過配置保存
2025-08-17 00:00:11,355 - VALO360 - DEBUG - 自動保存已禁用，跳過配置保存
2025-08-17 00:00:11,355 - VALO360 - DEBUG - 自動保存已禁用，跳過配置保存
2025-08-17 00:00:11,356 - VALO360 - DEBUG - 自動保存已禁用，跳過配置保存
2025-08-17 00:00:11,356 - VALO360 - DEBUG - 自動保存已禁用，跳過配置保存
2025-08-17 00:00:11,356 - VALO360 - DEBUG - 自動保存已禁用，跳過配置保存
2025-08-17 00:00:11,356 - VALO360 - DEBUG - 自動保存已禁用，跳過配置保存
2025-08-17 00:00:11,357 - VALO360 - DEBUG - 自動保存已禁用，跳過配置保存
2025-08-17 00:00:11,357 - VALO360 - DEBUG - 自動保存已禁用，跳過配置保存
2025-08-17 00:00:11,357 - VALO360 - DEBUG - 自動保存已禁用，跳過配置保存
2025-08-17 00:00:11,357 - VALO360 - DEBUG - 自動保存已禁用，跳過配置保存
2025-08-17 00:00:11,357 - VALO360 - DEBUG - 自動保存已禁用，跳過配置保存
2025-08-17 00:00:11,374 - VALO360 - DEBUG - 自動保存已禁用，跳過配置保存
2025-08-17 00:00:11,374 - VALO360 - DEBUG - 自動保存已禁用，跳過配置保存
2025-08-17 00:00:11,375 - VALO360 - DEBUG - 自動保存已禁用，跳過配置保存
2025-08-17 00:00:11,375 - VALO360 - DEBUG - 自動保存已禁用，跳過配置保存
2025-08-17 00:00:11,375 - VALO360 - DEBUG - 自動保存已禁用，跳過配置保存
2025-08-17 00:00:11,375 - VALO360 - DEBUG - 自動保存已禁用，跳過配置保存
2025-08-17 00:00:11,375 - VALO360 - DEBUG - 自動保存已禁用，跳過配置保存
2025-08-17 00:00:11,376 - VALO360 - DEBUG - 自動保存已禁用，跳過配置保存
2025-08-17 00:00:11,382 - VALO360 - DEBUG - 自動保存已禁用，跳過配置保存
2025-08-17 00:00:11,382 - VALO360 - DEBUG - 自動保存已禁用，跳過配置保存
2025-08-17 00:00:11,382 - VALO360 - DEBUG - 自動保存已禁用，跳過配置保存
2025-08-17 00:00:11,382 - VALO360 - DEBUG - 自動保存已禁用，跳過配置保存
2025-08-17 00:00:11,383 - VALO360 - DEBUG - 自動保存已禁用，跳過配置保存
2025-08-17 00:00:11,383 - VALO360 - DEBUG - 自動保存已禁用，跳過配置保存
2025-08-17 00:00:11,383 - VALO360 - DEBUG - 自動保存已禁用，跳過配置保存
2025-08-17 00:00:11,383 - VALO360 - DEBUG - 自動保存已禁用，跳過配置保存
2025-08-17 00:00:11,392 - VALO360 - DEBUG - 自動保存已禁用，跳過配置保存
2025-08-17 00:00:11,392 - VALO360 - DEBUG - 自動保存已禁用，跳過配置保存
2025-08-17 00:00:11,392 - VALO360 - DEBUG - 自動保存已禁用，跳過配置保存
2025-08-17 00:00:11,392 - VALO360 - DEBUG - 自動保存已禁用，跳過配置保存
2025-08-17 00:00:11,393 - VALO360 - DEBUG - 自動保存已禁用，跳過配置保存
2025-08-17 00:00:11,393 - VALO360 - DEBUG - 自動保存已禁用，跳過配置保存
2025-08-17 00:00:11,393 - VALO360 - DEBUG - 自動保存已禁用，跳過配置保存
2025-08-17 00:00:11,393 - VALO360 - DEBUG - 自動保存已禁用，跳過配置保存
2025-08-17 00:00:11,441 - VALO360 - DEBUG - 自動保存已禁用，跳過配置保存
2025-08-17 00:00:11,442 - VALO360 - DEBUG - 自動保存已禁用，跳過配置保存
2025-08-17 00:00:11,442 - VALO360 - DEBUG - 自動保存已禁用，跳過配置保存
2025-08-17 00:00:11,442 - VALO360 - DEBUG - 自動保存已禁用，跳過配置保存
2025-08-17 00:00:11,443 - VALO360 - DEBUG - 自動保存已禁用，跳過配置保存
2025-08-17 00:00:11,443 - VALO360 - DEBUG - 自動保存已禁用，跳過配置保存
2025-08-17 00:00:11,443 - VALO360 - DEBUG - 自動保存已禁用，跳過配置保存
2025-08-17 00:00:11,443 - VALO360 - DEBUG - 自動保存已禁用，跳過配置保存
2025-08-17 00:00:11,478 - VALO360 - DEBUG - 自動保存已禁用，跳過配置保存
2025-08-17 00:00:11,478 - VALO360 - DEBUG - 自動保存已禁用，跳過配置保存
2025-08-17 00:00:11,478 - VALO360 - DEBUG - 自動保存已禁用，跳過配置保存
2025-08-17 00:00:11,478 - VALO360 - DEBUG - 自動保存已禁用，跳過配置保存
2025-08-17 00:00:11,479 - VALO360 - DEBUG - 自動保存已禁用，跳過配置保存
2025-08-17 00:00:11,479 - VALO360 - DEBUG - 自動保存已禁用，跳過配置保存
2025-08-17 00:00:11,479 - VALO360 - DEBUG - 自動保存已禁用，跳過配置保存
2025-08-17 00:00:11,479 - VALO360 - DEBUG - 自動保存已禁用，跳過配置保存
2025-08-17 00:00:11,480 - VALO360 - DEBUG - 自動保存已禁用，跳過配置保存
2025-08-17 00:00:11,480 - VALO360 - DEBUG - 自動保存已禁用，跳過配置保存
2025-08-17 00:00:11,480 - VALO360 - DEBUG - 自動保存已禁用，跳過配置保存
2025-08-17 00:00:11,481 - VALO360 - DEBUG - 自動保存已禁用，跳過配置保存
2025-08-17 00:00:11,481 - VALO360 - DEBUG - 自動保存已禁用，跳過配置保存
2025-08-17 00:00:11,481 - VALO360 - DEBUG - 自動保存已禁用，跳過配置保存
2025-08-17 00:00:11,481 - VALO360 - DEBUG - 自動保存已禁用，跳過配置保存
2025-08-17 00:00:11,482 - VALO360 - DEBUG - 自動保存已禁用，跳過配置保存
2025-08-17 00:00:11,482 - VALO360 - DEBUG - 自動保存已禁用，跳過配置保存
2025-08-17 00:00:11,482 - VALO360 - DEBUG - 自動保存已禁用，跳過配置保存
2025-08-17 00:00:11,483 - VALO360 - DEBUG - 自動保存已禁用，跳過配置保存
2025-08-17 00:00:11,483 - VALO360 - DEBUG - 自動保存已禁用，跳過配置保存
2025-08-17 00:00:11,483 - VALO360 - DEBUG - 自動保存已禁用，跳過配置保存
2025-08-17 00:00:11,484 - VALO360 - DEBUG - 自動保存已禁用，跳過配置保存
2025-08-17 00:00:11,484 - VALO360 - DEBUG - 自動保存已禁用，跳過配置保存
2025-08-17 00:00:11,484 - VALO360 - DEBUG - 自動保存已禁用，跳過配置保存
2025-08-17 00:00:11,485 - VALO360 - DEBUG - 自動保存已禁用，跳過配置保存
2025-08-17 00:00:11,485 - VALO360 - DEBUG - 自動保存已禁用，跳過配置保存
2025-08-17 00:00:11,485 - VALO360 - DEBUG - 自動保存已禁用，跳過配置保存
2025-08-17 00:00:11,485 - VALO360 - DEBUG - 自動保存已禁用，跳過配置保存
2025-08-17 00:00:11,486 - VALO360 - DEBUG - 自動保存已禁用，跳過配置保存
2025-08-17 00:00:11,486 - VALO360 - DEBUG - 自動保存已禁用，跳過配置保存
2025-08-17 00:00:11,486 - VALO360 - DEBUG - 自動保存已禁用，跳過配置保存
2025-08-17 00:00:11,486 - VALO360 - DEBUG - 自動保存已禁用，跳過配置保存
2025-08-17 00:00:11,487 - VALO360 - DEBUG - 自動保存已禁用，跳過配置保存
2025-08-17 00:00:11,487 - VALO360 - DEBUG - 自動保存已禁用，跳過配置保存
2025-08-17 00:00:11,487 - VALO360 - DEBUG - 自動保存已禁用，跳過配置保存
2025-08-17 00:00:11,487 - VALO360 - DEBUG - 自動保存已禁用，跳過配置保存
2025-08-17 00:00:11,488 - VALO360 - DEBUG - 自動保存已禁用，跳過配置保存
2025-08-17 00:00:11,489 - VALO360 - DEBUG - 自動保存已禁用，跳過配置保存
2025-08-17 00:00:11,489 - VALO360 - DEBUG - 自動保存已禁用，跳過配置保存
2025-08-17 00:00:11,489 - VALO360 - DEBUG - 自動保存已禁用，跳過配置保存
2025-08-17 00:00:11,489 - VALO360 - DEBUG - 自動保存已禁用，跳過配置保存
2025-08-17 00:00:11,490 - VALO360 - DEBUG - 自動保存已禁用，跳過配置保存
2025-08-17 00:00:11,490 - VALO360 - DEBUG - 自動保存已禁用，跳過配置保存
2025-08-17 00:00:11,490 - VALO360 - DEBUG - 自動保存已禁用，跳過配置保存
2025-08-17 00:00:11,491 - VALO360 - DEBUG - 自動保存已禁用，跳過配置保存
2025-08-17 00:00:11,491 - VALO360 - DEBUG - 自動保存已禁用，跳過配置保存
2025-08-17 00:00:11,491 - VALO360 - DEBUG - 自動保存已禁用，跳過配置保存
2025-08-17 00:00:11,491 - VALO360 - DEBUG - 自動保存已禁用，跳過配置保存
2025-08-17 00:00:11,492 - VALO360 - DEBUG - 自動保存已禁用，跳過配置保存
2025-08-17 00:00:11,492 - VALO360 - DEBUG - 自動保存已禁用，跳過配置保存
2025-08-17 00:00:11,492 - VALO360 - DEBUG - 自動保存已禁用，跳過配置保存
2025-08-17 00:00:11,492 - VALO360 - DEBUG - 自動保存已禁用，跳過配置保存
2025-08-17 00:00:11,493 - VALO360 - DEBUG - 自動保存已禁用，跳過配置保存
2025-08-17 00:00:11,493 - VALO360 - DEBUG - 自動保存已禁用，跳過配置保存
2025-08-17 00:00:11,493 - VALO360 - DEBUG - 自動保存已禁用，跳過配置保存
2025-08-17 00:00:11,493 - VALO360 - DEBUG - 自動保存已禁用，跳過配置保存
2025-08-17 00:00:11,494 - VALO360 - DEBUG - 自動保存已禁用，跳過配置保存
2025-08-17 00:00:11,494 - VALO360 - DEBUG - 自動保存已禁用，跳過配置保存
2025-08-17 00:00:11,494 - VALO360 - DEBUG - 自動保存已禁用，跳過配置保存
2025-08-17 00:00:11,494 - VALO360 - DEBUG - 自動保存已禁用，跳過配置保存
2025-08-17 00:00:11,495 - VALO360 - DEBUG - 自動保存已禁用，跳過配置保存
2025-08-17 00:00:11,495 - VALO360 - DEBUG - 自動保存已禁用，跳過配置保存
2025-08-17 00:00:11,495 - VALO360 - DEBUG - 自動保存已禁用，跳過配置保存
2025-08-17 00:00:11,495 - VALO360 - DEBUG - 自動保存已禁用，跳過配置保存
2025-08-17 00:00:11,496 - VALO360 - DEBUG - 自動保存已禁用，跳過配置保存
2025-08-17 00:00:11,496 - VALO360 - DEBUG - 自動保存已禁用，跳過配置保存
2025-08-17 00:00:11,497 - VALO360 - DEBUG - 自動保存已禁用，跳過配置保存
2025-08-17 00:00:11,497 - VALO360 - DEBUG - 自動保存已禁用，跳過配置保存
2025-08-17 00:00:11,552 - VALO360 - DEBUG - 自動保存已禁用，跳過配置保存
2025-08-17 00:00:11,552 - VALO360 - DEBUG - 自動保存已禁用，跳過配置保存
2025-08-17 00:00:11,553 - VALO360 - DEBUG - 自動保存已禁用，跳過配置保存
2025-08-17 00:00:11,553 - VALO360 - DEBUG - 自動保存已禁用，跳過配置保存
2025-08-17 00:00:11,554 - VALO360 - DEBUG - 自動保存已禁用，跳過配置保存
2025-08-17 00:00:11,554 - VALO360 - DEBUG - 自動保存已禁用，跳過配置保存
2025-08-17 00:00:11,554 - VALO360 - DEBUG - 自動保存已禁用，跳過配置保存
2025-08-17 00:00:11,554 - VALO360 - DEBUG - 自動保存已禁用，跳過配置保存
2025-08-17 00:00:11,555 - VALO360 - DEBUG - 自動保存已禁用，跳過配置保存
2025-08-17 00:00:11,555 - VALO360 - DEBUG - 自動保存已禁用，跳過配置保存
2025-08-17 00:00:11,556 - VALO360 - DEBUG - 自動保存已禁用，跳過配置保存
2025-08-17 00:00:11,556 - VALO360 - DEBUG - 自動保存已禁用，跳過配置保存
2025-08-17 00:00:11,558 - VALO360 - DEBUG - 自動保存已禁用，跳過配置保存
2025-08-17 00:00:11,558 - VALO360 - DEBUG - 自動保存已禁用，跳過配置保存
2025-08-17 00:00:11,558 - VALO360 - DEBUG - 自動保存已禁用，跳過配置保存
2025-08-17 00:00:11,559 - VALO360 - DEBUG - 自動保存已禁用，跳過配置保存
2025-08-17 00:00:11,560 - VALO360 - DEBUG - 自動保存已禁用，跳過配置保存
2025-08-17 00:00:11,560 - VALO360 - DEBUG - 自動保存已禁用，跳過配置保存
2025-08-17 00:00:11,560 - VALO360 - DEBUG - 自動保存已禁用，跳過配置保存
2025-08-17 00:00:11,560 - VALO360 - DEBUG - 自動保存已禁用，跳過配置保存
2025-08-17 00:00:11,561 - VALO360 - DEBUG - 自動保存已禁用，跳過配置保存
2025-08-17 00:00:11,561 - VALO360 - DEBUG - 自動保存已禁用，跳過配置保存
2025-08-17 00:00:11,562 - VALO360 - DEBUG - 自動保存已禁用，跳過配置保存
2025-08-17 00:00:11,562 - VALO360 - DEBUG - 自動保存已禁用，跳過配置保存
2025-08-17 00:00:11,563 - VALO360 - DEBUG - 自動保存已禁用，跳過配置保存
2025-08-17 00:00:11,563 - VALO360 - DEBUG - 自動保存已禁用，跳過配置保存
2025-08-17 00:00:11,563 - VALO360 - DEBUG - 自動保存已禁用，跳過配置保存
2025-08-17 00:00:11,563 - VALO360 - DEBUG - 自動保存已禁用，跳過配置保存
2025-08-17 00:00:11,564 - VALO360 - DEBUG - 自動保存已禁用，跳過配置保存
2025-08-17 00:00:11,564 - VALO360 - DEBUG - 自動保存已禁用，跳過配置保存
2025-08-17 00:00:11,564 - VALO360 - DEBUG - 自動保存已禁用，跳過配置保存
2025-08-17 00:00:11,565 - VALO360 - DEBUG - 自動保存已禁用，跳過配置保存
2025-08-17 00:00:11,565 - VALO360 - DEBUG - 自動保存已禁用，跳過配置保存
2025-08-17 00:00:11,566 - VALO360 - DEBUG - 自動保存已禁用，跳過配置保存
2025-08-17 00:00:11,566 - VALO360 - DEBUG - 自動保存已禁用，跳過配置保存
2025-08-17 00:00:11,566 - VALO360 - DEBUG - 自動保存已禁用，跳過配置保存
2025-08-17 00:00:11,567 - VALO360 - DEBUG - 自動保存已禁用，跳過配置保存
2025-08-17 00:00:11,567 - VALO360 - DEBUG - 自動保存已禁用，跳過配置保存
2025-08-17 00:00:11,567 - VALO360 - DEBUG - 自動保存已禁用，跳過配置保存
2025-08-17 00:00:11,568 - VALO360 - DEBUG - 自動保存已禁用，跳過配置保存
2025-08-17 00:00:11,568 - VALO360 - DEBUG - 自動保存已禁用，跳過配置保存
2025-08-17 00:00:11,568 - VALO360 - DEBUG - 自動保存已禁用，跳過配置保存
2025-08-17 00:00:11,569 - VALO360 - DEBUG - 自動保存已禁用，跳過配置保存
2025-08-17 00:00:11,569 - VALO360 - DEBUG - 自動保存已禁用，跳過配置保存
2025-08-17 00:00:11,569 - VALO360 - DEBUG - 自動保存已禁用，跳過配置保存
2025-08-17 00:00:11,569 - VALO360 - DEBUG - 自動保存已禁用，跳過配置保存
2025-08-17 00:00:11,570 - VALO360 - DEBUG - 自動保存已禁用，跳過配置保存
2025-08-17 00:00:11,570 - VALO360 - DEBUG - 自動保存已禁用，跳過配置保存
2025-08-17 00:00:11,570 - VALO360 - DEBUG - 自動保存已禁用，跳過配置保存
2025-08-17 00:00:11,570 - VALO360 - DEBUG - 自動保存已禁用，跳過配置保存
2025-08-17 00:00:11,571 - VALO360 - DEBUG - 自動保存已禁用，跳過配置保存
2025-08-17 00:00:11,571 - VALO360 - DEBUG - 自動保存已禁用，跳過配置保存
2025-08-17 00:00:11,571 - VALO360 - DEBUG - 自動保存已禁用，跳過配置保存
2025-08-17 00:00:11,572 - VALO360 - DEBUG - 自動保存已禁用，跳過配置保存
2025-08-17 00:00:11,572 - VALO360 - DEBUG - 自動保存已禁用，跳過配置保存
2025-08-17 00:00:11,572 - VALO360 - DEBUG - 自動保存已禁用，跳過配置保存
2025-08-17 00:00:11,573 - VALO360 - DEBUG - 自動保存已禁用，跳過配置保存
2025-08-17 00:00:11,573 - VALO360 - DEBUG - 自動保存已禁用，跳過配置保存
2025-08-17 00:00:11,573 - VALO360 - DEBUG - 自動保存已禁用，跳過配置保存
2025-08-17 00:00:11,574 - VALO360 - DEBUG - 自動保存已禁用，跳過配置保存
2025-08-17 00:00:11,574 - VALO360 - DEBUG - 自動保存已禁用，跳過配置保存
2025-08-17 00:00:11,574 - VALO360 - DEBUG - 自動保存已禁用，跳過配置保存
2025-08-17 00:00:11,575 - VALO360 - DEBUG - 自動保存已禁用，跳過配置保存
2025-08-17 00:00:11,575 - VALO360 - DEBUG - 自動保存已禁用，跳過配置保存
2025-08-17 00:00:11,575 - VALO360 - DEBUG - 自動保存已禁用，跳過配置保存
2025-08-17 00:00:11,576 - VALO360 - DEBUG - 自動保存已禁用，跳過配置保存
2025-08-17 00:00:11,576 - VALO360 - DEBUG - 自動保存已禁用，跳過配置保存
2025-08-17 00:00:11,576 - VALO360 - DEBUG - 自動保存已禁用，跳過配置保存
2025-08-17 00:00:11,577 - VALO360 - DEBUG - 自動保存已禁用，跳過配置保存
2025-08-17 00:00:11,578 - VALO360 - DEBUG - 自動保存已禁用，跳過配置保存
2025-08-17 00:00:11,578 - VALO360 - DEBUG - 自動保存已禁用，跳過配置保存
2025-08-17 00:00:11,578 - VALO360 - DEBUG - 自動保存已禁用，跳過配置保存
2025-08-17 00:00:11,579 - VALO360 - DEBUG - 自動保存已禁用，跳過配置保存
2025-08-17 00:00:11,580 - VALO360 - DEBUG - 自動保存已禁用，跳過配置保存
2025-08-17 00:00:11,580 - VALO360 - DEBUG - 自動保存已禁用，跳過配置保存
2025-08-17 00:00:11,580 - VALO360 - DEBUG - 自動保存已禁用，跳過配置保存
2025-08-17 00:00:11,581 - VALO360 - DEBUG - 自動保存已禁用，跳過配置保存
2025-08-17 00:00:11,581 - VALO360 - DEBUG - 自動保存已禁用，跳過配置保存
2025-08-17 00:00:11,581 - VALO360 - DEBUG - 自動保存已禁用，跳過配置保存
2025-08-17 00:00:11,581 - VALO360 - DEBUG - 自動保存已禁用，跳過配置保存
2025-08-17 00:00:11,582 - VALO360 - DEBUG - 自動保存已禁用，跳過配置保存
2025-08-17 00:00:11,582 - VALO360 - DEBUG - 自動保存已禁用，跳過配置保存
2025-08-17 00:00:11,583 - VALO360 - DEBUG - 自動保存已禁用，跳過配置保存
2025-08-17 00:00:11,583 - VALO360 - DEBUG - 自動保存已禁用，跳過配置保存
2025-08-17 00:00:11,583 - VALO360 - DEBUG - 自動保存已禁用，跳過配置保存
2025-08-17 00:00:11,583 - VALO360 - DEBUG - 自動保存已禁用，跳過配置保存
2025-08-17 00:00:11,584 - VALO360 - DEBUG - 自動保存已禁用，跳過配置保存
2025-08-17 00:00:11,584 - VALO360 - DEBUG - 自動保存已禁用，跳過配置保存
2025-08-17 00:00:11,584 - VALO360 - DEBUG - 自動保存已禁用，跳過配置保存
2025-08-17 00:00:11,585 - VALO360 - DEBUG - 自動保存已禁用，跳過配置保存
2025-08-17 00:00:11,585 - VALO360 - DEBUG - 自動保存已禁用，跳過配置保存
2025-08-17 00:00:11,585 - VALO360 - DEBUG - 自動保存已禁用，跳過配置保存
2025-08-17 00:00:11,586 - VALO360 - DEBUG - 自動保存已禁用，跳過配置保存
2025-08-17 00:00:11,586 - VALO360 - DEBUG - 自動保存已禁用，跳過配置保存
2025-08-17 00:00:11,586 - VALO360 - DEBUG - 自動保存已禁用，跳過配置保存
2025-08-17 00:00:11,587 - VALO360 - DEBUG - 自動保存已禁用，跳過配置保存
2025-08-17 00:00:11,587 - VALO360 - DEBUG - 自動保存已禁用，跳過配置保存
2025-08-17 00:00:11,587 - VALO360 - DEBUG - 自動保存已禁用，跳過配置保存
2025-08-17 00:00:11,588 - VALO360 - DEBUG - 自動保存已禁用，跳過配置保存
2025-08-17 00:00:11,588 - VALO360 - DEBUG - 自動保存已禁用，跳過配置保存
2025-08-17 00:00:11,589 - VALO360 - DEBUG - 自動保存已禁用，跳過配置保存
2025-08-17 00:00:11,589 - VALO360 - DEBUG - 自動保存已禁用，跳過配置保存
2025-08-17 00:00:11,589 - VALO360 - DEBUG - 自動保存已禁用，跳過配置保存
2025-08-17 00:00:11,589 - VALO360 - DEBUG - 自動保存已禁用，跳過配置保存
2025-08-17 00:00:11,590 - VALO360 - DEBUG - 自動保存已禁用，跳過配置保存
2025-08-17 00:00:11,590 - VALO360 - DEBUG - 自動保存已禁用，跳過配置保存
2025-08-17 00:00:11,590 - VALO360 - DEBUG - 自動保存已禁用，跳過配置保存
2025-08-17 00:00:11,590 - VALO360 - DEBUG - 自動保存已禁用，跳過配置保存
2025-08-17 00:00:11,591 - VALO360 - DEBUG - 自動保存已禁用，跳過配置保存
2025-08-17 00:00:11,591 - VALO360 - DEBUG - 自動保存已禁用，跳過配置保存
2025-08-17 00:00:11,591 - VALO360 - DEBUG - 自動保存已禁用，跳過配置保存
2025-08-17 00:00:11,591 - VALO360 - DEBUG - 自動保存已禁用，跳過配置保存
2025-08-17 00:00:11,592 - VALO360 - DEBUG - 自動保存已禁用，跳過配置保存
2025-08-17 00:00:11,592 - VALO360 - DEBUG - 自動保存已禁用，跳過配置保存
2025-08-17 00:00:11,592 - VALO360 - DEBUG - 自動保存已禁用，跳過配置保存
2025-08-17 00:00:11,592 - VALO360 - DEBUG - 自動保存已禁用，跳過配置保存
2025-08-17 00:00:11,593 - VALO360 - DEBUG - 自動保存已禁用，跳過配置保存
2025-08-17 00:00:11,593 - VALO360 - DEBUG - 自動保存已禁用，跳過配置保存
2025-08-17 00:00:11,593 - VALO360 - DEBUG - 自動保存已禁用，跳過配置保存
2025-08-17 00:00:11,593 - VALO360 - DEBUG - 自動保存已禁用，跳過配置保存
2025-08-17 00:00:11,594 - VALO360 - DEBUG - 自動保存已禁用，跳過配置保存
2025-08-17 00:00:11,594 - VALO360 - DEBUG - 自動保存已禁用，跳過配置保存
2025-08-17 00:00:11,594 - VALO360 - DEBUG - 自動保存已禁用，跳過配置保存
2025-08-17 00:00:11,594 - VALO360 - DEBUG - 自動保存已禁用，跳過配置保存
2025-08-17 00:00:11,595 - VALO360 - DEBUG - 自動保存已禁用，跳過配置保存
2025-08-17 00:00:11,595 - VALO360 - DEBUG - 自動保存已禁用，跳過配置保存
2025-08-17 00:00:11,595 - VALO360 - DEBUG - 自動保存已禁用，跳過配置保存
2025-08-17 00:00:11,595 - VALO360 - DEBUG - 自動保存已禁用，跳過配置保存
2025-08-17 00:00:11,596 - VALO360 - DEBUG - 自動保存已禁用，跳過配置保存
2025-08-17 00:00:11,596 - VALO360 - DEBUG - 自動保存已禁用，跳過配置保存
2025-08-17 00:00:11,596 - VALO360 - DEBUG - 自動保存已禁用，跳過配置保存
2025-08-17 00:00:11,596 - VALO360 - DEBUG - 自動保存已禁用，跳過配置保存
2025-08-17 00:00:11,597 - VALO360 - DEBUG - 自動保存已禁用，跳過配置保存
2025-08-17 00:00:11,597 - VALO360 - DEBUG - 自動保存已禁用，跳過配置保存
2025-08-17 00:00:11,597 - VALO360 - DEBUG - 自動保存已禁用，跳過配置保存
2025-08-17 00:00:11,597 - VALO360 - DEBUG - 自動保存已禁用，跳過配置保存
2025-08-17 00:00:11,598 - VALO360 - DEBUG - 自動保存已禁用，跳過配置保存
2025-08-17 00:00:11,598 - VALO360 - DEBUG - 自動保存已禁用，跳過配置保存
2025-08-17 00:00:11,598 - VALO360 - DEBUG - 自動保存已禁用，跳過配置保存
2025-08-17 00:00:11,598 - VALO360 - DEBUG - 自動保存已禁用，跳過配置保存
2025-08-17 00:00:11,599 - VALO360 - DEBUG - 自動保存已禁用，跳過配置保存
2025-08-17 00:00:11,599 - VALO360 - DEBUG - 自動保存已禁用，跳過配置保存
2025-08-17 00:00:11,599 - VALO360 - DEBUG - 自動保存已禁用，跳過配置保存
2025-08-17 00:00:11,599 - VALO360 - DEBUG - 自動保存已禁用，跳過配置保存
2025-08-17 00:00:11,600 - VALO360 - DEBUG - 自動保存已禁用，跳過配置保存
2025-08-17 00:00:11,600 - VALO360 - DEBUG - 自動保存已禁用，跳過配置保存
2025-08-17 00:00:11,600 - VALO360 - DEBUG - 自動保存已禁用，跳過配置保存
2025-08-17 00:00:11,600 - VALO360 - DEBUG - 自動保存已禁用，跳過配置保存
2025-08-17 00:00:11,601 - VALO360 - DEBUG - 自動保存已禁用，跳過配置保存
2025-08-17 00:00:11,601 - VALO360 - DEBUG - 自動保存已禁用，跳過配置保存
2025-08-17 00:00:11,601 - VALO360 - DEBUG - 自動保存已禁用，跳過配置保存
2025-08-17 00:00:11,601 - VALO360 - DEBUG - 自動保存已禁用，跳過配置保存
2025-08-17 00:00:11,601 - VALO360 - DEBUG - 自動保存已禁用，跳過配置保存
2025-08-17 00:00:11,602 - VALO360 - DEBUG - 自動保存已禁用，跳過配置保存
2025-08-17 00:00:11,602 - VALO360 - DEBUG - 自動保存已禁用，跳過配置保存
2025-08-17 00:00:11,602 - VALO360 - DEBUG - 自動保存已禁用，跳過配置保存
2025-08-17 00:00:11,602 - VALO360 - DEBUG - 自動保存已禁用，跳過配置保存
2025-08-17 00:00:11,602 - VALO360 - DEBUG - 自動保存已禁用，跳過配置保存
2025-08-17 00:00:11,603 - VALO360 - DEBUG - 自動保存已禁用，跳過配置保存
2025-08-17 00:00:11,603 - VALO360 - DEBUG - 自動保存已禁用，跳過配置保存
2025-08-17 00:00:11,603 - VALO360 - DEBUG - 自動保存已禁用，跳過配置保存
2025-08-17 00:00:11,603 - VALO360 - DEBUG - 自動保存已禁用，跳過配置保存
2025-08-17 00:00:11,604 - VALO360 - DEBUG - 自動保存已禁用，跳過配置保存
2025-08-17 00:00:11,604 - VALO360 - DEBUG - 自動保存已禁用，跳過配置保存
2025-08-17 00:00:11,604 - VALO360 - DEBUG - 自動保存已禁用，跳過配置保存
2025-08-17 00:00:11,604 - VALO360 - DEBUG - 自動保存已禁用，跳過配置保存
2025-08-17 00:00:11,605 - VALO360 - DEBUG - 自動保存已禁用，跳過配置保存
2025-08-17 00:00:11,605 - VALO360 - DEBUG - 自動保存已禁用，跳過配置保存
2025-08-17 00:00:11,605 - VALO360 - DEBUG - 自動保存已禁用，跳過配置保存
2025-08-17 00:00:11,605 - VALO360 - DEBUG - 自動保存已禁用，跳過配置保存
2025-08-17 00:00:11,605 - VALO360 - DEBUG - 自動保存已禁用，跳過配置保存
2025-08-17 00:00:11,606 - VALO360 - DEBUG - 自動保存已禁用，跳過配置保存
2025-08-17 00:00:11,606 - VALO360 - DEBUG - 自動保存已禁用，跳過配置保存
2025-08-17 00:00:11,606 - VALO360 - DEBUG - 自動保存已禁用，跳過配置保存
2025-08-17 00:00:11,606 - VALO360 - DEBUG - 自動保存已禁用，跳過配置保存
2025-08-17 00:00:11,607 - VALO360 - DEBUG - 自動保存已禁用，跳過配置保存
2025-08-17 00:00:11,607 - VALO360 - DEBUG - 自動保存已禁用，跳過配置保存
2025-08-17 00:00:11,607 - VALO360 - DEBUG - 自動保存已禁用，跳過配置保存
2025-08-17 00:00:11,607 - VALO360 - DEBUG - 自動保存已禁用，跳過配置保存
2025-08-17 00:00:11,607 - VALO360 - DEBUG - 自動保存已禁用，跳過配置保存
2025-08-17 00:00:11,608 - VALO360 - DEBUG - 自動保存已禁用，跳過配置保存
2025-08-17 00:00:11,608 - VALO360 - DEBUG - 自動保存已禁用，跳過配置保存
2025-08-17 00:00:11,608 - VALO360 - DEBUG - 自動保存已禁用，跳過配置保存
2025-08-17 00:00:11,609 - VALO360 - DEBUG - 自動保存已禁用，跳過配置保存
2025-08-17 00:00:11,609 - VALO360 - DEBUG - 自動保存已禁用，跳過配置保存
2025-08-17 00:00:11,609 - VALO360 - DEBUG - 自動保存已禁用，跳過配置保存
2025-08-17 00:00:11,609 - VALO360 - DEBUG - 自動保存已禁用，跳過配置保存
2025-08-17 00:00:11,609 - VALO360 - DEBUG - 自動保存已禁用，跳過配置保存
2025-08-17 00:00:11,610 - VALO360 - DEBUG - 自動保存已禁用，跳過配置保存
2025-08-17 00:00:11,610 - VALO360 - DEBUG - 自動保存已禁用，跳過配置保存
2025-08-17 00:00:11,610 - VALO360 - DEBUG - 自動保存已禁用，跳過配置保存
2025-08-17 00:00:11,610 - VALO360 - DEBUG - 自動保存已禁用，跳過配置保存
2025-08-17 00:00:11,618 - VALO360 - DEBUG - 自動保存已禁用，跳過配置保存
2025-08-17 00:00:11,618 - VALO360 - DEBUG - 自動保存已禁用，跳過配置保存
2025-08-17 00:00:11,619 - VALO360 - DEBUG - 自動保存已禁用，跳過配置保存
2025-08-17 00:00:11,619 - VALO360 - DEBUG - 自動保存已禁用，跳過配置保存
2025-08-17 00:00:11,619 - VALO360 - DEBUG - 自動保存已禁用，跳過配置保存
2025-08-17 00:00:11,620 - VALO360 - DEBUG - 自動保存已禁用，跳過配置保存
2025-08-17 00:00:11,620 - VALO360 - DEBUG - 自動保存已禁用，跳過配置保存
2025-08-17 00:00:11,620 - VALO360 - DEBUG - 自動保存已禁用，跳過配置保存
2025-08-17 00:00:11,621 - VALO360 - DEBUG - 自動保存已禁用，跳過配置保存
2025-08-17 00:00:11,621 - VALO360 - DEBUG - 自動保存已禁用，跳過配置保存
2025-08-17 00:00:11,621 - VALO360 - DEBUG - 自動保存已禁用，跳過配置保存
2025-08-17 00:00:11,621 - VALO360 - DEBUG - 自動保存已禁用，跳過配置保存
2025-08-17 00:00:11,622 - VALO360 - DEBUG - 自動保存已禁用，跳過配置保存
2025-08-17 00:00:11,623 - VALO360 - DEBUG - 自動保存已禁用，跳過配置保存
2025-08-17 00:00:11,623 - VALO360 - DEBUG - 自動保存已禁用，跳過配置保存
2025-08-17 00:00:11,623 - VALO360 - DEBUG - 自動保存已禁用，跳過配置保存
2025-08-17 00:00:11,623 - VALO360 - DEBUG - 自動保存已禁用，跳過配置保存
2025-08-17 00:00:11,624 - VALO360 - DEBUG - 自動保存已禁用，跳過配置保存
2025-08-17 00:00:11,624 - VALO360 - DEBUG - 自動保存已禁用，跳過配置保存
2025-08-17 00:00:11,624 - VALO360 - DEBUG - 自動保存已禁用，跳過配置保存
2025-08-17 00:00:11,626 - VALO360 - DEBUG - 自動保存已禁用，跳過配置保存
2025-08-17 00:00:11,626 - VALO360 - DEBUG - 自動保存已禁用，跳過配置保存
2025-08-17 00:00:11,626 - VALO360 - DEBUG - 自動保存已禁用，跳過配置保存
2025-08-17 00:00:11,626 - VALO360 - DEBUG - 自動保存已禁用，跳過配置保存
2025-08-17 00:00:11,627 - VALO360 - DEBUG - 自動保存已禁用，跳過配置保存
2025-08-17 00:00:11,627 - VALO360 - DEBUG - 自動保存已禁用，跳過配置保存
2025-08-17 00:00:11,627 - VALO360 - DEBUG - 自動保存已禁用，跳過配置保存
2025-08-17 00:00:11,627 - VALO360 - DEBUG - 自動保存已禁用，跳過配置保存
2025-08-17 00:00:11,628 - VALO360 - DEBUG - 自動保存已禁用，跳過配置保存
2025-08-17 00:00:11,628 - VALO360 - DEBUG - 自動保存已禁用，跳過配置保存
2025-08-17 00:00:11,628 - VALO360 - DEBUG - 自動保存已禁用，跳過配置保存
2025-08-17 00:00:11,628 - VALO360 - DEBUG - 自動保存已禁用，跳過配置保存
2025-08-17 00:00:11,629 - VALO360 - DEBUG - 自動保存已禁用，跳過配置保存
2025-08-17 00:00:11,629 - VALO360 - DEBUG - 自動保存已禁用，跳過配置保存
2025-08-17 00:00:11,630 - VALO360 - DEBUG - 自動保存已禁用，跳過配置保存
2025-08-17 00:00:11,630 - VALO360 - DEBUG - 自動保存已禁用，跳過配置保存
2025-08-17 00:00:11,630 - VALO360 - DEBUG - 自動保存已禁用，跳過配置保存
2025-08-17 00:00:11,631 - VALO360 - DEBUG - 自動保存已禁用，跳過配置保存
2025-08-17 00:00:11,631 - VALO360 - DEBUG - 自動保存已禁用，跳過配置保存
2025-08-17 00:00:11,631 - VALO360 - DEBUG - 自動保存已禁用，跳過配置保存
2025-08-17 00:00:11,632 - VALO360 - DEBUG - 自動保存已禁用，跳過配置保存
2025-08-17 00:00:11,632 - VALO360 - DEBUG - 自動保存已禁用，跳過配置保存
2025-08-17 00:00:11,632 - VALO360 - DEBUG - 自動保存已禁用，跳過配置保存
2025-08-17 00:00:11,632 - VALO360 - DEBUG - 自動保存已禁用，跳過配置保存
2025-08-17 00:00:11,633 - VALO360 - DEBUG - 自動保存已禁用，跳過配置保存
2025-08-17 00:00:11,633 - VALO360 - DEBUG - 自動保存已禁用，跳過配置保存
2025-08-17 00:00:11,633 - VALO360 - DEBUG - 自動保存已禁用，跳過配置保存
2025-08-17 00:00:11,633 - VALO360 - DEBUG - 自動保存已禁用，跳過配置保存
2025-08-17 00:00:11,634 - VALO360 - DEBUG - 自動保存已禁用，跳過配置保存
2025-08-17 00:00:11,634 - VALO360 - DEBUG - 自動保存已禁用，跳過配置保存
2025-08-17 00:00:11,634 - VALO360 - DEBUG - 自動保存已禁用，跳過配置保存
2025-08-17 00:00:11,634 - VALO360 - DEBUG - 自動保存已禁用，跳過配置保存
2025-08-17 00:00:11,635 - VALO360 - DEBUG - 自動保存已禁用，跳過配置保存
2025-08-17 00:00:11,635 - VALO360 - DEBUG - 自動保存已禁用，跳過配置保存
2025-08-17 00:00:11,635 - VALO360 - DEBUG - 自動保存已禁用，跳過配置保存
2025-08-17 00:00:11,635 - VALO360 - DEBUG - 自動保存已禁用，跳過配置保存
2025-08-17 00:00:11,635 - VALO360 - DEBUG - 自動保存已禁用，跳過配置保存
2025-08-17 00:00:11,636 - VALO360 - DEBUG - 自動保存已禁用，跳過配置保存
2025-08-17 00:00:11,636 - VALO360 - DEBUG - 自動保存已禁用，跳過配置保存
2025-08-17 00:00:11,636 - VALO360 - DEBUG - 自動保存已禁用，跳過配置保存
2025-08-17 00:00:11,636 - VALO360 - DEBUG - 自動保存已禁用，跳過配置保存
2025-08-17 00:00:11,637 - VALO360 - DEBUG - 自動保存已禁用，跳過配置保存
2025-08-17 00:00:11,637 - VALO360 - DEBUG - 自動保存已禁用，跳過配置保存
2025-08-17 00:00:11,637 - VALO360 - DEBUG - 自動保存已禁用，跳過配置保存
2025-08-17 00:00:11,642 - VALO360 - DEBUG - 自動保存已禁用，跳過配置保存
2025-08-17 00:00:11,642 - VALO360 - DEBUG - 自動保存已禁用，跳過配置保存
2025-08-17 00:00:11,643 - VALO360 - DEBUG - 自動保存已禁用，跳過配置保存
2025-08-17 00:00:11,643 - VALO360 - DEBUG - 自動保存已禁用，跳過配置保存
2025-08-17 00:00:11,643 - VALO360 - DEBUG - 自動保存已禁用，跳過配置保存
2025-08-17 00:00:11,643 - VALO360 - DEBUG - 自動保存已禁用，跳過配置保存
2025-08-17 00:00:11,644 - VALO360 - DEBUG - 自動保存已禁用，跳過配置保存
2025-08-17 00:00:11,644 - VALO360 - DEBUG - 自動保存已禁用，跳過配置保存
2025-08-17 00:00:11,664 - VALO360 - DEBUG - 自動保存已禁用，跳過配置保存
2025-08-17 00:00:11,664 - VALO360 - DEBUG - 自動保存已禁用，跳過配置保存
2025-08-17 00:00:11,665 - VALO360 - DEBUG - 自動保存已禁用，跳過配置保存
2025-08-17 00:00:11,665 - VALO360 - DEBUG - 自動保存已禁用，跳過配置保存
2025-08-17 00:00:11,764 - VALO360 - DEBUG - 自動保存已禁用，跳過配置保存
2025-08-17 00:00:11,764 - VALO360 - DEBUG - 自動保存已禁用，跳過配置保存
2025-08-17 00:00:11,764 - VALO360 - DEBUG - 自動保存已禁用，跳過配置保存
2025-08-17 00:00:11,765 - VALO360 - DEBUG - 自動保存已禁用，跳過配置保存
2025-08-17 00:00:11,765 - VALO360 - DEBUG - 自動保存已禁用，跳過配置保存
2025-08-17 00:00:11,765 - VALO360 - DEBUG - 自動保存已禁用，跳過配置保存
2025-08-17 00:00:11,766 - VALO360 - DEBUG - 自動保存已禁用，跳過配置保存
2025-08-17 00:00:11,766 - VALO360 - DEBUG - 自動保存已禁用，跳過配置保存
2025-08-17 00:00:11,766 - VALO360 - DEBUG - 自動保存已禁用，跳過配置保存
2025-08-17 00:00:11,766 - VALO360 - DEBUG - 自動保存已禁用，跳過配置保存
2025-08-17 00:00:11,766 - VALO360 - DEBUG - 自動保存已禁用，跳過配置保存
2025-08-17 00:00:11,767 - VALO360 - DEBUG - 自動保存已禁用，跳過配置保存
2025-08-17 00:00:11,767 - VALO360 - DEBUG - 自動保存已禁用，跳過配置保存
2025-08-17 00:00:11,767 - VALO360 - DEBUG - 自動保存已禁用，跳過配置保存
2025-08-17 00:00:11,767 - VALO360 - DEBUG - 自動保存已禁用，跳過配置保存
2025-08-17 00:00:11,768 - VALO360 - DEBUG - 自動保存已禁用，跳過配置保存
2025-08-17 00:00:11,768 - VALO360 - DEBUG - 自動保存已禁用，跳過配置保存
2025-08-17 00:00:11,768 - VALO360 - DEBUG - 自動保存已禁用，跳過配置保存
2025-08-17 00:00:11,768 - VALO360 - DEBUG - 自動保存已禁用，跳過配置保存
2025-08-17 00:00:11,768 - VALO360 - DEBUG - 自動保存已禁用，跳過配置保存
2025-08-17 00:00:11,769 - VALO360 - DEBUG - 自動保存已禁用，跳過配置保存
2025-08-17 00:00:11,769 - VALO360 - DEBUG - 自動保存已禁用，跳過配置保存
2025-08-17 00:00:11,769 - VALO360 - DEBUG - 自動保存已禁用，跳過配置保存
2025-08-17 00:00:11,769 - VALO360 - DEBUG - 自動保存已禁用，跳過配置保存
2025-08-17 00:00:11,770 - VALO360 - DEBUG - 自動保存已禁用，跳過配置保存
2025-08-17 00:00:11,770 - VALO360 - DEBUG - 自動保存已禁用，跳過配置保存
2025-08-17 00:00:11,770 - VALO360 - DEBUG - 自動保存已禁用，跳過配置保存
2025-08-17 00:00:11,770 - VALO360 - DEBUG - 自動保存已禁用，跳過配置保存
2025-08-17 00:00:11,771 - VALO360 - DEBUG - 自動保存已禁用，跳過配置保存
2025-08-17 00:00:11,771 - VALO360 - DEBUG - 自動保存已禁用，跳過配置保存
2025-08-17 00:00:11,771 - VALO360 - DEBUG - 自動保存已禁用，跳過配置保存
2025-08-17 00:00:11,771 - VALO360 - DEBUG - 自動保存已禁用，跳過配置保存
2025-08-17 00:00:11,771 - VALO360 - DEBUG - 自動保存已禁用，跳過配置保存
2025-08-17 00:00:11,772 - VALO360 - DEBUG - 自動保存已禁用，跳過配置保存
2025-08-17 00:00:11,772 - VALO360 - DEBUG - 自動保存已禁用，跳過配置保存
2025-08-17 00:00:11,772 - VALO360 - DEBUG - 自動保存已禁用，跳過配置保存
2025-08-17 00:00:11,773 - VALO360 - DEBUG - 自動保存已禁用，跳過配置保存
2025-08-17 00:00:11,773 - VALO360 - DEBUG - 自動保存已禁用，跳過配置保存
2025-08-17 00:00:11,773 - VALO360 - DEBUG - 自動保存已禁用，跳過配置保存
2025-08-17 00:00:11,774 - VALO360 - DEBUG - 自動保存已禁用，跳過配置保存
2025-08-17 00:00:11,776 - VALO360 - DEBUG - 自動保存已禁用，跳過配置保存
2025-08-17 00:00:11,776 - VALO360 - DEBUG - 自動保存已禁用，跳過配置保存
2025-08-17 00:00:11,776 - VALO360 - DEBUG - 自動保存已禁用，跳過配置保存
2025-08-17 00:00:11,777 - VALO360 - DEBUG - 自動保存已禁用，跳過配置保存
2025-08-17 00:00:25,661 - VALO360 - DEBUG - 配置已備份至: backup\setup_backup_20250817_000025.json
2025-08-17 00:00:25,664 - VALO360 - DEBUG - 已刪除舊備份: backup\setup_backup_20250816_231344.json
2025-08-17 00:00:25,666 - VALO360 - DEBUG - 配置保存成功
2025-08-17 00:00:25,669 - VALO360 - DEBUG - 配置已備份至: backup\setup_backup_20250817_000025.json
2025-08-17 00:00:25,673 - VALO360 - DEBUG - 配置保存成功
2025-08-17 00:00:25,675 - VALO360 - DEBUG - 自動保存已禁用，跳過配置保存
2025-08-17 00:00:25,675 - VALO360 - INFO - 程式關閉時已保存所有待保存的設定
2025-08-17 00:00:25,675 - VALO360 - INFO - 程式正常關閉
2025-08-17 00:00:25,726 - VALO360 - INFO - 資源清理完成
2025-08-17 00:00:25,726 - VALO360 - INFO - 應用程式資源清理完成
2025-08-17 00:02:41,576 - VALO360 - DEBUG - 找到指令檔: M:\PYTHON\360-command-toola_HOME\Command_TABLE\command.txt
2025-08-17 00:02:41,604 - VALO360 - INFO - 成功載入 94 個指令
2025-08-17 00:02:41,614 - VALO360 - INFO - 運行日誌: main.py 啟動
2025-08-17 00:02:41,614 - VALO360 - INFO - 指令通主程式啟動
2025-08-17 00:02:41,617 - VALO360 - INFO - 運行日誌: 成功 import TabManager
2025-08-17 00:02:41,617 - VALO360 - INFO - UI模組導入成功
2025-08-17 00:02:41,619 - VALO360 - INFO - 日誌系統初始化完成
2025-08-17 00:02:41,619 - VALO360 - DEBUG - ConfigManager: 自動保存已禁用
2025-08-17 00:02:41,620 - VALO360 - INFO - ConfigManager自動保存已禁用
2025-08-17 00:02:41,620 - VALO360 - INFO - 未找到關鍵字高亮設定文件，使用空設定
2025-08-17 00:02:41,684 - VALO360 - DEBUG - 配置已備份至: backup\setup_backup_20250817_000241.json
2025-08-17 00:02:41,686 - VALO360 - DEBUG - 已刪除舊備份: backup\setup_backup_20250816_231422.json
2025-08-17 00:02:41,686 - VALO360 - DEBUG - 配置載入成功
2025-08-17 00:02:41,687 - VALO360 - INFO - 統一設定管理器已初始化
2025-08-17 00:02:41,726 - VALO360 - DEBUG - 找到 3 個COM口: ['COM1', 'COM3', 'COM4']
2025-08-17 00:02:42,448 - VALO360 - DEBUG - 找到 3 個COM口: ['COM1', 'COM3', 'COM4']
2025-08-17 00:02:42,967 - VALO360 - INFO - 應用程式圖示設置成功: M:\PYTHON\360-command-toola_HOME\assets\icon.ico
2025-08-17 00:02:42,968 - VALO360 - INFO - 視窗設置完成: PEGA指令通_1.9.4 (1522x749)
2025-08-17 00:02:42,968 - VALO360 - INFO - 程式啟動時更新標籤頁名稱
2025-08-17 00:02:42,969 - VALO360 - INFO - 應用程式啟動完成，進入主循環
2025-08-17 00:02:42,974 - VALO360 - DEBUG - 找到 3 個COM口: ['COM1', 'COM3', 'COM4']
2025-08-17 00:02:42,976 - VALO360 - DEBUG - 自動保存已禁用，跳過配置保存
2025-08-17 00:02:42,976 - VALO360 - DEBUG - 自動保存已禁用，跳過配置保存
2025-08-17 00:02:42,976 - VALO360 - DEBUG - 自動保存已禁用，跳過配置保存
2025-08-17 00:02:42,977 - VALO360 - DEBUG - 自動保存已禁用，跳過配置保存
2025-08-17 00:02:43,020 - VALO360 - DEBUG - 自動保存已禁用，跳過配置保存
2025-08-17 00:02:43,020 - VALO360 - DEBUG - 自動保存已禁用，跳過配置保存
2025-08-17 00:02:43,021 - VALO360 - DEBUG - 自動保存已禁用，跳過配置保存
2025-08-17 00:02:43,021 - VALO360 - DEBUG - 自動保存已禁用，跳過配置保存
2025-08-17 00:02:43,028 - VALO360 - DEBUG - 自動保存已禁用，跳過配置保存
2025-08-17 00:02:43,028 - VALO360 - DEBUG - 自動保存已禁用，跳過配置保存
2025-08-17 00:02:43,028 - VALO360 - DEBUG - 自動保存已禁用，跳過配置保存
2025-08-17 00:02:43,029 - VALO360 - DEBUG - 自動保存已禁用，跳過配置保存
2025-08-17 00:02:43,029 - VALO360 - DEBUG - 自動保存已禁用，跳過配置保存
2025-08-17 00:02:43,029 - VALO360 - DEBUG - 自動保存已禁用，跳過配置保存
2025-08-17 00:02:43,030 - VALO360 - DEBUG - 自動保存已禁用，跳過配置保存
2025-08-17 00:02:43,030 - VALO360 - DEBUG - 自動保存已禁用，跳過配置保存
2025-08-17 00:02:43,031 - VALO360 - DEBUG - 自動保存已禁用，跳過配置保存
2025-08-17 00:02:43,031 - VALO360 - DEBUG - 自動保存已禁用，跳過配置保存
2025-08-17 00:02:43,031 - VALO360 - DEBUG - 自動保存已禁用，跳過配置保存
2025-08-17 00:02:43,031 - VALO360 - DEBUG - 自動保存已禁用，跳過配置保存
2025-08-17 00:02:43,032 - VALO360 - DEBUG - 自動保存已禁用，跳過配置保存
2025-08-17 00:02:43,032 - VALO360 - DEBUG - 自動保存已禁用，跳過配置保存
2025-08-17 00:02:43,033 - VALO360 - DEBUG - 自動保存已禁用，跳過配置保存
2025-08-17 00:02:43,033 - VALO360 - DEBUG - 自動保存已禁用，跳過配置保存
2025-08-17 00:02:43,034 - VALO360 - DEBUG - 自動保存已禁用，跳過配置保存
2025-08-17 00:02:43,034 - VALO360 - DEBUG - 自動保存已禁用，跳過配置保存
2025-08-17 00:02:43,034 - VALO360 - DEBUG - 自動保存已禁用，跳過配置保存
2025-08-17 00:02:43,034 - VALO360 - DEBUG - 自動保存已禁用，跳過配置保存
2025-08-17 00:02:43,035 - VALO360 - DEBUG - 自動保存已禁用，跳過配置保存
2025-08-17 00:02:43,035 - VALO360 - DEBUG - 自動保存已禁用，跳過配置保存
2025-08-17 00:02:43,035 - VALO360 - DEBUG - 自動保存已禁用，跳過配置保存
2025-08-17 00:02:43,036 - VALO360 - DEBUG - 自動保存已禁用，跳過配置保存
2025-08-17 00:02:43,036 - VALO360 - DEBUG - 自動保存已禁用，跳過配置保存
2025-08-17 00:02:43,036 - VALO360 - DEBUG - 自動保存已禁用，跳過配置保存
2025-08-17 00:02:43,036 - VALO360 - DEBUG - 自動保存已禁用，跳過配置保存
2025-08-17 00:02:43,037 - VALO360 - DEBUG - 自動保存已禁用，跳過配置保存
2025-08-17 00:02:43,037 - VALO360 - DEBUG - 自動保存已禁用，跳過配置保存
2025-08-17 00:02:43,038 - VALO360 - DEBUG - 自動保存已禁用，跳過配置保存
2025-08-17 00:02:43,038 - VALO360 - DEBUG - 自動保存已禁用，跳過配置保存
2025-08-17 00:02:43,038 - VALO360 - DEBUG - 自動保存已禁用，跳過配置保存
2025-08-17 00:02:43,038 - VALO360 - DEBUG - 自動保存已禁用，跳過配置保存
2025-08-17 00:02:43,039 - VALO360 - DEBUG - 自動保存已禁用，跳過配置保存
2025-08-17 00:02:43,039 - VALO360 - DEBUG - 自動保存已禁用，跳過配置保存
2025-08-17 00:02:43,039 - VALO360 - DEBUG - 自動保存已禁用，跳過配置保存
2025-08-17 00:02:43,040 - VALO360 - DEBUG - 自動保存已禁用，跳過配置保存
2025-08-17 00:02:43,040 - VALO360 - DEBUG - 自動保存已禁用，跳過配置保存
2025-08-17 00:02:43,040 - VALO360 - DEBUG - 自動保存已禁用，跳過配置保存
2025-08-17 00:02:43,040 - VALO360 - DEBUG - 自動保存已禁用，跳過配置保存
2025-08-17 00:02:43,041 - VALO360 - DEBUG - 自動保存已禁用，跳過配置保存
2025-08-17 00:02:43,041 - VALO360 - DEBUG - 自動保存已禁用，跳過配置保存
2025-08-17 00:02:43,041 - VALO360 - DEBUG - 自動保存已禁用，跳過配置保存
2025-08-17 00:02:43,041 - VALO360 - DEBUG - 自動保存已禁用，跳過配置保存
2025-08-17 00:02:43,043 - VALO360 - DEBUG - 自動保存已禁用，跳過配置保存
2025-08-17 00:02:43,043 - VALO360 - DEBUG - 自動保存已禁用，跳過配置保存
2025-08-17 00:02:43,043 - VALO360 - DEBUG - 自動保存已禁用，跳過配置保存
2025-08-17 00:02:43,043 - VALO360 - DEBUG - 自動保存已禁用，跳過配置保存
2025-08-17 00:02:43,044 - VALO360 - DEBUG - 自動保存已禁用，跳過配置保存
2025-08-17 00:02:43,044 - VALO360 - DEBUG - 自動保存已禁用，跳過配置保存
2025-08-17 00:02:43,044 - VALO360 - DEBUG - 自動保存已禁用，跳過配置保存
2025-08-17 00:02:43,044 - VALO360 - DEBUG - 自動保存已禁用，跳過配置保存
2025-08-17 00:02:43,045 - VALO360 - DEBUG - 自動保存已禁用，跳過配置保存
2025-08-17 00:02:43,045 - VALO360 - DEBUG - 自動保存已禁用，跳過配置保存
2025-08-17 00:02:43,045 - VALO360 - DEBUG - 自動保存已禁用，跳過配置保存
2025-08-17 00:02:43,045 - VALO360 - DEBUG - 自動保存已禁用，跳過配置保存
2025-08-17 00:02:43,047 - VALO360 - DEBUG - 自動保存已禁用，跳過配置保存
2025-08-17 00:02:43,047 - VALO360 - DEBUG - 自動保存已禁用，跳過配置保存
2025-08-17 00:02:43,047 - VALO360 - DEBUG - 自動保存已禁用，跳過配置保存
2025-08-17 00:02:43,047 - VALO360 - DEBUG - 自動保存已禁用，跳過配置保存
2025-08-17 00:02:43,048 - VALO360 - DEBUG - 自動保存已禁用，跳過配置保存
2025-08-17 00:02:43,049 - VALO360 - DEBUG - 自動保存已禁用，跳過配置保存
2025-08-17 00:02:43,049 - VALO360 - DEBUG - 自動保存已禁用，跳過配置保存
2025-08-17 00:02:43,049 - VALO360 - DEBUG - 自動保存已禁用，跳過配置保存
2025-08-17 00:02:43,050 - VALO360 - DEBUG - 自動保存已禁用，跳過配置保存
2025-08-17 00:02:43,050 - VALO360 - DEBUG - 自動保存已禁用，跳過配置保存
2025-08-17 00:02:43,050 - VALO360 - DEBUG - 自動保存已禁用，跳過配置保存
2025-08-17 00:02:43,051 - VALO360 - DEBUG - 自動保存已禁用，跳過配置保存
2025-08-17 00:02:43,051 - VALO360 - DEBUG - 自動保存已禁用，跳過配置保存
2025-08-17 00:02:43,052 - VALO360 - DEBUG - 自動保存已禁用，跳過配置保存
2025-08-17 00:02:43,052 - VALO360 - DEBUG - 自動保存已禁用，跳過配置保存
2025-08-17 00:02:43,052 - VALO360 - DEBUG - 自動保存已禁用，跳過配置保存
2025-08-17 00:02:43,053 - VALO360 - DEBUG - 自動保存已禁用，跳過配置保存
2025-08-17 00:02:43,053 - VALO360 - DEBUG - 自動保存已禁用，跳過配置保存
2025-08-17 00:02:43,053 - VALO360 - DEBUG - 自動保存已禁用，跳過配置保存
2025-08-17 00:02:43,053 - VALO360 - DEBUG - 自動保存已禁用，跳過配置保存
2025-08-17 00:02:43,054 - VALO360 - DEBUG - 自動保存已禁用，跳過配置保存
2025-08-17 00:02:43,054 - VALO360 - DEBUG - 自動保存已禁用，跳過配置保存
2025-08-17 00:02:43,054 - VALO360 - DEBUG - 自動保存已禁用，跳過配置保存
2025-08-17 00:02:43,055 - VALO360 - DEBUG - 自動保存已禁用，跳過配置保存
2025-08-17 00:02:43,055 - VALO360 - DEBUG - 自動保存已禁用，跳過配置保存
2025-08-17 00:02:43,056 - VALO360 - DEBUG - 自動保存已禁用，跳過配置保存
2025-08-17 00:02:43,056 - VALO360 - DEBUG - 自動保存已禁用，跳過配置保存
2025-08-17 00:02:43,056 - VALO360 - DEBUG - 自動保存已禁用，跳過配置保存
2025-08-17 00:02:43,057 - VALO360 - DEBUG - 自動保存已禁用，跳過配置保存
2025-08-17 00:02:43,057 - VALO360 - DEBUG - 自動保存已禁用，跳過配置保存
2025-08-17 00:02:43,057 - VALO360 - DEBUG - 自動保存已禁用，跳過配置保存
2025-08-17 00:02:43,057 - VALO360 - DEBUG - 自動保存已禁用，跳過配置保存
2025-08-17 00:02:43,058 - VALO360 - DEBUG - 自動保存已禁用，跳過配置保存
2025-08-17 00:02:43,058 - VALO360 - DEBUG - 自動保存已禁用，跳過配置保存
2025-08-17 00:02:43,058 - VALO360 - DEBUG - 自動保存已禁用，跳過配置保存
2025-08-17 00:02:43,058 - VALO360 - DEBUG - 自動保存已禁用，跳過配置保存
2025-08-17 00:02:43,059 - VALO360 - DEBUG - 自動保存已禁用，跳過配置保存
2025-08-17 00:02:43,059 - VALO360 - DEBUG - 自動保存已禁用，跳過配置保存
2025-08-17 00:02:43,059 - VALO360 - DEBUG - 自動保存已禁用，跳過配置保存
2025-08-17 00:02:43,059 - VALO360 - DEBUG - 自動保存已禁用，跳過配置保存
2025-08-17 00:02:43,060 - VALO360 - DEBUG - 自動保存已禁用，跳過配置保存
2025-08-17 00:02:43,060 - VALO360 - DEBUG - 自動保存已禁用，跳過配置保存
2025-08-17 00:02:43,060 - VALO360 - DEBUG - 自動保存已禁用，跳過配置保存
2025-08-17 00:02:43,060 - VALO360 - DEBUG - 自動保存已禁用，跳過配置保存
2025-08-17 00:02:43,061 - VALO360 - DEBUG - 自動保存已禁用，跳過配置保存
2025-08-17 00:02:43,061 - VALO360 - DEBUG - 自動保存已禁用，跳過配置保存
2025-08-17 00:02:43,061 - VALO360 - DEBUG - 自動保存已禁用，跳過配置保存
2025-08-17 00:02:43,062 - VALO360 - DEBUG - 自動保存已禁用，跳過配置保存
2025-08-17 00:02:43,062 - VALO360 - DEBUG - 自動保存已禁用，跳過配置保存
2025-08-17 00:02:43,062 - VALO360 - DEBUG - 自動保存已禁用，跳過配置保存
2025-08-17 00:02:43,062 - VALO360 - DEBUG - 自動保存已禁用，跳過配置保存
2025-08-17 00:02:43,063 - VALO360 - DEBUG - 自動保存已禁用，跳過配置保存
2025-08-17 00:02:43,063 - VALO360 - DEBUG - 自動保存已禁用，跳過配置保存
2025-08-17 00:02:43,063 - VALO360 - DEBUG - 自動保存已禁用，跳過配置保存
2025-08-17 00:02:43,064 - VALO360 - DEBUG - 自動保存已禁用，跳過配置保存
2025-08-17 00:02:43,064 - VALO360 - DEBUG - 自動保存已禁用，跳過配置保存
2025-08-17 00:02:43,064 - VALO360 - DEBUG - 自動保存已禁用，跳過配置保存
2025-08-17 00:02:43,065 - VALO360 - DEBUG - 自動保存已禁用，跳過配置保存
2025-08-17 00:02:43,065 - VALO360 - DEBUG - 自動保存已禁用，跳過配置保存
2025-08-17 00:02:43,065 - VALO360 - DEBUG - 自動保存已禁用，跳過配置保存
2025-08-17 00:02:43,066 - VALO360 - DEBUG - 自動保存已禁用，跳過配置保存
2025-08-17 00:02:43,066 - VALO360 - DEBUG - 自動保存已禁用，跳過配置保存
2025-08-17 00:02:43,066 - VALO360 - DEBUG - 自動保存已禁用，跳過配置保存
2025-08-17 00:02:43,066 - VALO360 - DEBUG - 自動保存已禁用，跳過配置保存
2025-08-17 00:02:43,067 - VALO360 - DEBUG - 自動保存已禁用，跳過配置保存
2025-08-17 00:02:43,067 - VALO360 - DEBUG - 自動保存已禁用，跳過配置保存
2025-08-17 00:02:43,067 - VALO360 - DEBUG - 自動保存已禁用，跳過配置保存
2025-08-17 00:02:43,067 - VALO360 - DEBUG - 自動保存已禁用，跳過配置保存
2025-08-17 00:02:43,068 - VALO360 - DEBUG - 自動保存已禁用，跳過配置保存
2025-08-17 00:02:43,068 - VALO360 - DEBUG - 自動保存已禁用，跳過配置保存
2025-08-17 00:02:43,068 - VALO360 - DEBUG - 自動保存已禁用，跳過配置保存
2025-08-17 00:02:43,068 - VALO360 - DEBUG - 自動保存已禁用，跳過配置保存
2025-08-17 00:02:43,069 - VALO360 - DEBUG - 自動保存已禁用，跳過配置保存
2025-08-17 00:02:43,069 - VALO360 - DEBUG - 自動保存已禁用，跳過配置保存
2025-08-17 00:02:43,069 - VALO360 - DEBUG - 自動保存已禁用，跳過配置保存
2025-08-17 00:02:43,069 - VALO360 - DEBUG - 自動保存已禁用，跳過配置保存
2025-08-17 00:02:43,070 - VALO360 - DEBUG - 自動保存已禁用，跳過配置保存
2025-08-17 00:02:43,070 - VALO360 - DEBUG - 自動保存已禁用，跳過配置保存
2025-08-17 00:02:43,071 - VALO360 - DEBUG - 自動保存已禁用，跳過配置保存
2025-08-17 00:02:43,071 - VALO360 - DEBUG - 自動保存已禁用，跳過配置保存
2025-08-17 00:02:43,071 - VALO360 - DEBUG - 自動保存已禁用，跳過配置保存
2025-08-17 00:02:43,071 - VALO360 - DEBUG - 自動保存已禁用，跳過配置保存
2025-08-17 00:02:43,072 - VALO360 - DEBUG - 自動保存已禁用，跳過配置保存
2025-08-17 00:02:43,072 - VALO360 - DEBUG - 自動保存已禁用，跳過配置保存
2025-08-17 00:02:43,072 - VALO360 - DEBUG - 自動保存已禁用，跳過配置保存
2025-08-17 00:02:43,072 - VALO360 - DEBUG - 自動保存已禁用，跳過配置保存
2025-08-17 00:02:43,073 - VALO360 - DEBUG - 自動保存已禁用，跳過配置保存
2025-08-17 00:02:43,073 - VALO360 - DEBUG - 自動保存已禁用，跳過配置保存
2025-08-17 00:02:43,073 - VALO360 - DEBUG - 自動保存已禁用，跳過配置保存
2025-08-17 00:02:43,074 - VALO360 - DEBUG - 自動保存已禁用，跳過配置保存
2025-08-17 00:02:43,074 - VALO360 - DEBUG - 自動保存已禁用，跳過配置保存
2025-08-17 00:02:43,074 - VALO360 - DEBUG - 自動保存已禁用，跳過配置保存
2025-08-17 00:02:43,075 - VALO360 - DEBUG - 自動保存已禁用，跳過配置保存
2025-08-17 00:02:43,075 - VALO360 - DEBUG - 自動保存已禁用，跳過配置保存
2025-08-17 00:02:43,075 - VALO360 - DEBUG - 自動保存已禁用，跳過配置保存
2025-08-17 00:02:43,075 - VALO360 - DEBUG - 自動保存已禁用，跳過配置保存
2025-08-17 00:02:43,076 - VALO360 - DEBUG - 自動保存已禁用，跳過配置保存
2025-08-17 00:02:43,076 - VALO360 - DEBUG - 自動保存已禁用，跳過配置保存
2025-08-17 00:02:43,076 - VALO360 - DEBUG - 自動保存已禁用，跳過配置保存
2025-08-17 00:02:43,076 - VALO360 - DEBUG - 自動保存已禁用，跳過配置保存
2025-08-17 00:02:43,077 - VALO360 - DEBUG - 自動保存已禁用，跳過配置保存
2025-08-17 00:02:43,077 - VALO360 - DEBUG - 自動保存已禁用，跳過配置保存
2025-08-17 00:02:43,077 - VALO360 - DEBUG - 自動保存已禁用，跳過配置保存
2025-08-17 00:02:43,077 - VALO360 - DEBUG - 自動保存已禁用，跳過配置保存
2025-08-17 00:02:43,078 - VALO360 - DEBUG - 自動保存已禁用，跳過配置保存
2025-08-17 00:02:43,079 - VALO360 - DEBUG - 自動保存已禁用，跳過配置保存
2025-08-17 00:02:43,079 - VALO360 - DEBUG - 自動保存已禁用，跳過配置保存
2025-08-17 00:02:43,079 - VALO360 - DEBUG - 自動保存已禁用，跳過配置保存
2025-08-17 00:02:43,080 - VALO360 - DEBUG - 自動保存已禁用，跳過配置保存
2025-08-17 00:02:43,080 - VALO360 - DEBUG - 自動保存已禁用，跳過配置保存
2025-08-17 00:02:43,081 - VALO360 - DEBUG - 自動保存已禁用，跳過配置保存
2025-08-17 00:02:43,081 - VALO360 - DEBUG - 自動保存已禁用，跳過配置保存
2025-08-17 00:02:43,082 - VALO360 - DEBUG - 自動保存已禁用，跳過配置保存
2025-08-17 00:02:43,083 - VALO360 - DEBUG - 自動保存已禁用，跳過配置保存
2025-08-17 00:02:43,083 - VALO360 - DEBUG - 自動保存已禁用，跳過配置保存
2025-08-17 00:02:43,083 - VALO360 - DEBUG - 自動保存已禁用，跳過配置保存
2025-08-17 00:02:43,084 - VALO360 - DEBUG - 自動保存已禁用，跳過配置保存
2025-08-17 00:02:43,084 - VALO360 - DEBUG - 自動保存已禁用，跳過配置保存
2025-08-17 00:02:43,084 - VALO360 - DEBUG - 自動保存已禁用，跳過配置保存
2025-08-17 00:02:43,085 - VALO360 - DEBUG - 自動保存已禁用，跳過配置保存
2025-08-17 00:02:43,085 - VALO360 - DEBUG - 自動保存已禁用，跳過配置保存
2025-08-17 00:02:43,086 - VALO360 - DEBUG - 自動保存已禁用，跳過配置保存
2025-08-17 00:02:43,086 - VALO360 - DEBUG - 自動保存已禁用，跳過配置保存
2025-08-17 00:02:43,086 - VALO360 - DEBUG - 自動保存已禁用，跳過配置保存
2025-08-17 00:02:43,087 - VALO360 - DEBUG - 自動保存已禁用，跳過配置保存
2025-08-17 00:02:43,087 - VALO360 - DEBUG - 自動保存已禁用，跳過配置保存
2025-08-17 00:02:43,087 - VALO360 - DEBUG - 自動保存已禁用，跳過配置保存
2025-08-17 00:02:43,088 - VALO360 - DEBUG - 自動保存已禁用，跳過配置保存
2025-08-17 00:02:43,088 - VALO360 - DEBUG - 自動保存已禁用，跳過配置保存
2025-08-17 00:02:43,089 - VALO360 - DEBUG - 自動保存已禁用，跳過配置保存
2025-08-17 00:02:43,089 - VALO360 - DEBUG - 自動保存已禁用，跳過配置保存
2025-08-17 00:02:43,089 - VALO360 - DEBUG - 自動保存已禁用，跳過配置保存
2025-08-17 00:02:43,090 - VALO360 - DEBUG - 自動保存已禁用，跳過配置保存
2025-08-17 00:02:43,090 - VALO360 - DEBUG - 自動保存已禁用，跳過配置保存
2025-08-17 00:02:43,090 - VALO360 - DEBUG - 自動保存已禁用，跳過配置保存
2025-08-17 00:02:43,090 - VALO360 - DEBUG - 自動保存已禁用，跳過配置保存
2025-08-17 00:02:43,091 - VALO360 - DEBUG - 自動保存已禁用，跳過配置保存
2025-08-17 00:02:43,091 - VALO360 - DEBUG - 自動保存已禁用，跳過配置保存
2025-08-17 00:02:43,091 - VALO360 - DEBUG - 自動保存已禁用，跳過配置保存
2025-08-17 00:02:43,091 - VALO360 - DEBUG - 自動保存已禁用，跳過配置保存
2025-08-17 00:02:43,092 - VALO360 - DEBUG - 自動保存已禁用，跳過配置保存
2025-08-17 00:02:43,092 - VALO360 - DEBUG - 自動保存已禁用，跳過配置保存
2025-08-17 00:02:43,092 - VALO360 - DEBUG - 自動保存已禁用，跳過配置保存
2025-08-17 00:02:43,093 - VALO360 - DEBUG - 自動保存已禁用，跳過配置保存
2025-08-17 00:02:43,093 - VALO360 - DEBUG - 自動保存已禁用，跳過配置保存
2025-08-17 00:02:43,093 - VALO360 - DEBUG - 自動保存已禁用，跳過配置保存
2025-08-17 00:02:43,094 - VALO360 - DEBUG - 自動保存已禁用，跳過配置保存
2025-08-17 00:02:43,094 - VALO360 - DEBUG - 自動保存已禁用，跳過配置保存
2025-08-17 00:02:43,095 - VALO360 - DEBUG - 自動保存已禁用，跳過配置保存
2025-08-17 00:02:43,095 - VALO360 - DEBUG - 自動保存已禁用，跳過配置保存
2025-08-17 00:02:43,096 - VALO360 - DEBUG - 自動保存已禁用，跳過配置保存
2025-08-17 00:02:43,096 - VALO360 - DEBUG - 自動保存已禁用，跳過配置保存
2025-08-17 00:02:43,097 - VALO360 - DEBUG - 自動保存已禁用，跳過配置保存
2025-08-17 00:02:43,098 - VALO360 - DEBUG - 自動保存已禁用，跳過配置保存
2025-08-17 00:02:43,099 - VALO360 - DEBUG - 自動保存已禁用，跳過配置保存
2025-08-17 00:02:43,099 - VALO360 - DEBUG - 自動保存已禁用，跳過配置保存
2025-08-17 00:02:43,103 - VALO360 - DEBUG - 自動保存已禁用，跳過配置保存
2025-08-17 00:02:43,103 - VALO360 - DEBUG - 自動保存已禁用，跳過配置保存
2025-08-17 00:02:43,103 - VALO360 - DEBUG - 自動保存已禁用，跳過配置保存
2025-08-17 00:02:43,104 - VALO360 - DEBUG - 自動保存已禁用，跳過配置保存
2025-08-17 00:02:43,104 - VALO360 - DEBUG - 自動保存已禁用，跳過配置保存
2025-08-17 00:02:43,104 - VALO360 - DEBUG - 自動保存已禁用，跳過配置保存
2025-08-17 00:02:43,104 - VALO360 - DEBUG - 自動保存已禁用，跳過配置保存
2025-08-17 00:02:43,105 - VALO360 - DEBUG - 自動保存已禁用，跳過配置保存
2025-08-17 00:02:43,105 - VALO360 - DEBUG - 自動保存已禁用，跳過配置保存
2025-08-17 00:02:43,105 - VALO360 - DEBUG - 自動保存已禁用，跳過配置保存
2025-08-17 00:02:43,105 - VALO360 - DEBUG - 自動保存已禁用，跳過配置保存
2025-08-17 00:02:43,106 - VALO360 - DEBUG - 自動保存已禁用，跳過配置保存
2025-08-17 00:02:43,106 - VALO360 - DEBUG - 自動保存已禁用，跳過配置保存
2025-08-17 00:02:43,106 - VALO360 - DEBUG - 自動保存已禁用，跳過配置保存
2025-08-17 00:02:43,106 - VALO360 - DEBUG - 自動保存已禁用，跳過配置保存
2025-08-17 00:02:43,107 - VALO360 - DEBUG - 自動保存已禁用，跳過配置保存
2025-08-17 00:02:43,107 - VALO360 - DEBUG - 自動保存已禁用，跳過配置保存
2025-08-17 00:02:43,107 - VALO360 - DEBUG - 自動保存已禁用，跳過配置保存
2025-08-17 00:02:43,107 - VALO360 - DEBUG - 自動保存已禁用，跳過配置保存
2025-08-17 00:02:43,107 - VALO360 - DEBUG - 自動保存已禁用，跳過配置保存
2025-08-17 00:02:43,119 - VALO360 - DEBUG - 自動保存已禁用，跳過配置保存
2025-08-17 00:02:43,119 - VALO360 - DEBUG - 自動保存已禁用，跳過配置保存
2025-08-17 00:02:43,119 - VALO360 - DEBUG - 自動保存已禁用，跳過配置保存
2025-08-17 00:02:43,119 - VALO360 - DEBUG - 自動保存已禁用，跳過配置保存
2025-08-17 00:02:43,120 - VALO360 - DEBUG - 自動保存已禁用，跳過配置保存
2025-08-17 00:02:43,120 - VALO360 - DEBUG - 自動保存已禁用，跳過配置保存
2025-08-17 00:02:43,120 - VALO360 - DEBUG - 自動保存已禁用，跳過配置保存
2025-08-17 00:02:43,120 - VALO360 - DEBUG - 自動保存已禁用，跳過配置保存
2025-08-17 00:02:43,121 - VALO360 - DEBUG - 自動保存已禁用，跳過配置保存
2025-08-17 00:02:43,121 - VALO360 - DEBUG - 自動保存已禁用，跳過配置保存
2025-08-17 00:02:43,122 - VALO360 - DEBUG - 自動保存已禁用，跳過配置保存
2025-08-17 00:02:43,122 - VALO360 - DEBUG - 自動保存已禁用，跳過配置保存
2025-08-17 00:02:43,123 - VALO360 - DEBUG - 自動保存已禁用，跳過配置保存
2025-08-17 00:02:43,123 - VALO360 - DEBUG - 自動保存已禁用，跳過配置保存
2025-08-17 00:02:43,123 - VALO360 - DEBUG - 自動保存已禁用，跳過配置保存
2025-08-17 00:02:43,124 - VALO360 - DEBUG - 自動保存已禁用，跳過配置保存
2025-08-17 00:02:43,128 - VALO360 - DEBUG - 自動保存已禁用，跳過配置保存
2025-08-17 00:02:43,128 - VALO360 - DEBUG - 自動保存已禁用，跳過配置保存
2025-08-17 00:02:43,128 - VALO360 - DEBUG - 自動保存已禁用，跳過配置保存
2025-08-17 00:02:43,129 - VALO360 - DEBUG - 自動保存已禁用，跳過配置保存
2025-08-17 00:02:43,129 - VALO360 - DEBUG - 自動保存已禁用，跳過配置保存
2025-08-17 00:02:43,129 - VALO360 - DEBUG - 自動保存已禁用，跳過配置保存
2025-08-17 00:02:43,129 - VALO360 - DEBUG - 自動保存已禁用，跳過配置保存
2025-08-17 00:02:43,130 - VALO360 - DEBUG - 自動保存已禁用，跳過配置保存
2025-08-17 00:02:43,130 - VALO360 - DEBUG - 自動保存已禁用，跳過配置保存
2025-08-17 00:02:43,130 - VALO360 - DEBUG - 自動保存已禁用，跳過配置保存
2025-08-17 00:02:43,130 - VALO360 - DEBUG - 自動保存已禁用，跳過配置保存
2025-08-17 00:02:43,131 - VALO360 - DEBUG - 自動保存已禁用，跳過配置保存
2025-08-17 00:02:43,131 - VALO360 - DEBUG - 自動保存已禁用，跳過配置保存
2025-08-17 00:02:43,131 - VALO360 - DEBUG - 自動保存已禁用，跳過配置保存
2025-08-17 00:02:43,131 - VALO360 - DEBUG - 自動保存已禁用，跳過配置保存
2025-08-17 00:02:43,131 - VALO360 - DEBUG - 自動保存已禁用，跳過配置保存
2025-08-17 00:02:43,132 - VALO360 - DEBUG - 自動保存已禁用，跳過配置保存
2025-08-17 00:02:43,132 - VALO360 - DEBUG - 自動保存已禁用，跳過配置保存
2025-08-17 00:02:43,132 - VALO360 - DEBUG - 自動保存已禁用，跳過配置保存
2025-08-17 00:02:43,132 - VALO360 - DEBUG - 自動保存已禁用，跳過配置保存
2025-08-17 00:02:43,133 - VALO360 - DEBUG - 自動保存已禁用，跳過配置保存
2025-08-17 00:02:43,133 - VALO360 - DEBUG - 自動保存已禁用，跳過配置保存
2025-08-17 00:02:43,133 - VALO360 - DEBUG - 自動保存已禁用，跳過配置保存
2025-08-17 00:02:43,133 - VALO360 - DEBUG - 自動保存已禁用，跳過配置保存
2025-08-17 00:02:43,134 - VALO360 - DEBUG - 自動保存已禁用，跳過配置保存
2025-08-17 00:02:43,134 - VALO360 - DEBUG - 自動保存已禁用，跳過配置保存
2025-08-17 00:02:43,134 - VALO360 - DEBUG - 自動保存已禁用，跳過配置保存
2025-08-17 00:02:43,135 - VALO360 - DEBUG - 自動保存已禁用，跳過配置保存
2025-08-17 00:02:43,135 - VALO360 - DEBUG - 自動保存已禁用，跳過配置保存
2025-08-17 00:02:43,135 - VALO360 - DEBUG - 自動保存已禁用，跳過配置保存
2025-08-17 00:02:43,136 - VALO360 - DEBUG - 自動保存已禁用，跳過配置保存
2025-08-17 00:02:43,136 - VALO360 - DEBUG - 自動保存已禁用，跳過配置保存
2025-08-17 00:02:43,136 - VALO360 - DEBUG - 自動保存已禁用，跳過配置保存
2025-08-17 00:02:43,136 - VALO360 - DEBUG - 自動保存已禁用，跳過配置保存
2025-08-17 00:02:43,137 - VALO360 - DEBUG - 自動保存已禁用，跳過配置保存
2025-08-17 00:02:43,137 - VALO360 - DEBUG - 自動保存已禁用，跳過配置保存
2025-08-17 00:02:43,137 - VALO360 - DEBUG - 自動保存已禁用，跳過配置保存
2025-08-17 00:02:43,137 - VALO360 - DEBUG - 自動保存已禁用，跳過配置保存
2025-08-17 00:02:43,138 - VALO360 - DEBUG - 自動保存已禁用，跳過配置保存
2025-08-17 00:02:43,138 - VALO360 - DEBUG - 自動保存已禁用，跳過配置保存
2025-08-17 00:02:43,138 - VALO360 - DEBUG - 自動保存已禁用，跳過配置保存
2025-08-17 00:02:43,138 - VALO360 - DEBUG - 自動保存已禁用，跳過配置保存
2025-08-17 00:02:43,139 - VALO360 - DEBUG - 自動保存已禁用，跳過配置保存
2025-08-17 00:02:43,139 - VALO360 - DEBUG - 自動保存已禁用，跳過配置保存
2025-08-17 00:02:43,139 - VALO360 - DEBUG - 自動保存已禁用，跳過配置保存
2025-08-17 00:02:43,140 - VALO360 - DEBUG - 自動保存已禁用，跳過配置保存
2025-08-17 00:02:43,140 - VALO360 - DEBUG - 自動保存已禁用，跳過配置保存
2025-08-17 00:02:43,140 - VALO360 - DEBUG - 自動保存已禁用，跳過配置保存
2025-08-17 00:02:43,141 - VALO360 - DEBUG - 自動保存已禁用，跳過配置保存
2025-08-17 00:02:43,141 - VALO360 - DEBUG - 自動保存已禁用，跳過配置保存
2025-08-17 00:02:43,141 - VALO360 - DEBUG - 自動保存已禁用，跳過配置保存
2025-08-17 00:02:43,141 - VALO360 - DEBUG - 自動保存已禁用，跳過配置保存
2025-08-17 00:02:43,141 - VALO360 - DEBUG - 自動保存已禁用，跳過配置保存
2025-08-17 00:02:43,142 - VALO360 - DEBUG - 自動保存已禁用，跳過配置保存
2025-08-17 00:02:43,142 - VALO360 - DEBUG - 自動保存已禁用，跳過配置保存
2025-08-17 00:02:43,142 - VALO360 - DEBUG - 自動保存已禁用，跳過配置保存
2025-08-17 00:02:43,142 - VALO360 - DEBUG - 自動保存已禁用，跳過配置保存
2025-08-17 00:02:43,143 - VALO360 - DEBUG - 自動保存已禁用，跳過配置保存
2025-08-17 00:02:43,143 - VALO360 - DEBUG - 自動保存已禁用，跳過配置保存
2025-08-17 00:02:43,143 - VALO360 - DEBUG - 自動保存已禁用，跳過配置保存
2025-08-17 00:02:43,143 - VALO360 - DEBUG - 自動保存已禁用，跳過配置保存
2025-08-17 00:02:43,143 - VALO360 - DEBUG - 自動保存已禁用，跳過配置保存
2025-08-17 00:02:43,144 - VALO360 - DEBUG - 自動保存已禁用，跳過配置保存
2025-08-17 00:02:43,144 - VALO360 - DEBUG - 自動保存已禁用，跳過配置保存
2025-08-17 00:02:43,148 - VALO360 - DEBUG - 自動保存已禁用，跳過配置保存
2025-08-17 00:02:43,149 - VALO360 - DEBUG - 自動保存已禁用，跳過配置保存
2025-08-17 00:02:43,149 - VALO360 - DEBUG - 自動保存已禁用，跳過配置保存
2025-08-17 00:02:43,149 - VALO360 - DEBUG - 自動保存已禁用，跳過配置保存
2025-08-17 00:02:43,150 - VALO360 - DEBUG - 自動保存已禁用，跳過配置保存
2025-08-17 00:02:43,150 - VALO360 - DEBUG - 自動保存已禁用，跳過配置保存
2025-08-17 00:02:43,150 - VALO360 - DEBUG - 自動保存已禁用，跳過配置保存
2025-08-17 00:02:43,150 - VALO360 - DEBUG - 自動保存已禁用，跳過配置保存
2025-08-17 00:02:43,151 - VALO360 - DEBUG - 自動保存已禁用，跳過配置保存
2025-08-17 00:02:43,151 - VALO360 - DEBUG - 自動保存已禁用，跳過配置保存
2025-08-17 00:02:43,151 - VALO360 - DEBUG - 自動保存已禁用，跳過配置保存
2025-08-17 00:02:43,152 - VALO360 - DEBUG - 自動保存已禁用，跳過配置保存
2025-08-17 00:02:43,152 - VALO360 - DEBUG - 自動保存已禁用，跳過配置保存
2025-08-17 00:02:43,153 - VALO360 - DEBUG - 自動保存已禁用，跳過配置保存
2025-08-17 00:02:43,153 - VALO360 - DEBUG - 自動保存已禁用，跳過配置保存
2025-08-17 00:02:43,153 - VALO360 - DEBUG - 自動保存已禁用，跳過配置保存
2025-08-17 00:02:43,154 - VALO360 - DEBUG - 自動保存已禁用，跳過配置保存
2025-08-17 00:02:43,154 - VALO360 - DEBUG - 自動保存已禁用，跳過配置保存
2025-08-17 00:02:43,154 - VALO360 - DEBUG - 自動保存已禁用，跳過配置保存
2025-08-17 00:02:43,154 - VALO360 - DEBUG - 自動保存已禁用，跳過配置保存
2025-08-17 00:02:43,156 - VALO360 - DEBUG - 自動保存已禁用，跳過配置保存
2025-08-17 00:02:43,156 - VALO360 - DEBUG - 自動保存已禁用，跳過配置保存
2025-08-17 00:02:43,156 - VALO360 - DEBUG - 自動保存已禁用，跳過配置保存
2025-08-17 00:02:43,156 - VALO360 - DEBUG - 自動保存已禁用，跳過配置保存
2025-08-17 00:02:43,158 - VALO360 - DEBUG - 自動保存已禁用，跳過配置保存
2025-08-17 00:02:43,158 - VALO360 - DEBUG - 自動保存已禁用，跳過配置保存
2025-08-17 00:02:43,158 - VALO360 - DEBUG - 自動保存已禁用，跳過配置保存
2025-08-17 00:02:43,158 - VALO360 - DEBUG - 自動保存已禁用，跳過配置保存
2025-08-17 00:02:43,159 - VALO360 - DEBUG - 自動保存已禁用，跳過配置保存
2025-08-17 00:02:43,159 - VALO360 - DEBUG - 自動保存已禁用，跳過配置保存
2025-08-17 00:02:43,159 - VALO360 - DEBUG - 自動保存已禁用，跳過配置保存
2025-08-17 00:02:43,159 - VALO360 - DEBUG - 自動保存已禁用，跳過配置保存
2025-08-17 00:02:43,160 - VALO360 - DEBUG - 自動保存已禁用，跳過配置保存
2025-08-17 00:02:43,160 - VALO360 - DEBUG - 自動保存已禁用，跳過配置保存
2025-08-17 00:02:43,160 - VALO360 - DEBUG - 自動保存已禁用，跳過配置保存
2025-08-17 00:02:43,161 - VALO360 - DEBUG - 自動保存已禁用，跳過配置保存
2025-08-17 00:02:43,161 - VALO360 - DEBUG - 自動保存已禁用，跳過配置保存
2025-08-17 00:02:43,161 - VALO360 - DEBUG - 自動保存已禁用，跳過配置保存
2025-08-17 00:02:43,161 - VALO360 - DEBUG - 自動保存已禁用，跳過配置保存
2025-08-17 00:02:43,162 - VALO360 - DEBUG - 自動保存已禁用，跳過配置保存
2025-08-17 00:02:43,162 - VALO360 - DEBUG - 自動保存已禁用，跳過配置保存
2025-08-17 00:02:43,162 - VALO360 - DEBUG - 自動保存已禁用，跳過配置保存
2025-08-17 00:02:43,163 - VALO360 - DEBUG - 自動保存已禁用，跳過配置保存
2025-08-17 00:02:43,163 - VALO360 - DEBUG - 自動保存已禁用，跳過配置保存
2025-08-17 00:02:43,163 - VALO360 - DEBUG - 自動保存已禁用，跳過配置保存
2025-08-17 00:02:43,163 - VALO360 - DEBUG - 自動保存已禁用，跳過配置保存
2025-08-17 00:02:43,164 - VALO360 - DEBUG - 自動保存已禁用，跳過配置保存
2025-08-17 00:02:43,164 - VALO360 - DEBUG - 自動保存已禁用，跳過配置保存
2025-08-17 00:02:43,164 - VALO360 - DEBUG - 自動保存已禁用，跳過配置保存
2025-08-17 00:02:43,165 - VALO360 - DEBUG - 自動保存已禁用，跳過配置保存
2025-08-17 00:02:43,165 - VALO360 - DEBUG - 自動保存已禁用，跳過配置保存
2025-08-17 00:02:43,165 - VALO360 - DEBUG - 自動保存已禁用，跳過配置保存
2025-08-17 00:02:43,166 - VALO360 - DEBUG - 自動保存已禁用，跳過配置保存
2025-08-17 00:02:43,166 - VALO360 - DEBUG - 自動保存已禁用，跳過配置保存
2025-08-17 00:02:43,166 - VALO360 - DEBUG - 自動保存已禁用，跳過配置保存
2025-08-17 00:02:43,166 - VALO360 - DEBUG - 自動保存已禁用，跳過配置保存
2025-08-17 00:02:43,167 - VALO360 - DEBUG - 自動保存已禁用，跳過配置保存
2025-08-17 00:02:43,167 - VALO360 - DEBUG - 自動保存已禁用，跳過配置保存
2025-08-17 00:02:43,167 - VALO360 - DEBUG - 自動保存已禁用，跳過配置保存
2025-08-17 00:02:43,168 - VALO360 - DEBUG - 自動保存已禁用，跳過配置保存
2025-08-17 00:02:43,174 - VALO360 - DEBUG - 自動保存已禁用，跳過配置保存
2025-08-17 00:02:43,174 - VALO360 - DEBUG - 自動保存已禁用，跳過配置保存
2025-08-17 00:02:43,175 - VALO360 - DEBUG - 自動保存已禁用，跳過配置保存
2025-08-17 00:02:43,175 - VALO360 - DEBUG - 自動保存已禁用，跳過配置保存
2025-08-17 00:02:43,175 - VALO360 - DEBUG - 自動保存已禁用，跳過配置保存
2025-08-17 00:02:43,176 - VALO360 - DEBUG - 自動保存已禁用，跳過配置保存
2025-08-17 00:02:43,176 - VALO360 - DEBUG - 自動保存已禁用，跳過配置保存
2025-08-17 00:02:43,176 - VALO360 - DEBUG - 自動保存已禁用，跳過配置保存
2025-08-17 00:02:43,176 - VALO360 - DEBUG - 自動保存已禁用，跳過配置保存
2025-08-17 00:02:43,177 - VALO360 - DEBUG - 自動保存已禁用，跳過配置保存
2025-08-17 00:02:43,177 - VALO360 - DEBUG - 自動保存已禁用，跳過配置保存
2025-08-17 00:02:43,177 - VALO360 - DEBUG - 自動保存已禁用，跳過配置保存
2025-08-17 00:02:43,178 - VALO360 - DEBUG - 自動保存已禁用，跳過配置保存
2025-08-17 00:02:43,178 - VALO360 - DEBUG - 自動保存已禁用，跳過配置保存
2025-08-17 00:02:43,178 - VALO360 - DEBUG - 自動保存已禁用，跳過配置保存
2025-08-17 00:02:43,178 - VALO360 - DEBUG - 自動保存已禁用，跳過配置保存
2025-08-17 00:02:43,179 - VALO360 - DEBUG - 自動保存已禁用，跳過配置保存
2025-08-17 00:02:43,180 - VALO360 - DEBUG - 自動保存已禁用，跳過配置保存
2025-08-17 00:02:43,180 - VALO360 - DEBUG - 自動保存已禁用，跳過配置保存
2025-08-17 00:02:43,180 - VALO360 - DEBUG - 自動保存已禁用，跳過配置保存
2025-08-17 00:02:43,181 - VALO360 - DEBUG - 自動保存已禁用，跳過配置保存
2025-08-17 00:02:43,181 - VALO360 - DEBUG - 自動保存已禁用，跳過配置保存
2025-08-17 00:02:43,181 - VALO360 - DEBUG - 自動保存已禁用，跳過配置保存
2025-08-17 00:02:43,182 - VALO360 - DEBUG - 自動保存已禁用，跳過配置保存
2025-08-17 00:02:43,184 - VALO360 - DEBUG - 自動保存已禁用，跳過配置保存
2025-08-17 00:02:43,184 - VALO360 - DEBUG - 自動保存已禁用，跳過配置保存
2025-08-17 00:02:43,184 - VALO360 - DEBUG - 自動保存已禁用，跳過配置保存
2025-08-17 00:02:43,185 - VALO360 - DEBUG - 自動保存已禁用，跳過配置保存
2025-08-17 00:02:43,186 - VALO360 - DEBUG - 自動保存已禁用，跳過配置保存
2025-08-17 00:02:43,187 - VALO360 - DEBUG - 自動保存已禁用，跳過配置保存
2025-08-17 00:02:43,187 - VALO360 - DEBUG - 自動保存已禁用，跳過配置保存
2025-08-17 00:02:43,188 - VALO360 - DEBUG - 自動保存已禁用，跳過配置保存
2025-08-17 00:02:43,189 - VALO360 - DEBUG - 自動保存已禁用，跳過配置保存
2025-08-17 00:02:43,189 - VALO360 - DEBUG - 自動保存已禁用，跳過配置保存
2025-08-17 00:02:43,189 - VALO360 - DEBUG - 自動保存已禁用，跳過配置保存
2025-08-17 00:02:43,189 - VALO360 - DEBUG - 自動保存已禁用，跳過配置保存
2025-08-17 00:02:43,191 - VALO360 - DEBUG - 自動保存已禁用，跳過配置保存
2025-08-17 00:02:43,191 - VALO360 - DEBUG - 自動保存已禁用，跳過配置保存
2025-08-17 00:02:43,191 - VALO360 - DEBUG - 自動保存已禁用，跳過配置保存
2025-08-17 00:02:43,192 - VALO360 - DEBUG - 自動保存已禁用，跳過配置保存
2025-08-17 00:02:43,192 - VALO360 - DEBUG - 自動保存已禁用，跳過配置保存
2025-08-17 00:02:43,193 - VALO360 - DEBUG - 自動保存已禁用，跳過配置保存
2025-08-17 00:02:43,193 - VALO360 - DEBUG - 自動保存已禁用，跳過配置保存
2025-08-17 00:02:43,193 - VALO360 - DEBUG - 自動保存已禁用，跳過配置保存
2025-08-17 00:02:43,194 - VALO360 - DEBUG - 自動保存已禁用，跳過配置保存
2025-08-17 00:02:43,194 - VALO360 - DEBUG - 自動保存已禁用，跳過配置保存
2025-08-17 00:02:43,194 - VALO360 - DEBUG - 自動保存已禁用，跳過配置保存
2025-08-17 00:02:43,195 - VALO360 - DEBUG - 自動保存已禁用，跳過配置保存
2025-08-17 00:02:43,197 - VALO360 - DEBUG - 自動保存已禁用，跳過配置保存
2025-08-17 00:02:43,198 - VALO360 - DEBUG - 自動保存已禁用，跳過配置保存
2025-08-17 00:02:43,198 - VALO360 - DEBUG - 自動保存已禁用，跳過配置保存
2025-08-17 00:02:43,198 - VALO360 - DEBUG - 自動保存已禁用，跳過配置保存
2025-08-17 00:02:43,199 - VALO360 - DEBUG - 自動保存已禁用，跳過配置保存
2025-08-17 00:02:43,199 - VALO360 - DEBUG - 自動保存已禁用，跳過配置保存
2025-08-17 00:02:43,199 - VALO360 - DEBUG - 自動保存已禁用，跳過配置保存
2025-08-17 00:02:43,200 - VALO360 - DEBUG - 自動保存已禁用，跳過配置保存
2025-08-17 00:02:43,200 - VALO360 - DEBUG - 自動保存已禁用，跳過配置保存
2025-08-17 00:02:43,201 - VALO360 - DEBUG - 自動保存已禁用，跳過配置保存
2025-08-17 00:02:43,201 - VALO360 - DEBUG - 自動保存已禁用，跳過配置保存
2025-08-17 00:02:43,201 - VALO360 - DEBUG - 自動保存已禁用，跳過配置保存
2025-08-17 00:02:43,209 - VALO360 - DEBUG - 自動保存已禁用，跳過配置保存
2025-08-17 00:02:43,209 - VALO360 - DEBUG - 自動保存已禁用，跳過配置保存
2025-08-17 00:02:43,210 - VALO360 - DEBUG - 自動保存已禁用，跳過配置保存
2025-08-17 00:02:43,210 - VALO360 - DEBUG - 自動保存已禁用，跳過配置保存
2025-08-17 00:02:43,210 - VALO360 - DEBUG - 自動保存已禁用，跳過配置保存
2025-08-17 00:02:43,211 - VALO360 - DEBUG - 自動保存已禁用，跳過配置保存
2025-08-17 00:02:43,211 - VALO360 - DEBUG - 自動保存已禁用，跳過配置保存
2025-08-17 00:02:43,211 - VALO360 - DEBUG - 自動保存已禁用，跳過配置保存
2025-08-17 00:02:43,211 - VALO360 - DEBUG - 自動保存已禁用，跳過配置保存
2025-08-17 00:02:43,212 - VALO360 - DEBUG - 自動保存已禁用，跳過配置保存
2025-08-17 00:02:43,212 - VALO360 - DEBUG - 自動保存已禁用，跳過配置保存
2025-08-17 00:02:43,212 - VALO360 - DEBUG - 自動保存已禁用，跳過配置保存
2025-08-17 00:02:43,227 - VALO360 - DEBUG - 自動保存已禁用，跳過配置保存
2025-08-17 00:02:43,227 - VALO360 - DEBUG - 自動保存已禁用，跳過配置保存
2025-08-17 00:02:43,228 - VALO360 - DEBUG - 自動保存已禁用，跳過配置保存
2025-08-17 00:02:43,228 - VALO360 - DEBUG - 自動保存已禁用，跳過配置保存
2025-08-17 00:02:43,238 - VALO360 - DEBUG - 自動保存已禁用，跳過配置保存
2025-08-17 00:02:43,239 - VALO360 - DEBUG - 自動保存已禁用，跳過配置保存
2025-08-17 00:02:43,239 - VALO360 - DEBUG - 自動保存已禁用，跳過配置保存
2025-08-17 00:02:43,239 - VALO360 - DEBUG - 自動保存已禁用，跳過配置保存
2025-08-17 00:02:43,254 - VALO360 - DEBUG - 自動保存已禁用，跳過配置保存
2025-08-17 00:02:43,254 - VALO360 - DEBUG - 自動保存已禁用，跳過配置保存
2025-08-17 00:02:43,254 - VALO360 - DEBUG - 自動保存已禁用，跳過配置保存
2025-08-17 00:02:43,254 - VALO360 - DEBUG - 自動保存已禁用，跳過配置保存
2025-08-17 00:02:43,256 - VALO360 - DEBUG - 自動保存已禁用，跳過配置保存
2025-08-17 00:02:43,257 - VALO360 - DEBUG - 自動保存已禁用，跳過配置保存
2025-08-17 00:02:43,257 - VALO360 - DEBUG - 自動保存已禁用，跳過配置保存
2025-08-17 00:02:43,257 - VALO360 - DEBUG - 自動保存已禁用，跳過配置保存
2025-08-17 00:02:43,258 - VALO360 - DEBUG - 自動保存已禁用，跳過配置保存
2025-08-17 00:02:43,258 - VALO360 - DEBUG - 自動保存已禁用，跳過配置保存
2025-08-17 00:02:43,258 - VALO360 - DEBUG - 自動保存已禁用，跳過配置保存
2025-08-17 00:02:43,258 - VALO360 - DEBUG - 自動保存已禁用，跳過配置保存
2025-08-17 00:02:43,292 - VALO360 - DEBUG - 自動保存已禁用，跳過配置保存
2025-08-17 00:02:43,292 - VALO360 - DEBUG - 自動保存已禁用，跳過配置保存
2025-08-17 00:02:43,292 - VALO360 - DEBUG - 自動保存已禁用，跳過配置保存
2025-08-17 00:02:43,292 - VALO360 - DEBUG - 自動保存已禁用，跳過配置保存
2025-08-17 00:02:43,387 - VALO360 - DEBUG - 自動保存已禁用，跳過配置保存
2025-08-17 00:02:43,387 - VALO360 - DEBUG - 自動保存已禁用，跳過配置保存
2025-08-17 00:02:43,387 - VALO360 - DEBUG - 自動保存已禁用，跳過配置保存
2025-08-17 00:02:43,387 - VALO360 - DEBUG - 自動保存已禁用，跳過配置保存
2025-08-17 00:02:43,388 - VALO360 - DEBUG - 自動保存已禁用，跳過配置保存
2025-08-17 00:02:43,388 - VALO360 - DEBUG - 自動保存已禁用，跳過配置保存
2025-08-17 00:02:43,389 - VALO360 - DEBUG - 自動保存已禁用，跳過配置保存
2025-08-17 00:02:43,389 - VALO360 - DEBUG - 自動保存已禁用，跳過配置保存
2025-08-17 00:02:43,389 - VALO360 - DEBUG - 自動保存已禁用，跳過配置保存
2025-08-17 00:02:43,390 - VALO360 - DEBUG - 自動保存已禁用，跳過配置保存
2025-08-17 00:02:43,390 - VALO360 - DEBUG - 自動保存已禁用，跳過配置保存
2025-08-17 00:02:43,390 - VALO360 - DEBUG - 自動保存已禁用，跳過配置保存
2025-08-17 00:02:43,390 - VALO360 - DEBUG - 自動保存已禁用，跳過配置保存
2025-08-17 00:02:43,391 - VALO360 - DEBUG - 自動保存已禁用，跳過配置保存
2025-08-17 00:02:43,391 - VALO360 - DEBUG - 自動保存已禁用，跳過配置保存
2025-08-17 00:02:43,391 - VALO360 - DEBUG - 自動保存已禁用，跳過配置保存
2025-08-17 00:02:43,392 - VALO360 - DEBUG - 自動保存已禁用，跳過配置保存
2025-08-17 00:02:43,392 - VALO360 - DEBUG - 自動保存已禁用，跳過配置保存
2025-08-17 00:02:43,392 - VALO360 - DEBUG - 自動保存已禁用，跳過配置保存
2025-08-17 00:02:43,392 - VALO360 - DEBUG - 自動保存已禁用，跳過配置保存
2025-08-17 00:02:43,393 - VALO360 - DEBUG - 自動保存已禁用，跳過配置保存
2025-08-17 00:02:43,393 - VALO360 - DEBUG - 自動保存已禁用，跳過配置保存
2025-08-17 00:02:43,393 - VALO360 - DEBUG - 自動保存已禁用，跳過配置保存
2025-08-17 00:02:43,393 - VALO360 - DEBUG - 自動保存已禁用，跳過配置保存
2025-08-17 00:02:43,394 - VALO360 - DEBUG - 自動保存已禁用，跳過配置保存
2025-08-17 00:02:43,394 - VALO360 - DEBUG - 自動保存已禁用，跳過配置保存
2025-08-17 00:02:43,394 - VALO360 - DEBUG - 自動保存已禁用，跳過配置保存
2025-08-17 00:02:43,394 - VALO360 - DEBUG - 自動保存已禁用，跳過配置保存
2025-08-17 00:02:43,395 - VALO360 - DEBUG - 自動保存已禁用，跳過配置保存
2025-08-17 00:02:43,395 - VALO360 - DEBUG - 自動保存已禁用，跳過配置保存
2025-08-17 00:02:43,395 - VALO360 - DEBUG - 自動保存已禁用，跳過配置保存
2025-08-17 00:02:43,395 - VALO360 - DEBUG - 自動保存已禁用，跳過配置保存
2025-08-17 00:02:43,402 - VALO360 - DEBUG - 自動保存已禁用，跳過配置保存
2025-08-17 00:02:43,402 - VALO360 - DEBUG - 自動保存已禁用，跳過配置保存
2025-08-17 00:02:43,402 - VALO360 - DEBUG - 自動保存已禁用，跳過配置保存
2025-08-17 00:02:43,402 - VALO360 - DEBUG - 自動保存已禁用，跳過配置保存
2025-08-17 00:02:43,404 - VALO360 - DEBUG - 自動保存已禁用，跳過配置保存
2025-08-17 00:02:43,404 - VALO360 - DEBUG - 自動保存已禁用，跳過配置保存
2025-08-17 00:02:43,404 - VALO360 - DEBUG - 自動保存已禁用，跳過配置保存
2025-08-17 00:02:43,404 - VALO360 - DEBUG - 自動保存已禁用，跳過配置保存
2025-08-17 00:02:43,405 - VALO360 - DEBUG - 自動保存已禁用，跳過配置保存
2025-08-17 00:02:43,405 - VALO360 - DEBUG - 自動保存已禁用，跳過配置保存
2025-08-17 00:02:43,406 - VALO360 - DEBUG - 自動保存已禁用，跳過配置保存
2025-08-17 00:02:43,406 - VALO360 - DEBUG - 自動保存已禁用，跳過配置保存
2025-08-17 00:02:43,406 - VALO360 - DEBUG - 自動保存已禁用，跳過配置保存
2025-08-17 00:02:43,406 - VALO360 - DEBUG - 自動保存已禁用，跳過配置保存
2025-08-17 00:02:43,407 - VALO360 - DEBUG - 自動保存已禁用，跳過配置保存
2025-08-17 00:02:43,407 - VALO360 - DEBUG - 自動保存已禁用，跳過配置保存
2025-08-17 00:02:43,410 - VALO360 - DEBUG - 自動保存已禁用，跳過配置保存
2025-08-17 00:02:43,410 - VALO360 - DEBUG - 自動保存已禁用，跳過配置保存
2025-08-17 00:02:43,411 - VALO360 - DEBUG - 自動保存已禁用，跳過配置保存
2025-08-17 00:02:43,411 - VALO360 - DEBUG - 自動保存已禁用，跳過配置保存
2025-08-17 00:02:43,412 - VALO360 - DEBUG - 自動保存已禁用，跳過配置保存
2025-08-17 00:02:43,412 - VALO360 - DEBUG - 自動保存已禁用，跳過配置保存
2025-08-17 00:02:43,412 - VALO360 - DEBUG - 自動保存已禁用，跳過配置保存
2025-08-17 00:02:43,412 - VALO360 - DEBUG - 自動保存已禁用，跳過配置保存
2025-08-17 00:02:43,414 - VALO360 - DEBUG - 自動保存已禁用，跳過配置保存
2025-08-17 00:02:43,414 - VALO360 - DEBUG - 自動保存已禁用，跳過配置保存
2025-08-17 00:02:43,414 - VALO360 - DEBUG - 自動保存已禁用，跳過配置保存
2025-08-17 00:02:43,414 - VALO360 - DEBUG - 自動保存已禁用，跳過配置保存
2025-08-17 00:02:43,414 - VALO360 - DEBUG - 自動保存已禁用，跳過配置保存
2025-08-17 00:02:43,415 - VALO360 - DEBUG - 自動保存已禁用，跳過配置保存
2025-08-17 00:02:43,415 - VALO360 - DEBUG - 自動保存已禁用，跳過配置保存
2025-08-17 00:02:43,415 - VALO360 - DEBUG - 自動保存已禁用，跳過配置保存
2025-08-17 00:02:43,417 - VALO360 - DEBUG - 自動保存已禁用，跳過配置保存
2025-08-17 00:02:43,418 - VALO360 - DEBUG - 自動保存已禁用，跳過配置保存
2025-08-17 00:02:43,418 - VALO360 - DEBUG - 自動保存已禁用，跳過配置保存
2025-08-17 00:02:43,418 - VALO360 - DEBUG - 自動保存已禁用，跳過配置保存
2025-08-17 00:02:43,419 - VALO360 - DEBUG - 自動保存已禁用，跳過配置保存
2025-08-17 00:02:43,419 - VALO360 - DEBUG - 自動保存已禁用，跳過配置保存
2025-08-17 00:02:43,419 - VALO360 - DEBUG - 自動保存已禁用，跳過配置保存
2025-08-17 00:02:43,419 - VALO360 - DEBUG - 自動保存已禁用，跳過配置保存
2025-08-17 00:02:43,421 - VALO360 - DEBUG - 自動保存已禁用，跳過配置保存
2025-08-17 00:02:43,421 - VALO360 - DEBUG - 自動保存已禁用，跳過配置保存
2025-08-17 00:02:43,422 - VALO360 - DEBUG - 自動保存已禁用，跳過配置保存
2025-08-17 00:02:43,422 - VALO360 - DEBUG - 自動保存已禁用，跳過配置保存
2025-08-17 00:02:43,424 - VALO360 - DEBUG - 自動保存已禁用，跳過配置保存
2025-08-17 00:02:43,424 - VALO360 - DEBUG - 自動保存已禁用，跳過配置保存
2025-08-17 00:02:43,424 - VALO360 - DEBUG - 自動保存已禁用，跳過配置保存
2025-08-17 00:02:43,425 - VALO360 - DEBUG - 自動保存已禁用，跳過配置保存
2025-08-17 00:02:43,425 - VALO360 - DEBUG - 自動保存已禁用，跳過配置保存
2025-08-17 00:02:43,425 - VALO360 - DEBUG - 自動保存已禁用，跳過配置保存
2025-08-17 00:02:43,425 - VALO360 - DEBUG - 自動保存已禁用，跳過配置保存
2025-08-17 00:02:43,426 - VALO360 - DEBUG - 自動保存已禁用，跳過配置保存
2025-08-17 00:02:43,432 - VALO360 - DEBUG - 自動保存已禁用，跳過配置保存
2025-08-17 00:02:43,432 - VALO360 - DEBUG - 自動保存已禁用，跳過配置保存
2025-08-17 00:02:43,432 - VALO360 - DEBUG - 自動保存已禁用，跳過配置保存
2025-08-17 00:02:43,433 - VALO360 - DEBUG - 自動保存已禁用，跳過配置保存
2025-08-17 00:02:43,441 - VALO360 - DEBUG - 自動保存已禁用，跳過配置保存
2025-08-17 00:02:43,441 - VALO360 - DEBUG - 自動保存已禁用，跳過配置保存
2025-08-17 00:02:43,441 - VALO360 - DEBUG - 自動保存已禁用，跳過配置保存
2025-08-17 00:02:43,441 - VALO360 - DEBUG - 自動保存已禁用，跳過配置保存
2025-08-17 00:02:43,442 - VALO360 - DEBUG - 自動保存已禁用，跳過配置保存
2025-08-17 00:02:43,442 - VALO360 - DEBUG - 自動保存已禁用，跳過配置保存
2025-08-17 00:02:43,442 - VALO360 - DEBUG - 自動保存已禁用，跳過配置保存
2025-08-17 00:02:43,442 - VALO360 - DEBUG - 自動保存已禁用，跳過配置保存
2025-08-17 00:02:43,443 - VALO360 - DEBUG - 自動保存已禁用，跳過配置保存
2025-08-17 00:02:43,443 - VALO360 - DEBUG - 自動保存已禁用，跳過配置保存
2025-08-17 00:02:43,443 - VALO360 - DEBUG - 自動保存已禁用，跳過配置保存
2025-08-17 00:02:43,443 - VALO360 - DEBUG - 自動保存已禁用，跳過配置保存
2025-08-17 00:02:43,443 - VALO360 - DEBUG - 自動保存已禁用，跳過配置保存
2025-08-17 00:02:43,444 - VALO360 - DEBUG - 自動保存已禁用，跳過配置保存
2025-08-17 00:02:43,444 - VALO360 - DEBUG - 自動保存已禁用，跳過配置保存
2025-08-17 00:02:43,444 - VALO360 - DEBUG - 自動保存已禁用，跳過配置保存
2025-08-17 00:02:43,444 - VALO360 - DEBUG - 自動保存已禁用，跳過配置保存
2025-08-17 00:02:43,445 - VALO360 - DEBUG - 自動保存已禁用，跳過配置保存
2025-08-17 00:02:43,445 - VALO360 - DEBUG - 自動保存已禁用，跳過配置保存
2025-08-17 00:02:43,445 - VALO360 - DEBUG - 自動保存已禁用，跳過配置保存
2025-08-17 00:02:43,445 - VALO360 - DEBUG - 自動保存已禁用，跳過配置保存
2025-08-17 00:02:43,446 - VALO360 - DEBUG - 自動保存已禁用，跳過配置保存
2025-08-17 00:02:43,446 - VALO360 - DEBUG - 自動保存已禁用，跳過配置保存
2025-08-17 00:02:43,446 - VALO360 - DEBUG - 自動保存已禁用，跳過配置保存
2025-08-17 00:02:43,446 - VALO360 - DEBUG - 自動保存已禁用，跳過配置保存
2025-08-17 00:02:43,446 - VALO360 - DEBUG - 自動保存已禁用，跳過配置保存
2025-08-17 00:02:43,447 - VALO360 - DEBUG - 自動保存已禁用，跳過配置保存
2025-08-17 00:02:43,447 - VALO360 - DEBUG - 自動保存已禁用，跳過配置保存
2025-08-17 00:02:43,447 - VALO360 - DEBUG - 自動保存已禁用，跳過配置保存
2025-08-17 00:02:43,447 - VALO360 - DEBUG - 自動保存已禁用，跳過配置保存
2025-08-17 00:02:43,447 - VALO360 - DEBUG - 自動保存已禁用，跳過配置保存
2025-08-17 00:02:43,448 - VALO360 - DEBUG - 自動保存已禁用，跳過配置保存
2025-08-17 00:02:43,448 - VALO360 - DEBUG - 自動保存已禁用，跳過配置保存
2025-08-17 00:02:43,448 - VALO360 - DEBUG - 自動保存已禁用，跳過配置保存
2025-08-17 00:02:43,449 - VALO360 - DEBUG - 自動保存已禁用，跳過配置保存
2025-08-17 00:02:43,449 - VALO360 - DEBUG - 自動保存已禁用，跳過配置保存
2025-08-17 00:02:43,449 - VALO360 - DEBUG - 自動保存已禁用，跳過配置保存
2025-08-17 00:02:43,450 - VALO360 - DEBUG - 自動保存已禁用，跳過配置保存
2025-08-17 00:02:43,450 - VALO360 - DEBUG - 自動保存已禁用，跳過配置保存
2025-08-17 00:02:43,450 - VALO360 - DEBUG - 自動保存已禁用，跳過配置保存
2025-08-17 00:02:43,450 - VALO360 - DEBUG - 自動保存已禁用，跳過配置保存
2025-08-17 00:02:43,451 - VALO360 - DEBUG - 自動保存已禁用，跳過配置保存
2025-08-17 00:02:43,451 - VALO360 - DEBUG - 自動保存已禁用，跳過配置保存
2025-08-17 00:02:43,451 - VALO360 - DEBUG - 自動保存已禁用，跳過配置保存
2025-08-17 00:02:43,451 - VALO360 - DEBUG - 自動保存已禁用，跳過配置保存
2025-08-17 00:02:43,452 - VALO360 - DEBUG - 自動保存已禁用，跳過配置保存
2025-08-17 00:02:43,452 - VALO360 - DEBUG - 自動保存已禁用，跳過配置保存
2025-08-17 00:02:43,452 - VALO360 - DEBUG - 自動保存已禁用，跳過配置保存
2025-08-17 00:02:43,452 - VALO360 - DEBUG - 自動保存已禁用，跳過配置保存
2025-08-17 00:02:43,453 - VALO360 - DEBUG - 自動保存已禁用，跳過配置保存
2025-08-17 00:02:43,453 - VALO360 - DEBUG - 自動保存已禁用，跳過配置保存
2025-08-17 00:02:43,453 - VALO360 - DEBUG - 自動保存已禁用，跳過配置保存
2025-08-17 00:02:43,453 - VALO360 - DEBUG - 自動保存已禁用，跳過配置保存
2025-08-17 00:02:43,454 - VALO360 - DEBUG - 自動保存已禁用，跳過配置保存
2025-08-17 00:02:43,454 - VALO360 - DEBUG - 自動保存已禁用，跳過配置保存
2025-08-17 00:02:43,454 - VALO360 - DEBUG - 自動保存已禁用，跳過配置保存
2025-08-17 00:02:43,454 - VALO360 - DEBUG - 自動保存已禁用，跳過配置保存
2025-08-17 00:02:43,454 - VALO360 - DEBUG - 自動保存已禁用，跳過配置保存
2025-08-17 00:02:43,455 - VALO360 - DEBUG - 自動保存已禁用，跳過配置保存
2025-08-17 00:02:43,455 - VALO360 - DEBUG - 自動保存已禁用，跳過配置保存
2025-08-17 00:02:43,455 - VALO360 - DEBUG - 自動保存已禁用，跳過配置保存
2025-08-17 00:02:43,455 - VALO360 - DEBUG - 自動保存已禁用，跳過配置保存
2025-08-17 00:02:43,456 - VALO360 - DEBUG - 自動保存已禁用，跳過配置保存
2025-08-17 00:02:43,456 - VALO360 - DEBUG - 自動保存已禁用，跳過配置保存
2025-08-17 00:02:43,456 - VALO360 - DEBUG - 自動保存已禁用，跳過配置保存
2025-08-17 00:02:43,456 - VALO360 - DEBUG - 自動保存已禁用，跳過配置保存
2025-08-17 00:02:43,457 - VALO360 - DEBUG - 自動保存已禁用，跳過配置保存
2025-08-17 00:02:43,457 - VALO360 - DEBUG - 自動保存已禁用，跳過配置保存
2025-08-17 00:02:43,457 - VALO360 - DEBUG - 自動保存已禁用，跳過配置保存
2025-08-17 00:02:43,457 - VALO360 - DEBUG - 自動保存已禁用，跳過配置保存
2025-08-17 00:02:43,457 - VALO360 - DEBUG - 自動保存已禁用，跳過配置保存
2025-08-17 00:02:43,458 - VALO360 - DEBUG - 自動保存已禁用，跳過配置保存
2025-08-17 00:02:43,458 - VALO360 - DEBUG - 自動保存已禁用，跳過配置保存
2025-08-17 00:02:43,458 - VALO360 - DEBUG - 自動保存已禁用，跳過配置保存
2025-08-17 00:02:43,458 - VALO360 - DEBUG - 自動保存已禁用，跳過配置保存
2025-08-17 00:02:43,459 - VALO360 - DEBUG - 自動保存已禁用，跳過配置保存
2025-08-17 00:02:43,459 - VALO360 - DEBUG - 自動保存已禁用，跳過配置保存
2025-08-17 00:02:43,459 - VALO360 - DEBUG - 自動保存已禁用，跳過配置保存
2025-08-17 00:02:43,460 - VALO360 - DEBUG - 自動保存已禁用，跳過配置保存
2025-08-17 00:02:43,460 - VALO360 - DEBUG - 自動保存已禁用，跳過配置保存
2025-08-17 00:02:43,460 - VALO360 - DEBUG - 自動保存已禁用，跳過配置保存
2025-08-17 00:02:43,460 - VALO360 - DEBUG - 自動保存已禁用，跳過配置保存
2025-08-17 00:02:43,461 - VALO360 - DEBUG - 自動保存已禁用，跳過配置保存
2025-08-17 00:02:43,461 - VALO360 - DEBUG - 自動保存已禁用，跳過配置保存
2025-08-17 00:02:43,461 - VALO360 - DEBUG - 自動保存已禁用，跳過配置保存
2025-08-17 00:02:43,461 - VALO360 - DEBUG - 自動保存已禁用，跳過配置保存
2025-08-17 00:02:43,461 - VALO360 - DEBUG - 自動保存已禁用，跳過配置保存
2025-08-17 00:02:43,462 - VALO360 - DEBUG - 自動保存已禁用，跳過配置保存
2025-08-17 00:02:43,462 - VALO360 - DEBUG - 自動保存已禁用，跳過配置保存
2025-08-17 00:02:43,462 - VALO360 - DEBUG - 自動保存已禁用，跳過配置保存
2025-08-17 00:02:43,462 - VALO360 - DEBUG - 自動保存已禁用，跳過配置保存
2025-08-17 00:02:43,463 - VALO360 - DEBUG - 自動保存已禁用，跳過配置保存
2025-08-17 00:02:43,463 - VALO360 - DEBUG - 自動保存已禁用，跳過配置保存
2025-08-17 00:02:43,463 - VALO360 - DEBUG - 自動保存已禁用，跳過配置保存
2025-08-17 00:02:43,463 - VALO360 - DEBUG - 自動保存已禁用，跳過配置保存
2025-08-17 00:02:43,463 - VALO360 - DEBUG - 自動保存已禁用，跳過配置保存
2025-08-17 00:02:43,464 - VALO360 - DEBUG - 自動保存已禁用，跳過配置保存
2025-08-17 00:02:43,464 - VALO360 - DEBUG - 自動保存已禁用，跳過配置保存
2025-08-17 00:02:43,464 - VALO360 - DEBUG - 自動保存已禁用，跳過配置保存
2025-08-17 00:02:43,464 - VALO360 - DEBUG - 自動保存已禁用，跳過配置保存
2025-08-17 00:02:43,465 - VALO360 - DEBUG - 自動保存已禁用，跳過配置保存
2025-08-17 00:02:43,465 - VALO360 - DEBUG - 自動保存已禁用，跳過配置保存
2025-08-17 00:02:43,465 - VALO360 - DEBUG - 自動保存已禁用，跳過配置保存
2025-08-17 00:02:43,466 - VALO360 - DEBUG - 自動保存已禁用，跳過配置保存
2025-08-17 00:02:43,466 - VALO360 - DEBUG - 自動保存已禁用，跳過配置保存
2025-08-17 00:02:43,466 - VALO360 - DEBUG - 自動保存已禁用，跳過配置保存
2025-08-17 00:02:43,467 - VALO360 - DEBUG - 自動保存已禁用，跳過配置保存
2025-08-17 00:02:43,467 - VALO360 - DEBUG - 自動保存已禁用，跳過配置保存
2025-08-17 00:02:43,467 - VALO360 - DEBUG - 自動保存已禁用，跳過配置保存
2025-08-17 00:02:43,467 - VALO360 - DEBUG - 自動保存已禁用，跳過配置保存
2025-08-17 00:02:43,468 - VALO360 - DEBUG - 自動保存已禁用，跳過配置保存
2025-08-17 00:02:43,468 - VALO360 - DEBUG - 自動保存已禁用，跳過配置保存
2025-08-17 00:02:43,468 - VALO360 - DEBUG - 自動保存已禁用，跳過配置保存
2025-08-17 00:02:43,469 - VALO360 - DEBUG - 自動保存已禁用，跳過配置保存
2025-08-17 00:02:43,469 - VALO360 - DEBUG - 自動保存已禁用，跳過配置保存
2025-08-17 00:02:43,469 - VALO360 - DEBUG - 自動保存已禁用，跳過配置保存
2025-08-17 00:02:43,470 - VALO360 - DEBUG - 自動保存已禁用，跳過配置保存
2025-08-17 00:02:43,470 - VALO360 - DEBUG - 自動保存已禁用，跳過配置保存
2025-08-17 00:02:43,470 - VALO360 - DEBUG - 自動保存已禁用，跳過配置保存
2025-08-17 00:02:43,470 - VALO360 - DEBUG - 自動保存已禁用，跳過配置保存
2025-08-17 00:02:43,563 - VALO360 - DEBUG - 自動保存已禁用，跳過配置保存
2025-08-17 00:02:43,563 - VALO360 - DEBUG - 自動保存已禁用，跳過配置保存
2025-08-17 00:02:43,563 - VALO360 - DEBUG - 自動保存已禁用，跳過配置保存
2025-08-17 00:02:43,563 - VALO360 - DEBUG - 自動保存已禁用，跳過配置保存
2025-08-17 00:02:43,564 - VALO360 - DEBUG - 自動保存已禁用，跳過配置保存
2025-08-17 00:02:43,564 - VALO360 - DEBUG - 自動保存已禁用，跳過配置保存
2025-08-17 00:02:43,564 - VALO360 - DEBUG - 自動保存已禁用，跳過配置保存
2025-08-17 00:02:43,564 - VALO360 - DEBUG - 自動保存已禁用，跳過配置保存
2025-08-17 00:02:43,572 - VALO360 - DEBUG - 自動保存已禁用，跳過配置保存
2025-08-17 00:02:43,572 - VALO360 - DEBUG - 自動保存已禁用，跳過配置保存
2025-08-17 00:02:43,572 - VALO360 - DEBUG - 自動保存已禁用，跳過配置保存
2025-08-17 00:02:43,572 - VALO360 - DEBUG - 自動保存已禁用，跳過配置保存
2025-08-17 00:02:43,573 - VALO360 - DEBUG - 自動保存已禁用，跳過配置保存
2025-08-17 00:02:43,573 - VALO360 - DEBUG - 自動保存已禁用，跳過配置保存
2025-08-17 00:02:43,573 - VALO360 - DEBUG - 自動保存已禁用，跳過配置保存
2025-08-17 00:02:43,573 - VALO360 - DEBUG - 自動保存已禁用，跳過配置保存
2025-08-17 00:02:43,585 - VALO360 - DEBUG - 自動保存已禁用，跳過配置保存
2025-08-17 00:02:43,585 - VALO360 - DEBUG - 自動保存已禁用，跳過配置保存
2025-08-17 00:02:43,585 - VALO360 - DEBUG - 自動保存已禁用，跳過配置保存
2025-08-17 00:02:43,586 - VALO360 - DEBUG - 自動保存已禁用，跳過配置保存
2025-08-17 00:02:43,586 - VALO360 - DEBUG - 自動保存已禁用，跳過配置保存
2025-08-17 00:02:43,586 - VALO360 - DEBUG - 自動保存已禁用，跳過配置保存
2025-08-17 00:02:43,586 - VALO360 - DEBUG - 自動保存已禁用，跳過配置保存
2025-08-17 00:02:43,587 - VALO360 - DEBUG - 自動保存已禁用，跳過配置保存
2025-08-17 00:02:43,593 - VALO360 - DEBUG - 自動保存已禁用，跳過配置保存
2025-08-17 00:02:43,593 - VALO360 - DEBUG - 自動保存已禁用，跳過配置保存
2025-08-17 00:02:43,593 - VALO360 - DEBUG - 自動保存已禁用，跳過配置保存
2025-08-17 00:02:43,593 - VALO360 - DEBUG - 自動保存已禁用，跳過配置保存
2025-08-17 00:02:43,594 - VALO360 - DEBUG - 自動保存已禁用，跳過配置保存
2025-08-17 00:02:43,594 - VALO360 - DEBUG - 自動保存已禁用，跳過配置保存
2025-08-17 00:02:43,594 - VALO360 - DEBUG - 自動保存已禁用，跳過配置保存
2025-08-17 00:02:43,594 - VALO360 - DEBUG - 自動保存已禁用，跳過配置保存
2025-08-17 00:02:43,604 - VALO360 - DEBUG - 自動保存已禁用，跳過配置保存
2025-08-17 00:02:43,604 - VALO360 - DEBUG - 自動保存已禁用，跳過配置保存
2025-08-17 00:02:43,604 - VALO360 - DEBUG - 自動保存已禁用，跳過配置保存
2025-08-17 00:02:43,605 - VALO360 - DEBUG - 自動保存已禁用，跳過配置保存
2025-08-17 00:02:43,605 - VALO360 - DEBUG - 自動保存已禁用，跳過配置保存
2025-08-17 00:02:43,605 - VALO360 - DEBUG - 自動保存已禁用，跳過配置保存
2025-08-17 00:02:43,606 - VALO360 - DEBUG - 自動保存已禁用，跳過配置保存
2025-08-17 00:02:43,606 - VALO360 - DEBUG - 自動保存已禁用，跳過配置保存
2025-08-17 00:02:43,609 - VALO360 - DEBUG - 自動保存已禁用，跳過配置保存
2025-08-17 00:02:43,609 - VALO360 - DEBUG - 自動保存已禁用，跳過配置保存
2025-08-17 00:02:43,609 - VALO360 - DEBUG - 自動保存已禁用，跳過配置保存
2025-08-17 00:02:43,610 - VALO360 - DEBUG - 自動保存已禁用，跳過配置保存
2025-08-17 00:02:43,610 - VALO360 - DEBUG - 自動保存已禁用，跳過配置保存
2025-08-17 00:02:43,610 - VALO360 - DEBUG - 自動保存已禁用，跳過配置保存
2025-08-17 00:02:43,610 - VALO360 - DEBUG - 自動保存已禁用，跳過配置保存
2025-08-17 00:02:43,610 - VALO360 - DEBUG - 自動保存已禁用，跳過配置保存
2025-08-17 00:02:43,611 - VALO360 - DEBUG - 自動保存已禁用，跳過配置保存
2025-08-17 00:02:43,611 - VALO360 - DEBUG - 自動保存已禁用，跳過配置保存
2025-08-17 00:02:43,611 - VALO360 - DEBUG - 自動保存已禁用，跳過配置保存
2025-08-17 00:02:43,611 - VALO360 - DEBUG - 自動保存已禁用，跳過配置保存
2025-08-17 00:02:43,612 - VALO360 - DEBUG - 自動保存已禁用，跳過配置保存
2025-08-17 00:02:43,612 - VALO360 - DEBUG - 自動保存已禁用，跳過配置保存
2025-08-17 00:02:43,612 - VALO360 - DEBUG - 自動保存已禁用，跳過配置保存
2025-08-17 00:02:43,612 - VALO360 - DEBUG - 自動保存已禁用，跳過配置保存
2025-08-17 00:02:43,616 - VALO360 - DEBUG - 自動保存已禁用，跳過配置保存
2025-08-17 00:02:43,616 - VALO360 - DEBUG - 自動保存已禁用，跳過配置保存
2025-08-17 00:02:43,616 - VALO360 - DEBUG - 自動保存已禁用，跳過配置保存
2025-08-17 00:02:43,616 - VALO360 - DEBUG - 自動保存已禁用，跳過配置保存
2025-08-17 00:02:43,617 - VALO360 - DEBUG - 自動保存已禁用，跳過配置保存
2025-08-17 00:02:43,617 - VALO360 - DEBUG - 自動保存已禁用，跳過配置保存
2025-08-17 00:02:43,617 - VALO360 - DEBUG - 自動保存已禁用，跳過配置保存
2025-08-17 00:02:43,617 - VALO360 - DEBUG - 自動保存已禁用，跳過配置保存
2025-08-17 00:02:43,620 - VALO360 - DEBUG - 自動保存已禁用，跳過配置保存
2025-08-17 00:02:43,620 - VALO360 - DEBUG - 自動保存已禁用，跳過配置保存
2025-08-17 00:02:43,620 - VALO360 - DEBUG - 自動保存已禁用，跳過配置保存
2025-08-17 00:02:43,621 - VALO360 - DEBUG - 自動保存已禁用，跳過配置保存
2025-08-17 00:02:43,621 - VALO360 - DEBUG - 自動保存已禁用，跳過配置保存
2025-08-17 00:02:43,621 - VALO360 - DEBUG - 自動保存已禁用，跳過配置保存
2025-08-17 00:02:43,621 - VALO360 - DEBUG - 自動保存已禁用，跳過配置保存
2025-08-17 00:02:43,621 - VALO360 - DEBUG - 自動保存已禁用，跳過配置保存
2025-08-17 00:02:43,632 - VALO360 - DEBUG - 自動保存已禁用，跳過配置保存
2025-08-17 00:02:43,632 - VALO360 - DEBUG - 自動保存已禁用，跳過配置保存
2025-08-17 00:02:43,632 - VALO360 - DEBUG - 自動保存已禁用，跳過配置保存
2025-08-17 00:02:43,633 - VALO360 - DEBUG - 自動保存已禁用，跳過配置保存
2025-08-17 00:02:43,633 - VALO360 - DEBUG - 自動保存已禁用，跳過配置保存
2025-08-17 00:02:43,633 - VALO360 - DEBUG - 自動保存已禁用，跳過配置保存
2025-08-17 00:02:43,633 - VALO360 - DEBUG - 自動保存已禁用，跳過配置保存
2025-08-17 00:02:43,633 - VALO360 - DEBUG - 自動保存已禁用，跳過配置保存
2025-08-17 00:02:43,634 - VALO360 - DEBUG - 自動保存已禁用，跳過配置保存
2025-08-17 00:02:43,634 - VALO360 - DEBUG - 自動保存已禁用，跳過配置保存
2025-08-17 00:02:43,634 - VALO360 - DEBUG - 自動保存已禁用，跳過配置保存
2025-08-17 00:02:43,634 - VALO360 - DEBUG - 自動保存已禁用，跳過配置保存
2025-08-17 00:02:43,635 - VALO360 - DEBUG - 自動保存已禁用，跳過配置保存
2025-08-17 00:02:43,635 - VALO360 - DEBUG - 自動保存已禁用，跳過配置保存
2025-08-17 00:02:43,635 - VALO360 - DEBUG - 自動保存已禁用，跳過配置保存
2025-08-17 00:02:43,635 - VALO360 - DEBUG - 自動保存已禁用，跳過配置保存
2025-08-17 00:02:43,640 - VALO360 - DEBUG - 自動保存已禁用，跳過配置保存
2025-08-17 00:02:43,640 - VALO360 - DEBUG - 自動保存已禁用，跳過配置保存
2025-08-17 00:02:43,640 - VALO360 - DEBUG - 自動保存已禁用，跳過配置保存
2025-08-17 00:02:43,640 - VALO360 - DEBUG - 自動保存已禁用，跳過配置保存
2025-08-17 00:02:43,641 - VALO360 - DEBUG - 自動保存已禁用，跳過配置保存
2025-08-17 00:02:43,641 - VALO360 - DEBUG - 自動保存已禁用，跳過配置保存
2025-08-17 00:02:43,641 - VALO360 - DEBUG - 自動保存已禁用，跳過配置保存
2025-08-17 00:02:43,641 - VALO360 - DEBUG - 自動保存已禁用，跳過配置保存
2025-08-17 00:02:43,647 - VALO360 - DEBUG - 自動保存已禁用，跳過配置保存
2025-08-17 00:02:43,648 - VALO360 - DEBUG - 自動保存已禁用，跳過配置保存
2025-08-17 00:02:43,648 - VALO360 - DEBUG - 自動保存已禁用，跳過配置保存
2025-08-17 00:02:43,648 - VALO360 - DEBUG - 自動保存已禁用，跳過配置保存
2025-08-17 00:02:43,649 - VALO360 - DEBUG - 自動保存已禁用，跳過配置保存
2025-08-17 00:02:43,649 - VALO360 - DEBUG - 自動保存已禁用，跳過配置保存
2025-08-17 00:02:43,649 - VALO360 - DEBUG - 自動保存已禁用，跳過配置保存
2025-08-17 00:02:43,649 - VALO360 - DEBUG - 自動保存已禁用，跳過配置保存
2025-08-17 00:02:43,652 - VALO360 - DEBUG - 自動保存已禁用，跳過配置保存
2025-08-17 00:02:43,652 - VALO360 - DEBUG - 自動保存已禁用，跳過配置保存
2025-08-17 00:02:43,652 - VALO360 - DEBUG - 自動保存已禁用，跳過配置保存
2025-08-17 00:02:43,653 - VALO360 - DEBUG - 自動保存已禁用，跳過配置保存
2025-08-17 00:02:43,653 - VALO360 - DEBUG - 自動保存已禁用，跳過配置保存
2025-08-17 00:02:43,653 - VALO360 - DEBUG - 自動保存已禁用，跳過配置保存
2025-08-17 00:02:43,653 - VALO360 - DEBUG - 自動保存已禁用，跳過配置保存
2025-08-17 00:02:43,653 - VALO360 - DEBUG - 自動保存已禁用，跳過配置保存
2025-08-17 00:02:43,662 - VALO360 - DEBUG - 自動保存已禁用，跳過配置保存
2025-08-17 00:02:43,663 - VALO360 - DEBUG - 自動保存已禁用，跳過配置保存
2025-08-17 00:02:43,663 - VALO360 - DEBUG - 自動保存已禁用，跳過配置保存
2025-08-17 00:02:43,663 - VALO360 - DEBUG - 自動保存已禁用，跳過配置保存
2025-08-17 00:02:43,663 - VALO360 - DEBUG - 自動保存已禁用，跳過配置保存
2025-08-17 00:02:43,664 - VALO360 - DEBUG - 自動保存已禁用，跳過配置保存
2025-08-17 00:02:43,664 - VALO360 - DEBUG - 自動保存已禁用，跳過配置保存
2025-08-17 00:02:43,664 - VALO360 - DEBUG - 自動保存已禁用，跳過配置保存
2025-08-17 00:02:43,664 - VALO360 - DEBUG - 自動保存已禁用，跳過配置保存
2025-08-17 00:02:43,665 - VALO360 - DEBUG - 自動保存已禁用，跳過配置保存
2025-08-17 00:02:43,665 - VALO360 - DEBUG - 自動保存已禁用，跳過配置保存
2025-08-17 00:02:43,665 - VALO360 - DEBUG - 自動保存已禁用，跳過配置保存
2025-08-17 00:02:43,665 - VALO360 - DEBUG - 自動保存已禁用，跳過配置保存
2025-08-17 00:02:43,666 - VALO360 - DEBUG - 自動保存已禁用，跳過配置保存
2025-08-17 00:02:43,666 - VALO360 - DEBUG - 自動保存已禁用，跳過配置保存
2025-08-17 00:02:43,666 - VALO360 - DEBUG - 自動保存已禁用，跳過配置保存
2025-08-17 00:02:43,677 - VALO360 - DEBUG - 自動保存已禁用，跳過配置保存
2025-08-17 00:02:43,677 - VALO360 - DEBUG - 自動保存已禁用，跳過配置保存
2025-08-17 00:02:43,677 - VALO360 - DEBUG - 自動保存已禁用，跳過配置保存
2025-08-17 00:02:43,678 - VALO360 - DEBUG - 自動保存已禁用，跳過配置保存
2025-08-17 00:02:43,678 - VALO360 - DEBUG - 自動保存已禁用，跳過配置保存
2025-08-17 00:02:43,678 - VALO360 - DEBUG - 自動保存已禁用，跳過配置保存
2025-08-17 00:02:43,678 - VALO360 - DEBUG - 自動保存已禁用，跳過配置保存
2025-08-17 00:02:43,678 - VALO360 - DEBUG - 自動保存已禁用，跳過配置保存
2025-08-17 00:02:43,685 - VALO360 - DEBUG - 自動保存已禁用，跳過配置保存
2025-08-17 00:02:43,686 - VALO360 - DEBUG - 自動保存已禁用，跳過配置保存
2025-08-17 00:02:43,686 - VALO360 - DEBUG - 自動保存已禁用，跳過配置保存
2025-08-17 00:02:43,686 - VALO360 - DEBUG - 自動保存已禁用，跳過配置保存
2025-08-17 00:02:43,686 - VALO360 - DEBUG - 自動保存已禁用，跳過配置保存
2025-08-17 00:02:43,686 - VALO360 - DEBUG - 自動保存已禁用，跳過配置保存
2025-08-17 00:02:43,687 - VALO360 - DEBUG - 自動保存已禁用，跳過配置保存
2025-08-17 00:02:43,687 - VALO360 - DEBUG - 自動保存已禁用，跳過配置保存
2025-08-17 00:02:43,687 - VALO360 - DEBUG - 自動保存已禁用，跳過配置保存
2025-08-17 00:02:43,687 - VALO360 - DEBUG - 自動保存已禁用，跳過配置保存
2025-08-17 00:02:43,688 - VALO360 - DEBUG - 自動保存已禁用，跳過配置保存
2025-08-17 00:02:43,688 - VALO360 - DEBUG - 自動保存已禁用，跳過配置保存
2025-08-17 00:02:43,688 - VALO360 - DEBUG - 自動保存已禁用，跳過配置保存
2025-08-17 00:02:43,688 - VALO360 - DEBUG - 自動保存已禁用，跳過配置保存
2025-08-17 00:02:43,688 - VALO360 - DEBUG - 自動保存已禁用，跳過配置保存
2025-08-17 00:02:43,689 - VALO360 - DEBUG - 自動保存已禁用，跳過配置保存
2025-08-17 00:02:43,705 - VALO360 - DEBUG - 自動保存已禁用，跳過配置保存
2025-08-17 00:02:43,706 - VALO360 - DEBUG - 自動保存已禁用，跳過配置保存
2025-08-17 00:02:43,706 - VALO360 - DEBUG - 自動保存已禁用，跳過配置保存
2025-08-17 00:02:43,706 - VALO360 - DEBUG - 自動保存已禁用，跳過配置保存
2025-08-17 00:02:43,706 - VALO360 - DEBUG - 自動保存已禁用，跳過配置保存
2025-08-17 00:02:43,707 - VALO360 - DEBUG - 自動保存已禁用，跳過配置保存
2025-08-17 00:02:43,707 - VALO360 - DEBUG - 自動保存已禁用，跳過配置保存
2025-08-17 00:02:43,707 - VALO360 - DEBUG - 自動保存已禁用，跳過配置保存
2025-08-17 00:02:43,713 - VALO360 - DEBUG - 自動保存已禁用，跳過配置保存
2025-08-17 00:02:43,713 - VALO360 - DEBUG - 自動保存已禁用，跳過配置保存
2025-08-17 00:02:43,713 - VALO360 - DEBUG - 自動保存已禁用，跳過配置保存
2025-08-17 00:02:43,713 - VALO360 - DEBUG - 自動保存已禁用，跳過配置保存
2025-08-17 00:02:43,714 - VALO360 - DEBUG - 自動保存已禁用，跳過配置保存
2025-08-17 00:02:43,714 - VALO360 - DEBUG - 自動保存已禁用，跳過配置保存
2025-08-17 00:02:43,714 - VALO360 - DEBUG - 自動保存已禁用，跳過配置保存
2025-08-17 00:02:43,714 - VALO360 - DEBUG - 自動保存已禁用，跳過配置保存
2025-08-17 00:02:43,722 - VALO360 - DEBUG - 自動保存已禁用，跳過配置保存
2025-08-17 00:02:43,723 - VALO360 - DEBUG - 自動保存已禁用，跳過配置保存
2025-08-17 00:02:43,723 - VALO360 - DEBUG - 自動保存已禁用，跳過配置保存
2025-08-17 00:02:43,723 - VALO360 - DEBUG - 自動保存已禁用，跳過配置保存
2025-08-17 00:02:43,723 - VALO360 - DEBUG - 自動保存已禁用，跳過配置保存
2025-08-17 00:02:43,724 - VALO360 - DEBUG - 自動保存已禁用，跳過配置保存
2025-08-17 00:02:43,724 - VALO360 - DEBUG - 自動保存已禁用，跳過配置保存
2025-08-17 00:02:43,724 - VALO360 - DEBUG - 自動保存已禁用，跳過配置保存
2025-08-17 00:02:43,772 - VALO360 - DEBUG - 自動保存已禁用，跳過配置保存
2025-08-17 00:02:43,772 - VALO360 - DEBUG - 自動保存已禁用，跳過配置保存
2025-08-17 00:02:43,772 - VALO360 - DEBUG - 自動保存已禁用，跳過配置保存
2025-08-17 00:02:43,772 - VALO360 - DEBUG - 自動保存已禁用，跳過配置保存
2025-08-17 00:02:43,773 - VALO360 - DEBUG - 自動保存已禁用，跳過配置保存
2025-08-17 00:02:43,773 - VALO360 - DEBUG - 自動保存已禁用，跳過配置保存
2025-08-17 00:02:43,773 - VALO360 - DEBUG - 自動保存已禁用，跳過配置保存
2025-08-17 00:02:43,773 - VALO360 - DEBUG - 自動保存已禁用，跳過配置保存
2025-08-17 00:02:43,807 - VALO360 - DEBUG - 自動保存已禁用，跳過配置保存
2025-08-17 00:02:43,808 - VALO360 - DEBUG - 自動保存已禁用，跳過配置保存
2025-08-17 00:02:43,808 - VALO360 - DEBUG - 自動保存已禁用，跳過配置保存
2025-08-17 00:02:43,808 - VALO360 - DEBUG - 自動保存已禁用，跳過配置保存
2025-08-17 00:02:43,809 - VALO360 - DEBUG - 自動保存已禁用，跳過配置保存
2025-08-17 00:02:43,809 - VALO360 - DEBUG - 自動保存已禁用，跳過配置保存
2025-08-17 00:02:43,809 - VALO360 - DEBUG - 自動保存已禁用，跳過配置保存
2025-08-17 00:02:43,809 - VALO360 - DEBUG - 自動保存已禁用，跳過配置保存
2025-08-17 00:02:43,810 - VALO360 - DEBUG - 自動保存已禁用，跳過配置保存
2025-08-17 00:02:43,810 - VALO360 - DEBUG - 自動保存已禁用，跳過配置保存
2025-08-17 00:02:43,810 - VALO360 - DEBUG - 自動保存已禁用，跳過配置保存
2025-08-17 00:02:43,810 - VALO360 - DEBUG - 自動保存已禁用，跳過配置保存
2025-08-17 00:02:43,811 - VALO360 - DEBUG - 自動保存已禁用，跳過配置保存
2025-08-17 00:02:43,811 - VALO360 - DEBUG - 自動保存已禁用，跳過配置保存
2025-08-17 00:02:43,811 - VALO360 - DEBUG - 自動保存已禁用，跳過配置保存
2025-08-17 00:02:43,811 - VALO360 - DEBUG - 自動保存已禁用，跳過配置保存
2025-08-17 00:02:43,812 - VALO360 - DEBUG - 自動保存已禁用，跳過配置保存
2025-08-17 00:02:43,812 - VALO360 - DEBUG - 自動保存已禁用，跳過配置保存
2025-08-17 00:02:43,812 - VALO360 - DEBUG - 自動保存已禁用，跳過配置保存
2025-08-17 00:02:43,812 - VALO360 - DEBUG - 自動保存已禁用，跳過配置保存
2025-08-17 00:02:43,813 - VALO360 - DEBUG - 自動保存已禁用，跳過配置保存
2025-08-17 00:02:43,813 - VALO360 - DEBUG - 自動保存已禁用，跳過配置保存
2025-08-17 00:02:43,813 - VALO360 - DEBUG - 自動保存已禁用，跳過配置保存
2025-08-17 00:02:43,814 - VALO360 - DEBUG - 自動保存已禁用，跳過配置保存
2025-08-17 00:02:43,814 - VALO360 - DEBUG - 自動保存已禁用，跳過配置保存
2025-08-17 00:02:43,814 - VALO360 - DEBUG - 自動保存已禁用，跳過配置保存
2025-08-17 00:02:43,814 - VALO360 - DEBUG - 自動保存已禁用，跳過配置保存
2025-08-17 00:02:43,815 - VALO360 - DEBUG - 自動保存已禁用，跳過配置保存
2025-08-17 00:02:43,815 - VALO360 - DEBUG - 自動保存已禁用，跳過配置保存
2025-08-17 00:02:43,816 - VALO360 - DEBUG - 自動保存已禁用，跳過配置保存
2025-08-17 00:02:43,816 - VALO360 - DEBUG - 自動保存已禁用，跳過配置保存
2025-08-17 00:02:43,816 - VALO360 - DEBUG - 自動保存已禁用，跳過配置保存
2025-08-17 00:02:43,816 - VALO360 - DEBUG - 自動保存已禁用，跳過配置保存
2025-08-17 00:02:43,817 - VALO360 - DEBUG - 自動保存已禁用，跳過配置保存
2025-08-17 00:02:43,817 - VALO360 - DEBUG - 自動保存已禁用，跳過配置保存
2025-08-17 00:02:43,817 - VALO360 - DEBUG - 自動保存已禁用，跳過配置保存
2025-08-17 00:02:43,818 - VALO360 - DEBUG - 自動保存已禁用，跳過配置保存
2025-08-17 00:02:43,818 - VALO360 - DEBUG - 自動保存已禁用，跳過配置保存
2025-08-17 00:02:43,819 - VALO360 - DEBUG - 自動保存已禁用，跳過配置保存
2025-08-17 00:02:43,819 - VALO360 - DEBUG - 自動保存已禁用，跳過配置保存
2025-08-17 00:02:43,819 - VALO360 - DEBUG - 自動保存已禁用，跳過配置保存
2025-08-17 00:02:43,820 - VALO360 - DEBUG - 自動保存已禁用，跳過配置保存
2025-08-17 00:02:43,820 - VALO360 - DEBUG - 自動保存已禁用，跳過配置保存
2025-08-17 00:02:43,820 - VALO360 - DEBUG - 自動保存已禁用，跳過配置保存
2025-08-17 00:02:43,821 - VALO360 - DEBUG - 自動保存已禁用，跳過配置保存
2025-08-17 00:02:43,821 - VALO360 - DEBUG - 自動保存已禁用，跳過配置保存
2025-08-17 00:02:43,821 - VALO360 - DEBUG - 自動保存已禁用，跳過配置保存
2025-08-17 00:02:43,821 - VALO360 - DEBUG - 自動保存已禁用，跳過配置保存
2025-08-17 00:02:43,822 - VALO360 - DEBUG - 自動保存已禁用，跳過配置保存
2025-08-17 00:02:43,822 - VALO360 - DEBUG - 自動保存已禁用，跳過配置保存
2025-08-17 00:02:43,822 - VALO360 - DEBUG - 自動保存已禁用，跳過配置保存
2025-08-17 00:02:43,822 - VALO360 - DEBUG - 自動保存已禁用，跳過配置保存
2025-08-17 00:02:43,823 - VALO360 - DEBUG - 自動保存已禁用，跳過配置保存
2025-08-17 00:02:43,823 - VALO360 - DEBUG - 自動保存已禁用，跳過配置保存
2025-08-17 00:02:43,823 - VALO360 - DEBUG - 自動保存已禁用，跳過配置保存
2025-08-17 00:02:43,823 - VALO360 - DEBUG - 自動保存已禁用，跳過配置保存
2025-08-17 00:02:43,824 - VALO360 - DEBUG - 自動保存已禁用，跳過配置保存
2025-08-17 00:02:43,824 - VALO360 - DEBUG - 自動保存已禁用，跳過配置保存
2025-08-17 00:02:43,825 - VALO360 - DEBUG - 自動保存已禁用，跳過配置保存
2025-08-17 00:02:43,825 - VALO360 - DEBUG - 自動保存已禁用，跳過配置保存
2025-08-17 00:02:43,825 - VALO360 - DEBUG - 自動保存已禁用，跳過配置保存
2025-08-17 00:02:43,825 - VALO360 - DEBUG - 自動保存已禁用，跳過配置保存
2025-08-17 00:02:43,826 - VALO360 - DEBUG - 自動保存已禁用，跳過配置保存
2025-08-17 00:02:43,826 - VALO360 - DEBUG - 自動保存已禁用，跳過配置保存
2025-08-17 00:02:43,826 - VALO360 - DEBUG - 自動保存已禁用，跳過配置保存
2025-08-17 00:02:43,826 - VALO360 - DEBUG - 自動保存已禁用，跳過配置保存
2025-08-17 00:02:43,827 - VALO360 - DEBUG - 自動保存已禁用，跳過配置保存
2025-08-17 00:02:43,827 - VALO360 - DEBUG - 自動保存已禁用，跳過配置保存
2025-08-17 00:02:43,869 - VALO360 - DEBUG - 自動保存已禁用，跳過配置保存
2025-08-17 00:02:43,869 - VALO360 - DEBUG - 自動保存已禁用，跳過配置保存
2025-08-17 00:02:43,870 - VALO360 - DEBUG - 自動保存已禁用，跳過配置保存
2025-08-17 00:02:43,870 - VALO360 - DEBUG - 自動保存已禁用，跳過配置保存
2025-08-17 00:02:43,870 - VALO360 - DEBUG - 自動保存已禁用，跳過配置保存
2025-08-17 00:02:43,871 - VALO360 - DEBUG - 自動保存已禁用，跳過配置保存
2025-08-17 00:02:43,871 - VALO360 - DEBUG - 自動保存已禁用，跳過配置保存
2025-08-17 00:02:43,871 - VALO360 - DEBUG - 自動保存已禁用，跳過配置保存
2025-08-17 00:02:43,872 - VALO360 - DEBUG - 自動保存已禁用，跳過配置保存
2025-08-17 00:02:43,872 - VALO360 - DEBUG - 自動保存已禁用，跳過配置保存
2025-08-17 00:02:43,872 - VALO360 - DEBUG - 自動保存已禁用，跳過配置保存
2025-08-17 00:02:43,873 - VALO360 - DEBUG - 自動保存已禁用，跳過配置保存
2025-08-17 00:02:43,875 - VALO360 - DEBUG - 自動保存已禁用，跳過配置保存
2025-08-17 00:02:43,875 - VALO360 - DEBUG - 自動保存已禁用，跳過配置保存
2025-08-17 00:02:43,875 - VALO360 - DEBUG - 自動保存已禁用，跳過配置保存
2025-08-17 00:02:43,875 - VALO360 - DEBUG - 自動保存已禁用，跳過配置保存
2025-08-17 00:02:43,876 - VALO360 - DEBUG - 自動保存已禁用，跳過配置保存
2025-08-17 00:02:43,877 - VALO360 - DEBUG - 自動保存已禁用，跳過配置保存
2025-08-17 00:02:43,877 - VALO360 - DEBUG - 自動保存已禁用，跳過配置保存
2025-08-17 00:02:43,877 - VALO360 - DEBUG - 自動保存已禁用，跳過配置保存
2025-08-17 00:02:43,878 - VALO360 - DEBUG - 自動保存已禁用，跳過配置保存
2025-08-17 00:02:43,878 - VALO360 - DEBUG - 自動保存已禁用，跳過配置保存
2025-08-17 00:02:43,878 - VALO360 - DEBUG - 自動保存已禁用，跳過配置保存
2025-08-17 00:02:43,878 - VALO360 - DEBUG - 自動保存已禁用，跳過配置保存
2025-08-17 00:02:43,879 - VALO360 - DEBUG - 自動保存已禁用，跳過配置保存
2025-08-17 00:02:43,880 - VALO360 - DEBUG - 自動保存已禁用，跳過配置保存
2025-08-17 00:02:43,880 - VALO360 - DEBUG - 自動保存已禁用，跳過配置保存
2025-08-17 00:02:43,880 - VALO360 - DEBUG - 自動保存已禁用，跳過配置保存
2025-08-17 00:02:43,881 - VALO360 - DEBUG - 自動保存已禁用，跳過配置保存
2025-08-17 00:02:43,881 - VALO360 - DEBUG - 自動保存已禁用，跳過配置保存
2025-08-17 00:02:43,881 - VALO360 - DEBUG - 自動保存已禁用，跳過配置保存
2025-08-17 00:02:43,881 - VALO360 - DEBUG - 自動保存已禁用，跳過配置保存
2025-08-17 00:02:43,883 - VALO360 - DEBUG - 自動保存已禁用，跳過配置保存
2025-08-17 00:02:43,883 - VALO360 - DEBUG - 自動保存已禁用，跳過配置保存
2025-08-17 00:02:43,883 - VALO360 - DEBUG - 自動保存已禁用，跳過配置保存
2025-08-17 00:02:43,883 - VALO360 - DEBUG - 自動保存已禁用，跳過配置保存
2025-08-17 00:02:43,884 - VALO360 - DEBUG - 自動保存已禁用，跳過配置保存
2025-08-17 00:02:43,884 - VALO360 - DEBUG - 自動保存已禁用，跳過配置保存
2025-08-17 00:02:43,885 - VALO360 - DEBUG - 自動保存已禁用，跳過配置保存
2025-08-17 00:02:43,885 - VALO360 - DEBUG - 自動保存已禁用，跳過配置保存
2025-08-17 00:02:43,885 - VALO360 - DEBUG - 自動保存已禁用，跳過配置保存
2025-08-17 00:02:43,886 - VALO360 - DEBUG - 自動保存已禁用，跳過配置保存
2025-08-17 00:02:43,886 - VALO360 - DEBUG - 自動保存已禁用，跳過配置保存
2025-08-17 00:02:43,886 - VALO360 - DEBUG - 自動保存已禁用，跳過配置保存
2025-08-17 00:02:43,887 - VALO360 - DEBUG - 自動保存已禁用，跳過配置保存
2025-08-17 00:02:43,887 - VALO360 - DEBUG - 自動保存已禁用，跳過配置保存
2025-08-17 00:02:43,887 - VALO360 - DEBUG - 自動保存已禁用，跳過配置保存
2025-08-17 00:02:43,887 - VALO360 - DEBUG - 自動保存已禁用，跳過配置保存
2025-08-17 00:02:43,888 - VALO360 - DEBUG - 自動保存已禁用，跳過配置保存
2025-08-17 00:02:43,888 - VALO360 - DEBUG - 自動保存已禁用，跳過配置保存
2025-08-17 00:02:43,888 - VALO360 - DEBUG - 自動保存已禁用，跳過配置保存
2025-08-17 00:02:43,889 - VALO360 - DEBUG - 自動保存已禁用，跳過配置保存
2025-08-17 00:02:43,889 - VALO360 - DEBUG - 自動保存已禁用，跳過配置保存
2025-08-17 00:02:43,889 - VALO360 - DEBUG - 自動保存已禁用，跳過配置保存
2025-08-17 00:02:43,890 - VALO360 - DEBUG - 自動保存已禁用，跳過配置保存
2025-08-17 00:02:43,890 - VALO360 - DEBUG - 自動保存已禁用，跳過配置保存
2025-08-17 00:02:43,891 - VALO360 - DEBUG - 自動保存已禁用，跳過配置保存
2025-08-17 00:02:43,891 - VALO360 - DEBUG - 自動保存已禁用，跳過配置保存
2025-08-17 00:02:43,891 - VALO360 - DEBUG - 自動保存已禁用，跳過配置保存
2025-08-17 00:02:43,892 - VALO360 - DEBUG - 自動保存已禁用，跳過配置保存
2025-08-17 00:02:43,892 - VALO360 - DEBUG - 自動保存已禁用，跳過配置保存
2025-08-17 00:02:43,892 - VALO360 - DEBUG - 自動保存已禁用，跳過配置保存
2025-08-17 00:02:43,893 - VALO360 - DEBUG - 自動保存已禁用，跳過配置保存
2025-08-17 00:02:43,893 - VALO360 - DEBUG - 自動保存已禁用，跳過配置保存
2025-08-17 00:02:43,893 - VALO360 - DEBUG - 自動保存已禁用，跳過配置保存
2025-08-17 00:02:43,894 - VALO360 - DEBUG - 自動保存已禁用，跳過配置保存
2025-08-17 00:02:43,894 - VALO360 - DEBUG - 自動保存已禁用，跳過配置保存
2025-08-17 00:02:43,894 - VALO360 - DEBUG - 自動保存已禁用，跳過配置保存
2025-08-17 00:02:43,895 - VALO360 - DEBUG - 自動保存已禁用，跳過配置保存
2025-08-17 00:02:43,895 - VALO360 - DEBUG - 自動保存已禁用，跳過配置保存
2025-08-17 00:02:43,895 - VALO360 - DEBUG - 自動保存已禁用，跳過配置保存
2025-08-17 00:02:43,895 - VALO360 - DEBUG - 自動保存已禁用，跳過配置保存
2025-08-17 00:02:43,897 - VALO360 - DEBUG - 自動保存已禁用，跳過配置保存
2025-08-17 00:02:43,897 - VALO360 - DEBUG - 自動保存已禁用，跳過配置保存
2025-08-17 00:02:43,897 - VALO360 - DEBUG - 自動保存已禁用，跳過配置保存
2025-08-17 00:02:43,897 - VALO360 - DEBUG - 自動保存已禁用，跳過配置保存
2025-08-17 00:02:43,898 - VALO360 - DEBUG - 自動保存已禁用，跳過配置保存
2025-08-17 00:02:43,898 - VALO360 - DEBUG - 自動保存已禁用，跳過配置保存
2025-08-17 00:02:43,898 - VALO360 - DEBUG - 自動保存已禁用，跳過配置保存
2025-08-17 00:02:43,899 - VALO360 - DEBUG - 自動保存已禁用，跳過配置保存
2025-08-17 00:02:43,899 - VALO360 - DEBUG - 自動保存已禁用，跳過配置保存
2025-08-17 00:02:43,900 - VALO360 - DEBUG - 自動保存已禁用，跳過配置保存
2025-08-17 00:02:43,900 - VALO360 - DEBUG - 自動保存已禁用，跳過配置保存
2025-08-17 00:02:43,900 - VALO360 - DEBUG - 自動保存已禁用，跳過配置保存
2025-08-17 00:02:43,901 - VALO360 - DEBUG - 自動保存已禁用，跳過配置保存
2025-08-17 00:02:43,901 - VALO360 - DEBUG - 自動保存已禁用，跳過配置保存
2025-08-17 00:02:43,901 - VALO360 - DEBUG - 自動保存已禁用，跳過配置保存
2025-08-17 00:02:43,901 - VALO360 - DEBUG - 自動保存已禁用，跳過配置保存
2025-08-17 00:02:43,902 - VALO360 - DEBUG - 自動保存已禁用，跳過配置保存
2025-08-17 00:02:43,902 - VALO360 - DEBUG - 自動保存已禁用，跳過配置保存
2025-08-17 00:02:43,902 - VALO360 - DEBUG - 自動保存已禁用，跳過配置保存
2025-08-17 00:02:43,902 - VALO360 - DEBUG - 自動保存已禁用，跳過配置保存
2025-08-17 00:02:43,903 - VALO360 - DEBUG - 自動保存已禁用，跳過配置保存
2025-08-17 00:02:43,903 - VALO360 - DEBUG - 自動保存已禁用，跳過配置保存
2025-08-17 00:02:43,903 - VALO360 - DEBUG - 自動保存已禁用，跳過配置保存
2025-08-17 00:02:43,903 - VALO360 - DEBUG - 自動保存已禁用，跳過配置保存
2025-08-17 00:02:43,904 - VALO360 - DEBUG - 自動保存已禁用，跳過配置保存
2025-08-17 00:02:43,904 - VALO360 - DEBUG - 自動保存已禁用，跳過配置保存
2025-08-17 00:02:43,904 - VALO360 - DEBUG - 自動保存已禁用，跳過配置保存
2025-08-17 00:02:43,905 - VALO360 - DEBUG - 自動保存已禁用，跳過配置保存
2025-08-17 00:02:43,905 - VALO360 - DEBUG - 自動保存已禁用，跳過配置保存
2025-08-17 00:02:43,906 - VALO360 - DEBUG - 自動保存已禁用，跳過配置保存
2025-08-17 00:02:43,906 - VALO360 - DEBUG - 自動保存已禁用，跳過配置保存
2025-08-17 00:02:43,906 - VALO360 - DEBUG - 自動保存已禁用，跳過配置保存
2025-08-17 00:02:43,906 - VALO360 - DEBUG - 自動保存已禁用，跳過配置保存
2025-08-17 00:02:43,907 - VALO360 - DEBUG - 自動保存已禁用，跳過配置保存
2025-08-17 00:02:43,907 - VALO360 - DEBUG - 自動保存已禁用，跳過配置保存
2025-08-17 00:02:43,907 - VALO360 - DEBUG - 自動保存已禁用，跳過配置保存
2025-08-17 00:02:43,907 - VALO360 - DEBUG - 自動保存已禁用，跳過配置保存
2025-08-17 00:02:43,907 - VALO360 - DEBUG - 自動保存已禁用，跳過配置保存
2025-08-17 00:02:43,908 - VALO360 - DEBUG - 自動保存已禁用，跳過配置保存
2025-08-17 00:02:43,908 - VALO360 - DEBUG - 自動保存已禁用，跳過配置保存
2025-08-17 00:02:43,908 - VALO360 - DEBUG - 自動保存已禁用，跳過配置保存
2025-08-17 00:02:43,908 - VALO360 - DEBUG - 自動保存已禁用，跳過配置保存
2025-08-17 00:02:43,909 - VALO360 - DEBUG - 自動保存已禁用，跳過配置保存
2025-08-17 00:02:43,909 - VALO360 - DEBUG - 自動保存已禁用，跳過配置保存
2025-08-17 00:02:43,909 - VALO360 - DEBUG - 自動保存已禁用，跳過配置保存
2025-08-17 00:02:43,909 - VALO360 - DEBUG - 自動保存已禁用，跳過配置保存
2025-08-17 00:02:43,909 - VALO360 - DEBUG - 自動保存已禁用，跳過配置保存
2025-08-17 00:02:43,910 - VALO360 - DEBUG - 自動保存已禁用，跳過配置保存
2025-08-17 00:02:43,910 - VALO360 - DEBUG - 自動保存已禁用，跳過配置保存
2025-08-17 00:02:43,910 - VALO360 - DEBUG - 自動保存已禁用，跳過配置保存
2025-08-17 00:02:43,910 - VALO360 - DEBUG - 自動保存已禁用，跳過配置保存
2025-08-17 00:02:43,911 - VALO360 - DEBUG - 自動保存已禁用，跳過配置保存
2025-08-17 00:02:43,911 - VALO360 - DEBUG - 自動保存已禁用，跳過配置保存
2025-08-17 00:02:43,911 - VALO360 - DEBUG - 自動保存已禁用，跳過配置保存
2025-08-17 00:02:43,911 - VALO360 - DEBUG - 自動保存已禁用，跳過配置保存
2025-08-17 00:02:43,912 - VALO360 - DEBUG - 自動保存已禁用，跳過配置保存
2025-08-17 00:02:43,912 - VALO360 - DEBUG - 自動保存已禁用，跳過配置保存
2025-08-17 00:02:43,912 - VALO360 - DEBUG - 自動保存已禁用，跳過配置保存
2025-08-17 00:02:43,912 - VALO360 - DEBUG - 自動保存已禁用，跳過配置保存
2025-08-17 00:02:43,912 - VALO360 - DEBUG - 自動保存已禁用，跳過配置保存
2025-08-17 00:02:43,913 - VALO360 - DEBUG - 自動保存已禁用，跳過配置保存
2025-08-17 00:02:43,913 - VALO360 - DEBUG - 自動保存已禁用，跳過配置保存
2025-08-17 00:02:43,913 - VALO360 - DEBUG - 自動保存已禁用，跳過配置保存
2025-08-17 00:02:43,913 - VALO360 - DEBUG - 自動保存已禁用，跳過配置保存
2025-08-17 00:02:43,914 - VALO360 - DEBUG - 自動保存已禁用，跳過配置保存
2025-08-17 00:02:43,914 - VALO360 - DEBUG - 自動保存已禁用，跳過配置保存
2025-08-17 00:02:43,914 - VALO360 - DEBUG - 自動保存已禁用，跳過配置保存
2025-08-17 00:02:43,914 - VALO360 - DEBUG - 自動保存已禁用，跳過配置保存
2025-08-17 00:02:43,915 - VALO360 - DEBUG - 自動保存已禁用，跳過配置保存
2025-08-17 00:02:43,915 - VALO360 - DEBUG - 自動保存已禁用，跳過配置保存
2025-08-17 00:02:43,915 - VALO360 - DEBUG - 自動保存已禁用，跳過配置保存
2025-08-17 00:02:43,915 - VALO360 - DEBUG - 自動保存已禁用，跳過配置保存
2025-08-17 00:02:43,916 - VALO360 - DEBUG - 自動保存已禁用，跳過配置保存
2025-08-17 00:02:43,916 - VALO360 - DEBUG - 自動保存已禁用，跳過配置保存
2025-08-17 00:02:43,916 - VALO360 - DEBUG - 自動保存已禁用，跳過配置保存
2025-08-17 00:02:43,916 - VALO360 - DEBUG - 自動保存已禁用，跳過配置保存
2025-08-17 00:02:43,917 - VALO360 - DEBUG - 自動保存已禁用，跳過配置保存
2025-08-17 00:02:43,917 - VALO360 - DEBUG - 自動保存已禁用，跳過配置保存
2025-08-17 00:02:43,917 - VALO360 - DEBUG - 自動保存已禁用，跳過配置保存
2025-08-17 00:02:43,917 - VALO360 - DEBUG - 自動保存已禁用，跳過配置保存
2025-08-17 00:02:43,918 - VALO360 - DEBUG - 自動保存已禁用，跳過配置保存
2025-08-17 00:02:43,918 - VALO360 - DEBUG - 自動保存已禁用，跳過配置保存
2025-08-17 00:02:43,918 - VALO360 - DEBUG - 自動保存已禁用，跳過配置保存
2025-08-17 00:02:43,918 - VALO360 - DEBUG - 自動保存已禁用，跳過配置保存
2025-08-17 00:02:43,919 - VALO360 - DEBUG - 自動保存已禁用，跳過配置保存
2025-08-17 00:02:43,919 - VALO360 - DEBUG - 自動保存已禁用，跳過配置保存
2025-08-17 00:02:43,919 - VALO360 - DEBUG - 自動保存已禁用，跳過配置保存
2025-08-17 00:02:43,919 - VALO360 - DEBUG - 自動保存已禁用，跳過配置保存
2025-08-17 00:02:43,920 - VALO360 - DEBUG - 自動保存已禁用，跳過配置保存
2025-08-17 00:02:43,920 - VALO360 - DEBUG - 自動保存已禁用，跳過配置保存
2025-08-17 00:02:43,920 - VALO360 - DEBUG - 自動保存已禁用，跳過配置保存
2025-08-17 00:02:43,920 - VALO360 - DEBUG - 自動保存已禁用，跳過配置保存
2025-08-17 00:02:43,920 - VALO360 - DEBUG - 自動保存已禁用，跳過配置保存
2025-08-17 00:02:43,921 - VALO360 - DEBUG - 自動保存已禁用，跳過配置保存
2025-08-17 00:02:43,921 - VALO360 - DEBUG - 自動保存已禁用，跳過配置保存
2025-08-17 00:02:43,921 - VALO360 - DEBUG - 自動保存已禁用，跳過配置保存
2025-08-17 00:02:43,921 - VALO360 - DEBUG - 自動保存已禁用，跳過配置保存
2025-08-17 00:02:43,922 - VALO360 - DEBUG - 自動保存已禁用，跳過配置保存
2025-08-17 00:02:43,922 - VALO360 - DEBUG - 自動保存已禁用，跳過配置保存
2025-08-17 00:02:43,922 - VALO360 - DEBUG - 自動保存已禁用，跳過配置保存
2025-08-17 00:02:43,922 - VALO360 - DEBUG - 自動保存已禁用，跳過配置保存
2025-08-17 00:02:43,923 - VALO360 - DEBUG - 自動保存已禁用，跳過配置保存
2025-08-17 00:02:43,923 - VALO360 - DEBUG - 自動保存已禁用，跳過配置保存
2025-08-17 00:02:43,923 - VALO360 - DEBUG - 自動保存已禁用，跳過配置保存
2025-08-17 00:02:43,923 - VALO360 - DEBUG - 自動保存已禁用，跳過配置保存
2025-08-17 00:02:43,924 - VALO360 - DEBUG - 自動保存已禁用，跳過配置保存
2025-08-17 00:02:43,924 - VALO360 - DEBUG - 自動保存已禁用，跳過配置保存
2025-08-17 00:02:43,924 - VALO360 - DEBUG - 自動保存已禁用，跳過配置保存
2025-08-17 00:02:43,924 - VALO360 - DEBUG - 自動保存已禁用，跳過配置保存
2025-08-17 00:02:43,925 - VALO360 - DEBUG - 自動保存已禁用，跳過配置保存
2025-08-17 00:02:43,925 - VALO360 - DEBUG - 自動保存已禁用，跳過配置保存
2025-08-17 00:02:43,925 - VALO360 - DEBUG - 自動保存已禁用，跳過配置保存
2025-08-17 00:02:43,925 - VALO360 - DEBUG - 自動保存已禁用，跳過配置保存
2025-08-17 00:02:43,926 - VALO360 - DEBUG - 自動保存已禁用，跳過配置保存
2025-08-17 00:02:43,926 - VALO360 - DEBUG - 自動保存已禁用，跳過配置保存
2025-08-17 00:02:43,926 - VALO360 - DEBUG - 自動保存已禁用，跳過配置保存
2025-08-17 00:02:43,926 - VALO360 - DEBUG - 自動保存已禁用，跳過配置保存
2025-08-17 00:02:43,926 - VALO360 - DEBUG - 自動保存已禁用，跳過配置保存
2025-08-17 00:02:43,927 - VALO360 - DEBUG - 自動保存已禁用，跳過配置保存
2025-08-17 00:02:43,927 - VALO360 - DEBUG - 自動保存已禁用，跳過配置保存
2025-08-17 00:02:43,934 - VALO360 - DEBUG - 自動保存已禁用，跳過配置保存
2025-08-17 00:02:43,935 - VALO360 - DEBUG - 自動保存已禁用，跳過配置保存
2025-08-17 00:02:43,935 - VALO360 - DEBUG - 自動保存已禁用，跳過配置保存
2025-08-17 00:02:43,935 - VALO360 - DEBUG - 自動保存已禁用，跳過配置保存
2025-08-17 00:02:43,936 - VALO360 - DEBUG - 自動保存已禁用，跳過配置保存
2025-08-17 00:02:43,936 - VALO360 - DEBUG - 自動保存已禁用，跳過配置保存
2025-08-17 00:02:43,936 - VALO360 - DEBUG - 自動保存已禁用，跳過配置保存
2025-08-17 00:02:43,936 - VALO360 - DEBUG - 自動保存已禁用，跳過配置保存
2025-08-17 00:02:43,937 - VALO360 - DEBUG - 自動保存已禁用，跳過配置保存
2025-08-17 00:02:43,937 - VALO360 - DEBUG - 自動保存已禁用，跳過配置保存
2025-08-17 00:02:43,937 - VALO360 - DEBUG - 自動保存已禁用，跳過配置保存
2025-08-17 00:02:43,937 - VALO360 - DEBUG - 自動保存已禁用，跳過配置保存
2025-08-17 00:02:43,939 - VALO360 - DEBUG - 自動保存已禁用，跳過配置保存
2025-08-17 00:02:43,939 - VALO360 - DEBUG - 自動保存已禁用，跳過配置保存
2025-08-17 00:02:43,939 - VALO360 - DEBUG - 自動保存已禁用，跳過配置保存
2025-08-17 00:02:43,939 - VALO360 - DEBUG - 自動保存已禁用，跳過配置保存
2025-08-17 00:02:43,940 - VALO360 - DEBUG - 自動保存已禁用，跳過配置保存
2025-08-17 00:02:43,940 - VALO360 - DEBUG - 自動保存已禁用，跳過配置保存
2025-08-17 00:02:43,941 - VALO360 - DEBUG - 自動保存已禁用，跳過配置保存
2025-08-17 00:02:43,941 - VALO360 - DEBUG - 自動保存已禁用，跳過配置保存
2025-08-17 00:02:43,943 - VALO360 - DEBUG - 自動保存已禁用，跳過配置保存
2025-08-17 00:02:43,943 - VALO360 - DEBUG - 自動保存已禁用，跳過配置保存
2025-08-17 00:02:43,943 - VALO360 - DEBUG - 自動保存已禁用，跳過配置保存
2025-08-17 00:02:43,943 - VALO360 - DEBUG - 自動保存已禁用，跳過配置保存
2025-08-17 00:02:43,944 - VALO360 - DEBUG - 自動保存已禁用，跳過配置保存
2025-08-17 00:02:43,944 - VALO360 - DEBUG - 自動保存已禁用，跳過配置保存
2025-08-17 00:02:43,944 - VALO360 - DEBUG - 自動保存已禁用，跳過配置保存
2025-08-17 00:02:43,944 - VALO360 - DEBUG - 自動保存已禁用，跳過配置保存
2025-08-17 00:02:43,945 - VALO360 - DEBUG - 自動保存已禁用，跳過配置保存
2025-08-17 00:02:43,945 - VALO360 - DEBUG - 自動保存已禁用，跳過配置保存
2025-08-17 00:02:43,945 - VALO360 - DEBUG - 自動保存已禁用，跳過配置保存
2025-08-17 00:02:43,945 - VALO360 - DEBUG - 自動保存已禁用，跳過配置保存
2025-08-17 00:02:43,946 - VALO360 - DEBUG - 自動保存已禁用，跳過配置保存
2025-08-17 00:02:43,946 - VALO360 - DEBUG - 自動保存已禁用，跳過配置保存
2025-08-17 00:02:43,946 - VALO360 - DEBUG - 自動保存已禁用，跳過配置保存
2025-08-17 00:02:43,946 - VALO360 - DEBUG - 自動保存已禁用，跳過配置保存
2025-08-17 00:02:43,947 - VALO360 - DEBUG - 自動保存已禁用，跳過配置保存
2025-08-17 00:02:43,947 - VALO360 - DEBUG - 自動保存已禁用，跳過配置保存
2025-08-17 00:02:43,947 - VALO360 - DEBUG - 自動保存已禁用，跳過配置保存
2025-08-17 00:02:43,947 - VALO360 - DEBUG - 自動保存已禁用，跳過配置保存
2025-08-17 00:02:43,948 - VALO360 - DEBUG - 自動保存已禁用，跳過配置保存
2025-08-17 00:02:43,948 - VALO360 - DEBUG - 自動保存已禁用，跳過配置保存
2025-08-17 00:02:43,948 - VALO360 - DEBUG - 自動保存已禁用，跳過配置保存
2025-08-17 00:02:43,948 - VALO360 - DEBUG - 自動保存已禁用，跳過配置保存
2025-08-17 00:02:43,949 - VALO360 - DEBUG - 自動保存已禁用，跳過配置保存
2025-08-17 00:02:43,949 - VALO360 - DEBUG - 自動保存已禁用，跳過配置保存
2025-08-17 00:02:43,949 - VALO360 - DEBUG - 自動保存已禁用，跳過配置保存
2025-08-17 00:02:43,949 - VALO360 - DEBUG - 自動保存已禁用，跳過配置保存
2025-08-17 00:02:43,950 - VALO360 - DEBUG - 自動保存已禁用，跳過配置保存
2025-08-17 00:02:43,950 - VALO360 - DEBUG - 自動保存已禁用，跳過配置保存
2025-08-17 00:02:43,950 - VALO360 - DEBUG - 自動保存已禁用，跳過配置保存
2025-08-17 00:02:43,950 - VALO360 - DEBUG - 自動保存已禁用，跳過配置保存
2025-08-17 00:02:43,951 - VALO360 - DEBUG - 自動保存已禁用，跳過配置保存
2025-08-17 00:02:43,951 - VALO360 - DEBUG - 自動保存已禁用，跳過配置保存
2025-08-17 00:02:43,951 - VALO360 - DEBUG - 自動保存已禁用，跳過配置保存
2025-08-17 00:02:43,951 - VALO360 - DEBUG - 自動保存已禁用，跳過配置保存
2025-08-17 00:02:43,952 - VALO360 - DEBUG - 自動保存已禁用，跳過配置保存
2025-08-17 00:02:43,952 - VALO360 - DEBUG - 自動保存已禁用，跳過配置保存
2025-08-17 00:02:43,952 - VALO360 - DEBUG - 自動保存已禁用，跳過配置保存
2025-08-17 00:02:43,952 - VALO360 - DEBUG - 自動保存已禁用，跳過配置保存
2025-08-17 00:02:43,953 - VALO360 - DEBUG - 自動保存已禁用，跳過配置保存
2025-08-17 00:02:43,953 - VALO360 - DEBUG - 自動保存已禁用，跳過配置保存
2025-08-17 00:02:43,953 - VALO360 - DEBUG - 自動保存已禁用，跳過配置保存
2025-08-17 00:02:43,953 - VALO360 - DEBUG - 自動保存已禁用，跳過配置保存
2025-08-17 00:02:43,959 - VALO360 - DEBUG - 自動保存已禁用，跳過配置保存
2025-08-17 00:02:43,959 - VALO360 - DEBUG - 自動保存已禁用，跳過配置保存
2025-08-17 00:02:43,959 - VALO360 - DEBUG - 自動保存已禁用，跳過配置保存
2025-08-17 00:02:43,960 - VALO360 - DEBUG - 自動保存已禁用，跳過配置保存
2025-08-17 00:02:43,960 - VALO360 - DEBUG - 自動保存已禁用，跳過配置保存
2025-08-17 00:02:43,960 - VALO360 - DEBUG - 自動保存已禁用，跳過配置保存
2025-08-17 00:02:43,961 - VALO360 - DEBUG - 自動保存已禁用，跳過配置保存
2025-08-17 00:02:43,961 - VALO360 - DEBUG - 自動保存已禁用，跳過配置保存
2025-08-17 00:02:43,963 - VALO360 - DEBUG - 自動保存已禁用，跳過配置保存
2025-08-17 00:02:43,963 - VALO360 - DEBUG - 自動保存已禁用，跳過配置保存
2025-08-17 00:02:43,963 - VALO360 - DEBUG - 自動保存已禁用，跳過配置保存
2025-08-17 00:02:43,963 - VALO360 - DEBUG - 自動保存已禁用，跳過配置保存
2025-08-17 00:02:44,064 - VALO360 - DEBUG - 自動保存已禁用，跳過配置保存
2025-08-17 00:02:44,064 - VALO360 - DEBUG - 自動保存已禁用，跳過配置保存
2025-08-17 00:02:44,064 - VALO360 - DEBUG - 自動保存已禁用，跳過配置保存
2025-08-17 00:02:44,064 - VALO360 - DEBUG - 自動保存已禁用，跳過配置保存
2025-08-17 00:02:44,065 - VALO360 - DEBUG - 自動保存已禁用，跳過配置保存
2025-08-17 00:02:44,065 - VALO360 - DEBUG - 自動保存已禁用，跳過配置保存
2025-08-17 00:02:44,065 - VALO360 - DEBUG - 自動保存已禁用，跳過配置保存
2025-08-17 00:02:44,066 - VALO360 - DEBUG - 自動保存已禁用，跳過配置保存
2025-08-17 00:02:44,066 - VALO360 - DEBUG - 自動保存已禁用，跳過配置保存
2025-08-17 00:02:44,066 - VALO360 - DEBUG - 自動保存已禁用，跳過配置保存
2025-08-17 00:02:44,066 - VALO360 - DEBUG - 自動保存已禁用，跳過配置保存
2025-08-17 00:02:44,067 - VALO360 - DEBUG - 自動保存已禁用，跳過配置保存
2025-08-17 00:02:44,067 - VALO360 - DEBUG - 自動保存已禁用，跳過配置保存
2025-08-17 00:02:44,067 - VALO360 - DEBUG - 自動保存已禁用，跳過配置保存
2025-08-17 00:02:44,068 - VALO360 - DEBUG - 自動保存已禁用，跳過配置保存
2025-08-17 00:02:44,068 - VALO360 - DEBUG - 自動保存已禁用，跳過配置保存
2025-08-17 00:02:44,068 - VALO360 - DEBUG - 自動保存已禁用，跳過配置保存
2025-08-17 00:02:44,068 - VALO360 - DEBUG - 自動保存已禁用，跳過配置保存
2025-08-17 00:02:44,069 - VALO360 - DEBUG - 自動保存已禁用，跳過配置保存
2025-08-17 00:02:44,069 - VALO360 - DEBUG - 自動保存已禁用，跳過配置保存
2025-08-17 00:02:44,069 - VALO360 - DEBUG - 自動保存已禁用，跳過配置保存
2025-08-17 00:02:44,070 - VALO360 - DEBUG - 自動保存已禁用，跳過配置保存
2025-08-17 00:02:44,070 - VALO360 - DEBUG - 自動保存已禁用，跳過配置保存
2025-08-17 00:02:44,070 - VALO360 - DEBUG - 自動保存已禁用，跳過配置保存
2025-08-17 00:02:44,070 - VALO360 - DEBUG - 自動保存已禁用，跳過配置保存
2025-08-17 00:02:44,071 - VALO360 - DEBUG - 自動保存已禁用，跳過配置保存
2025-08-17 00:02:44,071 - VALO360 - DEBUG - 自動保存已禁用，跳過配置保存
2025-08-17 00:02:44,071 - VALO360 - DEBUG - 自動保存已禁用，跳過配置保存
2025-08-17 00:02:44,071 - VALO360 - DEBUG - 自動保存已禁用，跳過配置保存
2025-08-17 00:02:44,071 - VALO360 - DEBUG - 自動保存已禁用，跳過配置保存
2025-08-17 00:02:44,072 - VALO360 - DEBUG - 自動保存已禁用，跳過配置保存
2025-08-17 00:02:44,072 - VALO360 - DEBUG - 自動保存已禁用，跳過配置保存
2025-08-17 00:02:44,072 - VALO360 - DEBUG - 自動保存已禁用，跳過配置保存
2025-08-17 00:02:44,072 - VALO360 - DEBUG - 自動保存已禁用，跳過配置保存
2025-08-17 00:02:44,073 - VALO360 - DEBUG - 自動保存已禁用，跳過配置保存
2025-08-17 00:02:44,073 - VALO360 - DEBUG - 自動保存已禁用，跳過配置保存
2025-08-17 00:02:44,074 - VALO360 - DEBUG - 自動保存已禁用，跳過配置保存
2025-08-17 00:02:44,074 - VALO360 - DEBUG - 自動保存已禁用，跳過配置保存
2025-08-17 00:02:44,074 - VALO360 - DEBUG - 自動保存已禁用，跳過配置保存
2025-08-17 00:02:44,074 - VALO360 - DEBUG - 自動保存已禁用，跳過配置保存
2025-08-17 00:02:44,077 - VALO360 - DEBUG - 自動保存已禁用，跳過配置保存
2025-08-17 00:02:44,077 - VALO360 - DEBUG - 自動保存已禁用，跳過配置保存
2025-08-17 00:02:44,077 - VALO360 - DEBUG - 自動保存已禁用，跳過配置保存
2025-08-17 00:02:44,077 - VALO360 - DEBUG - 自動保存已禁用，跳過配置保存
2025-08-17 00:02:50,802 - VALO360 - DEBUG - 自動保存已禁用，跳過配置保存
2025-08-17 00:02:50,803 - VALO360 - DEBUG - 自動保存已禁用，跳過配置保存
2025-08-17 00:02:50,803 - VALO360 - DEBUG - 自動保存已禁用，跳過配置保存
2025-08-17 00:02:50,803 - VALO360 - DEBUG - 自動保存已禁用，跳過配置保存
2025-08-17 00:02:53,736 - VALO360 - DEBUG - 自動保存已禁用，跳過配置保存
2025-08-17 00:02:53,736 - VALO360 - DEBUG - 自動保存已禁用，跳過配置保存
2025-08-17 00:02:53,736 - VALO360 - DEBUG - 自動保存已禁用，跳過配置保存
2025-08-17 00:02:53,737 - VALO360 - DEBUG - 自動保存已禁用，跳過配置保存
2025-08-17 00:02:53,739 - VALO360 - DEBUG - 自動保存已禁用，跳過配置保存
2025-08-17 00:02:53,740 - VALO360 - DEBUG - 自動保存已禁用，跳過配置保存
2025-08-17 00:02:53,740 - VALO360 - DEBUG - 自動保存已禁用，跳過配置保存
2025-08-17 00:02:53,740 - VALO360 - DEBUG - 自動保存已禁用，跳過配置保存
2025-08-17 00:02:53,750 - VALO360 - DEBUG - 自動保存已禁用，跳過配置保存
2025-08-17 00:02:53,750 - VALO360 - DEBUG - 自動保存已禁用，跳過配置保存
2025-08-17 00:02:53,751 - VALO360 - DEBUG - 自動保存已禁用，跳過配置保存
2025-08-17 00:02:53,751 - VALO360 - DEBUG - 自動保存已禁用，跳過配置保存
2025-08-17 00:02:53,751 - VALO360 - DEBUG - 自動保存已禁用，跳過配置保存
2025-08-17 00:02:53,751 - VALO360 - DEBUG - 自動保存已禁用，跳過配置保存
2025-08-17 00:02:53,752 - VALO360 - DEBUG - 自動保存已禁用，跳過配置保存
2025-08-17 00:02:53,752 - VALO360 - DEBUG - 自動保存已禁用，跳過配置保存
2025-08-17 00:02:53,752 - VALO360 - DEBUG - 自動保存已禁用，跳過配置保存
2025-08-17 00:02:53,752 - VALO360 - DEBUG - 自動保存已禁用，跳過配置保存
2025-08-17 00:02:53,752 - VALO360 - DEBUG - 自動保存已禁用，跳過配置保存
2025-08-17 00:02:53,753 - VALO360 - DEBUG - 自動保存已禁用，跳過配置保存
2025-08-17 00:02:53,755 - VALO360 - DEBUG - 自動保存已禁用，跳過配置保存
2025-08-17 00:02:53,755 - VALO360 - DEBUG - 自動保存已禁用，跳過配置保存
2025-08-17 00:02:53,756 - VALO360 - DEBUG - 自動保存已禁用，跳過配置保存
2025-08-17 00:02:53,756 - VALO360 - DEBUG - 自動保存已禁用，跳過配置保存
2025-08-17 00:02:53,758 - VALO360 - DEBUG - 自動保存已禁用，跳過配置保存
2025-08-17 00:02:53,758 - VALO360 - DEBUG - 自動保存已禁用，跳過配置保存
2025-08-17 00:02:53,759 - VALO360 - DEBUG - 自動保存已禁用，跳過配置保存
2025-08-17 00:02:53,759 - VALO360 - DEBUG - 自動保存已禁用，跳過配置保存
2025-08-17 00:02:53,763 - VALO360 - DEBUG - 自動保存已禁用，跳過配置保存
2025-08-17 00:02:53,763 - VALO360 - DEBUG - 自動保存已禁用，跳過配置保存
2025-08-17 00:02:53,763 - VALO360 - DEBUG - 自動保存已禁用，跳過配置保存
2025-08-17 00:02:53,763 - VALO360 - DEBUG - 自動保存已禁用，跳過配置保存
2025-08-17 00:02:53,764 - VALO360 - DEBUG - 自動保存已禁用，跳過配置保存
2025-08-17 00:02:53,764 - VALO360 - DEBUG - 自動保存已禁用，跳過配置保存
2025-08-17 00:02:53,764 - VALO360 - DEBUG - 自動保存已禁用，跳過配置保存
2025-08-17 00:02:53,764 - VALO360 - DEBUG - 自動保存已禁用，跳過配置保存
2025-08-17 00:02:53,765 - VALO360 - DEBUG - 自動保存已禁用，跳過配置保存
2025-08-17 00:02:53,766 - VALO360 - DEBUG - 自動保存已禁用，跳過配置保存
2025-08-17 00:02:53,766 - VALO360 - DEBUG - 自動保存已禁用，跳過配置保存
2025-08-17 00:02:53,766 - VALO360 - DEBUG - 自動保存已禁用，跳過配置保存
2025-08-17 00:02:53,768 - VALO360 - DEBUG - 自動保存已禁用，跳過配置保存
2025-08-17 00:02:53,768 - VALO360 - DEBUG - 自動保存已禁用，跳過配置保存
2025-08-17 00:02:53,768 - VALO360 - DEBUG - 自動保存已禁用，跳過配置保存
2025-08-17 00:02:53,769 - VALO360 - DEBUG - 自動保存已禁用，跳過配置保存
2025-08-17 00:02:53,769 - VALO360 - DEBUG - 自動保存已禁用，跳過配置保存
2025-08-17 00:02:53,770 - VALO360 - DEBUG - 自動保存已禁用，跳過配置保存
2025-08-17 00:02:53,770 - VALO360 - DEBUG - 自動保存已禁用，跳過配置保存
2025-08-17 00:02:53,770 - VALO360 - DEBUG - 自動保存已禁用，跳過配置保存
2025-08-17 00:02:53,771 - VALO360 - DEBUG - 自動保存已禁用，跳過配置保存
2025-08-17 00:02:53,771 - VALO360 - DEBUG - 自動保存已禁用，跳過配置保存
2025-08-17 00:02:53,771 - VALO360 - DEBUG - 自動保存已禁用，跳過配置保存
2025-08-17 00:02:53,771 - VALO360 - DEBUG - 自動保存已禁用，跳過配置保存
2025-08-17 00:02:53,773 - VALO360 - DEBUG - 自動保存已禁用，跳過配置保存
2025-08-17 00:02:53,774 - VALO360 - DEBUG - 自動保存已禁用，跳過配置保存
2025-08-17 00:02:53,774 - VALO360 - DEBUG - 自動保存已禁用，跳過配置保存
2025-08-17 00:02:53,774 - VALO360 - DEBUG - 自動保存已禁用，跳過配置保存
2025-08-17 00:02:53,775 - VALO360 - DEBUG - 自動保存已禁用，跳過配置保存
2025-08-17 00:02:53,775 - VALO360 - DEBUG - 自動保存已禁用，跳過配置保存
2025-08-17 00:02:53,775 - VALO360 - DEBUG - 自動保存已禁用，跳過配置保存
2025-08-17 00:02:53,775 - VALO360 - DEBUG - 自動保存已禁用，跳過配置保存
2025-08-17 00:02:53,776 - VALO360 - DEBUG - 自動保存已禁用，跳過配置保存
2025-08-17 00:02:53,777 - VALO360 - DEBUG - 自動保存已禁用，跳過配置保存
2025-08-17 00:02:53,777 - VALO360 - DEBUG - 自動保存已禁用，跳過配置保存
2025-08-17 00:02:53,777 - VALO360 - DEBUG - 自動保存已禁用，跳過配置保存
2025-08-17 00:02:53,778 - VALO360 - DEBUG - 自動保存已禁用，跳過配置保存
2025-08-17 00:02:53,778 - VALO360 - DEBUG - 自動保存已禁用，跳過配置保存
2025-08-17 00:02:53,778 - VALO360 - DEBUG - 自動保存已禁用，跳過配置保存
2025-08-17 00:02:53,778 - VALO360 - DEBUG - 自動保存已禁用，跳過配置保存
2025-08-17 00:02:53,780 - VALO360 - DEBUG - 自動保存已禁用，跳過配置保存
2025-08-17 00:02:53,780 - VALO360 - DEBUG - 自動保存已禁用，跳過配置保存
2025-08-17 00:02:53,780 - VALO360 - DEBUG - 自動保存已禁用，跳過配置保存
2025-08-17 00:02:53,781 - VALO360 - DEBUG - 自動保存已禁用，跳過配置保存
2025-08-17 00:02:53,783 - VALO360 - DEBUG - 自動保存已禁用，跳過配置保存
2025-08-17 00:02:53,783 - VALO360 - DEBUG - 自動保存已禁用，跳過配置保存
2025-08-17 00:02:53,784 - VALO360 - DEBUG - 自動保存已禁用，跳過配置保存
2025-08-17 00:02:53,784 - VALO360 - DEBUG - 自動保存已禁用，跳過配置保存
2025-08-17 00:02:53,785 - VALO360 - DEBUG - 自動保存已禁用，跳過配置保存
2025-08-17 00:02:53,785 - VALO360 - DEBUG - 自動保存已禁用，跳過配置保存
2025-08-17 00:02:53,786 - VALO360 - DEBUG - 自動保存已禁用，跳過配置保存
2025-08-17 00:02:53,786 - VALO360 - DEBUG - 自動保存已禁用，跳過配置保存
2025-08-17 00:02:53,788 - VALO360 - DEBUG - 自動保存已禁用，跳過配置保存
2025-08-17 00:02:53,788 - VALO360 - DEBUG - 自動保存已禁用，跳過配置保存
2025-08-17 00:02:53,788 - VALO360 - DEBUG - 自動保存已禁用，跳過配置保存
2025-08-17 00:02:53,788 - VALO360 - DEBUG - 自動保存已禁用，跳過配置保存
2025-08-17 00:02:53,789 - VALO360 - DEBUG - 自動保存已禁用，跳過配置保存
2025-08-17 00:02:53,790 - VALO360 - DEBUG - 自動保存已禁用，跳過配置保存
2025-08-17 00:02:53,790 - VALO360 - DEBUG - 自動保存已禁用，跳過配置保存
2025-08-17 00:02:53,790 - VALO360 - DEBUG - 自動保存已禁用，跳過配置保存
2025-08-17 00:02:53,791 - VALO360 - DEBUG - 自動保存已禁用，跳過配置保存
2025-08-17 00:02:53,791 - VALO360 - DEBUG - 自動保存已禁用，跳過配置保存
2025-08-17 00:02:53,791 - VALO360 - DEBUG - 自動保存已禁用，跳過配置保存
2025-08-17 00:02:53,791 - VALO360 - DEBUG - 自動保存已禁用，跳過配置保存
2025-08-17 00:02:53,792 - VALO360 - DEBUG - 自動保存已禁用，跳過配置保存
2025-08-17 00:02:53,793 - VALO360 - DEBUG - 自動保存已禁用，跳過配置保存
2025-08-17 00:02:53,793 - VALO360 - DEBUG - 自動保存已禁用，跳過配置保存
2025-08-17 00:02:53,793 - VALO360 - DEBUG - 自動保存已禁用，跳過配置保存
2025-08-17 00:02:53,794 - VALO360 - DEBUG - 自動保存已禁用，跳過配置保存
2025-08-17 00:02:53,794 - VALO360 - DEBUG - 自動保存已禁用，跳過配置保存
2025-08-17 00:02:53,794 - VALO360 - DEBUG - 自動保存已禁用，跳過配置保存
2025-08-17 00:02:53,795 - VALO360 - DEBUG - 自動保存已禁用，跳過配置保存
2025-08-17 00:02:53,796 - VALO360 - DEBUG - 自動保存已禁用，跳過配置保存
2025-08-17 00:02:53,797 - VALO360 - DEBUG - 自動保存已禁用，跳過配置保存
2025-08-17 00:02:53,797 - VALO360 - DEBUG - 自動保存已禁用，跳過配置保存
2025-08-17 00:02:53,797 - VALO360 - DEBUG - 自動保存已禁用，跳過配置保存
2025-08-17 00:02:53,798 - VALO360 - DEBUG - 自動保存已禁用，跳過配置保存
2025-08-17 00:02:53,798 - VALO360 - DEBUG - 自動保存已禁用，跳過配置保存
2025-08-17 00:02:53,798 - VALO360 - DEBUG - 自動保存已禁用，跳過配置保存
2025-08-17 00:02:53,798 - VALO360 - DEBUG - 自動保存已禁用，跳過配置保存
2025-08-17 00:02:53,801 - VALO360 - DEBUG - 自動保存已禁用，跳過配置保存
2025-08-17 00:02:53,801 - VALO360 - DEBUG - 自動保存已禁用，跳過配置保存
2025-08-17 00:02:53,801 - VALO360 - DEBUG - 自動保存已禁用，跳過配置保存
2025-08-17 00:02:53,802 - VALO360 - DEBUG - 自動保存已禁用，跳過配置保存
2025-08-17 00:02:53,802 - VALO360 - DEBUG - 自動保存已禁用，跳過配置保存
2025-08-17 00:02:53,803 - VALO360 - DEBUG - 自動保存已禁用，跳過配置保存
2025-08-17 00:02:53,803 - VALO360 - DEBUG - 自動保存已禁用，跳過配置保存
2025-08-17 00:02:53,803 - VALO360 - DEBUG - 自動保存已禁用，跳過配置保存
2025-08-17 00:02:53,804 - VALO360 - DEBUG - 自動保存已禁用，跳過配置保存
2025-08-17 00:02:53,804 - VALO360 - DEBUG - 自動保存已禁用，跳過配置保存
2025-08-17 00:02:53,804 - VALO360 - DEBUG - 自動保存已禁用，跳過配置保存
2025-08-17 00:02:53,805 - VALO360 - DEBUG - 自動保存已禁用，跳過配置保存
2025-08-17 00:02:53,806 - VALO360 - DEBUG - 自動保存已禁用，跳過配置保存
2025-08-17 00:02:53,806 - VALO360 - DEBUG - 自動保存已禁用，跳過配置保存
2025-08-17 00:02:53,806 - VALO360 - DEBUG - 自動保存已禁用，跳過配置保存
2025-08-17 00:02:53,806 - VALO360 - DEBUG - 自動保存已禁用，跳過配置保存
2025-08-17 00:02:53,807 - VALO360 - DEBUG - 自動保存已禁用，跳過配置保存
2025-08-17 00:02:53,807 - VALO360 - DEBUG - 自動保存已禁用，跳過配置保存
2025-08-17 00:02:53,807 - VALO360 - DEBUG - 自動保存已禁用，跳過配置保存
2025-08-17 00:02:53,808 - VALO360 - DEBUG - 自動保存已禁用，跳過配置保存
2025-08-17 00:02:53,809 - VALO360 - DEBUG - 自動保存已禁用，跳過配置保存
2025-08-17 00:02:53,809 - VALO360 - DEBUG - 自動保存已禁用，跳過配置保存
2025-08-17 00:02:53,809 - VALO360 - DEBUG - 自動保存已禁用，跳過配置保存
2025-08-17 00:02:53,809 - VALO360 - DEBUG - 自動保存已禁用，跳過配置保存
2025-08-17 00:02:53,810 - VALO360 - DEBUG - 自動保存已禁用，跳過配置保存
2025-08-17 00:02:53,810 - VALO360 - DEBUG - 自動保存已禁用，跳過配置保存
2025-08-17 00:02:53,810 - VALO360 - DEBUG - 自動保存已禁用，跳過配置保存
2025-08-17 00:02:53,811 - VALO360 - DEBUG - 自動保存已禁用，跳過配置保存
2025-08-17 00:02:53,811 - VALO360 - DEBUG - 自動保存已禁用，跳過配置保存
2025-08-17 00:02:53,811 - VALO360 - DEBUG - 自動保存已禁用，跳過配置保存
2025-08-17 00:02:53,812 - VALO360 - DEBUG - 自動保存已禁用，跳過配置保存
2025-08-17 00:02:53,812 - VALO360 - DEBUG - 自動保存已禁用，跳過配置保存
2025-08-17 00:02:53,813 - VALO360 - DEBUG - 自動保存已禁用，跳過配置保存
2025-08-17 00:02:53,813 - VALO360 - DEBUG - 自動保存已禁用，跳過配置保存
2025-08-17 00:02:53,813 - VALO360 - DEBUG - 自動保存已禁用，跳過配置保存
2025-08-17 00:02:53,813 - VALO360 - DEBUG - 自動保存已禁用，跳過配置保存
2025-08-17 00:02:53,819 - VALO360 - DEBUG - 自動保存已禁用，跳過配置保存
2025-08-17 00:02:53,819 - VALO360 - DEBUG - 自動保存已禁用，跳過配置保存
2025-08-17 00:02:53,819 - VALO360 - DEBUG - 自動保存已禁用，跳過配置保存
2025-08-17 00:02:53,820 - VALO360 - DEBUG - 自動保存已禁用，跳過配置保存
2025-08-17 00:02:53,820 - VALO360 - DEBUG - 自動保存已禁用，跳過配置保存
2025-08-17 00:02:53,820 - VALO360 - DEBUG - 自動保存已禁用，跳過配置保存
2025-08-17 00:02:53,821 - VALO360 - DEBUG - 自動保存已禁用，跳過配置保存
2025-08-17 00:02:53,821 - VALO360 - DEBUG - 自動保存已禁用，跳過配置保存
2025-08-17 00:02:53,822 - VALO360 - DEBUG - 自動保存已禁用，跳過配置保存
2025-08-17 00:02:53,822 - VALO360 - DEBUG - 自動保存已禁用，跳過配置保存
2025-08-17 00:02:53,822 - VALO360 - DEBUG - 自動保存已禁用，跳過配置保存
2025-08-17 00:02:53,822 - VALO360 - DEBUG - 自動保存已禁用，跳過配置保存
2025-08-17 00:02:53,827 - VALO360 - DEBUG - 自動保存已禁用，跳過配置保存
2025-08-17 00:02:53,828 - VALO360 - DEBUG - 自動保存已禁用，跳過配置保存
2025-08-17 00:02:53,828 - VALO360 - DEBUG - 自動保存已禁用，跳過配置保存
2025-08-17 00:02:53,828 - VALO360 - DEBUG - 自動保存已禁用，跳過配置保存
2025-08-17 00:02:53,829 - VALO360 - DEBUG - 自動保存已禁用，跳過配置保存
2025-08-17 00:02:53,829 - VALO360 - DEBUG - 自動保存已禁用，跳過配置保存
2025-08-17 00:02:53,830 - VALO360 - DEBUG - 自動保存已禁用，跳過配置保存
2025-08-17 00:02:53,830 - VALO360 - DEBUG - 自動保存已禁用，跳過配置保存
2025-08-17 00:02:53,831 - VALO360 - DEBUG - 自動保存已禁用，跳過配置保存
2025-08-17 00:02:53,831 - VALO360 - DEBUG - 自動保存已禁用，跳過配置保存
2025-08-17 00:02:53,831 - VALO360 - DEBUG - 自動保存已禁用，跳過配置保存
2025-08-17 00:02:53,831 - VALO360 - DEBUG - 自動保存已禁用，跳過配置保存
2025-08-17 00:02:53,832 - VALO360 - DEBUG - 自動保存已禁用，跳過配置保存
2025-08-17 00:02:53,832 - VALO360 - DEBUG - 自動保存已禁用，跳過配置保存
2025-08-17 00:02:53,833 - VALO360 - DEBUG - 自動保存已禁用，跳過配置保存
2025-08-17 00:02:53,833 - VALO360 - DEBUG - 自動保存已禁用，跳過配置保存
2025-08-17 00:02:53,834 - VALO360 - DEBUG - 自動保存已禁用，跳過配置保存
2025-08-17 00:02:53,834 - VALO360 - DEBUG - 自動保存已禁用，跳過配置保存
2025-08-17 00:02:53,835 - VALO360 - DEBUG - 自動保存已禁用，跳過配置保存
2025-08-17 00:02:53,835 - VALO360 - DEBUG - 自動保存已禁用，跳過配置保存
2025-08-17 00:02:53,836 - VALO360 - DEBUG - 自動保存已禁用，跳過配置保存
2025-08-17 00:02:53,836 - VALO360 - DEBUG - 自動保存已禁用，跳過配置保存
2025-08-17 00:02:53,836 - VALO360 - DEBUG - 自動保存已禁用，跳過配置保存
2025-08-17 00:02:53,836 - VALO360 - DEBUG - 自動保存已禁用，跳過配置保存
2025-08-17 00:02:53,837 - VALO360 - DEBUG - 自動保存已禁用，跳過配置保存
2025-08-17 00:02:53,837 - VALO360 - DEBUG - 自動保存已禁用，跳過配置保存
2025-08-17 00:02:53,837 - VALO360 - DEBUG - 自動保存已禁用，跳過配置保存
2025-08-17 00:02:53,838 - VALO360 - DEBUG - 自動保存已禁用，跳過配置保存
2025-08-17 00:02:53,838 - VALO360 - DEBUG - 自動保存已禁用，跳過配置保存
2025-08-17 00:02:53,838 - VALO360 - DEBUG - 自動保存已禁用，跳過配置保存
2025-08-17 00:02:53,839 - VALO360 - DEBUG - 自動保存已禁用，跳過配置保存
2025-08-17 00:02:53,839 - VALO360 - DEBUG - 自動保存已禁用，跳過配置保存
2025-08-17 00:02:55,072 - VALO360 - DEBUG - 自動保存已禁用，跳過配置保存
2025-08-17 00:02:55,075 - VALO360 - DEBUG - 配置已備份至: backup\setup_backup_20250817_000255.json
2025-08-17 00:02:55,078 - VALO360 - DEBUG - 已刪除舊備份: backup\setup_backup_20250816_231544.json
2025-08-17 00:02:55,080 - VALO360 - DEBUG - 配置保存成功
2025-08-17 00:02:55,082 - VALO360 - DEBUG - 自動保存已禁用，跳過配置保存
2025-08-17 00:02:55,098 - VALO360 - DEBUG - 自動保存已禁用，跳過配置保存
2025-08-17 00:02:55,099 - VALO360 - DEBUG - 自動保存已禁用，跳過配置保存
2025-08-17 00:02:55,099 - VALO360 - DEBUG - 自動保存已禁用，跳過配置保存
2025-08-17 00:02:55,099 - VALO360 - DEBUG - 自動保存已禁用，跳過配置保存
2025-08-17 00:02:55,146 - VALO360 - DEBUG - 自動保存已禁用，跳過配置保存
2025-08-17 00:02:55,147 - VALO360 - DEBUG - 自動保存已禁用，跳過配置保存
2025-08-17 00:02:55,147 - VALO360 - DEBUG - 自動保存已禁用，跳過配置保存
2025-08-17 00:02:55,147 - VALO360 - DEBUG - 自動保存已禁用，跳過配置保存
2025-08-17 00:02:55,147 - VALO360 - DEBUG - 自動保存已禁用，跳過配置保存
2025-08-17 00:02:55,148 - VALO360 - DEBUG - 自動保存已禁用，跳過配置保存
2025-08-17 00:02:55,148 - VALO360 - DEBUG - 自動保存已禁用，跳過配置保存
2025-08-17 00:02:55,148 - VALO360 - DEBUG - 自動保存已禁用，跳過配置保存
2025-08-17 00:02:55,165 - VALO360 - DEBUG - 自動保存已禁用，跳過配置保存
2025-08-17 00:02:55,165 - VALO360 - DEBUG - 自動保存已禁用，跳過配置保存
2025-08-17 00:02:55,166 - VALO360 - DEBUG - 自動保存已禁用，跳過配置保存
2025-08-17 00:02:55,166 - VALO360 - DEBUG - 自動保存已禁用，跳過配置保存
2025-08-17 00:02:55,174 - VALO360 - DEBUG - 自動保存已禁用，跳過配置保存
2025-08-17 00:02:55,174 - VALO360 - DEBUG - 自動保存已禁用，跳過配置保存
2025-08-17 00:02:55,174 - VALO360 - DEBUG - 自動保存已禁用，跳過配置保存
2025-08-17 00:02:55,175 - VALO360 - DEBUG - 自動保存已禁用，跳過配置保存
2025-08-17 00:02:55,175 - VALO360 - DEBUG - 自動保存已禁用，跳過配置保存
2025-08-17 00:02:55,175 - VALO360 - DEBUG - 自動保存已禁用，跳過配置保存
2025-08-17 00:02:55,176 - VALO360 - DEBUG - 自動保存已禁用，跳過配置保存
2025-08-17 00:02:55,176 - VALO360 - DEBUG - 自動保存已禁用，跳過配置保存
2025-08-17 00:02:55,176 - VALO360 - DEBUG - 自動保存已禁用，跳過配置保存
2025-08-17 00:02:55,176 - VALO360 - DEBUG - 自動保存已禁用，跳過配置保存
2025-08-17 00:02:55,177 - VALO360 - DEBUG - 自動保存已禁用，跳過配置保存
2025-08-17 00:02:55,177 - VALO360 - DEBUG - 自動保存已禁用，跳過配置保存
2025-08-17 00:02:55,177 - VALO360 - DEBUG - 自動保存已禁用，跳過配置保存
2025-08-17 00:02:55,178 - VALO360 - DEBUG - 自動保存已禁用，跳過配置保存
2025-08-17 00:02:55,178 - VALO360 - DEBUG - 自動保存已禁用，跳過配置保存
2025-08-17 00:02:55,178 - VALO360 - DEBUG - 自動保存已禁用，跳過配置保存
2025-08-17 00:02:55,178 - VALO360 - DEBUG - 自動保存已禁用，跳過配置保存
2025-08-17 00:02:55,179 - VALO360 - DEBUG - 自動保存已禁用，跳過配置保存
2025-08-17 00:02:55,179 - VALO360 - DEBUG - 自動保存已禁用，跳過配置保存
2025-08-17 00:02:55,179 - VALO360 - DEBUG - 自動保存已禁用，跳過配置保存
2025-08-17 00:02:55,179 - VALO360 - DEBUG - 自動保存已禁用，跳過配置保存
2025-08-17 00:02:55,180 - VALO360 - DEBUG - 自動保存已禁用，跳過配置保存
2025-08-17 00:02:55,180 - VALO360 - DEBUG - 自動保存已禁用，跳過配置保存
2025-08-17 00:02:55,180 - VALO360 - DEBUG - 自動保存已禁用，跳過配置保存
2025-08-17 00:02:55,180 - VALO360 - DEBUG - 自動保存已禁用，跳過配置保存
2025-08-17 00:02:55,181 - VALO360 - DEBUG - 自動保存已禁用，跳過配置保存
2025-08-17 00:02:55,181 - VALO360 - DEBUG - 自動保存已禁用，跳過配置保存
2025-08-17 00:02:55,181 - VALO360 - DEBUG - 自動保存已禁用，跳過配置保存
2025-08-17 00:02:55,182 - VALO360 - DEBUG - 自動保存已禁用，跳過配置保存
2025-08-17 00:02:55,182 - VALO360 - DEBUG - 自動保存已禁用，跳過配置保存
2025-08-17 00:02:55,182 - VALO360 - DEBUG - 自動保存已禁用，跳過配置保存
2025-08-17 00:02:55,182 - VALO360 - DEBUG - 自動保存已禁用，跳過配置保存
2025-08-17 00:02:55,183 - VALO360 - DEBUG - 自動保存已禁用，跳過配置保存
2025-08-17 00:02:55,183 - VALO360 - DEBUG - 自動保存已禁用，跳過配置保存
2025-08-17 00:02:55,183 - VALO360 - DEBUG - 自動保存已禁用，跳過配置保存
2025-08-17 00:02:55,183 - VALO360 - DEBUG - 自動保存已禁用，跳過配置保存
2025-08-17 00:02:55,184 - VALO360 - DEBUG - 自動保存已禁用，跳過配置保存
2025-08-17 00:02:55,184 - VALO360 - DEBUG - 自動保存已禁用，跳過配置保存
2025-08-17 00:02:55,184 - VALO360 - DEBUG - 自動保存已禁用，跳過配置保存
2025-08-17 00:02:55,184 - VALO360 - DEBUG - 自動保存已禁用，跳過配置保存
2025-08-17 00:02:55,185 - VALO360 - DEBUG - 自動保存已禁用，跳過配置保存
2025-08-17 00:02:55,185 - VALO360 - DEBUG - 自動保存已禁用，跳過配置保存
2025-08-17 00:02:55,185 - VALO360 - DEBUG - 自動保存已禁用，跳過配置保存
2025-08-17 00:02:55,185 - VALO360 - DEBUG - 自動保存已禁用，跳過配置保存
2025-08-17 00:02:55,186 - VALO360 - DEBUG - 自動保存已禁用，跳過配置保存
2025-08-17 00:02:55,186 - VALO360 - DEBUG - 自動保存已禁用，跳過配置保存
2025-08-17 00:02:55,186 - VALO360 - DEBUG - 自動保存已禁用，跳過配置保存
2025-08-17 00:02:55,186 - VALO360 - DEBUG - 自動保存已禁用，跳過配置保存
2025-08-17 00:02:55,187 - VALO360 - DEBUG - 自動保存已禁用，跳過配置保存
2025-08-17 00:02:55,188 - VALO360 - DEBUG - 自動保存已禁用，跳過配置保存
2025-08-17 00:02:55,188 - VALO360 - DEBUG - 自動保存已禁用，跳過配置保存
2025-08-17 00:02:55,188 - VALO360 - DEBUG - 自動保存已禁用，跳過配置保存
2025-08-17 00:02:55,193 - VALO360 - DEBUG - 自動保存已禁用，跳過配置保存
2025-08-17 00:02:55,193 - VALO360 - DEBUG - 自動保存已禁用，跳過配置保存
2025-08-17 00:02:55,194 - VALO360 - DEBUG - 自動保存已禁用，跳過配置保存
2025-08-17 00:02:55,194 - VALO360 - DEBUG - 自動保存已禁用，跳過配置保存
2025-08-17 00:02:55,413 - VALO360 - DEBUG - 找到 3 個COM口: ['COM1', 'COM3', 'COM4']
2025-08-17 00:02:55,426 - VALO360 - DEBUG - 自動保存已禁用，跳過配置保存
2025-08-17 00:02:55,427 - VALO360 - DEBUG - 自動保存已禁用，跳過配置保存
2025-08-17 00:02:55,427 - VALO360 - DEBUG - 自動保存已禁用，跳過配置保存
2025-08-17 00:02:55,427 - VALO360 - DEBUG - 自動保存已禁用，跳過配置保存
2025-08-17 00:02:55,427 - VALO360 - DEBUG - 自動保存已禁用，跳過配置保存
2025-08-17 00:02:55,428 - VALO360 - DEBUG - 自動保存已禁用，跳過配置保存
2025-08-17 00:02:55,428 - VALO360 - DEBUG - 自動保存已禁用，跳過配置保存
2025-08-17 00:02:55,428 - VALO360 - DEBUG - 自動保存已禁用，跳過配置保存
2025-08-17 00:02:55,433 - VALO360 - DEBUG - 自動保存已禁用，跳過配置保存
2025-08-17 00:02:55,433 - VALO360 - DEBUG - 自動保存已禁用，跳過配置保存
2025-08-17 00:02:55,433 - VALO360 - DEBUG - 自動保存已禁用，跳過配置保存
2025-08-17 00:02:55,433 - VALO360 - DEBUG - 自動保存已禁用，跳過配置保存
2025-08-17 00:02:55,440 - VALO360 - DEBUG - 自動保存已禁用，跳過配置保存
2025-08-17 00:02:55,440 - VALO360 - DEBUG - 自動保存已禁用，跳過配置保存
2025-08-17 00:02:55,440 - VALO360 - DEBUG - 自動保存已禁用，跳過配置保存
2025-08-17 00:02:55,441 - VALO360 - DEBUG - 自動保存已禁用，跳過配置保存
2025-08-17 00:02:55,490 - VALO360 - DEBUG - 自動保存已禁用，跳過配置保存
2025-08-17 00:02:55,490 - VALO360 - DEBUG - 自動保存已禁用，跳過配置保存
2025-08-17 00:02:55,491 - VALO360 - DEBUG - 自動保存已禁用，跳過配置保存
2025-08-17 00:02:55,491 - VALO360 - DEBUG - 自動保存已禁用，跳過配置保存
2025-08-17 00:02:55,492 - VALO360 - DEBUG - 自動保存已禁用，跳過配置保存
2025-08-17 00:02:55,492 - VALO360 - DEBUG - 自動保存已禁用，跳過配置保存
2025-08-17 00:02:55,492 - VALO360 - DEBUG - 自動保存已禁用，跳過配置保存
2025-08-17 00:02:55,492 - VALO360 - DEBUG - 自動保存已禁用，跳過配置保存
2025-08-17 00:02:55,494 - VALO360 - DEBUG - 自動保存已禁用，跳過配置保存
2025-08-17 00:02:55,494 - VALO360 - DEBUG - 自動保存已禁用，跳過配置保存
2025-08-17 00:02:55,494 - VALO360 - DEBUG - 自動保存已禁用，跳過配置保存
2025-08-17 00:02:55,494 - VALO360 - DEBUG - 自動保存已禁用，跳過配置保存
2025-08-17 00:02:55,495 - VALO360 - DEBUG - 自動保存已禁用，跳過配置保存
2025-08-17 00:02:55,496 - VALO360 - DEBUG - 自動保存已禁用，跳過配置保存
2025-08-17 00:02:55,496 - VALO360 - DEBUG - 自動保存已禁用，跳過配置保存
2025-08-17 00:02:55,496 - VALO360 - DEBUG - 自動保存已禁用，跳過配置保存
2025-08-17 00:03:03,861 - VALO360 - DEBUG - 自動保存已禁用，跳過配置保存
2025-08-17 00:03:03,862 - VALO360 - DEBUG - 自動保存已禁用，跳過配置保存
2025-08-17 00:03:03,862 - VALO360 - DEBUG - 自動保存已禁用，跳過配置保存
2025-08-17 00:03:03,862 - VALO360 - DEBUG - 自動保存已禁用，跳過配置保存
2025-08-17 00:03:05,662 - VALO360 - DEBUG - 自動保存已禁用，跳過配置保存
2025-08-17 00:03:05,666 - VALO360 - DEBUG - 配置已備份至: backup\setup_backup_20250817_000305.json
2025-08-17 00:03:05,668 - VALO360 - DEBUG - 已刪除舊備份: backup\setup_backup_20250816_231626.json
2025-08-17 00:03:05,671 - VALO360 - DEBUG - 配置保存成功
2025-08-17 00:03:05,673 - VALO360 - DEBUG - 自動保存已禁用，跳過配置保存
2025-08-17 00:03:05,685 - VALO360 - DEBUG - 自動保存已禁用，跳過配置保存
2025-08-17 00:03:05,685 - VALO360 - DEBUG - 自動保存已禁用，跳過配置保存
2025-08-17 00:03:05,686 - VALO360 - DEBUG - 自動保存已禁用，跳過配置保存
2025-08-17 00:03:05,686 - VALO360 - DEBUG - 自動保存已禁用，跳過配置保存
2025-08-17 00:03:05,730 - VALO360 - DEBUG - 自動保存已禁用，跳過配置保存
2025-08-17 00:03:05,730 - VALO360 - DEBUG - 自動保存已禁用，跳過配置保存
2025-08-17 00:03:05,730 - VALO360 - DEBUG - 自動保存已禁用，跳過配置保存
2025-08-17 00:03:05,731 - VALO360 - DEBUG - 自動保存已禁用，跳過配置保存
2025-08-17 00:03:05,731 - VALO360 - DEBUG - 自動保存已禁用，跳過配置保存
2025-08-17 00:03:05,731 - VALO360 - DEBUG - 自動保存已禁用，跳過配置保存
2025-08-17 00:03:05,732 - VALO360 - DEBUG - 自動保存已禁用，跳過配置保存
2025-08-17 00:03:05,732 - VALO360 - DEBUG - 自動保存已禁用，跳過配置保存
2025-08-17 00:03:05,732 - VALO360 - DEBUG - 自動保存已禁用，跳過配置保存
2025-08-17 00:03:05,733 - VALO360 - DEBUG - 自動保存已禁用，跳過配置保存
2025-08-17 00:03:05,733 - VALO360 - DEBUG - 自動保存已禁用，跳過配置保存
2025-08-17 00:03:05,733 - VALO360 - DEBUG - 自動保存已禁用，跳過配置保存
2025-08-17 00:03:05,733 - VALO360 - DEBUG - 自動保存已禁用，跳過配置保存
2025-08-17 00:03:05,734 - VALO360 - DEBUG - 自動保存已禁用，跳過配置保存
2025-08-17 00:03:05,734 - VALO360 - DEBUG - 自動保存已禁用，跳過配置保存
2025-08-17 00:03:05,734 - VALO360 - DEBUG - 自動保存已禁用，跳過配置保存
2025-08-17 00:03:05,735 - VALO360 - DEBUG - 自動保存已禁用，跳過配置保存
2025-08-17 00:03:05,735 - VALO360 - DEBUG - 自動保存已禁用，跳過配置保存
2025-08-17 00:03:05,735 - VALO360 - DEBUG - 自動保存已禁用，跳過配置保存
2025-08-17 00:03:05,735 - VALO360 - DEBUG - 自動保存已禁用，跳過配置保存
2025-08-17 00:03:05,736 - VALO360 - DEBUG - 自動保存已禁用，跳過配置保存
2025-08-17 00:03:05,736 - VALO360 - DEBUG - 自動保存已禁用，跳過配置保存
2025-08-17 00:03:05,736 - VALO360 - DEBUG - 自動保存已禁用，跳過配置保存
2025-08-17 00:03:05,736 - VALO360 - DEBUG - 自動保存已禁用，跳過配置保存
2025-08-17 00:03:05,737 - VALO360 - DEBUG - 自動保存已禁用，跳過配置保存
2025-08-17 00:03:05,737 - VALO360 - DEBUG - 自動保存已禁用，跳過配置保存
2025-08-17 00:03:05,737 - VALO360 - DEBUG - 自動保存已禁用，跳過配置保存
2025-08-17 00:03:05,737 - VALO360 - DEBUG - 自動保存已禁用，跳過配置保存
2025-08-17 00:03:05,738 - VALO360 - DEBUG - 自動保存已禁用，跳過配置保存
2025-08-17 00:03:05,738 - VALO360 - DEBUG - 自動保存已禁用，跳過配置保存
2025-08-17 00:03:05,738 - VALO360 - DEBUG - 自動保存已禁用，跳過配置保存
2025-08-17 00:03:05,739 - VALO360 - DEBUG - 自動保存已禁用，跳過配置保存
2025-08-17 00:03:05,739 - VALO360 - DEBUG - 自動保存已禁用，跳過配置保存
2025-08-17 00:03:05,739 - VALO360 - DEBUG - 自動保存已禁用，跳過配置保存
2025-08-17 00:03:05,739 - VALO360 - DEBUG - 自動保存已禁用，跳過配置保存
2025-08-17 00:03:05,740 - VALO360 - DEBUG - 自動保存已禁用，跳過配置保存
2025-08-17 00:03:05,740 - VALO360 - DEBUG - 自動保存已禁用，跳過配置保存
2025-08-17 00:03:05,740 - VALO360 - DEBUG - 自動保存已禁用，跳過配置保存
2025-08-17 00:03:05,740 - VALO360 - DEBUG - 自動保存已禁用，跳過配置保存
2025-08-17 00:03:05,741 - VALO360 - DEBUG - 自動保存已禁用，跳過配置保存
2025-08-17 00:03:05,741 - VALO360 - DEBUG - 自動保存已禁用，跳過配置保存
2025-08-17 00:03:05,741 - VALO360 - DEBUG - 自動保存已禁用，跳過配置保存
2025-08-17 00:03:05,741 - VALO360 - DEBUG - 自動保存已禁用，跳過配置保存
2025-08-17 00:03:05,742 - VALO360 - DEBUG - 自動保存已禁用，跳過配置保存
2025-08-17 00:03:05,743 - VALO360 - DEBUG - 自動保存已禁用，跳過配置保存
2025-08-17 00:03:05,743 - VALO360 - DEBUG - 自動保存已禁用，跳過配置保存
2025-08-17 00:03:05,743 - VALO360 - DEBUG - 自動保存已禁用，跳過配置保存
2025-08-17 00:03:05,743 - VALO360 - DEBUG - 自動保存已禁用，跳過配置保存
2025-08-17 00:03:05,744 - VALO360 - DEBUG - 自動保存已禁用，跳過配置保存
2025-08-17 00:03:05,744 - VALO360 - DEBUG - 自動保存已禁用，跳過配置保存
2025-08-17 00:03:05,744 - VALO360 - DEBUG - 自動保存已禁用，跳過配置保存
2025-08-17 00:03:05,744 - VALO360 - DEBUG - 自動保存已禁用，跳過配置保存
2025-08-17 00:03:05,749 - VALO360 - DEBUG - 自動保存已禁用，跳過配置保存
2025-08-17 00:03:05,749 - VALO360 - DEBUG - 自動保存已禁用，跳過配置保存
2025-08-17 00:03:05,750 - VALO360 - DEBUG - 自動保存已禁用，跳過配置保存
2025-08-17 00:03:05,750 - VALO360 - DEBUG - 自動保存已禁用，跳過配置保存
2025-08-17 00:03:05,771 - VALO360 - DEBUG - 自動保存已禁用，跳過配置保存
2025-08-17 00:03:05,772 - VALO360 - DEBUG - 自動保存已禁用，跳過配置保存
2025-08-17 00:03:05,772 - VALO360 - DEBUG - 自動保存已禁用，跳過配置保存
2025-08-17 00:03:05,772 - VALO360 - DEBUG - 自動保存已禁用，跳過配置保存
2025-08-17 00:03:05,773 - VALO360 - DEBUG - 自動保存已禁用，跳過配置保存
2025-08-17 00:03:05,773 - VALO360 - DEBUG - 自動保存已禁用，跳過配置保存
2025-08-17 00:03:05,773 - VALO360 - DEBUG - 自動保存已禁用，跳過配置保存
2025-08-17 00:03:05,773 - VALO360 - DEBUG - 自動保存已禁用，跳過配置保存
2025-08-17 00:03:05,774 - VALO360 - DEBUG - 自動保存已禁用，跳過配置保存
2025-08-17 00:03:05,774 - VALO360 - DEBUG - 自動保存已禁用，跳過配置保存
2025-08-17 00:03:05,774 - VALO360 - DEBUG - 自動保存已禁用，跳過配置保存
2025-08-17 00:03:05,774 - VALO360 - DEBUG - 自動保存已禁用，跳過配置保存
2025-08-17 00:03:05,775 - VALO360 - DEBUG - 自動保存已禁用，跳過配置保存
2025-08-17 00:03:05,775 - VALO360 - DEBUG - 自動保存已禁用，跳過配置保存
2025-08-17 00:03:05,775 - VALO360 - DEBUG - 自動保存已禁用，跳過配置保存
2025-08-17 00:03:05,775 - VALO360 - DEBUG - 自動保存已禁用，跳過配置保存
2025-08-17 00:03:05,776 - VALO360 - DEBUG - 自動保存已禁用，跳過配置保存
2025-08-17 00:03:05,776 - VALO360 - DEBUG - 自動保存已禁用，跳過配置保存
2025-08-17 00:03:05,776 - VALO360 - DEBUG - 自動保存已禁用，跳過配置保存
2025-08-17 00:03:05,776 - VALO360 - DEBUG - 自動保存已禁用，跳過配置保存
2025-08-17 00:03:05,777 - VALO360 - DEBUG - 自動保存已禁用，跳過配置保存
2025-08-17 00:03:05,777 - VALO360 - DEBUG - 自動保存已禁用，跳過配置保存
2025-08-17 00:03:05,777 - VALO360 - DEBUG - 自動保存已禁用，跳過配置保存
2025-08-17 00:03:05,777 - VALO360 - DEBUG - 自動保存已禁用，跳過配置保存
2025-08-17 00:03:05,778 - VALO360 - DEBUG - 自動保存已禁用，跳過配置保存
2025-08-17 00:03:05,778 - VALO360 - DEBUG - 自動保存已禁用，跳過配置保存
2025-08-17 00:03:05,778 - VALO360 - DEBUG - 自動保存已禁用，跳過配置保存
2025-08-17 00:03:05,778 - VALO360 - DEBUG - 自動保存已禁用，跳過配置保存
2025-08-17 00:03:05,779 - VALO360 - DEBUG - 自動保存已禁用，跳過配置保存
2025-08-17 00:03:05,779 - VALO360 - DEBUG - 自動保存已禁用，跳過配置保存
2025-08-17 00:03:05,779 - VALO360 - DEBUG - 自動保存已禁用，跳過配置保存
2025-08-17 00:03:05,779 - VALO360 - DEBUG - 自動保存已禁用，跳過配置保存
2025-08-17 00:03:05,780 - VALO360 - DEBUG - 自動保存已禁用，跳過配置保存
2025-08-17 00:03:05,780 - VALO360 - DEBUG - 自動保存已禁用，跳過配置保存
2025-08-17 00:03:05,780 - VALO360 - DEBUG - 自動保存已禁用，跳過配置保存
2025-08-17 00:03:05,780 - VALO360 - DEBUG - 自動保存已禁用，跳過配置保存
2025-08-17 00:03:05,781 - VALO360 - DEBUG - 自動保存已禁用，跳過配置保存
2025-08-17 00:03:05,781 - VALO360 - DEBUG - 自動保存已禁用，跳過配置保存
2025-08-17 00:03:05,781 - VALO360 - DEBUG - 自動保存已禁用，跳過配置保存
2025-08-17 00:03:05,781 - VALO360 - DEBUG - 自動保存已禁用，跳過配置保存
2025-08-17 00:03:05,782 - VALO360 - DEBUG - 自動保存已禁用，跳過配置保存
2025-08-17 00:03:05,782 - VALO360 - DEBUG - 自動保存已禁用，跳過配置保存
2025-08-17 00:03:05,782 - VALO360 - DEBUG - 自動保存已禁用，跳過配置保存
2025-08-17 00:03:05,782 - VALO360 - DEBUG - 自動保存已禁用，跳過配置保存
2025-08-17 00:03:05,783 - VALO360 - DEBUG - 自動保存已禁用，跳過配置保存
2025-08-17 00:03:05,783 - VALO360 - DEBUG - 自動保存已禁用，跳過配置保存
2025-08-17 00:03:05,784 - VALO360 - DEBUG - 自動保存已禁用，跳過配置保存
2025-08-17 00:03:05,784 - VALO360 - DEBUG - 自動保存已禁用，跳過配置保存
2025-08-17 00:03:05,784 - VALO360 - DEBUG - 自動保存已禁用，跳過配置保存
2025-08-17 00:03:05,784 - VALO360 - DEBUG - 自動保存已禁用，跳過配置保存
2025-08-17 00:03:05,785 - VALO360 - DEBUG - 自動保存已禁用，跳過配置保存
2025-08-17 00:03:05,785 - VALO360 - DEBUG - 自動保存已禁用，跳過配置保存
2025-08-17 00:03:05,788 - VALO360 - DEBUG - 自動保存已禁用，跳過配置保存
2025-08-17 00:03:05,788 - VALO360 - DEBUG - 自動保存已禁用，跳過配置保存
2025-08-17 00:03:05,788 - VALO360 - DEBUG - 自動保存已禁用，跳過配置保存
2025-08-17 00:03:05,789 - VALO360 - DEBUG - 自動保存已禁用，跳過配置保存
2025-08-17 00:03:05,799 - VALO360 - DEBUG - 找到 3 個COM口: ['COM1', 'COM3', 'COM4']
2025-08-17 00:03:05,860 - VALO360 - DEBUG - 自動保存已禁用，跳過配置保存
2025-08-17 00:03:05,860 - VALO360 - DEBUG - 自動保存已禁用，跳過配置保存
2025-08-17 00:03:05,860 - VALO360 - DEBUG - 自動保存已禁用，跳過配置保存
2025-08-17 00:03:05,860 - VALO360 - DEBUG - 自動保存已禁用，跳過配置保存
2025-08-17 00:03:05,862 - VALO360 - DEBUG - 自動保存已禁用，跳過配置保存
2025-08-17 00:03:05,862 - VALO360 - DEBUG - 自動保存已禁用，跳過配置保存
2025-08-17 00:03:05,862 - VALO360 - DEBUG - 自動保存已禁用，跳過配置保存
2025-08-17 00:03:05,862 - VALO360 - DEBUG - 自動保存已禁用，跳過配置保存
2025-08-17 00:03:05,863 - VALO360 - DEBUG - 自動保存已禁用，跳過配置保存
2025-08-17 00:03:05,864 - VALO360 - DEBUG - 自動保存已禁用，跳過配置保存
2025-08-17 00:03:05,864 - VALO360 - DEBUG - 自動保存已禁用，跳過配置保存
2025-08-17 00:03:05,864 - VALO360 - DEBUG - 自動保存已禁用，跳過配置保存
2025-08-17 00:03:05,865 - VALO360 - DEBUG - 自動保存已禁用，跳過配置保存
2025-08-17 00:03:05,866 - VALO360 - DEBUG - 自動保存已禁用，跳過配置保存
2025-08-17 00:03:05,866 - VALO360 - DEBUG - 自動保存已禁用，跳過配置保存
2025-08-17 00:03:05,866 - VALO360 - DEBUG - 自動保存已禁用，跳過配置保存
2025-08-17 00:03:07,862 - VALO360 - DEBUG - 配置已備份至: backup\setup_backup_20250817_000307.json
2025-08-17 00:03:07,864 - VALO360 - DEBUG - 已刪除舊備份: backup\setup_backup_20250816_232005.json
2025-08-17 00:03:07,867 - VALO360 - DEBUG - 配置保存成功
2025-08-17 00:03:07,870 - VALO360 - DEBUG - 配置已備份至: backup\setup_backup_20250817_000307.json
2025-08-17 00:03:07,874 - VALO360 - DEBUG - 配置保存成功
2025-08-17 00:03:07,876 - VALO360 - DEBUG - 自動保存已禁用，跳過配置保存
2025-08-17 00:03:07,876 - VALO360 - INFO - 程式關閉時已保存所有待保存的設定
2025-08-17 00:03:07,876 - VALO360 - INFO - 程式正常關閉
2025-08-17 00:03:07,945 - VALO360 - INFO - 資源清理完成
2025-08-17 00:03:07,945 - VALO360 - INFO - 應用程式資源清理完成
2025-08-17 00:03:10,329 - VALO360 - DEBUG - 找到指令檔: M:\PYTHON\360-command-toola_HOME\Command_TABLE\command.txt
2025-08-17 00:03:10,358 - VALO360 - INFO - 成功載入 94 個指令
2025-08-17 00:03:10,368 - VALO360 - INFO - 運行日誌: main.py 啟動
2025-08-17 00:03:10,368 - VALO360 - INFO - 指令通主程式啟動
2025-08-17 00:03:10,370 - VALO360 - INFO - 運行日誌: 成功 import TabManager
2025-08-17 00:03:10,371 - VALO360 - INFO - UI模組導入成功
2025-08-17 00:03:10,373 - VALO360 - INFO - 日誌系統初始化完成
2025-08-17 00:03:10,373 - VALO360 - DEBUG - ConfigManager: 自動保存已禁用
2025-08-17 00:03:10,373 - VALO360 - INFO - ConfigManager自動保存已禁用
2025-08-17 00:03:10,373 - VALO360 - INFO - 未找到關鍵字高亮設定文件，使用空設定
2025-08-17 00:03:10,437 - VALO360 - DEBUG - 配置已備份至: backup\setup_backup_20250817_000310.json
2025-08-17 00:03:10,439 - VALO360 - DEBUG - 已刪除舊備份: backup\setup_backup_20250816_232101.json
2025-08-17 00:03:10,439 - VALO360 - DEBUG - 配置載入成功
2025-08-17 00:03:10,440 - VALO360 - INFO - 統一設定管理器已初始化
2025-08-17 00:03:10,482 - VALO360 - DEBUG - 找到 3 個COM口: ['COM1', 'COM3', 'COM4']
2025-08-17 00:03:11,213 - VALO360 - DEBUG - 找到 3 個COM口: ['COM1', 'COM3', 'COM4']
2025-08-17 00:03:11,758 - VALO360 - INFO - 應用程式圖示設置成功: M:\PYTHON\360-command-toola_HOME\assets\icon.ico
2025-08-17 00:03:11,759 - VALO360 - INFO - 視窗設置完成: PEGA指令通_1.9.4 (1522x749)
2025-08-17 00:03:11,759 - VALO360 - INFO - 程式啟動時更新標籤頁名稱
2025-08-17 00:03:11,760 - VALO360 - INFO - 應用程式啟動完成，進入主循環
2025-08-17 00:03:11,764 - VALO360 - DEBUG - 找到 3 個COM口: ['COM1', 'COM3', 'COM4']
2025-08-17 00:03:11,765 - VALO360 - DEBUG - 自動保存已禁用，跳過配置保存
2025-08-17 00:03:11,765 - VALO360 - DEBUG - 自動保存已禁用，跳過配置保存
2025-08-17 00:03:11,765 - VALO360 - DEBUG - 自動保存已禁用，跳過配置保存
2025-08-17 00:03:11,765 - VALO360 - DEBUG - 自動保存已禁用，跳過配置保存
2025-08-17 00:03:11,804 - VALO360 - DEBUG - 自動保存已禁用，跳過配置保存
2025-08-17 00:03:11,805 - VALO360 - DEBUG - 自動保存已禁用，跳過配置保存
2025-08-17 00:03:11,805 - VALO360 - DEBUG - 自動保存已禁用，跳過配置保存
2025-08-17 00:03:11,805 - VALO360 - DEBUG - 自動保存已禁用，跳過配置保存
2025-08-17 00:03:11,814 - VALO360 - DEBUG - 自動保存已禁用，跳過配置保存
2025-08-17 00:03:11,815 - VALO360 - DEBUG - 自動保存已禁用，跳過配置保存
2025-08-17 00:03:11,815 - VALO360 - DEBUG - 自動保存已禁用，跳過配置保存
2025-08-17 00:03:11,815 - VALO360 - DEBUG - 自動保存已禁用，跳過配置保存
2025-08-17 00:03:11,817 - VALO360 - DEBUG - 自動保存已禁用，跳過配置保存
2025-08-17 00:03:11,817 - VALO360 - DEBUG - 自動保存已禁用，跳過配置保存
2025-08-17 00:03:11,817 - VALO360 - DEBUG - 自動保存已禁用，跳過配置保存
2025-08-17 00:03:11,818 - VALO360 - DEBUG - 自動保存已禁用，跳過配置保存
2025-08-17 00:03:11,819 - VALO360 - DEBUG - 自動保存已禁用，跳過配置保存
2025-08-17 00:03:11,819 - VALO360 - DEBUG - 自動保存已禁用，跳過配置保存
2025-08-17 00:03:11,819 - VALO360 - DEBUG - 自動保存已禁用，跳過配置保存
2025-08-17 00:03:11,819 - VALO360 - DEBUG - 自動保存已禁用，跳過配置保存
2025-08-17 00:03:11,820 - VALO360 - DEBUG - 自動保存已禁用，跳過配置保存
2025-08-17 00:03:11,820 - VALO360 - DEBUG - 自動保存已禁用，跳過配置保存
2025-08-17 00:03:11,820 - VALO360 - DEBUG - 自動保存已禁用，跳過配置保存
2025-08-17 00:03:11,821 - VALO360 - DEBUG - 自動保存已禁用，跳過配置保存
2025-08-17 00:03:11,821 - VALO360 - DEBUG - 自動保存已禁用，跳過配置保存
2025-08-17 00:03:11,821 - VALO360 - DEBUG - 自動保存已禁用，跳過配置保存
2025-08-17 00:03:11,822 - VALO360 - DEBUG - 自動保存已禁用，跳過配置保存
2025-08-17 00:03:11,822 - VALO360 - DEBUG - 自動保存已禁用，跳過配置保存
2025-08-17 00:03:11,822 - VALO360 - DEBUG - 自動保存已禁用，跳過配置保存
2025-08-17 00:03:11,822 - VALO360 - DEBUG - 自動保存已禁用，跳過配置保存
2025-08-17 00:03:11,823 - VALO360 - DEBUG - 自動保存已禁用，跳過配置保存
2025-08-17 00:03:11,823 - VALO360 - DEBUG - 自動保存已禁用，跳過配置保存
2025-08-17 00:03:11,823 - VALO360 - DEBUG - 自動保存已禁用，跳過配置保存
2025-08-17 00:03:11,824 - VALO360 - DEBUG - 自動保存已禁用，跳過配置保存
2025-08-17 00:03:11,824 - VALO360 - DEBUG - 自動保存已禁用，跳過配置保存
2025-08-17 00:03:11,824 - VALO360 - DEBUG - 自動保存已禁用，跳過配置保存
2025-08-17 00:03:11,824 - VALO360 - DEBUG - 自動保存已禁用，跳過配置保存
2025-08-17 00:03:11,825 - VALO360 - DEBUG - 自動保存已禁用，跳過配置保存
2025-08-17 00:03:11,825 - VALO360 - DEBUG - 自動保存已禁用，跳過配置保存
2025-08-17 00:03:11,825 - VALO360 - DEBUG - 自動保存已禁用，跳過配置保存
2025-08-17 00:03:11,826 - VALO360 - DEBUG - 自動保存已禁用，跳過配置保存
2025-08-17 00:03:11,826 - VALO360 - DEBUG - 自動保存已禁用，跳過配置保存
2025-08-17 00:03:11,827 - VALO360 - DEBUG - 自動保存已禁用，跳過配置保存
2025-08-17 00:03:11,827 - VALO360 - DEBUG - 自動保存已禁用，跳過配置保存
2025-08-17 00:03:11,827 - VALO360 - DEBUG - 自動保存已禁用，跳過配置保存
2025-08-17 00:03:11,827 - VALO360 - DEBUG - 自動保存已禁用，跳過配置保存
2025-08-17 00:03:11,828 - VALO360 - DEBUG - 自動保存已禁用，跳過配置保存
2025-08-17 00:03:11,828 - VALO360 - DEBUG - 自動保存已禁用，跳過配置保存
2025-08-17 00:03:11,828 - VALO360 - DEBUG - 自動保存已禁用，跳過配置保存
2025-08-17 00:03:11,829 - VALO360 - DEBUG - 自動保存已禁用，跳過配置保存
2025-08-17 00:03:11,829 - VALO360 - DEBUG - 自動保存已禁用，跳過配置保存
2025-08-17 00:03:11,829 - VALO360 - DEBUG - 自動保存已禁用，跳過配置保存
2025-08-17 00:03:11,830 - VALO360 - DEBUG - 自動保存已禁用，跳過配置保存
2025-08-17 00:03:11,830 - VALO360 - DEBUG - 自動保存已禁用，跳過配置保存
2025-08-17 00:03:11,831 - VALO360 - DEBUG - 自動保存已禁用，跳過配置保存
2025-08-17 00:03:11,831 - VALO360 - DEBUG - 自動保存已禁用，跳過配置保存
2025-08-17 00:03:11,831 - VALO360 - DEBUG - 自動保存已禁用，跳過配置保存
2025-08-17 00:03:11,831 - VALO360 - DEBUG - 自動保存已禁用，跳過配置保存
2025-08-17 00:03:11,832 - VALO360 - DEBUG - 自動保存已禁用，跳過配置保存
2025-08-17 00:03:11,832 - VALO360 - DEBUG - 自動保存已禁用，跳過配置保存
2025-08-17 00:03:11,833 - VALO360 - DEBUG - 自動保存已禁用，跳過配置保存
2025-08-17 00:03:11,833 - VALO360 - DEBUG - 自動保存已禁用，跳過配置保存
2025-08-17 00:03:11,833 - VALO360 - DEBUG - 自動保存已禁用，跳過配置保存
2025-08-17 00:03:11,833 - VALO360 - DEBUG - 自動保存已禁用，跳過配置保存
2025-08-17 00:03:11,834 - VALO360 - DEBUG - 自動保存已禁用，跳過配置保存
2025-08-17 00:03:11,834 - VALO360 - DEBUG - 自動保存已禁用，跳過配置保存
2025-08-17 00:03:11,834 - VALO360 - DEBUG - 自動保存已禁用，跳過配置保存
2025-08-17 00:03:11,835 - VALO360 - DEBUG - 自動保存已禁用，跳過配置保存
2025-08-17 00:03:11,835 - VALO360 - DEBUG - 自動保存已禁用，跳過配置保存
2025-08-17 00:03:11,836 - VALO360 - DEBUG - 自動保存已禁用，跳過配置保存
2025-08-17 00:03:11,836 - VALO360 - DEBUG - 自動保存已禁用，跳過配置保存
2025-08-17 00:03:11,836 - VALO360 - DEBUG - 自動保存已禁用，跳過配置保存
2025-08-17 00:03:11,837 - VALO360 - DEBUG - 自動保存已禁用，跳過配置保存
2025-08-17 00:03:11,837 - VALO360 - DEBUG - 自動保存已禁用，跳過配置保存
2025-08-17 00:03:11,837 - VALO360 - DEBUG - 自動保存已禁用，跳過配置保存
2025-08-17 00:03:11,837 - VALO360 - DEBUG - 自動保存已禁用，跳過配置保存
2025-08-17 00:03:11,838 - VALO360 - DEBUG - 自動保存已禁用，跳過配置保存
2025-08-17 00:03:11,838 - VALO360 - DEBUG - 自動保存已禁用，跳過配置保存
2025-08-17 00:03:11,838 - VALO360 - DEBUG - 自動保存已禁用，跳過配置保存
2025-08-17 00:03:11,839 - VALO360 - DEBUG - 自動保存已禁用，跳過配置保存
2025-08-17 00:03:11,839 - VALO360 - DEBUG - 自動保存已禁用，跳過配置保存
2025-08-17 00:03:11,840 - VALO360 - DEBUG - 自動保存已禁用，跳過配置保存
2025-08-17 00:03:11,840 - VALO360 - DEBUG - 自動保存已禁用，跳過配置保存
2025-08-17 00:03:11,840 - VALO360 - DEBUG - 自動保存已禁用，跳過配置保存
2025-08-17 00:03:11,840 - VALO360 - DEBUG - 自動保存已禁用，跳過配置保存
2025-08-17 00:03:11,841 - VALO360 - DEBUG - 自動保存已禁用，跳過配置保存
2025-08-17 00:03:11,841 - VALO360 - DEBUG - 自動保存已禁用，跳過配置保存
2025-08-17 00:03:11,841 - VALO360 - DEBUG - 自動保存已禁用，跳過配置保存
2025-08-17 00:03:11,842 - VALO360 - DEBUG - 自動保存已禁用，跳過配置保存
2025-08-17 00:03:11,842 - VALO360 - DEBUG - 自動保存已禁用，跳過配置保存
2025-08-17 00:03:11,842 - VALO360 - DEBUG - 自動保存已禁用，跳過配置保存
2025-08-17 00:03:11,842 - VALO360 - DEBUG - 自動保存已禁用，跳過配置保存
2025-08-17 00:03:11,843 - VALO360 - DEBUG - 自動保存已禁用，跳過配置保存
2025-08-17 00:03:11,843 - VALO360 - DEBUG - 自動保存已禁用，跳過配置保存
2025-08-17 00:03:11,843 - VALO360 - DEBUG - 自動保存已禁用，跳過配置保存
2025-08-17 00:03:11,843 - VALO360 - DEBUG - 自動保存已禁用，跳過配置保存
2025-08-17 00:03:11,844 - VALO360 - DEBUG - 自動保存已禁用，跳過配置保存
2025-08-17 00:03:11,844 - VALO360 - DEBUG - 自動保存已禁用，跳過配置保存
2025-08-17 00:03:11,844 - VALO360 - DEBUG - 自動保存已禁用，跳過配置保存
2025-08-17 00:03:11,844 - VALO360 - DEBUG - 自動保存已禁用，跳過配置保存
2025-08-17 00:03:11,845 - VALO360 - DEBUG - 自動保存已禁用，跳過配置保存
2025-08-17 00:03:11,845 - VALO360 - DEBUG - 自動保存已禁用，跳過配置保存
2025-08-17 00:03:11,845 - VALO360 - DEBUG - 自動保存已禁用，跳過配置保存
2025-08-17 00:03:11,845 - VALO360 - DEBUG - 自動保存已禁用，跳過配置保存
2025-08-17 00:03:11,846 - VALO360 - DEBUG - 自動保存已禁用，跳過配置保存
2025-08-17 00:03:11,846 - VALO360 - DEBUG - 自動保存已禁用，跳過配置保存
2025-08-17 00:03:11,846 - VALO360 - DEBUG - 自動保存已禁用，跳過配置保存
2025-08-17 00:03:11,847 - VALO360 - DEBUG - 自動保存已禁用，跳過配置保存
2025-08-17 00:03:11,847 - VALO360 - DEBUG - 自動保存已禁用，跳過配置保存
2025-08-17 00:03:11,847 - VALO360 - DEBUG - 自動保存已禁用，跳過配置保存
2025-08-17 00:03:11,848 - VALO360 - DEBUG - 自動保存已禁用，跳過配置保存
2025-08-17 00:03:11,848 - VALO360 - DEBUG - 自動保存已禁用，跳過配置保存
2025-08-17 00:03:11,849 - VALO360 - DEBUG - 自動保存已禁用，跳過配置保存
2025-08-17 00:03:11,851 - VALO360 - DEBUG - 自動保存已禁用，跳過配置保存
2025-08-17 00:03:11,852 - VALO360 - DEBUG - 自動保存已禁用，跳過配置保存
2025-08-17 00:03:11,853 - VALO360 - DEBUG - 自動保存已禁用，跳過配置保存
2025-08-17 00:03:11,854 - VALO360 - DEBUG - 自動保存已禁用，跳過配置保存
2025-08-17 00:03:11,854 - VALO360 - DEBUG - 自動保存已禁用，跳過配置保存
2025-08-17 00:03:11,855 - VALO360 - DEBUG - 自動保存已禁用，跳過配置保存
2025-08-17 00:03:11,861 - VALO360 - DEBUG - 自動保存已禁用，跳過配置保存
2025-08-17 00:03:11,863 - VALO360 - DEBUG - 自動保存已禁用，跳過配置保存
2025-08-17 00:03:11,864 - VALO360 - DEBUG - 自動保存已禁用，跳過配置保存
2025-08-17 00:03:11,864 - VALO360 - DEBUG - 自動保存已禁用，跳過配置保存
2025-08-17 00:03:11,864 - VALO360 - DEBUG - 自動保存已禁用，跳過配置保存
2025-08-17 00:03:11,865 - VALO360 - DEBUG - 自動保存已禁用，跳過配置保存
2025-08-17 00:03:11,866 - VALO360 - DEBUG - 自動保存已禁用，跳過配置保存
2025-08-17 00:03:11,866 - VALO360 - DEBUG - 自動保存已禁用，跳過配置保存
2025-08-17 00:03:11,866 - VALO360 - DEBUG - 自動保存已禁用，跳過配置保存
2025-08-17 00:03:11,867 - VALO360 - DEBUG - 自動保存已禁用，跳過配置保存
2025-08-17 00:03:11,868 - VALO360 - DEBUG - 自動保存已禁用，跳過配置保存
2025-08-17 00:03:11,868 - VALO360 - DEBUG - 自動保存已禁用，跳過配置保存
2025-08-17 00:03:11,868 - VALO360 - DEBUG - 自動保存已禁用，跳過配置保存
2025-08-17 00:03:11,869 - VALO360 - DEBUG - 自動保存已禁用，跳過配置保存
2025-08-17 00:03:11,869 - VALO360 - DEBUG - 自動保存已禁用，跳過配置保存
2025-08-17 00:03:11,869 - VALO360 - DEBUG - 自動保存已禁用，跳過配置保存
2025-08-17 00:03:11,870 - VALO360 - DEBUG - 自動保存已禁用，跳過配置保存
2025-08-17 00:03:11,870 - VALO360 - DEBUG - 自動保存已禁用，跳過配置保存
2025-08-17 00:03:11,871 - VALO360 - DEBUG - 自動保存已禁用，跳過配置保存
2025-08-17 00:03:11,871 - VALO360 - DEBUG - 自動保存已禁用，跳過配置保存
2025-08-17 00:03:11,871 - VALO360 - DEBUG - 自動保存已禁用，跳過配置保存
2025-08-17 00:03:11,872 - VALO360 - DEBUG - 自動保存已禁用，跳過配置保存
2025-08-17 00:03:11,872 - VALO360 - DEBUG - 自動保存已禁用，跳過配置保存
2025-08-17 00:03:11,873 - VALO360 - DEBUG - 自動保存已禁用，跳過配置保存
2025-08-17 00:03:11,873 - VALO360 - DEBUG - 自動保存已禁用，跳過配置保存
2025-08-17 00:03:11,874 - VALO360 - DEBUG - 自動保存已禁用，跳過配置保存
2025-08-17 00:03:11,874 - VALO360 - DEBUG - 自動保存已禁用，跳過配置保存
2025-08-17 00:03:11,874 - VALO360 - DEBUG - 自動保存已禁用，跳過配置保存
2025-08-17 00:03:11,874 - VALO360 - DEBUG - 自動保存已禁用，跳過配置保存
2025-08-17 00:03:11,875 - VALO360 - DEBUG - 自動保存已禁用，跳過配置保存
2025-08-17 00:03:11,875 - VALO360 - DEBUG - 自動保存已禁用，跳過配置保存
2025-08-17 00:03:11,876 - VALO360 - DEBUG - 自動保存已禁用，跳過配置保存
2025-08-17 00:03:11,876 - VALO360 - DEBUG - 自動保存已禁用，跳過配置保存
2025-08-17 00:03:11,877 - VALO360 - DEBUG - 自動保存已禁用，跳過配置保存
2025-08-17 00:03:11,877 - VALO360 - DEBUG - 自動保存已禁用，跳過配置保存
2025-08-17 00:03:11,877 - VALO360 - DEBUG - 自動保存已禁用，跳過配置保存
2025-08-17 00:03:11,878 - VALO360 - DEBUG - 自動保存已禁用，跳過配置保存
2025-08-17 00:03:11,879 - VALO360 - DEBUG - 自動保存已禁用，跳過配置保存
2025-08-17 00:03:11,879 - VALO360 - DEBUG - 自動保存已禁用，跳過配置保存
2025-08-17 00:03:11,879 - VALO360 - DEBUG - 自動保存已禁用，跳過配置保存
2025-08-17 00:03:11,880 - VALO360 - DEBUG - 自動保存已禁用，跳過配置保存
2025-08-17 00:03:11,881 - VALO360 - DEBUG - 自動保存已禁用，跳過配置保存
2025-08-17 00:03:11,881 - VALO360 - DEBUG - 自動保存已禁用，跳過配置保存
2025-08-17 00:03:11,881 - VALO360 - DEBUG - 自動保存已禁用，跳過配置保存
2025-08-17 00:03:11,882 - VALO360 - DEBUG - 自動保存已禁用，跳過配置保存
2025-08-17 00:03:11,882 - VALO360 - DEBUG - 自動保存已禁用，跳過配置保存
2025-08-17 00:03:11,883 - VALO360 - DEBUG - 自動保存已禁用，跳過配置保存
2025-08-17 00:03:11,883 - VALO360 - DEBUG - 自動保存已禁用，跳過配置保存
2025-08-17 00:03:11,883 - VALO360 - DEBUG - 自動保存已禁用，跳過配置保存
2025-08-17 00:03:11,884 - VALO360 - DEBUG - 自動保存已禁用，跳過配置保存
2025-08-17 00:03:11,884 - VALO360 - DEBUG - 自動保存已禁用，跳過配置保存
2025-08-17 00:03:11,885 - VALO360 - DEBUG - 自動保存已禁用，跳過配置保存
2025-08-17 00:03:11,885 - VALO360 - DEBUG - 自動保存已禁用，跳過配置保存
2025-08-17 00:03:11,886 - VALO360 - DEBUG - 自動保存已禁用，跳過配置保存
2025-08-17 00:03:11,886 - VALO360 - DEBUG - 自動保存已禁用，跳過配置保存
2025-08-17 00:03:11,886 - VALO360 - DEBUG - 自動保存已禁用，跳過配置保存
2025-08-17 00:03:11,887 - VALO360 - DEBUG - 自動保存已禁用，跳過配置保存
2025-08-17 00:03:11,887 - VALO360 - DEBUG - 自動保存已禁用，跳過配置保存
2025-08-17 00:03:11,888 - VALO360 - DEBUG - 自動保存已禁用，跳過配置保存
2025-08-17 00:03:11,888 - VALO360 - DEBUG - 自動保存已禁用，跳過配置保存
2025-08-17 00:03:11,888 - VALO360 - DEBUG - 自動保存已禁用，跳過配置保存
2025-08-17 00:03:11,889 - VALO360 - DEBUG - 自動保存已禁用，跳過配置保存
2025-08-17 00:03:11,889 - VALO360 - DEBUG - 自動保存已禁用，跳過配置保存
2025-08-17 00:03:11,889 - VALO360 - DEBUG - 自動保存已禁用，跳過配置保存
2025-08-17 00:03:11,889 - VALO360 - DEBUG - 自動保存已禁用，跳過配置保存
2025-08-17 00:03:11,890 - VALO360 - DEBUG - 自動保存已禁用，跳過配置保存
2025-08-17 00:03:11,890 - VALO360 - DEBUG - 自動保存已禁用，跳過配置保存
2025-08-17 00:03:11,890 - VALO360 - DEBUG - 自動保存已禁用，跳過配置保存
2025-08-17 00:03:11,890 - VALO360 - DEBUG - 自動保存已禁用，跳過配置保存
2025-08-17 00:03:11,891 - VALO360 - DEBUG - 自動保存已禁用，跳過配置保存
2025-08-17 00:03:11,891 - VALO360 - DEBUG - 自動保存已禁用，跳過配置保存
2025-08-17 00:03:11,892 - VALO360 - DEBUG - 自動保存已禁用，跳過配置保存
2025-08-17 00:03:11,892 - VALO360 - DEBUG - 自動保存已禁用，跳過配置保存
2025-08-17 00:03:11,893 - VALO360 - DEBUG - 自動保存已禁用，跳過配置保存
2025-08-17 00:03:11,893 - VALO360 - DEBUG - 自動保存已禁用，跳過配置保存
2025-08-17 00:03:11,894 - VALO360 - DEBUG - 自動保存已禁用，跳過配置保存
2025-08-17 00:03:11,894 - VALO360 - DEBUG - 自動保存已禁用，跳過配置保存
2025-08-17 00:03:11,895 - VALO360 - DEBUG - 自動保存已禁用，跳過配置保存
2025-08-17 00:03:11,895 - VALO360 - DEBUG - 自動保存已禁用，跳過配置保存
2025-08-17 00:03:11,895 - VALO360 - DEBUG - 自動保存已禁用，跳過配置保存
2025-08-17 00:03:11,895 - VALO360 - DEBUG - 自動保存已禁用，跳過配置保存
2025-08-17 00:03:11,896 - VALO360 - DEBUG - 自動保存已禁用，跳過配置保存
2025-08-17 00:03:11,896 - VALO360 - DEBUG - 自動保存已禁用，跳過配置保存
2025-08-17 00:03:11,897 - VALO360 - DEBUG - 自動保存已禁用，跳過配置保存
2025-08-17 00:03:11,897 - VALO360 - DEBUG - 自動保存已禁用，跳過配置保存
2025-08-17 00:03:11,898 - VALO360 - DEBUG - 自動保存已禁用，跳過配置保存
2025-08-17 00:03:11,899 - VALO360 - DEBUG - 自動保存已禁用，跳過配置保存
2025-08-17 00:03:11,899 - VALO360 - DEBUG - 自動保存已禁用，跳過配置保存
2025-08-17 00:03:11,900 - VALO360 - DEBUG - 自動保存已禁用，跳過配置保存
2025-08-17 00:03:11,901 - VALO360 - DEBUG - 自動保存已禁用，跳過配置保存
2025-08-17 00:03:11,901 - VALO360 - DEBUG - 自動保存已禁用，跳過配置保存
2025-08-17 00:03:11,901 - VALO360 - DEBUG - 自動保存已禁用，跳過配置保存
2025-08-17 00:03:11,902 - VALO360 - DEBUG - 自動保存已禁用，跳過配置保存
2025-08-17 00:03:11,902 - VALO360 - DEBUG - 自動保存已禁用，跳過配置保存
2025-08-17 00:03:11,903 - VALO360 - DEBUG - 自動保存已禁用，跳過配置保存
2025-08-17 00:03:11,903 - VALO360 - DEBUG - 自動保存已禁用，跳過配置保存
2025-08-17 00:03:11,903 - VALO360 - DEBUG - 自動保存已禁用，跳過配置保存
2025-08-17 00:03:11,905 - VALO360 - DEBUG - 自動保存已禁用，跳過配置保存
2025-08-17 00:03:11,906 - VALO360 - DEBUG - 自動保存已禁用，跳過配置保存
2025-08-17 00:03:11,906 - VALO360 - DEBUG - 自動保存已禁用，跳過配置保存
2025-08-17 00:03:11,906 - VALO360 - DEBUG - 自動保存已禁用，跳過配置保存
2025-08-17 00:03:11,910 - VALO360 - DEBUG - 自動保存已禁用，跳過配置保存
2025-08-17 00:03:11,911 - VALO360 - DEBUG - 自動保存已禁用，跳過配置保存
2025-08-17 00:03:11,911 - VALO360 - DEBUG - 自動保存已禁用，跳過配置保存
2025-08-17 00:03:11,911 - VALO360 - DEBUG - 自動保存已禁用，跳過配置保存
2025-08-17 00:03:11,912 - VALO360 - DEBUG - 自動保存已禁用，跳過配置保存
2025-08-17 00:03:11,912 - VALO360 - DEBUG - 自動保存已禁用，跳過配置保存
2025-08-17 00:03:11,912 - VALO360 - DEBUG - 自動保存已禁用，跳過配置保存
2025-08-17 00:03:11,913 - VALO360 - DEBUG - 自動保存已禁用，跳過配置保存
2025-08-17 00:03:11,913 - VALO360 - DEBUG - 自動保存已禁用，跳過配置保存
2025-08-17 00:03:11,913 - VALO360 - DEBUG - 自動保存已禁用，跳過配置保存
2025-08-17 00:03:11,914 - VALO360 - DEBUG - 自動保存已禁用，跳過配置保存
2025-08-17 00:03:11,914 - VALO360 - DEBUG - 自動保存已禁用，跳過配置保存
2025-08-17 00:03:11,915 - VALO360 - DEBUG - 自動保存已禁用，跳過配置保存
2025-08-17 00:03:11,915 - VALO360 - DEBUG - 自動保存已禁用，跳過配置保存
2025-08-17 00:03:11,915 - VALO360 - DEBUG - 自動保存已禁用，跳過配置保存
2025-08-17 00:03:11,916 - VALO360 - DEBUG - 自動保存已禁用，跳過配置保存
2025-08-17 00:03:11,917 - VALO360 - DEBUG - 自動保存已禁用，跳過配置保存
2025-08-17 00:03:11,918 - VALO360 - DEBUG - 自動保存已禁用，跳過配置保存
2025-08-17 00:03:11,918 - VALO360 - DEBUG - 自動保存已禁用，跳過配置保存
2025-08-17 00:03:11,918 - VALO360 - DEBUG - 自動保存已禁用，跳過配置保存
2025-08-17 00:03:11,935 - VALO360 - DEBUG - 自動保存已禁用，跳過配置保存
2025-08-17 00:03:11,937 - VALO360 - DEBUG - 自動保存已禁用，跳過配置保存
2025-08-17 00:03:11,937 - VALO360 - DEBUG - 自動保存已禁用，跳過配置保存
2025-08-17 00:03:11,938 - VALO360 - DEBUG - 自動保存已禁用，跳過配置保存
2025-08-17 00:03:11,939 - VALO360 - DEBUG - 自動保存已禁用，跳過配置保存
2025-08-17 00:03:11,948 - VALO360 - DEBUG - 自動保存已禁用，跳過配置保存
2025-08-17 00:03:11,949 - VALO360 - DEBUG - 自動保存已禁用，跳過配置保存
2025-08-17 00:03:11,949 - VALO360 - DEBUG - 自動保存已禁用，跳過配置保存
2025-08-17 00:03:11,951 - VALO360 - DEBUG - 自動保存已禁用，跳過配置保存
2025-08-17 00:03:11,951 - VALO360 - DEBUG - 自動保存已禁用，跳過配置保存
2025-08-17 00:03:11,952 - VALO360 - DEBUG - 自動保存已禁用，跳過配置保存
2025-08-17 00:03:11,952 - VALO360 - DEBUG - 自動保存已禁用，跳過配置保存
2025-08-17 00:03:11,953 - VALO360 - DEBUG - 自動保存已禁用，跳過配置保存
2025-08-17 00:03:11,953 - VALO360 - DEBUG - 自動保存已禁用，跳過配置保存
2025-08-17 00:03:11,954 - VALO360 - DEBUG - 自動保存已禁用，跳過配置保存
2025-08-17 00:03:11,954 - VALO360 - DEBUG - 自動保存已禁用，跳過配置保存
2025-08-17 00:03:11,959 - VALO360 - DEBUG - 自動保存已禁用，跳過配置保存
2025-08-17 00:03:11,959 - VALO360 - DEBUG - 自動保存已禁用，跳過配置保存
2025-08-17 00:03:11,960 - VALO360 - DEBUG - 自動保存已禁用，跳過配置保存
2025-08-17 00:03:11,960 - VALO360 - DEBUG - 自動保存已禁用，跳過配置保存
2025-08-17 00:03:11,960 - VALO360 - DEBUG - 自動保存已禁用，跳過配置保存
2025-08-17 00:03:11,961 - VALO360 - DEBUG - 自動保存已禁用，跳過配置保存
2025-08-17 00:03:11,961 - VALO360 - DEBUG - 自動保存已禁用，跳過配置保存
2025-08-17 00:03:11,961 - VALO360 - DEBUG - 自動保存已禁用，跳過配置保存
2025-08-17 00:03:11,962 - VALO360 - DEBUG - 自動保存已禁用，跳過配置保存
2025-08-17 00:03:11,962 - VALO360 - DEBUG - 自動保存已禁用，跳過配置保存
2025-08-17 00:03:11,962 - VALO360 - DEBUG - 自動保存已禁用，跳過配置保存
2025-08-17 00:03:11,962 - VALO360 - DEBUG - 自動保存已禁用，跳過配置保存
2025-08-17 00:03:11,963 - VALO360 - DEBUG - 自動保存已禁用，跳過配置保存
2025-08-17 00:03:11,963 - VALO360 - DEBUG - 自動保存已禁用，跳過配置保存
2025-08-17 00:03:11,963 - VALO360 - DEBUG - 自動保存已禁用，跳過配置保存
2025-08-17 00:03:11,963 - VALO360 - DEBUG - 自動保存已禁用，跳過配置保存
2025-08-17 00:03:11,964 - VALO360 - DEBUG - 自動保存已禁用，跳過配置保存
2025-08-17 00:03:11,964 - VALO360 - DEBUG - 自動保存已禁用，跳過配置保存
2025-08-17 00:03:11,965 - VALO360 - DEBUG - 自動保存已禁用，跳過配置保存
2025-08-17 00:03:11,965 - VALO360 - DEBUG - 自動保存已禁用，跳過配置保存
2025-08-17 00:03:11,965 - VALO360 - DEBUG - 自動保存已禁用，跳過配置保存
2025-08-17 00:03:11,966 - VALO360 - DEBUG - 自動保存已禁用，跳過配置保存
2025-08-17 00:03:11,966 - VALO360 - DEBUG - 自動保存已禁用，跳過配置保存
2025-08-17 00:03:11,966 - VALO360 - DEBUG - 自動保存已禁用，跳過配置保存
2025-08-17 00:03:11,966 - VALO360 - DEBUG - 自動保存已禁用，跳過配置保存
2025-08-17 00:03:11,967 - VALO360 - DEBUG - 自動保存已禁用，跳過配置保存
2025-08-17 00:03:11,967 - VALO360 - DEBUG - 自動保存已禁用，跳過配置保存
2025-08-17 00:03:11,967 - VALO360 - DEBUG - 自動保存已禁用，跳過配置保存
2025-08-17 00:03:11,968 - VALO360 - DEBUG - 自動保存已禁用，跳過配置保存
2025-08-17 00:03:11,968 - VALO360 - DEBUG - 自動保存已禁用，跳過配置保存
2025-08-17 00:03:11,968 - VALO360 - DEBUG - 自動保存已禁用，跳過配置保存
2025-08-17 00:03:11,968 - VALO360 - DEBUG - 自動保存已禁用，跳過配置保存
2025-08-17 00:03:11,969 - VALO360 - DEBUG - 自動保存已禁用，跳過配置保存
2025-08-17 00:03:11,969 - VALO360 - DEBUG - 自動保存已禁用，跳過配置保存
2025-08-17 00:03:11,970 - VALO360 - DEBUG - 自動保存已禁用，跳過配置保存
2025-08-17 00:03:11,970 - VALO360 - DEBUG - 自動保存已禁用，跳過配置保存
2025-08-17 00:03:11,970 - VALO360 - DEBUG - 自動保存已禁用，跳過配置保存
2025-08-17 00:03:11,971 - VALO360 - DEBUG - 自動保存已禁用，跳過配置保存
2025-08-17 00:03:11,971 - VALO360 - DEBUG - 自動保存已禁用，跳過配置保存
2025-08-17 00:03:11,971 - VALO360 - DEBUG - 自動保存已禁用，跳過配置保存
2025-08-17 00:03:11,972 - VALO360 - DEBUG - 自動保存已禁用，跳過配置保存
2025-08-17 00:03:11,972 - VALO360 - DEBUG - 自動保存已禁用，跳過配置保存
2025-08-17 00:03:11,972 - VALO360 - DEBUG - 自動保存已禁用，跳過配置保存
2025-08-17 00:03:11,972 - VALO360 - DEBUG - 自動保存已禁用，跳過配置保存
2025-08-17 00:03:11,973 - VALO360 - DEBUG - 自動保存已禁用，跳過配置保存
2025-08-17 00:03:11,973 - VALO360 - DEBUG - 自動保存已禁用，跳過配置保存
2025-08-17 00:03:11,973 - VALO360 - DEBUG - 自動保存已禁用，跳過配置保存
2025-08-17 00:03:11,974 - VALO360 - DEBUG - 自動保存已禁用，跳過配置保存
2025-08-17 00:03:11,975 - VALO360 - DEBUG - 自動保存已禁用，跳過配置保存
2025-08-17 00:03:11,975 - VALO360 - DEBUG - 自動保存已禁用，跳過配置保存
2025-08-17 00:03:11,976 - VALO360 - DEBUG - 自動保存已禁用，跳過配置保存
2025-08-17 00:03:11,976 - VALO360 - DEBUG - 自動保存已禁用，跳過配置保存
2025-08-17 00:03:11,977 - VALO360 - DEBUG - 自動保存已禁用，跳過配置保存
2025-08-17 00:03:11,977 - VALO360 - DEBUG - 自動保存已禁用，跳過配置保存
2025-08-17 00:03:11,978 - VALO360 - DEBUG - 自動保存已禁用，跳過配置保存
2025-08-17 00:03:11,978 - VALO360 - DEBUG - 自動保存已禁用，跳過配置保存
2025-08-17 00:03:11,979 - VALO360 - DEBUG - 自動保存已禁用，跳過配置保存
2025-08-17 00:03:11,979 - VALO360 - DEBUG - 自動保存已禁用，跳過配置保存
2025-08-17 00:03:11,980 - VALO360 - DEBUG - 自動保存已禁用，跳過配置保存
2025-08-17 00:03:11,980 - VALO360 - DEBUG - 自動保存已禁用，跳過配置保存
2025-08-17 00:03:11,981 - VALO360 - DEBUG - 自動保存已禁用，跳過配置保存
2025-08-17 00:03:11,981 - VALO360 - DEBUG - 自動保存已禁用，跳過配置保存
2025-08-17 00:03:11,981 - VALO360 - DEBUG - 自動保存已禁用，跳過配置保存
2025-08-17 00:03:11,983 - VALO360 - DEBUG - 自動保存已禁用，跳過配置保存
2025-08-17 00:03:11,993 - VALO360 - DEBUG - 自動保存已禁用，跳過配置保存
2025-08-17 00:03:11,994 - VALO360 - DEBUG - 自動保存已禁用，跳過配置保存
2025-08-17 00:03:11,994 - VALO360 - DEBUG - 自動保存已禁用，跳過配置保存
2025-08-17 00:03:11,994 - VALO360 - DEBUG - 自動保存已禁用，跳過配置保存
2025-08-17 00:03:11,995 - VALO360 - DEBUG - 自動保存已禁用，跳過配置保存
2025-08-17 00:03:11,996 - VALO360 - DEBUG - 自動保存已禁用，跳過配置保存
2025-08-17 00:03:11,996 - VALO360 - DEBUG - 自動保存已禁用，跳過配置保存
2025-08-17 00:03:11,996 - VALO360 - DEBUG - 自動保存已禁用，跳過配置保存
2025-08-17 00:03:11,997 - VALO360 - DEBUG - 自動保存已禁用，跳過配置保存
2025-08-17 00:03:11,998 - VALO360 - DEBUG - 自動保存已禁用，跳過配置保存
2025-08-17 00:03:11,998 - VALO360 - DEBUG - 自動保存已禁用，跳過配置保存
2025-08-17 00:03:11,998 - VALO360 - DEBUG - 自動保存已禁用，跳過配置保存
2025-08-17 00:03:11,999 - VALO360 - DEBUG - 自動保存已禁用，跳過配置保存
2025-08-17 00:03:12,001 - VALO360 - DEBUG - 自動保存已禁用，跳過配置保存
2025-08-17 00:03:12,001 - VALO360 - DEBUG - 自動保存已禁用，跳過配置保存
2025-08-17 00:03:12,002 - VALO360 - DEBUG - 自動保存已禁用，跳過配置保存
2025-08-17 00:03:12,003 - VALO360 - DEBUG - 自動保存已禁用，跳過配置保存
2025-08-17 00:03:12,004 - VALO360 - DEBUG - 自動保存已禁用，跳過配置保存
2025-08-17 00:03:12,004 - VALO360 - DEBUG - 自動保存已禁用，跳過配置保存
2025-08-17 00:03:12,005 - VALO360 - DEBUG - 自動保存已禁用，跳過配置保存
2025-08-17 00:03:12,006 - VALO360 - DEBUG - 自動保存已禁用，跳過配置保存
2025-08-17 00:03:12,007 - VALO360 - DEBUG - 自動保存已禁用，跳過配置保存
2025-08-17 00:03:12,007 - VALO360 - DEBUG - 自動保存已禁用，跳過配置保存
2025-08-17 00:03:12,008 - VALO360 - DEBUG - 自動保存已禁用，跳過配置保存
2025-08-17 00:03:12,009 - VALO360 - DEBUG - 自動保存已禁用，跳過配置保存
2025-08-17 00:03:12,010 - VALO360 - DEBUG - 自動保存已禁用，跳過配置保存
2025-08-17 00:03:12,010 - VALO360 - DEBUG - 自動保存已禁用，跳過配置保存
2025-08-17 00:03:12,010 - VALO360 - DEBUG - 自動保存已禁用，跳過配置保存
2025-08-17 00:03:12,011 - VALO360 - DEBUG - 自動保存已禁用，跳過配置保存
2025-08-17 00:03:12,011 - VALO360 - DEBUG - 自動保存已禁用，跳過配置保存
2025-08-17 00:03:12,011 - VALO360 - DEBUG - 自動保存已禁用，跳過配置保存
2025-08-17 00:03:12,012 - VALO360 - DEBUG - 自動保存已禁用，跳過配置保存
2025-08-17 00:03:12,012 - VALO360 - DEBUG - 自動保存已禁用，跳過配置保存
2025-08-17 00:03:12,012 - VALO360 - DEBUG - 自動保存已禁用，跳過配置保存
2025-08-17 00:03:12,013 - VALO360 - DEBUG - 自動保存已禁用，跳過配置保存
2025-08-17 00:03:12,013 - VALO360 - DEBUG - 自動保存已禁用，跳過配置保存
2025-08-17 00:03:12,013 - VALO360 - DEBUG - 自動保存已禁用，跳過配置保存
2025-08-17 00:03:12,014 - VALO360 - DEBUG - 自動保存已禁用，跳過配置保存
2025-08-17 00:03:12,014 - VALO360 - DEBUG - 自動保存已禁用，跳過配置保存
2025-08-17 00:03:12,014 - VALO360 - DEBUG - 自動保存已禁用，跳過配置保存
2025-08-17 00:03:12,014 - VALO360 - DEBUG - 自動保存已禁用，跳過配置保存
2025-08-17 00:03:12,015 - VALO360 - DEBUG - 自動保存已禁用，跳過配置保存
2025-08-17 00:03:12,015 - VALO360 - DEBUG - 自動保存已禁用，跳過配置保存
2025-08-17 00:03:12,015 - VALO360 - DEBUG - 自動保存已禁用，跳過配置保存
2025-08-17 00:03:12,016 - VALO360 - DEBUG - 自動保存已禁用，跳過配置保存
2025-08-17 00:03:12,016 - VALO360 - DEBUG - 自動保存已禁用，跳過配置保存
2025-08-17 00:03:12,017 - VALO360 - DEBUG - 自動保存已禁用，跳過配置保存
2025-08-17 00:03:12,017 - VALO360 - DEBUG - 自動保存已禁用，跳過配置保存
2025-08-17 00:03:12,018 - VALO360 - DEBUG - 自動保存已禁用，跳過配置保存
2025-08-17 00:03:12,018 - VALO360 - DEBUG - 自動保存已禁用，跳過配置保存
2025-08-17 00:03:12,018 - VALO360 - DEBUG - 自動保存已禁用，跳過配置保存
2025-08-17 00:03:12,019 - VALO360 - DEBUG - 自動保存已禁用，跳過配置保存
2025-08-17 00:03:12,019 - VALO360 - DEBUG - 自動保存已禁用，跳過配置保存
2025-08-17 00:03:12,020 - VALO360 - DEBUG - 自動保存已禁用，跳過配置保存
2025-08-17 00:03:12,020 - VALO360 - DEBUG - 自動保存已禁用，跳過配置保存
2025-08-17 00:03:12,020 - VALO360 - DEBUG - 自動保存已禁用，跳過配置保存
2025-08-17 00:03:12,021 - VALO360 - DEBUG - 自動保存已禁用，跳過配置保存
2025-08-17 00:03:12,021 - VALO360 - DEBUG - 自動保存已禁用，跳過配置保存
2025-08-17 00:03:12,021 - VALO360 - DEBUG - 自動保存已禁用，跳過配置保存
2025-08-17 00:03:12,021 - VALO360 - DEBUG - 自動保存已禁用，跳過配置保存
2025-08-17 00:03:12,026 - VALO360 - DEBUG - 自動保存已禁用，跳過配置保存
2025-08-17 00:03:12,026 - VALO360 - DEBUG - 自動保存已禁用，跳過配置保存
2025-08-17 00:03:12,026 - VALO360 - DEBUG - 自動保存已禁用，跳過配置保存
2025-08-17 00:03:12,027 - VALO360 - DEBUG - 自動保存已禁用，跳過配置保存
2025-08-17 00:03:12,027 - VALO360 - DEBUG - 自動保存已禁用，跳過配置保存
2025-08-17 00:03:12,027 - VALO360 - DEBUG - 自動保存已禁用，跳過配置保存
2025-08-17 00:03:12,027 - VALO360 - DEBUG - 自動保存已禁用，跳過配置保存
2025-08-17 00:03:12,028 - VALO360 - DEBUG - 自動保存已禁用，跳過配置保存
2025-08-17 00:03:12,028 - VALO360 - DEBUG - 自動保存已禁用，跳過配置保存
2025-08-17 00:03:12,029 - VALO360 - DEBUG - 自動保存已禁用，跳過配置保存
2025-08-17 00:03:12,029 - VALO360 - DEBUG - 自動保存已禁用，跳過配置保存
2025-08-17 00:03:12,029 - VALO360 - DEBUG - 自動保存已禁用，跳過配置保存
2025-08-17 00:03:12,030 - VALO360 - DEBUG - 自動保存已禁用，跳過配置保存
2025-08-17 00:03:12,030 - VALO360 - DEBUG - 自動保存已禁用，跳過配置保存
2025-08-17 00:03:12,030 - VALO360 - DEBUG - 自動保存已禁用，跳過配置保存
2025-08-17 00:03:12,030 - VALO360 - DEBUG - 自動保存已禁用，跳過配置保存
2025-08-17 00:03:12,031 - VALO360 - DEBUG - 自動保存已禁用，跳過配置保存
2025-08-17 00:03:12,031 - VALO360 - DEBUG - 自動保存已禁用，跳過配置保存
2025-08-17 00:03:12,032 - VALO360 - DEBUG - 自動保存已禁用，跳過配置保存
2025-08-17 00:03:12,032 - VALO360 - DEBUG - 自動保存已禁用，跳過配置保存
2025-08-17 00:03:12,033 - VALO360 - DEBUG - 自動保存已禁用，跳過配置保存
2025-08-17 00:03:12,033 - VALO360 - DEBUG - 自動保存已禁用，跳過配置保存
2025-08-17 00:03:12,034 - VALO360 - DEBUG - 自動保存已禁用，跳過配置保存
2025-08-17 00:03:12,034 - VALO360 - DEBUG - 自動保存已禁用，跳過配置保存
2025-08-17 00:03:12,035 - VALO360 - DEBUG - 自動保存已禁用，跳過配置保存
2025-08-17 00:03:12,036 - VALO360 - DEBUG - 自動保存已禁用，跳過配置保存
2025-08-17 00:03:12,036 - VALO360 - DEBUG - 自動保存已禁用，跳過配置保存
2025-08-17 00:03:12,036 - VALO360 - DEBUG - 自動保存已禁用，跳過配置保存
2025-08-17 00:03:12,037 - VALO360 - DEBUG - 自動保存已禁用，跳過配置保存
2025-08-17 00:03:12,037 - VALO360 - DEBUG - 自動保存已禁用，跳過配置保存
2025-08-17 00:03:12,037 - VALO360 - DEBUG - 自動保存已禁用，跳過配置保存
2025-08-17 00:03:12,037 - VALO360 - DEBUG - 自動保存已禁用，跳過配置保存
2025-08-17 00:03:12,038 - VALO360 - DEBUG - 自動保存已禁用，跳過配置保存
2025-08-17 00:03:12,038 - VALO360 - DEBUG - 自動保存已禁用，跳過配置保存
2025-08-17 00:03:12,038 - VALO360 - DEBUG - 自動保存已禁用，跳過配置保存
2025-08-17 00:03:12,038 - VALO360 - DEBUG - 自動保存已禁用，跳過配置保存
2025-08-17 00:03:12,039 - VALO360 - DEBUG - 自動保存已禁用，跳過配置保存
2025-08-17 00:03:12,040 - VALO360 - DEBUG - 自動保存已禁用，跳過配置保存
2025-08-17 00:03:12,040 - VALO360 - DEBUG - 自動保存已禁用，跳過配置保存
2025-08-17 00:03:12,040 - VALO360 - DEBUG - 自動保存已禁用，跳過配置保存
2025-08-17 00:03:12,041 - VALO360 - DEBUG - 自動保存已禁用，跳過配置保存
2025-08-17 00:03:12,041 - VALO360 - DEBUG - 自動保存已禁用，跳過配置保存
2025-08-17 00:03:12,041 - VALO360 - DEBUG - 自動保存已禁用，跳過配置保存
2025-08-17 00:03:12,041 - VALO360 - DEBUG - 自動保存已禁用，跳過配置保存
2025-08-17 00:03:12,042 - VALO360 - DEBUG - 自動保存已禁用，跳過配置保存
2025-08-17 00:03:12,042 - VALO360 - DEBUG - 自動保存已禁用，跳過配置保存
2025-08-17 00:03:12,042 - VALO360 - DEBUG - 自動保存已禁用，跳過配置保存
2025-08-17 00:03:12,042 - VALO360 - DEBUG - 自動保存已禁用，跳過配置保存
2025-08-17 00:03:12,044 - VALO360 - DEBUG - 自動保存已禁用，跳過配置保存
2025-08-17 00:03:12,045 - VALO360 - DEBUG - 自動保存已禁用，跳過配置保存
2025-08-17 00:03:12,045 - VALO360 - DEBUG - 自動保存已禁用，跳過配置保存
2025-08-17 00:03:12,045 - VALO360 - DEBUG - 自動保存已禁用，跳過配置保存
2025-08-17 00:03:12,045 - VALO360 - DEBUG - 自動保存已禁用，跳過配置保存
2025-08-17 00:03:12,046 - VALO360 - DEBUG - 自動保存已禁用，跳過配置保存
2025-08-17 00:03:12,046 - VALO360 - DEBUG - 自動保存已禁用，跳過配置保存
2025-08-17 00:03:12,046 - VALO360 - DEBUG - 自動保存已禁用，跳過配置保存
2025-08-17 00:03:12,046 - VALO360 - DEBUG - 自動保存已禁用，跳過配置保存
2025-08-17 00:03:12,047 - VALO360 - DEBUG - 自動保存已禁用，跳過配置保存
2025-08-17 00:03:12,047 - VALO360 - DEBUG - 自動保存已禁用，跳過配置保存
2025-08-17 00:03:12,047 - VALO360 - DEBUG - 自動保存已禁用，跳過配置保存
2025-08-17 00:03:12,053 - VALO360 - DEBUG - 自動保存已禁用，跳過配置保存
2025-08-17 00:03:12,054 - VALO360 - DEBUG - 自動保存已禁用，跳過配置保存
2025-08-17 00:03:12,054 - VALO360 - DEBUG - 自動保存已禁用，跳過配置保存
2025-08-17 00:03:12,054 - VALO360 - DEBUG - 自動保存已禁用，跳過配置保存
2025-08-17 00:03:12,054 - VALO360 - DEBUG - 自動保存已禁用，跳過配置保存
2025-08-17 00:03:12,055 - VALO360 - DEBUG - 自動保存已禁用，跳過配置保存
2025-08-17 00:03:12,055 - VALO360 - DEBUG - 自動保存已禁用，跳過配置保存
2025-08-17 00:03:12,055 - VALO360 - DEBUG - 自動保存已禁用，跳過配置保存
2025-08-17 00:03:12,055 - VALO360 - DEBUG - 自動保存已禁用，跳過配置保存
2025-08-17 00:03:12,056 - VALO360 - DEBUG - 自動保存已禁用，跳過配置保存
2025-08-17 00:03:12,056 - VALO360 - DEBUG - 自動保存已禁用，跳過配置保存
2025-08-17 00:03:12,056 - VALO360 - DEBUG - 自動保存已禁用，跳過配置保存
2025-08-17 00:03:12,076 - VALO360 - DEBUG - 自動保存已禁用，跳過配置保存
2025-08-17 00:03:12,076 - VALO360 - DEBUG - 自動保存已禁用，跳過配置保存
2025-08-17 00:03:12,077 - VALO360 - DEBUG - 自動保存已禁用，跳過配置保存
2025-08-17 00:03:12,077 - VALO360 - DEBUG - 自動保存已禁用，跳過配置保存
2025-08-17 00:03:12,086 - VALO360 - DEBUG - 自動保存已禁用，跳過配置保存
2025-08-17 00:03:12,086 - VALO360 - DEBUG - 自動保存已禁用，跳過配置保存
2025-08-17 00:03:12,086 - VALO360 - DEBUG - 自動保存已禁用，跳過配置保存
2025-08-17 00:03:12,086 - VALO360 - DEBUG - 自動保存已禁用，跳過配置保存
2025-08-17 00:03:12,116 - VALO360 - DEBUG - 自動保存已禁用，跳過配置保存
2025-08-17 00:03:12,117 - VALO360 - DEBUG - 自動保存已禁用，跳過配置保存
2025-08-17 00:03:12,117 - VALO360 - DEBUG - 自動保存已禁用，跳過配置保存
2025-08-17 00:03:12,117 - VALO360 - DEBUG - 自動保存已禁用，跳過配置保存
2025-08-17 00:03:12,119 - VALO360 - DEBUG - 自動保存已禁用，跳過配置保存
2025-08-17 00:03:12,119 - VALO360 - DEBUG - 自動保存已禁用，跳過配置保存
2025-08-17 00:03:12,119 - VALO360 - DEBUG - 自動保存已禁用，跳過配置保存
2025-08-17 00:03:12,119 - VALO360 - DEBUG - 自動保存已禁用，跳過配置保存
2025-08-17 00:03:12,120 - VALO360 - DEBUG - 自動保存已禁用，跳過配置保存
2025-08-17 00:03:12,120 - VALO360 - DEBUG - 自動保存已禁用，跳過配置保存
2025-08-17 00:03:12,120 - VALO360 - DEBUG - 自動保存已禁用，跳過配置保存
2025-08-17 00:03:12,120 - VALO360 - DEBUG - 自動保存已禁用，跳過配置保存
2025-08-17 00:03:12,124 - VALO360 - DEBUG - 自動保存已禁用，跳過配置保存
2025-08-17 00:03:12,124 - VALO360 - DEBUG - 自動保存已禁用，跳過配置保存
2025-08-17 00:03:12,124 - VALO360 - DEBUG - 自動保存已禁用，跳過配置保存
2025-08-17 00:03:12,125 - VALO360 - DEBUG - 自動保存已禁用，跳過配置保存
2025-08-17 00:03:12,213 - VALO360 - DEBUG - 自動保存已禁用，跳過配置保存
2025-08-17 00:03:12,213 - VALO360 - DEBUG - 自動保存已禁用，跳過配置保存
2025-08-17 00:03:12,213 - VALO360 - DEBUG - 自動保存已禁用，跳過配置保存
2025-08-17 00:03:12,214 - VALO360 - DEBUG - 自動保存已禁用，跳過配置保存
2025-08-17 00:03:12,214 - VALO360 - DEBUG - 自動保存已禁用，跳過配置保存
2025-08-17 00:03:12,214 - VALO360 - DEBUG - 自動保存已禁用，跳過配置保存
2025-08-17 00:03:12,215 - VALO360 - DEBUG - 自動保存已禁用，跳過配置保存
2025-08-17 00:03:12,215 - VALO360 - DEBUG - 自動保存已禁用，跳過配置保存
2025-08-17 00:03:12,215 - VALO360 - DEBUG - 自動保存已禁用，跳過配置保存
2025-08-17 00:03:12,215 - VALO360 - DEBUG - 自動保存已禁用，跳過配置保存
2025-08-17 00:03:12,216 - VALO360 - DEBUG - 自動保存已禁用，跳過配置保存
2025-08-17 00:03:12,216 - VALO360 - DEBUG - 自動保存已禁用，跳過配置保存
2025-08-17 00:03:12,216 - VALO360 - DEBUG - 自動保存已禁用，跳過配置保存
2025-08-17 00:03:12,217 - VALO360 - DEBUG - 自動保存已禁用，跳過配置保存
2025-08-17 00:03:12,217 - VALO360 - DEBUG - 自動保存已禁用，跳過配置保存
2025-08-17 00:03:12,217 - VALO360 - DEBUG - 自動保存已禁用，跳過配置保存
2025-08-17 00:03:12,217 - VALO360 - DEBUG - 自動保存已禁用，跳過配置保存
2025-08-17 00:03:12,218 - VALO360 - DEBUG - 自動保存已禁用，跳過配置保存
2025-08-17 00:03:12,218 - VALO360 - DEBUG - 自動保存已禁用，跳過配置保存
2025-08-17 00:03:12,218 - VALO360 - DEBUG - 自動保存已禁用，跳過配置保存
2025-08-17 00:03:12,218 - VALO360 - DEBUG - 自動保存已禁用，跳過配置保存
2025-08-17 00:03:12,219 - VALO360 - DEBUG - 自動保存已禁用，跳過配置保存
2025-08-17 00:03:12,219 - VALO360 - DEBUG - 自動保存已禁用，跳過配置保存
2025-08-17 00:03:12,219 - VALO360 - DEBUG - 自動保存已禁用，跳過配置保存
2025-08-17 00:03:12,220 - VALO360 - DEBUG - 自動保存已禁用，跳過配置保存
2025-08-17 00:03:12,220 - VALO360 - DEBUG - 自動保存已禁用，跳過配置保存
2025-08-17 00:03:12,220 - VALO360 - DEBUG - 自動保存已禁用，跳過配置保存
2025-08-17 00:03:12,220 - VALO360 - DEBUG - 自動保存已禁用，跳過配置保存
2025-08-17 00:03:12,221 - VALO360 - DEBUG - 自動保存已禁用，跳過配置保存
2025-08-17 00:03:12,221 - VALO360 - DEBUG - 自動保存已禁用，跳過配置保存
2025-08-17 00:03:12,221 - VALO360 - DEBUG - 自動保存已禁用，跳過配置保存
2025-08-17 00:03:12,221 - VALO360 - DEBUG - 自動保存已禁用，跳過配置保存
2025-08-17 00:03:12,228 - VALO360 - DEBUG - 自動保存已禁用，跳過配置保存
2025-08-17 00:03:12,228 - VALO360 - DEBUG - 自動保存已禁用，跳過配置保存
2025-08-17 00:03:12,228 - VALO360 - DEBUG - 自動保存已禁用，跳過配置保存
2025-08-17 00:03:12,228 - VALO360 - DEBUG - 自動保存已禁用，跳過配置保存
2025-08-17 00:03:12,229 - VALO360 - DEBUG - 自動保存已禁用，跳過配置保存
2025-08-17 00:03:12,230 - VALO360 - DEBUG - 自動保存已禁用，跳過配置保存
2025-08-17 00:03:12,230 - VALO360 - DEBUG - 自動保存已禁用，跳過配置保存
2025-08-17 00:03:12,230 - VALO360 - DEBUG - 自動保存已禁用，跳過配置保存
2025-08-17 00:03:12,231 - VALO360 - DEBUG - 自動保存已禁用，跳過配置保存
2025-08-17 00:03:12,231 - VALO360 - DEBUG - 自動保存已禁用，跳過配置保存
2025-08-17 00:03:12,231 - VALO360 - DEBUG - 自動保存已禁用，跳過配置保存
2025-08-17 00:03:12,231 - VALO360 - DEBUG - 自動保存已禁用，跳過配置保存
2025-08-17 00:03:12,232 - VALO360 - DEBUG - 自動保存已禁用，跳過配置保存
2025-08-17 00:03:12,232 - VALO360 - DEBUG - 自動保存已禁用，跳過配置保存
2025-08-17 00:03:12,232 - VALO360 - DEBUG - 自動保存已禁用，跳過配置保存
2025-08-17 00:03:12,233 - VALO360 - DEBUG - 自動保存已禁用，跳過配置保存
2025-08-17 00:03:12,236 - VALO360 - DEBUG - 自動保存已禁用，跳過配置保存
2025-08-17 00:03:12,236 - VALO360 - DEBUG - 自動保存已禁用，跳過配置保存
2025-08-17 00:03:12,236 - VALO360 - DEBUG - 自動保存已禁用，跳過配置保存
2025-08-17 00:03:12,236 - VALO360 - DEBUG - 自動保存已禁用，跳過配置保存
2025-08-17 00:03:12,237 - VALO360 - DEBUG - 自動保存已禁用，跳過配置保存
2025-08-17 00:03:12,238 - VALO360 - DEBUG - 自動保存已禁用，跳過配置保存
2025-08-17 00:03:12,238 - VALO360 - DEBUG - 自動保存已禁用，跳過配置保存
2025-08-17 00:03:12,238 - VALO360 - DEBUG - 自動保存已禁用，跳過配置保存
2025-08-17 00:03:12,239 - VALO360 - DEBUG - 自動保存已禁用，跳過配置保存
2025-08-17 00:03:12,239 - VALO360 - DEBUG - 自動保存已禁用，跳過配置保存
2025-08-17 00:03:12,240 - VALO360 - DEBUG - 自動保存已禁用，跳過配置保存
2025-08-17 00:03:12,240 - VALO360 - DEBUG - 自動保存已禁用，跳過配置保存
2025-08-17 00:03:12,240 - VALO360 - DEBUG - 自動保存已禁用，跳過配置保存
2025-08-17 00:03:12,240 - VALO360 - DEBUG - 自動保存已禁用，跳過配置保存
2025-08-17 00:03:12,241 - VALO360 - DEBUG - 自動保存已禁用，跳過配置保存
2025-08-17 00:03:12,241 - VALO360 - DEBUG - 自動保存已禁用，跳過配置保存
2025-08-17 00:03:12,243 - VALO360 - DEBUG - 自動保存已禁用，跳過配置保存
2025-08-17 00:03:12,243 - VALO360 - DEBUG - 自動保存已禁用，跳過配置保存
2025-08-17 00:03:12,243 - VALO360 - DEBUG - 自動保存已禁用，跳過配置保存
2025-08-17 00:03:12,244 - VALO360 - DEBUG - 自動保存已禁用，跳過配置保存
2025-08-17 00:03:12,244 - VALO360 - DEBUG - 自動保存已禁用，跳過配置保存
2025-08-17 00:03:12,245 - VALO360 - DEBUG - 自動保存已禁用，跳過配置保存
2025-08-17 00:03:12,245 - VALO360 - DEBUG - 自動保存已禁用，跳過配置保存
2025-08-17 00:03:12,245 - VALO360 - DEBUG - 自動保存已禁用，跳過配置保存
2025-08-17 00:03:12,247 - VALO360 - DEBUG - 自動保存已禁用，跳過配置保存
2025-08-17 00:03:12,247 - VALO360 - DEBUG - 自動保存已禁用，跳過配置保存
2025-08-17 00:03:12,247 - VALO360 - DEBUG - 自動保存已禁用，跳過配置保存
2025-08-17 00:03:12,247 - VALO360 - DEBUG - 自動保存已禁用，跳過配置保存
2025-08-17 00:03:12,250 - VALO360 - DEBUG - 自動保存已禁用，跳過配置保存
2025-08-17 00:03:12,250 - VALO360 - DEBUG - 自動保存已禁用，跳過配置保存
2025-08-17 00:03:12,251 - VALO360 - DEBUG - 自動保存已禁用，跳過配置保存
2025-08-17 00:03:12,251 - VALO360 - DEBUG - 自動保存已禁用，跳過配置保存
2025-08-17 00:03:12,251 - VALO360 - DEBUG - 自動保存已禁用，跳過配置保存
2025-08-17 00:03:12,251 - VALO360 - DEBUG - 自動保存已禁用，跳過配置保存
2025-08-17 00:03:12,252 - VALO360 - DEBUG - 自動保存已禁用，跳過配置保存
2025-08-17 00:03:12,252 - VALO360 - DEBUG - 自動保存已禁用，跳過配置保存
2025-08-17 00:03:12,258 - VALO360 - DEBUG - 自動保存已禁用，跳過配置保存
2025-08-17 00:03:12,258 - VALO360 - DEBUG - 自動保存已禁用，跳過配置保存
2025-08-17 00:03:12,258 - VALO360 - DEBUG - 自動保存已禁用，跳過配置保存
2025-08-17 00:03:12,259 - VALO360 - DEBUG - 自動保存已禁用，跳過配置保存
2025-08-17 00:03:12,266 - VALO360 - DEBUG - 自動保存已禁用，跳過配置保存
2025-08-17 00:03:12,267 - VALO360 - DEBUG - 自動保存已禁用，跳過配置保存
2025-08-17 00:03:12,267 - VALO360 - DEBUG - 自動保存已禁用，跳過配置保存
2025-08-17 00:03:12,267 - VALO360 - DEBUG - 自動保存已禁用，跳過配置保存
2025-08-17 00:03:12,267 - VALO360 - DEBUG - 自動保存已禁用，跳過配置保存
2025-08-17 00:03:12,268 - VALO360 - DEBUG - 自動保存已禁用，跳過配置保存
2025-08-17 00:03:12,268 - VALO360 - DEBUG - 自動保存已禁用，跳過配置保存
2025-08-17 00:03:12,268 - VALO360 - DEBUG - 自動保存已禁用，跳過配置保存
2025-08-17 00:03:12,268 - VALO360 - DEBUG - 自動保存已禁用，跳過配置保存
2025-08-17 00:03:12,269 - VALO360 - DEBUG - 自動保存已禁用，跳過配置保存
2025-08-17 00:03:12,269 - VALO360 - DEBUG - 自動保存已禁用，跳過配置保存
2025-08-17 00:03:12,269 - VALO360 - DEBUG - 自動保存已禁用，跳過配置保存
2025-08-17 00:03:12,269 - VALO360 - DEBUG - 自動保存已禁用，跳過配置保存
2025-08-17 00:03:12,270 - VALO360 - DEBUG - 自動保存已禁用，跳過配置保存
2025-08-17 00:03:12,270 - VALO360 - DEBUG - 自動保存已禁用，跳過配置保存
2025-08-17 00:03:12,270 - VALO360 - DEBUG - 自動保存已禁用，跳過配置保存
2025-08-17 00:03:12,270 - VALO360 - DEBUG - 自動保存已禁用，跳過配置保存
2025-08-17 00:03:12,270 - VALO360 - DEBUG - 自動保存已禁用，跳過配置保存
2025-08-17 00:03:12,271 - VALO360 - DEBUG - 自動保存已禁用，跳過配置保存
2025-08-17 00:03:12,271 - VALO360 - DEBUG - 自動保存已禁用，跳過配置保存
2025-08-17 00:03:12,271 - VALO360 - DEBUG - 自動保存已禁用，跳過配置保存
2025-08-17 00:03:12,271 - VALO360 - DEBUG - 自動保存已禁用，跳過配置保存
2025-08-17 00:03:12,272 - VALO360 - DEBUG - 自動保存已禁用，跳過配置保存
2025-08-17 00:03:12,272 - VALO360 - DEBUG - 自動保存已禁用，跳過配置保存
2025-08-17 00:03:12,272 - VALO360 - DEBUG - 自動保存已禁用，跳過配置保存
2025-08-17 00:03:12,272 - VALO360 - DEBUG - 自動保存已禁用，跳過配置保存
2025-08-17 00:03:12,273 - VALO360 - DEBUG - 自動保存已禁用，跳過配置保存
2025-08-17 00:03:12,273 - VALO360 - DEBUG - 自動保存已禁用，跳過配置保存
2025-08-17 00:03:12,273 - VALO360 - DEBUG - 自動保存已禁用，跳過配置保存
2025-08-17 00:03:12,273 - VALO360 - DEBUG - 自動保存已禁用，跳過配置保存
2025-08-17 00:03:12,274 - VALO360 - DEBUG - 自動保存已禁用，跳過配置保存
2025-08-17 00:03:12,274 - VALO360 - DEBUG - 自動保存已禁用，跳過配置保存
2025-08-17 00:03:12,274 - VALO360 - DEBUG - 自動保存已禁用，跳過配置保存
2025-08-17 00:03:12,274 - VALO360 - DEBUG - 自動保存已禁用，跳過配置保存
2025-08-17 00:03:12,275 - VALO360 - DEBUG - 自動保存已禁用，跳過配置保存
2025-08-17 00:03:12,275 - VALO360 - DEBUG - 自動保存已禁用，跳過配置保存
2025-08-17 00:03:12,276 - VALO360 - DEBUG - 自動保存已禁用，跳過配置保存
2025-08-17 00:03:12,276 - VALO360 - DEBUG - 自動保存已禁用，跳過配置保存
2025-08-17 00:03:12,276 - VALO360 - DEBUG - 自動保存已禁用，跳過配置保存
2025-08-17 00:03:12,276 - VALO360 - DEBUG - 自動保存已禁用，跳過配置保存
2025-08-17 00:03:12,277 - VALO360 - DEBUG - 自動保存已禁用，跳過配置保存
2025-08-17 00:03:12,277 - VALO360 - DEBUG - 自動保存已禁用，跳過配置保存
2025-08-17 00:03:12,277 - VALO360 - DEBUG - 自動保存已禁用，跳過配置保存
2025-08-17 00:03:12,277 - VALO360 - DEBUG - 自動保存已禁用，跳過配置保存
2025-08-17 00:03:12,278 - VALO360 - DEBUG - 自動保存已禁用，跳過配置保存
2025-08-17 00:03:12,278 - VALO360 - DEBUG - 自動保存已禁用，跳過配置保存
2025-08-17 00:03:12,278 - VALO360 - DEBUG - 自動保存已禁用，跳過配置保存
2025-08-17 00:03:12,278 - VALO360 - DEBUG - 自動保存已禁用，跳過配置保存
2025-08-17 00:03:12,279 - VALO360 - DEBUG - 自動保存已禁用，跳過配置保存
2025-08-17 00:03:12,279 - VALO360 - DEBUG - 自動保存已禁用，跳過配置保存
2025-08-17 00:03:12,279 - VALO360 - DEBUG - 自動保存已禁用，跳過配置保存
2025-08-17 00:03:12,279 - VALO360 - DEBUG - 自動保存已禁用，跳過配置保存
2025-08-17 00:03:12,280 - VALO360 - DEBUG - 自動保存已禁用，跳過配置保存
2025-08-17 00:03:12,280 - VALO360 - DEBUG - 自動保存已禁用，跳過配置保存
2025-08-17 00:03:12,280 - VALO360 - DEBUG - 自動保存已禁用，跳過配置保存
2025-08-17 00:03:12,280 - VALO360 - DEBUG - 自動保存已禁用，跳過配置保存
2025-08-17 00:03:12,281 - VALO360 - DEBUG - 自動保存已禁用，跳過配置保存
2025-08-17 00:03:12,281 - VALO360 - DEBUG - 自動保存已禁用，跳過配置保存
2025-08-17 00:03:12,281 - VALO360 - DEBUG - 自動保存已禁用，跳過配置保存
2025-08-17 00:03:12,281 - VALO360 - DEBUG - 自動保存已禁用，跳過配置保存
2025-08-17 00:03:12,282 - VALO360 - DEBUG - 自動保存已禁用，跳過配置保存
2025-08-17 00:03:12,282 - VALO360 - DEBUG - 自動保存已禁用，跳過配置保存
2025-08-17 00:03:12,282 - VALO360 - DEBUG - 自動保存已禁用，跳過配置保存
2025-08-17 00:03:12,282 - VALO360 - DEBUG - 自動保存已禁用，跳過配置保存
2025-08-17 00:03:12,283 - VALO360 - DEBUG - 自動保存已禁用，跳過配置保存
2025-08-17 00:03:12,283 - VALO360 - DEBUG - 自動保存已禁用，跳過配置保存
2025-08-17 00:03:12,283 - VALO360 - DEBUG - 自動保存已禁用，跳過配置保存
2025-08-17 00:03:12,283 - VALO360 - DEBUG - 自動保存已禁用，跳過配置保存
2025-08-17 00:03:12,283 - VALO360 - DEBUG - 自動保存已禁用，跳過配置保存
2025-08-17 00:03:12,284 - VALO360 - DEBUG - 自動保存已禁用，跳過配置保存
2025-08-17 00:03:12,284 - VALO360 - DEBUG - 自動保存已禁用，跳過配置保存
2025-08-17 00:03:12,284 - VALO360 - DEBUG - 自動保存已禁用，跳過配置保存
2025-08-17 00:03:12,285 - VALO360 - DEBUG - 自動保存已禁用，跳過配置保存
2025-08-17 00:03:12,285 - VALO360 - DEBUG - 自動保存已禁用，跳過配置保存
2025-08-17 00:03:12,285 - VALO360 - DEBUG - 自動保存已禁用，跳過配置保存
2025-08-17 00:03:12,285 - VALO360 - DEBUG - 自動保存已禁用，跳過配置保存
2025-08-17 00:03:12,285 - VALO360 - DEBUG - 自動保存已禁用，跳過配置保存
2025-08-17 00:03:12,286 - VALO360 - DEBUG - 自動保存已禁用，跳過配置保存
2025-08-17 00:03:12,286 - VALO360 - DEBUG - 自動保存已禁用，跳過配置保存
2025-08-17 00:03:12,286 - VALO360 - DEBUG - 自動保存已禁用，跳過配置保存
2025-08-17 00:03:12,286 - VALO360 - DEBUG - 自動保存已禁用，跳過配置保存
2025-08-17 00:03:12,286 - VALO360 - DEBUG - 自動保存已禁用，跳過配置保存
2025-08-17 00:03:12,287 - VALO360 - DEBUG - 自動保存已禁用，跳過配置保存
2025-08-17 00:03:12,287 - VALO360 - DEBUG - 自動保存已禁用，跳過配置保存
2025-08-17 00:03:12,287 - VALO360 - DEBUG - 自動保存已禁用，跳過配置保存
2025-08-17 00:03:12,287 - VALO360 - DEBUG - 自動保存已禁用，跳過配置保存
2025-08-17 00:03:12,288 - VALO360 - DEBUG - 自動保存已禁用，跳過配置保存
2025-08-17 00:03:12,288 - VALO360 - DEBUG - 自動保存已禁用，跳過配置保存
2025-08-17 00:03:12,288 - VALO360 - DEBUG - 自動保存已禁用，跳過配置保存
2025-08-17 00:03:12,288 - VALO360 - DEBUG - 自動保存已禁用，跳過配置保存
2025-08-17 00:03:12,288 - VALO360 - DEBUG - 自動保存已禁用，跳過配置保存
2025-08-17 00:03:12,289 - VALO360 - DEBUG - 自動保存已禁用，跳過配置保存
2025-08-17 00:03:12,289 - VALO360 - DEBUG - 自動保存已禁用，跳過配置保存
2025-08-17 00:03:12,289 - VALO360 - DEBUG - 自動保存已禁用，跳過配置保存
2025-08-17 00:03:12,289 - VALO360 - DEBUG - 自動保存已禁用，跳過配置保存
2025-08-17 00:03:12,290 - VALO360 - DEBUG - 自動保存已禁用，跳過配置保存
2025-08-17 00:03:12,290 - VALO360 - DEBUG - 自動保存已禁用，跳過配置保存
2025-08-17 00:03:12,290 - VALO360 - DEBUG - 自動保存已禁用，跳過配置保存
2025-08-17 00:03:12,290 - VALO360 - DEBUG - 自動保存已禁用，跳過配置保存
2025-08-17 00:03:12,290 - VALO360 - DEBUG - 自動保存已禁用，跳過配置保存
2025-08-17 00:03:12,291 - VALO360 - DEBUG - 自動保存已禁用，跳過配置保存
2025-08-17 00:03:12,291 - VALO360 - DEBUG - 自動保存已禁用，跳過配置保存
2025-08-17 00:03:12,291 - VALO360 - DEBUG - 自動保存已禁用，跳過配置保存
2025-08-17 00:03:12,291 - VALO360 - DEBUG - 自動保存已禁用，跳過配置保存
2025-08-17 00:03:12,292 - VALO360 - DEBUG - 自動保存已禁用，跳過配置保存
2025-08-17 00:03:12,292 - VALO360 - DEBUG - 自動保存已禁用，跳過配置保存
2025-08-17 00:03:12,292 - VALO360 - DEBUG - 自動保存已禁用，跳過配置保存
2025-08-17 00:03:12,292 - VALO360 - DEBUG - 自動保存已禁用，跳過配置保存
2025-08-17 00:03:12,293 - VALO360 - DEBUG - 自動保存已禁用，跳過配置保存
2025-08-17 00:03:12,293 - VALO360 - DEBUG - 自動保存已禁用，跳過配置保存
2025-08-17 00:03:12,293 - VALO360 - DEBUG - 自動保存已禁用，跳過配置保存
2025-08-17 00:03:12,293 - VALO360 - DEBUG - 自動保存已禁用，跳過配置保存
2025-08-17 00:03:12,293 - VALO360 - DEBUG - 自動保存已禁用，跳過配置保存
2025-08-17 00:03:12,294 - VALO360 - DEBUG - 自動保存已禁用，跳過配置保存
2025-08-17 00:03:12,294 - VALO360 - DEBUG - 自動保存已禁用，跳過配置保存
2025-08-17 00:03:12,294 - VALO360 - DEBUG - 自動保存已禁用，跳過配置保存
2025-08-17 00:03:12,295 - VALO360 - DEBUG - 自動保存已禁用，跳過配置保存
2025-08-17 00:03:12,295 - VALO360 - DEBUG - 自動保存已禁用，跳過配置保存
2025-08-17 00:03:12,295 - VALO360 - DEBUG - 自動保存已禁用，跳過配置保存
2025-08-17 00:03:12,295 - VALO360 - DEBUG - 自動保存已禁用，跳過配置保存
2025-08-17 00:03:12,390 - VALO360 - DEBUG - 自動保存已禁用，跳過配置保存
2025-08-17 00:03:12,391 - VALO360 - DEBUG - 自動保存已禁用，跳過配置保存
2025-08-17 00:03:12,391 - VALO360 - DEBUG - 自動保存已禁用，跳過配置保存
2025-08-17 00:03:12,391 - VALO360 - DEBUG - 自動保存已禁用，跳過配置保存
2025-08-17 00:03:12,391 - VALO360 - DEBUG - 自動保存已禁用，跳過配置保存
2025-08-17 00:03:12,392 - VALO360 - DEBUG - 自動保存已禁用，跳過配置保存
2025-08-17 00:03:12,392 - VALO360 - DEBUG - 自動保存已禁用，跳過配置保存
2025-08-17 00:03:12,392 - VALO360 - DEBUG - 自動保存已禁用，跳過配置保存
2025-08-17 00:03:12,399 - VALO360 - DEBUG - 自動保存已禁用，跳過配置保存
2025-08-17 00:03:12,399 - VALO360 - DEBUG - 自動保存已禁用，跳過配置保存
2025-08-17 00:03:12,400 - VALO360 - DEBUG - 自動保存已禁用，跳過配置保存
2025-08-17 00:03:12,400 - VALO360 - DEBUG - 自動保存已禁用，跳過配置保存
2025-08-17 00:03:12,400 - VALO360 - DEBUG - 自動保存已禁用，跳過配置保存
2025-08-17 00:03:12,400 - VALO360 - DEBUG - 自動保存已禁用，跳過配置保存
2025-08-17 00:03:12,401 - VALO360 - DEBUG - 自動保存已禁用，跳過配置保存
2025-08-17 00:03:12,401 - VALO360 - DEBUG - 自動保存已禁用，跳過配置保存
2025-08-17 00:03:12,412 - VALO360 - DEBUG - 自動保存已禁用，跳過配置保存
2025-08-17 00:03:12,412 - VALO360 - DEBUG - 自動保存已禁用，跳過配置保存
2025-08-17 00:03:12,413 - VALO360 - DEBUG - 自動保存已禁用，跳過配置保存
2025-08-17 00:03:12,413 - VALO360 - DEBUG - 自動保存已禁用，跳過配置保存
2025-08-17 00:03:12,413 - VALO360 - DEBUG - 自動保存已禁用，跳過配置保存
2025-08-17 00:03:12,413 - VALO360 - DEBUG - 自動保存已禁用，跳過配置保存
2025-08-17 00:03:12,413 - VALO360 - DEBUG - 自動保存已禁用，跳過配置保存
2025-08-17 00:03:12,414 - VALO360 - DEBUG - 自動保存已禁用，跳過配置保存
2025-08-17 00:03:12,420 - VALO360 - DEBUG - 自動保存已禁用，跳過配置保存
2025-08-17 00:03:12,420 - VALO360 - DEBUG - 自動保存已禁用，跳過配置保存
2025-08-17 00:03:12,420 - VALO360 - DEBUG - 自動保存已禁用，跳過配置保存
2025-08-17 00:03:12,420 - VALO360 - DEBUG - 自動保存已禁用，跳過配置保存
2025-08-17 00:03:12,421 - VALO360 - DEBUG - 自動保存已禁用，跳過配置保存
2025-08-17 00:03:12,421 - VALO360 - DEBUG - 自動保存已禁用，跳過配置保存
2025-08-17 00:03:12,421 - VALO360 - DEBUG - 自動保存已禁用，跳過配置保存
2025-08-17 00:03:12,421 - VALO360 - DEBUG - 自動保存已禁用，跳過配置保存
2025-08-17 00:03:12,429 - VALO360 - DEBUG - 自動保存已禁用，跳過配置保存
2025-08-17 00:03:12,429 - VALO360 - DEBUG - 自動保存已禁用，跳過配置保存
2025-08-17 00:03:12,429 - VALO360 - DEBUG - 自動保存已禁用，跳過配置保存
2025-08-17 00:03:12,429 - VALO360 - DEBUG - 自動保存已禁用，跳過配置保存
2025-08-17 00:03:12,430 - VALO360 - DEBUG - 自動保存已禁用，跳過配置保存
2025-08-17 00:03:12,430 - VALO360 - DEBUG - 自動保存已禁用，跳過配置保存
2025-08-17 00:03:12,430 - VALO360 - DEBUG - 自動保存已禁用，跳過配置保存
2025-08-17 00:03:12,430 - VALO360 - DEBUG - 自動保存已禁用，跳過配置保存
2025-08-17 00:03:12,433 - VALO360 - DEBUG - 自動保存已禁用，跳過配置保存
2025-08-17 00:03:12,433 - VALO360 - DEBUG - 自動保存已禁用，跳過配置保存
2025-08-17 00:03:12,433 - VALO360 - DEBUG - 自動保存已禁用，跳過配置保存
2025-08-17 00:03:12,434 - VALO360 - DEBUG - 自動保存已禁用，跳過配置保存
2025-08-17 00:03:12,434 - VALO360 - DEBUG - 自動保存已禁用，跳過配置保存
2025-08-17 00:03:12,434 - VALO360 - DEBUG - 自動保存已禁用，跳過配置保存
2025-08-17 00:03:12,434 - VALO360 - DEBUG - 自動保存已禁用，跳過配置保存
2025-08-17 00:03:12,435 - VALO360 - DEBUG - 自動保存已禁用，跳過配置保存
2025-08-17 00:03:12,435 - VALO360 - DEBUG - 自動保存已禁用，跳過配置保存
2025-08-17 00:03:12,435 - VALO360 - DEBUG - 自動保存已禁用，跳過配置保存
2025-08-17 00:03:12,436 - VALO360 - DEBUG - 自動保存已禁用，跳過配置保存
2025-08-17 00:03:12,436 - VALO360 - DEBUG - 自動保存已禁用，跳過配置保存
2025-08-17 00:03:12,436 - VALO360 - DEBUG - 自動保存已禁用，跳過配置保存
2025-08-17 00:03:12,436 - VALO360 - DEBUG - 自動保存已禁用，跳過配置保存
2025-08-17 00:03:12,436 - VALO360 - DEBUG - 自動保存已禁用，跳過配置保存
2025-08-17 00:03:12,437 - VALO360 - DEBUG - 自動保存已禁用，跳過配置保存
2025-08-17 00:03:12,440 - VALO360 - DEBUG - 自動保存已禁用，跳過配置保存
2025-08-17 00:03:12,440 - VALO360 - DEBUG - 自動保存已禁用，跳過配置保存
2025-08-17 00:03:12,440 - VALO360 - DEBUG - 自動保存已禁用，跳過配置保存
2025-08-17 00:03:12,440 - VALO360 - DEBUG - 自動保存已禁用，跳過配置保存
2025-08-17 00:03:12,441 - VALO360 - DEBUG - 自動保存已禁用，跳過配置保存
2025-08-17 00:03:12,441 - VALO360 - DEBUG - 自動保存已禁用，跳過配置保存
2025-08-17 00:03:12,441 - VALO360 - DEBUG - 自動保存已禁用，跳過配置保存
2025-08-17 00:03:12,441 - VALO360 - DEBUG - 自動保存已禁用，跳過配置保存
2025-08-17 00:03:12,444 - VALO360 - DEBUG - 自動保存已禁用，跳過配置保存
2025-08-17 00:03:12,444 - VALO360 - DEBUG - 自動保存已禁用，跳過配置保存
2025-08-17 00:03:12,444 - VALO360 - DEBUG - 自動保存已禁用，跳過配置保存
2025-08-17 00:03:12,444 - VALO360 - DEBUG - 自動保存已禁用，跳過配置保存
2025-08-17 00:03:12,445 - VALO360 - DEBUG - 自動保存已禁用，跳過配置保存
2025-08-17 00:03:12,445 - VALO360 - DEBUG - 自動保存已禁用，跳過配置保存
2025-08-17 00:03:12,445 - VALO360 - DEBUG - 自動保存已禁用，跳過配置保存
2025-08-17 00:03:12,445 - VALO360 - DEBUG - 自動保存已禁用，跳過配置保存
2025-08-17 00:03:12,456 - VALO360 - DEBUG - 自動保存已禁用，跳過配置保存
2025-08-17 00:03:12,456 - VALO360 - DEBUG - 自動保存已禁用，跳過配置保存
2025-08-17 00:03:12,456 - VALO360 - DEBUG - 自動保存已禁用，跳過配置保存
2025-08-17 00:03:12,456 - VALO360 - DEBUG - 自動保存已禁用，跳過配置保存
2025-08-17 00:03:12,457 - VALO360 - DEBUG - 自動保存已禁用，跳過配置保存
2025-08-17 00:03:12,457 - VALO360 - DEBUG - 自動保存已禁用，跳過配置保存
2025-08-17 00:03:12,457 - VALO360 - DEBUG - 自動保存已禁用，跳過配置保存
2025-08-17 00:03:12,457 - VALO360 - DEBUG - 自動保存已禁用，跳過配置保存
2025-08-17 00:03:12,457 - VALO360 - DEBUG - 自動保存已禁用，跳過配置保存
2025-08-17 00:03:12,458 - VALO360 - DEBUG - 自動保存已禁用，跳過配置保存
2025-08-17 00:03:12,458 - VALO360 - DEBUG - 自動保存已禁用，跳過配置保存
2025-08-17 00:03:12,458 - VALO360 - DEBUG - 自動保存已禁用，跳過配置保存
2025-08-17 00:03:12,458 - VALO360 - DEBUG - 自動保存已禁用，跳過配置保存
2025-08-17 00:03:12,459 - VALO360 - DEBUG - 自動保存已禁用，跳過配置保存
2025-08-17 00:03:12,459 - VALO360 - DEBUG - 自動保存已禁用，跳過配置保存
2025-08-17 00:03:12,459 - VALO360 - DEBUG - 自動保存已禁用，跳過配置保存
2025-08-17 00:03:12,463 - VALO360 - DEBUG - 自動保存已禁用，跳過配置保存
2025-08-17 00:03:12,463 - VALO360 - DEBUG - 自動保存已禁用，跳過配置保存
2025-08-17 00:03:12,463 - VALO360 - DEBUG - 自動保存已禁用，跳過配置保存
2025-08-17 00:03:12,464 - VALO360 - DEBUG - 自動保存已禁用，跳過配置保存
2025-08-17 00:03:12,464 - VALO360 - DEBUG - 自動保存已禁用，跳過配置保存
2025-08-17 00:03:12,464 - VALO360 - DEBUG - 自動保存已禁用，跳過配置保存
2025-08-17 00:03:12,464 - VALO360 - DEBUG - 自動保存已禁用，跳過配置保存
2025-08-17 00:03:12,464 - VALO360 - DEBUG - 自動保存已禁用，跳過配置保存
2025-08-17 00:03:12,471 - VALO360 - DEBUG - 自動保存已禁用，跳過配置保存
2025-08-17 00:03:12,471 - VALO360 - DEBUG - 自動保存已禁用，跳過配置保存
2025-08-17 00:03:12,471 - VALO360 - DEBUG - 自動保存已禁用，跳過配置保存
2025-08-17 00:03:12,472 - VALO360 - DEBUG - 自動保存已禁用，跳過配置保存
2025-08-17 00:03:12,472 - VALO360 - DEBUG - 自動保存已禁用，跳過配置保存
2025-08-17 00:03:12,472 - VALO360 - DEBUG - 自動保存已禁用，跳過配置保存
2025-08-17 00:03:12,472 - VALO360 - DEBUG - 自動保存已禁用，跳過配置保存
2025-08-17 00:03:12,473 - VALO360 - DEBUG - 自動保存已禁用，跳過配置保存
2025-08-17 00:03:12,475 - VALO360 - DEBUG - 自動保存已禁用，跳過配置保存
2025-08-17 00:03:12,475 - VALO360 - DEBUG - 自動保存已禁用，跳過配置保存
2025-08-17 00:03:12,476 - VALO360 - DEBUG - 自動保存已禁用，跳過配置保存
2025-08-17 00:03:12,476 - VALO360 - DEBUG - 自動保存已禁用，跳過配置保存
2025-08-17 00:03:12,476 - VALO360 - DEBUG - 自動保存已禁用，跳過配置保存
2025-08-17 00:03:12,476 - VALO360 - DEBUG - 自動保存已禁用，跳過配置保存
2025-08-17 00:03:12,476 - VALO360 - DEBUG - 自動保存已禁用，跳過配置保存
2025-08-17 00:03:12,477 - VALO360 - DEBUG - 自動保存已禁用，跳過配置保存
2025-08-17 00:03:12,485 - VALO360 - DEBUG - 自動保存已禁用，跳過配置保存
2025-08-17 00:03:12,486 - VALO360 - DEBUG - 自動保存已禁用，跳過配置保存
2025-08-17 00:03:12,486 - VALO360 - DEBUG - 自動保存已禁用，跳過配置保存
2025-08-17 00:03:12,486 - VALO360 - DEBUG - 自動保存已禁用，跳過配置保存
2025-08-17 00:03:12,486 - VALO360 - DEBUG - 自動保存已禁用，跳過配置保存
2025-08-17 00:03:12,487 - VALO360 - DEBUG - 自動保存已禁用，跳過配置保存
2025-08-17 00:03:12,487 - VALO360 - DEBUG - 自動保存已禁用，跳過配置保存
2025-08-17 00:03:12,487 - VALO360 - DEBUG - 自動保存已禁用，跳過配置保存
2025-08-17 00:03:12,487 - VALO360 - DEBUG - 自動保存已禁用，跳過配置保存
2025-08-17 00:03:12,488 - VALO360 - DEBUG - 自動保存已禁用，跳過配置保存
2025-08-17 00:03:12,488 - VALO360 - DEBUG - 自動保存已禁用，跳過配置保存
2025-08-17 00:03:12,488 - VALO360 - DEBUG - 自動保存已禁用，跳過配置保存
2025-08-17 00:03:12,488 - VALO360 - DEBUG - 自動保存已禁用，跳過配置保存
2025-08-17 00:03:12,488 - VALO360 - DEBUG - 自動保存已禁用，跳過配置保存
2025-08-17 00:03:12,489 - VALO360 - DEBUG - 自動保存已禁用，跳過配置保存
2025-08-17 00:03:12,489 - VALO360 - DEBUG - 自動保存已禁用，跳過配置保存
2025-08-17 00:03:12,500 - VALO360 - DEBUG - 自動保存已禁用，跳過配置保存
2025-08-17 00:03:12,500 - VALO360 - DEBUG - 自動保存已禁用，跳過配置保存
2025-08-17 00:03:12,500 - VALO360 - DEBUG - 自動保存已禁用，跳過配置保存
2025-08-17 00:03:12,501 - VALO360 - DEBUG - 自動保存已禁用，跳過配置保存
2025-08-17 00:03:12,501 - VALO360 - DEBUG - 自動保存已禁用，跳過配置保存
2025-08-17 00:03:12,501 - VALO360 - DEBUG - 自動保存已禁用，跳過配置保存
2025-08-17 00:03:12,501 - VALO360 - DEBUG - 自動保存已禁用，跳過配置保存
2025-08-17 00:03:12,501 - VALO360 - DEBUG - 自動保存已禁用，跳過配置保存
2025-08-17 00:03:12,508 - VALO360 - DEBUG - 自動保存已禁用，跳過配置保存
2025-08-17 00:03:12,508 - VALO360 - DEBUG - 自動保存已禁用，跳過配置保存
2025-08-17 00:03:12,509 - VALO360 - DEBUG - 自動保存已禁用，跳過配置保存
2025-08-17 00:03:12,509 - VALO360 - DEBUG - 自動保存已禁用，跳過配置保存
2025-08-17 00:03:12,509 - VALO360 - DEBUG - 自動保存已禁用，跳過配置保存
2025-08-17 00:03:12,509 - VALO360 - DEBUG - 自動保存已禁用，跳過配置保存
2025-08-17 00:03:12,510 - VALO360 - DEBUG - 自動保存已禁用，跳過配置保存
2025-08-17 00:03:12,510 - VALO360 - DEBUG - 自動保存已禁用，跳過配置保存
2025-08-17 00:03:12,510 - VALO360 - DEBUG - 自動保存已禁用，跳過配置保存
2025-08-17 00:03:12,510 - VALO360 - DEBUG - 自動保存已禁用，跳過配置保存
2025-08-17 00:03:12,510 - VALO360 - DEBUG - 自動保存已禁用，跳過配置保存
2025-08-17 00:03:12,511 - VALO360 - DEBUG - 自動保存已禁用，跳過配置保存
2025-08-17 00:03:12,511 - VALO360 - DEBUG - 自動保存已禁用，跳過配置保存
2025-08-17 00:03:12,511 - VALO360 - DEBUG - 自動保存已禁用，跳過配置保存
2025-08-17 00:03:12,511 - VALO360 - DEBUG - 自動保存已禁用，跳過配置保存
2025-08-17 00:03:12,511 - VALO360 - DEBUG - 自動保存已禁用，跳過配置保存
2025-08-17 00:03:12,528 - VALO360 - DEBUG - 自動保存已禁用，跳過配置保存
2025-08-17 00:03:12,528 - VALO360 - DEBUG - 自動保存已禁用，跳過配置保存
2025-08-17 00:03:12,528 - VALO360 - DEBUG - 自動保存已禁用，跳過配置保存
2025-08-17 00:03:12,529 - VALO360 - DEBUG - 自動保存已禁用，跳過配置保存
2025-08-17 00:03:12,529 - VALO360 - DEBUG - 自動保存已禁用，跳過配置保存
2025-08-17 00:03:12,529 - VALO360 - DEBUG - 自動保存已禁用，跳過配置保存
2025-08-17 00:03:12,529 - VALO360 - DEBUG - 自動保存已禁用，跳過配置保存
2025-08-17 00:03:12,530 - VALO360 - DEBUG - 自動保存已禁用，跳過配置保存
2025-08-17 00:03:12,536 - VALO360 - DEBUG - 自動保存已禁用，跳過配置保存
2025-08-17 00:03:12,536 - VALO360 - DEBUG - 自動保存已禁用，跳過配置保存
2025-08-17 00:03:12,536 - VALO360 - DEBUG - 自動保存已禁用，跳過配置保存
2025-08-17 00:03:12,536 - VALO360 - DEBUG - 自動保存已禁用，跳過配置保存
2025-08-17 00:03:12,537 - VALO360 - DEBUG - 自動保存已禁用，跳過配置保存
2025-08-17 00:03:12,537 - VALO360 - DEBUG - 自動保存已禁用，跳過配置保存
2025-08-17 00:03:12,537 - VALO360 - DEBUG - 自動保存已禁用，跳過配置保存
2025-08-17 00:03:12,537 - VALO360 - DEBUG - 自動保存已禁用，跳過配置保存
2025-08-17 00:03:12,545 - VALO360 - DEBUG - 自動保存已禁用，跳過配置保存
2025-08-17 00:03:12,545 - VALO360 - DEBUG - 自動保存已禁用，跳過配置保存
2025-08-17 00:03:12,545 - VALO360 - DEBUG - 自動保存已禁用，跳過配置保存
2025-08-17 00:03:12,546 - VALO360 - DEBUG - 自動保存已禁用，跳過配置保存
2025-08-17 00:03:12,546 - VALO360 - DEBUG - 自動保存已禁用，跳過配置保存
2025-08-17 00:03:12,546 - VALO360 - DEBUG - 自動保存已禁用，跳過配置保存
2025-08-17 00:03:12,546 - VALO360 - DEBUG - 自動保存已禁用，跳過配置保存
2025-08-17 00:03:12,547 - VALO360 - DEBUG - 自動保存已禁用，跳過配置保存
2025-08-17 00:03:12,596 - VALO360 - DEBUG - 自動保存已禁用，跳過配置保存
2025-08-17 00:03:12,596 - VALO360 - DEBUG - 自動保存已禁用，跳過配置保存
2025-08-17 00:03:12,597 - VALO360 - DEBUG - 自動保存已禁用，跳過配置保存
2025-08-17 00:03:12,597 - VALO360 - DEBUG - 自動保存已禁用，跳過配置保存
2025-08-17 00:03:12,597 - VALO360 - DEBUG - 自動保存已禁用，跳過配置保存
2025-08-17 00:03:12,597 - VALO360 - DEBUG - 自動保存已禁用，跳過配置保存
2025-08-17 00:03:12,598 - VALO360 - DEBUG - 自動保存已禁用，跳過配置保存
2025-08-17 00:03:12,598 - VALO360 - DEBUG - 自動保存已禁用，跳過配置保存
2025-08-17 00:03:12,632 - VALO360 - DEBUG - 自動保存已禁用，跳過配置保存
2025-08-17 00:03:12,632 - VALO360 - DEBUG - 自動保存已禁用，跳過配置保存
2025-08-17 00:03:12,633 - VALO360 - DEBUG - 自動保存已禁用，跳過配置保存
2025-08-17 00:03:12,633 - VALO360 - DEBUG - 自動保存已禁用，跳過配置保存
2025-08-17 00:03:12,633 - VALO360 - DEBUG - 自動保存已禁用，跳過配置保存
2025-08-17 00:03:12,634 - VALO360 - DEBUG - 自動保存已禁用，跳過配置保存
2025-08-17 00:03:12,634 - VALO360 - DEBUG - 自動保存已禁用，跳過配置保存
2025-08-17 00:03:12,634 - VALO360 - DEBUG - 自動保存已禁用，跳過配置保存
2025-08-17 00:03:12,634 - VALO360 - DEBUG - 自動保存已禁用，跳過配置保存
2025-08-17 00:03:12,635 - VALO360 - DEBUG - 自動保存已禁用，跳過配置保存
2025-08-17 00:03:12,635 - VALO360 - DEBUG - 自動保存已禁用，跳過配置保存
2025-08-17 00:03:12,635 - VALO360 - DEBUG - 自動保存已禁用，跳過配置保存
2025-08-17 00:03:12,636 - VALO360 - DEBUG - 自動保存已禁用，跳過配置保存
2025-08-17 00:03:12,636 - VALO360 - DEBUG - 自動保存已禁用，跳過配置保存
2025-08-17 00:03:12,636 - VALO360 - DEBUG - 自動保存已禁用，跳過配置保存
2025-08-17 00:03:12,636 - VALO360 - DEBUG - 自動保存已禁用，跳過配置保存
2025-08-17 00:03:12,637 - VALO360 - DEBUG - 自動保存已禁用，跳過配置保存
2025-08-17 00:03:12,637 - VALO360 - DEBUG - 自動保存已禁用，跳過配置保存
2025-08-17 00:03:12,637 - VALO360 - DEBUG - 自動保存已禁用，跳過配置保存
2025-08-17 00:03:12,638 - VALO360 - DEBUG - 自動保存已禁用，跳過配置保存
2025-08-17 00:03:12,638 - VALO360 - DEBUG - 自動保存已禁用，跳過配置保存
2025-08-17 00:03:12,638 - VALO360 - DEBUG - 自動保存已禁用，跳過配置保存
2025-08-17 00:03:12,639 - VALO360 - DEBUG - 自動保存已禁用，跳過配置保存
2025-08-17 00:03:12,639 - VALO360 - DEBUG - 自動保存已禁用，跳過配置保存
2025-08-17 00:03:12,639 - VALO360 - DEBUG - 自動保存已禁用，跳過配置保存
2025-08-17 00:03:12,639 - VALO360 - DEBUG - 自動保存已禁用，跳過配置保存
2025-08-17 00:03:12,640 - VALO360 - DEBUG - 自動保存已禁用，跳過配置保存
2025-08-17 00:03:12,640 - VALO360 - DEBUG - 自動保存已禁用，跳過配置保存
2025-08-17 00:03:12,640 - VALO360 - DEBUG - 自動保存已禁用，跳過配置保存
2025-08-17 00:03:12,640 - VALO360 - DEBUG - 自動保存已禁用，跳過配置保存
2025-08-17 00:03:12,641 - VALO360 - DEBUG - 自動保存已禁用，跳過配置保存
2025-08-17 00:03:12,641 - VALO360 - DEBUG - 自動保存已禁用，跳過配置保存
2025-08-17 00:03:12,641 - VALO360 - DEBUG - 自動保存已禁用，跳過配置保存
2025-08-17 00:03:12,641 - VALO360 - DEBUG - 自動保存已禁用，跳過配置保存
2025-08-17 00:03:12,642 - VALO360 - DEBUG - 自動保存已禁用，跳過配置保存
2025-08-17 00:03:12,642 - VALO360 - DEBUG - 自動保存已禁用，跳過配置保存
2025-08-17 00:03:12,643 - VALO360 - DEBUG - 自動保存已禁用，跳過配置保存
2025-08-17 00:03:12,643 - VALO360 - DEBUG - 自動保存已禁用，跳過配置保存
2025-08-17 00:03:12,643 - VALO360 - DEBUG - 自動保存已禁用，跳過配置保存
2025-08-17 00:03:12,643 - VALO360 - DEBUG - 自動保存已禁用，跳過配置保存
2025-08-17 00:03:12,644 - VALO360 - DEBUG - 自動保存已禁用，跳過配置保存
2025-08-17 00:03:12,644 - VALO360 - DEBUG - 自動保存已禁用，跳過配置保存
2025-08-17 00:03:12,644 - VALO360 - DEBUG - 自動保存已禁用，跳過配置保存
2025-08-17 00:03:12,645 - VALO360 - DEBUG - 自動保存已禁用，跳過配置保存
2025-08-17 00:03:12,645 - VALO360 - DEBUG - 自動保存已禁用，跳過配置保存
2025-08-17 00:03:12,646 - VALO360 - DEBUG - 自動保存已禁用，跳過配置保存
2025-08-17 00:03:12,646 - VALO360 - DEBUG - 自動保存已禁用，跳過配置保存
2025-08-17 00:03:12,646 - VALO360 - DEBUG - 自動保存已禁用，跳過配置保存
2025-08-17 00:03:12,646 - VALO360 - DEBUG - 自動保存已禁用，跳過配置保存
2025-08-17 00:03:12,647 - VALO360 - DEBUG - 自動保存已禁用，跳過配置保存
2025-08-17 00:03:12,647 - VALO360 - DEBUG - 自動保存已禁用，跳過配置保存
2025-08-17 00:03:12,647 - VALO360 - DEBUG - 自動保存已禁用，跳過配置保存
2025-08-17 00:03:12,647 - VALO360 - DEBUG - 自動保存已禁用，跳過配置保存
2025-08-17 00:03:12,648 - VALO360 - DEBUG - 自動保存已禁用，跳過配置保存
2025-08-17 00:03:12,648 - VALO360 - DEBUG - 自動保存已禁用，跳過配置保存
2025-08-17 00:03:12,648 - VALO360 - DEBUG - 自動保存已禁用，跳過配置保存
2025-08-17 00:03:12,649 - VALO360 - DEBUG - 自動保存已禁用，跳過配置保存
2025-08-17 00:03:12,649 - VALO360 - DEBUG - 自動保存已禁用，跳過配置保存
2025-08-17 00:03:12,649 - VALO360 - DEBUG - 自動保存已禁用，跳過配置保存
2025-08-17 00:03:12,649 - VALO360 - DEBUG - 自動保存已禁用，跳過配置保存
2025-08-17 00:03:12,650 - VALO360 - DEBUG - 自動保存已禁用，跳過配置保存
2025-08-17 00:03:12,650 - VALO360 - DEBUG - 自動保存已禁用，跳過配置保存
2025-08-17 00:03:12,650 - VALO360 - DEBUG - 自動保存已禁用，跳過配置保存
2025-08-17 00:03:12,650 - VALO360 - DEBUG - 自動保存已禁用，跳過配置保存
2025-08-17 00:03:12,651 - VALO360 - DEBUG - 自動保存已禁用，跳過配置保存
2025-08-17 00:03:12,651 - VALO360 - DEBUG - 自動保存已禁用，跳過配置保存
2025-08-17 00:03:12,651 - VALO360 - DEBUG - 自動保存已禁用，跳過配置保存
2025-08-17 00:03:12,652 - VALO360 - DEBUG - 自動保存已禁用，跳過配置保存
2025-08-17 00:03:12,703 - VALO360 - DEBUG - 自動保存已禁用，跳過配置保存
2025-08-17 00:03:12,704 - VALO360 - DEBUG - 自動保存已禁用，跳過配置保存
2025-08-17 00:03:12,704 - VALO360 - DEBUG - 自動保存已禁用，跳過配置保存
2025-08-17 00:03:12,704 - VALO360 - DEBUG - 自動保存已禁用，跳過配置保存
2025-08-17 00:03:12,705 - VALO360 - DEBUG - 自動保存已禁用，跳過配置保存
2025-08-17 00:03:12,705 - VALO360 - DEBUG - 自動保存已禁用，跳過配置保存
2025-08-17 00:03:12,705 - VALO360 - DEBUG - 自動保存已禁用，跳過配置保存
2025-08-17 00:03:12,705 - VALO360 - DEBUG - 自動保存已禁用，跳過配置保存
2025-08-17 00:03:12,706 - VALO360 - DEBUG - 自動保存已禁用，跳過配置保存
2025-08-17 00:03:12,706 - VALO360 - DEBUG - 自動保存已禁用，跳過配置保存
2025-08-17 00:03:12,707 - VALO360 - DEBUG - 自動保存已禁用，跳過配置保存
2025-08-17 00:03:12,707 - VALO360 - DEBUG - 自動保存已禁用，跳過配置保存
2025-08-17 00:03:12,709 - VALO360 - DEBUG - 自動保存已禁用，跳過配置保存
2025-08-17 00:03:12,709 - VALO360 - DEBUG - 自動保存已禁用，跳過配置保存
2025-08-17 00:03:12,710 - VALO360 - DEBUG - 自動保存已禁用，跳過配置保存
2025-08-17 00:03:12,710 - VALO360 - DEBUG - 自動保存已禁用，跳過配置保存
2025-08-17 00:03:12,711 - VALO360 - DEBUG - 自動保存已禁用，跳過配置保存
2025-08-17 00:03:12,711 - VALO360 - DEBUG - 自動保存已禁用，跳過配置保存
2025-08-17 00:03:12,711 - VALO360 - DEBUG - 自動保存已禁用，跳過配置保存
2025-08-17 00:03:12,712 - VALO360 - DEBUG - 自動保存已禁用，跳過配置保存
2025-08-17 00:03:12,712 - VALO360 - DEBUG - 自動保存已禁用，跳過配置保存
2025-08-17 00:03:12,713 - VALO360 - DEBUG - 自動保存已禁用，跳過配置保存
2025-08-17 00:03:12,713 - VALO360 - DEBUG - 自動保存已禁用，跳過配置保存
2025-08-17 00:03:12,713 - VALO360 - DEBUG - 自動保存已禁用，跳過配置保存
2025-08-17 00:03:12,714 - VALO360 - DEBUG - 自動保存已禁用，跳過配置保存
2025-08-17 00:03:12,714 - VALO360 - DEBUG - 自動保存已禁用，跳過配置保存
2025-08-17 00:03:12,714 - VALO360 - DEBUG - 自動保存已禁用，跳過配置保存
2025-08-17 00:03:12,715 - VALO360 - DEBUG - 自動保存已禁用，跳過配置保存
2025-08-17 00:03:12,715 - VALO360 - DEBUG - 自動保存已禁用，跳過配置保存
2025-08-17 00:03:12,716 - VALO360 - DEBUG - 自動保存已禁用，跳過配置保存
2025-08-17 00:03:12,716 - VALO360 - DEBUG - 自動保存已禁用，跳過配置保存
2025-08-17 00:03:12,716 - VALO360 - DEBUG - 自動保存已禁用，跳過配置保存
2025-08-17 00:03:12,717 - VALO360 - DEBUG - 自動保存已禁用，跳過配置保存
2025-08-17 00:03:12,717 - VALO360 - DEBUG - 自動保存已禁用，跳過配置保存
2025-08-17 00:03:12,718 - VALO360 - DEBUG - 自動保存已禁用，跳過配置保存
2025-08-17 00:03:12,718 - VALO360 - DEBUG - 自動保存已禁用，跳過配置保存
2025-08-17 00:03:12,719 - VALO360 - DEBUG - 自動保存已禁用，跳過配置保存
2025-08-17 00:03:12,719 - VALO360 - DEBUG - 自動保存已禁用，跳過配置保存
2025-08-17 00:03:12,719 - VALO360 - DEBUG - 自動保存已禁用，跳過配置保存
2025-08-17 00:03:12,719 - VALO360 - DEBUG - 自動保存已禁用，跳過配置保存
2025-08-17 00:03:12,720 - VALO360 - DEBUG - 自動保存已禁用，跳過配置保存
2025-08-17 00:03:12,721 - VALO360 - DEBUG - 自動保存已禁用，跳過配置保存
2025-08-17 00:03:12,721 - VALO360 - DEBUG - 自動保存已禁用，跳過配置保存
2025-08-17 00:03:12,721 - VALO360 - DEBUG - 自動保存已禁用，跳過配置保存
2025-08-17 00:03:12,721 - VALO360 - DEBUG - 自動保存已禁用，跳過配置保存
2025-08-17 00:03:12,722 - VALO360 - DEBUG - 自動保存已禁用，跳過配置保存
2025-08-17 00:03:12,722 - VALO360 - DEBUG - 自動保存已禁用，跳過配置保存
2025-08-17 00:03:12,722 - VALO360 - DEBUG - 自動保存已禁用，跳過配置保存
2025-08-17 00:03:12,722 - VALO360 - DEBUG - 自動保存已禁用，跳過配置保存
2025-08-17 00:03:12,723 - VALO360 - DEBUG - 自動保存已禁用，跳過配置保存
2025-08-17 00:03:12,723 - VALO360 - DEBUG - 自動保存已禁用，跳過配置保存
2025-08-17 00:03:12,723 - VALO360 - DEBUG - 自動保存已禁用，跳過配置保存
2025-08-17 00:03:12,724 - VALO360 - DEBUG - 自動保存已禁用，跳過配置保存
2025-08-17 00:03:12,724 - VALO360 - DEBUG - 自動保存已禁用，跳過配置保存
2025-08-17 00:03:12,724 - VALO360 - DEBUG - 自動保存已禁用，跳過配置保存
2025-08-17 00:03:12,724 - VALO360 - DEBUG - 自動保存已禁用，跳過配置保存
2025-08-17 00:03:12,726 - VALO360 - DEBUG - 自動保存已禁用，跳過配置保存
2025-08-17 00:03:12,726 - VALO360 - DEBUG - 自動保存已禁用，跳過配置保存
2025-08-17 00:03:12,726 - VALO360 - DEBUG - 自動保存已禁用，跳過配置保存
2025-08-17 00:03:12,726 - VALO360 - DEBUG - 自動保存已禁用，跳過配置保存
2025-08-17 00:03:12,727 - VALO360 - DEBUG - 自動保存已禁用，跳過配置保存
2025-08-17 00:03:12,727 - VALO360 - DEBUG - 自動保存已禁用，跳過配置保存
2025-08-17 00:03:12,727 - VALO360 - DEBUG - 自動保存已禁用，跳過配置保存
2025-08-17 00:03:12,727 - VALO360 - DEBUG - 自動保存已禁用，跳過配置保存
2025-08-17 00:03:12,728 - VALO360 - DEBUG - 自動保存已禁用，跳過配置保存
2025-08-17 00:03:12,728 - VALO360 - DEBUG - 自動保存已禁用，跳過配置保存
2025-08-17 00:03:12,729 - VALO360 - DEBUG - 自動保存已禁用，跳過配置保存
2025-08-17 00:03:12,729 - VALO360 - DEBUG - 自動保存已禁用，跳過配置保存
2025-08-17 00:03:12,730 - VALO360 - DEBUG - 自動保存已禁用，跳過配置保存
2025-08-17 00:03:12,730 - VALO360 - DEBUG - 自動保存已禁用，跳過配置保存
2025-08-17 00:03:12,730 - VALO360 - DEBUG - 自動保存已禁用，跳過配置保存
2025-08-17 00:03:12,730 - VALO360 - DEBUG - 自動保存已禁用，跳過配置保存
2025-08-17 00:03:12,731 - VALO360 - DEBUG - 自動保存已禁用，跳過配置保存
2025-08-17 00:03:12,732 - VALO360 - DEBUG - 自動保存已禁用，跳過配置保存
2025-08-17 00:03:12,732 - VALO360 - DEBUG - 自動保存已禁用，跳過配置保存
2025-08-17 00:03:12,732 - VALO360 - DEBUG - 自動保存已禁用，跳過配置保存
2025-08-17 00:03:12,733 - VALO360 - DEBUG - 自動保存已禁用，跳過配置保存
2025-08-17 00:03:12,733 - VALO360 - DEBUG - 自動保存已禁用，跳過配置保存
2025-08-17 00:03:12,733 - VALO360 - DEBUG - 自動保存已禁用，跳過配置保存
2025-08-17 00:03:12,734 - VALO360 - DEBUG - 自動保存已禁用，跳過配置保存
2025-08-17 00:03:12,735 - VALO360 - DEBUG - 自動保存已禁用，跳過配置保存
2025-08-17 00:03:12,735 - VALO360 - DEBUG - 自動保存已禁用，跳過配置保存
2025-08-17 00:03:12,736 - VALO360 - DEBUG - 自動保存已禁用，跳過配置保存
2025-08-17 00:03:12,736 - VALO360 - DEBUG - 自動保存已禁用，跳過配置保存
2025-08-17 00:03:12,736 - VALO360 - DEBUG - 自動保存已禁用，跳過配置保存
2025-08-17 00:03:12,737 - VALO360 - DEBUG - 自動保存已禁用，跳過配置保存
2025-08-17 00:03:12,737 - VALO360 - DEBUG - 自動保存已禁用，跳過配置保存
2025-08-17 00:03:12,737 - VALO360 - DEBUG - 自動保存已禁用，跳過配置保存
2025-08-17 00:03:12,738 - VALO360 - DEBUG - 自動保存已禁用，跳過配置保存
2025-08-17 00:03:12,738 - VALO360 - DEBUG - 自動保存已禁用，跳過配置保存
2025-08-17 00:03:12,738 - VALO360 - DEBUG - 自動保存已禁用，跳過配置保存
2025-08-17 00:03:12,738 - VALO360 - DEBUG - 自動保存已禁用，跳過配置保存
2025-08-17 00:03:12,739 - VALO360 - DEBUG - 自動保存已禁用，跳過配置保存
2025-08-17 00:03:12,739 - VALO360 - DEBUG - 自動保存已禁用，跳過配置保存
2025-08-17 00:03:12,739 - VALO360 - DEBUG - 自動保存已禁用，跳過配置保存
2025-08-17 00:03:12,739 - VALO360 - DEBUG - 自動保存已禁用，跳過配置保存
2025-08-17 00:03:12,740 - VALO360 - DEBUG - 自動保存已禁用，跳過配置保存
2025-08-17 00:03:12,740 - VALO360 - DEBUG - 自動保存已禁用，跳過配置保存
2025-08-17 00:03:12,740 - VALO360 - DEBUG - 自動保存已禁用，跳過配置保存
2025-08-17 00:03:12,740 - VALO360 - DEBUG - 自動保存已禁用，跳過配置保存
2025-08-17 00:03:12,741 - VALO360 - DEBUG - 自動保存已禁用，跳過配置保存
2025-08-17 00:03:12,741 - VALO360 - DEBUG - 自動保存已禁用，跳過配置保存
2025-08-17 00:03:12,741 - VALO360 - DEBUG - 自動保存已禁用，跳過配置保存
2025-08-17 00:03:12,742 - VALO360 - DEBUG - 自動保存已禁用，跳過配置保存
2025-08-17 00:03:12,742 - VALO360 - DEBUG - 自動保存已禁用，跳過配置保存
2025-08-17 00:03:12,742 - VALO360 - DEBUG - 自動保存已禁用，跳過配置保存
2025-08-17 00:03:12,742 - VALO360 - DEBUG - 自動保存已禁用，跳過配置保存
2025-08-17 00:03:12,743 - VALO360 - DEBUG - 自動保存已禁用，跳過配置保存
2025-08-17 00:03:12,743 - VALO360 - DEBUG - 自動保存已禁用，跳過配置保存
2025-08-17 00:03:12,743 - VALO360 - DEBUG - 自動保存已禁用，跳過配置保存
2025-08-17 00:03:12,743 - VALO360 - DEBUG - 自動保存已禁用，跳過配置保存
2025-08-17 00:03:12,743 - VALO360 - DEBUG - 自動保存已禁用，跳過配置保存
2025-08-17 00:03:12,744 - VALO360 - DEBUG - 自動保存已禁用，跳過配置保存
2025-08-17 00:03:12,744 - VALO360 - DEBUG - 自動保存已禁用，跳過配置保存
2025-08-17 00:03:12,744 - VALO360 - DEBUG - 自動保存已禁用，跳過配置保存
2025-08-17 00:03:12,744 - VALO360 - DEBUG - 自動保存已禁用，跳過配置保存
2025-08-17 00:03:12,745 - VALO360 - DEBUG - 自動保存已禁用，跳過配置保存
2025-08-17 00:03:12,745 - VALO360 - DEBUG - 自動保存已禁用，跳過配置保存
2025-08-17 00:03:12,745 - VALO360 - DEBUG - 自動保存已禁用，跳過配置保存
2025-08-17 00:03:12,745 - VALO360 - DEBUG - 自動保存已禁用，跳過配置保存
2025-08-17 00:03:12,746 - VALO360 - DEBUG - 自動保存已禁用，跳過配置保存
2025-08-17 00:03:12,746 - VALO360 - DEBUG - 自動保存已禁用，跳過配置保存
2025-08-17 00:03:12,746 - VALO360 - DEBUG - 自動保存已禁用，跳過配置保存
2025-08-17 00:03:12,746 - VALO360 - DEBUG - 自動保存已禁用，跳過配置保存
2025-08-17 00:03:12,747 - VALO360 - DEBUG - 自動保存已禁用，跳過配置保存
2025-08-17 00:03:12,747 - VALO360 - DEBUG - 自動保存已禁用，跳過配置保存
2025-08-17 00:03:12,747 - VALO360 - DEBUG - 自動保存已禁用，跳過配置保存
2025-08-17 00:03:12,747 - VALO360 - DEBUG - 自動保存已禁用，跳過配置保存
2025-08-17 00:03:12,748 - VALO360 - DEBUG - 自動保存已禁用，跳過配置保存
2025-08-17 00:03:12,748 - VALO360 - DEBUG - 自動保存已禁用，跳過配置保存
2025-08-17 00:03:12,748 - VALO360 - DEBUG - 自動保存已禁用，跳過配置保存
2025-08-17 00:03:12,748 - VALO360 - DEBUG - 自動保存已禁用，跳過配置保存
2025-08-17 00:03:12,749 - VALO360 - DEBUG - 自動保存已禁用，跳過配置保存
2025-08-17 00:03:12,749 - VALO360 - DEBUG - 自動保存已禁用，跳過配置保存
2025-08-17 00:03:12,749 - VALO360 - DEBUG - 自動保存已禁用，跳過配置保存
2025-08-17 00:03:12,749 - VALO360 - DEBUG - 自動保存已禁用，跳過配置保存
2025-08-17 00:03:12,750 - VALO360 - DEBUG - 自動保存已禁用，跳過配置保存
2025-08-17 00:03:12,750 - VALO360 - DEBUG - 自動保存已禁用，跳過配置保存
2025-08-17 00:03:12,750 - VALO360 - DEBUG - 自動保存已禁用，跳過配置保存
2025-08-17 00:03:12,750 - VALO360 - DEBUG - 自動保存已禁用，跳過配置保存
2025-08-17 00:03:12,751 - VALO360 - DEBUG - 自動保存已禁用，跳過配置保存
2025-08-17 00:03:12,751 - VALO360 - DEBUG - 自動保存已禁用，跳過配置保存
2025-08-17 00:03:12,752 - VALO360 - DEBUG - 自動保存已禁用，跳過配置保存
2025-08-17 00:03:12,752 - VALO360 - DEBUG - 自動保存已禁用，跳過配置保存
2025-08-17 00:03:12,752 - VALO360 - DEBUG - 自動保存已禁用，跳過配置保存
2025-08-17 00:03:12,752 - VALO360 - DEBUG - 自動保存已禁用，跳過配置保存
2025-08-17 00:03:12,753 - VALO360 - DEBUG - 自動保存已禁用，跳過配置保存
2025-08-17 00:03:12,753 - VALO360 - DEBUG - 自動保存已禁用，跳過配置保存
2025-08-17 00:03:12,753 - VALO360 - DEBUG - 自動保存已禁用，跳過配置保存
2025-08-17 00:03:12,753 - VALO360 - DEBUG - 自動保存已禁用，跳過配置保存
2025-08-17 00:03:12,754 - VALO360 - DEBUG - 自動保存已禁用，跳過配置保存
2025-08-17 00:03:12,754 - VALO360 - DEBUG - 自動保存已禁用，跳過配置保存
2025-08-17 00:03:12,754 - VALO360 - DEBUG - 自動保存已禁用，跳過配置保存
2025-08-17 00:03:12,754 - VALO360 - DEBUG - 自動保存已禁用，跳過配置保存
2025-08-17 00:03:12,754 - VALO360 - DEBUG - 自動保存已禁用，跳過配置保存
2025-08-17 00:03:12,755 - VALO360 - DEBUG - 自動保存已禁用，跳過配置保存
2025-08-17 00:03:12,755 - VALO360 - DEBUG - 自動保存已禁用，跳過配置保存
2025-08-17 00:03:12,755 - VALO360 - DEBUG - 自動保存已禁用，跳過配置保存
2025-08-17 00:03:12,755 - VALO360 - DEBUG - 自動保存已禁用，跳過配置保存
2025-08-17 00:03:12,756 - VALO360 - DEBUG - 自動保存已禁用，跳過配置保存
2025-08-17 00:03:12,756 - VALO360 - DEBUG - 自動保存已禁用，跳過配置保存
2025-08-17 00:03:12,756 - VALO360 - DEBUG - 自動保存已禁用，跳過配置保存
2025-08-17 00:03:12,756 - VALO360 - DEBUG - 自動保存已禁用，跳過配置保存
2025-08-17 00:03:12,757 - VALO360 - DEBUG - 自動保存已禁用，跳過配置保存
2025-08-17 00:03:12,757 - VALO360 - DEBUG - 自動保存已禁用，跳過配置保存
2025-08-17 00:03:12,757 - VALO360 - DEBUG - 自動保存已禁用，跳過配置保存
2025-08-17 00:03:12,757 - VALO360 - DEBUG - 自動保存已禁用，跳過配置保存
2025-08-17 00:03:12,757 - VALO360 - DEBUG - 自動保存已禁用，跳過配置保存
2025-08-17 00:03:12,758 - VALO360 - DEBUG - 自動保存已禁用，跳過配置保存
2025-08-17 00:03:12,758 - VALO360 - DEBUG - 自動保存已禁用，跳過配置保存
2025-08-17 00:03:12,758 - VALO360 - DEBUG - 自動保存已禁用，跳過配置保存
2025-08-17 00:03:12,758 - VALO360 - DEBUG - 自動保存已禁用，跳過配置保存
2025-08-17 00:03:12,759 - VALO360 - DEBUG - 自動保存已禁用，跳過配置保存
2025-08-17 00:03:12,759 - VALO360 - DEBUG - 自動保存已禁用，跳過配置保存
2025-08-17 00:03:12,759 - VALO360 - DEBUG - 自動保存已禁用，跳過配置保存
2025-08-17 00:03:12,759 - VALO360 - DEBUG - 自動保存已禁用，跳過配置保存
2025-08-17 00:03:12,760 - VALO360 - DEBUG - 自動保存已禁用，跳過配置保存
2025-08-17 00:03:12,760 - VALO360 - DEBUG - 自動保存已禁用，跳過配置保存
2025-08-17 00:03:12,760 - VALO360 - DEBUG - 自動保存已禁用，跳過配置保存
2025-08-17 00:03:12,760 - VALO360 - DEBUG - 自動保存已禁用，跳過配置保存
2025-08-17 00:03:12,760 - VALO360 - DEBUG - 自動保存已禁用，跳過配置保存
2025-08-17 00:03:12,761 - VALO360 - DEBUG - 自動保存已禁用，跳過配置保存
2025-08-17 00:03:12,761 - VALO360 - DEBUG - 自動保存已禁用，跳過配置保存
2025-08-17 00:03:12,761 - VALO360 - DEBUG - 自動保存已禁用，跳過配置保存
2025-08-17 00:03:12,761 - VALO360 - DEBUG - 自動保存已禁用，跳過配置保存
2025-08-17 00:03:12,762 - VALO360 - DEBUG - 自動保存已禁用，跳過配置保存
2025-08-17 00:03:12,762 - VALO360 - DEBUG - 自動保存已禁用，跳過配置保存
2025-08-17 00:03:12,762 - VALO360 - DEBUG - 自動保存已禁用，跳過配置保存
2025-08-17 00:03:12,762 - VALO360 - DEBUG - 自動保存已禁用，跳過配置保存
2025-08-17 00:03:12,762 - VALO360 - DEBUG - 自動保存已禁用，跳過配置保存
2025-08-17 00:03:12,763 - VALO360 - DEBUG - 自動保存已禁用，跳過配置保存
2025-08-17 00:03:12,763 - VALO360 - DEBUG - 自動保存已禁用，跳過配置保存
2025-08-17 00:03:12,772 - VALO360 - DEBUG - 自動保存已禁用，跳過配置保存
2025-08-17 00:03:12,772 - VALO360 - DEBUG - 自動保存已禁用，跳過配置保存
2025-08-17 00:03:12,773 - VALO360 - DEBUG - 自動保存已禁用，跳過配置保存
2025-08-17 00:03:12,773 - VALO360 - DEBUG - 自動保存已禁用，跳過配置保存
2025-08-17 00:03:12,773 - VALO360 - DEBUG - 自動保存已禁用，跳過配置保存
2025-08-17 00:03:12,774 - VALO360 - DEBUG - 自動保存已禁用，跳過配置保存
2025-08-17 00:03:12,774 - VALO360 - DEBUG - 自動保存已禁用，跳過配置保存
2025-08-17 00:03:12,774 - VALO360 - DEBUG - 自動保存已禁用，跳過配置保存
2025-08-17 00:03:12,775 - VALO360 - DEBUG - 自動保存已禁用，跳過配置保存
2025-08-17 00:03:12,775 - VALO360 - DEBUG - 自動保存已禁用，跳過配置保存
2025-08-17 00:03:12,775 - VALO360 - DEBUG - 自動保存已禁用，跳過配置保存
2025-08-17 00:03:12,775 - VALO360 - DEBUG - 自動保存已禁用，跳過配置保存
2025-08-17 00:03:12,776 - VALO360 - DEBUG - 自動保存已禁用，跳過配置保存
2025-08-17 00:03:12,777 - VALO360 - DEBUG - 自動保存已禁用，跳過配置保存
2025-08-17 00:03:12,777 - VALO360 - DEBUG - 自動保存已禁用，跳過配置保存
2025-08-17 00:03:12,777 - VALO360 - DEBUG - 自動保存已禁用，跳過配置保存
2025-08-17 00:03:12,778 - VALO360 - DEBUG - 自動保存已禁用，跳過配置保存
2025-08-17 00:03:12,778 - VALO360 - DEBUG - 自動保存已禁用，跳過配置保存
2025-08-17 00:03:12,778 - VALO360 - DEBUG - 自動保存已禁用，跳過配置保存
2025-08-17 00:03:12,778 - VALO360 - DEBUG - 自動保存已禁用，跳過配置保存
2025-08-17 00:03:12,780 - VALO360 - DEBUG - 自動保存已禁用，跳過配置保存
2025-08-17 00:03:12,780 - VALO360 - DEBUG - 自動保存已禁用，跳過配置保存
2025-08-17 00:03:12,780 - VALO360 - DEBUG - 自動保存已禁用，跳過配置保存
2025-08-17 00:03:12,780 - VALO360 - DEBUG - 自動保存已禁用，跳過配置保存
2025-08-17 00:03:12,781 - VALO360 - DEBUG - 自動保存已禁用，跳過配置保存
2025-08-17 00:03:12,781 - VALO360 - DEBUG - 自動保存已禁用，跳過配置保存
2025-08-17 00:03:12,781 - VALO360 - DEBUG - 自動保存已禁用，跳過配置保存
2025-08-17 00:03:12,781 - VALO360 - DEBUG - 自動保存已禁用，跳過配置保存
2025-08-17 00:03:12,782 - VALO360 - DEBUG - 自動保存已禁用，跳過配置保存
2025-08-17 00:03:12,782 - VALO360 - DEBUG - 自動保存已禁用，跳過配置保存
2025-08-17 00:03:12,783 - VALO360 - DEBUG - 自動保存已禁用，跳過配置保存
2025-08-17 00:03:12,783 - VALO360 - DEBUG - 自動保存已禁用，跳過配置保存
2025-08-17 00:03:12,784 - VALO360 - DEBUG - 自動保存已禁用，跳過配置保存
2025-08-17 00:03:12,784 - VALO360 - DEBUG - 自動保存已禁用，跳過配置保存
2025-08-17 00:03:12,784 - VALO360 - DEBUG - 自動保存已禁用，跳過配置保存
2025-08-17 00:03:12,784 - VALO360 - DEBUG - 自動保存已禁用，跳過配置保存
2025-08-17 00:03:12,785 - VALO360 - DEBUG - 自動保存已禁用，跳過配置保存
2025-08-17 00:03:12,785 - VALO360 - DEBUG - 自動保存已禁用，跳過配置保存
2025-08-17 00:03:12,785 - VALO360 - DEBUG - 自動保存已禁用，跳過配置保存
2025-08-17 00:03:12,785 - VALO360 - DEBUG - 自動保存已禁用，跳過配置保存
2025-08-17 00:03:12,786 - VALO360 - DEBUG - 自動保存已禁用，跳過配置保存
2025-08-17 00:03:12,786 - VALO360 - DEBUG - 自動保存已禁用，跳過配置保存
2025-08-17 00:03:12,786 - VALO360 - DEBUG - 自動保存已禁用，跳過配置保存
2025-08-17 00:03:12,786 - VALO360 - DEBUG - 自動保存已禁用，跳過配置保存
2025-08-17 00:03:12,787 - VALO360 - DEBUG - 自動保存已禁用，跳過配置保存
2025-08-17 00:03:12,787 - VALO360 - DEBUG - 自動保存已禁用，跳過配置保存
2025-08-17 00:03:12,787 - VALO360 - DEBUG - 自動保存已禁用，跳過配置保存
2025-08-17 00:03:12,787 - VALO360 - DEBUG - 自動保存已禁用，跳過配置保存
2025-08-17 00:03:12,788 - VALO360 - DEBUG - 自動保存已禁用，跳過配置保存
2025-08-17 00:03:12,788 - VALO360 - DEBUG - 自動保存已禁用，跳過配置保存
2025-08-17 00:03:12,788 - VALO360 - DEBUG - 自動保存已禁用，跳過配置保存
2025-08-17 00:03:12,788 - VALO360 - DEBUG - 自動保存已禁用，跳過配置保存
2025-08-17 00:03:12,789 - VALO360 - DEBUG - 自動保存已禁用，跳過配置保存
2025-08-17 00:03:12,789 - VALO360 - DEBUG - 自動保存已禁用，跳過配置保存
2025-08-17 00:03:12,789 - VALO360 - DEBUG - 自動保存已禁用，跳過配置保存
2025-08-17 00:03:12,789 - VALO360 - DEBUG - 自動保存已禁用，跳過配置保存
2025-08-17 00:03:12,790 - VALO360 - DEBUG - 自動保存已禁用，跳過配置保存
2025-08-17 00:03:12,790 - VALO360 - DEBUG - 自動保存已禁用，跳過配置保存
2025-08-17 00:03:12,790 - VALO360 - DEBUG - 自動保存已禁用，跳過配置保存
2025-08-17 00:03:12,790 - VALO360 - DEBUG - 自動保存已禁用，跳過配置保存
2025-08-17 00:03:12,791 - VALO360 - DEBUG - 自動保存已禁用，跳過配置保存
2025-08-17 00:03:12,791 - VALO360 - DEBUG - 自動保存已禁用，跳過配置保存
2025-08-17 00:03:12,791 - VALO360 - DEBUG - 自動保存已禁用，跳過配置保存
2025-08-17 00:03:12,791 - VALO360 - DEBUG - 自動保存已禁用，跳過配置保存
2025-08-17 00:03:12,795 - VALO360 - DEBUG - 自動保存已禁用，跳過配置保存
2025-08-17 00:03:12,796 - VALO360 - DEBUG - 自動保存已禁用，跳過配置保存
2025-08-17 00:03:12,796 - VALO360 - DEBUG - 自動保存已禁用，跳過配置保存
2025-08-17 00:03:12,796 - VALO360 - DEBUG - 自動保存已禁用，跳過配置保存
2025-08-17 00:03:12,797 - VALO360 - DEBUG - 自動保存已禁用，跳過配置保存
2025-08-17 00:03:12,797 - VALO360 - DEBUG - 自動保存已禁用，跳過配置保存
2025-08-17 00:03:12,797 - VALO360 - DEBUG - 自動保存已禁用，跳過配置保存
2025-08-17 00:03:12,797 - VALO360 - DEBUG - 自動保存已禁用，跳過配置保存
2025-08-17 00:03:12,808 - VALO360 - DEBUG - 自動保存已禁用，跳過配置保存
2025-08-17 00:03:12,809 - VALO360 - DEBUG - 自動保存已禁用，跳過配置保存
2025-08-17 00:03:12,809 - VALO360 - DEBUG - 自動保存已禁用，跳過配置保存
2025-08-17 00:03:12,809 - VALO360 - DEBUG - 自動保存已禁用，跳過配置保存
2025-08-17 00:03:12,910 - VALO360 - DEBUG - 自動保存已禁用，跳過配置保存
2025-08-17 00:03:12,910 - VALO360 - DEBUG - 自動保存已禁用，跳過配置保存
2025-08-17 00:03:12,910 - VALO360 - DEBUG - 自動保存已禁用，跳過配置保存
2025-08-17 00:03:12,910 - VALO360 - DEBUG - 自動保存已禁用，跳過配置保存
2025-08-17 00:03:12,911 - VALO360 - DEBUG - 自動保存已禁用，跳過配置保存
2025-08-17 00:03:12,911 - VALO360 - DEBUG - 自動保存已禁用，跳過配置保存
2025-08-17 00:03:12,911 - VALO360 - DEBUG - 自動保存已禁用，跳過配置保存
2025-08-17 00:03:12,912 - VALO360 - DEBUG - 自動保存已禁用，跳過配置保存
2025-08-17 00:03:12,912 - VALO360 - DEBUG - 自動保存已禁用，跳過配置保存
2025-08-17 00:03:12,912 - VALO360 - DEBUG - 自動保存已禁用，跳過配置保存
2025-08-17 00:03:12,912 - VALO360 - DEBUG - 自動保存已禁用，跳過配置保存
2025-08-17 00:03:12,912 - VALO360 - DEBUG - 自動保存已禁用，跳過配置保存
2025-08-17 00:03:12,913 - VALO360 - DEBUG - 自動保存已禁用，跳過配置保存
2025-08-17 00:03:12,913 - VALO360 - DEBUG - 自動保存已禁用，跳過配置保存
2025-08-17 00:03:12,913 - VALO360 - DEBUG - 自動保存已禁用，跳過配置保存
2025-08-17 00:03:12,913 - VALO360 - DEBUG - 自動保存已禁用，跳過配置保存
2025-08-17 00:03:12,914 - VALO360 - DEBUG - 自動保存已禁用，跳過配置保存
2025-08-17 00:03:12,914 - VALO360 - DEBUG - 自動保存已禁用，跳過配置保存
2025-08-17 00:03:12,914 - VALO360 - DEBUG - 自動保存已禁用，跳過配置保存
2025-08-17 00:03:12,914 - VALO360 - DEBUG - 自動保存已禁用，跳過配置保存
2025-08-17 00:03:12,915 - VALO360 - DEBUG - 自動保存已禁用，跳過配置保存
2025-08-17 00:03:12,915 - VALO360 - DEBUG - 自動保存已禁用，跳過配置保存
2025-08-17 00:03:12,915 - VALO360 - DEBUG - 自動保存已禁用，跳過配置保存
2025-08-17 00:03:12,915 - VALO360 - DEBUG - 自動保存已禁用，跳過配置保存
2025-08-17 00:03:12,916 - VALO360 - DEBUG - 自動保存已禁用，跳過配置保存
2025-08-17 00:03:12,916 - VALO360 - DEBUG - 自動保存已禁用，跳過配置保存
2025-08-17 00:03:12,916 - VALO360 - DEBUG - 自動保存已禁用，跳過配置保存
2025-08-17 00:03:12,916 - VALO360 - DEBUG - 自動保存已禁用，跳過配置保存
2025-08-17 00:03:12,917 - VALO360 - DEBUG - 自動保存已禁用，跳過配置保存
2025-08-17 00:03:12,917 - VALO360 - DEBUG - 自動保存已禁用，跳過配置保存
2025-08-17 00:03:12,917 - VALO360 - DEBUG - 自動保存已禁用，跳過配置保存
2025-08-17 00:03:12,918 - VALO360 - DEBUG - 自動保存已禁用，跳過配置保存
2025-08-17 00:03:12,918 - VALO360 - DEBUG - 自動保存已禁用，跳過配置保存
2025-08-17 00:03:12,918 - VALO360 - DEBUG - 自動保存已禁用，跳過配置保存
2025-08-17 00:03:12,918 - VALO360 - DEBUG - 自動保存已禁用，跳過配置保存
2025-08-17 00:03:12,919 - VALO360 - DEBUG - 自動保存已禁用，跳過配置保存
2025-08-17 00:03:12,920 - VALO360 - DEBUG - 自動保存已禁用，跳過配置保存
2025-08-17 00:03:12,920 - VALO360 - DEBUG - 自動保存已禁用，跳過配置保存
2025-08-17 00:03:12,920 - VALO360 - DEBUG - 自動保存已禁用，跳過配置保存
2025-08-17 00:03:12,920 - VALO360 - DEBUG - 自動保存已禁用，跳過配置保存
2025-08-17 00:03:12,923 - VALO360 - DEBUG - 自動保存已禁用，跳過配置保存
2025-08-17 00:03:12,923 - VALO360 - DEBUG - 自動保存已禁用，跳過配置保存
2025-08-17 00:03:12,923 - VALO360 - DEBUG - 自動保存已禁用，跳過配置保存
2025-08-17 00:03:12,923 - VALO360 - DEBUG - 自動保存已禁用，跳過配置保存
2025-08-17 00:03:19,062 - VALO360 - DEBUG - 配置已備份至: backup\setup_backup_20250817_000319.json
2025-08-17 00:03:19,064 - VALO360 - DEBUG - 已刪除舊備份: backup\setup_backup_20250816_232147.json
2025-08-17 00:03:19,067 - VALO360 - DEBUG - 配置保存成功
2025-08-17 00:03:19,070 - VALO360 - DEBUG - 配置已備份至: backup\setup_backup_20250817_000319.json
2025-08-17 00:03:19,073 - VALO360 - DEBUG - 配置保存成功
2025-08-17 00:03:19,075 - VALO360 - DEBUG - 自動保存已禁用，跳過配置保存
2025-08-17 00:03:19,075 - VALO360 - INFO - 程式關閉時已保存所有待保存的設定
2025-08-17 00:03:19,075 - VALO360 - INFO - 程式正常關閉
2025-08-17 00:03:19,155 - VALO360 - INFO - 資源清理完成
2025-08-17 00:03:19,155 - VALO360 - INFO - 應用程式資源清理完成
2025-08-17 00:22:38,239 - VALO360 - DEBUG - 找到指令檔: M:\PYTHON\360-command-toola_HOME\Command_TABLE\command.txt
2025-08-17 00:22:38,274 - VALO360 - INFO - 成功載入 94 個指令
2025-08-17 08:48:37,529 - VALO360 - DEBUG - 找到指令檔: M:\PYTHON\360-command-toola_HOME\Command_TABLE\command.txt
2025-08-17 08:48:37,666 - VALO360 - INFO - 成功載入 94 個指令
2025-08-17 08:50:32,151 - VALO360 - DEBUG - 找到指令檔: M:\PYTHON\360-command-toola_HOME\Command_TABLE\command.txt
2025-08-17 08:50:32,180 - VALO360 - INFO - 成功載入 94 個指令
2025-08-17 08:52:12,303 - VALO360 - DEBUG - 找到指令檔: M:\PYTHON\360-command-toola_HOME\Command_TABLE\command.txt
2025-08-17 08:52:12,332 - VALO360 - INFO - 成功載入 94 個指令
2025-08-17 08:52:31,189 - VALO360 - DEBUG - 找到指令檔: M:\PYTHON\360-command-toola_HOME\Command_TABLE\command.txt
2025-08-17 08:52:31,217 - VALO360 - INFO - 成功載入 94 個指令
2025-08-17 08:53:44,990 - VALO360 - DEBUG - 找到指令檔: M:\PYTHON\360-command-toola_HOME\Command_TABLE\command.txt
2025-08-17 08:53:45,017 - VALO360 - INFO - 成功載入 94 個指令
2025-08-17 09:32:38,358 - VALO360 - DEBUG - 找到指令檔: M:\PYTHON\360-command-toola_HOME\Command_TABLE\command.txt
2025-08-17 09:32:38,385 - VALO360 - INFO - 成功載入 94 個指令
2025-08-17 09:34:19,298 - VALO360 - DEBUG - 找到指令檔: M:\PYTHON\360-command-toola_HOME\Command_TABLE\command.txt
2025-08-17 09:34:19,327 - VALO360 - INFO - 成功載入 94 個指令
2025-08-17 09:34:33,028 - VALO360 - DEBUG - 找到指令檔: M:\PYTHON\360-command-toola_HOME\Command_TABLE\command.txt
2025-08-17 09:34:33,055 - VALO360 - INFO - 成功載入 94 個指令
2025-08-17 09:36:02,164 - VALO360 - DEBUG - 找到指令檔: M:\PYTHON\360-command-toola_HOME\Command_TABLE\command.txt
2025-08-17 09:36:02,192 - VALO360 - INFO - 成功載入 94 個指令
2025-08-17 09:40:29,303 - VALO360 - DEBUG - 找到指令檔: M:\PYTHON\360-command-toola_HOME\Command_TABLE\command.txt
2025-08-17 09:40:29,332 - VALO360 - INFO - 成功載入 94 個指令
2025-08-17 09:44:20,050 - VALO360 - DEBUG - 找到指令檔: M:\PYTHON\360-command-toola_HOME\Command_TABLE\command.txt
2025-08-17 09:44:20,082 - VALO360 - INFO - 成功載入 94 個指令
2025-08-17 09:45:59,241 - VALO360 - DEBUG - 找到指令檔: M:\PYTHON\360-command-toola_HOME\Command_TABLE\command.txt
2025-08-17 09:45:59,277 - VALO360 - INFO - 成功載入 94 個指令
2025-08-17 11:54:44,107 - VALO360 - DEBUG - 找到指令檔: M:\PYTHON\360-command-toola_HOME\Command_TABLE\command.txt
2025-08-17 11:54:44,135 - VALO360 - INFO - 成功載入 94 個指令
2025-08-17 11:54:44,161 - VALO360 - INFO - 運行日誌: main.py 啟動
2025-08-17 11:54:44,161 - VALO360 - INFO - 指令通主程式啟動
2025-08-17 11:54:44,164 - VALO360 - INFO - 運行日誌: 成功 import TabManager
2025-08-17 11:54:44,164 - VALO360 - INFO - UI模組導入成功
2025-08-17 11:54:44,166 - VALO360 - INFO - 日誌系統初始化完成
2025-08-17 11:54:44,166 - VALO360 - DEBUG - ConfigManager: 自動保存已禁用
2025-08-17 11:54:44,166 - VALO360 - INFO - ConfigManager自動保存已禁用
2025-08-17 11:54:44,166 - VALO360 - INFO - 未找到關鍵字高亮設定文件，使用空設定
2025-08-17 11:54:44,546 - VALO360 - DEBUG - 配置已備份至: backup\setup_backup_20250817_115444.json
2025-08-17 11:54:44,549 - VALO360 - DEBUG - 已刪除舊備份: backup\setup_backup_20250816_232800.json
2025-08-17 11:54:44,549 - VALO360 - DEBUG - 配置載入成功
2025-08-17 11:54:44,549 - VALO360 - INFO - 統一設定管理器已初始化
2025-08-17 11:54:44,599 - VALO360 - DEBUG - 找到 3 個COM口: ['COM1', 'COM3', 'COM4']
2025-08-17 11:54:45,350 - VALO360 - DEBUG - 找到 3 個COM口: ['COM1', 'COM3', 'COM4']
2025-08-17 11:54:45,884 - VALO360 - INFO - 應用程式圖示設置成功: M:\PYTHON\360-command-toola_HOME\assets\icon.ico
2025-08-17 11:54:45,884 - VALO360 - INFO - 視窗設置完成: PEGA指令通_1.9.4 (1522x749)
2025-08-17 11:54:45,884 - VALO360 - INFO - 程式啟動時更新標籤頁名稱
2025-08-17 11:54:45,885 - VALO360 - INFO - 應用程式啟動完成，進入主循環
2025-08-17 11:54:45,892 - VALO360 - DEBUG - 找到 3 個COM口: ['COM1', 'COM3', 'COM4']
2025-08-17 11:54:45,894 - VALO360 - DEBUG - 自動保存已禁用，跳過配置保存
2025-08-17 11:54:45,894 - VALO360 - DEBUG - 自動保存已禁用，跳過配置保存
2025-08-17 11:54:45,894 - VALO360 - DEBUG - 自動保存已禁用，跳過配置保存
2025-08-17 11:54:45,895 - VALO360 - DEBUG - 自動保存已禁用，跳過配置保存
2025-08-17 11:54:45,934 - VALO360 - DEBUG - 自動保存已禁用，跳過配置保存
2025-08-17 11:54:45,934 - VALO360 - DEBUG - 自動保存已禁用，跳過配置保存
2025-08-17 11:54:45,935 - VALO360 - DEBUG - 自動保存已禁用，跳過配置保存
2025-08-17 11:54:45,935 - VALO360 - DEBUG - 自動保存已禁用，跳過配置保存
2025-08-17 11:54:45,942 - VALO360 - DEBUG - 自動保存已禁用，跳過配置保存
2025-08-17 11:54:45,942 - VALO360 - DEBUG - 自動保存已禁用，跳過配置保存
2025-08-17 11:54:45,942 - VALO360 - DEBUG - 自動保存已禁用，跳過配置保存
2025-08-17 11:54:45,943 - VALO360 - DEBUG - 自動保存已禁用，跳過配置保存
2025-08-17 11:54:45,943 - VALO360 - DEBUG - 自動保存已禁用，跳過配置保存
2025-08-17 11:54:45,943 - VALO360 - DEBUG - 自動保存已禁用，跳過配置保存
2025-08-17 11:54:45,944 - VALO360 - DEBUG - 自動保存已禁用，跳過配置保存
2025-08-17 11:54:45,944 - VALO360 - DEBUG - 自動保存已禁用，跳過配置保存
2025-08-17 11:54:45,944 - VALO360 - DEBUG - 自動保存已禁用，跳過配置保存
2025-08-17 11:54:45,945 - VALO360 - DEBUG - 自動保存已禁用，跳過配置保存
2025-08-17 11:54:45,945 - VALO360 - DEBUG - 自動保存已禁用，跳過配置保存
2025-08-17 11:54:45,945 - VALO360 - DEBUG - 自動保存已禁用，跳過配置保存
2025-08-17 11:54:45,946 - VALO360 - DEBUG - 自動保存已禁用，跳過配置保存
2025-08-17 11:54:45,946 - VALO360 - DEBUG - 自動保存已禁用，跳過配置保存
2025-08-17 11:54:45,946 - VALO360 - DEBUG - 自動保存已禁用，跳過配置保存
2025-08-17 11:54:45,946 - VALO360 - DEBUG - 自動保存已禁用，跳過配置保存
2025-08-17 11:54:45,947 - VALO360 - DEBUG - 自動保存已禁用，跳過配置保存
2025-08-17 11:54:45,947 - VALO360 - DEBUG - 自動保存已禁用，跳過配置保存
2025-08-17 11:54:45,947 - VALO360 - DEBUG - 自動保存已禁用，跳過配置保存
2025-08-17 11:54:45,947 - VALO360 - DEBUG - 自動保存已禁用，跳過配置保存
2025-08-17 11:54:45,948 - VALO360 - DEBUG - 自動保存已禁用，跳過配置保存
2025-08-17 11:54:45,948 - VALO360 - DEBUG - 自動保存已禁用，跳過配置保存
2025-08-17 11:54:45,948 - VALO360 - DEBUG - 自動保存已禁用，跳過配置保存
2025-08-17 11:54:45,948 - VALO360 - DEBUG - 自動保存已禁用，跳過配置保存
2025-08-17 11:54:45,949 - VALO360 - DEBUG - 自動保存已禁用，跳過配置保存
2025-08-17 11:54:45,949 - VALO360 - DEBUG - 自動保存已禁用，跳過配置保存
2025-08-17 11:54:45,950 - VALO360 - DEBUG - 自動保存已禁用，跳過配置保存
2025-08-17 11:54:45,950 - VALO360 - DEBUG - 自動保存已禁用，跳過配置保存
2025-08-17 11:54:45,950 - VALO360 - DEBUG - 自動保存已禁用，跳過配置保存
2025-08-17 11:54:45,951 - VALO360 - DEBUG - 自動保存已禁用，跳過配置保存
2025-08-17 11:54:45,951 - VALO360 - DEBUG - 自動保存已禁用，跳過配置保存
2025-08-17 11:54:45,951 - VALO360 - DEBUG - 自動保存已禁用，跳過配置保存
2025-08-17 11:54:45,951 - VALO360 - DEBUG - 自動保存已禁用，跳過配置保存
2025-08-17 11:54:45,952 - VALO360 - DEBUG - 自動保存已禁用，跳過配置保存
2025-08-17 11:54:45,952 - VALO360 - DEBUG - 自動保存已禁用，跳過配置保存
2025-08-17 11:54:45,952 - VALO360 - DEBUG - 自動保存已禁用，跳過配置保存
2025-08-17 11:54:45,952 - VALO360 - DEBUG - 自動保存已禁用，跳過配置保存
2025-08-17 11:54:45,953 - VALO360 - DEBUG - 自動保存已禁用，跳過配置保存
2025-08-17 11:54:45,953 - VALO360 - DEBUG - 自動保存已禁用，跳過配置保存
2025-08-17 11:54:45,953 - VALO360 - DEBUG - 自動保存已禁用，跳過配置保存
2025-08-17 11:54:45,953 - VALO360 - DEBUG - 自動保存已禁用，跳過配置保存
2025-08-17 11:54:45,953 - VALO360 - DEBUG - 自動保存已禁用，跳過配置保存
2025-08-17 11:54:45,954 - VALO360 - DEBUG - 自動保存已禁用，跳過配置保存
2025-08-17 11:54:45,954 - VALO360 - DEBUG - 自動保存已禁用，跳過配置保存
2025-08-17 11:54:45,954 - VALO360 - DEBUG - 自動保存已禁用，跳過配置保存
2025-08-17 11:54:45,955 - VALO360 - DEBUG - 自動保存已禁用，跳過配置保存
2025-08-17 11:54:45,955 - VALO360 - DEBUG - 自動保存已禁用，跳過配置保存
2025-08-17 11:54:45,955 - VALO360 - DEBUG - 自動保存已禁用，跳過配置保存
2025-08-17 11:54:45,955 - VALO360 - DEBUG - 自動保存已禁用，跳過配置保存
2025-08-17 11:54:45,956 - VALO360 - DEBUG - 自動保存已禁用，跳過配置保存
2025-08-17 11:54:45,956 - VALO360 - DEBUG - 自動保存已禁用，跳過配置保存
2025-08-17 11:54:45,956 - VALO360 - DEBUG - 自動保存已禁用，跳過配置保存
2025-08-17 11:54:45,956 - VALO360 - DEBUG - 自動保存已禁用，跳過配置保存
2025-08-17 11:54:45,956 - VALO360 - DEBUG - 自動保存已禁用，跳過配置保存
2025-08-17 11:54:45,957 - VALO360 - DEBUG - 自動保存已禁用，跳過配置保存
2025-08-17 11:54:45,957 - VALO360 - DEBUG - 自動保存已禁用，跳過配置保存
2025-08-17 11:54:45,957 - VALO360 - DEBUG - 自動保存已禁用，跳過配置保存
2025-08-17 11:54:45,957 - VALO360 - DEBUG - 自動保存已禁用，跳過配置保存
2025-08-17 11:54:45,958 - VALO360 - DEBUG - 自動保存已禁用，跳過配置保存
2025-08-17 11:54:45,958 - VALO360 - DEBUG - 自動保存已禁用，跳過配置保存
2025-08-17 11:54:45,958 - VALO360 - DEBUG - 自動保存已禁用，跳過配置保存
2025-08-17 11:54:45,959 - VALO360 - DEBUG - 自動保存已禁用，跳過配置保存
2025-08-17 11:54:45,959 - VALO360 - DEBUG - 自動保存已禁用，跳過配置保存
2025-08-17 11:54:45,959 - VALO360 - DEBUG - 自動保存已禁用，跳過配置保存
2025-08-17 11:54:45,960 - VALO360 - DEBUG - 自動保存已禁用，跳過配置保存
2025-08-17 11:54:45,960 - VALO360 - DEBUG - 自動保存已禁用，跳過配置保存
2025-08-17 11:54:45,960 - VALO360 - DEBUG - 自動保存已禁用，跳過配置保存
2025-08-17 11:54:45,960 - VALO360 - DEBUG - 自動保存已禁用，跳過配置保存
2025-08-17 11:54:45,961 - VALO360 - DEBUG - 自動保存已禁用，跳過配置保存
2025-08-17 11:54:45,961 - VALO360 - DEBUG - 自動保存已禁用，跳過配置保存
2025-08-17 11:54:45,961 - VALO360 - DEBUG - 自動保存已禁用，跳過配置保存
2025-08-17 11:54:45,961 - VALO360 - DEBUG - 自動保存已禁用，跳過配置保存
2025-08-17 11:54:45,962 - VALO360 - DEBUG - 自動保存已禁用，跳過配置保存
2025-08-17 11:54:45,962 - VALO360 - DEBUG - 自動保存已禁用，跳過配置保存
2025-08-17 11:54:45,962 - VALO360 - DEBUG - 自動保存已禁用，跳過配置保存
2025-08-17 11:54:45,963 - VALO360 - DEBUG - 自動保存已禁用，跳過配置保存
2025-08-17 11:54:45,963 - VALO360 - DEBUG - 自動保存已禁用，跳過配置保存
2025-08-17 11:54:45,963 - VALO360 - DEBUG - 自動保存已禁用，跳過配置保存
2025-08-17 11:54:45,963 - VALO360 - DEBUG - 自動保存已禁用，跳過配置保存
2025-08-17 11:54:45,964 - VALO360 - DEBUG - 自動保存已禁用，跳過配置保存
2025-08-17 11:54:45,964 - VALO360 - DEBUG - 自動保存已禁用，跳過配置保存
2025-08-17 11:54:45,965 - VALO360 - DEBUG - 自動保存已禁用，跳過配置保存
2025-08-17 11:54:45,965 - VALO360 - DEBUG - 自動保存已禁用，跳過配置保存
2025-08-17 11:54:45,965 - VALO360 - DEBUG - 自動保存已禁用，跳過配置保存
2025-08-17 11:54:45,966 - VALO360 - DEBUG - 自動保存已禁用，跳過配置保存
2025-08-17 11:54:45,966 - VALO360 - DEBUG - 自動保存已禁用，跳過配置保存
2025-08-17 11:54:45,967 - VALO360 - DEBUG - 自動保存已禁用，跳過配置保存
2025-08-17 11:54:45,967 - VALO360 - DEBUG - 自動保存已禁用，跳過配置保存
2025-08-17 11:54:45,967 - VALO360 - DEBUG - 自動保存已禁用，跳過配置保存
2025-08-17 11:54:45,968 - VALO360 - DEBUG - 自動保存已禁用，跳過配置保存
2025-08-17 11:54:45,969 - VALO360 - DEBUG - 自動保存已禁用，跳過配置保存
2025-08-17 11:54:45,969 - VALO360 - DEBUG - 自動保存已禁用，跳過配置保存
2025-08-17 11:54:45,970 - VALO360 - DEBUG - 自動保存已禁用，跳過配置保存
2025-08-17 11:54:45,971 - VALO360 - DEBUG - 自動保存已禁用，跳過配置保存
2025-08-17 11:54:45,971 - VALO360 - DEBUG - 自動保存已禁用，跳過配置保存
2025-08-17 11:54:45,971 - VALO360 - DEBUG - 自動保存已禁用，跳過配置保存
2025-08-17 11:54:45,972 - VALO360 - DEBUG - 自動保存已禁用，跳過配置保存
2025-08-17 11:54:45,972 - VALO360 - DEBUG - 自動保存已禁用，跳過配置保存
2025-08-17 11:54:45,972 - VALO360 - DEBUG - 自動保存已禁用，跳過配置保存
2025-08-17 11:54:45,973 - VALO360 - DEBUG - 自動保存已禁用，跳過配置保存
2025-08-17 11:54:45,973 - VALO360 - DEBUG - 自動保存已禁用，跳過配置保存
2025-08-17 11:54:45,973 - VALO360 - DEBUG - 自動保存已禁用，跳過配置保存
2025-08-17 11:54:45,974 - VALO360 - DEBUG - 自動保存已禁用，跳過配置保存
2025-08-17 11:54:45,974 - VALO360 - DEBUG - 自動保存已禁用，跳過配置保存
2025-08-17 11:54:45,974 - VALO360 - DEBUG - 自動保存已禁用，跳過配置保存
2025-08-17 11:54:45,975 - VALO360 - DEBUG - 自動保存已禁用，跳過配置保存
2025-08-17 11:54:45,975 - VALO360 - DEBUG - 自動保存已禁用，跳過配置保存
2025-08-17 11:54:45,975 - VALO360 - DEBUG - 自動保存已禁用，跳過配置保存
2025-08-17 11:54:45,975 - VALO360 - DEBUG - 自動保存已禁用，跳過配置保存
2025-08-17 11:54:45,976 - VALO360 - DEBUG - 自動保存已禁用，跳過配置保存
2025-08-17 11:54:45,980 - VALO360 - DEBUG - 自動保存已禁用，跳過配置保存
2025-08-17 11:54:45,987 - VALO360 - DEBUG - 自動保存已禁用，跳過配置保存
2025-08-17 11:54:45,989 - VALO360 - DEBUG - 自動保存已禁用，跳過配置保存
2025-08-17 11:54:45,990 - VALO360 - DEBUG - 自動保存已禁用，跳過配置保存
2025-08-17 11:54:45,990 - VALO360 - DEBUG - 自動保存已禁用，跳過配置保存
2025-08-17 11:54:45,990 - VALO360 - DEBUG - 自動保存已禁用，跳過配置保存
2025-08-17 11:54:45,991 - VALO360 - DEBUG - 自動保存已禁用，跳過配置保存
2025-08-17 11:54:45,991 - VALO360 - DEBUG - 自動保存已禁用，跳過配置保存
2025-08-17 11:54:45,991 - VALO360 - DEBUG - 自動保存已禁用，跳過配置保存
2025-08-17 11:54:45,994 - VALO360 - DEBUG - 自動保存已禁用，跳過配置保存
2025-08-17 11:54:45,995 - VALO360 - DEBUG - 自動保存已禁用，跳過配置保存
2025-08-17 11:54:45,996 - VALO360 - DEBUG - 自動保存已禁用，跳過配置保存
2025-08-17 11:54:45,996 - VALO360 - DEBUG - 自動保存已禁用，跳過配置保存
2025-08-17 11:54:45,998 - VALO360 - DEBUG - 自動保存已禁用，跳過配置保存
2025-08-17 11:54:46,000 - VALO360 - DEBUG - 自動保存已禁用，跳過配置保存
2025-08-17 11:54:46,001 - VALO360 - DEBUG - 自動保存已禁用，跳過配置保存
2025-08-17 11:54:46,002 - VALO360 - DEBUG - 自動保存已禁用，跳過配置保存
2025-08-17 11:54:46,002 - VALO360 - DEBUG - 自動保存已禁用，跳過配置保存
2025-08-17 11:54:46,003 - VALO360 - DEBUG - 自動保存已禁用，跳過配置保存
2025-08-17 11:54:46,003 - VALO360 - DEBUG - 自動保存已禁用，跳過配置保存
2025-08-17 11:54:46,004 - VALO360 - DEBUG - 自動保存已禁用，跳過配置保存
2025-08-17 11:54:46,004 - VALO360 - DEBUG - 自動保存已禁用，跳過配置保存
2025-08-17 11:54:46,005 - VALO360 - DEBUG - 自動保存已禁用，跳過配置保存
2025-08-17 11:54:46,005 - VALO360 - DEBUG - 自動保存已禁用，跳過配置保存
2025-08-17 11:54:46,005 - VALO360 - DEBUG - 自動保存已禁用，跳過配置保存
2025-08-17 11:54:46,006 - VALO360 - DEBUG - 自動保存已禁用，跳過配置保存
2025-08-17 11:54:46,006 - VALO360 - DEBUG - 自動保存已禁用，跳過配置保存
2025-08-17 11:54:46,007 - VALO360 - DEBUG - 自動保存已禁用，跳過配置保存
2025-08-17 11:54:46,007 - VALO360 - DEBUG - 自動保存已禁用，跳過配置保存
2025-08-17 11:54:46,008 - VALO360 - DEBUG - 自動保存已禁用，跳過配置保存
2025-08-17 11:54:46,009 - VALO360 - DEBUG - 自動保存已禁用，跳過配置保存
2025-08-17 11:54:46,009 - VALO360 - DEBUG - 自動保存已禁用，跳過配置保存
2025-08-17 11:54:46,009 - VALO360 - DEBUG - 自動保存已禁用，跳過配置保存
2025-08-17 11:54:46,010 - VALO360 - DEBUG - 自動保存已禁用，跳過配置保存
2025-08-17 11:54:46,011 - VALO360 - DEBUG - 自動保存已禁用，跳過配置保存
2025-08-17 11:54:46,012 - VALO360 - DEBUG - 自動保存已禁用，跳過配置保存
2025-08-17 11:54:46,012 - VALO360 - DEBUG - 自動保存已禁用，跳過配置保存
2025-08-17 11:54:46,012 - VALO360 - DEBUG - 自動保存已禁用，跳過配置保存
2025-08-17 11:54:46,013 - VALO360 - DEBUG - 自動保存已禁用，跳過配置保存
2025-08-17 11:54:46,014 - VALO360 - DEBUG - 自動保存已禁用，跳過配置保存
2025-08-17 11:54:46,014 - VALO360 - DEBUG - 自動保存已禁用，跳過配置保存
2025-08-17 11:54:46,014 - VALO360 - DEBUG - 自動保存已禁用，跳過配置保存
2025-08-17 11:54:46,015 - VALO360 - DEBUG - 自動保存已禁用，跳過配置保存
2025-08-17 11:54:46,016 - VALO360 - DEBUG - 自動保存已禁用，跳過配置保存
2025-08-17 11:54:46,016 - VALO360 - DEBUG - 自動保存已禁用，跳過配置保存
2025-08-17 11:54:46,016 - VALO360 - DEBUG - 自動保存已禁用，跳過配置保存
2025-08-17 11:54:46,018 - VALO360 - DEBUG - 自動保存已禁用，跳過配置保存
2025-08-17 11:54:46,018 - VALO360 - DEBUG - 自動保存已禁用，跳過配置保存
2025-08-17 11:54:46,018 - VALO360 - DEBUG - 自動保存已禁用，跳過配置保存
2025-08-17 11:54:46,019 - VALO360 - DEBUG - 自動保存已禁用，跳過配置保存
2025-08-17 11:54:46,020 - VALO360 - DEBUG - 自動保存已禁用，跳過配置保存
2025-08-17 11:54:46,020 - VALO360 - DEBUG - 自動保存已禁用，跳過配置保存
2025-08-17 11:54:46,021 - VALO360 - DEBUG - 自動保存已禁用，跳過配置保存
2025-08-17 11:54:46,021 - VALO360 - DEBUG - 自動保存已禁用，跳過配置保存
2025-08-17 11:54:46,022 - VALO360 - DEBUG - 自動保存已禁用，跳過配置保存
2025-08-17 11:54:46,022 - VALO360 - DEBUG - 自動保存已禁用，跳過配置保存
2025-08-17 11:54:46,023 - VALO360 - DEBUG - 自動保存已禁用，跳過配置保存
2025-08-17 11:54:46,023 - VALO360 - DEBUG - 自動保存已禁用，跳過配置保存
2025-08-17 11:54:46,024 - VALO360 - DEBUG - 自動保存已禁用，跳過配置保存
2025-08-17 11:54:46,024 - VALO360 - DEBUG - 自動保存已禁用，跳過配置保存
2025-08-17 11:54:46,024 - VALO360 - DEBUG - 自動保存已禁用，跳過配置保存
2025-08-17 11:54:46,024 - VALO360 - DEBUG - 自動保存已禁用，跳過配置保存
2025-08-17 11:54:46,025 - VALO360 - DEBUG - 自動保存已禁用，跳過配置保存
2025-08-17 11:54:46,025 - VALO360 - DEBUG - 自動保存已禁用，跳過配置保存
2025-08-17 11:54:46,026 - VALO360 - DEBUG - 自動保存已禁用，跳過配置保存
2025-08-17 11:54:46,026 - VALO360 - DEBUG - 自動保存已禁用，跳過配置保存
2025-08-17 11:54:46,026 - VALO360 - DEBUG - 自動保存已禁用，跳過配置保存
2025-08-17 11:54:46,027 - VALO360 - DEBUG - 自動保存已禁用，跳過配置保存
2025-08-17 11:54:46,027 - VALO360 - DEBUG - 自動保存已禁用，跳過配置保存
2025-08-17 11:54:46,028 - VALO360 - DEBUG - 自動保存已禁用，跳過配置保存
2025-08-17 11:54:46,029 - VALO360 - DEBUG - 自動保存已禁用，跳過配置保存
2025-08-17 11:54:46,029 - VALO360 - DEBUG - 自動保存已禁用，跳過配置保存
2025-08-17 11:54:46,030 - VALO360 - DEBUG - 自動保存已禁用，跳過配置保存
2025-08-17 11:54:46,030 - VALO360 - DEBUG - 自動保存已禁用，跳過配置保存
2025-08-17 11:54:46,031 - VALO360 - DEBUG - 自動保存已禁用，跳過配置保存
2025-08-17 11:54:46,032 - VALO360 - DEBUG - 自動保存已禁用，跳過配置保存
2025-08-17 11:54:46,033 - VALO360 - DEBUG - 自動保存已禁用，跳過配置保存
2025-08-17 11:54:46,033 - VALO360 - DEBUG - 自動保存已禁用，跳過配置保存
2025-08-17 11:54:46,034 - VALO360 - DEBUG - 自動保存已禁用，跳過配置保存
2025-08-17 11:54:46,034 - VALO360 - DEBUG - 自動保存已禁用，跳過配置保存
2025-08-17 11:54:46,035 - VALO360 - DEBUG - 自動保存已禁用，跳過配置保存
2025-08-17 11:54:46,035 - VALO360 - DEBUG - 自動保存已禁用，跳過配置保存
2025-08-17 11:54:46,036 - VALO360 - DEBUG - 自動保存已禁用，跳過配置保存
2025-08-17 11:54:46,036 - VALO360 - DEBUG - 自動保存已禁用，跳過配置保存
2025-08-17 11:54:46,036 - VALO360 - DEBUG - 自動保存已禁用，跳過配置保存
2025-08-17 11:54:46,037 - VALO360 - DEBUG - 自動保存已禁用，跳過配置保存
2025-08-17 11:54:46,037 - VALO360 - DEBUG - 自動保存已禁用，跳過配置保存
2025-08-17 11:54:46,038 - VALO360 - DEBUG - 自動保存已禁用，跳過配置保存
2025-08-17 11:54:46,038 - VALO360 - DEBUG - 自動保存已禁用，跳過配置保存
2025-08-17 11:54:46,038 - VALO360 - DEBUG - 自動保存已禁用，跳過配置保存
2025-08-17 11:54:46,039 - VALO360 - DEBUG - 自動保存已禁用，跳過配置保存
2025-08-17 11:54:46,039 - VALO360 - DEBUG - 自動保存已禁用，跳過配置保存
2025-08-17 11:54:46,040 - VALO360 - DEBUG - 自動保存已禁用，跳過配置保存
2025-08-17 11:54:46,040 - VALO360 - DEBUG - 自動保存已禁用，跳過配置保存
2025-08-17 11:54:46,041 - VALO360 - DEBUG - 自動保存已禁用，跳過配置保存
2025-08-17 11:54:46,041 - VALO360 - DEBUG - 自動保存已禁用，跳過配置保存
2025-08-17 11:54:46,041 - VALO360 - DEBUG - 自動保存已禁用，跳過配置保存
2025-08-17 11:54:46,041 - VALO360 - DEBUG - 自動保存已禁用，跳過配置保存
2025-08-17 11:54:46,042 - VALO360 - DEBUG - 自動保存已禁用，跳過配置保存
2025-08-17 11:54:46,043 - VALO360 - DEBUG - 自動保存已禁用，跳過配置保存
2025-08-17 11:54:46,044 - VALO360 - DEBUG - 自動保存已禁用，跳過配置保存
2025-08-17 11:54:46,045 - VALO360 - DEBUG - 自動保存已禁用，跳過配置保存
2025-08-17 11:54:46,049 - VALO360 - DEBUG - 自動保存已禁用，跳過配置保存
2025-08-17 11:54:46,053 - VALO360 - DEBUG - 自動保存已禁用，跳過配置保存
2025-08-17 11:54:46,053 - VALO360 - DEBUG - 自動保存已禁用，跳過配置保存
2025-08-17 11:54:46,054 - VALO360 - DEBUG - 自動保存已禁用，跳過配置保存
2025-08-17 11:54:46,055 - VALO360 - DEBUG - 自動保存已禁用，跳過配置保存
2025-08-17 11:54:46,055 - VALO360 - DEBUG - 自動保存已禁用，跳過配置保存
2025-08-17 11:54:46,055 - VALO360 - DEBUG - 自動保存已禁用，跳過配置保存
2025-08-17 11:54:46,056 - VALO360 - DEBUG - 自動保存已禁用，跳過配置保存
2025-08-17 11:54:46,056 - VALO360 - DEBUG - 自動保存已禁用，跳過配置保存
2025-08-17 11:54:46,057 - VALO360 - DEBUG - 自動保存已禁用，跳過配置保存
2025-08-17 11:54:46,057 - VALO360 - DEBUG - 自動保存已禁用，跳過配置保存
2025-08-17 11:54:46,057 - VALO360 - DEBUG - 自動保存已禁用，跳過配置保存
2025-08-17 11:54:46,058 - VALO360 - DEBUG - 自動保存已禁用，跳過配置保存
2025-08-17 11:54:46,058 - VALO360 - DEBUG - 自動保存已禁用，跳過配置保存
2025-08-17 11:54:46,058 - VALO360 - DEBUG - 自動保存已禁用，跳過配置保存
2025-08-17 11:54:46,058 - VALO360 - DEBUG - 自動保存已禁用，跳過配置保存
2025-08-17 11:54:46,059 - VALO360 - DEBUG - 自動保存已禁用，跳過配置保存
2025-08-17 11:54:46,059 - VALO360 - DEBUG - 自動保存已禁用，跳過配置保存
2025-08-17 11:54:46,060 - VALO360 - DEBUG - 自動保存已禁用，跳過配置保存
2025-08-17 11:54:46,060 - VALO360 - DEBUG - 自動保存已禁用，跳過配置保存
2025-08-17 11:54:46,071 - VALO360 - DEBUG - 自動保存已禁用，跳過配置保存
2025-08-17 11:54:46,071 - VALO360 - DEBUG - 自動保存已禁用，跳過配置保存
2025-08-17 11:54:46,071 - VALO360 - DEBUG - 自動保存已禁用，跳過配置保存
2025-08-17 11:54:46,072 - VALO360 - DEBUG - 自動保存已禁用，跳過配置保存
2025-08-17 11:54:46,072 - VALO360 - DEBUG - 自動保存已禁用，跳過配置保存
2025-08-17 11:54:46,072 - VALO360 - DEBUG - 自動保存已禁用，跳過配置保存
2025-08-17 11:54:46,073 - VALO360 - DEBUG - 自動保存已禁用，跳過配置保存
2025-08-17 11:54:46,073 - VALO360 - DEBUG - 自動保存已禁用，跳過配置保存
2025-08-17 11:54:46,073 - VALO360 - DEBUG - 自動保存已禁用，跳過配置保存
2025-08-17 11:54:46,073 - VALO360 - DEBUG - 自動保存已禁用，跳過配置保存
2025-08-17 11:54:46,074 - VALO360 - DEBUG - 自動保存已禁用，跳過配置保存
2025-08-17 11:54:46,074 - VALO360 - DEBUG - 自動保存已禁用，跳過配置保存
2025-08-17 11:54:46,075 - VALO360 - DEBUG - 自動保存已禁用，跳過配置保存
2025-08-17 11:54:46,075 - VALO360 - DEBUG - 自動保存已禁用，跳過配置保存
2025-08-17 11:54:46,076 - VALO360 - DEBUG - 自動保存已禁用，跳過配置保存
2025-08-17 11:54:46,076 - VALO360 - DEBUG - 自動保存已禁用，跳過配置保存
2025-08-17 11:54:46,081 - VALO360 - DEBUG - 自動保存已禁用，跳過配置保存
2025-08-17 11:54:46,082 - VALO360 - DEBUG - 自動保存已禁用，跳過配置保存
2025-08-17 11:54:46,085 - VALO360 - DEBUG - 自動保存已禁用，跳過配置保存
2025-08-17 11:54:46,086 - VALO360 - DEBUG - 自動保存已禁用，跳過配置保存
2025-08-17 11:54:46,087 - VALO360 - DEBUG - 自動保存已禁用，跳過配置保存
2025-08-17 11:54:46,087 - VALO360 - DEBUG - 自動保存已禁用，跳過配置保存
2025-08-17 11:54:46,088 - VALO360 - DEBUG - 自動保存已禁用，跳過配置保存
2025-08-17 11:54:46,088 - VALO360 - DEBUG - 自動保存已禁用，跳過配置保存
2025-08-17 11:54:46,089 - VALO360 - DEBUG - 自動保存已禁用，跳過配置保存
2025-08-17 11:54:46,090 - VALO360 - DEBUG - 自動保存已禁用，跳過配置保存
2025-08-17 11:54:46,091 - VALO360 - DEBUG - 自動保存已禁用，跳過配置保存
2025-08-17 11:54:46,091 - VALO360 - DEBUG - 自動保存已禁用，跳過配置保存
2025-08-17 11:54:46,092 - VALO360 - DEBUG - 自動保存已禁用，跳過配置保存
2025-08-17 11:54:46,092 - VALO360 - DEBUG - 自動保存已禁用，跳過配置保存
2025-08-17 11:54:46,092 - VALO360 - DEBUG - 自動保存已禁用，跳過配置保存
2025-08-17 11:54:46,093 - VALO360 - DEBUG - 自動保存已禁用，跳過配置保存
2025-08-17 11:54:46,093 - VALO360 - DEBUG - 自動保存已禁用，跳過配置保存
2025-08-17 11:54:46,094 - VALO360 - DEBUG - 自動保存已禁用，跳過配置保存
2025-08-17 11:54:46,094 - VALO360 - DEBUG - 自動保存已禁用，跳過配置保存
2025-08-17 11:54:46,094 - VALO360 - DEBUG - 自動保存已禁用，跳過配置保存
2025-08-17 11:54:46,095 - VALO360 - DEBUG - 自動保存已禁用，跳過配置保存
2025-08-17 11:54:46,095 - VALO360 - DEBUG - 自動保存已禁用，跳過配置保存
2025-08-17 11:54:46,095 - VALO360 - DEBUG - 自動保存已禁用，跳過配置保存
2025-08-17 11:54:46,096 - VALO360 - DEBUG - 自動保存已禁用，跳過配置保存
2025-08-17 11:54:46,096 - VALO360 - DEBUG - 自動保存已禁用，跳過配置保存
2025-08-17 11:54:46,096 - VALO360 - DEBUG - 自動保存已禁用，跳過配置保存
2025-08-17 11:54:46,096 - VALO360 - DEBUG - 自動保存已禁用，跳過配置保存
2025-08-17 11:54:46,097 - VALO360 - DEBUG - 自動保存已禁用，跳過配置保存
2025-08-17 11:54:46,097 - VALO360 - DEBUG - 自動保存已禁用，跳過配置保存
2025-08-17 11:54:46,097 - VALO360 - DEBUG - 自動保存已禁用，跳過配置保存
2025-08-17 11:54:46,097 - VALO360 - DEBUG - 自動保存已禁用，跳過配置保存
2025-08-17 11:54:46,098 - VALO360 - DEBUG - 自動保存已禁用，跳過配置保存
2025-08-17 11:54:46,098 - VALO360 - DEBUG - 自動保存已禁用，跳過配置保存
2025-08-17 11:54:46,098 - VALO360 - DEBUG - 自動保存已禁用，跳過配置保存
2025-08-17 11:54:46,099 - VALO360 - DEBUG - 自動保存已禁用，跳過配置保存
2025-08-17 11:54:46,099 - VALO360 - DEBUG - 自動保存已禁用，跳過配置保存
2025-08-17 11:54:46,100 - VALO360 - DEBUG - 自動保存已禁用，跳過配置保存
2025-08-17 11:54:46,100 - VALO360 - DEBUG - 自動保存已禁用，跳過配置保存
2025-08-17 11:54:46,101 - VALO360 - DEBUG - 自動保存已禁用，跳過配置保存
2025-08-17 11:54:46,101 - VALO360 - DEBUG - 自動保存已禁用，跳過配置保存
2025-08-17 11:54:46,102 - VALO360 - DEBUG - 自動保存已禁用，跳過配置保存
2025-08-17 11:54:46,102 - VALO360 - DEBUG - 自動保存已禁用，跳過配置保存
2025-08-17 11:54:46,102 - VALO360 - DEBUG - 自動保存已禁用，跳過配置保存
2025-08-17 11:54:46,103 - VALO360 - DEBUG - 自動保存已禁用，跳過配置保存
2025-08-17 11:54:46,103 - VALO360 - DEBUG - 自動保存已禁用，跳過配置保存
2025-08-17 11:54:46,103 - VALO360 - DEBUG - 自動保存已禁用，跳過配置保存
2025-08-17 11:54:46,104 - VALO360 - DEBUG - 自動保存已禁用，跳過配置保存
2025-08-17 11:54:46,104 - VALO360 - DEBUG - 自動保存已禁用，跳過配置保存
2025-08-17 11:54:46,104 - VALO360 - DEBUG - 自動保存已禁用，跳過配置保存
2025-08-17 11:54:46,105 - VALO360 - DEBUG - 自動保存已禁用，跳過配置保存
2025-08-17 11:54:46,105 - VALO360 - DEBUG - 自動保存已禁用，跳過配置保存
2025-08-17 11:54:46,105 - VALO360 - DEBUG - 自動保存已禁用，跳過配置保存
2025-08-17 11:54:46,106 - VALO360 - DEBUG - 自動保存已禁用，跳過配置保存
2025-08-17 11:54:46,106 - VALO360 - DEBUG - 自動保存已禁用，跳過配置保存
2025-08-17 11:54:46,106 - VALO360 - DEBUG - 自動保存已禁用，跳過配置保存
2025-08-17 11:54:46,106 - VALO360 - DEBUG - 自動保存已禁用，跳過配置保存
2025-08-17 11:54:46,107 - VALO360 - DEBUG - 自動保存已禁用，跳過配置保存
2025-08-17 11:54:46,107 - VALO360 - DEBUG - 自動保存已禁用，跳過配置保存
2025-08-17 11:54:46,107 - VALO360 - DEBUG - 自動保存已禁用，跳過配置保存
2025-08-17 11:54:46,107 - VALO360 - DEBUG - 自動保存已禁用，跳過配置保存
2025-08-17 11:54:46,107 - VALO360 - DEBUG - 自動保存已禁用，跳過配置保存
2025-08-17 11:54:46,108 - VALO360 - DEBUG - 自動保存已禁用，跳過配置保存
2025-08-17 11:54:46,108 - VALO360 - DEBUG - 自動保存已禁用，跳過配置保存
2025-08-17 11:54:46,108 - VALO360 - DEBUG - 自動保存已禁用，跳過配置保存
2025-08-17 11:54:46,113 - VALO360 - DEBUG - 自動保存已禁用，跳過配置保存
2025-08-17 11:54:46,113 - VALO360 - DEBUG - 自動保存已禁用，跳過配置保存
2025-08-17 11:54:46,113 - VALO360 - DEBUG - 自動保存已禁用，跳過配置保存
2025-08-17 11:54:46,114 - VALO360 - DEBUG - 自動保存已禁用，跳過配置保存
2025-08-17 11:54:46,114 - VALO360 - DEBUG - 自動保存已禁用，跳過配置保存
2025-08-17 11:54:46,114 - VALO360 - DEBUG - 自動保存已禁用，跳過配置保存
2025-08-17 11:54:46,114 - VALO360 - DEBUG - 自動保存已禁用，跳過配置保存
2025-08-17 11:54:46,115 - VALO360 - DEBUG - 自動保存已禁用，跳過配置保存
2025-08-17 11:54:46,115 - VALO360 - DEBUG - 自動保存已禁用，跳過配置保存
2025-08-17 11:54:46,116 - VALO360 - DEBUG - 自動保存已禁用，跳過配置保存
2025-08-17 11:54:46,116 - VALO360 - DEBUG - 自動保存已禁用，跳過配置保存
2025-08-17 11:54:46,116 - VALO360 - DEBUG - 自動保存已禁用，跳過配置保存
2025-08-17 11:54:46,117 - VALO360 - DEBUG - 自動保存已禁用，跳過配置保存
2025-08-17 11:54:46,118 - VALO360 - DEBUG - 自動保存已禁用，跳過配置保存
2025-08-17 11:54:46,118 - VALO360 - DEBUG - 自動保存已禁用，跳過配置保存
2025-08-17 11:54:46,118 - VALO360 - DEBUG - 自動保存已禁用，跳過配置保存
2025-08-17 11:54:46,120 - VALO360 - DEBUG - 自動保存已禁用，跳過配置保存
2025-08-17 11:54:46,120 - VALO360 - DEBUG - 自動保存已禁用，跳過配置保存
2025-08-17 11:54:46,121 - VALO360 - DEBUG - 自動保存已禁用，跳過配置保存
2025-08-17 11:54:46,121 - VALO360 - DEBUG - 自動保存已禁用，跳過配置保存
2025-08-17 11:54:46,122 - VALO360 - DEBUG - 自動保存已禁用，跳過配置保存
2025-08-17 11:54:46,122 - VALO360 - DEBUG - 自動保存已禁用，跳過配置保存
2025-08-17 11:54:46,123 - VALO360 - DEBUG - 自動保存已禁用，跳過配置保存
2025-08-17 11:54:46,123 - VALO360 - DEBUG - 自動保存已禁用，跳過配置保存
2025-08-17 11:54:46,124 - VALO360 - DEBUG - 自動保存已禁用，跳過配置保存
2025-08-17 11:54:46,124 - VALO360 - DEBUG - 自動保存已禁用，跳過配置保存
2025-08-17 11:54:46,124 - VALO360 - DEBUG - 自動保存已禁用，跳過配置保存
2025-08-17 11:54:46,125 - VALO360 - DEBUG - 自動保存已禁用，跳過配置保存
2025-08-17 11:54:46,125 - VALO360 - DEBUG - 自動保存已禁用，跳過配置保存
2025-08-17 11:54:46,125 - VALO360 - DEBUG - 自動保存已禁用，跳過配置保存
2025-08-17 11:54:46,126 - VALO360 - DEBUG - 自動保存已禁用，跳過配置保存
2025-08-17 11:54:46,126 - VALO360 - DEBUG - 自動保存已禁用，跳過配置保存
2025-08-17 11:54:46,126 - VALO360 - DEBUG - 自動保存已禁用，跳過配置保存
2025-08-17 11:54:46,127 - VALO360 - DEBUG - 自動保存已禁用，跳過配置保存
2025-08-17 11:54:46,127 - VALO360 - DEBUG - 自動保存已禁用，跳過配置保存
2025-08-17 11:54:46,127 - VALO360 - DEBUG - 自動保存已禁用，跳過配置保存
2025-08-17 11:54:46,127 - VALO360 - DEBUG - 自動保存已禁用，跳過配置保存
2025-08-17 11:54:46,128 - VALO360 - DEBUG - 自動保存已禁用，跳過配置保存
2025-08-17 11:54:46,128 - VALO360 - DEBUG - 自動保存已禁用，跳過配置保存
2025-08-17 11:54:46,128 - VALO360 - DEBUG - 自動保存已禁用，跳過配置保存
2025-08-17 11:54:46,128 - VALO360 - DEBUG - 自動保存已禁用，跳過配置保存
2025-08-17 11:54:46,129 - VALO360 - DEBUG - 自動保存已禁用，跳過配置保存
2025-08-17 11:54:46,129 - VALO360 - DEBUG - 自動保存已禁用，跳過配置保存
2025-08-17 11:54:46,129 - VALO360 - DEBUG - 自動保存已禁用，跳過配置保存
2025-08-17 11:54:46,130 - VALO360 - DEBUG - 自動保存已禁用，跳過配置保存
2025-08-17 11:54:46,130 - VALO360 - DEBUG - 自動保存已禁用，跳過配置保存
2025-08-17 11:54:46,130 - VALO360 - DEBUG - 自動保存已禁用，跳過配置保存
2025-08-17 11:54:46,131 - VALO360 - DEBUG - 自動保存已禁用，跳過配置保存
2025-08-17 11:54:46,131 - VALO360 - DEBUG - 自動保存已禁用，跳過配置保存
2025-08-17 11:54:46,131 - VALO360 - DEBUG - 自動保存已禁用，跳過配置保存
2025-08-17 11:54:46,132 - VALO360 - DEBUG - 自動保存已禁用，跳過配置保存
2025-08-17 11:54:46,132 - VALO360 - DEBUG - 自動保存已禁用，跳過配置保存
2025-08-17 11:54:46,133 - VALO360 - DEBUG - 自動保存已禁用，跳過配置保存
2025-08-17 11:54:46,133 - VALO360 - DEBUG - 自動保存已禁用，跳過配置保存
2025-08-17 11:54:46,133 - VALO360 - DEBUG - 自動保存已禁用，跳過配置保存
2025-08-17 11:54:46,134 - VALO360 - DEBUG - 自動保存已禁用，跳過配置保存
2025-08-17 11:54:46,134 - VALO360 - DEBUG - 自動保存已禁用，跳過配置保存
2025-08-17 11:54:46,134 - VALO360 - DEBUG - 自動保存已禁用，跳過配置保存
2025-08-17 11:54:46,135 - VALO360 - DEBUG - 自動保存已禁用，跳過配置保存
2025-08-17 11:54:46,135 - VALO360 - DEBUG - 自動保存已禁用，跳過配置保存
2025-08-17 11:54:46,139 - VALO360 - DEBUG - 自動保存已禁用，跳過配置保存
2025-08-17 11:54:46,140 - VALO360 - DEBUG - 自動保存已禁用，跳過配置保存
2025-08-17 11:54:46,140 - VALO360 - DEBUG - 自動保存已禁用，跳過配置保存
2025-08-17 11:54:46,140 - VALO360 - DEBUG - 自動保存已禁用，跳過配置保存
2025-08-17 11:54:46,141 - VALO360 - DEBUG - 自動保存已禁用，跳過配置保存
2025-08-17 11:54:46,141 - VALO360 - DEBUG - 自動保存已禁用，跳過配置保存
2025-08-17 11:54:46,141 - VALO360 - DEBUG - 自動保存已禁用，跳過配置保存
2025-08-17 11:54:46,141 - VALO360 - DEBUG - 自動保存已禁用，跳過配置保存
2025-08-17 11:54:46,142 - VALO360 - DEBUG - 自動保存已禁用，跳過配置保存
2025-08-17 11:54:46,142 - VALO360 - DEBUG - 自動保存已禁用，跳過配置保存
2025-08-17 11:54:46,142 - VALO360 - DEBUG - 自動保存已禁用，跳過配置保存
2025-08-17 11:54:46,142 - VALO360 - DEBUG - 自動保存已禁用，跳過配置保存
2025-08-17 11:54:46,143 - VALO360 - DEBUG - 自動保存已禁用，跳過配置保存
2025-08-17 11:54:46,143 - VALO360 - DEBUG - 自動保存已禁用，跳過配置保存
2025-08-17 11:54:46,143 - VALO360 - DEBUG - 自動保存已禁用，跳過配置保存
2025-08-17 11:54:46,143 - VALO360 - DEBUG - 自動保存已禁用，跳過配置保存
2025-08-17 11:54:46,144 - VALO360 - DEBUG - 自動保存已禁用，跳過配置保存
2025-08-17 11:54:46,144 - VALO360 - DEBUG - 自動保存已禁用，跳過配置保存
2025-08-17 11:54:46,145 - VALO360 - DEBUG - 自動保存已禁用，跳過配置保存
2025-08-17 11:54:46,145 - VALO360 - DEBUG - 自動保存已禁用，跳過配置保存
2025-08-17 11:54:46,146 - VALO360 - DEBUG - 自動保存已禁用，跳過配置保存
2025-08-17 11:54:46,146 - VALO360 - DEBUG - 自動保存已禁用，跳過配置保存
2025-08-17 11:54:46,146 - VALO360 - DEBUG - 自動保存已禁用，跳過配置保存
2025-08-17 11:54:46,146 - VALO360 - DEBUG - 自動保存已禁用，跳過配置保存
2025-08-17 11:54:46,147 - VALO360 - DEBUG - 自動保存已禁用，跳過配置保存
2025-08-17 11:54:46,147 - VALO360 - DEBUG - 自動保存已禁用，跳過配置保存
2025-08-17 11:54:46,148 - VALO360 - DEBUG - 自動保存已禁用，跳過配置保存
2025-08-17 11:54:46,148 - VALO360 - DEBUG - 自動保存已禁用，跳過配置保存
2025-08-17 11:54:46,148 - VALO360 - DEBUG - 自動保存已禁用，跳過配置保存
2025-08-17 11:54:46,148 - VALO360 - DEBUG - 自動保存已禁用，跳過配置保存
2025-08-17 11:54:46,149 - VALO360 - DEBUG - 自動保存已禁用，跳過配置保存
2025-08-17 11:54:46,149 - VALO360 - DEBUG - 自動保存已禁用，跳過配置保存
2025-08-17 11:54:46,151 - VALO360 - DEBUG - 自動保存已禁用，跳過配置保存
2025-08-17 11:54:46,151 - VALO360 - DEBUG - 自動保存已禁用，跳過配置保存
2025-08-17 11:54:46,151 - VALO360 - DEBUG - 自動保存已禁用，跳過配置保存
2025-08-17 11:54:46,152 - VALO360 - DEBUG - 自動保存已禁用，跳過配置保存
2025-08-17 11:54:46,153 - VALO360 - DEBUG - 自動保存已禁用，跳過配置保存
2025-08-17 11:54:46,153 - VALO360 - DEBUG - 自動保存已禁用，跳過配置保存
2025-08-17 11:54:46,153 - VALO360 - DEBUG - 自動保存已禁用，跳過配置保存
2025-08-17 11:54:46,154 - VALO360 - DEBUG - 自動保存已禁用，跳過配置保存
2025-08-17 11:54:46,154 - VALO360 - DEBUG - 自動保存已禁用，跳過配置保存
2025-08-17 11:54:46,154 - VALO360 - DEBUG - 自動保存已禁用，跳過配置保存
2025-08-17 11:54:46,155 - VALO360 - DEBUG - 自動保存已禁用，跳過配置保存
2025-08-17 11:54:46,155 - VALO360 - DEBUG - 自動保存已禁用，跳過配置保存
2025-08-17 11:54:46,155 - VALO360 - DEBUG - 自動保存已禁用，跳過配置保存
2025-08-17 11:54:46,155 - VALO360 - DEBUG - 自動保存已禁用，跳過配置保存
2025-08-17 11:54:46,156 - VALO360 - DEBUG - 自動保存已禁用，跳過配置保存
2025-08-17 11:54:46,156 - VALO360 - DEBUG - 自動保存已禁用，跳過配置保存
2025-08-17 11:54:46,158 - VALO360 - DEBUG - 自動保存已禁用，跳過配置保存
2025-08-17 11:54:46,158 - VALO360 - DEBUG - 自動保存已禁用，跳過配置保存
2025-08-17 11:54:46,159 - VALO360 - DEBUG - 自動保存已禁用，跳過配置保存
2025-08-17 11:54:46,159 - VALO360 - DEBUG - 自動保存已禁用，跳過配置保存
2025-08-17 11:54:46,159 - VALO360 - DEBUG - 自動保存已禁用，跳過配置保存
2025-08-17 11:54:46,159 - VALO360 - DEBUG - 自動保存已禁用，跳過配置保存
2025-08-17 11:54:46,159 - VALO360 - DEBUG - 自動保存已禁用，跳過配置保存
2025-08-17 11:54:46,160 - VALO360 - DEBUG - 自動保存已禁用，跳過配置保存
2025-08-17 11:54:46,160 - VALO360 - DEBUG - 自動保存已禁用，跳過配置保存
2025-08-17 11:54:46,160 - VALO360 - DEBUG - 自動保存已禁用，跳過配置保存
2025-08-17 11:54:46,160 - VALO360 - DEBUG - 自動保存已禁用，跳過配置保存
2025-08-17 11:54:46,161 - VALO360 - DEBUG - 自動保存已禁用，跳過配置保存
2025-08-17 11:54:46,167 - VALO360 - DEBUG - 自動保存已禁用，跳過配置保存
2025-08-17 11:54:46,168 - VALO360 - DEBUG - 自動保存已禁用，跳過配置保存
2025-08-17 11:54:46,168 - VALO360 - DEBUG - 自動保存已禁用，跳過配置保存
2025-08-17 11:54:46,169 - VALO360 - DEBUG - 自動保存已禁用，跳過配置保存
2025-08-17 11:54:46,170 - VALO360 - DEBUG - 自動保存已禁用，跳過配置保存
2025-08-17 11:54:46,170 - VALO360 - DEBUG - 自動保存已禁用，跳過配置保存
2025-08-17 11:54:46,170 - VALO360 - DEBUG - 自動保存已禁用，跳過配置保存
2025-08-17 11:54:46,170 - VALO360 - DEBUG - 自動保存已禁用，跳過配置保存
2025-08-17 11:54:46,171 - VALO360 - DEBUG - 自動保存已禁用，跳過配置保存
2025-08-17 11:54:46,171 - VALO360 - DEBUG - 自動保存已禁用，跳過配置保存
2025-08-17 11:54:46,171 - VALO360 - DEBUG - 自動保存已禁用，跳過配置保存
2025-08-17 11:54:46,171 - VALO360 - DEBUG - 自動保存已禁用，跳過配置保存
2025-08-17 11:54:46,198 - VALO360 - DEBUG - 自動保存已禁用，跳過配置保存
2025-08-17 11:54:46,199 - VALO360 - DEBUG - 自動保存已禁用，跳過配置保存
2025-08-17 11:54:46,199 - VALO360 - DEBUG - 自動保存已禁用，跳過配置保存
2025-08-17 11:54:46,199 - VALO360 - DEBUG - 自動保存已禁用，跳過配置保存
2025-08-17 11:54:46,207 - VALO360 - DEBUG - 自動保存已禁用，跳過配置保存
2025-08-17 11:54:46,207 - VALO360 - DEBUG - 自動保存已禁用，跳過配置保存
2025-08-17 11:54:46,208 - VALO360 - DEBUG - 自動保存已禁用，跳過配置保存
2025-08-17 11:54:46,208 - VALO360 - DEBUG - 自動保存已禁用，跳過配置保存
2025-08-17 11:54:46,222 - VALO360 - DEBUG - 自動保存已禁用，跳過配置保存
2025-08-17 11:54:46,222 - VALO360 - DEBUG - 自動保存已禁用，跳過配置保存
2025-08-17 11:54:46,222 - VALO360 - DEBUG - 自動保存已禁用，跳過配置保存
2025-08-17 11:54:46,223 - VALO360 - DEBUG - 自動保存已禁用，跳過配置保存
2025-08-17 11:54:46,224 - VALO360 - DEBUG - 自動保存已禁用，跳過配置保存
2025-08-17 11:54:46,225 - VALO360 - DEBUG - 自動保存已禁用，跳過配置保存
2025-08-17 11:54:46,225 - VALO360 - DEBUG - 自動保存已禁用，跳過配置保存
2025-08-17 11:54:46,225 - VALO360 - DEBUG - 自動保存已禁用，跳過配置保存
2025-08-17 11:54:46,225 - VALO360 - DEBUG - 自動保存已禁用，跳過配置保存
2025-08-17 11:54:46,226 - VALO360 - DEBUG - 自動保存已禁用，跳過配置保存
2025-08-17 11:54:46,226 - VALO360 - DEBUG - 自動保存已禁用，跳過配置保存
2025-08-17 11:54:46,226 - VALO360 - DEBUG - 自動保存已禁用，跳過配置保存
2025-08-17 11:54:46,241 - VALO360 - DEBUG - 自動保存已禁用，跳過配置保存
2025-08-17 11:54:46,241 - VALO360 - DEBUG - 自動保存已禁用，跳過配置保存
2025-08-17 11:54:46,241 - VALO360 - DEBUG - 自動保存已禁用，跳過配置保存
2025-08-17 11:54:46,241 - VALO360 - DEBUG - 自動保存已禁用，跳過配置保存
2025-08-17 11:54:46,339 - VALO360 - DEBUG - 自動保存已禁用，跳過配置保存
2025-08-17 11:54:46,339 - VALO360 - DEBUG - 自動保存已禁用，跳過配置保存
2025-08-17 11:54:46,340 - VALO360 - DEBUG - 自動保存已禁用，跳過配置保存
2025-08-17 11:54:46,340 - VALO360 - DEBUG - 自動保存已禁用，跳過配置保存
2025-08-17 11:54:46,340 - VALO360 - DEBUG - 自動保存已禁用，跳過配置保存
2025-08-17 11:54:46,341 - VALO360 - DEBUG - 自動保存已禁用，跳過配置保存
2025-08-17 11:54:46,341 - VALO360 - DEBUG - 自動保存已禁用，跳過配置保存
2025-08-17 11:54:46,341 - VALO360 - DEBUG - 自動保存已禁用，跳過配置保存
2025-08-17 11:54:46,341 - VALO360 - DEBUG - 自動保存已禁用，跳過配置保存
2025-08-17 11:54:46,342 - VALO360 - DEBUG - 自動保存已禁用，跳過配置保存
2025-08-17 11:54:46,342 - VALO360 - DEBUG - 自動保存已禁用，跳過配置保存
2025-08-17 11:54:46,342 - VALO360 - DEBUG - 自動保存已禁用，跳過配置保存
2025-08-17 11:54:46,343 - VALO360 - DEBUG - 自動保存已禁用，跳過配置保存
2025-08-17 11:54:46,343 - VALO360 - DEBUG - 自動保存已禁用，跳過配置保存
2025-08-17 11:54:46,343 - VALO360 - DEBUG - 自動保存已禁用，跳過配置保存
2025-08-17 11:54:46,343 - VALO360 - DEBUG - 自動保存已禁用，跳過配置保存
2025-08-17 11:54:46,344 - VALO360 - DEBUG - 自動保存已禁用，跳過配置保存
2025-08-17 11:54:46,344 - VALO360 - DEBUG - 自動保存已禁用，跳過配置保存
2025-08-17 11:54:46,344 - VALO360 - DEBUG - 自動保存已禁用，跳過配置保存
2025-08-17 11:54:46,344 - VALO360 - DEBUG - 自動保存已禁用，跳過配置保存
2025-08-17 11:54:46,345 - VALO360 - DEBUG - 自動保存已禁用，跳過配置保存
2025-08-17 11:54:46,345 - VALO360 - DEBUG - 自動保存已禁用，跳過配置保存
2025-08-17 11:54:46,345 - VALO360 - DEBUG - 自動保存已禁用，跳過配置保存
2025-08-17 11:54:46,345 - VALO360 - DEBUG - 自動保存已禁用，跳過配置保存
2025-08-17 11:54:46,346 - VALO360 - DEBUG - 自動保存已禁用，跳過配置保存
2025-08-17 11:54:46,346 - VALO360 - DEBUG - 自動保存已禁用，跳過配置保存
2025-08-17 11:54:46,346 - VALO360 - DEBUG - 自動保存已禁用，跳過配置保存
2025-08-17 11:54:46,346 - VALO360 - DEBUG - 自動保存已禁用，跳過配置保存
2025-08-17 11:54:46,347 - VALO360 - DEBUG - 自動保存已禁用，跳過配置保存
2025-08-17 11:54:46,347 - VALO360 - DEBUG - 自動保存已禁用，跳過配置保存
2025-08-17 11:54:46,347 - VALO360 - DEBUG - 自動保存已禁用，跳過配置保存
2025-08-17 11:54:46,347 - VALO360 - DEBUG - 自動保存已禁用，跳過配置保存
2025-08-17 11:54:46,355 - VALO360 - DEBUG - 自動保存已禁用，跳過配置保存
2025-08-17 11:54:46,355 - VALO360 - DEBUG - 自動保存已禁用，跳過配置保存
2025-08-17 11:54:46,355 - VALO360 - DEBUG - 自動保存已禁用，跳過配置保存
2025-08-17 11:54:46,355 - VALO360 - DEBUG - 自動保存已禁用，跳過配置保存
2025-08-17 11:54:46,357 - VALO360 - DEBUG - 自動保存已禁用，跳過配置保存
2025-08-17 11:54:46,357 - VALO360 - DEBUG - 自動保存已禁用，跳過配置保存
2025-08-17 11:54:46,357 - VALO360 - DEBUG - 自動保存已禁用，跳過配置保存
2025-08-17 11:54:46,358 - VALO360 - DEBUG - 自動保存已禁用，跳過配置保存
2025-08-17 11:54:46,358 - VALO360 - DEBUG - 自動保存已禁用，跳過配置保存
2025-08-17 11:54:46,359 - VALO360 - DEBUG - 自動保存已禁用，跳過配置保存
2025-08-17 11:54:46,359 - VALO360 - DEBUG - 自動保存已禁用，跳過配置保存
2025-08-17 11:54:46,359 - VALO360 - DEBUG - 自動保存已禁用，跳過配置保存
2025-08-17 11:54:46,359 - VALO360 - DEBUG - 自動保存已禁用，跳過配置保存
2025-08-17 11:54:46,360 - VALO360 - DEBUG - 自動保存已禁用，跳過配置保存
2025-08-17 11:54:46,360 - VALO360 - DEBUG - 自動保存已禁用，跳過配置保存
2025-08-17 11:54:46,360 - VALO360 - DEBUG - 自動保存已禁用，跳過配置保存
2025-08-17 11:54:46,363 - VALO360 - DEBUG - 自動保存已禁用，跳過配置保存
2025-08-17 11:54:46,363 - VALO360 - DEBUG - 自動保存已禁用，跳過配置保存
2025-08-17 11:54:46,363 - VALO360 - DEBUG - 自動保存已禁用，跳過配置保存
2025-08-17 11:54:46,364 - VALO360 - DEBUG - 自動保存已禁用，跳過配置保存
2025-08-17 11:54:46,364 - VALO360 - DEBUG - 自動保存已禁用，跳過配置保存
2025-08-17 11:54:46,365 - VALO360 - DEBUG - 自動保存已禁用，跳過配置保存
2025-08-17 11:54:46,365 - VALO360 - DEBUG - 自動保存已禁用，跳過配置保存
2025-08-17 11:54:46,365 - VALO360 - DEBUG - 自動保存已禁用，跳過配置保存
2025-08-17 11:54:46,366 - VALO360 - DEBUG - 自動保存已禁用，跳過配置保存
2025-08-17 11:54:46,367 - VALO360 - DEBUG - 自動保存已禁用，跳過配置保存
2025-08-17 11:54:46,367 - VALO360 - DEBUG - 自動保存已禁用，跳過配置保存
2025-08-17 11:54:46,367 - VALO360 - DEBUG - 自動保存已禁用，跳過配置保存
2025-08-17 11:54:46,367 - VALO360 - DEBUG - 自動保存已禁用，跳過配置保存
2025-08-17 11:54:46,368 - VALO360 - DEBUG - 自動保存已禁用，跳過配置保存
2025-08-17 11:54:46,368 - VALO360 - DEBUG - 自動保存已禁用，跳過配置保存
2025-08-17 11:54:46,368 - VALO360 - DEBUG - 自動保存已禁用，跳過配置保存
2025-08-17 11:54:46,371 - VALO360 - DEBUG - 自動保存已禁用，跳過配置保存
2025-08-17 11:54:46,371 - VALO360 - DEBUG - 自動保存已禁用，跳過配置保存
2025-08-17 11:54:46,371 - VALO360 - DEBUG - 自動保存已禁用，跳過配置保存
2025-08-17 11:54:46,371 - VALO360 - DEBUG - 自動保存已禁用，跳過配置保存
2025-08-17 11:54:46,372 - VALO360 - DEBUG - 自動保存已禁用，跳過配置保存
2025-08-17 11:54:46,372 - VALO360 - DEBUG - 自動保存已禁用，跳過配置保存
2025-08-17 11:54:46,373 - VALO360 - DEBUG - 自動保存已禁用，跳過配置保存
2025-08-17 11:54:46,373 - VALO360 - DEBUG - 自動保存已禁用，跳過配置保存
2025-08-17 11:54:46,375 - VALO360 - DEBUG - 自動保存已禁用，跳過配置保存
2025-08-17 11:54:46,375 - VALO360 - DEBUG - 自動保存已禁用，跳過配置保存
2025-08-17 11:54:46,375 - VALO360 - DEBUG - 自動保存已禁用，跳過配置保存
2025-08-17 11:54:46,376 - VALO360 - DEBUG - 自動保存已禁用，跳過配置保存
2025-08-17 11:54:46,378 - VALO360 - DEBUG - 自動保存已禁用，跳過配置保存
2025-08-17 11:54:46,378 - VALO360 - DEBUG - 自動保存已禁用，跳過配置保存
2025-08-17 11:54:46,378 - VALO360 - DEBUG - 自動保存已禁用，跳過配置保存
2025-08-17 11:54:46,378 - VALO360 - DEBUG - 自動保存已禁用，跳過配置保存
2025-08-17 11:54:46,379 - VALO360 - DEBUG - 自動保存已禁用，跳過配置保存
2025-08-17 11:54:46,379 - VALO360 - DEBUG - 自動保存已禁用，跳過配置保存
2025-08-17 11:54:46,379 - VALO360 - DEBUG - 自動保存已禁用，跳過配置保存
2025-08-17 11:54:46,379 - VALO360 - DEBUG - 自動保存已禁用，跳過配置保存
2025-08-17 11:54:46,384 - VALO360 - DEBUG - 自動保存已禁用，跳過配置保存
2025-08-17 11:54:46,385 - VALO360 - DEBUG - 自動保存已禁用，跳過配置保存
2025-08-17 11:54:46,385 - VALO360 - DEBUG - 自動保存已禁用，跳過配置保存
2025-08-17 11:54:46,385 - VALO360 - DEBUG - 自動保存已禁用，跳過配置保存
2025-08-17 11:54:46,399 - VALO360 - DEBUG - 自動保存已禁用，跳過配置保存
2025-08-17 11:54:46,400 - VALO360 - DEBUG - 自動保存已禁用，跳過配置保存
2025-08-17 11:54:46,400 - VALO360 - DEBUG - 自動保存已禁用，跳過配置保存
2025-08-17 11:54:46,400 - VALO360 - DEBUG - 自動保存已禁用，跳過配置保存
2025-08-17 11:54:46,401 - VALO360 - DEBUG - 自動保存已禁用，跳過配置保存
2025-08-17 11:54:46,401 - VALO360 - DEBUG - 自動保存已禁用，跳過配置保存
2025-08-17 11:54:46,401 - VALO360 - DEBUG - 自動保存已禁用，跳過配置保存
2025-08-17 11:54:46,401 - VALO360 - DEBUG - 自動保存已禁用，跳過配置保存
2025-08-17 11:54:46,402 - VALO360 - DEBUG - 自動保存已禁用，跳過配置保存
2025-08-17 11:54:46,402 - VALO360 - DEBUG - 自動保存已禁用，跳過配置保存
2025-08-17 11:54:46,402 - VALO360 - DEBUG - 自動保存已禁用，跳過配置保存
2025-08-17 11:54:46,402 - VALO360 - DEBUG - 自動保存已禁用，跳過配置保存
2025-08-17 11:54:46,403 - VALO360 - DEBUG - 自動保存已禁用，跳過配置保存
2025-08-17 11:54:46,403 - VALO360 - DEBUG - 自動保存已禁用，跳過配置保存
2025-08-17 11:54:46,403 - VALO360 - DEBUG - 自動保存已禁用，跳過配置保存
2025-08-17 11:54:46,403 - VALO360 - DEBUG - 自動保存已禁用，跳過配置保存
2025-08-17 11:54:46,404 - VALO360 - DEBUG - 自動保存已禁用，跳過配置保存
2025-08-17 11:54:46,404 - VALO360 - DEBUG - 自動保存已禁用，跳過配置保存
2025-08-17 11:54:46,404 - VALO360 - DEBUG - 自動保存已禁用，跳過配置保存
2025-08-17 11:54:46,404 - VALO360 - DEBUG - 自動保存已禁用，跳過配置保存
2025-08-17 11:54:46,405 - VALO360 - DEBUG - 自動保存已禁用，跳過配置保存
2025-08-17 11:54:46,405 - VALO360 - DEBUG - 自動保存已禁用，跳過配置保存
2025-08-17 11:54:46,405 - VALO360 - DEBUG - 自動保存已禁用，跳過配置保存
2025-08-17 11:54:46,405 - VALO360 - DEBUG - 自動保存已禁用，跳過配置保存
2025-08-17 11:54:46,406 - VALO360 - DEBUG - 自動保存已禁用，跳過配置保存
2025-08-17 11:54:46,406 - VALO360 - DEBUG - 自動保存已禁用，跳過配置保存
2025-08-17 11:54:46,406 - VALO360 - DEBUG - 自動保存已禁用，跳過配置保存
2025-08-17 11:54:46,406 - VALO360 - DEBUG - 自動保存已禁用，跳過配置保存
2025-08-17 11:54:46,406 - VALO360 - DEBUG - 自動保存已禁用，跳過配置保存
2025-08-17 11:54:46,407 - VALO360 - DEBUG - 自動保存已禁用，跳過配置保存
2025-08-17 11:54:46,407 - VALO360 - DEBUG - 自動保存已禁用，跳過配置保存
2025-08-17 11:54:46,407 - VALO360 - DEBUG - 自動保存已禁用，跳過配置保存
2025-08-17 11:54:46,407 - VALO360 - DEBUG - 自動保存已禁用，跳過配置保存
2025-08-17 11:54:46,408 - VALO360 - DEBUG - 自動保存已禁用，跳過配置保存
2025-08-17 11:54:46,408 - VALO360 - DEBUG - 自動保存已禁用，跳過配置保存
2025-08-17 11:54:46,408 - VALO360 - DEBUG - 自動保存已禁用，跳過配置保存
2025-08-17 11:54:46,408 - VALO360 - DEBUG - 自動保存已禁用，跳過配置保存
2025-08-17 11:54:46,408 - VALO360 - DEBUG - 自動保存已禁用，跳過配置保存
2025-08-17 11:54:46,409 - VALO360 - DEBUG - 自動保存已禁用，跳過配置保存
2025-08-17 11:54:46,409 - VALO360 - DEBUG - 自動保存已禁用，跳過配置保存
2025-08-17 11:54:46,409 - VALO360 - DEBUG - 自動保存已禁用，跳過配置保存
2025-08-17 11:54:46,409 - VALO360 - DEBUG - 自動保存已禁用，跳過配置保存
2025-08-17 11:54:46,410 - VALO360 - DEBUG - 自動保存已禁用，跳過配置保存
2025-08-17 11:54:46,410 - VALO360 - DEBUG - 自動保存已禁用，跳過配置保存
2025-08-17 11:54:46,410 - VALO360 - DEBUG - 自動保存已禁用，跳過配置保存
2025-08-17 11:54:46,410 - VALO360 - DEBUG - 自動保存已禁用，跳過配置保存
2025-08-17 11:54:46,410 - VALO360 - DEBUG - 自動保存已禁用，跳過配置保存
2025-08-17 11:54:46,411 - VALO360 - DEBUG - 自動保存已禁用，跳過配置保存
2025-08-17 11:54:46,411 - VALO360 - DEBUG - 自動保存已禁用，跳過配置保存
2025-08-17 11:54:46,411 - VALO360 - DEBUG - 自動保存已禁用，跳過配置保存
2025-08-17 11:54:46,411 - VALO360 - DEBUG - 自動保存已禁用，跳過配置保存
2025-08-17 11:54:46,412 - VALO360 - DEBUG - 自動保存已禁用，跳過配置保存
2025-08-17 11:54:46,412 - VALO360 - DEBUG - 自動保存已禁用，跳過配置保存
2025-08-17 11:54:46,412 - VALO360 - DEBUG - 自動保存已禁用，跳過配置保存
2025-08-17 11:54:46,412 - VALO360 - DEBUG - 自動保存已禁用，跳過配置保存
2025-08-17 11:54:46,412 - VALO360 - DEBUG - 自動保存已禁用，跳過配置保存
2025-08-17 11:54:46,413 - VALO360 - DEBUG - 自動保存已禁用，跳過配置保存
2025-08-17 11:54:46,413 - VALO360 - DEBUG - 自動保存已禁用，跳過配置保存
2025-08-17 11:54:46,413 - VALO360 - DEBUG - 自動保存已禁用，跳過配置保存
2025-08-17 11:54:46,413 - VALO360 - DEBUG - 自動保存已禁用，跳過配置保存
2025-08-17 11:54:46,414 - VALO360 - DEBUG - 自動保存已禁用，跳過配置保存
2025-08-17 11:54:46,414 - VALO360 - DEBUG - 自動保存已禁用，跳過配置保存
2025-08-17 11:54:46,414 - VALO360 - DEBUG - 自動保存已禁用，跳過配置保存
2025-08-17 11:54:46,414 - VALO360 - DEBUG - 自動保存已禁用，跳過配置保存
2025-08-17 11:54:46,415 - VALO360 - DEBUG - 自動保存已禁用，跳過配置保存
2025-08-17 11:54:46,415 - VALO360 - DEBUG - 自動保存已禁用，跳過配置保存
2025-08-17 11:54:46,415 - VALO360 - DEBUG - 自動保存已禁用，跳過配置保存
2025-08-17 11:54:46,416 - VALO360 - DEBUG - 自動保存已禁用，跳過配置保存
2025-08-17 11:54:46,416 - VALO360 - DEBUG - 自動保存已禁用，跳過配置保存
2025-08-17 11:54:46,417 - VALO360 - DEBUG - 自動保存已禁用，跳過配置保存
2025-08-17 11:54:46,417 - VALO360 - DEBUG - 自動保存已禁用，跳過配置保存
2025-08-17 11:54:46,417 - VALO360 - DEBUG - 自動保存已禁用，跳過配置保存
2025-08-17 11:54:46,418 - VALO360 - DEBUG - 自動保存已禁用，跳過配置保存
2025-08-17 11:54:46,418 - VALO360 - DEBUG - 自動保存已禁用，跳過配置保存
2025-08-17 11:54:46,418 - VALO360 - DEBUG - 自動保存已禁用，跳過配置保存
2025-08-17 11:54:46,418 - VALO360 - DEBUG - 自動保存已禁用，跳過配置保存
2025-08-17 11:54:46,419 - VALO360 - DEBUG - 自動保存已禁用，跳過配置保存
2025-08-17 11:54:46,419 - VALO360 - DEBUG - 自動保存已禁用，跳過配置保存
2025-08-17 11:54:46,419 - VALO360 - DEBUG - 自動保存已禁用，跳過配置保存
2025-08-17 11:54:46,420 - VALO360 - DEBUG - 自動保存已禁用，跳過配置保存
2025-08-17 11:54:46,420 - VALO360 - DEBUG - 自動保存已禁用，跳過配置保存
2025-08-17 11:54:46,420 - VALO360 - DEBUG - 自動保存已禁用，跳過配置保存
2025-08-17 11:54:46,421 - VALO360 - DEBUG - 自動保存已禁用，跳過配置保存
2025-08-17 11:54:46,421 - VALO360 - DEBUG - 自動保存已禁用，跳過配置保存
2025-08-17 11:54:46,421 - VALO360 - DEBUG - 自動保存已禁用，跳過配置保存
2025-08-17 11:54:46,421 - VALO360 - DEBUG - 自動保存已禁用，跳過配置保存
2025-08-17 11:54:46,422 - VALO360 - DEBUG - 自動保存已禁用，跳過配置保存
2025-08-17 11:54:46,422 - VALO360 - DEBUG - 自動保存已禁用，跳過配置保存
2025-08-17 11:54:46,422 - VALO360 - DEBUG - 自動保存已禁用，跳過配置保存
2025-08-17 11:54:46,422 - VALO360 - DEBUG - 自動保存已禁用，跳過配置保存
2025-08-17 11:54:46,423 - VALO360 - DEBUG - 自動保存已禁用，跳過配置保存
2025-08-17 11:54:46,423 - VALO360 - DEBUG - 自動保存已禁用，跳過配置保存
2025-08-17 11:54:46,423 - VALO360 - DEBUG - 自動保存已禁用，跳過配置保存
2025-08-17 11:54:46,423 - VALO360 - DEBUG - 自動保存已禁用，跳過配置保存
2025-08-17 11:54:46,424 - VALO360 - DEBUG - 自動保存已禁用，跳過配置保存
2025-08-17 11:54:46,424 - VALO360 - DEBUG - 自動保存已禁用，跳過配置保存
2025-08-17 11:54:46,424 - VALO360 - DEBUG - 自動保存已禁用，跳過配置保存
2025-08-17 11:54:46,424 - VALO360 - DEBUG - 自動保存已禁用，跳過配置保存
2025-08-17 11:54:46,425 - VALO360 - DEBUG - 自動保存已禁用，跳過配置保存
2025-08-17 11:54:46,425 - VALO360 - DEBUG - 自動保存已禁用，跳過配置保存
2025-08-17 11:54:46,425 - VALO360 - DEBUG - 自動保存已禁用，跳過配置保存
2025-08-17 11:54:46,425 - VALO360 - DEBUG - 自動保存已禁用，跳過配置保存
2025-08-17 11:54:46,425 - VALO360 - DEBUG - 自動保存已禁用，跳過配置保存
2025-08-17 11:54:46,426 - VALO360 - DEBUG - 自動保存已禁用，跳過配置保存
2025-08-17 11:54:46,426 - VALO360 - DEBUG - 自動保存已禁用，跳過配置保存
2025-08-17 11:54:46,426 - VALO360 - DEBUG - 自動保存已禁用，跳過配置保存
2025-08-17 11:54:46,426 - VALO360 - DEBUG - 自動保存已禁用，跳過配置保存
2025-08-17 11:54:46,426 - VALO360 - DEBUG - 自動保存已禁用，跳過配置保存
2025-08-17 11:54:46,427 - VALO360 - DEBUG - 自動保存已禁用，跳過配置保存
2025-08-17 11:54:46,427 - VALO360 - DEBUG - 自動保存已禁用，跳過配置保存
2025-08-17 11:54:46,427 - VALO360 - DEBUG - 自動保存已禁用，跳過配置保存
2025-08-17 11:54:46,427 - VALO360 - DEBUG - 自動保存已禁用，跳過配置保存
2025-08-17 11:54:46,428 - VALO360 - DEBUG - 自動保存已禁用，跳過配置保存
2025-08-17 11:54:46,428 - VALO360 - DEBUG - 自動保存已禁用，跳過配置保存
2025-08-17 11:54:46,428 - VALO360 - DEBUG - 自動保存已禁用，跳過配置保存
2025-08-17 11:54:46,428 - VALO360 - DEBUG - 自動保存已禁用，跳過配置保存
2025-08-17 11:54:46,429 - VALO360 - DEBUG - 自動保存已禁用，跳過配置保存
2025-08-17 11:54:46,429 - VALO360 - DEBUG - 自動保存已禁用，跳過配置保存
2025-08-17 11:54:46,429 - VALO360 - DEBUG - 自動保存已禁用，跳過配置保存
2025-08-17 11:54:46,430 - VALO360 - DEBUG - 自動保存已禁用，跳過配置保存
2025-08-17 11:54:46,520 - VALO360 - DEBUG - 自動保存已禁用，跳過配置保存
2025-08-17 11:54:46,520 - VALO360 - DEBUG - 自動保存已禁用，跳過配置保存
2025-08-17 11:54:46,520 - VALO360 - DEBUG - 自動保存已禁用，跳過配置保存
2025-08-17 11:54:46,520 - VALO360 - DEBUG - 自動保存已禁用，跳過配置保存
2025-08-17 11:54:46,521 - VALO360 - DEBUG - 自動保存已禁用，跳過配置保存
2025-08-17 11:54:46,521 - VALO360 - DEBUG - 自動保存已禁用，跳過配置保存
2025-08-17 11:54:46,521 - VALO360 - DEBUG - 自動保存已禁用，跳過配置保存
2025-08-17 11:54:46,521 - VALO360 - DEBUG - 自動保存已禁用，跳過配置保存
2025-08-17 11:54:46,528 - VALO360 - DEBUG - 自動保存已禁用，跳過配置保存
2025-08-17 11:54:46,528 - VALO360 - DEBUG - 自動保存已禁用，跳過配置保存
2025-08-17 11:54:46,529 - VALO360 - DEBUG - 自動保存已禁用，跳過配置保存
2025-08-17 11:54:46,529 - VALO360 - DEBUG - 自動保存已禁用，跳過配置保存
2025-08-17 11:54:46,529 - VALO360 - DEBUG - 自動保存已禁用，跳過配置保存
2025-08-17 11:54:46,529 - VALO360 - DEBUG - 自動保存已禁用，跳過配置保存
2025-08-17 11:54:46,529 - VALO360 - DEBUG - 自動保存已禁用，跳過配置保存
2025-08-17 11:54:46,530 - VALO360 - DEBUG - 自動保存已禁用，跳過配置保存
2025-08-17 11:54:46,541 - VALO360 - DEBUG - 自動保存已禁用，跳過配置保存
2025-08-17 11:54:46,542 - VALO360 - DEBUG - 自動保存已禁用，跳過配置保存
2025-08-17 11:54:46,542 - VALO360 - DEBUG - 自動保存已禁用，跳過配置保存
2025-08-17 11:54:46,542 - VALO360 - DEBUG - 自動保存已禁用，跳過配置保存
2025-08-17 11:54:46,542 - VALO360 - DEBUG - 自動保存已禁用，跳過配置保存
2025-08-17 11:54:46,542 - VALO360 - DEBUG - 自動保存已禁用，跳過配置保存
2025-08-17 11:54:46,543 - VALO360 - DEBUG - 自動保存已禁用，跳過配置保存
2025-08-17 11:54:46,543 - VALO360 - DEBUG - 自動保存已禁用，跳過配置保存
2025-08-17 11:54:46,549 - VALO360 - DEBUG - 自動保存已禁用，跳過配置保存
2025-08-17 11:54:46,549 - VALO360 - DEBUG - 自動保存已禁用，跳過配置保存
2025-08-17 11:54:46,549 - VALO360 - DEBUG - 自動保存已禁用，跳過配置保存
2025-08-17 11:54:46,549 - VALO360 - DEBUG - 自動保存已禁用，跳過配置保存
2025-08-17 11:54:46,550 - VALO360 - DEBUG - 自動保存已禁用，跳過配置保存
2025-08-17 11:54:46,550 - VALO360 - DEBUG - 自動保存已禁用，跳過配置保存
2025-08-17 11:54:46,550 - VALO360 - DEBUG - 自動保存已禁用，跳過配置保存
2025-08-17 11:54:46,550 - VALO360 - DEBUG - 自動保存已禁用，跳過配置保存
2025-08-17 11:54:46,558 - VALO360 - DEBUG - 自動保存已禁用，跳過配置保存
2025-08-17 11:54:46,558 - VALO360 - DEBUG - 自動保存已禁用，跳過配置保存
2025-08-17 11:54:46,558 - VALO360 - DEBUG - 自動保存已禁用，跳過配置保存
2025-08-17 11:54:46,559 - VALO360 - DEBUG - 自動保存已禁用，跳過配置保存
2025-08-17 11:54:46,559 - VALO360 - DEBUG - 自動保存已禁用，跳過配置保存
2025-08-17 11:54:46,559 - VALO360 - DEBUG - 自動保存已禁用，跳過配置保存
2025-08-17 11:54:46,559 - VALO360 - DEBUG - 自動保存已禁用，跳過配置保存
2025-08-17 11:54:46,559 - VALO360 - DEBUG - 自動保存已禁用，跳過配置保存
2025-08-17 11:54:46,562 - VALO360 - DEBUG - 自動保存已禁用，跳過配置保存
2025-08-17 11:54:46,562 - VALO360 - DEBUG - 自動保存已禁用，跳過配置保存
2025-08-17 11:54:46,562 - VALO360 - DEBUG - 自動保存已禁用，跳過配置保存
2025-08-17 11:54:46,563 - VALO360 - DEBUG - 自動保存已禁用，跳過配置保存
2025-08-17 11:54:46,563 - VALO360 - DEBUG - 自動保存已禁用，跳過配置保存
2025-08-17 11:54:46,563 - VALO360 - DEBUG - 自動保存已禁用，跳過配置保存
2025-08-17 11:54:46,563 - VALO360 - DEBUG - 自動保存已禁用，跳過配置保存
2025-08-17 11:54:46,563 - VALO360 - DEBUG - 自動保存已禁用，跳過配置保存
2025-08-17 11:54:46,564 - VALO360 - DEBUG - 自動保存已禁用，跳過配置保存
2025-08-17 11:54:46,564 - VALO360 - DEBUG - 自動保存已禁用，跳過配置保存
2025-08-17 11:54:46,564 - VALO360 - DEBUG - 自動保存已禁用，跳過配置保存
2025-08-17 11:54:46,564 - VALO360 - DEBUG - 自動保存已禁用，跳過配置保存
2025-08-17 11:54:46,565 - VALO360 - DEBUG - 自動保存已禁用，跳過配置保存
2025-08-17 11:54:46,565 - VALO360 - DEBUG - 自動保存已禁用，跳過配置保存
2025-08-17 11:54:46,565 - VALO360 - DEBUG - 自動保存已禁用，跳過配置保存
2025-08-17 11:54:46,565 - VALO360 - DEBUG - 自動保存已禁用，跳過配置保存
2025-08-17 11:54:46,568 - VALO360 - DEBUG - 自動保存已禁用，跳過配置保存
2025-08-17 11:54:46,569 - VALO360 - DEBUG - 自動保存已禁用，跳過配置保存
2025-08-17 11:54:46,569 - VALO360 - DEBUG - 自動保存已禁用，跳過配置保存
2025-08-17 11:54:46,569 - VALO360 - DEBUG - 自動保存已禁用，跳過配置保存
2025-08-17 11:54:46,569 - VALO360 - DEBUG - 自動保存已禁用，跳過配置保存
2025-08-17 11:54:46,570 - VALO360 - DEBUG - 自動保存已禁用，跳過配置保存
2025-08-17 11:54:46,570 - VALO360 - DEBUG - 自動保存已禁用，跳過配置保存
2025-08-17 11:54:46,570 - VALO360 - DEBUG - 自動保存已禁用，跳過配置保存
2025-08-17 11:54:46,572 - VALO360 - DEBUG - 自動保存已禁用，跳過配置保存
2025-08-17 11:54:46,573 - VALO360 - DEBUG - 自動保存已禁用，跳過配置保存
2025-08-17 11:54:46,573 - VALO360 - DEBUG - 自動保存已禁用，跳過配置保存
2025-08-17 11:54:46,573 - VALO360 - DEBUG - 自動保存已禁用，跳過配置保存
2025-08-17 11:54:46,573 - VALO360 - DEBUG - 自動保存已禁用，跳過配置保存
2025-08-17 11:54:46,574 - VALO360 - DEBUG - 自動保存已禁用，跳過配置保存
2025-08-17 11:54:46,574 - VALO360 - DEBUG - 自動保存已禁用，跳過配置保存
2025-08-17 11:54:46,574 - VALO360 - DEBUG - 自動保存已禁用，跳過配置保存
2025-08-17 11:54:46,584 - VALO360 - DEBUG - 自動保存已禁用，跳過配置保存
2025-08-17 11:54:46,585 - VALO360 - DEBUG - 自動保存已禁用，跳過配置保存
2025-08-17 11:54:46,585 - VALO360 - DEBUG - 自動保存已禁用，跳過配置保存
2025-08-17 11:54:46,585 - VALO360 - DEBUG - 自動保存已禁用，跳過配置保存
2025-08-17 11:54:46,585 - VALO360 - DEBUG - 自動保存已禁用，跳過配置保存
2025-08-17 11:54:46,586 - VALO360 - DEBUG - 自動保存已禁用，跳過配置保存
2025-08-17 11:54:46,586 - VALO360 - DEBUG - 自動保存已禁用，跳過配置保存
2025-08-17 11:54:46,586 - VALO360 - DEBUG - 自動保存已禁用，跳過配置保存
2025-08-17 11:54:46,586 - VALO360 - DEBUG - 自動保存已禁用，跳過配置保存
2025-08-17 11:54:46,587 - VALO360 - DEBUG - 自動保存已禁用，跳過配置保存
2025-08-17 11:54:46,587 - VALO360 - DEBUG - 自動保存已禁用，跳過配置保存
2025-08-17 11:54:46,587 - VALO360 - DEBUG - 自動保存已禁用，跳過配置保存
2025-08-17 11:54:46,587 - VALO360 - DEBUG - 自動保存已禁用，跳過配置保存
2025-08-17 11:54:46,587 - VALO360 - DEBUG - 自動保存已禁用，跳過配置保存
2025-08-17 11:54:46,588 - VALO360 - DEBUG - 自動保存已禁用，跳過配置保存
2025-08-17 11:54:46,588 - VALO360 - DEBUG - 自動保存已禁用，跳過配置保存
2025-08-17 11:54:46,592 - VALO360 - DEBUG - 自動保存已禁用，跳過配置保存
2025-08-17 11:54:46,592 - VALO360 - DEBUG - 自動保存已禁用，跳過配置保存
2025-08-17 11:54:46,592 - VALO360 - DEBUG - 自動保存已禁用，跳過配置保存
2025-08-17 11:54:46,593 - VALO360 - DEBUG - 自動保存已禁用，跳過配置保存
2025-08-17 11:54:46,593 - VALO360 - DEBUG - 自動保存已禁用，跳過配置保存
2025-08-17 11:54:46,593 - VALO360 - DEBUG - 自動保存已禁用，跳過配置保存
2025-08-17 11:54:46,593 - VALO360 - DEBUG - 自動保存已禁用，跳過配置保存
2025-08-17 11:54:46,593 - VALO360 - DEBUG - 自動保存已禁用，跳過配置保存
2025-08-17 11:54:46,600 - VALO360 - DEBUG - 自動保存已禁用，跳過配置保存
2025-08-17 11:54:46,600 - VALO360 - DEBUG - 自動保存已禁用，跳過配置保存
2025-08-17 11:54:46,600 - VALO360 - DEBUG - 自動保存已禁用，跳過配置保存
2025-08-17 11:54:46,601 - VALO360 - DEBUG - 自動保存已禁用，跳過配置保存
2025-08-17 11:54:46,601 - VALO360 - DEBUG - 自動保存已禁用，跳過配置保存
2025-08-17 11:54:46,601 - VALO360 - DEBUG - 自動保存已禁用，跳過配置保存
2025-08-17 11:54:46,602 - VALO360 - DEBUG - 自動保存已禁用，跳過配置保存
2025-08-17 11:54:46,602 - VALO360 - DEBUG - 自動保存已禁用，跳過配置保存
2025-08-17 11:54:46,605 - VALO360 - DEBUG - 自動保存已禁用，跳過配置保存
2025-08-17 11:54:46,605 - VALO360 - DEBUG - 自動保存已禁用，跳過配置保存
2025-08-17 11:54:46,605 - VALO360 - DEBUG - 自動保存已禁用，跳過配置保存
2025-08-17 11:54:46,605 - VALO360 - DEBUG - 自動保存已禁用，跳過配置保存
2025-08-17 11:54:46,605 - VALO360 - DEBUG - 自動保存已禁用，跳過配置保存
2025-08-17 11:54:46,606 - VALO360 - DEBUG - 自動保存已禁用，跳過配置保存
2025-08-17 11:54:46,606 - VALO360 - DEBUG - 自動保存已禁用，跳過配置保存
2025-08-17 11:54:46,606 - VALO360 - DEBUG - 自動保存已禁用，跳過配置保存
2025-08-17 11:54:46,614 - VALO360 - DEBUG - 自動保存已禁用，跳過配置保存
2025-08-17 11:54:46,615 - VALO360 - DEBUG - 自動保存已禁用，跳過配置保存
2025-08-17 11:54:46,615 - VALO360 - DEBUG - 自動保存已禁用，跳過配置保存
2025-08-17 11:54:46,615 - VALO360 - DEBUG - 自動保存已禁用，跳過配置保存
2025-08-17 11:54:46,616 - VALO360 - DEBUG - 自動保存已禁用，跳過配置保存
2025-08-17 11:54:46,616 - VALO360 - DEBUG - 自動保存已禁用，跳過配置保存
2025-08-17 11:54:46,616 - VALO360 - DEBUG - 自動保存已禁用，跳過配置保存
2025-08-17 11:54:46,616 - VALO360 - DEBUG - 自動保存已禁用，跳過配置保存
2025-08-17 11:54:46,617 - VALO360 - DEBUG - 自動保存已禁用，跳過配置保存
2025-08-17 11:54:46,617 - VALO360 - DEBUG - 自動保存已禁用，跳過配置保存
2025-08-17 11:54:46,617 - VALO360 - DEBUG - 自動保存已禁用，跳過配置保存
2025-08-17 11:54:46,617 - VALO360 - DEBUG - 自動保存已禁用，跳過配置保存
2025-08-17 11:54:46,618 - VALO360 - DEBUG - 自動保存已禁用，跳過配置保存
2025-08-17 11:54:46,618 - VALO360 - DEBUG - 自動保存已禁用，跳過配置保存
2025-08-17 11:54:46,618 - VALO360 - DEBUG - 自動保存已禁用，跳過配置保存
2025-08-17 11:54:46,618 - VALO360 - DEBUG - 自動保存已禁用，跳過配置保存
2025-08-17 11:54:46,629 - VALO360 - DEBUG - 自動保存已禁用，跳過配置保存
2025-08-17 11:54:46,629 - VALO360 - DEBUG - 自動保存已禁用，跳過配置保存
2025-08-17 11:54:46,629 - VALO360 - DEBUG - 自動保存已禁用，跳過配置保存
2025-08-17 11:54:46,630 - VALO360 - DEBUG - 自動保存已禁用，跳過配置保存
2025-08-17 11:54:46,630 - VALO360 - DEBUG - 自動保存已禁用，跳過配置保存
2025-08-17 11:54:46,630 - VALO360 - DEBUG - 自動保存已禁用，跳過配置保存
2025-08-17 11:54:46,630 - VALO360 - DEBUG - 自動保存已禁用，跳過配置保存
2025-08-17 11:54:46,631 - VALO360 - DEBUG - 自動保存已禁用，跳過配置保存
2025-08-17 11:54:46,638 - VALO360 - DEBUG - 自動保存已禁用，跳過配置保存
2025-08-17 11:54:46,638 - VALO360 - DEBUG - 自動保存已禁用，跳過配置保存
2025-08-17 11:54:46,638 - VALO360 - DEBUG - 自動保存已禁用，跳過配置保存
2025-08-17 11:54:46,638 - VALO360 - DEBUG - 自動保存已禁用，跳過配置保存
2025-08-17 11:54:46,639 - VALO360 - DEBUG - 自動保存已禁用，跳過配置保存
2025-08-17 11:54:46,639 - VALO360 - DEBUG - 自動保存已禁用，跳過配置保存
2025-08-17 11:54:46,639 - VALO360 - DEBUG - 自動保存已禁用，跳過配置保存
2025-08-17 11:54:46,639 - VALO360 - DEBUG - 自動保存已禁用，跳過配置保存
2025-08-17 11:54:46,639 - VALO360 - DEBUG - 自動保存已禁用，跳過配置保存
2025-08-17 11:54:46,640 - VALO360 - DEBUG - 自動保存已禁用，跳過配置保存
2025-08-17 11:54:46,640 - VALO360 - DEBUG - 自動保存已禁用，跳過配置保存
2025-08-17 11:54:46,640 - VALO360 - DEBUG - 自動保存已禁用，跳過配置保存
2025-08-17 11:54:46,640 - VALO360 - DEBUG - 自動保存已禁用，跳過配置保存
2025-08-17 11:54:46,640 - VALO360 - DEBUG - 自動保存已禁用，跳過配置保存
2025-08-17 11:54:46,641 - VALO360 - DEBUG - 自動保存已禁用，跳過配置保存
2025-08-17 11:54:46,641 - VALO360 - DEBUG - 自動保存已禁用，跳過配置保存
2025-08-17 11:54:46,658 - VALO360 - DEBUG - 自動保存已禁用，跳過配置保存
2025-08-17 11:54:46,658 - VALO360 - DEBUG - 自動保存已禁用，跳過配置保存
2025-08-17 11:54:46,658 - VALO360 - DEBUG - 自動保存已禁用，跳過配置保存
2025-08-17 11:54:46,658 - VALO360 - DEBUG - 自動保存已禁用，跳過配置保存
2025-08-17 11:54:46,659 - VALO360 - DEBUG - 自動保存已禁用，跳過配置保存
2025-08-17 11:54:46,659 - VALO360 - DEBUG - 自動保存已禁用，跳過配置保存
2025-08-17 11:54:46,659 - VALO360 - DEBUG - 自動保存已禁用，跳過配置保存
2025-08-17 11:54:46,659 - VALO360 - DEBUG - 自動保存已禁用，跳過配置保存
2025-08-17 11:54:46,665 - VALO360 - DEBUG - 自動保存已禁用，跳過配置保存
2025-08-17 11:54:46,665 - VALO360 - DEBUG - 自動保存已禁用，跳過配置保存
2025-08-17 11:54:46,665 - VALO360 - DEBUG - 自動保存已禁用，跳過配置保存
2025-08-17 11:54:46,666 - VALO360 - DEBUG - 自動保存已禁用，跳過配置保存
2025-08-17 11:54:46,666 - VALO360 - DEBUG - 自動保存已禁用，跳過配置保存
2025-08-17 11:54:46,666 - VALO360 - DEBUG - 自動保存已禁用，跳過配置保存
2025-08-17 11:54:46,666 - VALO360 - DEBUG - 自動保存已禁用，跳過配置保存
2025-08-17 11:54:46,667 - VALO360 - DEBUG - 自動保存已禁用，跳過配置保存
2025-08-17 11:54:46,675 - VALO360 - DEBUG - 自動保存已禁用，跳過配置保存
2025-08-17 11:54:46,675 - VALO360 - DEBUG - 自動保存已禁用，跳過配置保存
2025-08-17 11:54:46,675 - VALO360 - DEBUG - 自動保存已禁用，跳過配置保存
2025-08-17 11:54:46,675 - VALO360 - DEBUG - 自動保存已禁用，跳過配置保存
2025-08-17 11:54:46,676 - VALO360 - DEBUG - 自動保存已禁用，跳過配置保存
2025-08-17 11:54:46,676 - VALO360 - DEBUG - 自動保存已禁用，跳過配置保存
2025-08-17 11:54:46,676 - VALO360 - DEBUG - 自動保存已禁用，跳過配置保存
2025-08-17 11:54:46,676 - VALO360 - DEBUG - 自動保存已禁用，跳過配置保存
2025-08-17 11:54:46,724 - VALO360 - DEBUG - 自動保存已禁用，跳過配置保存
2025-08-17 11:54:46,724 - VALO360 - DEBUG - 自動保存已禁用，跳過配置保存
2025-08-17 11:54:46,725 - VALO360 - DEBUG - 自動保存已禁用，跳過配置保存
2025-08-17 11:54:46,725 - VALO360 - DEBUG - 自動保存已禁用，跳過配置保存
2025-08-17 11:54:46,725 - VALO360 - DEBUG - 自動保存已禁用，跳過配置保存
2025-08-17 11:54:46,725 - VALO360 - DEBUG - 自動保存已禁用，跳過配置保存
2025-08-17 11:54:46,726 - VALO360 - DEBUG - 自動保存已禁用，跳過配置保存
2025-08-17 11:54:46,726 - VALO360 - DEBUG - 自動保存已禁用，跳過配置保存
2025-08-17 11:54:46,760 - VALO360 - DEBUG - 自動保存已禁用，跳過配置保存
2025-08-17 11:54:46,760 - VALO360 - DEBUG - 自動保存已禁用，跳過配置保存
2025-08-17 11:54:46,760 - VALO360 - DEBUG - 自動保存已禁用，跳過配置保存
2025-08-17 11:54:46,761 - VALO360 - DEBUG - 自動保存已禁用，跳過配置保存
2025-08-17 11:54:46,761 - VALO360 - DEBUG - 自動保存已禁用，跳過配置保存
2025-08-17 11:54:46,761 - VALO360 - DEBUG - 自動保存已禁用，跳過配置保存
2025-08-17 11:54:46,762 - VALO360 - DEBUG - 自動保存已禁用，跳過配置保存
2025-08-17 11:54:46,762 - VALO360 - DEBUG - 自動保存已禁用，跳過配置保存
2025-08-17 11:54:46,762 - VALO360 - DEBUG - 自動保存已禁用，跳過配置保存
2025-08-17 11:54:46,762 - VALO360 - DEBUG - 自動保存已禁用，跳過配置保存
2025-08-17 11:54:46,763 - VALO360 - DEBUG - 自動保存已禁用，跳過配置保存
2025-08-17 11:54:46,763 - VALO360 - DEBUG - 自動保存已禁用，跳過配置保存
2025-08-17 11:54:46,763 - VALO360 - DEBUG - 自動保存已禁用，跳過配置保存
2025-08-17 11:54:46,764 - VALO360 - DEBUG - 自動保存已禁用，跳過配置保存
2025-08-17 11:54:46,764 - VALO360 - DEBUG - 自動保存已禁用，跳過配置保存
2025-08-17 11:54:46,764 - VALO360 - DEBUG - 自動保存已禁用，跳過配置保存
2025-08-17 11:54:46,764 - VALO360 - DEBUG - 自動保存已禁用，跳過配置保存
2025-08-17 11:54:46,765 - VALO360 - DEBUG - 自動保存已禁用，跳過配置保存
2025-08-17 11:54:46,765 - VALO360 - DEBUG - 自動保存已禁用，跳過配置保存
2025-08-17 11:54:46,765 - VALO360 - DEBUG - 自動保存已禁用，跳過配置保存
2025-08-17 11:54:46,766 - VALO360 - DEBUG - 自動保存已禁用，跳過配置保存
2025-08-17 11:54:46,766 - VALO360 - DEBUG - 自動保存已禁用，跳過配置保存
2025-08-17 11:54:46,766 - VALO360 - DEBUG - 自動保存已禁用，跳過配置保存
2025-08-17 11:54:46,766 - VALO360 - DEBUG - 自動保存已禁用，跳過配置保存
2025-08-17 11:54:46,767 - VALO360 - DEBUG - 自動保存已禁用，跳過配置保存
2025-08-17 11:54:46,767 - VALO360 - DEBUG - 自動保存已禁用，跳過配置保存
2025-08-17 11:54:46,768 - VALO360 - DEBUG - 自動保存已禁用，跳過配置保存
2025-08-17 11:54:46,768 - VALO360 - DEBUG - 自動保存已禁用，跳過配置保存
2025-08-17 11:54:46,768 - VALO360 - DEBUG - 自動保存已禁用，跳過配置保存
2025-08-17 11:54:46,769 - VALO360 - DEBUG - 自動保存已禁用，跳過配置保存
2025-08-17 11:54:46,769 - VALO360 - DEBUG - 自動保存已禁用，跳過配置保存
2025-08-17 11:54:46,769 - VALO360 - DEBUG - 自動保存已禁用，跳過配置保存
2025-08-17 11:54:46,769 - VALO360 - DEBUG - 自動保存已禁用，跳過配置保存
2025-08-17 11:54:46,770 - VALO360 - DEBUG - 自動保存已禁用，跳過配置保存
2025-08-17 11:54:46,770 - VALO360 - DEBUG - 自動保存已禁用，跳過配置保存
2025-08-17 11:54:46,770 - VALO360 - DEBUG - 自動保存已禁用，跳過配置保存
2025-08-17 11:54:46,771 - VALO360 - DEBUG - 自動保存已禁用，跳過配置保存
2025-08-17 11:54:46,771 - VALO360 - DEBUG - 自動保存已禁用，跳過配置保存
2025-08-17 11:54:46,771 - VALO360 - DEBUG - 自動保存已禁用，跳過配置保存
2025-08-17 11:54:46,771 - VALO360 - DEBUG - 自動保存已禁用，跳過配置保存
2025-08-17 11:54:46,772 - VALO360 - DEBUG - 自動保存已禁用，跳過配置保存
2025-08-17 11:54:46,772 - VALO360 - DEBUG - 自動保存已禁用，跳過配置保存
2025-08-17 11:54:46,772 - VALO360 - DEBUG - 自動保存已禁用，跳過配置保存
2025-08-17 11:54:46,772 - VALO360 - DEBUG - 自動保存已禁用，跳過配置保存
2025-08-17 11:54:46,773 - VALO360 - DEBUG - 自動保存已禁用，跳過配置保存
2025-08-17 11:54:46,773 - VALO360 - DEBUG - 自動保存已禁用，跳過配置保存
2025-08-17 11:54:46,773 - VALO360 - DEBUG - 自動保存已禁用，跳過配置保存
2025-08-17 11:54:46,774 - VALO360 - DEBUG - 自動保存已禁用，跳過配置保存
2025-08-17 11:54:46,774 - VALO360 - DEBUG - 自動保存已禁用，跳過配置保存
2025-08-17 11:54:46,774 - VALO360 - DEBUG - 自動保存已禁用，跳過配置保存
2025-08-17 11:54:46,774 - VALO360 - DEBUG - 自動保存已禁用，跳過配置保存
2025-08-17 11:54:46,775 - VALO360 - DEBUG - 自動保存已禁用，跳過配置保存
2025-08-17 11:54:46,775 - VALO360 - DEBUG - 自動保存已禁用，跳過配置保存
2025-08-17 11:54:46,775 - VALO360 - DEBUG - 自動保存已禁用，跳過配置保存
2025-08-17 11:54:46,776 - VALO360 - DEBUG - 自動保存已禁用，跳過配置保存
2025-08-17 11:54:46,776 - VALO360 - DEBUG - 自動保存已禁用，跳過配置保存
2025-08-17 11:54:46,776 - VALO360 - DEBUG - 自動保存已禁用，跳過配置保存
2025-08-17 11:54:46,776 - VALO360 - DEBUG - 自動保存已禁用，跳過配置保存
2025-08-17 11:54:46,777 - VALO360 - DEBUG - 自動保存已禁用，跳過配置保存
2025-08-17 11:54:46,777 - VALO360 - DEBUG - 自動保存已禁用，跳過配置保存
2025-08-17 11:54:46,777 - VALO360 - DEBUG - 自動保存已禁用，跳過配置保存
2025-08-17 11:54:46,778 - VALO360 - DEBUG - 自動保存已禁用，跳過配置保存
2025-08-17 11:54:46,778 - VALO360 - DEBUG - 自動保存已禁用，跳過配置保存
2025-08-17 11:54:46,778 - VALO360 - DEBUG - 自動保存已禁用，跳過配置保存
2025-08-17 11:54:46,778 - VALO360 - DEBUG - 自動保存已禁用，跳過配置保存
2025-08-17 11:54:46,779 - VALO360 - DEBUG - 自動保存已禁用，跳過配置保存
2025-08-17 11:54:46,779 - VALO360 - DEBUG - 自動保存已禁用，跳過配置保存
2025-08-17 11:54:46,779 - VALO360 - DEBUG - 自動保存已禁用，跳過配置保存
2025-08-17 11:54:46,818 - VALO360 - DEBUG - 自動保存已禁用，跳過配置保存
2025-08-17 11:54:46,819 - VALO360 - DEBUG - 自動保存已禁用，跳過配置保存
2025-08-17 11:54:46,819 - VALO360 - DEBUG - 自動保存已禁用，跳過配置保存
2025-08-17 11:54:46,819 - VALO360 - DEBUG - 自動保存已禁用，跳過配置保存
2025-08-17 11:54:46,820 - VALO360 - DEBUG - 自動保存已禁用，跳過配置保存
2025-08-17 11:54:46,820 - VALO360 - DEBUG - 自動保存已禁用，跳過配置保存
2025-08-17 11:54:46,820 - VALO360 - DEBUG - 自動保存已禁用，跳過配置保存
2025-08-17 11:54:46,821 - VALO360 - DEBUG - 自動保存已禁用，跳過配置保存
2025-08-17 11:54:46,821 - VALO360 - DEBUG - 自動保存已禁用，跳過配置保存
2025-08-17 11:54:46,822 - VALO360 - DEBUG - 自動保存已禁用，跳過配置保存
2025-08-17 11:54:46,822 - VALO360 - DEBUG - 自動保存已禁用，跳過配置保存
2025-08-17 11:54:46,822 - VALO360 - DEBUG - 自動保存已禁用，跳過配置保存
2025-08-17 11:54:46,824 - VALO360 - DEBUG - 自動保存已禁用，跳過配置保存
2025-08-17 11:54:46,824 - VALO360 - DEBUG - 自動保存已禁用，跳過配置保存
2025-08-17 11:54:46,824 - VALO360 - DEBUG - 自動保存已禁用，跳過配置保存
2025-08-17 11:54:46,825 - VALO360 - DEBUG - 自動保存已禁用，跳過配置保存
2025-08-17 11:54:46,826 - VALO360 - DEBUG - 自動保存已禁用，跳過配置保存
2025-08-17 11:54:46,826 - VALO360 - DEBUG - 自動保存已禁用，跳過配置保存
2025-08-17 11:54:46,826 - VALO360 - DEBUG - 自動保存已禁用，跳過配置保存
2025-08-17 11:54:46,826 - VALO360 - DEBUG - 自動保存已禁用，跳過配置保存
2025-08-17 11:54:46,827 - VALO360 - DEBUG - 自動保存已禁用，跳過配置保存
2025-08-17 11:54:46,827 - VALO360 - DEBUG - 自動保存已禁用，跳過配置保存
2025-08-17 11:54:46,828 - VALO360 - DEBUG - 自動保存已禁用，跳過配置保存
2025-08-17 11:54:46,828 - VALO360 - DEBUG - 自動保存已禁用，跳過配置保存
2025-08-17 11:54:46,829 - VALO360 - DEBUG - 自動保存已禁用，跳過配置保存
2025-08-17 11:54:46,829 - VALO360 - DEBUG - 自動保存已禁用，跳過配置保存
2025-08-17 11:54:46,829 - VALO360 - DEBUG - 自動保存已禁用，跳過配置保存
2025-08-17 11:54:46,829 - VALO360 - DEBUG - 自動保存已禁用，跳過配置保存
2025-08-17 11:54:46,830 - VALO360 - DEBUG - 自動保存已禁用，跳過配置保存
2025-08-17 11:54:46,830 - VALO360 - DEBUG - 自動保存已禁用，跳過配置保存
2025-08-17 11:54:46,830 - VALO360 - DEBUG - 自動保存已禁用，跳過配置保存
2025-08-17 11:54:46,831 - VALO360 - DEBUG - 自動保存已禁用，跳過配置保存
2025-08-17 11:54:46,831 - VALO360 - DEBUG - 自動保存已禁用，跳過配置保存
2025-08-17 11:54:46,832 - VALO360 - DEBUG - 自動保存已禁用，跳過配置保存
2025-08-17 11:54:46,832 - VALO360 - DEBUG - 自動保存已禁用，跳過配置保存
2025-08-17 11:54:46,832 - VALO360 - DEBUG - 自動保存已禁用，跳過配置保存
2025-08-17 11:54:46,833 - VALO360 - DEBUG - 自動保存已禁用，跳過配置保存
2025-08-17 11:54:46,833 - VALO360 - DEBUG - 自動保存已禁用，跳過配置保存
2025-08-17 11:54:46,833 - VALO360 - DEBUG - 自動保存已禁用，跳過配置保存
2025-08-17 11:54:46,833 - VALO360 - DEBUG - 自動保存已禁用，跳過配置保存
2025-08-17 11:54:46,834 - VALO360 - DEBUG - 自動保存已禁用，跳過配置保存
2025-08-17 11:54:46,834 - VALO360 - DEBUG - 自動保存已禁用，跳過配置保存
2025-08-17 11:54:46,835 - VALO360 - DEBUG - 自動保存已禁用，跳過配置保存
2025-08-17 11:54:46,835 - VALO360 - DEBUG - 自動保存已禁用，跳過配置保存
2025-08-17 11:54:46,835 - VALO360 - DEBUG - 自動保存已禁用，跳過配置保存
2025-08-17 11:54:46,836 - VALO360 - DEBUG - 自動保存已禁用，跳過配置保存
2025-08-17 11:54:46,836 - VALO360 - DEBUG - 自動保存已禁用，跳過配置保存
2025-08-17 11:54:46,836 - VALO360 - DEBUG - 自動保存已禁用，跳過配置保存
2025-08-17 11:54:46,836 - VALO360 - DEBUG - 自動保存已禁用，跳過配置保存
2025-08-17 11:54:46,837 - VALO360 - DEBUG - 自動保存已禁用，跳過配置保存
2025-08-17 11:54:46,837 - VALO360 - DEBUG - 自動保存已禁用，跳過配置保存
2025-08-17 11:54:46,837 - VALO360 - DEBUG - 自動保存已禁用，跳過配置保存
2025-08-17 11:54:46,838 - VALO360 - DEBUG - 自動保存已禁用，跳過配置保存
2025-08-17 11:54:46,838 - VALO360 - DEBUG - 自動保存已禁用，跳過配置保存
2025-08-17 11:54:46,838 - VALO360 - DEBUG - 自動保存已禁用，跳過配置保存
2025-08-17 11:54:46,838 - VALO360 - DEBUG - 自動保存已禁用，跳過配置保存
2025-08-17 11:54:46,839 - VALO360 - DEBUG - 自動保存已禁用，跳過配置保存
2025-08-17 11:54:46,840 - VALO360 - DEBUG - 自動保存已禁用，跳過配置保存
2025-08-17 11:54:46,840 - VALO360 - DEBUG - 自動保存已禁用，跳過配置保存
2025-08-17 11:54:46,840 - VALO360 - DEBUG - 自動保存已禁用，跳過配置保存
2025-08-17 11:54:46,841 - VALO360 - DEBUG - 自動保存已禁用，跳過配置保存
2025-08-17 11:54:46,841 - VALO360 - DEBUG - 自動保存已禁用，跳過配置保存
2025-08-17 11:54:46,841 - VALO360 - DEBUG - 自動保存已禁用，跳過配置保存
2025-08-17 11:54:46,841 - VALO360 - DEBUG - 自動保存已禁用，跳過配置保存
2025-08-17 11:54:46,842 - VALO360 - DEBUG - 自動保存已禁用，跳過配置保存
2025-08-17 11:54:46,842 - VALO360 - DEBUG - 自動保存已禁用，跳過配置保存
2025-08-17 11:54:46,842 - VALO360 - DEBUG - 自動保存已禁用，跳過配置保存
2025-08-17 11:54:46,842 - VALO360 - DEBUG - 自動保存已禁用，跳過配置保存
2025-08-17 11:54:46,843 - VALO360 - DEBUG - 自動保存已禁用，跳過配置保存
2025-08-17 11:54:46,843 - VALO360 - DEBUG - 自動保存已禁用，跳過配置保存
2025-08-17 11:54:46,844 - VALO360 - DEBUG - 自動保存已禁用，跳過配置保存
2025-08-17 11:54:46,844 - VALO360 - DEBUG - 自動保存已禁用，跳過配置保存
2025-08-17 11:54:46,845 - VALO360 - DEBUG - 自動保存已禁用，跳過配置保存
2025-08-17 11:54:46,845 - VALO360 - DEBUG - 自動保存已禁用，跳過配置保存
2025-08-17 11:54:46,845 - VALO360 - DEBUG - 自動保存已禁用，跳過配置保存
2025-08-17 11:54:46,845 - VALO360 - DEBUG - 自動保存已禁用，跳過配置保存
2025-08-17 11:54:46,846 - VALO360 - DEBUG - 自動保存已禁用，跳過配置保存
2025-08-17 11:54:46,846 - VALO360 - DEBUG - 自動保存已禁用，跳過配置保存
2025-08-17 11:54:46,846 - VALO360 - DEBUG - 自動保存已禁用，跳過配置保存
2025-08-17 11:54:46,847 - VALO360 - DEBUG - 自動保存已禁用，跳過配置保存
2025-08-17 11:54:46,847 - VALO360 - DEBUG - 自動保存已禁用，跳過配置保存
2025-08-17 11:54:46,847 - VALO360 - DEBUG - 自動保存已禁用，跳過配置保存
2025-08-17 11:54:46,848 - VALO360 - DEBUG - 自動保存已禁用，跳過配置保存
2025-08-17 11:54:46,848 - VALO360 - DEBUG - 自動保存已禁用，跳過配置保存
2025-08-17 11:54:46,848 - VALO360 - DEBUG - 自動保存已禁用，跳過配置保存
2025-08-17 11:54:46,849 - VALO360 - DEBUG - 自動保存已禁用，跳過配置保存
2025-08-17 11:54:46,849 - VALO360 - DEBUG - 自動保存已禁用，跳過配置保存
2025-08-17 11:54:46,849 - VALO360 - DEBUG - 自動保存已禁用，跳過配置保存
2025-08-17 11:54:46,849 - VALO360 - DEBUG - 自動保存已禁用，跳過配置保存
2025-08-17 11:54:46,850 - VALO360 - DEBUG - 自動保存已禁用，跳過配置保存
2025-08-17 11:54:46,850 - VALO360 - DEBUG - 自動保存已禁用，跳過配置保存
2025-08-17 11:54:46,850 - VALO360 - DEBUG - 自動保存已禁用，跳過配置保存
2025-08-17 11:54:46,851 - VALO360 - DEBUG - 自動保存已禁用，跳過配置保存
2025-08-17 11:54:46,851 - VALO360 - DEBUG - 自動保存已禁用，跳過配置保存
2025-08-17 11:54:46,851 - VALO360 - DEBUG - 自動保存已禁用，跳過配置保存
2025-08-17 11:54:46,852 - VALO360 - DEBUG - 自動保存已禁用，跳過配置保存
2025-08-17 11:54:46,852 - VALO360 - DEBUG - 自動保存已禁用，跳過配置保存
2025-08-17 11:54:46,852 - VALO360 - DEBUG - 自動保存已禁用，跳過配置保存
2025-08-17 11:54:46,853 - VALO360 - DEBUG - 自動保存已禁用，跳過配置保存
2025-08-17 11:54:46,853 - VALO360 - DEBUG - 自動保存已禁用，跳過配置保存
2025-08-17 11:54:46,853 - VALO360 - DEBUG - 自動保存已禁用，跳過配置保存
2025-08-17 11:54:46,854 - VALO360 - DEBUG - 自動保存已禁用，跳過配置保存
2025-08-17 11:54:46,854 - VALO360 - DEBUG - 自動保存已禁用，跳過配置保存
2025-08-17 11:54:46,854 - VALO360 - DEBUG - 自動保存已禁用，跳過配置保存
2025-08-17 11:54:46,854 - VALO360 - DEBUG - 自動保存已禁用，跳過配置保存
2025-08-17 11:54:46,855 - VALO360 - DEBUG - 自動保存已禁用，跳過配置保存
2025-08-17 11:54:46,855 - VALO360 - DEBUG - 自動保存已禁用，跳過配置保存
2025-08-17 11:54:46,855 - VALO360 - DEBUG - 自動保存已禁用，跳過配置保存
2025-08-17 11:54:46,855 - VALO360 - DEBUG - 自動保存已禁用，跳過配置保存
2025-08-17 11:54:46,855 - VALO360 - DEBUG - 自動保存已禁用，跳過配置保存
2025-08-17 11:54:46,856 - VALO360 - DEBUG - 自動保存已禁用，跳過配置保存
2025-08-17 11:54:46,856 - VALO360 - DEBUG - 自動保存已禁用，跳過配置保存
2025-08-17 11:54:46,856 - VALO360 - DEBUG - 自動保存已禁用，跳過配置保存
2025-08-17 11:54:46,856 - VALO360 - DEBUG - 自動保存已禁用，跳過配置保存
2025-08-17 11:54:46,857 - VALO360 - DEBUG - 自動保存已禁用，跳過配置保存
2025-08-17 11:54:46,857 - VALO360 - DEBUG - 自動保存已禁用，跳過配置保存
2025-08-17 11:54:46,857 - VALO360 - DEBUG - 自動保存已禁用，跳過配置保存
2025-08-17 11:54:46,857 - VALO360 - DEBUG - 自動保存已禁用，跳過配置保存
2025-08-17 11:54:46,857 - VALO360 - DEBUG - 自動保存已禁用，跳過配置保存
2025-08-17 11:54:46,858 - VALO360 - DEBUG - 自動保存已禁用，跳過配置保存
2025-08-17 11:54:46,858 - VALO360 - DEBUG - 自動保存已禁用，跳過配置保存
2025-08-17 11:54:46,858 - VALO360 - DEBUG - 自動保存已禁用，跳過配置保存
2025-08-17 11:54:46,858 - VALO360 - DEBUG - 自動保存已禁用，跳過配置保存
2025-08-17 11:54:46,859 - VALO360 - DEBUG - 自動保存已禁用，跳過配置保存
2025-08-17 11:54:46,859 - VALO360 - DEBUG - 自動保存已禁用，跳過配置保存
2025-08-17 11:54:46,859 - VALO360 - DEBUG - 自動保存已禁用，跳過配置保存
2025-08-17 11:54:46,859 - VALO360 - DEBUG - 自動保存已禁用，跳過配置保存
2025-08-17 11:54:46,859 - VALO360 - DEBUG - 自動保存已禁用，跳過配置保存
2025-08-17 11:54:46,860 - VALO360 - DEBUG - 自動保存已禁用，跳過配置保存
2025-08-17 11:54:46,860 - VALO360 - DEBUG - 自動保存已禁用，跳過配置保存
2025-08-17 11:54:46,860 - VALO360 - DEBUG - 自動保存已禁用，跳過配置保存
2025-08-17 11:54:46,860 - VALO360 - DEBUG - 自動保存已禁用，跳過配置保存
2025-08-17 11:54:46,861 - VALO360 - DEBUG - 自動保存已禁用，跳過配置保存
2025-08-17 11:54:46,861 - VALO360 - DEBUG - 自動保存已禁用，跳過配置保存
2025-08-17 11:54:46,861 - VALO360 - DEBUG - 自動保存已禁用，跳過配置保存
2025-08-17 11:54:46,861 - VALO360 - DEBUG - 自動保存已禁用，跳過配置保存
2025-08-17 11:54:46,862 - VALO360 - DEBUG - 自動保存已禁用，跳過配置保存
2025-08-17 11:54:46,862 - VALO360 - DEBUG - 自動保存已禁用，跳過配置保存
2025-08-17 11:54:46,862 - VALO360 - DEBUG - 自動保存已禁用，跳過配置保存
2025-08-17 11:54:46,862 - VALO360 - DEBUG - 自動保存已禁用，跳過配置保存
2025-08-17 11:54:46,863 - VALO360 - DEBUG - 自動保存已禁用，跳過配置保存
2025-08-17 11:54:46,863 - VALO360 - DEBUG - 自動保存已禁用，跳過配置保存
2025-08-17 11:54:46,863 - VALO360 - DEBUG - 自動保存已禁用，跳過配置保存
2025-08-17 11:54:46,863 - VALO360 - DEBUG - 自動保存已禁用，跳過配置保存
2025-08-17 11:54:46,863 - VALO360 - DEBUG - 自動保存已禁用，跳過配置保存
2025-08-17 11:54:46,864 - VALO360 - DEBUG - 自動保存已禁用，跳過配置保存
2025-08-17 11:54:46,864 - VALO360 - DEBUG - 自動保存已禁用，跳過配置保存
2025-08-17 11:54:46,864 - VALO360 - DEBUG - 自動保存已禁用，跳過配置保存
2025-08-17 11:54:46,864 - VALO360 - DEBUG - 自動保存已禁用，跳過配置保存
2025-08-17 11:54:46,865 - VALO360 - DEBUG - 自動保存已禁用，跳過配置保存
2025-08-17 11:54:46,865 - VALO360 - DEBUG - 自動保存已禁用，跳過配置保存
2025-08-17 11:54:46,865 - VALO360 - DEBUG - 自動保存已禁用，跳過配置保存
2025-08-17 11:54:46,865 - VALO360 - DEBUG - 自動保存已禁用，跳過配置保存
2025-08-17 11:54:46,866 - VALO360 - DEBUG - 自動保存已禁用，跳過配置保存
2025-08-17 11:54:46,866 - VALO360 - DEBUG - 自動保存已禁用，跳過配置保存
2025-08-17 11:54:46,866 - VALO360 - DEBUG - 自動保存已禁用，跳過配置保存
2025-08-17 11:54:46,867 - VALO360 - DEBUG - 自動保存已禁用，跳過配置保存
2025-08-17 11:54:46,867 - VALO360 - DEBUG - 自動保存已禁用，跳過配置保存
2025-08-17 11:54:46,867 - VALO360 - DEBUG - 自動保存已禁用，跳過配置保存
2025-08-17 11:54:46,867 - VALO360 - DEBUG - 自動保存已禁用，跳過配置保存
2025-08-17 11:54:46,868 - VALO360 - DEBUG - 自動保存已禁用，跳過配置保存
2025-08-17 11:54:46,868 - VALO360 - DEBUG - 自動保存已禁用，跳過配置保存
2025-08-17 11:54:46,868 - VALO360 - DEBUG - 自動保存已禁用，跳過配置保存
2025-08-17 11:54:46,868 - VALO360 - DEBUG - 自動保存已禁用，跳過配置保存
2025-08-17 11:54:46,869 - VALO360 - DEBUG - 自動保存已禁用，跳過配置保存
2025-08-17 11:54:46,869 - VALO360 - DEBUG - 自動保存已禁用，跳過配置保存
2025-08-17 11:54:46,869 - VALO360 - DEBUG - 自動保存已禁用，跳過配置保存
2025-08-17 11:54:46,869 - VALO360 - DEBUG - 自動保存已禁用，跳過配置保存
2025-08-17 11:54:46,870 - VALO360 - DEBUG - 自動保存已禁用，跳過配置保存
2025-08-17 11:54:46,870 - VALO360 - DEBUG - 自動保存已禁用，跳過配置保存
2025-08-17 11:54:46,870 - VALO360 - DEBUG - 自動保存已禁用，跳過配置保存
2025-08-17 11:54:46,871 - VALO360 - DEBUG - 自動保存已禁用，跳過配置保存
2025-08-17 11:54:46,871 - VALO360 - DEBUG - 自動保存已禁用，跳過配置保存
2025-08-17 11:54:46,871 - VALO360 - DEBUG - 自動保存已禁用，跳過配置保存
2025-08-17 11:54:46,871 - VALO360 - DEBUG - 自動保存已禁用，跳過配置保存
2025-08-17 11:54:46,871 - VALO360 - DEBUG - 自動保存已禁用，跳過配置保存
2025-08-17 11:54:46,872 - VALO360 - DEBUG - 自動保存已禁用，跳過配置保存
2025-08-17 11:54:46,872 - VALO360 - DEBUG - 自動保存已禁用，跳過配置保存
2025-08-17 11:54:46,872 - VALO360 - DEBUG - 自動保存已禁用，跳過配置保存
2025-08-17 11:54:46,872 - VALO360 - DEBUG - 自動保存已禁用，跳過配置保存
2025-08-17 11:54:46,873 - VALO360 - DEBUG - 自動保存已禁用，跳過配置保存
2025-08-17 11:54:46,873 - VALO360 - DEBUG - 自動保存已禁用，跳過配置保存
2025-08-17 11:54:46,873 - VALO360 - DEBUG - 自動保存已禁用，跳過配置保存
2025-08-17 11:54:46,873 - VALO360 - DEBUG - 自動保存已禁用，跳過配置保存
2025-08-17 11:54:46,874 - VALO360 - DEBUG - 自動保存已禁用，跳過配置保存
2025-08-17 11:54:46,874 - VALO360 - DEBUG - 自動保存已禁用，跳過配置保存
2025-08-17 11:54:46,874 - VALO360 - DEBUG - 自動保存已禁用，跳過配置保存
2025-08-17 11:54:46,874 - VALO360 - DEBUG - 自動保存已禁用，跳過配置保存
2025-08-17 11:54:46,875 - VALO360 - DEBUG - 自動保存已禁用，跳過配置保存
2025-08-17 11:54:46,875 - VALO360 - DEBUG - 自動保存已禁用，跳過配置保存
2025-08-17 11:54:46,875 - VALO360 - DEBUG - 自動保存已禁用，跳過配置保存
2025-08-17 11:54:46,875 - VALO360 - DEBUG - 自動保存已禁用，跳過配置保存
2025-08-17 11:54:46,882 - VALO360 - DEBUG - 自動保存已禁用，跳過配置保存
2025-08-17 11:54:46,883 - VALO360 - DEBUG - 自動保存已禁用，跳過配置保存
2025-08-17 11:54:46,883 - VALO360 - DEBUG - 自動保存已禁用，跳過配置保存
2025-08-17 11:54:46,883 - VALO360 - DEBUG - 自動保存已禁用，跳過配置保存
2025-08-17 11:54:46,884 - VALO360 - DEBUG - 自動保存已禁用，跳過配置保存
2025-08-17 11:54:46,884 - VALO360 - DEBUG - 自動保存已禁用，跳過配置保存
2025-08-17 11:54:46,884 - VALO360 - DEBUG - 自動保存已禁用，跳過配置保存
2025-08-17 11:54:46,885 - VALO360 - DEBUG - 自動保存已禁用，跳過配置保存
2025-08-17 11:54:46,885 - VALO360 - DEBUG - 自動保存已禁用，跳過配置保存
2025-08-17 11:54:46,886 - VALO360 - DEBUG - 自動保存已禁用，跳過配置保存
2025-08-17 11:54:46,886 - VALO360 - DEBUG - 自動保存已禁用，跳過配置保存
2025-08-17 11:54:46,886 - VALO360 - DEBUG - 自動保存已禁用，跳過配置保存
2025-08-17 11:54:46,887 - VALO360 - DEBUG - 自動保存已禁用，跳過配置保存
2025-08-17 11:54:46,888 - VALO360 - DEBUG - 自動保存已禁用，跳過配置保存
2025-08-17 11:54:46,888 - VALO360 - DEBUG - 自動保存已禁用，跳過配置保存
2025-08-17 11:54:46,888 - VALO360 - DEBUG - 自動保存已禁用，跳過配置保存
2025-08-17 11:54:46,889 - VALO360 - DEBUG - 自動保存已禁用，跳過配置保存
2025-08-17 11:54:46,889 - VALO360 - DEBUG - 自動保存已禁用，跳過配置保存
2025-08-17 11:54:46,889 - VALO360 - DEBUG - 自動保存已禁用，跳過配置保存
2025-08-17 11:54:46,889 - VALO360 - DEBUG - 自動保存已禁用，跳過配置保存
2025-08-17 11:54:46,891 - VALO360 - DEBUG - 自動保存已禁用，跳過配置保存
2025-08-17 11:54:46,891 - VALO360 - DEBUG - 自動保存已禁用，跳過配置保存
2025-08-17 11:54:46,891 - VALO360 - DEBUG - 自動保存已禁用，跳過配置保存
2025-08-17 11:54:46,892 - VALO360 - DEBUG - 自動保存已禁用，跳過配置保存
2025-08-17 11:54:46,892 - VALO360 - DEBUG - 自動保存已禁用，跳過配置保存
2025-08-17 11:54:46,892 - VALO360 - DEBUG - 自動保存已禁用，跳過配置保存
2025-08-17 11:54:46,892 - VALO360 - DEBUG - 自動保存已禁用，跳過配置保存
2025-08-17 11:54:46,892 - VALO360 - DEBUG - 自動保存已禁用，跳過配置保存
2025-08-17 11:54:46,893 - VALO360 - DEBUG - 自動保存已禁用，跳過配置保存
2025-08-17 11:54:46,893 - VALO360 - DEBUG - 自動保存已禁用，跳過配置保存
2025-08-17 11:54:46,893 - VALO360 - DEBUG - 自動保存已禁用，跳過配置保存
2025-08-17 11:54:46,893 - VALO360 - DEBUG - 自動保存已禁用，跳過配置保存
2025-08-17 11:54:46,894 - VALO360 - DEBUG - 自動保存已禁用，跳過配置保存
2025-08-17 11:54:46,894 - VALO360 - DEBUG - 自動保存已禁用，跳過配置保存
2025-08-17 11:54:46,894 - VALO360 - DEBUG - 自動保存已禁用，跳過配置保存
2025-08-17 11:54:46,894 - VALO360 - DEBUG - 自動保存已禁用，跳過配置保存
2025-08-17 11:54:46,895 - VALO360 - DEBUG - 自動保存已禁用，跳過配置保存
2025-08-17 11:54:46,895 - VALO360 - DEBUG - 自動保存已禁用，跳過配置保存
2025-08-17 11:54:46,895 - VALO360 - DEBUG - 自動保存已禁用，跳過配置保存
2025-08-17 11:54:46,895 - VALO360 - DEBUG - 自動保存已禁用，跳過配置保存
2025-08-17 11:54:46,896 - VALO360 - DEBUG - 自動保存已禁用，跳過配置保存
2025-08-17 11:54:46,896 - VALO360 - DEBUG - 自動保存已禁用，跳過配置保存
2025-08-17 11:54:46,896 - VALO360 - DEBUG - 自動保存已禁用，跳過配置保存
2025-08-17 11:54:46,896 - VALO360 - DEBUG - 自動保存已禁用，跳過配置保存
2025-08-17 11:54:46,897 - VALO360 - DEBUG - 自動保存已禁用，跳過配置保存
2025-08-17 11:54:46,897 - VALO360 - DEBUG - 自動保存已禁用，跳過配置保存
2025-08-17 11:54:46,897 - VALO360 - DEBUG - 自動保存已禁用，跳過配置保存
2025-08-17 11:54:46,897 - VALO360 - DEBUG - 自動保存已禁用，跳過配置保存
2025-08-17 11:54:46,898 - VALO360 - DEBUG - 自動保存已禁用，跳過配置保存
2025-08-17 11:54:46,898 - VALO360 - DEBUG - 自動保存已禁用，跳過配置保存
2025-08-17 11:54:46,898 - VALO360 - DEBUG - 自動保存已禁用，跳過配置保存
2025-08-17 11:54:46,898 - VALO360 - DEBUG - 自動保存已禁用，跳過配置保存
2025-08-17 11:54:46,899 - VALO360 - DEBUG - 自動保存已禁用，跳過配置保存
2025-08-17 11:54:46,899 - VALO360 - DEBUG - 自動保存已禁用，跳過配置保存
2025-08-17 11:54:46,899 - VALO360 - DEBUG - 自動保存已禁用，跳過配置保存
2025-08-17 11:54:46,899 - VALO360 - DEBUG - 自動保存已禁用，跳過配置保存
2025-08-17 11:54:46,900 - VALO360 - DEBUG - 自動保存已禁用，跳過配置保存
2025-08-17 11:54:46,900 - VALO360 - DEBUG - 自動保存已禁用，跳過配置保存
2025-08-17 11:54:46,900 - VALO360 - DEBUG - 自動保存已禁用，跳過配置保存
2025-08-17 11:54:46,901 - VALO360 - DEBUG - 自動保存已禁用，跳過配置保存
2025-08-17 11:54:46,901 - VALO360 - DEBUG - 自動保存已禁用，跳過配置保存
2025-08-17 11:54:46,901 - VALO360 - DEBUG - 自動保存已禁用，跳過配置保存
2025-08-17 11:54:46,902 - VALO360 - DEBUG - 自動保存已禁用，跳過配置保存
2025-08-17 11:54:46,902 - VALO360 - DEBUG - 自動保存已禁用，跳過配置保存
2025-08-17 11:54:46,906 - VALO360 - DEBUG - 自動保存已禁用，跳過配置保存
2025-08-17 11:54:46,907 - VALO360 - DEBUG - 自動保存已禁用，跳過配置保存
2025-08-17 11:54:46,907 - VALO360 - DEBUG - 自動保存已禁用，跳過配置保存
2025-08-17 11:54:46,907 - VALO360 - DEBUG - 自動保存已禁用，跳過配置保存
2025-08-17 11:54:46,908 - VALO360 - DEBUG - 自動保存已禁用，跳過配置保存
2025-08-17 11:54:46,908 - VALO360 - DEBUG - 自動保存已禁用，跳過配置保存
2025-08-17 11:54:46,908 - VALO360 - DEBUG - 自動保存已禁用，跳過配置保存
2025-08-17 11:54:46,908 - VALO360 - DEBUG - 自動保存已禁用，跳過配置保存
2025-08-17 11:54:46,915 - VALO360 - DEBUG - 自動保存已禁用，跳過配置保存
2025-08-17 11:54:46,915 - VALO360 - DEBUG - 自動保存已禁用，跳過配置保存
2025-08-17 11:54:46,916 - VALO360 - DEBUG - 自動保存已禁用，跳過配置保存
2025-08-17 11:54:46,916 - VALO360 - DEBUG - 自動保存已禁用，跳過配置保存
2025-08-17 11:54:47,014 - VALO360 - DEBUG - 自動保存已禁用，跳過配置保存
2025-08-17 11:54:47,014 - VALO360 - DEBUG - 自動保存已禁用，跳過配置保存
2025-08-17 11:54:47,014 - VALO360 - DEBUG - 自動保存已禁用，跳過配置保存
2025-08-17 11:54:47,015 - VALO360 - DEBUG - 自動保存已禁用，跳過配置保存
2025-08-17 11:54:47,015 - VALO360 - DEBUG - 自動保存已禁用，跳過配置保存
2025-08-17 11:54:47,015 - VALO360 - DEBUG - 自動保存已禁用，跳過配置保存
2025-08-17 11:54:47,015 - VALO360 - DEBUG - 自動保存已禁用，跳過配置保存
2025-08-17 11:54:47,016 - VALO360 - DEBUG - 自動保存已禁用，跳過配置保存
2025-08-17 11:54:47,016 - VALO360 - DEBUG - 自動保存已禁用，跳過配置保存
2025-08-17 11:54:47,016 - VALO360 - DEBUG - 自動保存已禁用，跳過配置保存
2025-08-17 11:54:47,016 - VALO360 - DEBUG - 自動保存已禁用，跳過配置保存
2025-08-17 11:54:47,017 - VALO360 - DEBUG - 自動保存已禁用，跳過配置保存
2025-08-17 11:54:47,017 - VALO360 - DEBUG - 自動保存已禁用，跳過配置保存
2025-08-17 11:54:47,017 - VALO360 - DEBUG - 自動保存已禁用，跳過配置保存
2025-08-17 11:54:47,017 - VALO360 - DEBUG - 自動保存已禁用，跳過配置保存
2025-08-17 11:54:47,018 - VALO360 - DEBUG - 自動保存已禁用，跳過配置保存
2025-08-17 11:54:47,018 - VALO360 - DEBUG - 自動保存已禁用，跳過配置保存
2025-08-17 11:54:47,018 - VALO360 - DEBUG - 自動保存已禁用，跳過配置保存
2025-08-17 11:54:47,018 - VALO360 - DEBUG - 自動保存已禁用，跳過配置保存
2025-08-17 11:54:47,019 - VALO360 - DEBUG - 自動保存已禁用，跳過配置保存
2025-08-17 11:54:47,019 - VALO360 - DEBUG - 自動保存已禁用，跳過配置保存
2025-08-17 11:54:47,019 - VALO360 - DEBUG - 自動保存已禁用，跳過配置保存
2025-08-17 11:54:47,020 - VALO360 - DEBUG - 自動保存已禁用，跳過配置保存
2025-08-17 11:54:47,020 - VALO360 - DEBUG - 自動保存已禁用，跳過配置保存
2025-08-17 11:54:47,020 - VALO360 - DEBUG - 自動保存已禁用，跳過配置保存
2025-08-17 11:54:47,020 - VALO360 - DEBUG - 自動保存已禁用，跳過配置保存
2025-08-17 11:54:47,021 - VALO360 - DEBUG - 自動保存已禁用，跳過配置保存
2025-08-17 11:54:47,021 - VALO360 - DEBUG - 自動保存已禁用，跳過配置保存
2025-08-17 11:54:47,021 - VALO360 - DEBUG - 自動保存已禁用，跳過配置保存
2025-08-17 11:54:47,021 - VALO360 - DEBUG - 自動保存已禁用，跳過配置保存
2025-08-17 11:54:47,022 - VALO360 - DEBUG - 自動保存已禁用，跳過配置保存
2025-08-17 11:54:47,022 - VALO360 - DEBUG - 自動保存已禁用，跳過配置保存
2025-08-17 11:54:47,022 - VALO360 - DEBUG - 自動保存已禁用，跳過配置保存
2025-08-17 11:54:47,022 - VALO360 - DEBUG - 自動保存已禁用，跳過配置保存
2025-08-17 11:54:47,022 - VALO360 - DEBUG - 自動保存已禁用，跳過配置保存
2025-08-17 11:54:47,023 - VALO360 - DEBUG - 自動保存已禁用，跳過配置保存
2025-08-17 11:54:47,024 - VALO360 - DEBUG - 自動保存已禁用，跳過配置保存
2025-08-17 11:54:47,024 - VALO360 - DEBUG - 自動保存已禁用，跳過配置保存
2025-08-17 11:54:47,024 - VALO360 - DEBUG - 自動保存已禁用，跳過配置保存
2025-08-17 11:54:47,024 - VALO360 - DEBUG - 自動保存已禁用，跳過配置保存
2025-08-17 11:54:47,027 - VALO360 - DEBUG - 自動保存已禁用，跳過配置保存
2025-08-17 11:54:47,027 - VALO360 - DEBUG - 自動保存已禁用，跳過配置保存
2025-08-17 11:54:47,027 - VALO360 - DEBUG - 自動保存已禁用，跳過配置保存
2025-08-17 11:54:47,027 - VALO360 - DEBUG - 自動保存已禁用，跳過配置保存
2025-08-17 11:54:51,636 - VALO360 - DEBUG - 自動保存已禁用，跳過配置保存
2025-08-17 11:54:51,636 - VALO360 - DEBUG - 自動保存已禁用，跳過配置保存
2025-08-17 11:54:51,636 - VALO360 - DEBUG - 自動保存已禁用，跳過配置保存
2025-08-17 11:54:51,636 - VALO360 - DEBUG - 自動保存已禁用，跳過配置保存
2025-08-17 11:54:51,639 - VALO360 - DEBUG - 自動保存已禁用，跳過配置保存
2025-08-17 11:54:51,639 - VALO360 - DEBUG - 自動保存已禁用，跳過配置保存
2025-08-17 11:54:51,640 - VALO360 - DEBUG - 自動保存已禁用，跳過配置保存
2025-08-17 11:54:51,640 - VALO360 - DEBUG - 自動保存已禁用，跳過配置保存
2025-08-17 11:54:51,650 - VALO360 - DEBUG - 自動保存已禁用，跳過配置保存
2025-08-17 11:54:51,651 - VALO360 - DEBUG - 自動保存已禁用，跳過配置保存
2025-08-17 11:54:51,651 - VALO360 - DEBUG - 自動保存已禁用，跳過配置保存
2025-08-17 11:54:51,651 - VALO360 - DEBUG - 自動保存已禁用，跳過配置保存
2025-08-17 11:54:51,652 - VALO360 - DEBUG - 自動保存已禁用，跳過配置保存
2025-08-17 11:54:51,652 - VALO360 - DEBUG - 自動保存已禁用，跳過配置保存
2025-08-17 11:54:51,652 - VALO360 - DEBUG - 自動保存已禁用，跳過配置保存
2025-08-17 11:54:51,652 - VALO360 - DEBUG - 自動保存已禁用，跳過配置保存
2025-08-17 11:54:51,653 - VALO360 - DEBUG - 自動保存已禁用，跳過配置保存
2025-08-17 11:54:51,653 - VALO360 - DEBUG - 自動保存已禁用，跳過配置保存
2025-08-17 11:54:51,653 - VALO360 - DEBUG - 自動保存已禁用，跳過配置保存
2025-08-17 11:54:51,653 - VALO360 - DEBUG - 自動保存已禁用，跳過配置保存
2025-08-17 11:54:51,656 - VALO360 - DEBUG - 自動保存已禁用，跳過配置保存
2025-08-17 11:54:51,656 - VALO360 - DEBUG - 自動保存已禁用，跳過配置保存
2025-08-17 11:54:51,656 - VALO360 - DEBUG - 自動保存已禁用，跳過配置保存
2025-08-17 11:54:51,656 - VALO360 - DEBUG - 自動保存已禁用，跳過配置保存
2025-08-17 11:54:51,668 - VALO360 - DEBUG - 自動保存已禁用，跳過配置保存
2025-08-17 11:54:51,668 - VALO360 - DEBUG - 自動保存已禁用，跳過配置保存
2025-08-17 11:54:51,668 - VALO360 - DEBUG - 自動保存已禁用，跳過配置保存
2025-08-17 11:54:51,669 - VALO360 - DEBUG - 自動保存已禁用，跳過配置保存
2025-08-17 11:54:51,701 - VALO360 - DEBUG - 自動保存已禁用，跳過配置保存
2025-08-17 11:54:51,701 - VALO360 - DEBUG - 自動保存已禁用，跳過配置保存
2025-08-17 11:54:51,701 - VALO360 - DEBUG - 自動保存已禁用，跳過配置保存
2025-08-17 11:54:51,702 - VALO360 - DEBUG - 自動保存已禁用，跳過配置保存
2025-08-17 11:54:51,703 - VALO360 - DEBUG - 自動保存已禁用，跳過配置保存
2025-08-17 11:54:51,703 - VALO360 - DEBUG - 自動保存已禁用，跳過配置保存
2025-08-17 11:54:51,703 - VALO360 - DEBUG - 自動保存已禁用，跳過配置保存
2025-08-17 11:54:51,703 - VALO360 - DEBUG - 自動保存已禁用，跳過配置保存
2025-08-17 11:54:51,704 - VALO360 - DEBUG - 自動保存已禁用，跳過配置保存
2025-08-17 11:54:51,704 - VALO360 - DEBUG - 自動保存已禁用，跳過配置保存
2025-08-17 11:54:51,704 - VALO360 - DEBUG - 自動保存已禁用，跳過配置保存
2025-08-17 11:54:51,704 - VALO360 - DEBUG - 自動保存已禁用，跳過配置保存
2025-08-17 11:54:51,706 - VALO360 - DEBUG - 自動保存已禁用，跳過配置保存
2025-08-17 11:54:51,706 - VALO360 - DEBUG - 自動保存已禁用，跳過配置保存
2025-08-17 11:54:51,706 - VALO360 - DEBUG - 自動保存已禁用，跳過配置保存
2025-08-17 11:54:51,706 - VALO360 - DEBUG - 自動保存已禁用，跳過配置保存
2025-08-17 11:54:51,707 - VALO360 - DEBUG - 自動保存已禁用，跳過配置保存
2025-08-17 11:54:51,707 - VALO360 - DEBUG - 自動保存已禁用，跳過配置保存
2025-08-17 11:54:51,707 - VALO360 - DEBUG - 自動保存已禁用，跳過配置保存
2025-08-17 11:54:51,708 - VALO360 - DEBUG - 自動保存已禁用，跳過配置保存
2025-08-17 11:54:51,708 - VALO360 - DEBUG - 自動保存已禁用，跳過配置保存
2025-08-17 11:54:51,708 - VALO360 - DEBUG - 自動保存已禁用，跳過配置保存
2025-08-17 11:54:51,709 - VALO360 - DEBUG - 自動保存已禁用，跳過配置保存
2025-08-17 11:54:51,709 - VALO360 - DEBUG - 自動保存已禁用，跳過配置保存
2025-08-17 11:54:51,711 - VALO360 - DEBUG - 自動保存已禁用，跳過配置保存
2025-08-17 11:54:51,711 - VALO360 - DEBUG - 自動保存已禁用，跳過配置保存
2025-08-17 11:54:51,711 - VALO360 - DEBUG - 自動保存已禁用，跳過配置保存
2025-08-17 11:54:51,711 - VALO360 - DEBUG - 自動保存已禁用，跳過配置保存
2025-08-17 11:54:51,712 - VALO360 - DEBUG - 自動保存已禁用，跳過配置保存
2025-08-17 11:54:51,712 - VALO360 - DEBUG - 自動保存已禁用，跳過配置保存
2025-08-17 11:54:51,712 - VALO360 - DEBUG - 自動保存已禁用，跳過配置保存
2025-08-17 11:54:51,713 - VALO360 - DEBUG - 自動保存已禁用，跳過配置保存
2025-08-17 11:54:51,713 - VALO360 - DEBUG - 自動保存已禁用，跳過配置保存
2025-08-17 11:54:51,714 - VALO360 - DEBUG - 自動保存已禁用，跳過配置保存
2025-08-17 11:54:51,714 - VALO360 - DEBUG - 自動保存已禁用，跳過配置保存
2025-08-17 11:54:51,714 - VALO360 - DEBUG - 自動保存已禁用，跳過配置保存
2025-08-17 11:54:51,715 - VALO360 - DEBUG - 自動保存已禁用，跳過配置保存
2025-08-17 11:54:51,715 - VALO360 - DEBUG - 自動保存已禁用，跳過配置保存
2025-08-17 11:54:51,715 - VALO360 - DEBUG - 自動保存已禁用，跳過配置保存
2025-08-17 11:54:51,715 - VALO360 - DEBUG - 自動保存已禁用，跳過配置保存
2025-08-17 11:54:51,718 - VALO360 - DEBUG - 自動保存已禁用，跳過配置保存
2025-08-17 11:54:51,718 - VALO360 - DEBUG - 自動保存已禁用，跳過配置保存
2025-08-17 11:54:51,718 - VALO360 - DEBUG - 自動保存已禁用，跳過配置保存
2025-08-17 11:54:51,718 - VALO360 - DEBUG - 自動保存已禁用，跳過配置保存
2025-08-17 11:54:51,720 - VALO360 - DEBUG - 自動保存已禁用，跳過配置保存
2025-08-17 11:54:51,720 - VALO360 - DEBUG - 自動保存已禁用，跳過配置保存
2025-08-17 11:54:51,721 - VALO360 - DEBUG - 自動保存已禁用，跳過配置保存
2025-08-17 11:54:51,721 - VALO360 - DEBUG - 自動保存已禁用，跳過配置保存
2025-08-17 11:54:51,722 - VALO360 - DEBUG - 自動保存已禁用，跳過配置保存
2025-08-17 11:54:51,722 - VALO360 - DEBUG - 自動保存已禁用，跳過配置保存
2025-08-17 11:54:51,722 - VALO360 - DEBUG - 自動保存已禁用，跳過配置保存
2025-08-17 11:54:51,722 - VALO360 - DEBUG - 自動保存已禁用，跳過配置保存
2025-08-17 11:54:51,725 - VALO360 - DEBUG - 自動保存已禁用，跳過配置保存
2025-08-17 11:54:51,725 - VALO360 - DEBUG - 自動保存已禁用，跳過配置保存
2025-08-17 11:54:51,725 - VALO360 - DEBUG - 自動保存已禁用，跳過配置保存
2025-08-17 11:54:51,725 - VALO360 - DEBUG - 自動保存已禁用，跳過配置保存
2025-08-17 11:54:51,726 - VALO360 - DEBUG - 自動保存已禁用，跳過配置保存
2025-08-17 11:54:51,726 - VALO360 - DEBUG - 自動保存已禁用，跳過配置保存
2025-08-17 11:54:51,726 - VALO360 - DEBUG - 自動保存已禁用，跳過配置保存
2025-08-17 11:54:51,727 - VALO360 - DEBUG - 自動保存已禁用，跳過配置保存
2025-08-17 11:54:51,728 - VALO360 - DEBUG - 自動保存已禁用，跳過配置保存
2025-08-17 11:54:51,728 - VALO360 - DEBUG - 自動保存已禁用，跳過配置保存
2025-08-17 11:54:51,728 - VALO360 - DEBUG - 自動保存已禁用，跳過配置保存
2025-08-17 11:54:51,728 - VALO360 - DEBUG - 自動保存已禁用，跳過配置保存
2025-08-17 11:54:51,729 - VALO360 - DEBUG - 自動保存已禁用，跳過配置保存
2025-08-17 11:54:51,729 - VALO360 - DEBUG - 自動保存已禁用，跳過配置保存
2025-08-17 11:54:51,730 - VALO360 - DEBUG - 自動保存已禁用，跳過配置保存
2025-08-17 11:54:51,730 - VALO360 - DEBUG - 自動保存已禁用，跳過配置保存
2025-08-17 11:54:51,731 - VALO360 - DEBUG - 自動保存已禁用，跳過配置保存
2025-08-17 11:54:51,731 - VALO360 - DEBUG - 自動保存已禁用，跳過配置保存
2025-08-17 11:54:51,731 - VALO360 - DEBUG - 自動保存已禁用，跳過配置保存
2025-08-17 11:54:51,731 - VALO360 - DEBUG - 自動保存已禁用，跳過配置保存
2025-08-17 11:54:51,733 - VALO360 - DEBUG - 自動保存已禁用，跳過配置保存
2025-08-17 11:54:51,734 - VALO360 - DEBUG - 自動保存已禁用，跳過配置保存
2025-08-17 11:54:51,734 - VALO360 - DEBUG - 自動保存已禁用，跳過配置保存
2025-08-17 11:54:51,734 - VALO360 - DEBUG - 自動保存已禁用，跳過配置保存
2025-08-17 11:54:51,735 - VALO360 - DEBUG - 自動保存已禁用，跳過配置保存
2025-08-17 11:54:51,735 - VALO360 - DEBUG - 自動保存已禁用，跳過配置保存
2025-08-17 11:54:51,735 - VALO360 - DEBUG - 自動保存已禁用，跳過配置保存
2025-08-17 11:54:51,735 - VALO360 - DEBUG - 自動保存已禁用，跳過配置保存
2025-08-17 11:54:51,738 - VALO360 - DEBUG - 自動保存已禁用，跳過配置保存
2025-08-17 11:54:51,738 - VALO360 - DEBUG - 自動保存已禁用，跳過配置保存
2025-08-17 11:54:51,738 - VALO360 - DEBUG - 自動保存已禁用，跳過配置保存
2025-08-17 11:54:51,738 - VALO360 - DEBUG - 自動保存已禁用，跳過配置保存
2025-08-17 11:54:51,739 - VALO360 - DEBUG - 自動保存已禁用，跳過配置保存
2025-08-17 11:54:51,740 - VALO360 - DEBUG - 自動保存已禁用，跳過配置保存
2025-08-17 11:54:51,740 - VALO360 - DEBUG - 自動保存已禁用，跳過配置保存
2025-08-17 11:54:51,740 - VALO360 - DEBUG - 自動保存已禁用，跳過配置保存
2025-08-17 11:54:51,741 - VALO360 - DEBUG - 自動保存已禁用，跳過配置保存
2025-08-17 11:54:51,741 - VALO360 - DEBUG - 自動保存已禁用，跳過配置保存
2025-08-17 11:54:51,741 - VALO360 - DEBUG - 自動保存已禁用，跳過配置保存
2025-08-17 11:54:51,742 - VALO360 - DEBUG - 自動保存已禁用，跳過配置保存
2025-08-17 11:54:51,742 - VALO360 - DEBUG - 自動保存已禁用，跳過配置保存
2025-08-17 11:54:51,743 - VALO360 - DEBUG - 自動保存已禁用，跳過配置保存
2025-08-17 11:54:51,743 - VALO360 - DEBUG - 自動保存已禁用，跳過配置保存
2025-08-17 11:54:51,743 - VALO360 - DEBUG - 自動保存已禁用，跳過配置保存
2025-08-17 11:54:51,744 - VALO360 - DEBUG - 自動保存已禁用，跳過配置保存
2025-08-17 11:54:51,744 - VALO360 - DEBUG - 自動保存已禁用，跳過配置保存
2025-08-17 11:54:51,744 - VALO360 - DEBUG - 自動保存已禁用，跳過配置保存
2025-08-17 11:54:51,744 - VALO360 - DEBUG - 自動保存已禁用，跳過配置保存
2025-08-17 11:54:51,746 - VALO360 - DEBUG - 自動保存已禁用，跳過配置保存
2025-08-17 11:54:51,746 - VALO360 - DEBUG - 自動保存已禁用，跳過配置保存
2025-08-17 11:54:51,746 - VALO360 - DEBUG - 自動保存已禁用，跳過配置保存
2025-08-17 11:54:51,746 - VALO360 - DEBUG - 自動保存已禁用，跳過配置保存
2025-08-17 11:54:51,747 - VALO360 - DEBUG - 自動保存已禁用，跳過配置保存
2025-08-17 11:54:51,747 - VALO360 - DEBUG - 自動保存已禁用，跳過配置保存
2025-08-17 11:54:51,747 - VALO360 - DEBUG - 自動保存已禁用，跳過配置保存
2025-08-17 11:54:51,748 - VALO360 - DEBUG - 自動保存已禁用，跳過配置保存
2025-08-17 11:54:51,748 - VALO360 - DEBUG - 自動保存已禁用，跳過配置保存
2025-08-17 11:54:51,748 - VALO360 - DEBUG - 自動保存已禁用，跳過配置保存
2025-08-17 11:54:51,749 - VALO360 - DEBUG - 自動保存已禁用，跳過配置保存
2025-08-17 11:54:51,749 - VALO360 - DEBUG - 自動保存已禁用，跳過配置保存
2025-08-17 11:54:51,750 - VALO360 - DEBUG - 自動保存已禁用，跳過配置保存
2025-08-17 11:54:51,750 - VALO360 - DEBUG - 自動保存已禁用，跳過配置保存
2025-08-17 11:54:51,750 - VALO360 - DEBUG - 自動保存已禁用，跳過配置保存
2025-08-17 11:54:51,750 - VALO360 - DEBUG - 自動保存已禁用，跳過配置保存
2025-08-17 11:54:51,757 - VALO360 - DEBUG - 自動保存已禁用，跳過配置保存
2025-08-17 11:54:51,757 - VALO360 - DEBUG - 自動保存已禁用，跳過配置保存
2025-08-17 11:54:51,757 - VALO360 - DEBUG - 自動保存已禁用，跳過配置保存
2025-08-17 11:54:51,758 - VALO360 - DEBUG - 自動保存已禁用，跳過配置保存
2025-08-17 11:54:51,758 - VALO360 - DEBUG - 自動保存已禁用，跳過配置保存
2025-08-17 11:54:51,758 - VALO360 - DEBUG - 自動保存已禁用，跳過配置保存
2025-08-17 11:54:51,759 - VALO360 - DEBUG - 自動保存已禁用，跳過配置保存
2025-08-17 11:54:51,759 - VALO360 - DEBUG - 自動保存已禁用，跳過配置保存
2025-08-17 11:54:51,760 - VALO360 - DEBUG - 自動保存已禁用，跳過配置保存
2025-08-17 11:54:51,760 - VALO360 - DEBUG - 自動保存已禁用，跳過配置保存
2025-08-17 11:54:51,761 - VALO360 - DEBUG - 自動保存已禁用，跳過配置保存
2025-08-17 11:54:51,761 - VALO360 - DEBUG - 自動保存已禁用，跳過配置保存
2025-08-17 11:54:51,766 - VALO360 - DEBUG - 自動保存已禁用，跳過配置保存
2025-08-17 11:54:51,766 - VALO360 - DEBUG - 自動保存已禁用，跳過配置保存
2025-08-17 11:54:51,766 - VALO360 - DEBUG - 自動保存已禁用，跳過配置保存
2025-08-17 11:54:51,767 - VALO360 - DEBUG - 自動保存已禁用，跳過配置保存
2025-08-17 11:54:51,768 - VALO360 - DEBUG - 自動保存已禁用，跳過配置保存
2025-08-17 11:54:51,768 - VALO360 - DEBUG - 自動保存已禁用，跳過配置保存
2025-08-17 11:54:51,768 - VALO360 - DEBUG - 自動保存已禁用，跳過配置保存
2025-08-17 11:54:51,768 - VALO360 - DEBUG - 自動保存已禁用，跳過配置保存
2025-08-17 11:54:51,769 - VALO360 - DEBUG - 自動保存已禁用，跳過配置保存
2025-08-17 11:54:51,770 - VALO360 - DEBUG - 自動保存已禁用，跳過配置保存
2025-08-17 11:54:51,770 - VALO360 - DEBUG - 自動保存已禁用，跳過配置保存
2025-08-17 11:54:51,770 - VALO360 - DEBUG - 自動保存已禁用，跳過配置保存
2025-08-17 11:54:51,771 - VALO360 - DEBUG - 自動保存已禁用，跳過配置保存
2025-08-17 11:54:51,771 - VALO360 - DEBUG - 自動保存已禁用，跳過配置保存
2025-08-17 11:54:51,771 - VALO360 - DEBUG - 自動保存已禁用，跳過配置保存
2025-08-17 11:54:51,771 - VALO360 - DEBUG - 自動保存已禁用，跳過配置保存
2025-08-17 11:54:51,772 - VALO360 - DEBUG - 自動保存已禁用，跳過配置保存
2025-08-17 11:54:51,773 - VALO360 - DEBUG - 自動保存已禁用，跳過配置保存
2025-08-17 11:54:51,773 - VALO360 - DEBUG - 自動保存已禁用，跳過配置保存
2025-08-17 11:54:51,773 - VALO360 - DEBUG - 自動保存已禁用，跳過配置保存
2025-08-17 11:54:51,774 - VALO360 - DEBUG - 自動保存已禁用，跳過配置保存
2025-08-17 11:54:51,774 - VALO360 - DEBUG - 自動保存已禁用，跳過配置保存
2025-08-17 11:54:51,774 - VALO360 - DEBUG - 自動保存已禁用，跳過配置保存
2025-08-17 11:54:51,774 - VALO360 - DEBUG - 自動保存已禁用，跳過配置保存
2025-08-17 11:54:51,775 - VALO360 - DEBUG - 自動保存已禁用，跳過配置保存
2025-08-17 11:54:51,775 - VALO360 - DEBUG - 自動保存已禁用，跳過配置保存
2025-08-17 11:54:51,775 - VALO360 - DEBUG - 自動保存已禁用，跳過配置保存
2025-08-17 11:54:51,776 - VALO360 - DEBUG - 自動保存已禁用，跳過配置保存
2025-08-17 11:54:51,776 - VALO360 - DEBUG - 自動保存已禁用，跳過配置保存
2025-08-17 11:54:51,776 - VALO360 - DEBUG - 自動保存已禁用，跳過配置保存
2025-08-17 11:54:51,777 - VALO360 - DEBUG - 自動保存已禁用，跳過配置保存
2025-08-17 11:54:51,777 - VALO360 - DEBUG - 自動保存已禁用，跳過配置保存
2025-08-17 11:54:57,650 - VALO360 - DEBUG - 自動保存已禁用，跳過配置保存
2025-08-17 11:54:57,650 - VALO360 - DEBUG - 自動保存已禁用，跳過配置保存
2025-08-17 11:54:57,650 - VALO360 - DEBUG - 自動保存已禁用，跳過配置保存
2025-08-17 11:54:57,651 - VALO360 - DEBUG - 自動保存已禁用，跳過配置保存
2025-08-17 11:54:57,670 - VALO360 - DEBUG - 找到 3 個COM口: ['COM1', 'COM3', 'COM4']
2025-08-17 11:54:58,992 - VALO360 - DEBUG - 自動保存已禁用，跳過配置保存
2025-08-17 11:54:58,993 - VALO360 - DEBUG - 自動保存已禁用，跳過配置保存
2025-08-17 11:54:58,993 - VALO360 - DEBUG - 自動保存已禁用，跳過配置保存
2025-08-17 11:54:58,993 - VALO360 - DEBUG - 自動保存已禁用，跳過配置保存
2025-08-17 11:54:59,842 - VALO360 - DEBUG - 自動保存已禁用，跳過配置保存
2025-08-17 11:54:59,842 - VALO360 - DEBUG - 自動保存已禁用，跳過配置保存
2025-08-17 11:54:59,842 - VALO360 - DEBUG - 自動保存已禁用，跳過配置保存
2025-08-17 11:54:59,843 - VALO360 - DEBUG - 自動保存已禁用，跳過配置保存
2025-08-17 11:55:02,870 - VALO360 - DEBUG - SerialWorker 初始化: COM=COM1, 指令數=3, 超時=30s
2025-08-17 11:55:02,872 - VALO360 - INFO - 開始執行序列埠任務: COM1
2025-08-17 11:55:02,878 - VALO360 - DEBUG - 自動保存已禁用，跳過配置保存
2025-08-17 11:55:02,878 - VALO360 - DEBUG - 自動保存已禁用，跳過配置保存
2025-08-17 11:55:02,878 - VALO360 - DEBUG - 自動保存已禁用，跳過配置保存
2025-08-17 11:55:02,879 - VALO360 - DEBUG - 自動保存已禁用，跳過配置保存
2025-08-17 11:55:02,880 - VALO360 - DEBUG - 自動保存已禁用，跳過配置保存
2025-08-17 11:55:02,880 - VALO360 - DEBUG - 自動保存已禁用，跳過配置保存
2025-08-17 11:55:02,880 - VALO360 - DEBUG - 自動保存已禁用，跳過配置保存
2025-08-17 11:55:02,880 - VALO360 - DEBUG - 自動保存已禁用，跳過配置保存
2025-08-17 11:55:02,884 - VALO360 - DEBUG - 自動保存已禁用，跳過配置保存
2025-08-17 11:55:02,885 - VALO360 - DEBUG - 自動保存已禁用，跳過配置保存
2025-08-17 11:55:02,885 - VALO360 - DEBUG - 自動保存已禁用，跳過配置保存
2025-08-17 11:55:02,885 - VALO360 - DEBUG - 自動保存已禁用，跳過配置保存
2025-08-17 11:55:02,886 - VALO360 - DEBUG - 自動保存已禁用，跳過配置保存
2025-08-17 11:55:02,886 - VALO360 - DEBUG - 自動保存已禁用，跳過配置保存
2025-08-17 11:55:02,886 - VALO360 - DEBUG - 自動保存已禁用，跳過配置保存
2025-08-17 11:55:02,886 - VALO360 - DEBUG - 自動保存已禁用，跳過配置保存
2025-08-17 11:55:02,887 - VALO360 - DEBUG - 自動保存已禁用，跳過配置保存
2025-08-17 11:55:02,888 - VALO360 - DEBUG - 自動保存已禁用，跳過配置保存
2025-08-17 11:55:02,888 - VALO360 - DEBUG - 自動保存已禁用，跳過配置保存
2025-08-17 11:55:02,888 - VALO360 - DEBUG - 自動保存已禁用，跳過配置保存
2025-08-17 11:55:02,889 - VALO360 - DEBUG - 自動保存已禁用，跳過配置保存
2025-08-17 11:55:02,889 - VALO360 - DEBUG - 自動保存已禁用，跳過配置保存
2025-08-17 11:55:02,889 - VALO360 - DEBUG - 自動保存已禁用，跳過配置保存
2025-08-17 11:55:02,889 - VALO360 - DEBUG - 自動保存已禁用，跳過配置保存
2025-08-17 11:55:02,910 - VALO360 - DEBUG - 自動保存已禁用，跳過配置保存
2025-08-17 11:55:02,911 - VALO360 - DEBUG - 自動保存已禁用，跳過配置保存
2025-08-17 11:55:02,911 - VALO360 - DEBUG - 自動保存已禁用，跳過配置保存
2025-08-17 11:55:02,911 - VALO360 - DEBUG - 自動保存已禁用，跳過配置保存
2025-08-17 11:55:04,371 - VALO360 - DEBUG - 自動保存已禁用，跳過配置保存
2025-08-17 11:55:04,371 - VALO360 - DEBUG - 自動保存已禁用，跳過配置保存
2025-08-17 11:55:04,372 - VALO360 - DEBUG - 自動保存已禁用，跳過配置保存
2025-08-17 11:55:04,372 - VALO360 - DEBUG - 自動保存已禁用，跳過配置保存
2025-08-17 11:55:04,372 - VALO360 - DEBUG - 自動保存已禁用，跳過配置保存
2025-08-17 11:55:04,373 - VALO360 - DEBUG - 自動保存已禁用，跳過配置保存
2025-08-17 11:55:04,373 - VALO360 - DEBUG - 自動保存已禁用，跳過配置保存
2025-08-17 11:55:04,373 - VALO360 - DEBUG - 自動保存已禁用，跳過配置保存
2025-08-17 11:55:04,373 - VALO360 - DEBUG - 自動保存已禁用，跳過配置保存
2025-08-17 11:55:04,373 - VALO360 - DEBUG - 自動保存已禁用，跳過配置保存
2025-08-17 11:55:04,374 - VALO360 - DEBUG - 自動保存已禁用，跳過配置保存
2025-08-17 11:55:04,374 - VALO360 - DEBUG - 自動保存已禁用，跳過配置保存
2025-08-17 11:55:04,374 - VALO360 - DEBUG - 自動保存已禁用，跳過配置保存
2025-08-17 11:55:04,375 - VALO360 - DEBUG - 自動保存已禁用，跳過配置保存
2025-08-17 11:55:04,375 - VALO360 - DEBUG - 自動保存已禁用，跳過配置保存
2025-08-17 11:55:04,375 - VALO360 - DEBUG - 自動保存已禁用，跳過配置保存
2025-08-17 11:55:04,375 - VALO360 - DEBUG - 自動保存已禁用，跳過配置保存
2025-08-17 11:55:04,376 - VALO360 - DEBUG - 自動保存已禁用，跳過配置保存
2025-08-17 11:55:04,376 - VALO360 - DEBUG - 自動保存已禁用，跳過配置保存
2025-08-17 11:55:04,376 - VALO360 - DEBUG - 自動保存已禁用，跳過配置保存
2025-08-17 11:55:04,385 - VALO360 - DEBUG - 自動保存已禁用，跳過配置保存
2025-08-17 11:55:04,385 - VALO360 - DEBUG - 自動保存已禁用，跳過配置保存
2025-08-17 11:55:04,385 - VALO360 - DEBUG - 自動保存已禁用，跳過配置保存
2025-08-17 11:55:04,386 - VALO360 - DEBUG - 自動保存已禁用，跳過配置保存
2025-08-17 11:55:05,560 - VALO360 - DEBUG - 簡單關閉 COM 口 COM1
2025-08-17 11:55:05,561 - VALO360 - DEBUG - SerialWorker 執行完成
2025-08-17 11:55:05,561 - VALO360 - WARNING - 函數 SerialWorker.run 執行時間過長: 2.689秒
2025-08-17 11:55:10,947 - VALO360 - DEBUG - 自動保存已禁用，跳過配置保存
2025-08-17 11:55:10,948 - VALO360 - DEBUG - 自動保存已禁用，跳過配置保存
2025-08-17 11:55:10,948 - VALO360 - DEBUG - 自動保存已禁用，跳過配置保存
2025-08-17 11:55:10,948 - VALO360 - DEBUG - 自動保存已禁用，跳過配置保存
2025-08-17 11:55:14,701 - VALO360 - DEBUG - 自動保存已禁用，跳過配置保存
2025-08-17 11:55:14,702 - VALO360 - DEBUG - 自動保存已禁用，跳過配置保存
2025-08-17 11:55:14,703 - VALO360 - DEBUG - 自動保存已禁用，跳過配置保存
2025-08-17 11:55:14,704 - VALO360 - DEBUG - 自動保存已禁用，跳過配置保存
2025-08-17 11:55:16,456 - VALO360 - DEBUG - 自動保存已禁用，跳過配置保存
2025-08-17 11:55:16,456 - VALO360 - DEBUG - 自動保存已禁用，跳過配置保存
2025-08-17 11:55:16,456 - VALO360 - DEBUG - 自動保存已禁用，跳過配置保存
2025-08-17 11:55:16,456 - VALO360 - DEBUG - 自動保存已禁用，跳過配置保存
2025-08-17 11:55:16,460 - VALO360 - DEBUG - 自動保存已禁用，跳過配置保存
2025-08-17 11:55:16,460 - VALO360 - DEBUG - 自動保存已禁用，跳過配置保存
2025-08-17 11:55:16,460 - VALO360 - DEBUG - 自動保存已禁用，跳過配置保存
2025-08-17 11:55:16,461 - VALO360 - DEBUG - 自動保存已禁用，跳過配置保存
2025-08-17 11:55:16,472 - VALO360 - DEBUG - 自動保存已禁用，跳過配置保存
2025-08-17 11:55:16,473 - VALO360 - DEBUG - 自動保存已禁用，跳過配置保存
2025-08-17 11:55:16,473 - VALO360 - DEBUG - 自動保存已禁用，跳過配置保存
2025-08-17 11:55:16,473 - VALO360 - DEBUG - 自動保存已禁用，跳過配置保存
2025-08-17 11:55:16,477 - VALO360 - DEBUG - 自動保存已禁用，跳過配置保存
2025-08-17 11:55:16,478 - VALO360 - DEBUG - 自動保存已禁用，跳過配置保存
2025-08-17 11:55:16,478 - VALO360 - DEBUG - 自動保存已禁用，跳過配置保存
2025-08-17 11:55:16,478 - VALO360 - DEBUG - 自動保存已禁用，跳過配置保存
2025-08-17 11:55:16,479 - VALO360 - DEBUG - 自動保存已禁用，跳過配置保存
2025-08-17 11:55:16,479 - VALO360 - DEBUG - 自動保存已禁用，跳過配置保存
2025-08-17 11:55:16,480 - VALO360 - DEBUG - 自動保存已禁用，跳過配置保存
2025-08-17 11:55:16,480 - VALO360 - DEBUG - 自動保存已禁用，跳過配置保存
2025-08-17 11:55:16,481 - VALO360 - DEBUG - 自動保存已禁用，跳過配置保存
2025-08-17 11:55:16,481 - VALO360 - DEBUG - 自動保存已禁用，跳過配置保存
2025-08-17 11:55:16,481 - VALO360 - DEBUG - 自動保存已禁用，跳過配置保存
2025-08-17 11:55:16,481 - VALO360 - DEBUG - 自動保存已禁用，跳過配置保存
2025-08-17 11:55:16,482 - VALO360 - DEBUG - 自動保存已禁用，跳過配置保存
2025-08-17 11:55:16,482 - VALO360 - DEBUG - 自動保存已禁用，跳過配置保存
2025-08-17 11:55:16,482 - VALO360 - DEBUG - 自動保存已禁用，跳過配置保存
2025-08-17 11:55:16,483 - VALO360 - DEBUG - 自動保存已禁用，跳過配置保存
2025-08-17 11:55:16,485 - VALO360 - DEBUG - 自動保存已禁用，跳過配置保存
2025-08-17 11:55:16,486 - VALO360 - DEBUG - 自動保存已禁用，跳過配置保存
2025-08-17 11:55:16,486 - VALO360 - DEBUG - 自動保存已禁用，跳過配置保存
2025-08-17 11:55:16,486 - VALO360 - DEBUG - 自動保存已禁用，跳過配置保存
2025-08-17 11:55:16,488 - VALO360 - DEBUG - 自動保存已禁用，跳過配置保存
2025-08-17 11:55:16,489 - VALO360 - DEBUG - 自動保存已禁用，跳過配置保存
2025-08-17 11:55:16,489 - VALO360 - DEBUG - 自動保存已禁用，跳過配置保存
2025-08-17 11:55:16,489 - VALO360 - DEBUG - 自動保存已禁用，跳過配置保存
2025-08-17 11:55:16,490 - VALO360 - DEBUG - 自動保存已禁用，跳過配置保存
2025-08-17 11:55:16,490 - VALO360 - DEBUG - 自動保存已禁用，跳過配置保存
2025-08-17 11:55:16,490 - VALO360 - DEBUG - 自動保存已禁用，跳過配置保存
2025-08-17 11:55:16,490 - VALO360 - DEBUG - 自動保存已禁用，跳過配置保存
2025-08-17 11:55:16,491 - VALO360 - DEBUG - 自動保存已禁用，跳過配置保存
2025-08-17 11:55:16,491 - VALO360 - DEBUG - 自動保存已禁用，跳過配置保存
2025-08-17 11:55:16,491 - VALO360 - DEBUG - 自動保存已禁用，跳過配置保存
2025-08-17 11:55:16,492 - VALO360 - DEBUG - 自動保存已禁用，跳過配置保存
2025-08-17 11:55:16,492 - VALO360 - DEBUG - 自動保存已禁用，跳過配置保存
2025-08-17 11:55:16,492 - VALO360 - DEBUG - 自動保存已禁用，跳過配置保存
2025-08-17 11:55:16,493 - VALO360 - DEBUG - 自動保存已禁用，跳過配置保存
2025-08-17 11:55:16,493 - VALO360 - DEBUG - 自動保存已禁用，跳過配置保存
2025-08-17 11:55:16,495 - VALO360 - DEBUG - 自動保存已禁用，跳過配置保存
2025-08-17 11:55:16,495 - VALO360 - DEBUG - 自動保存已禁用，跳過配置保存
2025-08-17 11:55:16,495 - VALO360 - DEBUG - 自動保存已禁用，跳過配置保存
2025-08-17 11:55:16,496 - VALO360 - DEBUG - 自動保存已禁用，跳過配置保存
2025-08-17 11:55:16,497 - VALO360 - DEBUG - 自動保存已禁用，跳過配置保存
2025-08-17 11:55:16,497 - VALO360 - DEBUG - 自動保存已禁用，跳過配置保存
2025-08-17 11:55:16,498 - VALO360 - DEBUG - 自動保存已禁用，跳過配置保存
2025-08-17 11:55:16,498 - VALO360 - DEBUG - 自動保存已禁用，跳過配置保存
2025-08-17 11:55:16,501 - VALO360 - DEBUG - 自動保存已禁用，跳過配置保存
2025-08-17 11:55:16,502 - VALO360 - DEBUG - 自動保存已禁用，跳過配置保存
2025-08-17 11:55:16,502 - VALO360 - DEBUG - 自動保存已禁用，跳過配置保存
2025-08-17 11:55:16,502 - VALO360 - DEBUG - 自動保存已禁用，跳過配置保存
2025-08-17 11:55:16,503 - VALO360 - DEBUG - 自動保存已禁用，跳過配置保存
2025-08-17 11:55:16,503 - VALO360 - DEBUG - 自動保存已禁用，跳過配置保存
2025-08-17 11:55:16,503 - VALO360 - DEBUG - 自動保存已禁用，跳過配置保存
2025-08-17 11:55:16,503 - VALO360 - DEBUG - 自動保存已禁用，跳過配置保存
2025-08-17 11:55:16,504 - VALO360 - DEBUG - 自動保存已禁用，跳過配置保存
2025-08-17 11:55:16,504 - VALO360 - DEBUG - 自動保存已禁用，跳過配置保存
2025-08-17 11:55:16,505 - VALO360 - DEBUG - 自動保存已禁用，跳過配置保存
2025-08-17 11:55:16,505 - VALO360 - DEBUG - 自動保存已禁用，跳過配置保存
2025-08-17 11:55:16,506 - VALO360 - DEBUG - 自動保存已禁用，跳過配置保存
2025-08-17 11:55:16,506 - VALO360 - DEBUG - 自動保存已禁用，跳過配置保存
2025-08-17 11:55:16,506 - VALO360 - DEBUG - 自動保存已禁用，跳過配置保存
2025-08-17 11:55:16,506 - VALO360 - DEBUG - 自動保存已禁用，跳過配置保存
2025-08-17 11:55:16,508 - VALO360 - DEBUG - 自動保存已禁用，跳過配置保存
2025-08-17 11:55:16,508 - VALO360 - DEBUG - 自動保存已禁用，跳過配置保存
2025-08-17 11:55:16,508 - VALO360 - DEBUG - 自動保存已禁用，跳過配置保存
2025-08-17 11:55:16,508 - VALO360 - DEBUG - 自動保存已禁用，跳過配置保存
2025-08-17 11:55:16,509 - VALO360 - DEBUG - 自動保存已禁用，跳過配置保存
2025-08-17 11:55:16,509 - VALO360 - DEBUG - 自動保存已禁用，跳過配置保存
2025-08-17 11:55:16,509 - VALO360 - DEBUG - 自動保存已禁用，跳過配置保存
2025-08-17 11:55:16,509 - VALO360 - DEBUG - 自動保存已禁用，跳過配置保存
2025-08-17 11:55:16,510 - VALO360 - DEBUG - 自動保存已禁用，跳過配置保存
2025-08-17 11:55:16,511 - VALO360 - DEBUG - 自動保存已禁用，跳過配置保存
2025-08-17 11:55:16,511 - VALO360 - DEBUG - 自動保存已禁用，跳過配置保存
2025-08-17 11:55:16,511 - VALO360 - DEBUG - 自動保存已禁用，跳過配置保存
2025-08-17 11:55:16,511 - VALO360 - DEBUG - 自動保存已禁用，跳過配置保存
2025-08-17 11:55:16,512 - VALO360 - DEBUG - 自動保存已禁用，跳過配置保存
2025-08-17 11:55:16,512 - VALO360 - DEBUG - 自動保存已禁用，跳過配置保存
2025-08-17 11:55:16,512 - VALO360 - DEBUG - 自動保存已禁用，跳過配置保存
2025-08-17 11:55:16,513 - VALO360 - DEBUG - 自動保存已禁用，跳過配置保存
2025-08-17 11:55:16,513 - VALO360 - DEBUG - 自動保存已禁用，跳過配置保存
2025-08-17 11:55:16,513 - VALO360 - DEBUG - 自動保存已禁用，跳過配置保存
2025-08-17 11:55:16,513 - VALO360 - DEBUG - 自動保存已禁用，跳過配置保存
2025-08-17 11:55:16,515 - VALO360 - DEBUG - 自動保存已禁用，跳過配置保存
2025-08-17 11:55:16,515 - VALO360 - DEBUG - 自動保存已禁用，跳過配置保存
2025-08-17 11:55:16,515 - VALO360 - DEBUG - 自動保存已禁用，跳過配置保存
2025-08-17 11:55:16,516 - VALO360 - DEBUG - 自動保存已禁用，跳過配置保存
2025-08-17 11:55:16,519 - VALO360 - DEBUG - 自動保存已禁用，跳過配置保存
2025-08-17 11:55:16,519 - VALO360 - DEBUG - 自動保存已禁用，跳過配置保存
2025-08-17 11:55:16,519 - VALO360 - DEBUG - 自動保存已禁用，跳過配置保存
2025-08-17 11:55:16,519 - VALO360 - DEBUG - 自動保存已禁用，跳過配置保存
2025-08-17 11:55:16,520 - VALO360 - DEBUG - 自動保存已禁用，跳過配置保存
2025-08-17 11:55:16,520 - VALO360 - DEBUG - 自動保存已禁用，跳過配置保存
2025-08-17 11:55:16,521 - VALO360 - DEBUG - 自動保存已禁用，跳過配置保存
2025-08-17 11:55:16,521 - VALO360 - DEBUG - 自動保存已禁用，跳過配置保存
2025-08-17 11:55:16,522 - VALO360 - DEBUG - 自動保存已禁用，跳過配置保存
2025-08-17 11:55:16,522 - VALO360 - DEBUG - 自動保存已禁用，跳過配置保存
2025-08-17 11:55:16,522 - VALO360 - DEBUG - 自動保存已禁用，跳過配置保存
2025-08-17 11:55:16,522 - VALO360 - DEBUG - 自動保存已禁用，跳過配置保存
2025-08-17 11:55:16,524 - VALO360 - DEBUG - 自動保存已禁用，跳過配置保存
2025-08-17 11:55:16,524 - VALO360 - DEBUG - 自動保存已禁用，跳過配置保存
2025-08-17 11:55:16,525 - VALO360 - DEBUG - 自動保存已禁用，跳過配置保存
2025-08-17 11:55:16,525 - VALO360 - DEBUG - 自動保存已禁用，跳過配置保存
2025-08-17 11:55:16,525 - VALO360 - DEBUG - 自動保存已禁用，跳過配置保存
2025-08-17 11:55:16,526 - VALO360 - DEBUG - 自動保存已禁用，跳過配置保存
2025-08-17 11:55:16,526 - VALO360 - DEBUG - 自動保存已禁用，跳過配置保存
2025-08-17 11:55:16,526 - VALO360 - DEBUG - 自動保存已禁用，跳過配置保存
2025-08-17 11:55:16,531 - VALO360 - DEBUG - 自動保存已禁用，跳過配置保存
2025-08-17 11:55:16,532 - VALO360 - DEBUG - 自動保存已禁用，跳過配置保存
2025-08-17 11:55:16,532 - VALO360 - DEBUG - 自動保存已禁用，跳過配置保存
2025-08-17 11:55:16,532 - VALO360 - DEBUG - 自動保存已禁用，跳過配置保存
2025-08-17 11:55:16,533 - VALO360 - DEBUG - 自動保存已禁用，跳過配置保存
2025-08-17 11:55:16,533 - VALO360 - DEBUG - 自動保存已禁用，跳過配置保存
2025-08-17 11:55:16,534 - VALO360 - DEBUG - 自動保存已禁用，跳過配置保存
2025-08-17 11:55:16,534 - VALO360 - DEBUG - 自動保存已禁用，跳過配置保存
2025-08-17 11:55:16,539 - VALO360 - DEBUG - 自動保存已禁用，跳過配置保存
2025-08-17 11:55:16,539 - VALO360 - DEBUG - 自動保存已禁用，跳過配置保存
2025-08-17 11:55:16,539 - VALO360 - DEBUG - 自動保存已禁用，跳過配置保存
2025-08-17 11:55:16,539 - VALO360 - DEBUG - 自動保存已禁用，跳過配置保存
2025-08-17 11:55:16,541 - VALO360 - DEBUG - 自動保存已禁用，跳過配置保存
2025-08-17 11:55:16,541 - VALO360 - DEBUG - 自動保存已禁用，跳過配置保存
2025-08-17 11:55:16,541 - VALO360 - DEBUG - 自動保存已禁用，跳過配置保存
2025-08-17 11:55:16,541 - VALO360 - DEBUG - 自動保存已禁用，跳過配置保存
2025-08-17 11:55:16,542 - VALO360 - DEBUG - 自動保存已禁用，跳過配置保存
2025-08-17 11:55:16,542 - VALO360 - DEBUG - 自動保存已禁用，跳過配置保存
2025-08-17 11:55:16,542 - VALO360 - DEBUG - 自動保存已禁用，跳過配置保存
2025-08-17 11:55:16,542 - VALO360 - DEBUG - 自動保存已禁用，跳過配置保存
2025-08-17 11:55:16,544 - VALO360 - DEBUG - 自動保存已禁用，跳過配置保存
2025-08-17 11:55:16,544 - VALO360 - DEBUG - 自動保存已禁用，跳過配置保存
2025-08-17 11:55:16,544 - VALO360 - DEBUG - 自動保存已禁用，跳過配置保存
2025-08-17 11:55:16,544 - VALO360 - DEBUG - 自動保存已禁用，跳過配置保存
2025-08-17 11:55:16,545 - VALO360 - DEBUG - 自動保存已禁用，跳過配置保存
2025-08-17 11:55:16,545 - VALO360 - DEBUG - 自動保存已禁用，跳過配置保存
2025-08-17 11:55:16,545 - VALO360 - DEBUG - 自動保存已禁用，跳過配置保存
2025-08-17 11:55:16,545 - VALO360 - DEBUG - 自動保存已禁用，跳過配置保存
2025-08-17 11:55:16,546 - VALO360 - DEBUG - 自動保存已禁用，跳過配置保存
2025-08-17 11:55:16,546 - VALO360 - DEBUG - 自動保存已禁用，跳過配置保存
2025-08-17 11:55:16,547 - VALO360 - DEBUG - 自動保存已禁用，跳過配置保存
2025-08-17 11:55:16,547 - VALO360 - DEBUG - 自動保存已禁用，跳過配置保存
2025-08-17 11:55:16,548 - VALO360 - DEBUG - 自動保存已禁用，跳過配置保存
2025-08-17 11:55:16,548 - VALO360 - DEBUG - 自動保存已禁用，跳過配置保存
2025-08-17 11:55:16,548 - VALO360 - DEBUG - 自動保存已禁用，跳過配置保存
2025-08-17 11:55:16,548 - VALO360 - DEBUG - 自動保存已禁用，跳過配置保存
2025-08-17 11:55:16,550 - VALO360 - DEBUG - 自動保存已禁用，跳過配置保存
2025-08-17 11:55:16,550 - VALO360 - DEBUG - 自動保存已禁用，跳過配置保存
2025-08-17 11:55:16,550 - VALO360 - DEBUG - 自動保存已禁用，跳過配置保存
2025-08-17 11:55:16,550 - VALO360 - DEBUG - 自動保存已禁用，跳過配置保存
2025-08-17 11:55:16,554 - VALO360 - DEBUG - 自動保存已禁用，跳過配置保存
2025-08-17 11:55:16,554 - VALO360 - DEBUG - 自動保存已禁用，跳過配置保存
2025-08-17 11:55:16,554 - VALO360 - DEBUG - 自動保存已禁用，跳過配置保存
2025-08-17 11:55:16,554 - VALO360 - DEBUG - 自動保存已禁用，跳過配置保存
2025-08-17 11:55:16,555 - VALO360 - DEBUG - 自動保存已禁用，跳過配置保存
2025-08-17 11:55:16,555 - VALO360 - DEBUG - 自動保存已禁用，跳過配置保存
2025-08-17 11:55:16,555 - VALO360 - DEBUG - 自動保存已禁用，跳過配置保存
2025-08-17 11:55:16,555 - VALO360 - DEBUG - 自動保存已禁用，跳過配置保存
2025-08-17 11:55:16,556 - VALO360 - DEBUG - 自動保存已禁用，跳過配置保存
2025-08-17 11:55:16,557 - VALO360 - DEBUG - 自動保存已禁用，跳過配置保存
2025-08-17 11:55:16,557 - VALO360 - DEBUG - 自動保存已禁用，跳過配置保存
2025-08-17 11:55:16,557 - VALO360 - DEBUG - 自動保存已禁用，跳過配置保存
2025-08-17 11:55:16,557 - VALO360 - DEBUG - 自動保存已禁用，跳過配置保存
2025-08-17 11:55:16,558 - VALO360 - DEBUG - 自動保存已禁用，跳過配置保存
2025-08-17 11:55:16,558 - VALO360 - DEBUG - 自動保存已禁用，跳過配置保存
2025-08-17 11:55:16,558 - VALO360 - DEBUG - 自動保存已禁用，跳過配置保存
2025-08-17 11:55:16,559 - VALO360 - DEBUG - 自動保存已禁用，跳過配置保存
2025-08-17 11:55:16,560 - VALO360 - DEBUG - 自動保存已禁用，跳過配置保存
2025-08-17 11:55:16,560 - VALO360 - DEBUG - 自動保存已禁用，跳過配置保存
2025-08-17 11:55:16,560 - VALO360 - DEBUG - 自動保存已禁用，跳過配置保存
2025-08-17 11:55:16,560 - VALO360 - DEBUG - 自動保存已禁用，跳過配置保存
2025-08-17 11:55:16,561 - VALO360 - DEBUG - 自動保存已禁用，跳過配置保存
2025-08-17 11:55:16,561 - VALO360 - DEBUG - 自動保存已禁用，跳過配置保存
2025-08-17 11:55:16,561 - VALO360 - DEBUG - 自動保存已禁用，跳過配置保存
2025-08-17 11:55:16,562 - VALO360 - DEBUG - 自動保存已禁用，跳過配置保存
2025-08-17 11:55:16,562 - VALO360 - DEBUG - 自動保存已禁用，跳過配置保存
2025-08-17 11:55:16,563 - VALO360 - DEBUG - 自動保存已禁用，跳過配置保存
2025-08-17 11:55:16,563 - VALO360 - DEBUG - 自動保存已禁用，跳過配置保存
2025-08-17 11:55:16,563 - VALO360 - DEBUG - 自動保存已禁用，跳過配置保存
2025-08-17 11:55:16,563 - VALO360 - DEBUG - 自動保存已禁用，跳過配置保存
2025-08-17 11:55:16,563 - VALO360 - DEBUG - 自動保存已禁用，跳過配置保存
2025-08-17 11:55:16,564 - VALO360 - DEBUG - 自動保存已禁用，跳過配置保存
2025-08-17 11:55:16,565 - VALO360 - DEBUG - 自動保存已禁用，跳過配置保存
2025-08-17 11:55:16,565 - VALO360 - DEBUG - 自動保存已禁用，跳過配置保存
2025-08-17 11:55:16,566 - VALO360 - DEBUG - 自動保存已禁用，跳過配置保存
2025-08-17 11:55:16,566 - VALO360 - DEBUG - 自動保存已禁用，跳過配置保存
2025-08-17 11:55:16,566 - VALO360 - DEBUG - 自動保存已禁用，跳過配置保存
2025-08-17 11:55:16,566 - VALO360 - DEBUG - 自動保存已禁用，跳過配置保存
2025-08-17 11:55:16,567 - VALO360 - DEBUG - 自動保存已禁用，跳過配置保存
2025-08-17 11:55:16,567 - VALO360 - DEBUG - 自動保存已禁用，跳過配置保存
2025-08-17 11:55:17,697 - VALO360 - DEBUG - 自動保存已禁用，跳過配置保存
2025-08-17 11:55:17,698 - VALO360 - DEBUG - 自動保存已禁用，跳過配置保存
2025-08-17 11:55:17,698 - VALO360 - DEBUG - 自動保存已禁用，跳過配置保存
2025-08-17 11:55:17,698 - VALO360 - DEBUG - 自動保存已禁用，跳過配置保存
2025-08-17 11:55:17,704 - VALO360 - DEBUG - 自動保存已禁用，跳過配置保存
2025-08-17 11:55:17,704 - VALO360 - DEBUG - 自動保存已禁用，跳過配置保存
2025-08-17 11:55:17,704 - VALO360 - DEBUG - 自動保存已禁用，跳過配置保存
2025-08-17 11:55:17,704 - VALO360 - DEBUG - 自動保存已禁用，跳過配置保存
2025-08-17 11:55:17,705 - VALO360 - DEBUG - 自動保存已禁用，跳過配置保存
2025-08-17 11:55:17,705 - VALO360 - DEBUG - 自動保存已禁用，跳過配置保存
2025-08-17 11:55:17,705 - VALO360 - DEBUG - 自動保存已禁用，跳過配置保存
2025-08-17 11:55:17,705 - VALO360 - DEBUG - 自動保存已禁用，跳過配置保存
2025-08-17 11:55:17,706 - VALO360 - DEBUG - 自動保存已禁用，跳過配置保存
2025-08-17 11:55:17,706 - VALO360 - DEBUG - 自動保存已禁用，跳過配置保存
2025-08-17 11:55:17,706 - VALO360 - DEBUG - 自動保存已禁用，跳過配置保存
2025-08-17 11:55:17,706 - VALO360 - DEBUG - 自動保存已禁用，跳過配置保存
2025-08-17 11:55:17,716 - VALO360 - DEBUG - 自動保存已禁用，跳過配置保存
2025-08-17 11:55:17,717 - VALO360 - DEBUG - 自動保存已禁用，跳過配置保存
2025-08-17 11:55:17,717 - VALO360 - DEBUG - 自動保存已禁用，跳過配置保存
2025-08-17 11:55:17,717 - VALO360 - DEBUG - 自動保存已禁用，跳過配置保存
2025-08-17 11:55:17,718 - VALO360 - DEBUG - 自動保存已禁用，跳過配置保存
2025-08-17 11:55:17,718 - VALO360 - DEBUG - 自動保存已禁用，跳過配置保存
2025-08-17 11:55:17,719 - VALO360 - DEBUG - 自動保存已禁用，跳過配置保存
2025-08-17 11:55:17,719 - VALO360 - DEBUG - 自動保存已禁用，跳過配置保存
2025-08-17 11:55:17,720 - VALO360 - DEBUG - 自動保存已禁用，跳過配置保存
2025-08-17 11:55:17,720 - VALO360 - DEBUG - 自動保存已禁用，跳過配置保存
2025-08-17 11:55:17,720 - VALO360 - DEBUG - 自動保存已禁用，跳過配置保存
2025-08-17 11:55:17,720 - VALO360 - DEBUG - 自動保存已禁用，跳過配置保存
2025-08-17 11:55:17,722 - VALO360 - DEBUG - 自動保存已禁用，跳過配置保存
2025-08-17 11:55:17,722 - VALO360 - DEBUG - 自動保存已禁用，跳過配置保存
2025-08-17 11:55:17,722 - VALO360 - DEBUG - 自動保存已禁用，跳過配置保存
2025-08-17 11:55:17,722 - VALO360 - DEBUG - 自動保存已禁用，跳過配置保存
2025-08-17 11:55:17,723 - VALO360 - DEBUG - 自動保存已禁用，跳過配置保存
2025-08-17 11:55:17,723 - VALO360 - DEBUG - 自動保存已禁用，跳過配置保存
2025-08-17 11:55:17,724 - VALO360 - DEBUG - 自動保存已禁用，跳過配置保存
2025-08-17 11:55:17,724 - VALO360 - DEBUG - 自動保存已禁用，跳過配置保存
2025-08-17 11:55:17,724 - VALO360 - DEBUG - 自動保存已禁用，跳過配置保存
2025-08-17 11:55:17,725 - VALO360 - DEBUG - 自動保存已禁用，跳過配置保存
2025-08-17 11:55:17,725 - VALO360 - DEBUG - 自動保存已禁用，跳過配置保存
2025-08-17 11:55:17,725 - VALO360 - DEBUG - 自動保存已禁用，跳過配置保存
2025-08-17 11:55:17,740 - VALO360 - DEBUG - 自動保存已禁用，跳過配置保存
2025-08-17 11:55:17,740 - VALO360 - DEBUG - 自動保存已禁用，跳過配置保存
2025-08-17 11:55:17,740 - VALO360 - DEBUG - 自動保存已禁用，跳過配置保存
2025-08-17 11:55:17,740 - VALO360 - DEBUG - 自動保存已禁用，跳過配置保存
2025-08-17 11:55:17,742 - VALO360 - DEBUG - 自動保存已禁用，跳過配置保存
2025-08-17 11:55:17,742 - VALO360 - DEBUG - 自動保存已禁用，跳過配置保存
2025-08-17 11:55:17,742 - VALO360 - DEBUG - 自動保存已禁用，跳過配置保存
2025-08-17 11:55:17,742 - VALO360 - DEBUG - 自動保存已禁用，跳過配置保存
2025-08-17 11:55:17,743 - VALO360 - DEBUG - 自動保存已禁用，跳過配置保存
2025-08-17 11:55:17,743 - VALO360 - DEBUG - 自動保存已禁用，跳過配置保存
2025-08-17 11:55:17,744 - VALO360 - DEBUG - 自動保存已禁用，跳過配置保存
2025-08-17 11:55:17,744 - VALO360 - DEBUG - 自動保存已禁用，跳過配置保存
2025-08-17 11:55:17,745 - VALO360 - DEBUG - 自動保存已禁用，跳過配置保存
2025-08-17 11:55:17,746 - VALO360 - DEBUG - 自動保存已禁用，跳過配置保存
2025-08-17 11:55:17,746 - VALO360 - DEBUG - 自動保存已禁用，跳過配置保存
2025-08-17 11:55:17,746 - VALO360 - DEBUG - 自動保存已禁用，跳過配置保存
2025-08-17 11:55:17,746 - VALO360 - DEBUG - 自動保存已禁用，跳過配置保存
2025-08-17 11:55:17,747 - VALO360 - DEBUG - 自動保存已禁用，跳過配置保存
2025-08-17 11:55:17,747 - VALO360 - DEBUG - 自動保存已禁用，跳過配置保存
2025-08-17 11:55:17,747 - VALO360 - DEBUG - 自動保存已禁用，跳過配置保存
2025-08-17 11:55:17,748 - VALO360 - DEBUG - 自動保存已禁用，跳過配置保存
2025-08-17 11:55:17,749 - VALO360 - DEBUG - 自動保存已禁用，跳過配置保存
2025-08-17 11:55:17,749 - VALO360 - DEBUG - 自動保存已禁用，跳過配置保存
2025-08-17 11:55:17,749 - VALO360 - DEBUG - 自動保存已禁用，跳過配置保存
2025-08-17 11:55:17,750 - VALO360 - DEBUG - 自動保存已禁用，跳過配置保存
2025-08-17 11:55:17,750 - VALO360 - DEBUG - 自動保存已禁用，跳過配置保存
2025-08-17 11:55:17,750 - VALO360 - DEBUG - 自動保存已禁用，跳過配置保存
2025-08-17 11:55:17,751 - VALO360 - DEBUG - 自動保存已禁用，跳過配置保存
2025-08-17 11:55:17,753 - VALO360 - DEBUG - 自動保存已禁用，跳過配置保存
2025-08-17 11:55:17,753 - VALO360 - DEBUG - 自動保存已禁用，跳過配置保存
2025-08-17 11:55:17,753 - VALO360 - DEBUG - 自動保存已禁用，跳過配置保存
2025-08-17 11:55:17,753 - VALO360 - DEBUG - 自動保存已禁用，跳過配置保存
2025-08-17 11:55:17,754 - VALO360 - DEBUG - 自動保存已禁用，跳過配置保存
2025-08-17 11:55:17,754 - VALO360 - DEBUG - 自動保存已禁用，跳過配置保存
2025-08-17 11:55:17,754 - VALO360 - DEBUG - 自動保存已禁用，跳過配置保存
2025-08-17 11:55:17,754 - VALO360 - DEBUG - 自動保存已禁用，跳過配置保存
2025-08-17 11:55:17,755 - VALO360 - DEBUG - 自動保存已禁用，跳過配置保存
2025-08-17 11:55:17,755 - VALO360 - DEBUG - 自動保存已禁用，跳過配置保存
2025-08-17 11:55:17,756 - VALO360 - DEBUG - 自動保存已禁用，跳過配置保存
2025-08-17 11:55:17,756 - VALO360 - DEBUG - 自動保存已禁用，跳過配置保存
2025-08-17 11:55:17,757 - VALO360 - DEBUG - 自動保存已禁用，跳過配置保存
2025-08-17 11:55:17,757 - VALO360 - DEBUG - 自動保存已禁用，跳過配置保存
2025-08-17 11:55:17,757 - VALO360 - DEBUG - 自動保存已禁用，跳過配置保存
2025-08-17 11:55:17,757 - VALO360 - DEBUG - 自動保存已禁用，跳過配置保存
2025-08-17 11:55:17,758 - VALO360 - DEBUG - 自動保存已禁用，跳過配置保存
2025-08-17 11:55:17,758 - VALO360 - DEBUG - 自動保存已禁用，跳過配置保存
2025-08-17 11:55:17,758 - VALO360 - DEBUG - 自動保存已禁用，跳過配置保存
2025-08-17 11:55:17,758 - VALO360 - DEBUG - 自動保存已禁用，跳過配置保存
2025-08-17 11:55:17,760 - VALO360 - DEBUG - 自動保存已禁用，跳過配置保存
2025-08-17 11:55:17,760 - VALO360 - DEBUG - 自動保存已禁用，跳過配置保存
2025-08-17 11:55:17,760 - VALO360 - DEBUG - 自動保存已禁用，跳過配置保存
2025-08-17 11:55:17,761 - VALO360 - DEBUG - 自動保存已禁用，跳過配置保存
2025-08-17 11:55:17,761 - VALO360 - DEBUG - 自動保存已禁用，跳過配置保存
2025-08-17 11:55:17,761 - VALO360 - DEBUG - 自動保存已禁用，跳過配置保存
2025-08-17 11:55:17,762 - VALO360 - DEBUG - 自動保存已禁用，跳過配置保存
2025-08-17 11:55:17,762 - VALO360 - DEBUG - 自動保存已禁用，跳過配置保存
2025-08-17 11:55:17,762 - VALO360 - DEBUG - 自動保存已禁用，跳過配置保存
2025-08-17 11:55:17,763 - VALO360 - DEBUG - 自動保存已禁用，跳過配置保存
2025-08-17 11:55:17,763 - VALO360 - DEBUG - 自動保存已禁用，跳過配置保存
2025-08-17 11:55:17,763 - VALO360 - DEBUG - 自動保存已禁用，跳過配置保存
2025-08-17 11:55:17,765 - VALO360 - DEBUG - 自動保存已禁用，跳過配置保存
2025-08-17 11:55:17,765 - VALO360 - DEBUG - 自動保存已禁用，跳過配置保存
2025-08-17 11:55:17,766 - VALO360 - DEBUG - 自動保存已禁用，跳過配置保存
2025-08-17 11:55:17,766 - VALO360 - DEBUG - 自動保存已禁用，跳過配置保存
2025-08-17 11:55:17,767 - VALO360 - DEBUG - 自動保存已禁用，跳過配置保存
2025-08-17 11:55:17,767 - VALO360 - DEBUG - 自動保存已禁用，跳過配置保存
2025-08-17 11:55:17,767 - VALO360 - DEBUG - 自動保存已禁用，跳過配置保存
2025-08-17 11:55:17,767 - VALO360 - DEBUG - 自動保存已禁用，跳過配置保存
2025-08-17 11:55:17,770 - VALO360 - DEBUG - 自動保存已禁用，跳過配置保存
2025-08-17 11:55:17,770 - VALO360 - DEBUG - 自動保存已禁用，跳過配置保存
2025-08-17 11:55:17,771 - VALO360 - DEBUG - 自動保存已禁用，跳過配置保存
2025-08-17 11:55:17,771 - VALO360 - DEBUG - 自動保存已禁用，跳過配置保存
2025-08-17 11:55:17,772 - VALO360 - DEBUG - 自動保存已禁用，跳過配置保存
2025-08-17 11:55:17,772 - VALO360 - DEBUG - 自動保存已禁用，跳過配置保存
2025-08-17 11:55:17,772 - VALO360 - DEBUG - 自動保存已禁用，跳過配置保存
2025-08-17 11:55:17,772 - VALO360 - DEBUG - 自動保存已禁用，跳過配置保存
2025-08-17 11:55:17,773 - VALO360 - DEBUG - 自動保存已禁用，跳過配置保存
2025-08-17 11:55:17,773 - VALO360 - DEBUG - 自動保存已禁用，跳過配置保存
2025-08-17 11:55:17,773 - VALO360 - DEBUG - 自動保存已禁用，跳過配置保存
2025-08-17 11:55:17,774 - VALO360 - DEBUG - 自動保存已禁用，跳過配置保存
2025-08-17 11:55:17,774 - VALO360 - DEBUG - 自動保存已禁用，跳過配置保存
2025-08-17 11:55:17,774 - VALO360 - DEBUG - 自動保存已禁用，跳過配置保存
2025-08-17 11:55:17,775 - VALO360 - DEBUG - 自動保存已禁用，跳過配置保存
2025-08-17 11:55:17,775 - VALO360 - DEBUG - 自動保存已禁用，跳過配置保存
2025-08-17 11:55:17,776 - VALO360 - DEBUG - 自動保存已禁用，跳過配置保存
2025-08-17 11:55:17,776 - VALO360 - DEBUG - 自動保存已禁用，跳過配置保存
2025-08-17 11:55:17,776 - VALO360 - DEBUG - 自動保存已禁用，跳過配置保存
2025-08-17 11:55:17,776 - VALO360 - DEBUG - 自動保存已禁用，跳過配置保存
2025-08-17 11:55:17,777 - VALO360 - DEBUG - 自動保存已禁用，跳過配置保存
2025-08-17 11:55:17,777 - VALO360 - DEBUG - 自動保存已禁用，跳過配置保存
2025-08-17 11:55:17,777 - VALO360 - DEBUG - 自動保存已禁用，跳過配置保存
2025-08-17 11:55:17,777 - VALO360 - DEBUG - 自動保存已禁用，跳過配置保存
2025-08-17 11:55:17,791 - VALO360 - DEBUG - 自動保存已禁用，跳過配置保存
2025-08-17 11:55:17,792 - VALO360 - DEBUG - 自動保存已禁用，跳過配置保存
2025-08-17 11:55:17,792 - VALO360 - DEBUG - 自動保存已禁用，跳過配置保存
2025-08-17 11:55:17,792 - VALO360 - DEBUG - 自動保存已禁用，跳過配置保存
2025-08-17 11:55:17,793 - VALO360 - DEBUG - 自動保存已禁用，跳過配置保存
2025-08-17 11:55:17,793 - VALO360 - DEBUG - 自動保存已禁用，跳過配置保存
2025-08-17 11:55:17,793 - VALO360 - DEBUG - 自動保存已禁用，跳過配置保存
2025-08-17 11:55:17,793 - VALO360 - DEBUG - 自動保存已禁用，跳過配置保存
2025-08-17 11:55:18,409 - VALO360 - DEBUG - 自動保存已禁用，跳過配置保存
2025-08-17 11:55:18,410 - VALO360 - DEBUG - 自動保存已禁用，跳過配置保存
2025-08-17 11:55:18,410 - VALO360 - DEBUG - 自動保存已禁用，跳過配置保存
2025-08-17 11:55:18,410 - VALO360 - DEBUG - 自動保存已禁用，跳過配置保存
2025-08-17 11:55:21,218 - VALO360 - DEBUG - 自動保存已禁用，跳過配置保存
2025-08-17 11:55:21,218 - VALO360 - DEBUG - 自動保存已禁用，跳過配置保存
2025-08-17 11:55:21,219 - VALO360 - DEBUG - 自動保存已禁用，跳過配置保存
2025-08-17 11:55:21,219 - VALO360 - DEBUG - 自動保存已禁用，跳過配置保存
2025-08-17 11:55:21,222 - VALO360 - DEBUG - 自動保存已禁用，跳過配置保存
2025-08-17 11:55:21,222 - VALO360 - DEBUG - 自動保存已禁用，跳過配置保存
2025-08-17 11:55:21,222 - VALO360 - DEBUG - 自動保存已禁用，跳過配置保存
2025-08-17 11:55:21,223 - VALO360 - DEBUG - 自動保存已禁用，跳過配置保存
2025-08-17 11:55:21,233 - VALO360 - DEBUG - 自動保存已禁用，跳過配置保存
2025-08-17 11:55:21,233 - VALO360 - DEBUG - 自動保存已禁用，跳過配置保存
2025-08-17 11:55:21,233 - VALO360 - DEBUG - 自動保存已禁用，跳過配置保存
2025-08-17 11:55:21,233 - VALO360 - DEBUG - 自動保存已禁用，跳過配置保存
2025-08-17 11:55:21,235 - VALO360 - DEBUG - 自動保存已禁用，跳過配置保存
2025-08-17 11:55:21,235 - VALO360 - DEBUG - 自動保存已禁用，跳過配置保存
2025-08-17 11:55:21,235 - VALO360 - DEBUG - 自動保存已禁用，跳過配置保存
2025-08-17 11:55:21,235 - VALO360 - DEBUG - 自動保存已禁用，跳過配置保存
2025-08-17 11:55:21,236 - VALO360 - DEBUG - 自動保存已禁用，跳過配置保存
2025-08-17 11:55:21,236 - VALO360 - DEBUG - 自動保存已禁用，跳過配置保存
2025-08-17 11:55:21,237 - VALO360 - DEBUG - 自動保存已禁用，跳過配置保存
2025-08-17 11:55:21,237 - VALO360 - DEBUG - 自動保存已禁用，跳過配置保存
2025-08-17 11:55:21,238 - VALO360 - DEBUG - 自動保存已禁用，跳過配置保存
2025-08-17 11:55:21,238 - VALO360 - DEBUG - 自動保存已禁用，跳過配置保存
2025-08-17 11:55:21,238 - VALO360 - DEBUG - 自動保存已禁用，跳過配置保存
2025-08-17 11:55:21,238 - VALO360 - DEBUG - 自動保存已禁用，跳過配置保存
2025-08-17 11:55:21,240 - VALO360 - DEBUG - 自動保存已禁用，跳過配置保存
2025-08-17 11:55:21,240 - VALO360 - DEBUG - 自動保存已禁用，跳過配置保存
2025-08-17 11:55:21,240 - VALO360 - DEBUG - 自動保存已禁用，跳過配置保存
2025-08-17 11:55:21,240 - VALO360 - DEBUG - 自動保存已禁用，跳過配置保存
2025-08-17 11:55:21,242 - VALO360 - DEBUG - 自動保存已禁用，跳過配置保存
2025-08-17 11:55:21,242 - VALO360 - DEBUG - 自動保存已禁用，跳過配置保存
2025-08-17 11:55:21,243 - VALO360 - DEBUG - 自動保存已禁用，跳過配置保存
2025-08-17 11:55:21,243 - VALO360 - DEBUG - 自動保存已禁用，跳過配置保存
2025-08-17 11:55:21,243 - VALO360 - DEBUG - 自動保存已禁用，跳過配置保存
2025-08-17 11:55:21,244 - VALO360 - DEBUG - 自動保存已禁用，跳過配置保存
2025-08-17 11:55:21,244 - VALO360 - DEBUG - 自動保存已禁用，跳過配置保存
2025-08-17 11:55:21,244 - VALO360 - DEBUG - 自動保存已禁用，跳過配置保存
2025-08-17 11:55:21,245 - VALO360 - DEBUG - 自動保存已禁用，跳過配置保存
2025-08-17 11:55:21,245 - VALO360 - DEBUG - 自動保存已禁用，跳過配置保存
2025-08-17 11:55:21,245 - VALO360 - DEBUG - 自動保存已禁用，跳過配置保存
2025-08-17 11:55:21,245 - VALO360 - DEBUG - 自動保存已禁用，跳過配置保存
2025-08-17 11:55:21,246 - VALO360 - DEBUG - 自動保存已禁用，跳過配置保存
2025-08-17 11:55:21,247 - VALO360 - DEBUG - 自動保存已禁用，跳過配置保存
2025-08-17 11:55:21,247 - VALO360 - DEBUG - 自動保存已禁用，跳過配置保存
2025-08-17 11:55:21,247 - VALO360 - DEBUG - 自動保存已禁用，跳過配置保存
2025-08-17 11:55:21,248 - VALO360 - DEBUG - 自動保存已禁用，跳過配置保存
2025-08-17 11:55:21,249 - VALO360 - DEBUG - 自動保存已禁用，跳過配置保存
2025-08-17 11:55:21,249 - VALO360 - DEBUG - 自動保存已禁用，跳過配置保存
2025-08-17 11:55:21,249 - VALO360 - DEBUG - 自動保存已禁用，跳過配置保存
2025-08-17 11:55:21,250 - VALO360 - DEBUG - 自動保存已禁用，跳過配置保存
2025-08-17 11:55:21,250 - VALO360 - DEBUG - 自動保存已禁用，跳過配置保存
2025-08-17 11:55:21,250 - VALO360 - DEBUG - 自動保存已禁用，跳過配置保存
2025-08-17 11:55:21,251 - VALO360 - DEBUG - 自動保存已禁用，跳過配置保存
2025-08-17 11:55:21,254 - VALO360 - DEBUG - 自動保存已禁用，跳過配置保存
2025-08-17 11:55:21,255 - VALO360 - DEBUG - 自動保存已禁用，跳過配置保存
2025-08-17 11:55:21,255 - VALO360 - DEBUG - 自動保存已禁用，跳過配置保存
2025-08-17 11:55:21,255 - VALO360 - DEBUG - 自動保存已禁用，跳過配置保存
2025-08-17 11:55:21,258 - VALO360 - DEBUG - 自動保存已禁用，跳過配置保存
2025-08-17 11:55:21,258 - VALO360 - DEBUG - 自動保存已禁用，跳過配置保存
2025-08-17 11:55:21,258 - VALO360 - DEBUG - 自動保存已禁用，跳過配置保存
2025-08-17 11:55:21,259 - VALO360 - DEBUG - 自動保存已禁用，跳過配置保存
2025-08-17 11:55:21,260 - VALO360 - DEBUG - 自動保存已禁用，跳過配置保存
2025-08-17 11:55:21,260 - VALO360 - DEBUG - 自動保存已禁用，跳過配置保存
2025-08-17 11:55:21,260 - VALO360 - DEBUG - 自動保存已禁用，跳過配置保存
2025-08-17 11:55:21,260 - VALO360 - DEBUG - 自動保存已禁用，跳過配置保存
2025-08-17 11:55:21,826 - VALO360 - DEBUG - 自動保存已禁用，跳過配置保存
2025-08-17 11:55:21,826 - VALO360 - DEBUG - 自動保存已禁用，跳過配置保存
2025-08-17 11:55:21,826 - VALO360 - DEBUG - 自動保存已禁用，跳過配置保存
2025-08-17 11:55:21,826 - VALO360 - DEBUG - 自動保存已禁用，跳過配置保存
2025-08-17 11:55:24,471 - VALO360 - DEBUG - 配置已備份至: backup\setup_backup_20250817_115524.json
2025-08-17 11:55:24,474 - VALO360 - DEBUG - 已刪除舊備份: backup\setup_backup_20250816_233422.json
2025-08-17 11:55:24,476 - VALO360 - DEBUG - 配置保存成功
2025-08-17 11:55:24,480 - VALO360 - DEBUG - 配置已備份至: backup\setup_backup_20250817_115524.json
2025-08-17 11:55:24,484 - VALO360 - DEBUG - 配置保存成功
2025-08-17 11:55:24,486 - VALO360 - DEBUG - 自動保存已禁用，跳過配置保存
2025-08-17 11:55:24,486 - VALO360 - INFO - 程式關閉時已保存所有待保存的設定
2025-08-17 11:55:24,486 - VALO360 - INFO - 程式正常關閉
2025-08-17 11:55:24,531 - VALO360 - INFO - 資源清理完成
2025-08-17 11:55:24,532 - VALO360 - INFO - 應用程式資源清理完成
