2025-08-16 00:01:31,327 - VALO360 - DEBUG - 找到指令檔: M:\PYTHON\360-command-toola_HOME\Command_TABLE\command.txt
2025-08-16 00:01:31,379 - VALO360 - INFO - 成功載入 94 個指令
2025-08-16 00:01:31,391 - VALO360 - INFO - 運行日誌: main.py 啟動
2025-08-16 00:01:31,391 - VALO360 - INFO - 指令通主程式啟動
2025-08-16 00:01:31,393 - VALO360 - INFO - 運行日誌: 成功 import TabManager
2025-08-16 00:01:31,393 - VALO360 - INFO - UI模組導入成功
2025-08-16 00:01:31,394 - VALO360 - INFO - 日誌系統初始化完成
2025-08-16 00:01:31,395 - VALO360 - DEBUG - ConfigManager: 自動保存已禁用
2025-08-16 00:01:31,395 - VALO360 - INFO - ConfigManager自動保存已禁用
2025-08-16 00:01:31,395 - VALO360 - INFO - 未找到關鍵字高亮設定文件，使用空設定
2025-08-16 00:01:31,466 - VALO360 - DEBUG - 配置已備份至: backup\setup_backup_20250816_000131.json
2025-08-16 00:01:31,467 - VALO360 - DEBUG - 配置載入成功
2025-08-16 00:01:31,469 - VALO360 - INFO - 統一設定管理器已初始化
2025-08-16 00:01:31,516 - VALO360 - DEBUG - 找到 3 個COM口: ['COM1', 'COM3', 'COM4']
2025-08-16 00:01:32,453 - VALO360 - DEBUG - 找到 3 個COM口: ['COM1', 'COM3', 'COM4']
2025-08-16 00:01:32,941 - VALO360 - INFO - 應用程式圖示設置成功: M:\PYTHON\360-command-toola_HOME\assets\icon.ico
2025-08-16 00:01:32,941 - VALO360 - INFO - 視窗設置完成: 指令通_1.9 (1522x749)
2025-08-16 00:01:32,942 - VALO360 - INFO - 程式啟動時更新標籤頁名稱
2025-08-16 00:01:32,943 - VALO360 - INFO - 應用程式啟動完成，進入主循環
2025-08-16 00:01:32,948 - VALO360 - DEBUG - 找到 3 個COM口: ['COM1', 'COM3', 'COM4']
2025-08-16 00:01:32,949 - VALO360 - DEBUG - 自動保存已禁用，跳過配置保存
2025-08-16 00:01:32,949 - VALO360 - DEBUG - 自動保存已禁用，跳過配置保存
2025-08-16 00:01:32,950 - VALO360 - DEBUG - 自動保存已禁用，跳過配置保存
2025-08-16 00:01:32,950 - VALO360 - DEBUG - 自動保存已禁用，跳過配置保存
2025-08-16 00:01:32,994 - VALO360 - DEBUG - 自動保存已禁用，跳過配置保存
2025-08-16 00:01:32,994 - VALO360 - DEBUG - 自動保存已禁用，跳過配置保存
2025-08-16 00:01:32,995 - VALO360 - DEBUG - 自動保存已禁用，跳過配置保存
2025-08-16 00:01:32,995 - VALO360 - DEBUG - 自動保存已禁用，跳過配置保存
2025-08-16 00:01:32,995 - VALO360 - DEBUG - 自動保存已禁用，跳過配置保存
2025-08-16 00:01:32,996 - VALO360 - DEBUG - 自動保存已禁用，跳過配置保存
2025-08-16 00:01:32,996 - VALO360 - DEBUG - 自動保存已禁用，跳過配置保存
2025-08-16 00:01:32,996 - VALO360 - DEBUG - 自動保存已禁用，跳過配置保存
2025-08-16 00:01:32,996 - VALO360 - DEBUG - 自動保存已禁用，跳過配置保存
2025-08-16 00:01:32,997 - VALO360 - DEBUG - 自動保存已禁用，跳過配置保存
2025-08-16 00:01:32,997 - VALO360 - DEBUG - 自動保存已禁用，跳過配置保存
2025-08-16 00:01:32,997 - VALO360 - DEBUG - 自動保存已禁用，跳過配置保存
2025-08-16 00:01:32,997 - VALO360 - DEBUG - 自動保存已禁用，跳過配置保存
2025-08-16 00:01:32,997 - VALO360 - DEBUG - 自動保存已禁用，跳過配置保存
2025-08-16 00:01:32,998 - VALO360 - DEBUG - 自動保存已禁用，跳過配置保存
2025-08-16 00:01:32,998 - VALO360 - DEBUG - 自動保存已禁用，跳過配置保存
2025-08-16 00:01:32,998 - VALO360 - DEBUG - 自動保存已禁用，跳過配置保存
2025-08-16 00:01:32,998 - VALO360 - DEBUG - 自動保存已禁用，跳過配置保存
2025-08-16 00:01:32,999 - VALO360 - DEBUG - 自動保存已禁用，跳過配置保存
2025-08-16 00:01:32,999 - VALO360 - DEBUG - 自動保存已禁用，跳過配置保存
2025-08-16 00:01:32,999 - VALO360 - DEBUG - 自動保存已禁用，跳過配置保存
2025-08-16 00:01:32,999 - VALO360 - DEBUG - 自動保存已禁用，跳過配置保存
2025-08-16 00:01:33,000 - VALO360 - DEBUG - 自動保存已禁用，跳過配置保存
2025-08-16 00:01:33,000 - VALO360 - DEBUG - 自動保存已禁用，跳過配置保存
2025-08-16 00:01:33,000 - VALO360 - DEBUG - 自動保存已禁用，跳過配置保存
2025-08-16 00:01:33,000 - VALO360 - DEBUG - 自動保存已禁用，跳過配置保存
2025-08-16 00:01:33,001 - VALO360 - DEBUG - 自動保存已禁用，跳過配置保存
2025-08-16 00:01:33,001 - VALO360 - DEBUG - 自動保存已禁用，跳過配置保存
2025-08-16 00:01:33,002 - VALO360 - DEBUG - 自動保存已禁用，跳過配置保存
2025-08-16 00:01:33,002 - VALO360 - DEBUG - 自動保存已禁用，跳過配置保存
2025-08-16 00:01:33,003 - VALO360 - DEBUG - 自動保存已禁用，跳過配置保存
2025-08-16 00:01:33,003 - VALO360 - DEBUG - 自動保存已禁用，跳過配置保存
2025-08-16 00:01:33,004 - VALO360 - DEBUG - 自動保存已禁用，跳過配置保存
2025-08-16 00:01:33,004 - VALO360 - DEBUG - 自動保存已禁用，跳過配置保存
2025-08-16 00:01:33,004 - VALO360 - DEBUG - 自動保存已禁用，跳過配置保存
2025-08-16 00:01:33,004 - VALO360 - DEBUG - 自動保存已禁用，跳過配置保存
2025-08-16 00:01:33,005 - VALO360 - DEBUG - 自動保存已禁用，跳過配置保存
2025-08-16 00:01:33,005 - VALO360 - DEBUG - 自動保存已禁用，跳過配置保存
2025-08-16 00:01:33,005 - VALO360 - DEBUG - 自動保存已禁用，跳過配置保存
2025-08-16 00:01:33,006 - VALO360 - DEBUG - 自動保存已禁用，跳過配置保存
2025-08-16 00:01:33,006 - VALO360 - DEBUG - 自動保存已禁用，跳過配置保存
2025-08-16 00:01:33,006 - VALO360 - DEBUG - 自動保存已禁用，跳過配置保存
2025-08-16 00:01:33,007 - VALO360 - DEBUG - 自動保存已禁用，跳過配置保存
2025-08-16 00:01:33,007 - VALO360 - DEBUG - 自動保存已禁用，跳過配置保存
2025-08-16 00:01:33,007 - VALO360 - DEBUG - 自動保存已禁用，跳過配置保存
2025-08-16 00:01:33,007 - VALO360 - DEBUG - 自動保存已禁用，跳過配置保存
2025-08-16 00:01:33,008 - VALO360 - DEBUG - 自動保存已禁用，跳過配置保存
2025-08-16 00:01:33,008 - VALO360 - DEBUG - 自動保存已禁用，跳過配置保存
2025-08-16 00:01:33,008 - VALO360 - DEBUG - 自動保存已禁用，跳過配置保存
2025-08-16 00:01:33,008 - VALO360 - DEBUG - 自動保存已禁用，跳過配置保存
2025-08-16 00:01:33,009 - VALO360 - DEBUG - 自動保存已禁用，跳過配置保存
2025-08-16 00:01:33,009 - VALO360 - DEBUG - 自動保存已禁用，跳過配置保存
2025-08-16 00:01:33,009 - VALO360 - DEBUG - 自動保存已禁用，跳過配置保存
2025-08-16 00:01:33,009 - VALO360 - DEBUG - 自動保存已禁用，跳過配置保存
2025-08-16 00:01:33,009 - VALO360 - DEBUG - 自動保存已禁用，跳過配置保存
2025-08-16 00:01:33,010 - VALO360 - DEBUG - 自動保存已禁用，跳過配置保存
2025-08-16 00:01:33,010 - VALO360 - DEBUG - 自動保存已禁用，跳過配置保存
2025-08-16 00:01:33,010 - VALO360 - DEBUG - 自動保存已禁用，跳過配置保存
2025-08-16 00:01:33,010 - VALO360 - DEBUG - 自動保存已禁用，跳過配置保存
2025-08-16 00:01:33,011 - VALO360 - DEBUG - 自動保存已禁用，跳過配置保存
2025-08-16 00:01:33,011 - VALO360 - DEBUG - 自動保存已禁用，跳過配置保存
2025-08-16 00:01:33,011 - VALO360 - DEBUG - 自動保存已禁用，跳過配置保存
2025-08-16 00:01:33,012 - VALO360 - DEBUG - 自動保存已禁用，跳過配置保存
2025-08-16 00:01:33,012 - VALO360 - DEBUG - 自動保存已禁用，跳過配置保存
2025-08-16 00:01:33,012 - VALO360 - DEBUG - 自動保存已禁用，跳過配置保存
2025-08-16 00:01:33,012 - VALO360 - DEBUG - 自動保存已禁用，跳過配置保存
2025-08-16 00:01:33,013 - VALO360 - DEBUG - 自動保存已禁用，跳過配置保存
2025-08-16 00:01:33,013 - VALO360 - DEBUG - 自動保存已禁用，跳過配置保存
2025-08-16 00:01:33,013 - VALO360 - DEBUG - 自動保存已禁用，跳過配置保存
2025-08-16 00:01:33,013 - VALO360 - DEBUG - 自動保存已禁用，跳過配置保存
2025-08-16 00:01:33,013 - VALO360 - DEBUG - 自動保存已禁用，跳過配置保存
2025-08-16 00:01:33,014 - VALO360 - DEBUG - 自動保存已禁用，跳過配置保存
2025-08-16 00:01:33,014 - VALO360 - DEBUG - 自動保存已禁用，跳過配置保存
2025-08-16 00:01:33,014 - VALO360 - DEBUG - 自動保存已禁用，跳過配置保存
2025-08-16 00:01:33,014 - VALO360 - DEBUG - 自動保存已禁用，跳過配置保存
2025-08-16 00:01:33,015 - VALO360 - DEBUG - 自動保存已禁用，跳過配置保存
2025-08-16 00:01:33,015 - VALO360 - DEBUG - 自動保存已禁用，跳過配置保存
2025-08-16 00:01:33,015 - VALO360 - DEBUG - 自動保存已禁用，跳過配置保存
2025-08-16 00:01:33,015 - VALO360 - DEBUG - 自動保存已禁用，跳過配置保存
2025-08-16 00:01:33,016 - VALO360 - DEBUG - 自動保存已禁用，跳過配置保存
2025-08-16 00:01:33,016 - VALO360 - DEBUG - 自動保存已禁用，跳過配置保存
2025-08-16 00:01:33,016 - VALO360 - DEBUG - 自動保存已禁用，跳過配置保存
2025-08-16 00:01:33,016 - VALO360 - DEBUG - 自動保存已禁用，跳過配置保存
2025-08-16 00:01:33,017 - VALO360 - DEBUG - 自動保存已禁用，跳過配置保存
2025-08-16 00:01:33,017 - VALO360 - DEBUG - 自動保存已禁用，跳過配置保存
2025-08-16 00:01:33,017 - VALO360 - DEBUG - 自動保存已禁用，跳過配置保存
2025-08-16 00:01:33,017 - VALO360 - DEBUG - 自動保存已禁用，跳過配置保存
2025-08-16 00:01:33,018 - VALO360 - DEBUG - 自動保存已禁用，跳過配置保存
2025-08-16 00:01:33,018 - VALO360 - DEBUG - 自動保存已禁用，跳過配置保存
2025-08-16 00:01:33,019 - VALO360 - DEBUG - 自動保存已禁用，跳過配置保存
2025-08-16 00:01:33,019 - VALO360 - DEBUG - 自動保存已禁用，跳過配置保存
2025-08-16 00:01:33,019 - VALO360 - DEBUG - 自動保存已禁用，跳過配置保存
2025-08-16 00:01:33,020 - VALO360 - DEBUG - 自動保存已禁用，跳過配置保存
2025-08-16 00:01:33,020 - VALO360 - DEBUG - 自動保存已禁用，跳過配置保存
2025-08-16 00:01:33,020 - VALO360 - DEBUG - 自動保存已禁用，跳過配置保存
2025-08-16 00:01:33,020 - VALO360 - DEBUG - 自動保存已禁用，跳過配置保存
2025-08-16 00:01:33,021 - VALO360 - DEBUG - 自動保存已禁用，跳過配置保存
2025-08-16 00:01:33,021 - VALO360 - DEBUG - 自動保存已禁用，跳過配置保存
2025-08-16 00:01:33,021 - VALO360 - DEBUG - 自動保存已禁用，跳過配置保存
2025-08-16 00:01:33,021 - VALO360 - DEBUG - 自動保存已禁用，跳過配置保存
2025-08-16 00:01:33,022 - VALO360 - DEBUG - 自動保存已禁用，跳過配置保存
2025-08-16 00:01:33,022 - VALO360 - DEBUG - 自動保存已禁用，跳過配置保存
2025-08-16 00:01:33,023 - VALO360 - DEBUG - 自動保存已禁用，跳過配置保存
2025-08-16 00:01:33,023 - VALO360 - DEBUG - 自動保存已禁用，跳過配置保存
2025-08-16 00:01:33,024 - VALO360 - DEBUG - 自動保存已禁用，跳過配置保存
2025-08-16 00:01:33,024 - VALO360 - DEBUG - 自動保存已禁用，跳過配置保存
2025-08-16 00:01:33,024 - VALO360 - DEBUG - 自動保存已禁用，跳過配置保存
2025-08-16 00:01:33,025 - VALO360 - DEBUG - 自動保存已禁用，跳過配置保存
2025-08-16 00:01:33,025 - VALO360 - DEBUG - 自動保存已禁用，跳過配置保存
2025-08-16 00:01:33,025 - VALO360 - DEBUG - 自動保存已禁用，跳過配置保存
2025-08-16 00:01:33,025 - VALO360 - DEBUG - 自動保存已禁用，跳過配置保存
2025-08-16 00:01:33,026 - VALO360 - DEBUG - 自動保存已禁用，跳過配置保存
2025-08-16 00:01:33,026 - VALO360 - DEBUG - 自動保存已禁用，跳過配置保存
2025-08-16 00:01:33,026 - VALO360 - DEBUG - 自動保存已禁用，跳過配置保存
2025-08-16 00:01:33,027 - VALO360 - DEBUG - 自動保存已禁用，跳過配置保存
2025-08-16 00:01:33,027 - VALO360 - DEBUG - 自動保存已禁用，跳過配置保存
2025-08-16 00:01:33,028 - VALO360 - DEBUG - 自動保存已禁用，跳過配置保存
2025-08-16 00:01:33,028 - VALO360 - DEBUG - 自動保存已禁用，跳過配置保存
2025-08-16 00:01:33,029 - VALO360 - DEBUG - 自動保存已禁用，跳過配置保存
2025-08-16 00:01:33,029 - VALO360 - DEBUG - 自動保存已禁用，跳過配置保存
2025-08-16 00:01:33,029 - VALO360 - DEBUG - 自動保存已禁用，跳過配置保存
2025-08-16 00:01:33,029 - VALO360 - DEBUG - 自動保存已禁用，跳過配置保存
2025-08-16 00:01:33,030 - VALO360 - DEBUG - 自動保存已禁用，跳過配置保存
2025-08-16 00:01:33,030 - VALO360 - DEBUG - 自動保存已禁用，跳過配置保存
2025-08-16 00:01:33,030 - VALO360 - DEBUG - 自動保存已禁用，跳過配置保存
2025-08-16 00:01:33,030 - VALO360 - DEBUG - 自動保存已禁用，跳過配置保存
2025-08-16 00:01:33,031 - VALO360 - DEBUG - 自動保存已禁用，跳過配置保存
2025-08-16 00:01:33,031 - VALO360 - DEBUG - 自動保存已禁用，跳過配置保存
2025-08-16 00:01:33,031 - VALO360 - DEBUG - 自動保存已禁用，跳過配置保存
2025-08-16 00:01:33,031 - VALO360 - DEBUG - 自動保存已禁用，跳過配置保存
2025-08-16 00:01:33,031 - VALO360 - DEBUG - 自動保存已禁用，跳過配置保存
2025-08-16 00:01:33,032 - VALO360 - DEBUG - 自動保存已禁用，跳過配置保存
2025-08-16 00:01:33,032 - VALO360 - DEBUG - 自動保存已禁用，跳過配置保存
2025-08-16 00:01:33,032 - VALO360 - DEBUG - 自動保存已禁用，跳過配置保存
2025-08-16 00:01:33,032 - VALO360 - DEBUG - 自動保存已禁用，跳過配置保存
2025-08-16 00:01:33,033 - VALO360 - DEBUG - 自動保存已禁用，跳過配置保存
2025-08-16 00:01:33,033 - VALO360 - DEBUG - 自動保存已禁用，跳過配置保存
2025-08-16 00:01:33,033 - VALO360 - DEBUG - 自動保存已禁用，跳過配置保存
2025-08-16 00:01:33,033 - VALO360 - DEBUG - 自動保存已禁用，跳過配置保存
2025-08-16 00:01:33,034 - VALO360 - DEBUG - 自動保存已禁用，跳過配置保存
2025-08-16 00:01:33,034 - VALO360 - DEBUG - 自動保存已禁用，跳過配置保存
2025-08-16 00:01:33,034 - VALO360 - DEBUG - 自動保存已禁用，跳過配置保存
2025-08-16 00:01:33,034 - VALO360 - DEBUG - 自動保存已禁用，跳過配置保存
2025-08-16 00:01:33,035 - VALO360 - DEBUG - 自動保存已禁用，跳過配置保存
2025-08-16 00:01:33,035 - VALO360 - DEBUG - 自動保存已禁用，跳過配置保存
2025-08-16 00:01:33,036 - VALO360 - DEBUG - 自動保存已禁用，跳過配置保存
2025-08-16 00:01:33,036 - VALO360 - DEBUG - 自動保存已禁用，跳過配置保存
2025-08-16 00:01:33,036 - VALO360 - DEBUG - 自動保存已禁用，跳過配置保存
2025-08-16 00:01:33,037 - VALO360 - DEBUG - 自動保存已禁用，跳過配置保存
2025-08-16 00:01:33,037 - VALO360 - DEBUG - 自動保存已禁用，跳過配置保存
2025-08-16 00:01:33,037 - VALO360 - DEBUG - 自動保存已禁用，跳過配置保存
2025-08-16 00:01:33,037 - VALO360 - DEBUG - 自動保存已禁用，跳過配置保存
2025-08-16 00:01:33,038 - VALO360 - DEBUG - 自動保存已禁用，跳過配置保存
2025-08-16 00:01:33,038 - VALO360 - DEBUG - 自動保存已禁用，跳過配置保存
2025-08-16 00:01:33,039 - VALO360 - DEBUG - 自動保存已禁用，跳過配置保存
2025-08-16 00:01:33,039 - VALO360 - DEBUG - 自動保存已禁用，跳過配置保存
2025-08-16 00:01:33,039 - VALO360 - DEBUG - 自動保存已禁用，跳過配置保存
2025-08-16 00:01:33,039 - VALO360 - DEBUG - 自動保存已禁用，跳過配置保存
2025-08-16 00:01:33,040 - VALO360 - DEBUG - 自動保存已禁用，跳過配置保存
2025-08-16 00:01:33,040 - VALO360 - DEBUG - 自動保存已禁用，跳過配置保存
2025-08-16 00:01:33,040 - VALO360 - DEBUG - 自動保存已禁用，跳過配置保存
2025-08-16 00:01:33,040 - VALO360 - DEBUG - 自動保存已禁用，跳過配置保存
2025-08-16 00:01:33,040 - VALO360 - DEBUG - 自動保存已禁用，跳過配置保存
2025-08-16 00:01:33,041 - VALO360 - DEBUG - 自動保存已禁用，跳過配置保存
2025-08-16 00:01:33,041 - VALO360 - DEBUG - 自動保存已禁用，跳過配置保存
2025-08-16 00:01:33,041 - VALO360 - DEBUG - 自動保存已禁用，跳過配置保存
2025-08-16 00:01:33,041 - VALO360 - DEBUG - 自動保存已禁用，跳過配置保存
2025-08-16 00:01:33,042 - VALO360 - DEBUG - 自動保存已禁用，跳過配置保存
2025-08-16 00:01:33,042 - VALO360 - DEBUG - 自動保存已禁用，跳過配置保存
2025-08-16 00:01:33,042 - VALO360 - DEBUG - 自動保存已禁用，跳過配置保存
2025-08-16 00:01:33,042 - VALO360 - DEBUG - 自動保存已禁用，跳過配置保存
2025-08-16 00:01:33,043 - VALO360 - DEBUG - 自動保存已禁用，跳過配置保存
2025-08-16 00:01:33,046 - VALO360 - DEBUG - 自動保存已禁用，跳過配置保存
2025-08-16 00:01:33,046 - VALO360 - DEBUG - 自動保存已禁用，跳過配置保存
2025-08-16 00:01:33,046 - VALO360 - DEBUG - 自動保存已禁用，跳過配置保存
2025-08-16 00:01:33,047 - VALO360 - DEBUG - 自動保存已禁用，跳過配置保存
2025-08-16 00:01:33,047 - VALO360 - DEBUG - 自動保存已禁用，跳過配置保存
2025-08-16 00:01:33,047 - VALO360 - DEBUG - 自動保存已禁用，跳過配置保存
2025-08-16 00:01:33,047 - VALO360 - DEBUG - 自動保存已禁用，跳過配置保存
2025-08-16 00:01:33,048 - VALO360 - DEBUG - 自動保存已禁用，跳過配置保存
2025-08-16 00:01:33,048 - VALO360 - DEBUG - 自動保存已禁用，跳過配置保存
2025-08-16 00:01:33,048 - VALO360 - DEBUG - 自動保存已禁用，跳過配置保存
2025-08-16 00:01:33,048 - VALO360 - DEBUG - 自動保存已禁用，跳過配置保存
2025-08-16 00:01:33,049 - VALO360 - DEBUG - 自動保存已禁用，跳過配置保存
2025-08-16 00:01:33,049 - VALO360 - DEBUG - 自動保存已禁用，跳過配置保存
2025-08-16 00:01:33,049 - VALO360 - DEBUG - 自動保存已禁用，跳過配置保存
2025-08-16 00:01:33,049 - VALO360 - DEBUG - 自動保存已禁用，跳過配置保存
2025-08-16 00:01:33,049 - VALO360 - DEBUG - 自動保存已禁用，跳過配置保存
2025-08-16 00:01:33,050 - VALO360 - DEBUG - 自動保存已禁用，跳過配置保存
2025-08-16 00:01:33,050 - VALO360 - DEBUG - 自動保存已禁用，跳過配置保存
2025-08-16 00:01:33,050 - VALO360 - DEBUG - 自動保存已禁用，跳過配置保存
2025-08-16 00:01:33,050 - VALO360 - DEBUG - 自動保存已禁用，跳過配置保存
2025-08-16 00:01:33,051 - VALO360 - DEBUG - 自動保存已禁用，跳過配置保存
2025-08-16 00:01:33,051 - VALO360 - DEBUG - 自動保存已禁用，跳過配置保存
2025-08-16 00:01:33,052 - VALO360 - DEBUG - 自動保存已禁用，跳過配置保存
2025-08-16 00:01:33,052 - VALO360 - DEBUG - 自動保存已禁用，跳過配置保存
2025-08-16 00:01:33,053 - VALO360 - DEBUG - 自動保存已禁用，跳過配置保存
2025-08-16 00:01:33,053 - VALO360 - DEBUG - 自動保存已禁用，跳過配置保存
2025-08-16 00:01:33,053 - VALO360 - DEBUG - 自動保存已禁用，跳過配置保存
2025-08-16 00:01:33,053 - VALO360 - DEBUG - 自動保存已禁用，跳過配置保存
2025-08-16 00:01:33,054 - VALO360 - DEBUG - 自動保存已禁用，跳過配置保存
2025-08-16 00:01:33,054 - VALO360 - DEBUG - 自動保存已禁用，跳過配置保存
2025-08-16 00:01:33,054 - VALO360 - DEBUG - 自動保存已禁用，跳過配置保存
2025-08-16 00:01:33,054 - VALO360 - DEBUG - 自動保存已禁用，跳過配置保存
2025-08-16 00:01:33,055 - VALO360 - DEBUG - 自動保存已禁用，跳過配置保存
2025-08-16 00:01:33,055 - VALO360 - DEBUG - 自動保存已禁用，跳過配置保存
2025-08-16 00:01:33,055 - VALO360 - DEBUG - 自動保存已禁用，跳過配置保存
2025-08-16 00:01:33,055 - VALO360 - DEBUG - 自動保存已禁用，跳過配置保存
2025-08-16 00:01:33,056 - VALO360 - DEBUG - 自動保存已禁用，跳過配置保存
2025-08-16 00:01:33,056 - VALO360 - DEBUG - 自動保存已禁用，跳過配置保存
2025-08-16 00:01:33,056 - VALO360 - DEBUG - 自動保存已禁用，跳過配置保存
2025-08-16 00:01:33,056 - VALO360 - DEBUG - 自動保存已禁用，跳過配置保存
2025-08-16 00:01:33,057 - VALO360 - DEBUG - 自動保存已禁用，跳過配置保存
2025-08-16 00:01:33,057 - VALO360 - DEBUG - 自動保存已禁用，跳過配置保存
2025-08-16 00:01:33,057 - VALO360 - DEBUG - 自動保存已禁用，跳過配置保存
2025-08-16 00:01:33,057 - VALO360 - DEBUG - 自動保存已禁用，跳過配置保存
2025-08-16 00:01:33,058 - VALO360 - DEBUG - 自動保存已禁用，跳過配置保存
2025-08-16 00:01:33,058 - VALO360 - DEBUG - 自動保存已禁用，跳過配置保存
2025-08-16 00:01:33,058 - VALO360 - DEBUG - 自動保存已禁用，跳過配置保存
2025-08-16 00:01:33,059 - VALO360 - DEBUG - 自動保存已禁用，跳過配置保存
2025-08-16 00:01:33,059 - VALO360 - DEBUG - 自動保存已禁用，跳過配置保存
2025-08-16 00:01:33,059 - VALO360 - DEBUG - 自動保存已禁用，跳過配置保存
2025-08-16 00:01:33,060 - VALO360 - DEBUG - 自動保存已禁用，跳過配置保存
2025-08-16 00:01:33,060 - VALO360 - DEBUG - 自動保存已禁用，跳過配置保存
2025-08-16 00:01:33,060 - VALO360 - DEBUG - 自動保存已禁用，跳過配置保存
2025-08-16 00:01:33,060 - VALO360 - DEBUG - 自動保存已禁用，跳過配置保存
2025-08-16 00:01:33,061 - VALO360 - DEBUG - 自動保存已禁用，跳過配置保存
2025-08-16 00:01:33,061 - VALO360 - DEBUG - 自動保存已禁用，跳過配置保存
2025-08-16 00:01:33,061 - VALO360 - DEBUG - 自動保存已禁用，跳過配置保存
2025-08-16 00:01:33,061 - VALO360 - DEBUG - 自動保存已禁用，跳過配置保存
2025-08-16 00:01:33,062 - VALO360 - DEBUG - 自動保存已禁用，跳過配置保存
2025-08-16 00:01:33,062 - VALO360 - DEBUG - 自動保存已禁用，跳過配置保存
2025-08-16 00:01:33,062 - VALO360 - DEBUG - 自動保存已禁用，跳過配置保存
2025-08-16 00:01:33,062 - VALO360 - DEBUG - 自動保存已禁用，跳過配置保存
2025-08-16 00:01:33,062 - VALO360 - DEBUG - 自動保存已禁用，跳過配置保存
2025-08-16 00:01:33,063 - VALO360 - DEBUG - 自動保存已禁用，跳過配置保存
2025-08-16 00:01:33,063 - VALO360 - DEBUG - 自動保存已禁用，跳過配置保存
2025-08-16 00:01:33,063 - VALO360 - DEBUG - 自動保存已禁用，跳過配置保存
2025-08-16 00:01:33,063 - VALO360 - DEBUG - 自動保存已禁用，跳過配置保存
2025-08-16 00:01:33,064 - VALO360 - DEBUG - 自動保存已禁用，跳過配置保存
2025-08-16 00:01:33,064 - VALO360 - DEBUG - 自動保存已禁用，跳過配置保存
2025-08-16 00:01:33,064 - VALO360 - DEBUG - 自動保存已禁用，跳過配置保存
2025-08-16 00:01:33,064 - VALO360 - DEBUG - 自動保存已禁用，跳過配置保存
2025-08-16 00:01:33,065 - VALO360 - DEBUG - 自動保存已禁用，跳過配置保存
2025-08-16 00:01:33,065 - VALO360 - DEBUG - 自動保存已禁用，跳過配置保存
2025-08-16 00:01:33,065 - VALO360 - DEBUG - 自動保存已禁用，跳過配置保存
2025-08-16 00:01:33,065 - VALO360 - DEBUG - 自動保存已禁用，跳過配置保存
2025-08-16 00:01:33,066 - VALO360 - DEBUG - 自動保存已禁用，跳過配置保存
2025-08-16 00:01:33,066 - VALO360 - DEBUG - 自動保存已禁用，跳過配置保存
2025-08-16 00:01:33,066 - VALO360 - DEBUG - 自動保存已禁用，跳過配置保存
2025-08-16 00:01:33,066 - VALO360 - DEBUG - 自動保存已禁用，跳過配置保存
2025-08-16 00:01:33,067 - VALO360 - DEBUG - 自動保存已禁用，跳過配置保存
2025-08-16 00:01:33,067 - VALO360 - DEBUG - 自動保存已禁用，跳過配置保存
2025-08-16 00:01:33,067 - VALO360 - DEBUG - 自動保存已禁用，跳過配置保存
2025-08-16 00:01:33,068 - VALO360 - DEBUG - 自動保存已禁用，跳過配置保存
2025-08-16 00:01:33,068 - VALO360 - DEBUG - 自動保存已禁用，跳過配置保存
2025-08-16 00:01:33,069 - VALO360 - DEBUG - 自動保存已禁用，跳過配置保存
2025-08-16 00:01:33,070 - VALO360 - DEBUG - 自動保存已禁用，跳過配置保存
2025-08-16 00:01:33,070 - VALO360 - DEBUG - 自動保存已禁用，跳過配置保存
2025-08-16 00:01:33,070 - VALO360 - DEBUG - 自動保存已禁用，跳過配置保存
2025-08-16 00:01:33,071 - VALO360 - DEBUG - 自動保存已禁用，跳過配置保存
2025-08-16 00:01:33,071 - VALO360 - DEBUG - 自動保存已禁用，跳過配置保存
2025-08-16 00:01:33,071 - VALO360 - DEBUG - 自動保存已禁用，跳過配置保存
2025-08-16 00:01:33,072 - VALO360 - DEBUG - 自動保存已禁用，跳過配置保存
2025-08-16 00:01:33,072 - VALO360 - DEBUG - 自動保存已禁用，跳過配置保存
2025-08-16 00:01:33,073 - VALO360 - DEBUG - 自動保存已禁用，跳過配置保存
2025-08-16 00:01:33,073 - VALO360 - DEBUG - 自動保存已禁用，跳過配置保存
2025-08-16 00:01:33,073 - VALO360 - DEBUG - 自動保存已禁用，跳過配置保存
2025-08-16 00:01:33,073 - VALO360 - DEBUG - 自動保存已禁用，跳過配置保存
2025-08-16 00:01:33,074 - VALO360 - DEBUG - 自動保存已禁用，跳過配置保存
2025-08-16 00:01:33,074 - VALO360 - DEBUG - 自動保存已禁用，跳過配置保存
2025-08-16 00:01:33,074 - VALO360 - DEBUG - 自動保存已禁用，跳過配置保存
2025-08-16 00:01:33,075 - VALO360 - DEBUG - 自動保存已禁用，跳過配置保存
2025-08-16 00:01:33,075 - VALO360 - DEBUG - 自動保存已禁用，跳過配置保存
2025-08-16 00:01:33,075 - VALO360 - DEBUG - 自動保存已禁用，跳過配置保存
2025-08-16 00:01:33,075 - VALO360 - DEBUG - 自動保存已禁用，跳過配置保存
2025-08-16 00:01:33,076 - VALO360 - DEBUG - 自動保存已禁用，跳過配置保存
2025-08-16 00:01:33,076 - VALO360 - DEBUG - 自動保存已禁用，跳過配置保存
2025-08-16 00:01:33,076 - VALO360 - DEBUG - 自動保存已禁用，跳過配置保存
2025-08-16 00:01:33,076 - VALO360 - DEBUG - 自動保存已禁用，跳過配置保存
2025-08-16 00:01:33,077 - VALO360 - DEBUG - 自動保存已禁用，跳過配置保存
2025-08-16 00:01:33,077 - VALO360 - DEBUG - 自動保存已禁用，跳過配置保存
2025-08-16 00:01:33,077 - VALO360 - DEBUG - 自動保存已禁用，跳過配置保存
2025-08-16 00:01:33,077 - VALO360 - DEBUG - 自動保存已禁用，跳過配置保存
2025-08-16 00:01:33,078 - VALO360 - DEBUG - 自動保存已禁用，跳過配置保存
2025-08-16 00:01:33,078 - VALO360 - DEBUG - 自動保存已禁用，跳過配置保存
2025-08-16 00:01:33,078 - VALO360 - DEBUG - 自動保存已禁用，跳過配置保存
2025-08-16 00:01:33,078 - VALO360 - DEBUG - 自動保存已禁用，跳過配置保存
2025-08-16 00:01:33,079 - VALO360 - DEBUG - 自動保存已禁用，跳過配置保存
2025-08-16 00:01:33,079 - VALO360 - DEBUG - 自動保存已禁用，跳過配置保存
2025-08-16 00:01:33,079 - VALO360 - DEBUG - 自動保存已禁用，跳過配置保存
2025-08-16 00:01:33,079 - VALO360 - DEBUG - 自動保存已禁用，跳過配置保存
2025-08-16 00:01:33,080 - VALO360 - DEBUG - 自動保存已禁用，跳過配置保存
2025-08-16 00:01:33,080 - VALO360 - DEBUG - 自動保存已禁用，跳過配置保存
2025-08-16 00:01:33,080 - VALO360 - DEBUG - 自動保存已禁用，跳過配置保存
2025-08-16 00:01:33,080 - VALO360 - DEBUG - 自動保存已禁用，跳過配置保存
2025-08-16 00:01:33,081 - VALO360 - DEBUG - 自動保存已禁用，跳過配置保存
2025-08-16 00:01:33,081 - VALO360 - DEBUG - 自動保存已禁用，跳過配置保存
2025-08-16 00:01:33,081 - VALO360 - DEBUG - 自動保存已禁用，跳過配置保存
2025-08-16 00:01:33,081 - VALO360 - DEBUG - 自動保存已禁用，跳過配置保存
2025-08-16 00:01:33,082 - VALO360 - DEBUG - 自動保存已禁用，跳過配置保存
2025-08-16 00:01:33,082 - VALO360 - DEBUG - 自動保存已禁用，跳過配置保存
2025-08-16 00:01:33,082 - VALO360 - DEBUG - 自動保存已禁用，跳過配置保存
2025-08-16 00:01:33,083 - VALO360 - DEBUG - 自動保存已禁用，跳過配置保存
2025-08-16 00:01:33,083 - VALO360 - DEBUG - 自動保存已禁用，跳過配置保存
2025-08-16 00:01:33,083 - VALO360 - DEBUG - 自動保存已禁用，跳過配置保存
2025-08-16 00:01:33,083 - VALO360 - DEBUG - 自動保存已禁用，跳過配置保存
2025-08-16 00:01:33,083 - VALO360 - DEBUG - 自動保存已禁用，跳過配置保存
2025-08-16 00:01:33,084 - VALO360 - DEBUG - 自動保存已禁用，跳過配置保存
2025-08-16 00:01:33,084 - VALO360 - DEBUG - 自動保存已禁用，跳過配置保存
2025-08-16 00:01:33,084 - VALO360 - DEBUG - 自動保存已禁用，跳過配置保存
2025-08-16 00:01:33,084 - VALO360 - DEBUG - 自動保存已禁用，跳過配置保存
2025-08-16 00:01:33,086 - VALO360 - DEBUG - 自動保存已禁用，跳過配置保存
2025-08-16 00:01:33,087 - VALO360 - DEBUG - 自動保存已禁用，跳過配置保存
2025-08-16 00:01:33,087 - VALO360 - DEBUG - 自動保存已禁用，跳過配置保存
2025-08-16 00:01:33,087 - VALO360 - DEBUG - 自動保存已禁用，跳過配置保存
2025-08-16 00:01:33,088 - VALO360 - DEBUG - 自動保存已禁用，跳過配置保存
2025-08-16 00:01:33,088 - VALO360 - DEBUG - 自動保存已禁用，跳過配置保存
2025-08-16 00:01:33,088 - VALO360 - DEBUG - 自動保存已禁用，跳過配置保存
2025-08-16 00:01:33,088 - VALO360 - DEBUG - 自動保存已禁用，跳過配置保存
2025-08-16 00:01:33,088 - VALO360 - DEBUG - 自動保存已禁用，跳過配置保存
2025-08-16 00:01:33,089 - VALO360 - DEBUG - 自動保存已禁用，跳過配置保存
2025-08-16 00:01:33,089 - VALO360 - DEBUG - 自動保存已禁用，跳過配置保存
2025-08-16 00:01:33,089 - VALO360 - DEBUG - 自動保存已禁用，跳過配置保存
2025-08-16 00:01:33,128 - VALO360 - DEBUG - 自動保存已禁用，跳過配置保存
2025-08-16 00:01:33,128 - VALO360 - DEBUG - 自動保存已禁用，跳過配置保存
2025-08-16 00:01:33,128 - VALO360 - DEBUG - 自動保存已禁用，跳過配置保存
2025-08-16 00:01:33,128 - VALO360 - DEBUG - 自動保存已禁用，跳過配置保存
2025-08-16 00:01:33,136 - VALO360 - DEBUG - 自動保存已禁用，跳過配置保存
2025-08-16 00:01:33,137 - VALO360 - DEBUG - 自動保存已禁用，跳過配置保存
2025-08-16 00:01:33,137 - VALO360 - DEBUG - 自動保存已禁用，跳過配置保存
2025-08-16 00:01:33,137 - VALO360 - DEBUG - 自動保存已禁用，跳過配置保存
2025-08-16 00:01:33,140 - VALO360 - DEBUG - 自動保存已禁用，跳過配置保存
2025-08-16 00:01:33,140 - VALO360 - DEBUG - 自動保存已禁用，跳過配置保存
2025-08-16 00:01:33,140 - VALO360 - DEBUG - 自動保存已禁用，跳過配置保存
2025-08-16 00:01:33,141 - VALO360 - DEBUG - 自動保存已禁用，跳過配置保存
2025-08-16 00:01:33,143 - VALO360 - DEBUG - 自動保存已禁用，跳過配置保存
2025-08-16 00:01:33,143 - VALO360 - DEBUG - 自動保存已禁用，跳過配置保存
2025-08-16 00:01:33,143 - VALO360 - DEBUG - 自動保存已禁用，跳過配置保存
2025-08-16 00:01:33,144 - VALO360 - DEBUG - 自動保存已禁用，跳過配置保存
2025-08-16 00:01:33,145 - VALO360 - DEBUG - 自動保存已禁用，跳過配置保存
2025-08-16 00:01:33,146 - VALO360 - DEBUG - 自動保存已禁用，跳過配置保存
2025-08-16 00:01:33,146 - VALO360 - DEBUG - 自動保存已禁用，跳過配置保存
2025-08-16 00:01:33,146 - VALO360 - DEBUG - 自動保存已禁用，跳過配置保存
2025-08-16 00:01:33,148 - VALO360 - DEBUG - 自動保存已禁用，跳過配置保存
2025-08-16 00:01:33,148 - VALO360 - DEBUG - 自動保存已禁用，跳過配置保存
2025-08-16 00:01:33,148 - VALO360 - DEBUG - 自動保存已禁用，跳過配置保存
2025-08-16 00:01:33,148 - VALO360 - DEBUG - 自動保存已禁用，跳過配置保存
2025-08-16 00:01:33,150 - VALO360 - DEBUG - 自動保存已禁用，跳過配置保存
2025-08-16 00:01:33,150 - VALO360 - DEBUG - 自動保存已禁用，跳過配置保存
2025-08-16 00:01:33,150 - VALO360 - DEBUG - 自動保存已禁用，跳過配置保存
2025-08-16 00:01:33,151 - VALO360 - DEBUG - 自動保存已禁用，跳過配置保存
2025-08-16 00:01:33,156 - VALO360 - DEBUG - 自動保存已禁用，跳過配置保存
2025-08-16 00:01:33,156 - VALO360 - DEBUG - 自動保存已禁用，跳過配置保存
2025-08-16 00:01:33,157 - VALO360 - DEBUG - 自動保存已禁用，跳過配置保存
2025-08-16 00:01:33,158 - VALO360 - DEBUG - 自動保存已禁用，跳過配置保存
2025-08-16 00:01:33,162 - VALO360 - DEBUG - 自動保存已禁用，跳過配置保存
2025-08-16 00:01:33,162 - VALO360 - DEBUG - 自動保存已禁用，跳過配置保存
2025-08-16 00:01:33,163 - VALO360 - DEBUG - 自動保存已禁用，跳過配置保存
2025-08-16 00:01:33,163 - VALO360 - DEBUG - 自動保存已禁用，跳過配置保存
2025-08-16 00:01:33,164 - VALO360 - DEBUG - 自動保存已禁用，跳過配置保存
2025-08-16 00:01:33,164 - VALO360 - DEBUG - 自動保存已禁用，跳過配置保存
2025-08-16 00:01:33,165 - VALO360 - DEBUG - 自動保存已禁用，跳過配置保存
2025-08-16 00:01:33,165 - VALO360 - DEBUG - 自動保存已禁用，跳過配置保存
2025-08-16 00:01:33,168 - VALO360 - DEBUG - 自動保存已禁用，跳過配置保存
2025-08-16 00:01:33,169 - VALO360 - DEBUG - 自動保存已禁用，跳過配置保存
2025-08-16 00:01:33,169 - VALO360 - DEBUG - 自動保存已禁用，跳過配置保存
2025-08-16 00:01:33,170 - VALO360 - DEBUG - 自動保存已禁用，跳過配置保存
2025-08-16 00:01:33,172 - VALO360 - DEBUG - 自動保存已禁用，跳過配置保存
2025-08-16 00:01:33,173 - VALO360 - DEBUG - 自動保存已禁用，跳過配置保存
2025-08-16 00:01:33,173 - VALO360 - DEBUG - 自動保存已禁用，跳過配置保存
2025-08-16 00:01:33,173 - VALO360 - DEBUG - 自動保存已禁用，跳過配置保存
2025-08-16 00:01:33,175 - VALO360 - DEBUG - 自動保存已禁用，跳過配置保存
2025-08-16 00:01:33,175 - VALO360 - DEBUG - 自動保存已禁用，跳過配置保存
2025-08-16 00:01:33,176 - VALO360 - DEBUG - 自動保存已禁用，跳過配置保存
2025-08-16 00:01:33,176 - VALO360 - DEBUG - 自動保存已禁用，跳過配置保存
2025-08-16 00:01:33,178 - VALO360 - DEBUG - 自動保存已禁用，跳過配置保存
2025-08-16 00:01:33,178 - VALO360 - DEBUG - 自動保存已禁用，跳過配置保存
2025-08-16 00:01:33,179 - VALO360 - DEBUG - 自動保存已禁用，跳過配置保存
2025-08-16 00:01:33,179 - VALO360 - DEBUG - 自動保存已禁用，跳過配置保存
2025-08-16 00:01:33,181 - VALO360 - DEBUG - 自動保存已禁用，跳過配置保存
2025-08-16 00:01:33,181 - VALO360 - DEBUG - 自動保存已禁用，跳過配置保存
2025-08-16 00:01:33,181 - VALO360 - DEBUG - 自動保存已禁用，跳過配置保存
2025-08-16 00:01:33,182 - VALO360 - DEBUG - 自動保存已禁用，跳過配置保存
2025-08-16 00:01:33,183 - VALO360 - DEBUG - 自動保存已禁用，跳過配置保存
2025-08-16 00:01:33,183 - VALO360 - DEBUG - 自動保存已禁用，跳過配置保存
2025-08-16 00:01:33,183 - VALO360 - DEBUG - 自動保存已禁用，跳過配置保存
2025-08-16 00:01:33,184 - VALO360 - DEBUG - 自動保存已禁用，跳過配置保存
2025-08-16 00:01:33,193 - VALO360 - DEBUG - 自動保存已禁用，跳過配置保存
2025-08-16 00:01:33,193 - VALO360 - DEBUG - 自動保存已禁用，跳過配置保存
2025-08-16 00:01:33,194 - VALO360 - DEBUG - 自動保存已禁用，跳過配置保存
2025-08-16 00:01:33,194 - VALO360 - DEBUG - 自動保存已禁用，跳過配置保存
2025-08-16 00:01:33,196 - VALO360 - DEBUG - 自動保存已禁用，跳過配置保存
2025-08-16 00:01:33,196 - VALO360 - DEBUG - 自動保存已禁用，跳過配置保存
2025-08-16 00:01:33,196 - VALO360 - DEBUG - 自動保存已禁用，跳過配置保存
2025-08-16 00:01:33,196 - VALO360 - DEBUG - 自動保存已禁用，跳過配置保存
2025-08-16 00:01:33,197 - VALO360 - DEBUG - 自動保存已禁用，跳過配置保存
2025-08-16 00:01:33,197 - VALO360 - DEBUG - 自動保存已禁用，跳過配置保存
2025-08-16 00:01:33,198 - VALO360 - DEBUG - 自動保存已禁用，跳過配置保存
2025-08-16 00:01:33,198 - VALO360 - DEBUG - 自動保存已禁用，跳過配置保存
2025-08-16 00:01:33,199 - VALO360 - DEBUG - 自動保存已禁用，跳過配置保存
2025-08-16 00:01:33,199 - VALO360 - DEBUG - 自動保存已禁用，跳過配置保存
2025-08-16 00:01:33,200 - VALO360 - DEBUG - 自動保存已禁用，跳過配置保存
2025-08-16 00:01:33,200 - VALO360 - DEBUG - 自動保存已禁用，跳過配置保存
2025-08-16 00:01:33,201 - VALO360 - DEBUG - 自動保存已禁用，跳過配置保存
2025-08-16 00:01:33,202 - VALO360 - DEBUG - 自動保存已禁用，跳過配置保存
2025-08-16 00:01:33,202 - VALO360 - DEBUG - 自動保存已禁用，跳過配置保存
2025-08-16 00:01:33,202 - VALO360 - DEBUG - 自動保存已禁用，跳過配置保存
2025-08-16 00:01:33,203 - VALO360 - DEBUG - 自動保存已禁用，跳過配置保存
2025-08-16 00:01:33,204 - VALO360 - DEBUG - 自動保存已禁用，跳過配置保存
2025-08-16 00:01:33,204 - VALO360 - DEBUG - 自動保存已禁用，跳過配置保存
2025-08-16 00:01:33,204 - VALO360 - DEBUG - 自動保存已禁用，跳過配置保存
2025-08-16 00:01:33,206 - VALO360 - DEBUG - 自動保存已禁用，跳過配置保存
2025-08-16 00:01:33,206 - VALO360 - DEBUG - 自動保存已禁用，跳過配置保存
2025-08-16 00:01:33,206 - VALO360 - DEBUG - 自動保存已禁用，跳過配置保存
2025-08-16 00:01:33,207 - VALO360 - DEBUG - 自動保存已禁用，跳過配置保存
2025-08-16 00:01:33,219 - VALO360 - DEBUG - 自動保存已禁用，跳過配置保存
2025-08-16 00:01:33,220 - VALO360 - DEBUG - 自動保存已禁用，跳過配置保存
2025-08-16 00:01:33,220 - VALO360 - DEBUG - 自動保存已禁用，跳過配置保存
2025-08-16 00:01:33,220 - VALO360 - DEBUG - 自動保存已禁用，跳過配置保存
2025-08-16 00:01:33,222 - VALO360 - DEBUG - 自動保存已禁用，跳過配置保存
2025-08-16 00:01:33,222 - VALO360 - DEBUG - 自動保存已禁用，跳過配置保存
2025-08-16 00:01:33,223 - VALO360 - DEBUG - 自動保存已禁用，跳過配置保存
2025-08-16 00:01:33,223 - VALO360 - DEBUG - 自動保存已禁用，跳過配置保存
2025-08-16 00:01:33,232 - VALO360 - DEBUG - 自動保存已禁用，跳過配置保存
2025-08-16 00:01:33,232 - VALO360 - DEBUG - 自動保存已禁用，跳過配置保存
2025-08-16 00:01:33,233 - VALO360 - DEBUG - 自動保存已禁用，跳過配置保存
2025-08-16 00:01:33,233 - VALO360 - DEBUG - 自動保存已禁用，跳過配置保存
2025-08-16 00:01:33,234 - VALO360 - DEBUG - 自動保存已禁用，跳過配置保存
2025-08-16 00:01:33,234 - VALO360 - DEBUG - 自動保存已禁用，跳過配置保存
2025-08-16 00:01:33,234 - VALO360 - DEBUG - 自動保存已禁用，跳過配置保存
2025-08-16 00:01:33,235 - VALO360 - DEBUG - 自動保存已禁用，跳過配置保存
2025-08-16 00:01:33,236 - VALO360 - DEBUG - 自動保存已禁用，跳過配置保存
2025-08-16 00:01:33,237 - VALO360 - DEBUG - 自動保存已禁用，跳過配置保存
2025-08-16 00:01:33,237 - VALO360 - DEBUG - 自動保存已禁用，跳過配置保存
2025-08-16 00:01:33,238 - VALO360 - DEBUG - 自動保存已禁用，跳過配置保存
2025-08-16 00:01:33,239 - VALO360 - DEBUG - 自動保存已禁用，跳過配置保存
2025-08-16 00:01:33,240 - VALO360 - DEBUG - 自動保存已禁用，跳過配置保存
2025-08-16 00:01:33,240 - VALO360 - DEBUG - 自動保存已禁用，跳過配置保存
2025-08-16 00:01:33,240 - VALO360 - DEBUG - 自動保存已禁用，跳過配置保存
2025-08-16 00:01:33,240 - VALO360 - DEBUG - 自動保存已禁用，跳過配置保存
2025-08-16 00:01:33,241 - VALO360 - DEBUG - 自動保存已禁用，跳過配置保存
2025-08-16 00:01:33,241 - VALO360 - DEBUG - 自動保存已禁用，跳過配置保存
2025-08-16 00:01:33,241 - VALO360 - DEBUG - 自動保存已禁用，跳過配置保存
2025-08-16 00:01:33,272 - VALO360 - DEBUG - 自動保存已禁用，跳過配置保存
2025-08-16 00:01:33,272 - VALO360 - DEBUG - 自動保存已禁用，跳過配置保存
2025-08-16 00:01:33,272 - VALO360 - DEBUG - 自動保存已禁用，跳過配置保存
2025-08-16 00:01:33,272 - VALO360 - DEBUG - 自動保存已禁用，跳過配置保存
2025-08-16 00:01:33,273 - VALO360 - DEBUG - 自動保存已禁用，跳過配置保存
2025-08-16 00:01:33,273 - VALO360 - DEBUG - 自動保存已禁用，跳過配置保存
2025-08-16 00:01:33,273 - VALO360 - DEBUG - 自動保存已禁用，跳過配置保存
2025-08-16 00:01:33,273 - VALO360 - DEBUG - 自動保存已禁用，跳過配置保存
2025-08-16 00:01:33,345 - VALO360 - DEBUG - 自動保存已禁用，跳過配置保存
2025-08-16 00:01:33,346 - VALO360 - DEBUG - 自動保存已禁用，跳過配置保存
2025-08-16 00:01:33,346 - VALO360 - DEBUG - 自動保存已禁用，跳過配置保存
2025-08-16 00:01:33,346 - VALO360 - DEBUG - 自動保存已禁用，跳過配置保存
2025-08-16 00:01:33,347 - VALO360 - DEBUG - 自動保存已禁用，跳過配置保存
2025-08-16 00:01:33,347 - VALO360 - DEBUG - 自動保存已禁用，跳過配置保存
2025-08-16 00:01:33,347 - VALO360 - DEBUG - 自動保存已禁用，跳過配置保存
2025-08-16 00:01:33,347 - VALO360 - DEBUG - 自動保存已禁用，跳過配置保存
2025-08-16 00:01:33,348 - VALO360 - DEBUG - 自動保存已禁用，跳過配置保存
2025-08-16 00:01:33,348 - VALO360 - DEBUG - 自動保存已禁用，跳過配置保存
2025-08-16 00:01:33,348 - VALO360 - DEBUG - 自動保存已禁用，跳過配置保存
2025-08-16 00:01:33,348 - VALO360 - DEBUG - 自動保存已禁用，跳過配置保存
2025-08-16 00:01:33,349 - VALO360 - DEBUG - 自動保存已禁用，跳過配置保存
2025-08-16 00:01:33,349 - VALO360 - DEBUG - 自動保存已禁用，跳過配置保存
2025-08-16 00:01:33,349 - VALO360 - DEBUG - 自動保存已禁用，跳過配置保存
2025-08-16 00:01:33,350 - VALO360 - DEBUG - 自動保存已禁用，跳過配置保存
2025-08-16 00:01:33,350 - VALO360 - DEBUG - 自動保存已禁用，跳過配置保存
2025-08-16 00:01:33,350 - VALO360 - DEBUG - 自動保存已禁用，跳過配置保存
2025-08-16 00:01:33,351 - VALO360 - DEBUG - 自動保存已禁用，跳過配置保存
2025-08-16 00:01:33,351 - VALO360 - DEBUG - 自動保存已禁用，跳過配置保存
2025-08-16 00:01:33,353 - VALO360 - DEBUG - 自動保存已禁用，跳過配置保存
2025-08-16 00:01:33,353 - VALO360 - DEBUG - 自動保存已禁用，跳過配置保存
2025-08-16 00:01:33,353 - VALO360 - DEBUG - 自動保存已禁用，跳過配置保存
2025-08-16 00:01:33,354 - VALO360 - DEBUG - 自動保存已禁用，跳過配置保存
2025-08-16 00:01:33,354 - VALO360 - DEBUG - 自動保存已禁用，跳過配置保存
2025-08-16 00:01:33,355 - VALO360 - DEBUG - 自動保存已禁用，跳過配置保存
2025-08-16 00:01:33,355 - VALO360 - DEBUG - 自動保存已禁用，跳過配置保存
2025-08-16 00:01:33,355 - VALO360 - DEBUG - 自動保存已禁用，跳過配置保存
2025-08-16 00:01:33,358 - VALO360 - DEBUG - 自動保存已禁用，跳過配置保存
2025-08-16 00:01:33,358 - VALO360 - DEBUG - 自動保存已禁用，跳過配置保存
2025-08-16 00:01:33,358 - VALO360 - DEBUG - 自動保存已禁用，跳過配置保存
2025-08-16 00:01:33,359 - VALO360 - DEBUG - 自動保存已禁用，跳過配置保存
2025-08-16 00:01:33,359 - VALO360 - DEBUG - 自動保存已禁用，跳過配置保存
2025-08-16 00:01:33,359 - VALO360 - DEBUG - 自動保存已禁用，跳過配置保存
2025-08-16 00:01:33,360 - VALO360 - DEBUG - 自動保存已禁用，跳過配置保存
2025-08-16 00:01:33,360 - VALO360 - DEBUG - 自動保存已禁用，跳過配置保存
2025-08-16 00:01:33,360 - VALO360 - DEBUG - 自動保存已禁用，跳過配置保存
2025-08-16 00:01:33,361 - VALO360 - DEBUG - 自動保存已禁用，跳過配置保存
2025-08-16 00:01:33,361 - VALO360 - DEBUG - 自動保存已禁用，跳過配置保存
2025-08-16 00:01:33,361 - VALO360 - DEBUG - 自動保存已禁用，跳過配置保存
2025-08-16 00:01:33,364 - VALO360 - DEBUG - 自動保存已禁用，跳過配置保存
2025-08-16 00:01:33,364 - VALO360 - DEBUG - 自動保存已禁用，跳過配置保存
2025-08-16 00:01:33,364 - VALO360 - DEBUG - 自動保存已禁用，跳過配置保存
2025-08-16 00:01:33,365 - VALO360 - DEBUG - 自動保存已禁用，跳過配置保存
2025-08-16 00:01:33,365 - VALO360 - DEBUG - 自動保存已禁用，跳過配置保存
2025-08-16 00:01:33,366 - VALO360 - DEBUG - 自動保存已禁用，跳過配置保存
2025-08-16 00:01:33,366 - VALO360 - DEBUG - 自動保存已禁用，跳過配置保存
2025-08-16 00:01:33,366 - VALO360 - DEBUG - 自動保存已禁用，跳過配置保存
2025-08-16 00:01:33,368 - VALO360 - DEBUG - 自動保存已禁用，跳過配置保存
2025-08-16 00:01:33,369 - VALO360 - DEBUG - 自動保存已禁用，跳過配置保存
2025-08-16 00:01:33,370 - VALO360 - DEBUG - 自動保存已禁用，跳過配置保存
2025-08-16 00:01:33,370 - VALO360 - DEBUG - 自動保存已禁用，跳過配置保存
2025-08-16 00:01:33,371 - VALO360 - DEBUG - 自動保存已禁用，跳過配置保存
2025-08-16 00:01:33,371 - VALO360 - DEBUG - 自動保存已禁用，跳過配置保存
2025-08-16 00:01:33,372 - VALO360 - DEBUG - 自動保存已禁用，跳過配置保存
2025-08-16 00:01:33,372 - VALO360 - DEBUG - 自動保存已禁用，跳過配置保存
2025-08-16 00:01:33,375 - VALO360 - DEBUG - 自動保存已禁用，跳過配置保存
2025-08-16 00:01:33,375 - VALO360 - DEBUG - 自動保存已禁用，跳過配置保存
2025-08-16 00:01:33,375 - VALO360 - DEBUG - 自動保存已禁用，跳過配置保存
2025-08-16 00:01:33,375 - VALO360 - DEBUG - 自動保存已禁用，跳過配置保存
2025-08-16 00:01:33,377 - VALO360 - DEBUG - 自動保存已禁用，跳過配置保存
2025-08-16 00:01:33,377 - VALO360 - DEBUG - 自動保存已禁用，跳過配置保存
2025-08-16 00:01:33,377 - VALO360 - DEBUG - 自動保存已禁用，跳過配置保存
2025-08-16 00:01:33,377 - VALO360 - DEBUG - 自動保存已禁用，跳過配置保存
2025-08-16 00:01:33,378 - VALO360 - DEBUG - 自動保存已禁用，跳過配置保存
2025-08-16 00:01:33,378 - VALO360 - DEBUG - 自動保存已禁用，跳過配置保存
2025-08-16 00:01:33,379 - VALO360 - DEBUG - 自動保存已禁用，跳過配置保存
2025-08-16 00:01:33,379 - VALO360 - DEBUG - 自動保存已禁用，跳過配置保存
2025-08-16 00:01:33,379 - VALO360 - DEBUG - 自動保存已禁用，跳過配置保存
2025-08-16 00:01:33,380 - VALO360 - DEBUG - 自動保存已禁用，跳過配置保存
2025-08-16 00:01:33,380 - VALO360 - DEBUG - 自動保存已禁用，跳過配置保存
2025-08-16 00:01:33,380 - VALO360 - DEBUG - 自動保存已禁用，跳過配置保存
2025-08-16 00:01:33,380 - VALO360 - DEBUG - 自動保存已禁用，跳過配置保存
2025-08-16 00:01:33,381 - VALO360 - DEBUG - 自動保存已禁用，跳過配置保存
2025-08-16 00:01:33,381 - VALO360 - DEBUG - 自動保存已禁用，跳過配置保存
2025-08-16 00:01:33,381 - VALO360 - DEBUG - 自動保存已禁用，跳過配置保存
2025-08-16 00:01:33,394 - VALO360 - DEBUG - 自動保存已禁用，跳過配置保存
2025-08-16 00:01:33,394 - VALO360 - DEBUG - 自動保存已禁用，跳過配置保存
2025-08-16 00:01:33,395 - VALO360 - DEBUG - 自動保存已禁用，跳過配置保存
2025-08-16 00:01:33,395 - VALO360 - DEBUG - 自動保存已禁用，跳過配置保存
2025-08-16 00:01:33,404 - VALO360 - DEBUG - 自動保存已禁用，跳過配置保存
2025-08-16 00:01:33,404 - VALO360 - DEBUG - 自動保存已禁用，跳過配置保存
2025-08-16 00:01:33,405 - VALO360 - DEBUG - 自動保存已禁用，跳過配置保存
2025-08-16 00:01:33,405 - VALO360 - DEBUG - 自動保存已禁用，跳過配置保存
2025-08-16 00:01:33,405 - VALO360 - DEBUG - 自動保存已禁用，跳過配置保存
2025-08-16 00:01:33,405 - VALO360 - DEBUG - 自動保存已禁用，跳過配置保存
2025-08-16 00:01:33,406 - VALO360 - DEBUG - 自動保存已禁用，跳過配置保存
2025-08-16 00:01:33,406 - VALO360 - DEBUG - 自動保存已禁用，跳過配置保存
2025-08-16 00:01:33,406 - VALO360 - DEBUG - 自動保存已禁用，跳過配置保存
2025-08-16 00:01:33,406 - VALO360 - DEBUG - 自動保存已禁用，跳過配置保存
2025-08-16 00:01:33,407 - VALO360 - DEBUG - 自動保存已禁用，跳過配置保存
2025-08-16 00:01:33,407 - VALO360 - DEBUG - 自動保存已禁用，跳過配置保存
2025-08-16 00:01:33,407 - VALO360 - DEBUG - 自動保存已禁用，跳過配置保存
2025-08-16 00:01:33,407 - VALO360 - DEBUG - 自動保存已禁用，跳過配置保存
2025-08-16 00:01:33,408 - VALO360 - DEBUG - 自動保存已禁用，跳過配置保存
2025-08-16 00:01:33,408 - VALO360 - DEBUG - 自動保存已禁用，跳過配置保存
2025-08-16 00:01:33,408 - VALO360 - DEBUG - 自動保存已禁用，跳過配置保存
2025-08-16 00:01:33,408 - VALO360 - DEBUG - 自動保存已禁用，跳過配置保存
2025-08-16 00:01:33,408 - VALO360 - DEBUG - 自動保存已禁用，跳過配置保存
2025-08-16 00:01:33,409 - VALO360 - DEBUG - 自動保存已禁用，跳過配置保存
2025-08-16 00:01:33,409 - VALO360 - DEBUG - 自動保存已禁用，跳過配置保存
2025-08-16 00:01:33,409 - VALO360 - DEBUG - 自動保存已禁用，跳過配置保存
2025-08-16 00:01:33,409 - VALO360 - DEBUG - 自動保存已禁用，跳過配置保存
2025-08-16 00:01:33,410 - VALO360 - DEBUG - 自動保存已禁用，跳過配置保存
2025-08-16 00:01:33,410 - VALO360 - DEBUG - 自動保存已禁用，跳過配置保存
2025-08-16 00:01:33,410 - VALO360 - DEBUG - 自動保存已禁用，跳過配置保存
2025-08-16 00:01:33,410 - VALO360 - DEBUG - 自動保存已禁用，跳過配置保存
2025-08-16 00:01:33,411 - VALO360 - DEBUG - 自動保存已禁用，跳過配置保存
2025-08-16 00:01:33,411 - VALO360 - DEBUG - 自動保存已禁用，跳過配置保存
2025-08-16 00:01:33,411 - VALO360 - DEBUG - 自動保存已禁用，跳過配置保存
2025-08-16 00:01:33,412 - VALO360 - DEBUG - 自動保存已禁用，跳過配置保存
2025-08-16 00:01:33,412 - VALO360 - DEBUG - 自動保存已禁用，跳過配置保存
2025-08-16 00:01:33,412 - VALO360 - DEBUG - 自動保存已禁用，跳過配置保存
2025-08-16 00:01:33,413 - VALO360 - DEBUG - 自動保存已禁用，跳過配置保存
2025-08-16 00:01:33,413 - VALO360 - DEBUG - 自動保存已禁用，跳過配置保存
2025-08-16 00:01:33,413 - VALO360 - DEBUG - 自動保存已禁用，跳過配置保存
2025-08-16 00:01:33,413 - VALO360 - DEBUG - 自動保存已禁用，跳過配置保存
2025-08-16 00:01:33,414 - VALO360 - DEBUG - 自動保存已禁用，跳過配置保存
2025-08-16 00:01:33,414 - VALO360 - DEBUG - 自動保存已禁用，跳過配置保存
2025-08-16 00:01:33,414 - VALO360 - DEBUG - 自動保存已禁用，跳過配置保存
2025-08-16 00:01:33,415 - VALO360 - DEBUG - 自動保存已禁用，跳過配置保存
2025-08-16 00:01:33,415 - VALO360 - DEBUG - 自動保存已禁用，跳過配置保存
2025-08-16 00:01:33,415 - VALO360 - DEBUG - 自動保存已禁用，跳過配置保存
2025-08-16 00:01:33,415 - VALO360 - DEBUG - 自動保存已禁用，跳過配置保存
2025-08-16 00:01:33,416 - VALO360 - DEBUG - 自動保存已禁用，跳過配置保存
2025-08-16 00:01:33,416 - VALO360 - DEBUG - 自動保存已禁用，跳過配置保存
2025-08-16 00:01:33,416 - VALO360 - DEBUG - 自動保存已禁用，跳過配置保存
2025-08-16 00:01:33,416 - VALO360 - DEBUG - 自動保存已禁用，跳過配置保存
2025-08-16 00:01:33,417 - VALO360 - DEBUG - 自動保存已禁用，跳過配置保存
2025-08-16 00:01:33,417 - VALO360 - DEBUG - 自動保存已禁用，跳過配置保存
2025-08-16 00:01:33,417 - VALO360 - DEBUG - 自動保存已禁用，跳過配置保存
2025-08-16 00:01:33,418 - VALO360 - DEBUG - 自動保存已禁用，跳過配置保存
2025-08-16 00:01:33,419 - VALO360 - DEBUG - 自動保存已禁用，跳過配置保存
2025-08-16 00:01:33,419 - VALO360 - DEBUG - 自動保存已禁用，跳過配置保存
2025-08-16 00:01:33,419 - VALO360 - DEBUG - 自動保存已禁用，跳過配置保存
2025-08-16 00:01:33,420 - VALO360 - DEBUG - 自動保存已禁用，跳過配置保存
2025-08-16 00:01:33,420 - VALO360 - DEBUG - 自動保存已禁用，跳過配置保存
2025-08-16 00:01:33,420 - VALO360 - DEBUG - 自動保存已禁用，跳過配置保存
2025-08-16 00:01:33,421 - VALO360 - DEBUG - 自動保存已禁用，跳過配置保存
2025-08-16 00:01:33,421 - VALO360 - DEBUG - 自動保存已禁用，跳過配置保存
2025-08-16 00:01:33,421 - VALO360 - DEBUG - 自動保存已禁用，跳過配置保存
2025-08-16 00:01:33,421 - VALO360 - DEBUG - 自動保存已禁用，跳過配置保存
2025-08-16 00:01:33,422 - VALO360 - DEBUG - 自動保存已禁用，跳過配置保存
2025-08-16 00:01:33,422 - VALO360 - DEBUG - 自動保存已禁用，跳過配置保存
2025-08-16 00:01:33,422 - VALO360 - DEBUG - 自動保存已禁用，跳過配置保存
2025-08-16 00:01:33,422 - VALO360 - DEBUG - 自動保存已禁用，跳過配置保存
2025-08-16 00:01:33,423 - VALO360 - DEBUG - 自動保存已禁用，跳過配置保存
2025-08-16 00:01:33,423 - VALO360 - DEBUG - 自動保存已禁用，跳過配置保存
2025-08-16 00:01:33,424 - VALO360 - DEBUG - 自動保存已禁用，跳過配置保存
2025-08-16 00:01:33,424 - VALO360 - DEBUG - 自動保存已禁用，跳過配置保存
2025-08-16 00:01:33,424 - VALO360 - DEBUG - 自動保存已禁用，跳過配置保存
2025-08-16 00:01:33,424 - VALO360 - DEBUG - 自動保存已禁用，跳過配置保存
2025-08-16 00:01:33,425 - VALO360 - DEBUG - 自動保存已禁用，跳過配置保存
2025-08-16 00:01:33,425 - VALO360 - DEBUG - 自動保存已禁用，跳過配置保存
2025-08-16 00:01:33,425 - VALO360 - DEBUG - 自動保存已禁用，跳過配置保存
2025-08-16 00:01:33,426 - VALO360 - DEBUG - 自動保存已禁用，跳過配置保存
2025-08-16 00:01:33,426 - VALO360 - DEBUG - 自動保存已禁用，跳過配置保存
2025-08-16 00:01:33,426 - VALO360 - DEBUG - 自動保存已禁用，跳過配置保存
2025-08-16 00:01:33,426 - VALO360 - DEBUG - 自動保存已禁用，跳過配置保存
2025-08-16 00:01:33,427 - VALO360 - DEBUG - 自動保存已禁用，跳過配置保存
2025-08-16 00:01:33,427 - VALO360 - DEBUG - 自動保存已禁用，跳過配置保存
2025-08-16 00:01:33,427 - VALO360 - DEBUG - 自動保存已禁用，跳過配置保存
2025-08-16 00:01:33,427 - VALO360 - DEBUG - 自動保存已禁用，跳過配置保存
2025-08-16 00:01:33,428 - VALO360 - DEBUG - 自動保存已禁用，跳過配置保存
2025-08-16 00:01:33,428 - VALO360 - DEBUG - 自動保存已禁用，跳過配置保存
2025-08-16 00:01:33,428 - VALO360 - DEBUG - 自動保存已禁用，跳過配置保存
2025-08-16 00:01:33,428 - VALO360 - DEBUG - 自動保存已禁用，跳過配置保存
2025-08-16 00:01:33,429 - VALO360 - DEBUG - 自動保存已禁用，跳過配置保存
2025-08-16 00:01:33,429 - VALO360 - DEBUG - 自動保存已禁用，跳過配置保存
2025-08-16 00:01:33,429 - VALO360 - DEBUG - 自動保存已禁用，跳過配置保存
2025-08-16 00:01:33,429 - VALO360 - DEBUG - 自動保存已禁用，跳過配置保存
2025-08-16 00:01:33,430 - VALO360 - DEBUG - 自動保存已禁用，跳過配置保存
2025-08-16 00:01:33,430 - VALO360 - DEBUG - 自動保存已禁用，跳過配置保存
2025-08-16 00:01:33,430 - VALO360 - DEBUG - 自動保存已禁用，跳過配置保存
2025-08-16 00:01:33,430 - VALO360 - DEBUG - 自動保存已禁用，跳過配置保存
2025-08-16 00:01:33,431 - VALO360 - DEBUG - 自動保存已禁用，跳過配置保存
2025-08-16 00:01:33,431 - VALO360 - DEBUG - 自動保存已禁用，跳過配置保存
2025-08-16 00:01:33,431 - VALO360 - DEBUG - 自動保存已禁用，跳過配置保存
2025-08-16 00:01:33,431 - VALO360 - DEBUG - 自動保存已禁用，跳過配置保存
2025-08-16 00:01:33,432 - VALO360 - DEBUG - 自動保存已禁用，跳過配置保存
2025-08-16 00:01:33,432 - VALO360 - DEBUG - 自動保存已禁用，跳過配置保存
2025-08-16 00:01:33,432 - VALO360 - DEBUG - 自動保存已禁用，跳過配置保存
2025-08-16 00:01:33,432 - VALO360 - DEBUG - 自動保存已禁用，跳過配置保存
2025-08-16 00:01:33,432 - VALO360 - DEBUG - 自動保存已禁用，跳過配置保存
2025-08-16 00:01:33,433 - VALO360 - DEBUG - 自動保存已禁用，跳過配置保存
2025-08-16 00:01:33,433 - VALO360 - DEBUG - 自動保存已禁用，跳過配置保存
2025-08-16 00:01:33,433 - VALO360 - DEBUG - 自動保存已禁用，跳過配置保存
2025-08-16 00:01:33,433 - VALO360 - DEBUG - 自動保存已禁用，跳過配置保存
2025-08-16 00:01:33,435 - VALO360 - DEBUG - 自動保存已禁用，跳過配置保存
2025-08-16 00:01:33,435 - VALO360 - DEBUG - 自動保存已禁用，跳過配置保存
2025-08-16 00:01:33,435 - VALO360 - DEBUG - 自動保存已禁用，跳過配置保存
2025-08-16 00:01:33,436 - VALO360 - DEBUG - 自動保存已禁用，跳過配置保存
2025-08-16 00:01:33,521 - VALO360 - DEBUG - 自動保存已禁用，跳過配置保存
2025-08-16 00:01:33,522 - VALO360 - DEBUG - 自動保存已禁用，跳過配置保存
2025-08-16 00:01:33,522 - VALO360 - DEBUG - 自動保存已禁用，跳過配置保存
2025-08-16 00:01:33,522 - VALO360 - DEBUG - 自動保存已禁用，跳過配置保存
2025-08-16 00:01:33,523 - VALO360 - DEBUG - 自動保存已禁用，跳過配置保存
2025-08-16 00:01:33,523 - VALO360 - DEBUG - 自動保存已禁用，跳過配置保存
2025-08-16 00:01:33,523 - VALO360 - DEBUG - 自動保存已禁用，跳過配置保存
2025-08-16 00:01:33,523 - VALO360 - DEBUG - 自動保存已禁用，跳過配置保存
2025-08-16 00:01:33,527 - VALO360 - DEBUG - 自動保存已禁用，跳過配置保存
2025-08-16 00:01:33,528 - VALO360 - DEBUG - 自動保存已禁用，跳過配置保存
2025-08-16 00:01:33,528 - VALO360 - DEBUG - 自動保存已禁用，跳過配置保存
2025-08-16 00:01:33,528 - VALO360 - DEBUG - 自動保存已禁用，跳過配置保存
2025-08-16 00:01:33,528 - VALO360 - DEBUG - 自動保存已禁用，跳過配置保存
2025-08-16 00:01:33,529 - VALO360 - DEBUG - 自動保存已禁用，跳過配置保存
2025-08-16 00:01:33,529 - VALO360 - DEBUG - 自動保存已禁用，跳過配置保存
2025-08-16 00:01:33,529 - VALO360 - DEBUG - 自動保存已禁用，跳過配置保存
2025-08-16 00:01:33,536 - VALO360 - DEBUG - 自動保存已禁用，跳過配置保存
2025-08-16 00:01:33,536 - VALO360 - DEBUG - 自動保存已禁用，跳過配置保存
2025-08-16 00:01:33,537 - VALO360 - DEBUG - 自動保存已禁用，跳過配置保存
2025-08-16 00:01:33,537 - VALO360 - DEBUG - 自動保存已禁用，跳過配置保存
2025-08-16 00:01:33,537 - VALO360 - DEBUG - 自動保存已禁用，跳過配置保存
2025-08-16 00:01:33,538 - VALO360 - DEBUG - 自動保存已禁用，跳過配置保存
2025-08-16 00:01:33,538 - VALO360 - DEBUG - 自動保存已禁用，跳過配置保存
2025-08-16 00:01:33,538 - VALO360 - DEBUG - 自動保存已禁用，跳過配置保存
2025-08-16 00:01:33,547 - VALO360 - DEBUG - 自動保存已禁用，跳過配置保存
2025-08-16 00:01:33,547 - VALO360 - DEBUG - 自動保存已禁用，跳過配置保存
2025-08-16 00:01:33,547 - VALO360 - DEBUG - 自動保存已禁用，跳過配置保存
2025-08-16 00:01:33,547 - VALO360 - DEBUG - 自動保存已禁用，跳過配置保存
2025-08-16 00:01:33,548 - VALO360 - DEBUG - 自動保存已禁用，跳過配置保存
2025-08-16 00:01:33,548 - VALO360 - DEBUG - 自動保存已禁用，跳過配置保存
2025-08-16 00:01:33,548 - VALO360 - DEBUG - 自動保存已禁用，跳過配置保存
2025-08-16 00:01:33,548 - VALO360 - DEBUG - 自動保存已禁用，跳過配置保存
2025-08-16 00:01:33,555 - VALO360 - DEBUG - 自動保存已禁用，跳過配置保存
2025-08-16 00:01:33,555 - VALO360 - DEBUG - 自動保存已禁用，跳過配置保存
2025-08-16 00:01:33,555 - VALO360 - DEBUG - 自動保存已禁用，跳過配置保存
2025-08-16 00:01:33,556 - VALO360 - DEBUG - 自動保存已禁用，跳過配置保存
2025-08-16 00:01:33,556 - VALO360 - DEBUG - 自動保存已禁用，跳過配置保存
2025-08-16 00:01:33,556 - VALO360 - DEBUG - 自動保存已禁用，跳過配置保存
2025-08-16 00:01:33,557 - VALO360 - DEBUG - 自動保存已禁用，跳過配置保存
2025-08-16 00:01:33,557 - VALO360 - DEBUG - 自動保存已禁用，跳過配置保存
2025-08-16 00:01:33,564 - VALO360 - DEBUG - 自動保存已禁用，跳過配置保存
2025-08-16 00:01:33,564 - VALO360 - DEBUG - 自動保存已禁用，跳過配置保存
2025-08-16 00:01:33,565 - VALO360 - DEBUG - 自動保存已禁用，跳過配置保存
2025-08-16 00:01:33,565 - VALO360 - DEBUG - 自動保存已禁用，跳過配置保存
2025-08-16 00:01:33,565 - VALO360 - DEBUG - 自動保存已禁用，跳過配置保存
2025-08-16 00:01:33,565 - VALO360 - DEBUG - 自動保存已禁用，跳過配置保存
2025-08-16 00:01:33,566 - VALO360 - DEBUG - 自動保存已禁用，跳過配置保存
2025-08-16 00:01:33,566 - VALO360 - DEBUG - 自動保存已禁用，跳過配置保存
2025-08-16 00:01:33,575 - VALO360 - DEBUG - 自動保存已禁用，跳過配置保存
2025-08-16 00:01:33,576 - VALO360 - DEBUG - 自動保存已禁用，跳過配置保存
2025-08-16 00:01:33,576 - VALO360 - DEBUG - 自動保存已禁用，跳過配置保存
2025-08-16 00:01:33,576 - VALO360 - DEBUG - 自動保存已禁用，跳過配置保存
2025-08-16 00:01:33,576 - VALO360 - DEBUG - 自動保存已禁用，跳過配置保存
2025-08-16 00:01:33,576 - VALO360 - DEBUG - 自動保存已禁用，跳過配置保存
2025-08-16 00:01:33,577 - VALO360 - DEBUG - 自動保存已禁用，跳過配置保存
2025-08-16 00:01:33,577 - VALO360 - DEBUG - 自動保存已禁用，跳過配置保存
2025-08-16 00:01:33,580 - VALO360 - DEBUG - 自動保存已禁用，跳過配置保存
2025-08-16 00:01:33,580 - VALO360 - DEBUG - 自動保存已禁用，跳過配置保存
2025-08-16 00:01:33,580 - VALO360 - DEBUG - 自動保存已禁用，跳過配置保存
2025-08-16 00:01:33,580 - VALO360 - DEBUG - 自動保存已禁用，跳過配置保存
2025-08-16 00:01:33,581 - VALO360 - DEBUG - 自動保存已禁用，跳過配置保存
2025-08-16 00:01:33,581 - VALO360 - DEBUG - 自動保存已禁用，跳過配置保存
2025-08-16 00:01:33,581 - VALO360 - DEBUG - 自動保存已禁用，跳過配置保存
2025-08-16 00:01:33,581 - VALO360 - DEBUG - 自動保存已禁用，跳過配置保存
2025-08-16 00:01:33,584 - VALO360 - DEBUG - 自動保存已禁用，跳過配置保存
2025-08-16 00:01:33,584 - VALO360 - DEBUG - 自動保存已禁用，跳過配置保存
2025-08-16 00:01:33,584 - VALO360 - DEBUG - 自動保存已禁用，跳過配置保存
2025-08-16 00:01:33,585 - VALO360 - DEBUG - 自動保存已禁用，跳過配置保存
2025-08-16 00:01:33,585 - VALO360 - DEBUG - 自動保存已禁用，跳過配置保存
2025-08-16 00:01:33,585 - VALO360 - DEBUG - 自動保存已禁用，跳過配置保存
2025-08-16 00:01:33,586 - VALO360 - DEBUG - 自動保存已禁用，跳過配置保存
2025-08-16 00:01:33,586 - VALO360 - DEBUG - 自動保存已禁用，跳過配置保存
2025-08-16 00:01:33,586 - VALO360 - DEBUG - 自動保存已禁用，跳過配置保存
2025-08-16 00:01:33,587 - VALO360 - DEBUG - 自動保存已禁用，跳過配置保存
2025-08-16 00:01:33,587 - VALO360 - DEBUG - 自動保存已禁用，跳過配置保存
2025-08-16 00:01:33,588 - VALO360 - DEBUG - 自動保存已禁用，跳過配置保存
2025-08-16 00:01:33,588 - VALO360 - DEBUG - 自動保存已禁用，跳過配置保存
2025-08-16 00:01:33,588 - VALO360 - DEBUG - 自動保存已禁用，跳過配置保存
2025-08-16 00:01:33,589 - VALO360 - DEBUG - 自動保存已禁用，跳過配置保存
2025-08-16 00:01:33,589 - VALO360 - DEBUG - 自動保存已禁用，跳過配置保存
2025-08-16 00:01:33,592 - VALO360 - DEBUG - 自動保存已禁用，跳過配置保存
2025-08-16 00:01:33,592 - VALO360 - DEBUG - 自動保存已禁用，跳過配置保存
2025-08-16 00:01:33,593 - VALO360 - DEBUG - 自動保存已禁用，跳過配置保存
2025-08-16 00:01:33,593 - VALO360 - DEBUG - 自動保存已禁用，跳過配置保存
2025-08-16 00:01:33,593 - VALO360 - DEBUG - 自動保存已禁用，跳過配置保存
2025-08-16 00:01:33,594 - VALO360 - DEBUG - 自動保存已禁用，跳過配置保存
2025-08-16 00:01:33,594 - VALO360 - DEBUG - 自動保存已禁用，跳過配置保存
2025-08-16 00:01:33,594 - VALO360 - DEBUG - 自動保存已禁用，跳過配置保存
2025-08-16 00:01:33,597 - VALO360 - DEBUG - 自動保存已禁用，跳過配置保存
2025-08-16 00:01:33,597 - VALO360 - DEBUG - 自動保存已禁用，跳過配置保存
2025-08-16 00:01:33,597 - VALO360 - DEBUG - 自動保存已禁用，跳過配置保存
2025-08-16 00:01:33,597 - VALO360 - DEBUG - 自動保存已禁用，跳過配置保存
2025-08-16 00:01:33,597 - VALO360 - DEBUG - 自動保存已禁用，跳過配置保存
2025-08-16 00:01:33,598 - VALO360 - DEBUG - 自動保存已禁用，跳過配置保存
2025-08-16 00:01:33,598 - VALO360 - DEBUG - 自動保存已禁用，跳過配置保存
2025-08-16 00:01:33,598 - VALO360 - DEBUG - 自動保存已禁用，跳過配置保存
2025-08-16 00:01:33,606 - VALO360 - DEBUG - 自動保存已禁用，跳過配置保存
2025-08-16 00:01:33,607 - VALO360 - DEBUG - 自動保存已禁用，跳過配置保存
2025-08-16 00:01:33,607 - VALO360 - DEBUG - 自動保存已禁用，跳過配置保存
2025-08-16 00:01:33,607 - VALO360 - DEBUG - 自動保存已禁用，跳過配置保存
2025-08-16 00:01:33,608 - VALO360 - DEBUG - 自動保存已禁用，跳過配置保存
2025-08-16 00:01:33,608 - VALO360 - DEBUG - 自動保存已禁用，跳過配置保存
2025-08-16 00:01:33,608 - VALO360 - DEBUG - 自動保存已禁用，跳過配置保存
2025-08-16 00:01:33,608 - VALO360 - DEBUG - 自動保存已禁用，跳過配置保存
2025-08-16 00:01:33,608 - VALO360 - DEBUG - 自動保存已禁用，跳過配置保存
2025-08-16 00:01:33,609 - VALO360 - DEBUG - 自動保存已禁用，跳過配置保存
2025-08-16 00:01:33,609 - VALO360 - DEBUG - 自動保存已禁用，跳過配置保存
2025-08-16 00:01:33,609 - VALO360 - DEBUG - 自動保存已禁用，跳過配置保存
2025-08-16 00:01:33,609 - VALO360 - DEBUG - 自動保存已禁用，跳過配置保存
2025-08-16 00:01:33,610 - VALO360 - DEBUG - 自動保存已禁用，跳過配置保存
2025-08-16 00:01:33,610 - VALO360 - DEBUG - 自動保存已禁用，跳過配置保存
2025-08-16 00:01:33,610 - VALO360 - DEBUG - 自動保存已禁用，跳過配置保存
2025-08-16 00:01:33,614 - VALO360 - DEBUG - 自動保存已禁用，跳過配置保存
2025-08-16 00:01:33,614 - VALO360 - DEBUG - 自動保存已禁用，跳過配置保存
2025-08-16 00:01:33,614 - VALO360 - DEBUG - 自動保存已禁用，跳過配置保存
2025-08-16 00:01:33,615 - VALO360 - DEBUG - 自動保存已禁用，跳過配置保存
2025-08-16 00:01:33,615 - VALO360 - DEBUG - 自動保存已禁用，跳過配置保存
2025-08-16 00:01:33,615 - VALO360 - DEBUG - 自動保存已禁用，跳過配置保存
2025-08-16 00:01:33,615 - VALO360 - DEBUG - 自動保存已禁用，跳過配置保存
2025-08-16 00:01:33,616 - VALO360 - DEBUG - 自動保存已禁用，跳過配置保存
2025-08-16 00:01:33,647 - VALO360 - DEBUG - 自動保存已禁用，跳過配置保存
2025-08-16 00:01:33,648 - VALO360 - DEBUG - 自動保存已禁用，跳過配置保存
2025-08-16 00:01:33,648 - VALO360 - DEBUG - 自動保存已禁用，跳過配置保存
2025-08-16 00:01:33,648 - VALO360 - DEBUG - 自動保存已禁用，跳過配置保存
2025-08-16 00:01:33,648 - VALO360 - DEBUG - 自動保存已禁用，跳過配置保存
2025-08-16 00:01:33,648 - VALO360 - DEBUG - 自動保存已禁用，跳過配置保存
2025-08-16 00:01:33,649 - VALO360 - DEBUG - 自動保存已禁用，跳過配置保存
2025-08-16 00:01:33,649 - VALO360 - DEBUG - 自動保存已禁用，跳過配置保存
2025-08-16 00:01:33,655 - VALO360 - DEBUG - 自動保存已禁用，跳過配置保存
2025-08-16 00:01:33,656 - VALO360 - DEBUG - 自動保存已禁用，跳過配置保存
2025-08-16 00:01:33,656 - VALO360 - DEBUG - 自動保存已禁用，跳過配置保存
2025-08-16 00:01:33,656 - VALO360 - DEBUG - 自動保存已禁用，跳過配置保存
2025-08-16 00:01:33,657 - VALO360 - DEBUG - 自動保存已禁用，跳過配置保存
2025-08-16 00:01:33,661 - VALO360 - DEBUG - 自動保存已禁用，跳過配置保存
2025-08-16 00:01:33,662 - VALO360 - DEBUG - 自動保存已禁用，跳過配置保存
2025-08-16 00:01:33,663 - VALO360 - DEBUG - 自動保存已禁用，跳過配置保存
2025-08-16 00:01:33,664 - VALO360 - DEBUG - 自動保存已禁用，跳過配置保存
2025-08-16 00:01:33,664 - VALO360 - DEBUG - 自動保存已禁用，跳過配置保存
2025-08-16 00:01:33,664 - VALO360 - DEBUG - 自動保存已禁用，跳過配置保存
2025-08-16 00:01:33,665 - VALO360 - DEBUG - 自動保存已禁用，跳過配置保存
2025-08-16 00:01:33,666 - VALO360 - DEBUG - 自動保存已禁用，跳過配置保存
2025-08-16 00:01:33,666 - VALO360 - DEBUG - 自動保存已禁用，跳過配置保存
2025-08-16 00:01:33,668 - VALO360 - DEBUG - 自動保存已禁用，跳過配置保存
2025-08-16 00:01:33,669 - VALO360 - DEBUG - 自動保存已禁用，跳過配置保存
2025-08-16 00:01:33,693 - VALO360 - DEBUG - 自動保存已禁用，跳過配置保存
2025-08-16 00:01:33,694 - VALO360 - DEBUG - 自動保存已禁用，跳過配置保存
2025-08-16 00:01:33,694 - VALO360 - DEBUG - 自動保存已禁用，跳過配置保存
2025-08-16 00:01:33,694 - VALO360 - DEBUG - 自動保存已禁用，跳過配置保存
2025-08-16 00:01:33,695 - VALO360 - DEBUG - 自動保存已禁用，跳過配置保存
2025-08-16 00:01:33,695 - VALO360 - DEBUG - 自動保存已禁用，跳過配置保存
2025-08-16 00:01:33,695 - VALO360 - DEBUG - 自動保存已禁用，跳過配置保存
2025-08-16 00:01:33,696 - VALO360 - DEBUG - 自動保存已禁用，跳過配置保存
2025-08-16 00:01:33,699 - VALO360 - DEBUG - 自動保存已禁用，跳過配置保存
2025-08-16 00:01:33,700 - VALO360 - DEBUG - 自動保存已禁用，跳過配置保存
2025-08-16 00:01:33,700 - VALO360 - DEBUG - 自動保存已禁用，跳過配置保存
2025-08-16 00:01:33,700 - VALO360 - DEBUG - 自動保存已禁用，跳過配置保存
2025-08-16 00:01:33,701 - VALO360 - DEBUG - 自動保存已禁用，跳過配置保存
2025-08-16 00:01:33,701 - VALO360 - DEBUG - 自動保存已禁用，跳過配置保存
2025-08-16 00:01:33,701 - VALO360 - DEBUG - 自動保存已禁用，跳過配置保存
2025-08-16 00:01:33,702 - VALO360 - DEBUG - 自動保存已禁用，跳過配置保存
2025-08-16 00:01:33,743 - VALO360 - DEBUG - 自動保存已禁用，跳過配置保存
2025-08-16 00:01:33,743 - VALO360 - DEBUG - 自動保存已禁用，跳過配置保存
2025-08-16 00:01:33,743 - VALO360 - DEBUG - 自動保存已禁用，跳過配置保存
2025-08-16 00:01:33,743 - VALO360 - DEBUG - 自動保存已禁用，跳過配置保存
2025-08-16 00:01:33,744 - VALO360 - DEBUG - 自動保存已禁用，跳過配置保存
2025-08-16 00:01:33,744 - VALO360 - DEBUG - 自動保存已禁用，跳過配置保存
2025-08-16 00:01:33,744 - VALO360 - DEBUG - 自動保存已禁用，跳過配置保存
2025-08-16 00:01:33,745 - VALO360 - DEBUG - 自動保存已禁用，跳過配置保存
2025-08-16 00:01:33,758 - VALO360 - DEBUG - 自動保存已禁用，跳過配置保存
2025-08-16 00:01:33,759 - VALO360 - DEBUG - 自動保存已禁用，跳過配置保存
2025-08-16 00:01:33,759 - VALO360 - DEBUG - 自動保存已禁用，跳過配置保存
2025-08-16 00:01:33,759 - VALO360 - DEBUG - 自動保存已禁用，跳過配置保存
2025-08-16 00:01:33,760 - VALO360 - DEBUG - 自動保存已禁用，跳過配置保存
2025-08-16 00:01:33,760 - VALO360 - DEBUG - 自動保存已禁用，跳過配置保存
2025-08-16 00:01:33,760 - VALO360 - DEBUG - 自動保存已禁用，跳過配置保存
2025-08-16 00:01:33,760 - VALO360 - DEBUG - 自動保存已禁用，跳過配置保存
2025-08-16 00:01:33,761 - VALO360 - DEBUG - 自動保存已禁用，跳過配置保存
2025-08-16 00:01:33,761 - VALO360 - DEBUG - 自動保存已禁用，跳過配置保存
2025-08-16 00:01:33,761 - VALO360 - DEBUG - 自動保存已禁用，跳過配置保存
2025-08-16 00:01:33,761 - VALO360 - DEBUG - 自動保存已禁用，跳過配置保存
2025-08-16 00:01:33,762 - VALO360 - DEBUG - 自動保存已禁用，跳過配置保存
2025-08-16 00:01:33,762 - VALO360 - DEBUG - 自動保存已禁用，跳過配置保存
2025-08-16 00:01:33,762 - VALO360 - DEBUG - 自動保存已禁用，跳過配置保存
2025-08-16 00:01:33,763 - VALO360 - DEBUG - 自動保存已禁用，跳過配置保存
2025-08-16 00:01:33,763 - VALO360 - DEBUG - 自動保存已禁用，跳過配置保存
2025-08-16 00:01:33,763 - VALO360 - DEBUG - 自動保存已禁用，跳過配置保存
2025-08-16 00:01:33,764 - VALO360 - DEBUG - 自動保存已禁用，跳過配置保存
2025-08-16 00:01:33,764 - VALO360 - DEBUG - 自動保存已禁用，跳過配置保存
2025-08-16 00:01:33,764 - VALO360 - DEBUG - 自動保存已禁用，跳過配置保存
2025-08-16 00:01:33,765 - VALO360 - DEBUG - 自動保存已禁用，跳過配置保存
2025-08-16 00:01:33,765 - VALO360 - DEBUG - 自動保存已禁用，跳過配置保存
2025-08-16 00:01:33,765 - VALO360 - DEBUG - 自動保存已禁用，跳過配置保存
2025-08-16 00:01:33,765 - VALO360 - DEBUG - 自動保存已禁用，跳過配置保存
2025-08-16 00:01:33,766 - VALO360 - DEBUG - 自動保存已禁用，跳過配置保存
2025-08-16 00:01:33,766 - VALO360 - DEBUG - 自動保存已禁用，跳過配置保存
2025-08-16 00:01:33,766 - VALO360 - DEBUG - 自動保存已禁用，跳過配置保存
2025-08-16 00:01:33,767 - VALO360 - DEBUG - 自動保存已禁用，跳過配置保存
2025-08-16 00:01:33,767 - VALO360 - DEBUG - 自動保存已禁用，跳過配置保存
2025-08-16 00:01:33,768 - VALO360 - DEBUG - 自動保存已禁用，跳過配置保存
2025-08-16 00:01:33,768 - VALO360 - DEBUG - 自動保存已禁用，跳過配置保存
2025-08-16 00:01:33,769 - VALO360 - DEBUG - 自動保存已禁用，跳過配置保存
2025-08-16 00:01:33,769 - VALO360 - DEBUG - 自動保存已禁用，跳過配置保存
2025-08-16 00:01:33,769 - VALO360 - DEBUG - 自動保存已禁用，跳過配置保存
2025-08-16 00:01:33,770 - VALO360 - DEBUG - 自動保存已禁用，跳過配置保存
2025-08-16 00:01:33,771 - VALO360 - DEBUG - 自動保存已禁用，跳過配置保存
2025-08-16 00:01:33,771 - VALO360 - DEBUG - 自動保存已禁用，跳過配置保存
2025-08-16 00:01:33,771 - VALO360 - DEBUG - 自動保存已禁用，跳過配置保存
2025-08-16 00:01:33,771 - VALO360 - DEBUG - 自動保存已禁用，跳過配置保存
2025-08-16 00:01:33,772 - VALO360 - DEBUG - 自動保存已禁用，跳過配置保存
2025-08-16 00:01:33,772 - VALO360 - DEBUG - 自動保存已禁用，跳過配置保存
2025-08-16 00:01:33,772 - VALO360 - DEBUG - 自動保存已禁用，跳過配置保存
2025-08-16 00:01:33,772 - VALO360 - DEBUG - 自動保存已禁用，跳過配置保存
2025-08-16 00:01:33,773 - VALO360 - DEBUG - 自動保存已禁用，跳過配置保存
2025-08-16 00:01:33,773 - VALO360 - DEBUG - 自動保存已禁用，跳過配置保存
2025-08-16 00:01:33,773 - VALO360 - DEBUG - 自動保存已禁用，跳過配置保存
2025-08-16 00:01:33,774 - VALO360 - DEBUG - 自動保存已禁用，跳過配置保存
2025-08-16 00:01:33,774 - VALO360 - DEBUG - 自動保存已禁用，跳過配置保存
2025-08-16 00:01:33,775 - VALO360 - DEBUG - 自動保存已禁用，跳過配置保存
2025-08-16 00:01:33,775 - VALO360 - DEBUG - 自動保存已禁用，跳過配置保存
2025-08-16 00:01:33,775 - VALO360 - DEBUG - 自動保存已禁用，跳過配置保存
2025-08-16 00:01:33,776 - VALO360 - DEBUG - 自動保存已禁用，跳過配置保存
2025-08-16 00:01:33,776 - VALO360 - DEBUG - 自動保存已禁用，跳過配置保存
2025-08-16 00:01:33,776 - VALO360 - DEBUG - 自動保存已禁用，跳過配置保存
2025-08-16 00:01:33,776 - VALO360 - DEBUG - 自動保存已禁用，跳過配置保存
2025-08-16 00:01:33,777 - VALO360 - DEBUG - 自動保存已禁用，跳過配置保存
2025-08-16 00:01:33,777 - VALO360 - DEBUG - 自動保存已禁用，跳過配置保存
2025-08-16 00:01:33,777 - VALO360 - DEBUG - 自動保存已禁用，跳過配置保存
2025-08-16 00:01:33,778 - VALO360 - DEBUG - 自動保存已禁用，跳過配置保存
2025-08-16 00:01:33,823 - VALO360 - DEBUG - 自動保存已禁用，跳過配置保存
2025-08-16 00:01:33,824 - VALO360 - DEBUG - 自動保存已禁用，跳過配置保存
2025-08-16 00:01:33,824 - VALO360 - DEBUG - 自動保存已禁用，跳過配置保存
2025-08-16 00:01:33,824 - VALO360 - DEBUG - 自動保存已禁用，跳過配置保存
2025-08-16 00:01:33,825 - VALO360 - DEBUG - 自動保存已禁用，跳過配置保存
2025-08-16 00:01:33,825 - VALO360 - DEBUG - 自動保存已禁用，跳過配置保存
2025-08-16 00:01:33,825 - VALO360 - DEBUG - 自動保存已禁用，跳過配置保存
2025-08-16 00:01:33,826 - VALO360 - DEBUG - 自動保存已禁用，跳過配置保存
2025-08-16 00:01:33,826 - VALO360 - DEBUG - 自動保存已禁用，跳過配置保存
2025-08-16 00:01:33,826 - VALO360 - DEBUG - 自動保存已禁用，跳過配置保存
2025-08-16 00:01:33,827 - VALO360 - DEBUG - 自動保存已禁用，跳過配置保存
2025-08-16 00:01:33,827 - VALO360 - DEBUG - 自動保存已禁用，跳過配置保存
2025-08-16 00:01:33,828 - VALO360 - DEBUG - 自動保存已禁用，跳過配置保存
2025-08-16 00:01:33,828 - VALO360 - DEBUG - 自動保存已禁用，跳過配置保存
2025-08-16 00:01:33,829 - VALO360 - DEBUG - 自動保存已禁用，跳過配置保存
2025-08-16 00:01:33,829 - VALO360 - DEBUG - 自動保存已禁用，跳過配置保存
2025-08-16 00:01:33,830 - VALO360 - DEBUG - 自動保存已禁用，跳過配置保存
2025-08-16 00:01:33,830 - VALO360 - DEBUG - 自動保存已禁用，跳過配置保存
2025-08-16 00:01:33,830 - VALO360 - DEBUG - 自動保存已禁用，跳過配置保存
2025-08-16 00:01:33,830 - VALO360 - DEBUG - 自動保存已禁用，跳過配置保存
2025-08-16 00:01:33,832 - VALO360 - DEBUG - 自動保存已禁用，跳過配置保存
2025-08-16 00:01:33,832 - VALO360 - DEBUG - 自動保存已禁用，跳過配置保存
2025-08-16 00:01:33,833 - VALO360 - DEBUG - 自動保存已禁用，跳過配置保存
2025-08-16 00:01:33,833 - VALO360 - DEBUG - 自動保存已禁用，跳過配置保存
2025-08-16 00:01:33,833 - VALO360 - DEBUG - 自動保存已禁用，跳過配置保存
2025-08-16 00:01:33,834 - VALO360 - DEBUG - 自動保存已禁用，跳過配置保存
2025-08-16 00:01:33,834 - VALO360 - DEBUG - 自動保存已禁用，跳過配置保存
2025-08-16 00:01:33,834 - VALO360 - DEBUG - 自動保存已禁用，跳過配置保存
2025-08-16 00:01:33,835 - VALO360 - DEBUG - 自動保存已禁用，跳過配置保存
2025-08-16 00:01:33,836 - VALO360 - DEBUG - 自動保存已禁用，跳過配置保存
2025-08-16 00:01:33,836 - VALO360 - DEBUG - 自動保存已禁用，跳過配置保存
2025-08-16 00:01:33,836 - VALO360 - DEBUG - 自動保存已禁用，跳過配置保存
2025-08-16 00:01:33,838 - VALO360 - DEBUG - 自動保存已禁用，跳過配置保存
2025-08-16 00:01:33,838 - VALO360 - DEBUG - 自動保存已禁用，跳過配置保存
2025-08-16 00:01:33,839 - VALO360 - DEBUG - 自動保存已禁用，跳過配置保存
2025-08-16 00:01:33,839 - VALO360 - DEBUG - 自動保存已禁用，跳過配置保存
2025-08-16 00:01:33,841 - VALO360 - DEBUG - 自動保存已禁用，跳過配置保存
2025-08-16 00:01:33,841 - VALO360 - DEBUG - 自動保存已禁用，跳過配置保存
2025-08-16 00:01:33,841 - VALO360 - DEBUG - 自動保存已禁用，跳過配置保存
2025-08-16 00:01:33,841 - VALO360 - DEBUG - 自動保存已禁用，跳過配置保存
2025-08-16 00:01:33,842 - VALO360 - DEBUG - 自動保存已禁用，跳過配置保存
2025-08-16 00:01:33,842 - VALO360 - DEBUG - 自動保存已禁用，跳過配置保存
2025-08-16 00:01:33,843 - VALO360 - DEBUG - 自動保存已禁用，跳過配置保存
2025-08-16 00:01:33,843 - VALO360 - DEBUG - 自動保存已禁用，跳過配置保存
2025-08-16 00:01:33,844 - VALO360 - DEBUG - 自動保存已禁用，跳過配置保存
2025-08-16 00:01:33,844 - VALO360 - DEBUG - 自動保存已禁用，跳過配置保存
2025-08-16 00:01:33,844 - VALO360 - DEBUG - 自動保存已禁用，跳過配置保存
2025-08-16 00:01:33,844 - VALO360 - DEBUG - 自動保存已禁用，跳過配置保存
2025-08-16 00:01:33,845 - VALO360 - DEBUG - 自動保存已禁用，跳過配置保存
2025-08-16 00:01:33,845 - VALO360 - DEBUG - 自動保存已禁用，跳過配置保存
2025-08-16 00:01:33,845 - VALO360 - DEBUG - 自動保存已禁用，跳過配置保存
2025-08-16 00:01:33,845 - VALO360 - DEBUG - 自動保存已禁用，跳過配置保存
2025-08-16 00:01:33,846 - VALO360 - DEBUG - 自動保存已禁用，跳過配置保存
2025-08-16 00:01:33,846 - VALO360 - DEBUG - 自動保存已禁用，跳過配置保存
2025-08-16 00:01:33,846 - VALO360 - DEBUG - 自動保存已禁用，跳過配置保存
2025-08-16 00:01:33,846 - VALO360 - DEBUG - 自動保存已禁用，跳過配置保存
2025-08-16 00:01:33,847 - VALO360 - DEBUG - 自動保存已禁用，跳過配置保存
2025-08-16 00:01:33,847 - VALO360 - DEBUG - 自動保存已禁用，跳過配置保存
2025-08-16 00:01:33,847 - VALO360 - DEBUG - 自動保存已禁用，跳過配置保存
2025-08-16 00:01:33,848 - VALO360 - DEBUG - 自動保存已禁用，跳過配置保存
2025-08-16 00:01:33,848 - VALO360 - DEBUG - 自動保存已禁用，跳過配置保存
2025-08-16 00:01:33,848 - VALO360 - DEBUG - 自動保存已禁用，跳過配置保存
2025-08-16 00:01:33,849 - VALO360 - DEBUG - 自動保存已禁用，跳過配置保存
2025-08-16 00:01:33,849 - VALO360 - DEBUG - 自動保存已禁用，跳過配置保存
2025-08-16 00:01:33,849 - VALO360 - DEBUG - 自動保存已禁用，跳過配置保存
2025-08-16 00:01:33,850 - VALO360 - DEBUG - 自動保存已禁用，跳過配置保存
2025-08-16 00:01:33,850 - VALO360 - DEBUG - 自動保存已禁用，跳過配置保存
2025-08-16 00:01:33,850 - VALO360 - DEBUG - 自動保存已禁用，跳過配置保存
2025-08-16 00:01:33,850 - VALO360 - DEBUG - 自動保存已禁用，跳過配置保存
2025-08-16 00:01:33,851 - VALO360 - DEBUG - 自動保存已禁用，跳過配置保存
2025-08-16 00:01:33,851 - VALO360 - DEBUG - 自動保存已禁用，跳過配置保存
2025-08-16 00:01:33,851 - VALO360 - DEBUG - 自動保存已禁用，跳過配置保存
2025-08-16 00:01:33,852 - VALO360 - DEBUG - 自動保存已禁用，跳過配置保存
2025-08-16 00:01:33,852 - VALO360 - DEBUG - 自動保存已禁用，跳過配置保存
2025-08-16 00:01:33,853 - VALO360 - DEBUG - 自動保存已禁用，跳過配置保存
2025-08-16 00:01:33,853 - VALO360 - DEBUG - 自動保存已禁用，跳過配置保存
2025-08-16 00:01:33,854 - VALO360 - DEBUG - 自動保存已禁用，跳過配置保存
2025-08-16 00:01:33,854 - VALO360 - DEBUG - 自動保存已禁用，跳過配置保存
2025-08-16 00:01:33,854 - VALO360 - DEBUG - 自動保存已禁用，跳過配置保存
2025-08-16 00:01:33,855 - VALO360 - DEBUG - 自動保存已禁用，跳過配置保存
2025-08-16 00:01:33,855 - VALO360 - DEBUG - 自動保存已禁用，跳過配置保存
2025-08-16 00:01:33,855 - VALO360 - DEBUG - 自動保存已禁用，跳過配置保存
2025-08-16 00:01:33,856 - VALO360 - DEBUG - 自動保存已禁用，跳過配置保存
2025-08-16 00:01:33,856 - VALO360 - DEBUG - 自動保存已禁用，跳過配置保存
2025-08-16 00:01:33,856 - VALO360 - DEBUG - 自動保存已禁用，跳過配置保存
2025-08-16 00:01:33,857 - VALO360 - DEBUG - 自動保存已禁用，跳過配置保存
2025-08-16 00:01:33,857 - VALO360 - DEBUG - 自動保存已禁用，跳過配置保存
2025-08-16 00:01:33,857 - VALO360 - DEBUG - 自動保存已禁用，跳過配置保存
2025-08-16 00:01:33,857 - VALO360 - DEBUG - 自動保存已禁用，跳過配置保存
2025-08-16 00:01:33,858 - VALO360 - DEBUG - 自動保存已禁用，跳過配置保存
2025-08-16 00:01:33,858 - VALO360 - DEBUG - 自動保存已禁用，跳過配置保存
2025-08-16 00:01:33,858 - VALO360 - DEBUG - 自動保存已禁用，跳過配置保存
2025-08-16 00:01:33,859 - VALO360 - DEBUG - 自動保存已禁用，跳過配置保存
2025-08-16 00:01:33,859 - VALO360 - DEBUG - 自動保存已禁用，跳過配置保存
2025-08-16 00:01:33,859 - VALO360 - DEBUG - 自動保存已禁用，跳過配置保存
2025-08-16 00:01:33,860 - VALO360 - DEBUG - 自動保存已禁用，跳過配置保存
2025-08-16 00:01:33,860 - VALO360 - DEBUG - 自動保存已禁用，跳過配置保存
2025-08-16 00:01:33,860 - VALO360 - DEBUG - 自動保存已禁用，跳過配置保存
2025-08-16 00:01:33,861 - VALO360 - DEBUG - 自動保存已禁用，跳過配置保存
2025-08-16 00:01:33,861 - VALO360 - DEBUG - 自動保存已禁用，跳過配置保存
2025-08-16 00:01:33,861 - VALO360 - DEBUG - 自動保存已禁用，跳過配置保存
2025-08-16 00:01:33,861 - VALO360 - DEBUG - 自動保存已禁用，跳過配置保存
2025-08-16 00:01:33,862 - VALO360 - DEBUG - 自動保存已禁用，跳過配置保存
2025-08-16 00:01:33,862 - VALO360 - DEBUG - 自動保存已禁用，跳過配置保存
2025-08-16 00:01:33,862 - VALO360 - DEBUG - 自動保存已禁用，跳過配置保存
2025-08-16 00:01:33,862 - VALO360 - DEBUG - 自動保存已禁用，跳過配置保存
2025-08-16 00:01:33,862 - VALO360 - DEBUG - 自動保存已禁用，跳過配置保存
2025-08-16 00:01:33,863 - VALO360 - DEBUG - 自動保存已禁用，跳過配置保存
2025-08-16 00:01:33,863 - VALO360 - DEBUG - 自動保存已禁用，跳過配置保存
2025-08-16 00:01:33,863 - VALO360 - DEBUG - 自動保存已禁用，跳過配置保存
2025-08-16 00:01:33,864 - VALO360 - DEBUG - 自動保存已禁用，跳過配置保存
2025-08-16 00:01:33,864 - VALO360 - DEBUG - 自動保存已禁用，跳過配置保存
2025-08-16 00:01:33,864 - VALO360 - DEBUG - 自動保存已禁用，跳過配置保存
2025-08-16 00:01:33,864 - VALO360 - DEBUG - 自動保存已禁用，跳過配置保存
2025-08-16 00:01:33,864 - VALO360 - DEBUG - 自動保存已禁用，跳過配置保存
2025-08-16 00:01:33,865 - VALO360 - DEBUG - 自動保存已禁用，跳過配置保存
2025-08-16 00:01:33,865 - VALO360 - DEBUG - 自動保存已禁用，跳過配置保存
2025-08-16 00:01:33,865 - VALO360 - DEBUG - 自動保存已禁用，跳過配置保存
2025-08-16 00:01:33,865 - VALO360 - DEBUG - 自動保存已禁用，跳過配置保存
2025-08-16 00:01:33,866 - VALO360 - DEBUG - 自動保存已禁用，跳過配置保存
2025-08-16 00:01:33,866 - VALO360 - DEBUG - 自動保存已禁用，跳過配置保存
2025-08-16 00:01:33,866 - VALO360 - DEBUG - 自動保存已禁用，跳過配置保存
2025-08-16 00:01:33,866 - VALO360 - DEBUG - 自動保存已禁用，跳過配置保存
2025-08-16 00:01:33,867 - VALO360 - DEBUG - 自動保存已禁用，跳過配置保存
2025-08-16 00:01:33,867 - VALO360 - DEBUG - 自動保存已禁用，跳過配置保存
2025-08-16 00:01:33,867 - VALO360 - DEBUG - 自動保存已禁用，跳過配置保存
2025-08-16 00:01:33,868 - VALO360 - DEBUG - 自動保存已禁用，跳過配置保存
2025-08-16 00:01:33,868 - VALO360 - DEBUG - 自動保存已禁用，跳過配置保存
2025-08-16 00:01:33,869 - VALO360 - DEBUG - 自動保存已禁用，跳過配置保存
2025-08-16 00:01:33,869 - VALO360 - DEBUG - 自動保存已禁用，跳過配置保存
2025-08-16 00:01:33,870 - VALO360 - DEBUG - 自動保存已禁用，跳過配置保存
2025-08-16 00:01:33,870 - VALO360 - DEBUG - 自動保存已禁用，跳過配置保存
2025-08-16 00:01:33,871 - VALO360 - DEBUG - 自動保存已禁用，跳過配置保存
2025-08-16 00:01:33,872 - VALO360 - DEBUG - 自動保存已禁用，跳過配置保存
2025-08-16 00:01:33,872 - VALO360 - DEBUG - 自動保存已禁用，跳過配置保存
2025-08-16 00:01:33,872 - VALO360 - DEBUG - 自動保存已禁用，跳過配置保存
2025-08-16 00:01:33,873 - VALO360 - DEBUG - 自動保存已禁用，跳過配置保存
2025-08-16 00:01:33,873 - VALO360 - DEBUG - 自動保存已禁用，跳過配置保存
2025-08-16 00:01:33,873 - VALO360 - DEBUG - 自動保存已禁用，跳過配置保存
2025-08-16 00:01:33,873 - VALO360 - DEBUG - 自動保存已禁用，跳過配置保存
2025-08-16 00:01:33,874 - VALO360 - DEBUG - 自動保存已禁用，跳過配置保存
2025-08-16 00:01:33,874 - VALO360 - DEBUG - 自動保存已禁用，跳過配置保存
2025-08-16 00:01:33,875 - VALO360 - DEBUG - 自動保存已禁用，跳過配置保存
2025-08-16 00:01:33,875 - VALO360 - DEBUG - 自動保存已禁用，跳過配置保存
2025-08-16 00:01:33,876 - VALO360 - DEBUG - 自動保存已禁用，跳過配置保存
2025-08-16 00:01:33,876 - VALO360 - DEBUG - 自動保存已禁用，跳過配置保存
2025-08-16 00:01:33,877 - VALO360 - DEBUG - 自動保存已禁用，跳過配置保存
2025-08-16 00:01:33,877 - VALO360 - DEBUG - 自動保存已禁用，跳過配置保存
2025-08-16 00:01:33,878 - VALO360 - DEBUG - 自動保存已禁用，跳過配置保存
2025-08-16 00:01:33,878 - VALO360 - DEBUG - 自動保存已禁用，跳過配置保存
2025-08-16 00:01:33,878 - VALO360 - DEBUG - 自動保存已禁用，跳過配置保存
2025-08-16 00:01:33,878 - VALO360 - DEBUG - 自動保存已禁用，跳過配置保存
2025-08-16 00:01:33,881 - VALO360 - DEBUG - 自動保存已禁用，跳過配置保存
2025-08-16 00:01:33,881 - VALO360 - DEBUG - 自動保存已禁用，跳過配置保存
2025-08-16 00:01:33,881 - VALO360 - DEBUG - 自動保存已禁用，跳過配置保存
2025-08-16 00:01:33,882 - VALO360 - DEBUG - 自動保存已禁用，跳過配置保存
2025-08-16 00:01:33,883 - VALO360 - DEBUG - 自動保存已禁用，跳過配置保存
2025-08-16 00:01:33,883 - VALO360 - DEBUG - 自動保存已禁用，跳過配置保存
2025-08-16 00:01:33,883 - VALO360 - DEBUG - 自動保存已禁用，跳過配置保存
2025-08-16 00:01:33,884 - VALO360 - DEBUG - 自動保存已禁用，跳過配置保存
2025-08-16 00:01:33,887 - VALO360 - DEBUG - 自動保存已禁用，跳過配置保存
2025-08-16 00:01:33,888 - VALO360 - DEBUG - 自動保存已禁用，跳過配置保存
2025-08-16 00:01:33,888 - VALO360 - DEBUG - 自動保存已禁用，跳過配置保存
2025-08-16 00:01:33,889 - VALO360 - DEBUG - 自動保存已禁用，跳過配置保存
2025-08-16 00:01:33,890 - VALO360 - DEBUG - 自動保存已禁用，跳過配置保存
2025-08-16 00:01:33,891 - VALO360 - DEBUG - 自動保存已禁用，跳過配置保存
2025-08-16 00:01:33,891 - VALO360 - DEBUG - 自動保存已禁用，跳過配置保存
2025-08-16 00:01:33,891 - VALO360 - DEBUG - 自動保存已禁用，跳過配置保存
2025-08-16 00:01:33,892 - VALO360 - DEBUG - 自動保存已禁用，跳過配置保存
2025-08-16 00:01:33,893 - VALO360 - DEBUG - 自動保存已禁用，跳過配置保存
2025-08-16 00:01:33,893 - VALO360 - DEBUG - 自動保存已禁用，跳過配置保存
2025-08-16 00:01:33,893 - VALO360 - DEBUG - 自動保存已禁用，跳過配置保存
2025-08-16 00:01:33,895 - VALO360 - DEBUG - 自動保存已禁用，跳過配置保存
2025-08-16 00:01:33,895 - VALO360 - DEBUG - 自動保存已禁用，跳過配置保存
2025-08-16 00:01:33,896 - VALO360 - DEBUG - 自動保存已禁用，跳過配置保存
2025-08-16 00:01:33,896 - VALO360 - DEBUG - 自動保存已禁用，跳過配置保存
2025-08-16 00:01:33,900 - VALO360 - DEBUG - 自動保存已禁用，跳過配置保存
2025-08-16 00:01:33,900 - VALO360 - DEBUG - 自動保存已禁用，跳過配置保存
2025-08-16 00:01:33,901 - VALO360 - DEBUG - 自動保存已禁用，跳過配置保存
2025-08-16 00:01:33,902 - VALO360 - DEBUG - 自動保存已禁用，跳過配置保存
2025-08-16 00:01:33,903 - VALO360 - DEBUG - 自動保存已禁用，跳過配置保存
2025-08-16 00:01:33,903 - VALO360 - DEBUG - 自動保存已禁用，跳過配置保存
2025-08-16 00:01:33,904 - VALO360 - DEBUG - 自動保存已禁用，跳過配置保存
2025-08-16 00:01:33,904 - VALO360 - DEBUG - 自動保存已禁用，跳過配置保存
2025-08-16 00:01:33,905 - VALO360 - DEBUG - 自動保存已禁用，跳過配置保存
2025-08-16 00:01:33,906 - VALO360 - DEBUG - 自動保存已禁用，跳過配置保存
2025-08-16 00:01:33,906 - VALO360 - DEBUG - 自動保存已禁用，跳過配置保存
2025-08-16 00:01:33,906 - VALO360 - DEBUG - 自動保存已禁用，跳過配置保存
2025-08-16 00:01:33,907 - VALO360 - DEBUG - 自動保存已禁用，跳過配置保存
2025-08-16 00:01:33,908 - VALO360 - DEBUG - 自動保存已禁用，跳過配置保存
2025-08-16 00:01:33,908 - VALO360 - DEBUG - 自動保存已禁用，跳過配置保存
2025-08-16 00:01:33,908 - VALO360 - DEBUG - 自動保存已禁用，跳過配置保存
2025-08-16 00:01:33,909 - VALO360 - DEBUG - 自動保存已禁用，跳過配置保存
2025-08-16 00:01:33,909 - VALO360 - DEBUG - 自動保存已禁用，跳過配置保存
2025-08-16 00:01:33,909 - VALO360 - DEBUG - 自動保存已禁用，跳過配置保存
2025-08-16 00:01:33,909 - VALO360 - DEBUG - 自動保存已禁用，跳過配置保存
2025-08-16 00:01:33,912 - VALO360 - DEBUG - 自動保存已禁用，跳過配置保存
2025-08-16 00:01:33,912 - VALO360 - DEBUG - 自動保存已禁用，跳過配置保存
2025-08-16 00:01:33,912 - VALO360 - DEBUG - 自動保存已禁用，跳過配置保存
2025-08-16 00:01:33,912 - VALO360 - DEBUG - 自動保存已禁用，跳過配置保存
2025-08-16 00:01:33,913 - VALO360 - DEBUG - 自動保存已禁用，跳過配置保存
2025-08-16 00:01:33,913 - VALO360 - DEBUG - 自動保存已禁用，跳過配置保存
2025-08-16 00:01:33,913 - VALO360 - DEBUG - 自動保存已禁用，跳過配置保存
2025-08-16 00:01:33,914 - VALO360 - DEBUG - 自動保存已禁用，跳過配置保存
2025-08-16 00:01:33,914 - VALO360 - DEBUG - 自動保存已禁用，跳過配置保存
2025-08-16 00:01:33,914 - VALO360 - DEBUG - 自動保存已禁用，跳過配置保存
2025-08-16 00:01:33,915 - VALO360 - DEBUG - 自動保存已禁用，跳過配置保存
2025-08-16 00:01:33,915 - VALO360 - DEBUG - 自動保存已禁用，跳過配置保存
2025-08-16 00:01:33,915 - VALO360 - DEBUG - 自動保存已禁用，跳過配置保存
2025-08-16 00:01:33,916 - VALO360 - DEBUG - 自動保存已禁用，跳過配置保存
2025-08-16 00:01:33,916 - VALO360 - DEBUG - 自動保存已禁用，跳過配置保存
2025-08-16 00:01:33,916 - VALO360 - DEBUG - 自動保存已禁用，跳過配置保存
2025-08-16 00:01:33,916 - VALO360 - DEBUG - 自動保存已禁用，跳過配置保存
2025-08-16 00:01:33,917 - VALO360 - DEBUG - 自動保存已禁用，跳過配置保存
2025-08-16 00:01:33,917 - VALO360 - DEBUG - 自動保存已禁用，跳過配置保存
2025-08-16 00:01:33,917 - VALO360 - DEBUG - 自動保存已禁用，跳過配置保存
2025-08-16 00:01:33,917 - VALO360 - DEBUG - 自動保存已禁用，跳過配置保存
2025-08-16 00:01:33,918 - VALO360 - DEBUG - 自動保存已禁用，跳過配置保存
2025-08-16 00:01:33,918 - VALO360 - DEBUG - 自動保存已禁用，跳過配置保存
2025-08-16 00:01:33,919 - VALO360 - DEBUG - 自動保存已禁用，跳過配置保存
2025-08-16 00:01:33,919 - VALO360 - DEBUG - 自動保存已禁用，跳過配置保存
2025-08-16 00:01:33,920 - VALO360 - DEBUG - 自動保存已禁用，跳過配置保存
2025-08-16 00:01:33,920 - VALO360 - DEBUG - 自動保存已禁用，跳過配置保存
2025-08-16 00:01:33,920 - VALO360 - DEBUG - 自動保存已禁用，跳過配置保存
2025-08-16 00:01:33,920 - VALO360 - DEBUG - 自動保存已禁用，跳過配置保存
2025-08-16 00:01:33,921 - VALO360 - DEBUG - 自動保存已禁用，跳過配置保存
2025-08-16 00:01:33,921 - VALO360 - DEBUG - 自動保存已禁用，跳過配置保存
2025-08-16 00:01:33,921 - VALO360 - DEBUG - 自動保存已禁用，跳過配置保存
2025-08-16 00:01:33,922 - VALO360 - DEBUG - 自動保存已禁用，跳過配置保存
2025-08-16 00:01:33,922 - VALO360 - DEBUG - 自動保存已禁用，跳過配置保存
2025-08-16 00:01:33,922 - VALO360 - DEBUG - 自動保存已禁用，跳過配置保存
2025-08-16 00:01:33,922 - VALO360 - DEBUG - 自動保存已禁用，跳過配置保存
2025-08-16 00:01:33,923 - VALO360 - DEBUG - 自動保存已禁用，跳過配置保存
2025-08-16 00:01:33,923 - VALO360 - DEBUG - 自動保存已禁用，跳過配置保存
2025-08-16 00:01:33,923 - VALO360 - DEBUG - 自動保存已禁用，跳過配置保存
2025-08-16 00:01:33,923 - VALO360 - DEBUG - 自動保存已禁用，跳過配置保存
2025-08-16 00:01:33,924 - VALO360 - DEBUG - 自動保存已禁用，跳過配置保存
2025-08-16 00:01:33,925 - VALO360 - DEBUG - 自動保存已禁用，跳過配置保存
2025-08-16 00:01:33,925 - VALO360 - DEBUG - 自動保存已禁用，跳過配置保存
2025-08-16 00:01:33,925 - VALO360 - DEBUG - 自動保存已禁用，跳過配置保存
2025-08-16 00:01:33,926 - VALO360 - DEBUG - 自動保存已禁用，跳過配置保存
2025-08-16 00:01:33,926 - VALO360 - DEBUG - 自動保存已禁用，跳過配置保存
2025-08-16 00:01:33,926 - VALO360 - DEBUG - 自動保存已禁用，跳過配置保存
2025-08-16 00:01:33,926 - VALO360 - DEBUG - 自動保存已禁用，跳過配置保存
2025-08-16 00:01:33,927 - VALO360 - DEBUG - 自動保存已禁用，跳過配置保存
2025-08-16 00:01:33,927 - VALO360 - DEBUG - 自動保存已禁用，跳過配置保存
2025-08-16 00:01:33,927 - VALO360 - DEBUG - 自動保存已禁用，跳過配置保存
2025-08-16 00:01:33,928 - VALO360 - DEBUG - 自動保存已禁用，跳過配置保存
2025-08-16 00:01:33,928 - VALO360 - DEBUG - 自動保存已禁用，跳過配置保存
2025-08-16 00:01:33,928 - VALO360 - DEBUG - 自動保存已禁用，跳過配置保存
2025-08-16 00:01:33,928 - VALO360 - DEBUG - 自動保存已禁用，跳過配置保存
2025-08-16 00:01:33,929 - VALO360 - DEBUG - 自動保存已禁用，跳過配置保存
2025-08-16 00:01:33,929 - VALO360 - DEBUG - 自動保存已禁用，跳過配置保存
2025-08-16 00:01:33,929 - VALO360 - DEBUG - 自動保存已禁用，跳過配置保存
2025-08-16 00:01:33,930 - VALO360 - DEBUG - 自動保存已禁用，跳過配置保存
2025-08-16 00:01:33,930 - VALO360 - DEBUG - 自動保存已禁用，跳過配置保存
2025-08-16 00:01:33,966 - VALO360 - DEBUG - 自動保存已禁用，跳過配置保存
2025-08-16 00:01:33,966 - VALO360 - DEBUG - 自動保存已禁用，跳過配置保存
2025-08-16 00:01:33,966 - VALO360 - DEBUG - 自動保存已禁用，跳過配置保存
2025-08-16 00:01:33,966 - VALO360 - DEBUG - 自動保存已禁用，跳過配置保存
2025-08-16 00:01:34,075 - VALO360 - DEBUG - 自動保存已禁用，跳過配置保存
2025-08-16 00:01:34,075 - VALO360 - DEBUG - 自動保存已禁用，跳過配置保存
2025-08-16 00:01:34,075 - VALO360 - DEBUG - 自動保存已禁用，跳過配置保存
2025-08-16 00:01:34,076 - VALO360 - DEBUG - 自動保存已禁用，跳過配置保存
2025-08-16 00:01:34,076 - VALO360 - DEBUG - 自動保存已禁用，跳過配置保存
2025-08-16 00:01:34,076 - VALO360 - DEBUG - 自動保存已禁用，跳過配置保存
2025-08-16 00:01:34,076 - VALO360 - DEBUG - 自動保存已禁用，跳過配置保存
2025-08-16 00:01:34,077 - VALO360 - DEBUG - 自動保存已禁用，跳過配置保存
2025-08-16 00:01:34,077 - VALO360 - DEBUG - 自動保存已禁用，跳過配置保存
2025-08-16 00:01:34,077 - VALO360 - DEBUG - 自動保存已禁用，跳過配置保存
2025-08-16 00:01:34,077 - VALO360 - DEBUG - 自動保存已禁用，跳過配置保存
2025-08-16 00:01:34,078 - VALO360 - DEBUG - 自動保存已禁用，跳過配置保存
2025-08-16 00:01:34,078 - VALO360 - DEBUG - 自動保存已禁用，跳過配置保存
2025-08-16 00:01:34,078 - VALO360 - DEBUG - 自動保存已禁用，跳過配置保存
2025-08-16 00:01:34,078 - VALO360 - DEBUG - 自動保存已禁用，跳過配置保存
2025-08-16 00:01:34,078 - VALO360 - DEBUG - 自動保存已禁用，跳過配置保存
2025-08-16 00:01:34,079 - VALO360 - DEBUG - 自動保存已禁用，跳過配置保存
2025-08-16 00:01:34,079 - VALO360 - DEBUG - 自動保存已禁用，跳過配置保存
2025-08-16 00:01:34,079 - VALO360 - DEBUG - 自動保存已禁用，跳過配置保存
2025-08-16 00:01:34,079 - VALO360 - DEBUG - 自動保存已禁用，跳過配置保存
2025-08-16 00:01:34,080 - VALO360 - DEBUG - 自動保存已禁用，跳過配置保存
2025-08-16 00:01:34,080 - VALO360 - DEBUG - 自動保存已禁用，跳過配置保存
2025-08-16 00:01:34,080 - VALO360 - DEBUG - 自動保存已禁用，跳過配置保存
2025-08-16 00:01:34,080 - VALO360 - DEBUG - 自動保存已禁用，跳過配置保存
2025-08-16 00:01:34,081 - VALO360 - DEBUG - 自動保存已禁用，跳過配置保存
2025-08-16 00:01:34,081 - VALO360 - DEBUG - 自動保存已禁用，跳過配置保存
2025-08-16 00:01:34,081 - VALO360 - DEBUG - 自動保存已禁用，跳過配置保存
2025-08-16 00:01:34,081 - VALO360 - DEBUG - 自動保存已禁用，跳過配置保存
2025-08-16 00:01:34,082 - VALO360 - DEBUG - 自動保存已禁用，跳過配置保存
2025-08-16 00:01:34,082 - VALO360 - DEBUG - 自動保存已禁用，跳過配置保存
2025-08-16 00:01:34,083 - VALO360 - DEBUG - 自動保存已禁用，跳過配置保存
2025-08-16 00:01:34,083 - VALO360 - DEBUG - 自動保存已禁用，跳過配置保存
2025-08-16 00:01:34,088 - VALO360 - DEBUG - 自動保存已禁用，跳過配置保存
2025-08-16 00:01:34,089 - VALO360 - DEBUG - 自動保存已禁用，跳過配置保存
2025-08-16 00:01:34,089 - VALO360 - DEBUG - 自動保存已禁用，跳過配置保存
2025-08-16 00:01:34,089 - VALO360 - DEBUG - 自動保存已禁用，跳過配置保存
2025-08-16 00:02:30,021 - VALO360 - DEBUG - 自動保存已禁用，跳過配置保存
2025-08-16 00:02:30,021 - VALO360 - DEBUG - 自動保存已禁用，跳過配置保存
2025-08-16 00:02:30,021 - VALO360 - DEBUG - 自動保存已禁用，跳過配置保存
2025-08-16 00:02:30,022 - VALO360 - DEBUG - 自動保存已禁用，跳過配置保存
2025-08-16 00:02:59,766 - VALO360 - DEBUG - 自動保存已禁用，跳過配置保存
2025-08-16 00:02:59,766 - VALO360 - DEBUG - 自動保存已禁用，跳過配置保存
2025-08-16 00:02:59,766 - VALO360 - DEBUG - 自動保存已禁用，跳過配置保存
2025-08-16 00:02:59,766 - VALO360 - DEBUG - 自動保存已禁用，跳過配置保存
2025-08-16 00:02:59,770 - VALO360 - DEBUG - 自動保存已禁用，跳過配置保存
2025-08-16 00:02:59,770 - VALO360 - DEBUG - 自動保存已禁用，跳過配置保存
2025-08-16 00:02:59,771 - VALO360 - DEBUG - 自動保存已禁用，跳過配置保存
2025-08-16 00:02:59,771 - VALO360 - DEBUG - 自動保存已禁用，跳過配置保存
2025-08-16 00:02:59,798 - VALO360 - DEBUG - 自動保存已禁用，跳過配置保存
2025-08-16 00:02:59,798 - VALO360 - DEBUG - 自動保存已禁用，跳過配置保存
2025-08-16 00:02:59,798 - VALO360 - DEBUG - 自動保存已禁用，跳過配置保存
2025-08-16 00:02:59,799 - VALO360 - DEBUG - 自動保存已禁用，跳過配置保存
2025-08-16 00:02:59,802 - VALO360 - DEBUG - 自動保存已禁用，跳過配置保存
2025-08-16 00:02:59,802 - VALO360 - DEBUG - 自動保存已禁用，跳過配置保存
2025-08-16 00:02:59,802 - VALO360 - DEBUG - 自動保存已禁用，跳過配置保存
2025-08-16 00:02:59,803 - VALO360 - DEBUG - 自動保存已禁用，跳過配置保存
2025-08-16 00:02:59,804 - VALO360 - DEBUG - 自動保存已禁用，跳過配置保存
2025-08-16 00:02:59,804 - VALO360 - DEBUG - 自動保存已禁用，跳過配置保存
2025-08-16 00:02:59,804 - VALO360 - DEBUG - 自動保存已禁用，跳過配置保存
2025-08-16 00:02:59,804 - VALO360 - DEBUG - 自動保存已禁用，跳過配置保存
2025-08-16 00:02:59,805 - VALO360 - DEBUG - 自動保存已禁用，跳過配置保存
2025-08-16 00:02:59,805 - VALO360 - DEBUG - 自動保存已禁用，跳過配置保存
2025-08-16 00:02:59,806 - VALO360 - DEBUG - 自動保存已禁用，跳過配置保存
2025-08-16 00:02:59,806 - VALO360 - DEBUG - 自動保存已禁用，跳過配置保存
2025-08-16 00:02:59,807 - VALO360 - DEBUG - 自動保存已禁用，跳過配置保存
2025-08-16 00:02:59,807 - VALO360 - DEBUG - 自動保存已禁用，跳過配置保存
2025-08-16 00:02:59,807 - VALO360 - DEBUG - 自動保存已禁用，跳過配置保存
2025-08-16 00:02:59,807 - VALO360 - DEBUG - 自動保存已禁用，跳過配置保存
2025-08-16 00:02:59,809 - VALO360 - DEBUG - 自動保存已禁用，跳過配置保存
2025-08-16 00:02:59,810 - VALO360 - DEBUG - 自動保存已禁用，跳過配置保存
2025-08-16 00:02:59,810 - VALO360 - DEBUG - 自動保存已禁用，跳過配置保存
2025-08-16 00:02:59,810 - VALO360 - DEBUG - 自動保存已禁用，跳過配置保存
2025-08-16 00:02:59,813 - VALO360 - DEBUG - 自動保存已禁用，跳過配置保存
2025-08-16 00:02:59,813 - VALO360 - DEBUG - 自動保存已禁用，跳過配置保存
2025-08-16 00:02:59,813 - VALO360 - DEBUG - 自動保存已禁用，跳過配置保存
2025-08-16 00:02:59,813 - VALO360 - DEBUG - 自動保存已禁用，跳過配置保存
2025-08-16 00:02:59,814 - VALO360 - DEBUG - 自動保存已禁用，跳過配置保存
2025-08-16 00:02:59,814 - VALO360 - DEBUG - 自動保存已禁用，跳過配置保存
2025-08-16 00:02:59,814 - VALO360 - DEBUG - 自動保存已禁用，跳過配置保存
2025-08-16 00:02:59,815 - VALO360 - DEBUG - 自動保存已禁用，跳過配置保存
2025-08-16 00:02:59,815 - VALO360 - DEBUG - 自動保存已禁用，跳過配置保存
2025-08-16 00:02:59,815 - VALO360 - DEBUG - 自動保存已禁用，跳過配置保存
2025-08-16 00:02:59,816 - VALO360 - DEBUG - 自動保存已禁用，跳過配置保存
2025-08-16 00:02:59,816 - VALO360 - DEBUG - 自動保存已禁用，跳過配置保存
2025-08-16 00:02:59,817 - VALO360 - DEBUG - 自動保存已禁用，跳過配置保存
2025-08-16 00:02:59,817 - VALO360 - DEBUG - 自動保存已禁用，跳過配置保存
2025-08-16 00:02:59,817 - VALO360 - DEBUG - 自動保存已禁用，跳過配置保存
2025-08-16 00:02:59,817 - VALO360 - DEBUG - 自動保存已禁用，跳過配置保存
2025-08-16 00:02:59,819 - VALO360 - DEBUG - 自動保存已禁用，跳過配置保存
2025-08-16 00:02:59,820 - VALO360 - DEBUG - 自動保存已禁用，跳過配置保存
2025-08-16 00:02:59,820 - VALO360 - DEBUG - 自動保存已禁用，跳過配置保存
2025-08-16 00:02:59,820 - VALO360 - DEBUG - 自動保存已禁用，跳過配置保存
2025-08-16 00:02:59,823 - VALO360 - DEBUG - 自動保存已禁用，跳過配置保存
2025-08-16 00:02:59,823 - VALO360 - DEBUG - 自動保存已禁用，跳過配置保存
2025-08-16 00:02:59,823 - VALO360 - DEBUG - 自動保存已禁用，跳過配置保存
2025-08-16 00:02:59,823 - VALO360 - DEBUG - 自動保存已禁用，跳過配置保存
2025-08-16 00:02:59,825 - VALO360 - DEBUG - 自動保存已禁用，跳過配置保存
2025-08-16 00:02:59,826 - VALO360 - DEBUG - 自動保存已禁用，跳過配置保存
2025-08-16 00:02:59,826 - VALO360 - DEBUG - 自動保存已禁用，跳過配置保存
2025-08-16 00:02:59,826 - VALO360 - DEBUG - 自動保存已禁用，跳過配置保存
2025-08-16 00:02:59,826 - VALO360 - DEBUG - 自動保存已禁用，跳過配置保存
2025-08-16 00:02:59,827 - VALO360 - DEBUG - 自動保存已禁用，跳過配置保存
2025-08-16 00:02:59,827 - VALO360 - DEBUG - 自動保存已禁用，跳過配置保存
2025-08-16 00:02:59,827 - VALO360 - DEBUG - 自動保存已禁用，跳過配置保存
2025-08-16 00:02:59,828 - VALO360 - DEBUG - 自動保存已禁用，跳過配置保存
2025-08-16 00:02:59,828 - VALO360 - DEBUG - 自動保存已禁用，跳過配置保存
2025-08-16 00:02:59,828 - VALO360 - DEBUG - 自動保存已禁用，跳過配置保存
2025-08-16 00:02:59,828 - VALO360 - DEBUG - 自動保存已禁用，跳過配置保存
2025-08-16 00:02:59,829 - VALO360 - DEBUG - 自動保存已禁用，跳過配置保存
2025-08-16 00:02:59,829 - VALO360 - DEBUG - 自動保存已禁用，跳過配置保存
2025-08-16 00:02:59,830 - VALO360 - DEBUG - 自動保存已禁用，跳過配置保存
2025-08-16 00:02:59,830 - VALO360 - DEBUG - 自動保存已禁用，跳過配置保存
2025-08-16 00:02:59,831 - VALO360 - DEBUG - 自動保存已禁用，跳過配置保存
2025-08-16 00:02:59,832 - VALO360 - DEBUG - 自動保存已禁用，跳過配置保存
2025-08-16 00:02:59,832 - VALO360 - DEBUG - 自動保存已禁用，跳過配置保存
2025-08-16 00:02:59,832 - VALO360 - DEBUG - 自動保存已禁用，跳過配置保存
2025-08-16 00:02:59,833 - VALO360 - DEBUG - 自動保存已禁用，跳過配置保存
2025-08-16 00:02:59,833 - VALO360 - DEBUG - 自動保存已禁用，跳過配置保存
2025-08-16 00:02:59,833 - VALO360 - DEBUG - 自動保存已禁用，跳過配置保存
2025-08-16 00:02:59,833 - VALO360 - DEBUG - 自動保存已禁用，跳過配置保存
2025-08-16 00:02:59,834 - VALO360 - DEBUG - 自動保存已禁用，跳過配置保存
2025-08-16 00:02:59,835 - VALO360 - DEBUG - 自動保存已禁用，跳過配置保存
2025-08-16 00:02:59,835 - VALO360 - DEBUG - 自動保存已禁用，跳過配置保存
2025-08-16 00:02:59,835 - VALO360 - DEBUG - 自動保存已禁用，跳過配置保存
2025-08-16 00:02:59,836 - VALO360 - DEBUG - 自動保存已禁用，跳過配置保存
2025-08-16 00:02:59,836 - VALO360 - DEBUG - 自動保存已禁用，跳過配置保存
2025-08-16 00:02:59,836 - VALO360 - DEBUG - 自動保存已禁用，跳過配置保存
2025-08-16 00:02:59,836 - VALO360 - DEBUG - 自動保存已禁用，跳過配置保存
2025-08-16 00:02:59,837 - VALO360 - DEBUG - 自動保存已禁用，跳過配置保存
2025-08-16 00:02:59,838 - VALO360 - DEBUG - 自動保存已禁用，跳過配置保存
2025-08-16 00:02:59,838 - VALO360 - DEBUG - 自動保存已禁用，跳過配置保存
2025-08-16 00:02:59,838 - VALO360 - DEBUG - 自動保存已禁用，跳過配置保存
2025-08-16 00:02:59,840 - VALO360 - DEBUG - 自動保存已禁用，跳過配置保存
2025-08-16 00:02:59,840 - VALO360 - DEBUG - 自動保存已禁用，跳過配置保存
2025-08-16 00:02:59,840 - VALO360 - DEBUG - 自動保存已禁用，跳過配置保存
2025-08-16 00:02:59,841 - VALO360 - DEBUG - 自動保存已禁用，跳過配置保存
2025-08-16 00:02:59,842 - VALO360 - DEBUG - 自動保存已禁用，跳過配置保存
2025-08-16 00:02:59,842 - VALO360 - DEBUG - 自動保存已禁用，跳過配置保存
2025-08-16 00:02:59,843 - VALO360 - DEBUG - 自動保存已禁用，跳過配置保存
2025-08-16 00:02:59,843 - VALO360 - DEBUG - 自動保存已禁用，跳過配置保存
2025-08-16 00:02:59,843 - VALO360 - DEBUG - 自動保存已禁用，跳過配置保存
2025-08-16 00:02:59,843 - VALO360 - DEBUG - 自動保存已禁用，跳過配置保存
2025-08-16 00:02:59,843 - VALO360 - DEBUG - 自動保存已禁用，跳過配置保存
2025-08-16 00:02:59,844 - VALO360 - DEBUG - 自動保存已禁用，跳過配置保存
2025-08-16 00:02:59,844 - VALO360 - DEBUG - 自動保存已禁用，跳過配置保存
2025-08-16 00:02:59,845 - VALO360 - DEBUG - 自動保存已禁用，跳過配置保存
2025-08-16 00:02:59,845 - VALO360 - DEBUG - 自動保存已禁用，跳過配置保存
2025-08-16 00:02:59,845 - VALO360 - DEBUG - 自動保存已禁用，跳過配置保存
2025-08-16 00:02:59,847 - VALO360 - DEBUG - 自動保存已禁用，跳過配置保存
2025-08-16 00:02:59,847 - VALO360 - DEBUG - 自動保存已禁用，跳過配置保存
2025-08-16 00:02:59,847 - VALO360 - DEBUG - 自動保存已禁用，跳過配置保存
2025-08-16 00:02:59,847 - VALO360 - DEBUG - 自動保存已禁用，跳過配置保存
2025-08-16 00:02:59,848 - VALO360 - DEBUG - 自動保存已禁用，跳過配置保存
2025-08-16 00:02:59,848 - VALO360 - DEBUG - 自動保存已禁用，跳過配置保存
2025-08-16 00:02:59,849 - VALO360 - DEBUG - 自動保存已禁用，跳過配置保存
2025-08-16 00:02:59,849 - VALO360 - DEBUG - 自動保存已禁用，跳過配置保存
2025-08-16 00:02:59,855 - VALO360 - DEBUG - 自動保存已禁用，跳過配置保存
2025-08-16 00:02:59,855 - VALO360 - DEBUG - 自動保存已禁用，跳過配置保存
2025-08-16 00:02:59,855 - VALO360 - DEBUG - 自動保存已禁用，跳過配置保存
2025-08-16 00:02:59,855 - VALO360 - DEBUG - 自動保存已禁用，跳過配置保存
2025-08-16 00:02:59,856 - VALO360 - DEBUG - 自動保存已禁用，跳過配置保存
2025-08-16 00:02:59,856 - VALO360 - DEBUG - 自動保存已禁用，跳過配置保存
2025-08-16 00:02:59,856 - VALO360 - DEBUG - 自動保存已禁用，跳過配置保存
2025-08-16 00:02:59,857 - VALO360 - DEBUG - 自動保存已禁用，跳過配置保存
2025-08-16 00:02:59,863 - VALO360 - DEBUG - 自動保存已禁用，跳過配置保存
2025-08-16 00:02:59,863 - VALO360 - DEBUG - 自動保存已禁用，跳過配置保存
2025-08-16 00:02:59,863 - VALO360 - DEBUG - 自動保存已禁用，跳過配置保存
2025-08-16 00:02:59,863 - VALO360 - DEBUG - 自動保存已禁用，跳過配置保存
2025-08-16 00:02:59,865 - VALO360 - DEBUG - 自動保存已禁用，跳過配置保存
2025-08-16 00:02:59,866 - VALO360 - DEBUG - 自動保存已禁用，跳過配置保存
2025-08-16 00:02:59,866 - VALO360 - DEBUG - 自動保存已禁用，跳過配置保存
2025-08-16 00:02:59,866 - VALO360 - DEBUG - 自動保存已禁用，跳過配置保存
2025-08-16 00:02:59,867 - VALO360 - DEBUG - 自動保存已禁用，跳過配置保存
2025-08-16 00:02:59,867 - VALO360 - DEBUG - 自動保存已禁用，跳過配置保存
2025-08-16 00:02:59,867 - VALO360 - DEBUG - 自動保存已禁用，跳過配置保存
2025-08-16 00:02:59,867 - VALO360 - DEBUG - 自動保存已禁用，跳過配置保存
2025-08-16 00:02:59,869 - VALO360 - DEBUG - 自動保存已禁用，跳過配置保存
2025-08-16 00:02:59,870 - VALO360 - DEBUG - 自動保存已禁用，跳過配置保存
2025-08-16 00:02:59,870 - VALO360 - DEBUG - 自動保存已禁用，跳過配置保存
2025-08-16 00:02:59,870 - VALO360 - DEBUG - 自動保存已禁用，跳過配置保存
2025-08-16 00:02:59,871 - VALO360 - DEBUG - 自動保存已禁用，跳過配置保存
2025-08-16 00:02:59,871 - VALO360 - DEBUG - 自動保存已禁用，跳過配置保存
2025-08-16 00:02:59,871 - VALO360 - DEBUG - 自動保存已禁用，跳過配置保存
2025-08-16 00:02:59,871 - VALO360 - DEBUG - 自動保存已禁用，跳過配置保存
2025-08-16 00:02:59,873 - VALO360 - DEBUG - 自動保存已禁用，跳過配置保存
2025-08-16 00:02:59,873 - VALO360 - DEBUG - 自動保存已禁用，跳過配置保存
2025-08-16 00:02:59,873 - VALO360 - DEBUG - 自動保存已禁用，跳過配置保存
2025-08-16 00:02:59,873 - VALO360 - DEBUG - 自動保存已禁用，跳過配置保存
2025-08-16 00:02:59,874 - VALO360 - DEBUG - 自動保存已禁用，跳過配置保存
2025-08-16 00:02:59,874 - VALO360 - DEBUG - 自動保存已禁用，跳過配置保存
2025-08-16 00:02:59,874 - VALO360 - DEBUG - 自動保存已禁用，跳過配置保存
2025-08-16 00:02:59,875 - VALO360 - DEBUG - 自動保存已禁用，跳過配置保存
2025-08-16 00:02:59,876 - VALO360 - DEBUG - 自動保存已禁用，跳過配置保存
2025-08-16 00:02:59,876 - VALO360 - DEBUG - 自動保存已禁用，跳過配置保存
2025-08-16 00:02:59,876 - VALO360 - DEBUG - 自動保存已禁用，跳過配置保存
2025-08-16 00:02:59,876 - VALO360 - DEBUG - 自動保存已禁用，跳過配置保存
2025-08-16 00:02:59,880 - VALO360 - DEBUG - 自動保存已禁用，跳過配置保存
2025-08-16 00:02:59,881 - VALO360 - DEBUG - 自動保存已禁用，跳過配置保存
2025-08-16 00:02:59,881 - VALO360 - DEBUG - 自動保存已禁用，跳過配置保存
2025-08-16 00:02:59,881 - VALO360 - DEBUG - 自動保存已禁用，跳過配置保存
2025-08-16 00:02:59,882 - VALO360 - DEBUG - 自動保存已禁用，跳過配置保存
2025-08-16 00:02:59,882 - VALO360 - DEBUG - 自動保存已禁用，跳過配置保存
2025-08-16 00:02:59,882 - VALO360 - DEBUG - 自動保存已禁用，跳過配置保存
2025-08-16 00:02:59,882 - VALO360 - DEBUG - 自動保存已禁用，跳過配置保存
2025-08-16 00:02:59,884 - VALO360 - DEBUG - 自動保存已禁用，跳過配置保存
2025-08-16 00:02:59,884 - VALO360 - DEBUG - 自動保存已禁用，跳過配置保存
2025-08-16 00:02:59,884 - VALO360 - DEBUG - 自動保存已禁用，跳過配置保存
2025-08-16 00:02:59,885 - VALO360 - DEBUG - 自動保存已禁用，跳過配置保存
2025-08-16 00:02:59,885 - VALO360 - DEBUG - 自動保存已禁用，跳過配置保存
2025-08-16 00:02:59,885 - VALO360 - DEBUG - 自動保存已禁用，跳過配置保存
2025-08-16 00:02:59,885 - VALO360 - DEBUG - 自動保存已禁用，跳過配置保存
2025-08-16 00:02:59,886 - VALO360 - DEBUG - 自動保存已禁用，跳過配置保存
2025-08-16 00:02:59,887 - VALO360 - DEBUG - 自動保存已禁用，跳過配置保存
2025-08-16 00:02:59,887 - VALO360 - DEBUG - 自動保存已禁用，跳過配置保存
2025-08-16 00:02:59,888 - VALO360 - DEBUG - 自動保存已禁用，跳過配置保存
2025-08-16 00:02:59,888 - VALO360 - DEBUG - 自動保存已禁用，跳過配置保存
2025-08-16 00:02:59,888 - VALO360 - DEBUG - 自動保存已禁用，跳過配置保存
2025-08-16 00:02:59,889 - VALO360 - DEBUG - 自動保存已禁用，跳過配置保存
2025-08-16 00:02:59,889 - VALO360 - DEBUG - 自動保存已禁用，跳過配置保存
2025-08-16 00:02:59,889 - VALO360 - DEBUG - 自動保存已禁用，跳過配置保存
2025-08-16 00:02:59,891 - VALO360 - DEBUG - 自動保存已禁用，跳過配置保存
2025-08-16 00:02:59,891 - VALO360 - DEBUG - 自動保存已禁用，跳過配置保存
2025-08-16 00:02:59,892 - VALO360 - DEBUG - 自動保存已禁用，跳過配置保存
2025-08-16 00:02:59,892 - VALO360 - DEBUG - 自動保存已禁用，跳過配置保存
2025-08-16 00:02:59,892 - VALO360 - DEBUG - 自動保存已禁用，跳過配置保存
2025-08-16 00:02:59,892 - VALO360 - DEBUG - 自動保存已禁用，跳過配置保存
2025-08-16 00:02:59,893 - VALO360 - DEBUG - 自動保存已禁用，跳過配置保存
2025-08-16 00:02:59,893 - VALO360 - DEBUG - 自動保存已禁用，跳過配置保存
2025-08-16 00:02:59,894 - VALO360 - DEBUG - 自動保存已禁用，跳過配置保存
2025-08-16 00:02:59,894 - VALO360 - DEBUG - 自動保存已禁用，跳過配置保存
2025-08-16 00:02:59,895 - VALO360 - DEBUG - 自動保存已禁用，跳過配置保存
2025-08-16 00:02:59,895 - VALO360 - DEBUG - 自動保存已禁用，跳過配置保存
2025-08-16 00:02:59,895 - VALO360 - DEBUG - 自動保存已禁用，跳過配置保存
2025-08-16 00:02:59,895 - VALO360 - DEBUG - 自動保存已禁用，跳過配置保存
2025-08-16 00:02:59,896 - VALO360 - DEBUG - 自動保存已禁用，跳過配置保存
2025-08-16 00:02:59,896 - VALO360 - DEBUG - 自動保存已禁用，跳過配置保存
2025-08-16 00:03:09,037 - VALO360 - DEBUG - 自動保存已禁用，跳過配置保存
2025-08-16 00:03:09,038 - VALO360 - DEBUG - 自動保存已禁用，跳過配置保存
2025-08-16 00:03:09,038 - VALO360 - DEBUG - 自動保存已禁用，跳過配置保存
2025-08-16 00:03:09,038 - VALO360 - DEBUG - 自動保存已禁用，跳過配置保存
2025-08-16 00:03:09,041 - VALO360 - DEBUG - 自動保存已禁用，跳過配置保存
2025-08-16 00:03:09,042 - VALO360 - DEBUG - 自動保存已禁用，跳過配置保存
2025-08-16 00:03:09,042 - VALO360 - DEBUG - 自動保存已禁用，跳過配置保存
2025-08-16 00:03:09,042 - VALO360 - DEBUG - 自動保存已禁用，跳過配置保存
2025-08-16 00:03:09,043 - VALO360 - DEBUG - 自動保存已禁用，跳過配置保存
2025-08-16 00:03:09,043 - VALO360 - DEBUG - 自動保存已禁用，跳過配置保存
2025-08-16 00:03:09,043 - VALO360 - DEBUG - 自動保存已禁用，跳過配置保存
2025-08-16 00:03:09,043 - VALO360 - DEBUG - 自動保存已禁用，跳過配置保存
2025-08-16 00:03:09,044 - VALO360 - DEBUG - 自動保存已禁用，跳過配置保存
2025-08-16 00:03:09,044 - VALO360 - DEBUG - 自動保存已禁用，跳過配置保存
2025-08-16 00:03:09,044 - VALO360 - DEBUG - 自動保存已禁用，跳過配置保存
2025-08-16 00:03:09,044 - VALO360 - DEBUG - 自動保存已禁用，跳過配置保存
2025-08-16 00:03:09,063 - VALO360 - DEBUG - 自動保存已禁用，跳過配置保存
2025-08-16 00:03:09,063 - VALO360 - DEBUG - 自動保存已禁用，跳過配置保存
2025-08-16 00:03:09,064 - VALO360 - DEBUG - 自動保存已禁用，跳過配置保存
2025-08-16 00:03:09,064 - VALO360 - DEBUG - 自動保存已禁用，跳過配置保存
2025-08-16 00:03:09,065 - VALO360 - DEBUG - 自動保存已禁用，跳過配置保存
2025-08-16 00:03:09,065 - VALO360 - DEBUG - 自動保存已禁用，跳過配置保存
2025-08-16 00:03:09,065 - VALO360 - DEBUG - 自動保存已禁用，跳過配置保存
2025-08-16 00:03:09,065 - VALO360 - DEBUG - 自動保存已禁用，跳過配置保存
2025-08-16 00:03:09,066 - VALO360 - DEBUG - 自動保存已禁用，跳過配置保存
2025-08-16 00:03:09,066 - VALO360 - DEBUG - 自動保存已禁用，跳過配置保存
2025-08-16 00:03:09,067 - VALO360 - DEBUG - 自動保存已禁用，跳過配置保存
2025-08-16 00:03:09,067 - VALO360 - DEBUG - 自動保存已禁用，跳過配置保存
2025-08-16 00:03:09,069 - VALO360 - DEBUG - 自動保存已禁用，跳過配置保存
2025-08-16 00:03:09,070 - VALO360 - DEBUG - 自動保存已禁用，跳過配置保存
2025-08-16 00:03:09,070 - VALO360 - DEBUG - 自動保存已禁用，跳過配置保存
2025-08-16 00:03:09,070 - VALO360 - DEBUG - 自動保存已禁用，跳過配置保存
2025-08-16 00:03:09,071 - VALO360 - DEBUG - 自動保存已禁用，跳過配置保存
2025-08-16 00:03:09,071 - VALO360 - DEBUG - 自動保存已禁用，跳過配置保存
2025-08-16 00:03:09,072 - VALO360 - DEBUG - 自動保存已禁用，跳過配置保存
2025-08-16 00:03:09,072 - VALO360 - DEBUG - 自動保存已禁用，跳過配置保存
2025-08-16 00:03:09,072 - VALO360 - DEBUG - 自動保存已禁用，跳過配置保存
2025-08-16 00:03:09,073 - VALO360 - DEBUG - 自動保存已禁用，跳過配置保存
2025-08-16 00:03:09,073 - VALO360 - DEBUG - 自動保存已禁用，跳過配置保存
2025-08-16 00:03:09,073 - VALO360 - DEBUG - 自動保存已禁用，跳過配置保存
2025-08-16 00:03:09,085 - VALO360 - DEBUG - 自動保存已禁用，跳過配置保存
2025-08-16 00:03:09,085 - VALO360 - DEBUG - 自動保存已禁用，跳過配置保存
2025-08-16 00:03:09,085 - VALO360 - DEBUG - 自動保存已禁用，跳過配置保存
2025-08-16 00:03:09,085 - VALO360 - DEBUG - 自動保存已禁用，跳過配置保存
2025-08-16 00:03:09,087 - VALO360 - DEBUG - 自動保存已禁用，跳過配置保存
2025-08-16 00:03:09,088 - VALO360 - DEBUG - 自動保存已禁用，跳過配置保存
2025-08-16 00:03:09,088 - VALO360 - DEBUG - 自動保存已禁用，跳過配置保存
2025-08-16 00:03:09,088 - VALO360 - DEBUG - 自動保存已禁用，跳過配置保存
2025-08-16 00:03:09,089 - VALO360 - DEBUG - 自動保存已禁用，跳過配置保存
2025-08-16 00:03:09,089 - VALO360 - DEBUG - 自動保存已禁用，跳過配置保存
2025-08-16 00:03:09,089 - VALO360 - DEBUG - 自動保存已禁用，跳過配置保存
2025-08-16 00:03:09,089 - VALO360 - DEBUG - 自動保存已禁用，跳過配置保存
2025-08-16 00:03:09,091 - VALO360 - DEBUG - 自動保存已禁用，跳過配置保存
2025-08-16 00:03:09,091 - VALO360 - DEBUG - 自動保存已禁用，跳過配置保存
2025-08-16 00:03:09,091 - VALO360 - DEBUG - 自動保存已禁用，跳過配置保存
2025-08-16 00:03:09,092 - VALO360 - DEBUG - 自動保存已禁用，跳過配置保存
2025-08-16 00:03:09,092 - VALO360 - DEBUG - 自動保存已禁用，跳過配置保存
2025-08-16 00:03:09,092 - VALO360 - DEBUG - 自動保存已禁用，跳過配置保存
2025-08-16 00:03:09,093 - VALO360 - DEBUG - 自動保存已禁用，跳過配置保存
2025-08-16 00:03:09,093 - VALO360 - DEBUG - 自動保存已禁用，跳過配置保存
2025-08-16 00:03:09,094 - VALO360 - DEBUG - 自動保存已禁用，跳過配置保存
2025-08-16 00:03:09,095 - VALO360 - DEBUG - 自動保存已禁用，跳過配置保存
2025-08-16 00:03:09,095 - VALO360 - DEBUG - 自動保存已禁用，跳過配置保存
2025-08-16 00:03:09,095 - VALO360 - DEBUG - 自動保存已禁用，跳過配置保存
2025-08-16 00:03:09,096 - VALO360 - DEBUG - 自動保存已禁用，跳過配置保存
2025-08-16 00:03:09,096 - VALO360 - DEBUG - 自動保存已禁用，跳過配置保存
2025-08-16 00:03:09,096 - VALO360 - DEBUG - 自動保存已禁用，跳過配置保存
2025-08-16 00:03:09,096 - VALO360 - DEBUG - 自動保存已禁用，跳過配置保存
2025-08-16 00:03:09,098 - VALO360 - DEBUG - 自動保存已禁用，跳過配置保存
2025-08-16 00:03:09,098 - VALO360 - DEBUG - 自動保存已禁用，跳過配置保存
2025-08-16 00:03:09,098 - VALO360 - DEBUG - 自動保存已禁用，跳過配置保存
2025-08-16 00:03:09,098 - VALO360 - DEBUG - 自動保存已禁用，跳過配置保存
2025-08-16 00:03:09,099 - VALO360 - DEBUG - 自動保存已禁用，跳過配置保存
2025-08-16 00:03:09,099 - VALO360 - DEBUG - 自動保存已禁用，跳過配置保存
2025-08-16 00:03:09,099 - VALO360 - DEBUG - 自動保存已禁用，跳過配置保存
2025-08-16 00:03:09,099 - VALO360 - DEBUG - 自動保存已禁用，跳過配置保存
2025-08-16 00:03:09,100 - VALO360 - DEBUG - 自動保存已禁用，跳過配置保存
2025-08-16 00:03:09,100 - VALO360 - DEBUG - 自動保存已禁用，跳過配置保存
2025-08-16 00:03:09,101 - VALO360 - DEBUG - 自動保存已禁用，跳過配置保存
2025-08-16 00:03:09,101 - VALO360 - DEBUG - 自動保存已禁用，跳過配置保存
2025-08-16 00:03:09,102 - VALO360 - DEBUG - 自動保存已禁用，跳過配置保存
2025-08-16 00:03:09,102 - VALO360 - DEBUG - 自動保存已禁用，跳過配置保存
2025-08-16 00:03:09,102 - VALO360 - DEBUG - 自動保存已禁用，跳過配置保存
2025-08-16 00:03:09,102 - VALO360 - DEBUG - 自動保存已禁用，跳過配置保存
2025-08-16 00:03:09,103 - VALO360 - DEBUG - 自動保存已禁用，跳過配置保存
2025-08-16 00:03:09,103 - VALO360 - DEBUG - 自動保存已禁用，跳過配置保存
2025-08-16 00:03:09,103 - VALO360 - DEBUG - 自動保存已禁用，跳過配置保存
2025-08-16 00:03:09,104 - VALO360 - DEBUG - 自動保存已禁用，跳過配置保存
2025-08-16 00:03:09,105 - VALO360 - DEBUG - 自動保存已禁用，跳過配置保存
2025-08-16 00:03:09,105 - VALO360 - DEBUG - 自動保存已禁用，跳過配置保存
2025-08-16 00:03:09,106 - VALO360 - DEBUG - 自動保存已禁用，跳過配置保存
2025-08-16 00:03:09,106 - VALO360 - DEBUG - 自動保存已禁用，跳過配置保存
2025-08-16 00:03:09,107 - VALO360 - DEBUG - 自動保存已禁用，跳過配置保存
2025-08-16 00:03:09,107 - VALO360 - DEBUG - 自動保存已禁用，跳過配置保存
2025-08-16 00:03:09,107 - VALO360 - DEBUG - 自動保存已禁用，跳過配置保存
2025-08-16 00:03:09,107 - VALO360 - DEBUG - 自動保存已禁用，跳過配置保存
2025-08-16 00:03:09,108 - VALO360 - DEBUG - 自動保存已禁用，跳過配置保存
2025-08-16 00:03:09,108 - VALO360 - DEBUG - 自動保存已禁用，跳過配置保存
2025-08-16 00:03:09,108 - VALO360 - DEBUG - 自動保存已禁用，跳過配置保存
2025-08-16 00:03:09,109 - VALO360 - DEBUG - 自動保存已禁用，跳過配置保存
2025-08-16 00:03:09,111 - VALO360 - DEBUG - 自動保存已禁用，跳過配置保存
2025-08-16 00:03:09,112 - VALO360 - DEBUG - 自動保存已禁用，跳過配置保存
2025-08-16 00:03:09,112 - VALO360 - DEBUG - 自動保存已禁用，跳過配置保存
2025-08-16 00:03:09,112 - VALO360 - DEBUG - 自動保存已禁用，跳過配置保存
2025-08-16 00:03:09,112 - VALO360 - DEBUG - 自動保存已禁用，跳過配置保存
2025-08-16 00:03:09,113 - VALO360 - DEBUG - 自動保存已禁用，跳過配置保存
2025-08-16 00:03:09,113 - VALO360 - DEBUG - 自動保存已禁用，跳過配置保存
2025-08-16 00:03:09,113 - VALO360 - DEBUG - 自動保存已禁用，跳過配置保存
2025-08-16 00:03:09,115 - VALO360 - DEBUG - 自動保存已禁用，跳過配置保存
2025-08-16 00:03:09,116 - VALO360 - DEBUG - 自動保存已禁用，跳過配置保存
2025-08-16 00:03:09,116 - VALO360 - DEBUG - 自動保存已禁用，跳過配置保存
2025-08-16 00:03:09,116 - VALO360 - DEBUG - 自動保存已禁用，跳過配置保存
2025-08-16 00:03:09,117 - VALO360 - DEBUG - 自動保存已禁用，跳過配置保存
2025-08-16 00:03:09,117 - VALO360 - DEBUG - 自動保存已禁用，跳過配置保存
2025-08-16 00:03:09,117 - VALO360 - DEBUG - 自動保存已禁用，跳過配置保存
2025-08-16 00:03:09,117 - VALO360 - DEBUG - 自動保存已禁用，跳過配置保存
2025-08-16 00:03:09,118 - VALO360 - DEBUG - 自動保存已禁用，跳過配置保存
2025-08-16 00:03:09,118 - VALO360 - DEBUG - 自動保存已禁用，跳過配置保存
2025-08-16 00:03:09,119 - VALO360 - DEBUG - 自動保存已禁用，跳過配置保存
2025-08-16 00:03:09,119 - VALO360 - DEBUG - 自動保存已禁用，跳過配置保存
2025-08-16 00:03:09,120 - VALO360 - DEBUG - 自動保存已禁用，跳過配置保存
2025-08-16 00:03:09,120 - VALO360 - DEBUG - 自動保存已禁用，跳過配置保存
2025-08-16 00:03:09,120 - VALO360 - DEBUG - 自動保存已禁用，跳過配置保存
2025-08-16 00:03:09,120 - VALO360 - DEBUG - 自動保存已禁用，跳過配置保存
2025-08-16 00:03:09,122 - VALO360 - DEBUG - 自動保存已禁用，跳過配置保存
2025-08-16 00:03:09,122 - VALO360 - DEBUG - 自動保存已禁用，跳過配置保存
2025-08-16 00:03:09,122 - VALO360 - DEBUG - 自動保存已禁用，跳過配置保存
2025-08-16 00:03:09,122 - VALO360 - DEBUG - 自動保存已禁用，跳過配置保存
2025-08-16 00:03:09,123 - VALO360 - DEBUG - 自動保存已禁用，跳過配置保存
2025-08-16 00:03:09,123 - VALO360 - DEBUG - 自動保存已禁用，跳過配置保存
2025-08-16 00:03:09,123 - VALO360 - DEBUG - 自動保存已禁用，跳過配置保存
2025-08-16 00:03:09,124 - VALO360 - DEBUG - 自動保存已禁用，跳過配置保存
2025-08-16 00:03:09,132 - VALO360 - DEBUG - 自動保存已禁用，跳過配置保存
2025-08-16 00:03:09,133 - VALO360 - DEBUG - 自動保存已禁用，跳過配置保存
2025-08-16 00:03:09,133 - VALO360 - DEBUG - 自動保存已禁用，跳過配置保存
2025-08-16 00:03:09,133 - VALO360 - DEBUG - 自動保存已禁用，跳過配置保存
2025-08-16 00:03:09,134 - VALO360 - DEBUG - 自動保存已禁用，跳過配置保存
2025-08-16 00:03:09,134 - VALO360 - DEBUG - 自動保存已禁用，跳過配置保存
2025-08-16 00:03:09,134 - VALO360 - DEBUG - 自動保存已禁用，跳過配置保存
2025-08-16 00:03:09,134 - VALO360 - DEBUG - 自動保存已禁用，跳過配置保存
2025-08-16 00:03:13,124 - VALO360 - DEBUG - 自動保存已禁用，跳過配置保存
2025-08-16 00:03:13,124 - VALO360 - DEBUG - 自動保存已禁用，跳過配置保存
2025-08-16 00:03:13,124 - VALO360 - DEBUG - 自動保存已禁用，跳過配置保存
2025-08-16 00:03:13,124 - VALO360 - DEBUG - 自動保存已禁用，跳過配置保存
2025-08-16 00:03:13,128 - VALO360 - DEBUG - 自動保存已禁用，跳過配置保存
2025-08-16 00:03:13,129 - VALO360 - DEBUG - 自動保存已禁用，跳過配置保存
2025-08-16 00:03:13,129 - VALO360 - DEBUG - 自動保存已禁用，跳過配置保存
2025-08-16 00:03:13,129 - VALO360 - DEBUG - 自動保存已禁用，跳過配置保存
2025-08-16 00:03:13,143 - VALO360 - DEBUG - 自動保存已禁用，跳過配置保存
2025-08-16 00:03:13,143 - VALO360 - DEBUG - 自動保存已禁用，跳過配置保存
2025-08-16 00:03:13,143 - VALO360 - DEBUG - 自動保存已禁用，跳過配置保存
2025-08-16 00:03:13,143 - VALO360 - DEBUG - 自動保存已禁用，跳過配置保存
2025-08-16 00:03:13,144 - VALO360 - DEBUG - 自動保存已禁用，跳過配置保存
2025-08-16 00:03:13,145 - VALO360 - DEBUG - 自動保存已禁用，跳過配置保存
2025-08-16 00:03:13,145 - VALO360 - DEBUG - 自動保存已禁用，跳過配置保存
2025-08-16 00:03:13,145 - VALO360 - DEBUG - 自動保存已禁用，跳過配置保存
2025-08-16 00:03:13,146 - VALO360 - DEBUG - 自動保存已禁用，跳過配置保存
2025-08-16 00:03:13,146 - VALO360 - DEBUG - 自動保存已禁用，跳過配置保存
2025-08-16 00:03:13,146 - VALO360 - DEBUG - 自動保存已禁用，跳過配置保存
2025-08-16 00:03:13,146 - VALO360 - DEBUG - 自動保存已禁用，跳過配置保存
2025-08-16 00:03:13,147 - VALO360 - DEBUG - 自動保存已禁用，跳過配置保存
2025-08-16 00:03:13,147 - VALO360 - DEBUG - 自動保存已禁用，跳過配置保存
2025-08-16 00:03:13,147 - VALO360 - DEBUG - 自動保存已禁用，跳過配置保存
2025-08-16 00:03:13,148 - VALO360 - DEBUG - 自動保存已禁用，跳過配置保存
2025-08-16 00:03:13,149 - VALO360 - DEBUG - 自動保存已禁用，跳過配置保存
2025-08-16 00:03:13,149 - VALO360 - DEBUG - 自動保存已禁用，跳過配置保存
2025-08-16 00:03:13,150 - VALO360 - DEBUG - 自動保存已禁用，跳過配置保存
2025-08-16 00:03:13,150 - VALO360 - DEBUG - 自動保存已禁用，跳過配置保存
2025-08-16 00:03:13,152 - VALO360 - DEBUG - 自動保存已禁用，跳過配置保存
2025-08-16 00:03:13,152 - VALO360 - DEBUG - 自動保存已禁用，跳過配置保存
2025-08-16 00:03:13,152 - VALO360 - DEBUG - 自動保存已禁用，跳過配置保存
2025-08-16 00:03:13,153 - VALO360 - DEBUG - 自動保存已禁用，跳過配置保存
2025-08-16 00:03:13,153 - VALO360 - DEBUG - 自動保存已禁用，跳過配置保存
2025-08-16 00:03:13,154 - VALO360 - DEBUG - 自動保存已禁用，跳過配置保存
2025-08-16 00:03:13,154 - VALO360 - DEBUG - 自動保存已禁用，跳過配置保存
2025-08-16 00:03:13,154 - VALO360 - DEBUG - 自動保存已禁用，跳過配置保存
2025-08-16 00:03:13,155 - VALO360 - DEBUG - 自動保存已禁用，跳過配置保存
2025-08-16 00:03:13,155 - VALO360 - DEBUG - 自動保存已禁用，跳過配置保存
2025-08-16 00:03:13,155 - VALO360 - DEBUG - 自動保存已禁用，跳過配置保存
2025-08-16 00:03:13,156 - VALO360 - DEBUG - 自動保存已禁用，跳過配置保存
2025-08-16 00:03:13,156 - VALO360 - DEBUG - 自動保存已禁用，跳過配置保存
2025-08-16 00:03:13,157 - VALO360 - DEBUG - 自動保存已禁用，跳過配置保存
2025-08-16 00:03:13,157 - VALO360 - DEBUG - 自動保存已禁用，跳過配置保存
2025-08-16 00:03:13,157 - VALO360 - DEBUG - 自動保存已禁用，跳過配置保存
2025-08-16 00:03:13,159 - VALO360 - DEBUG - 自動保存已禁用，跳過配置保存
2025-08-16 00:03:13,159 - VALO360 - DEBUG - 自動保存已禁用，跳過配置保存
2025-08-16 00:03:13,159 - VALO360 - DEBUG - 自動保存已禁用，跳過配置保存
2025-08-16 00:03:13,159 - VALO360 - DEBUG - 自動保存已禁用，跳過配置保存
2025-08-16 00:03:13,160 - VALO360 - DEBUG - 自動保存已禁用，跳過配置保存
2025-08-16 00:03:13,160 - VALO360 - DEBUG - 自動保存已禁用，跳過配置保存
2025-08-16 00:03:13,160 - VALO360 - DEBUG - 自動保存已禁用，跳過配置保存
2025-08-16 00:03:13,161 - VALO360 - DEBUG - 自動保存已禁用，跳過配置保存
2025-08-16 00:03:13,164 - VALO360 - DEBUG - 自動保存已禁用，跳過配置保存
2025-08-16 00:03:13,164 - VALO360 - DEBUG - 自動保存已禁用，跳過配置保存
2025-08-16 00:03:13,164 - VALO360 - DEBUG - 自動保存已禁用，跳過配置保存
2025-08-16 00:03:13,164 - VALO360 - DEBUG - 自動保存已禁用，跳過配置保存
2025-08-16 00:03:13,168 - VALO360 - DEBUG - 自動保存已禁用，跳過配置保存
2025-08-16 00:03:13,168 - VALO360 - DEBUG - 自動保存已禁用，跳過配置保存
2025-08-16 00:03:13,168 - VALO360 - DEBUG - 自動保存已禁用，跳過配置保存
2025-08-16 00:03:13,169 - VALO360 - DEBUG - 自動保存已禁用，跳過配置保存
2025-08-16 00:03:13,170 - VALO360 - DEBUG - 自動保存已禁用，跳過配置保存
2025-08-16 00:03:13,170 - VALO360 - DEBUG - 自動保存已禁用，跳過配置保存
2025-08-16 00:03:13,170 - VALO360 - DEBUG - 自動保存已禁用，跳過配置保存
2025-08-16 00:03:13,170 - VALO360 - DEBUG - 自動保存已禁用，跳過配置保存
2025-08-16 00:03:15,113 - VALO360 - DEBUG - 自動保存已禁用，跳過配置保存
2025-08-16 00:03:15,114 - VALO360 - DEBUG - 自動保存已禁用，跳過配置保存
2025-08-16 00:03:15,114 - VALO360 - DEBUG - 自動保存已禁用，跳過配置保存
2025-08-16 00:03:15,114 - VALO360 - DEBUG - 自動保存已禁用，跳過配置保存
2025-08-16 00:03:15,117 - VALO360 - DEBUG - 自動保存已禁用，跳過配置保存
2025-08-16 00:03:15,117 - VALO360 - DEBUG - 自動保存已禁用，跳過配置保存
2025-08-16 00:03:15,118 - VALO360 - DEBUG - 自動保存已禁用，跳過配置保存
2025-08-16 00:03:15,118 - VALO360 - DEBUG - 自動保存已禁用，跳過配置保存
2025-08-16 00:03:15,128 - VALO360 - DEBUG - 自動保存已禁用，跳過配置保存
2025-08-16 00:03:15,128 - VALO360 - DEBUG - 自動保存已禁用，跳過配置保存
2025-08-16 00:03:15,128 - VALO360 - DEBUG - 自動保存已禁用，跳過配置保存
2025-08-16 00:03:15,129 - VALO360 - DEBUG - 自動保存已禁用，跳過配置保存
2025-08-16 00:03:15,129 - VALO360 - DEBUG - 自動保存已禁用，跳過配置保存
2025-08-16 00:03:15,129 - VALO360 - DEBUG - 自動保存已禁用，跳過配置保存
2025-08-16 00:03:15,129 - VALO360 - DEBUG - 自動保存已禁用，跳過配置保存
2025-08-16 00:03:15,130 - VALO360 - DEBUG - 自動保存已禁用，跳過配置保存
2025-08-16 00:03:15,130 - VALO360 - DEBUG - 自動保存已禁用，跳過配置保存
2025-08-16 00:03:15,130 - VALO360 - DEBUG - 自動保存已禁用，跳過配置保存
2025-08-16 00:03:15,130 - VALO360 - DEBUG - 自動保存已禁用，跳過配置保存
2025-08-16 00:03:15,130 - VALO360 - DEBUG - 自動保存已禁用，跳過配置保存
2025-08-16 00:03:15,145 - VALO360 - DEBUG - 自動保存已禁用，跳過配置保存
2025-08-16 00:03:15,145 - VALO360 - DEBUG - 自動保存已禁用，跳過配置保存
2025-08-16 00:03:15,145 - VALO360 - DEBUG - 自動保存已禁用，跳過配置保存
2025-08-16 00:03:15,146 - VALO360 - DEBUG - 自動保存已禁用，跳過配置保存
2025-08-16 00:03:15,147 - VALO360 - DEBUG - 自動保存已禁用，跳過配置保存
2025-08-16 00:03:15,148 - VALO360 - DEBUG - 自動保存已禁用，跳過配置保存
2025-08-16 00:03:15,148 - VALO360 - DEBUG - 自動保存已禁用，跳過配置保存
2025-08-16 00:03:15,148 - VALO360 - DEBUG - 自動保存已禁用，跳過配置保存
2025-08-16 00:03:15,171 - VALO360 - DEBUG - 自動保存已禁用，跳過配置保存
2025-08-16 00:03:15,171 - VALO360 - DEBUG - 自動保存已禁用，跳過配置保存
2025-08-16 00:03:15,171 - VALO360 - DEBUG - 自動保存已禁用，跳過配置保存
2025-08-16 00:03:15,172 - VALO360 - DEBUG - 自動保存已禁用，跳過配置保存
2025-08-16 00:03:15,172 - VALO360 - DEBUG - 自動保存已禁用，跳過配置保存
2025-08-16 00:03:15,172 - VALO360 - DEBUG - 自動保存已禁用，跳過配置保存
2025-08-16 00:03:15,173 - VALO360 - DEBUG - 自動保存已禁用，跳過配置保存
2025-08-16 00:03:15,173 - VALO360 - DEBUG - 自動保存已禁用，跳過配置保存
2025-08-16 00:03:15,179 - VALO360 - DEBUG - 自動保存已禁用，跳過配置保存
2025-08-16 00:03:15,179 - VALO360 - DEBUG - 自動保存已禁用，跳過配置保存
2025-08-16 00:03:15,180 - VALO360 - DEBUG - 自動保存已禁用，跳過配置保存
2025-08-16 00:03:15,180 - VALO360 - DEBUG - 自動保存已禁用，跳過配置保存
2025-08-16 00:03:15,181 - VALO360 - DEBUG - 自動保存已禁用，跳過配置保存
2025-08-16 00:03:15,181 - VALO360 - DEBUG - 自動保存已禁用，跳過配置保存
2025-08-16 00:03:15,181 - VALO360 - DEBUG - 自動保存已禁用，跳過配置保存
2025-08-16 00:03:15,181 - VALO360 - DEBUG - 自動保存已禁用，跳過配置保存
2025-08-16 00:03:15,183 - VALO360 - DEBUG - 自動保存已禁用，跳過配置保存
2025-08-16 00:03:15,183 - VALO360 - DEBUG - 自動保存已禁用，跳過配置保存
2025-08-16 00:03:15,183 - VALO360 - DEBUG - 自動保存已禁用，跳過配置保存
2025-08-16 00:03:15,183 - VALO360 - DEBUG - 自動保存已禁用，跳過配置保存
2025-08-16 00:03:15,184 - VALO360 - DEBUG - 自動保存已禁用，跳過配置保存
2025-08-16 00:03:15,184 - VALO360 - DEBUG - 自動保存已禁用，跳過配置保存
2025-08-16 00:03:15,185 - VALO360 - DEBUG - 自動保存已禁用，跳過配置保存
2025-08-16 00:03:15,185 - VALO360 - DEBUG - 自動保存已禁用，跳過配置保存
2025-08-16 00:03:15,186 - VALO360 - DEBUG - 自動保存已禁用，跳過配置保存
2025-08-16 00:03:15,186 - VALO360 - DEBUG - 自動保存已禁用，跳過配置保存
2025-08-16 00:03:15,186 - VALO360 - DEBUG - 自動保存已禁用，跳過配置保存
2025-08-16 00:03:15,186 - VALO360 - DEBUG - 自動保存已禁用，跳過配置保存
2025-08-16 00:03:15,187 - VALO360 - DEBUG - 自動保存已禁用，跳過配置保存
2025-08-16 00:03:15,187 - VALO360 - DEBUG - 自動保存已禁用，跳過配置保存
2025-08-16 00:03:15,187 - VALO360 - DEBUG - 自動保存已禁用，跳過配置保存
2025-08-16 00:03:15,188 - VALO360 - DEBUG - 自動保存已禁用，跳過配置保存
2025-08-16 00:03:15,190 - VALO360 - DEBUG - 自動保存已禁用，跳過配置保存
2025-08-16 00:03:15,190 - VALO360 - DEBUG - 自動保存已禁用，跳過配置保存
2025-08-16 00:03:15,190 - VALO360 - DEBUG - 自動保存已禁用，跳過配置保存
2025-08-16 00:03:15,190 - VALO360 - DEBUG - 自動保存已禁用，跳過配置保存
2025-08-16 00:03:15,191 - VALO360 - DEBUG - 自動保存已禁用，跳過配置保存
2025-08-16 00:03:15,191 - VALO360 - DEBUG - 自動保存已禁用，跳過配置保存
2025-08-16 00:03:15,192 - VALO360 - DEBUG - 自動保存已禁用，跳過配置保存
2025-08-16 00:03:15,192 - VALO360 - DEBUG - 自動保存已禁用，跳過配置保存
2025-08-16 00:03:15,193 - VALO360 - DEBUG - 自動保存已禁用，跳過配置保存
2025-08-16 00:03:15,193 - VALO360 - DEBUG - 自動保存已禁用，跳過配置保存
2025-08-16 00:03:15,193 - VALO360 - DEBUG - 自動保存已禁用，跳過配置保存
2025-08-16 00:03:15,193 - VALO360 - DEBUG - 自動保存已禁用，跳過配置保存
2025-08-16 00:03:15,194 - VALO360 - DEBUG - 自動保存已禁用，跳過配置保存
2025-08-16 00:03:15,194 - VALO360 - DEBUG - 自動保存已禁用，跳過配置保存
2025-08-16 00:03:15,195 - VALO360 - DEBUG - 自動保存已禁用，跳過配置保存
2025-08-16 00:03:15,195 - VALO360 - DEBUG - 自動保存已禁用，跳過配置保存
2025-08-16 00:03:15,196 - VALO360 - DEBUG - 自動保存已禁用，跳過配置保存
2025-08-16 00:03:15,196 - VALO360 - DEBUG - 自動保存已禁用，跳過配置保存
2025-08-16 00:03:15,196 - VALO360 - DEBUG - 自動保存已禁用，跳過配置保存
2025-08-16 00:03:15,196 - VALO360 - DEBUG - 自動保存已禁用，跳過配置保存
2025-08-16 00:03:15,197 - VALO360 - DEBUG - 自動保存已禁用，跳過配置保存
2025-08-16 00:03:15,198 - VALO360 - DEBUG - 自動保存已禁用，跳過配置保存
2025-08-16 00:03:15,198 - VALO360 - DEBUG - 自動保存已禁用，跳過配置保存
2025-08-16 00:03:15,198 - VALO360 - DEBUG - 自動保存已禁用，跳過配置保存
2025-08-16 00:03:15,201 - VALO360 - DEBUG - 自動保存已禁用，跳過配置保存
2025-08-16 00:03:15,201 - VALO360 - DEBUG - 自動保存已禁用，跳過配置保存
2025-08-16 00:03:15,201 - VALO360 - DEBUG - 自動保存已禁用，跳過配置保存
2025-08-16 00:03:15,201 - VALO360 - DEBUG - 自動保存已禁用，跳過配置保存
2025-08-16 00:03:15,202 - VALO360 - DEBUG - 自動保存已禁用，跳過配置保存
2025-08-16 00:03:15,203 - VALO360 - DEBUG - 自動保存已禁用，跳過配置保存
2025-08-16 00:03:15,203 - VALO360 - DEBUG - 自動保存已禁用，跳過配置保存
2025-08-16 00:03:15,203 - VALO360 - DEBUG - 自動保存已禁用，跳過配置保存
2025-08-16 00:03:15,204 - VALO360 - DEBUG - 自動保存已禁用，跳過配置保存
2025-08-16 00:03:15,205 - VALO360 - DEBUG - 自動保存已禁用，跳過配置保存
2025-08-16 00:03:15,205 - VALO360 - DEBUG - 自動保存已禁用，跳過配置保存
2025-08-16 00:03:15,205 - VALO360 - DEBUG - 自動保存已禁用，跳過配置保存
2025-08-16 00:03:15,206 - VALO360 - DEBUG - 自動保存已禁用，跳過配置保存
2025-08-16 00:03:15,206 - VALO360 - DEBUG - 自動保存已禁用，跳過配置保存
2025-08-16 00:03:15,206 - VALO360 - DEBUG - 自動保存已禁用，跳過配置保存
2025-08-16 00:03:15,207 - VALO360 - DEBUG - 自動保存已禁用，跳過配置保存
2025-08-16 00:03:15,208 - VALO360 - DEBUG - 自動保存已禁用，跳過配置保存
2025-08-16 00:03:15,208 - VALO360 - DEBUG - 自動保存已禁用，跳過配置保存
2025-08-16 00:03:15,208 - VALO360 - DEBUG - 自動保存已禁用，跳過配置保存
2025-08-16 00:03:15,208 - VALO360 - DEBUG - 自動保存已禁用，跳過配置保存
2025-08-16 00:03:15,210 - VALO360 - DEBUG - 自動保存已禁用，跳過配置保存
2025-08-16 00:03:15,210 - VALO360 - DEBUG - 自動保存已禁用，跳過配置保存
2025-08-16 00:03:15,210 - VALO360 - DEBUG - 自動保存已禁用，跳過配置保存
2025-08-16 00:03:15,211 - VALO360 - DEBUG - 自動保存已禁用，跳過配置保存
2025-08-16 00:03:15,211 - VALO360 - DEBUG - 自動保存已禁用，跳過配置保存
2025-08-16 00:03:15,211 - VALO360 - DEBUG - 自動保存已禁用，跳過配置保存
2025-08-16 00:03:15,212 - VALO360 - DEBUG - 自動保存已禁用，跳過配置保存
2025-08-16 00:03:15,212 - VALO360 - DEBUG - 自動保存已禁用，跳過配置保存
2025-08-16 00:03:15,213 - VALO360 - DEBUG - 自動保存已禁用，跳過配置保存
2025-08-16 00:03:15,213 - VALO360 - DEBUG - 自動保存已禁用，跳過配置保存
2025-08-16 00:03:15,213 - VALO360 - DEBUG - 自動保存已禁用，跳過配置保存
2025-08-16 00:03:15,214 - VALO360 - DEBUG - 自動保存已禁用，跳過配置保存
2025-08-16 00:03:15,214 - VALO360 - DEBUG - 自動保存已禁用，跳過配置保存
2025-08-16 00:03:15,215 - VALO360 - DEBUG - 自動保存已禁用，跳過配置保存
2025-08-16 00:03:15,215 - VALO360 - DEBUG - 自動保存已禁用，跳過配置保存
2025-08-16 00:03:15,215 - VALO360 - DEBUG - 自動保存已禁用，跳過配置保存
2025-08-16 00:03:15,216 - VALO360 - DEBUG - 自動保存已禁用，跳過配置保存
2025-08-16 00:03:15,216 - VALO360 - DEBUG - 自動保存已禁用，跳過配置保存
2025-08-16 00:03:15,216 - VALO360 - DEBUG - 自動保存已禁用，跳過配置保存
2025-08-16 00:03:15,216 - VALO360 - DEBUG - 自動保存已禁用，跳過配置保存
2025-08-16 00:03:15,217 - VALO360 - DEBUG - 自動保存已禁用，跳過配置保存
2025-08-16 00:03:15,217 - VALO360 - DEBUG - 自動保存已禁用，跳過配置保存
2025-08-16 00:03:15,218 - VALO360 - DEBUG - 自動保存已禁用，跳過配置保存
2025-08-16 00:03:15,218 - VALO360 - DEBUG - 自動保存已禁用，跳過配置保存
2025-08-16 00:03:15,222 - VALO360 - DEBUG - 自動保存已禁用，跳過配置保存
2025-08-16 00:03:15,222 - VALO360 - DEBUG - 自動保存已禁用，跳過配置保存
2025-08-16 00:03:15,222 - VALO360 - DEBUG - 自動保存已禁用，跳過配置保存
2025-08-16 00:03:15,222 - VALO360 - DEBUG - 自動保存已禁用，跳過配置保存
2025-08-16 00:03:15,223 - VALO360 - DEBUG - 自動保存已禁用，跳過配置保存
2025-08-16 00:03:15,223 - VALO360 - DEBUG - 自動保存已禁用，跳過配置保存
2025-08-16 00:03:15,224 - VALO360 - DEBUG - 自動保存已禁用，跳過配置保存
2025-08-16 00:03:15,224 - VALO360 - DEBUG - 自動保存已禁用，跳過配置保存
2025-08-16 00:03:15,225 - VALO360 - DEBUG - 自動保存已禁用，跳過配置保存
2025-08-16 00:03:15,225 - VALO360 - DEBUG - 自動保存已禁用，跳過配置保存
2025-08-16 00:03:15,225 - VALO360 - DEBUG - 自動保存已禁用，跳過配置保存
2025-08-16 00:03:15,226 - VALO360 - DEBUG - 自動保存已禁用，跳過配置保存
2025-08-16 00:03:15,226 - VALO360 - DEBUG - 自動保存已禁用，跳過配置保存
2025-08-16 00:03:15,227 - VALO360 - DEBUG - 自動保存已禁用，跳過配置保存
2025-08-16 00:03:15,227 - VALO360 - DEBUG - 自動保存已禁用，跳過配置保存
2025-08-16 00:03:15,227 - VALO360 - DEBUG - 自動保存已禁用，跳過配置保存
2025-08-16 00:03:15,228 - VALO360 - DEBUG - 自動保存已禁用，跳過配置保存
2025-08-16 00:03:15,228 - VALO360 - DEBUG - 自動保存已禁用，跳過配置保存
2025-08-16 00:03:15,229 - VALO360 - DEBUG - 自動保存已禁用，跳過配置保存
2025-08-16 00:03:15,229 - VALO360 - DEBUG - 自動保存已禁用，跳過配置保存
2025-08-16 00:03:15,231 - VALO360 - DEBUG - 自動保存已禁用，跳過配置保存
2025-08-16 00:03:15,231 - VALO360 - DEBUG - 自動保存已禁用，跳過配置保存
2025-08-16 00:03:15,231 - VALO360 - DEBUG - 自動保存已禁用，跳過配置保存
2025-08-16 00:03:15,231 - VALO360 - DEBUG - 自動保存已禁用，跳過配置保存
2025-08-16 00:03:15,232 - VALO360 - DEBUG - 自動保存已禁用，跳過配置保存
2025-08-16 00:03:15,233 - VALO360 - DEBUG - 自動保存已禁用，跳過配置保存
2025-08-16 00:03:15,233 - VALO360 - DEBUG - 自動保存已禁用，跳過配置保存
2025-08-16 00:03:15,233 - VALO360 - DEBUG - 自動保存已禁用，跳過配置保存
2025-08-16 00:03:15,242 - VALO360 - DEBUG - 自動保存已禁用，跳過配置保存
2025-08-16 00:03:15,242 - VALO360 - DEBUG - 自動保存已禁用，跳過配置保存
2025-08-16 00:03:15,242 - VALO360 - DEBUG - 自動保存已禁用，跳過配置保存
2025-08-16 00:03:15,242 - VALO360 - DEBUG - 自動保存已禁用，跳過配置保存
2025-08-16 00:03:15,243 - VALO360 - DEBUG - 自動保存已禁用，跳過配置保存
2025-08-16 00:03:15,243 - VALO360 - DEBUG - 自動保存已禁用，跳過配置保存
2025-08-16 00:03:15,244 - VALO360 - DEBUG - 自動保存已禁用，跳過配置保存
2025-08-16 00:03:15,244 - VALO360 - DEBUG - 自動保存已禁用，跳過配置保存
2025-08-16 00:03:15,245 - VALO360 - DEBUG - 自動保存已禁用，跳過配置保存
2025-08-16 00:03:15,245 - VALO360 - DEBUG - 自動保存已禁用，跳過配置保存
2025-08-16 00:03:15,245 - VALO360 - DEBUG - 自動保存已禁用，跳過配置保存
2025-08-16 00:03:15,245 - VALO360 - DEBUG - 自動保存已禁用，跳過配置保存
2025-08-16 00:03:15,246 - VALO360 - DEBUG - 自動保存已禁用，跳過配置保存
2025-08-16 00:03:15,246 - VALO360 - DEBUG - 自動保存已禁用，跳過配置保存
2025-08-16 00:03:15,246 - VALO360 - DEBUG - 自動保存已禁用，跳過配置保存
2025-08-16 00:03:15,247 - VALO360 - DEBUG - 自動保存已禁用，跳過配置保存
2025-08-16 00:03:15,248 - VALO360 - DEBUG - 自動保存已禁用，跳過配置保存
2025-08-16 00:03:15,248 - VALO360 - DEBUG - 自動保存已禁用，跳過配置保存
2025-08-16 00:03:15,248 - VALO360 - DEBUG - 自動保存已禁用，跳過配置保存
2025-08-16 00:03:15,248 - VALO360 - DEBUG - 自動保存已禁用，跳過配置保存
2025-08-16 00:03:15,249 - VALO360 - DEBUG - 自動保存已禁用，跳過配置保存
2025-08-16 00:03:15,249 - VALO360 - DEBUG - 自動保存已禁用，跳過配置保存
2025-08-16 00:03:15,249 - VALO360 - DEBUG - 自動保存已禁用，跳過配置保存
2025-08-16 00:03:15,250 - VALO360 - DEBUG - 自動保存已禁用，跳過配置保存
2025-08-16 00:03:15,251 - VALO360 - DEBUG - 自動保存已禁用，跳過配置保存
2025-08-16 00:03:15,251 - VALO360 - DEBUG - 自動保存已禁用，跳過配置保存
2025-08-16 00:03:15,251 - VALO360 - DEBUG - 自動保存已禁用，跳過配置保存
2025-08-16 00:03:15,251 - VALO360 - DEBUG - 自動保存已禁用，跳過配置保存
2025-08-16 00:03:15,252 - VALO360 - DEBUG - 自動保存已禁用，跳過配置保存
2025-08-16 00:03:15,252 - VALO360 - DEBUG - 自動保存已禁用，跳過配置保存
2025-08-16 00:03:15,252 - VALO360 - DEBUG - 自動保存已禁用，跳過配置保存
2025-08-16 00:03:15,252 - VALO360 - DEBUG - 自動保存已禁用，跳過配置保存
2025-08-16 00:03:18,727 - VALO360 - DEBUG - 自動保存已禁用，跳過配置保存
2025-08-16 00:03:18,728 - VALO360 - DEBUG - 自動保存已禁用，跳過配置保存
2025-08-16 00:03:18,728 - VALO360 - DEBUG - 自動保存已禁用，跳過配置保存
2025-08-16 00:03:18,728 - VALO360 - DEBUG - 自動保存已禁用，跳過配置保存
2025-08-16 00:03:22,590 - VALO360 - DEBUG - 配置已備份至: backup\setup_backup_20250816_000322.json
2025-08-16 00:03:22,593 - VALO360 - DEBUG - 配置保存成功
2025-08-16 00:03:22,598 - VALO360 - DEBUG - 配置已備份至: backup\setup_backup_20250816_000322.json
2025-08-16 00:03:22,601 - VALO360 - DEBUG - 配置保存成功
2025-08-16 00:03:22,603 - VALO360 - DEBUG - 自動保存已禁用，跳過配置保存
2025-08-16 00:03:22,603 - VALO360 - INFO - 程式關閉時已保存所有待保存的設定
2025-08-16 00:03:22,603 - VALO360 - INFO - 程式正常關閉
2025-08-16 00:03:22,673 - VALO360 - INFO - 資源清理完成
2025-08-16 00:03:22,673 - VALO360 - INFO - 應用程式資源清理完成
2025-08-16 00:04:47,726 - VALO360 - DEBUG - 找到指令檔: M:\PYTHON\360-command-toola_HOME\Command_TABLE\command.txt
2025-08-16 00:04:47,758 - VALO360 - INFO - 成功載入 94 個指令
2025-08-16 00:04:47,783 - VALO360 - INFO - 運行日誌: main.py 啟動
2025-08-16 00:04:47,783 - VALO360 - INFO - 指令通主程式啟動
2025-08-16 00:04:47,785 - VALO360 - INFO - 運行日誌: 成功 import TabManager
2025-08-16 00:04:47,785 - VALO360 - INFO - UI模組導入成功
2025-08-16 00:04:47,787 - VALO360 - INFO - 日誌系統初始化完成
2025-08-16 00:04:47,787 - VALO360 - DEBUG - ConfigManager: 自動保存已禁用
2025-08-16 00:04:47,787 - VALO360 - INFO - ConfigManager自動保存已禁用
2025-08-16 00:04:47,788 - VALO360 - INFO - 未找到關鍵字高亮設定文件，使用空設定
2025-08-16 00:04:47,859 - VALO360 - DEBUG - 配置已備份至: backup\setup_backup_20250816_000447.json
2025-08-16 00:04:47,860 - VALO360 - DEBUG - 配置載入成功
2025-08-16 00:04:47,860 - VALO360 - INFO - 統一設定管理器已初始化
2025-08-16 00:04:47,908 - VALO360 - DEBUG - 找到 3 個COM口: ['COM1', 'COM3', 'COM4']
2025-08-16 00:04:48,757 - VALO360 - DEBUG - 找到 3 個COM口: ['COM1', 'COM3', 'COM4']
2025-08-16 00:04:49,117 - VALO360 - ERROR - 初始化應用程式失敗 | Exception: 'UI_ToolTip_Enabled' | Traceback: Traceback (most recent call last):
  File "M:\PYTHON\360-command-toola_HOME\main.py", line 190, in initialize_application
    app = TabManager(root, highlight_keywords=highlight_keywords)
  File "M:\PYTHON\360-command-toola_HOME\ui_parts\ui_main.py", line 305, in __init__
    self.init_settings_tab() # 設定
    ~~~~~~~~~~~~~~~~~~~~~~^^
  File "M:\PYTHON\360-command-toola_HOME\ui_parts\ui_main.py", line 1114, in init_settings_tab
    self.settings_ui = SettingsTab(self.settings_frame, on_save_callback=self.update_all_settings, tooltip_manager=self.tooltip_manager)
                       ~~~~~~~~~~~^^^^^^^^^^^^^^^^^^^^^^^^^^^^^^^^^^^^^^^^^^^^^^^^^^^^^^^^^^^^^^^^^^^^^^^^^^^^^^^^^^^^^^^^^^^^^^^^^^^^^^
  File "M:\PYTHON\360-command-toola_HOME\ui_parts\ui_settings_tab.py", line 37, in __init__
    self.create_widgets()
    ~~~~~~~~~~~~~~~~~~~^^
  File "M:\PYTHON\360-command-toola_HOME\ui_parts\ui_settings_tab.py", line 125, in create_widgets
    variable=self.vars["UI_ToolTip_Enabled"],
             ~~~~~~~~~^^^^^^^^^^^^^^^^^^^^^^
KeyError: 'UI_ToolTip_Enabled'

2025-08-16 00:11:48,719 - VALO360 - DEBUG - 找到指令檔: M:\PYTHON\360-command-toola_HOME\Command_TABLE\command.txt
2025-08-16 00:11:48,746 - VALO360 - INFO - 成功載入 94 個指令
2025-08-16 00:11:48,768 - VALO360 - INFO - 運行日誌: main.py 啟動
2025-08-16 00:11:48,768 - VALO360 - INFO - 指令通主程式啟動
2025-08-16 00:11:48,770 - VALO360 - INFO - 運行日誌: 成功 import TabManager
2025-08-16 00:11:48,770 - VALO360 - INFO - UI模組導入成功
2025-08-16 00:11:48,771 - VALO360 - INFO - 日誌系統初始化完成
2025-08-16 00:11:48,772 - VALO360 - DEBUG - ConfigManager: 自動保存已禁用
2025-08-16 00:11:48,772 - VALO360 - INFO - ConfigManager自動保存已禁用
2025-08-16 00:11:48,772 - VALO360 - INFO - 未找到關鍵字高亮設定文件，使用空設定
2025-08-16 00:11:48,839 - VALO360 - DEBUG - 配置已備份至: backup\setup_backup_20250816_001148.json
2025-08-16 00:11:48,840 - VALO360 - DEBUG - 配置載入成功
2025-08-16 00:11:48,840 - VALO360 - INFO - 統一設定管理器已初始化
2025-08-16 00:11:48,883 - VALO360 - DEBUG - 找到 3 個COM口: ['COM1', 'COM3', 'COM4']
2025-08-16 00:11:49,648 - VALO360 - DEBUG - 找到 3 個COM口: ['COM1', 'COM3', 'COM4']
2025-08-16 00:11:49,982 - VALO360 - ERROR - 初始化應用程式失敗 | Exception: 'UI_ToolTip_Enabled' | Traceback: Traceback (most recent call last):
  File "M:\PYTHON\360-command-toola_HOME\main.py", line 190, in initialize_application
    app = TabManager(root, highlight_keywords=highlight_keywords)
  File "M:\PYTHON\360-command-toola_HOME\ui_parts\ui_main.py", line 305, in __init__
    self.init_settings_tab() # 設定
    ~~~~~~~~~~~~~~~~~~~~~~^^
  File "M:\PYTHON\360-command-toola_HOME\ui_parts\ui_main.py", line 1114, in init_settings_tab
    self.settings_ui = SettingsTab(self.settings_frame, on_save_callback=self.update_all_settings, tooltip_manager=self.tooltip_manager)
                       ~~~~~~~~~~~^^^^^^^^^^^^^^^^^^^^^^^^^^^^^^^^^^^^^^^^^^^^^^^^^^^^^^^^^^^^^^^^^^^^^^^^^^^^^^^^^^^^^^^^^^^^^^^^^^^^^^
  File "M:\PYTHON\360-command-toola_HOME\ui_parts\ui_settings_tab.py", line 37, in __init__
    self.create_widgets()
    ~~~~~~~~~~~~~~~~~~~^^
  File "M:\PYTHON\360-command-toola_HOME\ui_parts\ui_settings_tab.py", line 125, in create_widgets
    variable=self.vars["UI_ToolTip_Enabled"],
             ~~~~~~~~~^^^^^^^^^^^^^^^^^^^^^^
KeyError: 'UI_ToolTip_Enabled'

2025-08-16 00:19:16,423 - VALO360 - DEBUG - 找到指令檔: M:\PYTHON\360-command-toola_HOME\Command_TABLE\command.txt
2025-08-16 00:19:16,458 - VALO360 - INFO - 成功載入 94 個指令
2025-08-16 00:19:16,481 - VALO360 - INFO - 運行日誌: main.py 啟動
2025-08-16 00:19:16,481 - VALO360 - INFO - 指令通主程式啟動
2025-08-16 00:19:16,483 - VALO360 - INFO - 運行日誌: 成功 import TabManager
2025-08-16 00:19:16,483 - VALO360 - INFO - UI模組導入成功
2025-08-16 00:19:16,485 - VALO360 - INFO - 日誌系統初始化完成
2025-08-16 00:19:16,485 - VALO360 - DEBUG - ConfigManager: 自動保存已禁用
2025-08-16 00:19:16,485 - VALO360 - INFO - ConfigManager自動保存已禁用
2025-08-16 00:19:16,485 - VALO360 - INFO - 未找到關鍵字高亮設定文件，使用空設定
2025-08-16 00:19:16,551 - VALO360 - DEBUG - 配置已備份至: backup\setup_backup_20250816_001916.json
2025-08-16 00:19:16,552 - VALO360 - DEBUG - 配置載入成功
2025-08-16 00:19:16,553 - VALO360 - INFO - 統一設定管理器已初始化
2025-08-16 00:19:16,596 - VALO360 - DEBUG - 找到 3 個COM口: ['COM1', 'COM3', 'COM4']
2025-08-16 00:19:17,345 - VALO360 - DEBUG - 找到 3 個COM口: ['COM1', 'COM3', 'COM4']
2025-08-16 00:19:17,847 - VALO360 - INFO - 應用程式圖示設置成功: M:\PYTHON\360-command-toola_HOME\assets\icon.ico
2025-08-16 00:19:17,848 - VALO360 - INFO - 視窗設置完成: 指令通_1.9 (1522x749)
2025-08-16 00:19:17,848 - VALO360 - INFO - 程式啟動時更新標籤頁名稱
2025-08-16 00:19:17,849 - VALO360 - INFO - 應用程式啟動完成，進入主循環
2025-08-16 00:19:17,854 - VALO360 - DEBUG - 找到 3 個COM口: ['COM1', 'COM3', 'COM4']
2025-08-16 00:19:17,855 - VALO360 - DEBUG - 自動保存已禁用，跳過配置保存
2025-08-16 00:19:17,855 - VALO360 - DEBUG - 自動保存已禁用，跳過配置保存
2025-08-16 00:19:17,856 - VALO360 - DEBUG - 自動保存已禁用，跳過配置保存
2025-08-16 00:19:17,856 - VALO360 - DEBUG - 自動保存已禁用，跳過配置保存
2025-08-16 00:19:17,903 - VALO360 - DEBUG - 自動保存已禁用，跳過配置保存
2025-08-16 00:19:17,903 - VALO360 - DEBUG - 自動保存已禁用，跳過配置保存
2025-08-16 00:19:17,904 - VALO360 - DEBUG - 自動保存已禁用，跳過配置保存
2025-08-16 00:19:17,904 - VALO360 - DEBUG - 自動保存已禁用，跳過配置保存
2025-08-16 00:19:17,904 - VALO360 - DEBUG - 自動保存已禁用，跳過配置保存
2025-08-16 00:19:17,905 - VALO360 - DEBUG - 自動保存已禁用，跳過配置保存
2025-08-16 00:19:17,905 - VALO360 - DEBUG - 自動保存已禁用，跳過配置保存
2025-08-16 00:19:17,905 - VALO360 - DEBUG - 自動保存已禁用，跳過配置保存
2025-08-16 00:19:17,906 - VALO360 - DEBUG - 自動保存已禁用，跳過配置保存
2025-08-16 00:19:17,906 - VALO360 - DEBUG - 自動保存已禁用，跳過配置保存
2025-08-16 00:19:17,906 - VALO360 - DEBUG - 自動保存已禁用，跳過配置保存
2025-08-16 00:19:17,906 - VALO360 - DEBUG - 自動保存已禁用，跳過配置保存
2025-08-16 00:19:17,907 - VALO360 - DEBUG - 自動保存已禁用，跳過配置保存
2025-08-16 00:19:17,907 - VALO360 - DEBUG - 自動保存已禁用，跳過配置保存
2025-08-16 00:19:17,907 - VALO360 - DEBUG - 自動保存已禁用，跳過配置保存
2025-08-16 00:19:17,908 - VALO360 - DEBUG - 自動保存已禁用，跳過配置保存
2025-08-16 00:19:17,908 - VALO360 - DEBUG - 自動保存已禁用，跳過配置保存
2025-08-16 00:19:17,908 - VALO360 - DEBUG - 自動保存已禁用，跳過配置保存
2025-08-16 00:19:17,909 - VALO360 - DEBUG - 自動保存已禁用，跳過配置保存
2025-08-16 00:19:17,909 - VALO360 - DEBUG - 自動保存已禁用，跳過配置保存
2025-08-16 00:19:17,909 - VALO360 - DEBUG - 自動保存已禁用，跳過配置保存
2025-08-16 00:19:17,910 - VALO360 - DEBUG - 自動保存已禁用，跳過配置保存
2025-08-16 00:19:17,910 - VALO360 - DEBUG - 自動保存已禁用，跳過配置保存
2025-08-16 00:19:17,910 - VALO360 - DEBUG - 自動保存已禁用，跳過配置保存
2025-08-16 00:19:17,911 - VALO360 - DEBUG - 自動保存已禁用，跳過配置保存
2025-08-16 00:19:17,911 - VALO360 - DEBUG - 自動保存已禁用，跳過配置保存
2025-08-16 00:19:17,911 - VALO360 - DEBUG - 自動保存已禁用，跳過配置保存
2025-08-16 00:19:17,911 - VALO360 - DEBUG - 自動保存已禁用，跳過配置保存
2025-08-16 00:19:17,912 - VALO360 - DEBUG - 自動保存已禁用，跳過配置保存
2025-08-16 00:19:17,912 - VALO360 - DEBUG - 自動保存已禁用，跳過配置保存
2025-08-16 00:19:17,913 - VALO360 - DEBUG - 自動保存已禁用，跳過配置保存
2025-08-16 00:19:17,913 - VALO360 - DEBUG - 自動保存已禁用，跳過配置保存
2025-08-16 00:19:17,914 - VALO360 - DEBUG - 自動保存已禁用，跳過配置保存
2025-08-16 00:19:17,914 - VALO360 - DEBUG - 自動保存已禁用，跳過配置保存
2025-08-16 00:19:17,914 - VALO360 - DEBUG - 自動保存已禁用，跳過配置保存
2025-08-16 00:19:17,915 - VALO360 - DEBUG - 自動保存已禁用，跳過配置保存
2025-08-16 00:19:17,915 - VALO360 - DEBUG - 自動保存已禁用，跳過配置保存
2025-08-16 00:19:17,915 - VALO360 - DEBUG - 自動保存已禁用，跳過配置保存
2025-08-16 00:19:17,916 - VALO360 - DEBUG - 自動保存已禁用，跳過配置保存
2025-08-16 00:19:17,916 - VALO360 - DEBUG - 自動保存已禁用，跳過配置保存
2025-08-16 00:19:17,917 - VALO360 - DEBUG - 自動保存已禁用，跳過配置保存
2025-08-16 00:19:17,917 - VALO360 - DEBUG - 自動保存已禁用，跳過配置保存
2025-08-16 00:19:17,918 - VALO360 - DEBUG - 自動保存已禁用，跳過配置保存
2025-08-16 00:19:17,918 - VALO360 - DEBUG - 自動保存已禁用，跳過配置保存
2025-08-16 00:19:17,919 - VALO360 - DEBUG - 自動保存已禁用，跳過配置保存
2025-08-16 00:19:17,919 - VALO360 - DEBUG - 自動保存已禁用，跳過配置保存
2025-08-16 00:19:17,920 - VALO360 - DEBUG - 自動保存已禁用，跳過配置保存
2025-08-16 00:19:17,920 - VALO360 - DEBUG - 自動保存已禁用，跳過配置保存
2025-08-16 00:19:17,921 - VALO360 - DEBUG - 自動保存已禁用，跳過配置保存
2025-08-16 00:19:17,921 - VALO360 - DEBUG - 自動保存已禁用，跳過配置保存
2025-08-16 00:19:17,922 - VALO360 - DEBUG - 自動保存已禁用，跳過配置保存
2025-08-16 00:19:17,922 - VALO360 - DEBUG - 自動保存已禁用，跳過配置保存
2025-08-16 00:19:17,923 - VALO360 - DEBUG - 自動保存已禁用，跳過配置保存
2025-08-16 00:19:17,923 - VALO360 - DEBUG - 自動保存已禁用，跳過配置保存
2025-08-16 00:19:17,923 - VALO360 - DEBUG - 自動保存已禁用，跳過配置保存
2025-08-16 00:19:17,924 - VALO360 - DEBUG - 自動保存已禁用，跳過配置保存
2025-08-16 00:19:17,924 - VALO360 - DEBUG - 自動保存已禁用，跳過配置保存
2025-08-16 00:19:17,924 - VALO360 - DEBUG - 自動保存已禁用，跳過配置保存
2025-08-16 00:19:17,925 - VALO360 - DEBUG - 自動保存已禁用，跳過配置保存
2025-08-16 00:19:17,925 - VALO360 - DEBUG - 自動保存已禁用，跳過配置保存
2025-08-16 00:19:17,926 - VALO360 - DEBUG - 自動保存已禁用，跳過配置保存
2025-08-16 00:19:17,926 - VALO360 - DEBUG - 自動保存已禁用，跳過配置保存
2025-08-16 00:19:17,926 - VALO360 - DEBUG - 自動保存已禁用，跳過配置保存
2025-08-16 00:19:17,927 - VALO360 - DEBUG - 自動保存已禁用，跳過配置保存
2025-08-16 00:19:17,927 - VALO360 - DEBUG - 自動保存已禁用，跳過配置保存
2025-08-16 00:19:17,928 - VALO360 - DEBUG - 自動保存已禁用，跳過配置保存
2025-08-16 00:19:17,928 - VALO360 - DEBUG - 自動保存已禁用，跳過配置保存
2025-08-16 00:19:17,928 - VALO360 - DEBUG - 自動保存已禁用，跳過配置保存
2025-08-16 00:19:17,929 - VALO360 - DEBUG - 自動保存已禁用，跳過配置保存
2025-08-16 00:19:17,929 - VALO360 - DEBUG - 自動保存已禁用，跳過配置保存
2025-08-16 00:19:17,929 - VALO360 - DEBUG - 自動保存已禁用，跳過配置保存
2025-08-16 00:19:17,930 - VALO360 - DEBUG - 自動保存已禁用，跳過配置保存
2025-08-16 00:19:17,930 - VALO360 - DEBUG - 自動保存已禁用，跳過配置保存
2025-08-16 00:19:17,931 - VALO360 - DEBUG - 自動保存已禁用，跳過配置保存
2025-08-16 00:19:17,931 - VALO360 - DEBUG - 自動保存已禁用，跳過配置保存
2025-08-16 00:19:17,931 - VALO360 - DEBUG - 自動保存已禁用，跳過配置保存
2025-08-16 00:19:17,932 - VALO360 - DEBUG - 自動保存已禁用，跳過配置保存
2025-08-16 00:19:17,932 - VALO360 - DEBUG - 自動保存已禁用，跳過配置保存
2025-08-16 00:19:17,932 - VALO360 - DEBUG - 自動保存已禁用，跳過配置保存
2025-08-16 00:19:17,933 - VALO360 - DEBUG - 自動保存已禁用，跳過配置保存
2025-08-16 00:19:17,933 - VALO360 - DEBUG - 自動保存已禁用，跳過配置保存
2025-08-16 00:19:17,933 - VALO360 - DEBUG - 自動保存已禁用，跳過配置保存
2025-08-16 00:19:17,934 - VALO360 - DEBUG - 自動保存已禁用，跳過配置保存
2025-08-16 00:19:17,934 - VALO360 - DEBUG - 自動保存已禁用，跳過配置保存
2025-08-16 00:19:17,935 - VALO360 - DEBUG - 自動保存已禁用，跳過配置保存
2025-08-16 00:19:17,935 - VALO360 - DEBUG - 自動保存已禁用，跳過配置保存
2025-08-16 00:19:17,935 - VALO360 - DEBUG - 自動保存已禁用，跳過配置保存
2025-08-16 00:19:17,936 - VALO360 - DEBUG - 自動保存已禁用，跳過配置保存
2025-08-16 00:19:17,936 - VALO360 - DEBUG - 自動保存已禁用，跳過配置保存
2025-08-16 00:19:17,937 - VALO360 - DEBUG - 自動保存已禁用，跳過配置保存
2025-08-16 00:19:17,937 - VALO360 - DEBUG - 自動保存已禁用，跳過配置保存
2025-08-16 00:19:17,937 - VALO360 - DEBUG - 自動保存已禁用，跳過配置保存
2025-08-16 00:19:17,938 - VALO360 - DEBUG - 自動保存已禁用，跳過配置保存
2025-08-16 00:19:17,938 - VALO360 - DEBUG - 自動保存已禁用，跳過配置保存
2025-08-16 00:19:17,938 - VALO360 - DEBUG - 自動保存已禁用，跳過配置保存
2025-08-16 00:19:17,938 - VALO360 - DEBUG - 自動保存已禁用，跳過配置保存
2025-08-16 00:19:17,939 - VALO360 - DEBUG - 自動保存已禁用，跳過配置保存
2025-08-16 00:19:17,939 - VALO360 - DEBUG - 自動保存已禁用，跳過配置保存
2025-08-16 00:19:17,940 - VALO360 - DEBUG - 自動保存已禁用，跳過配置保存
2025-08-16 00:19:17,940 - VALO360 - DEBUG - 自動保存已禁用，跳過配置保存
2025-08-16 00:19:17,941 - VALO360 - DEBUG - 自動保存已禁用，跳過配置保存
2025-08-16 00:19:17,941 - VALO360 - DEBUG - 自動保存已禁用，跳過配置保存
2025-08-16 00:19:17,941 - VALO360 - DEBUG - 自動保存已禁用，跳過配置保存
2025-08-16 00:19:17,941 - VALO360 - DEBUG - 自動保存已禁用，跳過配置保存
2025-08-16 00:19:17,943 - VALO360 - DEBUG - 自動保存已禁用，跳過配置保存
2025-08-16 00:19:17,943 - VALO360 - DEBUG - 自動保存已禁用，跳過配置保存
2025-08-16 00:19:17,943 - VALO360 - DEBUG - 自動保存已禁用，跳過配置保存
2025-08-16 00:19:17,943 - VALO360 - DEBUG - 自動保存已禁用，跳過配置保存
2025-08-16 00:19:17,944 - VALO360 - DEBUG - 自動保存已禁用，跳過配置保存
2025-08-16 00:19:17,944 - VALO360 - DEBUG - 自動保存已禁用，跳過配置保存
2025-08-16 00:19:17,944 - VALO360 - DEBUG - 自動保存已禁用，跳過配置保存
2025-08-16 00:19:17,944 - VALO360 - DEBUG - 自動保存已禁用，跳過配置保存
2025-08-16 00:19:17,945 - VALO360 - DEBUG - 自動保存已禁用，跳過配置保存
2025-08-16 00:19:17,945 - VALO360 - DEBUG - 自動保存已禁用，跳過配置保存
2025-08-16 00:19:17,945 - VALO360 - DEBUG - 自動保存已禁用，跳過配置保存
2025-08-16 00:19:17,945 - VALO360 - DEBUG - 自動保存已禁用，跳過配置保存
2025-08-16 00:19:17,946 - VALO360 - DEBUG - 自動保存已禁用，跳過配置保存
2025-08-16 00:19:17,946 - VALO360 - DEBUG - 自動保存已禁用，跳過配置保存
2025-08-16 00:19:17,946 - VALO360 - DEBUG - 自動保存已禁用，跳過配置保存
2025-08-16 00:19:17,947 - VALO360 - DEBUG - 自動保存已禁用，跳過配置保存
2025-08-16 00:19:17,947 - VALO360 - DEBUG - 自動保存已禁用，跳過配置保存
2025-08-16 00:19:17,947 - VALO360 - DEBUG - 自動保存已禁用，跳過配置保存
2025-08-16 00:19:17,948 - VALO360 - DEBUG - 自動保存已禁用，跳過配置保存
2025-08-16 00:19:17,948 - VALO360 - DEBUG - 自動保存已禁用，跳過配置保存
2025-08-16 00:19:17,948 - VALO360 - DEBUG - 自動保存已禁用，跳過配置保存
2025-08-16 00:19:17,949 - VALO360 - DEBUG - 自動保存已禁用，跳過配置保存
2025-08-16 00:19:17,949 - VALO360 - DEBUG - 自動保存已禁用，跳過配置保存
2025-08-16 00:19:17,949 - VALO360 - DEBUG - 自動保存已禁用，跳過配置保存
2025-08-16 00:19:17,950 - VALO360 - DEBUG - 自動保存已禁用，跳過配置保存
2025-08-16 00:19:17,950 - VALO360 - DEBUG - 自動保存已禁用，跳過配置保存
2025-08-16 00:19:17,950 - VALO360 - DEBUG - 自動保存已禁用，跳過配置保存
2025-08-16 00:19:17,950 - VALO360 - DEBUG - 自動保存已禁用，跳過配置保存
2025-08-16 00:19:17,951 - VALO360 - DEBUG - 自動保存已禁用，跳過配置保存
2025-08-16 00:19:17,951 - VALO360 - DEBUG - 自動保存已禁用，跳過配置保存
2025-08-16 00:19:17,952 - VALO360 - DEBUG - 自動保存已禁用，跳過配置保存
2025-08-16 00:19:17,952 - VALO360 - DEBUG - 自動保存已禁用，跳過配置保存
2025-08-16 00:19:17,953 - VALO360 - DEBUG - 自動保存已禁用，跳過配置保存
2025-08-16 00:19:17,953 - VALO360 - DEBUG - 自動保存已禁用，跳過配置保存
2025-08-16 00:19:17,953 - VALO360 - DEBUG - 自動保存已禁用，跳過配置保存
2025-08-16 00:19:17,953 - VALO360 - DEBUG - 自動保存已禁用，跳過配置保存
2025-08-16 00:19:17,954 - VALO360 - DEBUG - 自動保存已禁用，跳過配置保存
2025-08-16 00:19:17,954 - VALO360 - DEBUG - 自動保存已禁用，跳過配置保存
2025-08-16 00:19:17,955 - VALO360 - DEBUG - 自動保存已禁用，跳過配置保存
2025-08-16 00:19:17,955 - VALO360 - DEBUG - 自動保存已禁用，跳過配置保存
2025-08-16 00:19:17,955 - VALO360 - DEBUG - 自動保存已禁用，跳過配置保存
2025-08-16 00:19:17,956 - VALO360 - DEBUG - 自動保存已禁用，跳過配置保存
2025-08-16 00:19:17,956 - VALO360 - DEBUG - 自動保存已禁用，跳過配置保存
2025-08-16 00:19:17,956 - VALO360 - DEBUG - 自動保存已禁用，跳過配置保存
2025-08-16 00:19:17,957 - VALO360 - DEBUG - 自動保存已禁用，跳過配置保存
2025-08-16 00:19:17,957 - VALO360 - DEBUG - 自動保存已禁用，跳過配置保存
2025-08-16 00:19:17,957 - VALO360 - DEBUG - 自動保存已禁用，跳過配置保存
2025-08-16 00:19:17,957 - VALO360 - DEBUG - 自動保存已禁用，跳過配置保存
2025-08-16 00:19:17,958 - VALO360 - DEBUG - 自動保存已禁用，跳過配置保存
2025-08-16 00:19:17,958 - VALO360 - DEBUG - 自動保存已禁用，跳過配置保存
2025-08-16 00:19:17,958 - VALO360 - DEBUG - 自動保存已禁用，跳過配置保存
2025-08-16 00:19:17,958 - VALO360 - DEBUG - 自動保存已禁用，跳過配置保存
2025-08-16 00:19:17,959 - VALO360 - DEBUG - 自動保存已禁用，跳過配置保存
2025-08-16 00:19:17,959 - VALO360 - DEBUG - 自動保存已禁用，跳過配置保存
2025-08-16 00:19:17,959 - VALO360 - DEBUG - 自動保存已禁用，跳過配置保存
2025-08-16 00:19:17,959 - VALO360 - DEBUG - 自動保存已禁用，跳過配置保存
2025-08-16 00:19:17,960 - VALO360 - DEBUG - 自動保存已禁用，跳過配置保存
2025-08-16 00:19:17,960 - VALO360 - DEBUG - 自動保存已禁用，跳過配置保存
2025-08-16 00:19:17,960 - VALO360 - DEBUG - 自動保存已禁用，跳過配置保存
2025-08-16 00:19:17,961 - VALO360 - DEBUG - 自動保存已禁用，跳過配置保存
2025-08-16 00:19:17,961 - VALO360 - DEBUG - 自動保存已禁用，跳過配置保存
2025-08-16 00:19:17,961 - VALO360 - DEBUG - 自動保存已禁用，跳過配置保存
2025-08-16 00:19:17,961 - VALO360 - DEBUG - 自動保存已禁用，跳過配置保存
2025-08-16 00:19:17,962 - VALO360 - DEBUG - 自動保存已禁用，跳過配置保存
2025-08-16 00:19:17,962 - VALO360 - DEBUG - 自動保存已禁用，跳過配置保存
2025-08-16 00:19:17,962 - VALO360 - DEBUG - 自動保存已禁用，跳過配置保存
2025-08-16 00:19:17,962 - VALO360 - DEBUG - 自動保存已禁用，跳過配置保存
2025-08-16 00:19:17,963 - VALO360 - DEBUG - 自動保存已禁用，跳過配置保存
2025-08-16 00:19:17,967 - VALO360 - DEBUG - 自動保存已禁用，跳過配置保存
2025-08-16 00:19:17,968 - VALO360 - DEBUG - 自動保存已禁用，跳過配置保存
2025-08-16 00:19:17,968 - VALO360 - DEBUG - 自動保存已禁用，跳過配置保存
2025-08-16 00:19:17,968 - VALO360 - DEBUG - 自動保存已禁用，跳過配置保存
2025-08-16 00:19:17,969 - VALO360 - DEBUG - 自動保存已禁用，跳過配置保存
2025-08-16 00:19:17,969 - VALO360 - DEBUG - 自動保存已禁用，跳過配置保存
2025-08-16 00:19:17,969 - VALO360 - DEBUG - 自動保存已禁用，跳過配置保存
2025-08-16 00:19:17,970 - VALO360 - DEBUG - 自動保存已禁用，跳過配置保存
2025-08-16 00:19:17,970 - VALO360 - DEBUG - 自動保存已禁用，跳過配置保存
2025-08-16 00:19:17,971 - VALO360 - DEBUG - 自動保存已禁用，跳過配置保存
2025-08-16 00:19:17,971 - VALO360 - DEBUG - 自動保存已禁用，跳過配置保存
2025-08-16 00:19:17,971 - VALO360 - DEBUG - 自動保存已禁用，跳過配置保存
2025-08-16 00:19:17,972 - VALO360 - DEBUG - 自動保存已禁用，跳過配置保存
2025-08-16 00:19:17,972 - VALO360 - DEBUG - 自動保存已禁用，跳過配置保存
2025-08-16 00:19:17,972 - VALO360 - DEBUG - 自動保存已禁用，跳過配置保存
2025-08-16 00:19:17,972 - VALO360 - DEBUG - 自動保存已禁用，跳過配置保存
2025-08-16 00:19:17,973 - VALO360 - DEBUG - 自動保存已禁用，跳過配置保存
2025-08-16 00:19:17,973 - VALO360 - DEBUG - 自動保存已禁用，跳過配置保存
2025-08-16 00:19:17,973 - VALO360 - DEBUG - 自動保存已禁用，跳過配置保存
2025-08-16 00:19:17,973 - VALO360 - DEBUG - 自動保存已禁用，跳過配置保存
2025-08-16 00:19:17,974 - VALO360 - DEBUG - 自動保存已禁用，跳過配置保存
2025-08-16 00:19:17,974 - VALO360 - DEBUG - 自動保存已禁用，跳過配置保存
2025-08-16 00:19:17,974 - VALO360 - DEBUG - 自動保存已禁用，跳過配置保存
2025-08-16 00:19:17,975 - VALO360 - DEBUG - 自動保存已禁用，跳過配置保存
2025-08-16 00:19:17,975 - VALO360 - DEBUG - 自動保存已禁用，跳過配置保存
2025-08-16 00:19:17,975 - VALO360 - DEBUG - 自動保存已禁用，跳過配置保存
2025-08-16 00:19:17,975 - VALO360 - DEBUG - 自動保存已禁用，跳過配置保存
2025-08-16 00:19:17,976 - VALO360 - DEBUG - 自動保存已禁用，跳過配置保存
2025-08-16 00:19:17,976 - VALO360 - DEBUG - 自動保存已禁用，跳過配置保存
2025-08-16 00:19:17,976 - VALO360 - DEBUG - 自動保存已禁用，跳過配置保存
2025-08-16 00:19:17,976 - VALO360 - DEBUG - 自動保存已禁用，跳過配置保存
2025-08-16 00:19:17,977 - VALO360 - DEBUG - 自動保存已禁用，跳過配置保存
2025-08-16 00:19:17,977 - VALO360 - DEBUG - 自動保存已禁用，跳過配置保存
2025-08-16 00:19:17,977 - VALO360 - DEBUG - 自動保存已禁用，跳過配置保存
2025-08-16 00:19:17,978 - VALO360 - DEBUG - 自動保存已禁用，跳過配置保存
2025-08-16 00:19:17,978 - VALO360 - DEBUG - 自動保存已禁用，跳過配置保存
2025-08-16 00:19:17,978 - VALO360 - DEBUG - 自動保存已禁用，跳過配置保存
2025-08-16 00:19:17,979 - VALO360 - DEBUG - 自動保存已禁用，跳過配置保存
2025-08-16 00:19:17,979 - VALO360 - DEBUG - 自動保存已禁用，跳過配置保存
2025-08-16 00:19:17,979 - VALO360 - DEBUG - 自動保存已禁用，跳過配置保存
2025-08-16 00:19:17,979 - VALO360 - DEBUG - 自動保存已禁用，跳過配置保存
2025-08-16 00:19:17,980 - VALO360 - DEBUG - 自動保存已禁用，跳過配置保存
2025-08-16 00:19:17,980 - VALO360 - DEBUG - 自動保存已禁用，跳過配置保存
2025-08-16 00:19:17,980 - VALO360 - DEBUG - 自動保存已禁用，跳過配置保存
2025-08-16 00:19:17,980 - VALO360 - DEBUG - 自動保存已禁用，跳過配置保存
2025-08-16 00:19:17,981 - VALO360 - DEBUG - 自動保存已禁用，跳過配置保存
2025-08-16 00:19:17,981 - VALO360 - DEBUG - 自動保存已禁用，跳過配置保存
2025-08-16 00:19:17,981 - VALO360 - DEBUG - 自動保存已禁用，跳過配置保存
2025-08-16 00:19:17,982 - VALO360 - DEBUG - 自動保存已禁用，跳過配置保存
2025-08-16 00:19:17,982 - VALO360 - DEBUG - 自動保存已禁用，跳過配置保存
2025-08-16 00:19:17,982 - VALO360 - DEBUG - 自動保存已禁用，跳過配置保存
2025-08-16 00:19:17,982 - VALO360 - DEBUG - 自動保存已禁用，跳過配置保存
2025-08-16 00:19:17,983 - VALO360 - DEBUG - 自動保存已禁用，跳過配置保存
2025-08-16 00:19:17,983 - VALO360 - DEBUG - 自動保存已禁用，跳過配置保存
2025-08-16 00:19:17,983 - VALO360 - DEBUG - 自動保存已禁用，跳過配置保存
2025-08-16 00:19:17,983 - VALO360 - DEBUG - 自動保存已禁用，跳過配置保存
2025-08-16 00:19:17,984 - VALO360 - DEBUG - 自動保存已禁用，跳過配置保存
2025-08-16 00:19:17,984 - VALO360 - DEBUG - 自動保存已禁用，跳過配置保存
2025-08-16 00:19:17,985 - VALO360 - DEBUG - 自動保存已禁用，跳過配置保存
2025-08-16 00:19:17,985 - VALO360 - DEBUG - 自動保存已禁用，跳過配置保存
2025-08-16 00:19:17,985 - VALO360 - DEBUG - 自動保存已禁用，跳過配置保存
2025-08-16 00:19:17,986 - VALO360 - DEBUG - 自動保存已禁用，跳過配置保存
2025-08-16 00:19:17,986 - VALO360 - DEBUG - 自動保存已禁用，跳過配置保存
2025-08-16 00:19:17,986 - VALO360 - DEBUG - 自動保存已禁用，跳過配置保存
2025-08-16 00:19:17,986 - VALO360 - DEBUG - 自動保存已禁用，跳過配置保存
2025-08-16 00:19:17,987 - VALO360 - DEBUG - 自動保存已禁用，跳過配置保存
2025-08-16 00:19:17,987 - VALO360 - DEBUG - 自動保存已禁用，跳過配置保存
2025-08-16 00:19:17,987 - VALO360 - DEBUG - 自動保存已禁用，跳過配置保存
2025-08-16 00:19:17,988 - VALO360 - DEBUG - 自動保存已禁用，跳過配置保存
2025-08-16 00:19:17,988 - VALO360 - DEBUG - 自動保存已禁用，跳過配置保存
2025-08-16 00:19:17,988 - VALO360 - DEBUG - 自動保存已禁用，跳過配置保存
2025-08-16 00:19:17,988 - VALO360 - DEBUG - 自動保存已禁用，跳過配置保存
2025-08-16 00:19:17,989 - VALO360 - DEBUG - 自動保存已禁用，跳過配置保存
2025-08-16 00:19:17,989 - VALO360 - DEBUG - 自動保存已禁用，跳過配置保存
2025-08-16 00:19:17,989 - VALO360 - DEBUG - 自動保存已禁用，跳過配置保存
2025-08-16 00:19:17,989 - VALO360 - DEBUG - 自動保存已禁用，跳過配置保存
2025-08-16 00:19:17,990 - VALO360 - DEBUG - 自動保存已禁用，跳過配置保存
2025-08-16 00:19:17,990 - VALO360 - DEBUG - 自動保存已禁用，跳過配置保存
2025-08-16 00:19:17,990 - VALO360 - DEBUG - 自動保存已禁用，跳過配置保存
2025-08-16 00:19:17,991 - VALO360 - DEBUG - 自動保存已禁用，跳過配置保存
2025-08-16 00:19:17,991 - VALO360 - DEBUG - 自動保存已禁用，跳過配置保存
2025-08-16 00:19:17,991 - VALO360 - DEBUG - 自動保存已禁用，跳過配置保存
2025-08-16 00:19:17,991 - VALO360 - DEBUG - 自動保存已禁用，跳過配置保存
2025-08-16 00:19:17,992 - VALO360 - DEBUG - 自動保存已禁用，跳過配置保存
2025-08-16 00:19:17,992 - VALO360 - DEBUG - 自動保存已禁用，跳過配置保存
2025-08-16 00:19:17,992 - VALO360 - DEBUG - 自動保存已禁用，跳過配置保存
2025-08-16 00:19:17,993 - VALO360 - DEBUG - 自動保存已禁用，跳過配置保存
2025-08-16 00:19:17,993 - VALO360 - DEBUG - 自動保存已禁用，跳過配置保存
2025-08-16 00:19:17,993 - VALO360 - DEBUG - 自動保存已禁用，跳過配置保存
2025-08-16 00:19:17,994 - VALO360 - DEBUG - 自動保存已禁用，跳過配置保存
2025-08-16 00:19:17,994 - VALO360 - DEBUG - 自動保存已禁用，跳過配置保存
2025-08-16 00:19:17,994 - VALO360 - DEBUG - 自動保存已禁用，跳過配置保存
2025-08-16 00:19:17,995 - VALO360 - DEBUG - 自動保存已禁用，跳過配置保存
2025-08-16 00:19:17,995 - VALO360 - DEBUG - 自動保存已禁用，跳過配置保存
2025-08-16 00:19:17,995 - VALO360 - DEBUG - 自動保存已禁用，跳過配置保存
2025-08-16 00:19:17,995 - VALO360 - DEBUG - 自動保存已禁用，跳過配置保存
2025-08-16 00:19:17,996 - VALO360 - DEBUG - 自動保存已禁用，跳過配置保存
2025-08-16 00:19:17,996 - VALO360 - DEBUG - 自動保存已禁用，跳過配置保存
2025-08-16 00:19:17,996 - VALO360 - DEBUG - 自動保存已禁用，跳過配置保存
2025-08-16 00:19:17,997 - VALO360 - DEBUG - 自動保存已禁用，跳過配置保存
2025-08-16 00:19:17,997 - VALO360 - DEBUG - 自動保存已禁用，跳過配置保存
2025-08-16 00:19:17,998 - VALO360 - DEBUG - 自動保存已禁用，跳過配置保存
2025-08-16 00:19:17,998 - VALO360 - DEBUG - 自動保存已禁用，跳過配置保存
2025-08-16 00:19:17,998 - VALO360 - DEBUG - 自動保存已禁用，跳過配置保存
2025-08-16 00:19:17,999 - VALO360 - DEBUG - 自動保存已禁用，跳過配置保存
2025-08-16 00:19:17,999 - VALO360 - DEBUG - 自動保存已禁用，跳過配置保存
2025-08-16 00:19:17,999 - VALO360 - DEBUG - 自動保存已禁用，跳過配置保存
2025-08-16 00:19:17,999 - VALO360 - DEBUG - 自動保存已禁用，跳過配置保存
2025-08-16 00:19:18,000 - VALO360 - DEBUG - 自動保存已禁用，跳過配置保存
2025-08-16 00:19:18,000 - VALO360 - DEBUG - 自動保存已禁用，跳過配置保存
2025-08-16 00:19:18,000 - VALO360 - DEBUG - 自動保存已禁用，跳過配置保存
2025-08-16 00:19:18,001 - VALO360 - DEBUG - 自動保存已禁用，跳過配置保存
2025-08-16 00:19:18,001 - VALO360 - DEBUG - 自動保存已禁用，跳過配置保存
2025-08-16 00:19:18,002 - VALO360 - DEBUG - 自動保存已禁用，跳過配置保存
2025-08-16 00:19:18,002 - VALO360 - DEBUG - 自動保存已禁用，跳過配置保存
2025-08-16 00:19:18,002 - VALO360 - DEBUG - 自動保存已禁用，跳過配置保存
2025-08-16 00:19:18,003 - VALO360 - DEBUG - 自動保存已禁用，跳過配置保存
2025-08-16 00:19:18,003 - VALO360 - DEBUG - 自動保存已禁用，跳過配置保存
2025-08-16 00:19:18,003 - VALO360 - DEBUG - 自動保存已禁用，跳過配置保存
2025-08-16 00:19:18,003 - VALO360 - DEBUG - 自動保存已禁用，跳過配置保存
2025-08-16 00:19:18,004 - VALO360 - DEBUG - 自動保存已禁用，跳過配置保存
2025-08-16 00:19:18,004 - VALO360 - DEBUG - 自動保存已禁用，跳過配置保存
2025-08-16 00:19:18,004 - VALO360 - DEBUG - 自動保存已禁用，跳過配置保存
2025-08-16 00:19:18,004 - VALO360 - DEBUG - 自動保存已禁用，跳過配置保存
2025-08-16 00:19:18,005 - VALO360 - DEBUG - 自動保存已禁用，跳過配置保存
2025-08-16 00:19:18,005 - VALO360 - DEBUG - 自動保存已禁用，跳過配置保存
2025-08-16 00:19:18,005 - VALO360 - DEBUG - 自動保存已禁用，跳過配置保存
2025-08-16 00:19:18,005 - VALO360 - DEBUG - 自動保存已禁用，跳過配置保存
2025-08-16 00:19:18,007 - VALO360 - DEBUG - 自動保存已禁用，跳過配置保存
2025-08-16 00:19:18,007 - VALO360 - DEBUG - 自動保存已禁用，跳過配置保存
2025-08-16 00:19:18,007 - VALO360 - DEBUG - 自動保存已禁用，跳過配置保存
2025-08-16 00:19:18,007 - VALO360 - DEBUG - 自動保存已禁用，跳過配置保存
2025-08-16 00:19:18,008 - VALO360 - DEBUG - 自動保存已禁用，跳過配置保存
2025-08-16 00:19:18,008 - VALO360 - DEBUG - 自動保存已禁用，跳過配置保存
2025-08-16 00:19:18,008 - VALO360 - DEBUG - 自動保存已禁用，跳過配置保存
2025-08-16 00:19:18,008 - VALO360 - DEBUG - 自動保存已禁用，跳過配置保存
2025-08-16 00:19:18,009 - VALO360 - DEBUG - 自動保存已禁用，跳過配置保存
2025-08-16 00:19:18,009 - VALO360 - DEBUG - 自動保存已禁用，跳過配置保存
2025-08-16 00:19:18,009 - VALO360 - DEBUG - 自動保存已禁用，跳過配置保存
2025-08-16 00:19:18,009 - VALO360 - DEBUG - 自動保存已禁用，跳過配置保存
2025-08-16 00:19:18,011 - VALO360 - DEBUG - 自動保存已禁用，跳過配置保存
2025-08-16 00:19:18,012 - VALO360 - DEBUG - 自動保存已禁用，跳過配置保存
2025-08-16 00:19:18,012 - VALO360 - DEBUG - 自動保存已禁用，跳過配置保存
2025-08-16 00:19:18,012 - VALO360 - DEBUG - 自動保存已禁用，跳過配置保存
2025-08-16 00:19:18,013 - VALO360 - DEBUG - 自動保存已禁用，跳過配置保存
2025-08-16 00:19:18,013 - VALO360 - DEBUG - 自動保存已禁用，跳過配置保存
2025-08-16 00:19:18,013 - VALO360 - DEBUG - 自動保存已禁用，跳過配置保存
2025-08-16 00:19:18,013 - VALO360 - DEBUG - 自動保存已禁用，跳過配置保存
2025-08-16 00:19:18,014 - VALO360 - DEBUG - 自動保存已禁用，跳過配置保存
2025-08-16 00:19:18,014 - VALO360 - DEBUG - 自動保存已禁用，跳過配置保存
2025-08-16 00:19:18,014 - VALO360 - DEBUG - 自動保存已禁用，跳過配置保存
2025-08-16 00:19:18,014 - VALO360 - DEBUG - 自動保存已禁用，跳過配置保存
2025-08-16 00:19:18,038 - VALO360 - DEBUG - 自動保存已禁用，跳過配置保存
2025-08-16 00:19:18,039 - VALO360 - DEBUG - 自動保存已禁用，跳過配置保存
2025-08-16 00:19:18,039 - VALO360 - DEBUG - 自動保存已禁用，跳過配置保存
2025-08-16 00:19:18,039 - VALO360 - DEBUG - 自動保存已禁用，跳過配置保存
2025-08-16 00:19:18,049 - VALO360 - DEBUG - 自動保存已禁用，跳過配置保存
2025-08-16 00:19:18,049 - VALO360 - DEBUG - 自動保存已禁用，跳過配置保存
2025-08-16 00:19:18,049 - VALO360 - DEBUG - 自動保存已禁用，跳過配置保存
2025-08-16 00:19:18,050 - VALO360 - DEBUG - 自動保存已禁用，跳過配置保存
2025-08-16 00:19:18,052 - VALO360 - DEBUG - 自動保存已禁用，跳過配置保存
2025-08-16 00:19:18,053 - VALO360 - DEBUG - 自動保存已禁用，跳過配置保存
2025-08-16 00:19:18,053 - VALO360 - DEBUG - 自動保存已禁用，跳過配置保存
2025-08-16 00:19:18,053 - VALO360 - DEBUG - 自動保存已禁用，跳過配置保存
2025-08-16 00:19:18,055 - VALO360 - DEBUG - 自動保存已禁用，跳過配置保存
2025-08-16 00:19:18,055 - VALO360 - DEBUG - 自動保存已禁用，跳過配置保存
2025-08-16 00:19:18,056 - VALO360 - DEBUG - 自動保存已禁用，跳過配置保存
2025-08-16 00:19:18,056 - VALO360 - DEBUG - 自動保存已禁用，跳過配置保存
2025-08-16 00:19:18,058 - VALO360 - DEBUG - 自動保存已禁用，跳過配置保存
2025-08-16 00:19:18,058 - VALO360 - DEBUG - 自動保存已禁用，跳過配置保存
2025-08-16 00:19:18,059 - VALO360 - DEBUG - 自動保存已禁用，跳過配置保存
2025-08-16 00:19:18,059 - VALO360 - DEBUG - 自動保存已禁用，跳過配置保存
2025-08-16 00:19:18,060 - VALO360 - DEBUG - 自動保存已禁用，跳過配置保存
2025-08-16 00:19:18,061 - VALO360 - DEBUG - 自動保存已禁用，跳過配置保存
2025-08-16 00:19:18,061 - VALO360 - DEBUG - 自動保存已禁用，跳過配置保存
2025-08-16 00:19:18,061 - VALO360 - DEBUG - 自動保存已禁用，跳過配置保存
2025-08-16 00:19:18,063 - VALO360 - DEBUG - 自動保存已禁用，跳過配置保存
2025-08-16 00:19:18,063 - VALO360 - DEBUG - 自動保存已禁用，跳過配置保存
2025-08-16 00:19:18,063 - VALO360 - DEBUG - 自動保存已禁用，跳過配置保存
2025-08-16 00:19:18,063 - VALO360 - DEBUG - 自動保存已禁用，跳過配置保存
2025-08-16 00:19:18,066 - VALO360 - DEBUG - 自動保存已禁用，跳過配置保存
2025-08-16 00:19:18,067 - VALO360 - DEBUG - 自動保存已禁用，跳過配置保存
2025-08-16 00:19:18,067 - VALO360 - DEBUG - 自動保存已禁用，跳過配置保存
2025-08-16 00:19:18,067 - VALO360 - DEBUG - 自動保存已禁用，跳過配置保存
2025-08-16 00:19:18,071 - VALO360 - DEBUG - 自動保存已禁用，跳過配置保存
2025-08-16 00:19:18,071 - VALO360 - DEBUG - 自動保存已禁用，跳過配置保存
2025-08-16 00:19:18,072 - VALO360 - DEBUG - 自動保存已禁用，跳過配置保存
2025-08-16 00:19:18,072 - VALO360 - DEBUG - 自動保存已禁用，跳過配置保存
2025-08-16 00:19:18,073 - VALO360 - DEBUG - 自動保存已禁用，跳過配置保存
2025-08-16 00:19:18,073 - VALO360 - DEBUG - 自動保存已禁用，跳過配置保存
2025-08-16 00:19:18,074 - VALO360 - DEBUG - 自動保存已禁用，跳過配置保存
2025-08-16 00:19:18,074 - VALO360 - DEBUG - 自動保存已禁用，跳過配置保存
2025-08-16 00:19:18,078 - VALO360 - DEBUG - 自動保存已禁用，跳過配置保存
2025-08-16 00:19:18,079 - VALO360 - DEBUG - 自動保存已禁用，跳過配置保存
2025-08-16 00:19:18,079 - VALO360 - DEBUG - 自動保存已禁用，跳過配置保存
2025-08-16 00:19:18,079 - VALO360 - DEBUG - 自動保存已禁用，跳過配置保存
2025-08-16 00:19:18,082 - VALO360 - DEBUG - 自動保存已禁用，跳過配置保存
2025-08-16 00:19:18,083 - VALO360 - DEBUG - 自動保存已禁用，跳過配置保存
2025-08-16 00:19:18,083 - VALO360 - DEBUG - 自動保存已禁用，跳過配置保存
2025-08-16 00:19:18,084 - VALO360 - DEBUG - 自動保存已禁用，跳過配置保存
2025-08-16 00:19:18,086 - VALO360 - DEBUG - 自動保存已禁用，跳過配置保存
2025-08-16 00:19:18,087 - VALO360 - DEBUG - 自動保存已禁用，跳過配置保存
2025-08-16 00:19:18,088 - VALO360 - DEBUG - 自動保存已禁用，跳過配置保存
2025-08-16 00:19:18,088 - VALO360 - DEBUG - 自動保存已禁用，跳過配置保存
2025-08-16 00:19:18,091 - VALO360 - DEBUG - 自動保存已禁用，跳過配置保存
2025-08-16 00:19:18,092 - VALO360 - DEBUG - 自動保存已禁用，跳過配置保存
2025-08-16 00:19:18,092 - VALO360 - DEBUG - 自動保存已禁用，跳過配置保存
2025-08-16 00:19:18,092 - VALO360 - DEBUG - 自動保存已禁用，跳過配置保存
2025-08-16 00:19:18,095 - VALO360 - DEBUG - 自動保存已禁用，跳過配置保存
2025-08-16 00:19:18,095 - VALO360 - DEBUG - 自動保存已禁用，跳過配置保存
2025-08-16 00:19:18,096 - VALO360 - DEBUG - 自動保存已禁用，跳過配置保存
2025-08-16 00:19:18,096 - VALO360 - DEBUG - 自動保存已禁用，跳過配置保存
2025-08-16 00:19:18,099 - VALO360 - DEBUG - 自動保存已禁用，跳過配置保存
2025-08-16 00:19:18,099 - VALO360 - DEBUG - 自動保存已禁用，跳過配置保存
2025-08-16 00:19:18,100 - VALO360 - DEBUG - 自動保存已禁用，跳過配置保存
2025-08-16 00:19:18,100 - VALO360 - DEBUG - 自動保存已禁用，跳過配置保存
2025-08-16 00:19:18,111 - VALO360 - DEBUG - 自動保存已禁用，跳過配置保存
2025-08-16 00:19:18,111 - VALO360 - DEBUG - 自動保存已禁用，跳過配置保存
2025-08-16 00:19:18,112 - VALO360 - DEBUG - 自動保存已禁用，跳過配置保存
2025-08-16 00:19:18,112 - VALO360 - DEBUG - 自動保存已禁用，跳過配置保存
2025-08-16 00:19:18,114 - VALO360 - DEBUG - 自動保存已禁用，跳過配置保存
2025-08-16 00:19:18,114 - VALO360 - DEBUG - 自動保存已禁用，跳過配置保存
2025-08-16 00:19:18,115 - VALO360 - DEBUG - 自動保存已禁用，跳過配置保存
2025-08-16 00:19:18,115 - VALO360 - DEBUG - 自動保存已禁用，跳過配置保存
2025-08-16 00:19:18,116 - VALO360 - DEBUG - 自動保存已禁用，跳過配置保存
2025-08-16 00:19:18,116 - VALO360 - DEBUG - 自動保存已禁用，跳過配置保存
2025-08-16 00:19:18,117 - VALO360 - DEBUG - 自動保存已禁用，跳過配置保存
2025-08-16 00:19:18,117 - VALO360 - DEBUG - 自動保存已禁用，跳過配置保存
2025-08-16 00:19:18,120 - VALO360 - DEBUG - 自動保存已禁用，跳過配置保存
2025-08-16 00:19:18,121 - VALO360 - DEBUG - 自動保存已禁用，跳過配置保存
2025-08-16 00:19:18,121 - VALO360 - DEBUG - 自動保存已禁用，跳過配置保存
2025-08-16 00:19:18,121 - VALO360 - DEBUG - 自動保存已禁用，跳過配置保存
2025-08-16 00:19:18,123 - VALO360 - DEBUG - 自動保存已禁用，跳過配置保存
2025-08-16 00:19:18,124 - VALO360 - DEBUG - 自動保存已禁用，跳過配置保存
2025-08-16 00:19:18,124 - VALO360 - DEBUG - 自動保存已禁用，跳過配置保存
2025-08-16 00:19:18,125 - VALO360 - DEBUG - 自動保存已禁用，跳過配置保存
2025-08-16 00:19:18,126 - VALO360 - DEBUG - 自動保存已禁用，跳過配置保存
2025-08-16 00:19:18,127 - VALO360 - DEBUG - 自動保存已禁用，跳過配置保存
2025-08-16 00:19:18,127 - VALO360 - DEBUG - 自動保存已禁用，跳過配置保存
2025-08-16 00:19:18,128 - VALO360 - DEBUG - 自動保存已禁用，跳過配置保存
2025-08-16 00:19:18,130 - VALO360 - DEBUG - 自動保存已禁用，跳過配置保存
2025-08-16 00:19:18,131 - VALO360 - DEBUG - 自動保存已禁用，跳過配置保存
2025-08-16 00:19:18,131 - VALO360 - DEBUG - 自動保存已禁用，跳過配置保存
2025-08-16 00:19:18,131 - VALO360 - DEBUG - 自動保存已禁用，跳過配置保存
2025-08-16 00:19:18,150 - VALO360 - DEBUG - 自動保存已禁用，跳過配置保存
2025-08-16 00:19:18,151 - VALO360 - DEBUG - 自動保存已禁用，跳過配置保存
2025-08-16 00:19:18,152 - VALO360 - DEBUG - 自動保存已禁用，跳過配置保存
2025-08-16 00:19:18,152 - VALO360 - DEBUG - 自動保存已禁用，跳過配置保存
2025-08-16 00:19:18,153 - VALO360 - DEBUG - 自動保存已禁用，跳過配置保存
2025-08-16 00:19:18,154 - VALO360 - DEBUG - 自動保存已禁用，跳過配置保存
2025-08-16 00:19:18,154 - VALO360 - DEBUG - 自動保存已禁用，跳過配置保存
2025-08-16 00:19:18,155 - VALO360 - DEBUG - 自動保存已禁用，跳過配置保存
2025-08-16 00:19:18,165 - VALO360 - DEBUG - 自動保存已禁用，跳過配置保存
2025-08-16 00:19:18,165 - VALO360 - DEBUG - 自動保存已禁用，跳過配置保存
2025-08-16 00:19:18,166 - VALO360 - DEBUG - 自動保存已禁用，跳過配置保存
2025-08-16 00:19:18,166 - VALO360 - DEBUG - 自動保存已禁用，跳過配置保存
2025-08-16 00:19:18,167 - VALO360 - DEBUG - 自動保存已禁用，跳過配置保存
2025-08-16 00:19:18,167 - VALO360 - DEBUG - 自動保存已禁用，跳過配置保存
2025-08-16 00:19:18,168 - VALO360 - DEBUG - 自動保存已禁用，跳過配置保存
2025-08-16 00:19:18,168 - VALO360 - DEBUG - 自動保存已禁用，跳過配置保存
2025-08-16 00:19:18,169 - VALO360 - DEBUG - 自動保存已禁用，跳過配置保存
2025-08-16 00:19:18,170 - VALO360 - DEBUG - 自動保存已禁用，跳過配置保存
2025-08-16 00:19:18,170 - VALO360 - DEBUG - 自動保存已禁用，跳過配置保存
2025-08-16 00:19:18,171 - VALO360 - DEBUG - 自動保存已禁用，跳過配置保存
2025-08-16 00:19:18,173 - VALO360 - DEBUG - 自動保存已禁用，跳過配置保存
2025-08-16 00:19:18,173 - VALO360 - DEBUG - 自動保存已禁用，跳過配置保存
2025-08-16 00:19:18,174 - VALO360 - DEBUG - 自動保存已禁用，跳過配置保存
2025-08-16 00:19:18,174 - VALO360 - DEBUG - 自動保存已禁用，跳過配置保存
2025-08-16 00:19:18,174 - VALO360 - DEBUG - 自動保存已禁用，跳過配置保存
2025-08-16 00:19:18,174 - VALO360 - DEBUG - 自動保存已禁用，跳過配置保存
2025-08-16 00:19:18,175 - VALO360 - DEBUG - 自動保存已禁用，跳過配置保存
2025-08-16 00:19:18,175 - VALO360 - DEBUG - 自動保存已禁用，跳過配置保存
2025-08-16 00:19:18,185 - VALO360 - DEBUG - 自動保存已禁用，跳過配置保存
2025-08-16 00:19:18,185 - VALO360 - DEBUG - 自動保存已禁用，跳過配置保存
2025-08-16 00:19:18,186 - VALO360 - DEBUG - 自動保存已禁用，跳過配置保存
2025-08-16 00:19:18,186 - VALO360 - DEBUG - 自動保存已禁用，跳過配置保存
2025-08-16 00:19:18,187 - VALO360 - DEBUG - 自動保存已禁用，跳過配置保存
2025-08-16 00:19:18,187 - VALO360 - DEBUG - 自動保存已禁用，跳過配置保存
2025-08-16 00:19:18,187 - VALO360 - DEBUG - 自動保存已禁用，跳過配置保存
2025-08-16 00:19:18,188 - VALO360 - DEBUG - 自動保存已禁用，跳過配置保存
2025-08-16 00:19:18,251 - VALO360 - DEBUG - 自動保存已禁用，跳過配置保存
2025-08-16 00:19:18,251 - VALO360 - DEBUG - 自動保存已禁用，跳過配置保存
2025-08-16 00:19:18,251 - VALO360 - DEBUG - 自動保存已禁用，跳過配置保存
2025-08-16 00:19:18,251 - VALO360 - DEBUG - 自動保存已禁用，跳過配置保存
2025-08-16 00:19:18,252 - VALO360 - DEBUG - 自動保存已禁用，跳過配置保存
2025-08-16 00:19:18,252 - VALO360 - DEBUG - 自動保存已禁用，跳過配置保存
2025-08-16 00:19:18,253 - VALO360 - DEBUG - 自動保存已禁用，跳過配置保存
2025-08-16 00:19:18,253 - VALO360 - DEBUG - 自動保存已禁用，跳過配置保存
2025-08-16 00:19:18,253 - VALO360 - DEBUG - 自動保存已禁用，跳過配置保存
2025-08-16 00:19:18,253 - VALO360 - DEBUG - 自動保存已禁用，跳過配置保存
2025-08-16 00:19:18,254 - VALO360 - DEBUG - 自動保存已禁用，跳過配置保存
2025-08-16 00:19:18,254 - VALO360 - DEBUG - 自動保存已禁用，跳過配置保存
2025-08-16 00:19:18,254 - VALO360 - DEBUG - 自動保存已禁用，跳過配置保存
2025-08-16 00:19:18,254 - VALO360 - DEBUG - 自動保存已禁用，跳過配置保存
2025-08-16 00:19:18,255 - VALO360 - DEBUG - 自動保存已禁用，跳過配置保存
2025-08-16 00:19:18,255 - VALO360 - DEBUG - 自動保存已禁用，跳過配置保存
2025-08-16 00:19:18,255 - VALO360 - DEBUG - 自動保存已禁用，跳過配置保存
2025-08-16 00:19:18,256 - VALO360 - DEBUG - 自動保存已禁用，跳過配置保存
2025-08-16 00:19:18,256 - VALO360 - DEBUG - 自動保存已禁用，跳過配置保存
2025-08-16 00:19:18,256 - VALO360 - DEBUG - 自動保存已禁用，跳過配置保存
2025-08-16 00:19:18,256 - VALO360 - DEBUG - 自動保存已禁用，跳過配置保存
2025-08-16 00:19:18,257 - VALO360 - DEBUG - 自動保存已禁用，跳過配置保存
2025-08-16 00:19:18,257 - VALO360 - DEBUG - 自動保存已禁用，跳過配置保存
2025-08-16 00:19:18,257 - VALO360 - DEBUG - 自動保存已禁用，跳過配置保存
2025-08-16 00:19:18,258 - VALO360 - DEBUG - 自動保存已禁用，跳過配置保存
2025-08-16 00:19:18,258 - VALO360 - DEBUG - 自動保存已禁用，跳過配置保存
2025-08-16 00:19:18,258 - VALO360 - DEBUG - 自動保存已禁用，跳過配置保存
2025-08-16 00:19:18,258 - VALO360 - DEBUG - 自動保存已禁用，跳過配置保存
2025-08-16 00:19:18,260 - VALO360 - DEBUG - 自動保存已禁用，跳過配置保存
2025-08-16 00:19:18,261 - VALO360 - DEBUG - 自動保存已禁用，跳過配置保存
2025-08-16 00:19:18,261 - VALO360 - DEBUG - 自動保存已禁用，跳過配置保存
2025-08-16 00:19:18,261 - VALO360 - DEBUG - 自動保存已禁用，跳過配置保存
2025-08-16 00:19:18,262 - VALO360 - DEBUG - 自動保存已禁用，跳過配置保存
2025-08-16 00:19:18,262 - VALO360 - DEBUG - 自動保存已禁用，跳過配置保存
2025-08-16 00:19:18,262 - VALO360 - DEBUG - 自動保存已禁用，跳過配置保存
2025-08-16 00:19:18,262 - VALO360 - DEBUG - 自動保存已禁用，跳過配置保存
2025-08-16 00:19:18,263 - VALO360 - DEBUG - 自動保存已禁用，跳過配置保存
2025-08-16 00:19:18,263 - VALO360 - DEBUG - 自動保存已禁用，跳過配置保存
2025-08-16 00:19:18,263 - VALO360 - DEBUG - 自動保存已禁用，跳過配置保存
2025-08-16 00:19:18,263 - VALO360 - DEBUG - 自動保存已禁用，跳過配置保存
2025-08-16 00:19:18,266 - VALO360 - DEBUG - 自動保存已禁用，跳過配置保存
2025-08-16 00:19:18,266 - VALO360 - DEBUG - 自動保存已禁用，跳過配置保存
2025-08-16 00:19:18,267 - VALO360 - DEBUG - 自動保存已禁用，跳過配置保存
2025-08-16 00:19:18,267 - VALO360 - DEBUG - 自動保存已禁用，跳過配置保存
2025-08-16 00:19:18,268 - VALO360 - DEBUG - 自動保存已禁用，跳過配置保存
2025-08-16 00:19:18,268 - VALO360 - DEBUG - 自動保存已禁用，跳過配置保存
2025-08-16 00:19:18,268 - VALO360 - DEBUG - 自動保存已禁用，跳過配置保存
2025-08-16 00:19:18,269 - VALO360 - DEBUG - 自動保存已禁用，跳過配置保存
2025-08-16 00:19:18,270 - VALO360 - DEBUG - 自動保存已禁用，跳過配置保存
2025-08-16 00:19:18,270 - VALO360 - DEBUG - 自動保存已禁用，跳過配置保存
2025-08-16 00:19:18,270 - VALO360 - DEBUG - 自動保存已禁用，跳過配置保存
2025-08-16 00:19:18,271 - VALO360 - DEBUG - 自動保存已禁用，跳過配置保存
2025-08-16 00:19:18,271 - VALO360 - DEBUG - 自動保存已禁用，跳過配置保存
2025-08-16 00:19:18,271 - VALO360 - DEBUG - 自動保存已禁用，跳過配置保存
2025-08-16 00:19:18,272 - VALO360 - DEBUG - 自動保存已禁用，跳過配置保存
2025-08-16 00:19:18,272 - VALO360 - DEBUG - 自動保存已禁用，跳過配置保存
2025-08-16 00:19:18,274 - VALO360 - DEBUG - 自動保存已禁用，跳過配置保存
2025-08-16 00:19:18,274 - VALO360 - DEBUG - 自動保存已禁用，跳過配置保存
2025-08-16 00:19:18,274 - VALO360 - DEBUG - 自動保存已禁用，跳過配置保存
2025-08-16 00:19:18,274 - VALO360 - DEBUG - 自動保存已禁用，跳過配置保存
2025-08-16 00:19:18,275 - VALO360 - DEBUG - 自動保存已禁用，跳過配置保存
2025-08-16 00:19:18,275 - VALO360 - DEBUG - 自動保存已禁用，跳過配置保存
2025-08-16 00:19:18,276 - VALO360 - DEBUG - 自動保存已禁用，跳過配置保存
2025-08-16 00:19:18,276 - VALO360 - DEBUG - 自動保存已禁用，跳過配置保存
2025-08-16 00:19:18,276 - VALO360 - DEBUG - 自動保存已禁用，跳過配置保存
2025-08-16 00:19:18,277 - VALO360 - DEBUG - 自動保存已禁用，跳過配置保存
2025-08-16 00:19:18,277 - VALO360 - DEBUG - 自動保存已禁用，跳過配置保存
2025-08-16 00:19:18,277 - VALO360 - DEBUG - 自動保存已禁用，跳過配置保存
2025-08-16 00:19:18,278 - VALO360 - DEBUG - 自動保存已禁用，跳過配置保存
2025-08-16 00:19:18,278 - VALO360 - DEBUG - 自動保存已禁用，跳過配置保存
2025-08-16 00:19:18,278 - VALO360 - DEBUG - 自動保存已禁用，跳過配置保存
2025-08-16 00:19:18,278 - VALO360 - DEBUG - 自動保存已禁用，跳過配置保存
2025-08-16 00:19:18,278 - VALO360 - DEBUG - 自動保存已禁用，跳過配置保存
2025-08-16 00:19:18,279 - VALO360 - DEBUG - 自動保存已禁用，跳過配置保存
2025-08-16 00:19:18,279 - VALO360 - DEBUG - 自動保存已禁用，跳過配置保存
2025-08-16 00:19:18,279 - VALO360 - DEBUG - 自動保存已禁用，跳過配置保存
2025-08-16 00:19:18,285 - VALO360 - DEBUG - 自動保存已禁用，跳過配置保存
2025-08-16 00:19:18,285 - VALO360 - DEBUG - 自動保存已禁用，跳過配置保存
2025-08-16 00:19:18,285 - VALO360 - DEBUG - 自動保存已禁用，跳過配置保存
2025-08-16 00:19:18,286 - VALO360 - DEBUG - 自動保存已禁用，跳過配置保存
2025-08-16 00:19:18,293 - VALO360 - DEBUG - 自動保存已禁用，跳過配置保存
2025-08-16 00:19:18,293 - VALO360 - DEBUG - 自動保存已禁用，跳過配置保存
2025-08-16 00:19:18,294 - VALO360 - DEBUG - 自動保存已禁用，跳過配置保存
2025-08-16 00:19:18,294 - VALO360 - DEBUG - 自動保存已禁用，跳過配置保存
2025-08-16 00:19:18,294 - VALO360 - DEBUG - 自動保存已禁用，跳過配置保存
2025-08-16 00:19:18,295 - VALO360 - DEBUG - 自動保存已禁用，跳過配置保存
2025-08-16 00:19:18,295 - VALO360 - DEBUG - 自動保存已禁用，跳過配置保存
2025-08-16 00:19:18,295 - VALO360 - DEBUG - 自動保存已禁用，跳過配置保存
2025-08-16 00:19:18,296 - VALO360 - DEBUG - 自動保存已禁用，跳過配置保存
2025-08-16 00:19:18,297 - VALO360 - DEBUG - 自動保存已禁用，跳過配置保存
2025-08-16 00:19:18,297 - VALO360 - DEBUG - 自動保存已禁用，跳過配置保存
2025-08-16 00:19:18,297 - VALO360 - DEBUG - 自動保存已禁用，跳過配置保存
2025-08-16 00:19:18,299 - VALO360 - DEBUG - 自動保存已禁用，跳過配置保存
2025-08-16 00:19:18,300 - VALO360 - DEBUG - 自動保存已禁用，跳過配置保存
2025-08-16 00:19:18,308 - VALO360 - DEBUG - 自動保存已禁用，跳過配置保存
2025-08-16 00:19:18,312 - VALO360 - DEBUG - 自動保存已禁用，跳過配置保存
2025-08-16 00:19:18,323 - VALO360 - DEBUG - 自動保存已禁用，跳過配置保存
2025-08-16 00:19:18,327 - VALO360 - DEBUG - 自動保存已禁用，跳過配置保存
2025-08-16 00:19:18,328 - VALO360 - DEBUG - 自動保存已禁用，跳過配置保存
2025-08-16 00:19:18,329 - VALO360 - DEBUG - 自動保存已禁用，跳過配置保存
2025-08-16 00:19:18,330 - VALO360 - DEBUG - 自動保存已禁用，跳過配置保存
2025-08-16 00:19:18,332 - VALO360 - DEBUG - 自動保存已禁用，跳過配置保存
2025-08-16 00:19:18,332 - VALO360 - DEBUG - 自動保存已禁用，跳過配置保存
2025-08-16 00:19:18,332 - VALO360 - DEBUG - 自動保存已禁用，跳過配置保存
2025-08-16 00:19:18,333 - VALO360 - DEBUG - 自動保存已禁用，跳過配置保存
2025-08-16 00:19:18,341 - VALO360 - DEBUG - 自動保存已禁用，跳過配置保存
2025-08-16 00:19:18,347 - VALO360 - DEBUG - 自動保存已禁用，跳過配置保存
2025-08-16 00:19:18,347 - VALO360 - DEBUG - 自動保存已禁用，跳過配置保存
2025-08-16 00:19:18,348 - VALO360 - DEBUG - 自動保存已禁用，跳過配置保存
2025-08-16 00:19:18,349 - VALO360 - DEBUG - 自動保存已禁用，跳過配置保存
2025-08-16 00:19:18,349 - VALO360 - DEBUG - 自動保存已禁用，跳過配置保存
2025-08-16 00:19:18,349 - VALO360 - DEBUG - 自動保存已禁用，跳過配置保存
2025-08-16 00:19:18,350 - VALO360 - DEBUG - 自動保存已禁用，跳過配置保存
2025-08-16 00:19:18,351 - VALO360 - DEBUG - 自動保存已禁用，跳過配置保存
2025-08-16 00:19:18,352 - VALO360 - DEBUG - 自動保存已禁用，跳過配置保存
2025-08-16 00:19:18,353 - VALO360 - DEBUG - 自動保存已禁用，跳過配置保存
2025-08-16 00:19:18,354 - VALO360 - DEBUG - 自動保存已禁用，跳過配置保存
2025-08-16 00:19:18,354 - VALO360 - DEBUG - 自動保存已禁用，跳過配置保存
2025-08-16 00:19:18,354 - VALO360 - DEBUG - 自動保存已禁用，跳過配置保存
2025-08-16 00:19:18,355 - VALO360 - DEBUG - 自動保存已禁用，跳過配置保存
2025-08-16 00:19:18,356 - VALO360 - DEBUG - 自動保存已禁用，跳過配置保存
2025-08-16 00:19:18,356 - VALO360 - DEBUG - 自動保存已禁用，跳過配置保存
2025-08-16 00:19:18,357 - VALO360 - DEBUG - 自動保存已禁用，跳過配置保存
2025-08-16 00:19:18,358 - VALO360 - DEBUG - 自動保存已禁用，跳過配置保存
2025-08-16 00:19:18,359 - VALO360 - DEBUG - 自動保存已禁用，跳過配置保存
2025-08-16 00:19:18,359 - VALO360 - DEBUG - 自動保存已禁用，跳過配置保存
2025-08-16 00:19:18,360 - VALO360 - DEBUG - 自動保存已禁用，跳過配置保存
2025-08-16 00:19:18,360 - VALO360 - DEBUG - 自動保存已禁用，跳過配置保存
2025-08-16 00:19:18,361 - VALO360 - DEBUG - 自動保存已禁用，跳過配置保存
2025-08-16 00:19:18,361 - VALO360 - DEBUG - 自動保存已禁用，跳過配置保存
2025-08-16 00:19:18,361 - VALO360 - DEBUG - 自動保存已禁用，跳過配置保存
2025-08-16 00:19:18,362 - VALO360 - DEBUG - 自動保存已禁用，跳過配置保存
2025-08-16 00:19:18,363 - VALO360 - DEBUG - 自動保存已禁用，跳過配置保存
2025-08-16 00:19:18,363 - VALO360 - DEBUG - 自動保存已禁用，跳過配置保存
2025-08-16 00:19:18,363 - VALO360 - DEBUG - 自動保存已禁用，跳過配置保存
2025-08-16 00:19:18,364 - VALO360 - DEBUG - 自動保存已禁用，跳過配置保存
2025-08-16 00:19:18,364 - VALO360 - DEBUG - 自動保存已禁用，跳過配置保存
2025-08-16 00:19:18,365 - VALO360 - DEBUG - 自動保存已禁用，跳過配置保存
2025-08-16 00:19:18,365 - VALO360 - DEBUG - 自動保存已禁用，跳過配置保存
2025-08-16 00:19:18,365 - VALO360 - DEBUG - 自動保存已禁用，跳過配置保存
2025-08-16 00:19:18,366 - VALO360 - DEBUG - 自動保存已禁用，跳過配置保存
2025-08-16 00:19:18,366 - VALO360 - DEBUG - 自動保存已禁用，跳過配置保存
2025-08-16 00:19:18,366 - VALO360 - DEBUG - 自動保存已禁用，跳過配置保存
2025-08-16 00:19:18,367 - VALO360 - DEBUG - 自動保存已禁用，跳過配置保存
2025-08-16 00:19:18,368 - VALO360 - DEBUG - 自動保存已禁用，跳過配置保存
2025-08-16 00:19:18,368 - VALO360 - DEBUG - 自動保存已禁用，跳過配置保存
2025-08-16 00:19:18,368 - VALO360 - DEBUG - 自動保存已禁用，跳過配置保存
2025-08-16 00:19:18,369 - VALO360 - DEBUG - 自動保存已禁用，跳過配置保存
2025-08-16 00:19:18,369 - VALO360 - DEBUG - 自動保存已禁用，跳過配置保存
2025-08-16 00:19:18,370 - VALO360 - DEBUG - 自動保存已禁用，跳過配置保存
2025-08-16 00:19:18,370 - VALO360 - DEBUG - 自動保存已禁用，跳過配置保存
2025-08-16 00:19:18,370 - VALO360 - DEBUG - 自動保存已禁用，跳過配置保存
2025-08-16 00:19:18,371 - VALO360 - DEBUG - 自動保存已禁用，跳過配置保存
2025-08-16 00:19:18,372 - VALO360 - DEBUG - 自動保存已禁用，跳過配置保存
2025-08-16 00:19:18,372 - VALO360 - DEBUG - 自動保存已禁用，跳過配置保存
2025-08-16 00:19:18,373 - VALO360 - DEBUG - 自動保存已禁用，跳過配置保存
2025-08-16 00:19:18,373 - VALO360 - DEBUG - 自動保存已禁用，跳過配置保存
2025-08-16 00:19:18,374 - VALO360 - DEBUG - 自動保存已禁用，跳過配置保存
2025-08-16 00:19:18,374 - VALO360 - DEBUG - 自動保存已禁用，跳過配置保存
2025-08-16 00:19:18,374 - VALO360 - DEBUG - 自動保存已禁用，跳過配置保存
2025-08-16 00:19:18,376 - VALO360 - DEBUG - 自動保存已禁用，跳過配置保存
2025-08-16 00:19:18,377 - VALO360 - DEBUG - 自動保存已禁用，跳過配置保存
2025-08-16 00:19:18,378 - VALO360 - DEBUG - 自動保存已禁用，跳過配置保存
2025-08-16 00:19:18,378 - VALO360 - DEBUG - 自動保存已禁用，跳過配置保存
2025-08-16 00:19:18,380 - VALO360 - DEBUG - 自動保存已禁用，跳過配置保存
2025-08-16 00:19:18,381 - VALO360 - DEBUG - 自動保存已禁用，跳過配置保存
2025-08-16 00:19:18,387 - VALO360 - DEBUG - 自動保存已禁用，跳過配置保存
2025-08-16 00:19:18,392 - VALO360 - DEBUG - 自動保存已禁用，跳過配置保存
2025-08-16 00:19:18,393 - VALO360 - DEBUG - 自動保存已禁用，跳過配置保存
2025-08-16 00:19:18,399 - VALO360 - DEBUG - 自動保存已禁用，跳過配置保存
2025-08-16 00:19:18,409 - VALO360 - DEBUG - 自動保存已禁用，跳過配置保存
2025-08-16 00:19:18,410 - VALO360 - DEBUG - 自動保存已禁用，跳過配置保存
2025-08-16 00:19:18,414 - VALO360 - DEBUG - 自動保存已禁用，跳過配置保存
2025-08-16 00:19:18,423 - VALO360 - DEBUG - 自動保存已禁用，跳過配置保存
2025-08-16 00:19:18,425 - VALO360 - DEBUG - 自動保存已禁用，跳過配置保存
2025-08-16 00:19:18,427 - VALO360 - DEBUG - 自動保存已禁用，跳過配置保存
2025-08-16 00:19:18,432 - VALO360 - DEBUG - 自動保存已禁用，跳過配置保存
2025-08-16 00:19:18,433 - VALO360 - DEBUG - 自動保存已禁用，跳過配置保存
2025-08-16 00:19:18,433 - VALO360 - DEBUG - 自動保存已禁用，跳過配置保存
2025-08-16 00:19:18,434 - VALO360 - DEBUG - 自動保存已禁用，跳過配置保存
2025-08-16 00:19:18,435 - VALO360 - DEBUG - 自動保存已禁用，跳過配置保存
2025-08-16 00:19:18,436 - VALO360 - DEBUG - 自動保存已禁用，跳過配置保存
2025-08-16 00:19:18,436 - VALO360 - DEBUG - 自動保存已禁用，跳過配置保存
2025-08-16 00:19:18,436 - VALO360 - DEBUG - 自動保存已禁用，跳過配置保存
2025-08-16 00:19:18,437 - VALO360 - DEBUG - 自動保存已禁用，跳過配置保存
2025-08-16 00:19:18,438 - VALO360 - DEBUG - 自動保存已禁用，跳過配置保存
2025-08-16 00:19:18,438 - VALO360 - DEBUG - 自動保存已禁用，跳過配置保存
2025-08-16 00:19:18,438 - VALO360 - DEBUG - 自動保存已禁用，跳過配置保存
2025-08-16 00:19:18,440 - VALO360 - DEBUG - 自動保存已禁用，跳過配置保存
2025-08-16 00:19:18,441 - VALO360 - DEBUG - 自動保存已禁用，跳過配置保存
2025-08-16 00:19:18,441 - VALO360 - DEBUG - 自動保存已禁用，跳過配置保存
2025-08-16 00:19:18,441 - VALO360 - DEBUG - 自動保存已禁用，跳過配置保存
2025-08-16 00:19:18,565 - VALO360 - DEBUG - 自動保存已禁用，跳過配置保存
2025-08-16 00:19:18,565 - VALO360 - DEBUG - 自動保存已禁用，跳過配置保存
2025-08-16 00:19:18,565 - VALO360 - DEBUG - 自動保存已禁用，跳過配置保存
2025-08-16 00:19:18,565 - VALO360 - DEBUG - 自動保存已禁用，跳過配置保存
2025-08-16 00:19:18,566 - VALO360 - DEBUG - 自動保存已禁用，跳過配置保存
2025-08-16 00:19:18,566 - VALO360 - DEBUG - 自動保存已禁用，跳過配置保存
2025-08-16 00:19:18,566 - VALO360 - DEBUG - 自動保存已禁用，跳過配置保存
2025-08-16 00:19:18,566 - VALO360 - DEBUG - 自動保存已禁用，跳過配置保存
2025-08-16 00:19:18,570 - VALO360 - DEBUG - 自動保存已禁用，跳過配置保存
2025-08-16 00:19:18,570 - VALO360 - DEBUG - 自動保存已禁用，跳過配置保存
2025-08-16 00:19:18,571 - VALO360 - DEBUG - 自動保存已禁用，跳過配置保存
2025-08-16 00:19:18,571 - VALO360 - DEBUG - 自動保存已禁用，跳過配置保存
2025-08-16 00:19:18,571 - VALO360 - DEBUG - 自動保存已禁用，跳過配置保存
2025-08-16 00:19:18,572 - VALO360 - DEBUG - 自動保存已禁用，跳過配置保存
2025-08-16 00:19:18,572 - VALO360 - DEBUG - 自動保存已禁用，跳過配置保存
2025-08-16 00:19:18,572 - VALO360 - DEBUG - 自動保存已禁用，跳過配置保存
2025-08-16 00:19:18,579 - VALO360 - DEBUG - 自動保存已禁用，跳過配置保存
2025-08-16 00:19:18,579 - VALO360 - DEBUG - 自動保存已禁用，跳過配置保存
2025-08-16 00:19:18,579 - VALO360 - DEBUG - 自動保存已禁用，跳過配置保存
2025-08-16 00:19:18,580 - VALO360 - DEBUG - 自動保存已禁用，跳過配置保存
2025-08-16 00:19:18,580 - VALO360 - DEBUG - 自動保存已禁用，跳過配置保存
2025-08-16 00:19:18,580 - VALO360 - DEBUG - 自動保存已禁用，跳過配置保存
2025-08-16 00:19:18,580 - VALO360 - DEBUG - 自動保存已禁用，跳過配置保存
2025-08-16 00:19:18,581 - VALO360 - DEBUG - 自動保存已禁用，跳過配置保存
2025-08-16 00:19:18,590 - VALO360 - DEBUG - 自動保存已禁用，跳過配置保存
2025-08-16 00:19:18,590 - VALO360 - DEBUG - 自動保存已禁用，跳過配置保存
2025-08-16 00:19:18,591 - VALO360 - DEBUG - 自動保存已禁用，跳過配置保存
2025-08-16 00:19:18,591 - VALO360 - DEBUG - 自動保存已禁用，跳過配置保存
2025-08-16 00:19:18,592 - VALO360 - DEBUG - 自動保存已禁用，跳過配置保存
2025-08-16 00:19:18,592 - VALO360 - DEBUG - 自動保存已禁用，跳過配置保存
2025-08-16 00:19:18,592 - VALO360 - DEBUG - 自動保存已禁用，跳過配置保存
2025-08-16 00:19:18,593 - VALO360 - DEBUG - 自動保存已禁用，跳過配置保存
2025-08-16 00:19:18,600 - VALO360 - DEBUG - 自動保存已禁用，跳過配置保存
2025-08-16 00:19:18,601 - VALO360 - DEBUG - 自動保存已禁用，跳過配置保存
2025-08-16 00:19:18,601 - VALO360 - DEBUG - 自動保存已禁用，跳過配置保存
2025-08-16 00:19:18,601 - VALO360 - DEBUG - 自動保存已禁用，跳過配置保存
2025-08-16 00:19:18,602 - VALO360 - DEBUG - 自動保存已禁用，跳過配置保存
2025-08-16 00:19:18,602 - VALO360 - DEBUG - 自動保存已禁用，跳過配置保存
2025-08-16 00:19:18,603 - VALO360 - DEBUG - 自動保存已禁用，跳過配置保存
2025-08-16 00:19:18,603 - VALO360 - DEBUG - 自動保存已禁用，跳過配置保存
2025-08-16 00:19:18,612 - VALO360 - DEBUG - 自動保存已禁用，跳過配置保存
2025-08-16 00:19:18,612 - VALO360 - DEBUG - 自動保存已禁用，跳過配置保存
2025-08-16 00:19:18,612 - VALO360 - DEBUG - 自動保存已禁用，跳過配置保存
2025-08-16 00:19:18,613 - VALO360 - DEBUG - 自動保存已禁用，跳過配置保存
2025-08-16 00:19:18,613 - VALO360 - DEBUG - 自動保存已禁用，跳過配置保存
2025-08-16 00:19:18,613 - VALO360 - DEBUG - 自動保存已禁用，跳過配置保存
2025-08-16 00:19:18,614 - VALO360 - DEBUG - 自動保存已禁用，跳過配置保存
2025-08-16 00:19:18,614 - VALO360 - DEBUG - 自動保存已禁用，跳過配置保存
2025-08-16 00:19:18,623 - VALO360 - DEBUG - 自動保存已禁用，跳過配置保存
2025-08-16 00:19:18,624 - VALO360 - DEBUG - 自動保存已禁用，跳過配置保存
2025-08-16 00:19:18,624 - VALO360 - DEBUG - 自動保存已禁用，跳過配置保存
2025-08-16 00:19:18,624 - VALO360 - DEBUG - 自動保存已禁用，跳過配置保存
2025-08-16 00:19:18,625 - VALO360 - DEBUG - 自動保存已禁用，跳過配置保存
2025-08-16 00:19:18,625 - VALO360 - DEBUG - 自動保存已禁用，跳過配置保存
2025-08-16 00:19:18,625 - VALO360 - DEBUG - 自動保存已禁用，跳過配置保存
2025-08-16 00:19:18,626 - VALO360 - DEBUG - 自動保存已禁用，跳過配置保存
2025-08-16 00:19:18,629 - VALO360 - DEBUG - 自動保存已禁用，跳過配置保存
2025-08-16 00:19:18,629 - VALO360 - DEBUG - 自動保存已禁用，跳過配置保存
2025-08-16 00:19:18,629 - VALO360 - DEBUG - 自動保存已禁用，跳過配置保存
2025-08-16 00:19:18,630 - VALO360 - DEBUG - 自動保存已禁用，跳過配置保存
2025-08-16 00:19:18,630 - VALO360 - DEBUG - 自動保存已禁用，跳過配置保存
2025-08-16 00:19:18,630 - VALO360 - DEBUG - 自動保存已禁用，跳過配置保存
2025-08-16 00:19:18,630 - VALO360 - DEBUG - 自動保存已禁用，跳過配置保存
2025-08-16 00:19:18,631 - VALO360 - DEBUG - 自動保存已禁用，跳過配置保存
2025-08-16 00:19:18,633 - VALO360 - DEBUG - 自動保存已禁用，跳過配置保存
2025-08-16 00:19:18,633 - VALO360 - DEBUG - 自動保存已禁用，跳過配置保存
2025-08-16 00:19:18,634 - VALO360 - DEBUG - 自動保存已禁用，跳過配置保存
2025-08-16 00:19:18,634 - VALO360 - DEBUG - 自動保存已禁用，跳過配置保存
2025-08-16 00:19:18,634 - VALO360 - DEBUG - 自動保存已禁用，跳過配置保存
2025-08-16 00:19:18,635 - VALO360 - DEBUG - 自動保存已禁用，跳過配置保存
2025-08-16 00:19:18,635 - VALO360 - DEBUG - 自動保存已禁用，跳過配置保存
2025-08-16 00:19:18,635 - VALO360 - DEBUG - 自動保存已禁用，跳過配置保存
2025-08-16 00:19:18,635 - VALO360 - DEBUG - 自動保存已禁用，跳過配置保存
2025-08-16 00:19:18,636 - VALO360 - DEBUG - 自動保存已禁用，跳過配置保存
2025-08-16 00:19:18,636 - VALO360 - DEBUG - 自動保存已禁用，跳過配置保存
2025-08-16 00:19:18,636 - VALO360 - DEBUG - 自動保存已禁用，跳過配置保存
2025-08-16 00:19:18,636 - VALO360 - DEBUG - 自動保存已禁用，跳過配置保存
2025-08-16 00:19:18,637 - VALO360 - DEBUG - 自動保存已禁用，跳過配置保存
2025-08-16 00:19:18,637 - VALO360 - DEBUG - 自動保存已禁用，跳過配置保存
2025-08-16 00:19:18,637 - VALO360 - DEBUG - 自動保存已禁用，跳過配置保存
2025-08-16 00:19:18,640 - VALO360 - DEBUG - 自動保存已禁用，跳過配置保存
2025-08-16 00:19:18,641 - VALO360 - DEBUG - 自動保存已禁用，跳過配置保存
2025-08-16 00:19:18,641 - VALO360 - DEBUG - 自動保存已禁用，跳過配置保存
2025-08-16 00:19:18,641 - VALO360 - DEBUG - 自動保存已禁用，跳過配置保存
2025-08-16 00:19:18,641 - VALO360 - DEBUG - 自動保存已禁用，跳過配置保存
2025-08-16 00:19:18,642 - VALO360 - DEBUG - 自動保存已禁用，跳過配置保存
2025-08-16 00:19:18,642 - VALO360 - DEBUG - 自動保存已禁用，跳過配置保存
2025-08-16 00:19:18,642 - VALO360 - DEBUG - 自動保存已禁用，跳過配置保存
2025-08-16 00:19:18,645 - VALO360 - DEBUG - 自動保存已禁用，跳過配置保存
2025-08-16 00:19:18,645 - VALO360 - DEBUG - 自動保存已禁用，跳過配置保存
2025-08-16 00:19:18,645 - VALO360 - DEBUG - 自動保存已禁用，跳過配置保存
2025-08-16 00:19:18,646 - VALO360 - DEBUG - 自動保存已禁用，跳過配置保存
2025-08-16 00:19:18,646 - VALO360 - DEBUG - 自動保存已禁用，跳過配置保存
2025-08-16 00:19:18,647 - VALO360 - DEBUG - 自動保存已禁用，跳過配置保存
2025-08-16 00:19:18,647 - VALO360 - DEBUG - 自動保存已禁用，跳過配置保存
2025-08-16 00:19:18,647 - VALO360 - DEBUG - 自動保存已禁用，跳過配置保存
2025-08-16 00:19:18,656 - VALO360 - DEBUG - 自動保存已禁用，跳過配置保存
2025-08-16 00:19:18,656 - VALO360 - DEBUG - 自動保存已禁用，跳過配置保存
2025-08-16 00:19:18,657 - VALO360 - DEBUG - 自動保存已禁用，跳過配置保存
2025-08-16 00:19:18,657 - VALO360 - DEBUG - 自動保存已禁用，跳過配置保存
2025-08-16 00:19:18,657 - VALO360 - DEBUG - 自動保存已禁用，跳過配置保存
2025-08-16 00:19:18,658 - VALO360 - DEBUG - 自動保存已禁用，跳過配置保存
2025-08-16 00:19:18,658 - VALO360 - DEBUG - 自動保存已禁用，跳過配置保存
2025-08-16 00:19:18,658 - VALO360 - DEBUG - 自動保存已禁用，跳過配置保存
2025-08-16 00:19:18,659 - VALO360 - DEBUG - 自動保存已禁用，跳過配置保存
2025-08-16 00:19:18,659 - VALO360 - DEBUG - 自動保存已禁用，跳過配置保存
2025-08-16 00:19:18,659 - VALO360 - DEBUG - 自動保存已禁用，跳過配置保存
2025-08-16 00:19:18,659 - VALO360 - DEBUG - 自動保存已禁用，跳過配置保存
2025-08-16 00:19:18,660 - VALO360 - DEBUG - 自動保存已禁用，跳過配置保存
2025-08-16 00:19:18,660 - VALO360 - DEBUG - 自動保存已禁用，跳過配置保存
2025-08-16 00:19:18,660 - VALO360 - DEBUG - 自動保存已禁用，跳過配置保存
2025-08-16 00:19:18,660 - VALO360 - DEBUG - 自動保存已禁用，跳過配置保存
2025-08-16 00:19:18,664 - VALO360 - DEBUG - 自動保存已禁用，跳過配置保存
2025-08-16 00:19:18,665 - VALO360 - DEBUG - 自動保存已禁用，跳過配置保存
2025-08-16 00:19:18,665 - VALO360 - DEBUG - 自動保存已禁用，跳過配置保存
2025-08-16 00:19:18,665 - VALO360 - DEBUG - 自動保存已禁用，跳過配置保存
2025-08-16 00:19:18,665 - VALO360 - DEBUG - 自動保存已禁用，跳過配置保存
2025-08-16 00:19:18,666 - VALO360 - DEBUG - 自動保存已禁用，跳過配置保存
2025-08-16 00:19:18,666 - VALO360 - DEBUG - 自動保存已禁用，跳過配置保存
2025-08-16 00:19:18,666 - VALO360 - DEBUG - 自動保存已禁用，跳過配置保存
2025-08-16 00:19:18,699 - VALO360 - DEBUG - 自動保存已禁用，跳過配置保存
2025-08-16 00:19:18,699 - VALO360 - DEBUG - 自動保存已禁用，跳過配置保存
2025-08-16 00:19:18,699 - VALO360 - DEBUG - 自動保存已禁用，跳過配置保存
2025-08-16 00:19:18,699 - VALO360 - DEBUG - 自動保存已禁用，跳過配置保存
2025-08-16 00:19:18,700 - VALO360 - DEBUG - 自動保存已禁用，跳過配置保存
2025-08-16 00:19:18,700 - VALO360 - DEBUG - 自動保存已禁用，跳過配置保存
2025-08-16 00:19:18,700 - VALO360 - DEBUG - 自動保存已禁用，跳過配置保存
2025-08-16 00:19:18,700 - VALO360 - DEBUG - 自動保存已禁用，跳過配置保存
2025-08-16 00:19:18,706 - VALO360 - DEBUG - 自動保存已禁用，跳過配置保存
2025-08-16 00:19:18,707 - VALO360 - DEBUG - 自動保存已禁用，跳過配置保存
2025-08-16 00:19:18,707 - VALO360 - DEBUG - 自動保存已禁用，跳過配置保存
2025-08-16 00:19:18,707 - VALO360 - DEBUG - 自動保存已禁用，跳過配置保存
2025-08-16 00:19:18,708 - VALO360 - DEBUG - 自動保存已禁用，跳過配置保存
2025-08-16 00:19:18,708 - VALO360 - DEBUG - 自動保存已禁用，跳過配置保存
2025-08-16 00:19:18,708 - VALO360 - DEBUG - 自動保存已禁用，跳過配置保存
2025-08-16 00:19:18,708 - VALO360 - DEBUG - 自動保存已禁用，跳過配置保存
2025-08-16 00:19:18,715 - VALO360 - DEBUG - 自動保存已禁用，跳過配置保存
2025-08-16 00:19:18,715 - VALO360 - DEBUG - 自動保存已禁用，跳過配置保存
2025-08-16 00:19:18,715 - VALO360 - DEBUG - 自動保存已禁用，跳過配置保存
2025-08-16 00:19:18,715 - VALO360 - DEBUG - 自動保存已禁用，跳過配置保存
2025-08-16 00:19:18,715 - VALO360 - DEBUG - 自動保存已禁用，跳過配置保存
2025-08-16 00:19:18,716 - VALO360 - DEBUG - 自動保存已禁用，跳過配置保存
2025-08-16 00:19:18,716 - VALO360 - DEBUG - 自動保存已禁用，跳過配置保存
2025-08-16 00:19:18,716 - VALO360 - DEBUG - 自動保存已禁用，跳過配置保存
2025-08-16 00:19:18,716 - VALO360 - DEBUG - 自動保存已禁用，跳過配置保存
2025-08-16 00:19:18,717 - VALO360 - DEBUG - 自動保存已禁用，跳過配置保存
2025-08-16 00:19:18,717 - VALO360 - DEBUG - 自動保存已禁用，跳過配置保存
2025-08-16 00:19:18,717 - VALO360 - DEBUG - 自動保存已禁用，跳過配置保存
2025-08-16 00:19:18,717 - VALO360 - DEBUG - 自動保存已禁用，跳過配置保存
2025-08-16 00:19:18,717 - VALO360 - DEBUG - 自動保存已禁用，跳過配置保存
2025-08-16 00:19:18,718 - VALO360 - DEBUG - 自動保存已禁用，跳過配置保存
2025-08-16 00:19:18,718 - VALO360 - DEBUG - 自動保存已禁用，跳過配置保存
2025-08-16 00:19:18,735 - VALO360 - DEBUG - 自動保存已禁用，跳過配置保存
2025-08-16 00:19:18,735 - VALO360 - DEBUG - 自動保存已禁用，跳過配置保存
2025-08-16 00:19:18,735 - VALO360 - DEBUG - 自動保存已禁用，跳過配置保存
2025-08-16 00:19:18,735 - VALO360 - DEBUG - 自動保存已禁用，跳過配置保存
2025-08-16 00:19:18,736 - VALO360 - DEBUG - 自動保存已禁用，跳過配置保存
2025-08-16 00:19:18,736 - VALO360 - DEBUG - 自動保存已禁用，跳過配置保存
2025-08-16 00:19:18,736 - VALO360 - DEBUG - 自動保存已禁用，跳過配置保存
2025-08-16 00:19:18,737 - VALO360 - DEBUG - 自動保存已禁用，跳過配置保存
2025-08-16 00:19:18,740 - VALO360 - DEBUG - 自動保存已禁用，跳過配置保存
2025-08-16 00:19:18,740 - VALO360 - DEBUG - 自動保存已禁用，跳過配置保存
2025-08-16 00:19:18,740 - VALO360 - DEBUG - 自動保存已禁用，跳過配置保存
2025-08-16 00:19:18,741 - VALO360 - DEBUG - 自動保存已禁用，跳過配置保存
2025-08-16 00:19:18,741 - VALO360 - DEBUG - 自動保存已禁用，跳過配置保存
2025-08-16 00:19:18,741 - VALO360 - DEBUG - 自動保存已禁用，跳過配置保存
2025-08-16 00:19:18,742 - VALO360 - DEBUG - 自動保存已禁用，跳過配置保存
2025-08-16 00:19:18,742 - VALO360 - DEBUG - 自動保存已禁用，跳過配置保存
2025-08-16 00:19:18,776 - VALO360 - DEBUG - 自動保存已禁用，跳過配置保存
2025-08-16 00:19:18,777 - VALO360 - DEBUG - 自動保存已禁用，跳過配置保存
2025-08-16 00:19:18,777 - VALO360 - DEBUG - 自動保存已禁用，跳過配置保存
2025-08-16 00:19:18,777 - VALO360 - DEBUG - 自動保存已禁用，跳過配置保存
2025-08-16 00:19:18,778 - VALO360 - DEBUG - 自動保存已禁用，跳過配置保存
2025-08-16 00:19:18,778 - VALO360 - DEBUG - 自動保存已禁用，跳過配置保存
2025-08-16 00:19:18,778 - VALO360 - DEBUG - 自動保存已禁用，跳過配置保存
2025-08-16 00:19:18,778 - VALO360 - DEBUG - 自動保存已禁用，跳過配置保存
2025-08-16 00:19:18,792 - VALO360 - DEBUG - 自動保存已禁用，跳過配置保存
2025-08-16 00:19:18,792 - VALO360 - DEBUG - 自動保存已禁用，跳過配置保存
2025-08-16 00:19:18,793 - VALO360 - DEBUG - 自動保存已禁用，跳過配置保存
2025-08-16 00:19:18,793 - VALO360 - DEBUG - 自動保存已禁用，跳過配置保存
2025-08-16 00:19:18,793 - VALO360 - DEBUG - 自動保存已禁用，跳過配置保存
2025-08-16 00:19:18,794 - VALO360 - DEBUG - 自動保存已禁用，跳過配置保存
2025-08-16 00:19:18,794 - VALO360 - DEBUG - 自動保存已禁用，跳過配置保存
2025-08-16 00:19:18,794 - VALO360 - DEBUG - 自動保存已禁用，跳過配置保存
2025-08-16 00:19:18,795 - VALO360 - DEBUG - 自動保存已禁用，跳過配置保存
2025-08-16 00:19:18,795 - VALO360 - DEBUG - 自動保存已禁用，跳過配置保存
2025-08-16 00:19:18,795 - VALO360 - DEBUG - 自動保存已禁用，跳過配置保存
2025-08-16 00:19:18,795 - VALO360 - DEBUG - 自動保存已禁用，跳過配置保存
2025-08-16 00:19:18,796 - VALO360 - DEBUG - 自動保存已禁用，跳過配置保存
2025-08-16 00:19:18,796 - VALO360 - DEBUG - 自動保存已禁用，跳過配置保存
2025-08-16 00:19:18,796 - VALO360 - DEBUG - 自動保存已禁用，跳過配置保存
2025-08-16 00:19:18,797 - VALO360 - DEBUG - 自動保存已禁用，跳過配置保存
2025-08-16 00:19:18,797 - VALO360 - DEBUG - 自動保存已禁用，跳過配置保存
2025-08-16 00:19:18,797 - VALO360 - DEBUG - 自動保存已禁用，跳過配置保存
2025-08-16 00:19:18,798 - VALO360 - DEBUG - 自動保存已禁用，跳過配置保存
2025-08-16 00:19:18,798 - VALO360 - DEBUG - 自動保存已禁用，跳過配置保存
2025-08-16 00:19:18,798 - VALO360 - DEBUG - 自動保存已禁用，跳過配置保存
2025-08-16 00:19:18,799 - VALO360 - DEBUG - 自動保存已禁用，跳過配置保存
2025-08-16 00:19:18,799 - VALO360 - DEBUG - 自動保存已禁用，跳過配置保存
2025-08-16 00:19:18,799 - VALO360 - DEBUG - 自動保存已禁用，跳過配置保存
2025-08-16 00:19:18,799 - VALO360 - DEBUG - 自動保存已禁用，跳過配置保存
2025-08-16 00:19:18,800 - VALO360 - DEBUG - 自動保存已禁用，跳過配置保存
2025-08-16 00:19:18,800 - VALO360 - DEBUG - 自動保存已禁用，跳過配置保存
2025-08-16 00:19:18,800 - VALO360 - DEBUG - 自動保存已禁用，跳過配置保存
2025-08-16 00:19:18,801 - VALO360 - DEBUG - 自動保存已禁用，跳過配置保存
2025-08-16 00:19:18,801 - VALO360 - DEBUG - 自動保存已禁用，跳過配置保存
2025-08-16 00:19:18,802 - VALO360 - DEBUG - 自動保存已禁用，跳過配置保存
2025-08-16 00:19:18,802 - VALO360 - DEBUG - 自動保存已禁用，跳過配置保存
2025-08-16 00:19:18,802 - VALO360 - DEBUG - 自動保存已禁用，跳過配置保存
2025-08-16 00:19:18,803 - VALO360 - DEBUG - 自動保存已禁用，跳過配置保存
2025-08-16 00:19:18,803 - VALO360 - DEBUG - 自動保存已禁用，跳過配置保存
2025-08-16 00:19:18,803 - VALO360 - DEBUG - 自動保存已禁用，跳過配置保存
2025-08-16 00:19:18,804 - VALO360 - DEBUG - 自動保存已禁用，跳過配置保存
2025-08-16 00:19:18,804 - VALO360 - DEBUG - 自動保存已禁用，跳過配置保存
2025-08-16 00:19:18,804 - VALO360 - DEBUG - 自動保存已禁用，跳過配置保存
2025-08-16 00:19:18,805 - VALO360 - DEBUG - 自動保存已禁用，跳過配置保存
2025-08-16 00:19:18,805 - VALO360 - DEBUG - 自動保存已禁用，跳過配置保存
2025-08-16 00:19:18,805 - VALO360 - DEBUG - 自動保存已禁用，跳過配置保存
2025-08-16 00:19:18,805 - VALO360 - DEBUG - 自動保存已禁用，跳過配置保存
2025-08-16 00:19:18,806 - VALO360 - DEBUG - 自動保存已禁用，跳過配置保存
2025-08-16 00:19:18,806 - VALO360 - DEBUG - 自動保存已禁用，跳過配置保存
2025-08-16 00:19:18,806 - VALO360 - DEBUG - 自動保存已禁用，跳過配置保存
2025-08-16 00:19:18,807 - VALO360 - DEBUG - 自動保存已禁用，跳過配置保存
2025-08-16 00:19:18,807 - VALO360 - DEBUG - 自動保存已禁用，跳過配置保存
2025-08-16 00:19:18,807 - VALO360 - DEBUG - 自動保存已禁用，跳過配置保存
2025-08-16 00:19:18,808 - VALO360 - DEBUG - 自動保存已禁用，跳過配置保存
2025-08-16 00:19:18,808 - VALO360 - DEBUG - 自動保存已禁用，跳過配置保存
2025-08-16 00:19:18,808 - VALO360 - DEBUG - 自動保存已禁用，跳過配置保存
2025-08-16 00:19:18,809 - VALO360 - DEBUG - 自動保存已禁用，跳過配置保存
2025-08-16 00:19:18,809 - VALO360 - DEBUG - 自動保存已禁用，跳過配置保存
2025-08-16 00:19:18,809 - VALO360 - DEBUG - 自動保存已禁用，跳過配置保存
2025-08-16 00:19:18,809 - VALO360 - DEBUG - 自動保存已禁用，跳過配置保存
2025-08-16 00:19:18,810 - VALO360 - DEBUG - 自動保存已禁用，跳過配置保存
2025-08-16 00:19:18,810 - VALO360 - DEBUG - 自動保存已禁用，跳過配置保存
2025-08-16 00:19:18,810 - VALO360 - DEBUG - 自動保存已禁用，跳過配置保存
2025-08-16 00:19:18,810 - VALO360 - DEBUG - 自動保存已禁用，跳過配置保存
2025-08-16 00:19:18,857 - VALO360 - DEBUG - 自動保存已禁用，跳過配置保存
2025-08-16 00:19:18,858 - VALO360 - DEBUG - 自動保存已禁用，跳過配置保存
2025-08-16 00:19:18,858 - VALO360 - DEBUG - 自動保存已禁用，跳過配置保存
2025-08-16 00:19:18,858 - VALO360 - DEBUG - 自動保存已禁用，跳過配置保存
2025-08-16 00:19:18,859 - VALO360 - DEBUG - 自動保存已禁用，跳過配置保存
2025-08-16 00:19:18,859 - VALO360 - DEBUG - 自動保存已禁用，跳過配置保存
2025-08-16 00:19:18,859 - VALO360 - DEBUG - 自動保存已禁用，跳過配置保存
2025-08-16 00:19:18,859 - VALO360 - DEBUG - 自動保存已禁用，跳過配置保存
2025-08-16 00:19:18,860 - VALO360 - DEBUG - 自動保存已禁用，跳過配置保存
2025-08-16 00:19:18,860 - VALO360 - DEBUG - 自動保存已禁用，跳過配置保存
2025-08-16 00:19:18,860 - VALO360 - DEBUG - 自動保存已禁用，跳過配置保存
2025-08-16 00:19:18,860 - VALO360 - DEBUG - 自動保存已禁用，跳過配置保存
2025-08-16 00:19:18,861 - VALO360 - DEBUG - 自動保存已禁用，跳過配置保存
2025-08-16 00:19:18,861 - VALO360 - DEBUG - 自動保存已禁用，跳過配置保存
2025-08-16 00:19:18,861 - VALO360 - DEBUG - 自動保存已禁用，跳過配置保存
2025-08-16 00:19:18,861 - VALO360 - DEBUG - 自動保存已禁用，跳過配置保存
2025-08-16 00:19:18,862 - VALO360 - DEBUG - 自動保存已禁用，跳過配置保存
2025-08-16 00:19:18,862 - VALO360 - DEBUG - 自動保存已禁用，跳過配置保存
2025-08-16 00:19:18,862 - VALO360 - DEBUG - 自動保存已禁用，跳過配置保存
2025-08-16 00:19:18,862 - VALO360 - DEBUG - 自動保存已禁用，跳過配置保存
2025-08-16 00:19:18,864 - VALO360 - DEBUG - 自動保存已禁用，跳過配置保存
2025-08-16 00:19:18,864 - VALO360 - DEBUG - 自動保存已禁用，跳過配置保存
2025-08-16 00:19:18,864 - VALO360 - DEBUG - 自動保存已禁用，跳過配置保存
2025-08-16 00:19:18,864 - VALO360 - DEBUG - 自動保存已禁用，跳過配置保存
2025-08-16 00:19:18,865 - VALO360 - DEBUG - 自動保存已禁用，跳過配置保存
2025-08-16 00:19:18,865 - VALO360 - DEBUG - 自動保存已禁用，跳過配置保存
2025-08-16 00:19:18,865 - VALO360 - DEBUG - 自動保存已禁用，跳過配置保存
2025-08-16 00:19:18,865 - VALO360 - DEBUG - 自動保存已禁用，跳過配置保存
2025-08-16 00:19:18,866 - VALO360 - DEBUG - 自動保存已禁用，跳過配置保存
2025-08-16 00:19:18,866 - VALO360 - DEBUG - 自動保存已禁用，跳過配置保存
2025-08-16 00:19:18,866 - VALO360 - DEBUG - 自動保存已禁用，跳過配置保存
2025-08-16 00:19:18,867 - VALO360 - DEBUG - 自動保存已禁用，跳過配置保存
2025-08-16 00:19:18,867 - VALO360 - DEBUG - 自動保存已禁用，跳過配置保存
2025-08-16 00:19:18,868 - VALO360 - DEBUG - 自動保存已禁用，跳過配置保存
2025-08-16 00:19:18,868 - VALO360 - DEBUG - 自動保存已禁用，跳過配置保存
2025-08-16 00:19:18,868 - VALO360 - DEBUG - 自動保存已禁用，跳過配置保存
2025-08-16 00:19:18,869 - VALO360 - DEBUG - 自動保存已禁用，跳過配置保存
2025-08-16 00:19:18,869 - VALO360 - DEBUG - 自動保存已禁用，跳過配置保存
2025-08-16 00:19:18,870 - VALO360 - DEBUG - 自動保存已禁用，跳過配置保存
2025-08-16 00:19:18,870 - VALO360 - DEBUG - 自動保存已禁用，跳過配置保存
2025-08-16 00:19:18,870 - VALO360 - DEBUG - 自動保存已禁用，跳過配置保存
2025-08-16 00:19:18,871 - VALO360 - DEBUG - 自動保存已禁用，跳過配置保存
2025-08-16 00:19:18,871 - VALO360 - DEBUG - 自動保存已禁用，跳過配置保存
2025-08-16 00:19:18,871 - VALO360 - DEBUG - 自動保存已禁用，跳過配置保存
2025-08-16 00:19:18,872 - VALO360 - DEBUG - 自動保存已禁用，跳過配置保存
2025-08-16 00:19:18,872 - VALO360 - DEBUG - 自動保存已禁用，跳過配置保存
2025-08-16 00:19:18,872 - VALO360 - DEBUG - 自動保存已禁用，跳過配置保存
2025-08-16 00:19:18,873 - VALO360 - DEBUG - 自動保存已禁用，跳過配置保存
2025-08-16 00:19:18,873 - VALO360 - DEBUG - 自動保存已禁用，跳過配置保存
2025-08-16 00:19:18,873 - VALO360 - DEBUG - 自動保存已禁用，跳過配置保存
2025-08-16 00:19:18,874 - VALO360 - DEBUG - 自動保存已禁用，跳過配置保存
2025-08-16 00:19:18,874 - VALO360 - DEBUG - 自動保存已禁用，跳過配置保存
2025-08-16 00:19:18,874 - VALO360 - DEBUG - 自動保存已禁用，跳過配置保存
2025-08-16 00:19:18,875 - VALO360 - DEBUG - 自動保存已禁用，跳過配置保存
2025-08-16 00:19:18,875 - VALO360 - DEBUG - 自動保存已禁用，跳過配置保存
2025-08-16 00:19:18,875 - VALO360 - DEBUG - 自動保存已禁用，跳過配置保存
2025-08-16 00:19:18,875 - VALO360 - DEBUG - 自動保存已禁用，跳過配置保存
2025-08-16 00:19:18,876 - VALO360 - DEBUG - 自動保存已禁用，跳過配置保存
2025-08-16 00:19:18,876 - VALO360 - DEBUG - 自動保存已禁用，跳過配置保存
2025-08-16 00:19:18,876 - VALO360 - DEBUG - 自動保存已禁用，跳過配置保存
2025-08-16 00:19:18,876 - VALO360 - DEBUG - 自動保存已禁用，跳過配置保存
2025-08-16 00:19:18,877 - VALO360 - DEBUG - 自動保存已禁用，跳過配置保存
2025-08-16 00:19:18,877 - VALO360 - DEBUG - 自動保存已禁用，跳過配置保存
2025-08-16 00:19:18,877 - VALO360 - DEBUG - 自動保存已禁用，跳過配置保存
2025-08-16 00:19:18,878 - VALO360 - DEBUG - 自動保存已禁用，跳過配置保存
2025-08-16 00:19:18,878 - VALO360 - DEBUG - 自動保存已禁用，跳過配置保存
2025-08-16 00:19:18,878 - VALO360 - DEBUG - 自動保存已禁用，跳過配置保存
2025-08-16 00:19:18,879 - VALO360 - DEBUG - 自動保存已禁用，跳過配置保存
2025-08-16 00:19:18,879 - VALO360 - DEBUG - 自動保存已禁用，跳過配置保存
2025-08-16 00:19:18,879 - VALO360 - DEBUG - 自動保存已禁用，跳過配置保存
2025-08-16 00:19:18,879 - VALO360 - DEBUG - 自動保存已禁用，跳過配置保存
2025-08-16 00:19:18,880 - VALO360 - DEBUG - 自動保存已禁用，跳過配置保存
2025-08-16 00:19:18,880 - VALO360 - DEBUG - 自動保存已禁用，跳過配置保存
2025-08-16 00:19:18,880 - VALO360 - DEBUG - 自動保存已禁用，跳過配置保存
2025-08-16 00:19:18,880 - VALO360 - DEBUG - 自動保存已禁用，跳過配置保存
2025-08-16 00:19:18,880 - VALO360 - DEBUG - 自動保存已禁用，跳過配置保存
2025-08-16 00:19:18,881 - VALO360 - DEBUG - 自動保存已禁用，跳過配置保存
2025-08-16 00:19:18,881 - VALO360 - DEBUG - 自動保存已禁用，跳過配置保存
2025-08-16 00:19:18,881 - VALO360 - DEBUG - 自動保存已禁用，跳過配置保存
2025-08-16 00:19:18,881 - VALO360 - DEBUG - 自動保存已禁用，跳過配置保存
2025-08-16 00:19:18,882 - VALO360 - DEBUG - 自動保存已禁用，跳過配置保存
2025-08-16 00:19:18,882 - VALO360 - DEBUG - 自動保存已禁用，跳過配置保存
2025-08-16 00:19:18,882 - VALO360 - DEBUG - 自動保存已禁用，跳過配置保存
2025-08-16 00:19:18,882 - VALO360 - DEBUG - 自動保存已禁用，跳過配置保存
2025-08-16 00:19:18,883 - VALO360 - DEBUG - 自動保存已禁用，跳過配置保存
2025-08-16 00:19:18,883 - VALO360 - DEBUG - 自動保存已禁用，跳過配置保存
2025-08-16 00:19:18,883 - VALO360 - DEBUG - 自動保存已禁用，跳過配置保存
2025-08-16 00:19:18,883 - VALO360 - DEBUG - 自動保存已禁用，跳過配置保存
2025-08-16 00:19:18,884 - VALO360 - DEBUG - 自動保存已禁用，跳過配置保存
2025-08-16 00:19:18,884 - VALO360 - DEBUG - 自動保存已禁用，跳過配置保存
2025-08-16 00:19:18,884 - VALO360 - DEBUG - 自動保存已禁用，跳過配置保存
2025-08-16 00:19:18,884 - VALO360 - DEBUG - 自動保存已禁用，跳過配置保存
2025-08-16 00:19:18,885 - VALO360 - DEBUG - 自動保存已禁用，跳過配置保存
2025-08-16 00:19:18,885 - VALO360 - DEBUG - 自動保存已禁用，跳過配置保存
2025-08-16 00:19:18,885 - VALO360 - DEBUG - 自動保存已禁用，跳過配置保存
2025-08-16 00:19:18,885 - VALO360 - DEBUG - 自動保存已禁用，跳過配置保存
2025-08-16 00:19:18,885 - VALO360 - DEBUG - 自動保存已禁用，跳過配置保存
2025-08-16 00:19:18,886 - VALO360 - DEBUG - 自動保存已禁用，跳過配置保存
2025-08-16 00:19:18,886 - VALO360 - DEBUG - 自動保存已禁用，跳過配置保存
2025-08-16 00:19:18,886 - VALO360 - DEBUG - 自動保存已禁用，跳過配置保存
2025-08-16 00:19:18,886 - VALO360 - DEBUG - 自動保存已禁用，跳過配置保存
2025-08-16 00:19:18,887 - VALO360 - DEBUG - 自動保存已禁用，跳過配置保存
2025-08-16 00:19:18,887 - VALO360 - DEBUG - 自動保存已禁用，跳過配置保存
2025-08-16 00:19:18,887 - VALO360 - DEBUG - 自動保存已禁用，跳過配置保存
2025-08-16 00:19:18,887 - VALO360 - DEBUG - 自動保存已禁用，跳過配置保存
2025-08-16 00:19:18,888 - VALO360 - DEBUG - 自動保存已禁用，跳過配置保存
2025-08-16 00:19:18,888 - VALO360 - DEBUG - 自動保存已禁用，跳過配置保存
2025-08-16 00:19:18,888 - VALO360 - DEBUG - 自動保存已禁用，跳過配置保存
2025-08-16 00:19:18,889 - VALO360 - DEBUG - 自動保存已禁用，跳過配置保存
2025-08-16 00:19:18,889 - VALO360 - DEBUG - 自動保存已禁用，跳過配置保存
2025-08-16 00:19:18,889 - VALO360 - DEBUG - 自動保存已禁用，跳過配置保存
2025-08-16 00:19:18,889 - VALO360 - DEBUG - 自動保存已禁用，跳過配置保存
2025-08-16 00:19:18,890 - VALO360 - DEBUG - 自動保存已禁用，跳過配置保存
2025-08-16 00:19:18,890 - VALO360 - DEBUG - 自動保存已禁用，跳過配置保存
2025-08-16 00:19:18,890 - VALO360 - DEBUG - 自動保存已禁用，跳過配置保存
2025-08-16 00:19:18,890 - VALO360 - DEBUG - 自動保存已禁用，跳過配置保存
2025-08-16 00:19:18,891 - VALO360 - DEBUG - 自動保存已禁用，跳過配置保存
2025-08-16 00:19:18,891 - VALO360 - DEBUG - 自動保存已禁用，跳過配置保存
2025-08-16 00:19:18,891 - VALO360 - DEBUG - 自動保存已禁用，跳過配置保存
2025-08-16 00:19:18,891 - VALO360 - DEBUG - 自動保存已禁用，跳過配置保存
2025-08-16 00:19:18,892 - VALO360 - DEBUG - 自動保存已禁用，跳過配置保存
2025-08-16 00:19:18,892 - VALO360 - DEBUG - 自動保存已禁用，跳過配置保存
2025-08-16 00:19:18,892 - VALO360 - DEBUG - 自動保存已禁用，跳過配置保存
2025-08-16 00:19:18,892 - VALO360 - DEBUG - 自動保存已禁用，跳過配置保存
2025-08-16 00:19:18,892 - VALO360 - DEBUG - 自動保存已禁用，跳過配置保存
2025-08-16 00:19:18,893 - VALO360 - DEBUG - 自動保存已禁用，跳過配置保存
2025-08-16 00:19:18,893 - VALO360 - DEBUG - 自動保存已禁用，跳過配置保存
2025-08-16 00:19:18,893 - VALO360 - DEBUG - 自動保存已禁用，跳過配置保存
2025-08-16 00:19:18,893 - VALO360 - DEBUG - 自動保存已禁用，跳過配置保存
2025-08-16 00:19:18,894 - VALO360 - DEBUG - 自動保存已禁用，跳過配置保存
2025-08-16 00:19:18,894 - VALO360 - DEBUG - 自動保存已禁用，跳過配置保存
2025-08-16 00:19:18,894 - VALO360 - DEBUG - 自動保存已禁用，跳過配置保存
2025-08-16 00:19:18,894 - VALO360 - DEBUG - 自動保存已禁用，跳過配置保存
2025-08-16 00:19:18,895 - VALO360 - DEBUG - 自動保存已禁用，跳過配置保存
2025-08-16 00:19:18,895 - VALO360 - DEBUG - 自動保存已禁用，跳過配置保存
2025-08-16 00:19:18,895 - VALO360 - DEBUG - 自動保存已禁用，跳過配置保存
2025-08-16 00:19:18,895 - VALO360 - DEBUG - 自動保存已禁用，跳過配置保存
2025-08-16 00:19:18,896 - VALO360 - DEBUG - 自動保存已禁用，跳過配置保存
2025-08-16 00:19:18,896 - VALO360 - DEBUG - 自動保存已禁用，跳過配置保存
2025-08-16 00:19:18,896 - VALO360 - DEBUG - 自動保存已禁用，跳過配置保存
2025-08-16 00:19:18,896 - VALO360 - DEBUG - 自動保存已禁用，跳過配置保存
2025-08-16 00:19:18,896 - VALO360 - DEBUG - 自動保存已禁用，跳過配置保存
2025-08-16 00:19:18,897 - VALO360 - DEBUG - 自動保存已禁用，跳過配置保存
2025-08-16 00:19:18,897 - VALO360 - DEBUG - 自動保存已禁用，跳過配置保存
2025-08-16 00:19:18,898 - VALO360 - DEBUG - 自動保存已禁用，跳過配置保存
2025-08-16 00:19:18,898 - VALO360 - DEBUG - 自動保存已禁用，跳過配置保存
2025-08-16 00:19:18,898 - VALO360 - DEBUG - 自動保存已禁用，跳過配置保存
2025-08-16 00:19:18,898 - VALO360 - DEBUG - 自動保存已禁用，跳過配置保存
2025-08-16 00:19:18,899 - VALO360 - DEBUG - 自動保存已禁用，跳過配置保存
2025-08-16 00:19:18,899 - VALO360 - DEBUG - 自動保存已禁用，跳過配置保存
2025-08-16 00:19:18,899 - VALO360 - DEBUG - 自動保存已禁用，跳過配置保存
2025-08-16 00:19:18,899 - VALO360 - DEBUG - 自動保存已禁用，跳過配置保存
2025-08-16 00:19:18,901 - VALO360 - DEBUG - 自動保存已禁用，跳過配置保存
2025-08-16 00:19:18,901 - VALO360 - DEBUG - 自動保存已禁用，跳過配置保存
2025-08-16 00:19:18,902 - VALO360 - DEBUG - 自動保存已禁用，跳過配置保存
2025-08-16 00:19:18,902 - VALO360 - DEBUG - 自動保存已禁用，跳過配置保存
2025-08-16 00:19:18,903 - VALO360 - DEBUG - 自動保存已禁用，跳過配置保存
2025-08-16 00:19:18,903 - VALO360 - DEBUG - 自動保存已禁用，跳過配置保存
2025-08-16 00:19:18,903 - VALO360 - DEBUG - 自動保存已禁用，跳過配置保存
2025-08-16 00:19:18,904 - VALO360 - DEBUG - 自動保存已禁用，跳過配置保存
2025-08-16 00:19:18,905 - VALO360 - DEBUG - 自動保存已禁用，跳過配置保存
2025-08-16 00:19:18,905 - VALO360 - DEBUG - 自動保存已禁用，跳過配置保存
2025-08-16 00:19:18,905 - VALO360 - DEBUG - 自動保存已禁用，跳過配置保存
2025-08-16 00:19:18,905 - VALO360 - DEBUG - 自動保存已禁用，跳過配置保存
2025-08-16 00:19:18,906 - VALO360 - DEBUG - 自動保存已禁用，跳過配置保存
2025-08-16 00:19:18,907 - VALO360 - DEBUG - 自動保存已禁用，跳過配置保存
2025-08-16 00:19:18,907 - VALO360 - DEBUG - 自動保存已禁用，跳過配置保存
2025-08-16 00:19:18,907 - VALO360 - DEBUG - 自動保存已禁用，跳過配置保存
2025-08-16 00:19:18,908 - VALO360 - DEBUG - 自動保存已禁用，跳過配置保存
2025-08-16 00:19:18,908 - VALO360 - DEBUG - 自動保存已禁用，跳過配置保存
2025-08-16 00:19:18,908 - VALO360 - DEBUG - 自動保存已禁用，跳過配置保存
2025-08-16 00:19:18,908 - VALO360 - DEBUG - 自動保存已禁用，跳過配置保存
2025-08-16 00:19:18,909 - VALO360 - DEBUG - 自動保存已禁用，跳過配置保存
2025-08-16 00:19:18,909 - VALO360 - DEBUG - 自動保存已禁用，跳過配置保存
2025-08-16 00:19:18,910 - VALO360 - DEBUG - 自動保存已禁用，跳過配置保存
2025-08-16 00:19:18,910 - VALO360 - DEBUG - 自動保存已禁用，跳過配置保存
2025-08-16 00:19:18,913 - VALO360 - DEBUG - 自動保存已禁用，跳過配置保存
2025-08-16 00:19:18,913 - VALO360 - DEBUG - 自動保存已禁用，跳過配置保存
2025-08-16 00:19:18,914 - VALO360 - DEBUG - 自動保存已禁用，跳過配置保存
2025-08-16 00:19:18,914 - VALO360 - DEBUG - 自動保存已禁用，跳過配置保存
2025-08-16 00:19:18,914 - VALO360 - DEBUG - 自動保存已禁用，跳過配置保存
2025-08-16 00:19:18,914 - VALO360 - DEBUG - 自動保存已禁用，跳過配置保存
2025-08-16 00:19:18,915 - VALO360 - DEBUG - 自動保存已禁用，跳過配置保存
2025-08-16 00:19:18,915 - VALO360 - DEBUG - 自動保存已禁用，跳過配置保存
2025-08-16 00:19:18,916 - VALO360 - DEBUG - 自動保存已禁用，跳過配置保存
2025-08-16 00:19:18,916 - VALO360 - DEBUG - 自動保存已禁用，跳過配置保存
2025-08-16 00:19:18,916 - VALO360 - DEBUG - 自動保存已禁用，跳過配置保存
2025-08-16 00:19:18,916 - VALO360 - DEBUG - 自動保存已禁用，跳過配置保存
2025-08-16 00:19:18,917 - VALO360 - DEBUG - 自動保存已禁用，跳過配置保存
2025-08-16 00:19:18,917 - VALO360 - DEBUG - 自動保存已禁用，跳過配置保存
2025-08-16 00:19:18,918 - VALO360 - DEBUG - 自動保存已禁用，跳過配置保存
2025-08-16 00:19:18,918 - VALO360 - DEBUG - 自動保存已禁用，跳過配置保存
2025-08-16 00:19:18,918 - VALO360 - DEBUG - 自動保存已禁用，跳過配置保存
2025-08-16 00:19:18,919 - VALO360 - DEBUG - 自動保存已禁用，跳過配置保存
2025-08-16 00:19:18,919 - VALO360 - DEBUG - 自動保存已禁用，跳過配置保存
2025-08-16 00:19:18,919 - VALO360 - DEBUG - 自動保存已禁用，跳過配置保存
2025-08-16 00:19:18,921 - VALO360 - DEBUG - 自動保存已禁用，跳過配置保存
2025-08-16 00:19:18,921 - VALO360 - DEBUG - 自動保存已禁用，跳過配置保存
2025-08-16 00:19:18,922 - VALO360 - DEBUG - 自動保存已禁用，跳過配置保存
2025-08-16 00:19:18,922 - VALO360 - DEBUG - 自動保存已禁用，跳過配置保存
2025-08-16 00:19:18,922 - VALO360 - DEBUG - 自動保存已禁用，跳過配置保存
2025-08-16 00:19:18,922 - VALO360 - DEBUG - 自動保存已禁用，跳過配置保存
2025-08-16 00:19:18,923 - VALO360 - DEBUG - 自動保存已禁用，跳過配置保存
2025-08-16 00:19:18,923 - VALO360 - DEBUG - 自動保存已禁用，跳過配置保存
2025-08-16 00:19:18,923 - VALO360 - DEBUG - 自動保存已禁用，跳過配置保存
2025-08-16 00:19:18,924 - VALO360 - DEBUG - 自動保存已禁用，跳過配置保存
2025-08-16 00:19:18,924 - VALO360 - DEBUG - 自動保存已禁用，跳過配置保存
2025-08-16 00:19:18,924 - VALO360 - DEBUG - 自動保存已禁用，跳過配置保存
2025-08-16 00:19:18,924 - VALO360 - DEBUG - 自動保存已禁用，跳過配置保存
2025-08-16 00:19:18,925 - VALO360 - DEBUG - 自動保存已禁用，跳過配置保存
2025-08-16 00:19:18,925 - VALO360 - DEBUG - 自動保存已禁用，跳過配置保存
2025-08-16 00:19:18,925 - VALO360 - DEBUG - 自動保存已禁用，跳過配置保存
2025-08-16 00:19:18,925 - VALO360 - DEBUG - 自動保存已禁用，跳過配置保存
2025-08-16 00:19:18,925 - VALO360 - DEBUG - 自動保存已禁用，跳過配置保存
2025-08-16 00:19:18,926 - VALO360 - DEBUG - 自動保存已禁用，跳過配置保存
2025-08-16 00:19:18,926 - VALO360 - DEBUG - 自動保存已禁用，跳過配置保存
2025-08-16 00:19:18,926 - VALO360 - DEBUG - 自動保存已禁用，跳過配置保存
2025-08-16 00:19:18,926 - VALO360 - DEBUG - 自動保存已禁用，跳過配置保存
2025-08-16 00:19:18,927 - VALO360 - DEBUG - 自動保存已禁用，跳過配置保存
2025-08-16 00:19:18,927 - VALO360 - DEBUG - 自動保存已禁用，跳過配置保存
2025-08-16 00:19:18,927 - VALO360 - DEBUG - 自動保存已禁用，跳過配置保存
2025-08-16 00:19:18,927 - VALO360 - DEBUG - 自動保存已禁用，跳過配置保存
2025-08-16 00:19:18,928 - VALO360 - DEBUG - 自動保存已禁用，跳過配置保存
2025-08-16 00:19:18,928 - VALO360 - DEBUG - 自動保存已禁用，跳過配置保存
2025-08-16 00:19:18,928 - VALO360 - DEBUG - 自動保存已禁用，跳過配置保存
2025-08-16 00:19:18,928 - VALO360 - DEBUG - 自動保存已禁用，跳過配置保存
2025-08-16 00:19:18,929 - VALO360 - DEBUG - 自動保存已禁用，跳過配置保存
2025-08-16 00:19:18,929 - VALO360 - DEBUG - 自動保存已禁用，跳過配置保存
2025-08-16 00:19:18,929 - VALO360 - DEBUG - 自動保存已禁用，跳過配置保存
2025-08-16 00:19:18,929 - VALO360 - DEBUG - 自動保存已禁用，跳過配置保存
2025-08-16 00:19:18,930 - VALO360 - DEBUG - 自動保存已禁用，跳過配置保存
2025-08-16 00:19:18,930 - VALO360 - DEBUG - 自動保存已禁用，跳過配置保存
2025-08-16 00:19:18,930 - VALO360 - DEBUG - 自動保存已禁用，跳過配置保存
2025-08-16 00:19:18,930 - VALO360 - DEBUG - 自動保存已禁用，跳過配置保存
2025-08-16 00:19:18,931 - VALO360 - DEBUG - 自動保存已禁用，跳過配置保存
2025-08-16 00:19:18,931 - VALO360 - DEBUG - 自動保存已禁用，跳過配置保存
2025-08-16 00:19:18,931 - VALO360 - DEBUG - 自動保存已禁用，跳過配置保存
2025-08-16 00:19:18,931 - VALO360 - DEBUG - 自動保存已禁用，跳過配置保存
2025-08-16 00:19:18,931 - VALO360 - DEBUG - 自動保存已禁用，跳過配置保存
2025-08-16 00:19:18,932 - VALO360 - DEBUG - 自動保存已禁用，跳過配置保存
2025-08-16 00:19:18,932 - VALO360 - DEBUG - 自動保存已禁用，跳過配置保存
2025-08-16 00:19:18,932 - VALO360 - DEBUG - 自動保存已禁用，跳過配置保存
2025-08-16 00:19:18,932 - VALO360 - DEBUG - 自動保存已禁用，跳過配置保存
2025-08-16 00:19:18,933 - VALO360 - DEBUG - 自動保存已禁用，跳過配置保存
2025-08-16 00:19:18,933 - VALO360 - DEBUG - 自動保存已禁用，跳過配置保存
2025-08-16 00:19:18,933 - VALO360 - DEBUG - 自動保存已禁用，跳過配置保存
2025-08-16 00:19:18,933 - VALO360 - DEBUG - 自動保存已禁用，跳過配置保存
2025-08-16 00:19:18,933 - VALO360 - DEBUG - 自動保存已禁用，跳過配置保存
2025-08-16 00:19:18,934 - VALO360 - DEBUG - 自動保存已禁用，跳過配置保存
2025-08-16 00:19:18,934 - VALO360 - DEBUG - 自動保存已禁用，跳過配置保存
2025-08-16 00:19:18,934 - VALO360 - DEBUG - 自動保存已禁用，跳過配置保存
2025-08-16 00:19:18,934 - VALO360 - DEBUG - 自動保存已禁用，跳過配置保存
2025-08-16 00:19:18,935 - VALO360 - DEBUG - 自動保存已禁用，跳過配置保存
2025-08-16 00:19:18,935 - VALO360 - DEBUG - 自動保存已禁用，跳過配置保存
2025-08-16 00:19:18,935 - VALO360 - DEBUG - 自動保存已禁用，跳過配置保存
2025-08-16 00:19:18,935 - VALO360 - DEBUG - 自動保存已禁用，跳過配置保存
2025-08-16 00:19:18,960 - VALO360 - DEBUG - 自動保存已禁用，跳過配置保存
2025-08-16 00:19:18,960 - VALO360 - DEBUG - 自動保存已禁用，跳過配置保存
2025-08-16 00:19:18,960 - VALO360 - DEBUG - 自動保存已禁用，跳過配置保存
2025-08-16 00:19:18,960 - VALO360 - DEBUG - 自動保存已禁用，跳過配置保存
2025-08-16 00:19:19,065 - VALO360 - DEBUG - 自動保存已禁用，跳過配置保存
2025-08-16 00:19:19,065 - VALO360 - DEBUG - 自動保存已禁用，跳過配置保存
2025-08-16 00:19:19,066 - VALO360 - DEBUG - 自動保存已禁用，跳過配置保存
2025-08-16 00:19:19,066 - VALO360 - DEBUG - 自動保存已禁用，跳過配置保存
2025-08-16 00:19:19,066 - VALO360 - DEBUG - 自動保存已禁用，跳過配置保存
2025-08-16 00:19:19,066 - VALO360 - DEBUG - 自動保存已禁用，跳過配置保存
2025-08-16 00:19:19,067 - VALO360 - DEBUG - 自動保存已禁用，跳過配置保存
2025-08-16 00:19:19,067 - VALO360 - DEBUG - 自動保存已禁用，跳過配置保存
2025-08-16 00:19:19,067 - VALO360 - DEBUG - 自動保存已禁用，跳過配置保存
2025-08-16 00:19:19,067 - VALO360 - DEBUG - 自動保存已禁用，跳過配置保存
2025-08-16 00:19:19,068 - VALO360 - DEBUG - 自動保存已禁用，跳過配置保存
2025-08-16 00:19:19,068 - VALO360 - DEBUG - 自動保存已禁用，跳過配置保存
2025-08-16 00:19:19,068 - VALO360 - DEBUG - 自動保存已禁用，跳過配置保存
2025-08-16 00:19:19,068 - VALO360 - DEBUG - 自動保存已禁用，跳過配置保存
2025-08-16 00:19:19,069 - VALO360 - DEBUG - 自動保存已禁用，跳過配置保存
2025-08-16 00:19:19,069 - VALO360 - DEBUG - 自動保存已禁用，跳過配置保存
2025-08-16 00:19:19,069 - VALO360 - DEBUG - 自動保存已禁用，跳過配置保存
2025-08-16 00:19:19,069 - VALO360 - DEBUG - 自動保存已禁用，跳過配置保存
2025-08-16 00:19:19,070 - VALO360 - DEBUG - 自動保存已禁用，跳過配置保存
2025-08-16 00:19:19,070 - VALO360 - DEBUG - 自動保存已禁用，跳過配置保存
2025-08-16 00:19:19,070 - VALO360 - DEBUG - 自動保存已禁用，跳過配置保存
2025-08-16 00:19:19,070 - VALO360 - DEBUG - 自動保存已禁用，跳過配置保存
2025-08-16 00:19:19,070 - VALO360 - DEBUG - 自動保存已禁用，跳過配置保存
2025-08-16 00:19:19,071 - VALO360 - DEBUG - 自動保存已禁用，跳過配置保存
2025-08-16 00:19:19,071 - VALO360 - DEBUG - 自動保存已禁用，跳過配置保存
2025-08-16 00:19:19,071 - VALO360 - DEBUG - 自動保存已禁用，跳過配置保存
2025-08-16 00:19:19,071 - VALO360 - DEBUG - 自動保存已禁用，跳過配置保存
2025-08-16 00:19:19,072 - VALO360 - DEBUG - 自動保存已禁用，跳過配置保存
2025-08-16 00:19:19,072 - VALO360 - DEBUG - 自動保存已禁用，跳過配置保存
2025-08-16 00:19:19,073 - VALO360 - DEBUG - 自動保存已禁用，跳過配置保存
2025-08-16 00:19:19,073 - VALO360 - DEBUG - 自動保存已禁用，跳過配置保存
2025-08-16 00:19:19,073 - VALO360 - DEBUG - 自動保存已禁用，跳過配置保存
2025-08-16 00:19:19,076 - VALO360 - DEBUG - 自動保存已禁用，跳過配置保存
2025-08-16 00:19:19,076 - VALO360 - DEBUG - 自動保存已禁用，跳過配置保存
2025-08-16 00:19:19,076 - VALO360 - DEBUG - 自動保存已禁用，跳過配置保存
2025-08-16 00:19:19,076 - VALO360 - DEBUG - 自動保存已禁用，跳過配置保存
2025-08-16 00:19:21,941 - VALO360 - DEBUG - 自動保存已禁用，跳過配置保存
2025-08-16 00:19:21,941 - VALO360 - DEBUG - 自動保存已禁用，跳過配置保存
2025-08-16 00:19:21,942 - VALO360 - DEBUG - 自動保存已禁用，跳過配置保存
2025-08-16 00:19:21,942 - VALO360 - DEBUG - 自動保存已禁用，跳過配置保存
2025-08-16 00:19:24,231 - VALO360 - DEBUG - 自動保存已禁用，跳過配置保存
2025-08-16 00:19:24,231 - VALO360 - DEBUG - 自動保存已禁用，跳過配置保存
2025-08-16 00:19:24,231 - VALO360 - DEBUG - 自動保存已禁用，跳過配置保存
2025-08-16 00:19:24,232 - VALO360 - DEBUG - 自動保存已禁用，跳過配置保存
2025-08-16 00:19:24,235 - VALO360 - DEBUG - 自動保存已禁用，跳過配置保存
2025-08-16 00:19:24,235 - VALO360 - DEBUG - 自動保存已禁用，跳過配置保存
2025-08-16 00:19:24,236 - VALO360 - DEBUG - 自動保存已禁用，跳過配置保存
2025-08-16 00:19:24,236 - VALO360 - DEBUG - 自動保存已禁用，跳過配置保存
2025-08-16 00:19:24,236 - VALO360 - DEBUG - 自動保存已禁用，跳過配置保存
2025-08-16 00:19:24,236 - VALO360 - DEBUG - 自動保存已禁用，跳過配置保存
2025-08-16 00:19:24,237 - VALO360 - DEBUG - 自動保存已禁用，跳過配置保存
2025-08-16 00:19:24,237 - VALO360 - DEBUG - 自動保存已禁用，跳過配置保存
2025-08-16 00:19:24,237 - VALO360 - DEBUG - 自動保存已禁用，跳過配置保存
2025-08-16 00:19:24,237 - VALO360 - DEBUG - 自動保存已禁用，跳過配置保存
2025-08-16 00:19:24,237 - VALO360 - DEBUG - 自動保存已禁用，跳過配置保存
2025-08-16 00:19:24,238 - VALO360 - DEBUG - 自動保存已禁用，跳過配置保存
2025-08-16 00:19:24,247 - VALO360 - DEBUG - 自動保存已禁用，跳過配置保存
2025-08-16 00:19:24,247 - VALO360 - DEBUG - 自動保存已禁用，跳過配置保存
2025-08-16 00:19:24,248 - VALO360 - DEBUG - 自動保存已禁用，跳過配置保存
2025-08-16 00:19:24,248 - VALO360 - DEBUG - 自動保存已禁用，跳過配置保存
2025-08-16 00:19:24,249 - VALO360 - DEBUG - 自動保存已禁用，跳過配置保存
2025-08-16 00:19:24,249 - VALO360 - DEBUG - 自動保存已禁用，跳過配置保存
2025-08-16 00:19:24,249 - VALO360 - DEBUG - 自動保存已禁用，跳過配置保存
2025-08-16 00:19:24,249 - VALO360 - DEBUG - 自動保存已禁用，跳過配置保存
2025-08-16 00:19:24,250 - VALO360 - DEBUG - 自動保存已禁用，跳過配置保存
2025-08-16 00:19:24,250 - VALO360 - DEBUG - 自動保存已禁用，跳過配置保存
2025-08-16 00:19:24,250 - VALO360 - DEBUG - 自動保存已禁用，跳過配置保存
2025-08-16 00:19:24,250 - VALO360 - DEBUG - 自動保存已禁用，跳過配置保存
2025-08-16 00:19:24,252 - VALO360 - DEBUG - 自動保存已禁用，跳過配置保存
2025-08-16 00:19:24,253 - VALO360 - DEBUG - 自動保存已禁用，跳過配置保存
2025-08-16 00:19:24,253 - VALO360 - DEBUG - 自動保存已禁用，跳過配置保存
2025-08-16 00:19:24,253 - VALO360 - DEBUG - 自動保存已禁用，跳過配置保存
2025-08-16 00:19:24,254 - VALO360 - DEBUG - 自動保存已禁用，跳過配置保存
2025-08-16 00:19:24,254 - VALO360 - DEBUG - 自動保存已禁用，跳過配置保存
2025-08-16 00:19:24,254 - VALO360 - DEBUG - 自動保存已禁用，跳過配置保存
2025-08-16 00:19:24,254 - VALO360 - DEBUG - 自動保存已禁用，跳過配置保存
2025-08-16 00:19:24,255 - VALO360 - DEBUG - 自動保存已禁用，跳過配置保存
2025-08-16 00:19:24,255 - VALO360 - DEBUG - 自動保存已禁用，跳過配置保存
2025-08-16 00:19:24,256 - VALO360 - DEBUG - 自動保存已禁用，跳過配置保存
2025-08-16 00:19:24,256 - VALO360 - DEBUG - 自動保存已禁用，跳過配置保存
2025-08-16 00:19:24,261 - VALO360 - DEBUG - 自動保存已禁用，跳過配置保存
2025-08-16 00:19:24,261 - VALO360 - DEBUG - 自動保存已禁用，跳過配置保存
2025-08-16 00:19:24,261 - VALO360 - DEBUG - 自動保存已禁用，跳過配置保存
2025-08-16 00:19:24,262 - VALO360 - DEBUG - 自動保存已禁用，跳過配置保存
2025-08-16 00:19:24,263 - VALO360 - DEBUG - 自動保存已禁用，跳過配置保存
2025-08-16 00:19:24,264 - VALO360 - DEBUG - 自動保存已禁用，跳過配置保存
2025-08-16 00:19:24,264 - VALO360 - DEBUG - 自動保存已禁用，跳過配置保存
2025-08-16 00:19:24,264 - VALO360 - DEBUG - 自動保存已禁用，跳過配置保存
2025-08-16 00:19:24,265 - VALO360 - DEBUG - 自動保存已禁用，跳過配置保存
2025-08-16 00:19:24,265 - VALO360 - DEBUG - 自動保存已禁用，跳過配置保存
2025-08-16 00:19:24,266 - VALO360 - DEBUG - 自動保存已禁用，跳過配置保存
2025-08-16 00:19:24,266 - VALO360 - DEBUG - 自動保存已禁用，跳過配置保存
2025-08-16 00:19:24,268 - VALO360 - DEBUG - 自動保存已禁用，跳過配置保存
2025-08-16 00:19:24,268 - VALO360 - DEBUG - 自動保存已禁用，跳過配置保存
2025-08-16 00:19:24,269 - VALO360 - DEBUG - 自動保存已禁用，跳過配置保存
2025-08-16 00:19:24,269 - VALO360 - DEBUG - 自動保存已禁用，跳過配置保存
2025-08-16 00:19:24,269 - VALO360 - DEBUG - 自動保存已禁用，跳過配置保存
2025-08-16 00:19:24,270 - VALO360 - DEBUG - 自動保存已禁用，跳過配置保存
2025-08-16 00:19:24,270 - VALO360 - DEBUG - 自動保存已禁用，跳過配置保存
2025-08-16 00:19:24,270 - VALO360 - DEBUG - 自動保存已禁用，跳過配置保存
2025-08-16 00:19:24,272 - VALO360 - DEBUG - 自動保存已禁用，跳過配置保存
2025-08-16 00:19:24,272 - VALO360 - DEBUG - 自動保存已禁用，跳過配置保存
2025-08-16 00:19:24,272 - VALO360 - DEBUG - 自動保存已禁用，跳過配置保存
2025-08-16 00:19:24,272 - VALO360 - DEBUG - 自動保存已禁用，跳過配置保存
2025-08-16 00:19:24,273 - VALO360 - DEBUG - 自動保存已禁用，跳過配置保存
2025-08-16 00:19:24,274 - VALO360 - DEBUG - 自動保存已禁用，跳過配置保存
2025-08-16 00:19:24,274 - VALO360 - DEBUG - 自動保存已禁用，跳過配置保存
2025-08-16 00:19:24,274 - VALO360 - DEBUG - 自動保存已禁用，跳過配置保存
2025-08-16 00:19:24,276 - VALO360 - DEBUG - 自動保存已禁用，跳過配置保存
2025-08-16 00:19:24,276 - VALO360 - DEBUG - 自動保存已禁用，跳過配置保存
2025-08-16 00:19:24,276 - VALO360 - DEBUG - 自動保存已禁用，跳過配置保存
2025-08-16 00:19:24,276 - VALO360 - DEBUG - 自動保存已禁用，跳過配置保存
2025-08-16 00:19:24,277 - VALO360 - DEBUG - 自動保存已禁用，跳過配置保存
2025-08-16 00:19:24,277 - VALO360 - DEBUG - 自動保存已禁用，跳過配置保存
2025-08-16 00:19:24,277 - VALO360 - DEBUG - 自動保存已禁用，跳過配置保存
2025-08-16 00:19:24,277 - VALO360 - DEBUG - 自動保存已禁用，跳過配置保存
2025-08-16 00:19:24,278 - VALO360 - DEBUG - 自動保存已禁用，跳過配置保存
2025-08-16 00:19:24,279 - VALO360 - DEBUG - 自動保存已禁用，跳過配置保存
2025-08-16 00:19:24,279 - VALO360 - DEBUG - 自動保存已禁用，跳過配置保存
2025-08-16 00:19:24,279 - VALO360 - DEBUG - 自動保存已禁用，跳過配置保存
2025-08-16 00:19:24,280 - VALO360 - DEBUG - 自動保存已禁用，跳過配置保存
2025-08-16 00:19:24,280 - VALO360 - DEBUG - 自動保存已禁用，跳過配置保存
2025-08-16 00:19:24,280 - VALO360 - DEBUG - 自動保存已禁用，跳過配置保存
2025-08-16 00:19:24,280 - VALO360 - DEBUG - 自動保存已禁用，跳過配置保存
2025-08-16 00:19:24,281 - VALO360 - DEBUG - 自動保存已禁用，跳過配置保存
2025-08-16 00:19:24,281 - VALO360 - DEBUG - 自動保存已禁用，跳過配置保存
2025-08-16 00:19:24,281 - VALO360 - DEBUG - 自動保存已禁用，跳過配置保存
2025-08-16 00:19:24,282 - VALO360 - DEBUG - 自動保存已禁用，跳過配置保存
2025-08-16 00:19:24,283 - VALO360 - DEBUG - 自動保存已禁用，跳過配置保存
2025-08-16 00:19:24,283 - VALO360 - DEBUG - 自動保存已禁用，跳過配置保存
2025-08-16 00:19:24,283 - VALO360 - DEBUG - 自動保存已禁用，跳過配置保存
2025-08-16 00:19:24,284 - VALO360 - DEBUG - 自動保存已禁用，跳過配置保存
2025-08-16 00:19:24,284 - VALO360 - DEBUG - 自動保存已禁用，跳過配置保存
2025-08-16 00:19:24,285 - VALO360 - DEBUG - 自動保存已禁用，跳過配置保存
2025-08-16 00:19:24,285 - VALO360 - DEBUG - 自動保存已禁用，跳過配置保存
2025-08-16 00:19:24,285 - VALO360 - DEBUG - 自動保存已禁用，跳過配置保存
2025-08-16 00:19:24,286 - VALO360 - DEBUG - 自動保存已禁用，跳過配置保存
2025-08-16 00:19:24,286 - VALO360 - DEBUG - 自動保存已禁用，跳過配置保存
2025-08-16 00:19:24,286 - VALO360 - DEBUG - 自動保存已禁用，跳過配置保存
2025-08-16 00:19:24,287 - VALO360 - DEBUG - 自動保存已禁用，跳過配置保存
2025-08-16 00:19:24,290 - VALO360 - DEBUG - 自動保存已禁用，跳過配置保存
2025-08-16 00:19:24,290 - VALO360 - DEBUG - 自動保存已禁用，跳過配置保存
2025-08-16 00:19:24,290 - VALO360 - DEBUG - 自動保存已禁用，跳過配置保存
2025-08-16 00:19:24,290 - VALO360 - DEBUG - 自動保存已禁用，跳過配置保存
2025-08-16 00:19:24,291 - VALO360 - DEBUG - 自動保存已禁用，跳過配置保存
2025-08-16 00:19:24,291 - VALO360 - DEBUG - 自動保存已禁用，跳過配置保存
2025-08-16 00:19:24,291 - VALO360 - DEBUG - 自動保存已禁用，跳過配置保存
2025-08-16 00:19:24,292 - VALO360 - DEBUG - 自動保存已禁用，跳過配置保存
2025-08-16 00:19:24,294 - VALO360 - DEBUG - 自動保存已禁用，跳過配置保存
2025-08-16 00:19:24,294 - VALO360 - DEBUG - 自動保存已禁用，跳過配置保存
2025-08-16 00:19:24,295 - VALO360 - DEBUG - 自動保存已禁用，跳過配置保存
2025-08-16 00:19:24,295 - VALO360 - DEBUG - 自動保存已禁用，跳過配置保存
2025-08-16 00:19:24,295 - VALO360 - DEBUG - 自動保存已禁用，跳過配置保存
2025-08-16 00:19:24,296 - VALO360 - DEBUG - 自動保存已禁用，跳過配置保存
2025-08-16 00:19:24,296 - VALO360 - DEBUG - 自動保存已禁用，跳過配置保存
2025-08-16 00:19:24,296 - VALO360 - DEBUG - 自動保存已禁用，跳過配置保存
2025-08-16 00:19:24,297 - VALO360 - DEBUG - 自動保存已禁用，跳過配置保存
2025-08-16 00:19:24,297 - VALO360 - DEBUG - 自動保存已禁用，跳過配置保存
2025-08-16 00:19:24,297 - VALO360 - DEBUG - 自動保存已禁用，跳過配置保存
2025-08-16 00:19:24,297 - VALO360 - DEBUG - 自動保存已禁用，跳過配置保存
2025-08-16 00:19:24,298 - VALO360 - DEBUG - 自動保存已禁用，跳過配置保存
2025-08-16 00:19:24,298 - VALO360 - DEBUG - 自動保存已禁用，跳過配置保存
2025-08-16 00:19:24,298 - VALO360 - DEBUG - 自動保存已禁用，跳過配置保存
2025-08-16 00:19:24,299 - VALO360 - DEBUG - 自動保存已禁用，跳過配置保存
2025-08-16 00:19:24,299 - VALO360 - DEBUG - 自動保存已禁用，跳過配置保存
2025-08-16 00:19:24,300 - VALO360 - DEBUG - 自動保存已禁用，跳過配置保存
2025-08-16 00:19:24,300 - VALO360 - DEBUG - 自動保存已禁用，跳過配置保存
2025-08-16 00:19:24,300 - VALO360 - DEBUG - 自動保存已禁用，跳過配置保存
2025-08-16 00:19:24,301 - VALO360 - DEBUG - 自動保存已禁用，跳過配置保存
2025-08-16 00:19:24,301 - VALO360 - DEBUG - 自動保存已禁用，跳過配置保存
2025-08-16 00:19:24,301 - VALO360 - DEBUG - 自動保存已禁用，跳過配置保存
2025-08-16 00:19:24,302 - VALO360 - DEBUG - 自動保存已禁用，跳過配置保存
2025-08-16 00:19:24,308 - VALO360 - DEBUG - 自動保存已禁用，跳過配置保存
2025-08-16 00:19:24,308 - VALO360 - DEBUG - 自動保存已禁用，跳過配置保存
2025-08-16 00:19:24,308 - VALO360 - DEBUG - 自動保存已禁用，跳過配置保存
2025-08-16 00:19:24,308 - VALO360 - DEBUG - 自動保存已禁用，跳過配置保存
2025-08-16 00:19:24,309 - VALO360 - DEBUG - 自動保存已禁用，跳過配置保存
2025-08-16 00:19:24,309 - VALO360 - DEBUG - 自動保存已禁用，跳過配置保存
2025-08-16 00:19:24,310 - VALO360 - DEBUG - 自動保存已禁用，跳過配置保存
2025-08-16 00:19:24,310 - VALO360 - DEBUG - 自動保存已禁用，跳過配置保存
2025-08-16 00:19:29,539 - VALO360 - DEBUG - 自動保存已禁用，跳過配置保存
2025-08-16 00:19:29,540 - VALO360 - DEBUG - 自動保存已禁用，跳過配置保存
2025-08-16 00:19:29,540 - VALO360 - DEBUG - 自動保存已禁用，跳過配置保存
2025-08-16 00:19:29,540 - VALO360 - DEBUG - 自動保存已禁用，跳過配置保存
2025-08-16 00:19:29,544 - VALO360 - DEBUG - 自動保存已禁用，跳過配置保存
2025-08-16 00:19:29,544 - VALO360 - DEBUG - 自動保存已禁用，跳過配置保存
2025-08-16 00:19:29,544 - VALO360 - DEBUG - 自動保存已禁用，跳過配置保存
2025-08-16 00:19:29,544 - VALO360 - DEBUG - 自動保存已禁用，跳過配置保存
2025-08-16 00:19:29,554 - VALO360 - DEBUG - 自動保存已禁用，跳過配置保存
2025-08-16 00:19:29,554 - VALO360 - DEBUG - 自動保存已禁用，跳過配置保存
2025-08-16 00:19:29,554 - VALO360 - DEBUG - 自動保存已禁用，跳過配置保存
2025-08-16 00:19:29,555 - VALO360 - DEBUG - 自動保存已禁用，跳過配置保存
2025-08-16 00:19:29,558 - VALO360 - DEBUG - 自動保存已禁用，跳過配置保存
2025-08-16 00:19:29,559 - VALO360 - DEBUG - 自動保存已禁用，跳過配置保存
2025-08-16 00:19:29,559 - VALO360 - DEBUG - 自動保存已禁用，跳過配置保存
2025-08-16 00:19:29,559 - VALO360 - DEBUG - 自動保存已禁用，跳過配置保存
2025-08-16 00:19:29,560 - VALO360 - DEBUG - 自動保存已禁用，跳過配置保存
2025-08-16 00:19:29,560 - VALO360 - DEBUG - 自動保存已禁用，跳過配置保存
2025-08-16 00:19:29,560 - VALO360 - DEBUG - 自動保存已禁用，跳過配置保存
2025-08-16 00:19:29,560 - VALO360 - DEBUG - 自動保存已禁用，跳過配置保存
2025-08-16 00:19:29,561 - VALO360 - DEBUG - 自動保存已禁用，跳過配置保存
2025-08-16 00:19:29,561 - VALO360 - DEBUG - 自動保存已禁用，跳過配置保存
2025-08-16 00:19:29,562 - VALO360 - DEBUG - 自動保存已禁用，跳過配置保存
2025-08-16 00:19:29,562 - VALO360 - DEBUG - 自動保存已禁用，跳過配置保存
2025-08-16 00:19:29,562 - VALO360 - DEBUG - 自動保存已禁用，跳過配置保存
2025-08-16 00:19:29,563 - VALO360 - DEBUG - 自動保存已禁用，跳過配置保存
2025-08-16 00:19:29,563 - VALO360 - DEBUG - 自動保存已禁用，跳過配置保存
2025-08-16 00:19:29,563 - VALO360 - DEBUG - 自動保存已禁用，跳過配置保存
2025-08-16 00:19:29,565 - VALO360 - DEBUG - 自動保存已禁用，跳過配置保存
2025-08-16 00:19:29,566 - VALO360 - DEBUG - 自動保存已禁用，跳過配置保存
2025-08-16 00:19:29,566 - VALO360 - DEBUG - 自動保存已禁用，跳過配置保存
2025-08-16 00:19:29,566 - VALO360 - DEBUG - 自動保存已禁用，跳過配置保存
2025-08-16 00:19:29,569 - VALO360 - DEBUG - 自動保存已禁用，跳過配置保存
2025-08-16 00:19:29,569 - VALO360 - DEBUG - 自動保存已禁用，跳過配置保存
2025-08-16 00:19:29,569 - VALO360 - DEBUG - 自動保存已禁用，跳過配置保存
2025-08-16 00:19:29,569 - VALO360 - DEBUG - 自動保存已禁用，跳過配置保存
2025-08-16 00:19:29,570 - VALO360 - DEBUG - 自動保存已禁用，跳過配置保存
2025-08-16 00:19:29,570 - VALO360 - DEBUG - 自動保存已禁用，跳過配置保存
2025-08-16 00:19:29,571 - VALO360 - DEBUG - 自動保存已禁用，跳過配置保存
2025-08-16 00:19:29,571 - VALO360 - DEBUG - 自動保存已禁用，跳過配置保存
2025-08-16 00:19:29,572 - VALO360 - DEBUG - 自動保存已禁用，跳過配置保存
2025-08-16 00:19:29,572 - VALO360 - DEBUG - 自動保存已禁用，跳過配置保存
2025-08-16 00:19:29,572 - VALO360 - DEBUG - 自動保存已禁用，跳過配置保存
2025-08-16 00:19:29,573 - VALO360 - DEBUG - 自動保存已禁用，跳過配置保存
2025-08-16 00:19:29,574 - VALO360 - DEBUG - 自動保存已禁用，跳過配置保存
2025-08-16 00:19:29,574 - VALO360 - DEBUG - 自動保存已禁用，跳過配置保存
2025-08-16 00:19:29,574 - VALO360 - DEBUG - 自動保存已禁用，跳過配置保存
2025-08-16 00:19:29,574 - VALO360 - DEBUG - 自動保存已禁用，跳過配置保存
2025-08-16 00:19:29,576 - VALO360 - DEBUG - 自動保存已禁用，跳過配置保存
2025-08-16 00:19:29,577 - VALO360 - DEBUG - 自動保存已禁用，跳過配置保存
2025-08-16 00:19:29,577 - VALO360 - DEBUG - 自動保存已禁用，跳過配置保存
2025-08-16 00:19:29,577 - VALO360 - DEBUG - 自動保存已禁用，跳過配置保存
2025-08-16 00:19:29,578 - VALO360 - DEBUG - 自動保存已禁用，跳過配置保存
2025-08-16 00:19:29,579 - VALO360 - DEBUG - 自動保存已禁用，跳過配置保存
2025-08-16 00:19:29,579 - VALO360 - DEBUG - 自動保存已禁用，跳過配置保存
2025-08-16 00:19:29,579 - VALO360 - DEBUG - 自動保存已禁用，跳過配置保存
2025-08-16 00:19:29,581 - VALO360 - DEBUG - 自動保存已禁用，跳過配置保存
2025-08-16 00:19:29,581 - VALO360 - DEBUG - 自動保存已禁用，跳過配置保存
2025-08-16 00:19:29,581 - VALO360 - DEBUG - 自動保存已禁用，跳過配置保存
2025-08-16 00:19:29,582 - VALO360 - DEBUG - 自動保存已禁用，跳過配置保存
2025-08-16 00:19:29,582 - VALO360 - DEBUG - 自動保存已禁用，跳過配置保存
2025-08-16 00:19:29,582 - VALO360 - DEBUG - 自動保存已禁用，跳過配置保存
2025-08-16 00:19:29,582 - VALO360 - DEBUG - 自動保存已禁用，跳過配置保存
2025-08-16 00:19:29,583 - VALO360 - DEBUG - 自動保存已禁用，跳過配置保存
2025-08-16 00:19:29,583 - VALO360 - DEBUG - 自動保存已禁用，跳過配置保存
2025-08-16 00:19:29,583 - VALO360 - DEBUG - 自動保存已禁用，跳過配置保存
2025-08-16 00:19:29,584 - VALO360 - DEBUG - 自動保存已禁用，跳過配置保存
2025-08-16 00:19:29,584 - VALO360 - DEBUG - 自動保存已禁用，跳過配置保存
2025-08-16 00:19:29,585 - VALO360 - DEBUG - 自動保存已禁用，跳過配置保存
2025-08-16 00:19:29,585 - VALO360 - DEBUG - 自動保存已禁用，跳過配置保存
2025-08-16 00:19:29,585 - VALO360 - DEBUG - 自動保存已禁用，跳過配置保存
2025-08-16 00:19:29,585 - VALO360 - DEBUG - 自動保存已禁用，跳過配置保存
2025-08-16 00:19:29,587 - VALO360 - DEBUG - 自動保存已禁用，跳過配置保存
2025-08-16 00:19:29,587 - VALO360 - DEBUG - 自動保存已禁用，跳過配置保存
2025-08-16 00:19:29,587 - VALO360 - DEBUG - 自動保存已禁用，跳過配置保存
2025-08-16 00:19:29,588 - VALO360 - DEBUG - 自動保存已禁用，跳過配置保存
2025-08-16 00:19:29,588 - VALO360 - DEBUG - 自動保存已禁用，跳過配置保存
2025-08-16 00:19:29,588 - VALO360 - DEBUG - 自動保存已禁用，跳過配置保存
2025-08-16 00:19:29,589 - VALO360 - DEBUG - 自動保存已禁用，跳過配置保存
2025-08-16 00:19:29,589 - VALO360 - DEBUG - 自動保存已禁用，跳過配置保存
2025-08-16 00:19:29,590 - VALO360 - DEBUG - 自動保存已禁用，跳過配置保存
2025-08-16 00:19:29,590 - VALO360 - DEBUG - 自動保存已禁用，跳過配置保存
2025-08-16 00:19:29,591 - VALO360 - DEBUG - 自動保存已禁用，跳過配置保存
2025-08-16 00:19:29,591 - VALO360 - DEBUG - 自動保存已禁用，跳過配置保存
2025-08-16 00:19:29,591 - VALO360 - DEBUG - 自動保存已禁用，跳過配置保存
2025-08-16 00:19:29,591 - VALO360 - DEBUG - 自動保存已禁用，跳過配置保存
2025-08-16 00:19:29,592 - VALO360 - DEBUG - 自動保存已禁用，跳過配置保存
2025-08-16 00:19:29,592 - VALO360 - DEBUG - 自動保存已禁用，跳過配置保存
2025-08-16 00:19:29,592 - VALO360 - DEBUG - 自動保存已禁用，跳過配置保存
2025-08-16 00:19:29,593 - VALO360 - DEBUG - 自動保存已禁用，跳過配置保存
2025-08-16 00:19:29,593 - VALO360 - DEBUG - 自動保存已禁用，跳過配置保存
2025-08-16 00:19:29,593 - VALO360 - DEBUG - 自動保存已禁用，跳過配置保存
2025-08-16 00:19:29,595 - VALO360 - DEBUG - 自動保存已禁用，跳過配置保存
2025-08-16 00:19:29,595 - VALO360 - DEBUG - 自動保存已禁用，跳過配置保存
2025-08-16 00:19:29,595 - VALO360 - DEBUG - 自動保存已禁用，跳過配置保存
2025-08-16 00:19:29,595 - VALO360 - DEBUG - 自動保存已禁用，跳過配置保存
2025-08-16 00:19:29,597 - VALO360 - DEBUG - 自動保存已禁用，跳過配置保存
2025-08-16 00:19:29,597 - VALO360 - DEBUG - 自動保存已禁用，跳過配置保存
2025-08-16 00:19:29,597 - VALO360 - DEBUG - 自動保存已禁用，跳過配置保存
2025-08-16 00:19:29,597 - VALO360 - DEBUG - 自動保存已禁用，跳過配置保存
2025-08-16 00:19:29,598 - VALO360 - DEBUG - 自動保存已禁用，跳過配置保存
2025-08-16 00:19:29,598 - VALO360 - DEBUG - 自動保存已禁用，跳過配置保存
2025-08-16 00:19:29,598 - VALO360 - DEBUG - 自動保存已禁用，跳過配置保存
2025-08-16 00:19:29,598 - VALO360 - DEBUG - 自動保存已禁用，跳過配置保存
2025-08-16 00:19:29,599 - VALO360 - DEBUG - 自動保存已禁用，跳過配置保存
2025-08-16 00:19:29,599 - VALO360 - DEBUG - 自動保存已禁用，跳過配置保存
2025-08-16 00:19:29,599 - VALO360 - DEBUG - 自動保存已禁用，跳過配置保存
2025-08-16 00:19:29,599 - VALO360 - DEBUG - 自動保存已禁用，跳過配置保存
2025-08-16 00:19:29,602 - VALO360 - DEBUG - 自動保存已禁用，跳過配置保存
2025-08-16 00:19:29,602 - VALO360 - DEBUG - 自動保存已禁用，跳過配置保存
2025-08-16 00:19:29,602 - VALO360 - DEBUG - 自動保存已禁用，跳過配置保存
2025-08-16 00:19:29,602 - VALO360 - DEBUG - 自動保存已禁用，跳過配置保存
2025-08-16 00:19:29,603 - VALO360 - DEBUG - 自動保存已禁用，跳過配置保存
2025-08-16 00:19:29,603 - VALO360 - DEBUG - 自動保存已禁用，跳過配置保存
2025-08-16 00:19:29,604 - VALO360 - DEBUG - 自動保存已禁用，跳過配置保存
2025-08-16 00:19:29,604 - VALO360 - DEBUG - 自動保存已禁用，跳過配置保存
2025-08-16 00:19:29,610 - VALO360 - DEBUG - 自動保存已禁用，跳過配置保存
2025-08-16 00:19:29,610 - VALO360 - DEBUG - 自動保存已禁用，跳過配置保存
2025-08-16 00:19:29,610 - VALO360 - DEBUG - 自動保存已禁用，跳過配置保存
2025-08-16 00:19:29,610 - VALO360 - DEBUG - 自動保存已禁用，跳過配置保存
2025-08-16 00:19:29,611 - VALO360 - DEBUG - 自動保存已禁用，跳過配置保存
2025-08-16 00:19:29,611 - VALO360 - DEBUG - 自動保存已禁用，跳過配置保存
2025-08-16 00:19:29,611 - VALO360 - DEBUG - 自動保存已禁用，跳過配置保存
2025-08-16 00:19:29,612 - VALO360 - DEBUG - 自動保存已禁用，跳過配置保存
2025-08-16 00:19:29,616 - VALO360 - DEBUG - 自動保存已禁用，跳過配置保存
2025-08-16 00:19:29,616 - VALO360 - DEBUG - 自動保存已禁用，跳過配置保存
2025-08-16 00:19:29,616 - VALO360 - DEBUG - 自動保存已禁用，跳過配置保存
2025-08-16 00:19:29,617 - VALO360 - DEBUG - 自動保存已禁用，跳過配置保存
2025-08-16 00:19:29,619 - VALO360 - DEBUG - 自動保存已禁用，跳過配置保存
2025-08-16 00:19:29,619 - VALO360 - DEBUG - 自動保存已禁用，跳過配置保存
2025-08-16 00:19:29,619 - VALO360 - DEBUG - 自動保存已禁用，跳過配置保存
2025-08-16 00:19:29,619 - VALO360 - DEBUG - 自動保存已禁用，跳過配置保存
2025-08-16 00:19:29,620 - VALO360 - DEBUG - 自動保存已禁用，跳過配置保存
2025-08-16 00:19:29,620 - VALO360 - DEBUG - 自動保存已禁用，跳過配置保存
2025-08-16 00:19:29,620 - VALO360 - DEBUG - 自動保存已禁用，跳過配置保存
2025-08-16 00:19:29,620 - VALO360 - DEBUG - 自動保存已禁用，跳過配置保存
2025-08-16 00:19:29,622 - VALO360 - DEBUG - 自動保存已禁用，跳過配置保存
2025-08-16 00:19:29,623 - VALO360 - DEBUG - 自動保存已禁用，跳過配置保存
2025-08-16 00:19:29,623 - VALO360 - DEBUG - 自動保存已禁用，跳過配置保存
2025-08-16 00:19:29,623 - VALO360 - DEBUG - 自動保存已禁用，跳過配置保存
2025-08-16 00:19:29,623 - VALO360 - DEBUG - 自動保存已禁用，跳過配置保存
2025-08-16 00:19:29,624 - VALO360 - DEBUG - 自動保存已禁用，跳過配置保存
2025-08-16 00:19:29,624 - VALO360 - DEBUG - 自動保存已禁用，跳過配置保存
2025-08-16 00:19:29,624 - VALO360 - DEBUG - 自動保存已禁用，跳過配置保存
2025-08-16 00:19:29,625 - VALO360 - DEBUG - 自動保存已禁用，跳過配置保存
2025-08-16 00:19:29,625 - VALO360 - DEBUG - 自動保存已禁用，跳過配置保存
2025-08-16 00:19:29,626 - VALO360 - DEBUG - 自動保存已禁用，跳過配置保存
2025-08-16 00:19:29,626 - VALO360 - DEBUG - 自動保存已禁用，跳過配置保存
2025-08-16 00:19:29,626 - VALO360 - DEBUG - 自動保存已禁用，跳過配置保存
2025-08-16 00:19:29,627 - VALO360 - DEBUG - 自動保存已禁用，跳過配置保存
2025-08-16 00:19:29,627 - VALO360 - DEBUG - 自動保存已禁用，跳過配置保存
2025-08-16 00:19:29,627 - VALO360 - DEBUG - 自動保存已禁用，跳過配置保存
2025-08-16 00:19:29,628 - VALO360 - DEBUG - 自動保存已禁用，跳過配置保存
2025-08-16 00:19:29,628 - VALO360 - DEBUG - 自動保存已禁用，跳過配置保存
2025-08-16 00:19:29,628 - VALO360 - DEBUG - 自動保存已禁用，跳過配置保存
2025-08-16 00:19:29,628 - VALO360 - DEBUG - 自動保存已禁用，跳過配置保存
2025-08-16 00:19:29,631 - VALO360 - DEBUG - 自動保存已禁用，跳過配置保存
2025-08-16 00:19:29,631 - VALO360 - DEBUG - 自動保存已禁用，跳過配置保存
2025-08-16 00:19:29,632 - VALO360 - DEBUG - 自動保存已禁用，跳過配置保存
2025-08-16 00:19:29,632 - VALO360 - DEBUG - 自動保存已禁用，跳過配置保存
2025-08-16 00:19:29,632 - VALO360 - DEBUG - 自動保存已禁用，跳過配置保存
2025-08-16 00:19:29,632 - VALO360 - DEBUG - 自動保存已禁用，跳過配置保存
2025-08-16 00:19:29,632 - VALO360 - DEBUG - 自動保存已禁用，跳過配置保存
2025-08-16 00:19:29,633 - VALO360 - DEBUG - 自動保存已禁用，跳過配置保存
2025-08-16 00:19:29,634 - VALO360 - DEBUG - 自動保存已禁用，跳過配置保存
2025-08-16 00:19:29,635 - VALO360 - DEBUG - 自動保存已禁用，跳過配置保存
2025-08-16 00:19:29,635 - VALO360 - DEBUG - 自動保存已禁用，跳過配置保存
2025-08-16 00:19:29,635 - VALO360 - DEBUG - 自動保存已禁用，跳過配置保存
2025-08-16 00:19:29,635 - VALO360 - DEBUG - 自動保存已禁用，跳過配置保存
2025-08-16 00:19:29,636 - VALO360 - DEBUG - 自動保存已禁用，跳過配置保存
2025-08-16 00:19:29,636 - VALO360 - DEBUG - 自動保存已禁用，跳過配置保存
2025-08-16 00:19:29,636 - VALO360 - DEBUG - 自動保存已禁用，跳過配置保存
2025-08-16 00:19:29,638 - VALO360 - DEBUG - 自動保存已禁用，跳過配置保存
2025-08-16 00:19:29,638 - VALO360 - DEBUG - 自動保存已禁用，跳過配置保存
2025-08-16 00:19:29,638 - VALO360 - DEBUG - 自動保存已禁用，跳過配置保存
2025-08-16 00:19:29,639 - VALO360 - DEBUG - 自動保存已禁用，跳過配置保存
2025-08-16 00:19:29,639 - VALO360 - DEBUG - 自動保存已禁用，跳過配置保存
2025-08-16 00:19:29,639 - VALO360 - DEBUG - 自動保存已禁用，跳過配置保存
2025-08-16 00:19:29,640 - VALO360 - DEBUG - 自動保存已禁用，跳過配置保存
2025-08-16 00:19:29,640 - VALO360 - DEBUG - 自動保存已禁用，跳過配置保存
2025-08-16 00:19:29,642 - VALO360 - DEBUG - 自動保存已禁用，跳過配置保存
2025-08-16 00:19:29,642 - VALO360 - DEBUG - 自動保存已禁用，跳過配置保存
2025-08-16 00:19:29,642 - VALO360 - DEBUG - 自動保存已禁用，跳過配置保存
2025-08-16 00:19:29,643 - VALO360 - DEBUG - 自動保存已禁用，跳過配置保存
2025-08-16 00:19:29,643 - VALO360 - DEBUG - 自動保存已禁用，跳過配置保存
2025-08-16 00:19:29,643 - VALO360 - DEBUG - 自動保存已禁用，跳過配置保存
2025-08-16 00:19:29,643 - VALO360 - DEBUG - 自動保存已禁用，跳過配置保存
2025-08-16 00:19:29,644 - VALO360 - DEBUG - 自動保存已禁用，跳過配置保存
2025-08-16 00:19:29,645 - VALO360 - DEBUG - 自動保存已禁用，跳過配置保存
2025-08-16 00:19:29,645 - VALO360 - DEBUG - 自動保存已禁用，跳過配置保存
2025-08-16 00:19:29,646 - VALO360 - DEBUG - 自動保存已禁用，跳過配置保存
2025-08-16 00:19:29,646 - VALO360 - DEBUG - 自動保存已禁用，跳過配置保存
2025-08-16 00:19:29,646 - VALO360 - DEBUG - 自動保存已禁用，跳過配置保存
2025-08-16 00:19:29,646 - VALO360 - DEBUG - 自動保存已禁用，跳過配置保存
2025-08-16 00:19:29,646 - VALO360 - DEBUG - 自動保存已禁用，跳過配置保存
2025-08-16 00:19:29,647 - VALO360 - DEBUG - 自動保存已禁用，跳過配置保存
2025-08-16 00:19:31,937 - VALO360 - DEBUG - 自動保存已禁用，跳過配置保存
2025-08-16 00:19:31,937 - VALO360 - DEBUG - 自動保存已禁用，跳過配置保存
2025-08-16 00:19:31,938 - VALO360 - DEBUG - 自動保存已禁用，跳過配置保存
2025-08-16 00:19:31,938 - VALO360 - DEBUG - 自動保存已禁用，跳過配置保存
2025-08-16 00:19:31,941 - VALO360 - DEBUG - 自動保存已禁用，跳過配置保存
2025-08-16 00:19:31,941 - VALO360 - DEBUG - 自動保存已禁用，跳過配置保存
2025-08-16 00:19:31,941 - VALO360 - DEBUG - 自動保存已禁用，跳過配置保存
2025-08-16 00:19:31,942 - VALO360 - DEBUG - 自動保存已禁用，跳過配置保存
2025-08-16 00:19:31,951 - VALO360 - DEBUG - 自動保存已禁用，跳過配置保存
2025-08-16 00:19:31,951 - VALO360 - DEBUG - 自動保存已禁用，跳過配置保存
2025-08-16 00:19:31,952 - VALO360 - DEBUG - 自動保存已禁用，跳過配置保存
2025-08-16 00:19:31,952 - VALO360 - DEBUG - 自動保存已禁用，跳過配置保存
2025-08-16 00:19:31,953 - VALO360 - DEBUG - 自動保存已禁用，跳過配置保存
2025-08-16 00:19:31,953 - VALO360 - DEBUG - 自動保存已禁用，跳過配置保存
2025-08-16 00:19:31,953 - VALO360 - DEBUG - 自動保存已禁用，跳過配置保存
2025-08-16 00:19:31,953 - VALO360 - DEBUG - 自動保存已禁用，跳過配置保存
2025-08-16 00:19:31,954 - VALO360 - DEBUG - 自動保存已禁用，跳過配置保存
2025-08-16 00:19:31,954 - VALO360 - DEBUG - 自動保存已禁用，跳過配置保存
2025-08-16 00:19:31,954 - VALO360 - DEBUG - 自動保存已禁用，跳過配置保存
2025-08-16 00:19:31,955 - VALO360 - DEBUG - 自動保存已禁用，跳過配置保存
2025-08-16 00:19:31,955 - VALO360 - DEBUG - 自動保存已禁用，跳過配置保存
2025-08-16 00:19:31,955 - VALO360 - DEBUG - 自動保存已禁用，跳過配置保存
2025-08-16 00:19:31,956 - VALO360 - DEBUG - 自動保存已禁用，跳過配置保存
2025-08-16 00:19:31,956 - VALO360 - DEBUG - 自動保存已禁用，跳過配置保存
2025-08-16 00:19:31,958 - VALO360 - DEBUG - 自動保存已禁用，跳過配置保存
2025-08-16 00:19:31,958 - VALO360 - DEBUG - 自動保存已禁用，跳過配置保存
2025-08-16 00:19:31,958 - VALO360 - DEBUG - 自動保存已禁用，跳過配置保存
2025-08-16 00:19:31,958 - VALO360 - DEBUG - 自動保存已禁用，跳過配置保存
2025-08-16 00:19:31,960 - VALO360 - DEBUG - 自動保存已禁用，跳過配置保存
2025-08-16 00:19:31,960 - VALO360 - DEBUG - 自動保存已禁用，跳過配置保存
2025-08-16 00:19:31,961 - VALO360 - DEBUG - 自動保存已禁用，跳過配置保存
2025-08-16 00:19:31,961 - VALO360 - DEBUG - 自動保存已禁用，跳過配置保存
2025-08-16 00:19:31,961 - VALO360 - DEBUG - 自動保存已禁用，跳過配置保存
2025-08-16 00:19:31,962 - VALO360 - DEBUG - 自動保存已禁用，跳過配置保存
2025-08-16 00:19:31,962 - VALO360 - DEBUG - 自動保存已禁用，跳過配置保存
2025-08-16 00:19:31,962 - VALO360 - DEBUG - 自動保存已禁用，跳過配置保存
2025-08-16 00:19:31,963 - VALO360 - DEBUG - 自動保存已禁用，跳過配置保存
2025-08-16 00:19:31,963 - VALO360 - DEBUG - 自動保存已禁用，跳過配置保存
2025-08-16 00:19:31,963 - VALO360 - DEBUG - 自動保存已禁用，跳過配置保存
2025-08-16 00:19:31,963 - VALO360 - DEBUG - 自動保存已禁用，跳過配置保存
2025-08-16 00:19:31,964 - VALO360 - DEBUG - 自動保存已禁用，跳過配置保存
2025-08-16 00:19:31,965 - VALO360 - DEBUG - 自動保存已禁用，跳過配置保存
2025-08-16 00:19:31,965 - VALO360 - DEBUG - 自動保存已禁用，跳過配置保存
2025-08-16 00:19:31,965 - VALO360 - DEBUG - 自動保存已禁用，跳過配置保存
2025-08-16 00:19:31,967 - VALO360 - DEBUG - 自動保存已禁用，跳過配置保存
2025-08-16 00:19:31,967 - VALO360 - DEBUG - 自動保存已禁用，跳過配置保存
2025-08-16 00:19:31,967 - VALO360 - DEBUG - 自動保存已禁用，跳過配置保存
2025-08-16 00:19:31,967 - VALO360 - DEBUG - 自動保存已禁用，跳過配置保存
2025-08-16 00:19:31,968 - VALO360 - DEBUG - 自動保存已禁用，跳過配置保存
2025-08-16 00:19:31,969 - VALO360 - DEBUG - 自動保存已禁用，跳過配置保存
2025-08-16 00:19:31,969 - VALO360 - DEBUG - 自動保存已禁用，跳過配置保存
2025-08-16 00:19:31,969 - VALO360 - DEBUG - 自動保存已禁用，跳過配置保存
2025-08-16 00:19:31,973 - VALO360 - DEBUG - 自動保存已禁用，跳過配置保存
2025-08-16 00:19:31,973 - VALO360 - DEBUG - 自動保存已禁用，跳過配置保存
2025-08-16 00:19:31,973 - VALO360 - DEBUG - 自動保存已禁用，跳過配置保存
2025-08-16 00:19:31,973 - VALO360 - DEBUG - 自動保存已禁用，跳過配置保存
2025-08-16 00:19:31,977 - VALO360 - DEBUG - 自動保存已禁用，跳過配置保存
2025-08-16 00:19:31,977 - VALO360 - DEBUG - 自動保存已禁用，跳過配置保存
2025-08-16 00:19:31,977 - VALO360 - DEBUG - 自動保存已禁用，跳過配置保存
2025-08-16 00:19:31,977 - VALO360 - DEBUG - 自動保存已禁用，跳過配置保存
2025-08-16 00:19:31,979 - VALO360 - DEBUG - 自動保存已禁用，跳過配置保存
2025-08-16 00:19:31,979 - VALO360 - DEBUG - 自動保存已禁用，跳過配置保存
2025-08-16 00:19:31,979 - VALO360 - DEBUG - 自動保存已禁用，跳過配置保存
2025-08-16 00:19:31,979 - VALO360 - DEBUG - 自動保存已禁用，跳過配置保存
2025-08-16 00:19:33,949 - VALO360 - DEBUG - 自動保存已禁用，跳過配置保存
2025-08-16 00:19:33,949 - VALO360 - DEBUG - 自動保存已禁用，跳過配置保存
2025-08-16 00:19:33,949 - VALO360 - DEBUG - 自動保存已禁用，跳過配置保存
2025-08-16 00:19:33,949 - VALO360 - DEBUG - 自動保存已禁用，跳過配置保存
2025-08-16 00:19:33,953 - VALO360 - DEBUG - 自動保存已禁用，跳過配置保存
2025-08-16 00:19:33,953 - VALO360 - DEBUG - 自動保存已禁用，跳過配置保存
2025-08-16 00:19:33,953 - VALO360 - DEBUG - 自動保存已禁用，跳過配置保存
2025-08-16 00:19:33,953 - VALO360 - DEBUG - 自動保存已禁用，跳過配置保存
2025-08-16 00:19:33,964 - VALO360 - DEBUG - 自動保存已禁用，跳過配置保存
2025-08-16 00:19:33,964 - VALO360 - DEBUG - 自動保存已禁用，跳過配置保存
2025-08-16 00:19:33,964 - VALO360 - DEBUG - 自動保存已禁用，跳過配置保存
2025-08-16 00:19:33,964 - VALO360 - DEBUG - 自動保存已禁用，跳過配置保存
2025-08-16 00:19:33,965 - VALO360 - DEBUG - 自動保存已禁用，跳過配置保存
2025-08-16 00:19:33,965 - VALO360 - DEBUG - 自動保存已禁用，跳過配置保存
2025-08-16 00:19:33,965 - VALO360 - DEBUG - 自動保存已禁用，跳過配置保存
2025-08-16 00:19:33,965 - VALO360 - DEBUG - 自動保存已禁用，跳過配置保存
2025-08-16 00:19:33,965 - VALO360 - DEBUG - 自動保存已禁用，跳過配置保存
2025-08-16 00:19:33,966 - VALO360 - DEBUG - 自動保存已禁用，跳過配置保存
2025-08-16 00:19:33,966 - VALO360 - DEBUG - 自動保存已禁用，跳過配置保存
2025-08-16 00:19:33,966 - VALO360 - DEBUG - 自動保存已禁用，跳過配置保存
2025-08-16 00:19:33,969 - VALO360 - DEBUG - 自動保存已禁用，跳過配置保存
2025-08-16 00:19:33,970 - VALO360 - DEBUG - 自動保存已禁用，跳過配置保存
2025-08-16 00:19:33,970 - VALO360 - DEBUG - 自動保存已禁用，跳過配置保存
2025-08-16 00:19:33,970 - VALO360 - DEBUG - 自動保存已禁用，跳過配置保存
2025-08-16 00:19:33,972 - VALO360 - DEBUG - 自動保存已禁用，跳過配置保存
2025-08-16 00:19:33,972 - VALO360 - DEBUG - 自動保存已禁用，跳過配置保存
2025-08-16 00:19:33,972 - VALO360 - DEBUG - 自動保存已禁用，跳過配置保存
2025-08-16 00:19:33,972 - VALO360 - DEBUG - 自動保存已禁用，跳過配置保存
2025-08-16 00:19:33,978 - VALO360 - DEBUG - 自動保存已禁用，跳過配置保存
2025-08-16 00:19:33,979 - VALO360 - DEBUG - 自動保存已禁用，跳過配置保存
2025-08-16 00:19:33,979 - VALO360 - DEBUG - 自動保存已禁用，跳過配置保存
2025-08-16 00:19:33,979 - VALO360 - DEBUG - 自動保存已禁用，跳過配置保存
2025-08-16 00:19:33,980 - VALO360 - DEBUG - 自動保存已禁用，跳過配置保存
2025-08-16 00:19:33,980 - VALO360 - DEBUG - 自動保存已禁用，跳過配置保存
2025-08-16 00:19:33,980 - VALO360 - DEBUG - 自動保存已禁用，跳過配置保存
2025-08-16 00:19:33,980 - VALO360 - DEBUG - 自動保存已禁用，跳過配置保存
2025-08-16 00:19:33,981 - VALO360 - DEBUG - 自動保存已禁用，跳過配置保存
2025-08-16 00:19:33,981 - VALO360 - DEBUG - 自動保存已禁用，跳過配置保存
2025-08-16 00:19:33,982 - VALO360 - DEBUG - 自動保存已禁用，跳過配置保存
2025-08-16 00:19:33,982 - VALO360 - DEBUG - 自動保存已禁用，跳過配置保存
2025-08-16 00:19:33,984 - VALO360 - DEBUG - 自動保存已禁用，跳過配置保存
2025-08-16 00:19:33,984 - VALO360 - DEBUG - 自動保存已禁用，跳過配置保存
2025-08-16 00:19:33,984 - VALO360 - DEBUG - 自動保存已禁用，跳過配置保存
2025-08-16 00:19:33,984 - VALO360 - DEBUG - 自動保存已禁用，跳過配置保存
2025-08-16 00:19:33,985 - VALO360 - DEBUG - 自動保存已禁用，跳過配置保存
2025-08-16 00:19:33,986 - VALO360 - DEBUG - 自動保存已禁用，跳過配置保存
2025-08-16 00:19:33,986 - VALO360 - DEBUG - 自動保存已禁用，跳過配置保存
2025-08-16 00:19:33,986 - VALO360 - DEBUG - 自動保存已禁用，跳過配置保存
2025-08-16 00:19:33,988 - VALO360 - DEBUG - 自動保存已禁用，跳過配置保存
2025-08-16 00:19:33,988 - VALO360 - DEBUG - 自動保存已禁用，跳過配置保存
2025-08-16 00:19:33,988 - VALO360 - DEBUG - 自動保存已禁用，跳過配置保存
2025-08-16 00:19:33,988 - VALO360 - DEBUG - 自動保存已禁用，跳過配置保存
2025-08-16 00:19:33,989 - VALO360 - DEBUG - 自動保存已禁用，跳過配置保存
2025-08-16 00:19:33,989 - VALO360 - DEBUG - 自動保存已禁用，跳過配置保存
2025-08-16 00:19:33,990 - VALO360 - DEBUG - 自動保存已禁用，跳過配置保存
2025-08-16 00:19:33,990 - VALO360 - DEBUG - 自動保存已禁用，跳過配置保存
2025-08-16 00:19:33,991 - VALO360 - DEBUG - 自動保存已禁用，跳過配置保存
2025-08-16 00:19:33,991 - VALO360 - DEBUG - 自動保存已禁用，跳過配置保存
2025-08-16 00:19:33,992 - VALO360 - DEBUG - 自動保存已禁用，跳過配置保存
2025-08-16 00:19:33,992 - VALO360 - DEBUG - 自動保存已禁用，跳過配置保存
2025-08-16 00:19:33,992 - VALO360 - DEBUG - 自動保存已禁用，跳過配置保存
2025-08-16 00:19:33,993 - VALO360 - DEBUG - 自動保存已禁用，跳過配置保存
2025-08-16 00:19:33,993 - VALO360 - DEBUG - 自動保存已禁用，跳過配置保存
2025-08-16 00:19:33,993 - VALO360 - DEBUG - 自動保存已禁用，跳過配置保存
2025-08-16 00:19:33,995 - VALO360 - DEBUG - 自動保存已禁用，跳過配置保存
2025-08-16 00:19:33,995 - VALO360 - DEBUG - 自動保存已禁用，跳過配置保存
2025-08-16 00:19:33,995 - VALO360 - DEBUG - 自動保存已禁用，跳過配置保存
2025-08-16 00:19:33,996 - VALO360 - DEBUG - 自動保存已禁用，跳過配置保存
2025-08-16 00:19:33,997 - VALO360 - DEBUG - 自動保存已禁用，跳過配置保存
2025-08-16 00:19:33,998 - VALO360 - DEBUG - 自動保存已禁用，跳過配置保存
2025-08-16 00:19:33,998 - VALO360 - DEBUG - 自動保存已禁用，跳過配置保存
2025-08-16 00:19:33,998 - VALO360 - DEBUG - 自動保存已禁用，跳過配置保存
2025-08-16 00:19:33,999 - VALO360 - DEBUG - 自動保存已禁用，跳過配置保存
2025-08-16 00:19:33,999 - VALO360 - DEBUG - 自動保存已禁用，跳過配置保存
2025-08-16 00:19:33,999 - VALO360 - DEBUG - 自動保存已禁用，跳過配置保存
2025-08-16 00:19:33,999 - VALO360 - DEBUG - 自動保存已禁用，跳過配置保存
2025-08-16 00:19:34,000 - VALO360 - DEBUG - 自動保存已禁用，跳過配置保存
2025-08-16 00:19:34,000 - VALO360 - DEBUG - 自動保存已禁用，跳過配置保存
2025-08-16 00:19:34,001 - VALO360 - DEBUG - 自動保存已禁用，跳過配置保存
2025-08-16 00:19:34,001 - VALO360 - DEBUG - 自動保存已禁用，跳過配置保存
2025-08-16 00:19:34,002 - VALO360 - DEBUG - 自動保存已禁用，跳過配置保存
2025-08-16 00:19:34,002 - VALO360 - DEBUG - 自動保存已禁用，跳過配置保存
2025-08-16 00:19:34,002 - VALO360 - DEBUG - 自動保存已禁用，跳過配置保存
2025-08-16 00:19:34,002 - VALO360 - DEBUG - 自動保存已禁用，跳過配置保存
2025-08-16 00:19:34,003 - VALO360 - DEBUG - 自動保存已禁用，跳過配置保存
2025-08-16 00:19:34,004 - VALO360 - DEBUG - 自動保存已禁用，跳過配置保存
2025-08-16 00:19:34,004 - VALO360 - DEBUG - 自動保存已禁用，跳過配置保存
2025-08-16 00:19:34,004 - VALO360 - DEBUG - 自動保存已禁用，跳過配置保存
2025-08-16 00:19:34,005 - VALO360 - DEBUG - 自動保存已禁用，跳過配置保存
2025-08-16 00:19:34,005 - VALO360 - DEBUG - 自動保存已禁用，跳過配置保存
2025-08-16 00:19:34,006 - VALO360 - DEBUG - 自動保存已禁用，跳過配置保存
2025-08-16 00:19:34,006 - VALO360 - DEBUG - 自動保存已禁用，跳過配置保存
2025-08-16 00:19:34,009 - VALO360 - DEBUG - 自動保存已禁用，跳過配置保存
2025-08-16 00:19:34,009 - VALO360 - DEBUG - 自動保存已禁用，跳過配置保存
2025-08-16 00:19:34,009 - VALO360 - DEBUG - 自動保存已禁用，跳過配置保存
2025-08-16 00:19:34,009 - VALO360 - DEBUG - 自動保存已禁用，跳過配置保存
2025-08-16 00:19:34,010 - VALO360 - DEBUG - 自動保存已禁用，跳過配置保存
2025-08-16 00:19:34,011 - VALO360 - DEBUG - 自動保存已禁用，跳過配置保存
2025-08-16 00:19:34,011 - VALO360 - DEBUG - 自動保存已禁用，跳過配置保存
2025-08-16 00:19:34,011 - VALO360 - DEBUG - 自動保存已禁用，跳過配置保存
2025-08-16 00:19:34,012 - VALO360 - DEBUG - 自動保存已禁用，跳過配置保存
2025-08-16 00:19:34,012 - VALO360 - DEBUG - 自動保存已禁用，跳過配置保存
2025-08-16 00:19:34,012 - VALO360 - DEBUG - 自動保存已禁用，跳過配置保存
2025-08-16 00:19:34,013 - VALO360 - DEBUG - 自動保存已禁用，跳過配置保存
2025-08-16 00:19:34,014 - VALO360 - DEBUG - 自動保存已禁用，跳過配置保存
2025-08-16 00:19:34,014 - VALO360 - DEBUG - 自動保存已禁用，跳過配置保存
2025-08-16 00:19:34,014 - VALO360 - DEBUG - 自動保存已禁用，跳過配置保存
2025-08-16 00:19:34,014 - VALO360 - DEBUG - 自動保存已禁用，跳過配置保存
2025-08-16 00:19:34,015 - VALO360 - DEBUG - 自動保存已禁用，跳過配置保存
2025-08-16 00:19:34,015 - VALO360 - DEBUG - 自動保存已禁用，跳過配置保存
2025-08-16 00:19:34,015 - VALO360 - DEBUG - 自動保存已禁用，跳過配置保存
2025-08-16 00:19:34,016 - VALO360 - DEBUG - 自動保存已禁用，跳過配置保存
2025-08-16 00:19:34,017 - VALO360 - DEBUG - 自動保存已禁用，跳過配置保存
2025-08-16 00:19:34,018 - VALO360 - DEBUG - 自動保存已禁用，跳過配置保存
2025-08-16 00:19:34,018 - VALO360 - DEBUG - 自動保存已禁用，跳過配置保存
2025-08-16 00:19:34,018 - VALO360 - DEBUG - 自動保存已禁用，跳過配置保存
2025-08-16 00:19:34,019 - VALO360 - DEBUG - 自動保存已禁用，跳過配置保存
2025-08-16 00:19:34,019 - VALO360 - DEBUG - 自動保存已禁用，跳過配置保存
2025-08-16 00:19:34,019 - VALO360 - DEBUG - 自動保存已禁用，跳過配置保存
2025-08-16 00:19:34,019 - VALO360 - DEBUG - 自動保存已禁用，跳過配置保存
2025-08-16 00:19:34,021 - VALO360 - DEBUG - 自動保存已禁用，跳過配置保存
2025-08-16 00:19:34,021 - VALO360 - DEBUG - 自動保存已禁用，跳過配置保存
2025-08-16 00:19:34,021 - VALO360 - DEBUG - 自動保存已禁用，跳過配置保存
2025-08-16 00:19:34,021 - VALO360 - DEBUG - 自動保存已禁用，跳過配置保存
2025-08-16 00:19:34,022 - VALO360 - DEBUG - 自動保存已禁用，跳過配置保存
2025-08-16 00:19:34,022 - VALO360 - DEBUG - 自動保存已禁用，跳過配置保存
2025-08-16 00:19:34,022 - VALO360 - DEBUG - 自動保存已禁用，跳過配置保存
2025-08-16 00:19:34,023 - VALO360 - DEBUG - 自動保存已禁用，跳過配置保存
2025-08-16 00:19:34,024 - VALO360 - DEBUG - 自動保存已禁用，跳過配置保存
2025-08-16 00:19:34,024 - VALO360 - DEBUG - 自動保存已禁用，跳過配置保存
2025-08-16 00:19:34,024 - VALO360 - DEBUG - 自動保存已禁用，跳過配置保存
2025-08-16 00:19:34,024 - VALO360 - DEBUG - 自動保存已禁用，跳過配置保存
2025-08-16 00:19:34,025 - VALO360 - DEBUG - 自動保存已禁用，跳過配置保存
2025-08-16 00:19:34,025 - VALO360 - DEBUG - 自動保存已禁用，跳過配置保存
2025-08-16 00:19:34,026 - VALO360 - DEBUG - 自動保存已禁用，跳過配置保存
2025-08-16 00:19:34,026 - VALO360 - DEBUG - 自動保存已禁用，跳過配置保存
2025-08-16 00:19:34,030 - VALO360 - DEBUG - 自動保存已禁用，跳過配置保存
2025-08-16 00:19:34,031 - VALO360 - DEBUG - 自動保存已禁用，跳過配置保存
2025-08-16 00:19:34,031 - VALO360 - DEBUG - 自動保存已禁用，跳過配置保存
2025-08-16 00:19:34,031 - VALO360 - DEBUG - 自動保存已禁用，跳過配置保存
2025-08-16 00:19:34,032 - VALO360 - DEBUG - 自動保存已禁用，跳過配置保存
2025-08-16 00:19:34,032 - VALO360 - DEBUG - 自動保存已禁用，跳過配置保存
2025-08-16 00:19:34,032 - VALO360 - DEBUG - 自動保存已禁用，跳過配置保存
2025-08-16 00:19:34,032 - VALO360 - DEBUG - 自動保存已禁用，跳過配置保存
2025-08-16 00:19:34,033 - VALO360 - DEBUG - 自動保存已禁用，跳過配置保存
2025-08-16 00:19:34,033 - VALO360 - DEBUG - 自動保存已禁用，跳過配置保存
2025-08-16 00:19:34,034 - VALO360 - DEBUG - 自動保存已禁用，跳過配置保存
2025-08-16 00:19:34,034 - VALO360 - DEBUG - 自動保存已禁用，跳過配置保存
2025-08-16 00:19:34,035 - VALO360 - DEBUG - 自動保存已禁用，跳過配置保存
2025-08-16 00:19:34,035 - VALO360 - DEBUG - 自動保存已禁用，跳過配置保存
2025-08-16 00:19:34,035 - VALO360 - DEBUG - 自動保存已禁用，跳過配置保存
2025-08-16 00:19:34,035 - VALO360 - DEBUG - 自動保存已禁用，跳過配置保存
2025-08-16 00:19:34,036 - VALO360 - DEBUG - 自動保存已禁用，跳過配置保存
2025-08-16 00:19:34,037 - VALO360 - DEBUG - 自動保存已禁用，跳過配置保存
2025-08-16 00:19:34,037 - VALO360 - DEBUG - 自動保存已禁用，跳過配置保存
2025-08-16 00:19:34,037 - VALO360 - DEBUG - 自動保存已禁用，跳過配置保存
2025-08-16 00:19:34,040 - VALO360 - DEBUG - 自動保存已禁用，跳過配置保存
2025-08-16 00:19:34,040 - VALO360 - DEBUG - 自動保存已禁用，跳過配置保存
2025-08-16 00:19:34,040 - VALO360 - DEBUG - 自動保存已禁用，跳過配置保存
2025-08-16 00:19:34,040 - VALO360 - DEBUG - 自動保存已禁用，跳過配置保存
2025-08-16 00:19:34,041 - VALO360 - DEBUG - 自動保存已禁用，跳過配置保存
2025-08-16 00:19:34,042 - VALO360 - DEBUG - 自動保存已禁用，跳過配置保存
2025-08-16 00:19:34,042 - VALO360 - DEBUG - 自動保存已禁用，跳過配置保存
2025-08-16 00:19:34,042 - VALO360 - DEBUG - 自動保存已禁用，跳過配置保存
2025-08-16 00:19:34,050 - VALO360 - DEBUG - 自動保存已禁用，跳過配置保存
2025-08-16 00:19:34,050 - VALO360 - DEBUG - 自動保存已禁用，跳過配置保存
2025-08-16 00:19:34,050 - VALO360 - DEBUG - 自動保存已禁用，跳過配置保存
2025-08-16 00:19:34,051 - VALO360 - DEBUG - 自動保存已禁用，跳過配置保存
2025-08-16 00:19:34,051 - VALO360 - DEBUG - 自動保存已禁用，跳過配置保存
2025-08-16 00:19:34,052 - VALO360 - DEBUG - 自動保存已禁用，跳過配置保存
2025-08-16 00:19:34,052 - VALO360 - DEBUG - 自動保存已禁用，跳過配置保存
2025-08-16 00:19:34,052 - VALO360 - DEBUG - 自動保存已禁用，跳過配置保存
2025-08-16 00:19:34,053 - VALO360 - DEBUG - 自動保存已禁用，跳過配置保存
2025-08-16 00:19:34,053 - VALO360 - DEBUG - 自動保存已禁用，跳過配置保存
2025-08-16 00:19:34,053 - VALO360 - DEBUG - 自動保存已禁用，跳過配置保存
2025-08-16 00:19:34,054 - VALO360 - DEBUG - 自動保存已禁用，跳過配置保存
2025-08-16 00:19:34,055 - VALO360 - DEBUG - 自動保存已禁用，跳過配置保存
2025-08-16 00:19:34,055 - VALO360 - DEBUG - 自動保存已禁用，跳過配置保存
2025-08-16 00:19:34,055 - VALO360 - DEBUG - 自動保存已禁用，跳過配置保存
2025-08-16 00:19:34,055 - VALO360 - DEBUG - 自動保存已禁用，跳過配置保存
2025-08-16 00:19:34,056 - VALO360 - DEBUG - 自動保存已禁用，跳過配置保存
2025-08-16 00:19:34,057 - VALO360 - DEBUG - 自動保存已禁用，跳過配置保存
2025-08-16 00:19:34,057 - VALO360 - DEBUG - 自動保存已禁用，跳過配置保存
2025-08-16 00:19:34,057 - VALO360 - DEBUG - 自動保存已禁用，跳過配置保存
2025-08-16 00:19:34,058 - VALO360 - DEBUG - 自動保存已禁用，跳過配置保存
2025-08-16 00:19:34,058 - VALO360 - DEBUG - 自動保存已禁用，跳過配置保存
2025-08-16 00:19:34,058 - VALO360 - DEBUG - 自動保存已禁用，跳過配置保存
2025-08-16 00:19:34,058 - VALO360 - DEBUG - 自動保存已禁用，跳過配置保存
2025-08-16 00:19:34,059 - VALO360 - DEBUG - 自動保存已禁用，跳過配置保存
2025-08-16 00:19:34,059 - VALO360 - DEBUG - 自動保存已禁用，跳過配置保存
2025-08-16 00:19:34,060 - VALO360 - DEBUG - 自動保存已禁用，跳過配置保存
2025-08-16 00:19:34,060 - VALO360 - DEBUG - 自動保存已禁用，跳過配置保存
2025-08-16 00:19:34,061 - VALO360 - DEBUG - 自動保存已禁用，跳過配置保存
2025-08-16 00:19:34,061 - VALO360 - DEBUG - 自動保存已禁用，跳過配置保存
2025-08-16 00:19:34,061 - VALO360 - DEBUG - 自動保存已禁用，跳過配置保存
2025-08-16 00:19:34,061 - VALO360 - DEBUG - 自動保存已禁用，跳過配置保存
2025-08-16 00:19:45,816 - VALO360 - DEBUG - 自動保存已禁用，跳過配置保存
2025-08-16 00:19:45,817 - VALO360 - DEBUG - 自動保存已禁用，跳過配置保存
2025-08-16 00:19:45,817 - VALO360 - DEBUG - 自動保存已禁用，跳過配置保存
2025-08-16 00:19:45,817 - VALO360 - DEBUG - 自動保存已禁用，跳過配置保存
2025-08-16 00:19:45,850 - VALO360 - DEBUG - 找到 3 個COM口: ['COM1', 'COM3', 'COM4']
2025-08-16 00:20:07,044 - VALO360 - DEBUG - 自動保存已禁用，跳過配置保存
2025-08-16 00:20:07,045 - VALO360 - DEBUG - 自動保存已禁用，跳過配置保存
2025-08-16 00:20:07,045 - VALO360 - DEBUG - 自動保存已禁用，跳過配置保存
2025-08-16 00:20:07,045 - VALO360 - DEBUG - 自動保存已禁用，跳過配置保存
2025-08-16 00:20:09,097 - VALO360 - DEBUG - 配置已備份至: backup\setup_backup_20250816_002009.json
2025-08-16 00:20:09,101 - VALO360 - DEBUG - 配置保存成功
2025-08-16 00:20:09,105 - VALO360 - DEBUG - 配置已備份至: backup\setup_backup_20250816_002009.json
2025-08-16 00:20:09,108 - VALO360 - DEBUG - 配置保存成功
2025-08-16 00:20:09,110 - VALO360 - DEBUG - 自動保存已禁用，跳過配置保存
2025-08-16 00:20:09,110 - VALO360 - INFO - 程式關閉時已保存所有待保存的設定
2025-08-16 00:20:09,110 - VALO360 - INFO - 程式正常關閉
2025-08-16 00:20:09,152 - VALO360 - INFO - 資源清理完成
2025-08-16 00:20:09,153 - VALO360 - INFO - 應用程式資源清理完成
