2025-08-18 15:19:36,082 - VALO360 - DEBUG - ADBWorker 初始化: 指令數=1, 超時=10s
2025-08-18 15:21:41,653 - VALO360 - DEBUG - 找到指令檔: D:\((Python TOOL\指令工具-20250428T020034Z-001\360-command-tool\Command_TABLE\command.txt
2025-08-18 15:21:41,814 - VALO360 - INFO - 成功載入 94 個指令
2025-08-18 15:21:41,865 - VALO360 - INFO - 運行日誌: main.py 啟動
2025-08-18 15:21:41,865 - VALO360 - INFO - 指令通主程式啟動
2025-08-18 15:21:41,866 - VALO360 - INFO - 運行日誌: 成功 import TabManager
2025-08-18 15:21:41,866 - VALO360 - INFO - UI模組導入成功
2025-08-18 15:21:41,866 - VALO360 - INFO - 日誌系統初始化完成
2025-08-18 15:21:41,866 - VALO360 - DEBUG - ConfigManager: 自動保存已禁用
2025-08-18 15:21:41,867 - VALO360 - INFO - ConfigManager自動保存已禁用
2025-08-18 15:21:41,867 - VALO360 - INFO - 未找到關鍵字高亮設定文件，使用空設定
2025-08-18 15:21:42,093 - VALO360 - DEBUG - 配置已備份至: backup\setup_backup_20250818_152142.json
2025-08-18 15:21:42,096 - VALO360 - DEBUG - 已刪除舊備份: backup\setup_backup_20250817_124815.json
2025-08-18 15:21:42,096 - VALO360 - DEBUG - 配置載入成功
2025-08-18 15:21:42,096 - VALO360 - INFO - 統一設定管理器已初始化
2025-08-18 15:21:42,155 - VALO360 - DEBUG - 自動保存已禁用，跳過配置保存
2025-08-18 15:21:42,172 - VALO360 - DEBUG - 找到 4 個COM口: ['COM9 - AT PORT', 'COM8 - NMEA PORT', 'COM7 - DM PORT', 'COM3']
2025-08-18 15:21:42,426 - VALO360 - DEBUG - 自動保存已禁用，跳過配置保存
2025-08-18 15:21:43,166 - VALO360 - DEBUG - 找到 4 個COM口: ['COM9 - AT PORT', 'COM8 - NMEA PORT', 'COM7 - DM PORT', 'COM3']
2025-08-18 15:21:43,869 - VALO360 - INFO - 應用程式圖示設置成功: D:\((Python TOOL\指令工具-20250428T020034Z-001\360-command-tool\assets\icon.ico
2025-08-18 15:21:43,870 - VALO360 - INFO - 視窗設置完成: PEGA指令通_1.9.4 (1522x749)
2025-08-18 15:21:43,870 - VALO360 - INFO - 程式啟動時更新標籤頁名稱
2025-08-18 15:21:43,872 - VALO360 - INFO - 應用程式啟動完成，進入主循環
2025-08-18 15:21:43,881 - VALO360 - DEBUG - 找到 4 個COM口: ['COM9 - AT PORT', 'COM8 - NMEA PORT', 'COM7 - DM PORT', 'COM3']
2025-08-18 15:21:43,884 - VALO360 - DEBUG - 自動保存已禁用，跳過配置保存
2025-08-18 15:21:43,884 - VALO360 - DEBUG - 自動保存已禁用，跳過配置保存
2025-08-18 15:21:43,885 - VALO360 - DEBUG - 自動保存已禁用，跳過配置保存
2025-08-18 15:21:43,886 - VALO360 - DEBUG - 自動保存已禁用，跳過配置保存
2025-08-18 15:21:43,943 - VALO360 - DEBUG - 自動保存已禁用，跳過配置保存
2025-08-18 15:21:43,944 - VALO360 - DEBUG - 自動保存已禁用，跳過配置保存
2025-08-18 15:21:43,944 - VALO360 - DEBUG - 自動保存已禁用，跳過配置保存
2025-08-18 15:21:43,945 - VALO360 - DEBUG - 自動保存已禁用，跳過配置保存
2025-08-18 15:21:43,958 - VALO360 - DEBUG - 自動保存已禁用，跳過配置保存
2025-08-18 15:21:43,959 - VALO360 - DEBUG - 自動保存已禁用，跳過配置保存
2025-08-18 15:21:43,959 - VALO360 - DEBUG - 自動保存已禁用，跳過配置保存
2025-08-18 15:21:43,960 - VALO360 - DEBUG - 自動保存已禁用，跳過配置保存
2025-08-18 15:21:43,961 - VALO360 - DEBUG - 自動保存已禁用，跳過配置保存
2025-08-18 15:21:43,961 - VALO360 - DEBUG - 自動保存已禁用，跳過配置保存
2025-08-18 15:21:43,963 - VALO360 - DEBUG - 自動保存已禁用，跳過配置保存
2025-08-18 15:21:43,964 - VALO360 - DEBUG - 自動保存已禁用，跳過配置保存
2025-08-18 15:21:43,966 - VALO360 - DEBUG - 自動保存已禁用，跳過配置保存
2025-08-18 15:21:43,967 - VALO360 - DEBUG - 自動保存已禁用，跳過配置保存
2025-08-18 15:21:43,968 - VALO360 - DEBUG - 自動保存已禁用，跳過配置保存
2025-08-18 15:21:43,968 - VALO360 - DEBUG - 自動保存已禁用，跳過配置保存
2025-08-18 15:21:43,969 - VALO360 - DEBUG - 自動保存已禁用，跳過配置保存
2025-08-18 15:21:43,971 - VALO360 - DEBUG - 自動保存已禁用，跳過配置保存
2025-08-18 15:21:43,971 - VALO360 - DEBUG - 自動保存已禁用，跳過配置保存
2025-08-18 15:21:43,972 - VALO360 - DEBUG - 自動保存已禁用，跳過配置保存
2025-08-18 15:21:43,973 - VALO360 - DEBUG - 自動保存已禁用，跳過配置保存
2025-08-18 15:21:43,975 - VALO360 - DEBUG - 自動保存已禁用，跳過配置保存
2025-08-18 15:21:43,976 - VALO360 - DEBUG - 自動保存已禁用，跳過配置保存
2025-08-18 15:21:43,976 - VALO360 - DEBUG - 自動保存已禁用，跳過配置保存
2025-08-18 15:21:43,977 - VALO360 - DEBUG - 自動保存已禁用，跳過配置保存
2025-08-18 15:21:43,977 - VALO360 - DEBUG - 自動保存已禁用，跳過配置保存
2025-08-18 15:21:43,978 - VALO360 - DEBUG - 自動保存已禁用，跳過配置保存
2025-08-18 15:21:43,978 - VALO360 - DEBUG - 自動保存已禁用，跳過配置保存
2025-08-18 15:21:43,980 - VALO360 - DEBUG - 自動保存已禁用，跳過配置保存
2025-08-18 15:21:43,981 - VALO360 - DEBUG - 自動保存已禁用，跳過配置保存
2025-08-18 15:21:43,982 - VALO360 - DEBUG - 自動保存已禁用，跳過配置保存
2025-08-18 15:21:43,982 - VALO360 - DEBUG - 自動保存已禁用，跳過配置保存
2025-08-18 15:21:43,984 - VALO360 - DEBUG - 自動保存已禁用，跳過配置保存
2025-08-18 15:21:43,985 - VALO360 - DEBUG - 自動保存已禁用，跳過配置保存
2025-08-18 15:21:43,985 - VALO360 - DEBUG - 自動保存已禁用，跳過配置保存
2025-08-18 15:21:43,986 - VALO360 - DEBUG - 自動保存已禁用，跳過配置保存
2025-08-18 15:21:43,987 - VALO360 - DEBUG - 自動保存已禁用，跳過配置保存
2025-08-18 15:21:43,987 - VALO360 - DEBUG - 自動保存已禁用，跳過配置保存
2025-08-18 15:21:43,989 - VALO360 - DEBUG - 自動保存已禁用，跳過配置保存
2025-08-18 15:21:43,990 - VALO360 - DEBUG - 自動保存已禁用，跳過配置保存
2025-08-18 15:21:43,991 - VALO360 - DEBUG - 自動保存已禁用，跳過配置保存
2025-08-18 15:21:43,992 - VALO360 - DEBUG - 自動保存已禁用，跳過配置保存
2025-08-18 15:21:43,992 - VALO360 - DEBUG - 自動保存已禁用，跳過配置保存
2025-08-18 15:21:43,992 - VALO360 - DEBUG - 自動保存已禁用，跳過配置保存
2025-08-18 15:21:43,995 - VALO360 - DEBUG - 自動保存已禁用，跳過配置保存
2025-08-18 15:21:43,995 - VALO360 - DEBUG - 自動保存已禁用，跳過配置保存
2025-08-18 15:21:43,996 - VALO360 - DEBUG - 自動保存已禁用，跳過配置保存
2025-08-18 15:21:43,997 - VALO360 - DEBUG - 自動保存已禁用，跳過配置保存
2025-08-18 15:21:43,999 - VALO360 - DEBUG - 自動保存已禁用，跳過配置保存
2025-08-18 15:21:44,000 - VALO360 - DEBUG - 自動保存已禁用，跳過配置保存
2025-08-18 15:21:44,001 - VALO360 - DEBUG - 自動保存已禁用，跳過配置保存
2025-08-18 15:21:44,002 - VALO360 - DEBUG - 自動保存已禁用，跳過配置保存
2025-08-18 15:21:44,003 - VALO360 - DEBUG - 自動保存已禁用，跳過配置保存
2025-08-18 15:21:44,005 - VALO360 - DEBUG - 自動保存已禁用，跳過配置保存
2025-08-18 15:21:44,006 - VALO360 - DEBUG - 自動保存已禁用，跳過配置保存
2025-08-18 15:21:44,007 - VALO360 - DEBUG - 自動保存已禁用，跳過配置保存
2025-08-18 15:21:44,009 - VALO360 - DEBUG - 自動保存已禁用，跳過配置保存
2025-08-18 15:21:44,009 - VALO360 - DEBUG - 自動保存已禁用，跳過配置保存
2025-08-18 15:21:44,010 - VALO360 - DEBUG - 自動保存已禁用，跳過配置保存
2025-08-18 15:21:44,010 - VALO360 - DEBUG - 自動保存已禁用，跳過配置保存
2025-08-18 15:21:44,013 - VALO360 - DEBUG - 自動保存已禁用，跳過配置保存
2025-08-18 15:21:44,013 - VALO360 - DEBUG - 自動保存已禁用，跳過配置保存
2025-08-18 15:21:44,014 - VALO360 - DEBUG - 自動保存已禁用，跳過配置保存
2025-08-18 15:21:44,016 - VALO360 - DEBUG - 自動保存已禁用，跳過配置保存
2025-08-18 15:21:44,019 - VALO360 - DEBUG - 自動保存已禁用，跳過配置保存
2025-08-18 15:21:44,020 - VALO360 - DEBUG - 自動保存已禁用，跳過配置保存
2025-08-18 15:21:44,021 - VALO360 - DEBUG - 自動保存已禁用，跳過配置保存
2025-08-18 15:21:44,022 - VALO360 - DEBUG - 自動保存已禁用，跳過配置保存
2025-08-18 15:21:44,025 - VALO360 - DEBUG - 自動保存已禁用，跳過配置保存
2025-08-18 15:21:44,025 - VALO360 - DEBUG - 自動保存已禁用，跳過配置保存
2025-08-18 15:21:44,026 - VALO360 - DEBUG - 自動保存已禁用，跳過配置保存
2025-08-18 15:21:44,026 - VALO360 - DEBUG - 自動保存已禁用，跳過配置保存
2025-08-18 15:21:44,030 - VALO360 - DEBUG - 自動保存已禁用，跳過配置保存
2025-08-18 15:21:44,030 - VALO360 - DEBUG - 自動保存已禁用，跳過配置保存
2025-08-18 15:21:44,031 - VALO360 - DEBUG - 自動保存已禁用，跳過配置保存
2025-08-18 15:21:44,033 - VALO360 - DEBUG - 自動保存已禁用，跳過配置保存
2025-08-18 15:21:44,035 - VALO360 - DEBUG - 自動保存已禁用，跳過配置保存
2025-08-18 15:21:44,036 - VALO360 - DEBUG - 自動保存已禁用，跳過配置保存
2025-08-18 15:21:44,037 - VALO360 - DEBUG - 自動保存已禁用，跳過配置保存
2025-08-18 15:21:44,038 - VALO360 - DEBUG - 自動保存已禁用，跳過配置保存
2025-08-18 15:21:44,040 - VALO360 - DEBUG - 自動保存已禁用，跳過配置保存
2025-08-18 15:21:44,041 - VALO360 - DEBUG - 自動保存已禁用，跳過配置保存
2025-08-18 15:21:44,041 - VALO360 - DEBUG - 自動保存已禁用，跳過配置保存
2025-08-18 15:21:44,042 - VALO360 - DEBUG - 自動保存已禁用，跳過配置保存
2025-08-18 15:21:44,044 - VALO360 - DEBUG - 自動保存已禁用，跳過配置保存
2025-08-18 15:21:44,044 - VALO360 - DEBUG - 自動保存已禁用，跳過配置保存
2025-08-18 15:21:44,045 - VALO360 - DEBUG - 自動保存已禁用，跳過配置保存
2025-08-18 15:21:44,045 - VALO360 - DEBUG - 自動保存已禁用，跳過配置保存
2025-08-18 15:21:44,047 - VALO360 - DEBUG - 自動保存已禁用，跳過配置保存
2025-08-18 15:21:44,048 - VALO360 - DEBUG - 自動保存已禁用，跳過配置保存
2025-08-18 15:21:44,049 - VALO360 - DEBUG - 自動保存已禁用，跳過配置保存
2025-08-18 15:21:44,051 - VALO360 - DEBUG - 自動保存已禁用，跳過配置保存
2025-08-18 15:21:44,052 - VALO360 - DEBUG - 自動保存已禁用，跳過配置保存
2025-08-18 15:21:44,053 - VALO360 - DEBUG - 自動保存已禁用，跳過配置保存
2025-08-18 15:21:44,055 - VALO360 - DEBUG - 自動保存已禁用，跳過配置保存
2025-08-18 15:21:44,056 - VALO360 - DEBUG - 自動保存已禁用，跳過配置保存
2025-08-18 15:21:44,057 - VALO360 - DEBUG - 自動保存已禁用，跳過配置保存
2025-08-18 15:21:44,057 - VALO360 - DEBUG - 自動保存已禁用，跳過配置保存
2025-08-18 15:21:44,058 - VALO360 - DEBUG - 自動保存已禁用，跳過配置保存
2025-08-18 15:21:44,058 - VALO360 - DEBUG - 自動保存已禁用，跳過配置保存
2025-08-18 15:21:44,059 - VALO360 - DEBUG - 自動保存已禁用，跳過配置保存
2025-08-18 15:21:44,060 - VALO360 - DEBUG - 自動保存已禁用，跳過配置保存
2025-08-18 15:21:44,060 - VALO360 - DEBUG - 自動保存已禁用，跳過配置保存
2025-08-18 15:21:44,061 - VALO360 - DEBUG - 自動保存已禁用，跳過配置保存
2025-08-18 15:21:44,062 - VALO360 - DEBUG - 自動保存已禁用，跳過配置保存
2025-08-18 15:21:44,062 - VALO360 - DEBUG - 自動保存已禁用，跳過配置保存
2025-08-18 15:21:44,062 - VALO360 - DEBUG - 自動保存已禁用，跳過配置保存
2025-08-18 15:21:44,065 - VALO360 - DEBUG - 自動保存已禁用，跳過配置保存
2025-08-18 15:21:44,067 - VALO360 - DEBUG - 自動保存已禁用，跳過配置保存
2025-08-18 15:21:44,068 - VALO360 - DEBUG - 自動保存已禁用，跳過配置保存
2025-08-18 15:21:44,070 - VALO360 - DEBUG - 自動保存已禁用，跳過配置保存
2025-08-18 15:21:44,071 - VALO360 - DEBUG - 自動保存已禁用，跳過配置保存
2025-08-18 15:21:44,078 - VALO360 - DEBUG - 自動保存已禁用，跳過配置保存
2025-08-18 15:21:44,104 - VALO360 - DEBUG - 自動保存已禁用，跳過配置保存
2025-08-18 15:21:44,105 - VALO360 - DEBUG - 自動保存已禁用，跳過配置保存
2025-08-18 15:21:44,106 - VALO360 - DEBUG - 自動保存已禁用，跳過配置保存
2025-08-18 15:21:44,107 - VALO360 - DEBUG - 自動保存已禁用，跳過配置保存
2025-08-18 15:21:44,108 - VALO360 - DEBUG - 自動保存已禁用，跳過配置保存
2025-08-18 15:21:44,138 - VALO360 - DEBUG - 自動保存已禁用，跳過配置保存
2025-08-18 15:21:44,140 - VALO360 - DEBUG - 自動保存已禁用，跳過配置保存
2025-08-18 15:21:44,149 - VALO360 - DEBUG - 自動保存已禁用，跳過配置保存
2025-08-18 15:21:44,170 - VALO360 - DEBUG - 自動保存已禁用，跳過配置保存
2025-08-18 15:21:44,171 - VALO360 - DEBUG - 自動保存已禁用，跳過配置保存
2025-08-18 15:21:44,171 - VALO360 - DEBUG - 自動保存已禁用，跳過配置保存
2025-08-18 15:21:44,173 - VALO360 - DEBUG - 自動保存已禁用，跳過配置保存
2025-08-18 15:21:44,173 - VALO360 - DEBUG - 自動保存已禁用，跳過配置保存
2025-08-18 15:21:44,173 - VALO360 - DEBUG - 自動保存已禁用，跳過配置保存
2025-08-18 15:21:44,175 - VALO360 - DEBUG - 自動保存已禁用，跳過配置保存
2025-08-18 15:21:44,175 - VALO360 - DEBUG - 自動保存已禁用，跳過配置保存
2025-08-18 15:21:44,175 - VALO360 - DEBUG - 自動保存已禁用，跳過配置保存
2025-08-18 15:21:44,175 - VALO360 - DEBUG - 自動保存已禁用，跳過配置保存
2025-08-18 15:21:44,175 - VALO360 - DEBUG - 自動保存已禁用，跳過配置保存
2025-08-18 15:21:44,178 - VALO360 - DEBUG - 自動保存已禁用，跳過配置保存
2025-08-18 15:21:44,178 - VALO360 - DEBUG - 自動保存已禁用，跳過配置保存
2025-08-18 15:21:44,178 - VALO360 - DEBUG - 自動保存已禁用，跳過配置保存
2025-08-18 15:21:44,178 - VALO360 - DEBUG - 自動保存已禁用，跳過配置保存
2025-08-18 15:21:44,178 - VALO360 - DEBUG - 自動保存已禁用，跳過配置保存
2025-08-18 15:21:44,178 - VALO360 - DEBUG - 自動保存已禁用，跳過配置保存
2025-08-18 15:21:44,178 - VALO360 - DEBUG - 自動保存已禁用，跳過配置保存
2025-08-18 15:21:44,183 - VALO360 - DEBUG - 自動保存已禁用，跳過配置保存
2025-08-18 15:21:44,184 - VALO360 - DEBUG - 自動保存已禁用，跳過配置保存
2025-08-18 15:21:44,184 - VALO360 - DEBUG - 自動保存已禁用，跳過配置保存
2025-08-18 15:21:44,184 - VALO360 - DEBUG - 自動保存已禁用，跳過配置保存
2025-08-18 15:21:44,186 - VALO360 - DEBUG - 自動保存已禁用，跳過配置保存
2025-08-18 15:21:44,186 - VALO360 - DEBUG - 自動保存已禁用，跳過配置保存
2025-08-18 15:21:44,188 - VALO360 - DEBUG - 自動保存已禁用，跳過配置保存
2025-08-18 15:21:44,188 - VALO360 - DEBUG - 自動保存已禁用，跳過配置保存
2025-08-18 15:21:44,200 - VALO360 - DEBUG - 自動保存已禁用，跳過配置保存
2025-08-18 15:21:44,203 - VALO360 - DEBUG - 自動保存已禁用，跳過配置保存
2025-08-18 15:21:44,205 - VALO360 - DEBUG - 自動保存已禁用，跳過配置保存
2025-08-18 15:21:44,205 - VALO360 - DEBUG - 自動保存已禁用，跳過配置保存
2025-08-18 15:21:44,205 - VALO360 - DEBUG - 自動保存已禁用，跳過配置保存
2025-08-18 15:21:44,207 - VALO360 - DEBUG - 自動保存已禁用，跳過配置保存
2025-08-18 15:21:44,207 - VALO360 - DEBUG - 自動保存已禁用，跳過配置保存
2025-08-18 15:21:44,207 - VALO360 - DEBUG - 自動保存已禁用，跳過配置保存
2025-08-18 15:21:44,207 - VALO360 - DEBUG - 自動保存已禁用，跳過配置保存
2025-08-18 15:21:44,210 - VALO360 - DEBUG - 自動保存已禁用，跳過配置保存
2025-08-18 15:21:44,210 - VALO360 - DEBUG - 自動保存已禁用，跳過配置保存
2025-08-18 15:21:44,211 - VALO360 - DEBUG - 自動保存已禁用，跳過配置保存
2025-08-18 15:21:44,212 - VALO360 - DEBUG - 自動保存已禁用，跳過配置保存
2025-08-18 15:21:44,212 - VALO360 - DEBUG - 自動保存已禁用，跳過配置保存
2025-08-18 15:21:44,212 - VALO360 - DEBUG - 自動保存已禁用，跳過配置保存
2025-08-18 15:21:44,212 - VALO360 - DEBUG - 自動保存已禁用，跳過配置保存
2025-08-18 15:21:44,212 - VALO360 - DEBUG - 自動保存已禁用，跳過配置保存
2025-08-18 15:21:44,215 - VALO360 - DEBUG - 自動保存已禁用，跳過配置保存
2025-08-18 15:21:44,216 - VALO360 - DEBUG - 自動保存已禁用，跳過配置保存
2025-08-18 15:21:44,217 - VALO360 - DEBUG - 自動保存已禁用，跳過配置保存
2025-08-18 15:21:44,217 - VALO360 - DEBUG - 自動保存已禁用，跳過配置保存
2025-08-18 15:21:44,219 - VALO360 - DEBUG - 自動保存已禁用，跳過配置保存
2025-08-18 15:21:44,219 - VALO360 - DEBUG - 自動保存已禁用，跳過配置保存
2025-08-18 15:21:44,220 - VALO360 - DEBUG - 自動保存已禁用，跳過配置保存
2025-08-18 15:21:44,220 - VALO360 - DEBUG - 自動保存已禁用，跳過配置保存
2025-08-18 15:21:44,222 - VALO360 - DEBUG - 自動保存已禁用，跳過配置保存
2025-08-18 15:21:44,222 - VALO360 - DEBUG - 自動保存已禁用，跳過配置保存
2025-08-18 15:21:44,222 - VALO360 - DEBUG - 自動保存已禁用，跳過配置保存
2025-08-18 15:21:44,222 - VALO360 - DEBUG - 自動保存已禁用，跳過配置保存
2025-08-18 15:21:44,223 - VALO360 - DEBUG - 自動保存已禁用，跳過配置保存
2025-08-18 15:21:44,224 - VALO360 - DEBUG - 自動保存已禁用，跳過配置保存
2025-08-18 15:21:44,224 - VALO360 - DEBUG - 自動保存已禁用，跳過配置保存
2025-08-18 15:21:44,224 - VALO360 - DEBUG - 自動保存已禁用，跳過配置保存
2025-08-18 15:21:44,225 - VALO360 - DEBUG - 自動保存已禁用，跳過配置保存
2025-08-18 15:21:44,225 - VALO360 - DEBUG - 自動保存已禁用，跳過配置保存
2025-08-18 15:21:44,225 - VALO360 - DEBUG - 自動保存已禁用，跳過配置保存
2025-08-18 15:21:44,225 - VALO360 - DEBUG - 自動保存已禁用，跳過配置保存
2025-08-18 15:21:44,225 - VALO360 - DEBUG - 自動保存已禁用，跳過配置保存
2025-08-18 15:21:44,228 - VALO360 - DEBUG - 自動保存已禁用，跳過配置保存
2025-08-18 15:21:44,228 - VALO360 - DEBUG - 自動保存已禁用，跳過配置保存
2025-08-18 15:21:44,228 - VALO360 - DEBUG - 自動保存已禁用，跳過配置保存
2025-08-18 15:21:44,228 - VALO360 - DEBUG - 自動保存已禁用，跳過配置保存
2025-08-18 15:21:44,228 - VALO360 - DEBUG - 自動保存已禁用，跳過配置保存
2025-08-18 15:21:44,232 - VALO360 - DEBUG - 自動保存已禁用，跳過配置保存
2025-08-18 15:21:44,232 - VALO360 - DEBUG - 自動保存已禁用，跳過配置保存
2025-08-18 15:21:44,236 - VALO360 - DEBUG - 自動保存已禁用，跳過配置保存
2025-08-18 15:21:44,237 - VALO360 - DEBUG - 自動保存已禁用，跳過配置保存
2025-08-18 15:21:44,237 - VALO360 - DEBUG - 自動保存已禁用，跳過配置保存
2025-08-18 15:21:44,238 - VALO360 - DEBUG - 自動保存已禁用，跳過配置保存
2025-08-18 15:21:44,239 - VALO360 - DEBUG - 自動保存已禁用，跳過配置保存
2025-08-18 15:21:44,239 - VALO360 - DEBUG - 自動保存已禁用，跳過配置保存
2025-08-18 15:21:44,239 - VALO360 - DEBUG - 自動保存已禁用，跳過配置保存
2025-08-18 15:21:44,239 - VALO360 - DEBUG - 自動保存已禁用，跳過配置保存
2025-08-18 15:21:44,239 - VALO360 - DEBUG - 自動保存已禁用，跳過配置保存
2025-08-18 15:21:44,239 - VALO360 - DEBUG - 自動保存已禁用，跳過配置保存
2025-08-18 15:21:44,239 - VALO360 - DEBUG - 自動保存已禁用，跳過配置保存
2025-08-18 15:21:44,239 - VALO360 - DEBUG - 自動保存已禁用，跳過配置保存
2025-08-18 15:21:44,243 - VALO360 - DEBUG - 自動保存已禁用，跳過配置保存
2025-08-18 15:21:44,243 - VALO360 - DEBUG - 自動保存已禁用，跳過配置保存
2025-08-18 15:21:44,244 - VALO360 - DEBUG - 自動保存已禁用，跳過配置保存
2025-08-18 15:21:44,244 - VALO360 - DEBUG - 自動保存已禁用，跳過配置保存
2025-08-18 15:21:44,245 - VALO360 - DEBUG - 自動保存已禁用，跳過配置保存
2025-08-18 15:21:44,245 - VALO360 - DEBUG - 自動保存已禁用，跳過配置保存
2025-08-18 15:21:44,245 - VALO360 - DEBUG - 自動保存已禁用，跳過配置保存
2025-08-18 15:21:44,245 - VALO360 - DEBUG - 自動保存已禁用，跳過配置保存
2025-08-18 15:21:44,250 - VALO360 - DEBUG - 自動保存已禁用，跳過配置保存
2025-08-18 15:21:44,250 - VALO360 - DEBUG - 自動保存已禁用，跳過配置保存
2025-08-18 15:21:44,250 - VALO360 - DEBUG - 自動保存已禁用，跳過配置保存
2025-08-18 15:21:44,250 - VALO360 - DEBUG - 自動保存已禁用，跳過配置保存
2025-08-18 15:21:44,252 - VALO360 - DEBUG - 自動保存已禁用，跳過配置保存
2025-08-18 15:21:44,252 - VALO360 - DEBUG - 自動保存已禁用，跳過配置保存
2025-08-18 15:21:44,253 - VALO360 - DEBUG - 自動保存已禁用，跳過配置保存
2025-08-18 15:21:44,254 - VALO360 - DEBUG - 自動保存已禁用，跳過配置保存
2025-08-18 15:21:44,255 - VALO360 - DEBUG - 自動保存已禁用，跳過配置保存
2025-08-18 15:21:44,255 - VALO360 - DEBUG - 自動保存已禁用，跳過配置保存
2025-08-18 15:21:44,255 - VALO360 - DEBUG - 自動保存已禁用，跳過配置保存
2025-08-18 15:21:44,255 - VALO360 - DEBUG - 自動保存已禁用，跳過配置保存
2025-08-18 15:21:44,262 - VALO360 - DEBUG - 自動保存已禁用，跳過配置保存
2025-08-18 15:21:44,262 - VALO360 - DEBUG - 自動保存已禁用，跳過配置保存
2025-08-18 15:21:44,272 - VALO360 - DEBUG - 自動保存已禁用，跳過配置保存
2025-08-18 15:21:44,272 - VALO360 - DEBUG - 自動保存已禁用，跳過配置保存
2025-08-18 15:21:44,273 - VALO360 - DEBUG - 自動保存已禁用，跳過配置保存
2025-08-18 15:21:44,274 - VALO360 - DEBUG - 自動保存已禁用，跳過配置保存
2025-08-18 15:21:44,274 - VALO360 - DEBUG - 自動保存已禁用，跳過配置保存
2025-08-18 15:21:44,274 - VALO360 - DEBUG - 自動保存已禁用，跳過配置保存
2025-08-18 15:21:44,275 - VALO360 - DEBUG - 自動保存已禁用，跳過配置保存
2025-08-18 15:21:44,275 - VALO360 - DEBUG - 自動保存已禁用，跳過配置保存
2025-08-18 15:21:44,276 - VALO360 - DEBUG - 自動保存已禁用，跳過配置保存
2025-08-18 15:21:44,276 - VALO360 - DEBUG - 自動保存已禁用，跳過配置保存
2025-08-18 15:21:44,277 - VALO360 - DEBUG - 自動保存已禁用，跳過配置保存
2025-08-18 15:21:44,277 - VALO360 - DEBUG - 自動保存已禁用，跳過配置保存
2025-08-18 15:21:44,277 - VALO360 - DEBUG - 自動保存已禁用，跳過配置保存
2025-08-18 15:21:44,277 - VALO360 - DEBUG - 自動保存已禁用，跳過配置保存
2025-08-18 15:21:44,278 - VALO360 - DEBUG - 自動保存已禁用，跳過配置保存
2025-08-18 15:21:44,278 - VALO360 - DEBUG - 自動保存已禁用，跳過配置保存
2025-08-18 15:21:44,278 - VALO360 - DEBUG - 自動保存已禁用，跳過配置保存
2025-08-18 15:21:44,282 - VALO360 - DEBUG - 自動保存已禁用，跳過配置保存
2025-08-18 15:21:44,283 - VALO360 - DEBUG - 自動保存已禁用，跳過配置保存
2025-08-18 15:21:44,283 - VALO360 - DEBUG - 自動保存已禁用，跳過配置保存
2025-08-18 15:21:44,283 - VALO360 - DEBUG - 自動保存已禁用，跳過配置保存
2025-08-18 15:21:44,284 - VALO360 - DEBUG - 自動保存已禁用，跳過配置保存
2025-08-18 15:21:44,285 - VALO360 - DEBUG - 自動保存已禁用，跳過配置保存
2025-08-18 15:21:44,286 - VALO360 - DEBUG - 自動保存已禁用，跳過配置保存
2025-08-18 15:21:44,286 - VALO360 - DEBUG - 自動保存已禁用，跳過配置保存
2025-08-18 15:21:44,287 - VALO360 - DEBUG - 自動保存已禁用，跳過配置保存
2025-08-18 15:21:44,288 - VALO360 - DEBUG - 自動保存已禁用，跳過配置保存
2025-08-18 15:21:44,288 - VALO360 - DEBUG - 自動保存已禁用，跳過配置保存
2025-08-18 15:21:44,289 - VALO360 - DEBUG - 自動保存已禁用，跳過配置保存
2025-08-18 15:21:44,289 - VALO360 - DEBUG - 自動保存已禁用，跳過配置保存
2025-08-18 15:21:44,290 - VALO360 - DEBUG - 自動保存已禁用，跳過配置保存
2025-08-18 15:21:44,290 - VALO360 - DEBUG - 自動保存已禁用，跳過配置保存
2025-08-18 15:21:44,291 - VALO360 - DEBUG - 自動保存已禁用，跳過配置保存
2025-08-18 15:21:44,291 - VALO360 - DEBUG - 自動保存已禁用，跳過配置保存
2025-08-18 15:21:44,292 - VALO360 - DEBUG - 自動保存已禁用，跳過配置保存
2025-08-18 15:21:44,292 - VALO360 - DEBUG - 自動保存已禁用，跳過配置保存
2025-08-18 15:21:44,292 - VALO360 - DEBUG - 自動保存已禁用，跳過配置保存
2025-08-18 15:21:44,293 - VALO360 - DEBUG - 自動保存已禁用，跳過配置保存
2025-08-18 15:21:44,294 - VALO360 - DEBUG - 自動保存已禁用，跳過配置保存
2025-08-18 15:21:44,295 - VALO360 - DEBUG - 自動保存已禁用，跳過配置保存
2025-08-18 15:21:44,295 - VALO360 - DEBUG - 自動保存已禁用，跳過配置保存
2025-08-18 15:21:44,295 - VALO360 - DEBUG - 自動保存已禁用，跳過配置保存
2025-08-18 15:21:44,295 - VALO360 - DEBUG - 自動保存已禁用，跳過配置保存
2025-08-18 15:21:44,295 - VALO360 - DEBUG - 自動保存已禁用，跳過配置保存
2025-08-18 15:21:44,295 - VALO360 - DEBUG - 自動保存已禁用，跳過配置保存
2025-08-18 15:21:44,295 - VALO360 - DEBUG - 自動保存已禁用，跳過配置保存
2025-08-18 15:21:44,299 - VALO360 - DEBUG - 自動保存已禁用，跳過配置保存
2025-08-18 15:21:44,300 - VALO360 - DEBUG - 自動保存已禁用，跳過配置保存
2025-08-18 15:21:44,300 - VALO360 - DEBUG - 自動保存已禁用，跳過配置保存
2025-08-18 15:21:44,300 - VALO360 - DEBUG - 自動保存已禁用，跳過配置保存
2025-08-18 15:21:44,303 - VALO360 - DEBUG - 自動保存已禁用，跳過配置保存
2025-08-18 15:21:44,303 - VALO360 - DEBUG - 自動保存已禁用，跳過配置保存
2025-08-18 15:21:44,304 - VALO360 - DEBUG - 自動保存已禁用，跳過配置保存
2025-08-18 15:21:44,304 - VALO360 - DEBUG - 自動保存已禁用，跳過配置保存
2025-08-18 15:21:44,304 - VALO360 - DEBUG - 自動保存已禁用，跳過配置保存
2025-08-18 15:21:44,304 - VALO360 - DEBUG - 自動保存已禁用，跳過配置保存
2025-08-18 15:21:44,304 - VALO360 - DEBUG - 自動保存已禁用，跳過配置保存
2025-08-18 15:21:44,304 - VALO360 - DEBUG - 自動保存已禁用，跳過配置保存
2025-08-18 15:21:44,304 - VALO360 - DEBUG - 自動保存已禁用，跳過配置保存
2025-08-18 15:21:44,304 - VALO360 - DEBUG - 自動保存已禁用，跳過配置保存
2025-08-18 15:21:44,304 - VALO360 - DEBUG - 自動保存已禁用，跳過配置保存
2025-08-18 15:21:44,304 - VALO360 - DEBUG - 自動保存已禁用，跳過配置保存
2025-08-18 15:21:44,304 - VALO360 - DEBUG - 自動保存已禁用，跳過配置保存
2025-08-18 15:21:44,304 - VALO360 - DEBUG - 自動保存已禁用，跳過配置保存
2025-08-18 15:21:44,304 - VALO360 - DEBUG - 自動保存已禁用，跳過配置保存
2025-08-18 15:21:44,310 - VALO360 - DEBUG - 自動保存已禁用，跳過配置保存
2025-08-18 15:21:44,310 - VALO360 - DEBUG - 自動保存已禁用，跳過配置保存
2025-08-18 15:21:44,312 - VALO360 - DEBUG - 自動保存已禁用，跳過配置保存
2025-08-18 15:21:44,312 - VALO360 - DEBUG - 自動保存已禁用，跳過配置保存
2025-08-18 15:21:44,312 - VALO360 - DEBUG - 自動保存已禁用，跳過配置保存
2025-08-18 15:21:44,314 - VALO360 - DEBUG - 自動保存已禁用，跳過配置保存
2025-08-18 15:21:44,315 - VALO360 - DEBUG - 自動保存已禁用，跳過配置保存
2025-08-18 15:21:44,315 - VALO360 - DEBUG - 自動保存已禁用，跳過配置保存
2025-08-18 15:21:44,316 - VALO360 - DEBUG - 自動保存已禁用，跳過配置保存
2025-08-18 15:21:44,317 - VALO360 - DEBUG - 自動保存已禁用，跳過配置保存
2025-08-18 15:21:44,317 - VALO360 - DEBUG - 自動保存已禁用，跳過配置保存
2025-08-18 15:21:44,317 - VALO360 - DEBUG - 自動保存已禁用，跳過配置保存
2025-08-18 15:21:44,318 - VALO360 - DEBUG - 自動保存已禁用，跳過配置保存
2025-08-18 15:21:44,323 - VALO360 - DEBUG - 自動保存已禁用，跳過配置保存
2025-08-18 15:21:44,323 - VALO360 - DEBUG - 自動保存已禁用，跳過配置保存
2025-08-18 15:21:44,323 - VALO360 - DEBUG - 自動保存已禁用，跳過配置保存
2025-08-18 15:21:44,325 - VALO360 - DEBUG - 自動保存已禁用，跳過配置保存
2025-08-18 15:21:44,325 - VALO360 - DEBUG - 自動保存已禁用，跳過配置保存
2025-08-18 15:21:44,326 - VALO360 - DEBUG - 自動保存已禁用，跳過配置保存
2025-08-18 15:21:44,326 - VALO360 - DEBUG - 自動保存已禁用，跳過配置保存
2025-08-18 15:21:44,326 - VALO360 - DEBUG - 自動保存已禁用，跳過配置保存
2025-08-18 15:21:44,327 - VALO360 - DEBUG - 自動保存已禁用，跳過配置保存
2025-08-18 15:21:44,328 - VALO360 - DEBUG - 自動保存已禁用，跳過配置保存
2025-08-18 15:21:44,328 - VALO360 - DEBUG - 自動保存已禁用，跳過配置保存
2025-08-18 15:21:44,328 - VALO360 - DEBUG - 自動保存已禁用，跳過配置保存
2025-08-18 15:21:44,331 - VALO360 - DEBUG - 自動保存已禁用，跳過配置保存
2025-08-18 15:21:44,333 - VALO360 - DEBUG - 自動保存已禁用，跳過配置保存
2025-08-18 15:21:44,333 - VALO360 - DEBUG - 自動保存已禁用，跳過配置保存
2025-08-18 15:21:44,333 - VALO360 - DEBUG - 自動保存已禁用，跳過配置保存
2025-08-18 15:21:44,335 - VALO360 - DEBUG - 自動保存已禁用，跳過配置保存
2025-08-18 15:21:44,336 - VALO360 - DEBUG - 自動保存已禁用，跳過配置保存
2025-08-18 15:21:44,336 - VALO360 - DEBUG - 自動保存已禁用，跳過配置保存
2025-08-18 15:21:44,337 - VALO360 - DEBUG - 自動保存已禁用，跳過配置保存
2025-08-18 15:21:44,338 - VALO360 - DEBUG - 自動保存已禁用，跳過配置保存
2025-08-18 15:21:44,338 - VALO360 - DEBUG - 自動保存已禁用，跳過配置保存
2025-08-18 15:21:44,338 - VALO360 - DEBUG - 自動保存已禁用，跳過配置保存
2025-08-18 15:21:44,338 - VALO360 - DEBUG - 自動保存已禁用，跳過配置保存
2025-08-18 15:21:44,340 - VALO360 - DEBUG - 自動保存已禁用，跳過配置保存
2025-08-18 15:21:44,340 - VALO360 - DEBUG - 自動保存已禁用，跳過配置保存
2025-08-18 15:21:44,340 - VALO360 - DEBUG - 自動保存已禁用，跳過配置保存
2025-08-18 15:21:44,340 - VALO360 - DEBUG - 自動保存已禁用，跳過配置保存
2025-08-18 15:21:44,341 - VALO360 - DEBUG - 自動保存已禁用，跳過配置保存
2025-08-18 15:21:44,341 - VALO360 - DEBUG - 自動保存已禁用，跳過配置保存
2025-08-18 15:21:44,342 - VALO360 - DEBUG - 自動保存已禁用，跳過配置保存
2025-08-18 15:21:44,342 - VALO360 - DEBUG - 自動保存已禁用，跳過配置保存
2025-08-18 15:21:44,344 - VALO360 - DEBUG - 自動保存已禁用，跳過配置保存
2025-08-18 15:21:44,344 - VALO360 - DEBUG - 自動保存已禁用，跳過配置保存
2025-08-18 15:21:44,345 - VALO360 - DEBUG - 自動保存已禁用，跳過配置保存
2025-08-18 15:21:44,345 - VALO360 - DEBUG - 自動保存已禁用，跳過配置保存
2025-08-18 15:21:44,345 - VALO360 - DEBUG - 自動保存已禁用，跳過配置保存
2025-08-18 15:21:44,345 - VALO360 - DEBUG - 自動保存已禁用，跳過配置保存
2025-08-18 15:21:44,345 - VALO360 - DEBUG - 自動保存已禁用，跳過配置保存
2025-08-18 15:21:44,348 - VALO360 - DEBUG - 自動保存已禁用，跳過配置保存
2025-08-18 15:21:44,349 - VALO360 - DEBUG - 自動保存已禁用，跳過配置保存
2025-08-18 15:21:44,350 - VALO360 - DEBUG - 自動保存已禁用，跳過配置保存
2025-08-18 15:21:44,350 - VALO360 - DEBUG - 自動保存已禁用，跳過配置保存
2025-08-18 15:21:44,351 - VALO360 - DEBUG - 自動保存已禁用，跳過配置保存
2025-08-18 15:21:44,354 - VALO360 - DEBUG - 自動保存已禁用，跳過配置保存
2025-08-18 15:21:44,354 - VALO360 - DEBUG - 自動保存已禁用，跳過配置保存
2025-08-18 15:21:44,355 - VALO360 - DEBUG - 自動保存已禁用，跳過配置保存
2025-08-18 15:21:44,355 - VALO360 - DEBUG - 自動保存已禁用，跳過配置保存
2025-08-18 15:21:44,355 - VALO360 - DEBUG - 自動保存已禁用，跳過配置保存
2025-08-18 15:21:44,355 - VALO360 - DEBUG - 自動保存已禁用，跳過配置保存
2025-08-18 15:21:44,355 - VALO360 - DEBUG - 自動保存已禁用，跳過配置保存
2025-08-18 15:21:44,355 - VALO360 - DEBUG - 自動保存已禁用，跳過配置保存
2025-08-18 15:21:44,355 - VALO360 - DEBUG - 自動保存已禁用，跳過配置保存
2025-08-18 15:21:44,355 - VALO360 - DEBUG - 自動保存已禁用，跳過配置保存
2025-08-18 15:21:44,355 - VALO360 - DEBUG - 自動保存已禁用，跳過配置保存
2025-08-18 15:21:44,359 - VALO360 - DEBUG - 自動保存已禁用，跳過配置保存
2025-08-18 15:21:44,361 - VALO360 - DEBUG - 自動保存已禁用，跳過配置保存
2025-08-18 15:21:44,361 - VALO360 - DEBUG - 自動保存已禁用，跳過配置保存
2025-08-18 15:21:44,362 - VALO360 - DEBUG - 自動保存已禁用，跳過配置保存
2025-08-18 15:21:44,362 - VALO360 - DEBUG - 自動保存已禁用，跳過配置保存
2025-08-18 15:21:44,366 - VALO360 - DEBUG - 自動保存已禁用，跳過配置保存
2025-08-18 15:21:44,366 - VALO360 - DEBUG - 自動保存已禁用，跳過配置保存
2025-08-18 15:21:44,367 - VALO360 - DEBUG - 自動保存已禁用，跳過配置保存
2025-08-18 15:21:44,367 - VALO360 - DEBUG - 自動保存已禁用，跳過配置保存
2025-08-18 15:21:44,370 - VALO360 - DEBUG - 自動保存已禁用，跳過配置保存
2025-08-18 15:21:44,371 - VALO360 - DEBUG - 自動保存已禁用，跳過配置保存
2025-08-18 15:21:44,371 - VALO360 - DEBUG - 自動保存已禁用，跳過配置保存
2025-08-18 15:21:44,372 - VALO360 - DEBUG - 自動保存已禁用，跳過配置保存
2025-08-18 15:21:44,374 - VALO360 - DEBUG - 自動保存已禁用，跳過配置保存
2025-08-18 15:21:44,374 - VALO360 - DEBUG - 自動保存已禁用，跳過配置保存
2025-08-18 15:21:44,374 - VALO360 - DEBUG - 自動保存已禁用，跳過配置保存
2025-08-18 15:21:44,374 - VALO360 - DEBUG - 自動保存已禁用，跳過配置保存
2025-08-18 15:21:44,376 - VALO360 - DEBUG - 自動保存已禁用，跳過配置保存
2025-08-18 15:21:44,376 - VALO360 - DEBUG - 自動保存已禁用，跳過配置保存
2025-08-18 15:21:44,377 - VALO360 - DEBUG - 自動保存已禁用，跳過配置保存
2025-08-18 15:21:44,377 - VALO360 - DEBUG - 自動保存已禁用，跳過配置保存
2025-08-18 15:21:44,378 - VALO360 - DEBUG - 自動保存已禁用，跳過配置保存
2025-08-18 15:21:44,378 - VALO360 - DEBUG - 自動保存已禁用，跳過配置保存
2025-08-18 15:21:44,378 - VALO360 - DEBUG - 自動保存已禁用，跳過配置保存
2025-08-18 15:21:44,378 - VALO360 - DEBUG - 自動保存已禁用，跳過配置保存
2025-08-18 15:21:44,382 - VALO360 - DEBUG - 自動保存已禁用，跳過配置保存
2025-08-18 15:21:44,382 - VALO360 - DEBUG - 自動保存已禁用，跳過配置保存
2025-08-18 15:21:44,383 - VALO360 - DEBUG - 自動保存已禁用，跳過配置保存
2025-08-18 15:21:44,383 - VALO360 - DEBUG - 自動保存已禁用，跳過配置保存
2025-08-18 15:21:44,385 - VALO360 - DEBUG - 自動保存已禁用，跳過配置保存
2025-08-18 15:21:44,386 - VALO360 - DEBUG - 自動保存已禁用，跳過配置保存
2025-08-18 15:21:44,386 - VALO360 - DEBUG - 自動保存已禁用，跳過配置保存
2025-08-18 15:21:44,387 - VALO360 - DEBUG - 自動保存已禁用，跳過配置保存
2025-08-18 15:21:44,388 - VALO360 - DEBUG - 自動保存已禁用，跳過配置保存
2025-08-18 15:21:44,388 - VALO360 - DEBUG - 自動保存已禁用，跳過配置保存
2025-08-18 15:21:44,388 - VALO360 - DEBUG - 自動保存已禁用，跳過配置保存
2025-08-18 15:21:44,388 - VALO360 - DEBUG - 自動保存已禁用，跳過配置保存
2025-08-18 15:21:44,388 - VALO360 - DEBUG - 自動保存已禁用，跳過配置保存
2025-08-18 15:21:44,388 - VALO360 - DEBUG - 自動保存已禁用，跳過配置保存
2025-08-18 15:21:44,388 - VALO360 - DEBUG - 自動保存已禁用，跳過配置保存
2025-08-18 15:21:44,388 - VALO360 - DEBUG - 自動保存已禁用，跳過配置保存
2025-08-18 15:21:44,388 - VALO360 - DEBUG - 自動保存已禁用，跳過配置保存
2025-08-18 15:21:44,388 - VALO360 - DEBUG - 自動保存已禁用，跳過配置保存
2025-08-18 15:21:44,388 - VALO360 - DEBUG - 自動保存已禁用，跳過配置保存
2025-08-18 15:21:44,388 - VALO360 - DEBUG - 自動保存已禁用，跳過配置保存
2025-08-18 15:21:44,394 - VALO360 - DEBUG - 自動保存已禁用，跳過配置保存
2025-08-18 15:21:44,394 - VALO360 - DEBUG - 自動保存已禁用，跳過配置保存
2025-08-18 15:21:44,395 - VALO360 - DEBUG - 自動保存已禁用，跳過配置保存
2025-08-18 15:21:44,395 - VALO360 - DEBUG - 自動保存已禁用，跳過配置保存
2025-08-18 15:21:44,395 - VALO360 - DEBUG - 自動保存已禁用，跳過配置保存
2025-08-18 15:21:44,395 - VALO360 - DEBUG - 自動保存已禁用，跳過配置保存
2025-08-18 15:21:44,397 - VALO360 - DEBUG - 自動保存已禁用，跳過配置保存
2025-08-18 15:21:44,397 - VALO360 - DEBUG - 自動保存已禁用，跳過配置保存
2025-08-18 15:21:44,410 - VALO360 - DEBUG - 自動保存已禁用，跳過配置保存
2025-08-18 15:21:44,411 - VALO360 - DEBUG - 自動保存已禁用，跳過配置保存
2025-08-18 15:21:44,411 - VALO360 - DEBUG - 自動保存已禁用，跳過配置保存
2025-08-18 15:21:44,411 - VALO360 - DEBUG - 自動保存已禁用，跳過配置保存
2025-08-18 15:21:44,412 - VALO360 - DEBUG - 自動保存已禁用，跳過配置保存
2025-08-18 15:21:44,412 - VALO360 - DEBUG - 自動保存已禁用，跳過配置保存
2025-08-18 15:21:44,414 - VALO360 - DEBUG - 自動保存已禁用，跳過配置保存
2025-08-18 15:21:44,414 - VALO360 - DEBUG - 自動保存已禁用，跳過配置保存
2025-08-18 15:21:44,415 - VALO360 - DEBUG - 自動保存已禁用，跳過配置保存
2025-08-18 15:21:44,416 - VALO360 - DEBUG - 自動保存已禁用，跳過配置保存
2025-08-18 15:21:44,417 - VALO360 - DEBUG - 自動保存已禁用，跳過配置保存
2025-08-18 15:21:44,418 - VALO360 - DEBUG - 自動保存已禁用，跳過配置保存
2025-08-18 15:21:44,419 - VALO360 - DEBUG - 自動保存已禁用，跳過配置保存
2025-08-18 15:21:44,419 - VALO360 - DEBUG - 自動保存已禁用，跳過配置保存
2025-08-18 15:21:44,420 - VALO360 - DEBUG - 自動保存已禁用，跳過配置保存
2025-08-18 15:21:44,421 - VALO360 - DEBUG - 自動保存已禁用，跳過配置保存
2025-08-18 15:21:44,422 - VALO360 - DEBUG - 自動保存已禁用，跳過配置保存
2025-08-18 15:21:44,422 - VALO360 - DEBUG - 自動保存已禁用，跳過配置保存
2025-08-18 15:21:44,423 - VALO360 - DEBUG - 自動保存已禁用，跳過配置保存
2025-08-18 15:21:44,423 - VALO360 - DEBUG - 自動保存已禁用，跳過配置保存
2025-08-18 15:21:44,424 - VALO360 - DEBUG - 自動保存已禁用，跳過配置保存
2025-08-18 15:21:44,425 - VALO360 - DEBUG - 自動保存已禁用，跳過配置保存
2025-08-18 15:21:44,425 - VALO360 - DEBUG - 自動保存已禁用，跳過配置保存
2025-08-18 15:21:44,425 - VALO360 - DEBUG - 自動保存已禁用，跳過配置保存
2025-08-18 15:21:44,426 - VALO360 - DEBUG - 自動保存已禁用，跳過配置保存
2025-08-18 15:21:44,426 - VALO360 - DEBUG - 自動保存已禁用，跳過配置保存
2025-08-18 15:21:44,427 - VALO360 - DEBUG - 自動保存已禁用，跳過配置保存
2025-08-18 15:21:44,427 - VALO360 - DEBUG - 自動保存已禁用，跳過配置保存
2025-08-18 15:21:44,428 - VALO360 - DEBUG - 自動保存已禁用，跳過配置保存
2025-08-18 15:21:44,428 - VALO360 - DEBUG - 自動保存已禁用，跳過配置保存
2025-08-18 15:21:44,431 - VALO360 - DEBUG - 自動保存已禁用，跳過配置保存
2025-08-18 15:21:44,431 - VALO360 - DEBUG - 自動保存已禁用，跳過配置保存
2025-08-18 15:21:44,434 - VALO360 - DEBUG - 自動保存已禁用，跳過配置保存
2025-08-18 15:21:44,435 - VALO360 - DEBUG - 自動保存已禁用，跳過配置保存
2025-08-18 15:21:44,436 - VALO360 - DEBUG - 自動保存已禁用，跳過配置保存
2025-08-18 15:21:44,437 - VALO360 - DEBUG - 自動保存已禁用，跳過配置保存
2025-08-18 15:21:44,438 - VALO360 - DEBUG - 自動保存已禁用，跳過配置保存
2025-08-18 15:21:44,438 - VALO360 - DEBUG - 自動保存已禁用，跳過配置保存
2025-08-18 15:21:44,438 - VALO360 - DEBUG - 自動保存已禁用，跳過配置保存
2025-08-18 15:21:44,438 - VALO360 - DEBUG - 自動保存已禁用，跳過配置保存
2025-08-18 15:21:44,441 - VALO360 - DEBUG - 自動保存已禁用，跳過配置保存
2025-08-18 15:21:44,445 - VALO360 - DEBUG - 自動保存已禁用，跳過配置保存
2025-08-18 15:21:44,445 - VALO360 - DEBUG - 自動保存已禁用，跳過配置保存
2025-08-18 15:21:44,445 - VALO360 - DEBUG - 自動保存已禁用，跳過配置保存
2025-08-18 15:21:44,449 - VALO360 - DEBUG - 自動保存已禁用，跳過配置保存
2025-08-18 15:21:44,449 - VALO360 - DEBUG - 自動保存已禁用，跳過配置保存
2025-08-18 15:21:44,450 - VALO360 - DEBUG - 自動保存已禁用，跳過配置保存
2025-08-18 15:21:44,451 - VALO360 - DEBUG - 自動保存已禁用，跳過配置保存
2025-08-18 15:21:44,454 - VALO360 - DEBUG - 自動保存已禁用，跳過配置保存
2025-08-18 15:21:44,454 - VALO360 - DEBUG - 自動保存已禁用，跳過配置保存
2025-08-18 15:21:44,454 - VALO360 - DEBUG - 自動保存已禁用，跳過配置保存
2025-08-18 15:21:44,454 - VALO360 - DEBUG - 自動保存已禁用，跳過配置保存
2025-08-18 15:21:44,457 - VALO360 - DEBUG - 自動保存已禁用，跳過配置保存
2025-08-18 15:21:44,458 - VALO360 - DEBUG - 自動保存已禁用，跳過配置保存
2025-08-18 15:21:44,458 - VALO360 - DEBUG - 自動保存已禁用，跳過配置保存
2025-08-18 15:21:44,458 - VALO360 - DEBUG - 自動保存已禁用，跳過配置保存
2025-08-18 15:21:44,460 - VALO360 - DEBUG - 自動保存已禁用，跳過配置保存
2025-08-18 15:21:44,460 - VALO360 - DEBUG - 自動保存已禁用，跳過配置保存
2025-08-18 15:21:44,461 - VALO360 - DEBUG - 自動保存已禁用，跳過配置保存
2025-08-18 15:21:44,461 - VALO360 - DEBUG - 自動保存已禁用，跳過配置保存
2025-08-18 15:21:44,464 - VALO360 - DEBUG - 自動保存已禁用，跳過配置保存
2025-08-18 15:21:44,464 - VALO360 - DEBUG - 自動保存已禁用，跳過配置保存
2025-08-18 15:21:44,466 - VALO360 - DEBUG - 自動保存已禁用，跳過配置保存
2025-08-18 15:21:44,466 - VALO360 - DEBUG - 自動保存已禁用，跳過配置保存
2025-08-18 15:21:44,466 - VALO360 - DEBUG - 自動保存已禁用，跳過配置保存
2025-08-18 15:21:44,466 - VALO360 - DEBUG - 自動保存已禁用，跳過配置保存
2025-08-18 15:21:44,466 - VALO360 - DEBUG - 自動保存已禁用，跳過配置保存
2025-08-18 15:21:44,472 - VALO360 - DEBUG - 自動保存已禁用，跳過配置保存
2025-08-18 15:21:44,472 - VALO360 - DEBUG - 自動保存已禁用，跳過配置保存
2025-08-18 15:21:44,472 - VALO360 - DEBUG - 自動保存已禁用，跳過配置保存
2025-08-18 15:21:44,473 - VALO360 - DEBUG - 自動保存已禁用，跳過配置保存
2025-08-18 15:21:44,473 - VALO360 - DEBUG - 自動保存已禁用，跳過配置保存
2025-08-18 15:21:44,478 - VALO360 - DEBUG - 自動保存已禁用，跳過配置保存
2025-08-18 15:21:44,478 - VALO360 - DEBUG - 自動保存已禁用，跳過配置保存
2025-08-18 15:21:44,478 - VALO360 - DEBUG - 自動保存已禁用，跳過配置保存
2025-08-18 15:21:44,478 - VALO360 - DEBUG - 自動保存已禁用，跳過配置保存
2025-08-18 15:21:44,483 - VALO360 - DEBUG - 自動保存已禁用，跳過配置保存
2025-08-18 15:21:44,483 - VALO360 - DEBUG - 自動保存已禁用，跳過配置保存
2025-08-18 15:21:44,483 - VALO360 - DEBUG - 自動保存已禁用，跳過配置保存
2025-08-18 15:21:44,484 - VALO360 - DEBUG - 自動保存已禁用，跳過配置保存
2025-08-18 15:21:44,484 - VALO360 - DEBUG - 自動保存已禁用，跳過配置保存
2025-08-18 15:21:44,485 - VALO360 - DEBUG - 自動保存已禁用，跳過配置保存
2025-08-18 15:21:44,485 - VALO360 - DEBUG - 自動保存已禁用，跳過配置保存
2025-08-18 15:21:44,485 - VALO360 - DEBUG - 自動保存已禁用，跳過配置保存
2025-08-18 15:21:44,495 - VALO360 - DEBUG - 自動保存已禁用，跳過配置保存
2025-08-18 15:21:44,495 - VALO360 - DEBUG - 自動保存已禁用，跳過配置保存
2025-08-18 15:21:44,495 - VALO360 - DEBUG - 自動保存已禁用，跳過配置保存
2025-08-18 15:21:44,495 - VALO360 - DEBUG - 自動保存已禁用，跳過配置保存
2025-08-18 15:21:44,506 - VALO360 - DEBUG - 自動保存已禁用，跳過配置保存
2025-08-18 15:21:44,506 - VALO360 - DEBUG - 自動保存已禁用，跳過配置保存
2025-08-18 15:21:44,506 - VALO360 - DEBUG - 自動保存已禁用，跳過配置保存
2025-08-18 15:21:44,509 - VALO360 - DEBUG - 自動保存已禁用，跳過配置保存
2025-08-18 15:21:44,515 - VALO360 - DEBUG - 自動保存已禁用，跳過配置保存
2025-08-18 15:21:44,515 - VALO360 - DEBUG - 自動保存已禁用，跳過配置保存
2025-08-18 15:21:44,515 - VALO360 - DEBUG - 自動保存已禁用，跳過配置保存
2025-08-18 15:21:44,522 - VALO360 - DEBUG - 自動保存已禁用，跳過配置保存
2025-08-18 15:21:44,524 - VALO360 - DEBUG - 自動保存已禁用，跳過配置保存
2025-08-18 15:21:44,525 - VALO360 - DEBUG - 自動保存已禁用，跳過配置保存
2025-08-18 15:21:44,525 - VALO360 - DEBUG - 自動保存已禁用，跳過配置保存
2025-08-18 15:21:44,526 - VALO360 - DEBUG - 自動保存已禁用，跳過配置保存
2025-08-18 15:21:44,528 - VALO360 - DEBUG - 自動保存已禁用，跳過配置保存
2025-08-18 15:21:44,529 - VALO360 - DEBUG - 自動保存已禁用，跳過配置保存
2025-08-18 15:21:44,529 - VALO360 - DEBUG - 自動保存已禁用，跳過配置保存
2025-08-18 15:21:44,529 - VALO360 - DEBUG - 自動保存已禁用，跳過配置保存
2025-08-18 15:21:44,532 - VALO360 - DEBUG - 自動保存已禁用，跳過配置保存
2025-08-18 15:21:44,532 - VALO360 - DEBUG - 自動保存已禁用，跳過配置保存
2025-08-18 15:21:44,532 - VALO360 - DEBUG - 自動保存已禁用，跳過配置保存
2025-08-18 15:21:44,536 - VALO360 - DEBUG - 自動保存已禁用，跳過配置保存
2025-08-18 15:21:44,590 - VALO360 - DEBUG - 自動保存已禁用，跳過配置保存
2025-08-18 15:21:44,595 - VALO360 - DEBUG - 自動保存已禁用，跳過配置保存
2025-08-18 15:21:44,595 - VALO360 - DEBUG - 自動保存已禁用，跳過配置保存
2025-08-18 15:21:44,595 - VALO360 - DEBUG - 自動保存已禁用，跳過配置保存
2025-08-18 15:21:44,595 - VALO360 - DEBUG - 自動保存已禁用，跳過配置保存
2025-08-18 15:21:44,595 - VALO360 - DEBUG - 自動保存已禁用，跳過配置保存
2025-08-18 15:21:44,595 - VALO360 - DEBUG - 自動保存已禁用，跳過配置保存
2025-08-18 15:21:44,595 - VALO360 - DEBUG - 自動保存已禁用，跳過配置保存
2025-08-18 15:21:44,601 - VALO360 - DEBUG - 自動保存已禁用，跳過配置保存
2025-08-18 15:21:44,602 - VALO360 - DEBUG - 自動保存已禁用，跳過配置保存
2025-08-18 15:21:44,602 - VALO360 - DEBUG - 自動保存已禁用，跳過配置保存
2025-08-18 15:21:44,602 - VALO360 - DEBUG - 自動保存已禁用，跳過配置保存
2025-08-18 15:21:44,603 - VALO360 - DEBUG - 自動保存已禁用，跳過配置保存
2025-08-18 15:21:44,603 - VALO360 - DEBUG - 自動保存已禁用，跳過配置保存
2025-08-18 15:21:44,604 - VALO360 - DEBUG - 自動保存已禁用，跳過配置保存
2025-08-18 15:21:44,604 - VALO360 - DEBUG - 自動保存已禁用，跳過配置保存
2025-08-18 15:21:44,604 - VALO360 - DEBUG - 自動保存已禁用，跳過配置保存
2025-08-18 15:21:44,604 - VALO360 - DEBUG - 自動保存已禁用，跳過配置保存
2025-08-18 15:21:44,604 - VALO360 - DEBUG - 自動保存已禁用，跳過配置保存
2025-08-18 15:21:44,604 - VALO360 - DEBUG - 自動保存已禁用，跳過配置保存
2025-08-18 15:21:44,607 - VALO360 - DEBUG - 自動保存已禁用，跳過配置保存
2025-08-18 15:21:44,607 - VALO360 - DEBUG - 自動保存已禁用，跳過配置保存
2025-08-18 15:21:44,607 - VALO360 - DEBUG - 自動保存已禁用，跳過配置保存
2025-08-18 15:21:44,607 - VALO360 - DEBUG - 自動保存已禁用，跳過配置保存
2025-08-18 15:21:44,619 - VALO360 - DEBUG - 自動保存已禁用，跳過配置保存
2025-08-18 15:21:44,619 - VALO360 - DEBUG - 自動保存已禁用，跳過配置保存
2025-08-18 15:21:44,619 - VALO360 - DEBUG - 自動保存已禁用，跳過配置保存
2025-08-18 15:21:44,619 - VALO360 - DEBUG - 自動保存已禁用，跳過配置保存
2025-08-18 15:21:44,619 - VALO360 - DEBUG - 自動保存已禁用，跳過配置保存
2025-08-18 15:21:44,619 - VALO360 - DEBUG - 自動保存已禁用，跳過配置保存
2025-08-18 15:21:44,619 - VALO360 - DEBUG - 自動保存已禁用，跳過配置保存
2025-08-18 15:21:44,619 - VALO360 - DEBUG - 自動保存已禁用，跳過配置保存
2025-08-18 15:21:44,619 - VALO360 - DEBUG - 自動保存已禁用，跳過配置保存
2025-08-18 15:21:44,625 - VALO360 - DEBUG - 自動保存已禁用，跳過配置保存
2025-08-18 15:21:44,625 - VALO360 - DEBUG - 自動保存已禁用，跳過配置保存
2025-08-18 15:21:44,627 - VALO360 - DEBUG - 自動保存已禁用，跳過配置保存
2025-08-18 15:21:44,627 - VALO360 - DEBUG - 自動保存已禁用，跳過配置保存
2025-08-18 15:21:44,629 - VALO360 - DEBUG - 自動保存已禁用，跳過配置保存
2025-08-18 15:21:44,629 - VALO360 - DEBUG - 自動保存已禁用，跳過配置保存
2025-08-18 15:21:44,630 - VALO360 - DEBUG - 自動保存已禁用，跳過配置保存
2025-08-18 15:21:44,632 - VALO360 - DEBUG - 自動保存已禁用，跳過配置保存
2025-08-18 15:21:44,632 - VALO360 - DEBUG - 自動保存已禁用，跳過配置保存
2025-08-18 15:21:44,636 - VALO360 - DEBUG - 自動保存已禁用，跳過配置保存
2025-08-18 15:21:44,636 - VALO360 - DEBUG - 自動保存已禁用，跳過配置保存
2025-08-18 15:21:44,638 - VALO360 - DEBUG - 自動保存已禁用，跳過配置保存
2025-08-18 15:21:44,638 - VALO360 - DEBUG - 自動保存已禁用，跳過配置保存
2025-08-18 15:21:44,639 - VALO360 - DEBUG - 自動保存已禁用，跳過配置保存
2025-08-18 15:21:44,639 - VALO360 - DEBUG - 自動保存已禁用，跳過配置保存
2025-08-18 15:21:44,641 - VALO360 - DEBUG - 自動保存已禁用，跳過配置保存
2025-08-18 15:21:44,642 - VALO360 - DEBUG - 自動保存已禁用，跳過配置保存
2025-08-18 15:21:44,642 - VALO360 - DEBUG - 自動保存已禁用，跳過配置保存
2025-08-18 15:21:44,642 - VALO360 - DEBUG - 自動保存已禁用，跳過配置保存
2025-08-18 15:21:44,642 - VALO360 - DEBUG - 自動保存已禁用，跳過配置保存
2025-08-18 15:21:44,642 - VALO360 - DEBUG - 自動保存已禁用，跳過配置保存
2025-08-18 15:21:44,642 - VALO360 - DEBUG - 自動保存已禁用，跳過配置保存
2025-08-18 15:21:44,642 - VALO360 - DEBUG - 自動保存已禁用，跳過配置保存
2025-08-18 15:21:44,647 - VALO360 - DEBUG - 自動保存已禁用，跳過配置保存
2025-08-18 15:21:44,648 - VALO360 - DEBUG - 自動保存已禁用，跳過配置保存
2025-08-18 15:21:44,648 - VALO360 - DEBUG - 自動保存已禁用，跳過配置保存
2025-08-18 15:21:44,649 - VALO360 - DEBUG - 自動保存已禁用，跳過配置保存
2025-08-18 15:21:44,652 - VALO360 - DEBUG - 自動保存已禁用，跳過配置保存
2025-08-18 15:21:44,653 - VALO360 - DEBUG - 自動保存已禁用，跳過配置保存
2025-08-18 15:21:44,654 - VALO360 - DEBUG - 自動保存已禁用，跳過配置保存
2025-08-18 15:21:44,655 - VALO360 - DEBUG - 自動保存已禁用，跳過配置保存
2025-08-18 15:21:44,657 - VALO360 - DEBUG - 自動保存已禁用，跳過配置保存
2025-08-18 15:21:44,657 - VALO360 - DEBUG - 自動保存已禁用，跳過配置保存
2025-08-18 15:21:44,658 - VALO360 - DEBUG - 自動保存已禁用，跳過配置保存
2025-08-18 15:21:44,658 - VALO360 - DEBUG - 自動保存已禁用，跳過配置保存
2025-08-18 15:21:44,660 - VALO360 - DEBUG - 自動保存已禁用，跳過配置保存
2025-08-18 15:21:44,661 - VALO360 - DEBUG - 自動保存已禁用，跳過配置保存
2025-08-18 15:21:44,661 - VALO360 - DEBUG - 自動保存已禁用，跳過配置保存
2025-08-18 15:21:44,661 - VALO360 - DEBUG - 自動保存已禁用，跳過配置保存
2025-08-18 15:21:44,662 - VALO360 - DEBUG - 自動保存已禁用，跳過配置保存
2025-08-18 15:21:44,663 - VALO360 - DEBUG - 自動保存已禁用，跳過配置保存
2025-08-18 15:21:44,664 - VALO360 - DEBUG - 自動保存已禁用，跳過配置保存
2025-08-18 15:21:44,665 - VALO360 - DEBUG - 自動保存已禁用，跳過配置保存
2025-08-18 15:21:44,667 - VALO360 - DEBUG - 自動保存已禁用，跳過配置保存
2025-08-18 15:21:44,667 - VALO360 - DEBUG - 自動保存已禁用，跳過配置保存
2025-08-18 15:21:44,669 - VALO360 - DEBUG - 自動保存已禁用，跳過配置保存
2025-08-18 15:21:44,669 - VALO360 - DEBUG - 自動保存已禁用，跳過配置保存
2025-08-18 15:21:44,671 - VALO360 - DEBUG - 自動保存已禁用，跳過配置保存
2025-08-18 15:21:44,671 - VALO360 - DEBUG - 自動保存已禁用，跳過配置保存
2025-08-18 15:21:44,671 - VALO360 - DEBUG - 自動保存已禁用，跳過配置保存
2025-08-18 15:21:44,676 - VALO360 - DEBUG - 自動保存已禁用，跳過配置保存
2025-08-18 15:21:44,687 - VALO360 - DEBUG - 自動保存已禁用，跳過配置保存
2025-08-18 15:21:44,687 - VALO360 - DEBUG - 自動保存已禁用，跳過配置保存
2025-08-18 15:21:44,688 - VALO360 - DEBUG - 自動保存已禁用，跳過配置保存
2025-08-18 15:21:44,688 - VALO360 - DEBUG - 自動保存已禁用，跳過配置保存
2025-08-18 15:21:44,689 - VALO360 - DEBUG - 自動保存已禁用，跳過配置保存
2025-08-18 15:21:44,690 - VALO360 - DEBUG - 自動保存已禁用，跳過配置保存
2025-08-18 15:21:44,690 - VALO360 - DEBUG - 自動保存已禁用，跳過配置保存
2025-08-18 15:21:44,690 - VALO360 - DEBUG - 自動保存已禁用，跳過配置保存
2025-08-18 15:21:44,691 - VALO360 - DEBUG - 自動保存已禁用，跳過配置保存
2025-08-18 15:21:44,691 - VALO360 - DEBUG - 自動保存已禁用，跳過配置保存
2025-08-18 15:21:44,692 - VALO360 - DEBUG - 自動保存已禁用，跳過配置保存
2025-08-18 15:21:44,693 - VALO360 - DEBUG - 自動保存已禁用，跳過配置保存
2025-08-18 15:21:44,694 - VALO360 - DEBUG - 自動保存已禁用，跳過配置保存
2025-08-18 15:21:44,694 - VALO360 - DEBUG - 自動保存已禁用，跳過配置保存
2025-08-18 15:21:44,695 - VALO360 - DEBUG - 自動保存已禁用，跳過配置保存
2025-08-18 15:21:44,695 - VALO360 - DEBUG - 自動保存已禁用，跳過配置保存
2025-08-18 15:21:44,697 - VALO360 - DEBUG - 自動保存已禁用，跳過配置保存
2025-08-18 15:21:44,697 - VALO360 - DEBUG - 自動保存已禁用，跳過配置保存
2025-08-18 15:21:44,698 - VALO360 - DEBUG - 自動保存已禁用，跳過配置保存
2025-08-18 15:21:44,698 - VALO360 - DEBUG - 自動保存已禁用，跳過配置保存
2025-08-18 15:21:44,700 - VALO360 - DEBUG - 自動保存已禁用，跳過配置保存
2025-08-18 15:21:44,700 - VALO360 - DEBUG - 自動保存已禁用，跳過配置保存
2025-08-18 15:21:44,701 - VALO360 - DEBUG - 自動保存已禁用，跳過配置保存
2025-08-18 15:21:44,701 - VALO360 - DEBUG - 自動保存已禁用，跳過配置保存
2025-08-18 15:21:44,702 - VALO360 - DEBUG - 自動保存已禁用，跳過配置保存
2025-08-18 15:21:44,702 - VALO360 - DEBUG - 自動保存已禁用，跳過配置保存
2025-08-18 15:21:44,703 - VALO360 - DEBUG - 自動保存已禁用，跳過配置保存
2025-08-18 15:21:44,704 - VALO360 - DEBUG - 自動保存已禁用，跳過配置保存
2025-08-18 15:21:44,705 - VALO360 - DEBUG - 自動保存已禁用，跳過配置保存
2025-08-18 15:21:44,705 - VALO360 - DEBUG - 自動保存已禁用，跳過配置保存
2025-08-18 15:21:44,705 - VALO360 - DEBUG - 自動保存已禁用，跳過配置保存
2025-08-18 15:21:44,705 - VALO360 - DEBUG - 自動保存已禁用，跳過配置保存
2025-08-18 15:21:44,705 - VALO360 - DEBUG - 自動保存已禁用，跳過配置保存
2025-08-18 15:21:44,705 - VALO360 - DEBUG - 自動保存已禁用，跳過配置保存
2025-08-18 15:21:44,705 - VALO360 - DEBUG - 自動保存已禁用，跳過配置保存
2025-08-18 15:21:44,710 - VALO360 - DEBUG - 自動保存已禁用，跳過配置保存
2025-08-18 15:21:44,710 - VALO360 - DEBUG - 自動保存已禁用，跳過配置保存
2025-08-18 15:21:44,712 - VALO360 - DEBUG - 自動保存已禁用，跳過配置保存
2025-08-18 15:21:44,712 - VALO360 - DEBUG - 自動保存已禁用，跳過配置保存
2025-08-18 15:21:44,712 - VALO360 - DEBUG - 自動保存已禁用，跳過配置保存
2025-08-18 15:21:44,714 - VALO360 - DEBUG - 自動保存已禁用，跳過配置保存
2025-08-18 15:21:44,715 - VALO360 - DEBUG - 自動保存已禁用，跳過配置保存
2025-08-18 15:21:44,715 - VALO360 - DEBUG - 自動保存已禁用，跳過配置保存
2025-08-18 15:21:44,716 - VALO360 - DEBUG - 自動保存已禁用，跳過配置保存
2025-08-18 15:21:44,717 - VALO360 - DEBUG - 自動保存已禁用，跳過配置保存
2025-08-18 15:21:44,718 - VALO360 - DEBUG - 自動保存已禁用，跳過配置保存
2025-08-18 15:21:44,718 - VALO360 - DEBUG - 自動保存已禁用，跳過配置保存
2025-08-18 15:21:44,719 - VALO360 - DEBUG - 自動保存已禁用，跳過配置保存
2025-08-18 15:21:44,719 - VALO360 - DEBUG - 自動保存已禁用，跳過配置保存
2025-08-18 15:21:44,720 - VALO360 - DEBUG - 自動保存已禁用，跳過配置保存
2025-08-18 15:21:44,721 - VALO360 - DEBUG - 自動保存已禁用，跳過配置保存
2025-08-18 15:21:44,722 - VALO360 - DEBUG - 自動保存已禁用，跳過配置保存
2025-08-18 15:21:44,722 - VALO360 - DEBUG - 自動保存已禁用，跳過配置保存
2025-08-18 15:21:44,723 - VALO360 - DEBUG - 自動保存已禁用，跳過配置保存
2025-08-18 15:21:44,723 - VALO360 - DEBUG - 自動保存已禁用，跳過配置保存
2025-08-18 15:21:44,723 - VALO360 - DEBUG - 自動保存已禁用，跳過配置保存
2025-08-18 15:21:44,725 - VALO360 - DEBUG - 自動保存已禁用，跳過配置保存
2025-08-18 15:21:44,725 - VALO360 - DEBUG - 自動保存已禁用，跳過配置保存
2025-08-18 15:21:44,726 - VALO360 - DEBUG - 自動保存已禁用，跳過配置保存
2025-08-18 15:21:44,726 - VALO360 - DEBUG - 自動保存已禁用，跳過配置保存
2025-08-18 15:21:44,727 - VALO360 - DEBUG - 自動保存已禁用，跳過配置保存
2025-08-18 15:21:44,727 - VALO360 - DEBUG - 自動保存已禁用，跳過配置保存
2025-08-18 15:21:44,728 - VALO360 - DEBUG - 自動保存已禁用，跳過配置保存
2025-08-18 15:21:44,728 - VALO360 - DEBUG - 自動保存已禁用，跳過配置保存
2025-08-18 15:21:44,729 - VALO360 - DEBUG - 自動保存已禁用，跳過配置保存
2025-08-18 15:21:44,730 - VALO360 - DEBUG - 自動保存已禁用，跳過配置保存
2025-08-18 15:21:44,730 - VALO360 - DEBUG - 自動保存已禁用，跳過配置保存
2025-08-18 15:21:44,731 - VALO360 - DEBUG - 自動保存已禁用，跳過配置保存
2025-08-18 15:21:44,732 - VALO360 - DEBUG - 自動保存已禁用，跳過配置保存
2025-08-18 15:21:44,732 - VALO360 - DEBUG - 自動保存已禁用，跳過配置保存
2025-08-18 15:21:44,733 - VALO360 - DEBUG - 自動保存已禁用，跳過配置保存
2025-08-18 15:21:44,733 - VALO360 - DEBUG - 自動保存已禁用，跳過配置保存
2025-08-18 15:21:44,734 - VALO360 - DEBUG - 自動保存已禁用，跳過配置保存
2025-08-18 15:21:44,735 - VALO360 - DEBUG - 自動保存已禁用，跳過配置保存
2025-08-18 15:21:44,735 - VALO360 - DEBUG - 自動保存已禁用，跳過配置保存
2025-08-18 15:21:44,737 - VALO360 - DEBUG - 自動保存已禁用，跳過配置保存
2025-08-18 15:21:44,737 - VALO360 - DEBUG - 自動保存已禁用，跳過配置保存
2025-08-18 15:21:44,738 - VALO360 - DEBUG - 自動保存已禁用，跳過配置保存
2025-08-18 15:21:44,738 - VALO360 - DEBUG - 自動保存已禁用，跳過配置保存
2025-08-18 15:21:44,738 - VALO360 - DEBUG - 自動保存已禁用，跳過配置保存
2025-08-18 15:21:44,740 - VALO360 - DEBUG - 自動保存已禁用，跳過配置保存
2025-08-18 15:21:44,740 - VALO360 - DEBUG - 自動保存已禁用，跳過配置保存
2025-08-18 15:21:44,741 - VALO360 - DEBUG - 自動保存已禁用，跳過配置保存
2025-08-18 15:21:44,741 - VALO360 - DEBUG - 自動保存已禁用，跳過配置保存
2025-08-18 15:21:44,742 - VALO360 - DEBUG - 自動保存已禁用，跳過配置保存
2025-08-18 15:21:44,742 - VALO360 - DEBUG - 自動保存已禁用，跳過配置保存
2025-08-18 15:21:44,742 - VALO360 - DEBUG - 自動保存已禁用，跳過配置保存
2025-08-18 15:21:44,743 - VALO360 - DEBUG - 自動保存已禁用，跳過配置保存
2025-08-18 15:21:44,743 - VALO360 - DEBUG - 自動保存已禁用，跳過配置保存
2025-08-18 15:21:44,743 - VALO360 - DEBUG - 自動保存已禁用，跳過配置保存
2025-08-18 15:21:44,745 - VALO360 - DEBUG - 自動保存已禁用，跳過配置保存
2025-08-18 15:21:44,745 - VALO360 - DEBUG - 自動保存已禁用，跳過配置保存
2025-08-18 15:21:44,746 - VALO360 - DEBUG - 自動保存已禁用，跳過配置保存
2025-08-18 15:21:44,747 - VALO360 - DEBUG - 自動保存已禁用，跳過配置保存
2025-08-18 15:21:44,747 - VALO360 - DEBUG - 自動保存已禁用，跳過配置保存
2025-08-18 15:21:44,748 - VALO360 - DEBUG - 自動保存已禁用，跳過配置保存
2025-08-18 15:21:44,749 - VALO360 - DEBUG - 自動保存已禁用，跳過配置保存
2025-08-18 15:21:44,749 - VALO360 - DEBUG - 自動保存已禁用，跳過配置保存
2025-08-18 15:21:44,749 - VALO360 - DEBUG - 自動保存已禁用，跳過配置保存
2025-08-18 15:21:44,750 - VALO360 - DEBUG - 自動保存已禁用，跳過配置保存
2025-08-18 15:21:44,751 - VALO360 - DEBUG - 自動保存已禁用，跳過配置保存
2025-08-18 15:21:44,751 - VALO360 - DEBUG - 自動保存已禁用，跳過配置保存
2025-08-18 15:21:44,752 - VALO360 - DEBUG - 自動保存已禁用，跳過配置保存
2025-08-18 15:21:44,753 - VALO360 - DEBUG - 自動保存已禁用，跳過配置保存
2025-08-18 15:21:44,755 - VALO360 - DEBUG - 自動保存已禁用，跳過配置保存
2025-08-18 15:21:44,755 - VALO360 - DEBUG - 自動保存已禁用，跳過配置保存
2025-08-18 15:21:44,755 - VALO360 - DEBUG - 自動保存已禁用，跳過配置保存
2025-08-18 15:21:44,755 - VALO360 - DEBUG - 自動保存已禁用，跳過配置保存
2025-08-18 15:21:44,755 - VALO360 - DEBUG - 自動保存已禁用，跳過配置保存
2025-08-18 15:21:44,758 - VALO360 - DEBUG - 自動保存已禁用，跳過配置保存
2025-08-18 15:21:44,758 - VALO360 - DEBUG - 自動保存已禁用，跳過配置保存
2025-08-18 15:21:44,758 - VALO360 - DEBUG - 自動保存已禁用，跳過配置保存
2025-08-18 15:21:44,759 - VALO360 - DEBUG - 自動保存已禁用，跳過配置保存
2025-08-18 15:21:44,760 - VALO360 - DEBUG - 自動保存已禁用，跳過配置保存
2025-08-18 15:21:44,760 - VALO360 - DEBUG - 自動保存已禁用，跳過配置保存
2025-08-18 15:21:44,760 - VALO360 - DEBUG - 自動保存已禁用，跳過配置保存
2025-08-18 15:21:44,761 - VALO360 - DEBUG - 自動保存已禁用，跳過配置保存
2025-08-18 15:21:44,761 - VALO360 - DEBUG - 自動保存已禁用，跳過配置保存
2025-08-18 15:21:44,762 - VALO360 - DEBUG - 自動保存已禁用，跳過配置保存
2025-08-18 15:21:44,762 - VALO360 - DEBUG - 自動保存已禁用，跳過配置保存
2025-08-18 15:21:44,874 - VALO360 - DEBUG - 自動保存已禁用，跳過配置保存
2025-08-18 15:21:44,874 - VALO360 - DEBUG - 自動保存已禁用，跳過配置保存
2025-08-18 15:21:44,874 - VALO360 - DEBUG - 自動保存已禁用，跳過配置保存
2025-08-18 15:21:44,874 - VALO360 - DEBUG - 自動保存已禁用，跳過配置保存
2025-08-18 15:21:44,874 - VALO360 - DEBUG - 自動保存已禁用，跳過配置保存
2025-08-18 15:21:44,874 - VALO360 - DEBUG - 自動保存已禁用，跳過配置保存
2025-08-18 15:21:44,874 - VALO360 - DEBUG - 自動保存已禁用，跳過配置保存
2025-08-18 15:21:44,874 - VALO360 - DEBUG - 自動保存已禁用，跳過配置保存
2025-08-18 15:21:44,886 - VALO360 - DEBUG - 自動保存已禁用，跳過配置保存
2025-08-18 15:21:44,886 - VALO360 - DEBUG - 自動保存已禁用，跳過配置保存
2025-08-18 15:21:44,887 - VALO360 - DEBUG - 自動保存已禁用，跳過配置保存
2025-08-18 15:21:44,887 - VALO360 - DEBUG - 自動保存已禁用，跳過配置保存
2025-08-18 15:21:44,887 - VALO360 - DEBUG - 自動保存已禁用，跳過配置保存
2025-08-18 15:21:44,889 - VALO360 - DEBUG - 自動保存已禁用，跳過配置保存
2025-08-18 15:21:44,889 - VALO360 - DEBUG - 自動保存已禁用，跳過配置保存
2025-08-18 15:21:44,890 - VALO360 - DEBUG - 自動保存已禁用，跳過配置保存
2025-08-18 15:21:44,903 - VALO360 - DEBUG - 自動保存已禁用，跳過配置保存
2025-08-18 15:21:44,906 - VALO360 - DEBUG - 自動保存已禁用，跳過配置保存
2025-08-18 15:21:44,906 - VALO360 - DEBUG - 自動保存已禁用，跳過配置保存
2025-08-18 15:21:44,907 - VALO360 - DEBUG - 自動保存已禁用，跳過配置保存
2025-08-18 15:21:44,907 - VALO360 - DEBUG - 自動保存已禁用，跳過配置保存
2025-08-18 15:21:44,908 - VALO360 - DEBUG - 自動保存已禁用，跳過配置保存
2025-08-18 15:21:44,908 - VALO360 - DEBUG - 自動保存已禁用，跳過配置保存
2025-08-18 15:21:44,909 - VALO360 - DEBUG - 自動保存已禁用，跳過配置保存
2025-08-18 15:21:44,914 - VALO360 - DEBUG - 自動保存已禁用，跳過配置保存
2025-08-18 15:21:44,914 - VALO360 - DEBUG - 自動保存已禁用，跳過配置保存
2025-08-18 15:21:44,914 - VALO360 - DEBUG - 自動保存已禁用，跳過配置保存
2025-08-18 15:21:44,920 - VALO360 - DEBUG - 自動保存已禁用，跳過配置保存
2025-08-18 15:21:44,921 - VALO360 - DEBUG - 自動保存已禁用，跳過配置保存
2025-08-18 15:21:44,922 - VALO360 - DEBUG - 自動保存已禁用，跳過配置保存
2025-08-18 15:21:44,922 - VALO360 - DEBUG - 自動保存已禁用，跳過配置保存
2025-08-18 15:21:44,923 - VALO360 - DEBUG - 自動保存已禁用，跳過配置保存
2025-08-18 15:21:44,933 - VALO360 - DEBUG - 自動保存已禁用，跳過配置保存
2025-08-18 15:21:44,933 - VALO360 - DEBUG - 自動保存已禁用，跳過配置保存
2025-08-18 15:21:44,934 - VALO360 - DEBUG - 自動保存已禁用，跳過配置保存
2025-08-18 15:21:44,934 - VALO360 - DEBUG - 自動保存已禁用，跳過配置保存
2025-08-18 15:21:44,935 - VALO360 - DEBUG - 自動保存已禁用，跳過配置保存
2025-08-18 15:21:44,936 - VALO360 - DEBUG - 自動保存已禁用，跳過配置保存
2025-08-18 15:21:44,936 - VALO360 - DEBUG - 自動保存已禁用，跳過配置保存
2025-08-18 15:21:44,937 - VALO360 - DEBUG - 自動保存已禁用，跳過配置保存
2025-08-18 15:21:44,939 - VALO360 - DEBUG - 自動保存已禁用，跳過配置保存
2025-08-18 15:21:44,941 - VALO360 - DEBUG - 自動保存已禁用，跳過配置保存
2025-08-18 15:21:44,941 - VALO360 - DEBUG - 自動保存已禁用，跳過配置保存
2025-08-18 15:21:44,942 - VALO360 - DEBUG - 自動保存已禁用，跳過配置保存
2025-08-18 15:21:44,942 - VALO360 - DEBUG - 自動保存已禁用，跳過配置保存
2025-08-18 15:21:44,942 - VALO360 - DEBUG - 自動保存已禁用，跳過配置保存
2025-08-18 15:21:44,943 - VALO360 - DEBUG - 自動保存已禁用，跳過配置保存
2025-08-18 15:21:44,943 - VALO360 - DEBUG - 自動保存已禁用，跳過配置保存
2025-08-18 15:21:44,944 - VALO360 - DEBUG - 自動保存已禁用，跳過配置保存
2025-08-18 15:21:44,944 - VALO360 - DEBUG - 自動保存已禁用，跳過配置保存
2025-08-18 15:21:44,944 - VALO360 - DEBUG - 自動保存已禁用，跳過配置保存
2025-08-18 15:21:44,945 - VALO360 - DEBUG - 自動保存已禁用，跳過配置保存
2025-08-18 15:21:44,945 - VALO360 - DEBUG - 自動保存已禁用，跳過配置保存
2025-08-18 15:21:44,946 - VALO360 - DEBUG - 自動保存已禁用，跳過配置保存
2025-08-18 15:21:44,946 - VALO360 - DEBUG - 自動保存已禁用，跳過配置保存
2025-08-18 15:21:44,947 - VALO360 - DEBUG - 自動保存已禁用，跳過配置保存
2025-08-18 15:21:44,953 - VALO360 - DEBUG - 自動保存已禁用，跳過配置保存
2025-08-18 15:21:44,953 - VALO360 - DEBUG - 自動保存已禁用，跳過配置保存
2025-08-18 15:21:44,954 - VALO360 - DEBUG - 自動保存已禁用，跳過配置保存
2025-08-18 15:21:44,955 - VALO360 - DEBUG - 自動保存已禁用，跳過配置保存
2025-08-18 15:21:44,956 - VALO360 - DEBUG - 自動保存已禁用，跳過配置保存
2025-08-18 15:21:44,956 - VALO360 - DEBUG - 自動保存已禁用，跳過配置保存
2025-08-18 15:21:44,956 - VALO360 - DEBUG - 自動保存已禁用，跳過配置保存
2025-08-18 15:21:44,957 - VALO360 - DEBUG - 自動保存已禁用，跳過配置保存
2025-08-18 15:21:44,962 - VALO360 - DEBUG - 自動保存已禁用，跳過配置保存
2025-08-18 15:21:44,962 - VALO360 - DEBUG - 自動保存已禁用，跳過配置保存
2025-08-18 15:21:44,962 - VALO360 - DEBUG - 自動保存已禁用，跳過配置保存
2025-08-18 15:21:44,964 - VALO360 - DEBUG - 自動保存已禁用，跳過配置保存
2025-08-18 15:21:44,965 - VALO360 - DEBUG - 自動保存已禁用，跳過配置保存
2025-08-18 15:21:44,966 - VALO360 - DEBUG - 自動保存已禁用，跳過配置保存
2025-08-18 15:21:44,967 - VALO360 - DEBUG - 自動保存已禁用，跳過配置保存
2025-08-18 15:21:44,968 - VALO360 - DEBUG - 自動保存已禁用，跳過配置保存
2025-08-18 15:21:44,983 - VALO360 - DEBUG - 自動保存已禁用，跳過配置保存
2025-08-18 15:21:44,984 - VALO360 - DEBUG - 自動保存已禁用，跳過配置保存
2025-08-18 15:21:44,984 - VALO360 - DEBUG - 自動保存已禁用，跳過配置保存
2025-08-18 15:21:44,985 - VALO360 - DEBUG - 自動保存已禁用，跳過配置保存
2025-08-18 15:21:44,986 - VALO360 - DEBUG - 自動保存已禁用，跳過配置保存
2025-08-18 15:21:44,987 - VALO360 - DEBUG - 自動保存已禁用，跳過配置保存
2025-08-18 15:21:44,987 - VALO360 - DEBUG - 自動保存已禁用，跳過配置保存
2025-08-18 15:21:44,987 - VALO360 - DEBUG - 自動保存已禁用，跳過配置保存
2025-08-18 15:21:44,987 - VALO360 - DEBUG - 自動保存已禁用，跳過配置保存
2025-08-18 15:21:44,987 - VALO360 - DEBUG - 自動保存已禁用，跳過配置保存
2025-08-18 15:21:44,987 - VALO360 - DEBUG - 自動保存已禁用，跳過配置保存
2025-08-18 15:21:44,987 - VALO360 - DEBUG - 自動保存已禁用，跳過配置保存
2025-08-18 15:21:44,987 - VALO360 - DEBUG - 自動保存已禁用，跳過配置保存
2025-08-18 15:21:44,987 - VALO360 - DEBUG - 自動保存已禁用，跳過配置保存
2025-08-18 15:21:44,987 - VALO360 - DEBUG - 自動保存已禁用，跳過配置保存
2025-08-18 15:21:44,987 - VALO360 - DEBUG - 自動保存已禁用，跳過配置保存
2025-08-18 15:21:44,998 - VALO360 - DEBUG - 自動保存已禁用，跳過配置保存
2025-08-18 15:21:44,998 - VALO360 - DEBUG - 自動保存已禁用，跳過配置保存
2025-08-18 15:21:44,999 - VALO360 - DEBUG - 自動保存已禁用，跳過配置保存
2025-08-18 15:21:44,999 - VALO360 - DEBUG - 自動保存已禁用，跳過配置保存
2025-08-18 15:21:45,000 - VALO360 - DEBUG - 自動保存已禁用，跳過配置保存
2025-08-18 15:21:45,000 - VALO360 - DEBUG - 自動保存已禁用，跳過配置保存
2025-08-18 15:21:45,001 - VALO360 - DEBUG - 自動保存已禁用，跳過配置保存
2025-08-18 15:21:45,001 - VALO360 - DEBUG - 自動保存已禁用，跳過配置保存
2025-08-18 15:21:45,002 - VALO360 - DEBUG - 自動保存已禁用，跳過配置保存
2025-08-18 15:21:45,002 - VALO360 - DEBUG - 自動保存已禁用，跳過配置保存
2025-08-18 15:21:45,002 - VALO360 - DEBUG - 自動保存已禁用，跳過配置保存
2025-08-18 15:21:45,002 - VALO360 - DEBUG - 自動保存已禁用，跳過配置保存
2025-08-18 15:21:45,011 - VALO360 - DEBUG - 自動保存已禁用，跳過配置保存
2025-08-18 15:21:45,012 - VALO360 - DEBUG - 自動保存已禁用，跳過配置保存
2025-08-18 15:21:45,012 - VALO360 - DEBUG - 自動保存已禁用，跳過配置保存
2025-08-18 15:21:45,014 - VALO360 - DEBUG - 自動保存已禁用，跳過配置保存
2025-08-18 15:21:45,015 - VALO360 - DEBUG - 自動保存已禁用，跳過配置保存
2025-08-18 15:21:45,015 - VALO360 - DEBUG - 自動保存已禁用，跳過配置保存
2025-08-18 15:21:45,015 - VALO360 - DEBUG - 自動保存已禁用，跳過配置保存
2025-08-18 15:21:45,019 - VALO360 - DEBUG - 自動保存已禁用，跳過配置保存
2025-08-18 15:21:45,021 - VALO360 - DEBUG - 自動保存已禁用，跳過配置保存
2025-08-18 15:21:45,021 - VALO360 - DEBUG - 自動保存已禁用，跳過配置保存
2025-08-18 15:21:45,022 - VALO360 - DEBUG - 自動保存已禁用，跳過配置保存
2025-08-18 15:21:45,022 - VALO360 - DEBUG - 自動保存已禁用，跳過配置保存
2025-08-18 15:21:45,033 - VALO360 - DEBUG - 自動保存已禁用，跳過配置保存
2025-08-18 15:21:45,033 - VALO360 - DEBUG - 自動保存已禁用，跳過配置保存
2025-08-18 15:21:45,034 - VALO360 - DEBUG - 自動保存已禁用，跳過配置保存
2025-08-18 15:21:45,035 - VALO360 - DEBUG - 自動保存已禁用，跳過配置保存
2025-08-18 15:21:45,036 - VALO360 - DEBUG - 自動保存已禁用，跳過配置保存
2025-08-18 15:21:45,037 - VALO360 - DEBUG - 自動保存已禁用，跳過配置保存
2025-08-18 15:21:45,037 - VALO360 - DEBUG - 自動保存已禁用，跳過配置保存
2025-08-18 15:21:45,037 - VALO360 - DEBUG - 自動保存已禁用，跳過配置保存
2025-08-18 15:21:45,038 - VALO360 - DEBUG - 自動保存已禁用，跳過配置保存
2025-08-18 15:21:45,038 - VALO360 - DEBUG - 自動保存已禁用，跳過配置保存
2025-08-18 15:21:45,038 - VALO360 - DEBUG - 自動保存已禁用，跳過配置保存
2025-08-18 15:21:45,039 - VALO360 - DEBUG - 自動保存已禁用，跳過配置保存
2025-08-18 15:21:45,039 - VALO360 - DEBUG - 自動保存已禁用，跳過配置保存
2025-08-18 15:21:45,040 - VALO360 - DEBUG - 自動保存已禁用，跳過配置保存
2025-08-18 15:21:45,040 - VALO360 - DEBUG - 自動保存已禁用，跳過配置保存
2025-08-18 15:21:45,040 - VALO360 - DEBUG - 自動保存已禁用，跳過配置保存
2025-08-18 15:21:45,050 - VALO360 - DEBUG - 自動保存已禁用，跳過配置保存
2025-08-18 15:21:45,050 - VALO360 - DEBUG - 自動保存已禁用，跳過配置保存
2025-08-18 15:21:45,050 - VALO360 - DEBUG - 自動保存已禁用，跳過配置保存
2025-08-18 15:21:45,056 - VALO360 - DEBUG - 自動保存已禁用，跳過配置保存
2025-08-18 15:21:45,056 - VALO360 - DEBUG - 自動保存已禁用，跳過配置保存
2025-08-18 15:21:45,057 - VALO360 - DEBUG - 自動保存已禁用，跳過配置保存
2025-08-18 15:21:45,057 - VALO360 - DEBUG - 自動保存已禁用，跳過配置保存
2025-08-18 15:21:45,057 - VALO360 - DEBUG - 自動保存已禁用，跳過配置保存
2025-08-18 15:21:45,064 - VALO360 - DEBUG - 自動保存已禁用，跳過配置保存
2025-08-18 15:21:45,064 - VALO360 - DEBUG - 自動保存已禁用，跳過配置保存
2025-08-18 15:21:45,064 - VALO360 - DEBUG - 自動保存已禁用，跳過配置保存
2025-08-18 15:21:45,068 - VALO360 - DEBUG - 自動保存已禁用，跳過配置保存
2025-08-18 15:21:45,069 - VALO360 - DEBUG - 自動保存已禁用，跳過配置保存
2025-08-18 15:21:45,070 - VALO360 - DEBUG - 自動保存已禁用，跳過配置保存
2025-08-18 15:21:45,070 - VALO360 - DEBUG - 自動保存已禁用，跳過配置保存
2025-08-18 15:21:45,070 - VALO360 - DEBUG - 自動保存已禁用，跳過配置保存
2025-08-18 15:21:45,071 - VALO360 - DEBUG - 自動保存已禁用，跳過配置保存
2025-08-18 15:21:45,072 - VALO360 - DEBUG - 自動保存已禁用，跳過配置保存
2025-08-18 15:21:45,072 - VALO360 - DEBUG - 自動保存已禁用，跳過配置保存
2025-08-18 15:21:45,073 - VALO360 - DEBUG - 自動保存已禁用，跳過配置保存
2025-08-18 15:21:45,073 - VALO360 - DEBUG - 自動保存已禁用，跳過配置保存
2025-08-18 15:21:45,074 - VALO360 - DEBUG - 自動保存已禁用，跳過配置保存
2025-08-18 15:21:45,074 - VALO360 - DEBUG - 自動保存已禁用，跳過配置保存
2025-08-18 15:21:45,074 - VALO360 - DEBUG - 自動保存已禁用，跳過配置保存
2025-08-18 15:21:45,094 - VALO360 - DEBUG - 自動保存已禁用，跳過配置保存
2025-08-18 15:21:45,094 - VALO360 - DEBUG - 自動保存已禁用，跳過配置保存
2025-08-18 15:21:45,095 - VALO360 - DEBUG - 自動保存已禁用，跳過配置保存
2025-08-18 15:21:45,097 - VALO360 - DEBUG - 自動保存已禁用，跳過配置保存
2025-08-18 15:21:45,097 - VALO360 - DEBUG - 自動保存已禁用，跳過配置保存
2025-08-18 15:21:45,098 - VALO360 - DEBUG - 自動保存已禁用，跳過配置保存
2025-08-18 15:21:45,098 - VALO360 - DEBUG - 自動保存已禁用，跳過配置保存
2025-08-18 15:21:45,098 - VALO360 - DEBUG - 自動保存已禁用，跳過配置保存
2025-08-18 15:21:45,104 - VALO360 - DEBUG - 自動保存已禁用，跳過配置保存
2025-08-18 15:21:45,104 - VALO360 - DEBUG - 自動保存已禁用，跳過配置保存
2025-08-18 15:21:45,104 - VALO360 - DEBUG - 自動保存已禁用，跳過配置保存
2025-08-18 15:21:45,108 - VALO360 - DEBUG - 自動保存已禁用，跳過配置保存
2025-08-18 15:21:45,108 - VALO360 - DEBUG - 自動保存已禁用，跳過配置保存
2025-08-18 15:21:45,109 - VALO360 - DEBUG - 自動保存已禁用，跳過配置保存
2025-08-18 15:21:45,109 - VALO360 - DEBUG - 自動保存已禁用，跳過配置保存
2025-08-18 15:21:45,109 - VALO360 - DEBUG - 自動保存已禁用，跳過配置保存
2025-08-18 15:21:45,120 - VALO360 - DEBUG - 自動保存已禁用，跳過配置保存
2025-08-18 15:21:45,120 - VALO360 - DEBUG - 自動保存已禁用，跳過配置保存
2025-08-18 15:21:45,120 - VALO360 - DEBUG - 自動保存已禁用，跳過配置保存
2025-08-18 15:21:45,122 - VALO360 - DEBUG - 自動保存已禁用，跳過配置保存
2025-08-18 15:21:45,122 - VALO360 - DEBUG - 自動保存已禁用，跳過配置保存
2025-08-18 15:21:45,123 - VALO360 - DEBUG - 自動保存已禁用，跳過配置保存
2025-08-18 15:21:45,123 - VALO360 - DEBUG - 自動保存已禁用，跳過配置保存
2025-08-18 15:21:45,123 - VALO360 - DEBUG - 自動保存已禁用，跳過配置保存
2025-08-18 15:21:45,180 - VALO360 - DEBUG - 自動保存已禁用，跳過配置保存
2025-08-18 15:21:45,181 - VALO360 - DEBUG - 自動保存已禁用，跳過配置保存
2025-08-18 15:21:45,181 - VALO360 - DEBUG - 自動保存已禁用，跳過配置保存
2025-08-18 15:21:45,181 - VALO360 - DEBUG - 自動保存已禁用，跳過配置保存
2025-08-18 15:21:45,181 - VALO360 - DEBUG - 自動保存已禁用，跳過配置保存
2025-08-18 15:21:45,183 - VALO360 - DEBUG - 自動保存已禁用，跳過配置保存
2025-08-18 15:21:45,183 - VALO360 - DEBUG - 自動保存已禁用，跳過配置保存
2025-08-18 15:21:45,183 - VALO360 - DEBUG - 自動保存已禁用，跳過配置保存
2025-08-18 15:21:45,225 - VALO360 - DEBUG - 自動保存已禁用，跳過配置保存
2025-08-18 15:21:45,228 - VALO360 - DEBUG - 自動保存已禁用，跳過配置保存
2025-08-18 15:21:45,228 - VALO360 - DEBUG - 自動保存已禁用，跳過配置保存
2025-08-18 15:21:45,229 - VALO360 - DEBUG - 自動保存已禁用，跳過配置保存
2025-08-18 15:21:45,231 - VALO360 - DEBUG - 自動保存已禁用，跳過配置保存
2025-08-18 15:21:45,232 - VALO360 - DEBUG - 自動保存已禁用，跳過配置保存
2025-08-18 15:21:45,232 - VALO360 - DEBUG - 自動保存已禁用，跳過配置保存
2025-08-18 15:21:45,232 - VALO360 - DEBUG - 自動保存已禁用，跳過配置保存
2025-08-18 15:21:45,234 - VALO360 - DEBUG - 自動保存已禁用，跳過配置保存
2025-08-18 15:21:45,235 - VALO360 - DEBUG - 自動保存已禁用，跳過配置保存
2025-08-18 15:21:45,236 - VALO360 - DEBUG - 自動保存已禁用，跳過配置保存
2025-08-18 15:21:45,236 - VALO360 - DEBUG - 自動保存已禁用，跳過配置保存
2025-08-18 15:21:45,238 - VALO360 - DEBUG - 自動保存已禁用，跳過配置保存
2025-08-18 15:21:45,238 - VALO360 - DEBUG - 自動保存已禁用，跳過配置保存
2025-08-18 15:21:45,239 - VALO360 - DEBUG - 自動保存已禁用，跳過配置保存
2025-08-18 15:21:45,239 - VALO360 - DEBUG - 自動保存已禁用，跳過配置保存
2025-08-18 15:21:45,241 - VALO360 - DEBUG - 自動保存已禁用，跳過配置保存
2025-08-18 15:21:45,241 - VALO360 - DEBUG - 自動保存已禁用，跳過配置保存
2025-08-18 15:21:45,241 - VALO360 - DEBUG - 自動保存已禁用，跳過配置保存
2025-08-18 15:21:45,241 - VALO360 - DEBUG - 自動保存已禁用，跳過配置保存
2025-08-18 15:21:45,242 - VALO360 - DEBUG - 自動保存已禁用，跳過配置保存
2025-08-18 15:21:45,243 - VALO360 - DEBUG - 自動保存已禁用，跳過配置保存
2025-08-18 15:21:45,243 - VALO360 - DEBUG - 自動保存已禁用，跳過配置保存
2025-08-18 15:21:45,244 - VALO360 - DEBUG - 自動保存已禁用，跳過配置保存
2025-08-18 15:21:45,246 - VALO360 - DEBUG - 自動保存已禁用，跳過配置保存
2025-08-18 15:21:45,246 - VALO360 - DEBUG - 自動保存已禁用，跳過配置保存
2025-08-18 15:21:45,246 - VALO360 - DEBUG - 自動保存已禁用，跳過配置保存
2025-08-18 15:21:45,247 - VALO360 - DEBUG - 自動保存已禁用，跳過配置保存
2025-08-18 15:21:45,248 - VALO360 - DEBUG - 自動保存已禁用，跳過配置保存
2025-08-18 15:21:45,248 - VALO360 - DEBUG - 自動保存已禁用，跳過配置保存
2025-08-18 15:21:45,248 - VALO360 - DEBUG - 自動保存已禁用，跳過配置保存
2025-08-18 15:21:45,250 - VALO360 - DEBUG - 自動保存已禁用，跳過配置保存
2025-08-18 15:21:45,252 - VALO360 - DEBUG - 自動保存已禁用，跳過配置保存
2025-08-18 15:21:45,252 - VALO360 - DEBUG - 自動保存已禁用，跳過配置保存
2025-08-18 15:21:45,253 - VALO360 - DEBUG - 自動保存已禁用，跳過配置保存
2025-08-18 15:21:45,253 - VALO360 - DEBUG - 自動保存已禁用，跳過配置保存
2025-08-18 15:21:45,255 - VALO360 - DEBUG - 自動保存已禁用，跳過配置保存
2025-08-18 15:21:45,256 - VALO360 - DEBUG - 自動保存已禁用，跳過配置保存
2025-08-18 15:21:45,256 - VALO360 - DEBUG - 自動保存已禁用，跳過配置保存
2025-08-18 15:21:45,256 - VALO360 - DEBUG - 自動保存已禁用，跳過配置保存
2025-08-18 15:21:45,257 - VALO360 - DEBUG - 自動保存已禁用，跳過配置保存
2025-08-18 15:21:45,257 - VALO360 - DEBUG - 自動保存已禁用，跳過配置保存
2025-08-18 15:21:45,257 - VALO360 - DEBUG - 自動保存已禁用，跳過配置保存
2025-08-18 15:21:45,257 - VALO360 - DEBUG - 自動保存已禁用，跳過配置保存
2025-08-18 15:21:45,259 - VALO360 - DEBUG - 自動保存已禁用，跳過配置保存
2025-08-18 15:21:45,259 - VALO360 - DEBUG - 自動保存已禁用，跳過配置保存
2025-08-18 15:21:45,259 - VALO360 - DEBUG - 自動保存已禁用，跳過配置保存
2025-08-18 15:21:45,260 - VALO360 - DEBUG - 自動保存已禁用，跳過配置保存
2025-08-18 15:21:45,261 - VALO360 - DEBUG - 自動保存已禁用，跳過配置保存
2025-08-18 15:21:45,261 - VALO360 - DEBUG - 自動保存已禁用，跳過配置保存
2025-08-18 15:21:45,262 - VALO360 - DEBUG - 自動保存已禁用，跳過配置保存
2025-08-18 15:21:45,262 - VALO360 - DEBUG - 自動保存已禁用，跳過配置保存
2025-08-18 15:21:45,264 - VALO360 - DEBUG - 自動保存已禁用，跳過配置保存
2025-08-18 15:21:45,264 - VALO360 - DEBUG - 自動保存已禁用，跳過配置保存
2025-08-18 15:21:45,266 - VALO360 - DEBUG - 自動保存已禁用，跳過配置保存
2025-08-18 15:21:45,266 - VALO360 - DEBUG - 自動保存已禁用，跳過配置保存
2025-08-18 15:21:45,267 - VALO360 - DEBUG - 自動保存已禁用，跳過配置保存
2025-08-18 15:21:45,268 - VALO360 - DEBUG - 自動保存已禁用，跳過配置保存
2025-08-18 15:21:45,268 - VALO360 - DEBUG - 自動保存已禁用，跳過配置保存
2025-08-18 15:21:45,269 - VALO360 - DEBUG - 自動保存已禁用，跳過配置保存
2025-08-18 15:21:45,270 - VALO360 - DEBUG - 自動保存已禁用，跳過配置保存
2025-08-18 15:21:45,271 - VALO360 - DEBUG - 自動保存已禁用，跳過配置保存
2025-08-18 15:21:45,271 - VALO360 - DEBUG - 自動保存已禁用，跳過配置保存
2025-08-18 15:21:45,271 - VALO360 - DEBUG - 自動保存已禁用，跳過配置保存
2025-08-18 15:21:45,272 - VALO360 - DEBUG - 自動保存已禁用，跳過配置保存
2025-08-18 15:21:45,274 - VALO360 - DEBUG - 自動保存已禁用，跳過配置保存
2025-08-18 15:21:45,274 - VALO360 - DEBUG - 自動保存已禁用，跳過配置保存
2025-08-18 15:21:45,274 - VALO360 - DEBUG - 自動保存已禁用，跳過配置保存
2025-08-18 15:21:45,314 - VALO360 - DEBUG - 自動保存已禁用，跳過配置保存
2025-08-18 15:21:45,315 - VALO360 - DEBUG - 自動保存已禁用，跳過配置保存
2025-08-18 15:21:45,315 - VALO360 - DEBUG - 自動保存已禁用，跳過配置保存
2025-08-18 15:21:45,315 - VALO360 - DEBUG - 自動保存已禁用，跳過配置保存
2025-08-18 15:21:45,315 - VALO360 - DEBUG - 自動保存已禁用，跳過配置保存
2025-08-18 15:21:45,318 - VALO360 - DEBUG - 自動保存已禁用，跳過配置保存
2025-08-18 15:21:45,318 - VALO360 - DEBUG - 自動保存已禁用，跳過配置保存
2025-08-18 15:21:45,318 - VALO360 - DEBUG - 自動保存已禁用，跳過配置保存
2025-08-18 15:21:45,323 - VALO360 - DEBUG - 自動保存已禁用，跳過配置保存
2025-08-18 15:21:45,323 - VALO360 - DEBUG - 自動保存已禁用，跳過配置保存
2025-08-18 15:21:45,324 - VALO360 - DEBUG - 自動保存已禁用，跳過配置保存
2025-08-18 15:21:45,324 - VALO360 - DEBUG - 自動保存已禁用，跳過配置保存
2025-08-18 15:21:45,327 - VALO360 - DEBUG - 自動保存已禁用，跳過配置保存
2025-08-18 15:21:45,328 - VALO360 - DEBUG - 自動保存已禁用，跳過配置保存
2025-08-18 15:21:45,329 - VALO360 - DEBUG - 自動保存已禁用，跳過配置保存
2025-08-18 15:21:45,329 - VALO360 - DEBUG - 自動保存已禁用，跳過配置保存
2025-08-18 15:21:45,331 - VALO360 - DEBUG - 自動保存已禁用，跳過配置保存
2025-08-18 15:21:45,331 - VALO360 - DEBUG - 自動保存已禁用，跳過配置保存
2025-08-18 15:21:45,332 - VALO360 - DEBUG - 自動保存已禁用，跳過配置保存
2025-08-18 15:21:45,332 - VALO360 - DEBUG - 自動保存已禁用，跳過配置保存
2025-08-18 15:21:45,334 - VALO360 - DEBUG - 自動保存已禁用，跳過配置保存
2025-08-18 15:21:45,335 - VALO360 - DEBUG - 自動保存已禁用，跳過配置保存
2025-08-18 15:21:45,336 - VALO360 - DEBUG - 自動保存已禁用，跳過配置保存
2025-08-18 15:21:45,336 - VALO360 - DEBUG - 自動保存已禁用，跳過配置保存
2025-08-18 15:21:45,338 - VALO360 - DEBUG - 自動保存已禁用，跳過配置保存
2025-08-18 15:21:45,339 - VALO360 - DEBUG - 自動保存已禁用，跳過配置保存
2025-08-18 15:21:45,339 - VALO360 - DEBUG - 自動保存已禁用，跳過配置保存
2025-08-18 15:21:45,339 - VALO360 - DEBUG - 自動保存已禁用，跳過配置保存
2025-08-18 15:21:45,340 - VALO360 - DEBUG - 自動保存已禁用，跳過配置保存
2025-08-18 15:21:45,341 - VALO360 - DEBUG - 自動保存已禁用，跳過配置保存
2025-08-18 15:21:45,341 - VALO360 - DEBUG - 自動保存已禁用，跳過配置保存
2025-08-18 15:21:45,342 - VALO360 - DEBUG - 自動保存已禁用，跳過配置保存
2025-08-18 15:21:45,342 - VALO360 - DEBUG - 自動保存已禁用，跳過配置保存
2025-08-18 15:21:45,344 - VALO360 - DEBUG - 自動保存已禁用，跳過配置保存
2025-08-18 15:21:45,344 - VALO360 - DEBUG - 自動保存已禁用，跳過配置保存
2025-08-18 15:21:45,345 - VALO360 - DEBUG - 自動保存已禁用，跳過配置保存
2025-08-18 15:21:45,346 - VALO360 - DEBUG - 自動保存已禁用，跳過配置保存
2025-08-18 15:21:45,347 - VALO360 - DEBUG - 自動保存已禁用，跳過配置保存
2025-08-18 15:21:45,347 - VALO360 - DEBUG - 自動保存已禁用，跳過配置保存
2025-08-18 15:21:45,347 - VALO360 - DEBUG - 自動保存已禁用，跳過配置保存
2025-08-18 15:21:45,349 - VALO360 - DEBUG - 自動保存已禁用，跳過配置保存
2025-08-18 15:21:45,349 - VALO360 - DEBUG - 自動保存已禁用，跳過配置保存
2025-08-18 15:21:45,350 - VALO360 - DEBUG - 自動保存已禁用，跳過配置保存
2025-08-18 15:21:45,350 - VALO360 - DEBUG - 自動保存已禁用，跳過配置保存
2025-08-18 15:21:45,351 - VALO360 - DEBUG - 自動保存已禁用，跳過配置保存
2025-08-18 15:21:45,352 - VALO360 - DEBUG - 自動保存已禁用，跳過配置保存
2025-08-18 15:21:45,353 - VALO360 - DEBUG - 自動保存已禁用，跳過配置保存
2025-08-18 15:21:45,353 - VALO360 - DEBUG - 自動保存已禁用，跳過配置保存
2025-08-18 15:21:45,355 - VALO360 - DEBUG - 自動保存已禁用，跳過配置保存
2025-08-18 15:21:45,355 - VALO360 - DEBUG - 自動保存已禁用，跳過配置保存
2025-08-18 15:21:45,355 - VALO360 - DEBUG - 自動保存已禁用，跳過配置保存
2025-08-18 15:21:45,355 - VALO360 - DEBUG - 自動保存已禁用，跳過配置保存
2025-08-18 15:21:45,355 - VALO360 - DEBUG - 自動保存已禁用，跳過配置保存
2025-08-18 15:21:45,355 - VALO360 - DEBUG - 自動保存已禁用，跳過配置保存
2025-08-18 15:21:45,355 - VALO360 - DEBUG - 自動保存已禁用，跳過配置保存
2025-08-18 15:21:45,358 - VALO360 - DEBUG - 自動保存已禁用，跳過配置保存
2025-08-18 15:21:45,360 - VALO360 - DEBUG - 自動保存已禁用，跳過配置保存
2025-08-18 15:21:45,361 - VALO360 - DEBUG - 自動保存已禁用，跳過配置保存
2025-08-18 15:21:45,361 - VALO360 - DEBUG - 自動保存已禁用，跳過配置保存
2025-08-18 15:21:45,361 - VALO360 - DEBUG - 自動保存已禁用，跳過配置保存
2025-08-18 15:21:45,363 - VALO360 - DEBUG - 自動保存已禁用，跳過配置保存
2025-08-18 15:21:45,364 - VALO360 - DEBUG - 自動保存已禁用，跳過配置保存
2025-08-18 15:21:45,365 - VALO360 - DEBUG - 自動保存已禁用，跳過配置保存
2025-08-18 15:21:45,365 - VALO360 - DEBUG - 自動保存已禁用，跳過配置保存
2025-08-18 15:21:45,367 - VALO360 - DEBUG - 自動保存已禁用，跳過配置保存
2025-08-18 15:21:45,367 - VALO360 - DEBUG - 自動保存已禁用，跳過配置保存
2025-08-18 15:21:45,367 - VALO360 - DEBUG - 自動保存已禁用，跳過配置保存
2025-08-18 15:21:45,367 - VALO360 - DEBUG - 自動保存已禁用，跳過配置保存
2025-08-18 15:21:45,371 - VALO360 - DEBUG - 自動保存已禁用，跳過配置保存
2025-08-18 15:21:45,371 - VALO360 - DEBUG - 自動保存已禁用，跳過配置保存
2025-08-18 15:21:45,371 - VALO360 - DEBUG - 自動保存已禁用，跳過配置保存
2025-08-18 15:21:45,371 - VALO360 - DEBUG - 自動保存已禁用，跳過配置保存
2025-08-18 15:21:45,373 - VALO360 - DEBUG - 自動保存已禁用，跳過配置保存
2025-08-18 15:21:45,373 - VALO360 - DEBUG - 自動保存已禁用，跳過配置保存
2025-08-18 15:21:45,373 - VALO360 - DEBUG - 自動保存已禁用，跳過配置保存
2025-08-18 15:21:45,373 - VALO360 - DEBUG - 自動保存已禁用，跳過配置保存
2025-08-18 15:21:45,375 - VALO360 - DEBUG - 自動保存已禁用，跳過配置保存
2025-08-18 15:21:45,375 - VALO360 - DEBUG - 自動保存已禁用，跳過配置保存
2025-08-18 15:21:45,377 - VALO360 - DEBUG - 自動保存已禁用，跳過配置保存
2025-08-18 15:21:45,377 - VALO360 - DEBUG - 自動保存已禁用，跳過配置保存
2025-08-18 15:21:45,378 - VALO360 - DEBUG - 自動保存已禁用，跳過配置保存
2025-08-18 15:21:45,378 - VALO360 - DEBUG - 自動保存已禁用，跳過配置保存
2025-08-18 15:21:45,379 - VALO360 - DEBUG - 自動保存已禁用，跳過配置保存
2025-08-18 15:21:45,379 - VALO360 - DEBUG - 自動保存已禁用，跳過配置保存
2025-08-18 15:21:45,381 - VALO360 - DEBUG - 自動保存已禁用，跳過配置保存
2025-08-18 15:21:45,381 - VALO360 - DEBUG - 自動保存已禁用，跳過配置保存
2025-08-18 15:21:45,382 - VALO360 - DEBUG - 自動保存已禁用，跳過配置保存
2025-08-18 15:21:45,382 - VALO360 - DEBUG - 自動保存已禁用，跳過配置保存
2025-08-18 15:21:45,385 - VALO360 - DEBUG - 自動保存已禁用，跳過配置保存
2025-08-18 15:21:45,385 - VALO360 - DEBUG - 自動保存已禁用，跳過配置保存
2025-08-18 15:21:45,385 - VALO360 - DEBUG - 自動保存已禁用，跳過配置保存
2025-08-18 15:21:45,386 - VALO360 - DEBUG - 自動保存已禁用，跳過配置保存
2025-08-18 15:21:45,388 - VALO360 - DEBUG - 自動保存已禁用，跳過配置保存
2025-08-18 15:21:45,389 - VALO360 - DEBUG - 自動保存已禁用，跳過配置保存
2025-08-18 15:21:45,389 - VALO360 - DEBUG - 自動保存已禁用，跳過配置保存
2025-08-18 15:21:45,389 - VALO360 - DEBUG - 自動保存已禁用，跳過配置保存
2025-08-18 15:21:45,393 - VALO360 - DEBUG - 自動保存已禁用，跳過配置保存
2025-08-18 15:21:45,393 - VALO360 - DEBUG - 自動保存已禁用，跳過配置保存
2025-08-18 15:21:45,393 - VALO360 - DEBUG - 自動保存已禁用，跳過配置保存
2025-08-18 15:21:45,393 - VALO360 - DEBUG - 自動保存已禁用，跳過配置保存
2025-08-18 15:21:45,395 - VALO360 - DEBUG - 自動保存已禁用，跳過配置保存
2025-08-18 15:21:45,395 - VALO360 - DEBUG - 自動保存已禁用，跳過配置保存
2025-08-18 15:21:45,396 - VALO360 - DEBUG - 自動保存已禁用，跳過配置保存
2025-08-18 15:21:45,396 - VALO360 - DEBUG - 自動保存已禁用，跳過配置保存
2025-08-18 15:21:45,397 - VALO360 - DEBUG - 自動保存已禁用，跳過配置保存
2025-08-18 15:21:45,398 - VALO360 - DEBUG - 自動保存已禁用，跳過配置保存
2025-08-18 15:21:45,398 - VALO360 - DEBUG - 自動保存已禁用，跳過配置保存
2025-08-18 15:21:45,398 - VALO360 - DEBUG - 自動保存已禁用，跳過配置保存
2025-08-18 15:21:45,399 - VALO360 - DEBUG - 自動保存已禁用，跳過配置保存
2025-08-18 15:21:45,400 - VALO360 - DEBUG - 自動保存已禁用，跳過配置保存
2025-08-18 15:21:45,400 - VALO360 - DEBUG - 自動保存已禁用，跳過配置保存
2025-08-18 15:21:45,401 - VALO360 - DEBUG - 自動保存已禁用，跳過配置保存
2025-08-18 15:21:45,402 - VALO360 - DEBUG - 自動保存已禁用，跳過配置保存
2025-08-18 15:21:45,403 - VALO360 - DEBUG - 自動保存已禁用，跳過配置保存
2025-08-18 15:21:45,403 - VALO360 - DEBUG - 自動保存已禁用，跳過配置保存
2025-08-18 15:21:45,403 - VALO360 - DEBUG - 自動保存已禁用，跳過配置保存
2025-08-18 15:21:45,404 - VALO360 - DEBUG - 自動保存已禁用，跳過配置保存
2025-08-18 15:21:45,405 - VALO360 - DEBUG - 自動保存已禁用，跳過配置保存
2025-08-18 15:21:45,405 - VALO360 - DEBUG - 自動保存已禁用，跳過配置保存
2025-08-18 15:21:45,405 - VALO360 - DEBUG - 自動保存已禁用，跳過配置保存
2025-08-18 15:21:45,407 - VALO360 - DEBUG - 自動保存已禁用，跳過配置保存
2025-08-18 15:21:45,407 - VALO360 - DEBUG - 自動保存已禁用，跳過配置保存
2025-08-18 15:21:45,408 - VALO360 - DEBUG - 自動保存已禁用，跳過配置保存
2025-08-18 15:21:45,408 - VALO360 - DEBUG - 自動保存已禁用，跳過配置保存
2025-08-18 15:21:45,409 - VALO360 - DEBUG - 自動保存已禁用，跳過配置保存
2025-08-18 15:21:45,409 - VALO360 - DEBUG - 自動保存已禁用，跳過配置保存
2025-08-18 15:21:45,410 - VALO360 - DEBUG - 自動保存已禁用，跳過配置保存
2025-08-18 15:21:45,410 - VALO360 - DEBUG - 自動保存已禁用，跳過配置保存
2025-08-18 15:21:45,411 - VALO360 - DEBUG - 自動保存已禁用，跳過配置保存
2025-08-18 15:21:45,411 - VALO360 - DEBUG - 自動保存已禁用，跳過配置保存
2025-08-18 15:21:45,411 - VALO360 - DEBUG - 自動保存已禁用，跳過配置保存
2025-08-18 15:21:45,411 - VALO360 - DEBUG - 自動保存已禁用，跳過配置保存
2025-08-18 15:21:45,413 - VALO360 - DEBUG - 自動保存已禁用，跳過配置保存
2025-08-18 15:21:45,413 - VALO360 - DEBUG - 自動保存已禁用，跳過配置保存
2025-08-18 15:21:45,413 - VALO360 - DEBUG - 自動保存已禁用，跳過配置保存
2025-08-18 15:21:45,414 - VALO360 - DEBUG - 自動保存已禁用，跳過配置保存
2025-08-18 15:21:45,414 - VALO360 - DEBUG - 自動保存已禁用，跳過配置保存
2025-08-18 15:21:45,414 - VALO360 - DEBUG - 自動保存已禁用，跳過配置保存
2025-08-18 15:21:45,414 - VALO360 - DEBUG - 自動保存已禁用，跳過配置保存
2025-08-18 15:21:45,417 - VALO360 - DEBUG - 自動保存已禁用，跳過配置保存
2025-08-18 15:21:45,418 - VALO360 - DEBUG - 自動保存已禁用，跳過配置保存
2025-08-18 15:21:45,419 - VALO360 - DEBUG - 自動保存已禁用，跳過配置保存
2025-08-18 15:21:45,419 - VALO360 - DEBUG - 自動保存已禁用，跳過配置保存
2025-08-18 15:21:45,420 - VALO360 - DEBUG - 自動保存已禁用，跳過配置保存
2025-08-18 15:21:45,421 - VALO360 - DEBUG - 自動保存已禁用，跳過配置保存
2025-08-18 15:21:45,421 - VALO360 - DEBUG - 自動保存已禁用，跳過配置保存
2025-08-18 15:21:45,421 - VALO360 - DEBUG - 自動保存已禁用，跳過配置保存
2025-08-18 15:21:45,423 - VALO360 - DEBUG - 自動保存已禁用，跳過配置保存
2025-08-18 15:21:45,423 - VALO360 - DEBUG - 自動保存已禁用，跳過配置保存
2025-08-18 15:21:45,423 - VALO360 - DEBUG - 自動保存已禁用，跳過配置保存
2025-08-18 15:21:45,423 - VALO360 - DEBUG - 自動保存已禁用，跳過配置保存
2025-08-18 15:21:45,423 - VALO360 - DEBUG - 自動保存已禁用，跳過配置保存
2025-08-18 15:21:45,425 - VALO360 - DEBUG - 自動保存已禁用，跳過配置保存
2025-08-18 15:21:45,425 - VALO360 - DEBUG - 自動保存已禁用，跳過配置保存
2025-08-18 15:21:45,425 - VALO360 - DEBUG - 自動保存已禁用，跳過配置保存
2025-08-18 15:21:45,426 - VALO360 - DEBUG - 自動保存已禁用，跳過配置保存
2025-08-18 15:21:45,426 - VALO360 - DEBUG - 自動保存已禁用，跳過配置保存
2025-08-18 15:21:45,427 - VALO360 - DEBUG - 自動保存已禁用，跳過配置保存
2025-08-18 15:21:45,427 - VALO360 - DEBUG - 自動保存已禁用，跳過配置保存
2025-08-18 15:21:45,427 - VALO360 - DEBUG - 自動保存已禁用，跳過配置保存
2025-08-18 15:21:45,429 - VALO360 - DEBUG - 自動保存已禁用，跳過配置保存
2025-08-18 15:21:45,430 - VALO360 - DEBUG - 自動保存已禁用，跳過配置保存
2025-08-18 15:21:45,430 - VALO360 - DEBUG - 自動保存已禁用，跳過配置保存
2025-08-18 15:21:45,430 - VALO360 - DEBUG - 自動保存已禁用，跳過配置保存
2025-08-18 15:21:45,431 - VALO360 - DEBUG - 自動保存已禁用，跳過配置保存
2025-08-18 15:21:45,431 - VALO360 - DEBUG - 自動保存已禁用，跳過配置保存
2025-08-18 15:21:45,431 - VALO360 - DEBUG - 自動保存已禁用，跳過配置保存
2025-08-18 15:21:45,431 - VALO360 - DEBUG - 自動保存已禁用，跳過配置保存
2025-08-18 15:21:45,434 - VALO360 - DEBUG - 自動保存已禁用，跳過配置保存
2025-08-18 15:21:45,434 - VALO360 - DEBUG - 自動保存已禁用，跳過配置保存
2025-08-18 15:21:45,434 - VALO360 - DEBUG - 自動保存已禁用，跳過配置保存
2025-08-18 15:21:45,437 - VALO360 - DEBUG - 自動保存已禁用，跳過配置保存
2025-08-18 15:21:45,438 - VALO360 - DEBUG - 自動保存已禁用，跳過配置保存
2025-08-18 15:21:45,438 - VALO360 - DEBUG - 自動保存已禁用，跳過配置保存
2025-08-18 15:21:45,438 - VALO360 - DEBUG - 自動保存已禁用，跳過配置保存
2025-08-18 15:21:45,438 - VALO360 - DEBUG - 自動保存已禁用，跳過配置保存
2025-08-18 15:21:45,439 - VALO360 - DEBUG - 自動保存已禁用，跳過配置保存
2025-08-18 15:21:45,440 - VALO360 - DEBUG - 自動保存已禁用，跳過配置保存
2025-08-18 15:21:45,440 - VALO360 - DEBUG - 自動保存已禁用，跳過配置保存
2025-08-18 15:21:45,440 - VALO360 - DEBUG - 自動保存已禁用，跳過配置保存
2025-08-18 15:21:45,442 - VALO360 - DEBUG - 自動保存已禁用，跳過配置保存
2025-08-18 15:21:45,442 - VALO360 - DEBUG - 自動保存已禁用，跳過配置保存
2025-08-18 15:21:45,442 - VALO360 - DEBUG - 自動保存已禁用，跳過配置保存
2025-08-18 15:21:45,443 - VALO360 - DEBUG - 自動保存已禁用，跳過配置保存
2025-08-18 15:21:45,443 - VALO360 - DEBUG - 自動保存已禁用，跳過配置保存
2025-08-18 15:21:45,444 - VALO360 - DEBUG - 自動保存已禁用，跳過配置保存
2025-08-18 15:21:45,444 - VALO360 - DEBUG - 自動保存已禁用，跳過配置保存
2025-08-18 15:21:45,445 - VALO360 - DEBUG - 自動保存已禁用，跳過配置保存
2025-08-18 15:21:45,455 - VALO360 - DEBUG - 自動保存已禁用，跳過配置保存
2025-08-18 15:21:45,455 - VALO360 - DEBUG - 自動保存已禁用，跳過配置保存
2025-08-18 15:21:45,457 - VALO360 - DEBUG - 自動保存已禁用，跳過配置保存
2025-08-18 15:21:45,457 - VALO360 - DEBUG - 自動保存已禁用，跳過配置保存
2025-08-18 15:21:45,458 - VALO360 - DEBUG - 自動保存已禁用，跳過配置保存
2025-08-18 15:21:45,458 - VALO360 - DEBUG - 自動保存已禁用，跳過配置保存
2025-08-18 15:21:45,458 - VALO360 - DEBUG - 自動保存已禁用，跳過配置保存
2025-08-18 15:21:45,458 - VALO360 - DEBUG - 自動保存已禁用，跳過配置保存
2025-08-18 15:21:45,460 - VALO360 - DEBUG - 自動保存已禁用，跳過配置保存
2025-08-18 15:21:45,460 - VALO360 - DEBUG - 自動保存已禁用，跳過配置保存
2025-08-18 15:21:45,461 - VALO360 - DEBUG - 自動保存已禁用，跳過配置保存
2025-08-18 15:21:45,461 - VALO360 - DEBUG - 自動保存已禁用，跳過配置保存
2025-08-18 15:21:45,462 - VALO360 - DEBUG - 自動保存已禁用，跳過配置保存
2025-08-18 15:21:45,463 - VALO360 - DEBUG - 自動保存已禁用，跳過配置保存
2025-08-18 15:21:45,463 - VALO360 - DEBUG - 自動保存已禁用，跳過配置保存
2025-08-18 15:21:45,464 - VALO360 - DEBUG - 自動保存已禁用，跳過配置保存
2025-08-18 15:21:45,467 - VALO360 - DEBUG - 自動保存已禁用，跳過配置保存
2025-08-18 15:21:45,467 - VALO360 - DEBUG - 自動保存已禁用，跳過配置保存
2025-08-18 15:21:45,468 - VALO360 - DEBUG - 自動保存已禁用，跳過配置保存
2025-08-18 15:21:45,469 - VALO360 - DEBUG - 自動保存已禁用，跳過配置保存
2025-08-18 15:21:45,470 - VALO360 - DEBUG - 自動保存已禁用，跳過配置保存
2025-08-18 15:21:45,470 - VALO360 - DEBUG - 自動保存已禁用，跳過配置保存
2025-08-18 15:21:45,471 - VALO360 - DEBUG - 自動保存已禁用，跳過配置保存
2025-08-18 15:21:45,471 - VALO360 - DEBUG - 自動保存已禁用，跳過配置保存
2025-08-18 15:21:45,472 - VALO360 - DEBUG - 自動保存已禁用，跳過配置保存
2025-08-18 15:21:45,472 - VALO360 - DEBUG - 自動保存已禁用，跳過配置保存
2025-08-18 15:21:45,472 - VALO360 - DEBUG - 自動保存已禁用，跳過配置保存
2025-08-18 15:21:45,474 - VALO360 - DEBUG - 自動保存已禁用，跳過配置保存
2025-08-18 15:21:45,475 - VALO360 - DEBUG - 自動保存已禁用，跳過配置保存
2025-08-18 15:21:45,475 - VALO360 - DEBUG - 自動保存已禁用，跳過配置保存
2025-08-18 15:21:45,475 - VALO360 - DEBUG - 自動保存已禁用，跳過配置保存
2025-08-18 15:21:45,476 - VALO360 - DEBUG - 自動保存已禁用，跳過配置保存
2025-08-18 15:21:45,476 - VALO360 - DEBUG - 自動保存已禁用，跳過配置保存
2025-08-18 15:21:45,477 - VALO360 - DEBUG - 自動保存已禁用，跳過配置保存
2025-08-18 15:21:45,477 - VALO360 - DEBUG - 自動保存已禁用，跳過配置保存
2025-08-18 15:21:45,477 - VALO360 - DEBUG - 自動保存已禁用，跳過配置保存
2025-08-18 15:21:45,478 - VALO360 - DEBUG - 自動保存已禁用，跳過配置保存
2025-08-18 15:21:45,478 - VALO360 - DEBUG - 自動保存已禁用，跳過配置保存
2025-08-18 15:21:45,479 - VALO360 - DEBUG - 自動保存已禁用，跳過配置保存
2025-08-18 15:21:45,479 - VALO360 - DEBUG - 自動保存已禁用，跳過配置保存
2025-08-18 15:21:45,482 - VALO360 - DEBUG - 自動保存已禁用，跳過配置保存
2025-08-18 15:21:45,482 - VALO360 - DEBUG - 自動保存已禁用，跳過配置保存
2025-08-18 15:21:45,482 - VALO360 - DEBUG - 自動保存已禁用，跳過配置保存
2025-08-18 15:21:45,483 - VALO360 - DEBUG - 自動保存已禁用，跳過配置保存
2025-08-18 15:21:45,484 - VALO360 - DEBUG - 自動保存已禁用，跳過配置保存
2025-08-18 15:21:45,484 - VALO360 - DEBUG - 自動保存已禁用，跳過配置保存
2025-08-18 15:21:45,485 - VALO360 - DEBUG - 自動保存已禁用，跳過配置保存
2025-08-18 15:21:45,485 - VALO360 - DEBUG - 自動保存已禁用，跳過配置保存
2025-08-18 15:21:45,486 - VALO360 - DEBUG - 自動保存已禁用，跳過配置保存
2025-08-18 15:21:45,487 - VALO360 - DEBUG - 自動保存已禁用，跳過配置保存
2025-08-18 15:21:45,487 - VALO360 - DEBUG - 自動保存已禁用，跳過配置保存
2025-08-18 15:21:45,487 - VALO360 - DEBUG - 自動保存已禁用，跳過配置保存
2025-08-18 15:21:45,487 - VALO360 - DEBUG - 自動保存已禁用，跳過配置保存
2025-08-18 15:21:45,487 - VALO360 - DEBUG - 自動保存已禁用，跳過配置保存
2025-08-18 15:21:45,487 - VALO360 - DEBUG - 自動保存已禁用，跳過配置保存
2025-08-18 15:21:45,490 - VALO360 - DEBUG - 自動保存已禁用，跳過配置保存
2025-08-18 15:21:45,491 - VALO360 - DEBUG - 自動保存已禁用，跳過配置保存
2025-08-18 15:21:45,491 - VALO360 - DEBUG - 自動保存已禁用，跳過配置保存
2025-08-18 15:21:45,491 - VALO360 - DEBUG - 自動保存已禁用，跳過配置保存
2025-08-18 15:21:45,491 - VALO360 - DEBUG - 自動保存已禁用，跳過配置保存
2025-08-18 15:21:45,499 - VALO360 - DEBUG - 自動保存已禁用，跳過配置保存
2025-08-18 15:21:45,499 - VALO360 - DEBUG - 自動保存已禁用，跳過配置保存
2025-08-18 15:21:45,499 - VALO360 - DEBUG - 自動保存已禁用，跳過配置保存
2025-08-18 15:21:45,500 - VALO360 - DEBUG - 自動保存已禁用，跳過配置保存
2025-08-18 15:21:45,502 - VALO360 - DEBUG - 自動保存已禁用，跳過配置保存
2025-08-18 15:21:45,502 - VALO360 - DEBUG - 自動保存已禁用，跳過配置保存
2025-08-18 15:21:45,503 - VALO360 - DEBUG - 自動保存已禁用，跳過配置保存
2025-08-18 15:21:45,503 - VALO360 - DEBUG - 自動保存已禁用，跳過配置保存
2025-08-18 15:21:45,505 - VALO360 - DEBUG - 自動保存已禁用，跳過配置保存
2025-08-18 15:21:45,505 - VALO360 - DEBUG - 自動保存已禁用，跳過配置保存
2025-08-18 15:21:45,505 - VALO360 - DEBUG - 自動保存已禁用，跳過配置保存
2025-08-18 15:21:45,505 - VALO360 - DEBUG - 自動保存已禁用，跳過配置保存
2025-08-18 15:21:45,621 - VALO360 - DEBUG - 自動保存已禁用，跳過配置保存
2025-08-18 15:21:45,621 - VALO360 - DEBUG - 自動保存已禁用，跳過配置保存
2025-08-18 15:21:45,621 - VALO360 - DEBUG - 自動保存已禁用，跳過配置保存
2025-08-18 15:21:45,621 - VALO360 - DEBUG - 自動保存已禁用，跳過配置保存
2025-08-18 15:21:45,621 - VALO360 - DEBUG - 自動保存已禁用，跳過配置保存
2025-08-18 15:21:45,624 - VALO360 - DEBUG - 自動保存已禁用，跳過配置保存
2025-08-18 15:21:45,624 - VALO360 - DEBUG - 自動保存已禁用，跳過配置保存
2025-08-18 15:21:45,624 - VALO360 - DEBUG - 自動保存已禁用，跳過配置保存
2025-08-18 15:21:45,626 - VALO360 - DEBUG - 自動保存已禁用，跳過配置保存
2025-08-18 15:21:45,626 - VALO360 - DEBUG - 自動保存已禁用，跳過配置保存
2025-08-18 15:21:45,626 - VALO360 - DEBUG - 自動保存已禁用，跳過配置保存
2025-08-18 15:21:45,627 - VALO360 - DEBUG - 自動保存已禁用，跳過配置保存
2025-08-18 15:21:45,628 - VALO360 - DEBUG - 自動保存已禁用，跳過配置保存
2025-08-18 15:21:45,628 - VALO360 - DEBUG - 自動保存已禁用，跳過配置保存
2025-08-18 15:21:45,628 - VALO360 - DEBUG - 自動保存已禁用，跳過配置保存
2025-08-18 15:21:45,628 - VALO360 - DEBUG - 自動保存已禁用，跳過配置保存
2025-08-18 15:21:45,629 - VALO360 - DEBUG - 自動保存已禁用，跳過配置保存
2025-08-18 15:21:45,630 - VALO360 - DEBUG - 自動保存已禁用，跳過配置保存
2025-08-18 15:21:45,630 - VALO360 - DEBUG - 自動保存已禁用，跳過配置保存
2025-08-18 15:21:45,631 - VALO360 - DEBUG - 自動保存已禁用，跳過配置保存
2025-08-18 15:21:45,632 - VALO360 - DEBUG - 自動保存已禁用，跳過配置保存
2025-08-18 15:21:45,632 - VALO360 - DEBUG - 自動保存已禁用，跳過配置保存
2025-08-18 15:21:45,633 - VALO360 - DEBUG - 自動保存已禁用，跳過配置保存
2025-08-18 15:21:45,633 - VALO360 - DEBUG - 自動保存已禁用，跳過配置保存
2025-08-18 15:21:45,634 - VALO360 - DEBUG - 自動保存已禁用，跳過配置保存
2025-08-18 15:21:45,634 - VALO360 - DEBUG - 自動保存已禁用，跳過配置保存
2025-08-18 15:21:45,635 - VALO360 - DEBUG - 自動保存已禁用，跳過配置保存
2025-08-18 15:21:45,635 - VALO360 - DEBUG - 自動保存已禁用，跳過配置保存
2025-08-18 15:21:45,637 - VALO360 - DEBUG - 自動保存已禁用，跳過配置保存
2025-08-18 15:21:45,637 - VALO360 - DEBUG - 自動保存已禁用，跳過配置保存
2025-08-18 15:21:45,638 - VALO360 - DEBUG - 自動保存已禁用，跳過配置保存
2025-08-18 15:21:45,638 - VALO360 - DEBUG - 自動保存已禁用，跳過配置保存
2025-08-18 15:21:45,639 - VALO360 - DEBUG - 自動保存已禁用，跳過配置保存
2025-08-18 15:21:45,639 - VALO360 - DEBUG - 自動保存已禁用，跳過配置保存
2025-08-18 15:21:45,639 - VALO360 - DEBUG - 自動保存已禁用，跳過配置保存
2025-08-18 15:21:45,640 - VALO360 - DEBUG - 自動保存已禁用，跳過配置保存
2025-08-18 15:21:45,641 - VALO360 - DEBUG - 自動保存已禁用，跳過配置保存
2025-08-18 15:21:45,641 - VALO360 - DEBUG - 自動保存已禁用，跳過配置保存
2025-08-18 15:21:45,642 - VALO360 - DEBUG - 自動保存已禁用，跳過配置保存
2025-08-18 15:21:45,642 - VALO360 - DEBUG - 自動保存已禁用，跳過配置保存
2025-08-18 15:21:45,645 - VALO360 - DEBUG - 自動保存已禁用，跳過配置保存
2025-08-18 15:21:45,646 - VALO360 - DEBUG - 自動保存已禁用，跳過配置保存
2025-08-18 15:21:45,646 - VALO360 - DEBUG - 自動保存已禁用，跳過配置保存
2025-08-18 15:21:45,646 - VALO360 - DEBUG - 自動保存已禁用，跳過配置保存
2025-08-18 15:21:49,579 - VALO360 - DEBUG - 自動保存已禁用，跳過配置保存
2025-08-18 15:21:49,581 - VALO360 - DEBUG - 自動保存已禁用，跳過配置保存
2025-08-18 15:21:49,581 - VALO360 - DEBUG - 自動保存已禁用，跳過配置保存
2025-08-18 15:21:49,581 - VALO360 - DEBUG - 自動保存已禁用，跳過配置保存
2025-08-18 15:21:49,581 - VALO360 - DEBUG - 自動保存已禁用，跳過配置保存
2025-08-18 15:21:49,581 - VALO360 - DEBUG - 自動保存已禁用，跳過配置保存
2025-08-18 15:21:49,581 - VALO360 - DEBUG - 自動保存已禁用，跳過配置保存
2025-08-18 15:21:49,581 - VALO360 - DEBUG - 自動保存已禁用，跳過配置保存
2025-08-18 15:21:49,596 - VALO360 - DEBUG - 自動保存已禁用，跳過配置保存
2025-08-18 15:21:49,596 - VALO360 - DEBUG - 自動保存已禁用，跳過配置保存
2025-08-18 15:21:49,598 - VALO360 - DEBUG - 自動保存已禁用，跳過配置保存
2025-08-18 15:21:49,598 - VALO360 - DEBUG - 自動保存已禁用，跳過配置保存
2025-08-18 15:21:49,601 - VALO360 - DEBUG - 自動保存已禁用，跳過配置保存
2025-08-18 15:21:49,601 - VALO360 - DEBUG - 自動保存已禁用，跳過配置保存
2025-08-18 15:21:49,601 - VALO360 - DEBUG - 自動保存已禁用，跳過配置保存
2025-08-18 15:21:49,603 - VALO360 - DEBUG - 自動保存已禁用，跳過配置保存
2025-08-18 15:21:49,603 - VALO360 - DEBUG - 自動保存已禁用，跳過配置保存
2025-08-18 15:21:49,605 - VALO360 - DEBUG - 自動保存已禁用，跳過配置保存
2025-08-18 15:21:49,605 - VALO360 - DEBUG - 自動保存已禁用，跳過配置保存
2025-08-18 15:21:49,605 - VALO360 - DEBUG - 自動保存已禁用，跳過配置保存
2025-08-18 15:21:49,610 - VALO360 - DEBUG - 自動保存已禁用，跳過配置保存
2025-08-18 15:21:49,611 - VALO360 - DEBUG - 自動保存已禁用，跳過配置保存
2025-08-18 15:21:49,611 - VALO360 - DEBUG - 自動保存已禁用，跳過配置保存
2025-08-18 15:21:49,612 - VALO360 - DEBUG - 自動保存已禁用，跳過配置保存
2025-08-18 15:21:49,614 - VALO360 - DEBUG - 自動保存已禁用，跳過配置保存
2025-08-18 15:21:49,614 - VALO360 - DEBUG - 自動保存已禁用，跳過配置保存
2025-08-18 15:21:49,615 - VALO360 - DEBUG - 自動保存已禁用，跳過配置保存
2025-08-18 15:21:49,615 - VALO360 - DEBUG - 自動保存已禁用，跳過配置保存
2025-08-18 15:21:49,623 - VALO360 - DEBUG - 自動保存已禁用，跳過配置保存
2025-08-18 15:21:49,623 - VALO360 - DEBUG - 自動保存已禁用，跳過配置保存
2025-08-18 15:21:49,624 - VALO360 - DEBUG - 自動保存已禁用，跳過配置保存
2025-08-18 15:21:49,624 - VALO360 - DEBUG - 自動保存已禁用，跳過配置保存
2025-08-18 15:21:49,626 - VALO360 - DEBUG - 自動保存已禁用，跳過配置保存
2025-08-18 15:21:49,627 - VALO360 - DEBUG - 自動保存已禁用，跳過配置保存
2025-08-18 15:21:49,627 - VALO360 - DEBUG - 自動保存已禁用，跳過配置保存
2025-08-18 15:21:49,628 - VALO360 - DEBUG - 自動保存已禁用，跳過配置保存
2025-08-18 15:21:49,630 - VALO360 - DEBUG - 自動保存已禁用，跳過配置保存
2025-08-18 15:21:49,630 - VALO360 - DEBUG - 自動保存已禁用，跳過配置保存
2025-08-18 15:21:49,631 - VALO360 - DEBUG - 自動保存已禁用，跳過配置保存
2025-08-18 15:21:49,631 - VALO360 - DEBUG - 自動保存已禁用，跳過配置保存
2025-08-18 15:21:49,634 - VALO360 - DEBUG - 自動保存已禁用，跳過配置保存
2025-08-18 15:21:49,634 - VALO360 - DEBUG - 自動保存已禁用，跳過配置保存
2025-08-18 15:21:49,635 - VALO360 - DEBUG - 自動保存已禁用，跳過配置保存
2025-08-18 15:21:49,635 - VALO360 - DEBUG - 自動保存已禁用，跳過配置保存
2025-08-18 15:21:49,635 - VALO360 - DEBUG - 自動保存已禁用，跳過配置保存
2025-08-18 15:21:49,635 - VALO360 - DEBUG - 自動保存已禁用，跳過配置保存
2025-08-18 15:21:49,635 - VALO360 - DEBUG - 自動保存已禁用，跳過配置保存
2025-08-18 15:21:49,635 - VALO360 - DEBUG - 自動保存已禁用，跳過配置保存
2025-08-18 15:21:49,641 - VALO360 - DEBUG - 自動保存已禁用，跳過配置保存
2025-08-18 15:21:49,642 - VALO360 - DEBUG - 自動保存已禁用，跳過配置保存
2025-08-18 15:21:49,642 - VALO360 - DEBUG - 自動保存已禁用，跳過配置保存
2025-08-18 15:21:49,642 - VALO360 - DEBUG - 自動保存已禁用，跳過配置保存
2025-08-18 15:21:49,645 - VALO360 - DEBUG - 自動保存已禁用，跳過配置保存
2025-08-18 15:21:49,645 - VALO360 - DEBUG - 自動保存已禁用，跳過配置保存
2025-08-18 15:21:49,645 - VALO360 - DEBUG - 自動保存已禁用，跳過配置保存
2025-08-18 15:21:49,645 - VALO360 - DEBUG - 自動保存已禁用，跳過配置保存
2025-08-18 15:21:49,651 - VALO360 - DEBUG - 自動保存已禁用，跳過配置保存
2025-08-18 15:21:49,651 - VALO360 - DEBUG - 自動保存已禁用，跳過配置保存
2025-08-18 15:21:49,651 - VALO360 - DEBUG - 自動保存已禁用，跳過配置保存
2025-08-18 15:21:49,651 - VALO360 - DEBUG - 自動保存已禁用，跳過配置保存
2025-08-18 15:21:49,658 - VALO360 - DEBUG - 自動保存已禁用，跳過配置保存
2025-08-18 15:21:49,658 - VALO360 - DEBUG - 自動保存已禁用，跳過配置保存
2025-08-18 15:21:49,658 - VALO360 - DEBUG - 自動保存已禁用，跳過配置保存
2025-08-18 15:21:49,658 - VALO360 - DEBUG - 自動保存已禁用，跳過配置保存
2025-08-18 15:21:49,662 - VALO360 - DEBUG - 自動保存已禁用，跳過配置保存
2025-08-18 15:21:49,662 - VALO360 - DEBUG - 自動保存已禁用，跳過配置保存
2025-08-18 15:21:49,662 - VALO360 - DEBUG - 自動保存已禁用，跳過配置保存
2025-08-18 15:21:49,662 - VALO360 - DEBUG - 自動保存已禁用，跳過配置保存
2025-08-18 15:21:49,666 - VALO360 - DEBUG - 自動保存已禁用，跳過配置保存
2025-08-18 15:21:49,668 - VALO360 - DEBUG - 自動保存已禁用，跳過配置保存
2025-08-18 15:21:49,668 - VALO360 - DEBUG - 自動保存已禁用，跳過配置保存
2025-08-18 15:21:49,668 - VALO360 - DEBUG - 自動保存已禁用，跳過配置保存
2025-08-18 15:21:49,672 - VALO360 - DEBUG - 自動保存已禁用，跳過配置保存
2025-08-18 15:21:49,672 - VALO360 - DEBUG - 自動保存已禁用，跳過配置保存
2025-08-18 15:21:49,672 - VALO360 - DEBUG - 自動保存已禁用，跳過配置保存
2025-08-18 15:21:49,672 - VALO360 - DEBUG - 自動保存已禁用，跳過配置保存
2025-08-18 15:21:49,676 - VALO360 - DEBUG - 自動保存已禁用，跳過配置保存
2025-08-18 15:21:49,676 - VALO360 - DEBUG - 自動保存已禁用，跳過配置保存
2025-08-18 15:21:49,676 - VALO360 - DEBUG - 自動保存已禁用，跳過配置保存
2025-08-18 15:21:49,679 - VALO360 - DEBUG - 自動保存已禁用，跳過配置保存
2025-08-18 15:21:49,682 - VALO360 - DEBUG - 自動保存已禁用，跳過配置保存
2025-08-18 15:21:49,684 - VALO360 - DEBUG - 自動保存已禁用，跳過配置保存
2025-08-18 15:21:49,684 - VALO360 - DEBUG - 自動保存已禁用，跳過配置保存
2025-08-18 15:21:49,684 - VALO360 - DEBUG - 自動保存已禁用，跳過配置保存
2025-08-18 15:21:49,684 - VALO360 - DEBUG - 自動保存已禁用，跳過配置保存
2025-08-18 15:21:49,689 - VALO360 - DEBUG - 自動保存已禁用，跳過配置保存
2025-08-18 15:21:49,689 - VALO360 - DEBUG - 自動保存已禁用，跳過配置保存
2025-08-18 15:21:49,689 - VALO360 - DEBUG - 自動保存已禁用，跳過配置保存
2025-08-18 15:21:49,692 - VALO360 - DEBUG - 自動保存已禁用，跳過配置保存
2025-08-18 15:21:49,693 - VALO360 - DEBUG - 自動保存已禁用，跳過配置保存
2025-08-18 15:21:49,693 - VALO360 - DEBUG - 自動保存已禁用，跳過配置保存
2025-08-18 15:21:49,693 - VALO360 - DEBUG - 自動保存已禁用，跳過配置保存
2025-08-18 15:21:49,696 - VALO360 - DEBUG - 自動保存已禁用，跳過配置保存
2025-08-18 15:21:49,696 - VALO360 - DEBUG - 自動保存已禁用，跳過配置保存
2025-08-18 15:21:49,696 - VALO360 - DEBUG - 自動保存已禁用，跳過配置保存
2025-08-18 15:21:49,696 - VALO360 - DEBUG - 自動保存已禁用，跳過配置保存
2025-08-18 15:21:49,696 - VALO360 - DEBUG - 自動保存已禁用，跳過配置保存
2025-08-18 15:21:49,700 - VALO360 - DEBUG - 自動保存已禁用，跳過配置保存
2025-08-18 15:21:49,700 - VALO360 - DEBUG - 自動保存已禁用，跳過配置保存
2025-08-18 15:21:49,700 - VALO360 - DEBUG - 自動保存已禁用，跳過配置保存
2025-08-18 15:21:49,702 - VALO360 - DEBUG - 自動保存已禁用，跳過配置保存
2025-08-18 15:21:49,702 - VALO360 - DEBUG - 自動保存已禁用，跳過配置保存
2025-08-18 15:21:49,702 - VALO360 - DEBUG - 自動保存已禁用，跳過配置保存
2025-08-18 15:21:49,702 - VALO360 - DEBUG - 自動保存已禁用，跳過配置保存
2025-08-18 15:21:49,710 - VALO360 - DEBUG - 自動保存已禁用，跳過配置保存
2025-08-18 15:21:49,710 - VALO360 - DEBUG - 自動保存已禁用，跳過配置保存
2025-08-18 15:21:49,710 - VALO360 - DEBUG - 自動保存已禁用，跳過配置保存
2025-08-18 15:21:49,710 - VALO360 - DEBUG - 自動保存已禁用，跳過配置保存
2025-08-18 15:21:49,714 - VALO360 - DEBUG - 自動保存已禁用，跳過配置保存
2025-08-18 15:21:49,714 - VALO360 - DEBUG - 自動保存已禁用，跳過配置保存
2025-08-18 15:21:49,714 - VALO360 - DEBUG - 自動保存已禁用，跳過配置保存
2025-08-18 15:21:49,714 - VALO360 - DEBUG - 自動保存已禁用，跳過配置保存
2025-08-18 15:21:49,714 - VALO360 - DEBUG - 自動保存已禁用，跳過配置保存
2025-08-18 15:21:49,714 - VALO360 - DEBUG - 自動保存已禁用，跳過配置保存
2025-08-18 15:21:49,714 - VALO360 - DEBUG - 自動保存已禁用，跳過配置保存
2025-08-18 15:21:49,714 - VALO360 - DEBUG - 自動保存已禁用，跳過配置保存
2025-08-18 15:21:49,725 - VALO360 - DEBUG - 自動保存已禁用，跳過配置保存
2025-08-18 15:21:49,725 - VALO360 - DEBUG - 自動保存已禁用，跳過配置保存
2025-08-18 15:21:49,725 - VALO360 - DEBUG - 自動保存已禁用，跳過配置保存
2025-08-18 15:21:49,725 - VALO360 - DEBUG - 自動保存已禁用，跳過配置保存
2025-08-18 15:21:49,727 - VALO360 - DEBUG - 自動保存已禁用，跳過配置保存
2025-08-18 15:21:49,727 - VALO360 - DEBUG - 自動保存已禁用，跳過配置保存
2025-08-18 15:21:49,729 - VALO360 - DEBUG - 自動保存已禁用，跳過配置保存
2025-08-18 15:21:49,729 - VALO360 - DEBUG - 自動保存已禁用，跳過配置保存
2025-08-18 15:21:49,731 - VALO360 - DEBUG - 自動保存已禁用，跳過配置保存
2025-08-18 15:21:49,731 - VALO360 - DEBUG - 自動保存已禁用，跳過配置保存
2025-08-18 15:21:49,731 - VALO360 - DEBUG - 自動保存已禁用，跳過配置保存
2025-08-18 15:21:49,731 - VALO360 - DEBUG - 自動保存已禁用，跳過配置保存
2025-08-18 15:21:49,733 - VALO360 - DEBUG - 自動保存已禁用，跳過配置保存
2025-08-18 15:21:49,733 - VALO360 - DEBUG - 自動保存已禁用，跳過配置保存
2025-08-18 15:21:49,733 - VALO360 - DEBUG - 自動保存已禁用，跳過配置保存
2025-08-18 15:21:49,733 - VALO360 - DEBUG - 自動保存已禁用，跳過配置保存
2025-08-18 15:21:49,733 - VALO360 - DEBUG - 自動保存已禁用，跳過配置保存
2025-08-18 15:21:49,733 - VALO360 - DEBUG - 自動保存已禁用，跳過配置保存
2025-08-18 15:21:49,733 - VALO360 - DEBUG - 自動保存已禁用，跳過配置保存
2025-08-18 15:21:49,733 - VALO360 - DEBUG - 自動保存已禁用，跳過配置保存
2025-08-18 15:21:49,733 - VALO360 - DEBUG - 自動保存已禁用，跳過配置保存
2025-08-18 15:21:49,742 - VALO360 - DEBUG - 自動保存已禁用，跳過配置保存
2025-08-18 15:21:49,742 - VALO360 - DEBUG - 自動保存已禁用，跳過配置保存
2025-08-18 15:21:49,743 - VALO360 - DEBUG - 自動保存已禁用，跳過配置保存
2025-08-18 15:21:49,743 - VALO360 - DEBUG - 自動保存已禁用，跳過配置保存
2025-08-18 15:21:49,743 - VALO360 - DEBUG - 自動保存已禁用，跳過配置保存
2025-08-18 15:21:49,746 - VALO360 - DEBUG - 自動保存已禁用，跳過配置保存
2025-08-18 15:21:49,746 - VALO360 - DEBUG - 自動保存已禁用，跳過配置保存
2025-08-18 15:21:49,754 - VALO360 - DEBUG - 自動保存已禁用，跳過配置保存
2025-08-18 15:21:49,754 - VALO360 - DEBUG - 自動保存已禁用，跳過配置保存
2025-08-18 15:21:49,754 - VALO360 - DEBUG - 自動保存已禁用，跳過配置保存
2025-08-18 15:21:49,754 - VALO360 - DEBUG - 自動保存已禁用，跳過配置保存
2025-08-18 15:21:49,754 - VALO360 - DEBUG - 自動保存已禁用，跳過配置保存
2025-08-18 15:21:49,754 - VALO360 - DEBUG - 自動保存已禁用，跳過配置保存
2025-08-18 15:21:49,754 - VALO360 - DEBUG - 自動保存已禁用，跳過配置保存
2025-08-18 15:21:49,754 - VALO360 - DEBUG - 自動保存已禁用，跳過配置保存
2025-08-18 15:21:49,754 - VALO360 - DEBUG - 自動保存已禁用，跳過配置保存
2025-08-18 15:21:49,754 - VALO360 - DEBUG - 自動保存已禁用，跳過配置保存
2025-08-18 15:21:49,763 - VALO360 - DEBUG - 自動保存已禁用，跳過配置保存
2025-08-18 15:21:49,763 - VALO360 - DEBUG - 自動保存已禁用，跳過配置保存
2025-08-18 15:21:49,770 - VALO360 - DEBUG - 自動保存已禁用，跳過配置保存
2025-08-18 15:21:49,770 - VALO360 - DEBUG - 自動保存已禁用，跳過配置保存
2025-08-18 15:21:49,770 - VALO360 - DEBUG - 自動保存已禁用，跳過配置保存
2025-08-18 15:21:49,770 - VALO360 - DEBUG - 自動保存已禁用，跳過配置保存
2025-08-18 15:21:49,776 - VALO360 - DEBUG - 自動保存已禁用，跳過配置保存
2025-08-18 15:21:49,776 - VALO360 - DEBUG - 自動保存已禁用，跳過配置保存
2025-08-18 15:21:49,776 - VALO360 - DEBUG - 自動保存已禁用，跳過配置保存
2025-08-18 15:21:49,776 - VALO360 - DEBUG - 自動保存已禁用，跳過配置保存
2025-08-18 15:21:49,776 - VALO360 - DEBUG - 自動保存已禁用，跳過配置保存
2025-08-18 15:21:49,776 - VALO360 - DEBUG - 自動保存已禁用，跳過配置保存
2025-08-18 15:21:49,776 - VALO360 - DEBUG - 自動保存已禁用，跳過配置保存
2025-08-18 15:21:49,776 - VALO360 - DEBUG - 自動保存已禁用，跳過配置保存
2025-08-18 15:21:49,776 - VALO360 - DEBUG - 自動保存已禁用，跳過配置保存
2025-08-18 15:21:49,776 - VALO360 - DEBUG - 自動保存已禁用，跳過配置保存
2025-08-18 15:21:49,785 - VALO360 - DEBUG - 自動保存已禁用，跳過配置保存
2025-08-18 15:21:49,785 - VALO360 - DEBUG - 自動保存已禁用，跳過配置保存
2025-08-18 15:21:49,787 - VALO360 - DEBUG - 自動保存已禁用，跳過配置保存
2025-08-18 15:21:49,787 - VALO360 - DEBUG - 自動保存已禁用，跳過配置保存
2025-08-18 15:21:49,787 - VALO360 - DEBUG - 自動保存已禁用，跳過配置保存
2025-08-18 15:21:49,787 - VALO360 - DEBUG - 自動保存已禁用，跳過配置保存
2025-08-18 15:21:49,787 - VALO360 - DEBUG - 自動保存已禁用，跳過配置保存
2025-08-18 15:21:49,787 - VALO360 - DEBUG - 自動保存已禁用，跳過配置保存
2025-08-18 15:21:49,787 - VALO360 - DEBUG - 自動保存已禁用，跳過配置保存
2025-08-18 15:21:49,787 - VALO360 - DEBUG - 自動保存已禁用，跳過配置保存
2025-08-18 15:21:49,795 - VALO360 - DEBUG - 自動保存已禁用，跳過配置保存
2025-08-18 15:21:49,795 - VALO360 - DEBUG - 自動保存已禁用，跳過配置保存
2025-08-18 15:21:49,795 - VALO360 - DEBUG - 自動保存已禁用，跳過配置保存
2025-08-18 15:21:49,796 - VALO360 - DEBUG - 自動保存已禁用，跳過配置保存
2025-08-18 15:21:49,796 - VALO360 - DEBUG - 自動保存已禁用，跳過配置保存
2025-08-18 15:21:49,796 - VALO360 - DEBUG - 自動保存已禁用，跳過配置保存
2025-08-18 15:21:49,796 - VALO360 - DEBUG - 自動保存已禁用，跳過配置保存
2025-08-18 15:21:49,796 - VALO360 - DEBUG - 自動保存已禁用，跳過配置保存
2025-08-18 15:21:52,339 - VALO360 - DEBUG - 自動保存已禁用，跳過配置保存
2025-08-18 15:21:52,339 - VALO360 - DEBUG - 自動保存已禁用，跳過配置保存
2025-08-18 15:21:52,339 - VALO360 - DEBUG - 自動保存已禁用，跳過配置保存
2025-08-18 15:21:52,339 - VALO360 - DEBUG - 自動保存已禁用，跳過配置保存
2025-08-18 15:22:09,850 - VALO360 - DEBUG - 自動保存已禁用，跳過配置保存
2025-08-18 15:22:09,850 - VALO360 - DEBUG - 自動保存已禁用，跳過配置保存
2025-08-18 15:22:09,850 - VALO360 - DEBUG - 自動保存已禁用，跳過配置保存
2025-08-18 15:22:09,850 - VALO360 - DEBUG - 自動保存已禁用，跳過配置保存
2025-08-18 15:22:12,350 - VALO360 - DEBUG - 自動保存已禁用，跳過配置保存
2025-08-18 15:22:12,351 - VALO360 - DEBUG - 配置已備份至: backup\setup_backup_20250818_152212.json
2025-08-18 15:22:12,353 - VALO360 - DEBUG - 已刪除舊備份: backup\setup_backup_20250817_124023.json
2025-08-18 15:22:12,353 - VALO360 - DEBUG - 配置保存成功
2025-08-18 15:22:12,353 - VALO360 - DEBUG - 自動保存已禁用，跳過配置保存
2025-08-18 15:22:12,357 - VALO360 - DEBUG - 自動保存已禁用，跳過配置保存
2025-08-18 15:22:12,380 - VALO360 - DEBUG - 自動保存已禁用，跳過配置保存
2025-08-18 15:22:12,380 - VALO360 - DEBUG - 自動保存已禁用，跳過配置保存
2025-08-18 15:22:12,380 - VALO360 - DEBUG - 自動保存已禁用，跳過配置保存
2025-08-18 15:22:12,380 - VALO360 - DEBUG - 自動保存已禁用，跳過配置保存
2025-08-18 15:22:12,422 - VALO360 - DEBUG - 自動保存已禁用，跳過配置保存
2025-08-18 15:22:12,422 - VALO360 - DEBUG - 自動保存已禁用，跳過配置保存
2025-08-18 15:22:12,422 - VALO360 - DEBUG - 自動保存已禁用，跳過配置保存
2025-08-18 15:22:12,422 - VALO360 - DEBUG - 自動保存已禁用，跳過配置保存
2025-08-18 15:22:12,422 - VALO360 - DEBUG - 自動保存已禁用，跳過配置保存
2025-08-18 15:22:12,422 - VALO360 - DEBUG - 自動保存已禁用，跳過配置保存
2025-08-18 15:22:12,422 - VALO360 - DEBUG - 自動保存已禁用，跳過配置保存
2025-08-18 15:22:12,422 - VALO360 - DEBUG - 自動保存已禁用，跳過配置保存
2025-08-18 15:22:12,422 - VALO360 - DEBUG - 自動保存已禁用，跳過配置保存
2025-08-18 15:22:12,422 - VALO360 - DEBUG - 自動保存已禁用，跳過配置保存
2025-08-18 15:22:12,431 - VALO360 - DEBUG - 自動保存已禁用，跳過配置保存
2025-08-18 15:22:12,431 - VALO360 - DEBUG - 自動保存已禁用，跳過配置保存
2025-08-18 15:22:12,431 - VALO360 - DEBUG - 自動保存已禁用，跳過配置保存
2025-08-18 15:22:12,431 - VALO360 - DEBUG - 自動保存已禁用，跳過配置保存
2025-08-18 15:22:12,431 - VALO360 - DEBUG - 自動保存已禁用，跳過配置保存
2025-08-18 15:22:12,431 - VALO360 - DEBUG - 自動保存已禁用，跳過配置保存
2025-08-18 15:22:12,441 - VALO360 - DEBUG - 自動保存已禁用，跳過配置保存
2025-08-18 15:22:12,441 - VALO360 - DEBUG - 自動保存已禁用，跳過配置保存
2025-08-18 15:22:12,441 - VALO360 - DEBUG - 自動保存已禁用，跳過配置保存
2025-08-18 15:22:12,441 - VALO360 - DEBUG - 自動保存已禁用，跳過配置保存
2025-08-18 15:22:12,441 - VALO360 - DEBUG - 自動保存已禁用，跳過配置保存
2025-08-18 15:22:12,447 - VALO360 - DEBUG - 自動保存已禁用，跳過配置保存
2025-08-18 15:22:12,447 - VALO360 - DEBUG - 自動保存已禁用，跳過配置保存
2025-08-18 15:22:12,447 - VALO360 - DEBUG - 自動保存已禁用，跳過配置保存
2025-08-18 15:22:12,447 - VALO360 - DEBUG - 自動保存已禁用，跳過配置保存
2025-08-18 15:22:12,447 - VALO360 - DEBUG - 自動保存已禁用，跳過配置保存
2025-08-18 15:22:12,450 - VALO360 - DEBUG - 自動保存已禁用，跳過配置保存
2025-08-18 15:22:12,450 - VALO360 - DEBUG - 自動保存已禁用，跳過配置保存
2025-08-18 15:22:12,452 - VALO360 - DEBUG - 自動保存已禁用，跳過配置保存
2025-08-18 15:22:12,452 - VALO360 - DEBUG - 自動保存已禁用，跳過配置保存
2025-08-18 15:22:12,452 - VALO360 - DEBUG - 自動保存已禁用，跳過配置保存
2025-08-18 15:22:12,452 - VALO360 - DEBUG - 自動保存已禁用，跳過配置保存
2025-08-18 15:22:12,452 - VALO360 - DEBUG - 自動保存已禁用，跳過配置保存
2025-08-18 15:22:12,452 - VALO360 - DEBUG - 自動保存已禁用，跳過配置保存
2025-08-18 15:22:12,452 - VALO360 - DEBUG - 自動保存已禁用，跳過配置保存
2025-08-18 15:22:12,452 - VALO360 - DEBUG - 自動保存已禁用，跳過配置保存
2025-08-18 15:22:12,452 - VALO360 - DEBUG - 自動保存已禁用，跳過配置保存
2025-08-18 15:22:12,452 - VALO360 - DEBUG - 自動保存已禁用，跳過配置保存
2025-08-18 15:22:12,452 - VALO360 - DEBUG - 自動保存已禁用，跳過配置保存
2025-08-18 15:22:12,452 - VALO360 - DEBUG - 自動保存已禁用，跳過配置保存
2025-08-18 15:22:12,452 - VALO360 - DEBUG - 自動保存已禁用，跳過配置保存
2025-08-18 15:22:12,452 - VALO360 - DEBUG - 自動保存已禁用，跳過配置保存
2025-08-18 15:22:12,452 - VALO360 - DEBUG - 自動保存已禁用，跳過配置保存
2025-08-18 15:22:12,452 - VALO360 - DEBUG - 自動保存已禁用，跳過配置保存
2025-08-18 15:22:12,462 - VALO360 - DEBUG - 自動保存已禁用，跳過配置保存
2025-08-18 15:22:12,462 - VALO360 - DEBUG - 自動保存已禁用，跳過配置保存
2025-08-18 15:22:12,462 - VALO360 - DEBUG - 自動保存已禁用，跳過配置保存
2025-08-18 15:22:12,462 - VALO360 - DEBUG - 自動保存已禁用，跳過配置保存
2025-08-18 15:22:12,462 - VALO360 - DEBUG - 自動保存已禁用，跳過配置保存
2025-08-18 15:22:12,462 - VALO360 - DEBUG - 自動保存已禁用，跳過配置保存
2025-08-18 15:22:12,462 - VALO360 - DEBUG - 自動保存已禁用，跳過配置保存
2025-08-18 15:22:12,462 - VALO360 - DEBUG - 自動保存已禁用，跳過配置保存
2025-08-18 15:22:12,462 - VALO360 - DEBUG - 自動保存已禁用，跳過配置保存
2025-08-18 15:22:12,462 - VALO360 - DEBUG - 自動保存已禁用，跳過配置保存
2025-08-18 15:22:12,468 - VALO360 - DEBUG - 自動保存已禁用，跳過配置保存
2025-08-18 15:22:12,468 - VALO360 - DEBUG - 自動保存已禁用，跳過配置保存
2025-08-18 15:22:12,468 - VALO360 - DEBUG - 自動保存已禁用，跳過配置保存
2025-08-18 15:22:12,468 - VALO360 - DEBUG - 自動保存已禁用，跳過配置保存
2025-08-18 15:22:12,468 - VALO360 - DEBUG - 自動保存已禁用，跳過配置保存
2025-08-18 15:22:12,472 - VALO360 - DEBUG - 自動保存已禁用，跳過配置保存
2025-08-18 15:22:12,473 - VALO360 - DEBUG - 自動保存已禁用，跳過配置保存
2025-08-18 15:22:12,473 - VALO360 - DEBUG - 自動保存已禁用，跳過配置保存
2025-08-18 15:22:12,473 - VALO360 - DEBUG - 自動保存已禁用，跳過配置保存
2025-08-18 15:22:12,473 - VALO360 - DEBUG - 自動保存已禁用，跳過配置保存
2025-08-18 15:22:12,473 - VALO360 - DEBUG - 自動保存已禁用，跳過配置保存
2025-08-18 15:22:12,473 - VALO360 - DEBUG - 自動保存已禁用，跳過配置保存
2025-08-18 15:22:12,473 - VALO360 - DEBUG - 自動保存已禁用，跳過配置保存
2025-08-18 15:22:12,473 - VALO360 - DEBUG - 自動保存已禁用，跳過配置保存
2025-08-18 15:22:12,479 - VALO360 - DEBUG - 自動保存已禁用，跳過配置保存
2025-08-18 15:22:12,479 - VALO360 - DEBUG - 自動保存已禁用，跳過配置保存
2025-08-18 15:22:12,479 - VALO360 - DEBUG - 自動保存已禁用，跳過配置保存
2025-08-18 15:22:12,482 - VALO360 - DEBUG - 自動保存已禁用，跳過配置保存
2025-08-18 15:22:12,693 - VALO360 - DEBUG - 找到 4 個COM口: ['COM9 - AT PORT', 'COM8 - NMEA PORT', 'COM7 - DM PORT', 'COM3']
2025-08-18 15:22:12,739 - VALO360 - DEBUG - 自動保存已禁用，跳過配置保存
2025-08-18 15:22:12,739 - VALO360 - DEBUG - 自動保存已禁用，跳過配置保存
2025-08-18 15:22:12,739 - VALO360 - DEBUG - 自動保存已禁用，跳過配置保存
2025-08-18 15:22:12,740 - VALO360 - DEBUG - 自動保存已禁用，跳過配置保存
2025-08-18 15:22:12,741 - VALO360 - DEBUG - 自動保存已禁用，跳過配置保存
2025-08-18 15:22:12,743 - VALO360 - DEBUG - 自動保存已禁用，跳過配置保存
2025-08-18 15:22:12,743 - VALO360 - DEBUG - 自動保存已禁用，跳過配置保存
2025-08-18 15:22:12,743 - VALO360 - DEBUG - 自動保存已禁用，跳過配置保存
2025-08-18 15:22:12,747 - VALO360 - DEBUG - 自動保存已禁用，跳過配置保存
2025-08-18 15:22:12,748 - VALO360 - DEBUG - 自動保存已禁用，跳過配置保存
2025-08-18 15:22:12,748 - VALO360 - DEBUG - 自動保存已禁用，跳過配置保存
2025-08-18 15:22:12,748 - VALO360 - DEBUG - 自動保存已禁用，跳過配置保存
2025-08-18 15:22:12,782 - VALO360 - DEBUG - 自動保存已禁用，跳過配置保存
2025-08-18 15:22:12,783 - VALO360 - DEBUG - 自動保存已禁用，跳過配置保存
2025-08-18 15:22:12,784 - VALO360 - DEBUG - 自動保存已禁用，跳過配置保存
2025-08-18 15:22:12,784 - VALO360 - DEBUG - 自動保存已禁用，跳過配置保存
2025-08-18 15:22:12,789 - VALO360 - DEBUG - 自動保存已禁用，跳過配置保存
2025-08-18 15:22:12,789 - VALO360 - DEBUG - 自動保存已禁用，跳過配置保存
2025-08-18 15:22:12,790 - VALO360 - DEBUG - 自動保存已禁用，跳過配置保存
2025-08-18 15:22:12,790 - VALO360 - DEBUG - 自動保存已禁用，跳過配置保存
2025-08-18 15:22:15,101 - VALO360 - DEBUG - 自動保存已禁用，跳過配置保存
2025-08-18 15:22:15,101 - VALO360 - DEBUG - 自動保存已禁用，跳過配置保存
2025-08-18 15:22:15,101 - VALO360 - DEBUG - 自動保存已禁用，跳過配置保存
2025-08-18 15:22:15,103 - VALO360 - DEBUG - 自動保存已禁用，跳過配置保存
2025-08-18 15:22:15,103 - VALO360 - DEBUG - 自動保存已禁用，跳過配置保存
2025-08-18 15:22:15,103 - VALO360 - DEBUG - 自動保存已禁用，跳過配置保存
2025-08-18 15:22:15,103 - VALO360 - DEBUG - 自動保存已禁用，跳過配置保存
2025-08-18 15:22:15,103 - VALO360 - DEBUG - 自動保存已禁用，跳過配置保存
2025-08-18 15:22:15,108 - VALO360 - DEBUG - 自動保存已禁用，跳過配置保存
2025-08-18 15:22:15,108 - VALO360 - DEBUG - 自動保存已禁用，跳過配置保存
2025-08-18 15:22:15,108 - VALO360 - DEBUG - 自動保存已禁用，跳過配置保存
2025-08-18 15:22:15,108 - VALO360 - DEBUG - 自動保存已禁用，跳過配置保存
2025-08-18 15:22:20,463 - VALO360 - DEBUG - SerialWorker 初始化: COM=COM3, 指令數=1, 超時=30s
2025-08-18 15:22:20,463 - VALO360 - INFO - 開始執行序列埠任務: COM3
2025-08-18 15:22:20,471 - VALO360 - DEBUG - 自動保存已禁用，跳過配置保存
2025-08-18 15:22:20,474 - VALO360 - DEBUG - 自動保存已禁用，跳過配置保存
2025-08-18 15:22:20,474 - VALO360 - DEBUG - 自動保存已禁用，跳過配置保存
2025-08-18 15:22:20,474 - VALO360 - DEBUG - 自動保存已禁用，跳過配置保存
2025-08-18 15:22:20,482 - VALO360 - DEBUG - 自動保存已禁用，跳過配置保存
2025-08-18 15:22:20,482 - VALO360 - DEBUG - 自動保存已禁用，跳過配置保存
2025-08-18 15:22:20,482 - VALO360 - DEBUG - 自動保存已禁用，跳過配置保存
2025-08-18 15:22:20,482 - VALO360 - DEBUG - 自動保存已禁用，跳過配置保存
2025-08-18 15:22:20,482 - VALO360 - DEBUG - 自動保存已禁用，跳過配置保存
2025-08-18 15:22:20,482 - VALO360 - DEBUG - 自動保存已禁用，跳過配置保存
2025-08-18 15:22:20,482 - VALO360 - DEBUG - 自動保存已禁用，跳過配置保存
2025-08-18 15:22:20,482 - VALO360 - DEBUG - 自動保存已禁用，跳過配置保存
2025-08-18 15:22:20,482 - VALO360 - DEBUG - 自動保存已禁用，跳過配置保存
2025-08-18 15:22:20,482 - VALO360 - DEBUG - 自動保存已禁用，跳過配置保存
2025-08-18 15:22:20,482 - VALO360 - DEBUG - 自動保存已禁用，跳過配置保存
2025-08-18 15:22:20,482 - VALO360 - DEBUG - 自動保存已禁用，跳過配置保存
2025-08-18 15:22:20,492 - VALO360 - DEBUG - 自動保存已禁用，跳過配置保存
2025-08-18 15:22:20,492 - VALO360 - DEBUG - 自動保存已禁用，跳過配置保存
2025-08-18 15:22:20,492 - VALO360 - DEBUG - 自動保存已禁用，跳過配置保存
2025-08-18 15:22:20,492 - VALO360 - DEBUG - 自動保存已禁用，跳過配置保存
2025-08-18 15:22:20,496 - VALO360 - DEBUG - 自動保存已禁用，跳過配置保存
2025-08-18 15:22:20,496 - VALO360 - DEBUG - 自動保存已禁用，跳過配置保存
2025-08-18 15:22:20,496 - VALO360 - DEBUG - 自動保存已禁用，跳過配置保存
2025-08-18 15:22:20,498 - VALO360 - DEBUG - 自動保存已禁用，跳過配置保存
2025-08-18 15:22:20,506 - VALO360 - DEBUG - 自動保存已禁用，跳過配置保存
2025-08-18 15:22:20,506 - VALO360 - DEBUG - 自動保存已禁用，跳過配置保存
2025-08-18 15:22:20,506 - VALO360 - DEBUG - 自動保存已禁用，跳過配置保存
2025-08-18 15:22:20,506 - VALO360 - DEBUG - 自動保存已禁用，跳過配置保存
2025-08-18 15:22:21,728 - VALO360 - DEBUG - 簡單關閉 COM 口 COM3
2025-08-18 15:22:21,728 - VALO360 - DEBUG - SerialWorker 執行完成
2025-08-18 15:22:21,728 - VALO360 - WARNING - 函數 SerialWorker.run 執行時間過長: 1.266秒
2025-08-18 15:22:21,728 - VALO360 - DEBUG - 自動保存已禁用，跳過配置保存
2025-08-18 15:22:21,728 - VALO360 - DEBUG - 自動保存已禁用，跳過配置保存
2025-08-18 15:22:21,728 - VALO360 - DEBUG - 自動保存已禁用，跳過配置保存
2025-08-18 15:22:21,728 - VALO360 - DEBUG - 自動保存已禁用，跳過配置保存
2025-08-18 15:22:21,728 - VALO360 - DEBUG - 自動保存已禁用，跳過配置保存
2025-08-18 15:22:21,728 - VALO360 - DEBUG - 自動保存已禁用，跳過配置保存
2025-08-18 15:22:21,728 - VALO360 - DEBUG - 自動保存已禁用，跳過配置保存
2025-08-18 15:22:21,738 - VALO360 - DEBUG - 自動保存已禁用，跳過配置保存
2025-08-18 15:22:21,738 - VALO360 - DEBUG - 自動保存已禁用，跳過配置保存
2025-08-18 15:22:21,738 - VALO360 - DEBUG - 自動保存已禁用，跳過配置保存
2025-08-18 15:22:21,738 - VALO360 - DEBUG - 自動保存已禁用，跳過配置保存
2025-08-18 15:22:21,738 - VALO360 - DEBUG - 自動保存已禁用，跳過配置保存
2025-08-18 15:22:21,738 - VALO360 - DEBUG - 自動保存已禁用，跳過配置保存
2025-08-18 15:22:21,738 - VALO360 - DEBUG - 自動保存已禁用，跳過配置保存
2025-08-18 15:22:21,738 - VALO360 - DEBUG - 自動保存已禁用，跳過配置保存
2025-08-18 15:22:21,738 - VALO360 - DEBUG - 自動保存已禁用，跳過配置保存
2025-08-18 15:22:21,738 - VALO360 - DEBUG - 自動保存已禁用，跳過配置保存
2025-08-18 15:22:21,744 - VALO360 - DEBUG - 自動保存已禁用，跳過配置保存
2025-08-18 15:22:21,744 - VALO360 - DEBUG - 自動保存已禁用，跳過配置保存
2025-08-18 15:22:21,746 - VALO360 - DEBUG - 自動保存已禁用，跳過配置保存
2025-08-18 15:22:21,751 - VALO360 - DEBUG - 自動保存已禁用，跳過配置保存
2025-08-18 15:22:21,751 - VALO360 - DEBUG - 自動保存已禁用，跳過配置保存
2025-08-18 15:22:21,751 - VALO360 - DEBUG - 自動保存已禁用，跳過配置保存
2025-08-18 15:22:21,751 - VALO360 - DEBUG - 自動保存已禁用，跳過配置保存
2025-08-18 15:22:26,549 - VALO360 - DEBUG - ADBWorker 初始化: 指令數=1, 超時=30s
2025-08-18 15:22:26,549 - VALO360 - INFO - 開始執行 ADB 任務
2025-08-18 15:22:26,564 - VALO360 - DEBUG - 自動保存已禁用，跳過配置保存
2025-08-18 15:22:26,564 - VALO360 - DEBUG - 自動保存已禁用，跳過配置保存
2025-08-18 15:22:26,564 - VALO360 - DEBUG - 自動保存已禁用，跳過配置保存
2025-08-18 15:22:26,564 - VALO360 - DEBUG - 自動保存已禁用，跳過配置保存
2025-08-18 15:22:26,567 - VALO360 - DEBUG - 自動保存已禁用，跳過配置保存
2025-08-18 15:22:26,568 - VALO360 - DEBUG - 自動保存已禁用，跳過配置保存
2025-08-18 15:22:26,568 - VALO360 - DEBUG - 自動保存已禁用，跳過配置保存
2025-08-18 15:22:26,568 - VALO360 - DEBUG - 自動保存已禁用，跳過配置保存
2025-08-18 15:22:26,570 - VALO360 - DEBUG - 自動保存已禁用，跳過配置保存
2025-08-18 15:22:26,570 - VALO360 - DEBUG - 自動保存已禁用，跳過配置保存
2025-08-18 15:22:26,570 - VALO360 - DEBUG - 自動保存已禁用，跳過配置保存
2025-08-18 15:22:26,572 - VALO360 - DEBUG - 自動保存已禁用，跳過配置保存
2025-08-18 15:22:26,572 - VALO360 - DEBUG - 自動保存已禁用，跳過配置保存
2025-08-18 15:22:26,574 - VALO360 - DEBUG - 自動保存已禁用，跳過配置保存
2025-08-18 15:22:26,574 - VALO360 - DEBUG - 自動保存已禁用，跳過配置保存
2025-08-18 15:22:26,574 - VALO360 - DEBUG - 自動保存已禁用，跳過配置保存
2025-08-18 15:22:26,576 - VALO360 - DEBUG - 自動保存已禁用，跳過配置保存
2025-08-18 15:22:26,576 - VALO360 - DEBUG - 自動保存已禁用，跳過配置保存
2025-08-18 15:22:26,576 - VALO360 - DEBUG - 自動保存已禁用，跳過配置保存
2025-08-18 15:22:26,576 - VALO360 - DEBUG - 自動保存已禁用，跳過配置保存
2025-08-18 15:22:26,590 - VALO360 - DEBUG - 自動保存已禁用，跳過配置保存
2025-08-18 15:22:26,592 - VALO360 - DEBUG - 自動保存已禁用，跳過配置保存
2025-08-18 15:22:26,592 - VALO360 - DEBUG - 自動保存已禁用，跳過配置保存
2025-08-18 15:22:26,592 - VALO360 - DEBUG - 自動保存已禁用，跳過配置保存
2025-08-18 15:22:26,718 - VALO360 - DEBUG - ADBWorker 執行完成
2025-08-18 15:22:26,725 - VALO360 - DEBUG - 自動保存已禁用，跳過配置保存
2025-08-18 15:22:26,725 - VALO360 - DEBUG - 自動保存已禁用，跳過配置保存
2025-08-18 15:22:26,725 - VALO360 - DEBUG - 自動保存已禁用，跳過配置保存
2025-08-18 15:22:26,725 - VALO360 - DEBUG - 自動保存已禁用，跳過配置保存
2025-08-18 15:22:26,725 - VALO360 - DEBUG - 自動保存已禁用，跳過配置保存
2025-08-18 15:22:26,725 - VALO360 - DEBUG - 自動保存已禁用，跳過配置保存
2025-08-18 15:22:26,725 - VALO360 - DEBUG - 自動保存已禁用，跳過配置保存
2025-08-18 15:22:26,731 - VALO360 - DEBUG - 自動保存已禁用，跳過配置保存
2025-08-18 15:22:26,731 - VALO360 - DEBUG - 自動保存已禁用，跳過配置保存
2025-08-18 15:22:26,731 - VALO360 - DEBUG - 自動保存已禁用，跳過配置保存
2025-08-18 15:22:26,731 - VALO360 - DEBUG - 自動保存已禁用，跳過配置保存
2025-08-18 15:22:26,731 - VALO360 - DEBUG - 自動保存已禁用，跳過配置保存
2025-08-18 15:22:26,731 - VALO360 - DEBUG - 自動保存已禁用，跳過配置保存
2025-08-18 15:22:26,731 - VALO360 - DEBUG - 自動保存已禁用，跳過配置保存
2025-08-18 15:22:26,731 - VALO360 - DEBUG - 自動保存已禁用，跳過配置保存
2025-08-18 15:22:26,731 - VALO360 - DEBUG - 自動保存已禁用，跳過配置保存
2025-08-18 15:22:26,738 - VALO360 - DEBUG - 自動保存已禁用，跳過配置保存
2025-08-18 15:22:26,738 - VALO360 - DEBUG - 自動保存已禁用，跳過配置保存
2025-08-18 15:22:26,740 - VALO360 - DEBUG - 自動保存已禁用，跳過配置保存
2025-08-18 15:22:26,740 - VALO360 - DEBUG - 自動保存已禁用，跳過配置保存
2025-08-18 15:22:26,753 - VALO360 - DEBUG - 自動保存已禁用，跳過配置保存
2025-08-18 15:22:26,753 - VALO360 - DEBUG - 自動保存已禁用，跳過配置保存
2025-08-18 15:22:26,753 - VALO360 - DEBUG - 自動保存已禁用，跳過配置保存
2025-08-18 15:22:26,753 - VALO360 - DEBUG - 自動保存已禁用，跳過配置保存
2025-08-18 15:22:31,662 - VALO360 - DEBUG - ADBWorker 初始化: 指令數=1, 超時=30s
2025-08-18 15:22:31,662 - VALO360 - INFO - 開始執行 ADB 任務
2025-08-18 15:22:31,689 - VALO360 - DEBUG - 自動保存已禁用，跳過配置保存
2025-08-18 15:22:31,691 - VALO360 - DEBUG - 自動保存已禁用，跳過配置保存
2025-08-18 15:22:31,691 - VALO360 - DEBUG - 自動保存已禁用，跳過配置保存
2025-08-18 15:22:31,691 - VALO360 - DEBUG - 自動保存已禁用，跳過配置保存
2025-08-18 15:22:31,691 - VALO360 - DEBUG - 自動保存已禁用，跳過配置保存
2025-08-18 15:22:31,691 - VALO360 - DEBUG - 自動保存已禁用，跳過配置保存
2025-08-18 15:22:31,694 - VALO360 - DEBUG - 自動保存已禁用，跳過配置保存
2025-08-18 15:22:31,694 - VALO360 - DEBUG - 自動保存已禁用，跳過配置保存
2025-08-18 15:22:31,694 - VALO360 - DEBUG - 自動保存已禁用，跳過配置保存
2025-08-18 15:22:31,694 - VALO360 - DEBUG - 自動保存已禁用，跳過配置保存
2025-08-18 15:22:31,694 - VALO360 - DEBUG - 自動保存已禁用，跳過配置保存
2025-08-18 15:22:31,694 - VALO360 - DEBUG - 自動保存已禁用，跳過配置保存
2025-08-18 15:22:31,698 - VALO360 - DEBUG - 自動保存已禁用，跳過配置保存
2025-08-18 15:22:31,699 - VALO360 - DEBUG - 自動保存已禁用，跳過配置保存
2025-08-18 15:22:31,699 - VALO360 - DEBUG - 自動保存已禁用，跳過配置保存
2025-08-18 15:22:31,699 - VALO360 - DEBUG - 自動保存已禁用，跳過配置保存
2025-08-18 15:22:31,701 - VALO360 - DEBUG - 自動保存已禁用，跳過配置保存
2025-08-18 15:22:31,701 - VALO360 - DEBUG - 自動保存已禁用，跳過配置保存
2025-08-18 15:22:31,701 - VALO360 - DEBUG - 自動保存已禁用，跳過配置保存
2025-08-18 15:22:31,703 - VALO360 - DEBUG - 自動保存已禁用，跳過配置保存
2025-08-18 15:22:31,716 - VALO360 - DEBUG - 自動保存已禁用，跳過配置保存
2025-08-18 15:22:31,719 - VALO360 - DEBUG - 自動保存已禁用，跳過配置保存
2025-08-18 15:22:31,720 - VALO360 - DEBUG - 自動保存已禁用，跳過配置保存
2025-08-18 15:22:31,720 - VALO360 - DEBUG - 自動保存已禁用，跳過配置保存
2025-08-18 15:22:31,835 - VALO360 - DEBUG - ADBWorker 執行完成
2025-08-18 15:22:31,835 - VALO360 - DEBUG - 自動保存已禁用，跳過配置保存
2025-08-18 15:22:31,835 - VALO360 - DEBUG - 自動保存已禁用，跳過配置保存
2025-08-18 15:22:31,835 - VALO360 - DEBUG - 自動保存已禁用，跳過配置保存
2025-08-18 15:22:31,835 - VALO360 - DEBUG - 自動保存已禁用，跳過配置保存
2025-08-18 15:22:31,846 - VALO360 - DEBUG - 自動保存已禁用，跳過配置保存
2025-08-18 15:22:31,846 - VALO360 - DEBUG - 自動保存已禁用，跳過配置保存
2025-08-18 15:22:31,846 - VALO360 - DEBUG - 自動保存已禁用，跳過配置保存
2025-08-18 15:22:31,846 - VALO360 - DEBUG - 自動保存已禁用，跳過配置保存
2025-08-18 15:22:31,846 - VALO360 - DEBUG - 自動保存已禁用，跳過配置保存
2025-08-18 15:22:31,846 - VALO360 - DEBUG - 自動保存已禁用，跳過配置保存
2025-08-18 15:22:31,846 - VALO360 - DEBUG - 自動保存已禁用，跳過配置保存
2025-08-18 15:22:31,846 - VALO360 - DEBUG - 自動保存已禁用，跳過配置保存
2025-08-18 15:22:31,846 - VALO360 - DEBUG - 自動保存已禁用，跳過配置保存
2025-08-18 15:22:31,846 - VALO360 - DEBUG - 自動保存已禁用，跳過配置保存
2025-08-18 15:22:31,846 - VALO360 - DEBUG - 自動保存已禁用，跳過配置保存
2025-08-18 15:22:31,846 - VALO360 - DEBUG - 自動保存已禁用，跳過配置保存
2025-08-18 15:22:31,855 - VALO360 - DEBUG - 自動保存已禁用，跳過配置保存
2025-08-18 15:22:31,855 - VALO360 - DEBUG - 自動保存已禁用，跳過配置保存
2025-08-18 15:22:31,855 - VALO360 - DEBUG - 自動保存已禁用，跳過配置保存
2025-08-18 15:22:31,855 - VALO360 - DEBUG - 自動保存已禁用，跳過配置保存
2025-08-18 15:22:31,865 - VALO360 - DEBUG - 自動保存已禁用，跳過配置保存
2025-08-18 15:22:31,865 - VALO360 - DEBUG - 自動保存已禁用，跳過配置保存
2025-08-18 15:22:31,865 - VALO360 - DEBUG - 自動保存已禁用，跳過配置保存
2025-08-18 15:22:31,865 - VALO360 - DEBUG - 自動保存已禁用，跳過配置保存
2025-08-18 15:22:35,005 - VALO360 - DEBUG - ADBWorker 初始化: 指令數=3, 超時=30s
2025-08-18 15:22:35,005 - VALO360 - INFO - 開始執行 ADB 任務
2025-08-18 15:22:35,023 - VALO360 - DEBUG - 自動保存已禁用，跳過配置保存
2025-08-18 15:22:35,023 - VALO360 - DEBUG - 自動保存已禁用，跳過配置保存
2025-08-18 15:22:35,025 - VALO360 - DEBUG - 自動保存已禁用，跳過配置保存
2025-08-18 15:22:35,025 - VALO360 - DEBUG - 自動保存已禁用，跳過配置保存
2025-08-18 15:22:35,025 - VALO360 - DEBUG - 自動保存已禁用，跳過配置保存
2025-08-18 15:22:35,025 - VALO360 - DEBUG - 自動保存已禁用，跳過配置保存
2025-08-18 15:22:35,025 - VALO360 - DEBUG - 自動保存已禁用，跳過配置保存
2025-08-18 15:22:35,025 - VALO360 - DEBUG - 自動保存已禁用，跳過配置保存
2025-08-18 15:22:35,025 - VALO360 - DEBUG - 自動保存已禁用，跳過配置保存
2025-08-18 15:22:35,025 - VALO360 - DEBUG - 自動保存已禁用，跳過配置保存
2025-08-18 15:22:35,025 - VALO360 - DEBUG - 自動保存已禁用，跳過配置保存
2025-08-18 15:22:35,025 - VALO360 - DEBUG - 自動保存已禁用，跳過配置保存
2025-08-18 15:22:35,025 - VALO360 - DEBUG - 自動保存已禁用，跳過配置保存
2025-08-18 15:22:35,025 - VALO360 - DEBUG - 自動保存已禁用，跳過配置保存
2025-08-18 15:22:35,025 - VALO360 - DEBUG - 自動保存已禁用，跳過配置保存
2025-08-18 15:22:35,025 - VALO360 - DEBUG - 自動保存已禁用，跳過配置保存
2025-08-18 15:22:35,037 - VALO360 - DEBUG - 自動保存已禁用，跳過配置保存
2025-08-18 15:22:35,037 - VALO360 - DEBUG - 自動保存已禁用，跳過配置保存
2025-08-18 15:22:35,037 - VALO360 - DEBUG - 自動保存已禁用，跳過配置保存
2025-08-18 15:22:35,037 - VALO360 - DEBUG - 自動保存已禁用，跳過配置保存
2025-08-18 15:22:35,060 - VALO360 - DEBUG - 自動保存已禁用，跳過配置保存
2025-08-18 15:22:35,060 - VALO360 - DEBUG - 自動保存已禁用，跳過配置保存
2025-08-18 15:22:35,060 - VALO360 - DEBUG - 自動保存已禁用，跳過配置保存
2025-08-18 15:22:35,060 - VALO360 - DEBUG - 自動保存已禁用，跳過配置保存
2025-08-18 15:22:37,377 - VALO360 - DEBUG - ADBWorker 執行完成
2025-08-18 15:22:37,377 - VALO360 - WARNING - 函數 ADBWorker.run 執行時間過長: 2.372秒
2025-08-18 15:22:37,388 - VALO360 - DEBUG - 自動保存已禁用，跳過配置保存
2025-08-18 15:22:37,388 - VALO360 - DEBUG - 自動保存已禁用，跳過配置保存
2025-08-18 15:22:37,388 - VALO360 - DEBUG - 自動保存已禁用，跳過配置保存
2025-08-18 15:22:37,388 - VALO360 - DEBUG - 自動保存已禁用，跳過配置保存
2025-08-18 15:22:37,388 - VALO360 - DEBUG - 自動保存已禁用，跳過配置保存
2025-08-18 15:22:37,388 - VALO360 - DEBUG - 自動保存已禁用，跳過配置保存
2025-08-18 15:22:37,388 - VALO360 - DEBUG - 自動保存已禁用，跳過配置保存
2025-08-18 15:22:37,388 - VALO360 - DEBUG - 自動保存已禁用，跳過配置保存
2025-08-18 15:22:37,388 - VALO360 - DEBUG - 自動保存已禁用，跳過配置保存
2025-08-18 15:22:37,388 - VALO360 - DEBUG - 自動保存已禁用，跳過配置保存
2025-08-18 15:22:37,388 - VALO360 - DEBUG - 自動保存已禁用，跳過配置保存
2025-08-18 15:22:37,388 - VALO360 - DEBUG - 自動保存已禁用，跳過配置保存
2025-08-18 15:22:37,398 - VALO360 - DEBUG - 自動保存已禁用，跳過配置保存
2025-08-18 15:22:37,398 - VALO360 - DEBUG - 自動保存已禁用，跳過配置保存
2025-08-18 15:22:37,398 - VALO360 - DEBUG - 自動保存已禁用，跳過配置保存
2025-08-18 15:22:37,398 - VALO360 - DEBUG - 自動保存已禁用，跳過配置保存
2025-08-18 15:22:37,398 - VALO360 - DEBUG - 自動保存已禁用，跳過配置保存
2025-08-18 15:22:37,398 - VALO360 - DEBUG - 自動保存已禁用，跳過配置保存
2025-08-18 15:22:37,398 - VALO360 - DEBUG - 自動保存已禁用，跳過配置保存
2025-08-18 15:22:37,398 - VALO360 - DEBUG - 自動保存已禁用，跳過配置保存
2025-08-18 15:22:37,418 - VALO360 - DEBUG - 自動保存已禁用，跳過配置保存
2025-08-18 15:22:37,418 - VALO360 - DEBUG - 自動保存已禁用，跳過配置保存
2025-08-18 15:22:37,418 - VALO360 - DEBUG - 自動保存已禁用，跳過配置保存
2025-08-18 15:22:37,418 - VALO360 - DEBUG - 自動保存已禁用，跳過配置保存
2025-08-18 15:22:43,505 - VALO360 - DEBUG - ADBWorker 初始化: 指令數=1, 超時=30s
2025-08-18 15:22:43,508 - VALO360 - INFO - 開始執行 ADB 任務
2025-08-18 15:22:43,529 - VALO360 - DEBUG - 自動保存已禁用，跳過配置保存
2025-08-18 15:22:43,529 - VALO360 - DEBUG - 自動保存已禁用，跳過配置保存
2025-08-18 15:22:43,532 - VALO360 - DEBUG - 自動保存已禁用，跳過配置保存
2025-08-18 15:22:43,532 - VALO360 - DEBUG - 自動保存已禁用，跳過配置保存
2025-08-18 15:22:43,536 - VALO360 - DEBUG - 自動保存已禁用，跳過配置保存
2025-08-18 15:22:43,537 - VALO360 - DEBUG - 自動保存已禁用，跳過配置保存
2025-08-18 15:22:43,537 - VALO360 - DEBUG - 自動保存已禁用，跳過配置保存
2025-08-18 15:22:43,537 - VALO360 - DEBUG - 自動保存已禁用，跳過配置保存
2025-08-18 15:22:43,537 - VALO360 - DEBUG - 自動保存已禁用，跳過配置保存
2025-08-18 15:22:43,537 - VALO360 - DEBUG - 自動保存已禁用，跳過配置保存
2025-08-18 15:22:43,537 - VALO360 - DEBUG - 自動保存已禁用，跳過配置保存
2025-08-18 15:22:43,537 - VALO360 - DEBUG - 自動保存已禁用，跳過配置保存
2025-08-18 15:22:43,537 - VALO360 - DEBUG - 自動保存已禁用，跳過配置保存
2025-08-18 15:22:43,537 - VALO360 - DEBUG - 自動保存已禁用，跳過配置保存
2025-08-18 15:22:43,537 - VALO360 - DEBUG - 自動保存已禁用，跳過配置保存
2025-08-18 15:22:43,543 - VALO360 - DEBUG - 自動保存已禁用，跳過配置保存
2025-08-18 15:22:43,543 - VALO360 - DEBUG - 自動保存已禁用，跳過配置保存
2025-08-18 15:22:43,543 - VALO360 - DEBUG - 自動保存已禁用，跳過配置保存
2025-08-18 15:22:43,546 - VALO360 - DEBUG - 自動保存已禁用，跳過配置保存
2025-08-18 15:22:43,546 - VALO360 - DEBUG - 自動保存已禁用，跳過配置保存
2025-08-18 15:22:43,557 - VALO360 - DEBUG - 自動保存已禁用，跳過配置保存
2025-08-18 15:22:43,557 - VALO360 - DEBUG - 自動保存已禁用，跳過配置保存
2025-08-18 15:22:43,557 - VALO360 - DEBUG - 自動保存已禁用，跳過配置保存
2025-08-18 15:22:43,557 - VALO360 - DEBUG - 自動保存已禁用，跳過配置保存
2025-08-18 15:22:43,652 - VALO360 - DEBUG - ADBWorker 執行完成
2025-08-18 15:22:43,659 - VALO360 - DEBUG - 自動保存已禁用，跳過配置保存
2025-08-18 15:22:43,663 - VALO360 - DEBUG - 自動保存已禁用，跳過配置保存
2025-08-18 15:22:43,663 - VALO360 - DEBUG - 自動保存已禁用，跳過配置保存
2025-08-18 15:22:43,663 - VALO360 - DEBUG - 自動保存已禁用，跳過配置保存
2025-08-18 15:22:43,663 - VALO360 - DEBUG - 自動保存已禁用，跳過配置保存
2025-08-18 15:22:43,663 - VALO360 - DEBUG - 自動保存已禁用，跳過配置保存
2025-08-18 15:22:43,663 - VALO360 - DEBUG - 自動保存已禁用，跳過配置保存
2025-08-18 15:22:43,663 - VALO360 - DEBUG - 自動保存已禁用，跳過配置保存
2025-08-18 15:22:43,663 - VALO360 - DEBUG - 自動保存已禁用，跳過配置保存
2025-08-18 15:22:43,663 - VALO360 - DEBUG - 自動保存已禁用，跳過配置保存
2025-08-18 15:22:43,663 - VALO360 - DEBUG - 自動保存已禁用，跳過配置保存
2025-08-18 15:22:43,669 - VALO360 - DEBUG - 自動保存已禁用，跳過配置保存
2025-08-18 15:22:43,669 - VALO360 - DEBUG - 自動保存已禁用，跳過配置保存
2025-08-18 15:22:43,672 - VALO360 - DEBUG - 自動保存已禁用，跳過配置保存
2025-08-18 15:22:43,672 - VALO360 - DEBUG - 自動保存已禁用，跳過配置保存
2025-08-18 15:22:43,672 - VALO360 - DEBUG - 自動保存已禁用，跳過配置保存
2025-08-18 15:22:43,672 - VALO360 - DEBUG - 自動保存已禁用，跳過配置保存
2025-08-18 15:22:43,672 - VALO360 - DEBUG - 自動保存已禁用，跳過配置保存
2025-08-18 15:22:43,675 - VALO360 - DEBUG - 自動保存已禁用，跳過配置保存
2025-08-18 15:22:43,675 - VALO360 - DEBUG - 自動保存已禁用，跳過配置保存
2025-08-18 15:22:43,682 - VALO360 - DEBUG - 自動保存已禁用，跳過配置保存
2025-08-18 15:22:43,682 - VALO360 - DEBUG - 自動保存已禁用，跳過配置保存
2025-08-18 15:22:43,690 - VALO360 - DEBUG - 自動保存已禁用，跳過配置保存
2025-08-18 15:22:43,690 - VALO360 - DEBUG - 自動保存已禁用，跳過配置保存
2025-08-18 15:22:47,350 - VALO360 - DEBUG - 配置已備份至: backup\setup_backup_20250818_152247.json
2025-08-18 15:22:47,353 - VALO360 - DEBUG - 已刪除舊備份: backup\setup_backup_20250817_123946.json
2025-08-18 15:22:47,353 - VALO360 - DEBUG - 配置保存成功
2025-08-18 15:22:47,359 - VALO360 - DEBUG - 配置已備份至: backup\setup_backup_20250818_152247.json
2025-08-18 15:22:47,359 - VALO360 - DEBUG - 配置保存成功
2025-08-18 15:22:47,359 - VALO360 - DEBUG - 自動保存已禁用，跳過配置保存
2025-08-18 15:22:47,359 - VALO360 - INFO - 程式關閉時已保存所有待保存的設定
2025-08-18 15:22:47,369 - VALO360 - INFO - 程式正常關閉
2025-08-18 15:22:47,482 - VALO360 - INFO - 資源清理完成
2025-08-18 15:22:47,482 - VALO360 - INFO - 應用程式資源清理完成
